# /gazebo_leg_forces_components/recceipt_time, /gazebo_leg_forces_components/reaction_forces/0/wrench/force/z, /foot_contacts/recceipt_time, /foot_contacts/contacts/0, /gazebo_leg_forces_components/recceipt_time, /gazebo_leg_forces_components/reaction_forces/1/wrench/force/z, /foot_contacts/recceipt_time, /foot_contacts/contacts/1, /gazebo_leg_forces_components/recceipt_time, /gazebo_leg_forces_components/reaction_forces/2/wrench/force/z, /foot_contacts/recceipt_time, /foot_contacts/contacts/2, /gazebo_leg_forces_components/recceipt_time, /gazebo_leg_forces_components/reaction_forces/3/wrench/force/z, /foot_contacts/recceipt_time, /foot_contacts/contacts/3
3435.8609999999998763, 61.169062180276384311, 3435.8589999999999236, 1, 3435.8609999999998763, 60.172505301817771795, 3435.8589999999999236, 1, 3435.8609999999998763, 42.584167701693182551, 3435.8589999999999236, 1, 3435.8609999999998763, 40.859067269619700369, 3435.8589999999999236, 1
3435.8609999999998763, 61.169062904681538839, 3435.8670000000001892, 1, 3435.8609999999998763, 60.172508631934526591, 3435.8670000000001892, 1, 3435.8609999999998763, 42.584168114293916574, 3435.8670000000001892, 1, 3435.8609999999998763, 40.859064961731817789, 3435.8670000000001892, 1
3435.8710000000000946, 61.208607273175822172, 3435.8690000000001419, 1, 3435.8710000000000946, 60.233450855189730078, 3435.8690000000001419, 1, 3435.8710000000000946, 42.619892703515510846, 3435.8690000000001419, 1, 3435.8710000000000946, 40.806288023431299905, 3435.8690000000001419, 1
3435.8910000000000764, 61.208606627804272193, 3435.8739999999997963, 1, 3435.8910000000000764, 60.233452973696174126, 3435.8739999999997963, 1, 3435.8910000000000764, 42.619892568710632474, 3435.8739999999997963, 1, 3435.8910000000000764, 40.806285445076674989, 3435.8739999999997963, 1
3435.9009999999998399, 61.208605982379594934, 3435.8789999999999054, 1, 3435.9009999999998399, 60.233455092147679011, 3435.8789999999999054, 1, 3435.9009999999998399, 42.619892433998600723, 3435.8789999999999054, 1, 3435.9009999999998399, 40.80628286668375182, 3435.8789999999999054, 1
3435.9009999999998399, 61.208605336859150725, 3435.8840000000000146, 1, 3435.9009999999998399, 60.233457210582329822, 3435.8840000000000146, 1, 3435.9009999999998399, 42.619892299299898752, 3435.8840000000000146, 1, 3435.9009999999998399, 40.806280288316287397, 3435.8840000000000146, 1
3435.9160000000001673, 61.16905941230116639, 3435.8890000000001237, 1, 3435.9160000000001673, 60.172519566713461359, 3435.8890000000001237, 1, 3435.9160000000001673, 42.584168481169356824, 3435.8890000000001237, 1, 3435.9160000000001673, 40.859050850033838742, 3435.8890000000001237, 1
3435.9209999999998217, 61.169059247258942946, 3435.8939999999997781, 1, 3435.9209999999998217, 60.172522182285426595, 3435.8939999999997781, 1, 3435.9209999999998217, 42.584168682019054586, 3435.8939999999997781, 1, 3435.9209999999998217, 40.859048235037178642, 3435.8939999999997781, 1
3435.93100000000004, 61.169059971071234827, 3435.9000000000000909, 1, 3435.93100000000004, 60.17252551209166711, 3435.9000000000000909, 1, 3435.93100000000004, 42.584169094947135648, 3435.9000000000000909, 1, 3435.93100000000004, 40.859046042514492569, 3435.9000000000000909, 1
3435.9520000000002256, 61.169057583682985069, 3435.9039999999999964, 1, 3435.9520000000002256, 60.172526342170144176, 3435.9039999999999964, 1, 3435.9520000000002256, 42.584168765797990375, 3435.9039999999999964, 1, 3435.9520000000002256, 40.859042659988432433, 3435.9039999999999964, 1
3435.9520000000002256, 61.169058307371209082, 3435.9169999999999163, 1, 3435.9520000000002256, 60.172529671855031097, 3435.9169999999999163, 1, 3435.9520000000002256, 42.584169178854828886, 3435.9169999999999163, 1, 3435.9520000000002256, 40.859040352024045717, 3435.9169999999999163, 1
3435.9609999999997854, 61.16905903094195196, 3435.9169999999999163, 1, 3435.9609999999997854, 60.172533001505996708, 3435.9169999999999163, 1, 3435.9609999999997854, 42.584169591939897259, 3435.9169999999999163, 1, 3435.9609999999997854, 40.859037928670304041, 3435.9169999999999163, 1
3435.9819999999999709, 61.169059754439146559, 3435.918999999999869, 1, 3435.9819999999999709, 60.172536331047702163, 3435.918999999999869, 1, 3435.9819999999999709, 42.584170005079300836, 3435.918999999999869, 1, 3435.9819999999999709, 40.859035620677559564, 3435.918999999999869, 1
3435.9909999999999854, 61.208600170237261295, 3435.9259999999999309, 1, 3435.9909999999999854, 60.233474156773297636, 3435.9259999999999309, 1, 3435.9909999999999854, 42.619891217249218585, 3435.9259999999999309, 1, 3435.9909999999999854, 40.806259532159785408, 3435.9259999999999309, 1
3435.9909999999999854, 61.208599524091567901, 3435.9290000000000873, 1, 3435.9909999999999854, 60.233476274896887048, 3435.9290000000000873, 1, 3435.9909999999999854, 42.619891083097684259, 3435.9290000000000873, 1, 3435.9909999999999854, 40.806256953727661596, 3435.9290000000000873, 1
3436.0010000000002037, 61.169058369469865966, 3435.9340000000001965, 1, 3436.0010000000002037, 60.172543463245787621, 3435.9340000000001965, 1, 3436.0010000000002037, 42.584170396797951241, 3435.9340000000001965, 1, 3436.0010000000002037, 40.859027584201626837, 3435.9340000000001965, 1
3436.0109999999999673, 61.169059092619839646, 3435.9389999999998508, 1, 3436.0109999999999673, 60.172546792567324303, 3435.9389999999998508, 1, 3436.0109999999999673, 42.584170810130153484, 3435.9389999999998508, 1, 3436.0109999999999673, 40.859025276168949858, 3435.9389999999998508, 1
3436.0210000000001855, 61.169059815649021061, 3435.94399999999996, 1, 3436.0210000000001855, 60.172550121844849969, 3435.94399999999996, 1, 3436.0210000000001855, 42.584171223492433001, 3435.94399999999996, 1, 3436.0210000000001855, 40.859022968143619892, 3435.94399999999996, 1
3436.0309999999999491, 61.208596971133331976, 3435.9490000000000691, 1, 3436.0309999999999491, 60.233484641117257752, 3435.9490000000000691, 1, 3436.0309999999999491, 42.619890553751773155, 3435.9490000000000691, 1, 3436.0309999999999491, 40.806246768870153119, 3435.9490000000000691, 1
3436.0419999999999163, 61.20859632464702571, 3435.9549999999999272, 1, 3436.0419999999999163, 60.233486759056972915, 3435.9549999999999272, 1, 3436.0419999999999163, 42.619890419892392686, 3435.9549999999999272, 1, 3436.0419999999999163, 40.806244190405962513, 3435.9549999999999272, 1
3436.0509999999999309, 61.208595645740231816, 3435.9600000000000364, 1, 3436.0509999999999309, 60.233488982872486872, 3435.9600000000000364, 1, 3436.0509999999999309, 42.619890286074650021, 3435.9600000000000364, 1, 3436.0509999999999309, 40.806241611951193704, 3435.9600000000000364, 1
3436.0709999999999127, 61.208594999124940728, 3435.9639999999999418, 1, 3436.0709999999999127, 60.233491100740650381, 3435.9639999999999418, 1, 3436.0709999999999127, 42.619890152330142996, 3435.9639999999999418, 1, 3436.0709999999999127, 40.806239033469992705, 3435.9639999999999418, 1
3436.081000000000131, 61.208594352429415153, 3435.9690000000000509, 1, 3436.081000000000131, 60.233493218572832006, 3435.9690000000000509, 1, 3436.081000000000131, 42.619890018636937157, 3435.9690000000000509, 1, 3436.081000000000131, 40.806236455000174601, 3435.9690000000000509, 1
3436.081000000000131, 61.208593705636367588, 3435.9740000000001601, 1, 3436.081000000000131, 60.233495336385971086, 3435.9740000000001601, 1, 3436.081000000000131, 42.619889884996510432, 3435.9740000000001601, 1, 3436.081000000000131, 40.806233876524643733, 3435.9740000000001601, 1
3436.0909999999998945, 61.208593058808176579, 3435.9789999999998145, 1, 3436.0909999999998945, 60.233497454141399885, 3435.9789999999998145, 1, 3436.0909999999998945, 42.619889751431820457, 3435.9789999999998145, 1, 3436.0909999999998945, 40.8062312980130244, 3435.9789999999998145, 1
3436.1050000000000182, 61.208592411894407803, 3435.9839999999999236, 1, 3436.1050000000000182, 60.233499571883598378, 3435.9839999999999236, 1, 3436.1050000000000182, 42.619889617909848312, 3435.9839999999999236, 1, 3436.1050000000000182, 40.806228719522991355, 3435.9839999999999236, 1
3436.1109999999998763, 61.208591764905136756, 3435.9890000000000327, 1, 3436.1109999999998763, 60.233501689580606353, 3435.9890000000000327, 1, 3436.1109999999998763, 42.619889484448663097, 3435.9890000000000327, 1, 3436.1109999999998763, 40.806226141033747012, 3435.9890000000000327, 1
3436.1309999999998581, 61.208591117859135977, 3435.9940000000001419, 1, 3436.1309999999998581, 60.233503807240097672, 3435.9940000000001419, 1, 3436.1309999999998581, 42.619889351054126791, 3435.9940000000001419, 1, 3436.1309999999998581, 40.806223562511107161, 3435.9940000000001419, 1
3436.1309999999998581, 61.208590470729340893, 3435.9989999999997963, 1, 3436.1309999999998581, 60.233505924872744686, 3435.9989999999997963, 1, 3436.1309999999998581, 42.619889217708745832, 3435.9989999999997963, 1, 3436.1309999999998581, 40.806220983999132557, 3435.9989999999997963, 1
3436.1399999999998727, 61.208589823524789608, 3436.0039999999999054, 1, 3436.1399999999998727, 60.233508042471726185, 3436.0039999999999054, 1, 3436.1399999999998727, 42.61988908441652768, 3436.0039999999999054, 1, 3436.1399999999998727, 40.806218405489360634, 3436.0039999999999054, 1
3436.1500000000000909, 61.208589176276170463, 3436.0090000000000146, 1, 3436.1500000000000909, 60.233510160020742319, 3436.0090000000000146, 1, 3436.1500000000000909, 42.619888951201140515, 3436.0090000000000146, 1, 3436.1500000000000909, 40.806215826959501669, 3436.0090000000000146, 1
3436.1599999999998545, 61.208588528933802309, 3436.0149999999998727, 1, 3436.1599999999998545, 60.233512277558276082, 3436.0149999999998727, 1, 3436.1599999999998545, 42.619888818016391951, 3436.0149999999998727, 1, 3436.1599999999998545, 40.806213248437103402, 3436.0149999999998727, 1
3436.1709999999998217, 61.208587881527947161, 3436.0180000000000291, 1, 3436.1709999999998217, 60.233514395045339995, 3436.0180000000000291, 1, 3436.1709999999998217, 42.619888684907856202, 3436.0180000000000291, 1, 3436.1709999999998217, 40.806210669900316645, 3436.0180000000000291, 1
3436.18100000000004, 61.208587234074698813, 3436.0239999999998872, 1, 3436.18100000000004, 60.233516512486666272, 3436.0239999999998872, 1, 3436.18100000000004, 42.619888551868292836, 3436.0239999999998872, 1, 3436.18100000000004, 40.806208091350143263, 3436.0239999999998872, 1
3436.1900000000000546, 61.208586586516780415, 3436.0289999999999964, 1, 3436.1900000000000546, 60.233518629914598819, 3436.0289999999999964, 1, 3436.1900000000000546, 42.619888418859879664, 3436.0289999999999964, 1, 3436.1900000000000546, 40.806205512805732383, 3436.0289999999999964, 1
3436.2010000000000218, 61.208585938895367917, 3436.0340000000001055, 1, 3436.2010000000000218, 60.233520747304730492, 3436.0340000000001055, 1, 3436.2010000000000218, 42.619888285924332649, 3436.0340000000001055, 1, 3436.2010000000000218, 40.806202934250549674, 3436.0340000000001055, 1
3436.2210000000000036, 61.20858529123114522, 3436.0390000000002146, 1, 3436.2210000000000036, 60.233522864644470474, 3436.0390000000002146, 1, 3436.2210000000000036, 42.619888153057715385, 3436.0390000000002146, 1, 3436.2210000000000036, 40.80620035568296089, 3436.0390000000002146, 1
3436.2210000000000036, 61.208584643473841425, 3436.0450000000000728, 1, 3436.2210000000000036, 60.233524981965281597, 3436.0450000000000728, 1, 3436.2210000000000036, 42.619888020223648084, 3436.0450000000000728, 1, 3436.2210000000000036, 40.806197777131188786, 3436.0450000000000728, 1
3436.2310000000002219, 61.208583995644076481, 3436.0500000000001819, 1, 3436.2310000000002219, 60.23352709924932924, 3436.0500000000001819, 1, 3436.2310000000002219, 42.619887887462262199, 3436.0500000000001819, 1, 3436.2310000000002219, 40.806195198556977743, 3436.0500000000001819, 1
3436.2440000000001419, 61.208583218166843665, 3436.0549999999998363, 1, 3436.2440000000001419, 60.233529639933166777, 3436.0549999999998363, 1, 3436.2440000000001419, 42.619887728229855384, 3436.0549999999998363, 1, 3436.2440000000001419, 40.806192104261810982, 3436.0549999999998363, 1
3436.2539999999999054, 61.20858247298711774, 3436.0590000000001965, 1, 3436.2539999999999054, 60.23353207472392512, 3436.0590000000001965, 1, 3436.2539999999999054, 42.619887575690128756, 3436.0590000000001965, 1, 3436.2539999999999054, 40.806189138894573887, 3436.0590000000001965, 1
3436.2640000000001237, 61.169054268768839222, 3436.0639999999998508, 1, 3436.2640000000001237, 60.172612455201459625, 3436.0639999999998508, 1, 3436.2640000000001237, 42.584175775857758595, 3436.0639999999998508, 1, 3436.2640000000001237, 40.858958903675372198, 3436.0639999999998508, 1
3436.2739999999998872, 61.169054989674449985, 3436.06899999999996, 1, 3436.2739999999998872, 60.172615783093988284, 3436.06899999999996, 1, 3436.2739999999998872, 42.584176190474437362, 3436.06899999999996, 1, 3436.2739999999998872, 40.858956595374394283, 3436.06899999999996, 1
3436.2840000000001055, 61.169055710490368938, 3436.0740000000000691, 1, 3436.2840000000001055, 60.172619110885264604, 3436.0740000000000691, 1, 3436.2840000000001055, 42.584176605124483217, 3436.0740000000000691, 1, 3436.2840000000001055, 40.858954287075924583, 3436.0740000000000691, 1
3436.293999999999869, 61.169056431220830916, 3436.0819999999998799, 1, 3436.293999999999869, 60.172622438606509832, 3436.0819999999998799, 1, 3436.293999999999869, 42.58417701985048609, 3436.0819999999998799, 1, 3436.293999999999869, 40.858951978727276355, 3436.0819999999998799, 1
3436.3040000000000873, 61.16905315810650734, 3436.0839999999998327, 1, 3436.3040000000000873, 60.172622558055309128, 3436.0839999999998327, 1, 3436.3040000000000873, 42.58417648203556638, 3436.0839999999998327, 1, 3436.3040000000000873, 40.858948290868596587, 3436.0839999999998327, 1
3436.3139999999998508, 61.169053878697980053, 3436.0880000000001928, 1, 3436.3139999999998508, 60.17262588571728088, 3436.0880000000001928, 1, 3436.3139999999998508, 42.584176896862999229, 3436.0880000000001928, 1, 3436.3139999999998508, 40.858945982528851459, 3436.0880000000001928, 1
3436.3240000000000691, 61.169054599209985668, 3436.0940000000000509, 1, 3436.3240000000000691, 60.172629213282846194, 3436.0940000000000509, 1, 3436.3240000000000691, 42.584177311732887006, 3436.0940000000000509, 1, 3436.3240000000000691, 40.858943674168259008, 3436.0940000000000509, 1
3436.3339999999998327, 61.169055319575093677, 3436.0990000000001601, 1, 3436.3339999999998327, 60.172632540818966618, 3436.0990000000001601, 1, 3436.3339999999998327, 42.5841777266240058, 3436.0990000000001601, 1, 3436.3339999999998327, 40.858941365805257817, 3436.0990000000001601, 1
3436.3449999999997999, 61.169052490554591373, 3436.1069999999999709, 1, 3436.3449999999997999, 60.172633017091555985, 3436.1069999999999709, 1, 3436.3449999999997999, 42.58417729504177629, 3436.1069999999999709, 1, 3436.3449999999997999, 40.858937831393561169, 3436.1069999999999709, 1
3436.3539999999998145, 61.169053210820763411, 3436.1089999999999236, 1, 3436.3539999999998145, 60.172636344523255048, 3436.1089999999999236, 1, 3436.3539999999998145, 42.584177710072140144, 3436.1089999999999236, 1, 3436.3539999999998145, 40.858935522992219092, 3436.1089999999999236, 1
3436.3760000000002037, 61.208575372941730564, 3436.1149999999997817, 1, 3436.3760000000002037, 60.233555255778355786, 3436.1149999999997817, 1, 3436.3760000000002037, 42.619886127225029782, 3436.1149999999997817, 1, 3436.3760000000002037, 40.806160903010422203, 3436.1149999999997817, 1
3436.3760000000002037, 61.208574724128624212, 3436.1170000000001892, 1, 3436.3760000000002037, 60.233557372560667886, 3436.1170000000001892, 1, 3436.3760000000002037, 42.619885995298837145, 3436.1170000000001892, 1, 3436.3760000000002037, 40.806158324349524946, 3436.1170000000001892, 1
3436.3840000000000146, 61.169051822303870836, 3436.1239999999997963, 1, 3436.3840000000000146, 60.172643475805017488, 3436.1239999999997963, 1, 3436.3840000000000146, 42.584178108993370415, 3436.1239999999997963, 1, 3436.3840000000000146, 40.858927371945888751, 3436.1239999999997963, 1
3436.4029999999997926, 61.169052542204440215, 3436.1300000000001091, 1, 3436.4029999999997926, 60.172646803041374142, 3436.1300000000001091, 1, 3436.4029999999997926, 42.584178524191656834, 3436.1300000000001091, 1, 3436.4029999999997926, 40.858925063543452438, 3436.1300000000001091, 1
3436.4039999999999964, 61.169053262026267248, 3436.1340000000000146, 1, 3436.4039999999999964, 60.17265013017547659, 3436.1340000000000146, 1, 3436.4039999999999964, 42.584178939455249235, 3436.1340000000000146, 1, 3436.4039999999999964, 40.858922755095875345, 3436.1340000000000146, 1
3436.4130000000000109, 61.169050913122660518, 3436.1390000000001237, 1, 3436.4130000000000109, 60.172651129736330233, 3436.1390000000001237, 1, 3436.4130000000000109, 42.584178635062691853, 3436.1390000000001237, 1, 3436.4130000000000109, 40.85891925878591735, 3436.1390000000001237, 1
3436.4349999999999454, 61.169051501395614423, 3436.1439999999997781, 1, 3436.4349999999999454, 60.172657237678599529, 3436.1439999999997781, 1, 3436.4349999999999454, 42.58417927506670253, 3436.1439999999997781, 1, 3436.4349999999999454, 40.858915374298106826, 3436.1439999999997781, 1
3436.4490000000000691, 61.169052220858660007, 3436.1489999999998872, 1, 3436.4490000000000691, 60.172660564608165146, 3436.1489999999998872, 1, 3436.4490000000000691, 42.584179690519583517, 3436.1489999999998872, 1, 3436.4490000000000691, 40.858911796171639708, 3436.1489999999998872, 1
3436.456000000000131, 61.169052940236824156, 3436.1539999999999964, 1, 3436.456000000000131, 60.172663891472886633, 3436.1539999999999964, 1, 3436.456000000000131, 42.584180126792205101, 3436.1539999999999964, 1, 3436.456000000000131, 40.858909372251602576, 3436.1539999999999964, 1
3436.4650000000001455, 61.169053659512407251, 3436.1610000000000582, 1, 3436.4650000000001455, 60.172667218243802267, 3436.1610000000000582, 1, 3436.4650000000001455, 42.584180542347674248, 3436.1610000000000582, 1, 3436.4650000000001455, 40.858907179163352907, 3436.1610000000000582, 1
3436.4749999999999091, 61.169050352062654952, 3436.1640000000002146, 1, 3436.4749999999999091, 60.172667173108152383, 3436.1640000000002146, 1, 3436.4749999999999091, 42.584179964616552638, 3436.1640000000002146, 1, 3436.4749999999999091, 40.858903722964335259, 3436.1640000000002146, 1
3436.4859999999998763, 61.1690510712123654, 3436.168999999999869, 1, 3436.4859999999998763, 60.172670499832221935, 3436.168999999999869, 1, 3436.4859999999998763, 42.584180380255119758, 3436.168999999999869, 1, 3436.4859999999998763, 40.858901414464014579, 3436.168999999999869, 1
3436.5039999999999054, 61.169051826231324753, 3436.1739999999999782, 1, 3436.5039999999999054, 60.172673992789398767, 3436.1739999999999782, 1, 3436.5039999999999054, 42.58418081675739586, 3436.1739999999999782, 1, 3436.5039999999999054, 40.858898990492178882, 3436.1739999999999782, 1
3436.5050000000001091, 61.16905247327686368, 3436.1790000000000873, 1, 3436.5050000000001091, 60.172676986716943759, 3436.1790000000000873, 1, 3436.5050000000001091, 42.584181190913582782, 3436.1790000000000873, 1, 3436.5050000000001091, 40.858896912814472557, 3436.1790000000000873, 1
3436.5149999999998727, 61.169049645524026459, 3436.1849999999999454, 1, 3436.5149999999998727, 60.172677464458807606, 3436.1849999999999454, 1, 3436.5149999999998727, 42.584180760853946879, 3436.1849999999999454, 1, 3436.5149999999998727, 40.858893379109630928, 3436.1849999999999454, 1
3436.5250000000000909, 61.169050436239359669, 3436.1880000000001019, 1, 3436.5250000000000909, 60.172681123590294305, 3436.1880000000001019, 1, 3436.5250000000000909, 42.584181218297267435, 3436.1880000000001019, 1, 3436.5250000000000909, 40.858890839685912511, 3436.1880000000001019, 1
3436.5349999999998545, 61.169051154944320103, 3436.1950000000001637, 1, 3436.5349999999998545, 60.17268445001928967, 3436.1950000000001637, 1, 3436.5349999999998545, 42.584181634181348386, 3436.1950000000001637, 1, 3436.5349999999998545, 40.858888531133530364, 3436.1950000000001637, 1
3436.543999999999869, 61.169051873548667686, 3436.1990000000000691, 1, 3436.543999999999869, 60.17268777637221433, 3436.1990000000000691, 1, 3436.543999999999869, 42.584182050119203211, 3436.1990000000000691, 1, 3436.543999999999869, 40.858886222537080357, 3436.1990000000000691, 1
3436.55600000000004, 61.20856296837687438, 3436.2040000000001783, 1, 3436.55600000000004, 60.233595680305839437, 3436.2040000000001783, 1, 3436.55600000000004, 42.619883617352762428, 3436.2040000000001783, 1, 3436.55600000000004, 40.806111520742121002, 3436.2040000000001783, 1
3436.5659999999998035, 61.169049321374103556, 3436.2089999999998327, 1, 3436.5659999999998035, 60.172691224724978554, 3436.2089999999998327, 1, 3436.5659999999998035, 42.584181930781021208, 3436.2089999999998327, 1, 3436.5659999999998035, 40.858880111863122409, 3436.2089999999998327, 1
3436.5749999999998181, 61.169050039752519865, 3436.2139999999999418, 1, 3436.5749999999998181, 60.172694550931907997, 3436.2139999999999418, 1, 3436.5749999999998181, 42.584182346874406733, 3436.2139999999999418, 1, 3436.5749999999998181, 40.858877918696308029, 3436.2139999999999418, 1
3436.5850000000000364, 61.16905075803941827, 3436.2199999999997999, 1, 3436.5850000000000364, 60.172697877066390504, 3436.2199999999997999, 1, 3436.5850000000000364, 42.584182763019406082, 3436.2199999999997999, 1, 3436.5850000000000364, 40.858875610052947991, 3436.2199999999997999, 1
3436.5949999999997999, 61.169051476208778695, 3436.2249999999999091, 1, 3436.5949999999997999, 60.172701203137627601, 3436.2249999999999091, 1, 3436.5949999999997999, 42.584183179184499579, 3436.2249999999999091, 1, 3436.5949999999997999, 40.858873301437824921, 3436.2249999999999091, 1
3436.6050000000000182, 61.208559716892345648, 3436.2289999999998145, 1, 3436.6050000000000182, 60.233606260556747714, 3436.2289999999998145, 1, 3436.6050000000000182, 42.619882963797600439, 3436.2289999999998145, 1, 3436.6050000000000182, 40.806098755790259247, 3436.2289999999998145, 1
3436.6149999999997817, 61.208559066388353642, 3436.2339999999999236, 1, 3436.6149999999997817, 60.233608376503148918, 3436.2339999999999236, 1, 3436.6149999999997817, 42.619882833266835576, 3436.2339999999999236, 1, 3436.6149999999997817, 40.806096177006352832, 3436.2339999999999236, 1
3436.625, 61.208558415797199359, 3436.2390000000000327, 1, 3436.625, 60.233610492426109317, 3436.2390000000000327, 1, 3436.625, 42.619882702781403339, 3436.2390000000000327, 1, 3436.625, 40.806093598201066186, 3436.2390000000000327, 1
3436.6340000000000146, 61.208557765162574071, 3436.2440000000001419, 1, 3436.6340000000000146, 60.233612608287010914, 3436.2440000000001419, 1, 3436.6340000000000146, 42.61988257236751565, 3436.2440000000001419, 1, 3436.6340000000000146, 40.806091019396745878, 3436.2440000000001419, 1
3436.6449999999999818, 61.208557114443294722, 3436.2489999999997963, 1, 3436.6449999999999818, 60.233614724136749885, 3436.2489999999997963, 1, 3436.6449999999999818, 42.619882442000722733, 3436.2489999999997963, 1, 3436.6449999999999818, 40.806088440577205745, 3436.2489999999997963, 1
3436.6550000000002001, 61.208556463652492141, 3436.2550000000001091, 1, 3436.6550000000002001, 60.233616839950101962, 3436.2550000000001091, 1, 3436.6550000000002001, 42.619882311698212618, 3436.2550000000001091, 1, 3436.6550000000002001, 40.806085861775244439, 3436.2550000000001091, 1
3436.6649999999999636, 61.208555812816769048, 3436.2600000000002183, 1, 3436.6649999999999636, 60.233618955706276665, 3436.2600000000002183, 1, 3436.6649999999999636, 42.619882181464966209, 3436.2600000000002183, 1, 3436.6649999999999636, 40.806083282926678635, 3436.2600000000002183, 1
3436.6849999999999454, 61.208555129329894839, 3436.2640000000001237, 1, 3436.6849999999999454, 60.233621177235406208, 3436.2640000000001237, 1, 3436.6849999999999454, 42.619882044756778328, 3436.2640000000001237, 1, 3436.6849999999999454, 40.80608057518210785, 3436.2640000000001237, 1
3436.6849999999999454, 61.208554478332757753, 3436.2689999999997781, 1, 3436.6849999999999454, 60.233623292939753924, 3436.2689999999997781, 1, 3436.6849999999999454, 42.619881914630063591, 3436.2689999999997781, 1, 3436.6849999999999454, 40.806077996339666925, 3436.2689999999997781, 1
3436.6959999999999127, 61.169046690924837151, 3436.2739999999998872, 1, 3436.6959999999999127, 60.172724852620007141, 3436.2739999999998872, 1, 3436.6959999999999127, 42.584184490877632356, 3436.2739999999998872, 1, 3436.6959999999999127, 40.858846081973737796, 3436.2739999999998872, 1
3436.7040000000001783, 61.169047408203859106, 3436.2789999999999964, 1, 3436.7040000000001783, 60.172728178139237798, 3436.2789999999999964, 1, 3436.7040000000001783, 42.584184907597183667, 3436.2789999999999964, 1, 3436.7040000000001783, 40.858843773242270458, 3436.2789999999999964, 1
3436.7150000000001455, 61.169048125398809646, 3436.2849999999998545, 1, 3436.7150000000001455, 60.172731503563355204, 3436.2849999999998545, 1, 3436.7150000000001455, 42.584185324374445258, 3436.2849999999998545, 1, 3436.7150000000001455, 40.858841464481173489, 3436.2849999999998545, 1
3436.7240000000001601, 61.169048842496948737, 3436.2880000000000109, 1, 3436.7240000000001601, 60.172734828911018212, 3436.2880000000000109, 1, 3436.7240000000001601, 42.584185741199725328, 3436.2880000000000109, 1, 3436.7240000000001601, 40.858839155714541391, 3436.2880000000000109, 1
3436.7449999999998909, 61.208551254861120583, 3436.293999999999869, 1, 3436.7449999999998909, 60.233633765151637363, 3436.293999999999869, 1, 3436.7449999999998909, 42.619881271365258613, 3436.293999999999869, 1, 3436.7449999999998909, 40.806065231011075412, 3436.293999999999869, 1
3436.7550000000001091, 61.208550603455968542, 3436.2989999999999782, 1, 3436.7550000000001091, 60.233635880640932214, 3436.2989999999999782, 1, 3436.7550000000001091, 42.619881141587214302, 3436.2989999999999782, 1, 3436.7550000000001091, 40.806062523199543079, 3436.2989999999999782, 1
3436.7550000000001091, 61.208549951984501547, 3436.3040000000000873, 1, 3436.7550000000001091, 60.233637996092170397, 3436.3040000000000873, 1, 3436.7550000000001091, 42.619881011865011544, 3436.3040000000000873, 1, 3436.7550000000001091, 40.806059944312238486, 3436.3040000000000873, 1
3436.7750000000000909, 61.208549300423513273, 3436.3090000000001965, 1, 3436.7750000000000909, 60.233640111526199235, 3436.3090000000001965, 1, 3436.7750000000000909, 42.619880882192347826, 3436.3090000000001965, 1, 3436.7750000000000909, 40.806057494395773233, 3436.3090000000001965, 1
3436.7849999999998545, 61.208548648803585479, 3436.3139999999998508, 1, 3436.7849999999998545, 60.233642226913012507, 3436.3139999999998508, 1, 3436.7849999999998545, 42.619880752584869299, 3436.3139999999998508, 1, 3436.7849999999998545, 40.806054786551783309, 3436.3139999999998508, 1
3436.7950000000000728, 61.208547345349607838, 3436.31899999999996, 1, 3436.7950000000000728, 60.233646457593778223, 3436.31899999999996, 1, 3436.7950000000000728, 42.619880487062658858, 3436.31899999999996, 1, 3436.7950000000000728, 40.806050918213259138, 3436.31899999999996, 1
3436.8049999999998363, 61.208546693521924453, 3436.3249999999998181, 1, 3436.8049999999998363, 60.233648572864922244, 3436.3249999999998181, 1, 3436.8049999999998363, 42.619880364118984062, 3436.3249999999998181, 1, 3436.8049999999998363, 40.806047178787679286, 3436.3249999999998181, 1
3436.8240000000000691, 61.1690442225568205, 3436.3290000000001783, 1, 3436.8240000000000691, 60.172755863833522483, 3436.3290000000001783, 1, 3436.8240000000000691, 42.58418685491200506, 3436.3290000000001783, 1, 3436.8240000000000691, 40.85881455202289203, 3436.3290000000001783, 1
3436.8249999999998181, 61.169044938840926307, 3436.3339999999998327, 1, 3436.8249999999998181, 60.172759188687365395, 3436.3339999999998327, 1, 3436.8249999999998181, 42.584187272224809817, 3436.3339999999998327, 1, 3436.8249999999998181, 40.858812243167875522, 3436.3339999999998327, 1
3436.8449999999997999, 61.169045655050325649, 3436.3389999999999418, 1, 3436.8449999999997999, 60.172762513452859423, 3436.3389999999999418, 1, 3436.8449999999997999, 42.584187689602870819, 3436.3389999999999418, 1, 3436.8449999999997999, 40.858809934278909282, 3436.3389999999999418, 1
3436.8539999999998145, 61.169043272554418422, 3436.3440000000000509, 1, 3436.8539999999998145, 60.172763349651354758, 3436.3440000000000509, 1, 3436.8539999999998145, 42.584187368099350124, 3436.3440000000000509, 1, 3436.8539999999998145, 40.858806554939398836, 3436.3440000000000509, 1
3436.8640000000000327, 61.208543465926915417, 3436.3499999999999091, 1, 3436.8640000000000327, 60.233659148790813731, 3436.3499999999999091, 1, 3436.8640000000000327, 42.619879717813347497, 3436.3499999999999091, 1, 3436.8640000000000327, 40.806034284191810002, 3436.3499999999999091, 1
3436.8649999999997817, 61.208542813690229423, 3436.3539999999998145, 1, 3436.8649999999997817, 60.23366126385002417, 3436.3539999999998145, 1, 3436.8649999999997817, 42.619879588746911736, 3436.3539999999998145, 1, 3436.8649999999997817, 40.806031705239277585, 3436.3539999999998145, 1
3436.875, 61.208542128753414602, 3436.3589999999999236, 1, 3436.875, 60.233663378904992669, 3436.3589999999999236, 1, 3436.875, 42.619879459692803891, 3436.3589999999999236, 1, 3436.875, 40.806029126316019529, 3436.3589999999999236, 1
3436.8850000000002183, 61.208541476360935008, 3436.3640000000000327, 1, 3436.8850000000002183, 60.233665493922870837, 3436.3640000000000327, 1, 3436.8850000000002183, 42.619879330731663458, 3436.3640000000000327, 1, 3436.8850000000002183, 40.806026547351329725, 3436.3640000000000327, 1
3436.8949999999999818, 61.169042868728155327, 3436.3690000000001419, 1, 3436.8949999999999818, 60.172776773545514573, 3436.3690000000001419, 1, 3436.8949999999999818, 42.584188506095955518, 3436.3690000000001419, 1, 3436.8949999999999818, 40.85879363427800115, 3436.3690000000001419, 1
3436.9059999999999491, 61.169043584345232034, 3436.3730000000000473, 1, 3436.9059999999999491, 60.172780097973600277, 3436.3730000000000473, 1, 3436.9059999999999491, 42.584188923794314974, 3436.3730000000000473, 1, 3436.9059999999999491, 40.858791325348548185, 3436.3730000000000473, 1
3436.9149999999999636, 61.169044299859592684, 3436.3789999999999054, 1, 3436.9149999999999636, 60.172783422304519263, 3436.3789999999999054, 1, 3436.9149999999999636, 42.584189341560659159, 3436.3789999999999054, 1, 3436.9149999999999636, 40.858789016381891201, 3436.3789999999999054, 1
3436.9349999999999454, 61.169041475366910277, 3436.3829999999998108, 1, 3436.9349999999999454, 60.1727839036708545, 3436.3829999999998108, 1, 3436.9349999999999454, 42.584188915241526274, 3436.3829999999998108, 1, 3436.9349999999999454, 40.85878548443957925, 3436.3829999999998108, 1
3436.9450000000001637, 61.208538213379739545, 3436.3890000000001237, 1, 3436.9450000000001637, 60.233676068443031681, 3436.3890000000001237, 1, 3436.9450000000001637, 42.619878680313860286, 3436.3890000000001237, 1, 3436.9450000000001637, 40.80601352357588496, 3436.3890000000001237, 1
3436.9549999999999272, 61.169042736346412426, 3436.3939999999997781, 1, 3436.9549999999999272, 60.172793165616468514, 3436.3939999999997781, 1, 3436.9549999999999272, 42.584189957957988781, 3436.3939999999997781, 1, 3436.9549999999999272, 40.858779290835734344, 3436.3939999999997781, 1
3436.9670000000000982, 61.16904345143504429, 3436.3989999999998872, 1, 3436.9670000000000982, 60.172796489679413412, 3436.3989999999998872, 1, 3436.9670000000000982, 42.584190375944004359, 3436.3989999999998872, 1, 3436.9670000000000982, 40.858775942799454128, 3436.3989999999998872, 1
3436.9760000000001128, 61.169044166440336596, 3436.4039999999999964, 1, 3436.9760000000001128, 60.172799813654364698, 3436.4039999999999964, 1, 3436.9760000000001128, 42.584190794003987435, 3436.4039999999999964, 1, 3436.9760000000001128, 40.858773633759994937, 3436.4039999999999964, 1
3436.9960000000000946, 61.208534948663071873, 3436.4099999999998545, 1, 3436.9960000000000946, 60.233686642082602702, 3436.4099999999998545, 1, 3436.9960000000000946, 42.619878044224833502, 3436.4099999999998545, 1, 3436.9960000000000946, 40.806000757530640044, 3436.4099999999998545, 1
3436.9960000000000946, 61.208534295490999, 3436.4180000000001201, 1, 3436.9960000000000946, 60.233688756723857693, 3436.4180000000001201, 1, 3436.9960000000000946, 42.619877915881716035, 3436.4180000000001201, 1, 3436.9960000000000946, 40.805998178529023335, 3436.4180000000001201, 1
3437.0050000000001091, 61.208533642285871679, 3436.418999999999869, 1, 3437.0050000000001091, 60.233690871300382241, 3436.418999999999869, 1, 3437.0050000000001091, 42.619877787621383902, 3436.418999999999869, 1, 3437.0050000000001091, 40.805995599492149495, 3436.418999999999869, 1
3437.0149999999998727, 61.208532988983179735, 3436.4239999999999782, 1, 3437.0149999999998727, 60.23369298586843712, 3436.4239999999999782, 1, 3437.0149999999998727, 42.619877659411628201, 3436.4239999999999782, 1, 3437.0149999999998727, 40.805993020457613341, 3436.4239999999999782, 1
3437.0349999999998545, 61.208532335619366904, 3436.4290000000000873, 1, 3437.0349999999998545, 60.233695100394804456, 3436.4290000000000873, 1, 3437.0349999999998545, 42.619877531236191714, 3436.4290000000000873, 1, 3437.0349999999998545, 40.805990441443952932, 3436.4290000000000873, 1
3437.0349999999998545, 61.208531682193303425, 3436.4340000000001965, 1, 3437.0349999999998545, 60.233697214871966708, 3436.4340000000001965, 1, 3437.0349999999998545, 42.619877403144243999, 3436.4340000000001965, 1, 3437.0349999999998545, 40.805987862402602673, 3436.4340000000001965, 1
3437.0450000000000728, 61.208531028688611286, 3436.4400000000000546, 1, 3437.0450000000000728, 60.233699329335060213, 3436.4400000000000546, 1, 3437.0450000000000728, 42.619877275097003633, 3436.4400000000000546, 1, 3437.0450000000000728, 40.805985283354559101, 3436.4400000000000546, 1
3437.0549999999998363, 61.208530375117049971, 3436.4490000000000691, 1, 3437.0549999999998363, 60.233701443740542913, 3436.4490000000000691, 1, 3437.0549999999998363, 42.619877147118195637, 3436.4490000000000691, 1, 3437.0549999999998363, 40.805982704311887233, 3436.4490000000000691, 1
3437.0650000000000546, 61.208529721482705099, 3436.4490000000000691, 1, 3437.0650000000000546, 60.233703558126698852, 3436.4490000000000691, 1, 3437.0650000000000546, 42.619877019188557199, 3436.4490000000000691, 1, 3437.0650000000000546, 40.805980125255672419, 3436.4490000000000691, 1
3437.0770000000002256, 61.169040254420565361, 3436.456000000000131, 1, 3437.0770000000002256, 60.172824170853097314, 3436.456000000000131, 1, 3437.0770000000002256, 42.584192340510625741, 3436.456000000000131, 1, 3437.0770000000002256, 40.858746722802891327, 3436.456000000000131, 1
3437.0949999999997999, 61.169040968527738755, 3436.4589999999998327, 1, 3437.0949999999997999, 60.172827494245694879, 3436.4589999999998327, 1, 3437.0949999999997999, 42.584192759115460092, 3436.4589999999998327, 1, 3437.0949999999997999, 40.858744413655593064, 3436.4589999999998327, 1
3437.0949999999997999, 61.169041682533844551, 3436.4639999999999418, 1, 3437.0949999999997999, 60.172830817582550367, 3436.4639999999999418, 1, 3437.0949999999997999, 42.584193177744793957, 3436.4639999999999418, 1, 3437.0949999999997999, 40.858742104529703454, 3436.4639999999999418, 1
3437.1149999999997817, 61.179365332437441793, 3436.4710000000000036, 1, 3437.1149999999997817, 59.940138432528087264, 3436.4710000000000036, 1, 3437.1149999999997817, 42.315894688008270919, 3436.4710000000000036, 1, 3437.1149999999997817, 40.757860037702329237, 3436.4710000000000036, 1
3437.1159999999999854, 76.478982572493151793, 3436.4760000000001128, 1, 3437.1159999999999854, 29.970069676116253277, 3436.4760000000001128, 1, 3437.1159999999999854, 21.157947387978463638, 3436.4760000000001128, 1, 3437.1159999999999854, 120.90193351814792777, 3436.4760000000001128, 1
3437.125, 88.871482859766246065, 3436.4800000000000182, 1, 3437.125, 0, 3436.4800000000000182, 1, 3437.125, 0, 3436.4800000000000182, 1, 3437.125, 59.909843221816544201, 3436.4800000000000182, 1
3437.1359999999999673, 79.673824318098922959, 3436.4850000000001273, 1, 3437.1359999999999673, 0, 3436.4850000000001273, 1, 3437.1359999999999673, 0, 3436.4850000000001273, 1, 3437.1359999999999673, 59.805800401758631324, 3436.4850000000001273, 1
3437.1449999999999818, 73.67563820080958692, 3436.4890000000000327, 1, 3437.1449999999999818, 0, 3436.4890000000000327, 1, 3437.1449999999999818, 0, 3436.4890000000000327, 1, 3437.1449999999999818, 82.235215632056579693, 3436.4890000000000327, 1
3437.1550000000002001, 68.621771825312151805, 3436.4940000000001419, 1, 3437.1550000000002001, 0, 3436.4940000000001419, 1, 3437.1550000000002001, 0, 3436.4940000000001419, 1, 3437.1550000000002001, 112.6844599167245633, 3436.4940000000001419, 1
3437.1640000000002146, 70.408579011747306708, 3436.5, 1, 3437.1640000000002146, 0, 3436.5, 1, 3437.1640000000002146, 0, 3436.5, 1, 3437.1640000000002146, 132.46493443050334804, 3436.5, 1
3437.1750000000001819, 72.120985661806699341, 3436.5039999999999054, 1, 3437.1750000000001819, 0, 3436.5039999999999054, 1, 3437.1750000000001819, 0, 3436.5039999999999054, 1, 3437.1750000000001819, 144.21941726138078366, 3436.5039999999999054, 1
3437.1950000000001637, 76.051068239196752074, 3436.5100000000002183, 1, 3437.1950000000001637, 0, 3436.5100000000002183, 1, 3437.1950000000001637, 0, 3436.5100000000002183, 1, 3437.1950000000001637, 156.33265653519850957, 3436.5100000000002183, 1
3437.1950000000001637, 76.789250567810370285, 3436.5140000000001237, 1, 3437.1950000000001637, 0, 3436.5140000000001237, 1, 3437.1950000000001637, 0, 3436.5140000000001237, 1, 3437.1950000000001637, 160.61345910007185012, 3436.5140000000001237, 1
3437.2069999999998799, 77.290626512741226861, 3436.5189999999997781, 1, 3437.2069999999998799, 0, 3436.5189999999997781, 1, 3437.2069999999998799, 0, 3436.5189999999997781, 1, 3437.2069999999998799, 161.37760809828427, 3436.5189999999997781, 1
3437.2150000000001455, 78.497857554285047854, 3436.5239999999998872, 1, 3437.2150000000001455, 0, 3436.5239999999998872, 1, 3437.2150000000001455, 0, 3436.5239999999998872, 1, 3437.2150000000001455, 160.76740065730621154, 3436.5239999999998872, 1
3437.2350000000001273, 77.921935666368383977, 3436.5289999999999964, 1, 3437.2350000000001273, 0, 3436.5289999999999964, 1, 3437.2350000000001273, 334.93220858810843765, 3436.5289999999999964, 1, 3437.2350000000001273, 139.47009919387670607, 3436.5289999999999964, 1
3437.2350000000001273, 61.080894692093991694, 3436.5340000000001055, 1, 3437.2350000000001273, 0, 3436.5340000000001055, 1, 3437.2350000000001273, 197.10274920844605617, 3436.5340000000001055, 1, 3437.2350000000001273, 43.549509313697903679, 3436.5340000000001055, 1
3437.2460000000000946, 53.01184541033177311, 3436.5390000000002146, 1, 3437.2460000000000946, 0, 3436.5390000000002146, 1, 3437.2460000000000946, 88.623298705609300896, 3436.5390000000002146, 1, 3437.2460000000000946, 35.987120306685334015, 3436.5390000000002146, 1
3437.2649999999998727, 52.809787982298615816, 3436.543999999999869, 1, 3437.2649999999998727, 0, 3436.543999999999869, 1, 3437.2649999999998727, 62.70184157642182754, 3436.543999999999869, 1, 3437.2649999999998727, 54.943863888780811067, 3436.543999999999869, 1
3437.2739999999998872, 45.994541938593712871, 3436.5489999999999782, 1, 3437.2739999999998872, 0, 3436.5489999999999782, 1, 3437.2739999999998872, 55.618572835718126157, 3436.5489999999999782, 1, 3437.2739999999998872, 63.52014450146086233, 3436.5489999999999782, 1
3437.2739999999998872, 52.305918987922780161, 3436.5540000000000873, 1, 3437.2739999999998872, 0, 3436.5540000000000873, 1, 3437.2739999999998872, 50.5938035393745551, 3436.5540000000000873, 1, 3437.2739999999998872, 73.540247671612647196, 3436.5540000000000873, 1
3437.2840000000001055, 57.126893253645860682, 3436.5590000000001965, 1, 3437.2840000000001055, 0, 3436.5590000000001965, 1, 3437.2840000000001055, 49.417548354414371659, 3436.5590000000001965, 1, 3437.2840000000001055, 74.650850763360239171, 3436.5590000000001965, 1
3437.293999999999869, 62.11398530934172868, 3436.5639999999998508, 1, 3437.293999999999869, 0, 3436.5639999999998508, 1, 3437.293999999999869, 47.600338784336436504, 3436.5639999999998508, 1, 3437.293999999999869, 72.383721560055533928, 3436.5639999999998508, 1
3437.3040000000000873, 70.124762448469311948, 3436.56899999999996, 1, 3437.3040000000000873, 0, 3436.56899999999996, 1, 3437.3040000000000873, 46.328701966762935172, 3436.56899999999996, 1, 3437.3040000000000873, 73.123668696454743099, 3436.56899999999996, 1
3437.3150000000000546, 37.07979849351431767, 3436.5740000000000691, 1, 3437.3150000000000546, 0, 3436.5740000000000691, 1, 3437.3150000000000546, 58.257152110542108403, 3436.5740000000000691, 1, 3437.3150000000000546, 46.816847930823307422, 3436.5740000000000691, 1
3437.3350000000000364, 0, 3436.5790000000001783, 1, 3437.3350000000000364, 0, 3436.5790000000001783, 1, 3437.3350000000000364, 77.923936026789363041, 3436.5790000000001783, 1, 3437.3350000000000364, 0, 3436.5790000000001783, 1
3437.3350000000000364, 0, 3436.5839999999998327, 1, 3437.3350000000000364, 83.789394482752186377, 3436.5839999999998327, 1, 3437.3350000000000364, 79.160569414177146541, 3436.5839999999998327, 1, 3437.3350000000000364, 0, 3436.5839999999998327, 1
3437.3449999999997999, 0, 3436.5889999999999418, 1, 3437.3449999999997999, 102.45902904698320413, 3436.5889999999999418, 1, 3437.3449999999997999, 81.019870331760927229, 3436.5889999999999418, 1, 3437.3449999999997999, 0, 3436.5889999999999418, 1
3437.3649999999997817, 0, 3436.5940000000000509, 1, 3437.3649999999997817, 118.41308076283743844, 3436.5940000000000509, 1, 3437.3649999999997817, 74.199035137872726864, 3436.5940000000000509, 1, 3437.3649999999997817, 0, 3436.5940000000000509, 1
3437.3649999999997817, 0, 3436.5999999999999091, 1, 3437.3649999999997817, 125.68985965764611024, 3436.5999999999999091, 1, 3437.3649999999997817, 70.77731996647499102, 3436.5999999999999091, 1, 3437.3649999999997817, 0, 3436.5999999999999091, 1
3437.375, 0, 3436.6039999999998145, 1, 3437.375, 129.42916166407991341, 3436.6039999999998145, 1, 3437.375, 68.831813112890216644, 3436.6039999999998145, 1, 3437.375, 0, 3436.6039999999998145, 1
3437.3850000000002183, 0, 3436.6089999999999236, 1, 3437.3850000000002183, 132.31746323317679526, 3436.6089999999999236, 1, 3437.3850000000002183, 66.778026819492055211, 3436.6089999999999236, 1, 3437.3850000000002183, 0, 3436.6089999999999236, 1
3437.4050000000002001, 0, 3436.6140000000000327, 1, 3437.4050000000002001, 130.258499397592999, 3436.6140000000000327, 1, 3437.4050000000002001, 71.908488939200879031, 3436.6140000000000327, 1, 3437.4050000000002001, 0, 3436.6140000000000327, 1
3437.4050000000002001, 0, 3436.6190000000001419, 1, 3437.4050000000002001, 128.64585718296979167, 3436.6190000000001419, 1, 3437.4050000000002001, 74.555031819558067241, 3436.6190000000001419, 1, 3437.4050000000002001, 0, 3436.6190000000001419, 1
3437.4250000000001819, 0, 3436.6239999999997963, 1, 3437.4250000000001819, 125.77305317281347641, 3436.6239999999997963, 1, 3437.4250000000001819, 78.589632875374633159, 3436.6239999999997963, 1, 3437.4250000000001819, 0, 3436.6239999999997963, 1
3437.4250000000001819, 0, 3436.6289999999999054, 1, 3437.4250000000001819, 122.90856019731154447, 3436.6289999999999054, 1, 3437.4250000000001819, 83.103789851188992088, 3436.6289999999999054, 1, 3437.4250000000001819, 0, 3436.6289999999999054, 1
3437.4349999999999454, 0, 3436.6340000000000146, 1, 3437.4349999999999454, 121.15405424405835788, 3436.6340000000000146, 1, 3437.4349999999999454, 85.470070939757249562, 3436.6340000000000146, 1, 3437.4349999999999454, 0, 3436.6340000000000146, 1
3437.4450000000001637, 0, 3436.6390000000001237, 1, 3437.4450000000001637, 118.89662320269454199, 3436.6390000000001237, 1, 3437.4450000000001637, 87.466383743742639467, 3436.6390000000001237, 1, 3437.4450000000001637, 0, 3436.6390000000001237, 1
3437.4650000000001455, 0, 3436.6439999999997781, 1, 3437.4650000000001455, 116.19772853002064039, 3436.6439999999997781, 1, 3437.4650000000001455, 90.216259528589006322, 3436.6439999999997781, 1, 3437.4650000000001455, 0, 3436.6439999999997781, 1
3437.4740000000001601, 0, 3436.6480000000001382, 1, 3437.4740000000001601, 114.74001829895283322, 3436.6480000000001382, 1, 3437.4740000000001601, 87.152480684376158138, 3436.6480000000001382, 1, 3437.4740000000001601, 0, 3436.6480000000001382, 1
3437.4850000000001273, 0, 3436.6539999999999964, 1, 3437.4850000000001273, 113.20126948887761387, 3436.6539999999999964, 1, 3437.4850000000001273, 87.517691039177094581, 3436.6539999999999964, 1, 3437.4850000000001273, 0, 3436.6539999999999964, 1
3437.4940000000001419, 0, 3436.6590000000001055, 1, 3437.4940000000001419, 111.0136488571468476, 3436.6590000000001055, 1, 3437.4940000000001419, 90.156967845342180112, 3436.6590000000001055, 1, 3437.4940000000001419, 0, 3436.6590000000001055, 1
3437.4949999999998909, 0, 3436.6640000000002146, 1, 3437.4949999999998909, 108.59224981626920226, 3436.6640000000002146, 1, 3437.4949999999998909, 93.632856157796439334, 3436.6640000000002146, 1, 3437.4949999999998909, 0, 3436.6640000000002146, 1
3437.5140000000001237, 0, 3436.668999999999869, 1, 3437.5140000000001237, 106.03719955294366173, 3436.668999999999869, 1, 3437.5140000000001237, 98.177895279617359847, 3436.668999999999869, 1, 3437.5140000000001237, 0, 3436.668999999999869, 1
3437.5149999999998727, 0, 3436.6750000000001819, 1, 3437.5149999999998727, 103.73038736979401619, 3436.6750000000001819, 1, 3437.5149999999998727, 100.84424707867768234, 3436.6750000000001819, 1, 3437.5149999999998727, 0, 3436.6750000000001819, 1
3437.5250000000000909, 0, 3436.6790000000000873, 1, 3437.5250000000000909, 100.58929395687975727, 3436.6790000000000873, 1, 3437.5250000000000909, 106.28812772127730568, 3436.6790000000000873, 1, 3437.5250000000000909, 0, 3436.6790000000000873, 1
3437.5450000000000728, 375.60667266241523521, 3436.6840000000001965, 1, 3437.5450000000000728, 69.127675779762370212, 3436.6840000000001965, 1, 3437.5450000000000728, 92.233301979226865797, 3436.6840000000001965, 1, 3437.5450000000000728, 0, 3436.6840000000001965, 1
3437.5540000000000873, 368.90312997804284123, 3436.6889999999998508, 1, 3437.5540000000000873, 8.4832492307274769416, 3436.6889999999998508, 1, 3437.5540000000000873, 70.774904490966406456, 3436.6889999999998508, 1, 3437.5540000000000873, 0, 3436.6889999999998508, 1
3437.5540000000000873, 258.4371312599664634, 3436.69399999999996, 1, 3437.5540000000000873, 0, 3436.69399999999996, 1, 3437.5540000000000873, 79.033563921614018, 3436.69399999999996, 1, 3437.5540000000000873, 0, 3436.69399999999996, 1
3437.5639999999998508, 86.336798252587499292, 3436.6990000000000691, 1, 3437.5639999999998508, 0, 3436.6990000000000691, 1, 3437.5639999999998508, 73.521252167373305042, 3436.6990000000000691, 1, 3437.5639999999998508, 0, 3436.6990000000000691, 1
3437.5749999999998181, 3.1552099919641625192, 3436.7020000000002256, 1, 3437.5749999999998181, 0, 3436.7020000000002256, 1, 3437.5749999999998181, 41.630242515235345024, 3436.7020000000002256, 1, 3437.5749999999998181, 0, 3436.7020000000002256, 1
3437.5949999999997999, 0, 3436.7089999999998327, 1, 3437.5949999999997999, 0, 3436.7089999999998327, 1, 3437.5949999999997999, 21.457453405984541206, 3436.7089999999998327, 1, 3437.5949999999997999, 42.367291710395214466, 3436.7089999999998327, 1
3437.5949999999997999, 31.146930790074129902, 3436.7139999999999418, 1, 3437.5949999999997999, 0, 3436.7139999999999418, 1, 3437.5949999999997999, 20.484335519546544191, 3436.7139999999999418, 1, 3437.5949999999997999, 20.586953801174601608, 3436.7139999999999418, 1
3437.6050000000000182, 65.992259619115259284, 3436.7190000000000509, 1, 3437.6050000000000182, 0, 3436.7190000000000509, 1, 3437.6050000000000182, 30.004652489009870919, 3436.7190000000000509, 1, 3437.6050000000000182, 25.165972503279938621, 3436.7190000000000509, 1
3437.625, 83.783994268400078909, 3436.7240000000001601, 1, 3437.625, 0, 3436.7240000000001601, 1, 3437.625, 32.780213391795072653, 3436.7240000000001601, 1, 3437.625, 30.389237018478944208, 3436.7240000000001601, 1
3437.6260000000002037, 94.209651131793549439, 3436.7289999999998145, 1, 3437.6260000000002037, 82.977583780569830196, 3436.7289999999998145, 1, 3437.6260000000002037, 34.044509740983130541, 3436.7289999999998145, 1, 3437.6260000000002037, 35.761392877286311887, 3436.7289999999998145, 1
3437.6350000000002183, 86.813422346312776767, 3436.7339999999999236, 1, 3437.6350000000002183, 73.468742985976220439, 3436.7339999999999236, 1, 3437.6350000000002183, 31.709922918979355444, 3436.7339999999999236, 1, 3437.6350000000002183, 27.43717722042381979, 3436.7339999999999236, 1
3437.6449999999999818, 34.149077770795180697, 3436.7390000000000327, 1, 3437.6449999999999818, 92.920483432940628177, 3436.7390000000000327, 1, 3437.6449999999999818, 133.83733794695814368, 3436.7390000000000327, 1, 3437.6449999999999818, 75.314209041340291151, 3436.7390000000000327, 1
3437.6640000000002146, 38.104982634680709452, 3436.7449999999998909, 1, 3437.6640000000002146, 0, 3436.7449999999998909, 1, 3437.6640000000002146, 0, 3436.7449999999998909, 1, 3437.6640000000002146, 78.227810389507979494, 3436.7449999999998909, 1
3437.6640000000002146, 74.027707946179873488, 3436.7510000000002037, 1, 3437.6640000000002146, 0, 3436.7510000000002037, 1, 3437.6640000000002146, 0, 3436.7510000000002037, 1, 3437.6640000000002146, 73.945931148748300643, 3436.7510000000002037, 1
3437.6750000000001819, 92.992474247348638983, 3436.7539999999999054, 1, 3437.6750000000001819, 0, 3436.7539999999999054, 1, 3437.6750000000001819, 0, 3436.7539999999999054, 1, 3437.6750000000001819, 76.332068910220414182, 3436.7539999999999054, 1
3437.6849999999999454, 104.16334825213755266, 3436.7590000000000146, 1, 3437.6849999999999454, 0, 3436.7590000000000146, 1, 3437.6849999999999454, 0, 3436.7590000000000146, 1, 3437.6849999999999454, 78.448689040031979403, 3436.7590000000000146, 1
3437.69399999999996, 110.09812002926628338, 3436.7640000000001237, 1, 3437.69399999999996, 0, 3436.7640000000001237, 1, 3437.69399999999996, 0, 3436.7640000000001237, 1, 3437.69399999999996, 79.984416869302819464, 3436.7640000000001237, 1
3437.7049999999999272, 111.91391053818999524, 3436.7689999999997781, 1, 3437.7049999999999272, 0, 3436.7689999999997781, 1, 3437.7049999999999272, 0, 3436.7689999999997781, 1, 3437.7049999999999272, 83.766465527674895952, 3436.7689999999997781, 1
3437.7179999999998472, 112.94173128255940242, 3436.7739999999998872, 1, 3437.7179999999998472, 0, 3436.7739999999998872, 1, 3437.7179999999998472, 0, 3436.7739999999998872, 1, 3437.7179999999998472, 85.658399905097468263, 3436.7739999999998872, 1
3437.7249999999999091, 111.60042472760068222, 3436.7789999999999964, 1, 3437.7249999999999091, 0, 3436.7789999999999964, 1, 3437.7249999999999091, 0, 3436.7789999999999964, 1, 3437.7249999999999091, 89.608679947343205185, 3436.7789999999999964, 1
3437.7350000000001273, 110.92342176089394457, 3436.7840000000001055, 1, 3437.7350000000001273, 0, 3436.7840000000001055, 1, 3437.7350000000001273, 0, 3436.7840000000001055, 1, 3437.7350000000001273, 90.086652632404110363, 3436.7840000000001055, 1
3437.7449999999998909, 108.59738977049636333, 3436.7890000000002146, 1, 3437.7449999999998909, 0, 3436.7890000000002146, 1, 3437.7449999999998909, 0, 3436.7890000000002146, 1, 3437.7449999999998909, 95.57904313600741375, 3436.7890000000002146, 1
3437.7550000000001091, 106.72557856609415694, 3436.7930000000001201, 1, 3437.7550000000001091, 0, 3436.7930000000001201, 1, 3437.7550000000001091, 0, 3436.7930000000001201, 1, 3437.7550000000001091, 100.00104307635965029, 3436.7930000000001201, 1
3437.7669999999998254, 104.68569708965748077, 3436.7989999999999782, 1, 3437.7669999999998254, 0, 3436.7989999999999782, 1, 3437.7669999999998254, 0, 3436.7989999999999782, 1, 3437.7669999999998254, 104.34046986967879889, 3436.7989999999999782, 1
3437.7789999999999964, 103.73853684061802483, 3436.8040000000000873, 1, 3437.7789999999999964, 0, 3436.8040000000000873, 1, 3437.7789999999999964, 0, 3436.8040000000000873, 1, 3437.7789999999999964, 107.84068527454104469, 3436.8040000000000873, 1
3437.7950000000000728, 101.89387133056327173, 3436.8099999999999454, 1, 3437.7950000000000728, 0, 3436.8099999999999454, 1, 3437.7950000000000728, 0, 3436.8099999999999454, 1, 3437.7950000000000728, 110.96366380022688247, 3436.8099999999999454, 1
3437.7950000000000728, 101.70779066251566292, 3436.8139999999998508, 1, 3437.7950000000000728, 0, 3436.8139999999998508, 1, 3437.7950000000000728, 0, 3436.8139999999998508, 1, 3437.7950000000000728, 110.70978788370143775, 3436.8139999999998508, 1
3437.8049999999998363, 100.33966869069297445, 3436.818000000000211, 1, 3437.8049999999998363, 0, 3436.818000000000211, 1, 3437.8049999999998363, 0, 3436.818000000000211, 1, 3437.8049999999998363, 113.02019807353840974, 3436.818000000000211, 1
3437.8150000000000546, 99.059473804516741779, 3436.8240000000000691, 1, 3437.8150000000000546, 0, 3436.8240000000000691, 1, 3437.8150000000000546, 0, 3436.8240000000000691, 1, 3437.8150000000000546, 113.78517764872233897, 3436.8240000000000691, 1
3437.8249999999998181, 97.949131465719418088, 3436.8290000000001783, 1, 3437.8249999999998181, 0, 3436.8290000000001783, 1, 3437.8249999999998181, 0, 3436.8290000000001783, 1, 3437.8249999999998181, 116.25848902451323852, 3436.8290000000001783, 1
3437.8350000000000364, 96.61218185091948385, 3436.8350000000000364, 1, 3437.8350000000000364, 0, 3436.8350000000000364, 1, 3437.8350000000000364, 0, 3436.8350000000000364, 1, 3437.8350000000000364, 119.94268074543875002, 3436.8350000000000364, 1
3437.8449999999997999, 95.00781474834084861, 3436.8389999999999418, 1, 3437.8449999999997999, 0, 3436.8389999999999418, 1, 3437.8449999999997999, 0, 3436.8389999999999418, 1, 3437.8449999999997999, 122.65070248533513109, 3436.8389999999999418, 1
3437.8550000000000182, 93.794679079265790733, 3436.8440000000000509, 1, 3437.8550000000000182, 0, 3436.8440000000000509, 1, 3437.8550000000000182, 0, 3436.8440000000000509, 1, 3437.8550000000000182, 123.47138503248052643, 3436.8440000000000509, 1
3437.8640000000000327, 92.625287658273549596, 3436.8519999999998618, 1, 3437.8640000000000327, 0, 3436.8519999999998618, 1, 3437.8640000000000327, 0, 3436.8519999999998618, 1, 3437.8640000000000327, 123.25040632392050099, 3436.8519999999998618, 1
3437.875, 86.933785803292778382, 3436.8539999999998145, 1, 3437.875, 353.2129714214232763, 3436.8539999999998145, 1, 3437.875, 0, 3436.8539999999998145, 1, 3437.875, 117.7916217001505288, 3436.8539999999998145, 1
3437.8949999999999818, 20.720572001192060441, 3436.8589999999999236, 1, 3437.8949999999999818, 259.56458180951284476, 3436.8589999999999236, 1, 3437.8949999999999818, 238.78897967049420004, 3436.8589999999999236, 1, 3437.8949999999999818, 102.09614798763414001, 3436.8589999999999236, 1
3437.8949999999999818, 0, 3436.8640000000000327, 1, 3437.8949999999999818, 73.09982820299683226, 3436.8640000000000327, 1, 3437.8949999999999818, 109.89643935948036813, 3436.8640000000000327, 1, 3437.8949999999999818, 40.397835961549915851, 3436.8640000000000327, 1
3437.9050000000002001, 0, 3436.8690000000001419, 1, 3437.9050000000002001, 13.817582316072359205, 3436.8690000000001419, 1, 3437.9050000000002001, 42.232617526811097264, 3436.8690000000001419, 1, 3437.9050000000002001, 35.572395823839272566, 3436.8690000000001419, 1
3437.9149999999999636, 0, 3436.8739999999997963, 1, 3437.9149999999999636, 9.8829663530889106937, 3436.8739999999997963, 1, 3437.9149999999999636, 21.299903914649490844, 3436.8739999999997963, 1, 3437.9149999999999636, 43.494953891090034404, 3436.8739999999997963, 1
3437.9340000000001965, 0, 3436.8800000000001091, 1, 3437.9340000000001965, 27.97969048711271256, 3436.8800000000001091, 1, 3437.9340000000001965, 19.345389535131367609, 3436.8800000000001091, 1, 3437.9340000000001965, 49.615667142827092562, 3436.8800000000001091, 1
3437.9340000000001965, 55.977823354102007158, 3436.8840000000000146, 1, 3437.9340000000001965, 47.989190196023479018, 3436.8840000000000146, 1, 3437.9340000000001965, 22.916805856616296211, 3436.8840000000000146, 1, 3437.9340000000001965, 52.258268650787613296, 3436.8840000000000146, 1
3437.9450000000001637, 54.434316670488087198, 3436.8890000000001237, 1, 3437.9450000000001637, 52.543710490109639011, 3436.8890000000001237, 1, 3437.9450000000001637, 25.037107713274764365, 3436.8890000000001237, 1, 3437.9450000000001637, 57.785010083048533147, 3436.8890000000001237, 1
3437.9670000000000982, 57.967471406145890001, 3436.8939999999997781, 1, 3437.9670000000000982, 56.654320922784414449, 3436.8939999999997781, 1, 3437.9670000000000982, 26.521780431804501177, 3436.8939999999997781, 1, 3437.9670000000000982, 49.780243231089755795, 3436.8939999999997781, 1
3437.9670000000000982, 58.861907932708440683, 3436.9000000000000909, 1, 3437.9670000000000982, 55.846671746811523462, 3436.9000000000000909, 1, 3437.9670000000000982, 32.420664699798976471, 3436.9000000000000909, 1, 3437.9670000000000982, 48.550053644683572429, 3436.9000000000000909, 1
3437.9850000000001273, 41.475177641671706397, 3436.9039999999999964, 1, 3437.9850000000001273, 55.655720500556654429, 3436.9039999999999964, 1, 3437.9850000000001273, 62.895767495114071721, 3436.9039999999999964, 1, 3437.9850000000001273, 34.540572026933944016, 3436.9039999999999964, 1
3438.0050000000001091, 0, 3436.9099999999998545, 1, 3438.0050000000001091, 104.1845254154739564, 3436.9099999999998545, 1, 3438.0050000000001091, 73.999872338258285254, 3436.9099999999998545, 1, 3438.0050000000001091, 0, 3436.9099999999998545, 1
3438.0050000000001091, 0, 3436.9140000000002146, 1, 3438.0050000000001091, 117.56283962641829532, 3436.9140000000002146, 1, 3438.0050000000001091, 69.437882481315654104, 3436.9140000000002146, 1, 3438.0050000000001091, 0, 3436.9140000000002146, 1
3438.0149999999998727, 0, 3436.9200000000000728, 1, 3438.0149999999998727, 126.11016454758177474, 3436.9200000000000728, 1, 3438.0149999999998727, 66.50870982452447322, 3436.9200000000000728, 1, 3438.0149999999998727, 0, 3436.9200000000000728, 1
3438.0349999999998545, 0, 3436.9239999999999782, 1, 3438.0349999999998545, 128.40521865445950311, 3436.9239999999999782, 1, 3438.0349999999998545, 63.531910535647554639, 3436.9239999999999782, 1, 3438.0349999999998545, 0, 3436.9239999999999782, 1
3438.0450000000000728, 0, 3436.9290000000000873, 1, 3438.0450000000000728, 128.96547425507219486, 3436.9290000000000873, 1, 3438.0450000000000728, 66.448243387188398401, 3436.9290000000000873, 1, 3438.0450000000000728, 0, 3436.9290000000000873, 1
3438.0450000000000728, 0, 3436.9340000000001965, 1, 3438.0450000000000728, 127.85834026814785602, 3436.9340000000001965, 1, 3438.0450000000000728, 68.95075723392001521, 3436.9340000000001965, 1, 3438.0450000000000728, 0, 3436.9340000000001965, 1
3438.0549999999998363, 0, 3436.9389999999998508, 1, 3438.0549999999998363, 126.23621801361096573, 3436.9389999999998508, 1, 3438.0549999999998363, 72.076541523103315967, 3436.9389999999998508, 1, 3438.0549999999998363, 0, 3436.9389999999998508, 1
3438.0749999999998181, 0, 3436.94399999999996, 1, 3438.0749999999998181, 124.74666606063769336, 3436.94399999999996, 1, 3438.0749999999998181, 74.682645429802505532, 3436.94399999999996, 1, 3438.0749999999998181, 0, 3436.94399999999996, 1
3438.0749999999998181, 0, 3436.9490000000000691, 1, 3438.0749999999998181, 122.65110401891902825, 3436.9490000000000691, 1, 3438.0749999999998181, 81.133065400481740426, 3436.9490000000000691, 1, 3438.0749999999998181, 0, 3436.9490000000000691, 1
3438.0850000000000364, 0, 3436.9529999999999745, 1, 3438.0850000000000364, 118.34045258358045771, 3436.9529999999999745, 1, 3438.0850000000000364, 82.986620848596515998, 3436.9529999999999745, 1, 3438.0850000000000364, 0, 3436.9529999999999745, 1
3438.1050000000000182, 0, 3436.9589999999998327, 1, 3438.1050000000000182, 115.9432428680464966, 3436.9589999999998327, 1, 3438.1050000000000182, 85.659732725600903791, 3436.9589999999998327, 1, 3438.1050000000000182, 0, 3436.9589999999998327, 1
3438.1050000000000182, 0, 3436.9670000000000982, 1, 3438.1050000000000182, 113.2445533999160574, 3436.9670000000000982, 1, 3438.1050000000000182, 90.095509785567514882, 3436.9670000000000982, 1, 3438.1050000000000182, 0, 3436.9670000000000982, 1
3438.1149999999997817, 0, 3436.9690000000000509, 1, 3438.1149999999997817, 110.85548511613953337, 3436.9690000000000509, 1, 3438.1149999999997817, 92.38787703808006313, 3436.9690000000000509, 1, 3438.1149999999997817, 0, 3436.9690000000000509, 1
3438.125, 0, 3436.9740000000001601, 1, 3438.125, 108.96926141834842383, 3436.9740000000001601, 1, 3438.125, 94.283837588470262858, 3436.9740000000001601, 1, 3438.125, 0, 3436.9740000000001601, 1
3438.1350000000002183, 0, 3436.9780000000000655, 1, 3438.1350000000002183, 106.93695724307858086, 3436.9780000000000655, 1, 3438.1350000000002183, 96.038950726136505409, 3436.9780000000000655, 1, 3438.1350000000002183, 0, 3436.9780000000000655, 1
3438.1449999999999818, 0, 3436.9830000000001746, 1, 3438.1449999999999818, 104.87284445645730102, 3436.9830000000001746, 1, 3438.1449999999999818, 99.233891121352684195, 3436.9830000000001746, 1, 3438.1449999999999818, 0, 3436.9830000000001746, 1
3438.1550000000002001, 0, 3436.9890000000000327, 1, 3438.1550000000002001, 102.67694091257612854, 3436.9890000000000327, 1, 3438.1550000000002001, 103.64851345428952811, 3436.9890000000000327, 1, 3438.1550000000002001, 0, 3436.9890000000000327, 1
3438.1750000000001819, 0, 3436.9940000000001419, 1, 3438.1750000000001819, 100.07608220608292982, 3436.9940000000001419, 1, 3438.1750000000001819, 107.36153376469800946, 3436.9940000000001419, 1, 3438.1750000000001819, 0, 3436.9940000000001419, 1
3438.1840000000001965, 0, 3437, 1, 3438.1840000000001965, 97.128572028427583973, 3437, 1, 3438.1840000000001965, 111.79363922819317168, 3437, 1, 3438.1840000000001965, 0, 3437, 1
3438.2049999999999272, 393.27079488421452425, 3437.0039999999999054, 1, 3438.2049999999999272, 12.735307141763406946, 3437.0039999999999054, 1, 3438.2049999999999272, 73.647752326363345787, 3437.0039999999999054, 1, 3438.2049999999999272, 0, 3437.0039999999999054, 1
3438.206000000000131, 335.17726226143804524, 3437.0109999999999673, 1, 3438.206000000000131, 0, 3437.0109999999999673, 1, 3438.206000000000131, 74.852564391264024835, 3437.0109999999999673, 1, 3438.206000000000131, 0, 3437.0109999999999673, 1
3438.2139999999999418, 112.33427944264599319, 3437.0140000000001237, 1, 3438.2139999999999418, 0, 3437.0140000000001237, 1, 3438.2139999999999418, 68.671166501144767835, 3437.0140000000001237, 1, 3438.2139999999999418, 0, 3437.0140000000001237, 1
3438.2249999999999091, 2.9729262648928527213, 3437.0189999999997781, 1, 3438.2249999999999091, 0, 3437.0189999999997781, 1, 3438.2249999999999091, 49.621956275015755011, 3437.0189999999997781, 1, 3438.2249999999999091, 0, 3437.0189999999997781, 1
3438.2350000000001273, 0, 3437.0239999999998872, 1, 3438.2350000000001273, 0, 3437.0239999999998872, 1, 3438.2350000000001273, 27.628316799339167176, 3437.0239999999998872, 1, 3438.2350000000001273, 75.633875112183403644, 3437.0239999999998872, 1
3438.2449999999998909, 0, 3437.0289999999999964, 1, 3438.2449999999998909, 0, 3437.0289999999999964, 1, 3438.2449999999998909, 20.713809988102699577, 3437.0289999999999964, 1, 3438.2449999999998909, 12.336435351974813557, 3437.0289999999999964, 1
3438.2550000000001091, 44.385554711311264953, 3437.0340000000001055, 1, 3438.2550000000001091, 0, 3437.0340000000001055, 1, 3438.2550000000001091, 28.327667881538310723, 3437.0340000000001055, 1, 3438.2550000000001091, 15.888239214462199556, 3437.0340000000001055, 1
3438.2660000000000764, 77.19896186316185549, 3437.0399999999999636, 1, 3438.2660000000000764, 0, 3437.0399999999999636, 1, 3438.2660000000000764, 37.436491682952080851, 3437.0399999999999636, 1, 3438.2660000000000764, 24.864089845319146121, 3437.0399999999999636, 1
3438.2759999999998399, 93.88361838687751515, 3437.0450000000000728, 1, 3438.2759999999998399, 0, 3437.0450000000000728, 1, 3438.2759999999998399, 40.302232239632985511, 3437.0450000000000728, 1, 3438.2759999999998399, 30.68571310061054902, 3437.0450000000000728, 1
3438.2950000000000728, 97.027814429859631673, 3437.0489999999999782, 1, 3438.2950000000000728, 162.26377590954564312, 3437.0489999999999782, 1, 3438.2950000000000728, 98.039039023757311497, 3437.0489999999999782, 1, 3438.2950000000000728, 49.416175534889760002, 3437.0489999999999782, 1
3438.2950000000000728, 33.434648293261275853, 3437.0540000000000873, 1, 3438.2950000000000728, 105.92604811254412311, 3437.0540000000000873, 1, 3438.2950000000000728, 155.2579188538712458, 3437.0540000000000873, 1, 3438.2950000000000728, 74.09987328602480261, 3437.0540000000000873, 1
3438.30600000000004, 38.10356945259030681, 3437.0599999999999454, 1, 3438.30600000000004, 0, 3437.0599999999999454, 1, 3438.30600000000004, 15.437916245462117715, 3437.0599999999999454, 1, 3438.30600000000004, 73.274349112569780118, 3437.0599999999999454, 1
3438.3150000000000546, 76.951050812995248407, 3437.0639999999998508, 1, 3438.3150000000000546, 0, 3437.0639999999998508, 1, 3438.3150000000000546, 0, 3437.0639999999998508, 1, 3438.3150000000000546, 72.081233832016209817, 3437.0639999999998508, 1
3438.3249999999998181, 95.515981391589249938, 3437.06899999999996, 1, 3438.3249999999998181, 0, 3437.06899999999996, 1, 3438.3249999999998181, 0, 3437.06899999999996, 1, 3438.3249999999998181, 75.258772872400314213, 3437.06899999999996, 1
3438.3350000000000364, 106.2896848456200587, 3437.0740000000000691, 1, 3438.3350000000000364, 0, 3437.0740000000000691, 1, 3438.3350000000000364, 0, 3437.0740000000000691, 1, 3438.3350000000000364, 77.029191394857775776, 3437.0740000000000691, 1
3438.3449999999997999, 111.46400880487757945, 3437.0819999999998799, 1, 3438.3449999999997999, 0, 3437.0819999999998799, 1, 3438.3449999999997999, 0, 3437.0819999999998799, 1, 3438.3449999999997999, 78.926385055470746011, 3437.0819999999998799, 1
3438.3550000000000182, 113.6547214646372197, 3437.0839999999998327, 1, 3438.3550000000000182, 0, 3437.0839999999998327, 1, 3438.3550000000000182, 0, 3437.0839999999998327, 1, 3438.3550000000000182, 81.487266362561598498, 3437.0839999999998327, 1
3438.3649999999997817, 114.59360277608904255, 3437.0889999999999418, 1, 3438.3649999999997817, 0, 3437.0889999999999418, 1, 3438.3649999999997817, 0, 3437.0889999999999418, 1, 3438.3649999999997817, 83.414203353206460179, 3437.0889999999999418, 1
3438.375, 113.87630627738674605, 3437.0940000000000509, 1, 3438.375, 0, 3437.0940000000000509, 1, 3438.375, 0, 3437.0940000000000509, 1, 3438.375, 86.13608577835644553, 3437.0940000000000509, 1
3438.3850000000002183, 111.65145098148934721, 3437.0990000000001601, 1, 3438.3850000000002183, 0, 3437.0990000000001601, 1, 3438.3850000000002183, 0, 3437.0990000000001601, 1, 3438.3850000000002183, 92.164256312439704288, 3437.0990000000001601, 1
3438.3949999999999818, 109.84232470633098444, 3437.1039999999998145, 1, 3438.3949999999999818, 0, 3437.1039999999998145, 0, 3438.3949999999999818, 0, 3437.1039999999998145, 0, 3438.3949999999999818, 95.949462930948243411, 3437.1039999999998145, 1
3438.4050000000002001, 108.32557226111322279, 3437.1100000000001273, 1, 3438.4050000000002001, 0, 3437.1100000000001273, 0, 3438.4050000000002001, 0, 3437.1100000000001273, 0, 3438.4050000000002001, 99.635614307316302529, 3437.1100000000001273, 1
3438.4250000000001819, 106.51817781792982487, 3437.1140000000000327, 1, 3438.4250000000001819, 0, 3437.1140000000000327, 0, 3438.4250000000001819, 0, 3437.1140000000000327, 0, 3438.4250000000001819, 103.79916184854562289, 3437.1140000000000327, 1
3438.4250000000001819, 105.10576808957499395, 3437.1199999999998909, 1, 3438.4250000000001819, 0, 3437.1199999999998909, 0, 3438.4250000000001819, 0, 3437.1199999999998909, 0, 3438.4250000000001819, 108.57333643450070326, 3437.1199999999998909, 1
3438.4349999999999454, 103.35530545634935606, 3437.125, 1, 3438.4349999999999454, 0, 3437.125, 0, 3438.4349999999999454, 0, 3437.125, 0, 3438.4349999999999454, 103.66072741065545415, 3437.125, 1
3438.4450000000001637, 101.91617826906897903, 3437.1300000000001091, 1, 3438.4450000000001637, 0, 3437.1300000000001091, 0, 3438.4450000000001637, 0, 3437.1300000000001091, 0, 3438.4450000000001637, 102.92338247823570896, 3437.1300000000001091, 1
3438.4549999999999272, 100.21070850318074008, 3437.1359999999999673, 1, 3438.4549999999999272, 0, 3437.1359999999999673, 0, 3438.4549999999999272, 0, 3437.1359999999999673, 0, 3438.4549999999999272, 107.20313242493780592, 3437.1359999999999673, 1
3438.4650000000001455, 99.32862613628124393, 3437.1390000000001237, 1, 3438.4650000000001455, 0, 3437.1390000000001237, 0, 3438.4650000000001455, 0, 3437.1390000000001237, 0, 3438.4650000000001455, 110.18288642471408423, 3437.1390000000001237, 1
3438.4749999999999091, 98.734190757132068939, 3437.1449999999999818, 1, 3438.4749999999999091, 0, 3437.1449999999999818, 0, 3438.4749999999999091, 0, 3437.1449999999999818, 0, 3438.4749999999999091, 116.16607232168327357, 3437.1449999999999818, 1
3438.4839999999999236, 96.599494508916905033, 3437.1489999999998872, 1, 3438.4839999999999236, 0, 3437.1489999999998872, 0, 3438.4839999999999236, 0, 3437.1489999999998872, 0, 3438.4839999999999236, 114.2983838035456472, 3437.1489999999998872, 1
3438.4949999999998909, 95.465970487255845001, 3437.1539999999999964, 1, 3438.4949999999998909, 0, 3437.1539999999999964, 0, 3438.4949999999998909, 0, 3437.1539999999999964, 0, 3438.4949999999998909, 116.85251893639205889, 3437.1539999999999964, 1
3438.5050000000001091, 94.017773606337655679, 3437.1590000000001055, 1, 3438.5050000000001091, 0, 3437.1590000000001055, 0, 3438.5050000000001091, 0, 3437.1590000000001055, 0, 3438.5050000000001091, 119.59321055543722423, 3437.1590000000001055, 1
3438.5259999999998399, 93.325658985070234053, 3437.1640000000002146, 1, 3438.5259999999998399, 0, 3437.1640000000002146, 0, 3438.5259999999998399, 0, 3437.1640000000002146, 0, 3438.5259999999998399, 117.39269209637360802, 3437.1640000000002146, 1
3438.5259999999998399, 94.54716087213961373, 3437.168999999999869, 1, 3438.5259999999998399, 202.95541124815989065, 3437.168999999999869, 0, 3438.5259999999998399, 0, 3437.168999999999869, 0, 3438.5259999999998399, 115.91627269681504231, 3437.168999999999869, 1
3438.5360000000000582, 45.176732788259208462, 3437.1739999999999782, 1, 3438.5360000000000582, 292.05921805189791485, 3437.1739999999999782, 0, 3438.5360000000000582, 247.84420362444117814, 3437.1739999999999782, 0, 3438.5360000000000582, 69.194463039884482214, 3437.1739999999999782, 1
3438.55600000000004, 0.74663591263733275483, 3437.1790000000000873, 1, 3438.55600000000004, 77.296709688159126017, 3437.1790000000000873, 0, 3438.55600000000004, 84.32602967114920034, 3437.1790000000000873, 0, 3438.55600000000004, 28.859606078487150427, 3437.1790000000000873, 1
3438.55600000000004, 0, 3437.1849999999999454, 1, 3438.55600000000004, 23.820819625581560075, 3437.1849999999999454, 0, 3438.55600000000004, 45.982595061811224468, 3437.1849999999999454, 0, 3438.55600000000004, 46.351519991379248609, 3437.1849999999999454, 1
3438.5760000000000218, 17.326389819762049171, 3437.1900000000000546, 1, 3438.5760000000000218, 23.549180336705035188, 3437.1900000000000546, 0, 3438.5760000000000218, 29.323642628515507624, 3437.1900000000000546, 0, 3438.5760000000000218, 50.522460646080716629, 3437.1900000000000546, 1
3438.5859999999997854, 21.978292099372545465, 3437.19399999999996, 1, 3438.5859999999997854, 35.871498736484063841, 3437.19399999999996, 0, 3438.5859999999997854, 21.294395370753200325, 3437.19399999999996, 0, 3438.5859999999997854, 57.067651420933813711, 3437.19399999999996, 1
3438.5859999999997854, 38.144132813023617246, 3437.1990000000000691, 1, 3438.5859999999997854, 44.914054082327098172, 3437.1990000000000691, 0, 3438.5859999999997854, 21.720439836665200062, 3437.1990000000000691, 0, 3438.5859999999997854, 58.198331665819864611, 3437.1990000000000691, 1
3438.5960000000000036, 47.642870130597152922, 3437.2040000000001783, 1, 3438.5960000000000036, 53.113206403622768903, 3437.2040000000001783, 0, 3438.5960000000000036, 23.181502601772649541, 3437.2040000000001783, 0, 3438.5960000000000036, 52.869555265041448422, 3437.2040000000001783, 1
3438.6060000000002219, 52.131701671936021114, 3437.2089999999998327, 1, 3438.6060000000002219, 57.499396052101829468, 3437.2089999999998327, 0, 3438.6060000000002219, 25.399729737702998023, 3437.2089999999998327, 0, 3438.6060000000002219, 48.975345896288686731, 3437.2089999999998327, 1
3438.6159999999999854, 56.173925597688551647, 3437.2139999999999418, 1, 3438.6159999999999854, 62.216963749449504917, 3437.2139999999999418, 0, 3438.6159999999999854, 30.352916925891676669, 3437.2139999999999418, 0, 3438.6159999999999854, 45.386678900731311614, 3437.2139999999999418, 1
3438.6260000000002037, 0, 3437.2210000000000036, 1, 3438.6260000000002037, 64.992121870360833213, 3437.2210000000000036, 0, 3438.6260000000002037, 65.171826568986716666, 3437.2210000000000036, 0, 3438.6260000000002037, 0, 3437.2210000000000036, 1
3438.6359999999999673, 0, 3437.2240000000001601, 1, 3438.6359999999999673, 91.779772044718498591, 3437.2240000000001601, 0, 3438.6359999999999673, 75.580380794494232077, 3437.2240000000001601, 0, 3438.6359999999999673, 0, 3437.2240000000001601, 1
3438.6559999999999491, 0, 3437.2289999999998145, 1, 3438.6559999999999491, 109.98332768870567122, 3437.2289999999998145, 1, 3438.6559999999999491, 74.380684818669209335, 3437.2289999999998145, 1, 3438.6559999999999491, 0, 3437.2289999999998145, 1
3438.6660000000001673, 0, 3437.2339999999999236, 1, 3438.6660000000001673, 120.32409170098250684, 3437.2339999999999236, 1, 3438.6660000000001673, 70.850881559366627016, 3437.2339999999999236, 1, 3438.6660000000001673, 0, 3437.2339999999999236, 1
3438.6660000000001673, 0, 3437.2390000000000327, 1, 3438.6660000000001673, 127.1957409343757206, 3437.2390000000000327, 1, 3438.6660000000001673, 65.894606617185516484, 3437.2390000000000327, 1, 3438.6660000000001673, 0, 3437.2390000000000327, 1
3438.6759999999999309, 0, 3437.2440000000001419, 1, 3438.6759999999999309, 130.38499410033531944, 3437.2440000000001419, 1, 3438.6759999999999309, 65.005801703837477135, 3437.2440000000001419, 1, 3438.6759999999999309, 0, 3437.2440000000001419, 1
3438.6860000000001492, 0, 3437.2489999999997963, 1, 3438.6860000000001492, 129.98356182880698384, 3437.2489999999997963, 1, 3438.6860000000001492, 66.457881446755592947, 3437.2489999999997963, 1, 3438.6860000000001492, 0, 3437.2489999999997963, 1
3438.706000000000131, 0, 3437.2550000000001091, 1, 3438.706000000000131, 126.54314196929905734, 3437.2550000000001091, 1, 3438.706000000000131, 70.798965331621616315, 3437.2550000000001091, 1, 3438.706000000000131, 0, 3437.2550000000001091, 1
3438.7159999999998945, 0, 3437.2590000000000146, 1, 3438.7159999999998945, 128.53794608223540763, 3437.2590000000000146, 1, 3438.7159999999998945, 70.823934878901724232, 3437.2590000000000146, 1, 3438.7159999999998945, 0, 3437.2590000000000146, 1
3438.7260000000001128, 0, 3437.2640000000001237, 1, 3438.7260000000001128, 125.05556999628410608, 3437.2640000000001237, 1, 3438.7260000000001128, 74.095326171929571046, 3437.2640000000001237, 1, 3438.7260000000001128, 0, 3437.2640000000001237, 1
3438.7260000000001128, 0, 3437.2689999999997781, 1, 3438.7260000000001128, 121.13545593967742775, 3437.2689999999997781, 1, 3438.7260000000001128, 81.655326069587715665, 3437.2689999999997781, 1, 3438.7260000000001128, 0, 3437.2689999999997781, 1
3438.7359999999998763, 0, 3437.2739999999998872, 1, 3438.7359999999998763, 118.44505732513445651, 3437.2739999999998872, 1, 3438.7359999999998763, 86.0372484530683721, 3437.2739999999998872, 1, 3438.7359999999998763, 0, 3437.2739999999998872, 1
3438.7559999999998581, 0, 3437.2779999999997926, 1, 3438.7559999999998581, 115.93965657782959511, 3437.2779999999997926, 1, 3438.7559999999998581, 88.662452696151149212, 3437.2779999999997926, 1, 3438.7559999999998581, 0, 3437.2779999999997926, 1
3438.7559999999998581, 0, 3437.2840000000001055, 1, 3438.7559999999998581, 114.23526824141146108, 3437.2840000000001055, 1, 3438.7559999999998581, 91.700737094732176047, 3437.2840000000001055, 1, 3438.7559999999998581, 0, 3437.2840000000001055, 1
3438.7759999999998399, 0, 3437.2890000000002146, 1, 3438.7759999999998399, 111.78431287615430278, 3437.2890000000002146, 1, 3438.7759999999998399, 90.458965959479144203, 3437.2890000000002146, 1, 3438.7759999999998399, 0, 3437.2890000000002146, 1
3438.7860000000000582, 0, 3437.2959999999998217, 1, 3438.7860000000000582, 109.28371728887097447, 3437.2959999999998217, 1, 3438.7860000000000582, 93.872689472433407332, 3437.2959999999998217, 1, 3438.7860000000000582, 0, 3437.2959999999998217, 1
3438.7959999999998217, 0, 3437.2989999999999782, 1, 3438.7959999999998217, 107.07284886083643016, 3437.2989999999999782, 1, 3438.7959999999998217, 95.975925452734230703, 3437.2989999999999782, 1, 3438.7959999999998217, 0, 3437.2989999999999782, 1
3438.806999999999789, 0, 3437.3049999999998363, 0, 3438.806999999999789, 104.72867672751965529, 3437.3049999999998363, 1, 3438.806999999999789, 96.865802187182140415, 3437.3049999999998363, 1, 3438.806999999999789, 0, 3437.3049999999998363, 0
3438.806999999999789, 0, 3437.3079999999999927, 0, 3438.806999999999789, 102.42857623285532043, 3437.3079999999999927, 1, 3438.806999999999789, 100.73521439413929102, 3437.3079999999999927, 1, 3438.806999999999789, 0, 3437.3079999999999927, 0
3438.8270000000002256, 0, 3437.3139999999998508, 0, 3438.8270000000002256, 99.927157832383358027, 3437.3139999999998508, 1, 3438.8270000000002256, 105.49021911886902103, 3437.3139999999998508, 1, 3438.8270000000002256, 0, 3437.3139999999998508, 0
3438.8270000000002256, 0, 3437.31899999999996, 0, 3438.8270000000002256, 97.854303980883486247, 3437.31899999999996, 1, 3438.8270000000002256, 106.79610490223414843, 3437.31899999999996, 1, 3438.8270000000002256, 0, 3437.31899999999996, 0
3438.8359999999997854, 372.53723598778594805, 3437.3240000000000691, 0, 3438.8359999999997854, 74.185467788504652731, 3437.3240000000000691, 1, 3438.8359999999997854, 101.25967084745070679, 3437.3240000000000691, 1, 3438.8359999999997854, 0, 3437.3240000000000691, 0
3438.8460000000000036, 377.04853519127556183, 3437.331000000000131, 0, 3438.8460000000000036, 12.952716404130514505, 3437.331000000000131, 1, 3438.8460000000000036, 74.511594074394864151, 3437.331000000000131, 1, 3438.8460000000000036, 0, 3437.331000000000131, 0
3438.8659999999999854, 319.88514521447541483, 3437.3339999999998327, 0, 3438.8659999999999854, 0, 3437.3339999999998327, 1, 3438.8659999999999854, 74.346261090434069274, 3437.3339999999998327, 1, 3438.8659999999999854, 0, 3437.3339999999998327, 0
3438.8760000000002037, 114.02110293076100334, 3437.3389999999999418, 0, 3438.8760000000002037, 0, 3437.3389999999999418, 1, 3438.8760000000002037, 67.886700830364574699, 3437.3389999999999418, 1, 3438.8760000000002037, 0, 3437.3389999999999418, 0
3438.8760000000002037, 1.8621542703094975391, 3437.3449999999997999, 0, 3438.8760000000002037, 0, 3437.3449999999997999, 1, 3438.8760000000002037, 46.541870761542099899, 3437.3449999999997999, 1, 3438.8760000000002037, 0, 3437.3449999999997999, 0
3438.8960000000001855, 0, 3437.3499999999999091, 0, 3438.8960000000001855, 0, 3437.3499999999999091, 1, 3438.8960000000001855, 23.68476686049801927, 3437.3499999999999091, 1, 3438.8960000000001855, 56.844188236589360486, 3437.3499999999999091, 0
3438.9059999999999491, 0, 3437.3539999999998145, 0, 3438.9059999999999491, 0, 3437.3539999999998145, 1, 3438.9059999999999491, 23.240548841906473854, 3437.3539999999998145, 1, 3438.9059999999999491, 16.231738149575924979, 3437.3539999999998145, 0
3438.9160000000001673, 0, 3437.3589999999999236, 0, 3438.9160000000001673, 0, 3437.3589999999999236, 1, 3438.9160000000001673, 27.73523438938572383, 3437.3589999999999236, 1, 3438.9160000000001673, 20.647272386614638151, 3437.3589999999999236, 0
3438.9259999999999309, 94.134054722960314621, 3437.3640000000000327, 0, 3438.9259999999999309, 0, 3437.3640000000000327, 1, 3438.9259999999999309, 35.468336098587840866, 3437.3640000000000327, 1, 3438.9259999999999309, 31.8814812438957631, 3437.3640000000000327, 0
3438.9259999999999309, 96.554552703917735812, 3437.3699999999998909, 0, 3438.9259999999999309, 0, 3437.3699999999998909, 1, 3438.9259999999999309, 37.087335028041557905, 3437.3699999999998909, 1, 3438.9259999999999309, 37.138748233145975064, 3437.3699999999998909, 0
3438.9360000000001492, 102.16350130425283282, 3437.3739999999997963, 0, 3438.9360000000001492, 93.705680889378783149, 3437.3739999999997963, 1, 3438.9360000000001492, 39.356339839737536579, 3437.3739999999997963, 1, 3438.9360000000001492, 40.155296264390145211, 3437.3739999999997963, 0
3438.9470000000001164, 46.489621441269314062, 3437.3789999999999054, 0, 3438.9470000000001164, 111.65798799956994003, 3437.3789999999999054, 1, 3438.9470000000001164, 140.75207317255271278, 3437.3789999999999054, 1, 3438.9470000000001164, 88.615358684096435127, 3437.3789999999999054, 0
3438.956000000000131, 35.09657351966411909, 3437.3840000000000146, 0, 3438.956000000000131, 0, 3437.3840000000000146, 1, 3438.956000000000131, 0, 3437.3840000000000146, 1, 3438.956000000000131, 89.744846417704479791, 3437.3840000000000146, 0
3438.9659999999998945, 72.236910794573660155, 3437.3890000000001237, 0, 3438.9659999999998945, 0, 3437.3890000000001237, 1, 3438.9659999999998945, 0, 3437.3890000000001237, 1, 3438.9659999999998945, 75.916253823488034413, 3437.3890000000001237, 0
3438.9760000000001128, 91.921468683827228574, 3437.3939999999997781, 0, 3438.9760000000001128, 0, 3437.3939999999997781, 1, 3438.9760000000001128, 0, 3437.3939999999997781, 1, 3438.9760000000001128, 76.550350473641600502, 3437.3939999999997781, 0
3438.9859999999998763, 102.69569829087981816, 3437.4000000000000909, 0, 3438.9859999999998763, 0, 3437.4000000000000909, 1, 3438.9859999999998763, 0, 3437.4000000000000909, 1, 3438.9859999999998763, 79.078313479069194614, 3437.4000000000000909, 0
3438.9960000000000946, 107.22015821066460717, 3437.4050000000002001, 0, 3438.9960000000000946, 0, 3437.4050000000002001, 1, 3438.9960000000000946, 0, 3437.4050000000002001, 1, 3438.9960000000000946, 83.719594620423919196, 3437.4050000000002001, 0
3439.0079999999998108, 111.09558745092377308, 3437.4090000000001055, 0, 3439.0079999999998108, 0, 3437.4090000000001055, 1, 3439.0079999999998108, 0, 3437.4090000000001055, 1, 3439.0079999999998108, 83.644513203499116116, 3437.4090000000001055, 0
3439.0180000000000291, 110.57637464553585005, 3437.4140000000002146, 0, 3439.0180000000000291, 0, 3437.4140000000002146, 1, 3439.0180000000000291, 0, 3437.4140000000002146, 1, 3439.0180000000000291, 85.58054960556705737, 3437.4140000000002146, 0
3439.0250000000000909, 109.25676733917119066, 3437.418999999999869, 0, 3439.0250000000000909, 0, 3437.418999999999869, 1, 3439.0250000000000909, 0, 3437.418999999999869, 1, 3439.0250000000000909, 93.245471086319241749, 3437.418999999999869, 0
3439.0360000000000582, 109.32611523485356031, 3437.4239999999999782, 0, 3439.0360000000000582, 0, 3437.4239999999999782, 1, 3439.0360000000000582, 0, 3437.4239999999999782, 1, 3439.0360000000000582, 94.943345452051829625, 3437.4239999999999782, 0
3439.0479999999997744, 107.08580901717309075, 3437.43100000000004, 0, 3439.0479999999997744, 0, 3437.43100000000004, 1, 3439.0479999999997744, 0, 3437.43100000000004, 1, 3439.0479999999997744, 100.49691674468461144, 3437.43100000000004, 0
3439.0670000000000073, 104.98589016566255339, 3437.4349999999999454, 0, 3439.0670000000000073, 0, 3437.4349999999999454, 1, 3439.0670000000000073, 0, 3437.4349999999999454, 1, 3439.0670000000000073, 103.86206584829949406, 3437.4349999999999454, 0
3439.0670000000000073, 103.54695050562783365, 3437.4389999999998508, 0, 3439.0670000000000073, 0, 3437.4389999999998508, 1, 3439.0670000000000073, 0, 3437.4389999999998508, 1, 3439.0670000000000073, 108.24637145896096513, 3437.4389999999998508, 0
3439.0760000000000218, 102.71383431699905486, 3437.4459999999999127, 0, 3439.0760000000000218, 0, 3437.4459999999999127, 1, 3439.0760000000000218, 0, 3437.4459999999999127, 1, 3439.0760000000000218, 109.96553952008737554, 3437.4459999999999127, 0
3439.0869999999999891, 101.4229003021606843, 3437.4490000000000691, 0, 3439.0869999999999891, 0, 3437.4490000000000691, 1, 3439.0869999999999891, 0, 3437.4490000000000691, 1, 3439.0869999999999891, 112.43682531420044768, 3437.4490000000000691, 0
3439.0979999999999563, 100.61205237874162322, 3437.4540000000001783, 0, 3439.0979999999999563, 0, 3437.4540000000001783, 1, 3439.0979999999999563, 0, 3437.4540000000001783, 1, 3439.0979999999999563, 113.76811548484494097, 3437.4540000000001783, 0
3439.1170000000001892, 98.436013369487994851, 3437.4600000000000364, 0, 3439.1170000000001892, 0, 3437.4600000000000364, 1, 3439.1170000000001892, 0, 3437.4600000000000364, 1, 3439.1170000000001892, 108.51511255977089832, 3437.4600000000000364, 0
3439.1170000000001892, 97.943278050630098619, 3437.4639999999999418, 0, 3439.1170000000001892, 0, 3437.4639999999999418, 1, 3439.1170000000001892, 0, 3437.4639999999999418, 1, 3439.1170000000001892, 110.81851613115051691, 3437.4639999999999418, 0
3439.1280000000001564, 96.828749361118681804, 3437.4690000000000509, 0, 3439.1280000000001564, 0, 3437.4690000000000509, 1, 3439.1280000000001564, 0, 3437.4690000000000509, 1, 3439.1280000000001564, 113.41735273914991922, 3437.4690000000000509, 0
3439.137000000000171, 96.555491120699002749, 3437.4740000000001601, 0, 3439.137000000000171, 0, 3437.4740000000001601, 1, 3439.137000000000171, 0, 3437.4740000000001601, 1, 3439.137000000000171, 117.8020483262486664, 3437.4740000000001601, 0
3439.1469999999999345, 95.295082859457465929, 3437.4800000000000182, 0, 3439.1469999999999345, 0, 3437.4800000000000182, 1, 3439.1469999999999345, 0, 3437.4800000000000182, 1, 3439.1469999999999345, 124.05816232158173307, 3437.4800000000000182, 0
3439.1559999999999491, 94.197914232144782432, 3437.4850000000001273, 0, 3439.1559999999999491, 0, 3437.4850000000001273, 1, 3439.1559999999999491, 0, 3437.4850000000001273, 1, 3439.1559999999999491, 125.48183333293887642, 3437.4850000000001273, 0
3439.1770000000001346, 94.074126471871153399, 3437.4899999999997817, 0, 3439.1770000000001346, 0, 3437.4899999999997817, 1, 3439.1770000000001346, 0, 3437.4899999999997817, 1, 3439.1770000000001346, 122.15380855647271119, 3437.4899999999997817, 0
3439.1770000000001346, 95.403023843770597523, 3437.4940000000001419, 0, 3439.1770000000001346, 0, 3437.4940000000001419, 1, 3439.1770000000001346, 254.86638155068749256, 3437.4940000000001419, 1, 3439.1770000000001346, 124.40079907696284067, 3437.4940000000001419, 0
3439.1900000000000546, 69.591963478317310887, 3437.4989999999997963, 0, 3439.1900000000000546, 300.68741303740063131, 3437.4989999999997963, 1, 3439.1900000000000546, 256.29427782151947213, 3437.4989999999997963, 1, 3439.1900000000000546, 26.780305795756209619, 3437.4989999999997963, 0
3439.2069999999998799, 2.3337656872983272294, 3437.5039999999999054, 0, 3439.2069999999998799, 92.752227772224770774, 3437.5039999999999054, 1, 3439.2069999999998799, 74.548112407698070569, 3437.5039999999999054, 1, 3439.2069999999998799, 0, 3437.5039999999999054, 0
3439.2069999999998799, 4.4318375753514551718, 3437.5109999999999673, 0, 3439.2069999999998799, 18.199272897763332679, 3437.5109999999999673, 1, 3439.2069999999998799, 33.268384261169906324, 3437.5109999999999673, 1, 3439.2069999999998799, 30.472382827755815526, 3437.5109999999999673, 0
3439.2170000000000982, 15.109104711380656028, 3437.5140000000001237, 0, 3439.2170000000000982, 14.858853881294274757, 3437.5140000000001237, 1, 3439.2170000000000982, 31.018178683907152049, 3437.5140000000001237, 1, 3439.2170000000000982, 51.38260034983936464, 3437.5140000000001237, 0
3439.2269999999998618, 33.735353374079629418, 3437.5189999999997781, 0, 3439.2269999999998618, 29.371250439233385521, 3437.5189999999997781, 1, 3439.2269999999998618, 28.25922505013274133, 3437.5189999999997781, 1, 3439.2269999999998618, 56.292804986135543288, 3437.5189999999997781, 0
3439.23700000000008, 47.136321424599984198, 3437.5250000000000909, 0, 3439.23700000000008, 40.967436563441424369, 3437.5250000000000909, 1, 3439.23700000000008, 28.400603107621570587, 3437.5250000000000909, 1, 3439.23700000000008, 55.592181437028635571, 3437.5250000000000909, 0
3439.2469999999998436, 54.724539388005027263, 3437.5300000000002001, 0, 3439.2469999999998436, 48.60690181693696843, 3437.5300000000002001, 1, 3439.2469999999998436, 29.096849871015500355, 3437.5300000000002001, 1, 3439.2469999999998436, 53.594186969346019112, 3437.5300000000002001, 0
3439.2570000000000618, 56.091003672665728175, 3437.5340000000001055, 0, 3439.2570000000000618, 53.040743068479699218, 3437.5340000000001055, 1, 3439.2570000000000618, 29.569925504779597247, 3437.5340000000001055, 1, 3439.2570000000000618, 47.985828370769489482, 3437.5340000000001055, 0
3439.2669999999998254, 42.144407041887866683, 3437.5390000000002146, 0, 3439.2669999999998254, 59.642614328752564745, 3437.5390000000002146, 1, 3439.2669999999998254, 38.063307186895507073, 3437.5390000000002146, 1, 3439.2669999999998254, 31.264883229601156955, 3437.5390000000002146, 0
3439.2759999999998399, 0, 3437.5450000000000728, 0, 3439.2759999999998399, 70.338846928659023661, 3437.5450000000000728, 1, 3439.2759999999998399, 69.025742580087026568, 3437.5450000000000728, 1, 3439.2759999999998399, 0, 3437.5450000000000728, 0
3439.2860000000000582, 0, 3437.5489999999999782, 0, 3439.2860000000000582, 96.861258136875306946, 3437.5489999999999782, 1, 3439.2860000000000582, 78.357469214281621817, 3437.5489999999999782, 1, 3439.2860000000000582, 0, 3437.5489999999999782, 0
3439.2959999999998217, 0, 3437.5540000000000873, 0, 3439.2959999999998217, 110.5673791147815308, 3437.5540000000000873, 1, 3439.2959999999998217, 75.924105403589962293, 3437.5540000000000873, 1, 3439.2959999999998217, 0, 3437.5540000000000873, 0
3439.30600000000004, 0, 3437.556999999999789, 1, 3439.30600000000004, 122.16382720705280462, 3437.556999999999789, 1, 3439.30600000000004, 71.151402923266999778, 3437.556999999999789, 1, 3439.30600000000004, 0, 3437.556999999999789, 1
3439.3170000000000073, 0, 3437.5639999999998508, 1, 3439.3170000000000073, 128.62442153004661805, 3437.5639999999998508, 1, 3439.3170000000000073, 68.141437160954779984, 3437.5639999999998508, 1, 3439.3170000000000073, 0, 3437.5639999999998508, 1
3439.3369999999999891, 0, 3437.56899999999996, 1, 3439.3369999999999891, 130.89195407230033652, 3437.56899999999996, 1, 3439.3369999999999891, 66.162609053511104662, 3437.56899999999996, 1, 3439.3369999999999891, 0, 3437.56899999999996, 1
3439.3369999999999891, 0, 3437.5740000000000691, 1, 3439.3369999999999891, 130.13671086147112987, 3437.5740000000000691, 1, 3439.3369999999999891, 67.088401940824894609, 3437.5740000000000691, 1, 3439.3369999999999891, 0, 3437.5740000000000691, 1
3439.3460000000000036, 0, 3437.5790000000001783, 1, 3439.3460000000000036, 128.1139056542896526, 3437.5790000000001783, 1, 3439.3460000000000036, 70.562194037960807691, 3437.5790000000001783, 1, 3439.3460000000000036, 0, 3437.5790000000001783, 1
3439.3560000000002219, 0, 3437.5839999999998327, 1, 3439.3560000000002219, 128.23828033422086037, 3437.5839999999998327, 1, 3439.3560000000002219, 70.573329407675373659, 3437.5839999999998327, 1, 3439.3560000000002219, 0, 3437.5839999999998327, 1
3439.3659999999999854, 0, 3437.5889999999999418, 1, 3439.3659999999999854, 125.16053300985220176, 3437.5889999999999418, 1, 3439.3659999999999854, 75.577734055971689031, 3437.5889999999999418, 1, 3439.3659999999999854, 0, 3437.5889999999999418, 1
3439.3760000000002037, 0, 3437.5949999999997999, 1, 3439.3760000000002037, 122.21487311570140832, 3437.5949999999997999, 1, 3439.3760000000002037, 80.395966763070617844, 3437.5949999999997999, 1, 3439.3760000000002037, 0, 3437.5949999999997999, 1
3439.387000000000171, 0, 3437.5999999999999091, 1, 3439.387000000000171, 119.59648700973011159, 3437.5999999999999091, 1, 3439.387000000000171, 84.170280228930522526, 3437.5999999999999091, 1, 3439.387000000000171, 0, 3437.5999999999999091, 1
3439.3969999999999345, 0, 3437.6050000000000182, 1, 3439.3969999999999345, 116.72884694613711076, 3437.6050000000000182, 1, 3439.3969999999999345, 88.610424971938570593, 3437.6050000000000182, 1, 3439.3969999999999345, 0, 3437.6050000000000182, 1
3439.4070000000001528, 0, 3437.6089999999999236, 1, 3439.4070000000001528, 114.77458756210238278, 3437.6089999999999236, 1, 3439.4070000000001528, 89.285758588305839112, 3437.6089999999999236, 1, 3439.4070000000001528, 0, 3437.6089999999999236, 1
3439.4169999999999163, 0, 3437.612999999999829, 1, 3439.4169999999999163, 112.67588125458229342, 3437.612999999999829, 1, 3439.4169999999999163, 90.914781676841329272, 3437.612999999999829, 1, 3439.4169999999999163, 0, 3437.612999999999829, 1
3439.4270000000001346, 0, 3437.6190000000001419, 1, 3439.4270000000001346, 110.59245585893630448, 3437.6190000000001419, 1, 3439.4270000000001346, 93.818342410892000771, 3437.6190000000001419, 1, 3439.4270000000001346, 0, 3437.6190000000001419, 1
3439.4369999999998981, 0, 3437.6239999999997963, 1, 3439.4369999999998981, 108.48194397670999933, 3437.6239999999997963, 1, 3439.4369999999998981, 93.254446011451790355, 3437.6239999999997963, 1, 3439.4369999999998981, 0, 3437.6239999999997963, 1
3439.4470000000001164, 0, 3437.6289999999999054, 1, 3439.4470000000001164, 105.98139271502668635, 3437.6289999999999054, 1, 3439.4470000000001164, 96.170470656174572355, 3437.6289999999999054, 1, 3439.4470000000001164, 0, 3437.6289999999999054, 1
3439.4670000000000982, 0, 3437.6340000000000146, 1, 3439.4670000000000982, 103.66400277209125136, 3437.6340000000000146, 0, 3439.4670000000000982, 102.26893462228356668, 3437.6340000000000146, 0, 3439.4670000000000982, 0, 3437.6340000000000146, 1
3439.4780000000000655, 0, 3437.6399999999998727, 1, 3439.4780000000000655, 100.86244925863962862, 3437.6399999999998727, 0, 3439.4780000000000655, 102.86511716226323188, 3437.6399999999998727, 0, 3439.4780000000000655, 0, 3437.6399999999998727, 1
3439.4780000000000655, 0, 3437.6439999999997781, 1, 3439.4780000000000655, 98.704897084211523861, 3437.6439999999997781, 0, 3439.4780000000000655, 105.94903730862378666, 3437.6439999999997781, 0, 3439.4780000000000655, 0, 3437.6439999999997781, 1
3439.48700000000008, 375.8243557956842551, 3437.6489999999998872, 1, 3439.48700000000008, 74.661707177865451968, 3437.6489999999998872, 0, 3439.48700000000008, 98.906640000228236431, 3437.6489999999998872, 0, 3439.48700000000008, 0, 3437.6489999999998872, 1
3439.4969999999998436, 378.29206073552825274, 3437.6539999999999964, 1, 3439.4969999999998436, 14.240868057495951859, 3437.6539999999999964, 0, 3439.4969999999998436, 73.870445398443095542, 3437.6539999999999964, 0, 3439.4969999999998436, 0, 3437.6539999999999964, 1
3439.5070000000000618, 298.235050010229088, 3437.6599999999998545, 1, 3439.5070000000000618, 0, 3437.6599999999998545, 0, 3439.5070000000000618, 77.143238097462841552, 3437.6599999999998545, 0, 3439.5070000000000618, 0, 3437.6599999999998545, 1
3439.5189999999997781, 73.986685999057485219, 3437.6640000000002146, 1, 3439.5189999999997781, 0, 3437.6640000000002146, 0, 3439.5189999999997781, 71.298679759378615017, 3437.6640000000002146, 0, 3439.5189999999997781, 0, 3437.6640000000002146, 1
3439.5270000000000437, 2.0688179200598577623, 3437.668999999999869, 1, 3439.5270000000000437, 0, 3437.668999999999869, 0, 3439.5270000000000437, 41.106077705704372249, 3437.668999999999869, 0, 3439.5270000000000437, 0, 3437.668999999999869, 1
3439.5369999999998072, 0, 3437.6739999999999782, 1, 3439.5369999999998072, 0, 3437.6739999999999782, 0, 3439.5369999999998072, 20.253755547261302894, 3437.6739999999999782, 0, 3439.5369999999998072, 39.314199535385867534, 3437.6739999999999782, 1
3439.5470000000000255, 0, 3437.6790000000000873, 1, 3439.5470000000000255, 0, 3437.6790000000000873, 0, 3439.5470000000000255, 23.124738703256781491, 3437.6790000000000873, 0, 3439.5470000000000255, 18.600683874904675008, 3437.6790000000000873, 1
3439.556999999999789, 56.45823036991892252, 3437.6849999999999454, 1, 3439.556999999999789, 0, 3437.6849999999999454, 0, 3439.556999999999789, 28.829329997487775472, 3437.6849999999999454, 0, 3439.556999999999789, 24.920643809667918589, 3437.6849999999999454, 1
3439.5670000000000073, 78.048631278077593265, 3437.6889999999998508, 1, 3439.5670000000000073, 0, 3437.6889999999998508, 0, 3439.5670000000000073, 34.777658474256959664, 3437.6889999999998508, 0, 3439.5670000000000073, 31.355547257882857792, 3437.6889999999998508, 1
3439.5770000000002256, 92.324965279750927039, 3437.69399999999996, 1, 3439.5770000000002256, 0, 3437.69399999999996, 0, 3439.5770000000002256, 36.000566290205405551, 3437.69399999999996, 0, 3439.5770000000002256, 38.363591382161601473, 3437.69399999999996, 1
3439.5869999999999891, 94.939603911295307626, 3437.6990000000000691, 1, 3439.5869999999999891, 91.381579991625372372, 3437.6990000000000691, 0, 3439.5869999999999891, 38.050261715753144642, 3437.6990000000000691, 0, 3439.5869999999999891, 39.794960918880704526, 3437.6990000000000691, 1
3439.5970000000002074, 39.224398459232340031, 3437.7040000000001783, 1, 3439.5970000000002074, 107.20616546947681513, 3437.7040000000001783, 0, 3439.5970000000002074, 122.87506688374492114, 3437.7040000000001783, 0, 3439.5970000000002074, 88.93847586459850163, 3437.7040000000001783, 1
3439.6080000000001746, 45.343625622942049347, 3437.7089999999998327, 1, 3439.6080000000001746, 0, 3437.7089999999998327, 0, 3439.6080000000001746, 0, 3437.7089999999998327, 0, 3439.6080000000001746, 86.670175021888780975, 3437.7089999999998327, 1
3439.6170000000001892, 77.653057933192343398, 3437.7130000000001928, 1, 3439.6170000000001892, 0, 3437.7130000000001928, 0, 3439.6170000000001892, 0, 3437.7130000000001928, 0, 3439.6170000000001892, 79.209296198621700569, 3437.7130000000001928, 1
3439.6269999999999527, 94.548384254363384116, 3437.7190000000000509, 1, 3439.6269999999999527, 0, 3437.7190000000000509, 0, 3439.6269999999999527, 0, 3437.7190000000000509, 0, 3439.6269999999999527, 79.433468953999295081, 3437.7190000000000509, 1
3439.637000000000171, 103.40589279325209304, 3437.7249999999999091, 1, 3439.637000000000171, 0, 3437.7249999999999091, 0, 3439.637000000000171, 0, 3437.7249999999999091, 0, 3439.637000000000171, 81.078110851812510873, 3437.7249999999999091, 1
3439.6469999999999345, 109.16412263568010133, 3437.7289999999998145, 1, 3439.6469999999999345, 0, 3437.7289999999998145, 0, 3439.6469999999999345, 0, 3437.7289999999998145, 0, 3439.6469999999999345, 82.663919674256447934, 3437.7289999999998145, 1
3439.6570000000001528, 110.14344549770692083, 3437.7339999999999236, 1, 3439.6570000000001528, 0, 3437.7339999999999236, 0, 3439.6570000000001528, 0, 3437.7339999999999236, 0, 3439.6570000000001528, 84.783638492872199777, 3437.7339999999999236, 1
3439.6669999999999163, 110.54643034235547816, 3437.7390000000000327, 1, 3439.6669999999999163, 0, 3437.7390000000000327, 0, 3439.6669999999999163, 0, 3437.7390000000000327, 0, 3439.6669999999999163, 88.276774750859530627, 3437.7390000000000327, 1
3439.6770000000001346, 109.62260586377489346, 3437.7440000000001419, 1, 3439.6770000000001346, 0, 3437.7440000000001419, 0, 3439.6770000000001346, 0, 3437.7440000000001419, 0, 3439.6770000000001346, 94.192894069879187668, 3437.7440000000001419, 1
3439.6880000000001019, 106.44323184547610595, 3437.7489999999997963, 1, 3439.6880000000001019, 0, 3437.7489999999997963, 0, 3439.6880000000001019, 0, 3437.7489999999997963, 0, 3439.6880000000001019, 98.286376513204317007, 3437.7489999999997963, 1
3439.6970000000001164, 108.33766879752363366, 3437.7539999999999054, 1, 3439.6970000000001164, 0, 3437.7539999999999054, 0, 3439.6970000000001164, 0, 3437.7539999999999054, 0, 3439.6970000000001164, 99.918442535938311266, 3437.7539999999999054, 1
3439.7080000000000837, 105.14587415115497038, 3437.7590000000000146, 1, 3439.7080000000000837, 0, 3437.7590000000000146, 0, 3439.7080000000000837, 0, 3437.7590000000000146, 0, 3439.7080000000000837, 104.22006176619862572, 3437.7590000000000146, 1
3439.7159999999998945, 103.1627716439076039, 3437.76299999999992, 1, 3439.7159999999998945, 0, 3437.76299999999992, 0, 3439.7159999999998945, 0, 3437.76299999999992, 0, 3439.7159999999998945, 104.44698034606352621, 3437.76299999999992, 1
3439.7269999999998618, 102.0295239705991861, 3437.7689999999997781, 1, 3439.7269999999998618, 0, 3437.7689999999997781, 0, 3439.7269999999998618, 0, 3437.7689999999997781, 0, 3439.7269999999998618, 111.23017858958057502, 3437.7689999999997781, 1
3439.73700000000008, 100.9239423286607007, 3437.7730000000001382, 1, 3439.73700000000008, 0, 3437.7730000000001382, 0, 3439.73700000000008, 0, 3437.7730000000001382, 0, 3439.73700000000008, 113.0298537734255433, 3437.7730000000001382, 1
3439.7570000000000618, 99.825513420056097402, 3437.7789999999999964, 1, 3439.7570000000000618, 0, 3437.7789999999999964, 0, 3439.7570000000000618, 0, 3437.7789999999999964, 0, 3439.7570000000000618, 113.12924526739394082, 3437.7789999999999964, 1
3439.7570000000000618, 99.08633525325265623, 3437.7840000000001055, 1, 3439.7570000000000618, 0, 3437.7840000000001055, 0, 3439.7570000000000618, 0, 3437.7840000000001055, 0, 3439.7570000000000618, 114.28087436931943444, 3437.7840000000001055, 1
3439.7669999999998254, 98.279489232540157673, 3437.7890000000002146, 1, 3439.7669999999998254, 0, 3437.7890000000002146, 0, 3439.7669999999998254, 0, 3437.7890000000002146, 0, 3439.7669999999998254, 116.15917064635456768, 3437.7890000000002146, 1
3439.7770000000000437, 97.514951775982623872, 3437.7950000000000728, 1, 3439.7770000000000437, 0, 3437.7950000000000728, 0, 3439.7770000000000437, 0, 3437.7950000000000728, 0, 3439.7770000000000437, 118.7494477336618246, 3437.7950000000000728, 1
3439.7869999999998072, 96.455622406402738989, 3437.7979999999997744, 1, 3439.7869999999998072, 0, 3437.7979999999997744, 0, 3439.7869999999998072, 0, 3437.7979999999997744, 0, 3439.7869999999998072, 121.85447573867705273, 3437.7979999999997744, 1
3439.7970000000000255, 94.974258760861658857, 3437.8049999999998363, 1, 3439.7970000000000255, 0, 3437.8049999999998363, 0, 3439.7970000000000255, 0, 3437.8049999999998363, 0, 3439.7970000000000255, 122.72381011746912804, 3437.8049999999998363, 1
3439.806999999999789, 93.905512697211094064, 3437.8090000000001965, 1, 3439.806999999999789, 0, 3437.8090000000001965, 0, 3439.806999999999789, 0, 3437.8090000000001965, 0, 3439.806999999999789, 124.82245150656859778, 3437.8090000000001965, 1
3439.8170000000000073, 93.080492821953754401, 3437.8139999999998508, 1, 3439.8170000000000073, 0, 3437.8139999999998508, 0, 3439.8170000000000073, 0, 3437.8139999999998508, 0, 3439.8170000000000073, 123.20491016718790434, 3437.8139999999998508, 1
3439.8270000000002256, 95.282932680056944719, 3437.81899999999996, 1, 3439.8270000000002256, 0, 3437.81899999999996, 0, 3439.8270000000002256, 94.844026429834201508, 3437.81899999999996, 0, 3439.8270000000002256, 119.71140993598510249, 3437.81899999999996, 1
3439.8470000000002074, 62.544582429369313559, 3437.8249999999998181, 1, 3439.8470000000002074, 280.96094305721805995, 3437.8249999999998181, 0, 3439.8470000000002074, 265.07816481548320553, 3437.8249999999998181, 0, 3439.8470000000002074, 44.312913365782051756, 3437.8249999999998181, 1
3439.8560000000002219, 1.4224878952757449291, 3437.8299999999999272, 1, 3439.8560000000002219, 87.75129411282588876, 3437.8299999999999272, 0, 3439.8560000000002219, 73.467767617928402046, 3437.8299999999999272, 0, 3439.8560000000002219, 6.4048775558123445251, 3437.8299999999999272, 1
3439.8560000000002219, 8.1814825983561512146, 3437.8359999999997854, 1, 3439.8560000000002219, 18.798464635798961098, 3437.8359999999997854, 0, 3439.8560000000002219, 34.212800993033511077, 3437.8359999999997854, 0, 3439.8560000000002219, 35.593574242691943255, 3437.8359999999997854, 1
3439.8659999999999854, 14.116780039033582028, 3437.8389999999999418, 1, 3439.8659999999999854, 15.966429964476507308, 3437.8389999999999418, 0, 3439.8659999999999854, 30.860846884174218729, 3437.8389999999999418, 0, 3439.8659999999999854, 54.137709980011820221, 3437.8389999999999418, 1
3439.8769999999999527, 31.605465033871748659, 3437.8440000000000509, 1, 3439.8769999999999527, 29.416597073923981043, 3437.8440000000000509, 0, 3439.8769999999999527, 26.99348791406845649, 3437.8440000000000509, 0, 3439.8769999999999527, 57.92272282132226735, 3437.8440000000000509, 1
3439.8859999999999673, 45.470306706856639778, 3437.8499999999999091, 1, 3439.8859999999999673, 41.604645164410619884, 3437.8499999999999091, 0, 3439.8859999999999673, 27.392214055709139586, 3437.8499999999999091, 0, 3439.8859999999999673, 55.513988204384105529, 3437.8499999999999091, 1
3439.9070000000001528, 53.274773367011285075, 3437.8550000000000182, 1, 3439.9070000000001528, 48.571223546186075737, 3437.8550000000000182, 0, 3439.9070000000001528, 28.112174084210991509, 3437.8550000000000182, 0, 3439.9070000000001528, 53.22138759922326301, 3437.8550000000000182, 1
3439.9070000000001528, 55.855898752038712018, 3437.8589999999999236, 1, 3439.9070000000001528, 53.820433601577164495, 3437.8589999999999236, 0, 3439.9070000000001528, 29.544416067244767987, 3437.8589999999999236, 0, 3439.9070000000001528, 48.201648373794668601, 3437.8589999999999236, 1
3439.9169999999999163, 47.525132151202583941, 3437.8640000000000327, 1, 3439.9169999999999163, 59.206009683820305156, 3437.8640000000000327, 0, 3439.9169999999999163, 35.657585607538983652, 3437.8640000000000327, 0, 3439.9169999999999163, 33.504735573958477346, 3437.8640000000000327, 1
3439.9270000000001346, 0, 3437.8690000000001419, 1, 3439.9270000000001346, 68.891795435726393748, 3437.8690000000001419, 0, 3439.9270000000001346, 71.189017257839680042, 3437.8690000000001419, 0, 3439.9270000000001346, 0, 3437.8690000000001419, 1
3439.9369999999998981, 0, 3437.8739999999997963, 1, 3439.9369999999998981, 94.803247880413607618, 3437.8739999999997963, 0, 3439.9369999999998981, 79.721452536935515809, 3437.8739999999997963, 0, 3439.9369999999998981, 0, 3437.8739999999997963, 1
3439.9569999999998799, 0, 3437.8800000000001091, 1, 3439.9569999999998799, 112.86796729157171626, 3437.8800000000001091, 1, 3439.9569999999998799, 75.521080932410981745, 3437.8800000000001091, 1, 3439.9569999999998799, 0, 3437.8800000000001091, 1
3439.9569999999998799, 0, 3437.8850000000002183, 1, 3439.9569999999998799, 123.50172669675912118, 3437.8850000000002183, 1, 3439.9569999999998799, 70.847160553928318905, 3437.8850000000002183, 1, 3439.9569999999998799, 0, 3437.8850000000002183, 1
3439.9670000000000982, 0, 3437.8890000000001237, 1, 3439.9670000000000982, 128.58389369976634953, 3437.8890000000001237, 1, 3439.9670000000000982, 68.209425892119384116, 3437.8890000000001237, 1, 3439.9670000000000982, 0, 3437.8890000000001237, 1
3439.9769999999998618, 0, 3437.8949999999999818, 1, 3439.9769999999998618, 130.92919036995434112, 3437.8949999999999818, 1, 3439.9769999999998618, 66.838510273821711394, 3437.8949999999999818, 1, 3439.9769999999998618, 0, 3437.8949999999999818, 1
3439.98700000000008, 0, 3437.8989999999998872, 1, 3439.98700000000008, 129.62108973413023705, 3437.8989999999998872, 1, 3439.98700000000008, 66.38336277565562682, 3437.8989999999998872, 1, 3439.98700000000008, 0, 3437.8989999999998872, 1
3439.9969999999998436, 0, 3437.9039999999999964, 1, 3439.9969999999998436, 128.21280194140425124, 3437.9039999999999964, 1, 3439.9969999999998436, 70.68621374044472816, 3437.9039999999999964, 1, 3439.9969999999998436, 0, 3437.9039999999999964, 1
3440.0070000000000618, 0, 3437.9090000000001055, 1, 3440.0070000000000618, 127.73886920191131367, 3437.9090000000001055, 1, 3440.0070000000000618, 71.362793832768772972, 3437.9090000000001055, 1, 3440.0070000000000618, 0, 3437.9090000000001055, 1
3440.0180000000000291, 0, 3437.9140000000002146, 1, 3440.0180000000000291, 124.06708862272313354, 3437.9140000000002146, 1, 3440.0180000000000291, 77.469613520775965299, 3437.9140000000002146, 1, 3440.0180000000000291, 0, 3437.9140000000002146, 1
3440.0300000000002001, 0, 3437.9209999999998217, 1, 3440.0300000000002001, 121.15878552742705665, 3437.9209999999998217, 1, 3440.0300000000002001, 81.021430218487921593, 3437.9209999999998217, 1, 3440.0300000000002001, 0, 3437.9209999999998217, 1
3440.0369999999998072, 0, 3437.9239999999999782, 1, 3440.0369999999998072, 117.94101824312113536, 3437.9239999999999782, 1, 3440.0369999999998072, 88.095180081662022076, 3437.9239999999999782, 1, 3440.0369999999998072, 0, 3437.9239999999999782, 1
3440.0470000000000255, 0, 3437.9290000000000873, 1, 3440.0470000000000255, 116.58181455926921899, 3437.9290000000000873, 1, 3440.0470000000000255, 87.042609832948812709, 3437.9290000000000873, 1, 3440.0470000000000255, 0, 3437.9290000000000873, 1
3440.056999999999789, 0, 3437.9340000000001965, 1, 3440.056999999999789, 113.84335690526788198, 3437.9340000000001965, 1, 3440.056999999999789, 91.797237941400936734, 3437.9340000000001965, 1, 3440.056999999999789, 0, 3437.9340000000001965, 1
3440.0770000000002256, 0, 3437.9389999999998508, 1, 3440.0770000000002256, 111.33856422690118393, 3437.9389999999998508, 1, 3440.0770000000002256, 94.063084627182519171, 3437.9389999999998508, 1, 3440.0770000000002256, 0, 3437.9389999999998508, 1
3440.0869999999999891, 0, 3437.9450000000001637, 1, 3440.0869999999999891, 110.20465653892225077, 3437.9450000000001637, 1, 3440.0869999999999891, 95.22460314564986561, 3437.9450000000001637, 1, 3440.0869999999999891, 0, 3437.9450000000001637, 1
3440.0869999999999891, 0, 3437.9490000000000691, 1, 3440.0869999999999891, 108.13538870261712077, 3437.9490000000000691, 1, 3440.0869999999999891, 96.973961591113265968, 3437.9490000000000691, 1, 3440.0869999999999891, 0, 3437.9490000000000691, 1
3440.0979999999999563, 0, 3437.9540000000001783, 1, 3440.0979999999999563, 104.90836412077042894, 3437.9540000000001783, 1, 3440.0979999999999563, 96.877555148541375729, 3437.9540000000001783, 1, 3440.0979999999999563, 0, 3437.9540000000001783, 1
3440.1069999999999709, 0, 3437.9589999999998327, 0, 3440.1069999999999709, 103.17489288008179926, 3437.9589999999998327, 1, 3440.1069999999999709, 101.94877604428944551, 3437.9589999999998327, 1, 3440.1069999999999709, 0, 3437.9589999999998327, 0
3440.1170000000001892, 0, 3437.9639999999999418, 0, 3440.1170000000001892, 100.73974387804743458, 3437.9639999999999418, 1, 3440.1170000000001892, 105.27311713229961754, 3437.9639999999999418, 1, 3440.1170000000001892, 0, 3437.9639999999999418, 0
3440.1269999999999527, 0, 3437.9690000000000509, 0, 3440.1269999999999527, 98.693545819158799759, 3437.9690000000000509, 1, 3440.1269999999999527, 106.79641557260717377, 3437.9690000000000509, 1, 3440.1269999999999527, 0, 3437.9690000000000509, 0
3440.137000000000171, 373.54856656615879729, 3437.9740000000001601, 0, 3440.137000000000171, 67.824678554115550355, 3437.9740000000001601, 1, 3440.137000000000171, 97.744267185963025213, 3437.9740000000001601, 1, 3440.137000000000171, 0, 3437.9740000000001601, 0
3440.1570000000001528, 373.05551361706073976, 3437.9800000000000182, 0, 3440.1570000000001528, 10.074812853482155717, 3437.9800000000000182, 1, 3440.1570000000001528, 72.613565617242372241, 3437.9800000000000182, 1, 3440.1570000000001528, 0, 3437.9800000000000182, 0
3440.1570000000001528, 299.99497377732097902, 3437.9850000000001273, 0, 3440.1570000000001528, 0, 3437.9850000000001273, 1, 3440.1570000000001528, 72.075455144235348826, 3437.9850000000001273, 1, 3440.1570000000001528, 0, 3437.9850000000001273, 0
3440.1770000000001346, 54.891326776602625159, 3437.9899999999997817, 0, 3440.1770000000001346, 0, 3437.9899999999997817, 1, 3440.1770000000001346, 69.863556374814876904, 3437.9899999999997817, 1, 3440.1770000000001346, 0, 3437.9899999999997817, 0
3440.1860000000001492, 1.8668582462934654966e-25, 3437.9940000000001419, 0, 3440.1860000000001492, 0, 3437.9940000000001419, 1, 3440.1860000000001492, 40.656699406406460184, 3437.9940000000001419, 1, 3440.1860000000001492, 0, 3437.9940000000001419, 0
3440.1860000000001492, 0, 3438, 0, 3440.1860000000001492, 0, 3438, 1, 3440.1860000000001492, 23.731672646329180054, 3438, 1, 3440.1860000000001492, 39.38644806035021162, 3438, 0
3440.2069999999998799, 0, 3438.0039999999999054, 0, 3440.2069999999998799, 0, 3438.0039999999999054, 1, 3440.2069999999998799, 24.972236745224627441, 3438.0039999999999054, 1, 3440.2069999999998799, 19.001956110968485802, 3438.0039999999999054, 0
3440.2069999999998799, 52.543920575422887964, 3438.0100000000002183, 0, 3440.2069999999998799, 0, 3438.0100000000002183, 1, 3440.2069999999998799, 25.388055228205125502, 3438.0100000000002183, 1, 3440.2069999999998799, 24.72045179108587476, 3438.0100000000002183, 0
3440.2159999999998945, 85.647367930867886798, 3438.0140000000001237, 0, 3440.2159999999998945, 0, 3438.0140000000001237, 1, 3440.2159999999998945, 33.187876622143051009, 3438.0140000000001237, 1, 3440.2159999999998945, 35.446866926000822673, 3438.0140000000001237, 0
3440.2269999999998618, 99.726196890907630177, 3438.0180000000000291, 0, 3440.2269999999998618, 0, 3438.0180000000000291, 1, 3440.2269999999998618, 35.762971665585446601, 3438.0180000000000291, 1, 3440.2269999999998618, 40.654970437940455952, 3438.0180000000000291, 0
3440.237999999999829, 91.6457805305191755, 3438.0239999999998872, 0, 3440.237999999999829, 115.82943242109161019, 3438.0239999999998872, 1, 3440.237999999999829, 72.924924695108387596, 3438.0239999999998872, 1, 3440.237999999999829, 43.799198973618885589, 3438.0239999999998872, 0
3440.2480000000000473, 21.018945174805111265, 3438.0300000000002001, 0, 3440.2480000000000473, 77.224732316390088727, 3438.0300000000002001, 1, 3440.2480000000000473, 109.43161183445556617, 3438.0300000000002001, 1, 3440.2480000000000473, 93.408749774624226347, 3438.0300000000002001, 0
3440.2579999999998108, 50.701521693516525602, 3438.0349999999998545, 0, 3440.2579999999998108, 0, 3438.0349999999998545, 1, 3440.2579999999998108, 0, 3438.0349999999998545, 1, 3440.2579999999998108, 75.990478061358800232, 3438.0349999999998545, 0
3440.2680000000000291, 79.76112603913560406, 3438.0399999999999636, 0, 3440.2680000000000291, 0, 3438.0399999999999636, 1, 3440.2680000000000291, 0, 3438.0399999999999636, 1, 3440.2680000000000291, 75.941005676730242158, 3438.0399999999999636, 0
3440.2779999999997926, 97.056455559212125195, 3438.043999999999869, 0, 3440.2779999999997926, 0, 3438.043999999999869, 1, 3440.2779999999997926, 0, 3438.043999999999869, 1, 3440.2779999999997926, 77.8961871682317053, 3438.043999999999869, 0
3440.2880000000000109, 106.11745327662370642, 3438.0479999999997744, 0, 3440.2880000000000109, 0, 3438.0479999999997744, 1, 3440.2880000000000109, 0, 3438.0479999999997744, 1, 3440.2880000000000109, 80.615255228788313957, 3438.0479999999997744, 0
3440.2970000000000255, 109.99078346986925681, 3438.0540000000000873, 0, 3440.2970000000000255, 0, 3438.0540000000000873, 1, 3440.2970000000000255, 0, 3438.0540000000000873, 1, 3440.2970000000000255, 83.296292799570039733, 3438.0540000000000873, 0
3440.3079999999999927, 112.14889435939704754, 3438.0590000000001965, 0, 3440.3079999999999927, 0, 3438.0590000000001965, 1, 3440.3079999999999927, 0, 3438.0590000000001965, 1, 3440.3079999999999927, 85.244223798188627939, 3438.0590000000001965, 0
3440.318000000000211, 111.94256704249606571, 3438.0639999999998508, 0, 3440.318000000000211, 0, 3438.0639999999998508, 1, 3440.318000000000211, 0, 3438.0639999999998508, 1, 3440.318000000000211, 88.194274913970502894, 3438.0639999999998508, 0
3440.3279999999999745, 110.62754334700149172, 3438.0700000000001637, 0, 3440.3279999999999745, 0, 3438.0700000000001637, 1, 3440.3279999999999745, 0, 3438.0700000000001637, 1, 3440.3279999999999745, 92.52461966829235962, 3438.0700000000001637, 0
3440.3369999999999891, 109.56834654272145713, 3438.0740000000000691, 0, 3440.3369999999999891, 0, 3438.0740000000000691, 1, 3440.3369999999999891, 0, 3438.0740000000000691, 1, 3440.3369999999999891, 96.104692103308053674, 3438.0740000000000691, 0
3440.3479999999999563, 107.75055449994525247, 3438.081000000000131, 0, 3440.3479999999999563, 0, 3438.081000000000131, 1, 3440.3479999999999563, 0, 3438.081000000000131, 1, 3440.3479999999999563, 101.51810051353672293, 3438.081000000000131, 0
3440.3580000000001746, 105.92043668327005435, 3438.0839999999998327, 0, 3440.3580000000001746, 0, 3438.0839999999998327, 1, 3440.3580000000001746, 0, 3438.0839999999998327, 1, 3440.3580000000001746, 99.752937387281349402, 3438.0839999999998327, 0
3440.3670000000001892, 103.55940603116218313, 3438.0889999999999418, 0, 3440.3670000000001892, 0, 3438.0889999999999418, 1, 3440.3670000000001892, 0, 3438.0889999999999418, 1, 3440.3670000000001892, 103.24452075797336192, 3438.0889999999999418, 0
3440.3780000000001564, 102.2528344781434555, 3438.0940000000000509, 0, 3440.3780000000001564, 0, 3438.0940000000000509, 1, 3440.3780000000001564, 0, 3438.0940000000000509, 1, 3440.3780000000001564, 107.21309383814595151, 3438.0940000000000509, 0
3440.3980000000001382, 100.46570639238872502, 3438.0999999999999091, 0, 3440.3980000000001382, 0, 3438.0999999999999091, 1, 3440.3980000000001382, 0, 3438.0999999999999091, 1, 3440.3980000000001382, 107.11091826108136615, 3438.0999999999999091, 0
3440.3980000000001382, 100.05707729550775298, 3438.1039999999998145, 0, 3440.3980000000001382, 0, 3438.1039999999998145, 1, 3440.3980000000001382, 0, 3438.1039999999998145, 1, 3440.3980000000001382, 108.55319630159527833, 3438.1039999999998145, 0
3440.4079999999999018, 100.30020323712111008, 3438.1089999999999236, 0, 3440.4079999999999018, 0, 3438.1089999999999236, 1, 3440.4079999999999018, 0, 3438.1089999999999236, 1, 3440.4079999999999018, 110.93414005007529965, 3438.1089999999999236, 0
3440.4169999999999163, 98.75163280106156094, 3438.1140000000000327, 0, 3440.4169999999999163, 0, 3438.1140000000000327, 1, 3440.4169999999999163, 0, 3438.1140000000000327, 1, 3440.4169999999999163, 116.58311228341588617, 3438.1140000000000327, 0
3440.4380000000001019, 97.989198322576115174, 3438.1190000000001419, 0, 3440.4380000000001019, 0, 3438.1190000000001419, 1, 3440.4380000000001019, 0, 3438.1190000000001419, 1, 3440.4380000000001019, 117.61422387432460823, 3438.1190000000001419, 0
3440.4380000000001019, 97.072833468515369759, 3438.1239999999997963, 0, 3440.4380000000001019, 0, 3438.1239999999997963, 1, 3440.4380000000001019, 0, 3438.1239999999997963, 1, 3440.4380000000001019, 119.07158392086171261, 3438.1239999999997963, 0
3440.4479999999998654, 94.823428978238197828, 3438.1280000000001564, 0, 3440.4479999999998654, 0, 3438.1280000000001564, 1, 3440.4479999999998654, 0, 3438.1280000000001564, 1, 3440.4479999999998654, 125.00718285164704469, 3438.1280000000001564, 0
3440.4580000000000837, 93.964470092556240388, 3438.1340000000000146, 0, 3440.4580000000000837, 0, 3438.1340000000000146, 1, 3440.4580000000000837, 0, 3438.1340000000000146, 1, 3440.4580000000000837, 124.52140459315960186, 3438.1340000000000146, 0
3440.4670000000000982, 93.658561505413928217, 3438.1390000000001237, 0, 3440.4670000000000982, 0, 3438.1390000000001237, 1, 3440.4670000000000982, 0, 3438.1390000000001237, 1, 3440.4670000000000982, 124.61356772628468548, 3438.1390000000001237, 0
3440.4780000000000655, 95.460926236646059806, 3438.1439999999997781, 0, 3440.4780000000000655, 0, 3438.1439999999997781, 1, 3440.4780000000000655, 294.26332341010015625, 3438.1439999999997781, 1, 3440.4780000000000655, 120.39203412156274453, 3438.1439999999997781, 0
3440.487999999999829, 47.852075694622953961, 3438.1500000000000909, 0, 3440.487999999999829, 222.5465884384985884, 3438.1500000000000909, 1, 3440.487999999999829, 211.62217357293974374, 3438.1500000000000909, 1, 3440.487999999999829, 36.54128219496153207, 3438.1500000000000909, 0
3440.4980000000000473, 3.7129687774528754574, 3438.1539999999999964, 0, 3440.4980000000000473, 71.590436668711660673, 3438.1539999999999964, 1, 3440.4980000000000473, 86.345624235403704461, 3438.1539999999999964, 1, 3440.4980000000000473, 30.453109332248658347, 3438.1539999999999964, 0
3440.5079999999998108, 4.9487831218780771181, 3438.1599999999998545, 0, 3440.5079999999998108, 29.585271868359434677, 3438.1599999999998545, 1, 3440.5079999999998108, 43.678775778090468407, 3438.1599999999998545, 1, 3440.5079999999998108, 39.32823238997740134, 3438.1599999999998545, 0
3440.5180000000000291, 13.31259031029670048, 3438.1649999999999636, 0, 3440.5180000000000291, 29.241301033979034685, 3438.1649999999999636, 1, 3440.5180000000000291, 25.791925578864670854, 3438.1649999999999636, 1, 3440.5180000000000291, 47.079160166167795865, 3438.1649999999999636, 0
3440.5410000000001673, 28.381079312504461143, 3438.168999999999869, 0, 3440.5410000000001673, 39.061931380306674555, 3438.168999999999869, 1, 3440.5410000000001673, 21.731528135359610587, 3438.168999999999869, 1, 3440.5410000000001673, 52.889532844518889476, 3438.168999999999869, 0
3440.5500000000001819, 42.827376586379251933, 3438.1739999999999782, 0, 3440.5500000000001819, 48.139451921071177765, 3438.1739999999999782, 1, 3440.5500000000001819, 23.058544584419365719, 3438.1739999999999782, 1, 3440.5500000000001819, 53.157971270475670167, 3438.1739999999999782, 0
3440.5500000000001819, 51.45423585874786454, 3438.1799999999998363, 0, 3440.5500000000001819, 54.195987533047826901, 3438.1799999999998363, 1, 3440.5500000000001819, 25.103783175071505696, 3438.1799999999998363, 1, 3440.5500000000001819, 51.658420978425787951, 3438.1799999999998363, 0
3440.5700000000001637, 56.39394594068880906, 3438.1840000000001965, 0, 3440.5700000000001637, 58.589749135990302875, 3438.1840000000001965, 1, 3440.5700000000001637, 26.424380944065472221, 3438.1840000000001965, 1, 3440.5700000000001637, 49.050471201055245274, 3438.1840000000001965, 0
3440.5790000000001783, 50.748020607219793021, 3438.1889999999998508, 0, 3440.5790000000001783, 57.483557510550362224, 3438.1889999999998508, 1, 3440.5790000000001783, 41.69155386604609248, 3438.1889999999998508, 1, 3440.5790000000001783, 44.592636867862623262, 3438.1889999999998508, 0
3440.5790000000001783, 0, 3438.19399999999996, 0, 3440.5790000000001783, 74.925559049462037819, 3438.19399999999996, 1, 3440.5790000000001783, 70.336893296437821732, 3438.19399999999996, 1, 3440.5790000000001783, 0, 3438.19399999999996, 0
3440.5889999999999418, 0, 3438.1990000000000691, 0, 3440.5889999999999418, 97.638849574217587701, 3438.1990000000000691, 1, 3440.5889999999999418, 73.000787385764368764, 3438.1990000000000691, 1, 3440.5889999999999418, 0, 3438.1990000000000691, 0
3440.5990000000001601, 0, 3438.2040000000001783, 0, 3440.5990000000001601, 113.83308660316700411, 3438.2040000000001783, 1, 3440.5990000000001601, 69.947344195654977739, 3438.2040000000001783, 1, 3440.5990000000001601, 0, 3438.2040000000001783, 0
3440.6080000000001746, 0, 3438.2100000000000364, 1, 3440.6080000000001746, 125.81793187325531846, 3438.2100000000000364, 1, 3440.6080000000001746, 65.697465052761515381, 3438.2100000000000364, 1, 3440.6080000000001746, 0, 3438.2100000000000364, 1
3440.6300000000001091, 0, 3438.2139999999999418, 1, 3440.6300000000001091, 130.24482941632848565, 3438.2139999999999418, 1, 3440.6300000000001091, 63.462924450895314976, 3438.2139999999999418, 1, 3440.6300000000001091, 0, 3438.2139999999999418, 1
3440.6300000000001091, 0, 3438.2199999999997999, 1, 3440.6300000000001091, 131.78750371484966308, 3438.2199999999997999, 1, 3440.6300000000001091, 62.746234916201302667, 3438.2199999999997999, 1, 3440.6300000000001091, 0, 3438.2199999999997999, 1
3440.6500000000000909, 0, 3438.2240000000001601, 1, 3440.6500000000000909, 132.14548535659116624, 3438.2240000000001601, 1, 3440.6500000000000909, 63.970579650348348366, 3438.2240000000001601, 1, 3440.6500000000000909, 0, 3438.2240000000001601, 1
3440.6590000000001055, 0, 3438.2300000000000182, 1, 3440.6590000000001055, 130.18486834204577463, 3438.2300000000000182, 1, 3440.6590000000001055, 65.500092722330151673, 3438.2300000000000182, 1, 3440.6590000000001055, 0, 3438.2300000000000182, 1
3440.6590000000001055, 0, 3438.2339999999999236, 1, 3440.6590000000001055, 127.76399288292753909, 3438.2339999999999236, 1, 3440.6590000000001055, 72.608144472690170801, 3438.2339999999999236, 1, 3440.6590000000001055, 0, 3438.2339999999999236, 1
3440.6790000000000873, 0, 3438.2390000000000327, 1, 3440.6790000000000873, 125.30925490217344986, 3438.2390000000000327, 1, 3440.6790000000000873, 74.940988654109474965, 3438.2390000000000327, 1, 3440.6790000000000873, 0, 3438.2390000000000327, 1
3440.6790000000000873, 0, 3438.2440000000001419, 1, 3440.6790000000000873, 122.11678796848062234, 3438.2440000000001419, 1, 3440.6790000000000873, 79.887001380291991381, 3438.2440000000001419, 1, 3440.6790000000000873, 0, 3438.2440000000001419, 1
3440.6889999999998508, 0, 3438.25, 1, 3440.6889999999998508, 120.13054914003195961, 3438.25, 1, 3440.6889999999998508, 82.317404501149496809, 3438.25, 1, 3440.6889999999998508, 0, 3438.25, 1
3440.6990000000000691, 0, 3438.2539999999999054, 1, 3440.6990000000000691, 117.1816716597246284, 3438.2539999999999054, 1, 3440.6990000000000691, 87.067116366873605671, 3438.2539999999999054, 1, 3440.6990000000000691, 0, 3438.2539999999999054, 1
3440.7089999999998327, 0, 3438.2590000000000146, 1, 3440.7089999999998327, 114.63623192857571098, 3438.2590000000000146, 1, 3440.7089999999998327, 89.850456462086981446, 3438.2590000000000146, 1, 3440.7089999999998327, 0, 3438.2590000000000146, 1
3440.7289999999998145, 0, 3438.2640000000001237, 1, 3440.7289999999998145, 112.37812223900925801, 3438.2640000000001237, 1, 3440.7289999999998145, 91.983380730783750323, 3438.2640000000001237, 1, 3440.7289999999998145, 0, 3438.2640000000001237, 1
3440.7289999999998145, 0, 3438.2689999999997781, 1, 3440.7289999999998145, 110.27956902096015313, 3438.2689999999997781, 1, 3440.7289999999998145, 93.267916604661408542, 3438.2689999999997781, 1, 3440.7289999999998145, 0, 3438.2689999999997781, 1
3440.7390000000000327, 0, 3438.2759999999998399, 1, 3440.7390000000000327, 108.40876106842571858, 3438.2759999999998399, 1, 3440.7390000000000327, 94.833879001113729146, 3438.2759999999998399, 1, 3440.7390000000000327, 0, 3438.2759999999998399, 1
3440.7480000000000473, 0, 3438.2800000000002001, 1, 3440.7480000000000473, 105.88840476336478957, 3438.2800000000002001, 0, 3440.7480000000000473, 99.680127252349251421, 3438.2800000000002001, 0, 3440.7480000000000473, 0, 3438.2800000000002001, 1
3440.7590000000000146, 0, 3438.2840000000001055, 1, 3440.7590000000000146, 103.18425757213083216, 3438.2840000000001055, 0, 3440.7590000000000146, 103.59939627780866545, 3438.2840000000001055, 0, 3440.7590000000000146, 0, 3438.2840000000001055, 1
3440.7689999999997781, 0, 3438.2890000000002146, 1, 3440.7689999999997781, 100.64291728257336445, 3438.2890000000002146, 0, 3440.7689999999997781, 106.84539145418028738, 3438.2890000000002146, 0, 3440.7689999999997781, 0, 3438.2890000000002146, 1
3440.7779999999997926, 359.46326573091067758, 3438.293999999999869, 1, 3440.7779999999997926, 95.762455783331077441, 3438.293999999999869, 0, 3440.7779999999997926, 106.4880799720370419, 3438.293999999999869, 0, 3440.7779999999997926, 0, 3438.293999999999869, 1
3440.7910000000001673, 376.75071593151915295, 3438.2989999999999782, 1, 3440.7910000000001673, 31.278665598952358096, 3438.2989999999999782, 0, 3440.7910000000001673, 81.791784072916811965, 3438.2989999999999782, 0, 3440.7910000000001673, 0, 3438.2989999999999782, 1
3440.7989999999999782, 368.02594386561236206, 3438.3040000000000873, 1, 3440.7989999999999782, 1.6297096236651054113, 3438.3040000000000873, 0, 3440.7989999999999782, 65.900742020029852597, 3438.3040000000000873, 0, 3440.7989999999999782, 0, 3438.3040000000000873, 1
3440.8090000000001965, 251.42986727749510578, 3438.3079999999999927, 1, 3440.8090000000001965, 0, 3438.3079999999999927, 0, 3440.8090000000001965, 75.141033943179905918, 3438.3079999999999927, 0, 3440.8090000000001965, 0, 3438.3079999999999927, 1
3440.8290000000001783, 24.483909415856558667, 3438.3139999999998508, 1, 3440.8290000000001783, 0, 3438.3139999999998508, 0, 3440.8290000000001783, 59.23855285363630685, 3438.3139999999998508, 0, 3440.8290000000001783, 0, 3438.3139999999998508, 1
3440.8290000000001783, 0, 3438.31899999999996, 1, 3440.8290000000001783, 0, 3438.31899999999996, 0, 3440.8290000000001783, 34.308932129698526126, 3438.31899999999996, 0, 3440.8290000000001783, 0, 3438.31899999999996, 1
3440.8389999999999418, 0, 3438.3240000000000691, 1, 3440.8389999999999418, 0, 3438.3240000000000691, 0, 3440.8389999999999418, 28.410825513714350166, 3438.3240000000000691, 0, 3440.8389999999999418, 0, 3438.3240000000000691, 1
3440.8479999999999563, 0, 3438.3290000000001783, 1, 3440.8479999999999563, 0, 3438.3290000000001783, 0, 3440.8479999999999563, 24.621490558313578134, 3438.3290000000001783, 0, 3440.8479999999999563, 35.074414825441657229, 3438.3290000000001783, 1
3440.8690000000001419, 0, 3438.3339999999998327, 1, 3440.8690000000001419, 0, 3438.3339999999998327, 0, 3440.8690000000001419, 28.50369586813209466, 3438.3339999999998327, 0, 3440.8690000000001419, 20.822199654025421722, 3438.3339999999998327, 1
3440.8690000000001419, 80.288730338162025646, 3438.3389999999999418, 1, 3440.8690000000001419, 0, 3438.3389999999999418, 0, 3440.8690000000001419, 29.394673858394064325, 3438.3389999999999418, 0, 3440.8690000000001419, 33.276578997882886313, 3438.3389999999999418, 1
3440.8789999999999054, 115.12934188170196137, 3438.3449999999997999, 1, 3440.8789999999999054, 0, 3438.3449999999997999, 0, 3440.8789999999999054, 37.973532031248666385, 3438.3449999999997999, 0, 3440.8789999999999054, 43.558725301523416817, 3438.3449999999997999, 1
3440.8890000000001237, 103.15146557218702128, 3438.3490000000001601, 1, 3440.8890000000001237, 128.65972114017591821, 3438.3490000000001601, 0, 3440.8890000000001237, 95.268913555837414719, 3438.3490000000001601, 0, 3440.8890000000001237, 56.346686544631566562, 3438.3490000000001601, 1
3440.8989999999998872, 25.614558814777232953, 3438.3539999999998145, 1, 3440.8989999999998872, 84.998177546508557612, 3438.3539999999998145, 0, 3440.8989999999998872, 137.98827598505403103, 3438.3539999999998145, 0, 3440.8989999999998872, 92.351579702666171556, 3438.3539999999998145, 1
3440.9090000000001055, 50.43254417925984967, 3438.3600000000001273, 1, 3440.9090000000001055, 0, 3438.3600000000001273, 0, 3440.9090000000001055, 0, 3438.3600000000001273, 0, 3440.9090000000001055, 80.931712433933867601, 3438.3600000000001273, 1
3440.9200000000000728, 81.189654603147261014, 3438.3640000000000327, 1, 3440.9200000000000728, 0, 3438.3640000000000327, 0, 3440.9200000000000728, 0, 3438.3640000000000327, 0, 3440.9200000000000728, 75.186543317376319351, 3438.3640000000000327, 1
3440.9290000000000873, 97.545660587400732311, 3438.3690000000001419, 1, 3440.9290000000000873, 0, 3438.3690000000001419, 0, 3440.9290000000000873, 0, 3438.3690000000001419, 0, 3440.9290000000000873, 79.881960473695571068, 3438.3690000000001419, 1
3440.9389999999998508, 105.05560074800010284, 3438.3739999999997963, 1, 3440.9389999999998508, 0, 3438.3739999999997963, 0, 3440.9389999999998508, 0, 3438.3739999999997963, 0, 3440.9389999999998508, 77.281810233676168309, 3438.3739999999997963, 1
3440.9490000000000691, 108.80613759765290638, 3438.3789999999999054, 1, 3440.9490000000000691, 0, 3438.3789999999999054, 0, 3440.9490000000000691, 0, 3438.3789999999999054, 0, 3440.9490000000000691, 83.674465297973739553, 3438.3789999999999054, 1
3440.9589999999998327, 111.76350045263308175, 3438.3840000000000146, 1, 3440.9589999999998327, 0, 3438.3840000000000146, 0, 3440.9589999999998327, 0, 3438.3840000000000146, 0, 3440.9589999999998327, 83.930647040659181357, 3438.3840000000000146, 1
3440.9690000000000509, 111.14112465309575839, 3438.3899999999998727, 1, 3440.9690000000000509, 0, 3438.3899999999998727, 0, 3440.9690000000000509, 0, 3438.3899999999998727, 0, 3440.9690000000000509, 89.194273295776355326, 3438.3899999999998727, 1
3440.9789999999998145, 111.19458113634985352, 3438.3939999999997781, 1, 3440.9789999999998145, 0, 3438.3939999999997781, 0, 3440.9789999999998145, 0, 3438.3939999999997781, 0, 3440.9789999999998145, 90.601339425061809152, 3438.3939999999997781, 1
3440.9890000000000327, 108.41085168784869097, 3438.3989999999998872, 1, 3440.9890000000000327, 0, 3438.3989999999998872, 0, 3440.9890000000000327, 0, 3438.3989999999998872, 0, 3440.9890000000000327, 97.272750318823057114, 3438.3989999999998872, 1
3440.9989999999997963, 107.88716132026920036, 3438.4050000000002001, 1, 3440.9989999999997963, 0, 3438.4050000000002001, 0, 3440.9989999999997963, 0, 3438.4050000000002001, 0, 3440.9989999999997963, 99.040700694135864524, 3438.4050000000002001, 1
3441.0090000000000146, 105.4204183687844818, 3438.4090000000001055, 1, 3441.0090000000000146, 0, 3438.4090000000001055, 0, 3441.0090000000000146, 0, 3438.4090000000001055, 0, 3441.0090000000000146, 104.96230972156074301, 3438.4090000000001055, 1
3441.0210000000001855, 103.98295116051863829, 3438.4149999999999636, 1, 3441.0210000000001855, 0, 3438.4149999999999636, 0, 3441.0210000000001855, 0, 3438.4149999999999636, 0, 3441.0210000000001855, 107.67769558460264534, 3438.4149999999999636, 1
3441.0289999999999964, 102.60348476545743779, 3438.418999999999869, 1, 3441.0289999999999964, 0, 3438.418999999999869, 0, 3441.0289999999999964, 0, 3438.418999999999869, 0, 3441.0289999999999964, 110.73211047754959679, 3438.418999999999869, 1
3441.0399999999999636, 101.59637849295927481, 3438.4239999999999782, 1, 3441.0399999999999636, 0, 3438.4239999999999782, 0, 3441.0399999999999636, 0, 3438.4239999999999782, 0, 3441.0399999999999636, 111.32997960691778871, 3438.4239999999999782, 1
3441.0489999999999782, 100.81037869419522224, 3438.4290000000000873, 1, 3441.0489999999999782, 0, 3438.4290000000000873, 0, 3441.0489999999999782, 0, 3438.4290000000000873, 0, 3441.0489999999999782, 113.0712934752365868, 3438.4290000000000873, 1
3441.0590000000001965, 101.0906667300237558, 3438.4349999999999454, 1, 3441.0590000000001965, 0, 3438.4349999999999454, 0, 3441.0590000000001965, 0, 3438.4349999999999454, 0, 3441.0590000000001965, 114.55632661586599852, 3438.4349999999999454, 1
3441.0700000000001637, 98.576789436939833422, 3438.4389999999998508, 1, 3441.0700000000001637, 0, 3438.4389999999998508, 0, 3441.0700000000001637, 0, 3438.4389999999998508, 0, 3441.0700000000001637, 116.66064104552140179, 3438.4389999999998508, 1
3441.0790000000001783, 96.742263664507561316, 3438.44399999999996, 1, 3441.0790000000001783, 0, 3438.44399999999996, 0, 3441.0790000000001783, 0, 3438.44399999999996, 0, 3441.0790000000001783, 112.39366331261888377, 3438.44399999999996, 1
3441.0900000000001455, 96.248680564247337088, 3438.4490000000000691, 1, 3441.0900000000001455, 0, 3438.4490000000000691, 0, 3441.0900000000001455, 0, 3438.4490000000000691, 0, 3441.0900000000001455, 114.74996882387870301, 3438.4490000000000691, 1
3441.0990000000001601, 94.984482482461444874, 3438.4540000000001783, 1, 3441.0990000000001601, 0, 3438.4540000000001783, 0, 3441.0990000000001601, 0, 3438.4540000000001783, 0, 3441.0990000000001601, 119.42235288343660216, 3438.4540000000001783, 1
3441.1080000000001746, 93.970865451232484133, 3438.4589999999998327, 1, 3441.1080000000001746, 0, 3438.4589999999998327, 0, 3441.1080000000001746, 0, 3438.4589999999998327, 0, 3441.1080000000001746, 119.82566687292271013, 3438.4589999999998327, 1
3441.1190000000001419, 93.659145862393899051, 3438.4639999999999418, 1, 3441.1190000000001419, 0, 3438.4639999999999418, 0, 3441.1190000000001419, 0, 3438.4639999999999418, 0, 3441.1190000000001419, 125.47541889895569511, 3438.4639999999999418, 1
3441.1280000000001564, 95.993200530574469553, 3438.4690000000000509, 1, 3441.1280000000001564, 0, 3438.4690000000000509, 0, 3441.1280000000001564, 212.37413880704124836, 3438.4690000000000509, 0, 3441.1280000000001564, 122.4496697148456974, 3438.4690000000000509, 1
3441.13799999999992, 72.947130905922264787, 3438.4740000000001601, 1, 3441.13799999999992, 206.22060385124819959, 3438.4740000000001601, 0, 3441.13799999999992, 223.76926927593433447, 3438.4740000000001601, 0, 3441.13799999999992, 41.19327909397809151, 3438.4740000000001601, 1
3441.1489999999998872, 12.828720766761787075, 3438.4789999999998145, 1, 3441.1489999999998872, 85.855624028471126508, 3438.4789999999998145, 0, 3441.1489999999998872, 95.089609277202100657, 3438.4789999999998145, 0, 3441.1489999999998872, 32.710322736115998055, 3438.4789999999998145, 1
3441.1590000000001055, 10.939757292552990009, 3438.4839999999999236, 1, 3441.1590000000001055, 31.405104371946265474, 3438.4839999999999236, 0, 3441.1590000000001055, 48.390511744053803511, 3438.4839999999999236, 0, 3441.1590000000001055, 42.097530954233540967, 3438.4839999999999236, 1
3441.1790000000000873, 18.737279976013603289, 3438.4899999999997817, 1, 3441.1790000000000873, 29.451895614163532855, 3438.4899999999997817, 0, 3441.1790000000000873, 32.080935360207512019, 3438.4899999999997817, 0, 3441.1790000000000873, 48.336770852716540503, 3438.4899999999997817, 1
3441.1889999999998508, 33.918234017625593424, 3438.4940000000001419, 1, 3441.1889999999998508, 36.697736227443542134, 3438.4940000000001419, 0, 3441.1889999999998508, 26.991715066793602773, 3438.4940000000001419, 0, 3441.1889999999998508, 51.763428171980628179, 3438.4940000000001419, 1
3441.1889999999998508, 45.821440961299330752, 3438.4989999999997963, 1, 3441.1889999999998508, 44.040985153319695655, 3438.4989999999997963, 0, 3441.1889999999998508, 26.108389395773148323, 3438.4989999999997963, 0, 3441.1889999999998508, 52.727770318159244312, 3438.4989999999997963, 1
3441.1979999999998654, 52.25076917497997897, 3438.5039999999999054, 1, 3441.1979999999998654, 51.602007944133035267, 3438.5039999999999054, 0, 3441.1979999999998654, 26.795442017269554213, 3438.5039999999999054, 0, 3441.1979999999998654, 49.111180539918265708, 3438.5039999999999054, 1
3441.2089999999998327, 57.1733389715427478, 3438.5100000000002183, 1, 3441.2089999999998327, 54.799910814000611481, 3438.5100000000002183, 0, 3441.2089999999998327, 27.544554318923907488, 3438.5100000000002183, 0, 3441.2089999999998327, 48.486173075687311496, 3438.5100000000002183, 1
3441.2289999999998145, 44.316020473394814871, 3438.5140000000001237, 1, 3441.2289999999998145, 53.789284041408592429, 3438.5140000000001237, 0, 3441.2289999999998145, 38.148691917378229732, 3438.5140000000001237, 0, 3441.2289999999998145, 40.341200627680414925, 3438.5140000000001237, 1
3441.2289999999998145, 0, 3438.5189999999997781, 1, 3441.2289999999998145, 69.6420698743224591, 3438.5189999999997781, 0, 3441.2289999999998145, 68.834342006919072787, 3438.5189999999997781, 0, 3441.2289999999998145, 0, 3438.5189999999997781, 1
3441.2390000000000327, 0, 3438.5239999999998872, 1, 3441.2390000000000327, 95.321401136599092752, 3438.5239999999998872, 0, 3441.2390000000000327, 71.792249387892212553, 3438.5239999999998872, 0, 3441.2390000000000327, 0, 3438.5239999999998872, 1
3441.2590000000000146, 0, 3438.5289999999999964, 1, 3441.2590000000000146, 114.11509930370732491, 3438.5289999999999964, 0, 3441.2590000000000146, 72.036862023265001653, 3438.5289999999999964, 0, 3441.2590000000000146, 0, 3438.5289999999999964, 1
3441.2680000000000291, 0, 3438.5340000000001055, 1, 3441.2680000000000291, 124.54521644004253744, 3438.5340000000001055, 1, 3441.2680000000000291, 66.830395919380180203, 3438.5340000000001055, 1, 3441.2680000000000291, 0, 3438.5340000000001055, 1
3441.2680000000000291, 0, 3438.5390000000002146, 1, 3441.2680000000000291, 130.25526569052840387, 3438.5390000000002146, 1, 3441.2680000000000291, 63.032980714107445408, 3438.5390000000002146, 1, 3441.2680000000000291, 0, 3438.5390000000002146, 1
3441.2779999999997926, 0, 3438.543999999999869, 1, 3441.2779999999997926, 131.36649433380853225, 3438.543999999999869, 1, 3441.2779999999997926, 63.116961628898366143, 3438.543999999999869, 1, 3441.2779999999997926, 0, 3438.543999999999869, 1
3441.2989999999999782, 0, 3438.5489999999999782, 1, 3441.2989999999999782, 133.49556444229381214, 3438.5489999999999782, 1, 3441.2989999999999782, 61.951436782170567596, 3438.5489999999999782, 1, 3441.2989999999999782, 0, 3438.5489999999999782, 1
3441.3090000000001965, 0, 3438.5540000000000873, 1, 3441.3090000000001965, 130.99778674539572876, 3438.5540000000000873, 1, 3441.3090000000001965, 65.819462290390532644, 3438.5540000000000873, 1, 3441.3090000000001965, 0, 3438.5540000000000873, 1
3441.3090000000001965, 0, 3438.5599999999999454, 1, 3441.3090000000001965, 128.82994771710116311, 3438.5599999999999454, 1, 3441.3090000000001965, 71.140644200086228466, 3438.5599999999999454, 1, 3441.3090000000001965, 0, 3438.5599999999999454, 1
3441.318000000000211, 0, 3438.5639999999998508, 1, 3441.318000000000211, 126.79557340064205562, 3438.5639999999998508, 1, 3441.318000000000211, 72.095923652200013976, 3438.5639999999998508, 1, 3441.318000000000211, 0, 3438.5639999999998508, 1
3441.3389999999999418, 0, 3438.5700000000001637, 1, 3441.3389999999999418, 123.21075969289211116, 3438.5700000000001637, 1, 3441.3389999999999418, 77.636373551973818508, 3438.5700000000001637, 1, 3441.3389999999999418, 0, 3438.5700000000001637, 1
3441.3490000000001601, 0, 3438.5740000000000691, 1, 3441.3490000000001601, 120.18887196775905579, 3438.5740000000000691, 1, 3441.3490000000001601, 83.254901914619125591, 3438.5740000000000691, 1, 3441.3490000000001601, 0, 3438.5740000000000691, 1
3441.3490000000001601, 0, 3438.5790000000001783, 1, 3441.3490000000001601, 117.55315981066075892, 3438.5790000000001783, 1, 3441.3490000000001601, 86.866560168792844365, 3438.5790000000001783, 1, 3441.3490000000001601, 0, 3438.5790000000001783, 1
3441.3690000000001419, 0, 3438.5839999999998327, 1, 3441.3690000000001419, 115.64167467718267801, 3438.5839999999998327, 1, 3441.3690000000001419, 85.896313831420513907, 3438.5839999999998327, 1, 3441.3690000000001419, 0, 3438.5839999999998327, 1
3441.3780000000001564, 0, 3438.5889999999999418, 1, 3441.3780000000001564, 112.59413906510850722, 3438.5889999999999418, 1, 3441.3780000000001564, 88.806961448070694587, 3438.5889999999999418, 1, 3441.3780000000001564, 0, 3438.5889999999999418, 1
3441.3789999999999054, 0, 3438.5940000000000509, 1, 3441.3789999999999054, 111.08982475969864367, 3438.5940000000000509, 1, 3441.3789999999999054, 91.514593324039822164, 3438.5940000000000509, 1, 3441.3789999999999054, 0, 3438.5940000000000509, 1
3441.3890000000001237, 0, 3438.5990000000001601, 1, 3441.3890000000001237, 109.00487365781955873, 3438.5990000000001601, 1, 3441.3890000000001237, 93.137819088881272478, 3438.5990000000001601, 1, 3441.3890000000001237, 0, 3438.5990000000001601, 1
3441.4090000000001055, 0, 3438.6039999999998145, 1, 3441.4090000000001055, 106.73011625048013684, 3438.6039999999998145, 1, 3441.4090000000001055, 96.520726108703456703, 3438.6039999999998145, 1, 3441.4090000000001055, 0, 3438.6039999999998145, 1
3441.418999999999869, 0, 3438.6089999999999236, 0, 3441.418999999999869, 104.21980704797543638, 3438.6089999999999236, 1, 3441.418999999999869, 101.23012404336972736, 3438.6089999999999236, 1, 3441.418999999999869, 0, 3438.6089999999999236, 0
3441.418999999999869, 0, 3438.6140000000000327, 0, 3441.418999999999869, 101.49093147427886663, 3438.6140000000000327, 1, 3441.418999999999869, 105.55772756720526218, 3438.6140000000000327, 1, 3441.418999999999869, 0, 3438.6140000000000327, 0
3441.4279999999998836, 289.41465060169463186, 3438.6190000000001419, 0, 3441.4279999999998836, 98.454795405657279161, 3438.6190000000001419, 1, 3441.4279999999998836, 106.33858773513691176, 3438.6190000000001419, 1, 3441.4279999999998836, 0, 3438.6190000000001419, 0
3441.4389999999998508, 382.31511613447111131, 3438.625, 0, 3441.4389999999998508, 38.279904099047307398, 3438.625, 1, 3441.4389999999998508, 83.412719934184210047, 3438.625, 1, 3441.4389999999998508, 0, 3438.625, 0
3441.4490000000000691, 372.48723497598126642, 3438.6289999999999054, 0, 3441.4490000000000691, 3.260956912309365574, 3438.6289999999999054, 1, 3441.4490000000000691, 66.179630440204618935, 3438.6289999999999054, 1, 3441.4490000000000691, 0, 3438.6289999999999054, 0
3441.4589999999998327, 255.06326082100122221, 3438.6340000000000146, 0, 3441.4589999999998327, 0, 3438.6340000000000146, 1, 3441.4589999999998327, 79.496665752387528414, 3438.6340000000000146, 1, 3441.4589999999998327, 0, 3438.6340000000000146, 0
3441.4699999999997999, 69.528569448476275738, 3438.6390000000001237, 0, 3441.4699999999997999, 0, 3438.6390000000001237, 1, 3441.4699999999997999, 74.629083856332471214, 3438.6390000000001237, 1, 3441.4699999999997999, 0, 3438.6390000000001237, 0
3441.4780000000000655, 3.5561729902412446691, 3438.6439999999997781, 0, 3441.4780000000000655, 0, 3438.6439999999997781, 1, 3441.4780000000000655, 39.782700980944035507, 3438.6439999999997781, 1, 3441.4780000000000655, 0, 3438.6439999999997781, 0
3441.4989999999997963, 0, 3438.6489999999998872, 0, 3441.4989999999997963, 0, 3438.6489999999998872, 1, 3441.4989999999997963, 28.263191347579773804, 3438.6489999999998872, 1, 3441.4989999999997963, 0, 3438.6489999999998872, 0
3441.4989999999997963, 0, 3438.6539999999999964, 0, 3441.4989999999997963, 0, 3438.6539999999999964, 1, 3441.4989999999997963, 21.271891422099738378, 3438.6539999999999964, 1, 3441.4989999999997963, 34.279728228306339588, 3438.6539999999999964, 0
3441.5090000000000146, 0, 3438.6590000000001055, 0, 3441.5090000000000146, 0, 3438.6590000000001055, 1, 3441.5090000000000146, 28.197703466274237627, 3438.6590000000001055, 1, 3441.5090000000000146, 14.839657577544707934, 3438.6590000000001055, 0
3441.5189999999997781, 83.49450903495308296, 3438.6640000000002146, 0, 3441.5189999999997781, 0, 3438.6640000000002146, 1, 3441.5189999999997781, 32.078489682143938921, 3438.6640000000002146, 1, 3441.5189999999997781, 26.491514543081997601, 3438.6640000000002146, 0
3441.5289999999999964, 106.9613093409218294, 3438.668999999999869, 0, 3441.5289999999999964, 0, 3438.668999999999869, 1, 3441.5289999999999964, 39.310540430349071528, 3438.668999999999869, 1, 3441.5289999999999964, 37.720408118905183414, 3438.668999999999869, 0
3441.5390000000002146, 112.01518059381069747, 3438.6739999999999782, 0, 3441.5390000000002146, 94.580754945224228436, 3438.6739999999999782, 1, 3441.5390000000002146, 39.626005031726670325, 3438.6739999999999782, 1, 3441.5390000000002146, 43.952282120114318786, 3438.6739999999999782, 0
3441.5590000000001965, 67.029595434315382363, 3438.6799999999998363, 0, 3441.5590000000001965, 109.71992861843898481, 3438.6799999999998363, 1, 3441.5590000000001965, 122.83522696305200839, 3438.6799999999998363, 1, 3441.5590000000001965, 76.993986294751849186, 3438.6799999999998363, 0
3441.5590000000001965, 39.162916327719031528, 3438.6849999999999454, 0, 3441.5590000000001965, 22.048473557693554881, 3438.6849999999999454, 1, 3441.5590000000001965, 51.679398435786062294, 3438.6849999999999454, 1, 3441.5590000000001965, 93.640274283693386792, 3438.6849999999999454, 0
3441.56899999999996, 74.861067190920223879, 3438.6889999999998508, 0, 3441.56899999999996, 0, 3438.6889999999998508, 1, 3441.56899999999996, 0, 3438.6889999999998508, 1, 3441.56899999999996, 80.968350806820325261, 3438.6889999999998508, 0
3441.5889999999999418, 92.017161816714704514, 3438.6959999999999127, 0, 3441.5889999999999418, 0, 3438.6959999999999127, 1, 3441.5889999999999418, 0, 3438.6959999999999127, 1, 3441.5889999999999418, 82.495067606436876417, 3438.6959999999999127, 0
3441.5889999999999418, 103.06176627029272197, 3438.6990000000000691, 0, 3441.5889999999999418, 0, 3438.6990000000000691, 1, 3441.5889999999999418, 0, 3438.6990000000000691, 1, 3441.5889999999999418, 82.839011982677106971, 3438.6990000000000691, 0
3441.5999999999999091, 107.28284949237536239, 3438.7040000000001783, 0, 3441.5999999999999091, 0, 3438.7040000000001783, 1, 3441.5999999999999091, 0, 3438.7040000000001783, 1, 3441.5999999999999091, 86.129236414907538233, 3438.7040000000001783, 0
3441.6089999999999236, 109.47371608231881623, 3438.7089999999998327, 0, 3441.6089999999999236, 0, 3438.7089999999998327, 1, 3441.6089999999999236, 0, 3438.7089999999998327, 1, 3441.6089999999999236, 87.369044349378029324, 3438.7089999999998327, 0
3441.6190000000001419, 109.65675919018423201, 3438.7139999999999418, 0, 3441.6190000000001419, 0, 3438.7139999999999418, 1, 3441.6190000000001419, 0, 3438.7139999999999418, 1, 3441.6190000000001419, 90.290261865684925624, 3438.7139999999999418, 0
3441.6309999999998581, 108.44530100796634997, 3438.7190000000000509, 0, 3441.6309999999998581, 0, 3438.7190000000000509, 1, 3441.6309999999998581, 0, 3438.7190000000000509, 1, 3441.6309999999998581, 91.221231453617832585, 3438.7190000000000509, 0
3441.6390000000001237, 107.00332421614405121, 3438.7240000000001601, 0, 3441.6390000000001237, 0, 3438.7240000000001601, 1, 3441.6390000000001237, 0, 3438.7240000000001601, 1, 3441.6390000000001237, 95.130577621847024261, 3438.7240000000001601, 0
3441.6489999999998872, 105.45662177421075967, 3438.7280000000000655, 0, 3441.6489999999998872, 0, 3438.7280000000000655, 1, 3441.6489999999998872, 0, 3438.7280000000000655, 1, 3441.6489999999998872, 99.174575145244745045, 3438.7280000000000655, 0
3441.6599999999998545, 103.3857534513734322, 3438.7339999999999236, 0, 3441.6599999999998545, 0, 3438.7339999999999236, 1, 3441.6599999999998545, 0, 3438.7339999999999236, 1, 3441.6599999999998545, 105.31712767468495429, 3438.7339999999999236, 0
3441.6680000000001201, 102.27804261066975755, 3438.7390000000000327, 0, 3441.6680000000001201, 0, 3438.7390000000000327, 1, 3441.6680000000001201, 0, 3438.7390000000000327, 1, 3441.6680000000001201, 108.77906031686302413, 3438.7390000000000327, 0
3441.6790000000000873, 101.27487040558662557, 3438.7440000000001419, 0, 3441.6790000000000873, 0, 3438.7440000000001419, 1, 3441.6790000000000873, 0, 3438.7440000000001419, 1, 3441.6790000000000873, 111.72541196298510613, 3438.7440000000001419, 0
3441.6920000000000073, 99.986888598866585198, 3438.7489999999997963, 0, 3441.6920000000000073, 0, 3438.7489999999997963, 1, 3441.6920000000000073, 0, 3438.7489999999997963, 1, 3441.6920000000000073, 114.57163937793475839, 3438.7489999999997963, 0
3441.6990000000000691, 99.260219500302838469, 3438.7559999999998581, 0, 3441.6990000000000691, 0, 3438.7559999999998581, 1, 3441.6990000000000691, 0, 3438.7559999999998581, 1, 3441.6990000000000691, 115.63087527462538162, 3438.7559999999998581, 0
3441.7089999999998327, 96.927887806052609676, 3438.7590000000000146, 0, 3441.7089999999998327, 0, 3438.7590000000000146, 1, 3441.7089999999998327, 0, 3438.7590000000000146, 1, 3441.7089999999998327, 110.16764181460121108, 3438.7590000000000146, 0
3441.7190000000000509, 96.077976305536012092, 3438.7640000000001237, 0, 3441.7190000000000509, 0, 3438.7640000000001237, 1, 3441.7190000000000509, 0, 3438.7640000000001237, 1, 3441.7190000000000509, 111.56363988312560309, 3438.7640000000001237, 0
3441.7289999999998145, 95.52821172184744114, 3438.7689999999997781, 0, 3441.7289999999998145, 0, 3438.7689999999997781, 1, 3441.7289999999998145, 0, 3438.7689999999997781, 1, 3441.7289999999998145, 114.43485341699883406, 3438.7689999999997781, 0
3441.7489999999997963, 94.810827881533512596, 3438.7739999999998872, 0, 3441.7489999999997963, 0, 3438.7739999999998872, 1, 3441.7489999999997963, 0, 3438.7739999999998872, 1, 3441.7489999999997963, 117.59078766061672638, 3438.7739999999998872, 0
3441.7489999999997963, 94.069118843555528997, 3438.7789999999999964, 0, 3441.7489999999997963, 0, 3438.7789999999999964, 1, 3441.7489999999997963, 0, 3438.7789999999999964, 1, 3441.7489999999997963, 120.20617197524268249, 3438.7789999999999964, 0
3441.7590000000000146, 92.007430211502565953, 3438.7860000000000582, 0, 3441.7590000000000146, 0, 3438.7860000000000582, 1, 3441.7590000000000146, 0, 3438.7860000000000582, 1, 3441.7590000000000146, 120.49134142544889414, 3438.7860000000000582, 0
3441.7689999999997781, 91.932080657899149401, 3438.7890000000002146, 0, 3441.7689999999997781, 0, 3438.7890000000002146, 1, 3441.7689999999997781, 0, 3438.7890000000002146, 1, 3441.7689999999997781, 120.53540124515804166, 3438.7890000000002146, 0
3441.7800000000002001, 93.006179691781497354, 3438.793999999999869, 0, 3441.7800000000002001, 0, 3438.793999999999869, 1, 3441.7800000000002001, 0, 3438.793999999999869, 1, 3441.7800000000002001, 114.98960497447649232, 3438.793999999999869, 0
3441.7890000000002146, 88.573958626461489985, 3438.8000000000001819, 0, 3441.7890000000002146, 245.90210832967221677, 3438.8000000000001819, 1, 3441.7890000000002146, 256.43911960401737815, 3438.8000000000001819, 1, 3441.7890000000002146, 54.545316587347464576, 3438.8000000000001819, 0
3441.7989999999999782, 20.67520075974393734, 3438.8020000000001346, 0, 3441.7989999999999782, 123.18440113678758507, 3438.8020000000001346, 1, 3441.7989999999999782, 95.458769805104850548, 3438.8020000000001346, 1, 3441.7989999999999782, 17.35727756077085715, 3438.8020000000001346, 0
3441.8090000000001965, 7.617133251091564361, 3438.8090000000001965, 0, 3441.8090000000001965, 32.675733694486190473, 3438.8090000000001965, 1, 3441.8090000000001965, 60.672450232164557349, 3438.8090000000001965, 1, 3441.8090000000001965, 43.04181919448831195, 3438.8090000000001965, 0
3441.81899999999996, 13.72886037311253915, 3438.8139999999998508, 0, 3441.81899999999996, 21.513154192719618152, 3438.8139999999998508, 1, 3441.81899999999996, 37.046741751132906018, 3438.8139999999998508, 1, 3441.81899999999996, 51.127868876609191773, 3438.8139999999998508, 0
3441.8290000000001783, 25.883215157045135868, 3438.8200000000001637, 0, 3441.8290000000001783, 31.299762893269971187, 3438.8200000000001637, 1, 3441.8290000000001783, 27.625104766837310422, 3438.8200000000001637, 1, 3441.8290000000001783, 53.284748748676975083, 3438.8200000000001637, 0
3441.8389999999999418, 40.769006891605329201, 3438.8240000000000691, 0, 3441.8389999999999418, 41.352872774861744176, 3438.8240000000000691, 1, 3441.8389999999999418, 26.198522320362719995, 3438.8240000000000691, 1, 3441.8389999999999418, 53.881264022785700263, 3438.8240000000000691, 0
3441.8589999999999236, 50.023102025346801724, 3438.8290000000001783, 0, 3441.8589999999999236, 49.052557969540174554, 3438.8290000000001783, 1, 3441.8589999999999236, 26.647604659781368497, 3438.8290000000001783, 1, 3441.8589999999999236, 52.162659914953636076, 3438.8290000000001783, 0
3441.8589999999999236, 55.80251551574358615, 3438.8339999999998327, 0, 3441.8589999999999236, 54.468946456990167349, 3438.8339999999998327, 1, 3441.8589999999999236, 27.371702186626784226, 3438.8339999999998327, 1, 3441.8589999999999236, 49.514856680650851217, 3438.8339999999998327, 0
3441.8690000000001419, 49.010502109769078061, 3438.8389999999999418, 0, 3441.8690000000001419, 63.534288251523989288, 3438.8389999999999418, 1, 3441.8690000000001419, 31.527750899719720223, 3438.8389999999999418, 1, 3441.8690000000001419, 33.877583664956191001, 3438.8389999999999418, 0
3441.8800000000001091, 0, 3438.8440000000000509, 0, 3441.8800000000001091, 68.990610481481837724, 3438.8440000000000509, 1, 3441.8800000000001091, 64.449888864338262806, 3438.8440000000000509, 1, 3441.8800000000001091, 2.4723912922864607386e-99, 3438.8440000000000509, 0
3441.8899999999998727, 0, 3438.8490000000001601, 0, 3441.8899999999998727, 95.403040835475664494, 3438.8490000000001601, 1, 3441.8899999999998727, 76.8021599710645404, 3438.8490000000001601, 1, 3441.8899999999998727, 0, 3438.8490000000001601, 0
3441.9009999999998399, 0, 3438.8539999999998145, 0, 3441.9009999999998399, 112.62520199112839236, 3438.8539999999998145, 1, 3441.9009999999998399, 74.348985457439141555, 3438.8539999999998145, 1, 3441.9009999999998399, 0, 3438.8539999999998145, 0
3441.9110000000000582, 0, 3438.8600000000001273, 1, 3441.9110000000000582, 121.99276694632536078, 3438.8600000000001273, 1, 3441.9110000000000582, 71.960551974643109929, 3438.8600000000001273, 1, 3441.9110000000000582, 0, 3438.8600000000001273, 1
3441.9200000000000728, 0, 3438.8649999999997817, 1, 3441.9200000000000728, 132.38446580018441523, 3438.8649999999997817, 1, 3441.9200000000000728, 64.408296249716840975, 3438.8649999999997817, 1, 3441.9200000000000728, 0, 3438.8649999999997817, 1
3441.9299999999998363, 0, 3438.8699999999998909, 1, 3441.9299999999998363, 134.36807182094099744, 3438.8699999999998909, 1, 3441.9299999999998363, 64.047891524585608636, 3438.8699999999998909, 1, 3441.9299999999998363, 0, 3438.8699999999998909, 1
3441.9400000000000546, 0, 3438.875, 1, 3441.9400000000000546, 132.78458883483466479, 3438.875, 1, 3441.9400000000000546, 61.981483139145126415, 3438.875, 1, 3441.9400000000000546, 0, 3438.875, 1
3441.9490000000000691, 0, 3438.8789999999999054, 1, 3441.9490000000000691, 130.81625783942212138, 3438.8789999999999054, 1, 3441.9490000000000691, 66.378126499635897062, 3438.8789999999999054, 1, 3441.9490000000000691, 0, 3438.8789999999999054, 1
3441.9639999999999418, 0, 3438.8850000000002183, 1, 3441.9639999999999418, 129.59924415217915339, 3438.8850000000002183, 1, 3441.9639999999999418, 69.074132670586763538, 3438.8850000000002183, 1, 3441.9639999999999418, 0, 3438.8850000000002183, 1
3441.9699999999997999, 0, 3438.8890000000001237, 1, 3441.9699999999997999, 126.81037913610859391, 3438.8890000000001237, 1, 3441.9699999999997999, 73.454416903489985202, 3438.8890000000001237, 1, 3441.9699999999997999, 0, 3438.8890000000001237, 1
3441.9800000000000182, 0, 3438.8939999999997781, 1, 3441.9800000000000182, 124.23786513688972377, 3438.8939999999997781, 1, 3441.9800000000000182, 77.294464390086915273, 3438.8939999999997781, 1, 3441.9800000000000182, 0, 3438.8939999999997781, 1
3441.9899999999997817, 0, 3438.8989999999998872, 1, 3441.9899999999997817, 120.85311122649127924, 3438.8989999999998872, 1, 3441.9899999999997817, 82.176503075369140561, 3438.8989999999998872, 1, 3441.9899999999997817, 0, 3438.8989999999998872, 1
3442, 0, 3438.9039999999999964, 1, 3442, 118.05370745004614719, 3438.9039999999999964, 1, 3442, 86.353391484542882495, 3438.9039999999999964, 1, 3442, 0, 3438.9039999999999964, 1
3442.0100000000002183, 0, 3438.9090000000001055, 1, 3442.0100000000002183, 116.33034776070198291, 3438.9090000000001055, 1, 3442.0100000000002183, 87.326797222130011278, 3438.9090000000001055, 1, 3442.0100000000002183, 0, 3438.9090000000001055, 1
3442.0199999999999818, 0, 3438.9140000000002146, 1, 3442.0199999999999818, 113.21097925844816245, 3438.9140000000002146, 1, 3442.0199999999999818, 92.119549784284473049, 3438.9140000000002146, 1, 3442.0199999999999818, 0, 3438.9140000000002146, 1
3442.0399999999999636, 0, 3438.9200000000000728, 1, 3442.0399999999999636, 111.50691823530677027, 3438.9200000000000728, 1, 3442.0399999999999636, 92.129917919103746726, 3438.9200000000000728, 1, 3442.0399999999999636, 0, 3438.9200000000000728, 1
3442.0500000000001819, 0, 3438.9259999999999309, 1, 3442.0500000000001819, 109.06036937708486789, 3438.9259999999999309, 1, 3442.0500000000001819, 91.485810430383281755, 3438.9259999999999309, 1, 3442.0500000000001819, 0, 3438.9259999999999309, 1
3442.0599999999999454, 0, 3438.9290000000000873, 1, 3442.0599999999999454, 107.10754049769376195, 3438.9290000000000873, 1, 3442.0599999999999454, 94.521647529340441451, 3438.9290000000000873, 1, 3442.0599999999999454, 0, 3438.9290000000000873, 1
3442.0700000000001637, 0, 3438.9360000000001492, 1, 3442.0700000000001637, 104.56989819933059493, 3438.9360000000001492, 0, 3442.0700000000001637, 99.458358258577789002, 3438.9360000000001492, 0, 3442.0700000000001637, 0, 3438.9360000000001492, 1
3442.0799999999999272, 0, 3438.9389999999998508, 1, 3442.0799999999999272, 102.32031368351658784, 3438.9389999999998508, 0, 3442.0799999999999272, 104.25931460447799282, 3438.9389999999998508, 0, 3442.0799999999999272, 0, 3438.9389999999998508, 1
3442.0799999999999272, 0, 3438.94399999999996, 1, 3442.0799999999999272, 99.60404388079102489, 3438.94399999999996, 0, 3442.0799999999999272, 107.91314427826731048, 3438.94399999999996, 0, 3442.0799999999999272, 0, 3438.94399999999996, 1
3442.0900000000001455, 371.66569194435538748, 3438.9490000000000691, 1, 3442.0900000000001455, 71.651744467250011894, 3438.9490000000000691, 0, 3442.0900000000001455, 96.535742217915327501, 3438.9490000000000691, 0, 3442.0900000000001455, 0, 3438.9490000000000691, 1
3442.0999999999999091, 372.9422414914562296, 3438.9540000000001783, 1, 3442.0999999999999091, 11.230125435715685001, 3438.9540000000001783, 0, 3442.0999999999999091, 73.03375582876302019, 3438.9540000000001783, 0, 3442.0999999999999091, 0, 3438.9540000000001783, 1
3442.1100000000001273, 317.82810807538334075, 3438.9589999999998327, 1, 3442.1100000000001273, 0, 3438.9589999999998327, 0, 3442.1100000000001273, 71.665373925265612343, 3438.9589999999998327, 0, 3442.1100000000001273, 0, 3438.9589999999998327, 1
3442.1199999999998909, 117.48550327527831882, 3438.9630000000001928, 1, 3442.1199999999998909, 0, 3438.9630000000001928, 0, 3442.1199999999998909, 65.821403572925333947, 3438.9630000000001928, 0, 3442.1199999999998909, 0, 3438.9630000000001928, 1
3442.1300000000001091, 1.7966954333589202353, 3438.9690000000000509, 1, 3442.1300000000001091, 0, 3438.9690000000000509, 0, 3442.1300000000001091, 47.210692319518621218, 3438.9690000000000509, 0, 3442.1300000000001091, 0, 3438.9690000000000509, 1
3442.1399999999998727, 0, 3438.9749999999999091, 1, 3442.1399999999998727, 0, 3438.9749999999999091, 0, 3442.1399999999998727, 29.480146816481486383, 3438.9749999999999091, 0, 3442.1399999999998727, 0, 3438.9749999999999091, 1
3442.1599999999998545, 0, 3438.9789999999998145, 1, 3442.1599999999998545, 0, 3438.9789999999998145, 0, 3442.1599999999998545, 21.184050616840451653, 3438.9789999999998145, 0, 3442.1599999999998545, 32.007949821672966095, 3438.9789999999998145, 1
3442.1599999999998545, 46.466712626655429119, 3438.9850000000001273, 1, 3442.1599999999998545, 0, 3438.9850000000001273, 0, 3442.1599999999998545, 27.208607141891668846, 3438.9850000000001273, 0, 3442.1599999999998545, 19.205755796700749727, 3438.9850000000001273, 1
3442.1700000000000728, 74.931382513251335808, 3438.9899999999997817, 1, 3442.1700000000000728, 0, 3438.9899999999997817, 0, 3442.1700000000000728, 36.238750774900488238, 3438.9899999999997817, 0, 3442.1700000000000728, 28.236962082013864261, 3438.9899999999997817, 1
3442.1900000000000546, 91.050116324664642775, 3438.9940000000001419, 1, 3442.1900000000000546, 0, 3438.9940000000001419, 0, 3442.1900000000000546, 38.003010961676579882, 3438.9940000000001419, 0, 3442.1900000000000546, 34.736807673202889646, 3438.9940000000001419, 1
3442.1999999999998181, 94.978745149448087659, 3438.9989999999997963, 1, 3442.1999999999998181, 86.35662895150777274, 3438.9989999999997963, 0, 3442.1999999999998181, 44.966048355416582183, 3438.9989999999997963, 0, 3442.1999999999998181, 34.702559897677666356, 3438.9989999999997963, 1
3442.2100000000000364, 36.962566418676075841, 3439.0039999999999054, 1, 3442.2100000000000364, 109.31600378666868778, 3439.0039999999999054, 0, 3442.2100000000000364, 153.89517353938390443, 3439.0039999999999054, 0, 3442.2100000000000364, 80.762590213953799889, 3439.0039999999999054, 1
3442.2100000000000364, 32.907295001345474361, 3439.0090000000000146, 1, 3442.2100000000000364, 0, 3439.0090000000000146, 0, 3442.2100000000000364, 0, 3439.0090000000000146, 0, 3442.2100000000000364, 82.927124714239624836, 3439.0090000000000146, 1
3442.2199999999997999, 73.929822086476988829, 3439.0140000000001237, 1, 3442.2199999999997999, 0, 3439.0140000000001237, 0, 3442.2199999999997999, 0, 3439.0140000000001237, 0, 3442.2199999999997999, 75.223963432850581512, 3439.0140000000001237, 1
3442.2300000000000182, 92.374881182253147927, 3439.0189999999997781, 1, 3442.2300000000000182, 0, 3439.0189999999997781, 0, 3442.2300000000000182, 0, 3439.0189999999997781, 0, 3442.2300000000000182, 76.406197941007519603, 3439.0189999999997781, 1
3442.2399999999997817, 102.57934383443594584, 3439.0239999999998872, 1, 3442.2399999999997817, 0, 3439.0239999999998872, 0, 3442.2399999999997817, 0, 3439.0239999999998872, 0, 3442.2399999999997817, 83.119922624563628233, 3439.0239999999998872, 1
3442.25, 108.95937747299174703, 3439.0300000000002001, 1, 3442.25, 0, 3439.0300000000002001, 0, 3442.25, 0, 3439.0300000000002001, 0, 3442.25, 82.808156113718752067, 3439.0300000000002001, 1
3442.2600000000002183, 110.63624340190374085, 3439.0340000000001055, 1, 3442.2600000000002183, 0, 3439.0340000000001055, 0, 3442.2600000000002183, 0, 3439.0340000000001055, 0, 3442.2600000000002183, 86.366849089369168269, 3439.0340000000001055, 1
3442.2800000000002001, 110.87919403677804553, 3439.0390000000002146, 1, 3442.2800000000002001, 0, 3439.0390000000002146, 0, 3442.2800000000002001, 0, 3439.0390000000002146, 0, 3442.2800000000002001, 86.573339183547119546, 3439.0390000000002146, 1
3442.2800000000002001, 110.37496635751944041, 3439.043999999999869, 1, 3442.2800000000002001, 0, 3439.043999999999869, 0, 3442.2800000000002001, 0, 3439.043999999999869, 0, 3442.2800000000002001, 89.010216434882778458, 3439.043999999999869, 1
3442.2899999999999636, 108.89094456297326019, 3439.0489999999999782, 1, 3442.2899999999999636, 0, 3439.0489999999999782, 0, 3442.2899999999999636, 0, 3439.0489999999999782, 0, 3442.2899999999999636, 92.574299272643500558, 3439.0489999999999782, 1
3442.3090000000001965, 106.5119608523996817, 3439.0549999999998363, 1, 3442.3090000000001965, 0, 3439.0549999999998363, 0, 3442.3090000000001965, 0, 3439.0549999999998363, 0, 3442.3090000000001965, 98.24783005544855996, 3439.0549999999998363, 1
3442.3099999999999454, 105.62462931305284997, 3439.056999999999789, 1, 3442.3099999999999454, 0, 3439.056999999999789, 0, 3442.3099999999999454, 0, 3439.056999999999789, 0, 3442.3099999999999454, 101.28717557165350627, 3439.056999999999789, 1
3442.3209999999999127, 104.08182208094217458, 3439.0650000000000546, 1, 3442.3209999999999127, 0, 3439.0650000000000546, 0, 3442.3209999999999127, 0, 3439.0650000000000546, 0, 3442.3209999999999127, 105.38767160419618563, 3439.0650000000000546, 1
3442.3339999999998327, 102.34656454353537924, 3439.06899999999996, 1, 3442.3339999999998327, 0, 3439.06899999999996, 0, 3442.3339999999998327, 0, 3439.06899999999996, 0, 3442.3339999999998327, 110.69426432779499692, 3439.06899999999996, 1
3442.3400000000001455, 101.0911464558945454, 3439.0740000000000691, 1, 3442.3400000000001455, 0, 3439.0740000000000691, 0, 3442.3400000000001455, 0, 3439.0740000000000691, 0, 3442.3400000000001455, 113.03523097842327161, 3439.0740000000000691, 1
3442.3600000000001273, 101.08547030120618615, 3439.0790000000001783, 1, 3442.3600000000001273, 0, 3439.0790000000001783, 0, 3442.3600000000001273, 0, 3439.0790000000001783, 0, 3442.3600000000001273, 112.87999401197536997, 3439.0790000000001783, 1
3442.3600000000001273, 99.873175957190397867, 3439.0839999999998327, 1, 3442.3600000000001273, 0, 3439.0839999999998327, 0, 3442.3600000000001273, 0, 3439.0839999999998327, 0, 3442.3600000000001273, 114.89082512550433535, 3439.0839999999998327, 1
3442.3699999999998909, 99.003250922912741316, 3439.0889999999999418, 1, 3442.3699999999998909, 0, 3439.0889999999999418, 0, 3442.3699999999998909, 0, 3439.0889999999999418, 0, 3442.3699999999998909, 115.74903576962431373, 3439.0889999999999418, 1
3442.3800000000001091, 96.774086159659987061, 3439.0940000000000509, 1, 3442.3800000000001091, 0, 3439.0940000000000509, 0, 3442.3800000000001091, 0, 3439.0940000000000509, 0, 3442.3800000000001091, 112.89869830211975454, 3439.0940000000000509, 1
3442.3899999999998727, 96.276105939601833938, 3439.1010000000001128, 1, 3442.3899999999998727, 0, 3439.1010000000001128, 0, 3442.3899999999998727, 0, 3439.1010000000001128, 0, 3442.3899999999998727, 114.62120665299545408, 3439.1010000000001128, 1
3442.4000000000000909, 94.732870022169365143, 3439.1019999999998618, 1, 3442.4000000000000909, 0, 3439.1019999999998618, 0, 3442.4000000000000909, 0, 3439.1019999999998618, 0, 3442.4000000000000909, 119.90849993997052536, 3439.1019999999998618, 1
3442.4090000000001055, 93.248783856896295674, 3439.1100000000001273, 1, 3442.4090000000001055, 0, 3439.1100000000001273, 0, 3442.4090000000001055, 0, 3439.1100000000001273, 0, 3442.4090000000001055, 119.37187510271778024, 3439.1100000000001273, 1
3442.4200000000000728, 93.76937398393764056, 3439.1140000000000327, 1, 3442.4200000000000728, 0, 3439.1140000000000327, 0, 3442.4200000000000728, 0, 3439.1140000000000327, 0, 3442.4200000000000728, 124.425817976994324, 3439.1140000000000327, 1
3442.4299999999998363, 94.94398473837638619, 3439.1190000000001419, 1, 3442.4299999999998363, 0, 3439.1190000000001419, 0, 3442.4299999999998363, 0, 3439.1190000000001419, 0, 3442.4299999999998363, 122.97507140778130008, 3439.1190000000001419, 1
3442.4400000000000546, 88.934870600106592065, 3439.1239999999997963, 1, 3442.4400000000000546, 261.40393128076794937, 3439.1239999999997963, 0, 3442.4400000000000546, 255.18771474652834286, 3439.1239999999997963, 0, 3442.4400000000000546, 58.146890926249319875, 3439.1239999999997963, 1
3442.4499999999998181, 21.186010767693467471, 3439.1289999999999054, 1, 3442.4499999999998181, 117.71802753114874918, 3439.1289999999999054, 0, 3442.4499999999998181, 82.093021199853637881, 3439.1289999999999054, 0, 3442.4499999999998181, 13.064453708616994732, 3439.1289999999999054, 1
3442.4600000000000364, 10.086057101712501805, 3439.1340000000000146, 1, 3442.4600000000000364, 35.282385010884489418, 3439.1340000000000146, 0, 3442.4600000000000364, 56.441733545650365045, 3439.1340000000000146, 0, 3442.4600000000000364, 39.192826606276362611, 3439.1340000000000146, 1
3442.4699999999997999, 15.036764368214139864, 3439.1390000000001237, 1, 3442.4699999999997999, 28.321917050814015226, 3439.1390000000001237, 0, 3442.4699999999997999, 37.357919739811279669, 3439.1390000000001237, 0, 3442.4699999999997999, 47.765426382504202252, 3439.1390000000001237, 1
3442.4800000000000182, 26.784853227862164715, 3439.1439999999997781, 1, 3442.4800000000000182, 37.529901408092428028, 3439.1439999999997781, 0, 3442.4800000000000182, 27.897901247944254521, 3439.1439999999997781, 0, 3442.4800000000000182, 50.824871337524406556, 3439.1439999999997781, 1
3442.4899999999997817, 39.479145075153901701, 3439.1489999999998872, 1, 3442.4899999999997817, 45.826652041326937592, 3439.1489999999998872, 0, 3442.4899999999997817, 26.297765844335977192, 3439.1489999999998872, 0, 3442.4899999999997817, 49.689848209464457796, 3439.1489999999998872, 1
3442.5, 48.432890468593051025, 3439.1539999999999964, 1, 3442.5, 52.017487906863259184, 3439.1539999999999964, 0, 3442.5, 26.626109369695697637, 3439.1539999999999964, 0, 3442.5, 48.928539460905710712, 3439.1539999999999964, 1
3442.5199999999999818, 53.890871319276406837, 3439.1590000000001055, 1, 3442.5199999999999818, 56.629050677596978858, 3439.1590000000001055, 0, 3442.5199999999999818, 27.508718669682458824, 3439.1590000000001055, 0, 3442.5199999999999818, 46.768345612999496552, 3439.1590000000001055, 1
3442.5199999999999818, 49.006652146910553824, 3439.1649999999999636, 1, 3442.5199999999999818, 63.002982040761779103, 3439.1649999999999636, 0, 3442.5199999999999818, 31.312411669691353922, 3439.1649999999999636, 0, 3442.5199999999999818, 35.271556928655137142, 3439.1649999999999636, 1
3442.5300000000002001, 0, 3439.1700000000000728, 1, 3442.5300000000002001, 69.344106972273465317, 3439.1700000000000728, 0, 3442.5300000000002001, 64.731904476267274617, 3439.1700000000000728, 0, 3442.5300000000002001, 2.5798434923984896825e-99, 3439.1700000000000728, 1
3442.5500000000001819, 0, 3439.1739999999999782, 1, 3442.5500000000001819, 95.420474804441994365, 3439.1739999999999782, 0, 3442.5500000000001819, 76.712474409988644197, 3439.1739999999999782, 0, 3442.5500000000001819, 0, 3439.1739999999999782, 1
3442.5500000000001819, 0, 3439.1790000000000873, 1, 3442.5500000000001819, 112.48755909957628774, 3439.1790000000000873, 0, 3442.5500000000001819, 76.116626376374426854, 3439.1790000000000873, 0, 3442.5500000000001819, 0, 3439.1790000000000873, 1
3442.5599999999999454, 0, 3439.1849999999999454, 1, 3442.5599999999999454, 123.86282860846384324, 3439.1849999999999454, 1, 3442.5599999999999454, 70.07833161405676492, 3439.1849999999999454, 1, 3442.5599999999999454, 0, 3439.1849999999999454, 1
3442.5709999999999127, 0, 3439.1909999999998035, 1, 3442.5709999999999127, 129.66310566274310645, 3439.1909999999998035, 1, 3442.5709999999999127, 66.10656754038940619, 3439.1909999999998035, 1, 3442.5709999999999127, 0, 3439.1909999999998035, 1
3442.5799999999999272, 0, 3439.1950000000001637, 1, 3442.5799999999999272, 131.63398869533796187, 3439.1950000000001637, 1, 3442.5799999999999272, 64.166551990509262282, 3439.1950000000001637, 1, 3442.5799999999999272, 0, 3439.1950000000001637, 1
3442.5900000000001455, 0, 3439.1990000000000691, 1, 3442.5900000000001455, 131.29955180916749669, 3439.1990000000000691, 1, 3442.5900000000001455, 65.234259541650615688, 3439.1990000000000691, 1, 3442.5900000000001455, 0, 3439.1990000000000691, 1
3442.5999999999999091, 0, 3439.2040000000001783, 1, 3442.5999999999999091, 129.58682782940667266, 3439.2040000000001783, 1, 3442.5999999999999091, 67.611429938017238328, 3439.2040000000001783, 1, 3442.5999999999999091, 0, 3439.2040000000001783, 1
3442.6089999999999236, 0, 3439.2089999999998327, 1, 3442.6089999999999236, 128.45418869744352719, 3439.2089999999998327, 1, 3442.6089999999999236, 69.394614761901294742, 3439.2089999999998327, 1, 3442.6089999999999236, 0, 3439.2089999999998327, 1
3442.6219999999998436, 0, 3439.2139999999999418, 1, 3442.6219999999998436, 126.46484281248972081, 3439.2139999999999418, 1, 3442.6219999999998436, 71.64853056665013753, 3439.2139999999999418, 1, 3442.6219999999998436, 0, 3439.2139999999999418, 1
3442.6399999999998727, 0, 3439.2190000000000509, 1, 3442.6399999999998727, 123.66439257162443255, 3439.2190000000000509, 1, 3442.6399999999998727, 78.870749240150615833, 3439.2190000000000509, 1, 3442.6399999999998727, 0, 3439.2190000000000509, 1
3442.6399999999998727, 0, 3439.2240000000001601, 1, 3442.6399999999998727, 121.60547226265488518, 3439.2240000000001601, 1, 3442.6399999999998727, 82.362196085248143618, 3439.2240000000001601, 1, 3442.6399999999998727, 0, 3439.2240000000001601, 1
3442.6590000000001055, 0, 3439.2300000000000182, 1, 3442.6590000000001055, 118.30573535368004912, 3439.2300000000000182, 1, 3442.6590000000001055, 83.413874704240214442, 3439.2300000000000182, 1, 3442.6590000000001055, 0, 3439.2300000000000182, 1
3442.6700000000000728, 0, 3439.2339999999999236, 1, 3442.6700000000000728, 114.91560093977872725, 3439.2339999999999236, 1, 3442.6700000000000728, 89.239491823751734501, 3439.2339999999999236, 1, 3442.6700000000000728, 0, 3439.2339999999999236, 1
3442.6799999999998363, 0, 3439.2390000000000327, 1, 3442.6799999999998363, 112.79097380809318452, 3439.2390000000000327, 1, 3442.6799999999998363, 91.389306561767398307, 3439.2390000000000327, 1, 3442.6799999999998363, 0, 3439.2390000000000327, 1
3442.681999999999789, 0, 3439.2440000000001419, 1, 3442.681999999999789, 110.73208694454467604, 3439.2440000000001419, 1, 3442.681999999999789, 95.201937403463773535, 3439.2440000000001419, 1, 3442.681999999999789, 0, 3439.2440000000001419, 1
3442.6999999999998181, 0, 3439.25, 1, 3442.6999999999998181, 108.77068705697934092, 3439.25, 1, 3442.6999999999998181, 95.487161261243173271, 3439.25, 1, 3442.6999999999998181, 0, 3439.25, 1
3442.7089999999998327, 0, 3439.2539999999999054, 1, 3442.7089999999998327, 106.87857504842743595, 3439.2539999999999054, 1, 3442.7089999999998327, 97.264644059415104493, 3439.2539999999999054, 1, 3442.7089999999998327, 0, 3439.2539999999999054, 1
3442.7199999999997999, 0, 3439.2600000000002183, 0, 3442.7199999999997999, 104.24725995560925185, 3439.2600000000002183, 1, 3442.7199999999997999, 102.9641206279225969, 3439.2600000000002183, 1, 3442.7199999999997999, 0, 3439.2600000000002183, 0
3442.7300000000000182, 0, 3439.2640000000001237, 0, 3442.7300000000000182, 102.07957214119990397, 3439.2640000000001237, 1, 3442.7300000000000182, 105.84235605637377375, 3439.2640000000001237, 1, 3442.7300000000000182, 0, 3439.2640000000001237, 0
3442.7300000000000182, 0, 3439.2719999999999345, 0, 3442.7300000000000182, 99.319580754371074249, 3439.2719999999999345, 1, 3442.7300000000000182, 108.64642865452418619, 3439.2719999999999345, 1, 3442.7300000000000182, 0, 3439.2719999999999345, 0
3442.7399999999997817, 371.96994409549773764, 3439.2750000000000909, 0, 3442.7399999999997817, 75.440585558945031153, 3439.2750000000000909, 1, 3442.7399999999997817, 97.869890918617471698, 3439.2750000000000909, 1, 3442.7399999999997817, 0, 3439.2750000000000909, 0
3442.7600000000002183, 374.75621125558529911, 3439.2789999999999964, 0, 3442.7600000000002183, 12.912534393837324487, 3439.2789999999999964, 1, 3442.7600000000002183, 74.632431359595685194, 3439.2789999999999964, 1, 3442.7600000000002183, 0, 3439.2789999999999964, 0
3442.7600000000002183, 331.74055901350754993, 3439.2840000000001055, 0, 3442.7600000000002183, 0, 3439.2840000000001055, 1, 3442.7600000000002183, 69.816743889979363757, 3439.2840000000001055, 1, 3442.7600000000002183, 0, 3439.2840000000001055, 0
3442.7689999999997781, 95.600192310579956256, 3439.2890000000002146, 0, 3442.7689999999997781, 0, 3439.2890000000002146, 1, 3442.7689999999997781, 65.555280260591160868, 3439.2890000000002146, 1, 3442.7689999999997781, 0, 3439.2890000000002146, 0
3442.7800000000002001, 5.2633138090610236404, 3439.293999999999869, 0, 3442.7800000000002001, 0, 3439.293999999999869, 1, 3442.7800000000002001, 48.325157790483437736, 3439.293999999999869, 1, 3442.7800000000002001, 0, 3439.293999999999869, 0
3442.7899999999999636, 0, 3439.3000000000001819, 0, 3442.7899999999999636, 0, 3439.3000000000001819, 1, 3442.7899999999999636, 22.989300698780184007, 3439.3000000000001819, 1, 3442.7899999999999636, 39.110480538094869019, 3439.3000000000001819, 0
3442.8099999999999454, 0, 3439.3040000000000873, 0, 3442.8099999999999454, 0, 3439.3040000000000873, 1, 3442.8099999999999454, 26.658814851268591184, 3439.3040000000000873, 1, 3442.8099999999999454, 12.866194022938541863, 3439.3040000000000873, 0
3442.8099999999999454, 0, 3439.3090000000001965, 0, 3442.8099999999999454, 0, 3439.3090000000001965, 1, 3442.8099999999999454, 28.357191411753934318, 3439.3090000000001965, 1, 3442.8099999999999454, 18.093531917892889282, 3439.3090000000001965, 0
3442.831000000000131, 68.892633343334097162, 3439.3150000000000546, 0, 3442.831000000000131, 0, 3439.3150000000000546, 1, 3442.831000000000131, 28.187648019536570843, 3439.3150000000000546, 1, 3442.831000000000131, 29.954955265371197015, 3439.3150000000000546, 0
3442.831000000000131, 105.51278124560033689, 3439.31899999999996, 0, 3442.831000000000131, 0, 3439.31899999999996, 1, 3442.831000000000131, 36.074320740258563944, 3439.31899999999996, 1, 3442.831000000000131, 41.813241932460222472, 3439.31899999999996, 0
3442.8400000000001455, 106.69795213371511977, 3439.3249999999998181, 0, 3442.8400000000001455, 94.195688780262585738, 3439.3249999999998181, 1, 3442.8400000000001455, 38.142932502436046605, 3439.3249999999998181, 1, 3442.8400000000001455, 43.375015541678251907, 3439.3249999999998181, 0
3442.8510000000001128, 45.555527891523475148, 3439.3290000000001783, 0, 3442.8510000000001128, 97.779232865163976385, 3439.3290000000001783, 1, 3442.8510000000001128, 138.67266605052390105, 3439.3290000000001783, 1, 3442.8510000000001128, 82.239371772972390318, 3439.3290000000001783, 0
3442.8609999999998763, 37.211516772590357505, 3439.3339999999998327, 0, 3442.8609999999998763, 0, 3439.3339999999998327, 1, 3442.8609999999998763, 34.48759451718552782, 3439.3339999999998327, 1, 3442.8609999999998763, 81.358494311964278722, 3439.3339999999998327, 0
3442.8710000000000946, 72.2360357181839845, 3439.3389999999999418, 0, 3442.8710000000000946, 0, 3439.3389999999999418, 1, 3442.8710000000000946, 0, 3439.3389999999999418, 1, 3442.8710000000000946, 73.712702185673350641, 3439.3389999999999418, 0
3442.8820000000000618, 92.874358583152201163, 3439.3449999999997999, 0, 3442.8820000000000618, 0, 3439.3449999999997999, 1, 3442.8820000000000618, 0, 3439.3449999999997999, 1, 3442.8820000000000618, 75.640919623529498494, 3439.3449999999997999, 0
3442.8910000000000764, 103.05430443339508884, 3439.3490000000001601, 0, 3442.8910000000000764, 0, 3439.3490000000001601, 1, 3442.8910000000000764, 0, 3439.3490000000001601, 1, 3442.8910000000000764, 80.61900668331139741, 3439.3490000000001601, 0
3442.9009999999998399, 107.82964774220269533, 3439.3539999999998145, 0, 3442.9009999999998399, 0, 3439.3539999999998145, 1, 3442.9009999999998399, 0, 3439.3539999999998145, 1, 3442.9009999999998399, 82.963280538923314111, 3439.3539999999998145, 0
3442.9110000000000582, 110.62806642362284038, 3439.3589999999999236, 0, 3442.9110000000000582, 0, 3439.3589999999999236, 1, 3442.9110000000000582, 0, 3439.3589999999999236, 1, 3442.9110000000000582, 85.756647441197969783, 3439.3589999999999236, 0
3442.93100000000004, 110.45044349697606378, 3439.3640000000000327, 0, 3442.93100000000004, 0, 3439.3640000000000327, 1, 3442.93100000000004, 0, 3439.3640000000000327, 1, 3442.93100000000004, 89.008707116300342932, 3439.3640000000000327, 0
3442.93100000000004, 109.8526900810596203, 3439.3699999999998909, 0, 3442.93100000000004, 0, 3439.3699999999998909, 1, 3442.93100000000004, 0, 3439.3699999999998909, 1, 3442.93100000000004, 93.204544852024199031, 3439.3699999999998909, 0
3442.9409999999998035, 108.34358803149845585, 3439.375, 0, 3442.9409999999998035, 0, 3439.375, 1, 3442.9409999999998035, 0, 3439.375, 1, 3442.9409999999998035, 92.343274333017618005, 3439.375, 0
3442.9510000000000218, 106.83690410804811677, 3439.3789999999999054, 0, 3442.9510000000000218, 0, 3439.3789999999999054, 1, 3442.9510000000000218, 0, 3439.3789999999999054, 1, 3442.9510000000000218, 100.55252233761305547, 3439.3789999999999054, 0
3442.9609999999997854, 104.98510398545849398, 3439.3850000000002183, 0, 3442.9609999999997854, 0, 3439.3850000000002183, 1, 3442.9609999999997854, 0, 3439.3850000000002183, 1, 3442.9609999999997854, 104.25652548959804733, 3439.3850000000002183, 0
3442.9710000000000036, 103.60239719466761699, 3439.3890000000001237, 0, 3442.9710000000000036, 0, 3439.3890000000001237, 1, 3442.9710000000000036, 0, 3439.3890000000001237, 1, 3442.9710000000000036, 108.97816319720342904, 3439.3890000000001237, 0
3442.9810000000002219, 102.19691325518220992, 3439.3939999999997781, 0, 3442.9810000000002219, 0, 3439.3939999999997781, 1, 3442.9810000000002219, 0, 3439.3939999999997781, 1, 3442.9810000000002219, 109.97423180798398334, 3439.3939999999997781, 0
3442.9899999999997817, 101.04979746575304489, 3439.3989999999998872, 0, 3442.9899999999997817, 0, 3439.3989999999998872, 1, 3442.9899999999997817, 0, 3439.3989999999998872, 1, 3442.9899999999997817, 112.17388714017516804, 3439.3989999999998872, 0
3443.0030000000001564, 100.16292592537794803, 3439.4050000000002001, 0, 3443.0030000000001564, 0, 3439.4050000000002001, 1, 3443.0030000000001564, 0, 3439.4050000000002001, 1, 3443.0030000000001564, 113.50381196803945727, 3439.4050000000002001, 0
3443.0109999999999673, 99.469175356537846255, 3439.4090000000001055, 0, 3443.0109999999999673, 0, 3439.4090000000001055, 1, 3443.0109999999999673, 0, 3439.4090000000001055, 1, 3443.0109999999999673, 114.83026688401545812, 3439.4090000000001055, 0
3443.0210000000001855, 98.50227033983081526, 3439.4140000000002146, 0, 3443.0210000000001855, 0, 3439.4140000000002146, 1, 3443.0210000000001855, 0, 3439.4140000000002146, 1, 3443.0210000000001855, 115.44390303146215615, 3439.4140000000002146, 0
3443.0320000000001528, 96.20699094893717529, 3439.4200000000000728, 0, 3443.0320000000001528, 0, 3439.4200000000000728, 1, 3443.0320000000001528, 0, 3439.4200000000000728, 1, 3443.0320000000001528, 111.61098147435549777, 3439.4200000000000728, 0
3443.0410000000001673, 95.644096624328028611, 3439.4239999999999782, 0, 3443.0410000000001673, 0, 3439.4239999999999782, 1, 3443.0410000000001673, 0, 3439.4239999999999782, 1, 3443.0410000000001673, 114.94051712096364781, 3439.4239999999999782, 0
3443.0509999999999309, 94.518626823067251053, 3439.4290000000000873, 0, 3443.0509999999999309, 0, 3439.4290000000000873, 1, 3443.0509999999999309, 0, 3439.4290000000000873, 1, 3443.0509999999999309, 119.4875893767919024, 3439.4290000000000873, 0
3443.0610000000001492, 93.740780394132798392, 3439.4340000000001965, 0, 3443.0610000000001492, 0, 3439.4340000000001965, 1, 3443.0610000000001492, 0, 3439.4340000000001965, 1, 3443.0610000000001492, 124.23323459147722758, 3439.4340000000001965, 0
3443.0709999999999127, 92.74667674798479311, 3439.4389999999998508, 0, 3443.0709999999999127, 0, 3439.4389999999998508, 1, 3443.0709999999999127, 0, 3439.4389999999998508, 1, 3443.0709999999999127, 117.00161242700684738, 3439.4389999999998508, 0
3443.081000000000131, 94.067116096599832531, 3439.44399999999996, 0, 3443.081000000000131, 0, 3439.44399999999996, 1, 3443.081000000000131, 0, 3439.44399999999996, 1, 3443.081000000000131, 117.51237837841435407, 3439.44399999999996, 0
3443.0909999999998945, 62.717635537840621396, 3439.4490000000000691, 0, 3443.0909999999998945, 256.11364155930084507, 3439.4490000000000691, 1, 3443.0909999999998945, 252.39619791660010151, 3439.4490000000000691, 1, 3443.0909999999998945, 48.477977086942303231, 3439.4490000000000691, 0
3443.1010000000001128, 4.4223123131030668276, 3439.4540000000001783, 0, 3443.1010000000001128, 91.451200651900634853, 3439.4540000000001783, 1, 3443.1010000000001128, 98.502594934764914569, 3439.4540000000001783, 1, 3443.1010000000001128, 23.447568612115233577, 3439.4540000000001783, 0
3443.1109999999998763, 3.568151118262371746, 3439.4589999999998327, 0, 3443.1109999999998763, 27.334753447162846385, 3439.4589999999998327, 1, 3443.1109999999998763, 45.738172538158934799, 3439.4589999999998327, 1, 3443.1109999999998763, 35.472152013720290142, 3439.4589999999998327, 0
3443.1210000000000946, 11.653815819515024543, 3439.4639999999999418, 0, 3443.1210000000000946, 25.395267017700597023, 3439.4639999999999418, 1, 3443.1210000000000946, 28.481175851307430236, 3439.4639999999999418, 1, 3443.1210000000000946, 45.718125426824983037, 3439.4639999999999418, 0
3443.1410000000000764, 26.278169884628464814, 3439.4690000000000509, 0, 3443.1410000000000764, 35.318830145653848263, 3439.4690000000000509, 1, 3443.1410000000000764, 22.331573685419932929, 3439.4690000000000509, 1, 3443.1410000000000764, 51.581135583870292294, 3439.4690000000000509, 0
3443.1509999999998399, 41.646347255924439423, 3439.4749999999999091, 0, 3443.1509999999998399, 45.100364996427295239, 3439.4749999999999091, 1, 3443.1509999999998399, 23.486066963454668155, 3439.4749999999999091, 1, 3443.1509999999998399, 54.185824379187025102, 3439.4749999999999091, 0
3443.1509999999998399, 50.607446794791101752, 3439.4800000000000182, 0, 3443.1509999999998399, 51.555470867266031121, 3439.4800000000000182, 1, 3443.1509999999998399, 24.702714533070874836, 3439.4800000000000182, 1, 3443.1509999999998399, 52.659268382157002009, 3439.4800000000000182, 0
3443.1610000000000582, 55.440333665963947851, 3439.4839999999999236, 0, 3443.1610000000000582, 55.648655893936968653, 3439.4839999999999236, 1, 3443.1610000000000582, 26.335300327245349195, 3439.4839999999999236, 1, 3443.1610000000000582, 50.82727839203079867, 3439.4839999999999236, 0
3443.1729999999997744, 56.963695979951239678, 3439.4899999999997817, 0, 3443.1729999999997744, 58.885639896044004615, 3439.4899999999997817, 1, 3443.1729999999997744, 31.12354501044810462, 3439.4899999999997817, 1, 3443.1729999999997744, 47.169981629921437616, 3439.4899999999997817, 0
3443.1909999999998035, 38.842589508272098442, 3439.4940000000001419, 0, 3443.1909999999998035, 59.069092880129488776, 3439.4940000000001419, 1, 3443.1909999999998035, 60.951239855919467914, 3439.4940000000001419, 1, 3443.1909999999998035, 37.975847987417694185, 3439.4940000000001419, 0
3443.1909999999998035, 0, 3439.5, 0, 3443.1909999999998035, 86.551391424154616061, 3439.5, 1, 3443.1909999999998035, 72.515906700089203696, 3439.5, 1, 3443.1909999999998035, 0, 3439.5, 0
3443.2010000000000218, 0, 3439.5059999999998581, 0, 3443.2010000000000218, 107.13668440845580676, 3439.5059999999998581, 1, 3443.2010000000000218, 70.572104818037303176, 3439.5059999999998581, 1, 3443.2010000000000218, 0, 3439.5059999999998581, 0
3443.2119999999999891, 0, 3439.5090000000000146, 1, 3443.2119999999999891, 120.20812375848412046, 3439.5090000000000146, 1, 3443.2119999999999891, 66.026827573181861908, 3439.5090000000000146, 1, 3443.2119999999999891, 0, 3439.5090000000000146, 1
3443.2210000000000036, 0, 3439.5140000000001237, 1, 3443.2210000000000036, 128.07879421789124308, 3439.5140000000001237, 1, 3443.2210000000000036, 62.727644996692994539, 3439.5140000000001237, 1, 3443.2210000000000036, 0, 3439.5140000000001237, 1
3443.2399999999997817, 0, 3439.5199999999999818, 1, 3443.2399999999997817, 132.99423244084977114, 3439.5199999999999818, 1, 3443.2399999999997817, 60.605077150770242156, 3439.5199999999999818, 1, 3443.2399999999997817, 0, 3439.5199999999999818, 1
3443.2409999999999854, 0, 3439.5239999999998872, 1, 3443.2409999999999854, 133.16217022921847501, 3439.5239999999998872, 1, 3443.2409999999999854, 62.139794311407037242, 3439.5239999999998872, 1, 3443.2409999999999854, 0, 3439.5239999999998872, 1
3443.2510000000002037, 0, 3439.5279999999997926, 1, 3443.2510000000002037, 132.00115261134334332, 3439.5279999999997926, 1, 3443.2510000000002037, 64.612215998755175406, 3439.5279999999997926, 1, 3443.2510000000002037, 0, 3439.5279999999997926, 1
3443.2600000000002183, 0, 3439.5360000000000582, 1, 3443.2600000000002183, 129.60712467004836412, 3439.5360000000000582, 1, 3443.2600000000002183, 68.453779475396302701, 3439.5360000000000582, 1, 3443.2600000000002183, 0, 3439.5360000000000582, 1
3443.2710000000001855, 0, 3439.5399999999999636, 1, 3443.2710000000001855, 127.21218106679259563, 3439.5399999999999636, 1, 3443.2710000000001855, 71.732235212391515233, 3439.5399999999999636, 1, 3443.2710000000001855, 0, 3439.5399999999999636, 1
3443.2809999999999491, 0, 3439.5430000000001201, 1, 3443.2809999999999491, 124.46665125518929074, 3439.5430000000001201, 1, 3443.2809999999999491, 77.250559586437134385, 3439.5430000000001201, 1, 3443.2809999999999491, 0, 3439.5430000000001201, 1
3443.3009999999999309, 0, 3439.5489999999999782, 1, 3443.3009999999999309, 121.20703145631725306, 3439.5489999999999782, 1, 3443.3009999999999309, 82.16598997547615113, 3439.5489999999999782, 1, 3443.3009999999999309, 0, 3439.5489999999999782, 1
3443.3009999999999309, 0, 3439.5540000000000873, 1, 3443.3009999999999309, 118.38379992807341523, 3439.5540000000000873, 1, 3443.3009999999999309, 85.487945194486854916, 3439.5540000000000873, 1, 3443.3009999999999309, 0, 3439.5540000000000873, 1
3443.3209999999999127, 0, 3439.5590000000001965, 1, 3443.3209999999999127, 116.45884369243091783, 3439.5590000000001965, 1, 3443.3209999999999127, 88.002001749310863943, 3439.5590000000001965, 1, 3443.3209999999999127, 0, 3439.5590000000001965, 1
3443.331000000000131, 0, 3439.5650000000000546, 1, 3443.331000000000131, 114.11399566624294266, 3439.5650000000000546, 1, 3443.331000000000131, 90.290181122833701011, 3439.5650000000000546, 1, 3443.331000000000131, 0, 3439.5650000000000546, 1
3443.3400000000001455, 0, 3439.56899999999996, 1, 3443.3400000000001455, 111.77285733835540782, 3439.56899999999996, 1, 3443.3400000000001455, 92.57470994195537628, 3439.56899999999996, 1, 3443.3400000000001455, 0, 3439.56899999999996, 1
3443.3400000000001455, 0, 3439.5740000000000691, 1, 3443.3400000000001455, 109.46336119438859669, 3439.5740000000000691, 1, 3443.3400000000001455, 94.921459560298359293, 3439.5740000000000691, 1, 3443.3400000000001455, 0, 3439.5740000000000691, 1
3443.3510000000001128, 0, 3439.5790000000001783, 1, 3443.3510000000001128, 107.22636408186605195, 3439.5790000000001783, 1, 3443.3510000000001128, 96.462490294823652448, 3439.5790000000001783, 1, 3443.3510000000001128, 0, 3439.5790000000001783, 1
3443.3609999999998763, 0, 3439.5859999999997854, 1, 3443.3609999999998763, 104.83141714905835329, 3439.5859999999997854, 0, 3443.3609999999998763, 97.229239254414409288, 3439.5859999999997854, 0, 3443.3609999999998763, 0, 3439.5859999999997854, 1
3443.3809999999998581, 0, 3439.5889999999999418, 1, 3443.3809999999998581, 102.18744861693170378, 3439.5889999999999418, 0, 3443.3809999999998581, 100.94352543664643918, 3439.5889999999999418, 0, 3443.3809999999998581, 0, 3439.5889999999999418, 1
3443.3899999999998727, 0, 3439.5940000000000509, 1, 3443.3899999999998727, 98.222800723645505627, 3439.5940000000000509, 0, 3443.3899999999998727, 106.71273070648641124, 3439.5940000000000509, 0, 3443.3899999999998727, 0, 3439.5940000000000509, 1
3443.3910000000000764, 386.91669558231205883, 3439.5990000000001601, 1, 3443.3910000000000764, 61.019037688035488998, 3439.5990000000001601, 0, 3443.3910000000000764, 91.201838072186617978, 3439.5990000000001601, 0, 3443.3910000000000764, 0, 3439.5990000000001601, 1
3443.4009999999998399, 384.95755460745306209, 3439.6039999999998145, 1, 3443.4009999999998399, 7.8453117656650688261, 3439.6039999999998145, 0, 3443.4009999999998399, 69.696489481249116693, 3439.6039999999998145, 0, 3443.4009999999998399, 0, 3439.6039999999998145, 1
3443.4099999999998545, 312.32325329891136789, 3439.6089999999999236, 1, 3443.4099999999998545, 0, 3439.6089999999999236, 0, 3443.4099999999998545, 70.822594447295756481, 3439.6089999999999236, 0, 3443.4099999999998545, 0, 3439.6089999999999236, 1
3443.4209999999998217, 86.250919916978688207, 3439.6140000000000327, 1, 3443.4209999999998217, 0, 3439.6140000000000327, 0, 3443.4209999999998217, 66.693362096337793332, 3439.6140000000000327, 0, 3443.4209999999998217, 0, 3439.6140000000000327, 1
3443.4299999999998363, 2.012381370744269482, 3439.6199999999998909, 1, 3443.4299999999998363, 0, 3439.6199999999998909, 0, 3443.4299999999998363, 46.423919048373910812, 3439.6199999999998909, 0, 3443.4299999999998363, 0, 3439.6199999999998909, 1
3443.4409999999998035, 0, 3439.6239999999997963, 1, 3443.4409999999998035, 0, 3439.6239999999997963, 0, 3443.4409999999998035, 27.635948479912268994, 3439.6239999999997963, 0, 3443.4409999999998035, 0, 3439.6239999999997963, 1
3443.4609999999997854, 0, 3439.6289999999999054, 1, 3443.4609999999997854, 0, 3439.6289999999999054, 0, 3443.4609999999997854, 23.738940547964698879, 3439.6289999999999054, 0, 3443.4609999999997854, 36.253968266630892003, 3439.6289999999999054, 1
3443.4710000000000036, 50.562891154117487247, 3439.6340000000000146, 1, 3443.4710000000000036, 0, 3439.6340000000000146, 0, 3443.4710000000000036, 27.717704971933681435, 3439.6340000000000146, 0, 3443.4710000000000036, 16.356279177782909073, 3439.6340000000000146, 1
3443.4710000000000036, 79.18680704747089294, 3439.6390000000001237, 1, 3443.4710000000000036, 0, 3439.6390000000001237, 0, 3443.4710000000000036, 37.145006519485995966, 3439.6390000000001237, 0, 3443.4710000000000036, 27.07863623529600261, 3439.6390000000001237, 1
3443.4810000000002219, 96.64406602945581426, 3439.6439999999997781, 1, 3443.4810000000002219, 0, 3439.6439999999997781, 0, 3443.4810000000002219, 40.158350143839669499, 3439.6439999999997781, 0, 3443.4810000000002219, 32.928431986143351651, 3439.6439999999997781, 1
3443.4920000000001892, 103.80066096741605008, 3439.6489999999998872, 1, 3443.4920000000001892, 91.074881426196498069, 3439.6489999999998872, 0, 3443.4920000000001892, 41.862255752472563586, 3439.6489999999998872, 0, 3443.4920000000001892, 39.070384397733285198, 3439.6489999999998872, 1
3443.5010000000002037, 47.69953794985737261, 3439.6550000000002001, 1, 3443.5010000000002037, 108.68672806589859192, 3439.6550000000002001, 0, 3443.5010000000002037, 143.88056432644734173, 3439.6550000000002001, 0, 3443.5010000000002037, 86.975841234252513345, 3439.6550000000002001, 1
3443.5109999999999673, 45.055808755686612699, 3439.6590000000001055, 1, 3443.5109999999999673, 0, 3439.6590000000001055, 0, 3443.5109999999999673, 0, 3439.6590000000001055, 0, 3443.5109999999999673, 87.893243643294852063, 3439.6590000000001055, 1
3443.5210000000001855, 79.150203913455996485, 3439.6660000000001673, 1, 3443.5210000000001855, 0, 3439.6660000000001673, 0, 3443.5210000000001855, 0, 3439.6660000000001673, 0, 3443.5210000000001855, 77.497021562107505588, 3439.6660000000001673, 1
3443.5309999999999491, 95.379718177090836662, 3439.668999999999869, 1, 3443.5309999999999491, 0, 3439.668999999999869, 0, 3443.5309999999999491, 0, 3439.668999999999869, 0, 3443.5309999999999491, 80.076189634423684538, 3439.668999999999869, 1
3443.5410000000001673, 103.75812135033788763, 3439.6739999999999782, 1, 3443.5410000000001673, 0, 3439.6739999999999782, 0, 3443.5410000000001673, 0, 3439.6739999999999782, 0, 3443.5410000000001673, 82.838854584316067076, 3439.6739999999999782, 1
3443.5509999999999309, 108.54988035704104732, 3439.6790000000000873, 1, 3443.5509999999999309, 0, 3439.6790000000000873, 0, 3443.5509999999999309, 0, 3439.6790000000000873, 0, 3443.5509999999999309, 83.524323112588461981, 3439.6790000000000873, 1
3443.5619999999998981, 109.73739723528328227, 3439.6869999999998981, 1, 3443.5619999999998981, 0, 3439.6869999999998981, 0, 3443.5619999999998981, 0, 3439.6869999999998981, 0, 3443.5619999999998981, 87.061497874310930456, 3439.6869999999998981, 1
3443.5709999999999127, 110.43503741061394408, 3439.6900000000000546, 1, 3443.5709999999999127, 0, 3439.6900000000000546, 0, 3443.5709999999999127, 0, 3439.6900000000000546, 0, 3443.5709999999999127, 87.317860493663758348, 3439.6900000000000546, 1
3443.581000000000131, 109.07703508580172524, 3439.69399999999996, 1, 3443.581000000000131, 0, 3439.69399999999996, 0, 3443.581000000000131, 0, 3439.69399999999996, 0, 3443.581000000000131, 90.849439749675667599, 3439.69399999999996, 1
3443.5909999999998945, 107.8919081911155331, 3439.6990000000000691, 1, 3443.5909999999998945, 0, 3439.6990000000000691, 0, 3443.5909999999998945, 0, 3439.6990000000000691, 0, 3443.5909999999998945, 97.612373361731471277, 3439.6990000000000691, 1
3443.6010000000001128, 105.97106005307477972, 3439.706000000000131, 1, 3443.6010000000001128, 0, 3439.706000000000131, 0, 3443.6010000000001128, 0, 3439.706000000000131, 0, 3443.6010000000001128, 101.95078665258628803, 3439.706000000000131, 1
3443.6109999999998763, 104.22956418381438937, 3439.7089999999998327, 1, 3443.6109999999998763, 0, 3439.7089999999998327, 0, 3443.6109999999998763, 0, 3439.7089999999998327, 0, 3443.6109999999998763, 106.60890730887609834, 3439.7089999999998327, 1
3443.6210000000000946, 102.64327219540153635, 3439.7139999999999418, 1, 3443.6210000000000946, 0, 3439.7139999999999418, 0, 3443.6210000000000946, 0, 3439.7139999999999418, 0, 3443.6210000000000946, 109.59619068220047211, 3439.7139999999999418, 1
3443.6309999999998581, 100.57071948316115595, 3439.7179999999998472, 1, 3443.6309999999998581, 0, 3439.7179999999998472, 0, 3443.6309999999998581, 0, 3439.7179999999998472, 0, 3443.6309999999998581, 107.43374729225796216, 3439.7179999999998472, 1
3443.6410000000000764, 100.6314015728469542, 3439.7240000000001601, 1, 3443.6410000000000764, 0, 3439.7240000000001601, 0, 3443.6410000000000764, 0, 3439.7240000000001601, 0, 3443.6410000000000764, 113.4863118457998894, 3439.7240000000001601, 1
3443.6509999999998399, 99.706146222792824574, 3439.7280000000000655, 1, 3443.6509999999998399, 0, 3439.7280000000000655, 0, 3443.6509999999998399, 0, 3439.7280000000000655, 0, 3443.6509999999998399, 115.09207005953140879, 3439.7280000000000655, 1
3443.6610000000000582, 98.786825199457382496, 3439.7339999999999236, 1, 3443.6610000000000582, 0, 3439.7339999999999236, 0, 3443.6610000000000582, 0, 3439.7339999999999236, 0, 3443.6610000000000582, 116.21525019589974193, 3439.7339999999999236, 1
3443.6799999999998363, 98.005739481979418315, 3439.7390000000000327, 1, 3443.6799999999998363, 0, 3439.7390000000000327, 0, 3443.6799999999998363, 0, 3439.7390000000000327, 0, 3443.6799999999998363, 117.11243411480327836, 3439.7390000000000327, 1
3443.6799999999998363, 97.529686750155008212, 3439.7449999999998909, 1, 3443.6799999999998363, 0, 3439.7449999999998909, 0, 3443.6799999999998363, 0, 3439.7449999999998909, 0, 3443.6799999999998363, 119.31406101934746289, 3439.7449999999998909, 1
3443.6909999999998035, 96.139535263190452952, 3439.7489999999997963, 1, 3443.6909999999998035, 0, 3439.7489999999997963, 0, 3443.6909999999998035, 0, 3439.7489999999997963, 0, 3443.6909999999998035, 123.6827082643865765, 3439.7489999999997963, 1
3443.7010000000000218, 95.241561174329859796, 3439.7539999999999054, 1, 3443.7010000000000218, 0, 3439.7539999999999054, 0, 3443.7010000000000218, 0, 3439.7539999999999054, 0, 3443.7010000000000218, 124.86059407140518829, 3439.7539999999999054, 1
3443.7119999999999891, 93.920268051119990105, 3439.7590000000000146, 1, 3443.7119999999999891, 0, 3439.7590000000000146, 0, 3443.7119999999999891, 0, 3439.7590000000000146, 0, 3443.7119999999999891, 125.58869033718909236, 3439.7590000000000146, 1
3443.7210000000000036, 93.679645078357253851, 3439.7640000000001237, 1, 3443.7210000000000036, 0, 3439.7640000000001237, 0, 3443.7210000000000036, 0, 3439.7640000000001237, 0, 3443.7210000000000036, 125.35367572384365076, 3439.7640000000001237, 1
3443.7319999999999709, 94.668305931074200998, 3439.7689999999997781, 1, 3443.7319999999999709, 0, 3439.7689999999997781, 0, 3443.7319999999999709, 309.45310272084418557, 3439.7689999999997781, 0, 3443.7319999999999709, 114.24595962358789336, 3439.7689999999997781, 1
3443.7420000000001892, 82.056962972513204591, 3439.7739999999998872, 1, 3443.7420000000001892, 186.29610584390744066, 3439.7739999999998872, 0, 3443.7420000000001892, 200.66311254510526396, 3439.7739999999998872, 0, 3443.7420000000001892, 14.73314509642056791, 3439.7739999999998872, 1
3443.7519999999999527, 23.947333021210504, 3439.7800000000002001, 1, 3443.7519999999999527, 102.4678559054922431, 3439.7800000000002001, 0, 3443.7519999999999527, 78.807000550322825916, 3439.7800000000002001, 0, 3443.7519999999999527, 17.892457810884604186, 3439.7800000000002001, 1
3443.762000000000171, 12.561001840271176277, 3439.7840000000001055, 1, 3443.762000000000171, 34.256411287868829163, 3439.7840000000001055, 0, 3443.762000000000171, 52.066157509968839179, 3439.7840000000001055, 0, 3443.762000000000171, 39.634816210455070973, 3439.7840000000001055, 1
3443.7719999999999345, 18.402042858177047435, 3439.7890000000002146, 1, 3443.7719999999999345, 30.41106700892239445, 3439.7890000000002146, 0, 3443.7719999999999345, 35.678776736096651234, 3439.7890000000002146, 0, 3443.7719999999999345, 48.761634121690164534, 3439.7890000000002146, 1
3443.7820000000001528, 32.908889095932131852, 3439.793999999999869, 1, 3443.7820000000001528, 36.443615962962681465, 3439.793999999999869, 0, 3443.7820000000001528, 28.019320886113270319, 3439.793999999999869, 0, 3443.7820000000001528, 51.849017595389540247, 3439.793999999999869, 1
3443.7930000000001201, 44.597959732083850781, 3439.7989999999999782, 1, 3443.7930000000001201, 44.741235941204493543, 3439.7989999999999782, 0, 3443.7930000000001201, 27.087895898723427734, 3439.7989999999999782, 0, 3443.7930000000001201, 51.868999066900009609, 3439.7989999999999782, 1
3443.8119999999998981, 50.637078199485294761, 3439.8040000000000873, 1, 3443.8119999999998981, 52.008171394159134593, 3439.8040000000000873, 0, 3443.8119999999998981, 27.662566845794252401, 3439.8040000000000873, 0, 3443.8119999999998981, 48.670666263942642615, 3439.8040000000000873, 1
3443.8220000000001164, 52.567536896646409161, 3439.8090000000001965, 1, 3443.8220000000001164, 57.231116222427985463, 3439.8090000000001965, 0, 3443.8220000000001164, 28.275467632056599854, 3439.8090000000001965, 0, 3443.8220000000001164, 42.297934835778065121, 3439.8090000000001965, 1
3443.8220000000001164, 45.406337990786418857, 3439.8150000000000546, 1, 3443.8220000000001164, 61.271454565539571036, 3439.8150000000000546, 0, 3443.8220000000001164, 37.608016341371680369, 3439.8150000000000546, 0, 3443.8220000000001164, 31.264185671955097234, 3439.8150000000000546, 1
3443.831000000000131, 0, 3439.81899999999996, 1, 3443.831000000000131, 72.453595709369409406, 3439.81899999999996, 0, 3443.831000000000131, 70.298960020863191289, 3439.81899999999996, 0, 3443.831000000000131, 0, 3439.81899999999996, 1
3443.8519999999998618, 0, 3439.8240000000000691, 1, 3443.8519999999998618, 96.559498161322821375, 3439.8240000000000691, 0, 3443.8519999999998618, 74.110568621876495854, 3439.8240000000000691, 0, 3443.8519999999998618, 0, 3439.8240000000000691, 1
3443.8519999999998618, 0, 3439.8290000000001783, 1, 3443.8519999999998618, 114.10164510382332992, 3439.8290000000001783, 0, 3443.8519999999998618, 72.266657866022342205, 3439.8290000000001783, 0, 3443.8519999999998618, 0, 3439.8290000000001783, 1
3443.8719999999998436, 0, 3439.8369999999999891, 1, 3443.8719999999998436, 124.74237463863622111, 3439.8369999999999891, 1, 3443.8719999999998436, 67.594910547766630771, 3439.8369999999999891, 1, 3443.8719999999998436, 0, 3439.8369999999999891, 1
3443.8719999999998436, 0, 3439.8400000000001455, 1, 3443.8719999999998436, 129.60413578884600838, 3439.8400000000001455, 1, 3443.8719999999998436, 64.316134481037821047, 3439.8400000000001455, 1, 3443.8719999999998436, 0, 3439.8400000000001455, 1
3443.8919999999998254, 0, 3439.8440000000000509, 1, 3443.8919999999998254, 134.54168246021882283, 3439.8440000000000509, 1, 3443.8919999999998254, 61.909611323914660375, 3439.8440000000000509, 1, 3443.8919999999998254, 0, 3439.8440000000000509, 1
3443.9020000000000437, 0, 3439.8499999999999091, 1, 3443.9020000000000437, 133.91581127537548923, 3439.8499999999999091, 1, 3443.9020000000000437, 63.117193498448955324, 3439.8499999999999091, 1, 3443.9020000000000437, 0, 3439.8499999999999091, 1
3443.9119999999998072, 0, 3439.8539999999998145, 1, 3443.9119999999998072, 132.33898773173919494, 3439.8539999999998145, 1, 3443.9119999999998072, 65.245231379153480589, 3439.8539999999998145, 1, 3443.9119999999998072, 0, 3439.8539999999998145, 1
3443.9119999999998072, 0, 3439.8589999999999236, 1, 3443.9119999999998072, 130.16500693896219332, 3439.8589999999999236, 1, 3443.9119999999998072, 68.468806780093331099, 3439.8589999999999236, 1, 3443.9119999999998072, 0, 3439.8589999999999236, 1
3443.931999999999789, 0, 3439.8659999999999854, 1, 3443.931999999999789, 127.24223457051240871, 3439.8659999999999854, 1, 3443.931999999999789, 73.011522644372718105, 3439.8659999999999854, 1, 3443.931999999999789, 0, 3439.8659999999999854, 1
3443.9420000000000073, 0, 3439.8690000000001419, 1, 3443.9420000000000073, 125.0712736596816228, 3439.8690000000001419, 1, 3443.9420000000000073, 76.039058281867397682, 3439.8690000000001419, 1, 3443.9420000000000073, 0, 3439.8690000000001419, 1
3443.9520000000002256, 0, 3439.8739999999997963, 1, 3443.9520000000002256, 121.59839959089913464, 3439.8739999999997963, 1, 3443.9520000000002256, 81.509779028869616013, 3439.8739999999997963, 1, 3443.9520000000002256, 0, 3439.8739999999997963, 1
3443.9619999999999891, 0, 3439.8800000000001091, 1, 3443.9619999999999891, 119.30624412253118294, 3439.8800000000001091, 1, 3443.9619999999999891, 84.702134983246594402, 3439.8800000000001091, 1, 3443.9619999999999891, 0, 3439.8800000000001091, 1
3443.9720000000002074, 0, 3439.8840000000000146, 1, 3443.9720000000002074, 116.33755063843082667, 3439.8840000000000146, 1, 3443.9720000000002074, 88.585807812459876232, 3439.8840000000000146, 1, 3443.9720000000002074, 0, 3439.8840000000000146, 1
3443.9720000000002074, 0, 3439.8899999999998727, 1, 3443.9720000000002074, 114.42041872005472669, 3439.8899999999998727, 1, 3443.9720000000002074, 90.426352351434999832, 3439.8899999999998727, 1, 3443.9720000000002074, 0, 3439.8899999999998727, 1
3443.9819999999999709, 0, 3439.8949999999999818, 1, 3443.9819999999999709, 112.11995167131462381, 3439.8949999999999818, 1, 3443.9819999999999709, 92.717307733438531159, 3439.8949999999999818, 1, 3443.9819999999999709, 0, 3439.8949999999999818, 1
3444.0019999999999527, 0, 3439.8989999999998872, 1, 3444.0019999999999527, 109.96495222791004664, 3439.8989999999998872, 1, 3444.0019999999999527, 95.253947654465846995, 3439.8989999999998872, 1, 3444.0019999999999527, 0, 3439.8989999999998872, 1
3444.0019999999999527, 0, 3439.9050000000002001, 1, 3444.0019999999999527, 107.76200813421694136, 3439.9050000000002001, 1, 3444.0019999999999527, 98.176731871608239999, 3439.9050000000002001, 1, 3444.0019999999999527, 0, 3439.9050000000002001, 1
3444.0219999999999345, 0, 3439.9099999999998545, 0, 3444.0219999999999345, 105.44398997119510852, 3439.9099999999998545, 1, 3444.0219999999999345, 101.61488196230530434, 3439.9099999999998545, 1, 3444.0219999999999345, 0, 3439.9099999999998545, 0
3444.0320000000001528, 0, 3439.9140000000002146, 0, 3444.0320000000001528, 102.85964341648015363, 3439.9140000000002146, 1, 3444.0320000000001528, 105.89897643209317835, 3439.9140000000002146, 1, 3444.0320000000001528, 0, 3439.9140000000002146, 0
3444.0320000000001528, 0, 3439.918999999999869, 0, 3444.0320000000001528, 100.36285342721888014, 3439.918999999999869, 1, 3444.0320000000001528, 107.90573558467694681, 3439.918999999999869, 1, 3444.0320000000001528, 0, 3439.918999999999869, 0
3444.0419999999999163, 383.00370043241696294, 3439.9239999999999782, 0, 3444.0419999999999163, 76.020020130236304112, 3439.9239999999999782, 1, 3444.0419999999999163, 98.594685953355508445, 3439.9239999999999782, 1, 3444.0419999999999163, 0, 3439.9239999999999782, 0
3444.0520000000001346, 375.29258609191685991, 3439.9290000000000873, 0, 3444.0520000000001346, 12.818079885148879526, 3439.9290000000000873, 1, 3444.0520000000001346, 72.998397783854258591, 3439.9290000000000873, 1, 3444.0520000000001346, 0, 3439.9290000000000873, 0
3444.0619999999998981, 288.36110858659162659, 3439.9340000000001965, 0, 3444.0619999999998981, 0, 3439.9340000000001965, 1, 3444.0619999999998981, 75.556772846969892043, 3439.9340000000001965, 1, 3444.0619999999998981, 0, 3439.9340000000001965, 0
3444.0720000000001164, 86.821178509534476575, 3439.9389999999998508, 0, 3444.0720000000001164, 0, 3439.9389999999998508, 1, 3444.0720000000001164, 66.1464988769528901, 3439.9389999999998508, 1, 3444.0720000000001164, 0, 3439.9389999999998508, 0
3444.081000000000131, 0.87090724385406725894, 3439.94399999999996, 0, 3444.081000000000131, 0, 3439.94399999999996, 1, 3444.081000000000131, 45.818862024788316489, 3439.94399999999996, 1, 3444.081000000000131, 0, 3439.94399999999996, 0
3444.1019999999998618, 0, 3439.9499999999998181, 0, 3444.1019999999998618, 0, 3439.9499999999998181, 1, 3444.1019999999998618, 24.889814099061702279, 3439.9499999999998181, 1, 3444.1019999999998618, 35.017023328417437256, 3439.9499999999998181, 0
3444.1019999999998618, 0, 3439.9540000000001783, 0, 3444.1019999999998618, 0, 3439.9540000000001783, 1, 3444.1019999999998618, 25.002988893476356225, 3439.9540000000001783, 1, 3444.1019999999998618, 17.531780116250818224, 3439.9540000000001783, 0
3444.1219999999998436, 57.953193662050829005, 3439.9589999999998327, 0, 3444.1219999999998436, 0, 3439.9589999999998327, 1, 3444.1219999999998436, 31.998433982210151783, 3439.9589999999998327, 1, 3444.1219999999998436, 25.81747297252784179, 3439.9589999999998327, 0
3444.1219999999998436, 77.488437735296045616, 3439.9639999999999418, 0, 3444.1219999999998436, 0, 3439.9639999999999418, 1, 3444.1219999999998436, 34.960827010828516848, 3439.9639999999999418, 1, 3444.1219999999998436, 31.369074745978942076, 3439.9639999999999418, 0
3444.1340000000000146, 88.878391586516471534, 3439.9699999999997999, 0, 3444.1340000000000146, 71.162130650730162529, 3439.9699999999997999, 1, 3444.1340000000000146, 39.154857672206688335, 3439.9699999999997999, 1, 3444.1340000000000146, 35.323131266734954181, 3439.9699999999997999, 0
3444.1520000000000437, 67.885068100037898375, 3439.9740000000001601, 0, 3444.1520000000000437, 136.31635017982904401, 3439.9740000000001601, 1, 3444.1520000000000437, 133.52153061563842584, 3439.9740000000001601, 1, 3444.1520000000000437, 50.176462945507083191, 3439.9740000000001601, 0
3444.1520000000000437, 3.3062227742708913958, 3439.9800000000000182, 0, 3444.1520000000000437, 51.911562460806329966, 3439.9800000000000182, 1, 3444.1520000000000437, 109.52369345198059136, 3439.9800000000000182, 1, 3444.1520000000000437, 72.446068576501573943, 3439.9800000000000182, 0
3444.1619999999998072, 48.875225945839829933, 3439.9839999999999236, 0, 3444.1619999999998072, 0, 3439.9839999999999236, 1, 3444.1619999999998072, 0, 3439.9839999999999236, 1, 3444.1619999999998072, 71.342217808356622299, 3439.9839999999999236, 0
3444.1720000000000255, 80.978061216085691854, 3439.9890000000000327, 0, 3444.1720000000000255, 0, 3439.9890000000000327, 1, 3444.1720000000000255, 0, 3439.9890000000000327, 1, 3444.1720000000000255, 72.814256742219242824, 3439.9890000000000327, 0
3444.181999999999789, 98.251045904572123391, 3439.9949999999998909, 0, 3444.181999999999789, 0, 3439.9949999999998909, 1, 3444.181999999999789, 0, 3439.9949999999998909, 1, 3444.181999999999789, 76.577415818184292107, 3439.9949999999998909, 0
3444.193000000000211, 107.63771207521436679, 3439.9989999999997963, 0, 3444.193000000000211, 0, 3439.9989999999997963, 1, 3444.193000000000211, 0, 3439.9989999999997963, 1, 3444.193000000000211, 78.656927079215364529, 3439.9989999999997963, 0
3444.2119999999999891, 112.95627389396614149, 3440.0050000000001091, 0, 3444.2119999999999891, 0, 3440.0050000000001091, 1, 3444.2119999999999891, 0, 3440.0050000000001091, 1, 3444.2119999999999891, 79.39738577440054712, 3440.0050000000001091, 0
3444.2119999999999891, 114.47449345982207092, 3440.0090000000000146, 0, 3444.2119999999999891, 0, 3440.0090000000000146, 1, 3444.2119999999999891, 0, 3440.0090000000000146, 1, 3444.2119999999999891, 82.319316064731253846, 3440.0090000000000146, 0
3444.2220000000002074, 115.14164735806946283, 3440.0149999999998727, 0, 3444.2220000000002074, 0, 3440.0149999999998727, 1, 3444.2220000000002074, 0, 3440.0149999999998727, 1, 3444.2220000000002074, 84.034392244951703788, 3440.0149999999998727, 0
3444.2319999999999709, 113.75320556414862949, 3440.0189999999997781, 0, 3444.2319999999999709, 0, 3440.0189999999997781, 1, 3444.2319999999999709, 0, 3440.0189999999997781, 1, 3444.2319999999999709, 87.925656240107898043, 3440.0189999999997781, 0
3444.2420000000001892, 112.30668976378244395, 3440.0250000000000909, 0, 3444.2420000000001892, 0, 3440.0250000000000909, 1, 3444.2420000000001892, 0, 3440.0250000000000909, 1, 3444.2420000000001892, 92.691406327534195952, 3440.0250000000000909, 0
3444.2519999999999527, 110.38612710491608482, 3440.0309999999999491, 0, 3444.2519999999999527, 0, 3440.0309999999999491, 1, 3444.2519999999999527, 0, 3440.0309999999999491, 1, 3444.2519999999999527, 96.171776619526553986, 3440.0309999999999491, 0
3444.262000000000171, 108.55201477295597101, 3440.0340000000001055, 0, 3444.262000000000171, 0, 3440.0340000000001055, 1, 3444.262000000000171, 0, 3440.0340000000001055, 1, 3444.262000000000171, 100.37141839300842605, 3440.0340000000001055, 0
3444.2719999999999345, 106.90373088829380777, 3440.0390000000002146, 0, 3444.2719999999999345, 0, 3440.0390000000002146, 1, 3444.2719999999999345, 0, 3440.0390000000002146, 1, 3444.2719999999999345, 104.15473826754070785, 3440.0390000000002146, 0
3444.2820000000001528, 105.36780585239625907, 3440.043999999999869, 0, 3444.2820000000001528, 0, 3440.043999999999869, 1, 3444.2820000000001528, 0, 3440.043999999999869, 1, 3444.2820000000001528, 106.82593178205928552, 3440.043999999999869, 0
3444.3020000000001346, 104.19492211664643833, 3440.0489999999999782, 0, 3444.3020000000001346, 0, 3440.0489999999999782, 1, 3444.3020000000001346, 0, 3440.0489999999999782, 1, 3444.3020000000001346, 107.65194118734115136, 3440.0489999999999782, 0
3444.3020000000001346, 102.881452159492909, 3440.0540000000000873, 0, 3444.3020000000001346, 0, 3440.0540000000000873, 1, 3444.3020000000001346, 0, 3440.0540000000000873, 1, 3444.3020000000001346, 109.79316011814012199, 3440.0540000000000873, 0
3444.3130000000001019, 102.16302449144890829, 3440.0590000000001965, 0, 3444.3130000000001019, 0, 3440.0590000000001965, 1, 3444.3130000000001019, 0, 3440.0590000000001965, 1, 3444.3130000000001019, 110.88424654032897365, 3440.0590000000001965, 0
3444.3220000000001164, 101.16454147834136279, 3440.0670000000000073, 0, 3444.3220000000001164, 0, 3440.0670000000000073, 1, 3444.3220000000001164, 0, 3440.0670000000000073, 1, 3444.3220000000001164, 112.92610829455442456, 3440.0670000000000073, 0
3444.3319999999998799, 99.719640515836758254, 3440.06899999999996, 0, 3444.3319999999998799, 0, 3440.06899999999996, 1, 3444.3319999999998799, 0, 3440.06899999999996, 1, 3444.3319999999998799, 114.71728129937906715, 3440.06899999999996, 0
3444.3420000000000982, 98.62556522485691346, 3440.0740000000000691, 0, 3444.3420000000000982, 0, 3440.0740000000000691, 1, 3444.3420000000000982, 0, 3440.0740000000000691, 1, 3444.3420000000000982, 117.05463462756324589, 3440.0740000000000691, 0
3444.3519999999998618, 96.809865180092771197, 3440.0790000000001783, 0, 3444.3519999999998618, 0, 3440.0790000000001783, 1, 3444.3519999999998618, 0, 3440.0790000000001783, 1, 3444.3519999999998618, 121.96629229038875053, 3440.0790000000001783, 0
3444.36200000000008, 95.487008951974061688, 3440.0839999999998327, 0, 3444.36200000000008, 0, 3440.0839999999998327, 1, 3444.36200000000008, 0, 3440.0839999999998327, 1, 3444.36200000000008, 122.82845261206824716, 3440.0839999999998327, 0
3444.3730000000000473, 95.065352101679820862, 3440.0880000000001928, 0, 3444.3730000000000473, 0, 3440.0880000000001928, 1, 3444.3730000000000473, 0, 3440.0880000000001928, 1, 3444.3730000000000473, 119.37920577494472241, 3440.0880000000001928, 0
3444.3820000000000618, 95.30325752203573586, 3440.0949999999997999, 0, 3444.3820000000000618, 307.11157314235015292, 3440.0949999999997999, 1, 3444.3820000000000618, 0, 3440.0949999999997999, 1, 3444.3820000000000618, 119.31759703146610718, 3440.0949999999997999, 0
3444.3930000000000291, 28.825234538913747429, 3440.0990000000001601, 0, 3444.3930000000000291, 253.49254785971123738, 3440.0990000000001601, 1, 3444.3930000000000291, 221.02954868230017382, 3440.0990000000001601, 1, 3444.3930000000000291, 68.2290197121385944, 3440.0990000000001601, 0
3444.4029999999997926, 0, 3440.1039999999998145, 0, 3444.4029999999997926, 60.449672317740187566, 3440.1039999999998145, 1, 3444.4029999999997926, 83.625993414045069585, 3440.1039999999998145, 1, 3444.4029999999997926, 31.276115563252282925, 3440.1039999999998145, 0
3444.4220000000000255, 0, 3440.1089999999999236, 0, 3444.4220000000000255, 16.778413873309009574, 3440.1089999999999236, 1, 3444.4220000000000255, 42.776376516905138203, 3440.1089999999999236, 1, 3444.4220000000000255, 41.17949066444490569, 3440.1089999999999236, 0
3444.43100000000004, 0, 3440.1140000000000327, 0, 3444.43100000000004, 18.7611136068444182, 3440.1140000000000327, 1, 3444.43100000000004, 27.483128999366293499, 3440.1140000000000327, 1, 3444.43100000000004, 45.840822679234335624, 3440.1140000000000327, 0
3444.431999999999789, 44.452745951616087439, 3440.1190000000001419, 0, 3444.431999999999789, 33.817434150541551219, 3440.1190000000001419, 1, 3444.431999999999789, 23.061841645464205897, 3440.1190000000001419, 1, 3444.431999999999789, 51.103296772443243867, 3440.1190000000001419, 0
3444.4420000000000073, 41.13306018453955204, 3440.1239999999997963, 0, 3444.4420000000000073, 44.381685288115946264, 3440.1239999999997963, 1, 3444.4420000000000073, 23.085113986879161274, 3440.1239999999997963, 1, 3444.4420000000000073, 53.42032426269499723, 3440.1239999999997963, 0
3444.4520000000002256, 51.142322126860811693, 3440.1289999999999054, 0, 3444.4520000000002256, 51.184385564669810265, 3440.1289999999999054, 1, 3444.4520000000002256, 24.902924816360435756, 3440.1289999999999054, 1, 3444.4520000000002256, 53.475832079606306024, 3440.1289999999999054, 0
3444.4619999999999891, 54.375045362346639877, 3440.1350000000002183, 0, 3444.4619999999999891, 55.225036943554101754, 3440.1350000000002183, 1, 3444.4619999999999891, 26.404665719473005225, 3440.1350000000002183, 1, 3444.4619999999999891, 48.618931078993583128, 3440.1350000000002183, 0
3444.4720000000002074, 42.405965201420585231, 3440.1390000000001237, 0, 3444.4720000000002074, 60.010973806891584559, 3440.1390000000001237, 1, 3444.4720000000002074, 35.398490656088384299, 3440.1390000000001237, 1, 3444.4720000000002074, 32.593979841556112831, 3440.1390000000001237, 0
3444.4850000000001273, 0, 3440.1439999999997781, 0, 3444.4850000000001273, 70.400332413694073352, 3440.1439999999997781, 1, 3444.4850000000001273, 68.128156799587884507, 3440.1439999999997781, 1, 3444.4850000000001273, 0, 3440.1439999999997781, 0
3444.5019999999999527, 0, 3440.1500000000000909, 0, 3444.5019999999999527, 98.696876319445564718, 3440.1500000000000909, 1, 3444.5019999999999527, 76.665151125042314106, 3440.1500000000000909, 1, 3444.5019999999999527, 0, 3440.1500000000000909, 0
3444.5019999999999527, 0, 3440.1539999999999964, 0, 3444.5019999999999527, 115.38451392487776559, 3440.1539999999999964, 1, 3444.5019999999999527, 78.281237910317514661, 3440.1539999999999964, 1, 3444.5019999999999527, 0, 3440.1539999999999964, 0
3444.5109999999999673, 0, 3440.1590000000001055, 1, 3444.5109999999999673, 124.84657785969267252, 3440.1590000000001055, 1, 3444.5109999999999673, 72.274167874748215468, 3440.1590000000001055, 1, 3444.5109999999999673, 0, 3440.1590000000001055, 1
3444.5219999999999345, 0, 3440.1640000000002146, 1, 3444.5219999999999345, 128.68853147788618685, 3440.1640000000002146, 1, 3444.5219999999999345, 68.587227946643650967, 3440.1640000000002146, 1, 3444.5219999999999345, 0, 3440.1640000000002146, 1
3444.5419999999999163, 0, 3440.168999999999869, 1, 3444.5419999999999163, 129.90093395505613216, 3440.168999999999869, 1, 3444.5419999999999163, 67.095096050080684336, 3440.168999999999869, 1, 3444.5419999999999163, 0, 3440.168999999999869, 1
3444.5520000000001346, 0, 3440.1750000000001819, 1, 3444.5520000000001346, 129.65762980043348307, 3440.1750000000001819, 1, 3444.5520000000001346, 67.360695671540781859, 3440.1750000000001819, 1, 3444.5520000000001346, 0, 3440.1750000000001819, 1
3444.5520000000001346, 0, 3440.1790000000000873, 1, 3444.5520000000001346, 127.72374056855723268, 3440.1790000000000873, 1, 3444.5520000000001346, 70.4076113190626387, 3440.1790000000000873, 1, 3444.5520000000001346, 0, 3440.1790000000000873, 1
3444.5720000000001164, 0, 3440.1849999999999454, 1, 3444.5720000000001164, 126.17625890888149343, 3440.1849999999999454, 1, 3444.5720000000001164, 73.207283476680061085, 3440.1849999999999454, 1, 3444.5720000000001164, 0, 3440.1849999999999454, 1
3444.5819999999998799, 0, 3440.1889999999998508, 1, 3444.5819999999998799, 123.75740528962492704, 3440.1889999999998508, 1, 3444.5819999999998799, 76.33847372251487684, 3440.1889999999998508, 1, 3444.5819999999998799, 0, 3440.1889999999998508, 1
3444.5819999999998799, 0, 3440.19399999999996, 1, 3444.5819999999998799, 120.82459118500268858, 3440.19399999999996, 1, 3444.5819999999998799, 81.100761479564766887, 3440.19399999999996, 1, 3444.5819999999998799, 0, 3440.19399999999996, 1
3444.5909999999998945, 0, 3440.1990000000000691, 1, 3444.5909999999998945, 117.69921754643554834, 3440.1990000000000691, 1, 3444.5909999999998945, 84.944265882208014773, 3440.1990000000000691, 1, 3444.5909999999998945, 0, 3440.1990000000000691, 1
3444.6019999999998618, 0, 3440.2040000000001783, 1, 3444.6019999999998618, 115.70628839693742407, 3440.2040000000001783, 1, 3444.6019999999998618, 88.941591620994159939, 3440.2040000000001783, 1, 3444.6019999999998618, 0, 3440.2040000000001783, 1
3444.61200000000008, 0, 3440.2089999999998327, 1, 3444.61200000000008, 113.73631112108762409, 3440.2089999999998327, 1, 3444.61200000000008, 90.618862931004642292, 3440.2089999999998327, 1, 3444.61200000000008, 0, 3440.2089999999998327, 1
3444.6219999999998436, 0, 3440.2139999999999418, 1, 3444.6219999999998436, 110.80524349434568876, 3440.2139999999999418, 1, 3444.6219999999998436, 91.845989360960885506, 3440.2139999999999418, 1, 3444.6219999999998436, 0, 3440.2139999999999418, 1
3444.6419999999998254, 0, 3440.2190000000000509, 1, 3444.6419999999998254, 108.44705967105626598, 3440.2190000000000509, 1, 3444.6419999999998254, 93.905820009331918641, 3440.2190000000000509, 1, 3444.6419999999998254, 0, 3440.2190000000000509, 1
3444.6419999999998254, 0, 3440.2240000000001601, 1, 3444.6419999999998254, 106.64844955544788263, 3440.2240000000001601, 1, 3444.6419999999998254, 95.914987855599349587, 3440.2240000000001601, 1, 3444.6419999999998254, 0, 3440.2240000000001601, 1
3444.6509999999998399, 0, 3440.2289999999998145, 1, 3444.6509999999998399, 104.68215845284031218, 3440.2289999999998145, 1, 3444.6509999999998399, 99.070582369913921639, 3440.2289999999998145, 1, 3444.6509999999998399, 0, 3440.2289999999998145, 1
3444.6610000000000582, 0, 3440.2330000000001746, 1, 3444.6610000000000582, 102.59450321168978348, 3440.2330000000001746, 0, 3444.6610000000000582, 103.08713706512403974, 3440.2330000000001746, 0, 3444.6610000000000582, 0, 3440.2330000000001746, 1
3444.6720000000000255, 0, 3440.2390000000000327, 1, 3444.6720000000000255, 100.26166997385010404, 3440.2390000000000327, 0, 3444.6720000000000255, 107.16130940336917376, 3440.2390000000000327, 0, 3444.6720000000000255, 0, 3440.2390000000000327, 1
3444.681999999999789, 0, 3440.2449999999998909, 1, 3444.681999999999789, 97.479291670262028902, 3440.2449999999998909, 0, 3444.681999999999789, 110.67388404191038376, 3440.2449999999998909, 0, 3444.681999999999789, 0, 3440.2449999999998909, 1
3444.6920000000000073, 372.82169636628788112, 3440.2489999999997963, 1, 3444.6920000000000073, 66.936550962240161766, 3440.2489999999997963, 0, 3444.6920000000000073, 99.862857285106045424, 3440.2489999999997963, 0, 3444.6920000000000073, 0, 3440.2489999999997963, 1
3444.7020000000002256, 371.38636110507911781, 3440.2539999999999054, 1, 3444.7020000000002256, 9.7793834434422475255, 3440.2539999999999054, 0, 3444.7020000000002256, 74.829432176599084414, 3440.2539999999999054, 0, 3444.7020000000002256, 0, 3440.2539999999999054, 1
3444.7119999999999891, 297.86065205716943183, 3440.2590000000000146, 1, 3444.7119999999999891, 0, 3440.2590000000000146, 0, 3444.7119999999999891, 75.747266919366865068, 3440.2590000000000146, 0, 3444.7119999999999891, 0, 3440.2590000000000146, 1
3444.7220000000002074, 67.084827172590863142, 3440.2640000000001237, 1, 3444.7220000000002074, 0, 3440.2640000000001237, 0, 3444.7220000000002074, 67.868159922604107237, 3440.2640000000001237, 0, 3444.7220000000002074, 0, 3440.2640000000001237, 1
3444.7420000000001892, 3.0961100970589185977, 3440.2689999999997781, 1, 3444.7420000000001892, 0, 3440.2689999999997781, 0, 3444.7420000000001892, 44.261395695954043106, 3440.2689999999997781, 0, 3444.7420000000001892, 0, 3440.2689999999997781, 1
3444.7420000000001892, 0, 3440.2739999999998872, 1, 3444.7420000000001892, 0, 3440.2739999999998872, 0, 3444.7420000000001892, 25.475513320606463452, 3440.2739999999998872, 0, 3444.7420000000001892, 36.196600181984919686, 3440.2739999999998872, 1
3444.762000000000171, 0, 3440.2779999999997926, 1, 3444.762000000000171, 0, 3440.2779999999997926, 0, 3444.762000000000171, 25.35827988026433033, 3440.2779999999997926, 0, 3444.762000000000171, 14.975618270955500577, 3440.2779999999997926, 1
3444.762000000000171, 53.003095336731334442, 3440.2840000000001055, 1, 3444.762000000000171, 0, 3440.2840000000001055, 0, 3444.762000000000171, 27.495610057874316112, 3440.2840000000001055, 0, 3444.762000000000171, 23.121031239480753783, 3440.2840000000001055, 1
3444.7710000000001855, 81.717557290076825893, 3440.2890000000002146, 1, 3444.7710000000001855, 0, 3440.2890000000002146, 0, 3444.7710000000001855, 35.571069177397077965, 3440.2890000000002146, 0, 3444.7710000000001855, 31.779283702068148898, 3440.2890000000002146, 1
3444.7820000000001528, 94.949220889938743539, 3440.2950000000000728, 1, 3444.7820000000001528, 0, 3440.2950000000000728, 0, 3444.7820000000001528, 36.884494187183548775, 3440.2950000000000728, 0, 3444.7820000000001528, 37.827541298393981606, 3440.2950000000000728, 1
3444.8029999999998836, 97.230459436570782827, 3440.3000000000001819, 1, 3444.8029999999998836, 105.22501100297803589, 3440.3000000000001819, 0, 3444.8029999999998836, 61.720057894492867945, 3440.3000000000001819, 0, 3444.8029999999998836, 42.102403265959921441, 3440.3000000000001819, 1
3444.8029999999998836, 28.480835604045822151, 3440.3040000000000873, 1, 3444.8029999999998836, 77.255349602906363771, 3440.3040000000000873, 0, 3444.8029999999998836, 120.24865991597792458, 3440.3040000000000873, 0, 3444.8029999999998836, 93.31976391286282535, 3440.3040000000000873, 1
3444.8220000000001164, 43.22675110296025025, 3440.3090000000001965, 1, 3444.8220000000001164, 0, 3440.3090000000001965, 0, 3444.8220000000001164, 0, 3440.3090000000001965, 0, 3444.8220000000001164, 80.77761740899795484, 3440.3090000000001965, 1
3444.8220000000001164, 77.694596737372549455, 3440.3139999999998508, 1, 3444.8220000000001164, 0, 3440.3139999999998508, 0, 3444.8220000000001164, 0, 3440.3139999999998508, 0, 3444.8220000000001164, 73.756926257216463227, 3440.3139999999998508, 1
3444.8420000000000982, 95.826902597235971371, 3440.31899999999996, 1, 3444.8420000000000982, 0, 3440.31899999999996, 0, 3444.8420000000000982, 0, 3440.31899999999996, 0, 3444.8420000000000982, 77.37613472170043849, 3440.31899999999996, 1
3444.8519999999998618, 104.99548191080134529, 3440.3240000000000691, 1, 3444.8519999999998618, 0, 3440.3240000000000691, 0, 3444.8519999999998618, 0, 3440.3240000000000691, 0, 3444.8519999999998618, 79.27255220775148814, 3440.3240000000000691, 1
3444.86200000000008, 109.2692714145011621, 3440.3290000000001783, 1, 3444.86200000000008, 0, 3440.3290000000001783, 0, 3444.86200000000008, 0, 3440.3290000000001783, 0, 3444.86200000000008, 81.985397106785143251, 3440.3290000000001783, 1
3444.86200000000008, 111.73894210407453897, 3440.3339999999998327, 1, 3444.86200000000008, 0, 3440.3339999999998327, 0, 3444.86200000000008, 0, 3440.3339999999998327, 0, 3444.86200000000008, 83.468327961584122932, 3440.3339999999998327, 1
3444.8719999999998436, 111.87270963268551327, 3440.3389999999999418, 1, 3444.8719999999998436, 0, 3440.3389999999999418, 0, 3444.8719999999998436, 0, 3440.3389999999999418, 0, 3444.8719999999998436, 85.021374236027511984, 3440.3389999999999418, 1
3444.8820000000000618, 110.8319754169286, 3440.3440000000000509, 1, 3444.8820000000000618, 0, 3440.3440000000000509, 0, 3444.8820000000000618, 0, 3440.3440000000000509, 0, 3444.8820000000000618, 89.094857046365689257, 3440.3440000000000509, 1
3444.9020000000000437, 109.632363151395964, 3440.3499999999999091, 1, 3444.9020000000000437, 0, 3440.3499999999999091, 0, 3444.9020000000000437, 0, 3440.3499999999999091, 0, 3444.9020000000000437, 93.534539038127689992, 3440.3499999999999091, 1
3444.9020000000000437, 107.73234580962687801, 3440.3539999999998145, 1, 3444.9020000000000437, 0, 3440.3539999999998145, 0, 3444.9020000000000437, 0, 3440.3539999999998145, 0, 3444.9020000000000437, 96.575487812676868771, 3440.3539999999998145, 1
3444.9110000000000582, 105.54768044572617214, 3440.3589999999999236, 1, 3444.9110000000000582, 0, 3440.3589999999999236, 0, 3444.9110000000000582, 0, 3440.3589999999999236, 0, 3444.9110000000000582, 99.587903286618967513, 3440.3589999999999236, 1
3444.9229999999997744, 104.1889894625274593, 3440.3640000000000327, 1, 3444.9229999999997744, 0, 3440.3640000000000327, 0, 3444.9229999999997744, 0, 3440.3640000000000327, 0, 3444.9229999999997744, 103.13279537287721155, 3440.3640000000000327, 1
3444.931999999999789, 102.68431462936716514, 3440.3690000000001419, 1, 3444.931999999999789, 0, 3440.3690000000001419, 0, 3444.931999999999789, 0, 3440.3690000000001419, 0, 3444.931999999999789, 106.13840418767811968, 3440.3690000000001419, 1
3444.9420000000000073, 101.99013473198249358, 3440.3739999999997963, 1, 3444.9420000000000073, 0, 3440.3739999999997963, 0, 3444.9420000000000073, 0, 3440.3739999999997963, 0, 3444.9420000000000073, 107.51106376273324372, 3440.3739999999997963, 1
3444.9520000000002256, 101.17306623337988469, 3440.3789999999999054, 1, 3444.9520000000002256, 0, 3440.3789999999999054, 0, 3444.9520000000002256, 0, 3440.3789999999999054, 0, 3444.9520000000002256, 111.71565385700765205, 3440.3789999999999054, 1
3444.9720000000002074, 100.20350545824798871, 3440.3840000000000146, 1, 3444.9720000000002074, 0, 3440.3840000000000146, 0, 3444.9720000000002074, 0, 3440.3840000000000146, 0, 3444.9720000000002074, 113.54026474832707549, 3440.3840000000000146, 1
3444.9819999999999709, 99.349197655867982348, 3440.3890000000001237, 1, 3444.9819999999999709, 0, 3440.3890000000001237, 0, 3444.9819999999999709, 0, 3440.3890000000001237, 0, 3444.9819999999999709, 115.49710052014714279, 3440.3890000000001237, 1
3444.9819999999999709, 98.429636484484660741, 3440.3939999999997781, 1, 3444.9819999999999709, 0, 3440.3939999999997781, 0, 3444.9819999999999709, 0, 3440.3939999999997781, 0, 3444.9819999999999709, 117.90222857916000976, 3440.3939999999997781, 1
3444.9920000000001892, 97.073042733881820254, 3440.3989999999998872, 1, 3444.9920000000001892, 0, 3440.3989999999998872, 0, 3444.9920000000001892, 0, 3440.3989999999998872, 0, 3444.9920000000001892, 119.06266117249668923, 3440.3989999999998872, 1
3445.0019999999999527, 96.004097344599287567, 3440.4039999999999964, 1, 3445.0019999999999527, 0, 3440.4039999999999964, 0, 3445.0019999999999527, 0, 3440.4039999999999964, 0, 3445.0019999999999527, 123.12857587638079337, 3440.4039999999999964, 1
3445.012000000000171, 94.34298390482292973, 3440.4099999999998545, 1, 3445.012000000000171, 0, 3440.4099999999998545, 0, 3445.012000000000171, 0, 3440.4099999999998545, 0, 3445.012000000000171, 125.44089294109230082, 3440.4099999999998545, 1
3445.0210000000001855, 94.454394084335703496, 3440.4149999999999636, 1, 3445.0210000000001855, 0, 3440.4149999999999636, 0, 3445.0210000000001855, 0, 3440.4149999999999636, 0, 3445.0210000000001855, 121.81363703367651397, 3440.4149999999999636, 1
3445.0320000000001528, 94.564339148277099412, 3440.418999999999869, 1, 3445.0320000000001528, 0, 3440.418999999999869, 0, 3445.0320000000001528, 245.94581819463590477, 3440.418999999999869, 0, 3445.0320000000001528, 116.16939572025822258, 3440.418999999999869, 1
3445.0410000000001673, 50.919964259663629491, 3440.4239999999999782, 1, 3445.0410000000001673, 276.26389658177401998, 3440.4239999999999782, 0, 3445.0410000000001673, 247.72364016849155632, 3440.4239999999999782, 0, 3445.0410000000001673, 35.609840421289675305, 3440.4239999999999782, 1
3445.0610000000001492, 0.54880489237431495653, 3440.4279999999998836, 1, 3445.0610000000001492, 63.148536758957973802, 3440.4279999999998836, 0, 3445.0610000000001492, 70.475632473036924353, 3440.4279999999998836, 0, 3445.0610000000001492, 20.583836085029965091, 3440.4279999999998836, 1
3445.0619999999998981, 0, 3440.4340000000001965, 1, 3445.0619999999998981, 17.515439306528563179, 3440.4340000000001965, 0, 3445.0619999999998981, 45.034645495043029939, 3440.4340000000001965, 0, 3445.0619999999998981, 44.246269521510036782, 3440.4340000000001965, 1
3445.0720000000001164, 13.950173211732288081, 3440.4389999999998508, 1, 3445.0720000000001164, 19.449931057438927695, 3440.4389999999998508, 0, 3445.0720000000001164, 26.906345780057378647, 3440.4389999999998508, 0, 3445.0720000000001164, 51.753183484706319462, 3440.4389999999998508, 1
3445.0819999999998799, 28.584842097814938455, 3440.44399999999996, 1, 3445.0819999999998799, 34.79383489580071398, 3440.44399999999996, 0, 3445.0819999999998799, 23.831900283753835623, 3440.44399999999996, 0, 3445.0819999999998799, 55.593188268803970686, 3440.44399999999996, 1
3445.0920000000000982, 43.091886269769197781, 3440.4490000000000691, 1, 3445.0920000000000982, 44.919154486127510495, 3440.4490000000000691, 0, 3445.0920000000000982, 24.66630430652184458, 3440.4490000000000691, 0, 3445.0920000000000982, 55.61335420154938447, 3440.4490000000000691, 1
3445.1019999999998618, 51.187440624878689732, 3440.4549999999999272, 1, 3445.1019999999998618, 51.396540389278939642, 3440.4549999999999272, 0, 3445.1019999999998618, 25.817322936408999112, 3440.4549999999999272, 0, 3445.1019999999998618, 53.670762665725376905, 3440.4549999999999272, 1
3445.11200000000008, 52.745213782046782569, 3440.4589999999998327, 1, 3445.11200000000008, 57.143868229091836497, 3440.4589999999998327, 0, 3445.11200000000008, 27.309940014986118229, 3440.4589999999998327, 0, 3445.11200000000008, 45.581525149096520977, 3440.4589999999998327, 1
3445.1219999999998436, 47.685603811889919257, 3440.4639999999999418, 1, 3445.1219999999998436, 60.328071431942447589, 3440.4639999999999418, 0, 3445.1219999999998436, 36.153689247594613221, 3440.4639999999999418, 0, 3445.1219999999998436, 38.242748500379548204, 3440.4639999999999418, 1
3445.1419999999998254, 0, 3440.4699999999997999, 1, 3445.1419999999998254, 69.130541081361485567, 3440.4699999999997999, 0, 3445.1419999999998254, 68.226357299247325727, 3440.4699999999997999, 0, 3445.1419999999998254, 0, 3440.4699999999997999, 1
3445.1539999999999964, 0, 3440.4740000000001601, 1, 3445.1539999999999964, 97.988668157810053572, 3440.4740000000001601, 0, 3445.1539999999999964, 77.890440457801361163, 3440.4740000000001601, 0, 3445.1539999999999964, 0, 3440.4740000000001601, 1
3445.1539999999999964, 0, 3440.4800000000000182, 1, 3445.1539999999999964, 116.95368156506319224, 3440.4800000000000182, 1, 3445.1539999999999964, 74.735785532544241505, 3440.4800000000000182, 1, 3445.1539999999999964, 0, 3440.4800000000000182, 1
3445.1619999999998072, 0, 3440.4839999999999236, 1, 3445.1619999999998072, 123.29242472979012746, 3440.4839999999999236, 1, 3445.1619999999998072, 68.358748869364717393, 3440.4839999999999236, 1, 3445.1619999999998072, 0, 3440.4839999999999236, 1
3445.1720000000000255, 0, 3440.4890000000000327, 1, 3445.1720000000000255, 128.00585851436773055, 3440.4890000000000327, 1, 3445.1720000000000255, 66.805679487402997552, 3440.4890000000000327, 1, 3445.1720000000000255, 0, 3440.4890000000000327, 1
3445.1909999999998035, 0, 3440.4940000000001419, 1, 3445.1909999999998035, 132.24352463661313095, 3440.4940000000001419, 1, 3445.1909999999998035, 65.030065922700771353, 3440.4940000000001419, 1, 3445.1909999999998035, 0, 3440.4940000000001419, 1
3445.1920000000000073, 0, 3440.4989999999997963, 1, 3445.1920000000000073, 132.15768466571046247, 3440.4989999999997963, 1, 3445.1920000000000073, 65.21621707923711142, 3440.4989999999997963, 1, 3445.1920000000000073, 0, 3440.4989999999997963, 1
3445.2119999999999891, 0, 3440.5039999999999054, 1, 3445.2119999999999891, 129.16472765419635493, 3440.5039999999999054, 1, 3445.2119999999999891, 68.906335388486340321, 3440.5039999999999054, 1, 3445.2119999999999891, 0, 3440.5039999999999054, 1
3445.2119999999999891, 0, 3440.5090000000000146, 1, 3445.2119999999999891, 126.74159044317576672, 3440.5090000000000146, 1, 3445.2119999999999891, 71.83689861394677223, 3440.5090000000000146, 1, 3445.2119999999999891, 0, 3440.5090000000000146, 1
3445.2220000000002074, 0, 3440.5140000000001237, 1, 3445.2220000000002074, 124.4573989688005895, 3440.5140000000001237, 1, 3445.2220000000002074, 76.908224934257788163, 3440.5140000000001237, 1, 3445.2220000000002074, 0, 3440.5140000000001237, 1
3445.2319999999999709, 0, 3440.5199999999999818, 1, 3445.2319999999999709, 122.27962818262025735, 3440.5199999999999818, 1, 3445.2319999999999709, 79.755001007699462434, 3440.5199999999999818, 1, 3445.2319999999999709, 0, 3440.5199999999999818, 1
3445.2420000000001892, 0, 3440.5239999999998872, 1, 3445.2420000000001892, 119.21193649268606407, 3440.5239999999998872, 1, 3445.2420000000001892, 84.762912698007355061, 3440.5239999999998872, 1, 3445.2420000000001892, 0, 3440.5239999999998872, 1
3445.2609999999999673, 0, 3440.5289999999999964, 1, 3445.2609999999999673, 116.4753165752232178, 3440.5289999999999964, 1, 3445.2609999999999673, 88.551445366815926263, 3440.5289999999999964, 1, 3445.2609999999999673, 0, 3440.5289999999999964, 1
3445.2640000000001237, 0, 3440.5340000000001055, 1, 3445.2640000000001237, 113.96312371377331374, 3440.5340000000001055, 1, 3445.2640000000001237, 90.861131599258271763, 3440.5340000000001055, 1, 3445.2640000000001237, 0, 3440.5340000000001055, 1
3445.2719999999999345, 0, 3440.5390000000002146, 1, 3445.2719999999999345, 112.52021492366191069, 3440.5390000000002146, 1, 3445.2719999999999345, 92.728374717375231739, 3440.5390000000002146, 1, 3445.2719999999999345, 0, 3440.5390000000002146, 1
3445.2919999999999163, 0, 3440.5450000000000728, 1, 3445.2919999999999163, 110.21759111506608519, 3440.5450000000000728, 1, 3445.2919999999999163, 94.375205897101608343, 3440.5450000000000728, 1, 3445.2919999999999163, 0, 3440.5450000000000728, 1
3445.2919999999999163, 0, 3440.5500000000001819, 1, 3445.2919999999999163, 108.09922125448424879, 3440.5500000000001819, 1, 3445.2919999999999163, 96.910466898458565765, 3440.5500000000001819, 1, 3445.2919999999999163, 0, 3440.5500000000001819, 1
3445.3020000000001346, 0, 3440.5549999999998363, 0, 3445.3020000000001346, 105.93711259291512761, 3440.5549999999998363, 1, 3445.3020000000001346, 99.748731249127217779, 3440.5549999999998363, 1, 3445.3020000000001346, 0, 3440.5549999999998363, 0
3445.3119999999998981, 0, 3440.5610000000001492, 0, 3445.3119999999998981, 103.42033582810620373, 3440.5610000000001492, 1, 3445.3119999999998981, 103.03756012089597505, 3440.5610000000001492, 1, 3445.3119999999998981, 0, 3440.5610000000001492, 0
3445.3220000000001164, 0, 3440.5650000000000546, 0, 3445.3220000000001164, 101.31443188303174452, 3440.5650000000000546, 1, 3445.3220000000001164, 106.71941508696517076, 3440.5650000000000546, 1, 3445.3220000000001164, 0, 3440.5650000000000546, 0
3445.3339999999998327, 0, 3440.56899999999996, 0, 3445.3339999999998327, 98.661766614671620346, 3440.56899999999996, 1, 3445.3339999999998327, 109.54197112430489369, 3440.56899999999996, 1, 3445.3339999999998327, 0, 3440.56899999999996, 0
3445.3519999999998618, 375.76248761799115528, 3440.5740000000000691, 0, 3445.3519999999998618, 60.614387786651889201, 3440.5740000000000691, 1, 3445.3519999999998618, 94.978098896140210172, 3440.5740000000000691, 1, 3445.3519999999998618, 0, 3440.5740000000000691, 0
3445.3519999999998618, 374.42833951700754369, 3440.5790000000001783, 0, 3445.3519999999998618, 7.424973431881474184, 3440.5790000000001783, 1, 3445.3519999999998618, 71.055698131961463559, 3440.5790000000001783, 1, 3445.3519999999998618, 0, 3440.5790000000001783, 0
3445.3719999999998436, 292.45510910247196534, 3440.5839999999998327, 0, 3445.3719999999998436, 0, 3440.5839999999998327, 1, 3445.3719999999998436, 75.040018738655817288, 3440.5839999999998327, 1, 3445.3719999999998436, 0, 3440.5839999999998327, 0
3445.3719999999998436, 58.754871869121267025, 3440.5889999999999418, 0, 3445.3719999999998436, 0, 3440.5889999999999418, 1, 3445.3719999999998436, 63.263789862416409449, 3440.5889999999999418, 1, 3445.3719999999998436, 0, 3440.5889999999999418, 0
3445.3809999999998581, 1.1407411133669249637, 3440.5929999999998472, 0, 3445.3809999999998581, 0, 3440.5929999999998472, 1, 3445.3809999999998581, 37.999345326557715907, 3440.5929999999998472, 1, 3445.3809999999998581, 0, 3440.5929999999998472, 0
3445.3910000000000764, 0, 3440.5999999999999091, 0, 3445.3910000000000764, 0, 3440.5999999999999091, 1, 3445.3910000000000764, 23.916065729829757203, 3440.5999999999999091, 1, 3445.3910000000000764, 44.596769894158363456, 3440.5999999999999091, 0
3445.4009999999998399, 0, 3440.6039999999998145, 0, 3445.4009999999998399, 0, 3440.6039999999998145, 1, 3445.4009999999998399, 23.928067904407878785, 3440.6039999999998145, 1, 3445.4009999999998399, 16.389256454374894645, 3440.6039999999998145, 0
3445.4119999999998072, 51.300307835783314658, 3440.6100000000001273, 0, 3445.4119999999998072, 0, 3440.6100000000001273, 1, 3445.4119999999998072, 26.793122506401164884, 3440.6100000000001273, 1, 3445.4119999999998072, 23.526579581926601037, 3440.6100000000001273, 0
3445.4209999999998217, 82.65385195223903736, 3440.6149999999997817, 0, 3445.4209999999998217, 0, 3440.6149999999997817, 1, 3445.4209999999998217, 35.402837401382562632, 3440.6149999999997817, 1, 3445.4209999999998217, 32.24548200233065387, 3440.6149999999997817, 0
3445.4329999999999927, 94.945777374730965903, 3440.6190000000001419, 0, 3445.4329999999999927, 0, 3440.6190000000001419, 1, 3445.4329999999999927, 36.810960860806495987, 3440.6190000000001419, 1, 3445.4329999999999927, 37.743116496051150932, 3440.6190000000001419, 0
3445.4420000000000073, 77.407477196724215673, 3440.6239999999997963, 0, 3445.4420000000000073, 130.53440488633782479, 3440.6239999999997963, 1, 3445.4420000000000073, 111.69713036524493077, 3440.6239999999997963, 1, 3445.4420000000000073, 51.777277081613036103, 3440.6239999999997963, 0
3445.4520000000002256, 5.7286760964618217429, 3440.6300000000001091, 0, 3445.4520000000002256, 76.959602720816093324, 3440.6300000000001091, 1, 3445.4520000000002256, 92.712099136252774656, 3440.6300000000001091, 1, 3445.4520000000002256, 74.460505485149980132, 3440.6300000000001091, 0
3445.4619999999999891, 48.90619465950580036, 3440.6340000000000146, 0, 3445.4619999999999891, 0, 3440.6340000000000146, 1, 3445.4619999999999891, 0, 3440.6340000000000146, 1, 3445.4619999999999891, 73.205474125394403018, 3440.6340000000000146, 0
3445.4720000000002074, 78.509985443738003141, 3440.63799999999992, 0, 3445.4720000000002074, 0, 3440.63799999999992, 1, 3445.4720000000002074, 0, 3440.63799999999992, 1, 3445.4720000000002074, 72.11174960121542199, 3440.63799999999992, 0
3445.4810000000002219, 98.41247166772240007, 3440.6439999999997781, 0, 3445.4810000000002219, 0, 3440.6439999999997781, 1, 3445.4810000000002219, 0, 3440.6439999999997781, 1, 3445.4810000000002219, 75.785483517777777251, 3440.6439999999997781, 0
3445.4940000000001419, 108.53684581409243037, 3440.6500000000000909, 0, 3445.4940000000001419, 0, 3440.6500000000000909, 1, 3445.4940000000001419, 0, 3440.6500000000000909, 1, 3445.4940000000001419, 77.907349716626328018, 3440.6500000000000909, 0
3445.5050000000001091, 114.28259123103299544, 3440.6539999999999964, 0, 3445.5050000000001091, 0, 3440.6539999999999964, 1, 3445.5050000000001091, 0, 3440.6539999999999964, 1, 3445.5050000000001091, 77.921158555666949042, 3440.6539999999999964, 0
3445.512000000000171, 113.62460928654664372, 3440.6590000000001055, 0, 3445.512000000000171, 0, 3440.6590000000001055, 1, 3445.512000000000171, 0, 3440.6590000000001055, 1, 3445.512000000000171, 83.525536487830791543, 3440.6590000000001055, 0
3445.5320000000001528, 116.78708011020376034, 3440.6640000000002146, 0, 3445.5320000000001528, 0, 3440.6640000000002146, 1, 3445.5320000000001528, 0, 3440.6640000000002146, 1, 3445.5320000000001528, 81.388333310297184653, 3440.6640000000002146, 0
3445.5320000000001528, 114.40978342400359224, 3440.668999999999869, 0, 3445.5320000000001528, 0, 3440.668999999999869, 1, 3445.5320000000001528, 0, 3440.668999999999869, 1, 3445.5320000000001528, 87.670406142945267902, 3440.668999999999869, 0
3445.5419999999999163, 112.76433040161307986, 3440.6750000000001819, 0, 3445.5419999999999163, 0, 3440.6750000000001819, 1, 3445.5419999999999163, 0, 3440.6750000000001819, 1, 3445.5419999999999163, 92.548734399803208817, 3440.6750000000001819, 0
3445.5520000000001346, 111.34155643933233648, 3440.6779999999998836, 0, 3445.5520000000001346, 0, 3440.6779999999998836, 1, 3445.5520000000001346, 0, 3440.6779999999998836, 1, 3445.5520000000001346, 96.417897566295636125, 3440.6779999999998836, 0
3445.5720000000001164, 109.86214464491078502, 3440.6840000000001965, 0, 3445.5720000000001164, 0, 3440.6840000000001965, 1, 3445.5720000000001164, 0, 3440.6840000000001965, 1, 3445.5720000000001164, 99.611016016651944938, 3440.6840000000001965, 0
3445.5720000000001164, 107.19898362635794342, 3440.6889999999998508, 0, 3445.5720000000001164, 0, 3440.6889999999998508, 1, 3445.5720000000001164, 0, 3440.6889999999998508, 1, 3445.5720000000001164, 102.52711018838829204, 3440.6889999999998508, 0
3445.5819999999998799, 105.26071067906165979, 3440.6950000000001637, 0, 3445.5819999999998799, 0, 3440.6950000000001637, 1, 3445.5819999999998799, 0, 3440.6950000000001637, 1, 3445.5819999999998799, 106.87866337274378736, 3440.6950000000001637, 0
3445.6019999999998618, 104.59054097346907497, 3440.6990000000000691, 0, 3445.6019999999998618, 0, 3440.6990000000000691, 1, 3445.6019999999998618, 0, 3440.6990000000000691, 1, 3445.6019999999998618, 108.15396875684017175, 3440.6990000000000691, 0
3445.61200000000008, 102.33941359999607812, 3440.7040000000001783, 0, 3445.61200000000008, 0, 3440.7040000000001783, 1, 3445.61200000000008, 0, 3440.7040000000001783, 1, 3445.61200000000008, 104.36373702301713706, 3440.7040000000001783, 0
3445.6219999999998436, 101.25763089924660676, 3440.7089999999998327, 0, 3445.6219999999998436, 0, 3440.7089999999998327, 1, 3445.6219999999998436, 0, 3440.7089999999998327, 1, 3445.6219999999998436, 106.14417703223475087, 3440.7089999999998327, 0
3445.6219999999998436, 100.31156571246515341, 3440.7139999999999418, 0, 3445.6219999999998436, 0, 3440.7139999999999418, 1, 3445.6219999999998436, 0, 3440.7139999999999418, 1, 3445.6219999999998436, 108.45563603495733673, 3440.7139999999999418, 0
3445.6320000000000618, 99.414516101598351838, 3440.7190000000000509, 0, 3445.6320000000000618, 0, 3440.7190000000000509, 1, 3445.6320000000000618, 0, 3440.7190000000000509, 1, 3445.6320000000000618, 111.50585204214571888, 3440.7190000000000509, 0
3445.6419999999998254, 98.973302615141591332, 3440.7240000000001601, 0, 3445.6419999999998254, 0, 3440.7240000000001601, 1, 3445.6419999999998254, 0, 3440.7240000000001601, 1, 3445.6419999999998254, 117.52635020395588583, 3440.7240000000001601, 0
3445.6520000000000437, 97.387502335031996381, 3440.7289999999998145, 0, 3445.6520000000000437, 0, 3440.7289999999998145, 1, 3445.6520000000000437, 0, 3440.7289999999998145, 1, 3445.6520000000000437, 119.62786989949064775, 3440.7289999999998145, 0
3445.6720000000000255, 95.400580524070250021, 3440.7339999999999236, 0, 3445.6720000000000255, 0, 3440.7339999999999236, 1, 3445.6720000000000255, 0, 3440.7339999999999236, 1, 3445.6720000000000255, 123.89755936616819554, 3440.7339999999999236, 0
3445.6720000000000255, 95.019585399412406446, 3440.7390000000000327, 0, 3445.6720000000000255, 0, 3440.7390000000000327, 1, 3445.6720000000000255, 0, 3440.7390000000000327, 1, 3445.6720000000000255, 122.92702005223151218, 3440.7390000000000327, 0
3445.6909999999998035, 95.796657208292288033, 3440.7449999999998909, 0, 3445.6909999999998035, 301.0522326248204763, 3440.7449999999998909, 1, 3445.6909999999998035, 0, 3440.7449999999998909, 1, 3445.6909999999998035, 113.82853637260888036, 3440.7449999999998909, 0
3445.6920000000000073, 42.029148646829888492, 3440.7480000000000473, 0, 3445.6920000000000073, 278.74441189706550404, 3440.7480000000000473, 1, 3445.6920000000000073, 227.76697798663309413, 3440.7480000000000473, 1, 3445.6920000000000073, 50.991961926842577668, 3440.7480000000000473, 0
3445.7020000000002256, 0.38136843520732360835, 3440.7539999999999054, 0, 3445.7020000000002256, 65.539242225120929675, 3440.7539999999999054, 1, 3445.7020000000002256, 79.341996408957655262, 3440.7539999999999054, 1, 3445.7020000000002256, 25.916846008672230539, 3440.7539999999999054, 0
3445.7109999999997854, 7.413350391869347078, 3440.7590000000000146, 0, 3445.7109999999997854, 22.391119751184376696, 3440.7590000000000146, 1, 3445.7109999999997854, 46.062529065034880205, 3440.7590000000000146, 1, 3445.7109999999997854, 42.877788635582824384, 3440.7590000000000146, 0
3445.7220000000002074, 11.292985252856015066, 3440.7640000000001237, 0, 3445.7220000000002074, 24.420954791670638429, 3440.7640000000001237, 1, 3445.7220000000002074, 28.559010426920998782, 3440.7640000000001237, 1, 3445.7220000000002074, 50.621710527356370335, 3440.7640000000001237, 0
3445.7319999999999709, 23.155714602038315775, 3440.7689999999997781, 0, 3445.7319999999999709, 37.755014573174747738, 3440.7689999999997781, 1, 3445.7319999999999709, 24.345702516199136056, 3440.7689999999997781, 1, 3445.7319999999999709, 51.015522741345307622, 3440.7689999999997781, 0
3445.7420000000001892, 41.082837074872934124, 3440.7739999999998872, 0, 3445.7420000000001892, 45.473331909759053815, 3440.7739999999998872, 1, 3445.7420000000001892, 23.233896662593657823, 3440.7739999999998872, 1, 3445.7420000000001892, 54.212849030335945599, 3440.7739999999998872, 0
3445.762000000000171, 50.840631036746387394, 3440.7789999999999964, 0, 3445.762000000000171, 52.238579462811230769, 3440.7789999999999964, 1, 3445.762000000000171, 24.380390284497366338, 3440.7789999999999964, 1, 3445.762000000000171, 52.12126153829767361, 3440.7789999999999964, 0
3445.762000000000171, 54.260348548716912376, 3440.7849999999998545, 0, 3445.762000000000171, 56.495782199863725737, 3440.7849999999998545, 1, 3445.762000000000171, 26.4136739535819558, 3440.7849999999998545, 1, 3445.762000000000171, 47.710143295350867731, 3440.7849999999998545, 0
3445.7719999999999345, 51.269527712687441579, 3440.7910000000001673, 0, 3445.7719999999999345, 60.417026571425054726, 3440.7910000000001673, 1, 3445.7719999999999345, 33.377917229560864598, 3440.7910000000001673, 1, 3445.7719999999999345, 42.88740644383108247, 3440.7910000000001673, 0
3445.7820000000001528, 0, 3440.7950000000000728, 0, 3445.7820000000001528, 67.964871154468198711, 3440.7950000000000728, 1, 3445.7820000000001528, 69.670294036749595534, 3440.7950000000000728, 1, 3445.7820000000001528, 5.802562545560963743e-99, 3440.7950000000000728, 0
3445.7919999999999163, 0, 3440.7989999999999782, 0, 3445.7919999999999163, 95.073664832557398086, 3440.7989999999999782, 1, 3445.7919999999999163, 78.175414702895210439, 3440.7989999999999782, 1, 3445.7919999999999163, 0, 3440.7989999999999782, 0
3445.8020000000001346, 0, 3440.8049999999998363, 0, 3445.8020000000001346, 112.16397873293169596, 3440.8049999999998363, 1, 3445.8020000000001346, 74.772237396312164037, 3440.8049999999998363, 1, 3445.8020000000001346, 0, 3440.8049999999998363, 0
3445.8119999999998981, 0, 3440.8090000000001965, 1, 3445.8119999999998981, 123.20038478500813994, 3440.8090000000001965, 1, 3445.8119999999998981, 70.035300328690127003, 3440.8090000000001965, 1, 3445.8119999999998981, 0, 3440.8090000000001965, 1
3445.8220000000001164, 0, 3440.8139999999998508, 1, 3445.8220000000001164, 127.99427858051181772, 3440.8139999999998508, 1, 3445.8220000000001164, 66.696922758451705704, 3440.8139999999998508, 1, 3445.8220000000001164, 0, 3440.8139999999998508, 1
3445.8420000000000982, 0, 3440.81899999999996, 1, 3445.8420000000000982, 130.04444240171804381, 3440.81899999999996, 1, 3445.8420000000000982, 65.513002526848481466, 3440.81899999999996, 1, 3445.8420000000000982, 0, 3440.81899999999996, 1
3445.8510000000001128, 0, 3440.8240000000000691, 1, 3445.8510000000001128, 129.5795911489728951, 3440.8240000000000691, 1, 3445.8510000000001128, 66.764991056984626994, 3440.8240000000000691, 1, 3445.8510000000001128, 0, 3440.8240000000000691, 1
3445.8519999999998618, 0, 3440.8290000000001783, 1, 3445.8519999999998618, 128.22295476466837272, 3440.8290000000001783, 1, 3445.8519999999998618, 68.99634710539980631, 3440.8290000000001783, 1, 3445.8519999999998618, 0, 3440.8290000000001783, 1
3445.86200000000008, 0, 3440.8339999999998327, 1, 3445.86200000000008, 127.44974639130586525, 3440.8339999999998327, 1, 3445.86200000000008, 71.195240237163318398, 3440.8339999999998327, 1, 3445.86200000000008, 0, 3440.8339999999998327, 1
3445.8710000000000946, 0, 3440.8400000000001455, 1, 3445.8710000000000946, 124.04663053832879882, 3440.8400000000001455, 1, 3445.8710000000000946, 76.677694781647517175, 3440.8400000000001455, 1, 3445.8710000000000946, 0, 3440.8400000000001455, 1
3445.8820000000000618, 0, 3440.8440000000000509, 1, 3445.8820000000000618, 120.98190663260794508, 3440.8440000000000509, 1, 3445.8820000000000618, 81.722979223385010528, 3440.8440000000000509, 1, 3445.8820000000000618, 0, 3440.8440000000000509, 1
3445.8919999999998254, 0, 3440.8490000000001601, 1, 3445.8919999999998254, 118.50487966412849516, 3440.8490000000001601, 1, 3445.8919999999998254, 85.458079188841779228, 3440.8490000000001601, 1, 3445.8919999999998254, 0, 3440.8490000000001601, 1
3445.9029999999997926, 0, 3440.8550000000000182, 1, 3445.9029999999997926, 116.29411069448548233, 3440.8550000000000182, 1, 3445.9029999999997926, 88.29786009681774317, 3440.8550000000000182, 1, 3445.9029999999997926, 0, 3440.8550000000000182, 1
3445.9130000000000109, 0, 3440.8589999999999236, 1, 3445.9130000000000109, 113.7182362127592512, 3440.8589999999999236, 1, 3445.9130000000000109, 89.654256014689821086, 3440.8589999999999236, 1, 3445.9130000000000109, 0, 3440.8589999999999236, 1
3445.9209999999998217, 0, 3440.8640000000000327, 1, 3445.9209999999998217, 111.57183815517541348, 3440.8640000000000327, 1, 3445.9209999999998217, 91.782033665406970613, 3440.8640000000000327, 1, 3445.9209999999998217, 0, 3440.8640000000000327, 1
3445.931999999999789, 0, 3440.8690000000001419, 1, 3445.931999999999789, 109.4797648633718552, 3440.8690000000001419, 1, 3445.931999999999789, 93.217438830635714453, 3440.8690000000001419, 1, 3445.931999999999789, 0, 3440.8690000000001419, 1
3445.9409999999998035, 0, 3440.8739999999997963, 1, 3445.9409999999998035, 107.85675645851394222, 3440.8739999999997963, 1, 3445.9409999999998035, 95.866484051756089002, 3440.8739999999997963, 1, 3445.9409999999998035, 0, 3440.8739999999997963, 1
3445.9510000000000218, 0, 3440.8789999999999054, 1, 3445.9510000000000218, 105.03021965861138654, 3440.8789999999999054, 1, 3445.9510000000000218, 97.025710414618089317, 3440.8789999999999054, 1, 3445.9510000000000218, 0, 3440.8789999999999054, 1
3445.9609999999997854, 0, 3440.8840000000000146, 1, 3445.9609999999997854, 102.83832528009156704, 3440.8840000000000146, 0, 3445.9609999999997854, 101.05316712317255678, 3440.8840000000000146, 0, 3445.9609999999997854, 0, 3440.8840000000000146, 1
3445.9720000000002074, 0, 3440.8890000000001237, 1, 3445.9720000000002074, 100.42141930550828022, 3440.8890000000001237, 0, 3445.9720000000002074, 105.22968041622058877, 3440.8890000000001237, 0, 3445.9720000000002074, 0, 3440.8890000000001237, 1
3445.9819999999999709, 0, 3440.8939999999997781, 1, 3445.9819999999999709, 97.866433502034638536, 3440.8939999999997781, 0, 3445.9819999999999709, 108.81771215650962858, 3440.8939999999997781, 0, 3445.9819999999999709, 0, 3440.8939999999997781, 1
3445.9940000000001419, 387.38340278686007423, 3440.9000000000000909, 1, 3445.9940000000001419, 66.91800174123608258, 3440.9000000000000909, 0, 3445.9940000000001419, 94.77906853519702679, 3440.9000000000000909, 0, 3445.9940000000001419, 0, 3440.9000000000000909, 1
3446.0019999999999527, 372.14665433205840372, 3440.9039999999999964, 1, 3446.0019999999999527, 10.093155620327422639, 3440.9039999999999964, 0, 3446.0019999999999527, 73.457577837276176069, 3440.9039999999999964, 0, 3446.0019999999999527, 0, 3440.9039999999999964, 1
3446.012000000000171, 285.56491328156278087, 3440.9090000000001055, 1, 3446.012000000000171, 0, 3440.9090000000001055, 0, 3446.012000000000171, 73.476889953263381017, 3440.9090000000001055, 0, 3446.012000000000171, 0, 3440.9090000000001055, 1
3446.0230000000001382, 70.938664123839984654, 3440.9140000000002146, 1, 3446.0230000000001382, 0, 3440.9140000000002146, 0, 3446.0230000000001382, 62.9419098975576361, 3440.9140000000002146, 0, 3446.0230000000001382, 0, 3440.9140000000002146, 1
3446.0320000000001528, 3.1512245349608121181, 3440.9200000000000728, 1, 3446.0320000000001528, 0, 3440.9200000000000728, 0, 3446.0320000000001528, 39.341996728335047351, 3440.9200000000000728, 0, 3446.0320000000001528, 0, 3440.9200000000000728, 1
3446.0419999999999163, 0, 3440.9250000000001819, 1, 3446.0419999999999163, 0, 3440.9250000000001819, 0, 3446.0419999999999163, 25.431042330658673478, 3440.9250000000001819, 0, 3446.0419999999999163, 44.244696228493396006, 3440.9250000000001819, 1
3446.0529999999998836, 0, 3440.9299999999998363, 1, 3446.0529999999998836, 0, 3440.9299999999998363, 0, 3446.0529999999998836, 24.88420609026861996, 3440.9299999999998363, 0, 3446.0529999999998836, 15.877324736100325353, 3440.9299999999998363, 1
3446.0619999999998981, 62.680997837670915374, 3440.9400000000000546, 1, 3446.0619999999998981, 0, 3440.9400000000000546, 0, 3446.0619999999998981, 31.810851170462367321, 3440.9400000000000546, 0, 3446.0619999999998981, 23.033133607031459178, 3440.9400000000000546, 1
3446.0720000000001164, 77.102232369790414168, 3440.9400000000000546, 1, 3446.0720000000001164, 0, 3440.9400000000000546, 0, 3446.0720000000001164, 37.946548750694979901, 3440.9400000000000546, 0, 3446.0720000000001164, 25.559459057755212541, 3440.9400000000000546, 1
3446.0819999999998799, 91.859665260304808498, 3440.9450000000001637, 1, 3446.0819999999998799, 0, 3440.9450000000001637, 0, 3446.0819999999998799, 39.864070606522510332, 3440.9450000000001637, 0, 3446.0819999999998799, 33.186567792287092971, 3440.9450000000001637, 1
3446.1019999999998618, 99.349705595456939022, 3440.9490000000000691, 1, 3446.1019999999998618, 86.88753862366473868, 3440.9490000000000691, 0, 3446.1019999999998618, 51.946934392495414556, 3440.9490000000000691, 0, 3446.1019999999998618, 38.989282329378063707, 3440.9490000000000691, 1
3446.1019999999998618, 39.815675252861524314, 3440.9540000000001783, 1, 3446.1019999999998618, 107.73755902870897216, 3440.9540000000001783, 0, 3446.1019999999998618, 142.61035369542935314, 3440.9540000000001783, 0, 3446.1019999999998618, 95.767159176018765265, 3440.9540000000001783, 1
3446.11200000000008, 47.7798871478852476, 3440.9589999999998327, 1, 3446.11200000000008, 0, 3440.9589999999998327, 0, 3446.11200000000008, 0, 3440.9589999999998327, 0, 3446.11200000000008, 86.781861461092816512, 3440.9589999999998327, 1
3446.1219999999998436, 79.252382195584871738, 3440.9639999999999418, 1, 3446.1219999999998436, 0, 3440.9639999999999418, 0, 3446.1219999999998436, 0, 3440.9639999999999418, 0, 3446.1219999999998436, 77.722939026893641312, 3440.9639999999999418, 1
3446.1329999999998108, 95.492172585978778443, 3440.9690000000000509, 1, 3446.1329999999998108, 0, 3440.9690000000000509, 0, 3446.1329999999998108, 0, 3440.9690000000000509, 0, 3446.1329999999998108, 79.168818162994327281, 3440.9690000000000509, 1
3446.1419999999998254, 104.37832743631859955, 3440.9740000000001601, 1, 3446.1419999999998254, 0, 3440.9740000000001601, 0, 3446.1419999999998254, 0, 3440.9740000000001601, 0, 3446.1419999999998254, 81.242962157840480586, 3440.9740000000001601, 1
3446.1520000000000437, 108.61705600150872897, 3440.9789999999998145, 1, 3446.1520000000000437, 0, 3440.9789999999998145, 0, 3446.1520000000000437, 0, 3440.9789999999998145, 0, 3446.1520000000000437, 83.735339902364998466, 3440.9789999999998145, 1
3446.1619999999998072, 110.67724757148920389, 3440.9839999999999236, 1, 3446.1619999999998072, 0, 3440.9839999999999236, 0, 3446.1619999999998072, 0, 3440.9839999999999236, 0, 3446.1619999999998072, 85.543323388631392845, 3440.9839999999999236, 1
3446.1720000000000255, 110.37967875773159676, 3440.9890000000000327, 1, 3446.1720000000000255, 0, 3440.9890000000000327, 0, 3446.1720000000000255, 0, 3440.9890000000000327, 0, 3446.1720000000000255, 86.105140217378234979, 3440.9890000000000327, 1
3446.1920000000000073, 109.79591302541584241, 3440.9940000000001419, 1, 3446.1920000000000073, 0, 3440.9940000000001419, 0, 3446.1920000000000073, 0, 3440.9940000000001419, 0, 3446.1920000000000073, 90.871437696421310193, 3440.9940000000001419, 1
3446.1920000000000073, 108.62726822073976507, 3440.9989999999997963, 1, 3446.1920000000000073, 0, 3440.9989999999997963, 0, 3446.1920000000000073, 0, 3440.9989999999997963, 0, 3446.1920000000000073, 93.570480042287044853, 3440.9989999999997963, 1
3446.2020000000002256, 106.61792538587940271, 3441.0050000000001091, 1, 3446.2020000000002256, 0, 3441.0050000000001091, 0, 3446.2020000000002256, 0, 3441.0050000000001091, 0, 3446.2020000000002256, 98.86346407113035184, 3441.0050000000001091, 1
3446.2119999999999891, 104.1170794084530371, 3441.0090000000000146, 1, 3446.2119999999999891, 0, 3441.0090000000000146, 0, 3446.2119999999999891, 0, 3441.0090000000000146, 0, 3446.2119999999999891, 101.3225273342482069, 3441.0090000000000146, 1
3446.2220000000002074, 102.82208908258591862, 3441.0149999999998727, 1, 3446.2220000000002074, 0, 3441.0149999999998727, 0, 3446.2220000000002074, 0, 3441.0149999999998727, 0, 3446.2220000000002074, 104.62379015708889085, 3441.0149999999998727, 1
3446.2319999999999709, 101.70012231099806854, 3441.0199999999999818, 1, 3446.2319999999999709, 0, 3441.0199999999999818, 0, 3446.2319999999999709, 0, 3441.0199999999999818, 0, 3446.2319999999999709, 107.08913622529195209, 3441.0199999999999818, 1
3446.2420000000001892, 100.76933578887678777, 3441.0239999999998872, 1, 3446.2420000000001892, 0, 3441.0239999999998872, 0, 3446.2420000000001892, 0, 3441.0239999999998872, 0, 3446.2420000000001892, 108.83017604575050541, 3441.0239999999998872, 1
3446.2519999999999527, 100.22723875425079143, 3441.0289999999999964, 1, 3446.2519999999999527, 0, 3441.0289999999999964, 0, 3446.2519999999999527, 0, 3441.0289999999999964, 0, 3446.2519999999999527, 112.90595831853231346, 3441.0289999999999964, 1
3446.262000000000171, 99.249735153426740908, 3441.0340000000001055, 1, 3446.262000000000171, 0, 3441.0340000000001055, 0, 3446.262000000000171, 0, 3441.0340000000001055, 0, 3446.262000000000171, 114.4183002028369458, 3441.0340000000001055, 1
3446.2809999999999491, 98.435619427743318965, 3441.0410000000001673, 1, 3446.2809999999999491, 0, 3441.0410000000001673, 0, 3446.2809999999999491, 0, 3441.0410000000001673, 0, 3446.2809999999999491, 116.70237554544468139, 3441.0410000000001673, 1
3446.2820000000001528, 97.698728371109780255, 3441.043999999999869, 1, 3446.2820000000001528, 0, 3441.043999999999869, 0, 3446.2820000000001528, 0, 3441.043999999999869, 0, 3446.2820000000001528, 118.90931622922605015, 3441.043999999999869, 1
3446.2919999999999163, 96.23633124885891732, 3441.0489999999999782, 1, 3446.2919999999999163, 0, 3441.0489999999999782, 0, 3446.2919999999999163, 0, 3441.0489999999999782, 0, 3446.2919999999999163, 121.69023152874055427, 3441.0489999999999782, 1
3446.3119999999998981, 95.793112394161937573, 3441.0549999999998363, 1, 3446.3119999999998981, 0, 3441.0549999999998363, 0, 3446.3119999999998981, 0, 3441.0549999999998363, 0, 3446.3119999999998981, 121.5252037469661559, 3441.0549999999998363, 1
3446.3119999999998981, 93.29848335463050546, 3441.0590000000001965, 1, 3446.3119999999998981, 0, 3441.0590000000001965, 0, 3446.3119999999998981, 0, 3441.0590000000001965, 0, 3446.3119999999998981, 127.90980879462438224, 3441.0590000000001965, 1
3446.3220000000001164, 93.596034930339243374, 3441.0639999999998508, 1, 3446.3220000000001164, 0, 3441.0639999999998508, 0, 3446.3220000000001164, 0, 3441.0639999999998508, 0, 3446.3220000000001164, 123.61913455220502556, 3441.0639999999998508, 1
3446.3319999999998799, 95.351962922453935789, 3441.0670000000000073, 1, 3446.3319999999998799, 0, 3441.0670000000000073, 0, 3446.3319999999998799, 64.711087831098765832, 3441.0670000000000073, 0, 3446.3319999999998799, 122.54701043240248737, 3441.0670000000000073, 1
3446.3429999999998472, 78.566362836014164373, 3441.0740000000000691, 1, 3446.3429999999998472, 239.2437255386630568, 3441.0740000000000691, 0, 3446.3429999999998472, 237.79897784968613905, 3441.0740000000000691, 0, 3446.3429999999998472, 45.52421350305682779, 3441.0740000000000691, 1
3446.3519999999998618, 10.870993526795146522, 3441.0790000000001783, 1, 3446.3519999999998618, 95.501120841180039633, 3441.0790000000001783, 0, 3446.3519999999998618, 94.132145916800183727, 3441.0790000000001783, 0, 3446.3519999999998618, 25.523303883271289294, 3441.0790000000001783, 1
3446.36200000000008, 8.7273739474633522661, 3441.0839999999998327, 1, 3446.36200000000008, 28.470029107144554814, 3441.0839999999998327, 0, 3446.36200000000008, 49.87696549532525836, 3441.0839999999998327, 0, 3446.36200000000008, 43.218074499852363601, 3441.0839999999998327, 1
3446.3820000000000618, 15.380352999717349149, 3441.0900000000001455, 1, 3446.3820000000000618, 28.9209011618475067, 3441.0900000000001455, 0, 3446.3820000000000618, 33.712342143761674151, 3441.0900000000001455, 0, 3446.3820000000000618, 47.913093128418196898, 3441.0900000000001455, 1
3446.3820000000000618, 28.739993982587236587, 3441.0940000000000509, 1, 3446.3820000000000618, 37.488321363810300113, 3441.0940000000000509, 0, 3446.3820000000000618, 26.720878640255708802, 3441.0940000000000509, 0, 3446.3820000000000618, 51.600094031236409364, 3441.0940000000000509, 1
3446.3919999999998254, 42.505644692975813825, 3441.0999999999999091, 1, 3446.3919999999998254, 44.920193882800859342, 3441.0999999999999091, 0, 3446.3919999999998254, 25.300995099042133063, 3441.0999999999999091, 0, 3446.3919999999998254, 52.597556996460930634, 3441.0999999999999091, 1
3446.4020000000000437, 50.808056756155522748, 3441.1039999999998145, 1, 3446.4020000000000437, 50.869175384711738275, 3441.1039999999998145, 0, 3446.4020000000000437, 26.055421345715114256, 3441.1039999999998145, 0, 3446.4020000000000437, 51.497088937702116596, 3441.1039999999998145, 1
3446.4119999999998072, 52.689198742662426866, 3441.1100000000001273, 1, 3446.4119999999998072, 56.714008532703324761, 3441.1100000000001273, 0, 3446.4119999999998072, 27.231435025039431252, 3441.1100000000001273, 0, 3446.4119999999998072, 44.732875227444488075, 3441.1100000000001273, 1
3446.4220000000000255, 52.82240369999365015, 3441.1140000000000327, 1, 3446.4220000000000255, 59.190033423731840401, 3441.1140000000000327, 0, 3446.4220000000000255, 34.847431819734879355, 3441.1140000000000327, 0, 3446.4220000000000255, 43.219854801239058872, 3441.1140000000000327, 1
3446.431999999999789, 0, 3441.1199999999998909, 1, 3446.431999999999789, 66.203713927923857341, 3441.1199999999998909, 0, 3446.431999999999789, 66.378964835504859821, 3441.1199999999998909, 0, 3446.431999999999789, 2.0100511154425375498e-98, 3441.1199999999998909, 1
3446.4510000000000218, 0, 3441.1239999999997963, 1, 3446.4510000000000218, 95.945507723138831579, 3441.1239999999997963, 0, 3446.4510000000000218, 76.294817254328378908, 3441.1239999999997963, 0, 3446.4510000000000218, 0, 3441.1239999999997963, 1
3446.4619999999999891, 0, 3441.1289999999999054, 1, 3446.4619999999999891, 114.7012764038604189, 3441.1289999999999054, 0, 3446.4619999999999891, 71.601257211174925033, 3441.1289999999999054, 0, 3446.4619999999999891, 0, 3441.1289999999999054, 1
3446.4619999999999891, 0, 3441.1340000000000146, 1, 3446.4619999999999891, 125.19154661375107196, 3441.1340000000000146, 1, 3446.4619999999999891, 67.245707830391211246, 3441.1340000000000146, 1, 3446.4619999999999891, 0, 3441.1340000000000146, 1
3446.4810000000002219, 0, 3441.1399999999998727, 1, 3446.4810000000002219, 130.72018259769487258, 3441.1399999999998727, 1, 3446.4810000000002219, 63.834896497147191496, 3441.1399999999998727, 1, 3446.4810000000002219, 0, 3441.1399999999998727, 1
3446.4920000000001892, 0, 3441.1439999999997781, 1, 3446.4920000000001892, 132.58124086430007083, 3441.1439999999997781, 1, 3446.4920000000001892, 62.795026933193682339, 3441.1439999999997781, 1, 3446.4920000000001892, 0, 3441.1439999999997781, 1
3446.5019999999999527, 0, 3441.1489999999998872, 1, 3446.5019999999999527, 132.37209505768268514, 3441.1489999999998872, 1, 3446.5019999999999527, 63.670434376917469876, 3441.1489999999998872, 1, 3446.5019999999999527, 0, 3441.1489999999998872, 1
3446.512000000000171, 0, 3441.1539999999999964, 1, 3446.512000000000171, 130.84018339516194374, 3441.1539999999999964, 1, 3446.512000000000171, 66.193183526517373139, 3441.1539999999999964, 1, 3446.512000000000171, 0, 3441.1539999999999964, 1
3446.512000000000171, 0, 3441.1579999999999018, 1, 3446.512000000000171, 128.51127812527533933, 3441.1579999999999018, 1, 3446.512000000000171, 69.928664911558655604, 3441.1579999999999018, 1, 3446.512000000000171, 0, 3441.1579999999999018, 1
3446.5219999999999345, 0, 3441.1640000000002146, 1, 3446.5219999999999345, 125.76120860566024362, 3441.1640000000002146, 1, 3446.5219999999999345, 74.394366318394304471, 3441.1640000000002146, 1, 3446.5219999999999345, 0, 3441.1640000000002146, 1
3446.5419999999999163, 0, 3441.1680000000001201, 1, 3446.5419999999999163, 123.23420026988988241, 3441.1680000000001201, 1, 3446.5419999999999163, 79.044102919477779778, 3441.1680000000001201, 1, 3446.5419999999999163, 0, 3441.1680000000001201, 1
3446.5419999999999163, 0, 3441.1739999999999782, 1, 3446.5419999999999163, 120.56843120610047038, 3441.1739999999999782, 1, 3446.5419999999999163, 82.89538563554646089, 3441.1739999999999782, 1, 3446.5419999999999163, 0, 3441.1739999999999782, 1
3446.5619999999998981, 0, 3441.1790000000000873, 1, 3446.5619999999998981, 118.03959564765753498, 3441.1790000000000873, 1, 3446.5619999999998981, 86.283281224084845462, 3441.1790000000000873, 1, 3446.5619999999998981, 0, 3441.1790000000000873, 1
3446.5619999999998981, 0, 3441.1840000000001965, 1, 3446.5619999999998981, 115.47515453797905138, 3441.1840000000001965, 1, 3446.5619999999998981, 89.414839857844924609, 3441.1840000000001965, 1, 3446.5619999999998981, 0, 3441.1840000000001965, 1
3446.5819999999998799, 0, 3441.1900000000000546, 1, 3446.5819999999998799, 113.46370598440054778, 3441.1900000000000546, 1, 3446.5819999999998799, 91.044491541461724182, 3441.1900000000000546, 1, 3446.5819999999998799, 0, 3441.1900000000000546, 1
3446.5920000000000982, 0, 3441.19399999999996, 1, 3446.5920000000000982, 111.07571726919178445, 3441.19399999999996, 1, 3446.5920000000000982, 93.294738158898354641, 3441.19399999999996, 1, 3446.5920000000000982, 0, 3441.19399999999996, 1
3446.6019999999998618, 0, 3441.1990000000000691, 1, 3446.6019999999998618, 108.90477265294168774, 3441.1990000000000691, 1, 3446.6019999999998618, 95.769556693667681202, 3441.1990000000000691, 1, 3446.6019999999998618, 0, 3441.1990000000000691, 1
3446.6019999999998618, 0, 3441.2029999999999745, 1, 3446.6019999999998618, 106.68261221758547208, 3441.2029999999999745, 1, 3446.6019999999998618, 99.057890348833083749, 3441.2029999999999745, 1, 3446.6019999999998618, 0, 3441.2029999999999745, 1
3446.6219999999998436, 0, 3441.2089999999998327, 0, 3446.6219999999998436, 104.16523283983643466, 3441.2089999999998327, 1, 3446.6219999999998436, 102.03151133073797041, 3441.2089999999998327, 1, 3446.6219999999998436, 0, 3441.2089999999998327, 0
3446.6320000000000618, 0, 3441.2139999999999418, 0, 3446.6320000000000618, 101.79150587942618245, 3441.2139999999999418, 1, 3446.6320000000000618, 105.44096648322670262, 3441.2139999999999418, 1, 3446.6320000000000618, 0, 3441.2139999999999418, 0
3446.6320000000000618, 302.406698053734317, 3441.2199999999997999, 0, 3446.6320000000000618, 99.046221240053853307, 3441.2199999999997999, 1, 3446.6320000000000618, 108.66785890101925816, 3441.2199999999997999, 1, 3446.6320000000000618, 0, 3441.2199999999997999, 0
3446.6419999999998254, 386.8894552062079697, 3441.2240000000001601, 0, 3446.6419999999998254, 53.439741096902729112, 3441.2240000000001601, 1, 3446.6419999999998254, 90.823218047700436273, 3441.2240000000001601, 1, 3446.6419999999998254, 0, 3441.2240000000001601, 0
3446.6619999999998072, 377.84888443644535982, 3441.2300000000000182, 0, 3446.6619999999998072, 5.577056010759489979, 3441.2300000000000182, 1, 3446.6619999999998072, 69.232187835289536793, 3441.2300000000000182, 1, 3446.6619999999998072, 0, 3441.2300000000000182, 0
3446.6720000000000255, 275.26309071832429254, 3441.2339999999999236, 0, 3446.6720000000000255, 0, 3441.2339999999999236, 1, 3446.6720000000000255, 73.597858708548798745, 3441.2339999999999236, 1, 3446.6720000000000255, 0, 3441.2339999999999236, 0
3446.6720000000000255, 61.366734472271147638, 3441.2390000000000327, 0, 3446.6720000000000255, 0, 3441.2390000000000327, 1, 3446.6720000000000255, 65.697635455731415277, 3441.2390000000000327, 1, 3446.6720000000000255, 0, 3441.2390000000000327, 0
3446.681999999999789, 3.2909904038344843791, 3441.2440000000001419, 0, 3446.681999999999789, 0, 3441.2440000000001419, 1, 3446.681999999999789, 39.79494191784174717, 3441.2440000000001419, 1, 3446.681999999999789, 0, 3441.2440000000001419, 0
3446.7020000000002256, 0, 3441.2489999999997963, 0, 3446.7020000000002256, 0, 3441.2489999999997963, 1, 3446.7020000000002256, 24.220626290098678624, 3441.2489999999997963, 1, 3446.7020000000002256, 57.583341248181071137, 3441.2489999999997963, 0
3446.7119999999999891, 0, 3441.2550000000001091, 0, 3446.7119999999999891, 0, 3441.2550000000001091, 1, 3446.7119999999999891, 23.488469458095167397, 3441.2550000000001091, 1, 3446.7119999999999891, 16.374527306126598347, 3441.2550000000001091, 0
3446.7119999999999891, 0, 3441.2600000000002183, 0, 3446.7119999999999891, 0, 3441.2600000000002183, 1, 3446.7119999999999891, 27.139396671379955706, 3441.2600000000002183, 1, 3446.7119999999999891, 20.306363146706647882, 3441.2600000000002183, 0
3446.7220000000002074, 94.494509156870648781, 3441.2649999999998727, 0, 3446.7220000000002074, 0, 3441.2649999999998727, 1, 3446.7220000000002074, 33.66231461715849349, 3441.2649999999998727, 1, 3446.7220000000002074, 32.218517181178981446, 3441.2649999999998727, 0
3446.7319999999999709, 99.170777904710419648, 3441.2699999999999818, 0, 3446.7319999999999709, 0, 3441.2699999999999818, 1, 3446.7319999999999709, 37.875800575705383721, 3441.2699999999999818, 1, 3446.7319999999999709, 38.626095355868109493, 3441.2699999999999818, 0
3446.7420000000001892, 103.29170982270730406, 3441.2739999999998872, 0, 3446.7420000000001892, 98.526908692041757831, 3441.2739999999998872, 1, 3446.7420000000001892, 61.762981481472209566, 3441.2739999999998872, 1, 3446.7420000000001892, 46.011838157238443614, 3441.2739999999998872, 0
3446.7519999999999527, 35.733069603544635129, 3441.2800000000002001, 0, 3446.7519999999999527, 94.672116212184178607, 3441.2800000000002001, 1, 3446.7519999999999527, 135.30164828390672938, 3441.2800000000002001, 1, 3446.7519999999999527, 95.691788446662641832, 3441.2800000000002001, 0
3446.762000000000171, 42.752514566152157727, 3441.2840000000001055, 0, 3446.762000000000171, 0, 3441.2840000000001055, 1, 3446.762000000000171, 0, 3441.2840000000001055, 1, 3446.762000000000171, 82.983507947078777534, 3441.2840000000001055, 0
3446.7710000000001855, 78.403594939770059113, 3441.2890000000002146, 0, 3446.7710000000001855, 0, 3441.2890000000002146, 1, 3446.7710000000001855, 0, 3441.2890000000002146, 1, 3446.7710000000001855, 77.163592582512478657, 3441.2890000000002146, 0
3446.7919999999999163, 95.603552263638903241, 3441.293999999999869, 0, 3446.7919999999999163, 0, 3441.293999999999869, 1, 3446.7919999999999163, 0, 3441.293999999999869, 1, 3446.7919999999999163, 78.570810148616573088, 3441.293999999999869, 0
3446.7919999999999163, 104.54686026076134908, 3441.2989999999999782, 0, 3446.7919999999999163, 0, 3441.2989999999999782, 1, 3446.7919999999999163, 0, 3441.2989999999999782, 1, 3446.7919999999999163, 80.795342539544122928, 3441.2989999999999782, 0
3446.8020000000001346, 108.75788464494016239, 3441.3049999999998363, 0, 3446.8020000000001346, 0, 3441.3049999999998363, 1, 3446.8020000000001346, 0, 3441.3049999999998363, 1, 3446.8020000000001346, 81.912630844934994911, 3441.3049999999998363, 0
3446.8119999999998981, 111.38783655907775483, 3441.3090000000001965, 0, 3446.8119999999998981, 0, 3441.3090000000001965, 1, 3446.8119999999998981, 0, 3441.3090000000001965, 1, 3446.8119999999998981, 83.889010968607195196, 3441.3090000000001965, 0
3446.8220000000001164, 110.90767081901786639, 3441.3139999999998508, 0, 3446.8220000000001164, 0, 3441.3139999999998508, 1, 3446.8220000000001164, 0, 3441.3139999999998508, 1, 3446.8220000000001164, 87.099344394670410452, 3441.3139999999998508, 0
3446.8319999999998799, 110.45989568444535678, 3441.3200000000001637, 0, 3446.8319999999998799, 0, 3441.3200000000001637, 1, 3446.8319999999998799, 0, 3441.3200000000001637, 1, 3446.8319999999998799, 90.058548078076341881, 3441.3200000000001637, 0
3446.8420000000000982, 109.17390215665801634, 3441.3240000000000691, 0, 3446.8420000000000982, 0, 3441.3240000000000691, 1, 3446.8420000000000982, 0, 3441.3240000000000691, 1, 3446.8420000000000982, 96.103921948488391536, 3441.3240000000000691, 0
3446.862999999999829, 106.65270598955875414, 3441.3299999999999272, 0, 3446.862999999999829, 0, 3441.3299999999999272, 1, 3446.862999999999829, 0, 3441.3299999999999272, 1, 3446.862999999999829, 99.310305981174877843, 3441.3299999999999272, 0
3446.862999999999829, 105.53361345208554667, 3441.3339999999998327, 0, 3446.862999999999829, 0, 3441.3339999999998327, 1, 3446.862999999999829, 0, 3441.3339999999998327, 1, 3446.862999999999829, 106.16416393731964263, 3441.3339999999998327, 0
3446.8719999999998436, 103.52285542347948422, 3441.3400000000001455, 0, 3446.8719999999998436, 0, 3441.3400000000001455, 1, 3446.8719999999998436, 0, 3441.3400000000001455, 1, 3446.8719999999998436, 108.4101985501954033, 3441.3400000000001455, 0
3446.8820000000000618, 102.09425886865153643, 3441.3440000000000509, 0, 3446.8820000000000618, 0, 3441.3440000000000509, 1, 3446.8820000000000618, 0, 3441.3440000000000509, 1, 3446.8820000000000618, 110.2812343880745658, 3441.3440000000000509, 0
3446.8910000000000764, 101.29815529880059444, 3441.3499999999999091, 0, 3446.8910000000000764, 0, 3441.3499999999999091, 1, 3446.8910000000000764, 0, 3441.3499999999999091, 1, 3446.8910000000000764, 112.09207603760589222, 3441.3499999999999091, 0
3446.9020000000000437, 100.64095991583613454, 3441.3530000000000655, 0, 3446.9020000000000437, 0, 3441.3530000000000655, 1, 3446.9020000000000437, 0, 3441.3530000000000655, 1, 3446.9020000000000437, 113.18957449534067905, 3441.3530000000000655, 0
3446.9119999999998072, 99.667981914257410381, 3441.3589999999999236, 0, 3446.9119999999998072, 0, 3441.3589999999999236, 1, 3446.9119999999998072, 0, 3441.3589999999999236, 1, 3446.9119999999998072, 108.09818673722800497, 3441.3589999999999236, 0
3446.9220000000000255, 97.655134715689314362, 3441.3640000000000327, 0, 3446.9220000000000255, 0, 3441.3640000000000327, 1, 3446.9220000000000255, 0, 3441.3640000000000327, 1, 3446.9220000000000255, 111.30216753619549763, 3441.3640000000000327, 0
3446.931999999999789, 96.763217739444897347, 3441.3690000000001419, 0, 3446.931999999999789, 0, 3441.3690000000001419, 1, 3446.931999999999789, 0, 3441.3690000000001419, 1, 3446.931999999999789, 112.95053061824118856, 3441.3690000000001419, 0
3446.9420000000000073, 95.871895357023063866, 3441.3739999999997963, 0, 3446.9420000000000073, 0, 3441.3739999999997963, 1, 3446.9420000000000073, 0, 3441.3739999999997963, 1, 3446.9420000000000073, 116.12110742307052647, 3441.3739999999997963, 0
3446.9619999999999891, 93.790186868114943763, 3441.3800000000001091, 0, 3446.9619999999999891, 0, 3441.3800000000001091, 1, 3446.9619999999999891, 0, 3441.3800000000001091, 1, 3446.9619999999999891, 115.68533939246196951, 3441.3800000000001091, 0
3446.9619999999999891, 93.608342243154339712, 3441.3840000000000146, 0, 3446.9619999999999891, 0, 3441.3840000000000146, 1, 3446.9619999999999891, 0, 3441.3840000000000146, 1, 3446.9619999999999891, 118.33489404602094908, 3441.3840000000000146, 0
3446.9720000000002074, 92.873406053865210197, 3441.3890000000001237, 0, 3446.9720000000002074, 0, 3441.3890000000001237, 1, 3446.9720000000002074, 0, 3441.3890000000001237, 1, 3446.9720000000002074, 118.56147179166316619, 3441.3890000000001237, 0
3446.9819999999999709, 94.521890390411940075, 3441.3930000000000291, 0, 3446.9819999999999709, 0, 3441.3930000000000291, 1, 3446.9819999999999709, 292.67226757751342348, 3441.3930000000000291, 1, 3446.9819999999999709, 118.42170148507152305, 3441.3930000000000291, 0
3446.9929999999999382, 65.948511122537411211, 3441.3989999999998872, 0, 3446.9929999999999382, 254.15357063652029979, 3441.3989999999998872, 1, 3446.9929999999999382, 230.05596990033885163, 3441.3989999999998872, 1, 3446.9929999999999382, 33.843942959870190634, 3441.3989999999998872, 0
3447.0050000000001091, 5.3825080655992323386, 3441.4039999999999964, 0, 3447.0050000000001091, 80.58861972081535896, 3441.4039999999999964, 1, 3447.0050000000001091, 80.725702490484991358, 3441.4039999999999964, 1, 3447.0050000000001091, 21.996999608543461591, 3441.4039999999999964, 0
3447.0219999999999345, 0, 3441.4090000000001055, 0, 3447.0219999999999345, 27.854665633491752175, 3441.4090000000001055, 1, 3447.0219999999999345, 54.565227127504755344, 3441.4090000000001055, 1, 3447.0219999999999345, 42.178573979221127388, 3441.4090000000001055, 0
3447.0320000000001528, 0, 3441.4140000000002146, 0, 3447.0320000000001528, 23.412790039222208804, 3441.4140000000002146, 1, 3447.0320000000001528, 39.011172631867012228, 3441.4140000000002146, 1, 3447.0320000000001528, 39.039090085250030882, 3441.4140000000002146, 0
3447.0320000000001528, 45.990335484346019257, 3441.418999999999869, 0, 3447.0320000000001528, 32.243872298244014019, 3441.418999999999869, 1, 3447.0320000000001528, 34.027837606703826623, 3441.418999999999869, 1, 3447.0320000000001528, 39.070819733613625147, 3441.418999999999869, 0
3447.0529999999998836, 54.24237140744839536, 3441.4239999999999782, 0, 3447.0529999999998836, 57.733282185823426857, 3441.4239999999999782, 1, 3447.0529999999998836, 34.620279453539183123, 3441.4239999999999782, 1, 3447.0529999999998836, 39.894837393802305314, 3441.4239999999999782, 0
3447.0529999999998836, 58.688363850491491291, 3441.4279999999998836, 0, 3447.0529999999998836, 69.81282146999497229, 3441.4279999999998836, 1, 3447.0529999999998836, 34.081578147112793431, 3441.4279999999998836, 1, 3447.0529999999998836, 31.152318656284318621, 3441.4279999999998836, 0
3447.0729999999998654, 58.817023980725146259, 3441.4340000000001965, 0, 3447.0729999999998654, 75.028358918840723391, 3441.4340000000001965, 1, 3447.0729999999998654, 33.85636449953663174, 3441.4340000000001965, 1, 3447.0729999999998654, 25.56062786338699766, 3441.4340000000001965, 0
3447.0729999999998654, 34.813971010676063145, 3441.4389999999998508, 0, 3447.0729999999998654, 80.749967771165302111, 3441.4389999999998508, 1, 3447.0729999999998654, 39.116715421971136379, 3441.4389999999998508, 1, 3447.0729999999998654, 7.4617336917460459489, 3441.4389999999998508, 0
3447.0819999999998799, 3.8743229706124093781, 3441.44399999999996, 0, 3447.0819999999998799, 91.855343848429697573, 3441.44399999999996, 1, 3447.0819999999998799, 69.740877397205579769, 3441.44399999999996, 1, 3447.0819999999998799, 0, 3441.44399999999996, 0
3447.0920000000000982, 0, 3441.4499999999998181, 0, 3447.0920000000000982, 108.53861269981703686, 3441.4499999999998181, 1, 3447.0920000000000982, 80.116259018871588182, 3441.4499999999998181, 1, 3447.0920000000000982, 0, 3441.4499999999998181, 0
3447.11200000000008, 0, 3441.4540000000001783, 0, 3447.11200000000008, 113.70214008063301492, 3441.4540000000001783, 1, 3447.11200000000008, 70.301371672824316761, 3441.4540000000001783, 1, 3447.11200000000008, 0, 3441.4540000000001783, 0
3447.1230000000000473, 0, 3441.4589999999998327, 0, 3447.1230000000000473, 104.95404477443375413, 3441.4589999999998327, 1, 3447.1230000000000473, 54.194112143414770344, 3441.4589999999998327, 1, 3447.1230000000000473, 0, 3441.4589999999998327, 0
3447.1320000000000618, 0, 3441.4639999999999418, 1, 3447.1320000000000618, 119.26760697039952674, 3441.4639999999999418, 1, 3447.1320000000000618, 93.720434868321120803, 3441.4639999999999418, 1, 3447.1320000000000618, 0, 3441.4639999999999418, 1
3447.1419999999998254, 0, 3441.4690000000000509, 1, 3447.1419999999998254, 131.06605660527671375, 3441.4690000000000509, 1, 3447.1419999999998254, 95.042566232155536454, 3441.4690000000000509, 1, 3447.1419999999998254, 0, 3441.4690000000000509, 1
3447.1419999999998254, 0, 3441.4740000000001601, 1, 3447.1419999999998254, 135.7367006307197812, 3441.4740000000001601, 1, 3447.1419999999998254, 82.523847459899641876, 3441.4740000000001601, 1, 3447.1419999999998254, 0, 3441.4740000000001601, 1
3447.1610000000000582, 0, 3441.4800000000000182, 1, 3447.1610000000000582, 137.76135798632844853, 3441.4800000000000182, 1, 3447.1610000000000582, 70.559118713169439729, 3441.4800000000000182, 1, 3447.1610000000000582, 0, 3441.4800000000000182, 1
3447.1610000000000582, 0, 3441.4839999999999236, 1, 3447.1610000000000582, 137.01214602382145813, 3441.4839999999999236, 1, 3447.1610000000000582, 65.07948167234793857, 3441.4839999999999236, 1, 3447.1610000000000582, 0, 3441.4839999999999236, 1
3447.1720000000000255, 0, 3441.4890000000000327, 1, 3447.1720000000000255, 134.9457682356649002, 3441.4890000000000327, 1, 3447.1720000000000255, 64.354341470996118346, 3441.4890000000000327, 1, 3447.1720000000000255, 0, 3441.4890000000000327, 1
3447.181999999999789, 0, 3441.4969999999998436, 1, 3447.181999999999789, 133.36511609809338097, 3441.4969999999998436, 1, 3447.181999999999789, 65.192004558390181046, 3441.4969999999998436, 1, 3447.181999999999789, 0, 3441.4969999999998436, 1
3447.2020000000002256, 0, 3441.4989999999997963, 1, 3447.2020000000002256, 131.68762647494438056, 3441.4989999999997963, 1, 3447.2020000000002256, 66.090049185631869477, 3441.4989999999997963, 1, 3447.2020000000002256, 0, 3441.4989999999997963, 1
3447.2020000000002256, 0, 3441.5039999999999054, 1, 3447.2020000000002256, 130.93315407147213136, 3441.5039999999999054, 1, 3447.2020000000002256, 69.723386247534079985, 3441.5039999999999054, 1, 3447.2020000000002256, 0, 3441.5039999999999054, 1
3447.2220000000002074, 0, 3441.5090000000000146, 1, 3447.2220000000002074, 136.05713316637675803, 3441.5090000000000146, 1, 3447.2220000000002074, 71.227962514377765046, 3441.5090000000000146, 1, 3447.2220000000002074, 0, 3441.5090000000000146, 1
3447.2220000000002074, 0, 3441.5149999999998727, 1, 3447.2220000000002074, 135.56572306648467929, 3441.5149999999998727, 1, 3447.2220000000002074, 68.114747697452216357, 3441.5149999999998727, 1, 3447.2220000000002074, 0, 3441.5149999999998727, 1
3447.2409999999999854, 0, 3441.5189999999997781, 1, 3447.2409999999999854, 134.67617494835479874, 3441.5189999999997781, 1, 3447.2409999999999854, 64.571318291767127562, 3441.5189999999997781, 1, 3447.2409999999999854, 0, 3441.5189999999997781, 1
3447.2420000000001892, 0, 3441.5239999999998872, 1, 3447.2420000000001892, 133.11931436485539848, 3441.5239999999998872, 1, 3447.2420000000001892, 62.52938717843474592, 3441.5239999999998872, 1, 3447.2420000000001892, 0, 3441.5239999999998872, 1
3447.262000000000171, 0, 3441.5289999999999964, 1, 3447.262000000000171, 130.77842872970333588, 3441.5289999999999964, 1, 3447.262000000000171, 62.269094026874370229, 3441.5289999999999964, 1, 3447.262000000000171, 0, 3441.5289999999999964, 1
3447.262000000000171, 0, 3441.5340000000001055, 1, 3447.262000000000171, 128.17350844028510437, 3441.5340000000001055, 1, 3447.262000000000171, 62.832201365692903039, 3441.5340000000001055, 1, 3447.262000000000171, 0, 3441.5340000000001055, 1
3447.2719999999999345, 0, 3441.5390000000002146, 1, 3447.2719999999999345, 125.30040001355979484, 3441.5390000000002146, 0, 3447.2719999999999345, 64.514500774488197976, 3441.5390000000002146, 0, 3447.2719999999999345, 0, 3441.5390000000002146, 1
3447.2820000000001528, 0, 3441.5430000000001201, 1, 3447.2820000000001528, 123.19520501120796041, 3441.5430000000001201, 0, 3447.2820000000001528, 65.650774380869378888, 3441.5430000000001201, 0, 3447.2820000000001528, 0, 3441.5430000000001201, 1
3447.2919999999999163, 401.42792761930934375, 3441.5489999999999782, 1, 3447.2919999999999163, 99.326265359632458285, 3441.5489999999999782, 0, 3447.2919999999999163, 57.684644848280825613, 3441.5489999999999782, 0, 3447.2919999999999163, 0, 3441.5489999999999782, 1
3447.3020000000001346, 389.02062373148635288, 3441.5540000000000873, 1, 3447.3020000000001346, 14.825619810543608779, 3441.5540000000000873, 0, 3447.3020000000001346, 40.586199414526880958, 3441.5540000000000873, 0, 3447.3020000000001346, 0, 3441.5540000000000873, 1
3447.3220000000001164, 259.91562367334745431, 3441.5599999999999454, 1, 3447.3220000000001164, 1.1542014190584151123, 3441.5599999999999454, 0, 3447.3220000000001164, 83.025077094194188021, 3441.5599999999999454, 0, 3447.3220000000001164, 0, 3441.5599999999999454, 1
3447.3319999999998799, 189.03495668418264586, 3441.5639999999998508, 1, 3447.3319999999998799, 0, 3441.5639999999998508, 0, 3447.3319999999998799, 68.921626505909856064, 3441.5639999999998508, 0, 3447.3319999999998799, 0, 3441.5639999999998508, 1
3447.3319999999998799, 64.913627676964196667, 3441.56899999999996, 1, 3447.3319999999998799, 0, 3441.56899999999996, 0, 3447.3319999999998799, 53.82511464530585954, 3441.56899999999996, 0, 3447.3319999999998799, 0, 3441.56899999999996, 1
3447.3420000000000982, 41.944860072250435223, 3441.5749999999998181, 1, 3447.3420000000000982, 0, 3441.5749999999998181, 0, 3447.3420000000000982, 39.685817425722689222, 3441.5749999999998181, 0, 3447.3420000000000982, 0, 3441.5749999999998181, 1
3447.3519999999998618, 49.470527938045790961, 3441.5779999999999745, 1, 3447.3519999999998618, 0, 3441.5779999999999745, 0, 3447.3519999999998618, 37.752278118611371838, 3441.5779999999999745, 0, 3447.3519999999998618, 0, 3441.5779999999999745, 1
3447.3609999999998763, 66.21489559135234515, 3441.5839999999998327, 1, 3447.3609999999998763, 0, 3441.5839999999998327, 0, 3447.3609999999998763, 34.154207652260225814, 3441.5839999999998327, 0, 3447.3609999999998763, 0, 3441.5839999999998327, 1
3447.3719999999998436, 84.612966269748483228, 3441.5889999999999418, 1, 3447.3719999999998436, 0, 3441.5889999999999418, 0, 3447.3719999999998436, 36.359671744970235352, 3441.5889999999999418, 0, 3447.3719999999998436, 0, 3441.5889999999999418, 1
3447.3829999999998108, 100.32295979746392334, 3441.5949999999997999, 1, 3447.3829999999998108, 0, 3441.5949999999997999, 0, 3447.3829999999998108, 37.743893647207642061, 3441.5949999999997999, 0, 3447.3829999999998108, 0, 3441.5949999999997999, 1
3447.3910000000000764, 112.36715775153241736, 3441.5990000000001601, 1, 3447.3910000000000764, 0, 3441.5990000000001601, 0, 3447.3910000000000764, 31.822419164623543253, 3441.5990000000001601, 0, 3447.3910000000000764, 0, 3441.5990000000001601, 1
3447.4020000000000437, 109.65961319329012724, 3441.6039999999998145, 1, 3447.4020000000000437, 0, 3441.6039999999998145, 0, 3447.4020000000000437, 16.481175048125493277, 3441.6039999999998145, 0, 3447.4020000000000437, 0, 3441.6039999999998145, 1
3447.4119999999998072, 98.994835191619728221, 3441.6089999999999236, 1, 3447.4119999999998072, 0, 3441.6089999999999236, 0, 3447.4119999999998072, 135.99291207356054656, 3441.6089999999999236, 0, 3447.4119999999998072, 0, 3441.6089999999999236, 1
3447.4220000000000255, 128.19671840265510809, 3441.6140000000000327, 1, 3447.4220000000000255, 0, 3441.6140000000000327, 0, 3447.4220000000000255, 59.716217022087889177, 3441.6140000000000327, 0, 3447.4220000000000255, 0, 3441.6140000000000327, 1
3447.431999999999789, 134.63418495790020302, 3441.6190000000001419, 1, 3447.431999999999789, 111.77227038999835429, 3441.6190000000001419, 0, 3447.431999999999789, 49.849993426549183084, 3441.6190000000001419, 0, 3447.431999999999789, 44.890012111053060551, 3441.6190000000001419, 1
3447.4420000000000073, 108.49609714247348791, 3441.625, 1, 3447.4420000000000073, 102.0120504934926231, 3441.625, 0, 3447.4420000000000073, 33.966888739130311592, 3441.625, 0, 3447.4420000000000073, 9.2710225319606358596, 3441.625, 1
3447.4520000000002256, 87.151755319411279288, 3441.6300000000001091, 1, 3447.4520000000002256, 85.933450319537513451, 3441.6300000000001091, 0, 3447.4520000000002256, 30.073675925956372623, 3441.6300000000001091, 0, 3447.4520000000002256, 16.357006034047774534, 3441.6300000000001091, 1
3447.4619999999999891, 77.172358798089746301, 3441.6340000000000146, 1, 3447.4619999999999891, 81.002201123586942799, 3441.6340000000000146, 0, 3447.4619999999999891, 26.956724032623345266, 3441.6340000000000146, 0, 3447.4619999999999891, 20.428057128532632447, 3441.6340000000000146, 1
3447.4720000000002074, 70.665730554916535766, 3441.6390000000001237, 1, 3447.4720000000002074, 80.362581789605570748, 3441.6390000000001237, 0, 3447.4720000000002074, 25.534471803108065302, 3441.6390000000001237, 0, 3447.4720000000002074, 24.120017751566663833, 3441.6390000000001237, 1
3447.4819999999999709, 65.779241933931501762, 3441.6439999999997781, 1, 3447.4819999999999709, 81.149745714394654783, 3441.6439999999997781, 0, 3447.4819999999999709, 24.860663600899204795, 3441.6439999999997781, 0, 3447.4819999999999709, 27.471985683049030769, 3441.6439999999997781, 1
3447.4909999999999854, 62.369084863741662161, 3441.6500000000000909, 1, 3447.4909999999999854, 82.359447252192083511, 3441.6500000000000909, 0, 3447.4909999999999854, 25.409075248604718666, 3441.6500000000000909, 0, 3447.4909999999999854, 30.652793592120421096, 3441.6500000000000909, 1
3447.5010000000002037, 58.980142982084387882, 3441.6539999999999964, 1, 3447.5010000000002037, 83.321814872163741938, 3441.6539999999999964, 0, 3447.5010000000002037, 25.389908990691509416, 3441.6539999999999964, 0, 3447.5010000000002037, 33.40618825460519048, 3441.6539999999999964, 1
3447.51299999999992, 55.929310811022020289, 3441.6599999999998545, 1, 3447.51299999999992, 84.029698709451693617, 3441.6599999999998545, 0, 3447.51299999999992, 25.606172683341291929, 3441.6599999999998545, 0, 3447.51299999999992, 35.975737513349827168, 3441.6599999999998545, 1
3447.5230000000001382, 53.332733095132780932, 3441.6649999999999636, 1, 3447.5230000000001382, 84.392519998406910986, 3441.6649999999999636, 0, 3447.5230000000001382, 26.02390073602688858, 3441.6649999999999636, 0, 3447.5230000000001382, 38.230658140195572514, 3441.6649999999999636, 1
3447.5430000000001201, 51.156342528607297027, 3441.6700000000000728, 1, 3447.5430000000001201, 84.518834703220591109, 3441.6700000000000728, 0, 3447.5430000000001201, 26.496842519083656953, 3441.6700000000000728, 0, 3447.5430000000001201, 40.057659319128319453, 3441.6700000000000728, 1
3447.5529999999998836, 49.42048473567786715, 3441.6739999999999782, 1, 3447.5529999999998836, 84.258628104617173449, 3441.6739999999999782, 0, 3447.5529999999998836, 27.093198917355742594, 3441.6739999999999782, 0, 3447.5529999999998836, 41.689551398996563591, 3441.6739999999999782, 1
3447.5630000000001019, 47.820252766968522451, 3441.6790000000000873, 1, 3447.5630000000001019, 83.563764962432458105, 3441.6790000000000873, 0, 3447.5630000000001019, 28.088037900129297242, 3441.6790000000000873, 0, 3447.5630000000001019, 43.435957454957964785, 3441.6790000000000873, 1
3447.5630000000001019, 46.406840653282920073, 3441.6840000000001965, 1, 3447.5630000000001019, 82.562672649047044615, 3441.6840000000001965, 0, 3447.5630000000001019, 29.399068637396048587, 3441.6840000000001965, 0, 3447.5630000000001019, 44.981446920264566813, 3441.6840000000001965, 1
3447.5729999999998654, 45.258688675647839261, 3441.6920000000000073, 1, 3447.5729999999998654, 81.38796021279834747, 3441.6920000000000073, 0, 3447.5729999999998654, 30.812810383798996838, 3441.6920000000000073, 0, 3447.5729999999998654, 46.202141030513686815, 3441.6920000000000073, 1
3447.5830000000000837, 44.375953447006722286, 3441.69399999999996, 1, 3447.5830000000000837, 80.153407125127245081, 3441.69399999999996, 0, 3447.5830000000000837, 32.211870601786067425, 3441.69399999999996, 0, 3447.5830000000000837, 47.142996367206791319, 3441.69399999999996, 1
3447.6030000000000655, 43.767611795283698939, 3441.6990000000000691, 1, 3447.6030000000000655, 78.793800223422778117, 3441.6990000000000691, 0, 3447.6030000000000655, 33.728078662005302135, 3441.6990000000000691, 0, 3447.6030000000000655, 47.817195172842957618, 3441.6990000000000691, 1
3447.612999999999829, 43.404366061556089562, 3441.7049999999999272, 1, 3447.612999999999829, 77.387963906300214489, 3441.7049999999999272, 0, 3447.612999999999829, 35.249588048429217224, 3441.7049999999999272, 0, 3447.612999999999829, 48.257975530182164903, 3441.7049999999999272, 1
3447.612999999999829, 43.264572586530846365, 3441.7100000000000364, 1, 3447.612999999999829, 75.961256008265849005, 3441.7100000000000364, 0, 3447.612999999999829, 36.751970701501484484, 3441.7100000000000364, 0, 3447.612999999999829, 48.491166113357579093, 3441.7100000000000364, 1
3447.6230000000000473, 43.325110659255486212, 3441.7150000000001455, 1, 3447.6230000000000473, 74.535529243585230574, 3441.7150000000001455, 0, 3447.6230000000000473, 38.214677141109241632, 3441.7150000000001455, 0, 3447.6230000000000473, 48.540968048536868196, 3441.7150000000001455, 1
3447.6439999999997781, 43.622090601506577912, 3441.7210000000000036, 1, 3447.6439999999997781, 73.157964858725691215, 3441.7210000000000036, 0, 3447.6439999999997781, 39.529821141045289323, 3441.7210000000000036, 0, 3447.6439999999997781, 48.463915139624297979, 3441.7210000000000036, 1
3447.6439999999997781, 44.014239091352337141, 3441.7240000000001601, 1, 3447.6439999999997781, 71.791444908084116605, 3441.7240000000001601, 0, 3447.6439999999997781, 40.868289838379155299, 3441.7240000000001601, 0, 3447.6439999999997781, 48.217951305922795768, 3441.7240000000001601, 1
3447.6630000000000109, 44.536652136660663359, 3441.7289999999998145, 1, 3447.6630000000000109, 70.47462215570199362, 3441.7289999999998145, 0, 3447.6630000000000109, 42.125692888305550809, 3441.7289999999998145, 0, 3447.6630000000000109, 47.853081017924658624, 3441.7289999999998145, 1
3447.6729999999997744, 43.977168001559768129, 3441.7339999999999236, 1, 3447.6729999999997744, 68.813437854712134367, 3441.7339999999999236, 0, 3447.6729999999997744, 42.952469763796784719, 3441.7339999999999236, 0, 3447.6729999999997744, 47.241985898228790575, 3441.7339999999999236, 1
3447.6829999999999927, 45.96967044426131821, 3441.7390000000000327, 1, 3447.6829999999999927, 68.03753322286928551, 3441.7390000000000327, 0, 3447.6829999999999927, 44.288576106655177966, 3441.7390000000000327, 0, 3447.6829999999999927, 46.871539728279444148, 3441.7390000000000327, 1
3447.6840000000001965, 46.756498949189790437, 3441.7449999999998909, 1, 3447.6840000000001965, 66.88007936524790864, 3441.7449999999998909, 0, 3447.6840000000001965, 45.311329752144203553, 3441.7449999999998909, 0, 3447.6840000000001965, 46.23010209799623027, 3441.7449999999998909, 1
3447.7029999999999745, 47.592860765332510198, 3441.7489999999997963, 1, 3447.7029999999999745, 65.861479892420845772, 3441.7489999999997963, 0, 3447.7029999999999745, 46.185929978474874247, 3441.7489999999997963, 0, 3447.7029999999999745, 45.570544190454342015, 3441.7489999999997963, 1
3447.7130000000001928, 47.150643122302803079, 3441.7539999999999054, 1, 3447.7130000000001928, 64.581948856164217432, 3441.7539999999999054, 0, 3447.7130000000001928, 46.667145999868374417, 3441.7539999999999054, 0, 3447.7130000000001928, 44.72827242481008625, 3441.7539999999999054, 1
3447.7229999999999563, 48.035126537013994152, 3441.7600000000002183, 1, 3447.7229999999999563, 63.743546546188071034, 3441.7600000000002183, 0, 3447.7229999999999563, 47.347479150640680245, 3441.7600000000002183, 0, 3447.7229999999999563, 44.014649801073773006, 3441.7600000000002183, 1
3447.7229999999999563, 48.92574362786891129, 3441.7640000000001237, 1, 3447.7229999999999563, 62.99638544221701153, 3441.7640000000001237, 0, 3447.7229999999999563, 47.932042259156965258, 3441.7640000000001237, 0, 3447.7229999999999563, 43.292480177152270926, 3441.7640000000001237, 1
3447.7330000000001746, 49.810000702537564621, 3441.7689999999997781, 1, 3447.7330000000001746, 62.339796501444752153, 3441.7689999999997781, 0, 3447.7330000000001746, 48.424507843456019884, 3441.7689999999997781, 0, 3447.7330000000001746, 42.572305270468532967, 3441.7689999999997781, 1
3447.7530000000001564, 52.109416315614197401, 3441.7730000000001382, 1, 3447.7530000000001564, 62.112024157291266135, 3441.7730000000001382, 0, 3447.7530000000001564, 48.999360711484953868, 3441.7730000000001382, 0, 3447.7530000000001564, 42.060473570548779776, 3441.7730000000001382, 1
3447.76299999999992, 52.943271007133937189, 3441.7800000000002001, 1, 3447.76299999999992, 61.622498914729220587, 3441.7800000000002001, 0, 3447.76299999999992, 49.323069758357320325, 3441.7800000000002001, 0, 3447.76299999999992, 41.367358573012197098, 3441.7800000000002001, 1
3447.76299999999992, 53.740862239664558331, 3441.7840000000001055, 1, 3447.76299999999992, 61.215191232806702715, 3441.7840000000001055, 0, 3447.76299999999992, 49.569925777512374054, 3441.7840000000001055, 0, 3447.76299999999992, 40.699990515954468151, 3441.7840000000001055, 1
3447.7739999999998872, 54.495809921266818776, 3441.7890000000002146, 1, 3447.7739999999998872, 60.872140476198751458, 3441.7890000000002146, 1, 3447.7739999999998872, 49.752260012878949169, 3441.7890000000002146, 1, 3447.7739999999998872, 40.033690310589705064, 3441.7890000000002146, 1
3447.7829999999999018, 55.203034455973210015, 3441.793999999999869, 1, 3447.7829999999999018, 60.618740766196282266, 3441.793999999999869, 1, 3447.7829999999999018, 49.861156640403578422, 3441.793999999999869, 1, 3447.7829999999999018, 39.435612819919768413, 3441.793999999999869, 1
3447.7930000000001201, 54.469079716420374382, 3441.7989999999999782, 1, 3447.7930000000001201, 60.142715665588099228, 3441.7989999999999782, 1, 3447.7930000000001201, 49.730557053879650198, 3441.7989999999999782, 1, 3447.7930000000001201, 38.730363640596543462, 3441.7989999999999782, 1
3447.8029999999998836, 55.081264732097594106, 3441.8040000000000873, 1, 3447.8029999999998836, 60.025983051119631284, 3441.8040000000000873, 1, 3447.8029999999998836, 49.728471365092850931, 3441.8040000000000873, 1, 3447.8029999999998836, 38.219059119927791812, 3441.8040000000000873, 1
3447.8130000000001019, 55.637706416137511667, 3441.8090000000001965, 1, 3447.8130000000001019, 59.96626034051894294, 3441.8090000000001965, 1, 3447.8130000000001019, 49.680096079906817863, 3441.8090000000001965, 1, 3447.8130000000001019, 37.752582757902310107, 3441.8090000000001965, 1
3447.8229999999998654, 56.137479158139790059, 3441.8139999999998508, 1, 3447.8229999999998654, 59.957749638068662534, 3441.8139999999998508, 1, 3447.8229999999998654, 49.591500772652736373, 3441.8139999999998508, 1, 3447.8229999999998654, 37.331947870706144954, 3441.8139999999998508, 1
3447.8330000000000837, 56.580520246493037462, 3441.81899999999996, 1, 3447.8330000000000837, 59.994644604372140861, 3441.81899999999996, 1, 3447.8330000000000837, 49.468562272292828652, 3441.81899999999996, 1, 3447.8330000000000837, 36.940323398595637627, 3441.81899999999996, 1
3447.8530000000000655, 56.967531533433223956, 3441.8240000000000691, 1, 3447.8530000000000655, 60.071208257842968692, 3441.8240000000000691, 1, 3447.8530000000000655, 49.316913007726398632, 3441.8240000000000691, 1, 3447.8530000000000655, 36.613096306312129968, 3441.8240000000000691, 1
3447.8530000000000655, 57.299882053096354184, 3441.8299999999999272, 1, 3447.8530000000000655, 60.181840976591317371, 3441.8299999999999272, 1, 3447.8530000000000655, 49.14189841278586357, 3441.8299999999999272, 1, 3447.8530000000000655, 36.344797366070054068, 3441.8299999999999272, 1
3447.86200000000008, 57.579512784116744228, 3441.8339999999998327, 1, 3447.86200000000008, 60.321138906993368778, 3441.8339999999998327, 1, 3447.86200000000008, 48.948542772644508148, 3441.8339999999998327, 1, 3447.86200000000008, 36.104306422337316462, 3441.8339999999998327, 1
3447.8730000000000473, 59.178901606838152816, 3441.8380000000001928, 1, 3447.8730000000000473, 60.697449049001924948, 3441.8380000000001928, 1, 3447.8730000000000473, 48.918779340328391925, 3441.8380000000001928, 1, 3447.8730000000000473, 36.037533923753720444, 3441.8380000000001928, 1
3447.8820000000000618, 59.35152232996651378, 3441.8440000000000509, 1, 3447.8820000000000618, 60.874893610475837136, 3441.8440000000000509, 1, 3447.8820000000000618, 48.703567996034479393, 3441.8440000000000509, 1, 3447.8820000000000618, 35.874631848273992318, 3441.8440000000000509, 1
3447.8930000000000291, 59.48039709475945358, 3441.8479999999999563, 1, 3447.8930000000000291, 61.066874654731918781, 3441.8479999999999563, 1, 3447.8930000000000291, 48.482826909989846342, 3441.8479999999999563, 1, 3447.8930000000000291, 35.748945791124178584, 3441.8479999999999563, 1
3447.9029999999997926, 59.568919711573087739, 3441.8539999999998145, 1, 3447.9029999999997926, 61.269168813541234897, 3441.8539999999998145, 1, 3447.9029999999997926, 48.260100149218665422, 3441.8539999999998145, 1, 3447.9029999999997926, 35.657812537129927932, 3441.8539999999998145, 1
3447.9130000000000109, 59.61995210798248479, 3441.8589999999999236, 1, 3447.9130000000000109, 61.474620209792092851, 3441.8589999999999236, 1, 3447.9130000000000109, 48.051451370544022268, 3441.8589999999999236, 1, 3447.9130000000000109, 35.595561798843483814, 3441.8589999999999236, 1
3447.9229999999997744, 59.638513543981872544, 3441.8640000000000327, 0, 3447.9229999999997744, 61.686388064347184468, 3441.8640000000000327, 1, 3447.9229999999997744, 47.833914451228579878, 3441.8640000000000327, 1, 3447.9229999999997744, 35.565086980522139015, 3441.8640000000000327, 0
3447.9340000000001965, 59.627514193900829298, 3441.8690000000001419, 0, 3447.9340000000001965, 61.897935671736746599, 3441.8690000000001419, 1, 3447.9340000000001965, 47.62272598446539007, 3441.8690000000001419, 1, 3447.9340000000001965, 35.560454345962760669, 3441.8690000000001419, 0
3447.9420000000000073, 59.59056854179105045, 3441.8769999999999527, 0, 3447.9420000000000073, 62.10649033543261055, 3441.8769999999999527, 1, 3447.9420000000000073, 47.419929889627383091, 3441.8769999999999527, 1, 3447.9420000000000073, 35.578697951703944113, 3441.8769999999999527, 0
3447.9529999999999745, 59.525212222080789104, 3441.8789999999999054, 0, 3447.9529999999999745, 62.309560316557771387, 3441.8789999999999054, 1, 3447.9529999999999745, 47.24116309445064843, 3441.8789999999999054, 1, 3447.9529999999999745, 35.614805411033117366, 3441.8789999999999054, 0
3447.9639999999999418, 59.446902000942472455, 3441.8840000000000146, 0, 3447.9639999999999418, 62.505290636108895796, 3441.8840000000000146, 1, 3447.9639999999999418, 47.059951597048538474, 3441.8840000000000146, 1, 3447.9639999999999418, 35.670142545303725967, 3441.8840000000000146, 0
3447.9729999999999563, 59.35288441358814282, 3441.8890000000001237, 0, 3447.9729999999999563, 62.691825683583623174, 3441.8890000000001237, 1, 3447.9729999999999563, 46.891251637083200876, 3441.8890000000001237, 1, 3447.9729999999999563, 35.73981712335936578, 3441.8890000000001237, 0
3447.9830000000001746, 59.246266826931275773, 3441.8939999999997781, 0, 3447.9830000000001746, 62.867765938303151074, 3441.8939999999997781, 1, 3447.9830000000001746, 46.735836627352483674, 3441.8939999999997781, 1, 3447.9830000000001746, 35.821209244649047321, 3441.8939999999997781, 0
3447.9929999999999382, 59.121726285988934535, 3441.8969999999999345, 0, 3447.9929999999999382, 63.033838068689348688, 3441.8969999999999345, 1, 3447.9929999999999382, 46.606290961743219725, 3441.8969999999999345, 1, 3447.9929999999999382, 35.910491518611792117, 3441.8969999999999345, 0
3448.0030000000001564, 58.99843724237924647, 3441.9050000000002001, 0, 3448.0030000000001564, 63.185595491520558653, 3441.9050000000002001, 1, 3448.0030000000001564, 46.478740176988459609, 3441.9050000000002001, 1, 3448.0030000000001564, 36.008085068915455906, 3441.9050000000002001, 0
3448.01299999999992, 58.8706344777672399, 3441.9099999999998545, 0, 3448.01299999999992, 63.32428881256393538, 3441.9099999999998545, 1, 3448.01299999999992, 46.365298881530037534, 3441.9099999999998545, 1, 3448.01299999999992, 36.110488527836785977, 3441.9099999999998545, 0
3448.0230000000001382, 57.461339419305581089, 3441.9140000000002146, 0, 3448.0230000000001382, 63.250985261824695272, 3441.9140000000002146, 1, 3448.0230000000001382, 46.042042332801010218, 3441.9140000000002146, 1, 3448.0230000000001382, 36.111409905638915063, 3441.9140000000002146, 0
3448.0329999999999018, 57.33119577002872802, 3441.9200000000000728, 0, 3448.0329999999999018, 63.362550214336110344, 3441.9200000000000728, 1, 3448.0329999999999018, 45.956351313975389417, 3441.9200000000000728, 1, 3448.0329999999999018, 36.217610399703580981, 3441.9200000000000728, 0
3448.0430000000001201, 57.195746227306024423, 3441.9250000000001819, 0, 3448.0430000000001201, 63.465530202274621274, 3441.9250000000001819, 1, 3448.0430000000001201, 45.883914657737179255, 3441.9250000000001819, 1, 3448.0430000000001201, 36.323264860728230019, 3441.9250000000001819, 0
3448.0529999999998836, 57.069580910766028126, 3441.9290000000000873, 0, 3448.0529999999998836, 63.549951184484569922, 3441.9290000000000873, 1, 3448.0529999999998836, 45.824149114904145108, 3441.9290000000000873, 1, 3448.0529999999998836, 36.427017051688750371, 3441.9290000000000873, 0
3448.0630000000001019, 56.947566736276115762, 3441.9340000000001965, 0, 3448.0630000000001019, 63.621585029593276772, 3441.9340000000001965, 1, 3448.0630000000001019, 45.776371395776180862, 3441.9340000000001965, 1, 3448.0630000000001019, 36.527695844079325127, 3441.9340000000001965, 0
3448.0830000000000837, 56.830856534212827569, 3441.9380000000001019, 0, 3448.0830000000000837, 63.68097217604147886, 3441.9380000000001019, 1, 3448.0830000000000837, 45.739818795570720056, 3441.9380000000001019, 1, 3448.0830000000000837, 36.624309209487620365, 3441.9380000000001019, 0
3448.0830000000000837, 56.720396440707141039, 3441.94399999999996, 0, 3448.0830000000000837, 63.728752375274908104, 3441.94399999999996, 1, 3448.0830000000000837, 45.713668506966946836, 3441.94399999999996, 1, 3448.0830000000000837, 36.716036489775873974, 3441.94399999999996, 0
3448.0929999999998472, 56.616937482838068263, 3441.9490000000000691, 0, 3448.0929999999998472, 63.765644644106615146, 3441.9490000000000691, 1, 3448.0929999999998472, 45.697055510054639171, 3441.9490000000000691, 1, 3448.0929999999998472, 36.802219258192813811, 3441.9490000000000691, 0
3448.1030000000000655, 56.521048427277520432, 3441.9540000000001783, 0, 3448.1030000000000655, 63.792428501575273003, 3441.9540000000001783, 1, 3448.1030000000000655, 45.689088961460164739, 3441.9540000000001783, 1, 3448.1030000000000655, 36.882351065833894666, 3441.9540000000001783, 0
3448.1230000000000473, 57.706010693271736045, 3441.9589999999998327, 0, 3448.1230000000000473, 64.018626317793390967, 3441.9589999999998327, 1, 3448.1230000000000473, 45.926689901412125039, 3441.9589999999998327, 1, 3448.1230000000000473, 37.063576515666312616, 3441.9589999999998327, 0
3448.1230000000000473, 57.627783802600966112, 3441.9639999999999418, 0, 3448.1230000000000473, 64.028584521133154794, 3441.9639999999999418, 1, 3448.1230000000000473, 45.932989409431719707, 3441.9639999999999418, 1, 3448.1230000000000473, 37.131224720079586632, 3441.9639999999999418, 0
3448.1329999999998108, 57.557903597104363769, 3441.9690000000000509, 0, 3448.1329999999998108, 64.030925257507277593, 3441.9690000000000509, 1, 3448.1329999999998108, 45.945254479106196754, 3441.9690000000000509, 1, 3448.1329999999998108, 37.192092773104178605, 3441.9690000000000509, 0
3448.1419999999998254, 57.496329927124619985, 3441.9749999999999091, 0, 3448.1419999999998254, 64.026504658419071347, 3441.9749999999999091, 1, 3448.1419999999998254, 45.962627200822630869, 3441.9749999999999091, 1, 3448.1419999999998254, 37.246159640880414088, 3441.9749999999999091, 0
3448.1529999999997926, 57.44291586405187644, 3441.9789999999998145, 0, 3448.1529999999997926, 64.016168724659365807, 3441.9789999999998145, 1, 3448.1529999999997926, 45.984281903668041025, 3441.9789999999998145, 1, 3448.1529999999997926, 37.293498070564027103, 3441.9789999999998145, 0
3448.1729999999997744, 57.395072911493663526, 3441.9839999999999236, 0, 3448.1729999999997744, 64.002230670300718884, 3441.9839999999999236, 1, 3448.1729999999997744, 46.009195744839630038, 3441.9839999999999236, 1, 3448.1729999999997744, 37.334600815160911225, 3441.9839999999999236, 0
3448.181999999999789, 57.357182743595046759, 3441.987999999999829, 0, 3448.181999999999789, 63.98251637093027, 3441.987999999999829, 1, 3448.181999999999789, 46.037101332285701005, 3441.987999999999829, 1, 3448.181999999999789, 37.369018976902466989, 3441.987999999999829, 0
3448.1829999999999927, 57.32651311694452545, 3441.9949999999998909, 0, 3448.1829999999999927, 63.959270424669909971, 3441.9949999999998909, 1, 3448.1829999999999927, 46.067070791157149756, 3441.9949999999998909, 1, 3448.1829999999999927, 37.397371036120432564, 3441.9949999999998909, 0
3448.2029999999999745, 57.301939576179691471, 3441.9989999999997963, 0, 3448.2029999999999745, 63.934078154833471785, 3441.9989999999997963, 1, 3448.2029999999999745, 46.096778046038032528, 3441.9989999999997963, 1, 3448.2029999999999745, 37.420437014531508169, 3441.9989999999997963, 0
3448.2040000000001783, 57.284369629923645562, 3442.0030000000001564, 0, 3448.2040000000001783, 63.905883629203898977, 3442.0030000000001564, 1, 3448.2040000000001783, 46.129019166448344436, 3442.0030000000001564, 1, 3448.2040000000001783, 37.437692637251231531, 3442.0030000000001564, 0
3448.2130000000001928, 57.272607955953304781, 3442.0100000000002183, 0, 3448.2130000000001928, 63.876171980194200728, 3442.0100000000002183, 1, 3448.2130000000001928, 46.161578531011215887, 3442.0100000000002183, 1, 3448.2130000000001928, 37.4499809115928457, 3442.0100000000002183, 0
3448.2330000000001746, 57.266132271591786207, 3442.0140000000001237, 0, 3448.2330000000001746, 63.845513612794299263, 3442.0140000000001237, 1, 3448.2330000000001746, 46.193987770208757127, 3442.0140000000001237, 1, 3448.2330000000001746, 37.457719788805562189, 3442.0140000000001237, 0
3448.2330000000001746, 57.264358414874223513, 3442.0189999999997781, 0, 3448.2330000000001746, 63.815982235654445276, 3442.0189999999997781, 1, 3448.2330000000001746, 46.224269048186947373, 3442.0189999999997781, 1, 3448.2330000000001746, 37.461339181959857569, 3442.0189999999997781, 0
3448.2440000000001419, 55.980641339690777158, 3442.0250000000000909, 0, 3448.2440000000001419, 63.566569863219008596, 3442.0250000000000909, 1, 3448.2440000000001419, 46.022404135526372215, 3442.0250000000000909, 1, 3448.2440000000001419, 37.347247413943534866, 3442.0250000000000909, 0
3448.2530000000001564, 55.986280575267883819, 3442.0289999999999964, 0, 3448.2530000000001564, 63.534233424678376423, 3442.0289999999999964, 1, 3448.2530000000001564, 46.053753053646268256, 3442.0289999999999964, 1, 3448.2530000000001564, 37.343726654391744546, 3442.0289999999999964, 0
3448.2730000000001382, 55.995045303005468895, 3442.0340000000001055, 0, 3448.2730000000001382, 63.504297322289644967, 3442.0340000000001055, 1, 3448.2730000000001382, 46.082076099296287452, 3442.0340000000001055, 1, 3448.2730000000001382, 37.337414524507153146, 3442.0340000000001055, 0
3448.2730000000001382, 56.006581384487304831, 3442.0390000000002146, 0, 3448.2730000000001382, 63.475501409626247096, 3442.0390000000002146, 1, 3448.2730000000001382, 46.108708304225409336, 3442.0390000000002146, 1, 3448.2730000000001382, 37.328723112228473724, 3442.0390000000002146, 0
3448.2930000000001201, 57.310228110524036538, 3442.043999999999869, 0, 3448.2930000000001201, 63.666862926504450115, 3442.043999999999869, 1, 3448.2930000000001201, 46.36240191523395282, 3442.043999999999869, 1, 3448.2930000000001201, 37.433294838187023856, 3442.043999999999869, 0
3448.2930000000001201, 57.326240542594817384, 3442.0500000000001819, 0, 3448.2930000000001201, 63.641045124708796266, 3442.0500000000001819, 1, 3448.2930000000001201, 46.385192105889487379, 3442.0500000000001819, 1, 3448.2930000000001201, 37.421091024243459344, 3442.0500000000001819, 0
3448.3119999999998981, 57.343589066480191718, 3442.0540000000000873, 0, 3448.3119999999998981, 63.616944132358824504, 3442.0540000000000873, 1, 3448.3119999999998981, 46.405963029124876584, 3442.0540000000000873, 1, 3448.3119999999998981, 37.407606373965009539, 3442.0540000000000873, 0
3448.3119999999998981, 57.361884989906364751, 3442.0599999999999454, 0, 3448.3119999999998981, 63.594679628704099628, 3442.0599999999999454, 1, 3448.3119999999998981, 46.424675249547242117, 3442.0599999999999454, 1, 3448.3119999999998981, 37.39317203372536369, 3442.0599999999999454, 0
3448.3229999999998654, 56.090019858041294754, 3442.0639999999998508, 0, 3448.3229999999998654, 63.355743438445628612, 3442.0639999999998508, 1, 3448.3229999999998654, 46.21248635542170291, 3442.0639999999998508, 1, 3448.3229999999998654, 37.262679509140156142, 3442.0639999999998508, 0
3448.3319999999998799, 56.109109276581563108, 3442.06899999999996, 0, 3448.3319999999998799, 63.337464189494326661, 3442.06899999999996, 1, 3448.3319999999998799, 46.22707783892038691, 3442.06899999999996, 1, 3448.3319999999998799, 37.247246178575835529, 3442.06899999999996, 0
3448.3429999999998472, 56.128234556996041249, 3442.0740000000000691, 0, 3448.3429999999998472, 63.321180404432112709, 3442.0740000000000691, 1, 3448.3429999999998472, 46.239660684486644016, 3442.0740000000000691, 1, 3448.3429999999998472, 37.231713210322077146, 3442.0740000000000691, 0
3448.3530000000000655, 56.147135562927481089, 3442.0790000000001783, 0, 3448.3530000000000655, 63.306875848722043543, 3442.0790000000001783, 1, 3448.3530000000000655, 46.250302572057805151, 3442.0790000000001783, 1, 3448.3530000000000655, 37.216300758323370701, 3442.0790000000001783, 0
3448.3640000000000327, 56.1664869467973773, 3442.0839999999998327, 0, 3448.3640000000000327, 63.293957944233653734, 3442.0839999999998327, 1, 3448.3640000000000327, 46.25946598888574357, 3442.0839999999998327, 1, 3448.3640000000000327, 37.200462188411577813, 3442.0839999999998327, 0
3448.3820000000000618, 56.184267506253775082, 3442.0889999999999418, 0, 3448.3820000000000618, 63.28353050157289772, 3442.0889999999999418, 1, 3448.3820000000000618, 46.266440277112693025, 3442.0889999999999418, 1, 3448.3820000000000618, 37.185860769092165867, 3442.0889999999999418, 0
3448.3820000000000618, 56.200388229676072172, 3442.0940000000000509, 0, 3448.3820000000000618, 63.275330421433096717, 3442.0940000000000509, 1, 3448.3820000000000618, 46.27150690604018024, 3442.0940000000000509, 1, 3448.3820000000000618, 37.172580786709403355, 3442.0940000000000509, 0
3448.3919999999998254, 57.509726828665662879, 3442.0999999999999091, 0, 3448.3919999999998254, 63.484728941832528903, 3442.0999999999999091, 1, 3448.3919999999998254, 46.501254307361620022, 3442.0999999999999091, 1, 3448.3919999999998254, 37.274614223196074647, 3442.0999999999999091, 0
3448.4020000000000437, 56.231457385055577447, 3442.1039999999998145, 0, 3448.4020000000000437, 63.262955664256040222, 3442.1039999999998145, 1, 3448.4020000000000437, 46.277836637352919524, 3442.1039999999998145, 1, 3448.4020000000000437, 37.14687502486454207, 3442.1039999999998145, 0
3448.4130000000000109, 56.245346146072108695, 3442.1089999999999236, 0, 3448.4130000000000109, 63.259051862705888425, 3442.1089999999999236, 1, 3448.4130000000000109, 46.279035921788064911, 3442.1089999999999236, 1, 3448.4130000000000109, 37.135332084835624755, 3442.1089999999999236, 0
3448.4229999999997744, 56.258057515452875919, 3442.1140000000000327, 1, 3448.4229999999997744, 63.256511591934724947, 3442.1140000000000327, 1, 3448.4229999999997744, 46.27909993915159248, 3442.1140000000000327, 1, 3448.4229999999997744, 37.124735656188221355, 3442.1140000000000327, 1
3448.43100000000004, 57.562527740545590405, 3442.1190000000001419, 1, 3448.43100000000004, 63.470621333859455149, 3442.1190000000001419, 1, 3448.43100000000004, 46.503975674023422471, 3442.1190000000001419, 1, 3448.43100000000004, 37.230023402360146179, 3442.1190000000001419, 1
3448.443000000000211, 57.572624485378362635, 3442.1239999999997963, 1, 3448.443000000000211, 63.47025705466776202, 3442.1239999999997963, 1, 3448.443000000000211, 46.502196286106688206, 3442.1239999999997963, 1, 3448.443000000000211, 37.221302165229189995, 3442.1239999999997963, 1
3448.4529999999999745, 57.581461870613125598, 3442.1289999999999054, 1, 3448.4529999999999745, 63.470927286527953015, 3442.1289999999999054, 1, 3448.4529999999999745, 46.499674653454924567, 3442.1289999999999054, 1, 3448.4529999999999745, 37.213582844040146824, 3442.1289999999999054, 1
3448.4630000000001928, 57.589108108675105768, 3442.1340000000000146, 1, 3448.4630000000001928, 63.472466253004995451, 3442.1340000000000146, 1, 3448.4630000000001928, 46.496523633204972725, 3442.1340000000000146, 1, 3448.4630000000001928, 37.206844662728400408, 3442.1340000000000146, 1
3448.4729999999999563, 57.595600675993594564, 3442.1390000000001237, 1, 3448.4729999999999563, 63.474752655063241491, 3442.1390000000001237, 1, 3448.4729999999999563, 46.492858137684635267, 3442.1390000000001237, 1, 3448.4729999999999563, 37.201063067546499497, 3442.1390000000001237, 1
3448.4830000000001746, 57.601190812680513886, 3442.1430000000000291, 1, 3448.4830000000001746, 63.477368701941095708, 3442.1430000000000291, 1, 3448.4830000000001746, 46.488875141108763955, 3442.1430000000000291, 1, 3448.4830000000001746, 37.196122387676119558, 3442.1430000000000291, 1
3448.4929999999999382, 57.605530877852281435, 3442.1489999999998872, 1, 3448.4929999999999382, 63.480804070797418603, 3442.1489999999998872, 1, 3448.4929999999999382, 46.484498422856567856, 3442.1489999999998872, 1, 3448.4929999999999382, 37.192142170584688188, 3442.1489999999998872, 1
3448.5030000000001564, 57.608888534417658889, 3442.1550000000002001, 1, 3448.5030000000001564, 63.48465228500920432, 3442.1550000000002001, 1, 3448.5030000000001564, 46.479909937689392052, 3442.1550000000002001, 1, 3448.5030000000001564, 37.188991557516615671, 3442.1550000000002001, 1
3448.51299999999992, 57.611334347418932111, 3442.1590000000001055, 1, 3448.51299999999992, 63.488814495067785515, 3442.1590000000001055, 1, 3448.51299999999992, 46.475194930743185751, 3442.1590000000001055, 1, 3448.51299999999992, 37.186615609963261875, 3442.1590000000001055, 1
3448.5230000000001382, 57.612836143371012554, 3442.1640000000002146, 1, 3448.5230000000001382, 63.492809548302595601, 3442.1640000000002146, 1, 3448.5230000000001382, 46.470894842190190843, 3442.1640000000002146, 1, 3448.5230000000001382, 37.184881047846083391, 3442.1640000000002146, 1
3448.5430000000001201, 57.613708498466493779, 3442.1700000000000728, 1, 3448.5430000000001201, 63.497329606486005105, 3442.1700000000000728, 1, 3448.5430000000001201, 46.465912749321276465, 3442.1700000000000728, 1, 3448.5430000000001201, 37.1838459856701391, 3442.1700000000000728, 1
3448.5430000000001201, 57.613906244581031046, 3442.1739999999999782, 1, 3448.5430000000001201, 63.502143497895403357, 3442.1739999999999782, 1, 3448.5430000000001201, 46.461014120237337011, 3442.1739999999999782, 1, 3448.5430000000001201, 37.183449632753678316, 3442.1739999999999782, 1
3448.5529999999998836, 57.613468564220781332, 3442.1790000000000873, 1, 3448.5529999999998836, 63.506724586936499577, 3442.1790000000000873, 1, 3448.5529999999998836, 46.456711418305225436, 3442.1790000000000873, 1, 3448.5529999999998836, 37.183572547159457145, 3442.1790000000000873, 1
3448.5650000000000546, 57.612318551594341898, 3442.1840000000001965, 1, 3448.5650000000000546, 63.511150003054012814, 3442.1840000000001965, 1, 3448.5650000000000546, 46.452618870590868028, 3442.1840000000001965, 1, 3448.5650000000000546, 37.184084245999798668, 3442.1840000000001965, 1
3448.5830000000000837, 56.320487632107216314, 3442.1889999999998508, 1, 3448.5830000000000837, 63.301826904545407615, 3442.1889999999998508, 0, 3448.5830000000000837, 46.221693726704337735, 3442.1889999999998508, 0, 3448.5830000000000837, 37.071217207064165677, 3442.1889999999998508, 1
3448.5830000000000837, 56.31879021673558583, 3442.1950000000001637, 1, 3448.5830000000000837, 63.306082754334880747, 3442.1950000000001637, 0, 3448.5830000000000837, 46.217783834422334621, 3442.1950000000001637, 0, 3448.5830000000000837, 37.072558876085068391, 3442.1950000000001637, 1
3448.6039999999998145, 56.316667353850668576, 3442.1990000000000691, 1, 3448.6039999999998145, 63.310134219514168308, 3442.1990000000000691, 0, 3448.6039999999998145, 46.214142414203685405, 3442.1990000000000691, 0, 3448.6039999999998145, 37.074269437218099199, 3442.1990000000000691, 1
3448.6039999999998145, 56.314378419899853156, 3442.2049999999999272, 1, 3448.6039999999998145, 63.313951684993554636, 3442.2049999999999272, 0, 3448.6039999999998145, 46.210786217509522089, 3442.2049999999999272, 0, 3448.6039999999998145, 37.076122305921160205, 3442.2049999999999272, 1
3448.612999999999829, 56.31189405089603639, 3442.2089999999998327, 1, 3448.612999999999829, 63.317512082550621244, 3442.2089999999998327, 0, 3448.612999999999829, 46.207726269767846361, 3442.2089999999998327, 0, 3448.612999999999829, 37.078046626405026132, 3442.2089999999998327, 1
3448.6230000000000473, 56.309271145329006458, 3442.2139999999999418, 1, 3448.6230000000000473, 63.320798434594401272, 3442.2139999999999418, 0, 3448.6230000000000473, 46.204968391836452213, 3442.2139999999999418, 0, 3448.6230000000000473, 37.080193409935375826, 3442.2139999999999418, 1
3448.6320000000000618, 56.306561792384655973, 3442.2199999999997999, 1, 3448.6320000000000618, 63.323799370382630514, 3442.2199999999997999, 0, 3448.6320000000000618, 46.202513729507948881, 3442.2199999999997999, 0, 3448.6320000000000618, 37.082423140569957809, 3442.2199999999997999, 1
3448.6430000000000291, 56.303813136657439031, 3442.2240000000001601, 1, 3448.6430000000000291, 63.326508624368244682, 3442.2240000000001601, 0, 3448.6430000000000291, 46.200359283070724814, 3442.2240000000001601, 0, 3448.6430000000000291, 37.084696234854817476, 3442.2240000000001601, 1
3448.6539999999999964, 56.3010673248585789, 3442.2289999999998145, 1, 3448.6539999999999964, 63.328924524956065056, 3442.2289999999998145, 0, 3448.6539999999999964, 46.198498430128282166, 3442.2289999999998145, 0, 3448.6539999999999964, 37.086977168701650953, 3442.2289999999998145, 1
3448.6729999999997744, 56.298361525920896042, 3442.2350000000001273, 1, 3448.6729999999997744, 63.331049482186152488, 3442.2350000000001273, 0, 3448.6729999999997744, 46.196921435430979841, 3442.2350000000001273, 0, 3448.6729999999997744, 37.089234478292965491, 3442.2350000000001273, 1
3448.6729999999997744, 56.295985826502828786, 3442.2399999999997817, 1, 3448.6729999999997744, 63.332722225716722164, 3442.2399999999997817, 0, 3448.6729999999997744, 46.195615942421696332, 3442.2399999999997817, 0, 3448.6729999999997744, 37.091548572338524536, 3442.2399999999997817, 1
3448.693000000000211, 56.293444725837424869, 3442.2440000000001419, 1, 3448.693000000000211, 63.33430440439258291, 3442.2440000000001419, 0, 3448.693000000000211, 46.194567442218456677, 3442.2440000000001419, 0, 3448.693000000000211, 37.093677308029242567, 3442.2440000000001419, 1
3448.69399999999996, 56.2907833868903964, 3442.2489999999997963, 1, 3448.69399999999996, 63.335753459911188656, 3442.2489999999997963, 0, 3448.69399999999996, 46.193759716457492459, 3442.2489999999997963, 0, 3448.69399999999996, 37.095609472405762119, 3442.2489999999997963, 1
3448.7130000000001928, 56.288513845640672173, 3442.2550000000001091, 1, 3448.7130000000001928, 63.336802914376121976, 3442.2550000000001091, 0, 3448.7130000000001928, 46.193175251135471626, 3442.2550000000001091, 0, 3448.7130000000001928, 37.097536021081012336, 3442.2550000000001091, 1
3448.7130000000001928, 56.28640023265322867, 3442.2590000000000146, 1, 3448.7130000000001928, 63.33761746861268449, 3442.2590000000000146, 0, 3448.7130000000001928, 46.192795619329331203, 3442.2590000000000146, 0, 3448.7130000000001928, 37.099339130131063769, 3442.2590000000000146, 1
3448.7260000000001128, 56.284453290905446465, 3442.2640000000001237, 1, 3448.7260000000001128, 63.338213949213120202, 3442.2640000000001237, 0, 3448.7260000000001128, 46.19260183152326249, 3442.2640000000001237, 0, 3448.7260000000001128, 37.101009142898107029, 3442.2640000000001237, 1
3448.7319999999999709, 57.571935173071672409, 3442.2689999999997781, 1, 3448.7319999999999709, 63.552316577485768789, 3442.2689999999997781, 0, 3448.7319999999999709, 46.419895214295266328, 3442.2689999999997781, 0, 3448.7319999999999709, 37.216264316765119702, 3442.2689999999997781, 1
3448.7429999999999382, 57.570360889275512761, 3442.2739999999998872, 1, 3448.7429999999999382, 63.552542305143390422, 3442.2739999999998872, 0, 3448.7429999999999382, 46.420008386745607254, 3442.2739999999998872, 0, 3448.7429999999999382, 37.21766139816353558, 3442.2739999999998872, 1
3448.7530000000001564, 57.568966277668309317, 3442.2800000000002001, 1, 3448.7530000000001564, 63.552603727164907355, 3442.2800000000002001, 0, 3448.7530000000001564, 46.420250184329177046, 3442.2800000000002001, 0, 3448.7530000000001564, 37.218912735999317931, 3442.2800000000002001, 1
3448.7730000000001382, 57.567615200022316913, 3442.2840000000001055, 1, 3448.7730000000001382, 63.552485292793946314, 3442.2840000000001055, 0, 3448.7730000000001382, 46.420591227003228596, 3442.2840000000001055, 0, 3448.7730000000001382, 37.220061289880234767, 3442.2840000000001055, 1
3448.7730000000001382, 57.566572309387581186, 3442.2890000000002146, 1, 3448.7730000000001382, 63.552273360195798091, 3442.2890000000002146, 0, 3448.7730000000001382, 46.421035939000596215, 3442.2890000000002146, 0, 3448.7730000000001382, 37.2210193732934016, 3442.2890000000002146, 1
3448.7829999999999018, 57.565697423321907422, 3442.293999999999869, 1, 3448.7829999999999018, 63.551951720931228351, 3442.293999999999869, 0, 3448.7829999999999018, 46.42155645085018989, 3442.293999999999869, 0, 3448.7829999999999018, 37.221797391431508117, 3442.293999999999869, 1
3448.7919999999999163, 57.564983116610747516, 3442.2989999999999782, 1, 3448.7919999999999163, 63.5515375892137655, 3442.2989999999999782, 0, 3448.7919999999999163, 46.422136893661324564, 3442.2989999999999782, 0, 3448.7919999999999163, 37.222487048911219176, 3442.2989999999999782, 1
3448.8029999999998836, 57.564420679159596261, 3442.3049999999998363, 1, 3448.8029999999998836, 63.551047401794910741, 3442.3049999999998363, 0, 3448.8029999999998836, 46.422762455158220973, 3442.3049999999998363, 0, 3448.8029999999998836, 37.223049293948378136, 3442.3049999999998363, 1
3448.8119999999998981, 56.274722584292774741, 3442.3090000000001965, 1, 3448.8119999999998981, 63.336764070934364668, 3442.3090000000001965, 0, 3448.8119999999998981, 46.196159763056371617, 3442.3090000000001965, 0, 3448.8119999999998981, 37.109699230816964644, 3442.3090000000001965, 1
3448.8229999999998654, 56.274419458230966029, 3442.3139999999998508, 1, 3448.8229999999998654, 63.336165584483850921, 3442.3139999999998508, 0, 3448.8229999999998654, 46.196840383406325259, 3442.3139999999998508, 0, 3448.8229999999998654, 37.110023195040106714, 3442.3139999999998508, 1
3448.8319999999998799, 56.274238773596501062, 3442.3200000000001637, 1, 3448.8319999999998799, 63.335535828125472335, 3442.3200000000001637, 0, 3448.8319999999998799, 46.197528230982044306, 3442.3200000000001637, 0, 3448.8319999999998799, 37.110244878746541985, 3442.3200000000001637, 1
3448.8420000000000982, 56.274169256629114955, 3442.3240000000000691, 1, 3448.8420000000000982, 63.334887069457010966, 3442.3240000000000691, 0, 3448.8420000000000982, 46.1982132246718038, 3442.3240000000000691, 0, 3448.8420000000000982, 37.110373370451469555, 3442.3240000000000691, 1
3448.8519999999998618, 57.563351321076993372, 3442.3339999999998327, 1, 3448.8519999999998618, 63.547842995924213483, 3442.3339999999998327, 0, 3448.8519999999998618, 46.426027394334909104, 3442.3339999999998327, 0, 3448.8519999999998618, 37.224218304423011716, 3442.3339999999998327, 1
3448.86200000000008, 56.274317950395804644, 3442.3339999999998327, 1, 3448.86200000000008, 63.333575725964422531, 3442.3339999999998327, 0, 3448.86200000000008, 46.199540366902802191, 3442.3339999999998327, 0, 3448.86200000000008, 37.110387911644423298, 3442.3339999999998327, 1
3448.8719999999998436, 56.274513433788015959, 3442.3389999999999418, 1, 3448.8719999999998436, 63.332931773122275843, 3442.3389999999999418, 0, 3448.8719999999998436, 46.20016830901519711, 3442.3389999999999418, 0, 3448.8719999999998436, 37.110292495966419324, 3442.3389999999999418, 1
3448.8820000000000618, 56.274774916544018311, 3442.3440000000000509, 1, 3448.8820000000000618, 63.332306110264063648, 3442.3440000000000509, 0, 3448.8820000000000618, 46.200764899593728785, 3442.3440000000000509, 0, 3448.8820000000000618, 37.110140715262822653, 3442.3440000000000509, 1
3448.8919999999998254, 56.275091805163427239, 3442.3490000000001601, 1, 3448.8919999999998254, 63.331705182713150748, 3442.3490000000001601, 0, 3448.8919999999998254, 46.201325762607766023, 3442.3490000000001601, 0, 3448.8919999999998254, 37.109941287067059079, 3442.3490000000001601, 1
3448.9029999999997926, 56.275454003918319756, 3442.3560000000002219, 1, 3448.9029999999997926, 63.331134357789267142, 3442.3560000000002219, 0, 3448.9029999999997926, 46.201847505094981727, 3442.3560000000002219, 0, 3448.9029999999997926, 37.10970254632002252, 3442.3560000000002219, 1
3448.9130000000000109, 56.275851992130064616, 3442.3589999999999236, 1, 3448.9130000000000109, 63.330597979165276001, 3442.3589999999999236, 0, 3448.9130000000000109, 46.202327647331188132, 3442.3589999999999236, 0, 3448.9130000000000109, 37.109432378370193817, 3442.3589999999999236, 1
3448.9229999999997744, 56.276276884434935255, 3442.3640000000000327, 1, 3448.9229999999997744, 63.330099428373287651, 3442.3640000000000327, 0, 3448.9229999999997744, 46.202764549292410834, 3442.3640000000000327, 0, 3448.9229999999997744, 37.109138165862958658, 3442.3640000000000327, 1
, , 3442.3690000000001419, 1, , , 3442.3690000000001419, 0, , , 3442.3690000000001419, 0, , , 3442.3690000000001419, 1
, , 3442.3739999999997963, 1, , , 3442.3739999999997963, 0, , , 3442.3739999999997963, 0, , , 3442.3739999999997963, 1
, , 3442.3800000000001091, 1, , , 3442.3800000000001091, 0, , , 3442.3800000000001091, 0, , , 3442.3800000000001091, 1
, , 3442.3840000000000146, 1, , , 3442.3840000000000146, 0, , , 3442.3840000000000146, 0, , , 3442.3840000000000146, 1
, , 3442.3890000000001237, 1, , , 3442.3890000000001237, 0, , , 3442.3890000000001237, 0, , , 3442.3890000000001237, 1
, , 3442.3949999999999818, 1, , , 3442.3949999999999818, 0, , , 3442.3949999999999818, 0, , , 3442.3949999999999818, 1
, , 3442.3989999999998872, 1, , , 3442.3989999999998872, 0, , , 3442.3989999999998872, 0, , , 3442.3989999999998872, 1
, , 3442.4050000000002001, 1, , , 3442.4050000000002001, 0, , , 3442.4050000000002001, 0, , , 3442.4050000000002001, 1
, , 3442.4090000000001055, 1, , , 3442.4090000000001055, 0, , , 3442.4090000000001055, 0, , , 3442.4090000000001055, 1
, , 3442.4149999999999636, 1, , , 3442.4149999999999636, 0, , , 3442.4149999999999636, 0, , , 3442.4149999999999636, 1
, , 3442.418999999999869, 1, , , 3442.418999999999869, 0, , , 3442.418999999999869, 0, , , 3442.418999999999869, 1
, , 3442.4250000000001819, 1, , , 3442.4250000000001819, 0, , , 3442.4250000000001819, 0, , , 3442.4250000000001819, 1
, , 3442.4290000000000873, 1, , , 3442.4290000000000873, 0, , , 3442.4290000000000873, 0, , , 3442.4290000000000873, 1
, , 3442.4340000000001965, 1, , , 3442.4340000000001965, 0, , , 3442.4340000000001965, 0, , , 3442.4340000000001965, 1
, , 3442.4400000000000546, 1, , , 3442.4400000000000546, 1, , , 3442.4400000000000546, 1, , , 3442.4400000000000546, 1
, , 3442.44399999999996, 1, , , 3442.44399999999996, 1, , , 3442.44399999999996, 1, , , 3442.44399999999996, 1
, , 3442.4490000000000691, 1, , , 3442.4490000000000691, 1, , , 3442.4490000000000691, 1, , , 3442.4490000000000691, 1
, , 3442.4549999999999272, 1, , , 3442.4549999999999272, 1, , , 3442.4549999999999272, 1, , , 3442.4549999999999272, 1
, , 3442.4600000000000364, 1, , , 3442.4600000000000364, 1, , , 3442.4600000000000364, 1, , , 3442.4600000000000364, 1
, , 3442.4650000000001455, 1, , , 3442.4650000000001455, 1, , , 3442.4650000000001455, 1, , , 3442.4650000000001455, 1
, , 3442.4690000000000509, 1, , , 3442.4690000000000509, 1, , , 3442.4690000000000509, 1, , , 3442.4690000000000509, 1
, , 3442.4740000000001601, 1, , , 3442.4740000000001601, 1, , , 3442.4740000000001601, 1, , , 3442.4740000000001601, 1
, , 3442.4789999999998145, 1, , , 3442.4789999999998145, 1, , , 3442.4789999999998145, 1, , , 3442.4789999999998145, 1
, , 3442.4850000000001273, 1, , , 3442.4850000000001273, 1, , , 3442.4850000000001273, 1, , , 3442.4850000000001273, 1
, , 3442.4899999999997817, 1, , , 3442.4899999999997817, 1, , , 3442.4899999999997817, 1, , , 3442.4899999999997817, 1
, , 3442.4940000000001419, 1, , , 3442.4940000000001419, 1, , , 3442.4940000000001419, 1, , , 3442.4940000000001419, 1
, , 3442.4989999999997963, 1, , , 3442.4989999999997963, 1, , , 3442.4989999999997963, 1, , , 3442.4989999999997963, 1
, , 3442.5039999999999054, 1, , , 3442.5039999999999054, 1, , , 3442.5039999999999054, 1, , , 3442.5039999999999054, 1
, , 3442.5090000000000146, 1, , , 3442.5090000000000146, 1, , , 3442.5090000000000146, 1, , , 3442.5090000000000146, 1
, , 3442.5149999999998727, 0, , , 3442.5149999999998727, 1, , , 3442.5149999999998727, 1, , , 3442.5149999999998727, 0
, , 3442.5189999999997781, 0, , , 3442.5189999999997781, 1, , , 3442.5189999999997781, 1, , , 3442.5189999999997781, 0
, , 3442.5270000000000437, 0, , , 3442.5270000000000437, 1, , , 3442.5270000000000437, 1, , , 3442.5270000000000437, 0
, , 3442.5289999999999964, 0, , , 3442.5289999999999964, 1, , , 3442.5289999999999964, 1, , , 3442.5289999999999964, 0
, , 3442.5340000000001055, 0, , , 3442.5340000000001055, 1, , , 3442.5340000000001055, 1, , , 3442.5340000000001055, 0
, , 3442.5390000000002146, 0, , , 3442.5390000000002146, 1, , , 3442.5390000000002146, 1, , , 3442.5390000000002146, 0
, , 3442.5459999999998217, 0, , , 3442.5459999999998217, 1, , , 3442.5459999999998217, 1, , , 3442.5459999999998217, 0
, , 3442.5489999999999782, 0, , , 3442.5489999999999782, 1, , , 3442.5489999999999782, 1, , , 3442.5489999999999782, 0
, , 3442.5540000000000873, 0, , , 3442.5540000000000873, 1, , , 3442.5540000000000873, 1, , , 3442.5540000000000873, 0
, , 3442.5579999999999927, 0, , , 3442.5579999999999927, 1, , , 3442.5579999999999927, 1, , , 3442.5579999999999927, 0
, , 3442.5650000000000546, 0, , , 3442.5650000000000546, 1, , , 3442.5650000000000546, 1, , , 3442.5650000000000546, 0
, , 3442.56899999999996, 0, , , 3442.56899999999996, 1, , , 3442.56899999999996, 1, , , 3442.56899999999996, 0
, , 3442.5740000000000691, 0, , , 3442.5740000000000691, 1, , , 3442.5740000000000691, 1, , , 3442.5740000000000691, 0
, , 3442.5790000000001783, 0, , , 3442.5790000000001783, 1, , , 3442.5790000000001783, 1, , , 3442.5790000000001783, 0
, , 3442.5839999999998327, 0, , , 3442.5839999999998327, 1, , , 3442.5839999999998327, 1, , , 3442.5839999999998327, 0
, , 3442.5889999999999418, 0, , , 3442.5889999999999418, 1, , , 3442.5889999999999418, 1, , , 3442.5889999999999418, 0
, , 3442.5940000000000509, 0, , , 3442.5940000000000509, 1, , , 3442.5940000000000509, 1, , , 3442.5940000000000509, 0
, , 3442.5990000000001601, 0, , , 3442.5990000000001601, 1, , , 3442.5990000000001601, 1, , , 3442.5990000000001601, 0
, , 3442.6050000000000182, 0, , , 3442.6050000000000182, 1, , , 3442.6050000000000182, 1, , , 3442.6050000000000182, 0
, , 3442.6089999999999236, 0, , , 3442.6089999999999236, 1, , , 3442.6089999999999236, 1, , , 3442.6089999999999236, 0
, , 3442.6140000000000327, 0, , , 3442.6140000000000327, 1, , , 3442.6140000000000327, 1, , , 3442.6140000000000327, 0
, , 3442.6190000000001419, 0, , , 3442.6190000000001419, 1, , , 3442.6190000000001419, 1, , , 3442.6190000000001419, 0
, , 3442.6239999999997963, 0, , , 3442.6239999999997963, 1, , , 3442.6239999999997963, 1, , , 3442.6239999999997963, 0
, , 3442.6280000000001564, 0, , , 3442.6280000000001564, 1, , , 3442.6280000000001564, 1, , , 3442.6280000000001564, 0
, , 3442.6350000000002183, 0, , , 3442.6350000000002183, 1, , , 3442.6350000000002183, 1, , , 3442.6350000000002183, 0
, , 3442.6399999999998727, 0, , , 3442.6399999999998727, 1, , , 3442.6399999999998727, 1, , , 3442.6399999999998727, 0
, , 3442.6439999999997781, 0, , , 3442.6439999999997781, 1, , , 3442.6439999999997781, 1, , , 3442.6439999999997781, 0
, , 3442.6489999999998872, 0, , , 3442.6489999999998872, 1, , , 3442.6489999999998872, 1, , , 3442.6489999999998872, 0
, , 3442.6539999999999964, 0, , , 3442.6539999999999964, 1, , , 3442.6539999999999964, 1, , , 3442.6539999999999964, 0
, , 3442.6590000000001055, 0, , , 3442.6590000000001055, 1, , , 3442.6590000000001055, 1, , , 3442.6590000000001055, 0
, , 3442.6640000000002146, 0, , , 3442.6640000000002146, 1, , , 3442.6640000000002146, 1, , , 3442.6640000000002146, 0
, , 3442.668999999999869, 0, , , 3442.668999999999869, 1, , , 3442.668999999999869, 1, , , 3442.668999999999869, 0
, , 3442.6739999999999782, 0, , , 3442.6739999999999782, 1, , , 3442.6739999999999782, 1, , , 3442.6739999999999782, 0
, , 3442.6790000000000873, 0, , , 3442.6790000000000873, 1, , , 3442.6790000000000873, 1, , , 3442.6790000000000873, 0
, , 3442.6840000000001965, 0, , , 3442.6840000000001965, 1, , , 3442.6840000000001965, 1, , , 3442.6840000000001965, 0
, , 3442.6889999999998508, 0, , , 3442.6889999999998508, 1, , , 3442.6889999999998508, 1, , , 3442.6889999999998508, 0
, , 3442.69399999999996, 0, , , 3442.69399999999996, 1, , , 3442.69399999999996, 1, , , 3442.69399999999996, 0
, , 3442.6990000000000691, 0, , , 3442.6990000000000691, 1, , , 3442.6990000000000691, 1, , , 3442.6990000000000691, 0
, , 3442.7040000000001783, 0, , , 3442.7040000000001783, 1, , , 3442.7040000000001783, 1, , , 3442.7040000000001783, 0
, , 3442.7089999999998327, 0, , , 3442.7089999999998327, 1, , , 3442.7089999999998327, 1, , , 3442.7089999999998327, 0
, , 3442.7139999999999418, 0, , , 3442.7139999999999418, 1, , , 3442.7139999999999418, 1, , , 3442.7139999999999418, 0
, , 3442.7190000000000509, 0, , , 3442.7190000000000509, 1, , , 3442.7190000000000509, 1, , , 3442.7190000000000509, 0
, , 3442.7240000000001601, 0, , , 3442.7240000000001601, 1, , , 3442.7240000000001601, 1, , , 3442.7240000000001601, 0
, , 3442.7289999999998145, 0, , , 3442.7289999999998145, 1, , , 3442.7289999999998145, 1, , , 3442.7289999999998145, 0
, , 3442.7339999999999236, 0, , , 3442.7339999999999236, 1, , , 3442.7339999999999236, 1, , , 3442.7339999999999236, 0
, , 3442.7390000000000327, 0, , , 3442.7390000000000327, 1, , , 3442.7390000000000327, 1, , , 3442.7390000000000327, 0
, , 3442.7440000000001419, 0, , , 3442.7440000000001419, 1, , , 3442.7440000000001419, 1, , , 3442.7440000000001419, 0
, , 3442.7489999999997963, 0, , , 3442.7489999999997963, 1, , , 3442.7489999999997963, 1, , , 3442.7489999999997963, 0
, , 3442.7539999999999054, 0, , , 3442.7539999999999054, 1, , , 3442.7539999999999054, 1, , , 3442.7539999999999054, 0
, , 3442.7590000000000146, 0, , , 3442.7590000000000146, 1, , , 3442.7590000000000146, 1, , , 3442.7590000000000146, 0
, , 3442.7640000000001237, 1, , , 3442.7640000000001237, 1, , , 3442.7640000000001237, 1, , , 3442.7640000000001237, 1
, , 3442.7689999999997781, 1, , , 3442.7689999999997781, 1, , , 3442.7689999999997781, 1, , , 3442.7689999999997781, 1
, , 3442.7739999999998872, 1, , , 3442.7739999999998872, 1, , , 3442.7739999999998872, 1, , , 3442.7739999999998872, 1
, , 3442.7789999999999964, 1, , , 3442.7789999999999964, 1, , , 3442.7789999999999964, 1, , , 3442.7789999999999964, 1
, , 3442.7840000000001055, 1, , , 3442.7840000000001055, 1, , , 3442.7840000000001055, 1, , , 3442.7840000000001055, 1
, , 3442.7890000000002146, 1, , , 3442.7890000000002146, 1, , , 3442.7890000000002146, 1, , , 3442.7890000000002146, 1
, , 3442.7950000000000728, 1, , , 3442.7950000000000728, 1, , , 3442.7950000000000728, 1, , , 3442.7950000000000728, 1
, , 3442.8000000000001819, 1, , , 3442.8000000000001819, 1, , , 3442.8000000000001819, 1, , , 3442.8000000000001819, 1
, , 3442.8040000000000873, 1, , , 3442.8040000000000873, 1, , , 3442.8040000000000873, 1, , , 3442.8040000000000873, 1
, , 3442.8090000000001965, 1, , , 3442.8090000000001965, 1, , , 3442.8090000000001965, 1, , , 3442.8090000000001965, 1
, , 3442.8139999999998508, 1, , , 3442.8139999999998508, 1, , , 3442.8139999999998508, 1, , , 3442.8139999999998508, 1
, , 3442.81899999999996, 1, , , 3442.81899999999996, 1, , , 3442.81899999999996, 1, , , 3442.81899999999996, 1
, , 3442.8240000000000691, 1, , , 3442.8240000000000691, 1, , , 3442.8240000000000691, 1, , , 3442.8240000000000691, 1
, , 3442.8290000000001783, 1, , , 3442.8290000000001783, 1, , , 3442.8290000000001783, 1, , , 3442.8290000000001783, 1
, , 3442.8339999999998327, 1, , , 3442.8339999999998327, 1, , , 3442.8339999999998327, 1, , , 3442.8339999999998327, 1
, , 3442.8389999999999418, 1, , , 3442.8389999999999418, 0, , , 3442.8389999999999418, 0, , , 3442.8389999999999418, 1
, , 3442.8440000000000509, 1, , , 3442.8440000000000509, 0, , , 3442.8440000000000509, 0, , , 3442.8440000000000509, 1
, , 3442.8490000000001601, 1, , , 3442.8490000000001601, 0, , , 3442.8490000000001601, 0, , , 3442.8490000000001601, 1
, , 3442.8539999999998145, 1, , , 3442.8539999999998145, 0, , , 3442.8539999999998145, 0, , , 3442.8539999999998145, 1
, , 3442.8589999999999236, 1, , , 3442.8589999999999236, 0, , , 3442.8589999999999236, 0, , , 3442.8589999999999236, 1
, , 3442.8640000000000327, 1, , , 3442.8640000000000327, 0, , , 3442.8640000000000327, 0, , , 3442.8640000000000327, 1
, , 3442.8690000000001419, 1, , , 3442.8690000000001419, 0, , , 3442.8690000000001419, 0, , , 3442.8690000000001419, 1
, , 3442.8739999999997963, 1, , , 3442.8739999999997963, 0, , , 3442.8739999999997963, 0, , , 3442.8739999999997963, 1
, , 3442.8789999999999054, 1, , , 3442.8789999999999054, 0, , , 3442.8789999999999054, 0, , , 3442.8789999999999054, 1
, , 3442.8840000000000146, 1, , , 3442.8840000000000146, 0, , , 3442.8840000000000146, 0, , , 3442.8840000000000146, 1
, , 3442.8890000000001237, 1, , , 3442.8890000000001237, 0, , , 3442.8890000000001237, 0, , , 3442.8890000000001237, 1
, , 3442.8939999999997781, 1, , , 3442.8939999999997781, 0, , , 3442.8939999999997781, 0, , , 3442.8939999999997781, 1
, , 3442.9000000000000909, 1, , , 3442.9000000000000909, 0, , , 3442.9000000000000909, 0, , , 3442.9000000000000909, 1
, , 3442.9039999999999964, 1, , , 3442.9039999999999964, 0, , , 3442.9039999999999964, 0, , , 3442.9039999999999964, 1
, , 3442.9090000000001055, 1, , , 3442.9090000000001055, 0, , , 3442.9090000000001055, 0, , , 3442.9090000000001055, 1
, , 3442.9149999999999636, 1, , , 3442.9149999999999636, 0, , , 3442.9149999999999636, 0, , , 3442.9149999999999636, 1
, , 3442.918999999999869, 1, , , 3442.918999999999869, 0, , , 3442.918999999999869, 0, , , 3442.918999999999869, 1
, , 3442.9250000000001819, 1, , , 3442.9250000000001819, 0, , , 3442.9250000000001819, 0, , , 3442.9250000000001819, 1
, , 3442.9290000000000873, 1, , , 3442.9290000000000873, 0, , , 3442.9290000000000873, 0, , , 3442.9290000000000873, 1
, , 3442.9340000000001965, 1, , , 3442.9340000000001965, 0, , , 3442.9340000000001965, 0, , , 3442.9340000000001965, 1
, , 3442.9389999999998508, 1, , , 3442.9389999999998508, 0, , , 3442.9389999999998508, 0, , , 3442.9389999999998508, 1
, , 3442.9459999999999127, 1, , , 3442.9459999999999127, 0, , , 3442.9459999999999127, 0, , , 3442.9459999999999127, 1
, , 3442.9490000000000691, 1, , , 3442.9490000000000691, 0, , , 3442.9490000000000691, 0, , , 3442.9490000000000691, 1
, , 3442.9540000000001783, 1, , , 3442.9540000000001783, 0, , , 3442.9540000000001783, 0, , , 3442.9540000000001783, 1
, , 3442.9589999999998327, 1, , , 3442.9589999999998327, 0, , , 3442.9589999999998327, 0, , , 3442.9589999999998327, 1
, , 3442.9639999999999418, 1, , , 3442.9639999999999418, 0, , , 3442.9639999999999418, 0, , , 3442.9639999999999418, 1
, , 3442.9690000000000509, 1, , , 3442.9690000000000509, 0, , , 3442.9690000000000509, 0, , , 3442.9690000000000509, 1
, , 3442.9740000000001601, 1, , , 3442.9740000000001601, 0, , , 3442.9740000000001601, 0, , , 3442.9740000000001601, 1
, , 3442.9789999999998145, 1, , , 3442.9789999999998145, 0, , , 3442.9789999999998145, 0, , , 3442.9789999999998145, 1
, , 3442.9839999999999236, 1, , , 3442.9839999999999236, 0, , , 3442.9839999999999236, 0, , , 3442.9839999999999236, 1
, , 3442.9890000000000327, 1, , , 3442.9890000000000327, 0, , , 3442.9890000000000327, 0, , , 3442.9890000000000327, 1
, , 3442.9949999999998909, 1, , , 3442.9949999999998909, 0, , , 3442.9949999999998909, 0, , , 3442.9949999999998909, 1
, , 3442.9989999999997963, 1, , , 3442.9989999999997963, 0, , , 3442.9989999999997963, 0, , , 3442.9989999999997963, 1
, , 3443.0039999999999054, 1, , , 3443.0039999999999054, 0, , , 3443.0039999999999054, 0, , , 3443.0039999999999054, 1
, , 3443.0090000000000146, 1, , , 3443.0090000000000146, 0, , , 3443.0090000000000146, 0, , , 3443.0090000000000146, 1
, , 3443.0140000000001237, 1, , , 3443.0140000000001237, 0, , , 3443.0140000000001237, 0, , , 3443.0140000000001237, 1
, , 3443.0189999999997781, 1, , , 3443.0189999999997781, 0, , , 3443.0189999999997781, 0, , , 3443.0189999999997781, 1
, , 3443.0239999999998872, 1, , , 3443.0239999999998872, 0, , , 3443.0239999999998872, 0, , , 3443.0239999999998872, 1
, , 3443.0289999999999964, 1, , , 3443.0289999999999964, 0, , , 3443.0289999999999964, 0, , , 3443.0289999999999964, 1
, , 3443.0340000000001055, 1, , , 3443.0340000000001055, 0, , , 3443.0340000000001055, 0, , , 3443.0340000000001055, 1
, , 3443.0390000000002146, 1, , , 3443.0390000000002146, 0, , , 3443.0390000000002146, 0, , , 3443.0390000000002146, 1
, , 3443.043999999999869, 1, , , 3443.043999999999869, 0, , , 3443.043999999999869, 0, , , 3443.043999999999869, 1
, , 3443.0489999999999782, 1, , , 3443.0489999999999782, 0, , , 3443.0489999999999782, 0, , , 3443.0489999999999782, 1
, , 3443.0540000000000873, 1, , , 3443.0540000000000873, 0, , , 3443.0540000000000873, 0, , , 3443.0540000000000873, 1
, , 3443.0590000000001965, 1, , , 3443.0590000000001965, 0, , , 3443.0590000000001965, 0, , , 3443.0590000000001965, 1
, , 3443.0639999999998508, 1, , , 3443.0639999999998508, 0, , , 3443.0639999999998508, 0, , , 3443.0639999999998508, 1
, , 3443.06899999999996, 1, , , 3443.06899999999996, 0, , , 3443.06899999999996, 0, , , 3443.06899999999996, 1
, , 3443.0740000000000691, 1, , , 3443.0740000000000691, 0, , , 3443.0740000000000691, 0, , , 3443.0740000000000691, 1
, , 3443.0790000000001783, 1, , , 3443.0790000000001783, 0, , , 3443.0790000000001783, 0, , , 3443.0790000000001783, 1
, , 3443.0859999999997854, 1, , , 3443.0859999999997854, 1, , , 3443.0859999999997854, 1, , , 3443.0859999999997854, 1
, , 3443.0889999999999418, 1, , , 3443.0889999999999418, 1, , , 3443.0889999999999418, 1, , , 3443.0889999999999418, 1
, , 3443.0949999999997999, 1, , , 3443.0949999999997999, 1, , , 3443.0949999999997999, 1, , , 3443.0949999999997999, 1
, , 3443.0990000000001601, 1, , , 3443.0990000000001601, 1, , , 3443.0990000000001601, 1, , , 3443.0990000000001601, 1
, , 3443.1050000000000182, 1, , , 3443.1050000000000182, 1, , , 3443.1050000000000182, 1, , , 3443.1050000000000182, 1
, , 3443.1089999999999236, 1, , , 3443.1089999999999236, 1, , , 3443.1089999999999236, 1, , , 3443.1089999999999236, 1
, , 3443.1140000000000327, 1, , , 3443.1140000000000327, 1, , , 3443.1140000000000327, 1, , , 3443.1140000000000327, 1
, , 3443.1199999999998909, 1, , , 3443.1199999999998909, 1, , , 3443.1199999999998909, 1, , , 3443.1199999999998909, 1
, , 3443.1239999999997963, 1, , , 3443.1239999999997963, 1, , , 3443.1239999999997963, 1, , , 3443.1239999999997963, 1
, , 3443.1309999999998581, 1, , , 3443.1309999999998581, 1, , , 3443.1309999999998581, 1, , , 3443.1309999999998581, 1
, , 3443.1340000000000146, 1, , , 3443.1340000000000146, 1, , , 3443.1340000000000146, 1, , , 3443.1340000000000146, 1
, , 3443.1390000000001237, 1, , , 3443.1390000000001237, 1, , , 3443.1390000000001237, 1, , , 3443.1390000000001237, 1
, , 3443.1449999999999818, 1, , , 3443.1449999999999818, 1, , , 3443.1449999999999818, 1, , , 3443.1449999999999818, 1
, , 3443.1509999999998399, 1, , , 3443.1509999999998399, 1, , , 3443.1509999999998399, 1, , , 3443.1509999999998399, 1
, , 3443.1550000000002001, 1, , , 3443.1550000000002001, 1, , , 3443.1550000000002001, 1, , , 3443.1550000000002001, 1
, , 3443.1590000000001055, 1, , , 3443.1590000000001055, 1, , , 3443.1590000000001055, 1, , , 3443.1590000000001055, 1
, , 3443.1640000000002146, 0, , , 3443.1640000000002146, 1, , , 3443.1640000000002146, 1, , , 3443.1640000000002146, 0
, , 3443.1729999999997744, 0, , , 3443.1729999999997744, 1, , , 3443.1729999999997744, 1, , , 3443.1729999999997744, 0
, , 3443.1739999999999782, 0, , , 3443.1739999999999782, 1, , , 3443.1739999999999782, 1, , , 3443.1739999999999782, 0
, , 3443.1799999999998363, 0, , , 3443.1799999999998363, 1, , , 3443.1799999999998363, 1, , , 3443.1799999999998363, 0
, , 3443.1840000000001965, 0, , , 3443.1840000000001965, 1, , , 3443.1840000000001965, 1, , , 3443.1840000000001965, 0
, , 3443.1900000000000546, 0, , , 3443.1900000000000546, 1, , , 3443.1900000000000546, 1, , , 3443.1900000000000546, 0
, , 3443.19399999999996, 0, , , 3443.19399999999996, 1, , , 3443.19399999999996, 1, , , 3443.19399999999996, 0
, , 3443.1990000000000691, 0, , , 3443.1990000000000691, 1, , , 3443.1990000000000691, 1, , , 3443.1990000000000691, 0
, , 3443.2040000000001783, 0, , , 3443.2040000000001783, 1, , , 3443.2040000000001783, 1, , , 3443.2040000000001783, 0
, , 3443.2089999999998327, 0, , , 3443.2089999999998327, 1, , , 3443.2089999999998327, 1, , , 3443.2089999999998327, 0
, , 3443.2139999999999418, 0, , , 3443.2139999999999418, 1, , , 3443.2139999999999418, 1, , , 3443.2139999999999418, 0
, , 3443.2199999999997999, 0, , , 3443.2199999999997999, 1, , , 3443.2199999999997999, 1, , , 3443.2199999999997999, 0
, , 3443.2240000000001601, 0, , , 3443.2240000000001601, 1, , , 3443.2240000000001601, 1, , , 3443.2240000000001601, 0
, , 3443.2289999999998145, 0, , , 3443.2289999999998145, 1, , , 3443.2289999999998145, 1, , , 3443.2289999999998145, 0
, , 3443.2350000000001273, 0, , , 3443.2350000000001273, 1, , , 3443.2350000000001273, 1, , , 3443.2350000000001273, 0
, , 3443.2399999999997817, 0, , , 3443.2399999999997817, 1, , , 3443.2399999999997817, 1, , , 3443.2399999999997817, 0
, , 3443.2440000000001419, 0, , , 3443.2440000000001419, 1, , , 3443.2440000000001419, 1, , , 3443.2440000000001419, 0
, , 3443.2489999999997963, 0, , , 3443.2489999999997963, 1, , , 3443.2489999999997963, 1, , , 3443.2489999999997963, 0
, , 3443.2539999999999054, 0, , , 3443.2539999999999054, 1, , , 3443.2539999999999054, 1, , , 3443.2539999999999054, 0
, , 3443.2590000000000146, 0, , , 3443.2590000000000146, 1, , , 3443.2590000000000146, 1, , , 3443.2590000000000146, 0
, , 3443.2640000000001237, 0, , , 3443.2640000000001237, 1, , , 3443.2640000000001237, 1, , , 3443.2640000000001237, 0
, , 3443.2699999999999818, 0, , , 3443.2699999999999818, 1, , , 3443.2699999999999818, 1, , , 3443.2699999999999818, 0
, , 3443.2739999999998872, 0, , , 3443.2739999999998872, 1, , , 3443.2739999999998872, 1, , , 3443.2739999999998872, 0
, , 3443.2789999999999964, 0, , , 3443.2789999999999964, 1, , , 3443.2789999999999964, 1, , , 3443.2789999999999964, 0
, , 3443.2840000000001055, 0, , , 3443.2840000000001055, 1, , , 3443.2840000000001055, 1, , , 3443.2840000000001055, 0
, , 3443.2890000000002146, 0, , , 3443.2890000000002146, 1, , , 3443.2890000000002146, 1, , , 3443.2890000000002146, 0
, , 3443.2950000000000728, 0, , , 3443.2950000000000728, 1, , , 3443.2950000000000728, 1, , , 3443.2950000000000728, 0
, , 3443.3000000000001819, 0, , , 3443.3000000000001819, 1, , , 3443.3000000000001819, 1, , , 3443.3000000000001819, 0
, , 3443.3040000000000873, 0, , , 3443.3040000000000873, 1, , , 3443.3040000000000873, 1, , , 3443.3040000000000873, 0
, , 3443.3110000000001492, 0, , , 3443.3110000000001492, 1, , , 3443.3110000000001492, 1, , , 3443.3110000000001492, 0
, , 3443.3139999999998508, 0, , , 3443.3139999999998508, 1, , , 3443.3139999999998508, 1, , , 3443.3139999999998508, 0
, , 3443.31899999999996, 0, , , 3443.31899999999996, 1, , , 3443.31899999999996, 1, , , 3443.31899999999996, 0
, , 3443.3240000000000691, 0, , , 3443.3240000000000691, 1, , , 3443.3240000000000691, 1, , , 3443.3240000000000691, 0
, , 3443.3290000000001783, 0, , , 3443.3290000000001783, 1, , , 3443.3290000000001783, 1, , , 3443.3290000000001783, 0
, , 3443.3339999999998327, 0, , , 3443.3339999999998327, 1, , , 3443.3339999999998327, 1, , , 3443.3339999999998327, 0
, , 3443.3429999999998472, 0, , , 3443.3429999999998472, 1, , , 3443.3429999999998472, 1, , , 3443.3429999999998472, 0
, , 3443.3440000000000509, 0, , , 3443.3440000000000509, 1, , , 3443.3440000000000509, 1, , , 3443.3440000000000509, 0
, , 3443.3490000000001601, 0, , , 3443.3490000000001601, 1, , , 3443.3490000000001601, 1, , , 3443.3490000000001601, 0
, , 3443.3550000000000182, 0, , , 3443.3550000000000182, 1, , , 3443.3550000000000182, 1, , , 3443.3550000000000182, 0
, , 3443.3589999999999236, 0, , , 3443.3589999999999236, 1, , , 3443.3589999999999236, 1, , , 3443.3589999999999236, 0
, , 3443.3649999999997817, 0, , , 3443.3649999999997817, 1, , , 3443.3649999999997817, 1, , , 3443.3649999999997817, 0
, , 3443.3690000000001419, 0, , , 3443.3690000000001419, 1, , , 3443.3690000000001419, 1, , , 3443.3690000000001419, 0
, , 3443.375, 0, , , 3443.375, 1, , , 3443.375, 1, , , 3443.375, 0
, , 3443.3789999999999054, 0, , , 3443.3789999999999054, 1, , , 3443.3789999999999054, 1, , , 3443.3789999999999054, 0
, , 3443.3829999999998108, 0, , , 3443.3829999999998108, 1, , , 3443.3829999999998108, 1, , , 3443.3829999999998108, 0
, , 3443.3890000000001237, 0, , , 3443.3890000000001237, 1, , , 3443.3890000000001237, 1, , , 3443.3890000000001237, 0
, , 3443.3939999999997781, 0, , , 3443.3939999999997781, 1, , , 3443.3939999999997781, 1, , , 3443.3939999999997781, 0
, , 3443.3989999999998872, 0, , , 3443.3989999999998872, 1, , , 3443.3989999999998872, 1, , , 3443.3989999999998872, 0
, , 3443.4050000000002001, 0, , , 3443.4050000000002001, 1, , , 3443.4050000000002001, 1, , , 3443.4050000000002001, 0
, , 3443.4090000000001055, 0, , , 3443.4090000000001055, 1, , , 3443.4090000000001055, 1, , , 3443.4090000000001055, 0
, , 3443.4140000000002146, 1, , , 3443.4140000000002146, 1, , , 3443.4140000000002146, 1, , , 3443.4140000000002146, 1
, , 3443.418999999999869, 1, , , 3443.418999999999869, 1, , , 3443.418999999999869, 1, , , 3443.418999999999869, 1
, , 3443.4229999999997744, 1, , , 3443.4229999999997744, 1, , , 3443.4229999999997744, 1, , , 3443.4229999999997744, 1
, , 3443.4279999999998836, 1, , , 3443.4279999999998836, 1, , , 3443.4279999999998836, 1, , , 3443.4279999999998836, 1
, , 3443.4349999999999454, 1, , , 3443.4349999999999454, 1, , , 3443.4349999999999454, 1, , , 3443.4349999999999454, 1
, , 3443.4389999999998508, 1, , , 3443.4389999999998508, 1, , , 3443.4389999999998508, 1, , , 3443.4389999999998508, 1
, , 3443.4450000000001637, 1, , , 3443.4450000000001637, 1, , , 3443.4450000000001637, 1, , , 3443.4450000000001637, 1
, , 3443.4490000000000691, 1, , , 3443.4490000000000691, 1, , , 3443.4490000000000691, 1, , , 3443.4490000000000691, 1
, , 3443.4549999999999272, 1, , , 3443.4549999999999272, 1, , , 3443.4549999999999272, 1, , , 3443.4549999999999272, 1
, , 3443.4600000000000364, 1, , , 3443.4600000000000364, 1, , , 3443.4600000000000364, 1, , , 3443.4600000000000364, 1
, , 3443.4639999999999418, 1, , , 3443.4639999999999418, 1, , , 3443.4639999999999418, 1, , , 3443.4639999999999418, 1
, , 3443.4690000000000509, 1, , , 3443.4690000000000509, 1, , , 3443.4690000000000509, 1, , , 3443.4690000000000509, 1
, , 3443.4740000000001601, 1, , , 3443.4740000000001601, 1, , , 3443.4740000000001601, 1, , , 3443.4740000000001601, 1
, , 3443.4800000000000182, 1, , , 3443.4800000000000182, 1, , , 3443.4800000000000182, 1, , , 3443.4800000000000182, 1
, , 3443.4839999999999236, 1, , , 3443.4839999999999236, 1, , , 3443.4839999999999236, 1, , , 3443.4839999999999236, 1
, , 3443.4890000000000327, 1, , , 3443.4890000000000327, 0, , , 3443.4890000000000327, 0, , , 3443.4890000000000327, 1
, , 3443.4949999999998909, 1, , , 3443.4949999999998909, 0, , , 3443.4949999999998909, 0, , , 3443.4949999999998909, 1
, , 3443.4989999999997963, 1, , , 3443.4989999999997963, 0, , , 3443.4989999999997963, 0, , , 3443.4989999999997963, 1
, , 3443.5039999999999054, 1, , , 3443.5039999999999054, 0, , , 3443.5039999999999054, 0, , , 3443.5039999999999054, 1
, , 3443.5090000000000146, 1, , , 3443.5090000000000146, 0, , , 3443.5090000000000146, 0, , , 3443.5090000000000146, 1
, , 3443.5140000000001237, 1, , , 3443.5140000000001237, 0, , , 3443.5140000000001237, 0, , , 3443.5140000000001237, 1
, , 3443.5189999999997781, 1, , , 3443.5189999999997781, 0, , , 3443.5189999999997781, 0, , , 3443.5189999999997781, 1
, , 3443.5239999999998872, 1, , , 3443.5239999999998872, 0, , , 3443.5239999999998872, 0, , , 3443.5239999999998872, 1
, , 3443.5289999999999964, 1, , , 3443.5289999999999964, 0, , , 3443.5289999999999964, 0, , , 3443.5289999999999964, 1
, , 3443.5340000000001055, 1, , , 3443.5340000000001055, 0, , , 3443.5340000000001055, 0, , , 3443.5340000000001055, 1
, , 3443.5390000000002146, 1, , , 3443.5390000000002146, 0, , , 3443.5390000000002146, 0, , , 3443.5390000000002146, 1
, , 3443.543999999999869, 1, , , 3443.543999999999869, 0, , , 3443.543999999999869, 0, , , 3443.543999999999869, 1
, , 3443.5509999999999309, 1, , , 3443.5509999999999309, 0, , , 3443.5509999999999309, 0, , , 3443.5509999999999309, 1
, , 3443.5540000000000873, 1, , , 3443.5540000000000873, 0, , , 3443.5540000000000873, 0, , , 3443.5540000000000873, 1
, , 3443.5590000000001965, 1, , , 3443.5590000000001965, 0, , , 3443.5590000000001965, 0, , , 3443.5590000000001965, 1
, , 3443.5639999999998508, 1, , , 3443.5639999999998508, 0, , , 3443.5639999999998508, 0, , , 3443.5639999999998508, 1
, , 3443.5700000000001637, 1, , , 3443.5700000000001637, 0, , , 3443.5700000000001637, 0, , , 3443.5700000000001637, 1
, , 3443.5740000000000691, 1, , , 3443.5740000000000691, 0, , , 3443.5740000000000691, 0, , , 3443.5740000000000691, 1
, , 3443.581000000000131, 1, , , 3443.581000000000131, 0, , , 3443.581000000000131, 0, , , 3443.581000000000131, 1
, , 3443.5850000000000364, 1, , , 3443.5850000000000364, 0, , , 3443.5850000000000364, 0, , , 3443.5850000000000364, 1
, , 3443.5889999999999418, 1, , , 3443.5889999999999418, 0, , , 3443.5889999999999418, 0, , , 3443.5889999999999418, 1
, , 3443.5940000000000509, 1, , , 3443.5940000000000509, 0, , , 3443.5940000000000509, 0, , , 3443.5940000000000509, 1
, , 3443.5990000000001601, 1, , , 3443.5990000000001601, 0, , , 3443.5990000000001601, 0, , , 3443.5990000000001601, 1
, , 3443.6039999999998145, 1, , , 3443.6039999999998145, 0, , , 3443.6039999999998145, 0, , , 3443.6039999999998145, 1
, , 3443.6089999999999236, 1, , , 3443.6089999999999236, 0, , , 3443.6089999999999236, 0, , , 3443.6089999999999236, 1
, , 3443.612999999999829, 1, , , 3443.612999999999829, 0, , , 3443.612999999999829, 0, , , 3443.612999999999829, 1
, , 3443.6190000000001419, 1, , , 3443.6190000000001419, 0, , , 3443.6190000000001419, 0, , , 3443.6190000000001419, 1
, , 3443.6239999999997963, 1, , , 3443.6239999999997963, 0, , , 3443.6239999999997963, 0, , , 3443.6239999999997963, 1
, , 3443.6289999999999054, 1, , , 3443.6289999999999054, 0, , , 3443.6289999999999054, 0, , , 3443.6289999999999054, 1
, , 3443.6350000000002183, 1, , , 3443.6350000000002183, 0, , , 3443.6350000000002183, 0, , , 3443.6350000000002183, 1
, , 3443.6390000000001237, 1, , , 3443.6390000000001237, 0, , , 3443.6390000000001237, 0, , , 3443.6390000000001237, 1
, , 3443.6439999999997781, 1, , , 3443.6439999999997781, 0, , , 3443.6439999999997781, 0, , , 3443.6439999999997781, 1
, , 3443.6489999999998872, 1, , , 3443.6489999999998872, 0, , , 3443.6489999999998872, 0, , , 3443.6489999999998872, 1
, , 3443.6539999999999964, 1, , , 3443.6539999999999964, 0, , , 3443.6539999999999964, 0, , , 3443.6539999999999964, 1
, , 3443.6599999999998545, 1, , , 3443.6599999999998545, 0, , , 3443.6599999999998545, 0, , , 3443.6599999999998545, 1
, , 3443.6649999999999636, 1, , , 3443.6649999999999636, 0, , , 3443.6649999999999636, 0, , , 3443.6649999999999636, 1
, , 3443.6680000000001201, 1, , , 3443.6680000000001201, 0, , , 3443.6680000000001201, 0, , , 3443.6680000000001201, 1
, , 3443.6750000000001819, 1, , , 3443.6750000000001819, 0, , , 3443.6750000000001819, 0, , , 3443.6750000000001819, 1
, , 3443.6779999999998836, 1, , , 3443.6779999999998836, 0, , , 3443.6779999999998836, 0, , , 3443.6779999999998836, 1
, , 3443.6840000000001965, 1, , , 3443.6840000000001965, 0, , , 3443.6840000000001965, 0, , , 3443.6840000000001965, 1
, , 3443.6889999999998508, 1, , , 3443.6889999999998508, 0, , , 3443.6889999999998508, 0, , , 3443.6889999999998508, 1
, , 3443.69399999999996, 1, , , 3443.69399999999996, 0, , , 3443.69399999999996, 0, , , 3443.69399999999996, 1
, , 3443.6990000000000691, 1, , , 3443.6990000000000691, 0, , , 3443.6990000000000691, 0, , , 3443.6990000000000691, 1
, , 3443.7049999999999272, 1, , , 3443.7049999999999272, 0, , , 3443.7049999999999272, 0, , , 3443.7049999999999272, 1
, , 3443.7089999999998327, 1, , , 3443.7089999999998327, 0, , , 3443.7089999999998327, 0, , , 3443.7089999999998327, 1
, , 3443.7139999999999418, 1, , , 3443.7139999999999418, 0, , , 3443.7139999999999418, 0, , , 3443.7139999999999418, 1
, , 3443.7190000000000509, 1, , , 3443.7190000000000509, 0, , , 3443.7190000000000509, 0, , , 3443.7190000000000509, 1
, , 3443.7240000000001601, 1, , , 3443.7240000000001601, 0, , , 3443.7240000000001601, 0, , , 3443.7240000000001601, 1
, , 3443.7289999999998145, 1, , , 3443.7289999999998145, 0, , , 3443.7289999999998145, 0, , , 3443.7289999999998145, 1
, , 3443.7339999999999236, 1, , , 3443.7339999999999236, 0, , , 3443.7339999999999236, 0, , , 3443.7339999999999236, 1
, , 3443.7390000000000327, 1, , , 3443.7390000000000327, 1, , , 3443.7390000000000327, 1, , , 3443.7390000000000327, 1
, , 3443.7440000000001419, 1, , , 3443.7440000000001419, 1, , , 3443.7440000000001419, 1, , , 3443.7440000000001419, 1
, , 3443.7489999999997963, 1, , , 3443.7489999999997963, 1, , , 3443.7489999999997963, 1, , , 3443.7489999999997963, 1
, , 3443.7550000000001091, 1, , , 3443.7550000000001091, 1, , , 3443.7550000000001091, 1, , , 3443.7550000000001091, 1
, , 3443.7590000000000146, 1, , , 3443.7590000000000146, 1, , , 3443.7590000000000146, 1, , , 3443.7590000000000146, 1
, , 3443.76299999999992, 1, , , 3443.76299999999992, 1, , , 3443.76299999999992, 1, , , 3443.76299999999992, 1
, , 3443.7699999999999818, 1, , , 3443.7699999999999818, 1, , , 3443.7699999999999818, 1, , , 3443.7699999999999818, 1
, , 3443.7739999999998872, 1, , , 3443.7739999999998872, 1, , , 3443.7739999999998872, 1, , , 3443.7739999999998872, 1
, , 3443.7789999999999964, 1, , , 3443.7789999999999964, 1, , , 3443.7789999999999964, 1, , , 3443.7789999999999964, 1
, , 3443.7840000000001055, 1, , , 3443.7840000000001055, 1, , , 3443.7840000000001055, 1, , , 3443.7840000000001055, 1
, , 3443.7890000000002146, 1, , , 3443.7890000000002146, 1, , , 3443.7890000000002146, 1, , , 3443.7890000000002146, 1
, , 3443.7970000000000255, 1, , , 3443.7970000000000255, 1, , , 3443.7970000000000255, 1, , , 3443.7970000000000255, 1
, , 3443.7989999999999782, 1, , , 3443.7989999999999782, 1, , , 3443.7989999999999782, 1, , , 3443.7989999999999782, 1
, , 3443.8049999999998363, 1, , , 3443.8049999999998363, 1, , , 3443.8049999999998363, 1, , , 3443.8049999999998363, 1
, , 3443.8090000000001965, 1, , , 3443.8090000000001965, 1, , , 3443.8090000000001965, 1, , , 3443.8090000000001965, 1
, , 3443.8139999999998508, 0, , , 3443.8139999999998508, 1, , , 3443.8139999999998508, 1, , , 3443.8139999999998508, 0
, , 3443.81899999999996, 0, , , 3443.81899999999996, 1, , , 3443.81899999999996, 1, , , 3443.81899999999996, 0
, , 3443.8240000000000691, 0, , , 3443.8240000000000691, 1, , , 3443.8240000000000691, 1, , , 3443.8240000000000691, 0
, , 3443.8290000000001783, 0, , , 3443.8290000000001783, 1, , , 3443.8290000000001783, 1, , , 3443.8290000000001783, 0
, , 3443.8339999999998327, 0, , , 3443.8339999999998327, 1, , , 3443.8339999999998327, 1, , , 3443.8339999999998327, 0
, , 3443.8400000000001455, 0, , , 3443.8400000000001455, 1, , , 3443.8400000000001455, 1, , , 3443.8400000000001455, 0
, , 3443.8440000000000509, 0, , , 3443.8440000000000509, 1, , , 3443.8440000000000509, 1, , , 3443.8440000000000509, 0
, , 3443.8490000000001601, 0, , , 3443.8490000000001601, 1, , , 3443.8490000000001601, 1, , , 3443.8490000000001601, 0
, , 3443.8539999999998145, 0, , , 3443.8539999999998145, 1, , , 3443.8539999999998145, 1, , , 3443.8539999999998145, 0
, , 3443.8589999999999236, 0, , , 3443.8589999999999236, 1, , , 3443.8589999999999236, 1, , , 3443.8589999999999236, 0
, , 3443.8640000000000327, 0, , , 3443.8640000000000327, 1, , , 3443.8640000000000327, 1, , , 3443.8640000000000327, 0
, , 3443.8690000000001419, 0, , , 3443.8690000000001419, 1, , , 3443.8690000000001419, 1, , , 3443.8690000000001419, 0
, , 3443.8739999999997963, 0, , , 3443.8739999999997963, 1, , , 3443.8739999999997963, 1, , , 3443.8739999999997963, 0
, , 3443.8789999999999054, 0, , , 3443.8789999999999054, 1, , , 3443.8789999999999054, 1, , , 3443.8789999999999054, 0
, , 3443.8840000000000146, 0, , , 3443.8840000000000146, 1, , , 3443.8840000000000146, 1, , , 3443.8840000000000146, 0
, , 3443.8890000000001237, 0, , , 3443.8890000000001237, 1, , , 3443.8890000000001237, 1, , , 3443.8890000000001237, 0
, , 3443.8939999999997781, 0, , , 3443.8939999999997781, 1, , , 3443.8939999999997781, 1, , , 3443.8939999999997781, 0
, , 3443.8989999999998872, 0, , , 3443.8989999999998872, 1, , , 3443.8989999999998872, 1, , , 3443.8989999999998872, 0
, , 3443.9039999999999964, 0, , , 3443.9039999999999964, 1, , , 3443.9039999999999964, 1, , , 3443.9039999999999964, 0
, , 3443.9079999999999018, 0, , , 3443.9079999999999018, 1, , , 3443.9079999999999018, 1, , , 3443.9079999999999018, 0
, , 3443.9140000000002146, 0, , , 3443.9140000000002146, 1, , , 3443.9140000000002146, 1, , , 3443.9140000000002146, 0
, , 3443.9200000000000728, 0, , , 3443.9200000000000728, 1, , , 3443.9200000000000728, 1, , , 3443.9200000000000728, 0
, , 3443.9259999999999309, 0, , , 3443.9259999999999309, 1, , , 3443.9259999999999309, 1, , , 3443.9259999999999309, 0
, , 3443.9290000000000873, 0, , , 3443.9290000000000873, 1, , , 3443.9290000000000873, 1, , , 3443.9290000000000873, 0
, , 3443.9340000000001965, 0, , , 3443.9340000000001965, 1, , , 3443.9340000000001965, 1, , , 3443.9340000000001965, 0
, , 3443.9389999999998508, 0, , , 3443.9389999999998508, 1, , , 3443.9389999999998508, 1, , , 3443.9389999999998508, 0
, , 3443.94399999999996, 0, , , 3443.94399999999996, 1, , , 3443.94399999999996, 1, , , 3443.94399999999996, 0
, , 3443.9490000000000691, 0, , , 3443.9490000000000691, 1, , , 3443.9490000000000691, 1, , , 3443.9490000000000691, 0
, , 3443.9549999999999272, 0, , , 3443.9549999999999272, 1, , , 3443.9549999999999272, 1, , , 3443.9549999999999272, 0
, , 3443.9589999999998327, 0, , , 3443.9589999999998327, 1, , , 3443.9589999999998327, 1, , , 3443.9589999999998327, 0
, , 3443.9639999999999418, 0, , , 3443.9639999999999418, 1, , , 3443.9639999999999418, 1, , , 3443.9639999999999418, 0
, , 3443.9690000000000509, 0, , , 3443.9690000000000509, 1, , , 3443.9690000000000509, 1, , , 3443.9690000000000509, 0
, , 3443.9749999999999091, 0, , , 3443.9749999999999091, 1, , , 3443.9749999999999091, 1, , , 3443.9749999999999091, 0
, , 3443.9789999999998145, 0, , , 3443.9789999999998145, 1, , , 3443.9789999999998145, 1, , , 3443.9789999999998145, 0
, , 3443.9839999999999236, 0, , , 3443.9839999999999236, 1, , , 3443.9839999999999236, 1, , , 3443.9839999999999236, 0
, , 3443.9890000000000327, 0, , , 3443.9890000000000327, 1, , , 3443.9890000000000327, 1, , , 3443.9890000000000327, 0
, , 3443.9940000000001419, 0, , , 3443.9940000000001419, 1, , , 3443.9940000000001419, 1, , , 3443.9940000000001419, 0
, , 3443.9989999999997963, 0, , , 3443.9989999999997963, 1, , , 3443.9989999999997963, 1, , , 3443.9989999999997963, 0
, , 3444.0039999999999054, 0, , , 3444.0039999999999054, 1, , , 3444.0039999999999054, 1, , , 3444.0039999999999054, 0
, , 3444.0100000000002183, 0, , , 3444.0100000000002183, 1, , , 3444.0100000000002183, 1, , , 3444.0100000000002183, 0
, , 3444.0140000000001237, 0, , , 3444.0140000000001237, 1, , , 3444.0140000000001237, 1, , , 3444.0140000000001237, 0
, , 3444.0189999999997781, 0, , , 3444.0189999999997781, 1, , , 3444.0189999999997781, 1, , , 3444.0189999999997781, 0
, , 3444.0239999999998872, 0, , , 3444.0239999999998872, 1, , , 3444.0239999999998872, 1, , , 3444.0239999999998872, 0
, , 3444.0289999999999964, 0, , , 3444.0289999999999964, 1, , , 3444.0289999999999964, 1, , , 3444.0289999999999964, 0
, , 3444.0340000000001055, 0, , , 3444.0340000000001055, 1, , , 3444.0340000000001055, 1, , , 3444.0340000000001055, 0
, , 3444.0390000000002146, 0, , , 3444.0390000000002146, 1, , , 3444.0390000000002146, 1, , , 3444.0390000000002146, 0
, , 3444.043999999999869, 0, , , 3444.043999999999869, 1, , , 3444.043999999999869, 1, , , 3444.043999999999869, 0
, , 3444.0500000000001819, 0, , , 3444.0500000000001819, 1, , , 3444.0500000000001819, 1, , , 3444.0500000000001819, 0
, , 3444.0540000000000873, 0, , , 3444.0540000000000873, 1, , , 3444.0540000000000873, 1, , , 3444.0540000000000873, 0
, , 3444.0590000000001965, 0, , , 3444.0590000000001965, 1, , , 3444.0590000000001965, 1, , , 3444.0590000000001965, 0
, , 3444.0639999999998508, 1, , , 3444.0639999999998508, 1, , , 3444.0639999999998508, 1, , , 3444.0639999999998508, 1
, , 3444.0700000000001637, 1, , , 3444.0700000000001637, 1, , , 3444.0700000000001637, 1, , , 3444.0700000000001637, 1
, , 3444.0740000000000691, 1, , , 3444.0740000000000691, 1, , , 3444.0740000000000691, 1, , , 3444.0740000000000691, 1
, , 3444.0790000000001783, 1, , , 3444.0790000000001783, 1, , , 3444.0790000000001783, 1, , , 3444.0790000000001783, 1
, , 3444.0850000000000364, 1, , , 3444.0850000000000364, 1, , , 3444.0850000000000364, 1, , , 3444.0850000000000364, 1
, , 3444.0889999999999418, 1, , , 3444.0889999999999418, 1, , , 3444.0889999999999418, 1, , , 3444.0889999999999418, 1
, , 3444.0940000000000509, 1, , , 3444.0940000000000509, 1, , , 3444.0940000000000509, 1, , , 3444.0940000000000509, 1
, , 3444.0990000000001601, 1, , , 3444.0990000000001601, 1, , , 3444.0990000000001601, 1, , , 3444.0990000000001601, 1
, , 3444.1039999999998145, 1, , , 3444.1039999999998145, 1, , , 3444.1039999999998145, 1, , , 3444.1039999999998145, 1
, , 3444.1089999999999236, 1, , , 3444.1089999999999236, 1, , , 3444.1089999999999236, 1, , , 3444.1089999999999236, 1
, , 3444.1140000000000327, 1, , , 3444.1140000000000327, 1, , , 3444.1140000000000327, 1, , , 3444.1140000000000327, 1
, , 3444.1190000000001419, 1, , , 3444.1190000000001419, 1, , , 3444.1190000000001419, 1, , , 3444.1190000000001419, 1
, , 3444.1280000000001564, 1, , , 3444.1280000000001564, 1, , , 3444.1280000000001564, 1, , , 3444.1280000000001564, 1
, , 3444.1289999999999054, 1, , , 3444.1289999999999054, 1, , , 3444.1289999999999054, 1, , , 3444.1289999999999054, 1
, , 3444.1340000000000146, 1, , , 3444.1340000000000146, 0, , , 3444.1340000000000146, 0, , , 3444.1340000000000146, 1
, , 3444.1390000000001237, 1, , , 3444.1390000000001237, 0, , , 3444.1390000000001237, 0, , , 3444.1390000000001237, 1
, , 3444.1439999999997781, 1, , , 3444.1439999999997781, 0, , , 3444.1439999999997781, 0, , , 3444.1439999999997781, 1
, , 3444.1480000000001382, 1, , , 3444.1480000000001382, 0, , , 3444.1480000000001382, 0, , , 3444.1480000000001382, 1
, , 3444.1539999999999964, 1, , , 3444.1539999999999964, 0, , , 3444.1539999999999964, 0, , , 3444.1539999999999964, 1
, , 3444.1599999999998545, 1, , , 3444.1599999999998545, 0, , , 3444.1599999999998545, 0, , , 3444.1599999999998545, 1
, , 3444.1640000000002146, 1, , , 3444.1640000000002146, 0, , , 3444.1640000000002146, 0, , , 3444.1640000000002146, 1
, , 3444.168999999999869, 1, , , 3444.168999999999869, 0, , , 3444.168999999999869, 0, , , 3444.168999999999869, 1
, , 3444.1750000000001819, 1, , , 3444.1750000000001819, 0, , , 3444.1750000000001819, 0, , , 3444.1750000000001819, 1
, , 3444.1790000000000873, 1, , , 3444.1790000000000873, 0, , , 3444.1790000000000873, 0, , , 3444.1790000000000873, 1
, , 3444.1840000000001965, 1, , , 3444.1840000000001965, 0, , , 3444.1840000000001965, 0, , , 3444.1840000000001965, 1
, , 3444.1900000000000546, 1, , , 3444.1900000000000546, 0, , , 3444.1900000000000546, 0, , , 3444.1900000000000546, 1
, , 3444.19399999999996, 1, , , 3444.19399999999996, 0, , , 3444.19399999999996, 0, , , 3444.19399999999996, 1
, , 3444.1990000000000691, 1, , , 3444.1990000000000691, 0, , , 3444.1990000000000691, 0, , , 3444.1990000000000691, 1
, , 3444.2049999999999272, 1, , , 3444.2049999999999272, 0, , , 3444.2049999999999272, 0, , , 3444.2049999999999272, 1
, , 3444.2100000000000364, 1, , , 3444.2100000000000364, 0, , , 3444.2100000000000364, 0, , , 3444.2100000000000364, 1
, , 3444.2150000000001455, 1, , , 3444.2150000000001455, 0, , , 3444.2150000000001455, 0, , , 3444.2150000000001455, 1
, , 3444.2199999999997999, 1, , , 3444.2199999999997999, 0, , , 3444.2199999999997999, 0, , , 3444.2199999999997999, 1
, , 3444.2260000000001128, 1, , , 3444.2260000000001128, 0, , , 3444.2260000000001128, 0, , , 3444.2260000000001128, 1
, , 3444.2319999999999709, 1, , , 3444.2319999999999709, 0, , , 3444.2319999999999709, 0, , , 3444.2319999999999709, 1
, , 3444.2350000000001273, 1, , , 3444.2350000000001273, 0, , , 3444.2350000000001273, 0, , , 3444.2350000000001273, 1
, , 3444.2390000000000327, 1, , , 3444.2390000000000327, 0, , , 3444.2390000000000327, 0, , , 3444.2390000000000327, 1
, , 3444.2440000000001419, 1, , , 3444.2440000000001419, 0, , , 3444.2440000000001419, 0, , , 3444.2440000000001419, 1
, , 3444.25, 1, , , 3444.25, 0, , , 3444.25, 0, , , 3444.25, 1
, , 3444.2539999999999054, 1, , , 3444.2539999999999054, 0, , , 3444.2539999999999054, 0, , , 3444.2539999999999054, 1
, , 3444.2590000000000146, 1, , , 3444.2590000000000146, 0, , , 3444.2590000000000146, 0, , , 3444.2590000000000146, 1
, , 3444.2640000000001237, 1, , , 3444.2640000000001237, 0, , , 3444.2640000000001237, 0, , , 3444.2640000000001237, 1
, , 3444.2689999999997781, 1, , , 3444.2689999999997781, 0, , , 3444.2689999999997781, 0, , , 3444.2689999999997781, 1
, , 3444.2739999999998872, 1, , , 3444.2739999999998872, 0, , , 3444.2739999999998872, 0, , , 3444.2739999999998872, 1
, , 3444.2789999999999964, 1, , , 3444.2789999999999964, 0, , , 3444.2789999999999964, 0, , , 3444.2789999999999964, 1
, , 3444.2849999999998545, 1, , , 3444.2849999999998545, 0, , , 3444.2849999999998545, 0, , , 3444.2849999999998545, 1
, , 3444.2890000000002146, 1, , , 3444.2890000000002146, 0, , , 3444.2890000000002146, 0, , , 3444.2890000000002146, 1
, , 3444.293999999999869, 1, , , 3444.293999999999869, 0, , , 3444.293999999999869, 0, , , 3444.293999999999869, 1
, , 3444.3000000000001819, 1, , , 3444.3000000000001819, 0, , , 3444.3000000000001819, 0, , , 3444.3000000000001819, 1
, , 3444.3040000000000873, 1, , , 3444.3040000000000873, 0, , , 3444.3040000000000873, 0, , , 3444.3040000000000873, 1
, , 3444.3090000000001965, 1, , , 3444.3090000000001965, 0, , , 3444.3090000000001965, 0, , , 3444.3090000000001965, 1
, , 3444.3150000000000546, 1, , , 3444.3150000000000546, 0, , , 3444.3150000000000546, 0, , , 3444.3150000000000546, 1
, , 3444.3200000000001637, 1, , , 3444.3200000000001637, 0, , , 3444.3200000000001637, 0, , , 3444.3200000000001637, 1
, , 3444.3240000000000691, 1, , , 3444.3240000000000691, 0, , , 3444.3240000000000691, 0, , , 3444.3240000000000691, 1
, , 3444.3290000000001783, 1, , , 3444.3290000000001783, 0, , , 3444.3290000000001783, 0, , , 3444.3290000000001783, 1
, , 3444.3339999999998327, 1, , , 3444.3339999999998327, 0, , , 3444.3339999999998327, 0, , , 3444.3339999999998327, 1
, , 3444.3389999999999418, 1, , , 3444.3389999999999418, 0, , , 3444.3389999999999418, 0, , , 3444.3389999999999418, 1
, , 3444.3440000000000509, 1, , , 3444.3440000000000509, 0, , , 3444.3440000000000509, 0, , , 3444.3440000000000509, 1
, , 3444.3490000000001601, 1, , , 3444.3490000000001601, 0, , , 3444.3490000000001601, 0, , , 3444.3490000000001601, 1
, , 3444.3550000000000182, 1, , , 3444.3550000000000182, 0, , , 3444.3550000000000182, 0, , , 3444.3550000000000182, 1
, , 3444.3589999999999236, 1, , , 3444.3589999999999236, 0, , , 3444.3589999999999236, 0, , , 3444.3589999999999236, 1
, , 3444.3640000000000327, 1, , , 3444.3640000000000327, 0, , , 3444.3640000000000327, 0, , , 3444.3640000000000327, 1
, , 3444.3690000000001419, 1, , , 3444.3690000000001419, 0, , , 3444.3690000000001419, 0, , , 3444.3690000000001419, 1
, , 3444.3739999999997963, 1, , , 3444.3739999999997963, 0, , , 3444.3739999999997963, 0, , , 3444.3739999999997963, 1
, , 3444.3800000000001091, 1, , , 3444.3800000000001091, 0, , , 3444.3800000000001091, 0, , , 3444.3800000000001091, 1
, , 3444.3840000000000146, 1, , , 3444.3840000000000146, 0, , , 3444.3840000000000146, 0, , , 3444.3840000000000146, 1
, , 3444.3890000000001237, 1, , , 3444.3890000000001237, 1, , , 3444.3890000000001237, 1, , , 3444.3890000000001237, 1
, , 3444.3949999999999818, 1, , , 3444.3949999999999818, 1, , , 3444.3949999999999818, 1, , , 3444.3949999999999818, 1
, , 3444.3980000000001382, 1, , , 3444.3980000000001382, 1, , , 3444.3980000000001382, 1, , , 3444.3980000000001382, 1
, , 3444.4039999999999964, 1, , , 3444.4039999999999964, 1, , , 3444.4039999999999964, 1, , , 3444.4039999999999964, 1
, , 3444.4090000000001055, 1, , , 3444.4090000000001055, 1, , , 3444.4090000000001055, 1, , , 3444.4090000000001055, 1
, , 3444.4140000000002146, 1, , , 3444.4140000000002146, 1, , , 3444.4140000000002146, 1, , , 3444.4140000000002146, 1
, , 3444.4200000000000728, 1, , , 3444.4200000000000728, 1, , , 3444.4200000000000728, 1, , , 3444.4200000000000728, 1
, , 3444.4239999999999782, 1, , , 3444.4239999999999782, 1, , , 3444.4239999999999782, 1, , , 3444.4239999999999782, 1
, , 3444.4290000000000873, 1, , , 3444.4290000000000873, 1, , , 3444.4290000000000873, 1, , , 3444.4290000000000873, 1
, , 3444.4340000000001965, 1, , , 3444.4340000000001965, 1, , , 3444.4340000000001965, 1, , , 3444.4340000000001965, 1
, , 3444.4400000000000546, 1, , , 3444.4400000000000546, 1, , , 3444.4400000000000546, 1, , , 3444.4400000000000546, 1
, , 3444.44399999999996, 1, , , 3444.44399999999996, 1, , , 3444.44399999999996, 1, , , 3444.44399999999996, 1
, , 3444.4490000000000691, 1, , , 3444.4490000000000691, 1, , , 3444.4490000000000691, 1, , , 3444.4490000000000691, 1
, , 3444.4549999999999272, 1, , , 3444.4549999999999272, 1, , , 3444.4549999999999272, 1, , , 3444.4549999999999272, 1
, , 3444.4589999999998327, 1, , , 3444.4589999999998327, 1, , , 3444.4589999999998327, 1, , , 3444.4589999999998327, 1
, , 3444.4650000000001455, 0, , , 3444.4650000000001455, 1, , , 3444.4650000000001455, 1, , , 3444.4650000000001455, 0
, , 3444.4690000000000509, 0, , , 3444.4690000000000509, 1, , , 3444.4690000000000509, 1, , , 3444.4690000000000509, 0
, , 3444.4740000000001601, 0, , , 3444.4740000000001601, 1, , , 3444.4740000000001601, 1, , , 3444.4740000000001601, 0
, , 3444.4789999999998145, 0, , , 3444.4789999999998145, 1, , , 3444.4789999999998145, 1, , , 3444.4789999999998145, 0
, , 3444.4859999999998763, 0, , , 3444.4859999999998763, 1, , , 3444.4859999999998763, 1, , , 3444.4859999999998763, 0
, , 3444.4890000000000327, 0, , , 3444.4890000000000327, 1, , , 3444.4890000000000327, 1, , , 3444.4890000000000327, 0
, , 3444.4940000000001419, 0, , , 3444.4940000000001419, 1, , , 3444.4940000000001419, 1, , , 3444.4940000000001419, 0
, , 3444.5, 0, , , 3444.5, 1, , , 3444.5, 1, , , 3444.5, 0
, , 3444.5039999999999054, 0, , , 3444.5039999999999054, 1, , , 3444.5039999999999054, 1, , , 3444.5039999999999054, 0
, , 3444.5090000000000146, 0, , , 3444.5090000000000146, 1, , , 3444.5090000000000146, 1, , , 3444.5090000000000146, 0
, , 3444.5140000000001237, 0, , , 3444.5140000000001237, 1, , , 3444.5140000000001237, 1, , , 3444.5140000000001237, 0
, , 3444.5189999999997781, 0, , , 3444.5189999999997781, 1, , , 3444.5189999999997781, 1, , , 3444.5189999999997781, 0
, , 3444.5239999999998872, 0, , , 3444.5239999999998872, 1, , , 3444.5239999999998872, 1, , , 3444.5239999999998872, 0
, , 3444.5289999999999964, 0, , , 3444.5289999999999964, 1, , , 3444.5289999999999964, 1, , , 3444.5289999999999964, 0
, , 3444.5329999999999018, 0, , , 3444.5329999999999018, 1, , , 3444.5329999999999018, 1, , , 3444.5329999999999018, 0
, , 3444.5390000000002146, 0, , , 3444.5390000000002146, 1, , , 3444.5390000000002146, 1, , , 3444.5390000000002146, 0
, , 3444.543999999999869, 0, , , 3444.543999999999869, 1, , , 3444.543999999999869, 1, , , 3444.543999999999869, 0
, , 3444.5489999999999782, 0, , , 3444.5489999999999782, 1, , , 3444.5489999999999782, 1, , , 3444.5489999999999782, 0
, , 3444.5529999999998836, 0, , , 3444.5529999999998836, 1, , , 3444.5529999999998836, 1, , , 3444.5529999999998836, 0
, , 3444.5590000000001965, 0, , , 3444.5590000000001965, 1, , , 3444.5590000000001965, 1, , , 3444.5590000000001965, 0
, , 3444.5639999999998508, 0, , , 3444.5639999999998508, 1, , , 3444.5639999999998508, 1, , , 3444.5639999999998508, 0
, , 3444.56899999999996, 0, , , 3444.56899999999996, 1, , , 3444.56899999999996, 1, , , 3444.56899999999996, 0
, , 3444.5740000000000691, 0, , , 3444.5740000000000691, 1, , , 3444.5740000000000691, 1, , , 3444.5740000000000691, 0
, , 3444.5779999999999745, 0, , , 3444.5779999999999745, 1, , , 3444.5779999999999745, 1, , , 3444.5779999999999745, 0
, , 3444.5830000000000837, 0, , , 3444.5830000000000837, 1, , , 3444.5830000000000837, 1, , , 3444.5830000000000837, 0
, , 3444.5900000000001455, 0, , , 3444.5900000000001455, 1, , , 3444.5900000000001455, 1, , , 3444.5900000000001455, 0
, , 3444.5940000000000509, 0, , , 3444.5940000000000509, 1, , , 3444.5940000000000509, 1, , , 3444.5940000000000509, 0
, , 3444.5999999999999091, 0, , , 3444.5999999999999091, 1, , , 3444.5999999999999091, 1, , , 3444.5999999999999091, 0
, , 3444.6039999999998145, 0, , , 3444.6039999999998145, 1, , , 3444.6039999999998145, 1, , , 3444.6039999999998145, 0
, , 3444.6089999999999236, 0, , , 3444.6089999999999236, 1, , , 3444.6089999999999236, 1, , , 3444.6089999999999236, 0
, , 3444.6140000000000327, 0, , , 3444.6140000000000327, 1, , , 3444.6140000000000327, 1, , , 3444.6140000000000327, 0
, , 3444.6190000000001419, 0, , , 3444.6190000000001419, 1, , , 3444.6190000000001419, 1, , , 3444.6190000000001419, 0
, , 3444.6239999999997963, 0, , , 3444.6239999999997963, 1, , , 3444.6239999999997963, 1, , , 3444.6239999999997963, 0
, , 3444.6289999999999054, 0, , , 3444.6289999999999054, 1, , , 3444.6289999999999054, 1, , , 3444.6289999999999054, 0
, , 3444.6340000000000146, 0, , , 3444.6340000000000146, 1, , , 3444.6340000000000146, 1, , , 3444.6340000000000146, 0
, , 3444.63799999999992, 0, , , 3444.63799999999992, 1, , , 3444.63799999999992, 1, , , 3444.63799999999992, 0
, , 3444.6439999999997781, 0, , , 3444.6439999999997781, 1, , , 3444.6439999999997781, 1, , , 3444.6439999999997781, 0
, , 3444.6500000000000909, 0, , , 3444.6500000000000909, 1, , , 3444.6500000000000909, 1, , , 3444.6500000000000909, 0
, , 3444.6550000000002001, 0, , , 3444.6550000000002001, 1, , , 3444.6550000000002001, 1, , , 3444.6550000000002001, 0
, , 3444.6590000000001055, 0, , , 3444.6590000000001055, 1, , , 3444.6590000000001055, 1, , , 3444.6590000000001055, 0
, , 3444.6640000000002146, 0, , , 3444.6640000000002146, 1, , , 3444.6640000000002146, 1, , , 3444.6640000000002146, 0
, , 3444.668999999999869, 0, , , 3444.668999999999869, 1, , , 3444.668999999999869, 1, , , 3444.668999999999869, 0
, , 3444.6739999999999782, 0, , , 3444.6739999999999782, 1, , , 3444.6739999999999782, 1, , , 3444.6739999999999782, 0
, , 3444.6799999999998363, 0, , , 3444.6799999999998363, 1, , , 3444.6799999999998363, 1, , , 3444.6799999999998363, 0
, , 3444.6840000000001965, 0, , , 3444.6840000000001965, 1, , , 3444.6840000000001965, 1, , , 3444.6840000000001965, 0
, , 3444.6889999999998508, 0, , , 3444.6889999999998508, 1, , , 3444.6889999999998508, 1, , , 3444.6889999999998508, 0
, , 3444.69399999999996, 0, , , 3444.69399999999996, 1, , , 3444.69399999999996, 1, , , 3444.69399999999996, 0
, , 3444.6990000000000691, 0, , , 3444.6990000000000691, 1, , , 3444.6990000000000691, 1, , , 3444.6990000000000691, 0
, , 3444.7040000000001783, 0, , , 3444.7040000000001783, 1, , , 3444.7040000000001783, 1, , , 3444.7040000000001783, 0
, , 3444.7089999999998327, 0, , , 3444.7089999999998327, 1, , , 3444.7089999999998327, 1, , , 3444.7089999999998327, 0
, , 3444.7139999999999418, 1, , , 3444.7139999999999418, 1, , , 3444.7139999999999418, 1, , , 3444.7139999999999418, 1
, , 3444.7190000000000509, 1, , , 3444.7190000000000509, 1, , , 3444.7190000000000509, 1, , , 3444.7190000000000509, 1
, , 3444.7240000000001601, 1, , , 3444.7240000000001601, 1, , , 3444.7240000000001601, 1, , , 3444.7240000000001601, 1
, , 3444.7300000000000182, 1, , , 3444.7300000000000182, 1, , , 3444.7300000000000182, 1, , , 3444.7300000000000182, 1
, , 3444.7350000000001273, 1, , , 3444.7350000000001273, 1, , , 3444.7350000000001273, 1, , , 3444.7350000000001273, 1
, , 3444.7390000000000327, 1, , , 3444.7390000000000327, 1, , , 3444.7390000000000327, 1, , , 3444.7390000000000327, 1
, , 3444.7440000000001419, 1, , , 3444.7440000000001419, 1, , , 3444.7440000000001419, 1, , , 3444.7440000000001419, 1
, , 3444.7489999999997963, 1, , , 3444.7489999999997963, 1, , , 3444.7489999999997963, 1, , , 3444.7489999999997963, 1
, , 3444.7539999999999054, 1, , , 3444.7539999999999054, 1, , , 3444.7539999999999054, 1, , , 3444.7539999999999054, 1
, , 3444.7590000000000146, 1, , , 3444.7590000000000146, 1, , , 3444.7590000000000146, 1, , , 3444.7590000000000146, 1
, , 3444.76299999999992, 1, , , 3444.76299999999992, 1, , , 3444.76299999999992, 1, , , 3444.76299999999992, 1
, , 3444.7689999999997781, 1, , , 3444.7689999999997781, 1, , , 3444.7689999999997781, 1, , , 3444.7689999999997781, 1
, , 3444.7739999999998872, 1, , , 3444.7739999999998872, 1, , , 3444.7739999999998872, 1, , , 3444.7739999999998872, 1
, , 3444.7789999999999964, 1, , , 3444.7789999999999964, 1, , , 3444.7789999999999964, 1, , , 3444.7789999999999964, 1
, , 3444.7840000000001055, 1, , , 3444.7840000000001055, 1, , , 3444.7840000000001055, 1, , , 3444.7840000000001055, 1
, , 3444.7890000000002146, 1, , , 3444.7890000000002146, 0, , , 3444.7890000000002146, 0, , , 3444.7890000000002146, 1
, , 3444.793999999999869, 1, , , 3444.793999999999869, 0, , , 3444.793999999999869, 0, , , 3444.793999999999869, 1
, , 3444.7989999999999782, 1, , , 3444.7989999999999782, 0, , , 3444.7989999999999782, 0, , , 3444.7989999999999782, 1
, , 3444.8040000000000873, 1, , , 3444.8040000000000873, 0, , , 3444.8040000000000873, 0, , , 3444.8040000000000873, 1
, , 3444.8090000000001965, 1, , , 3444.8090000000001965, 0, , , 3444.8090000000001965, 0, , , 3444.8090000000001965, 1
, , 3444.8139999999998508, 1, , , 3444.8139999999998508, 0, , , 3444.8139999999998508, 0, , , 3444.8139999999998508, 1
, , 3444.81899999999996, 1, , , 3444.81899999999996, 0, , , 3444.81899999999996, 0, , , 3444.81899999999996, 1
, , 3444.8240000000000691, 1, , , 3444.8240000000000691, 0, , , 3444.8240000000000691, 0, , , 3444.8240000000000691, 1
, , 3444.8290000000001783, 1, , , 3444.8290000000001783, 0, , , 3444.8290000000001783, 0, , , 3444.8290000000001783, 1
, , 3444.8330000000000837, 1, , , 3444.8330000000000837, 0, , , 3444.8330000000000837, 0, , , 3444.8330000000000837, 1
, , 3444.8389999999999418, 1, , , 3444.8389999999999418, 0, , , 3444.8389999999999418, 0, , , 3444.8389999999999418, 1
, , 3444.8440000000000509, 1, , , 3444.8440000000000509, 0, , , 3444.8440000000000509, 0, , , 3444.8440000000000509, 1
, , 3444.8490000000001601, 1, , , 3444.8490000000001601, 0, , , 3444.8490000000001601, 0, , , 3444.8490000000001601, 1
, , 3444.8539999999998145, 1, , , 3444.8539999999998145, 0, , , 3444.8539999999998145, 0, , , 3444.8539999999998145, 1
, , 3444.8589999999999236, 1, , , 3444.8589999999999236, 0, , , 3444.8589999999999236, 0, , , 3444.8589999999999236, 1
, , 3444.8640000000000327, 1, , , 3444.8640000000000327, 0, , , 3444.8640000000000327, 0, , , 3444.8640000000000327, 1
, , 3444.8690000000001419, 1, , , 3444.8690000000001419, 0, , , 3444.8690000000001419, 0, , , 3444.8690000000001419, 1
, , 3444.875, 1, , , 3444.875, 0, , , 3444.875, 0, , , 3444.875, 1
, , 3444.8800000000001091, 1, , , 3444.8800000000001091, 0, , , 3444.8800000000001091, 0, , , 3444.8800000000001091, 1
, , 3444.8840000000000146, 1, , , 3444.8840000000000146, 0, , , 3444.8840000000000146, 0, , , 3444.8840000000000146, 1
, , 3444.8890000000001237, 1, , , 3444.8890000000001237, 0, , , 3444.8890000000001237, 0, , , 3444.8890000000001237, 1
, , 3444.8939999999997781, 1, , , 3444.8939999999997781, 0, , , 3444.8939999999997781, 0, , , 3444.8939999999997781, 1
, , 3444.8980000000001382, 1, , , 3444.8980000000001382, 0, , , 3444.8980000000001382, 0, , , 3444.8980000000001382, 1
, , 3444.9050000000002001, 1, , , 3444.9050000000002001, 0, , , 3444.9050000000002001, 0, , , 3444.9050000000002001, 1
, , 3444.9090000000001055, 1, , , 3444.9090000000001055, 0, , , 3444.9090000000001055, 0, , , 3444.9090000000001055, 1
, , 3444.9130000000000109, 1, , , 3444.9130000000000109, 0, , , 3444.9130000000000109, 0, , , 3444.9130000000000109, 1
, , 3444.9180000000001201, 1, , , 3444.9180000000001201, 0, , , 3444.9180000000001201, 0, , , 3444.9180000000001201, 1
, , 3444.9239999999999782, 1, , , 3444.9239999999999782, 0, , , 3444.9239999999999782, 0, , , 3444.9239999999999782, 1
, , 3444.9290000000000873, 1, , , 3444.9290000000000873, 0, , , 3444.9290000000000873, 0, , , 3444.9290000000000873, 1
, , 3444.9329999999999927, 1, , , 3444.9329999999999927, 0, , , 3444.9329999999999927, 0, , , 3444.9329999999999927, 1
, , 3444.9389999999998508, 1, , , 3444.9389999999998508, 0, , , 3444.9389999999998508, 0, , , 3444.9389999999998508, 1
, , 3444.94399999999996, 1, , , 3444.94399999999996, 0, , , 3444.94399999999996, 0, , , 3444.94399999999996, 1
, , 3444.9490000000000691, 1, , , 3444.9490000000000691, 0, , , 3444.9490000000000691, 0, , , 3444.9490000000000691, 1
, , 3444.9540000000001783, 1, , , 3444.9540000000001783, 0, , , 3444.9540000000001783, 0, , , 3444.9540000000001783, 1
, , 3444.9589999999998327, 1, , , 3444.9589999999998327, 0, , , 3444.9589999999998327, 0, , , 3444.9589999999998327, 1
, , 3444.9639999999999418, 1, , , 3444.9639999999999418, 0, , , 3444.9639999999999418, 0, , , 3444.9639999999999418, 1
, , 3444.9690000000000509, 1, , , 3444.9690000000000509, 0, , , 3444.9690000000000509, 0, , , 3444.9690000000000509, 1
, , 3444.9740000000001601, 1, , , 3444.9740000000001601, 0, , , 3444.9740000000001601, 0, , , 3444.9740000000001601, 1
, , 3444.9789999999998145, 1, , , 3444.9789999999998145, 0, , , 3444.9789999999998145, 0, , , 3444.9789999999998145, 1
, , 3444.9850000000001273, 1, , , 3444.9850000000001273, 0, , , 3444.9850000000001273, 0, , , 3444.9850000000001273, 1
, , 3444.9909999999999854, 1, , , 3444.9909999999999854, 0, , , 3444.9909999999999854, 0, , , 3444.9909999999999854, 1
, , 3444.9949999999998909, 1, , , 3444.9949999999998909, 0, , , 3444.9949999999998909, 0, , , 3444.9949999999998909, 1
, , 3444.9989999999997963, 1, , , 3444.9989999999997963, 0, , , 3444.9989999999997963, 0, , , 3444.9989999999997963, 1
, , 3445.0030000000001564, 1, , , 3445.0030000000001564, 0, , , 3445.0030000000001564, 0, , , 3445.0030000000001564, 1
, , 3445.0090000000000146, 1, , , 3445.0090000000000146, 0, , , 3445.0090000000000146, 0, , , 3445.0090000000000146, 1
, , 3445.0160000000000764, 1, , , 3445.0160000000000764, 0, , , 3445.0160000000000764, 0, , , 3445.0160000000000764, 1
, , 3445.0189999999997781, 1, , , 3445.0189999999997781, 0, , , 3445.0189999999997781, 0, , , 3445.0189999999997781, 1
, , 3445.0250000000000909, 1, , , 3445.0250000000000909, 0, , , 3445.0250000000000909, 0, , , 3445.0250000000000909, 1
, , 3445.0300000000002001, 1, , , 3445.0300000000002001, 0, , , 3445.0300000000002001, 0, , , 3445.0300000000002001, 1
, , 3445.0340000000001055, 1, , , 3445.0340000000001055, 0, , , 3445.0340000000001055, 0, , , 3445.0340000000001055, 1
, , 3445.0390000000002146, 1, , , 3445.0390000000002146, 1, , , 3445.0390000000002146, 1, , , 3445.0390000000002146, 1
, , 3445.043999999999869, 1, , , 3445.043999999999869, 1, , , 3445.043999999999869, 1, , , 3445.043999999999869, 1
, , 3445.0500000000001819, 1, , , 3445.0500000000001819, 1, , , 3445.0500000000001819, 1, , , 3445.0500000000001819, 1
, , 3445.05600000000004, 1, , , 3445.05600000000004, 1, , , 3445.05600000000004, 1, , , 3445.05600000000004, 1
, , 3445.0599999999999454, 1, , , 3445.0599999999999454, 1, , , 3445.0599999999999454, 1, , , 3445.0599999999999454, 1
, , 3445.0639999999998508, 1, , , 3445.0639999999998508, 1, , , 3445.0639999999998508, 1, , , 3445.0639999999998508, 1
, , 3445.06899999999996, 1, , , 3445.06899999999996, 1, , , 3445.06899999999996, 1, , , 3445.06899999999996, 1
, , 3445.0740000000000691, 1, , , 3445.0740000000000691, 1, , , 3445.0740000000000691, 1, , , 3445.0740000000000691, 1
, , 3445.0790000000001783, 1, , , 3445.0790000000001783, 1, , , 3445.0790000000001783, 1, , , 3445.0790000000001783, 1
, , 3445.0839999999998327, 1, , , 3445.0839999999998327, 1, , , 3445.0839999999998327, 1, , , 3445.0839999999998327, 1
, , 3445.0889999999999418, 1, , , 3445.0889999999999418, 1, , , 3445.0889999999999418, 1, , , 3445.0889999999999418, 1
, , 3445.0949999999997999, 1, , , 3445.0949999999997999, 1, , , 3445.0949999999997999, 1, , , 3445.0949999999997999, 1
, , 3445.0990000000001601, 1, , , 3445.0990000000001601, 1, , , 3445.0990000000001601, 1, , , 3445.0990000000001601, 1
, , 3445.1039999999998145, 1, , , 3445.1039999999998145, 1, , , 3445.1039999999998145, 1, , , 3445.1039999999998145, 1
, , 3445.1089999999999236, 1, , , 3445.1089999999999236, 1, , , 3445.1089999999999236, 1, , , 3445.1089999999999236, 1
, , 3445.1140000000000327, 0, , , 3445.1140000000000327, 1, , , 3445.1140000000000327, 1, , , 3445.1140000000000327, 0
, , 3445.1190000000001419, 0, , , 3445.1190000000001419, 1, , , 3445.1190000000001419, 1, , , 3445.1190000000001419, 0
, , 3445.1239999999997963, 0, , , 3445.1239999999997963, 1, , , 3445.1239999999997963, 1, , , 3445.1239999999997963, 0
, , 3445.1300000000001091, 0, , , 3445.1300000000001091, 1, , , 3445.1300000000001091, 1, , , 3445.1300000000001091, 0
, , 3445.1350000000002183, 0, , , 3445.1350000000002183, 1, , , 3445.1350000000002183, 1, , , 3445.1350000000002183, 0
, , 3445.1390000000001237, 0, , , 3445.1390000000001237, 1, , , 3445.1390000000001237, 1, , , 3445.1390000000001237, 0
, , 3445.1449999999999818, 0, , , 3445.1449999999999818, 1, , , 3445.1449999999999818, 1, , , 3445.1449999999999818, 0
, , 3445.1480000000001382, 0, , , 3445.1480000000001382, 1, , , 3445.1480000000001382, 1, , , 3445.1480000000001382, 0
, , 3445.1539999999999964, 0, , , 3445.1539999999999964, 1, , , 3445.1539999999999964, 1, , , 3445.1539999999999964, 0
, , 3445.1599999999998545, 0, , , 3445.1599999999998545, 1, , , 3445.1599999999998545, 1, , , 3445.1599999999998545, 0
, , 3445.1649999999999636, 0, , , 3445.1649999999999636, 1, , , 3445.1649999999999636, 1, , , 3445.1649999999999636, 0
, , 3445.1700000000000728, 0, , , 3445.1700000000000728, 1, , , 3445.1700000000000728, 1, , , 3445.1700000000000728, 0
, , 3445.1739999999999782, 0, , , 3445.1739999999999782, 1, , , 3445.1739999999999782, 1, , , 3445.1739999999999782, 0
, , 3445.1790000000000873, 0, , , 3445.1790000000000873, 1, , , 3445.1790000000000873, 1, , , 3445.1790000000000873, 0
, , 3445.1840000000001965, 0, , , 3445.1840000000001965, 1, , , 3445.1840000000001965, 1, , , 3445.1840000000001965, 0
, , 3445.1889999999998508, 0, , , 3445.1889999999998508, 1, , , 3445.1889999999998508, 1, , , 3445.1889999999998508, 0
, , 3445.19399999999996, 0, , , 3445.19399999999996, 1, , , 3445.19399999999996, 1, , , 3445.19399999999996, 0
, , 3445.1990000000000691, 0, , , 3445.1990000000000691, 1, , , 3445.1990000000000691, 1, , , 3445.1990000000000691, 0
, , 3445.2040000000001783, 0, , , 3445.2040000000001783, 1, , , 3445.2040000000001783, 1, , , 3445.2040000000001783, 0
, , 3445.2089999999998327, 0, , , 3445.2089999999998327, 1, , , 3445.2089999999998327, 1, , , 3445.2089999999998327, 0
, , 3445.2139999999999418, 0, , , 3445.2139999999999418, 1, , , 3445.2139999999999418, 1, , , 3445.2139999999999418, 0
, , 3445.2190000000000509, 0, , , 3445.2190000000000509, 1, , , 3445.2190000000000509, 1, , , 3445.2190000000000509, 0
, , 3445.2240000000001601, 0, , , 3445.2240000000001601, 1, , , 3445.2240000000001601, 1, , , 3445.2240000000001601, 0
, , 3445.2289999999998145, 0, , , 3445.2289999999998145, 1, , , 3445.2289999999998145, 1, , , 3445.2289999999998145, 0
, , 3445.2350000000001273, 0, , , 3445.2350000000001273, 1, , , 3445.2350000000001273, 1, , , 3445.2350000000001273, 0
, , 3445.2390000000000327, 0, , , 3445.2390000000000327, 1, , , 3445.2390000000000327, 1, , , 3445.2390000000000327, 0
, , 3445.2449999999998909, 0, , , 3445.2449999999998909, 1, , , 3445.2449999999998909, 1, , , 3445.2449999999998909, 0
, , 3445.2489999999997963, 0, , , 3445.2489999999997963, 1, , , 3445.2489999999997963, 1, , , 3445.2489999999997963, 0
, , 3445.2539999999999054, 0, , , 3445.2539999999999054, 1, , , 3445.2539999999999054, 1, , , 3445.2539999999999054, 0
, , 3445.2590000000000146, 0, , , 3445.2590000000000146, 1, , , 3445.2590000000000146, 1, , , 3445.2590000000000146, 0
, , 3445.2640000000001237, 0, , , 3445.2640000000001237, 1, , , 3445.2640000000001237, 1, , , 3445.2640000000001237, 0
, , 3445.2689999999997781, 0, , , 3445.2689999999997781, 1, , , 3445.2689999999997781, 1, , , 3445.2689999999997781, 0
, , 3445.2739999999998872, 0, , , 3445.2739999999998872, 1, , , 3445.2739999999998872, 1, , , 3445.2739999999998872, 0
, , 3445.2789999999999964, 0, , , 3445.2789999999999964, 1, , , 3445.2789999999999964, 1, , , 3445.2789999999999964, 0
, , 3445.2849999999998545, 0, , , 3445.2849999999998545, 1, , , 3445.2849999999998545, 1, , , 3445.2849999999998545, 0
, , 3445.2890000000002146, 0, , , 3445.2890000000002146, 1, , , 3445.2890000000002146, 1, , , 3445.2890000000002146, 0
, , 3445.293999999999869, 0, , , 3445.293999999999869, 1, , , 3445.293999999999869, 1, , , 3445.293999999999869, 0
, , 3445.2989999999999782, 0, , , 3445.2989999999999782, 1, , , 3445.2989999999999782, 1, , , 3445.2989999999999782, 0
, , 3445.3040000000000873, 0, , , 3445.3040000000000873, 1, , , 3445.3040000000000873, 1, , , 3445.3040000000000873, 0
, , 3445.3110000000001492, 0, , , 3445.3110000000001492, 1, , , 3445.3110000000001492, 1, , , 3445.3110000000001492, 0
, , 3445.3139999999998508, 0, , , 3445.3139999999998508, 1, , , 3445.3139999999998508, 1, , , 3445.3139999999998508, 0
, , 3445.31899999999996, 0, , , 3445.31899999999996, 1, , , 3445.31899999999996, 1, , , 3445.31899999999996, 0
, , 3445.3240000000000691, 0, , , 3445.3240000000000691, 1, , , 3445.3240000000000691, 1, , , 3445.3240000000000691, 0
, , 3445.3290000000001783, 0, , , 3445.3290000000001783, 1, , , 3445.3290000000001783, 1, , , 3445.3290000000001783, 0
, , 3445.3350000000000364, 0, , , 3445.3350000000000364, 1, , , 3445.3350000000000364, 1, , , 3445.3350000000000364, 0
, , 3445.3389999999999418, 0, , , 3445.3389999999999418, 1, , , 3445.3389999999999418, 1, , , 3445.3389999999999418, 0
, , 3445.3440000000000509, 0, , , 3445.3440000000000509, 1, , , 3445.3440000000000509, 1, , , 3445.3440000000000509, 0
, , 3445.3499999999999091, 0, , , 3445.3499999999999091, 1, , , 3445.3499999999999091, 1, , , 3445.3499999999999091, 0
, , 3445.3539999999998145, 0, , , 3445.3539999999998145, 1, , , 3445.3539999999998145, 1, , , 3445.3539999999998145, 0
, , 3445.3589999999999236, 0, , , 3445.3589999999999236, 1, , , 3445.3589999999999236, 1, , , 3445.3589999999999236, 0
, , 3445.3640000000000327, 1, , , 3445.3640000000000327, 1, , , 3445.3640000000000327, 1, , , 3445.3640000000000327, 1
, , 3445.3690000000001419, 1, , , 3445.3690000000001419, 1, , , 3445.3690000000001419, 1, , , 3445.3690000000001419, 1
, , 3445.3739999999997963, 1, , , 3445.3739999999997963, 1, , , 3445.3739999999997963, 1, , , 3445.3739999999997963, 1
, , 3445.3789999999999054, 1, , , 3445.3789999999999054, 1, , , 3445.3789999999999054, 1, , , 3445.3789999999999054, 1
, , 3445.3840000000000146, 1, , , 3445.3840000000000146, 1, , , 3445.3840000000000146, 1, , , 3445.3840000000000146, 1
, , 3445.3890000000001237, 1, , , 3445.3890000000001237, 1, , , 3445.3890000000001237, 1, , , 3445.3890000000001237, 1
, , 3445.3939999999997781, 1, , , 3445.3939999999997781, 1, , , 3445.3939999999997781, 1, , , 3445.3939999999997781, 1
, , 3445.3989999999998872, 1, , , 3445.3989999999998872, 1, , , 3445.3989999999998872, 1, , , 3445.3989999999998872, 1
, , 3445.4039999999999964, 1, , , 3445.4039999999999964, 1, , , 3445.4039999999999964, 1, , , 3445.4039999999999964, 1
, , 3445.4079999999999018, 1, , , 3445.4079999999999018, 1, , , 3445.4079999999999018, 1, , , 3445.4079999999999018, 1
, , 3445.4140000000002146, 1, , , 3445.4140000000002146, 1, , , 3445.4140000000002146, 1, , , 3445.4140000000002146, 1
, , 3445.418999999999869, 1, , , 3445.418999999999869, 1, , , 3445.418999999999869, 1, , , 3445.418999999999869, 1
, , 3445.4239999999999782, 1, , , 3445.4239999999999782, 1, , , 3445.4239999999999782, 1, , , 3445.4239999999999782, 1
, , 3445.4290000000000873, 1, , , 3445.4290000000000873, 1, , , 3445.4290000000000873, 1, , , 3445.4290000000000873, 1
, , 3445.4349999999999454, 1, , , 3445.4349999999999454, 0, , , 3445.4349999999999454, 0, , , 3445.4349999999999454, 1
, , 3445.4389999999998508, 1, , , 3445.4389999999998508, 0, , , 3445.4389999999998508, 0, , , 3445.4389999999998508, 1
, , 3445.4450000000001637, 1, , , 3445.4450000000001637, 0, , , 3445.4450000000001637, 0, , , 3445.4450000000001637, 1
, , 3445.4499999999998181, 1, , , 3445.4499999999998181, 0, , , 3445.4499999999998181, 0, , , 3445.4499999999998181, 1
, , 3445.4549999999999272, 1, , , 3445.4549999999999272, 0, , , 3445.4549999999999272, 0, , , 3445.4549999999999272, 1
, , 3445.4589999999998327, 1, , , 3445.4589999999998327, 0, , , 3445.4589999999998327, 0, , , 3445.4589999999998327, 1
, , 3445.4639999999999418, 1, , , 3445.4639999999999418, 0, , , 3445.4639999999999418, 0, , , 3445.4639999999999418, 1
, , 3445.4690000000000509, 1, , , 3445.4690000000000509, 0, , , 3445.4690000000000509, 0, , , 3445.4690000000000509, 1
, , 3445.4740000000001601, 1, , , 3445.4740000000001601, 0, , , 3445.4740000000001601, 0, , , 3445.4740000000001601, 1
, , 3445.4789999999998145, 1, , , 3445.4789999999998145, 0, , , 3445.4789999999998145, 0, , , 3445.4789999999998145, 1
, , 3445.4839999999999236, 1, , , 3445.4839999999999236, 0, , , 3445.4839999999999236, 0, , , 3445.4839999999999236, 1
, , 3445.4890000000000327, 1, , , 3445.4890000000000327, 0, , , 3445.4890000000000327, 0, , , 3445.4890000000000327, 1
, , 3445.4949999999998909, 1, , , 3445.4949999999998909, 0, , , 3445.4949999999998909, 0, , , 3445.4949999999998909, 1
, , 3445.4989999999997963, 1, , , 3445.4989999999997963, 0, , , 3445.4989999999997963, 0, , , 3445.4989999999997963, 1
, , 3445.5010000000002037, 1, , , 3445.5010000000002037, 0, , , 3445.5010000000002037, 0, , , 3445.5010000000002037, 1
, , 3445.5090000000000146, 1, , , 3445.5090000000000146, 0, , , 3445.5090000000000146, 0, , , 3445.5090000000000146, 1
, , 3445.5149999999998727, 1, , , 3445.5149999999998727, 0, , , 3445.5149999999998727, 0, , , 3445.5149999999998727, 1
, , 3445.5189999999997781, 1, , , 3445.5189999999997781, 0, , , 3445.5189999999997781, 0, , , 3445.5189999999997781, 1
, , 3445.5239999999998872, 1, , , 3445.5239999999998872, 0, , , 3445.5239999999998872, 0, , , 3445.5239999999998872, 1
, , 3445.5289999999999964, 1, , , 3445.5289999999999964, 0, , , 3445.5289999999999964, 0, , , 3445.5289999999999964, 1
, , 3445.5329999999999018, 1, , , 3445.5329999999999018, 0, , , 3445.5329999999999018, 0, , , 3445.5329999999999018, 1
, , 3445.5390000000002146, 1, , , 3445.5390000000002146, 0, , , 3445.5390000000002146, 0, , , 3445.5390000000002146, 1
, , 3445.543999999999869, 1, , , 3445.543999999999869, 0, , , 3445.543999999999869, 0, , , 3445.543999999999869, 1
, , 3445.5500000000001819, 1, , , 3445.5500000000001819, 0, , , 3445.5500000000001819, 0, , , 3445.5500000000001819, 1
, , 3445.5549999999998363, 1, , , 3445.5549999999998363, 0, , , 3445.5549999999998363, 0, , , 3445.5549999999998363, 1
, , 3445.5590000000001965, 1, , , 3445.5590000000001965, 0, , , 3445.5590000000001965, 0, , , 3445.5590000000001965, 1
, , 3445.5650000000000546, 1, , , 3445.5650000000000546, 0, , , 3445.5650000000000546, 0, , , 3445.5650000000000546, 1
, , 3445.56899999999996, 1, , , 3445.56899999999996, 0, , , 3445.56899999999996, 0, , , 3445.56899999999996, 1
, , 3445.5740000000000691, 1, , , 3445.5740000000000691, 0, , , 3445.5740000000000691, 0, , , 3445.5740000000000691, 1
, , 3445.5799999999999272, 1, , , 3445.5799999999999272, 0, , , 3445.5799999999999272, 0, , , 3445.5799999999999272, 1
, , 3445.5839999999998327, 1, , , 3445.5839999999998327, 0, , , 3445.5839999999998327, 0, , , 3445.5839999999998327, 1
, , 3445.5889999999999418, 1, , , 3445.5889999999999418, 0, , , 3445.5889999999999418, 0, , , 3445.5889999999999418, 1
, , 3445.5940000000000509, 1, , , 3445.5940000000000509, 0, , , 3445.5940000000000509, 0, , , 3445.5940000000000509, 1
, , 3445.5990000000001601, 1, , , 3445.5990000000001601, 0, , , 3445.5990000000001601, 0, , , 3445.5990000000001601, 1
, , 3445.6039999999998145, 1, , , 3445.6039999999998145, 0, , , 3445.6039999999998145, 0, , , 3445.6039999999998145, 1
, , 3445.6089999999999236, 1, , , 3445.6089999999999236, 0, , , 3445.6089999999999236, 0, , , 3445.6089999999999236, 1
, , 3445.6140000000000327, 1, , , 3445.6140000000000327, 0, , , 3445.6140000000000327, 0, , , 3445.6140000000000327, 1
, , 3445.6190000000001419, 1, , , 3445.6190000000001419, 0, , , 3445.6190000000001419, 0, , , 3445.6190000000001419, 1
, , 3445.6239999999997963, 1, , , 3445.6239999999997963, 0, , , 3445.6239999999997963, 0, , , 3445.6239999999997963, 1
, , 3445.6300000000001091, 1, , , 3445.6300000000001091, 0, , , 3445.6300000000001091, 0, , , 3445.6300000000001091, 1
, , 3445.6340000000000146, 1, , , 3445.6340000000000146, 0, , , 3445.6340000000000146, 0, , , 3445.6340000000000146, 1
, , 3445.6390000000001237, 1, , , 3445.6390000000001237, 0, , , 3445.6390000000001237, 0, , , 3445.6390000000001237, 1
, , 3445.6449999999999818, 1, , , 3445.6449999999999818, 0, , , 3445.6449999999999818, 0, , , 3445.6449999999999818, 1
, , 3445.6489999999998872, 1, , , 3445.6489999999998872, 0, , , 3445.6489999999998872, 0, , , 3445.6489999999998872, 1
, , 3445.6539999999999964, 1, , , 3445.6539999999999964, 0, , , 3445.6539999999999964, 0, , , 3445.6539999999999964, 1
, , 3445.6590000000001055, 1, , , 3445.6590000000001055, 0, , , 3445.6590000000001055, 0, , , 3445.6590000000001055, 1
, , 3445.6649999999999636, 1, , , 3445.6649999999999636, 0, , , 3445.6649999999999636, 0, , , 3445.6649999999999636, 1
, , 3445.668999999999869, 1, , , 3445.668999999999869, 0, , , 3445.668999999999869, 0, , , 3445.668999999999869, 1
, , 3445.6739999999999782, 1, , , 3445.6739999999999782, 0, , , 3445.6739999999999782, 0, , , 3445.6739999999999782, 1
, , 3445.6790000000000873, 1, , , 3445.6790000000000873, 0, , , 3445.6790000000000873, 0, , , 3445.6790000000000873, 1
, , 3445.6840000000001965, 1, , , 3445.6840000000001965, 0, , , 3445.6840000000001965, 0, , , 3445.6840000000001965, 1
, , 3445.6889999999998508, 1, , , 3445.6889999999998508, 1, , , 3445.6889999999998508, 1, , , 3445.6889999999998508, 1
, , 3445.69399999999996, 1, , , 3445.69399999999996, 1, , , 3445.69399999999996, 1, , , 3445.69399999999996, 1
, , 3445.6999999999998181, 1, , , 3445.6999999999998181, 1, , , 3445.6999999999998181, 1, , , 3445.6999999999998181, 1
, , 3445.7040000000001783, 1, , , 3445.7040000000001783, 1, , , 3445.7040000000001783, 1, , , 3445.7040000000001783, 1
, , 3445.7089999999998327, 1, , , 3445.7089999999998327, 1, , , 3445.7089999999998327, 1, , , 3445.7089999999998327, 1
, , 3445.7139999999999418, 1, , , 3445.7139999999999418, 1, , , 3445.7139999999999418, 1, , , 3445.7139999999999418, 1
, , 3445.7199999999997999, 1, , , 3445.7199999999997999, 1, , , 3445.7199999999997999, 1, , , 3445.7199999999997999, 1
, , 3445.7310000000002219, 1, , , 3445.7310000000002219, 1, , , 3445.7310000000002219, 1, , , 3445.7310000000002219, 1
, , 3445.7310000000002219, 1, , , 3445.7310000000002219, 1, , , 3445.7310000000002219, 1, , , 3445.7310000000002219, 1
, , 3445.7339999999999236, 1, , , 3445.7339999999999236, 1, , , 3445.7339999999999236, 1, , , 3445.7339999999999236, 1
, , 3445.7390000000000327, 1, , , 3445.7390000000000327, 1, , , 3445.7390000000000327, 1, , , 3445.7390000000000327, 1
, , 3445.7440000000001419, 1, , , 3445.7440000000001419, 1, , , 3445.7440000000001419, 1, , , 3445.7440000000001419, 1
, , 3445.7489999999997963, 1, , , 3445.7489999999997963, 1, , , 3445.7489999999997963, 1, , , 3445.7489999999997963, 1
, , 3445.7550000000001091, 1, , , 3445.7550000000001091, 1, , , 3445.7550000000001091, 1, , , 3445.7550000000001091, 1
, , 3445.7590000000000146, 1, , , 3445.7590000000000146, 1, , , 3445.7590000000000146, 1, , , 3445.7590000000000146, 1
, , 3445.7640000000001237, 0, , , 3445.7640000000001237, 1, , , 3445.7640000000001237, 1, , , 3445.7640000000001237, 0
, , 3445.7699999999999818, 0, , , 3445.7699999999999818, 1, , , 3445.7699999999999818, 1, , , 3445.7699999999999818, 0
, , 3445.7750000000000909, 0, , , 3445.7750000000000909, 1, , , 3445.7750000000000909, 1, , , 3445.7750000000000909, 0
, , 3445.7809999999999491, 0, , , 3445.7809999999999491, 1, , , 3445.7809999999999491, 1, , , 3445.7809999999999491, 0
, , 3445.7840000000001055, 0, , , 3445.7840000000001055, 1, , , 3445.7840000000001055, 1, , , 3445.7840000000001055, 0
, , 3445.7890000000002146, 0, , , 3445.7890000000002146, 1, , , 3445.7890000000002146, 1, , , 3445.7890000000002146, 0
, , 3445.793999999999869, 0, , , 3445.793999999999869, 1, , , 3445.793999999999869, 1, , , 3445.793999999999869, 0
, , 3445.8000000000001819, 0, , , 3445.8000000000001819, 1, , , 3445.8000000000001819, 1, , , 3445.8000000000001819, 0
, , 3445.80600000000004, 0, , , 3445.80600000000004, 1, , , 3445.80600000000004, 1, , , 3445.80600000000004, 0
, , 3445.8090000000001965, 0, , , 3445.8090000000001965, 1, , , 3445.8090000000001965, 1, , , 3445.8090000000001965, 0
, , 3445.8139999999998508, 0, , , 3445.8139999999998508, 1, , , 3445.8139999999998508, 1, , , 3445.8139999999998508, 0
, , 3445.81899999999996, 0, , , 3445.81899999999996, 1, , , 3445.81899999999996, 1, , , 3445.81899999999996, 0
, , 3445.8240000000000691, 0, , , 3445.8240000000000691, 1, , , 3445.8240000000000691, 1, , , 3445.8240000000000691, 0
, , 3445.8290000000001783, 0, , , 3445.8290000000001783, 1, , , 3445.8290000000001783, 1, , , 3445.8290000000001783, 0
, , 3445.8339999999998327, 0, , , 3445.8339999999998327, 1, , , 3445.8339999999998327, 1, , , 3445.8339999999998327, 0
, , 3445.8389999999999418, 0, , , 3445.8389999999999418, 1, , , 3445.8389999999999418, 1, , , 3445.8389999999999418, 0
, , 3445.8440000000000509, 0, , , 3445.8440000000000509, 1, , , 3445.8440000000000509, 1, , , 3445.8440000000000509, 0
, , 3445.8490000000001601, 0, , , 3445.8490000000001601, 1, , , 3445.8490000000001601, 1, , , 3445.8490000000001601, 0
, , 3445.8539999999998145, 0, , , 3445.8539999999998145, 1, , , 3445.8539999999998145, 1, , , 3445.8539999999998145, 0
, , 3445.8589999999999236, 0, , , 3445.8589999999999236, 1, , , 3445.8589999999999236, 1, , , 3445.8589999999999236, 0
, , 3445.8649999999997817, 0, , , 3445.8649999999997817, 1, , , 3445.8649999999997817, 1, , , 3445.8649999999997817, 0
, , 3445.8690000000001419, 0, , , 3445.8690000000001419, 1, , , 3445.8690000000001419, 1, , , 3445.8690000000001419, 0
, , 3445.8739999999997963, 0, , , 3445.8739999999997963, 1, , , 3445.8739999999997963, 1, , , 3445.8739999999997963, 0
, , 3445.8789999999999054, 0, , , 3445.8789999999999054, 1, , , 3445.8789999999999054, 1, , , 3445.8789999999999054, 0
, , 3445.8840000000000146, 0, , , 3445.8840000000000146, 1, , , 3445.8840000000000146, 1, , , 3445.8840000000000146, 0
, , 3445.8899999999998727, 0, , , 3445.8899999999998727, 1, , , 3445.8899999999998727, 1, , , 3445.8899999999998727, 0
, , 3445.8939999999997781, 0, , , 3445.8939999999997781, 1, , , 3445.8939999999997781, 1, , , 3445.8939999999997781, 0
, , 3445.8989999999998872, 0, , , 3445.8989999999998872, 1, , , 3445.8989999999998872, 1, , , 3445.8989999999998872, 0
, , 3445.9039999999999964, 0, , , 3445.9039999999999964, 1, , , 3445.9039999999999964, 1, , , 3445.9039999999999964, 0
, , 3445.9090000000001055, 0, , , 3445.9090000000001055, 1, , , 3445.9090000000001055, 1, , , 3445.9090000000001055, 0
, , 3445.9140000000002146, 0, , , 3445.9140000000002146, 1, , , 3445.9140000000002146, 1, , , 3445.9140000000002146, 0
, , 3445.918999999999869, 0, , , 3445.918999999999869, 1, , , 3445.918999999999869, 1, , , 3445.918999999999869, 0
, , 3445.9239999999999782, 0, , , 3445.9239999999999782, 1, , , 3445.9239999999999782, 1, , , 3445.9239999999999782, 0
, , 3445.9299999999998363, 0, , , 3445.9299999999998363, 1, , , 3445.9299999999998363, 1, , , 3445.9299999999998363, 0
, , 3445.9340000000001965, 0, , , 3445.9340000000001965, 1, , , 3445.9340000000001965, 1, , , 3445.9340000000001965, 0
, , 3445.9389999999998508, 0, , , 3445.9389999999998508, 1, , , 3445.9389999999998508, 1, , , 3445.9389999999998508, 0
, , 3445.94399999999996, 0, , , 3445.94399999999996, 1, , , 3445.94399999999996, 1, , , 3445.94399999999996, 0
, , 3445.9490000000000691, 0, , , 3445.9490000000000691, 1, , , 3445.9490000000000691, 1, , , 3445.9490000000000691, 0
, , 3445.9549999999999272, 0, , , 3445.9549999999999272, 1, , , 3445.9549999999999272, 1, , , 3445.9549999999999272, 0
, , 3445.9589999999998327, 0, , , 3445.9589999999998327, 1, , , 3445.9589999999998327, 1, , , 3445.9589999999998327, 0
, , 3445.9630000000001928, 0, , , 3445.9630000000001928, 1, , , 3445.9630000000001928, 1, , , 3445.9630000000001928, 0
, , 3445.9690000000000509, 0, , , 3445.9690000000000509, 1, , , 3445.9690000000000509, 1, , , 3445.9690000000000509, 0
, , 3445.9740000000001601, 0, , , 3445.9740000000001601, 1, , , 3445.9740000000001601, 1, , , 3445.9740000000001601, 0
, , 3445.9789999999998145, 0, , , 3445.9789999999998145, 1, , , 3445.9789999999998145, 1, , , 3445.9789999999998145, 0
, , 3445.9839999999999236, 0, , , 3445.9839999999999236, 1, , , 3445.9839999999999236, 1, , , 3445.9839999999999236, 0
, , 3445.9890000000000327, 0, , , 3445.9890000000000327, 1, , , 3445.9890000000000327, 1, , , 3445.9890000000000327, 0
, , 3445.9949999999998909, 0, , , 3445.9949999999998909, 1, , , 3445.9949999999998909, 1, , , 3445.9949999999998909, 0
, , 3445.9989999999997963, 0, , , 3445.9989999999997963, 1, , , 3445.9989999999997963, 1, , , 3445.9989999999997963, 0
, , 3446.0039999999999054, 0, , , 3446.0039999999999054, 1, , , 3446.0039999999999054, 1, , , 3446.0039999999999054, 0
, , 3446.0090000000000146, 0, , , 3446.0090000000000146, 1, , , 3446.0090000000000146, 1, , , 3446.0090000000000146, 0
, , 3446.0140000000001237, 1, , , 3446.0140000000001237, 1, , , 3446.0140000000001237, 1, , , 3446.0140000000001237, 1
, , 3446.0189999999997781, 1, , , 3446.0189999999997781, 1, , , 3446.0189999999997781, 1, , , 3446.0189999999997781, 1
, , 3446.0230000000001382, 1, , , 3446.0230000000001382, 1, , , 3446.0230000000001382, 1, , , 3446.0230000000001382, 1
, , 3446.0289999999999964, 1, , , 3446.0289999999999964, 1, , , 3446.0289999999999964, 1, , , 3446.0289999999999964, 1
, , 3446.0340000000001055, 1, , , 3446.0340000000001055, 1, , , 3446.0340000000001055, 1, , , 3446.0340000000001055, 1
, , 3446.0390000000002146, 1, , , 3446.0390000000002146, 1, , , 3446.0390000000002146, 1, , , 3446.0390000000002146, 1
, , 3446.0450000000000728, 1, , , 3446.0450000000000728, 1, , , 3446.0450000000000728, 1, , , 3446.0450000000000728, 1
, , 3446.0489999999999782, 1, , , 3446.0489999999999782, 1, , , 3446.0489999999999782, 1, , , 3446.0489999999999782, 1
, , 3446.0549999999998363, 1, , , 3446.0549999999998363, 1, , , 3446.0549999999998363, 1, , , 3446.0549999999998363, 1
, , 3446.0590000000001965, 1, , , 3446.0590000000001965, 1, , , 3446.0590000000001965, 1, , , 3446.0590000000001965, 1
, , 3446.0639999999998508, 1, , , 3446.0639999999998508, 1, , , 3446.0639999999998508, 1, , , 3446.0639999999998508, 1
, , 3446.0700000000001637, 1, , , 3446.0700000000001637, 1, , , 3446.0700000000001637, 1, , , 3446.0700000000001637, 1
, , 3446.0740000000000691, 1, , , 3446.0740000000000691, 1, , , 3446.0740000000000691, 1, , , 3446.0740000000000691, 1
, , 3446.0799999999999272, 1, , , 3446.0799999999999272, 1, , , 3446.0799999999999272, 1, , , 3446.0799999999999272, 1
, , 3446.0839999999998327, 1, , , 3446.0839999999998327, 1, , , 3446.0839999999998327, 1, , , 3446.0839999999998327, 1
, , 3446.0900000000001455, 1, , , 3446.0900000000001455, 0, , , 3446.0900000000001455, 0, , , 3446.0900000000001455, 1
, , 3446.0940000000000509, 1, , , 3446.0940000000000509, 0, , , 3446.0940000000000509, 0, , , 3446.0940000000000509, 1
, , 3446.0990000000001601, 1, , , 3446.0990000000001601, 0, , , 3446.0990000000001601, 0, , , 3446.0990000000001601, 1
, , 3446.1039999999998145, 1, , , 3446.1039999999998145, 0, , , 3446.1039999999998145, 0, , , 3446.1039999999998145, 1
, , 3446.1089999999999236, 1, , , 3446.1089999999999236, 0, , , 3446.1089999999999236, 0, , , 3446.1089999999999236, 1
, , 3446.1149999999997817, 1, , , 3446.1149999999997817, 0, , , 3446.1149999999997817, 0, , , 3446.1149999999997817, 1
, , 3446.1190000000001419, 1, , , 3446.1190000000001419, 0, , , 3446.1190000000001419, 0, , , 3446.1190000000001419, 1
, , 3446.1239999999997963, 1, , , 3446.1239999999997963, 0, , , 3446.1239999999997963, 0, , , 3446.1239999999997963, 1
, , 3446.1289999999999054, 1, , , 3446.1289999999999054, 0, , , 3446.1289999999999054, 0, , , 3446.1289999999999054, 1
, , 3446.1329999999998108, 1, , , 3446.1329999999998108, 0, , , 3446.1329999999998108, 0, , , 3446.1329999999998108, 1
, , 3446.1390000000001237, 1, , , 3446.1390000000001237, 0, , , 3446.1390000000001237, 0, , , 3446.1390000000001237, 1
, , 3446.1439999999997781, 1, , , 3446.1439999999997781, 0, , , 3446.1439999999997781, 0, , , 3446.1439999999997781, 1
, , 3446.1489999999998872, 1, , , 3446.1489999999998872, 0, , , 3446.1489999999998872, 0, , , 3446.1489999999998872, 1
, , 3446.1539999999999964, 1, , , 3446.1539999999999964, 0, , , 3446.1539999999999964, 0, , , 3446.1539999999999964, 1
, , 3446.1590000000001055, 1, , , 3446.1590000000001055, 0, , , 3446.1590000000001055, 0, , , 3446.1590000000001055, 1
, , 3446.1640000000002146, 1, , , 3446.1640000000002146, 0, , , 3446.1640000000002146, 0, , , 3446.1640000000002146, 1
, , 3446.168999999999869, 1, , , 3446.168999999999869, 0, , , 3446.168999999999869, 0, , , 3446.168999999999869, 1
, , 3446.1739999999999782, 1, , , 3446.1739999999999782, 0, , , 3446.1739999999999782, 0, , , 3446.1739999999999782, 1
, , 3446.1790000000000873, 1, , , 3446.1790000000000873, 0, , , 3446.1790000000000873, 0, , , 3446.1790000000000873, 1
, , 3446.1840000000001965, 1, , , 3446.1840000000001965, 0, , , 3446.1840000000001965, 0, , , 3446.1840000000001965, 1
, , 3446.1889999999998508, 1, , , 3446.1889999999998508, 0, , , 3446.1889999999998508, 0, , , 3446.1889999999998508, 1
, , 3446.19399999999996, 1, , , 3446.19399999999996, 0, , , 3446.19399999999996, 0, , , 3446.19399999999996, 1
, , 3446.1990000000000691, 1, , , 3446.1990000000000691, 0, , , 3446.1990000000000691, 0, , , 3446.1990000000000691, 1
, , 3446.2040000000001783, 1, , , 3446.2040000000001783, 0, , , 3446.2040000000001783, 0, , , 3446.2040000000001783, 1
, , 3446.2089999999998327, 1, , , 3446.2089999999998327, 0, , , 3446.2089999999998327, 0, , , 3446.2089999999998327, 1
, , 3446.2139999999999418, 1, , , 3446.2139999999999418, 0, , , 3446.2139999999999418, 0, , , 3446.2139999999999418, 1
, , 3446.2190000000000509, 1, , , 3446.2190000000000509, 0, , , 3446.2190000000000509, 0, , , 3446.2190000000000509, 1
, , 3446.2240000000001601, 1, , , 3446.2240000000001601, 0, , , 3446.2240000000001601, 0, , , 3446.2240000000001601, 1
, , 3446.2289999999998145, 1, , , 3446.2289999999998145, 0, , , 3446.2289999999998145, 0, , , 3446.2289999999998145, 1
, , 3446.2350000000001273, 1, , , 3446.2350000000001273, 0, , , 3446.2350000000001273, 0, , , 3446.2350000000001273, 1
, , 3446.237999999999829, 1, , , 3446.237999999999829, 0, , , 3446.237999999999829, 0, , , 3446.237999999999829, 1
, , 3446.2440000000001419, 1, , , 3446.2440000000001419, 0, , , 3446.2440000000001419, 0, , , 3446.2440000000001419, 1
, , 3446.2489999999997963, 1, , , 3446.2489999999997963, 0, , , 3446.2489999999997963, 0, , , 3446.2489999999997963, 1
, , 3446.2539999999999054, 1, , , 3446.2539999999999054, 0, , , 3446.2539999999999054, 0, , , 3446.2539999999999054, 1
, , 3446.2590000000000146, 1, , , 3446.2590000000000146, 0, , , 3446.2590000000000146, 0, , , 3446.2590000000000146, 1
, , 3446.2649999999998727, 1, , , 3446.2649999999998727, 0, , , 3446.2649999999998727, 0, , , 3446.2649999999998727, 1
, , 3446.2689999999997781, 1, , , 3446.2689999999997781, 0, , , 3446.2689999999997781, 0, , , 3446.2689999999997781, 1
, , 3446.2739999999998872, 1, , , 3446.2739999999998872, 0, , , 3446.2739999999998872, 0, , , 3446.2739999999998872, 1
, , 3446.2789999999999964, 1, , , 3446.2789999999999964, 0, , , 3446.2789999999999964, 0, , , 3446.2789999999999964, 1
, , 3446.2829999999999018, 1, , , 3446.2829999999999018, 0, , , 3446.2829999999999018, 0, , , 3446.2829999999999018, 1
, , 3446.2890000000002146, 1, , , 3446.2890000000002146, 0, , , 3446.2890000000002146, 0, , , 3446.2890000000002146, 1
, , 3446.2970000000000255, 1, , , 3446.2970000000000255, 0, , , 3446.2970000000000255, 0, , , 3446.2970000000000255, 1
, , 3446.2989999999999782, 1, , , 3446.2989999999999782, 0, , , 3446.2989999999999782, 0, , , 3446.2989999999999782, 1
, , 3446.3040000000000873, 1, , , 3446.3040000000000873, 0, , , 3446.3040000000000873, 0, , , 3446.3040000000000873, 1
, , 3446.3090000000001965, 1, , , 3446.3090000000001965, 0, , , 3446.3090000000001965, 0, , , 3446.3090000000001965, 1
, , 3446.3139999999998508, 1, , , 3446.3139999999998508, 0, , , 3446.3139999999998508, 0, , , 3446.3139999999998508, 1
, , 3446.3200000000001637, 1, , , 3446.3200000000001637, 0, , , 3446.3200000000001637, 0, , , 3446.3200000000001637, 1
, , 3446.3240000000000691, 1, , , 3446.3240000000000691, 0, , , 3446.3240000000000691, 0, , , 3446.3240000000000691, 1
, , 3446.3279999999999745, 1, , , 3446.3279999999999745, 0, , , 3446.3279999999999745, 0, , , 3446.3279999999999745, 1
, , 3446.3339999999998327, 1, , , 3446.3339999999998327, 0, , , 3446.3339999999998327, 0, , , 3446.3339999999998327, 1
, , 3446.3389999999999418, 1, , , 3446.3389999999999418, 1, , , 3446.3389999999999418, 1, , , 3446.3389999999999418, 1
, , 3446.3440000000000509, 1, , , 3446.3440000000000509, 1, , , 3446.3440000000000509, 1, , , 3446.3440000000000509, 1
, , 3446.3499999999999091, 1, , , 3446.3499999999999091, 1, , , 3446.3499999999999091, 1, , , 3446.3499999999999091, 1
, , 3446.3539999999998145, 1, , , 3446.3539999999998145, 1, , , 3446.3539999999998145, 1, , , 3446.3539999999998145, 1
, , 3446.3589999999999236, 1, , , 3446.3589999999999236, 1, , , 3446.3589999999999236, 1, , , 3446.3589999999999236, 1
, , 3446.3640000000000327, 1, , , 3446.3640000000000327, 1, , , 3446.3640000000000327, 1, , , 3446.3640000000000327, 1
, , 3446.3690000000001419, 1, , , 3446.3690000000001419, 1, , , 3446.3690000000001419, 1, , , 3446.3690000000001419, 1
, , 3446.3739999999997963, 1, , , 3446.3739999999997963, 1, , , 3446.3739999999997963, 1, , , 3446.3739999999997963, 1
, , 3446.3789999999999054, 1, , , 3446.3789999999999054, 1, , , 3446.3789999999999054, 1, , , 3446.3789999999999054, 1
, , 3446.3829999999998108, 1, , , 3446.3829999999998108, 1, , , 3446.3829999999998108, 1, , , 3446.3829999999998108, 1
, , 3446.3890000000001237, 1, , , 3446.3890000000001237, 1, , , 3446.3890000000001237, 1, , , 3446.3890000000001237, 1
, , 3446.3949999999999818, 1, , , 3446.3949999999999818, 1, , , 3446.3949999999999818, 1, , , 3446.3949999999999818, 1
, , 3446.3989999999998872, 1, , , 3446.3989999999998872, 1, , , 3446.3989999999998872, 1, , , 3446.3989999999998872, 1
, , 3446.4050000000002001, 1, , , 3446.4050000000002001, 1, , , 3446.4050000000002001, 1, , , 3446.4050000000002001, 1
, , 3446.4090000000001055, 1, , , 3446.4090000000001055, 1, , , 3446.4090000000001055, 1, , , 3446.4090000000001055, 1
, , 3446.4140000000002146, 0, , , 3446.4140000000002146, 1, , , 3446.4140000000002146, 1, , , 3446.4140000000002146, 0
, , 3446.4200000000000728, 0, , , 3446.4200000000000728, 1, , , 3446.4200000000000728, 1, , , 3446.4200000000000728, 0
, , 3446.4239999999999782, 0, , , 3446.4239999999999782, 1, , , 3446.4239999999999782, 1, , , 3446.4239999999999782, 0
, , 3446.4290000000000873, 0, , , 3446.4290000000000873, 1, , , 3446.4290000000000873, 1, , , 3446.4290000000000873, 0
, , 3446.4340000000001965, 0, , , 3446.4340000000001965, 1, , , 3446.4340000000001965, 1, , , 3446.4340000000001965, 0
, , 3446.4400000000000546, 0, , , 3446.4400000000000546, 1, , , 3446.4400000000000546, 1, , , 3446.4400000000000546, 0
, , 3446.44399999999996, 0, , , 3446.44399999999996, 1, , , 3446.44399999999996, 1, , , 3446.44399999999996, 0
, , 3446.4490000000000691, 0, , , 3446.4490000000000691, 1, , , 3446.4490000000000691, 1, , , 3446.4490000000000691, 0
, , 3446.4540000000001783, 0, , , 3446.4540000000001783, 1, , , 3446.4540000000001783, 1, , , 3446.4540000000001783, 0
, , 3446.4589999999998327, 0, , , 3446.4589999999998327, 1, , , 3446.4589999999998327, 1, , , 3446.4589999999998327, 0
, , 3446.4639999999999418, 0, , , 3446.4639999999999418, 1, , , 3446.4639999999999418, 1, , , 3446.4639999999999418, 0
, , 3446.4690000000000509, 0, , , 3446.4690000000000509, 1, , , 3446.4690000000000509, 1, , , 3446.4690000000000509, 0
, , 3446.4740000000001601, 0, , , 3446.4740000000001601, 1, , , 3446.4740000000001601, 1, , , 3446.4740000000001601, 0
, , 3446.4789999999998145, 0, , , 3446.4789999999998145, 1, , , 3446.4789999999998145, 1, , , 3446.4789999999998145, 0
, , 3446.4839999999999236, 0, , , 3446.4839999999999236, 1, , , 3446.4839999999999236, 1, , , 3446.4839999999999236, 0
, , 3446.4890000000000327, 0, , , 3446.4890000000000327, 1, , , 3446.4890000000000327, 1, , , 3446.4890000000000327, 0
, , 3446.4940000000001419, 0, , , 3446.4940000000001419, 1, , , 3446.4940000000001419, 1, , , 3446.4940000000001419, 0
, , 3446.4980000000000473, 0, , , 3446.4980000000000473, 1, , , 3446.4980000000000473, 1, , , 3446.4980000000000473, 0
, , 3446.5039999999999054, 0, , , 3446.5039999999999054, 1, , , 3446.5039999999999054, 1, , , 3446.5039999999999054, 0
, , 3446.5090000000000146, 0, , , 3446.5090000000000146, 1, , , 3446.5090000000000146, 1, , , 3446.5090000000000146, 0
, , 3446.5140000000001237, 0, , , 3446.5140000000001237, 1, , , 3446.5140000000001237, 1, , , 3446.5140000000001237, 0
, , 3446.5189999999997781, 0, , , 3446.5189999999997781, 1, , , 3446.5189999999997781, 1, , , 3446.5189999999997781, 0
, , 3446.5250000000000909, 0, , , 3446.5250000000000909, 1, , , 3446.5250000000000909, 1, , , 3446.5250000000000909, 0
, , 3446.5289999999999964, 0, , , 3446.5289999999999964, 1, , , 3446.5289999999999964, 1, , , 3446.5289999999999964, 0
, , 3446.5340000000001055, 0, , , 3446.5340000000001055, 1, , , 3446.5340000000001055, 1, , , 3446.5340000000001055, 0
, , 3446.5390000000002146, 0, , , 3446.5390000000002146, 1, , , 3446.5390000000002146, 1, , , 3446.5390000000002146, 0
, , 3446.543999999999869, 0, , , 3446.543999999999869, 1, , , 3446.543999999999869, 1, , , 3446.543999999999869, 0
, , 3446.5489999999999782, 0, , , 3446.5489999999999782, 1, , , 3446.5489999999999782, 1, , , 3446.5489999999999782, 0
, , 3446.5540000000000873, 0, , , 3446.5540000000000873, 1, , , 3446.5540000000000873, 1, , , 3446.5540000000000873, 0
, , 3446.5590000000001965, 0, , , 3446.5590000000001965, 1, , , 3446.5590000000001965, 1, , , 3446.5590000000001965, 0
, , 3446.5639999999998508, 0, , , 3446.5639999999998508, 1, , , 3446.5639999999998508, 1, , , 3446.5639999999998508, 0
, , 3446.56899999999996, 0, , , 3446.56899999999996, 1, , , 3446.56899999999996, 1, , , 3446.56899999999996, 0
, , 3446.5740000000000691, 0, , , 3446.5740000000000691, 1, , , 3446.5740000000000691, 1, , , 3446.5740000000000691, 0
, , 3446.5790000000001783, 0, , , 3446.5790000000001783, 1, , , 3446.5790000000001783, 1, , , 3446.5790000000001783, 0
, , 3446.5839999999998327, 0, , , 3446.5839999999998327, 1, , , 3446.5839999999998327, 1, , , 3446.5839999999998327, 0
, , 3446.5889999999999418, 0, , , 3446.5889999999999418, 1, , , 3446.5889999999999418, 1, , , 3446.5889999999999418, 0
, , 3446.5940000000000509, 0, , , 3446.5940000000000509, 1, , , 3446.5940000000000509, 1, , , 3446.5940000000000509, 0
, , 3446.5999999999999091, 0, , , 3446.5999999999999091, 1, , , 3446.5999999999999091, 1, , , 3446.5999999999999091, 0
, , 3446.6050000000000182, 0, , , 3446.6050000000000182, 1, , , 3446.6050000000000182, 1, , , 3446.6050000000000182, 0
, , 3446.6080000000001746, 0, , , 3446.6080000000001746, 1, , , 3446.6080000000001746, 1, , , 3446.6080000000001746, 0
, , 3446.6140000000000327, 0, , , 3446.6140000000000327, 1, , , 3446.6140000000000327, 1, , , 3446.6140000000000327, 0
, , 3446.6190000000001419, 0, , , 3446.6190000000001419, 1, , , 3446.6190000000001419, 1, , , 3446.6190000000001419, 0
, , 3446.6239999999997963, 0, , , 3446.6239999999997963, 1, , , 3446.6239999999997963, 1, , , 3446.6239999999997963, 0
, , 3446.6289999999999054, 0, , , 3446.6289999999999054, 1, , , 3446.6289999999999054, 1, , , 3446.6289999999999054, 0
, , 3446.6340000000000146, 0, , , 3446.6340000000000146, 1, , , 3446.6340000000000146, 1, , , 3446.6340000000000146, 0
, , 3446.6390000000001237, 0, , , 3446.6390000000001237, 1, , , 3446.6390000000001237, 1, , , 3446.6390000000001237, 0
, , 3446.6439999999997781, 0, , , 3446.6439999999997781, 1, , , 3446.6439999999997781, 1, , , 3446.6439999999997781, 0
, , 3446.6489999999998872, 0, , , 3446.6489999999998872, 1, , , 3446.6489999999998872, 1, , , 3446.6489999999998872, 0
, , 3446.6550000000002001, 0, , , 3446.6550000000002001, 1, , , 3446.6550000000002001, 1, , , 3446.6550000000002001, 0
, , 3446.6590000000001055, 0, , , 3446.6590000000001055, 1, , , 3446.6590000000001055, 1, , , 3446.6590000000001055, 0
, , 3446.6640000000002146, 1, , , 3446.6640000000002146, 1, , , 3446.6640000000002146, 1, , , 3446.6640000000002146, 1
, , 3446.668999999999869, 1, , , 3446.668999999999869, 1, , , 3446.668999999999869, 1, , , 3446.668999999999869, 1
, , 3446.6750000000001819, 1, , , 3446.6750000000001819, 1, , , 3446.6750000000001819, 1, , , 3446.6750000000001819, 1
, , 3446.6790000000000873, 1, , , 3446.6790000000000873, 1, , , 3446.6790000000000873, 1, , , 3446.6790000000000873, 1
, , 3446.6840000000001965, 1, , , 3446.6840000000001965, 1, , , 3446.6840000000001965, 1, , , 3446.6840000000001965, 1
, , 3446.6889999999998508, 1, , , 3446.6889999999998508, 1, , , 3446.6889999999998508, 1, , , 3446.6889999999998508, 1
, , 3446.69399999999996, 1, , , 3446.69399999999996, 1, , , 3446.69399999999996, 1, , , 3446.69399999999996, 1
, , 3446.6990000000000691, 1, , , 3446.6990000000000691, 1, , , 3446.6990000000000691, 1, , , 3446.6990000000000691, 1
, , 3446.7040000000001783, 1, , , 3446.7040000000001783, 1, , , 3446.7040000000001783, 1, , , 3446.7040000000001783, 1
, , 3446.7089999999998327, 1, , , 3446.7089999999998327, 1, , , 3446.7089999999998327, 1, , , 3446.7089999999998327, 1
, , 3446.7139999999999418, 1, , , 3446.7139999999999418, 1, , , 3446.7139999999999418, 1, , , 3446.7139999999999418, 1
, , 3446.7190000000000509, 1, , , 3446.7190000000000509, 1, , , 3446.7190000000000509, 1, , , 3446.7190000000000509, 1
, , 3446.7249999999999091, 1, , , 3446.7249999999999091, 1, , , 3446.7249999999999091, 1, , , 3446.7249999999999091, 1
, , 3446.7289999999998145, 1, , , 3446.7289999999998145, 1, , , 3446.7289999999998145, 1, , , 3446.7289999999998145, 1
, , 3446.7350000000001273, 1, , , 3446.7350000000001273, 1, , , 3446.7350000000001273, 1, , , 3446.7350000000001273, 1
, , 3446.7399999999997817, 1, , , 3446.7399999999997817, 0, , , 3446.7399999999997817, 0, , , 3446.7399999999997817, 1
, , 3446.7440000000001419, 1, , , 3446.7440000000001419, 0, , , 3446.7440000000001419, 0, , , 3446.7440000000001419, 1
, , 3446.75, 1, , , 3446.75, 0, , , 3446.75, 0, , , 3446.75, 1
, , 3446.7539999999999054, 1, , , 3446.7539999999999054, 0, , , 3446.7539999999999054, 0, , , 3446.7539999999999054, 1
, , 3446.7590000000000146, 1, , , 3446.7590000000000146, 0, , , 3446.7590000000000146, 0, , , 3446.7590000000000146, 1
, , 3446.7640000000001237, 1, , , 3446.7640000000001237, 0, , , 3446.7640000000001237, 0, , , 3446.7640000000001237, 1
, , 3446.7699999999999818, 1, , , 3446.7699999999999818, 0, , , 3446.7699999999999818, 0, , , 3446.7699999999999818, 1
, , 3446.7739999999998872, 1, , , 3446.7739999999998872, 0, , , 3446.7739999999998872, 0, , , 3446.7739999999998872, 1
, , 3446.7789999999999964, 1, , , 3446.7789999999999964, 0, , , 3446.7789999999999964, 0, , , 3446.7789999999999964, 1
, , 3446.7840000000001055, 1, , , 3446.7840000000001055, 0, , , 3446.7840000000001055, 0, , , 3446.7840000000001055, 1
, , 3446.7890000000002146, 1, , , 3446.7890000000002146, 0, , , 3446.7890000000002146, 0, , , 3446.7890000000002146, 1
, , 3446.793999999999869, 1, , , 3446.793999999999869, 0, , , 3446.793999999999869, 0, , , 3446.793999999999869, 1
, , 3446.8000000000001819, 1, , , 3446.8000000000001819, 0, , , 3446.8000000000001819, 0, , , 3446.8000000000001819, 1
, , 3446.8040000000000873, 1, , , 3446.8040000000000873, 0, , , 3446.8040000000000873, 0, , , 3446.8040000000000873, 1
, , 3446.8090000000001965, 1, , , 3446.8090000000001965, 0, , , 3446.8090000000001965, 0, , , 3446.8090000000001965, 1
, , 3446.8139999999998508, 1, , , 3446.8139999999998508, 0, , , 3446.8139999999998508, 0, , , 3446.8139999999998508, 1
, , 3446.8200000000001637, 1, , , 3446.8200000000001637, 0, , , 3446.8200000000001637, 0, , , 3446.8200000000001637, 1
, , 3446.8240000000000691, 1, , , 3446.8240000000000691, 0, , , 3446.8240000000000691, 0, , , 3446.8240000000000691, 1
, , 3446.8290000000001783, 1, , , 3446.8290000000001783, 0, , , 3446.8290000000001783, 0, , , 3446.8290000000001783, 1
, , 3446.8339999999998327, 1, , , 3446.8339999999998327, 0, , , 3446.8339999999998327, 0, , , 3446.8339999999998327, 1
, , 3446.8400000000001455, 1, , , 3446.8400000000001455, 0, , , 3446.8400000000001455, 0, , , 3446.8400000000001455, 1
, , 3446.8440000000000509, 1, , , 3446.8440000000000509, 0, , , 3446.8440000000000509, 0, , , 3446.8440000000000509, 1
, , 3446.8490000000001601, 1, , , 3446.8490000000001601, 0, , , 3446.8490000000001601, 0, , , 3446.8490000000001601, 1
, , 3446.8550000000000182, 1, , , 3446.8550000000000182, 0, , , 3446.8550000000000182, 0, , , 3446.8550000000000182, 1
, , 3446.8589999999999236, 1, , , 3446.8589999999999236, 0, , , 3446.8589999999999236, 0, , , 3446.8589999999999236, 1
, , 3446.8640000000000327, 1, , , 3446.8640000000000327, 0, , , 3446.8640000000000327, 0, , , 3446.8640000000000327, 1
, , 3446.8679999999999382, 1, , , 3446.8679999999999382, 0, , , 3446.8679999999999382, 0, , , 3446.8679999999999382, 1
, , 3446.8739999999997963, 1, , , 3446.8739999999997963, 0, , , 3446.8739999999997963, 0, , , 3446.8739999999997963, 1
, , 3446.8789999999999054, 1, , , 3446.8789999999999054, 0, , , 3446.8789999999999054, 0, , , 3446.8789999999999054, 1
, , 3446.8840000000000146, 1, , , 3446.8840000000000146, 0, , , 3446.8840000000000146, 0, , , 3446.8840000000000146, 1
, , 3446.8899999999998727, 1, , , 3446.8899999999998727, 0, , , 3446.8899999999998727, 0, , , 3446.8899999999998727, 1
, , 3446.8949999999999818, 1, , , 3446.8949999999999818, 0, , , 3446.8949999999999818, 0, , , 3446.8949999999999818, 1
, , 3446.8989999999998872, 1, , , 3446.8989999999998872, 0, , , 3446.8989999999998872, 0, , , 3446.8989999999998872, 1
, , 3446.9039999999999964, 1, , , 3446.9039999999999964, 0, , , 3446.9039999999999964, 0, , , 3446.9039999999999964, 1
, , 3446.9090000000001055, 1, , , 3446.9090000000001055, 0, , , 3446.9090000000001055, 0, , , 3446.9090000000001055, 1
, , 3446.9160000000001673, 1, , , 3446.9160000000001673, 0, , , 3446.9160000000001673, 0, , , 3446.9160000000001673, 1
, , 3446.918999999999869, 1, , , 3446.918999999999869, 0, , , 3446.918999999999869, 0, , , 3446.918999999999869, 1
, , 3446.9250000000001819, 1, , , 3446.9250000000001819, 0, , , 3446.9250000000001819, 0, , , 3446.9250000000001819, 1
, , 3446.9290000000000873, 1, , , 3446.9290000000000873, 0, , , 3446.9290000000000873, 0, , , 3446.9290000000000873, 1
, , 3446.9349999999999454, 1, , , 3446.9349999999999454, 0, , , 3446.9349999999999454, 0, , , 3446.9349999999999454, 1
, , 3446.9400000000000546, 1, , , 3446.9400000000000546, 0, , , 3446.9400000000000546, 0, , , 3446.9400000000000546, 1
, , 3446.94399999999996, 1, , , 3446.94399999999996, 0, , , 3446.94399999999996, 0, , , 3446.94399999999996, 1
, , 3446.9490000000000691, 1, , , 3446.9490000000000691, 0, , , 3446.9490000000000691, 0, , , 3446.9490000000000691, 1
, , 3446.9540000000001783, 1, , , 3446.9540000000001783, 0, , , 3446.9540000000001783, 0, , , 3446.9540000000001783, 1
, , 3446.9589999999998327, 1, , , 3446.9589999999998327, 0, , , 3446.9589999999998327, 0, , , 3446.9589999999998327, 1
, , 3446.9639999999999418, 1, , , 3446.9639999999999418, 0, , , 3446.9639999999999418, 0, , , 3446.9639999999999418, 1
, , 3446.9690000000000509, 1, , , 3446.9690000000000509, 0, , , 3446.9690000000000509, 0, , , 3446.9690000000000509, 1
, , 3446.9740000000001601, 1, , , 3446.9740000000001601, 0, , , 3446.9740000000001601, 0, , , 3446.9740000000001601, 1
, , 3446.9789999999998145, 1, , , 3446.9789999999998145, 0, , , 3446.9789999999998145, 0, , , 3446.9789999999998145, 1
, , 3446.9839999999999236, 1, , , 3446.9839999999999236, 0, , , 3446.9839999999999236, 0, , , 3446.9839999999999236, 1
, , 3446.9890000000000327, 1, , , 3446.9890000000000327, 1, , , 3446.9890000000000327, 1, , , 3446.9890000000000327, 1
, , 3446.9940000000001419, 1, , , 3446.9940000000001419, 1, , , 3446.9940000000001419, 1, , , 3446.9940000000001419, 1
, , 3447, 1, , , 3447, 1, , , 3447, 1, , , 3447, 1
, , 3447.0050000000001091, 1, , , 3447.0050000000001091, 1, , , 3447.0050000000001091, 1, , , 3447.0050000000001091, 1
, , 3447.0090000000000146, 1, , , 3447.0090000000000146, 1, , , 3447.0090000000000146, 1, , , 3447.0090000000000146, 1
, , 3447.0140000000001237, 1, , , 3447.0140000000001237, 1, , , 3447.0140000000001237, 1, , , 3447.0140000000001237, 1
, , 3447.0189999999997781, 1, , , 3447.0189999999997781, 1, , , 3447.0189999999997781, 1, , , 3447.0189999999997781, 1
, , 3447.0239999999998872, 1, , , 3447.0239999999998872, 1, , , 3447.0239999999998872, 1, , , 3447.0239999999998872, 1
, , 3447.0289999999999964, 1, , , 3447.0289999999999964, 1, , , 3447.0289999999999964, 1, , , 3447.0289999999999964, 1
, , 3447.0349999999998545, 1, , , 3447.0349999999998545, 1, , , 3447.0349999999998545, 1, , , 3447.0349999999998545, 1
, , 3447.0390000000002146, 1, , , 3447.0390000000002146, 1, , , 3447.0390000000002146, 1, , , 3447.0390000000002146, 1
, , 3447.043999999999869, 1, , , 3447.043999999999869, 1, , , 3447.043999999999869, 1, , , 3447.043999999999869, 1
, , 3447.0489999999999782, 1, , , 3447.0489999999999782, 1, , , 3447.0489999999999782, 1, , , 3447.0489999999999782, 1
, , 3447.0540000000000873, 1, , , 3447.0540000000000873, 1, , , 3447.0540000000000873, 1, , , 3447.0540000000000873, 1
, , 3447.0590000000001965, 1, , , 3447.0590000000001965, 1, , , 3447.0590000000001965, 1, , , 3447.0590000000001965, 1
, , 3447.0650000000000546, 0, , , 3447.0650000000000546, 1, , , 3447.0650000000000546, 1, , , 3447.0650000000000546, 0
, , 3447.0729999999998654, 0, , , 3447.0729999999998654, 1, , , 3447.0729999999998654, 1, , , 3447.0729999999998654, 0
, , 3447.0740000000000691, 0, , , 3447.0740000000000691, 1, , , 3447.0740000000000691, 1, , , 3447.0740000000000691, 0
, , 3447.0799999999999272, 0, , , 3447.0799999999999272, 1, , , 3447.0799999999999272, 1, , , 3447.0799999999999272, 0
, , 3447.0839999999998327, 0, , , 3447.0839999999998327, 1, , , 3447.0839999999998327, 1, , , 3447.0839999999998327, 0
, , 3447.0889999999999418, 0, , , 3447.0889999999999418, 1, , , 3447.0889999999999418, 1, , , 3447.0889999999999418, 0
, , 3447.0929999999998472, 0, , , 3447.0929999999998472, 1, , , 3447.0929999999998472, 1, , , 3447.0929999999998472, 0
, , 3447.0990000000001601, 0, , , 3447.0990000000001601, 1, , , 3447.0990000000001601, 1, , , 3447.0990000000001601, 0
, , 3447.1039999999998145, 0, , , 3447.1039999999998145, 1, , , 3447.1039999999998145, 1, , , 3447.1039999999998145, 0
, , 3447.1089999999999236, 0, , , 3447.1089999999999236, 1, , , 3447.1089999999999236, 1, , , 3447.1089999999999236, 0
, , 3447.1149999999997817, 0, , , 3447.1149999999997817, 1, , , 3447.1149999999997817, 1, , , 3447.1149999999997817, 0
, , 3447.1199999999998909, 0, , , 3447.1199999999998909, 1, , , 3447.1199999999998909, 1, , , 3447.1199999999998909, 0
, , 3447.1239999999997963, 0, , , 3447.1239999999997963, 1, , , 3447.1239999999997963, 1, , , 3447.1239999999997963, 0
, , 3447.1289999999999054, 0, , , 3447.1289999999999054, 1, , , 3447.1289999999999054, 1, , , 3447.1289999999999054, 0
, , 3447.1359999999999673, 0, , , 3447.1359999999999673, 1, , , 3447.1359999999999673, 1, , , 3447.1359999999999673, 0
, , 3447.1390000000001237, 0, , , 3447.1390000000001237, 1, , , 3447.1390000000001237, 1, , , 3447.1390000000001237, 0
, , 3447.1439999999997781, 0, , , 3447.1439999999997781, 1, , , 3447.1439999999997781, 1, , , 3447.1439999999997781, 0
, , 3447.1500000000000909, 0, , , 3447.1500000000000909, 1, , , 3447.1500000000000909, 1, , , 3447.1500000000000909, 0
, , 3447.1539999999999964, 0, , , 3447.1539999999999964, 1, , , 3447.1539999999999964, 1, , , 3447.1539999999999964, 0
, , 3447.1590000000001055, 0, , , 3447.1590000000001055, 1, , , 3447.1590000000001055, 1, , , 3447.1590000000001055, 0
, , 3447.1640000000002146, 0, , , 3447.1640000000002146, 1, , , 3447.1640000000002146, 1, , , 3447.1640000000002146, 0
, , 3447.168999999999869, 0, , , 3447.168999999999869, 1, , , 3447.168999999999869, 1, , , 3447.168999999999869, 0
, , 3447.1739999999999782, 0, , , 3447.1739999999999782, 1, , , 3447.1739999999999782, 1, , , 3447.1739999999999782, 0
, , 3447.1790000000000873, 0, , , 3447.1790000000000873, 1, , , 3447.1790000000000873, 1, , , 3447.1790000000000873, 0
, , 3447.1840000000001965, 0, , , 3447.1840000000001965, 1, , , 3447.1840000000001965, 1, , , 3447.1840000000001965, 0
, , 3447.1889999999998508, 0, , , 3447.1889999999998508, 1, , , 3447.1889999999998508, 1, , , 3447.1889999999998508, 0
, , 3447.19399999999996, 0, , , 3447.19399999999996, 1, , , 3447.19399999999996, 1, , , 3447.19399999999996, 0
, , 3447.1979999999998654, 0, , , 3447.1979999999998654, 1, , , 3447.1979999999998654, 1, , , 3447.1979999999998654, 0
, , 3447.2040000000001783, 0, , , 3447.2040000000001783, 1, , , 3447.2040000000001783, 1, , , 3447.2040000000001783, 0
, , 3447.2089999999998327, 0, , , 3447.2089999999998327, 1, , , 3447.2089999999998327, 1, , , 3447.2089999999998327, 0
, , 3447.2139999999999418, 0, , , 3447.2139999999999418, 1, , , 3447.2139999999999418, 1, , , 3447.2139999999999418, 0
, , 3447.2190000000000509, 0, , , 3447.2190000000000509, 1, , , 3447.2190000000000509, 1, , , 3447.2190000000000509, 0
, , 3447.2240000000001601, 0, , , 3447.2240000000001601, 1, , , 3447.2240000000001601, 1, , , 3447.2240000000001601, 0
, , 3447.2289999999998145, 0, , , 3447.2289999999998145, 1, , , 3447.2289999999998145, 1, , , 3447.2289999999998145, 0
, , 3447.2339999999999236, 0, , , 3447.2339999999999236, 1, , , 3447.2339999999999236, 1, , , 3447.2339999999999236, 0
, , 3447.2390000000000327, 0, , , 3447.2390000000000327, 1, , , 3447.2390000000000327, 1, , , 3447.2390000000000327, 0
, , 3447.2440000000001419, 0, , , 3447.2440000000001419, 1, , , 3447.2440000000001419, 1, , , 3447.2440000000001419, 0
, , 3447.2489999999997963, 0, , , 3447.2489999999997963, 1, , , 3447.2489999999997963, 1, , , 3447.2489999999997963, 0
, , 3447.2550000000001091, 0, , , 3447.2550000000001091, 1, , , 3447.2550000000001091, 1, , , 3447.2550000000001091, 0
, , 3447.2590000000000146, 0, , , 3447.2590000000000146, 1, , , 3447.2590000000000146, 1, , , 3447.2590000000000146, 0
, , 3447.2640000000001237, 0, , , 3447.2640000000001237, 1, , , 3447.2640000000001237, 1, , , 3447.2640000000001237, 0
, , 3447.2689999999997781, 0, , , 3447.2689999999997781, 1, , , 3447.2689999999997781, 1, , , 3447.2689999999997781, 0
, , 3447.2739999999998872, 0, , , 3447.2739999999998872, 1, , , 3447.2739999999998872, 1, , , 3447.2739999999998872, 0
, , 3447.2789999999999964, 0, , , 3447.2789999999999964, 1, , , 3447.2789999999999964, 1, , , 3447.2789999999999964, 0
, , 3447.2849999999998545, 0, , , 3447.2849999999998545, 1, , , 3447.2849999999998545, 1, , , 3447.2849999999998545, 0
, , 3447.2890000000002146, 0, , , 3447.2890000000002146, 1, , , 3447.2890000000002146, 1, , , 3447.2890000000002146, 0
, , 3447.2950000000000728, 0, , , 3447.2950000000000728, 1, , , 3447.2950000000000728, 1, , , 3447.2950000000000728, 0
, , 3447.3000000000001819, 0, , , 3447.3000000000001819, 1, , , 3447.3000000000001819, 1, , , 3447.3000000000001819, 0
, , 3447.3040000000000873, 0, , , 3447.3040000000000873, 1, , , 3447.3040000000000873, 1, , , 3447.3040000000000873, 0
, , 3447.3099999999999454, 0, , , 3447.3099999999999454, 1, , , 3447.3099999999999454, 1, , , 3447.3099999999999454, 0
, , 3447.3150000000000546, 1, , , 3447.3150000000000546, 1, , , 3447.3150000000000546, 1, , , 3447.3150000000000546, 1
, , 3447.3220000000001164, 1, , , 3447.3220000000001164, 1, , , 3447.3220000000001164, 1, , , 3447.3220000000001164, 1
, , 3447.3249999999998181, 1, , , 3447.3249999999998181, 1, , , 3447.3249999999998181, 1, , , 3447.3249999999998181, 1
, , 3447.3299999999999272, 1, , , 3447.3299999999999272, 1, , , 3447.3299999999999272, 1, , , 3447.3299999999999272, 1
, , 3447.3339999999998327, 1, , , 3447.3339999999998327, 1, , , 3447.3339999999998327, 1, , , 3447.3339999999998327, 1
, , 3447.3389999999999418, 1, , , 3447.3389999999999418, 1, , , 3447.3389999999999418, 1, , , 3447.3389999999999418, 1
, , 3447.3440000000000509, 1, , , 3447.3440000000000509, 1, , , 3447.3440000000000509, 1, , , 3447.3440000000000509, 1
, , 3447.3490000000001601, 1, , , 3447.3490000000001601, 1, , , 3447.3490000000001601, 1, , , 3447.3490000000001601, 1
, , 3447.3539999999998145, 1, , , 3447.3539999999998145, 1, , , 3447.3539999999998145, 1, , , 3447.3539999999998145, 1
, , 3447.3589999999999236, 1, , , 3447.3589999999999236, 1, , , 3447.3589999999999236, 1, , , 3447.3589999999999236, 1
, , 3447.3640000000000327, 1, , , 3447.3640000000000327, 1, , , 3447.3640000000000327, 1, , , 3447.3640000000000327, 1
, , 3447.3690000000001419, 1, , , 3447.3690000000001419, 1, , , 3447.3690000000001419, 1, , , 3447.3690000000001419, 1
, , 3447.3739999999997963, 1, , , 3447.3739999999997963, 1, , , 3447.3739999999997963, 1, , , 3447.3739999999997963, 1
, , 3447.3789999999999054, 1, , , 3447.3789999999999054, 1, , , 3447.3789999999999054, 1, , , 3447.3789999999999054, 1
, , 3447.3840000000000146, 1, , , 3447.3840000000000146, 1, , , 3447.3840000000000146, 1, , , 3447.3840000000000146, 1
, , 3447.3890000000001237, 1, , , 3447.3890000000001237, 0, , , 3447.3890000000001237, 0, , , 3447.3890000000001237, 1
, , 3447.3939999999997781, 1, , , 3447.3939999999997781, 0, , , 3447.3939999999997781, 0, , , 3447.3939999999997781, 1
, , 3447.4000000000000909, 1, , , 3447.4000000000000909, 1, , , 3447.4000000000000909, 1, , , 3447.4000000000000909, 1
, , 3447.4039999999999964, 1, , , 3447.4039999999999964, 1, , , 3447.4039999999999964, 1, , , 3447.4039999999999964, 1
, , 3447.4099999999998545, 1, , , 3447.4099999999998545, 1, , , 3447.4099999999998545, 1, , , 3447.4099999999998545, 1
, , 3447.4140000000002146, 1, , , 3447.4140000000002146, 1, , , 3447.4140000000002146, 1, , , 3447.4140000000002146, 1
, , 3447.4200000000000728, 1, , , 3447.4200000000000728, 1, , , 3447.4200000000000728, 1, , , 3447.4200000000000728, 1
, , 3447.4239999999999782, 1, , , 3447.4239999999999782, 1, , , 3447.4239999999999782, 1, , , 3447.4239999999999782, 1
, , 3447.4290000000000873, 1, , , 3447.4290000000000873, 1, , , 3447.4290000000000873, 1, , , 3447.4290000000000873, 1
, , 3447.4340000000001965, 1, , , 3447.4340000000001965, 1, , , 3447.4340000000001965, 1, , , 3447.4340000000001965, 1
, , 3447.4389999999998508, 1, , , 3447.4389999999998508, 1, , , 3447.4389999999998508, 1, , , 3447.4389999999998508, 1
, , 3447.4450000000001637, 1, , , 3447.4450000000001637, 1, , , 3447.4450000000001637, 1, , , 3447.4450000000001637, 1
, , 3447.4479999999998654, 1, , , 3447.4479999999998654, 1, , , 3447.4479999999998654, 1, , , 3447.4479999999998654, 1
, , 3447.4540000000001783, 1, , , 3447.4540000000001783, 1, , , 3447.4540000000001783, 1, , , 3447.4540000000001783, 1
, , 3447.4589999999998327, 1, , , 3447.4589999999998327, 1, , , 3447.4589999999998327, 1, , , 3447.4589999999998327, 1
, , 3447.4630000000001928, 1, , , 3447.4630000000001928, 1, , , 3447.4630000000001928, 1, , , 3447.4630000000001928, 1
, , 3447.4690000000000509, 1, , , 3447.4690000000000509, 1, , , 3447.4690000000000509, 1, , , 3447.4690000000000509, 1
, , 3447.4740000000001601, 1, , , 3447.4740000000001601, 1, , , 3447.4740000000001601, 1, , , 3447.4740000000001601, 1
, , 3447.4789999999998145, 1, , , 3447.4789999999998145, 1, , , 3447.4789999999998145, 1, , , 3447.4789999999998145, 1
, , 3447.4839999999999236, 1, , , 3447.4839999999999236, 1, , , 3447.4839999999999236, 1, , , 3447.4839999999999236, 1
, , 3447.4890000000000327, 1, , , 3447.4890000000000327, 1, , , 3447.4890000000000327, 1, , , 3447.4890000000000327, 1
, , 3447.4940000000001419, 1, , , 3447.4940000000001419, 1, , , 3447.4940000000001419, 1, , , 3447.4940000000001419, 1
, , 3447.4989999999997963, 1, , , 3447.4989999999997963, 1, , , 3447.4989999999997963, 1, , , 3447.4989999999997963, 1
, , 3447.5050000000001091, 1, , , 3447.5050000000001091, 1, , , 3447.5050000000001091, 1, , , 3447.5050000000001091, 1
, , 3447.5100000000002183, 1, , , 3447.5100000000002183, 1, , , 3447.5100000000002183, 1, , , 3447.5100000000002183, 1
, , 3447.5140000000001237, 1, , , 3447.5140000000001237, 1, , , 3447.5140000000001237, 1, , , 3447.5140000000001237, 1
, , 3447.5189999999997781, 1, , , 3447.5189999999997781, 1, , , 3447.5189999999997781, 1, , , 3447.5189999999997781, 1
, , 3447.5250000000000909, 1, , , 3447.5250000000000909, 1, , , 3447.5250000000000909, 1, , , 3447.5250000000000909, 1
, , 3447.5289999999999964, 1, , , 3447.5289999999999964, 1, , , 3447.5289999999999964, 1, , , 3447.5289999999999964, 1
, , 3447.5349999999998545, 1, , , 3447.5349999999998545, 1, , , 3447.5349999999998545, 1, , , 3447.5349999999998545, 1
, , 3447.5390000000002146, 1, , , 3447.5390000000002146, 1, , , 3447.5390000000002146, 1, , , 3447.5390000000002146, 1
, , 3447.5459999999998217, 1, , , 3447.5459999999998217, 1, , , 3447.5459999999998217, 1, , , 3447.5459999999998217, 1
, , 3447.5489999999999782, 1, , , 3447.5489999999999782, 1, , , 3447.5489999999999782, 1, , , 3447.5489999999999782, 1
, , 3447.5540000000000873, 1, , , 3447.5540000000000873, 1, , , 3447.5540000000000873, 1, , , 3447.5540000000000873, 1
, , 3447.5590000000001965, 1, , , 3447.5590000000001965, 1, , , 3447.5590000000001965, 1, , , 3447.5590000000001965, 1
, , 3447.5670000000000073, 1, , , 3447.5670000000000073, 1, , , 3447.5670000000000073, 1, , , 3447.5670000000000073, 1
, , 3447.5700000000001637, 1, , , 3447.5700000000001637, 1, , , 3447.5700000000001637, 1, , , 3447.5700000000001637, 1
, , 3447.5740000000000691, 1, , , 3447.5740000000000691, 1, , , 3447.5740000000000691, 1, , , 3447.5740000000000691, 1
, , 3447.5799999999999272, 1, , , 3447.5799999999999272, 1, , , 3447.5799999999999272, 1, , , 3447.5799999999999272, 1
, , 3447.5839999999998327, 1, , , 3447.5839999999998327, 1, , , 3447.5839999999998327, 1, , , 3447.5839999999998327, 1
, , 3447.5889999999999418, 1, , , 3447.5889999999999418, 1, , , 3447.5889999999999418, 1, , , 3447.5889999999999418, 1
, , 3447.5940000000000509, 1, , , 3447.5940000000000509, 1, , , 3447.5940000000000509, 1, , , 3447.5940000000000509, 1
, , 3447.6010000000001128, 1, , , 3447.6010000000001128, 1, , , 3447.6010000000001128, 1, , , 3447.6010000000001128, 1
, , 3447.6039999999998145, 1, , , 3447.6039999999998145, 1, , , 3447.6039999999998145, 1, , , 3447.6039999999998145, 1
, , 3447.6100000000001273, 1, , , 3447.6100000000001273, 1, , , 3447.6100000000001273, 1, , , 3447.6100000000001273, 1
, , 3447.6140000000000327, 1, , , 3447.6140000000000327, 1, , , 3447.6140000000000327, 1, , , 3447.6140000000000327, 1
, , 3447.6190000000001419, 1, , , 3447.6190000000001419, 1, , , 3447.6190000000001419, 1, , , 3447.6190000000001419, 1
, , 3447.6239999999997963, 1, , , 3447.6239999999997963, 1, , , 3447.6239999999997963, 1, , , 3447.6239999999997963, 1
, , 3447.6300000000001091, 1, , , 3447.6300000000001091, 1, , , 3447.6300000000001091, 1, , , 3447.6300000000001091, 1
, , 3447.6350000000002183, 1, , , 3447.6350000000002183, 1, , , 3447.6350000000002183, 1, , , 3447.6350000000002183, 1
, , 3447.6390000000001237, 1, , , 3447.6390000000001237, 1, , , 3447.6390000000001237, 1, , , 3447.6390000000001237, 1
, , 3447.6449999999999818, 1, , , 3447.6449999999999818, 1, , , 3447.6449999999999818, 1, , , 3447.6449999999999818, 1
, , 3447.6489999999998872, 1, , , 3447.6489999999998872, 1, , , 3447.6489999999998872, 1, , , 3447.6489999999998872, 1
, , 3447.6539999999999964, 1, , , 3447.6539999999999964, 1, , , 3447.6539999999999964, 1, , , 3447.6539999999999964, 1
, , 3447.6590000000001055, 1, , , 3447.6590000000001055, 1, , , 3447.6590000000001055, 1, , , 3447.6590000000001055, 1
, , 3447.6649999999999636, 1, , , 3447.6649999999999636, 1, , , 3447.6649999999999636, 1, , , 3447.6649999999999636, 1
, , 3447.668999999999869, 1, , , 3447.668999999999869, 1, , , 3447.668999999999869, 1, , , 3447.668999999999869, 1
, , 3447.6739999999999782, 1, , , 3447.6739999999999782, 1, , , 3447.6739999999999782, 1, , , 3447.6739999999999782, 1
, , 3447.6799999999998363, 1, , , 3447.6799999999998363, 1, , , 3447.6799999999998363, 1, , , 3447.6799999999998363, 1
, , 3447.6840000000001965, 1, , , 3447.6840000000001965, 1, , , 3447.6840000000001965, 1, , , 3447.6840000000001965, 1
, , 3447.6889999999998508, 1, , , 3447.6889999999998508, 1, , , 3447.6889999999998508, 1, , , 3447.6889999999998508, 1
, , 3447.69399999999996, 1, , , 3447.69399999999996, 1, , , 3447.69399999999996, 1, , , 3447.69399999999996, 1
, , 3447.6999999999998181, 1, , , 3447.6999999999998181, 1, , , 3447.6999999999998181, 1, , , 3447.6999999999998181, 1
, , 3447.7040000000001783, 1, , , 3447.7040000000001783, 1, , , 3447.7040000000001783, 1, , , 3447.7040000000001783, 1
, , 3447.7089999999998327, 1, , , 3447.7089999999998327, 1, , , 3447.7089999999998327, 1, , , 3447.7089999999998327, 1
, , 3447.7150000000001455, 1, , , 3447.7150000000001455, 1, , , 3447.7150000000001455, 1, , , 3447.7150000000001455, 1
, , 3447.7199999999997999, 1, , , 3447.7199999999997999, 1, , , 3447.7199999999997999, 1, , , 3447.7199999999997999, 1
, , 3447.7249999999999091, 1, , , 3447.7249999999999091, 1, , , 3447.7249999999999091, 1, , , 3447.7249999999999091, 1
, , 3447.7289999999998145, 1, , , 3447.7289999999998145, 1, , , 3447.7289999999998145, 1, , , 3447.7289999999998145, 1
, , 3447.7350000000001273, 1, , , 3447.7350000000001273, 1, , , 3447.7350000000001273, 1, , , 3447.7350000000001273, 1
, , 3447.7390000000000327, 1, , , 3447.7390000000000327, 1, , , 3447.7390000000000327, 1, , , 3447.7390000000000327, 1
, , 3447.7440000000001419, 1, , , 3447.7440000000001419, 1, , , 3447.7440000000001419, 1, , , 3447.7440000000001419, 1
, , 3447.7489999999997963, 1, , , 3447.7489999999997963, 1, , , 3447.7489999999997963, 1, , , 3447.7489999999997963, 1
, , 3447.7539999999999054, 1, , , 3447.7539999999999054, 1, , , 3447.7539999999999054, 1, , , 3447.7539999999999054, 1
, , 3447.7590000000000146, 1, , , 3447.7590000000000146, 1, , , 3447.7590000000000146, 1, , , 3447.7590000000000146, 1
, , 3447.7640000000001237, 1, , , 3447.7640000000001237, 1, , , 3447.7640000000001237, 1, , , 3447.7640000000001237, 1
, , 3447.7689999999997781, 1, , , 3447.7689999999997781, 1, , , 3447.7689999999997781, 1, , , 3447.7689999999997781, 1
, , 3447.7739999999998872, 1, , , 3447.7739999999998872, 1, , , 3447.7739999999998872, 1, , , 3447.7739999999998872, 1
, , 3447.7789999999999964, 1, , , 3447.7789999999999964, 1, , , 3447.7789999999999964, 1, , , 3447.7789999999999964, 1
, , 3447.7840000000001055, 1, , , 3447.7840000000001055, 1, , , 3447.7840000000001055, 1, , , 3447.7840000000001055, 1
, , 3447.7890000000002146, 1, , , 3447.7890000000002146, 1, , , 3447.7890000000002146, 1, , , 3447.7890000000002146, 1
, , 3447.7950000000000728, 1, , , 3447.7950000000000728, 1, , , 3447.7950000000000728, 1, , , 3447.7950000000000728, 1
, , 3447.7989999999999782, 1, , , 3447.7989999999999782, 1, , , 3447.7989999999999782, 1, , , 3447.7989999999999782, 1
, , 3447.8049999999998363, 1, , , 3447.8049999999998363, 1, , , 3447.8049999999998363, 1, , , 3447.8049999999998363, 1
, , 3447.8090000000001965, 1, , , 3447.8090000000001965, 1, , , 3447.8090000000001965, 1, , , 3447.8090000000001965, 1
, , 3447.8139999999998508, 1, , , 3447.8139999999998508, 1, , , 3447.8139999999998508, 1, , , 3447.8139999999998508, 1
, , 3447.818000000000211, 1, , , 3447.818000000000211, 1, , , 3447.818000000000211, 1, , , 3447.818000000000211, 1
, , 3447.8240000000000691, 1, , , 3447.8240000000000691, 1, , , 3447.8240000000000691, 1, , , 3447.8240000000000691, 1
, , 3447.8290000000001783, 1, , , 3447.8290000000001783, 1, , , 3447.8290000000001783, 1, , , 3447.8290000000001783, 1
, , 3447.8339999999998327, 1, , , 3447.8339999999998327, 1, , , 3447.8339999999998327, 1, , , 3447.8339999999998327, 1
, , 3447.8389999999999418, 1, , , 3447.8389999999999418, 1, , , 3447.8389999999999418, 1, , , 3447.8389999999999418, 1
, , 3447.8440000000000509, 1, , , 3447.8440000000000509, 1, , , 3447.8440000000000509, 1, , , 3447.8440000000000509, 1
, , 3447.8490000000001601, 1, , , 3447.8490000000001601, 1, , , 3447.8490000000001601, 1, , , 3447.8490000000001601, 1
, , 3447.8539999999998145, 1, , , 3447.8539999999998145, 1, , , 3447.8539999999998145, 1, , , 3447.8539999999998145, 1
, , 3447.8600000000001273, 1, , , 3447.8600000000001273, 1, , , 3447.8600000000001273, 1, , , 3447.8600000000001273, 1
, , 3447.8640000000000327, 1, , , 3447.8640000000000327, 1, , , 3447.8640000000000327, 1, , , 3447.8640000000000327, 1
, , 3447.8699999999998909, 1, , , 3447.8699999999998909, 1, , , 3447.8699999999998909, 1, , , 3447.8699999999998909, 1
, , 3447.8739999999997963, 1, , , 3447.8739999999997963, 1, , , 3447.8739999999997963, 1, , , 3447.8739999999997963, 1
, , 3447.8789999999999054, 1, , , 3447.8789999999999054, 1, , , 3447.8789999999999054, 1, , , 3447.8789999999999054, 1
, , 3447.8840000000000146, 1, , , 3447.8840000000000146, 1, , , 3447.8840000000000146, 1, , , 3447.8840000000000146, 1
, , 3447.8899999999998727, 1, , , 3447.8899999999998727, 1, , , 3447.8899999999998727, 1, , , 3447.8899999999998727, 1
, , 3447.8939999999997781, 1, , , 3447.8939999999997781, 1, , , 3447.8939999999997781, 1, , , 3447.8939999999997781, 1
, , 3447.8989999999998872, 1, , , 3447.8989999999998872, 1, , , 3447.8989999999998872, 1, , , 3447.8989999999998872, 1
, , 3447.9039999999999964, 1, , , 3447.9039999999999964, 1, , , 3447.9039999999999964, 1, , , 3447.9039999999999964, 1
, , 3447.9090000000001055, 1, , , 3447.9090000000001055, 1, , , 3447.9090000000001055, 1, , , 3447.9090000000001055, 1
, , 3447.9140000000002146, 1, , , 3447.9140000000002146, 1, , , 3447.9140000000002146, 1, , , 3447.9140000000002146, 1
, , 3447.918999999999869, 1, , , 3447.918999999999869, 1, , , 3447.918999999999869, 1, , , 3447.918999999999869, 1
, , 3447.9239999999999782, 1, , , 3447.9239999999999782, 1, , , 3447.9239999999999782, 1, , , 3447.9239999999999782, 1
, , 3447.9290000000000873, 1, , , 3447.9290000000000873, 1, , , 3447.9290000000000873, 1, , , 3447.9290000000000873, 1
, , 3447.9349999999999454, 1, , , 3447.9349999999999454, 1, , , 3447.9349999999999454, 1, , , 3447.9349999999999454, 1
, , 3447.9389999999998508, 1, , , 3447.9389999999998508, 1, , , 3447.9389999999998508, 1, , , 3447.9389999999998508, 1
, , 3447.9450000000001637, 1, , , 3447.9450000000001637, 1, , , 3447.9450000000001637, 1, , , 3447.9450000000001637, 1
, , 3447.9490000000000691, 1, , , 3447.9490000000000691, 1, , , 3447.9490000000000691, 1, , , 3447.9490000000000691, 1
, , 3447.9540000000001783, 1, , , 3447.9540000000001783, 1, , , 3447.9540000000001783, 1, , , 3447.9540000000001783, 1
, , 3447.9589999999998327, 1, , , 3447.9589999999998327, 1, , , 3447.9589999999998327, 1, , , 3447.9589999999998327, 1
, , 3447.9639999999999418, 1, , , 3447.9639999999999418, 1, , , 3447.9639999999999418, 1, , , 3447.9639999999999418, 1
, , 3447.9690000000000509, 1, , , 3447.9690000000000509, 1, , , 3447.9690000000000509, 1, , , 3447.9690000000000509, 1
, , 3447.9740000000001601, 1, , , 3447.9740000000001601, 1, , , 3447.9740000000001601, 1, , , 3447.9740000000001601, 1
, , 3447.9789999999998145, 1, , , 3447.9789999999998145, 1, , , 3447.9789999999998145, 1, , , 3447.9789999999998145, 1
, , 3447.9850000000001273, 1, , , 3447.9850000000001273, 1, , , 3447.9850000000001273, 1, , , 3447.9850000000001273, 1
, , 3447.9899999999997817, 1, , , 3447.9899999999997817, 1, , , 3447.9899999999997817, 1, , , 3447.9899999999997817, 1
, , 3447.9940000000001419, 1, , , 3447.9940000000001419, 1, , , 3447.9940000000001419, 1, , , 3447.9940000000001419, 1
, , 3448, 1, , , 3448, 1, , , 3448, 1, , , 3448, 1
, , 3448.0050000000001091, 1, , , 3448.0050000000001091, 1, , , 3448.0050000000001091, 1, , , 3448.0050000000001091, 1
, , 3448.0090000000000146, 1, , , 3448.0090000000000146, 1, , , 3448.0090000000000146, 1, , , 3448.0090000000000146, 1
, , 3448.0140000000001237, 1, , , 3448.0140000000001237, 1, , , 3448.0140000000001237, 1, , , 3448.0140000000001237, 1
, , 3448.0199999999999818, 1, , , 3448.0199999999999818, 1, , , 3448.0199999999999818, 1, , , 3448.0199999999999818, 1
, , 3448.0250000000000909, 1, , , 3448.0250000000000909, 1, , , 3448.0250000000000909, 1, , , 3448.0250000000000909, 1
, , 3448.0289999999999964, 1, , , 3448.0289999999999964, 1, , , 3448.0289999999999964, 1, , , 3448.0289999999999964, 1
, , 3448.0340000000001055, 1, , , 3448.0340000000001055, 1, , , 3448.0340000000001055, 1, , , 3448.0340000000001055, 1
, , 3448.0390000000002146, 1, , , 3448.0390000000002146, 1, , , 3448.0390000000002146, 1, , , 3448.0390000000002146, 1
, , 3448.043999999999869, 1, , , 3448.043999999999869, 1, , , 3448.043999999999869, 1, , , 3448.043999999999869, 1
, , 3448.0500000000001819, 1, , , 3448.0500000000001819, 1, , , 3448.0500000000001819, 1, , , 3448.0500000000001819, 1
, , 3448.0540000000000873, 1, , , 3448.0540000000000873, 1, , , 3448.0540000000000873, 1, , , 3448.0540000000000873, 1
, , 3448.0599999999999454, 1, , , 3448.0599999999999454, 1, , , 3448.0599999999999454, 1, , , 3448.0599999999999454, 1
, , 3448.0639999999998508, 1, , , 3448.0639999999998508, 1, , , 3448.0639999999998508, 1, , , 3448.0639999999998508, 1
, , 3448.0709999999999127, 1, , , 3448.0709999999999127, 1, , , 3448.0709999999999127, 1, , , 3448.0709999999999127, 1
, , 3448.0740000000000691, 1, , , 3448.0740000000000691, 1, , , 3448.0740000000000691, 1, , , 3448.0740000000000691, 1
, , 3448.0790000000001783, 1, , , 3448.0790000000001783, 1, , , 3448.0790000000001783, 1, , , 3448.0790000000001783, 1
, , 3448.0839999999998327, 1, , , 3448.0839999999998327, 1, , , 3448.0839999999998327, 1, , , 3448.0839999999998327, 1
, , 3448.0909999999998945, 1, , , 3448.0909999999998945, 1, , , 3448.0909999999998945, 1, , , 3448.0909999999998945, 1
, , 3448.0949999999997999, 1, , , 3448.0949999999997999, 1, , , 3448.0949999999997999, 1, , , 3448.0949999999997999, 1
, , 3448.0990000000001601, 1, , , 3448.0990000000001601, 1, , , 3448.0990000000001601, 1, , , 3448.0990000000001601, 1
, , 3448.1050000000000182, 1, , , 3448.1050000000000182, 1, , , 3448.1050000000000182, 1, , , 3448.1050000000000182, 1
, , 3448.1089999999999236, 1, , , 3448.1089999999999236, 1, , , 3448.1089999999999236, 1, , , 3448.1089999999999236, 1
, , 3448.1140000000000327, 1, , , 3448.1140000000000327, 1, , , 3448.1140000000000327, 1, , , 3448.1140000000000327, 1
, , 3448.1190000000001419, 1, , , 3448.1190000000001419, 1, , , 3448.1190000000001419, 1, , , 3448.1190000000001419, 1
, , 3448.1239999999997963, 1, , , 3448.1239999999997963, 1, , , 3448.1239999999997963, 1, , , 3448.1239999999997963, 1
, , 3448.1289999999999054, 1, , , 3448.1289999999999054, 1, , , 3448.1289999999999054, 1, , , 3448.1289999999999054, 1
, , 3448.1340000000000146, 1, , , 3448.1340000000000146, 1, , , 3448.1340000000000146, 1, , , 3448.1340000000000146, 1
, , 3448.1390000000001237, 1, , , 3448.1390000000001237, 1, , , 3448.1390000000001237, 1, , , 3448.1390000000001237, 1
, , 3448.1439999999997781, 1, , , 3448.1439999999997781, 1, , , 3448.1439999999997781, 1, , , 3448.1439999999997781, 1
, , 3448.1489999999998872, 1, , , 3448.1489999999998872, 1, , , 3448.1489999999998872, 1, , , 3448.1489999999998872, 1
, , 3448.1539999999999964, 1, , , 3448.1539999999999964, 1, , , 3448.1539999999999964, 1, , , 3448.1539999999999964, 1
, , 3448.1599999999998545, 1, , , 3448.1599999999998545, 1, , , 3448.1599999999998545, 1, , , 3448.1599999999998545, 1
, , 3448.1640000000002146, 1, , , 3448.1640000000002146, 1, , , 3448.1640000000002146, 1, , , 3448.1640000000002146, 1
, , 3448.168999999999869, 1, , , 3448.168999999999869, 1, , , 3448.168999999999869, 1, , , 3448.168999999999869, 1
, , 3448.1739999999999782, 1, , , 3448.1739999999999782, 1, , , 3448.1739999999999782, 1, , , 3448.1739999999999782, 1
, , 3448.1799999999998363, 1, , , 3448.1799999999998363, 1, , , 3448.1799999999998363, 1, , , 3448.1799999999998363, 1
, , 3448.1840000000001965, 1, , , 3448.1840000000001965, 1, , , 3448.1840000000001965, 1, , , 3448.1840000000001965, 1
, , 3448.1889999999998508, 1, , , 3448.1889999999998508, 1, , , 3448.1889999999998508, 1, , , 3448.1889999999998508, 1
, , 3448.1950000000001637, 1, , , 3448.1950000000001637, 1, , , 3448.1950000000001637, 1, , , 3448.1950000000001637, 1
, , 3448.1990000000000691, 1, , , 3448.1990000000000691, 1, , , 3448.1990000000000691, 1, , , 3448.1990000000000691, 1
, , 3448.2029999999999745, 1, , , 3448.2029999999999745, 1, , , 3448.2029999999999745, 1, , , 3448.2029999999999745, 1
, , 3448.2100000000000364, 1, , , 3448.2100000000000364, 1, , , 3448.2100000000000364, 1, , , 3448.2100000000000364, 1
, , 3448.2139999999999418, 1, , , 3448.2139999999999418, 1, , , 3448.2139999999999418, 1, , , 3448.2139999999999418, 1
, , 3448.2190000000000509, 1, , , 3448.2190000000000509, 1, , , 3448.2190000000000509, 1, , , 3448.2190000000000509, 1
, , 3448.2240000000001601, 1, , , 3448.2240000000001601, 1, , , 3448.2240000000001601, 1, , , 3448.2240000000001601, 1
, , 3448.2289999999998145, 1, , , 3448.2289999999998145, 1, , , 3448.2289999999998145, 1, , , 3448.2289999999998145, 1
, , 3448.2339999999999236, 1, , , 3448.2339999999999236, 1, , , 3448.2339999999999236, 1, , , 3448.2339999999999236, 1
, , 3448.2399999999997817, 1, , , 3448.2399999999997817, 1, , , 3448.2399999999997817, 1, , , 3448.2399999999997817, 1
, , 3448.2440000000001419, 1, , , 3448.2440000000001419, 1, , , 3448.2440000000001419, 1, , , 3448.2440000000001419, 1
, , 3448.2489999999997963, 1, , , 3448.2489999999997963, 1, , , 3448.2489999999997963, 1, , , 3448.2489999999997963, 1
, , 3448.2539999999999054, 1, , , 3448.2539999999999054, 1, , , 3448.2539999999999054, 1, , , 3448.2539999999999054, 1
, , 3448.2590000000000146, 1, , , 3448.2590000000000146, 1, , , 3448.2590000000000146, 1, , , 3448.2590000000000146, 1
, , 3448.2640000000001237, 1, , , 3448.2640000000001237, 1, , , 3448.2640000000001237, 1, , , 3448.2640000000001237, 1
, , 3448.2689999999997781, 1, , , 3448.2689999999997781, 1, , , 3448.2689999999997781, 1, , , 3448.2689999999997781, 1
, , 3448.2739999999998872, 1, , , 3448.2739999999998872, 1, , , 3448.2739999999998872, 1, , , 3448.2739999999998872, 1
, , 3448.2789999999999964, 1, , , 3448.2789999999999964, 1, , , 3448.2789999999999964, 1, , , 3448.2789999999999964, 1
, , 3448.2849999999998545, 1, , , 3448.2849999999998545, 1, , , 3448.2849999999998545, 1, , , 3448.2849999999998545, 1
, , 3448.2890000000002146, 1, , , 3448.2890000000002146, 1, , , 3448.2890000000002146, 1, , , 3448.2890000000002146, 1
, , 3448.293999999999869, 1, , , 3448.293999999999869, 1, , , 3448.293999999999869, 1, , , 3448.293999999999869, 1
, , 3448.2989999999999782, 1, , , 3448.2989999999999782, 1, , , 3448.2989999999999782, 1, , , 3448.2989999999999782, 1
, , 3448.3040000000000873, 1, , , 3448.3040000000000873, 1, , , 3448.3040000000000873, 1, , , 3448.3040000000000873, 1
, , 3448.3099999999999454, 1, , , 3448.3099999999999454, 1, , , 3448.3099999999999454, 1, , , 3448.3099999999999454, 1
, , 3448.3139999999998508, 1, , , 3448.3139999999998508, 1, , , 3448.3139999999998508, 1, , , 3448.3139999999998508, 1
, , 3448.31899999999996, 1, , , 3448.31899999999996, 1, , , 3448.31899999999996, 1, , , 3448.31899999999996, 1
, , 3448.3249999999998181, 1, , , 3448.3249999999998181, 1, , , 3448.3249999999998181, 1, , , 3448.3249999999998181, 1
, , 3448.3299999999999272, 1, , , 3448.3299999999999272, 1, , , 3448.3299999999999272, 1, , , 3448.3299999999999272, 1
, , 3448.3339999999998327, 1, , , 3448.3339999999998327, 1, , , 3448.3339999999998327, 1, , , 3448.3339999999998327, 1
, , 3448.3400000000001455, 1, , , 3448.3400000000001455, 1, , , 3448.3400000000001455, 1, , , 3448.3400000000001455, 1
, , 3448.3429999999998472, 1, , , 3448.3429999999998472, 1, , , 3448.3429999999998472, 1, , , 3448.3429999999998472, 1
, , 3448.3499999999999091, 1, , , 3448.3499999999999091, 1, , , 3448.3499999999999091, 1, , , 3448.3499999999999091, 1
, , 3448.3539999999998145, 1, , , 3448.3539999999998145, 1, , , 3448.3539999999998145, 1, , , 3448.3539999999998145, 1
, , 3448.3589999999999236, 1, , , 3448.3589999999999236, 1, , , 3448.3589999999999236, 1, , , 3448.3589999999999236, 1
, , 3448.3649999999997817, 1, , , 3448.3649999999997817, 1, , , 3448.3649999999997817, 1, , , 3448.3649999999997817, 1
, , 3448.3690000000001419, 1, , , 3448.3690000000001419, 1, , , 3448.3690000000001419, 1, , , 3448.3690000000001419, 1
, , 3448.3739999999997963, 1, , , 3448.3739999999997963, 1, , , 3448.3739999999997963, 1, , , 3448.3739999999997963, 1
, , 3448.3789999999999054, 1, , , 3448.3789999999999054, 1, , , 3448.3789999999999054, 1, , , 3448.3789999999999054, 1
, , 3448.3840000000000146, 1, , , 3448.3840000000000146, 1, , , 3448.3840000000000146, 1, , , 3448.3840000000000146, 1
, , 3448.3890000000001237, 1, , , 3448.3890000000001237, 1, , , 3448.3890000000001237, 1, , , 3448.3890000000001237, 1
, , 3448.3939999999997781, 1, , , 3448.3939999999997781, 1, , , 3448.3939999999997781, 1, , , 3448.3939999999997781, 1
, , 3448.3989999999998872, 1, , , 3448.3989999999998872, 1, , , 3448.3989999999998872, 1, , , 3448.3989999999998872, 1
, , 3448.4039999999999964, 1, , , 3448.4039999999999964, 1, , , 3448.4039999999999964, 1, , , 3448.4039999999999964, 1
, , 3448.4090000000001055, 1, , , 3448.4090000000001055, 1, , , 3448.4090000000001055, 1, , , 3448.4090000000001055, 1
, , 3448.4140000000002146, 1, , , 3448.4140000000002146, 1, , , 3448.4140000000002146, 1, , , 3448.4140000000002146, 1
, , 3448.418999999999869, 1, , , 3448.418999999999869, 1, , , 3448.418999999999869, 1, , , 3448.418999999999869, 1
, , 3448.4239999999999782, 1, , , 3448.4239999999999782, 1, , , 3448.4239999999999782, 1, , , 3448.4239999999999782, 1
, , 3448.4290000000000873, 1, , , 3448.4290000000000873, 1, , , 3448.4290000000000873, 1, , , 3448.4290000000000873, 1
, , 3448.4340000000001965, 1, , , 3448.4340000000001965, 1, , , 3448.4340000000001965, 1, , , 3448.4340000000001965, 1
, , 3448.4389999999998508, 1, , , 3448.4389999999998508, 1, , , 3448.4389999999998508, 1, , , 3448.4389999999998508, 1
, , 3448.44399999999996, 1, , , 3448.44399999999996, 1, , , 3448.44399999999996, 1, , , 3448.44399999999996, 1
, , 3448.4490000000000691, 1, , , 3448.4490000000000691, 1, , , 3448.4490000000000691, 1, , , 3448.4490000000000691, 1
, , 3448.4540000000001783, 1, , , 3448.4540000000001783, 1, , , 3448.4540000000001783, 1, , , 3448.4540000000001783, 1
, , 3448.4589999999998327, 1, , , 3448.4589999999998327, 1, , , 3448.4589999999998327, 1, , , 3448.4589999999998327, 1
, , 3448.4639999999999418, 1, , , 3448.4639999999999418, 1, , , 3448.4639999999999418, 1, , , 3448.4639999999999418, 1
, , 3448.4690000000000509, 1, , , 3448.4690000000000509, 1, , , 3448.4690000000000509, 1, , , 3448.4690000000000509, 1
, , 3448.4740000000001601, 1, , , 3448.4740000000001601, 1, , , 3448.4740000000001601, 1, , , 3448.4740000000001601, 1
, , 3448.4780000000000655, 1, , , 3448.4780000000000655, 1, , , 3448.4780000000000655, 1, , , 3448.4780000000000655, 1
, , 3448.4839999999999236, 1, , , 3448.4839999999999236, 1, , , 3448.4839999999999236, 1, , , 3448.4839999999999236, 1
, , 3448.4890000000000327, 1, , , 3448.4890000000000327, 1, , , 3448.4890000000000327, 1, , , 3448.4890000000000327, 1
, , 3448.4949999999998909, 1, , , 3448.4949999999998909, 1, , , 3448.4949999999998909, 1, , , 3448.4949999999998909, 1
, , 3448.5, 1, , , 3448.5, 1, , , 3448.5, 1, , , 3448.5, 1
, , 3448.5039999999999054, 1, , , 3448.5039999999999054, 1, , , 3448.5039999999999054, 1, , , 3448.5039999999999054, 1
, , 3448.5109999999999673, 1, , , 3448.5109999999999673, 1, , , 3448.5109999999999673, 1, , , 3448.5109999999999673, 1
, , 3448.5140000000001237, 1, , , 3448.5140000000001237, 1, , , 3448.5140000000001237, 1, , , 3448.5140000000001237, 1
, , 3448.5189999999997781, 1, , , 3448.5189999999997781, 1, , , 3448.5189999999997781, 1, , , 3448.5189999999997781, 1
, , 3448.5250000000000909, 1, , , 3448.5250000000000909, 1, , , 3448.5250000000000909, 1, , , 3448.5250000000000909, 1
, , 3448.5300000000002001, 1, , , 3448.5300000000002001, 1, , , 3448.5300000000002001, 1, , , 3448.5300000000002001, 1
, , 3448.5340000000001055, 1, , , 3448.5340000000001055, 1, , , 3448.5340000000001055, 1, , , 3448.5340000000001055, 1
, , 3448.5390000000002146, 1, , , 3448.5390000000002146, 1, , , 3448.5390000000002146, 1, , , 3448.5390000000002146, 1
, , 3448.543999999999869, 1, , , 3448.543999999999869, 1, , , 3448.543999999999869, 1, , , 3448.543999999999869, 1
, , 3448.5489999999999782, 1, , , 3448.5489999999999782, 1, , , 3448.5489999999999782, 1, , , 3448.5489999999999782, 1
, , 3448.5549999999998363, 1, , , 3448.5549999999998363, 1, , , 3448.5549999999998363, 1, , , 3448.5549999999998363, 1
, , 3448.5590000000001965, 1, , , 3448.5590000000001965, 1, , , 3448.5590000000001965, 1, , , 3448.5590000000001965, 1
, , 3448.5650000000000546, 1, , , 3448.5650000000000546, 1, , , 3448.5650000000000546, 1, , , 3448.5650000000000546, 1
, , 3448.56899999999996, 1, , , 3448.56899999999996, 1, , , 3448.56899999999996, 1, , , 3448.56899999999996, 1
, , 3448.5740000000000691, 1, , , 3448.5740000000000691, 1, , , 3448.5740000000000691, 1, , , 3448.5740000000000691, 1
, , 3448.5790000000001783, 1, , , 3448.5790000000001783, 1, , , 3448.5790000000001783, 1, , , 3448.5790000000001783, 1
, , 3448.5839999999998327, 1, , , 3448.5839999999998327, 1, , , 3448.5839999999998327, 1, , , 3448.5839999999998327, 1
, , 3448.5889999999999418, 1, , , 3448.5889999999999418, 1, , , 3448.5889999999999418, 1, , , 3448.5889999999999418, 1
, , 3448.5940000000000509, 1, , , 3448.5940000000000509, 1, , , 3448.5940000000000509, 1, , , 3448.5940000000000509, 1
, , 3448.5990000000001601, 1, , , 3448.5990000000001601, 1, , , 3448.5990000000001601, 1, , , 3448.5990000000001601, 1
, , 3448.6019999999998618, 1, , , 3448.6019999999998618, 1, , , 3448.6019999999998618, 1, , , 3448.6019999999998618, 1
, , 3448.6089999999999236, 1, , , 3448.6089999999999236, 1, , , 3448.6089999999999236, 1, , , 3448.6089999999999236, 1
, , 3448.6149999999997817, 1, , , 3448.6149999999997817, 1, , , 3448.6149999999997817, 1, , , 3448.6149999999997817, 1
, , 3448.6190000000001419, 1, , , 3448.6190000000001419, 1, , , 3448.6190000000001419, 1, , , 3448.6190000000001419, 1
, , 3448.6239999999997963, 1, , , 3448.6239999999997963, 1, , , 3448.6239999999997963, 1, , , 3448.6239999999997963, 1
, , 3448.6289999999999054, 1, , , 3448.6289999999999054, 1, , , 3448.6289999999999054, 1, , , 3448.6289999999999054, 1
, , 3448.6350000000002183, 1, , , 3448.6350000000002183, 1, , , 3448.6350000000002183, 1, , , 3448.6350000000002183, 1
, , 3448.6399999999998727, 1, , , 3448.6399999999998727, 1, , , 3448.6399999999998727, 1, , , 3448.6399999999998727, 1
, , 3448.6439999999997781, 1, , , 3448.6439999999997781, 1, , , 3448.6439999999997781, 1, , , 3448.6439999999997781, 1
, , 3448.6489999999998872, 1, , , 3448.6489999999998872, 1, , , 3448.6489999999998872, 1, , , 3448.6489999999998872, 1
, , 3448.6550000000002001, 1, , , 3448.6550000000002001, 1, , , 3448.6550000000002001, 1, , , 3448.6550000000002001, 1
, , 3448.6590000000001055, 1, , , 3448.6590000000001055, 1, , , 3448.6590000000001055, 1, , , 3448.6590000000001055, 1
, , 3448.6649999999999636, 1, , , 3448.6649999999999636, 1, , , 3448.6649999999999636, 1, , , 3448.6649999999999636, 1
, , 3448.6700000000000728, 1, , , 3448.6700000000000728, 1, , , 3448.6700000000000728, 1, , , 3448.6700000000000728, 1
, , 3448.6759999999999309, 1, , , 3448.6759999999999309, 1, , , 3448.6759999999999309, 1, , , 3448.6759999999999309, 1
, , 3448.6790000000000873, 1, , , 3448.6790000000000873, 1, , , 3448.6790000000000873, 1, , , 3448.6790000000000873, 1
, , 3448.6829999999999927, 1, , , 3448.6829999999999927, 1, , , 3448.6829999999999927, 1, , , 3448.6829999999999927, 1
, , 3448.6889999999998508, 1, , , 3448.6889999999998508, 1, , , 3448.6889999999998508, 1, , , 3448.6889999999998508, 1
, , 3448.69399999999996, 1, , , 3448.69399999999996, 1, , , 3448.69399999999996, 1, , , 3448.69399999999996, 1
, , 3448.6990000000000691, 1, , , 3448.6990000000000691, 1, , , 3448.6990000000000691, 1, , , 3448.6990000000000691, 1
, , 3448.7040000000001783, 1, , , 3448.7040000000001783, 1, , , 3448.7040000000001783, 1, , , 3448.7040000000001783, 1
, , 3448.7089999999998327, 1, , , 3448.7089999999998327, 1, , , 3448.7089999999998327, 1, , , 3448.7089999999998327, 1
, , 3448.7139999999999418, 1, , , 3448.7139999999999418, 1, , , 3448.7139999999999418, 1, , , 3448.7139999999999418, 1
, , 3448.7190000000000509, 1, , , 3448.7190000000000509, 1, , , 3448.7190000000000509, 1, , , 3448.7190000000000509, 1
, , 3448.7260000000001128, 1, , , 3448.7260000000001128, 1, , , 3448.7260000000001128, 1, , , 3448.7260000000001128, 1
, , 3448.7300000000000182, 1, , , 3448.7300000000000182, 1, , , 3448.7300000000000182, 1, , , 3448.7300000000000182, 1
, , 3448.7339999999999236, 1, , , 3448.7339999999999236, 1, , , 3448.7339999999999236, 1, , , 3448.7339999999999236, 1
, , 3448.7390000000000327, 1, , , 3448.7390000000000327, 1, , , 3448.7390000000000327, 1, , , 3448.7390000000000327, 1
, , 3448.7440000000001419, 1, , , 3448.7440000000001419, 1, , , 3448.7440000000001419, 1, , , 3448.7440000000001419, 1
, , 3448.7510000000002037, 1, , , 3448.7510000000002037, 1, , , 3448.7510000000002037, 1, , , 3448.7510000000002037, 1
, , 3448.7539999999999054, 1, , , 3448.7539999999999054, 1, , , 3448.7539999999999054, 1, , , 3448.7539999999999054, 1
, , 3448.7590000000000146, 1, , , 3448.7590000000000146, 1, , , 3448.7590000000000146, 1, , , 3448.7590000000000146, 1
, , 3448.7649999999998727, 1, , , 3448.7649999999998727, 1, , , 3448.7649999999998727, 1, , , 3448.7649999999998727, 1
, , 3448.7689999999997781, 1, , , 3448.7689999999997781, 1, , , 3448.7689999999997781, 1, , , 3448.7689999999997781, 1
, , 3448.7739999999998872, 1, , , 3448.7739999999998872, 1, , , 3448.7739999999998872, 1, , , 3448.7739999999998872, 1
, , 3448.7800000000002001, 1, , , 3448.7800000000002001, 1, , , 3448.7800000000002001, 1, , , 3448.7800000000002001, 1
, , 3448.7840000000001055, 1, , , 3448.7840000000001055, 1, , , 3448.7840000000001055, 1, , , 3448.7840000000001055, 1
, , 3448.7890000000002146, 1, , , 3448.7890000000002146, 1, , , 3448.7890000000002146, 1, , , 3448.7890000000002146, 1
, , 3448.793999999999869, 1, , , 3448.793999999999869, 1, , , 3448.793999999999869, 1, , , 3448.793999999999869, 1
, , 3448.7989999999999782, 1, , , 3448.7989999999999782, 1, , , 3448.7989999999999782, 1, , , 3448.7989999999999782, 1
, , 3448.8040000000000873, 1, , , 3448.8040000000000873, 1, , , 3448.8040000000000873, 1, , , 3448.8040000000000873, 1
, , 3448.8090000000001965, 1, , , 3448.8090000000001965, 1, , , 3448.8090000000001965, 1, , , 3448.8090000000001965, 1
, , 3448.8150000000000546, 1, , , 3448.8150000000000546, 1, , , 3448.8150000000000546, 1, , , 3448.8150000000000546, 1
, , 3448.8200000000001637, 1, , , 3448.8200000000001637, 1, , , 3448.8200000000001637, 1, , , 3448.8200000000001637, 1
, , 3448.8240000000000691, 1, , , 3448.8240000000000691, 1, , , 3448.8240000000000691, 1, , , 3448.8240000000000691, 1
, , 3448.8290000000001783, 1, , , 3448.8290000000001783, 1, , , 3448.8290000000001783, 1, , , 3448.8290000000001783, 1
, , 3448.8339999999998327, 1, , , 3448.8339999999998327, 1, , , 3448.8339999999998327, 1, , , 3448.8339999999998327, 1
, , 3448.8389999999999418, 1, , , 3448.8389999999999418, 1, , , 3448.8389999999999418, 1, , , 3448.8389999999999418, 1
, , 3448.8440000000000509, 1, , , 3448.8440000000000509, 1, , , 3448.8440000000000509, 1, , , 3448.8440000000000509, 1
, , 3448.8490000000001601, 1, , , 3448.8490000000001601, 1, , , 3448.8490000000001601, 1, , , 3448.8490000000001601, 1
, , 3448.8539999999998145, 1, , , 3448.8539999999998145, 1, , , 3448.8539999999998145, 1, , , 3448.8539999999998145, 1
, , 3448.8589999999999236, 1, , , 3448.8589999999999236, 1, , , 3448.8589999999999236, 1, , , 3448.8589999999999236, 1
, , 3448.8640000000000327, 1, , , 3448.8640000000000327, 1, , , 3448.8640000000000327, 1, , , 3448.8640000000000327, 1
, , 3448.8690000000001419, 1, , , 3448.8690000000001419, 1, , , 3448.8690000000001419, 1, , , 3448.8690000000001419, 1
, , 3448.875, 1, , , 3448.875, 1, , , 3448.875, 1, , , 3448.875, 1
, , 3448.8789999999999054, 1, , , 3448.8789999999999054, 1, , , 3448.8789999999999054, 1, , , 3448.8789999999999054, 1
, , 3448.8850000000002183, 1, , , 3448.8850000000002183, 1, , , 3448.8850000000002183, 1, , , 3448.8850000000002183, 1
, , 3448.88799999999992, 1, , , 3448.88799999999992, 1, , , 3448.88799999999992, 1, , , 3448.88799999999992, 1
, , 3448.8939999999997781, 1, , , 3448.8939999999997781, 1, , , 3448.8939999999997781, 1, , , 3448.8939999999997781, 1
, , 3448.8989999999998872, 1, , , 3448.8989999999998872, 1, , , 3448.8989999999998872, 1, , , 3448.8989999999998872, 1
, , 3448.9039999999999964, 1, , , 3448.9039999999999964, 1, , , 3448.9039999999999964, 1, , , 3448.9039999999999964, 1
, , 3448.9099999999998545, 1, , , 3448.9099999999998545, 1, , , 3448.9099999999998545, 1, , , 3448.9099999999998545, 1
, , 3448.9140000000002146, 1, , , 3448.9140000000002146, 1, , , 3448.9140000000002146, 1, , , 3448.9140000000002146, 1
, , 3448.918999999999869, 1, , , 3448.918999999999869, 1, , , 3448.918999999999869, 1, , , 3448.918999999999869, 1
, , 3448.9239999999999782, 1, , , 3448.9239999999999782, 1, , , 3448.9239999999999782, 1, , , 3448.9239999999999782, 1
, , 3448.9290000000000873, 1, , , 3448.9290000000000873, 1, , , 3448.9290000000000873, 1, , , 3448.9290000000000873, 1
, , 3448.9329999999999927, 1, , , 3448.9329999999999927, 1, , , 3448.9329999999999927, 1, , , 3448.9329999999999927, 1
, , 3448.9389999999998508, 1, , , 3448.9389999999998508, 1, , , 3448.9389999999998508, 1, , , 3448.9389999999998508, 1
