# /gazebo_leg_forces_components/recceipt_time, /gazebo_leg_forces_components/reaction_forces/0/wrench/force/z, /foot_contacts/recceipt_time, /foot_contacts/contacts/0, /gazebo_leg_forces_components/recceipt_time, /gazebo_leg_forces_components/reaction_forces/1/wrench/force/z, /foot_contacts/recceipt_time, /foot_contacts/contacts/1, /gazebo_leg_forces_components/recceipt_time, /gazebo_leg_forces_components/reaction_forces/2/wrench/force/z, /foot_contacts/recceipt_time, /foot_contacts/contacts/2, /gazebo_leg_forces_components/recceipt_time, /gazebo_leg_forces_components/reaction_forces/3/wrench/force/z, /foot_contacts/recceipt_time, /foot_contacts/contacts/3
3736.3550000000000182, 67.940401230145980094, 3736.3539999999998145, 1, 3736.3550000000000182, 53.779974273525326112, 3736.3539999999998145, 1, 3736.3550000000000182, 35.659931064502650599, 3736.3539999999998145, 1, 3736.3550000000000182, 47.397561258359708347, 3736.3539999999998145, 1
3736.4059999999999491, 67.940357706140602545, 3736.3589999999999236, 1, 3736.4059999999999491, 53.780080298386728543, 3736.3589999999999236, 1, 3736.4059999999999491, 35.659952062286947694, 3736.3589999999999236, 1, 3736.4059999999999491, 47.397507943264713504, 3736.3589999999999236, 1
3736.4569999999998799, 67.940310204474798184, 3736.3640000000000327, 1, 3736.4569999999998799, 53.780182770098804212, 3736.3640000000000327, 1, 3736.4569999999998799, 35.659972651261071519, 3736.3640000000000327, 1, 3736.4569999999998799, 47.397453197477474873, 3736.3640000000000327, 1
3736.5059999999998581, 67.940258582788970898, 3736.3690000000001419, 1, 3736.5059999999998581, 53.780280383375156816, 3736.3690000000001419, 1, 3736.5059999999998581, 35.659992062656741041, 3736.3690000000001419, 1, 3736.5059999999998581, 47.397397952408610422, 3736.3690000000001419, 1
3736.556999999999789, 67.794851821836843442, 3736.3739999999997963, 1, 3736.556999999999789, 53.110943479207293194, 3736.3739999999997963, 1, 3736.556999999999789, 35.037337704164258412, 3736.3739999999997963, 1, 3736.556999999999789, 47.453966409470979215, 3736.3739999999997963, 1
3736.6060000000002219, 67.794839987504587953, 3736.3780000000001564, 1, 3736.6060000000002219, 53.111085769503418419, 3736.3780000000001564, 1, 3736.6060000000002219, 35.037362792064129735, 3736.3780000000001564, 1, 3736.6060000000002219, 47.45391769719891073, 3736.3780000000001564, 1
3736.7049999999999272, 67.794828144025530037, 3736.3840000000000146, 1, 3736.7049999999999272, 53.111225216568740848, 3736.3840000000000146, 1, 3736.7049999999999272, 35.037387628349392799, 3736.3840000000000146, 1, 3736.7049999999999272, 47.453868985597644325, 3736.3840000000000146, 1
3736.7559999999998581, 67.794816291410342046, 3736.3890000000001237, 1, 3736.7559999999998581, 53.111366046337906255, 3736.3890000000001237, 1, 3736.7559999999998581, 35.037412461437000388, 3736.3890000000001237, 1, 3736.7559999999998581, 47.453820274677937618, 3736.3890000000001237, 1
3736.80600000000004, 67.939938776401348264, 3736.3949999999999818, 1, 3736.80600000000004, 53.780723126484801355, 3736.3949999999999818, 1, 3736.80600000000004, 35.660080452029561116, 3736.3949999999999818, 1, 3736.80600000000004, 47.397107285264461041, 3736.3949999999999818, 1
3736.8560000000002219, 67.794792558771135305, 3736.3989999999998872, 1, 3736.8560000000002219, 53.111646220888083292, 3736.3989999999998872, 1, 3736.8560000000002219, 35.037461869763468769, 3736.3989999999998872, 1, 3736.8560000000002219, 47.453722367772606106, 3736.3989999999998872, 1
3736.8569999999999709, 67.794780678753326697, 3736.4039999999999964, 1, 3736.8569999999999709, 53.111786973471630802, 3736.4039999999999964, 1, 3736.8569999999999709, 35.037486941520505468, 3736.4039999999999964, 1, 3736.8569999999999709, 47.453673658889911735, 3736.4039999999999964, 1
3736.9070000000001528, 67.939796383970502802, 3736.4090000000001055, 1, 3736.9070000000001528, 53.781030253233396365, 3736.4090000000001055, 1, 3736.9070000000001528, 35.660141693228496251, 3736.4090000000001055, 1, 3736.9070000000001528, 47.396944535044220004, 3736.4090000000001055, 1
3736.956000000000131, 67.939748924570949384, 3736.4140000000002146, 1, 3736.956000000000131, 53.781133906288530966, 3736.4140000000002146, 1, 3736.956000000000131, 35.660162019529607846, 3736.4140000000002146, 1, 3736.956000000000131, 47.396890291315472155, 3736.4140000000002146, 1
3737.0059999999998581, 67.939701467533225809, 3736.4200000000000728, 1, 3737.0059999999998581, 53.781236239280772793, 3736.4200000000000728, 1, 3737.0059999999998581, 35.660182344824150391, 3736.4200000000000728, 1, 3737.0059999999998581, 47.396836050769906024, 3736.4200000000000728, 1
3737.05600000000004, 67.794733067452611408, 3736.4239999999999782, 1, 3737.05600000000004, 53.112351131949246508, 3736.4239999999999782, 1, 3737.05600000000004, 35.037585955501100443, 3736.4239999999999782, 1, 3737.05600000000004, 47.453479317236727297, 3736.4239999999999782, 1
3737.1060000000002219, 67.939569564690913239, 3736.4299999999998363, 1, 3737.1060000000002219, 53.781406519996707516, 3736.4299999999998363, 1, 3737.1060000000002219, 35.660216528343639197, 3736.4299999999998363, 1, 3737.1060000000002219, 47.396719362671348108, 3736.4299999999998363, 1
3737.1559999999999491, 67.794709207101732318, 3736.4349999999999454, 1, 3737.1559999999999491, 53.112632352528038382, 3736.4349999999999454, 1, 3737.1559999999999491, 35.037635567443864204, 3736.4349999999999454, 1, 3737.1559999999999491, 47.453382394010844791, 3736.4349999999999454, 1
3737.2559999999998581, 67.794697263269100063, 3736.4400000000000546, 1, 3737.2559999999998581, 53.112772924247870776, 3736.4400000000000546, 1, 3737.2559999999998581, 35.037660616644274114, 3736.4400000000000546, 1, 3737.2559999999998581, 47.453333202854494743, 3736.4400000000000546, 1
3737.2559999999998581, 67.794685310328830496, 3736.44399999999996, 1, 3737.2559999999998581, 53.112912064724355332, 3736.44399999999996, 1, 3737.2559999999998581, 35.037685414623098268, 3736.44399999999996, 1, 3737.2559999999998581, 47.45328449942995519, 3736.44399999999996, 1
3737.3560000000002219, 67.939305893740893794, 3736.4499999999998181, 1, 3737.3560000000002219, 53.781752232024416571, 3736.4499999999998181, 1, 3737.3560000000002219, 35.66028618589615462, 3736.4499999999998181, 1, 3737.3560000000002219, 47.396484658026054149, 3736.4499999999998181, 1
3737.3560000000002219, 67.939291611875191279, 3736.4549999999999272, 1, 3737.3560000000002219, 53.781883960804869105, 3736.4549999999999272, 1, 3737.3560000000002219, 35.660311791033691975, 3736.4549999999999272, 1, 3737.3560000000002219, 47.396438151560232654, 3736.4549999999999272, 1
3737.4070000000001528, 67.939244190571386639, 3736.4589999999998327, 1, 3737.4070000000001528, 53.781986196605032546, 3736.4589999999998327, 1, 3737.4070000000001528, 35.660332111814895484, 3736.4589999999998327, 1, 3737.4070000000001528, 47.396383940869050377, 3736.4589999999998327, 1
3737.5059999999998581, 69.750108464630727667, 3736.4639999999999418, 1, 3737.5059999999998581, 53.18906870656497432, 3736.4639999999999418, 1, 3737.5059999999998581, 36.2006640355237721, 3736.4639999999999418, 1, 3737.5059999999998581, 58.045173711826194562, 3736.4639999999999418, 1
3737.55600000000004, 91.292990964981669322, 3736.4690000000000509, 1, 3737.55600000000004, 0, 3736.4690000000000509, 1, 3737.55600000000004, 0, 3736.4690000000000509, 1, 3737.55600000000004, 74.39970521250589286, 3736.4690000000000509, 1
3737.6060000000002219, 74.244848835685274935, 3736.4740000000001601, 1, 3737.6060000000002219, 0, 3736.4740000000001601, 1, 3737.6060000000002219, 0, 3736.4740000000001601, 1, 3737.6060000000002219, 136.39888358626615172, 3736.4740000000001601, 1
3737.6069999999999709, 58.575208569726299856, 3736.4789999999998145, 1, 3737.6069999999999709, 23.810454980290849392, 3736.4789999999998145, 1, 3737.6069999999999709, 121.16967658666193586, 3736.4789999999998145, 1, 3737.6069999999999709, 79.821429865398471293, 3736.4789999999998145, 1
3737.6550000000002001, 60.493132508500956135, 3736.4850000000001273, 1, 3737.6550000000002001, 0, 3736.4850000000001273, 1, 3737.6550000000002001, 48.486597745869680409, 3736.4850000000001273, 1, 3737.6550000000002001, 80.518551436192481674, 3736.4850000000001273, 1
3737.7559999999998581, 3.4215918736546426793, 3736.4899999999997817, 1, 3737.7559999999998581, 89.182391062922960145, 3736.4899999999997817, 1, 3737.7559999999998581, 78.031547881149776913, 3736.4899999999997817, 1, 3737.7559999999998581, 28.403332808666462483, 3736.4899999999997817, 1
3737.8049999999998363, 0, 3736.4940000000001419, 1, 3737.8049999999998363, 127.65817196931216415, 3736.4940000000001419, 1, 3737.8049999999998363, 69.609455088515531429, 3736.4940000000001419, 1, 3737.8049999999998363, 0, 3736.4940000000001419, 1
3737.8049999999998363, 0, 3736.4989999999997963, 1, 3737.8049999999998363, 118.68945218189111301, 3736.4989999999997963, 1, 3737.8049999999998363, 84.064295120297146013, 3736.4989999999997963, 1, 3737.8049999999998363, 0, 3736.4989999999997963, 1
3737.8560000000002219, 0, 3736.5050000000001091, 1, 3737.8560000000002219, 108.44265948568553881, 3736.5050000000001091, 1, 3737.8560000000002219, 93.762314242506619166, 3736.5050000000001091, 1, 3737.8560000000002219, 0, 3736.5050000000001091, 1
3737.9070000000001528, 296.40797807505509809, 3736.5090000000000146, 1, 3737.9070000000001528, 64.380960659817588976, 3736.5090000000000146, 1, 3737.9070000000001528, 88.023028434579345003, 3736.5090000000000146, 1, 3737.9070000000001528, 0, 3736.5090000000000146, 1
3737.9549999999999272, 36.865556598975047109, 3736.5140000000001237, 1, 3737.9549999999999272, 0, 3736.5140000000001237, 1, 3737.9549999999999272, 30.582252647984507377, 3736.5140000000001237, 1, 3737.9549999999999272, 28.612403504410369948, 3736.5140000000001237, 1
3738.0059999999998581, 64.27086138751639055, 3736.5189999999997781, 1, 3738.0059999999998581, 93.582311206941156456, 3736.5189999999997781, 1, 3738.0059999999998581, 70.694926271944865448, 3736.5189999999997781, 1, 3738.0059999999998581, 54.43550003190524933, 3736.5189999999997781, 1
3738.1060000000002219, 107.40756325853882913, 3736.5250000000000909, 1, 3738.1060000000002219, 0, 3736.5250000000000909, 1, 3738.1060000000002219, 0, 3736.5250000000000909, 1, 3738.1060000000002219, 74.26801416444948245, 3736.5250000000000909, 1
3738.1550000000002001, 113.54658534125087499, 3736.5289999999999964, 1, 3738.1550000000002001, 0, 3736.5289999999999964, 1, 3738.1550000000002001, 0, 3736.5289999999999964, 1, 3738.1550000000002001, 89.078092392073713768, 3736.5289999999999964, 1
3738.2049999999999272, 103.30263809800391073, 3736.5349999999998545, 1, 3738.2049999999999272, 0, 3736.5349999999998545, 1, 3738.2049999999999272, 0, 3736.5349999999998545, 1, 3738.2049999999999272, 99.029990957767495274, 3736.5349999999998545, 1
3738.2049999999999272, 96.767163369011726104, 3736.5399999999999636, 1, 3738.2049999999999272, 0, 3736.5399999999999636, 1, 3738.2049999999999272, 0, 3736.5399999999999636, 1, 3738.2049999999999272, 111.98942727632399396, 3736.5399999999999636, 1
3738.3049999999998363, 37.131117280047917006, 3736.543999999999869, 1, 3738.3049999999998363, 162.50153392590510748, 3736.543999999999869, 1, 3738.3049999999998363, 67.624731649961290714, 3736.543999999999869, 1, 3738.3049999999998363, 72.816366231712663648, 3736.543999999999869, 1
3738.30600000000004, 56.999095751561533518, 3736.5489999999999782, 1, 3738.30600000000004, 44.30116789884811368, 3736.5489999999999782, 1, 3738.30600000000004, 23.61457358751164648, 3736.5489999999999782, 1, 3738.30600000000004, 51.279178322787309696, 3736.5489999999999782, 1
3738.3560000000002219, 41.4320366133951552, 3736.5540000000000873, 1, 3738.3560000000002219, 93.608127602909405596, 3736.5540000000000873, 1, 3738.3560000000002219, 71.274418011191187361, 3736.5540000000000873, 1, 3738.3560000000002219, 34.14747107545316851, 3736.5540000000000873, 1
3738.456000000000131, 0, 3736.5590000000001965, 1, 3738.456000000000131, 124.52487095439374798, 3736.5590000000001965, 1, 3738.456000000000131, 72.640574382877431958, 3736.5590000000001965, 1, 3738.456000000000131, 0, 3736.5590000000001965, 1
3738.5059999999998581, 0, 3736.5639999999998508, 1, 3738.5059999999998581, 112.96212114883631727, 3736.5639999999998508, 1, 3738.5059999999998581, 91.261967258746324205, 3736.5639999999998508, 1, 3738.5059999999998581, 0, 3736.5639999999998508, 1
3738.55600000000004, 0, 3736.56899999999996, 1, 3738.55600000000004, 101.86265324344572036, 3736.56899999999996, 1, 3738.55600000000004, 103.14611291421067563, 3736.56899999999996, 1, 3738.55600000000004, 0, 3736.56899999999996, 1
3738.6060000000002219, 350.49637900696745874, 3736.5740000000000691, 1, 3738.6060000000002219, 62.230303958603187198, 3736.5740000000000691, 1, 3738.6060000000002219, 93.467349809496539592, 3736.5740000000000691, 1, 3738.6060000000002219, 0, 3736.5740000000000691, 1
3738.6570000000001528, 32.550083162326046704, 3736.5799999999999272, 1, 3738.6570000000001528, 0, 3736.5799999999999272, 1, 3738.6570000000001528, 37.306039045614518557, 3736.5799999999999272, 1, 3738.6570000000001528, 23.55204493321083703, 3736.5799999999999272, 1
3738.706000000000131, 69.859718586248447991, 3736.5850000000000364, 1, 3738.706000000000131, 82.605885467715665982, 3736.5850000000000364, 1, 3738.706000000000131, 66.696342931856293035, 3736.5850000000000364, 1, 3738.706000000000131, 58.212302561013288482, 3736.5850000000000364, 1
3738.706000000000131, 104.27481921992369962, 3736.5920000000000982, 1, 3738.706000000000131, 0, 3736.5920000000000982, 1, 3738.706000000000131, 0, 3736.5920000000000982, 1, 3738.706000000000131, 78.648996036880689076, 3736.5920000000000982, 1
3738.7539999999999054, 109.33073324363806478, 3736.5949999999997999, 1, 3738.7539999999999054, 0, 3736.5949999999997999, 1, 3738.7539999999999054, 0, 3736.5949999999997999, 1, 3738.7539999999999054, 93.914958146287546015, 3736.5949999999997999, 1
3738.80600000000004, 101.12928463112744737, 3736.5990000000001601, 1, 3738.80600000000004, 0, 3736.5990000000001601, 1, 3738.80600000000004, 0, 3736.5990000000001601, 1, 3738.80600000000004, 103.94478770833964631, 3736.5990000000001601, 1
3738.8560000000002219, 95.404462560026388473, 3736.6039999999998145, 1, 3738.8560000000002219, 0, 3736.6039999999998145, 1, 3738.8560000000002219, 0, 3736.6039999999998145, 1, 3738.8560000000002219, 113.06450156523877126, 3736.6039999999998145, 1
3738.9059999999999491, 41.587544015038091061, 3736.6100000000001273, 1, 3738.9059999999999491, 110.1461238081461147, 3736.6100000000001273, 1, 3738.9059999999999491, 108.3009983379411949, 3736.6100000000001273, 1, 3738.9059999999999491, 65.384325989194223894, 3736.6100000000001273, 1
3739.0070000000000618, 38.81755342793891117, 3736.6140000000000327, 1, 3739.0070000000000618, 46.592456555521948758, 3736.6140000000000327, 1, 3739.0070000000000618, 25.029514295677458335, 3736.6140000000000327, 1, 3739.0070000000000618, 45.996225437185074725, 3736.6140000000000327, 1
3739.05600000000004, 44.963439018141272641, 3736.6219999999998436, 1, 3739.05600000000004, 99.856366592526541126, 3736.6219999999998436, 1, 3739.05600000000004, 69.029366625478417063, 3736.6219999999998436, 1, 3739.05600000000004, 29.23395923353972492, 3736.6219999999998436, 1
3739.0579999999999927, 0, 3736.6230000000000473, 1, 3739.0579999999999927, 130.13070753613800434, 3736.6230000000000473, 1, 3739.0579999999999927, 67.815269039470322809, 3736.6230000000000473, 1, 3739.0579999999999927, 0, 3736.6230000000000473, 1
3739.1559999999999491, 0, 3736.6289999999999054, 1, 3739.1559999999999491, 118.2563385599684409, 3736.6289999999999054, 1, 3739.1559999999999491, 84.332292329375832196, 3736.6289999999999054, 1, 3739.1559999999999491, 0, 3736.6289999999999054, 1
3739.2049999999999272, 0, 3736.6340000000000146, 1, 3739.2049999999999272, 106.37221400487365486, 3736.6340000000000146, 1, 3739.2049999999999272, 96.67359597079794753, 3736.6340000000000146, 1, 3739.2049999999999272, 0, 3736.6340000000000146, 1
3739.2049999999999272, 320.40582375147846506, 3736.6390000000001237, 1, 3739.2049999999999272, 63.096029285332079439, 3736.6390000000001237, 1, 3739.2049999999999272, 87.280300605475019893, 3736.6390000000001237, 1, 3739.2049999999999272, 0, 3736.6390000000001237, 1
3739.30600000000004, 26.765397759813748024, 3736.6439999999997781, 1, 3739.30600000000004, 0, 3736.6439999999997781, 1, 3739.30600000000004, 34.0487176258909372, 3736.6439999999997781, 1, 3739.30600000000004, 22.741647525945754893, 3736.6439999999997781, 1
3739.30600000000004, 73.046231708733159849, 3736.6500000000000909, 1, 3739.30600000000004, 94.779074155652935474, 3736.6500000000000909, 1, 3739.30600000000004, 67.631174921283161439, 3736.6500000000000909, 1, 3739.30600000000004, 62.613095236073306182, 3736.6500000000000909, 1
3739.3560000000002219, 103.19628409463888374, 3736.6539999999999964, 1, 3739.3560000000002219, 0, 3736.6539999999999964, 1, 3739.3560000000002219, 0, 3736.6539999999999964, 1, 3739.3560000000002219, 83.536403683920980257, 3736.6539999999999964, 1
3739.4059999999999491, 107.15398407944584847, 3736.6590000000001055, 1, 3739.4059999999999491, 0, 3736.6590000000001055, 1, 3739.4059999999999491, 0, 3736.6590000000001055, 1, 3739.4059999999999491, 99.308002045663428703, 3736.6590000000001055, 1
3739.4549999999999272, 100.19442949696541234, 3736.6640000000002146, 1, 3739.4549999999999272, 0, 3736.6640000000002146, 1, 3739.4549999999999272, 0, 3736.6640000000002146, 1, 3739.4549999999999272, 113.39155598570403072, 3736.6640000000002146, 1
3739.5059999999998581, 94.485787317349945624, 3736.668999999999869, 1, 3739.5059999999998581, 0, 3736.668999999999869, 1, 3739.5059999999998581, 0, 3736.668999999999869, 1, 3739.5059999999998581, 116.71606380263591518, 3736.668999999999869, 1
3739.6050000000000182, 47.218935107306720056, 3736.6739999999999782, 1, 3739.6050000000000182, 91.272843905590704594, 3736.6739999999999782, 1, 3739.6050000000000182, 123.82505579957881992, 3736.6739999999999782, 1, 3739.6050000000000182, 52.007396761893929238, 3736.6739999999999782, 1
3739.6069999999999709, 42.222457111113634198, 3736.68100000000004, 1, 3739.6069999999999709, 44.467739269729221974, 3736.68100000000004, 1, 3739.6069999999999709, 27.870338464556567715, 3736.68100000000004, 1, 3739.6069999999999709, 45.429536664710951754, 3736.68100000000004, 1
3739.706000000000131, 48.189070295097629071, 3736.6840000000001965, 1, 3739.706000000000131, 100.34052894881143914, 3736.6840000000001965, 1, 3739.706000000000131, 67.24161984325601793, 3736.6840000000001965, 1, 3739.706000000000131, 34.668018053997499806, 3736.6840000000001965, 1
3739.706000000000131, 0, 3736.6889999999998508, 1, 3739.706000000000131, 132.17224758623353864, 3736.6889999999998508, 1, 3739.706000000000131, 65.401607393955004, 3736.6889999999998508, 1, 3739.706000000000131, 0, 3736.6889999999998508, 1
3739.7559999999998581, 0, 3736.6950000000001637, 1, 3739.7559999999998581, 120.47870396569169316, 3736.6950000000001637, 1, 3739.7559999999998581, 82.420666316515820427, 3736.6950000000001637, 1, 3739.7559999999998581, 0, 3736.6950000000001637, 1
3739.80600000000004, 0, 3736.6999999999998181, 1, 3739.80600000000004, 108.34396967023846514, 3736.6999999999998181, 1, 3739.80600000000004, 96.178187242613120134, 3736.6999999999998181, 1, 3739.80600000000004, 0, 3736.6999999999998181, 1
3739.8550000000000182, 335.62621360468222065, 3736.7040000000001783, 1, 3739.8550000000000182, 61.966835999010754676, 3736.7040000000001783, 1, 3739.8550000000000182, 85.194666030640135546, 3736.7040000000001783, 1, 3739.8550000000000182, 0, 3736.7040000000001783, 1
3739.9070000000001528, 33.962781683899464724, 3736.7089999999998327, 1, 3739.9070000000001528, 0, 3736.7089999999998327, 1, 3739.9070000000001528, 35.983876755449962559, 3736.7089999999998327, 1, 3739.9070000000001528, 25.429550346992613186, 3736.7089999999998327, 1
3740.0050000000001091, 67.938945925044720298, 3736.7139999999999418, 1, 3740.0050000000001091, 79.155629262871499918, 3736.7139999999999418, 1, 3740.0050000000001091, 74.592878940441593727, 3736.7139999999999418, 1, 3740.0050000000001091, 58.098990815498403606, 3736.7139999999999418, 1
3740.0050000000001091, 105.44452534850437075, 3736.7190000000000509, 1, 3740.0050000000001091, 0, 3736.7190000000000509, 1, 3740.0050000000001091, 0, 3736.7190000000000509, 1, 3740.0050000000001091, 80.218781974582924477, 3736.7190000000000509, 1
3740.05600000000004, 109.94870648013535686, 3736.7240000000001601, 1, 3740.05600000000004, 0, 3736.7240000000001601, 1, 3740.05600000000004, 0, 3736.7240000000001601, 1, 3740.05600000000004, 94.389251476465489077, 3736.7240000000001601, 1
3740.1060000000002219, 100.95201943253853472, 3736.7280000000000655, 1, 3740.1060000000002219, 0, 3736.7280000000000655, 1, 3740.1060000000002219, 0, 3736.7280000000000655, 1, 3740.1060000000002219, 105.09818424350547161, 3736.7280000000000655, 1
3740.1559999999999491, 95.243588606295560339, 3736.7339999999999236, 1, 3740.1559999999999491, 0, 3736.7339999999999236, 1, 3740.1559999999999491, 0, 3736.7339999999999236, 1, 3740.1559999999999491, 114.59355335737359383, 3736.7339999999999236, 1
3740.2559999999998581, 58.412207417518160923, 3736.7399999999997817, 1, 3740.2559999999998581, 117.39007281870395616, 3736.7399999999997817, 1, 3740.2559999999998581, 102.58751099807292917, 3736.7399999999997817, 1, 3740.2559999999998581, 60.13282570709287711, 3736.7399999999997817, 1
3740.3049999999998363, 44.653716661978592128, 3736.7440000000001419, 1, 3740.3049999999998363, 48.259333841565421608, 3736.7440000000001419, 1, 3740.3049999999998363, 22.66687968023270372, 3736.7440000000001419, 1, 3740.3049999999998363, 49.502840722678314478, 3736.7440000000001419, 1
3740.3049999999998363, 32.979799523881844436, 3736.7489999999997963, 1, 3740.3049999999998363, 97.424323980333738859, 3736.7489999999997963, 1, 3740.3049999999998363, 66.367854651681668088, 3736.7489999999997963, 1, 3740.3049999999998363, 33.94724468847174137, 3736.7489999999997963, 1
3740.4059999999999491, 0, 3736.7539999999999054, 1, 3740.4059999999999491, 130.37603059357630286, 3736.7539999999999054, 1, 3740.4059999999999491, 66.950916789551968122, 3736.7539999999999054, 1, 3740.4059999999999491, 0, 3736.7539999999999054, 1
3740.4059999999999491, 0, 3736.7590000000000146, 1, 3740.4059999999999491, 118.42005816447172606, 3736.7590000000000146, 1, 3740.4059999999999491, 85.612591645173935717, 3736.7590000000000146, 1, 3740.4059999999999491, 0, 3736.7590000000000146, 1
3740.4549999999999272, 0, 3736.7640000000001237, 1, 3740.4549999999999272, 106.91506056385944134, 3736.7640000000001237, 1, 3740.4549999999999272, 98.464310245631850194, 3736.7640000000001237, 1, 3740.4549999999999272, 0, 3736.7640000000001237, 1
3740.5059999999998581, 325.20653400459673321, 3736.7689999999997781, 1, 3740.5059999999998581, 61.704818035627106099, 3736.7689999999997781, 1, 3740.5059999999998581, 87.499778433674649136, 3736.7689999999997781, 1, 3740.5059999999998581, 0, 3736.7689999999997781, 1
3740.6060000000002219, 32.660647726352436848, 3736.7739999999998872, 1, 3740.6060000000002219, 0, 3736.7739999999998872, 1, 3740.6060000000002219, 38.265883530877538021, 3736.7739999999998872, 1, 3740.6060000000002219, 23.545880516696815477, 3736.7739999999998872, 1
3740.6559999999999491, 69.233225497403964255, 3736.7789999999999964, 1, 3740.6559999999999491, 74.7980341342205719, 3736.7789999999999964, 1, 3740.6559999999999491, 66.750042843153693184, 3736.7789999999999964, 1, 3740.6559999999999491, 54.836210721186120054, 3736.7789999999999964, 1
3740.7069999999998799, 103.27161737297959121, 3736.7840000000001055, 1, 3740.7069999999998799, 0, 3736.7840000000001055, 1, 3740.7069999999998799, 0, 3736.7840000000001055, 1, 3740.7069999999998799, 80.411600001481417621, 3736.7840000000001055, 1
3740.7069999999998799, 107.20685265992651125, 3736.7890000000002146, 1, 3740.7069999999998799, 0, 3736.7890000000002146, 1, 3740.7069999999998799, 0, 3736.7890000000002146, 1, 3740.7069999999998799, 96.515647453035114722, 3736.7890000000002146, 1
3740.7559999999998581, 99.878103537089884867, 3736.793999999999869, 1, 3740.7559999999998581, 0, 3736.793999999999869, 1, 3740.7559999999998581, 0, 3736.793999999999869, 1, 3740.7559999999998581, 108.1330319549773975, 3736.793999999999869, 1
3740.8569999999999709, 92.299995612173631798, 3736.8000000000001819, 1, 3740.8569999999999709, 0, 3736.8000000000001819, 1, 3740.8569999999999709, 0, 3736.8000000000001819, 1, 3740.8569999999999709, 109.44188238363133792, 3736.8000000000001819, 1
3740.9050000000002001, 50.967097471617513804, 3736.8040000000000873, 1, 3740.9050000000002001, 81.83016441314678957, 3736.8040000000000873, 1, 3740.9050000000002001, 122.84931657449254772, 3736.8040000000000873, 1, 3740.9050000000002001, 52.026642808603099866, 3736.8040000000000873, 1
3740.9050000000002001, 43.911088201117088659, 3736.8090000000001965, 1, 3740.9050000000002001, 46.330780271582170826, 3736.8090000000001965, 1, 3740.9050000000002001, 26.754444543607675655, 3736.8090000000001965, 1, 3740.9050000000002001, 47.69887353129956864, 3736.8090000000001965, 1
3740.9569999999998799, 33.814669966606949458, 3736.8139999999998508, 1, 3740.9569999999998799, 100.53946559355594559, 3736.8139999999998508, 1, 3740.9569999999998799, 67.490052734995089168, 3736.8139999999998508, 1, 3740.9569999999998799, 22.192713010243711125, 3736.8139999999998508, 1
3741.0059999999998581, 0, 3736.81899999999996, 1, 3741.0059999999998581, 131.56040115293555459, 3736.81899999999996, 1, 3741.0059999999998581, 65.013448476993659142, 3736.81899999999996, 1, 3741.0059999999998581, 0, 3736.81899999999996, 1
3741.1060000000002219, 0, 3736.8240000000000691, 1, 3741.1060000000002219, 120.69859972248369218, 3736.8240000000000691, 1, 3741.1060000000002219, 81.203294924227563456, 3736.8240000000000691, 1, 3741.1060000000002219, 0, 3736.8240000000000691, 1
3741.1060000000002219, 0, 3736.8290000000001783, 1, 3741.1060000000002219, 108.91062299212276798, 3736.8290000000001783, 1, 3741.1060000000002219, 95.695868595613518437, 3736.8290000000001783, 1, 3741.1060000000002219, 0, 3736.8290000000001783, 1
3741.206000000000131, 345.41526055692912678, 3736.8339999999998327, 1, 3741.206000000000131, 62.018508798673167348, 3736.8339999999998327, 1, 3741.206000000000131, 85.734997144560210813, 3736.8339999999998327, 1, 3741.206000000000131, 0, 3736.8339999999998327, 1
3741.206000000000131, 31.510969250454273549, 3736.8389999999999418, 1, 3741.206000000000131, 0, 3736.8389999999999418, 1, 3741.206000000000131, 34.349929820704325323, 3736.8389999999999418, 1, 3741.206000000000131, 26.010967096508515795, 3736.8389999999999418, 1
3741.2550000000001091, 70.993575815672215867, 3736.8440000000000509, 1, 3741.2550000000001091, 85.319406682405329434, 3736.8440000000000509, 1, 3741.2550000000001091, 64.333923605967143544, 3736.8440000000000509, 1, 3741.2550000000001091, 58.45661267518472215, 3736.8440000000000509, 1
3741.3049999999998363, 102.84230032950361533, 3736.8490000000001601, 1, 3741.3049999999998363, 0, 3736.8490000000001601, 1, 3741.3049999999998363, 0, 3736.8490000000001601, 1, 3741.3049999999998363, 83.261053955191783871, 3736.8490000000001601, 1
3741.4070000000001528, 105.27047374466184237, 3736.8539999999998145, 1, 3741.4070000000001528, 0, 3736.8539999999998145, 1, 3741.4070000000001528, 0, 3736.8539999999998145, 1, 3741.4070000000001528, 92.809112790739447973, 3736.8539999999998145, 1
3741.4070000000001528, 99.359911855582595308, 3736.8600000000001273, 1, 3741.4070000000001528, 0, 3736.8600000000001273, 1, 3741.4070000000001528, 0, 3736.8600000000001273, 1, 3741.4070000000001528, 106.82731733779837668, 3736.8600000000001273, 1
3741.5050000000001091, 92.632484369882746478, 3736.8659999999999854, 1, 3741.5050000000001091, 0, 3736.8659999999999854, 1, 3741.5050000000001091, 0, 3736.8659999999999854, 1, 3741.5050000000001091, 110.08754901682041805, 3736.8659999999999854, 1
3741.5059999999998581, 49.685383963462967927, 3736.8690000000001419, 1, 3741.5059999999998581, 86.265196286120357172, 3736.8690000000001419, 1, 3741.5059999999998581, 119.99303838195147875, 3736.8690000000001419, 1, 3741.5059999999998581, 57.237029498048585197, 3736.8690000000001419, 1
3741.55600000000004, 43.740996238400242646, 3736.8739999999997963, 1, 3741.55600000000004, 46.696629746039249653, 3736.8739999999997963, 1, 3741.55600000000004, 28.222923426282640946, 3736.8739999999997963, 1, 3741.55600000000004, 48.522603881403945536, 3736.8739999999997963, 1
3741.6050000000000182, 39.170826034256037929, 3736.8809999999998581, 1, 3741.6050000000000182, 98.193792027754582818, 3736.8809999999998581, 1, 3741.6050000000000182, 66.990949899210917806, 3736.8809999999998581, 1, 3741.6050000000000182, 33.212446220849685119, 3736.8809999999998581, 1
3741.6559999999999491, 0, 3736.8840000000000146, 1, 3741.6559999999999491, 132.72656103369166658, 3736.8840000000000146, 1, 3741.6559999999999491, 64.306305578005819257, 3736.8840000000000146, 1, 3741.6559999999999491, 0, 3736.8840000000000146, 1
3741.7559999999998581, 0, 3736.8890000000001237, 1, 3741.7559999999998581, 120.57981922210447578, 3736.8890000000001237, 1, 3741.7559999999998581, 78.817151205172251593, 3736.8890000000001237, 1, 3741.7559999999998581, 0, 3736.8890000000001237, 1
3741.8049999999998363, 0, 3736.8949999999999818, 1, 3741.8049999999998363, 108.43868722532086224, 3736.8949999999999818, 1, 3741.8049999999998363, 94.543702853454476553, 3736.8949999999999818, 1, 3741.8049999999998363, 0, 3736.8949999999999818, 1
3741.8560000000002219, 351.5585045303311631, 3736.9000000000000909, 1, 3741.8560000000002219, 61.026063120597655143, 3736.9000000000000909, 1, 3741.8560000000002219, 83.130907620857698248, 3736.9000000000000909, 1, 3741.8560000000002219, 0, 3736.9000000000000909, 1
3741.9059999999999491, 32.2052300798835347, 3736.9050000000002001, 1, 3741.9059999999999491, 0, 3736.9050000000002001, 1, 3741.9059999999999491, 36.744182710164643879, 3736.9050000000002001, 1, 3741.9059999999999491, 27.256255783075019394, 3736.9050000000002001, 1
3741.9059999999999491, 62.6647880834063713, 3736.9090000000001055, 1, 3741.9059999999999491, 98.839619900331840086, 3736.9090000000001055, 1, 3741.9059999999999491, 81.395345329956867886, 3736.9090000000001055, 1, 3741.9059999999999491, 58.26142522146820113, 3736.9090000000001055, 1
3741.956000000000131, 105.9065848803679728, 3736.9140000000002146, 1, 3741.956000000000131, 0, 3736.9140000000002146, 1, 3741.956000000000131, 0, 3736.9140000000002146, 1, 3741.956000000000131, 77.414795664978498735, 3736.9140000000002146, 1
3742.0059999999998581, 110.89466480000609749, 3736.918999999999869, 1, 3742.0059999999998581, 0, 3736.918999999999869, 1, 3742.0059999999998581, 0, 3736.918999999999869, 1, 3742.0059999999998581, 92.577799446286604734, 3736.918999999999869, 1
3742.05600000000004, 103.12508962259876455, 3736.9250000000001819, 1, 3742.05600000000004, 0, 3736.9250000000001819, 1, 3742.05600000000004, 0, 3736.9250000000001819, 1, 3742.05600000000004, 108.55741809639309281, 3736.9250000000001819, 1
3742.1069999999999709, 96.82437367176876819, 3736.9299999999998363, 1, 3742.1069999999999709, 0, 3736.9299999999998363, 1, 3742.1069999999999709, 0, 3736.9299999999998363, 1, 3742.1069999999999709, 119.22848147150713771, 3736.9299999999998363, 1
3742.1610000000000582, 54.60109409281386661, 3736.9360000000001492, 1, 3742.1610000000000582, 113.33724768473810229, 3736.9360000000001492, 1, 3742.1610000000000582, 109.27008203569496914, 3736.9360000000001492, 1, 3742.1610000000000582, 65.158092728805598881, 3736.9360000000001492, 1
3742.2089999999998327, 40.58404430173445121, 3736.9389999999998508, 1, 3742.2089999999998327, 45.766891795594233372, 3736.9389999999998508, 1, 3742.2089999999998327, 23.220683136056358364, 3736.9389999999998508, 1, 3742.2089999999998327, 52.382336101632873238, 3736.9389999999998508, 1
3742.2550000000001091, 42.904158075294269281, 3736.94399999999996, 1, 3742.2550000000001091, 98.812160451509100767, 3736.94399999999996, 1, 3742.2550000000001091, 69.254318981404310307, 3736.94399999999996, 1, 3742.2550000000001091, 30.326120111942774571, 3736.94399999999996, 1
3742.3049999999998363, 0, 3736.9499999999998181, 1, 3742.3049999999998363, 129.37594336524878713, 3736.9499999999998181, 1, 3742.3049999999998363, 67.853013179221221662, 3736.9499999999998181, 1, 3742.3049999999998363, 0, 3736.9499999999998181, 1
3742.3560000000002219, 0, 3736.9540000000001783, 1, 3742.3560000000002219, 118.36307353324889391, 3736.9540000000001783, 1, 3742.3560000000002219, 83.214114505976965575, 3736.9540000000001783, 1, 3742.3560000000002219, 0, 3736.9540000000001783, 1
3742.456000000000131, 0, 3736.9589999999998327, 1, 3742.456000000000131, 105.42204601911016937, 3736.9589999999998327, 1, 3742.456000000000131, 93.641088299928668448, 3736.9589999999998327, 1, 3742.456000000000131, 0, 3736.9589999999998327, 1
3742.5070000000000618, 354.39293094295288711, 3736.9659999999998945, 1, 3742.5070000000000618, 63.252389250216026539, 3736.9659999999998945, 1, 3742.5070000000000618, 87.005287045086618036, 3736.9659999999998945, 1, 3742.5070000000000618, 0, 3736.9659999999998945, 1
3742.5070000000000618, 33.587798428563878872, 3736.9690000000000509, 1, 3742.5070000000000618, 0, 3736.9690000000000509, 1, 3742.5070000000000618, 33.175669059340648914, 3736.9690000000000509, 1, 3742.5070000000000618, 25.526802499634143828, 3736.9690000000000509, 1
3742.6060000000002219, 64.305055276299327716, 3736.9740000000001601, 1, 3742.6060000000002219, 89.387128653612705875, 3736.9740000000001601, 1, 3742.6060000000002219, 69.918710583838560524, 3736.9740000000001601, 1, 3742.6060000000002219, 56.129298192096328535, 3736.9740000000001601, 1
3742.6570000000001528, 102.08598945024215254, 3736.9800000000000182, 1, 3742.6570000000001528, 0, 3736.9800000000000182, 1, 3742.6570000000001528, 0, 3736.9800000000000182, 1, 3742.6570000000001528, 79.678044359295114418, 3736.9800000000000182, 1
3742.6570000000001528, 110.44093155322595123, 3736.9839999999999236, 1, 3742.6570000000001528, 0, 3736.9839999999999236, 1, 3742.6570000000001528, 0, 3736.9839999999999236, 1, 3742.6570000000001528, 94.708051254358295523, 3736.9839999999999236, 1
3742.7550000000001091, 101.89514696717222364, 3736.9890000000000327, 1, 3742.7550000000001091, 0, 3736.9890000000000327, 1, 3742.7550000000001091, 0, 3736.9890000000000327, 1, 3742.7550000000001091, 106.94749071474936386, 3736.9890000000000327, 1
3742.7550000000001091, 97.381238470129687812, 3736.9949999999998909, 1, 3742.7550000000001091, 0, 3736.9949999999998909, 1, 3742.7550000000001091, 0, 3736.9949999999998909, 1, 3742.7550000000001091, 118.45482673489571823, 3736.9949999999998909, 1
3742.8049999999998363, 48.506592482309116576, 3736.9989999999997963, 1, 3742.8049999999998363, 104.23902424875845441, 3736.9989999999997963, 1, 3742.8049999999998363, 126.7817427933006087, 3736.9989999999997963, 1, 3742.8049999999998363, 61.375011199161505715, 3736.9989999999997963, 1
3742.8560000000002219, 41.170572389472589236, 3737.0039999999999054, 1, 3742.8560000000002219, 44.814787591042431814, 3737.0039999999999054, 1, 3742.8560000000002219, 25.688612589236271333, 3737.0039999999999054, 1, 3742.8560000000002219, 50.697766445856061068, 3737.0039999999999054, 1
3742.956000000000131, 31.239773216026289759, 3737.0090000000000146, 1, 3742.956000000000131, 95.661785122558384842, 3737.0090000000000146, 1, 3742.956000000000131, 65.357261065780718923, 3737.0090000000000146, 1, 3742.956000000000131, 27.953564572593357695, 3737.0090000000000146, 1
3742.956000000000131, 0, 3737.0140000000001237, 1, 3742.956000000000131, 130.75138548240792602, 3737.0140000000001237, 1, 3742.956000000000131, 66.152136460618734759, 3737.0140000000001237, 1, 3742.956000000000131, 0, 3737.0140000000001237, 1
3743.0059999999998581, 0, 3737.0199999999999818, 1, 3743.0059999999998581, 120.62693689801453445, 3737.0199999999999818, 1, 3743.0059999999998581, 82.52526968573420163, 3737.0199999999999818, 1, 3743.0059999999998581, 0, 3737.0199999999999818, 1
3743.05600000000004, 0, 3737.0239999999998872, 1, 3743.05600000000004, 108.11158659598267207, 3737.0239999999998872, 1, 3743.05600000000004, 93.117964235177964838, 3737.0239999999998872, 1, 3743.05600000000004, 0, 3737.0239999999998872, 1
3743.1550000000002001, 362.04877025597329521, 3737.0289999999999964, 1, 3743.1550000000002001, 63.370715870680967896, 3737.0289999999999964, 1, 3743.1550000000002001, 87.685608831083300174, 3737.0289999999999964, 1, 3743.1550000000002001, 0, 3737.0289999999999964, 1
3743.206000000000131, 33.367025797360945205, 3737.0340000000001055, 1, 3743.206000000000131, 0, 3737.0340000000001055, 1, 3743.206000000000131, 37.330177897894330385, 3737.0340000000001055, 1, 3743.206000000000131, 20.19634690253702658, 3737.0340000000001055, 1
3743.206000000000131, 73.57679187029347645, 3737.0390000000002146, 1, 3743.206000000000131, 89.885189284249705111, 3737.0390000000002146, 1, 3743.206000000000131, 67.541395926333578359, 3737.0390000000002146, 1, 3743.206000000000131, 51.271496602959601319, 3737.0390000000002146, 1
3743.2559999999998581, 98.0697262769810294, 3737.043999999999869, 1, 3743.2559999999998581, 0, 3737.043999999999869, 1, 3743.2559999999998581, 0, 3737.043999999999869, 1, 3743.2559999999998581, 82.462785427940559657, 3737.043999999999869, 1
3743.30600000000004, 108.62597282070527172, 3737.0500000000001819, 1, 3743.30600000000004, 0, 3737.0500000000001819, 1, 3743.30600000000004, 0, 3737.0500000000001819, 1, 3743.30600000000004, 96.240398481837758027, 3737.0500000000001819, 1
3743.3560000000002219, 101.42497249552602057, 3737.0540000000000873, 1, 3743.3560000000002219, 0, 3737.0540000000000873, 1, 3743.3560000000002219, 0, 3737.0540000000000873, 1, 3743.3560000000002219, 111.51552851518385978, 3737.0540000000000873, 1
3743.4059999999999491, 96.712541987284851075, 3737.0579999999999927, 1, 3743.4059999999999491, 0, 3737.0579999999999927, 1, 3743.4059999999999491, 0, 3737.0579999999999927, 1, 3743.4059999999999491, 121.11336107214015101, 3737.0579999999999927, 1
3743.5050000000001091, 58.838886548181662306, 3737.0639999999998508, 1, 3743.5050000000001091, 105.65306145812184013, 3737.0639999999998508, 1, 3743.5050000000001091, 138.08822737483674814, 3737.0639999999998508, 1, 3743.5050000000001091, 63.071896333592896156, 3737.0639999999998508, 1
3743.5059999999998581, 36.082903176594072647, 3737.06899999999996, 1, 3743.5059999999998581, 44.471260918602496304, 3737.06899999999996, 1, 3743.5059999999998581, 26.411798655708530248, 3737.06899999999996, 1, 3743.5059999999998581, 50.074808133003351429, 3737.06899999999996, 1
3743.55600000000004, 35.834650024745322128, 3737.0740000000000691, 1, 3743.55600000000004, 93.507304609377300153, 3737.0740000000000691, 1, 3743.55600000000004, 63.444896451624799738, 3737.0740000000000691, 1, 3743.55600000000004, 27.420037233678584698, 3737.0740000000000691, 1
3743.6550000000002001, 0, 3737.0790000000001783, 1, 3743.6550000000002001, 133.26164987221864067, 3737.0790000000001783, 1, 3743.6550000000002001, 64.076826641003123086, 3737.0790000000001783, 1, 3743.6550000000002001, 0, 3737.0790000000001783, 1
3743.706000000000131, 0, 3737.0839999999998327, 1, 3743.706000000000131, 121.54073824861070818, 3737.0839999999998327, 1, 3743.706000000000131, 79.040300582542684538, 3737.0839999999998327, 1, 3743.706000000000131, 0, 3737.0839999999998327, 1
3743.7550000000001091, 0, 3737.0889999999999418, 1, 3743.7550000000001091, 107.52376974915030416, 3737.0889999999999418, 1, 3743.7550000000001091, 89.292761865323484471, 3737.0889999999999418, 1, 3743.7550000000001091, 0, 3737.0889999999999418, 1
3743.7559999999998581, 365.39038054289630963, 3737.0929999999998472, 1, 3743.7559999999998581, 67.236762372186731795, 3737.0929999999998472, 1, 3743.7559999999998581, 90.501580810106332819, 3737.0929999999998472, 1, 3743.7559999999998581, 0, 3737.0929999999998472, 1
3743.8049999999998363, 49.555330844067164264, 3737.0990000000001601, 1, 3743.8049999999998363, 0, 3737.0990000000001601, 1, 3743.8049999999998363, 39.789177334240342532, 3737.0990000000001601, 1, 3743.8049999999998363, 32.580235312426374605, 3737.0990000000001601, 1
3743.8569999999999709, 65.139585608643074011, 3737.1039999999998145, 1, 3743.8569999999999709, 94.046501193313005729, 3737.1039999999998145, 1, 3743.8569999999999709, 71.384528559466417619, 3737.1039999999998145, 1, 3743.8569999999999709, 53.71187144640691713, 3737.1039999999998145, 1
3743.9059999999999491, 96.467475175981363122, 3737.1089999999999236, 1, 3743.9059999999999491, 0, 3737.1089999999999236, 1, 3743.9059999999999491, 0, 3737.1089999999999236, 1, 3743.9059999999999491, 78.570781559399506477, 3737.1089999999999236, 1
3743.956000000000131, 109.98250781344540883, 3737.1140000000000327, 1, 3743.956000000000131, 0, 3737.1140000000000327, 1, 3743.956000000000131, 0, 3737.1140000000000327, 1, 3743.956000000000131, 93.759083573419218283, 3737.1140000000000327, 1
3744.0070000000000618, 101.74682323910134585, 3737.1190000000001419, 1, 3744.0070000000000618, 0, 3737.1190000000001419, 1, 3744.0070000000000618, 0, 3737.1190000000001419, 1, 3744.0070000000000618, 103.87665132904955101, 3737.1190000000001419, 1
3744.0549999999998363, 97.376729625105639343, 3737.125, 1, 3744.0549999999998363, 0, 3737.125, 1, 3744.0549999999998363, 0, 3737.125, 1, 3744.0549999999998363, 118.60575199916942779, 3737.125, 1
3744.1060000000002219, 53.340876042694908676, 3737.1289999999999054, 1, 3744.1060000000002219, 121.92150704876824818, 3737.1289999999999054, 1, 3744.1060000000002219, 125.5595366622018787, 3737.1289999999999054, 1, 3744.1060000000002219, 78.192856802498951652, 3737.1289999999999054, 1
3744.1559999999999491, 34.724117079070666136, 3737.1350000000002183, 1, 3744.1559999999999491, 43.357404971597844678, 3737.1350000000002183, 1, 3744.1559999999999491, 24.491022806394909139, 3737.1350000000002183, 1, 3744.1559999999999491, 49.70571048046407725, 3737.1350000000002183, 1
3744.2550000000001091, 42.978979478059216035, 3737.1390000000001237, 1, 3744.2550000000001091, 90.88450491452015001, 3737.1390000000001237, 1, 3744.2550000000001091, 62.757400658214017142, 3737.1390000000001237, 1, 3744.2550000000001091, 31.085416454769418948, 3737.1390000000001237, 1
3744.2550000000001091, 0, 3737.1439999999997781, 1, 3744.2550000000001091, 130.36060024128491364, 3737.1439999999997781, 1, 3744.2550000000001091, 65.973014748038394828, 3737.1439999999997781, 1, 3744.2550000000001091, 0, 3737.1439999999997781, 1
3744.30600000000004, 0, 3737.1489999999998872, 1, 3744.30600000000004, 120.76730629025527719, 3737.1489999999998872, 1, 3744.30600000000004, 80.970797271169288933, 3737.1489999999998872, 1, 3744.30600000000004, 0, 3737.1489999999998872, 1
3744.4059999999999491, 0, 3737.1539999999999964, 1, 3744.4059999999999491, 105.95874493659286486, 3737.1539999999999964, 1, 3744.4059999999999491, 90.162329378990790474, 3737.1539999999999964, 1, 3744.4059999999999491, 0, 3737.1539999999999964, 1
3744.456000000000131, 386.43239894967666714, 3737.1590000000001055, 1, 3744.456000000000131, 65.167356191229373508, 3737.1590000000001055, 1, 3744.456000000000131, 88.011725088489868085, 3737.1590000000001055, 1, 3744.456000000000131, 0, 3737.1590000000001055, 1
3744.456000000000131, 63.549170967575449254, 3737.1640000000002146, 1, 3744.456000000000131, 0, 3737.1640000000002146, 1, 3744.456000000000131, 42.267927129070962167, 3737.1640000000002146, 1, 3744.456000000000131, 25.91925868807241784, 3737.1640000000002146, 1
3744.55600000000004, 78.262520263192129732, 3737.1700000000000728, 1, 3744.55600000000004, 92.629092293195355978, 3737.1700000000000728, 1, 3744.55600000000004, 61.665777476054891793, 3737.1700000000000728, 1, 3744.55600000000004, 49.826774615712594141, 3737.1700000000000728, 1
3744.55600000000004, 92.360731327667693336, 3737.1739999999999782, 1, 3744.55600000000004, 0, 3737.1739999999999782, 1, 3744.55600000000004, 0, 3737.1739999999999782, 1, 3744.55600000000004, 80.832592848288044252, 3737.1739999999999782, 1
3744.6060000000002219, 108.42379009741601692, 3737.1790000000000873, 1, 3744.6060000000002219, 0, 3737.1790000000000873, 1, 3744.6060000000002219, 0, 3737.1790000000000873, 1, 3744.6060000000002219, 92.8370297178880719, 3737.1790000000000873, 1
3744.6559999999999491, 100.10879252926085314, 3737.1849999999999454, 1, 3744.6559999999999491, 0, 3737.1849999999999454, 1, 3744.6559999999999491, 0, 3737.1849999999999454, 1, 3744.6559999999999491, 105.18441243040481936, 3737.1849999999999454, 1
3744.706000000000131, 96.5823693246645405, 3737.1900000000000546, 1, 3744.706000000000131, 0, 3737.1900000000000546, 1, 3744.706000000000131, 0, 3737.1900000000000546, 1, 3744.706000000000131, 119.92853211174463013, 3737.1900000000000546, 1
3744.7559999999998581, 66.208773812530040459, 3737.1950000000001637, 1, 3744.7559999999998581, 128.87511745953824516, 3737.1950000000001637, 1, 3744.7559999999998581, 153.35586234608987866, 3737.1950000000001637, 1, 3744.7559999999998581, 70.567536076923943256, 3737.1950000000001637, 1
3744.8550000000000182, 32.170679278222131359, 3737.1990000000000691, 1, 3744.8550000000000182, 35.962027244956971117, 3737.1990000000000691, 1, 3744.8550000000000182, 29.976774581867726255, 3737.1990000000000691, 1, 3744.8550000000000182, 45.179111535301011315, 3737.1990000000000691, 1
3744.8550000000000182, 47.407002270570004043, 3737.2040000000001783, 1, 3744.8550000000000182, 84.728456729154416394, 3737.2040000000001783, 1, 3744.8550000000000182, 61.128314877725422605, 3737.2040000000001783, 1, 3744.8550000000000182, 34.257424116303909045, 3737.2040000000001783, 1
3744.9549999999999272, 0, 3737.2089999999998327, 1, 3744.9549999999999272, 131.8013513620517756, 3737.2089999999998327, 1, 3744.9549999999999272, 64.675771772534162096, 3737.2089999999998327, 1, 3744.9549999999999272, 0, 3737.2089999999998327, 1
3744.9549999999999272, 0, 3737.2139999999999418, 1, 3744.9549999999999272, 122.8869186009145551, 3737.2139999999999418, 1, 3744.9549999999999272, 79.500167819315379347, 3737.2139999999999418, 1, 3744.9549999999999272, 0, 3737.2139999999999418, 1
3745.0050000000001091, 0, 3737.2190000000000509, 1, 3745.0050000000001091, 110.99225945649610026, 3737.2190000000000509, 1, 3745.0050000000001091, 94.072738196228215202, 3737.2190000000000509, 1, 3745.0050000000001091, 0, 3737.2190000000000509, 1
3745.05600000000004, 365.85514831520811185, 3737.2240000000001601, 1, 3745.05600000000004, 71.935187306275409469, 3737.2240000000001601, 1, 3745.05600000000004, 93.582582325916405352, 3737.2240000000001601, 1, 3745.05600000000004, 0, 3737.2240000000001601, 1
3745.1060000000002219, 104.37971060213988039, 3737.2310000000002219, 1, 3745.1060000000002219, 0, 3737.2310000000002219, 1, 3745.1060000000002219, 43.620445648824606621, 3737.2310000000002219, 1, 3745.1060000000002219, 25.358471270575350331, 3737.2310000000002219, 1
3745.1570000000001528, 72.439067860373810959, 3737.2339999999999236, 1, 3745.1570000000001528, 89.403981557681845516, 3737.2339999999999236, 1, 3745.1570000000001528, 60.667026811897571292, 3737.2339999999999236, 1, 3745.1570000000001528, 51.829788450823656376, 3737.2339999999999236, 1
3745.2559999999998581, 94.194644898175610592, 3737.2390000000000327, 1, 3745.2559999999998581, 0, 3737.2390000000000327, 1, 3745.2559999999998581, 0, 3737.2390000000000327, 1, 3745.2559999999998581, 80.556580302871367394, 3737.2390000000000327, 1
3745.2559999999998581, 109.24026437465936112, 3737.2449999999998909, 1, 3745.2559999999998581, 0, 3737.2449999999998909, 1, 3745.2559999999998581, 0, 3737.2449999999998909, 1, 3745.2559999999998581, 94.099076282144139327, 3737.2449999999998909, 1
3745.3550000000000182, 101.46985558966501628, 3737.25, 1, 3745.3550000000000182, 0, 3737.25, 1, 3745.3550000000000182, 0, 3737.25, 1, 3745.3550000000000182, 109.06275276825815013, 3737.25, 1
3745.3550000000000182, 96.874793241399316912, 3737.2539999999999054, 1, 3745.3550000000000182, 0, 3737.2539999999999054, 1, 3745.3550000000000182, 0, 3737.2539999999999054, 1, 3745.3550000000000182, 119.43958422656615426, 3737.2539999999999054, 1
3745.4059999999999491, 59.728096652751787587, 3737.2590000000000146, 1, 3745.4059999999999491, 142.73383306859236086, 3737.2590000000000146, 1, 3745.4059999999999491, 147.31002743966757862, 3737.2590000000000146, 1, 3745.4059999999999491, 73.624076849819232393, 3737.2590000000000146, 1
3745.5059999999998581, 31.241799003793921941, 3737.2640000000001237, 1, 3745.5059999999998581, 38.2022063130609979, 3737.2640000000001237, 1, 3745.5059999999998581, 27.955668094147853253, 3737.2640000000001237, 1, 3745.5059999999998581, 50.01099308633921936, 3737.2640000000001237, 1
3745.55600000000004, 54.21110369996562639, 3737.2689999999997781, 1, 3745.55600000000004, 83.493943572634535144, 3737.2689999999997781, 1, 3745.55600000000004, 60.199248954191567407, 3737.2689999999997781, 1, 3745.55600000000004, 47.302720884960365311, 3737.2689999999997781, 1
3745.6050000000000182, 0, 3737.2739999999998872, 1, 3745.6050000000000182, 132.05258710781541254, 3737.2739999999998872, 1, 3745.6050000000000182, 63.509803988945769504, 3737.2739999999998872, 1, 3745.6050000000000182, 0, 3737.2739999999998872, 1
3745.6570000000001528, 0, 3737.2789999999999964, 1, 3745.6570000000001528, 122.32586097070203834, 3737.2789999999999964, 1, 3745.6570000000001528, 77.036022480203271812, 3737.2789999999999964, 1, 3745.6570000000001528, 0, 3737.2789999999999964, 1
3745.6570000000001528, 0, 3737.2840000000001055, 1, 3745.6570000000001528, 110.0373872703586926, 3737.2840000000001055, 1, 3745.6570000000001528, 92.238968369849658302, 3737.2840000000001055, 1, 3745.6570000000001528, 0, 3737.2840000000001055, 1
3745.706000000000131, 368.56942892249321631, 3737.2890000000002146, 1, 3745.706000000000131, 70.045919763139835368, 3737.2890000000002146, 1, 3745.706000000000131, 92.132333213277007644, 3737.2890000000002146, 1, 3745.706000000000131, 0, 3737.2890000000002146, 1
3745.80600000000004, 99.08187466169573554, 3737.293999999999869, 1, 3745.80600000000004, 0, 3737.293999999999869, 1, 3745.80600000000004, 45.126927008281263909, 3737.293999999999869, 1, 3745.80600000000004, 25.253598990126331358, 3737.293999999999869, 1
3745.8550000000000182, 75.462916882568649157, 3737.2989999999999782, 1, 3745.8550000000000182, 82.958997001772672775, 3737.2989999999999782, 1, 3745.8550000000000182, 58.918684714462742136, 3737.2989999999999782, 1, 3745.8550000000000182, 51.014938677548599344, 3737.2989999999999782, 1
3745.9039999999999964, 91.519765417634829419, 3737.3040000000000873, 1, 3745.9039999999999964, 0, 3737.3040000000000873, 1, 3745.9039999999999964, 0, 3737.3040000000000873, 1, 3745.9039999999999964, 78.346942811267524576, 3737.3040000000000873, 1
3745.9039999999999964, 108.37896896307293559, 3737.3090000000001965, 1, 3745.9039999999999964, 0, 3737.3090000000001965, 1, 3745.9039999999999964, 0, 3737.3090000000001965, 1, 3745.9039999999999964, 91.722729638072465264, 3737.3090000000001965, 1
3745.956000000000131, 100.99261420174451587, 3737.3139999999998508, 1, 3745.956000000000131, 0, 3737.3139999999998508, 1, 3745.956000000000131, 0, 3737.3139999999998508, 1, 3745.956000000000131, 106.04026842424531196, 3737.3139999999998508, 1
3746.05600000000004, 95.013227094026092345, 3737.31899999999996, 1, 3746.05600000000004, 0, 3737.31899999999996, 1, 3746.05600000000004, 0, 3737.31899999999996, 1, 3746.05600000000004, 114.98360509461549839, 3737.31899999999996, 1
3746.05600000000004, 68.457072748924886696, 3737.3240000000000691, 1, 3746.05600000000004, 126.55111324831332809, 3737.3240000000000691, 1, 3746.05600000000004, 151.16469297767346802, 3737.3240000000000691, 1, 3746.05600000000004, 82.945753554585138545, 3737.3240000000000691, 1
3746.1550000000002001, 30.298237720452970478, 3737.3290000000001783, 1, 3746.1550000000002001, 43.402140775791536953, 3737.3290000000001783, 1, 3746.1550000000002001, 29.03326705521666895, 3737.3290000000001783, 1, 3746.1550000000002001, 42.046483219843452162, 3737.3290000000001783, 1
3746.1550000000002001, 44.331023982914928183, 3737.3339999999998327, 1, 3746.1550000000002001, 83.63301103073749232, 3737.3339999999998327, 1, 3746.1550000000002001, 58.271897803629798318, 3737.3339999999998327, 1, 3746.1550000000002001, 33.960174530924149394, 3737.3339999999998327, 1
3746.206000000000131, 0, 3737.3400000000001455, 1, 3746.206000000000131, 132.33180801075670274, 3737.3400000000001455, 1, 3746.206000000000131, 63.513566329588527992, 3737.3400000000001455, 1, 3746.206000000000131, 0, 3737.3400000000001455, 1
3746.30600000000004, 0, 3737.3429999999998472, 1, 3746.30600000000004, 123.11653376684662931, 3737.3429999999998472, 1, 3746.30600000000004, 78.046533960252389761, 3737.3429999999998472, 1, 3746.30600000000004, 0, 3737.3429999999998472, 1
3746.3560000000002219, 0, 3737.3490000000001601, 1, 3746.3560000000002219, 110.17564965652525188, 3737.3490000000001601, 1, 3746.3560000000002219, 92.892422635504061645, 3737.3490000000001601, 1, 3746.3560000000002219, 0, 3737.3490000000001601, 1
3746.4079999999999018, 402.25752567682798144, 3737.3539999999998145, 1, 3746.4079999999999018, 69.538172493747197223, 3737.3539999999998145, 1, 3746.4079999999999018, 88.119857410748721804, 3737.3539999999998145, 1, 3746.4079999999999018, 0, 3737.3539999999998145, 1
3746.4079999999999018, 121.15996204925571078, 3737.3600000000001273, 1, 3746.4079999999999018, 0, 3737.3600000000001273, 1, 3746.4079999999999018, 47.511886691231026703, 3737.3600000000001273, 1, 3746.4079999999999018, 35.423138482786001191, 3737.3600000000001273, 1
3746.456000000000131, 94.455362087072074928, 3737.3649999999997817, 1, 3746.456000000000131, 105.77686670134718838, 3737.3649999999997817, 1, 3746.456000000000131, 55.078194391759943471, 3737.3649999999997817, 1, 3746.456000000000131, 44.709814935216286358, 3737.3649999999997817, 1
3746.5059999999998581, 87.772619846068010929, 3737.3690000000001419, 1, 3746.5059999999998581, 0, 3737.3690000000001419, 1, 3746.5059999999998581, 0, 3737.3690000000001419, 1, 3746.5059999999998581, 83.99965321007186958, 3737.3690000000001419, 1
3746.55600000000004, 108.10450835430452798, 3737.375, 1, 3746.55600000000004, 0, 3737.375, 1, 3746.55600000000004, 0, 3737.375, 1, 3746.55600000000004, 95.031584591806605999, 3737.375, 1
3746.6559999999999491, 100.01783460143272464, 3737.3800000000001091, 1, 3746.6559999999999491, 0, 3737.3800000000001091, 1, 3746.6559999999999491, 0, 3737.3800000000001091, 1, 3746.6559999999999491, 109.30071059927374222, 3737.3800000000001091, 1
3746.7049999999999272, 95.046528783689126385, 3737.3840000000000146, 1, 3746.7049999999999272, 0, 3737.3840000000000146, 1, 3746.7049999999999272, 0, 3737.3840000000000146, 1, 3746.7049999999999272, 117.41465344510153557, 3737.3840000000000146, 1
3746.706000000000131, 75.266350389020544753, 3737.3890000000001237, 1, 3746.706000000000131, 148.98283725538769318, 3737.3890000000001237, 1, 3746.706000000000131, 170.66319776679350184, 3737.3890000000001237, 1, 3746.706000000000131, 84.475034835005857303, 3737.3890000000001237, 1
3746.7570000000000618, 29.729560207223080681, 3737.3939999999997781, 1, 3746.7570000000000618, 34.783514695684083051, 3737.3939999999997781, 1, 3746.7570000000000618, 34.94646128198341728, 3737.3939999999997781, 1, 3746.7570000000000618, 47.017287069085426765, 3737.3939999999997781, 1
3746.8560000000002219, 49.660372562307600219, 3737.3989999999998872, 1, 3746.8560000000002219, 78.340856601191703135, 3737.3989999999998872, 1, 3746.8560000000002219, 56.317256737602221506, 3737.3989999999998872, 1, 3746.8560000000002219, 37.069791051882262423, 3737.3989999999998872, 1
3746.8560000000002219, 0, 3737.4059999999999491, 1, 3746.8560000000002219, 130.61219086927093258, 3737.4059999999999491, 1, 3746.8560000000002219, 64.411838611651759834, 3737.4059999999999491, 1, 3746.8560000000002219, 0, 3737.4059999999999491, 1
3746.9050000000002001, 0, 3737.4090000000001055, 1, 3746.9050000000002001, 124.72478628508427789, 3737.4090000000001055, 1, 3746.9050000000002001, 76.924272210569398567, 3737.4090000000001055, 1, 3746.9050000000002001, 0, 3737.4090000000001055, 1
3746.956000000000131, 0, 3737.4140000000002146, 1, 3746.956000000000131, 112.5682838025379624, 3737.4140000000002146, 1, 3746.956000000000131, 91.560468493988921068, 3737.4140000000002146, 1, 3746.956000000000131, 0, 3737.4140000000002146, 1
3747.0050000000001091, 374.81400693795728785, 3737.418999999999869, 1, 3747.0050000000001091, 77.372495731751172343, 3737.418999999999869, 1, 3747.0050000000001091, 96.358775765022983251, 3737.418999999999869, 1, 3747.0050000000001091, 0, 3737.418999999999869, 1
3747.1050000000000182, 149.86275034611912815, 3737.4250000000001819, 1, 3747.1050000000000182, 0, 3737.4250000000001819, 1, 3747.1050000000000182, 48.408089962031169762, 3737.4250000000001819, 1, 3747.1050000000000182, 26.62409569707233814, 3737.4250000000001819, 1
3747.1570000000001528, 75.398108180962708502, 3737.4290000000000873, 1, 3747.1570000000001528, 95.393755256948821852, 3737.4290000000000873, 1, 3747.1570000000001528, 55.995031044272188581, 3737.4290000000000873, 1, 3747.1570000000001528, 40.604760845935700786, 3737.4290000000000873, 1
3747.1570000000001528, 83.365161185522254073, 3737.4340000000001965, 1, 3747.1570000000001528, 0, 3737.4340000000001965, 1, 3747.1570000000001528, 0, 3737.4340000000001965, 1, 3747.1570000000001528, 82.691262662553015161, 3737.4340000000001965, 1
3747.206000000000131, 107.84280060508365295, 3737.4389999999998508, 1, 3747.206000000000131, 0, 3737.4389999999998508, 1, 3747.206000000000131, 0, 3737.4389999999998508, 1, 3747.206000000000131, 91.552608968259221456, 3737.4389999999998508, 1
3747.2550000000001091, 101.63835092055930431, 3737.44399999999996, 1, 3747.2550000000001091, 0, 3737.44399999999996, 1, 3747.2550000000001091, 0, 3737.44399999999996, 1, 3747.2550000000001091, 111.46086553885743342, 3737.44399999999996, 1
3747.306999999999789, 96.20798960966776292, 3737.4490000000000691, 1, 3747.306999999999789, 0, 3737.4490000000000691, 0, 3747.306999999999789, 0, 3737.4490000000000691, 0, 3747.306999999999789, 113.80235264443703613, 3737.4490000000000691, 1
3747.4059999999999491, 74.894670152890441273, 3737.4540000000001783, 1, 3747.4059999999999491, 147.3369730547533436, 3737.4540000000001783, 0, 3747.4059999999999491, 173.54008853028884118, 3737.4540000000001783, 0, 3747.4059999999999491, 78.916173398374581893, 3737.4540000000001783, 1
3747.456000000000131, 28.027224075261646163, 3737.4630000000001928, 1, 3747.456000000000131, 38.941719811318421307, 3737.4630000000001928, 0, 3747.456000000000131, 33.387071546202570005, 3737.4630000000001928, 0, 3747.456000000000131, 47.119230965455756177, 3737.4630000000001928, 1
3747.5050000000001091, 45.469728978424178933, 3737.4650000000001455, 1, 3747.5050000000001091, 80.526971517193828731, 3737.4650000000001455, 0, 3747.5050000000001091, 55.613563401586446844, 3737.4650000000001455, 0, 3747.5050000000001091, 34.175191654013843845, 3737.4650000000001455, 1
3747.5050000000001091, 0, 3737.4710000000000036, 1, 3747.5050000000001091, 129.80601421685881292, 3737.4710000000000036, 0, 3747.5050000000001091, 66.343191801802660734, 3737.4710000000000036, 0, 3747.5050000000001091, 0, 3737.4710000000000036, 1
3747.6060000000002219, 0, 3737.4740000000001601, 1, 3747.6060000000002219, 123.71715424347716805, 3737.4740000000001601, 0, 3747.6060000000002219, 77.41673172271393355, 3737.4740000000001601, 0, 3747.6060000000002219, 0, 3737.4740000000001601, 1
3747.6060000000002219, 0, 3737.4800000000000182, 1, 3747.6060000000002219, 111.32604874727282152, 3737.4800000000000182, 0, 3747.6060000000002219, 93.061705895503081365, 3737.4800000000000182, 0, 3747.6060000000002219, 0, 3737.4800000000000182, 1
3747.6550000000002001, 371.53333435116076089, 3737.4839999999999236, 1, 3747.6550000000002001, 76.971911359238447403, 3737.4839999999999236, 0, 3747.6550000000002001, 96.344766515900687409, 3737.4839999999999236, 0, 3747.6550000000002001, 0, 3737.4839999999999236, 1
3747.7049999999999272, 153.46934953352212005, 3737.4899999999997817, 1, 3747.7049999999999272, 0, 3737.4899999999997817, 0, 3747.7049999999999272, 46.379576699503985537, 3737.4899999999997817, 0, 3747.7049999999999272, 26.602181218736919988, 3737.4899999999997817, 1
3747.80600000000004, 75.455095284143652634, 3737.4949999999998909, 1, 3747.80600000000004, 92.312365762853119122, 3737.4949999999998909, 0, 3747.80600000000004, 56.542181107497796688, 3737.4949999999998909, 0, 3747.80600000000004, 45.211284666755851447, 3737.4949999999998909, 1
3747.806999999999789, 84.457112238801187232, 3737.5, 1, 3747.806999999999789, 0, 3737.5, 0, 3747.806999999999789, 0, 3737.5, 0, 3747.806999999999789, 81.528382171267097078, 3737.5, 1
3747.8560000000002219, 108.95897544842331683, 3737.5039999999999054, 1, 3747.8560000000002219, 0, 3737.5039999999999054, 0, 3747.8560000000002219, 0, 3737.5039999999999054, 0, 3747.8560000000002219, 90.116848867353468222, 3737.5039999999999054, 1
3747.956000000000131, 102.02103972180802316, 3737.5100000000002183, 1, 3747.956000000000131, 0, 3737.5100000000002183, 0, 3747.956000000000131, 0, 3737.5100000000002183, 0, 3747.956000000000131, 108.46818833179696639, 3737.5100000000002183, 1
3748.0059999999998581, 95.456901140722848709, 3737.5140000000001237, 1, 3748.0059999999998581, 0, 3737.5140000000001237, 0, 3748.0059999999998581, 0, 3737.5140000000001237, 0, 3748.0059999999998581, 113.78712338024388373, 3737.5140000000001237, 1
3748.056999999999789, 71.190265882693083199, 3737.5189999999997781, 1, 3748.056999999999789, 168.08543410257325945, 3737.5189999999997781, 0, 3748.056999999999789, 167.69340880898766954, 3737.5189999999997781, 0, 3748.056999999999789, 81.471384878043750177, 3737.5189999999997781, 1
3748.056999999999789, 24.38392116583139213, 3737.5239999999998872, 1, 3748.056999999999789, 29.888762186741608673, 3737.5239999999998872, 0, 3748.056999999999789, 33.654542913906510648, 3737.5239999999998872, 0, 3748.056999999999789, 42.623519319230325664, 3737.5239999999998872, 1
3748.1060000000002219, 52.985137530707525855, 3737.5289999999999964, 1, 3748.1060000000002219, 92.849446242569797505, 3737.5289999999999964, 0, 3748.1060000000002219, 63.841917424796392311, 3737.5289999999999964, 0, 3748.1060000000002219, 46.289924442785284953, 3737.5289999999999964, 1
3748.206000000000131, 0, 3737.5340000000001055, 1, 3748.206000000000131, 133.44180447481997476, 3737.5340000000001055, 0, 3748.206000000000131, 61.028511079963983832, 3737.5340000000001055, 0, 3748.206000000000131, 0, 3737.5340000000001055, 1
3748.206000000000131, 0, 3737.5390000000002146, 1, 3748.206000000000131, 128.36704158156152289, 3737.5390000000002146, 0, 3748.206000000000131, 79.641112566665867689, 3737.5390000000002146, 0, 3748.206000000000131, 0, 3737.5390000000002146, 1
3748.2559999999998581, 0, 3737.5450000000000728, 1, 3748.2559999999998581, 127.85148018813809756, 3737.5450000000000728, 0, 3748.2559999999998581, 74.535047738357064873, 3737.5450000000000728, 0, 3748.2559999999998581, 0, 3737.5450000000000728, 1
3748.30600000000004, 397.40414397380641276, 3737.5500000000001819, 1, 3748.30600000000004, 96.757968988598378246, 3737.5500000000001819, 0, 3748.30600000000004, 42.557342471943130136, 3737.5500000000001819, 0, 3748.30600000000004, 0, 3737.5500000000001819, 1
3748.3569999999999709, 165.12986787738446992, 3737.5549999999998363, 1, 3748.3569999999999709, 0, 3737.5549999999998363, 0, 3748.3569999999999709, 38.891780619786388229, 3737.5549999999998363, 0, 3748.3569999999999709, 0, 3737.5549999999998363, 1
3748.4059999999999491, 107.37774173549175316, 3737.5599999999999454, 1, 3748.4059999999999491, 0, 3737.5599999999999454, 0, 3748.4059999999999491, 32.397059939290656416, 3737.5599999999999454, 0, 3748.4059999999999491, 0, 3737.5599999999999454, 1
3748.456000000000131, 137.29196838954476334, 3737.5650000000000546, 1, 3748.456000000000131, 0, 3737.5650000000000546, 0, 3748.456000000000131, 0, 3737.5650000000000546, 0, 3748.456000000000131, 75.448076699853331206, 3737.5650000000000546, 1
3748.5059999999998581, 96.994403744985135063, 3737.56899999999996, 1, 3748.5059999999998581, 120.52952857890676341, 3737.56899999999996, 0, 3748.5059999999998581, 82.151126558296553526, 3737.56899999999996, 0, 3748.5059999999998581, 38.883491298068634023, 3737.56899999999996, 1
3748.55600000000004, 52.809090141407068586, 3737.5740000000000691, 1, 3748.55600000000004, 77.726207411298815941, 3737.5740000000000691, 1, 3748.55600000000004, 24.54894163484526004, 3737.5740000000000691, 1, 3748.55600000000004, 37.260745791010691619, 3737.5740000000000691, 1
3748.6559999999999491, 46.524609918676127052, 3737.5790000000001783, 1, 3748.6559999999999491, 78.777768248671591778, 3737.5790000000001783, 1, 3748.6559999999999491, 28.299596147083043718, 3737.5790000000001783, 1, 3748.6559999999999491, 48.542556244594869952, 3737.5790000000001783, 1
3748.6570000000001528, 43.311591401841752713, 3737.5839999999998327, 1, 3748.6570000000001528, 74.018544255014532496, 3737.5839999999998327, 1, 3748.6570000000001528, 34.935960336147985572, 3737.5839999999998327, 1, 3748.6570000000001528, 51.998209765469482591, 3737.5839999999998327, 1
3748.7559999999998581, 45.427809057367625201, 3737.5900000000001455, 1, 3748.7559999999998581, 68.245901653939384346, 3737.5900000000001455, 1, 3748.7559999999998581, 40.719046006358119882, 3737.5900000000001455, 1, 3748.7559999999998581, 50.552893771917993604, 3737.5900000000001455, 1
3748.8049999999998363, 49.13803362511008288, 3737.5940000000000509, 1, 3748.8049999999998363, 63.151078294690307757, 3737.5940000000000509, 1, 3748.8049999999998363, 44.726631572149976535, 3737.5940000000000509, 1, 3748.8049999999998363, 46.545727327170354215, 3737.5940000000000509, 1
3748.80600000000004, 53.941166398256036985, 3737.5990000000001601, 1, 3748.80600000000004, 60.18446703908650619, 3737.5990000000001601, 1, 3748.80600000000004, 46.821353214074939331, 3737.5990000000001601, 1, 3748.80600000000004, 42.698497142248413638, 3737.5990000000001601, 1
3748.9050000000002001, 57.62570000670999093, 3737.6039999999998145, 1, 3748.9050000000002001, 59.022266947952616079, 3737.6039999999998145, 1, 3748.9050000000002001, 47.300036369407571613, 3737.6039999999998145, 1, 3748.9050000000002001, 39.704858140958769752, 3737.6039999999998145, 1
3748.9050000000002001, 59.803958867556815449, 3737.6100000000001273, 1, 3748.9050000000002001, 59.112313455571602105, 3737.6100000000001273, 1, 3748.9050000000002001, 46.822480768370731141, 3737.6100000000001273, 1, 3748.9050000000002001, 37.851493200336335576, 3737.6100000000001273, 1
3749.0070000000000618, 61.376369130020052012, 3737.6140000000000327, 1, 3749.0070000000000618, 59.972886501914842938, 3737.6140000000000327, 1, 3749.0070000000000618, 46.073394395495874676, 3737.6140000000000327, 1, 3749.0070000000000618, 37.303125062921566268, 3737.6140000000000327, 1
3749.0070000000000618, 61.237747298753355096, 3737.6199999999998909, 1, 3749.0070000000000618, 60.860138034840161936, 3737.6199999999998909, 1, 3749.0070000000000618, 45.228400840400752259, 3737.6199999999998909, 1, 3749.0070000000000618, 37.352503891209195785, 3737.6199999999998909, 1
3749.056999999999789, 60.630962018744071429, 3737.6239999999997963, 1, 3749.056999999999789, 61.614293686481843793, 3737.6239999999997963, 1, 3749.056999999999789, 44.62195728366695846, 3737.6239999999997963, 1, 3749.056999999999789, 37.818176581385998247, 3737.6239999999997963, 1
3749.1060000000002219, 59.213503432882987454, 3737.6289999999999054, 1, 3749.1060000000002219, 61.973183181857500301, 3737.6289999999999054, 1, 3749.1060000000002219, 44.154435715085931236, 3737.6289999999999054, 1, 3749.1060000000002219, 38.219616463561564501, 3737.6289999999999054, 1
3749.206000000000131, 59.364724130136174551, 3737.6340000000000146, 1, 3749.206000000000131, 62.302418361230749611, 3737.6340000000000146, 1, 3749.206000000000131, 44.197491079463631536, 3737.6340000000000146, 1, 3749.206000000000131, 38.867615831295154294, 3737.6340000000000146, 1
3749.2559999999998581, 58.283181342081128662, 3737.6399999999998727, 1, 3749.2559999999998581, 62.183679453810626114, 3737.6399999999998727, 1, 3749.2559999999998581, 44.121122227117595571, 3737.6399999999998727, 1, 3749.2559999999998581, 38.992138802718791624, 3737.6399999999998727, 1
3749.2559999999998581, 58.128632019926897101, 3737.6439999999997781, 1, 3749.2559999999998581, 62.084948675108705629, 3737.6439999999997781, 1, 3749.2559999999998581, 44.246481645967755014, 3737.6439999999997781, 1, 3749.2559999999998581, 39.127139653381895812, 3737.6439999999997781, 1
3749.3560000000002219, 58.121893654635513826, 3737.6489999999998872, 0, 3749.3560000000002219, 61.954410814224956994, 3737.6489999999998872, 1, 3749.3560000000002219, 44.375360057622920351, 3737.6489999999998872, 1, 3749.3560000000002219, 39.139001561195236434, 3737.6489999999998872, 0
3749.3569999999999709, 58.197612647564838539, 3737.6539999999999964, 0, 3749.3569999999999709, 61.840732503898749428, 3737.6539999999999964, 1, 3749.3569999999999709, 44.47265505043814926, 3737.6539999999999964, 1, 3749.3569999999999709, 39.080032164576380183, 3737.6539999999999964, 0
3749.4059999999999491, 59.035427084201927528, 3737.6579999999999018, 0, 3749.4059999999999491, 61.902676106106298448, 3737.6579999999999018, 1, 3749.4059999999999491, 44.653249734136757354, 3737.6579999999999018, 1, 3749.4059999999999491, 39.185805184937507306, 3737.6579999999999018, 0
3749.456000000000131, 58.385076771213306301, 3737.6640000000002146, 0, 3749.456000000000131, 61.730497191971259952, 3737.6640000000002146, 1, 3749.456000000000131, 44.545899215082059186, 3737.6640000000002146, 1, 3749.456000000000131, 38.927678352056986455, 3737.6640000000002146, 0
3749.55600000000004, 58.443888499883954069, 3737.668999999999869, 0, 3749.55600000000004, 61.725988884662584155, 3737.668999999999869, 1, 3749.55600000000004, 44.539237384427835309, 3737.668999999999869, 1, 3749.55600000000004, 38.877876292111480439, 3737.668999999999869, 0
3749.6060000000002219, 58.472363638524257112, 3737.6750000000001819, 0, 3749.6060000000002219, 61.739012192512063848, 3737.6750000000001819, 1, 3749.6060000000002219, 44.521419513470007701, 3737.6750000000001819, 1, 3749.6060000000002219, 38.853665053719922184, 3737.6750000000001819, 0
3749.6060000000002219, 58.47739049337792494, 3737.6790000000000873, 0, 3749.6060000000002219, 61.758056638866733579, 3737.6790000000000873, 1, 3749.6060000000002219, 44.502164770825700657, 3737.6790000000000873, 1, 3749.6060000000002219, 38.848698858757074959, 3737.6790000000000873, 0
3749.6610000000000582, 58.468486745251063041, 3737.6840000000001965, 0, 3749.6610000000000582, 61.775546601770216171, 3737.6840000000001965, 1, 3749.6610000000000582, 44.486805980040927011, 3737.6840000000001965, 1, 3749.6610000000000582, 38.855508144484574018, 3737.6840000000001965, 0
3749.7559999999998581, 59.18926529558707017, 3737.6889999999998508, 0, 3749.7559999999998581, 61.921102441034641117, 3737.6889999999998508, 1, 3749.7559999999998581, 44.604538135482883376, 3737.6889999999998508, 1, 3749.7559999999998581, 39.050261953562667827, 3737.6889999999998508, 0
3749.7559999999998581, 59.176426723201885238, 3737.6970000000001164, 0, 3749.7559999999998581, 61.927065094447854676, 3737.6970000000001164, 1, 3749.7559999999998581, 44.601237801529642013, 3737.6970000000001164, 1, 3749.7559999999998581, 39.06124599397749364, 3737.6970000000001164, 0
3749.80600000000004, 59.167158946198881608, 3737.7010000000000218, 0, 3749.80600000000004, 61.928379130954560594, 3737.7010000000000218, 1, 3749.80600000000004, 44.60177144835197538, 3737.7010000000000218, 1, 3749.80600000000004, 39.069219860337653927, 3737.7010000000000218, 0
3749.9050000000002001, 59.1622241859366369, 3737.7049999999999272, 0, 3749.9050000000002001, 61.926776809877665642, 3737.7049999999999272, 1, 3749.9050000000002001, 44.604091067586452368, 3737.7049999999999272, 1, 3749.9050000000002001, 39.073565188179095742, 3737.7049999999999272, 0
3749.9050000000002001, 59.161093093169938584, 3737.7080000000000837, 0, 3749.9050000000002001, 61.924188714339649664, 3737.7080000000000837, 1, 3749.9050000000002001, 44.606929039941420001, 3737.7080000000000837, 1, 3749.9050000000002001, 39.074861389389887734, 3737.7080000000000837, 0
3750.0070000000000618, 59.162106946111194361, 3737.7139999999999418, 0, 3750.0070000000000618, 61.921543244220458746, 3737.7139999999999418, 1, 3750.0070000000000618, 44.60916748542593524, 3737.7139999999999418, 1, 3750.0070000000000618, 39.074183233776494717, 3737.7139999999999418, 0
3750.0070000000000618, 59.164177320204217381, 3737.7190000000000509, 0, 3750.0070000000000618, 61.9197427088398058, 3737.7190000000000509, 1, 3750.0070000000000618, 44.610607158950060125, 3737.7190000000000509, 1, 3750.0070000000000618, 39.072627878355888242, 3737.7190000000000509, 0
3750.05600000000004, 59.166213240963358544, 3737.7240000000001601, 0, 3750.05600000000004, 61.918743249683068086, 3737.7240000000001601, 1, 3750.05600000000004, 44.61114651013194532, 3737.7240000000001601, 1, 3750.05600000000004, 39.070990425958306957, 3737.7240000000001601, 0
3750.1069999999999709, 58.433406187669703513, 3737.7280000000000655, 0, 3750.1069999999999709, 61.785133404981394278, 3737.7280000000000655, 1, 3750.1069999999999709, 44.484672587624743301, 3737.7280000000000655, 1, 3750.1069999999999709, 38.886319816659096205, 3737.7280000000000655, 0
3750.1559999999999491, 58.43442317225867555, 3737.7339999999999236, 0, 3750.1559999999999491, 61.785414912799026865, 3737.7339999999999236, 1, 3750.1559999999999491, 44.484295029702160207, 3737.7339999999999236, 1, 3750.1559999999999491, 38.885616737814004296, 3737.7339999999999236, 0
3750.2049999999999272, 59.168986291442521974, 3737.7390000000000327, 0, 3750.2049999999999272, 61.919039250092467341, 3737.7390000000000327, 1, 3750.2049999999999272, 44.610205029468730231, 3737.7390000000000327, 1, 3750.2049999999999272, 39.068690702726016184, 3737.7390000000000327, 0
, , 3737.7440000000001419, 0, , , 3737.7440000000001419, 1, , , 3737.7440000000001419, 1, , , 3737.7440000000001419, 0
, , 3737.75, 0, , , 3737.75, 1, , , 3737.75, 1, , , 3737.75, 0
, , 3737.7550000000001091, 0, , , 3737.7550000000001091, 1, , , 3737.7550000000001091, 1, , , 3737.7550000000001091, 0
, , 3737.7579999999998108, 0, , , 3737.7579999999998108, 1, , , 3737.7579999999998108, 1, , , 3737.7579999999998108, 0
, , 3737.7640000000001237, 0, , , 3737.7640000000001237, 1, , , 3737.7640000000001237, 1, , , 3737.7640000000001237, 0
, , 3737.7689999999997781, 0, , , 3737.7689999999997781, 1, , , 3737.7689999999997781, 1, , , 3737.7689999999997781, 0
, , 3737.7739999999998872, 0, , , 3737.7739999999998872, 1, , , 3737.7739999999998872, 1, , , 3737.7739999999998872, 0
, , 3737.7789999999999964, 0, , , 3737.7789999999999964, 1, , , 3737.7789999999999964, 1, , , 3737.7789999999999964, 0
, , 3737.7849999999998545, 0, , , 3737.7849999999998545, 1, , , 3737.7849999999998545, 1, , , 3737.7849999999998545, 0
, , 3737.7890000000002146, 0, , , 3737.7890000000002146, 1, , , 3737.7890000000002146, 1, , , 3737.7890000000002146, 0
, , 3737.793999999999869, 0, , , 3737.793999999999869, 1, , , 3737.793999999999869, 1, , , 3737.793999999999869, 0
, , 3737.7989999999999782, 0, , , 3737.7989999999999782, 1, , , 3737.7989999999999782, 1, , , 3737.7989999999999782, 0
, , 3737.8040000000000873, 0, , , 3737.8040000000000873, 1, , , 3737.8040000000000873, 1, , , 3737.8040000000000873, 0
, , 3737.8099999999999454, 0, , , 3737.8099999999999454, 1, , , 3737.8099999999999454, 1, , , 3737.8099999999999454, 0
, , 3737.8139999999998508, 0, , , 3737.8139999999998508, 1, , , 3737.8139999999998508, 1, , , 3737.8139999999998508, 0
, , 3737.8200000000001637, 0, , , 3737.8200000000001637, 1, , , 3737.8200000000001637, 1, , , 3737.8200000000001637, 0
, , 3737.8240000000000691, 0, , , 3737.8240000000000691, 1, , , 3737.8240000000000691, 1, , , 3737.8240000000000691, 0
, , 3737.8290000000001783, 0, , , 3737.8290000000001783, 1, , , 3737.8290000000001783, 1, , , 3737.8290000000001783, 0
, , 3737.8339999999998327, 0, , , 3737.8339999999998327, 1, , , 3737.8339999999998327, 1, , , 3737.8339999999998327, 0
, , 3737.8389999999999418, 0, , , 3737.8389999999999418, 1, , , 3737.8389999999999418, 1, , , 3737.8389999999999418, 0
, , 3737.8440000000000509, 0, , , 3737.8440000000000509, 1, , , 3737.8440000000000509, 1, , , 3737.8440000000000509, 0
, , 3737.8490000000001601, 0, , , 3737.8490000000001601, 1, , , 3737.8490000000001601, 1, , , 3737.8490000000001601, 0
, , 3737.8539999999998145, 0, , , 3737.8539999999998145, 1, , , 3737.8539999999998145, 1, , , 3737.8539999999998145, 0
, , 3737.8600000000001273, 0, , , 3737.8600000000001273, 1, , , 3737.8600000000001273, 1, , , 3737.8600000000001273, 0
, , 3737.8640000000000327, 0, , , 3737.8640000000000327, 1, , , 3737.8640000000000327, 1, , , 3737.8640000000000327, 0
, , 3737.8690000000001419, 0, , , 3737.8690000000001419, 1, , , 3737.8690000000001419, 1, , , 3737.8690000000001419, 0
, , 3737.8739999999997963, 0, , , 3737.8739999999997963, 1, , , 3737.8739999999997963, 1, , , 3737.8739999999997963, 0
, , 3737.8789999999999054, 0, , , 3737.8789999999999054, 1, , , 3737.8789999999999054, 1, , , 3737.8789999999999054, 0
, , 3737.8840000000000146, 0, , , 3737.8840000000000146, 1, , , 3737.8840000000000146, 1, , , 3737.8840000000000146, 0
, , 3737.8890000000001237, 0, , , 3737.8890000000001237, 1, , , 3737.8890000000001237, 1, , , 3737.8890000000001237, 0
, , 3737.8949999999999818, 0, , , 3737.8949999999999818, 1, , , 3737.8949999999999818, 1, , , 3737.8949999999999818, 0
, , 3737.8989999999998872, 0, , , 3737.8989999999998872, 1, , , 3737.8989999999998872, 1, , , 3737.8989999999998872, 0
, , 3737.9039999999999964, 1, , , 3737.9039999999999964, 1, , , 3737.9039999999999964, 1, , , 3737.9039999999999964, 1
, , 3737.9090000000001055, 1, , , 3737.9090000000001055, 1, , , 3737.9090000000001055, 1, , , 3737.9090000000001055, 1
, , 3737.9149999999999636, 1, , , 3737.9149999999999636, 1, , , 3737.9149999999999636, 1, , , 3737.9149999999999636, 1
, , 3737.918999999999869, 1, , , 3737.918999999999869, 1, , , 3737.918999999999869, 1, , , 3737.918999999999869, 1
, , 3737.9239999999999782, 1, , , 3737.9239999999999782, 1, , , 3737.9239999999999782, 1, , , 3737.9239999999999782, 1
, , 3737.9290000000000873, 1, , , 3737.9290000000000873, 1, , , 3737.9290000000000873, 1, , , 3737.9290000000000873, 1
, , 3737.9340000000001965, 1, , , 3737.9340000000001965, 1, , , 3737.9340000000001965, 1, , , 3737.9340000000001965, 1
, , 3737.9389999999998508, 1, , , 3737.9389999999998508, 1, , , 3737.9389999999998508, 1, , , 3737.9389999999998508, 1
, , 3737.9450000000001637, 1, , , 3737.9450000000001637, 1, , , 3737.9450000000001637, 1, , , 3737.9450000000001637, 1
, , 3737.9490000000000691, 1, , , 3737.9490000000000691, 1, , , 3737.9490000000000691, 1, , , 3737.9490000000000691, 1
, , 3737.9540000000001783, 1, , , 3737.9540000000001783, 1, , , 3737.9540000000001783, 1, , , 3737.9540000000001783, 1
, , 3737.9589999999998327, 1, , , 3737.9589999999998327, 1, , , 3737.9589999999998327, 1, , , 3737.9589999999998327, 1
, , 3737.9639999999999418, 1, , , 3737.9639999999999418, 1, , , 3737.9639999999999418, 1, , , 3737.9639999999999418, 1
, , 3737.9690000000000509, 1, , , 3737.9690000000000509, 1, , , 3737.9690000000000509, 1, , , 3737.9690000000000509, 1
, , 3737.9749999999999091, 1, , , 3737.9749999999999091, 0, , , 3737.9749999999999091, 0, , , 3737.9749999999999091, 1
, , 3737.9800000000000182, 1, , , 3737.9800000000000182, 0, , , 3737.9800000000000182, 0, , , 3737.9800000000000182, 1
, , 3737.9850000000001273, 1, , , 3737.9850000000001273, 0, , , 3737.9850000000001273, 0, , , 3737.9850000000001273, 1
, , 3737.9890000000000327, 1, , , 3737.9890000000000327, 0, , , 3737.9890000000000327, 0, , , 3737.9890000000000327, 1
, , 3737.9940000000001419, 1, , , 3737.9940000000001419, 0, , , 3737.9940000000001419, 0, , , 3737.9940000000001419, 1
, , 3738, 1, , , 3738, 0, , , 3738, 0, , , 3738, 1
, , 3738.0039999999999054, 1, , , 3738.0039999999999054, 0, , , 3738.0039999999999054, 0, , , 3738.0039999999999054, 1
, , 3738.0090000000000146, 1, , , 3738.0090000000000146, 0, , , 3738.0090000000000146, 0, , , 3738.0090000000000146, 1
, , 3738.0140000000001237, 1, , , 3738.0140000000001237, 0, , , 3738.0140000000001237, 0, , , 3738.0140000000001237, 1
, , 3738.0230000000001382, 1, , , 3738.0230000000001382, 0, , , 3738.0230000000001382, 0, , , 3738.0230000000001382, 1
, , 3738.0250000000000909, 1, , , 3738.0250000000000909, 0, , , 3738.0250000000000909, 0, , , 3738.0250000000000909, 1
, , 3738.0289999999999964, 1, , , 3738.0289999999999964, 0, , , 3738.0289999999999964, 0, , , 3738.0289999999999964, 1
, , 3738.0340000000001055, 1, , , 3738.0340000000001055, 0, , , 3738.0340000000001055, 0, , , 3738.0340000000001055, 1
, , 3738.0390000000002146, 1, , , 3738.0390000000002146, 0, , , 3738.0390000000002146, 0, , , 3738.0390000000002146, 1
, , 3738.0430000000001201, 1, , , 3738.0430000000001201, 0, , , 3738.0430000000001201, 0, , , 3738.0430000000001201, 1
, , 3738.0500000000001819, 1, , , 3738.0500000000001819, 0, , , 3738.0500000000001819, 0, , , 3738.0500000000001819, 1
, , 3738.0540000000000873, 1, , , 3738.0540000000000873, 0, , , 3738.0540000000000873, 0, , , 3738.0540000000000873, 1
, , 3738.0590000000001965, 1, , , 3738.0590000000001965, 0, , , 3738.0590000000001965, 0, , , 3738.0590000000001965, 1
, , 3738.0639999999998508, 1, , , 3738.0639999999998508, 0, , , 3738.0639999999998508, 0, , , 3738.0639999999998508, 1
, , 3738.0700000000001637, 1, , , 3738.0700000000001637, 0, , , 3738.0700000000001637, 0, , , 3738.0700000000001637, 1
, , 3738.0740000000000691, 1, , , 3738.0740000000000691, 0, , , 3738.0740000000000691, 0, , , 3738.0740000000000691, 1
, , 3738.0799999999999272, 1, , , 3738.0799999999999272, 0, , , 3738.0799999999999272, 0, , , 3738.0799999999999272, 1
, , 3738.0839999999998327, 1, , , 3738.0839999999998327, 0, , , 3738.0839999999998327, 0, , , 3738.0839999999998327, 1
, , 3738.0889999999999418, 1, , , 3738.0889999999999418, 0, , , 3738.0889999999999418, 0, , , 3738.0889999999999418, 1
, , 3738.0940000000000509, 1, , , 3738.0940000000000509, 0, , , 3738.0940000000000509, 0, , , 3738.0940000000000509, 1
, , 3738.0990000000001601, 1, , , 3738.0990000000001601, 0, , , 3738.0990000000001601, 0, , , 3738.0990000000001601, 1
, , 3738.1050000000000182, 1, , , 3738.1050000000000182, 0, , , 3738.1050000000000182, 0, , , 3738.1050000000000182, 1
, , 3738.1089999999999236, 1, , , 3738.1089999999999236, 0, , , 3738.1089999999999236, 0, , , 3738.1089999999999236, 1
, , 3738.1159999999999854, 1, , , 3738.1159999999999854, 0, , , 3738.1159999999999854, 0, , , 3738.1159999999999854, 1
, , 3738.1190000000001419, 1, , , 3738.1190000000001419, 0, , , 3738.1190000000001419, 0, , , 3738.1190000000001419, 1
, , 3738.1239999999997963, 1, , , 3738.1239999999997963, 0, , , 3738.1239999999997963, 0, , , 3738.1239999999997963, 1
, , 3738.1289999999999054, 1, , , 3738.1289999999999054, 0, , , 3738.1289999999999054, 0, , , 3738.1289999999999054, 1
, , 3738.1350000000002183, 1, , , 3738.1350000000002183, 0, , , 3738.1350000000002183, 0, , , 3738.1350000000002183, 1
, , 3738.1390000000001237, 1, , , 3738.1390000000001237, 0, , , 3738.1390000000001237, 0, , , 3738.1390000000001237, 1
, , 3738.1439999999997781, 1, , , 3738.1439999999997781, 0, , , 3738.1439999999997781, 0, , , 3738.1439999999997781, 1
, , 3738.1489999999998872, 1, , , 3738.1489999999998872, 0, , , 3738.1489999999998872, 0, , , 3738.1489999999998872, 1
, , 3738.1539999999999964, 1, , , 3738.1539999999999964, 0, , , 3738.1539999999999964, 0, , , 3738.1539999999999964, 1
, , 3738.1599999999998545, 1, , , 3738.1599999999998545, 0, , , 3738.1599999999998545, 0, , , 3738.1599999999998545, 1
, , 3738.1649999999999636, 1, , , 3738.1649999999999636, 0, , , 3738.1649999999999636, 0, , , 3738.1649999999999636, 1
, , 3738.1700000000000728, 1, , , 3738.1700000000000728, 0, , , 3738.1700000000000728, 0, , , 3738.1700000000000728, 1
, , 3738.1739999999999782, 1, , , 3738.1739999999999782, 0, , , 3738.1739999999999782, 0, , , 3738.1739999999999782, 1
, , 3738.1790000000000873, 1, , , 3738.1790000000000873, 0, , , 3738.1790000000000873, 0, , , 3738.1790000000000873, 1
, , 3738.1840000000001965, 1, , , 3738.1840000000001965, 0, , , 3738.1840000000001965, 0, , , 3738.1840000000001965, 1
, , 3738.1889999999998508, 1, , , 3738.1889999999998508, 0, , , 3738.1889999999998508, 0, , , 3738.1889999999998508, 1
, , 3738.193000000000211, 1, , , 3738.193000000000211, 0, , , 3738.193000000000211, 0, , , 3738.193000000000211, 1
, , 3738.1990000000000691, 1, , , 3738.1990000000000691, 0, , , 3738.1990000000000691, 0, , , 3738.1990000000000691, 1
, , 3738.2049999999999272, 1, , , 3738.2049999999999272, 0, , , 3738.2049999999999272, 0, , , 3738.2049999999999272, 1
, , 3738.2100000000000364, 1, , , 3738.2100000000000364, 0, , , 3738.2100000000000364, 0, , , 3738.2100000000000364, 1
, , 3738.2139999999999418, 1, , , 3738.2139999999999418, 0, , , 3738.2139999999999418, 0, , , 3738.2139999999999418, 1
, , 3738.2190000000000509, 1, , , 3738.2190000000000509, 0, , , 3738.2190000000000509, 0, , , 3738.2190000000000509, 1
, , 3738.2240000000001601, 1, , , 3738.2240000000001601, 0, , , 3738.2240000000001601, 0, , , 3738.2240000000001601, 1
, , 3738.2289999999998145, 1, , , 3738.2289999999998145, 1, , , 3738.2289999999998145, 1, , , 3738.2289999999998145, 1
, , 3738.2339999999999236, 1, , , 3738.2339999999999236, 1, , , 3738.2339999999999236, 1, , , 3738.2339999999999236, 1
, , 3738.2390000000000327, 1, , , 3738.2390000000000327, 1, , , 3738.2390000000000327, 1, , , 3738.2390000000000327, 1
, , 3738.2449999999998909, 1, , , 3738.2449999999998909, 1, , , 3738.2449999999998909, 1, , , 3738.2449999999998909, 1
, , 3738.2489999999997963, 1, , , 3738.2489999999997963, 1, , , 3738.2489999999997963, 1, , , 3738.2489999999997963, 1
, , 3738.2539999999999054, 1, , , 3738.2539999999999054, 1, , , 3738.2539999999999054, 1, , , 3738.2539999999999054, 1
, , 3738.2590000000000146, 1, , , 3738.2590000000000146, 1, , , 3738.2590000000000146, 1, , , 3738.2590000000000146, 1
, , 3738.2649999999998727, 1, , , 3738.2649999999998727, 1, , , 3738.2649999999998727, 1, , , 3738.2649999999998727, 1
, , 3738.2710000000001855, 1, , , 3738.2710000000001855, 1, , , 3738.2710000000001855, 1, , , 3738.2710000000001855, 1
, , 3738.2750000000000909, 1, , , 3738.2750000000000909, 1, , , 3738.2750000000000909, 1, , , 3738.2750000000000909, 1
, , 3738.2800000000002001, 1, , , 3738.2800000000002001, 1, , , 3738.2800000000002001, 1, , , 3738.2800000000002001, 1
, , 3738.2840000000001055, 1, , , 3738.2840000000001055, 1, , , 3738.2840000000001055, 1, , , 3738.2840000000001055, 1
, , 3738.2890000000002146, 1, , , 3738.2890000000002146, 1, , , 3738.2890000000002146, 1, , , 3738.2890000000002146, 1
, , 3738.293999999999869, 1, , , 3738.293999999999869, 1, , , 3738.293999999999869, 1, , , 3738.293999999999869, 1
, , 3738.2989999999999782, 1, , , 3738.2989999999999782, 1, , , 3738.2989999999999782, 1, , , 3738.2989999999999782, 1
, , 3738.3049999999998363, 0, , , 3738.3049999999998363, 1, , , 3738.3049999999998363, 1, , , 3738.3049999999998363, 0
, , 3738.3090000000001965, 0, , , 3738.3090000000001965, 1, , , 3738.3090000000001965, 1, , , 3738.3090000000001965, 0
, , 3738.3139999999998508, 0, , , 3738.3139999999998508, 1, , , 3738.3139999999998508, 1, , , 3738.3139999999998508, 0
, , 3738.31899999999996, 0, , , 3738.31899999999996, 1, , , 3738.31899999999996, 1, , , 3738.31899999999996, 0
, , 3738.3240000000000691, 0, , , 3738.3240000000000691, 1, , , 3738.3240000000000691, 1, , , 3738.3240000000000691, 0
, , 3738.3319999999998799, 0, , , 3738.3319999999998799, 1, , , 3738.3319999999998799, 1, , , 3738.3319999999998799, 0
, , 3738.3319999999998799, 0, , , 3738.3319999999998799, 1, , , 3738.3319999999998799, 1, , , 3738.3319999999998799, 0
, , 3738.3380000000001928, 0, , , 3738.3380000000001928, 1, , , 3738.3380000000001928, 1, , , 3738.3380000000001928, 0
, , 3738.3440000000000509, 0, , , 3738.3440000000000509, 1, , , 3738.3440000000000509, 1, , , 3738.3440000000000509, 0
, , 3738.3490000000001601, 0, , , 3738.3490000000001601, 1, , , 3738.3490000000001601, 1, , , 3738.3490000000001601, 0
, , 3738.3550000000000182, 0, , , 3738.3550000000000182, 1, , , 3738.3550000000000182, 1, , , 3738.3550000000000182, 0
, , 3738.3600000000001273, 0, , , 3738.3600000000001273, 1, , , 3738.3600000000001273, 1, , , 3738.3600000000001273, 0
, , 3738.3640000000000327, 0, , , 3738.3640000000000327, 1, , , 3738.3640000000000327, 1, , , 3738.3640000000000327, 0
, , 3738.3690000000001419, 0, , , 3738.3690000000001419, 1, , , 3738.3690000000001419, 1, , , 3738.3690000000001419, 0
, , 3738.3739999999997963, 0, , , 3738.3739999999997963, 1, , , 3738.3739999999997963, 1, , , 3738.3739999999997963, 0
, , 3738.3789999999999054, 0, , , 3738.3789999999999054, 1, , , 3738.3789999999999054, 1, , , 3738.3789999999999054, 0
, , 3738.3840000000000146, 0, , , 3738.3840000000000146, 1, , , 3738.3840000000000146, 1, , , 3738.3840000000000146, 0
, , 3738.3899999999998727, 0, , , 3738.3899999999998727, 1, , , 3738.3899999999998727, 1, , , 3738.3899999999998727, 0
, , 3738.3939999999997781, 0, , , 3738.3939999999997781, 1, , , 3738.3939999999997781, 1, , , 3738.3939999999997781, 0
, , 3738.3989999999998872, 0, , , 3738.3989999999998872, 1, , , 3738.3989999999998872, 1, , , 3738.3989999999998872, 0
, , 3738.4050000000002001, 0, , , 3738.4050000000002001, 1, , , 3738.4050000000002001, 1, , , 3738.4050000000002001, 0
, , 3738.4099999999998545, 0, , , 3738.4099999999998545, 1, , , 3738.4099999999998545, 1, , , 3738.4099999999998545, 0
, , 3738.4149999999999636, 0, , , 3738.4149999999999636, 1, , , 3738.4149999999999636, 1, , , 3738.4149999999999636, 0
, , 3738.418999999999869, 0, , , 3738.418999999999869, 1, , , 3738.418999999999869, 1, , , 3738.418999999999869, 0
, , 3738.4250000000001819, 0, , , 3738.4250000000001819, 1, , , 3738.4250000000001819, 1, , , 3738.4250000000001819, 0
, , 3738.4290000000000873, 0, , , 3738.4290000000000873, 1, , , 3738.4290000000000873, 1, , , 3738.4290000000000873, 0
, , 3738.4340000000001965, 0, , , 3738.4340000000001965, 1, , , 3738.4340000000001965, 1, , , 3738.4340000000001965, 0
, , 3738.4389999999998508, 0, , , 3738.4389999999998508, 1, , , 3738.4389999999998508, 1, , , 3738.4389999999998508, 0
, , 3738.44399999999996, 0, , , 3738.44399999999996, 1, , , 3738.44399999999996, 1, , , 3738.44399999999996, 0
, , 3738.4499999999998181, 0, , , 3738.4499999999998181, 1, , , 3738.4499999999998181, 1, , , 3738.4499999999998181, 0
, , 3738.4540000000001783, 0, , , 3738.4540000000001783, 1, , , 3738.4540000000001783, 1, , , 3738.4540000000001783, 0
, , 3738.4600000000000364, 0, , , 3738.4600000000000364, 1, , , 3738.4600000000000364, 1, , , 3738.4600000000000364, 0
, , 3738.4639999999999418, 0, , , 3738.4639999999999418, 1, , , 3738.4639999999999418, 1, , , 3738.4639999999999418, 0
, , 3738.4690000000000509, 0, , , 3738.4690000000000509, 1, , , 3738.4690000000000509, 1, , , 3738.4690000000000509, 0
, , 3738.4740000000001601, 0, , , 3738.4740000000001601, 1, , , 3738.4740000000001601, 1, , , 3738.4740000000001601, 0
, , 3738.4789999999998145, 0, , , 3738.4789999999998145, 1, , , 3738.4789999999998145, 1, , , 3738.4789999999998145, 0
, , 3738.4839999999999236, 0, , , 3738.4839999999999236, 1, , , 3738.4839999999999236, 1, , , 3738.4839999999999236, 0
, , 3738.4890000000000327, 0, , , 3738.4890000000000327, 1, , , 3738.4890000000000327, 1, , , 3738.4890000000000327, 0
, , 3738.4940000000001419, 0, , , 3738.4940000000001419, 1, , , 3738.4940000000001419, 1, , , 3738.4940000000001419, 0
, , 3738.4989999999997963, 0, , , 3738.4989999999997963, 1, , , 3738.4989999999997963, 1, , , 3738.4989999999997963, 0
, , 3738.5059999999998581, 0, , , 3738.5059999999998581, 1, , , 3738.5059999999998581, 1, , , 3738.5059999999998581, 0
, , 3738.5090000000000146, 0, , , 3738.5090000000000146, 1, , , 3738.5090000000000146, 1, , , 3738.5090000000000146, 0
, , 3738.5149999999998727, 0, , , 3738.5149999999998727, 1, , , 3738.5149999999998727, 1, , , 3738.5149999999998727, 0
, , 3738.5199999999999818, 0, , , 3738.5199999999999818, 1, , , 3738.5199999999999818, 1, , , 3738.5199999999999818, 0
, , 3738.5250000000000909, 0, , , 3738.5250000000000909, 1, , , 3738.5250000000000909, 1, , , 3738.5250000000000909, 0
, , 3738.5289999999999964, 0, , , 3738.5289999999999964, 1, , , 3738.5289999999999964, 1, , , 3738.5289999999999964, 0
, , 3738.5329999999999018, 0, , , 3738.5329999999999018, 1, , , 3738.5329999999999018, 1, , , 3738.5329999999999018, 0
, , 3738.5399999999999636, 0, , , 3738.5399999999999636, 1, , , 3738.5399999999999636, 1, , , 3738.5399999999999636, 0
, , 3738.543999999999869, 0, , , 3738.543999999999869, 1, , , 3738.543999999999869, 1, , , 3738.543999999999869, 0
, , 3738.5489999999999782, 0, , , 3738.5489999999999782, 1, , , 3738.5489999999999782, 1, , , 3738.5489999999999782, 0
, , 3738.5540000000000873, 1, , , 3738.5540000000000873, 1, , , 3738.5540000000000873, 1, , , 3738.5540000000000873, 1
, , 3738.5590000000001965, 1, , , 3738.5590000000001965, 1, , , 3738.5590000000001965, 1, , , 3738.5590000000001965, 1
, , 3738.5659999999998035, 1, , , 3738.5659999999998035, 1, , , 3738.5659999999998035, 1, , , 3738.5659999999998035, 1
, , 3738.5700000000001637, 1, , , 3738.5700000000001637, 1, , , 3738.5700000000001637, 1, , , 3738.5700000000001637, 1
, , 3738.5749999999998181, 1, , , 3738.5749999999998181, 1, , , 3738.5749999999998181, 1, , , 3738.5749999999998181, 1
, , 3738.5790000000001783, 1, , , 3738.5790000000001783, 1, , , 3738.5790000000001783, 1, , , 3738.5790000000001783, 1
, , 3738.5850000000000364, 1, , , 3738.5850000000000364, 1, , , 3738.5850000000000364, 1, , , 3738.5850000000000364, 1
, , 3738.5889999999999418, 1, , , 3738.5889999999999418, 1, , , 3738.5889999999999418, 1, , , 3738.5889999999999418, 1
, , 3738.5940000000000509, 1, , , 3738.5940000000000509, 1, , , 3738.5940000000000509, 1, , , 3738.5940000000000509, 1
, , 3738.5990000000001601, 1, , , 3738.5990000000001601, 1, , , 3738.5990000000001601, 1, , , 3738.5990000000001601, 1
, , 3738.6039999999998145, 1, , , 3738.6039999999998145, 1, , , 3738.6039999999998145, 1, , , 3738.6039999999998145, 1
, , 3738.6089999999999236, 1, , , 3738.6089999999999236, 1, , , 3738.6089999999999236, 1, , , 3738.6089999999999236, 1
, , 3738.6140000000000327, 1, , , 3738.6140000000000327, 1, , , 3738.6140000000000327, 1, , , 3738.6140000000000327, 1
, , 3738.6190000000001419, 1, , , 3738.6190000000001419, 1, , , 3738.6190000000001419, 1, , , 3738.6190000000001419, 1
, , 3738.6239999999997963, 1, , , 3738.6239999999997963, 1, , , 3738.6239999999997963, 1, , , 3738.6239999999997963, 1
, , 3738.6289999999999054, 1, , , 3738.6289999999999054, 0, , , 3738.6289999999999054, 0, , , 3738.6289999999999054, 1
, , 3738.6340000000000146, 1, , , 3738.6340000000000146, 0, , , 3738.6340000000000146, 0, , , 3738.6340000000000146, 1
, , 3738.6399999999998727, 1, , , 3738.6399999999998727, 0, , , 3738.6399999999998727, 0, , , 3738.6399999999998727, 1
, , 3738.6439999999997781, 1, , , 3738.6439999999997781, 0, , , 3738.6439999999997781, 0, , , 3738.6439999999997781, 1
, , 3738.6489999999998872, 1, , , 3738.6489999999998872, 0, , , 3738.6489999999998872, 0, , , 3738.6489999999998872, 1
, , 3738.6550000000002001, 1, , , 3738.6550000000002001, 0, , , 3738.6550000000002001, 0, , , 3738.6550000000002001, 1
, , 3738.6590000000001055, 1, , , 3738.6590000000001055, 0, , , 3738.6590000000001055, 0, , , 3738.6590000000001055, 1
, , 3738.6660000000001673, 1, , , 3738.6660000000001673, 0, , , 3738.6660000000001673, 0, , , 3738.6660000000001673, 1
, , 3738.6700000000000728, 1, , , 3738.6700000000000728, 0, , , 3738.6700000000000728, 0, , , 3738.6700000000000728, 1
, , 3738.6739999999999782, 1, , , 3738.6739999999999782, 0, , , 3738.6739999999999782, 0, , , 3738.6739999999999782, 1
, , 3738.6790000000000873, 1, , , 3738.6790000000000873, 0, , , 3738.6790000000000873, 0, , , 3738.6790000000000873, 1
, , 3738.6849999999999454, 1, , , 3738.6849999999999454, 0, , , 3738.6849999999999454, 0, , , 3738.6849999999999454, 1
, , 3738.6889999999998508, 1, , , 3738.6889999999998508, 0, , , 3738.6889999999998508, 0, , , 3738.6889999999998508, 1
, , 3738.6950000000001637, 1, , , 3738.6950000000001637, 0, , , 3738.6950000000001637, 0, , , 3738.6950000000001637, 1
, , 3738.6990000000000691, 1, , , 3738.6990000000000691, 0, , , 3738.6990000000000691, 0, , , 3738.6990000000000691, 1
, , 3738.7049999999999272, 1, , , 3738.7049999999999272, 0, , , 3738.7049999999999272, 0, , , 3738.7049999999999272, 1
, , 3738.7089999999998327, 1, , , 3738.7089999999998327, 0, , , 3738.7089999999998327, 0, , , 3738.7089999999998327, 1
, , 3738.7150000000001455, 1, , , 3738.7150000000001455, 0, , , 3738.7150000000001455, 0, , , 3738.7150000000001455, 1
, , 3738.7190000000000509, 1, , , 3738.7190000000000509, 0, , , 3738.7190000000000509, 0, , , 3738.7190000000000509, 1
, , 3738.7249999999999091, 1, , , 3738.7249999999999091, 0, , , 3738.7249999999999091, 0, , , 3738.7249999999999091, 1
, , 3738.7300000000000182, 1, , , 3738.7300000000000182, 0, , , 3738.7300000000000182, 0, , , 3738.7300000000000182, 1
, , 3738.7350000000001273, 1, , , 3738.7350000000001273, 0, , , 3738.7350000000001273, 0, , , 3738.7350000000001273, 1
, , 3738.7390000000000327, 1, , , 3738.7390000000000327, 0, , , 3738.7390000000000327, 0, , , 3738.7390000000000327, 1
, , 3738.7440000000001419, 1, , , 3738.7440000000001419, 0, , , 3738.7440000000001419, 0, , , 3738.7440000000001419, 1
, , 3738.7489999999997963, 1, , , 3738.7489999999997963, 0, , , 3738.7489999999997963, 0, , , 3738.7489999999997963, 1
, , 3738.7539999999999054, 1, , , 3738.7539999999999054, 0, , , 3738.7539999999999054, 0, , , 3738.7539999999999054, 1
, , 3738.7590000000000146, 1, , , 3738.7590000000000146, 0, , , 3738.7590000000000146, 0, , , 3738.7590000000000146, 1
, , 3738.7649999999998727, 1, , , 3738.7649999999998727, 0, , , 3738.7649999999998727, 0, , , 3738.7649999999998727, 1
, , 3738.7689999999997781, 1, , , 3738.7689999999997781, 0, , , 3738.7689999999997781, 0, , , 3738.7689999999997781, 1
, , 3738.7739999999998872, 1, , , 3738.7739999999998872, 0, , , 3738.7739999999998872, 0, , , 3738.7739999999998872, 1
, , 3738.7789999999999964, 1, , , 3738.7789999999999964, 0, , , 3738.7789999999999964, 0, , , 3738.7789999999999964, 1
, , 3738.7840000000001055, 1, , , 3738.7840000000001055, 0, , , 3738.7840000000001055, 0, , , 3738.7840000000001055, 1
, , 3738.7890000000002146, 1, , , 3738.7890000000002146, 0, , , 3738.7890000000002146, 0, , , 3738.7890000000002146, 1
, , 3738.793999999999869, 1, , , 3738.793999999999869, 0, , , 3738.793999999999869, 0, , , 3738.793999999999869, 1
, , 3738.8000000000001819, 1, , , 3738.8000000000001819, 0, , , 3738.8000000000001819, 0, , , 3738.8000000000001819, 1
, , 3738.8049999999998363, 1, , , 3738.8049999999998363, 0, , , 3738.8049999999998363, 0, , , 3738.8049999999998363, 1
, , 3738.8110000000001492, 1, , , 3738.8110000000001492, 0, , , 3738.8110000000001492, 0, , , 3738.8110000000001492, 1
, , 3738.8150000000000546, 1, , , 3738.8150000000000546, 0, , , 3738.8150000000000546, 0, , , 3738.8150000000000546, 1
, , 3738.81899999999996, 1, , , 3738.81899999999996, 0, , , 3738.81899999999996, 0, , , 3738.81899999999996, 1
, , 3738.8249999999998181, 1, , , 3738.8249999999998181, 0, , , 3738.8249999999998181, 0, , , 3738.8249999999998181, 1
, , 3738.8290000000001783, 1, , , 3738.8290000000001783, 0, , , 3738.8290000000001783, 0, , , 3738.8290000000001783, 1
, , 3738.8339999999998327, 1, , , 3738.8339999999998327, 0, , , 3738.8339999999998327, 0, , , 3738.8339999999998327, 1
, , 3738.8389999999999418, 1, , , 3738.8389999999999418, 0, , , 3738.8389999999999418, 0, , , 3738.8389999999999418, 1
, , 3738.8460000000000036, 1, , , 3738.8460000000000036, 0, , , 3738.8460000000000036, 0, , , 3738.8460000000000036, 1
, , 3738.8499999999999091, 1, , , 3738.8499999999999091, 0, , , 3738.8499999999999091, 0, , , 3738.8499999999999091, 1
, , 3738.8539999999998145, 1, , , 3738.8539999999998145, 0, , , 3738.8539999999998145, 0, , , 3738.8539999999998145, 1
, , 3738.8600000000001273, 1, , , 3738.8600000000001273, 0, , , 3738.8600000000001273, 0, , , 3738.8600000000001273, 1
, , 3738.8640000000000327, 1, , , 3738.8640000000000327, 0, , , 3738.8640000000000327, 0, , , 3738.8640000000000327, 1
, , 3738.8690000000001419, 1, , , 3738.8690000000001419, 0, , , 3738.8690000000001419, 0, , , 3738.8690000000001419, 1
, , 3738.8739999999997963, 1, , , 3738.8739999999997963, 0, , , 3738.8739999999997963, 0, , , 3738.8739999999997963, 1
, , 3738.8789999999999054, 1, , , 3738.8789999999999054, 1, , , 3738.8789999999999054, 1, , , 3738.8789999999999054, 1
, , 3738.8840000000000146, 1, , , 3738.8840000000000146, 1, , , 3738.8840000000000146, 1, , , 3738.8840000000000146, 1
, , 3738.8890000000001237, 1, , , 3738.8890000000001237, 1, , , 3738.8890000000001237, 1, , , 3738.8890000000001237, 1
, , 3738.8939999999997781, 1, , , 3738.8939999999997781, 1, , , 3738.8939999999997781, 1, , , 3738.8939999999997781, 1
, , 3738.8989999999998872, 1, , , 3738.8989999999998872, 1, , , 3738.8989999999998872, 1, , , 3738.8989999999998872, 1
, , 3738.9039999999999964, 1, , , 3738.9039999999999964, 1, , , 3738.9039999999999964, 1, , , 3738.9039999999999964, 1
, , 3738.9090000000001055, 1, , , 3738.9090000000001055, 1, , , 3738.9090000000001055, 1, , , 3738.9090000000001055, 1
, , 3738.9140000000002146, 1, , , 3738.9140000000002146, 1, , , 3738.9140000000002146, 1, , , 3738.9140000000002146, 1
, , 3738.918999999999869, 1, , , 3738.918999999999869, 1, , , 3738.918999999999869, 1, , , 3738.918999999999869, 1
, , 3738.9239999999999782, 1, , , 3738.9239999999999782, 1, , , 3738.9239999999999782, 1, , , 3738.9239999999999782, 1
, , 3738.9290000000000873, 1, , , 3738.9290000000000873, 1, , , 3738.9290000000000873, 1, , , 3738.9290000000000873, 1
, , 3738.9329999999999927, 1, , , 3738.9329999999999927, 1, , , 3738.9329999999999927, 1, , , 3738.9329999999999927, 1
, , 3738.9389999999998508, 1, , , 3738.9389999999998508, 1, , , 3738.9389999999998508, 1, , , 3738.9389999999998508, 1
, , 3738.94399999999996, 1, , , 3738.94399999999996, 1, , , 3738.94399999999996, 1, , , 3738.94399999999996, 1
, , 3738.9490000000000691, 1, , , 3738.9490000000000691, 1, , , 3738.9490000000000691, 1, , , 3738.9490000000000691, 1
, , 3738.9540000000001783, 0, , , 3738.9540000000001783, 1, , , 3738.9540000000001783, 1, , , 3738.9540000000001783, 0
, , 3738.9589999999998327, 0, , , 3738.9589999999998327, 1, , , 3738.9589999999998327, 1, , , 3738.9589999999998327, 0
, , 3738.9639999999999418, 0, , , 3738.9639999999999418, 1, , , 3738.9639999999999418, 1, , , 3738.9639999999999418, 0
, , 3738.9690000000000509, 0, , , 3738.9690000000000509, 1, , , 3738.9690000000000509, 1, , , 3738.9690000000000509, 0
, , 3738.9729999999999563, 0, , , 3738.9729999999999563, 1, , , 3738.9729999999999563, 1, , , 3738.9729999999999563, 0
, , 3738.9789999999998145, 0, , , 3738.9789999999998145, 1, , , 3738.9789999999998145, 1, , , 3738.9789999999998145, 0
, , 3738.9839999999999236, 0, , , 3738.9839999999999236, 1, , , 3738.9839999999999236, 1, , , 3738.9839999999999236, 0
, , 3738.9890000000000327, 0, , , 3738.9890000000000327, 1, , , 3738.9890000000000327, 1, , , 3738.9890000000000327, 0
, , 3738.9949999999998909, 0, , , 3738.9949999999998909, 1, , , 3738.9949999999998909, 1, , , 3738.9949999999998909, 0
, , 3738.9989999999997963, 0, , , 3738.9989999999997963, 1, , , 3738.9989999999997963, 1, , , 3738.9989999999997963, 0
, , 3739.0039999999999054, 0, , , 3739.0039999999999054, 1, , , 3739.0039999999999054, 1, , , 3739.0039999999999054, 0
, , 3739.012000000000171, 0, , , 3739.012000000000171, 1, , , 3739.012000000000171, 1, , , 3739.012000000000171, 0
, , 3739.01299999999992, 0, , , 3739.01299999999992, 1, , , 3739.01299999999992, 1, , , 3739.01299999999992, 0
, , 3739.0199999999999818, 0, , , 3739.0199999999999818, 1, , , 3739.0199999999999818, 1, , , 3739.0199999999999818, 0
, , 3739.0239999999998872, 0, , , 3739.0239999999998872, 1, , , 3739.0239999999998872, 1, , , 3739.0239999999998872, 0
, , 3739.0300000000002001, 0, , , 3739.0300000000002001, 1, , , 3739.0300000000002001, 1, , , 3739.0300000000002001, 0
, , 3739.0340000000001055, 0, , , 3739.0340000000001055, 1, , , 3739.0340000000001055, 1, , , 3739.0340000000001055, 0
, , 3739.0390000000002146, 0, , , 3739.0390000000002146, 1, , , 3739.0390000000002146, 1, , , 3739.0390000000002146, 0
, , 3739.043999999999869, 0, , , 3739.043999999999869, 1, , , 3739.043999999999869, 1, , , 3739.043999999999869, 0
, , 3739.0489999999999782, 0, , , 3739.0489999999999782, 1, , , 3739.0489999999999782, 1, , , 3739.0489999999999782, 0
, , 3739.0540000000000873, 0, , , 3739.0540000000000873, 1, , , 3739.0540000000000873, 1, , , 3739.0540000000000873, 0
, , 3739.0599999999999454, 0, , , 3739.0599999999999454, 1, , , 3739.0599999999999454, 1, , , 3739.0599999999999454, 0
, , 3739.0639999999998508, 0, , , 3739.0639999999998508, 1, , , 3739.0639999999998508, 1, , , 3739.0639999999998508, 0
, , 3739.068000000000211, 0, , , 3739.068000000000211, 1, , , 3739.068000000000211, 1, , , 3739.068000000000211, 0
, , 3739.0729999999998654, 0, , , 3739.0729999999998654, 1, , , 3739.0729999999998654, 1, , , 3739.0729999999998654, 0
, , 3739.0790000000001783, 0, , , 3739.0790000000001783, 1, , , 3739.0790000000001783, 1, , , 3739.0790000000001783, 0
, , 3739.0839999999998327, 0, , , 3739.0839999999998327, 1, , , 3739.0839999999998327, 1, , , 3739.0839999999998327, 0
, , 3739.0889999999999418, 0, , , 3739.0889999999999418, 1, , , 3739.0889999999999418, 1, , , 3739.0889999999999418, 0
, , 3739.0940000000000509, 0, , , 3739.0940000000000509, 1, , , 3739.0940000000000509, 1, , , 3739.0940000000000509, 0
, , 3739.0990000000001601, 0, , , 3739.0990000000001601, 1, , , 3739.0990000000001601, 1, , , 3739.0990000000001601, 0
, , 3739.1039999999998145, 0, , , 3739.1039999999998145, 1, , , 3739.1039999999998145, 1, , , 3739.1039999999998145, 0
, , 3739.1089999999999236, 0, , , 3739.1089999999999236, 1, , , 3739.1089999999999236, 1, , , 3739.1089999999999236, 0
, , 3739.1140000000000327, 0, , , 3739.1140000000000327, 1, , , 3739.1140000000000327, 1, , , 3739.1140000000000327, 0
, , 3739.1190000000001419, 0, , , 3739.1190000000001419, 1, , , 3739.1190000000001419, 1, , , 3739.1190000000001419, 0
, , 3739.1239999999997963, 0, , , 3739.1239999999997963, 1, , , 3739.1239999999997963, 1, , , 3739.1239999999997963, 0
, , 3739.1300000000001091, 0, , , 3739.1300000000001091, 1, , , 3739.1300000000001091, 1, , , 3739.1300000000001091, 0
, , 3739.1340000000000146, 0, , , 3739.1340000000000146, 1, , , 3739.1340000000000146, 1, , , 3739.1340000000000146, 0
, , 3739.1390000000001237, 0, , , 3739.1390000000001237, 1, , , 3739.1390000000001237, 1, , , 3739.1390000000001237, 0
, , 3739.1430000000000291, 0, , , 3739.1430000000000291, 1, , , 3739.1430000000000291, 1, , , 3739.1430000000000291, 0
, , 3739.1489999999998872, 0, , , 3739.1489999999998872, 1, , , 3739.1489999999998872, 1, , , 3739.1489999999998872, 0
, , 3739.1539999999999964, 0, , , 3739.1539999999999964, 1, , , 3739.1539999999999964, 1, , , 3739.1539999999999964, 0
, , 3739.1590000000001055, 0, , , 3739.1590000000001055, 1, , , 3739.1590000000001055, 1, , , 3739.1590000000001055, 0
, , 3739.1640000000002146, 0, , , 3739.1640000000002146, 1, , , 3739.1640000000002146, 1, , , 3739.1640000000002146, 0
, , 3739.168999999999869, 0, , , 3739.168999999999869, 1, , , 3739.168999999999869, 1, , , 3739.168999999999869, 0
, , 3739.1750000000001819, 0, , , 3739.1750000000001819, 1, , , 3739.1750000000001819, 1, , , 3739.1750000000001819, 0
, , 3739.1790000000000873, 0, , , 3739.1790000000000873, 1, , , 3739.1790000000000873, 1, , , 3739.1790000000000873, 0
, , 3739.1849999999999454, 0, , , 3739.1849999999999454, 1, , , 3739.1849999999999454, 1, , , 3739.1849999999999454, 0
, , 3739.1889999999998508, 0, , , 3739.1889999999998508, 1, , , 3739.1889999999998508, 1, , , 3739.1889999999998508, 0
, , 3739.19399999999996, 0, , , 3739.19399999999996, 1, , , 3739.19399999999996, 1, , , 3739.19399999999996, 0
, , 3739.1990000000000691, 0, , , 3739.1990000000000691, 1, , , 3739.1990000000000691, 1, , , 3739.1990000000000691, 0
, , 3739.2040000000001783, 1, , , 3739.2040000000001783, 1, , , 3739.2040000000001783, 1, , , 3739.2040000000001783, 1
, , 3739.2089999999998327, 1, , , 3739.2089999999998327, 1, , , 3739.2089999999998327, 1, , , 3739.2089999999998327, 1
, , 3739.2139999999999418, 1, , , 3739.2139999999999418, 1, , , 3739.2139999999999418, 1, , , 3739.2139999999999418, 1
, , 3739.2199999999997999, 1, , , 3739.2199999999997999, 1, , , 3739.2199999999997999, 1, , , 3739.2199999999997999, 1
, , 3739.2240000000001601, 1, , , 3739.2240000000001601, 1, , , 3739.2240000000001601, 1, , , 3739.2240000000001601, 1
, , 3739.2289999999998145, 1, , , 3739.2289999999998145, 1, , , 3739.2289999999998145, 1, , , 3739.2289999999998145, 1
, , 3739.2339999999999236, 1, , , 3739.2339999999999236, 1, , , 3739.2339999999999236, 1, , , 3739.2339999999999236, 1
, , 3739.23700000000008, 1, , , 3739.23700000000008, 1, , , 3739.23700000000008, 1, , , 3739.23700000000008, 1
, , 3739.2440000000001419, 1, , , 3739.2440000000001419, 1, , , 3739.2440000000001419, 1, , , 3739.2440000000001419, 1
, , 3739.2489999999997963, 1, , , 3739.2489999999997963, 1, , , 3739.2489999999997963, 1, , , 3739.2489999999997963, 1
, , 3739.2539999999999054, 1, , , 3739.2539999999999054, 1, , , 3739.2539999999999054, 1, , , 3739.2539999999999054, 1
, , 3739.2590000000000146, 1, , , 3739.2590000000000146, 1, , , 3739.2590000000000146, 1, , , 3739.2590000000000146, 1
, , 3739.2640000000001237, 1, , , 3739.2640000000001237, 1, , , 3739.2640000000001237, 1, , , 3739.2640000000001237, 1
, , 3739.2689999999997781, 1, , , 3739.2689999999997781, 1, , , 3739.2689999999997781, 1, , , 3739.2689999999997781, 1
, , 3739.2739999999998872, 1, , , 3739.2739999999998872, 1, , , 3739.2739999999998872, 1, , , 3739.2739999999998872, 1
, , 3739.2800000000002001, 1, , , 3739.2800000000002001, 0, , , 3739.2800000000002001, 0, , , 3739.2800000000002001, 1
, , 3739.2849999999998545, 1, , , 3739.2849999999998545, 0, , , 3739.2849999999998545, 0, , , 3739.2849999999998545, 1
, , 3739.2890000000002146, 1, , , 3739.2890000000002146, 0, , , 3739.2890000000002146, 0, , , 3739.2890000000002146, 1
, , 3739.2950000000000728, 1, , , 3739.2950000000000728, 0, , , 3739.2950000000000728, 0, , , 3739.2950000000000728, 1
, , 3739.2989999999999782, 1, , , 3739.2989999999999782, 0, , , 3739.2989999999999782, 0, , , 3739.2989999999999782, 1
, , 3739.3040000000000873, 1, , , 3739.3040000000000873, 0, , , 3739.3040000000000873, 0, , , 3739.3040000000000873, 1
, , 3739.3090000000001965, 1, , , 3739.3090000000001965, 0, , , 3739.3090000000001965, 0, , , 3739.3090000000001965, 1
, , 3739.3139999999998508, 1, , , 3739.3139999999998508, 0, , , 3739.3139999999998508, 0, , , 3739.3139999999998508, 1
, , 3739.31899999999996, 1, , , 3739.31899999999996, 0, , , 3739.31899999999996, 0, , , 3739.31899999999996, 1
, , 3739.3240000000000691, 1, , , 3739.3240000000000691, 0, , , 3739.3240000000000691, 0, , , 3739.3240000000000691, 1
, , 3739.3290000000001783, 1, , , 3739.3290000000001783, 0, , , 3739.3290000000001783, 0, , , 3739.3290000000001783, 1
, , 3739.3339999999998327, 1, , , 3739.3339999999998327, 0, , , 3739.3339999999998327, 0, , , 3739.3339999999998327, 1
, , 3739.3389999999999418, 1, , , 3739.3389999999999418, 0, , , 3739.3389999999999418, 0, , , 3739.3389999999999418, 1
, , 3739.3449999999997999, 1, , , 3739.3449999999997999, 0, , , 3739.3449999999997999, 0, , , 3739.3449999999997999, 1
, , 3739.3490000000001601, 1, , , 3739.3490000000001601, 0, , , 3739.3490000000001601, 0, , , 3739.3490000000001601, 1
, , 3739.3539999999998145, 1, , , 3739.3539999999998145, 0, , , 3739.3539999999998145, 0, , , 3739.3539999999998145, 1
, , 3739.3589999999999236, 1, , , 3739.3589999999999236, 0, , , 3739.3589999999999236, 0, , , 3739.3589999999999236, 1
, , 3739.3640000000000327, 1, , , 3739.3640000000000327, 0, , , 3739.3640000000000327, 0, , , 3739.3640000000000327, 1
, , 3739.3699999999998909, 1, , , 3739.3699999999998909, 0, , , 3739.3699999999998909, 0, , , 3739.3699999999998909, 1
, , 3739.3739999999997963, 1, , , 3739.3739999999997963, 0, , , 3739.3739999999997963, 0, , , 3739.3739999999997963, 1
, , 3739.3789999999999054, 1, , , 3739.3789999999999054, 0, , , 3739.3789999999999054, 0, , , 3739.3789999999999054, 1
, , 3739.3840000000000146, 1, , , 3739.3840000000000146, 0, , , 3739.3840000000000146, 0, , , 3739.3840000000000146, 1
, , 3739.3899999999998727, 1, , , 3739.3899999999998727, 0, , , 3739.3899999999998727, 0, , , 3739.3899999999998727, 1
, , 3739.3939999999997781, 1, , , 3739.3939999999997781, 0, , , 3739.3939999999997781, 0, , , 3739.3939999999997781, 1
, , 3739.4000000000000909, 1, , , 3739.4000000000000909, 0, , , 3739.4000000000000909, 0, , , 3739.4000000000000909, 1
, , 3739.4029999999997926, 1, , , 3739.4029999999997926, 0, , , 3739.4029999999997926, 0, , , 3739.4029999999997926, 1
, , 3739.4090000000001055, 1, , , 3739.4090000000001055, 0, , , 3739.4090000000001055, 0, , , 3739.4090000000001055, 1
, , 3739.4140000000002146, 1, , , 3739.4140000000002146, 0, , , 3739.4140000000002146, 0, , , 3739.4140000000002146, 1
, , 3739.418999999999869, 1, , , 3739.418999999999869, 0, , , 3739.418999999999869, 0, , , 3739.418999999999869, 1
, , 3739.4239999999999782, 1, , , 3739.4239999999999782, 0, , , 3739.4239999999999782, 0, , , 3739.4239999999999782, 1
, , 3739.4290000000000873, 1, , , 3739.4290000000000873, 0, , , 3739.4290000000000873, 0, , , 3739.4290000000000873, 1
, , 3739.4340000000001965, 1, , , 3739.4340000000001965, 0, , , 3739.4340000000001965, 0, , , 3739.4340000000001965, 1
, , 3739.4389999999998508, 1, , , 3739.4389999999998508, 0, , , 3739.4389999999998508, 0, , , 3739.4389999999998508, 1
, , 3739.44399999999996, 1, , , 3739.44399999999996, 0, , , 3739.44399999999996, 0, , , 3739.44399999999996, 1
, , 3739.4499999999998181, 1, , , 3739.4499999999998181, 0, , , 3739.4499999999998181, 0, , , 3739.4499999999998181, 1
, , 3739.4540000000001783, 1, , , 3739.4540000000001783, 0, , , 3739.4540000000001783, 0, , , 3739.4540000000001783, 1
, , 3739.4589999999998327, 1, , , 3739.4589999999998327, 0, , , 3739.4589999999998327, 0, , , 3739.4589999999998327, 1
, , 3739.4630000000001928, 1, , , 3739.4630000000001928, 0, , , 3739.4630000000001928, 0, , , 3739.4630000000001928, 1
, , 3739.4720000000002074, 1, , , 3739.4720000000002074, 0, , , 3739.4720000000002074, 0, , , 3739.4720000000002074, 1
, , 3739.4740000000001601, 1, , , 3739.4740000000001601, 0, , , 3739.4740000000001601, 0, , , 3739.4740000000001601, 1
, , 3739.4800000000000182, 1, , , 3739.4800000000000182, 0, , , 3739.4800000000000182, 0, , , 3739.4800000000000182, 1
, , 3739.4839999999999236, 1, , , 3739.4839999999999236, 0, , , 3739.4839999999999236, 0, , , 3739.4839999999999236, 1
, , 3739.4890000000000327, 1, , , 3739.4890000000000327, 0, , , 3739.4890000000000327, 0, , , 3739.4890000000000327, 1
, , 3739.4940000000001419, 1, , , 3739.4940000000001419, 0, , , 3739.4940000000001419, 0, , , 3739.4940000000001419, 1
, , 3739.4989999999997963, 1, , , 3739.4989999999997963, 0, , , 3739.4989999999997963, 0, , , 3739.4989999999997963, 1
, , 3739.5030000000001564, 1, , , 3739.5030000000001564, 0, , , 3739.5030000000001564, 0, , , 3739.5030000000001564, 1
, , 3739.5090000000000146, 1, , , 3739.5090000000000146, 0, , , 3739.5090000000000146, 0, , , 3739.5090000000000146, 1
, , 3739.5140000000001237, 1, , , 3739.5140000000001237, 0, , , 3739.5140000000001237, 0, , , 3739.5140000000001237, 1
, , 3739.5199999999999818, 1, , , 3739.5199999999999818, 0, , , 3739.5199999999999818, 0, , , 3739.5199999999999818, 1
, , 3739.5239999999998872, 1, , , 3739.5239999999998872, 0, , , 3739.5239999999998872, 0, , , 3739.5239999999998872, 1
, , 3739.5289999999999964, 1, , , 3739.5289999999999964, 1, , , 3739.5289999999999964, 1, , , 3739.5289999999999964, 1
, , 3739.5340000000001055, 1, , , 3739.5340000000001055, 1, , , 3739.5340000000001055, 1, , , 3739.5340000000001055, 1
, , 3739.5399999999999636, 1, , , 3739.5399999999999636, 1, , , 3739.5399999999999636, 1, , , 3739.5399999999999636, 1
, , 3739.543999999999869, 1, , , 3739.543999999999869, 1, , , 3739.543999999999869, 1, , , 3739.543999999999869, 1
, , 3739.5489999999999782, 1, , , 3739.5489999999999782, 1, , , 3739.5489999999999782, 1, , , 3739.5489999999999782, 1
, , 3739.5540000000000873, 1, , , 3739.5540000000000873, 1, , , 3739.5540000000000873, 1, , , 3739.5540000000000873, 1
, , 3739.5590000000001965, 1, , , 3739.5590000000001965, 1, , , 3739.5590000000001965, 1, , , 3739.5590000000001965, 1
, , 3739.5639999999998508, 1, , , 3739.5639999999998508, 1, , , 3739.5639999999998508, 1, , , 3739.5639999999998508, 1
, , 3739.56899999999996, 1, , , 3739.56899999999996, 1, , , 3739.56899999999996, 1, , , 3739.56899999999996, 1
, , 3739.5740000000000691, 1, , , 3739.5740000000000691, 1, , , 3739.5740000000000691, 1, , , 3739.5740000000000691, 1
, , 3739.5799999999999272, 1, , , 3739.5799999999999272, 1, , , 3739.5799999999999272, 1, , , 3739.5799999999999272, 1
, , 3739.5839999999998327, 1, , , 3739.5839999999998327, 1, , , 3739.5839999999998327, 1, , , 3739.5839999999998327, 1
, , 3739.5889999999999418, 1, , , 3739.5889999999999418, 1, , , 3739.5889999999999418, 1, , , 3739.5889999999999418, 1
, , 3739.5949999999997999, 1, , , 3739.5949999999997999, 1, , , 3739.5949999999997999, 1, , , 3739.5949999999997999, 1
, , 3739.5990000000001601, 1, , , 3739.5990000000001601, 1, , , 3739.5990000000001601, 1, , , 3739.5990000000001601, 1
, , 3739.6039999999998145, 0, , , 3739.6039999999998145, 1, , , 3739.6039999999998145, 1, , , 3739.6039999999998145, 0
, , 3739.6089999999999236, 0, , , 3739.6089999999999236, 1, , , 3739.6089999999999236, 1, , , 3739.6089999999999236, 0
, , 3739.6149999999997817, 0, , , 3739.6149999999997817, 1, , , 3739.6149999999997817, 1, , , 3739.6149999999997817, 0
, , 3739.6190000000001419, 0, , , 3739.6190000000001419, 1, , , 3739.6190000000001419, 1, , , 3739.6190000000001419, 0
, , 3739.6230000000000473, 0, , , 3739.6230000000000473, 1, , , 3739.6230000000000473, 1, , , 3739.6230000000000473, 0
, , 3739.6289999999999054, 0, , , 3739.6289999999999054, 1, , , 3739.6289999999999054, 1, , , 3739.6289999999999054, 0
, , 3739.6340000000000146, 0, , , 3739.6340000000000146, 1, , , 3739.6340000000000146, 1, , , 3739.6340000000000146, 0
, , 3739.6390000000001237, 0, , , 3739.6390000000001237, 1, , , 3739.6390000000001237, 1, , , 3739.6390000000001237, 0
, , 3739.6439999999997781, 0, , , 3739.6439999999997781, 1, , , 3739.6439999999997781, 1, , , 3739.6439999999997781, 0
, , 3739.6489999999998872, 0, , , 3739.6489999999998872, 1, , , 3739.6489999999998872, 1, , , 3739.6489999999998872, 0
, , 3739.6539999999999964, 0, , , 3739.6539999999999964, 1, , , 3739.6539999999999964, 1, , , 3739.6539999999999964, 0
, , 3739.6590000000001055, 0, , , 3739.6590000000001055, 1, , , 3739.6590000000001055, 1, , , 3739.6590000000001055, 0
, , 3739.6640000000002146, 0, , , 3739.6640000000002146, 1, , , 3739.6640000000002146, 1, , , 3739.6640000000002146, 0
, , 3739.668999999999869, 0, , , 3739.668999999999869, 1, , , 3739.668999999999869, 1, , , 3739.668999999999869, 0
, , 3739.6750000000001819, 0, , , 3739.6750000000001819, 1, , , 3739.6750000000001819, 1, , , 3739.6750000000001819, 0
, , 3739.6790000000000873, 0, , , 3739.6790000000000873, 1, , , 3739.6790000000000873, 1, , , 3739.6790000000000873, 0
, , 3739.6840000000001965, 0, , , 3739.6840000000001965, 1, , , 3739.6840000000001965, 1, , , 3739.6840000000001965, 0
, , 3739.6900000000000546, 0, , , 3739.6900000000000546, 1, , , 3739.6900000000000546, 1, , , 3739.6900000000000546, 0
, , 3739.693000000000211, 0, , , 3739.693000000000211, 1, , , 3739.693000000000211, 1, , , 3739.693000000000211, 0
, , 3739.6999999999998181, 0, , , 3739.6999999999998181, 1, , , 3739.6999999999998181, 1, , , 3739.6999999999998181, 0
, , 3739.7049999999999272, 0, , , 3739.7049999999999272, 1, , , 3739.7049999999999272, 1, , , 3739.7049999999999272, 0
, , 3739.7089999999998327, 0, , , 3739.7089999999998327, 1, , , 3739.7089999999998327, 1, , , 3739.7089999999998327, 0
, , 3739.7139999999999418, 0, , , 3739.7139999999999418, 1, , , 3739.7139999999999418, 1, , , 3739.7139999999999418, 0
, , 3739.7190000000000509, 0, , , 3739.7190000000000509, 1, , , 3739.7190000000000509, 1, , , 3739.7190000000000509, 0
, , 3739.7249999999999091, 0, , , 3739.7249999999999091, 1, , , 3739.7249999999999091, 1, , , 3739.7249999999999091, 0
, , 3739.7289999999998145, 0, , , 3739.7289999999998145, 1, , , 3739.7289999999998145, 1, , , 3739.7289999999998145, 0
, , 3739.7350000000001273, 0, , , 3739.7350000000001273, 1, , , 3739.7350000000001273, 1, , , 3739.7350000000001273, 0
, , 3739.7390000000000327, 0, , , 3739.7390000000000327, 1, , , 3739.7390000000000327, 1, , , 3739.7390000000000327, 0
, , 3739.7399999999997817, 0, , , 3739.7399999999997817, 1, , , 3739.7399999999997817, 1, , , 3739.7399999999997817, 0
, , 3739.7489999999997963, 0, , , 3739.7489999999997963, 1, , , 3739.7489999999997963, 1, , , 3739.7489999999997963, 0
, , 3739.7539999999999054, 0, , , 3739.7539999999999054, 1, , , 3739.7539999999999054, 1, , , 3739.7539999999999054, 0
, , 3739.7590000000000146, 0, , , 3739.7590000000000146, 1, , , 3739.7590000000000146, 1, , , 3739.7590000000000146, 0
, , 3739.7640000000001237, 0, , , 3739.7640000000001237, 1, , , 3739.7640000000001237, 1, , , 3739.7640000000001237, 0
, , 3739.7689999999997781, 0, , , 3739.7689999999997781, 1, , , 3739.7689999999997781, 1, , , 3739.7689999999997781, 0
, , 3739.7739999999998872, 0, , , 3739.7739999999998872, 1, , , 3739.7739999999998872, 1, , , 3739.7739999999998872, 0
, , 3739.7789999999999964, 0, , , 3739.7789999999999964, 1, , , 3739.7789999999999964, 1, , , 3739.7789999999999964, 0
, , 3739.7840000000001055, 0, , , 3739.7840000000001055, 1, , , 3739.7840000000001055, 1, , , 3739.7840000000001055, 0
, , 3739.7890000000002146, 0, , , 3739.7890000000002146, 1, , , 3739.7890000000002146, 1, , , 3739.7890000000002146, 0
, , 3739.793999999999869, 0, , , 3739.793999999999869, 1, , , 3739.793999999999869, 1, , , 3739.793999999999869, 0
, , 3739.8000000000001819, 0, , , 3739.8000000000001819, 1, , , 3739.8000000000001819, 1, , , 3739.8000000000001819, 0
, , 3739.8040000000000873, 0, , , 3739.8040000000000873, 1, , , 3739.8040000000000873, 1, , , 3739.8040000000000873, 0
, , 3739.8090000000001965, 0, , , 3739.8090000000001965, 1, , , 3739.8090000000001965, 1, , , 3739.8090000000001965, 0
, , 3739.8139999999998508, 0, , , 3739.8139999999998508, 1, , , 3739.8139999999998508, 1, , , 3739.8139999999998508, 0
, , 3739.8209999999999127, 0, , , 3739.8209999999999127, 1, , , 3739.8209999999999127, 1, , , 3739.8209999999999127, 0
, , 3739.8249999999998181, 0, , , 3739.8249999999998181, 1, , , 3739.8249999999998181, 1, , , 3739.8249999999998181, 0
, , 3739.8290000000001783, 0, , , 3739.8290000000001783, 1, , , 3739.8290000000001783, 1, , , 3739.8290000000001783, 0
, , 3739.8350000000000364, 0, , , 3739.8350000000000364, 1, , , 3739.8350000000000364, 1, , , 3739.8350000000000364, 0
, , 3739.8389999999999418, 0, , , 3739.8389999999999418, 1, , , 3739.8389999999999418, 1, , , 3739.8389999999999418, 0
, , 3739.8449999999997999, 0, , , 3739.8449999999997999, 1, , , 3739.8449999999997999, 1, , , 3739.8449999999997999, 0
, , 3739.8490000000001601, 0, , , 3739.8490000000001601, 1, , , 3739.8490000000001601, 1, , , 3739.8490000000001601, 0
, , 3739.8539999999998145, 1, , , 3739.8539999999998145, 1, , , 3739.8539999999998145, 1, , , 3739.8539999999998145, 1
, , 3739.8589999999999236, 1, , , 3739.8589999999999236, 1, , , 3739.8589999999999236, 1, , , 3739.8589999999999236, 1
, , 3739.8649999999997817, 1, , , 3739.8649999999997817, 1, , , 3739.8649999999997817, 1, , , 3739.8649999999997817, 1
, , 3739.8690000000001419, 1, , , 3739.8690000000001419, 1, , , 3739.8690000000001419, 1, , , 3739.8690000000001419, 1
, , 3739.8739999999997963, 1, , , 3739.8739999999997963, 1, , , 3739.8739999999997963, 1, , , 3739.8739999999997963, 1
, , 3739.8789999999999054, 1, , , 3739.8789999999999054, 1, , , 3739.8789999999999054, 1, , , 3739.8789999999999054, 1
, , 3739.8840000000000146, 1, , , 3739.8840000000000146, 1, , , 3739.8840000000000146, 1, , , 3739.8840000000000146, 1
, , 3739.8899999999998727, 1, , , 3739.8899999999998727, 1, , , 3739.8899999999998727, 1, , , 3739.8899999999998727, 1
, , 3739.8939999999997781, 1, , , 3739.8939999999997781, 1, , , 3739.8939999999997781, 1, , , 3739.8939999999997781, 1
, , 3739.8989999999998872, 1, , , 3739.8989999999998872, 1, , , 3739.8989999999998872, 1, , , 3739.8989999999998872, 1
, , 3739.9050000000002001, 1, , , 3739.9050000000002001, 1, , , 3739.9050000000002001, 1, , , 3739.9050000000002001, 1
, , 3739.9090000000001055, 1, , , 3739.9090000000001055, 1, , , 3739.9090000000001055, 1, , , 3739.9090000000001055, 1
, , 3739.9140000000002146, 1, , , 3739.9140000000002146, 1, , , 3739.9140000000002146, 1, , , 3739.9140000000002146, 1
, , 3739.918999999999869, 1, , , 3739.918999999999869, 1, , , 3739.918999999999869, 1, , , 3739.918999999999869, 1
, , 3739.9239999999999782, 1, , , 3739.9239999999999782, 0, , , 3739.9239999999999782, 0, , , 3739.9239999999999782, 1
, , 3739.9299999999998363, 1, , , 3739.9299999999998363, 0, , , 3739.9299999999998363, 0, , , 3739.9299999999998363, 1
, , 3739.9349999999999454, 1, , , 3739.9349999999999454, 0, , , 3739.9349999999999454, 0, , , 3739.9349999999999454, 1
, , 3739.9389999999998508, 1, , , 3739.9389999999998508, 0, , , 3739.9389999999998508, 0, , , 3739.9389999999998508, 1
, , 3739.94399999999996, 1, , , 3739.94399999999996, 0, , , 3739.94399999999996, 0, , , 3739.94399999999996, 1
, , 3739.9490000000000691, 1, , , 3739.9490000000000691, 0, , , 3739.9490000000000691, 0, , , 3739.9490000000000691, 1
, , 3739.9540000000001783, 1, , , 3739.9540000000001783, 0, , , 3739.9540000000001783, 0, , , 3739.9540000000001783, 1
, , 3739.9589999999998327, 1, , , 3739.9589999999998327, 0, , , 3739.9589999999998327, 0, , , 3739.9589999999998327, 1
, , 3739.9670000000000982, 1, , , 3739.9670000000000982, 0, , , 3739.9670000000000982, 0, , , 3739.9670000000000982, 1
, , 3739.9699999999997999, 1, , , 3739.9699999999997999, 0, , , 3739.9699999999997999, 0, , , 3739.9699999999997999, 1
, , 3739.9749999999999091, 1, , , 3739.9749999999999091, 0, , , 3739.9749999999999091, 0, , , 3739.9749999999999091, 1
, , 3739.9789999999998145, 1, , , 3739.9789999999998145, 0, , , 3739.9789999999998145, 0, , , 3739.9789999999998145, 1
, , 3739.9839999999999236, 1, , , 3739.9839999999999236, 0, , , 3739.9839999999999236, 0, , , 3739.9839999999999236, 1
, , 3739.9890000000000327, 1, , , 3739.9890000000000327, 0, , , 3739.9890000000000327, 0, , , 3739.9890000000000327, 1
, , 3739.9940000000001419, 1, , , 3739.9940000000001419, 0, , , 3739.9940000000001419, 0, , , 3739.9940000000001419, 1
, , 3740.0010000000002037, 1, , , 3740.0010000000002037, 0, , , 3740.0010000000002037, 0, , , 3740.0010000000002037, 1
, , 3740.0050000000001091, 1, , , 3740.0050000000001091, 0, , , 3740.0050000000001091, 0, , , 3740.0050000000001091, 1
, , 3740.0100000000002183, 1, , , 3740.0100000000002183, 0, , , 3740.0100000000002183, 0, , , 3740.0100000000002183, 1
, , 3740.0149999999998727, 1, , , 3740.0149999999998727, 0, , , 3740.0149999999998727, 0, , , 3740.0149999999998727, 1
, , 3740.0189999999997781, 1, , , 3740.0189999999997781, 0, , , 3740.0189999999997781, 0, , , 3740.0189999999997781, 1
, , 3740.0239999999998872, 1, , , 3740.0239999999998872, 0, , , 3740.0239999999998872, 0, , , 3740.0239999999998872, 1
, , 3740.0309999999999491, 1, , , 3740.0309999999999491, 0, , , 3740.0309999999999491, 0, , , 3740.0309999999999491, 1
, , 3740.0340000000001055, 1, , , 3740.0340000000001055, 0, , , 3740.0340000000001055, 0, , , 3740.0340000000001055, 1
, , 3740.0390000000002146, 1, , , 3740.0390000000002146, 0, , , 3740.0390000000002146, 0, , , 3740.0390000000002146, 1
, , 3740.0450000000000728, 1, , , 3740.0450000000000728, 0, , , 3740.0450000000000728, 0, , , 3740.0450000000000728, 1
, , 3740.0489999999999782, 1, , , 3740.0489999999999782, 0, , , 3740.0489999999999782, 0, , , 3740.0489999999999782, 1
, , 3740.0540000000000873, 1, , , 3740.0540000000000873, 0, , , 3740.0540000000000873, 0, , , 3740.0540000000000873, 1
, , 3740.0590000000001965, 1, , , 3740.0590000000001965, 0, , , 3740.0590000000001965, 0, , , 3740.0590000000001965, 1
, , 3740.0650000000000546, 1, , , 3740.0650000000000546, 0, , , 3740.0650000000000546, 0, , , 3740.0650000000000546, 1
, , 3740.06899999999996, 1, , , 3740.06899999999996, 0, , , 3740.06899999999996, 0, , , 3740.06899999999996, 1
, , 3740.0740000000000691, 1, , , 3740.0740000000000691, 0, , , 3740.0740000000000691, 0, , , 3740.0740000000000691, 1
, , 3740.0790000000001783, 1, , , 3740.0790000000001783, 0, , , 3740.0790000000001783, 0, , , 3740.0790000000001783, 1
, , 3740.0839999999998327, 1, , , 3740.0839999999998327, 0, , , 3740.0839999999998327, 0, , , 3740.0839999999998327, 1
, , 3740.0889999999999418, 1, , , 3740.0889999999999418, 0, , , 3740.0889999999999418, 0, , , 3740.0889999999999418, 1
, , 3740.0940000000000509, 1, , , 3740.0940000000000509, 0, , , 3740.0940000000000509, 0, , , 3740.0940000000000509, 1
, , 3740.0999999999999091, 1, , , 3740.0999999999999091, 0, , , 3740.0999999999999091, 0, , , 3740.0999999999999091, 1
, , 3740.1039999999998145, 1, , , 3740.1039999999998145, 0, , , 3740.1039999999998145, 0, , , 3740.1039999999998145, 1
, , 3740.1100000000001273, 1, , , 3740.1100000000001273, 0, , , 3740.1100000000001273, 0, , , 3740.1100000000001273, 1
, , 3740.1140000000000327, 1, , , 3740.1140000000000327, 0, , , 3740.1140000000000327, 0, , , 3740.1140000000000327, 1
, , 3740.1190000000001419, 1, , , 3740.1190000000001419, 0, , , 3740.1190000000001419, 0, , , 3740.1190000000001419, 1
, , 3740.1239999999997963, 1, , , 3740.1239999999997963, 0, , , 3740.1239999999997963, 0, , , 3740.1239999999997963, 1
, , 3740.1289999999999054, 1, , , 3740.1289999999999054, 0, , , 3740.1289999999999054, 0, , , 3740.1289999999999054, 1
, , 3740.1340000000000146, 1, , , 3740.1340000000000146, 0, , , 3740.1340000000000146, 0, , , 3740.1340000000000146, 1
, , 3740.1399999999998727, 1, , , 3740.1399999999998727, 0, , , 3740.1399999999998727, 0, , , 3740.1399999999998727, 1
, , 3740.1439999999997781, 1, , , 3740.1439999999997781, 0, , , 3740.1439999999997781, 0, , , 3740.1439999999997781, 1
, , 3740.1489999999998872, 1, , , 3740.1489999999998872, 0, , , 3740.1489999999998872, 0, , , 3740.1489999999998872, 1
, , 3740.1539999999999964, 1, , , 3740.1539999999999964, 0, , , 3740.1539999999999964, 0, , , 3740.1539999999999964, 1
, , 3740.1590000000001055, 1, , , 3740.1590000000001055, 0, , , 3740.1590000000001055, 0, , , 3740.1590000000001055, 1
, , 3740.1640000000002146, 1, , , 3740.1640000000002146, 0, , , 3740.1640000000002146, 0, , , 3740.1640000000002146, 1
, , 3740.1709999999998217, 1, , , 3740.1709999999998217, 0, , , 3740.1709999999998217, 0, , , 3740.1709999999998217, 1
, , 3740.1739999999999782, 1, , , 3740.1739999999999782, 0, , , 3740.1739999999999782, 0, , , 3740.1739999999999782, 1
, , 3740.1790000000000873, 1, , , 3740.1790000000000873, 1, , , 3740.1790000000000873, 1, , , 3740.1790000000000873, 1
, , 3740.1840000000001965, 1, , , 3740.1840000000001965, 1, , , 3740.1840000000001965, 1, , , 3740.1840000000001965, 1
, , 3740.1889999999998508, 1, , , 3740.1889999999998508, 1, , , 3740.1889999999998508, 1, , , 3740.1889999999998508, 1
, , 3740.19399999999996, 1, , , 3740.19399999999996, 1, , , 3740.19399999999996, 1, , , 3740.19399999999996, 1
, , 3740.1990000000000691, 1, , , 3740.1990000000000691, 1, , , 3740.1990000000000691, 1, , , 3740.1990000000000691, 1
, , 3740.2049999999999272, 1, , , 3740.2049999999999272, 1, , , 3740.2049999999999272, 1, , , 3740.2049999999999272, 1
, , 3740.2089999999998327, 1, , , 3740.2089999999998327, 1, , , 3740.2089999999998327, 1, , , 3740.2089999999998327, 1
, , 3740.2139999999999418, 1, , , 3740.2139999999999418, 1, , , 3740.2139999999999418, 1, , , 3740.2139999999999418, 1
, , 3740.2190000000000509, 1, , , 3740.2190000000000509, 1, , , 3740.2190000000000509, 1, , , 3740.2190000000000509, 1
, , 3740.2240000000001601, 1, , , 3740.2240000000001601, 1, , , 3740.2240000000001601, 1, , , 3740.2240000000001601, 1
, , 3740.2289999999998145, 1, , , 3740.2289999999998145, 1, , , 3740.2289999999998145, 1, , , 3740.2289999999998145, 1
, , 3740.2350000000001273, 1, , , 3740.2350000000001273, 1, , , 3740.2350000000001273, 1, , , 3740.2350000000001273, 1
, , 3740.237999999999829, 1, , , 3740.237999999999829, 1, , , 3740.237999999999829, 1, , , 3740.237999999999829, 1
, , 3740.2440000000001419, 1, , , 3740.2440000000001419, 1, , , 3740.2440000000001419, 1, , , 3740.2440000000001419, 1
, , 3740.25, 0, , , 3740.25, 1, , , 3740.25, 1, , , 3740.25, 0
, , 3740.2539999999999054, 0, , , 3740.2539999999999054, 1, , , 3740.2539999999999054, 1, , , 3740.2539999999999054, 0
, , 3740.2600000000002183, 0, , , 3740.2600000000002183, 1, , , 3740.2600000000002183, 1, , , 3740.2600000000002183, 0
, , 3740.2640000000001237, 0, , , 3740.2640000000001237, 1, , , 3740.2640000000001237, 1, , , 3740.2640000000001237, 0
, , 3740.2689999999997781, 0, , , 3740.2689999999997781, 1, , , 3740.2689999999997781, 1, , , 3740.2689999999997781, 0
, , 3740.2750000000000909, 0, , , 3740.2750000000000909, 1, , , 3740.2750000000000909, 1, , , 3740.2750000000000909, 0
, , 3740.2789999999999964, 0, , , 3740.2789999999999964, 1, , , 3740.2789999999999964, 1, , , 3740.2789999999999964, 0
, , 3740.2840000000001055, 0, , , 3740.2840000000001055, 1, , , 3740.2840000000001055, 1, , , 3740.2840000000001055, 0
, , 3740.2890000000002146, 0, , , 3740.2890000000002146, 1, , , 3740.2890000000002146, 1, , , 3740.2890000000002146, 0
, , 3740.293999999999869, 0, , , 3740.293999999999869, 1, , , 3740.293999999999869, 1, , , 3740.293999999999869, 0
, , 3740.2989999999999782, 0, , , 3740.2989999999999782, 1, , , 3740.2989999999999782, 1, , , 3740.2989999999999782, 0
, , 3740.3049999999998363, 0, , , 3740.3049999999998363, 1, , , 3740.3049999999998363, 1, , , 3740.3049999999998363, 0
, , 3740.3090000000001965, 0, , , 3740.3090000000001965, 1, , , 3740.3090000000001965, 1, , , 3740.3090000000001965, 0
, , 3740.3130000000001019, 0, , , 3740.3130000000001019, 1, , , 3740.3130000000001019, 1, , , 3740.3130000000001019, 0
, , 3740.31899999999996, 0, , , 3740.31899999999996, 1, , , 3740.31899999999996, 1, , , 3740.31899999999996, 0
, , 3740.3240000000000691, 0, , , 3740.3240000000000691, 1, , , 3740.3240000000000691, 1, , , 3740.3240000000000691, 0
, , 3740.3299999999999272, 0, , , 3740.3299999999999272, 1, , , 3740.3299999999999272, 1, , , 3740.3299999999999272, 0
, , 3740.3339999999998327, 0, , , 3740.3339999999998327, 1, , , 3740.3339999999998327, 1, , , 3740.3339999999998327, 0
, , 3740.3389999999999418, 0, , , 3740.3389999999999418, 1, , , 3740.3389999999999418, 1, , , 3740.3389999999999418, 0
, , 3740.3440000000000509, 0, , , 3740.3440000000000509, 1, , , 3740.3440000000000509, 1, , , 3740.3440000000000509, 0
, , 3740.3490000000001601, 0, , , 3740.3490000000001601, 1, , , 3740.3490000000001601, 1, , , 3740.3490000000001601, 0
, , 3740.3539999999998145, 0, , , 3740.3539999999998145, 1, , , 3740.3539999999998145, 1, , , 3740.3539999999998145, 0
, , 3740.3589999999999236, 0, , , 3740.3589999999999236, 1, , , 3740.3589999999999236, 1, , , 3740.3589999999999236, 0
, , 3740.3649999999997817, 0, , , 3740.3649999999997817, 1, , , 3740.3649999999997817, 1, , , 3740.3649999999997817, 0
, , 3740.3699999999998909, 0, , , 3740.3699999999998909, 1, , , 3740.3699999999998909, 1, , , 3740.3699999999998909, 0
, , 3740.375, 0, , , 3740.375, 1, , , 3740.375, 1, , , 3740.375, 0
, , 3740.3789999999999054, 0, , , 3740.3789999999999054, 1, , , 3740.3789999999999054, 1, , , 3740.3789999999999054, 0
, , 3740.3840000000000146, 0, , , 3740.3840000000000146, 1, , , 3740.3840000000000146, 1, , , 3740.3840000000000146, 0
, , 3740.3910000000000764, 0, , , 3740.3910000000000764, 1, , , 3740.3910000000000764, 1, , , 3740.3910000000000764, 0
, , 3740.3949999999999818, 0, , , 3740.3949999999999818, 1, , , 3740.3949999999999818, 1, , , 3740.3949999999999818, 0
, , 3740.4000000000000909, 0, , , 3740.4000000000000909, 1, , , 3740.4000000000000909, 1, , , 3740.4000000000000909, 0
, , 3740.4029999999997926, 0, , , 3740.4029999999997926, 1, , , 3740.4029999999997926, 1, , , 3740.4029999999997926, 0
, , 3740.4090000000001055, 0, , , 3740.4090000000001055, 1, , , 3740.4090000000001055, 1, , , 3740.4090000000001055, 0
, , 3740.4140000000002146, 0, , , 3740.4140000000002146, 1, , , 3740.4140000000002146, 1, , , 3740.4140000000002146, 0
, , 3740.418999999999869, 0, , , 3740.418999999999869, 1, , , 3740.418999999999869, 1, , , 3740.418999999999869, 0
, , 3740.4239999999999782, 0, , , 3740.4239999999999782, 1, , , 3740.4239999999999782, 1, , , 3740.4239999999999782, 0
, , 3740.4290000000000873, 0, , , 3740.4290000000000873, 1, , , 3740.4290000000000873, 1, , , 3740.4290000000000873, 0
, , 3740.4340000000001965, 0, , , 3740.4340000000001965, 1, , , 3740.4340000000001965, 1, , , 3740.4340000000001965, 0
, , 3740.4389999999998508, 0, , , 3740.4389999999998508, 1, , , 3740.4389999999998508, 1, , , 3740.4389999999998508, 0
, , 3740.44399999999996, 0, , , 3740.44399999999996, 1, , , 3740.44399999999996, 1, , , 3740.44399999999996, 0
, , 3740.4490000000000691, 0, , , 3740.4490000000000691, 1, , , 3740.4490000000000691, 1, , , 3740.4490000000000691, 0
, , 3740.4549999999999272, 0, , , 3740.4549999999999272, 1, , , 3740.4549999999999272, 1, , , 3740.4549999999999272, 0
, , 3740.4589999999998327, 0, , , 3740.4589999999998327, 1, , , 3740.4589999999998327, 1, , , 3740.4589999999998327, 0
, , 3740.4639999999999418, 0, , , 3740.4639999999999418, 1, , , 3740.4639999999999418, 1, , , 3740.4639999999999418, 0
, , 3740.4699999999997999, 0, , , 3740.4699999999997999, 1, , , 3740.4699999999997999, 1, , , 3740.4699999999997999, 0
, , 3740.4740000000001601, 0, , , 3740.4740000000001601, 1, , , 3740.4740000000001601, 1, , , 3740.4740000000001601, 0
, , 3740.4789999999998145, 0, , , 3740.4789999999998145, 1, , , 3740.4789999999998145, 1, , , 3740.4789999999998145, 0
, , 3740.4839999999999236, 0, , , 3740.4839999999999236, 1, , , 3740.4839999999999236, 1, , , 3740.4839999999999236, 0
, , 3740.4890000000000327, 0, , , 3740.4890000000000327, 1, , , 3740.4890000000000327, 1, , , 3740.4890000000000327, 0
, , 3740.4940000000001419, 0, , , 3740.4940000000001419, 1, , , 3740.4940000000001419, 1, , , 3740.4940000000001419, 0
, , 3740.4989999999997963, 0, , , 3740.4989999999997963, 1, , , 3740.4989999999997963, 1, , , 3740.4989999999997963, 0
, , 3740.5050000000001091, 1, , , 3740.5050000000001091, 1, , , 3740.5050000000001091, 1, , , 3740.5050000000001091, 1
, , 3740.5090000000000146, 1, , , 3740.5090000000000146, 1, , , 3740.5090000000000146, 1, , , 3740.5090000000000146, 1
, , 3740.5149999999998727, 1, , , 3740.5149999999998727, 1, , , 3740.5149999999998727, 1, , , 3740.5149999999998727, 1
, , 3740.5189999999997781, 1, , , 3740.5189999999997781, 1, , , 3740.5189999999997781, 1, , , 3740.5189999999997781, 1
, , 3740.5230000000001382, 1, , , 3740.5230000000001382, 1, , , 3740.5230000000001382, 1, , , 3740.5230000000001382, 1
, , 3740.5300000000002001, 1, , , 3740.5300000000002001, 1, , , 3740.5300000000002001, 1, , , 3740.5300000000002001, 1
, , 3740.5349999999998545, 1, , , 3740.5349999999998545, 1, , , 3740.5349999999998545, 1, , , 3740.5349999999998545, 1
, , 3740.5399999999999636, 1, , , 3740.5399999999999636, 1, , , 3740.5399999999999636, 1, , , 3740.5399999999999636, 1
, , 3740.5450000000000728, 1, , , 3740.5450000000000728, 1, , , 3740.5450000000000728, 1, , , 3740.5450000000000728, 1
, , 3740.5489999999999782, 1, , , 3740.5489999999999782, 1, , , 3740.5489999999999782, 1, , , 3740.5489999999999782, 1
, , 3740.5540000000000873, 1, , , 3740.5540000000000873, 1, , , 3740.5540000000000873, 1, , , 3740.5540000000000873, 1
, , 3740.5590000000001965, 1, , , 3740.5590000000001965, 1, , , 3740.5590000000001965, 1, , , 3740.5590000000001965, 1
, , 3740.5630000000001019, 1, , , 3740.5630000000001019, 1, , , 3740.5630000000001019, 1, , , 3740.5630000000001019, 1
, , 3740.56899999999996, 1, , , 3740.56899999999996, 1, , , 3740.56899999999996, 1, , , 3740.56899999999996, 1
, , 3740.5749999999998181, 1, , , 3740.5749999999998181, 1, , , 3740.5749999999998181, 1, , , 3740.5749999999998181, 1
, , 3740.5790000000001783, 1, , , 3740.5790000000001783, 0, , , 3740.5790000000001783, 0, , , 3740.5790000000001783, 1
, , 3740.5839999999998327, 1, , , 3740.5839999999998327, 0, , , 3740.5839999999998327, 0, , , 3740.5839999999998327, 1
, , 3740.5900000000001455, 1, , , 3740.5900000000001455, 0, , , 3740.5900000000001455, 0, , , 3740.5900000000001455, 1
, , 3740.5940000000000509, 1, , , 3740.5940000000000509, 0, , , 3740.5940000000000509, 0, , , 3740.5940000000000509, 1
, , 3740.5990000000001601, 1, , , 3740.5990000000001601, 0, , , 3740.5990000000001601, 0, , , 3740.5990000000001601, 1
, , 3740.6050000000000182, 1, , , 3740.6050000000000182, 0, , , 3740.6050000000000182, 0, , , 3740.6050000000000182, 1
, , 3740.6089999999999236, 1, , , 3740.6089999999999236, 0, , , 3740.6089999999999236, 0, , , 3740.6089999999999236, 1
, , 3740.6140000000000327, 1, , , 3740.6140000000000327, 0, , , 3740.6140000000000327, 0, , , 3740.6140000000000327, 1
, , 3740.6190000000001419, 1, , , 3740.6190000000001419, 0, , , 3740.6190000000001419, 0, , , 3740.6190000000001419, 1
, , 3740.625, 1, , , 3740.625, 0, , , 3740.625, 0, , , 3740.625, 1
, , 3740.6289999999999054, 1, , , 3740.6289999999999054, 0, , , 3740.6289999999999054, 0, , , 3740.6289999999999054, 1
, , 3740.6340000000000146, 1, , , 3740.6340000000000146, 0, , , 3740.6340000000000146, 0, , , 3740.6340000000000146, 1
, , 3740.6390000000001237, 1, , , 3740.6390000000001237, 0, , , 3740.6390000000001237, 0, , , 3740.6390000000001237, 1
, , 3740.6439999999997781, 1, , , 3740.6439999999997781, 0, , , 3740.6439999999997781, 0, , , 3740.6439999999997781, 1
, , 3740.6500000000000909, 1, , , 3740.6500000000000909, 0, , , 3740.6500000000000909, 0, , , 3740.6500000000000909, 1
, , 3740.6539999999999964, 1, , , 3740.6539999999999964, 0, , , 3740.6539999999999964, 0, , , 3740.6539999999999964, 1
, , 3740.6590000000001055, 1, , , 3740.6590000000001055, 0, , , 3740.6590000000001055, 0, , , 3740.6590000000001055, 1
, , 3740.6640000000002146, 1, , , 3740.6640000000002146, 0, , , 3740.6640000000002146, 0, , , 3740.6640000000002146, 1
, , 3740.668999999999869, 1, , , 3740.668999999999869, 0, , , 3740.668999999999869, 0, , , 3740.668999999999869, 1
, , 3740.6729999999997744, 1, , , 3740.6729999999997744, 0, , , 3740.6729999999997744, 0, , , 3740.6729999999997744, 1
, , 3740.6790000000000873, 1, , , 3740.6790000000000873, 0, , , 3740.6790000000000873, 0, , , 3740.6790000000000873, 1
, , 3740.6840000000001965, 1, , , 3740.6840000000001965, 0, , , 3740.6840000000001965, 0, , , 3740.6840000000001965, 1
, , 3740.6889999999998508, 1, , , 3740.6889999999998508, 0, , , 3740.6889999999998508, 0, , , 3740.6889999999998508, 1
, , 3740.69399999999996, 1, , , 3740.69399999999996, 0, , , 3740.69399999999996, 0, , , 3740.69399999999996, 1
, , 3740.7010000000000218, 1, , , 3740.7010000000000218, 0, , , 3740.7010000000000218, 0, , , 3740.7010000000000218, 1
, , 3740.7080000000000837, 1, , , 3740.7080000000000837, 0, , , 3740.7080000000000837, 0, , , 3740.7080000000000837, 1
, , 3740.7089999999998327, 1, , , 3740.7089999999998327, 0, , , 3740.7089999999998327, 0, , , 3740.7089999999998327, 1
, , 3740.7130000000001928, 1, , , 3740.7130000000001928, 0, , , 3740.7130000000001928, 0, , , 3740.7130000000001928, 1
, , 3740.7199999999997999, 1, , , 3740.7199999999997999, 0, , , 3740.7199999999997999, 0, , , 3740.7199999999997999, 1
, , 3740.7240000000001601, 1, , , 3740.7240000000001601, 0, , , 3740.7240000000001601, 0, , , 3740.7240000000001601, 1
, , 3740.7289999999998145, 1, , , 3740.7289999999998145, 0, , , 3740.7289999999998145, 0, , , 3740.7289999999998145, 1
, , 3740.7339999999999236, 1, , , 3740.7339999999999236, 0, , , 3740.7339999999999236, 0, , , 3740.7339999999999236, 1
, , 3740.7390000000000327, 1, , , 3740.7390000000000327, 0, , , 3740.7390000000000327, 0, , , 3740.7390000000000327, 1
, , 3740.7440000000001419, 1, , , 3740.7440000000001419, 0, , , 3740.7440000000001419, 0, , , 3740.7440000000001419, 1
, , 3740.7489999999997963, 1, , , 3740.7489999999997963, 0, , , 3740.7489999999997963, 0, , , 3740.7489999999997963, 1
, , 3740.7539999999999054, 1, , , 3740.7539999999999054, 0, , , 3740.7539999999999054, 0, , , 3740.7539999999999054, 1
, , 3740.7600000000002183, 1, , , 3740.7600000000002183, 0, , , 3740.7600000000002183, 0, , , 3740.7600000000002183, 1
, , 3740.7640000000001237, 1, , , 3740.7640000000001237, 0, , , 3740.7640000000001237, 0, , , 3740.7640000000001237, 1
, , 3740.7689999999997781, 1, , , 3740.7689999999997781, 0, , , 3740.7689999999997781, 0, , , 3740.7689999999997781, 1
, , 3740.7739999999998872, 1, , , 3740.7739999999998872, 0, , , 3740.7739999999998872, 0, , , 3740.7739999999998872, 1
, , 3740.7789999999999964, 1, , , 3740.7789999999999964, 0, , , 3740.7789999999999964, 0, , , 3740.7789999999999964, 1
, , 3740.7840000000001055, 1, , , 3740.7840000000001055, 0, , , 3740.7840000000001055, 0, , , 3740.7840000000001055, 1
, , 3740.7890000000002146, 1, , , 3740.7890000000002146, 0, , , 3740.7890000000002146, 0, , , 3740.7890000000002146, 1
, , 3740.793999999999869, 1, , , 3740.793999999999869, 0, , , 3740.793999999999869, 0, , , 3740.793999999999869, 1
, , 3740.8000000000001819, 1, , , 3740.8000000000001819, 0, , , 3740.8000000000001819, 0, , , 3740.8000000000001819, 1
, , 3740.8040000000000873, 1, , , 3740.8040000000000873, 0, , , 3740.8040000000000873, 0, , , 3740.8040000000000873, 1
, , 3740.8090000000001965, 1, , , 3740.8090000000001965, 0, , , 3740.8090000000001965, 0, , , 3740.8090000000001965, 1
, , 3740.8139999999998508, 1, , , 3740.8139999999998508, 0, , , 3740.8139999999998508, 0, , , 3740.8139999999998508, 1
, , 3740.8200000000001637, 1, , , 3740.8200000000001637, 0, , , 3740.8200000000001637, 0, , , 3740.8200000000001637, 1
, , 3740.8240000000000691, 1, , , 3740.8240000000000691, 0, , , 3740.8240000000000691, 0, , , 3740.8240000000000691, 1
, , 3740.8290000000001783, 1, , , 3740.8290000000001783, 1, , , 3740.8290000000001783, 1, , , 3740.8290000000001783, 1
, , 3740.8350000000000364, 1, , , 3740.8350000000000364, 1, , , 3740.8350000000000364, 1, , , 3740.8350000000000364, 1
, , 3740.8389999999999418, 1, , , 3740.8389999999999418, 1, , , 3740.8389999999999418, 1, , , 3740.8389999999999418, 1
, , 3740.8449999999997999, 1, , , 3740.8449999999997999, 1, , , 3740.8449999999997999, 1, , , 3740.8449999999997999, 1
, , 3740.8499999999999091, 1, , , 3740.8499999999999091, 1, , , 3740.8499999999999091, 1, , , 3740.8499999999999091, 1
, , 3740.8539999999998145, 1, , , 3740.8539999999998145, 1, , , 3740.8539999999998145, 1, , , 3740.8539999999998145, 1
, , 3740.8589999999999236, 1, , , 3740.8589999999999236, 1, , , 3740.8589999999999236, 1, , , 3740.8589999999999236, 1
, , 3740.8640000000000327, 1, , , 3740.8640000000000327, 1, , , 3740.8640000000000327, 1, , , 3740.8640000000000327, 1
, , 3740.8690000000001419, 1, , , 3740.8690000000001419, 1, , , 3740.8690000000001419, 1, , , 3740.8690000000001419, 1
, , 3740.8739999999997963, 1, , , 3740.8739999999997963, 1, , , 3740.8739999999997963, 1, , , 3740.8739999999997963, 1
, , 3740.8789999999999054, 1, , , 3740.8789999999999054, 1, , , 3740.8789999999999054, 1, , , 3740.8789999999999054, 1
, , 3740.8840000000000146, 1, , , 3740.8840000000000146, 1, , , 3740.8840000000000146, 1, , , 3740.8840000000000146, 1
, , 3740.8899999999998727, 1, , , 3740.8899999999998727, 1, , , 3740.8899999999998727, 1, , , 3740.8899999999998727, 1
, , 3740.8939999999997781, 1, , , 3740.8939999999997781, 1, , , 3740.8939999999997781, 1, , , 3740.8939999999997781, 1
, , 3740.9000000000000909, 0, , , 3740.9000000000000909, 1, , , 3740.9000000000000909, 1, , , 3740.9000000000000909, 0
, , 3740.9039999999999964, 0, , , 3740.9039999999999964, 1, , , 3740.9039999999999964, 1, , , 3740.9039999999999964, 0
, , 3740.9090000000001055, 0, , , 3740.9090000000001055, 1, , , 3740.9090000000001055, 1, , , 3740.9090000000001055, 0
, , 3740.9149999999999636, 0, , , 3740.9149999999999636, 1, , , 3740.9149999999999636, 1, , , 3740.9149999999999636, 0
, , 3740.9200000000000728, 0, , , 3740.9200000000000728, 1, , , 3740.9200000000000728, 1, , , 3740.9200000000000728, 0
, , 3740.9239999999999782, 0, , , 3740.9239999999999782, 1, , , 3740.9239999999999782, 1, , , 3740.9239999999999782, 0
, , 3740.9299999999998363, 0, , , 3740.9299999999998363, 1, , , 3740.9299999999998363, 1, , , 3740.9299999999998363, 0
, , 3740.9340000000001965, 0, , , 3740.9340000000001965, 1, , , 3740.9340000000001965, 1, , , 3740.9340000000001965, 0
, , 3740.9389999999998508, 0, , , 3740.9389999999998508, 1, , , 3740.9389999999998508, 1, , , 3740.9389999999998508, 0
, , 3740.9450000000001637, 0, , , 3740.9450000000001637, 1, , , 3740.9450000000001637, 1, , , 3740.9450000000001637, 0
, , 3740.9510000000000218, 0, , , 3740.9510000000000218, 1, , , 3740.9510000000000218, 1, , , 3740.9510000000000218, 0
, , 3740.9529999999999745, 0, , , 3740.9529999999999745, 1, , , 3740.9529999999999745, 1, , , 3740.9529999999999745, 0
, , 3740.9589999999998327, 0, , , 3740.9589999999998327, 1, , , 3740.9589999999998327, 1, , , 3740.9589999999998327, 0
, , 3740.9639999999999418, 0, , , 3740.9639999999999418, 1, , , 3740.9639999999999418, 1, , , 3740.9639999999999418, 0
, , 3740.9699999999997999, 0, , , 3740.9699999999997999, 1, , , 3740.9699999999997999, 1, , , 3740.9699999999997999, 0
, , 3740.9740000000001601, 0, , , 3740.9740000000001601, 1, , , 3740.9740000000001601, 1, , , 3740.9740000000001601, 0
, , 3740.9789999999998145, 0, , , 3740.9789999999998145, 1, , , 3740.9789999999998145, 1, , , 3740.9789999999998145, 0
, , 3740.9839999999999236, 0, , , 3740.9839999999999236, 1, , , 3740.9839999999999236, 1, , , 3740.9839999999999236, 0
, , 3740.9890000000000327, 0, , , 3740.9890000000000327, 1, , , 3740.9890000000000327, 1, , , 3740.9890000000000327, 0
, , 3740.9940000000001419, 0, , , 3740.9940000000001419, 1, , , 3740.9940000000001419, 1, , , 3740.9940000000001419, 0
, , 3740.9989999999997963, 0, , , 3740.9989999999997963, 1, , , 3740.9989999999997963, 1, , , 3740.9989999999997963, 0
, , 3741.0039999999999054, 0, , , 3741.0039999999999054, 1, , , 3741.0039999999999054, 1, , , 3741.0039999999999054, 0
, , 3741.0090000000000146, 0, , , 3741.0090000000000146, 1, , , 3741.0090000000000146, 1, , , 3741.0090000000000146, 0
, , 3741.0140000000001237, 0, , , 3741.0140000000001237, 1, , , 3741.0140000000001237, 1, , , 3741.0140000000001237, 0
, , 3741.0189999999997781, 0, , , 3741.0189999999997781, 1, , , 3741.0189999999997781, 1, , , 3741.0189999999997781, 0
, , 3741.0239999999998872, 0, , , 3741.0239999999998872, 1, , , 3741.0239999999998872, 1, , , 3741.0239999999998872, 0
, , 3741.0309999999999491, 0, , , 3741.0309999999999491, 1, , , 3741.0309999999999491, 1, , , 3741.0309999999999491, 0
, , 3741.0340000000001055, 0, , , 3741.0340000000001055, 1, , , 3741.0340000000001055, 1, , , 3741.0340000000001055, 0
, , 3741.0399999999999636, 0, , , 3741.0399999999999636, 1, , , 3741.0399999999999636, 1, , , 3741.0399999999999636, 0
, , 3741.043999999999869, 0, , , 3741.043999999999869, 1, , , 3741.043999999999869, 1, , , 3741.043999999999869, 0
, , 3741.0489999999999782, 0, , , 3741.0489999999999782, 1, , , 3741.0489999999999782, 1, , , 3741.0489999999999782, 0
, , 3741.0540000000000873, 0, , , 3741.0540000000000873, 1, , , 3741.0540000000000873, 1, , , 3741.0540000000000873, 0
, , 3741.0590000000001965, 0, , , 3741.0590000000001965, 1, , , 3741.0590000000001965, 1, , , 3741.0590000000001965, 0
, , 3741.0650000000000546, 0, , , 3741.0650000000000546, 1, , , 3741.0650000000000546, 1, , , 3741.0650000000000546, 0
, , 3741.06899999999996, 0, , , 3741.06899999999996, 1, , , 3741.06899999999996, 1, , , 3741.06899999999996, 0
, , 3741.0740000000000691, 0, , , 3741.0740000000000691, 1, , , 3741.0740000000000691, 1, , , 3741.0740000000000691, 0
, , 3741.0790000000001783, 0, , , 3741.0790000000001783, 1, , , 3741.0790000000001783, 1, , , 3741.0790000000001783, 0
, , 3741.0850000000000364, 0, , , 3741.0850000000000364, 1, , , 3741.0850000000000364, 1, , , 3741.0850000000000364, 0
, , 3741.0900000000001455, 0, , , 3741.0900000000001455, 1, , , 3741.0900000000001455, 1, , , 3741.0900000000001455, 0
, , 3741.0940000000000509, 0, , , 3741.0940000000000509, 1, , , 3741.0940000000000509, 1, , , 3741.0940000000000509, 0
, , 3741.0990000000001601, 0, , , 3741.0990000000001601, 1, , , 3741.0990000000001601, 1, , , 3741.0990000000001601, 0
, , 3741.1039999999998145, 0, , , 3741.1039999999998145, 1, , , 3741.1039999999998145, 1, , , 3741.1039999999998145, 0
, , 3741.1080000000001746, 0, , , 3741.1080000000001746, 1, , , 3741.1080000000001746, 1, , , 3741.1080000000001746, 0
, , 3741.1140000000000327, 0, , , 3741.1140000000000327, 1, , , 3741.1140000000000327, 1, , , 3741.1140000000000327, 0
, , 3741.1190000000001419, 0, , , 3741.1190000000001419, 1, , , 3741.1190000000001419, 1, , , 3741.1190000000001419, 0
, , 3741.1239999999997963, 0, , , 3741.1239999999997963, 1, , , 3741.1239999999997963, 1, , , 3741.1239999999997963, 0
, , 3741.1289999999999054, 0, , , 3741.1289999999999054, 1, , , 3741.1289999999999054, 1, , , 3741.1289999999999054, 0
, , 3741.1340000000000146, 0, , , 3741.1340000000000146, 1, , , 3741.1340000000000146, 1, , , 3741.1340000000000146, 0
, , 3741.1419999999998254, 0, , , 3741.1419999999998254, 1, , , 3741.1419999999998254, 1, , , 3741.1419999999998254, 0
, , 3741.1460000000001855, 0, , , 3741.1460000000001855, 1, , , 3741.1460000000001855, 1, , , 3741.1460000000001855, 0
, , 3741.1489999999998872, 0, , , 3741.1489999999998872, 1, , , 3741.1489999999998872, 1, , , 3741.1489999999998872, 0
, , 3741.1550000000002001, 1, , , 3741.1550000000002001, 1, , , 3741.1550000000002001, 1, , , 3741.1550000000002001, 1
, , 3741.1590000000001055, 1, , , 3741.1590000000001055, 1, , , 3741.1590000000001055, 1, , , 3741.1590000000001055, 1
, , 3741.1649999999999636, 1, , , 3741.1649999999999636, 1, , , 3741.1649999999999636, 1, , , 3741.1649999999999636, 1
, , 3741.1680000000001201, 1, , , 3741.1680000000001201, 1, , , 3741.1680000000001201, 1, , , 3741.1680000000001201, 1
, , 3741.1739999999999782, 1, , , 3741.1739999999999782, 1, , , 3741.1739999999999782, 1, , , 3741.1739999999999782, 1
, , 3741.1790000000000873, 1, , , 3741.1790000000000873, 1, , , 3741.1790000000000873, 1, , , 3741.1790000000000873, 1
, , 3741.1840000000001965, 1, , , 3741.1840000000001965, 1, , , 3741.1840000000001965, 1, , , 3741.1840000000001965, 1
, , 3741.1889999999998508, 1, , , 3741.1889999999998508, 1, , , 3741.1889999999998508, 1, , , 3741.1889999999998508, 1
, , 3741.19399999999996, 1, , , 3741.19399999999996, 1, , , 3741.19399999999996, 1, , , 3741.19399999999996, 1
, , 3741.1999999999998181, 1, , , 3741.1999999999998181, 1, , , 3741.1999999999998181, 1, , , 3741.1999999999998181, 1
, , 3741.2040000000001783, 1, , , 3741.2040000000001783, 1, , , 3741.2040000000001783, 1, , , 3741.2040000000001783, 1
, , 3741.2100000000000364, 1, , , 3741.2100000000000364, 1, , , 3741.2100000000000364, 1, , , 3741.2100000000000364, 1
, , 3741.2139999999999418, 1, , , 3741.2139999999999418, 1, , , 3741.2139999999999418, 1, , , 3741.2139999999999418, 1
, , 3741.2190000000000509, 1, , , 3741.2190000000000509, 1, , , 3741.2190000000000509, 1, , , 3741.2190000000000509, 1
, , 3741.2229999999999563, 1, , , 3741.2229999999999563, 1, , , 3741.2229999999999563, 1, , , 3741.2229999999999563, 1
, , 3741.2289999999998145, 1, , , 3741.2289999999998145, 0, , , 3741.2289999999998145, 0, , , 3741.2289999999998145, 1
, , 3741.2339999999999236, 1, , , 3741.2339999999999236, 0, , , 3741.2339999999999236, 0, , , 3741.2339999999999236, 1
, , 3741.2390000000000327, 1, , , 3741.2390000000000327, 0, , , 3741.2390000000000327, 0, , , 3741.2390000000000327, 1
, , 3741.2440000000001419, 1, , , 3741.2440000000001419, 0, , , 3741.2440000000001419, 0, , , 3741.2440000000001419, 1
, , 3741.2489999999997963, 1, , , 3741.2489999999997963, 0, , , 3741.2489999999997963, 0, , , 3741.2489999999997963, 1
, , 3741.2539999999999054, 1, , , 3741.2539999999999054, 0, , , 3741.2539999999999054, 0, , , 3741.2539999999999054, 1
, , 3741.2600000000002183, 1, , , 3741.2600000000002183, 0, , , 3741.2600000000002183, 0, , , 3741.2600000000002183, 1
, , 3741.2640000000001237, 1, , , 3741.2640000000001237, 0, , , 3741.2640000000001237, 0, , , 3741.2640000000001237, 1
, , 3741.2689999999997781, 1, , , 3741.2689999999997781, 0, , , 3741.2689999999997781, 0, , , 3741.2689999999997781, 1
, , 3741.2739999999998872, 1, , , 3741.2739999999998872, 0, , , 3741.2739999999998872, 0, , , 3741.2739999999998872, 1
, , 3741.2789999999999964, 1, , , 3741.2789999999999964, 0, , , 3741.2789999999999964, 0, , , 3741.2789999999999964, 1
, , 3741.2840000000001055, 1, , , 3741.2840000000001055, 0, , , 3741.2840000000001055, 0, , , 3741.2840000000001055, 1
, , 3741.2890000000002146, 1, , , 3741.2890000000002146, 0, , , 3741.2890000000002146, 0, , , 3741.2890000000002146, 1
, , 3741.293999999999869, 1, , , 3741.293999999999869, 0, , , 3741.293999999999869, 0, , , 3741.293999999999869, 1
, , 3741.2989999999999782, 1, , , 3741.2989999999999782, 0, , , 3741.2989999999999782, 0, , , 3741.2989999999999782, 1
, , 3741.3040000000000873, 1, , , 3741.3040000000000873, 0, , , 3741.3040000000000873, 0, , , 3741.3040000000000873, 1
, , 3741.3090000000001965, 1, , , 3741.3090000000001965, 0, , , 3741.3090000000001965, 0, , , 3741.3090000000001965, 1
, , 3741.3139999999998508, 1, , , 3741.3139999999998508, 0, , , 3741.3139999999998508, 0, , , 3741.3139999999998508, 1
, , 3741.3200000000001637, 1, , , 3741.3200000000001637, 0, , , 3741.3200000000001637, 0, , , 3741.3200000000001637, 1
, , 3741.3240000000000691, 1, , , 3741.3240000000000691, 0, , , 3741.3240000000000691, 0, , , 3741.3240000000000691, 1
, , 3741.3290000000001783, 1, , , 3741.3290000000001783, 0, , , 3741.3290000000001783, 0, , , 3741.3290000000001783, 1
, , 3741.3339999999998327, 1, , , 3741.3339999999998327, 0, , , 3741.3339999999998327, 0, , , 3741.3339999999998327, 1
, , 3741.3389999999999418, 1, , , 3741.3389999999999418, 0, , , 3741.3389999999999418, 0, , , 3741.3389999999999418, 1
, , 3741.3440000000000509, 1, , , 3741.3440000000000509, 0, , , 3741.3440000000000509, 0, , , 3741.3440000000000509, 1
, , 3741.3490000000001601, 1, , , 3741.3490000000001601, 0, , , 3741.3490000000001601, 0, , , 3741.3490000000001601, 1
, , 3741.3539999999998145, 1, , , 3741.3539999999998145, 0, , , 3741.3539999999998145, 0, , , 3741.3539999999998145, 1
, , 3741.3580000000001746, 1, , , 3741.3580000000001746, 0, , , 3741.3580000000001746, 0, , , 3741.3580000000001746, 1
, , 3741.3659999999999854, 1, , , 3741.3659999999999854, 0, , , 3741.3659999999999854, 0, , , 3741.3659999999999854, 1
, , 3741.3690000000001419, 1, , , 3741.3690000000001419, 0, , , 3741.3690000000001419, 0, , , 3741.3690000000001419, 1
, , 3741.375, 1, , , 3741.375, 0, , , 3741.375, 0, , , 3741.375, 1
, , 3741.3789999999999054, 1, , , 3741.3789999999999054, 0, , , 3741.3789999999999054, 0, , , 3741.3789999999999054, 1
, , 3741.3840000000000146, 1, , , 3741.3840000000000146, 0, , , 3741.3840000000000146, 0, , , 3741.3840000000000146, 1
, , 3741.3890000000001237, 1, , , 3741.3890000000001237, 0, , , 3741.3890000000001237, 0, , , 3741.3890000000001237, 1
, , 3741.3949999999999818, 1, , , 3741.3949999999999818, 0, , , 3741.3949999999999818, 0, , , 3741.3949999999999818, 1
, , 3741.4000000000000909, 1, , , 3741.4000000000000909, 0, , , 3741.4000000000000909, 0, , , 3741.4000000000000909, 1
, , 3741.4039999999999964, 1, , , 3741.4039999999999964, 0, , , 3741.4039999999999964, 0, , , 3741.4039999999999964, 1
, , 3741.4099999999998545, 1, , , 3741.4099999999998545, 0, , , 3741.4099999999998545, 0, , , 3741.4099999999998545, 1
, , 3741.4140000000002146, 1, , , 3741.4140000000002146, 0, , , 3741.4140000000002146, 0, , , 3741.4140000000002146, 1
, , 3741.418999999999869, 1, , , 3741.418999999999869, 0, , , 3741.418999999999869, 0, , , 3741.418999999999869, 1
, , 3741.4239999999999782, 1, , , 3741.4239999999999782, 0, , , 3741.4239999999999782, 0, , , 3741.4239999999999782, 1
, , 3741.43100000000004, 1, , , 3741.43100000000004, 0, , , 3741.43100000000004, 0, , , 3741.43100000000004, 1
, , 3741.4340000000001965, 1, , , 3741.4340000000001965, 0, , , 3741.4340000000001965, 0, , , 3741.4340000000001965, 1
, , 3741.4389999999998508, 1, , , 3741.4389999999998508, 0, , , 3741.4389999999998508, 0, , , 3741.4389999999998508, 1
, , 3741.44399999999996, 1, , , 3741.44399999999996, 0, , , 3741.44399999999996, 0, , , 3741.44399999999996, 1
, , 3741.4490000000000691, 1, , , 3741.4490000000000691, 0, , , 3741.4490000000000691, 0, , , 3741.4490000000000691, 1
, , 3741.4540000000001783, 1, , , 3741.4540000000001783, 0, , , 3741.4540000000001783, 0, , , 3741.4540000000001783, 1
, , 3741.4589999999998327, 1, , , 3741.4589999999998327, 0, , , 3741.4589999999998327, 0, , , 3741.4589999999998327, 1
, , 3741.4650000000001455, 1, , , 3741.4650000000001455, 0, , , 3741.4650000000001455, 0, , , 3741.4650000000001455, 1
, , 3741.4690000000000509, 1, , , 3741.4690000000000509, 0, , , 3741.4690000000000509, 0, , , 3741.4690000000000509, 1
, , 3741.4740000000001601, 1, , , 3741.4740000000001601, 0, , , 3741.4740000000001601, 0, , , 3741.4740000000001601, 1
, , 3741.4789999999998145, 1, , , 3741.4789999999998145, 1, , , 3741.4789999999998145, 1, , , 3741.4789999999998145, 1
, , 3741.4839999999999236, 1, , , 3741.4839999999999236, 1, , , 3741.4839999999999236, 1, , , 3741.4839999999999236, 1
, , 3741.4890000000000327, 1, , , 3741.4890000000000327, 1, , , 3741.4890000000000327, 1, , , 3741.4890000000000327, 1
, , 3741.4949999999998909, 1, , , 3741.4949999999998909, 1, , , 3741.4949999999998909, 1, , , 3741.4949999999998909, 1
, , 3741.4989999999997963, 1, , , 3741.4989999999997963, 1, , , 3741.4989999999997963, 1, , , 3741.4989999999997963, 1
, , 3741.5039999999999054, 1, , , 3741.5039999999999054, 1, , , 3741.5039999999999054, 1, , , 3741.5039999999999054, 1
, , 3741.5090000000000146, 1, , , 3741.5090000000000146, 1, , , 3741.5090000000000146, 1, , , 3741.5090000000000146, 1
, , 3741.5140000000001237, 1, , , 3741.5140000000001237, 1, , , 3741.5140000000001237, 1, , , 3741.5140000000001237, 1
, , 3741.5180000000000291, 1, , , 3741.5180000000000291, 1, , , 3741.5180000000000291, 1, , , 3741.5180000000000291, 1
, , 3741.5259999999998399, 1, , , 3741.5259999999998399, 1, , , 3741.5259999999998399, 1, , , 3741.5259999999998399, 1
, , 3741.5289999999999964, 1, , , 3741.5289999999999964, 1, , , 3741.5289999999999964, 1, , , 3741.5289999999999964, 1
, , 3741.5349999999998545, 1, , , 3741.5349999999998545, 1, , , 3741.5349999999998545, 1, , , 3741.5349999999998545, 1
, , 3741.5390000000002146, 1, , , 3741.5390000000002146, 1, , , 3741.5390000000002146, 1, , , 3741.5390000000002146, 1
, , 3741.5450000000000728, 1, , , 3741.5450000000000728, 1, , , 3741.5450000000000728, 1, , , 3741.5450000000000728, 1
, , 3741.5500000000001819, 0, , , 3741.5500000000001819, 1, , , 3741.5500000000001819, 1, , , 3741.5500000000001819, 0
, , 3741.5540000000000873, 0, , , 3741.5540000000000873, 1, , , 3741.5540000000000873, 1, , , 3741.5540000000000873, 0
, , 3741.5599999999999454, 0, , , 3741.5599999999999454, 1, , , 3741.5599999999999454, 1, , , 3741.5599999999999454, 0
, , 3741.5639999999998508, 0, , , 3741.5639999999998508, 1, , , 3741.5639999999998508, 1, , , 3741.5639999999998508, 0
, , 3741.56899999999996, 0, , , 3741.56899999999996, 1, , , 3741.56899999999996, 1, , , 3741.56899999999996, 0
, , 3741.5749999999998181, 0, , , 3741.5749999999998181, 1, , , 3741.5749999999998181, 1, , , 3741.5749999999998181, 0
, , 3741.5790000000001783, 0, , , 3741.5790000000001783, 1, , , 3741.5790000000001783, 1, , , 3741.5790000000001783, 0
, , 3741.5839999999998327, 0, , , 3741.5839999999998327, 1, , , 3741.5839999999998327, 1, , , 3741.5839999999998327, 0
, , 3741.5900000000001455, 0, , , 3741.5900000000001455, 1, , , 3741.5900000000001455, 1, , , 3741.5900000000001455, 0
, , 3741.5940000000000509, 0, , , 3741.5940000000000509, 1, , , 3741.5940000000000509, 1, , , 3741.5940000000000509, 0
, , 3741.5990000000001601, 0, , , 3741.5990000000001601, 1, , , 3741.5990000000001601, 1, , , 3741.5990000000001601, 0
, , 3741.6039999999998145, 0, , , 3741.6039999999998145, 1, , , 3741.6039999999998145, 1, , , 3741.6039999999998145, 0
, , 3741.6089999999999236, 0, , , 3741.6089999999999236, 1, , , 3741.6089999999999236, 1, , , 3741.6089999999999236, 0
, , 3741.6149999999997817, 0, , , 3741.6149999999997817, 1, , , 3741.6149999999997817, 1, , , 3741.6149999999997817, 0
, , 3741.6190000000001419, 0, , , 3741.6190000000001419, 1, , , 3741.6190000000001419, 1, , , 3741.6190000000001419, 0
, , 3741.6239999999997963, 0, , , 3741.6239999999997963, 1, , , 3741.6239999999997963, 1, , , 3741.6239999999997963, 0
, , 3741.6289999999999054, 0, , , 3741.6289999999999054, 1, , , 3741.6289999999999054, 1, , , 3741.6289999999999054, 0
, , 3741.6340000000000146, 0, , , 3741.6340000000000146, 1, , , 3741.6340000000000146, 1, , , 3741.6340000000000146, 0
, , 3741.6390000000001237, 0, , , 3741.6390000000001237, 1, , , 3741.6390000000001237, 1, , , 3741.6390000000001237, 0
, , 3741.6439999999997781, 0, , , 3741.6439999999997781, 1, , , 3741.6439999999997781, 1, , , 3741.6439999999997781, 0
, , 3741.6489999999998872, 0, , , 3741.6489999999998872, 1, , , 3741.6489999999998872, 1, , , 3741.6489999999998872, 0
, , 3741.6539999999999964, 0, , , 3741.6539999999999964, 1, , , 3741.6539999999999964, 1, , , 3741.6539999999999964, 0
, , 3741.6590000000001055, 0, , , 3741.6590000000001055, 1, , , 3741.6590000000001055, 1, , , 3741.6590000000001055, 0
, , 3741.6640000000002146, 0, , , 3741.6640000000002146, 1, , , 3741.6640000000002146, 1, , , 3741.6640000000002146, 0
, , 3741.668999999999869, 0, , , 3741.668999999999869, 1, , , 3741.668999999999869, 1, , , 3741.668999999999869, 0
, , 3741.6750000000001819, 0, , , 3741.6750000000001819, 1, , , 3741.6750000000001819, 1, , , 3741.6750000000001819, 0
, , 3741.6779999999998836, 0, , , 3741.6779999999998836, 1, , , 3741.6779999999998836, 1, , , 3741.6779999999998836, 0
, , 3741.6840000000001965, 0, , , 3741.6840000000001965, 1, , , 3741.6840000000001965, 1, , , 3741.6840000000001965, 0
, , 3741.6900000000000546, 0, , , 3741.6900000000000546, 1, , , 3741.6900000000000546, 1, , , 3741.6900000000000546, 0
, , 3741.69399999999996, 0, , , 3741.69399999999996, 1, , , 3741.69399999999996, 1, , , 3741.69399999999996, 0
, , 3741.6999999999998181, 0, , , 3741.6999999999998181, 1, , , 3741.6999999999998181, 1, , , 3741.6999999999998181, 0
, , 3741.7049999999999272, 0, , , 3741.7049999999999272, 1, , , 3741.7049999999999272, 1, , , 3741.7049999999999272, 0
, , 3741.7100000000000364, 0, , , 3741.7100000000000364, 1, , , 3741.7100000000000364, 1, , , 3741.7100000000000364, 0
, , 3741.7150000000001455, 0, , , 3741.7150000000001455, 1, , , 3741.7150000000001455, 1, , , 3741.7150000000001455, 0
, , 3741.7190000000000509, 0, , , 3741.7190000000000509, 1, , , 3741.7190000000000509, 1, , , 3741.7190000000000509, 0
, , 3741.7260000000001128, 0, , , 3741.7260000000001128, 1, , , 3741.7260000000001128, 1, , , 3741.7260000000001128, 0
, , 3741.7300000000000182, 0, , , 3741.7300000000000182, 1, , , 3741.7300000000000182, 1, , , 3741.7300000000000182, 0
, , 3741.7339999999999236, 0, , , 3741.7339999999999236, 1, , , 3741.7339999999999236, 1, , , 3741.7339999999999236, 0
, , 3741.7399999999997817, 0, , , 3741.7399999999997817, 1, , , 3741.7399999999997817, 1, , , 3741.7399999999997817, 0
, , 3741.7440000000001419, 0, , , 3741.7440000000001419, 1, , , 3741.7440000000001419, 1, , , 3741.7440000000001419, 0
, , 3741.7489999999997963, 0, , , 3741.7489999999997963, 1, , , 3741.7489999999997963, 1, , , 3741.7489999999997963, 0
, , 3741.7550000000001091, 0, , , 3741.7550000000001091, 1, , , 3741.7550000000001091, 1, , , 3741.7550000000001091, 0
, , 3741.7590000000000146, 0, , , 3741.7590000000000146, 1, , , 3741.7590000000000146, 1, , , 3741.7590000000000146, 0
, , 3741.7649999999998727, 0, , , 3741.7649999999998727, 1, , , 3741.7649999999998727, 1, , , 3741.7649999999998727, 0
, , 3741.7689999999997781, 0, , , 3741.7689999999997781, 1, , , 3741.7689999999997781, 1, , , 3741.7689999999997781, 0
, , 3741.7739999999998872, 0, , , 3741.7739999999998872, 1, , , 3741.7739999999998872, 1, , , 3741.7739999999998872, 0
, , 3741.7789999999999964, 0, , , 3741.7789999999999964, 1, , , 3741.7789999999999964, 1, , , 3741.7789999999999964, 0
, , 3741.7840000000001055, 0, , , 3741.7840000000001055, 1, , , 3741.7840000000001055, 1, , , 3741.7840000000001055, 0
, , 3741.7910000000001673, 0, , , 3741.7910000000001673, 1, , , 3741.7910000000001673, 1, , , 3741.7910000000001673, 0
, , 3741.7950000000000728, 0, , , 3741.7950000000000728, 1, , , 3741.7950000000000728, 1, , , 3741.7950000000000728, 0
, , 3741.7989999999999782, 0, , , 3741.7989999999999782, 1, , , 3741.7989999999999782, 1, , , 3741.7989999999999782, 0
, , 3741.8040000000000873, 1, , , 3741.8040000000000873, 1, , , 3741.8040000000000873, 1, , , 3741.8040000000000873, 1
, , 3741.8090000000001965, 1, , , 3741.8090000000001965, 1, , , 3741.8090000000001965, 1, , , 3741.8090000000001965, 1
, , 3741.8139999999998508, 1, , , 3741.8139999999998508, 1, , , 3741.8139999999998508, 1, , , 3741.8139999999998508, 1
, , 3741.81899999999996, 1, , , 3741.81899999999996, 1, , , 3741.81899999999996, 1, , , 3741.81899999999996, 1
, , 3741.8240000000000691, 1, , , 3741.8240000000000691, 1, , , 3741.8240000000000691, 1, , , 3741.8240000000000691, 1
, , 3741.8290000000001783, 1, , , 3741.8290000000001783, 1, , , 3741.8290000000001783, 1, , , 3741.8290000000001783, 1
, , 3741.8350000000000364, 1, , , 3741.8350000000000364, 1, , , 3741.8350000000000364, 1, , , 3741.8350000000000364, 1
, , 3741.8389999999999418, 1, , , 3741.8389999999999418, 1, , , 3741.8389999999999418, 1, , , 3741.8389999999999418, 1
, , 3741.8440000000000509, 1, , , 3741.8440000000000509, 1, , , 3741.8440000000000509, 1, , , 3741.8440000000000509, 1
, , 3741.8490000000001601, 1, , , 3741.8490000000001601, 1, , , 3741.8490000000001601, 1, , , 3741.8490000000001601, 1
, , 3741.8539999999998145, 1, , , 3741.8539999999998145, 1, , , 3741.8539999999998145, 1, , , 3741.8539999999998145, 1
, , 3741.8589999999999236, 1, , , 3741.8589999999999236, 1, , , 3741.8589999999999236, 1, , , 3741.8589999999999236, 1
, , 3741.8640000000000327, 1, , , 3741.8640000000000327, 1, , , 3741.8640000000000327, 1, , , 3741.8640000000000327, 1
, , 3741.8690000000001419, 1, , , 3741.8690000000001419, 1, , , 3741.8690000000001419, 1, , , 3741.8690000000001419, 1
, , 3741.875, 1, , , 3741.875, 0, , , 3741.875, 0, , , 3741.875, 1
, , 3741.8789999999999054, 1, , , 3741.8789999999999054, 0, , , 3741.8789999999999054, 0, , , 3741.8789999999999054, 1
, , 3741.8840000000000146, 1, , , 3741.8840000000000146, 0, , , 3741.8840000000000146, 0, , , 3741.8840000000000146, 1
, , 3741.8899999999998727, 1, , , 3741.8899999999998727, 0, , , 3741.8899999999998727, 0, , , 3741.8899999999998727, 1
, , 3741.8939999999997781, 1, , , 3741.8939999999997781, 0, , , 3741.8939999999997781, 0, , , 3741.8939999999997781, 1
, , 3741.8989999999998872, 1, , , 3741.8989999999998872, 0, , , 3741.8989999999998872, 0, , , 3741.8989999999998872, 1
, , 3741.9039999999999964, 1, , , 3741.9039999999999964, 0, , , 3741.9039999999999964, 0, , , 3741.9039999999999964, 1
, , 3741.9090000000001055, 1, , , 3741.9090000000001055, 0, , , 3741.9090000000001055, 0, , , 3741.9090000000001055, 1
, , 3741.9140000000002146, 1, , , 3741.9140000000002146, 0, , , 3741.9140000000002146, 0, , , 3741.9140000000002146, 1
, , 3741.918999999999869, 1, , , 3741.918999999999869, 0, , , 3741.918999999999869, 0, , , 3741.918999999999869, 1
, , 3741.9239999999999782, 1, , , 3741.9239999999999782, 0, , , 3741.9239999999999782, 0, , , 3741.9239999999999782, 1
, , 3741.9290000000000873, 1, , , 3741.9290000000000873, 0, , , 3741.9290000000000873, 0, , , 3741.9290000000000873, 1
, , 3741.9340000000001965, 1, , , 3741.9340000000001965, 0, , , 3741.9340000000001965, 0, , , 3741.9340000000001965, 1
, , 3741.9400000000000546, 1, , , 3741.9400000000000546, 0, , , 3741.9400000000000546, 0, , , 3741.9400000000000546, 1
, , 3741.94399999999996, 1, , , 3741.94399999999996, 0, , , 3741.94399999999996, 0, , , 3741.94399999999996, 1
, , 3741.9490000000000691, 1, , , 3741.9490000000000691, 0, , , 3741.9490000000000691, 0, , , 3741.9490000000000691, 1
, , 3741.9549999999999272, 1, , , 3741.9549999999999272, 0, , , 3741.9549999999999272, 0, , , 3741.9549999999999272, 1
, , 3741.9589999999998327, 1, , , 3741.9589999999998327, 0, , , 3741.9589999999998327, 0, , , 3741.9589999999998327, 1
, , 3741.9639999999999418, 1, , , 3741.9639999999999418, 0, , , 3741.9639999999999418, 0, , , 3741.9639999999999418, 1
, , 3741.9690000000000509, 1, , , 3741.9690000000000509, 0, , , 3741.9690000000000509, 0, , , 3741.9690000000000509, 1
, , 3741.9740000000001601, 1, , , 3741.9740000000001601, 0, , , 3741.9740000000001601, 0, , , 3741.9740000000001601, 1
, , 3741.9800000000000182, 1, , , 3741.9800000000000182, 0, , , 3741.9800000000000182, 0, , , 3741.9800000000000182, 1
, , 3741.9839999999999236, 1, , , 3741.9839999999999236, 0, , , 3741.9839999999999236, 0, , , 3741.9839999999999236, 1
, , 3741.9890000000000327, 1, , , 3741.9890000000000327, 0, , , 3741.9890000000000327, 0, , , 3741.9890000000000327, 1
, , 3741.9949999999998909, 1, , , 3741.9949999999998909, 0, , , 3741.9949999999998909, 0, , , 3741.9949999999998909, 1
, , 3742, 1, , , 3742, 0, , , 3742, 0, , , 3742, 1
, , 3742.0050000000001091, 1, , , 3742.0050000000001091, 0, , , 3742.0050000000001091, 0, , , 3742.0050000000001091, 1
, , 3742.0090000000000146, 1, , , 3742.0090000000000146, 0, , , 3742.0090000000000146, 0, , , 3742.0090000000000146, 1
, , 3742.0149999999998727, 1, , , 3742.0149999999998727, 0, , , 3742.0149999999998727, 0, , , 3742.0149999999998727, 1
, , 3742.0189999999997781, 1, , , 3742.0189999999997781, 0, , , 3742.0189999999997781, 0, , , 3742.0189999999997781, 1
, , 3742.0250000000000909, 1, , , 3742.0250000000000909, 0, , , 3742.0250000000000909, 0, , , 3742.0250000000000909, 1
, , 3742.0289999999999964, 1, , , 3742.0289999999999964, 0, , , 3742.0289999999999964, 0, , , 3742.0289999999999964, 1
, , 3742.0340000000001055, 1, , , 3742.0340000000001055, 0, , , 3742.0340000000001055, 0, , , 3742.0340000000001055, 1
, , 3742.0399999999999636, 1, , , 3742.0399999999999636, 0, , , 3742.0399999999999636, 0, , , 3742.0399999999999636, 1
, , 3742.043999999999869, 1, , , 3742.043999999999869, 0, , , 3742.043999999999869, 0, , , 3742.043999999999869, 1
, , 3742.0489999999999782, 1, , , 3742.0489999999999782, 0, , , 3742.0489999999999782, 0, , , 3742.0489999999999782, 1
, , 3742.0540000000000873, 1, , , 3742.0540000000000873, 0, , , 3742.0540000000000873, 0, , , 3742.0540000000000873, 1
, , 3742.0599999999999454, 1, , , 3742.0599999999999454, 0, , , 3742.0599999999999454, 0, , , 3742.0599999999999454, 1
, , 3742.0650000000000546, 1, , , 3742.0650000000000546, 0, , , 3742.0650000000000546, 0, , , 3742.0650000000000546, 1
, , 3742.06899999999996, 1, , , 3742.06899999999996, 0, , , 3742.06899999999996, 0, , , 3742.06899999999996, 1
, , 3742.0749999999998181, 1, , , 3742.0749999999998181, 0, , , 3742.0749999999998181, 0, , , 3742.0749999999998181, 1
, , 3742.0790000000001783, 1, , , 3742.0790000000001783, 0, , , 3742.0790000000001783, 0, , , 3742.0790000000001783, 1
, , 3742.0850000000000364, 1, , , 3742.0850000000000364, 0, , , 3742.0850000000000364, 0, , , 3742.0850000000000364, 1
, , 3742.0889999999999418, 1, , , 3742.0889999999999418, 0, , , 3742.0889999999999418, 0, , , 3742.0889999999999418, 1
, , 3742.0940000000000509, 1, , , 3742.0940000000000509, 0, , , 3742.0940000000000509, 0, , , 3742.0940000000000509, 1
, , 3742.0999999999999091, 1, , , 3742.0999999999999091, 0, , , 3742.0999999999999091, 0, , , 3742.0999999999999091, 1
, , 3742.1039999999998145, 1, , , 3742.1039999999998145, 0, , , 3742.1039999999998145, 0, , , 3742.1039999999998145, 1
, , 3742.1089999999999236, 1, , , 3742.1089999999999236, 0, , , 3742.1089999999999236, 0, , , 3742.1089999999999236, 1
, , 3742.1140000000000327, 1, , , 3742.1140000000000327, 0, , , 3742.1140000000000327, 0, , , 3742.1140000000000327, 1
, , 3742.1190000000001419, 1, , , 3742.1190000000001419, 0, , , 3742.1190000000001419, 0, , , 3742.1190000000001419, 1
, , 3742.125, 1, , , 3742.125, 0, , , 3742.125, 0, , , 3742.125, 1
, , 3742.1289999999999054, 1, , , 3742.1289999999999054, 1, , , 3742.1289999999999054, 1, , , 3742.1289999999999054, 1
, , 3742.1350000000002183, 1, , , 3742.1350000000002183, 1, , , 3742.1350000000002183, 1, , , 3742.1350000000002183, 1
, , 3742.1390000000001237, 1, , , 3742.1390000000001237, 1, , , 3742.1390000000001237, 1, , , 3742.1390000000001237, 1
, , 3742.1449999999999818, 1, , , 3742.1449999999999818, 1, , , 3742.1449999999999818, 1, , , 3742.1449999999999818, 1
, , 3742.1480000000001382, 1, , , 3742.1480000000001382, 1, , , 3742.1480000000001382, 1, , , 3742.1480000000001382, 1
, , 3742.1619999999998072, 1, , , 3742.1619999999998072, 1, , , 3742.1619999999998072, 1, , , 3742.1619999999998072, 1
, , 3742.1619999999998072, 1, , , 3742.1619999999998072, 1, , , 3742.1619999999998072, 1, , , 3742.1619999999998072, 1
, , 3742.1640000000002146, 1, , , 3742.1640000000002146, 1, , , 3742.1640000000002146, 1, , , 3742.1640000000002146, 1
, , 3742.1680000000001201, 1, , , 3742.1680000000001201, 1, , , 3742.1680000000001201, 1, , , 3742.1680000000001201, 1
, , 3742.1739999999999782, 1, , , 3742.1739999999999782, 1, , , 3742.1739999999999782, 1, , , 3742.1739999999999782, 1
, , 3742.1790000000000873, 1, , , 3742.1790000000000873, 1, , , 3742.1790000000000873, 1, , , 3742.1790000000000873, 1
, , 3742.1840000000001965, 1, , , 3742.1840000000001965, 1, , , 3742.1840000000001965, 1, , , 3742.1840000000001965, 1
, , 3742.1889999999998508, 1, , , 3742.1889999999998508, 1, , , 3742.1889999999998508, 1, , , 3742.1889999999998508, 1
, , 3742.19399999999996, 1, , , 3742.19399999999996, 1, , , 3742.19399999999996, 1, , , 3742.19399999999996, 1
, , 3742.1990000000000691, 1, , , 3742.1990000000000691, 1, , , 3742.1990000000000691, 1, , , 3742.1990000000000691, 1
, , 3742.2040000000001783, 0, , , 3742.2040000000001783, 1, , , 3742.2040000000001783, 1, , , 3742.2040000000001783, 0
, , 3742.2100000000000364, 0, , , 3742.2100000000000364, 1, , , 3742.2100000000000364, 1, , , 3742.2100000000000364, 0
, , 3742.2139999999999418, 0, , , 3742.2139999999999418, 1, , , 3742.2139999999999418, 1, , , 3742.2139999999999418, 0
, , 3742.2190000000000509, 0, , , 3742.2190000000000509, 1, , , 3742.2190000000000509, 1, , , 3742.2190000000000509, 0
, , 3742.2240000000001601, 0, , , 3742.2240000000001601, 1, , , 3742.2240000000001601, 1, , , 3742.2240000000001601, 0
, , 3742.2289999999998145, 0, , , 3742.2289999999998145, 1, , , 3742.2289999999998145, 1, , , 3742.2289999999998145, 0
, , 3742.2350000000001273, 0, , , 3742.2350000000001273, 1, , , 3742.2350000000001273, 1, , , 3742.2350000000001273, 0
, , 3742.2399999999997817, 0, , , 3742.2399999999997817, 1, , , 3742.2399999999997817, 1, , , 3742.2399999999997817, 0
, , 3742.2449999999998909, 0, , , 3742.2449999999998909, 1, , , 3742.2449999999998909, 1, , , 3742.2449999999998909, 0
, , 3742.25, 0, , , 3742.25, 1, , , 3742.25, 1, , , 3742.25, 0
, , 3742.2539999999999054, 0, , , 3742.2539999999999054, 1, , , 3742.2539999999999054, 1, , , 3742.2539999999999054, 0
, , 3742.2590000000000146, 0, , , 3742.2590000000000146, 1, , , 3742.2590000000000146, 1, , , 3742.2590000000000146, 0
, , 3742.2660000000000764, 0, , , 3742.2660000000000764, 1, , , 3742.2660000000000764, 1, , , 3742.2660000000000764, 0
, , 3742.2689999999997781, 0, , , 3742.2689999999997781, 1, , , 3742.2689999999997781, 1, , , 3742.2689999999997781, 0
, , 3742.2739999999998872, 0, , , 3742.2739999999998872, 1, , , 3742.2739999999998872, 1, , , 3742.2739999999998872, 0
, , 3742.2789999999999964, 0, , , 3742.2789999999999964, 1, , , 3742.2789999999999964, 1, , , 3742.2789999999999964, 0
, , 3742.2840000000001055, 0, , , 3742.2840000000001055, 1, , , 3742.2840000000001055, 1, , , 3742.2840000000001055, 0
, , 3742.2890000000002146, 0, , , 3742.2890000000002146, 1, , , 3742.2890000000002146, 1, , , 3742.2890000000002146, 0
, , 3742.293999999999869, 0, , , 3742.293999999999869, 1, , , 3742.293999999999869, 1, , , 3742.293999999999869, 0
, , 3742.2989999999999782, 0, , , 3742.2989999999999782, 1, , , 3742.2989999999999782, 1, , , 3742.2989999999999782, 0
, , 3742.3049999999998363, 0, , , 3742.3049999999998363, 1, , , 3742.3049999999998363, 1, , , 3742.3049999999998363, 0
, , 3742.3090000000001965, 0, , , 3742.3090000000001965, 1, , , 3742.3090000000001965, 1, , , 3742.3090000000001965, 0
, , 3742.3139999999998508, 0, , , 3742.3139999999998508, 1, , , 3742.3139999999998508, 1, , , 3742.3139999999998508, 0
, , 3742.3200000000001637, 0, , , 3742.3200000000001637, 1, , , 3742.3200000000001637, 1, , , 3742.3200000000001637, 0
, , 3742.3240000000000691, 0, , , 3742.3240000000000691, 1, , , 3742.3240000000000691, 1, , , 3742.3240000000000691, 0
, , 3742.331000000000131, 0, , , 3742.331000000000131, 1, , , 3742.331000000000131, 1, , , 3742.331000000000131, 0
, , 3742.3330000000000837, 0, , , 3742.3330000000000837, 1, , , 3742.3330000000000837, 1, , , 3742.3330000000000837, 0
, , 3742.3400000000001455, 0, , , 3742.3400000000001455, 1, , , 3742.3400000000001455, 1, , , 3742.3400000000001455, 0
, , 3742.3440000000000509, 0, , , 3742.3440000000000509, 1, , , 3742.3440000000000509, 1, , , 3742.3440000000000509, 0
, , 3742.3490000000001601, 0, , , 3742.3490000000001601, 1, , , 3742.3490000000001601, 1, , , 3742.3490000000001601, 0
, , 3742.3550000000000182, 0, , , 3742.3550000000000182, 1, , , 3742.3550000000000182, 1, , , 3742.3550000000000182, 0
, , 3742.3589999999999236, 0, , , 3742.3589999999999236, 1, , , 3742.3589999999999236, 1, , , 3742.3589999999999236, 0
, , 3742.3649999999997817, 0, , , 3742.3649999999997817, 1, , , 3742.3649999999997817, 1, , , 3742.3649999999997817, 0
, , 3742.3690000000001419, 0, , , 3742.3690000000001419, 1, , , 3742.3690000000001419, 1, , , 3742.3690000000001419, 0
, , 3742.3739999999997963, 0, , , 3742.3739999999997963, 1, , , 3742.3739999999997963, 1, , , 3742.3739999999997963, 0
, , 3742.3789999999999054, 0, , , 3742.3789999999999054, 1, , , 3742.3789999999999054, 1, , , 3742.3789999999999054, 0
, , 3742.3840000000000146, 0, , , 3742.3840000000000146, 1, , , 3742.3840000000000146, 1, , , 3742.3840000000000146, 0
, , 3742.3890000000001237, 0, , , 3742.3890000000001237, 1, , , 3742.3890000000001237, 1, , , 3742.3890000000001237, 0
, , 3742.3949999999999818, 0, , , 3742.3949999999999818, 1, , , 3742.3949999999999818, 1, , , 3742.3949999999999818, 0
, , 3742.3989999999998872, 0, , , 3742.3989999999998872, 1, , , 3742.3989999999998872, 1, , , 3742.3989999999998872, 0
, , 3742.4029999999997926, 0, , , 3742.4029999999997926, 1, , , 3742.4029999999997926, 1, , , 3742.4029999999997926, 0
, , 3742.4090000000001055, 0, , , 3742.4090000000001055, 1, , , 3742.4090000000001055, 1, , , 3742.4090000000001055, 0
, , 3742.4130000000000109, 0, , , 3742.4130000000000109, 1, , , 3742.4130000000000109, 1, , , 3742.4130000000000109, 0
, , 3742.4180000000001201, 0, , , 3742.4180000000001201, 1, , , 3742.4180000000001201, 1, , , 3742.4180000000001201, 0
, , 3742.4239999999999782, 0, , , 3742.4239999999999782, 1, , , 3742.4239999999999782, 1, , , 3742.4239999999999782, 0
, , 3742.4290000000000873, 0, , , 3742.4290000000000873, 1, , , 3742.4290000000000873, 1, , , 3742.4290000000000873, 0
, , 3742.4340000000001965, 0, , , 3742.4340000000001965, 1, , , 3742.4340000000001965, 1, , , 3742.4340000000001965, 0
, , 3742.4389999999998508, 0, , , 3742.4389999999998508, 1, , , 3742.4389999999998508, 1, , , 3742.4389999999998508, 0
, , 3742.44399999999996, 0, , , 3742.44399999999996, 1, , , 3742.44399999999996, 1, , , 3742.44399999999996, 0
, , 3742.4520000000002256, 0, , , 3742.4520000000002256, 1, , , 3742.4520000000002256, 1, , , 3742.4520000000002256, 0
, , 3742.4540000000001783, 1, , , 3742.4540000000001783, 1, , , 3742.4540000000001783, 1, , , 3742.4540000000001783, 1
, , 3742.4589999999998327, 1, , , 3742.4589999999998327, 1, , , 3742.4589999999998327, 1, , , 3742.4589999999998327, 1
, , 3742.4639999999999418, 1, , , 3742.4639999999999418, 1, , , 3742.4639999999999418, 1, , , 3742.4639999999999418, 1
, , 3742.4690000000000509, 1, , , 3742.4690000000000509, 1, , , 3742.4690000000000509, 1, , , 3742.4690000000000509, 1
, , 3742.4740000000001601, 1, , , 3742.4740000000001601, 1, , , 3742.4740000000001601, 1, , , 3742.4740000000001601, 1
, , 3742.4789999999998145, 1, , , 3742.4789999999998145, 1, , , 3742.4789999999998145, 1, , , 3742.4789999999998145, 1
, , 3742.4850000000001273, 1, , , 3742.4850000000001273, 1, , , 3742.4850000000001273, 1, , , 3742.4850000000001273, 1
, , 3742.4890000000000327, 1, , , 3742.4890000000000327, 1, , , 3742.4890000000000327, 1, , , 3742.4890000000000327, 1
, , 3742.4940000000001419, 1, , , 3742.4940000000001419, 1, , , 3742.4940000000001419, 1, , , 3742.4940000000001419, 1
, , 3742.4989999999997963, 1, , , 3742.4989999999997963, 1, , , 3742.4989999999997963, 1, , , 3742.4989999999997963, 1
, , 3742.5039999999999054, 1, , , 3742.5039999999999054, 1, , , 3742.5039999999999054, 1, , , 3742.5039999999999054, 1
, , 3742.5090000000000146, 1, , , 3742.5090000000000146, 1, , , 3742.5090000000000146, 1, , , 3742.5090000000000146, 1
, , 3742.5149999999998727, 1, , , 3742.5149999999998727, 1, , , 3742.5149999999998727, 1, , , 3742.5149999999998727, 1
, , 3742.5199999999999818, 1, , , 3742.5199999999999818, 1, , , 3742.5199999999999818, 1, , , 3742.5199999999999818, 1
, , 3742.5239999999998872, 1, , , 3742.5239999999998872, 1, , , 3742.5239999999998872, 1, , , 3742.5239999999998872, 1
, , 3742.5289999999999964, 1, , , 3742.5289999999999964, 0, , , 3742.5289999999999964, 0, , , 3742.5289999999999964, 1
, , 3742.5340000000001055, 1, , , 3742.5340000000001055, 0, , , 3742.5340000000001055, 0, , , 3742.5340000000001055, 1
, , 3742.5390000000002146, 1, , , 3742.5390000000002146, 0, , , 3742.5390000000002146, 0, , , 3742.5390000000002146, 1
, , 3742.5430000000001201, 1, , , 3742.5430000000001201, 0, , , 3742.5430000000001201, 0, , , 3742.5430000000001201, 1
, , 3742.5489999999999782, 1, , , 3742.5489999999999782, 0, , , 3742.5489999999999782, 0, , , 3742.5489999999999782, 1
, , 3742.5549999999998363, 1, , , 3742.5549999999998363, 0, , , 3742.5549999999998363, 0, , , 3742.5549999999998363, 1
, , 3742.5590000000001965, 1, , , 3742.5590000000001965, 0, , , 3742.5590000000001965, 0, , , 3742.5590000000001965, 1
, , 3742.5639999999998508, 1, , , 3742.5639999999998508, 0, , , 3742.5639999999998508, 0, , , 3742.5639999999998508, 1
, , 3742.5700000000001637, 1, , , 3742.5700000000001637, 0, , , 3742.5700000000001637, 0, , , 3742.5700000000001637, 1
, , 3742.5740000000000691, 1, , , 3742.5740000000000691, 0, , , 3742.5740000000000691, 0, , , 3742.5740000000000691, 1
, , 3742.5790000000001783, 1, , , 3742.5790000000001783, 0, , , 3742.5790000000001783, 0, , , 3742.5790000000001783, 1
, , 3742.5839999999998327, 1, , , 3742.5839999999998327, 0, , , 3742.5839999999998327, 0, , , 3742.5839999999998327, 1
, , 3742.5889999999999418, 1, , , 3742.5889999999999418, 0, , , 3742.5889999999999418, 0, , , 3742.5889999999999418, 1
, , 3742.5940000000000509, 1, , , 3742.5940000000000509, 0, , , 3742.5940000000000509, 0, , , 3742.5940000000000509, 1
, , 3742.5990000000001601, 1, , , 3742.5990000000001601, 0, , , 3742.5990000000001601, 0, , , 3742.5990000000001601, 1
, , 3742.6039999999998145, 1, , , 3742.6039999999998145, 0, , , 3742.6039999999998145, 0, , , 3742.6039999999998145, 1
, , 3742.6089999999999236, 1, , , 3742.6089999999999236, 0, , , 3742.6089999999999236, 0, , , 3742.6089999999999236, 1
, , 3742.6140000000000327, 1, , , 3742.6140000000000327, 0, , , 3742.6140000000000327, 0, , , 3742.6140000000000327, 1
, , 3742.6190000000001419, 1, , , 3742.6190000000001419, 0, , , 3742.6190000000001419, 0, , , 3742.6190000000001419, 1
, , 3742.625, 1, , , 3742.625, 0, , , 3742.625, 0, , , 3742.625, 1
, , 3742.6289999999999054, 1, , , 3742.6289999999999054, 0, , , 3742.6289999999999054, 0, , , 3742.6289999999999054, 1
, , 3742.6340000000000146, 1, , , 3742.6340000000000146, 0, , , 3742.6340000000000146, 0, , , 3742.6340000000000146, 1
, , 3742.6390000000001237, 1, , , 3742.6390000000001237, 0, , , 3742.6390000000001237, 0, , , 3742.6390000000001237, 1
, , 3742.6439999999997781, 1, , , 3742.6439999999997781, 0, , , 3742.6439999999997781, 0, , , 3742.6439999999997781, 1
, , 3742.6489999999998872, 1, , , 3742.6489999999998872, 0, , , 3742.6489999999998872, 0, , , 3742.6489999999998872, 1
, , 3742.6539999999999964, 1, , , 3742.6539999999999964, 0, , , 3742.6539999999999964, 0, , , 3742.6539999999999964, 1
, , 3742.6599999999998545, 1, , , 3742.6599999999998545, 0, , , 3742.6599999999998545, 0, , , 3742.6599999999998545, 1
, , 3742.6640000000002146, 1, , , 3742.6640000000002146, 0, , , 3742.6640000000002146, 0, , , 3742.6640000000002146, 1
, , 3742.668999999999869, 1, , , 3742.668999999999869, 0, , , 3742.668999999999869, 0, , , 3742.668999999999869, 1
, , 3742.6739999999999782, 1, , , 3742.6739999999999782, 0, , , 3742.6739999999999782, 0, , , 3742.6739999999999782, 1
, , 3742.6790000000000873, 1, , , 3742.6790000000000873, 0, , , 3742.6790000000000873, 0, , , 3742.6790000000000873, 1
, , 3742.6840000000001965, 1, , , 3742.6840000000001965, 0, , , 3742.6840000000001965, 0, , , 3742.6840000000001965, 1
, , 3742.6889999999998508, 1, , , 3742.6889999999998508, 0, , , 3742.6889999999998508, 0, , , 3742.6889999999998508, 1
, , 3742.69399999999996, 1, , , 3742.69399999999996, 0, , , 3742.69399999999996, 0, , , 3742.69399999999996, 1
, , 3742.6999999999998181, 1, , , 3742.6999999999998181, 0, , , 3742.6999999999998181, 0, , , 3742.6999999999998181, 1
, , 3742.7040000000001783, 1, , , 3742.7040000000001783, 0, , , 3742.7040000000001783, 0, , , 3742.7040000000001783, 1
, , 3742.7100000000000364, 1, , , 3742.7100000000000364, 0, , , 3742.7100000000000364, 0, , , 3742.7100000000000364, 1
, , 3742.7150000000001455, 1, , , 3742.7150000000001455, 0, , , 3742.7150000000001455, 0, , , 3742.7150000000001455, 1
, , 3742.7190000000000509, 1, , , 3742.7190000000000509, 0, , , 3742.7190000000000509, 0, , , 3742.7190000000000509, 1
, , 3742.7240000000001601, 1, , , 3742.7240000000001601, 0, , , 3742.7240000000001601, 0, , , 3742.7240000000001601, 1
, , 3742.7289999999998145, 1, , , 3742.7289999999998145, 0, , , 3742.7289999999998145, 0, , , 3742.7289999999998145, 1
, , 3742.7339999999999236, 1, , , 3742.7339999999999236, 0, , , 3742.7339999999999236, 0, , , 3742.7339999999999236, 1
, , 3742.7399999999997817, 1, , , 3742.7399999999997817, 0, , , 3742.7399999999997817, 0, , , 3742.7399999999997817, 1
, , 3742.7440000000001419, 1, , , 3742.7440000000001419, 0, , , 3742.7440000000001419, 0, , , 3742.7440000000001419, 1
, , 3742.7480000000000473, 1, , , 3742.7480000000000473, 0, , , 3742.7480000000000473, 0, , , 3742.7480000000000473, 1
, , 3742.7539999999999054, 1, , , 3742.7539999999999054, 0, , , 3742.7539999999999054, 0, , , 3742.7539999999999054, 1
, , 3742.7590000000000146, 1, , , 3742.7590000000000146, 0, , , 3742.7590000000000146, 0, , , 3742.7590000000000146, 1
, , 3742.7640000000001237, 1, , , 3742.7640000000001237, 0, , , 3742.7640000000001237, 0, , , 3742.7640000000001237, 1
, , 3742.7699999999999818, 1, , , 3742.7699999999999818, 0, , , 3742.7699999999999818, 0, , , 3742.7699999999999818, 1
, , 3742.7739999999998872, 1, , , 3742.7739999999998872, 0, , , 3742.7739999999998872, 0, , , 3742.7739999999998872, 1
, , 3742.7789999999999964, 1, , , 3742.7789999999999964, 1, , , 3742.7789999999999964, 1, , , 3742.7789999999999964, 1
, , 3742.7849999999998545, 1, , , 3742.7849999999998545, 1, , , 3742.7849999999998545, 1, , , 3742.7849999999998545, 1
, , 3742.7899999999999636, 1, , , 3742.7899999999999636, 1, , , 3742.7899999999999636, 1, , , 3742.7899999999999636, 1
, , 3742.7950000000000728, 1, , , 3742.7950000000000728, 1, , , 3742.7950000000000728, 1, , , 3742.7950000000000728, 1
, , 3742.7989999999999782, 1, , , 3742.7989999999999782, 1, , , 3742.7989999999999782, 1, , , 3742.7989999999999782, 1
, , 3742.8040000000000873, 1, , , 3742.8040000000000873, 1, , , 3742.8040000000000873, 1, , , 3742.8040000000000873, 1
, , 3742.8099999999999454, 1, , , 3742.8099999999999454, 1, , , 3742.8099999999999454, 1, , , 3742.8099999999999454, 1
, , 3742.8139999999998508, 1, , , 3742.8139999999998508, 1, , , 3742.8139999999998508, 1, , , 3742.8139999999998508, 1
, , 3742.81899999999996, 1, , , 3742.81899999999996, 1, , , 3742.81899999999996, 1, , , 3742.81899999999996, 1
, , 3742.8240000000000691, 1, , , 3742.8240000000000691, 1, , , 3742.8240000000000691, 1, , , 3742.8240000000000691, 1
, , 3742.8299999999999272, 1, , , 3742.8299999999999272, 1, , , 3742.8299999999999272, 1, , , 3742.8299999999999272, 1
, , 3742.8339999999998327, 1, , , 3742.8339999999998327, 1, , , 3742.8339999999998327, 1, , , 3742.8339999999998327, 1
, , 3742.8389999999999418, 1, , , 3742.8389999999999418, 1, , , 3742.8389999999999418, 1, , , 3742.8389999999999418, 1
, , 3742.8440000000000509, 1, , , 3742.8440000000000509, 1, , , 3742.8440000000000509, 1, , , 3742.8440000000000509, 1
, , 3742.8490000000001601, 1, , , 3742.8490000000001601, 1, , , 3742.8490000000001601, 1, , , 3742.8490000000001601, 1
, , 3742.8550000000000182, 0, , , 3742.8550000000000182, 1, , , 3742.8550000000000182, 1, , , 3742.8550000000000182, 0
, , 3742.8589999999999236, 0, , , 3742.8589999999999236, 1, , , 3742.8589999999999236, 1, , , 3742.8589999999999236, 0
, , 3742.8649999999997817, 0, , , 3742.8649999999997817, 1, , , 3742.8649999999997817, 1, , , 3742.8649999999997817, 0
, , 3742.8699999999998909, 0, , , 3742.8699999999998909, 1, , , 3742.8699999999998909, 1, , , 3742.8699999999998909, 0
, , 3742.8739999999997963, 0, , , 3742.8739999999997963, 1, , , 3742.8739999999997963, 1, , , 3742.8739999999997963, 0
, , 3742.8800000000001091, 0, , , 3742.8800000000001091, 1, , , 3742.8800000000001091, 1, , , 3742.8800000000001091, 0
, , 3742.8829999999998108, 0, , , 3742.8829999999998108, 1, , , 3742.8829999999998108, 1, , , 3742.8829999999998108, 0
, , 3742.8890000000001237, 0, , , 3742.8890000000001237, 1, , , 3742.8890000000001237, 1, , , 3742.8890000000001237, 0
, , 3742.8939999999997781, 0, , , 3742.8939999999997781, 1, , , 3742.8939999999997781, 1, , , 3742.8939999999997781, 0
, , 3742.9000000000000909, 0, , , 3742.9000000000000909, 1, , , 3742.9000000000000909, 1, , , 3742.9000000000000909, 0
, , 3742.9050000000002001, 0, , , 3742.9050000000002001, 1, , , 3742.9050000000002001, 1, , , 3742.9050000000002001, 0
, , 3742.9090000000001055, 0, , , 3742.9090000000001055, 1, , , 3742.9090000000001055, 1, , , 3742.9090000000001055, 0
, , 3742.9140000000002146, 0, , , 3742.9140000000002146, 1, , , 3742.9140000000002146, 1, , , 3742.9140000000002146, 0
, , 3742.918999999999869, 0, , , 3742.918999999999869, 1, , , 3742.918999999999869, 1, , , 3742.918999999999869, 0
, , 3742.9250000000001819, 0, , , 3742.9250000000001819, 1, , , 3742.9250000000001819, 1, , , 3742.9250000000001819, 0
, , 3742.9290000000000873, 0, , , 3742.9290000000000873, 1, , , 3742.9290000000000873, 1, , , 3742.9290000000000873, 0
, , 3742.9340000000001965, 0, , , 3742.9340000000001965, 1, , , 3742.9340000000001965, 1, , , 3742.9340000000001965, 0
, , 3742.9389999999998508, 0, , , 3742.9389999999998508, 1, , , 3742.9389999999998508, 1, , , 3742.9389999999998508, 0
, , 3742.94399999999996, 0, , , 3742.94399999999996, 1, , , 3742.94399999999996, 1, , , 3742.94399999999996, 0
, , 3742.9490000000000691, 0, , , 3742.9490000000000691, 1, , , 3742.9490000000000691, 1, , , 3742.9490000000000691, 0
, , 3742.9540000000001783, 0, , , 3742.9540000000001783, 1, , , 3742.9540000000001783, 1, , , 3742.9540000000001783, 0
, , 3742.9589999999998327, 0, , , 3742.9589999999998327, 1, , , 3742.9589999999998327, 1, , , 3742.9589999999998327, 0
, , 3742.9639999999999418, 0, , , 3742.9639999999999418, 1, , , 3742.9639999999999418, 1, , , 3742.9639999999999418, 0
, , 3742.9690000000000509, 0, , , 3742.9690000000000509, 1, , , 3742.9690000000000509, 1, , , 3742.9690000000000509, 0
, , 3742.9740000000001601, 0, , , 3742.9740000000001601, 1, , , 3742.9740000000001601, 1, , , 3742.9740000000001601, 0
, , 3742.9789999999998145, 0, , , 3742.9789999999998145, 1, , , 3742.9789999999998145, 1, , , 3742.9789999999998145, 0
, , 3742.9830000000001746, 0, , , 3742.9830000000001746, 1, , , 3742.9830000000001746, 1, , , 3742.9830000000001746, 0
, , 3742.9899999999997817, 0, , , 3742.9899999999997817, 1, , , 3742.9899999999997817, 1, , , 3742.9899999999997817, 0
, , 3742.9940000000001419, 0, , , 3742.9940000000001419, 1, , , 3742.9940000000001419, 1, , , 3742.9940000000001419, 0
, , 3742.9989999999997963, 0, , , 3742.9989999999997963, 1, , , 3742.9989999999997963, 1, , , 3742.9989999999997963, 0
, , 3743.0039999999999054, 0, , , 3743.0039999999999054, 1, , , 3743.0039999999999054, 1, , , 3743.0039999999999054, 0
, , 3743.0100000000002183, 0, , , 3743.0100000000002183, 1, , , 3743.0100000000002183, 1, , , 3743.0100000000002183, 0
, , 3743.0140000000001237, 0, , , 3743.0140000000001237, 1, , , 3743.0140000000001237, 1, , , 3743.0140000000001237, 0
, , 3743.0189999999997781, 0, , , 3743.0189999999997781, 1, , , 3743.0189999999997781, 1, , , 3743.0189999999997781, 0
, , 3743.0239999999998872, 0, , , 3743.0239999999998872, 1, , , 3743.0239999999998872, 1, , , 3743.0239999999998872, 0
, , 3743.0300000000002001, 0, , , 3743.0300000000002001, 1, , , 3743.0300000000002001, 1, , , 3743.0300000000002001, 0
, , 3743.0340000000001055, 0, , , 3743.0340000000001055, 1, , , 3743.0340000000001055, 1, , , 3743.0340000000001055, 0
, , 3743.0399999999999636, 0, , , 3743.0399999999999636, 1, , , 3743.0399999999999636, 1, , , 3743.0399999999999636, 0
, , 3743.043999999999869, 0, , , 3743.043999999999869, 1, , , 3743.043999999999869, 1, , , 3743.043999999999869, 0
, , 3743.0489999999999782, 0, , , 3743.0489999999999782, 1, , , 3743.0489999999999782, 1, , , 3743.0489999999999782, 0
, , 3743.0540000000000873, 0, , , 3743.0540000000000873, 1, , , 3743.0540000000000873, 1, , , 3743.0540000000000873, 0
, , 3743.0590000000001965, 0, , , 3743.0590000000001965, 1, , , 3743.0590000000001965, 1, , , 3743.0590000000001965, 0
, , 3743.0650000000000546, 0, , , 3743.0650000000000546, 1, , , 3743.0650000000000546, 1, , , 3743.0650000000000546, 0
, , 3743.06899999999996, 0, , , 3743.06899999999996, 1, , , 3743.06899999999996, 1, , , 3743.06899999999996, 0
, , 3743.0740000000000691, 0, , , 3743.0740000000000691, 1, , , 3743.0740000000000691, 1, , , 3743.0740000000000691, 0
, , 3743.0790000000001783, 0, , , 3743.0790000000001783, 1, , , 3743.0790000000001783, 1, , , 3743.0790000000001783, 0
, , 3743.0839999999998327, 0, , , 3743.0839999999998327, 1, , , 3743.0839999999998327, 1, , , 3743.0839999999998327, 0
, , 3743.0889999999999418, 0, , , 3743.0889999999999418, 1, , , 3743.0889999999999418, 1, , , 3743.0889999999999418, 0
, , 3743.0949999999997999, 0, , , 3743.0949999999997999, 1, , , 3743.0949999999997999, 1, , , 3743.0949999999997999, 0
, , 3743.0990000000001601, 0, , , 3743.0990000000001601, 1, , , 3743.0990000000001601, 1, , , 3743.0990000000001601, 0
, , 3743.1050000000000182, 0, , , 3743.1050000000000182, 1, , , 3743.1050000000000182, 1, , , 3743.1050000000000182, 0
, , 3743.1089999999999236, 1, , , 3743.1089999999999236, 1, , , 3743.1089999999999236, 1, , , 3743.1089999999999236, 1
, , 3743.1159999999999854, 1, , , 3743.1159999999999854, 1, , , 3743.1159999999999854, 1, , , 3743.1159999999999854, 1
, , 3743.1190000000001419, 1, , , 3743.1190000000001419, 1, , , 3743.1190000000001419, 1, , , 3743.1190000000001419, 1
, , 3743.1239999999997963, 1, , , 3743.1239999999997963, 1, , , 3743.1239999999997963, 1, , , 3743.1239999999997963, 1
, , 3743.1300000000001091, 1, , , 3743.1300000000001091, 1, , , 3743.1300000000001091, 1, , , 3743.1300000000001091, 1
, , 3743.1350000000002183, 1, , , 3743.1350000000002183, 1, , , 3743.1350000000002183, 1, , , 3743.1350000000002183, 1
, , 3743.1390000000001237, 1, , , 3743.1390000000001237, 1, , , 3743.1390000000001237, 1, , , 3743.1390000000001237, 1
, , 3743.1439999999997781, 1, , , 3743.1439999999997781, 1, , , 3743.1439999999997781, 1, , , 3743.1439999999997781, 1
, , 3743.1500000000000909, 1, , , 3743.1500000000000909, 1, , , 3743.1500000000000909, 1, , , 3743.1500000000000909, 1
, , 3743.1539999999999964, 1, , , 3743.1539999999999964, 1, , , 3743.1539999999999964, 1, , , 3743.1539999999999964, 1
, , 3743.1599999999998545, 1, , , 3743.1599999999998545, 1, , , 3743.1599999999998545, 1, , , 3743.1599999999998545, 1
, , 3743.1649999999999636, 1, , , 3743.1649999999999636, 1, , , 3743.1649999999999636, 1, , , 3743.1649999999999636, 1
, , 3743.168999999999869, 1, , , 3743.168999999999869, 1, , , 3743.168999999999869, 1, , , 3743.168999999999869, 1
, , 3743.1739999999999782, 1, , , 3743.1739999999999782, 1, , , 3743.1739999999999782, 1, , , 3743.1739999999999782, 1
, , 3743.1790000000000873, 1, , , 3743.1790000000000873, 1, , , 3743.1790000000000873, 1, , , 3743.1790000000000873, 1
, , 3743.1840000000001965, 1, , , 3743.1840000000001965, 0, , , 3743.1840000000001965, 0, , , 3743.1840000000001965, 1
, , 3743.1889999999998508, 1, , , 3743.1889999999998508, 0, , , 3743.1889999999998508, 0, , , 3743.1889999999998508, 1
, , 3743.19399999999996, 1, , , 3743.19399999999996, 0, , , 3743.19399999999996, 0, , , 3743.19399999999996, 1
, , 3743.1990000000000691, 1, , , 3743.1990000000000691, 0, , , 3743.1990000000000691, 0, , , 3743.1990000000000691, 1
, , 3743.2040000000001783, 1, , , 3743.2040000000001783, 0, , , 3743.2040000000001783, 0, , , 3743.2040000000001783, 1
, , 3743.2089999999998327, 1, , , 3743.2089999999998327, 0, , , 3743.2089999999998327, 0, , , 3743.2089999999998327, 1
, , 3743.2139999999999418, 1, , , 3743.2139999999999418, 0, , , 3743.2139999999999418, 0, , , 3743.2139999999999418, 1
, , 3743.2199999999997999, 1, , , 3743.2199999999997999, 0, , , 3743.2199999999997999, 0, , , 3743.2199999999997999, 1
, , 3743.2249999999999091, 1, , , 3743.2249999999999091, 0, , , 3743.2249999999999091, 0, , , 3743.2249999999999091, 1
, , 3743.2289999999998145, 1, , , 3743.2289999999998145, 0, , , 3743.2289999999998145, 0, , , 3743.2289999999998145, 1
, , 3743.2339999999999236, 1, , , 3743.2339999999999236, 0, , , 3743.2339999999999236, 0, , , 3743.2339999999999236, 1
, , 3743.2390000000000327, 1, , , 3743.2390000000000327, 0, , , 3743.2390000000000327, 0, , , 3743.2390000000000327, 1
, , 3743.2449999999998909, 1, , , 3743.2449999999998909, 0, , , 3743.2449999999998909, 0, , , 3743.2449999999998909, 1
, , 3743.2489999999997963, 1, , , 3743.2489999999997963, 0, , , 3743.2489999999997963, 0, , , 3743.2489999999997963, 1
, , 3743.2539999999999054, 1, , , 3743.2539999999999054, 0, , , 3743.2539999999999054, 0, , , 3743.2539999999999054, 1
, , 3743.2590000000000146, 1, , , 3743.2590000000000146, 0, , , 3743.2590000000000146, 0, , , 3743.2590000000000146, 1
, , 3743.2640000000001237, 1, , , 3743.2640000000001237, 0, , , 3743.2640000000001237, 0, , , 3743.2640000000001237, 1
, , 3743.2689999999997781, 1, , , 3743.2689999999997781, 0, , , 3743.2689999999997781, 0, , , 3743.2689999999997781, 1
, , 3743.2759999999998399, 1, , , 3743.2759999999998399, 0, , , 3743.2759999999998399, 0, , , 3743.2759999999998399, 1
, , 3743.2800000000002001, 1, , , 3743.2800000000002001, 0, , , 3743.2800000000002001, 0, , , 3743.2800000000002001, 1
, , 3743.2840000000001055, 1, , , 3743.2840000000001055, 0, , , 3743.2840000000001055, 0, , , 3743.2840000000001055, 1
, , 3743.2890000000002146, 1, , , 3743.2890000000002146, 0, , , 3743.2890000000002146, 0, , , 3743.2890000000002146, 1
, , 3743.293999999999869, 1, , , 3743.293999999999869, 0, , , 3743.293999999999869, 0, , , 3743.293999999999869, 1
, , 3743.2989999999999782, 1, , , 3743.2989999999999782, 0, , , 3743.2989999999999782, 0, , , 3743.2989999999999782, 1
, , 3743.3049999999998363, 1, , , 3743.3049999999998363, 0, , , 3743.3049999999998363, 0, , , 3743.3049999999998363, 1
, , 3743.3090000000001965, 1, , , 3743.3090000000001965, 0, , , 3743.3090000000001965, 0, , , 3743.3090000000001965, 1
, , 3743.3150000000000546, 1, , , 3743.3150000000000546, 0, , , 3743.3150000000000546, 0, , , 3743.3150000000000546, 1
, , 3743.31899999999996, 1, , , 3743.31899999999996, 0, , , 3743.31899999999996, 0, , , 3743.31899999999996, 1
, , 3743.3240000000000691, 1, , , 3743.3240000000000691, 0, , , 3743.3240000000000691, 0, , , 3743.3240000000000691, 1
, , 3743.3290000000001783, 1, , , 3743.3290000000001783, 0, , , 3743.3290000000001783, 0, , , 3743.3290000000001783, 1
, , 3743.3339999999998327, 1, , , 3743.3339999999998327, 0, , , 3743.3339999999998327, 0, , , 3743.3339999999998327, 1
, , 3743.3380000000001928, 1, , , 3743.3380000000001928, 0, , , 3743.3380000000001928, 0, , , 3743.3380000000001928, 1
, , 3743.3449999999997999, 1, , , 3743.3449999999997999, 0, , , 3743.3449999999997999, 0, , , 3743.3449999999997999, 1
, , 3743.3490000000001601, 1, , , 3743.3490000000001601, 0, , , 3743.3490000000001601, 0, , , 3743.3490000000001601, 1
, , 3743.3560000000002219, 1, , , 3743.3560000000002219, 0, , , 3743.3560000000002219, 0, , , 3743.3560000000002219, 1
, , 3743.3589999999999236, 1, , , 3743.3589999999999236, 0, , , 3743.3589999999999236, 0, , , 3743.3589999999999236, 1
, , 3743.3649999999997817, 1, , , 3743.3649999999997817, 0, , , 3743.3649999999997817, 0, , , 3743.3649999999997817, 1
, , 3743.3690000000001419, 1, , , 3743.3690000000001419, 0, , , 3743.3690000000001419, 0, , , 3743.3690000000001419, 1
, , 3743.3739999999997963, 1, , , 3743.3739999999997963, 0, , , 3743.3739999999997963, 0, , , 3743.3739999999997963, 1
, , 3743.3789999999999054, 1, , , 3743.3789999999999054, 0, , , 3743.3789999999999054, 0, , , 3743.3789999999999054, 1
, , 3743.3840000000000146, 1, , , 3743.3840000000000146, 0, , , 3743.3840000000000146, 0, , , 3743.3840000000000146, 1
, , 3743.3890000000001237, 1, , , 3743.3890000000001237, 0, , , 3743.3890000000001237, 0, , , 3743.3890000000001237, 1
, , 3743.3939999999997781, 1, , , 3743.3939999999997781, 0, , , 3743.3939999999997781, 0, , , 3743.3939999999997781, 1
, , 3743.3980000000001382, 1, , , 3743.3980000000001382, 0, , , 3743.3980000000001382, 0, , , 3743.3980000000001382, 1
, , 3743.4039999999999964, 1, , , 3743.4039999999999964, 0, , , 3743.4039999999999964, 0, , , 3743.4039999999999964, 1
, , 3743.4090000000001055, 1, , , 3743.4090000000001055, 0, , , 3743.4090000000001055, 0, , , 3743.4090000000001055, 1
, , 3743.4140000000002146, 1, , , 3743.4140000000002146, 0, , , 3743.4140000000002146, 0, , , 3743.4140000000002146, 1
, , 3743.418999999999869, 1, , , 3743.418999999999869, 0, , , 3743.418999999999869, 0, , , 3743.418999999999869, 1
, , 3743.4239999999999782, 1, , , 3743.4239999999999782, 0, , , 3743.4239999999999782, 0, , , 3743.4239999999999782, 1
, , 3743.4290000000000873, 1, , , 3743.4290000000000873, 0, , , 3743.4290000000000873, 0, , , 3743.4290000000000873, 1
, , 3743.4340000000001965, 1, , , 3743.4340000000001965, 1, , , 3743.4340000000001965, 1, , , 3743.4340000000001965, 1
, , 3743.4400000000000546, 1, , , 3743.4400000000000546, 1, , , 3743.4400000000000546, 1, , , 3743.4400000000000546, 1
, , 3743.44399999999996, 1, , , 3743.44399999999996, 1, , , 3743.44399999999996, 1, , , 3743.44399999999996, 1
, , 3743.4490000000000691, 1, , , 3743.4490000000000691, 1, , , 3743.4490000000000691, 1, , , 3743.4490000000000691, 1
, , 3743.4540000000001783, 1, , , 3743.4540000000001783, 1, , , 3743.4540000000001783, 1, , , 3743.4540000000001783, 1
, , 3743.4589999999998327, 1, , , 3743.4589999999998327, 1, , , 3743.4589999999998327, 1, , , 3743.4589999999998327, 1
, , 3743.4639999999999418, 1, , , 3743.4639999999999418, 1, , , 3743.4639999999999418, 1, , , 3743.4639999999999418, 1
, , 3743.4699999999997999, 1, , , 3743.4699999999997999, 1, , , 3743.4699999999997999, 1, , , 3743.4699999999997999, 1
, , 3743.4729999999999563, 1, , , 3743.4729999999999563, 1, , , 3743.4729999999999563, 1, , , 3743.4729999999999563, 1
, , 3743.4800000000000182, 1, , , 3743.4800000000000182, 1, , , 3743.4800000000000182, 1, , , 3743.4800000000000182, 1
, , 3743.4839999999999236, 1, , , 3743.4839999999999236, 1, , , 3743.4839999999999236, 1, , , 3743.4839999999999236, 1
, , 3743.4890000000000327, 1, , , 3743.4890000000000327, 1, , , 3743.4890000000000327, 1, , , 3743.4890000000000327, 1
, , 3743.4940000000001419, 1, , , 3743.4940000000001419, 1, , , 3743.4940000000001419, 1, , , 3743.4940000000001419, 1
, , 3743.5, 1, , , 3743.5, 1, , , 3743.5, 1, , , 3743.5, 1
, , 3743.5050000000001091, 1, , , 3743.5050000000001091, 1, , , 3743.5050000000001091, 1, , , 3743.5050000000001091, 1
, , 3743.5090000000000146, 0, , , 3743.5090000000000146, 1, , , 3743.5090000000000146, 1, , , 3743.5090000000000146, 0
, , 3743.5140000000001237, 0, , , 3743.5140000000001237, 1, , , 3743.5140000000001237, 1, , , 3743.5140000000001237, 0
, , 3743.5189999999997781, 0, , , 3743.5189999999997781, 1, , , 3743.5189999999997781, 1, , , 3743.5189999999997781, 0
, , 3743.5239999999998872, 0, , , 3743.5239999999998872, 1, , , 3743.5239999999998872, 1, , , 3743.5239999999998872, 0
, , 3743.5279999999997926, 0, , , 3743.5279999999997926, 1, , , 3743.5279999999997926, 1, , , 3743.5279999999997926, 0
, , 3743.5340000000001055, 0, , , 3743.5340000000001055, 1, , , 3743.5340000000001055, 1, , , 3743.5340000000001055, 0
, , 3743.5390000000002146, 0, , , 3743.5390000000002146, 1, , , 3743.5390000000002146, 1, , , 3743.5390000000002146, 0
, , 3743.5450000000000728, 0, , , 3743.5450000000000728, 1, , , 3743.5450000000000728, 1, , , 3743.5450000000000728, 0
, , 3743.5489999999999782, 0, , , 3743.5489999999999782, 1, , , 3743.5489999999999782, 1, , , 3743.5489999999999782, 0
, , 3743.5540000000000873, 0, , , 3743.5540000000000873, 1, , , 3743.5540000000000873, 1, , , 3743.5540000000000873, 0
, , 3743.5590000000001965, 0, , , 3743.5590000000001965, 1, , , 3743.5590000000001965, 1, , , 3743.5590000000001965, 0
, , 3743.5639999999998508, 0, , , 3743.5639999999998508, 1, , , 3743.5639999999998508, 1, , , 3743.5639999999998508, 0
, , 3743.5700000000001637, 0, , , 3743.5700000000001637, 1, , , 3743.5700000000001637, 1, , , 3743.5700000000001637, 0
, , 3743.5740000000000691, 0, , , 3743.5740000000000691, 1, , , 3743.5740000000000691, 1, , , 3743.5740000000000691, 0
, , 3743.5790000000001783, 0, , , 3743.5790000000001783, 1, , , 3743.5790000000001783, 1, , , 3743.5790000000001783, 0
, , 3743.5850000000000364, 0, , , 3743.5850000000000364, 1, , , 3743.5850000000000364, 1, , , 3743.5850000000000364, 0
, , 3743.5889999999999418, 0, , , 3743.5889999999999418, 1, , , 3743.5889999999999418, 1, , , 3743.5889999999999418, 0
, , 3743.5949999999997999, 0, , , 3743.5949999999997999, 1, , , 3743.5949999999997999, 1, , , 3743.5949999999997999, 0
, , 3743.5990000000001601, 0, , , 3743.5990000000001601, 1, , , 3743.5990000000001601, 1, , , 3743.5990000000001601, 0
, , 3743.6050000000000182, 0, , , 3743.6050000000000182, 1, , , 3743.6050000000000182, 1, , , 3743.6050000000000182, 0
, , 3743.6100000000001273, 0, , , 3743.6100000000001273, 1, , , 3743.6100000000001273, 1, , , 3743.6100000000001273, 0
, , 3743.6140000000000327, 0, , , 3743.6140000000000327, 1, , , 3743.6140000000000327, 1, , , 3743.6140000000000327, 0
, , 3743.6190000000001419, 0, , , 3743.6190000000001419, 1, , , 3743.6190000000001419, 1, , , 3743.6190000000001419, 0
, , 3743.6239999999997963, 0, , , 3743.6239999999997963, 1, , , 3743.6239999999997963, 1, , , 3743.6239999999997963, 0
, , 3743.6300000000001091, 0, , , 3743.6300000000001091, 1, , , 3743.6300000000001091, 1, , , 3743.6300000000001091, 0
, , 3743.6340000000000146, 0, , , 3743.6340000000000146, 1, , , 3743.6340000000000146, 1, , , 3743.6340000000000146, 0
, , 3743.6399999999998727, 0, , , 3743.6399999999998727, 1, , , 3743.6399999999998727, 1, , , 3743.6399999999998727, 0
, , 3743.6439999999997781, 0, , , 3743.6439999999997781, 1, , , 3743.6439999999997781, 1, , , 3743.6439999999997781, 0
, , 3743.6489999999998872, 0, , , 3743.6489999999998872, 1, , , 3743.6489999999998872, 1, , , 3743.6489999999998872, 0
, , 3743.6539999999999964, 0, , , 3743.6539999999999964, 1, , , 3743.6539999999999964, 1, , , 3743.6539999999999964, 0
, , 3743.6599999999998545, 0, , , 3743.6599999999998545, 1, , , 3743.6599999999998545, 1, , , 3743.6599999999998545, 0
, , 3743.6640000000002146, 0, , , 3743.6640000000002146, 1, , , 3743.6640000000002146, 1, , , 3743.6640000000002146, 0
, , 3743.668999999999869, 0, , , 3743.668999999999869, 1, , , 3743.668999999999869, 1, , , 3743.668999999999869, 0
, , 3743.6739999999999782, 0, , , 3743.6739999999999782, 1, , , 3743.6739999999999782, 1, , , 3743.6739999999999782, 0
, , 3743.6790000000000873, 0, , , 3743.6790000000000873, 1, , , 3743.6790000000000873, 1, , , 3743.6790000000000873, 0
, , 3743.6840000000001965, 0, , , 3743.6840000000001965, 1, , , 3743.6840000000001965, 1, , , 3743.6840000000001965, 0
, , 3743.6900000000000546, 0, , , 3743.6900000000000546, 1, , , 3743.6900000000000546, 1, , , 3743.6900000000000546, 0
, , 3743.69399999999996, 0, , , 3743.69399999999996, 1, , , 3743.69399999999996, 1, , , 3743.69399999999996, 0
, , 3743.6990000000000691, 0, , , 3743.6990000000000691, 1, , , 3743.6990000000000691, 1, , , 3743.6990000000000691, 0
, , 3743.7040000000001783, 0, , , 3743.7040000000001783, 1, , , 3743.7040000000001783, 1, , , 3743.7040000000001783, 0
, , 3743.7100000000000364, 0, , , 3743.7100000000000364, 1, , , 3743.7100000000000364, 1, , , 3743.7100000000000364, 0
, , 3743.7139999999999418, 0, , , 3743.7139999999999418, 1, , , 3743.7139999999999418, 1, , , 3743.7139999999999418, 0
, , 3743.7190000000000509, 0, , , 3743.7190000000000509, 1, , , 3743.7190000000000509, 1, , , 3743.7190000000000509, 0
, , 3743.7240000000001601, 0, , , 3743.7240000000001601, 1, , , 3743.7240000000001601, 1, , , 3743.7240000000001601, 0
, , 3743.7289999999998145, 0, , , 3743.7289999999998145, 1, , , 3743.7289999999998145, 1, , , 3743.7289999999998145, 0
, , 3743.7350000000001273, 0, , , 3743.7350000000001273, 1, , , 3743.7350000000001273, 1, , , 3743.7350000000001273, 0
, , 3743.7390000000000327, 0, , , 3743.7390000000000327, 1, , , 3743.7390000000000327, 1, , , 3743.7390000000000327, 0
, , 3743.7440000000001419, 0, , , 3743.7440000000001419, 1, , , 3743.7440000000001419, 1, , , 3743.7440000000001419, 0
, , 3743.75, 0, , , 3743.75, 1, , , 3743.75, 1, , , 3743.75, 0
, , 3743.7550000000001091, 0, , , 3743.7550000000001091, 1, , , 3743.7550000000001091, 1, , , 3743.7550000000001091, 0
, , 3743.7590000000000146, 1, , , 3743.7590000000000146, 1, , , 3743.7590000000000146, 1, , , 3743.7590000000000146, 1
, , 3743.7640000000001237, 1, , , 3743.7640000000001237, 1, , , 3743.7640000000001237, 1, , , 3743.7640000000001237, 1
, , 3743.7689999999997781, 1, , , 3743.7689999999997781, 1, , , 3743.7689999999997781, 1, , , 3743.7689999999997781, 1
, , 3743.7739999999998872, 1, , , 3743.7739999999998872, 1, , , 3743.7739999999998872, 1, , , 3743.7739999999998872, 1
, , 3743.7789999999999964, 1, , , 3743.7789999999999964, 1, , , 3743.7789999999999964, 1, , , 3743.7789999999999964, 1
, , 3743.7840000000001055, 1, , , 3743.7840000000001055, 1, , , 3743.7840000000001055, 1, , , 3743.7840000000001055, 1
, , 3743.7890000000002146, 1, , , 3743.7890000000002146, 1, , , 3743.7890000000002146, 1, , , 3743.7890000000002146, 1
, , 3743.793999999999869, 1, , , 3743.793999999999869, 1, , , 3743.793999999999869, 1, , , 3743.793999999999869, 1
, , 3743.7989999999999782, 1, , , 3743.7989999999999782, 1, , , 3743.7989999999999782, 1, , , 3743.7989999999999782, 1
, , 3743.8040000000000873, 1, , , 3743.8040000000000873, 1, , , 3743.8040000000000873, 1, , , 3743.8040000000000873, 1
, , 3743.8090000000001965, 1, , , 3743.8090000000001965, 1, , , 3743.8090000000001965, 1, , , 3743.8090000000001965, 1
, , 3743.8139999999998508, 1, , , 3743.8139999999998508, 1, , , 3743.8139999999998508, 1, , , 3743.8139999999998508, 1
, , 3743.81899999999996, 1, , , 3743.81899999999996, 1, , , 3743.81899999999996, 1, , , 3743.81899999999996, 1
, , 3743.8249999999998181, 1, , , 3743.8249999999998181, 1, , , 3743.8249999999998181, 1, , , 3743.8249999999998181, 1
, , 3743.8290000000001783, 1, , , 3743.8290000000001783, 1, , , 3743.8290000000001783, 1, , , 3743.8290000000001783, 1
, , 3743.8339999999998327, 1, , , 3743.8339999999998327, 0, , , 3743.8339999999998327, 0, , , 3743.8339999999998327, 1
, , 3743.8389999999999418, 1, , , 3743.8389999999999418, 0, , , 3743.8389999999999418, 0, , , 3743.8389999999999418, 1
, , 3743.8460000000000036, 1, , , 3743.8460000000000036, 0, , , 3743.8460000000000036, 0, , , 3743.8460000000000036, 1
, , 3743.8490000000001601, 1, , , 3743.8490000000001601, 0, , , 3743.8490000000001601, 0, , , 3743.8490000000001601, 1
, , 3743.8539999999998145, 1, , , 3743.8539999999998145, 0, , , 3743.8539999999998145, 0, , , 3743.8539999999998145, 1
, , 3743.8589999999999236, 1, , , 3743.8589999999999236, 0, , , 3743.8589999999999236, 0, , , 3743.8589999999999236, 1
, , 3743.8649999999997817, 1, , , 3743.8649999999997817, 0, , , 3743.8649999999997817, 0, , , 3743.8649999999997817, 1
, , 3743.8699999999998909, 1, , , 3743.8699999999998909, 0, , , 3743.8699999999998909, 0, , , 3743.8699999999998909, 1
, , 3743.8739999999997963, 1, , , 3743.8739999999997963, 0, , , 3743.8739999999997963, 0, , , 3743.8739999999997963, 1
, , 3743.8800000000001091, 1, , , 3743.8800000000001091, 0, , , 3743.8800000000001091, 0, , , 3743.8800000000001091, 1
, , 3743.8840000000000146, 1, , , 3743.8840000000000146, 0, , , 3743.8840000000000146, 0, , , 3743.8840000000000146, 1
, , 3743.8890000000001237, 1, , , 3743.8890000000001237, 0, , , 3743.8890000000001237, 0, , , 3743.8890000000001237, 1
, , 3743.8939999999997781, 1, , , 3743.8939999999997781, 0, , , 3743.8939999999997781, 0, , , 3743.8939999999997781, 1
, , 3743.8989999999998872, 1, , , 3743.8989999999998872, 0, , , 3743.8989999999998872, 0, , , 3743.8989999999998872, 1
, , 3743.9050000000002001, 1, , , 3743.9050000000002001, 0, , , 3743.9050000000002001, 0, , , 3743.9050000000002001, 1
, , 3743.9090000000001055, 1, , , 3743.9090000000001055, 0, , , 3743.9090000000001055, 0, , , 3743.9090000000001055, 1
, , 3743.9140000000002146, 1, , , 3743.9140000000002146, 0, , , 3743.9140000000002146, 0, , , 3743.9140000000002146, 1
, , 3743.918999999999869, 1, , , 3743.918999999999869, 0, , , 3743.918999999999869, 0, , , 3743.918999999999869, 1
, , 3743.9250000000001819, 1, , , 3743.9250000000001819, 0, , , 3743.9250000000001819, 0, , , 3743.9250000000001819, 1
, , 3743.9290000000000873, 1, , , 3743.9290000000000873, 0, , , 3743.9290000000000873, 0, , , 3743.9290000000000873, 1
, , 3743.9340000000001965, 1, , , 3743.9340000000001965, 0, , , 3743.9340000000001965, 0, , , 3743.9340000000001965, 1
, , 3743.9400000000000546, 1, , , 3743.9400000000000546, 0, , , 3743.9400000000000546, 0, , , 3743.9400000000000546, 1
, , 3743.94399999999996, 1, , , 3743.94399999999996, 0, , , 3743.94399999999996, 0, , , 3743.94399999999996, 1
, , 3743.9499999999998181, 1, , , 3743.9499999999998181, 0, , , 3743.9499999999998181, 0, , , 3743.9499999999998181, 1
, , 3743.956000000000131, 1, , , 3743.956000000000131, 0, , , 3743.956000000000131, 0, , , 3743.956000000000131, 1
, , 3743.9589999999998327, 1, , , 3743.9589999999998327, 0, , , 3743.9589999999998327, 0, , , 3743.9589999999998327, 1
, , 3743.9659999999998945, 1, , , 3743.9659999999998945, 0, , , 3743.9659999999998945, 0, , , 3743.9659999999998945, 1
, , 3743.9699999999997999, 1, , , 3743.9699999999997999, 0, , , 3743.9699999999997999, 0, , , 3743.9699999999997999, 1
, , 3743.9740000000001601, 1, , , 3743.9740000000001601, 0, , , 3743.9740000000001601, 0, , , 3743.9740000000001601, 1
, , 3743.9789999999998145, 1, , , 3743.9789999999998145, 0, , , 3743.9789999999998145, 0, , , 3743.9789999999998145, 1
, , 3743.9839999999999236, 1, , , 3743.9839999999999236, 0, , , 3743.9839999999999236, 0, , , 3743.9839999999999236, 1
, , 3743.9899999999997817, 1, , , 3743.9899999999997817, 0, , , 3743.9899999999997817, 0, , , 3743.9899999999997817, 1
, , 3743.9989999999997963, 1, , , 3743.9989999999997963, 0, , , 3743.9989999999997963, 0, , , 3743.9989999999997963, 1
, , 3743.9989999999997963, 1, , , 3743.9989999999997963, 0, , , 3743.9989999999997963, 0, , , 3743.9989999999997963, 1
, , 3744.0039999999999054, 1, , , 3744.0039999999999054, 0, , , 3744.0039999999999054, 0, , , 3744.0039999999999054, 1
, , 3744.0090000000000146, 1, , , 3744.0090000000000146, 0, , , 3744.0090000000000146, 0, , , 3744.0090000000000146, 1
, , 3744.0149999999998727, 1, , , 3744.0149999999998727, 0, , , 3744.0149999999998727, 0, , , 3744.0149999999998727, 1
, , 3744.0189999999997781, 1, , , 3744.0189999999997781, 0, , , 3744.0189999999997781, 0, , , 3744.0189999999997781, 1
, , 3744.0239999999998872, 1, , , 3744.0239999999998872, 0, , , 3744.0239999999998872, 0, , , 3744.0239999999998872, 1
, , 3744.0289999999999964, 1, , , 3744.0289999999999964, 0, , , 3744.0289999999999964, 0, , , 3744.0289999999999964, 1
, , 3744.0329999999999018, 1, , , 3744.0329999999999018, 0, , , 3744.0329999999999018, 0, , , 3744.0329999999999018, 1
, , 3744.0390000000002146, 1, , , 3744.0390000000002146, 0, , , 3744.0390000000002146, 0, , , 3744.0390000000002146, 1
, , 3744.043999999999869, 1, , , 3744.043999999999869, 0, , , 3744.043999999999869, 0, , , 3744.043999999999869, 1
, , 3744.0489999999999782, 1, , , 3744.0489999999999782, 0, , , 3744.0489999999999782, 0, , , 3744.0489999999999782, 1
, , 3744.0540000000000873, 1, , , 3744.0540000000000873, 0, , , 3744.0540000000000873, 0, , , 3744.0540000000000873, 1
, , 3744.0590000000001965, 1, , , 3744.0590000000001965, 0, , , 3744.0590000000001965, 0, , , 3744.0590000000001965, 1
, , 3744.0650000000000546, 1, , , 3744.0650000000000546, 0, , , 3744.0650000000000546, 0, , , 3744.0650000000000546, 1
, , 3744.06899999999996, 1, , , 3744.06899999999996, 0, , , 3744.06899999999996, 0, , , 3744.06899999999996, 1
, , 3744.0740000000000691, 1, , , 3744.0740000000000691, 0, , , 3744.0740000000000691, 0, , , 3744.0740000000000691, 1
, , 3744.0779999999999745, 1, , , 3744.0779999999999745, 0, , , 3744.0779999999999745, 0, , , 3744.0779999999999745, 1
, , 3744.0850000000000364, 1, , , 3744.0850000000000364, 1, , , 3744.0850000000000364, 1, , , 3744.0850000000000364, 1
, , 3744.0889999999999418, 1, , , 3744.0889999999999418, 1, , , 3744.0889999999999418, 1, , , 3744.0889999999999418, 1
, , 3744.0940000000000509, 1, , , 3744.0940000000000509, 1, , , 3744.0940000000000509, 1, , , 3744.0940000000000509, 1
, , 3744.0999999999999091, 1, , , 3744.0999999999999091, 1, , , 3744.0999999999999091, 1, , , 3744.0999999999999091, 1
, , 3744.1039999999998145, 1, , , 3744.1039999999998145, 1, , , 3744.1039999999998145, 1, , , 3744.1039999999998145, 1
, , 3744.1089999999999236, 1, , , 3744.1089999999999236, 1, , , 3744.1089999999999236, 1, , , 3744.1089999999999236, 1
, , 3744.1149999999997817, 1, , , 3744.1149999999997817, 1, , , 3744.1149999999997817, 1, , , 3744.1149999999997817, 1
, , 3744.1190000000001419, 1, , , 3744.1190000000001419, 1, , , 3744.1190000000001419, 1, , , 3744.1190000000001419, 1
, , 3744.1260000000002037, 1, , , 3744.1260000000002037, 1, , , 3744.1260000000002037, 1, , , 3744.1260000000002037, 1
, , 3744.1300000000001091, 1, , , 3744.1300000000001091, 1, , , 3744.1300000000001091, 1, , , 3744.1300000000001091, 1
, , 3744.1340000000000146, 1, , , 3744.1340000000000146, 1, , , 3744.1340000000000146, 1, , , 3744.1340000000000146, 1
, , 3744.1390000000001237, 1, , , 3744.1390000000001237, 1, , , 3744.1390000000001237, 1, , , 3744.1390000000001237, 1
, , 3744.1439999999997781, 1, , , 3744.1439999999997781, 1, , , 3744.1439999999997781, 1, , , 3744.1439999999997781, 1
, , 3744.1489999999998872, 1, , , 3744.1489999999998872, 1, , , 3744.1489999999998872, 1, , , 3744.1489999999998872, 1
, , 3744.1539999999999964, 1, , , 3744.1539999999999964, 1, , , 3744.1539999999999964, 1, , , 3744.1539999999999964, 1
, , 3744.1599999999998545, 0, , , 3744.1599999999998545, 1, , , 3744.1599999999998545, 1, , , 3744.1599999999998545, 0
, , 3744.1640000000002146, 0, , , 3744.1640000000002146, 1, , , 3744.1640000000002146, 1, , , 3744.1640000000002146, 0
, , 3744.168999999999869, 0, , , 3744.168999999999869, 1, , , 3744.168999999999869, 1, , , 3744.168999999999869, 0
, , 3744.1750000000001819, 0, , , 3744.1750000000001819, 1, , , 3744.1750000000001819, 1, , , 3744.1750000000001819, 0
, , 3744.1790000000000873, 0, , , 3744.1790000000000873, 1, , , 3744.1790000000000873, 1, , , 3744.1790000000000873, 0
, , 3744.1840000000001965, 0, , , 3744.1840000000001965, 1, , , 3744.1840000000001965, 1, , , 3744.1840000000001965, 0
, , 3744.1889999999998508, 0, , , 3744.1889999999998508, 1, , , 3744.1889999999998508, 1, , , 3744.1889999999998508, 0
, , 3744.19399999999996, 0, , , 3744.19399999999996, 1, , , 3744.19399999999996, 1, , , 3744.19399999999996, 0
, , 3744.1990000000000691, 0, , , 3744.1990000000000691, 1, , , 3744.1990000000000691, 1, , , 3744.1990000000000691, 0
, , 3744.2040000000001783, 0, , , 3744.2040000000001783, 1, , , 3744.2040000000001783, 1, , , 3744.2040000000001783, 0
, , 3744.2089999999998327, 0, , , 3744.2089999999998327, 1, , , 3744.2089999999998327, 1, , , 3744.2089999999998327, 0
, , 3744.2139999999999418, 0, , , 3744.2139999999999418, 1, , , 3744.2139999999999418, 1, , , 3744.2139999999999418, 0
, , 3744.2190000000000509, 0, , , 3744.2190000000000509, 1, , , 3744.2190000000000509, 1, , , 3744.2190000000000509, 0
, , 3744.2229999999999563, 0, , , 3744.2229999999999563, 1, , , 3744.2229999999999563, 1, , , 3744.2229999999999563, 0
, , 3744.2300000000000182, 0, , , 3744.2300000000000182, 1, , , 3744.2300000000000182, 1, , , 3744.2300000000000182, 0
, , 3744.2339999999999236, 0, , , 3744.2339999999999236, 1, , , 3744.2339999999999236, 1, , , 3744.2339999999999236, 0
, , 3744.2390000000000327, 0, , , 3744.2390000000000327, 1, , , 3744.2390000000000327, 1, , , 3744.2390000000000327, 0
, , 3744.2440000000001419, 0, , , 3744.2440000000001419, 1, , , 3744.2440000000001419, 1, , , 3744.2440000000001419, 0
, , 3744.2489999999997963, 0, , , 3744.2489999999997963, 1, , , 3744.2489999999997963, 1, , , 3744.2489999999997963, 0
, , 3744.2550000000001091, 0, , , 3744.2550000000001091, 1, , , 3744.2550000000001091, 1, , , 3744.2550000000001091, 0
, , 3744.2579999999998108, 0, , , 3744.2579999999998108, 1, , , 3744.2579999999998108, 1, , , 3744.2579999999998108, 0
, , 3744.2660000000000764, 0, , , 3744.2660000000000764, 1, , , 3744.2660000000000764, 1, , , 3744.2660000000000764, 0
, , 3744.2699999999999818, 0, , , 3744.2699999999999818, 1, , , 3744.2699999999999818, 1, , , 3744.2699999999999818, 0
, , 3744.2739999999998872, 0, , , 3744.2739999999998872, 1, , , 3744.2739999999998872, 1, , , 3744.2739999999998872, 0
, , 3744.2789999999999964, 0, , , 3744.2789999999999964, 1, , , 3744.2789999999999964, 1, , , 3744.2789999999999964, 0
, , 3744.2840000000001055, 0, , , 3744.2840000000001055, 1, , , 3744.2840000000001055, 1, , , 3744.2840000000001055, 0
, , 3744.2899999999999636, 0, , , 3744.2899999999999636, 1, , , 3744.2899999999999636, 1, , , 3744.2899999999999636, 0
, , 3744.293999999999869, 0, , , 3744.293999999999869, 1, , , 3744.293999999999869, 1, , , 3744.293999999999869, 0
, , 3744.2989999999999782, 0, , , 3744.2989999999999782, 1, , , 3744.2989999999999782, 1, , , 3744.2989999999999782, 0
, , 3744.3040000000000873, 0, , , 3744.3040000000000873, 1, , , 3744.3040000000000873, 1, , , 3744.3040000000000873, 0
, , 3744.3090000000001965, 0, , , 3744.3090000000001965, 1, , , 3744.3090000000001965, 1, , , 3744.3090000000001965, 0
, , 3744.3139999999998508, 0, , , 3744.3139999999998508, 1, , , 3744.3139999999998508, 1, , , 3744.3139999999998508, 0
, , 3744.3200000000001637, 0, , , 3744.3200000000001637, 1, , , 3744.3200000000001637, 1, , , 3744.3200000000001637, 0
, , 3744.3240000000000691, 0, , , 3744.3240000000000691, 1, , , 3744.3240000000000691, 1, , , 3744.3240000000000691, 0
, , 3744.3299999999999272, 0, , , 3744.3299999999999272, 1, , , 3744.3299999999999272, 1, , , 3744.3299999999999272, 0
, , 3744.3339999999998327, 0, , , 3744.3339999999998327, 1, , , 3744.3339999999998327, 1, , , 3744.3339999999998327, 0
, , 3744.3389999999999418, 0, , , 3744.3389999999999418, 1, , , 3744.3389999999999418, 1, , , 3744.3389999999999418, 0
, , 3744.3440000000000509, 0, , , 3744.3440000000000509, 1, , , 3744.3440000000000509, 1, , , 3744.3440000000000509, 0
, , 3744.3490000000001601, 0, , , 3744.3490000000001601, 1, , , 3744.3490000000001601, 1, , , 3744.3490000000001601, 0
, , 3744.3539999999998145, 0, , , 3744.3539999999998145, 1, , , 3744.3539999999998145, 1, , , 3744.3539999999998145, 0
, , 3744.3580000000001746, 0, , , 3744.3580000000001746, 1, , , 3744.3580000000001746, 1, , , 3744.3580000000001746, 0
, , 3744.3649999999997817, 0, , , 3744.3649999999997817, 1, , , 3744.3649999999997817, 1, , , 3744.3649999999997817, 0
, , 3744.3699999999998909, 0, , , 3744.3699999999998909, 1, , , 3744.3699999999998909, 1, , , 3744.3699999999998909, 0
, , 3744.3739999999997963, 0, , , 3744.3739999999997963, 1, , , 3744.3739999999997963, 1, , , 3744.3739999999997963, 0
, , 3744.3789999999999054, 0, , , 3744.3789999999999054, 1, , , 3744.3789999999999054, 1, , , 3744.3789999999999054, 0
, , 3744.3840000000000146, 0, , , 3744.3840000000000146, 1, , , 3744.3840000000000146, 1, , , 3744.3840000000000146, 0
, , 3744.3890000000001237, 0, , , 3744.3890000000001237, 1, , , 3744.3890000000001237, 1, , , 3744.3890000000001237, 0
, , 3744.3939999999997781, 0, , , 3744.3939999999997781, 1, , , 3744.3939999999997781, 1, , , 3744.3939999999997781, 0
, , 3744.4000000000000909, 0, , , 3744.4000000000000909, 1, , , 3744.4000000000000909, 1, , , 3744.4000000000000909, 0
, , 3744.4039999999999964, 0, , , 3744.4039999999999964, 1, , , 3744.4039999999999964, 1, , , 3744.4039999999999964, 0
, , 3744.4090000000001055, 0, , , 3744.4090000000001055, 1, , , 3744.4090000000001055, 1, , , 3744.4090000000001055, 0
, , 3744.4140000000002146, 1, , , 3744.4140000000002146, 1, , , 3744.4140000000002146, 1, , , 3744.4140000000002146, 1
, , 3744.4180000000001201, 1, , , 3744.4180000000001201, 1, , , 3744.4180000000001201, 1, , , 3744.4180000000001201, 1
, , 3744.4239999999999782, 1, , , 3744.4239999999999782, 1, , , 3744.4239999999999782, 1, , , 3744.4239999999999782, 1
, , 3744.4290000000000873, 1, , , 3744.4290000000000873, 1, , , 3744.4290000000000873, 1, , , 3744.4290000000000873, 1
, , 3744.4340000000001965, 1, , , 3744.4340000000001965, 1, , , 3744.4340000000001965, 1, , , 3744.4340000000001965, 1
, , 3744.4389999999998508, 1, , , 3744.4389999999998508, 1, , , 3744.4389999999998508, 1, , , 3744.4389999999998508, 1
, , 3744.44399999999996, 1, , , 3744.44399999999996, 1, , , 3744.44399999999996, 1, , , 3744.44399999999996, 1
, , 3744.4490000000000691, 1, , , 3744.4490000000000691, 1, , , 3744.4490000000000691, 1, , , 3744.4490000000000691, 1
, , 3744.4540000000001783, 1, , , 3744.4540000000001783, 1, , , 3744.4540000000001783, 1, , , 3744.4540000000001783, 1
, , 3744.4589999999998327, 1, , , 3744.4589999999998327, 1, , , 3744.4589999999998327, 1, , , 3744.4589999999998327, 1
, , 3744.4650000000001455, 1, , , 3744.4650000000001455, 1, , , 3744.4650000000001455, 1, , , 3744.4650000000001455, 1
, , 3744.4679999999998472, 1, , , 3744.4679999999998472, 1, , , 3744.4679999999998472, 1, , , 3744.4679999999998472, 1
, , 3744.4740000000001601, 1, , , 3744.4740000000001601, 1, , , 3744.4740000000001601, 1, , , 3744.4740000000001601, 1
, , 3744.4800000000000182, 1, , , 3744.4800000000000182, 1, , , 3744.4800000000000182, 1, , , 3744.4800000000000182, 1
, , 3744.4839999999999236, 1, , , 3744.4839999999999236, 1, , , 3744.4839999999999236, 1, , , 3744.4839999999999236, 1
, , 3744.4890000000000327, 1, , , 3744.4890000000000327, 0, , , 3744.4890000000000327, 0, , , 3744.4890000000000327, 1
, , 3744.4940000000001419, 1, , , 3744.4940000000001419, 0, , , 3744.4940000000001419, 0, , , 3744.4940000000001419, 1
, , 3744.4989999999997963, 1, , , 3744.4989999999997963, 0, , , 3744.4989999999997963, 0, , , 3744.4989999999997963, 1
, , 3744.5050000000001091, 1, , , 3744.5050000000001091, 0, , , 3744.5050000000001091, 0, , , 3744.5050000000001091, 1
, , 3744.5090000000000146, 1, , , 3744.5090000000000146, 0, , , 3744.5090000000000146, 0, , , 3744.5090000000000146, 1
, , 3744.5140000000001237, 1, , , 3744.5140000000001237, 0, , , 3744.5140000000001237, 0, , , 3744.5140000000001237, 1
, , 3744.5189999999997781, 1, , , 3744.5189999999997781, 0, , , 3744.5189999999997781, 0, , , 3744.5189999999997781, 1
, , 3744.5259999999998399, 1, , , 3744.5259999999998399, 0, , , 3744.5259999999998399, 0, , , 3744.5259999999998399, 1
, , 3744.5289999999999964, 1, , , 3744.5289999999999964, 0, , , 3744.5289999999999964, 0, , , 3744.5289999999999964, 1
, , 3744.5340000000001055, 1, , , 3744.5340000000001055, 0, , , 3744.5340000000001055, 0, , , 3744.5340000000001055, 1
, , 3744.5390000000002146, 1, , , 3744.5390000000002146, 0, , , 3744.5390000000002146, 0, , , 3744.5390000000002146, 1
, , 3744.543999999999869, 1, , , 3744.543999999999869, 0, , , 3744.543999999999869, 0, , , 3744.543999999999869, 1
, , 3744.5489999999999782, 1, , , 3744.5489999999999782, 0, , , 3744.5489999999999782, 0, , , 3744.5489999999999782, 1
, , 3744.5549999999998363, 1, , , 3744.5549999999998363, 0, , , 3744.5549999999998363, 0, , , 3744.5549999999998363, 1
, , 3744.5590000000001965, 1, , , 3744.5590000000001965, 0, , , 3744.5590000000001965, 0, , , 3744.5590000000001965, 1
, , 3744.5639999999998508, 1, , , 3744.5639999999998508, 0, , , 3744.5639999999998508, 0, , , 3744.5639999999998508, 1
, , 3744.56899999999996, 1, , , 3744.56899999999996, 0, , , 3744.56899999999996, 0, , , 3744.56899999999996, 1
, , 3744.5740000000000691, 1, , , 3744.5740000000000691, 0, , , 3744.5740000000000691, 0, , , 3744.5740000000000691, 1
, , 3744.5799999999999272, 1, , , 3744.5799999999999272, 0, , , 3744.5799999999999272, 0, , , 3744.5799999999999272, 1
, , 3744.5839999999998327, 1, , , 3744.5839999999998327, 0, , , 3744.5839999999998327, 0, , , 3744.5839999999998327, 1
, , 3744.5889999999999418, 1, , , 3744.5889999999999418, 0, , , 3744.5889999999999418, 0, , , 3744.5889999999999418, 1
, , 3744.5940000000000509, 1, , , 3744.5940000000000509, 0, , , 3744.5940000000000509, 0, , , 3744.5940000000000509, 1
, , 3744.5990000000001601, 1, , , 3744.5990000000001601, 0, , , 3744.5990000000001601, 0, , , 3744.5990000000001601, 1
, , 3744.6030000000000655, 1, , , 3744.6030000000000655, 0, , , 3744.6030000000000655, 0, , , 3744.6030000000000655, 1
, , 3744.6089999999999236, 1, , , 3744.6089999999999236, 0, , , 3744.6089999999999236, 0, , , 3744.6089999999999236, 1
, , 3744.6140000000000327, 1, , , 3744.6140000000000327, 0, , , 3744.6140000000000327, 0, , , 3744.6140000000000327, 1
, , 3744.6190000000001419, 1, , , 3744.6190000000001419, 0, , , 3744.6190000000001419, 0, , , 3744.6190000000001419, 1
, , 3744.6239999999997963, 1, , , 3744.6239999999997963, 0, , , 3744.6239999999997963, 0, , , 3744.6239999999997963, 1
, , 3744.6300000000001091, 1, , , 3744.6300000000001091, 0, , , 3744.6300000000001091, 0, , , 3744.6300000000001091, 1
, , 3744.6340000000000146, 1, , , 3744.6340000000000146, 0, , , 3744.6340000000000146, 0, , , 3744.6340000000000146, 1
, , 3744.6390000000001237, 1, , , 3744.6390000000001237, 0, , , 3744.6390000000001237, 0, , , 3744.6390000000001237, 1
, , 3744.6449999999999818, 1, , , 3744.6449999999999818, 0, , , 3744.6449999999999818, 0, , , 3744.6449999999999818, 1
, , 3744.6480000000001382, 1, , , 3744.6480000000001382, 0, , , 3744.6480000000001382, 0, , , 3744.6480000000001382, 1
, , 3744.6550000000002001, 1, , , 3744.6550000000002001, 0, , , 3744.6550000000002001, 0, , , 3744.6550000000002001, 1
, , 3744.6599999999998545, 1, , , 3744.6599999999998545, 0, , , 3744.6599999999998545, 0, , , 3744.6599999999998545, 1
, , 3744.6660000000001673, 1, , , 3744.6660000000001673, 0, , , 3744.6660000000001673, 0, , , 3744.6660000000001673, 1
, , 3744.668999999999869, 1, , , 3744.668999999999869, 0, , , 3744.668999999999869, 0, , , 3744.668999999999869, 1
, , 3744.6739999999999782, 1, , , 3744.6739999999999782, 0, , , 3744.6739999999999782, 0, , , 3744.6739999999999782, 1
, , 3744.68100000000004, 1, , , 3744.68100000000004, 0, , , 3744.68100000000004, 0, , , 3744.68100000000004, 1
, , 3744.6840000000001965, 1, , , 3744.6840000000001965, 0, , , 3744.6840000000001965, 0, , , 3744.6840000000001965, 1
, , 3744.6889999999998508, 1, , , 3744.6889999999998508, 0, , , 3744.6889999999998508, 0, , , 3744.6889999999998508, 1
, , 3744.69399999999996, 1, , , 3744.69399999999996, 0, , , 3744.69399999999996, 0, , , 3744.69399999999996, 1
, , 3744.6990000000000691, 1, , , 3744.6990000000000691, 0, , , 3744.6990000000000691, 0, , , 3744.6990000000000691, 1
, , 3744.7040000000001783, 1, , , 3744.7040000000001783, 0, , , 3744.7040000000001783, 0, , , 3744.7040000000001783, 1
, , 3744.7100000000000364, 1, , , 3744.7100000000000364, 0, , , 3744.7100000000000364, 0, , , 3744.7100000000000364, 1
, , 3744.7139999999999418, 1, , , 3744.7139999999999418, 0, , , 3744.7139999999999418, 0, , , 3744.7139999999999418, 1
, , 3744.7190000000000509, 1, , , 3744.7190000000000509, 0, , , 3744.7190000000000509, 0, , , 3744.7190000000000509, 1
, , 3744.7240000000001601, 1, , , 3744.7240000000001601, 0, , , 3744.7240000000001601, 0, , , 3744.7240000000001601, 1
, , 3744.7289999999998145, 1, , , 3744.7289999999998145, 0, , , 3744.7289999999998145, 0, , , 3744.7289999999998145, 1
, , 3744.7339999999999236, 1, , , 3744.7339999999999236, 0, , , 3744.7339999999999236, 0, , , 3744.7339999999999236, 1
, , 3744.7390000000000327, 1, , , 3744.7390000000000327, 1, , , 3744.7390000000000327, 1, , , 3744.7390000000000327, 1
, , 3744.7440000000001419, 1, , , 3744.7440000000001419, 1, , , 3744.7440000000001419, 1, , , 3744.7440000000001419, 1
, , 3744.75, 1, , , 3744.75, 1, , , 3744.75, 1, , , 3744.75, 1
, , 3744.7550000000001091, 1, , , 3744.7550000000001091, 1, , , 3744.7550000000001091, 1, , , 3744.7550000000001091, 1
, , 3744.7590000000000146, 1, , , 3744.7590000000000146, 1, , , 3744.7590000000000146, 1, , , 3744.7590000000000146, 1
, , 3744.7660000000000764, 1, , , 3744.7660000000000764, 1, , , 3744.7660000000000764, 1, , , 3744.7660000000000764, 1
, , 3744.7689999999997781, 1, , , 3744.7689999999997781, 1, , , 3744.7689999999997781, 1, , , 3744.7689999999997781, 1
, , 3744.7719999999999345, 1, , , 3744.7719999999999345, 1, , , 3744.7719999999999345, 1, , , 3744.7719999999999345, 1
, , 3744.7789999999999964, 1, , , 3744.7789999999999964, 1, , , 3744.7789999999999964, 1, , , 3744.7789999999999964, 1
, , 3744.7849999999998545, 1, , , 3744.7849999999998545, 1, , , 3744.7849999999998545, 1, , , 3744.7849999999998545, 1
, , 3744.7890000000002146, 1, , , 3744.7890000000002146, 1, , , 3744.7890000000002146, 1, , , 3744.7890000000002146, 1
, , 3744.793999999999869, 1, , , 3744.793999999999869, 1, , , 3744.793999999999869, 1, , , 3744.793999999999869, 1
, , 3744.7989999999999782, 1, , , 3744.7989999999999782, 1, , , 3744.7989999999999782, 1, , , 3744.7989999999999782, 1
, , 3744.8049999999998363, 1, , , 3744.8049999999998363, 1, , , 3744.8049999999998363, 1, , , 3744.8049999999998363, 1
, , 3744.8090000000001965, 1, , , 3744.8090000000001965, 1, , , 3744.8090000000001965, 1, , , 3744.8090000000001965, 1
, , 3744.8139999999998508, 0, , , 3744.8139999999998508, 1, , , 3744.8139999999998508, 1, , , 3744.8139999999998508, 0
, , 3744.81899999999996, 0, , , 3744.81899999999996, 1, , , 3744.81899999999996, 1, , , 3744.81899999999996, 0
, , 3744.8240000000000691, 0, , , 3744.8240000000000691, 1, , , 3744.8240000000000691, 1, , , 3744.8240000000000691, 0
, , 3744.8299999999999272, 0, , , 3744.8299999999999272, 1, , , 3744.8299999999999272, 1, , , 3744.8299999999999272, 0
, , 3744.8339999999998327, 0, , , 3744.8339999999998327, 1, , , 3744.8339999999998327, 1, , , 3744.8339999999998327, 0
, , 3744.8389999999999418, 0, , , 3744.8389999999999418, 1, , , 3744.8389999999999418, 1, , , 3744.8389999999999418, 0
, , 3744.8440000000000509, 0, , , 3744.8440000000000509, 1, , , 3744.8440000000000509, 1, , , 3744.8440000000000509, 0
, , 3744.8479999999999563, 0, , , 3744.8479999999999563, 1, , , 3744.8479999999999563, 1, , , 3744.8479999999999563, 0
, , 3744.8539999999998145, 0, , , 3744.8539999999998145, 1, , , 3744.8539999999998145, 1, , , 3744.8539999999998145, 0
, , 3744.8589999999999236, 0, , , 3744.8589999999999236, 1, , , 3744.8589999999999236, 1, , , 3744.8589999999999236, 0
, , 3744.8649999999997817, 0, , , 3744.8649999999997817, 1, , , 3744.8649999999997817, 1, , , 3744.8649999999997817, 0
, , 3744.8690000000001419, 0, , , 3744.8690000000001419, 1, , , 3744.8690000000001419, 1, , , 3744.8690000000001419, 0
, , 3744.8739999999997963, 0, , , 3744.8739999999997963, 1, , , 3744.8739999999997963, 1, , , 3744.8739999999997963, 0
, , 3744.8789999999999054, 0, , , 3744.8789999999999054, 1, , , 3744.8789999999999054, 1, , , 3744.8789999999999054, 0
, , 3744.8840000000000146, 0, , , 3744.8840000000000146, 1, , , 3744.8840000000000146, 1, , , 3744.8840000000000146, 0
, , 3744.8890000000001237, 0, , , 3744.8890000000001237, 1, , , 3744.8890000000001237, 1, , , 3744.8890000000001237, 0
, , 3744.8949999999999818, 0, , , 3744.8949999999999818, 1, , , 3744.8949999999999818, 1, , , 3744.8949999999999818, 0
, , 3744.8989999999998872, 0, , , 3744.8989999999998872, 1, , , 3744.8989999999998872, 1, , , 3744.8989999999998872, 0
, , 3744.9059999999999491, 0, , , 3744.9059999999999491, 1, , , 3744.9059999999999491, 1, , , 3744.9059999999999491, 0
, , 3744.9090000000001055, 0, , , 3744.9090000000001055, 1, , , 3744.9090000000001055, 1, , , 3744.9090000000001055, 0
, , 3744.9140000000002146, 0, , , 3744.9140000000002146, 1, , , 3744.9140000000002146, 1, , , 3744.9140000000002146, 0
, , 3744.918999999999869, 0, , , 3744.918999999999869, 1, , , 3744.918999999999869, 1, , , 3744.918999999999869, 0
, , 3744.9239999999999782, 0, , , 3744.9239999999999782, 1, , , 3744.9239999999999782, 1, , , 3744.9239999999999782, 0
, , 3744.9299999999998363, 0, , , 3744.9299999999998363, 1, , , 3744.9299999999998363, 1, , , 3744.9299999999998363, 0
, , 3744.9340000000001965, 0, , , 3744.9340000000001965, 1, , , 3744.9340000000001965, 1, , , 3744.9340000000001965, 0
, , 3744.9389999999998508, 0, , , 3744.9389999999998508, 1, , , 3744.9389999999998508, 1, , , 3744.9389999999998508, 0
, , 3744.94399999999996, 0, , , 3744.94399999999996, 1, , , 3744.94399999999996, 1, , , 3744.94399999999996, 0
, , 3744.9490000000000691, 0, , , 3744.9490000000000691, 1, , , 3744.9490000000000691, 1, , , 3744.9490000000000691, 0
, , 3744.9540000000001783, 0, , , 3744.9540000000001783, 1, , , 3744.9540000000001783, 1, , , 3744.9540000000001783, 0
, , 3744.9589999999998327, 0, , , 3744.9589999999998327, 1, , , 3744.9589999999998327, 1, , , 3744.9589999999998327, 0
, , 3744.9650000000001455, 0, , , 3744.9650000000001455, 1, , , 3744.9650000000001455, 1, , , 3744.9650000000001455, 0
, , 3744.9690000000000509, 0, , , 3744.9690000000000509, 1, , , 3744.9690000000000509, 1, , , 3744.9690000000000509, 0
, , 3744.9740000000001601, 0, , , 3744.9740000000001601, 1, , , 3744.9740000000001601, 1, , , 3744.9740000000001601, 0
, , 3744.9800000000000182, 0, , , 3744.9800000000000182, 1, , , 3744.9800000000000182, 1, , , 3744.9800000000000182, 0
, , 3744.9839999999999236, 0, , , 3744.9839999999999236, 1, , , 3744.9839999999999236, 1, , , 3744.9839999999999236, 0
, , 3744.9899999999997817, 0, , , 3744.9899999999997817, 1, , , 3744.9899999999997817, 1, , , 3744.9899999999997817, 0
, , 3744.9940000000001419, 0, , , 3744.9940000000001419, 1, , , 3744.9940000000001419, 1, , , 3744.9940000000001419, 0
, , 3744.9989999999997963, 0, , , 3744.9989999999997963, 1, , , 3744.9989999999997963, 1, , , 3744.9989999999997963, 0
, , 3745.0050000000001091, 0, , , 3745.0050000000001091, 1, , , 3745.0050000000001091, 1, , , 3745.0050000000001091, 0
, , 3745.0090000000000146, 0, , , 3745.0090000000000146, 1, , , 3745.0090000000000146, 1, , , 3745.0090000000000146, 0
, , 3745.0140000000001237, 0, , , 3745.0140000000001237, 1, , , 3745.0140000000001237, 1, , , 3745.0140000000001237, 0
, , 3745.0189999999997781, 0, , , 3745.0189999999997781, 1, , , 3745.0189999999997781, 1, , , 3745.0189999999997781, 0
, , 3745.0239999999998872, 0, , , 3745.0239999999998872, 1, , , 3745.0239999999998872, 1, , , 3745.0239999999998872, 0
, , 3745.0289999999999964, 0, , , 3745.0289999999999964, 1, , , 3745.0289999999999964, 1, , , 3745.0289999999999964, 0
, , 3745.0340000000001055, 0, , , 3745.0340000000001055, 1, , , 3745.0340000000001055, 1, , , 3745.0340000000001055, 0
, , 3745.0390000000002146, 0, , , 3745.0390000000002146, 1, , , 3745.0390000000002146, 1, , , 3745.0390000000002146, 0
, , 3745.043999999999869, 0, , , 3745.043999999999869, 1, , , 3745.043999999999869, 1, , , 3745.043999999999869, 0
, , 3745.0489999999999782, 0, , , 3745.0489999999999782, 1, , , 3745.0489999999999782, 1, , , 3745.0489999999999782, 0
, , 3745.0540000000000873, 0, , , 3745.0540000000000873, 1, , , 3745.0540000000000873, 1, , , 3745.0540000000000873, 0
, , 3745.0579999999999927, 0, , , 3745.0579999999999927, 1, , , 3745.0579999999999927, 1, , , 3745.0579999999999927, 0
, , 3745.0639999999998508, 1, , , 3745.0639999999998508, 1, , , 3745.0639999999998508, 1, , , 3745.0639999999998508, 1
, , 3745.06899999999996, 1, , , 3745.06899999999996, 1, , , 3745.06899999999996, 1, , , 3745.06899999999996, 1
, , 3745.0740000000000691, 1, , , 3745.0740000000000691, 1, , , 3745.0740000000000691, 1, , , 3745.0740000000000691, 1
, , 3745.0799999999999272, 1, , , 3745.0799999999999272, 1, , , 3745.0799999999999272, 1, , , 3745.0799999999999272, 1
, , 3745.0839999999998327, 1, , , 3745.0839999999998327, 1, , , 3745.0839999999998327, 1, , , 3745.0839999999998327, 1
, , 3745.0889999999999418, 1, , , 3745.0889999999999418, 1, , , 3745.0889999999999418, 1, , , 3745.0889999999999418, 1
, , 3745.0940000000000509, 1, , , 3745.0940000000000509, 1, , , 3745.0940000000000509, 1, , , 3745.0940000000000509, 1
, , 3745.0990000000001601, 1, , , 3745.0990000000001601, 1, , , 3745.0990000000001601, 1, , , 3745.0990000000001601, 1
, , 3745.1039999999998145, 1, , , 3745.1039999999998145, 1, , , 3745.1039999999998145, 1, , , 3745.1039999999998145, 1
, , 3745.1089999999999236, 1, , , 3745.1089999999999236, 1, , , 3745.1089999999999236, 1, , , 3745.1089999999999236, 1
, , 3745.1140000000000327, 1, , , 3745.1140000000000327, 1, , , 3745.1140000000000327, 1, , , 3745.1140000000000327, 1
, , 3745.1190000000001419, 1, , , 3745.1190000000001419, 1, , , 3745.1190000000001419, 1, , , 3745.1190000000001419, 1
, , 3745.1260000000002037, 1, , , 3745.1260000000002037, 1, , , 3745.1260000000002037, 1, , , 3745.1260000000002037, 1
, , 3745.1289999999999054, 1, , , 3745.1289999999999054, 1, , , 3745.1289999999999054, 1, , , 3745.1289999999999054, 1
, , 3745.1340000000000146, 1, , , 3745.1340000000000146, 1, , , 3745.1340000000000146, 1, , , 3745.1340000000000146, 1
, , 3745.1390000000001237, 1, , , 3745.1390000000001237, 0, , , 3745.1390000000001237, 0, , , 3745.1390000000001237, 1
, , 3745.1449999999999818, 1, , , 3745.1449999999999818, 0, , , 3745.1449999999999818, 0, , , 3745.1449999999999818, 1
, , 3745.1480000000001382, 1, , , 3745.1480000000001382, 0, , , 3745.1480000000001382, 0, , , 3745.1480000000001382, 1
, , 3745.1539999999999964, 1, , , 3745.1539999999999964, 0, , , 3745.1539999999999964, 0, , , 3745.1539999999999964, 1
, , 3745.1570000000001528, 1, , , 3745.1570000000001528, 0, , , 3745.1570000000001528, 0, , , 3745.1570000000001528, 1
, , 3745.1649999999999636, 1, , , 3745.1649999999999636, 0, , , 3745.1649999999999636, 0, , , 3745.1649999999999636, 1
, , 3745.168999999999869, 1, , , 3745.168999999999869, 0, , , 3745.168999999999869, 0, , , 3745.168999999999869, 1
, , 3745.1750000000001819, 1, , , 3745.1750000000001819, 0, , , 3745.1750000000001819, 0, , , 3745.1750000000001819, 1
, , 3745.1790000000000873, 1, , , 3745.1790000000000873, 0, , , 3745.1790000000000873, 0, , , 3745.1790000000000873, 1
, , 3745.1840000000001965, 1, , , 3745.1840000000001965, 0, , , 3745.1840000000001965, 0, , , 3745.1840000000001965, 1
, , 3745.1889999999998508, 1, , , 3745.1889999999998508, 0, , , 3745.1889999999998508, 0, , , 3745.1889999999998508, 1
, , 3745.19399999999996, 1, , , 3745.19399999999996, 0, , , 3745.19399999999996, 0, , , 3745.19399999999996, 1
, , 3745.1990000000000691, 1, , , 3745.1990000000000691, 0, , , 3745.1990000000000691, 0, , , 3745.1990000000000691, 1
, , 3745.2040000000001783, 1, , , 3745.2040000000001783, 0, , , 3745.2040000000001783, 0, , , 3745.2040000000001783, 1
, , 3745.2089999999998327, 1, , , 3745.2089999999998327, 0, , , 3745.2089999999998327, 0, , , 3745.2089999999998327, 1
, , 3745.2139999999999418, 1, , , 3745.2139999999999418, 0, , , 3745.2139999999999418, 0, , , 3745.2139999999999418, 1
, , 3745.2199999999997999, 1, , , 3745.2199999999997999, 0, , , 3745.2199999999997999, 0, , , 3745.2199999999997999, 1
, , 3745.2249999999999091, 1, , , 3745.2249999999999091, 0, , , 3745.2249999999999091, 0, , , 3745.2249999999999091, 1
, , 3745.2289999999998145, 1, , , 3745.2289999999998145, 0, , , 3745.2289999999998145, 0, , , 3745.2289999999998145, 1
, , 3745.2339999999999236, 1, , , 3745.2339999999999236, 0, , , 3745.2339999999999236, 0, , , 3745.2339999999999236, 1
, , 3745.2390000000000327, 1, , , 3745.2390000000000327, 0, , , 3745.2390000000000327, 0, , , 3745.2390000000000327, 1
, , 3745.2440000000001419, 1, , , 3745.2440000000001419, 0, , , 3745.2440000000001419, 0, , , 3745.2440000000001419, 1
, , 3745.2489999999997963, 1, , , 3745.2489999999997963, 0, , , 3745.2489999999997963, 0, , , 3745.2489999999997963, 1
, , 3745.2539999999999054, 1, , , 3745.2539999999999054, 0, , , 3745.2539999999999054, 0, , , 3745.2539999999999054, 1
, , 3745.2590000000000146, 1, , , 3745.2590000000000146, 0, , , 3745.2590000000000146, 0, , , 3745.2590000000000146, 1
, , 3745.2649999999998727, 1, , , 3745.2649999999998727, 0, , , 3745.2649999999998727, 0, , , 3745.2649999999998727, 1
, , 3745.2689999999997781, 1, , , 3745.2689999999997781, 0, , , 3745.2689999999997781, 0, , , 3745.2689999999997781, 1
, , 3745.2739999999998872, 1, , , 3745.2739999999998872, 0, , , 3745.2739999999998872, 0, , , 3745.2739999999998872, 1
, , 3745.2789999999999964, 1, , , 3745.2789999999999964, 0, , , 3745.2789999999999964, 0, , , 3745.2789999999999964, 1
, , 3745.2829999999999018, 1, , , 3745.2829999999999018, 0, , , 3745.2829999999999018, 0, , , 3745.2829999999999018, 1
, , 3745.2899999999999636, 1, , , 3745.2899999999999636, 0, , , 3745.2899999999999636, 0, , , 3745.2899999999999636, 1
, , 3745.293999999999869, 1, , , 3745.293999999999869, 0, , , 3745.293999999999869, 0, , , 3745.293999999999869, 1
, , 3745.2989999999999782, 1, , , 3745.2989999999999782, 0, , , 3745.2989999999999782, 0, , , 3745.2989999999999782, 1
, , 3745.3049999999998363, 1, , , 3745.3049999999998363, 0, , , 3745.3049999999998363, 0, , , 3745.3049999999998363, 1
, , 3745.3090000000001965, 1, , , 3745.3090000000001965, 0, , , 3745.3090000000001965, 0, , , 3745.3090000000001965, 1
, , 3745.3139999999998508, 1, , , 3745.3139999999998508, 0, , , 3745.3139999999998508, 0, , , 3745.3139999999998508, 1
, , 3745.31899999999996, 1, , , 3745.31899999999996, 0, , , 3745.31899999999996, 0, , , 3745.31899999999996, 1
, , 3745.3229999999998654, 1, , , 3745.3229999999998654, 0, , , 3745.3229999999998654, 0, , , 3745.3229999999998654, 1
, , 3745.3290000000001783, 1, , , 3745.3290000000001783, 0, , , 3745.3290000000001783, 0, , , 3745.3290000000001783, 1
, , 3745.3350000000000364, 1, , , 3745.3350000000000364, 0, , , 3745.3350000000000364, 0, , , 3745.3350000000000364, 1
, , 3745.3389999999999418, 1, , , 3745.3389999999999418, 0, , , 3745.3389999999999418, 0, , , 3745.3389999999999418, 1
, , 3745.3440000000000509, 1, , , 3745.3440000000000509, 0, , , 3745.3440000000000509, 0, , , 3745.3440000000000509, 1
, , 3745.3490000000001601, 1, , , 3745.3490000000001601, 0, , , 3745.3490000000001601, 0, , , 3745.3490000000001601, 1
, , 3745.3550000000000182, 1, , , 3745.3550000000000182, 0, , , 3745.3550000000000182, 0, , , 3745.3550000000000182, 1
, , 3745.3589999999999236, 1, , , 3745.3589999999999236, 0, , , 3745.3589999999999236, 0, , , 3745.3589999999999236, 1
, , 3745.3640000000000327, 1, , , 3745.3640000000000327, 0, , , 3745.3640000000000327, 0, , , 3745.3640000000000327, 1
, , 3745.3690000000001419, 1, , , 3745.3690000000001419, 0, , , 3745.3690000000001419, 0, , , 3745.3690000000001419, 1
, , 3745.3730000000000473, 1, , , 3745.3730000000000473, 0, , , 3745.3730000000000473, 0, , , 3745.3730000000000473, 1
, , 3745.3789999999999054, 1, , , 3745.3789999999999054, 0, , , 3745.3789999999999054, 0, , , 3745.3789999999999054, 1
, , 3745.3840000000000146, 1, , , 3745.3840000000000146, 0, , , 3745.3840000000000146, 0, , , 3745.3840000000000146, 1
, , 3745.3899999999998727, 1, , , 3745.3899999999998727, 1, , , 3745.3899999999998727, 1, , , 3745.3899999999998727, 1
, , 3745.3939999999997781, 1, , , 3745.3939999999997781, 1, , , 3745.3939999999997781, 1, , , 3745.3939999999997781, 1
, , 3745.4009999999998399, 1, , , 3745.4009999999998399, 1, , , 3745.4009999999998399, 1, , , 3745.4009999999998399, 1
, , 3745.4039999999999964, 1, , , 3745.4039999999999964, 1, , , 3745.4039999999999964, 1, , , 3745.4039999999999964, 1
, , 3745.4079999999999018, 1, , , 3745.4079999999999018, 1, , , 3745.4079999999999018, 1, , , 3745.4079999999999018, 1
, , 3745.4140000000002146, 1, , , 3745.4140000000002146, 1, , , 3745.4140000000002146, 1, , , 3745.4140000000002146, 1
, , 3745.4180000000001201, 1, , , 3745.4180000000001201, 1, , , 3745.4180000000001201, 1, , , 3745.4180000000001201, 1
, , 3745.4239999999999782, 1, , , 3745.4239999999999782, 1, , , 3745.4239999999999782, 1, , , 3745.4239999999999782, 1
, , 3745.4279999999998836, 1, , , 3745.4279999999998836, 1, , , 3745.4279999999998836, 1, , , 3745.4279999999998836, 1
, , 3745.4329999999999927, 1, , , 3745.4329999999999927, 1, , , 3745.4329999999999927, 1, , , 3745.4329999999999927, 1
, , 3745.4389999999998508, 1, , , 3745.4389999999998508, 1, , , 3745.4389999999998508, 1, , , 3745.4389999999998508, 1
, , 3745.44399999999996, 1, , , 3745.44399999999996, 1, , , 3745.44399999999996, 1, , , 3745.44399999999996, 1
, , 3745.4510000000000218, 1, , , 3745.4510000000000218, 1, , , 3745.4510000000000218, 1, , , 3745.4510000000000218, 1
, , 3745.4549999999999272, 1, , , 3745.4549999999999272, 1, , , 3745.4549999999999272, 1, , , 3745.4549999999999272, 1
, , 3745.4600000000000364, 0, , , 3745.4600000000000364, 1, , , 3745.4600000000000364, 1, , , 3745.4600000000000364, 0
, , 3745.4639999999999418, 0, , , 3745.4639999999999418, 1, , , 3745.4639999999999418, 1, , , 3745.4639999999999418, 0
, , 3745.4699999999997999, 0, , , 3745.4699999999997999, 1, , , 3745.4699999999997999, 1, , , 3745.4699999999997999, 0
, , 3745.4740000000001601, 0, , , 3745.4740000000001601, 1, , , 3745.4740000000001601, 1, , , 3745.4740000000001601, 0
, , 3745.4780000000000655, 0, , , 3745.4780000000000655, 1, , , 3745.4780000000000655, 1, , , 3745.4780000000000655, 0
, , 3745.4839999999999236, 0, , , 3745.4839999999999236, 1, , , 3745.4839999999999236, 1, , , 3745.4839999999999236, 0
, , 3745.4890000000000327, 0, , , 3745.4890000000000327, 1, , , 3745.4890000000000327, 1, , , 3745.4890000000000327, 0
, , 3745.4940000000001419, 0, , , 3745.4940000000001419, 1, , , 3745.4940000000001419, 1, , , 3745.4940000000001419, 0
, , 3745.4989999999997963, 0, , , 3745.4989999999997963, 1, , , 3745.4989999999997963, 1, , , 3745.4989999999997963, 0
, , 3745.5039999999999054, 0, , , 3745.5039999999999054, 1, , , 3745.5039999999999054, 1, , , 3745.5039999999999054, 0
, , 3745.5090000000000146, 0, , , 3745.5090000000000146, 1, , , 3745.5090000000000146, 1, , , 3745.5090000000000146, 0
, , 3745.5140000000001237, 0, , , 3745.5140000000001237, 1, , , 3745.5140000000001237, 1, , , 3745.5140000000001237, 0
, , 3745.5189999999997781, 0, , , 3745.5189999999997781, 1, , , 3745.5189999999997781, 1, , , 3745.5189999999997781, 0
, , 3745.5239999999998872, 0, , , 3745.5239999999998872, 1, , , 3745.5239999999998872, 1, , , 3745.5239999999998872, 0
, , 3745.5289999999999964, 0, , , 3745.5289999999999964, 1, , , 3745.5289999999999964, 1, , , 3745.5289999999999964, 0
, , 3745.5349999999998545, 0, , , 3745.5349999999998545, 1, , , 3745.5349999999998545, 1, , , 3745.5349999999998545, 0
, , 3745.5390000000002146, 0, , , 3745.5390000000002146, 1, , , 3745.5390000000002146, 1, , , 3745.5390000000002146, 0
, , 3745.5450000000000728, 0, , , 3745.5450000000000728, 1, , , 3745.5450000000000728, 1, , , 3745.5450000000000728, 0
, , 3745.5489999999999782, 0, , , 3745.5489999999999782, 1, , , 3745.5489999999999782, 1, , , 3745.5489999999999782, 0
, , 3745.5549999999998363, 0, , , 3745.5549999999998363, 1, , , 3745.5549999999998363, 1, , , 3745.5549999999998363, 0
, , 3745.5590000000001965, 0, , , 3745.5590000000001965, 1, , , 3745.5590000000001965, 1, , , 3745.5590000000001965, 0
, , 3745.5650000000000546, 0, , , 3745.5650000000000546, 1, , , 3745.5650000000000546, 1, , , 3745.5650000000000546, 0
, , 3745.56899999999996, 0, , , 3745.56899999999996, 1, , , 3745.56899999999996, 1, , , 3745.56899999999996, 0
, , 3745.5749999999998181, 0, , , 3745.5749999999998181, 1, , , 3745.5749999999998181, 1, , , 3745.5749999999998181, 0
, , 3745.5790000000001783, 0, , , 3745.5790000000001783, 1, , , 3745.5790000000001783, 1, , , 3745.5790000000001783, 0
, , 3745.5839999999998327, 0, , , 3745.5839999999998327, 1, , , 3745.5839999999998327, 1, , , 3745.5839999999998327, 0
, , 3745.5900000000001455, 0, , , 3745.5900000000001455, 1, , , 3745.5900000000001455, 1, , , 3745.5900000000001455, 0
, , 3745.5960000000000036, 0, , , 3745.5960000000000036, 1, , , 3745.5960000000000036, 1, , , 3745.5960000000000036, 0
, , 3745.5990000000001601, 0, , , 3745.5990000000001601, 1, , , 3745.5990000000001601, 1, , , 3745.5990000000001601, 0
, , 3745.6050000000000182, 0, , , 3745.6050000000000182, 1, , , 3745.6050000000000182, 1, , , 3745.6050000000000182, 0
, , 3745.6089999999999236, 0, , , 3745.6089999999999236, 1, , , 3745.6089999999999236, 1, , , 3745.6089999999999236, 0
, , 3745.6140000000000327, 0, , , 3745.6140000000000327, 1, , , 3745.6140000000000327, 1, , , 3745.6140000000000327, 0
, , 3745.6190000000001419, 0, , , 3745.6190000000001419, 1, , , 3745.6190000000001419, 1, , , 3745.6190000000001419, 0
, , 3745.625, 0, , , 3745.625, 1, , , 3745.625, 1, , , 3745.625, 0
, , 3745.6309999999998581, 0, , , 3745.6309999999998581, 1, , , 3745.6309999999998581, 1, , , 3745.6309999999998581, 0
, , 3745.6340000000000146, 0, , , 3745.6340000000000146, 1, , , 3745.6340000000000146, 1, , , 3745.6340000000000146, 0
, , 3745.6390000000001237, 0, , , 3745.6390000000001237, 1, , , 3745.6390000000001237, 1, , , 3745.6390000000001237, 0
, , 3745.6460000000001855, 0, , , 3745.6460000000001855, 1, , , 3745.6460000000001855, 1, , , 3745.6460000000001855, 0
, , 3745.6489999999998872, 0, , , 3745.6489999999998872, 1, , , 3745.6489999999998872, 1, , , 3745.6489999999998872, 0
, , 3745.6539999999999964, 0, , , 3745.6539999999999964, 1, , , 3745.6539999999999964, 1, , , 3745.6539999999999964, 0
, , 3745.6599999999998545, 0, , , 3745.6599999999998545, 1, , , 3745.6599999999998545, 1, , , 3745.6599999999998545, 0
, , 3745.6640000000002146, 0, , , 3745.6640000000002146, 1, , , 3745.6640000000002146, 1, , , 3745.6640000000002146, 0
, , 3745.6700000000000728, 0, , , 3745.6700000000000728, 1, , , 3745.6700000000000728, 1, , , 3745.6700000000000728, 0
, , 3745.6739999999999782, 0, , , 3745.6739999999999782, 1, , , 3745.6739999999999782, 1, , , 3745.6739999999999782, 0
, , 3745.6799999999998363, 0, , , 3745.6799999999998363, 1, , , 3745.6799999999998363, 1, , , 3745.6799999999998363, 0
, , 3745.6849999999999454, 0, , , 3745.6849999999999454, 1, , , 3745.6849999999999454, 1, , , 3745.6849999999999454, 0
, , 3745.6889999999998508, 0, , , 3745.6889999999998508, 1, , , 3745.6889999999998508, 1, , , 3745.6889999999998508, 0
, , 3745.6950000000001637, 0, , , 3745.6950000000001637, 1, , , 3745.6950000000001637, 1, , , 3745.6950000000001637, 0
, , 3745.6990000000000691, 0, , , 3745.6990000000000691, 1, , , 3745.6990000000000691, 1, , , 3745.6990000000000691, 0
, , 3745.7049999999999272, 0, , , 3745.7049999999999272, 1, , , 3745.7049999999999272, 1, , , 3745.7049999999999272, 0
, , 3745.7109999999997854, 0, , , 3745.7109999999997854, 1, , , 3745.7109999999997854, 1, , , 3745.7109999999997854, 0
, , 3745.7150000000001455, 1, , , 3745.7150000000001455, 1, , , 3745.7150000000001455, 1, , , 3745.7150000000001455, 1
, , 3745.7190000000000509, 1, , , 3745.7190000000000509, 1, , , 3745.7190000000000509, 1, , , 3745.7190000000000509, 1
, , 3745.7240000000001601, 1, , , 3745.7240000000001601, 1, , , 3745.7240000000001601, 1, , , 3745.7240000000001601, 1
, , 3745.7289999999998145, 1, , , 3745.7289999999998145, 1, , , 3745.7289999999998145, 1, , , 3745.7289999999998145, 1
, , 3745.7350000000001273, 1, , , 3745.7350000000001273, 1, , , 3745.7350000000001273, 1, , , 3745.7350000000001273, 1
, , 3745.7399999999997817, 1, , , 3745.7399999999997817, 1, , , 3745.7399999999997817, 1, , , 3745.7399999999997817, 1
, , 3745.7449999999998909, 1, , , 3745.7449999999998909, 1, , , 3745.7449999999998909, 1, , , 3745.7449999999998909, 1
, , 3745.75, 1, , , 3745.75, 1, , , 3745.75, 1, , , 3745.75, 1
, , 3745.7539999999999054, 1, , , 3745.7539999999999054, 1, , , 3745.7539999999999054, 1, , , 3745.7539999999999054, 1
, , 3745.7590000000000146, 1, , , 3745.7590000000000146, 1, , , 3745.7590000000000146, 1, , , 3745.7590000000000146, 1
, , 3745.7640000000001237, 1, , , 3745.7640000000001237, 1, , , 3745.7640000000001237, 1, , , 3745.7640000000001237, 1
, , 3745.7689999999997781, 1, , , 3745.7689999999997781, 1, , , 3745.7689999999997781, 1, , , 3745.7689999999997781, 1
, , 3745.7739999999998872, 1, , , 3745.7739999999998872, 1, , , 3745.7739999999998872, 1, , , 3745.7739999999998872, 1
, , 3745.7800000000002001, 1, , , 3745.7800000000002001, 1, , , 3745.7800000000002001, 1, , , 3745.7800000000002001, 1
, , 3745.7840000000001055, 1, , , 3745.7840000000001055, 1, , , 3745.7840000000001055, 1, , , 3745.7840000000001055, 1
, , 3745.7890000000002146, 1, , , 3745.7890000000002146, 0, , , 3745.7890000000002146, 0, , , 3745.7890000000002146, 1
, , 3745.7950000000000728, 1, , , 3745.7950000000000728, 0, , , 3745.7950000000000728, 0, , , 3745.7950000000000728, 1
, , 3745.8020000000001346, 1, , , 3745.8020000000001346, 0, , , 3745.8020000000001346, 0, , , 3745.8020000000001346, 1
, , 3745.8049999999998363, 1, , , 3745.8049999999998363, 0, , , 3745.8049999999998363, 0, , , 3745.8049999999998363, 1
, , 3745.8090000000001965, 1, , , 3745.8090000000001965, 0, , , 3745.8090000000001965, 0, , , 3745.8090000000001965, 1
, , 3745.8150000000000546, 1, , , 3745.8150000000000546, 0, , , 3745.8150000000000546, 0, , , 3745.8150000000000546, 1
, , 3745.81899999999996, 1, , , 3745.81899999999996, 0, , , 3745.81899999999996, 0, , , 3745.81899999999996, 1
, , 3745.8249999999998181, 1, , , 3745.8249999999998181, 0, , , 3745.8249999999998181, 0, , , 3745.8249999999998181, 1
, , 3745.8299999999999272, 1, , , 3745.8299999999999272, 0, , , 3745.8299999999999272, 0, , , 3745.8299999999999272, 1
, , 3745.8339999999998327, 1, , , 3745.8339999999998327, 0, , , 3745.8339999999998327, 0, , , 3745.8339999999998327, 1
, , 3745.8400000000001455, 1, , , 3745.8400000000001455, 0, , , 3745.8400000000001455, 0, , , 3745.8400000000001455, 1
, , 3745.8440000000000509, 1, , , 3745.8440000000000509, 0, , , 3745.8440000000000509, 0, , , 3745.8440000000000509, 1
, , 3745.8490000000001601, 1, , , 3745.8490000000001601, 0, , , 3745.8490000000001601, 0, , , 3745.8490000000001601, 1
, , 3745.8539999999998145, 1, , , 3745.8539999999998145, 0, , , 3745.8539999999998145, 0, , , 3745.8539999999998145, 1
, , 3745.8600000000001273, 1, , , 3745.8600000000001273, 0, , , 3745.8600000000001273, 0, , , 3745.8600000000001273, 1
, , 3745.8640000000000327, 1, , , 3745.8640000000000327, 0, , , 3745.8640000000000327, 0, , , 3745.8640000000000327, 1
, , 3745.8690000000001419, 1, , , 3745.8690000000001419, 0, , , 3745.8690000000001419, 0, , , 3745.8690000000001419, 1
, , 3745.8760000000002037, 1, , , 3745.8760000000002037, 0, , , 3745.8760000000002037, 0, , , 3745.8760000000002037, 1
, , 3745.8800000000001091, 1, , , 3745.8800000000001091, 0, , , 3745.8800000000001091, 0, , , 3745.8800000000001091, 1
, , 3745.8840000000000146, 1, , , 3745.8840000000000146, 0, , , 3745.8840000000000146, 0, , , 3745.8840000000000146, 1
, , 3745.8899999999998727, 1, , , 3745.8899999999998727, 0, , , 3745.8899999999998727, 0, , , 3745.8899999999998727, 1
, , 3745.8939999999997781, 1, , , 3745.8939999999997781, 0, , , 3745.8939999999997781, 0, , , 3745.8939999999997781, 1
, , 3745.8989999999998872, 1, , , 3745.8989999999998872, 0, , , 3745.8989999999998872, 0, , , 3745.8989999999998872, 1
, , 3745.9039999999999964, 1, , , 3745.9039999999999964, 0, , , 3745.9039999999999964, 0, , , 3745.9039999999999964, 1
, , 3745.9099999999998545, 1, , , 3745.9099999999998545, 0, , , 3745.9099999999998545, 0, , , 3745.9099999999998545, 1
, , 3745.9140000000002146, 1, , , 3745.9140000000002146, 0, , , 3745.9140000000002146, 0, , , 3745.9140000000002146, 1
, , 3745.918999999999869, 1, , , 3745.918999999999869, 0, , , 3745.918999999999869, 0, , , 3745.918999999999869, 1
, , 3745.9239999999999782, 1, , , 3745.9239999999999782, 0, , , 3745.9239999999999782, 0, , , 3745.9239999999999782, 1
, , 3745.9299999999998363, 1, , , 3745.9299999999998363, 0, , , 3745.9299999999998363, 0, , , 3745.9299999999998363, 1
, , 3745.9349999999999454, 1, , , 3745.9349999999999454, 0, , , 3745.9349999999999454, 0, , , 3745.9349999999999454, 1
, , 3745.9389999999998508, 1, , , 3745.9389999999998508, 0, , , 3745.9389999999998508, 0, , , 3745.9389999999998508, 1
, , 3745.94399999999996, 1, , , 3745.94399999999996, 0, , , 3745.94399999999996, 0, , , 3745.94399999999996, 1
, , 3745.9490000000000691, 1, , , 3745.9490000000000691, 0, , , 3745.9490000000000691, 0, , , 3745.9490000000000691, 1
, , 3745.9540000000001783, 1, , , 3745.9540000000001783, 0, , , 3745.9540000000001783, 0, , , 3745.9540000000001783, 1
, , 3745.9589999999998327, 1, , , 3745.9589999999998327, 0, , , 3745.9589999999998327, 0, , , 3745.9589999999998327, 1
, , 3745.9630000000001928, 1, , , 3745.9630000000001928, 0, , , 3745.9630000000001928, 0, , , 3745.9630000000001928, 1
, , 3745.9690000000000509, 1, , , 3745.9690000000000509, 0, , , 3745.9690000000000509, 0, , , 3745.9690000000000509, 1
, , 3745.9740000000001601, 1, , , 3745.9740000000001601, 0, , , 3745.9740000000001601, 0, , , 3745.9740000000001601, 1
, , 3745.9800000000000182, 1, , , 3745.9800000000000182, 0, , , 3745.9800000000000182, 0, , , 3745.9800000000000182, 1
, , 3745.9830000000001746, 1, , , 3745.9830000000001746, 0, , , 3745.9830000000001746, 0, , , 3745.9830000000001746, 1
, , 3745.9890000000000327, 1, , , 3745.9890000000000327, 0, , , 3745.9890000000000327, 0, , , 3745.9890000000000327, 1
, , 3745.9940000000001419, 1, , , 3745.9940000000001419, 0, , , 3745.9940000000001419, 0, , , 3745.9940000000001419, 1
, , 3745.9989999999997963, 1, , , 3745.9989999999997963, 0, , , 3745.9989999999997963, 0, , , 3745.9989999999997963, 1
, , 3746.0039999999999054, 1, , , 3746.0039999999999054, 0, , , 3746.0039999999999054, 0, , , 3746.0039999999999054, 1
, , 3746.0100000000002183, 1, , , 3746.0100000000002183, 0, , , 3746.0100000000002183, 0, , , 3746.0100000000002183, 1
, , 3746.0140000000001237, 1, , , 3746.0140000000001237, 0, , , 3746.0140000000001237, 0, , , 3746.0140000000001237, 1
, , 3746.0189999999997781, 1, , , 3746.0189999999997781, 0, , , 3746.0189999999997781, 0, , , 3746.0189999999997781, 1
, , 3746.0239999999998872, 1, , , 3746.0239999999998872, 0, , , 3746.0239999999998872, 0, , , 3746.0239999999998872, 1
, , 3746.0289999999999964, 1, , , 3746.0289999999999964, 0, , , 3746.0289999999999964, 0, , , 3746.0289999999999964, 1
, , 3746.0340000000001055, 1, , , 3746.0340000000001055, 0, , , 3746.0340000000001055, 0, , , 3746.0340000000001055, 1
, , 3746.0390000000002146, 1, , , 3746.0390000000002146, 1, , , 3746.0390000000002146, 1, , , 3746.0390000000002146, 1
, , 3746.043999999999869, 1, , , 3746.043999999999869, 1, , , 3746.043999999999869, 1, , , 3746.043999999999869, 1
, , 3746.0489999999999782, 1, , , 3746.0489999999999782, 1, , , 3746.0489999999999782, 1, , , 3746.0489999999999782, 1
, , 3746.0540000000000873, 1, , , 3746.0540000000000873, 1, , , 3746.0540000000000873, 1, , , 3746.0540000000000873, 1
, , 3746.0590000000001965, 1, , , 3746.0590000000001965, 1, , , 3746.0590000000001965, 1, , , 3746.0590000000001965, 1
, , 3746.0639999999998508, 1, , , 3746.0639999999998508, 1, , , 3746.0639999999998508, 1, , , 3746.0639999999998508, 1
, , 3746.06899999999996, 1, , , 3746.06899999999996, 1, , , 3746.06899999999996, 1, , , 3746.06899999999996, 1
, , 3746.0740000000000691, 1, , , 3746.0740000000000691, 1, , , 3746.0740000000000691, 1, , , 3746.0740000000000691, 1
, , 3746.0779999999999745, 1, , , 3746.0779999999999745, 1, , , 3746.0779999999999745, 1, , , 3746.0779999999999745, 1
, , 3746.0830000000000837, 1, , , 3746.0830000000000837, 1, , , 3746.0830000000000837, 1, , , 3746.0830000000000837, 1
, , 3746.0889999999999418, 1, , , 3746.0889999999999418, 1, , , 3746.0889999999999418, 1, , , 3746.0889999999999418, 1
, , 3746.0940000000000509, 1, , , 3746.0940000000000509, 1, , , 3746.0940000000000509, 1, , , 3746.0940000000000509, 1
, , 3746.0990000000001601, 1, , , 3746.0990000000001601, 1, , , 3746.0990000000001601, 1, , , 3746.0990000000001601, 1
, , 3746.1050000000000182, 1, , , 3746.1050000000000182, 1, , , 3746.1050000000000182, 1, , , 3746.1050000000000182, 1
, , 3746.1100000000001273, 1, , , 3746.1100000000001273, 1, , , 3746.1100000000001273, 1, , , 3746.1100000000001273, 1
, , 3746.1140000000000327, 0, , , 3746.1140000000000327, 1, , , 3746.1140000000000327, 1, , , 3746.1140000000000327, 0
, , 3746.1190000000001419, 0, , , 3746.1190000000001419, 1, , , 3746.1190000000001419, 1, , , 3746.1190000000001419, 0
, , 3746.125, 0, , , 3746.125, 1, , , 3746.125, 1, , , 3746.125, 0
, , 3746.1289999999999054, 0, , , 3746.1289999999999054, 1, , , 3746.1289999999999054, 1, , , 3746.1289999999999054, 0
, , 3746.1350000000002183, 0, , , 3746.1350000000002183, 1, , , 3746.1350000000002183, 1, , , 3746.1350000000002183, 0
, , 3746.1390000000001237, 0, , , 3746.1390000000001237, 1, , , 3746.1390000000001237, 1, , , 3746.1390000000001237, 0
, , 3746.1439999999997781, 0, , , 3746.1439999999997781, 1, , , 3746.1439999999997781, 1, , , 3746.1439999999997781, 0
, , 3746.1500000000000909, 0, , , 3746.1500000000000909, 1, , , 3746.1500000000000909, 1, , , 3746.1500000000000909, 0
, , 3746.1539999999999964, 0, , , 3746.1539999999999964, 1, , , 3746.1539999999999964, 1, , , 3746.1539999999999964, 0
, , 3746.1599999999998545, 0, , , 3746.1599999999998545, 1, , , 3746.1599999999998545, 1, , , 3746.1599999999998545, 0
, , 3746.1640000000002146, 0, , , 3746.1640000000002146, 1, , , 3746.1640000000002146, 1, , , 3746.1640000000002146, 0
, , 3746.168999999999869, 0, , , 3746.168999999999869, 1, , , 3746.168999999999869, 1, , , 3746.168999999999869, 0
, , 3746.1739999999999782, 0, , , 3746.1739999999999782, 1, , , 3746.1739999999999782, 1, , , 3746.1739999999999782, 0
, , 3746.1790000000000873, 0, , , 3746.1790000000000873, 1, , , 3746.1790000000000873, 1, , , 3746.1790000000000873, 0
, , 3746.1849999999999454, 0, , , 3746.1849999999999454, 1, , , 3746.1849999999999454, 1, , , 3746.1849999999999454, 0
, , 3746.1900000000000546, 0, , , 3746.1900000000000546, 1, , , 3746.1900000000000546, 1, , , 3746.1900000000000546, 0
, , 3746.1950000000001637, 0, , , 3746.1950000000001637, 1, , , 3746.1950000000001637, 1, , , 3746.1950000000001637, 0
, , 3746.1990000000000691, 0, , , 3746.1990000000000691, 1, , , 3746.1990000000000691, 1, , , 3746.1990000000000691, 0
, , 3746.2040000000001783, 0, , , 3746.2040000000001783, 1, , , 3746.2040000000001783, 1, , , 3746.2040000000001783, 0
, , 3746.2100000000000364, 0, , , 3746.2100000000000364, 1, , , 3746.2100000000000364, 1, , , 3746.2100000000000364, 0
, , 3746.2150000000001455, 0, , , 3746.2150000000001455, 1, , , 3746.2150000000001455, 1, , , 3746.2150000000001455, 0
, , 3746.2190000000000509, 0, , , 3746.2190000000000509, 1, , , 3746.2190000000000509, 1, , , 3746.2190000000000509, 0
, , 3746.2240000000001601, 0, , , 3746.2240000000001601, 1, , , 3746.2240000000001601, 1, , , 3746.2240000000001601, 0
, , 3746.2289999999998145, 0, , , 3746.2289999999998145, 1, , , 3746.2289999999998145, 1, , , 3746.2289999999998145, 0
, , 3746.2339999999999236, 0, , , 3746.2339999999999236, 1, , , 3746.2339999999999236, 1, , , 3746.2339999999999236, 0
, , 3746.2390000000000327, 0, , , 3746.2390000000000327, 1, , , 3746.2390000000000327, 1, , , 3746.2390000000000327, 0
, , 3746.2440000000001419, 0, , , 3746.2440000000001419, 1, , , 3746.2440000000001419, 1, , , 3746.2440000000001419, 0
, , 3746.25, 0, , , 3746.25, 1, , , 3746.25, 1, , , 3746.25, 0
, , 3746.2539999999999054, 0, , , 3746.2539999999999054, 1, , , 3746.2539999999999054, 1, , , 3746.2539999999999054, 0
, , 3746.2590000000000146, 0, , , 3746.2590000000000146, 1, , , 3746.2590000000000146, 1, , , 3746.2590000000000146, 0
, , 3746.2640000000001237, 0, , , 3746.2640000000001237, 1, , , 3746.2640000000001237, 1, , , 3746.2640000000001237, 0
, , 3746.2689999999997781, 0, , , 3746.2689999999997781, 1, , , 3746.2689999999997781, 1, , , 3746.2689999999997781, 0
, , 3746.2739999999998872, 0, , , 3746.2739999999998872, 1, , , 3746.2739999999998872, 1, , , 3746.2739999999998872, 0
, , 3746.2800000000002001, 0, , , 3746.2800000000002001, 1, , , 3746.2800000000002001, 1, , , 3746.2800000000002001, 0
, , 3746.2849999999998545, 0, , , 3746.2849999999998545, 1, , , 3746.2849999999998545, 1, , , 3746.2849999999998545, 0
, , 3746.2890000000002146, 0, , , 3746.2890000000002146, 1, , , 3746.2890000000002146, 1, , , 3746.2890000000002146, 0
, , 3746.2950000000000728, 0, , , 3746.2950000000000728, 1, , , 3746.2950000000000728, 1, , , 3746.2950000000000728, 0
, , 3746.2989999999999782, 0, , , 3746.2989999999999782, 1, , , 3746.2989999999999782, 1, , , 3746.2989999999999782, 0
, , 3746.3029999999998836, 0, , , 3746.3029999999998836, 1, , , 3746.3029999999998836, 1, , , 3746.3029999999998836, 0
, , 3746.3099999999999454, 0, , , 3746.3099999999999454, 1, , , 3746.3099999999999454, 1, , , 3746.3099999999999454, 0
, , 3746.3139999999998508, 0, , , 3746.3139999999998508, 1, , , 3746.3139999999998508, 1, , , 3746.3139999999998508, 0
, , 3746.31899999999996, 0, , , 3746.31899999999996, 1, , , 3746.31899999999996, 1, , , 3746.31899999999996, 0
, , 3746.3240000000000691, 0, , , 3746.3240000000000691, 1, , , 3746.3240000000000691, 1, , , 3746.3240000000000691, 0
, , 3746.3290000000001783, 0, , , 3746.3290000000001783, 1, , , 3746.3290000000001783, 1, , , 3746.3290000000001783, 0
, , 3746.3339999999998327, 0, , , 3746.3339999999998327, 1, , , 3746.3339999999998327, 1, , , 3746.3339999999998327, 0
, , 3746.3389999999999418, 0, , , 3746.3389999999999418, 1, , , 3746.3389999999999418, 1, , , 3746.3389999999999418, 0
, , 3746.3440000000000509, 0, , , 3746.3440000000000509, 1, , , 3746.3440000000000509, 1, , , 3746.3440000000000509, 0
, , 3746.3490000000001601, 0, , , 3746.3490000000001601, 1, , , 3746.3490000000001601, 1, , , 3746.3490000000001601, 0
, , 3746.3539999999998145, 0, , , 3746.3539999999998145, 1, , , 3746.3539999999998145, 1, , , 3746.3539999999998145, 0
, , 3746.3589999999999236, 0, , , 3746.3589999999999236, 1, , , 3746.3589999999999236, 1, , , 3746.3589999999999236, 0
, , 3746.3640000000000327, 0, , , 3746.3640000000000327, 1, , , 3746.3640000000000327, 1, , , 3746.3640000000000327, 0
, , 3746.3690000000001419, 1, , , 3746.3690000000001419, 1, , , 3746.3690000000001419, 1, , , 3746.3690000000001419, 1
, , 3746.3739999999997963, 1, , , 3746.3739999999997963, 1, , , 3746.3739999999997963, 1, , , 3746.3739999999997963, 1
, , 3746.3789999999999054, 1, , , 3746.3789999999999054, 1, , , 3746.3789999999999054, 1, , , 3746.3789999999999054, 1
, , 3746.3829999999998108, 1, , , 3746.3829999999998108, 1, , , 3746.3829999999998108, 1, , , 3746.3829999999998108, 1
, , 3746.3890000000001237, 1, , , 3746.3890000000001237, 1, , , 3746.3890000000001237, 1, , , 3746.3890000000001237, 1
, , 3746.3939999999997781, 1, , , 3746.3939999999997781, 1, , , 3746.3939999999997781, 1, , , 3746.3939999999997781, 1
, , 3746.3989999999998872, 1, , , 3746.3989999999998872, 1, , , 3746.3989999999998872, 1, , , 3746.3989999999998872, 1
, , 3746.4039999999999964, 1, , , 3746.4039999999999964, 1, , , 3746.4039999999999964, 1, , , 3746.4039999999999964, 1
, , 3746.4090000000001055, 1, , , 3746.4090000000001055, 1, , , 3746.4090000000001055, 1, , , 3746.4090000000001055, 1
, , 3746.4149999999999636, 1, , , 3746.4149999999999636, 1, , , 3746.4149999999999636, 1, , , 3746.4149999999999636, 1
, , 3746.418999999999869, 1, , , 3746.418999999999869, 1, , , 3746.418999999999869, 1, , , 3746.418999999999869, 1
, , 3746.4239999999999782, 1, , , 3746.4239999999999782, 1, , , 3746.4239999999999782, 1, , , 3746.4239999999999782, 1
, , 3746.4290000000000873, 1, , , 3746.4290000000000873, 1, , , 3746.4290000000000873, 1, , , 3746.4290000000000873, 1
, , 3746.4340000000001965, 1, , , 3746.4340000000001965, 1, , , 3746.4340000000001965, 1, , , 3746.4340000000001965, 1
, , 3746.4380000000001019, 1, , , 3746.4380000000001019, 1, , , 3746.4380000000001019, 1, , , 3746.4380000000001019, 1
, , 3746.44399999999996, 1, , , 3746.44399999999996, 0, , , 3746.44399999999996, 0, , , 3746.44399999999996, 1
, , 3746.4499999999998181, 1, , , 3746.4499999999998181, 0, , , 3746.4499999999998181, 0, , , 3746.4499999999998181, 1
, , 3746.4540000000001783, 1, , , 3746.4540000000001783, 0, , , 3746.4540000000001783, 0, , , 3746.4540000000001783, 1
, , 3746.4589999999998327, 1, , , 3746.4589999999998327, 0, , , 3746.4589999999998327, 0, , , 3746.4589999999998327, 1
, , 3746.4639999999999418, 1, , , 3746.4639999999999418, 0, , , 3746.4639999999999418, 0, , , 3746.4639999999999418, 1
, , 3746.4690000000000509, 1, , , 3746.4690000000000509, 0, , , 3746.4690000000000509, 0, , , 3746.4690000000000509, 1
, , 3746.4740000000001601, 1, , , 3746.4740000000001601, 0, , , 3746.4740000000001601, 0, , , 3746.4740000000001601, 1
, , 3746.4780000000000655, 1, , , 3746.4780000000000655, 0, , , 3746.4780000000000655, 0, , , 3746.4780000000000655, 1
, , 3746.4850000000001273, 1, , , 3746.4850000000001273, 0, , , 3746.4850000000001273, 0, , , 3746.4850000000001273, 1
, , 3746.4890000000000327, 1, , , 3746.4890000000000327, 0, , , 3746.4890000000000327, 0, , , 3746.4890000000000327, 1
, , 3746.4940000000001419, 1, , , 3746.4940000000001419, 0, , , 3746.4940000000001419, 0, , , 3746.4940000000001419, 1
, , 3746.4989999999997963, 1, , , 3746.4989999999997963, 0, , , 3746.4989999999997963, 0, , , 3746.4989999999997963, 1
, , 3746.5050000000001091, 1, , , 3746.5050000000001091, 0, , , 3746.5050000000001091, 0, , , 3746.5050000000001091, 1
, , 3746.5090000000000146, 1, , , 3746.5090000000000146, 0, , , 3746.5090000000000146, 0, , , 3746.5090000000000146, 1
, , 3746.5140000000001237, 1, , , 3746.5140000000001237, 0, , , 3746.5140000000001237, 0, , , 3746.5140000000001237, 1
, , 3746.5189999999997781, 1, , , 3746.5189999999997781, 0, , , 3746.5189999999997781, 0, , , 3746.5189999999997781, 1
, , 3746.5239999999998872, 1, , , 3746.5239999999998872, 0, , , 3746.5239999999998872, 0, , , 3746.5239999999998872, 1
, , 3746.5289999999999964, 1, , , 3746.5289999999999964, 0, , , 3746.5289999999999964, 0, , , 3746.5289999999999964, 1
, , 3746.5329999999999018, 1, , , 3746.5329999999999018, 0, , , 3746.5329999999999018, 0, , , 3746.5329999999999018, 1
, , 3746.5380000000000109, 1, , , 3746.5380000000000109, 0, , , 3746.5380000000000109, 0, , , 3746.5380000000000109, 1
, , 3746.543999999999869, 1, , , 3746.543999999999869, 0, , , 3746.543999999999869, 0, , , 3746.543999999999869, 1
, , 3746.5479999999997744, 1, , , 3746.5479999999997744, 0, , , 3746.5479999999997744, 0, , , 3746.5479999999997744, 1
, , 3746.5540000000000873, 1, , , 3746.5540000000000873, 0, , , 3746.5540000000000873, 0, , , 3746.5540000000000873, 1
, , 3746.5619999999998981, 1, , , 3746.5619999999998981, 0, , , 3746.5619999999998981, 0, , , 3746.5619999999998981, 1
, , 3746.5639999999998508, 1, , , 3746.5639999999998508, 0, , , 3746.5639999999998508, 0, , , 3746.5639999999998508, 1
, , 3746.56899999999996, 1, , , 3746.56899999999996, 0, , , 3746.56899999999996, 0, , , 3746.56899999999996, 1
, , 3746.5770000000002256, 1, , , 3746.5770000000002256, 0, , , 3746.5770000000002256, 0, , , 3746.5770000000002256, 1
, , 3746.5790000000001783, 1, , , 3746.5790000000001783, 0, , , 3746.5790000000001783, 0, , , 3746.5790000000001783, 1
, , 3746.5839999999998327, 1, , , 3746.5839999999998327, 0, , , 3746.5839999999998327, 0, , , 3746.5839999999998327, 1
, , 3746.5889999999999418, 1, , , 3746.5889999999999418, 0, , , 3746.5889999999999418, 0, , , 3746.5889999999999418, 1
, , 3746.5940000000000509, 1, , , 3746.5940000000000509, 0, , , 3746.5940000000000509, 0, , , 3746.5940000000000509, 1
, , 3746.5999999999999091, 1, , , 3746.5999999999999091, 0, , , 3746.5999999999999091, 0, , , 3746.5999999999999091, 1
, , 3746.6039999999998145, 1, , , 3746.6039999999998145, 0, , , 3746.6039999999998145, 0, , , 3746.6039999999998145, 1
, , 3746.6100000000001273, 1, , , 3746.6100000000001273, 0, , , 3746.6100000000001273, 0, , , 3746.6100000000001273, 1
, , 3746.6140000000000327, 1, , , 3746.6140000000000327, 0, , , 3746.6140000000000327, 0, , , 3746.6140000000000327, 1
, , 3746.6190000000001419, 1, , , 3746.6190000000001419, 0, , , 3746.6190000000001419, 0, , , 3746.6190000000001419, 1
, , 3746.6239999999997963, 1, , , 3746.6239999999997963, 0, , , 3746.6239999999997963, 0, , , 3746.6239999999997963, 1
, , 3746.6289999999999054, 1, , , 3746.6289999999999054, 0, , , 3746.6289999999999054, 0, , , 3746.6289999999999054, 1
, , 3746.6340000000000146, 1, , , 3746.6340000000000146, 0, , , 3746.6340000000000146, 0, , , 3746.6340000000000146, 1
, , 3746.6390000000001237, 1, , , 3746.6390000000001237, 0, , , 3746.6390000000001237, 0, , , 3746.6390000000001237, 1
, , 3746.6439999999997781, 1, , , 3746.6439999999997781, 0, , , 3746.6439999999997781, 0, , , 3746.6439999999997781, 1
, , 3746.6489999999998872, 1, , , 3746.6489999999998872, 0, , , 3746.6489999999998872, 0, , , 3746.6489999999998872, 1
, , 3746.6539999999999964, 1, , , 3746.6539999999999964, 0, , , 3746.6539999999999964, 0, , , 3746.6539999999999964, 1
, , 3746.6590000000001055, 1, , , 3746.6590000000001055, 0, , , 3746.6590000000001055, 0, , , 3746.6590000000001055, 1
, , 3746.6640000000002146, 1, , , 3746.6640000000002146, 0, , , 3746.6640000000002146, 0, , , 3746.6640000000002146, 1
, , 3746.668999999999869, 1, , , 3746.668999999999869, 0, , , 3746.668999999999869, 0, , , 3746.668999999999869, 1
, , 3746.6739999999999782, 1, , , 3746.6739999999999782, 0, , , 3746.6739999999999782, 0, , , 3746.6739999999999782, 1
, , 3746.6790000000000873, 1, , , 3746.6790000000000873, 0, , , 3746.6790000000000873, 0, , , 3746.6790000000000873, 1
, , 3746.6840000000001965, 1, , , 3746.6840000000001965, 0, , , 3746.6840000000001965, 0, , , 3746.6840000000001965, 1
, , 3746.6889999999998508, 1, , , 3746.6889999999998508, 0, , , 3746.6889999999998508, 0, , , 3746.6889999999998508, 1
, , 3746.6950000000001637, 1, , , 3746.6950000000001637, 1, , , 3746.6950000000001637, 1, , , 3746.6950000000001637, 1
, , 3746.6990000000000691, 1, , , 3746.6990000000000691, 1, , , 3746.6990000000000691, 1, , , 3746.6990000000000691, 1
, , 3746.7040000000001783, 1, , , 3746.7040000000001783, 1, , , 3746.7040000000001783, 1, , , 3746.7040000000001783, 1
, , 3746.7100000000000364, 1, , , 3746.7100000000000364, 1, , , 3746.7100000000000364, 1, , , 3746.7100000000000364, 1
, , 3746.7139999999999418, 1, , , 3746.7139999999999418, 1, , , 3746.7139999999999418, 1, , , 3746.7139999999999418, 1
, , 3746.7199999999997999, 1, , , 3746.7199999999997999, 1, , , 3746.7199999999997999, 1, , , 3746.7199999999997999, 1
, , 3746.7240000000001601, 1, , , 3746.7240000000001601, 1, , , 3746.7240000000001601, 1, , , 3746.7240000000001601, 1
, , 3746.7289999999998145, 1, , , 3746.7289999999998145, 1, , , 3746.7289999999998145, 1, , , 3746.7289999999998145, 1
, , 3746.7339999999999236, 1, , , 3746.7339999999999236, 1, , , 3746.7339999999999236, 1, , , 3746.7339999999999236, 1
, , 3746.7399999999997817, 1, , , 3746.7399999999997817, 1, , , 3746.7399999999997817, 1, , , 3746.7399999999997817, 1
, , 3746.7449999999998909, 1, , , 3746.7449999999998909, 1, , , 3746.7449999999998909, 1, , , 3746.7449999999998909, 1
, , 3746.7489999999997963, 1, , , 3746.7489999999997963, 1, , , 3746.7489999999997963, 1, , , 3746.7489999999997963, 1
, , 3746.7539999999999054, 1, , , 3746.7539999999999054, 1, , , 3746.7539999999999054, 1, , , 3746.7539999999999054, 1
, , 3746.7590000000000146, 1, , , 3746.7590000000000146, 1, , , 3746.7590000000000146, 1, , , 3746.7590000000000146, 1
, , 3746.7640000000001237, 1, , , 3746.7640000000001237, 1, , , 3746.7640000000001237, 1, , , 3746.7640000000001237, 1
, , 3746.7689999999997781, 0, , , 3746.7689999999997781, 1, , , 3746.7689999999997781, 1, , , 3746.7689999999997781, 0
, , 3746.7750000000000909, 0, , , 3746.7750000000000909, 1, , , 3746.7750000000000909, 1, , , 3746.7750000000000909, 0
, , 3746.7809999999999491, 0, , , 3746.7809999999999491, 1, , , 3746.7809999999999491, 1, , , 3746.7809999999999491, 0
, , 3746.7840000000001055, 0, , , 3746.7840000000001055, 1, , , 3746.7840000000001055, 1, , , 3746.7840000000001055, 0
, , 3746.7890000000002146, 0, , , 3746.7890000000002146, 1, , , 3746.7890000000002146, 1, , , 3746.7890000000002146, 0
, , 3746.7950000000000728, 0, , , 3746.7950000000000728, 1, , , 3746.7950000000000728, 1, , , 3746.7950000000000728, 0
, , 3746.8000000000001819, 0, , , 3746.8000000000001819, 1, , , 3746.8000000000001819, 1, , , 3746.8000000000001819, 0
, , 3746.8040000000000873, 0, , , 3746.8040000000000873, 1, , , 3746.8040000000000873, 1, , , 3746.8040000000000873, 0
, , 3746.8090000000001965, 0, , , 3746.8090000000001965, 1, , , 3746.8090000000001965, 1, , , 3746.8090000000001965, 0
, , 3746.8150000000000546, 0, , , 3746.8150000000000546, 1, , , 3746.8150000000000546, 1, , , 3746.8150000000000546, 0
, , 3746.81899999999996, 0, , , 3746.81899999999996, 1, , , 3746.81899999999996, 1, , , 3746.81899999999996, 0
, , 3746.8240000000000691, 0, , , 3746.8240000000000691, 1, , , 3746.8240000000000691, 1, , , 3746.8240000000000691, 0
, , 3746.8290000000001783, 0, , , 3746.8290000000001783, 1, , , 3746.8290000000001783, 1, , , 3746.8290000000001783, 0
, , 3746.8350000000000364, 0, , , 3746.8350000000000364, 1, , , 3746.8350000000000364, 1, , , 3746.8350000000000364, 0
, , 3746.8389999999999418, 0, , , 3746.8389999999999418, 1, , , 3746.8389999999999418, 1, , , 3746.8389999999999418, 0
, , 3746.8440000000000509, 0, , , 3746.8440000000000509, 1, , , 3746.8440000000000509, 1, , , 3746.8440000000000509, 0
, , 3746.8499999999999091, 0, , , 3746.8499999999999091, 1, , , 3746.8499999999999091, 1, , , 3746.8499999999999091, 0
, , 3746.8550000000000182, 0, , , 3746.8550000000000182, 1, , , 3746.8550000000000182, 1, , , 3746.8550000000000182, 0
, , 3746.8589999999999236, 0, , , 3746.8589999999999236, 1, , , 3746.8589999999999236, 1, , , 3746.8589999999999236, 0
, , 3746.8640000000000327, 0, , , 3746.8640000000000327, 1, , , 3746.8640000000000327, 1, , , 3746.8640000000000327, 0
, , 3746.8690000000001419, 0, , , 3746.8690000000001419, 1, , , 3746.8690000000001419, 1, , , 3746.8690000000001419, 0
, , 3746.8739999999997963, 0, , , 3746.8739999999997963, 1, , , 3746.8739999999997963, 1, , , 3746.8739999999997963, 0
, , 3746.8789999999999054, 0, , , 3746.8789999999999054, 1, , , 3746.8789999999999054, 1, , , 3746.8789999999999054, 0
, , 3746.8840000000000146, 0, , , 3746.8840000000000146, 1, , , 3746.8840000000000146, 1, , , 3746.8840000000000146, 0
, , 3746.8890000000001237, 0, , , 3746.8890000000001237, 1, , , 3746.8890000000001237, 1, , , 3746.8890000000001237, 0
, , 3746.8949999999999818, 0, , , 3746.8949999999999818, 1, , , 3746.8949999999999818, 1, , , 3746.8949999999999818, 0
, , 3746.9000000000000909, 0, , , 3746.9000000000000909, 1, , , 3746.9000000000000909, 1, , , 3746.9000000000000909, 0
, , 3746.9039999999999964, 0, , , 3746.9039999999999964, 1, , , 3746.9039999999999964, 1, , , 3746.9039999999999964, 0
, , 3746.9090000000001055, 0, , , 3746.9090000000001055, 1, , , 3746.9090000000001055, 1, , , 3746.9090000000001055, 0
, , 3746.9149999999999636, 0, , , 3746.9149999999999636, 1, , , 3746.9149999999999636, 1, , , 3746.9149999999999636, 0
, , 3746.9200000000000728, 0, , , 3746.9200000000000728, 1, , , 3746.9200000000000728, 1, , , 3746.9200000000000728, 0
, , 3746.9279999999998836, 0, , , 3746.9279999999998836, 1, , , 3746.9279999999998836, 1, , , 3746.9279999999998836, 0
, , 3746.9290000000000873, 0, , , 3746.9290000000000873, 1, , , 3746.9290000000000873, 1, , , 3746.9290000000000873, 0
, , 3746.9340000000001965, 0, , , 3746.9340000000001965, 1, , , 3746.9340000000001965, 1, , , 3746.9340000000001965, 0
, , 3746.9389999999998508, 0, , , 3746.9389999999998508, 1, , , 3746.9389999999998508, 1, , , 3746.9389999999998508, 0
, , 3746.94399999999996, 0, , , 3746.94399999999996, 1, , , 3746.94399999999996, 1, , , 3746.94399999999996, 0
, , 3746.9490000000000691, 0, , , 3746.9490000000000691, 1, , , 3746.9490000000000691, 1, , , 3746.9490000000000691, 0
, , 3746.9540000000001783, 0, , , 3746.9540000000001783, 1, , , 3746.9540000000001783, 1, , , 3746.9540000000001783, 0
, , 3746.9589999999998327, 0, , , 3746.9589999999998327, 1, , , 3746.9589999999998327, 1, , , 3746.9589999999998327, 0
, , 3746.9659999999998945, 0, , , 3746.9659999999998945, 1, , , 3746.9659999999998945, 1, , , 3746.9659999999998945, 0
, , 3746.9690000000000509, 0, , , 3746.9690000000000509, 1, , , 3746.9690000000000509, 1, , , 3746.9690000000000509, 0
, , 3746.9740000000001601, 0, , , 3746.9740000000001601, 1, , , 3746.9740000000001601, 1, , , 3746.9740000000001601, 0
, , 3746.9789999999998145, 0, , , 3746.9789999999998145, 1, , , 3746.9789999999998145, 1, , , 3746.9789999999998145, 0
, , 3746.9839999999999236, 0, , , 3746.9839999999999236, 1, , , 3746.9839999999999236, 1, , , 3746.9839999999999236, 0
, , 3746.9899999999997817, 0, , , 3746.9899999999997817, 1, , , 3746.9899999999997817, 1, , , 3746.9899999999997817, 0
, , 3746.9940000000001419, 0, , , 3746.9940000000001419, 1, , , 3746.9940000000001419, 1, , , 3746.9940000000001419, 0
, , 3746.9989999999997963, 0, , , 3746.9989999999997963, 1, , , 3746.9989999999997963, 1, , , 3746.9989999999997963, 0
, , 3747.0039999999999054, 0, , , 3747.0039999999999054, 1, , , 3747.0039999999999054, 1, , , 3747.0039999999999054, 0
, , 3747.0090000000000146, 0, , , 3747.0090000000000146, 1, , , 3747.0090000000000146, 1, , , 3747.0090000000000146, 0
, , 3747.0149999999998727, 0, , , 3747.0149999999998727, 1, , , 3747.0149999999998727, 1, , , 3747.0149999999998727, 0
, , 3747.0189999999997781, 1, , , 3747.0189999999997781, 1, , , 3747.0189999999997781, 1, , , 3747.0189999999997781, 1
, , 3747.0239999999998872, 1, , , 3747.0239999999998872, 1, , , 3747.0239999999998872, 1, , , 3747.0239999999998872, 1
, , 3747.0300000000002001, 1, , , 3747.0300000000002001, 1, , , 3747.0300000000002001, 1, , , 3747.0300000000002001, 1
, , 3747.0340000000001055, 1, , , 3747.0340000000001055, 1, , , 3747.0340000000001055, 1, , , 3747.0340000000001055, 1
, , 3747.0390000000002146, 1, , , 3747.0390000000002146, 1, , , 3747.0390000000002146, 1, , , 3747.0390000000002146, 1
, , 3747.043999999999869, 1, , , 3747.043999999999869, 1, , , 3747.043999999999869, 1, , , 3747.043999999999869, 1
, , 3747.0500000000001819, 1, , , 3747.0500000000001819, 1, , , 3747.0500000000001819, 1, , , 3747.0500000000001819, 1
, , 3747.0549999999998363, 1, , , 3747.0549999999998363, 1, , , 3747.0549999999998363, 1, , , 3747.0549999999998363, 1
, , 3747.0610000000001492, 1, , , 3747.0610000000001492, 1, , , 3747.0610000000001492, 1, , , 3747.0610000000001492, 1
, , 3747.0650000000000546, 1, , , 3747.0650000000000546, 1, , , 3747.0650000000000546, 1, , , 3747.0650000000000546, 1
, , 3747.06899999999996, 1, , , 3747.06899999999996, 1, , , 3747.06899999999996, 1, , , 3747.06899999999996, 1
, , 3747.0749999999998181, 1, , , 3747.0749999999998181, 1, , , 3747.0749999999998181, 1, , , 3747.0749999999998181, 1
, , 3747.081000000000131, 1, , , 3747.081000000000131, 1, , , 3747.081000000000131, 1, , , 3747.081000000000131, 1
, , 3747.0839999999998327, 1, , , 3747.0839999999998327, 1, , , 3747.0839999999998327, 1, , , 3747.0839999999998327, 1
, , 3747.0889999999999418, 1, , , 3747.0889999999999418, 1, , , 3747.0889999999999418, 1, , , 3747.0889999999999418, 1
, , 3747.0960000000000036, 1, , , 3747.0960000000000036, 0, , , 3747.0960000000000036, 0, , , 3747.0960000000000036, 1
, , 3747.0990000000001601, 1, , , 3747.0990000000001601, 0, , , 3747.0990000000001601, 0, , , 3747.0990000000001601, 1
, , 3747.1039999999998145, 1, , , 3747.1039999999998145, 0, , , 3747.1039999999998145, 0, , , 3747.1039999999998145, 1
, , 3747.1089999999999236, 1, , , 3747.1089999999999236, 0, , , 3747.1089999999999236, 0, , , 3747.1089999999999236, 1
, , 3747.1140000000000327, 1, , , 3747.1140000000000327, 0, , , 3747.1140000000000327, 0, , , 3747.1140000000000327, 1
, , 3747.1199999999998909, 1, , , 3747.1199999999998909, 0, , , 3747.1199999999998909, 0, , , 3747.1199999999998909, 1
, , 3747.1239999999997963, 1, , , 3747.1239999999997963, 0, , , 3747.1239999999997963, 0, , , 3747.1239999999997963, 1
, , 3747.1300000000001091, 1, , , 3747.1300000000001091, 0, , , 3747.1300000000001091, 0, , , 3747.1300000000001091, 1
, , 3747.1350000000002183, 1, , , 3747.1350000000002183, 0, , , 3747.1350000000002183, 0, , , 3747.1350000000002183, 1
, , 3747.1390000000001237, 1, , , 3747.1390000000001237, 0, , , 3747.1390000000001237, 0, , , 3747.1390000000001237, 1
, , 3747.1449999999999818, 1, , , 3747.1449999999999818, 0, , , 3747.1449999999999818, 0, , , 3747.1449999999999818, 1
, , 3747.1489999999998872, 1, , , 3747.1489999999998872, 0, , , 3747.1489999999998872, 0, , , 3747.1489999999998872, 1
, , 3747.1539999999999964, 1, , , 3747.1539999999999964, 0, , , 3747.1539999999999964, 0, , , 3747.1539999999999964, 1
, , 3747.1590000000001055, 1, , , 3747.1590000000001055, 0, , , 3747.1590000000001055, 0, , , 3747.1590000000001055, 1
, , 3747.1649999999999636, 1, , , 3747.1649999999999636, 0, , , 3747.1649999999999636, 0, , , 3747.1649999999999636, 1
, , 3747.168999999999869, 1, , , 3747.168999999999869, 0, , , 3747.168999999999869, 0, , , 3747.168999999999869, 1
, , 3747.1750000000001819, 1, , , 3747.1750000000001819, 0, , , 3747.1750000000001819, 0, , , 3747.1750000000001819, 1
, , 3747.1799999999998363, 1, , , 3747.1799999999998363, 0, , , 3747.1799999999998363, 0, , , 3747.1799999999998363, 1
, , 3747.1840000000001965, 1, , , 3747.1840000000001965, 0, , , 3747.1840000000001965, 0, , , 3747.1840000000001965, 1
, , 3747.1889999999998508, 1, , , 3747.1889999999998508, 0, , , 3747.1889999999998508, 0, , , 3747.1889999999998508, 1
, , 3747.19399999999996, 1, , , 3747.19399999999996, 0, , , 3747.19399999999996, 0, , , 3747.19399999999996, 1
, , 3747.1999999999998181, 1, , , 3747.1999999999998181, 0, , , 3747.1999999999998181, 0, , , 3747.1999999999998181, 1
, , 3747.2040000000001783, 1, , , 3747.2040000000001783, 0, , , 3747.2040000000001783, 0, , , 3747.2040000000001783, 1
, , 3747.2089999999998327, 1, , , 3747.2089999999998327, 0, , , 3747.2089999999998327, 0, , , 3747.2089999999998327, 1
, , 3747.2139999999999418, 1, , , 3747.2139999999999418, 0, , , 3747.2139999999999418, 0, , , 3747.2139999999999418, 1
, , 3747.2190000000000509, 1, , , 3747.2190000000000509, 0, , , 3747.2190000000000509, 0, , , 3747.2190000000000509, 1
, , 3747.2240000000001601, 1, , , 3747.2240000000001601, 0, , , 3747.2240000000001601, 0, , , 3747.2240000000001601, 1
, , 3747.2289999999998145, 1, , , 3747.2289999999998145, 0, , , 3747.2289999999998145, 0, , , 3747.2289999999998145, 1
, , 3747.2339999999999236, 1, , , 3747.2339999999999236, 0, , , 3747.2339999999999236, 0, , , 3747.2339999999999236, 1
, , 3747.2390000000000327, 1, , , 3747.2390000000000327, 0, , , 3747.2390000000000327, 0, , , 3747.2390000000000327, 1
, , 3747.2440000000001419, 1, , , 3747.2440000000001419, 0, , , 3747.2440000000001419, 0, , , 3747.2440000000001419, 1
, , 3747.2489999999997963, 1, , , 3747.2489999999997963, 0, , , 3747.2489999999997963, 0, , , 3747.2489999999997963, 1
, , 3747.2539999999999054, 1, , , 3747.2539999999999054, 0, , , 3747.2539999999999054, 0, , , 3747.2539999999999054, 1
, , 3747.2590000000000146, 1, , , 3747.2590000000000146, 0, , , 3747.2590000000000146, 0, , , 3747.2590000000000146, 1
, , 3747.2640000000001237, 1, , , 3747.2640000000001237, 0, , , 3747.2640000000001237, 0, , , 3747.2640000000001237, 1
, , 3747.2699999999999818, 1, , , 3747.2699999999999818, 0, , , 3747.2699999999999818, 0, , , 3747.2699999999999818, 1
, , 3747.2739999999998872, 1, , , 3747.2739999999998872, 0, , , 3747.2739999999998872, 0, , , 3747.2739999999998872, 1
, , 3747.2789999999999964, 1, , , 3747.2789999999999964, 0, , , 3747.2789999999999964, 0, , , 3747.2789999999999964, 1
, , 3747.2840000000001055, 1, , , 3747.2840000000001055, 0, , , 3747.2840000000001055, 0, , , 3747.2840000000001055, 1
, , 3747.2890000000002146, 1, , , 3747.2890000000002146, 0, , , 3747.2890000000002146, 0, , , 3747.2890000000002146, 1
, , 3747.2959999999998217, 1, , , 3747.2959999999998217, 0, , , 3747.2959999999998217, 0, , , 3747.2959999999998217, 1
, , 3747.2989999999999782, 1, , , 3747.2989999999999782, 0, , , 3747.2989999999999782, 0, , , 3747.2989999999999782, 1
, , 3747.3049999999998363, 1, , , 3747.3049999999998363, 0, , , 3747.3049999999998363, 0, , , 3747.3049999999998363, 1
, , 3747.3090000000001965, 1, , , 3747.3090000000001965, 0, , , 3747.3090000000001965, 0, , , 3747.3090000000001965, 1
, , 3747.3139999999998508, 1, , , 3747.3139999999998508, 0, , , 3747.3139999999998508, 0, , , 3747.3139999999998508, 1
, , 3747.31899999999996, 1, , , 3747.31899999999996, 0, , , 3747.31899999999996, 0, , , 3747.31899999999996, 1
, , 3747.3249999999998181, 1, , , 3747.3249999999998181, 0, , , 3747.3249999999998181, 0, , , 3747.3249999999998181, 1
, , 3747.3299999999999272, 1, , , 3747.3299999999999272, 0, , , 3747.3299999999999272, 0, , , 3747.3299999999999272, 1
, , 3747.3339999999998327, 1, , , 3747.3339999999998327, 0, , , 3747.3339999999998327, 0, , , 3747.3339999999998327, 1
, , 3747.3389999999999418, 1, , , 3747.3389999999999418, 0, , , 3747.3389999999999418, 0, , , 3747.3389999999999418, 1
, , 3747.3440000000000509, 1, , , 3747.3440000000000509, 1, , , 3747.3440000000000509, 1, , , 3747.3440000000000509, 1
, , 3747.3490000000001601, 1, , , 3747.3490000000001601, 1, , , 3747.3490000000001601, 1, , , 3747.3490000000001601, 1
, , 3747.3539999999998145, 1, , , 3747.3539999999998145, 1, , , 3747.3539999999998145, 1, , , 3747.3539999999998145, 1
, , 3747.3589999999999236, 1, , , 3747.3589999999999236, 1, , , 3747.3589999999999236, 1, , , 3747.3589999999999236, 1
, , 3747.3640000000000327, 1, , , 3747.3640000000000327, 1, , , 3747.3640000000000327, 1, , , 3747.3640000000000327, 1
, , 3747.3690000000001419, 1, , , 3747.3690000000001419, 1, , , 3747.3690000000001419, 1, , , 3747.3690000000001419, 1
, , 3747.3739999999997963, 1, , , 3747.3739999999997963, 1, , , 3747.3739999999997963, 1, , , 3747.3739999999997963, 1
, , 3747.3789999999999054, 1, , , 3747.3789999999999054, 1, , , 3747.3789999999999054, 1, , , 3747.3789999999999054, 1
, , 3747.3840000000000146, 1, , , 3747.3840000000000146, 1, , , 3747.3840000000000146, 1, , , 3747.3840000000000146, 1
, , 3747.3890000000001237, 1, , , 3747.3890000000001237, 1, , , 3747.3890000000001237, 1, , , 3747.3890000000001237, 1
, , 3747.3939999999997781, 1, , , 3747.3939999999997781, 1, , , 3747.3939999999997781, 1, , , 3747.3939999999997781, 1
, , 3747.3989999999998872, 1, , , 3747.3989999999998872, 1, , , 3747.3989999999998872, 1, , , 3747.3989999999998872, 1
, , 3747.4039999999999964, 1, , , 3747.4039999999999964, 1, , , 3747.4039999999999964, 1, , , 3747.4039999999999964, 1
, , 3747.4090000000001055, 1, , , 3747.4090000000001055, 1, , , 3747.4090000000001055, 1, , , 3747.4090000000001055, 1
, , 3747.4140000000002146, 1, , , 3747.4140000000002146, 1, , , 3747.4140000000002146, 1, , , 3747.4140000000002146, 1
, , 3747.4200000000000728, 0, , , 3747.4200000000000728, 1, , , 3747.4200000000000728, 1, , , 3747.4200000000000728, 0
, , 3747.4250000000001819, 0, , , 3747.4250000000001819, 1, , , 3747.4250000000001819, 1, , , 3747.4250000000001819, 0
, , 3747.4290000000000873, 0, , , 3747.4290000000000873, 1, , , 3747.4290000000000873, 1, , , 3747.4290000000000873, 0
, , 3747.4349999999999454, 0, , , 3747.4349999999999454, 1, , , 3747.4349999999999454, 1, , , 3747.4349999999999454, 0
, , 3747.4400000000000546, 0, , , 3747.4400000000000546, 1, , , 3747.4400000000000546, 1, , , 3747.4400000000000546, 0
, , 3747.44399999999996, 0, , , 3747.44399999999996, 1, , , 3747.44399999999996, 1, , , 3747.44399999999996, 0
, , 3747.4490000000000691, 0, , , 3747.4490000000000691, 1, , , 3747.4490000000000691, 1, , , 3747.4490000000000691, 0
, , 3747.4540000000001783, 0, , , 3747.4540000000001783, 1, , , 3747.4540000000001783, 1, , , 3747.4540000000001783, 0
, , 3747.4630000000001928, 0, , , 3747.4630000000001928, 1, , , 3747.4630000000001928, 1, , , 3747.4630000000001928, 0
, , 3747.4639999999999418, 0, , , 3747.4639999999999418, 1, , , 3747.4639999999999418, 1, , , 3747.4639999999999418, 0
, , 3747.4690000000000509, 0, , , 3747.4690000000000509, 1, , , 3747.4690000000000509, 1, , , 3747.4690000000000509, 0
, , 3747.4740000000001601, 0, , , 3747.4740000000001601, 1, , , 3747.4740000000001601, 1, , , 3747.4740000000001601, 0
, , 3747.4800000000000182, 0, , , 3747.4800000000000182, 1, , , 3747.4800000000000182, 1, , , 3747.4800000000000182, 0
, , 3747.4830000000001746, 0, , , 3747.4830000000001746, 1, , , 3747.4830000000001746, 1, , , 3747.4830000000001746, 0
, , 3747.4890000000000327, 0, , , 3747.4890000000000327, 1, , , 3747.4890000000000327, 1, , , 3747.4890000000000327, 0
, , 3747.4949999999998909, 0, , , 3747.4949999999998909, 1, , , 3747.4949999999998909, 1, , , 3747.4949999999998909, 0
, , 3747.4989999999997963, 0, , , 3747.4989999999997963, 1, , , 3747.4989999999997963, 1, , , 3747.4989999999997963, 0
, , 3747.5039999999999054, 0, , , 3747.5039999999999054, 1, , , 3747.5039999999999054, 1, , , 3747.5039999999999054, 0
, , 3747.5100000000002183, 0, , , 3747.5100000000002183, 1, , , 3747.5100000000002183, 1, , , 3747.5100000000002183, 0
, , 3747.5149999999998727, 0, , , 3747.5149999999998727, 1, , , 3747.5149999999998727, 1, , , 3747.5149999999998727, 0
, , 3747.5199999999999818, 0, , , 3747.5199999999999818, 1, , , 3747.5199999999999818, 1, , , 3747.5199999999999818, 0
, , 3747.5239999999998872, 0, , , 3747.5239999999998872, 1, , , 3747.5239999999998872, 1, , , 3747.5239999999998872, 0
, , 3747.5300000000002001, 0, , , 3747.5300000000002001, 1, , , 3747.5300000000002001, 1, , , 3747.5300000000002001, 0
, , 3747.5340000000001055, 0, , , 3747.5340000000001055, 1, , , 3747.5340000000001055, 1, , , 3747.5340000000001055, 0
, , 3747.5399999999999636, 0, , , 3747.5399999999999636, 1, , , 3747.5399999999999636, 1, , , 3747.5399999999999636, 0
, , 3747.5450000000000728, 0, , , 3747.5450000000000728, 1, , , 3747.5450000000000728, 1, , , 3747.5450000000000728, 0
, , 3747.5500000000001819, 0, , , 3747.5500000000001819, 1, , , 3747.5500000000001819, 1, , , 3747.5500000000001819, 0
, , 3747.5540000000000873, 0, , , 3747.5540000000000873, 1, , , 3747.5540000000000873, 1, , , 3747.5540000000000873, 0
, , 3747.5599999999999454, 0, , , 3747.5599999999999454, 1, , , 3747.5599999999999454, 1, , , 3747.5599999999999454, 0
, , 3747.5639999999998508, 0, , , 3747.5639999999998508, 1, , , 3747.5639999999998508, 1, , , 3747.5639999999998508, 0
, , 3747.5700000000001637, 0, , , 3747.5700000000001637, 1, , , 3747.5700000000001637, 1, , , 3747.5700000000001637, 0
, , 3747.5740000000000691, 0, , , 3747.5740000000000691, 1, , , 3747.5740000000000691, 1, , , 3747.5740000000000691, 0
, , 3747.5790000000001783, 0, , , 3747.5790000000001783, 1, , , 3747.5790000000001783, 1, , , 3747.5790000000001783, 0
, , 3747.5839999999998327, 0, , , 3747.5839999999998327, 1, , , 3747.5839999999998327, 1, , , 3747.5839999999998327, 0
, , 3747.5869999999999891, 0, , , 3747.5869999999999891, 1, , , 3747.5869999999999891, 1, , , 3747.5869999999999891, 0
, , 3747.5949999999997999, 0, , , 3747.5949999999997999, 1, , , 3747.5949999999997999, 1, , , 3747.5949999999997999, 0
, , 3747.5999999999999091, 0, , , 3747.5999999999999091, 1, , , 3747.5999999999999091, 1, , , 3747.5999999999999091, 0
, , 3747.6039999999998145, 0, , , 3747.6039999999998145, 1, , , 3747.6039999999998145, 1, , , 3747.6039999999998145, 0
, , 3747.6089999999999236, 0, , , 3747.6089999999999236, 1, , , 3747.6089999999999236, 1, , , 3747.6089999999999236, 0
, , 3747.6149999999997817, 0, , , 3747.6149999999997817, 1, , , 3747.6149999999997817, 1, , , 3747.6149999999997817, 0
, , 3747.6190000000001419, 0, , , 3747.6190000000001419, 1, , , 3747.6190000000001419, 1, , , 3747.6190000000001419, 0
, , 3747.6260000000002037, 0, , , 3747.6260000000002037, 1, , , 3747.6260000000002037, 1, , , 3747.6260000000002037, 0
, , 3747.6289999999999054, 0, , , 3747.6289999999999054, 1, , , 3747.6289999999999054, 1, , , 3747.6289999999999054, 0
, , 3747.6340000000000146, 0, , , 3747.6340000000000146, 1, , , 3747.6340000000000146, 1, , , 3747.6340000000000146, 0
, , 3747.6390000000001237, 0, , , 3747.6390000000001237, 1, , , 3747.6390000000001237, 1, , , 3747.6390000000001237, 0
, , 3747.6439999999997781, 0, , , 3747.6439999999997781, 1, , , 3747.6439999999997781, 1, , , 3747.6439999999997781, 0
, , 3747.6500000000000909, 0, , , 3747.6500000000000909, 1, , , 3747.6500000000000909, 1, , , 3747.6500000000000909, 0
, , 3747.6539999999999964, 0, , , 3747.6539999999999964, 1, , , 3747.6539999999999964, 1, , , 3747.6539999999999964, 0
, , 3747.6590000000001055, 0, , , 3747.6590000000001055, 1, , , 3747.6590000000001055, 1, , , 3747.6590000000001055, 0
, , 3747.6640000000002146, 0, , , 3747.6640000000002146, 1, , , 3747.6640000000002146, 1, , , 3747.6640000000002146, 0
, , 3747.6700000000000728, 1, , , 3747.6700000000000728, 1, , , 3747.6700000000000728, 1, , , 3747.6700000000000728, 1
, , 3747.6739999999999782, 1, , , 3747.6739999999999782, 1, , , 3747.6739999999999782, 1, , , 3747.6739999999999782, 1
, , 3747.6790000000000873, 1, , , 3747.6790000000000873, 1, , , 3747.6790000000000873, 1, , , 3747.6790000000000873, 1
, , 3747.6840000000001965, 1, , , 3747.6840000000001965, 1, , , 3747.6840000000001965, 1, , , 3747.6840000000001965, 1
, , 3747.6889999999998508, 1, , , 3747.6889999999998508, 1, , , 3747.6889999999998508, 1, , , 3747.6889999999998508, 1
, , 3747.69399999999996, 1, , , 3747.69399999999996, 1, , , 3747.69399999999996, 1, , , 3747.69399999999996, 1
, , 3747.6999999999998181, 1, , , 3747.6999999999998181, 1, , , 3747.6999999999998181, 1, , , 3747.6999999999998181, 1
, , 3747.7040000000001783, 1, , , 3747.7040000000001783, 1, , , 3747.7040000000001783, 1, , , 3747.7040000000001783, 1
, , 3747.7109999999997854, 1, , , 3747.7109999999997854, 1, , , 3747.7109999999997854, 1, , , 3747.7109999999997854, 1
, , 3747.7150000000001455, 1, , , 3747.7150000000001455, 1, , , 3747.7150000000001455, 1, , , 3747.7150000000001455, 1
, , 3747.7210000000000036, 1, , , 3747.7210000000000036, 1, , , 3747.7210000000000036, 1, , , 3747.7210000000000036, 1
, , 3747.7240000000001601, 1, , , 3747.7240000000001601, 1, , , 3747.7240000000001601, 1, , , 3747.7240000000001601, 1
, , 3747.7300000000000182, 1, , , 3747.7300000000000182, 1, , , 3747.7300000000000182, 1, , , 3747.7300000000000182, 1
, , 3747.7339999999999236, 1, , , 3747.7339999999999236, 1, , , 3747.7339999999999236, 1, , , 3747.7339999999999236, 1
, , 3747.7390000000000327, 1, , , 3747.7390000000000327, 1, , , 3747.7390000000000327, 1, , , 3747.7390000000000327, 1
, , 3747.7440000000001419, 1, , , 3747.7440000000001419, 0, , , 3747.7440000000001419, 0, , , 3747.7440000000001419, 1
, , 3747.7489999999997963, 1, , , 3747.7489999999997963, 0, , , 3747.7489999999997963, 0, , , 3747.7489999999997963, 1
, , 3747.7539999999999054, 1, , , 3747.7539999999999054, 0, , , 3747.7539999999999054, 0, , , 3747.7539999999999054, 1
, , 3747.7590000000000146, 1, , , 3747.7590000000000146, 0, , , 3747.7590000000000146, 0, , , 3747.7590000000000146, 1
, , 3747.7640000000001237, 1, , , 3747.7640000000001237, 0, , , 3747.7640000000001237, 0, , , 3747.7640000000001237, 1
, , 3747.7689999999997781, 1, , , 3747.7689999999997781, 0, , , 3747.7689999999997781, 0, , , 3747.7689999999997781, 1
, , 3747.7750000000000909, 1, , , 3747.7750000000000909, 0, , , 3747.7750000000000909, 0, , , 3747.7750000000000909, 1
, , 3747.7789999999999964, 1, , , 3747.7789999999999964, 0, , , 3747.7789999999999964, 0, , , 3747.7789999999999964, 1
, , 3747.7840000000001055, 1, , , 3747.7840000000001055, 0, , , 3747.7840000000001055, 0, , , 3747.7840000000001055, 1
, , 3747.7890000000002146, 1, , , 3747.7890000000002146, 0, , , 3747.7890000000002146, 0, , , 3747.7890000000002146, 1
, , 3747.793999999999869, 1, , , 3747.793999999999869, 0, , , 3747.793999999999869, 0, , , 3747.793999999999869, 1
, , 3747.8000000000001819, 1, , , 3747.8000000000001819, 0, , , 3747.8000000000001819, 0, , , 3747.8000000000001819, 1
, , 3747.8049999999998363, 1, , , 3747.8049999999998363, 0, , , 3747.8049999999998363, 0, , , 3747.8049999999998363, 1
, , 3747.8099999999999454, 1, , , 3747.8099999999999454, 0, , , 3747.8099999999999454, 0, , , 3747.8099999999999454, 1
, , 3747.8139999999998508, 1, , , 3747.8139999999998508, 0, , , 3747.8139999999998508, 0, , , 3747.8139999999998508, 1
, , 3747.81899999999996, 1, , , 3747.81899999999996, 0, , , 3747.81899999999996, 0, , , 3747.81899999999996, 1
, , 3747.8249999999998181, 1, , , 3747.8249999999998181, 0, , , 3747.8249999999998181, 0, , , 3747.8249999999998181, 1
, , 3747.8299999999999272, 1, , , 3747.8299999999999272, 0, , , 3747.8299999999999272, 0, , , 3747.8299999999999272, 1
, , 3747.8339999999998327, 1, , , 3747.8339999999998327, 0, , , 3747.8339999999998327, 0, , , 3747.8339999999998327, 1
, , 3747.8400000000001455, 1, , , 3747.8400000000001455, 0, , , 3747.8400000000001455, 0, , , 3747.8400000000001455, 1
, , 3747.8440000000000509, 1, , , 3747.8440000000000509, 0, , , 3747.8440000000000509, 0, , , 3747.8440000000000509, 1
, , 3747.8490000000001601, 1, , , 3747.8490000000001601, 0, , , 3747.8490000000001601, 0, , , 3747.8490000000001601, 1
, , 3747.8539999999998145, 1, , , 3747.8539999999998145, 0, , , 3747.8539999999998145, 0, , , 3747.8539999999998145, 1
, , 3747.8589999999999236, 1, , , 3747.8589999999999236, 0, , , 3747.8589999999999236, 0, , , 3747.8589999999999236, 1
, , 3747.8640000000000327, 1, , , 3747.8640000000000327, 0, , , 3747.8640000000000327, 0, , , 3747.8640000000000327, 1
, , 3747.8690000000001419, 1, , , 3747.8690000000001419, 0, , , 3747.8690000000001419, 0, , , 3747.8690000000001419, 1
, , 3747.8739999999997963, 1, , , 3747.8739999999997963, 0, , , 3747.8739999999997963, 0, , , 3747.8739999999997963, 1
, , 3747.8789999999999054, 1, , , 3747.8789999999999054, 0, , , 3747.8789999999999054, 0, , , 3747.8789999999999054, 1
, , 3747.8840000000000146, 1, , , 3747.8840000000000146, 0, , , 3747.8840000000000146, 0, , , 3747.8840000000000146, 1
, , 3747.8890000000001237, 1, , , 3747.8890000000001237, 0, , , 3747.8890000000001237, 0, , , 3747.8890000000001237, 1
, , 3747.8939999999997781, 1, , , 3747.8939999999997781, 0, , , 3747.8939999999997781, 0, , , 3747.8939999999997781, 1
, , 3747.8989999999998872, 1, , , 3747.8989999999998872, 0, , , 3747.8989999999998872, 0, , , 3747.8989999999998872, 1
, , 3747.9039999999999964, 1, , , 3747.9039999999999964, 0, , , 3747.9039999999999964, 0, , , 3747.9039999999999964, 1
, , 3747.9110000000000582, 1, , , 3747.9110000000000582, 0, , , 3747.9110000000000582, 0, , , 3747.9110000000000582, 1
, , 3747.9140000000002146, 1, , , 3747.9140000000002146, 0, , , 3747.9140000000002146, 0, , , 3747.9140000000002146, 1
, , 3747.918999999999869, 1, , , 3747.918999999999869, 0, , , 3747.918999999999869, 0, , , 3747.918999999999869, 1
, , 3747.9239999999999782, 1, , , 3747.9239999999999782, 0, , , 3747.9239999999999782, 0, , , 3747.9239999999999782, 1
, , 3747.9299999999998363, 1, , , 3747.9299999999998363, 0, , , 3747.9299999999998363, 0, , , 3747.9299999999998363, 1
, , 3747.9340000000001965, 1, , , 3747.9340000000001965, 0, , , 3747.9340000000001965, 0, , , 3747.9340000000001965, 1
, , 3747.9389999999998508, 1, , , 3747.9389999999998508, 0, , , 3747.9389999999998508, 0, , , 3747.9389999999998508, 1
, , 3747.94399999999996, 1, , , 3747.94399999999996, 0, , , 3747.94399999999996, 0, , , 3747.94399999999996, 1
, , 3747.9490000000000691, 1, , , 3747.9490000000000691, 0, , , 3747.9490000000000691, 0, , , 3747.9490000000000691, 1
, , 3747.9540000000001783, 1, , , 3747.9540000000001783, 0, , , 3747.9540000000001783, 0, , , 3747.9540000000001783, 1
, , 3747.9600000000000364, 1, , , 3747.9600000000000364, 0, , , 3747.9600000000000364, 0, , , 3747.9600000000000364, 1
, , 3747.9650000000001455, 1, , , 3747.9650000000001455, 0, , , 3747.9650000000001455, 0, , , 3747.9650000000001455, 1
, , 3747.9690000000000509, 1, , , 3747.9690000000000509, 0, , , 3747.9690000000000509, 0, , , 3747.9690000000000509, 1
, , 3747.9740000000001601, 1, , , 3747.9740000000001601, 0, , , 3747.9740000000001601, 0, , , 3747.9740000000001601, 1
, , 3747.9789999999998145, 1, , , 3747.9789999999998145, 0, , , 3747.9789999999998145, 0, , , 3747.9789999999998145, 1
, , 3747.9839999999999236, 1, , , 3747.9839999999999236, 0, , , 3747.9839999999999236, 0, , , 3747.9839999999999236, 1
, , 3747.9890000000000327, 1, , , 3747.9890000000000327, 0, , , 3747.9890000000000327, 0, , , 3747.9890000000000327, 1
, , 3747.9940000000001419, 1, , , 3747.9940000000001419, 1, , , 3747.9940000000001419, 1, , , 3747.9940000000001419, 1
, , 3747.9989999999997963, 1, , , 3747.9989999999997963, 1, , , 3747.9989999999997963, 1, , , 3747.9989999999997963, 1
, , 3748.0039999999999054, 1, , , 3748.0039999999999054, 1, , , 3748.0039999999999054, 1, , , 3748.0039999999999054, 1
, , 3748.0100000000002183, 1, , , 3748.0100000000002183, 1, , , 3748.0100000000002183, 1, , , 3748.0100000000002183, 1
, , 3748.0149999999998727, 1, , , 3748.0149999999998727, 1, , , 3748.0149999999998727, 1, , , 3748.0149999999998727, 1
, , 3748.0189999999997781, 1, , , 3748.0189999999997781, 1, , , 3748.0189999999997781, 1, , , 3748.0189999999997781, 1
, , 3748.0239999999998872, 1, , , 3748.0239999999998872, 1, , , 3748.0239999999998872, 1, , , 3748.0239999999998872, 1
, , 3748.0289999999999964, 1, , , 3748.0289999999999964, 1, , , 3748.0289999999999964, 1, , , 3748.0289999999999964, 1
, , 3748.0340000000001055, 1, , , 3748.0340000000001055, 1, , , 3748.0340000000001055, 1, , , 3748.0340000000001055, 1
, , 3748.0390000000002146, 1, , , 3748.0390000000002146, 1, , , 3748.0390000000002146, 1, , , 3748.0390000000002146, 1
, , 3748.043999999999869, 1, , , 3748.043999999999869, 1, , , 3748.043999999999869, 1, , , 3748.043999999999869, 1
, , 3748.0489999999999782, 1, , , 3748.0489999999999782, 1, , , 3748.0489999999999782, 1, , , 3748.0489999999999782, 1
, , 3748.0540000000000873, 1, , , 3748.0540000000000873, 1, , , 3748.0540000000000873, 1, , , 3748.0540000000000873, 1
, , 3748.0599999999999454, 1, , , 3748.0599999999999454, 1, , , 3748.0599999999999454, 1, , , 3748.0599999999999454, 1
, , 3748.0639999999998508, 1, , , 3748.0639999999998508, 1, , , 3748.0639999999998508, 1, , , 3748.0639999999998508, 1
, , 3748.06899999999996, 0, , , 3748.06899999999996, 1, , , 3748.06899999999996, 1, , , 3748.06899999999996, 0
, , 3748.0749999999998181, 0, , , 3748.0749999999998181, 1, , , 3748.0749999999998181, 1, , , 3748.0749999999998181, 0
, , 3748.0790000000001783, 0, , , 3748.0790000000001783, 1, , , 3748.0790000000001783, 1, , , 3748.0790000000001783, 0
, , 3748.0850000000000364, 0, , , 3748.0850000000000364, 1, , , 3748.0850000000000364, 1, , , 3748.0850000000000364, 0
, , 3748.0889999999999418, 0, , , 3748.0889999999999418, 1, , , 3748.0889999999999418, 1, , , 3748.0889999999999418, 0
, , 3748.0949999999997999, 0, , , 3748.0949999999997999, 1, , , 3748.0949999999997999, 1, , , 3748.0949999999997999, 0
, , 3748.0990000000001601, 0, , , 3748.0990000000001601, 1, , , 3748.0990000000001601, 1, , , 3748.0990000000001601, 0
, , 3748.1050000000000182, 0, , , 3748.1050000000000182, 1, , , 3748.1050000000000182, 1, , , 3748.1050000000000182, 0
, , 3748.1100000000001273, 0, , , 3748.1100000000001273, 1, , , 3748.1100000000001273, 1, , , 3748.1100000000001273, 0
, , 3748.1149999999997817, 0, , , 3748.1149999999997817, 1, , , 3748.1149999999997817, 1, , , 3748.1149999999997817, 0
, , 3748.1190000000001419, 0, , , 3748.1190000000001419, 1, , , 3748.1190000000001419, 1, , , 3748.1190000000001419, 0
, , 3748.1239999999997963, 0, , , 3748.1239999999997963, 1, , , 3748.1239999999997963, 1, , , 3748.1239999999997963, 0
, , 3748.1289999999999054, 0, , , 3748.1289999999999054, 1, , , 3748.1289999999999054, 1, , , 3748.1289999999999054, 0
, , 3748.1340000000000146, 0, , , 3748.1340000000000146, 1, , , 3748.1340000000000146, 1, , , 3748.1340000000000146, 0
, , 3748.1399999999998727, 0, , , 3748.1399999999998727, 1, , , 3748.1399999999998727, 1, , , 3748.1399999999998727, 0
, , 3748.1439999999997781, 0, , , 3748.1439999999997781, 1, , , 3748.1439999999997781, 1, , , 3748.1439999999997781, 0
, , 3748.1489999999998872, 0, , , 3748.1489999999998872, 1, , , 3748.1489999999998872, 1, , , 3748.1489999999998872, 0
, , 3748.1539999999999964, 0, , , 3748.1539999999999964, 1, , , 3748.1539999999999964, 1, , , 3748.1539999999999964, 0
, , 3748.1599999999998545, 0, , , 3748.1599999999998545, 1, , , 3748.1599999999998545, 1, , , 3748.1599999999998545, 0
, , 3748.1649999999999636, 0, , , 3748.1649999999999636, 1, , , 3748.1649999999999636, 1, , , 3748.1649999999999636, 0
, , 3748.168999999999869, 0, , , 3748.168999999999869, 1, , , 3748.168999999999869, 1, , , 3748.168999999999869, 0
, , 3748.1750000000001819, 0, , , 3748.1750000000001819, 1, , , 3748.1750000000001819, 1, , , 3748.1750000000001819, 0
, , 3748.1790000000000873, 0, , , 3748.1790000000000873, 1, , , 3748.1790000000000873, 1, , , 3748.1790000000000873, 0
, , 3748.1849999999999454, 0, , , 3748.1849999999999454, 1, , , 3748.1849999999999454, 1, , , 3748.1849999999999454, 0
, , 3748.1889999999998508, 0, , , 3748.1889999999998508, 1, , , 3748.1889999999998508, 1, , , 3748.1889999999998508, 0
, , 3748.19399999999996, 0, , , 3748.19399999999996, 1, , , 3748.19399999999996, 1, , , 3748.19399999999996, 0
, , 3748.1990000000000691, 0, , , 3748.1990000000000691, 1, , , 3748.1990000000000691, 1, , , 3748.1990000000000691, 0
, , 3748.2040000000001783, 0, , , 3748.2040000000001783, 1, , , 3748.2040000000001783, 1, , , 3748.2040000000001783, 0
, , 3748.2089999999998327, 0, , , 3748.2089999999998327, 1, , , 3748.2089999999998327, 1, , , 3748.2089999999998327, 0
, , 3748.2150000000001455, 0, , , 3748.2150000000001455, 1, , , 3748.2150000000001455, 1, , , 3748.2150000000001455, 0
, , 3748.2190000000000509, 0, , , 3748.2190000000000509, 1, , , 3748.2190000000000509, 1, , , 3748.2190000000000509, 0
, , 3748.2240000000001601, 0, , , 3748.2240000000001601, 1, , , 3748.2240000000001601, 1, , , 3748.2240000000001601, 0
, , 3748.2300000000000182, 0, , , 3748.2300000000000182, 1, , , 3748.2300000000000182, 1, , , 3748.2300000000000182, 0
, , 3748.2339999999999236, 0, , , 3748.2339999999999236, 1, , , 3748.2339999999999236, 1, , , 3748.2339999999999236, 0
, , 3748.2399999999997817, 0, , , 3748.2399999999997817, 1, , , 3748.2399999999997817, 1, , , 3748.2399999999997817, 0
, , 3748.2429999999999382, 0, , , 3748.2429999999999382, 1, , , 3748.2429999999999382, 1, , , 3748.2429999999999382, 0
, , 3748.2489999999997963, 0, , , 3748.2489999999997963, 1, , , 3748.2489999999997963, 1, , , 3748.2489999999997963, 0
, , 3748.2539999999999054, 0, , , 3748.2539999999999054, 1, , , 3748.2539999999999054, 1, , , 3748.2539999999999054, 0
, , 3748.262000000000171, 0, , , 3748.262000000000171, 1, , , 3748.262000000000171, 1, , , 3748.262000000000171, 0
, , 3748.2640000000001237, 0, , , 3748.2640000000001237, 1, , , 3748.2640000000001237, 1, , , 3748.2640000000001237, 0
, , 3748.2689999999997781, 0, , , 3748.2689999999997781, 1, , , 3748.2689999999997781, 1, , , 3748.2689999999997781, 0
, , 3748.2750000000000909, 0, , , 3748.2750000000000909, 1, , , 3748.2750000000000909, 1, , , 3748.2750000000000909, 0
, , 3748.2800000000002001, 0, , , 3748.2800000000002001, 1, , , 3748.2800000000002001, 1, , , 3748.2800000000002001, 0
, , 3748.2860000000000582, 0, , , 3748.2860000000000582, 1, , , 3748.2860000000000582, 1, , , 3748.2860000000000582, 0
, , 3748.2890000000002146, 0, , , 3748.2890000000002146, 1, , , 3748.2890000000002146, 1, , , 3748.2890000000002146, 0
, , 3748.293999999999869, 0, , , 3748.293999999999869, 1, , , 3748.293999999999869, 1, , , 3748.293999999999869, 0
, , 3748.2989999999999782, 0, , , 3748.2989999999999782, 1, , , 3748.2989999999999782, 1, , , 3748.2989999999999782, 0
, , 3748.3049999999998363, 0, , , 3748.3049999999998363, 1, , , 3748.3049999999998363, 1, , , 3748.3049999999998363, 0
, , 3748.3110000000001492, 0, , , 3748.3110000000001492, 1, , , 3748.3110000000001492, 1, , , 3748.3110000000001492, 0
, , 3748.3150000000000546, 0, , , 3748.3150000000000546, 1, , , 3748.3150000000000546, 1, , , 3748.3150000000000546, 0
, , 3748.31899999999996, 1, , , 3748.31899999999996, 1, , , 3748.31899999999996, 1, , , 3748.31899999999996, 1
, , 3748.3249999999998181, 1, , , 3748.3249999999998181, 1, , , 3748.3249999999998181, 1, , , 3748.3249999999998181, 1
, , 3748.3290000000001783, 1, , , 3748.3290000000001783, 1, , , 3748.3290000000001783, 1, , , 3748.3290000000001783, 1
, , 3748.3350000000000364, 1, , , 3748.3350000000000364, 1, , , 3748.3350000000000364, 1, , , 3748.3350000000000364, 1
, , 3748.3389999999999418, 1, , , 3748.3389999999999418, 1, , , 3748.3389999999999418, 1, , , 3748.3389999999999418, 1
, , 3748.3440000000000509, 1, , , 3748.3440000000000509, 1, , , 3748.3440000000000509, 1, , , 3748.3440000000000509, 1
, , 3748.3499999999999091, 1, , , 3748.3499999999999091, 1, , , 3748.3499999999999091, 1, , , 3748.3499999999999091, 1
, , 3748.3539999999998145, 1, , , 3748.3539999999998145, 1, , , 3748.3539999999998145, 1, , , 3748.3539999999998145, 1
, , 3748.3600000000001273, 1, , , 3748.3600000000001273, 1, , , 3748.3600000000001273, 1, , , 3748.3600000000001273, 1
, , 3748.3640000000000327, 1, , , 3748.3640000000000327, 1, , , 3748.3640000000000327, 1, , , 3748.3640000000000327, 1
, , 3748.3690000000001419, 1, , , 3748.3690000000001419, 1, , , 3748.3690000000001419, 1, , , 3748.3690000000001419, 1
, , 3748.3739999999997963, 1, , , 3748.3739999999997963, 1, , , 3748.3739999999997963, 1, , , 3748.3739999999997963, 1
, , 3748.3800000000001091, 1, , , 3748.3800000000001091, 1, , , 3748.3800000000001091, 1, , , 3748.3800000000001091, 1
, , 3748.3840000000000146, 1, , , 3748.3840000000000146, 1, , , 3748.3840000000000146, 1, , , 3748.3840000000000146, 1
, , 3748.3890000000001237, 1, , , 3748.3890000000001237, 1, , , 3748.3890000000001237, 1, , , 3748.3890000000001237, 1
, , 3748.3939999999997781, 1, , , 3748.3939999999997781, 0, , , 3748.3939999999997781, 0, , , 3748.3939999999997781, 1
, , 3748.3989999999998872, 1, , , 3748.3989999999998872, 0, , , 3748.3989999999998872, 0, , , 3748.3989999999998872, 1
, , 3748.4039999999999964, 1, , , 3748.4039999999999964, 0, , , 3748.4039999999999964, 0, , , 3748.4039999999999964, 1
, , 3748.4090000000001055, 1, , , 3748.4090000000001055, 0, , , 3748.4090000000001055, 0, , , 3748.4090000000001055, 1
, , 3748.4140000000002146, 1, , , 3748.4140000000002146, 0, , , 3748.4140000000002146, 0, , , 3748.4140000000002146, 1
, , 3748.418999999999869, 1, , , 3748.418999999999869, 0, , , 3748.418999999999869, 0, , , 3748.418999999999869, 1
, , 3748.4229999999997744, 1, , , 3748.4229999999997744, 0, , , 3748.4229999999997744, 0, , , 3748.4229999999997744, 1
, , 3748.4299999999998363, 1, , , 3748.4299999999998363, 0, , , 3748.4299999999998363, 0, , , 3748.4299999999998363, 1
, , 3748.4340000000001965, 1, , , 3748.4340000000001965, 0, , , 3748.4340000000001965, 0, , , 3748.4340000000001965, 1
, , 3748.4389999999998508, 1, , , 3748.4389999999998508, 0, , , 3748.4389999999998508, 0, , , 3748.4389999999998508, 1
, , 3748.44399999999996, 1, , , 3748.44399999999996, 1, , , 3748.44399999999996, 1, , , 3748.44399999999996, 1
, , 3748.4490000000000691, 1, , , 3748.4490000000000691, 1, , , 3748.4490000000000691, 1, , , 3748.4490000000000691, 1
, , 3748.4540000000001783, 1, , , 3748.4540000000001783, 1, , , 3748.4540000000001783, 1, , , 3748.4540000000001783, 1
, , 3748.4589999999998327, 1, , , 3748.4589999999998327, 1, , , 3748.4589999999998327, 1, , , 3748.4589999999998327, 1
, , 3748.4639999999999418, 1, , , 3748.4639999999999418, 1, , , 3748.4639999999999418, 1, , , 3748.4639999999999418, 1
, , 3748.4690000000000509, 1, , , 3748.4690000000000509, 1, , , 3748.4690000000000509, 1, , , 3748.4690000000000509, 1
, , 3748.4749999999999091, 1, , , 3748.4749999999999091, 1, , , 3748.4749999999999091, 1, , , 3748.4749999999999091, 1
, , 3748.4789999999998145, 1, , , 3748.4789999999998145, 1, , , 3748.4789999999998145, 1, , , 3748.4789999999998145, 1
, , 3748.4850000000001273, 1, , , 3748.4850000000001273, 1, , , 3748.4850000000001273, 1, , , 3748.4850000000001273, 1
, , 3748.4890000000000327, 1, , , 3748.4890000000000327, 1, , , 3748.4890000000000327, 1, , , 3748.4890000000000327, 1
, , 3748.4940000000001419, 1, , , 3748.4940000000001419, 1, , , 3748.4940000000001419, 1, , , 3748.4940000000001419, 1
, , 3748.5, 1, , , 3748.5, 1, , , 3748.5, 1, , , 3748.5, 1
, , 3748.5039999999999054, 1, , , 3748.5039999999999054, 1, , , 3748.5039999999999054, 1, , , 3748.5039999999999054, 1
, , 3748.5090000000000146, 1, , , 3748.5090000000000146, 1, , , 3748.5090000000000146, 1, , , 3748.5090000000000146, 1
, , 3748.5140000000001237, 1, , , 3748.5140000000001237, 1, , , 3748.5140000000001237, 1, , , 3748.5140000000001237, 1
, , 3748.5189999999997781, 1, , , 3748.5189999999997781, 1, , , 3748.5189999999997781, 1, , , 3748.5189999999997781, 1
, , 3748.5239999999998872, 1, , , 3748.5239999999998872, 1, , , 3748.5239999999998872, 1, , , 3748.5239999999998872, 1
, , 3748.5289999999999964, 1, , , 3748.5289999999999964, 1, , , 3748.5289999999999964, 1, , , 3748.5289999999999964, 1
, , 3748.5340000000001055, 1, , , 3748.5340000000001055, 1, , , 3748.5340000000001055, 1, , , 3748.5340000000001055, 1
, , 3748.5390000000002146, 1, , , 3748.5390000000002146, 1, , , 3748.5390000000002146, 1, , , 3748.5390000000002146, 1
, , 3748.5450000000000728, 1, , , 3748.5450000000000728, 1, , , 3748.5450000000000728, 1, , , 3748.5450000000000728, 1
, , 3748.5520000000001346, 1, , , 3748.5520000000001346, 1, , , 3748.5520000000001346, 1, , , 3748.5520000000001346, 1
, , 3748.5549999999998363, 1, , , 3748.5549999999998363, 1, , , 3748.5549999999998363, 1, , , 3748.5549999999998363, 1
, , 3748.5590000000001965, 1, , , 3748.5590000000001965, 1, , , 3748.5590000000001965, 1, , , 3748.5590000000001965, 1
, , 3748.5639999999998508, 1, , , 3748.5639999999998508, 1, , , 3748.5639999999998508, 1, , , 3748.5639999999998508, 1
, , 3748.56899999999996, 1, , , 3748.56899999999996, 1, , , 3748.56899999999996, 1, , , 3748.56899999999996, 1
, , 3748.5740000000000691, 1, , , 3748.5740000000000691, 1, , , 3748.5740000000000691, 1, , , 3748.5740000000000691, 1
, , 3748.5790000000001783, 1, , , 3748.5790000000001783, 1, , , 3748.5790000000001783, 1, , , 3748.5790000000001783, 1
, , 3748.5839999999998327, 1, , , 3748.5839999999998327, 1, , , 3748.5839999999998327, 1, , , 3748.5839999999998327, 1
, , 3748.5889999999999418, 1, , , 3748.5889999999999418, 1, , , 3748.5889999999999418, 1, , , 3748.5889999999999418, 1
, , 3748.5940000000000509, 1, , , 3748.5940000000000509, 1, , , 3748.5940000000000509, 1, , , 3748.5940000000000509, 1
, , 3748.5990000000001601, 1, , , 3748.5990000000001601, 1, , , 3748.5990000000001601, 1, , , 3748.5990000000001601, 1
, , 3748.6050000000000182, 1, , , 3748.6050000000000182, 1, , , 3748.6050000000000182, 1, , , 3748.6050000000000182, 1
, , 3748.6100000000001273, 1, , , 3748.6100000000001273, 1, , , 3748.6100000000001273, 1, , , 3748.6100000000001273, 1
, , 3748.6140000000000327, 1, , , 3748.6140000000000327, 1, , , 3748.6140000000000327, 1, , , 3748.6140000000000327, 1
, , 3748.6199999999998909, 1, , , 3748.6199999999998909, 1, , , 3748.6199999999998909, 1, , , 3748.6199999999998909, 1
, , 3748.6239999999997963, 1, , , 3748.6239999999997963, 1, , , 3748.6239999999997963, 1, , , 3748.6239999999997963, 1
, , 3748.6289999999999054, 1, , , 3748.6289999999999054, 1, , , 3748.6289999999999054, 1, , , 3748.6289999999999054, 1
, , 3748.6340000000000146, 1, , , 3748.6340000000000146, 1, , , 3748.6340000000000146, 1, , , 3748.6340000000000146, 1
, , 3748.6390000000001237, 1, , , 3748.6390000000001237, 1, , , 3748.6390000000001237, 1, , , 3748.6390000000001237, 1
, , 3748.6439999999997781, 1, , , 3748.6439999999997781, 1, , , 3748.6439999999997781, 1, , , 3748.6439999999997781, 1
, , 3748.6489999999998872, 1, , , 3748.6489999999998872, 1, , , 3748.6489999999998872, 1, , , 3748.6489999999998872, 1
, , 3748.6529999999997926, 1, , , 3748.6529999999997926, 1, , , 3748.6529999999997926, 1, , , 3748.6529999999997926, 1
, , 3748.6590000000001055, 1, , , 3748.6590000000001055, 1, , , 3748.6590000000001055, 1, , , 3748.6590000000001055, 1
, , 3748.6640000000002146, 1, , , 3748.6640000000002146, 1, , , 3748.6640000000002146, 1, , , 3748.6640000000002146, 1
, , 3748.668999999999869, 1, , , 3748.668999999999869, 1, , , 3748.668999999999869, 1, , , 3748.668999999999869, 1
, , 3748.6739999999999782, 1, , , 3748.6739999999999782, 1, , , 3748.6739999999999782, 1, , , 3748.6739999999999782, 1
, , 3748.6799999999998363, 1, , , 3748.6799999999998363, 1, , , 3748.6799999999998363, 1, , , 3748.6799999999998363, 1
, , 3748.6840000000001965, 1, , , 3748.6840000000001965, 1, , , 3748.6840000000001965, 1, , , 3748.6840000000001965, 1
, , 3748.6889999999998508, 1, , , 3748.6889999999998508, 1, , , 3748.6889999999998508, 1, , , 3748.6889999999998508, 1
, , 3748.6950000000001637, 1, , , 3748.6950000000001637, 1, , , 3748.6950000000001637, 1, , , 3748.6950000000001637, 1
, , 3748.6990000000000691, 1, , , 3748.6990000000000691, 1, , , 3748.6990000000000691, 1, , , 3748.6990000000000691, 1
, , 3748.7040000000001783, 1, , , 3748.7040000000001783, 1, , , 3748.7040000000001783, 1, , , 3748.7040000000001783, 1
, , 3748.7089999999998327, 1, , , 3748.7089999999998327, 1, , , 3748.7089999999998327, 1, , , 3748.7089999999998327, 1
, , 3748.7139999999999418, 1, , , 3748.7139999999999418, 1, , , 3748.7139999999999418, 1, , , 3748.7139999999999418, 1
, , 3748.7190000000000509, 1, , , 3748.7190000000000509, 1, , , 3748.7190000000000509, 1, , , 3748.7190000000000509, 1
, , 3748.7260000000001128, 1, , , 3748.7260000000001128, 1, , , 3748.7260000000001128, 1, , , 3748.7260000000001128, 1
, , 3748.7289999999998145, 1, , , 3748.7289999999998145, 1, , , 3748.7289999999998145, 1, , , 3748.7289999999998145, 1
, , 3748.7339999999999236, 1, , , 3748.7339999999999236, 1, , , 3748.7339999999999236, 1, , , 3748.7339999999999236, 1
, , 3748.7390000000000327, 1, , , 3748.7390000000000327, 1, , , 3748.7390000000000327, 1, , , 3748.7390000000000327, 1
, , 3748.7440000000001419, 1, , , 3748.7440000000001419, 1, , , 3748.7440000000001419, 1, , , 3748.7440000000001419, 1
, , 3748.7489999999997963, 1, , , 3748.7489999999997963, 1, , , 3748.7489999999997963, 1, , , 3748.7489999999997963, 1
, , 3748.7539999999999054, 1, , , 3748.7539999999999054, 1, , , 3748.7539999999999054, 1, , , 3748.7539999999999054, 1
, , 3748.7590000000000146, 1, , , 3748.7590000000000146, 1, , , 3748.7590000000000146, 1, , , 3748.7590000000000146, 1
, , 3748.7640000000001237, 1, , , 3748.7640000000001237, 1, , , 3748.7640000000001237, 1, , , 3748.7640000000001237, 1
, , 3748.7689999999997781, 1, , , 3748.7689999999997781, 1, , , 3748.7689999999997781, 1, , , 3748.7689999999997781, 1
, , 3748.7750000000000909, 1, , , 3748.7750000000000909, 1, , , 3748.7750000000000909, 1, , , 3748.7750000000000909, 1
, , 3748.7789999999999964, 1, , , 3748.7789999999999964, 1, , , 3748.7789999999999964, 1, , , 3748.7789999999999964, 1
, , 3748.7840000000001055, 1, , , 3748.7840000000001055, 1, , , 3748.7840000000001055, 1, , , 3748.7840000000001055, 1
, , 3748.7890000000002146, 1, , , 3748.7890000000002146, 1, , , 3748.7890000000002146, 1, , , 3748.7890000000002146, 1
, , 3748.793999999999869, 1, , , 3748.793999999999869, 1, , , 3748.793999999999869, 1, , , 3748.793999999999869, 1
, , 3748.7979999999997744, 1, , , 3748.7979999999997744, 1, , , 3748.7979999999997744, 1, , , 3748.7979999999997744, 1
, , 3748.8049999999998363, 1, , , 3748.8049999999998363, 1, , , 3748.8049999999998363, 1, , , 3748.8049999999998363, 1
, , 3748.8090000000001965, 1, , , 3748.8090000000001965, 1, , , 3748.8090000000001965, 1, , , 3748.8090000000001965, 1
, , 3748.8139999999998508, 1, , , 3748.8139999999998508, 1, , , 3748.8139999999998508, 1, , , 3748.8139999999998508, 1
, , 3748.81899999999996, 1, , , 3748.81899999999996, 1, , , 3748.81899999999996, 1, , , 3748.81899999999996, 1
, , 3748.8240000000000691, 1, , , 3748.8240000000000691, 1, , , 3748.8240000000000691, 1, , , 3748.8240000000000691, 1
, , 3748.8290000000001783, 1, , , 3748.8290000000001783, 1, , , 3748.8290000000001783, 1, , , 3748.8290000000001783, 1
, , 3748.8339999999998327, 1, , , 3748.8339999999998327, 1, , , 3748.8339999999998327, 1, , , 3748.8339999999998327, 1
, , 3748.8389999999999418, 1, , , 3748.8389999999999418, 1, , , 3748.8389999999999418, 1, , , 3748.8389999999999418, 1
, , 3748.8429999999998472, 1, , , 3748.8429999999998472, 1, , , 3748.8429999999998472, 1, , , 3748.8429999999998472, 1
, , 3748.8490000000001601, 1, , , 3748.8490000000001601, 1, , , 3748.8490000000001601, 1, , , 3748.8490000000001601, 1
, , 3748.8539999999998145, 1, , , 3748.8539999999998145, 1, , , 3748.8539999999998145, 1, , , 3748.8539999999998145, 1
, , 3748.8589999999999236, 1, , , 3748.8589999999999236, 1, , , 3748.8589999999999236, 1, , , 3748.8589999999999236, 1
, , 3748.8659999999999854, 1, , , 3748.8659999999999854, 1, , , 3748.8659999999999854, 1, , , 3748.8659999999999854, 1
, , 3748.8690000000001419, 1, , , 3748.8690000000001419, 1, , , 3748.8690000000001419, 1, , , 3748.8690000000001419, 1
, , 3748.8739999999997963, 1, , , 3748.8739999999997963, 1, , , 3748.8739999999997963, 1, , , 3748.8739999999997963, 1
, , 3748.8789999999999054, 1, , , 3748.8789999999999054, 1, , , 3748.8789999999999054, 1, , , 3748.8789999999999054, 1
, , 3748.8840000000000146, 1, , , 3748.8840000000000146, 1, , , 3748.8840000000000146, 1, , , 3748.8840000000000146, 1
, , 3748.8899999999998727, 1, , , 3748.8899999999998727, 1, , , 3748.8899999999998727, 1, , , 3748.8899999999998727, 1
, , 3748.8939999999997781, 1, , , 3748.8939999999997781, 1, , , 3748.8939999999997781, 1, , , 3748.8939999999997781, 1
, , 3748.8989999999998872, 1, , , 3748.8989999999998872, 1, , , 3748.8989999999998872, 1, , , 3748.8989999999998872, 1
, , 3748.9039999999999964, 1, , , 3748.9039999999999964, 1, , , 3748.9039999999999964, 1, , , 3748.9039999999999964, 1
, , 3748.9090000000001055, 1, , , 3748.9090000000001055, 1, , , 3748.9090000000001055, 1, , , 3748.9090000000001055, 1
, , 3748.9140000000002146, 1, , , 3748.9140000000002146, 1, , , 3748.9140000000002146, 1, , , 3748.9140000000002146, 1
, , 3748.9200000000000728, 1, , , 3748.9200000000000728, 1, , , 3748.9200000000000728, 1, , , 3748.9200000000000728, 1
, , 3748.9250000000001819, 1, , , 3748.9250000000001819, 1, , , 3748.9250000000001819, 1, , , 3748.9250000000001819, 1
, , 3748.9290000000000873, 1, , , 3748.9290000000000873, 1, , , 3748.9290000000000873, 1, , , 3748.9290000000000873, 1
, , 3748.9369999999998981, 1, , , 3748.9369999999998981, 1, , , 3748.9369999999998981, 1, , , 3748.9369999999998981, 1
, , 3748.9409999999998035, 1, , , 3748.9409999999998035, 1, , , 3748.9409999999998035, 1, , , 3748.9409999999998035, 1
, , 3748.94399999999996, 1, , , 3748.94399999999996, 1, , , 3748.94399999999996, 1, , , 3748.94399999999996, 1
, , 3748.9499999999998181, 1, , , 3748.9499999999998181, 1, , , 3748.9499999999998181, 1, , , 3748.9499999999998181, 1
, , 3748.9540000000001783, 1, , , 3748.9540000000001783, 1, , , 3748.9540000000001783, 1, , , 3748.9540000000001783, 1
, , 3748.9589999999998327, 1, , , 3748.9589999999998327, 1, , , 3748.9589999999998327, 1, , , 3748.9589999999998327, 1
, , 3748.9650000000001455, 1, , , 3748.9650000000001455, 1, , , 3748.9650000000001455, 1, , , 3748.9650000000001455, 1
, , 3748.9699999999997999, 1, , , 3748.9699999999997999, 1, , , 3748.9699999999997999, 1, , , 3748.9699999999997999, 1
, , 3748.9740000000001601, 1, , , 3748.9740000000001601, 1, , , 3748.9740000000001601, 1, , , 3748.9740000000001601, 1
, , 3748.9789999999998145, 1, , , 3748.9789999999998145, 1, , , 3748.9789999999998145, 1, , , 3748.9789999999998145, 1
, , 3748.9850000000001273, 1, , , 3748.9850000000001273, 1, , , 3748.9850000000001273, 1, , , 3748.9850000000001273, 1
, , 3748.9890000000000327, 1, , , 3748.9890000000000327, 1, , , 3748.9890000000000327, 1, , , 3748.9890000000000327, 1
, , 3748.9940000000001419, 1, , , 3748.9940000000001419, 1, , , 3748.9940000000001419, 1, , , 3748.9940000000001419, 1
, , 3749, 1, , , 3749, 1, , , 3749, 1, , , 3749, 1
, , 3749.0039999999999054, 1, , , 3749.0039999999999054, 1, , , 3749.0039999999999054, 1, , , 3749.0039999999999054, 1
, , 3749.0090000000000146, 1, , , 3749.0090000000000146, 1, , , 3749.0090000000000146, 1, , , 3749.0090000000000146, 1
, , 3749.0140000000001237, 1, , , 3749.0140000000001237, 1, , , 3749.0140000000001237, 1, , , 3749.0140000000001237, 1
, , 3749.0180000000000291, 1, , , 3749.0180000000000291, 1, , , 3749.0180000000000291, 1, , , 3749.0180000000000291, 1
, , 3749.0239999999998872, 1, , , 3749.0239999999998872, 1, , , 3749.0239999999998872, 1, , , 3749.0239999999998872, 1
, , 3749.0289999999999964, 1, , , 3749.0289999999999964, 1, , , 3749.0289999999999964, 1, , , 3749.0289999999999964, 1
, , 3749.0349999999998545, 1, , , 3749.0349999999998545, 1, , , 3749.0349999999998545, 1, , , 3749.0349999999998545, 1
, , 3749.0399999999999636, 1, , , 3749.0399999999999636, 1, , , 3749.0399999999999636, 1, , , 3749.0399999999999636, 1
, , 3749.0450000000000728, 1, , , 3749.0450000000000728, 1, , , 3749.0450000000000728, 1, , , 3749.0450000000000728, 1
, , 3749.0500000000001819, 1, , , 3749.0500000000001819, 1, , , 3749.0500000000001819, 1, , , 3749.0500000000001819, 1
, , 3749.0540000000000873, 1, , , 3749.0540000000000873, 1, , , 3749.0540000000000873, 1, , , 3749.0540000000000873, 1
, , 3749.0599999999999454, 1, , , 3749.0599999999999454, 1, , , 3749.0599999999999454, 1, , , 3749.0599999999999454, 1
, , 3749.0639999999998508, 1, , , 3749.0639999999998508, 1, , , 3749.0639999999998508, 1, , , 3749.0639999999998508, 1
, , 3749.06899999999996, 1, , , 3749.06899999999996, 1, , , 3749.06899999999996, 1, , , 3749.06899999999996, 1
, , 3749.0740000000000691, 1, , , 3749.0740000000000691, 1, , , 3749.0740000000000691, 1, , , 3749.0740000000000691, 1
, , 3749.0799999999999272, 1, , , 3749.0799999999999272, 1, , , 3749.0799999999999272, 1, , , 3749.0799999999999272, 1
, , 3749.0839999999998327, 1, , , 3749.0839999999998327, 1, , , 3749.0839999999998327, 1, , , 3749.0839999999998327, 1
, , 3749.0889999999999418, 1, , , 3749.0889999999999418, 1, , , 3749.0889999999999418, 1, , , 3749.0889999999999418, 1
, , 3749.0920000000000982, 1, , , 3749.0920000000000982, 1, , , 3749.0920000000000982, 1, , , 3749.0920000000000982, 1
, , 3749.0970000000002074, 1, , , 3749.0970000000002074, 1, , , 3749.0970000000002074, 1, , , 3749.0970000000002074, 1
, , 3749.1039999999998145, 1, , , 3749.1039999999998145, 1, , , 3749.1039999999998145, 1, , , 3749.1039999999998145, 1
, , 3749.1089999999999236, 1, , , 3749.1089999999999236, 1, , , 3749.1089999999999236, 1, , , 3749.1089999999999236, 1
, , 3749.1140000000000327, 1, , , 3749.1140000000000327, 1, , , 3749.1140000000000327, 1, , , 3749.1140000000000327, 1
, , 3749.1199999999998909, 1, , , 3749.1199999999998909, 1, , , 3749.1199999999998909, 1, , , 3749.1199999999998909, 1
, , 3749.1239999999997963, 1, , , 3749.1239999999997963, 1, , , 3749.1239999999997963, 1, , , 3749.1239999999997963, 1
, , 3749.1289999999999054, 1, , , 3749.1289999999999054, 1, , , 3749.1289999999999054, 1, , , 3749.1289999999999054, 1
, , 3749.1350000000002183, 1, , , 3749.1350000000002183, 1, , , 3749.1350000000002183, 1, , , 3749.1350000000002183, 1
, , 3749.1399999999998727, 1, , , 3749.1399999999998727, 1, , , 3749.1399999999998727, 1, , , 3749.1399999999998727, 1
, , 3749.1449999999999818, 1, , , 3749.1449999999999818, 1, , , 3749.1449999999999818, 1, , , 3749.1449999999999818, 1
, , 3749.1489999999998872, 1, , , 3749.1489999999998872, 1, , , 3749.1489999999998872, 1, , , 3749.1489999999998872, 1
, , 3749.1539999999999964, 1, , , 3749.1539999999999964, 1, , , 3749.1539999999999964, 1, , , 3749.1539999999999964, 1
, , 3749.1590000000001055, 1, , , 3749.1590000000001055, 1, , , 3749.1590000000001055, 1, , , 3749.1590000000001055, 1
, , 3749.1640000000002146, 1, , , 3749.1640000000002146, 1, , , 3749.1640000000002146, 1, , , 3749.1640000000002146, 1
, , 3749.168999999999869, 1, , , 3749.168999999999869, 1, , , 3749.168999999999869, 1, , , 3749.168999999999869, 1
, , 3749.1739999999999782, 1, , , 3749.1739999999999782, 1, , , 3749.1739999999999782, 1, , , 3749.1739999999999782, 1
, , 3749.1779999999998836, 1, , , 3749.1779999999998836, 1, , , 3749.1779999999998836, 1, , , 3749.1779999999998836, 1
, , 3749.1840000000001965, 1, , , 3749.1840000000001965, 1, , , 3749.1840000000001965, 1, , , 3749.1840000000001965, 1
, , 3749.1900000000000546, 1, , , 3749.1900000000000546, 1, , , 3749.1900000000000546, 1, , , 3749.1900000000000546, 1
, , 3749.19399999999996, 1, , , 3749.19399999999996, 1, , , 3749.19399999999996, 1, , , 3749.19399999999996, 1
, , 3749.1990000000000691, 1, , , 3749.1990000000000691, 1, , , 3749.1990000000000691, 1, , , 3749.1990000000000691, 1
, , 3749.2040000000001783, 1, , , 3749.2040000000001783, 1, , , 3749.2040000000001783, 1, , , 3749.2040000000001783, 1
, , 3749.2089999999998327, 1, , , 3749.2089999999998327, 1, , , 3749.2089999999998327, 1, , , 3749.2089999999998327, 1
, , 3749.2139999999999418, 1, , , 3749.2139999999999418, 1, , , 3749.2139999999999418, 1, , , 3749.2139999999999418, 1
, , 3749.2220000000002074, 1, , , 3749.2220000000002074, 1, , , 3749.2220000000002074, 1, , , 3749.2220000000002074, 1
, , 3749.2240000000001601, 1, , , 3749.2240000000001601, 1, , , 3749.2240000000001601, 1, , , 3749.2240000000001601, 1
, , 3749.2289999999998145, 1, , , 3749.2289999999998145, 1, , , 3749.2289999999998145, 1, , , 3749.2289999999998145, 1
, , 3749.2339999999999236, 1, , , 3749.2339999999999236, 1, , , 3749.2339999999999236, 1, , , 3749.2339999999999236, 1
, , 3749.2390000000000327, 1, , , 3749.2390000000000327, 1, , , 3749.2390000000000327, 1, , , 3749.2390000000000327, 1
, , 3749.2429999999999382, 1, , , 3749.2429999999999382, 1, , , 3749.2429999999999382, 1, , , 3749.2429999999999382, 1
, , 3749.2489999999997963, 1, , , 3749.2489999999997963, 1, , , 3749.2489999999997963, 1, , , 3749.2489999999997963, 1
, , 3749.2550000000001091, 1, , , 3749.2550000000001091, 1, , , 3749.2550000000001091, 1, , , 3749.2550000000001091, 1
, , 3749.2590000000000146, 1, , , 3749.2590000000000146, 1, , , 3749.2590000000000146, 1, , , 3749.2590000000000146, 1
, , 3749.2640000000001237, 1, , , 3749.2640000000001237, 1, , , 3749.2640000000001237, 1, , , 3749.2640000000001237, 1
, , 3749.2689999999997781, 1, , , 3749.2689999999997781, 1, , , 3749.2689999999997781, 1, , , 3749.2689999999997781, 1
, , 3749.2750000000000909, 1, , , 3749.2750000000000909, 1, , , 3749.2750000000000909, 1, , , 3749.2750000000000909, 1
, , 3749.2789999999999964, 1, , , 3749.2789999999999964, 1, , , 3749.2789999999999964, 1, , , 3749.2789999999999964, 1
, , 3749.2849999999998545, 1, , , 3749.2849999999998545, 1, , , 3749.2849999999998545, 1, , , 3749.2849999999998545, 1
, , 3749.2899999999999636, 1, , , 3749.2899999999999636, 1, , , 3749.2899999999999636, 1, , , 3749.2899999999999636, 1
, , 3749.2950000000000728, 1, , , 3749.2950000000000728, 1, , , 3749.2950000000000728, 1, , , 3749.2950000000000728, 1
, , 3749.2989999999999782, 1, , , 3749.2989999999999782, 1, , , 3749.2989999999999782, 1, , , 3749.2989999999999782, 1
, , 3749.3040000000000873, 1, , , 3749.3040000000000873, 1, , , 3749.3040000000000873, 1, , , 3749.3040000000000873, 1
, , 3749.3090000000001965, 1, , , 3749.3090000000001965, 1, , , 3749.3090000000001965, 1, , , 3749.3090000000001965, 1
, , 3749.3139999999998508, 1, , , 3749.3139999999998508, 1, , , 3749.3139999999998508, 1, , , 3749.3139999999998508, 1
, , 3749.31899999999996, 1, , , 3749.31899999999996, 1, , , 3749.31899999999996, 1, , , 3749.31899999999996, 1
, , 3749.3240000000000691, 1, , , 3749.3240000000000691, 1, , , 3749.3240000000000691, 1, , , 3749.3240000000000691, 1
, , 3749.3290000000001783, 1, , , 3749.3290000000001783, 1, , , 3749.3290000000001783, 1, , , 3749.3290000000001783, 1
, , 3749.3339999999998327, 1, , , 3749.3339999999998327, 1, , , 3749.3339999999998327, 1, , , 3749.3339999999998327, 1
, , 3749.3389999999999418, 1, , , 3749.3389999999999418, 1, , , 3749.3389999999999418, 1, , , 3749.3389999999999418, 1
, , 3749.3440000000000509, 1, , , 3749.3440000000000509, 1, , , 3749.3440000000000509, 1, , , 3749.3440000000000509, 1
, , 3749.3490000000001601, 1, , , 3749.3490000000001601, 1, , , 3749.3490000000001601, 1, , , 3749.3490000000001601, 1
, , 3749.3539999999998145, 1, , , 3749.3539999999998145, 1, , , 3749.3539999999998145, 1, , , 3749.3539999999998145, 1
, , 3749.3609999999998763, 1, , , 3749.3609999999998763, 1, , , 3749.3609999999998763, 1, , , 3749.3609999999998763, 1
, , 3749.3640000000000327, 1, , , 3749.3640000000000327, 1, , , 3749.3640000000000327, 1, , , 3749.3640000000000327, 1
, , 3749.3690000000001419, 1, , , 3749.3690000000001419, 1, , , 3749.3690000000001419, 1, , , 3749.3690000000001419, 1
, , 3749.3739999999997963, 1, , , 3749.3739999999997963, 1, , , 3749.3739999999997963, 1, , , 3749.3739999999997963, 1
, , 3749.3789999999999054, 1, , , 3749.3789999999999054, 1, , , 3749.3789999999999054, 1, , , 3749.3789999999999054, 1
, , 3749.3840000000000146, 1, , , 3749.3840000000000146, 1, , , 3749.3840000000000146, 1, , , 3749.3840000000000146, 1
, , 3749.3899999999998727, 1, , , 3749.3899999999998727, 1, , , 3749.3899999999998727, 1, , , 3749.3899999999998727, 1
, , 3749.3939999999997781, 1, , , 3749.3939999999997781, 1, , , 3749.3939999999997781, 1, , , 3749.3939999999997781, 1
, , 3749.3989999999998872, 1, , , 3749.3989999999998872, 1, , , 3749.3989999999998872, 1, , , 3749.3989999999998872, 1
, , 3749.4039999999999964, 1, , , 3749.4039999999999964, 1, , , 3749.4039999999999964, 1, , , 3749.4039999999999964, 1
, , 3749.4090000000001055, 1, , , 3749.4090000000001055, 1, , , 3749.4090000000001055, 1, , , 3749.4090000000001055, 1
, , 3749.4140000000002146, 1, , , 3749.4140000000002146, 1, , , 3749.4140000000002146, 1, , , 3749.4140000000002146, 1
, , 3749.418999999999869, 1, , , 3749.418999999999869, 1, , , 3749.418999999999869, 1, , , 3749.418999999999869, 1
, , 3749.4250000000001819, 1, , , 3749.4250000000001819, 1, , , 3749.4250000000001819, 1, , , 3749.4250000000001819, 1
, , 3749.4290000000000873, 1, , , 3749.4290000000000873, 1, , , 3749.4290000000000873, 1, , , 3749.4290000000000873, 1
, , 3749.4340000000001965, 1, , , 3749.4340000000001965, 1, , , 3749.4340000000001965, 1, , , 3749.4340000000001965, 1
, , 3749.4389999999998508, 1, , , 3749.4389999999998508, 1, , , 3749.4389999999998508, 1, , , 3749.4389999999998508, 1
, , 3749.4450000000001637, 1, , , 3749.4450000000001637, 1, , , 3749.4450000000001637, 1, , , 3749.4450000000001637, 1
, , 3749.4490000000000691, 1, , , 3749.4490000000000691, 1, , , 3749.4490000000000691, 1, , , 3749.4490000000000691, 1
, , 3749.4540000000001783, 1, , , 3749.4540000000001783, 1, , , 3749.4540000000001783, 1, , , 3749.4540000000001783, 1
, , 3749.4589999999998327, 1, , , 3749.4589999999998327, 1, , , 3749.4589999999998327, 1, , , 3749.4589999999998327, 1
, , 3749.4650000000001455, 1, , , 3749.4650000000001455, 1, , , 3749.4650000000001455, 1, , , 3749.4650000000001455, 1
, , 3749.4699999999997999, 1, , , 3749.4699999999997999, 1, , , 3749.4699999999997999, 1, , , 3749.4699999999997999, 1
, , 3749.4740000000001601, 1, , , 3749.4740000000001601, 1, , , 3749.4740000000001601, 1, , , 3749.4740000000001601, 1
, , 3749.4789999999998145, 1, , , 3749.4789999999998145, 1, , , 3749.4789999999998145, 1, , , 3749.4789999999998145, 1
, , 3749.4839999999999236, 1, , , 3749.4839999999999236, 1, , , 3749.4839999999999236, 1, , , 3749.4839999999999236, 1
, , 3749.4909999999999854, 1, , , 3749.4909999999999854, 1, , , 3749.4909999999999854, 1, , , 3749.4909999999999854, 1
, , 3749.4940000000001419, 1, , , 3749.4940000000001419, 1, , , 3749.4940000000001419, 1, , , 3749.4940000000001419, 1
, , 3749.4989999999997963, 1, , , 3749.4989999999997963, 1, , , 3749.4989999999997963, 1, , , 3749.4989999999997963, 1
, , 3749.5039999999999054, 1, , , 3749.5039999999999054, 1, , , 3749.5039999999999054, 1, , , 3749.5039999999999054, 1
, , 3749.5090000000000146, 1, , , 3749.5090000000000146, 1, , , 3749.5090000000000146, 1, , , 3749.5090000000000146, 1
, , 3749.5140000000001237, 1, , , 3749.5140000000001237, 1, , , 3749.5140000000001237, 1, , , 3749.5140000000001237, 1
, , 3749.5189999999997781, 1, , , 3749.5189999999997781, 1, , , 3749.5189999999997781, 1, , , 3749.5189999999997781, 1
, , 3749.5239999999998872, 1, , , 3749.5239999999998872, 1, , , 3749.5239999999998872, 1, , , 3749.5239999999998872, 1
, , 3749.5289999999999964, 1, , , 3749.5289999999999964, 1, , , 3749.5289999999999964, 1, , , 3749.5289999999999964, 1
, , 3749.5349999999998545, 1, , , 3749.5349999999998545, 1, , , 3749.5349999999998545, 1, , , 3749.5349999999998545, 1
, , 3749.5390000000002146, 1, , , 3749.5390000000002146, 1, , , 3749.5390000000002146, 1, , , 3749.5390000000002146, 1
, , 3749.5450000000000728, 1, , , 3749.5450000000000728, 1, , , 3749.5450000000000728, 1, , , 3749.5450000000000728, 1
, , 3749.5489999999999782, 1, , , 3749.5489999999999782, 1, , , 3749.5489999999999782, 1, , , 3749.5489999999999782, 1
, , 3749.5549999999998363, 1, , , 3749.5549999999998363, 1, , , 3749.5549999999998363, 1, , , 3749.5549999999998363, 1
, , 3749.5590000000001965, 1, , , 3749.5590000000001965, 1, , , 3749.5590000000001965, 1, , , 3749.5590000000001965, 1
, , 3749.5639999999998508, 1, , , 3749.5639999999998508, 1, , , 3749.5639999999998508, 1, , , 3749.5639999999998508, 1
, , 3749.56899999999996, 1, , , 3749.56899999999996, 1, , , 3749.56899999999996, 1, , , 3749.56899999999996, 1
, , 3749.5740000000000691, 1, , , 3749.5740000000000691, 1, , , 3749.5740000000000691, 1, , , 3749.5740000000000691, 1
, , 3749.5790000000001783, 1, , , 3749.5790000000001783, 1, , , 3749.5790000000001783, 1, , , 3749.5790000000001783, 1
, , 3749.5850000000000364, 1, , , 3749.5850000000000364, 1, , , 3749.5850000000000364, 1, , , 3749.5850000000000364, 1
, , 3749.5889999999999418, 1, , , 3749.5889999999999418, 1, , , 3749.5889999999999418, 1, , , 3749.5889999999999418, 1
, , 3749.5940000000000509, 1, , , 3749.5940000000000509, 1, , , 3749.5940000000000509, 1, , , 3749.5940000000000509, 1
, , 3749.5999999999999091, 1, , , 3749.5999999999999091, 1, , , 3749.5999999999999091, 1, , , 3749.5999999999999091, 1
, , 3749.6039999999998145, 1, , , 3749.6039999999998145, 1, , , 3749.6039999999998145, 1, , , 3749.6039999999998145, 1
, , 3749.6100000000001273, 1, , , 3749.6100000000001273, 1, , , 3749.6100000000001273, 1, , , 3749.6100000000001273, 1
, , 3749.6149999999997817, 1, , , 3749.6149999999997817, 1, , , 3749.6149999999997817, 1, , , 3749.6149999999997817, 1
, , 3749.6190000000001419, 1, , , 3749.6190000000001419, 1, , , 3749.6190000000001419, 1, , , 3749.6190000000001419, 1
, , 3749.6239999999997963, 1, , , 3749.6239999999997963, 1, , , 3749.6239999999997963, 1, , , 3749.6239999999997963, 1
, , 3749.6289999999999054, 1, , , 3749.6289999999999054, 1, , , 3749.6289999999999054, 1, , , 3749.6289999999999054, 1
, , 3749.6340000000000146, 1, , , 3749.6340000000000146, 1, , , 3749.6340000000000146, 1, , , 3749.6340000000000146, 1
, , 3749.6399999999998727, 1, , , 3749.6399999999998727, 1, , , 3749.6399999999998727, 1, , , 3749.6399999999998727, 1
, , 3749.6439999999997781, 1, , , 3749.6439999999997781, 1, , , 3749.6439999999997781, 1, , , 3749.6439999999997781, 1
, , 3749.6489999999998872, 1, , , 3749.6489999999998872, 1, , , 3749.6489999999998872, 1, , , 3749.6489999999998872, 1
, , 3749.6539999999999964, 1, , , 3749.6539999999999964, 1, , , 3749.6539999999999964, 1, , , 3749.6539999999999964, 1
, , 3749.6630000000000109, 1, , , 3749.6630000000000109, 1, , , 3749.6630000000000109, 1, , , 3749.6630000000000109, 1
, , 3749.6649999999999636, 1, , , 3749.6649999999999636, 1, , , 3749.6649999999999636, 1, , , 3749.6649999999999636, 1
, , 3749.6700000000000728, 1, , , 3749.6700000000000728, 1, , , 3749.6700000000000728, 1, , , 3749.6700000000000728, 1
, , 3749.6739999999999782, 1, , , 3749.6739999999999782, 1, , , 3749.6739999999999782, 1, , , 3749.6739999999999782, 1
, , 3749.6790000000000873, 1, , , 3749.6790000000000873, 1, , , 3749.6790000000000873, 1, , , 3749.6790000000000873, 1
, , 3749.6829999999999927, 1, , , 3749.6829999999999927, 1, , , 3749.6829999999999927, 1, , , 3749.6829999999999927, 1
, , 3749.6900000000000546, 1, , , 3749.6900000000000546, 1, , , 3749.6900000000000546, 1, , , 3749.6900000000000546, 1
, , 3749.69399999999996, 1, , , 3749.69399999999996, 1, , , 3749.69399999999996, 1, , , 3749.69399999999996, 1
, , 3749.6990000000000691, 1, , , 3749.6990000000000691, 1, , , 3749.6990000000000691, 1, , , 3749.6990000000000691, 1
, , 3749.7040000000001783, 1, , , 3749.7040000000001783, 1, , , 3749.7040000000001783, 1, , , 3749.7040000000001783, 1
, , 3749.7109999999997854, 1, , , 3749.7109999999997854, 1, , , 3749.7109999999997854, 1, , , 3749.7109999999997854, 1
, , 3749.7139999999999418, 1, , , 3749.7139999999999418, 1, , , 3749.7139999999999418, 1, , , 3749.7139999999999418, 1
, , 3749.7190000000000509, 1, , , 3749.7190000000000509, 1, , , 3749.7190000000000509, 1, , , 3749.7190000000000509, 1
, , 3749.7240000000001601, 1, , , 3749.7240000000001601, 1, , , 3749.7240000000001601, 1, , , 3749.7240000000001601, 1
, , 3749.7289999999998145, 1, , , 3749.7289999999998145, 1, , , 3749.7289999999998145, 1, , , 3749.7289999999998145, 1
, , 3749.7339999999999236, 1, , , 3749.7339999999999236, 1, , , 3749.7339999999999236, 1, , , 3749.7339999999999236, 1
, , 3749.7390000000000327, 1, , , 3749.7390000000000327, 1, , , 3749.7390000000000327, 1, , , 3749.7390000000000327, 1
, , 3749.7440000000001419, 1, , , 3749.7440000000001419, 1, , , 3749.7440000000001419, 1, , , 3749.7440000000001419, 1
, , 3749.7489999999997963, 1, , , 3749.7489999999997963, 1, , , 3749.7489999999997963, 1, , , 3749.7489999999997963, 1
, , 3749.7539999999999054, 1, , , 3749.7539999999999054, 1, , , 3749.7539999999999054, 1, , , 3749.7539999999999054, 1
, , 3749.7590000000000146, 1, , , 3749.7590000000000146, 1, , , 3749.7590000000000146, 1, , , 3749.7590000000000146, 1
, , 3749.7649999999998727, 1, , , 3749.7649999999998727, 1, , , 3749.7649999999998727, 1, , , 3749.7649999999998727, 1
, , 3749.7699999999999818, 1, , , 3749.7699999999999818, 1, , , 3749.7699999999999818, 1, , , 3749.7699999999999818, 1
, , 3749.7739999999998872, 1, , , 3749.7739999999998872, 1, , , 3749.7739999999998872, 1, , , 3749.7739999999998872, 1
, , 3749.7789999999999964, 1, , , 3749.7789999999999964, 1, , , 3749.7789999999999964, 1, , , 3749.7789999999999964, 1
, , 3749.7840000000001055, 1, , , 3749.7840000000001055, 1, , , 3749.7840000000001055, 1, , , 3749.7840000000001055, 1
, , 3749.7890000000002146, 1, , , 3749.7890000000002146, 1, , , 3749.7890000000002146, 1, , , 3749.7890000000002146, 1
, , 3749.793999999999869, 1, , , 3749.793999999999869, 1, , , 3749.793999999999869, 1, , , 3749.793999999999869, 1
, , 3749.7989999999999782, 1, , , 3749.7989999999999782, 1, , , 3749.7989999999999782, 1, , , 3749.7989999999999782, 1
, , 3749.8049999999998363, 1, , , 3749.8049999999998363, 1, , , 3749.8049999999998363, 1, , , 3749.8049999999998363, 1
, , 3749.8099999999999454, 1, , , 3749.8099999999999454, 1, , , 3749.8099999999999454, 1, , , 3749.8099999999999454, 1
, , 3749.8139999999998508, 1, , , 3749.8139999999998508, 1, , , 3749.8139999999998508, 1, , , 3749.8139999999998508, 1
, , 3749.81899999999996, 1, , , 3749.81899999999996, 1, , , 3749.81899999999996, 1, , , 3749.81899999999996, 1
, , 3749.8240000000000691, 1, , , 3749.8240000000000691, 1, , , 3749.8240000000000691, 1, , , 3749.8240000000000691, 1
, , 3749.8290000000001783, 1, , , 3749.8290000000001783, 1, , , 3749.8290000000001783, 1, , , 3749.8290000000001783, 1
, , 3749.8359999999997854, 1, , , 3749.8359999999997854, 1, , , 3749.8359999999997854, 1, , , 3749.8359999999997854, 1
, , 3749.8389999999999418, 1, , , 3749.8389999999999418, 1, , , 3749.8389999999999418, 1, , , 3749.8389999999999418, 1
, , 3749.8440000000000509, 1, , , 3749.8440000000000509, 1, , , 3749.8440000000000509, 1, , , 3749.8440000000000509, 1
, , 3749.8490000000001601, 1, , , 3749.8490000000001601, 1, , , 3749.8490000000001601, 1, , , 3749.8490000000001601, 1
, , 3749.8539999999998145, 1, , , 3749.8539999999998145, 1, , , 3749.8539999999998145, 1, , , 3749.8539999999998145, 1
, , 3749.8589999999999236, 1, , , 3749.8589999999999236, 1, , , 3749.8589999999999236, 1, , , 3749.8589999999999236, 1
, , 3749.862999999999829, 1, , , 3749.862999999999829, 1, , , 3749.862999999999829, 1, , , 3749.862999999999829, 1
, , 3749.8699999999998909, 1, , , 3749.8699999999998909, 1, , , 3749.8699999999998909, 1, , , 3749.8699999999998909, 1
, , 3749.8739999999997963, 1, , , 3749.8739999999997963, 1, , , 3749.8739999999997963, 1, , , 3749.8739999999997963, 1
, , 3749.8789999999999054, 1, , , 3749.8789999999999054, 1, , , 3749.8789999999999054, 1, , , 3749.8789999999999054, 1
, , 3749.8840000000000146, 1, , , 3749.8840000000000146, 1, , , 3749.8840000000000146, 1, , , 3749.8840000000000146, 1
, , 3749.8890000000001237, 1, , , 3749.8890000000001237, 1, , , 3749.8890000000001237, 1, , , 3749.8890000000001237, 1
, , 3749.8939999999997781, 1, , , 3749.8939999999997781, 1, , , 3749.8939999999997781, 1, , , 3749.8939999999997781, 1
, , 3749.8989999999998872, 1, , , 3749.8989999999998872, 1, , , 3749.8989999999998872, 1, , , 3749.8989999999998872, 1
, , 3749.9029999999997926, 1, , , 3749.9029999999997926, 1, , , 3749.9029999999997926, 1, , , 3749.9029999999997926, 1
, , 3749.9090000000001055, 1, , , 3749.9090000000001055, 1, , , 3749.9090000000001055, 1, , , 3749.9090000000001055, 1
, , 3749.9140000000002146, 1, , , 3749.9140000000002146, 1, , , 3749.9140000000002146, 1, , , 3749.9140000000002146, 1
, , 3749.918999999999869, 1, , , 3749.918999999999869, 1, , , 3749.918999999999869, 1, , , 3749.918999999999869, 1
, , 3749.9239999999999782, 1, , , 3749.9239999999999782, 1, , , 3749.9239999999999782, 1, , , 3749.9239999999999782, 1
, , 3749.9290000000000873, 1, , , 3749.9290000000000873, 1, , , 3749.9290000000000873, 1, , , 3749.9290000000000873, 1
, , 3749.9340000000001965, 1, , , 3749.9340000000001965, 1, , , 3749.9340000000001965, 1, , , 3749.9340000000001965, 1
, , 3749.9380000000001019, 1, , , 3749.9380000000001019, 1, , , 3749.9380000000001019, 1, , , 3749.9380000000001019, 1
, , 3749.94399999999996, 1, , , 3749.94399999999996, 1, , , 3749.94399999999996, 1, , , 3749.94399999999996, 1
, , 3749.9490000000000691, 1, , , 3749.9490000000000691, 1, , , 3749.9490000000000691, 1, , , 3749.9490000000000691, 1
, , 3749.9540000000001783, 1, , , 3749.9540000000001783, 1, , , 3749.9540000000001783, 1, , , 3749.9540000000001783, 1
, , 3749.9600000000000364, 1, , , 3749.9600000000000364, 1, , , 3749.9600000000000364, 1, , , 3749.9600000000000364, 1
, , 3749.9650000000001455, 1, , , 3749.9650000000001455, 1, , , 3749.9650000000001455, 1, , , 3749.9650000000001455, 1
, , 3749.9690000000000509, 1, , , 3749.9690000000000509, 1, , , 3749.9690000000000509, 1, , , 3749.9690000000000509, 1
, , 3749.9740000000001601, 1, , , 3749.9740000000001601, 1, , , 3749.9740000000001601, 1, , , 3749.9740000000001601, 1
, , 3749.9789999999998145, 1, , , 3749.9789999999998145, 1, , , 3749.9789999999998145, 1, , , 3749.9789999999998145, 1
, , 3749.9839999999999236, 1, , , 3749.9839999999999236, 1, , , 3749.9839999999999236, 1, , , 3749.9839999999999236, 1
, , 3749.987999999999829, 1, , , 3749.987999999999829, 1, , , 3749.987999999999829, 1, , , 3749.987999999999829, 1
, , 3749.9940000000001419, 1, , , 3749.9940000000001419, 1, , , 3749.9940000000001419, 1, , , 3749.9940000000001419, 1
, , 3749.9989999999997963, 1, , , 3749.9989999999997963, 1, , , 3749.9989999999997963, 1, , , 3749.9989999999997963, 1
, , 3750.0039999999999054, 1, , , 3750.0039999999999054, 1, , , 3750.0039999999999054, 1, , , 3750.0039999999999054, 1
, , 3750.0090000000000146, 1, , , 3750.0090000000000146, 1, , , 3750.0090000000000146, 1, , , 3750.0090000000000146, 1
, , 3750.0140000000001237, 1, , , 3750.0140000000001237, 1, , , 3750.0140000000001237, 1, , , 3750.0140000000001237, 1
, , 3750.0189999999997781, 1, , , 3750.0189999999997781, 1, , , 3750.0189999999997781, 1, , , 3750.0189999999997781, 1
, , 3750.0239999999998872, 1, , , 3750.0239999999998872, 1, , , 3750.0239999999998872, 1, , , 3750.0239999999998872, 1
, , 3750.0289999999999964, 1, , , 3750.0289999999999964, 1, , , 3750.0289999999999964, 1, , , 3750.0289999999999964, 1
, , 3750.0340000000001055, 1, , , 3750.0340000000001055, 1, , , 3750.0340000000001055, 1, , , 3750.0340000000001055, 1
, , 3750.0410000000001673, 1, , , 3750.0410000000001673, 1, , , 3750.0410000000001673, 1, , , 3750.0410000000001673, 1
, , 3750.0450000000000728, 1, , , 3750.0450000000000728, 1, , , 3750.0450000000000728, 1, , , 3750.0450000000000728, 1
, , 3750.0500000000001819, 1, , , 3750.0500000000001819, 1, , , 3750.0500000000001819, 1, , , 3750.0500000000001819, 1
, , 3750.0549999999998363, 1, , , 3750.0549999999998363, 1, , , 3750.0549999999998363, 1, , , 3750.0549999999998363, 1
, , 3750.0590000000001965, 1, , , 3750.0590000000001965, 1, , , 3750.0590000000001965, 1, , , 3750.0590000000001965, 1
, , 3750.0650000000000546, 1, , , 3750.0650000000000546, 1, , , 3750.0650000000000546, 1, , , 3750.0650000000000546, 1
, , 3750.06899999999996, 1, , , 3750.06899999999996, 1, , , 3750.06899999999996, 1, , , 3750.06899999999996, 1
, , 3750.0749999999998181, 1, , , 3750.0749999999998181, 1, , , 3750.0749999999998181, 1, , , 3750.0749999999998181, 1
, , 3750.0790000000001783, 1, , , 3750.0790000000001783, 1, , , 3750.0790000000001783, 1, , , 3750.0790000000001783, 1
, , 3750.0839999999998327, 1, , , 3750.0839999999998327, 1, , , 3750.0839999999998327, 1, , , 3750.0839999999998327, 1
, , 3750.0889999999999418, 1, , , 3750.0889999999999418, 1, , , 3750.0889999999999418, 1, , , 3750.0889999999999418, 1
, , 3750.0940000000000509, 1, , , 3750.0940000000000509, 1, , , 3750.0940000000000509, 1, , , 3750.0940000000000509, 1
, , 3750.0990000000001601, 1, , , 3750.0990000000001601, 1, , , 3750.0990000000001601, 1, , , 3750.0990000000001601, 1
, , 3750.1039999999998145, 1, , , 3750.1039999999998145, 1, , , 3750.1039999999998145, 1, , , 3750.1039999999998145, 1
, , 3750.1100000000001273, 1, , , 3750.1100000000001273, 1, , , 3750.1100000000001273, 1, , , 3750.1100000000001273, 1
, , 3750.1140000000000327, 1, , , 3750.1140000000000327, 1, , , 3750.1140000000000327, 1, , , 3750.1140000000000327, 1
, , 3750.1190000000001419, 1, , , 3750.1190000000001419, 1, , , 3750.1190000000001419, 1, , , 3750.1190000000001419, 1
, , 3750.1239999999997963, 1, , , 3750.1239999999997963, 1, , , 3750.1239999999997963, 1, , , 3750.1239999999997963, 1
, , 3750.1289999999999054, 1, , , 3750.1289999999999054, 1, , , 3750.1289999999999054, 1, , , 3750.1289999999999054, 1
, , 3750.1340000000000146, 1, , , 3750.1340000000000146, 1, , , 3750.1340000000000146, 1, , , 3750.1340000000000146, 1
, , 3750.1390000000001237, 1, , , 3750.1390000000001237, 1, , , 3750.1390000000001237, 1, , , 3750.1390000000001237, 1
, , 3750.1439999999997781, 1, , , 3750.1439999999997781, 1, , , 3750.1439999999997781, 1, , , 3750.1439999999997781, 1
, , 3750.1500000000000909, 1, , , 3750.1500000000000909, 1, , , 3750.1500000000000909, 1, , , 3750.1500000000000909, 1
, , 3750.1539999999999964, 1, , , 3750.1539999999999964, 1, , , 3750.1539999999999964, 1, , , 3750.1539999999999964, 1
, , 3750.1599999999998545, 1, , , 3750.1599999999998545, 1, , , 3750.1599999999998545, 1, , , 3750.1599999999998545, 1
, , 3750.1640000000002146, 1, , , 3750.1640000000002146, 1, , , 3750.1640000000002146, 1, , , 3750.1640000000002146, 1
, , 3750.1709999999998217, 1, , , 3750.1709999999998217, 1, , , 3750.1709999999998217, 1, , , 3750.1709999999998217, 1
, , 3750.1739999999999782, 1, , , 3750.1739999999999782, 1, , , 3750.1739999999999782, 1, , , 3750.1739999999999782, 1
, , 3750.1790000000000873, 1, , , 3750.1790000000000873, 1, , , 3750.1790000000000873, 1, , , 3750.1790000000000873, 1
, , 3750.1840000000001965, 1, , , 3750.1840000000001965, 1, , , 3750.1840000000001965, 1, , , 3750.1840000000001965, 1
, , 3750.1889999999998508, 1, , , 3750.1889999999998508, 1, , , 3750.1889999999998508, 1, , , 3750.1889999999998508, 1
, , 3750.19399999999996, 1, , , 3750.19399999999996, 1, , , 3750.19399999999996, 1, , , 3750.19399999999996, 1
, , 3750.1990000000000691, 1, , , 3750.1990000000000691, 1, , , 3750.1990000000000691, 1, , , 3750.1990000000000691, 1
, , 3750.2049999999999272, 1, , , 3750.2049999999999272, 1, , , 3750.2049999999999272, 1, , , 3750.2049999999999272, 1
, , 3750.2089999999998327, 1, , , 3750.2089999999998327, 1, , , 3750.2089999999998327, 1, , , 3750.2089999999998327, 1
, , 3750.2139999999999418, 1, , , 3750.2139999999999418, 1, , , 3750.2139999999999418, 1, , , 3750.2139999999999418, 1
, , 3750.2199999999997999, 1, , , 3750.2199999999997999, 1, , , 3750.2199999999997999, 1, , , 3750.2199999999997999, 1
, , 3750.2249999999999091, 1, , , 3750.2249999999999091, 1, , , 3750.2249999999999091, 1, , , 3750.2249999999999091, 1
, , 3750.2289999999998145, 1, , , 3750.2289999999998145, 1, , , 3750.2289999999998145, 1, , , 3750.2289999999998145, 1
, , 3750.2350000000001273, 1, , , 3750.2350000000001273, 1, , , 3750.2350000000001273, 1, , , 3750.2350000000001273, 1
, , 3750.2390000000000327, 1, , , 3750.2390000000000327, 1, , , 3750.2390000000000327, 1, , , 3750.2390000000000327, 1
, , 3750.2440000000001419, 1, , , 3750.2440000000001419, 1, , , 3750.2440000000001419, 1, , , 3750.2440000000001419, 1
, , 3750.2489999999997963, 1, , , 3750.2489999999997963, 1, , , 3750.2489999999997963, 1, , , 3750.2489999999997963, 1
