# /gazebo_leg_forces_components/recceipt_time, /gazebo_leg_forces_components/reaction_forces/0/wrench/force/z, /foot_contacts/recceipt_time, /foot_contacts/contacts/0, /gazebo_leg_forces_components/recceipt_time, /gazebo_leg_forces_components/reaction_forces/1/wrench/force/z, /foot_contacts/recceipt_time, /foot_contacts/contacts/1, /gazebo_leg_forces_components/recceipt_time, /gazebo_leg_forces_components/reaction_forces/2/wrench/force/z, /foot_contacts/recceipt_time, /foot_contacts/contacts/2, /gazebo_leg_forces_components/recceipt_time, /gazebo_leg_forces_components/reaction_forces/3/wrench/force/z, /foot_contacts/recceipt_time, /foot_contacts/contacts/3
3528.056999999999789, 63.482464271897043773, 3528.0549999999998363, 1, 3528.056999999999789, 57.812175796855463261, 3528.0549999999998363, 1, 3528.056999999999789, 40.167432233370547578, 3528.0549999999998363, 1, 3528.056999999999789, 43.270537390456041749, 3528.0549999999998363, 1
3528.0670000000000073, 63.482466967927479118, 3528.0599999999999454, 1, 3528.0670000000000073, 57.81218489191229537, 3528.0599999999999454, 1, 3528.0670000000000073, 40.167431921403185413, 3528.0599999999999454, 1, 3528.0670000000000073, 43.27053489065805536, 3528.0599999999999454, 1
3528.0770000000002256, 63.482469663562127948, 3528.0650000000000546, 1, 3528.0770000000002256, 57.812193986658897416, 3528.0650000000000546, 1, 3528.0770000000002256, 40.1674316095132653, 3528.0650000000000546, 1, 3528.0770000000002256, 43.270532390696189395, 3528.0650000000000546, 1
3528.0869999999999891, 63.482472358793003764, 3528.06899999999996, 1, 3528.0869999999999891, 57.812203081104861724, 3528.06899999999996, 1, 3528.0869999999999891, 40.167431282114044677, 3528.06899999999996, 1, 3528.0869999999999891, 43.27052976555889785, 3528.06899999999996, 1
3528.0960000000000036, 63.482475053646666652, 3528.0740000000000691, 1, 3528.0960000000000036, 57.812212175236936673, 3528.0740000000000691, 1, 3528.0960000000000036, 40.167430970397603573, 3528.0740000000000691, 1, 3528.0960000000000036, 43.270527265250166238, 3528.0740000000000691, 1
3528.1170000000001892, 63.482477748090964553, 3528.0790000000001783, 1, 3528.1170000000001892, 57.812221269082030517, 3528.0790000000001783, 1, 3528.1170000000001892, 40.167430674344231534, 3528.0790000000001783, 1, 3528.1170000000001892, 43.270524889801428969, 3528.0790000000001783, 1
3528.1170000000001892, 63.48248044213739405, 3528.0850000000000364, 1, 3528.1170000000001892, 57.812230362622401003, 3528.0850000000000364, 1, 3528.1170000000001892, 40.167430362779818154, 3528.0850000000000364, 1, 3528.1170000000001892, 43.270522389176946376, 3528.0850000000000364, 1
3528.1269999999999527, 63.362704723707324206, 3528.0889999999999418, 1, 3528.1269999999999527, 57.922709472263427699, 3528.0889999999999418, 1, 3528.1269999999999527, 40.219771157935625183, 3528.0889999999999418, 1, 3528.1269999999999527, 43.275632430650631477, 3528.0889999999999418, 1
3528.1469999999999345, 63.482485829069581484, 3528.0940000000000509, 1, 3528.1469999999999345, 57.812248548766234535, 3528.0940000000000509, 1, 3528.1469999999999345, 40.1674297399206921, 3528.0940000000000509, 1, 3528.1469999999999345, 43.27051726234464013, 3528.0940000000000509, 1
3528.1469999999999345, 63.482488521945995785, 3528.0979999999999563, 1, 3528.1469999999999345, 57.812257641347230219, 3528.0979999999999563, 1, 3528.1469999999999345, 40.167429428613758091, 3528.0979999999999563, 1, 3528.1469999999999345, 43.270514761202420573, 3528.0979999999999563, 1
3528.1669999999999163, 63.482491214431192361, 3528.1039999999998145, 1, 3528.1669999999999163, 57.812266733642374561, 3528.1039999999998145, 1, 3528.1669999999999163, 40.167429101838131089, 3528.1039999999998145, 1, 3528.1669999999999163, 43.270512259874195138, 3528.1039999999998145, 1
3528.1669999999999163, 63.482493906519280813, 3528.1089999999999236, 1, 3528.1669999999999163, 57.812275825635808246, 3528.1089999999999236, 1, 3528.1669999999999163, 40.167428790707958797, 3528.1089999999999236, 1, 3528.1669999999999163, 43.270509758381280108, 3528.1089999999999236, 1
3528.1770000000001346, 63.36270193259728245, 3528.1140000000000327, 1, 3528.1770000000001346, 57.922742357228059973, 3528.1140000000000327, 1, 3528.1770000000001346, 40.219767561883180917, 3528.1140000000000327, 1, 3528.1770000000001346, 43.275612817651008868, 3528.1140000000000327, 1
3528.1869999999998981, 63.362705402566831481, 3528.1190000000001419, 1, 3528.1869999999998981, 57.922752228923009454, 3528.1190000000001419, 1, 3528.1869999999998981, 40.219767872262735864, 3528.1190000000001419, 1, 3528.1869999999998981, 43.275610397360509296, 3528.1190000000001419, 1
3528.1959999999999127, 63.362708872124798631, 3528.1239999999997963, 1, 3528.1959999999999127, 57.922762100278035291, 3528.1239999999997963, 1, 3528.1959999999999127, 40.219768182732877904, 3528.1239999999997963, 1, 3528.1959999999999127, 43.275607976885403616, 3528.1239999999997963, 1
3528.206000000000131, 63.362712341273521588, 3528.1289999999999054, 1, 3528.206000000000131, 57.922771971325055063, 3528.1289999999999054, 1, 3528.206000000000131, 40.219768493252615826, 3528.1289999999999054, 1, 3528.206000000000131, 43.275605556240876126, 3528.1289999999999054, 1
3528.2170000000000982, 63.362695669444036639, 3528.1340000000000146, 1, 3528.2170000000000982, 57.92276536930205566, 3528.1340000000000146, 1, 3528.2170000000000982, 40.219763659023286095, 3528.1340000000000146, 1, 3528.2170000000000982, 43.27559562365889434, 3528.1340000000000146, 1
3528.2269999999998618, 63.362699138271963761, 3528.1390000000001237, 1, 3528.2269999999998618, 57.922775240109004358, 3528.1390000000001237, 1, 3528.2269999999998618, 40.219763969868040476, 3528.1390000000001237, 1, 3528.2269999999998618, 43.275593202822292938, 3528.1390000000001237, 1
3528.23700000000008, 63.362702433280929881, 3528.1449999999999818, 1, 3528.23700000000008, 57.922784617083038938, 3528.1449999999999818, 1, 3528.23700000000008, 40.219764265224533517, 3528.1449999999999818, 1, 3528.23700000000008, 43.275590781822401709, 3528.1449999999999818, 1
3528.2469999999998436, 63.362696951243705712, 3528.1489999999998872, 1, 3528.2469999999998436, 57.922787167188310775, 3528.1489999999998872, 1, 3528.2469999999998436, 40.219762290012070594, 3528.1489999999998872, 1, 3528.2469999999998436, 43.275585022591883444, 3528.1489999999998872, 1
3528.2669999999998254, 63.362696117705695542, 3528.1529999999997926, 1, 3528.2669999999998254, 57.922793870944914829, 3528.1529999999997926, 1, 3528.2669999999998254, 40.219761473692742015, 3528.1529999999997926, 1, 3528.2669999999998254, 43.27558081131775225, 3528.1529999999997926, 1
3528.2669999999998254, 63.362699585225684018, 3528.1590000000001055, 1, 3528.2669999999998254, 57.922803740696906516, 3528.1590000000001055, 1, 3528.2669999999998254, 40.219761784920549985, 3528.1590000000001055, 1, 3528.2669999999998254, 43.275578389882959129, 3528.1590000000001055, 1
3528.2770000000000437, 63.362703052329521825, 3528.1640000000002146, 1, 3528.2770000000000437, 57.922813610139854745, 3528.1640000000002146, 1, 3528.2770000000000437, 40.219762096217806402, 3528.1640000000002146, 1, 3528.2770000000000437, 43.275576089362417065, 3528.1640000000002146, 1
3528.2869999999998072, 63.362688622317136833, 3528.168999999999869, 1, 3528.2869999999998072, 57.922808842242851313, 3528.168999999999869, 1, 3528.2869999999998072, 40.219757836330984446, 3528.168999999999869, 1, 3528.2869999999998072, 43.275566992784817444, 3528.168999999999869, 1
3528.2959999999998217, 63.362692089054810651, 3528.1739999999999782, 1, 3528.2959999999998217, 57.922818711412261905, 3528.1739999999999782, 1, 3528.2959999999998217, 40.219758147912244794, 3528.1739999999999782, 1, 3528.2959999999998217, 43.275564570988258595, 3528.1739999999999782, 1
3528.3170000000000073, 63.362695555365405653, 3528.1790000000000873, 1, 3528.3170000000000073, 57.922828580224305028, 3528.1790000000000873, 1, 3528.3170000000000073, 40.219758459567628961, 3528.1790000000000873, 1, 3528.3170000000000073, 43.27556214901038345, 3528.1790000000000873, 1
3528.3170000000000073, 63.36269902127822462, 3528.1840000000001965, 1, 3528.3170000000000073, 57.922838448721648774, 3528.1840000000001965, 1, 3528.3170000000000073, 40.21975877129355581, 3528.1840000000001965, 1, 3528.3170000000000073, 43.275559605744874148, 3528.1840000000001965, 1
3528.3260000000000218, 63.482536926471539118, 3528.1889999999998508, 1, 3528.3260000000000218, 57.8124212556845265, 3528.1889999999998508, 1, 3528.3260000000000218, 40.167423839489423187, 3528.1889999999998508, 1, 3528.3260000000000218, 43.270469711624308218, 3528.1889999999998508, 1
3528.3359999999997854, 63.482539611872006446, 3528.19399999999996, 1, 3528.3359999999997854, 57.812430342450070953, 3528.19399999999996, 1, 3528.3359999999997854, 40.167423529777728675, 3528.19399999999996, 1, 3528.3359999999997854, 43.270467332486816758, 3528.19399999999996, 1
3528.3470000000002074, 63.482542162646311112, 3528.1990000000000691, 1, 3528.3470000000002074, 57.812438974602542885, 3528.1990000000000691, 1, 3528.3470000000002074, 40.167423204677447757, 3528.1990000000000691, 1, 3528.3470000000002074, 43.270464702735154106, 3528.1990000000000691, 1
3528.3569999999999709, 63.482544847280252043, 3528.2040000000001783, 1, 3528.3569999999999709, 57.812448060763202307, 3528.2040000000001783, 1, 3528.3569999999999709, 40.167422895130123095, 3528.2040000000001783, 1, 3528.3569999999999709, 43.270462198048079472, 3528.2040000000001783, 1
3528.3679999999999382, 63.362682799320857896, 3528.2089999999998327, 1, 3528.3679999999999382, 57.922860351696080272, 3528.2089999999998327, 1, 3528.3679999999999382, 40.21975176337767266, 3528.2089999999998327, 1, 3528.3679999999999382, 43.27553510235640033, 3528.2089999999998327, 1
3528.3769999999999527, 63.362681791437282186, 3528.2139999999999418, 1, 3528.3769999999999527, 57.922866561467770907, 3528.2139999999999418, 1, 3528.3769999999999527, 40.219750933628930056, 3528.2139999999999418, 1, 3528.3769999999999527, 43.27553101150351722, 3528.2139999999999418, 1
3528.3969999999999345, 63.362685255411932417, 3528.2190000000000509, 1, 3528.3969999999999345, 57.922876428459247222, 3528.2190000000000509, 1, 3528.3969999999999345, 40.21975124615507724, 3528.2190000000000509, 1, 3528.3969999999999345, 43.275528588444707623, 3528.2190000000000509, 1
3528.3969999999999345, 63.362688718985893388, 3528.2240000000001601, 1, 3528.3969999999999345, 57.92288629510710507, 3528.2240000000001601, 1, 3528.3969999999999345, 40.219751558760904686, 3528.2240000000001601, 1, 3528.3969999999999345, 43.275526165195913109, 3528.2240000000001601, 1
3528.4169999999999163, 63.482558398699801216, 3528.2289999999998145, 1, 3528.4169999999999163, 57.812493941229391226, 3528.2289999999998145, 1, 3528.4169999999999163, 40.167421364164638931, 3528.2289999999998145, 1, 3528.4169999999999163, 43.270449797323678354, 3528.2289999999998145, 1
3528.4169999999999163, 63.482561080963336053, 3528.2339999999999236, 1, 3528.4169999999999163, 57.812503025542326895, 3528.2339999999999236, 1, 3528.4169999999999163, 40.167421055116598438, 3528.2339999999999236, 1, 3528.4169999999999163, 43.270447291628357789, 3528.2339999999999236, 1
3528.4270000000001346, 63.482563762832477039, 3528.2390000000000327, 1, 3528.4270000000001346, 57.812512109554688777, 3528.2390000000000327, 1, 3528.4270000000001346, 40.167420746157020517, 3528.2390000000000327, 1, 3528.4270000000001346, 43.270444785763679363, 3528.2390000000000327, 1
3528.4369999999998981, 63.482566444312951148, 3528.2449999999998909, 1, 3528.4369999999998981, 57.812521193235426153, 3528.2449999999998909, 1, 3528.4369999999998981, 40.167420437297607805, 3528.2449999999998909, 1, 3528.4369999999998981, 43.270442279728627, 3528.2449999999998909, 1
3528.4470000000001164, 63.482569259430718489, 3528.2489999999997963, 1, 3528.4470000000001164, 57.812530730797590195, 3528.2489999999997963, 1, 3528.4470000000001164, 40.16742011306752147, 3528.2489999999997963, 1, 3528.4470000000001164, 43.270439648215045736, 3528.2489999999997963, 1
3528.4569999999998799, 63.482571940117260567, 3528.2539999999999054, 1, 3528.4569999999998799, 57.812539813864162852, 3528.2539999999999054, 1, 3528.4569999999998799, 40.167419804373899694, 3528.2539999999999054, 1, 3528.4569999999998799, 43.27043714182920553, 3528.2539999999999054, 1
3528.4670000000000982, 63.482574352382478367, 3528.2590000000000146, 1, 3528.4670000000000982, 57.812547988360947215, 3528.2590000000000146, 1, 3528.4670000000000982, 40.167419526628265203, 3528.2590000000000146, 1, 3528.4670000000000982, 43.270434760602768165, 3528.2590000000000146, 1
3528.4789999999998145, 63.482577032292056174, 3528.2649999999998727, 1, 3528.4789999999998145, 57.812557070846608553, 3528.2649999999998727, 1, 3528.4789999999998145, 40.167419218079480459, 3528.2649999999998727, 1, 3528.4789999999998145, 43.270432253905525499, 3528.2649999999998727, 1
3528.48700000000008, 63.48257984580920521, 3528.2689999999997781, 1, 3528.48700000000008, 57.812566607125248197, 3528.2689999999997781, 1, 3528.48700000000008, 40.167418894205979996, 3528.2689999999997781, 1, 3528.48700000000008, 43.270429747022546962, 3528.2689999999997781, 1
3528.4960000000000946, 63.362669516797993197, 3528.2689999999997781, 1, 3528.4960000000000946, 57.922941075347353035, 3528.2689999999997781, 1, 3528.4960000000000946, 40.21974099017069193, 3528.2689999999997781, 1, 3528.4960000000000946, 43.275481916829697582, 3528.2689999999997781, 1
3528.5070000000000618, 63.362672977208589487, 3528.2789999999999964, 1, 3528.5070000000000618, 57.922950939505781776, 3528.2789999999999964, 1, 3528.5070000000000618, 40.219741303991881409, 3528.2789999999999964, 1, 3528.5070000000000618, 43.275479492114762081, 3528.2789999999999964, 1
3528.5169999999998254, 63.362676610209547334, 3528.2840000000001055, 1, 3528.5169999999998254, 57.922960803327782742, 3528.2840000000001055, 1, 3528.5169999999998254, 40.219741617881794582, 3528.2840000000001055, 1, 3528.5169999999998254, 43.27547706720420706, 3528.2840000000001055, 1
3528.5270000000000437, 63.362666662462018508, 3528.2890000000002146, 1, 3528.5270000000000437, 57.92295970279153039, 3528.2890000000002146, 1, 3528.5270000000000437, 40.219738508235138852, 3528.2890000000002146, 1, 3528.5270000000000437, 43.275469641873208104, 3528.2890000000002146, 1
3528.5360000000000582, 63.482593237480415382, 3528.293999999999869, 1, 3528.5360000000000582, 57.8126120133350625, 3528.293999999999869, 1, 3528.5360000000000582, 40.167417353211625652, 3528.293999999999869, 1, 3528.5360000000000582, 43.270417210111610018, 3528.293999999999869, 1
3528.5459999999998217, 63.482595914639794898, 3528.2989999999999782, 1, 3528.5459999999998217, 57.812621093655380378, 3528.2989999999999782, 1, 3528.5459999999998217, 40.167417045275072951, 3528.2989999999999782, 1, 3528.5459999999998217, 43.270414702214992531, 3528.2989999999999782, 1
3528.556999999999789, 63.4825985914079709, 3528.3040000000000873, 1, 3528.556999999999789, 57.812630173665255029, 3528.3040000000000873, 1, 3528.556999999999789, 40.167416737417909189, 3528.3040000000000873, 1, 3528.556999999999789, 43.27041219414316231, 3528.3040000000000873, 1
3528.5670000000000073, 63.4826012677710807, 3528.3090000000001965, 1, 3528.5670000000000073, 57.812639253383409255, 3528.3090000000001965, 1, 3528.5670000000000073, 40.167416429631458641, 3528.3090000000001965, 1, 3528.5670000000000073, 43.2704096859346663, 3528.3090000000001965, 1
3528.5889999999999418, 63.482603943750774533, 3528.3139999999998508, 1, 3528.5889999999999418, 57.812648332786736205, 3528.3139999999998508, 1, 3528.5889999999999418, 40.167416121932021156, 3528.3139999999998508, 1, 3528.5889999999999418, 43.270407177547212996, 3528.3139999999998508, 1
3528.5889999999999418, 63.482606753118915321, 3528.31899999999996, 1, 3528.5889999999999418, 57.812657865822828285, 3528.31899999999996, 1, 3528.5889999999999418, 40.167415798954117179, 3528.31899999999996, 1, 3528.5889999999999418, 43.270404543532919206, 3528.31899999999996, 1
3528.5970000000002074, 63.48260942829222131, 3528.3249999999998181, 1, 3528.5970000000002074, 57.81266694460407507, 3528.3249999999998181, 1, 3528.5970000000002074, 40.167415491428187124, 3528.3249999999998181, 1, 3528.5970000000002074, 43.270402034802657454, 3528.3249999999998181, 1
3528.6170000000001892, 63.362654118352551791, 3528.3290000000001783, 1, 3528.6170000000001892, 57.92300572104280576, 3528.3290000000001783, 1, 3528.6170000000001892, 40.219730756794014326, 3528.3290000000001783, 1, 3528.6170000000001892, 43.275435240138733661, 3528.3290000000001783, 1
3528.6170000000001892, 63.362657575572228552, 3528.3339999999998327, 1, 3528.6170000000001892, 57.923015582693750503, 3528.3339999999998327, 1, 3528.6170000000001892, 40.2197310718357528, 3528.3339999999998327, 1, 3528.6170000000001892, 43.275432813921277386, 3528.3339999999998327, 1
3528.637000000000171, 63.362661032369288705, 3528.3389999999999418, 1, 3528.637000000000171, 57.923025444035516784, 3528.3389999999999418, 1, 3528.637000000000171, 40.219731386938917694, 3528.3389999999999418, 1, 3528.637000000000171, 43.275430387539586263, 3528.3389999999999418, 1
3528.6469999999999345, 63.362664488767464377, 3528.3440000000000509, 1, 3528.6469999999999345, 57.92303530503333775, 3528.3440000000000509, 1, 3528.6469999999999345, 40.219731702122878403, 3528.3440000000000509, 1, 3528.6469999999999345, 43.27542796097540645, 3528.3440000000000509, 1
3528.6469999999999345, 63.362667944760687533, 3528.3499999999999091, 1, 3528.6469999999999345, 57.923045165686289693, 3528.3499999999999091, 1, 3528.6469999999999345, 40.219732017374475674, 3528.3499999999999091, 1, 3528.6469999999999345, 43.275425534233121994, 3528.3499999999999091, 1
3528.6579999999999018, 63.362651301566870643, 3528.3550000000000182, 1, 3528.6579999999999018, 57.92303859102272412, 3528.3550000000000182, 1, 3528.6579999999999018, 40.219727201160154095, 3528.3550000000000182, 1, 3528.6579999999999018, 43.275415611651311565, 3528.3550000000000182, 1
3528.6669999999999163, 63.362654757234480485, 3528.3600000000001273, 1, 3528.6669999999999163, 57.923048451471032649, 3528.3600000000001273, 1, 3528.6669999999999163, 40.219727516719245841, 3528.3600000000001273, 1, 3528.6669999999999163, 43.275413184732343552, 3528.3600000000001273, 1
3528.6759999999999309, 63.362658212487083631, 3528.3659999999999854, 1, 3528.6759999999999309, 57.923058311573413448, 3528.3659999999999854, 1, 3528.6759999999999309, 40.21972783233708526, 3528.3659999999999854, 1, 3528.6759999999999309, 43.275410757638212544, 3528.3659999999999854, 1
3528.6959999999999127, 63.362643804810275583, 3528.3690000000001419, 1, 3528.6959999999999127, 57.923053565189150049, 3528.3690000000001419, 1, 3528.6959999999999127, 40.219723587629339079, 3528.3690000000001419, 1, 3528.6959999999999127, 43.275401547379964029, 3528.3690000000001419, 1
3528.6959999999999127, 63.362647259688500867, 3528.3739999999997963, 1, 3528.6959999999999127, 57.923063425023173068, 3528.3739999999997963, 1, 3528.6959999999999127, 40.219723903549251531, 3528.3739999999997963, 1, 3528.6959999999999127, 43.275399120068854586, 3528.3739999999997963, 1
3528.7170000000000982, 63.482638695793383476, 3528.3800000000001091, 1, 3528.7170000000000982, 57.812766337121786364, 3528.3800000000001091, 1, 3528.7170000000000982, 40.167412129549212807, 3528.3800000000001091, 1, 3528.7170000000000982, 43.270374553091926373, 3528.3800000000001091, 1
3528.7190000000000509, 63.482641366284042306, 3528.3840000000000146, 1, 3528.7190000000000509, 57.812775412232369376, 3528.3840000000000146, 1, 3528.7190000000000509, 40.167411823035166663, 3528.3840000000000146, 1, 3528.7190000000000509, 43.270371916792591094, 3528.3840000000000146, 1
3528.7269999999998618, 63.482644036384883179, 3528.3890000000001237, 1, 3528.7269999999998618, 57.812784487029048819, 3528.3890000000001237, 1, 3528.7269999999998618, 40.167411516607657518, 3528.3890000000001237, 1, 3528.7269999999998618, 43.270369405865693579, 3528.3890000000001237, 1
3528.737999999999829, 63.482646706078426746, 3528.3939999999997781, 1, 3528.737999999999829, 57.812793561541155896, 3528.3939999999997781, 1, 3528.737999999999829, 40.167411210247550457, 3528.3939999999997781, 1, 3528.737999999999829, 43.270367020333878827, 3528.3939999999997781, 1
3528.7469999999998436, 63.362642032677293003, 3528.4000000000000909, 1, 3528.7469999999998436, 57.92309397359407086, 3528.4000000000000909, 1, 3528.7469999999998436, 40.219719769625200456, 3528.4000000000000909, 1, 3528.7469999999998436, 43.275378898795125338, 3528.4000000000000909, 1
3528.7689999999997781, 63.48265191087929793, 3528.4070000000001528, 1, 3528.7689999999997781, 57.812811255917345932, 3528.4070000000001528, 1, 3528.7689999999997781, 40.16741061311766714, 3528.4070000000001528, 1, 3528.7689999999997781, 43.270361997638886464, 3528.4070000000001528, 1
3528.7689999999997781, 63.482654712841025457, 3528.4090000000001055, 1, 3528.7689999999997781, 57.812820783189408758, 3528.4090000000001055, 1, 3528.7689999999997781, 40.167410291707028591, 3528.4090000000001055, 1, 3528.7689999999997781, 43.270359360466393639, 3528.4090000000001055, 1
3528.7770000000000437, 63.48265738097494193, 3528.4140000000002146, 1, 3528.7770000000000437, 57.812829856459131861, 3528.4140000000002146, 1, 3528.7770000000000437, 40.167409985694305874, 3528.4140000000002146, 1, 3528.7770000000000437, 43.270356974289896357, 3528.4140000000002146, 1
3528.7979999999997744, 63.362633696921477622, 3528.418999999999869, 1, 3528.7979999999997744, 57.923115649373258407, 3528.418999999999869, 1, 3528.7979999999997744, 40.219715354730844581, 3528.418999999999869, 1, 3528.7979999999997744, 43.275360740581874097, 3528.418999999999869, 1
3528.7979999999997744, 63.362636976224166574, 3528.4239999999999782, 1, 3528.7979999999997744, 57.923125013989732679, 3528.4239999999999782, 1, 3528.7979999999997744, 40.219715655865861947, 3528.4239999999999782, 1, 3528.7979999999997744, 43.275358433346816867, 3528.4239999999999782, 1
3528.818000000000211, 63.362640600282723824, 3528.4290000000000873, 1, 3528.818000000000211, 57.923135363985316815, 3528.4290000000000873, 1, 3528.818000000000211, 40.219715988774936477, 3528.4290000000000873, 1, 3528.818000000000211, 43.275355883049414274, 3528.4290000000000873, 1
3528.818000000000211, 63.362644396449930184, 3528.4340000000001965, 1, 3528.818000000000211, 57.923146206464821262, 3528.4340000000001965, 1, 3528.818000000000211, 40.219716337616581825, 3528.4340000000001965, 1, 3528.818000000000211, 43.27535321110951827, 3528.4340000000001965, 1
3528.8279999999999745, 63.36264784707638853, 3528.4389999999998508, 1, 3528.8279999999999745, 57.923156062902613428, 3528.4389999999998508, 1, 3528.8279999999999745, 40.219716654827138314, 3528.4389999999998508, 1, 3528.8279999999999745, 43.275350781881286366, 3528.4389999999998508, 1
3528.8389999999999418, 63.482673648124219312, 3528.4450000000001637, 1, 3528.8389999999999418, 57.812885196797687115, 3528.4450000000001637, 1, 3528.8389999999999418, 40.167408120825868423, 3528.4450000000001637, 1, 3528.8389999999999418, 43.270341648907141519, 3528.4450000000001637, 1
3528.8470000000002074, 63.362636897289348781, 3528.4499999999998181, 1, 3528.8470000000002074, 57.923161180116665037, 3528.4499999999998181, 1, 3528.8470000000002074, 40.21971273310978745, 3528.4499999999998181, 1, 3528.8470000000002074, 43.275339266134025706, 3528.4499999999998181, 1
3528.8580000000001746, 63.362640347125164908, 3528.4529999999999745, 1, 3528.8580000000001746, 57.923171035957352615, 3528.4529999999999745, 1, 3528.8580000000001746, 40.219713050658633335, 3528.4529999999999745, 1, 3528.8580000000001746, 43.275336715063886572, 3528.4529999999999745, 1
3528.8780000000001564, 63.482681643008803007, 3528.4589999999998327, 1, 3528.8780000000001564, 57.812912409169655348, 3528.4589999999998327, 1, 3528.8780000000001564, 40.167407204820428035, 3528.4589999999998327, 1, 3528.8780000000001564, 43.270333983865626237, 3528.4589999999998327, 1
3528.8780000000001564, 63.482684307185678563, 3528.4639999999999418, 1, 3528.8780000000001564, 57.812921479344957731, 3528.4639999999999418, 1, 3528.8780000000001564, 40.167406899660363706, 3528.4639999999999418, 1, 3528.8780000000001564, 43.270331596073937419, 3528.4639999999999418, 1
3528.8969999999999345, 63.362632847762867527, 3528.4690000000000509, 1, 3528.8969999999999345, 57.923186009831930221, 3528.4690000000000509, 1, 3528.8969999999999345, 40.219709448509249228, 3528.4690000000000509, 1, 3528.8969999999999345, 43.27532276970268299, 3528.4690000000000509, 1
3528.8980000000001382, 63.362636123984302117, 3528.4740000000001601, 1, 3528.8980000000001382, 57.92319537198132906, 3528.4740000000001601, 1, 3528.8980000000001382, 40.219709766505502557, 3528.4740000000001601, 1, 3528.8980000000001382, 43.275320339540868986, 3528.4740000000001601, 1
3528.9090000000001055, 63.362639572238308006, 3528.4780000000000655, 1, 3528.9090000000001055, 57.923205226548638791, 3528.4780000000000655, 1, 3528.9090000000001055, 40.219710084558542462, 3528.4780000000000655, 1, 3528.9090000000001055, 43.275318030729287955, 3528.4780000000000655, 1
3528.918999999999869, 63.362625348969082495, 3528.4839999999999236, 1, 3528.918999999999869, 57.923200984521102441, 3528.4839999999999236, 1, 3528.918999999999869, 40.219705848352347743, 3528.4839999999999236, 1, 3528.918999999999869, 43.275308945896995283, 3528.4839999999999236, 1
3528.9270000000001346, 63.482697622191921027, 3528.4890000000000327, 1, 3528.9270000000001346, 57.812966825666805448, 3528.4890000000000327, 1, 3528.9270000000001346, 40.167405375084733521, 3528.4890000000000327, 1, 3528.9270000000001346, 43.270319026250035677, 3528.4890000000000327, 1
3528.9380000000001019, 63.48270028401726961, 3528.4940000000001419, 1, 3528.9380000000001019, 57.812975894019956513, 3528.4940000000001419, 1, 3528.9380000000001019, 40.167405070417359525, 3528.4940000000001419, 1, 3528.9380000000001019, 43.270316511791243386, 3528.4940000000001419, 1
3528.9470000000001164, 63.482702945451016774, 3528.4989999999997963, 1, 3528.9470000000001164, 57.812984962049618787, 3528.4989999999997963, 1, 3528.9470000000001164, 40.167404765842590564, 3528.4989999999997963, 1, 3528.9470000000001164, 43.27031399715563964, 3528.4989999999997963, 1
3528.9569999999998799, 63.482705606499166606, 3528.5039999999999054, 1, 3528.9569999999998799, 57.8129940297790057, 3528.5039999999999054, 1, 3528.9569999999998799, 40.167404461351864597, 3528.5039999999999054, 1, 3528.9569999999998799, 43.270311482347658227, 3528.5039999999999054, 1
3528.9670000000000982, 63.482708267149682513, 3528.5090000000000146, 1, 3528.9670000000000982, 57.813003097208380154, 3528.5090000000000146, 1, 3528.9670000000000982, 40.167404156935020865, 3528.5090000000000146, 1, 3528.9670000000000982, 43.270308967377459908, 3528.5090000000000146, 1
3528.987999999999829, 63.362623731184854137, 3528.5140000000001237, 1, 3528.987999999999829, 57.923241874022792786, 3528.5140000000001237, 1, 3528.987999999999829, 40.219702068365272396, 3528.5140000000001237, 1, 3528.987999999999829, 43.275286044268753471, 3528.5140000000001237, 1
3528.987999999999829, 63.362627177145668611, 3528.5189999999997781, 1, 3528.987999999999829, 57.923251726796436856, 3528.5189999999997781, 1, 3528.987999999999829, 40.219702387322556092, 3528.5189999999997781, 1, 3528.987999999999829, 43.275283612881480622, 3528.5189999999997781, 1
3529.0070000000000618, 63.362612786334345572, 3528.5250000000000909, 1, 3529.0070000000000618, 57.923246996701720946, 3528.5250000000000909, 1, 3529.0070000000000618, 40.219698154257876865, 3528.5250000000000909, 1, 3529.0070000000000618, 43.275274408170403717, 3528.5250000000000909, 1
3529.0070000000000618, 63.362616231913037268, 3528.5289999999999964, 1, 3529.0070000000000618, 57.923256849204818764, 3528.5289999999999964, 1, 3529.0070000000000618, 40.219698473511634518, 3528.5289999999999964, 1, 3529.0070000000000618, 43.275271976565399257, 3528.5289999999999964, 1
3529.0180000000000291, 63.362619677088346748, 3528.5340000000001055, 1, 3529.0180000000000291, 57.923266701370295095, 3528.5340000000001055, 1, 3529.0180000000000291, 40.219698792833931122, 3528.5340000000001055, 1, 3529.0180000000000291, 43.275269666366973809, 3528.5340000000001055, 1
3529.0279999999997926, 63.362623121854753094, 3528.5390000000002146, 1, 3529.0279999999997926, 57.923276553206108019, 3528.5390000000002146, 1, 3529.0279999999997926, 40.219699112208658676, 3528.5390000000002146, 1, 3529.0279999999997926, 43.275267234432831742, 3528.5390000000002146, 1
3529.0369999999998072, 63.362626566218430924, 3528.5450000000000728, 1, 3529.0369999999998072, 57.923286404701485708, 3528.5450000000000728, 1, 3529.0369999999998072, 40.219699431659357458, 3528.5450000000000728, 1, 3529.0369999999998072, 43.275264680702392184, 3528.5450000000000728, 1
3529.0479999999997744, 63.362612177599189067, 3528.5489999999999782, 1, 3529.0479999999997744, 57.923281676781890326, 3528.5489999999999782, 1, 3529.0479999999997744, 40.219695200330271234, 3528.5489999999999782, 1, 3529.0479999999997744, 43.275255598284928737, 3528.5489999999999782, 1
3529.068000000000211, 63.36261562158784244, 3528.5540000000000873, 1, 3529.068000000000211, 57.923291528005890427, 3528.5540000000000873, 1, 3529.068000000000211, 40.219695520076868434, 3528.5540000000000873, 1, 3529.068000000000211, 43.275253165943993849, 3528.5540000000000873, 1
3529.068000000000211, 63.362619065170093791, 3528.5590000000001965, 1, 3529.068000000000211, 57.923301378890911906, 3528.5590000000001965, 1, 3529.068000000000211, 40.219695839896154155, 3528.5590000000001965, 1, 3529.068000000000211, 43.275250733440003614, 3528.5590000000001965, 1
3529.0779999999999745, 63.362622508335348925, 3528.5650000000000546, 1, 3529.0779999999999745, 57.923311229449680582, 3528.5650000000000546, 1, 3529.0779999999999745, 40.219696159776134436, 3528.5650000000000546, 1, 3529.0779999999999745, 43.275248300754107333, 3528.5650000000000546, 1
3529.0979999999999563, 63.362608121894979263, 3528.56899999999996, 1, 3529.0979999999999563, 57.923306503631280862, 3528.56899999999996, 1, 3529.0979999999999563, 40.219691929927904539, 3528.56899999999996, 1, 3529.0979999999999563, 43.275239219087474396, 3528.56899999999996, 1
3529.0979999999999563, 63.362611564677386866, 3528.5740000000000691, 1, 3529.0979999999999563, 57.923316353915964783, 3528.5740000000000691, 1, 3529.0979999999999563, 40.219692250100727904, 3528.5740000000000691, 1, 3529.0979999999999563, 43.275236907859657265, 3528.5740000000000691, 1
3529.1080000000001746, 63.362615007065535622, 3528.5790000000001783, 1, 3529.1080000000001746, 57.923326203857392613, 3528.5790000000001783, 1, 3529.1080000000001746, 40.219692570345443983, 3528.5790000000001783, 1, 3529.1080000000001746, 43.275234474797088069, 3528.5790000000001783, 1
3529.1170000000001892, 63.362618449036290258, 3528.5839999999998327, 1, 3529.1170000000001892, 57.923336053477299856, 3528.5839999999998327, 1, 3529.1170000000001892, 40.219692890666621565, 3528.5839999999998327, 1, 3529.1170000000001892, 43.275232041575193875, 3528.5839999999998327, 1
3529.137000000000171, 63.482750784353441986, 3528.5900000000001455, 1, 3529.137000000000171, 57.813148134425496494, 3528.5900000000001455, 1, 3529.137000000000171, 40.16739929780548124, 3528.5900000000001455, 1, 3529.137000000000171, 43.270268704972465912, 3528.5900000000001455, 1
3529.137000000000171, 63.482753438353370257, 3528.5949999999997999, 1, 3529.137000000000171, 57.813157196665173387, 3528.5949999999997999, 1, 3529.137000000000171, 40.16739899482263354, 3528.5949999999997999, 1, 3529.137000000000171, 43.270266187142667036, 3528.5949999999997999, 1
3529.1489999999998872, 63.482756091957284639, 3528.5999999999999091, 1, 3529.1489999999998872, 57.81316625858460867, 3528.5999999999999091, 1, 3529.1489999999998872, 40.167398691925697563, 3528.5999999999999091, 1, 3529.1489999999998872, 43.270263669153820274, 3528.5999999999999091, 1
3529.1579999999999018, 63.482758745169334702, 3528.6039999999998145, 1, 3529.1579999999999018, 57.813175320198595841, 3528.6039999999998145, 1, 3529.1579999999999018, 40.167398389104029377, 3528.6039999999998145, 1, 3529.1579999999999018, 43.27026115098553305, 3528.6039999999998145, 1
3529.1779999999998836, 63.362600006251781792, 3528.6089999999999236, 1, 3529.1779999999998836, 57.923356155151367375, 3528.6089999999999236, 1, 3529.1779999999998836, 40.219685397498210477, 3528.6089999999999236, 1, 3529.1779999999998836, 43.275206579661997353, 3528.6089999999999236, 1
3529.1790000000000873, 63.362603446659278461, 3528.612999999999829, 1, 3529.1790000000000873, 57.923366003560651905, 3528.612999999999829, 1, 3529.1790000000000873, 40.21968571853474117, 3528.612999999999829, 1, 3529.1790000000000873, 43.275204145669711409, 3528.612999999999829, 1
3529.1880000000001019, 63.362606886657822258, 3528.6190000000001419, 1, 3529.1880000000001019, 57.923375851629749889, 3528.6190000000001419, 1, 3529.1880000000001019, 40.219686039626978413, 3528.6190000000001419, 1, 3529.1880000000001019, 43.275201711530229431, 3528.6190000000001419, 1
3529.2080000000000837, 63.517148059931201942, 3528.6269999999999527, 1, 3529.2080000000000837, 58.000755554613547815, 3528.6269999999999527, 1, 3529.2080000000000837, 40.27185907258413522, 3528.6269999999999527, 1, 3529.2080000000000837, 43.257314847017894976, 3528.6269999999999527, 1
3529.2179999999998472, 79.885270898644108684, 3528.6289999999999054, 1, 3529.2179999999998472, 43.470150183966296709, 3528.6289999999999054, 1, 3529.2179999999998472, 30.17514281835594403, 3528.6289999999999054, 1, 3529.2179999999998472, 113.68398896599060777, 3528.6289999999999054, 1
3529.2179999999998472, 96.911390541206145599, 3528.6350000000002183, 1, 3529.2179999999998472, 0, 3528.6350000000002183, 1, 3529.2179999999998472, 0, 3528.6350000000002183, 1, 3529.2179999999998472, 66.668660744309363508, 3528.6350000000002183, 1
3529.2280000000000655, 89.257416964164235651, 3528.6390000000001237, 1, 3529.2280000000000655, 0, 3528.6390000000001237, 1, 3529.2280000000000655, 0, 3528.6390000000001237, 1, 3529.2280000000000655, 40.816967404843133238, 3528.6390000000001237, 1
3529.237999999999829, 82.502893786246929153, 3528.6439999999997781, 1, 3529.237999999999829, 0, 3528.6439999999997781, 1, 3529.237999999999829, 0, 3528.6439999999997781, 1, 3529.237999999999829, 63.731584240702247257, 3528.6439999999997781, 1
3529.2480000000000473, 79.601724587966884883, 3528.6489999999998872, 1, 3529.2480000000000473, 0, 3528.6489999999998872, 1, 3529.2480000000000473, 0, 3528.6489999999998872, 1, 3529.2480000000000473, 99.844805948666447648, 3528.6489999999998872, 1
3529.2579999999998108, 78.959163324318367927, 3528.6529999999997926, 1, 3529.2579999999998108, 0, 3528.6529999999997926, 1, 3529.2579999999998108, 0, 3528.6529999999997926, 1, 3529.2579999999998108, 125.26625136844702979, 3528.6529999999997926, 1
3529.2680000000000291, 79.421940554703027715, 3528.6599999999998545, 1, 3529.2680000000000291, 0, 3528.6599999999998545, 1, 3529.2680000000000291, 0, 3528.6599999999998545, 1, 3529.2680000000000291, 140.15372375313512521, 3528.6599999999998545, 1
3529.2779999999997926, 79.354509599078568272, 3528.6640000000002146, 1, 3529.2779999999997926, 0, 3528.6640000000002146, 1, 3529.2779999999997926, 0, 3528.6640000000002146, 1, 3529.2779999999997926, 150.753764429039677, 3528.6640000000002146, 1
3529.2890000000002146, 78.325024000592392781, 3528.668999999999869, 1, 3529.2890000000002146, 0, 3528.668999999999869, 1, 3529.2890000000002146, 0, 3528.668999999999869, 1, 3529.2890000000002146, 155.93011597985167782, 3528.668999999999869, 1
3529.3079999999999927, 78.000031066765785681, 3528.6739999999999782, 1, 3529.3079999999999927, 0, 3528.6739999999999782, 1, 3529.3079999999999927, 0, 3528.6739999999999782, 1, 3529.3079999999999927, 159.1183518651580755, 3528.6739999999999782, 1
3529.3079999999999927, 77.572453047889197819, 3528.6799999999998363, 1, 3529.3079999999999927, 0, 3528.6799999999998363, 1, 3529.3079999999999927, 0, 3528.6799999999998363, 1, 3529.3079999999999927, 162.02886991873737088, 3528.6799999999998363, 1
3529.318000000000211, 79.381807550339274826, 3528.6860000000001492, 1, 3529.318000000000211, 0, 3528.6860000000001492, 1, 3529.318000000000211, 0, 3528.6860000000001492, 1, 3529.318000000000211, 158.87172351470030662, 3528.6860000000001492, 1
3529.3380000000001928, 76.307392727563311041, 3528.6889999999998508, 1, 3529.3380000000001928, 0, 3528.6889999999998508, 1, 3529.3380000000001928, 296.76495639239129787, 3528.6889999999998508, 1, 3529.3380000000001928, 108.48474997653605101, 3528.6889999999998508, 1
3529.3380000000001928, 61.741710537289876015, 3528.69399999999996, 1, 3529.3380000000001928, 0, 3528.69399999999996, 1, 3529.3380000000001928, 129.72852694555646735, 3528.69399999999996, 1, 3529.3380000000001928, 37.094246964996948179, 3528.69399999999996, 1
3529.3580000000001746, 53.723677511420888209, 3528.6999999999998181, 1, 3529.3580000000001746, 0, 3528.6999999999998181, 1, 3529.3580000000001746, 74.226964731477892201, 3528.6999999999998181, 1, 3529.3580000000001746, 52.516854788083833228, 3528.6999999999998181, 1
3529.3679999999999382, 49.944670617504989707, 3528.7040000000001783, 1, 3529.3679999999999382, 0, 3528.7040000000001783, 1, 3529.3679999999999382, 63.571433009977567963, 3528.7040000000001783, 1, 3529.3679999999999382, 68.55960214324930746, 3528.7040000000001783, 1
3529.3780000000001564, 52.485633140666500651, 3528.7089999999998327, 1, 3529.3780000000001564, 0, 3528.7089999999998327, 1, 3529.3780000000001564, 57.382450599612994324, 3528.7089999999998327, 1, 3529.3780000000001564, 79.303541468648191426, 3528.7089999999998327, 1
3529.3780000000001564, 57.121703765834865862, 3528.7150000000001455, 1, 3529.3780000000001564, 0, 3528.7150000000001455, 1, 3529.3780000000001564, 53.045499983154655865, 3528.7150000000001455, 1, 3529.3780000000001564, 81.182031849506316235, 3528.7150000000001455, 1
3529.38799999999992, 62.593176922943072782, 3528.7190000000000509, 1, 3529.38799999999992, 0, 3528.7190000000000509, 1, 3529.38799999999992, 50.11245767690770947, 3528.7190000000000509, 1, 3529.38799999999992, 80.366976276622807518, 3528.7190000000000509, 1
3529.3989999999998872, 67.501175829698794928, 3528.7249999999999091, 1, 3529.3989999999998872, 0, 3528.7249999999999091, 1, 3529.3989999999998872, 47.767392014243370113, 3528.7249999999999091, 1, 3529.3989999999998872, 77.915386249526932261, 3528.7249999999999091, 1
3529.4079999999999018, 67.924530342086498536, 3528.7289999999998145, 1, 3529.4079999999999018, 0, 3528.7289999999998145, 1, 3529.4079999999999018, 46.369399378213842056, 3528.7289999999998145, 1, 3529.4079999999999018, 69.242263273351483122, 3528.7289999999998145, 1
3529.4180000000001201, 25.507415423915976049, 3528.7330000000001746, 1, 3529.4180000000001201, 0, 3528.7330000000001746, 1, 3529.4180000000001201, 68.309020965939424741, 3528.7330000000001746, 1, 3529.4180000000001201, 30.154300924825836461, 3528.7330000000001746, 1
3529.4279999999998836, 0, 3528.7390000000000327, 1, 3529.4279999999998836, 54.206920036542939556, 3528.7390000000000327, 1, 3529.4279999999998836, 81.146310203827738405, 3528.7390000000000327, 1, 3529.4279999999998836, 0, 3528.7390000000000327, 1
3529.4380000000001019, 0, 3528.7440000000001419, 1, 3529.4380000000001019, 76.88472708431153535, 3528.7440000000001419, 1, 3529.4380000000001019, 80.323938434673436859, 3528.7440000000001419, 1, 3529.4380000000001019, 0, 3528.7440000000001419, 1
3529.4479999999998654, 0, 3528.7489999999997963, 1, 3529.4479999999998654, 102.56860863598416245, 3528.7489999999997963, 1, 3529.4479999999998654, 74.503994702254345839, 3528.7489999999997963, 1, 3529.4479999999998654, 0, 3528.7489999999997963, 1
3529.4679999999998472, 0, 3528.7539999999999054, 1, 3529.4679999999998472, 117.78880045602417681, 3528.7539999999999054, 1, 3529.4679999999998472, 71.853217380375070888, 3528.7539999999999054, 1, 3529.4679999999998472, 0, 3528.7539999999999054, 1
3529.4679999999998472, 0, 3528.7600000000002183, 1, 3529.4679999999998472, 125.66638927394278369, 3528.7600000000002183, 1, 3529.4679999999998472, 70.054257303255752731, 3528.7600000000002183, 1, 3529.4679999999998472, 0, 3528.7600000000002183, 1
3529.4769999999998618, 0, 3528.7640000000001237, 1, 3529.4769999999998618, 128.99103440726022995, 3528.7640000000001237, 1, 3529.4769999999998618, 69.431203855424939775, 3528.7640000000001237, 1, 3529.4769999999998618, 0, 3528.7640000000001237, 1
3529.5, 0, 3528.7689999999997781, 1, 3529.5, 130.13793024533885045, 3528.7689999999997781, 1, 3529.5, 69.842762854065512101, 3528.7689999999997781, 1, 3529.5, 0, 3528.7689999999997781, 1
3529.5, 0, 3528.7750000000000909, 1, 3529.5, 130.68544855353874823, 3528.7750000000000909, 1, 3529.5, 69.420645325769982037, 3528.7750000000000909, 1, 3529.5, 0, 3528.7750000000000909, 1
3529.5090000000000146, 0, 3528.7789999999999964, 1, 3529.5090000000000146, 127.34601741361331051, 3528.7789999999999964, 1, 3529.5090000000000146, 73.32014002821345855, 3528.7789999999999964, 1, 3529.5090000000000146, 0, 3528.7789999999999964, 1
3529.5230000000001382, 0, 3528.7849999999998545, 1, 3529.5230000000001382, 125.38309564260154616, 3528.7849999999998545, 1, 3529.5230000000001382, 77.459253784952295518, 3528.7849999999998545, 1, 3529.5230000000001382, 0, 3528.7849999999998545, 1
3529.5300000000002001, 0, 3528.7890000000002146, 1, 3529.5300000000002001, 121.90656029846037711, 3528.7890000000002146, 1, 3529.5300000000002001, 82.101607474750139204, 3528.7890000000002146, 1, 3529.5300000000002001, 0, 3528.7890000000002146, 1
3529.5479999999997744, 0, 3528.7950000000000728, 1, 3529.5479999999997744, 120.3759833453708552, 3528.7950000000000728, 1, 3529.5479999999997744, 86.877987813654044658, 3528.7950000000000728, 1, 3529.5479999999997744, 0, 3528.7950000000000728, 1
3529.5579999999999927, 0, 3528.7979999999997744, 1, 3529.5579999999999927, 118.02524353596335516, 3528.7979999999997744, 1, 3529.5579999999999927, 89.125809892697063219, 3528.7979999999997744, 1, 3529.5579999999999927, 0, 3528.7979999999997744, 1
3529.5579999999999927, 0, 3528.8040000000000873, 1, 3529.5579999999999927, 115.3696489475396163, 3528.8040000000000873, 1, 3529.5579999999999927, 90.028711863629823142, 3528.8040000000000873, 1, 3529.5579999999999927, 0, 3528.8040000000000873, 1
3529.5779999999999745, 0, 3528.8090000000001965, 1, 3529.5779999999999745, 113.17765490266049255, 3528.8090000000001965, 1, 3529.5779999999999745, 92.19557461258509079, 3528.8090000000001965, 1, 3529.5779999999999745, 0, 3528.8090000000001965, 1
3529.5880000000001928, 0, 3528.8139999999998508, 1, 3529.5880000000001928, 112.21343801463207512, 3528.8139999999998508, 1, 3529.5880000000001928, 93.360093145654388991, 3528.8139999999998508, 1, 3529.5880000000001928, 0, 3528.8139999999998508, 1
3529.5979999999999563, 0, 3528.81899999999996, 1, 3529.5979999999999563, 109.40046212000662251, 3528.81899999999996, 1, 3529.5979999999999563, 94.884433867567892662, 3528.81899999999996, 1, 3529.5979999999999563, 0, 3528.81899999999996, 1
3529.5979999999999563, 0, 3528.8229999999998654, 1, 3529.5979999999999563, 106.98954812421520444, 3528.8229999999998654, 1, 3529.5979999999999563, 99.342032886444599171, 3528.8229999999998654, 1, 3529.5979999999999563, 0, 3528.8229999999998654, 1
3529.6179999999999382, 0, 3528.8290000000001783, 1, 3529.6179999999999382, 104.57452639041306952, 3528.8290000000001783, 1, 3529.6179999999999382, 102.98581120089608021, 3528.8290000000001783, 1, 3529.6179999999999382, 0, 3528.8290000000001783, 1
3529.6179999999999382, 0, 3528.8339999999998327, 1, 3529.6179999999999382, 102.11746162416034167, 3528.8339999999998327, 1, 3529.6179999999999382, 104.61920312810661926, 3528.8339999999998327, 1, 3529.6179999999999382, 0, 3528.8339999999998327, 1
3529.6269999999999527, 369.36268140549157124, 3528.8389999999999418, 1, 3529.6269999999999527, 99.111415900745527097, 3528.8389999999999418, 1, 3529.6269999999999527, 102.39044537989047967, 3528.8389999999999418, 1, 3529.6269999999999527, 0, 3528.8389999999999418, 1
3529.637000000000171, 387.43642403735657354, 3528.8440000000000509, 1, 3529.637000000000171, 37.078391449050897677, 3528.8440000000000509, 1, 3529.637000000000171, 77.787962788306941775, 3528.8440000000000509, 1, 3529.637000000000171, 0, 3528.8440000000000509, 1
3529.6480000000001382, 354.98072417427522396, 3528.8490000000001601, 1, 3529.6480000000001382, 2.5610637853336308822, 3528.8490000000001601, 1, 3529.6480000000001382, 69.378789555288420843, 3528.8490000000001601, 1, 3529.6480000000001382, 0, 3528.8490000000001601, 1
3529.6579999999999018, 172.93224778686226273, 3528.8539999999998145, 1, 3529.6579999999999018, 0, 3528.8539999999998145, 1, 3529.6579999999999018, 79.545644825367318731, 3528.8539999999998145, 1, 3529.6579999999999018, 0, 3528.8539999999998145, 1
3529.6669999999999163, 16.469596389206920151, 3528.8589999999999236, 1, 3529.6669999999999163, 0, 3528.8589999999999236, 1, 3529.6669999999999163, 64.175246388271474984, 3528.8589999999999236, 1, 3529.6669999999999163, 0, 3528.8589999999999236, 1
3529.6779999999998836, 1.2667695928911484327, 3528.8649999999997817, 1, 3529.6779999999998836, 0, 3528.8649999999997817, 1, 3529.6779999999998836, 34.639438270679413279, 3528.8649999999997817, 1, 3529.6779999999998836, 112.26931794367246198, 3528.8649999999997817, 1
3529.6869999999998981, 16.813881751942062692, 3528.8690000000001419, 1, 3529.6869999999998981, 0, 3528.8690000000001419, 1, 3529.6869999999998981, 19.327128755528931947, 3528.8690000000001419, 1, 3529.6869999999998981, 20.841711922595422379, 3528.8690000000001419, 1
3529.6970000000001164, 50.447028097436444227, 3528.8739999999997963, 1, 3529.6970000000001164, 0, 3528.8739999999997963, 1, 3529.6970000000001164, 30.243840908291431901, 3528.8739999999997963, 1, 3529.6970000000001164, 22.89143183277023752, 3528.8739999999997963, 1
3529.7080000000000837, 75.120632650973107047, 3528.8789999999999054, 1, 3529.7080000000000837, 0, 3528.8789999999999054, 1, 3529.7080000000000837, 32.5565637757949915, 3528.8789999999999054, 1, 3529.7080000000000837, 26.406148904281401713, 3528.8789999999999054, 1
3529.7280000000000655, 89.06257427673182292, 3528.8840000000000146, 1, 3529.7280000000000655, 0, 3528.8840000000000146, 1, 3529.7280000000000655, 34.04409207432446749, 3528.8840000000000146, 1, 3529.7280000000000655, 33.961929496982136811, 3528.8840000000000146, 1
3529.7280000000000655, 94.873526613284894893, 3528.8890000000001237, 1, 3529.7280000000000655, 76.208273643370176842, 3528.8890000000001237, 1, 3529.7280000000000655, 34.409976153517412456, 3528.8890000000001237, 1, 3529.7280000000000655, 34.77524249228039821, 3528.8890000000001237, 1
3529.737999999999829, 57.775304917473761179, 3528.8960000000001855, 1, 3529.737999999999829, 140.53689549100110412, 3528.8960000000001855, 1, 3529.737999999999829, 137.6869212224814305, 3528.8960000000001855, 1, 3529.737999999999829, 64.421691742917147394, 3528.8960000000001855, 1
3529.7480000000000473, 22.74875932431134018, 3528.8989999999998872, 1, 3529.7480000000000473, 0, 3528.8989999999998872, 1, 3529.7480000000000473, 44.415650626662419143, 3528.8989999999998872, 1, 3529.7480000000000473, 88.017303355848241608, 3528.8989999999998872, 1
3529.7570000000000618, 65.54973580838075975, 3528.9039999999999964, 1, 3529.7570000000000618, 0, 3528.9039999999999964, 1, 3529.7570000000000618, 0, 3528.9039999999999964, 1, 3529.7570000000000618, 73.964124048125981403, 3528.9039999999999964, 1
3529.7689999999997781, 89.438729910346566498, 3528.9079999999999018, 1, 3529.7689999999997781, 0, 3528.9079999999999018, 1, 3529.7689999999997781, 0, 3528.9079999999999018, 1, 3529.7689999999997781, 72.889596729075591952, 3528.9079999999999018, 1
3529.7779999999997926, 101.75004196195885697, 3528.9140000000002146, 1, 3529.7779999999997926, 0, 3528.9140000000002146, 1, 3529.7779999999997926, 0, 3528.9140000000002146, 1, 3529.7779999999997926, 75.431131994031289878, 3528.9140000000002146, 1
3529.7869999999998072, 108.95257037034365055, 3528.9209999999998217, 1, 3529.7869999999998072, 0, 3528.9209999999998217, 1, 3529.7869999999998072, 0, 3528.9209999999998217, 1, 3529.7869999999998072, 77.347804813094228393, 3528.9209999999998217, 1
3529.8090000000001965, 112.60956042388754383, 3528.9270000000001346, 1, 3529.8090000000001965, 0, 3528.9270000000001346, 1, 3529.8090000000001965, 0, 3528.9270000000001346, 1, 3529.8090000000001965, 78.905059363963516716, 3528.9270000000001346, 1
3529.8090000000001965, 112.81428430692076859, 3528.9290000000000873, 1, 3529.8090000000001965, 0, 3528.9290000000000873, 1, 3529.8090000000001965, 0, 3528.9290000000000873, 1, 3529.8090000000001965, 82.424939188377834398, 3528.9290000000000873, 1
3529.81899999999996, 113.51965757603163354, 3528.9369999999998981, 1, 3529.81899999999996, 0, 3528.9369999999998981, 1, 3529.81899999999996, 0, 3528.9369999999998981, 1, 3529.81899999999996, 86.651763575848548271, 3528.9369999999998981, 1
3529.8290000000001783, 110.15608773277452315, 3528.9389999999998508, 1, 3529.8290000000001783, 0, 3528.9389999999998508, 1, 3529.8290000000001783, 0, 3528.9389999999998508, 1, 3529.8290000000001783, 91.470173904969385603, 3528.9389999999998508, 1
3529.8380000000001928, 110.91241242404311151, 3528.9450000000001637, 1, 3529.8380000000001928, 0, 3528.9450000000001637, 1, 3529.8380000000001928, 0, 3528.9450000000001637, 1, 3529.8380000000001928, 89.937913975249074383, 3528.9450000000001637, 1
3529.8490000000001601, 108.22154348226574427, 3528.9490000000000691, 1, 3529.8490000000001601, 0, 3528.9490000000000691, 1, 3529.8490000000001601, 0, 3528.9490000000000691, 1, 3529.8490000000001601, 96.656792700382979433, 3528.9490000000000691, 1
3529.8589999999999236, 105.86262132713315509, 3528.9540000000001783, 1, 3529.8589999999999236, 0, 3528.9540000000001783, 1, 3529.8589999999999236, 0, 3528.9540000000001783, 1, 3529.8589999999999236, 102.19597431777782504, 3528.9540000000001783, 1
3529.8690000000001419, 104.66786521104295105, 3528.9589999999998327, 1, 3529.8690000000001419, 0, 3528.9589999999998327, 1, 3529.8690000000001419, 0, 3528.9589999999998327, 1, 3529.8690000000001419, 104.43499893676060708, 3528.9589999999998327, 1
3529.8789999999999054, 103.31159156252176956, 3528.9639999999999418, 1, 3529.8789999999999054, 0, 3528.9639999999999418, 1, 3529.8789999999999054, 0, 3528.9639999999999418, 1, 3529.8789999999999054, 108.63373861440777546, 3528.9639999999999418, 1
3529.8899999999998727, 102.30293658016611857, 3528.9699999999997999, 1, 3529.8899999999998727, 0, 3528.9699999999997999, 1, 3529.8899999999998727, 0, 3528.9699999999997999, 1, 3529.8899999999998727, 108.7626377213608464, 3528.9699999999997999, 1
3529.8989999999998872, 101.54785859419912697, 3528.9749999999999091, 1, 3529.8989999999998872, 0, 3528.9749999999999091, 1, 3529.8989999999998872, 0, 3528.9749999999999091, 1, 3529.8989999999998872, 113.13519982563087751, 3528.9749999999999091, 1
3529.9090000000001055, 100.57797443094705159, 3528.9789999999998145, 1, 3529.9090000000001055, 0, 3528.9789999999998145, 1, 3529.9090000000001055, 0, 3528.9789999999998145, 1, 3529.9090000000001055, 113.27600577281390315, 3528.9789999999998145, 1
3529.918999999999869, 97.86072059222021835, 3528.9839999999999236, 1, 3529.918999999999869, 0, 3528.9839999999999236, 1, 3529.918999999999869, 0, 3528.9839999999999236, 1, 3529.918999999999869, 109.67159323291920714, 3528.9839999999999236, 1
3529.9290000000000873, 97.626955645619730717, 3528.9890000000000327, 1, 3529.9290000000000873, 0, 3528.9890000000000327, 1, 3529.9290000000000873, 0, 3528.9890000000000327, 1, 3529.9290000000000873, 118.55819843680399117, 3528.9890000000000327, 1
3529.9389999999998508, 96.538827693761163573, 3528.9940000000001419, 1, 3529.9389999999998508, 0, 3528.9940000000001419, 1, 3529.9389999999998508, 0, 3528.9940000000001419, 1, 3529.9389999999998508, 120.14711904312471802, 3528.9940000000001419, 1
3529.9490000000000691, 94.544132839282241321, 3528.9980000000000473, 1, 3529.9490000000000691, 0, 3528.9980000000000473, 1, 3529.9490000000000691, 0, 3528.9980000000000473, 1, 3529.9490000000000691, 123.79390714257679917, 3528.9980000000000473, 1
3529.9589999999998327, 93.958605775332060261, 3529.0039999999999054, 1, 3529.9589999999998327, 0, 3529.0039999999999054, 1, 3529.9589999999998327, 0, 3529.0039999999999054, 1, 3529.9589999999998327, 120.48131143804485532, 3529.0039999999999054, 1
3529.9679999999998472, 92.199881926155526912, 3529.0090000000000146, 1, 3529.9679999999998472, 357.83230664151130895, 3529.0090000000000146, 1, 3529.9679999999998472, 0, 3529.0090000000000146, 1, 3529.9679999999998472, 116.66095106832881356, 3529.0090000000000146, 1
3529.9780000000000655, 33.360114268114735125, 3529.01299999999992, 1, 3529.9780000000000655, 289.55500735629857445, 3529.01299999999992, 1, 3529.9780000000000655, 213.51290364646280295, 3529.01299999999992, 1, 3529.9780000000000655, 111.41877819978122943, 3529.01299999999992, 1
3529.987999999999829, 0, 3529.0189999999997781, 1, 3529.987999999999829, 90.045360467427329354, 3529.0189999999997781, 1, 3529.987999999999829, 126.93151148584021826, 3529.0189999999997781, 1, 3529.987999999999829, 47.43241835208233681, 3529.0189999999997781, 1
3530, 0, 3529.0239999999998872, 1, 3530, 25.452509187964729165, 3529.0239999999998872, 1, 3530, 53.542886746773419304, 3529.0239999999998872, 1, 3530, 36.020013337912793361, 3529.0239999999998872, 1
3530.0090000000000146, 0, 3529.0300000000002001, 1, 3530.0090000000000146, 14.202699619240830131, 3529.0300000000002001, 1, 3530.0090000000000146, 27.645026925096267689, 3529.0300000000002001, 1, 3530.0090000000000146, 41.390678965821123825, 3529.0300000000002001, 1
3530.0279999999997926, 0, 3529.0340000000001055, 1, 3530.0279999999997926, 30.336960920304541389, 3529.0340000000001055, 1, 3530.0279999999997926, 23.316401193331991237, 3529.0340000000001055, 1, 3530.0279999999997926, 45.679347613578336507, 3529.0340000000001055, 1
3530.0390000000002146, 48.590488009332709396, 3529.0390000000002146, 1, 3530.0390000000002146, 46.094176031431203455, 3529.0390000000002146, 1, 3530.0390000000002146, 22.421727334699522061, 3529.0390000000002146, 1, 3530.0390000000002146, 51.206646046793643734, 3529.0390000000002146, 1
3530.0489999999999782, 50.896144859329986332, 3529.043999999999869, 1, 3530.0489999999999782, 49.908157459958296442, 3529.043999999999869, 1, 3530.0489999999999782, 24.516375066759536594, 3529.043999999999869, 1, 3530.0489999999999782, 55.802821239483634486, 3529.043999999999869, 1
3530.0489999999999782, 56.726501596445594089, 3529.0489999999999782, 1, 3530.0489999999999782, 53.51186019822826978, 3529.0489999999999782, 1, 3530.0489999999999782, 25.969961720919300774, 3529.0489999999999782, 1, 3530.0489999999999782, 53.071107040922022691, 3529.0489999999999782, 1
3530.0579999999999927, 57.21297384963162358, 3529.0540000000000873, 1, 3530.0579999999999927, 57.493003695602133973, 3529.0540000000000873, 1, 3530.0579999999999927, 28.342964982635713511, 3529.0540000000000873, 1, 3530.0579999999999927, 45.280091801470909729, 3529.0540000000000873, 1
3530.06899999999996, 49.645199837572747015, 3529.0599999999999454, 1, 3530.06899999999996, 53.63987483036422077, 3529.0599999999999454, 1, 3530.06899999999996, 56.003073911986902544, 3529.0599999999999454, 1, 3530.06899999999996, 46.879644119758381748, 3529.0599999999999454, 1
3530.0949999999997999, 0, 3529.0639999999998508, 1, 3530.0949999999997999, 82.300050654252800086, 3529.0639999999998508, 1, 3530.0949999999997999, 74.847586281078960724, 3529.0639999999998508, 1, 3530.0949999999997999, 0, 3529.0639999999998508, 1
3530.0949999999997999, 0, 3529.06899999999996, 1, 3530.0949999999997999, 101.34532149516837762, 3529.06899999999996, 1, 3530.0949999999997999, 72.362856007375228273, 3529.06899999999996, 1, 3530.0949999999997999, 0, 3529.06899999999996, 1
3530.0999999999999091, 0, 3529.0740000000000691, 1, 3530.0999999999999091, 121.69011284409489804, 3529.0740000000000691, 1, 3530.0999999999999091, 74.515953774358465012, 3529.0740000000000691, 1, 3530.0999999999999091, 0, 3529.0740000000000691, 1
3530.1199999999998909, 0, 3529.0790000000001783, 1, 3530.1199999999998909, 127.28276385771165735, 3529.0790000000001783, 1, 3530.1199999999998909, 65.225989467601181104, 3529.0790000000001783, 1, 3530.1199999999998909, 0, 3529.0790000000001783, 1
3530.1199999999998909, 0, 3529.0839999999998327, 1, 3530.1199999999998909, 128.20596957812588812, 3529.0839999999998327, 1, 3530.1199999999998909, 66.774119788293589295, 3529.0839999999998327, 1, 3530.1199999999998909, 0, 3529.0839999999998327, 1
3530.1280000000001564, 0, 3529.0889999999999418, 1, 3530.1280000000001564, 128.36848319157888909, 3529.0889999999999418, 1, 3530.1280000000001564, 66.749829623358380104, 3529.0889999999999418, 1, 3530.1280000000001564, 0, 3529.0889999999999418, 1
3530.1390000000001237, 0, 3529.0949999999997999, 1, 3530.1390000000001237, 128.14580267504089761, 3529.0949999999997999, 1, 3530.1390000000001237, 69.752520048250090667, 3529.0949999999997999, 1, 3530.1390000000001237, 0, 3529.0949999999997999, 1
3530.1489999999998872, 0, 3529.0990000000001601, 1, 3530.1489999999998872, 129.13941288019040599, 3529.0990000000001601, 1, 3530.1489999999998872, 66.667881367726891995, 3529.0990000000001601, 1, 3530.1489999999998872, 0, 3529.0990000000001601, 1
3530.1590000000001055, 0, 3529.1039999999998145, 1, 3530.1590000000001055, 125.22322424023977305, 3529.1039999999998145, 1, 3530.1590000000001055, 74.348927356145168233, 3529.1039999999998145, 1, 3530.1590000000001055, 0, 3529.1039999999998145, 1
3530.168999999999869, 0, 3529.1089999999999236, 1, 3530.168999999999869, 122.49555627973562366, 3529.1089999999999236, 1, 3530.168999999999869, 79.047434872546617157, 3529.1089999999999236, 1, 3530.168999999999869, 0, 3529.1089999999999236, 1
3530.1889999999998508, 0, 3529.1140000000000327, 1, 3530.1889999999998508, 119.57370922717794315, 3529.1140000000000327, 1, 3530.1889999999998508, 82.80214583950457552, 3529.1140000000000327, 1, 3530.1889999999998508, 0, 3529.1140000000000327, 1
3530.1990000000000691, 0, 3529.1199999999998909, 1, 3530.1990000000000691, 116.78250635846876548, 3529.1199999999998909, 1, 3530.1990000000000691, 86.977710526518990264, 3529.1199999999998909, 1, 3530.1990000000000691, 0, 3529.1199999999998909, 1
3530.1990000000000691, 0, 3529.1239999999997963, 1, 3530.1990000000000691, 114.22312252757481588, 3529.1239999999997963, 1, 3530.1990000000000691, 89.868534035964614759, 3529.1239999999997963, 1, 3530.1990000000000691, 0, 3529.1239999999997963, 1
3530.2190000000000509, 0, 3529.1289999999999054, 1, 3530.2190000000000509, 112.07135328545929553, 3529.1289999999999054, 1, 3530.2190000000000509, 92.976723666872118201, 3529.1289999999999054, 1, 3530.2190000000000509, 0, 3529.1289999999999054, 1
3530.2190000000000509, 0, 3529.1340000000000146, 1, 3530.2190000000000509, 109.95509732523117918, 3529.1340000000000146, 1, 3530.2190000000000509, 94.916136608663151719, 3529.1340000000000146, 1, 3530.2190000000000509, 0, 3529.1340000000000146, 1
3530.2289999999998145, 0, 3529.1399999999998727, 1, 3530.2289999999998145, 107.64772054138079227, 3529.1399999999998727, 1, 3530.2289999999998145, 97.475036524344645272, 3529.1399999999998727, 1, 3530.2289999999998145, 0, 3529.1399999999998727, 1
3530.2399999999997817, 0, 3529.1439999999997781, 1, 3530.2399999999997817, 105.38685439302039981, 3529.1439999999997781, 1, 3530.2399999999997817, 100.31180277714159388, 3529.1439999999997781, 1, 3530.2399999999997817, 0, 3529.1439999999997781, 1
3530.2489999999997963, 0, 3529.1489999999998872, 1, 3530.2489999999997963, 103.26437881896747228, 3529.1489999999998872, 1, 3530.2489999999997963, 104.37036799948967314, 3529.1489999999998872, 1, 3530.2489999999997963, 0, 3529.1489999999998872, 1
3530.2590000000000146, 0, 3529.1550000000002001, 1, 3530.2590000000000146, 100.7653347921551017, 3529.1550000000002001, 1, 3530.2590000000000146, 107.83234196277174988, 3529.1550000000002001, 1, 3530.2590000000000146, 0, 3529.1550000000002001, 1
3530.2680000000000291, 0, 3529.1590000000001055, 1, 3530.2680000000000291, 98.69486768657505138, 3529.1590000000001055, 1, 3530.2680000000000291, 109.36526266376313288, 3529.1590000000001055, 1, 3530.2680000000000291, 0, 3529.1590000000001055, 1
3530.2890000000002146, 369.55256909275863109, 3529.1640000000002146, 1, 3530.2890000000002146, 90.099185721393183712, 3529.1640000000002146, 1, 3530.2890000000002146, 105.9312113507701838, 3529.1640000000002146, 1, 3530.2890000000002146, 0, 3529.1640000000002146, 1
3530.2890000000002146, 374.50020909048259909, 3529.168999999999869, 1, 3530.2890000000002146, 22.540859400913873856, 3529.168999999999869, 1, 3530.2890000000002146, 81.295710830220272669, 3529.168999999999869, 1, 3530.2890000000002146, 0, 3529.168999999999869, 1
3530.2989999999999782, 331.27887394947521216, 3529.1739999999999782, 1, 3530.2989999999999782, 0.063653978672119124194, 3529.1739999999999782, 1, 3530.2989999999999782, 74.050714742487343756, 3529.1739999999999782, 1, 3530.2989999999999782, 0, 3529.1739999999999782, 1
3530.3090000000001965, 138.13890092104412588, 3529.1790000000000873, 1, 3530.3090000000001965, 0, 3529.1790000000000873, 1, 3530.3090000000001965, 73.602073527443195644, 3529.1790000000000873, 1, 3530.3090000000001965, 0, 3529.1790000000000873, 1
3530.31899999999996, 5.5428429168172579367, 3529.1840000000001965, 1, 3530.31899999999996, 0, 3529.1840000000001965, 1, 3530.31899999999996, 56.428845878380066381, 3529.1840000000001965, 1, 3530.31899999999996, 0, 3529.1840000000001965, 1
3530.3389999999999418, 0.11163878361924071958, 3529.1889999999998508, 1, 3530.3389999999999418, 0, 3529.1889999999998508, 1, 3530.3389999999999418, 27.489531390141465295, 3529.1889999999998508, 1, 3530.3389999999999418, 57.427178474083774518, 3529.1889999999998508, 1
3530.3389999999999418, 0, 3529.19399999999996, 1, 3530.3389999999999418, 0, 3529.19399999999996, 1, 3530.3389999999999418, 22.897477859578859949, 3529.19399999999996, 1, 3530.3389999999999418, 14.293366947428719271, 3529.19399999999996, 1
3530.3589999999999236, 41.951367350998893357, 3529.1990000000000691, 1, 3530.3589999999999236, 0, 3529.1990000000000691, 0, 3530.3589999999999236, 33.393199602228889944, 3529.1990000000000691, 0, 3530.3589999999999236, 17.782902082977560809, 3529.1990000000000691, 1
3530.3690000000001419, 89.938982417019261106, 3529.206000000000131, 1, 3530.3690000000001419, 0, 3529.206000000000131, 0, 3530.3690000000001419, 40.636275562081678459, 3529.206000000000131, 0, 3530.3690000000001419, 25.6579962503226362, 3529.206000000000131, 1
3530.3789999999999054, 99.766138225256398187, 3529.2089999999998327, 1, 3530.3789999999999054, 86.967292307852176236, 3529.2089999999998327, 0, 3530.3789999999999054, 40.893875999125462783, 3529.2089999999998327, 0, 3530.3789999999999054, 35.489493495811579749, 3529.2089999999998327, 1
3530.3890000000001237, 54.748533734536593442, 3529.2139999999999418, 1, 3530.3890000000001237, 114.93711842173965465, 3529.2139999999999418, 0, 3530.3890000000001237, 151.74810433557283318, 3529.2139999999999418, 0, 3530.3890000000001237, 74.58841387348383023, 3529.2139999999999418, 1
3530.3989999999998872, 36.548698519450638855, 3529.2199999999997999, 1, 3530.3989999999998872, 3.7881182472519383531, 3529.2199999999997999, 0, 3530.3989999999998872, 68.252157436726804463, 3529.2199999999997999, 0, 3530.3989999999998872, 79.870817617856900483, 3529.2199999999997999, 1
3530.4090000000001055, 73.393060846783399143, 3529.2240000000001601, 1, 3530.4090000000001055, 0, 3529.2240000000001601, 0, 3530.4090000000001055, 0, 3529.2240000000001601, 0, 3530.4090000000001055, 73.426018122552775935, 3529.2240000000001601, 1
3530.418999999999869, 92.391260480440706715, 3529.2289999999998145, 1, 3530.418999999999869, 0, 3529.2289999999998145, 0, 3530.418999999999869, 0, 3529.2289999999998145, 0, 3530.418999999999869, 74.923592945628598727, 3529.2289999999998145, 1
3530.4290000000000873, 103.02761217914749636, 3529.2339999999999236, 1, 3530.4290000000000873, 0, 3529.2339999999999236, 0, 3530.4290000000000873, 0, 3529.2339999999999236, 0, 3530.4290000000000873, 81.46849772454308436, 3529.2339999999999236, 1
3530.4380000000001019, 109.4048054718955143, 3529.2390000000000327, 1, 3530.4380000000001019, 0, 3529.2390000000000327, 0, 3530.4380000000001019, 0, 3529.2390000000000327, 0, 3530.4380000000001019, 79.647110217003472599, 3529.2390000000000327, 1
3530.4589999999998327, 110.89795822607533182, 3529.2429999999999382, 1, 3530.4589999999998327, 0, 3529.2429999999999382, 0, 3530.4589999999998327, 0, 3529.2429999999999382, 0, 3530.4589999999998327, 83.18715333000488954, 3529.2429999999999382, 1
3530.4589999999998327, 112.10836099797660381, 3529.2489999999997963, 1, 3530.4589999999998327, 0, 3529.2489999999997963, 0, 3530.4589999999998327, 0, 3529.2489999999997963, 0, 3530.4589999999998327, 84.831579026375351305, 3529.2489999999997963, 1
3530.4690000000000509, 110.51030674583661551, 3529.2539999999999054, 1, 3530.4690000000000509, 0, 3529.2539999999999054, 0, 3530.4690000000000509, 0, 3529.2539999999999054, 0, 3530.4690000000000509, 90.184351398724942328, 3529.2539999999999054, 1
3530.4890000000000327, 109.99028598702042814, 3529.2600000000002183, 1, 3530.4890000000000327, 0, 3529.2600000000002183, 0, 3530.4890000000000327, 0, 3529.2600000000002183, 0, 3530.4890000000000327, 92.581879139002666079, 3529.2600000000002183, 1
3530.4890000000000327, 108.37595888603226513, 3529.2649999999998727, 1, 3530.4890000000000327, 0, 3529.2649999999998727, 0, 3530.4890000000000327, 0, 3529.2649999999998727, 0, 3530.4890000000000327, 99.365148871045647638, 3529.2649999999998727, 1
3530.4989999999997963, 106.72212578790708903, 3529.2689999999997781, 1, 3530.4989999999997963, 0, 3529.2689999999997781, 0, 3530.4989999999997963, 0, 3529.2689999999997781, 0, 3530.4989999999997963, 102.16491281218738152, 3529.2689999999997781, 1
3530.5100000000002183, 104.8162774960173067, 3529.2739999999998872, 1, 3530.5100000000002183, 0, 3529.2739999999998872, 0, 3530.5100000000002183, 0, 3529.2739999999998872, 0, 3530.5100000000002183, 106.19950046045244108, 3529.2739999999998872, 1
3530.5189999999997781, 103.70776430455484274, 3529.2789999999999964, 1, 3530.5189999999997781, 0, 3529.2789999999999964, 0, 3530.5189999999997781, 0, 3529.2789999999999964, 0, 3530.5189999999997781, 110.00042842831655321, 3529.2789999999999964, 1
3530.5289999999999964, 101.35292685220593967, 3529.2840000000001055, 1, 3530.5289999999999964, 0, 3529.2840000000001055, 0, 3530.5289999999999964, 0, 3529.2840000000001055, 0, 3530.5289999999999964, 108.4797764003100724, 3529.2840000000001055, 1
3530.5390000000002146, 100.87253967212024008, 3529.2890000000002146, 1, 3530.5390000000002146, 0, 3529.2890000000002146, 0, 3530.5390000000002146, 0, 3529.2890000000002146, 0, 3530.5390000000002146, 105.00480218917620334, 3529.2890000000002146, 1
3530.5529999999998836, 99.519554595321849888, 3529.2950000000000728, 1, 3530.5529999999998836, 0, 3529.2950000000000728, 0, 3530.5529999999998836, 0, 3529.2950000000000728, 0, 3530.5529999999998836, 108.58695426232557679, 3529.2950000000000728, 1
3530.5590000000001965, 99.068082109940348801, 3529.2989999999999782, 1, 3530.5590000000001965, 0, 3529.2989999999999782, 0, 3530.5590000000001965, 0, 3529.2989999999999782, 0, 3530.5590000000001965, 112.74772378759342928, 3529.2989999999999782, 1
3530.5790000000001783, 98.555448639734152039, 3529.3040000000000873, 1, 3530.5790000000001783, 0, 3529.3040000000000873, 0, 3530.5790000000001783, 0, 3529.3040000000000873, 0, 3530.5790000000001783, 116.77860415873388433, 3529.3040000000000873, 1
3530.5790000000001783, 97.881314094911772372, 3529.3090000000001965, 1, 3530.5790000000001783, 0, 3529.3090000000001965, 0, 3530.5790000000001783, 0, 3529.3090000000001965, 0, 3530.5790000000001783, 119.55983558862209293, 3529.3090000000001965, 1
3530.5889999999999418, 96.149213585951230243, 3529.3139999999998508, 1, 3530.5889999999999418, 0, 3529.3139999999998508, 0, 3530.5889999999999418, 0, 3529.3139999999998508, 0, 3530.5889999999999418, 123.58260833550622237, 3529.3139999999998508, 1
3530.5990000000001601, 94.965164640611519076, 3529.31899999999996, 1, 3530.5990000000001601, 0, 3529.31899999999996, 0, 3530.5990000000001601, 0, 3529.31899999999996, 0, 3530.5990000000001601, 125.04043078902546426, 3529.31899999999996, 1
3530.6080000000001746, 93.974327580995748121, 3529.3240000000000691, 1, 3530.6080000000001746, 0, 3529.3240000000000691, 0, 3530.6080000000001746, 0, 3529.3240000000000691, 0, 3530.6080000000001746, 126.09218707203515919, 3529.3240000000000691, 1
3530.6190000000001419, 94.396519333725208867, 3529.3290000000001783, 1, 3530.6190000000001419, 0, 3529.3290000000001783, 1, 3530.6190000000001419, 0, 3529.3290000000001783, 1, 3530.6190000000001419, 115.58655857272071898, 3529.3290000000001783, 1
3530.6289999999999054, 88.273706361622870986, 3529.3350000000000364, 1, 3530.6289999999999054, 292.45573935783903607, 3529.3350000000000364, 1, 3530.6289999999999054, 277.01649537966557091, 3529.3350000000000364, 1, 3530.6289999999999054, 58.920044934353583699, 3529.3350000000000364, 1
3530.6390000000001237, 15.931419797398330473, 3529.3389999999999418, 1, 3530.6390000000001237, 133.87245607470646291, 3529.3389999999999418, 1, 3530.6390000000001237, 101.76569745333195272, 3529.3389999999999418, 1, 3530.6390000000001237, 11.255100188702058972, 3529.3389999999999418, 1
3530.6599999999998545, 6.0526916927740899155, 3529.3440000000000509, 1, 3530.6599999999998545, 25.942871635937393648, 3529.3440000000000509, 1, 3530.6599999999998545, 56.402310115033031934, 3529.3440000000000509, 1, 3530.6599999999998545, 39.728192252228964776, 3529.3440000000000509, 1
3530.668999999999869, 13.149259273027848138, 3529.3499999999999091, 1, 3530.668999999999869, 19.037290363198742682, 3529.3499999999999091, 1, 3530.668999999999869, 36.72087567390494911, 3529.3499999999999091, 1, 3530.668999999999869, 50.227755004476470901, 3529.3499999999999091, 1
3530.6799999999998363, 26.110065946373321566, 3529.3539999999998145, 1, 3530.6799999999998363, 31.123344094288242445, 3529.3539999999998145, 1, 3530.6799999999998363, 27.863539331968610213, 3529.3539999999998145, 1, 3530.6799999999998363, 53.871281350949473676, 3529.3539999999998145, 1
3530.6889999999998508, 40.22166163867363764, 3529.3600000000001273, 1, 3530.6889999999998508, 42.255155389440105296, 3529.3600000000001273, 1, 3530.6889999999998508, 26.947296498644881524, 3529.3600000000001273, 1, 3530.6889999999998508, 53.553142480694752692, 3529.3600000000001273, 1
3530.6889999999998508, 51.654283738815216509, 3529.3640000000000327, 1, 3530.6889999999998508, 49.765056408134292099, 3529.3640000000000327, 1, 3530.6889999999998508, 26.473135954787000657, 3529.3640000000000327, 1, 3530.6889999999998508, 53.667779169300686704, 3529.3640000000000327, 1
3530.6990000000000691, 55.175579987115682457, 3529.3690000000001419, 1, 3530.6990000000000691, 55.775181475838238043, 3529.3690000000001419, 1, 3530.6990000000000691, 27.076650779005376535, 3529.3690000000001419, 1, 3530.6990000000000691, 49.17816280503724613, 3529.3690000000001419, 1
3530.7080000000000837, 53.952418772318253559, 3529.3739999999997963, 1, 3530.7080000000000837, 61.085586180727254657, 3529.3739999999997963, 1, 3530.7080000000000837, 29.049861526259764588, 3529.3739999999997963, 1, 3530.7080000000000837, 41.265445805607242846, 3529.3739999999997963, 1
3530.7190000000000509, 41.659994182711713506, 3529.3789999999999054, 1, 3530.7190000000000509, 61.769657140463579026, 3529.3789999999999054, 1, 3530.7190000000000509, 59.866290851168933784, 3529.3789999999999054, 1, 3530.7190000000000509, 38.010230471705568789, 3529.3789999999999054, 1
3530.7390000000000327, 0, 3529.3840000000000146, 1, 3530.7390000000000327, 88.591317230290016482, 3529.3840000000000146, 1, 3530.7390000000000327, 73.584078439932142146, 3529.3840000000000146, 1, 3530.7390000000000327, 0, 3529.3840000000000146, 1
3530.7489999999997963, 0, 3529.3890000000001237, 1, 3530.7489999999997963, 109.60532520664766309, 3529.3890000000001237, 1, 3530.7489999999997963, 75.103718160279612448, 3529.3890000000001237, 1, 3530.7489999999997963, 0, 3529.3890000000001237, 1
3530.7590000000000146, 0, 3529.3949999999999818, 1, 3530.7590000000000146, 121.62450294863859312, 3529.3949999999999818, 1, 3530.7590000000000146, 69.940941352632435724, 3529.3949999999999818, 1, 3530.7590000000000146, 0, 3529.3949999999999818, 1
3530.7590000000000146, 0, 3529.3989999999998872, 1, 3530.7590000000000146, 127.77243747407410979, 3529.3989999999998872, 1, 3530.7590000000000146, 66.080667193838976914, 3529.3989999999998872, 1, 3530.7590000000000146, 0, 3529.3989999999998872, 1
3530.7689999999997781, 0, 3529.4039999999999964, 0, 3530.7689999999997781, 131.11978913987798023, 3529.4039999999999964, 1, 3530.7689999999997781, 63.277095228765617208, 3529.4039999999999964, 1, 3530.7689999999997781, 0, 3529.4039999999999964, 0
3530.7890000000002146, 0, 3529.4090000000001055, 0, 3530.7890000000002146, 133.13046545782052021, 3529.4090000000001055, 1, 3530.7890000000002146, 64.210536334871676445, 3529.4090000000001055, 1, 3530.7890000000002146, 0, 3529.4090000000001055, 0
3530.7890000000002146, 0, 3529.4149999999999636, 0, 3530.7890000000002146, 130.8605993132211438, 3529.4149999999999636, 1, 3530.7890000000002146, 64.383088344604772146, 3529.4149999999999636, 1, 3530.7890000000002146, 0, 3529.4149999999999636, 0
3530.8090000000001965, 0, 3529.418999999999869, 0, 3530.8090000000001965, 129.83296779585535319, 3529.418999999999869, 1, 3530.8090000000001965, 67.827646345990103782, 3529.418999999999869, 1, 3530.8090000000001965, 0, 3529.418999999999869, 0
3530.8090000000001965, 0, 3529.4259999999999309, 0, 3530.8090000000001965, 126.84448411823225911, 3529.4259999999999309, 1, 3530.8090000000001965, 72.663705302947732889, 3529.4259999999999309, 1, 3530.8090000000001965, 0, 3529.4259999999999309, 0
3530.81899999999996, 0, 3529.4290000000000873, 0, 3530.81899999999996, 123.42973735767243681, 3529.4290000000000873, 1, 3530.81899999999996, 78.586742197795985021, 3529.4290000000000873, 1, 3530.81899999999996, 0, 3529.4290000000000873, 0
3530.8290000000001783, 0, 3529.4340000000001965, 0, 3530.8290000000001783, 122.24296042679038976, 3529.4340000000001965, 1, 3530.8290000000001783, 80.051837974341623294, 3529.4340000000001965, 1, 3530.8290000000001783, 0, 3529.4340000000001965, 0
3530.8389999999999418, 0, 3529.4389999999998508, 0, 3530.8389999999999418, 120.5070894248053861, 3529.4389999999998508, 1, 3530.8389999999999418, 82.318272893841566429, 3529.4389999999998508, 1, 3530.8389999999999418, 0, 3529.4389999999998508, 0
3530.8499999999999091, 0, 3529.443000000000211, 0, 3530.8499999999999091, 116.18679486972843051, 3529.443000000000211, 1, 3530.8499999999999091, 88.346767362467090834, 3529.443000000000211, 1, 3530.8499999999999091, 0, 3529.443000000000211, 0
3530.8679999999999382, 0, 3529.4490000000000691, 0, 3530.8679999999999382, 114.41876950810679148, 3529.4490000000000691, 1, 3530.8679999999999382, 89.964220160087762679, 3529.4490000000000691, 1, 3530.8679999999999382, 0, 3529.4490000000000691, 0
3530.8789999999999054, 0, 3529.4540000000001783, 0, 3530.8789999999999054, 111.37227510936799035, 3529.4540000000001783, 1, 3530.8789999999999054, 92.09747124301986787, 3529.4540000000001783, 1, 3530.8789999999999054, 0, 3529.4540000000001783, 0
3530.8800000000001091, 0, 3529.4589999999998327, 0, 3530.8800000000001091, 110.23830410232950783, 3529.4589999999998327, 1, 3530.8800000000001091, 94.479259571341856372, 3529.4589999999998327, 1, 3530.8800000000001091, 0, 3529.4589999999998327, 0
3530.8989999999998872, 0, 3529.4639999999999418, 0, 3530.8989999999998872, 108.71239434241785204, 3529.4639999999999418, 1, 3530.8989999999998872, 97.428734128195202402, 3529.4639999999999418, 1, 3530.8989999999998872, 0, 3529.4639999999999418, 0
3530.9090000000001055, 0, 3529.4690000000000509, 0, 3530.9090000000001055, 106.21958141889727756, 3529.4690000000000509, 1, 3530.9090000000001055, 100.36501963104534241, 3529.4690000000000509, 1, 3530.9090000000001055, 0, 3529.4690000000000509, 0
3530.9090000000001055, 0, 3529.4740000000001601, 0, 3530.9090000000001055, 103.7962775906779882, 3529.4740000000001601, 1, 3530.9090000000001055, 103.93668325645839445, 3529.4740000000001601, 1, 3530.9090000000001055, 0, 3529.4740000000001601, 0
3530.918999999999869, 0, 3529.4810000000002219, 0, 3530.918999999999869, 100.5739853762024012, 3529.4810000000002219, 1, 3530.918999999999869, 104.61973687803464372, 3529.4810000000002219, 1, 3530.918999999999869, 0, 3529.4810000000002219, 0
3530.9380000000001019, 365.72664856374996134, 3529.4839999999999236, 0, 3530.9380000000001019, 88.387001811946731777, 3529.4839999999999236, 1, 3530.9380000000001019, 101.46465529918984316, 3529.4839999999999236, 1, 3530.9380000000001019, 0, 3529.4839999999999236, 0
3530.9389999999998508, 372.32133350932042504, 3529.4899999999997817, 0, 3530.9389999999998508, 20.217720380586307272, 3529.4899999999997817, 1, 3530.9389999999998508, 76.838739996558516054, 3529.4899999999997817, 1, 3530.9389999999998508, 0, 3529.4899999999997817, 0
3530.9589999999998327, 339.14400346554918997, 3529.4940000000001419, 0, 3530.9589999999998327, 0.17105611504236539755, 3529.4940000000001419, 1, 3530.9589999999998327, 72.107045650153168026, 3529.4940000000001419, 1, 3530.9589999999998327, 0, 3529.4940000000001419, 0
3530.9589999999998327, 126.77338528915745997, 3529.5, 0, 3530.9589999999998327, 0, 3529.5, 1, 3530.9589999999998327, 69.380095987080125042, 3529.5, 1, 3530.9589999999998327, 0, 3529.5, 0
3530.9690000000000509, 6.7251181077141382048, 3529.5039999999999054, 0, 3530.9690000000000509, 0, 3529.5039999999999054, 1, 3530.9690000000000509, 52.67441877871441136, 3529.5039999999999054, 1, 3530.9690000000000509, 0, 3529.5039999999999054, 0
3530.9789999999998145, 0, 3529.5090000000000146, 0, 3530.9789999999998145, 0, 3529.5090000000000146, 1, 3530.9789999999998145, 22.687756256957818835, 3529.5090000000000146, 1, 3530.9789999999998145, 47.613272224855194281, 3529.5090000000000146, 0
3530.987999999999829, 0, 3529.5140000000001237, 0, 3530.987999999999829, 0, 3529.5140000000001237, 1, 3530.987999999999829, 24.452561398296833062, 3529.5140000000001237, 1, 3530.987999999999829, 18.785822834964331918, 3529.5140000000001237, 0
3530.9989999999997963, 43.961005996442978017, 3529.5230000000001382, 0, 3530.9989999999997963, 0, 3529.5230000000001382, 1, 3530.9989999999997963, 27.858756782929003037, 3529.5230000000001382, 1, 3530.9989999999997963, 21.868544849785848783, 3529.5230000000001382, 0
3531.0090000000000146, 75.733092821114212256, 3529.5270000000000437, 0, 3531.0090000000000146, 0, 3529.5270000000000437, 1, 3531.0090000000000146, 35.995245092379441587, 3529.5270000000000437, 1, 3531.0090000000000146, 28.634726802734853379, 3529.5270000000000437, 0
3531.0189999999997781, 89.314593727849356242, 3529.5300000000002001, 0, 3531.0189999999997781, 0, 3529.5300000000002001, 1, 3531.0189999999997781, 37.41359087960374552, 3529.5300000000002001, 1, 3531.0189999999997781, 34.472342836809048094, 3529.5300000000002001, 0
3531.0279999999997926, 97.627336807721903256, 3529.5329999999999018, 0, 3531.0279999999997926, 77.566101706505307334, 3529.5329999999999018, 1, 3531.0279999999997926, 39.466473598070606954, 3529.5329999999999018, 1, 3531.0279999999997926, 39.488232436205123577, 3529.5329999999999018, 0
3531.0380000000000109, 55.492833373357456139, 3529.5380000000000109, 0, 3531.0380000000000109, 115.24272153946643016, 3529.5380000000000109, 1, 3531.0380000000000109, 138.50687205672855384, 3529.5380000000000109, 1, 3531.0380000000000109, 71.6407614501804062, 3529.5380000000000109, 0
3531.0579999999999927, 33.114023169808035618, 3529.543999999999869, 0, 3531.0579999999999927, 17.184498236623412026, 3529.543999999999869, 1, 3531.0579999999999927, 80.155383996505477739, 3529.543999999999869, 1, 3531.0579999999999927, 84.888285839030572788, 3529.543999999999869, 0
3531.0579999999999927, 68.100133149228369689, 3529.5489999999999782, 0, 3531.0579999999999927, 0, 3529.5489999999999782, 1, 3531.0579999999999927, 0, 3529.5489999999999782, 1, 3531.0579999999999927, 76.970057058763487134, 3529.5489999999999782, 0
3531.06899999999996, 89.210181081993994212, 3529.5529999999998836, 0, 3531.06899999999996, 0, 3529.5529999999998836, 1, 3531.06899999999996, 0, 3529.5529999999998836, 1, 3531.06899999999996, 77.3186391043699075, 3529.5529999999998836, 0
3531.0889999999999418, 100.31548444111817275, 3529.5599999999999454, 0, 3531.0889999999999418, 0, 3529.5599999999999454, 1, 3531.0889999999999418, 0, 3529.5599999999999454, 1, 3531.0889999999999418, 80.932706842168968819, 3529.5599999999999454, 0
3531.0889999999999418, 107.43344466977006846, 3529.5639999999998508, 0, 3531.0889999999999418, 0, 3529.5639999999998508, 1, 3531.0889999999999418, 0, 3529.5639999999998508, 1, 3531.0889999999999418, 82.606621756649673216, 3529.5639999999998508, 0
3531.0990000000001601, 109.9178152885270805, 3529.56899999999996, 0, 3531.0990000000001601, 0, 3529.56899999999996, 1, 3531.0990000000001601, 0, 3529.56899999999996, 1, 3531.0990000000001601, 84.197303691897204203, 3529.56899999999996, 0
3531.1089999999999236, 110.82033736707901994, 3529.5749999999998181, 0, 3531.1089999999999236, 0, 3529.5749999999998181, 1, 3531.1089999999999236, 0, 3529.5749999999998181, 1, 3531.1089999999999236, 89.834647368187475536, 3529.5749999999998181, 0
3531.1289999999999054, 110.28232173644070713, 3529.5779999999999745, 0, 3531.1289999999999054, 0, 3529.5779999999999745, 1, 3531.1289999999999054, 0, 3529.5779999999999745, 1, 3531.1289999999999054, 91.449777142148818143, 3529.5779999999999745, 0
3531.1289999999999054, 108.61151228475134189, 3529.5850000000000364, 0, 3531.1289999999999054, 0, 3529.5850000000000364, 1, 3531.1289999999999054, 0, 3529.5850000000000364, 1, 3531.1289999999999054, 95.715192397522059764, 3529.5850000000000364, 0
3531.1509999999998399, 107.24675402391572732, 3529.5900000000001455, 0, 3531.1509999999998399, 0, 3529.5900000000001455, 1, 3531.1509999999998399, 0, 3529.5900000000001455, 1, 3531.1509999999998399, 99.591662436299358774, 3529.5900000000001455, 0
3531.1509999999998399, 105.73877492872563266, 3529.5949999999997999, 0, 3531.1509999999998399, 0, 3529.5949999999997999, 1, 3531.1509999999998399, 0, 3529.5949999999997999, 1, 3531.1509999999998399, 102.21786757501055831, 3529.5949999999997999, 0
3531.1590000000001055, 102.42892447776951315, 3529.5999999999999091, 0, 3531.1590000000001055, 0, 3529.5999999999999091, 1, 3531.1590000000001055, 0, 3529.5999999999999091, 1, 3531.1590000000001055, 106.15879471204389972, 3529.5999999999999091, 0
3531.1680000000001201, 102.53358518216316497, 3529.6039999999998145, 0, 3531.1680000000001201, 0, 3529.6039999999998145, 1, 3531.1680000000001201, 0, 3529.6039999999998145, 1, 3531.1680000000001201, 104.55718573076075018, 3529.6039999999998145, 0
3531.1799999999998363, 100.91836435608415456, 3529.6089999999999236, 0, 3531.1799999999998363, 0, 3529.6089999999999236, 1, 3531.1799999999998363, 0, 3529.6089999999999236, 1, 3531.1799999999998363, 108.02489623096548144, 3529.6089999999999236, 0
3531.1889999999998508, 99.764706539599174562, 3529.6140000000000327, 0, 3531.1889999999998508, 0, 3529.6140000000000327, 1, 3531.1889999999998508, 0, 3529.6140000000000327, 1, 3531.1889999999998508, 110.19628702657297481, 3529.6140000000000327, 0
3531.1999999999998181, 99.908010429104535888, 3529.6190000000001419, 0, 3531.1999999999998181, 0, 3529.6190000000001419, 1, 3531.1999999999998181, 0, 3529.6190000000001419, 1, 3531.1999999999998181, 112.90695505722148084, 3529.6190000000001419, 0
3531.2080000000000837, 99.031923083058572388, 3529.6239999999997963, 0, 3531.2080000000000837, 0, 3529.6239999999997963, 1, 3531.2080000000000837, 0, 3529.6239999999997963, 1, 3531.2080000000000837, 115.28027169755904424, 3529.6239999999997963, 0
3531.2190000000000509, 98.097681703123384978, 3529.6300000000001091, 0, 3531.2190000000000509, 0, 3529.6300000000001091, 1, 3531.2190000000000509, 0, 3529.6300000000001091, 1, 3531.2190000000000509, 117.84170648275866711, 3529.6300000000001091, 0
3531.2289999999998145, 97.047485328422553152, 3529.6340000000000146, 0, 3531.2289999999998145, 0, 3529.6340000000000146, 1, 3531.2289999999998145, 0, 3529.6340000000000146, 1, 3531.2289999999998145, 120.66252139526346809, 3529.6340000000000146, 0
3531.2390000000000327, 95.286515899830789067, 3529.6390000000001237, 0, 3531.2390000000000327, 0, 3529.6390000000001237, 1, 3531.2390000000000327, 0, 3529.6390000000001237, 1, 3531.2390000000000327, 123.17991489989276488, 3529.6390000000001237, 0
3531.2489999999997963, 94.62560037769847554, 3529.6449999999999818, 0, 3531.2489999999997963, 0, 3529.6449999999999818, 1, 3531.2489999999997963, 0, 3529.6449999999999818, 1, 3531.2489999999997963, 123.30697037093574409, 3529.6449999999999818, 0
3531.2579999999998108, 93.274077121502060095, 3529.6489999999998872, 0, 3531.2579999999998108, 0, 3529.6489999999998872, 1, 3531.2579999999998108, 0, 3529.6489999999998872, 1, 3531.2579999999998108, 125.3666272794159795, 3529.6489999999998872, 0
3531.2699999999999818, 94.488809445858180425, 3529.6539999999999964, 1, 3531.2699999999999818, 0, 3529.6539999999999964, 1, 3531.2699999999999818, 0, 3529.6539999999999964, 1, 3531.2699999999999818, 121.99808339062052198, 3529.6539999999999964, 1
3531.2789999999999964, 79.732366033836683528, 3529.6590000000001055, 1, 3531.2789999999999964, 298.65038524883698301, 3529.6590000000001055, 1, 3531.2789999999999964, 272.88649266414967087, 3529.6590000000001055, 1, 3531.2789999999999964, 68.032310492941689972, 3529.6590000000001055, 1
3531.2880000000000109, 8.7565208712450157691, 3529.6640000000002146, 1, 3531.2880000000000109, 114.78173784801447255, 3529.6640000000002146, 1, 3531.2880000000000109, 103.88021794962109823, 3529.6640000000002146, 1, 3531.2880000000000109, 20.691901119792870389, 3529.6640000000002146, 1
3531.2989999999999782, 2.1580851827232780948, 3529.6680000000001201, 1, 3531.2989999999999782, 33.337395811816286084, 3529.6680000000001201, 1, 3531.2989999999999782, 60.847399582961486431, 3529.6680000000001201, 1, 3531.2989999999999782, 40.147900816765556442, 3529.6680000000001201, 1
3531.3090000000001965, 10.508325174825635884, 3529.6739999999999782, 1, 3531.3090000000001965, 18.712924220583325052, 3529.6739999999999782, 1, 3531.3090000000001965, 31.754848273386897972, 3529.6739999999999782, 1, 3531.3090000000001965, 48.777533798929162856, 3529.6739999999999782, 1
3531.31899999999996, 22.855900751807944005, 3529.6790000000000873, 1, 3531.31899999999996, 31.90658413523523862, 3529.6790000000000873, 1, 3531.31899999999996, 24.948287992676267066, 3529.6790000000000873, 1, 3531.31899999999996, 51.996722376603990767, 3529.6790000000000873, 1
3531.3299999999999272, 39.693701282823894871, 3529.6829999999999927, 1, 3531.3299999999999272, 42.667951123938117064, 3529.6829999999999927, 1, 3531.3299999999999272, 23.952427099079621087, 3529.6829999999999927, 1, 3531.3299999999999272, 53.674557663291508902, 3529.6829999999999927, 1
3531.3369999999999891, 49.708684133831326335, 3529.6889999999998508, 1, 3531.3369999999999891, 50.086729271308257694, 3529.6889999999998508, 1, 3531.3369999999999891, 25.215378916616693061, 3529.6889999999998508, 1, 3531.3369999999999891, 52.839529274926903213, 3529.6889999999998508, 1
3531.3490000000001601, 55.117832874687806566, 3529.69399999999996, 1, 3531.3490000000001601, 54.537763352055478094, 3529.69399999999996, 1, 3531.3490000000001601, 26.514920050165159182, 3529.69399999999996, 1, 3531.3490000000001601, 50.284727621886034399, 3529.69399999999996, 1
3531.3679999999999382, 51.831999078694096283, 3529.6990000000000691, 1, 3531.3679999999999382, 62.08301978425753731, 3529.6990000000000691, 1, 3531.3679999999999382, 29.705480883798013991, 3529.6990000000000691, 1, 3531.3679999999999382, 37.638416353513768797, 3529.6990000000000691, 1
3531.3679999999999382, 31.206017787807063257, 3529.7040000000001783, 1, 3531.3679999999999382, 63.507359740050169705, 3529.7040000000001783, 1, 3531.3679999999999382, 60.387414608138975325, 3529.7040000000001783, 1, 3531.3679999999999382, 24.226386260597941202, 3529.7040000000001783, 1
3531.3780000000001564, 0, 3529.7089999999998327, 1, 3531.3780000000001564, 89.088003818192376571, 3529.7089999999998327, 1, 3531.3780000000001564, 73.338058352851447808, 3529.7089999999998327, 1, 3531.3780000000001564, 0, 3529.7089999999998327, 1
3531.3890000000001237, 0, 3529.7139999999999418, 1, 3531.3890000000001237, 109.24407535945167069, 3529.7139999999999418, 1, 3531.3890000000001237, 73.288217397129216124, 3529.7139999999999418, 1, 3531.3890000000001237, 0, 3529.7139999999999418, 1
3531.3980000000001382, 0, 3529.7190000000000509, 1, 3531.3980000000001382, 121.23238258582998128, 3529.7190000000000509, 1, 3531.3980000000001382, 70.072095612107446527, 3529.7190000000000509, 1, 3531.3980000000001382, 0, 3529.7190000000000509, 1
3531.4079999999999018, 0, 3529.7240000000001601, 1, 3531.4079999999999018, 129.71355395415304201, 3529.7240000000001601, 1, 3531.4079999999999018, 65.703438518925153744, 3529.7240000000001601, 1, 3531.4079999999999018, 0, 3529.7240000000001601, 1
3531.4290000000000873, 0, 3529.7300000000000182, 1, 3531.4290000000000873, 133.33844217296280021, 3529.7300000000000182, 0, 3531.4290000000000873, 64.197984664240991037, 3529.7300000000000182, 0, 3531.4290000000000873, 0, 3529.7300000000000182, 1
3531.4290000000000873, 0, 3529.7359999999998763, 1, 3531.4290000000000873, 132.41935318012514244, 3529.7359999999998763, 0, 3531.4290000000000873, 62.58902777092222891, 3529.7359999999998763, 0, 3531.4290000000000873, 0, 3529.7359999999998763, 1
3531.4389999999998508, 0, 3529.7390000000000327, 1, 3531.4389999999998508, 130.83010785322960601, 3529.7390000000000327, 0, 3531.4389999999998508, 66.30496459497885553, 3529.7390000000000327, 0, 3531.4389999999998508, 0, 3529.7390000000000327, 1
3531.4479999999998654, 0, 3529.7440000000001419, 1, 3531.4479999999998654, 130.15639553680955487, 3529.7440000000001419, 0, 3531.4479999999998654, 67.382643900616002952, 3529.7440000000001419, 0, 3531.4479999999998654, 0, 3529.7440000000001419, 1
3531.4690000000000509, 0, 3529.7519999999999527, 1, 3531.4690000000000509, 127.68906925425625332, 3529.7519999999999527, 0, 3531.4690000000000509, 73.709630885911252562, 3529.7519999999999527, 0, 3531.4690000000000509, 0, 3529.7519999999999527, 1
3531.4810000000002219, 0, 3529.7539999999999054, 1, 3531.4810000000002219, 124.33826827917144442, 3529.7539999999999054, 0, 3531.4810000000002219, 75.186777265465991604, 3529.7539999999999054, 0, 3531.4810000000002219, 0, 3529.7539999999999054, 1
3531.4890000000000327, 0, 3529.7590000000000146, 1, 3531.4890000000000327, 120.94772526230468657, 3529.7590000000000146, 0, 3531.4890000000000327, 80.416583804106636535, 3529.7590000000000146, 0, 3531.4890000000000327, 0, 3529.7590000000000146, 1
3531.4890000000000327, 0, 3529.7640000000001237, 1, 3531.4890000000000327, 118.18824571871220996, 3529.7640000000001237, 0, 3531.4890000000000327, 85.055028614480164606, 3529.7640000000001237, 0, 3531.4890000000000327, 0, 3529.7640000000001237, 1
3531.4989999999997963, 0, 3529.7689999999997781, 1, 3531.4989999999997963, 116.01285895430024198, 3529.7689999999997781, 0, 3531.4989999999997963, 87.545608212527127989, 3529.7689999999997781, 0, 3531.4989999999997963, 0, 3529.7689999999997781, 1
3531.5109999999999673, 0, 3529.7750000000000909, 1, 3531.5109999999999673, 113.81830200159741651, 3529.7750000000000909, 0, 3531.5109999999999673, 89.637854697901900636, 3529.7750000000000909, 0, 3531.5109999999999673, 0, 3529.7750000000000909, 1
3531.5300000000002001, 0, 3529.7789999999999964, 1, 3531.5300000000002001, 111.24030999140552467, 3529.7789999999999964, 0, 3531.5300000000002001, 92.790351474005220211, 3529.7789999999999964, 0, 3531.5300000000002001, 0, 3529.7789999999999964, 1
3531.5300000000002001, 0, 3529.7840000000001055, 1, 3531.5300000000002001, 108.70531334837951931, 3529.7840000000001055, 0, 3531.5300000000002001, 95.832173577132195419, 3529.7840000000001055, 0, 3531.5300000000002001, 0, 3529.7840000000001055, 1
3531.5380000000000109, 0, 3529.7890000000002146, 1, 3531.5380000000000109, 106.71489853126101366, 3529.7890000000002146, 0, 3531.5380000000000109, 95.278921831660255748, 3529.7890000000002146, 0, 3531.5380000000000109, 0, 3529.7890000000002146, 1
3531.5479999999997744, 0, 3529.793999999999869, 1, 3531.5479999999997744, 104.35373525982964793, 3529.793999999999869, 0, 3531.5479999999997744, 99.365706167742047228, 3529.793999999999869, 0, 3531.5479999999997744, 0, 3529.793999999999869, 1
3531.5579999999999927, 0, 3529.7989999999999782, 1, 3531.5579999999999927, 101.99377864336308619, 3529.7989999999999782, 0, 3531.5579999999999927, 102.30225641731271935, 3529.7989999999999782, 0, 3531.5579999999999927, 0, 3529.7989999999999782, 1
3531.568000000000211, 0, 3529.8040000000000873, 1, 3531.568000000000211, 98.937666361178770558, 3529.8040000000000873, 0, 3531.568000000000211, 109.63818682268896509, 3529.8040000000000873, 0, 3531.568000000000211, 0, 3529.8040000000000873, 1
3531.5889999999999418, 372.24873833908338838, 3529.8099999999999454, 1, 3531.5889999999999418, 75.405084768491036584, 3529.8099999999999454, 0, 3531.5889999999999418, 98.073624669734385861, 3529.8099999999999454, 0, 3531.5889999999999418, 0, 3529.8099999999999454, 1
3531.5889999999999418, 372.62886745158346002, 3529.8139999999998508, 1, 3531.5889999999999418, 13.028260769184857537, 3529.8139999999998508, 0, 3531.5889999999999418, 74.402224009260010007, 3529.8139999999998508, 0, 3531.5889999999999418, 0, 3529.8139999999998508, 1
3531.5979999999999563, 325.26771806074350479, 3529.81899999999996, 1, 3531.5979999999999563, 0, 3529.81899999999996, 0, 3531.5979999999999563, 70.283174601926901914, 3529.81899999999996, 0, 3531.5979999999999563, 0, 3529.81899999999996, 1
3531.6080000000001746, 118.4747240125358303, 3529.8260000000000218, 1, 3531.6080000000001746, 0, 3529.8260000000000218, 0, 3531.6080000000001746, 66.531557626120786608, 3529.8260000000000218, 0, 3531.6080000000001746, 0, 3529.8260000000000218, 1
3531.6190000000001419, 6.8991713562935217396, 3529.8299999999999272, 1, 3531.6190000000001419, 0, 3529.8299999999999272, 0, 3531.6190000000001419, 51.856276155367559966, 3529.8299999999999272, 0, 3531.6190000000001419, 0, 3529.8299999999999272, 1
3531.6280000000001564, 0, 3529.8339999999998327, 1, 3531.6280000000001564, 0, 3529.8339999999998327, 0, 3531.6280000000001564, 27.438869865321052544, 3529.8339999999998327, 0, 3531.6280000000001564, 0, 3529.8339999999998327, 1
3531.63799999999992, 0, 3529.8389999999999418, 1, 3531.63799999999992, 0, 3529.8389999999999418, 0, 3531.63799999999992, 21.592448281202077709, 3529.8389999999999418, 0, 3531.63799999999992, 34.88220389289705281, 3529.8389999999999418, 1
3531.6480000000001382, 0, 3529.8440000000000509, 1, 3531.6480000000001382, 0, 3529.8440000000000509, 0, 3531.6480000000001382, 27.420783149498564768, 3529.8440000000000509, 0, 3531.6480000000001382, 19.745133985310605595, 3529.8440000000000509, 1
3531.6579999999999018, 77.899965633146649679, 3529.8490000000001601, 1, 3531.6579999999999018, 0, 3529.8490000000001601, 0, 3531.6579999999999018, 32.75500465682303286, 3529.8490000000001601, 0, 3531.6579999999999018, 28.314756032748938708, 3529.8490000000001601, 1
3531.668999999999869, 94.885461984044098926, 3529.8560000000002219, 1, 3531.668999999999869, 0, 3529.8560000000002219, 0, 3531.668999999999869, 38.139947038936519164, 3529.8560000000002219, 0, 3531.668999999999869, 34.787237481291221286, 3529.8560000000002219, 1
3531.6779999999998836, 102.91208847547976291, 3529.8589999999999236, 1, 3531.6779999999998836, 0, 3529.8589999999999236, 0, 3531.6779999999998836, 39.028799357748823695, 3529.8589999999999236, 0, 3531.6779999999998836, 40.733330717314849778, 3529.8589999999999236, 1
3531.6880000000001019, 67.655041373225500934, 3529.8640000000000327, 1, 3531.6880000000001019, 143.59515011618631775, 3529.8640000000000327, 0, 3531.6880000000001019, 142.45004760868613403, 3529.8640000000000327, 0, 3531.6880000000001019, 77.669008284121900942, 3529.8640000000000327, 1
3531.6979999999998654, 35.155894294285694457, 3529.8699999999998909, 1, 3531.6979999999998654, 31.391678755592977268, 3529.8699999999998909, 0, 3531.6979999999998654, 87.291580138349900153, 3529.8699999999998909, 0, 3531.6979999999998654, 89.01919289414659886, 3529.8699999999998909, 1
3531.7089999999998327, 69.508386777604826534, 3529.875, 1, 3531.7089999999998327, 0, 3529.875, 0, 3531.7089999999998327, 0, 3529.875, 0, 3531.7089999999998327, 77.983937848413077631, 3529.875, 1
3531.7190000000000509, 90.210897349227778363, 3529.8789999999999054, 1, 3531.7190000000000509, 0, 3529.8789999999999054, 0, 3531.7190000000000509, 0, 3529.8789999999999054, 0, 3531.7190000000000509, 77.231042464197429354, 3529.8789999999999054, 1
3531.7289999999998145, 101.58880556172508136, 3529.8840000000000146, 1, 3531.7289999999998145, 0, 3529.8840000000000146, 0, 3531.7289999999998145, 0, 3529.8840000000000146, 0, 3531.7289999999998145, 80.112552949860770468, 3529.8840000000000146, 1
3531.7390000000000327, 107.70826509361251055, 3529.8899999999998727, 1, 3531.7390000000000327, 0, 3529.8899999999998727, 0, 3531.7390000000000327, 0, 3529.8899999999998727, 0, 3531.7390000000000327, 82.048048045201554146, 3529.8899999999998727, 1
3531.75, 109.97875313124271202, 3529.8939999999997781, 1, 3531.75, 0, 3529.8939999999997781, 0, 3531.75, 0, 3529.8939999999997781, 0, 3531.75, 83.892165017548904871, 3529.8939999999997781, 1
3531.7590000000000146, 110.5148882421616463, 3529.8989999999998872, 1, 3531.7590000000000146, 0, 3529.8989999999998872, 0, 3531.7590000000000146, 0, 3529.8989999999998872, 0, 3531.7590000000000146, 90.195677520157289564, 3529.8989999999998872, 1
3531.7689999999997781, 110.06492457084894454, 3529.9050000000002001, 1, 3531.7689999999997781, 0, 3529.9050000000002001, 0, 3531.7689999999997781, 0, 3529.9050000000002001, 0, 3531.7689999999997781, 90.874616019000001188, 3529.9050000000002001, 1
3531.7789999999999964, 108.80883182930048747, 3529.9090000000001055, 1, 3531.7789999999999964, 0, 3529.9090000000001055, 0, 3531.7789999999999964, 0, 3529.9090000000001055, 0, 3531.7789999999999964, 95.303493766294806733, 3529.9090000000001055, 1
3531.7890000000002146, 106.90197484676451722, 3529.9140000000002146, 1, 3531.7890000000002146, 0, 3529.9140000000002146, 0, 3531.7890000000002146, 0, 3529.9140000000002146, 0, 3531.7890000000002146, 100.56665361008784032, 3529.9140000000002146, 1
3531.7989999999999782, 105.79989513016282388, 3529.9200000000000728, 1, 3531.7989999999999782, 0, 3529.9200000000000728, 0, 3531.7989999999999782, 0, 3529.9200000000000728, 0, 3531.7989999999999782, 103.52144342833682344, 3529.9200000000000728, 1
3531.8090000000001965, 103.69684718604983686, 3529.9239999999999782, 1, 3531.8090000000001965, 0, 3529.9239999999999782, 0, 3531.8090000000001965, 0, 3529.9239999999999782, 0, 3531.8090000000001965, 107.236131030840113, 3529.9239999999999782, 1
3531.81899999999996, 102.23728913361064485, 3529.9290000000000873, 1, 3531.81899999999996, 0, 3529.9290000000000873, 0, 3531.81899999999996, 0, 3529.9290000000000873, 0, 3531.81899999999996, 110.59102126308280845, 3529.9290000000000873, 1
3531.8290000000001783, 101.22584632369947144, 3529.9340000000001965, 1, 3531.8290000000001783, 0, 3529.9340000000001965, 0, 3531.8290000000001783, 0, 3529.9340000000001965, 0, 3531.8290000000001783, 112.3863437949816273, 3529.9340000000001965, 1
3531.8380000000001928, 100.42282219886600103, 3529.9400000000000546, 1, 3531.8380000000001928, 0, 3529.9400000000000546, 0, 3531.8380000000001928, 0, 3529.9400000000000546, 0, 3531.8380000000001928, 115.23907667453013914, 3529.9400000000000546, 1
3531.8490000000001601, 99.914727255043942478, 3529.94399999999996, 1, 3531.8490000000001601, 0, 3529.94399999999996, 0, 3531.8490000000001601, 0, 3529.94399999999996, 0, 3531.8490000000001601, 111.30337378723348252, 3529.94399999999996, 1
3531.8600000000001273, 98.642255873376967656, 3529.9490000000000691, 1, 3531.8600000000001273, 0, 3529.9490000000000691, 0, 3531.8600000000001273, 0, 3529.9490000000000691, 0, 3531.8600000000001273, 116.01051590993810692, 3529.9490000000000691, 1
3531.8699999999998909, 97.701587026559394644, 3529.9529999999999745, 1, 3531.8699999999998909, 0, 3529.9529999999999745, 0, 3531.8699999999998909, 0, 3529.9529999999999745, 0, 3531.8699999999998909, 118.73966275686181859, 3529.9529999999999745, 1
3531.8890000000001237, 96.182308729736320174, 3529.9589999999998327, 1, 3531.8890000000001237, 0, 3529.9589999999998327, 0, 3531.8890000000001237, 0, 3529.9589999999998327, 0, 3531.8890000000001237, 120.9435455597563589, 3529.9589999999998327, 1
3531.8890000000001237, 95.156402111960773027, 3529.9639999999999418, 1, 3531.8890000000001237, 0, 3529.9639999999999418, 0, 3531.8890000000001237, 0, 3529.9639999999999418, 0, 3531.8890000000001237, 123.46448768851610112, 3529.9639999999999418, 1
3531.8980000000001382, 94.112823177275231501, 3529.9690000000000509, 1, 3531.8980000000001382, 0, 3529.9690000000000509, 0, 3531.8980000000001382, 0, 3529.9690000000000509, 0, 3531.8980000000001382, 124.88849241470246909, 3529.9690000000000509, 1
3531.9090000000001055, 93.505614741137222268, 3529.9749999999999091, 1, 3531.9090000000001055, 0, 3529.9749999999999091, 1, 3531.9090000000001055, 0, 3529.9749999999999091, 1, 3531.9090000000001055, 124.49566355503571913, 3529.9749999999999091, 1
3531.918999999999869, 94.194400012027728053, 3529.9789999999998145, 1, 3531.918999999999869, 0, 3529.9789999999998145, 1, 3531.918999999999869, 0, 3529.9789999999998145, 1, 3531.918999999999869, 122.95392799792175254, 3529.9789999999998145, 1
3531.9380000000001019, 84.452624957815004336, 3529.9839999999999236, 1, 3531.9380000000001019, 288.16274246128432424, 3529.9839999999999236, 1, 3531.9380000000001019, 274.44354135612195478, 3529.9839999999999236, 1, 3531.9380000000001019, 56.379196041670809336, 3529.9839999999999236, 1
3531.9380000000001019, 10.130906448637393424, 3529.9890000000000327, 1, 3531.9380000000001019, 134.112048951376579, 3529.9890000000000327, 1, 3531.9380000000001019, 105.8171936039065173, 3529.9890000000000327, 1, 3531.9380000000001019, 11.215281437504284412, 3529.9890000000000327, 1
3531.9490000000000691, 2.6555745907445635901, 3529.9940000000001419, 1, 3531.9490000000000691, 26.185462457032329553, 3529.9940000000001419, 1, 3531.9490000000000691, 55.622815169986338901, 3529.9940000000001419, 1, 3531.9490000000000691, 36.384092187585210354, 3529.9940000000001419, 1
3531.9589999999998327, 10.80996821415130249, 3530, 1, 3531.9589999999998327, 14.774118838851592272, 3530, 1, 3531.9589999999998327, 30.908482601677945922, 3530, 1, 3531.9589999999998327, 49.095396010858110003, 3530, 1
3531.9690000000000509, 24.379985218767600941, 3530.0039999999999054, 1, 3531.9690000000000509, 30.373664515125000207, 3530.0039999999999054, 1, 3531.9690000000000509, 24.000834274932717705, 3530.0039999999999054, 1, 3531.9690000000000509, 51.713111359197114325, 3530.0039999999999054, 1
3531.9789999999998145, 39.065252107001128934, 3530.0090000000000146, 1, 3531.9789999999998145, 42.84124007765212383, 3530.0090000000000146, 1, 3531.9789999999998145, 25.179694694397738886, 3530.0090000000000146, 1, 3531.9789999999998145, 52.630383062689411133, 3530.0090000000000146, 1
3531.9989999999997963, 49.739999025941713739, 3530.0160000000000764, 1, 3531.9989999999997963, 50.716828455732695602, 3530.0160000000000764, 1, 3531.9989999999997963, 25.811401030419666824, 3530.0160000000000764, 1, 3531.9989999999997963, 51.566927077660594136, 3530.0160000000000764, 1
3531.9989999999997963, 55.007548432122476356, 3530.0189999999997781, 1, 3531.9989999999997963, 55.942855850234565196, 3530.0189999999997781, 1, 3531.9989999999997963, 27.141145964233210464, 3530.0189999999997781, 1, 3531.9989999999997963, 48.567936675623087694, 3530.0189999999997781, 1
3532.0090000000000146, 44.484017748614718357, 3530.0239999999998872, 1, 3532.0090000000000146, 62.476566182164177121, 3530.0239999999998872, 1, 3532.0090000000000146, 27.072893319868647666, 3530.0239999999998872, 1, 3532.0090000000000146, 28.098298641160837974, 3530.0239999999998872, 1
3532.0189999999997781, 42.921770807143737159, 3530.0309999999999491, 1, 3532.0189999999997781, 66.837111544017474785, 3530.0309999999999491, 1, 3532.0189999999997781, 58.536422916754276002, 3530.0309999999999491, 1, 3532.0189999999997781, 46.851514462204079337, 3530.0309999999999491, 1
3532.0289999999999964, 0, 3530.0340000000001055, 1, 3532.0289999999999964, 89.261835076664581834, 3530.0340000000001055, 1, 3532.0289999999999964, 74.075588791210961404, 3530.0340000000001055, 1, 3532.0289999999999964, 0, 3530.0340000000001055, 1
3532.0390000000002146, 0, 3530.0390000000002146, 1, 3532.0390000000002146, 108.92584599049642691, 3530.0390000000002146, 1, 3532.0390000000002146, 74.641173820529417071, 3530.0390000000002146, 1, 3532.0390000000002146, 0, 3530.0390000000002146, 1
3532.0489999999999782, 0, 3530.0450000000000728, 1, 3532.0489999999999782, 121.90173907648909335, 3530.0450000000000728, 1, 3532.0489999999999782, 71.545532308316495573, 3530.0450000000000728, 1, 3532.0489999999999782, 0, 3530.0450000000000728, 1
3532.068000000000211, 0, 3530.0500000000001819, 1, 3532.068000000000211, 129.88346635953030273, 3530.0500000000001819, 1, 3532.068000000000211, 66.962323314156805054, 3530.0500000000001819, 1, 3532.068000000000211, 0, 3530.0500000000001819, 1
3532.068000000000211, 0, 3530.0549999999998363, 0, 3532.068000000000211, 131.93759506448475349, 3530.0549999999998363, 1, 3532.068000000000211, 65.335706394695705512, 3530.0549999999998363, 1, 3532.068000000000211, 0, 3530.0549999999998363, 0
3532.0790000000001783, 0, 3530.0610000000001492, 0, 3532.0790000000001783, 132.6137440279699149, 3530.0610000000001492, 1, 3532.0790000000001783, 63.827763025183472223, 3530.0610000000001492, 1, 3532.0790000000001783, 0, 3530.0610000000001492, 0
3532.0990000000001601, 0, 3530.0639999999998508, 0, 3532.0990000000001601, 130.75061441803003959, 3530.0639999999998508, 1, 3532.0990000000001601, 68.635409505830750732, 3530.0639999999998508, 1, 3532.0990000000001601, 0, 3530.0639999999998508, 0
3532.0990000000001601, 0, 3530.06899999999996, 0, 3532.0990000000001601, 129.58855982500787718, 3530.06899999999996, 1, 3532.0990000000001601, 67.744630500596883849, 3530.06899999999996, 1, 3532.0990000000001601, 0, 3530.06899999999996, 0
3532.1089999999999236, 0, 3530.0740000000000691, 0, 3532.1089999999999236, 126.93941047869037675, 3530.0740000000000691, 1, 3532.1089999999999236, 73.941674177915601263, 3530.0740000000000691, 1, 3532.1089999999999236, 0, 3530.0740000000000691, 0
3532.1190000000001419, 0, 3530.0799999999999272, 0, 3532.1190000000001419, 123.47584045573636047, 3530.0799999999999272, 1, 3532.1190000000001419, 77.08459522654274565, 3530.0799999999999272, 1, 3532.1190000000001419, 0, 3530.0799999999999272, 0
3532.1289999999999054, 0, 3530.0929999999998472, 0, 3532.1289999999999054, 120.85909475138251423, 3530.0929999999998472, 1, 3532.1289999999999054, 82.398583376276107515, 3530.0929999999998472, 1, 3532.1289999999999054, 0, 3530.0929999999998472, 0
3532.1390000000001237, 0, 3530.0949999999997999, 0, 3532.1390000000001237, 117.92920715833355416, 3530.0949999999997999, 1, 3532.1390000000001237, 86.525245159896783775, 3530.0949999999997999, 1, 3532.1390000000001237, 0, 3530.0949999999997999, 0
3532.1590000000001055, 0, 3530.0949999999997999, 0, 3532.1590000000001055, 115.77318846666122454, 3530.0949999999997999, 1, 3532.1590000000001055, 88.187669996659451499, 3530.0949999999997999, 1, 3532.1590000000001055, 0, 3530.0949999999997999, 0
3532.1590000000001055, 0, 3530.0999999999999091, 0, 3532.1590000000001055, 113.22102002046037228, 3530.0999999999999091, 1, 3532.1590000000001055, 91.997159633100196174, 3530.0999999999999091, 1, 3532.1590000000001055, 0, 3530.0999999999999091, 0
3532.168999999999869, 0, 3530.1039999999998145, 0, 3532.168999999999869, 111.06508742551969249, 3530.1039999999998145, 1, 3532.168999999999869, 93.664326356424027153, 3530.1039999999998145, 1, 3532.168999999999869, 0, 3530.1039999999998145, 0
3532.1790000000000873, 0, 3530.1089999999999236, 0, 3532.1790000000000873, 108.86952435121449412, 3530.1089999999999236, 1, 3532.1790000000000873, 96.331980781910417022, 3530.1089999999999236, 1, 3532.1790000000000873, 0, 3530.1089999999999236, 0
3532.1999999999998181, 0, 3530.1149999999997817, 0, 3532.1999999999998181, 106.77616104352620141, 3530.1149999999997817, 1, 3532.1999999999998181, 98.477694683782004859, 3530.1149999999997817, 1, 3532.1999999999998181, 0, 3530.1149999999997817, 0
3532.2089999999998327, 0, 3530.1199999999998909, 0, 3532.2089999999998327, 104.55927116121429776, 3530.1199999999998909, 1, 3532.2089999999998327, 102.23824342564809342, 3530.1199999999998909, 1, 3532.2089999999998327, 0, 3530.1199999999998909, 0
3532.2190000000000509, 0, 3530.1239999999997963, 0, 3532.2190000000000509, 102.2047776753580024, 3530.1239999999997963, 1, 3532.2190000000000509, 105.77684018358917228, 3530.1239999999997963, 1, 3532.2190000000000509, 0, 3530.1239999999997963, 0
3532.2280000000000655, 0, 3530.1289999999999054, 0, 3532.2280000000000655, 99.046654603699622044, 3530.1289999999999054, 1, 3532.2280000000000655, 104.97256679723943762, 3530.1289999999999054, 1, 3532.2280000000000655, 0, 3530.1289999999999054, 0
3532.2280000000000655, 378.57878443136200985, 3530.1340000000000146, 0, 3532.2280000000000655, 87.430864142659174831, 3530.1340000000000146, 1, 3532.2280000000000655, 99.093747937551057703, 3530.1340000000000146, 1, 3532.2280000000000655, 0, 3530.1340000000000146, 0
3532.237999999999829, 384.09172813331684893, 3530.1399999999998727, 0, 3532.237999999999829, 20.185292198718023826, 3530.1399999999998727, 1, 3532.237999999999829, 77.686294394905132776, 3530.1399999999998727, 1, 3532.237999999999829, 0, 3530.1399999999998727, 0
3532.2510000000002037, 338.53879294505691178, 3530.1439999999997781, 0, 3532.2510000000002037, 0.044935569908460877564, 3530.1439999999997781, 1, 3532.2510000000002037, 71.776161442057201612, 3530.1439999999997781, 1, 3532.2510000000002037, 0, 3530.1439999999997781, 0
3532.2689999999997781, 154.17298324333546589, 3530.1500000000000909, 0, 3532.2689999999997781, 0, 3530.1500000000000909, 1, 3532.2689999999997781, 73.903446855242279412, 3530.1500000000000909, 1, 3532.2689999999997781, 0, 3530.1500000000000909, 0
3532.2789999999999964, 5.6806231596198433209, 3530.1550000000002001, 0, 3532.2789999999999964, 0, 3530.1550000000002001, 1, 3532.2789999999999964, 47.984734482246771847, 3530.1550000000002001, 1, 3532.2789999999999964, 0, 3530.1550000000002001, 0
3532.2880000000000109, 0, 3530.1599999999998545, 0, 3532.2880000000000109, 0, 3530.1599999999998545, 1, 3532.2880000000000109, 24.967343210285918076, 3530.1599999999998545, 1, 3532.2880000000000109, 43.555624080407113752, 3530.1599999999998545, 0
3532.2890000000002146, 0, 3530.1640000000002146, 0, 3532.2890000000002146, 0, 3530.1640000000002146, 1, 3532.2890000000002146, 24.00519186886065981, 3530.1640000000002146, 1, 3532.2890000000002146, 15.234574158373042962, 3530.1640000000002146, 0
3532.2989999999999782, 0, 3530.168999999999869, 0, 3532.2989999999999782, 0, 3530.168999999999869, 1, 3532.2989999999999782, 26.075844715090550352, 3530.168999999999869, 1, 3532.2989999999999782, 19.451627049099347033, 3530.168999999999869, 0
3532.31899999999996, 69.908278061621430766, 3530.1739999999999782, 0, 3532.31899999999996, 0, 3530.1739999999999782, 1, 3532.31899999999996, 28.150155628332321101, 3530.1739999999999782, 1, 3532.31899999999996, 30.448550387420088015, 3530.1739999999999782, 0
3532.3290000000001783, 101.48987495861632624, 3530.1790000000000873, 0, 3532.3290000000001783, 0, 3530.1790000000000873, 1, 3532.3290000000001783, 35.523744912234199944, 3530.1790000000000873, 1, 3532.3290000000001783, 40.357523687361720022, 3530.1790000000000873, 0
3532.3290000000001783, 104.8923687705915313, 3530.1840000000001965, 0, 3532.3290000000001783, 93.845911707833025162, 3530.1840000000001965, 1, 3532.3290000000001783, 38.132630628217242474, 3530.1840000000001965, 1, 3532.3290000000001783, 43.237211971862109294, 3530.1840000000001965, 0
3532.3389999999999418, 58.603633028557609919, 3530.1889999999998508, 0, 3532.3389999999999418, 118.56322505554557267, 3530.1889999999998508, 1, 3532.3389999999999418, 142.63893007748555419, 3530.1889999999998508, 1, 3532.3389999999999418, 72.49504922987637201, 3530.1889999999998508, 0
3532.3499999999999091, 35.496809459841635714, 3530.19399999999996, 0, 3532.3499999999999091, 16.823470119782417243, 3530.19399999999996, 1, 3532.3499999999999091, 38.694621875623830931, 3530.19399999999996, 1, 3532.3499999999999091, 88.597692779485555548, 3530.19399999999996, 0
3532.3589999999999236, 70.967123238485527281, 3530.1990000000000691, 0, 3532.3589999999999236, 0, 3530.1990000000000691, 1, 3532.3589999999999236, 0, 3530.1990000000000691, 1, 3532.3589999999999236, 78.022997673005221486, 3530.1990000000000691, 0
3532.3690000000001419, 89.922133859570095638, 3530.2040000000001783, 0, 3532.3690000000001419, 0, 3530.2040000000001783, 1, 3532.3690000000001419, 0, 3530.2040000000001783, 1, 3532.3690000000001419, 78.760633314848348618, 3530.2040000000001783, 0
3532.3789999999999054, 102.60656397661287542, 3530.2089999999998327, 0, 3532.3789999999999054, 0, 3530.2089999999998327, 1, 3532.3789999999999054, 0, 3530.2089999999998327, 1, 3532.3789999999999054, 79.688125882108494125, 3530.2089999999998327, 0
3532.3989999999998872, 107.85426951645199267, 3530.2139999999999418, 0, 3532.3989999999998872, 0, 3530.2139999999999418, 1, 3532.3989999999998872, 0, 3530.2139999999999418, 1, 3532.3989999999998872, 81.41054068862541726, 3530.2139999999999418, 0
3532.3989999999998872, 109.9192371849154739, 3530.2190000000000509, 0, 3532.3989999999998872, 0, 3530.2190000000000509, 1, 3532.3989999999998872, 0, 3530.2190000000000509, 1, 3532.3989999999998872, 84.285604135118362024, 3530.2190000000000509, 0
3532.4090000000001055, 110.84887600065890467, 3530.2240000000001601, 0, 3532.4090000000001055, 0, 3530.2240000000001601, 1, 3532.4090000000001055, 0, 3530.2240000000001601, 1, 3532.4090000000001055, 86.569692028199582978, 3530.2240000000001601, 0
3532.418999999999869, 110.31958987935632877, 3530.2289999999998145, 0, 3532.418999999999869, 0, 3530.2289999999998145, 1, 3532.418999999999869, 0, 3530.2289999999998145, 1, 3532.418999999999869, 90.922856737466432264, 3530.2289999999998145, 0
3532.4389999999998508, 108.26463990392736036, 3530.2339999999999236, 0, 3532.4389999999998508, 0, 3530.2339999999999236, 1, 3532.4389999999998508, 0, 3530.2339999999999236, 1, 3532.4389999999998508, 95.775825491409818824, 3530.2339999999999236, 0
3532.4400000000000546, 108.55962796914309365, 3530.2399999999997817, 0, 3532.4400000000000546, 0, 3530.2399999999997817, 1, 3532.4400000000000546, 0, 3530.2399999999997817, 1, 3532.4400000000000546, 97.56423927910238092, 3530.2399999999997817, 0
3532.4490000000000691, 104.8802521713499516, 3530.2449999999998909, 0, 3532.4490000000000691, 0, 3530.2449999999998909, 1, 3532.4490000000000691, 0, 3530.2449999999998909, 1, 3532.4490000000000691, 105.40694761179639727, 3530.2449999999998909, 0
3532.4580000000000837, 103.17988599333001787, 3530.2489999999997963, 0, 3532.4580000000000837, 0, 3530.2489999999997963, 1, 3532.4580000000000837, 0, 3530.2489999999997963, 1, 3532.4580000000000837, 103.59766030338705889, 3530.2489999999997963, 0
3532.4789999999998145, 101.86496331679192906, 3530.2539999999999054, 0, 3532.4789999999998145, 0, 3530.2539999999999054, 1, 3532.4789999999998145, 0, 3530.2539999999999054, 1, 3532.4789999999998145, 106.4656523608049099, 3530.2539999999999054, 0
3532.4789999999998145, 102.35567542469075875, 3530.2590000000000146, 0, 3532.4789999999998145, 0, 3530.2590000000000146, 1, 3532.4789999999998145, 0, 3530.2590000000000146, 1, 3532.4789999999998145, 106.8519658975131108, 3530.2590000000000146, 0
3532.4890000000000327, 99.058757286666704545, 3530.2649999999998727, 0, 3532.4890000000000327, 0, 3530.2649999999998727, 1, 3532.4890000000000327, 0, 3530.2649999999998727, 1, 3532.4890000000000327, 111.01388286618484358, 3530.2649999999998727, 0
3532.4989999999997963, 98.675075620680345878, 3530.2689999999997781, 0, 3532.4989999999997963, 0, 3530.2689999999997781, 1, 3532.4989999999997963, 0, 3530.2689999999997781, 1, 3532.4989999999997963, 108.2858119887540056, 3530.2689999999997781, 0
3532.5090000000000146, 98.317278756518575733, 3530.2750000000000909, 0, 3532.5090000000000146, 0, 3530.2750000000000909, 1, 3532.5090000000000146, 0, 3530.2750000000000909, 1, 3532.5090000000000146, 109.67479433962935786, 3530.2750000000000909, 0
3532.5180000000000291, 97.338029155576350604, 3530.2789999999999964, 0, 3532.5180000000000291, 0, 3530.2789999999999964, 1, 3532.5180000000000291, 0, 3530.2789999999999964, 1, 3532.5180000000000291, 113.26708360822463817, 3530.2789999999999964, 0
3532.5289999999999964, 96.432754163805995518, 3530.2840000000001055, 0, 3532.5289999999999964, 0, 3530.2840000000001055, 1, 3532.5289999999999964, 0, 3530.2840000000001055, 1, 3532.5289999999999964, 116.32080817441953968, 3530.2840000000001055, 0
3532.5390000000002146, 95.841250482436095126, 3530.2899999999999636, 0, 3532.5390000000002146, 0, 3530.2899999999999636, 1, 3532.5390000000002146, 0, 3530.2899999999999636, 1, 3532.5390000000002146, 121.78621679695942248, 3530.2899999999999636, 0
3532.5489999999999782, 94.302716775800433879, 3530.293999999999869, 0, 3532.5489999999999782, 0, 3530.293999999999869, 1, 3532.5489999999999782, 0, 3530.293999999999869, 1, 3532.5489999999999782, 125.30862923398420605, 3530.293999999999869, 0
3532.5590000000001965, 94.053880133790258355, 3530.3000000000001819, 0, 3532.5590000000001965, 0, 3530.3000000000001819, 1, 3532.5590000000001965, 0, 3530.3000000000001819, 1, 3532.5590000000001965, 123.49688348641487323, 3530.3000000000001819, 0
3532.5700000000001637, 94.08628690889983659, 3530.3040000000000873, 1, 3532.5700000000001637, 0, 3530.3040000000000873, 1, 3532.5700000000001637, 0, 3530.3040000000000873, 1, 3532.5700000000001637, 122.61244594616415782, 3530.3040000000000873, 1
3532.581000000000131, 84.815571536004171094, 3530.3090000000001965, 1, 3532.581000000000131, 221.56100812416980261, 3530.3090000000001965, 1, 3532.581000000000131, 258.6946734080116812, 3530.3090000000001965, 1, 3532.581000000000131, 62.687877387693710318, 3530.3090000000001965, 1
3532.5889999999999418, 13.083674399682667655, 3530.3139999999998508, 1, 3532.5889999999999418, 131.1114808625290209, 3530.3139999999998508, 1, 3532.5889999999999418, 131.4794126518608266, 3530.3139999999998508, 1, 3532.5889999999999418, 26.83802423323883346, 3530.3139999999998508, 1
3532.5990000000001601, 4.6162281822681077159, 3530.31899999999996, 1, 3532.5990000000001601, 32.261860437617933428, 3530.31899999999996, 1, 3532.5990000000001601, 54.572680354333577668, 3530.31899999999996, 1, 3532.5990000000001601, 36.990196321426616066, 3530.31899999999996, 1
3532.6089999999999236, 11.875055232205744105, 3530.3240000000000691, 1, 3532.6089999999999236, 23.554539614850579454, 3530.3240000000000691, 1, 3532.6089999999999236, 32.614272132225451628, 3530.3240000000000691, 1, 3532.6089999999999236, 46.814593137377706, 3530.3240000000000691, 1
3532.6289999999999054, 24.840776756683588644, 3530.3299999999999272, 1, 3532.6289999999999054, 32.600787953251270324, 3530.3299999999999272, 1, 3532.6289999999999054, 23.58472202436797005, 3530.3299999999999272, 1, 3532.6289999999999054, 51.508556886753410708, 3530.3299999999999272, 1
3532.6390000000001237, 40.322788345767250462, 3530.3339999999998327, 1, 3532.6390000000001237, 42.955686455447064986, 3530.3339999999998327, 1, 3532.6390000000001237, 23.653623228637083997, 3530.3339999999998327, 1, 3532.6390000000001237, 53.285340960962805923, 3530.3339999999998327, 1
3532.6390000000001237, 49.896859740790887372, 3530.3400000000001455, 1, 3532.6390000000001237, 50.361820323421738976, 3530.3400000000001455, 1, 3532.6390000000001237, 24.844009555536384681, 3530.3400000000001455, 1, 3532.6390000000001237, 52.431224230636217953, 3530.3400000000001455, 1
3532.6599999999998545, 55.199651539380113263, 3530.3440000000000509, 1, 3532.6599999999998545, 55.470214631957176721, 3530.3440000000000509, 1, 3532.6599999999998545, 26.240417867237106009, 3530.3440000000000509, 1, 3532.6599999999998545, 49.898827410616569011, 3530.3440000000000509, 1
3532.6599999999998545, 56.3403664210497368, 3530.3510000000001128, 1, 3532.6599999999998545, 60.628696180820739414, 3530.3510000000001128, 1, 3532.6599999999998545, 30.547449686966754001, 3530.3510000000001128, 1, 3532.6599999999998545, 43.973346285006932987, 3530.3510000000001128, 1
3532.668999999999869, 1.5649145212785899698e-97, 3530.3530000000000655, 1, 3532.668999999999869, 65.894686477957321813, 3530.3530000000000655, 1, 3532.668999999999869, 63.48370638315353176, 3530.3530000000000655, 1, 3532.668999999999869, 3.4804417479319149255e-99, 3530.3530000000000655, 1
3532.6790000000000873, 0, 3530.3589999999999236, 1, 3532.6790000000000873, 93.170762602631867821, 3530.3589999999999236, 1, 3532.6790000000000873, 76.059013635613325732, 3530.3589999999999236, 1, 3532.6790000000000873, 0, 3530.3589999999999236, 1
3532.6880000000001019, 0, 3530.3649999999997817, 1, 3532.6880000000001019, 111.74866755072133628, 3530.3649999999997817, 1, 3532.6880000000001019, 72.010086266797415533, 3530.3649999999997817, 1, 3532.6880000000001019, 0, 3530.3649999999997817, 1
3532.6990000000000691, 0, 3530.3699999999998909, 1, 3532.6990000000000691, 122.97823690792938578, 3530.3699999999998909, 1, 3532.6990000000000691, 69.781948103612165824, 3530.3699999999998909, 1, 3532.6990000000000691, 0, 3530.3699999999998909, 1
3532.7089999999998327, 0, 3530.3739999999997963, 1, 3532.7089999999998327, 130.8440937896249352, 3530.3739999999997963, 1, 3532.7089999999998327, 65.410630783515387066, 3530.3739999999997963, 1, 3532.7089999999998327, 0, 3530.3739999999997963, 1
3532.7179999999998472, 0, 3530.3780000000001564, 1, 3532.7179999999998472, 133.22518493926315841, 3530.3780000000001564, 0, 3532.7179999999998472, 63.397390550443475377, 3530.3780000000001564, 0, 3532.7179999999998472, 0, 3530.3780000000001564, 1
3532.7390000000000327, 0, 3530.3840000000000146, 1, 3532.7390000000000327, 133.29851591602869121, 3530.3840000000000146, 0, 3532.7390000000000327, 63.427618395885531299, 3530.3840000000000146, 0, 3532.7390000000000327, 0, 3530.3840000000000146, 1
3532.7489999999997963, 0, 3530.3890000000001237, 1, 3532.7489999999997963, 131.47048055823205459, 3530.3890000000001237, 0, 3532.7489999999997963, 66.080032930623502807, 3530.3890000000001237, 0, 3532.7489999999997963, 0, 3530.3890000000001237, 1
3532.7590000000000146, 0, 3530.3939999999997781, 1, 3532.7590000000000146, 129.7079384121545047, 3530.3939999999997781, 0, 3532.7590000000000146, 68.183414723615683783, 3530.3939999999997781, 0, 3532.7590000000000146, 0, 3530.3939999999997781, 1
3532.7689999999997781, 0, 3530.3989999999998872, 1, 3532.7689999999997781, 127.21680607078113212, 3530.3989999999998872, 0, 3532.7689999999997781, 75.710648306847318167, 3530.3989999999998872, 0, 3532.7689999999997781, 0, 3530.3989999999998872, 1
3532.7789999999999964, 0, 3530.4050000000002001, 1, 3532.7789999999999964, 124.50069553734732608, 3530.4050000000002001, 0, 3532.7789999999999964, 73.28647504592106543, 3530.4050000000002001, 0, 3532.7789999999999964, 0, 3530.4050000000002001, 1
3532.7789999999999964, 0, 3530.4090000000001055, 1, 3532.7789999999999964, 120.4599169343822922, 3530.4090000000001055, 0, 3532.7789999999999964, 82.35358806839508361, 3530.4090000000001055, 0, 3532.7789999999999964, 0, 3530.4090000000001055, 1
3532.7899999999999636, 0, 3530.4140000000002146, 1, 3532.7899999999999636, 118.76929091589209975, 3530.4140000000002146, 0, 3532.7899999999999636, 85.451893049510459832, 3530.4140000000002146, 0, 3532.7899999999999636, 0, 3530.4140000000002146, 1
3532.7989999999999782, 0, 3530.418999999999869, 1, 3532.7989999999999782, 115.75771634537545651, 3530.418999999999869, 0, 3532.7989999999999782, 89.445141309696964527, 3530.418999999999869, 0, 3532.7989999999999782, 0, 3530.418999999999869, 1
3532.8090000000001965, 0, 3530.4239999999999782, 1, 3532.8090000000001965, 114.08709774374010237, 3530.4239999999999782, 0, 3532.8090000000001965, 90.524610030933942539, 3530.4239999999999782, 0, 3532.8090000000001965, 0, 3530.4239999999999782, 1
3532.8279999999999745, 0, 3530.4290000000000873, 1, 3532.8279999999999745, 111.63117465775705739, 3530.4290000000000873, 0, 3532.8279999999999745, 92.374778570844455317, 3530.4290000000000873, 0, 3532.8279999999999745, 0, 3530.4290000000000873, 1
3532.8279999999999745, 0, 3530.4340000000001965, 1, 3532.8279999999999745, 109.13282685199612843, 3530.4340000000001965, 0, 3532.8279999999999745, 95.208177789321368323, 3530.4340000000001965, 0, 3532.8279999999999745, 0, 3530.4340000000001965, 1
3532.8389999999999418, 0, 3530.4380000000001019, 1, 3532.8389999999999418, 107.52851109826984555, 3530.4380000000001019, 0, 3532.8389999999999418, 96.95209428027160925, 3530.4380000000001019, 0, 3532.8389999999999418, 0, 3530.4380000000001019, 1
3532.8600000000001273, 0, 3530.4450000000001637, 1, 3532.8600000000001273, 104.84526559875709495, 3530.4450000000001637, 0, 3532.8600000000001273, 101.4890170494452093, 3530.4450000000001637, 0, 3532.8600000000001273, 0, 3530.4450000000001637, 1
3532.8600000000001273, 0, 3530.4490000000000691, 1, 3532.8600000000001273, 102.46205788713277229, 3530.4490000000000691, 0, 3532.8600000000001273, 104.82853294882681894, 3530.4490000000000691, 0, 3532.8600000000001273, 0, 3530.4490000000000691, 1
3532.8679999999999382, 0, 3530.4540000000001783, 1, 3532.8679999999999382, 99.504384458254861556, 3530.4540000000001783, 0, 3532.8679999999999382, 108.78864871734172937, 3530.4540000000001783, 0, 3532.8679999999999382, 0, 3530.4540000000001783, 1
3532.8789999999999054, 381.22022848699828046, 3530.4589999999998327, 1, 3532.8789999999999054, 75.641759383782030568, 3530.4589999999998327, 0, 3532.8789999999999054, 95.393529521068856525, 3530.4589999999998327, 0, 3532.8789999999999054, 0, 3530.4589999999998327, 1
3532.8899999999998727, 381.84628192716832018, 3530.4650000000001455, 1, 3532.8899999999998727, 13.016115165959080358, 3530.4650000000001455, 0, 3532.8899999999998727, 71.865471087982911058, 3530.4650000000001455, 0, 3532.8899999999998727, 0, 3530.4650000000001455, 1
3532.8989999999998872, 332.50911651232877375, 3530.4690000000000509, 1, 3532.8989999999998872, 0, 3530.4690000000000509, 0, 3532.8989999999998872, 70.665790311114250244, 3530.4690000000000509, 0, 3532.8989999999998872, 0, 3530.4690000000000509, 1
3532.9090000000001055, 124.29598115482635023, 3530.4749999999999091, 1, 3532.9090000000001055, 0, 3530.4749999999999091, 0, 3532.9090000000001055, 71.478148219030316568, 3530.4749999999999091, 0, 3532.9090000000001055, 0, 3530.4749999999999091, 1
3532.9180000000001201, 4.2602217888853219918, 3530.4760000000001128, 1, 3532.9180000000001201, 0, 3530.4760000000001128, 0, 3532.9180000000001201, 49.547893930051365885, 3530.4760000000001128, 0, 3532.9180000000001201, 0, 3530.4760000000001128, 1
3532.9290000000000873, 0, 3530.4850000000001273, 1, 3532.9290000000000873, 0, 3530.4850000000001273, 0, 3532.9290000000000873, 29.253627043789080631, 3530.4850000000001273, 0, 3532.9290000000000873, 0, 3530.4850000000001273, 1
3532.9409999999998035, 0, 3530.4890000000000327, 1, 3532.9409999999998035, 0, 3530.4890000000000327, 0, 3532.9409999999998035, 21.133026352547357618, 3530.4890000000000327, 0, 3532.9409999999998035, 32.642798628513133963, 3530.4890000000000327, 1
3532.9529999999999745, 0, 3530.4940000000001419, 1, 3532.9529999999999745, 0, 3530.4940000000001419, 0, 3532.9529999999999745, 25.370280707020977928, 3530.4940000000001419, 0, 3532.9529999999999745, 19.299303154133081506, 3530.4940000000001419, 1
3532.9589999999998327, 70.990640355012132545, 3530.4989999999997963, 1, 3532.9589999999998327, 0, 3530.4989999999997963, 0, 3532.9589999999998327, 30.810253660411422771, 3530.4989999999997963, 0, 3532.9589999999998327, 29.439316362320138154, 3530.4989999999997963, 1
3532.9720000000002074, 97.474417774981773732, 3530.5039999999999054, 1, 3532.9720000000002074, 0, 3530.5039999999999054, 0, 3532.9720000000002074, 36.976807860743306833, 3530.5039999999999054, 0, 3532.9720000000002074, 37.423108860796645558, 3530.5039999999999054, 1
3532.9789999999998145, 104.01914069901579296, 3530.5100000000002183, 1, 3532.9789999999998145, 94.728240827931131207, 3530.5100000000002183, 0, 3532.9789999999998145, 37.991670919373909499, 3530.5100000000002183, 0, 3532.9789999999998145, 43.075815488504488826, 3530.5100000000002183, 1
3532.9890000000000327, 64.773699818270728201, 3530.5149999999998727, 1, 3532.9890000000000327, 125.55247355952127464, 3530.5149999999998727, 0, 3532.9890000000000327, 145.16079176683061291, 3530.5149999999998727, 0, 3532.9890000000000327, 77.555857841343581072, 3530.5149999999998727, 1
3532.9989999999997963, 33.079997306288007053, 3530.5199999999999818, 1, 3532.9989999999997963, 28.73628539900303025, 3530.5199999999999818, 0, 3532.9989999999997963, 81.586058138703549503, 3530.5199999999999818, 0, 3532.9989999999997963, 89.425858132152825419, 3530.5199999999999818, 1
3533.0090000000000146, 69.997003310889908789, 3530.5239999999998872, 1, 3533.0090000000000146, 0, 3530.5239999999998872, 0, 3533.0090000000000146, 0, 3530.5239999999998872, 0, 3533.0090000000000146, 76.282158702536690953, 3530.5239999999998872, 1
3533.0180000000000291, 89.233576591945890755, 3530.5289999999999964, 1, 3533.0180000000000291, 0, 3530.5289999999999964, 0, 3533.0180000000000291, 0, 3530.5289999999999964, 0, 3533.0180000000000291, 78.634016961774563015, 3530.5289999999999964, 1
3533.0289999999999964, 100.84871008404897452, 3530.5340000000001055, 1, 3533.0289999999999964, 0, 3530.5340000000001055, 0, 3533.0289999999999964, 0, 3530.5340000000001055, 0, 3533.0289999999999964, 80.750328290890820426, 3530.5340000000001055, 1
3533.0390000000002146, 106.97282942758825186, 3530.5390000000002146, 1, 3533.0390000000002146, 0, 3530.5390000000002146, 0, 3533.0390000000002146, 0, 3530.5390000000002146, 0, 3533.0390000000002146, 82.932652609671720256, 3530.5390000000002146, 1
3533.0489999999999782, 109.71319398256321165, 3530.543999999999869, 1, 3533.0489999999999782, 0, 3530.543999999999869, 0, 3533.0489999999999782, 0, 3530.543999999999869, 0, 3533.0489999999999782, 83.568330180076884517, 3530.543999999999869, 1
3533.0579999999999927, 110.40782575765209117, 3530.5529999999998836, 1, 3533.0579999999999927, 0, 3530.5529999999998836, 0, 3533.0579999999999927, 0, 3530.5529999999998836, 0, 3533.0579999999999927, 86.039699816813481448, 3530.5529999999998836, 1
3533.06899999999996, 109.1329367335408449, 3530.5540000000000873, 1, 3533.06899999999996, 0, 3530.5540000000000873, 0, 3533.06899999999996, 0, 3530.5540000000000873, 0, 3533.06899999999996, 91.074564967355513545, 3530.5540000000000873, 1
3533.0889999999999418, 108.29437674122337398, 3530.5590000000001965, 1, 3533.0889999999999418, 0, 3530.5590000000001965, 0, 3533.0889999999999418, 0, 3530.5590000000001965, 0, 3533.0889999999999418, 91.485138571061710877, 3530.5590000000001965, 1
3533.0889999999999418, 106.11207668099936541, 3530.5630000000001019, 1, 3533.0889999999999418, 0, 3530.5630000000001019, 0, 3533.0889999999999418, 0, 3530.5630000000001019, 0, 3533.0889999999999418, 97.131166414317263502, 3530.5630000000001019, 1
3533.0979999999999563, 104.78904105392149404, 3530.56899999999996, 1, 3533.0979999999999563, 0, 3530.56899999999996, 0, 3533.0979999999999563, 0, 3530.56899999999996, 0, 3533.0979999999999563, 100.89009210946723272, 3530.56899999999996, 1
3533.1089999999999236, 103.11876279617699481, 3530.5740000000000691, 1, 3533.1089999999999236, 0, 3530.5740000000000691, 0, 3533.1089999999999236, 0, 3530.5740000000000691, 0, 3533.1089999999999236, 104.93506091749411269, 3530.5740000000000691, 1
3533.1179999999999382, 101.78249450564011624, 3530.5790000000001783, 1, 3533.1179999999999382, 0, 3530.5790000000001783, 0, 3533.1179999999999382, 0, 3530.5790000000001783, 0, 3533.1179999999999382, 108.04624968901313764, 3530.5790000000001783, 1
3533.1300000000001091, 100.45044244230209074, 3530.5839999999998327, 1, 3533.1300000000001091, 0, 3530.5839999999998327, 0, 3533.1300000000001091, 0, 3530.5839999999998327, 0, 3533.1300000000001091, 106.56715871332107781, 3530.5839999999998327, 1
3533.1390000000001237, 99.210616040031027296, 3530.5889999999999418, 1, 3533.1390000000001237, 0, 3530.5889999999999418, 0, 3533.1390000000001237, 0, 3530.5889999999999418, 0, 3533.1390000000001237, 109.08088270204800097, 3530.5889999999999418, 1
3533.1489999999998872, 98.596122044169248966, 3530.5940000000000509, 1, 3533.1489999999998872, 0, 3530.5940000000000509, 0, 3533.1489999999998872, 0, 3530.5940000000000509, 0, 3533.1489999999998872, 110.21499485478319968, 3530.5940000000000509, 1
3533.1590000000001055, 97.772286192037540786, 3530.5999999999999091, 1, 3533.1590000000001055, 0, 3530.5999999999999091, 0, 3533.1590000000001055, 0, 3530.5999999999999091, 0, 3533.1590000000001055, 112.33741368742744271, 3530.5999999999999091, 1
3533.1790000000000873, 97.31732198744933271, 3530.6039999999998145, 1, 3533.1790000000000873, 0, 3530.6039999999998145, 0, 3533.1790000000000873, 0, 3530.6039999999998145, 0, 3533.1790000000000873, 118.39085721058464173, 3530.6039999999998145, 1
3533.1790000000000873, 96.515288479546583744, 3530.6100000000001273, 1, 3533.1790000000000873, 0, 3530.6100000000001273, 0, 3533.1790000000000873, 0, 3530.6100000000001273, 0, 3533.1790000000000873, 121.04369618038127498, 3530.6100000000001273, 1
3533.1889999999998508, 95.264775534847558447, 3530.6140000000000327, 1, 3533.1889999999998508, 0, 3530.6140000000000327, 0, 3533.1889999999998508, 0, 3530.6140000000000327, 0, 3533.1889999999998508, 124.30135656083928097, 3530.6140000000000327, 1
3533.1990000000000691, 94.142761919251540803, 3530.6199999999998909, 1, 3533.1990000000000691, 0, 3530.6199999999998909, 0, 3533.1990000000000691, 0, 3530.6199999999998909, 0, 3533.1990000000000691, 125.50578658353461492, 3530.6199999999998909, 1
3533.2089999999998327, 93.260804327657353952, 3530.6239999999997963, 1, 3533.2089999999998327, 0, 3530.6239999999997963, 0, 3533.2089999999998327, 0, 3530.6239999999997963, 0, 3533.2089999999998327, 124.72071786472844224, 3530.6239999999997963, 1
3533.2190000000000509, 94.445746664724296693, 3530.6289999999999054, 1, 3533.2190000000000509, 0, 3530.6289999999999054, 1, 3533.2190000000000509, 0, 3530.6289999999999054, 1, 3533.2190000000000509, 121.82527872285876924, 3530.6289999999999054, 1
3533.2289999999998145, 85.153269057451936419, 3530.6340000000000146, 1, 3533.2289999999998145, 288.57122944640661899, 3530.6340000000000146, 1, 3533.2289999999998145, 261.08016146182171724, 3530.6340000000000146, 1, 3533.2289999999998145, 69.013949305653056854, 3530.6340000000000146, 1
3533.2489999999997963, 10.876234800324981578, 3530.6390000000001237, 1, 3533.2489999999997963, 125.79123021479483668, 3530.6390000000001237, 1, 3533.2489999999997963, 105.9945270691883934, 3530.6390000000001237, 1, 3533.2489999999997963, 15.738744660818863252, 3530.6390000000001237, 1
3533.2489999999997963, 3.3836740488968493068, 3530.6449999999999818, 1, 3533.2489999999997963, 31.494009725644723119, 3530.6449999999999818, 1, 3533.2489999999997963, 56.846124819283474494, 3530.6449999999999818, 1, 3533.2489999999997963, 35.979589427356032161, 3530.6449999999999818, 1
3533.2600000000002183, 10.988840200635680233, 3530.6500000000000909, 1, 3533.2600000000002183, 20.015598258647660401, 3530.6500000000000909, 1, 3533.2600000000002183, 32.597337565764028966, 3530.6500000000000909, 1, 3533.2600000000002183, 48.173745530373111023, 3530.6500000000000909, 1
3533.2689999999997781, 22.903733308842497252, 3530.6539999999999964, 1, 3533.2689999999997781, 31.683889143741403416, 3530.6539999999999964, 1, 3533.2689999999997781, 26.165600818748544043, 3530.6539999999999964, 1, 3533.2689999999997781, 53.310760145571414625, 3530.6539999999999964, 1
3533.2890000000002146, 39.58948349597309857, 3530.6599999999998545, 1, 3533.2890000000002146, 41.690422206079304601, 3530.6599999999998545, 1, 3533.2890000000002146, 23.951076509376413526, 3530.6599999999998545, 1, 3533.2890000000002146, 53.773702427988467889, 3530.6599999999998545, 1
3533.2890000000002146, 48.683167666372980875, 3530.6640000000002146, 1, 3533.2890000000002146, 52.577937922385729053, 3530.6640000000002146, 1, 3533.2890000000002146, 25.93990864595623691, 3530.6640000000002146, 1, 3533.2890000000002146, 48.934910230793136066, 3530.6640000000002146, 1
3533.2989999999999782, 56.360051548136937072, 3530.6700000000000728, 1, 3533.2989999999999782, 53.646662934793432953, 3530.6700000000000728, 1, 3533.2989999999999782, 25.890677160879874918, 3530.6700000000000728, 1, 3533.2989999999999782, 52.052286015005115871, 3530.6700000000000728, 1
3533.3099999999999454, 55.598791540003873024, 3530.6700000000000728, 1, 3533.3099999999999454, 59.46694106222186349, 3530.6700000000000728, 1, 3533.3099999999999454, 29.95132636912357782, 3530.6700000000000728, 1, 3533.3099999999999454, 44.20663498863443408, 3530.6700000000000728, 1
3533.3290000000001783, 43.274475290702696384, 3530.6799999999998363, 1, 3533.3290000000001783, 58.44193868447506901, 3530.6799999999998363, 1, 3533.3290000000001783, 58.046625716689177921, 3530.6799999999998363, 1, 3533.3290000000001783, 40.877542990234744025, 3530.6799999999998363, 1
3533.3290000000001783, 0, 3530.6849999999999454, 1, 3533.3290000000001783, 84.786634126568799275, 3530.6849999999999454, 1, 3533.3290000000001783, 74.576044010100332571, 3530.6849999999999454, 1, 3533.3290000000001783, 0, 3530.6849999999999454, 1
3533.3389999999999418, 0, 3530.6889999999998508, 1, 3533.3389999999999418, 106.8112881611070577, 3530.6889999999998508, 1, 3533.3389999999999418, 73.658554018723307877, 3530.6889999999998508, 1, 3533.3389999999999418, 0, 3530.6889999999998508, 1
3533.3490000000001601, 0, 3530.69399999999996, 1, 3533.3490000000001601, 120.73220054234489851, 3530.69399999999996, 1, 3533.3490000000001601, 67.638928667425972208, 3530.69399999999996, 1, 3533.3490000000001601, 0, 3530.69399999999996, 1
3533.3580000000001746, 0, 3530.6990000000000691, 1, 3533.3580000000001746, 127.70648160451551689, 3530.6990000000000691, 1, 3533.3580000000001746, 64.134263240636713022, 3530.6990000000000691, 1, 3533.3580000000001746, 0, 3530.6990000000000691, 1
3533.3679999999999382, 0, 3530.7049999999999272, 0, 3533.3679999999999382, 131.67459760719816586, 3530.7049999999999272, 1, 3533.3679999999999382, 62.861435032516098431, 3530.7049999999999272, 1, 3533.3679999999999382, 0, 3530.7049999999999272, 0
3533.3780000000001564, 0, 3530.7100000000000364, 0, 3533.3780000000001564, 132.47263869839156314, 3530.7100000000000364, 1, 3533.3780000000001564, 62.499749432177182484, 3530.7100000000000364, 1, 3533.3780000000001564, 0, 3530.7100000000000364, 0
3533.3989999999998872, 0, 3530.7150000000001455, 0, 3533.3989999999998872, 131.41214814106700715, 3530.7150000000001455, 1, 3533.3989999999998872, 65.690580064048489817, 3530.7150000000001455, 1, 3533.3989999999998872, 0, 3530.7150000000001455, 0
3533.3989999999998872, 0, 3530.7190000000000509, 0, 3533.3989999999998872, 129.4121858825639606, 3530.7190000000000509, 1, 3533.3989999999998872, 68.919607242296976324, 3530.7190000000000509, 1, 3533.3989999999998872, 0, 3530.7190000000000509, 0
3533.4209999999998217, 0, 3530.7240000000001601, 0, 3533.4209999999998217, 127.51437295509342107, 3530.7240000000001601, 1, 3533.4209999999998217, 72.158289788312714563, 3530.7240000000001601, 1, 3533.4209999999998217, 0, 3530.7240000000001601, 0
3533.4290000000000873, 0, 3530.7289999999998145, 0, 3533.4290000000000873, 124.33335658693592052, 3530.7289999999998145, 1, 3533.4290000000000873, 76.896214619635713916, 3530.7289999999998145, 1, 3533.4290000000000873, 0, 3530.7289999999998145, 0
3533.4389999999998508, 0, 3530.7339999999999236, 0, 3533.4389999999998508, 121.42159451831858519, 3530.7339999999999236, 1, 3533.4389999999998508, 81.88198311004961738, 3530.7339999999999236, 1, 3533.4389999999998508, 0, 3530.7339999999999236, 0
3533.4389999999998508, 0, 3530.7390000000000327, 0, 3533.4389999999998508, 119.00120122314037019, 3530.7390000000000327, 1, 3533.4389999999998508, 85.283949455675809759, 3530.7390000000000327, 1, 3533.4389999999998508, 0, 3530.7390000000000327, 0
3533.4490000000000691, 0, 3530.7440000000001419, 0, 3533.4490000000000691, 116.31995555642777163, 3530.7440000000001419, 1, 3533.4490000000000691, 88.985404628335118105, 3530.7440000000001419, 1, 3533.4490000000000691, 0, 3530.7440000000001419, 0
3533.4589999999998327, 0, 3530.7489999999997963, 0, 3533.4589999999998327, 114.52264007648980737, 3530.7489999999997963, 1, 3533.4589999999998327, 89.351194480779099649, 3530.7489999999997963, 1, 3533.4589999999998327, 0, 3530.7489999999997963, 0
3533.4690000000000509, 0, 3530.7539999999999054, 0, 3533.4690000000000509, 112.07066242067497797, 3530.7539999999999054, 1, 3533.4690000000000509, 92.50324202132057394, 3530.7539999999999054, 1, 3533.4690000000000509, 0, 3530.7539999999999054, 0
3533.4780000000000655, 0, 3530.7590000000000146, 0, 3533.4780000000000655, 109.79239261629379598, 3530.7590000000000146, 1, 3533.4780000000000655, 94.788461464951637936, 3530.7590000000000146, 1, 3533.4780000000000655, 0, 3530.7590000000000146, 0
3533.4890000000000327, 0, 3530.7640000000001237, 0, 3533.4890000000000327, 107.5855899024370359, 3530.7640000000001237, 1, 3533.4890000000000327, 97.257734504058589664, 3530.7640000000001237, 1, 3533.4890000000000327, 0, 3530.7640000000001237, 0
3533.4989999999997963, 0, 3530.7689999999997781, 0, 3533.4989999999997963, 105.28071461985872759, 3530.7689999999997781, 1, 3533.4989999999997963, 100.96438110115491327, 3530.7689999999997781, 1, 3533.4989999999997963, 0, 3530.7689999999997781, 0
3533.5079999999998108, 0, 3530.7750000000000909, 0, 3533.5079999999998108, 103.03325876001701999, 3530.7750000000000909, 1, 3533.5079999999998108, 103.87483540394292447, 3530.7750000000000909, 1, 3533.5079999999998108, 0, 3530.7750000000000909, 0
3533.5180000000000291, 0, 3530.7789999999999964, 0, 3533.5180000000000291, 99.998306578778098697, 3530.7789999999999964, 1, 3533.5180000000000291, 108.23177613982440448, 3530.7789999999999964, 1, 3533.5180000000000291, 0, 3530.7789999999999964, 0
3533.5289999999999964, 370.71256608629062157, 3530.7840000000001055, 0, 3533.5289999999999964, 82.575047713631349211, 3530.7840000000001055, 1, 3533.5289999999999964, 100.50161901786061946, 3530.7840000000001055, 1, 3533.5289999999999964, 0, 3530.7840000000001055, 0
3533.5489999999999782, 387.68040276867634475, 3530.7899999999999636, 0, 3533.5489999999999782, 16.223112559264269095, 3530.7899999999999636, 1, 3533.5489999999999782, 74.38252788869176868, 3530.7899999999999636, 1, 3533.5489999999999782, 0, 3530.7899999999999636, 0
3533.5489999999999782, 342.91324382749405686, 3530.7950000000000728, 0, 3533.5489999999999782, 0, 3530.7950000000000728, 1, 3533.5489999999999782, 70.085213784241346957, 3530.7950000000000728, 1, 3533.5489999999999782, 0, 3530.7950000000000728, 0
3533.5579999999999927, 164.6855023674308427, 3530.7989999999999782, 0, 3533.5579999999999927, 0, 3530.7989999999999782, 1, 3533.5579999999999927, 65.146414925637046167, 3530.7989999999999782, 1, 3533.5579999999999927, 0, 3530.7989999999999782, 0
3533.568000000000211, 9.2497015599778418249, 3530.8040000000000873, 0, 3533.568000000000211, 0, 3530.8040000000000873, 1, 3533.568000000000211, 53.552465527262015144, 3530.8040000000000873, 1, 3533.568000000000211, 0, 3530.8040000000000873, 0
3533.5790000000001783, 0, 3530.8090000000001965, 0, 3533.5790000000001783, 0, 3530.8090000000001965, 1, 3533.5790000000001783, 30.170323699625104297, 3530.8090000000001965, 1, 3533.5790000000001783, 0, 3530.8090000000001965, 0
3533.5979999999999563, 0, 3530.8139999999998508, 0, 3533.5979999999999563, 0, 3530.8139999999998508, 1, 3533.5979999999999563, 23.489988853507206557, 3530.8139999999998508, 1, 3533.5979999999999563, 38.866446051484281554, 3530.8139999999998508, 0
3533.6080000000001746, 0, 3530.81899999999996, 0, 3533.6080000000001746, 0, 3530.81899999999996, 1, 3533.6080000000001746, 25.959184783067094315, 3530.81899999999996, 1, 3533.6080000000001746, 14.473184635366971307, 3530.81899999999996, 0
3533.6089999999999236, 56.902973333323927818, 3530.8240000000000691, 0, 3533.6089999999999236, 0, 3530.8240000000000691, 1, 3533.6089999999999236, 27.65139265264549806, 3530.8240000000000691, 1, 3533.6089999999999236, 24.818325054007562613, 3530.8240000000000691, 0
3533.6190000000001419, 103.39656994289241254, 3530.8299999999999272, 0, 3533.6190000000001419, 0, 3530.8299999999999272, 1, 3533.6190000000001419, 37.370749087257351562, 3530.8299999999999272, 1, 3533.6190000000001419, 38.775752795506861048, 3530.8299999999999272, 0
3533.6289999999999054, 110.36139642946423578, 3530.8339999999998327, 0, 3533.6289999999999054, 95.585654579397854036, 3530.8339999999998327, 1, 3533.6289999999999054, 38.526527347226981135, 3530.8339999999998327, 1, 3533.6289999999999054, 44.874313932188627518, 3530.8339999999998327, 0
3533.6489999999998872, 66.784431364247822671, 3530.8389999999999418, 0, 3533.6489999999998872, 120.66541194795482284, 3530.8389999999999418, 1, 3533.6489999999998872, 141.15224497212386723, 3530.8389999999999418, 1, 3533.6489999999998872, 77.129908175310461615, 3530.8389999999999418, 0
3533.6489999999998872, 38.969250854982249166, 3530.8440000000000509, 0, 3533.6489999999998872, 22.623071497803074692, 3530.8440000000000509, 1, 3533.6489999999998872, 43.768808441382176966, 3530.8440000000000509, 1, 3533.6489999999998872, 91.595325623268976756, 3530.8440000000000509, 0
3533.6590000000001055, 73.532214020964261181, 3530.8499999999999091, 0, 3533.6590000000001055, 0, 3530.8499999999999091, 1, 3533.6590000000001055, 0, 3530.8499999999999091, 1, 3533.6590000000001055, 79.057493802568757246, 3530.8499999999999091, 0
3533.668999999999869, 91.79330298707793645, 3530.8550000000000182, 0, 3533.668999999999869, 0, 3530.8550000000000182, 1, 3533.668999999999869, 0, 3530.8550000000000182, 1, 3533.668999999999869, 80.076159763805634384, 3530.8550000000000182, 0
3533.6790000000000873, 102.78668370593172199, 3530.8600000000001273, 0, 3533.6790000000000873, 0, 3530.8600000000001273, 1, 3533.6790000000000873, 0, 3530.8600000000001273, 1, 3533.6790000000000873, 83.377751776372321046, 3530.8600000000001273, 0
3533.6889999999998508, 106.46260546198806196, 3530.8640000000000327, 0, 3533.6889999999998508, 0, 3530.8640000000000327, 1, 3533.6889999999998508, 0, 3530.8640000000000327, 1, 3533.6889999999998508, 83.049159718452344237, 3530.8640000000000327, 0
3533.6990000000000691, 109.19728758332789198, 3530.8699999999998909, 0, 3533.6990000000000691, 0, 3530.8699999999998909, 1, 3533.6990000000000691, 0, 3530.8699999999998909, 1, 3533.6990000000000691, 86.71900325433993828, 3530.8699999999998909, 0
3533.7089999999998327, 109.34556561826089194, 3530.8739999999997963, 0, 3533.7089999999998327, 0, 3530.8739999999997963, 1, 3533.7089999999998327, 0, 3530.8739999999997963, 1, 3533.7089999999998327, 90.229848459090035817, 3530.8739999999997963, 0
3533.7190000000000509, 108.42553975962803747, 3530.8809999999998581, 0, 3533.7190000000000509, 0, 3530.8809999999998581, 1, 3533.7190000000000509, 0, 3530.8809999999998581, 1, 3533.7190000000000509, 94.556059630609354372, 3530.8809999999998581, 0
3533.7289999999998145, 108.28676239155622341, 3530.8840000000000146, 0, 3533.7289999999998145, 0, 3530.8840000000000146, 1, 3533.7289999999998145, 0, 3530.8840000000000146, 1, 3533.7289999999998145, 95.45781836482329652, 3530.8840000000000146, 0
3533.7390000000000327, 106.12224957374309042, 3530.8890000000001237, 0, 3533.7390000000000327, 0, 3530.8890000000001237, 1, 3533.7390000000000327, 0, 3530.8890000000001237, 1, 3533.7390000000000327, 101.56591186564035922, 3530.8890000000001237, 0
3533.7510000000002037, 103.23303252659445661, 3530.8939999999997781, 0, 3533.7510000000002037, 0, 3530.8939999999997781, 1, 3533.7510000000002037, 0, 3530.8939999999997781, 1, 3533.7510000000002037, 101.70434331146137197, 3530.8939999999997781, 0
3533.7600000000002183, 102.45816511722000541, 3530.8989999999998872, 0, 3533.7600000000002183, 0, 3530.8989999999998872, 1, 3533.7600000000002183, 0, 3530.8989999999998872, 1, 3533.7600000000002183, 110.16855647171061605, 3530.8989999999998872, 0
3533.7699999999999818, 101.29745927778944292, 3530.9050000000002001, 0, 3533.7699999999999818, 0, 3530.9050000000002001, 1, 3533.7699999999999818, 0, 3530.9050000000002001, 1, 3533.7699999999999818, 112.44987131060473473, 3530.9050000000002001, 0
3533.7809999999999491, 100.12751831215325637, 3530.9090000000001055, 0, 3533.7809999999999491, 0, 3530.9090000000001055, 1, 3533.7809999999999491, 0, 3530.9090000000001055, 1, 3533.7809999999999491, 114.22147591516512932, 3530.9090000000001055, 0
3533.7910000000001673, 97.851377803543499567, 3530.9140000000002146, 0, 3533.7910000000001673, 0, 3530.9140000000002146, 1, 3533.7910000000001673, 0, 3530.9140000000002146, 1, 3533.7910000000001673, 108.79476571145386288, 3530.9140000000002146, 0
3533.8009999999999309, 98.595520486885135369, 3530.9200000000000728, 0, 3533.8009999999999309, 0, 3530.9200000000000728, 1, 3533.8009999999999309, 0, 3530.9200000000000728, 1, 3533.8009999999999309, 115.43277598300922193, 3530.9200000000000728, 0
3533.8090000000001965, 98.054754402600934782, 3530.9250000000001819, 0, 3533.8090000000001965, 0, 3530.9250000000001819, 1, 3533.8090000000001965, 0, 3530.9250000000001819, 1, 3533.8090000000001965, 117.12571810988860932, 3530.9250000000001819, 0
3533.8200000000001637, 97.19329990236303729, 3530.9290000000000873, 0, 3533.8200000000001637, 0, 3530.9290000000000873, 1, 3533.8200000000001637, 0, 3530.9290000000000873, 1, 3533.8200000000001637, 119.78228720986811595, 3530.9290000000000873, 0
3533.8299999999999272, 95.940507008096261643, 3530.9340000000001965, 0, 3533.8299999999999272, 0, 3530.9340000000001965, 1, 3533.8299999999999272, 0, 3530.9340000000001965, 1, 3533.8299999999999272, 121.64660002228944791, 3530.9340000000001965, 0
3533.8499999999999091, 94.720190691954698536, 3530.9389999999998508, 0, 3533.8499999999999091, 0, 3530.9389999999998508, 1, 3533.8499999999999091, 0, 3530.9389999999998508, 1, 3533.8499999999999091, 124.53025952506840213, 3530.9389999999998508, 0
3533.8499999999999091, 93.404018637466165842, 3530.94399999999996, 0, 3533.8499999999999091, 0, 3530.94399999999996, 1, 3533.8499999999999091, 0, 3530.94399999999996, 1, 3533.8499999999999091, 127.04733156228377311, 3530.94399999999996, 0
3533.8600000000001273, 93.079295968039303943, 3530.9490000000000691, 0, 3533.8600000000001273, 0, 3530.9490000000000691, 1, 3533.8600000000001273, 0, 3530.9490000000000691, 1, 3533.8600000000001273, 126.04118186016469849, 3530.9490000000000691, 0
3533.8800000000001091, 94.270865920236076363, 3530.9540000000001783, 1, 3533.8800000000001091, 0, 3530.9540000000001783, 1, 3533.8800000000001091, 197.73037314168021794, 3530.9540000000001783, 1, 3533.8800000000001091, 121.5667864550703996, 3530.9540000000001783, 1
3533.8800000000001091, 85.023803872683558325, 3530.9600000000000364, 1, 3533.8800000000001091, 320.87358213818765762, 3530.9600000000000364, 1, 3533.8800000000001091, 266.36103997230748064, 3530.9600000000000364, 1, 3533.8800000000001091, 42.202965974224952106, 3530.9600000000000364, 1
3533.9000000000000909, 16.139941106030995854, 3530.9639999999999418, 1, 3533.9000000000000909, 102.3609656095887317, 3530.9639999999999418, 1, 3533.9000000000000909, 83.588920378138325873, 3530.9639999999999418, 1, 3533.9000000000000909, 16.830489057219011784, 3530.9639999999999418, 1
3533.9000000000000909, 7.3981238147645980163, 3530.9690000000000509, 1, 3533.9000000000000909, 28.881149359271017119, 3530.9690000000000509, 1, 3533.9000000000000909, 58.905367770351929835, 3530.9690000000000509, 1, 3533.9000000000000909, 40.846711172947991031, 3530.9690000000000509, 1
3533.9099999999998545, 14.569154153476013391, 3530.9740000000001601, 1, 3533.9099999999998545, 20.198612575344100151, 3530.9740000000001601, 1, 3533.9099999999998545, 36.220830002129048353, 3530.9740000000001601, 1, 3533.9099999999998545, 50.798514723116731773, 3530.9740000000001601, 1
3533.918999999999869, 29.19636629744200107, 3530.9800000000000182, 1, 3533.918999999999869, 30.402188184013446914, 3530.9800000000000182, 1, 3533.918999999999869, 27.613895595011676676, 3530.9800000000000182, 1, 3533.918999999999869, 53.50569979887210792, 3530.9800000000000182, 1
3533.9299999999998363, 43.819039269382891177, 3530.9839999999999236, 1, 3533.9299999999998363, 40.519581990669351512, 3530.9839999999999236, 1, 3533.9299999999998363, 26.455300414309917301, 3530.9839999999999236, 1, 3533.9299999999998363, 54.008858108608748694, 3530.9839999999999236, 1
3533.9400000000000546, 52.104341466532332561, 3530.9899999999997817, 1, 3533.9400000000000546, 48.068052721884583889, 3530.9899999999997817, 1, 3533.9400000000000546, 27.274931736217844502, 3530.9899999999997817, 1, 3533.9400000000000546, 52.507867052159390653, 3530.9899999999997817, 1
3533.9510000000000218, 55.9006724902632115, 3530.9940000000001419, 1, 3533.9510000000000218, 55.437237943777532223, 3530.9940000000001419, 1, 3533.9510000000000218, 28.405182156368610435, 3530.9940000000001419, 1, 3533.9510000000000218, 46.067133415626983606, 3530.9940000000001419, 1
3533.9699999999997999, 46.780614966581680392, 3530.9989999999997963, 1, 3533.9699999999997999, 58.819578259301366074, 3530.9989999999997963, 1, 3533.9699999999997999, 28.144151466862595612, 3530.9989999999997963, 1, 3533.9699999999997999, 29.849708101818400507, 3530.9989999999997963, 1
3533.9699999999997999, 21.676347627452464906, 3531.0039999999999054, 1, 3533.9699999999997999, 69.47251044035186851, 3531.0039999999999054, 1, 3533.9699999999997999, 61.017434800460556232, 3531.0039999999999054, 1, 3533.9699999999997999, 15.069590949551736614, 3531.0039999999999054, 1
3533.9899999999997817, 0, 3531.0090000000000146, 1, 3533.9899999999997817, 92.994465641997550165, 3531.0090000000000146, 1, 3533.9899999999997817, 74.622103014321439218, 3531.0090000000000146, 1, 3533.9899999999997817, 0, 3531.0090000000000146, 1
3533.9899999999997817, 0, 3531.0140000000001237, 1, 3533.9899999999997817, 110.348539545377065, 3531.0140000000001237, 1, 3533.9899999999997817, 73.598469135958652032, 3531.0140000000001237, 1, 3533.9899999999997817, 0, 3531.0140000000001237, 1
3534.0010000000002037, 0, 3531.0189999999997781, 1, 3534.0010000000002037, 125.12634720694754265, 3531.0189999999997781, 1, 3534.0010000000002037, 71.786673504991114214, 3531.0189999999997781, 1, 3534.0010000000002037, 0, 3531.0189999999997781, 1
3534.0199999999999818, 0, 3531.0239999999998872, 1, 3534.0199999999999818, 130.18848181022434574, 3531.0239999999998872, 1, 3534.0199999999999818, 65.43466575470290536, 3531.0239999999998872, 1, 3534.0199999999999818, 0, 3531.0239999999998872, 1
3534.0199999999999818, 0, 3531.0289999999999964, 1, 3534.0199999999999818, 132.61396218206797926, 3531.0289999999999964, 0, 3534.0199999999999818, 64.608796091074040646, 3531.0289999999999964, 0, 3534.0199999999999818, 0, 3531.0289999999999964, 1
3534.0410000000001673, 0, 3531.0340000000001055, 1, 3534.0410000000001673, 132.88138777347774067, 3531.0340000000001055, 0, 3534.0410000000001673, 63.752436292344441426, 3531.0340000000001055, 0, 3534.0410000000001673, 0, 3531.0340000000001055, 1
3534.0500000000001819, 0, 3531.0390000000002146, 1, 3534.0500000000001819, 130.65829406690960468, 3531.0390000000002146, 0, 3534.0500000000001819, 67.713852623509680484, 3531.0390000000002146, 0, 3534.0500000000001819, 0, 3531.0390000000002146, 1
3534.0500000000001819, 0, 3531.043999999999869, 1, 3534.0500000000001819, 128.84766982423548143, 3531.043999999999869, 0, 3534.0500000000001819, 69.615695784918713684, 3531.043999999999869, 0, 3534.0500000000001819, 0, 3531.043999999999869, 1
3534.0599999999999454, 0, 3531.0489999999999782, 1, 3534.0599999999999454, 125.63100040141254965, 3531.0489999999999782, 0, 3534.0599999999999454, 75.019564013060673346, 3531.0489999999999782, 0, 3534.0599999999999454, 0, 3531.0489999999999782, 1
3534.0700000000001637, 0, 3531.0540000000000873, 1, 3534.0700000000001637, 123.64512001329842406, 3531.0540000000000873, 0, 3534.0700000000001637, 79.153571331853385118, 3531.0540000000000873, 0, 3534.0700000000001637, 0, 3531.0540000000000873, 1
3534.0900000000001455, 0, 3531.0579999999999927, 1, 3534.0900000000001455, 121.02418984588339868, 3531.0579999999999927, 0, 3534.0900000000001455, 79.862732274477082228, 3531.0579999999999927, 0, 3534.0900000000001455, 0, 3531.0579999999999927, 1
3534.112999999999829, 0, 3531.0650000000000546, 1, 3534.112999999999829, 118.14797234800346359, 3531.0650000000000546, 0, 3534.112999999999829, 85.174434893523311985, 3531.0650000000000546, 0, 3534.112999999999829, 0, 3531.0650000000000546, 1
3534.112999999999829, 0, 3531.06899999999996, 1, 3534.112999999999829, 112.84799982901806459, 3531.06899999999996, 0, 3534.112999999999829, 90.924792164034244024, 3531.06899999999996, 0, 3534.112999999999829, 0, 3531.06899999999996, 1
3534.1300000000001091, 0, 3531.0760000000000218, 1, 3534.1300000000001091, 112.11029306456201482, 3531.0760000000000218, 0, 3534.1300000000001091, 105.92279590607151363, 3531.0760000000000218, 0, 3534.1300000000001091, 0, 3531.0760000000000218, 1
3534.1399999999998727, 0, 3531.0799999999999272, 1, 3534.1399999999998727, 112.97179095579117813, 3531.0799999999999272, 0, 3534.1399999999998727, 74.719330645309810279, 3531.0799999999999272, 0, 3534.1399999999998727, 0, 3531.0799999999999272, 1
3534.1399999999998727, 0, 3531.0839999999998327, 1, 3534.1399999999998727, 106.29742108625049468, 3531.0839999999998327, 0, 3534.1399999999998727, 97.857854055838103591, 3531.0839999999998327, 0, 3534.1399999999998727, 0, 3531.0839999999998327, 1
3534.1599999999998545, 0, 3531.0900000000001455, 1, 3534.1599999999998545, 103.78465343986309222, 3531.0900000000001455, 0, 3534.1599999999998545, 104.9834784462683217, 3531.0900000000001455, 0, 3534.1599999999998545, 0, 3531.0900000000001455, 1
3534.1599999999998545, 0, 3531.0949999999997999, 1, 3534.1599999999998545, 101.53377075172389254, 3531.0949999999997999, 0, 3534.1599999999998545, 107.7101598220241101, 3531.0949999999997999, 0, 3534.1599999999998545, 0, 3531.0949999999997999, 1
3534.1700000000000728, 0, 3531.0999999999999091, 1, 3534.1700000000000728, 98.769025199753258448, 3531.0999999999999091, 0, 3534.1700000000000728, 110.24486384949183559, 3531.0999999999999091, 0, 3534.1700000000000728, 0, 3531.0999999999999091, 1
3534.18100000000004, 374.16399030427157868, 3531.1039999999998145, 1, 3534.18100000000004, 84.757951603334262813, 3531.1039999999998145, 0, 3534.18100000000004, 99.484153183020168854, 3531.1039999999998145, 0, 3534.18100000000004, 0, 3531.1039999999998145, 1
3534.1900000000000546, 379.32547963569163585, 3531.1109999999998763, 1, 3534.1900000000000546, 16.654596896638906856, 3531.1109999999998763, 0, 3534.1900000000000546, 74.985643177190553388, 3531.1109999999998763, 0, 3534.1900000000000546, 0, 3531.1109999999998763, 1
3534.1999999999998181, 316.68410849472729751, 3531.1140000000000327, 1, 3534.1999999999998181, 0, 3531.1140000000000327, 0, 3534.1999999999998181, 73.538781468290920884, 3531.1140000000000327, 0, 3534.1999999999998181, 0, 3531.1140000000000327, 1
3534.2100000000000364, 115.63777881745490106, 3531.1190000000001419, 1, 3534.2100000000000364, 0, 3531.1190000000001419, 0, 3534.2100000000000364, 67.715582175490084182, 3531.1190000000001419, 0, 3534.2100000000000364, 0, 3531.1190000000001419, 1
3534.2300000000000182, 2.2529151619652520999, 3531.1239999999997963, 1, 3534.2300000000000182, 0, 3531.1239999999997963, 0, 3534.2300000000000182, 44.681953448236775728, 3531.1239999999997963, 0, 3534.2300000000000182, 0, 3531.1239999999997963, 1
3534.2300000000000182, 0, 3531.1300000000001091, 1, 3534.2300000000000182, 0, 3531.1300000000001091, 0, 3534.2300000000000182, 26.600420859727769596, 3531.1300000000001091, 0, 3534.2300000000000182, 0, 3531.1300000000001091, 1
3534.2399999999997817, 0, 3531.1350000000002183, 1, 3534.2399999999997817, 0, 3531.1350000000002183, 0, 3534.2399999999997817, 21.242678413963133721, 3531.1350000000002183, 0, 3534.2399999999997817, 39.609615125640658562, 3531.1350000000002183, 1
3534.2590000000000146, 0, 3531.1390000000001237, 1, 3534.2590000000000146, 0, 3531.1390000000001237, 0, 3534.2590000000000146, 25.661206108426277694, 3531.1390000000001237, 0, 3534.2590000000000146, 22.943256257296074097, 3531.1390000000001237, 1
3534.2699999999999818, 78.420986668911453421, 3531.1439999999997781, 1, 3534.2699999999999818, 0, 3531.1439999999997781, 0, 3534.2699999999999818, 29.146170845301920593, 3531.1439999999997781, 0, 3534.2699999999999818, 32.603492749539341844, 3531.1439999999997781, 1
3534.2710000000001855, 97.62128403476495464, 3531.1509999999998399, 1, 3534.2710000000001855, 0, 3531.1509999999998399, 0, 3534.2710000000001855, 36.572866726698556761, 3531.1509999999998399, 0, 3534.2710000000001855, 40.575878116252802386, 3531.1509999999998399, 1
3534.2899999999999636, 95.655201091621080423, 3531.1539999999999964, 1, 3534.2899999999999636, 146.6334542270279826, 3531.1539999999999964, 0, 3534.2899999999999636, 102.71499266301752584, 3531.1539999999999964, 0, 3534.2899999999999636, 52.600640129581890392, 3531.1539999999999964, 1
3534.2899999999999636, 16.344729355379691071, 3531.1590000000001055, 1, 3534.2899999999999636, 77.307886571656780461, 3531.1590000000001055, 0, 3534.2899999999999636, 144.45519013240186723, 3531.1590000000001055, 0, 3534.2899999999999636, 77.528564863484263014, 3531.1590000000001055, 1
3534.3000000000001819, 27.818603003329915424, 3531.1640000000002146, 1, 3534.3000000000001819, 0, 3531.1640000000002146, 0, 3534.3000000000001819, 14.980478318646243352, 3531.1640000000002146, 0, 3534.3000000000001819, 72.091275577493689752, 3531.1640000000002146, 1
3534.3099999999999454, 73.358048136351158064, 3531.168999999999869, 1, 3534.3099999999999454, 0, 3531.168999999999869, 0, 3534.3099999999999454, 0, 3531.168999999999869, 0, 3534.3099999999999454, 71.356526998646899074, 3531.168999999999869, 1
3534.3200000000001637, 93.791630699214024958, 3531.1739999999999782, 1, 3534.3200000000001637, 0, 3531.1739999999999782, 0, 3534.3200000000001637, 0, 3531.1739999999999782, 0, 3534.3200000000001637, 75.338247029132332955, 3531.1739999999999782, 1
3534.3299999999999272, 105.22331390902503756, 3531.1799999999998363, 1, 3534.3299999999999272, 0, 3531.1799999999998363, 0, 3534.3299999999999272, 0, 3531.1799999999998363, 0, 3534.3299999999999272, 77.76865185005114256, 3531.1799999999998363, 1
3534.3400000000001455, 111.81414024482030811, 3531.1840000000001965, 1, 3534.3400000000001455, 0, 3531.1840000000001965, 0, 3534.3400000000001455, 0, 3531.1840000000001965, 0, 3534.3400000000001455, 79.351978042250806311, 3531.1840000000001965, 1
3534.3600000000001273, 114.04358191686210944, 3531.1889999999998508, 1, 3534.3600000000001273, 0, 3531.1889999999998508, 0, 3534.3600000000001273, 0, 3531.1889999999998508, 0, 3534.3600000000001273, 81.367639853307608178, 3531.1889999999998508, 1
3534.3600000000001273, 114.97966510769335002, 3531.19399999999996, 1, 3534.3600000000001273, 0, 3531.19399999999996, 0, 3534.3600000000001273, 0, 3531.19399999999996, 0, 3534.3600000000001273, 83.346265169979659504, 3531.19399999999996, 1
3534.3699999999998909, 113.69705325841637489, 3531.1999999999998181, 1, 3534.3699999999998909, 0, 3531.1999999999998181, 0, 3534.3699999999998909, 0, 3531.1999999999998181, 0, 3534.3699999999998909, 87.901586616938971019, 3531.1999999999998181, 1
3534.3800000000001091, 113.33864807489050008, 3531.2040000000001783, 1, 3534.3800000000001091, 0, 3531.2040000000001783, 0, 3534.3800000000001091, 0, 3531.2040000000001783, 0, 3534.3800000000001091, 91.892804075716000511, 3531.2040000000001783, 1
3534.3899999999998727, 110.54278747174871, 3531.2100000000000364, 1, 3534.3899999999998727, 0, 3531.2100000000000364, 0, 3534.3899999999998727, 0, 3531.2100000000000364, 0, 3534.3899999999998727, 93.783318267461083906, 3531.2100000000000364, 1
3534.4000000000000909, 108.3117692559717824, 3531.2150000000001455, 1, 3534.4000000000000909, 0, 3531.2150000000001455, 0, 3534.4000000000000909, 0, 3531.2150000000001455, 0, 3534.4000000000000909, 100.48848169990480983, 3531.2150000000001455, 1
3534.4099999999998545, 106.78894634338558944, 3531.2190000000000509, 1, 3534.4099999999998545, 0, 3531.2190000000000509, 0, 3534.4099999999998545, 0, 3531.2190000000000509, 0, 3534.4099999999998545, 104.22036275442688691, 3531.2190000000000509, 1
3534.4200000000000728, 105.0768820899425009, 3531.2249999999999091, 1, 3534.4200000000000728, 0, 3531.2249999999999091, 0, 3534.4200000000000728, 0, 3531.2249999999999091, 0, 3534.4200000000000728, 107.80490049350021309, 3531.2249999999999091, 1
3534.431999999999789, 104.49433483248679977, 3531.2310000000002219, 1, 3534.431999999999789, 0, 3531.2310000000002219, 0, 3534.431999999999789, 0, 3531.2310000000002219, 0, 3534.431999999999789, 106.39341017812355972, 3531.2310000000002219, 1
3534.4389999999998508, 102.98869455232241421, 3531.2339999999999236, 1, 3534.4389999999998508, 0, 3531.2339999999999236, 0, 3534.4389999999998508, 0, 3531.2339999999999236, 0, 3534.4389999999998508, 110.05940551950112649, 3531.2339999999999236, 1
3534.4499999999998181, 101.90783218770556573, 3531.2390000000000327, 1, 3534.4499999999998181, 0, 3531.2390000000000327, 0, 3534.4499999999998181, 0, 3531.2390000000000327, 0, 3534.4499999999998181, 111.2933064611516869, 3531.2390000000000327, 1
3534.4699999999997999, 100.86641480842820329, 3531.2449999999998909, 1, 3534.4699999999997999, 0, 3531.2449999999998909, 0, 3534.4699999999997999, 0, 3531.2449999999998909, 0, 3534.4699999999997999, 112.02377983584609922, 3531.2449999999998909, 1
3534.4699999999997999, 99.696039526051492885, 3531.2489999999997963, 1, 3534.4699999999997999, 0, 3531.2489999999997963, 0, 3534.4699999999997999, 0, 3531.2489999999997963, 0, 3534.4699999999997999, 115.46769140921475127, 3531.2489999999997963, 1
3534.4850000000001273, 98.266178210605772847, 3531.2539999999999054, 1, 3534.4850000000001273, 0, 3531.2539999999999054, 0, 3534.4850000000001273, 0, 3531.2539999999999054, 0, 3534.4850000000001273, 118.73161626949340075, 3531.2539999999999054, 1
3534.4899999999997817, 98.661938243167895735, 3531.2590000000000146, 1, 3534.4899999999997817, 0, 3531.2590000000000146, 0, 3534.4899999999997817, 0, 3531.2590000000000146, 0, 3534.4899999999997817, 114.9553018706441776, 3531.2590000000000146, 1
3534.5, 93.055546839152412986, 3531.2640000000001237, 1, 3534.5, 0, 3531.2640000000001237, 0, 3534.5, 0, 3531.2640000000001237, 0, 3534.5, 131.43638359930574211, 3531.2640000000001237, 1
3534.5100000000002183, 94.798663178067172908, 3531.2699999999999818, 1, 3534.5100000000002183, 0, 3531.2699999999999818, 0, 3534.5100000000002183, 0, 3531.2699999999999818, 0, 3534.5100000000002183, 120.19512567820146387, 3531.2699999999999818, 1
3534.5210000000001855, 95.264248467042506263, 3531.2730000000001382, 1, 3534.5210000000001855, 338.19447614408505842, 3531.2730000000001382, 0, 3534.5210000000001855, 0, 3531.2730000000001382, 0, 3534.5210000000001855, 120.26661921977925829, 3531.2730000000001382, 1
3534.5399999999999636, 37.274953581668768265, 3531.2789999999999964, 1, 3534.5399999999999636, 264.07705713258781088, 3531.2789999999999964, 1, 3534.5399999999999636, 240.87805131418622295, 3531.2789999999999964, 1, 3534.5399999999999636, 78.892244587286711521, 3531.2789999999999964, 1
3534.5399999999999636, 0.17314621190716583676, 3531.2840000000001055, 1, 3534.5399999999999636, 87.030262086921112541, 3531.2840000000001055, 1, 3534.5399999999999636, 99.732253467077583764, 3531.2840000000001055, 1, 3534.5399999999999636, 34.243357502327064879, 3531.2840000000001055, 1
3534.5599999999999454, 0, 3531.2890000000002146, 1, 3534.5599999999999454, 22.404196201798651344, 3531.2890000000002146, 1, 3534.5599999999999454, 47.617084277797346203, 3531.2890000000002146, 1, 3534.5599999999999454, 38.709286947267386836, 3531.2890000000002146, 1
3534.5599999999999454, 0, 3531.2959999999998217, 1, 3534.5599999999999454, 17.617291051148775693, 3531.2959999999998217, 1, 3534.5599999999999454, 26.082369954454502903, 3531.2959999999998217, 1, 3534.5599999999999454, 45.940717617973348297, 3531.2959999999998217, 1
3534.5700000000001637, 0, 3531.3000000000001819, 1, 3534.5700000000001637, 34.216341250528031992, 3531.3000000000001819, 1, 3534.5700000000001637, 23.122102681962566351, 3531.3000000000001819, 1, 3534.5700000000001637, 48.885755632190445397, 3531.3000000000001819, 1
3534.581000000000131, 62.541666834790198948, 3531.3049999999998363, 1, 3534.581000000000131, 45.805995747140102026, 3531.3049999999998363, 1, 3534.581000000000131, 23.392170869985783099, 3531.3049999999998363, 1, 3534.581000000000131, 54.562819397762652329, 3531.3049999999998363, 1
3534.5999999999999091, 50.998522878085466914, 3531.3099999999999454, 1, 3534.5999999999999091, 51.436686900350053975, 3531.3099999999999454, 1, 3534.5999999999999091, 24.454271273512436125, 3531.3099999999999454, 1, 3534.5999999999999091, 51.475483537538472945, 3531.3099999999999454, 1
3534.6100000000001273, 55.876456538082059922, 3531.3139999999998508, 1, 3534.6100000000001273, 55.445257378846690699, 3531.3139999999998508, 1, 3534.6100000000001273, 26.026248714026582576, 3531.3139999999998508, 1, 3534.6100000000001273, 48.632397040621277995, 3531.3139999999998508, 1
3534.6300000000001091, 1.9490748170404370576, 3531.31899999999996, 1, 3534.6300000000001091, 67.416453329359129043, 3531.31899999999996, 1, 3534.6300000000001091, 63.827158338521897463, 3531.31899999999996, 1, 3534.6300000000001091, 27.292187703100001528, 3531.31899999999996, 1
3534.6399999999998727, 0, 3531.3240000000000691, 1, 3534.6399999999998727, 96.094374619475360078, 3531.3240000000000691, 1, 3534.6399999999998727, 78.377741097423324845, 3531.3240000000000691, 1, 3534.6399999999998727, 0, 3531.3240000000000691, 1
3534.6399999999998727, 0, 3531.3290000000001783, 1, 3534.6399999999998727, 111.36337548008717135, 3531.3290000000001783, 1, 3534.6399999999998727, 74.643635663355041743, 3531.3290000000001783, 1, 3534.6399999999998727, 0, 3531.3290000000001783, 1
3534.6500000000000909, 0, 3531.3339999999998327, 1, 3534.6500000000000909, 123.78514379617546126, 3531.3339999999998327, 1, 3534.6500000000000909, 71.887710107969354567, 3531.3339999999998327, 1, 3534.6500000000000909, 0, 3531.3339999999998327, 1
3534.6599999999998545, 0, 3531.3389999999999418, 1, 3534.6599999999998545, 128.72961526806287225, 3531.3389999999999418, 1, 3534.6599999999998545, 68.077858700798373093, 3531.3389999999999418, 1, 3534.6599999999998545, 0, 3531.3389999999999418, 1
3534.6700000000000728, 0, 3531.3460000000000036, 1, 3534.6700000000000728, 130.46598677874419536, 3531.3460000000000036, 1, 3534.6700000000000728, 65.999849796546840253, 3531.3460000000000036, 1, 3534.6700000000000728, 0, 3531.3460000000000036, 1
3534.6799999999998363, 0, 3531.3490000000001601, 1, 3534.6799999999998363, 129.91905616725077266, 3531.3490000000001601, 1, 3534.6799999999998363, 67.446372572023960856, 3531.3490000000001601, 1, 3534.6799999999998363, 0, 3531.3490000000001601, 1
3534.6900000000000546, 0, 3531.3530000000000655, 0, 3534.6900000000000546, 128.48453855486394559, 3531.3530000000000655, 1, 3534.6900000000000546, 69.35588479879365309, 3531.3530000000000655, 1, 3534.6900000000000546, 0, 3531.3530000000000655, 0
3534.6999999999998181, 0, 3531.3600000000001273, 0, 3534.6999999999998181, 125.88351210416465165, 3531.3600000000001273, 1, 3534.6999999999998181, 73.434712457070986602, 3531.3600000000001273, 1, 3534.6999999999998181, 0, 3531.3600000000001273, 0
3534.7109999999997854, 0, 3531.3640000000000327, 0, 3534.7109999999997854, 123.49800313174671373, 3531.3640000000000327, 1, 3534.7109999999997854, 76.976916355485585086, 3531.3640000000000327, 1, 3534.7109999999997854, 0, 3531.3640000000000327, 0
3534.7300000000000182, 0, 3531.3690000000001419, 0, 3534.7300000000000182, 121.4657277210851305, 3531.3690000000001419, 1, 3534.7300000000000182, 80.81432505582711201, 3531.3690000000001419, 1, 3534.7300000000000182, 0, 3531.3690000000001419, 0
3534.7399999999997817, 0, 3531.3739999999997963, 0, 3534.7399999999997817, 118.37825585008373253, 3531.3739999999997963, 1, 3534.7399999999997817, 85.627671822536086665, 3531.3739999999997963, 1, 3534.7399999999997817, 0, 3531.3739999999997963, 0
3534.75, 0, 3531.3800000000001091, 0, 3534.75, 115.48755344412379031, 3531.3800000000001091, 1, 3534.75, 89.853946064832896923, 3531.3800000000001091, 1, 3534.75, 0, 3531.3800000000001091, 0
3534.75, 0, 3531.3840000000000146, 0, 3534.75, 113.6120052108772569, 3531.3840000000000146, 1, 3534.75, 91.98503210895785287, 3531.3840000000000146, 1, 3534.75, 0, 3531.3840000000000146, 0
3534.7600000000002183, 0, 3531.3899999999998727, 0, 3534.7600000000002183, 111.50169559550596432, 3531.3899999999998727, 1, 3534.7600000000002183, 94.705185949151967861, 3531.3899999999998727, 1, 3534.7600000000002183, 0, 3531.3899999999998727, 0
3534.7699999999999818, 0, 3531.3939999999997781, 0, 3534.7699999999999818, 109.30113201565217196, 3531.3939999999997781, 1, 3534.7699999999999818, 95.021767636226513787, 3531.3939999999997781, 1, 3534.7699999999999818, 0, 3531.3939999999997781, 0
3534.7899999999999636, 0, 3531.4000000000000909, 0, 3534.7899999999999636, 107.17551512677363235, 3531.4000000000000909, 1, 3534.7899999999999636, 98.727329124368139901, 3531.4000000000000909, 1, 3534.7899999999999636, 0, 3531.4000000000000909, 0
3534.7899999999999636, 0, 3531.4039999999999964, 0, 3534.7899999999999636, 105.16796211252179205, 3531.4039999999999964, 1, 3534.7899999999999636, 100.15066968112168411, 3531.4039999999999964, 1, 3534.7899999999999636, 0, 3531.4039999999999964, 0
3534.8099999999999454, 0, 3531.4079999999999018, 0, 3534.8099999999999454, 102.95470945715638322, 3531.4079999999999018, 1, 3534.8099999999999454, 102.95137260831523918, 3531.4079999999999018, 1, 3534.8099999999999454, 0, 3531.4079999999999018, 0
3534.8099999999999454, 0, 3531.4140000000002146, 0, 3534.8099999999999454, 100.14367639399674204, 3531.4140000000002146, 1, 3534.8099999999999454, 108.64663983802371661, 3531.4140000000002146, 1, 3534.8099999999999454, 0, 3531.4140000000002146, 0
3534.8200000000001637, 0, 3531.418999999999869, 0, 3534.8200000000001637, 98.466407636792354197, 3531.418999999999869, 1, 3534.8200000000001637, 109.17491525117851836, 3531.418999999999869, 1, 3534.8200000000001637, 0, 3531.418999999999869, 0
3534.8299999999999272, 375.8126264361842459, 3531.4239999999999782, 0, 3534.8299999999999272, 79.740453980342394402, 3531.4239999999999782, 1, 3534.8299999999999272, 105.01373216034647839, 3531.4239999999999782, 1, 3534.8299999999999272, 0, 3531.4239999999999782, 0
3534.8409999999998945, 376.80768874520208556, 3531.4290000000000873, 0, 3534.8409999999998945, 15.846038679539663718, 3531.4290000000000873, 1, 3534.8409999999998945, 78.017604097075434311, 3531.4290000000000873, 1, 3534.8409999999998945, 0, 3531.4290000000000873, 0
3534.8499999999999091, 328.94051287627894453, 3531.4360000000001492, 0, 3534.8499999999999091, 0, 3531.4360000000001492, 1, 3534.8499999999999091, 72.969318792505589499, 3531.4360000000001492, 1, 3534.8499999999999091, 0, 3531.4360000000001492, 0
3534.8600000000001273, 108.69708570229528277, 3531.4389999999998508, 0, 3534.8600000000001273, 0, 3531.4389999999998508, 1, 3534.8600000000001273, 66.26450196646614188, 3531.4389999999998508, 1, 3534.8600000000001273, 0, 3531.4389999999998508, 0
3534.8800000000001091, 5.9495614390176401187, 3531.44399999999996, 0, 3534.8800000000001091, 0, 3531.44399999999996, 1, 3534.8800000000001091, 48.973194671874516359, 3531.44399999999996, 1, 3534.8800000000001091, 0, 3531.44399999999996, 0
3534.8800000000001091, 0, 3531.4490000000000691, 0, 3534.8800000000001091, 0, 3531.4490000000000691, 1, 3534.8800000000001091, 29.301732160548400685, 3531.4490000000000691, 1, 3534.8800000000001091, 55.020995929487853005, 3531.4490000000000691, 0
3534.8899999999998727, 0, 3531.4540000000001783, 0, 3534.8899999999998727, 0, 3531.4540000000001783, 1, 3534.8899999999998727, 22.396913012866566106, 3531.4540000000001783, 1, 3534.8899999999998727, 13.139218911718240079, 3531.4540000000001783, 0
3534.9000000000000909, 47.984360752906525249, 3531.4589999999998327, 0, 3534.9000000000000909, 0, 3531.4589999999998327, 1, 3534.9000000000000909, 28.261042705208076598, 3531.4589999999998327, 1, 3534.9000000000000909, 19.570501581771587496, 3531.4589999999998327, 0
3534.9200000000000728, 75.321448063811729412, 3531.4650000000001455, 0, 3534.9200000000000728, 0, 3531.4650000000001455, 1, 3534.9200000000000728, 36.398517130277475928, 3531.4650000000001455, 1, 3534.9200000000000728, 27.124635483648518175, 3531.4650000000001455, 0
3534.9200000000000728, 90.76310004963752931, 3531.4699999999997999, 0, 3534.9200000000000728, 0, 3531.4699999999997999, 1, 3534.9200000000000728, 37.892092204748124118, 3531.4699999999997999, 1, 3534.9200000000000728, 33.317348966229978657, 3531.4699999999997999, 0
3534.9389999999998508, 93.75954978923587646, 3531.4740000000001601, 0, 3534.9389999999998508, 88.806371774813158027, 3531.4740000000001601, 1, 3534.9389999999998508, 39.925604419528021083, 3531.4740000000001601, 1, 3534.9389999999998508, 32.627971409262030988, 3531.4740000000001601, 0
3534.9600000000000364, 28.173853451897812761, 3531.4789999999998145, 0, 3534.9600000000000364, 0, 3531.4789999999998145, 1, 3534.9600000000000364, 17.306944958763896381, 3531.4789999999998145, 1, 3534.9600000000000364, 77.912838141677326576, 3531.4789999999998145, 0
3534.9600000000000364, 68.173632334737447991, 3531.4839999999999236, 0, 3534.9600000000000364, 0, 3531.4839999999999236, 1, 3534.9600000000000364, 0, 3531.4839999999999236, 1, 3534.9600000000000364, 77.378290211895574657, 3531.4839999999999236, 0
3534.9800000000000182, 89.511597216772031516, 3531.4890000000000327, 0, 3534.9800000000000182, 0, 3531.4890000000000327, 1, 3534.9800000000000182, 0, 3531.4890000000000327, 1, 3534.9800000000000182, 78.19165413605983872, 3531.4890000000000327, 0
3534.9810000000002219, 101.25299488281514471, 3531.4949999999998909, 0, 3534.9810000000002219, 0, 3531.4949999999998909, 1, 3534.9810000000002219, 0, 3531.4949999999998909, 1, 3534.9810000000002219, 80.816664551988793619, 3531.4949999999998909, 0
3534.9899999999997817, 107.19157581344379082, 3531.4989999999997963, 0, 3534.9899999999997817, 0, 3531.4989999999997963, 1, 3534.9899999999997817, 0, 3531.4989999999997963, 1, 3534.9899999999997817, 84.435416933695307762, 3531.4989999999997963, 0
3535, 110.16695617054516276, 3531.5039999999999054, 0, 3535, 0, 3531.5039999999999054, 1, 3535, 0, 3531.5039999999999054, 1, 3535, 84.731109453933200371, 3531.5039999999999054, 0
3535.0100000000002183, 110.89794238713761843, 3531.5090000000000146, 0, 3535.0100000000002183, 0, 3531.5090000000000146, 1, 3535.0100000000002183, 0, 3531.5090000000000146, 1, 3535.0100000000002183, 89.803269646635669687, 3531.5090000000000146, 0
3535.0300000000002001, 110.08041364180976984, 3531.5140000000001237, 0, 3535.0300000000002001, 0, 3531.5140000000001237, 1, 3535.0300000000002001, 0, 3531.5140000000001237, 1, 3535.0300000000002001, 91.337876197665224254, 3531.5140000000001237, 0
3535.0399999999999636, 108.92810686814587484, 3531.5199999999999818, 0, 3535.0399999999999636, 0, 3531.5199999999999818, 1, 3535.0399999999999636, 0, 3531.5199999999999818, 1, 3535.0399999999999636, 97.831688677799661491, 3531.5199999999999818, 0
3535.0399999999999636, 107.18263690969398283, 3531.5239999999998872, 0, 3535.0399999999999636, 0, 3531.5239999999998872, 1, 3535.0399999999999636, 0, 3531.5239999999998872, 1, 3535.0399999999999636, 99.729675065007768353, 3531.5239999999998872, 0
3535.0500000000001819, 105.46221607192245528, 3531.5289999999999964, 0, 3535.0500000000001819, 0, 3531.5289999999999964, 1, 3535.0500000000001819, 0, 3531.5289999999999964, 1, 3535.0500000000001819, 104.6949854014724508, 3531.5289999999999964, 0
3535.0599999999999454, 104.0299592133916633, 3531.5340000000001055, 0, 3535.0599999999999454, 0, 3531.5340000000001055, 1, 3535.0599999999999454, 0, 3531.5340000000001055, 1, 3535.0599999999999454, 108.26134607727004777, 3531.5340000000001055, 0
3535.0799999999999272, 102.60471005793462496, 3531.5399999999999636, 0, 3535.0799999999999272, 0, 3531.5399999999999636, 1, 3535.0799999999999272, 0, 3531.5399999999999636, 1, 3535.0799999999999272, 111.16690779510952325, 3531.5399999999999636, 0
3535.0799999999999272, 101.47891461280717351, 3531.5450000000000728, 0, 3535.0799999999999272, 0, 3531.5450000000000728, 1, 3535.0799999999999272, 0, 3531.5450000000000728, 1, 3535.0799999999999272, 113.36583756525479316, 3531.5450000000000728, 0
3535.0999999999999091, 100.43599431702071456, 3531.5489999999999782, 0, 3535.0999999999999091, 0, 3531.5489999999999782, 1, 3535.0999999999999091, 0, 3531.5489999999999782, 1, 3535.0999999999999091, 113.17850604699057726, 3531.5489999999999782, 0
3535.0999999999999091, 99.553673287213655385, 3531.5549999999998363, 0, 3535.0999999999999091, 0, 3531.5549999999998363, 1, 3535.0999999999999091, 0, 3531.5549999999998363, 1, 3535.0999999999999091, 115.63242880709182714, 3531.5549999999998363, 0
3535.1100000000001273, 98.751310683205915097, 3531.5599999999999454, 0, 3535.1100000000001273, 0, 3531.5599999999999454, 1, 3535.1100000000001273, 0, 3531.5599999999999454, 1, 3535.1100000000001273, 115.73182585819003521, 3531.5599999999999454, 0
3535.1199999999998909, 98.092038256874360513, 3531.5639999999998508, 0, 3535.1199999999998909, 0, 3531.5639999999998508, 1, 3535.1199999999998909, 0, 3531.5639999999998508, 1, 3535.1199999999998909, 118.64523949460581775, 3531.5639999999998508, 0
3535.1300000000001091, 97.115019330301976197, 3531.56899999999996, 0, 3535.1300000000001091, 0, 3531.56899999999996, 1, 3535.1300000000001091, 0, 3531.56899999999996, 1, 3535.1300000000001091, 121.78124560790480757, 3531.56899999999996, 0
3535.1399999999998727, 95.729535737706072496, 3531.5749999999998181, 0, 3535.1399999999998727, 0, 3531.5749999999998181, 1, 3535.1399999999998727, 0, 3531.5749999999998181, 1, 3535.1399999999998727, 123.25190614253287436, 3531.5749999999998181, 0
3535.1500000000000909, 95.082241953013266311, 3531.5799999999999272, 0, 3535.1500000000000909, 0, 3531.5799999999999272, 1, 3535.1500000000000909, 0, 3531.5799999999999272, 1, 3535.1500000000000909, 123.25751608933985892, 3531.5799999999999272, 0
3535.1599999999998545, 93.297560676678159552, 3531.5850000000000364, 0, 3535.1599999999998545, 0, 3531.5850000000000364, 1, 3535.1599999999998545, 0, 3531.5850000000000364, 1, 3535.1599999999998545, 127.49922099657581498, 3531.5850000000000364, 0
3535.1700000000000728, 94.630421610520670583, 3531.5900000000001455, 0, 3535.1700000000000728, 0, 3531.5900000000001455, 1, 3535.1700000000000728, 0, 3531.5900000000001455, 1, 3535.1700000000000728, 123.12431346992929093, 3531.5900000000001455, 0
3535.1799999999998363, 91.395191751431156035, 3531.5940000000000509, 0, 3535.1799999999998363, 192.12895829386394553, 3531.5940000000000509, 1, 3535.1799999999998363, 258.22225186625246351, 3531.5940000000000509, 1, 3535.1799999999998363, 56.707973272041826363, 3531.5940000000000509, 0
3535.2010000000000218, 37.688727591643839787, 3531.5990000000001601, 0, 3535.2010000000000218, 141.93442043188792923, 3531.5990000000001601, 1, 3535.2010000000000218, 99.852163368541653199, 3531.5990000000001601, 1, 3535.2010000000000218, 19.109416571335074764, 3531.5990000000001601, 0
3535.2100000000000364, 10.834443450556435096, 3531.6039999999998145, 1, 3535.2100000000000364, 42.595092553158679038, 3531.6039999999998145, 1, 3535.2100000000000364, 60.343945642380887762, 3531.6039999999998145, 1, 3535.2100000000000364, 41.242057162362371514, 3531.6039999999998145, 1
3535.2100000000000364, 15.459680634113395215, 3531.6089999999999236, 1, 3535.2100000000000364, 27.118059814277017949, 3531.6089999999999236, 1, 3535.2100000000000364, 38.374803600752187549, 3531.6089999999999236, 1, 3535.2100000000000364, 48.744054603417971805, 3531.6089999999999236, 1
3535.2300000000000182, 26.791281541995342508, 3531.6140000000000327, 1, 3535.2300000000000182, 34.181750953386995207, 3531.6140000000000327, 1, 3535.2300000000000182, 28.805213164384106506, 3531.6140000000000327, 1, 3535.2300000000000182, 50.392038238246399828, 3531.6140000000000327, 1
3535.2399999999997817, 41.512142614531263973, 3531.6199999999998909, 1, 3535.2399999999997817, 41.868229472201960562, 3531.6199999999998909, 1, 3535.2399999999997817, 26.196212096067327479, 3531.6199999999998909, 1, 3535.2399999999997817, 52.034623759840073376, 3531.6199999999998909, 1
3535.2510000000002037, 55.585860163815269175, 3531.6239999999997963, 1, 3535.2510000000002037, 54.473470101984091229, 3531.6239999999997963, 1, 3535.2510000000002037, 27.41714154461683961, 3531.6239999999997963, 1, 3535.2510000000002037, 49.643326191711359741, 3531.6239999999997963, 1
3535.2600000000002183, 56.040912931590526114, 3531.6300000000001091, 1, 3535.2600000000002183, 59.564610208179068707, 3531.6300000000001091, 1, 3535.2600000000002183, 31.86026075975524563, 3531.6300000000001091, 1, 3535.2600000000002183, 44.595938613044907584, 3531.6300000000001091, 1
3535.2800000000002001, 2.0441143743607357308, 3531.6340000000000146, 1, 3535.2800000000002001, 63.857314767387691745, 3531.6340000000000146, 1, 3535.2800000000002001, 60.496987869303708862, 3531.6340000000000146, 1, 3535.2800000000002001, 1.540217196023441204, 3531.6340000000000146, 1
3535.2800000000002001, 0, 3531.6390000000001237, 1, 3535.2800000000002001, 89.698834152303703604, 3531.6390000000001237, 1, 3535.2800000000002001, 72.310781894159873673, 3531.6390000000001237, 1, 3535.2800000000002001, 0, 3531.6390000000001237, 1
3535.2899999999999636, 0, 3531.6439999999997781, 1, 3535.2899999999999636, 108.11374543482460808, 3531.6439999999997781, 1, 3535.2899999999999636, 72.904090476978154811, 3531.6439999999997781, 1, 3535.2899999999999636, 0, 3531.6439999999997781, 1
3535.3099999999999454, 0, 3531.6489999999998872, 1, 3535.3099999999999454, 123.46788142261647181, 3531.6489999999998872, 1, 3535.3099999999999454, 68.876747912392858098, 3531.6489999999998872, 1, 3535.3099999999999454, 0, 3531.6489999999998872, 1
3535.3099999999999454, 0, 3531.6550000000002001, 1, 3535.3099999999999454, 129.59417297216498355, 3531.6550000000002001, 1, 3535.3099999999999454, 65.285630345137121822, 3531.6550000000002001, 1, 3535.3099999999999454, 0, 3531.6550000000002001, 1
3535.3200000000001637, 0, 3531.6590000000001055, 1, 3535.3200000000001637, 132.0501016500864182, 3531.6590000000001055, 1, 3535.3200000000001637, 63.132431865923770431, 3531.6590000000001055, 1, 3535.3200000000001637, 0, 3531.6590000000001055, 1
3535.3299999999999272, 0, 3531.6640000000002146, 1, 3535.3299999999999272, 132.676760595876857, 3531.6640000000002146, 1, 3535.3299999999999272, 62.448508055290098184, 3531.6640000000002146, 1, 3535.3299999999999272, 0, 3531.6640000000002146, 1
3535.3400000000001455, 0, 3531.668999999999869, 1, 3535.3400000000001455, 132.0020805941764479, 3531.668999999999869, 1, 3535.3400000000001455, 65.035356184484669484, 3531.668999999999869, 1, 3535.3400000000001455, 0, 3531.668999999999869, 1
3535.3490000000001601, 0, 3531.6739999999999782, 1, 3535.3490000000001601, 131.21045094424121658, 3531.6739999999999782, 1, 3535.3490000000001601, 66.808654408041064698, 3531.6739999999999782, 1, 3535.3490000000001601, 0, 3531.6739999999999782, 1
3535.3710000000000946, 0, 3531.6799999999998363, 1, 3535.3710000000000946, 128.27325736144553048, 3531.6799999999998363, 0, 3535.3710000000000946, 71.11802326098239746, 3531.6799999999998363, 0, 3535.3710000000000946, 0, 3531.6799999999998363, 1
3535.3710000000000946, 0, 3531.6840000000001965, 1, 3535.3710000000000946, 125.4101463570528523, 3531.6840000000001965, 0, 3535.3710000000000946, 76.903043265515151461, 3531.6840000000001965, 0, 3535.3710000000000946, 0, 3531.6840000000001965, 1
3535.3800000000001091, 0, 3531.6900000000000546, 1, 3535.3800000000001091, 122.13363582003094621, 3531.6900000000000546, 0, 3535.3800000000001091, 80.693227258642139077, 3531.6900000000000546, 0, 3535.3800000000001091, 0, 3531.6900000000000546, 1
3535.4099999999998545, 0, 3531.69399999999996, 1, 3535.4099999999998545, 116.95104222000647098, 3531.69399999999996, 0, 3535.4099999999998545, 89.003905832910177764, 3531.69399999999996, 0, 3535.4099999999998545, 0, 3531.69399999999996, 1
3535.4099999999998545, 0, 3531.6999999999998181, 1, 3535.4099999999998545, 114.60178297964412764, 3531.6999999999998181, 0, 3535.4099999999998545, 88.795464968750337675, 3531.6999999999998181, 0, 3535.4099999999998545, 0, 3531.6999999999998181, 1
3535.4290000000000873, 0, 3531.7040000000001783, 1, 3535.4290000000000873, 112.48362166437510723, 3531.7040000000001783, 0, 3535.4290000000000873, 91.513807240968901624, 3531.7040000000001783, 0, 3535.4290000000000873, 0, 3531.7040000000001783, 1
3535.4400000000000546, 0, 3531.7089999999998327, 1, 3535.4400000000000546, 110.46211530821639712, 3531.7089999999998327, 0, 3535.4400000000000546, 91.952543925756771159, 3531.7089999999998327, 0, 3535.4400000000000546, 0, 3531.7089999999998327, 1
3535.4619999999999891, 0, 3531.7139999999999418, 1, 3535.4619999999999891, 105.78856871867381528, 3531.7139999999999418, 0, 3535.4619999999999891, 96.444526233177896302, 3531.7139999999999418, 0, 3535.4619999999999891, 0, 3531.7139999999999418, 1
3535.4619999999999891, 0, 3531.7190000000000509, 1, 3535.4619999999999891, 102.47698528474606405, 3531.7190000000000509, 0, 3535.4619999999999891, 102.87126604221892023, 3531.7190000000000509, 0, 3535.4619999999999891, 0, 3531.7190000000000509, 1
3535.4789999999998145, 371.72524630328967987, 3531.7249999999999091, 1, 3535.4789999999998145, 78.136557858713374003, 3531.7249999999999091, 0, 3535.4789999999998145, 98.844373430144628401, 3531.7249999999999091, 0, 3535.4789999999998145, 0, 3531.7249999999999091, 1
3535.4899999999997817, 372.90013579692265466, 3531.7289999999998145, 1, 3535.4899999999997817, 14.279029806418845894, 3531.7289999999998145, 0, 3535.4899999999997817, 74.527151098150142161, 3531.7289999999998145, 0, 3535.4899999999997817, 0, 3531.7289999999998145, 1
3535.5, 342.32538085548071649, 3531.7339999999999236, 1, 3535.5, 0, 3531.7339999999999236, 0, 3535.5, 67.393413400287613513, 3531.7339999999999236, 0, 3535.5, 0, 3531.7339999999999236, 1
3535.5109999999999673, 106.5663861348305943, 3531.7390000000000327, 1, 3535.5109999999999673, 0, 3531.7390000000000327, 0, 3535.5109999999999673, 65.988207635521078487, 3531.7390000000000327, 0, 3535.5109999999999673, 0, 3531.7390000000000327, 1
3535.5199999999999818, 10.335344968140384836, 3531.7440000000001419, 1, 3535.5199999999999818, 0, 3531.7440000000001419, 0, 3535.5199999999999818, 55.562646220819004839, 3531.7440000000001419, 0, 3535.5199999999999818, 0, 3531.7440000000001419, 1
3535.5300000000002001, 0, 3531.7510000000002037, 1, 3535.5300000000002001, 0, 3531.7510000000002037, 0, 3535.5300000000002001, 30.227337127048627963, 3531.7510000000002037, 0, 3535.5300000000002001, 0, 3531.7510000000002037, 1
3535.5399999999999636, 0, 3531.7550000000001091, 1, 3535.5399999999999636, 0, 3531.7550000000001091, 0, 3535.5399999999999636, 22.641008058714376716, 3531.7550000000001091, 0, 3535.5399999999999636, 32.526660720995465681, 3531.7550000000001091, 1
3535.5500000000001819, 47.506385083872977759, 3531.7590000000000146, 1, 3535.5500000000001819, 0, 3531.7590000000000146, 0, 3535.5500000000001819, 26.683371776701864775, 3531.7590000000000146, 0, 3535.5500000000001819, 18.742876206664085714, 3531.7590000000000146, 1
3535.5610000000001492, 74.489515740412002742, 3531.7649999999998727, 1, 3535.5610000000001492, 0, 3531.7649999999998727, 0, 3535.5610000000001492, 36.455302754112338448, 3531.7649999999998727, 0, 3535.5610000000001492, 27.984399298831004188, 3531.7649999999998727, 1
3535.5700000000001637, 90.943430406017455425, 3531.7689999999997781, 1, 3535.5700000000001637, 0, 3531.7689999999997781, 0, 3535.5700000000001637, 38.443390603978428999, 3531.7689999999997781, 0, 3535.5700000000001637, 34.024185354071541099, 3531.7689999999997781, 1
3535.581000000000131, 100.24902898867502188, 3531.7739999999998872, 1, 3535.581000000000131, 0, 3531.7739999999998872, 0, 3535.581000000000131, 38.840282077001688776, 3531.7739999999998872, 0, 3535.581000000000131, 41.026666042854678551, 3531.7739999999998872, 1
3535.5900000000001455, 57.209444226759181618, 3531.7789999999999964, 1, 3535.5900000000001455, 152.62729652168249572, 3531.7789999999999964, 0, 3535.5900000000001455, 159.33008694693620555, 3531.7789999999999964, 0, 3535.5900000000001455, 82.756188385028551124, 3531.7789999999999964, 1
3535.5999999999999091, 29.299839383018003502, 3531.7860000000000582, 1, 3535.5999999999999091, 27.564841174161728077, 3531.7860000000000582, 0, 3535.5999999999999091, 33.414667545176953922, 3531.7860000000000582, 0, 3535.5999999999999091, 86.617781119499085207, 3531.7860000000000582, 1
3535.6100000000001273, 70.47991067458920611, 3531.7890000000002146, 1, 3535.6100000000001273, 0, 3531.7890000000002146, 0, 3535.6100000000001273, 0, 3531.7890000000002146, 0, 3535.6100000000001273, 77.651810236260075726, 3531.7890000000002146, 1
3535.6199999999998909, 89.595594326030720822, 3531.793999999999869, 1, 3535.6199999999998909, 0, 3531.793999999999869, 0, 3535.6199999999998909, 0, 3531.793999999999869, 0, 3535.6199999999998909, 78.943777735703392295, 3531.793999999999869, 1
3535.6300000000001091, 101.07324567634583445, 3531.7989999999999782, 1, 3535.6300000000001091, 0, 3531.7989999999999782, 0, 3535.6300000000001091, 0, 3531.7989999999999782, 0, 3535.6300000000001091, 80.513388356066826645, 3531.7989999999999782, 1
3535.6399999999998727, 106.59736498864849352, 3531.8040000000000873, 1, 3535.6399999999998727, 0, 3531.8040000000000873, 0, 3535.6399999999998727, 0, 3531.8040000000000873, 0, 3535.6399999999998727, 83.231341627905365499, 3531.8040000000000873, 1
3535.6599999999998545, 110.24635566678955456, 3531.8090000000001965, 1, 3535.6599999999998545, 0, 3531.8090000000001965, 0, 3535.6599999999998545, 0, 3531.8090000000001965, 0, 3535.6599999999998545, 84.302138980559519155, 3531.8090000000001965, 1
3535.6599999999998545, 110.75602680194903371, 3531.8139999999998508, 1, 3535.6599999999998545, 0, 3531.8139999999998508, 0, 3535.6599999999998545, 0, 3531.8139999999998508, 0, 3535.6599999999998545, 87.071994165124635856, 3531.8139999999998508, 1
3535.6700000000000728, 109.90578245587985862, 3531.81899999999996, 1, 3535.6700000000000728, 0, 3531.81899999999996, 0, 3535.6700000000000728, 0, 3531.81899999999996, 0, 3535.6700000000000728, 91.380838050110298809, 3531.81899999999996, 1
3535.6790000000000873, 109.01216050155832704, 3531.8240000000000691, 1, 3535.6790000000000873, 0, 3531.8240000000000691, 0, 3535.6790000000000873, 0, 3531.8240000000000691, 0, 3535.6790000000000873, 94.816839816821897102, 3531.8240000000000691, 1
3535.6990000000000691, 107.03280227524790291, 3531.8290000000001783, 1, 3535.6990000000000691, 0, 3531.8290000000001783, 0, 3535.6990000000000691, 0, 3531.8290000000001783, 0, 3535.6990000000000691, 95.033774780365064316, 3531.8290000000001783, 1
3535.6990000000000691, 105.46868572340689241, 3531.8339999999998327, 1, 3535.6990000000000691, 0, 3531.8339999999998327, 0, 3535.6990000000000691, 0, 3531.8339999999998327, 0, 3535.6990000000000691, 99.07001313378151508, 3531.8339999999998327, 1
3535.7199999999997999, 103.67780057559031093, 3531.8400000000001455, 1, 3535.7199999999997999, 0, 3531.8400000000001455, 0, 3535.7199999999997999, 0, 3531.8400000000001455, 0, 3535.7199999999997999, 104.81431170883925574, 3531.8400000000001455, 1
3535.7199999999997999, 102.45797911460681462, 3531.8440000000000509, 1, 3535.7199999999997999, 0, 3531.8440000000000509, 0, 3535.7199999999997999, 0, 3531.8440000000000509, 0, 3535.7199999999997999, 105.46049270415977617, 3531.8440000000000509, 1
3535.7300000000000182, 101.65084335155549411, 3531.8490000000001601, 1, 3535.7300000000000182, 0, 3531.8490000000001601, 0, 3535.7300000000000182, 0, 3531.8490000000001601, 0, 3535.7300000000000182, 111.13884497569873133, 3531.8490000000001601, 1
3535.7390000000000327, 100.84517256909535377, 3531.8550000000000182, 1, 3535.7390000000000327, 0, 3531.8550000000000182, 0, 3535.7390000000000327, 0, 3531.8550000000000182, 0, 3535.7390000000000327, 112.25617083920965911, 3531.8550000000000182, 1
3535.7510000000002037, 99.932675505338607991, 3531.8589999999999236, 1, 3535.7510000000002037, 0, 3531.8589999999999236, 0, 3535.7510000000002037, 0, 3531.8589999999999236, 0, 3535.7510000000002037, 113.82661267191353716, 3531.8589999999999236, 1
3535.7600000000002183, 99.029702763350698547, 3531.8649999999997817, 1, 3535.7600000000002183, 0, 3531.8649999999997817, 0, 3535.7600000000002183, 0, 3531.8649999999997817, 0, 3535.7600000000002183, 115.74229301144461601, 3531.8649999999997817, 1
3535.7699999999999818, 97.934246719864717079, 3531.8710000000000946, 1, 3535.7699999999999818, 0, 3531.8710000000000946, 0, 3535.7699999999999818, 0, 3531.8710000000000946, 0, 3535.7699999999999818, 117.23120189989363382, 3531.8710000000000946, 1
3535.7800000000002001, 95.85355736157885076, 3531.8739999999997963, 1, 3535.7800000000002001, 0, 3531.8739999999997963, 0, 3535.7800000000002001, 0, 3531.8739999999997963, 0, 3535.7800000000002001, 112.981981655091829, 3531.8739999999997963, 1
3535.7899999999999636, 94.988465983515240509, 3531.8800000000001091, 1, 3535.7899999999999636, 0, 3531.8800000000001091, 0, 3535.7899999999999636, 0, 3531.8800000000001091, 0, 3535.7899999999999636, 119.23493265684970766, 3531.8800000000001091, 1
3535.8000000000001819, 93.845465262939185891, 3531.8840000000000146, 1, 3535.8000000000001819, 0, 3531.8840000000000146, 0, 3535.8000000000001819, 0, 3531.8840000000000146, 0, 3535.8000000000001819, 120.00075898387747486, 3531.8840000000000146, 1
3535.8099999999999454, 93.445923278185546224, 3531.8890000000001237, 1, 3535.8099999999999454, 0, 3531.8890000000001237, 0, 3535.8099999999999454, 0, 3531.8890000000001237, 0, 3535.8099999999999454, 123.96955327016922865, 3531.8890000000001237, 1
3535.8299999999999272, 94.79619191273563672, 3531.8930000000000291, 1, 3535.8299999999999272, 0, 3531.8930000000000291, 0, 3535.8299999999999272, 0, 3531.8930000000000291, 0, 3535.8299999999999272, 121.69363003085859987, 3531.8930000000000291, 1
3535.8299999999999272, 85.135699425684663311, 3531.9000000000000909, 1, 3535.8299999999999272, 282.31036917817550602, 3531.9000000000000909, 0, 3535.8299999999999272, 254.2436964809961637, 3531.9000000000000909, 0, 3535.8299999999999272, 76.665779505701976859, 3531.9000000000000909, 1
3535.8400000000001455, 11.400238626592578584, 3531.9039999999999964, 1, 3535.8400000000001455, 122.61679181662643146, 3531.9039999999999964, 0, 3535.8400000000001455, 107.97226844523856926, 3531.9039999999999964, 0, 3535.8400000000001455, 23.094928281138180637, 3531.9039999999999964, 1
3535.8600000000001273, 2.8624940722591478703, 3531.9090000000001055, 1, 3535.8600000000001273, 32.781812715732129959, 3531.9090000000001055, 0, 3535.8600000000001273, 57.022467706697696599, 3531.9090000000001055, 0, 3535.8600000000001273, 40.166138564006040212, 3531.9090000000001055, 1
3535.8600000000001273, 9.0932092137742497329, 3531.9140000000002146, 1, 3535.8600000000001273, 24.98600046911336392, 3531.9140000000002146, 0, 3535.8600000000001273, 35.294069353891401875, 3531.9140000000002146, 0, 3535.8600000000001273, 47.798069218372020828, 3531.9140000000002146, 1
3535.8699999999998909, 20.40578181989758022, 3531.918999999999869, 1, 3535.8699999999998909, 32.358516902697139983, 3531.918999999999869, 0, 3535.8699999999998909, 23.712567422394307926, 3531.918999999999869, 0, 3535.8699999999998909, 53.041234946187714172, 3531.918999999999869, 1
3535.8800000000001091, 37.771694431146578097, 3531.9239999999999782, 1, 3535.8800000000001091, 42.284393511144998001, 3531.9239999999999782, 0, 3535.8800000000001091, 22.475440622250971501, 3531.9239999999999782, 0, 3535.8800000000001091, 55.384922311404700679, 3531.9239999999999782, 1
3535.8890000000001237, 47.363513811333426418, 3531.9290000000000873, 1, 3535.8890000000001237, 51.806857094541371112, 3531.9290000000000873, 1, 3535.8890000000001237, 24.158607949612488142, 3531.9290000000000873, 1, 3535.8890000000001237, 50.359972212084599619, 3531.9290000000000873, 1
3535.9090000000001055, 53.429746921190449882, 3531.9349999999999454, 1, 3535.9090000000001055, 57.024224407565952788, 3531.9349999999999454, 1, 3535.9090000000001055, 26.025447850494135338, 3531.9349999999999454, 1, 3535.9090000000001055, 47.963508010180447627, 3531.9349999999999454, 1
3535.9090000000001055, 59.504344221295525585, 3531.9389999999998508, 1, 3535.9090000000001055, 58.824991365370138396, 3531.9389999999998508, 1, 3535.9090000000001055, 30.241199843831736871, 3531.9389999999998508, 1, 3535.9090000000001055, 50.989939067719895149, 3531.9389999999998508, 1
3535.918999999999869, 1.5431706515231440324, 3531.943000000000211, 1, 3535.918999999999869, 63.336041815897104357, 3531.943000000000211, 1, 3535.918999999999869, 59.721043698506406372, 3531.943000000000211, 1, 3535.918999999999869, 2.5205498058570485753, 3531.943000000000211, 1
3535.9290000000000873, 0, 3531.9499999999998181, 1, 3535.9290000000000873, 89.739807390984353219, 3531.9499999999998181, 1, 3535.9290000000000873, 74.640820143290824262, 3531.9499999999998181, 1, 3535.9290000000000873, 0, 3531.9499999999998181, 1
3535.9400000000000546, 0, 3531.9549999999999272, 1, 3535.9400000000000546, 109.56155848105845507, 3531.9549999999999272, 1, 3535.9400000000000546, 74.354770140071167361, 3531.9549999999999272, 1, 3535.9400000000000546, 0, 3531.9549999999999272, 1
3535.9490000000000691, 0, 3531.9589999999998327, 1, 3535.9490000000000691, 122.22312613311346752, 3531.9589999999998327, 1, 3535.9490000000000691, 69.02953965221774979, 3531.9589999999998327, 1, 3535.9490000000000691, 0, 3531.9589999999998327, 1
3535.9699999999997999, 0, 3531.9639999999999418, 1, 3535.9699999999997999, 128.27505247761516216, 3531.9639999999999418, 1, 3535.9699999999997999, 65.7022334550041478, 3531.9639999999999418, 1, 3535.9699999999997999, 0, 3531.9639999999999418, 1
3535.9800000000000182, 0, 3531.9699999999997999, 1, 3535.9800000000000182, 132.02544473888468701, 3531.9699999999997999, 1, 3535.9800000000000182, 63.96468548441283275, 3531.9699999999997999, 1, 3535.9800000000000182, 0, 3531.9699999999997999, 1
3535.9800000000000182, 0, 3531.9749999999999091, 1, 3535.9800000000000182, 131.12460883942773648, 3531.9749999999999091, 1, 3535.9800000000000182, 65.324171912575707211, 3531.9749999999999091, 1, 3535.9800000000000182, 0, 3531.9749999999999091, 1
3535.9899999999997817, 0, 3531.9800000000000182, 1, 3535.9899999999997817, 132.37966146554191482, 3531.9800000000000182, 1, 3535.9899999999997817, 62.705117871675284391, 3531.9800000000000182, 1, 3535.9899999999997817, 0, 3531.9800000000000182, 1
3536.0019999999999527, 0, 3531.9839999999999236, 1, 3536.0019999999999527, 129.6753799268863645, 3531.9839999999999236, 1, 3536.0019999999999527, 70.067736269359599532, 3531.9839999999999236, 1, 3536.0019999999999527, 0, 3531.9839999999999236, 1
3536.0109999999999673, 0, 3531.9890000000000327, 1, 3536.0109999999999673, 126.49710447765953347, 3531.9890000000000327, 1, 3536.0109999999999673, 73.530232963189746442, 3531.9890000000000327, 1, 3536.0109999999999673, 0, 3531.9890000000000327, 1
3536.0300000000002001, 0, 3531.9940000000001419, 1, 3536.0300000000002001, 123.87660261602225376, 3531.9940000000001419, 1, 3536.0300000000002001, 77.378717864690486294, 3531.9940000000001419, 1, 3536.0300000000002001, 0, 3531.9940000000001419, 1
3536.0300000000002001, 0, 3531.9989999999997963, 1, 3536.0300000000002001, 121.00646931465746547, 3531.9989999999997963, 1, 3536.0300000000002001, 81.776574465809900971, 3531.9989999999997963, 1, 3536.0300000000002001, 0, 3531.9989999999997963, 1
3536.0500000000001819, 0, 3532.0039999999999054, 0, 3536.0500000000001819, 117.75804452219533403, 3532.0039999999999054, 1, 3536.0500000000001819, 86.653998343554889061, 3532.0039999999999054, 1, 3536.0500000000001819, 0, 3532.0039999999999054, 0
3536.0599999999999454, 0, 3532.0100000000002183, 0, 3536.0599999999999454, 115.38421371223616063, 3532.0100000000002183, 1, 3536.0599999999999454, 89.398129169986873421, 3532.0100000000002183, 1, 3536.0599999999999454, 0, 3532.0100000000002183, 0
3536.0729999999998654, 0, 3532.0140000000001237, 0, 3536.0729999999998654, 113.194437209270518, 3532.0140000000001237, 1, 3536.0729999999998654, 91.194601788184655788, 3532.0140000000001237, 1, 3536.0729999999998654, 0, 3532.0140000000001237, 0
3536.0729999999998654, 0, 3532.0189999999997781, 0, 3536.0729999999998654, 111.03447541157513001, 3532.0189999999997781, 1, 3536.0729999999998654, 93.097135880998180824, 3532.0189999999997781, 1, 3536.0729999999998654, 0, 3532.0189999999997781, 0
3536.0799999999999272, 0, 3532.0239999999998872, 0, 3536.0799999999999272, 108.95767408880678317, 3532.0239999999998872, 1, 3536.0799999999999272, 95.3017659545037219, 3532.0239999999998872, 1, 3536.0799999999999272, 0, 3532.0239999999998872, 0
3536.0889999999999418, 0, 3532.0289999999999964, 0, 3536.0889999999999418, 106.87745873570887056, 3532.0289999999999964, 1, 3536.0889999999999418, 98.267371641594507992, 3532.0289999999999964, 1, 3536.0889999999999418, 0, 3532.0289999999999964, 0
3536.0990000000001601, 0, 3532.0340000000001055, 0, 3536.0990000000001601, 104.41693435620847197, 3532.0340000000001055, 1, 3536.0990000000001601, 102.22074872049412875, 3532.0340000000001055, 1, 3536.0990000000001601, 0, 3532.0340000000001055, 0
3536.1089999999999236, 0, 3532.0390000000002146, 0, 3536.1089999999999236, 101.44920399709323533, 3532.0390000000002146, 1, 3536.1089999999999236, 102.45897539942757248, 3532.0390000000002146, 1, 3536.1089999999999236, 0, 3532.0390000000002146, 0
3536.1190000000001419, 0, 3532.043999999999869, 0, 3536.1190000000001419, 99.144408552906497789, 3532.043999999999869, 1, 3536.1190000000001419, 105.18436192741583568, 3532.043999999999869, 1, 3536.1190000000001419, 0, 3532.043999999999869, 0
3536.1410000000000764, 366.91991285674532719, 3532.0489999999999782, 0, 3536.1410000000000764, 74.710549490193642441, 3532.0489999999999782, 1, 3536.1410000000000764, 98.161787269784227306, 3532.0489999999999782, 1, 3536.1410000000000764, 0, 3532.0489999999999782, 0
3536.1419999999998254, 368.65688084262819757, 3532.0540000000000873, 0, 3536.1419999999998254, 12.857874172815868974, 3532.0540000000000873, 1, 3536.1419999999998254, 72.820635784201314777, 3532.0540000000000873, 1, 3536.1419999999998254, 0, 3532.0540000000000873, 0
3536.1489999999998872, 336.48005893376705444, 3532.0579999999999927, 0, 3536.1489999999998872, 0, 3532.0579999999999927, 1, 3536.1489999999998872, 70.550128910676008331, 3532.0579999999999927, 1, 3536.1489999999998872, 0, 3532.0579999999999927, 0
3536.1599999999998545, 118.18186680761056095, 3532.0650000000000546, 0, 3536.1599999999998545, 0, 3532.0650000000000546, 1, 3536.1599999999998545, 86.242111724605905465, 3532.0650000000000546, 1, 3536.1599999999998545, 0, 3532.0650000000000546, 0
3536.1700000000000728, 9.906181453796524039, 3532.0700000000001637, 0, 3536.1700000000000728, 0, 3532.0700000000001637, 1, 3536.1700000000000728, 48.586604195922085125, 3532.0700000000001637, 1, 3536.1700000000000728, 0, 3532.0700000000001637, 0
3536.1799999999998363, 0, 3532.0740000000000691, 0, 3536.1799999999998363, 0, 3532.0740000000000691, 1, 3536.1799999999998363, 26.836789867192855752, 3532.0740000000000691, 1, 3536.1799999999998363, 0, 3532.0740000000000691, 0
3536.1900000000000546, 0, 3532.0790000000001783, 0, 3536.1900000000000546, 0, 3532.0790000000001783, 1, 3536.1900000000000546, 20.681969317959325139, 3532.0790000000001783, 1, 3536.1900000000000546, 38.368420433277705683, 3532.0790000000001783, 0
3536.2100000000000364, 0, 3532.0859999999997854, 0, 3536.2100000000000364, 0, 3532.0859999999997854, 1, 3536.2100000000000364, 26.541109147788571221, 3532.0859999999997854, 1, 3536.2100000000000364, 13.834998568130185248, 3532.0859999999997854, 0
3536.2210000000000036, 71.052369714808463641, 3532.0889999999999418, 0, 3536.2210000000000036, 0, 3532.0889999999999418, 1, 3536.2210000000000036, 28.308012955259879817, 3532.0889999999999418, 1, 3536.2210000000000036, 23.597517958009635919, 3532.0889999999999418, 0
3536.2300000000000182, 103.04871611387630992, 3532.0940000000000509, 0, 3536.2300000000000182, 0, 3532.0940000000000509, 1, 3536.2300000000000182, 38.609848450679599807, 3532.0940000000000509, 1, 3536.2300000000000182, 35.767939579668336592, 3532.0940000000000509, 0
3536.2300000000000182, 110.23415447391579391, 3532.0990000000001601, 0, 3536.2300000000000182, 94.848611616269351998, 3532.0990000000001601, 1, 3536.2300000000000182, 38.687605718504734398, 3532.0990000000001601, 1, 3536.2300000000000182, 42.394913309828261561, 3532.0990000000001601, 0
3536.25, 88.56410734740393309, 3532.1039999999998145, 0, 3536.25, 121.47610862833167289, 3532.1039999999998145, 1, 3536.25, 92.601327607237763573, 3532.1039999999998145, 1, 3536.25, 47.903649444364710064, 3532.1039999999998145, 0
3536.25, 12.984350606367947023, 3532.1089999999999236, 0, 3536.25, 138.91898132103654007, 3532.1089999999999236, 1, 3536.25, 161.48924432132466222, 3532.1089999999999236, 1, 3536.25, 90.244565310628019006, 3532.1089999999999236, 0
3536.2600000000002183, 44.974823170865846578, 3532.1140000000000327, 0, 3536.2600000000002183, 0, 3532.1140000000000327, 1, 3536.2600000000002183, 0, 3532.1140000000000327, 1, 3536.2600000000002183, 73.140552524402124845, 3532.1140000000000327, 0
3536.2699999999999818, 74.736227855298366762, 3532.1190000000001419, 0, 3536.2699999999999818, 0, 3532.1190000000001419, 1, 3536.2699999999999818, 0, 3532.1190000000001419, 1, 3536.2699999999999818, 71.082702186927704702, 3532.1190000000001419, 0
3536.2800000000002001, 92.637796873870655645, 3532.125, 0, 3536.2800000000002001, 0, 3532.125, 1, 3536.2800000000002001, 0, 3532.125, 1, 3536.2800000000002001, 75.919475150216683801, 3532.125, 0
3536.2899999999999636, 104.28414918082793861, 3532.1289999999999054, 0, 3536.2899999999999636, 0, 3532.1289999999999054, 1, 3536.2899999999999636, 0, 3532.1289999999999054, 1, 3536.2899999999999636, 78.869399288681080407, 3532.1289999999999054, 0
3536.3000000000001819, 108.68806657108001446, 3532.1350000000002183, 0, 3536.3000000000001819, 0, 3532.1350000000002183, 1, 3536.3000000000001819, 0, 3532.1350000000002183, 1, 3536.3000000000001819, 79.280429120534790854, 3532.1350000000002183, 0
3536.3099999999999454, 111.83135546772223279, 3532.1390000000001237, 0, 3536.3099999999999454, 0, 3532.1390000000001237, 1, 3536.3099999999999454, 0, 3532.1390000000001237, 1, 3536.3099999999999454, 81.790035886771732976, 3532.1390000000001237, 0
3536.3200000000001637, 112.32260339494970935, 3532.1439999999997781, 0, 3536.3200000000001637, 0, 3532.1439999999997781, 1, 3536.3200000000001637, 0, 3532.1439999999997781, 1, 3536.3200000000001637, 84.791903826949038603, 3532.1439999999997781, 0
3536.3299999999999272, 111.6388299303184084, 3532.1489999999998872, 0, 3536.3299999999999272, 0, 3532.1489999999998872, 1, 3536.3299999999999272, 0, 3532.1489999999998872, 1, 3536.3299999999999272, 88.87735320769985492, 3532.1489999999998872, 0
3536.3400000000001455, 110.23043106172755756, 3532.1550000000002001, 0, 3536.3400000000001455, 0, 3532.1550000000002001, 1, 3536.3400000000001455, 0, 3532.1550000000002001, 1, 3536.3400000000001455, 94.048995904473855489, 3532.1550000000002001, 0
3536.3490000000001601, 109.52000271802344855, 3532.1599999999998545, 0, 3536.3490000000001601, 0, 3532.1599999999998545, 1, 3536.3490000000001601, 0, 3532.1599999999998545, 1, 3536.3490000000001601, 97.717661372802922415, 3532.1599999999998545, 0
3536.3600000000001273, 107.2600403972436709, 3532.1640000000002146, 0, 3536.3600000000001273, 0, 3532.1640000000002146, 1, 3536.3600000000001273, 0, 3532.1640000000002146, 1, 3536.3600000000001273, 103.30657166132620262, 3532.1640000000002146, 0
3536.3800000000001091, 106.03463038911699812, 3532.168999999999869, 0, 3536.3800000000001091, 0, 3532.168999999999869, 1, 3536.3800000000001091, 0, 3532.168999999999869, 1, 3536.3800000000001091, 106.52764074255784976, 3532.168999999999869, 0
3536.3800000000001091, 104.95753787035337723, 3532.1739999999999782, 0, 3536.3800000000001091, 0, 3532.1739999999999782, 1, 3536.3800000000001091, 0, 3532.1739999999999782, 1, 3536.3800000000001091, 108.61383782002691589, 3532.1739999999999782, 0
3536.4070000000001528, 103.57454049460109502, 3532.1790000000000873, 0, 3536.4070000000001528, 0, 3532.1790000000000873, 1, 3536.4070000000001528, 0, 3532.1790000000000873, 1, 3536.4070000000001528, 109.48017130542815778, 3532.1790000000000873, 0
3536.4070000000001528, 102.74953028902444885, 3532.1840000000001965, 0, 3536.4070000000001528, 0, 3532.1840000000001965, 1, 3536.4070000000001528, 0, 3532.1840000000001965, 1, 3536.4070000000001528, 110.94089949250596305, 3532.1840000000001965, 0
3536.4099999999998545, 101.74637771241717132, 3532.1889999999998508, 0, 3536.4099999999998545, 0, 3532.1889999999998508, 1, 3536.4099999999998545, 0, 3532.1889999999998508, 1, 3536.4099999999998545, 112.71602324774974591, 3532.1889999999998508, 0
3536.4200000000000728, 100.6439059637785931, 3532.19399999999996, 0, 3536.4200000000000728, 0, 3532.19399999999996, 1, 3536.4200000000000728, 0, 3532.19399999999996, 1, 3536.4200000000000728, 115.29888459474821616, 3532.19399999999996, 0
3536.4360000000001492, 98.47354276878374435, 3532.1979999999998654, 0, 3536.4360000000001492, 0, 3532.1979999999998654, 1, 3536.4360000000001492, 0, 3532.1979999999998654, 1, 3536.4360000000001492, 109.47604294897531929, 3532.1979999999998654, 0
3536.4409999999998035, 99.235973343139789904, 3532.2040000000001783, 0, 3536.4409999999998035, 0, 3532.2040000000001783, 1, 3536.4409999999998035, 0, 3532.2040000000001783, 1, 3536.4409999999998035, 108.90054780425589342, 3532.2040000000001783, 0
3536.4499999999998181, 93.869540241362415145, 3532.2089999999998327, 0, 3536.4499999999998181, 0, 3532.2089999999998327, 1, 3536.4499999999998181, 0, 3532.2089999999998327, 1, 3536.4499999999998181, 124.82242999748339685, 3532.2089999999998327, 0
3536.4699999999997999, 94.485854636279839269, 3532.2139999999999418, 0, 3536.4699999999997999, 0, 3532.2139999999999418, 1, 3536.4699999999997999, 0, 3532.2139999999999418, 1, 3536.4699999999997999, 120.06801805196845123, 3532.2139999999999418, 0
3536.4699999999997999, 95.186956617786080415, 3532.2190000000000509, 0, 3536.4699999999997999, 0, 3532.2190000000000509, 1, 3536.4699999999997999, 0, 3532.2190000000000509, 1, 3536.4699999999997999, 117.28214430716836603, 3532.2190000000000509, 0
3536.4800000000000182, 96.325062248526435837, 3532.2240000000001601, 0, 3536.4800000000000182, 147.14089343916199937, 3532.2240000000001601, 1, 3536.4800000000000182, 321.85162321670668462, 3532.2240000000001601, 1, 3536.4800000000000182, 105.94215757910583875, 3532.2240000000001601, 0
3536.4890000000000327, 42.888350907999026163, 3532.2289999999998145, 0, 3536.4890000000000327, 222.07808326556104817, 3532.2289999999998145, 1, 3536.4890000000000327, 166.03276776304133477, 3532.2289999999998145, 1, 3536.4890000000000327, 16.459541273497936942, 3532.2289999999998145, 0
3536.5, 3.7831086623792300472, 3532.2339999999999236, 0, 3536.5, 55.739838049380523444, 3532.2339999999999236, 1, 3536.5, 76.049892301480582546, 3532.2339999999999236, 1, 3536.5, 33.086412161460103221, 3532.2339999999999236, 0
3536.5100000000002183, 8.0551870697286034328, 3532.2399999999997817, 0, 3536.5100000000002183, 21.646357564802258366, 3532.2399999999997817, 1, 3536.5100000000002183, 39.891182049234430451, 3532.2399999999997817, 1, 3536.5100000000002183, 47.703058292896272974, 3532.2399999999997817, 0
3536.5199999999999818, 17.317220451468863018, 3532.2429999999999382, 0, 3536.5199999999999818, 28.625882343492101256, 3532.2429999999999382, 1, 3536.5199999999999818, 26.895048493830561398, 3532.2429999999999382, 1, 3536.5199999999999818, 51.777750463435573636, 3532.2429999999999382, 0
3536.5289999999999964, 33.145165278931663977, 3532.2489999999997963, 0, 3536.5289999999999964, 40.114349836355557954, 3532.2489999999997963, 1, 3536.5289999999999964, 24.37756820775276978, 3532.2489999999997963, 1, 3536.5289999999999964, 54.253174899054783964, 3532.2489999999997963, 0
3536.5399999999999636, 45.374137524272072142, 3532.2539999999999054, 1, 3536.5399999999999636, 48.729173481034237625, 3532.2539999999999054, 1, 3536.5399999999999636, 24.920328842585941942, 3532.2539999999999054, 1, 3536.5399999999999636, 53.623884182756590633, 3532.2539999999999054, 1
3536.5500000000001819, 51.739380557259224247, 3532.2590000000000146, 1, 3536.5500000000001819, 56.364209476231891927, 3532.2590000000000146, 1, 3536.5500000000001819, 26.471711711508742582, 3532.2590000000000146, 1, 3536.5500000000001819, 48.738202506246352641, 3532.2590000000000146, 1
3536.5599999999999454, 48.62599172725676766, 3532.2640000000001237, 1, 3536.5599999999999454, 61.15218240861116783, 3532.2640000000001237, 1, 3536.5599999999999454, 27.274407816259330417, 3532.2640000000001237, 1, 3536.5599999999999454, 38.054472207434301367, 3532.2640000000001237, 1
3536.5709999999999127, 54.35264161439458519, 3532.2689999999997781, 1, 3536.5709999999999127, 61.922293982993878103, 3532.2689999999997781, 1, 3536.5709999999999127, 50.934734055213553461, 3532.2689999999997781, 1, 3536.5709999999999127, 46.806035278529869004, 3532.2689999999997781, 1
3536.5830000000000837, 0, 3532.2739999999998872, 1, 3536.5830000000000837, 81.296144589834511862, 3532.2739999999998872, 1, 3536.5830000000000837, 73.211810482233374842, 3532.2739999999998872, 1, 3536.5830000000000837, 0, 3532.2739999999998872, 1
3536.6159999999999854, 0, 3532.2779999999997926, 1, 3536.6159999999999854, 103.12738312265335594, 3532.2779999999997926, 1, 3536.6159999999999854, 76.691205372814181374, 3532.2779999999997926, 1, 3536.6159999999999854, 0, 3532.2779999999997926, 1
3536.6159999999999854, 0, 3532.2849999999998545, 1, 3536.6159999999999854, 124.23036247114529829, 3532.2849999999998545, 1, 3536.6159999999999854, 68.098950170956470629, 3532.2849999999998545, 1, 3536.6159999999999854, 0, 3532.2849999999998545, 1
3536.6309999999998581, 0, 3532.2899999999999636, 1, 3536.6309999999998581, 133.34170865687715946, 3532.2899999999999636, 1, 3536.6309999999998581, 66.778692779547839109, 3532.2899999999999636, 1, 3536.6309999999998581, 0, 3532.2899999999999636, 1
3536.6410000000000764, 0, 3532.293999999999869, 1, 3536.6410000000000764, 130.93987901807841467, 3532.293999999999869, 1, 3536.6410000000000764, 58.196782079430818158, 3532.293999999999869, 1, 3536.6410000000000764, 0, 3532.293999999999869, 1
3536.6509999999998399, 0, 3532.2989999999999782, 1, 3536.6509999999998399, 130.33581427585107804, 3532.2989999999999782, 1, 3536.6509999999998399, 66.482961523014211025, 3532.2989999999999782, 1, 3536.6509999999998399, 0, 3532.2989999999999782, 1
3536.6509999999998399, 0, 3532.3040000000000873, 1, 3536.6509999999998399, 128.85279045149218291, 3532.3040000000000873, 1, 3536.6509999999998399, 69.997727392406559943, 3532.3040000000000873, 1, 3536.6509999999998399, 0, 3532.3040000000000873, 1
3536.6700000000000728, 0, 3532.3090000000001965, 1, 3536.6700000000000728, 126.83711801286888488, 3532.3090000000001965, 1, 3536.6700000000000728, 73.169910489703568146, 3532.3090000000001965, 1, 3536.6700000000000728, 0, 3532.3090000000001965, 1
3536.6700000000000728, 0, 3532.3150000000000546, 1, 3536.6700000000000728, 123.89008470448416688, 3532.3150000000000546, 1, 3536.6700000000000728, 77.432329902774142738, 3532.3150000000000546, 1, 3536.6700000000000728, 0, 3532.3150000000000546, 1
3536.6909999999998035, 0, 3532.31899999999996, 1, 3536.6909999999998035, 122.09762569873402072, 3532.31899999999996, 1, 3536.6909999999998035, 79.232943381520527737, 3532.31899999999996, 1, 3536.6909999999998035, 0, 3532.31899999999996, 1
3536.7010000000000218, 0, 3532.3240000000000691, 1, 3536.7010000000000218, 116.84610551798846245, 3532.3240000000000691, 1, 3536.7010000000000218, 86.844778258519426117, 3532.3240000000000691, 1, 3536.7010000000000218, 0, 3532.3240000000000691, 1
3536.7119999999999891, 0, 3532.3299999999999272, 1, 3536.7119999999999891, 114.6339502788834892, 3532.3299999999999272, 0, 3536.7119999999999891, 88.111695910580067448, 3532.3299999999999272, 0, 3536.7119999999999891, 0, 3532.3299999999999272, 1
3536.7210000000000036, 0, 3532.3339999999998327, 1, 3536.7210000000000036, 111.93533753521731455, 3532.3339999999998327, 0, 3536.7210000000000036, 93.369897625160731991, 3532.3339999999998327, 0, 3536.7210000000000036, 0, 3532.3339999999998327, 1
3536.7310000000002219, 0, 3532.3389999999999418, 1, 3536.7310000000002219, 110.49587527366819018, 3532.3389999999999418, 0, 3536.7310000000002219, 93.891291950487200779, 3532.3389999999999418, 0, 3536.7310000000002219, 0, 3532.3389999999999418, 1
3536.7510000000002037, 0, 3532.3440000000000509, 1, 3536.7510000000002037, 108.33763059457152167, 3532.3440000000000509, 0, 3536.7510000000002037, 96.754379281145659775, 3532.3440000000000509, 0, 3536.7510000000002037, 0, 3532.3440000000000509, 1
3536.7510000000002037, 0, 3532.3479999999999563, 1, 3536.7510000000002037, 106.13934238643136609, 3532.3479999999999563, 0, 3536.7510000000002037, 100.28500931286528441, 3532.3479999999999563, 0, 3536.7510000000002037, 0, 3532.3479999999999563, 1
3536.7719999999999345, 0, 3532.3539999999998145, 1, 3536.7719999999999345, 103.63455743748724558, 3532.3539999999998145, 0, 3536.7719999999999345, 103.37562353720073816, 3532.3539999999998145, 0, 3536.7719999999999345, 0, 3532.3539999999998145, 1
3536.7809999999999491, 0, 3532.3600000000001273, 1, 3536.7809999999999491, 101.10881701996751758, 3532.3600000000001273, 0, 3536.7809999999999491, 106.87818152805756711, 3532.3600000000001273, 0, 3536.7809999999999491, 0, 3532.3600000000001273, 1
3536.7809999999999491, 354.88760094965527969, 3532.3659999999999854, 1, 3536.7809999999999491, 98.593127979044027143, 3532.3659999999999854, 0, 3536.7809999999999491, 106.18357324116685447, 3532.3659999999999854, 0, 3536.7809999999999491, 0, 3532.3659999999999854, 1
3536.7910000000001673, 381.63239438650600732, 3532.3690000000001419, 1, 3536.7910000000001673, 38.21787341120109005, 3532.3690000000001419, 0, 3536.7910000000001673, 86.231924018636576079, 3532.3690000000001419, 0, 3536.7910000000001673, 0, 3532.3690000000001419, 1
3536.8009999999999309, 364.26676711238042117, 3532.3739999999997963, 1, 3536.8009999999999309, 2.8840254440795867197, 3532.3739999999997963, 0, 3536.8009999999999309, 69.110577952106041266, 3532.3739999999997963, 0, 3536.8009999999999309, 0, 3532.3739999999997963, 1
3536.8110000000001492, 213.48891688429819169, 3532.3789999999999054, 1, 3536.8110000000001492, 0, 3532.3789999999999054, 0, 3536.8110000000001492, 79.292608563225002172, 3532.3789999999999054, 0, 3536.8110000000001492, 0, 3532.3789999999999054, 1
3536.831000000000131, 14.54149854225827454, 3532.3840000000000146, 1, 3536.831000000000131, 0, 3532.3840000000000146, 0, 3536.831000000000131, 60.348220087258667377, 3532.3840000000000146, 0, 3536.831000000000131, 0, 3532.3840000000000146, 1
3536.831000000000131, 0, 3532.3890000000001237, 1, 3536.831000000000131, 0, 3532.3890000000001237, 0, 3536.831000000000131, 35.728266699302722031, 3532.3890000000001237, 0, 3536.831000000000131, 76.958473713316593035, 3532.3890000000001237, 1
3536.8510000000001128, 0, 3532.3939999999997781, 1, 3536.8510000000001128, 0, 3532.3939999999997781, 0, 3536.8510000000001128, 21.52872345471759985, 3532.3939999999997781, 0, 3536.8510000000001128, 13.627209319430722445, 3532.3939999999997781, 1
3536.8510000000001128, 0, 3532.3989999999998872, 1, 3536.8510000000001128, 0, 3532.3989999999998872, 0, 3536.8510000000001128, 26.152877324635330325, 3532.3989999999998872, 0, 3536.8510000000001128, 17.160442388488224452, 3532.3989999999998872, 1
3536.8600000000001273, 74.782462286572410903, 3532.4039999999999964, 1, 3536.8600000000001273, 0, 3532.4039999999999964, 0, 3536.8600000000001273, 32.746815256997251709, 3532.4039999999999964, 0, 3536.8600000000001273, 26.660223894641802644, 3532.4039999999999964, 1
3536.8710000000000946, 86.589657539563631872, 3532.4090000000001055, 1, 3536.8710000000000946, 0, 3532.4090000000001055, 0, 3536.8710000000000946, 37.521993949257684164, 3532.4090000000001055, 0, 3536.8710000000000946, 32.740536113853437428, 3532.4090000000001055, 1
3536.8809999999998581, 95.543175914593433617, 3532.4130000000000109, 1, 3536.8809999999998581, 88.365227558537128516, 3532.4130000000000109, 0, 3536.8809999999998581, 39.698298633320668216, 3532.4130000000000109, 0, 3536.8809999999998581, 37.915049548574444316, 3532.4130000000000109, 1
3536.9009999999998399, 73.859400809696964529, 3532.418999999999869, 1, 3536.9009999999998399, 116.7530374131397366, 3532.418999999999869, 0, 3536.9009999999998399, 109.6761413796331226, 3532.418999999999869, 0, 3536.9009999999998399, 54.788426272884208856, 3532.418999999999869, 1
3536.9009999999998399, 14.597030506326435173, 3532.4279999999998836, 1, 3536.9009999999998399, 33.821727717877017483, 3532.4279999999998836, 0, 3536.9009999999998399, 84.988970026317971929, 3532.4279999999998836, 0, 3536.9009999999998399, 84.513307399394591357, 3532.4279999999998836, 1
3536.9110000000000582, 54.389961417427265644, 3532.4299999999998363, 1, 3536.9110000000000582, 0, 3532.4299999999998363, 0, 3536.9110000000000582, 0, 3532.4299999999998363, 0, 3536.9110000000000582, 75.479899424294771393, 3532.4299999999998363, 1
3536.9200000000000728, 81.85973770963803986, 3532.4340000000001965, 1, 3536.9200000000000728, 0, 3532.4340000000001965, 0, 3536.9200000000000728, 0, 3532.4340000000001965, 0, 3536.9200000000000728, 76.885098819175127005, 3532.4340000000001965, 1
3536.93100000000004, 96.651292073334133192, 3532.4389999999998508, 1, 3536.93100000000004, 0, 3532.4389999999998508, 0, 3536.93100000000004, 0, 3532.4389999999998508, 0, 3536.93100000000004, 82.635004447696104535, 3532.4389999999998508, 1
3536.9409999999998035, 106.12712651664151053, 3532.44399999999996, 1, 3536.9409999999998035, 0, 3532.44399999999996, 0, 3536.9409999999998035, 0, 3532.44399999999996, 0, 3536.9409999999998035, 79.716285057286341953, 3532.44399999999996, 1
3536.9510000000000218, 109.57129458659113652, 3532.4490000000000691, 1, 3536.9510000000000218, 0, 3532.4490000000000691, 0, 3536.9510000000000218, 0, 3532.4490000000000691, 0, 3536.9510000000000218, 84.804711073012995826, 3532.4490000000000691, 1
3536.9600000000000364, 111.70380631330959886, 3532.4540000000001783, 1, 3536.9600000000000364, 0, 3532.4540000000001783, 0, 3536.9600000000000364, 0, 3532.4540000000001783, 0, 3536.9600000000000364, 86.001084149659533296, 3532.4540000000001783, 1
3536.9710000000000036, 111.1967143608474089, 3532.4589999999998327, 1, 3536.9710000000000036, 0, 3532.4589999999998327, 0, 3536.9710000000000036, 0, 3532.4589999999998327, 0, 3536.9710000000000036, 87.547478007014120749, 3532.4589999999998327, 1
3536.9810000000002219, 110.11896022442741128, 3532.4639999999999418, 1, 3536.9810000000002219, 0, 3532.4639999999999418, 0, 3536.9810000000002219, 0, 3532.4639999999999418, 0, 3536.9810000000002219, 90.895676655531843835, 3532.4639999999999418, 1
3536.9909999999999854, 109.05947264774027872, 3532.4690000000000509, 1, 3536.9909999999999854, 0, 3532.4690000000000509, 0, 3536.9909999999999854, 0, 3532.4690000000000509, 0, 3536.9909999999999854, 94.368611357328092026, 3532.4690000000000509, 1
3537.0030000000001564, 106.48137565319775888, 3532.4740000000001601, 1, 3537.0030000000001564, 0, 3532.4740000000001601, 0, 3537.0030000000001564, 0, 3532.4740000000001601, 0, 3537.0030000000001564, 101.20679257836465581, 3532.4740000000001601, 1
3537.01299999999992, 105.97996555163845755, 3532.4789999999998145, 1, 3537.01299999999992, 0, 3532.4789999999998145, 0, 3537.01299999999992, 0, 3532.4789999999998145, 0, 3537.01299999999992, 103.31546828297001639, 3532.4789999999998145, 1
3537.0210000000001855, 104.29194811760413586, 3532.4839999999999236, 1, 3537.0210000000001855, 0, 3532.4839999999999236, 0, 3537.0210000000001855, 0, 3532.4839999999999236, 0, 3537.0210000000001855, 107.77532673370419047, 3532.4839999999999236, 1
3537.0410000000001673, 102.80026910460088629, 3532.4890000000000327, 1, 3537.0410000000001673, 0, 3532.4890000000000327, 0, 3537.0410000000001673, 0, 3532.4890000000000327, 0, 3537.0410000000001673, 110.69928486155171754, 3532.4890000000000327, 1
3537.0410000000001673, 101.93407631598716989, 3532.4909999999999854, 1, 3537.0410000000001673, 0, 3532.4909999999999854, 0, 3537.0410000000001673, 0, 3532.4909999999999854, 0, 3537.0410000000001673, 112.22008873600873358, 3532.4909999999999854, 1
3537.0509999999999309, 100.87928267781757086, 3532.4989999999997963, 1, 3537.0509999999999309, 0, 3532.4989999999997963, 0, 3537.0509999999999309, 0, 3532.4989999999997963, 0, 3537.0509999999999309, 113.58680554745771474, 3532.4989999999997963, 1
3537.0610000000001492, 99.689937481828067689, 3532.5050000000001091, 1, 3537.0610000000001492, 0, 3532.5050000000001091, 0, 3537.0610000000001492, 0, 3532.5050000000001091, 0, 3537.0610000000001492, 113.80395486607494604, 3532.5050000000001091, 1
3537.0709999999999127, 98.867773848727892982, 3532.5090000000000146, 1, 3537.0709999999999127, 0, 3532.5090000000000146, 0, 3537.0709999999999127, 0, 3532.5090000000000146, 0, 3537.0709999999999127, 116.2511057911735719, 3532.5090000000000146, 1
3537.081000000000131, 97.957995507284948644, 3532.5140000000001237, 1, 3537.081000000000131, 0, 3532.5140000000001237, 0, 3537.081000000000131, 0, 3532.5140000000001237, 0, 3537.081000000000131, 119.16340966765207554, 3532.5140000000001237, 1
3537.0909999999998945, 95.554632737791081354, 3532.5189999999997781, 1, 3537.0909999999998945, 0, 3532.5189999999997781, 0, 3537.0909999999998945, 0, 3532.5189999999997781, 0, 3537.0909999999998945, 115.21525885912541298, 3532.5189999999997781, 1
3537.1010000000001128, 95.451724725416639217, 3532.5239999999998872, 1, 3537.1010000000001128, 0, 3532.5239999999998872, 0, 3537.1010000000001128, 0, 3532.5239999999998872, 0, 3537.1010000000001128, 123.06756088037471386, 3532.5239999999998872, 1
3537.11200000000008, 94.433617575421308743, 3532.5289999999999964, 1, 3537.11200000000008, 0, 3532.5289999999999964, 0, 3537.11200000000008, 0, 3532.5289999999999964, 0, 3537.11200000000008, 123.89510767194263963, 3532.5289999999999964, 1
3537.1210000000000946, 94.299725373856205124, 3532.5340000000001055, 1, 3537.1210000000000946, 0, 3532.5340000000001055, 0, 3537.1210000000000946, 0, 3532.5340000000001055, 0, 3537.1210000000000946, 123.00854407606740892, 3532.5340000000001055, 1
3537.1309999999998581, 95.484662517896097711, 3532.5390000000002146, 1, 3537.1309999999998581, 372.33695340923156891, 3532.5390000000002146, 0, 3537.1309999999998581, 349.24409562356305514, 3532.5390000000002146, 0, 3537.1309999999998581, 116.87556060539594682, 3532.5390000000002146, 1
3537.1410000000000764, 34.397357277073176363, 3532.543999999999869, 1, 3537.1410000000000764, 217.96878973340784569, 3532.543999999999869, 0, 3537.1410000000000764, 196.39206630175442569, 3532.543999999999869, 0, 3537.1410000000000764, 29.108567786945354072, 3532.543999999999869, 1
3537.1610000000000582, 1.291054910808235423, 3532.5489999999999782, 1, 3537.1610000000000582, 52.184421044083109109, 3532.5489999999999782, 0, 3537.1610000000000582, 74.625131132710450288, 3532.5489999999999782, 0, 3537.1610000000000582, 27.861361434961647632, 3532.5489999999999782, 1
3537.1700000000000728, 5.6857044432770607045, 3532.5549999999998363, 1, 3537.1700000000000728, 21.076667864990998424, 3532.5549999999998363, 0, 3537.1700000000000728, 39.853512844113083702, 3532.5549999999998363, 0, 3537.1700000000000728, 40.8475843664018754, 3532.5549999999998363, 1
3537.1700000000000728, 16.209050883140271537, 3532.5599999999999454, 1, 3537.1700000000000728, 24.69784149221641556, 3532.5599999999999454, 0, 3537.1700000000000728, 24.94500158474208007, 3532.5599999999999454, 0, 3537.1700000000000728, 50.1318626325971195, 3532.5599999999999454, 1
3537.18100000000004, 33.105268718113450177, 3532.5639999999998508, 1, 3537.18100000000004, 37.481153896014717475, 3532.5639999999998508, 0, 3537.18100000000004, 22.847553614026182345, 3532.5639999999998508, 0, 3537.18100000000004, 53.155610649428730596, 3532.5639999999998508, 1
3537.1909999999998035, 45.955572893353192399, 3532.5709999999999127, 1, 3537.1909999999998035, 46.563350225592557763, 3532.5709999999999127, 0, 3537.1909999999998035, 24.048796188943455832, 3532.5709999999999127, 0, 3537.1909999999998035, 53.466144297219301507, 3532.5709999999999127, 1
3537.2109999999997854, 53.296291532142340941, 3532.5749999999998181, 1, 3537.2109999999997854, 52.636840326590856876, 3532.5749999999998181, 1, 3537.2109999999997854, 25.623710798265562971, 3532.5749999999998181, 1, 3537.2109999999997854, 51.682007671358483947, 3532.5749999999998181, 1
3537.2109999999997854, 57.717058661476883685, 3532.5790000000001783, 1, 3537.2109999999997854, 56.693183784233703193, 3532.5790000000001783, 1, 3537.2109999999997854, 26.883988587471588261, 3532.5790000000001783, 1, 3537.2109999999997854, 48.616351392474030035, 3532.5790000000001783, 1
3537.2210000000000036, 42.449222130814007414, 3532.5839999999998327, 1, 3537.2210000000000036, 55.609080995622136356, 3532.5839999999998327, 1, 3537.2210000000000036, 40.931687523657643624, 3532.5839999999998327, 1, 3537.2210000000000036, 35.20691058778191973, 3532.5839999999998327, 1
3537.2310000000002219, 0, 3532.5900000000001455, 1, 3537.2310000000002219, 74.25050632985539778, 3532.5900000000001455, 1, 3537.2310000000002219, 70.003206701506371701, 3532.5900000000001455, 1, 3537.2310000000002219, 0, 3532.5900000000001455, 1
3537.25, 0, 3532.5940000000000509, 1, 3537.25, 99.337652458224539487, 3532.5940000000000509, 1, 3537.25, 73.42395379549211043, 3532.5940000000000509, 1, 3537.25, 0, 3532.5940000000000509, 1
3537.2609999999999673, 0, 3532.5990000000001601, 1, 3537.2609999999999673, 114.95132587646710931, 3532.5990000000001601, 1, 3537.2609999999999673, 71.165807733959084658, 3532.5990000000001601, 1, 3537.2609999999999673, 0, 3532.5990000000001601, 1
3537.2710000000001855, 0, 3532.6039999999998145, 1, 3537.2710000000001855, 125.7861063465847451, 3532.6039999999998145, 1, 3537.2710000000001855, 67.454833690599485863, 3532.6039999999998145, 1, 3537.2710000000001855, 0, 3532.6039999999998145, 1
3537.2710000000001855, 0, 3532.6089999999999236, 1, 3537.2710000000001855, 132.10324420794719913, 3532.6089999999999236, 1, 3537.2710000000001855, 62.878271012077149749, 3532.6089999999999236, 1, 3537.2710000000001855, 0, 3532.6089999999999236, 1
3537.2809999999999491, 0, 3532.6140000000000327, 1, 3537.2809999999999491, 132.85144585153778962, 3532.6140000000000327, 1, 3537.2809999999999491, 62.079237098621895541, 3532.6140000000000327, 1, 3537.2809999999999491, 0, 3532.6140000000000327, 1
3537.2899999999999636, 0, 3532.6190000000001419, 1, 3537.2899999999999636, 131.57967653479607861, 3532.6190000000001419, 1, 3537.2899999999999636, 64.959412467108833766, 3532.6190000000001419, 1, 3537.2899999999999636, 0, 3532.6190000000001419, 1
3537.3000000000001819, 0, 3532.6239999999997963, 1, 3537.3000000000001819, 130.38150220450467032, 3532.6239999999997963, 1, 3537.3000000000001819, 66.567535790972144127, 3532.6239999999997963, 1, 3537.3000000000001819, 0, 3532.6239999999997963, 1
3537.3110000000001492, 0, 3532.6280000000001564, 1, 3537.3110000000001492, 128.42598023651024164, 3532.6280000000001564, 1, 3537.3110000000001492, 70.329552097309928627, 3532.6280000000001564, 1, 3537.3110000000001492, 0, 3532.6280000000001564, 1
3537.3299999999999272, 0, 3532.6340000000000146, 1, 3537.3299999999999272, 125.49297687459105077, 3532.6340000000000146, 1, 3537.3299999999999272, 75.271689414205454227, 3532.6340000000000146, 1, 3537.3299999999999272, 0, 3532.6340000000000146, 1
3537.3299999999999272, 0, 3532.6390000000001237, 1, 3537.3299999999999272, 122.22154229509655465, 3532.6390000000001237, 1, 3537.3299999999999272, 80.380728545894470471, 3532.6390000000001237, 1, 3537.3299999999999272, 0, 3532.6390000000001237, 1
3537.3429999999998472, 0, 3532.6439999999997781, 1, 3537.3429999999998472, 119.88343473567393005, 3532.6439999999997781, 1, 3537.3429999999998472, 82.593344810578628312, 3532.6439999999997781, 1, 3537.3429999999998472, 0, 3532.6439999999997781, 1
3537.3609999999998763, 0, 3532.6489999999998872, 1, 3537.3609999999998763, 115.32474119732133033, 3532.6489999999998872, 1, 3537.3609999999998763, 88.7477586193340926, 3532.6489999999998872, 1, 3537.3609999999998763, 0, 3532.6489999999998872, 1
3537.3710000000000946, 0, 3532.6539999999999964, 0, 3537.3710000000000946, 112.80416618368398929, 3532.6539999999999964, 1, 3537.3710000000000946, 91.445889981151353254, 3532.6539999999999964, 1, 3537.3710000000000946, 0, 3532.6539999999999964, 0
3537.3809999999998581, 0, 3532.6590000000001055, 0, 3537.3809999999998581, 110.50795470045201796, 3532.6590000000001055, 1, 3537.3809999999998581, 93.826562179915043771, 3532.6590000000001055, 1, 3537.3809999999998581, 0, 3532.6590000000001055, 0
3537.3919999999998254, 0, 3532.6649999999999636, 0, 3537.3919999999998254, 108.46949645914264693, 3532.6649999999999636, 1, 3537.3919999999998254, 96.318932559319136999, 3532.6649999999999636, 1, 3537.3919999999998254, 0, 3532.6649999999999636, 0
3537.4110000000000582, 0, 3532.6700000000000728, 0, 3537.4110000000000582, 106.23785123313248846, 3532.6700000000000728, 1, 3537.4110000000000582, 98.547396747440899389, 3532.6700000000000728, 1, 3537.4110000000000582, 0, 3532.6700000000000728, 0
3537.4209999999998217, 0, 3532.6739999999999782, 0, 3537.4209999999998217, 103.70304320344368421, 3532.6739999999999782, 1, 3537.4209999999998217, 102.6394532256688592, 3532.6739999999999782, 1, 3537.4209999999998217, 0, 3532.6739999999999782, 0
3537.4209999999998217, 0, 3532.6799999999998363, 0, 3537.4209999999998217, 100.91444553512897642, 3532.6799999999998363, 1, 3537.4209999999998217, 106.61568340607698246, 3532.6799999999998363, 1, 3537.4209999999998217, 0, 3532.6799999999998363, 0
3537.4409999999998035, 367.44434255275137957, 3532.6840000000001965, 0, 3537.4409999999998035, 97.858783056090729247, 3532.6840000000001965, 1, 3537.4409999999998035, 108.11252067144300781, 3532.6840000000001965, 1, 3537.4409999999998035, 0, 3532.6840000000001965, 0
3537.4409999999998035, 390.69753026523892458, 3532.6889999999998508, 0, 3537.4409999999998035, 37.781066104132506211, 3532.6889999999998508, 1, 3537.4409999999998035, 84.577092765459369161, 3532.6889999999998508, 1, 3537.4409999999998035, 0, 3532.6889999999998508, 0
3537.4510000000000218, 390.82467000741019092, 3532.69399999999996, 0, 3537.4510000000000218, 2.9626457679551174706, 3532.69399999999996, 1, 3537.4510000000000218, 66.767997450441953333, 3532.69399999999996, 1, 3537.4510000000000218, 0, 3532.69399999999996, 0
3537.4710000000000036, 262.88883712706632423, 3532.6999999999998181, 0, 3537.4710000000000036, 0, 3532.6999999999998181, 1, 3537.4710000000000036, 70.869127261306800847, 3532.6999999999998181, 1, 3537.4710000000000036, 0, 3532.6999999999998181, 0
3537.4710000000000036, 28.206000514213599217, 3532.7040000000001783, 0, 3537.4710000000000036, 0, 3532.7040000000001783, 1, 3537.4710000000000036, 60.239406546961355104, 3532.7040000000001783, 1, 3537.4710000000000036, 0, 3532.7040000000001783, 0
3537.4810000000002219, 1.6423871777378754971e-98, 3532.7089999999998327, 0, 3537.4810000000002219, 0, 3532.7089999999998327, 1, 3537.4810000000002219, 34.885257404480341847, 3532.7089999999998327, 1, 3537.4810000000002219, 0, 3532.7089999999998327, 0
3537.4909999999999854, 0, 3532.7139999999999418, 0, 3537.4909999999999854, 0, 3532.7139999999999418, 1, 3537.4909999999999854, 26.633403233259741683, 3532.7139999999999418, 1, 3537.4909999999999854, 56.69500315575305649, 3532.7139999999999418, 0
3537.5010000000002037, 0, 3532.7199999999997999, 0, 3537.5010000000002037, 0, 3532.7199999999997999, 1, 3537.5010000000002037, 22.297079256498179234, 3532.7199999999997999, 1, 3537.5010000000002037, 15.826682955480894321, 3532.7199999999997999, 0
3537.5109999999999673, 54.176685494842594437, 3532.7240000000001601, 0, 3537.5109999999999673, 0, 3532.7240000000001601, 1, 3537.5109999999999673, 27.820840239527580451, 3532.7240000000001601, 1, 3537.5109999999999673, 22.305098905667030351, 3532.7240000000001601, 0
3537.5309999999999491, 93.974284187635959142, 3532.7289999999998145, 0, 3537.5309999999999491, 0, 3532.7289999999998145, 1, 3537.5309999999999491, 36.468512840156883215, 3532.7289999999998145, 1, 3537.5309999999999491, 33.744768589513213897, 3532.7289999999998145, 0
3537.5309999999999491, 102.73402976487955129, 3532.7339999999999236, 0, 3537.5309999999999491, 0, 3532.7339999999999236, 1, 3537.5309999999999491, 38.925277365553341724, 3532.7339999999999236, 1, 3537.5309999999999491, 39.168170409481135152, 3532.7339999999999236, 0
3537.5399999999999636, 85.884776936859651641, 3532.7390000000000327, 0, 3537.5399999999999636, 140.91582263417714671, 3532.7390000000000327, 1, 3537.5399999999999636, 113.04142438010809713, 3532.7390000000000327, 1, 3537.5399999999999636, 55.720472535340093145, 3532.7390000000000327, 0
3537.5509999999999309, 20.591745302709760779, 3532.7440000000001419, 0, 3537.5509999999999309, 51.829815131951889384, 3532.7440000000001419, 1, 3537.5509999999999309, 130.17022774207282509, 3532.7440000000001419, 1, 3537.5509999999999309, 84.184687502252373292, 3532.7440000000001419, 0
3537.5610000000001492, 54.383296407900118652, 3532.75, 0, 3537.5610000000001492, 0, 3532.75, 1, 3537.5610000000001492, 0, 3532.75, 1, 3537.5610000000001492, 74.471094263963323101, 3532.75, 0
3537.5709999999999127, 80.039623276172534361, 3532.7550000000001091, 0, 3537.5709999999999127, 0, 3532.7550000000001091, 1, 3537.5709999999999127, 0, 3532.7550000000001091, 1, 3537.5709999999999127, 78.139430700407075392, 3532.7550000000001091, 0
3537.581000000000131, 96.373726639790490367, 3532.7590000000000146, 0, 3537.581000000000131, 0, 3532.7590000000000146, 1, 3537.581000000000131, 0, 3532.7590000000000146, 1, 3537.581000000000131, 77.65463530460537811, 3532.7590000000000146, 0
3537.5909999999998945, 105.71753929544793493, 3532.7640000000001237, 0, 3537.5909999999998945, 0, 3532.7640000000001237, 1, 3537.5909999999998945, 0, 3532.7640000000001237, 1, 3537.5909999999998945, 80.840800813974851735, 3532.7640000000001237, 0
3537.5999999999999091, 109.51497091118262972, 3532.7689999999997781, 0, 3537.5999999999999091, 0, 3532.7689999999997781, 1, 3537.5999999999999091, 0, 3532.7689999999997781, 1, 3537.5999999999999091, 84.98640859829964711, 3532.7689999999997781, 0
3537.6109999999998763, 111.43208265929337131, 3532.7750000000000909, 0, 3537.6109999999998763, 0, 3532.7750000000000909, 1, 3537.6109999999998763, 0, 3532.7750000000000909, 1, 3537.6109999999998763, 84.674114270481567246, 3532.7750000000000909, 0
3537.6210000000000946, 111.68677926214409979, 3532.7789999999999964, 0, 3537.6210000000000946, 0, 3532.7789999999999964, 1, 3537.6210000000000946, 0, 3532.7789999999999964, 1, 3537.6210000000000946, 88.289360992189500621, 3532.7789999999999964, 0
3537.6320000000000618, 109.96427207706220486, 3532.7840000000001055, 0, 3537.6320000000000618, 0, 3532.7840000000001055, 1, 3537.6320000000000618, 0, 3532.7840000000001055, 1, 3537.6320000000000618, 94.78104783519142984, 3532.7840000000001055, 0
3537.6410000000000764, 109.20860468783160968, 3532.7869999999998072, 0, 3537.6410000000000764, 0, 3532.7869999999998072, 1, 3537.6410000000000764, 0, 3532.7869999999998072, 1, 3537.6410000000000764, 93.782917935719638081, 3532.7869999999998072, 0
3537.6500000000000909, 106.50235623590285172, 3532.793999999999869, 0, 3537.6500000000000909, 0, 3532.793999999999869, 1, 3537.6500000000000909, 0, 3532.793999999999869, 1, 3537.6500000000000909, 97.352827913990438446, 3532.793999999999869, 0
3537.6610000000000582, 105.13707172683933777, 3532.8000000000001819, 0, 3537.6610000000000582, 0, 3532.8000000000001819, 1, 3537.6610000000000582, 0, 3532.8000000000001819, 1, 3537.6610000000000582, 100.49683792161913232, 3532.8000000000001819, 0
3537.6700000000000728, 103.11051784126641451, 3532.8040000000000873, 0, 3537.6700000000000728, 0, 3532.8040000000000873, 1, 3537.6700000000000728, 0, 3532.8040000000000873, 1, 3537.6700000000000728, 106.79230102436379468, 3532.8040000000000873, 0
3537.6799999999998363, 102.24432703277008727, 3532.8090000000001965, 0, 3537.6799999999998363, 0, 3532.8090000000001965, 1, 3537.6799999999998363, 0, 3532.8090000000001965, 1, 3537.6799999999998363, 111.2409746315814516, 3532.8090000000001965, 0
3537.6900000000000546, 101.38776505857507004, 3532.8139999999998508, 0, 3537.6900000000000546, 0, 3532.8139999999998508, 1, 3537.6900000000000546, 0, 3532.8139999999998508, 1, 3537.6900000000000546, 112.54444754100792636, 3532.8139999999998508, 0
3537.6999999999998181, 100.37224386563354983, 3532.8200000000001637, 0, 3537.6999999999998181, 0, 3532.8200000000001637, 1, 3537.6999999999998181, 0, 3532.8200000000001637, 1, 3537.6999999999998181, 114.17686669256175946, 3532.8200000000001637, 0
3537.7109999999997854, 99.471626446958310908, 3532.8240000000000691, 0, 3537.7109999999997854, 0, 3532.8240000000000691, 1, 3537.7109999999997854, 0, 3532.8240000000000691, 1, 3537.7109999999997854, 115.67394837872615199, 3532.8240000000000691, 0
3537.7210000000000036, 98.361979486651662796, 3532.831000000000131, 0, 3537.7210000000000036, 0, 3532.831000000000131, 1, 3537.7210000000000036, 0, 3532.831000000000131, 1, 3537.7210000000000036, 116.77843995044375447, 3532.831000000000131, 0
3537.7420000000001892, 97.677216202174207638, 3532.8339999999998327, 0, 3537.7420000000001892, 0, 3532.8339999999998327, 1, 3537.7420000000001892, 0, 3532.8339999999998327, 1, 3537.7420000000001892, 119.70823286900261451, 3532.8339999999998327, 0
3537.7420000000001892, 96.21469407976110233, 3532.8389999999999418, 0, 3537.7420000000001892, 0, 3532.8389999999999418, 1, 3537.7420000000001892, 0, 3532.8389999999999418, 1, 3537.7420000000001892, 122.92892822631472427, 3532.8389999999999418, 0
3537.7510000000002037, 95.458042127518524467, 3532.8440000000000509, 0, 3537.7510000000002037, 0, 3532.8440000000000509, 1, 3537.7510000000002037, 0, 3532.8440000000000509, 1, 3537.7510000000002037, 123.62697657642885929, 3532.8440000000000509, 0
3537.7640000000001237, 93.971331965057785851, 3532.8499999999999091, 0, 3537.7640000000001237, 0, 3532.8499999999999091, 1, 3537.7640000000001237, 0, 3532.8499999999999091, 1, 3537.7640000000001237, 124.33614990336684514, 3532.8499999999999091, 0
3537.7710000000001855, 92.670662747101317791, 3532.8539999999998145, 0, 3537.7710000000001855, 0, 3532.8539999999998145, 1, 3537.7710000000001855, 0, 3532.8539999999998145, 1, 3537.7710000000001855, 120.77402825586644042, 3532.8539999999998145, 0
3537.7809999999999491, 94.206683931436984381, 3532.8600000000001273, 0, 3537.7809999999999491, 0, 3532.8600000000001273, 1, 3537.7809999999999491, 339.11456153616103393, 3532.8600000000001273, 1, 3537.7809999999999491, 106.79497967240661183, 3532.8600000000001273, 0
3537.7899999999999636, 54.410719965741918713, 3532.8640000000000327, 0, 3537.7899999999999636, 202.57083304797183132, 3532.8640000000000327, 1, 3537.7899999999999636, 178.29307244659463549, 3532.8640000000000327, 1, 3537.7899999999999636, 19.488010073414351098, 3532.8640000000000327, 0
3537.8110000000001492, 6.9047193175593299941, 3532.8699999999998909, 0, 3537.8110000000001492, 69.569896933759537205, 3532.8699999999998909, 1, 3537.8110000000001492, 79.983825185329294527, 3532.8699999999998909, 1, 3537.8110000000001492, 26.682483829995263136, 3532.8699999999998909, 0
3537.8200000000001637, 8.5009215073529880158, 3532.8739999999997963, 0, 3537.8200000000001637, 27.940499416759784879, 3532.8739999999997963, 1, 3537.8200000000001637, 42.27384570436247202, 3532.8739999999997963, 1, 3537.8200000000001637, 42.769473996905468027, 3532.8739999999997963, 0
3537.8209999999999127, 17.56875012707580197, 3532.8789999999999054, 0, 3537.8209999999999127, 28.631414337928795533, 3532.8789999999999054, 1, 3537.8209999999999127, 26.763114064514311963, 3532.8789999999999054, 1, 3537.8209999999999127, 51.006282280445880417, 3532.8789999999999054, 0
3537.8299999999999272, 32.814778267616162566, 3532.8850000000002183, 0, 3537.8299999999999272, 38.530062840719885742, 3532.8850000000002183, 1, 3537.8299999999999272, 23.891642392309936582, 3532.8850000000002183, 1, 3537.8299999999999272, 54.203677280000519545, 3532.8850000000002183, 0
3537.8409999999998945, 44.277396862649105458, 3532.8899999999998727, 0, 3537.8409999999998945, 48.389689550812548191, 3532.8899999999998727, 1, 3537.8409999999998945, 24.61489033889715472, 3532.8899999999998727, 1, 3537.8409999999998945, 50.869542175516350824, 3532.8899999999998727, 0
3537.8510000000001128, 51.599811225238887857, 3532.8939999999997781, 0, 3537.8510000000001128, 53.469503429727978983, 3532.8939999999997781, 1, 3537.8510000000001128, 25.737754551750818166, 3532.8939999999997781, 1, 3537.8510000000001128, 51.041150889805848578, 3532.8939999999997781, 0
3537.8609999999998763, 47.953615427364589152, 3532.8989999999998872, 0, 3537.8609999999998763, 58.728310322250237618, 3532.8989999999998872, 1, 3537.8609999999998763, 26.785784602444387303, 3532.8989999999998872, 1, 3537.8609999999998763, 38.885430649331965469, 3532.8989999999998872, 0
3537.8710000000000946, 46.940256628418097762, 3532.9039999999999964, 1, 3537.8710000000000946, 59.057006386192462344, 3532.9039999999999964, 1, 3537.8710000000000946, 43.429074633603974576, 3532.9039999999999964, 1, 3537.8710000000000946, 36.88627390845711318, 3532.9039999999999964, 1
3537.8910000000000764, 0, 3532.9090000000001055, 1, 3537.8910000000000764, 78.642888660418833524, 3532.9090000000001055, 1, 3537.8910000000000764, 69.858569350879719195, 3532.9090000000001055, 1, 3537.8910000000000764, 0, 3532.9090000000001055, 1
3537.8910000000000764, 0, 3532.9140000000002146, 1, 3537.8910000000000764, 101.95167747547952786, 3532.9140000000002146, 1, 3537.8910000000000764, 74.49109874805148479, 3532.9140000000002146, 1, 3537.8910000000000764, 0, 3532.9140000000002146, 1
3537.9009999999998399, 0, 3532.9200000000000728, 1, 3537.9009999999998399, 116.96932522452377157, 3532.9200000000000728, 1, 3537.9009999999998399, 72.73175310649429548, 3532.9200000000000728, 1, 3537.9009999999998399, 0, 3532.9200000000000728, 1
3537.9209999999998217, 0, 3532.9250000000001819, 1, 3537.9209999999998217, 126.13503649771081427, 3532.9250000000001819, 1, 3537.9209999999998217, 67.661262804002291205, 3532.9250000000001819, 1, 3537.9209999999998217, 0, 3532.9250000000001819, 1
3537.9299999999998363, 0, 3532.9290000000000873, 1, 3537.9299999999998363, 130.32141911910613885, 3532.9290000000000873, 1, 3537.9299999999998363, 64.765010501647225283, 3532.9290000000000873, 1, 3537.9299999999998363, 0, 3532.9290000000000873, 1
3537.93100000000004, 0, 3532.9340000000001965, 1, 3537.93100000000004, 131.41151077852717322, 3532.9340000000001965, 1, 3537.93100000000004, 63.965578271870406013, 3532.9340000000001965, 1, 3537.93100000000004, 0, 3532.9340000000001965, 1
3537.9510000000000218, 0, 3532.9409999999998035, 1, 3537.9510000000000218, 131.85029900152699156, 3532.9409999999998035, 1, 3537.9510000000000218, 64.952492741593445658, 3532.9409999999998035, 1, 3537.9510000000000218, 0, 3532.9409999999998035, 1
3537.9600000000000364, 0, 3532.9450000000001637, 1, 3537.9600000000000364, 130.00091725688753286, 3532.9450000000001637, 1, 3537.9600000000000364, 67.642083924083308943, 3532.9450000000001637, 1, 3537.9600000000000364, 0, 3532.9450000000001637, 1
3537.9600000000000364, 0, 3532.9490000000000691, 1, 3537.9600000000000364, 127.49982913057709766, 3532.9490000000000691, 1, 3537.9600000000000364, 71.470094026867400316, 3532.9490000000000691, 1, 3537.9600000000000364, 0, 3532.9490000000000691, 1
3537.9699999999997999, 0, 3532.9540000000001783, 1, 3537.9699999999997999, 124.67035689646067453, 3532.9540000000001783, 1, 3537.9699999999997999, 75.924799110347450437, 3532.9540000000001783, 1, 3537.9699999999997999, 0, 3532.9540000000001783, 1
3537.9909999999999854, 0, 3532.9589999999998327, 1, 3537.9909999999999854, 122.99776150015895837, 3532.9589999999998327, 1, 3537.9909999999999854, 78.605777206721654693, 3532.9589999999998327, 1, 3537.9909999999999854, 0, 3532.9589999999998327, 1
3537.9909999999999854, 0, 3532.9639999999999418, 1, 3537.9909999999999854, 120.08383443293605808, 3532.9639999999999418, 1, 3537.9909999999999854, 83.032582855883632078, 3532.9639999999999418, 1, 3537.9909999999999854, 0, 3532.9639999999999418, 1
3538.0100000000002183, 0, 3532.9729999999999563, 1, 3538.0100000000002183, 117.51367366460047492, 3532.9729999999999563, 1, 3538.0100000000002183, 86.032200303257454266, 3532.9729999999999563, 1, 3538.0100000000002183, 0, 3532.9729999999999563, 1
3538.0199999999999818, 0, 3532.9740000000001601, 1, 3538.0199999999999818, 114.93214605025690389, 3532.9740000000001601, 1, 3538.0199999999999818, 87.536596550183119803, 3532.9740000000001601, 1, 3538.0199999999999818, 0, 3532.9740000000001601, 1
3538.0210000000001855, 0, 3532.9800000000000182, 1, 3538.0210000000001855, 112.68295508541768868, 3532.9800000000000182, 0, 3538.0210000000001855, 89.642952534788491903, 3532.9800000000000182, 0, 3538.0210000000001855, 0, 3532.9800000000000182, 1
3538.0410000000001673, 0, 3532.9839999999999236, 1, 3538.0410000000001673, 110.54701039355384751, 3532.9839999999999236, 0, 3538.0410000000001673, 91.716636137921142335, 3532.9839999999999236, 0, 3538.0410000000001673, 0, 3532.9839999999999236, 1
3538.0410000000001673, 0, 3532.9890000000000327, 1, 3538.0410000000001673, 108.26165496519097076, 3532.9890000000000327, 0, 3538.0410000000001673, 94.568753368194023778, 3532.9890000000000327, 0, 3538.0410000000001673, 0, 3532.9890000000000327, 1
3538.0500000000001819, 0, 3532.9940000000001419, 1, 3538.0500000000001819, 106.1167899842212563, 3532.9940000000001419, 0, 3538.0500000000001819, 97.985110571432812776, 3532.9940000000001419, 0, 3538.0500000000001819, 0, 3532.9940000000001419, 1
3538.0599999999999454, 0, 3532.9989999999997963, 1, 3538.0599999999999454, 103.67896885183978384, 3532.9989999999997963, 0, 3538.0599999999999454, 102.90512618148417801, 3532.9989999999997963, 0, 3538.0599999999999454, 0, 3532.9989999999997963, 1
3538.0700000000001637, 0, 3533.0039999999999054, 1, 3538.0700000000001637, 101.10931744026636636, 3533.0039999999999054, 0, 3538.0700000000001637, 106.4573033975374301, 3533.0039999999999054, 0, 3538.0700000000001637, 0, 3533.0039999999999054, 1
3538.0799999999999272, 344.76913532023957032, 3533.0100000000002183, 1, 3538.0799999999999272, 98.492718234390082443, 3533.0100000000002183, 0, 3538.0799999999999272, 109.09720191759041086, 3533.0100000000002183, 0, 3538.0799999999999272, 0, 3533.0100000000002183, 1
3538.0900000000001455, 383.18595498266739696, 3533.0140000000001237, 1, 3538.0900000000001455, 45.676992524178665178, 3533.0140000000001237, 0, 3538.0900000000001455, 87.271477529200382151, 3533.0140000000001237, 0, 3538.0900000000001455, 0, 3533.0140000000001237, 1
3538.0999999999999091, 391.52361617126138071, 3533.0189999999997781, 1, 3538.0999999999999091, 4.1516711109116410938, 3533.0189999999997781, 0, 3538.0999999999999091, 66.915244715088206817, 3533.0189999999997781, 0, 3538.0999999999999091, 0, 3533.0189999999997781, 1
3538.1100000000001273, 226.7001673003170481, 3533.0239999999998872, 1, 3538.1100000000001273, 0, 3533.0239999999998872, 0, 3538.1100000000001273, 83.403858218193505536, 3533.0239999999998872, 0, 3538.1100000000001273, 0, 3533.0239999999998872, 1
3538.1199999999998909, 46.452082492995970142, 3533.0300000000002001, 1, 3538.1199999999998909, 0, 3533.0300000000002001, 0, 3538.1199999999998909, 63.802004834391198074, 3533.0300000000002001, 0, 3538.1199999999998909, 0, 3533.0300000000002001, 1
3538.1309999999998581, 0.04289548097070788879, 3533.0340000000001055, 1, 3538.1309999999998581, 0, 3533.0340000000001055, 0, 3538.1309999999998581, 33.70362326568178446, 3533.0340000000001055, 0, 3538.1309999999998581, 0, 3533.0340000000001055, 1
3538.1410000000000764, 0, 3533.0390000000002146, 1, 3538.1410000000000764, 0, 3533.0390000000002146, 0, 3538.1410000000000764, 23.553188683450144936, 3533.0390000000002146, 0, 3538.1410000000000764, 37.133189635862777322, 3533.0390000000002146, 1
3538.1500000000000909, 0, 3533.043999999999869, 1, 3538.1500000000000909, 0, 3533.043999999999869, 0, 3538.1500000000000909, 24.146522360024668785, 3533.043999999999869, 0, 3538.1500000000000909, 14.839402586616259327, 3533.043999999999869, 1
3538.1599999999998545, 53.318951614180363663, 3533.0500000000001819, 1, 3538.1599999999998545, 0, 3533.0500000000001819, 0, 3538.1599999999998545, 27.000395475115240629, 3533.0500000000001819, 0, 3538.1599999999998545, 19.357285338627598037, 3533.0500000000001819, 1
3538.1700000000000728, 88.239127460946434667, 3533.0540000000000873, 1, 3538.1700000000000728, 0, 3533.0540000000000873, 0, 3538.1700000000000728, 34.63489207405818604, 3533.0540000000000873, 0, 3538.1700000000000728, 31.364066048584771096, 3533.0540000000000873, 1
3538.18100000000004, 101.53682025007273637, 3533.0590000000001965, 1, 3538.18100000000004, 0, 3533.0590000000001965, 0, 3538.18100000000004, 38.064806177335626103, 3533.0590000000001965, 0, 3538.18100000000004, 37.49050065806190446, 3533.0590000000001965, 1
3538.1900000000000546, 104.27964835581116176, 3533.0630000000001019, 1, 3538.1900000000000546, 95.224552625306685627, 3533.0630000000001019, 0, 3538.1900000000000546, 40.174142035719718535, 3533.0630000000001019, 0, 3538.1900000000000546, 41.635292222426677711, 3533.0630000000001019, 1
3538.2010000000000218, 44.33388643145299568, 3533.06899999999996, 1, 3538.2010000000000218, 115.8049003031488553, 3533.06899999999996, 0, 3538.2010000000000218, 159.80116352597804052, 3533.06899999999996, 0, 3538.2010000000000218, 81.578534184365153692, 3533.06899999999996, 1
3538.2109999999997854, 39.113548332736257862, 3533.0740000000000691, 1, 3538.2109999999997854, 0, 3533.0740000000000691, 0, 3538.2109999999997854, 0, 3533.0740000000000691, 0, 3538.2109999999997854, 83.211137997186327198, 3533.0740000000000691, 1
3538.2210000000000036, 73.598863521241781882, 3533.0779999999999745, 1, 3538.2210000000000036, 0, 3533.0779999999999745, 0, 3538.2210000000000036, 0, 3533.0779999999999745, 0, 3538.2210000000000036, 79.071556582365900567, 3533.0779999999999745, 1
3538.2310000000002219, 93.195542168320315568, 3533.0839999999998327, 1, 3538.2310000000002219, 0, 3533.0839999999998327, 0, 3538.2310000000002219, 0, 3533.0839999999998327, 0, 3538.2310000000002219, 80.223735883566519078, 3533.0839999999998327, 1
3538.2409999999999854, 101.57580641453924386, 3533.0900000000001455, 1, 3538.2409999999999854, 0, 3533.0900000000001455, 0, 3538.2409999999999854, 0, 3533.0900000000001455, 0, 3538.2409999999999854, 80.3599716362375176, 3533.0900000000001455, 1
3538.2510000000002037, 107.23814193603240597, 3533.0940000000000509, 1, 3538.2510000000002037, 0, 3533.0940000000000509, 0, 3538.2510000000002037, 0, 3533.0940000000000509, 0, 3538.2510000000002037, 83.82133407567008021, 3533.0940000000000509, 1
3538.262000000000171, 109.74015679940060863, 3533.0990000000001601, 1, 3538.262000000000171, 0, 3533.0990000000001601, 0, 3538.262000000000171, 0, 3533.0990000000001601, 0, 3538.262000000000171, 84.932090966870049442, 3533.0990000000001601, 1
3538.2710000000001855, 110.14134900415695029, 3533.1039999999998145, 1, 3538.2710000000001855, 0, 3533.1039999999998145, 0, 3538.2710000000001855, 0, 3533.1039999999998145, 0, 3538.2710000000001855, 87.875249556632667236, 3533.1039999999998145, 1
3538.2910000000001673, 110.12706694459313894, 3533.1080000000001746, 1, 3538.2910000000001673, 0, 3533.1080000000001746, 0, 3538.2910000000001673, 0, 3533.1080000000001746, 0, 3538.2910000000001673, 89.46731319228109669, 3533.1080000000001746, 1
3538.3009999999999309, 107.18188059612923269, 3533.1140000000000327, 1, 3538.3009999999999309, 0, 3533.1140000000000327, 0, 3538.3009999999999309, 0, 3533.1140000000000327, 0, 3538.3009999999999309, 95.75395851237172451, 3533.1140000000000327, 1
3538.3209999999999127, 104.50146155654573477, 3533.1199999999998909, 1, 3538.3209999999999127, 0, 3533.1199999999998909, 0, 3538.3209999999999127, 0, 3533.1199999999998909, 0, 3538.3209999999999127, 99.334226907652549698, 3533.1199999999998909, 1
3538.3209999999999127, 102.61543504359573831, 3533.1239999999997963, 1, 3538.3209999999999127, 0, 3533.1239999999997963, 0, 3538.3209999999999127, 0, 3533.1239999999997963, 0, 3538.3209999999999127, 105.28054955280094873, 3533.1239999999997963, 1
3538.3299999999999272, 101.5554773235039363, 3533.1289999999999054, 1, 3538.3299999999999272, 0, 3533.1289999999999054, 0, 3538.3299999999999272, 0, 3533.1289999999999054, 0, 3538.3299999999999272, 108.34179498978821243, 3533.1289999999999054, 1
3538.3409999999998945, 100.88426279013849296, 3533.1340000000000146, 1, 3538.3409999999998945, 0, 3533.1340000000000146, 0, 3538.3409999999998945, 0, 3533.1340000000000146, 0, 3538.3409999999998945, 112.44658734116170251, 3533.1340000000000146, 1
3538.3510000000001128, 99.994371411827103202, 3533.1390000000001237, 1, 3538.3510000000001128, 0, 3533.1390000000001237, 0, 3538.3510000000001128, 0, 3533.1390000000001237, 0, 3538.3510000000001128, 113.61419479925065446, 3533.1390000000001237, 1
3538.3609999999998763, 99.393473595321268022, 3533.1449999999999818, 1, 3538.3609999999998763, 0, 3533.1449999999999818, 0, 3538.3609999999998763, 0, 3533.1449999999999818, 0, 3538.3609999999998763, 114.83275554589212675, 3533.1449999999999818, 1
3538.3710000000000946, 98.566622263957640371, 3533.1489999999998872, 1, 3538.3710000000000946, 0, 3533.1489999999998872, 0, 3538.3710000000000946, 0, 3533.1489999999998872, 0, 3538.3710000000000946, 116.45597314245799225, 3533.1489999999998872, 1
3538.3910000000000764, 97.37155250902786463, 3533.1550000000002001, 1, 3538.3910000000000764, 0, 3533.1550000000002001, 0, 3538.3910000000000764, 0, 3533.1550000000002001, 0, 3538.3910000000000764, 117.49192209991348079, 3533.1550000000002001, 1
3538.3910000000000764, 96.496042574131166703, 3533.1590000000001055, 1, 3538.3910000000000764, 0, 3533.1590000000001055, 0, 3538.3910000000000764, 0, 3533.1590000000001055, 0, 3538.3910000000000764, 120.08848617604320452, 3533.1590000000001055, 1
3538.4009999999998399, 95.003640923559373732, 3533.1640000000002146, 1, 3538.4009999999998399, 0, 3533.1640000000002146, 0, 3538.4009999999998399, 0, 3533.1640000000002146, 0, 3538.4009999999998399, 124.21865944084046873, 3533.1640000000002146, 1
3538.4110000000000582, 94.037375377415600042, 3533.168999999999869, 1, 3538.4110000000000582, 0, 3533.168999999999869, 0, 3538.4110000000000582, 0, 3533.168999999999869, 0, 3538.4110000000000582, 124.87563968785354973, 3533.168999999999869, 1
3538.4209999999998217, 93.142032702674327993, 3533.1739999999999782, 1, 3538.4209999999998217, 0, 3533.1739999999999782, 0, 3538.4209999999998217, 0, 3533.1739999999999782, 0, 3538.4209999999998217, 125.55065940269139446, 3533.1739999999999782, 1
3538.43100000000004, 94.556403578979029589, 3533.1790000000000873, 1, 3538.43100000000004, 0, 3533.1790000000000873, 0, 3538.43100000000004, 0, 3533.1790000000000873, 0, 3538.43100000000004, 121.2525981108814932, 3533.1790000000000873, 1
3538.4409999999998035, 70.522043161563189528, 3533.1840000000001965, 1, 3538.4409999999998035, 269.0636984231034603, 3533.1840000000001965, 0, 3538.4409999999998035, 263.81174560542598329, 3533.1840000000001965, 0, 3538.4409999999998035, 62.566951183651148938, 3533.1840000000001965, 1
3538.4499999999998181, 5.9958344143894652944, 3533.1889999999998508, 1, 3538.4499999999998181, 103.64161019751071535, 3533.1889999999998508, 0, 3538.4499999999998181, 109.339048522459791, 3533.1889999999998508, 0, 3538.4499999999998181, 26.811161547878519684, 3533.1889999999998508, 1
3538.4609999999997854, 2.8707657157748158738, 3533.193000000000211, 1, 3538.4609999999997854, 31.580411639424298187, 3533.193000000000211, 0, 3538.4609999999997854, 50.106422219383418337, 3533.193000000000211, 0, 3538.4609999999997854, 36.763641899000447211, 3533.193000000000211, 1
3538.4699999999997999, 10.660646185658064766, 3533.1990000000000691, 1, 3538.4699999999997999, 23.101903823269537952, 3533.1990000000000691, 0, 3538.4699999999997999, 27.697578637134725454, 3533.1990000000000691, 0, 3538.4699999999997999, 44.329478942697228661, 3533.1990000000000691, 1
3538.4810000000002219, 23.448805164662694267, 3533.2040000000001783, 1, 3538.4810000000002219, 34.656422526281517094, 3533.2040000000001783, 0, 3538.4810000000002219, 22.67782328821640192, 3533.2040000000001783, 0, 3538.4810000000002219, 50.495604720847559577, 3533.2040000000001783, 1
3538.4899999999997817, 39.314136442176604191, 3533.2089999999998327, 1, 3538.4899999999997817, 44.391498008066449188, 3533.2089999999998327, 0, 3538.4899999999997817, 23.125799861853771233, 3533.2089999999998327, 0, 3538.4899999999997817, 52.374188257595875484, 3533.2089999999998327, 1
3538.5010000000002037, 49.192884151362839873, 3533.2150000000001455, 1, 3538.5010000000002037, 51.238684141606491096, 3533.2150000000001455, 0, 3538.5010000000002037, 24.589373324588315484, 3533.2150000000001455, 0, 3538.5010000000002037, 51.519415601031624874, 3533.2150000000001455, 1
3538.5109999999999673, 55.201227207545386477, 3533.2199999999997999, 1, 3538.5109999999999673, 55.925460680650495249, 3533.2199999999997999, 0, 3538.5109999999999673, 26.221824208461654848, 3533.2199999999997999, 0, 3538.5109999999999673, 48.628733672930167131, 3533.2199999999997999, 1
3538.5199999999999818, 56.497149408187276265, 3533.2240000000001601, 1, 3538.5199999999999818, 60.090814527526177358, 3533.2240000000001601, 0, 3538.5199999999999818, 31.2253574716042408, 3533.2240000000001601, 0, 3538.5199999999999818, 46.681246503611383503, 3533.2240000000001601, 1
3538.5410000000001673, 18.764101527566690919, 3533.2289999999998145, 1, 3538.5410000000001673, 62.497966879921321492, 3533.2289999999998145, 1, 3538.5410000000001673, 60.819673076437581472, 3533.2289999999998145, 1, 3538.5410000000001673, 13.146172397039904922, 3533.2289999999998145, 1
3538.5410000000001673, 0, 3533.2339999999999236, 1, 3538.5410000000001673, 90.893394183271965403, 3533.2339999999999236, 1, 3538.5410000000001673, 74.240163006913348909, 3533.2339999999999236, 1, 3538.5410000000001673, 0, 3533.2339999999999236, 1
3538.5509999999999309, 0, 3533.2390000000000327, 1, 3538.5509999999999309, 109.55207013607591193, 3533.2390000000000327, 1, 3538.5509999999999309, 72.836903536708319962, 3533.2390000000000327, 1, 3538.5509999999999309, 0, 3533.2390000000000327, 1
3538.5610000000001492, 0, 3533.2440000000001419, 1, 3538.5610000000001492, 122.05682544040310233, 3533.2440000000001419, 1, 3538.5610000000001492, 69.29996129444032249, 3533.2440000000001419, 1, 3538.5610000000001492, 0, 3533.2440000000001419, 1
3538.5700000000001637, 0, 3533.2489999999997963, 1, 3538.5700000000001637, 128.10659598308561158, 3533.2489999999997963, 1, 3538.5700000000001637, 65.537051166458695661, 3533.2489999999997963, 1, 3538.5700000000001637, 0, 3533.2489999999997963, 1
3538.5799999999999272, 0, 3533.2539999999999054, 1, 3538.5799999999999272, 132.21738877848986249, 3533.2539999999999054, 1, 3538.5799999999999272, 61.387432814612935772, 3533.2539999999999054, 1, 3538.5799999999999272, 0, 3533.2539999999999054, 1
3538.6010000000001128, 0, 3533.2600000000002183, 1, 3538.6010000000001128, 132.2997379858959448, 3533.2600000000002183, 1, 3538.6010000000001128, 63.866683606503784176, 3533.2600000000002183, 1, 3538.6010000000001128, 0, 3533.2600000000002183, 1
3538.6109999999998763, 0, 3533.2649999999998727, 1, 3538.6109999999998763, 130.95086793295035932, 3533.2649999999998727, 1, 3538.6109999999998763, 65.879665931331601314, 3533.2649999999998727, 1, 3538.6109999999998763, 0, 3533.2649999999998727, 1
3538.6210000000000946, 0, 3533.2689999999997781, 1, 3538.6210000000000946, 125.96657605755677878, 3533.2689999999997781, 1, 3538.6210000000000946, 73.774580954763280261, 3533.2689999999997781, 1, 3538.6210000000000946, 0, 3533.2689999999997781, 1
3538.6309999999998581, 0, 3533.2739999999998872, 1, 3538.6309999999998581, 123.99099076353789428, 3533.2739999999998872, 1, 3538.6309999999998581, 77.515748312844351631, 3533.2739999999998872, 1, 3538.6309999999998581, 0, 3533.2739999999998872, 1
3538.6509999999998399, 0, 3533.2800000000002001, 1, 3538.6509999999998399, 120.3678602553801511, 3533.2800000000002001, 1, 3538.6509999999998399, 83.544709780286183332, 3533.2800000000002001, 1, 3538.6509999999998399, 0, 3533.2800000000002001, 1
3538.6610000000000582, 0, 3533.2849999999998545, 1, 3538.6610000000000582, 118.30399374382307087, 3533.2849999999998545, 1, 3538.6610000000000582, 85.705440831162547966, 3533.2849999999998545, 1, 3538.6610000000000582, 0, 3533.2849999999998545, 1
3538.6709999999998217, 0, 3533.2890000000002146, 1, 3538.6709999999998217, 115.65542458249299784, 3533.2890000000002146, 1, 3538.6709999999998217, 89.683092329656446395, 3533.2890000000002146, 1, 3538.6709999999998217, 0, 3533.2890000000002146, 1
3538.6709999999998217, 0, 3533.293999999999869, 1, 3538.6709999999998217, 113.31266465725295234, 3533.293999999999869, 1, 3538.6709999999998217, 90.10692096163350584, 3533.293999999999869, 1, 3538.6709999999998217, 0, 3533.293999999999869, 1
3538.68100000000004, 0, 3533.2989999999999782, 1, 3538.68100000000004, 111.58223951110852568, 3533.2989999999999782, 1, 3538.68100000000004, 92.769105708803195398, 3533.2989999999999782, 1, 3538.68100000000004, 0, 3533.2989999999999782, 1
3538.6909999999998035, 0, 3533.3040000000000873, 0, 3538.6909999999998035, 108.99059968693687495, 3533.3040000000000873, 1, 3538.6909999999998035, 95.420780275694539796, 3533.3040000000000873, 1, 3538.6909999999998035, 0, 3533.3040000000000873, 0
3538.7010000000000218, 0, 3533.3099999999999454, 0, 3538.7010000000000218, 106.6881321745450748, 3533.3099999999999454, 1, 3538.7010000000000218, 99.061547647800608729, 3533.3099999999999454, 1, 3538.7010000000000218, 0, 3533.3099999999999454, 0
3538.7199999999997999, 0, 3533.3150000000000546, 0, 3538.7199999999997999, 104.35667615570959299, 3533.3150000000000546, 1, 3538.7199999999997999, 101.21706562980591571, 3533.3150000000000546, 1, 3538.7199999999997999, 0, 3533.3150000000000546, 0
3538.7210000000000036, 0, 3533.31899999999996, 0, 3538.7210000000000036, 101.82585578563633533, 3533.31899999999996, 1, 3538.7210000000000036, 105.44267521829848988, 3533.31899999999996, 1, 3538.7210000000000036, 0, 3533.31899999999996, 0
3538.7310000000002219, 0, 3533.3249999999998181, 0, 3538.7310000000002219, 99.287632732454980555, 3533.3249999999998181, 1, 3538.7310000000002219, 108.34577309158650849, 3533.3249999999998181, 1, 3538.7310000000002219, 0, 3533.3249999999998181, 0
3538.7409999999999854, 380.43357950350059582, 3533.331000000000131, 0, 3538.7409999999999854, 68.029548284359179888, 3533.331000000000131, 1, 3538.7409999999999854, 96.817978375007655245, 3533.331000000000131, 1, 3538.7409999999999854, 0, 3533.331000000000131, 0
3538.7609999999999673, 397.8817339281354748, 3533.3350000000000364, 0, 3538.7609999999999673, 9.2786395608816487623, 3533.3350000000000364, 1, 3538.7609999999999673, 70.473597023136392181, 3533.3350000000000364, 1, 3538.7609999999999673, 0, 3533.3350000000000364, 0
3538.7609999999999673, 327.03298523927526276, 3533.3389999999999418, 0, 3538.7609999999999673, 0, 3533.3389999999999418, 1, 3538.7609999999999673, 74.149335221895640302, 3533.3389999999999418, 1, 3538.7609999999999673, 0, 3533.3389999999999418, 0
3538.7809999999999491, 100.40541065501506068, 3533.3440000000000509, 0, 3538.7809999999999491, 0, 3533.3440000000000509, 1, 3538.7809999999999491, 70.561108084573874066, 3533.3440000000000509, 1, 3538.7809999999999491, 0, 3533.3440000000000509, 0
3538.7809999999999491, 2.6407964255245022223, 3533.3490000000001601, 0, 3538.7809999999999491, 0, 3533.3490000000001601, 1, 3538.7809999999999491, 49.540547222263981553, 3533.3490000000001601, 1, 3538.7809999999999491, 0, 3533.3490000000001601, 0
3538.8009999999999309, 0, 3533.3539999999998145, 0, 3538.8009999999999309, 0, 3533.3539999999998145, 1, 3538.8009999999999309, 28.694846451416978539, 3533.3539999999998145, 1, 3538.8009999999999309, 0, 3533.3539999999998145, 0
3538.8119999999998981, 0, 3533.3589999999999236, 0, 3538.8119999999998981, 0, 3533.3589999999999236, 1, 3538.8119999999998981, 21.307833063760277525, 3533.3589999999999236, 1, 3538.8119999999998981, 35.785638027922871629, 3533.3589999999999236, 0
3538.8200000000001637, 0, 3533.3640000000000327, 0, 3538.8200000000001637, 0, 3533.3640000000000327, 1, 3538.8200000000001637, 25.897334186294166614, 3533.3640000000000327, 1, 3538.8200000000001637, 19.966768904488734648, 3533.3640000000000327, 0
3538.8209999999999127, 84.158181560138032751, 3533.3690000000001419, 0, 3538.8209999999999127, 0, 3533.3690000000001419, 1, 3538.8209999999999127, 33.790339881136219446, 3533.3690000000001419, 1, 3538.8209999999999127, 28.725456501865661352, 3533.3690000000001419, 0
3538.831000000000131, 96.103849174979046666, 3533.3730000000000473, 0, 3538.831000000000131, 0, 3533.3730000000000473, 1, 3538.831000000000131, 37.614568569402990761, 3533.3730000000000473, 1, 3538.831000000000131, 35.048671120110213906, 3533.3730000000000473, 0
3538.8420000000000982, 98.245240389328387209, 3533.3780000000001564, 0, 3538.8420000000000982, 91.697259979849988554, 3533.3780000000001564, 1, 3538.8420000000000982, 40.01742965243967376, 3533.3780000000001564, 1, 3538.8420000000000982, 33.540825948370944332, 3533.3780000000001564, 0
3538.8510000000001128, 55.189860624382006904, 3533.3840000000000146, 0, 3538.8510000000001128, 103.70443294226298292, 3533.3840000000000146, 1, 3538.8510000000001128, 140.19067200552325403, 3533.3840000000000146, 1, 3538.8510000000001128, 72.631642709141516434, 3533.3840000000000146, 0
3538.8600000000001273, 42.80687057204650614, 3533.3890000000001237, 0, 3538.8600000000001273, 0, 3533.3890000000001237, 1, 3538.8600000000001273, 0, 3533.3890000000001237, 1, 3538.8600000000001273, 88.140634332434899534, 3533.3890000000001237, 0
3538.8710000000000946, 73.695648269428971844, 3533.3939999999997781, 0, 3538.8710000000000946, 0, 3533.3939999999997781, 1, 3538.8710000000000946, 0, 3533.3939999999997781, 1, 3538.8710000000000946, 77.927610923184332137, 3533.3939999999997781, 0
3538.8809999999998581, 92.960587496782238759, 3533.4009999999998399, 0, 3538.8809999999998581, 0, 3533.4009999999998399, 1, 3538.8809999999998581, 0, 3533.4009999999998399, 1, 3538.8809999999998581, 79.363305165944268538, 3533.4009999999998399, 0
3538.8910000000000764, 103.7644012955174162, 3533.4050000000002001, 0, 3538.8910000000000764, 0, 3533.4050000000002001, 1, 3538.8910000000000764, 0, 3533.4050000000002001, 1, 3538.8910000000000764, 81.960443872967232437, 3533.4050000000002001, 0
3538.9020000000000437, 107.13475082561404861, 3533.4090000000001055, 0, 3538.9020000000000437, 0, 3533.4090000000001055, 1, 3538.9020000000000437, 0, 3533.4090000000001055, 1, 3538.9020000000000437, 85.558755045441756693, 3533.4090000000001055, 0
3538.9110000000000582, 109.45708963161470706, 3533.4140000000002146, 0, 3538.9110000000000582, 0, 3533.4140000000002146, 1, 3538.9110000000000582, 0, 3533.4140000000002146, 1, 3538.9110000000000582, 88.566372091262650201, 3533.4140000000002146, 0
3538.93100000000004, 109.72146495083103446, 3533.4180000000001201, 0, 3538.93100000000004, 0, 3533.4180000000001201, 1, 3538.93100000000004, 0, 3533.4180000000001201, 1, 3538.93100000000004, 88.182015126860108012, 3533.4180000000001201, 0
3538.93100000000004, 108.82317088246711023, 3533.4239999999999782, 0, 3538.93100000000004, 0, 3533.4239999999999782, 1, 3538.93100000000004, 0, 3533.4239999999999782, 1, 3538.93100000000004, 92.328407480421844866, 3533.4239999999999782, 0
3538.9409999999998035, 107.44649076354548356, 3533.4290000000000873, 0, 3538.9409999999998035, 0, 3533.4290000000000873, 1, 3538.9409999999998035, 0, 3533.4290000000000873, 1, 3538.9409999999998035, 96.159079781328813397, 3533.4290000000000873, 0
3538.9510000000000218, 105.46232221603202106, 3533.4349999999999454, 0, 3538.9510000000000218, 0, 3533.4349999999999454, 1, 3538.9510000000000218, 0, 3533.4349999999999454, 1, 3538.9510000000000218, 100.43734808328963481, 3533.4349999999999454, 0
3538.9609999999997854, 104.31803866985080731, 3533.4400000000000546, 0, 3538.9609999999997854, 0, 3533.4400000000000546, 1, 3538.9609999999997854, 0, 3533.4400000000000546, 1, 3538.9609999999997854, 102.58408338190145059, 3533.4400000000000546, 0
3538.9710000000000036, 102.03283411700166994, 3533.44399999999996, 0, 3538.9710000000000036, 0, 3533.44399999999996, 1, 3538.9710000000000036, 0, 3533.44399999999996, 1, 3538.9710000000000036, 106.008432840319756, 3533.44399999999996, 0
3538.9800000000000182, 100.84165747410563085, 3533.4490000000000691, 0, 3538.9800000000000182, 0, 3533.4490000000000691, 1, 3538.9800000000000182, 0, 3533.4490000000000691, 1, 3538.9800000000000182, 109.02200492500941209, 3533.4490000000000691, 0
3538.9909999999999854, 99.758014546203540363, 3533.4540000000001783, 0, 3538.9909999999999854, 0, 3533.4540000000001783, 1, 3538.9909999999999854, 0, 3533.4540000000001783, 1, 3538.9909999999999854, 111.17165481998475229, 3533.4540000000001783, 0
3539.0010000000002037, 98.299113266813009204, 3533.4589999999998327, 0, 3539.0010000000002037, 0, 3533.4589999999998327, 1, 3539.0010000000002037, 0, 3533.4589999999998327, 1, 3539.0010000000002037, 109.59122801252813417, 3533.4589999999998327, 0
3539.0109999999999673, 97.806958152959140307, 3533.4639999999999418, 0, 3539.0109999999999673, 0, 3533.4639999999999418, 1, 3539.0109999999999673, 0, 3533.4639999999999418, 1, 3539.0109999999999673, 110.73891193738560901, 3533.4639999999999418, 0
3539.0250000000000909, 97.298857992915799286, 3533.4690000000000509, 0, 3539.0250000000000909, 0, 3533.4690000000000509, 1, 3539.0250000000000909, 0, 3533.4690000000000509, 1, 3539.0250000000000909, 112.76342738876275007, 3533.4690000000000509, 0
3539.0309999999999491, 96.769150034483118361, 3533.4740000000001601, 0, 3539.0309999999999491, 0, 3533.4740000000001601, 1, 3539.0309999999999491, 0, 3533.4740000000001601, 1, 3539.0309999999999491, 114.81007438379501195, 3533.4740000000001601, 0
3539.0410000000001673, 95.997247601066732159, 3533.4789999999998145, 0, 3539.0410000000001673, 0, 3533.4789999999998145, 1, 3539.0410000000001673, 0, 3533.4789999999998145, 1, 3539.0410000000001673, 123.31667910706013913, 3533.4789999999998145, 0
3539.0509999999999309, 93.964750119156263963, 3533.4839999999999236, 0, 3539.0509999999999309, 0, 3533.4839999999999236, 1, 3539.0509999999999309, 0, 3533.4839999999999236, 1, 3539.0509999999999309, 118.99736410044570789, 3533.4839999999999236, 0
3539.0610000000001492, 93.241570398469832526, 3533.4899999999997817, 0, 3539.0610000000001492, 0, 3533.4899999999997817, 1, 3539.0610000000001492, 0, 3533.4899999999997817, 1, 3539.0610000000001492, 120.51129293531499798, 3533.4899999999997817, 0
3539.0720000000001164, 93.12156233128187921, 3533.4940000000001419, 0, 3539.0720000000001164, 0, 3533.4940000000001419, 1, 3539.0720000000001164, 0, 3533.4940000000001419, 1, 3539.0720000000001164, 121.34858269949386056, 3533.4940000000001419, 0
3539.081000000000131, 93.70823612728204921, 3533.4989999999997963, 0, 3539.081000000000131, 0, 3533.4989999999997963, 1, 3539.081000000000131, 254.02939989942862553, 3533.4989999999997963, 1, 3539.081000000000131, 117.22669565271374381, 3533.4989999999997963, 0
3539.0920000000000982, 88.601530698003671205, 3533.5039999999999054, 0, 3539.0920000000000982, 185.2568994127185249, 3533.5039999999999054, 1, 3539.0920000000000982, 254.4303053166825066, 3533.5039999999999054, 1, 3539.0920000000000982, 39.275642721231548649, 3533.5039999999999054, 0
3539.11200000000008, 13.102524015192203777, 3533.5090000000000146, 0, 3539.11200000000008, 32.452483078041076681, 3533.5090000000000146, 1, 3539.11200000000008, 47.211702459980287472, 3533.5090000000000146, 1, 3539.11200000000008, 26.581236766941159999, 3533.5090000000000146, 0
3539.1309999999998581, 20.748796843106436683, 3533.5140000000001237, 0, 3539.1309999999998581, 21.476034459717954661, 3533.5140000000001237, 1, 3539.1309999999998581, 38.020708124930891358, 3533.5140000000001237, 1, 3539.1309999999998581, 53.6816156245312186, 3533.5140000000001237, 0
3539.1309999999998581, 34.422291027420612863, 3533.5189999999997781, 0, 3539.1309999999998581, 33.22405803021079862, 3533.5189999999997781, 1, 3539.1309999999998581, 32.680050910227443239, 3533.5189999999997781, 1, 3539.1309999999998581, 54.310713474395669209, 3533.5189999999997781, 0
3539.1509999999998399, 45.731771434736707249, 3533.5250000000000909, 0, 3539.1509999999998399, 41.656190680664089143, 3533.5250000000000909, 1, 3539.1509999999998399, 29.830928896846870657, 3533.5250000000000909, 1, 3539.1509999999998399, 53.168188343858645339, 3533.5250000000000909, 0
3539.1709999999998217, 56.119074878483999669, 3533.5289999999999964, 0, 3539.1709999999998217, 54.753456911216488834, 3533.5289999999999964, 1, 3539.1709999999998217, 29.506253455859035029, 3533.5289999999999964, 1, 3539.1709999999998217, 47.436573822846924031, 3533.5289999999999964, 0
3539.1709999999998217, 55.504795140924898078, 3533.5340000000001055, 0, 3539.1709999999998217, 60.256842007124561178, 3533.5340000000001055, 1, 3539.1709999999998217, 33.306220275561898347, 3533.5340000000001055, 1, 3539.1709999999998217, 43.031557989464218394, 3533.5340000000001055, 0
3539.1909999999998035, 29.210659021156988757, 3533.5399999999999636, 0, 3539.1909999999998035, 60.937439464140766177, 3533.5399999999999636, 1, 3539.1909999999998035, 61.401599634586773391, 3533.5399999999999636, 1, 3539.1909999999998035, 27.207223677136081363, 3533.5399999999999636, 0
3539.1909999999998035, 0, 3533.543999999999869, 0, 3539.1909999999998035, 88.86507510615223282, 3533.543999999999869, 1, 3539.1909999999998035, 75.04855974225905868, 3533.543999999999869, 1, 3539.1909999999998035, 0, 3533.543999999999869, 0
3539.2010000000000218, 0, 3533.5489999999999782, 0, 3539.2010000000000218, 107.99300963884739701, 3533.5489999999999782, 1, 3539.2010000000000218, 72.337832454556092898, 3533.5489999999999782, 1, 3539.2010000000000218, 0, 3533.5489999999999782, 0
3539.2210000000000036, 0, 3533.5540000000000873, 1, 3539.2210000000000036, 122.80674220787926743, 3533.5540000000000873, 1, 3539.2210000000000036, 67.925326721103814975, 3533.5540000000000873, 1, 3539.2210000000000036, 0, 3533.5540000000000873, 1
3539.2210000000000036, 0, 3533.5599999999999454, 1, 3539.2210000000000036, 129.20999052819138342, 3533.5599999999999454, 1, 3539.2210000000000036, 64.00404853056160448, 3533.5599999999999454, 1, 3539.2210000000000036, 0, 3533.5599999999999454, 1
3539.2310000000002219, 0, 3533.5630000000001019, 1, 3539.2310000000002219, 131.85685208873155716, 3533.5630000000001019, 1, 3539.2310000000002219, 62.215905502993308573, 3533.5630000000001019, 1, 3539.2310000000002219, 0, 3533.5630000000001019, 1
3539.2409999999999854, 0, 3533.5700000000001637, 1, 3539.2409999999999854, 132.3163443119924807, 3533.5700000000001637, 1, 3539.2409999999999854, 62.518548036327658224, 3533.5700000000001637, 1, 3539.2409999999999854, 0, 3533.5700000000001637, 1
3539.2609999999999673, 0, 3533.5740000000000691, 1, 3539.2609999999999673, 132.96159663199046008, 3533.5740000000000691, 1, 3539.2609999999999673, 63.644977337705412879, 3533.5740000000000691, 1, 3539.2609999999999673, 0, 3533.5740000000000691, 1
3539.2640000000001237, 0, 3533.5799999999999272, 1, 3539.2640000000001237, 131.24891695047440976, 3533.5799999999999272, 1, 3539.2640000000001237, 66.462698650180840332, 3533.5799999999999272, 1, 3539.2640000000001237, 0, 3533.5799999999999272, 1
3539.2719999999999345, 0, 3533.5839999999998327, 1, 3539.2719999999999345, 128.06590553286787326, 3533.5839999999998327, 1, 3539.2719999999999345, 72.911490907776254744, 3533.5839999999998327, 1, 3539.2719999999999345, 0, 3533.5839999999998327, 1
3539.2919999999999163, 0, 3533.5889999999999418, 1, 3539.2919999999999163, 125.88843778947983765, 3533.5889999999999418, 1, 3539.2919999999999163, 77.099791247146896467, 3533.5889999999999418, 1, 3539.2919999999999163, 0, 3533.5889999999999418, 1
3539.2919999999999163, 0, 3533.5940000000000509, 1, 3539.2919999999999163, 121.69225729496122312, 3533.5940000000000509, 1, 3539.2919999999999163, 79.70479911577658072, 3533.5940000000000509, 1, 3539.2919999999999163, 0, 3533.5940000000000509, 1
3539.3020000000001346, 0, 3533.5990000000001601, 1, 3539.3020000000001346, 119.30889079303764788, 3533.5990000000001601, 1, 3539.3020000000001346, 84.674582257463157475, 3533.5990000000001601, 1, 3539.3020000000001346, 0, 3533.5990000000001601, 1
3539.3209999999999127, 0, 3533.6039999999998145, 1, 3539.3209999999999127, 117.08526492028340726, 3533.6039999999998145, 1, 3539.3209999999999127, 91.339763770927106634, 3533.6039999999998145, 1, 3539.3209999999999127, 0, 3533.6039999999998145, 1
3539.3209999999999127, 0, 3533.6089999999999236, 1, 3539.3209999999999127, 115.10483671177587439, 3533.6089999999999236, 1, 3539.3209999999999127, 87.96185095863091874, 3533.6089999999999236, 1, 3539.3209999999999127, 0, 3533.6089999999999236, 1
3539.331000000000131, 0, 3533.6179999999999382, 1, 3539.331000000000131, 112.47910028302274554, 3533.6179999999999382, 1, 3539.331000000000131, 91.307624905759084299, 3533.6179999999999382, 1, 3539.331000000000131, 0, 3533.6179999999999382, 1
3539.3409999999998945, 0, 3533.6190000000001419, 1, 3539.3409999999998945, 110.58755936141042753, 3533.6190000000001419, 1, 3539.3409999999998945, 94.17519086664182737, 3533.6190000000001419, 1, 3539.3409999999998945, 0, 3533.6190000000001419, 1
3539.3510000000001128, 0, 3533.6239999999997963, 1, 3539.3510000000001128, 108.5322263115891559, 3533.6239999999997963, 1, 3539.3510000000001128, 97.51442828558717224, 3533.6239999999997963, 1, 3539.3510000000001128, 0, 3533.6239999999997963, 1
3539.36200000000008, 0, 3533.6300000000001091, 1, 3539.36200000000008, 106.22435079417027737, 3533.6300000000001091, 0, 3539.36200000000008, 101.2708685251892291, 3533.6300000000001091, 0, 3539.36200000000008, 0, 3533.6300000000001091, 1
3539.3710000000000946, 0, 3533.6340000000000146, 1, 3539.3710000000000946, 103.35153394748020617, 3533.6340000000000146, 0, 3539.3710000000000946, 103.85666091594026739, 3533.6340000000000146, 0, 3539.3710000000000946, 0, 3533.6340000000000146, 1
3539.3820000000000618, 0, 3533.6390000000001237, 1, 3539.3820000000000618, 101.17851842886921077, 3533.6390000000001237, 0, 3539.3820000000000618, 107.27738048787412595, 3533.6390000000001237, 0, 3539.3820000000000618, 0, 3533.6390000000001237, 1
3539.3930000000000291, 374.32329117707888599, 3533.6449999999999818, 1, 3539.3930000000000291, 76.55937876440421519, 3533.6449999999999818, 0, 3539.3930000000000291, 97.092372962694781791, 3533.6449999999999818, 0, 3539.3930000000000291, 0, 3533.6449999999999818, 1
3539.4020000000000437, 375.06233584797416825, 3533.6489999999998872, 1, 3539.4020000000000437, 12.762046526864443408, 3533.6489999999998872, 0, 3539.4020000000000437, 72.882841534899569069, 3533.6489999999998872, 0, 3539.4020000000000437, 0, 3533.6489999999998872, 1
3539.4110000000000582, 319.95329418028518376, 3533.6539999999999964, 1, 3539.4110000000000582, 0, 3533.6539999999999964, 0, 3539.4110000000000582, 74.725143953389874696, 3533.6539999999999964, 0, 3539.4110000000000582, 0, 3533.6539999999999964, 1
3539.4220000000000255, 83.885408761701739877, 3533.6590000000001055, 1, 3539.4220000000000255, 0, 3533.6590000000001055, 0, 3539.4220000000000255, 67.531516906296360503, 3533.6590000000001055, 0, 3539.4220000000000255, 0, 3533.6590000000001055, 1
3539.431999999999789, 2.4212490371486898866, 3533.6640000000002146, 1, 3539.431999999999789, 0, 3533.6640000000002146, 0, 3539.431999999999789, 43.15992213731480831, 3533.6640000000002146, 0, 3539.431999999999789, 0, 3533.6640000000002146, 1
3539.4520000000002256, 0, 3533.6700000000000728, 1, 3539.4520000000002256, 0, 3533.6700000000000728, 0, 3539.4520000000002256, 20.713274306044727524, 3533.6700000000000728, 0, 3539.4520000000002256, 36.001186498905198619, 3533.6700000000000728, 1
3539.4520000000002256, 0, 3533.6739999999999782, 1, 3539.4520000000002256, 0, 3533.6739999999999782, 0, 3539.4520000000002256, 25.852416610549973086, 3533.6739999999999782, 0, 3539.4520000000002256, 18.653396000761887308, 3533.6739999999999782, 1
3539.4619999999999891, 50.42816261876379258, 3533.6799999999998363, 1, 3539.4619999999999891, 0, 3533.6799999999998363, 0, 3539.4619999999999891, 26.290438164546930722, 3533.6799999999998363, 0, 3539.4619999999999891, 23.958920193365614182, 3533.6799999999998363, 1
3539.4720000000002074, 80.190456282526611176, 3533.6849999999999454, 1, 3539.4720000000002074, 0, 3533.6849999999999454, 0, 3539.4720000000002074, 34.857799039416235587, 3533.6849999999999454, 0, 3539.4720000000002074, 34.211201956098129529, 3533.6849999999999454, 1
3539.4819999999999709, 93.509592393777268171, 3533.6889999999998508, 1, 3539.4819999999999709, 0, 3533.6889999999998508, 0, 3539.4819999999999709, 36.515108203867242764, 3533.6889999999998508, 0, 3539.4819999999999709, 39.390098398441011796, 3533.6889999999998508, 1
3539.5019999999999527, 97.702602602819922595, 3533.69399999999996, 1, 3539.5019999999999527, 92.39575132195646745, 3533.69399999999996, 0, 3539.5019999999999527, 38.307504416379067891, 3533.69399999999996, 0, 3539.5019999999999527, 41.794999877169239255, 3533.69399999999996, 1
3539.5019999999999527, 46.142588648054484679, 3533.6990000000000691, 1, 3539.5019999999999527, 108.63493752311796925, 3533.6990000000000691, 0, 3539.5019999999999527, 135.71305680284629602, 3533.6990000000000691, 0, 3539.5019999999999527, 80.964154676309561864, 3533.6990000000000691, 1
3539.5219999999999345, 40.539534491213167655, 3533.7040000000001783, 1, 3539.5219999999999345, 0, 3533.7040000000001783, 0, 3539.5219999999999345, 0, 3533.7040000000001783, 0, 3539.5219999999999345, 92.452948806941151361, 3533.7040000000001783, 1
3539.5329999999999018, 73.899729833135438639, 3533.7100000000000364, 1, 3539.5329999999999018, 0, 3533.7100000000000364, 0, 3539.5329999999999018, 0, 3533.7100000000000364, 0, 3539.5329999999999018, 79.971354179650916194, 3533.7100000000000364, 1
3539.5329999999999018, 92.450064325117224939, 3533.7150000000001455, 1, 3539.5329999999999018, 0, 3533.7150000000001455, 0, 3539.5329999999999018, 0, 3533.7150000000001455, 0, 3539.5329999999999018, 79.37463618508687091, 3533.7150000000001455, 1
3539.5419999999999163, 101.77580905001958911, 3533.7190000000000509, 1, 3539.5419999999999163, 0, 3533.7190000000000509, 0, 3539.5419999999999163, 0, 3533.7190000000000509, 0, 3539.5419999999999163, 82.157434655942694235, 3533.7190000000000509, 1
3539.5520000000001346, 107.52750918228701948, 3533.7240000000001601, 1, 3539.5520000000001346, 0, 3533.7240000000001601, 0, 3539.5520000000001346, 0, 3533.7240000000001601, 0, 3539.5520000000001346, 83.774463694147954129, 3533.7240000000001601, 1
3539.5610000000001492, 109.26062154401546422, 3533.7300000000000182, 1, 3539.5610000000001492, 0, 3533.7300000000000182, 0, 3539.5610000000001492, 0, 3533.7300000000000182, 0, 3539.5610000000001492, 85.690487782723010923, 3533.7300000000000182, 1
3539.5709999999999127, 109.64372872231086831, 3533.7350000000001273, 1, 3539.5709999999999127, 0, 3533.7350000000001273, 0, 3539.5709999999999127, 0, 3533.7350000000001273, 0, 3539.5709999999999127, 90.145088804410363537, 3533.7350000000001273, 1
3539.5830000000000837, 108.93654466142371007, 3533.737999999999829, 1, 3539.5830000000000837, 0, 3533.737999999999829, 0, 3539.5830000000000837, 0, 3533.737999999999829, 0, 3539.5830000000000837, 93.673354471870368343, 3533.737999999999829, 1
3539.5920000000000982, 107.82402463816075056, 3533.7440000000001419, 1, 3539.5920000000000982, 0, 3533.7440000000001419, 0, 3539.5920000000000982, 0, 3533.7440000000001419, 0, 3539.5920000000000982, 97.905063627346862631, 3533.7440000000001419, 1
3539.6019999999998618, 105.67930868828943858, 3533.7510000000002037, 1, 3539.6019999999998618, 0, 3533.7510000000002037, 0, 3539.6019999999998618, 0, 3533.7510000000002037, 0, 3539.6019999999998618, 102.79781120637019853, 3533.7510000000002037, 1
3539.612999999999829, 103.94749230317435718, 3533.7539999999999054, 1, 3539.612999999999829, 0, 3533.7539999999999054, 0, 3539.612999999999829, 0, 3533.7539999999999054, 0, 3539.612999999999829, 105.55831810840240337, 3533.7539999999999054, 1
3539.6219999999998436, 102.74480663197095964, 3533.7579999999998108, 1, 3539.6219999999998436, 0, 3533.7579999999998108, 0, 3539.6219999999998436, 0, 3533.7579999999998108, 0, 3539.6219999999998436, 109.70070173184913642, 3533.7579999999998108, 1
3539.6410000000000764, 101.54659734352692624, 3533.7649999999998727, 1, 3539.6410000000000764, 0, 3533.7649999999998727, 0, 3539.6410000000000764, 0, 3533.7649999999998727, 0, 3539.6410000000000764, 111.53328258744022605, 3533.7649999999998727, 1
3539.6419999999998254, 100.37862090264999892, 3533.7689999999997781, 1, 3539.6419999999998254, 0, 3533.7689999999997781, 0, 3539.6419999999998254, 0, 3533.7689999999997781, 0, 3539.6419999999998254, 113.8237493097627322, 3533.7689999999997781, 1
3539.6529999999997926, 98.432161967477867393, 3533.7750000000000909, 1, 3539.6529999999997926, 0, 3533.7750000000000909, 0, 3539.6529999999997926, 0, 3533.7750000000000909, 0, 3539.6529999999997926, 108.26887849860160884, 3533.7750000000000909, 1
3539.6610000000000582, 97.863973414688814501, 3533.7789999999999964, 1, 3539.6610000000000582, 0, 3533.7789999999999964, 0, 3539.6610000000000582, 0, 3533.7789999999999964, 0, 3539.6610000000000582, 109.35157982442882485, 3533.7789999999999964, 1
3539.6709999999998217, 97.474894642779304377, 3533.7840000000001055, 1, 3539.6709999999998217, 0, 3533.7840000000001055, 0, 3539.6709999999998217, 0, 3533.7840000000001055, 0, 3539.6709999999998217, 111.54389473955095013, 3533.7840000000001055, 1
3539.681999999999789, 96.518169969586438128, 3533.7890000000002146, 1, 3539.681999999999789, 0, 3533.7890000000002146, 0, 3539.681999999999789, 0, 3533.7890000000002146, 0, 3539.681999999999789, 113.45237259905225358, 3533.7890000000002146, 1
3539.7010000000000218, 96.150820726812384009, 3533.7950000000000728, 1, 3539.7010000000000218, 0, 3533.7950000000000728, 0, 3539.7010000000000218, 0, 3533.7950000000000728, 0, 3539.7010000000000218, 121.6268118797228226, 3533.7950000000000728, 1
3539.7010000000000218, 95.163724682126712651, 3533.7989999999999782, 1, 3539.7010000000000218, 0, 3533.7989999999999782, 0, 3539.7010000000000218, 0, 3533.7989999999999782, 0, 3539.7010000000000218, 123.38138713579837713, 3533.7989999999999782, 1
3539.7109999999997854, 93.424152938093953935, 3533.8040000000000873, 1, 3539.7109999999997854, 0, 3533.8040000000000873, 0, 3539.7109999999997854, 0, 3533.8040000000000873, 0, 3539.7109999999997854, 126.50062320240503766, 3533.8040000000000873, 1
3539.7210000000000036, 93.26834286685274833, 3533.8090000000001965, 1, 3539.7210000000000036, 0, 3533.8090000000001965, 0, 3539.7210000000000036, 0, 3533.8090000000001965, 0, 3539.7210000000000036, 124.19082521894921456, 3533.8090000000001965, 1
3539.7310000000002219, 94.272088671480815947, 3533.8150000000000546, 1, 3539.7310000000002219, 0, 3533.8150000000000546, 0, 3539.7310000000002219, 262.2311398087130101, 3533.8150000000000546, 0, 3539.7310000000002219, 121.9380447030771677, 3533.8150000000000546, 1
3539.7409999999999854, 79.767240383575199303, 3533.81899999999996, 1, 3539.7409999999999854, 250.204665185153317, 3533.81899999999996, 0, 3539.7409999999999854, 245.04510530574151517, 3533.81899999999996, 0, 3539.7409999999999854, 42.369923525373991424, 3533.81899999999996, 1
3539.7519999999999527, 11.610553706346195213, 3533.8249999999998181, 1, 3539.7519999999999527, 96.237842509181305672, 3533.8249999999998181, 0, 3539.7519999999999527, 85.458202108455537882, 3533.8249999999998181, 0, 3539.7519999999999527, 21.868538933995054663, 3533.8249999999998181, 1
3539.762000000000171, 7.762172087562529299, 3533.8290000000001783, 1, 3539.762000000000171, 35.621226731636710383, 3533.8290000000001783, 0, 3539.762000000000171, 54.932430420101233892, 3533.8290000000001783, 0, 3539.762000000000171, 41.778698661332498432, 3533.8290000000001783, 1
3539.7719999999999345, 13.827106097754757741, 3533.8350000000000364, 1, 3539.7719999999999345, 28.551593572283813671, 3533.8350000000000364, 0, 3539.7719999999999345, 33.363555132038968054, 3533.8350000000000364, 0, 3539.7719999999999345, 48.103393903670728093, 3533.8350000000000364, 1
3539.7919999999999163, 26.04767949505489355, 3533.8409999999998945, 1, 3539.7919999999999163, 36.948717522809054969, 3533.8409999999998945, 0, 3539.7919999999999163, 25.885813056566711055, 3533.8409999999998945, 0, 3539.7919999999999163, 51.907135085461320045, 3533.8409999999998945, 1
3539.7919999999999163, 40.521060191505760884, 3533.8440000000000509, 1, 3539.7919999999999163, 44.868059606879249657, 3533.8440000000000509, 0, 3539.7919999999999163, 25.332290131615664563, 3533.8440000000000509, 0, 3539.7919999999999163, 53.402746281464985145, 3533.8440000000000509, 1
3539.8020000000001346, 49.590943615304610148, 3533.8510000000001128, 1, 3539.8020000000001346, 50.838557250477194316, 3533.8510000000001128, 0, 3539.8020000000001346, 25.704201027406245572, 3533.8510000000001128, 0, 3539.8020000000001346, 51.758425329077830668, 3533.8510000000001128, 1
3539.8209999999999127, 54.189403766070363133, 3533.8539999999998145, 1, 3539.8209999999999127, 57.669517731384843273, 3533.8539999999998145, 0, 3539.8209999999999127, 27.04886007763951028, 3533.8539999999998145, 0, 3539.8209999999999127, 45.380842409424559492, 3533.8539999999998145, 1
3539.8209999999999127, 55.652112436905866844, 3533.8589999999999236, 1, 3539.8209999999999127, 57.47983039490605961, 3533.8589999999999236, 0, 3539.8209999999999127, 34.301183361408263295, 3533.8589999999999236, 0, 3539.8209999999999127, 47.911422810453743182, 3533.8589999999999236, 1
3539.8409999999998945, 0, 3533.8640000000000327, 1, 3539.8409999999998945, 65.2011065013063984, 3533.8640000000000327, 0, 3539.8409999999998945, 65.323765233921534445, 3533.8640000000000327, 0, 3539.8409999999998945, 0, 3533.8640000000000327, 1
3539.8409999999998945, 0, 3533.8699999999998909, 1, 3539.8409999999998945, 93.153085855646963864, 3533.8699999999998909, 0, 3539.8409999999998945, 72.841925700407529121, 3533.8699999999998909, 0, 3539.8409999999998945, 0, 3533.8699999999998909, 1
3539.86200000000008, 0, 3533.8739999999997963, 1, 3539.86200000000008, 112.22461270637600705, 3533.8739999999997963, 0, 3539.86200000000008, 71.547943989270805787, 3533.8739999999997963, 0, 3539.86200000000008, 0, 3533.8739999999997963, 1
3539.8710000000000946, 0, 3533.8789999999999054, 1, 3539.8710000000000946, 123.41245880715906935, 3533.8789999999999054, 1, 3539.8710000000000946, 66.810286702301880268, 3533.8789999999999054, 1, 3539.8710000000000946, 0, 3533.8789999999999054, 1
3539.8710000000000946, 0, 3533.8840000000000146, 1, 3539.8710000000000946, 129.18831685819685617, 3533.8840000000000146, 1, 3539.8710000000000946, 62.952378773412526414, 3533.8840000000000146, 1, 3539.8710000000000946, 0, 3533.8840000000000146, 1
3539.8809999999998581, 0, 3533.8890000000001237, 1, 3539.8809999999998581, 131.10340128525183445, 3533.8890000000001237, 1, 3539.8809999999998581, 62.670492718723473047, 3533.8890000000001237, 1, 3539.8809999999998581, 0, 3533.8890000000001237, 1
3539.8910000000000764, 0, 3533.8949999999999818, 1, 3539.8910000000000764, 132.08028320386949872, 3533.8949999999999818, 1, 3539.8910000000000764, 63.176778876005286634, 3533.8949999999999818, 1, 3539.8910000000000764, 0, 3533.8949999999999818, 1
3539.9009999999998399, 0, 3533.8989999999998872, 1, 3539.9009999999998399, 129.6716199800433742, 3533.8989999999998872, 1, 3539.9009999999998399, 64.447605686216292042, 3533.8989999999998872, 1, 3539.9009999999998399, 0, 3533.8989999999998872, 1
3539.9119999999998072, 0, 3533.9039999999999964, 1, 3539.9119999999998072, 123.42620254521068546, 3533.9039999999999964, 1, 3539.9119999999998072, 53.408874793186470242, 3533.9039999999999964, 1, 3539.9119999999998072, 0, 3533.9039999999999964, 1
3539.9209999999998217, 0, 3533.9090000000001055, 1, 3539.9209999999998217, 120.76507247066581385, 3533.9090000000001055, 1, 3539.9209999999998217, 89.253944029025575446, 3533.9090000000001055, 1, 3539.9209999999998217, 0, 3533.9090000000001055, 1
3539.931999999999789, 0, 3533.9140000000002146, 1, 3539.931999999999789, 124.6271789961774914, 3533.9140000000002146, 1, 3539.931999999999789, 93.972942361910554609, 3533.9140000000002146, 1, 3539.931999999999789, 0, 3533.9140000000002146, 1
3539.9420000000000073, 0, 3533.918999999999869, 1, 3539.9420000000000073, 124.68086584764273539, 3533.918999999999869, 1, 3539.9420000000000073, 88.089448886457290655, 3533.918999999999869, 1, 3539.9420000000000073, 0, 3533.918999999999869, 1
3539.9510000000000218, 0, 3533.9239999999999782, 1, 3539.9510000000000218, 123.73474023519676734, 3533.9239999999999782, 1, 3539.9510000000000218, 83.394435111628610002, 3533.9239999999999782, 1, 3539.9510000000000218, 0, 3533.9239999999999782, 1
3539.9609999999997854, 0, 3533.9290000000000873, 1, 3539.9609999999997854, 122.98565919340413188, 3533.9290000000000873, 1, 3539.9609999999997854, 80.28774416044491602, 3533.9290000000000873, 1, 3539.9609999999997854, 0, 3533.9290000000000873, 1
3539.9720000000002074, 0, 3533.9340000000001965, 1, 3539.9720000000002074, 121.74015159696256205, 3533.9340000000001965, 1, 3539.9720000000002074, 79.490973803445854173, 3533.9340000000001965, 1, 3539.9720000000002074, 0, 3533.9340000000001965, 1
3539.9810000000002219, 0, 3533.9400000000000546, 1, 3539.9810000000002219, 120.57168217382755415, 3533.9400000000000546, 1, 3539.9810000000002219, 78.675892307342635945, 3533.9400000000000546, 1, 3539.9810000000002219, 0, 3533.9400000000000546, 1
3539.9920000000001892, 0, 3533.94399999999996, 1, 3539.9920000000001892, 118.10227698029257226, 3533.94399999999996, 1, 3539.9920000000001892, 79.267302888463689214, 3533.94399999999996, 1, 3539.9920000000001892, 0, 3533.94399999999996, 1
3540.0019999999999527, 0, 3533.9490000000000691, 1, 3540.0019999999999527, 115.88683415511137298, 3533.9490000000000691, 1, 3540.0019999999999527, 81.375557311715041919, 3533.9490000000000691, 1, 3540.0019999999999527, 0, 3533.9490000000000691, 1
3540.0210000000001855, 0, 3533.9549999999999272, 0, 3540.0210000000001855, 121.9395409923705671, 3533.9549999999999272, 1, 3540.0210000000001855, 103.82033972717312054, 3533.9549999999999272, 1, 3540.0210000000001855, 0, 3533.9549999999999272, 0
3540.0210000000001855, 0, 3533.9589999999998327, 0, 3540.0210000000001855, 128.86148919539374447, 3533.9589999999998327, 1, 3540.0210000000001855, 55.062214998667712962, 3533.9589999999998327, 1, 3540.0210000000001855, 0, 3533.9589999999998327, 0
3540.0309999999999491, 369.82856420344063508, 3533.9639999999999418, 0, 3540.0309999999999491, 125.8532108455634102, 3533.9639999999999418, 1, 3540.0309999999999491, 52.534373735120027504, 3533.9639999999999418, 1, 3540.0309999999999491, 0, 3533.9639999999999418, 0
3540.0410000000001673, 388.09269665644256975, 3533.9679999999998472, 0, 3540.0410000000001673, 72.338449849321349916, 3533.9679999999998472, 1, 3540.0410000000001673, 43.469438117925037091, 3533.9679999999998472, 1, 3540.0410000000001673, 0, 3533.9679999999998472, 0
3540.0520000000001346, 405.21675602260836513, 3533.9740000000001601, 0, 3540.0520000000001346, 7.947799465121117457, 3533.9740000000001601, 1, 3540.0520000000001346, 34.079197782396953187, 3533.9740000000001601, 1, 3540.0520000000001346, 0, 3533.9740000000001601, 0
3540.0619999999998981, 387.56960533886194753, 3533.9789999999998145, 0, 3540.0619999999998981, 0, 3533.9789999999998145, 1, 3540.0619999999998981, 33.983497053788539688, 3533.9789999999998145, 1, 3540.0619999999998981, 0, 3533.9789999999998145, 0
3540.0869999999999891, 161.32334842018576637, 3533.9839999999999236, 0, 3540.0869999999999891, 0, 3533.9839999999999236, 1, 3540.0869999999999891, 44.548331278663177102, 3533.9839999999999236, 1, 3540.0869999999999891, 0, 3533.9839999999999236, 0
3540.0880000000001928, 36.324509448565734715, 3533.9899999999997817, 0, 3540.0880000000001928, 0, 3533.9899999999997817, 1, 3540.0880000000001928, 43.166506478819883341, 3533.9899999999997817, 1, 3540.0880000000001928, 0, 3533.9899999999997817, 0
3540.0920000000000982, 20.941410273629855965, 3533.9940000000001419, 0, 3540.0920000000000982, 0, 3533.9940000000001419, 1, 3540.0920000000000982, 34.475506148399986728, 3533.9940000000001419, 1, 3540.0920000000000982, 0, 3533.9940000000001419, 0
3540.11200000000008, 0, 3533.9989999999997963, 0, 3540.11200000000008, 0, 3533.9989999999997963, 1, 3540.11200000000008, 31.916290337201800753, 3533.9989999999997963, 1, 3540.11200000000008, 0, 3533.9989999999997963, 0
3540.1219999999998436, 0, 3534.0050000000001091, 0, 3540.1219999999998436, 0, 3534.0050000000001091, 1, 3540.1219999999998436, 55.148655108065796071, 3534.0050000000001091, 1, 3540.1219999999998436, 0, 3534.0050000000001091, 0
3540.1219999999998436, 56.254488234887801923, 3534.0090000000000146, 0, 3540.1219999999998436, 0, 3534.0090000000000146, 1, 3540.1219999999998436, 33.235700219312519721, 3534.0090000000000146, 1, 3540.1219999999998436, 0, 3534.0090000000000146, 0
3540.1320000000000618, 102.98308572166814656, 3534.0149999999998727, 0, 3540.1320000000000618, 0, 3534.0149999999998727, 1, 3540.1320000000000618, 48.726885731396649248, 3534.0149999999998727, 1, 3540.1320000000000618, 0, 3534.0149999999998727, 0
3540.1419999999998254, 124.30112096473199301, 3534.0189999999997781, 0, 3540.1419999999998254, 0, 3534.0189999999997781, 1, 3540.1419999999998254, 50.534740199404794225, 3534.0189999999997781, 1, 3540.1419999999998254, 80.215481296506766284, 3534.0189999999997781, 0
3540.1619999999998072, 130.99721081875151185, 3534.0250000000000909, 0, 3540.1619999999998072, 0, 3534.0250000000000909, 1, 3540.1619999999998072, 16.66883246614628078, 3534.0250000000000909, 1, 3540.1619999999998072, 48.558177158526135031, 3534.0250000000000909, 0
3540.1619999999998072, 135.19165459660518991, 3534.0300000000002001, 0, 3540.1619999999998072, 0, 3534.0300000000002001, 1, 3540.1619999999998072, 0, 3534.0300000000002001, 1, 3540.1619999999998072, 78.707454969128406219, 3534.0300000000002001, 0
3540.1739999999999782, 138.42940284110167681, 3534.0349999999998545, 0, 3540.1739999999999782, 0, 3534.0349999999998545, 1, 3540.1739999999999782, 0, 3534.0349999999998545, 1, 3540.1739999999999782, 84.661624370271681528, 3534.0349999999998545, 0
3540.181999999999789, 137.51725212839758683, 3534.0399999999999636, 0, 3540.181999999999789, 0, 3534.0399999999999636, 1, 3540.181999999999789, 0, 3534.0399999999999636, 1, 3540.181999999999789, 81.187190760167851522, 3534.0399999999999636, 0
3540.2020000000002256, 134.47980676857599747, 3534.043999999999869, 0, 3540.2020000000002256, 0, 3534.043999999999869, 1, 3540.2020000000002256, 0, 3534.043999999999869, 1, 3540.2020000000002256, 77.472179446813015602, 3534.043999999999869, 0
3540.2020000000002256, 130.84551387895072594, 3534.0489999999999782, 0, 3540.2020000000002256, 0, 3534.0489999999999782, 1, 3540.2020000000002256, 0, 3534.0489999999999782, 1, 3540.2020000000002256, 75.192354996766596287, 3534.0489999999999782, 0
3540.2220000000002074, 113.07478561014428919, 3534.0540000000000873, 0, 3540.2220000000002074, 0, 3534.0540000000000873, 1, 3540.2220000000002074, 0, 3534.0540000000000873, 1, 3540.2220000000002074, 50.377322046809190681, 3534.0540000000000873, 0
3540.2330000000001746, 111.32305805988235647, 3534.0599999999999454, 0, 3540.2330000000001746, 0, 3534.0599999999999454, 1, 3540.2330000000001746, 0, 3534.0599999999999454, 1, 3540.2330000000001746, 100.46285929831557837, 3534.0599999999999454, 0
3540.2330000000001746, 116.10363549018302365, 3534.0639999999998508, 0, 3540.2330000000001746, 0, 3534.0639999999998508, 1, 3540.2330000000001746, 0, 3534.0639999999998508, 1, 3540.2330000000001746, 104.03726799778689838, 3534.0639999999998508, 0
3540.2420000000001892, 119.27258383066157421, 3534.06899999999996, 0, 3540.2420000000001892, 0, 3534.06899999999996, 1, 3540.2420000000001892, 0, 3534.06899999999996, 1, 3540.2420000000001892, 96.187343476941720155, 3534.06899999999996, 0
3540.2519999999999527, 120.83859876727944993, 3534.0740000000000691, 0, 3540.2519999999999527, 0, 3534.0740000000000691, 1, 3540.2519999999999527, 0, 3534.0740000000000691, 1, 3540.2519999999999527, 88.782097438856084182, 3534.0740000000000691, 0
3540.262000000000171, 121.77116648473673877, 3534.0799999999999272, 0, 3540.262000000000171, 0, 3534.0799999999999272, 1, 3540.262000000000171, 0, 3534.0799999999999272, 1, 3540.262000000000171, 85.291376286899861725, 3534.0799999999999272, 0
3540.2719999999999345, 121.82533880347354227, 3534.0839999999998327, 0, 3540.2719999999999345, 0, 3534.0839999999998327, 1, 3540.2719999999999345, 0, 3534.0839999999998327, 1, 3540.2719999999999345, 84.093191115759424292, 3534.0839999999998327, 0
3540.2820000000001528, 121.55137090202114791, 3534.0889999999999418, 0, 3540.2820000000001528, 0, 3534.0889999999999418, 1, 3540.2820000000001528, 0, 3534.0889999999999418, 1, 3540.2820000000001528, 84.193542516000363207, 3534.0889999999999418, 0
3540.2919999999999163, 120.96008060257190664, 3534.0940000000000509, 0, 3540.2919999999999163, 0, 3534.0940000000000509, 1, 3540.2919999999999163, 0, 3534.0940000000000509, 1, 3540.2919999999999163, 84.676379871573516311, 3534.0940000000000509, 0
3540.3029999999998836, 122.09315609429762617, 3534.0979999999999563, 0, 3540.3029999999998836, 0, 3534.0979999999999563, 1, 3540.3029999999998836, 0, 3534.0979999999999563, 1, 3540.3029999999998836, 85.35537497856353184, 3534.0979999999999563, 0
3540.3119999999998981, 103.36788087414183224, 3534.112999999999829, 0, 3540.3119999999998981, 0, 3534.112999999999829, 1, 3540.3119999999998981, 0, 3534.112999999999829, 1, 3540.3119999999998981, 34.873028261265304195, 3534.112999999999829, 0
3540.3220000000001164, 117.03670834482555563, 3534.112999999999829, 0, 3540.3220000000001164, 358.79594612913410856, 3534.112999999999829, 1, 3540.3220000000001164, 0, 3534.112999999999829, 1, 3540.3220000000001164, 78.785283009222098372, 3534.112999999999829, 0
3540.3319999999998799, 54.047386757477596575, 3534.1170000000001892, 0, 3540.3319999999998799, 342.87928431434215781, 3534.1170000000001892, 1, 3540.3319999999998799, 206.8032610858882947, 3534.1170000000001892, 1, 3540.3319999999998799, 66.247062581688055616, 3534.1170000000001892, 0
3540.3519999999998618, 1.9142567424182224123, 3534.1190000000001419, 0, 3540.3519999999998618, 173.33377331365718987, 3534.1190000000001419, 1, 3540.3519999999998618, 81.324834902358261957, 3534.1190000000001419, 1, 3540.3519999999998618, 1.0312581053844640522, 3534.1190000000001419, 0
3540.3519999999998618, 0, 3534.1239999999997963, 0, 3540.3519999999998618, 83.681972192114002951, 3534.1239999999997963, 1, 3540.3519999999998618, 14.098812092954288389, 3534.1239999999997963, 1, 3540.3519999999998618, 0, 3534.1239999999997963, 0
3540.3609999999998763, 0, 3534.1289999999999054, 0, 3540.3609999999998763, 69.583936072323112398, 3534.1289999999999054, 1, 3540.3609999999998763, 12.951427135644031807, 3534.1289999999999054, 1, 3540.3609999999998763, 23.740337882946484171, 3534.1289999999999054, 0
3540.3730000000000473, 29.676998407934085833, 3534.1340000000000146, 0, 3540.3730000000000473, 74.831228185532012276, 3534.1340000000000146, 1, 3540.3730000000000473, 12.457982985212584737, 3534.1340000000000146, 1, 3540.3730000000000473, 32.753335576267680551, 3534.1340000000000146, 0
3540.3820000000000618, 33.048822414564448025, 3534.1390000000001237, 0, 3540.3820000000000618, 83.473991242077232755, 3534.1390000000001237, 1, 3540.3820000000000618, 10.475269787910713504, 3534.1390000000001237, 1, 3540.3820000000000618, 41.145690603941460495, 3534.1390000000001237, 0
3540.3960000000001855, 40.918912926182798628, 3534.1439999999997781, 0, 3540.3960000000001855, 83.794483480396991126, 3534.1439999999997781, 1, 3540.3960000000001855, 12.091855206952370594, 3534.1439999999997781, 1, 3540.3960000000001855, 44.947099694775104695, 3534.1439999999997781, 0
3540.4020000000000437, 46.050012843995439482, 3534.1489999999998872, 0, 3540.4020000000000437, 83.519378331866150234, 3534.1489999999998872, 1, 3540.4020000000000437, 15.212080305825606885, 3534.1489999999998872, 1, 3540.4020000000000437, 46.366798357192692492, 3534.1489999999998872, 0
3540.4220000000000255, 49.551542762360014649, 3534.1539999999999964, 0, 3540.4220000000000255, 81.940992881817592774, 3534.1539999999999964, 1, 3540.4220000000000255, 18.729502819786155499, 3534.1539999999999964, 1, 3540.4220000000000255, 46.376227215270837689, 3534.1539999999999964, 0
3540.4220000000000255, 51.867028134180678478, 3534.1590000000001055, 0, 3540.4220000000000255, 79.845266063439524373, 3534.1590000000001055, 1, 3540.4220000000000255, 21.774055593777500661, 3534.1590000000001055, 1, 3540.4220000000000255, 45.813829267227205833, 3534.1590000000001055, 0
3540.431999999999789, 53.570000690618023498, 3534.1640000000002146, 0, 3540.431999999999789, 77.566730523549011878, 3534.1640000000002146, 1, 3540.431999999999789, 24.428003079859823998, 3534.1640000000002146, 1, 3540.431999999999789, 45.156829742979240905, 3534.1640000000002146, 0
3540.4520000000002256, 55.031795079199831378, 3534.168999999999869, 0, 3540.4520000000002256, 75.065352988178744909, 3534.168999999999869, 1, 3540.4520000000002256, 27.190986233117161674, 3534.168999999999869, 1, 3540.4520000000002256, 44.353646177988395038, 3534.168999999999869, 0
3540.4520000000002256, 56.294592816214709785, 3534.1739999999999782, 0, 3540.4520000000002256, 72.56677087482849231, 3534.1739999999999782, 1, 3540.4520000000002256, 29.779022199107920699, 3534.1739999999999782, 1, 3540.4520000000002256, 43.580284056754024391, 3534.1739999999999782, 0
3540.4619999999999891, 57.415192399872168494, 3534.1790000000000873, 0, 3540.4619999999999891, 70.152582981354470348, 3534.1790000000000873, 1, 3540.4619999999999891, 32.193974734973224372, 3534.1790000000000873, 1, 3540.4619999999999891, 42.868567065319219012, 3534.1790000000000873, 0
3540.4720000000002074, 58.540856051945169725, 3534.1840000000001965, 0, 3540.4720000000002074, 67.900139133055603224, 3534.1840000000001965, 1, 3540.4720000000002074, 34.525864520688642756, 3534.1840000000001965, 1, 3540.4720000000002074, 42.184430496070866923, 3534.1840000000001965, 0
3540.4819999999999709, 59.441081216322835701, 3534.1900000000000546, 0, 3540.4819999999999709, 65.753001741459726759, 3534.1900000000000546, 1, 3540.4819999999999709, 36.573454257748252871, 3534.1900000000000546, 1, 3540.4819999999999709, 41.61833288134846498, 3534.1900000000000546, 0
3540.4920000000001892, 60.241608724594200908, 3534.19399999999996, 0, 3540.4920000000001892, 63.776893434338532529, 3534.19399999999996, 1, 3540.4920000000001892, 38.344515226385887274, 3534.19399999999996, 1, 3540.4920000000001892, 41.156630000207506725, 3534.19399999999996, 0
3540.5019999999999527, 60.945308768379291564, 3534.1990000000000691, 0, 3540.5019999999999527, 61.979642757105558815, 3534.1990000000000691, 1, 3540.5019999999999527, 40.030378367112206206, 3534.1990000000000691, 1, 3540.5019999999999527, 40.726211293635870447, 3534.1990000000000691, 0
3540.5109999999999673, 61.459813220726658756, 3534.2040000000001783, 1, 3540.5109999999999673, 60.320384106608265995, 3534.2040000000001783, 1, 3540.5109999999999673, 41.546785564269633539, 3534.2040000000001783, 1, 3540.5109999999999673, 40.46480566228207465, 3534.2040000000001783, 1
3540.5219999999999345, 61.983499530436446889, 3534.2089999999998327, 1, 3540.5219999999999345, 58.900739111061028552, 3534.2089999999998327, 1, 3540.5219999999999345, 42.873655559248646796, 3534.2089999999998327, 1, 3540.5219999999999345, 40.214878856346714997, 3534.2089999999998327, 1
3540.5320000000001528, 62.42095830351161112, 3534.2150000000001455, 1, 3540.5320000000001528, 57.663288434158602058, 3534.2150000000001455, 1, 3540.5320000000001528, 44.028466282547114474, 3534.2150000000001455, 1, 3540.5320000000001528, 40.008922213606396667, 3534.2150000000001455, 1
3540.5419999999999163, 62.776837596117061935, 3534.2199999999997999, 1, 3540.5419999999999163, 56.603582257779684994, 3534.2199999999997999, 1, 3540.5419999999999163, 45.018027646797619923, 3534.2199999999997999, 1, 3540.5419999999999163, 39.856514392971661209, 3534.2199999999997999, 1
3540.5520000000001346, 63.071571310045840164, 3534.2240000000001601, 1, 3540.5520000000001346, 55.698893957116482056, 3534.2240000000001601, 1, 3540.5520000000001346, 45.859900535910398389, 3534.2240000000001601, 1, 3540.5520000000001346, 39.76156670573173102, 3534.2240000000001601, 1
3540.5709999999999127, 63.281908548016758687, 3534.2300000000000182, 1, 3540.5709999999999127, 54.974103261442607504, 3534.2300000000000182, 1, 3540.5709999999999127, 46.544777548739347139, 3534.2300000000000182, 1, 3540.5709999999999127, 39.699612521727793535, 3534.2300000000000182, 1
3540.5720000000001164, 63.427487857424736717, 3534.2339999999999236, 1, 3540.5720000000001164, 54.402564387530773615, 3534.2339999999999236, 1, 3540.5720000000001164, 47.090777149220549802, 3534.2339999999999236, 1, 3540.5720000000001164, 39.674401201540447914, 3534.2339999999999236, 1
3540.5819999999998799, 63.511910240249299875, 3534.2390000000000327, 1, 3540.5819999999998799, 53.973731374825476337, 3534.2390000000000327, 1, 3540.5819999999998799, 47.5080365874945727, 3534.2390000000000327, 1, 3540.5819999999998799, 39.680769452145355558, 3534.2390000000000327, 1
3540.5920000000000982, 63.561251642871951617, 3534.2440000000001419, 1, 3540.5920000000000982, 53.665429227643542731, 3534.2440000000001419, 1, 3540.5920000000000982, 47.816417294679055772, 3534.2440000000001419, 1, 3540.5920000000000982, 39.723421433420718074, 3534.2440000000001419, 1
3540.612999999999829, 63.551756400458984331, 3534.25, 1, 3540.612999999999829, 53.487955248050042201, 3534.25, 1, 3540.612999999999829, 48.008277871659004177, 3534.25, 1, 3540.612999999999829, 39.782157249527429599, 3534.25, 1
3540.6219999999998436, 63.50148929549360588, 3534.2539999999999054, 1, 3540.6219999999998436, 53.418386802801613555, 3534.2539999999999054, 1, 3540.6219999999998436, 48.106315741382708495, 3534.2539999999999054, 1, 3540.6219999999998436, 39.864202663856048048, 3534.2539999999999054, 1
3540.6219999999998436, 63.417547573050882193, 3534.2590000000000146, 1, 3540.6219999999998436, 53.450267344411187764, 3534.2590000000000146, 1, 3540.6219999999998436, 48.109817876305825735, 3534.2590000000000146, 1, 3540.6219999999998436, 39.947957968161411202, 3534.2590000000000146, 1
3540.6320000000000618, 63.305746089903138341, 3534.2669999999998254, 1, 3540.6320000000000618, 53.553933532424281339, 3534.2669999999998254, 1, 3540.6320000000000618, 48.045353851212581731, 3534.2669999999998254, 1, 3540.6320000000000618, 40.036019257051151499, 3534.2669999999998254, 1
3540.6410000000000764, 63.205583525843536563, 3534.2680000000000291, 1, 3540.6410000000000764, 53.759960455047902883, 3534.2680000000000291, 1, 3540.6410000000000764, 47.865585694556799012, 3534.2680000000000291, 1, 3540.6410000000000764, 39.992200222653210062, 3534.2680000000000291, 1
3540.6619999999998072, 63.054309842557842103, 3534.2750000000000909, 1, 3540.6619999999998072, 54.004526815387507099, 3534.2750000000000909, 0, 3540.6619999999998072, 47.677447331172359668, 3534.2750000000000909, 0, 3540.6619999999998072, 40.101486529607385023, 3534.2750000000000909, 1
3540.6630000000000109, 62.890978210147849836, 3534.2789999999999964, 1, 3540.6630000000000109, 54.30013928791743183, 3534.2789999999999964, 0, 3540.6630000000000109, 47.43017970277568196, 3534.2789999999999964, 0, 3540.6630000000000109, 40.218362816848767238, 3534.2789999999999964, 1
3540.6709999999998217, 62.719891035459866657, 3534.2840000000001055, 1, 3540.6709999999998217, 54.636700519617534155, 3534.2840000000001055, 0, 3540.6709999999998217, 47.157652694454924358, 3534.2840000000001055, 0, 3540.6709999999998217, 40.329356844849542085, 3534.2840000000001055, 1
3540.68100000000004, 62.518985776939082655, 3534.2890000000002146, 1, 3540.68100000000004, 54.96166044114428928, 3534.2890000000002146, 0, 3540.68100000000004, 46.928929570070749833, 3534.2890000000002146, 0, 3540.68100000000004, 40.587146392259441541, 3534.2890000000002146, 1
3540.6920000000000073, 62.341917294136948158, 3534.293999999999869, 1, 3540.6920000000000073, 55.349432382127574215, 3534.293999999999869, 0, 3540.6920000000000073, 46.606539225470896781, 3534.293999999999869, 0, 3540.6920000000000073, 40.69004764939657548, 3534.293999999999869, 1
3540.7020000000002256, 62.167072970640191443, 3534.2989999999999782, 1, 3540.7020000000002256, 55.751968554920566135, 3534.2989999999999782, 0, 3540.7020000000002256, 46.269372867088947032, 3534.2989999999999782, 0, 3540.7020000000002256, 40.787228207637149069, 3534.2989999999999782, 1
3540.7119999999999891, 61.997145844506000856, 3534.3040000000000873, 1, 3540.7119999999999891, 56.161926040077737809, 3534.3040000000000873, 0, 3540.7119999999999891, 45.923949532706188847, 3534.3040000000000873, 0, 3540.7119999999999891, 40.877931293762330256, 3534.3040000000000873, 1
3540.7220000000002074, 61.833979815351952425, 3534.3090000000001965, 1, 3540.7220000000002074, 56.572640382211247356, 3534.3090000000001965, 0, 3540.7220000000002074, 45.576329171109932759, 3534.3090000000001965, 0, 3540.7220000000002074, 40.962350534722126838, 3534.3090000000001965, 1
3540.7319999999999709, 61.716771707126795832, 3534.3139999999998508, 1, 3540.7319999999999709, 57.038486840884118578, 3534.3139999999998508, 0, 3540.7319999999999709, 45.177618341419417902, 3534.3139999999998508, 0, 3540.7319999999999709, 40.895137365993775802, 3534.3139999999998508, 1
3540.7420000000001892, 61.575611857105556624, 3534.3200000000001637, 1, 3540.7420000000001892, 57.438596705201248938, 3534.3200000000001637, 0, 3540.7420000000001892, 44.840218993278533333, 3534.3200000000001637, 0, 3540.7420000000001892, 40.965314461929821732, 3534.3200000000001637, 1
3540.7519999999999527, 61.445844877220260116, 3534.3249999999998181, 1, 3540.7519999999999527, 57.824884400651626493, 3534.3249999999998181, 0, 3540.7519999999999527, 44.513482402433389495, 3534.3249999999998181, 0, 3540.7519999999999527, 41.027089209753498267, 3534.3249999999998181, 1
3540.7609999999999673, 61.328171660139709331, 3534.3290000000001783, 1, 3540.7609999999999673, 58.193800919213771294, 3534.3290000000001783, 0, 3540.7609999999999673, 44.20055647393327547, 3534.3290000000001783, 0, 3540.7609999999999673, 41.080420394621370406, 3534.3290000000001783, 1
3540.7719999999999345, 61.175163594818428692, 3534.3350000000000364, 1, 3540.7719999999999345, 58.471798293753096232, 3534.3350000000000364, 0, 3540.7719999999999345, 43.951222837183394176, 3534.3350000000000364, 0, 3540.7719999999999345, 41.256937976956521652, 3534.3350000000000364, 1
3540.7820000000001528, 61.080343730529975232, 3534.3389999999999418, 1, 3540.7820000000001528, 58.794994763438012342, 3534.3389999999999418, 0, 3540.7820000000001528, 43.671829730345457676, 3534.3389999999999418, 0, 3540.7820000000001528, 41.291352603196394, 3534.3389999999999418, 1
3540.7970000000000255, 60.998182434127912188, 3534.3449999999997999, 1, 3540.7970000000000255, 59.094127643443528086, 3534.3449999999997999, 0, 3540.7970000000000255, 43.412456860549070825, 3534.3449999999997999, 0, 3540.7970000000000255, 41.318139674185346166, 3534.3449999999997999, 1
3540.8020000000001346, 60.982886758663426008, 3534.3490000000001601, 1, 3540.8020000000001346, 59.446960481555279898, 3534.3490000000001601, 0, 3540.8020000000001346, 43.13079884781249973, 3534.3490000000001601, 0, 3540.8020000000001346, 41.213238755989294759, 3534.3490000000001601, 1
3540.8119999999998981, 60.869541618867081922, 3534.3539999999998145, 1, 3540.8119999999998981, 59.618951029677312192, 3534.3539999999998145, 0, 3540.8119999999998981, 42.956831148795593833, 3534.3539999999998145, 0, 3540.8119999999998981, 41.349504429835320707, 3534.3539999999998145, 1
3540.8220000000001164, 60.823194442954324757, 3534.3609999999998763, 1, 3540.8220000000001164, 59.840893632635044241, 3534.3609999999998763, 0, 3540.8220000000001164, 42.762557506826830434, 3534.3609999999998763, 0, 3540.8220000000001164, 41.356357794817796503, 3534.3609999999998763, 1
3540.8319999999998799, 60.786119103477048498, 3534.3640000000000327, 1, 3540.8319999999998799, 60.04574691521090557, 3534.3640000000000327, 0, 3540.8319999999998799, 42.582531011935216725, 3534.3640000000000327, 0, 3540.8319999999998799, 41.357597704228751923, 3534.3640000000000327, 1
3540.8409999999998945, 60.760713261372387706, 3534.3699999999998909, 1, 3540.8409999999998945, 60.215349493872814435, 3534.3699999999998909, 0, 3540.8409999999998945, 42.432832126132268513, 3534.3699999999998909, 0, 3540.8409999999998945, 41.353911307484679583, 3534.3699999999998909, 1
3540.8519999999998618, 60.744479744511636454, 3534.3739999999997963, 1, 3540.8519999999998618, 60.356067649453585489, 3534.3739999999997963, 0, 3540.8519999999998618, 42.309823983974702344, 3534.3739999999997963, 0, 3540.8519999999998618, 41.344984225404175504, 3534.3739999999997963, 1
3540.8609999999998763, 60.736082344709004133, 3534.3800000000001091, 1, 3540.8609999999998763, 60.478045778969345747, 3534.3800000000001091, 0, 3540.8609999999998763, 42.201018031013198595, 3534.3800000000001091, 0, 3540.8609999999998763, 41.333589874223775951, 3534.3800000000001091, 1
3540.8719999999998436, 60.734978778135285893, 3534.3850000000002183, 1, 3540.8719999999998436, 60.577490738802950432, 3534.3850000000002183, 0, 3540.8719999999998436, 42.111625225320025834, 3534.3850000000002183, 0, 3540.8719999999998436, 41.319186098098427351, 3534.3850000000002183, 1
3540.8820000000000618, 60.740260823762511677, 3534.3899999999998727, 1, 3540.8820000000000618, 60.655772419613171564, 3534.3899999999998727, 0, 3540.8820000000000618, 42.04052480445875517, 3534.3899999999998727, 0, 3540.8820000000000618, 41.302368040600583754, 3534.3899999999998727, 1
3540.8919999999998254, 60.819652307679234582, 3534.3939999999997781, 1, 3540.8919999999998254, 60.801178157450010531, 3534.3939999999997781, 0, 3540.8919999999998254, 41.952509464557977026, 3534.3939999999997781, 0, 3540.8919999999998254, 41.173850227627710296, 3534.3939999999997781, 1
3540.9039999999999964, 60.835698478507907794, 3534.3989999999998872, 1, 3540.9039999999999964, 60.842292745393095288, 3534.3989999999998872, 0, 3540.9039999999999964, 41.914663806204778496, 3534.3989999999998872, 0, 3540.9039999999999964, 41.154412937285712815, 3534.3989999999998872, 1
3540.9119999999998072, 60.855398048968993407, 3534.4039999999999964, 1, 3540.9119999999998072, 60.866798366475435955, 3534.4039999999999964, 0, 3540.9119999999998072, 41.891121489660221755, 3534.4039999999999964, 0, 3540.9119999999998072, 41.134021901825022383, 3534.4039999999999964, 1
3540.9229999999997744, 60.877964173851268015, 3534.4090000000001055, 1, 3540.9229999999997744, 60.876368214347280627, 3534.4090000000001055, 0, 3540.9229999999997744, 41.880486437616724515, 3534.4090000000001055, 0, 3540.9229999999997744, 41.11313731670098548, 3534.4090000000001055, 1
3540.931999999999789, 60.831699022272523791, 3534.4130000000000109, 1, 3540.931999999999789, 60.78914136796358747, 3534.4130000000000109, 0, 3540.931999999999789, 41.912647604582460303, 3534.4130000000000109, 0, 3540.931999999999789, 41.198129341489973854, 3534.4130000000000109, 1
3540.9420000000000073, 60.857647764877711438, 3534.418999999999869, 1, 3540.9420000000000073, 60.773782883384285469, 3534.418999999999869, 0, 3540.9420000000000073, 41.923454545795735271, 3534.418999999999869, 0, 3540.9420000000000073, 41.177383063186105971, 3534.418999999999869, 1
3540.9520000000002256, 60.88452415330046108, 3534.4239999999999782, 1, 3540.9520000000002256, 60.748526047155607444, 3534.4239999999999782, 0, 3540.9520000000002256, 41.943071932485167963, 3534.4239999999999782, 0, 3540.9520000000002256, 41.157337493240987669, 3534.4239999999999782, 1
3540.9619999999999891, 60.911767694434132636, 3534.4279999999998836, 1, 3540.9619999999999891, 60.71491042574893271, 3534.4279999999998836, 0, 3540.9619999999999891, 41.970182463521410909, 3534.4279999999998836, 0, 3540.9619999999999891, 41.138256988926535485, 3534.4279999999998836, 1
3540.9720000000002074, 60.938935526308881663, 3534.4340000000001965, 1, 3540.9720000000002074, 60.67532815759199849, 3534.4340000000001965, 0, 3540.9720000000002074, 42.003240076383356438, 3534.4340000000001965, 0, 3540.9720000000002074, 41.119727213907523833, 3534.4340000000001965, 1
3540.9920000000001892, 60.965486913387664458, 3534.4389999999998508, 1, 3540.9920000000001892, 60.629309741663050204, 3534.4389999999998508, 0, 3540.9920000000001892, 42.041623570834900647, 3534.4389999999998508, 0, 3540.9920000000001892, 41.103186480955699267, 3534.4389999999998508, 1
3540.9920000000001892, 60.99110763666429591, 3534.4470000000001164, 1, 3540.9920000000001892, 60.579072811900232409, 3534.4470000000001164, 0, 3540.9920000000001892, 42.083930208746025414, 3534.4470000000001164, 0, 3540.9920000000001892, 41.088134904972761774, 3534.4470000000001164, 1
3541.0010000000002037, 61.015585760238636226, 3534.4490000000000691, 1, 3541.0010000000002037, 60.526181584063259322, 3534.4490000000000691, 0, 3541.0010000000002037, 42.128989419839236064, 3534.4490000000000691, 0, 3541.0010000000002037, 41.074322691953412345, 3534.4490000000000691, 1
3541.0219999999999345, 61.038497262801897136, 3534.4549999999999272, 1, 3541.0219999999999345, 60.47100853256154096, 3534.4549999999999272, 0, 3541.0219999999999345, 42.176106406344239019, 3534.4549999999999272, 0, 3541.0219999999999345, 41.062449267734059788, 3534.4549999999999272, 1
3541.0219999999999345, 61.05970752408518365, 3534.4580000000000837, 1, 3541.0219999999999345, 60.414849134779025519, 3534.4580000000000837, 0, 3541.0219999999999345, 42.224311952837076944, 3534.4580000000000837, 0, 3541.0219999999999345, 41.052276037963494559, 3534.4580000000000837, 1
3541.0419999999999163, 61.079248518970757686, 3534.4650000000001455, 1, 3541.0419999999999163, 60.358604239022980664, 3534.4650000000001455, 0, 3541.0419999999999163, 42.27278724301282864, 3534.4650000000001455, 0, 3541.0419999999999163, 41.043586814514199546, 3534.4650000000001455, 1
3541.0419999999999163, 61.09671190659835105, 3534.4690000000000509, 1, 3541.0419999999999163, 60.303058320073539278, 3534.4690000000000509, 0, 3541.0419999999999163, 42.32091222682230125, 3534.4690000000000509, 0, 3541.0419999999999163, 41.036685458438967089, 3534.4690000000000509, 1
3541.0549999999998363, 61.112220530293591025, 3534.4749999999999091, 1, 3541.0549999999998363, 60.248847796051272496, 3534.4749999999999091, 0, 3541.0549999999998363, 42.368061865764985896, 3534.4749999999999091, 0, 3541.0549999999998363, 41.03134279883774127, 3534.4749999999999091, 1
3541.0720000000001164, 61.125721551061360515, 3534.4859999999998763, 1, 3541.0720000000001164, 60.19659375151185543, 3534.4859999999998763, 0, 3541.0720000000001164, 42.413715423111341352, 3534.4859999999998763, 0, 3541.0720000000001164, 41.027491519265950615, 3534.4859999999998763, 1
3541.0720000000001164, 61.137253806357989561, 3534.48700000000008, 1, 3541.0720000000001164, 60.146744109688086155, 3534.48700000000008, 0, 3541.0720000000001164, 42.457445986991181996, 3534.48700000000008, 0, 3541.0720000000001164, 41.025035561006035323, 3534.48700000000008, 1
3541.0839999999998327, 61.146866391314105726, 3534.4899999999997817, 1, 3541.0839999999998327, 60.099682735026995317, 3534.4899999999997817, 0, 3541.0839999999998327, 42.498899915191657328, 3534.4899999999997817, 0, 3541.0839999999998327, 41.023870433628829346, 3534.4899999999997817, 1
3541.0920000000000982, 61.222635327052387311, 3534.4940000000001419, 1, 3541.0920000000000982, 60.130623347554504221, 3534.4940000000001419, 0, 3541.0920000000000982, 42.507673055526765893, 3534.4940000000001419, 0, 3541.0920000000000982, 40.914834125273969789, 3534.4940000000001419, 1
3541.1030000000000655, 61.228274711328765534, 3534.4989999999997963, 1, 3541.1030000000000655, 60.08968086117521068, 3534.4989999999997963, 0, 3541.1030000000000655, 42.543521559808510801, 3534.4989999999997963, 0, 3541.1030000000000655, 40.915598519800191468, 3534.4989999999997963, 1
3541.1219999999998436, 61.23208995889211792, 3534.5039999999999054, 1, 3541.1219999999998436, 60.054096454811073613, 3534.5039999999999054, 0, 3541.1219999999998436, 42.574804022900643474, 3534.5039999999999054, 0, 3541.1219999999998436, 40.917224784720580999, 3534.5039999999999054, 1
3541.1340000000000146, 61.234659937308890676, 3534.5090000000000146, 1, 3541.1340000000000146, 60.020090859988442844, 3534.5090000000000146, 0, 3541.1340000000000146, 42.604823068333921299, 3534.5090000000000146, 0, 3541.1340000000000146, 40.919732240555347857, 3534.5090000000000146, 1
3541.1340000000000146, 61.235866837163499099, 3534.5149999999998727, 1, 3541.1340000000000146, 59.988287137115598568, 3534.5149999999998727, 0, 3541.1340000000000146, 42.633035095337916687, 3534.5149999999998727, 0, 3541.1340000000000146, 40.923123331553696858, 3534.5149999999998727, 1
3541.1419999999998254, 61.235852433941872164, 3534.5199999999999818, 1, 3541.1419999999998254, 59.961569326352865517, 3534.5199999999999818, 0, 3541.1419999999998254, 42.65686070897228177, 3534.5199999999999818, 0, 3541.1419999999998254, 40.926929798439360297, 3534.5199999999999818, 1
3541.1520000000000437, 61.2347612387477227, 3534.5250000000000909, 1, 3541.1520000000000437, 59.939513527837235074, 3534.5250000000000909, 1, 3541.1520000000000437, 42.676647671979338838, 3534.5250000000000909, 1, 3541.1520000000000437, 40.930981747270422488, 3534.5250000000000909, 1
3541.1619999999998072, 61.232737870618827003, 3534.5300000000002001, 1, 3541.1619999999998072, 59.919575924611628182, 3534.5300000000002001, 1, 3541.1619999999998072, 42.694656313450920493, 3534.5300000000002001, 1, 3541.1619999999998072, 40.935581391868922196, 3534.5300000000002001, 1
3541.181999999999789, 61.164650406023085338, 3534.5349999999998545, 1, 3541.181999999999789, 59.82699889690927364, 3534.5349999999998545, 1, 3541.181999999999789, 42.743468109767690066, 3534.5349999999998545, 1, 3541.181999999999789, 41.052144755969266043, 3534.5349999999998545, 1
3541.1920000000000073, 61.22646007714307359, 3534.5410000000001673, 1, 3541.1920000000000073, 59.889294583153358076, 3534.5410000000001673, 1, 3541.1920000000000073, 42.722376469163691581, 3534.5410000000001673, 1, 3541.1920000000000073, 40.945408960699680279, 3534.5410000000001673, 1
3541.1920000000000073, 61.222476188839166866, 3534.543999999999869, 1, 3541.1920000000000073, 59.878593684109695516, 3534.543999999999869, 1, 3541.1920000000000073, 42.73237439718731423, 3534.543999999999869, 1, 3541.1920000000000073, 40.950698838465569906, 3534.543999999999869, 1
3541.2119999999999891, 61.218098115539667958, 3534.5500000000001819, 1, 3541.2119999999999891, 59.870584145904970796, 3534.5500000000001819, 1, 3541.2119999999999891, 42.740016893101227424, 3534.5500000000001819, 1, 3541.2119999999999891, 40.955953078756337504, 3534.5500000000001819, 1
3541.2220000000002074, 61.213442491698863535, 3534.5540000000000873, 1, 3541.2220000000002074, 59.865049128593483374, 3534.5540000000000873, 1, 3541.2220000000002074, 42.745483469310833868, 3534.5540000000000873, 1, 3541.2220000000002074, 40.960846604618240008, 3534.5540000000000873, 1
3541.2319999999999709, 61.144007554034608631, 3534.5599999999999454, 1, 3541.2319999999999709, 59.786120765245144071, 3534.5599999999999454, 1, 3541.2319999999999709, 42.783166736941623753, 3534.5599999999999454, 1, 3541.2319999999999709, 41.078134575680337548, 3534.5599999999999454, 1
3541.2319999999999709, 61.139185666884927173, 3534.5639999999998508, 1, 3541.2319999999999709, 59.784917937157288748, 3534.5639999999998508, 1, 3541.2319999999999709, 42.784902906661798738, 3534.5639999999998508, 1, 3541.2319999999999709, 41.082464754132217877, 3534.5639999999998508, 1
3541.2519999999999527, 61.134360782228426956, 3534.5700000000001637, 1, 3541.2519999999999527, 59.785491976196325936, 3534.5700000000001637, 1, 3541.2519999999999527, 42.785022612378796225, 3534.5700000000001637, 1, 3541.2519999999999527, 41.086533839158548176, 3534.5700000000001637, 1
3541.2519999999999527, 61.129610998253795628, 3534.5790000000001783, 1, 3541.2519999999999527, 59.787620928502818174, 3534.5790000000001783, 1, 3541.2519999999999527, 42.783716851476526699, 3534.5790000000001783, 1, 3541.2519999999999527, 41.090509471278522824, 3534.5790000000001783, 1
3541.2719999999999345, 61.124956246880294941, 3534.5790000000001783, 1, 3541.2719999999999345, 59.790879340025099964, 3534.5790000000001783, 1, 3541.2719999999999345, 42.781251716761673265, 3534.5790000000001783, 1, 3541.2719999999999345, 41.094315822600648858, 3534.5790000000001783, 1
3541.2820000000001528, 61.120549865623225116, 3534.5859999999997854, 1, 3541.2820000000001528, 59.795478054652406286, 3534.5859999999997854, 1, 3541.2820000000001528, 42.777650341868579176, 3534.5859999999997854, 1, 3541.2820000000001528, 41.097584464260599191, 3534.5859999999997854, 1
3541.2820000000001528, 61.116391724644515193, 3534.5889999999999418, 1, 3541.2820000000001528, 59.801009655011867494, 3534.5889999999999418, 1, 3541.2820000000001528, 42.773165196258005949, 3534.5889999999999418, 1, 3541.2820000000001528, 41.10047878112231956, 3534.5889999999999418, 1
3541.2930000000001201, 61.112520116972504525, 3534.5940000000000509, 1, 3541.2930000000001201, 59.807287516728209198, 3534.5940000000000509, 1, 3541.2930000000001201, 42.767960762556604948, 3534.5940000000000509, 1, 3541.2930000000001201, 41.102994111559119972, 3534.5940000000000509, 1
3541.3110000000001492, 61.173433394391125262, 3534.5990000000001601, 1, 3541.3110000000001492, 59.890334658620787422, 3534.5990000000001601, 1, 3541.3110000000001492, 42.727412824895552035, 3534.5990000000001601, 1, 3541.3110000000001492, 40.992456699769817874, 3534.5990000000001601, 1
3541.3110000000001492, 61.170243413010538802, 3534.6039999999998145, 0, 3541.3110000000001492, 59.89765684928890721, 3534.6039999999998145, 1, 3541.3110000000001492, 42.721220332205547265, 3534.6039999999998145, 1, 3541.3110000000001492, 40.994252650575049302, 3534.6039999999998145, 0
3541.3220000000001164, 61.167410766318980109, 3534.6089999999999236, 0, 3541.3220000000001164, 59.904866642958054967, 3534.6089999999999236, 1, 3541.3220000000001164, 42.715069998424894493, 3534.6089999999999236, 1, 3541.3220000000001164, 40.99562323655202789, 3534.6089999999999236, 0
3541.3319999999998799, 61.164940439916890114, 3534.6149999999997817, 0, 3541.3319999999998799, 59.91258473698099607, 3534.6149999999997817, 1, 3541.3319999999998799, 42.708438785800048265, 3534.6149999999997817, 1, 3541.3319999999998799, 40.996738607940663712, 3534.6149999999997817, 0
3541.3420000000000982, 61.162831173377014693, 3534.6190000000001419, 0, 3541.3420000000000982, 59.920319666358452082, 3534.6190000000001419, 1, 3541.3420000000000982, 42.701749192042505854, 3534.6190000000001419, 1, 3541.3420000000000982, 40.9975329669769053, 3534.6190000000001419, 0
3541.3519999999998618, 61.096297234746032245, 3534.625, 0, 3541.3519999999998618, 59.851726305302840103, 3534.625, 1, 3541.3519999999998618, 42.729520540797189199, 3534.625, 1, 3541.3519999999998618, 41.110678707923689501, 3534.625, 0
3541.36200000000008, 61.094831622400924687, 3534.6300000000001091, 0, 3541.36200000000008, 59.859125450894609344, 3534.6300000000001091, 1, 3541.36200000000008, 42.7229596482462739, 3534.6300000000001091, 1, 3541.36200000000008, 41.110838846934754542, 3534.6300000000001091, 0
3541.3710000000000946, 61.09369149329224058, 3534.637000000000171, 0, 3541.3710000000000946, 59.86626617180090193, 3534.637000000000171, 1, 3541.3710000000000946, 42.716588766059018667, 3534.637000000000171, 1, 3541.3710000000000946, 41.110746428497741078, 3534.637000000000171, 0
3541.3809999999998581, 61.092858825696055192, 3534.63799999999992, 0, 3541.3809999999998581, 59.873084118034128664, 3534.63799999999992, 1, 3541.3809999999998581, 42.710469055890726509, 3534.63799999999992, 1, 3541.3809999999998581, 41.110428118334496617, 3534.63799999999992, 0
3541.3910000000000764, 61.09227014861249927, 3534.6439999999997781, 0, 3541.3910000000000764, 59.879548399219842736, 3534.6439999999997781, 1, 3541.3910000000000764, 42.704641309642525471, 3534.6439999999997781, 1, 3541.3910000000000764, 41.109908019249047584, 3534.6439999999997781, 0
3541.4020000000000437, 61.091988034390951157, 3534.6500000000000909, 0, 3541.4020000000000437, 59.885575353364373541, 3534.6500000000000909, 1, 3541.4020000000000437, 42.699165555663256555, 3534.6500000000000909, 1, 3541.4020000000000437, 41.109219591434865038, 3534.6500000000000909, 0
3541.4119999999998072, 61.091945374193500129, 3534.6539999999999964, 0, 3541.4119999999998072, 59.891155924315668813, 3534.6539999999999964, 1, 3541.4119999999998072, 42.694063196862714449, 3534.6539999999999964, 1, 3541.4119999999998072, 41.108386682512197297, 3534.6539999999999964, 0
3541.4220000000000255, 61.092116832324876441, 3534.6590000000001055, 0, 3541.4220000000000255, 59.89626933479748061, 3534.6590000000001055, 1, 3541.4220000000000255, 42.689356749229872889, 3534.6590000000001055, 1, 3541.4220000000000255, 41.107435547080811489, 3534.6590000000001055, 0
3541.431999999999789, 61.092448452875046883, 3534.6640000000002146, 0, 3541.431999999999789, 59.900938147286360902, 3534.6640000000002146, 1, 3541.431999999999789, 42.685044543277257389, 3534.6640000000002146, 1, 3541.431999999999789, 41.106367764037642587, 3534.6640000000002146, 0
3541.4420000000000073, 61.092970779421186478, 3534.668999999999869, 0, 3541.4420000000000073, 59.905089038892640474, 3534.668999999999869, 1, 3541.4420000000000073, 42.681166596859455353, 3534.668999999999869, 1, 3541.4420000000000073, 41.105254698710865569, 3534.668999999999869, 0
3541.4520000000002256, 61.093630207331322879, 3534.6739999999999782, 0, 3541.4520000000002256, 59.908759380548033846, 3534.6739999999999782, 1, 3541.4520000000002256, 42.677707664714361613, 3534.6739999999999782, 1, 3541.4520000000002256, 41.104036159244188298, 3534.6739999999999782, 0
3541.4609999999997854, 61.094402054868702123, 3534.6790000000000873, 0, 3541.4609999999997854, 59.911958052650803097, 3534.6790000000000873, 1, 3541.4609999999997854, 42.674663150082466245, 3534.6790000000000873, 1, 3541.4609999999997854, 41.10285057141317111, 3534.6790000000000873, 0
3541.4720000000002074, 61.160668597564999516, 3534.6840000000001965, 0, 3541.4720000000002074, 59.991550716256895726, 3534.6840000000001965, 1, 3541.4720000000002074, 42.63797141944547775, 3534.6840000000001965, 1, 3541.4720000000002074, 40.989674728136606063, 3534.6840000000001965, 0
3541.4819999999999709, 61.096118033049179985, 3534.6889999999998508, 0, 3541.4819999999999709, 59.917047956737988557, 3534.6889999999998508, 1, 3541.4819999999999709, 42.669751168547051634, 3534.6889999999998508, 1, 3541.4819999999999709, 41.100494148243711834, 3534.6889999999998508, 0
3541.5019999999999527, 61.097137732921986242, 3534.69399999999996, 0, 3541.5019999999999527, 59.918933126263311806, 3534.69399999999996, 1, 3541.5019999999999527, 42.66787677457229222, 3534.69399999999996, 1, 3541.5019999999999527, 41.099339494268399164, 3534.69399999999996, 0
3541.5019999999999527, 61.098136435565265856, 3534.6990000000000691, 0, 3541.5019999999999527, 59.920426421315681864, 3534.6990000000000691, 1, 3541.5019999999999527, 42.666356278195394225, 3534.6990000000000691, 1, 3541.5019999999999527, 41.098224333074568904, 3534.6990000000000691, 0
3541.51299999999992, 61.099130284560573045, 3534.7049999999999272, 0, 3541.51299999999992, 59.92158721663309251, 3534.7049999999999272, 1, 3541.51299999999992, 42.665147915091040431, 3534.7049999999999272, 1, 3541.51299999999992, 41.097120165996685159, 3534.7049999999999272, 0
3541.5219999999999345, 61.100130552448518984, 3534.7109999999997854, 0, 3541.5219999999999345, 59.922380062092095443, 3534.7109999999997854, 1, 3541.5219999999999345, 42.664266490896054052, 3534.7109999999997854, 1, 3541.5219999999999345, 41.096116510047622228, 3534.7109999999997854, 0
3541.5320000000001528, 61.101109823559909273, 3534.7150000000001455, 0, 3541.5320000000001528, 59.922866902566084946, 3534.7150000000001455, 1, 3541.5320000000001528, 42.663667359238523602, 3534.7150000000001455, 1, 3541.5320000000001528, 41.095181145276313828, 3534.7150000000001455, 0
3541.5419999999999163, 61.102010022136781231, 3534.7190000000000509, 0, 3541.5419999999999163, 59.923075512171074308, 3534.7190000000000509, 1, 3541.5419999999999163, 42.663324600446991042, 3534.7190000000000509, 1, 3541.5419999999999163, 41.094320079016021907, 3534.7190000000000509, 0
3541.5520000000001346, 61.102905402385857769, 3534.7249999999999091, 0, 3541.5520000000001346, 59.92306703086644859, 3534.7249999999999091, 1, 3541.5520000000001346, 42.66319697734439842, 3534.7249999999999091, 1, 3541.5520000000001346, 41.093503796121737537, 3534.7249999999999091, 0
3541.5619999999998981, 61.103801018619627428, 3534.7289999999998145, 0, 3541.5619999999998981, 59.922812130993520441, 3534.7289999999998145, 1, 3541.5619999999998981, 42.663288474655061577, 3534.7289999999998145, 1, 3541.5619999999998981, 41.092802864476738023, 3534.7289999999998145, 0
3541.5720000000001164, 61.104593688570503218, 3534.7350000000001273, 0, 3541.5720000000001164, 59.922376133073441906, 3534.7350000000001273, 1, 3541.5720000000001164, 42.66357744061061652, 3534.7350000000001273, 1, 3541.5720000000001164, 41.092156815612511878, 3534.7350000000001273, 0
3541.5819999999998799, 61.105322694436480901, 3534.7399999999997817, 0, 3541.5819999999998799, 59.921782005831680351, 3534.7399999999997817, 1, 3541.5819999999998799, 42.664005496743556023, 3534.7399999999997817, 1, 3541.5819999999998799, 41.091624501837131334, 3534.7399999999997817, 0
3541.5929999999998472, 61.171684674341776145, 3534.7440000000001419, 0, 3541.5929999999998472, 59.997961228497302955, 3534.7440000000001419, 1, 3541.5929999999998472, 42.630704287446818057, 3534.7440000000001419, 1, 3541.5929999999998472, 40.979397217412994792, 3534.7440000000001419, 0
3541.6019999999998618, 61.106567816727874742, 3534.7489999999997963, 0, 3541.6019999999998618, 59.92022833174672769, 3534.7489999999997963, 1, 3541.6019999999998618, 42.665217981327273833, 3534.7489999999997963, 1, 3541.6019999999998618, 41.090779274408177457, 3534.7489999999997963, 0
3541.61200000000008, 61.107089460391989633, 3534.7539999999999054, 0, 3541.61200000000008, 59.919314839618635915, 3534.7539999999999054, 1, 3541.61200000000008, 42.665927869057966859, 3534.7539999999999054, 1, 3541.61200000000008, 41.090500153760956437, 3534.7539999999999054, 0
3541.6210000000000946, 61.107540772638188287, 3534.7600000000002183, 0, 3541.6210000000000946, 59.918341110700538366, 3534.7600000000002183, 1, 3541.6210000000000946, 42.666737536984697954, 3534.7600000000002183, 1, 3541.6210000000000946, 41.0902770140489082, 3534.7600000000002183, 0
3541.6320000000000618, 61.107922953556553125, 3534.76299999999992, 0, 3541.6320000000000618, 59.917327251966725044, 3534.76299999999992, 1, 3541.6320000000000618, 42.667593739560849997, 3534.76299999999992, 1, 3541.6320000000000618, 41.090122747221698774, 3534.76299999999992, 0
3541.6430000000000291, 61.108228127075008729, 3534.7699999999999818, 0, 3541.6430000000000291, 59.916279414274036696, 3534.7699999999999818, 1, 3541.6430000000000291, 42.668474595846305419, 3534.7699999999999818, 1, 3541.6430000000000291, 41.090015635287770124, 3534.7699999999999818, 0
3541.6520000000000437, 61.108477805177500386, 3534.7739999999998872, 0, 3541.6520000000000437, 59.915235987869706946, 3534.7739999999998872, 1, 3541.6520000000000437, 42.669374442887942678, 3534.7739999999998872, 1, 3541.6520000000000437, 41.089985189298886326, 3534.7739999999998872, 0
3541.6619999999998072, 61.108668030831012175, 3534.7789999999999964, 0, 3541.6619999999998072, 59.91420344790559227, 3534.7789999999999964, 1, 3541.6619999999998072, 42.670275163499738369, 3534.7789999999999964, 1, 3541.6619999999998072, 41.090007699791556206, 3534.7789999999999964, 0
3541.6709999999998217, 61.108801533619725888, 3534.7840000000001055, 0, 3541.6709999999998217, 59.913192306391728437, 3534.7840000000001055, 1, 3541.6709999999998217, 42.671164451283829067, 3534.7840000000001055, 1, 3541.6709999999998217, 41.090077386625864619, 3534.7840000000001055, 0
3541.68100000000004, 61.17455275126223313, 3534.7890000000002146, 0, 3541.68100000000004, 59.989045928274336461, 3534.7890000000002146, 1, 3541.68100000000004, 42.638158682084686291, 3534.7890000000002146, 1, 3541.68100000000004, 41.090187604777199226, 3534.7890000000002146, 0
3541.6909999999998035, 61.108903756397545237, 3534.793999999999869, 0, 3541.6909999999998035, 59.911255515379046699, 3534.793999999999869, 1, 3541.6909999999998035, 42.672867975382231975, 3534.793999999999869, 1, 3541.6909999999998035, 41.090333757467448095, 3534.793999999999869, 0
3541.7020000000002256, 61.108895476817863823, 3534.8000000000001819, 0, 3541.7020000000002256, 59.910366413716069189, 3534.8000000000001819, 1, 3541.7020000000002256, 42.673666185307361332, 3534.8000000000001819, 1, 3541.7020000000002256, 41.090512503859102367, 3534.8000000000001819, 0
3541.7119999999999891, 61.108848376048868545, 3534.8040000000000873, 0, 3541.7119999999999891, 59.909531834297141017, 3534.8040000000000873, 1, 3541.7119999999999891, 42.67441998197763553, 3534.8040000000000873, 1, 3541.7119999999999891, 41.090716542166532577, 3534.8040000000000873, 0
3541.7229999999999563, 61.108768425094851295, 3534.8090000000001965, 0, 3541.7229999999999563, 59.90875622959634228, 3534.8090000000001965, 1, 3541.7229999999999563, 42.675124579000751623, 3534.8090000000001965, 1, 3541.7229999999999563, 41.090940657420219395, 3534.8090000000001965, 0
3541.7319999999999709, 61.174301199145290298, 3534.8159999999998035, 0, 3541.7319999999999709, 59.984840780076403632, 3534.8159999999998035, 1, 3541.7319999999999709, 42.641875384621094724, 3534.8159999999998035, 1, 3541.7319999999999709, 40.979344284892775363, 3534.8159999999998035, 0
3541.7420000000001892, 61.174169750140343638, 3534.8200000000001637, 0, 3541.7420000000001892, 59.984181578202438345, 3534.8200000000001637, 1, 3541.7420000000001892, 42.642466479075025632, 3534.8200000000001637, 1, 3541.7420000000001892, 40.979586565164581202, 3534.8200000000001637, 0
3541.7510000000002037, 61.174013118569391168, 3534.8240000000000691, 0, 3541.7510000000002037, 59.983587828558299293, 3534.8240000000000691, 1, 3541.7510000000002037, 42.643001064872436245, 3534.8240000000000691, 1, 3541.7510000000002037, 40.979835476244545589, 3534.8240000000000691, 0
3541.762000000000171, 61.173834138415017492, 3534.8299999999999272, 0, 3541.762000000000171, 59.983059469919282947, 3534.8299999999999272, 1, 3541.762000000000171, 42.643478639831542409, 3534.8299999999999272, 1, 3541.762000000000171, 40.980087116098715683, 3534.8299999999999272, 0
3541.7719999999999345, 61.173653693354076211, 3534.8350000000000364, 0, 3541.7719999999999345, 59.982595586349532368, 3534.8350000000000364, 1, 3541.7719999999999345, 42.643899503530988682, 3534.8350000000000364, 1, 3541.7719999999999345, 40.980337950954499604, 3534.8350000000000364, 0
3541.7809999999999491, 61.173467531104748218, 3534.8389999999999418, 0, 3541.7809999999999491, 59.98219452226175008, 3534.8389999999999418, 1, 3541.7809999999999491, 42.644264657916053807, 3534.8389999999999418, 1, 3541.7809999999999491, 40.980584825024273243, 3534.8389999999999418, 0
3541.7910000000001673, 61.173279167120590216, 3534.8440000000000509, 0, 3541.7910000000001673, 59.981853993368019928, 3534.8440000000000509, 1, 3541.7910000000001673, 42.644575710600207685, 3534.8440000000000509, 1, 3541.7910000000001673, 40.980824964107014807, 3534.8440000000000509, 0
3541.8009999999999309, 61.173091771833739472, 3534.8499999999999091, 0, 3541.8009999999999309, 59.98157119276400806, 3534.8499999999999091, 1, 3541.8009999999999309, 42.644834781818715896, 3534.8499999999999091, 1, 3541.8009999999999309, 40.981055973296008688, 3534.8499999999999091, 0
3541.8110000000001492, 61.172908162579403779, 3534.8539999999998145, 1, 3541.8110000000001492, 59.981342890823199809, 3534.8539999999998145, 1, 3541.8110000000001492, 42.645044415672401783, 3534.8539999999998145, 1, 3541.8110000000001492, 40.981275829951535172, 3534.8539999999998145, 1
3541.8220000000001164, 61.172730801494978436, 3534.8589999999999236, 1, 3541.8220000000001164, 59.981165528727601099, 3534.8589999999999236, 1, 3541.8220000000001164, 42.645207496771149636, 3534.8589999999999236, 1, 3541.8220000000001164, 40.981482872081429036, 3534.8589999999999236, 1
3541.831000000000131, 61.172561798905185526, 3534.8640000000000327, 1, 3541.831000000000131, 59.981035305084120068, 3534.8640000000000327, 1, 3541.831000000000131, 42.645327171967920776, 3534.8640000000000327, 1, 3541.831000000000131, 40.981675783053155726, 3534.8640000000000327, 1
3541.8409999999998945, 61.172402921185209834, 3534.8699999999998909, 1, 3541.8409999999998945, 59.98094825519490314, 3534.8699999999998909, 1, 3541.8409999999998945, 42.645406778351159005, 3534.8699999999998909, 1, 3541.8409999999998945, 40.981853573332664098, 3534.8699999999998909, 1
3541.8510000000001128, 61.172255602975809552, 3534.8739999999997963, 1, 3541.8510000000001128, 59.980900322955733373, 3534.8739999999997963, 1, 3541.8510000000001128, 42.645449777249766043, 3534.8739999999997963, 1, 3541.8510000000001128, 40.982015559284434403, 3534.8739999999997963, 1
3541.8609999999998763, 61.172120962520558862, 3534.8789999999999054, 1, 3541.8609999999998763, 59.980887425281068204, 3534.8789999999999054, 1, 3541.8609999999998763, 42.645459694366678605, 3534.8789999999999054, 1, 3541.8609999999998763, 40.982161340579509101, 3534.8789999999999054, 1
3541.8710000000000946, 61.171999820154027816, 3534.8840000000000146, 1, 3541.8710000000000946, 59.980905509068136894, 3534.8840000000000146, 1, 3541.8710000000000946, 42.645440066496036025, 3534.8840000000000146, 1, 3541.8710000000000946, 40.982290775475242128, 3534.8840000000000146, 1
3541.8820000000000618, 61.17189271879173873, 3534.8890000000001237, 1, 3541.8820000000000618, 59.980950600920223792, 3534.8890000000001237, 1, 3541.8820000000000618, 42.645394394159723106, 3534.8890000000001237, 1, 3541.8820000000000618, 40.982403955785656535, 3534.8890000000001237, 1
3541.8919999999998254, 61.106146007004817022, 3534.8939999999997781, 1, 3541.8919999999998254, 59.904191928174611803, 3534.8939999999997781, 1, 3541.8919999999998254, 42.679291252691641034, 3534.8939999999997781, 1, 3541.8919999999998254, 41.094420069866615108, 3534.8939999999997781, 1
3541.9020000000000437, 61.106067850035373112, 3534.8980000000001382, 1, 3541.9020000000000437, 59.904280854479651452, 3534.8980000000001382, 1, 3541.9020000000000437, 42.679204589188614705, 3534.8980000000001382, 1, 3541.9020000000000437, 41.094502061263220583, 3534.8980000000001382, 1
3541.9130000000000109, 61.106003601207788734, 3534.9039999999999964, 1, 3541.9130000000000109, 59.904385441348331653, 3534.9039999999999964, 1, 3541.9130000000000109, 42.679101568995989169, 3534.9039999999999964, 1, 3541.9130000000000109, 41.09456895505773133, 3534.9039999999999964, 1
3541.9220000000000255, 61.171607152947814257, 3534.9090000000001055, 1, 3541.9220000000000255, 59.981326572186546287, 3534.9090000000001055, 1, 3541.9220000000000255, 42.645017863521751167, 3534.9090000000001055, 1, 3541.9220000000000255, 40.98270269146757272, 3534.9090000000001055, 1
3541.9420000000000073, 61.171570308437132724, 3534.9140000000002146, 1, 3541.9420000000000073, 59.981452509600629242, 3534.9140000000002146, 1, 3541.9420000000000073, 42.644890654164065324, 3534.9140000000002146, 1, 3541.9420000000000073, 40.982742343050830414, 3534.9140000000002146, 1
3541.9420000000000073, 61.171546245768411154, 3534.918999999999869, 1, 3541.9420000000000073, 59.981585223873679524, 3534.918999999999869, 1, 3541.9420000000000073, 42.644755738638451703, 3534.918999999999869, 1, 3541.9420000000000073, 40.982769759666794585, 3534.918999999999869, 1
3541.9510000000000218, 61.171534227586199961, 3534.9239999999999782, 1, 3541.9510000000000218, 59.981722141302341811, 3534.9239999999999782, 1, 3541.9510000000000218, 42.644615523876097996, 3534.9239999999999782, 1, 3541.9510000000000218, 40.982785962170829919, 3534.9239999999999782, 1
3541.9619999999999891, 61.171533427788801873, 3534.931999999999789, 1, 3541.9619999999999891, 59.981860941584699276, 3534.931999999999789, 0, 3541.9619999999999891, 42.644472200519373928, 3534.931999999999789, 0, 3541.9619999999999891, 40.982792013207998139, 3534.931999999999789, 1
3541.9729999999999563, 61.17154295288664656, 3534.9340000000001965, 1, 3541.9729999999999563, 59.98199955765601743, 3534.9340000000001965, 0, 3541.9729999999999563, 42.644327740337487853, 3534.9340000000001965, 0, 3541.9729999999999563, 40.982788998522408974, 3534.9340000000001965, 1
3541.9819999999999709, 61.171561861632525847, 3534.9389999999998508, 1, 3541.9819999999999709, 59.982136172391243178, 3534.9389999999998508, 0, 3541.9819999999999709, 42.644183896702188008, 3534.9389999999998508, 0, 3541.9819999999999709, 40.982778009956831511, 3534.9389999999998508, 1
3541.9969999999998436, 61.171589183406695156, 3534.94399999999996, 1, 3541.9969999999998436, 59.982269212395372904, 3534.94399999999996, 0, 3541.9969999999998436, 42.644042207680215029, 3534.94399999999996, 0, 3541.9969999999998436, 40.982760130192616543, 3534.94399999999996, 1
3542.0019999999999527, 61.171623934864655325, 3534.9490000000000691, 1, 3542.0019999999999527, 59.982397339184274188, 3534.9490000000000691, 0, 3542.0019999999999527, 42.643904001958681249, 3534.9490000000000691, 0, 3542.0019999999999527, 40.982736419247899562, 3534.9490000000000691, 1
3542.012000000000171, 61.171665135176489514, 3534.9540000000001783, 1, 3542.012000000000171, 59.98251943854100432, 3534.9540000000001783, 0, 3542.012000000000171, 42.643770406323213251, 3534.9540000000001783, 0, 3542.012000000000171, 40.982707902604730066, 3534.9540000000001783, 1
3542.0219999999999345, 61.17171181929973045, 3534.9589999999998327, 1, 3542.0219999999999345, 59.982634608207284543, 3534.9589999999998327, 0, 3542.0219999999999345, 42.643642355086171847, 3534.9589999999998327, 0, 3542.0219999999999345, 40.982675561295209832, 3534.9589999999998327, 1
3542.0419999999999163, 61.106026726979536079, 3534.9639999999999418, 1, 3542.0419999999999163, 59.905849711411377712, 3534.9639999999999418, 0, 3542.0419999999999163, 42.677486062310762804, 3534.9639999999999418, 0, 3542.0419999999999163, 41.094550393397639709, 3534.9639999999999418, 1
, , 3534.9690000000000509, 1, , , 3534.9690000000000509, 0, , , 3534.9690000000000509, 0, , , 3534.9690000000000509, 1
, , 3534.9740000000001601, 1, , , 3534.9740000000001601, 0, , , 3534.9740000000001601, 0, , , 3534.9740000000001601, 1
, , 3534.9800000000000182, 1, , , 3534.9800000000000182, 0, , , 3534.9800000000000182, 0, , , 3534.9800000000000182, 1
, , 3534.9839999999999236, 1, , , 3534.9839999999999236, 0, , , 3534.9839999999999236, 0, , , 3534.9839999999999236, 1
, , 3534.9899999999997817, 1, , , 3534.9899999999997817, 0, , , 3534.9899999999997817, 0, , , 3534.9899999999997817, 1
, , 3534.9949999999998909, 1, , , 3534.9949999999998909, 0, , , 3534.9949999999998909, 0, , , 3534.9949999999998909, 1
, , 3534.9989999999997963, 1, , , 3534.9989999999997963, 0, , , 3534.9989999999997963, 0, , , 3534.9989999999997963, 1
, , 3535.0039999999999054, 1, , , 3535.0039999999999054, 0, , , 3535.0039999999999054, 0, , , 3535.0039999999999054, 1
, , 3535.0090000000000146, 1, , , 3535.0090000000000146, 0, , , 3535.0090000000000146, 0, , , 3535.0090000000000146, 1
, , 3535.0140000000001237, 1, , , 3535.0140000000001237, 0, , , 3535.0140000000001237, 0, , , 3535.0140000000001237, 1
, , 3535.0189999999997781, 1, , , 3535.0189999999997781, 0, , , 3535.0189999999997781, 0, , , 3535.0189999999997781, 1
, , 3535.0239999999998872, 1, , , 3535.0239999999998872, 0, , , 3535.0239999999998872, 0, , , 3535.0239999999998872, 1
, , 3535.0289999999999964, 1, , , 3535.0289999999999964, 0, , , 3535.0289999999999964, 0, , , 3535.0289999999999964, 1
, , 3535.0329999999999018, 1, , , 3535.0329999999999018, 0, , , 3535.0329999999999018, 0, , , 3535.0329999999999018, 1
, , 3535.0390000000002146, 1, , , 3535.0390000000002146, 0, , , 3535.0390000000002146, 0, , , 3535.0390000000002146, 1
, , 3535.043999999999869, 1, , , 3535.043999999999869, 0, , , 3535.043999999999869, 0, , , 3535.043999999999869, 1
, , 3535.0500000000001819, 1, , , 3535.0500000000001819, 0, , , 3535.0500000000001819, 0, , , 3535.0500000000001819, 1
, , 3535.0549999999998363, 1, , , 3535.0549999999998363, 0, , , 3535.0549999999998363, 0, , , 3535.0549999999998363, 1
, , 3535.0599999999999454, 1, , , 3535.0599999999999454, 0, , , 3535.0599999999999454, 0, , , 3535.0599999999999454, 1
, , 3535.0639999999998508, 1, , , 3535.0639999999998508, 0, , , 3535.0639999999998508, 0, , , 3535.0639999999998508, 1
, , 3535.06899999999996, 1, , , 3535.06899999999996, 0, , , 3535.06899999999996, 0, , , 3535.06899999999996, 1
, , 3535.0749999999998181, 1, , , 3535.0749999999998181, 0, , , 3535.0749999999998181, 0, , , 3535.0749999999998181, 1
, , 3535.0799999999999272, 1, , , 3535.0799999999999272, 0, , , 3535.0799999999999272, 0, , , 3535.0799999999999272, 1
, , 3535.0839999999998327, 1, , , 3535.0839999999998327, 0, , , 3535.0839999999998327, 0, , , 3535.0839999999998327, 1
, , 3535.0889999999999418, 1, , , 3535.0889999999999418, 0, , , 3535.0889999999999418, 0, , , 3535.0889999999999418, 1
, , 3535.0940000000000509, 1, , , 3535.0940000000000509, 0, , , 3535.0940000000000509, 0, , , 3535.0940000000000509, 1
, , 3535.1010000000001128, 1, , , 3535.1010000000001128, 0, , , 3535.1010000000001128, 0, , , 3535.1010000000001128, 1
, , 3535.1039999999998145, 1, , , 3535.1039999999998145, 0, , , 3535.1039999999998145, 0, , , 3535.1039999999998145, 1
, , 3535.1089999999999236, 1, , , 3535.1089999999999236, 0, , , 3535.1089999999999236, 0, , , 3535.1089999999999236, 1
, , 3535.1140000000000327, 1, , , 3535.1140000000000327, 0, , , 3535.1140000000000327, 0, , , 3535.1140000000000327, 1
, , 3535.1190000000001419, 1, , , 3535.1190000000001419, 0, , , 3535.1190000000001419, 0, , , 3535.1190000000001419, 1
, , 3535.125, 1, , , 3535.125, 0, , , 3535.125, 0, , , 3535.125, 1
, , 3535.1289999999999054, 1, , , 3535.1289999999999054, 0, , , 3535.1289999999999054, 0, , , 3535.1289999999999054, 1
, , 3535.1350000000002183, 1, , , 3535.1350000000002183, 0, , , 3535.1350000000002183, 0, , , 3535.1350000000002183, 1
, , 3535.1399999999998727, 1, , , 3535.1399999999998727, 0, , , 3535.1399999999998727, 0, , , 3535.1399999999998727, 1
, , 3535.1449999999999818, 1, , , 3535.1449999999999818, 0, , , 3535.1449999999999818, 0, , , 3535.1449999999999818, 1
, , 3535.1500000000000909, 1, , , 3535.1500000000000909, 0, , , 3535.1500000000000909, 0, , , 3535.1500000000000909, 1
, , 3535.1539999999999964, 1, , , 3535.1539999999999964, 0, , , 3535.1539999999999964, 0, , , 3535.1539999999999964, 1
, , 3535.1590000000001055, 1, , , 3535.1590000000001055, 0, , , 3535.1590000000001055, 0, , , 3535.1590000000001055, 1
, , 3535.1649999999999636, 1, , , 3535.1649999999999636, 0, , , 3535.1649999999999636, 0, , , 3535.1649999999999636, 1
, , 3535.168999999999869, 1, , , 3535.168999999999869, 0, , , 3535.168999999999869, 0, , , 3535.168999999999869, 1
, , 3535.1750000000001819, 1, , , 3535.1750000000001819, 0, , , 3535.1750000000001819, 0, , , 3535.1750000000001819, 1
, , 3535.1790000000000873, 1, , , 3535.1790000000000873, 1, , , 3535.1790000000000873, 1, , , 3535.1790000000000873, 1
, , 3535.1840000000001965, 1, , , 3535.1840000000001965, 1, , , 3535.1840000000001965, 1, , , 3535.1840000000001965, 1
, , 3535.1889999999998508, 1, , , 3535.1889999999998508, 1, , , 3535.1889999999998508, 1, , , 3535.1889999999998508, 1
, , 3535.1950000000001637, 1, , , 3535.1950000000001637, 1, , , 3535.1950000000001637, 1, , , 3535.1950000000001637, 1
, , 3535.1979999999998654, 1, , , 3535.1979999999998654, 1, , , 3535.1979999999998654, 1, , , 3535.1979999999998654, 1
, , 3535.206000000000131, 1, , , 3535.206000000000131, 1, , , 3535.206000000000131, 1, , , 3535.206000000000131, 1
, , 3535.2089999999998327, 1, , , 3535.2089999999998327, 1, , , 3535.2089999999998327, 1, , , 3535.2089999999998327, 1
, , 3535.2139999999999418, 1, , , 3535.2139999999999418, 1, , , 3535.2139999999999418, 1, , , 3535.2139999999999418, 1
, , 3535.2199999999997999, 1, , , 3535.2199999999997999, 1, , , 3535.2199999999997999, 1, , , 3535.2199999999997999, 1
, , 3535.2240000000001601, 1, , , 3535.2240000000001601, 1, , , 3535.2240000000001601, 1, , , 3535.2240000000001601, 1
, , 3535.2300000000000182, 1, , , 3535.2300000000000182, 1, , , 3535.2300000000000182, 1, , , 3535.2300000000000182, 1
, , 3535.2339999999999236, 1, , , 3535.2339999999999236, 1, , , 3535.2339999999999236, 1, , , 3535.2339999999999236, 1
, , 3535.2390000000000327, 1, , , 3535.2390000000000327, 1, , , 3535.2390000000000327, 1, , , 3535.2390000000000327, 1
, , 3535.2440000000001419, 1, , , 3535.2440000000001419, 1, , , 3535.2440000000001419, 1, , , 3535.2440000000001419, 1
, , 3535.2489999999997963, 1, , , 3535.2489999999997963, 1, , , 3535.2489999999997963, 1, , , 3535.2489999999997963, 1
, , 3535.2550000000001091, 0, , , 3535.2550000000001091, 1, , , 3535.2550000000001091, 1, , , 3535.2550000000001091, 0
, , 3535.2590000000000146, 0, , , 3535.2590000000000146, 1, , , 3535.2590000000000146, 1, , , 3535.2590000000000146, 0
, , 3535.2640000000001237, 0, , , 3535.2640000000001237, 1, , , 3535.2640000000001237, 1, , , 3535.2640000000001237, 0
, , 3535.2689999999997781, 0, , , 3535.2689999999997781, 1, , , 3535.2689999999997781, 1, , , 3535.2689999999997781, 0
, , 3535.2750000000000909, 0, , , 3535.2750000000000909, 1, , , 3535.2750000000000909, 1, , , 3535.2750000000000909, 0
, , 3535.2789999999999964, 0, , , 3535.2789999999999964, 1, , , 3535.2789999999999964, 1, , , 3535.2789999999999964, 0
, , 3535.2840000000001055, 0, , , 3535.2840000000001055, 1, , , 3535.2840000000001055, 1, , , 3535.2840000000001055, 0
, , 3535.2890000000002146, 0, , , 3535.2890000000002146, 1, , , 3535.2890000000002146, 1, , , 3535.2890000000002146, 0
, , 3535.293999999999869, 0, , , 3535.293999999999869, 1, , , 3535.293999999999869, 1, , , 3535.293999999999869, 0
, , 3535.3000000000001819, 0, , , 3535.3000000000001819, 1, , , 3535.3000000000001819, 1, , , 3535.3000000000001819, 0
, , 3535.3049999999998363, 0, , , 3535.3049999999998363, 1, , , 3535.3049999999998363, 1, , , 3535.3049999999998363, 0
, , 3535.3090000000001965, 0, , , 3535.3090000000001965, 1, , , 3535.3090000000001965, 1, , , 3535.3090000000001965, 0
, , 3535.3139999999998508, 0, , , 3535.3139999999998508, 1, , , 3535.3139999999998508, 1, , , 3535.3139999999998508, 0
, , 3535.3200000000001637, 0, , , 3535.3200000000001637, 1, , , 3535.3200000000001637, 1, , , 3535.3200000000001637, 0
, , 3535.3240000000000691, 0, , , 3535.3240000000000691, 1, , , 3535.3240000000000691, 1, , , 3535.3240000000000691, 0
, , 3535.3290000000001783, 0, , , 3535.3290000000001783, 1, , , 3535.3290000000001783, 1, , , 3535.3290000000001783, 0
, , 3535.3350000000000364, 0, , , 3535.3350000000000364, 1, , , 3535.3350000000000364, 1, , , 3535.3350000000000364, 0
, , 3535.3389999999999418, 0, , , 3535.3389999999999418, 1, , , 3535.3389999999999418, 1, , , 3535.3389999999999418, 0
, , 3535.3440000000000509, 0, , , 3535.3440000000000509, 1, , , 3535.3440000000000509, 1, , , 3535.3440000000000509, 0
, , 3535.3490000000001601, 0, , , 3535.3490000000001601, 1, , , 3535.3490000000001601, 1, , , 3535.3490000000001601, 0
, , 3535.3539999999998145, 0, , , 3535.3539999999998145, 1, , , 3535.3539999999998145, 1, , , 3535.3539999999998145, 0
, , 3535.3600000000001273, 0, , , 3535.3600000000001273, 1, , , 3535.3600000000001273, 1, , , 3535.3600000000001273, 0
, , 3535.3649999999997817, 0, , , 3535.3649999999997817, 1, , , 3535.3649999999997817, 1, , , 3535.3649999999997817, 0
, , 3535.3699999999998909, 0, , , 3535.3699999999998909, 1, , , 3535.3699999999998909, 1, , , 3535.3699999999998909, 0
, , 3535.3739999999997963, 0, , , 3535.3739999999997963, 1, , , 3535.3739999999997963, 1, , , 3535.3739999999997963, 0
, , 3535.3800000000001091, 0, , , 3535.3800000000001091, 1, , , 3535.3800000000001091, 1, , , 3535.3800000000001091, 0
, , 3535.3840000000000146, 0, , , 3535.3840000000000146, 1, , , 3535.3840000000000146, 1, , , 3535.3840000000000146, 0
, , 3535.3890000000001237, 0, , , 3535.3890000000001237, 1, , , 3535.3890000000001237, 1, , , 3535.3890000000001237, 0
, , 3535.3939999999997781, 0, , , 3535.3939999999997781, 1, , , 3535.3939999999997781, 1, , , 3535.3939999999997781, 0
, , 3535.3989999999998872, 0, , , 3535.3989999999998872, 1, , , 3535.3989999999998872, 1, , , 3535.3989999999998872, 0
, , 3535.4039999999999964, 0, , , 3535.4039999999999964, 1, , , 3535.4039999999999964, 1, , , 3535.4039999999999964, 0
, , 3535.4090000000001055, 0, , , 3535.4090000000001055, 1, , , 3535.4090000000001055, 1, , , 3535.4090000000001055, 0
, , 3535.4140000000002146, 0, , , 3535.4140000000002146, 1, , , 3535.4140000000002146, 1, , , 3535.4140000000002146, 0
, , 3535.4200000000000728, 0, , , 3535.4200000000000728, 1, , , 3535.4200000000000728, 1, , , 3535.4200000000000728, 0
, , 3535.4239999999999782, 0, , , 3535.4239999999999782, 1, , , 3535.4239999999999782, 1, , , 3535.4239999999999782, 0
, , 3535.4299999999998363, 0, , , 3535.4299999999998363, 1, , , 3535.4299999999998363, 1, , , 3535.4299999999998363, 0
, , 3535.4340000000001965, 0, , , 3535.4340000000001965, 1, , , 3535.4340000000001965, 1, , , 3535.4340000000001965, 0
, , 3535.4389999999998508, 0, , , 3535.4389999999998508, 1, , , 3535.4389999999998508, 1, , , 3535.4389999999998508, 0
, , 3535.44399999999996, 0, , , 3535.44399999999996, 1, , , 3535.44399999999996, 1, , , 3535.44399999999996, 0
, , 3535.4499999999998181, 0, , , 3535.4499999999998181, 1, , , 3535.4499999999998181, 1, , , 3535.4499999999998181, 0
, , 3535.4540000000001783, 0, , , 3535.4540000000001783, 1, , , 3535.4540000000001783, 1, , , 3535.4540000000001783, 0
, , 3535.4619999999999891, 0, , , 3535.4619999999999891, 1, , , 3535.4619999999999891, 1, , , 3535.4619999999999891, 0
, , 3535.4639999999999418, 0, , , 3535.4639999999999418, 1, , , 3535.4639999999999418, 1, , , 3535.4639999999999418, 0
, , 3535.4699999999997999, 0, , , 3535.4699999999997999, 1, , , 3535.4699999999997999, 1, , , 3535.4699999999997999, 0
, , 3535.4740000000001601, 0, , , 3535.4740000000001601, 1, , , 3535.4740000000001601, 1, , , 3535.4740000000001601, 0
, , 3535.4810000000002219, 0, , , 3535.4810000000002219, 1, , , 3535.4810000000002219, 1, , , 3535.4810000000002219, 0
, , 3535.4839999999999236, 0, , , 3535.4839999999999236, 1, , , 3535.4839999999999236, 1, , , 3535.4839999999999236, 0
, , 3535.4890000000000327, 0, , , 3535.4890000000000327, 1, , , 3535.4890000000000327, 1, , , 3535.4890000000000327, 0
, , 3535.4940000000001419, 0, , , 3535.4940000000001419, 1, , , 3535.4940000000001419, 1, , , 3535.4940000000001419, 0
, , 3535.5, 0, , , 3535.5, 1, , , 3535.5, 1, , , 3535.5, 0
, , 3535.5039999999999054, 1, , , 3535.5039999999999054, 1, , , 3535.5039999999999054, 1, , , 3535.5039999999999054, 1
, , 3535.5109999999999673, 1, , , 3535.5109999999999673, 1, , , 3535.5109999999999673, 1, , , 3535.5109999999999673, 1
, , 3535.5149999999998727, 1, , , 3535.5149999999998727, 1, , , 3535.5149999999998727, 1, , , 3535.5149999999998727, 1
, , 3535.5189999999997781, 1, , , 3535.5189999999997781, 1, , , 3535.5189999999997781, 1, , , 3535.5189999999997781, 1
, , 3535.5239999999998872, 1, , , 3535.5239999999998872, 1, , , 3535.5239999999998872, 1, , , 3535.5239999999998872, 1
, , 3535.5289999999999964, 1, , , 3535.5289999999999964, 1, , , 3535.5289999999999964, 1, , , 3535.5289999999999964, 1
, , 3535.5340000000001055, 1, , , 3535.5340000000001055, 1, , , 3535.5340000000001055, 1, , , 3535.5340000000001055, 1
, , 3535.5390000000002146, 1, , , 3535.5390000000002146, 1, , , 3535.5390000000002146, 1, , , 3535.5390000000002146, 1
, , 3535.5459999999998217, 1, , , 3535.5459999999998217, 1, , , 3535.5459999999998217, 1, , , 3535.5459999999998217, 1
, , 3535.5489999999999782, 1, , , 3535.5489999999999782, 1, , , 3535.5489999999999782, 1, , , 3535.5489999999999782, 1
, , 3535.55600000000004, 1, , , 3535.55600000000004, 1, , , 3535.55600000000004, 1, , , 3535.55600000000004, 1
, , 3535.5590000000001965, 1, , , 3535.5590000000001965, 1, , , 3535.5590000000001965, 1, , , 3535.5590000000001965, 1
, , 3535.5630000000001019, 1, , , 3535.5630000000001019, 1, , , 3535.5630000000001019, 1, , , 3535.5630000000001019, 1
, , 3535.56899999999996, 1, , , 3535.56899999999996, 1, , , 3535.56899999999996, 1, , , 3535.56899999999996, 1
, , 3535.5740000000000691, 1, , , 3535.5740000000000691, 1, , , 3535.5740000000000691, 1, , , 3535.5740000000000691, 1
, , 3535.5790000000001783, 1, , , 3535.5790000000001783, 0, , , 3535.5790000000001783, 0, , , 3535.5790000000001783, 1
, , 3535.5839999999998327, 1, , , 3535.5839999999998327, 0, , , 3535.5839999999998327, 0, , , 3535.5839999999998327, 1
, , 3535.5889999999999418, 1, , , 3535.5889999999999418, 0, , , 3535.5889999999999418, 0, , , 3535.5889999999999418, 1
, , 3535.5940000000000509, 1, , , 3535.5940000000000509, 0, , , 3535.5940000000000509, 0, , , 3535.5940000000000509, 1
, , 3535.5990000000001601, 1, , , 3535.5990000000001601, 0, , , 3535.5990000000001601, 0, , , 3535.5990000000001601, 1
, , 3535.6039999999998145, 1, , , 3535.6039999999998145, 0, , , 3535.6039999999998145, 0, , , 3535.6039999999998145, 1
, , 3535.6089999999999236, 1, , , 3535.6089999999999236, 0, , , 3535.6089999999999236, 0, , , 3535.6089999999999236, 1
, , 3535.6140000000000327, 1, , , 3535.6140000000000327, 0, , , 3535.6140000000000327, 0, , , 3535.6140000000000327, 1
, , 3535.6199999999998909, 1, , , 3535.6199999999998909, 0, , , 3535.6199999999998909, 0, , , 3535.6199999999998909, 1
, , 3535.6239999999997963, 1, , , 3535.6239999999997963, 0, , , 3535.6239999999997963, 0, , , 3535.6239999999997963, 1
, , 3535.6289999999999054, 1, , , 3535.6289999999999054, 0, , , 3535.6289999999999054, 0, , , 3535.6289999999999054, 1
, , 3535.6340000000000146, 1, , , 3535.6340000000000146, 0, , , 3535.6340000000000146, 0, , , 3535.6340000000000146, 1
, , 3535.6390000000001237, 1, , , 3535.6390000000001237, 0, , , 3535.6390000000001237, 0, , , 3535.6390000000001237, 1
, , 3535.6439999999997781, 1, , , 3535.6439999999997781, 0, , , 3535.6439999999997781, 0, , , 3535.6439999999997781, 1
, , 3535.6489999999998872, 1, , , 3535.6489999999998872, 0, , , 3535.6489999999998872, 0, , , 3535.6489999999998872, 1
, , 3535.6539999999999964, 1, , , 3535.6539999999999964, 0, , , 3535.6539999999999964, 0, , , 3535.6539999999999964, 1
, , 3535.6579999999999018, 1, , , 3535.6579999999999018, 0, , , 3535.6579999999999018, 0, , , 3535.6579999999999018, 1
, , 3535.6640000000002146, 1, , , 3535.6640000000002146, 0, , , 3535.6640000000002146, 0, , , 3535.6640000000002146, 1
, , 3535.668999999999869, 1, , , 3535.668999999999869, 0, , , 3535.668999999999869, 0, , , 3535.668999999999869, 1
, , 3535.6739999999999782, 1, , , 3535.6739999999999782, 0, , , 3535.6739999999999782, 0, , , 3535.6739999999999782, 1
, , 3535.6790000000000873, 1, , , 3535.6790000000000873, 0, , , 3535.6790000000000873, 0, , , 3535.6790000000000873, 1
, , 3535.6840000000001965, 1, , , 3535.6840000000001965, 0, , , 3535.6840000000001965, 0, , , 3535.6840000000001965, 1
, , 3535.6889999999998508, 1, , , 3535.6889999999998508, 0, , , 3535.6889999999998508, 0, , , 3535.6889999999998508, 1
, , 3535.69399999999996, 1, , , 3535.69399999999996, 0, , , 3535.69399999999996, 0, , , 3535.69399999999996, 1
, , 3535.6990000000000691, 1, , , 3535.6990000000000691, 0, , , 3535.6990000000000691, 0, , , 3535.6990000000000691, 1
, , 3535.7040000000001783, 1, , , 3535.7040000000001783, 0, , , 3535.7040000000001783, 0, , , 3535.7040000000001783, 1
, , 3535.7109999999997854, 1, , , 3535.7109999999997854, 0, , , 3535.7109999999997854, 0, , , 3535.7109999999997854, 1
, , 3535.7139999999999418, 1, , , 3535.7139999999999418, 0, , , 3535.7139999999999418, 0, , , 3535.7139999999999418, 1
, , 3535.7190000000000509, 1, , , 3535.7190000000000509, 0, , , 3535.7190000000000509, 0, , , 3535.7190000000000509, 1
, , 3535.7240000000001601, 1, , , 3535.7240000000001601, 0, , , 3535.7240000000001601, 0, , , 3535.7240000000001601, 1
, , 3535.7289999999998145, 1, , , 3535.7289999999998145, 0, , , 3535.7289999999998145, 0, , , 3535.7289999999998145, 1
, , 3535.7339999999999236, 1, , , 3535.7339999999999236, 0, , , 3535.7339999999999236, 0, , , 3535.7339999999999236, 1
, , 3535.7390000000000327, 1, , , 3535.7390000000000327, 0, , , 3535.7390000000000327, 0, , , 3535.7390000000000327, 1
, , 3535.7440000000001419, 1, , , 3535.7440000000001419, 0, , , 3535.7440000000001419, 0, , , 3535.7440000000001419, 1
, , 3535.7489999999997963, 1, , , 3535.7489999999997963, 0, , , 3535.7489999999997963, 0, , , 3535.7489999999997963, 1
, , 3535.7539999999999054, 1, , , 3535.7539999999999054, 0, , , 3535.7539999999999054, 0, , , 3535.7539999999999054, 1
, , 3535.7579999999998108, 1, , , 3535.7579999999998108, 0, , , 3535.7579999999998108, 0, , , 3535.7579999999998108, 1
, , 3535.7640000000001237, 1, , , 3535.7640000000001237, 0, , , 3535.7640000000001237, 0, , , 3535.7640000000001237, 1
, , 3535.7689999999997781, 1, , , 3535.7689999999997781, 0, , , 3535.7689999999997781, 0, , , 3535.7689999999997781, 1
, , 3535.7739999999998872, 1, , , 3535.7739999999998872, 0, , , 3535.7739999999998872, 0, , , 3535.7739999999998872, 1
, , 3535.7779999999997926, 1, , , 3535.7779999999997926, 0, , , 3535.7779999999997926, 0, , , 3535.7779999999997926, 1
, , 3535.7849999999998545, 1, , , 3535.7849999999998545, 0, , , 3535.7849999999998545, 0, , , 3535.7849999999998545, 1
, , 3535.7890000000002146, 1, , , 3535.7890000000002146, 0, , , 3535.7890000000002146, 0, , , 3535.7890000000002146, 1
, , 3535.7950000000000728, 1, , , 3535.7950000000000728, 0, , , 3535.7950000000000728, 0, , , 3535.7950000000000728, 1
, , 3535.7989999999999782, 1, , , 3535.7989999999999782, 0, , , 3535.7989999999999782, 0, , , 3535.7989999999999782, 1
, , 3535.8040000000000873, 1, , , 3535.8040000000000873, 0, , , 3535.8040000000000873, 0, , , 3535.8040000000000873, 1
, , 3535.8090000000001965, 1, , , 3535.8090000000001965, 0, , , 3535.8090000000001965, 0, , , 3535.8090000000001965, 1
, , 3535.8150000000000546, 1, , , 3535.8150000000000546, 0, , , 3535.8150000000000546, 0, , , 3535.8150000000000546, 1
, , 3535.81899999999996, 1, , , 3535.81899999999996, 0, , , 3535.81899999999996, 0, , , 3535.81899999999996, 1
, , 3535.8249999999998181, 1, , , 3535.8249999999998181, 0, , , 3535.8249999999998181, 0, , , 3535.8249999999998181, 1
, , 3535.8290000000001783, 1, , , 3535.8290000000001783, 1, , , 3535.8290000000001783, 1, , , 3535.8290000000001783, 1
, , 3535.8359999999997854, 1, , , 3535.8359999999997854, 1, , , 3535.8359999999997854, 1, , , 3535.8359999999997854, 1
, , 3535.8389999999999418, 1, , , 3535.8389999999999418, 1, , , 3535.8389999999999418, 1, , , 3535.8389999999999418, 1
, , 3535.8440000000000509, 1, , , 3535.8440000000000509, 1, , , 3535.8440000000000509, 1, , , 3535.8440000000000509, 1
, , 3535.8490000000001601, 1, , , 3535.8490000000001601, 1, , , 3535.8490000000001601, 1, , , 3535.8490000000001601, 1
, , 3535.8539999999998145, 1, , , 3535.8539999999998145, 1, , , 3535.8539999999998145, 1, , , 3535.8539999999998145, 1
, , 3535.8589999999999236, 1, , , 3535.8589999999999236, 1, , , 3535.8589999999999236, 1, , , 3535.8589999999999236, 1
, , 3535.8640000000000327, 1, , , 3535.8640000000000327, 1, , , 3535.8640000000000327, 1, , , 3535.8640000000000327, 1
, , 3535.8690000000001419, 1, , , 3535.8690000000001419, 1, , , 3535.8690000000001419, 1, , , 3535.8690000000001419, 1
, , 3535.875, 1, , , 3535.875, 1, , , 3535.875, 1, , , 3535.875, 1
, , 3535.8789999999999054, 1, , , 3535.8789999999999054, 1, , , 3535.8789999999999054, 1, , , 3535.8789999999999054, 1
, , 3535.8820000000000618, 1, , , 3535.8820000000000618, 1, , , 3535.8820000000000618, 1, , , 3535.8820000000000618, 1
, , 3535.8890000000001237, 1, , , 3535.8890000000001237, 1, , , 3535.8890000000001237, 1, , , 3535.8890000000001237, 1
, , 3535.8939999999997781, 1, , , 3535.8939999999997781, 1, , , 3535.8939999999997781, 1, , , 3535.8939999999997781, 1
, , 3535.8989999999998872, 1, , , 3535.8989999999998872, 1, , , 3535.8989999999998872, 1, , , 3535.8989999999998872, 1
, , 3535.9039999999999964, 0, , , 3535.9039999999999964, 1, , , 3535.9039999999999964, 1, , , 3535.9039999999999964, 0
, , 3535.9090000000001055, 0, , , 3535.9090000000001055, 1, , , 3535.9090000000001055, 1, , , 3535.9090000000001055, 0
, , 3535.9140000000002146, 0, , , 3535.9140000000002146, 1, , , 3535.9140000000002146, 1, , , 3535.9140000000002146, 0
, , 3535.9200000000000728, 0, , , 3535.9200000000000728, 1, , , 3535.9200000000000728, 1, , , 3535.9200000000000728, 0
, , 3535.9239999999999782, 0, , , 3535.9239999999999782, 1, , , 3535.9239999999999782, 1, , , 3535.9239999999999782, 0
, , 3535.9290000000000873, 0, , , 3535.9290000000000873, 1, , , 3535.9290000000000873, 1, , , 3535.9290000000000873, 0
, , 3535.9340000000001965, 0, , , 3535.9340000000001965, 1, , , 3535.9340000000001965, 1, , , 3535.9340000000001965, 0
, , 3535.9389999999998508, 0, , , 3535.9389999999998508, 1, , , 3535.9389999999998508, 1, , , 3535.9389999999998508, 0
, , 3535.943000000000211, 0, , , 3535.943000000000211, 1, , , 3535.943000000000211, 1, , , 3535.943000000000211, 0
, , 3535.9490000000000691, 0, , , 3535.9490000000000691, 1, , , 3535.9490000000000691, 1, , , 3535.9490000000000691, 0
, , 3535.9540000000001783, 0, , , 3535.9540000000001783, 1, , , 3535.9540000000001783, 1, , , 3535.9540000000001783, 0
, , 3535.9589999999998327, 0, , , 3535.9589999999998327, 1, , , 3535.9589999999998327, 1, , , 3535.9589999999998327, 0
, , 3535.9650000000001455, 0, , , 3535.9650000000001455, 1, , , 3535.9650000000001455, 1, , , 3535.9650000000001455, 0
, , 3535.9690000000000509, 0, , , 3535.9690000000000509, 1, , , 3535.9690000000000509, 1, , , 3535.9690000000000509, 0
, , 3535.9780000000000655, 0, , , 3535.9780000000000655, 1, , , 3535.9780000000000655, 1, , , 3535.9780000000000655, 0
, , 3535.9789999999998145, 0, , , 3535.9789999999998145, 1, , , 3535.9789999999998145, 1, , , 3535.9789999999998145, 0
, , 3535.9830000000001746, 0, , , 3535.9830000000001746, 1, , , 3535.9830000000001746, 1, , , 3535.9830000000001746, 0
, , 3535.9920000000001892, 0, , , 3535.9920000000001892, 1, , , 3535.9920000000001892, 1, , , 3535.9920000000001892, 0
, , 3535.9940000000001419, 0, , , 3535.9940000000001419, 1, , , 3535.9940000000001419, 1, , , 3535.9940000000001419, 0
, , 3535.9989999999997963, 0, , , 3535.9989999999997963, 1, , , 3535.9989999999997963, 1, , , 3535.9989999999997963, 0
, , 3536.0039999999999054, 0, , , 3536.0039999999999054, 1, , , 3536.0039999999999054, 1, , , 3536.0039999999999054, 0
, , 3536.012000000000171, 0, , , 3536.012000000000171, 1, , , 3536.012000000000171, 1, , , 3536.012000000000171, 0
, , 3536.0140000000001237, 0, , , 3536.0140000000001237, 1, , , 3536.0140000000001237, 1, , , 3536.0140000000001237, 0
, , 3536.0199999999999818, 0, , , 3536.0199999999999818, 1, , , 3536.0199999999999818, 1, , , 3536.0199999999999818, 0
, , 3536.0250000000000909, 0, , , 3536.0250000000000909, 1, , , 3536.0250000000000909, 1, , , 3536.0250000000000909, 0
, , 3536.0289999999999964, 0, , , 3536.0289999999999964, 1, , , 3536.0289999999999964, 1, , , 3536.0289999999999964, 0
, , 3536.0340000000001055, 0, , , 3536.0340000000001055, 1, , , 3536.0340000000001055, 1, , , 3536.0340000000001055, 0
, , 3536.0390000000002146, 0, , , 3536.0390000000002146, 1, , , 3536.0390000000002146, 1, , , 3536.0390000000002146, 0
, , 3536.043999999999869, 0, , , 3536.043999999999869, 1, , , 3536.043999999999869, 1, , , 3536.043999999999869, 0
, , 3536.0489999999999782, 0, , , 3536.0489999999999782, 1, , , 3536.0489999999999782, 1, , , 3536.0489999999999782, 0
, , 3536.0540000000000873, 0, , , 3536.0540000000000873, 1, , , 3536.0540000000000873, 1, , , 3536.0540000000000873, 0
, , 3536.0590000000001965, 0, , , 3536.0590000000001965, 1, , , 3536.0590000000001965, 1, , , 3536.0590000000001965, 0
, , 3536.0639999999998508, 0, , , 3536.0639999999998508, 1, , , 3536.0639999999998508, 1, , , 3536.0639999999998508, 0
, , 3536.0729999999998654, 0, , , 3536.0729999999998654, 1, , , 3536.0729999999998654, 1, , , 3536.0729999999998654, 0
, , 3536.0740000000000691, 0, , , 3536.0740000000000691, 1, , , 3536.0740000000000691, 1, , , 3536.0740000000000691, 0
, , 3536.0799999999999272, 0, , , 3536.0799999999999272, 1, , , 3536.0799999999999272, 1, , , 3536.0799999999999272, 0
, , 3536.0839999999998327, 0, , , 3536.0839999999998327, 1, , , 3536.0839999999998327, 1, , , 3536.0839999999998327, 0
, , 3536.0889999999999418, 0, , , 3536.0889999999999418, 1, , , 3536.0889999999999418, 1, , , 3536.0889999999999418, 0
, , 3536.0940000000000509, 0, , , 3536.0940000000000509, 1, , , 3536.0940000000000509, 1, , , 3536.0940000000000509, 0
, , 3536.0990000000001601, 0, , , 3536.0990000000001601, 1, , , 3536.0990000000001601, 1, , , 3536.0990000000001601, 0
, , 3536.1039999999998145, 0, , , 3536.1039999999998145, 1, , , 3536.1039999999998145, 1, , , 3536.1039999999998145, 0
, , 3536.1089999999999236, 0, , , 3536.1089999999999236, 1, , , 3536.1089999999999236, 1, , , 3536.1089999999999236, 0
, , 3536.1140000000000327, 0, , , 3536.1140000000000327, 1, , , 3536.1140000000000327, 1, , , 3536.1140000000000327, 0
, , 3536.1190000000001419, 0, , , 3536.1190000000001419, 1, , , 3536.1190000000001419, 1, , , 3536.1190000000001419, 0
, , 3536.1239999999997963, 0, , , 3536.1239999999997963, 1, , , 3536.1239999999997963, 1, , , 3536.1239999999997963, 0
, , 3536.1289999999999054, 0, , , 3536.1289999999999054, 1, , , 3536.1289999999999054, 1, , , 3536.1289999999999054, 0
, , 3536.1340000000000146, 0, , , 3536.1340000000000146, 1, , , 3536.1340000000000146, 1, , , 3536.1340000000000146, 0
, , 3536.1390000000001237, 0, , , 3536.1390000000001237, 1, , , 3536.1390000000001237, 1, , , 3536.1390000000001237, 0
, , 3536.1439999999997781, 0, , , 3536.1439999999997781, 1, , , 3536.1439999999997781, 1, , , 3536.1439999999997781, 0
, , 3536.1489999999998872, 0, , , 3536.1489999999998872, 1, , , 3536.1489999999998872, 1, , , 3536.1489999999998872, 0
, , 3536.1550000000002001, 0, , , 3536.1550000000002001, 1, , , 3536.1550000000002001, 1, , , 3536.1550000000002001, 0
, , 3536.1590000000001055, 1, , , 3536.1590000000001055, 1, , , 3536.1590000000001055, 1, , , 3536.1590000000001055, 1
, , 3536.1649999999999636, 1, , , 3536.1649999999999636, 1, , , 3536.1649999999999636, 1, , , 3536.1649999999999636, 1
, , 3536.168999999999869, 1, , , 3536.168999999999869, 1, , , 3536.168999999999869, 1, , , 3536.168999999999869, 1
, , 3536.1750000000001819, 1, , , 3536.1750000000001819, 1, , , 3536.1750000000001819, 1, , , 3536.1750000000001819, 1
, , 3536.1790000000000873, 1, , , 3536.1790000000000873, 1, , , 3536.1790000000000873, 1, , , 3536.1790000000000873, 1
, , 3536.1840000000001965, 1, , , 3536.1840000000001965, 1, , , 3536.1840000000001965, 1, , , 3536.1840000000001965, 1
, , 3536.1900000000000546, 1, , , 3536.1900000000000546, 1, , , 3536.1900000000000546, 1, , , 3536.1900000000000546, 1
, , 3536.19399999999996, 1, , , 3536.19399999999996, 1, , , 3536.19399999999996, 1, , , 3536.19399999999996, 1
, , 3536.1990000000000691, 1, , , 3536.1990000000000691, 1, , , 3536.1990000000000691, 1, , , 3536.1990000000000691, 1
, , 3536.2040000000001783, 1, , , 3536.2040000000001783, 1, , , 3536.2040000000001783, 1, , , 3536.2040000000001783, 1
, , 3536.2089999999998327, 1, , , 3536.2089999999998327, 1, , , 3536.2089999999998327, 1, , , 3536.2089999999998327, 1
, , 3536.2139999999999418, 1, , , 3536.2139999999999418, 1, , , 3536.2139999999999418, 1, , , 3536.2139999999999418, 1
, , 3536.2190000000000509, 1, , , 3536.2190000000000509, 1, , , 3536.2190000000000509, 1, , , 3536.2190000000000509, 1
, , 3536.2240000000001601, 1, , , 3536.2240000000001601, 1, , , 3536.2240000000001601, 1, , , 3536.2240000000001601, 1
, , 3536.2289999999998145, 1, , , 3536.2289999999998145, 1, , , 3536.2289999999998145, 1, , , 3536.2289999999998145, 1
, , 3536.2350000000001273, 1, , , 3536.2350000000001273, 0, , , 3536.2350000000001273, 0, , , 3536.2350000000001273, 1
, , 3536.2390000000000327, 1, , , 3536.2390000000000327, 0, , , 3536.2390000000000327, 0, , , 3536.2390000000000327, 1
, , 3536.2449999999998909, 1, , , 3536.2449999999998909, 0, , , 3536.2449999999998909, 0, , , 3536.2449999999998909, 1
, , 3536.2489999999997963, 1, , , 3536.2489999999997963, 0, , , 3536.2489999999997963, 0, , , 3536.2489999999997963, 1
, , 3536.2539999999999054, 1, , , 3536.2539999999999054, 0, , , 3536.2539999999999054, 0, , , 3536.2539999999999054, 1
, , 3536.2590000000000146, 1, , , 3536.2590000000000146, 0, , , 3536.2590000000000146, 0, , , 3536.2590000000000146, 1
, , 3536.2640000000001237, 1, , , 3536.2640000000001237, 0, , , 3536.2640000000001237, 0, , , 3536.2640000000001237, 1
, , 3536.2689999999997781, 1, , , 3536.2689999999997781, 0, , , 3536.2689999999997781, 0, , , 3536.2689999999997781, 1
, , 3536.2739999999998872, 1, , , 3536.2739999999998872, 0, , , 3536.2739999999998872, 0, , , 3536.2739999999998872, 1
, , 3536.2789999999999964, 1, , , 3536.2789999999999964, 0, , , 3536.2789999999999964, 0, , , 3536.2789999999999964, 1
, , 3536.2849999999998545, 1, , , 3536.2849999999998545, 0, , , 3536.2849999999998545, 0, , , 3536.2849999999998545, 1
, , 3536.2880000000000109, 1, , , 3536.2880000000000109, 0, , , 3536.2880000000000109, 0, , , 3536.2880000000000109, 1
, , 3536.293999999999869, 1, , , 3536.293999999999869, 0, , , 3536.293999999999869, 0, , , 3536.293999999999869, 1
, , 3536.2989999999999782, 1, , , 3536.2989999999999782, 0, , , 3536.2989999999999782, 0, , , 3536.2989999999999782, 1
, , 3536.3040000000000873, 1, , , 3536.3040000000000873, 0, , , 3536.3040000000000873, 0, , , 3536.3040000000000873, 1
, , 3536.3090000000001965, 1, , , 3536.3090000000001965, 0, , , 3536.3090000000001965, 0, , , 3536.3090000000001965, 1
, , 3536.3139999999998508, 1, , , 3536.3139999999998508, 0, , , 3536.3139999999998508, 0, , , 3536.3139999999998508, 1
, , 3536.31899999999996, 1, , , 3536.31899999999996, 0, , , 3536.31899999999996, 0, , , 3536.31899999999996, 1
, , 3536.3240000000000691, 1, , , 3536.3240000000000691, 0, , , 3536.3240000000000691, 0, , , 3536.3240000000000691, 1
, , 3536.3290000000001783, 1, , , 3536.3290000000001783, 0, , , 3536.3290000000001783, 0, , , 3536.3290000000001783, 1
, , 3536.3350000000000364, 1, , , 3536.3350000000000364, 0, , , 3536.3350000000000364, 0, , , 3536.3350000000000364, 1
, , 3536.3400000000001455, 1, , , 3536.3400000000001455, 0, , , 3536.3400000000001455, 0, , , 3536.3400000000001455, 1
, , 3536.3440000000000509, 1, , , 3536.3440000000000509, 0, , , 3536.3440000000000509, 0, , , 3536.3440000000000509, 1
, , 3536.3490000000001601, 1, , , 3536.3490000000001601, 0, , , 3536.3490000000001601, 0, , , 3536.3490000000001601, 1
, , 3536.3539999999998145, 1, , , 3536.3539999999998145, 0, , , 3536.3539999999998145, 0, , , 3536.3539999999998145, 1
, , 3536.3589999999999236, 1, , , 3536.3589999999999236, 0, , , 3536.3589999999999236, 0, , , 3536.3589999999999236, 1
, , 3536.3640000000000327, 1, , , 3536.3640000000000327, 0, , , 3536.3640000000000327, 0, , , 3536.3640000000000327, 1
, , 3536.3690000000001419, 1, , , 3536.3690000000001419, 0, , , 3536.3690000000001419, 0, , , 3536.3690000000001419, 1
, , 3536.375, 1, , , 3536.375, 0, , , 3536.375, 0, , , 3536.375, 1
, , 3536.3800000000001091, 1, , , 3536.3800000000001091, 0, , , 3536.3800000000001091, 0, , , 3536.3800000000001091, 1
, , 3536.3840000000000146, 1, , , 3536.3840000000000146, 0, , , 3536.3840000000000146, 0, , , 3536.3840000000000146, 1
, , 3536.3899999999998727, 1, , , 3536.3899999999998727, 0, , , 3536.3899999999998727, 0, , , 3536.3899999999998727, 1
, , 3536.3939999999997781, 1, , , 3536.3939999999997781, 0, , , 3536.3939999999997781, 0, , , 3536.3939999999997781, 1
, , 3536.3989999999998872, 1, , , 3536.3989999999998872, 0, , , 3536.3989999999998872, 0, , , 3536.3989999999998872, 1
, , 3536.4070000000001528, 1, , , 3536.4070000000001528, 0, , , 3536.4070000000001528, 0, , , 3536.4070000000001528, 1
, , 3536.4099999999998545, 1, , , 3536.4099999999998545, 0, , , 3536.4099999999998545, 0, , , 3536.4099999999998545, 1
, , 3536.4140000000002146, 1, , , 3536.4140000000002146, 0, , , 3536.4140000000002146, 0, , , 3536.4140000000002146, 1
, , 3536.418999999999869, 1, , , 3536.418999999999869, 0, , , 3536.418999999999869, 0, , , 3536.418999999999869, 1
, , 3536.4250000000001819, 1, , , 3536.4250000000001819, 0, , , 3536.4250000000001819, 0, , , 3536.4250000000001819, 1
, , 3536.4360000000001492, 1, , , 3536.4360000000001492, 0, , , 3536.4360000000001492, 0, , , 3536.4360000000001492, 1
, , 3536.4360000000001492, 1, , , 3536.4360000000001492, 0, , , 3536.4360000000001492, 0, , , 3536.4360000000001492, 1
, , 3536.4420000000000073, 1, , , 3536.4420000000000073, 0, , , 3536.4420000000000073, 0, , , 3536.4420000000000073, 1
, , 3536.44399999999996, 1, , , 3536.44399999999996, 0, , , 3536.44399999999996, 0, , , 3536.44399999999996, 1
, , 3536.4490000000000691, 1, , , 3536.4490000000000691, 0, , , 3536.4490000000000691, 0, , , 3536.4490000000000691, 1
, , 3536.4540000000001783, 1, , , 3536.4540000000001783, 0, , , 3536.4540000000001783, 0, , , 3536.4540000000001783, 1
, , 3536.4600000000000364, 1, , , 3536.4600000000000364, 0, , , 3536.4600000000000364, 0, , , 3536.4600000000000364, 1
, , 3536.4639999999999418, 1, , , 3536.4639999999999418, 0, , , 3536.4639999999999418, 0, , , 3536.4639999999999418, 1
, , 3536.4679999999998472, 1, , , 3536.4679999999998472, 0, , , 3536.4679999999998472, 0, , , 3536.4679999999998472, 1
, , 3536.4740000000001601, 1, , , 3536.4740000000001601, 0, , , 3536.4740000000001601, 0, , , 3536.4740000000001601, 1
, , 3536.4789999999998145, 1, , , 3536.4789999999998145, 0, , , 3536.4789999999998145, 0, , , 3536.4789999999998145, 1
, , 3536.4839999999999236, 1, , , 3536.4839999999999236, 1, , , 3536.4839999999999236, 1, , , 3536.4839999999999236, 1
, , 3536.4890000000000327, 1, , , 3536.4890000000000327, 1, , , 3536.4890000000000327, 1, , , 3536.4890000000000327, 1
, , 3536.4940000000001419, 1, , , 3536.4940000000001419, 1, , , 3536.4940000000001419, 1, , , 3536.4940000000001419, 1
, , 3536.4989999999997963, 1, , , 3536.4989999999997963, 1, , , 3536.4989999999997963, 1, , , 3536.4989999999997963, 1
, , 3536.5050000000001091, 1, , , 3536.5050000000001091, 1, , , 3536.5050000000001091, 1, , , 3536.5050000000001091, 1
, , 3536.5090000000000146, 1, , , 3536.5090000000000146, 1, , , 3536.5090000000000146, 1, , , 3536.5090000000000146, 1
, , 3536.5140000000001237, 1, , , 3536.5140000000001237, 1, , , 3536.5140000000001237, 1, , , 3536.5140000000001237, 1
, , 3536.5199999999999818, 1, , , 3536.5199999999999818, 1, , , 3536.5199999999999818, 1, , , 3536.5199999999999818, 1
, , 3536.5250000000000909, 1, , , 3536.5250000000000909, 1, , , 3536.5250000000000909, 1, , , 3536.5250000000000909, 1
, , 3536.5289999999999964, 1, , , 3536.5289999999999964, 1, , , 3536.5289999999999964, 1, , , 3536.5289999999999964, 1
, , 3536.5340000000001055, 1, , , 3536.5340000000001055, 1, , , 3536.5340000000001055, 1, , , 3536.5340000000001055, 1
, , 3536.5390000000002146, 1, , , 3536.5390000000002146, 1, , , 3536.5390000000002146, 1, , , 3536.5390000000002146, 1
, , 3536.543999999999869, 1, , , 3536.543999999999869, 1, , , 3536.543999999999869, 1, , , 3536.543999999999869, 1
, , 3536.5489999999999782, 1, , , 3536.5489999999999782, 1, , , 3536.5489999999999782, 1, , , 3536.5489999999999782, 1
, , 3536.5540000000000873, 1, , , 3536.5540000000000873, 1, , , 3536.5540000000000873, 1, , , 3536.5540000000000873, 1
, , 3536.5590000000001965, 0, , , 3536.5590000000001965, 1, , , 3536.5590000000001965, 1, , , 3536.5590000000001965, 0
, , 3536.5650000000000546, 0, , , 3536.5650000000000546, 1, , , 3536.5650000000000546, 1, , , 3536.5650000000000546, 0
, , 3536.56899999999996, 0, , , 3536.56899999999996, 1, , , 3536.56899999999996, 1, , , 3536.56899999999996, 0
, , 3536.5740000000000691, 0, , , 3536.5740000000000691, 1, , , 3536.5740000000000691, 1, , , 3536.5740000000000691, 0
, , 3536.5760000000000218, 0, , , 3536.5760000000000218, 1, , , 3536.5760000000000218, 1, , , 3536.5760000000000218, 0
, , 3536.5839999999998327, 0, , , 3536.5839999999998327, 1, , , 3536.5839999999998327, 1, , , 3536.5839999999998327, 0
, , 3536.5889999999999418, 0, , , 3536.5889999999999418, 1, , , 3536.5889999999999418, 1, , , 3536.5889999999999418, 0
, , 3536.5920000000000982, 0, , , 3536.5920000000000982, 1, , , 3536.5920000000000982, 1, , , 3536.5920000000000982, 0
, , 3536.5990000000001601, 0, , , 3536.5990000000001601, 1, , , 3536.5990000000001601, 1, , , 3536.5990000000001601, 0
, , 3536.6159999999999854, 0, , , 3536.6159999999999854, 1, , , 3536.6159999999999854, 1, , , 3536.6159999999999854, 0
, , 3536.6159999999999854, 0, , , 3536.6159999999999854, 1, , , 3536.6159999999999854, 1, , , 3536.6159999999999854, 0
, , 3536.6199999999998909, 0, , , 3536.6199999999998909, 1, , , 3536.6199999999998909, 1, , , 3536.6199999999998909, 0
, , 3536.625, 0, , , 3536.625, 1, , , 3536.625, 1, , , 3536.625, 0
, , 3536.6300000000001091, 0, , , 3536.6300000000001091, 1, , , 3536.6300000000001091, 1, , , 3536.6300000000001091, 0
, , 3536.6350000000002183, 0, , , 3536.6350000000002183, 1, , , 3536.6350000000002183, 1, , , 3536.6350000000002183, 0
, , 3536.6399999999998727, 0, , , 3536.6399999999998727, 1, , , 3536.6399999999998727, 1, , , 3536.6399999999998727, 0
, , 3536.6449999999999818, 0, , , 3536.6449999999999818, 1, , , 3536.6449999999999818, 1, , , 3536.6449999999999818, 0
, , 3536.6509999999998399, 0, , , 3536.6509999999998399, 1, , , 3536.6509999999998399, 1, , , 3536.6509999999998399, 0
, , 3536.6550000000002001, 0, , , 3536.6550000000002001, 1, , , 3536.6550000000002001, 1, , , 3536.6550000000002001, 0
, , 3536.6599999999998545, 0, , , 3536.6599999999998545, 1, , , 3536.6599999999998545, 1, , , 3536.6599999999998545, 0
, , 3536.6649999999999636, 0, , , 3536.6649999999999636, 1, , , 3536.6649999999999636, 1, , , 3536.6649999999999636, 0
, , 3536.6700000000000728, 0, , , 3536.6700000000000728, 1, , , 3536.6700000000000728, 1, , , 3536.6700000000000728, 0
, , 3536.6750000000001819, 0, , , 3536.6750000000001819, 1, , , 3536.6750000000001819, 1, , , 3536.6750000000001819, 0
, , 3536.6799999999998363, 0, , , 3536.6799999999998363, 1, , , 3536.6799999999998363, 1, , , 3536.6799999999998363, 0
, , 3536.6849999999999454, 0, , , 3536.6849999999999454, 1, , , 3536.6849999999999454, 1, , , 3536.6849999999999454, 0
, , 3536.6909999999998035, 0, , , 3536.6909999999998035, 1, , , 3536.6909999999998035, 1, , , 3536.6909999999998035, 0
, , 3536.6950000000001637, 0, , , 3536.6950000000001637, 1, , , 3536.6950000000001637, 1, , , 3536.6950000000001637, 0
, , 3536.6999999999998181, 0, , , 3536.6999999999998181, 1, , , 3536.6999999999998181, 1, , , 3536.6999999999998181, 0
, , 3536.7049999999999272, 0, , , 3536.7049999999999272, 1, , , 3536.7049999999999272, 1, , , 3536.7049999999999272, 0
, , 3536.7100000000000364, 0, , , 3536.7100000000000364, 1, , , 3536.7100000000000364, 1, , , 3536.7100000000000364, 0
, , 3536.7150000000001455, 0, , , 3536.7150000000001455, 1, , , 3536.7150000000001455, 1, , , 3536.7150000000001455, 0
, , 3536.7199999999997999, 0, , , 3536.7199999999997999, 1, , , 3536.7199999999997999, 1, , , 3536.7199999999997999, 0
, , 3536.7260000000001128, 0, , , 3536.7260000000001128, 1, , , 3536.7260000000001128, 1, , , 3536.7260000000001128, 0
, , 3536.7300000000000182, 0, , , 3536.7300000000000182, 1, , , 3536.7300000000000182, 1, , , 3536.7300000000000182, 0
, , 3536.7339999999999236, 0, , , 3536.7339999999999236, 1, , , 3536.7339999999999236, 1, , , 3536.7339999999999236, 0
, , 3536.7409999999999854, 0, , , 3536.7409999999999854, 1, , , 3536.7409999999999854, 1, , , 3536.7409999999999854, 0
, , 3536.7449999999998909, 0, , , 3536.7449999999998909, 1, , , 3536.7449999999998909, 1, , , 3536.7449999999998909, 0
, , 3536.75, 0, , , 3536.75, 1, , , 3536.75, 1, , , 3536.75, 0
, , 3536.7550000000001091, 0, , , 3536.7550000000001091, 1, , , 3536.7550000000001091, 1, , , 3536.7550000000001091, 0
, , 3536.7600000000002183, 0, , , 3536.7600000000002183, 1, , , 3536.7600000000002183, 1, , , 3536.7600000000002183, 0
, , 3536.7640000000001237, 0, , , 3536.7640000000001237, 1, , , 3536.7640000000001237, 1, , , 3536.7640000000001237, 0
, , 3536.7710000000001855, 0, , , 3536.7710000000001855, 1, , , 3536.7710000000001855, 1, , , 3536.7710000000001855, 0
, , 3536.7750000000000909, 0, , , 3536.7750000000000909, 1, , , 3536.7750000000000909, 1, , , 3536.7750000000000909, 0
, , 3536.7800000000002001, 0, , , 3536.7800000000002001, 1, , , 3536.7800000000002001, 1, , , 3536.7800000000002001, 0
, , 3536.7849999999998545, 0, , , 3536.7849999999998545, 1, , , 3536.7849999999998545, 1, , , 3536.7849999999998545, 0
, , 3536.7899999999999636, 0, , , 3536.7899999999999636, 1, , , 3536.7899999999999636, 1, , , 3536.7899999999999636, 0
, , 3536.7950000000000728, 0, , , 3536.7950000000000728, 1, , , 3536.7950000000000728, 1, , , 3536.7950000000000728, 0
, , 3536.8000000000001819, 0, , , 3536.8000000000001819, 1, , , 3536.8000000000001819, 1, , , 3536.8000000000001819, 0
, , 3536.80600000000004, 0, , , 3536.80600000000004, 1, , , 3536.80600000000004, 1, , , 3536.80600000000004, 0
, , 3536.8099999999999454, 1, , , 3536.8099999999999454, 1, , , 3536.8099999999999454, 1, , , 3536.8099999999999454, 1
, , 3536.8150000000000546, 1, , , 3536.8150000000000546, 1, , , 3536.8150000000000546, 1, , , 3536.8150000000000546, 1
, , 3536.8200000000001637, 1, , , 3536.8200000000001637, 1, , , 3536.8200000000001637, 1, , , 3536.8200000000001637, 1
, , 3536.8249999999998181, 1, , , 3536.8249999999998181, 1, , , 3536.8249999999998181, 1, , , 3536.8249999999998181, 1
, , 3536.8299999999999272, 1, , , 3536.8299999999999272, 1, , , 3536.8299999999999272, 1, , , 3536.8299999999999272, 1
, , 3536.8359999999997854, 1, , , 3536.8359999999997854, 1, , , 3536.8359999999997854, 1, , , 3536.8359999999997854, 1
, , 3536.8409999999998945, 1, , , 3536.8409999999998945, 1, , , 3536.8409999999998945, 1, , , 3536.8409999999998945, 1
, , 3536.8460000000000036, 1, , , 3536.8460000000000036, 1, , , 3536.8460000000000036, 1, , , 3536.8460000000000036, 1
, , 3536.8499999999999091, 1, , , 3536.8499999999999091, 1, , , 3536.8499999999999091, 1, , , 3536.8499999999999091, 1
, , 3536.8550000000000182, 1, , , 3536.8550000000000182, 1, , , 3536.8550000000000182, 1, , , 3536.8550000000000182, 1
, , 3536.8589999999999236, 1, , , 3536.8589999999999236, 1, , , 3536.8589999999999236, 1, , , 3536.8589999999999236, 1
, , 3536.8659999999999854, 1, , , 3536.8659999999999854, 1, , , 3536.8659999999999854, 1, , , 3536.8659999999999854, 1
, , 3536.8699999999998909, 1, , , 3536.8699999999998909, 1, , , 3536.8699999999998909, 1, , , 3536.8699999999998909, 1
, , 3536.8739999999997963, 1, , , 3536.8739999999997963, 1, , , 3536.8739999999997963, 1, , , 3536.8739999999997963, 1
, , 3536.8809999999998581, 1, , , 3536.8809999999998581, 1, , , 3536.8809999999998581, 1, , , 3536.8809999999998581, 1
, , 3536.8850000000002183, 1, , , 3536.8850000000002183, 0, , , 3536.8850000000002183, 0, , , 3536.8850000000002183, 1
, , 3536.8910000000000764, 1, , , 3536.8910000000000764, 0, , , 3536.8910000000000764, 0, , , 3536.8910000000000764, 1
, , 3536.8949999999999818, 1, , , 3536.8949999999999818, 0, , , 3536.8949999999999818, 0, , , 3536.8949999999999818, 1
, , 3536.9009999999998399, 1, , , 3536.9009999999998399, 0, , , 3536.9009999999998399, 0, , , 3536.9009999999998399, 1
, , 3536.9059999999999491, 1, , , 3536.9059999999999491, 0, , , 3536.9059999999999491, 0, , , 3536.9059999999999491, 1
, , 3536.9099999999998545, 1, , , 3536.9099999999998545, 0, , , 3536.9099999999998545, 0, , , 3536.9099999999998545, 1
, , 3536.9149999999999636, 1, , , 3536.9149999999999636, 0, , , 3536.9149999999999636, 0, , , 3536.9149999999999636, 1
, , 3536.9200000000000728, 1, , , 3536.9200000000000728, 0, , , 3536.9200000000000728, 0, , , 3536.9200000000000728, 1
, , 3536.9270000000001346, 1, , , 3536.9270000000001346, 0, , , 3536.9270000000001346, 0, , , 3536.9270000000001346, 1
, , 3536.9299999999998363, 1, , , 3536.9299999999998363, 0, , , 3536.9299999999998363, 0, , , 3536.9299999999998363, 1
, , 3536.9349999999999454, 1, , , 3536.9349999999999454, 0, , , 3536.9349999999999454, 0, , , 3536.9349999999999454, 1
, , 3536.9400000000000546, 1, , , 3536.9400000000000546, 0, , , 3536.9400000000000546, 0, , , 3536.9400000000000546, 1
, , 3536.9450000000001637, 1, , , 3536.9450000000001637, 0, , , 3536.9450000000001637, 0, , , 3536.9450000000001637, 1
, , 3536.9499999999998181, 1, , , 3536.9499999999998181, 0, , , 3536.9499999999998181, 0, , , 3536.9499999999998181, 1
, , 3536.9549999999999272, 1, , , 3536.9549999999999272, 0, , , 3536.9549999999999272, 0, , , 3536.9549999999999272, 1
, , 3536.9600000000000364, 1, , , 3536.9600000000000364, 0, , , 3536.9600000000000364, 0, , , 3536.9600000000000364, 1
, , 3536.9659999999998945, 1, , , 3536.9659999999998945, 0, , , 3536.9659999999998945, 0, , , 3536.9659999999998945, 1
, , 3536.9699999999997999, 1, , , 3536.9699999999997999, 0, , , 3536.9699999999997999, 0, , , 3536.9699999999997999, 1
, , 3536.9749999999999091, 1, , , 3536.9749999999999091, 0, , , 3536.9749999999999091, 0, , , 3536.9749999999999091, 1
, , 3536.9810000000002219, 1, , , 3536.9810000000002219, 0, , , 3536.9810000000002219, 0, , , 3536.9810000000002219, 1
, , 3536.9850000000001273, 1, , , 3536.9850000000001273, 0, , , 3536.9850000000001273, 0, , , 3536.9850000000001273, 1
, , 3536.9899999999997817, 1, , , 3536.9899999999997817, 0, , , 3536.9899999999997817, 0, , , 3536.9899999999997817, 1
, , 3536.9960000000000946, 1, , , 3536.9960000000000946, 0, , , 3536.9960000000000946, 0, , , 3536.9960000000000946, 1
, , 3537, 1, , , 3537, 0, , , 3537, 0, , , 3537, 1
, , 3537.0050000000001091, 1, , , 3537.0050000000001091, 0, , , 3537.0050000000001091, 0, , , 3537.0050000000001091, 1
, , 3537.0100000000002183, 1, , , 3537.0100000000002183, 0, , , 3537.0100000000002183, 0, , , 3537.0100000000002183, 1
, , 3537.0149999999998727, 1, , , 3537.0149999999998727, 0, , , 3537.0149999999998727, 0, , , 3537.0149999999998727, 1
, , 3537.0199999999999818, 1, , , 3537.0199999999999818, 0, , , 3537.0199999999999818, 0, , , 3537.0199999999999818, 1
, , 3537.0250000000000909, 1, , , 3537.0250000000000909, 0, , , 3537.0250000000000909, 0, , , 3537.0250000000000909, 1
, , 3537.0300000000002001, 1, , , 3537.0300000000002001, 0, , , 3537.0300000000002001, 0, , , 3537.0300000000002001, 1
, , 3537.0349999999998545, 1, , , 3537.0349999999998545, 0, , , 3537.0349999999998545, 0, , , 3537.0349999999998545, 1
, , 3537.0410000000001673, 1, , , 3537.0410000000001673, 0, , , 3537.0410000000001673, 0, , , 3537.0410000000001673, 1
, , 3537.0450000000000728, 1, , , 3537.0450000000000728, 0, , , 3537.0450000000000728, 0, , , 3537.0450000000000728, 1
, , 3537.0500000000001819, 1, , , 3537.0500000000001819, 0, , , 3537.0500000000001819, 0, , , 3537.0500000000001819, 1
, , 3537.0549999999998363, 1, , , 3537.0549999999998363, 0, , , 3537.0549999999998363, 0, , , 3537.0549999999998363, 1
, , 3537.0599999999999454, 1, , , 3537.0599999999999454, 0, , , 3537.0599999999999454, 0, , , 3537.0599999999999454, 1
, , 3537.0650000000000546, 1, , , 3537.0650000000000546, 0, , , 3537.0650000000000546, 0, , , 3537.0650000000000546, 1
, , 3537.0700000000001637, 1, , , 3537.0700000000001637, 0, , , 3537.0700000000001637, 0, , , 3537.0700000000001637, 1
, , 3537.0749999999998181, 1, , , 3537.0749999999998181, 0, , , 3537.0749999999998181, 0, , , 3537.0749999999998181, 1
, , 3537.0799999999999272, 1, , , 3537.0799999999999272, 0, , , 3537.0799999999999272, 0, , , 3537.0799999999999272, 1
, , 3537.0850000000000364, 1, , , 3537.0850000000000364, 0, , , 3537.0850000000000364, 0, , , 3537.0850000000000364, 1
, , 3537.0900000000001455, 1, , , 3537.0900000000001455, 0, , , 3537.0900000000001455, 0, , , 3537.0900000000001455, 1
, , 3537.0949999999997999, 1, , , 3537.0949999999997999, 0, , , 3537.0949999999997999, 0, , , 3537.0949999999997999, 1
, , 3537.0999999999999091, 1, , , 3537.0999999999999091, 0, , , 3537.0999999999999091, 0, , , 3537.0999999999999091, 1
, , 3537.1050000000000182, 1, , , 3537.1050000000000182, 0, , , 3537.1050000000000182, 0, , , 3537.1050000000000182, 1
, , 3537.1109999999998763, 1, , , 3537.1109999999998763, 0, , , 3537.1109999999998763, 0, , , 3537.1109999999998763, 1
, , 3537.1159999999999854, 1, , , 3537.1159999999999854, 0, , , 3537.1159999999999854, 0, , , 3537.1159999999999854, 1
, , 3537.1199999999998909, 1, , , 3537.1199999999998909, 0, , , 3537.1199999999998909, 0, , , 3537.1199999999998909, 1
, , 3537.1260000000002037, 1, , , 3537.1260000000002037, 0, , , 3537.1260000000002037, 0, , , 3537.1260000000002037, 1
, , 3537.1300000000001091, 1, , , 3537.1300000000001091, 0, , , 3537.1300000000001091, 0, , , 3537.1300000000001091, 1
, , 3537.1350000000002183, 1, , , 3537.1350000000002183, 1, , , 3537.1350000000002183, 1, , , 3537.1350000000002183, 1
, , 3537.1399999999998727, 1, , , 3537.1399999999998727, 1, , , 3537.1399999999998727, 1, , , 3537.1399999999998727, 1
, , 3537.1439999999997781, 1, , , 3537.1439999999997781, 1, , , 3537.1439999999997781, 1, , , 3537.1439999999997781, 1
, , 3537.1500000000000909, 1, , , 3537.1500000000000909, 1, , , 3537.1500000000000909, 1, , , 3537.1500000000000909, 1
, , 3537.1559999999999491, 1, , , 3537.1559999999999491, 1, , , 3537.1559999999999491, 1, , , 3537.1559999999999491, 1
, , 3537.1599999999998545, 1, , , 3537.1599999999998545, 1, , , 3537.1599999999998545, 1, , , 3537.1599999999998545, 1
, , 3537.1649999999999636, 1, , , 3537.1649999999999636, 1, , , 3537.1649999999999636, 1, , , 3537.1649999999999636, 1
, , 3537.1700000000000728, 1, , , 3537.1700000000000728, 1, , , 3537.1700000000000728, 1, , , 3537.1700000000000728, 1
, , 3537.1739999999999782, 1, , , 3537.1739999999999782, 1, , , 3537.1739999999999782, 1, , , 3537.1739999999999782, 1
, , 3537.1799999999998363, 1, , , 3537.1799999999998363, 1, , , 3537.1799999999998363, 1, , , 3537.1799999999998363, 1
, , 3537.1849999999999454, 1, , , 3537.1849999999999454, 1, , , 3537.1849999999999454, 1, , , 3537.1849999999999454, 1
, , 3537.1900000000000546, 1, , , 3537.1900000000000546, 1, , , 3537.1900000000000546, 1, , , 3537.1900000000000546, 1
, , 3537.1950000000001637, 1, , , 3537.1950000000001637, 1, , , 3537.1950000000001637, 1, , , 3537.1950000000001637, 1
, , 3537.1999999999998181, 1, , , 3537.1999999999998181, 1, , , 3537.1999999999998181, 1, , , 3537.1999999999998181, 1
, , 3537.2049999999999272, 1, , , 3537.2049999999999272, 1, , , 3537.2049999999999272, 1, , , 3537.2049999999999272, 1
, , 3537.2100000000000364, 0, , , 3537.2100000000000364, 1, , , 3537.2100000000000364, 1, , , 3537.2100000000000364, 0
, , 3537.2150000000001455, 0, , , 3537.2150000000001455, 1, , , 3537.2150000000001455, 1, , , 3537.2150000000001455, 0
, , 3537.2199999999997999, 0, , , 3537.2199999999997999, 1, , , 3537.2199999999997999, 1, , , 3537.2199999999997999, 0
, , 3537.2249999999999091, 0, , , 3537.2249999999999091, 1, , , 3537.2249999999999091, 1, , , 3537.2249999999999091, 0
, , 3537.2300000000000182, 0, , , 3537.2300000000000182, 1, , , 3537.2300000000000182, 1, , , 3537.2300000000000182, 0
, , 3537.2350000000001273, 0, , , 3537.2350000000001273, 1, , , 3537.2350000000001273, 1, , , 3537.2350000000001273, 0
, , 3537.2409999999999854, 0, , , 3537.2409999999999854, 1, , , 3537.2409999999999854, 1, , , 3537.2409999999999854, 0
, , 3537.2449999999998909, 0, , , 3537.2449999999998909, 1, , , 3537.2449999999998909, 1, , , 3537.2449999999998909, 0
, , 3537.25, 0, , , 3537.25, 1, , , 3537.25, 1, , , 3537.25, 0
, , 3537.2550000000001091, 0, , , 3537.2550000000001091, 1, , , 3537.2550000000001091, 1, , , 3537.2550000000001091, 0
, , 3537.2600000000002183, 0, , , 3537.2600000000002183, 1, , , 3537.2600000000002183, 1, , , 3537.2600000000002183, 0
, , 3537.2649999999998727, 0, , , 3537.2649999999998727, 1, , , 3537.2649999999998727, 1, , , 3537.2649999999998727, 0
, , 3537.2699999999999818, 0, , , 3537.2699999999999818, 1, , , 3537.2699999999999818, 1, , , 3537.2699999999999818, 0
, , 3537.2750000000000909, 0, , , 3537.2750000000000909, 1, , , 3537.2750000000000909, 1, , , 3537.2750000000000909, 0
, , 3537.2800000000002001, 0, , , 3537.2800000000002001, 1, , , 3537.2800000000002001, 1, , , 3537.2800000000002001, 0
, , 3537.2849999999998545, 0, , , 3537.2849999999998545, 1, , , 3537.2849999999998545, 1, , , 3537.2849999999998545, 0
, , 3537.2899999999999636, 0, , , 3537.2899999999999636, 1, , , 3537.2899999999999636, 1, , , 3537.2899999999999636, 0
, , 3537.2959999999998217, 0, , , 3537.2959999999998217, 1, , , 3537.2959999999998217, 1, , , 3537.2959999999998217, 0
, , 3537.3000000000001819, 0, , , 3537.3000000000001819, 1, , , 3537.3000000000001819, 1, , , 3537.3000000000001819, 0
, , 3537.3049999999998363, 0, , , 3537.3049999999998363, 1, , , 3537.3049999999998363, 1, , , 3537.3049999999998363, 0
, , 3537.3099999999999454, 0, , , 3537.3099999999999454, 1, , , 3537.3099999999999454, 1, , , 3537.3099999999999454, 0
, , 3537.3150000000000546, 0, , , 3537.3150000000000546, 1, , , 3537.3150000000000546, 1, , , 3537.3150000000000546, 0
, , 3537.3200000000001637, 0, , , 3537.3200000000001637, 1, , , 3537.3200000000001637, 1, , , 3537.3200000000001637, 0
, , 3537.3249999999998181, 0, , , 3537.3249999999998181, 1, , , 3537.3249999999998181, 1, , , 3537.3249999999998181, 0
, , 3537.3299999999999272, 0, , , 3537.3299999999999272, 1, , , 3537.3299999999999272, 1, , , 3537.3299999999999272, 0
, , 3537.3350000000000364, 0, , , 3537.3350000000000364, 1, , , 3537.3350000000000364, 1, , , 3537.3350000000000364, 0
, , 3537.3429999999998472, 0, , , 3537.3429999999998472, 1, , , 3537.3429999999998472, 1, , , 3537.3429999999998472, 0
, , 3537.3440000000000509, 0, , , 3537.3440000000000509, 1, , , 3537.3440000000000509, 1, , , 3537.3440000000000509, 0
, , 3537.3499999999999091, 0, , , 3537.3499999999999091, 1, , , 3537.3499999999999091, 1, , , 3537.3499999999999091, 0
, , 3537.3550000000000182, 0, , , 3537.3550000000000182, 1, , , 3537.3550000000000182, 1, , , 3537.3550000000000182, 0
, , 3537.3600000000001273, 0, , , 3537.3600000000001273, 1, , , 3537.3600000000001273, 1, , , 3537.3600000000001273, 0
, , 3537.3659999999999854, 0, , , 3537.3659999999999854, 1, , , 3537.3659999999999854, 1, , , 3537.3659999999999854, 0
, , 3537.3699999999998909, 0, , , 3537.3699999999998909, 1, , , 3537.3699999999998909, 1, , , 3537.3699999999998909, 0
, , 3537.3739999999997963, 0, , , 3537.3739999999997963, 1, , , 3537.3739999999997963, 1, , , 3537.3739999999997963, 0
, , 3537.3800000000001091, 0, , , 3537.3800000000001091, 1, , , 3537.3800000000001091, 1, , , 3537.3800000000001091, 0
, , 3537.3850000000002183, 0, , , 3537.3850000000002183, 1, , , 3537.3850000000002183, 1, , , 3537.3850000000002183, 0
, , 3537.3899999999998727, 0, , , 3537.3899999999998727, 1, , , 3537.3899999999998727, 1, , , 3537.3899999999998727, 0
, , 3537.3960000000001855, 0, , , 3537.3960000000001855, 1, , , 3537.3960000000001855, 1, , , 3537.3960000000001855, 0
, , 3537.4000000000000909, 0, , , 3537.4000000000000909, 1, , , 3537.4000000000000909, 1, , , 3537.4000000000000909, 0
, , 3537.4059999999999491, 0, , , 3537.4059999999999491, 1, , , 3537.4059999999999491, 1, , , 3537.4059999999999491, 0
, , 3537.4099999999998545, 0, , , 3537.4099999999998545, 1, , , 3537.4099999999998545, 1, , , 3537.4099999999998545, 0
, , 3537.4149999999999636, 0, , , 3537.4149999999999636, 1, , , 3537.4149999999999636, 1, , , 3537.4149999999999636, 0
, , 3537.4200000000000728, 0, , , 3537.4200000000000728, 1, , , 3537.4200000000000728, 1, , , 3537.4200000000000728, 0
, , 3537.4259999999999309, 0, , , 3537.4259999999999309, 1, , , 3537.4259999999999309, 1, , , 3537.4259999999999309, 0
, , 3537.4299999999998363, 0, , , 3537.4299999999998363, 1, , , 3537.4299999999998363, 1, , , 3537.4299999999998363, 0
, , 3537.4349999999999454, 0, , , 3537.4349999999999454, 1, , , 3537.4349999999999454, 1, , , 3537.4349999999999454, 0
, , 3537.4400000000000546, 0, , , 3537.4400000000000546, 1, , , 3537.4400000000000546, 1, , , 3537.4400000000000546, 0
, , 3537.4450000000001637, 0, , , 3537.4450000000001637, 1, , , 3537.4450000000001637, 1, , , 3537.4450000000001637, 0
, , 3537.4499999999998181, 0, , , 3537.4499999999998181, 1, , , 3537.4499999999998181, 1, , , 3537.4499999999998181, 0
, , 3537.456000000000131, 0, , , 3537.456000000000131, 1, , , 3537.456000000000131, 1, , , 3537.456000000000131, 0
, , 3537.4600000000000364, 1, , , 3537.4600000000000364, 1, , , 3537.4600000000000364, 1, , , 3537.4600000000000364, 1
, , 3537.4650000000001455, 1, , , 3537.4650000000001455, 1, , , 3537.4650000000001455, 1, , , 3537.4650000000001455, 1
, , 3537.4699999999997999, 1, , , 3537.4699999999997999, 1, , , 3537.4699999999997999, 1, , , 3537.4699999999997999, 1
, , 3537.4749999999999091, 1, , , 3537.4749999999999091, 1, , , 3537.4749999999999091, 1, , , 3537.4749999999999091, 1
, , 3537.4800000000000182, 1, , , 3537.4800000000000182, 1, , , 3537.4800000000000182, 1, , , 3537.4800000000000182, 1
, , 3537.4850000000001273, 1, , , 3537.4850000000001273, 1, , , 3537.4850000000001273, 1, , , 3537.4850000000001273, 1
, , 3537.4909999999999854, 1, , , 3537.4909999999999854, 1, , , 3537.4909999999999854, 1, , , 3537.4909999999999854, 1
, , 3537.4960000000000946, 1, , , 3537.4960000000000946, 1, , , 3537.4960000000000946, 1, , , 3537.4960000000000946, 1
, , 3537.5, 1, , , 3537.5, 1, , , 3537.5, 1, , , 3537.5, 1
, , 3537.5050000000001091, 1, , , 3537.5050000000001091, 1, , , 3537.5050000000001091, 1, , , 3537.5050000000001091, 1
, , 3537.5100000000002183, 1, , , 3537.5100000000002183, 1, , , 3537.5100000000002183, 1, , , 3537.5100000000002183, 1
, , 3537.5149999999998727, 1, , , 3537.5149999999998727, 1, , , 3537.5149999999998727, 1, , , 3537.5149999999998727, 1
, , 3537.5199999999999818, 1, , , 3537.5199999999999818, 1, , , 3537.5199999999999818, 1, , , 3537.5199999999999818, 1
, , 3537.5250000000000909, 1, , , 3537.5250000000000909, 1, , , 3537.5250000000000909, 1, , , 3537.5250000000000909, 1
, , 3537.5300000000002001, 1, , , 3537.5300000000002001, 1, , , 3537.5300000000002001, 1, , , 3537.5300000000002001, 1
, , 3537.5349999999998545, 1, , , 3537.5349999999998545, 0, , , 3537.5349999999998545, 0, , , 3537.5349999999998545, 1
, , 3537.5399999999999636, 1, , , 3537.5399999999999636, 0, , , 3537.5399999999999636, 0, , , 3537.5399999999999636, 1
, , 3537.543999999999869, 1, , , 3537.543999999999869, 0, , , 3537.543999999999869, 0, , , 3537.543999999999869, 1
, , 3537.5500000000001819, 1, , , 3537.5500000000001819, 0, , , 3537.5500000000001819, 0, , , 3537.5500000000001819, 1
, , 3537.5549999999998363, 1, , , 3537.5549999999998363, 0, , , 3537.5549999999998363, 0, , , 3537.5549999999998363, 1
, , 3537.5590000000001965, 1, , , 3537.5590000000001965, 0, , , 3537.5590000000001965, 0, , , 3537.5590000000001965, 1
, , 3537.5650000000000546, 1, , , 3537.5650000000000546, 0, , , 3537.5650000000000546, 0, , , 3537.5650000000000546, 1
, , 3537.56899999999996, 1, , , 3537.56899999999996, 0, , , 3537.56899999999996, 0, , , 3537.56899999999996, 1
, , 3537.5749999999998181, 1, , , 3537.5749999999998181, 0, , , 3537.5749999999998181, 0, , , 3537.5749999999998181, 1
, , 3537.5799999999999272, 1, , , 3537.5799999999999272, 0, , , 3537.5799999999999272, 0, , , 3537.5799999999999272, 1
, , 3537.5850000000000364, 1, , , 3537.5850000000000364, 0, , , 3537.5850000000000364, 0, , , 3537.5850000000000364, 1
, , 3537.5900000000001455, 1, , , 3537.5900000000001455, 0, , , 3537.5900000000001455, 0, , , 3537.5900000000001455, 1
, , 3537.5949999999997999, 1, , , 3537.5949999999997999, 0, , , 3537.5949999999997999, 0, , , 3537.5949999999997999, 1
, , 3537.5999999999999091, 1, , , 3537.5999999999999091, 0, , , 3537.5999999999999091, 0, , , 3537.5999999999999091, 1
, , 3537.6050000000000182, 1, , , 3537.6050000000000182, 0, , , 3537.6050000000000182, 0, , , 3537.6050000000000182, 1
, , 3537.6100000000001273, 1, , , 3537.6100000000001273, 0, , , 3537.6100000000001273, 0, , , 3537.6100000000001273, 1
, , 3537.6149999999997817, 1, , , 3537.6149999999997817, 0, , , 3537.6149999999997817, 0, , , 3537.6149999999997817, 1
, , 3537.6199999999998909, 1, , , 3537.6199999999998909, 0, , , 3537.6199999999998909, 0, , , 3537.6199999999998909, 1
, , 3537.6260000000002037, 1, , , 3537.6260000000002037, 0, , , 3537.6260000000002037, 0, , , 3537.6260000000002037, 1
, , 3537.6300000000001091, 1, , , 3537.6300000000001091, 0, , , 3537.6300000000001091, 0, , , 3537.6300000000001091, 1
, , 3537.6359999999999673, 1, , , 3537.6359999999999673, 0, , , 3537.6359999999999673, 0, , , 3537.6359999999999673, 1
, , 3537.6399999999998727, 1, , , 3537.6399999999998727, 0, , , 3537.6399999999998727, 0, , , 3537.6399999999998727, 1
, , 3537.6439999999997781, 1, , , 3537.6439999999997781, 0, , , 3537.6439999999997781, 0, , , 3537.6439999999997781, 1
, , 3537.6500000000000909, 1, , , 3537.6500000000000909, 0, , , 3537.6500000000000909, 0, , , 3537.6500000000000909, 1
, , 3537.6550000000002001, 1, , , 3537.6550000000002001, 0, , , 3537.6550000000002001, 0, , , 3537.6550000000002001, 1
, , 3537.6599999999998545, 1, , , 3537.6599999999998545, 0, , , 3537.6599999999998545, 0, , , 3537.6599999999998545, 1
, , 3537.6649999999999636, 1, , , 3537.6649999999999636, 0, , , 3537.6649999999999636, 0, , , 3537.6649999999999636, 1
, , 3537.6709999999998217, 1, , , 3537.6709999999998217, 0, , , 3537.6709999999998217, 0, , , 3537.6709999999998217, 1
, , 3537.6750000000001819, 1, , , 3537.6750000000001819, 0, , , 3537.6750000000001819, 0, , , 3537.6750000000001819, 1
, , 3537.6790000000000873, 1, , , 3537.6790000000000873, 0, , , 3537.6790000000000873, 0, , , 3537.6790000000000873, 1
, , 3537.6849999999999454, 1, , , 3537.6849999999999454, 0, , , 3537.6849999999999454, 0, , , 3537.6849999999999454, 1
, , 3537.6900000000000546, 1, , , 3537.6900000000000546, 0, , , 3537.6900000000000546, 0, , , 3537.6900000000000546, 1
, , 3537.6950000000001637, 1, , , 3537.6950000000001637, 0, , , 3537.6950000000001637, 0, , , 3537.6950000000001637, 1
, , 3537.6999999999998181, 1, , , 3537.6999999999998181, 0, , , 3537.6999999999998181, 0, , , 3537.6999999999998181, 1
, , 3537.7049999999999272, 1, , , 3537.7049999999999272, 0, , , 3537.7049999999999272, 0, , , 3537.7049999999999272, 1
, , 3537.7100000000000364, 1, , , 3537.7100000000000364, 0, , , 3537.7100000000000364, 0, , , 3537.7100000000000364, 1
, , 3537.7150000000001455, 1, , , 3537.7150000000001455, 0, , , 3537.7150000000001455, 0, , , 3537.7150000000001455, 1
, , 3537.7210000000000036, 1, , , 3537.7210000000000036, 0, , , 3537.7210000000000036, 0, , , 3537.7210000000000036, 1
, , 3537.7269999999998618, 1, , , 3537.7269999999998618, 0, , , 3537.7269999999998618, 0, , , 3537.7269999999998618, 1
, , 3537.7300000000000182, 1, , , 3537.7300000000000182, 0, , , 3537.7300000000000182, 0, , , 3537.7300000000000182, 1
, , 3537.7350000000001273, 1, , , 3537.7350000000001273, 0, , , 3537.7350000000001273, 0, , , 3537.7350000000001273, 1
, , 3537.7420000000001892, 1, , , 3537.7420000000001892, 0, , , 3537.7420000000001892, 0, , , 3537.7420000000001892, 1
, , 3537.7449999999998909, 1, , , 3537.7449999999998909, 0, , , 3537.7449999999998909, 0, , , 3537.7449999999998909, 1
, , 3537.75, 1, , , 3537.75, 0, , , 3537.75, 0, , , 3537.75, 1
, , 3537.7559999999998581, 1, , , 3537.7559999999998581, 0, , , 3537.7559999999998581, 0, , , 3537.7559999999998581, 1
, , 3537.76299999999992, 1, , , 3537.76299999999992, 0, , , 3537.76299999999992, 0, , , 3537.76299999999992, 1
, , 3537.7649999999998727, 1, , , 3537.7649999999998727, 0, , , 3537.7649999999998727, 0, , , 3537.7649999999998727, 1
, , 3537.7699999999999818, 1, , , 3537.7699999999999818, 0, , , 3537.7699999999999818, 0, , , 3537.7699999999999818, 1
, , 3537.7750000000000909, 1, , , 3537.7750000000000909, 0, , , 3537.7750000000000909, 0, , , 3537.7750000000000909, 1
, , 3537.7809999999999491, 1, , , 3537.7809999999999491, 0, , , 3537.7809999999999491, 0, , , 3537.7809999999999491, 1
, , 3537.7860000000000582, 1, , , 3537.7860000000000582, 1, , , 3537.7860000000000582, 1, , , 3537.7860000000000582, 1
, , 3537.7899999999999636, 1, , , 3537.7899999999999636, 1, , , 3537.7899999999999636, 1, , , 3537.7899999999999636, 1
, , 3537.7950000000000728, 1, , , 3537.7950000000000728, 1, , , 3537.7950000000000728, 1, , , 3537.7950000000000728, 1
, , 3537.8000000000001819, 1, , , 3537.8000000000001819, 1, , , 3537.8000000000001819, 1, , , 3537.8000000000001819, 1
, , 3537.8049999999998363, 1, , , 3537.8049999999998363, 1, , , 3537.8049999999998363, 1, , , 3537.8049999999998363, 1
, , 3537.8099999999999454, 1, , , 3537.8099999999999454, 1, , , 3537.8099999999999454, 1, , , 3537.8099999999999454, 1
, , 3537.8159999999998035, 1, , , 3537.8159999999998035, 1, , , 3537.8159999999998035, 1, , , 3537.8159999999998035, 1
, , 3537.8200000000001637, 1, , , 3537.8200000000001637, 1, , , 3537.8200000000001637, 1, , , 3537.8200000000001637, 1
, , 3537.8249999999998181, 1, , , 3537.8249999999998181, 1, , , 3537.8249999999998181, 1, , , 3537.8249999999998181, 1
, , 3537.8299999999999272, 1, , , 3537.8299999999999272, 1, , , 3537.8299999999999272, 1, , , 3537.8299999999999272, 1
, , 3537.8350000000000364, 1, , , 3537.8350000000000364, 1, , , 3537.8350000000000364, 1, , , 3537.8350000000000364, 1
, , 3537.8389999999999418, 1, , , 3537.8389999999999418, 1, , , 3537.8389999999999418, 1, , , 3537.8389999999999418, 1
, , 3537.8449999999997999, 1, , , 3537.8449999999997999, 1, , , 3537.8449999999997999, 1, , , 3537.8449999999997999, 1
, , 3537.8499999999999091, 1, , , 3537.8499999999999091, 1, , , 3537.8499999999999091, 1, , , 3537.8499999999999091, 1
, , 3537.8560000000002219, 1, , , 3537.8560000000002219, 1, , , 3537.8560000000002219, 1, , , 3537.8560000000002219, 1
, , 3537.8600000000001273, 0, , , 3537.8600000000001273, 1, , , 3537.8600000000001273, 1, , , 3537.8600000000001273, 0
, , 3537.8659999999999854, 0, , , 3537.8659999999999854, 1, , , 3537.8659999999999854, 1, , , 3537.8659999999999854, 0
, , 3537.8699999999998909, 0, , , 3537.8699999999998909, 1, , , 3537.8699999999998909, 1, , , 3537.8699999999998909, 0
, , 3537.875, 0, , , 3537.875, 1, , , 3537.875, 1, , , 3537.875, 0
, , 3537.8809999999998581, 0, , , 3537.8809999999998581, 1, , , 3537.8809999999998581, 1, , , 3537.8809999999998581, 0
, , 3537.8859999999999673, 0, , , 3537.8859999999999673, 1, , , 3537.8859999999999673, 1, , , 3537.8859999999999673, 0
, , 3537.8910000000000764, 0, , , 3537.8910000000000764, 1, , , 3537.8910000000000764, 1, , , 3537.8910000000000764, 0
, , 3537.8949999999999818, 0, , , 3537.8949999999999818, 1, , , 3537.8949999999999818, 1, , , 3537.8949999999999818, 0
, , 3537.9000000000000909, 0, , , 3537.9000000000000909, 1, , , 3537.9000000000000909, 1, , , 3537.9000000000000909, 0
, , 3537.9050000000002001, 0, , , 3537.9050000000002001, 1, , , 3537.9050000000002001, 1, , , 3537.9050000000002001, 0
, , 3537.9099999999998545, 0, , , 3537.9099999999998545, 1, , , 3537.9099999999998545, 1, , , 3537.9099999999998545, 0
, , 3537.9149999999999636, 0, , , 3537.9149999999999636, 1, , , 3537.9149999999999636, 1, , , 3537.9149999999999636, 0
, , 3537.9200000000000728, 0, , , 3537.9200000000000728, 1, , , 3537.9200000000000728, 1, , , 3537.9200000000000728, 0
, , 3537.9250000000001819, 0, , , 3537.9250000000001819, 1, , , 3537.9250000000001819, 1, , , 3537.9250000000001819, 0
, , 3537.9299999999998363, 0, , , 3537.9299999999998363, 1, , , 3537.9299999999998363, 1, , , 3537.9299999999998363, 0
, , 3537.9349999999999454, 0, , , 3537.9349999999999454, 1, , , 3537.9349999999999454, 1, , , 3537.9349999999999454, 0
, , 3537.9400000000000546, 0, , , 3537.9400000000000546, 1, , , 3537.9400000000000546, 1, , , 3537.9400000000000546, 0
, , 3537.9450000000001637, 0, , , 3537.9450000000001637, 1, , , 3537.9450000000001637, 1, , , 3537.9450000000001637, 0
, , 3537.9499999999998181, 0, , , 3537.9499999999998181, 1, , , 3537.9499999999998181, 1, , , 3537.9499999999998181, 0
, , 3537.9549999999999272, 0, , , 3537.9549999999999272, 1, , , 3537.9549999999999272, 1, , , 3537.9549999999999272, 0
, , 3537.9600000000000364, 0, , , 3537.9600000000000364, 1, , , 3537.9600000000000364, 1, , , 3537.9600000000000364, 0
, , 3537.9650000000001455, 0, , , 3537.9650000000001455, 1, , , 3537.9650000000001455, 1, , , 3537.9650000000001455, 0
, , 3537.9699999999997999, 0, , , 3537.9699999999997999, 1, , , 3537.9699999999997999, 1, , , 3537.9699999999997999, 0
, , 3537.9749999999999091, 0, , , 3537.9749999999999091, 1, , , 3537.9749999999999091, 1, , , 3537.9749999999999091, 0
, , 3537.9789999999998145, 0, , , 3537.9789999999998145, 1, , , 3537.9789999999998145, 1, , , 3537.9789999999998145, 0
, , 3537.9859999999998763, 0, , , 3537.9859999999998763, 1, , , 3537.9859999999998763, 1, , , 3537.9859999999998763, 0
, , 3537.9899999999997817, 0, , , 3537.9899999999997817, 1, , , 3537.9899999999997817, 1, , , 3537.9899999999997817, 0
, , 3537.9949999999998909, 0, , , 3537.9949999999998909, 1, , , 3537.9949999999998909, 1, , , 3537.9949999999998909, 0
, , 3538, 0, , , 3538, 1, , , 3538, 1, , , 3538, 0
, , 3538.0050000000001091, 0, , , 3538.0050000000001091, 1, , , 3538.0050000000001091, 1, , , 3538.0050000000001091, 0
, , 3538.0100000000002183, 0, , , 3538.0100000000002183, 1, , , 3538.0100000000002183, 1, , , 3538.0100000000002183, 0
, , 3538.0149999999998727, 0, , , 3538.0149999999998727, 1, , , 3538.0149999999998727, 1, , , 3538.0149999999998727, 0
, , 3538.0199999999999818, 0, , , 3538.0199999999999818, 1, , , 3538.0199999999999818, 1, , , 3538.0199999999999818, 0
, , 3538.0259999999998399, 0, , , 3538.0259999999998399, 1, , , 3538.0259999999998399, 1, , , 3538.0259999999998399, 0
, , 3538.0320000000001528, 0, , , 3538.0320000000001528, 1, , , 3538.0320000000001528, 1, , , 3538.0320000000001528, 0
, , 3538.0349999999998545, 0, , , 3538.0349999999998545, 1, , , 3538.0349999999998545, 1, , , 3538.0349999999998545, 0
, , 3538.0399999999999636, 0, , , 3538.0399999999999636, 1, , , 3538.0399999999999636, 1, , , 3538.0399999999999636, 0
, , 3538.0450000000000728, 0, , , 3538.0450000000000728, 1, , , 3538.0450000000000728, 1, , , 3538.0450000000000728, 0
, , 3538.0500000000001819, 0, , , 3538.0500000000001819, 1, , , 3538.0500000000001819, 1, , , 3538.0500000000001819, 0
, , 3538.0549999999998363, 0, , , 3538.0549999999998363, 1, , , 3538.0549999999998363, 1, , , 3538.0549999999998363, 0
, , 3538.0599999999999454, 0, , , 3538.0599999999999454, 1, , , 3538.0599999999999454, 1, , , 3538.0599999999999454, 0
, , 3538.0650000000000546, 0, , , 3538.0650000000000546, 1, , , 3538.0650000000000546, 1, , , 3538.0650000000000546, 0
, , 3538.0700000000001637, 0, , , 3538.0700000000001637, 1, , , 3538.0700000000001637, 1, , , 3538.0700000000001637, 0
, , 3538.0749999999998181, 0, , , 3538.0749999999998181, 1, , , 3538.0749999999998181, 1, , , 3538.0749999999998181, 0
, , 3538.0799999999999272, 0, , , 3538.0799999999999272, 1, , , 3538.0799999999999272, 1, , , 3538.0799999999999272, 0
, , 3538.0859999999997854, 0, , , 3538.0859999999997854, 1, , , 3538.0859999999997854, 1, , , 3538.0859999999997854, 0
, , 3538.0900000000001455, 0, , , 3538.0900000000001455, 1, , , 3538.0900000000001455, 1, , , 3538.0900000000001455, 0
, , 3538.0949999999997999, 0, , , 3538.0949999999997999, 1, , , 3538.0949999999997999, 1, , , 3538.0949999999997999, 0
, , 3538.0999999999999091, 0, , , 3538.0999999999999091, 1, , , 3538.0999999999999091, 1, , , 3538.0999999999999091, 0
, , 3538.1060000000002219, 0, , , 3538.1060000000002219, 1, , , 3538.1060000000002219, 1, , , 3538.1060000000002219, 0
, , 3538.1100000000001273, 0, , , 3538.1100000000001273, 1, , , 3538.1100000000001273, 1, , , 3538.1100000000001273, 0
, , 3538.1149999999997817, 1, , , 3538.1149999999997817, 1, , , 3538.1149999999997817, 1, , , 3538.1149999999997817, 1
, , 3538.1199999999998909, 1, , , 3538.1199999999998909, 1, , , 3538.1199999999998909, 1, , , 3538.1199999999998909, 1
, , 3538.125, 1, , , 3538.125, 1, , , 3538.125, 1, , , 3538.125, 1
, , 3538.1300000000001091, 1, , , 3538.1300000000001091, 1, , , 3538.1300000000001091, 1, , , 3538.1300000000001091, 1
, , 3538.1350000000002183, 1, , , 3538.1350000000002183, 1, , , 3538.1350000000002183, 1, , , 3538.1350000000002183, 1
, , 3538.1399999999998727, 1, , , 3538.1399999999998727, 1, , , 3538.1399999999998727, 1, , , 3538.1399999999998727, 1
, , 3538.1449999999999818, 1, , , 3538.1449999999999818, 1, , , 3538.1449999999999818, 1, , , 3538.1449999999999818, 1
, , 3538.1500000000000909, 1, , , 3538.1500000000000909, 1, , , 3538.1500000000000909, 1, , , 3538.1500000000000909, 1
, , 3538.1550000000002001, 1, , , 3538.1550000000002001, 1, , , 3538.1550000000002001, 1, , , 3538.1550000000002001, 1
, , 3538.1599999999998545, 1, , , 3538.1599999999998545, 1, , , 3538.1599999999998545, 1, , , 3538.1599999999998545, 1
, , 3538.1649999999999636, 1, , , 3538.1649999999999636, 1, , , 3538.1649999999999636, 1, , , 3538.1649999999999636, 1
, , 3538.1700000000000728, 1, , , 3538.1700000000000728, 1, , , 3538.1700000000000728, 1, , , 3538.1700000000000728, 1
, , 3538.1759999999999309, 1, , , 3538.1759999999999309, 1, , , 3538.1759999999999309, 1, , , 3538.1759999999999309, 1
, , 3538.1799999999998363, 1, , , 3538.1799999999998363, 1, , , 3538.1799999999998363, 1, , , 3538.1799999999998363, 1
, , 3538.1840000000001965, 1, , , 3538.1840000000001965, 1, , , 3538.1840000000001965, 1, , , 3538.1840000000001965, 1
, , 3538.1909999999998035, 1, , , 3538.1909999999998035, 0, , , 3538.1909999999998035, 0, , , 3538.1909999999998035, 1
, , 3538.1950000000001637, 1, , , 3538.1950000000001637, 0, , , 3538.1950000000001637, 0, , , 3538.1950000000001637, 1
, , 3538.1999999999998181, 1, , , 3538.1999999999998181, 0, , , 3538.1999999999998181, 0, , , 3538.1999999999998181, 1
, , 3538.2049999999999272, 1, , , 3538.2049999999999272, 0, , , 3538.2049999999999272, 0, , , 3538.2049999999999272, 1
, , 3538.2100000000000364, 1, , , 3538.2100000000000364, 0, , , 3538.2100000000000364, 0, , , 3538.2100000000000364, 1
, , 3538.2150000000001455, 1, , , 3538.2150000000001455, 0, , , 3538.2150000000001455, 0, , , 3538.2150000000001455, 1
, , 3538.2199999999997999, 1, , , 3538.2199999999997999, 0, , , 3538.2199999999997999, 0, , , 3538.2199999999997999, 1
, , 3538.2260000000001128, 1, , , 3538.2260000000001128, 0, , , 3538.2260000000001128, 0, , , 3538.2260000000001128, 1
, , 3538.2300000000000182, 1, , , 3538.2300000000000182, 0, , , 3538.2300000000000182, 0, , , 3538.2300000000000182, 1
, , 3538.2350000000001273, 1, , , 3538.2350000000001273, 0, , , 3538.2350000000001273, 0, , , 3538.2350000000001273, 1
, , 3538.2399999999997817, 1, , , 3538.2399999999997817, 0, , , 3538.2399999999997817, 0, , , 3538.2399999999997817, 1
, , 3538.2449999999998909, 1, , , 3538.2449999999998909, 0, , , 3538.2449999999998909, 0, , , 3538.2449999999998909, 1
, , 3538.25, 1, , , 3538.25, 0, , , 3538.25, 0, , , 3538.25, 1
, , 3538.2550000000001091, 1, , , 3538.2550000000001091, 0, , , 3538.2550000000001091, 0, , , 3538.2550000000001091, 1
, , 3538.2600000000002183, 1, , , 3538.2600000000002183, 0, , , 3538.2600000000002183, 0, , , 3538.2600000000002183, 1
, , 3538.2649999999998727, 1, , , 3538.2649999999998727, 0, , , 3538.2649999999998727, 0, , , 3538.2649999999998727, 1
, , 3538.2699999999999818, 1, , , 3538.2699999999999818, 0, , , 3538.2699999999999818, 0, , , 3538.2699999999999818, 1
, , 3538.2750000000000909, 1, , , 3538.2750000000000909, 0, , , 3538.2750000000000909, 0, , , 3538.2750000000000909, 1
, , 3538.2809999999999491, 1, , , 3538.2809999999999491, 0, , , 3538.2809999999999491, 0, , , 3538.2809999999999491, 1
, , 3538.2849999999998545, 1, , , 3538.2849999999998545, 0, , , 3538.2849999999998545, 0, , , 3538.2849999999998545, 1
, , 3538.2899999999999636, 1, , , 3538.2899999999999636, 0, , , 3538.2899999999999636, 0, , , 3538.2899999999999636, 1
, , 3538.2950000000000728, 1, , , 3538.2950000000000728, 0, , , 3538.2950000000000728, 0, , , 3538.2950000000000728, 1
, , 3538.3000000000001819, 1, , , 3538.3000000000001819, 0, , , 3538.3000000000001819, 0, , , 3538.3000000000001819, 1
, , 3538.3049999999998363, 1, , , 3538.3049999999998363, 0, , , 3538.3049999999998363, 0, , , 3538.3049999999998363, 1
, , 3538.3099999999999454, 1, , , 3538.3099999999999454, 0, , , 3538.3099999999999454, 0, , , 3538.3099999999999454, 1
, , 3538.3150000000000546, 1, , , 3538.3150000000000546, 0, , , 3538.3150000000000546, 0, , , 3538.3150000000000546, 1
, , 3538.3200000000001637, 1, , , 3538.3200000000001637, 0, , , 3538.3200000000001637, 0, , , 3538.3200000000001637, 1
, , 3538.3249999999998181, 1, , , 3538.3249999999998181, 0, , , 3538.3249999999998181, 0, , , 3538.3249999999998181, 1
, , 3538.3299999999999272, 1, , , 3538.3299999999999272, 0, , , 3538.3299999999999272, 0, , , 3538.3299999999999272, 1
, , 3538.3350000000000364, 1, , , 3538.3350000000000364, 0, , , 3538.3350000000000364, 0, , , 3538.3350000000000364, 1
, , 3538.3400000000001455, 1, , , 3538.3400000000001455, 0, , , 3538.3400000000001455, 0, , , 3538.3400000000001455, 1
, , 3538.3449999999997999, 1, , , 3538.3449999999997999, 0, , , 3538.3449999999997999, 0, , , 3538.3449999999997999, 1
, , 3538.3499999999999091, 1, , , 3538.3499999999999091, 0, , , 3538.3499999999999091, 0, , , 3538.3499999999999091, 1
, , 3538.3550000000000182, 1, , , 3538.3550000000000182, 0, , , 3538.3550000000000182, 0, , , 3538.3550000000000182, 1
, , 3538.3600000000001273, 1, , , 3538.3600000000001273, 0, , , 3538.3600000000001273, 0, , , 3538.3600000000001273, 1
, , 3538.3640000000000327, 1, , , 3538.3640000000000327, 0, , , 3538.3640000000000327, 0, , , 3538.3640000000000327, 1
, , 3538.3699999999998909, 1, , , 3538.3699999999998909, 0, , , 3538.3699999999998909, 0, , , 3538.3699999999998909, 1
, , 3538.375, 1, , , 3538.375, 0, , , 3538.375, 0, , , 3538.375, 1
, , 3538.3800000000001091, 1, , , 3538.3800000000001091, 0, , , 3538.3800000000001091, 0, , , 3538.3800000000001091, 1
, , 3538.3850000000002183, 1, , , 3538.3850000000002183, 0, , , 3538.3850000000002183, 0, , , 3538.3850000000002183, 1
, , 3538.3899999999998727, 1, , , 3538.3899999999998727, 0, , , 3538.3899999999998727, 0, , , 3538.3899999999998727, 1
, , 3538.3949999999999818, 1, , , 3538.3949999999999818, 0, , , 3538.3949999999999818, 0, , , 3538.3949999999999818, 1
, , 3538.4009999999998399, 1, , , 3538.4009999999998399, 0, , , 3538.4009999999998399, 0, , , 3538.4009999999998399, 1
, , 3538.4050000000002001, 1, , , 3538.4050000000002001, 0, , , 3538.4050000000002001, 0, , , 3538.4050000000002001, 1
, , 3538.4099999999998545, 1, , , 3538.4099999999998545, 0, , , 3538.4099999999998545, 0, , , 3538.4099999999998545, 1
, , 3538.4149999999999636, 1, , , 3538.4149999999999636, 0, , , 3538.4149999999999636, 0, , , 3538.4149999999999636, 1
, , 3538.418999999999869, 1, , , 3538.418999999999869, 0, , , 3538.418999999999869, 0, , , 3538.418999999999869, 1
, , 3538.4250000000001819, 1, , , 3538.4250000000001819, 0, , , 3538.4250000000001819, 0, , , 3538.4250000000001819, 1
, , 3538.4299999999998363, 1, , , 3538.4299999999998363, 0, , , 3538.4299999999998363, 0, , , 3538.4299999999998363, 1
, , 3538.4340000000001965, 1, , , 3538.4340000000001965, 1, , , 3538.4340000000001965, 1, , , 3538.4340000000001965, 1
, , 3538.4400000000000546, 1, , , 3538.4400000000000546, 1, , , 3538.4400000000000546, 1, , , 3538.4400000000000546, 1
, , 3538.4459999999999127, 1, , , 3538.4459999999999127, 1, , , 3538.4459999999999127, 1, , , 3538.4459999999999127, 1
, , 3538.4490000000000691, 1, , , 3538.4490000000000691, 1, , , 3538.4490000000000691, 1, , , 3538.4490000000000691, 1
, , 3538.4549999999999272, 1, , , 3538.4549999999999272, 1, , , 3538.4549999999999272, 1, , , 3538.4549999999999272, 1
, , 3538.4600000000000364, 1, , , 3538.4600000000000364, 1, , , 3538.4600000000000364, 1, , , 3538.4600000000000364, 1
, , 3538.4639999999999418, 1, , , 3538.4639999999999418, 1, , , 3538.4639999999999418, 1, , , 3538.4639999999999418, 1
, , 3538.4699999999997999, 1, , , 3538.4699999999997999, 1, , , 3538.4699999999997999, 1, , , 3538.4699999999997999, 1
, , 3538.4749999999999091, 1, , , 3538.4749999999999091, 1, , , 3538.4749999999999091, 1, , , 3538.4749999999999091, 1
, , 3538.4810000000002219, 1, , , 3538.4810000000002219, 1, , , 3538.4810000000002219, 1, , , 3538.4810000000002219, 1
, , 3538.4850000000001273, 1, , , 3538.4850000000001273, 1, , , 3538.4850000000001273, 1, , , 3538.4850000000001273, 1
, , 3538.4899999999997817, 1, , , 3538.4899999999997817, 1, , , 3538.4899999999997817, 1, , , 3538.4899999999997817, 1
, , 3538.4949999999998909, 1, , , 3538.4949999999998909, 1, , , 3538.4949999999998909, 1, , , 3538.4949999999998909, 1
, , 3538.5010000000002037, 1, , , 3538.5010000000002037, 1, , , 3538.5010000000002037, 1, , , 3538.5010000000002037, 1
, , 3538.5059999999998581, 1, , , 3538.5059999999998581, 1, , , 3538.5059999999998581, 1, , , 3538.5059999999998581, 1
, , 3538.5100000000002183, 1, , , 3538.5100000000002183, 1, , , 3538.5100000000002183, 1, , , 3538.5100000000002183, 1
, , 3538.5149999999998727, 0, , , 3538.5149999999998727, 1, , , 3538.5149999999998727, 1, , , 3538.5149999999998727, 0
, , 3538.5199999999999818, 0, , , 3538.5199999999999818, 1, , , 3538.5199999999999818, 1, , , 3538.5199999999999818, 0
, , 3538.5250000000000909, 0, , , 3538.5250000000000909, 1, , , 3538.5250000000000909, 1, , , 3538.5250000000000909, 0
, , 3538.5300000000002001, 0, , , 3538.5300000000002001, 1, , , 3538.5300000000002001, 1, , , 3538.5300000000002001, 0
, , 3538.5349999999998545, 0, , , 3538.5349999999998545, 1, , , 3538.5349999999998545, 1, , , 3538.5349999999998545, 0
, , 3538.5399999999999636, 0, , , 3538.5399999999999636, 1, , , 3538.5399999999999636, 1, , , 3538.5399999999999636, 0
, , 3538.5450000000000728, 0, , , 3538.5450000000000728, 1, , , 3538.5450000000000728, 1, , , 3538.5450000000000728, 0
, , 3538.5500000000001819, 0, , , 3538.5500000000001819, 1, , , 3538.5500000000001819, 1, , , 3538.5500000000001819, 0
, , 3538.5549999999998363, 0, , , 3538.5549999999998363, 1, , , 3538.5549999999998363, 1, , , 3538.5549999999998363, 0
, , 3538.5599999999999454, 0, , , 3538.5599999999999454, 1, , , 3538.5599999999999454, 1, , , 3538.5599999999999454, 0
, , 3538.568000000000211, 0, , , 3538.568000000000211, 1, , , 3538.568000000000211, 1, , , 3538.568000000000211, 0
, , 3538.5700000000001637, 0, , , 3538.5700000000001637, 1, , , 3538.5700000000001637, 1, , , 3538.5700000000001637, 0
, , 3538.5749999999998181, 0, , , 3538.5749999999998181, 1, , , 3538.5749999999998181, 1, , , 3538.5749999999998181, 0
, , 3538.581000000000131, 0, , , 3538.581000000000131, 1, , , 3538.581000000000131, 1, , , 3538.581000000000131, 0
, , 3538.5859999999997854, 0, , , 3538.5859999999997854, 1, , , 3538.5859999999997854, 1, , , 3538.5859999999997854, 0
, , 3538.5900000000001455, 0, , , 3538.5900000000001455, 1, , , 3538.5900000000001455, 1, , , 3538.5900000000001455, 0
, , 3538.5960000000000036, 0, , , 3538.5960000000000036, 1, , , 3538.5960000000000036, 1, , , 3538.5960000000000036, 0
, , 3538.5999999999999091, 0, , , 3538.5999999999999091, 1, , , 3538.5999999999999091, 1, , , 3538.5999999999999091, 0
, , 3538.6050000000000182, 0, , , 3538.6050000000000182, 1, , , 3538.6050000000000182, 1, , , 3538.6050000000000182, 0
, , 3538.6089999999999236, 0, , , 3538.6089999999999236, 1, , , 3538.6089999999999236, 1, , , 3538.6089999999999236, 0
, , 3538.6149999999997817, 0, , , 3538.6149999999997817, 1, , , 3538.6149999999997817, 1, , , 3538.6149999999997817, 0
, , 3538.6199999999998909, 0, , , 3538.6199999999998909, 1, , , 3538.6199999999998909, 1, , , 3538.6199999999998909, 0
, , 3538.625, 0, , , 3538.625, 1, , , 3538.625, 1, , , 3538.625, 0
, , 3538.6300000000001091, 0, , , 3538.6300000000001091, 1, , , 3538.6300000000001091, 1, , , 3538.6300000000001091, 0
, , 3538.6359999999999673, 0, , , 3538.6359999999999673, 1, , , 3538.6359999999999673, 1, , , 3538.6359999999999673, 0
, , 3538.6399999999998727, 0, , , 3538.6399999999998727, 1, , , 3538.6399999999998727, 1, , , 3538.6399999999998727, 0
, , 3538.6449999999999818, 0, , , 3538.6449999999999818, 1, , , 3538.6449999999999818, 1, , , 3538.6449999999999818, 0
, , 3538.6520000000000437, 0, , , 3538.6520000000000437, 1, , , 3538.6520000000000437, 1, , , 3538.6520000000000437, 0
, , 3538.6570000000001528, 0, , , 3538.6570000000001528, 1, , , 3538.6570000000001528, 1, , , 3538.6570000000001528, 0
, , 3538.6599999999998545, 0, , , 3538.6599999999998545, 1, , , 3538.6599999999998545, 1, , , 3538.6599999999998545, 0
, , 3538.6649999999999636, 0, , , 3538.6649999999999636, 1, , , 3538.6649999999999636, 1, , , 3538.6649999999999636, 0
, , 3538.6700000000000728, 0, , , 3538.6700000000000728, 1, , , 3538.6700000000000728, 1, , , 3538.6700000000000728, 0
, , 3538.6759999999999309, 0, , , 3538.6759999999999309, 1, , , 3538.6759999999999309, 1, , , 3538.6759999999999309, 0
, , 3538.6799999999998363, 0, , , 3538.6799999999998363, 1, , , 3538.6799999999998363, 1, , , 3538.6799999999998363, 0
, , 3538.6860000000001492, 0, , , 3538.6860000000001492, 1, , , 3538.6860000000001492, 1, , , 3538.6860000000001492, 0
, , 3538.6909999999998035, 0, , , 3538.6909999999998035, 1, , , 3538.6909999999998035, 1, , , 3538.6909999999998035, 0
, , 3538.6950000000001637, 0, , , 3538.6950000000001637, 1, , , 3538.6950000000001637, 1, , , 3538.6950000000001637, 0
, , 3538.6999999999998181, 0, , , 3538.6999999999998181, 1, , , 3538.6999999999998181, 1, , , 3538.6999999999998181, 0
, , 3538.7040000000001783, 0, , , 3538.7040000000001783, 1, , , 3538.7040000000001783, 1, , , 3538.7040000000001783, 0
, , 3538.7100000000000364, 0, , , 3538.7100000000000364, 1, , , 3538.7100000000000364, 1, , , 3538.7100000000000364, 0
, , 3538.7150000000001455, 0, , , 3538.7150000000001455, 1, , , 3538.7150000000001455, 1, , , 3538.7150000000001455, 0
, , 3538.7199999999997999, 0, , , 3538.7199999999997999, 1, , , 3538.7199999999997999, 1, , , 3538.7199999999997999, 0
, , 3538.7260000000001128, 0, , , 3538.7260000000001128, 1, , , 3538.7260000000001128, 1, , , 3538.7260000000001128, 0
, , 3538.7300000000000182, 0, , , 3538.7300000000000182, 1, , , 3538.7300000000000182, 1, , , 3538.7300000000000182, 0
, , 3538.7359999999998763, 0, , , 3538.7359999999998763, 1, , , 3538.7359999999998763, 1, , , 3538.7359999999998763, 0
, , 3538.7399999999997817, 0, , , 3538.7399999999997817, 1, , , 3538.7399999999997817, 1, , , 3538.7399999999997817, 0
, , 3538.7460000000000946, 0, , , 3538.7460000000000946, 1, , , 3538.7460000000000946, 1, , , 3538.7460000000000946, 0
, , 3538.7510000000002037, 0, , , 3538.7510000000002037, 1, , , 3538.7510000000002037, 1, , , 3538.7510000000002037, 0
, , 3538.7559999999998581, 0, , , 3538.7559999999998581, 1, , , 3538.7559999999998581, 1, , , 3538.7559999999998581, 0
, , 3538.7600000000002183, 0, , , 3538.7600000000002183, 1, , , 3538.7600000000002183, 1, , , 3538.7600000000002183, 0
, , 3538.7649999999998727, 1, , , 3538.7649999999998727, 1, , , 3538.7649999999998727, 1, , , 3538.7649999999998727, 1
, , 3538.7699999999999818, 1, , , 3538.7699999999999818, 1, , , 3538.7699999999999818, 1, , , 3538.7699999999999818, 1
, , 3538.7750000000000909, 1, , , 3538.7750000000000909, 1, , , 3538.7750000000000909, 1, , , 3538.7750000000000909, 1
, , 3538.7809999999999491, 1, , , 3538.7809999999999491, 1, , , 3538.7809999999999491, 1, , , 3538.7809999999999491, 1
, , 3538.7849999999998545, 1, , , 3538.7849999999998545, 1, , , 3538.7849999999998545, 1, , , 3538.7849999999998545, 1
, , 3538.7899999999999636, 1, , , 3538.7899999999999636, 1, , , 3538.7899999999999636, 1, , , 3538.7899999999999636, 1
, , 3538.7950000000000728, 1, , , 3538.7950000000000728, 1, , , 3538.7950000000000728, 1, , , 3538.7950000000000728, 1
, , 3538.8000000000001819, 1, , , 3538.8000000000001819, 1, , , 3538.8000000000001819, 1, , , 3538.8000000000001819, 1
, , 3538.8049999999998363, 1, , , 3538.8049999999998363, 1, , , 3538.8049999999998363, 1, , , 3538.8049999999998363, 1
, , 3538.8099999999999454, 1, , , 3538.8099999999999454, 1, , , 3538.8099999999999454, 1, , , 3538.8099999999999454, 1
, , 3538.8150000000000546, 1, , , 3538.8150000000000546, 1, , , 3538.8150000000000546, 1, , , 3538.8150000000000546, 1
, , 3538.8200000000001637, 1, , , 3538.8200000000001637, 1, , , 3538.8200000000001637, 1, , , 3538.8200000000001637, 1
, , 3538.8260000000000218, 1, , , 3538.8260000000000218, 1, , , 3538.8260000000000218, 1, , , 3538.8260000000000218, 1
, , 3538.831000000000131, 1, , , 3538.831000000000131, 1, , , 3538.831000000000131, 1, , , 3538.831000000000131, 1
, , 3538.8350000000000364, 1, , , 3538.8350000000000364, 1, , , 3538.8350000000000364, 1, , , 3538.8350000000000364, 1
, , 3538.8409999999998945, 1, , , 3538.8409999999998945, 0, , , 3538.8409999999998945, 0, , , 3538.8409999999998945, 1
, , 3538.8449999999997999, 1, , , 3538.8449999999997999, 0, , , 3538.8449999999997999, 0, , , 3538.8449999999997999, 1
, , 3538.8499999999999091, 1, , , 3538.8499999999999091, 0, , , 3538.8499999999999091, 0, , , 3538.8499999999999091, 1
, , 3538.8550000000000182, 1, , , 3538.8550000000000182, 0, , , 3538.8550000000000182, 0, , , 3538.8550000000000182, 1
, , 3538.8600000000001273, 1, , , 3538.8600000000001273, 0, , , 3538.8600000000001273, 0, , , 3538.8600000000001273, 1
, , 3538.8659999999999854, 1, , , 3538.8659999999999854, 0, , , 3538.8659999999999854, 0, , , 3538.8659999999999854, 1
, , 3538.8699999999998909, 1, , , 3538.8699999999998909, 0, , , 3538.8699999999998909, 0, , , 3538.8699999999998909, 1
, , 3538.875, 1, , , 3538.875, 0, , , 3538.875, 0, , , 3538.875, 1
, , 3538.8809999999998581, 1, , , 3538.8809999999998581, 0, , , 3538.8809999999998581, 0, , , 3538.8809999999998581, 1
, , 3538.8850000000002183, 1, , , 3538.8850000000002183, 0, , , 3538.8850000000002183, 0, , , 3538.8850000000002183, 1
, , 3538.8899999999998727, 1, , , 3538.8899999999998727, 0, , , 3538.8899999999998727, 0, , , 3538.8899999999998727, 1
, , 3538.8949999999999818, 1, , , 3538.8949999999999818, 0, , , 3538.8949999999999818, 0, , , 3538.8949999999999818, 1
, , 3538.9000000000000909, 1, , , 3538.9000000000000909, 0, , , 3538.9000000000000909, 0, , , 3538.9000000000000909, 1
, , 3538.9059999999999491, 1, , , 3538.9059999999999491, 0, , , 3538.9059999999999491, 0, , , 3538.9059999999999491, 1
, , 3538.9099999999998545, 1, , , 3538.9099999999998545, 0, , , 3538.9099999999998545, 0, , , 3538.9099999999998545, 1
, , 3538.9140000000002146, 1, , , 3538.9140000000002146, 0, , , 3538.9140000000002146, 0, , , 3538.9140000000002146, 1
, , 3538.9200000000000728, 1, , , 3538.9200000000000728, 0, , , 3538.9200000000000728, 0, , , 3538.9200000000000728, 1
, , 3538.9250000000001819, 1, , , 3538.9250000000001819, 0, , , 3538.9250000000001819, 0, , , 3538.9250000000001819, 1
, , 3538.9299999999998363, 1, , , 3538.9299999999998363, 0, , , 3538.9299999999998363, 0, , , 3538.9299999999998363, 1
, , 3538.9349999999999454, 1, , , 3538.9349999999999454, 0, , , 3538.9349999999999454, 0, , , 3538.9349999999999454, 1
, , 3538.9400000000000546, 1, , , 3538.9400000000000546, 0, , , 3538.9400000000000546, 0, , , 3538.9400000000000546, 1
, , 3538.94399999999996, 1, , , 3538.94399999999996, 0, , , 3538.94399999999996, 0, , , 3538.94399999999996, 1
, , 3538.9499999999998181, 1, , , 3538.9499999999998181, 0, , , 3538.9499999999998181, 0, , , 3538.9499999999998181, 1
, , 3538.9549999999999272, 1, , , 3538.9549999999999272, 0, , , 3538.9549999999999272, 0, , , 3538.9549999999999272, 1
, , 3538.9600000000000364, 1, , , 3538.9600000000000364, 0, , , 3538.9600000000000364, 0, , , 3538.9600000000000364, 1
, , 3538.9639999999999418, 1, , , 3538.9639999999999418, 0, , , 3538.9639999999999418, 0, , , 3538.9639999999999418, 1
, , 3538.9699999999997999, 1, , , 3538.9699999999997999, 0, , , 3538.9699999999997999, 0, , , 3538.9699999999997999, 1
, , 3538.9749999999999091, 1, , , 3538.9749999999999091, 0, , , 3538.9749999999999091, 0, , , 3538.9749999999999091, 1
, , 3538.9800000000000182, 1, , , 3538.9800000000000182, 0, , , 3538.9800000000000182, 0, , , 3538.9800000000000182, 1
, , 3538.9850000000001273, 1, , , 3538.9850000000001273, 0, , , 3538.9850000000001273, 0, , , 3538.9850000000001273, 1
, , 3538.9899999999997817, 1, , , 3538.9899999999997817, 0, , , 3538.9899999999997817, 0, , , 3538.9899999999997817, 1
, , 3538.9949999999998909, 1, , , 3538.9949999999998909, 0, , , 3538.9949999999998909, 0, , , 3538.9949999999998909, 1
, , 3539, 1, , , 3539, 0, , , 3539, 0, , , 3539, 1
, , 3539.0050000000001091, 1, , , 3539.0050000000001091, 0, , , 3539.0050000000001091, 0, , , 3539.0050000000001091, 1
, , 3539.0100000000002183, 1, , , 3539.0100000000002183, 0, , , 3539.0100000000002183, 0, , , 3539.0100000000002183, 1
, , 3539.0149999999998727, 1, , , 3539.0149999999998727, 0, , , 3539.0149999999998727, 0, , , 3539.0149999999998727, 1
, , 3539.0199999999999818, 1, , , 3539.0199999999999818, 0, , , 3539.0199999999999818, 0, , , 3539.0199999999999818, 1
, , 3539.0210000000001855, 1, , , 3539.0210000000001855, 0, , , 3539.0210000000001855, 0, , , 3539.0210000000001855, 1
, , 3539.0320000000001528, 1, , , 3539.0320000000001528, 0, , , 3539.0320000000001528, 0, , , 3539.0320000000001528, 1
, , 3539.0349999999998545, 1, , , 3539.0349999999998545, 0, , , 3539.0349999999998545, 0, , , 3539.0349999999998545, 1
, , 3539.0399999999999636, 1, , , 3539.0399999999999636, 0, , , 3539.0399999999999636, 0, , , 3539.0399999999999636, 1
, , 3539.0450000000000728, 1, , , 3539.0450000000000728, 0, , , 3539.0450000000000728, 0, , , 3539.0450000000000728, 1
, , 3539.0500000000001819, 1, , , 3539.0500000000001819, 0, , , 3539.0500000000001819, 0, , , 3539.0500000000001819, 1
, , 3539.0549999999998363, 1, , , 3539.0549999999998363, 0, , , 3539.0549999999998363, 0, , , 3539.0549999999998363, 1
, , 3539.0599999999999454, 1, , , 3539.0599999999999454, 0, , , 3539.0599999999999454, 0, , , 3539.0599999999999454, 1
, , 3539.0650000000000546, 1, , , 3539.0650000000000546, 0, , , 3539.0650000000000546, 0, , , 3539.0650000000000546, 1
, , 3539.0700000000001637, 1, , , 3539.0700000000001637, 0, , , 3539.0700000000001637, 0, , , 3539.0700000000001637, 1
, , 3539.0740000000000691, 1, , , 3539.0740000000000691, 0, , , 3539.0740000000000691, 0, , , 3539.0740000000000691, 1
, , 3539.0799999999999272, 1, , , 3539.0799999999999272, 0, , , 3539.0799999999999272, 0, , , 3539.0799999999999272, 1
, , 3539.0850000000000364, 1, , , 3539.0850000000000364, 0, , , 3539.0850000000000364, 0, , , 3539.0850000000000364, 1
, , 3539.0900000000001455, 1, , , 3539.0900000000001455, 1, , , 3539.0900000000001455, 1, , , 3539.0900000000001455, 1
, , 3539.0949999999997999, 1, , , 3539.0949999999997999, 1, , , 3539.0949999999997999, 1, , , 3539.0949999999997999, 1
, , 3539.1010000000001128, 1, , , 3539.1010000000001128, 1, , , 3539.1010000000001128, 1, , , 3539.1010000000001128, 1
, , 3539.1050000000000182, 1, , , 3539.1050000000000182, 1, , , 3539.1050000000000182, 1, , , 3539.1050000000000182, 1
, , 3539.1100000000001273, 1, , , 3539.1100000000001273, 1, , , 3539.1100000000001273, 1, , , 3539.1100000000001273, 1
, , 3539.1149999999997817, 1, , , 3539.1149999999997817, 1, , , 3539.1149999999997817, 1, , , 3539.1149999999997817, 1
, , 3539.1199999999998909, 1, , , 3539.1199999999998909, 1, , , 3539.1199999999998909, 1, , , 3539.1199999999998909, 1
, , 3539.125, 1, , , 3539.125, 1, , , 3539.125, 1, , , 3539.125, 1
, , 3539.1309999999998581, 1, , , 3539.1309999999998581, 1, , , 3539.1309999999998581, 1, , , 3539.1309999999998581, 1
, , 3539.1350000000002183, 1, , , 3539.1350000000002183, 1, , , 3539.1350000000002183, 1, , , 3539.1350000000002183, 1
, , 3539.1399999999998727, 1, , , 3539.1399999999998727, 1, , , 3539.1399999999998727, 1, , , 3539.1399999999998727, 1
, , 3539.1449999999999818, 1, , , 3539.1449999999999818, 1, , , 3539.1449999999999818, 1, , , 3539.1449999999999818, 1
, , 3539.1489999999998872, 1, , , 3539.1489999999998872, 1, , , 3539.1489999999998872, 1, , , 3539.1489999999998872, 1
, , 3539.1550000000002001, 1, , , 3539.1550000000002001, 1, , , 3539.1550000000002001, 1, , , 3539.1550000000002001, 1
, , 3539.1599999999998545, 1, , , 3539.1599999999998545, 1, , , 3539.1599999999998545, 1, , , 3539.1599999999998545, 1
, , 3539.1649999999999636, 0, , , 3539.1649999999999636, 1, , , 3539.1649999999999636, 1, , , 3539.1649999999999636, 0
, , 3539.1709999999998217, 0, , , 3539.1709999999998217, 1, , , 3539.1709999999998217, 1, , , 3539.1709999999998217, 0
, , 3539.1790000000000873, 0, , , 3539.1790000000000873, 1, , , 3539.1790000000000873, 1, , , 3539.1790000000000873, 0
, , 3539.18100000000004, 0, , , 3539.18100000000004, 1, , , 3539.18100000000004, 1, , , 3539.18100000000004, 0
, , 3539.1849999999999454, 0, , , 3539.1849999999999454, 1, , , 3539.1849999999999454, 1, , , 3539.1849999999999454, 0
, , 3539.1900000000000546, 0, , , 3539.1900000000000546, 1, , , 3539.1900000000000546, 1, , , 3539.1900000000000546, 0
, , 3539.19399999999996, 0, , , 3539.19399999999996, 1, , , 3539.19399999999996, 1, , , 3539.19399999999996, 0
, , 3539.1999999999998181, 0, , , 3539.1999999999998181, 1, , , 3539.1999999999998181, 1, , , 3539.1999999999998181, 0
, , 3539.2049999999999272, 0, , , 3539.2049999999999272, 1, , , 3539.2049999999999272, 1, , , 3539.2049999999999272, 0
, , 3539.2100000000000364, 0, , , 3539.2100000000000364, 1, , , 3539.2100000000000364, 1, , , 3539.2100000000000364, 0
, , 3539.2159999999998945, 0, , , 3539.2159999999998945, 1, , , 3539.2159999999998945, 1, , , 3539.2159999999998945, 0
, , 3539.2199999999997999, 0, , , 3539.2199999999997999, 1, , , 3539.2199999999997999, 1, , , 3539.2199999999997999, 0
, , 3539.2249999999999091, 0, , , 3539.2249999999999091, 1, , , 3539.2249999999999091, 1, , , 3539.2249999999999091, 0
, , 3539.2300000000000182, 0, , , 3539.2300000000000182, 1, , , 3539.2300000000000182, 1, , , 3539.2300000000000182, 0
, , 3539.2359999999998763, 0, , , 3539.2359999999998763, 1, , , 3539.2359999999998763, 1, , , 3539.2359999999998763, 0
, , 3539.2399999999997817, 0, , , 3539.2399999999997817, 1, , , 3539.2399999999997817, 1, , , 3539.2399999999997817, 0
, , 3539.2449999999998909, 0, , , 3539.2449999999998909, 1, , , 3539.2449999999998909, 1, , , 3539.2449999999998909, 0
, , 3539.25, 0, , , 3539.25, 1, , , 3539.25, 1, , , 3539.25, 0
, , 3539.2550000000001091, 0, , , 3539.2550000000001091, 1, , , 3539.2550000000001091, 1, , , 3539.2550000000001091, 0
, , 3539.2600000000002183, 0, , , 3539.2600000000002183, 1, , , 3539.2600000000002183, 1, , , 3539.2600000000002183, 0
, , 3539.2640000000001237, 0, , , 3539.2640000000001237, 1, , , 3539.2640000000001237, 1, , , 3539.2640000000001237, 0
, , 3539.2710000000001855, 0, , , 3539.2710000000001855, 1, , , 3539.2710000000001855, 1, , , 3539.2710000000001855, 0
, , 3539.2759999999998399, 0, , , 3539.2759999999998399, 1, , , 3539.2759999999998399, 1, , , 3539.2759999999998399, 0
, , 3539.2800000000002001, 0, , , 3539.2800000000002001, 1, , , 3539.2800000000002001, 1, , , 3539.2800000000002001, 0
, , 3539.2849999999998545, 0, , , 3539.2849999999998545, 1, , , 3539.2849999999998545, 1, , , 3539.2849999999998545, 0
, , 3539.2899999999999636, 0, , , 3539.2899999999999636, 1, , , 3539.2899999999999636, 1, , , 3539.2899999999999636, 0
, , 3539.2950000000000728, 0, , , 3539.2950000000000728, 1, , , 3539.2950000000000728, 1, , , 3539.2950000000000728, 0
, , 3539.3000000000001819, 0, , , 3539.3000000000001819, 1, , , 3539.3000000000001819, 1, , , 3539.3000000000001819, 0
, , 3539.30600000000004, 0, , , 3539.30600000000004, 1, , , 3539.30600000000004, 1, , , 3539.30600000000004, 0
, , 3539.3099999999999454, 0, , , 3539.3099999999999454, 1, , , 3539.3099999999999454, 1, , , 3539.3099999999999454, 0
, , 3539.3150000000000546, 0, , , 3539.3150000000000546, 1, , , 3539.3150000000000546, 1, , , 3539.3150000000000546, 0
, , 3539.3200000000001637, 0, , , 3539.3200000000001637, 1, , , 3539.3200000000001637, 1, , , 3539.3200000000001637, 0
, , 3539.3249999999998181, 0, , , 3539.3249999999998181, 1, , , 3539.3249999999998181, 1, , , 3539.3249999999998181, 0
, , 3539.3299999999999272, 0, , , 3539.3299999999999272, 1, , , 3539.3299999999999272, 1, , , 3539.3299999999999272, 0
, , 3539.3350000000000364, 0, , , 3539.3350000000000364, 1, , , 3539.3350000000000364, 1, , , 3539.3350000000000364, 0
, , 3539.3400000000001455, 0, , , 3539.3400000000001455, 1, , , 3539.3400000000001455, 1, , , 3539.3400000000001455, 0
, , 3539.3460000000000036, 0, , , 3539.3460000000000036, 1, , , 3539.3460000000000036, 1, , , 3539.3460000000000036, 0
, , 3539.3499999999999091, 0, , , 3539.3499999999999091, 1, , , 3539.3499999999999091, 1, , , 3539.3499999999999091, 0
, , 3539.3550000000000182, 0, , , 3539.3550000000000182, 1, , , 3539.3550000000000182, 1, , , 3539.3550000000000182, 0
, , 3539.3600000000001273, 0, , , 3539.3600000000001273, 1, , , 3539.3600000000001273, 1, , , 3539.3600000000001273, 0
, , 3539.3649999999997817, 0, , , 3539.3649999999997817, 1, , , 3539.3649999999997817, 1, , , 3539.3649999999997817, 0
, , 3539.3699999999998909, 0, , , 3539.3699999999998909, 1, , , 3539.3699999999998909, 1, , , 3539.3699999999998909, 0
, , 3539.3739999999997963, 0, , , 3539.3739999999997963, 1, , , 3539.3739999999997963, 1, , , 3539.3739999999997963, 0
, , 3539.3800000000001091, 0, , , 3539.3800000000001091, 1, , , 3539.3800000000001091, 1, , , 3539.3800000000001091, 0
, , 3539.3850000000002183, 0, , , 3539.3850000000002183, 1, , , 3539.3850000000002183, 1, , , 3539.3850000000002183, 0
, , 3539.3899999999998727, 0, , , 3539.3899999999998727, 1, , , 3539.3899999999998727, 1, , , 3539.3899999999998727, 0
, , 3539.3960000000001855, 0, , , 3539.3960000000001855, 1, , , 3539.3960000000001855, 1, , , 3539.3960000000001855, 0
, , 3539.4000000000000909, 0, , , 3539.4000000000000909, 1, , , 3539.4000000000000909, 1, , , 3539.4000000000000909, 0
, , 3539.4070000000001528, 0, , , 3539.4070000000001528, 1, , , 3539.4070000000001528, 1, , , 3539.4070000000001528, 0
, , 3539.4099999999998545, 0, , , 3539.4099999999998545, 1, , , 3539.4099999999998545, 1, , , 3539.4099999999998545, 0
, , 3539.4149999999999636, 1, , , 3539.4149999999999636, 1, , , 3539.4149999999999636, 1, , , 3539.4149999999999636, 1
, , 3539.4200000000000728, 1, , , 3539.4200000000000728, 1, , , 3539.4200000000000728, 1, , , 3539.4200000000000728, 1
, , 3539.4259999999999309, 1, , , 3539.4259999999999309, 1, , , 3539.4259999999999309, 1, , , 3539.4259999999999309, 1
, , 3539.43100000000004, 1, , , 3539.43100000000004, 1, , , 3539.43100000000004, 1, , , 3539.43100000000004, 1
, , 3539.4360000000001492, 1, , , 3539.4360000000001492, 1, , , 3539.4360000000001492, 1, , , 3539.4360000000001492, 1
, , 3539.4400000000000546, 1, , , 3539.4400000000000546, 1, , , 3539.4400000000000546, 1, , , 3539.4400000000000546, 1
, , 3539.4450000000001637, 1, , , 3539.4450000000001637, 1, , , 3539.4450000000001637, 1, , , 3539.4450000000001637, 1
, , 3539.4510000000000218, 1, , , 3539.4510000000000218, 1, , , 3539.4510000000000218, 1, , , 3539.4510000000000218, 1
, , 3539.4549999999999272, 1, , , 3539.4549999999999272, 1, , , 3539.4549999999999272, 1, , , 3539.4549999999999272, 1
, , 3539.4600000000000364, 1, , , 3539.4600000000000364, 1, , , 3539.4600000000000364, 1, , , 3539.4600000000000364, 1
, , 3539.4650000000001455, 1, , , 3539.4650000000001455, 1, , , 3539.4650000000001455, 1, , , 3539.4650000000001455, 1
, , 3539.4710000000000036, 1, , , 3539.4710000000000036, 1, , , 3539.4710000000000036, 1, , , 3539.4710000000000036, 1
, , 3539.4749999999999091, 1, , , 3539.4749999999999091, 1, , , 3539.4749999999999091, 1, , , 3539.4749999999999091, 1
, , 3539.4810000000002219, 1, , , 3539.4810000000002219, 1, , , 3539.4810000000002219, 1, , , 3539.4810000000002219, 1
, , 3539.4850000000001273, 1, , , 3539.4850000000001273, 1, , , 3539.4850000000001273, 1, , , 3539.4850000000001273, 1
, , 3539.4909999999999854, 1, , , 3539.4909999999999854, 0, , , 3539.4909999999999854, 0, , , 3539.4909999999999854, 1
, , 3539.4960000000000946, 1, , , 3539.4960000000000946, 0, , , 3539.4960000000000946, 0, , , 3539.4960000000000946, 1
, , 3539.5, 1, , , 3539.5, 0, , , 3539.5, 0, , , 3539.5, 1
, , 3539.5050000000001091, 1, , , 3539.5050000000001091, 0, , , 3539.5050000000001091, 0, , , 3539.5050000000001091, 1
, , 3539.5100000000002183, 1, , , 3539.5100000000002183, 0, , , 3539.5100000000002183, 0, , , 3539.5100000000002183, 1
, , 3539.5160000000000764, 1, , , 3539.5160000000000764, 0, , , 3539.5160000000000764, 0, , , 3539.5160000000000764, 1
, , 3539.5210000000001855, 1, , , 3539.5210000000001855, 0, , , 3539.5210000000001855, 0, , , 3539.5210000000001855, 1
, , 3539.5259999999998399, 1, , , 3539.5259999999998399, 0, , , 3539.5259999999998399, 0, , , 3539.5259999999998399, 1
, , 3539.5320000000001528, 1, , , 3539.5320000000001528, 0, , , 3539.5320000000001528, 0, , , 3539.5320000000001528, 1
, , 3539.5349999999998545, 1, , , 3539.5349999999998545, 0, , , 3539.5349999999998545, 0, , , 3539.5349999999998545, 1
, , 3539.5410000000001673, 1, , , 3539.5410000000001673, 0, , , 3539.5410000000001673, 0, , , 3539.5410000000001673, 1
, , 3539.5450000000000728, 1, , , 3539.5450000000000728, 0, , , 3539.5450000000000728, 0, , , 3539.5450000000000728, 1
, , 3539.5500000000001819, 1, , , 3539.5500000000001819, 0, , , 3539.5500000000001819, 0, , , 3539.5500000000001819, 1
, , 3539.5549999999998363, 1, , , 3539.5549999999998363, 0, , , 3539.5549999999998363, 0, , , 3539.5549999999998363, 1
, , 3539.5610000000001492, 1, , , 3539.5610000000001492, 0, , , 3539.5610000000001492, 0, , , 3539.5610000000001492, 1
, , 3539.5650000000000546, 1, , , 3539.5650000000000546, 0, , , 3539.5650000000000546, 0, , , 3539.5650000000000546, 1
, , 3539.5700000000001637, 1, , , 3539.5700000000001637, 0, , , 3539.5700000000001637, 0, , , 3539.5700000000001637, 1
, , 3539.5749999999998181, 1, , , 3539.5749999999998181, 0, , , 3539.5749999999998181, 0, , , 3539.5749999999998181, 1
, , 3539.581000000000131, 1, , , 3539.581000000000131, 0, , , 3539.581000000000131, 0, , , 3539.581000000000131, 1
, , 3539.5850000000000364, 1, , , 3539.5850000000000364, 0, , , 3539.5850000000000364, 0, , , 3539.5850000000000364, 1
, , 3539.5900000000001455, 1, , , 3539.5900000000001455, 0, , , 3539.5900000000001455, 0, , , 3539.5900000000001455, 1
, , 3539.5949999999997999, 1, , , 3539.5949999999997999, 0, , , 3539.5949999999997999, 0, , , 3539.5949999999997999, 1
, , 3539.5999999999999091, 1, , , 3539.5999999999999091, 0, , , 3539.5999999999999091, 0, , , 3539.5999999999999091, 1
, , 3539.6050000000000182, 1, , , 3539.6050000000000182, 0, , , 3539.6050000000000182, 0, , , 3539.6050000000000182, 1
, , 3539.6100000000001273, 1, , , 3539.6100000000001273, 0, , , 3539.6100000000001273, 0, , , 3539.6100000000001273, 1
, , 3539.6170000000001892, 1, , , 3539.6170000000001892, 0, , , 3539.6170000000001892, 0, , , 3539.6170000000001892, 1
, , 3539.6199999999998909, 1, , , 3539.6199999999998909, 0, , , 3539.6199999999998909, 0, , , 3539.6199999999998909, 1
, , 3539.6260000000002037, 1, , , 3539.6260000000002037, 0, , , 3539.6260000000002037, 0, , , 3539.6260000000002037, 1
, , 3539.6300000000001091, 1, , , 3539.6300000000001091, 0, , , 3539.6300000000001091, 0, , , 3539.6300000000001091, 1
, , 3539.6350000000002183, 1, , , 3539.6350000000002183, 0, , , 3539.6350000000002183, 0, , , 3539.6350000000002183, 1
, , 3539.6399999999998727, 1, , , 3539.6399999999998727, 0, , , 3539.6399999999998727, 0, , , 3539.6399999999998727, 1
, , 3539.6449999999999818, 1, , , 3539.6449999999999818, 0, , , 3539.6449999999999818, 0, , , 3539.6449999999999818, 1
, , 3539.6500000000000909, 1, , , 3539.6500000000000909, 0, , , 3539.6500000000000909, 0, , , 3539.6500000000000909, 1
, , 3539.6570000000001528, 1, , , 3539.6570000000001528, 0, , , 3539.6570000000001528, 0, , , 3539.6570000000001528, 1
, , 3539.6599999999998545, 1, , , 3539.6599999999998545, 0, , , 3539.6599999999998545, 0, , , 3539.6599999999998545, 1
, , 3539.6649999999999636, 1, , , 3539.6649999999999636, 0, , , 3539.6649999999999636, 0, , , 3539.6649999999999636, 1
, , 3539.6700000000000728, 1, , , 3539.6700000000000728, 0, , , 3539.6700000000000728, 0, , , 3539.6700000000000728, 1
, , 3539.6739999999999782, 1, , , 3539.6739999999999782, 0, , , 3539.6739999999999782, 0, , , 3539.6739999999999782, 1
, , 3539.68100000000004, 1, , , 3539.68100000000004, 0, , , 3539.68100000000004, 0, , , 3539.68100000000004, 1
, , 3539.6829999999999927, 1, , , 3539.6829999999999927, 0, , , 3539.6829999999999927, 0, , , 3539.6829999999999927, 1
, , 3539.6900000000000546, 1, , , 3539.6900000000000546, 0, , , 3539.6900000000000546, 0, , , 3539.6900000000000546, 1
, , 3539.6979999999998654, 1, , , 3539.6979999999998654, 0, , , 3539.6979999999998654, 0, , , 3539.6979999999998654, 1
, , 3539.6999999999998181, 1, , , 3539.6999999999998181, 0, , , 3539.6999999999998181, 0, , , 3539.6999999999998181, 1
, , 3539.706000000000131, 1, , , 3539.706000000000131, 0, , , 3539.706000000000131, 0, , , 3539.706000000000131, 1
, , 3539.7100000000000364, 1, , , 3539.7100000000000364, 0, , , 3539.7100000000000364, 0, , , 3539.7100000000000364, 1
, , 3539.7150000000001455, 1, , , 3539.7150000000001455, 0, , , 3539.7150000000001455, 0, , , 3539.7150000000001455, 1
, , 3539.7199999999997999, 1, , , 3539.7199999999997999, 0, , , 3539.7199999999997999, 0, , , 3539.7199999999997999, 1
, , 3539.7249999999999091, 1, , , 3539.7249999999999091, 0, , , 3539.7249999999999091, 0, , , 3539.7249999999999091, 1
, , 3539.7310000000002219, 1, , , 3539.7310000000002219, 0, , , 3539.7310000000002219, 0, , , 3539.7310000000002219, 1
, , 3539.7350000000001273, 1, , , 3539.7350000000001273, 0, , , 3539.7350000000001273, 0, , , 3539.7350000000001273, 1
, , 3539.7399999999997817, 1, , , 3539.7399999999997817, 1, , , 3539.7399999999997817, 1, , , 3539.7399999999997817, 1
, , 3539.7449999999998909, 1, , , 3539.7449999999998909, 1, , , 3539.7449999999998909, 1, , , 3539.7449999999998909, 1
, , 3539.7489999999997963, 1, , , 3539.7489999999997963, 1, , , 3539.7489999999997963, 1, , , 3539.7489999999997963, 1
, , 3539.7559999999998581, 1, , , 3539.7559999999998581, 1, , , 3539.7559999999998581, 1, , , 3539.7559999999998581, 1
, , 3539.7600000000002183, 1, , , 3539.7600000000002183, 1, , , 3539.7600000000002183, 1, , , 3539.7600000000002183, 1
, , 3539.7649999999998727, 1, , , 3539.7649999999998727, 1, , , 3539.7649999999998727, 1, , , 3539.7649999999998727, 1
, , 3539.7699999999999818, 1, , , 3539.7699999999999818, 1, , , 3539.7699999999999818, 1, , , 3539.7699999999999818, 1
, , 3539.7750000000000909, 1, , , 3539.7750000000000909, 1, , , 3539.7750000000000909, 1, , , 3539.7750000000000909, 1
, , 3539.7800000000002001, 1, , , 3539.7800000000002001, 1, , , 3539.7800000000002001, 1, , , 3539.7800000000002001, 1
, , 3539.7860000000000582, 1, , , 3539.7860000000000582, 1, , , 3539.7860000000000582, 1, , , 3539.7860000000000582, 1
, , 3539.7899999999999636, 1, , , 3539.7899999999999636, 1, , , 3539.7899999999999636, 1, , , 3539.7899999999999636, 1
, , 3539.793999999999869, 1, , , 3539.793999999999869, 1, , , 3539.793999999999869, 1, , , 3539.793999999999869, 1
, , 3539.8000000000001819, 1, , , 3539.8000000000001819, 1, , , 3539.8000000000001819, 1, , , 3539.8000000000001819, 1
, , 3539.8049999999998363, 1, , , 3539.8049999999998363, 1, , , 3539.8049999999998363, 1, , , 3539.8049999999998363, 1
, , 3539.8099999999999454, 0, , , 3539.8099999999999454, 1, , , 3539.8099999999999454, 1, , , 3539.8099999999999454, 0
, , 3539.8150000000000546, 0, , , 3539.8150000000000546, 1, , , 3539.8150000000000546, 1, , , 3539.8150000000000546, 0
, , 3539.8200000000001637, 0, , , 3539.8200000000001637, 1, , , 3539.8200000000001637, 1, , , 3539.8200000000001637, 0
, , 3539.8260000000000218, 0, , , 3539.8260000000000218, 1, , , 3539.8260000000000218, 1, , , 3539.8260000000000218, 0
, , 3539.831000000000131, 0, , , 3539.831000000000131, 1, , , 3539.831000000000131, 1, , , 3539.831000000000131, 0
, , 3539.8350000000000364, 0, , , 3539.8350000000000364, 1, , , 3539.8350000000000364, 1, , , 3539.8350000000000364, 0
, , 3539.8400000000001455, 0, , , 3539.8400000000001455, 1, , , 3539.8400000000001455, 1, , , 3539.8400000000001455, 0
, , 3539.8449999999997999, 0, , , 3539.8449999999997999, 1, , , 3539.8449999999997999, 1, , , 3539.8449999999997999, 0
, , 3539.8499999999999091, 0, , , 3539.8499999999999091, 1, , , 3539.8499999999999091, 1, , , 3539.8499999999999091, 0
, , 3539.8550000000000182, 0, , , 3539.8550000000000182, 1, , , 3539.8550000000000182, 1, , , 3539.8550000000000182, 0
, , 3539.8600000000001273, 0, , , 3539.8600000000001273, 1, , , 3539.8600000000001273, 1, , , 3539.8600000000001273, 0
, , 3539.8649999999997817, 0, , , 3539.8649999999997817, 1, , , 3539.8649999999997817, 1, , , 3539.8649999999997817, 0
, , 3539.8699999999998909, 0, , , 3539.8699999999998909, 1, , , 3539.8699999999998909, 1, , , 3539.8699999999998909, 0
, , 3539.875, 0, , , 3539.875, 1, , , 3539.875, 1, , , 3539.875, 0
, , 3539.8800000000001091, 0, , , 3539.8800000000001091, 1, , , 3539.8800000000001091, 1, , , 3539.8800000000001091, 0
, , 3539.8850000000002183, 0, , , 3539.8850000000002183, 1, , , 3539.8850000000002183, 1, , , 3539.8850000000002183, 0
, , 3539.8899999999998727, 0, , , 3539.8899999999998727, 1, , , 3539.8899999999998727, 1, , , 3539.8899999999998727, 0
, , 3539.8949999999999818, 0, , , 3539.8949999999999818, 1, , , 3539.8949999999999818, 1, , , 3539.8949999999999818, 0
, , 3539.9000000000000909, 0, , , 3539.9000000000000909, 1, , , 3539.9000000000000909, 1, , , 3539.9000000000000909, 0
, , 3539.9050000000002001, 0, , , 3539.9050000000002001, 1, , , 3539.9050000000002001, 1, , , 3539.9050000000002001, 0
, , 3539.9099999999998545, 0, , , 3539.9099999999998545, 1, , , 3539.9099999999998545, 1, , , 3539.9099999999998545, 0
, , 3539.9149999999999636, 0, , , 3539.9149999999999636, 1, , , 3539.9149999999999636, 1, , , 3539.9149999999999636, 0
, , 3539.9200000000000728, 0, , , 3539.9200000000000728, 1, , , 3539.9200000000000728, 1, , , 3539.9200000000000728, 0
, , 3539.9250000000001819, 0, , , 3539.9250000000001819, 1, , , 3539.9250000000001819, 1, , , 3539.9250000000001819, 0
, , 3539.9299999999998363, 0, , , 3539.9299999999998363, 1, , , 3539.9299999999998363, 1, , , 3539.9299999999998363, 0
, , 3539.9349999999999454, 0, , , 3539.9349999999999454, 1, , , 3539.9349999999999454, 1, , , 3539.9349999999999454, 0
, , 3539.9400000000000546, 0, , , 3539.9400000000000546, 1, , , 3539.9400000000000546, 1, , , 3539.9400000000000546, 0
, , 3539.94399999999996, 0, , , 3539.94399999999996, 1, , , 3539.94399999999996, 1, , , 3539.94399999999996, 0
, , 3539.9499999999998181, 0, , , 3539.9499999999998181, 1, , , 3539.9499999999998181, 1, , , 3539.9499999999998181, 0
, , 3539.9549999999999272, 0, , , 3539.9549999999999272, 1, , , 3539.9549999999999272, 1, , , 3539.9549999999999272, 0
, , 3539.9600000000000364, 0, , , 3539.9600000000000364, 1, , , 3539.9600000000000364, 1, , , 3539.9600000000000364, 0
, , 3539.9650000000001455, 0, , , 3539.9650000000001455, 1, , , 3539.9650000000001455, 1, , , 3539.9650000000001455, 0
, , 3539.9699999999997999, 0, , , 3539.9699999999997999, 1, , , 3539.9699999999997999, 1, , , 3539.9699999999997999, 0
, , 3539.9749999999999091, 0, , , 3539.9749999999999091, 1, , , 3539.9749999999999091, 1, , , 3539.9749999999999091, 0
, , 3539.9800000000000182, 0, , , 3539.9800000000000182, 1, , , 3539.9800000000000182, 1, , , 3539.9800000000000182, 0
, , 3539.9850000000001273, 0, , , 3539.9850000000001273, 1, , , 3539.9850000000001273, 1, , , 3539.9850000000001273, 0
, , 3539.9899999999997817, 0, , , 3539.9899999999997817, 1, , , 3539.9899999999997817, 1, , , 3539.9899999999997817, 0
, , 3539.9949999999998909, 0, , , 3539.9949999999998909, 1, , , 3539.9949999999998909, 1, , , 3539.9949999999998909, 0
, , 3540, 0, , , 3540, 1, , , 3540, 1, , , 3540, 0
, , 3540.0050000000001091, 0, , , 3540.0050000000001091, 1, , , 3540.0050000000001091, 1, , , 3540.0050000000001091, 0
, , 3540.0100000000002183, 0, , , 3540.0100000000002183, 1, , , 3540.0100000000002183, 1, , , 3540.0100000000002183, 0
, , 3540.0149999999998727, 0, , , 3540.0149999999998727, 1, , , 3540.0149999999998727, 1, , , 3540.0149999999998727, 0
, , 3540.0199999999999818, 0, , , 3540.0199999999999818, 1, , , 3540.0199999999999818, 1, , , 3540.0199999999999818, 0
, , 3540.0250000000000909, 0, , , 3540.0250000000000909, 1, , , 3540.0250000000000909, 1, , , 3540.0250000000000909, 0
, , 3540.0300000000002001, 0, , , 3540.0300000000002001, 1, , , 3540.0300000000002001, 1, , , 3540.0300000000002001, 0
, , 3540.0349999999998545, 0, , , 3540.0349999999998545, 1, , , 3540.0349999999998545, 1, , , 3540.0349999999998545, 0
, , 3540.0399999999999636, 0, , , 3540.0399999999999636, 1, , , 3540.0399999999999636, 1, , , 3540.0399999999999636, 0
, , 3540.0450000000000728, 0, , , 3540.0450000000000728, 1, , , 3540.0450000000000728, 1, , , 3540.0450000000000728, 0
, , 3540.0489999999999782, 0, , , 3540.0489999999999782, 1, , , 3540.0489999999999782, 1, , , 3540.0489999999999782, 0
, , 3540.0549999999998363, 0, , , 3540.0549999999998363, 1, , , 3540.0549999999998363, 1, , , 3540.0549999999998363, 0
, , 3540.0599999999999454, 0, , , 3540.0599999999999454, 1, , , 3540.0599999999999454, 1, , , 3540.0599999999999454, 0
, , 3540.0650000000000546, 1, , , 3540.0650000000000546, 1, , , 3540.0650000000000546, 1, , , 3540.0650000000000546, 1
, , 3540.0700000000001637, 1, , , 3540.0700000000001637, 1, , , 3540.0700000000001637, 1, , , 3540.0700000000001637, 1
, , 3540.0749999999998181, 1, , , 3540.0749999999998181, 1, , , 3540.0749999999998181, 1, , , 3540.0749999999998181, 1
, , 3540.081000000000131, 1, , , 3540.081000000000131, 1, , , 3540.081000000000131, 1, , , 3540.081000000000131, 1
, , 3540.0819999999998799, 1, , , 3540.0819999999998799, 1, , , 3540.0819999999998799, 1, , , 3540.0819999999998799, 1
, , 3540.0889999999999418, 1, , , 3540.0889999999999418, 1, , , 3540.0889999999999418, 1, , , 3540.0889999999999418, 1
, , 3540.0949999999997999, 1, , , 3540.0949999999997999, 1, , , 3540.0949999999997999, 1, , , 3540.0949999999997999, 1
, , 3540.1010000000001128, 1, , , 3540.1010000000001128, 1, , , 3540.1010000000001128, 1, , , 3540.1010000000001128, 1
, , 3540.1050000000000182, 1, , , 3540.1050000000000182, 1, , , 3540.1050000000000182, 1, , , 3540.1050000000000182, 1
, , 3540.1100000000001273, 1, , , 3540.1100000000001273, 1, , , 3540.1100000000001273, 1, , , 3540.1100000000001273, 1
, , 3540.1149999999997817, 1, , , 3540.1149999999997817, 1, , , 3540.1149999999997817, 1, , , 3540.1149999999997817, 1
, , 3540.1199999999998909, 1, , , 3540.1199999999998909, 1, , , 3540.1199999999998909, 1, , , 3540.1199999999998909, 1
, , 3540.125, 1, , , 3540.125, 1, , , 3540.125, 1, , , 3540.125, 1
, , 3540.1300000000001091, 1, , , 3540.1300000000001091, 1, , , 3540.1300000000001091, 1, , , 3540.1300000000001091, 1
, , 3540.1359999999999673, 1, , , 3540.1359999999999673, 0, , , 3540.1359999999999673, 0, , , 3540.1359999999999673, 1
, , 3540.1399999999998727, 1, , , 3540.1399999999998727, 0, , , 3540.1399999999998727, 0, , , 3540.1399999999998727, 1
, , 3540.1449999999999818, 1, , , 3540.1449999999999818, 0, , , 3540.1449999999999818, 0, , , 3540.1449999999999818, 1
, , 3540.1500000000000909, 1, , , 3540.1500000000000909, 0, , , 3540.1500000000000909, 0, , , 3540.1500000000000909, 1
, , 3540.1559999999999491, 1, , , 3540.1559999999999491, 0, , , 3540.1559999999999491, 0, , , 3540.1559999999999491, 1
, , 3540.1610000000000582, 1, , , 3540.1610000000000582, 0, , , 3540.1610000000000582, 0, , , 3540.1610000000000582, 1
, , 3540.1649999999999636, 1, , , 3540.1649999999999636, 0, , , 3540.1649999999999636, 0, , , 3540.1649999999999636, 1
, , 3540.1700000000000728, 1, , , 3540.1700000000000728, 0, , , 3540.1700000000000728, 0, , , 3540.1700000000000728, 1
, , 3540.1759999999999309, 1, , , 3540.1759999999999309, 0, , , 3540.1759999999999309, 0, , , 3540.1759999999999309, 1
, , 3540.1799999999998363, 1, , , 3540.1799999999998363, 0, , , 3540.1799999999998363, 0, , , 3540.1799999999998363, 1
, , 3540.1849999999999454, 1, , , 3540.1849999999999454, 0, , , 3540.1849999999999454, 0, , , 3540.1849999999999454, 1
, , 3540.1909999999998035, 1, , , 3540.1909999999998035, 0, , , 3540.1909999999998035, 0, , , 3540.1909999999998035, 1
, , 3540.1950000000001637, 1, , , 3540.1950000000001637, 0, , , 3540.1950000000001637, 0, , , 3540.1950000000001637, 1
, , 3540.1999999999998181, 1, , , 3540.1999999999998181, 0, , , 3540.1999999999998181, 0, , , 3540.1999999999998181, 1
, , 3540.2049999999999272, 1, , , 3540.2049999999999272, 0, , , 3540.2049999999999272, 0, , , 3540.2049999999999272, 1
, , 3540.2089999999998327, 1, , , 3540.2089999999998327, 0, , , 3540.2089999999998327, 0, , , 3540.2089999999998327, 1
, , 3540.2150000000001455, 1, , , 3540.2150000000001455, 0, , , 3540.2150000000001455, 0, , , 3540.2150000000001455, 1
, , 3540.2199999999997999, 1, , , 3540.2199999999997999, 0, , , 3540.2199999999997999, 0, , , 3540.2199999999997999, 1
, , 3540.2260000000001128, 1, , , 3540.2260000000001128, 0, , , 3540.2260000000001128, 0, , , 3540.2260000000001128, 1
, , 3540.2300000000000182, 1, , , 3540.2300000000000182, 0, , , 3540.2300000000000182, 0, , , 3540.2300000000000182, 1
, , 3540.2350000000001273, 1, , , 3540.2350000000001273, 0, , , 3540.2350000000001273, 0, , , 3540.2350000000001273, 1
, , 3540.2399999999997817, 1, , , 3540.2399999999997817, 0, , , 3540.2399999999997817, 0, , , 3540.2399999999997817, 1
, , 3540.2460000000000946, 1, , , 3540.2460000000000946, 0, , , 3540.2460000000000946, 0, , , 3540.2460000000000946, 1
, , 3540.2510000000002037, 1, , , 3540.2510000000002037, 0, , , 3540.2510000000002037, 0, , , 3540.2510000000002037, 1
, , 3540.2559999999998581, 1, , , 3540.2559999999998581, 0, , , 3540.2559999999998581, 0, , , 3540.2559999999998581, 1
, , 3540.2600000000002183, 1, , , 3540.2600000000002183, 0, , , 3540.2600000000002183, 0, , , 3540.2600000000002183, 1
, , 3540.2649999999998727, 1, , , 3540.2649999999998727, 0, , , 3540.2649999999998727, 0, , , 3540.2649999999998727, 1
, , 3540.2710000000001855, 1, , , 3540.2710000000001855, 0, , , 3540.2710000000001855, 0, , , 3540.2710000000001855, 1
, , 3540.2750000000000909, 1, , , 3540.2750000000000909, 0, , , 3540.2750000000000909, 0, , , 3540.2750000000000909, 1
, , 3540.2800000000002001, 1, , , 3540.2800000000002001, 0, , , 3540.2800000000002001, 0, , , 3540.2800000000002001, 1
, , 3540.2849999999998545, 1, , , 3540.2849999999998545, 0, , , 3540.2849999999998545, 0, , , 3540.2849999999998545, 1
, , 3540.2899999999999636, 1, , , 3540.2899999999999636, 0, , , 3540.2899999999999636, 0, , , 3540.2899999999999636, 1
, , 3540.2959999999998217, 1, , , 3540.2959999999998217, 0, , , 3540.2959999999998217, 0, , , 3540.2959999999998217, 1
, , 3540.3000000000001819, 1, , , 3540.3000000000001819, 1, , , 3540.3000000000001819, 1, , , 3540.3000000000001819, 1
, , 3540.3049999999998363, 1, , , 3540.3049999999998363, 1, , , 3540.3049999999998363, 1, , , 3540.3049999999998363, 1
, , 3540.3110000000001492, 1, , , 3540.3110000000001492, 1, , , 3540.3110000000001492, 1, , , 3540.3110000000001492, 1
, , 3540.3150000000000546, 1, , , 3540.3150000000000546, 1, , , 3540.3150000000000546, 1, , , 3540.3150000000000546, 1
, , 3540.3200000000001637, 1, , , 3540.3200000000001637, 1, , , 3540.3200000000001637, 1, , , 3540.3200000000001637, 1
, , 3540.3249999999998181, 1, , , 3540.3249999999998181, 1, , , 3540.3249999999998181, 1, , , 3540.3249999999998181, 1
, , 3540.3299999999999272, 1, , , 3540.3299999999999272, 1, , , 3540.3299999999999272, 1, , , 3540.3299999999999272, 1
, , 3540.3350000000000364, 1, , , 3540.3350000000000364, 1, , , 3540.3350000000000364, 1, , , 3540.3350000000000364, 1
, , 3540.3400000000001455, 1, , , 3540.3400000000001455, 1, , , 3540.3400000000001455, 1, , , 3540.3400000000001455, 1
, , 3540.3460000000000036, 1, , , 3540.3460000000000036, 1, , , 3540.3460000000000036, 1, , , 3540.3460000000000036, 1
, , 3540.3499999999999091, 1, , , 3540.3499999999999091, 1, , , 3540.3499999999999091, 1, , , 3540.3499999999999091, 1
, , 3540.3539999999998145, 1, , , 3540.3539999999998145, 1, , , 3540.3539999999998145, 1, , , 3540.3539999999998145, 1
, , 3540.3600000000001273, 1, , , 3540.3600000000001273, 1, , , 3540.3600000000001273, 1, , , 3540.3600000000001273, 1
, , 3540.3649999999997817, 1, , , 3540.3649999999997817, 1, , , 3540.3649999999997817, 1, , , 3540.3649999999997817, 1
, , 3540.3719999999998436, 1, , , 3540.3719999999998436, 1, , , 3540.3719999999998436, 1, , , 3540.3719999999998436, 1
, , 3540.3760000000002037, 1, , , 3540.3760000000002037, 1, , , 3540.3760000000002037, 1, , , 3540.3760000000002037, 1
, , 3540.3800000000001091, 1, , , 3540.3800000000001091, 1, , , 3540.3800000000001091, 1, , , 3540.3800000000001091, 1
, , 3540.3850000000002183, 1, , , 3540.3850000000002183, 1, , , 3540.3850000000002183, 1, , , 3540.3850000000002183, 1
, , 3540.3910000000000764, 1, , , 3540.3910000000000764, 1, , , 3540.3910000000000764, 1, , , 3540.3910000000000764, 1
, , 3540.3960000000001855, 1, , , 3540.3960000000001855, 1, , , 3540.3960000000001855, 1, , , 3540.3960000000001855, 1
, , 3540.4009999999998399, 1, , , 3540.4009999999998399, 1, , , 3540.4009999999998399, 1, , , 3540.4009999999998399, 1
, , 3540.4050000000002001, 1, , , 3540.4050000000002001, 1, , , 3540.4050000000002001, 1, , , 3540.4050000000002001, 1
, , 3540.4119999999998072, 1, , , 3540.4119999999998072, 1, , , 3540.4119999999998072, 1, , , 3540.4119999999998072, 1
, , 3540.4149999999999636, 1, , , 3540.4149999999999636, 1, , , 3540.4149999999999636, 1, , , 3540.4149999999999636, 1
, , 3540.4200000000000728, 1, , , 3540.4200000000000728, 1, , , 3540.4200000000000728, 1, , , 3540.4200000000000728, 1
, , 3540.4250000000001819, 1, , , 3540.4250000000001819, 1, , , 3540.4250000000001819, 1, , , 3540.4250000000001819, 1
, , 3540.431999999999789, 1, , , 3540.431999999999789, 1, , , 3540.431999999999789, 1, , , 3540.431999999999789, 1
, , 3540.4349999999999454, 1, , , 3540.4349999999999454, 1, , , 3540.4349999999999454, 1, , , 3540.4349999999999454, 1
, , 3540.4409999999998035, 1, , , 3540.4409999999998035, 1, , , 3540.4409999999998035, 1, , , 3540.4409999999998035, 1
, , 3540.4450000000001637, 1, , , 3540.4450000000001637, 1, , , 3540.4450000000001637, 1, , , 3540.4450000000001637, 1
, , 3540.4510000000000218, 1, , , 3540.4510000000000218, 1, , , 3540.4510000000000218, 1, , , 3540.4510000000000218, 1
, , 3540.4549999999999272, 1, , , 3540.4549999999999272, 1, , , 3540.4549999999999272, 1, , , 3540.4549999999999272, 1
, , 3540.4600000000000364, 1, , , 3540.4600000000000364, 1, , , 3540.4600000000000364, 1, , , 3540.4600000000000364, 1
, , 3540.4659999999998945, 1, , , 3540.4659999999998945, 1, , , 3540.4659999999998945, 1, , , 3540.4659999999998945, 1
, , 3540.4720000000002074, 1, , , 3540.4720000000002074, 1, , , 3540.4720000000002074, 1, , , 3540.4720000000002074, 1
, , 3540.4749999999999091, 1, , , 3540.4749999999999091, 1, , , 3540.4749999999999091, 1, , , 3540.4749999999999091, 1
, , 3540.4800000000000182, 1, , , 3540.4800000000000182, 1, , , 3540.4800000000000182, 1, , , 3540.4800000000000182, 1
, , 3540.4850000000001273, 1, , , 3540.4850000000001273, 1, , , 3540.4850000000001273, 1, , , 3540.4850000000001273, 1
, , 3540.4899999999997817, 1, , , 3540.4899999999997817, 1, , , 3540.4899999999997817, 1, , , 3540.4899999999997817, 1
, , 3540.4949999999998909, 1, , , 3540.4949999999998909, 1, , , 3540.4949999999998909, 1, , , 3540.4949999999998909, 1
, , 3540.5010000000002037, 1, , , 3540.5010000000002037, 1, , , 3540.5010000000002037, 1, , , 3540.5010000000002037, 1
, , 3540.5050000000001091, 1, , , 3540.5050000000001091, 1, , , 3540.5050000000001091, 1, , , 3540.5050000000001091, 1
, , 3540.5100000000002183, 1, , , 3540.5100000000002183, 1, , , 3540.5100000000002183, 1, , , 3540.5100000000002183, 1
, , 3540.5149999999998727, 1, , , 3540.5149999999998727, 1, , , 3540.5149999999998727, 1, , , 3540.5149999999998727, 1
, , 3540.5199999999999818, 1, , , 3540.5199999999999818, 1, , , 3540.5199999999999818, 1, , , 3540.5199999999999818, 1
, , 3540.5259999999998399, 1, , , 3540.5259999999998399, 1, , , 3540.5259999999998399, 1, , , 3540.5259999999998399, 1
, , 3540.5300000000002001, 1, , , 3540.5300000000002001, 1, , , 3540.5300000000002001, 1, , , 3540.5300000000002001, 1
, , 3540.5349999999998545, 1, , , 3540.5349999999998545, 1, , , 3540.5349999999998545, 1, , , 3540.5349999999998545, 1
, , 3540.5399999999999636, 1, , , 3540.5399999999999636, 1, , , 3540.5399999999999636, 1, , , 3540.5399999999999636, 1
, , 3540.5450000000000728, 1, , , 3540.5450000000000728, 1, , , 3540.5450000000000728, 1, , , 3540.5450000000000728, 1
, , 3540.5500000000001819, 1, , , 3540.5500000000001819, 1, , , 3540.5500000000001819, 1, , , 3540.5500000000001819, 1
, , 3540.5549999999998363, 1, , , 3540.5549999999998363, 1, , , 3540.5549999999998363, 1, , , 3540.5549999999998363, 1
, , 3540.5599999999999454, 1, , , 3540.5599999999999454, 1, , , 3540.5599999999999454, 1, , , 3540.5599999999999454, 1
, , 3540.5659999999998035, 1, , , 3540.5659999999998035, 1, , , 3540.5659999999998035, 1, , , 3540.5659999999998035, 1
, , 3540.5709999999999127, 1, , , 3540.5709999999999127, 1, , , 3540.5709999999999127, 1, , , 3540.5709999999999127, 1
, , 3540.5749999999998181, 1, , , 3540.5749999999998181, 1, , , 3540.5749999999998181, 1, , , 3540.5749999999998181, 1
, , 3540.5799999999999272, 1, , , 3540.5799999999999272, 1, , , 3540.5799999999999272, 1, , , 3540.5799999999999272, 1
, , 3540.5859999999997854, 1, , , 3540.5859999999997854, 1, , , 3540.5859999999997854, 1, , , 3540.5859999999997854, 1
, , 3540.5900000000001455, 1, , , 3540.5900000000001455, 1, , , 3540.5900000000001455, 1, , , 3540.5900000000001455, 1
, , 3540.5960000000000036, 1, , , 3540.5960000000000036, 1, , , 3540.5960000000000036, 1, , , 3540.5960000000000036, 1
, , 3540.6010000000001128, 1, , , 3540.6010000000001128, 1, , , 3540.6010000000001128, 1, , , 3540.6010000000001128, 1
, , 3540.6050000000000182, 1, , , 3540.6050000000000182, 1, , , 3540.6050000000000182, 1, , , 3540.6050000000000182, 1
, , 3540.61200000000008, 1, , , 3540.61200000000008, 1, , , 3540.61200000000008, 1, , , 3540.61200000000008, 1
, , 3540.6149999999997817, 1, , , 3540.6149999999997817, 1, , , 3540.6149999999997817, 1, , , 3540.6149999999997817, 1
, , 3540.6210000000000946, 1, , , 3540.6210000000000946, 1, , , 3540.6210000000000946, 1, , , 3540.6210000000000946, 1
, , 3540.625, 1, , , 3540.625, 1, , , 3540.625, 1, , , 3540.625, 1
, , 3540.6300000000001091, 1, , , 3540.6300000000001091, 1, , , 3540.6300000000001091, 1, , , 3540.6300000000001091, 1
, , 3540.6359999999999673, 1, , , 3540.6359999999999673, 1, , , 3540.6359999999999673, 1, , , 3540.6359999999999673, 1
, , 3540.6399999999998727, 1, , , 3540.6399999999998727, 1, , , 3540.6399999999998727, 1, , , 3540.6399999999998727, 1
, , 3540.6449999999999818, 1, , , 3540.6449999999999818, 1, , , 3540.6449999999999818, 1, , , 3540.6449999999999818, 1
, , 3540.6500000000000909, 1, , , 3540.6500000000000909, 1, , , 3540.6500000000000909, 1, , , 3540.6500000000000909, 1
, , 3540.6550000000002001, 1, , , 3540.6550000000002001, 1, , , 3540.6550000000002001, 1, , , 3540.6550000000002001, 1
, , 3540.6619999999998072, 1, , , 3540.6619999999998072, 1, , , 3540.6619999999998072, 1, , , 3540.6619999999998072, 1
, , 3540.6649999999999636, 1, , , 3540.6649999999999636, 1, , , 3540.6649999999999636, 1, , , 3540.6649999999999636, 1
, , 3540.6700000000000728, 1, , , 3540.6700000000000728, 1, , , 3540.6700000000000728, 1, , , 3540.6700000000000728, 1
, , 3540.6750000000001819, 1, , , 3540.6750000000001819, 1, , , 3540.6750000000001819, 1, , , 3540.6750000000001819, 1
, , 3540.6799999999998363, 1, , , 3540.6799999999998363, 1, , , 3540.6799999999998363, 1, , , 3540.6799999999998363, 1
, , 3540.6849999999999454, 1, , , 3540.6849999999999454, 1, , , 3540.6849999999999454, 1, , , 3540.6849999999999454, 1
, , 3540.6909999999998035, 1, , , 3540.6909999999998035, 1, , , 3540.6909999999998035, 1, , , 3540.6909999999998035, 1
, , 3540.6950000000001637, 1, , , 3540.6950000000001637, 1, , , 3540.6950000000001637, 1, , , 3540.6950000000001637, 1
, , 3540.6999999999998181, 1, , , 3540.6999999999998181, 1, , , 3540.6999999999998181, 1, , , 3540.6999999999998181, 1
, , 3540.706000000000131, 1, , , 3540.706000000000131, 1, , , 3540.706000000000131, 1, , , 3540.706000000000131, 1
, , 3540.7100000000000364, 1, , , 3540.7100000000000364, 1, , , 3540.7100000000000364, 1, , , 3540.7100000000000364, 1
, , 3540.7159999999998945, 1, , , 3540.7159999999998945, 1, , , 3540.7159999999998945, 1, , , 3540.7159999999998945, 1
, , 3540.7199999999997999, 1, , , 3540.7199999999997999, 1, , , 3540.7199999999997999, 1, , , 3540.7199999999997999, 1
, , 3540.7249999999999091, 1, , , 3540.7249999999999091, 1, , , 3540.7249999999999091, 1, , , 3540.7249999999999091, 1
, , 3540.7300000000000182, 1, , , 3540.7300000000000182, 1, , , 3540.7300000000000182, 1, , , 3540.7300000000000182, 1
, , 3540.7359999999998763, 1, , , 3540.7359999999998763, 1, , , 3540.7359999999998763, 1, , , 3540.7359999999998763, 1
, , 3540.7399999999997817, 1, , , 3540.7399999999997817, 1, , , 3540.7399999999997817, 1, , , 3540.7399999999997817, 1
, , 3540.7449999999998909, 1, , , 3540.7449999999998909, 1, , , 3540.7449999999998909, 1, , , 3540.7449999999998909, 1
, , 3540.75, 1, , , 3540.75, 1, , , 3540.75, 1, , , 3540.75, 1
, , 3540.7550000000001091, 1, , , 3540.7550000000001091, 1, , , 3540.7550000000001091, 1, , , 3540.7550000000001091, 1
, , 3540.7600000000002183, 1, , , 3540.7600000000002183, 1, , , 3540.7600000000002183, 1, , , 3540.7600000000002183, 1
, , 3540.7649999999998727, 1, , , 3540.7649999999998727, 1, , , 3540.7649999999998727, 1, , , 3540.7649999999998727, 1
, , 3540.7699999999999818, 1, , , 3540.7699999999999818, 1, , , 3540.7699999999999818, 1, , , 3540.7699999999999818, 1
, , 3540.7750000000000909, 1, , , 3540.7750000000000909, 1, , , 3540.7750000000000909, 1, , , 3540.7750000000000909, 1
, , 3540.7800000000002001, 1, , , 3540.7800000000002001, 1, , , 3540.7800000000002001, 1, , , 3540.7800000000002001, 1
, , 3540.7849999999998545, 1, , , 3540.7849999999998545, 1, , , 3540.7849999999998545, 1, , , 3540.7849999999998545, 1
, , 3540.7970000000000255, 1, , , 3540.7970000000000255, 1, , , 3540.7970000000000255, 1, , , 3540.7970000000000255, 1
, , 3540.7970000000000255, 1, , , 3540.7970000000000255, 1, , , 3540.7970000000000255, 1, , , 3540.7970000000000255, 1
, , 3540.8000000000001819, 1, , , 3540.8000000000001819, 1, , , 3540.8000000000001819, 1, , , 3540.8000000000001819, 1
, , 3540.8079999999999927, 1, , , 3540.8079999999999927, 1, , , 3540.8079999999999927, 1, , , 3540.8079999999999927, 1
, , 3540.8110000000001492, 1, , , 3540.8110000000001492, 1, , , 3540.8110000000001492, 1, , , 3540.8110000000001492, 1
, , 3540.8150000000000546, 1, , , 3540.8150000000000546, 1, , , 3540.8150000000000546, 1, , , 3540.8150000000000546, 1
, , 3540.8200000000001637, 1, , , 3540.8200000000001637, 1, , , 3540.8200000000001637, 1, , , 3540.8200000000001637, 1
, , 3540.8249999999998181, 1, , , 3540.8249999999998181, 1, , , 3540.8249999999998181, 1, , , 3540.8249999999998181, 1
, , 3540.8319999999998799, 1, , , 3540.8319999999998799, 1, , , 3540.8319999999998799, 1, , , 3540.8319999999998799, 1
, , 3540.8350000000000364, 1, , , 3540.8350000000000364, 1, , , 3540.8350000000000364, 1, , , 3540.8350000000000364, 1
, , 3540.8400000000001455, 1, , , 3540.8400000000001455, 1, , , 3540.8400000000001455, 1, , , 3540.8400000000001455, 1
, , 3540.8449999999997999, 1, , , 3540.8449999999997999, 1, , , 3540.8449999999997999, 1, , , 3540.8449999999997999, 1
, , 3540.8510000000001128, 1, , , 3540.8510000000001128, 1, , , 3540.8510000000001128, 1, , , 3540.8510000000001128, 1
, , 3540.8560000000002219, 1, , , 3540.8560000000002219, 1, , , 3540.8560000000002219, 1, , , 3540.8560000000002219, 1
, , 3540.8609999999998763, 1, , , 3540.8609999999998763, 1, , , 3540.8609999999998763, 1, , , 3540.8609999999998763, 1
, , 3540.8649999999997817, 1, , , 3540.8649999999997817, 1, , , 3540.8649999999997817, 1, , , 3540.8649999999997817, 1
, , 3540.8699999999998909, 1, , , 3540.8699999999998909, 1, , , 3540.8699999999998909, 1, , , 3540.8699999999998909, 1
, , 3540.875, 1, , , 3540.875, 1, , , 3540.875, 1, , , 3540.875, 1
, , 3540.8800000000001091, 1, , , 3540.8800000000001091, 1, , , 3540.8800000000001091, 1, , , 3540.8800000000001091, 1
, , 3540.8859999999999673, 1, , , 3540.8859999999999673, 1, , , 3540.8859999999999673, 1, , , 3540.8859999999999673, 1
, , 3540.8899999999998727, 1, , , 3540.8899999999998727, 1, , , 3540.8899999999998727, 1, , , 3540.8899999999998727, 1
, , 3540.8949999999999818, 1, , , 3540.8949999999999818, 1, , , 3540.8949999999999818, 1, , , 3540.8949999999999818, 1
, , 3540.9000000000000909, 1, , , 3540.9000000000000909, 1, , , 3540.9000000000000909, 1, , , 3540.9000000000000909, 1
, , 3540.9050000000002001, 1, , , 3540.9050000000002001, 1, , , 3540.9050000000002001, 1, , , 3540.9050000000002001, 1
, , 3540.9099999999998545, 1, , , 3540.9099999999998545, 1, , , 3540.9099999999998545, 1, , , 3540.9099999999998545, 1
, , 3540.9149999999999636, 1, , , 3540.9149999999999636, 1, , , 3540.9149999999999636, 1, , , 3540.9149999999999636, 1
, , 3540.9200000000000728, 1, , , 3540.9200000000000728, 1, , , 3540.9200000000000728, 1, , , 3540.9200000000000728, 1
, , 3540.9259999999999309, 1, , , 3540.9259999999999309, 1, , , 3540.9259999999999309, 1, , , 3540.9259999999999309, 1
, , 3540.9299999999998363, 1, , , 3540.9299999999998363, 1, , , 3540.9299999999998363, 1, , , 3540.9299999999998363, 1
, , 3540.9360000000001492, 1, , , 3540.9360000000001492, 1, , , 3540.9360000000001492, 1, , , 3540.9360000000001492, 1
, , 3540.9400000000000546, 1, , , 3540.9400000000000546, 1, , , 3540.9400000000000546, 1, , , 3540.9400000000000546, 1
, , 3540.9459999999999127, 1, , , 3540.9459999999999127, 1, , , 3540.9459999999999127, 1, , , 3540.9459999999999127, 1
, , 3540.9499999999998181, 1, , , 3540.9499999999998181, 1, , , 3540.9499999999998181, 1, , , 3540.9499999999998181, 1
, , 3540.956000000000131, 1, , , 3540.956000000000131, 1, , , 3540.956000000000131, 1, , , 3540.956000000000131, 1
, , 3540.9600000000000364, 1, , , 3540.9600000000000364, 1, , , 3540.9600000000000364, 1, , , 3540.9600000000000364, 1
, , 3540.9650000000001455, 1, , , 3540.9650000000001455, 1, , , 3540.9650000000001455, 1, , , 3540.9650000000001455, 1
, , 3540.9699999999997999, 1, , , 3540.9699999999997999, 1, , , 3540.9699999999997999, 1, , , 3540.9699999999997999, 1
, , 3540.9749999999999091, 1, , , 3540.9749999999999091, 1, , , 3540.9749999999999091, 1, , , 3540.9749999999999091, 1
, , 3540.9800000000000182, 1, , , 3540.9800000000000182, 1, , , 3540.9800000000000182, 1, , , 3540.9800000000000182, 1
, , 3540.9850000000001273, 1, , , 3540.9850000000001273, 1, , , 3540.9850000000001273, 1, , , 3540.9850000000001273, 1
, , 3540.9899999999997817, 1, , , 3540.9899999999997817, 1, , , 3540.9899999999997817, 1, , , 3540.9899999999997817, 1
, , 3540.9949999999998909, 1, , , 3540.9949999999998909, 1, , , 3540.9949999999998909, 1, , , 3540.9949999999998909, 1
, , 3541, 1, , , 3541, 1, , , 3541, 1, , , 3541, 1
, , 3541.0050000000001091, 1, , , 3541.0050000000001091, 1, , , 3541.0050000000001091, 1, , , 3541.0050000000001091, 1
, , 3541.0100000000002183, 1, , , 3541.0100000000002183, 1, , , 3541.0100000000002183, 1, , , 3541.0100000000002183, 1
, , 3541.0149999999998727, 1, , , 3541.0149999999998727, 1, , , 3541.0149999999998727, 1, , , 3541.0149999999998727, 1
, , 3541.0199999999999818, 1, , , 3541.0199999999999818, 1, , , 3541.0199999999999818, 1, , , 3541.0199999999999818, 1
, , 3541.0259999999998399, 1, , , 3541.0259999999998399, 1, , , 3541.0259999999998399, 1, , , 3541.0259999999998399, 1
, , 3541.0300000000002001, 1, , , 3541.0300000000002001, 1, , , 3541.0300000000002001, 1, , , 3541.0300000000002001, 1
, , 3541.0349999999998545, 1, , , 3541.0349999999998545, 1, , , 3541.0349999999998545, 1, , , 3541.0349999999998545, 1
, , 3541.0399999999999636, 1, , , 3541.0399999999999636, 1, , , 3541.0399999999999636, 1, , , 3541.0399999999999636, 1
, , 3541.0459999999998217, 1, , , 3541.0459999999998217, 1, , , 3541.0459999999998217, 1, , , 3541.0459999999998217, 1
, , 3541.0509999999999309, 1, , , 3541.0509999999999309, 1, , , 3541.0509999999999309, 1, , , 3541.0509999999999309, 1
, , 3541.0549999999998363, 1, , , 3541.0549999999998363, 1, , , 3541.0549999999998363, 1, , , 3541.0549999999998363, 1
, , 3541.0599999999999454, 1, , , 3541.0599999999999454, 1, , , 3541.0599999999999454, 1, , , 3541.0599999999999454, 1
, , 3541.0650000000000546, 1, , , 3541.0650000000000546, 1, , , 3541.0650000000000546, 1, , , 3541.0650000000000546, 1
, , 3541.0709999999999127, 1, , , 3541.0709999999999127, 1, , , 3541.0709999999999127, 1, , , 3541.0709999999999127, 1
, , 3541.0760000000000218, 1, , , 3541.0760000000000218, 1, , , 3541.0760000000000218, 1, , , 3541.0760000000000218, 1
, , 3541.0799999999999272, 1, , , 3541.0799999999999272, 1, , , 3541.0799999999999272, 1, , , 3541.0799999999999272, 1
, , 3541.0869999999999891, 1, , , 3541.0869999999999891, 1, , , 3541.0869999999999891, 1, , , 3541.0869999999999891, 1
, , 3541.0900000000001455, 1, , , 3541.0900000000001455, 1, , , 3541.0900000000001455, 1, , , 3541.0900000000001455, 1
, , 3541.0960000000000036, 1, , , 3541.0960000000000036, 1, , , 3541.0960000000000036, 1, , , 3541.0960000000000036, 1
, , 3541.1010000000001128, 1, , , 3541.1010000000001128, 1, , , 3541.1010000000001128, 1, , , 3541.1010000000001128, 1
, , 3541.1050000000000182, 1, , , 3541.1050000000000182, 1, , , 3541.1050000000000182, 1, , , 3541.1050000000000182, 1
, , 3541.1100000000001273, 1, , , 3541.1100000000001273, 1, , , 3541.1100000000001273, 1, , , 3541.1100000000001273, 1
, , 3541.1149999999997817, 1, , , 3541.1149999999997817, 1, , , 3541.1149999999997817, 1, , , 3541.1149999999997817, 1
, , 3541.1199999999998909, 1, , , 3541.1199999999998909, 1, , , 3541.1199999999998909, 1, , , 3541.1199999999998909, 1
, , 3541.1260000000002037, 1, , , 3541.1260000000002037, 1, , , 3541.1260000000002037, 1, , , 3541.1260000000002037, 1
, , 3541.1329999999998108, 1, , , 3541.1329999999998108, 1, , , 3541.1329999999998108, 1, , , 3541.1329999999998108, 1
, , 3541.1359999999999673, 1, , , 3541.1359999999999673, 1, , , 3541.1359999999999673, 1, , , 3541.1359999999999673, 1
, , 3541.1399999999998727, 1, , , 3541.1399999999998727, 1, , , 3541.1399999999998727, 1, , , 3541.1399999999998727, 1
, , 3541.1449999999999818, 1, , , 3541.1449999999999818, 1, , , 3541.1449999999999818, 1, , , 3541.1449999999999818, 1
, , 3541.1509999999998399, 1, , , 3541.1509999999998399, 1, , , 3541.1509999999998399, 1, , , 3541.1509999999998399, 1
, , 3541.1559999999999491, 1, , , 3541.1559999999999491, 1, , , 3541.1559999999999491, 1, , , 3541.1559999999999491, 1
, , 3541.1599999999998545, 1, , , 3541.1599999999998545, 1, , , 3541.1599999999998545, 1, , , 3541.1599999999998545, 1
, , 3541.1660000000001673, 1, , , 3541.1660000000001673, 1, , , 3541.1660000000001673, 1, , , 3541.1660000000001673, 1
, , 3541.1700000000000728, 1, , , 3541.1700000000000728, 1, , , 3541.1700000000000728, 1, , , 3541.1700000000000728, 1
, , 3541.1750000000001819, 1, , , 3541.1750000000001819, 1, , , 3541.1750000000001819, 1, , , 3541.1750000000001819, 1
, , 3541.1829999999999927, 1, , , 3541.1829999999999927, 1, , , 3541.1829999999999927, 1, , , 3541.1829999999999927, 1
, , 3541.1849999999999454, 1, , , 3541.1849999999999454, 1, , , 3541.1849999999999454, 1, , , 3541.1849999999999454, 1
, , 3541.1909999999998035, 1, , , 3541.1909999999998035, 1, , , 3541.1909999999998035, 1, , , 3541.1909999999998035, 1
, , 3541.1950000000001637, 1, , , 3541.1950000000001637, 1, , , 3541.1950000000001637, 1, , , 3541.1950000000001637, 1
, , 3541.1999999999998181, 1, , , 3541.1999999999998181, 1, , , 3541.1999999999998181, 1, , , 3541.1999999999998181, 1
, , 3541.2049999999999272, 1, , , 3541.2049999999999272, 1, , , 3541.2049999999999272, 1, , , 3541.2049999999999272, 1
, , 3541.2100000000000364, 1, , , 3541.2100000000000364, 1, , , 3541.2100000000000364, 1, , , 3541.2100000000000364, 1
, , 3541.2159999999998945, 1, , , 3541.2159999999998945, 1, , , 3541.2159999999998945, 1, , , 3541.2159999999998945, 1
, , 3541.2199999999997999, 1, , , 3541.2199999999997999, 1, , , 3541.2199999999997999, 1, , , 3541.2199999999997999, 1
, , 3541.2249999999999091, 1, , , 3541.2249999999999091, 1, , , 3541.2249999999999091, 1, , , 3541.2249999999999091, 1
, , 3541.2300000000000182, 1, , , 3541.2300000000000182, 1, , , 3541.2300000000000182, 1, , , 3541.2300000000000182, 1
, , 3541.2350000000001273, 1, , , 3541.2350000000001273, 1, , , 3541.2350000000001273, 1, , , 3541.2350000000001273, 1
, , 3541.2399999999997817, 1, , , 3541.2399999999997817, 1, , , 3541.2399999999997817, 1, , , 3541.2399999999997817, 1
, , 3541.2449999999998909, 1, , , 3541.2449999999998909, 1, , , 3541.2449999999998909, 1, , , 3541.2449999999998909, 1
, , 3541.25, 1, , , 3541.25, 1, , , 3541.25, 1, , , 3541.25, 1
, , 3541.2550000000001091, 1, , , 3541.2550000000001091, 1, , , 3541.2550000000001091, 1, , , 3541.2550000000001091, 1
, , 3541.262000000000171, 1, , , 3541.262000000000171, 1, , , 3541.262000000000171, 1, , , 3541.262000000000171, 1
, , 3541.2649999999998727, 1, , , 3541.2649999999998727, 1, , , 3541.2649999999998727, 1, , , 3541.2649999999998727, 1
, , 3541.2710000000001855, 1, , , 3541.2710000000001855, 1, , , 3541.2710000000001855, 1, , , 3541.2710000000001855, 1
, , 3541.2759999999998399, 1, , , 3541.2759999999998399, 1, , , 3541.2759999999998399, 1, , , 3541.2759999999998399, 1
, , 3541.2800000000002001, 1, , , 3541.2800000000002001, 1, , , 3541.2800000000002001, 1, , , 3541.2800000000002001, 1
, , 3541.2849999999998545, 1, , , 3541.2849999999998545, 1, , , 3541.2849999999998545, 1, , , 3541.2849999999998545, 1
, , 3541.2899999999999636, 1, , , 3541.2899999999999636, 1, , , 3541.2899999999999636, 1, , , 3541.2899999999999636, 1
, , 3541.2950000000000728, 1, , , 3541.2950000000000728, 1, , , 3541.2950000000000728, 1, , , 3541.2950000000000728, 1
, , 3541.3009999999999309, 1, , , 3541.3009999999999309, 1, , , 3541.3009999999999309, 1, , , 3541.3009999999999309, 1
, , 3541.3049999999998363, 1, , , 3541.3049999999998363, 1, , , 3541.3049999999998363, 1, , , 3541.3049999999998363, 1
, , 3541.3099999999999454, 1, , , 3541.3099999999999454, 1, , , 3541.3099999999999454, 1, , , 3541.3099999999999454, 1
, , 3541.3150000000000546, 1, , , 3541.3150000000000546, 1, , , 3541.3150000000000546, 1, , , 3541.3150000000000546, 1
, , 3541.3200000000001637, 1, , , 3541.3200000000001637, 1, , , 3541.3200000000001637, 1, , , 3541.3200000000001637, 1
, , 3541.3249999999998181, 1, , , 3541.3249999999998181, 1, , , 3541.3249999999998181, 1, , , 3541.3249999999998181, 1
, , 3541.331000000000131, 1, , , 3541.331000000000131, 1, , , 3541.331000000000131, 1, , , 3541.331000000000131, 1
, , 3541.3350000000000364, 1, , , 3541.3350000000000364, 1, , , 3541.3350000000000364, 1, , , 3541.3350000000000364, 1
, , 3541.3400000000001455, 1, , , 3541.3400000000001455, 1, , , 3541.3400000000001455, 1, , , 3541.3400000000001455, 1
, , 3541.3449999999997999, 1, , , 3541.3449999999997999, 1, , , 3541.3449999999997999, 1, , , 3541.3449999999997999, 1
, , 3541.3499999999999091, 1, , , 3541.3499999999999091, 1, , , 3541.3499999999999091, 1, , , 3541.3499999999999091, 1
, , 3541.3550000000000182, 1, , , 3541.3550000000000182, 1, , , 3541.3550000000000182, 1, , , 3541.3550000000000182, 1
, , 3541.3600000000001273, 1, , , 3541.3600000000001273, 1, , , 3541.3600000000001273, 1, , , 3541.3600000000001273, 1
, , 3541.3649999999997817, 1, , , 3541.3649999999997817, 1, , , 3541.3649999999997817, 1, , , 3541.3649999999997817, 1
, , 3541.3699999999998909, 1, , , 3541.3699999999998909, 1, , , 3541.3699999999998909, 1, , , 3541.3699999999998909, 1
, , 3541.375, 1, , , 3541.375, 1, , , 3541.375, 1, , , 3541.375, 1
, , 3541.3800000000001091, 1, , , 3541.3800000000001091, 1, , , 3541.3800000000001091, 1, , , 3541.3800000000001091, 1
, , 3541.3850000000002183, 1, , , 3541.3850000000002183, 1, , , 3541.3850000000002183, 1, , , 3541.3850000000002183, 1
, , 3541.3910000000000764, 1, , , 3541.3910000000000764, 1, , , 3541.3910000000000764, 1, , , 3541.3910000000000764, 1
, , 3541.3949999999999818, 1, , , 3541.3949999999999818, 1, , , 3541.3949999999999818, 1, , , 3541.3949999999999818, 1
, , 3541.4000000000000909, 1, , , 3541.4000000000000909, 1, , , 3541.4000000000000909, 1, , , 3541.4000000000000909, 1
, , 3541.4050000000002001, 1, , , 3541.4050000000002001, 1, , , 3541.4050000000002001, 1, , , 3541.4050000000002001, 1
, , 3541.4099999999998545, 1, , , 3541.4099999999998545, 1, , , 3541.4099999999998545, 1, , , 3541.4099999999998545, 1
, , 3541.4149999999999636, 1, , , 3541.4149999999999636, 1, , , 3541.4149999999999636, 1, , , 3541.4149999999999636, 1
, , 3541.4200000000000728, 1, , , 3541.4200000000000728, 1, , , 3541.4200000000000728, 1, , , 3541.4200000000000728, 1
, , 3541.4250000000001819, 1, , , 3541.4250000000001819, 1, , , 3541.4250000000001819, 1, , , 3541.4250000000001819, 1
, , 3541.4299999999998363, 1, , , 3541.4299999999998363, 1, , , 3541.4299999999998363, 1, , , 3541.4299999999998363, 1
, , 3541.4360000000001492, 1, , , 3541.4360000000001492, 1, , , 3541.4360000000001492, 1, , , 3541.4360000000001492, 1
, , 3541.4400000000000546, 1, , , 3541.4400000000000546, 1, , , 3541.4400000000000546, 1, , , 3541.4400000000000546, 1
, , 3541.4450000000001637, 1, , , 3541.4450000000001637, 1, , , 3541.4450000000001637, 1, , , 3541.4450000000001637, 1
, , 3541.4499999999998181, 1, , , 3541.4499999999998181, 1, , , 3541.4499999999998181, 1, , , 3541.4499999999998181, 1
, , 3541.4549999999999272, 1, , , 3541.4549999999999272, 1, , , 3541.4549999999999272, 1, , , 3541.4549999999999272, 1
, , 3541.4600000000000364, 1, , , 3541.4600000000000364, 1, , , 3541.4600000000000364, 1, , , 3541.4600000000000364, 1
, , 3541.4650000000001455, 1, , , 3541.4650000000001455, 1, , , 3541.4650000000001455, 1, , , 3541.4650000000001455, 1
, , 3541.4699999999997999, 1, , , 3541.4699999999997999, 1, , , 3541.4699999999997999, 1, , , 3541.4699999999997999, 1
, , 3541.4760000000001128, 1, , , 3541.4760000000001128, 1, , , 3541.4760000000001128, 1, , , 3541.4760000000001128, 1
, , 3541.4800000000000182, 1, , , 3541.4800000000000182, 1, , , 3541.4800000000000182, 1, , , 3541.4800000000000182, 1
, , 3541.4859999999998763, 1, , , 3541.4859999999998763, 1, , , 3541.4859999999998763, 1, , , 3541.4859999999998763, 1
, , 3541.4909999999999854, 1, , , 3541.4909999999999854, 1, , , 3541.4909999999999854, 1, , , 3541.4909999999999854, 1
, , 3541.4960000000000946, 1, , , 3541.4960000000000946, 1, , , 3541.4960000000000946, 1, , , 3541.4960000000000946, 1
, , 3541.5, 1, , , 3541.5, 1, , , 3541.5, 1, , , 3541.5, 1
, , 3541.5050000000001091, 1, , , 3541.5050000000001091, 1, , , 3541.5050000000001091, 1, , , 3541.5050000000001091, 1
, , 3541.5109999999999673, 1, , , 3541.5109999999999673, 1, , , 3541.5109999999999673, 1, , , 3541.5109999999999673, 1
, , 3541.5160000000000764, 1, , , 3541.5160000000000764, 1, , , 3541.5160000000000764, 1, , , 3541.5160000000000764, 1
, , 3541.5199999999999818, 1, , , 3541.5199999999999818, 1, , , 3541.5199999999999818, 1, , , 3541.5199999999999818, 1
, , 3541.5259999999998399, 1, , , 3541.5259999999998399, 1, , , 3541.5259999999998399, 1, , , 3541.5259999999998399, 1
, , 3541.5300000000002001, 1, , , 3541.5300000000002001, 1, , , 3541.5300000000002001, 1, , , 3541.5300000000002001, 1
, , 3541.5349999999998545, 1, , , 3541.5349999999998545, 1, , , 3541.5349999999998545, 1, , , 3541.5349999999998545, 1
, , 3541.5430000000001201, 1, , , 3541.5430000000001201, 1, , , 3541.5430000000001201, 1, , , 3541.5430000000001201, 1
, , 3541.5450000000000728, 1, , , 3541.5450000000000728, 1, , , 3541.5450000000000728, 1, , , 3541.5450000000000728, 1
, , 3541.5500000000001819, 1, , , 3541.5500000000001819, 1, , , 3541.5500000000001819, 1, , , 3541.5500000000001819, 1
, , 3541.5549999999998363, 1, , , 3541.5549999999998363, 1, , , 3541.5549999999998363, 1, , , 3541.5549999999998363, 1
, , 3541.5599999999999454, 1, , , 3541.5599999999999454, 1, , , 3541.5599999999999454, 1, , , 3541.5599999999999454, 1
, , 3541.5650000000000546, 1, , , 3541.5650000000000546, 1, , , 3541.5650000000000546, 1, , , 3541.5650000000000546, 1
, , 3541.5700000000001637, 1, , , 3541.5700000000001637, 1, , , 3541.5700000000001637, 1, , , 3541.5700000000001637, 1
, , 3541.5749999999998181, 1, , , 3541.5749999999998181, 1, , , 3541.5749999999998181, 1, , , 3541.5749999999998181, 1
, , 3541.5799999999999272, 1, , , 3541.5799999999999272, 1, , , 3541.5799999999999272, 1, , , 3541.5799999999999272, 1
, , 3541.5850000000000364, 1, , , 3541.5850000000000364, 1, , , 3541.5850000000000364, 1, , , 3541.5850000000000364, 1
, , 3541.5889999999999418, 1, , , 3541.5889999999999418, 1, , , 3541.5889999999999418, 1, , , 3541.5889999999999418, 1
, , 3541.5949999999997999, 1, , , 3541.5949999999997999, 1, , , 3541.5949999999997999, 1, , , 3541.5949999999997999, 1
, , 3541.5999999999999091, 1, , , 3541.5999999999999091, 1, , , 3541.5999999999999091, 1, , , 3541.5999999999999091, 1
, , 3541.6060000000002219, 1, , , 3541.6060000000002219, 1, , , 3541.6060000000002219, 1, , , 3541.6060000000002219, 1
, , 3541.6100000000001273, 1, , , 3541.6100000000001273, 1, , , 3541.6100000000001273, 1, , , 3541.6100000000001273, 1
, , 3541.6149999999997817, 1, , , 3541.6149999999997817, 1, , , 3541.6149999999997817, 1, , , 3541.6149999999997817, 1
, , 3541.6199999999998909, 1, , , 3541.6199999999998909, 1, , , 3541.6199999999998909, 1, , , 3541.6199999999998909, 1
, , 3541.625, 1, , , 3541.625, 1, , , 3541.625, 1, , , 3541.625, 1
, , 3541.6300000000001091, 1, , , 3541.6300000000001091, 1, , , 3541.6300000000001091, 1, , , 3541.6300000000001091, 1
, , 3541.6350000000002183, 1, , , 3541.6350000000002183, 1, , , 3541.6350000000002183, 1, , , 3541.6350000000002183, 1
, , 3541.6399999999998727, 1, , , 3541.6399999999998727, 1, , , 3541.6399999999998727, 1, , , 3541.6399999999998727, 1
, , 3541.6460000000001855, 1, , , 3541.6460000000001855, 1, , , 3541.6460000000001855, 1, , , 3541.6460000000001855, 1
, , 3541.6500000000000909, 1, , , 3541.6500000000000909, 1, , , 3541.6500000000000909, 1, , , 3541.6500000000000909, 1
, , 3541.6559999999999491, 1, , , 3541.6559999999999491, 1, , , 3541.6559999999999491, 1, , , 3541.6559999999999491, 1
, , 3541.6610000000000582, 1, , , 3541.6610000000000582, 1, , , 3541.6610000000000582, 1, , , 3541.6610000000000582, 1
, , 3541.6649999999999636, 1, , , 3541.6649999999999636, 1, , , 3541.6649999999999636, 1, , , 3541.6649999999999636, 1
, , 3541.6700000000000728, 1, , , 3541.6700000000000728, 1, , , 3541.6700000000000728, 1, , , 3541.6700000000000728, 1
, , 3541.6750000000001819, 1, , , 3541.6750000000001819, 1, , , 3541.6750000000001819, 1, , , 3541.6750000000001819, 1
, , 3541.68100000000004, 1, , , 3541.68100000000004, 1, , , 3541.68100000000004, 1, , , 3541.68100000000004, 1
, , 3541.6849999999999454, 1, , , 3541.6849999999999454, 1, , , 3541.6849999999999454, 1, , , 3541.6849999999999454, 1
, , 3541.6909999999998035, 1, , , 3541.6909999999998035, 1, , , 3541.6909999999998035, 1, , , 3541.6909999999998035, 1
, , 3541.6950000000001637, 1, , , 3541.6950000000001637, 1, , , 3541.6950000000001637, 1, , , 3541.6950000000001637, 1
, , 3541.6999999999998181, 1, , , 3541.6999999999998181, 1, , , 3541.6999999999998181, 1, , , 3541.6999999999998181, 1
, , 3541.7040000000001783, 1, , , 3541.7040000000001783, 1, , , 3541.7040000000001783, 1, , , 3541.7040000000001783, 1
, , 3541.7100000000000364, 1, , , 3541.7100000000000364, 1, , , 3541.7100000000000364, 1, , , 3541.7100000000000364, 1
, , 3541.7150000000001455, 1, , , 3541.7150000000001455, 1, , , 3541.7150000000001455, 1, , , 3541.7150000000001455, 1
, , 3541.7210000000000036, 1, , , 3541.7210000000000036, 1, , , 3541.7210000000000036, 1, , , 3541.7210000000000036, 1
, , 3541.7249999999999091, 1, , , 3541.7249999999999091, 1, , , 3541.7249999999999091, 1, , , 3541.7249999999999091, 1
, , 3541.7300000000000182, 1, , , 3541.7300000000000182, 1, , , 3541.7300000000000182, 1, , , 3541.7300000000000182, 1
, , 3541.7350000000001273, 1, , , 3541.7350000000001273, 1, , , 3541.7350000000001273, 1, , , 3541.7350000000001273, 1
, , 3541.7399999999997817, 1, , , 3541.7399999999997817, 1, , , 3541.7399999999997817, 1, , , 3541.7399999999997817, 1
, , 3541.7449999999998909, 1, , , 3541.7449999999998909, 1, , , 3541.7449999999998909, 1, , , 3541.7449999999998909, 1
, , 3541.75, 1, , , 3541.75, 1, , , 3541.75, 1, , , 3541.75, 1
, , 3541.7550000000001091, 1, , , 3541.7550000000001091, 1, , , 3541.7550000000001091, 1, , , 3541.7550000000001091, 1
, , 3541.7600000000002183, 1, , , 3541.7600000000002183, 1, , , 3541.7600000000002183, 1, , , 3541.7600000000002183, 1
, , 3541.7649999999998727, 1, , , 3541.7649999999998727, 1, , , 3541.7649999999998727, 1, , , 3541.7649999999998727, 1
, , 3541.7699999999999818, 1, , , 3541.7699999999999818, 1, , , 3541.7699999999999818, 1, , , 3541.7699999999999818, 1
, , 3541.7759999999998399, 1, , , 3541.7759999999998399, 1, , , 3541.7759999999998399, 1, , , 3541.7759999999998399, 1
, , 3541.7800000000002001, 1, , , 3541.7800000000002001, 1, , , 3541.7800000000002001, 1, , , 3541.7800000000002001, 1
, , 3541.7860000000000582, 1, , , 3541.7860000000000582, 1, , , 3541.7860000000000582, 1, , , 3541.7860000000000582, 1
, , 3541.7899999999999636, 1, , , 3541.7899999999999636, 1, , , 3541.7899999999999636, 1, , , 3541.7899999999999636, 1
, , 3541.7950000000000728, 1, , , 3541.7950000000000728, 1, , , 3541.7950000000000728, 1, , , 3541.7950000000000728, 1
, , 3541.8000000000001819, 1, , , 3541.8000000000001819, 1, , , 3541.8000000000001819, 1, , , 3541.8000000000001819, 1
, , 3541.8040000000000873, 1, , , 3541.8040000000000873, 1, , , 3541.8040000000000873, 1, , , 3541.8040000000000873, 1
, , 3541.8099999999999454, 1, , , 3541.8099999999999454, 1, , , 3541.8099999999999454, 1, , , 3541.8099999999999454, 1
, , 3541.8150000000000546, 1, , , 3541.8150000000000546, 1, , , 3541.8150000000000546, 1, , , 3541.8150000000000546, 1
, , 3541.8200000000001637, 1, , , 3541.8200000000001637, 1, , , 3541.8200000000001637, 1, , , 3541.8200000000001637, 1
, , 3541.8249999999998181, 1, , , 3541.8249999999998181, 1, , , 3541.8249999999998181, 1, , , 3541.8249999999998181, 1
, , 3541.8299999999999272, 1, , , 3541.8299999999999272, 1, , , 3541.8299999999999272, 1, , , 3541.8299999999999272, 1
, , 3541.8339999999998327, 1, , , 3541.8339999999998327, 1, , , 3541.8339999999998327, 1, , , 3541.8339999999998327, 1
, , 3541.8409999999998945, 1, , , 3541.8409999999998945, 1, , , 3541.8409999999998945, 1, , , 3541.8409999999998945, 1
, , 3541.8460000000000036, 1, , , 3541.8460000000000036, 1, , , 3541.8460000000000036, 1, , , 3541.8460000000000036, 1
, , 3541.8499999999999091, 1, , , 3541.8499999999999091, 1, , , 3541.8499999999999091, 1, , , 3541.8499999999999091, 1
, , 3541.8550000000000182, 1, , , 3541.8550000000000182, 1, , , 3541.8550000000000182, 1, , , 3541.8550000000000182, 1
, , 3541.8600000000001273, 1, , , 3541.8600000000001273, 1, , , 3541.8600000000001273, 1, , , 3541.8600000000001273, 1
, , 3541.8640000000000327, 1, , , 3541.8640000000000327, 1, , , 3541.8640000000000327, 1, , , 3541.8640000000000327, 1
, , 3541.8699999999998909, 1, , , 3541.8699999999998909, 1, , , 3541.8699999999998909, 1, , , 3541.8699999999998909, 1
, , 3541.875, 1, , , 3541.875, 1, , , 3541.875, 1, , , 3541.875, 1
, , 3541.8800000000001091, 1, , , 3541.8800000000001091, 1, , , 3541.8800000000001091, 1, , , 3541.8800000000001091, 1
, , 3541.8850000000002183, 1, , , 3541.8850000000002183, 1, , , 3541.8850000000002183, 1, , , 3541.8850000000002183, 1
, , 3541.8899999999998727, 1, , , 3541.8899999999998727, 1, , , 3541.8899999999998727, 1, , , 3541.8899999999998727, 1
, , 3541.8949999999999818, 1, , , 3541.8949999999999818, 1, , , 3541.8949999999999818, 1, , , 3541.8949999999999818, 1
, , 3541.9009999999998399, 1, , , 3541.9009999999998399, 1, , , 3541.9009999999998399, 1, , , 3541.9009999999998399, 1
, , 3541.9039999999999964, 1, , , 3541.9039999999999964, 1, , , 3541.9039999999999964, 1, , , 3541.9039999999999964, 1
, , 3541.9110000000000582, 1, , , 3541.9110000000000582, 1, , , 3541.9110000000000582, 1, , , 3541.9110000000000582, 1
, , 3541.9140000000002146, 1, , , 3541.9140000000002146, 1, , , 3541.9140000000002146, 1, , , 3541.9140000000002146, 1
, , 3541.9200000000000728, 1, , , 3541.9200000000000728, 1, , , 3541.9200000000000728, 1, , , 3541.9200000000000728, 1
, , 3541.9250000000001819, 1, , , 3541.9250000000001819, 1, , , 3541.9250000000001819, 1, , , 3541.9250000000001819, 1
, , 3541.9299999999998363, 1, , , 3541.9299999999998363, 1, , , 3541.9299999999998363, 1, , , 3541.9299999999998363, 1
, , 3541.9360000000001492, 1, , , 3541.9360000000001492, 1, , , 3541.9360000000001492, 1, , , 3541.9360000000001492, 1
, , 3541.9400000000000546, 1, , , 3541.9400000000000546, 1, , , 3541.9400000000000546, 1, , , 3541.9400000000000546, 1
, , 3541.9470000000001164, 1, , , 3541.9470000000001164, 1, , , 3541.9470000000001164, 1, , , 3541.9470000000001164, 1
, , 3541.9499999999998181, 1, , , 3541.9499999999998181, 1, , , 3541.9499999999998181, 1, , , 3541.9499999999998181, 1
, , 3541.956000000000131, 1, , , 3541.956000000000131, 1, , , 3541.956000000000131, 1, , , 3541.956000000000131, 1
, , 3541.9600000000000364, 1, , , 3541.9600000000000364, 1, , , 3541.9600000000000364, 1, , , 3541.9600000000000364, 1
, , 3541.9650000000001455, 1, , , 3541.9650000000001455, 1, , , 3541.9650000000001455, 1, , , 3541.9650000000001455, 1
, , 3541.9710000000000036, 1, , , 3541.9710000000000036, 1, , , 3541.9710000000000036, 1, , , 3541.9710000000000036, 1
, , 3541.9760000000001128, 1, , , 3541.9760000000001128, 1, , , 3541.9760000000001128, 1, , , 3541.9760000000001128, 1
, , 3541.9800000000000182, 1, , , 3541.9800000000000182, 1, , , 3541.9800000000000182, 1, , , 3541.9800000000000182, 1
, , 3541.9850000000001273, 1, , , 3541.9850000000001273, 1, , , 3541.9850000000001273, 1, , , 3541.9850000000001273, 1
, , 3541.9899999999997817, 1, , , 3541.9899999999997817, 1, , , 3541.9899999999997817, 1, , , 3541.9899999999997817, 1
, , 3541.9969999999998436, 1, , , 3541.9969999999998436, 1, , , 3541.9969999999998436, 1, , , 3541.9969999999998436, 1
, , 3542, 1, , , 3542, 1, , , 3542, 1, , , 3542, 1
, , 3542.0059999999998581, 1, , , 3542.0059999999998581, 1, , , 3542.0059999999998581, 1, , , 3542.0059999999998581, 1
, , 3542.0100000000002183, 1, , , 3542.0100000000002183, 1, , , 3542.0100000000002183, 1, , , 3542.0100000000002183, 1
, , 3542.0149999999998727, 1, , , 3542.0149999999998727, 1, , , 3542.0149999999998727, 1, , , 3542.0149999999998727, 1
, , 3542.0199999999999818, 1, , , 3542.0199999999999818, 1, , , 3542.0199999999999818, 1, , , 3542.0199999999999818, 1
, , 3542.0259999999998399, 1, , , 3542.0259999999998399, 1, , , 3542.0259999999998399, 1, , , 3542.0259999999998399, 1
, , 3542.0300000000002001, 1, , , 3542.0300000000002001, 1, , , 3542.0300000000002001, 1, , , 3542.0300000000002001, 1
, , 3542.0349999999998545, 1, , , 3542.0349999999998545, 1, , , 3542.0349999999998545, 1, , , 3542.0349999999998545, 1
, , 3542.0399999999999636, 1, , , 3542.0399999999999636, 1, , , 3542.0399999999999636, 1, , , 3542.0399999999999636, 1
