# /gazebo_leg_forces_components/recceipt_time, /gazebo_leg_forces_components/reaction_forces/0/wrench/force/z, /foot_contacts/recceipt_time, /foot_contacts/contacts/0, /gazebo_leg_forces_components/recceipt_time, /gazebo_leg_forces_components/reaction_forces/1/wrench/force/z, /foot_contacts/recceipt_time, /foot_contacts/contacts/1, /gazebo_leg_forces_components/recceipt_time, /gazebo_leg_forces_components/reaction_forces/2/wrench/force/z, /foot_contacts/recceipt_time, /foot_contacts/contacts/2, /gazebo_leg_forces_components/recceipt_time, /gazebo_leg_forces_components/reaction_forces/3/wrench/force/z, /foot_contacts/recceipt_time, /foot_contacts/contacts/3
3282.0900000000001455, 57.693483341276163401, 3282.0779999999999745, 1, 3282.0900000000001455, 62.879336919360525826, 3282.0779999999999745, 1, 3282.0900000000001455, 45.532923585823510848, 3282.0779999999999745, 1, 3282.0900000000001455, 37.799319195153586293, 3282.0779999999999745, 1
3282.1399999999998727, 58.324711745195571666, 3282.0830000000000837, 1, 3282.1399999999998727, 62.870397116175155361, 3282.0830000000000837, 1, 3282.1399999999998727, 45.562858178979141144, 3282.0830000000000837, 1, 3282.1399999999998727, 38.014232867103430635, 3282.0830000000000837, 1
3282.2390000000000327, 57.693914423767097333, 3282.0880000000001928, 1, 3282.2390000000000327, 62.87946737229811589, 3282.0880000000001928, 1, 3282.2390000000000327, 45.562786410691799688, 3282.0880000000001928, 1, 3282.2390000000000327, 37.799402571182881161, 3282.0880000000001928, 1
3282.3400000000001455, 58.324853399685054001, 3282.0929999999998472, 1, 3282.3400000000001455, 62.870287466545555333, 3282.0929999999998472, 1, 3282.3400000000001455, 45.56266090042804251, 3282.0929999999998472, 1, 3282.3400000000001455, 38.014244896581985245, 3282.0929999999998472, 1
3282.3400000000001455, 58.324975065430095356, 3282.0979999999999563, 1, 3282.3400000000001455, 62.870321188812681612, 3282.0979999999999563, 1, 3282.3400000000001455, 45.562614816340904156, 3282.0979999999999563, 1, 3282.3400000000001455, 38.014279024144535413, 3282.0979999999999563, 1
3282.4389999999998508, 58.325006239645475148, 3282.1039999999998145, 1, 3282.4389999999998508, 62.870271008158141512, 3282.1039999999998145, 1, 3282.4389999999998508, 45.562546265504607845, 3282.1039999999998145, 1, 3282.4389999999998508, 38.01427919635796826, 3282.1039999999998145, 1
3282.4400000000000546, 58.325129077435448721, 3282.1089999999999236, 1, 3282.4400000000000546, 62.870305054849062287, 3282.1089999999999236, 1, 3282.4400000000000546, 45.562499732590069357, 3282.1089999999999236, 1, 3282.4400000000000546, 38.014302232690738492, 3282.1089999999999236, 1
3282.5399999999999636, 58.325122510566544065, 3282.11200000000008, 1, 3282.5399999999999636, 62.870220240922712662, 3282.11200000000008, 1, 3282.5399999999999636, 45.562422152442394463, 3282.11200000000008, 1, 3282.5399999999999636, 38.014292983162462747, 3282.11200000000008, 1
3282.5399999999999636, 58.325245296380458626, 3282.1179999999999382, 1, 3282.5399999999999636, 62.870254276447660402, 3282.1179999999999382, 1, 3282.5399999999999636, 45.562375637385571281, 3282.1179999999999382, 1, 3282.5399999999999636, 38.014316001375519249, 3282.1179999999999382, 1
3282.6399999999998727, 57.69505467958832412, 3282.1230000000000473, 1, 3282.6399999999998727, 62.87981340514132711, 3282.1230000000000473, 1, 3282.6399999999998727, 45.532397647094590809, 3282.1230000000000473, 1, 3282.6399999999998727, 37.799621933732403534, 3282.1230000000000473, 1
3282.6900000000000546, 58.32536148618997629, 3282.1289999999999054, 1, 3282.6900000000000546, 62.870203546555742946, 3282.1289999999999054, 1, 3282.6900000000000546, 45.562252060438311219, 3282.1289999999999054, 1, 3282.6900000000000546, 38.014329980584214752, 3282.1289999999999054, 1
3282.6900000000000546, 58.325484185271506021, 3282.1329999999998108, 1, 3282.6900000000000546, 62.870237556568639548, 3282.1329999999998108, 1, 3282.6900000000000546, 45.562205105297017838, 3282.1329999999998108, 1, 3282.6900000000000546, 38.014352969497949175, 3282.1329999999998108, 1
3282.7420000000001892, 58.325526093262467953, 3282.13799999999992, 1, 3282.7420000000001892, 62.870197368620537759, 3282.13799999999992, 1, 3282.7420000000001892, 45.562139236418914834, 3282.13799999999992, 1, 3282.7420000000001892, 38.014355798153289356, 3282.13799999999992, 1
3282.7890000000002146, 58.325605675957646667, 3282.1430000000000291, 1, 3282.7890000000002146, 62.87019180786204231, 3282.1430000000000291, 1, 3282.7890000000002146, 45.562082891152840602, 3282.1430000000000291, 1, 3282.7890000000002146, 38.014367794333367101, 3282.1430000000000291, 1
3282.8890000000001237, 57.695766098722131687, 3282.1469999999999345, 1, 3282.8890000000001237, 62.880029170198916688, 3282.1469999999999345, 1, 3282.8890000000001237, 45.532158609731567367, 3282.1469999999999345, 1, 3282.8890000000001237, 37.799758840648479463, 3282.1469999999999345, 1
3282.8910000000000764, 57.695908268163222488, 3282.1550000000002001, 1, 3282.8910000000000764, 62.880072276630848194, 3282.1550000000002001, 1, 3282.8910000000000764, 45.532110919087841694, 3282.1550000000002001, 1, 3282.8910000000000764, 37.799786188274580923, 3282.1550000000002001, 1
3282.9389999999998508, 57.696050399494382077, 3282.1579999999999018, 1, 3282.9389999999998508, 62.880115367549315408, 3282.1579999999999018, 1, 3282.9389999999998508, 45.532063712407691014, 3282.1579999999999018, 1, 3282.9389999999998508, 37.799813251276560777, 3282.1579999999999018, 1
3282.9890000000000327, 58.325875431774136359, 3282.1649999999999636, 1, 3282.9890000000000327, 62.87012512963585209, 3282.1649999999999636, 1, 3282.9890000000000327, 45.561844141400271724, 3282.1649999999999636, 1, 3282.9890000000000327, 38.014404319791374576, 3282.1649999999999636, 1
3283.0889999999999418, 57.696334547878024068, 3282.1680000000001201, 1, 3283.0889999999999418, 62.880201502868374064, 3282.1680000000001201, 1, 3283.0889999999999418, 45.53196836667338232, 3282.1680000000001201, 1, 3283.0889999999999418, 37.799868163463742121, 3282.1680000000001201, 1
3283.1399999999998727, 57.696476564951041155, 3282.1729999999997744, 1, 3283.1399999999998727, 62.880244547279403378, 3282.1729999999997744, 1, 3283.1399999999998727, 45.53192070450012352, 3282.1729999999997744, 1, 3283.1399999999998727, 37.799895739024151453, 3282.1729999999997744, 1
3283.1889999999998508, 57.696618543957455927, 3282.1779999999998836, 1, 3283.1889999999998508, 62.880287576196053578, 3282.1779999999998836, 1, 3283.1889999999998508, 45.531872572954789291, 3282.1779999999998836, 1, 3283.1889999999998508, 37.799923030235710542, 3282.1779999999998836, 1
3283.1909999999998035, 57.696760484904302757, 3282.1829999999999927, 1, 3283.1909999999998035, 62.880330589627973836, 3282.1829999999999927, 1, 3283.1909999999998035, 45.531824925087484246, 3282.1829999999999927, 1, 3283.1909999999998035, 37.799950310204557979, 3282.1829999999999927, 1
3283.2390000000000327, 57.696900969026188477, 3282.1909999999998035, 1, 3283.2390000000000327, 62.880373587577850003, 3282.1909999999998035, 1, 3283.2390000000000327, 45.531777760757066176, 3282.1909999999998035, 1, 3283.2390000000000327, 37.799977306318183423, 3282.1909999999998035, 1
3283.2899999999999636, 88.239115556749226243, 3282.19399999999996, 1, 3283.2899999999999636, 52.103004492438280693, 3282.19399999999996, 1, 3283.2899999999999636, 37.367753549101557553, 3282.19399999999996, 1, 3283.2899999999999636, 74.480038798212490292, 3282.19399999999996, 1
3283.3400000000001455, 84.615837770019240338, 3282.1979999999998654, 1, 3283.3400000000001455, 0, 3282.1979999999998654, 1, 3283.3400000000001455, 0, 3282.1979999999998654, 1, 3283.3400000000001455, 125.19861840054366553, 3282.1979999999998654, 1
3283.3899999999998727, 69.530806509969181661, 3282.2040000000001783, 1, 3283.3899999999998727, 0, 3282.2040000000001783, 1, 3283.3899999999998727, 163.13373063523576434, 3282.2040000000001783, 1, 3283.3899999999998727, 96.099265725961345197, 3282.2040000000001783, 1
3283.4890000000000327, 59.797905491962595192, 3282.2080000000000837, 1, 3283.4890000000000327, 11.898905754021399162, 3282.2080000000000837, 1, 3283.4890000000000327, 39.108487484519287136, 3282.2080000000000837, 1, 3283.4890000000000327, 50.293317783179816161, 3282.2080000000000837, 1
3283.4890000000000327, 50.961671376063392813, 3282.2130000000001928, 1, 3283.4890000000000327, 48.24930103840056006, 3282.2130000000001928, 1, 3283.4890000000000327, 72.525086376555520928, 3282.2130000000001928, 1, 3283.4890000000000327, 47.557026714354520891, 3282.2130000000001928, 1
3283.5390000000002146, 0, 3282.2179999999998472, 1, 3283.5390000000002146, 116.82922134686450022, 3282.2179999999998472, 1, 3283.5390000000002146, 89.177477789753055504, 3282.2179999999998472, 1, 3283.5390000000002146, 0, 3282.2179999999998472, 1
3283.5909999999998945, 0, 3282.2240000000001601, 1, 3283.5909999999998945, 112.78523289979074207, 3282.2240000000001601, 1, 3283.5909999999998945, 92.296859888533731464, 3282.2240000000001601, 1, 3283.5909999999998945, 0, 3282.2240000000001601, 1
3283.6900000000000546, 0, 3282.2280000000000655, 1, 3283.6900000000000546, 104.79594249902666547, 3282.2280000000000655, 1, 3283.6900000000000546, 96.140132134809547892, 3282.2280000000000655, 1, 3283.6900000000000546, 0, 3282.2280000000000655, 1
3283.6900000000000546, 0, 3282.2330000000001746, 1, 3283.6900000000000546, 99.771209716189076744, 3282.2330000000001746, 1, 3283.6900000000000546, 109.05498542752079061, 3282.2330000000001746, 1, 3283.6900000000000546, 0, 3282.2330000000001746, 1
3283.7399999999997817, 98.365222886126502999, 3282.237999999999829, 1, 3283.7399999999997817, 35.886605647121029961, 3282.237999999999829, 1, 3283.7399999999997817, 28.068615883227163721, 3282.237999999999829, 1, 3283.7399999999997817, 82.291273680779426059, 3282.237999999999829, 1
3283.7899999999999636, 53.843333517722385295, 3282.2429999999999382, 1, 3283.7899999999999636, 74.634038204631337976, 3282.2429999999999382, 1, 3283.7899999999999636, 51.673006127105011842, 3282.2429999999999382, 1, 3283.7899999999999636, 35.36467350924066011, 3282.2429999999999382, 1
3283.8400000000001455, 105.27931510614639876, 3282.2480000000000473, 1, 3283.8400000000001455, 0, 3282.2480000000000473, 1, 3283.8400000000001455, 0, 3282.2480000000000473, 1, 3283.8400000000001455, 67.618696655194767686, 3282.2480000000000473, 1
3283.9400000000000546, 121.18123088120682951, 3282.2530000000001564, 1, 3283.9400000000000546, 0, 3282.2530000000001564, 1, 3283.9400000000000546, 0, 3282.2530000000001564, 1, 3283.9400000000000546, 79.349471007272725842, 3282.2530000000001564, 1
3283.9409999999998035, 109.11353319975103204, 3282.2579999999998108, 1, 3283.9409999999998035, 0, 3282.2579999999998108, 1, 3283.9409999999998035, 0, 3282.2579999999998108, 1, 3283.9409999999998035, 95.388489917717407707, 3282.2579999999998108, 1
3283.9899999999997817, 105.43985742549574525, 3282.2649999999998727, 1, 3283.9899999999997817, 0, 3282.2649999999998727, 1, 3283.9899999999997817, 0, 3282.2649999999998727, 1, 3283.9899999999997817, 106.22960048010764922, 3282.2649999999998727, 1
3284.0900000000001455, 52.785268297653125558, 3282.2680000000000291, 1, 3284.0900000000001455, 181.23862134401619528, 3282.2680000000000291, 1, 3284.0900000000001455, 95.543013230346403475, 3282.2680000000000291, 1, 3284.0900000000001455, 91.654860274499782236, 3282.2680000000000291, 1
3284.1390000000001237, 71.038305323795640334, 3282.2739999999998872, 1, 3284.1390000000001237, 43.093127585543669511, 3282.2739999999998872, 1, 3284.1390000000001237, 25.338717668316398601, 3282.2739999999998872, 1, 3284.1390000000001237, 40.166772431678033684, 3282.2739999999998872, 1
3284.1399999999998727, 62.536173227717569034, 3282.2789999999999964, 1, 3284.1399999999998727, 82.773305960587720165, 3282.2789999999999964, 1, 3284.1399999999998727, 62.656178245197637011, 3282.2789999999999964, 1, 3284.1399999999998727, 44.77383091188865194, 3282.2789999999999964, 1
3284.1900000000000546, 0, 3282.2849999999998545, 1, 3284.1900000000000546, 121.2368259664423249, 3282.2849999999998545, 1, 3284.1900000000000546, 75.1779196572780819, 3282.2849999999998545, 1, 3284.1900000000000546, 0, 3282.2849999999998545, 1
3284.2390000000000327, 0, 3282.2890000000002146, 1, 3284.2390000000000327, 114.77192867701350565, 3282.2890000000002146, 1, 3284.2390000000000327, 89.90716025231392905, 3282.2890000000002146, 1, 3284.2390000000000327, 0, 3282.2890000000002146, 1
3284.3389999999999418, 0, 3282.2930000000001201, 1, 3284.3389999999999418, 102.05796291602035808, 3282.2930000000001201, 1, 3284.3389999999999418, 97.627305976138273991, 3282.2930000000001201, 1, 3284.3389999999999418, 0, 3282.2930000000001201, 1
3284.3400000000001455, 303.84406099793193334, 3282.2989999999999782, 1, 3284.3400000000001455, 77.563784726213938825, 3282.2989999999999782, 1, 3284.3400000000001455, 113.33121293923912276, 3282.2989999999999782, 1, 3284.3400000000001455, 0, 3282.2989999999999782, 1
3284.3899999999998727, 68.049951786078210603, 3282.3040000000000873, 1, 3284.3899999999998727, 0.36496874891674696562, 3282.3040000000000873, 1, 3284.3899999999998727, 50.203778970472967558, 3282.3040000000000873, 1, 3284.3899999999998727, 42.899892665011897464, 3282.3040000000000873, 1
3284.4899999999997817, 66.362400216783385076, 3282.3079999999999927, 1, 3284.4899999999997817, 61.711980185054841286, 3282.3079999999999927, 1, 3284.4899999999997817, 57.707070990338074523, 3282.3079999999999927, 1, 3284.4899999999997817, 26.392295447806787934, 3282.3079999999999927, 1
3284.4899999999997817, 98.660424164049203455, 3282.3130000000001019, 1, 3284.4899999999997817, 0, 3282.3130000000001019, 1, 3284.4899999999997817, 0, 3282.3130000000001019, 1, 3284.4899999999997817, 69.937653603256308088, 3282.3130000000001019, 1
3284.5390000000002146, 116.83217265945893359, 3282.318000000000211, 1, 3284.5390000000002146, 0, 3282.318000000000211, 1, 3284.5390000000002146, 0, 3282.318000000000211, 1, 3284.5390000000002146, 83.92232474737969028, 3282.318000000000211, 1
3284.6399999999998727, 109.07820749743046918, 3282.3229999999998654, 1, 3284.6399999999998727, 0, 3282.3229999999998654, 1, 3284.6399999999998727, 0, 3282.3229999999998654, 1, 3284.6399999999998727, 100.64462872663405335, 3282.3229999999998654, 1
3284.6399999999998727, 103.12890676157471148, 3282.3279999999999745, 1, 3284.6399999999998727, 0, 3282.3279999999999745, 1, 3284.6399999999998727, 0, 3282.3279999999999745, 1, 3284.6399999999998727, 111.61769105117770096, 3282.3279999999999745, 1
3284.6889999999998508, 73.747121472297934019, 3282.3330000000000837, 1, 3284.6889999999998508, 200.15076654832060399, 3282.3330000000000837, 1, 3284.6889999999998508, 165.88742809686937107, 3282.3330000000000837, 1, 3284.6889999999998508, 84.174806091499931426, 3282.3330000000000837, 1
3284.7409999999999854, 46.611009862038486062, 3282.3380000000001928, 1, 3284.7409999999999854, 32.722332480269841426, 3282.3380000000001928, 1, 3284.7409999999999854, 24.883761776023188617, 3282.3380000000001928, 1, 3284.7409999999999854, 46.270277945968423694, 3282.3380000000001928, 1
3284.8400000000001455, 52.403934195178159428, 3282.3429999999998472, 1, 3284.8400000000001455, 80.790815312626889977, 3282.3429999999998472, 1, 3284.8400000000001455, 56.465079872593868515, 3282.3429999999998472, 1, 3284.8400000000001455, 44.366420659297673978, 3282.3429999999998472, 1
3284.8899999999998727, 0, 3282.3479999999999563, 1, 3284.8899999999998727, 127.46838958689728827, 3282.3479999999999563, 1, 3284.8899999999998727, 71.370258138657248992, 3282.3479999999999563, 1, 3284.8899999999998727, 0, 3282.3479999999999563, 1
3284.9400000000000546, 0, 3282.3539999999998145, 1, 3284.9400000000000546, 119.99375979051271202, 3282.3539999999998145, 1, 3284.9400000000000546, 80.216397312523454843, 3282.3539999999998145, 1, 3284.9400000000000546, 0, 3282.3539999999998145, 1
3284.9400000000000546, 0, 3282.3589999999999236, 1, 3284.9400000000000546, 108.99889282110200384, 3282.3589999999999236, 1, 3284.9400000000000546, 95.574845424260672644, 3282.3589999999999236, 1, 3284.9400000000000546, 0, 3282.3589999999999236, 1
3285.0399999999999636, 317.338219667213707, 3282.3640000000000327, 1, 3285.0399999999999636, 88.944979003126178441, 3282.3640000000000327, 1, 3285.0399999999999636, 107.77498566484581488, 3282.3640000000000327, 1, 3285.0399999999999636, 0, 3282.3640000000000327, 1
3285.0399999999999636, 90.483958702258973972, 3282.3679999999999382, 1, 3285.0399999999999636, 6.015320373820372879, 3282.3679999999999382, 1, 3285.0399999999999636, 59.992960451725537041, 3282.3679999999999382, 1, 3285.0399999999999636, 49.127353558333716421, 3282.3679999999999382, 1
3285.0909999999998945, 63.942001555642761446, 3282.3730000000000473, 1, 3285.0909999999998945, 65.674822514594424661, 3282.3730000000000473, 1, 3285.0909999999998945, 55.327612914129076671, 3282.3730000000000473, 1, 3285.0909999999998945, 32.307113402467564356, 3282.3730000000000473, 1
3285.1900000000000546, 97.791540109968622119, 3282.3780000000001564, 1, 3285.1900000000000546, 0, 3282.3780000000001564, 1, 3285.1900000000000546, 0, 3282.3780000000001564, 1, 3285.1900000000000546, 68.659963980984514365, 3282.3780000000001564, 1
3285.1900000000000546, 116.92243645727842249, 3282.3829999999998108, 1, 3285.1900000000000546, 0, 3282.3829999999998108, 1, 3285.1900000000000546, 0, 3282.3829999999998108, 1, 3285.1900000000000546, 81.554952947689258735, 3282.3829999999998108, 1
3285.2399999999997817, 108.70210208860382295, 3282.38799999999992, 1, 3285.2399999999997817, 0, 3282.38799999999992, 1, 3285.2399999999997817, 0, 3282.38799999999992, 1, 3285.2399999999997817, 97.338911712107915264, 3282.38799999999992, 1
3285.2899999999999636, 103.40156796099205394, 3282.3930000000000291, 1, 3285.2899999999999636, 0, 3282.3930000000000291, 1, 3285.2899999999999636, 0, 3282.3930000000000291, 1, 3285.2899999999999636, 109.52269240361019342, 3282.3930000000000291, 1
3285.3420000000000982, 72.89161799470603853, 3282.3980000000001382, 1, 3285.3420000000000982, 199.83458581287166567, 3282.3980000000001382, 1, 3285.3420000000000982, 146.17675347108553296, 3282.3980000000001382, 1, 3285.3420000000000982, 89.655505104530149652, 3282.3980000000001382, 1
3285.4389999999998508, 53.056945284899462933, 3282.4039999999999964, 1, 3285.4389999999998508, 32.547669658526523051, 3282.4039999999999964, 1, 3285.4389999999998508, 26.162782645510837654, 3282.4039999999999964, 1, 3285.4389999999998508, 42.94843331899777894, 3282.4039999999999964, 1
3285.4389999999998508, 54.3480698565214837, 3282.4079999999999018, 1, 3285.4389999999998508, 76.641409522599289517, 3282.4079999999999018, 1, 3285.4389999999998508, 56.37989383580342917, 3282.4079999999999018, 1, 3285.4389999999998508, 43.958585974555411724, 3282.4079999999999018, 1
3285.4909999999999854, 0, 3282.4130000000000109, 1, 3285.4909999999999854, 126.86221303957896112, 3282.4130000000000109, 1, 3285.4909999999999854, 70.989351053931628144, 3282.4130000000000109, 1, 3285.4909999999999854, 0, 3282.4130000000000109, 1
3285.5399999999999636, 0, 3282.4180000000001201, 1, 3285.5399999999999636, 120.11801314670462659, 3282.4180000000001201, 1, 3285.5399999999999636, 82.225541891459243971, 3282.4180000000001201, 1, 3285.5399999999999636, 0, 3282.4180000000001201, 1
3285.6390000000001237, 0, 3282.4229999999997744, 1, 3285.6390000000001237, 107.62587909960143406, 3282.4229999999997744, 1, 3285.6390000000001237, 93.47373659937836976, 3282.4229999999997744, 1, 3285.6390000000001237, 0, 3282.4229999999997744, 1
3285.6889999999998508, 319.49776911354331332, 3282.4279999999998836, 1, 3285.6889999999998508, 88.381276945847986326, 3282.4279999999998836, 1, 3285.6889999999998508, 106.92994117940175158, 3282.4279999999998836, 1, 3285.6889999999998508, 0, 3282.4279999999998836, 1
3285.6889999999998508, 94.559492277379050051, 3282.4329999999999927, 1, 3285.6889999999998508, 6.5771041035820996257, 3282.4329999999999927, 1, 3285.6889999999998508, 62.190125286775320035, 3282.4329999999999927, 1, 3285.6889999999998508, 43.693636876195597551, 3282.4329999999999927, 1
3285.7409999999999854, 63.450381002107391737, 3282.4380000000001019, 1, 3285.7409999999999854, 70.258840370088847749, 3282.4380000000001019, 1, 3285.7409999999999854, 56.046605990427401878, 3282.4380000000001019, 1, 3285.7409999999999854, 32.224578039416414299, 3282.4380000000001019, 1
3285.7890000000002146, 96.568326591819527493, 3282.4409999999998035, 1, 3285.7890000000002146, 0, 3282.4409999999998035, 1, 3285.7890000000002146, 0, 3282.4409999999998035, 1, 3285.7890000000002146, 67.186564574729743526, 3282.4409999999998035, 1
3285.8949999999999818, 115.82570812629292334, 3282.4479999999998654, 1, 3285.8949999999999818, 0, 3282.4479999999998654, 1, 3285.8949999999999818, 0, 3282.4479999999998654, 1, 3285.8949999999999818, 79.858087754300996153, 3282.4479999999998654, 1
3285.8949999999999818, 108.77018408137689676, 3282.4529999999999745, 1, 3285.8949999999999818, 0, 3282.4529999999999745, 1, 3285.8949999999999818, 0, 3282.4529999999999745, 1, 3285.8949999999999818, 96.958275307130008969, 3282.4529999999999745, 1
3285.9400000000000546, 101.91234322855177652, 3282.4580000000000837, 1, 3285.9400000000000546, 0, 3282.4580000000000837, 1, 3285.9400000000000546, 0, 3282.4580000000000837, 1, 3285.9400000000000546, 105.5854057687853782, 3282.4580000000000837, 1
3285.987999999999829, 73.075794670864979707, 3282.4630000000001928, 1, 3285.987999999999829, 199.17863223710929788, 3282.4630000000001928, 1, 3285.987999999999829, 140.0380915721634949, 3282.4630000000001928, 1, 3285.987999999999829, 89.831155272437030135, 3282.4630000000001928, 1
3286.0390000000002146, 46.869385707415503362, 3282.4679999999998472, 1, 3286.0390000000002146, 33.6147789059885298, 3282.4679999999998472, 1, 3286.0390000000002146, 27.960729969502693848, 3282.4679999999998472, 1, 3286.0390000000002146, 46.919409082224554197, 3282.4679999999998472, 1
3286.1399999999998727, 52.077240963528893758, 3282.4729999999999563, 1, 3286.1399999999998727, 80.278384486275214726, 3282.4729999999999563, 1, 3286.1399999999998727, 55.816092170424738583, 3282.4729999999999563, 1, 3286.1399999999998727, 42.611409065186613532, 3282.4729999999999563, 1
3286.1900000000000546, 0, 3282.4780000000000655, 1, 3286.1900000000000546, 126.21711585071417971, 3282.4780000000000655, 1, 3286.1900000000000546, 71.643419119746113211, 3282.4780000000000655, 1, 3286.1900000000000546, 0, 3282.4780000000000655, 1
3286.2399999999997817, 0, 3282.4830000000001746, 1, 3286.2399999999997817, 119.38954639844867245, 3282.4830000000001746, 1, 3286.2399999999997817, 84.16612986287080389, 3282.4830000000001746, 1, 3286.2399999999997817, 0, 3282.4830000000001746, 1
3286.2890000000002146, 0, 3282.4859999999998763, 1, 3286.2890000000002146, 105.43331402198207059, 3282.4859999999998763, 1, 3286.2890000000002146, 98.65339087631511461, 3282.4859999999998763, 1, 3286.2890000000002146, 0, 3282.4859999999998763, 1
3286.2890000000002146, 306.53403668915450453, 3282.4960000000000946, 1, 3286.2890000000002146, 89.850586079652856597, 3282.4960000000000946, 1, 3286.2890000000002146, 112.12755466289455342, 3282.4960000000000946, 1, 3286.2890000000002146, 0, 3282.4960000000000946, 1
3286.3400000000001455, 88.280522019171513648, 3282.4980000000000473, 1, 3286.3400000000001455, 4.8504698949608844316, 3282.4980000000000473, 1, 3286.3400000000001455, 61.394055139418455269, 3282.4980000000000473, 1, 3286.3400000000001455, 48.158112660323943999, 3282.4980000000000473, 1
3286.3899999999998727, 63.765691389298162051, 3282.5030000000001564, 1, 3286.3899999999998727, 63.009547626679406562, 3282.5030000000001564, 1, 3286.3899999999998727, 57.459998514066327857, 3282.5030000000001564, 1, 3286.3899999999998727, 29.081820263215796274, 3282.5030000000001564, 1
3286.4389999999998508, 97.260487869743357692, 3282.5079999999998108, 1, 3286.4389999999998508, 0, 3282.5079999999998108, 1, 3286.4389999999998508, 0, 3282.5079999999998108, 1, 3286.4389999999998508, 66.904154113881020294, 3282.5079999999998108, 1
3286.5399999999999636, 116.75020736745423733, 3282.5140000000001237, 1, 3286.5399999999999636, 0, 3282.5140000000001237, 1, 3286.5399999999999636, 0, 3282.5140000000001237, 1, 3286.5399999999999636, 80.31654866431217954, 3282.5140000000001237, 1
3286.5410000000001673, 109.57581504099513836, 3282.5180000000000291, 1, 3286.5410000000001673, 0, 3282.5180000000000291, 1, 3286.5410000000001673, 0, 3282.5180000000000291, 1, 3286.5410000000001673, 97.944700886072752155, 3282.5180000000000291, 1
3286.5889999999999418, 101.64796156515450321, 3282.5239999999998872, 1, 3286.5889999999999418, 0, 3282.5239999999998872, 1, 3286.5889999999999418, 0, 3282.5239999999998872, 1, 3286.5889999999999418, 104.68585422028280618, 3282.5239999999998872, 1
3286.6900000000000546, 72.919635806273589651, 3282.5279999999997926, 1, 3286.6900000000000546, 196.43638792776175706, 3282.5279999999997926, 1, 3286.6900000000000546, 143.65491180274244698, 3282.5279999999997926, 1, 3286.6900000000000546, 89.351192236645630373, 3282.5279999999997926, 1
3286.7399999999997817, 53.796896558239204467, 3282.5329999999999018, 1, 3286.7399999999997817, 32.419925112920381594, 3282.5329999999999018, 1, 3286.7399999999997817, 24.935339578098954405, 3282.5329999999999018, 1, 3286.7399999999997817, 45.124175429240850121, 3282.5329999999999018, 1
3286.7399999999997817, 51.134903556229595267, 3282.5390000000002146, 1, 3286.7399999999997817, 79.210698562490932773, 3282.5390000000002146, 1, 3286.7399999999997817, 56.660541882006668857, 3282.5390000000002146, 1, 3286.7399999999997817, 41.862390196796354758, 3282.5390000000002146, 1
3286.7899999999999636, 0, 3282.543999999999869, 1, 3286.7899999999999636, 124.68335529290902741, 3282.543999999999869, 1, 3286.7899999999999636, 73.471253574693804467, 3282.543999999999869, 1, 3286.7899999999999636, 0, 3282.543999999999869, 1
3286.8890000000001237, 0, 3282.5479999999997744, 1, 3286.8890000000001237, 118.24199408780839349, 3282.5479999999997744, 1, 3286.8890000000001237, 81.050535429700090617, 3282.5479999999997744, 1, 3286.8890000000001237, 0, 3282.5479999999997744, 1
3286.8890000000001237, 0, 3282.5529999999998836, 1, 3286.8890000000001237, 104.21614275310700748, 3282.5529999999998836, 1, 3286.8890000000001237, 96.913244451501881827, 3282.5529999999998836, 1, 3286.8890000000001237, 0, 3282.5529999999998836, 1
3286.9899999999997817, 318.35620263434509525, 3282.5579999999999927, 1, 3286.9899999999997817, 90.017002064817603468, 3282.5579999999999927, 1, 3286.9899999999997817, 107.73789895593796473, 3282.5579999999999927, 1, 3286.9899999999997817, 0, 3282.5579999999999927, 1
3286.9899999999997817, 89.799136198844792034, 3282.5630000000001019, 1, 3286.9899999999997817, 6.5159762651831476532, 3282.5630000000001019, 1, 3286.9899999999997817, 60.333705554346707345, 3282.5630000000001019, 1, 3286.9899999999997817, 49.691837726678350862, 3282.5630000000001019, 1
3287.0390000000002146, 65.951446057725817695, 3282.568000000000211, 1, 3287.0390000000002146, 72.779198135608950793, 3282.568000000000211, 1, 3287.0390000000002146, 56.572548039547044141, 3282.568000000000211, 1, 3287.0390000000002146, 31.560573026114077777, 3282.568000000000211, 1
3287.0900000000001455, 98.429051817374428879, 3282.5729999999998654, 1, 3287.0900000000001455, 0, 3282.5729999999998654, 1, 3287.0900000000001455, 0, 3282.5729999999998654, 1, 3287.0900000000001455, 67.23949166771708974, 3282.5729999999998654, 1
3287.1889999999998508, 117.94820992126878423, 3282.5779999999999745, 1, 3287.1889999999998508, 0, 3282.5779999999999745, 1, 3287.1889999999998508, 0, 3282.5779999999999745, 1, 3287.1889999999998508, 81.556698008852691828, 3282.5779999999999745, 1
3287.1889999999998508, 110.59360189372003447, 3282.5830000000000837, 1, 3287.1889999999998508, 0, 3282.5830000000000837, 1, 3287.1889999999998508, 0, 3282.5830000000000837, 1, 3287.1889999999998508, 99.333277482618825616, 3282.5830000000000837, 1
3287.2390000000000327, 102.16457351931627784, 3282.5889999999999418, 1, 3287.2390000000000327, 0, 3282.5889999999999418, 1, 3287.2390000000000327, 0, 3282.5889999999999418, 1, 3287.2390000000000327, 105.64183068808097232, 3282.5889999999999418, 1
3287.2890000000002146, 71.017554686441187073, 3282.5929999999998472, 1, 3287.2890000000002146, 200.74157043307900494, 3282.5929999999998472, 1, 3287.2890000000002146, 142.01663672269327776, 3282.5929999999998472, 1, 3287.2890000000002146, 92.745154023487060613, 3282.5929999999998472, 1
3287.3400000000001455, 50.048853684022809318, 3282.5979999999999563, 1, 3287.3400000000001455, 36.238457892937020688, 3282.5979999999999563, 1, 3287.3400000000001455, 24.157636241956055301, 3282.5979999999999563, 1, 3287.3400000000001455, 47.945244966989932323, 3282.5979999999999563, 1
3287.3890000000001237, 51.235975706154597731, 3282.6030000000000655, 1, 3287.3890000000001237, 80.12776287036902545, 3282.6030000000000655, 1, 3287.3890000000001237, 55.357687013803868581, 3282.6030000000000655, 1, 3287.3890000000001237, 45.40718784987156198, 3282.6030000000000655, 1
3287.4899999999997817, 0, 3282.6080000000001746, 1, 3287.4899999999997817, 126.34569613246387121, 3282.6080000000001746, 1, 3287.4899999999997817, 71.139886819601940715, 3282.6080000000001746, 1, 3287.4899999999997817, 0, 3282.6080000000001746, 1
3287.5399999999999636, 0, 3282.612999999999829, 1, 3287.5399999999999636, 119.15814508374347724, 3282.612999999999829, 1, 3287.5399999999999636, 83.965397919188291098, 3282.612999999999829, 1, 3287.5399999999999636, 0, 3282.612999999999829, 1
3287.5889999999999418, 0, 3282.6179999999999382, 1, 3287.5889999999999418, 106.7322576964974985, 3282.6179999999999382, 1, 3287.5889999999999418, 94.356257838463648113, 3282.6179999999999382, 1, 3287.5889999999999418, 0, 3282.6179999999999382, 1
3287.5889999999999418, 302.52357132212540591, 3282.6230000000000473, 1, 3287.5889999999999418, 88.381952956187234349, 3282.6230000000000473, 1, 3287.5889999999999418, 109.52608198706144549, 3282.6230000000000473, 1, 3287.5889999999999418, 0, 3282.6230000000000473, 1
3287.6399999999998727, 91.735762352827137533, 3282.6280000000001564, 1, 3287.6399999999998727, 7.0307900972507155757, 3282.6280000000001564, 1, 3287.6399999999998727, 61.335563817259135533, 3282.6280000000001564, 1, 3287.6399999999998727, 47.096437446524419101, 3282.6280000000001564, 1
3287.7399999999997817, 63.982300311420388539, 3282.6329999999998108, 1, 3287.7399999999997817, 76.012542344401012429, 3282.6329999999998108, 1, 3287.7399999999997817, 56.285509016174884778, 3282.6329999999998108, 1, 3287.7399999999997817, 30.541507505549894574, 3282.6329999999998108, 1
3287.7420000000001892, 95.632652862907036706, 3282.63799999999992, 1, 3287.7420000000001892, 0, 3282.63799999999992, 1, 3287.7420000000001892, 0, 3282.63799999999992, 1, 3287.7420000000001892, 67.237983035315338043, 3282.63799999999992, 1
3287.7899999999999636, 118.00585773458684002, 3282.6430000000000291, 1, 3287.7899999999999636, 0, 3282.6430000000000291, 1, 3287.7899999999999636, 0, 3282.6430000000000291, 1, 3287.7899999999999636, 82.143009742859874223, 3282.6430000000000291, 1
3287.8930000000000291, 106.48225655105261467, 3282.6480000000001382, 1, 3287.8930000000000291, 0, 3282.6480000000001382, 1, 3287.8930000000000291, 0, 3282.6480000000001382, 1, 3287.8930000000000291, 92.334777046220494867, 3282.6480000000001382, 1
3287.8930000000000291, 102.89611212037920041, 3282.6529999999997926, 1, 3287.8930000000000291, 0, 3282.6529999999997926, 1, 3287.8930000000000291, 0, 3282.6529999999997926, 1, 3287.8930000000000291, 106.11828366891380426, 3282.6529999999997926, 1
3287.9389999999998508, 74.781894040461637019, 3282.6590000000001055, 1, 3287.9389999999998508, 195.53796811187220328, 3282.6590000000001055, 1, 3287.9389999999998508, 143.73581841431166595, 3282.6590000000001055, 1, 3287.9389999999998508, 92.153450593999266971, 3282.6590000000001055, 1
3287.9899999999997817, 46.479600243702925866, 3282.6630000000000109, 1, 3287.9899999999997817, 34.701694671146029236, 3282.6630000000000109, 1, 3287.9899999999997817, 28.993336135263668041, 3282.6630000000000109, 1, 3287.9899999999997817, 46.645586857022266258, 3282.6630000000000109, 1
3288.0390000000002146, 50.853721270662056497, 3282.6680000000001201, 1, 3288.0390000000002146, 79.070544947774550337, 3282.6680000000001201, 1, 3288.0390000000002146, 55.568576322455747629, 3282.6680000000001201, 1, 3288.0390000000002146, 39.580615721903974702, 3282.6680000000001201, 1
3288.1399999999998727, 0, 3282.6739999999999782, 1, 3288.1399999999998727, 127.04871837305952909, 3282.6739999999999782, 1, 3288.1399999999998727, 70.718947906559890271, 3282.6739999999999782, 1, 3288.1399999999998727, 0, 3282.6739999999999782, 1
3288.1900000000000546, 0, 3282.6790000000000873, 1, 3288.1900000000000546, 119.15916665815883846, 3282.6790000000000873, 1, 3288.1900000000000546, 80.30957407163850803, 3282.6790000000000873, 1, 3288.1900000000000546, 0, 3282.6790000000000873, 1
3288.2399999999997817, 0, 3282.6829999999999927, 1, 3288.2399999999997817, 105.71152464901949486, 3282.6829999999999927, 1, 3288.2399999999997817, 97.909752736212752211, 3282.6829999999999927, 1, 3288.2399999999997817, 0, 3282.6829999999999927, 1
3288.2880000000000109, 311.13995927735010127, 3282.6880000000001019, 1, 3288.2880000000000109, 90.835746871858901841, 3282.6880000000001019, 1, 3288.2880000000000109, 109.61322247598164381, 3282.6880000000001019, 1, 3288.2880000000000109, 0, 3282.6880000000001019, 1
3288.3400000000001455, 90.711306276844453578, 3282.693000000000211, 1, 3288.3400000000001455, 7.0412492964816841834, 3282.693000000000211, 1, 3288.3400000000001455, 59.961001960381608455, 3282.693000000000211, 1, 3288.3400000000001455, 47.432659776411917107, 3282.693000000000211, 1
3288.3899999999998727, 63.627672197687793698, 3282.6979999999998654, 1, 3288.3899999999998727, 58.710589753662546286, 3282.6979999999998654, 1, 3288.3899999999998727, 54.796575300687877075, 3282.6979999999998654, 1, 3288.3899999999998727, 30.814923189728283148, 3282.6979999999998654, 1
3288.4400000000000546, 98.363476300428004606, 3282.7029999999999745, 1, 3288.4400000000000546, 0, 3282.7029999999999745, 1, 3288.4400000000000546, 0, 3282.7029999999999745, 1, 3288.4400000000000546, 68.37344751483774985, 3282.7029999999999745, 1
3288.4400000000000546, 117.50143533769670512, 3282.7080000000000837, 1, 3288.4400000000000546, 0, 3282.7080000000000837, 1, 3288.4400000000000546, 0, 3282.7080000000000837, 1, 3288.4400000000000546, 83.142040698231596707, 3282.7080000000000837, 1
3288.5399999999999636, 108.69916758731949358, 3282.7130000000001928, 1, 3288.5399999999999636, 0, 3282.7130000000001928, 1, 3288.5399999999999636, 0, 3282.7130000000001928, 1, 3288.5399999999999636, 98.078067822676246124, 3282.7130000000001928, 1
3288.5399999999999636, 103.14971881811837306, 3282.7190000000000509, 1, 3288.5399999999999636, 0, 3282.7190000000000509, 1, 3288.5399999999999636, 0, 3282.7190000000000509, 1, 3288.5399999999999636, 108.71393016164722667, 3282.7190000000000509, 1
3288.6390000000001237, 72.329160954414291496, 3282.7229999999999563, 1, 3288.6390000000001237, 201.68132448506975152, 3282.7229999999999563, 1, 3288.6390000000001237, 149.26604133630735305, 3282.7229999999999563, 1, 3288.6390000000001237, 89.995943295183650434, 3282.7229999999999563, 1
3288.6920000000000073, 54.470042334231486336, 3282.7280000000000655, 1, 3288.6920000000000073, 32.96916531809885953, 3282.7280000000000655, 1, 3288.6920000000000073, 25.34969584749824989, 3282.7280000000000655, 1, 3288.6920000000000073, 46.021884891798350736, 3282.7280000000000655, 1
3288.6920000000000073, 51.408364327887099421, 3282.7339999999999236, 1, 3288.6920000000000073, 79.583545433903310595, 3282.7339999999999236, 1, 3288.6920000000000073, 55.980953715234676338, 3282.7339999999999236, 1, 3288.6920000000000073, 42.725243313326416228, 3282.7339999999999236, 1
3288.7399999999997817, 0, 3282.737999999999829, 1, 3288.7399999999997817, 125.94634112999348474, 3282.737999999999829, 1, 3288.7399999999997817, 72.465984276747263948, 3282.737999999999829, 1, 3288.7399999999997817, 0, 3282.737999999999829, 1
3288.8400000000001455, 0, 3282.7429999999999382, 1, 3288.8400000000001455, 118.23781419753245814, 3282.7429999999999382, 1, 3288.8400000000001455, 81.057617276248535632, 3282.7429999999999382, 1, 3288.8400000000001455, 0, 3282.7429999999999382, 1
3288.8890000000001237, 0, 3282.7480000000000473, 1, 3288.8890000000001237, 106.39570626309313184, 3282.7480000000000473, 1, 3288.8890000000001237, 93.81928838248369118, 3282.7480000000000473, 1, 3288.8890000000001237, 0, 3282.7480000000000473, 1
3288.9400000000000546, 316.73826705671774562, 3282.7530000000001564, 1, 3288.9400000000000546, 87.988323399902057531, 3282.7530000000001564, 1, 3288.9400000000000546, 107.55123292310940997, 3282.7530000000001564, 1, 3288.9400000000000546, 0, 3282.7530000000001564, 1
3288.9400000000000546, 88.698410530979089117, 3282.7579999999998108, 1, 3288.9400000000000546, 6.2268658457778016668, 3282.7579999999998108, 1, 3288.9400000000000546, 59.297529229017214902, 3282.7579999999998108, 1, 3288.9400000000000546, 50.470569206651319405, 3282.7579999999998108, 1
3289.0399999999999636, 63.168405350885535654, 3282.76299999999992, 1, 3289.0399999999999636, 61.041927469631232839, 3282.76299999999992, 1, 3289.0399999999999636, 56.853968769432356112, 3282.76299999999992, 1, 3289.0399999999999636, 30.209269457606133358, 3282.76299999999992, 1
3289.0399999999999636, 96.442218422556223345, 3282.7680000000000291, 1, 3289.0399999999999636, 0, 3282.7680000000000291, 1, 3289.0399999999999636, 0, 3282.7680000000000291, 1, 3289.0399999999999636, 67.290140090501992631, 3282.7680000000000291, 1
3289.0929999999998472, 117.62344762711141755, 3282.7730000000001382, 1, 3289.0929999999998472, 0, 3282.7730000000001382, 1, 3289.0929999999998472, 0, 3282.7730000000001382, 1, 3289.0929999999998472, 82.768167989824263486, 3282.7730000000001382, 1
3289.1399999999998727, 108.87499888153111272, 3282.7779999999997926, 1, 3289.1399999999998727, 0, 3282.7779999999997926, 1, 3289.1399999999998727, 0, 3282.7779999999997926, 1, 3289.1399999999998727, 96.197460101743757832, 3282.7779999999997926, 1
3289.1909999999998035, 101.7594711763178168, 3282.7840000000001055, 1, 3289.1909999999998035, 0, 3282.7840000000001055, 1, 3289.1909999999998035, 0, 3282.7840000000001055, 1, 3289.1909999999998035, 105.1320742952400451, 3282.7840000000001055, 1
3289.2890000000002146, 72.07853060754729313, 3282.7880000000000109, 1, 3289.2890000000002146, 204.96201088676667723, 3282.7880000000000109, 1, 3289.2890000000002146, 159.10553126467775087, 3282.7880000000000109, 1, 3289.2890000000002146, 89.636289096735097814, 3282.7880000000000109, 1
3289.3389999999999418, 53.085879107764682772, 3282.7930000000001201, 1, 3289.3389999999999418, 34.823157994445551822, 3282.7930000000001201, 1, 3289.3389999999999418, 23.992832797300511771, 3282.7930000000001201, 1, 3289.3389999999999418, 43.26549927298005116, 3282.7930000000001201, 1
3289.3389999999999418, 49.586520855181731804, 3282.7979999999997744, 1, 3289.3389999999999418, 77.323273411859545945, 3282.7979999999997744, 1, 3289.3389999999999418, 54.369004908242175134, 3282.7979999999997744, 1, 3289.3389999999999418, 45.20736350286873062, 3282.7979999999997744, 1
3289.4400000000000546, 0, 3282.8029999999998836, 1, 3289.4400000000000546, 126.72010166954649435, 3282.8029999999998836, 1, 3289.4400000000000546, 70.749600912161980659, 3282.8029999999998836, 1, 3289.4400000000000546, 0, 3282.8029999999998836, 1
3289.4890000000000327, 0, 3282.8090000000001965, 1, 3289.4890000000000327, 119.90928350561165416, 3282.8090000000001965, 1, 3289.4890000000000327, 83.93140627343154847, 3282.8090000000001965, 1, 3289.4890000000000327, 0, 3282.8090000000001965, 1
3289.5399999999999636, 0, 3282.8130000000001019, 1, 3289.5399999999999636, 107.47394349142840042, 3282.8130000000001019, 1, 3289.5399999999999636, 93.608596325495994961, 3282.8130000000001019, 1, 3289.5399999999999636, 0, 3282.8130000000001019, 1
3289.5889999999999418, 319.25635068990197851, 3282.818000000000211, 1, 3289.5889999999999418, 89.849264416067796901, 3282.818000000000211, 1, 3289.5889999999999418, 106.36685029020586057, 3282.818000000000211, 1, 3289.5889999999999418, 0, 3282.818000000000211, 1
3289.5900000000001455, 99.17421825585137185, 3282.8240000000000691, 1, 3289.5900000000001455, 9.0052313185882244539, 3282.8240000000000691, 1, 3289.5900000000001455, 59.889581572989470715, 3282.8240000000000691, 1, 3289.5900000000001455, 51.149606592927241877, 3282.8240000000000691, 1
3289.6390000000001237, 69.100250122346622561, 3282.8290000000001783, 1, 3289.6390000000001237, 72.70091175387624105, 3282.8290000000001783, 1, 3289.6390000000001237, 53.140833997579548509, 3282.8290000000001783, 1, 3289.6390000000001237, 25.114944521330578198, 3282.8290000000001783, 1
3289.7399999999997817, 90.081316778756573171, 3282.8330000000000837, 1, 3289.7399999999997817, 0.72133604424830588542, 3282.8330000000000837, 1, 3289.7399999999997817, 68.960950476361148276, 3282.8330000000000837, 1, 3289.7399999999997817, 68.731059430799490428, 3282.8330000000000837, 1
3289.7399999999997817, 116.79127280256935251, 3282.8380000000001928, 1, 3289.7399999999997817, 0, 3282.8380000000001928, 1, 3289.7399999999997817, 0, 3282.8380000000001928, 1, 3289.7399999999997817, 83.800226932232561694, 3282.8380000000001928, 1
3289.8400000000001455, 108.09200228535570432, 3282.8440000000000509, 1, 3289.8400000000001455, 0, 3282.8440000000000509, 1, 3289.8400000000001455, 0, 3282.8440000000000509, 1, 3289.8400000000001455, 98.684744927435076534, 3282.8440000000000509, 1
3289.8890000000001237, 98.885470828147447264, 3282.8479999999999563, 1, 3289.8890000000001237, 0, 3282.8479999999999563, 1, 3289.8890000000001237, 0, 3282.8479999999999563, 1, 3289.8890000000001237, 102.69026734382885024, 3282.8479999999999563, 1
3289.8899999999998727, 75.973073865503252478, 3282.8539999999998145, 1, 3289.8899999999998727, 235.72468062332345085, 3282.8539999999998145, 1, 3289.8899999999998727, 190.38703980622045719, 3282.8539999999998145, 1, 3289.8899999999998727, 94.786109524500517409, 3282.8539999999998145, 1
3289.9400000000000546, 46.537792269086594388, 3282.8580000000001746, 1, 3289.9400000000000546, 32.380809188306592716, 3282.8580000000001746, 1, 3289.9400000000000546, 28.860309517044949956, 3282.8580000000001746, 1, 3289.9400000000000546, 44.469685681628718044, 3282.8580000000001746, 1
3290.0390000000002146, 52.833134364766436875, 3282.8640000000000327, 1, 3290.0390000000002146, 73.795438899269029775, 3282.8640000000000327, 1, 3290.0390000000002146, 51.146164715450289862, 3282.8640000000000327, 1, 3290.0390000000002146, 47.818624764355909917, 3282.8640000000000327, 1
3290.0399999999999636, 0, 3282.8690000000001419, 1, 3290.0399999999999636, 126.48326309521308985, 3282.8690000000001419, 1, 3290.0399999999999636, 70.707061382208081568, 3282.8690000000001419, 1, 3290.0399999999999636, 0, 3282.8690000000001419, 1
3290.0900000000001455, 0, 3282.8739999999997963, 1, 3290.0900000000001455, 121.98897495474888331, 3282.8739999999997963, 1, 3290.0900000000001455, 80.042849662239945019, 3282.8739999999997963, 1, 3290.0900000000001455, 0, 3282.8739999999997963, 1
3290.1399999999998727, 0, 3282.8780000000001564, 1, 3290.1399999999998727, 106.36244960104758661, 3282.8780000000001564, 1, 3290.1399999999998727, 97.767976265887440945, 3282.8780000000001564, 1, 3290.1399999999998727, 0, 3282.8780000000001564, 1
3290.1900000000000546, 304.23896705316644784, 3282.8829999999998108, 1, 3290.1900000000000546, 97.891112147237052454, 3282.8829999999998108, 1, 3290.1900000000000546, 108.60150052570897117, 3282.8829999999998108, 1, 3290.1900000000000546, 0, 3282.8829999999998108, 1
3290.2399999999997817, 116.23840162345126714, 3282.88799999999992, 1, 3290.2399999999997817, 14.27222294631537558, 3282.88799999999992, 1, 3290.2399999999997817, 69.046582530957920198, 3282.88799999999992, 1, 3290.2399999999997817, 52.977701906339632387, 3282.88799999999992, 1
3290.3400000000001455, 59.054526665569142097, 3282.8930000000000291, 1, 3290.3400000000001455, 60.455402542402580934, 3282.8930000000000291, 1, 3290.3400000000001455, 61.34620600269232682, 3282.8930000000000291, 1, 3290.3400000000001455, 25.307141490577016896, 3282.8930000000000291, 1
3290.3400000000001455, 93.452855494219846832, 3282.8980000000001382, 1, 3290.3400000000001455, 0, 3282.8980000000001382, 1, 3290.3400000000001455, 0.42505614428306620622, 3282.8980000000001382, 1, 3290.3400000000001455, 64.353879449796352219, 3282.8980000000001382, 1
3290.3899999999998727, 119.23605644527022207, 3282.9029999999997926, 1, 3290.3899999999998727, 0, 3282.9029999999997926, 1, 3290.3899999999998727, 0, 3282.9029999999997926, 1, 3290.3899999999998727, 79.83575360665952303, 3282.9029999999997926, 1
3290.4400000000000546, 111.92207211629128949, 3282.9079999999999018, 1, 3290.4400000000000546, 0, 3282.9079999999999018, 1, 3290.4400000000000546, 0, 3282.9079999999999018, 1, 3290.4400000000000546, 96.613145492848616414, 3282.9079999999999018, 1
3290.4909999999999854, 104.83648624798607329, 3282.9130000000000109, 1, 3290.4909999999999854, 0, 3282.9130000000000109, 1, 3290.4909999999999854, 0, 3282.9130000000000109, 1, 3290.4909999999999854, 106.95227028357898291, 3282.9130000000000109, 1
3290.5399999999999636, 77.226598312406196101, 3282.9180000000001201, 1, 3290.5399999999999636, 234.05384272219322384, 3282.9180000000001201, 1, 3290.5399999999999636, 172.44338576016542675, 3282.9180000000001201, 1, 3290.5399999999999636, 104.82865329223236017, 3282.9180000000001201, 1
3290.6419999999998254, 45.029831689232807435, 3282.9239999999999782, 1, 3290.6419999999998254, 35.447041964389299551, 3282.9239999999999782, 1, 3290.6419999999998254, 28.751764734936273271, 3282.9239999999999782, 1, 3290.6419999999998254, 41.560137462923279372, 3282.9239999999999782, 1
3290.6419999999998254, 50.1113398165991768, 3282.9279999999998836, 1, 3290.6419999999998254, 74.84854150901097114, 3282.9279999999998836, 1, 3290.6419999999998254, 50.193994440708394222, 3282.9279999999998836, 1, 3290.6419999999998254, 44.924947548924016871, 3282.9279999999998836, 1
3290.6900000000000546, 0, 3282.9329999999999927, 1, 3290.6900000000000546, 123.71484377266546062, 3282.9329999999999927, 1, 3290.6900000000000546, 73.070626873199373108, 3282.9329999999999927, 1, 3290.6900000000000546, 0, 3282.9329999999999927, 1
3290.7399999999997817, 0, 3282.9380000000001019, 1, 3290.7399999999997817, 120.04787853880316106, 3282.9380000000001019, 1, 3290.7399999999997817, 81.809978980210757982, 3282.9380000000001019, 1, 3290.7399999999997817, 0, 3282.9380000000001019, 1
3290.8400000000001455, 0, 3282.9450000000001637, 1, 3290.8400000000001455, 105.02404163917270807, 3282.9450000000001637, 1, 3290.8400000000001455, 97.636317571727957443, 3282.9450000000001637, 1, 3290.8400000000001455, 0, 3282.9450000000001637, 1
3290.8890000000001237, 314.10878813850865754, 3282.9479999999998654, 1, 3290.8890000000001237, 98.995357980078694027, 3282.9479999999998654, 1, 3290.8890000000001237, 109.55991117118256284, 3282.9479999999998654, 1, 3290.8890000000001237, 0, 3282.9479999999998654, 1
3290.8890000000001237, 117.40270699554507416, 3282.9529999999999745, 1, 3290.8890000000001237, 18.403060755512861135, 3282.9529999999999745, 1, 3290.8890000000001237, 67.123671833500168304, 3282.9529999999999745, 1, 3290.8890000000001237, 58.015768619445289289, 3282.9529999999999745, 1
3290.9899999999997817, 63.152306108672924267, 3282.9580000000000837, 1, 3290.9899999999997817, 75.245071349547686168, 3282.9580000000000837, 1, 3290.9899999999997817, 58.255073912428237293, 3282.9580000000000837, 1, 3290.9899999999997817, 25.276636697253518804, 3282.9580000000000837, 1
3290.9899999999997817, 87.077547111341829122, 3282.9630000000001928, 1, 3290.9899999999997817, 0, 3282.9630000000001928, 1, 3290.9899999999997817, 36.169602091526513732, 3282.9630000000001928, 1, 3290.9899999999997817, 62.802304337990193517, 3282.9630000000001928, 1
3291.0390000000002146, 118.99884552045111263, 3282.9690000000000509, 1, 3291.0390000000002146, 0, 3282.9690000000000509, 1, 3291.0390000000002146, 0, 3282.9690000000000509, 1, 3291.0390000000002146, 78.783879616315857675, 3282.9690000000000509, 1
3291.1390000000001237, 110.47045511283789665, 3282.9740000000001601, 1, 3291.1390000000001237, 0, 3282.9740000000001601, 1, 3291.1390000000001237, 0, 3282.9740000000001601, 1, 3291.1390000000001237, 95.194136751799319995, 3282.9740000000001601, 1
3291.1399999999998727, 103.34968353800991281, 3282.9789999999998145, 1, 3291.1399999999998727, 0, 3282.9789999999998145, 1, 3291.1399999999998727, 0, 3282.9789999999998145, 1, 3291.1399999999998727, 103.75681165115767612, 3282.9789999999998145, 1
3291.1900000000000546, 77.651105653882694924, 3282.9830000000001746, 1, 3291.1900000000000546, 235.74305065991757147, 3282.9830000000001746, 1, 3291.1900000000000546, 178.5544859544061751, 3282.9830000000001746, 1, 3291.1900000000000546, 99.62233869861793778, 3282.9830000000001746, 1
3291.2420000000001892, 48.924779710232570551, 3282.9890000000000327, 1, 3291.2420000000001892, 36.441721227926294091, 3282.9890000000000327, 1, 3291.2420000000001892, 28.891964348654468608, 3282.9890000000000327, 1, 3291.2420000000001892, 42.061710239894310348, 3282.9890000000000327, 1
3291.2910000000001673, 48.49568757448868439, 3282.9949999999998909, 1, 3291.2910000000001673, 74.245235224166577837, 3282.9949999999998909, 1, 3291.2910000000001673, 49.316979363324009, 3282.9949999999998909, 1, 3291.2910000000001673, 44.101030465180642182, 3282.9949999999998909, 1
3291.3899999999998727, 0, 3282.9980000000000473, 1, 3291.3899999999998727, 125.5457318910829656, 3282.9980000000000473, 1, 3291.3899999999998727, 71.809657457737756658, 3282.9980000000000473, 1, 3291.3899999999998727, 0, 3282.9980000000000473, 1
3291.4400000000000546, 0, 3283.0059999999998581, 1, 3291.4400000000000546, 120.45012121702303887, 3283.0059999999998581, 1, 3291.4400000000000546, 81.846758951639515089, 3283.0059999999998581, 1, 3291.4400000000000546, 0, 3283.0059999999998581, 1
3291.4400000000000546, 0, 3283.0090000000000146, 1, 3291.4400000000000546, 109.49582540400716368, 3283.0090000000000146, 1, 3291.4400000000000546, 98.102704222454633509, 3283.0090000000000146, 1, 3291.4400000000000546, 0, 3283.0090000000000146, 1
3291.4899999999997817, 303.32011188743553021, 3283.01299999999992, 1, 3291.4899999999997817, 98.659361461292050421, 3283.01299999999992, 1, 3291.4899999999997817, 109.67697173459390569, 3283.01299999999992, 1, 3291.4899999999997817, 0, 3283.01299999999992, 1
3291.5399999999999636, 129.40305186711037777, 3283.0180000000000291, 1, 3291.5399999999999636, 19.810165006672036725, 3283.0180000000000291, 1, 3291.5399999999999636, 67.074262605983761887, 3283.0180000000000291, 1, 3291.5399999999999636, 59.903297705252199989, 3283.0180000000000291, 1
3291.5900000000001455, 62.020573599483213911, 3283.0230000000001382, 1, 3291.5900000000001455, 67.115418229284756535, 3283.0230000000001382, 1, 3291.5900000000001455, 56.160274741192573345, 3283.0230000000001382, 1, 3291.5900000000001455, 20.647734620245383752, 3283.0230000000001382, 1
3291.6399999999998727, 84.67241632387155903, 3283.0289999999999964, 1, 3291.6399999999998727, 43.770938766605546277, 3283.0289999999999964, 1, 3291.6399999999998727, 52.010605614708616429, 3283.0289999999999964, 1, 3291.6399999999998727, 63.148685294898115217, 3283.0289999999999964, 1
3291.6900000000000546, 118.49024499854691328, 3283.0349999999998545, 1, 3291.6900000000000546, 0, 3283.0349999999998545, 1, 3291.6900000000000546, 0, 3283.0349999999998545, 1, 3291.6900000000000546, 80.609950910641742894, 3283.0349999999998545, 1
3291.7399999999997817, 110.92509671130423499, 3283.0380000000000109, 1, 3291.7399999999997817, 0, 3283.0380000000000109, 1, 3291.7399999999997817, 0, 3283.0380000000000109, 1, 3291.7399999999997817, 95.833482873470629215, 3283.0380000000000109, 1
3291.7899999999999636, 104.80192720027368125, 3283.0430000000001201, 1, 3291.7899999999999636, 0, 3283.0430000000001201, 1, 3291.7899999999999636, 0, 3283.0430000000001201, 1, 3291.7899999999999636, 108.18343203063133728, 3283.0430000000001201, 1
3291.8899999999998727, 78.492979541609841476, 3283.0479999999997744, 1, 3291.8899999999998727, 296.67175570390514849, 3283.0479999999997744, 1, 3291.8899999999998727, 243.36018980021674452, 3283.0479999999997744, 1, 3291.8899999999998727, 102.44473097167069398, 3283.0479999999997744, 1
3291.8899999999998727, 45.357387386670723117, 3283.0529999999998836, 1, 3291.8899999999998727, 36.160912879154281541, 3283.0529999999998836, 1, 3291.8899999999998727, 38.426149551342945188, 3283.0529999999998836, 1, 3291.8899999999998727, 34.477778868935658352, 3283.0529999999998836, 1
3291.9400000000000546, 54.227015326844309584, 3283.0579999999999927, 1, 3291.9400000000000546, 64.747317577182130321, 3283.0579999999999927, 1, 3291.9400000000000546, 45.839669728248104263, 3283.0579999999999927, 1, 3291.9400000000000546, 47.752939275530273733, 3283.0579999999999927, 1
3291.9890000000000327, 0, 3283.0630000000001019, 1, 3291.9890000000000327, 121.34289362039005766, 3283.0630000000001019, 1, 3291.9890000000000327, 74.937081824105007399, 3283.0630000000001019, 1, 3291.9890000000000327, 0, 3283.0630000000001019, 1
3292.0889999999999418, 0, 3283.06899999999996, 1, 3292.0889999999999418, 120.88432665940096911, 3283.06899999999996, 1, 3292.0889999999999418, 81.449212373106831819, 3283.06899999999996, 1, 3292.0889999999999418, 0, 3283.06899999999996, 1
3292.1390000000001237, 0, 3283.0740000000000691, 1, 3292.1390000000001237, 109.06468896833393956, 3283.0740000000000691, 1, 3292.1390000000001237, 95.939188396078833421, 3283.0740000000000691, 1, 3292.1390000000001237, 0, 3283.0740000000000691, 1
3292.1399999999998727, 270.11614670178312281, 3283.0799999999999272, 1, 3292.1399999999998727, 100.07203832774428065, 3283.0799999999999272, 1, 3292.1399999999998727, 109.26958153114574657, 3283.0799999999999272, 1, 3292.1399999999998727, 0, 3283.0799999999999272, 1
3292.1920000000000073, 153.39031929331181914, 3283.0830000000000837, 1, 3292.1920000000000073, 32.889237318350261319, 3283.0830000000000837, 1, 3292.1920000000000073, 77.811700101136764829, 3283.0830000000000837, 1, 3292.1920000000000073, 63.712735293398694125, 3283.0830000000000837, 1
3292.2890000000002146, 56.447502126782907794, 3283.0880000000001928, 1, 3292.2890000000002146, 55.244341277137742452, 3283.0880000000001928, 1, 3292.2890000000002146, 35.977782935652342644, 3283.0880000000001928, 1, 3292.2890000000002146, 24.51224034484187797, 3283.0880000000001928, 1
3292.2890000000002146, 81.090501871298982906, 3283.0940000000000509, 1, 3292.2890000000002146, 135.24249891710854854, 3283.0940000000000509, 1, 3292.2890000000002146, 128.27821410736390817, 3283.0940000000000509, 1, 3292.2890000000002146, 62.891489187025882757, 3283.0940000000000509, 1
3292.3400000000001455, 118.48337548805480424, 3283.0979999999999563, 1, 3292.3400000000001455, 0, 3283.0979999999999563, 1, 3292.3400000000001455, 0, 3283.0979999999999563, 1, 3292.3400000000001455, 79.082504387929162704, 3283.0979999999999563, 1
3292.3899999999998727, 112.17627762779605405, 3283.1030000000000655, 1, 3292.3899999999998727, 0, 3283.1030000000000655, 1, 3292.3899999999998727, 0, 3283.1030000000000655, 1, 3292.3899999999998727, 96.330067848572596745, 3283.1030000000000655, 1
3292.4400000000000546, 105.27493636159195489, 3283.1089999999999236, 1, 3292.4400000000000546, 0, 3283.1089999999999236, 1, 3292.4400000000000546, 0, 3283.1089999999999236, 1, 3292.4400000000000546, 106.24687436930682338, 3283.1089999999999236, 1
3292.4899999999997817, 80.712021995737885049, 3283.112999999999829, 1, 3292.4899999999997817, 276.24175061894919736, 3283.112999999999829, 1, 3292.4899999999997817, 234.70644942812168665, 3283.112999999999829, 1, 3292.4899999999997817, 109.55764439349155737, 3283.112999999999829, 1
3292.5900000000001455, 0, 3283.1190000000001419, 1, 3292.5900000000001455, 33.662585456516829652, 3283.1190000000001419, 1, 3292.5900000000001455, 32.923081862075171955, 3283.1190000000001419, 1, 3292.5900000000001455, 38.312810900033838379, 3283.1190000000001419, 1
3292.6399999999998727, 60.076862287403692164, 3283.1230000000000473, 1, 3292.6399999999998727, 70.323299195706269415, 3283.1230000000000473, 1, 3292.6399999999998727, 47.177377916171131744, 3283.1230000000000473, 1, 3292.6399999999998727, 46.674843313054381611, 3283.1230000000000473, 1
3292.6900000000000546, 0, 3283.1280000000001564, 1, 3292.6900000000000546, 122.50460136442029579, 3283.1280000000001564, 1, 3292.6900000000000546, 73.908633990996335683, 3283.1280000000001564, 1, 3292.6900000000000546, 0, 3283.1280000000001564, 1
3292.7399999999997817, 0, 3283.1329999999998108, 1, 3292.7399999999997817, 120.93923699076111689, 3283.1329999999998108, 1, 3292.7399999999997817, 80.403429090081942832, 3283.1329999999998108, 1, 3292.7399999999997817, 0, 3283.1329999999998108, 1
3292.7399999999997817, 0, 3283.1390000000001237, 1, 3292.7399999999997817, 106.13024588837046736, 3283.1390000000001237, 1, 3292.7399999999997817, 97.435420929035643667, 3283.1390000000001237, 1, 3292.7399999999997817, 0, 3283.1390000000001237, 1
3292.7910000000001673, 303.44047782433801785, 3283.1449999999999818, 1, 3292.7910000000001673, 101.55176893805212046, 3283.1449999999999818, 1, 3292.7910000000001673, 107.1202594160285031, 3283.1449999999999818, 1, 3292.7910000000001673, 0, 3283.1449999999999818, 1
3292.8400000000001455, 145.13245616053220033, 3283.1489999999998872, 1, 3292.8400000000001455, 29.268045478061559095, 3283.1489999999998872, 1, 3292.8400000000001455, 76.851237741853168473, 3283.1489999999998872, 1, 3292.8400000000001455, 59.762245130125990045, 3283.1489999999998872, 1
3292.8899999999998727, 61.063086361691588877, 3283.1529999999997926, 1, 3292.8899999999998727, 53.545135722803308909, 3283.1529999999997926, 1, 3292.8899999999998727, 35.790522756769469481, 3283.1529999999997926, 1, 3292.8899999999998727, 23.533775915709696847, 3283.1529999999997926, 1
3292.9400000000000546, 84.58728999017992578, 3283.1599999999998545, 1, 3292.9400000000000546, 80.918973465082871144, 3283.1599999999998545, 1, 3292.9400000000000546, 117.03670263698320753, 3283.1599999999998545, 1, 3292.9400000000000546, 62.903940508294830636, 3283.1599999999998545, 1
3292.9899999999997817, 118.06921052194934418, 3283.1630000000000109, 1, 3292.9899999999997817, 0, 3283.1630000000000109, 1, 3292.9899999999997817, 0, 3283.1630000000000109, 1, 3292.9899999999997817, 79.340903106856586646, 3283.1630000000000109, 1
3293.0399999999999636, 111.65615272287273285, 3283.168999999999869, 1, 3293.0399999999999636, 0, 3283.168999999999869, 1, 3293.0399999999999636, 0, 3283.168999999999869, 1, 3293.0399999999999636, 96.812957278886102586, 3283.168999999999869, 1
3293.0900000000001455, 105.07502692819748802, 3283.1739999999999782, 1, 3293.0900000000001455, 0, 3283.1739999999999782, 1, 3293.0900000000001455, 0, 3283.1739999999999782, 1, 3293.0900000000001455, 107.18944068126134539, 3283.1739999999999782, 1
3293.1900000000000546, 80.538324145974399926, 3283.1779999999998836, 1, 3293.1900000000000546, 287.04029766592589112, 3283.1779999999998836, 1, 3293.1900000000000546, 230.45433008533095176, 3283.1779999999998836, 1, 3293.1900000000000546, 104.9477075751968016, 3283.1779999999998836, 1
3293.1900000000000546, 37.430069029542579528, 3283.1829999999999927, 1, 3293.1900000000000546, 36.859299162119683047, 3283.1829999999999927, 1, 3293.1900000000000546, 38.135522434989255203, 3283.1829999999999927, 1, 3293.1900000000000546, 43.313380111420862306, 3283.1829999999999927, 1
3293.2399999999997817, 49.864015418146721004, 3283.1880000000001019, 1, 3293.2399999999997817, 68.396873863265000182, 3283.1880000000001019, 1, 3293.2399999999997817, 43.693931198602072641, 3283.1880000000001019, 1, 3293.2399999999997817, 47.196873068890219827, 3283.1880000000001019, 1
3293.2910000000001673, 0, 3283.193000000000211, 1, 3293.2910000000001673, 122.51769424492869121, 3283.193000000000211, 1, 3293.2910000000001673, 73.311411516420761814, 3283.193000000000211, 1, 3293.2910000000001673, 0, 3283.193000000000211, 1
3293.3899999999998727, 0, 3283.1979999999998654, 1, 3293.3899999999998727, 120.69677478653660785, 3283.1979999999998654, 1, 3293.3899999999998727, 77.14611003577391557, 3283.1979999999998654, 1, 3293.3899999999998727, 0, 3283.1979999999998654, 1
3293.4400000000000546, 0, 3283.2029999999999745, 1, 3293.4400000000000546, 109.57381609489982566, 3283.2029999999999745, 1, 3293.4400000000000546, 95.176231206769813298, 3283.2029999999999745, 1, 3293.4400000000000546, 0, 3283.2029999999999745, 1
3293.4909999999999854, 291.8297078336710797, 3283.2080000000000837, 1, 3293.4909999999999854, 99.407418978018711186, 3283.2080000000000837, 1, 3293.4909999999999854, 105.28079151118819823, 3283.2080000000000837, 1, 3293.4909999999999854, 0, 3283.2080000000000837, 1
3293.5399999999999636, 136.2126830606238741, 3283.2139999999999418, 1, 3293.5399999999999636, 27.041459843038165189, 3283.2139999999999418, 1, 3293.5399999999999636, 83.867480797270076209, 3283.2139999999999418, 1, 3293.5399999999999636, 65.823245731425984673, 3283.2139999999999418, 1
3293.5399999999999636, 72.664340002546452979, 3283.2179999999998472, 1, 3293.5399999999999636, 53.274080350963792796, 3283.2179999999998472, 1, 3293.5399999999999636, 32.053434829915836701, 3283.2179999999998472, 1, 3293.5399999999999636, 21.352338054945825263, 3283.2179999999998472, 1
3293.5900000000001455, 89.953324614034329443, 3283.2229999999999563, 1, 3293.5900000000001455, 96.284053273309865517, 3283.2229999999999563, 1, 3293.5900000000001455, 117.40471489502601798, 3283.2229999999999563, 1, 3293.5900000000001455, 71.953660595033866798, 3283.2229999999999563, 1
3293.6399999999998727, 135.94745287302959014, 3283.2280000000000655, 1, 3293.6399999999998727, 0, 3283.2280000000000655, 1, 3293.6399999999998727, 0, 3283.2280000000000655, 1, 3293.6399999999998727, 61.554842157501582278, 3283.2280000000000655, 1
3293.7399999999997817, 132.35644248978005066, 3283.2330000000001746, 1, 3293.7399999999997817, 0, 3283.2330000000001746, 1, 3293.7399999999997817, 0, 3283.2330000000001746, 1, 3293.7399999999997817, 73.166698488219964247, 3283.2330000000001746, 1
3293.7399999999997817, 125.45578566926316455, 3283.237999999999829, 1, 3293.7399999999997817, 0, 3283.237999999999829, 1, 3293.7399999999997817, 0, 3283.237999999999829, 1, 3293.7399999999997817, 71.886525061804107395, 3283.237999999999829, 1
3293.7899999999999636, 95.841490453758126478, 3283.2440000000001419, 1, 3293.7899999999999636, 372.02835491130645096, 3283.2440000000001419, 0, 3293.7899999999999636, 0, 3283.2440000000001419, 0, 3293.7899999999999636, 43.654025700746842631, 3283.2440000000001419, 1
3293.8409999999998945, 0, 3283.2480000000000473, 1, 3293.8409999999998945, 76.785282908159956605, 3283.2480000000000473, 0, 3293.8409999999998945, 36.823717024919091045, 3283.2480000000000473, 0, 3293.8409999999998945, 31.987115955875797368, 3283.2480000000000473, 1
3293.8890000000001237, 61.886824559278892366, 3283.2539999999999054, 1, 3293.8890000000001237, 91.070859382221883038, 3283.2539999999999054, 0, 3293.8890000000001237, 6.4145425969020548607, 3283.2539999999999054, 0, 3293.8890000000001237, 53.472123705524630566, 3283.2539999999999054, 1
3293.9920000000001892, 67.668535774081760792, 3283.2579999999998108, 1, 3293.9920000000001892, 81.254936846045239918, 3283.2579999999998108, 0, 3293.9920000000001892, 14.950185716851049023, 3283.2579999999998108, 0, 3293.9920000000001892, 38.501286230245142406, 3283.2579999999998108, 1
3294.0399999999999636, 72.311802703405120951, 3283.2640000000001237, 1, 3294.0399999999999636, 65.7855832449795912, 3283.2640000000001237, 0, 3294.0399999999999636, 29.257008756917631587, 3283.2640000000001237, 0, 3294.0399999999999636, 35.561779313812010628, 3283.2640000000001237, 1
3294.0900000000001455, 72.385437535337302961, 3283.2680000000000291, 1, 3294.0900000000001455, 54.10856121699193011, 3283.2680000000000291, 0, 3294.0900000000001455, 39.477054582586490028, 3283.2680000000000291, 0, 3294.0900000000001455, 37.701338072861396711, 3283.2680000000000291, 1
3294.0900000000001455, 70.227547226399110514, 3283.2730000000001382, 1, 3294.0900000000001455, 48.436740836241895636, 3283.2730000000001382, 0, 3294.0900000000001455, 44.400340316274942154, 3283.2730000000001382, 0, 3294.0900000000001455, 41.146843944857565134, 3283.2730000000001382, 1
3294.1900000000000546, 67.495559994198842446, 3283.2779999999997926, 1, 3294.1900000000000546, 48.038716315570674453, 3283.2779999999997926, 0, 3294.1900000000000546, 45.593373800631852077, 3283.2779999999997926, 0, 3294.1900000000000546, 44.027513796178993744, 3283.2779999999997926, 1
3294.2399999999997817, 65.404580452170719695, 3283.2840000000001055, 1, 3294.2399999999997817, 48.997797874888192382, 3283.2840000000001055, 0, 3294.2399999999997817, 44.246393521445469332, 3283.2840000000001055, 0, 3294.2399999999997817, 45.911243619263800042, 3283.2840000000001055, 1
3294.2399999999997817, 64.098039976785400995, 3283.2890000000002146, 1, 3294.2399999999997817, 51.61087641811604243, 3283.2890000000002146, 0, 3294.2399999999997817, 42.132069034648282013, 3283.2890000000002146, 0, 3294.2399999999997817, 46.644194480553963444, 3283.2890000000002146, 1
3294.3400000000001455, 63.635538373060228423, 3283.2930000000001201, 1, 3294.3400000000001455, 54.076235255607393526, 3283.2930000000001201, 0, 3294.3400000000001455, 40.092117513955486174, 3283.2930000000001201, 0, 3294.3400000000001455, 46.573465594164602521, 3283.2930000000001201, 1
3294.3400000000001455, 63.768686026314000515, 3283.2979999999997744, 1, 3294.3400000000001455, 55.833941102925138011, 3283.2979999999997744, 0, 3294.3400000000001455, 38.644558450419040696, 3283.2979999999997744, 0, 3294.3400000000001455, 46.082808689473907293, 3283.2979999999997744, 1
3294.3890000000001237, 64.194109653660277104, 3283.3029999999998836, 1, 3294.3890000000001237, 56.770271365289971754, 3283.3029999999998836, 0, 3294.3890000000001237, 37.85536645986987736, 3283.3029999999998836, 0, 3294.3890000000001237, 45.48595467171740836, 3283.3029999999998836, 1
3294.4899999999997817, 64.663194939934669492, 3283.3079999999999927, 1, 3294.4899999999997817, 57.035779418848179034, 3283.3079999999999927, 0, 3294.4899999999997817, 37.61097507054039113, 3283.3079999999999927, 0, 3294.4899999999997817, 44.976557883620984057, 3283.3079999999999927, 1
3294.4899999999997817, 65.027176291463348434, 3283.3139999999998508, 1, 3294.4899999999997817, 56.878573296725051023, 3283.3139999999998508, 0, 3294.4899999999997817, 37.724113289761071144, 3283.3139999999998508, 0, 3294.4899999999997817, 44.657965139210020311, 3283.3139999999998508, 1
3294.543999999999869, 65.233520540928523701, 3283.318000000000211, 1, 3294.543999999999869, 56.543806484794458811, 3283.318000000000211, 0, 3294.543999999999869, 37.993214211925760537, 3283.318000000000211, 0, 3294.543999999999869, 44.532047170575069117, 3283.318000000000211, 1
3294.6399999999998727, 65.29682931399807444, 3283.3229999999998654, 1, 3294.6399999999998727, 56.204676922447575294, 3283.3229999999998654, 0, 3294.6399999999998727, 38.275529456176911935, 3283.3229999999998654, 0, 3294.6399999999998727, 44.543405519166014983, 3283.3229999999998654, 1
3294.6900000000000546, 65.142698208197558074, 3283.3290000000001783, 1, 3294.6900000000000546, 56.463984351707011911, 3283.3290000000001783, 0, 3294.6900000000000546, 38.579434767359288116, 3283.3290000000001783, 0, 3294.6900000000000546, 44.581136885100733025, 3283.3290000000001783, 1
3294.7399999999997817, 65.18789488591065151, 3283.3330000000000837, 1, 3294.7399999999997817, 55.796253007649255551, 3283.3330000000000837, 0, 3294.7399999999997817, 38.619443799839579867, 3283.3330000000000837, 0, 3294.7399999999997817, 44.734721054512874616, 3283.3330000000000837, 1
3294.7399999999997817, 65.108092233295792539, 3283.3380000000001928, 1, 3294.7399999999997817, 55.742904823935226943, 3283.3380000000001928, 0, 3294.7399999999997817, 38.66801856514429403, 3283.3380000000001928, 0, 3294.7399999999997817, 44.821822310063588191, 3283.3380000000001928, 1
3294.8400000000001455, 65.047993291367674829, 3283.3470000000002074, 1, 3294.8400000000001455, 55.753354253263083251, 3283.3470000000002074, 0, 3294.8400000000001455, 38.662273413540653166, 3283.3470000000002074, 0, 3294.8400000000001455, 44.877123261424685552, 3283.3470000000002074, 1
3294.8409999999998945, 65.014968255966749666, 3283.3479999999999563, 1, 3294.8409999999998945, 55.794542679131112095, 3283.3479999999999563, 0, 3294.8409999999998945, 38.629407036258697872, 3283.3479999999999563, 0, 3294.8409999999998945, 44.900688906830900748, 3283.3479999999999563, 1
3294.9389999999998508, 65.005741904426599831, 3283.3530000000000655, 1, 3294.9389999999998508, 55.841321163681570283, 3283.3530000000000655, 0, 3294.9389999999998508, 38.590241505214990525, 3283.3530000000000655, 0, 3294.9389999999998508, 44.899973438535290882, 3283.3530000000000655, 1
3294.9400000000000546, 65.012099187234014153, 3283.3589999999999236, 1, 3294.9400000000000546, 55.879100528838542061, 3283.3589999999999236, 0, 3294.9400000000000546, 38.558190325722620173, 3283.3589999999999236, 0, 3294.9400000000000546, 44.886094895964767204, 3283.3589999999999236, 1
3294.9890000000000327, 64.904677633894976907, 3283.36200000000008, 1, 3294.9890000000000327, 56.429091332337556253, 3283.36200000000008, 0, 3294.9890000000000327, 38.628018158857436504, 3283.36200000000008, 0, 3294.9890000000000327, 44.817891702167948154, 3283.36200000000008, 1
3295.0900000000001455, 65.039209989448266924, 3283.3679999999999382, 1, 3295.0900000000001455, 55.912480886280555126, 3283.3679999999999382, 0, 3295.0900000000001455, 38.52875807468477376, 3283.3679999999999382, 0, 3295.0900000000001455, 44.853710681350207778, 3283.3679999999999382, 1
3295.1390000000001237, 65.049418234218052248, 3283.375, 1, 3295.1390000000001237, 55.912812281311438767, 3283.375, 1, 3295.1390000000001237, 38.527765303194115631, 3283.375, 1, 3295.1390000000001237, 44.843956583252158055, 3283.375, 1
3295.1399999999998727, 65.055052037585724634, 3283.3780000000001564, 1, 3295.1399999999998727, 55.908003873195838196, 3283.3780000000001564, 1, 3295.1399999999998727, 38.531320860302905373, 3283.3780000000001564, 1, 3295.1399999999998727, 44.839774971366431089, 3283.3780000000001564, 1
3295.2399999999997817, 65.056708881273479506, 3283.3829999999998108, 1, 3295.2399999999997817, 55.901704031853412857, 3283.3829999999998108, 1, 3295.2399999999997817, 38.536339120178865869, 3283.3829999999998108, 1, 3295.2399999999997817, 44.839751954085357966, 3283.3829999999998108, 1
3295.2899999999999636, 65.05577864102987462, 3283.38799999999992, 1, 3295.2899999999999636, 55.89620294595164296, 3283.38799999999992, 1, 3295.2899999999999636, 38.54082777912633162, 3283.38799999999992, 1, 3295.2899999999999636, 44.842032493867158394, 3283.38799999999992, 1
3295.3389999999999418, 65.053696249646037586, 3283.3939999999997781, 1, 3295.3389999999999418, 55.892498979234133571, 3283.3939999999997781, 1, 3295.3389999999999418, 38.543891688522116112, 3283.3939999999997781, 1, 3295.3389999999999418, 44.845036313073414647, 3283.3939999999997781, 1
3295.3400000000001455, 65.051557302573868924, 3283.3980000000001382, 1, 3295.3400000000001455, 55.890661157457742547, 3283.3980000000001382, 1, 3295.3400000000001455, 38.545364446719105445, 3283.3980000000001382, 1, 3295.3400000000001455, 44.847690430078827717, 3283.3980000000001382, 1
3295.3899999999998727, 65.049970369581060936, 3283.4029999999997926, 1, 3295.3899999999998727, 55.890254280856041191, 3283.4029999999997926, 1, 3295.3899999999998727, 38.545606205959536794, 3283.4029999999997926, 1, 3295.3899999999998727, 44.849477171429235511, 3283.4029999999997926, 1
3295.4400000000000546, 65.049162096931894439, 3283.4079999999999018, 1, 3295.4400000000000546, 55.890688947788568441, 3283.4079999999999018, 1, 3295.4400000000000546, 38.545110912812852177, 3283.4079999999999018, 1, 3295.4400000000000546, 44.850381344873689216, 3283.4079999999999018, 1
3295.4909999999999854, 65.049016128251778923, 3283.4140000000002146, 1, 3295.4909999999999854, 55.891443698985924016, 3283.4140000000002146, 1, 3295.4909999999999854, 38.544311230456344219, 3283.4140000000002146, 1, 3295.4909999999999854, 44.850580342960981284, 3283.4140000000002146, 1
, , 3283.418999999999869, 1, , , 3283.418999999999869, 1, , , 3283.418999999999869, 1, , , 3283.418999999999869, 1
, , 3283.4239999999999782, 1, , , 3283.4239999999999782, 1, , , 3283.4239999999999782, 1, , , 3283.4239999999999782, 1
, , 3283.4279999999998836, 1, , , 3283.4279999999998836, 1, , , 3283.4279999999998836, 1, , , 3283.4279999999998836, 1
, , 3283.4329999999999927, 1, , , 3283.4329999999999927, 1, , , 3283.4329999999999927, 1, , , 3283.4329999999999927, 1
, , 3283.4380000000001019, 1, , , 3283.4380000000001019, 1, , , 3283.4380000000001019, 1, , , 3283.4380000000001019, 1
, , 3283.443000000000211, 1, , , 3283.443000000000211, 1, , , 3283.443000000000211, 1, , , 3283.443000000000211, 1
, , 3283.4479999999998654, 0, , , 3283.4479999999998654, 1, , , 3283.4479999999998654, 1, , , 3283.4479999999998654, 0
, , 3283.4529999999999745, 0, , , 3283.4529999999999745, 1, , , 3283.4529999999999745, 1, , , 3283.4529999999999745, 0
, , 3283.4580000000000837, 0, , , 3283.4580000000000837, 1, , , 3283.4580000000000837, 1, , , 3283.4580000000000837, 0
, , 3283.4630000000001928, 0, , , 3283.4630000000001928, 1, , , 3283.4630000000001928, 1, , , 3283.4630000000001928, 0
, , 3283.4679999999998472, 0, , , 3283.4679999999998472, 1, , , 3283.4679999999998472, 1, , , 3283.4679999999998472, 0
, , 3283.4729999999999563, 0, , , 3283.4729999999999563, 1, , , 3283.4729999999999563, 1, , , 3283.4729999999999563, 0
, , 3283.4789999999998145, 0, , , 3283.4789999999998145, 1, , , 3283.4789999999998145, 1, , , 3283.4789999999998145, 0
, , 3283.4830000000001746, 0, , , 3283.4830000000001746, 1, , , 3283.4830000000001746, 1, , , 3283.4830000000001746, 0
, , 3283.487999999999829, 0, , , 3283.487999999999829, 1, , , 3283.487999999999829, 1, , , 3283.487999999999829, 0
, , 3283.4940000000001419, 0, , , 3283.4940000000001419, 1, , , 3283.4940000000001419, 1, , , 3283.4940000000001419, 0
, , 3283.4980000000000473, 0, , , 3283.4980000000000473, 1, , , 3283.4980000000000473, 1, , , 3283.4980000000000473, 0
, , 3283.5030000000001564, 0, , , 3283.5030000000001564, 1, , , 3283.5030000000001564, 1, , , 3283.5030000000001564, 0
, , 3283.5090000000000146, 0, , , 3283.5090000000000146, 1, , , 3283.5090000000000146, 1, , , 3283.5090000000000146, 0
, , 3283.512000000000171, 0, , , 3283.512000000000171, 1, , , 3283.512000000000171, 1, , , 3283.512000000000171, 0
, , 3283.5180000000000291, 0, , , 3283.5180000000000291, 1, , , 3283.5180000000000291, 1, , , 3283.5180000000000291, 0
, , 3283.5230000000001382, 0, , , 3283.5230000000001382, 1, , , 3283.5230000000001382, 1, , , 3283.5230000000001382, 0
, , 3283.5279999999997926, 0, , , 3283.5279999999997926, 1, , , 3283.5279999999997926, 1, , , 3283.5279999999997926, 0
, , 3283.5329999999999018, 0, , , 3283.5329999999999018, 1, , , 3283.5329999999999018, 1, , , 3283.5329999999999018, 0
, , 3283.5380000000000109, 0, , , 3283.5380000000000109, 1, , , 3283.5380000000000109, 1, , , 3283.5380000000000109, 0
, , 3283.5430000000001201, 0, , , 3283.5430000000001201, 1, , , 3283.5430000000001201, 1, , , 3283.5430000000001201, 0
, , 3283.5489999999999782, 0, , , 3283.5489999999999782, 1, , , 3283.5489999999999782, 1, , , 3283.5489999999999782, 0
, , 3283.5529999999998836, 0, , , 3283.5529999999998836, 1, , , 3283.5529999999998836, 1, , , 3283.5529999999998836, 0
, , 3283.5579999999999927, 0, , , 3283.5579999999999927, 1, , , 3283.5579999999999927, 1, , , 3283.5579999999999927, 0
, , 3283.5630000000001019, 0, , , 3283.5630000000001019, 1, , , 3283.5630000000001019, 1, , , 3283.5630000000001019, 0
, , 3283.56899999999996, 0, , , 3283.56899999999996, 1, , , 3283.56899999999996, 1, , , 3283.56899999999996, 0
, , 3283.5740000000000691, 0, , , 3283.5740000000000691, 1, , , 3283.5740000000000691, 1, , , 3283.5740000000000691, 0
, , 3283.5790000000001783, 0, , , 3283.5790000000001783, 1, , , 3283.5790000000001783, 1, , , 3283.5790000000001783, 0
, , 3283.5830000000000837, 0, , , 3283.5830000000000837, 1, , , 3283.5830000000000837, 1, , , 3283.5830000000000837, 0
, , 3283.5900000000001455, 0, , , 3283.5900000000001455, 1, , , 3283.5900000000001455, 1, , , 3283.5900000000001455, 0
, , 3283.5929999999998472, 0, , , 3283.5929999999998472, 1, , , 3283.5929999999998472, 1, , , 3283.5929999999998472, 0
, , 3283.5979999999999563, 0, , , 3283.5979999999999563, 1, , , 3283.5979999999999563, 1, , , 3283.5979999999999563, 0
, , 3283.6039999999998145, 0, , , 3283.6039999999998145, 1, , , 3283.6039999999998145, 1, , , 3283.6039999999998145, 0
, , 3283.6089999999999236, 0, , , 3283.6089999999999236, 1, , , 3283.6089999999999236, 1, , , 3283.6089999999999236, 0
, , 3283.612999999999829, 0, , , 3283.612999999999829, 1, , , 3283.612999999999829, 1, , , 3283.612999999999829, 0
, , 3283.6190000000001419, 0, , , 3283.6190000000001419, 1, , , 3283.6190000000001419, 1, , , 3283.6190000000001419, 0
, , 3283.6230000000000473, 0, , , 3283.6230000000000473, 1, , , 3283.6230000000000473, 1, , , 3283.6230000000000473, 0
, , 3283.6280000000001564, 0, , , 3283.6280000000001564, 1, , , 3283.6280000000001564, 1, , , 3283.6280000000001564, 0
, , 3283.6359999999999673, 0, , , 3283.6359999999999673, 1, , , 3283.6359999999999673, 1, , , 3283.6359999999999673, 0
, , 3283.63799999999992, 0, , , 3283.63799999999992, 1, , , 3283.63799999999992, 1, , , 3283.63799999999992, 0
, , 3283.6430000000000291, 0, , , 3283.6430000000000291, 1, , , 3283.6430000000000291, 1, , , 3283.6430000000000291, 0
, , 3283.6480000000001382, 0, , , 3283.6480000000001382, 1, , , 3283.6480000000001382, 1, , , 3283.6480000000001382, 0
, , 3283.6539999999999964, 0, , , 3283.6539999999999964, 1, , , 3283.6539999999999964, 1, , , 3283.6539999999999964, 0
, , 3283.6579999999999018, 0, , , 3283.6579999999999018, 1, , , 3283.6579999999999018, 1, , , 3283.6579999999999018, 0
, , 3283.6630000000000109, 0, , , 3283.6630000000000109, 1, , , 3283.6630000000000109, 1, , , 3283.6630000000000109, 0
, , 3283.668999999999869, 0, , , 3283.668999999999869, 1, , , 3283.668999999999869, 1, , , 3283.668999999999869, 0
, , 3283.6729999999997744, 0, , , 3283.6729999999997744, 1, , , 3283.6729999999997744, 1, , , 3283.6729999999997744, 0
, , 3283.6779999999998836, 0, , , 3283.6779999999998836, 1, , , 3283.6779999999998836, 1, , , 3283.6779999999998836, 0
, , 3283.6829999999999927, 0, , , 3283.6829999999999927, 1, , , 3283.6829999999999927, 1, , , 3283.6829999999999927, 0
, , 3283.6889999999998508, 0, , , 3283.6889999999998508, 1, , , 3283.6889999999998508, 1, , , 3283.6889999999998508, 0
, , 3283.69399999999996, 0, , , 3283.69399999999996, 1, , , 3283.69399999999996, 1, , , 3283.69399999999996, 0
, , 3283.6979999999998654, 1, , , 3283.6979999999998654, 1, , , 3283.6979999999998654, 1, , , 3283.6979999999998654, 1
, , 3283.7029999999999745, 1, , , 3283.7029999999999745, 1, , , 3283.7029999999999745, 1, , , 3283.7029999999999745, 1
, , 3283.7080000000000837, 1, , , 3283.7080000000000837, 1, , , 3283.7080000000000837, 1, , , 3283.7080000000000837, 1
, , 3283.7130000000001928, 1, , , 3283.7130000000001928, 1, , , 3283.7130000000001928, 1, , , 3283.7130000000001928, 1
, , 3283.7179999999998472, 1, , , 3283.7179999999998472, 1, , , 3283.7179999999998472, 1, , , 3283.7179999999998472, 1
, , 3283.7229999999999563, 1, , , 3283.7229999999999563, 1, , , 3283.7229999999999563, 1, , , 3283.7229999999999563, 1
, , 3283.7280000000000655, 1, , , 3283.7280000000000655, 1, , , 3283.7280000000000655, 1, , , 3283.7280000000000655, 1
, , 3283.7330000000001746, 1, , , 3283.7330000000001746, 1, , , 3283.7330000000001746, 1, , , 3283.7330000000001746, 1
, , 3283.737999999999829, 1, , , 3283.737999999999829, 1, , , 3283.737999999999829, 1, , , 3283.737999999999829, 1
, , 3283.7429999999999382, 1, , , 3283.7429999999999382, 1, , , 3283.7429999999999382, 1, , , 3283.7429999999999382, 1
, , 3283.7480000000000473, 1, , , 3283.7480000000000473, 1, , , 3283.7480000000000473, 1, , , 3283.7480000000000473, 1
, , 3283.7539999999999054, 1, , , 3283.7539999999999054, 1, , , 3283.7539999999999054, 1, , , 3283.7539999999999054, 1
, , 3283.7579999999998108, 1, , , 3283.7579999999998108, 1, , , 3283.7579999999998108, 1, , , 3283.7579999999998108, 1
, , 3283.7640000000001237, 1, , , 3283.7640000000001237, 1, , , 3283.7640000000001237, 1, , , 3283.7640000000001237, 1
, , 3283.7689999999997781, 1, , , 3283.7689999999997781, 1, , , 3283.7689999999997781, 1, , , 3283.7689999999997781, 1
, , 3283.7730000000001382, 1, , , 3283.7730000000001382, 0, , , 3283.7730000000001382, 0, , , 3283.7730000000001382, 1
, , 3283.7789999999999964, 1, , , 3283.7789999999999964, 0, , , 3283.7789999999999964, 0, , , 3283.7789999999999964, 1
, , 3283.7829999999999018, 1, , , 3283.7829999999999018, 0, , , 3283.7829999999999018, 0, , , 3283.7829999999999018, 1
, , 3283.7890000000002146, 1, , , 3283.7890000000002146, 0, , , 3283.7890000000002146, 0, , , 3283.7890000000002146, 1
, , 3283.7930000000001201, 1, , , 3283.7930000000001201, 0, , , 3283.7930000000001201, 0, , , 3283.7930000000001201, 1
, , 3283.7979999999997744, 1, , , 3283.7979999999997744, 0, , , 3283.7979999999997744, 0, , , 3283.7979999999997744, 1
, , 3283.8029999999998836, 1, , , 3283.8029999999998836, 0, , , 3283.8029999999998836, 0, , , 3283.8029999999998836, 1
, , 3283.8079999999999927, 1, , , 3283.8079999999999927, 0, , , 3283.8079999999999927, 0, , , 3283.8079999999999927, 1
, , 3283.8130000000001019, 1, , , 3283.8130000000001019, 0, , , 3283.8130000000001019, 0, , , 3283.8130000000001019, 1
, , 3283.818000000000211, 1, , , 3283.818000000000211, 0, , , 3283.818000000000211, 0, , , 3283.818000000000211, 1
, , 3283.8240000000000691, 1, , , 3283.8240000000000691, 0, , , 3283.8240000000000691, 0, , , 3283.8240000000000691, 1
, , 3283.8290000000001783, 1, , , 3283.8290000000001783, 0, , , 3283.8290000000001783, 0, , , 3283.8290000000001783, 1
, , 3283.8330000000000837, 1, , , 3283.8330000000000837, 0, , , 3283.8330000000000837, 0, , , 3283.8330000000000837, 1
, , 3283.8389999999999418, 1, , , 3283.8389999999999418, 0, , , 3283.8389999999999418, 0, , , 3283.8389999999999418, 1
, , 3283.8440000000000509, 1, , , 3283.8440000000000509, 0, , , 3283.8440000000000509, 0, , , 3283.8440000000000509, 1
, , 3283.8479999999999563, 1, , , 3283.8479999999999563, 0, , , 3283.8479999999999563, 0, , , 3283.8479999999999563, 1
, , 3283.8539999999998145, 1, , , 3283.8539999999998145, 0, , , 3283.8539999999998145, 0, , , 3283.8539999999998145, 1
, , 3283.8580000000001746, 1, , , 3283.8580000000001746, 0, , , 3283.8580000000001746, 0, , , 3283.8580000000001746, 1
, , 3283.862999999999829, 1, , , 3283.862999999999829, 0, , , 3283.862999999999829, 0, , , 3283.862999999999829, 1
, , 3283.8679999999999382, 1, , , 3283.8679999999999382, 0, , , 3283.8679999999999382, 0, , , 3283.8679999999999382, 1
, , 3283.8739999999997963, 1, , , 3283.8739999999997963, 0, , , 3283.8739999999997963, 0, , , 3283.8739999999997963, 1
, , 3283.8780000000001564, 1, , , 3283.8780000000001564, 0, , , 3283.8780000000001564, 0, , , 3283.8780000000001564, 1
, , 3283.8829999999998108, 1, , , 3283.8829999999998108, 0, , , 3283.8829999999998108, 0, , , 3283.8829999999998108, 1
, , 3283.88799999999992, 1, , , 3283.88799999999992, 0, , , 3283.88799999999992, 0, , , 3283.88799999999992, 1
, , 3283.8939999999997781, 1, , , 3283.8939999999997781, 0, , , 3283.8939999999997781, 0, , , 3283.8939999999997781, 1
, , 3283.8969999999999345, 1, , , 3283.8969999999999345, 0, , , 3283.8969999999999345, 0, , , 3283.8969999999999345, 1
, , 3283.9029999999997926, 1, , , 3283.9029999999997926, 0, , , 3283.9029999999997926, 0, , , 3283.9029999999997926, 1
, , 3283.9079999999999018, 1, , , 3283.9079999999999018, 0, , , 3283.9079999999999018, 0, , , 3283.9079999999999018, 1
, , 3283.9130000000000109, 1, , , 3283.9130000000000109, 0, , , 3283.9130000000000109, 0, , , 3283.9130000000000109, 1
, , 3283.9180000000001201, 1, , , 3283.9180000000001201, 0, , , 3283.9180000000001201, 0, , , 3283.9180000000001201, 1
, , 3283.9239999999999782, 1, , , 3283.9239999999999782, 0, , , 3283.9239999999999782, 0, , , 3283.9239999999999782, 1
, , 3283.9279999999998836, 1, , , 3283.9279999999998836, 0, , , 3283.9279999999998836, 0, , , 3283.9279999999998836, 1
, , 3283.9340000000001965, 1, , , 3283.9340000000001965, 0, , , 3283.9340000000001965, 0, , , 3283.9340000000001965, 1
, , 3283.9380000000001019, 1, , , 3283.9380000000001019, 0, , , 3283.9380000000001019, 0, , , 3283.9380000000001019, 1
, , 3283.943000000000211, 1, , , 3283.943000000000211, 0, , , 3283.943000000000211, 0, , , 3283.943000000000211, 1
, , 3283.9490000000000691, 1, , , 3283.9490000000000691, 0, , , 3283.9490000000000691, 0, , , 3283.9490000000000691, 1
, , 3283.9520000000002256, 1, , , 3283.9520000000002256, 0, , , 3283.9520000000002256, 0, , , 3283.9520000000002256, 1
, , 3283.9589999999998327, 1, , , 3283.9589999999998327, 0, , , 3283.9589999999998327, 0, , , 3283.9589999999998327, 1
, , 3283.9630000000001928, 1, , , 3283.9630000000001928, 0, , , 3283.9630000000001928, 0, , , 3283.9630000000001928, 1
, , 3283.9679999999998472, 1, , , 3283.9679999999998472, 0, , , 3283.9679999999998472, 0, , , 3283.9679999999998472, 1
, , 3283.9729999999999563, 1, , , 3283.9729999999999563, 0, , , 3283.9729999999999563, 0, , , 3283.9729999999999563, 1
, , 3283.9780000000000655, 1, , , 3283.9780000000000655, 0, , , 3283.9780000000000655, 0, , , 3283.9780000000000655, 1
, , 3283.9839999999999236, 1, , , 3283.9839999999999236, 0, , , 3283.9839999999999236, 0, , , 3283.9839999999999236, 1
, , 3283.987999999999829, 1, , , 3283.987999999999829, 0, , , 3283.987999999999829, 0, , , 3283.987999999999829, 1
, , 3283.9940000000001419, 1, , , 3283.9940000000001419, 0, , , 3283.9940000000001419, 0, , , 3283.9940000000001419, 1
, , 3283.9980000000000473, 1, , , 3283.9980000000000473, 0, , , 3283.9980000000000473, 0, , , 3283.9980000000000473, 1
, , 3284.0030000000001564, 1, , , 3284.0030000000001564, 0, , , 3284.0030000000001564, 0, , , 3284.0030000000001564, 1
, , 3284.0079999999998108, 1, , , 3284.0079999999998108, 0, , , 3284.0079999999998108, 0, , , 3284.0079999999998108, 1
, , 3284.01299999999992, 1, , , 3284.01299999999992, 0, , , 3284.01299999999992, 0, , , 3284.01299999999992, 1
, , 3284.0180000000000291, 1, , , 3284.0180000000000291, 0, , , 3284.0180000000000291, 0, , , 3284.0180000000000291, 1
, , 3284.0230000000001382, 1, , , 3284.0230000000001382, 1, , , 3284.0230000000001382, 1, , , 3284.0230000000001382, 1
, , 3284.0289999999999964, 1, , , 3284.0289999999999964, 1, , , 3284.0289999999999964, 1, , , 3284.0289999999999964, 1
, , 3284.0329999999999018, 1, , , 3284.0329999999999018, 1, , , 3284.0329999999999018, 1, , , 3284.0329999999999018, 1
, , 3284.0380000000000109, 1, , , 3284.0380000000000109, 1, , , 3284.0380000000000109, 1, , , 3284.0380000000000109, 1
, , 3284.0430000000001201, 1, , , 3284.0430000000001201, 1, , , 3284.0430000000001201, 1, , , 3284.0430000000001201, 1
, , 3284.0479999999997744, 1, , , 3284.0479999999997744, 1, , , 3284.0479999999997744, 1, , , 3284.0479999999997744, 1
, , 3284.0529999999998836, 1, , , 3284.0529999999998836, 1, , , 3284.0529999999998836, 1, , , 3284.0529999999998836, 1
, , 3284.0579999999999927, 1, , , 3284.0579999999999927, 1, , , 3284.0579999999999927, 1, , , 3284.0579999999999927, 1
, , 3284.0630000000001019, 1, , , 3284.0630000000001019, 1, , , 3284.0630000000001019, 1, , , 3284.0630000000001019, 1
, , 3284.068000000000211, 1, , , 3284.068000000000211, 1, , , 3284.068000000000211, 1, , , 3284.068000000000211, 1
, , 3284.0740000000000691, 1, , , 3284.0740000000000691, 1, , , 3284.0740000000000691, 1, , , 3284.0740000000000691, 1
, , 3284.0779999999999745, 1, , , 3284.0779999999999745, 1, , , 3284.0779999999999745, 1, , , 3284.0779999999999745, 1
, , 3284.0830000000000837, 1, , , 3284.0830000000000837, 1, , , 3284.0830000000000837, 1, , , 3284.0830000000000837, 1
, , 3284.0880000000001928, 1, , , 3284.0880000000001928, 1, , , 3284.0880000000001928, 1, , , 3284.0880000000001928, 1
, , 3284.0940000000000509, 1, , , 3284.0940000000000509, 1, , , 3284.0940000000000509, 1, , , 3284.0940000000000509, 1
, , 3284.0979999999999563, 0, , , 3284.0979999999999563, 1, , , 3284.0979999999999563, 1, , , 3284.0979999999999563, 0
, , 3284.1039999999998145, 0, , , 3284.1039999999998145, 1, , , 3284.1039999999998145, 1, , , 3284.1039999999998145, 0
, , 3284.1080000000001746, 0, , , 3284.1080000000001746, 1, , , 3284.1080000000001746, 1, , , 3284.1080000000001746, 0
, , 3284.112999999999829, 0, , , 3284.112999999999829, 1, , , 3284.112999999999829, 1, , , 3284.112999999999829, 0
, , 3284.1170000000001892, 0, , , 3284.1170000000001892, 1, , , 3284.1170000000001892, 1, , , 3284.1170000000001892, 0
, , 3284.1230000000000473, 0, , , 3284.1230000000000473, 1, , , 3284.1230000000000473, 1, , , 3284.1230000000000473, 0
, , 3284.1289999999999054, 0, , , 3284.1289999999999054, 1, , , 3284.1289999999999054, 1, , , 3284.1289999999999054, 0
, , 3284.1329999999998108, 0, , , 3284.1329999999998108, 1, , , 3284.1329999999998108, 1, , , 3284.1329999999998108, 0
, , 3284.13799999999992, 0, , , 3284.13799999999992, 1, , , 3284.13799999999992, 1, , , 3284.13799999999992, 0
, , 3284.1430000000000291, 0, , , 3284.1430000000000291, 1, , , 3284.1430000000000291, 1, , , 3284.1430000000000291, 0
, , 3284.1480000000001382, 0, , , 3284.1480000000001382, 1, , , 3284.1480000000001382, 1, , , 3284.1480000000001382, 0
, , 3284.1529999999997926, 0, , , 3284.1529999999997926, 1, , , 3284.1529999999997926, 1, , , 3284.1529999999997926, 0
, , 3284.1579999999999018, 0, , , 3284.1579999999999018, 1, , , 3284.1579999999999018, 1, , , 3284.1579999999999018, 0
, , 3284.1630000000000109, 0, , , 3284.1630000000000109, 1, , , 3284.1630000000000109, 1, , , 3284.1630000000000109, 0
, , 3284.1700000000000728, 0, , , 3284.1700000000000728, 1, , , 3284.1700000000000728, 1, , , 3284.1700000000000728, 0
, , 3284.1729999999997744, 0, , , 3284.1729999999997744, 1, , , 3284.1729999999997744, 1, , , 3284.1729999999997744, 0
, , 3284.1779999999998836, 0, , , 3284.1779999999998836, 1, , , 3284.1779999999998836, 1, , , 3284.1779999999998836, 0
, , 3284.1829999999999927, 0, , , 3284.1829999999999927, 1, , , 3284.1829999999999927, 1, , , 3284.1829999999999927, 0
, , 3284.1880000000001019, 0, , , 3284.1880000000001019, 1, , , 3284.1880000000001019, 1, , , 3284.1880000000001019, 0
, , 3284.193000000000211, 0, , , 3284.193000000000211, 1, , , 3284.193000000000211, 1, , , 3284.193000000000211, 0
, , 3284.1990000000000691, 0, , , 3284.1990000000000691, 1, , , 3284.1990000000000691, 1, , , 3284.1990000000000691, 0
, , 3284.2040000000001783, 0, , , 3284.2040000000001783, 1, , , 3284.2040000000001783, 1, , , 3284.2040000000001783, 0
, , 3284.2089999999998327, 0, , , 3284.2089999999998327, 1, , , 3284.2089999999998327, 1, , , 3284.2089999999998327, 0
, , 3284.2130000000001928, 0, , , 3284.2130000000001928, 1, , , 3284.2130000000001928, 1, , , 3284.2130000000001928, 0
, , 3284.2179999999998472, 0, , , 3284.2179999999998472, 1, , , 3284.2179999999998472, 1, , , 3284.2179999999998472, 0
, , 3284.2229999999999563, 0, , , 3284.2229999999999563, 1, , , 3284.2229999999999563, 1, , , 3284.2229999999999563, 0
, , 3284.2280000000000655, 0, , , 3284.2280000000000655, 1, , , 3284.2280000000000655, 1, , , 3284.2280000000000655, 0
, , 3284.2330000000001746, 0, , , 3284.2330000000001746, 1, , , 3284.2330000000001746, 1, , , 3284.2330000000001746, 0
, , 3284.237999999999829, 0, , , 3284.237999999999829, 1, , , 3284.237999999999829, 1, , , 3284.237999999999829, 0
, , 3284.2429999999999382, 0, , , 3284.2429999999999382, 1, , , 3284.2429999999999382, 1, , , 3284.2429999999999382, 0
, , 3284.2480000000000473, 0, , , 3284.2480000000000473, 1, , , 3284.2480000000000473, 1, , , 3284.2480000000000473, 0
, , 3284.2559999999998581, 0, , , 3284.2559999999998581, 1, , , 3284.2559999999998581, 1, , , 3284.2559999999998581, 0
, , 3284.2579999999998108, 0, , , 3284.2579999999998108, 1, , , 3284.2579999999998108, 1, , , 3284.2579999999998108, 0
, , 3284.2640000000001237, 0, , , 3284.2640000000001237, 1, , , 3284.2640000000001237, 1, , , 3284.2640000000001237, 0
, , 3284.2680000000000291, 0, , , 3284.2680000000000291, 1, , , 3284.2680000000000291, 1, , , 3284.2680000000000291, 0
, , 3284.2730000000001382, 0, , , 3284.2730000000001382, 1, , , 3284.2730000000001382, 1, , , 3284.2730000000001382, 0
, , 3284.2779999999997926, 0, , , 3284.2779999999997926, 1, , , 3284.2779999999997926, 1, , , 3284.2779999999997926, 0
, , 3284.2829999999999018, 0, , , 3284.2829999999999018, 1, , , 3284.2829999999999018, 1, , , 3284.2829999999999018, 0
, , 3284.2880000000000109, 0, , , 3284.2880000000000109, 1, , , 3284.2880000000000109, 1, , , 3284.2880000000000109, 0
, , 3284.293999999999869, 0, , , 3284.293999999999869, 1, , , 3284.293999999999869, 1, , , 3284.293999999999869, 0
, , 3284.3000000000001819, 0, , , 3284.3000000000001819, 1, , , 3284.3000000000001819, 1, , , 3284.3000000000001819, 0
, , 3284.3040000000000873, 0, , , 3284.3040000000000873, 1, , , 3284.3040000000000873, 1, , , 3284.3040000000000873, 0
, , 3284.3079999999999927, 0, , , 3284.3079999999999927, 1, , , 3284.3079999999999927, 1, , , 3284.3079999999999927, 0
, , 3284.3130000000001019, 0, , , 3284.3130000000001019, 1, , , 3284.3130000000001019, 1, , , 3284.3130000000001019, 0
, , 3284.318000000000211, 0, , , 3284.318000000000211, 1, , , 3284.318000000000211, 1, , , 3284.318000000000211, 0
, , 3284.3229999999998654, 0, , , 3284.3229999999998654, 1, , , 3284.3229999999998654, 1, , , 3284.3229999999998654, 0
, , 3284.3279999999999745, 0, , , 3284.3279999999999745, 1, , , 3284.3279999999999745, 1, , , 3284.3279999999999745, 0
, , 3284.3330000000000837, 0, , , 3284.3330000000000837, 1, , , 3284.3330000000000837, 1, , , 3284.3330000000000837, 0
, , 3284.3380000000001928, 0, , , 3284.3380000000001928, 1, , , 3284.3380000000001928, 1, , , 3284.3380000000001928, 0
, , 3284.3449999999997999, 0, , , 3284.3449999999997999, 1, , , 3284.3449999999997999, 1, , , 3284.3449999999997999, 0
, , 3284.3479999999999563, 0, , , 3284.3479999999999563, 1, , , 3284.3479999999999563, 1, , , 3284.3479999999999563, 0
, , 3284.3530000000000655, 1, , , 3284.3530000000000655, 1, , , 3284.3530000000000655, 1, , , 3284.3530000000000655, 1
, , 3284.3580000000001746, 1, , , 3284.3580000000001746, 1, , , 3284.3580000000001746, 1, , , 3284.3580000000001746, 1
, , 3284.362999999999829, 1, , , 3284.362999999999829, 1, , , 3284.362999999999829, 1, , , 3284.362999999999829, 1
, , 3284.3679999999999382, 1, , , 3284.3679999999999382, 1, , , 3284.3679999999999382, 1, , , 3284.3679999999999382, 1
, , 3284.3730000000000473, 1, , , 3284.3730000000000473, 1, , , 3284.3730000000000473, 1, , , 3284.3730000000000473, 1
, , 3284.3780000000001564, 1, , , 3284.3780000000001564, 1, , , 3284.3780000000001564, 1, , , 3284.3780000000001564, 1
, , 3284.3829999999998108, 1, , , 3284.3829999999998108, 1, , , 3284.3829999999998108, 1, , , 3284.3829999999998108, 1
, , 3284.3890000000001237, 1, , , 3284.3890000000001237, 1, , , 3284.3890000000001237, 1, , , 3284.3890000000001237, 1
, , 3284.3930000000000291, 1, , , 3284.3930000000000291, 1, , , 3284.3930000000000291, 1, , , 3284.3930000000000291, 1
, , 3284.3980000000001382, 1, , , 3284.3980000000001382, 1, , , 3284.3980000000001382, 1, , , 3284.3980000000001382, 1
, , 3284.4029999999997926, 1, , , 3284.4029999999997926, 1, , , 3284.4029999999997926, 1, , , 3284.4029999999997926, 1
, , 3284.4090000000001055, 1, , , 3284.4090000000001055, 1, , , 3284.4090000000001055, 1, , , 3284.4090000000001055, 1
, , 3284.4140000000002146, 1, , , 3284.4140000000002146, 1, , , 3284.4140000000002146, 1, , , 3284.4140000000002146, 1
, , 3284.4180000000001201, 1, , , 3284.4180000000001201, 1, , , 3284.4180000000001201, 1, , , 3284.4180000000001201, 1
, , 3284.4239999999999782, 1, , , 3284.4239999999999782, 1, , , 3284.4239999999999782, 1, , , 3284.4239999999999782, 1
, , 3284.4290000000000873, 1, , , 3284.4290000000000873, 0, , , 3284.4290000000000873, 0, , , 3284.4290000000000873, 1
, , 3284.4329999999999927, 1, , , 3284.4329999999999927, 0, , , 3284.4329999999999927, 0, , , 3284.4329999999999927, 1
, , 3284.4380000000001019, 1, , , 3284.4380000000001019, 0, , , 3284.4380000000001019, 0, , , 3284.4380000000001019, 1
, , 3284.443000000000211, 1, , , 3284.443000000000211, 0, , , 3284.443000000000211, 0, , , 3284.443000000000211, 1
, , 3284.4479999999998654, 1, , , 3284.4479999999998654, 0, , , 3284.4479999999998654, 0, , , 3284.4479999999998654, 1
, , 3284.4529999999999745, 1, , , 3284.4529999999999745, 0, , , 3284.4529999999999745, 0, , , 3284.4529999999999745, 1
, , 3284.4580000000000837, 1, , , 3284.4580000000000837, 0, , , 3284.4580000000000837, 0, , , 3284.4580000000000837, 1
, , 3284.4630000000001928, 1, , , 3284.4630000000001928, 0, , , 3284.4630000000001928, 0, , , 3284.4630000000001928, 1
, , 3284.4679999999998472, 1, , , 3284.4679999999998472, 0, , , 3284.4679999999998472, 0, , , 3284.4679999999998472, 1
, , 3284.4729999999999563, 1, , , 3284.4729999999999563, 0, , , 3284.4729999999999563, 0, , , 3284.4729999999999563, 1
, , 3284.4780000000000655, 1, , , 3284.4780000000000655, 0, , , 3284.4780000000000655, 0, , , 3284.4780000000000655, 1
, , 3284.4830000000001746, 1, , , 3284.4830000000001746, 0, , , 3284.4830000000001746, 0, , , 3284.4830000000001746, 1
, , 3284.4890000000000327, 1, , , 3284.4890000000000327, 0, , , 3284.4890000000000327, 0, , , 3284.4890000000000327, 1
, , 3284.4929999999999382, 1, , , 3284.4929999999999382, 0, , , 3284.4929999999999382, 0, , , 3284.4929999999999382, 1
, , 3284.4989999999997963, 1, , , 3284.4989999999997963, 0, , , 3284.4989999999997963, 0, , , 3284.4989999999997963, 1
, , 3284.5030000000001564, 1, , , 3284.5030000000001564, 0, , , 3284.5030000000001564, 0, , , 3284.5030000000001564, 1
, , 3284.5090000000000146, 1, , , 3284.5090000000000146, 0, , , 3284.5090000000000146, 0, , , 3284.5090000000000146, 1
, , 3284.51299999999992, 1, , , 3284.51299999999992, 0, , , 3284.51299999999992, 0, , , 3284.51299999999992, 1
, , 3284.5180000000000291, 1, , , 3284.5180000000000291, 0, , , 3284.5180000000000291, 0, , , 3284.5180000000000291, 1
, , 3284.5230000000001382, 1, , , 3284.5230000000001382, 0, , , 3284.5230000000001382, 0, , , 3284.5230000000001382, 1
, , 3284.5279999999997926, 1, , , 3284.5279999999997926, 0, , , 3284.5279999999997926, 0, , , 3284.5279999999997926, 1
, , 3284.5329999999999018, 1, , , 3284.5329999999999018, 0, , , 3284.5329999999999018, 0, , , 3284.5329999999999018, 1
, , 3284.5390000000002146, 1, , , 3284.5390000000002146, 0, , , 3284.5390000000002146, 0, , , 3284.5390000000002146, 1
, , 3284.5430000000001201, 1, , , 3284.5430000000001201, 0, , , 3284.5430000000001201, 0, , , 3284.5430000000001201, 1
, , 3284.5489999999999782, 1, , , 3284.5489999999999782, 0, , , 3284.5489999999999782, 0, , , 3284.5489999999999782, 1
, , 3284.5540000000000873, 1, , , 3284.5540000000000873, 0, , , 3284.5540000000000873, 0, , , 3284.5540000000000873, 1
, , 3284.5579999999999927, 1, , , 3284.5579999999999927, 0, , , 3284.5579999999999927, 0, , , 3284.5579999999999927, 1
, , 3284.5639999999998508, 1, , , 3284.5639999999998508, 0, , , 3284.5639999999998508, 0, , , 3284.5639999999998508, 1
, , 3284.568000000000211, 1, , , 3284.568000000000211, 0, , , 3284.568000000000211, 0, , , 3284.568000000000211, 1
, , 3284.5729999999998654, 1, , , 3284.5729999999998654, 0, , , 3284.5729999999998654, 0, , , 3284.5729999999998654, 1
, , 3284.5779999999999745, 1, , , 3284.5779999999999745, 0, , , 3284.5779999999999745, 0, , , 3284.5779999999999745, 1
, , 3284.5830000000000837, 1, , , 3284.5830000000000837, 0, , , 3284.5830000000000837, 0, , , 3284.5830000000000837, 1
, , 3284.5880000000001928, 1, , , 3284.5880000000001928, 0, , , 3284.5880000000001928, 0, , , 3284.5880000000001928, 1
, , 3284.5929999999998472, 1, , , 3284.5929999999998472, 0, , , 3284.5929999999998472, 0, , , 3284.5929999999998472, 1
, , 3284.6019999999998618, 1, , , 3284.6019999999998618, 0, , , 3284.6019999999998618, 0, , , 3284.6019999999998618, 1
, , 3284.6030000000000655, 1, , , 3284.6030000000000655, 0, , , 3284.6030000000000655, 0, , , 3284.6030000000000655, 1
, , 3284.6080000000001746, 1, , , 3284.6080000000001746, 0, , , 3284.6080000000001746, 0, , , 3284.6080000000001746, 1
, , 3284.6140000000000327, 1, , , 3284.6140000000000327, 0, , , 3284.6140000000000327, 0, , , 3284.6140000000000327, 1
, , 3284.6179999999999382, 1, , , 3284.6179999999999382, 0, , , 3284.6179999999999382, 0, , , 3284.6179999999999382, 1
, , 3284.6230000000000473, 1, , , 3284.6230000000000473, 0, , , 3284.6230000000000473, 0, , , 3284.6230000000000473, 1
, , 3284.6289999999999054, 1, , , 3284.6289999999999054, 0, , , 3284.6289999999999054, 0, , , 3284.6289999999999054, 1
, , 3284.6329999999998108, 1, , , 3284.6329999999998108, 0, , , 3284.6329999999998108, 0, , , 3284.6329999999998108, 1
, , 3284.63799999999992, 1, , , 3284.63799999999992, 0, , , 3284.63799999999992, 0, , , 3284.63799999999992, 1
, , 3284.6430000000000291, 1, , , 3284.6430000000000291, 0, , , 3284.6430000000000291, 0, , , 3284.6430000000000291, 1
, , 3284.6480000000001382, 1, , , 3284.6480000000001382, 0, , , 3284.6480000000001382, 0, , , 3284.6480000000001382, 1
, , 3284.6529999999997926, 1, , , 3284.6529999999997926, 0, , , 3284.6529999999997926, 0, , , 3284.6529999999997926, 1
, , 3284.6579999999999018, 1, , , 3284.6579999999999018, 0, , , 3284.6579999999999018, 0, , , 3284.6579999999999018, 1
, , 3284.6630000000000109, 1, , , 3284.6630000000000109, 0, , , 3284.6630000000000109, 0, , , 3284.6630000000000109, 1
, , 3284.6680000000001201, 1, , , 3284.6680000000001201, 0, , , 3284.6680000000001201, 0, , , 3284.6680000000001201, 1
, , 3284.6729999999997744, 1, , , 3284.6729999999997744, 0, , , 3284.6729999999997744, 0, , , 3284.6729999999997744, 1
, , 3284.6790000000000873, 1, , , 3284.6790000000000873, 1, , , 3284.6790000000000873, 1, , , 3284.6790000000000873, 1
, , 3284.6829999999999927, 1, , , 3284.6829999999999927, 1, , , 3284.6829999999999927, 1, , , 3284.6829999999999927, 1
, , 3284.6880000000001019, 1, , , 3284.6880000000001019, 1, , , 3284.6880000000001019, 1, , , 3284.6880000000001019, 1
, , 3284.69399999999996, 1, , , 3284.69399999999996, 1, , , 3284.69399999999996, 1, , , 3284.69399999999996, 1
, , 3284.6979999999998654, 1, , , 3284.6979999999998654, 1, , , 3284.6979999999998654, 1, , , 3284.6979999999998654, 1
, , 3284.7029999999999745, 1, , , 3284.7029999999999745, 1, , , 3284.7029999999999745, 1, , , 3284.7029999999999745, 1
, , 3284.7080000000000837, 1, , , 3284.7080000000000837, 1, , , 3284.7080000000000837, 1, , , 3284.7080000000000837, 1
, , 3284.7139999999999418, 1, , , 3284.7139999999999418, 1, , , 3284.7139999999999418, 1, , , 3284.7139999999999418, 1
, , 3284.7229999999999563, 1, , , 3284.7229999999999563, 1, , , 3284.7229999999999563, 1, , , 3284.7229999999999563, 1
, , 3284.7249999999999091, 1, , , 3284.7249999999999091, 1, , , 3284.7249999999999091, 1, , , 3284.7249999999999091, 1
, , 3284.7289999999998145, 1, , , 3284.7289999999998145, 1, , , 3284.7289999999998145, 1, , , 3284.7289999999998145, 1
, , 3284.7330000000001746, 1, , , 3284.7330000000001746, 1, , , 3284.7330000000001746, 1, , , 3284.7330000000001746, 1
, , 3284.7390000000000327, 1, , , 3284.7390000000000327, 1, , , 3284.7390000000000327, 1, , , 3284.7390000000000327, 1
, , 3284.7429999999999382, 1, , , 3284.7429999999999382, 1, , , 3284.7429999999999382, 1, , , 3284.7429999999999382, 1
, , 3284.75, 1, , , 3284.75, 1, , , 3284.75, 1, , , 3284.75, 1
, , 3284.7530000000001564, 0, , , 3284.7530000000001564, 1, , , 3284.7530000000001564, 1, , , 3284.7530000000001564, 0
, , 3284.7579999999998108, 0, , , 3284.7579999999998108, 1, , , 3284.7579999999998108, 1, , , 3284.7579999999998108, 0
, , 3284.76299999999992, 0, , , 3284.76299999999992, 1, , , 3284.76299999999992, 1, , , 3284.76299999999992, 0
, , 3284.7680000000000291, 0, , , 3284.7680000000000291, 1, , , 3284.7680000000000291, 1, , , 3284.7680000000000291, 0
, , 3284.7730000000001382, 0, , , 3284.7730000000001382, 1, , , 3284.7730000000001382, 1, , , 3284.7730000000001382, 0
, , 3284.7779999999997926, 0, , , 3284.7779999999997926, 1, , , 3284.7779999999997926, 1, , , 3284.7779999999997926, 0
, , 3284.7820000000001528, 0, , , 3284.7820000000001528, 1, , , 3284.7820000000001528, 1, , , 3284.7820000000001528, 0
, , 3284.7880000000000109, 0, , , 3284.7880000000000109, 1, , , 3284.7880000000000109, 1, , , 3284.7880000000000109, 0
, , 3284.7930000000001201, 0, , , 3284.7930000000001201, 1, , , 3284.7930000000001201, 1, , , 3284.7930000000001201, 0
, , 3284.7979999999997744, 0, , , 3284.7979999999997744, 1, , , 3284.7979999999997744, 1, , , 3284.7979999999997744, 0
, , 3284.8029999999998836, 0, , , 3284.8029999999998836, 1, , , 3284.8029999999998836, 1, , , 3284.8029999999998836, 0
, , 3284.8079999999999927, 0, , , 3284.8079999999999927, 1, , , 3284.8079999999999927, 1, , , 3284.8079999999999927, 0
, , 3284.8139999999998508, 0, , , 3284.8139999999998508, 1, , , 3284.8139999999998508, 1, , , 3284.8139999999998508, 0
, , 3284.818000000000211, 0, , , 3284.818000000000211, 1, , , 3284.818000000000211, 1, , , 3284.818000000000211, 0
, , 3284.8240000000000691, 0, , , 3284.8240000000000691, 1, , , 3284.8240000000000691, 1, , , 3284.8240000000000691, 0
, , 3284.8279999999999745, 0, , , 3284.8279999999999745, 1, , , 3284.8279999999999745, 1, , , 3284.8279999999999745, 0
, , 3284.8330000000000837, 0, , , 3284.8330000000000837, 1, , , 3284.8330000000000837, 1, , , 3284.8330000000000837, 0
, , 3284.8380000000001928, 0, , , 3284.8380000000001928, 1, , , 3284.8380000000001928, 1, , , 3284.8380000000001928, 0
, , 3284.8429999999998472, 0, , , 3284.8429999999998472, 1, , , 3284.8429999999998472, 1, , , 3284.8429999999998472, 0
, , 3284.8479999999999563, 0, , , 3284.8479999999999563, 1, , , 3284.8479999999999563, 1, , , 3284.8479999999999563, 0
, , 3284.8530000000000655, 0, , , 3284.8530000000000655, 1, , , 3284.8530000000000655, 1, , , 3284.8530000000000655, 0
, , 3284.86200000000008, 0, , , 3284.86200000000008, 1, , , 3284.86200000000008, 1, , , 3284.86200000000008, 0
, , 3284.8640000000000327, 0, , , 3284.8640000000000327, 1, , , 3284.8640000000000327, 1, , , 3284.8640000000000327, 0
, , 3284.8679999999999382, 0, , , 3284.8679999999999382, 1, , , 3284.8679999999999382, 1, , , 3284.8679999999999382, 0
, , 3284.8739999999997963, 0, , , 3284.8739999999997963, 1, , , 3284.8739999999997963, 1, , , 3284.8739999999997963, 0
, , 3284.8780000000001564, 0, , , 3284.8780000000001564, 1, , , 3284.8780000000001564, 1, , , 3284.8780000000001564, 0
, , 3284.8829999999998108, 0, , , 3284.8829999999998108, 1, , , 3284.8829999999998108, 1, , , 3284.8829999999998108, 0
, , 3284.88799999999992, 0, , , 3284.88799999999992, 1, , , 3284.88799999999992, 1, , , 3284.88799999999992, 0
, , 3284.8930000000000291, 0, , , 3284.8930000000000291, 1, , , 3284.8930000000000291, 1, , , 3284.8930000000000291, 0
, , 3284.8980000000001382, 0, , , 3284.8980000000001382, 1, , , 3284.8980000000001382, 1, , , 3284.8980000000001382, 0
, , 3284.9029999999997926, 0, , , 3284.9029999999997926, 1, , , 3284.9029999999997926, 1, , , 3284.9029999999997926, 0
, , 3284.9079999999999018, 0, , , 3284.9079999999999018, 1, , , 3284.9079999999999018, 1, , , 3284.9079999999999018, 0
, , 3284.9130000000000109, 0, , , 3284.9130000000000109, 1, , , 3284.9130000000000109, 1, , , 3284.9130000000000109, 0
, , 3284.9180000000001201, 0, , , 3284.9180000000001201, 1, , , 3284.9180000000001201, 1, , , 3284.9180000000001201, 0
, , 3284.9229999999997744, 0, , , 3284.9229999999997744, 1, , , 3284.9229999999997744, 1, , , 3284.9229999999997744, 0
, , 3284.9279999999998836, 0, , , 3284.9279999999998836, 1, , , 3284.9279999999998836, 1, , , 3284.9279999999998836, 0
, , 3284.9329999999999927, 0, , , 3284.9329999999999927, 1, , , 3284.9329999999999927, 1, , , 3284.9329999999999927, 0
, , 3284.9380000000001019, 0, , , 3284.9380000000001019, 1, , , 3284.9380000000001019, 1, , , 3284.9380000000001019, 0
, , 3284.943000000000211, 0, , , 3284.943000000000211, 1, , , 3284.943000000000211, 1, , , 3284.943000000000211, 0
, , 3284.9490000000000691, 0, , , 3284.9490000000000691, 1, , , 3284.9490000000000691, 1, , , 3284.9490000000000691, 0
, , 3284.9540000000001783, 0, , , 3284.9540000000001783, 1, , , 3284.9540000000001783, 1, , , 3284.9540000000001783, 0
, , 3284.9589999999998327, 0, , , 3284.9589999999998327, 1, , , 3284.9589999999998327, 1, , , 3284.9589999999998327, 0
, , 3284.9630000000001928, 0, , , 3284.9630000000001928, 1, , , 3284.9630000000001928, 1, , , 3284.9630000000001928, 0
, , 3284.9679999999998472, 0, , , 3284.9679999999998472, 1, , , 3284.9679999999998472, 1, , , 3284.9679999999998472, 0
, , 3284.9729999999999563, 0, , , 3284.9729999999999563, 1, , , 3284.9729999999999563, 1, , , 3284.9729999999999563, 0
, , 3284.9780000000000655, 0, , , 3284.9780000000000655, 1, , , 3284.9780000000000655, 1, , , 3284.9780000000000655, 0
, , 3284.9830000000001746, 0, , , 3284.9830000000001746, 1, , , 3284.9830000000001746, 1, , , 3284.9830000000001746, 0
, , 3284.987999999999829, 0, , , 3284.987999999999829, 1, , , 3284.987999999999829, 1, , , 3284.987999999999829, 0
, , 3284.9929999999999382, 0, , , 3284.9929999999999382, 1, , , 3284.9929999999999382, 1, , , 3284.9929999999999382, 0
, , 3284.9980000000000473, 0, , , 3284.9980000000000473, 1, , , 3284.9980000000000473, 1, , , 3284.9980000000000473, 0
, , 3285.0030000000001564, 1, , , 3285.0030000000001564, 1, , , 3285.0030000000001564, 1, , , 3285.0030000000001564, 1
, , 3285.0079999999998108, 1, , , 3285.0079999999998108, 1, , , 3285.0079999999998108, 1, , , 3285.0079999999998108, 1
, , 3285.0140000000001237, 1, , , 3285.0140000000001237, 1, , , 3285.0140000000001237, 1, , , 3285.0140000000001237, 1
, , 3285.0169999999998254, 1, , , 3285.0169999999998254, 1, , , 3285.0169999999998254, 1, , , 3285.0169999999998254, 1
, , 3285.0230000000001382, 1, , , 3285.0230000000001382, 1, , , 3285.0230000000001382, 1, , , 3285.0230000000001382, 1
, , 3285.0279999999997926, 1, , , 3285.0279999999997926, 1, , , 3285.0279999999997926, 1, , , 3285.0279999999997926, 1
, , 3285.0349999999998545, 1, , , 3285.0349999999998545, 1, , , 3285.0349999999998545, 1, , , 3285.0349999999998545, 1
, , 3285.0380000000000109, 1, , , 3285.0380000000000109, 1, , , 3285.0380000000000109, 1, , , 3285.0380000000000109, 1
, , 3285.0430000000001201, 1, , , 3285.0430000000001201, 1, , , 3285.0430000000001201, 1, , , 3285.0430000000001201, 1
, , 3285.0479999999997744, 1, , , 3285.0479999999997744, 1, , , 3285.0479999999997744, 1, , , 3285.0479999999997744, 1
, , 3285.0529999999998836, 1, , , 3285.0529999999998836, 1, , , 3285.0529999999998836, 1, , , 3285.0529999999998836, 1
, , 3285.0590000000001965, 1, , , 3285.0590000000001965, 1, , , 3285.0590000000001965, 1, , , 3285.0590000000001965, 1
, , 3285.0630000000001019, 1, , , 3285.0630000000001019, 1, , , 3285.0630000000001019, 1, , , 3285.0630000000001019, 1
, , 3285.068000000000211, 1, , , 3285.068000000000211, 1, , , 3285.068000000000211, 1, , , 3285.068000000000211, 1
, , 3285.0729999999998654, 1, , , 3285.0729999999998654, 1, , , 3285.0729999999998654, 1, , , 3285.0729999999998654, 1
, , 3285.0779999999999745, 1, , , 3285.0779999999999745, 0, , , 3285.0779999999999745, 0, , , 3285.0779999999999745, 1
, , 3285.0830000000000837, 1, , , 3285.0830000000000837, 0, , , 3285.0830000000000837, 0, , , 3285.0830000000000837, 1
, , 3285.0880000000001928, 1, , , 3285.0880000000001928, 0, , , 3285.0880000000001928, 0, , , 3285.0880000000001928, 1
, , 3285.0909999999998945, 1, , , 3285.0909999999998945, 0, , , 3285.0909999999998945, 0, , , 3285.0909999999998945, 1
, , 3285.0979999999999563, 1, , , 3285.0979999999999563, 0, , , 3285.0979999999999563, 0, , , 3285.0979999999999563, 1
, , 3285.1030000000000655, 1, , , 3285.1030000000000655, 0, , , 3285.1030000000000655, 0, , , 3285.1030000000000655, 1
, , 3285.1080000000001746, 1, , , 3285.1080000000001746, 0, , , 3285.1080000000001746, 0, , , 3285.1080000000001746, 1
, , 3285.112999999999829, 1, , , 3285.112999999999829, 0, , , 3285.112999999999829, 0, , , 3285.112999999999829, 1
, , 3285.1179999999999382, 1, , , 3285.1179999999999382, 0, , , 3285.1179999999999382, 0, , , 3285.1179999999999382, 1
, , 3285.1230000000000473, 1, , , 3285.1230000000000473, 0, , , 3285.1230000000000473, 0, , , 3285.1230000000000473, 1
, , 3285.1280000000001564, 1, , , 3285.1280000000001564, 0, , , 3285.1280000000001564, 0, , , 3285.1280000000001564, 1
, , 3285.1329999999998108, 1, , , 3285.1329999999998108, 0, , , 3285.1329999999998108, 0, , , 3285.1329999999998108, 1
, , 3285.1390000000001237, 1, , , 3285.1390000000001237, 0, , , 3285.1390000000001237, 0, , , 3285.1390000000001237, 1
, , 3285.1430000000000291, 1, , , 3285.1430000000000291, 0, , , 3285.1430000000000291, 0, , , 3285.1430000000000291, 1
, , 3285.1489999999998872, 1, , , 3285.1489999999998872, 0, , , 3285.1489999999998872, 0, , , 3285.1489999999998872, 1
, , 3285.1520000000000437, 1, , , 3285.1520000000000437, 0, , , 3285.1520000000000437, 0, , , 3285.1520000000000437, 1
, , 3285.1579999999999018, 1, , , 3285.1579999999999018, 0, , , 3285.1579999999999018, 0, , , 3285.1579999999999018, 1
, , 3285.1640000000002146, 1, , , 3285.1640000000002146, 0, , , 3285.1640000000002146, 0, , , 3285.1640000000002146, 1
, , 3285.1680000000001201, 1, , , 3285.1680000000001201, 0, , , 3285.1680000000001201, 0, , , 3285.1680000000001201, 1
, , 3285.1729999999997744, 1, , , 3285.1729999999997744, 0, , , 3285.1729999999997744, 0, , , 3285.1729999999997744, 1
, , 3285.1779999999998836, 1, , , 3285.1779999999998836, 0, , , 3285.1779999999998836, 0, , , 3285.1779999999998836, 1
, , 3285.1829999999999927, 1, , , 3285.1829999999999927, 0, , , 3285.1829999999999927, 0, , , 3285.1829999999999927, 1
, , 3285.1880000000001019, 1, , , 3285.1880000000001019, 0, , , 3285.1880000000001019, 0, , , 3285.1880000000001019, 1
, , 3285.193000000000211, 1, , , 3285.193000000000211, 0, , , 3285.193000000000211, 0, , , 3285.193000000000211, 1
, , 3285.1979999999998654, 1, , , 3285.1979999999998654, 0, , , 3285.1979999999998654, 0, , , 3285.1979999999998654, 1
, , 3285.2029999999999745, 1, , , 3285.2029999999999745, 0, , , 3285.2029999999999745, 0, , , 3285.2029999999999745, 1
, , 3285.2080000000000837, 1, , , 3285.2080000000000837, 0, , , 3285.2080000000000837, 0, , , 3285.2080000000000837, 1
, , 3285.2130000000001928, 1, , , 3285.2130000000001928, 0, , , 3285.2130000000001928, 0, , , 3285.2130000000001928, 1
, , 3285.2190000000000509, 1, , , 3285.2190000000000509, 0, , , 3285.2190000000000509, 0, , , 3285.2190000000000509, 1
, , 3285.2229999999999563, 1, , , 3285.2229999999999563, 0, , , 3285.2229999999999563, 0, , , 3285.2229999999999563, 1
, , 3285.2280000000000655, 1, , , 3285.2280000000000655, 0, , , 3285.2280000000000655, 0, , , 3285.2280000000000655, 1
, , 3285.2319999999999709, 1, , , 3285.2319999999999709, 0, , , 3285.2319999999999709, 0, , , 3285.2319999999999709, 1
, , 3285.237999999999829, 1, , , 3285.237999999999829, 0, , , 3285.237999999999829, 0, , , 3285.237999999999829, 1
, , 3285.2429999999999382, 1, , , 3285.2429999999999382, 0, , , 3285.2429999999999382, 0, , , 3285.2429999999999382, 1
, , 3285.2480000000000473, 1, , , 3285.2480000000000473, 0, , , 3285.2480000000000473, 0, , , 3285.2480000000000473, 1
, , 3285.2530000000001564, 1, , , 3285.2530000000001564, 0, , , 3285.2530000000001564, 0, , , 3285.2530000000001564, 1
, , 3285.2590000000000146, 1, , , 3285.2590000000000146, 0, , , 3285.2590000000000146, 0, , , 3285.2590000000000146, 1
, , 3285.26299999999992, 1, , , 3285.26299999999992, 0, , , 3285.26299999999992, 0, , , 3285.26299999999992, 1
, , 3285.2680000000000291, 1, , , 3285.2680000000000291, 0, , , 3285.2680000000000291, 0, , , 3285.2680000000000291, 1
, , 3285.2739999999998872, 1, , , 3285.2739999999998872, 0, , , 3285.2739999999998872, 0, , , 3285.2739999999998872, 1
, , 3285.2789999999999964, 1, , , 3285.2789999999999964, 0, , , 3285.2789999999999964, 0, , , 3285.2789999999999964, 1
, , 3285.2840000000001055, 1, , , 3285.2840000000001055, 0, , , 3285.2840000000001055, 0, , , 3285.2840000000001055, 1
, , 3285.2880000000000109, 1, , , 3285.2880000000000109, 0, , , 3285.2880000000000109, 0, , , 3285.2880000000000109, 1
, , 3285.293999999999869, 1, , , 3285.293999999999869, 0, , , 3285.293999999999869, 0, , , 3285.293999999999869, 1
, , 3285.2979999999997744, 1, , , 3285.2979999999997744, 0, , , 3285.2979999999997744, 0, , , 3285.2979999999997744, 1
, , 3285.3040000000000873, 1, , , 3285.3040000000000873, 0, , , 3285.3040000000000873, 0, , , 3285.3040000000000873, 1
, , 3285.3090000000001965, 1, , , 3285.3090000000001965, 0, , , 3285.3090000000001965, 0, , , 3285.3090000000001965, 1
, , 3285.3130000000001019, 1, , , 3285.3130000000001019, 0, , , 3285.3130000000001019, 0, , , 3285.3130000000001019, 1
, , 3285.318000000000211, 1, , , 3285.318000000000211, 0, , , 3285.318000000000211, 0, , , 3285.318000000000211, 1
, , 3285.3229999999998654, 1, , , 3285.3229999999998654, 0, , , 3285.3229999999998654, 0, , , 3285.3229999999998654, 1
, , 3285.3279999999999745, 1, , , 3285.3279999999999745, 1, , , 3285.3279999999999745, 1, , , 3285.3279999999999745, 1
, , 3285.3330000000000837, 1, , , 3285.3330000000000837, 1, , , 3285.3330000000000837, 1, , , 3285.3330000000000837, 1
, , 3285.3350000000000364, 1, , , 3285.3350000000000364, 1, , , 3285.3350000000000364, 1, , , 3285.3350000000000364, 1
, , 3285.3429999999998472, 1, , , 3285.3429999999998472, 1, , , 3285.3429999999998472, 1, , , 3285.3429999999998472, 1
, , 3285.3490000000001601, 1, , , 3285.3490000000001601, 1, , , 3285.3490000000001601, 1, , , 3285.3490000000001601, 1
, , 3285.3539999999998145, 1, , , 3285.3539999999998145, 1, , , 3285.3539999999998145, 1, , , 3285.3539999999998145, 1
, , 3285.3580000000001746, 1, , , 3285.3580000000001746, 1, , , 3285.3580000000001746, 1, , , 3285.3580000000001746, 1
, , 3285.362999999999829, 1, , , 3285.362999999999829, 1, , , 3285.362999999999829, 1, , , 3285.362999999999829, 1
, , 3285.3679999999999382, 1, , , 3285.3679999999999382, 1, , , 3285.3679999999999382, 1, , , 3285.3679999999999382, 1
, , 3285.3730000000000473, 1, , , 3285.3730000000000473, 1, , , 3285.3730000000000473, 1, , , 3285.3730000000000473, 1
, , 3285.3780000000001564, 1, , , 3285.3780000000001564, 1, , , 3285.3780000000001564, 1, , , 3285.3780000000001564, 1
, , 3285.3829999999998108, 1, , , 3285.3829999999998108, 1, , , 3285.3829999999998108, 1, , , 3285.3829999999998108, 1
, , 3285.38799999999992, 1, , , 3285.38799999999992, 1, , , 3285.38799999999992, 1, , , 3285.38799999999992, 1
, , 3285.3930000000000291, 1, , , 3285.3930000000000291, 1, , , 3285.3930000000000291, 1, , , 3285.3930000000000291, 1
, , 3285.3989999999998872, 0, , , 3285.3989999999998872, 1, , , 3285.3989999999998872, 1, , , 3285.3989999999998872, 0
, , 3285.4039999999999964, 0, , , 3285.4039999999999964, 1, , , 3285.4039999999999964, 1, , , 3285.4039999999999964, 0
, , 3285.4079999999999018, 0, , , 3285.4079999999999018, 1, , , 3285.4079999999999018, 1, , , 3285.4079999999999018, 0
, , 3285.4130000000000109, 0, , , 3285.4130000000000109, 1, , , 3285.4130000000000109, 1, , , 3285.4130000000000109, 0
, , 3285.4180000000001201, 0, , , 3285.4180000000001201, 1, , , 3285.4180000000001201, 1, , , 3285.4180000000001201, 0
, , 3285.4229999999997744, 0, , , 3285.4229999999997744, 1, , , 3285.4229999999997744, 1, , , 3285.4229999999997744, 0
, , 3285.4290000000000873, 0, , , 3285.4290000000000873, 1, , , 3285.4290000000000873, 1, , , 3285.4290000000000873, 0
, , 3285.4340000000001965, 0, , , 3285.4340000000001965, 1, , , 3285.4340000000001965, 1, , , 3285.4340000000001965, 0
, , 3285.4380000000001019, 0, , , 3285.4380000000001019, 1, , , 3285.4380000000001019, 1, , , 3285.4380000000001019, 0
, , 3285.443000000000211, 0, , , 3285.443000000000211, 1, , , 3285.443000000000211, 1, , , 3285.443000000000211, 0
, , 3285.4479999999998654, 0, , , 3285.4479999999998654, 1, , , 3285.4479999999998654, 1, , , 3285.4479999999998654, 0
, , 3285.4529999999999745, 0, , , 3285.4529999999999745, 1, , , 3285.4529999999999745, 1, , , 3285.4529999999999745, 0
, , 3285.4580000000000837, 0, , , 3285.4580000000000837, 1, , , 3285.4580000000000837, 1, , , 3285.4580000000000837, 0
, , 3285.4650000000001455, 0, , , 3285.4650000000001455, 1, , , 3285.4650000000001455, 1, , , 3285.4650000000001455, 0
, , 3285.4670000000000982, 0, , , 3285.4670000000000982, 1, , , 3285.4670000000000982, 1, , , 3285.4670000000000982, 0
, , 3285.4729999999999563, 0, , , 3285.4729999999999563, 1, , , 3285.4729999999999563, 1, , , 3285.4729999999999563, 0
, , 3285.4780000000000655, 0, , , 3285.4780000000000655, 1, , , 3285.4780000000000655, 1, , , 3285.4780000000000655, 0
, , 3285.4830000000001746, 0, , , 3285.4830000000001746, 1, , , 3285.4830000000001746, 1, , , 3285.4830000000001746, 0
, , 3285.4890000000000327, 0, , , 3285.4890000000000327, 1, , , 3285.4890000000000327, 1, , , 3285.4890000000000327, 0
, , 3285.4929999999999382, 0, , , 3285.4929999999999382, 1, , , 3285.4929999999999382, 1, , , 3285.4929999999999382, 0
, , 3285.4989999999997963, 0, , , 3285.4989999999997963, 1, , , 3285.4989999999997963, 1, , , 3285.4989999999997963, 0
, , 3285.5039999999999054, 0, , , 3285.5039999999999054, 1, , , 3285.5039999999999054, 1, , , 3285.5039999999999054, 0
, , 3285.5079999999998108, 0, , , 3285.5079999999998108, 1, , , 3285.5079999999998108, 1, , , 3285.5079999999998108, 0
, , 3285.51299999999992, 0, , , 3285.51299999999992, 1, , , 3285.51299999999992, 1, , , 3285.51299999999992, 0
, , 3285.5180000000000291, 0, , , 3285.5180000000000291, 1, , , 3285.5180000000000291, 1, , , 3285.5180000000000291, 0
, , 3285.5239999999998872, 0, , , 3285.5239999999998872, 1, , , 3285.5239999999998872, 1, , , 3285.5239999999998872, 0
, , 3285.5279999999997926, 0, , , 3285.5279999999997926, 1, , , 3285.5279999999997926, 1, , , 3285.5279999999997926, 0
, , 3285.5329999999999018, 0, , , 3285.5329999999999018, 1, , , 3285.5329999999999018, 1, , , 3285.5329999999999018, 0
, , 3285.5380000000000109, 0, , , 3285.5380000000000109, 1, , , 3285.5380000000000109, 1, , , 3285.5380000000000109, 0
, , 3285.543999999999869, 0, , , 3285.543999999999869, 1, , , 3285.543999999999869, 1, , , 3285.543999999999869, 0
, , 3285.5489999999999782, 0, , , 3285.5489999999999782, 1, , , 3285.5489999999999782, 1, , , 3285.5489999999999782, 0
, , 3285.5540000000000873, 0, , , 3285.5540000000000873, 1, , , 3285.5540000000000873, 1, , , 3285.5540000000000873, 0
, , 3285.5579999999999927, 0, , , 3285.5579999999999927, 1, , , 3285.5579999999999927, 1, , , 3285.5579999999999927, 0
, , 3285.5639999999998508, 0, , , 3285.5639999999998508, 1, , , 3285.5639999999998508, 1, , , 3285.5639999999998508, 0
, , 3285.5670000000000073, 0, , , 3285.5670000000000073, 1, , , 3285.5670000000000073, 1, , , 3285.5670000000000073, 0
, , 3285.5729999999998654, 0, , , 3285.5729999999998654, 1, , , 3285.5729999999998654, 1, , , 3285.5729999999998654, 0
, , 3285.5779999999999745, 0, , , 3285.5779999999999745, 1, , , 3285.5779999999999745, 1, , , 3285.5779999999999745, 0
, , 3285.5830000000000837, 0, , , 3285.5830000000000837, 1, , , 3285.5830000000000837, 1, , , 3285.5830000000000837, 0
, , 3285.5880000000001928, 0, , , 3285.5880000000001928, 1, , , 3285.5880000000001928, 1, , , 3285.5880000000001928, 0
, , 3285.5929999999998472, 0, , , 3285.5929999999998472, 1, , , 3285.5929999999998472, 1, , , 3285.5929999999998472, 0
, , 3285.5979999999999563, 0, , , 3285.5979999999999563, 1, , , 3285.5979999999999563, 1, , , 3285.5979999999999563, 0
, , 3285.6030000000000655, 0, , , 3285.6030000000000655, 1, , , 3285.6030000000000655, 1, , , 3285.6030000000000655, 0
, , 3285.6080000000001746, 0, , , 3285.6080000000001746, 1, , , 3285.6080000000001746, 1, , , 3285.6080000000001746, 0
, , 3285.612999999999829, 0, , , 3285.612999999999829, 1, , , 3285.612999999999829, 1, , , 3285.612999999999829, 0
, , 3285.6179999999999382, 0, , , 3285.6179999999999382, 1, , , 3285.6179999999999382, 1, , , 3285.6179999999999382, 0
, , 3285.6230000000000473, 0, , , 3285.6230000000000473, 1, , , 3285.6230000000000473, 1, , , 3285.6230000000000473, 0
, , 3285.6289999999999054, 0, , , 3285.6289999999999054, 1, , , 3285.6289999999999054, 1, , , 3285.6289999999999054, 0
, , 3285.6329999999998108, 0, , , 3285.6329999999998108, 1, , , 3285.6329999999998108, 1, , , 3285.6329999999998108, 0
, , 3285.63799999999992, 0, , , 3285.63799999999992, 1, , , 3285.63799999999992, 1, , , 3285.63799999999992, 0
, , 3285.6439999999997781, 0, , , 3285.6439999999997781, 1, , , 3285.6439999999997781, 1, , , 3285.6439999999997781, 0
, , 3285.6480000000001382, 0, , , 3285.6480000000001382, 1, , , 3285.6480000000001382, 1, , , 3285.6480000000001382, 0
, , 3285.6550000000002001, 1, , , 3285.6550000000002001, 1, , , 3285.6550000000002001, 1, , , 3285.6550000000002001, 1
, , 3285.6579999999999018, 1, , , 3285.6579999999999018, 1, , , 3285.6579999999999018, 1, , , 3285.6579999999999018, 1
, , 3285.6630000000000109, 1, , , 3285.6630000000000109, 1, , , 3285.6630000000000109, 1, , , 3285.6630000000000109, 1
, , 3285.668999999999869, 1, , , 3285.668999999999869, 1, , , 3285.668999999999869, 1, , , 3285.668999999999869, 1
, , 3285.6750000000001819, 1, , , 3285.6750000000001819, 1, , , 3285.6750000000001819, 1, , , 3285.6750000000001819, 1
, , 3285.6779999999998836, 1, , , 3285.6779999999998836, 1, , , 3285.6779999999998836, 1, , , 3285.6779999999998836, 1
, , 3285.681999999999789, 1, , , 3285.681999999999789, 1, , , 3285.681999999999789, 1, , , 3285.681999999999789, 1
, , 3285.6889999999998508, 1, , , 3285.6889999999998508, 1, , , 3285.6889999999998508, 1, , , 3285.6889999999998508, 1
, , 3285.693000000000211, 1, , , 3285.693000000000211, 1, , , 3285.693000000000211, 1, , , 3285.693000000000211, 1
, , 3285.6979999999998654, 1, , , 3285.6979999999998654, 1, , , 3285.6979999999998654, 1, , , 3285.6979999999998654, 1
, , 3285.7029999999999745, 1, , , 3285.7029999999999745, 1, , , 3285.7029999999999745, 1, , , 3285.7029999999999745, 1
, , 3285.7080000000000837, 1, , , 3285.7080000000000837, 1, , , 3285.7080000000000837, 1, , , 3285.7080000000000837, 1
, , 3285.7139999999999418, 1, , , 3285.7139999999999418, 1, , , 3285.7139999999999418, 1, , , 3285.7139999999999418, 1
, , 3285.7179999999998472, 1, , , 3285.7179999999998472, 1, , , 3285.7179999999998472, 1, , , 3285.7179999999998472, 1
, , 3285.7229999999999563, 1, , , 3285.7229999999999563, 1, , , 3285.7229999999999563, 1, , , 3285.7229999999999563, 1
, , 3285.7280000000000655, 1, , , 3285.7280000000000655, 0, , , 3285.7280000000000655, 0, , , 3285.7280000000000655, 1
, , 3285.7330000000001746, 1, , , 3285.7330000000001746, 0, , , 3285.7330000000001746, 0, , , 3285.7330000000001746, 1
, , 3285.737999999999829, 1, , , 3285.737999999999829, 0, , , 3285.737999999999829, 0, , , 3285.737999999999829, 1
, , 3285.7440000000001419, 1, , , 3285.7440000000001419, 0, , , 3285.7440000000001419, 0, , , 3285.7440000000001419, 1
, , 3285.7480000000000473, 1, , , 3285.7480000000000473, 0, , , 3285.7480000000000473, 0, , , 3285.7480000000000473, 1
, , 3285.7539999999999054, 1, , , 3285.7539999999999054, 0, , , 3285.7539999999999054, 0, , , 3285.7539999999999054, 1
, , 3285.7579999999998108, 1, , , 3285.7579999999998108, 0, , , 3285.7579999999998108, 0, , , 3285.7579999999998108, 1
, , 3285.76299999999992, 1, , , 3285.76299999999992, 0, , , 3285.76299999999992, 0, , , 3285.76299999999992, 1
, , 3285.7680000000000291, 1, , , 3285.7680000000000291, 0, , , 3285.7680000000000291, 0, , , 3285.7680000000000291, 1
, , 3285.7730000000001382, 1, , , 3285.7730000000001382, 0, , , 3285.7730000000001382, 0, , , 3285.7730000000001382, 1
, , 3285.7779999999997926, 1, , , 3285.7779999999997926, 0, , , 3285.7779999999997926, 0, , , 3285.7779999999997926, 1
, , 3285.7829999999999018, 1, , , 3285.7829999999999018, 0, , , 3285.7829999999999018, 0, , , 3285.7829999999999018, 1
, , 3285.7880000000000109, 1, , , 3285.7880000000000109, 0, , , 3285.7880000000000109, 0, , , 3285.7880000000000109, 1
, , 3285.7930000000001201, 1, , , 3285.7930000000001201, 0, , , 3285.7930000000001201, 0, , , 3285.7930000000001201, 1
, , 3285.7979999999997744, 1, , , 3285.7979999999997744, 0, , , 3285.7979999999997744, 0, , , 3285.7979999999997744, 1
, , 3285.8040000000000873, 1, , , 3285.8040000000000873, 0, , , 3285.8040000000000873, 0, , , 3285.8040000000000873, 1
, , 3285.8079999999999927, 1, , , 3285.8079999999999927, 0, , , 3285.8079999999999927, 0, , , 3285.8079999999999927, 1
, , 3285.8130000000001019, 1, , , 3285.8130000000001019, 0, , , 3285.8130000000001019, 0, , , 3285.8130000000001019, 1
, , 3285.818000000000211, 1, , , 3285.818000000000211, 0, , , 3285.818000000000211, 0, , , 3285.818000000000211, 1
, , 3285.8229999999998654, 1, , , 3285.8229999999998654, 0, , , 3285.8229999999998654, 0, , , 3285.8229999999998654, 1
, , 3285.8279999999999745, 1, , , 3285.8279999999999745, 0, , , 3285.8279999999999745, 0, , , 3285.8279999999999745, 1
, , 3285.8330000000000837, 1, , , 3285.8330000000000837, 0, , , 3285.8330000000000837, 0, , , 3285.8330000000000837, 1
, , 3285.8380000000001928, 1, , , 3285.8380000000001928, 0, , , 3285.8380000000001928, 0, , , 3285.8380000000001928, 1
, , 3285.8429999999998472, 1, , , 3285.8429999999998472, 0, , , 3285.8429999999998472, 0, , , 3285.8429999999998472, 1
, , 3285.8479999999999563, 1, , , 3285.8479999999999563, 0, , , 3285.8479999999999563, 0, , , 3285.8479999999999563, 1
, , 3285.8530000000000655, 1, , , 3285.8530000000000655, 0, , , 3285.8530000000000655, 0, , , 3285.8530000000000655, 1
, , 3285.8589999999999236, 1, , , 3285.8589999999999236, 0, , , 3285.8589999999999236, 0, , , 3285.8589999999999236, 1
, , 3285.862999999999829, 1, , , 3285.862999999999829, 0, , , 3285.862999999999829, 0, , , 3285.862999999999829, 1
, , 3285.8690000000001419, 1, , , 3285.8690000000001419, 0, , , 3285.8690000000001419, 0, , , 3285.8690000000001419, 1
, , 3285.8739999999997963, 1, , , 3285.8739999999997963, 0, , , 3285.8739999999997963, 0, , , 3285.8739999999997963, 1
, , 3285.8780000000001564, 1, , , 3285.8780000000001564, 0, , , 3285.8780000000001564, 0, , , 3285.8780000000001564, 1
, , 3285.8829999999998108, 1, , , 3285.8829999999998108, 0, , , 3285.8829999999998108, 0, , , 3285.8829999999998108, 1
, , 3285.88799999999992, 1, , , 3285.88799999999992, 0, , , 3285.88799999999992, 0, , , 3285.88799999999992, 1
, , 3285.8969999999999345, 1, , , 3285.8969999999999345, 0, , , 3285.8969999999999345, 0, , , 3285.8969999999999345, 1
, , 3285.8980000000001382, 1, , , 3285.8980000000001382, 0, , , 3285.8980000000001382, 0, , , 3285.8980000000001382, 1
, , 3285.9029999999997926, 1, , , 3285.9029999999997926, 0, , , 3285.9029999999997926, 0, , , 3285.9029999999997926, 1
, , 3285.9079999999999018, 1, , , 3285.9079999999999018, 0, , , 3285.9079999999999018, 0, , , 3285.9079999999999018, 1
, , 3285.9130000000000109, 1, , , 3285.9130000000000109, 0, , , 3285.9130000000000109, 0, , , 3285.9130000000000109, 1
, , 3285.9180000000001201, 1, , , 3285.9180000000001201, 0, , , 3285.9180000000001201, 0, , , 3285.9180000000001201, 1
, , 3285.9229999999997744, 1, , , 3285.9229999999997744, 0, , , 3285.9229999999997744, 0, , , 3285.9229999999997744, 1
, , 3285.9279999999998836, 1, , , 3285.9279999999998836, 0, , , 3285.9279999999998836, 0, , , 3285.9279999999998836, 1
, , 3285.9329999999999927, 1, , , 3285.9329999999999927, 0, , , 3285.9329999999999927, 0, , , 3285.9329999999999927, 1
, , 3285.9380000000001019, 1, , , 3285.9380000000001019, 0, , , 3285.9380000000001019, 0, , , 3285.9380000000001019, 1
, , 3285.943000000000211, 1, , , 3285.943000000000211, 0, , , 3285.943000000000211, 0, , , 3285.943000000000211, 1
, , 3285.9490000000000691, 1, , , 3285.9490000000000691, 0, , , 3285.9490000000000691, 0, , , 3285.9490000000000691, 1
, , 3285.9529999999999745, 1, , , 3285.9529999999999745, 0, , , 3285.9529999999999745, 0, , , 3285.9529999999999745, 1
, , 3285.9589999999998327, 1, , , 3285.9589999999998327, 0, , , 3285.9589999999998327, 0, , , 3285.9589999999998327, 1
, , 3285.9630000000001928, 1, , , 3285.9630000000001928, 0, , , 3285.9630000000001928, 0, , , 3285.9630000000001928, 1
, , 3285.9679999999998472, 1, , , 3285.9679999999998472, 0, , , 3285.9679999999998472, 0, , , 3285.9679999999998472, 1
, , 3285.9729999999999563, 1, , , 3285.9729999999999563, 0, , , 3285.9729999999999563, 0, , , 3285.9729999999999563, 1
, , 3285.9789999999998145, 1, , , 3285.9789999999998145, 1, , , 3285.9789999999998145, 1, , , 3285.9789999999998145, 1
, , 3285.9839999999999236, 1, , , 3285.9839999999999236, 1, , , 3285.9839999999999236, 1, , , 3285.9839999999999236, 1
, , 3285.987999999999829, 1, , , 3285.987999999999829, 1, , , 3285.987999999999829, 1, , , 3285.987999999999829, 1
, , 3285.9929999999999382, 1, , , 3285.9929999999999382, 1, , , 3285.9929999999999382, 1, , , 3285.9929999999999382, 1
, , 3285.9980000000000473, 1, , , 3285.9980000000000473, 1, , , 3285.9980000000000473, 1, , , 3285.9980000000000473, 1
, , 3286.0030000000001564, 1, , , 3286.0030000000001564, 1, , , 3286.0030000000001564, 1, , , 3286.0030000000001564, 1
, , 3286.0090000000000146, 1, , , 3286.0090000000000146, 1, , , 3286.0090000000000146, 1, , , 3286.0090000000000146, 1
, , 3286.01299999999992, 1, , , 3286.01299999999992, 1, , , 3286.01299999999992, 1, , , 3286.01299999999992, 1
, , 3286.0180000000000291, 1, , , 3286.0180000000000291, 1, , , 3286.0180000000000291, 1, , , 3286.0180000000000291, 1
, , 3286.0230000000001382, 1, , , 3286.0230000000001382, 1, , , 3286.0230000000001382, 1, , , 3286.0230000000001382, 1
, , 3286.0279999999997926, 1, , , 3286.0279999999997926, 1, , , 3286.0279999999997926, 1, , , 3286.0279999999997926, 1
, , 3286.0329999999999018, 1, , , 3286.0329999999999018, 1, , , 3286.0329999999999018, 1, , , 3286.0329999999999018, 1
, , 3286.0380000000000109, 1, , , 3286.0380000000000109, 1, , , 3286.0380000000000109, 1, , , 3286.0380000000000109, 1
, , 3286.0430000000001201, 1, , , 3286.0430000000001201, 1, , , 3286.0430000000001201, 1, , , 3286.0430000000001201, 1
, , 3286.0479999999997744, 1, , , 3286.0479999999997744, 1, , , 3286.0479999999997744, 1, , , 3286.0479999999997744, 1
, , 3286.0529999999998836, 0, , , 3286.0529999999998836, 1, , , 3286.0529999999998836, 1, , , 3286.0529999999998836, 0
, , 3286.0579999999999927, 0, , , 3286.0579999999999927, 1, , , 3286.0579999999999927, 1, , , 3286.0579999999999927, 0
, , 3286.0639999999998508, 0, , , 3286.0639999999998508, 1, , , 3286.0639999999998508, 1, , , 3286.0639999999998508, 0
, , 3286.068000000000211, 0, , , 3286.068000000000211, 1, , , 3286.068000000000211, 1, , , 3286.068000000000211, 0
, , 3286.0740000000000691, 0, , , 3286.0740000000000691, 1, , , 3286.0740000000000691, 1, , , 3286.0740000000000691, 0
, , 3286.0779999999999745, 0, , , 3286.0779999999999745, 1, , , 3286.0779999999999745, 1, , , 3286.0779999999999745, 0
, , 3286.0830000000000837, 0, , , 3286.0830000000000837, 1, , , 3286.0830000000000837, 1, , , 3286.0830000000000837, 0
, , 3286.0880000000001928, 0, , , 3286.0880000000001928, 1, , , 3286.0880000000001928, 1, , , 3286.0880000000001928, 0
, , 3286.0929999999998472, 0, , , 3286.0929999999998472, 1, , , 3286.0929999999998472, 1, , , 3286.0929999999998472, 0
, , 3286.0979999999999563, 0, , , 3286.0979999999999563, 1, , , 3286.0979999999999563, 1, , , 3286.0979999999999563, 0
, , 3286.1030000000000655, 0, , , 3286.1030000000000655, 1, , , 3286.1030000000000655, 1, , , 3286.1030000000000655, 0
, , 3286.1089999999999236, 0, , , 3286.1089999999999236, 1, , , 3286.1089999999999236, 1, , , 3286.1089999999999236, 0
, , 3286.1140000000000327, 0, , , 3286.1140000000000327, 1, , , 3286.1140000000000327, 1, , , 3286.1140000000000327, 0
, , 3286.1179999999999382, 0, , , 3286.1179999999999382, 1, , , 3286.1179999999999382, 1, , , 3286.1179999999999382, 0
, , 3286.1230000000000473, 0, , , 3286.1230000000000473, 1, , , 3286.1230000000000473, 1, , , 3286.1230000000000473, 0
, , 3286.1280000000001564, 0, , , 3286.1280000000001564, 1, , , 3286.1280000000001564, 1, , , 3286.1280000000001564, 0
, , 3286.1329999999998108, 0, , , 3286.1329999999998108, 1, , , 3286.1329999999998108, 1, , , 3286.1329999999998108, 0
, , 3286.13799999999992, 0, , , 3286.13799999999992, 1, , , 3286.13799999999992, 1, , , 3286.13799999999992, 0
, , 3286.1430000000000291, 0, , , 3286.1430000000000291, 1, , , 3286.1430000000000291, 1, , , 3286.1430000000000291, 0
, , 3286.1500000000000909, 0, , , 3286.1500000000000909, 1, , , 3286.1500000000000909, 1, , , 3286.1500000000000909, 0
, , 3286.1529999999997926, 0, , , 3286.1529999999997926, 1, , , 3286.1529999999997926, 1, , , 3286.1529999999997926, 0
, , 3286.1570000000001528, 0, , , 3286.1570000000001528, 1, , , 3286.1570000000001528, 1, , , 3286.1570000000001528, 0
, , 3286.1630000000000109, 0, , , 3286.1630000000000109, 1, , , 3286.1630000000000109, 1, , , 3286.1630000000000109, 0
, , 3286.1680000000001201, 0, , , 3286.1680000000001201, 1, , , 3286.1680000000001201, 1, , , 3286.1680000000001201, 0
, , 3286.1729999999997744, 0, , , 3286.1729999999997744, 1, , , 3286.1729999999997744, 1, , , 3286.1729999999997744, 0
, , 3286.1779999999998836, 0, , , 3286.1779999999998836, 1, , , 3286.1779999999998836, 1, , , 3286.1779999999998836, 0
, , 3286.1829999999999927, 0, , , 3286.1829999999999927, 1, , , 3286.1829999999999927, 1, , , 3286.1829999999999927, 0
, , 3286.1900000000000546, 0, , , 3286.1900000000000546, 1, , , 3286.1900000000000546, 1, , , 3286.1900000000000546, 0
, , 3286.19399999999996, 0, , , 3286.19399999999996, 1, , , 3286.19399999999996, 1, , , 3286.19399999999996, 0
, , 3286.1979999999998654, 0, , , 3286.1979999999998654, 1, , , 3286.1979999999998654, 1, , , 3286.1979999999998654, 0
, , 3286.2029999999999745, 0, , , 3286.2029999999999745, 1, , , 3286.2029999999999745, 1, , , 3286.2029999999999745, 0
, , 3286.2080000000000837, 0, , , 3286.2080000000000837, 1, , , 3286.2080000000000837, 1, , , 3286.2080000000000837, 0
, , 3286.2130000000001928, 0, , , 3286.2130000000001928, 1, , , 3286.2130000000001928, 1, , , 3286.2130000000001928, 0
, , 3286.2190000000000509, 0, , , 3286.2190000000000509, 1, , , 3286.2190000000000509, 1, , , 3286.2190000000000509, 0
, , 3286.2229999999999563, 0, , , 3286.2229999999999563, 1, , , 3286.2229999999999563, 1, , , 3286.2229999999999563, 0
, , 3286.2280000000000655, 0, , , 3286.2280000000000655, 1, , , 3286.2280000000000655, 1, , , 3286.2280000000000655, 0
, , 3286.2330000000001746, 0, , , 3286.2330000000001746, 1, , , 3286.2330000000001746, 1, , , 3286.2330000000001746, 0
, , 3286.237999999999829, 0, , , 3286.237999999999829, 1, , , 3286.237999999999829, 1, , , 3286.237999999999829, 0
, , 3286.2440000000001419, 0, , , 3286.2440000000001419, 1, , , 3286.2440000000001419, 1, , , 3286.2440000000001419, 0
, , 3286.2480000000000473, 0, , , 3286.2480000000000473, 1, , , 3286.2480000000000473, 1, , , 3286.2480000000000473, 0
, , 3286.2530000000001564, 0, , , 3286.2530000000001564, 1, , , 3286.2530000000001564, 1, , , 3286.2530000000001564, 0
, , 3286.2590000000000146, 0, , , 3286.2590000000000146, 1, , , 3286.2590000000000146, 1, , , 3286.2590000000000146, 0
, , 3286.26299999999992, 0, , , 3286.26299999999992, 1, , , 3286.26299999999992, 1, , , 3286.26299999999992, 0
, , 3286.2680000000000291, 0, , , 3286.2680000000000291, 1, , , 3286.2680000000000291, 1, , , 3286.2680000000000291, 0
, , 3286.2730000000001382, 0, , , 3286.2730000000001382, 1, , , 3286.2730000000001382, 1, , , 3286.2730000000001382, 0
, , 3286.2779999999997926, 0, , , 3286.2779999999997926, 1, , , 3286.2779999999997926, 1, , , 3286.2779999999997926, 0
, , 3286.2829999999999018, 0, , , 3286.2829999999999018, 1, , , 3286.2829999999999018, 1, , , 3286.2829999999999018, 0
, , 3286.2880000000000109, 0, , , 3286.2880000000000109, 1, , , 3286.2880000000000109, 1, , , 3286.2880000000000109, 0
, , 3286.293999999999869, 0, , , 3286.293999999999869, 1, , , 3286.293999999999869, 1, , , 3286.293999999999869, 0
, , 3286.2979999999997744, 0, , , 3286.2979999999997744, 1, , , 3286.2979999999997744, 1, , , 3286.2979999999997744, 0
, , 3286.3029999999998836, 1, , , 3286.3029999999998836, 1, , , 3286.3029999999998836, 1, , , 3286.3029999999998836, 1
, , 3286.3090000000001965, 1, , , 3286.3090000000001965, 1, , , 3286.3090000000001965, 1, , , 3286.3090000000001965, 1
, , 3286.3130000000001019, 1, , , 3286.3130000000001019, 1, , , 3286.3130000000001019, 1, , , 3286.3130000000001019, 1
, , 3286.31899999999996, 1, , , 3286.31899999999996, 1, , , 3286.31899999999996, 1, , , 3286.31899999999996, 1
, , 3286.3240000000000691, 1, , , 3286.3240000000000691, 1, , , 3286.3240000000000691, 1, , , 3286.3240000000000691, 1
, , 3286.3279999999999745, 1, , , 3286.3279999999999745, 1, , , 3286.3279999999999745, 1, , , 3286.3279999999999745, 1
, , 3286.3339999999998327, 1, , , 3286.3339999999998327, 1, , , 3286.3339999999998327, 1, , , 3286.3339999999998327, 1
, , 3286.3380000000001928, 1, , , 3286.3380000000001928, 1, , , 3286.3380000000001928, 1, , , 3286.3380000000001928, 1
, , 3286.3429999999998472, 1, , , 3286.3429999999998472, 1, , , 3286.3429999999998472, 1, , , 3286.3429999999998472, 1
, , 3286.3479999999999563, 1, , , 3286.3479999999999563, 1, , , 3286.3479999999999563, 1, , , 3286.3479999999999563, 1
, , 3286.3510000000001128, 1, , , 3286.3510000000001128, 1, , , 3286.3510000000001128, 1, , , 3286.3510000000001128, 1
, , 3286.3589999999999236, 1, , , 3286.3589999999999236, 1, , , 3286.3589999999999236, 1, , , 3286.3589999999999236, 1
, , 3286.362999999999829, 1, , , 3286.362999999999829, 1, , , 3286.362999999999829, 1, , , 3286.362999999999829, 1
, , 3286.3679999999999382, 1, , , 3286.3679999999999382, 1, , , 3286.3679999999999382, 1, , , 3286.3679999999999382, 1
, , 3286.3730000000000473, 1, , , 3286.3730000000000473, 1, , , 3286.3730000000000473, 1, , , 3286.3730000000000473, 1
, , 3286.3789999999999054, 1, , , 3286.3789999999999054, 0, , , 3286.3789999999999054, 0, , , 3286.3789999999999054, 1
, , 3286.3829999999998108, 1, , , 3286.3829999999998108, 0, , , 3286.3829999999998108, 0, , , 3286.3829999999998108, 1
, , 3286.38799999999992, 1, , , 3286.38799999999992, 0, , , 3286.38799999999992, 0, , , 3286.38799999999992, 1
, , 3286.3930000000000291, 1, , , 3286.3930000000000291, 0, , , 3286.3930000000000291, 0, , , 3286.3930000000000291, 1
, , 3286.3980000000001382, 1, , , 3286.3980000000001382, 0, , , 3286.3980000000001382, 0, , , 3286.3980000000001382, 1
, , 3286.4029999999997926, 1, , , 3286.4029999999997926, 0, , , 3286.4029999999997926, 0, , , 3286.4029999999997926, 1
, , 3286.4079999999999018, 1, , , 3286.4079999999999018, 0, , , 3286.4079999999999018, 0, , , 3286.4079999999999018, 1
, , 3286.4140000000002146, 1, , , 3286.4140000000002146, 0, , , 3286.4140000000002146, 0, , , 3286.4140000000002146, 1
, , 3286.4180000000001201, 1, , , 3286.4180000000001201, 0, , , 3286.4180000000001201, 0, , , 3286.4180000000001201, 1
, , 3286.4239999999999782, 1, , , 3286.4239999999999782, 0, , , 3286.4239999999999782, 0, , , 3286.4239999999999782, 1
, , 3286.4279999999998836, 1, , , 3286.4279999999998836, 0, , , 3286.4279999999998836, 0, , , 3286.4279999999998836, 1
, , 3286.4329999999999927, 1, , , 3286.4329999999999927, 0, , , 3286.4329999999999927, 0, , , 3286.4329999999999927, 1
, , 3286.4389999999998508, 1, , , 3286.4389999999998508, 0, , , 3286.4389999999998508, 0, , , 3286.4389999999998508, 1
, , 3286.4450000000001637, 1, , , 3286.4450000000001637, 0, , , 3286.4450000000001637, 0, , , 3286.4450000000001637, 1
, , 3286.4479999999998654, 1, , , 3286.4479999999998654, 0, , , 3286.4479999999998654, 0, , , 3286.4479999999998654, 1
, , 3286.4540000000001783, 1, , , 3286.4540000000001783, 0, , , 3286.4540000000001783, 0, , , 3286.4540000000001783, 1
, , 3286.4580000000000837, 1, , , 3286.4580000000000837, 0, , , 3286.4580000000000837, 0, , , 3286.4580000000000837, 1
, , 3286.4630000000001928, 1, , , 3286.4630000000001928, 0, , , 3286.4630000000001928, 0, , , 3286.4630000000001928, 1
, , 3286.4679999999998472, 1, , , 3286.4679999999998472, 0, , , 3286.4679999999998472, 0, , , 3286.4679999999998472, 1
, , 3286.4740000000001601, 1, , , 3286.4740000000001601, 0, , , 3286.4740000000001601, 0, , , 3286.4740000000001601, 1
, , 3286.4789999999998145, 1, , , 3286.4789999999998145, 0, , , 3286.4789999999998145, 0, , , 3286.4789999999998145, 1
, , 3286.4839999999999236, 1, , , 3286.4839999999999236, 0, , , 3286.4839999999999236, 0, , , 3286.4839999999999236, 1
, , 3286.487999999999829, 1, , , 3286.487999999999829, 0, , , 3286.487999999999829, 0, , , 3286.487999999999829, 1
, , 3286.4929999999999382, 1, , , 3286.4929999999999382, 0, , , 3286.4929999999999382, 0, , , 3286.4929999999999382, 1
, , 3286.4980000000000473, 1, , , 3286.4980000000000473, 0, , , 3286.4980000000000473, 0, , , 3286.4980000000000473, 1
, , 3286.5030000000001564, 1, , , 3286.5030000000001564, 0, , , 3286.5030000000001564, 0, , , 3286.5030000000001564, 1
, , 3286.5079999999998108, 1, , , 3286.5079999999998108, 0, , , 3286.5079999999998108, 0, , , 3286.5079999999998108, 1
, , 3286.51299999999992, 1, , , 3286.51299999999992, 0, , , 3286.51299999999992, 0, , , 3286.51299999999992, 1
, , 3286.5180000000000291, 1, , , 3286.5180000000000291, 0, , , 3286.5180000000000291, 0, , , 3286.5180000000000291, 1
, , 3286.5239999999998872, 1, , , 3286.5239999999998872, 0, , , 3286.5239999999998872, 0, , , 3286.5239999999998872, 1
, , 3286.5279999999997926, 1, , , 3286.5279999999997926, 0, , , 3286.5279999999997926, 0, , , 3286.5279999999997926, 1
, , 3286.5329999999999018, 1, , , 3286.5329999999999018, 0, , , 3286.5329999999999018, 0, , , 3286.5329999999999018, 1
, , 3286.5380000000000109, 1, , , 3286.5380000000000109, 0, , , 3286.5380000000000109, 0, , , 3286.5380000000000109, 1
, , 3286.5430000000001201, 1, , , 3286.5430000000001201, 0, , , 3286.5430000000001201, 0, , , 3286.5430000000001201, 1
, , 3286.5479999999997744, 1, , , 3286.5479999999997744, 0, , , 3286.5479999999997744, 0, , , 3286.5479999999997744, 1
, , 3286.5529999999998836, 1, , , 3286.5529999999998836, 0, , , 3286.5529999999998836, 0, , , 3286.5529999999998836, 1
, , 3286.5590000000001965, 1, , , 3286.5590000000001965, 0, , , 3286.5590000000001965, 0, , , 3286.5590000000001965, 1
, , 3286.5630000000001019, 1, , , 3286.5630000000001019, 0, , , 3286.5630000000001019, 0, , , 3286.5630000000001019, 1
, , 3286.568000000000211, 1, , , 3286.568000000000211, 0, , , 3286.568000000000211, 0, , , 3286.568000000000211, 1
, , 3286.5729999999998654, 1, , , 3286.5729999999998654, 0, , , 3286.5729999999998654, 0, , , 3286.5729999999998654, 1
, , 3286.5779999999999745, 1, , , 3286.5779999999999745, 0, , , 3286.5779999999999745, 0, , , 3286.5779999999999745, 1
, , 3286.5839999999998327, 1, , , 3286.5839999999998327, 0, , , 3286.5839999999998327, 0, , , 3286.5839999999998327, 1
, , 3286.5880000000001928, 1, , , 3286.5880000000001928, 0, , , 3286.5880000000001928, 0, , , 3286.5880000000001928, 1
, , 3286.5929999999998472, 1, , , 3286.5929999999998472, 0, , , 3286.5929999999998472, 0, , , 3286.5929999999998472, 1
, , 3286.5990000000001601, 1, , , 3286.5990000000001601, 0, , , 3286.5990000000001601, 0, , , 3286.5990000000001601, 1
, , 3286.6030000000000655, 1, , , 3286.6030000000000655, 0, , , 3286.6030000000000655, 0, , , 3286.6030000000000655, 1
, , 3286.6089999999999236, 1, , , 3286.6089999999999236, 0, , , 3286.6089999999999236, 0, , , 3286.6089999999999236, 1
, , 3286.6140000000000327, 1, , , 3286.6140000000000327, 0, , , 3286.6140000000000327, 0, , , 3286.6140000000000327, 1
, , 3286.6190000000001419, 1, , , 3286.6190000000001419, 0, , , 3286.6190000000001419, 0, , , 3286.6190000000001419, 1
, , 3286.6230000000000473, 1, , , 3286.6230000000000473, 0, , , 3286.6230000000000473, 0, , , 3286.6230000000000473, 1
, , 3286.6280000000001564, 1, , , 3286.6280000000001564, 1, , , 3286.6280000000001564, 1, , , 3286.6280000000001564, 1
, , 3286.6340000000000146, 1, , , 3286.6340000000000146, 1, , , 3286.6340000000000146, 1, , , 3286.6340000000000146, 1
, , 3286.6390000000001237, 1, , , 3286.6390000000001237, 1, , , 3286.6390000000001237, 1, , , 3286.6390000000001237, 1
, , 3286.6430000000000291, 1, , , 3286.6430000000000291, 1, , , 3286.6430000000000291, 1, , , 3286.6430000000000291, 1
, , 3286.6480000000001382, 1, , , 3286.6480000000001382, 1, , , 3286.6480000000001382, 1, , , 3286.6480000000001382, 1
, , 3286.6520000000000437, 1, , , 3286.6520000000000437, 1, , , 3286.6520000000000437, 1, , , 3286.6520000000000437, 1
, , 3286.6590000000001055, 1, , , 3286.6590000000001055, 1, , , 3286.6590000000001055, 1, , , 3286.6590000000001055, 1
, , 3286.6640000000002146, 1, , , 3286.6640000000002146, 1, , , 3286.6640000000002146, 1, , , 3286.6640000000002146, 1
, , 3286.668999999999869, 1, , , 3286.668999999999869, 1, , , 3286.668999999999869, 1, , , 3286.668999999999869, 1
, , 3286.6729999999997744, 1, , , 3286.6729999999997744, 1, , , 3286.6729999999997744, 1, , , 3286.6729999999997744, 1
, , 3286.6790000000000873, 1, , , 3286.6790000000000873, 1, , , 3286.6790000000000873, 1, , , 3286.6790000000000873, 1
, , 3286.6829999999999927, 1, , , 3286.6829999999999927, 1, , , 3286.6829999999999927, 1, , , 3286.6829999999999927, 1
, , 3286.6880000000001019, 1, , , 3286.6880000000001019, 1, , , 3286.6880000000001019, 1, , , 3286.6880000000001019, 1
, , 3286.693000000000211, 1, , , 3286.693000000000211, 1, , , 3286.693000000000211, 1, , , 3286.693000000000211, 1
, , 3286.6979999999998654, 1, , , 3286.6979999999998654, 1, , , 3286.6979999999998654, 1, , , 3286.6979999999998654, 1
, , 3286.7029999999999745, 0, , , 3286.7029999999999745, 1, , , 3286.7029999999999745, 1, , , 3286.7029999999999745, 0
, , 3286.7080000000000837, 0, , , 3286.7080000000000837, 1, , , 3286.7080000000000837, 1, , , 3286.7080000000000837, 0
, , 3286.7130000000001928, 0, , , 3286.7130000000001928, 1, , , 3286.7130000000001928, 1, , , 3286.7130000000001928, 0
, , 3286.7179999999998472, 0, , , 3286.7179999999998472, 1, , , 3286.7179999999998472, 1, , , 3286.7179999999998472, 0
, , 3286.7229999999999563, 0, , , 3286.7229999999999563, 1, , , 3286.7229999999999563, 1, , , 3286.7229999999999563, 0
, , 3286.7300000000000182, 0, , , 3286.7300000000000182, 1, , , 3286.7300000000000182, 1, , , 3286.7300000000000182, 0
, , 3286.7339999999999236, 0, , , 3286.7339999999999236, 1, , , 3286.7339999999999236, 1, , , 3286.7339999999999236, 0
, , 3286.7390000000000327, 0, , , 3286.7390000000000327, 1, , , 3286.7390000000000327, 1, , , 3286.7390000000000327, 0
, , 3286.7449999999998909, 0, , , 3286.7449999999998909, 1, , , 3286.7449999999998909, 1, , , 3286.7449999999998909, 0
, , 3286.7489999999997963, 0, , , 3286.7489999999997963, 1, , , 3286.7489999999997963, 1, , , 3286.7489999999997963, 0
, , 3286.7530000000001564, 0, , , 3286.7530000000001564, 1, , , 3286.7530000000001564, 1, , , 3286.7530000000001564, 0
, , 3286.7579999999998108, 0, , , 3286.7579999999998108, 1, , , 3286.7579999999998108, 1, , , 3286.7579999999998108, 0
, , 3286.76299999999992, 0, , , 3286.76299999999992, 1, , , 3286.76299999999992, 1, , , 3286.76299999999992, 0
, , 3286.7689999999997781, 0, , , 3286.7689999999997781, 1, , , 3286.7689999999997781, 1, , , 3286.7689999999997781, 0
, , 3286.7730000000001382, 0, , , 3286.7730000000001382, 1, , , 3286.7730000000001382, 1, , , 3286.7730000000001382, 0
, , 3286.7779999999997926, 0, , , 3286.7779999999997926, 1, , , 3286.7779999999997926, 1, , , 3286.7779999999997926, 0
, , 3286.7829999999999018, 0, , , 3286.7829999999999018, 1, , , 3286.7829999999999018, 1, , , 3286.7829999999999018, 0
, , 3286.7890000000002146, 0, , , 3286.7890000000002146, 1, , , 3286.7890000000002146, 1, , , 3286.7890000000002146, 0
, , 3286.7930000000001201, 0, , , 3286.7930000000001201, 1, , , 3286.7930000000001201, 1, , , 3286.7930000000001201, 0
, , 3286.7989999999999782, 0, , , 3286.7989999999999782, 1, , , 3286.7989999999999782, 1, , , 3286.7989999999999782, 0
, , 3286.8029999999998836, 0, , , 3286.8029999999998836, 1, , , 3286.8029999999998836, 1, , , 3286.8029999999998836, 0
, , 3286.8079999999999927, 0, , , 3286.8079999999999927, 1, , , 3286.8079999999999927, 1, , , 3286.8079999999999927, 0
, , 3286.8130000000001019, 0, , , 3286.8130000000001019, 1, , , 3286.8130000000001019, 1, , , 3286.8130000000001019, 0
, , 3286.81899999999996, 0, , , 3286.81899999999996, 1, , , 3286.81899999999996, 1, , , 3286.81899999999996, 0
, , 3286.8229999999998654, 0, , , 3286.8229999999998654, 1, , , 3286.8229999999998654, 1, , , 3286.8229999999998654, 0
, , 3286.8290000000001783, 0, , , 3286.8290000000001783, 1, , , 3286.8290000000001783, 1, , , 3286.8290000000001783, 0
, , 3286.8330000000000837, 0, , , 3286.8330000000000837, 1, , , 3286.8330000000000837, 1, , , 3286.8330000000000837, 0
, , 3286.8380000000001928, 0, , , 3286.8380000000001928, 1, , , 3286.8380000000001928, 1, , , 3286.8380000000001928, 0
, , 3286.8429999999998472, 0, , , 3286.8429999999998472, 1, , , 3286.8429999999998472, 1, , , 3286.8429999999998472, 0
, , 3286.8479999999999563, 0, , , 3286.8479999999999563, 1, , , 3286.8479999999999563, 1, , , 3286.8479999999999563, 0
, , 3286.8530000000000655, 0, , , 3286.8530000000000655, 1, , , 3286.8530000000000655, 1, , , 3286.8530000000000655, 0
, , 3286.8589999999999236, 0, , , 3286.8589999999999236, 1, , , 3286.8589999999999236, 1, , , 3286.8589999999999236, 0
, , 3286.8640000000000327, 0, , , 3286.8640000000000327, 1, , , 3286.8640000000000327, 1, , , 3286.8640000000000327, 0
, , 3286.8679999999999382, 0, , , 3286.8679999999999382, 1, , , 3286.8679999999999382, 1, , , 3286.8679999999999382, 0
, , 3286.875, 0, , , 3286.875, 1, , , 3286.875, 1, , , 3286.875, 0
, , 3286.8780000000001564, 0, , , 3286.8780000000001564, 1, , , 3286.8780000000001564, 1, , , 3286.8780000000001564, 0
, , 3286.8829999999998108, 0, , , 3286.8829999999998108, 1, , , 3286.8829999999998108, 1, , , 3286.8829999999998108, 0
, , 3286.88799999999992, 0, , , 3286.88799999999992, 1, , , 3286.88799999999992, 1, , , 3286.88799999999992, 0
, , 3286.8919999999998254, 0, , , 3286.8919999999998254, 1, , , 3286.8919999999998254, 1, , , 3286.8919999999998254, 0
, , 3286.8980000000001382, 0, , , 3286.8980000000001382, 1, , , 3286.8980000000001382, 1, , , 3286.8980000000001382, 0
, , 3286.9029999999997926, 0, , , 3286.9029999999997926, 1, , , 3286.9029999999997926, 1, , , 3286.9029999999997926, 0
, , 3286.9090000000001055, 0, , , 3286.9090000000001055, 1, , , 3286.9090000000001055, 1, , , 3286.9090000000001055, 0
, , 3286.9110000000000582, 0, , , 3286.9110000000000582, 1, , , 3286.9110000000000582, 1, , , 3286.9110000000000582, 0
, , 3286.9180000000001201, 0, , , 3286.9180000000001201, 1, , , 3286.9180000000001201, 1, , , 3286.9180000000001201, 0
, , 3286.9239999999999782, 0, , , 3286.9239999999999782, 1, , , 3286.9239999999999782, 1, , , 3286.9239999999999782, 0
, , 3286.9279999999998836, 0, , , 3286.9279999999998836, 1, , , 3286.9279999999998836, 1, , , 3286.9279999999998836, 0
, , 3286.9329999999999927, 0, , , 3286.9329999999999927, 1, , , 3286.9329999999999927, 1, , , 3286.9329999999999927, 0
, , 3286.9380000000001019, 0, , , 3286.9380000000001019, 1, , , 3286.9380000000001019, 1, , , 3286.9380000000001019, 0
, , 3286.94399999999996, 0, , , 3286.94399999999996, 1, , , 3286.94399999999996, 1, , , 3286.94399999999996, 0
, , 3286.9479999999998654, 0, , , 3286.9479999999998654, 1, , , 3286.9479999999998654, 1, , , 3286.9479999999998654, 0
, , 3286.9529999999999745, 1, , , 3286.9529999999999745, 1, , , 3286.9529999999999745, 1, , , 3286.9529999999999745, 1
, , 3286.9580000000000837, 1, , , 3286.9580000000000837, 1, , , 3286.9580000000000837, 1, , , 3286.9580000000000837, 1
, , 3286.9630000000001928, 1, , , 3286.9630000000001928, 1, , , 3286.9630000000001928, 1, , , 3286.9630000000001928, 1
, , 3286.9679999999998472, 1, , , 3286.9679999999998472, 1, , , 3286.9679999999998472, 1, , , 3286.9679999999998472, 1
, , 3286.9749999999999091, 1, , , 3286.9749999999999091, 1, , , 3286.9749999999999091, 1, , , 3286.9749999999999091, 1
, , 3286.9789999999998145, 1, , , 3286.9789999999998145, 1, , , 3286.9789999999998145, 1, , , 3286.9789999999998145, 1
, , 3286.9830000000001746, 1, , , 3286.9830000000001746, 1, , , 3286.9830000000001746, 1, , , 3286.9830000000001746, 1
, , 3286.987999999999829, 1, , , 3286.987999999999829, 1, , , 3286.987999999999829, 1, , , 3286.987999999999829, 1
, , 3286.9929999999999382, 1, , , 3286.9929999999999382, 1, , , 3286.9929999999999382, 1, , , 3286.9929999999999382, 1
, , 3286.9980000000000473, 1, , , 3286.9980000000000473, 1, , , 3286.9980000000000473, 1, , , 3286.9980000000000473, 1
, , 3287.0030000000001564, 1, , , 3287.0030000000001564, 1, , , 3287.0030000000001564, 1, , , 3287.0030000000001564, 1
, , 3287.0079999999998108, 1, , , 3287.0079999999998108, 1, , , 3287.0079999999998108, 1, , , 3287.0079999999998108, 1
, , 3287.01299999999992, 1, , , 3287.01299999999992, 1, , , 3287.01299999999992, 1, , , 3287.01299999999992, 1
, , 3287.0180000000000291, 1, , , 3287.0180000000000291, 1, , , 3287.0180000000000291, 1, , , 3287.0180000000000291, 1
, , 3287.0230000000001382, 1, , , 3287.0230000000001382, 1, , , 3287.0230000000001382, 1, , , 3287.0230000000001382, 1
, , 3287.0279999999997926, 1, , , 3287.0279999999997926, 0, , , 3287.0279999999997926, 0, , , 3287.0279999999997926, 1
, , 3287.0329999999999018, 1, , , 3287.0329999999999018, 0, , , 3287.0329999999999018, 0, , , 3287.0329999999999018, 1
, , 3287.0380000000000109, 1, , , 3287.0380000000000109, 0, , , 3287.0380000000000109, 0, , , 3287.0380000000000109, 1
, , 3287.0430000000001201, 1, , , 3287.0430000000001201, 0, , , 3287.0430000000001201, 0, , , 3287.0430000000001201, 1
, , 3287.0479999999997744, 1, , , 3287.0479999999997744, 0, , , 3287.0479999999997744, 0, , , 3287.0479999999997744, 1
, , 3287.0529999999998836, 1, , , 3287.0529999999998836, 0, , , 3287.0529999999998836, 0, , , 3287.0529999999998836, 1
, , 3287.0579999999999927, 1, , , 3287.0579999999999927, 0, , , 3287.0579999999999927, 0, , , 3287.0579999999999927, 1
, , 3287.0630000000001019, 1, , , 3287.0630000000001019, 0, , , 3287.0630000000001019, 0, , , 3287.0630000000001019, 1
, , 3287.068000000000211, 1, , , 3287.068000000000211, 0, , , 3287.068000000000211, 0, , , 3287.068000000000211, 1
, , 3287.0729999999998654, 1, , , 3287.0729999999998654, 0, , , 3287.0729999999998654, 0, , , 3287.0729999999998654, 1
, , 3287.0779999999999745, 1, , , 3287.0779999999999745, 0, , , 3287.0779999999999745, 0, , , 3287.0779999999999745, 1
, , 3287.0850000000000364, 1, , , 3287.0850000000000364, 0, , , 3287.0850000000000364, 0, , , 3287.0850000000000364, 1
, , 3287.0880000000001928, 1, , , 3287.0880000000001928, 0, , , 3287.0880000000001928, 0, , , 3287.0880000000001928, 1
, , 3287.0929999999998472, 1, , , 3287.0929999999998472, 0, , , 3287.0929999999998472, 0, , , 3287.0929999999998472, 1
, , 3287.0979999999999563, 1, , , 3287.0979999999999563, 0, , , 3287.0979999999999563, 0, , , 3287.0979999999999563, 1
, , 3287.1030000000000655, 1, , , 3287.1030000000000655, 0, , , 3287.1030000000000655, 0, , , 3287.1030000000000655, 1
, , 3287.1080000000001746, 1, , , 3287.1080000000001746, 0, , , 3287.1080000000001746, 0, , , 3287.1080000000001746, 1
, , 3287.112999999999829, 1, , , 3287.112999999999829, 0, , , 3287.112999999999829, 0, , , 3287.112999999999829, 1
, , 3287.1179999999999382, 1, , , 3287.1179999999999382, 0, , , 3287.1179999999999382, 0, , , 3287.1179999999999382, 1
, , 3287.1230000000000473, 1, , , 3287.1230000000000473, 0, , , 3287.1230000000000473, 0, , , 3287.1230000000000473, 1
, , 3287.1280000000001564, 1, , , 3287.1280000000001564, 0, , , 3287.1280000000001564, 0, , , 3287.1280000000001564, 1
, , 3287.1329999999998108, 1, , , 3287.1329999999998108, 0, , , 3287.1329999999998108, 0, , , 3287.1329999999998108, 1
, , 3287.1390000000001237, 1, , , 3287.1390000000001237, 0, , , 3287.1390000000001237, 0, , , 3287.1390000000001237, 1
, , 3287.1430000000000291, 1, , , 3287.1430000000000291, 0, , , 3287.1430000000000291, 0, , , 3287.1430000000000291, 1
, , 3287.1480000000001382, 1, , , 3287.1480000000001382, 0, , , 3287.1480000000001382, 0, , , 3287.1480000000001382, 1
, , 3287.1539999999999964, 1, , , 3287.1539999999999964, 0, , , 3287.1539999999999964, 0, , , 3287.1539999999999964, 1
, , 3287.1579999999999018, 1, , , 3287.1579999999999018, 0, , , 3287.1579999999999018, 0, , , 3287.1579999999999018, 1
, , 3287.1640000000002146, 1, , , 3287.1640000000002146, 0, , , 3287.1640000000002146, 0, , , 3287.1640000000002146, 1
, , 3287.1680000000001201, 1, , , 3287.1680000000001201, 0, , , 3287.1680000000001201, 0, , , 3287.1680000000001201, 1
, , 3287.1739999999999782, 1, , , 3287.1739999999999782, 0, , , 3287.1739999999999782, 0, , , 3287.1739999999999782, 1
, , 3287.1779999999998836, 1, , , 3287.1779999999998836, 0, , , 3287.1779999999998836, 0, , , 3287.1779999999998836, 1
, , 3287.1840000000001965, 1, , , 3287.1840000000001965, 0, , , 3287.1840000000001965, 0, , , 3287.1840000000001965, 1
, , 3287.1880000000001019, 1, , , 3287.1880000000001019, 0, , , 3287.1880000000001019, 0, , , 3287.1880000000001019, 1
, , 3287.193000000000211, 1, , , 3287.193000000000211, 0, , , 3287.193000000000211, 0, , , 3287.193000000000211, 1
, , 3287.1979999999998654, 1, , , 3287.1979999999998654, 0, , , 3287.1979999999998654, 0, , , 3287.1979999999998654, 1
, , 3287.2029999999999745, 1, , , 3287.2029999999999745, 0, , , 3287.2029999999999745, 0, , , 3287.2029999999999745, 1
, , 3287.2080000000000837, 1, , , 3287.2080000000000837, 0, , , 3287.2080000000000837, 0, , , 3287.2080000000000837, 1
, , 3287.2130000000001928, 1, , , 3287.2130000000001928, 0, , , 3287.2130000000001928, 0, , , 3287.2130000000001928, 1
, , 3287.2179999999998472, 1, , , 3287.2179999999998472, 0, , , 3287.2179999999998472, 0, , , 3287.2179999999998472, 1
, , 3287.2229999999999563, 1, , , 3287.2229999999999563, 0, , , 3287.2229999999999563, 0, , , 3287.2229999999999563, 1
, , 3287.2280000000000655, 1, , , 3287.2280000000000655, 0, , , 3287.2280000000000655, 0, , , 3287.2280000000000655, 1
, , 3287.2330000000001746, 1, , , 3287.2330000000001746, 0, , , 3287.2330000000001746, 0, , , 3287.2330000000001746, 1
, , 3287.237999999999829, 1, , , 3287.237999999999829, 0, , , 3287.237999999999829, 0, , , 3287.237999999999829, 1
, , 3287.2440000000001419, 1, , , 3287.2440000000001419, 0, , , 3287.2440000000001419, 0, , , 3287.2440000000001419, 1
, , 3287.2480000000000473, 1, , , 3287.2480000000000473, 0, , , 3287.2480000000000473, 0, , , 3287.2480000000000473, 1
, , 3287.2539999999999054, 1, , , 3287.2539999999999054, 0, , , 3287.2539999999999054, 0, , , 3287.2539999999999054, 1
, , 3287.2590000000000146, 1, , , 3287.2590000000000146, 0, , , 3287.2590000000000146, 0, , , 3287.2590000000000146, 1
, , 3287.26299999999992, 1, , , 3287.26299999999992, 0, , , 3287.26299999999992, 0, , , 3287.26299999999992, 1
, , 3287.2689999999997781, 1, , , 3287.2689999999997781, 0, , , 3287.2689999999997781, 0, , , 3287.2689999999997781, 1
, , 3287.2730000000001382, 1, , , 3287.2730000000001382, 0, , , 3287.2730000000001382, 0, , , 3287.2730000000001382, 1
, , 3287.2779999999997926, 1, , , 3287.2779999999997926, 1, , , 3287.2779999999997926, 1, , , 3287.2779999999997926, 1
, , 3287.2829999999999018, 1, , , 3287.2829999999999018, 1, , , 3287.2829999999999018, 1, , , 3287.2829999999999018, 1
, , 3287.2890000000002146, 1, , , 3287.2890000000002146, 1, , , 3287.2890000000002146, 1, , , 3287.2890000000002146, 1
, , 3287.2930000000001201, 1, , , 3287.2930000000001201, 1, , , 3287.2930000000001201, 1, , , 3287.2930000000001201, 1
, , 3287.2979999999997744, 1, , , 3287.2979999999997744, 1, , , 3287.2979999999997744, 1, , , 3287.2979999999997744, 1
, , 3287.3029999999998836, 1, , , 3287.3029999999998836, 1, , , 3287.3029999999998836, 1, , , 3287.3029999999998836, 1
, , 3287.3079999999999927, 1, , , 3287.3079999999999927, 1, , , 3287.3079999999999927, 1, , , 3287.3079999999999927, 1
, , 3287.3139999999998508, 1, , , 3287.3139999999998508, 1, , , 3287.3139999999998508, 1, , , 3287.3139999999998508, 1
, , 3287.31899999999996, 1, , , 3287.31899999999996, 1, , , 3287.31899999999996, 1, , , 3287.31899999999996, 1
, , 3287.3229999999998654, 1, , , 3287.3229999999998654, 1, , , 3287.3229999999998654, 1, , , 3287.3229999999998654, 1
, , 3287.3279999999999745, 1, , , 3287.3279999999999745, 1, , , 3287.3279999999999745, 1, , , 3287.3279999999999745, 1
, , 3287.3350000000000364, 1, , , 3287.3350000000000364, 1, , , 3287.3350000000000364, 1, , , 3287.3350000000000364, 1
, , 3287.3380000000001928, 1, , , 3287.3380000000001928, 1, , , 3287.3380000000001928, 1, , , 3287.3380000000001928, 1
, , 3287.3420000000000982, 1, , , 3287.3420000000000982, 1, , , 3287.3420000000000982, 1, , , 3287.3420000000000982, 1
, , 3287.3490000000001601, 0, , , 3287.3490000000001601, 1, , , 3287.3490000000001601, 1, , , 3287.3490000000001601, 0
, , 3287.3539999999998145, 0, , , 3287.3539999999998145, 1, , , 3287.3539999999998145, 1, , , 3287.3539999999998145, 0
, , 3287.3589999999999236, 0, , , 3287.3589999999999236, 1, , , 3287.3589999999999236, 1, , , 3287.3589999999999236, 0
, , 3287.3649999999997817, 0, , , 3287.3649999999997817, 1, , , 3287.3649999999997817, 1, , , 3287.3649999999997817, 0
, , 3287.3679999999999382, 0, , , 3287.3679999999999382, 1, , , 3287.3679999999999382, 1, , , 3287.3679999999999382, 0
, , 3287.3730000000000473, 0, , , 3287.3730000000000473, 1, , , 3287.3730000000000473, 1, , , 3287.3730000000000473, 0
, , 3287.3780000000001564, 0, , , 3287.3780000000001564, 1, , , 3287.3780000000001564, 1, , , 3287.3780000000001564, 0
, , 3287.3829999999998108, 0, , , 3287.3829999999998108, 1, , , 3287.3829999999998108, 1, , , 3287.3829999999998108, 0
, , 3287.38799999999992, 0, , , 3287.38799999999992, 1, , , 3287.38799999999992, 1, , , 3287.38799999999992, 0
, , 3287.3930000000000291, 0, , , 3287.3930000000000291, 1, , , 3287.3930000000000291, 1, , , 3287.3930000000000291, 0
, , 3287.3989999999998872, 0, , , 3287.3989999999998872, 1, , , 3287.3989999999998872, 1, , , 3287.3989999999998872, 0
, , 3287.4029999999997926, 0, , , 3287.4029999999997926, 1, , , 3287.4029999999997926, 1, , , 3287.4029999999997926, 0
, , 3287.4079999999999018, 0, , , 3287.4079999999999018, 1, , , 3287.4079999999999018, 1, , , 3287.4079999999999018, 0
, , 3287.4130000000000109, 0, , , 3287.4130000000000109, 1, , , 3287.4130000000000109, 1, , , 3287.4130000000000109, 0
, , 3287.418999999999869, 0, , , 3287.418999999999869, 1, , , 3287.418999999999869, 1, , , 3287.418999999999869, 0
, , 3287.4229999999997744, 0, , , 3287.4229999999997744, 1, , , 3287.4229999999997744, 1, , , 3287.4229999999997744, 0
, , 3287.4279999999998836, 0, , , 3287.4279999999998836, 1, , , 3287.4279999999998836, 1, , , 3287.4279999999998836, 0
, , 3287.4329999999999927, 0, , , 3287.4329999999999927, 1, , , 3287.4329999999999927, 1, , , 3287.4329999999999927, 0
, , 3287.4380000000001019, 0, , , 3287.4380000000001019, 1, , , 3287.4380000000001019, 1, , , 3287.4380000000001019, 0
, , 3287.443000000000211, 0, , , 3287.443000000000211, 1, , , 3287.443000000000211, 1, , , 3287.443000000000211, 0
, , 3287.4490000000000691, 0, , , 3287.4490000000000691, 1, , , 3287.4490000000000691, 1, , , 3287.4490000000000691, 0
, , 3287.4540000000001783, 0, , , 3287.4540000000001783, 1, , , 3287.4540000000001783, 1, , , 3287.4540000000001783, 0
, , 3287.4589999999998327, 0, , , 3287.4589999999998327, 1, , , 3287.4589999999998327, 1, , , 3287.4589999999998327, 0
, , 3287.4630000000001928, 0, , , 3287.4630000000001928, 1, , , 3287.4630000000001928, 1, , , 3287.4630000000001928, 0
, , 3287.4690000000000509, 0, , , 3287.4690000000000509, 1, , , 3287.4690000000000509, 1, , , 3287.4690000000000509, 0
, , 3287.4729999999999563, 0, , , 3287.4729999999999563, 1, , , 3287.4729999999999563, 1, , , 3287.4729999999999563, 0
, , 3287.4789999999998145, 0, , , 3287.4789999999998145, 1, , , 3287.4789999999998145, 1, , , 3287.4789999999998145, 0
, , 3287.4830000000001746, 0, , , 3287.4830000000001746, 1, , , 3287.4830000000001746, 1, , , 3287.4830000000001746, 0
, , 3287.487999999999829, 0, , , 3287.487999999999829, 1, , , 3287.487999999999829, 1, , , 3287.487999999999829, 0
, , 3287.4929999999999382, 0, , , 3287.4929999999999382, 1, , , 3287.4929999999999382, 1, , , 3287.4929999999999382, 0
, , 3287.4980000000000473, 0, , , 3287.4980000000000473, 1, , , 3287.4980000000000473, 1, , , 3287.4980000000000473, 0
, , 3287.5030000000001564, 0, , , 3287.5030000000001564, 1, , , 3287.5030000000001564, 1, , , 3287.5030000000001564, 0
, , 3287.5090000000000146, 0, , , 3287.5090000000000146, 1, , , 3287.5090000000000146, 1, , , 3287.5090000000000146, 0
, , 3287.5140000000001237, 0, , , 3287.5140000000001237, 1, , , 3287.5140000000001237, 1, , , 3287.5140000000001237, 0
, , 3287.5180000000000291, 0, , , 3287.5180000000000291, 1, , , 3287.5180000000000291, 1, , , 3287.5180000000000291, 0
, , 3287.5230000000001382, 0, , , 3287.5230000000001382, 1, , , 3287.5230000000001382, 1, , , 3287.5230000000001382, 0
, , 3287.5279999999997926, 0, , , 3287.5279999999997926, 1, , , 3287.5279999999997926, 1, , , 3287.5279999999997926, 0
, , 3287.5320000000001528, 0, , , 3287.5320000000001528, 1, , , 3287.5320000000001528, 1, , , 3287.5320000000001528, 0
, , 3287.5380000000000109, 0, , , 3287.5380000000000109, 1, , , 3287.5380000000000109, 1, , , 3287.5380000000000109, 0
, , 3287.5430000000001201, 0, , , 3287.5430000000001201, 1, , , 3287.5430000000001201, 1, , , 3287.5430000000001201, 0
, , 3287.5489999999999782, 0, , , 3287.5489999999999782, 1, , , 3287.5489999999999782, 1, , , 3287.5489999999999782, 0
, , 3287.5529999999998836, 0, , , 3287.5529999999998836, 1, , , 3287.5529999999998836, 1, , , 3287.5529999999998836, 0
, , 3287.5590000000001965, 0, , , 3287.5590000000001965, 1, , , 3287.5590000000001965, 1, , , 3287.5590000000001965, 0
, , 3287.5630000000001019, 0, , , 3287.5630000000001019, 1, , , 3287.5630000000001019, 1, , , 3287.5630000000001019, 0
, , 3287.568000000000211, 0, , , 3287.568000000000211, 1, , , 3287.568000000000211, 1, , , 3287.568000000000211, 0
, , 3287.5729999999998654, 0, , , 3287.5729999999998654, 1, , , 3287.5729999999998654, 1, , , 3287.5729999999998654, 0
, , 3287.5779999999999745, 0, , , 3287.5779999999999745, 1, , , 3287.5779999999999745, 1, , , 3287.5779999999999745, 0
, , 3287.5839999999998327, 0, , , 3287.5839999999998327, 1, , , 3287.5839999999998327, 1, , , 3287.5839999999998327, 0
, , 3287.5880000000001928, 0, , , 3287.5880000000001928, 1, , , 3287.5880000000001928, 1, , , 3287.5880000000001928, 0
, , 3287.5940000000000509, 0, , , 3287.5940000000000509, 1, , , 3287.5940000000000509, 1, , , 3287.5940000000000509, 0
, , 3287.5979999999999563, 0, , , 3287.5979999999999563, 1, , , 3287.5979999999999563, 1, , , 3287.5979999999999563, 0
, , 3287.6030000000000655, 1, , , 3287.6030000000000655, 1, , , 3287.6030000000000655, 1, , , 3287.6030000000000655, 1
, , 3287.6089999999999236, 1, , , 3287.6089999999999236, 1, , , 3287.6089999999999236, 1, , , 3287.6089999999999236, 1
, , 3287.612999999999829, 1, , , 3287.612999999999829, 1, , , 3287.612999999999829, 1, , , 3287.612999999999829, 1
, , 3287.6179999999999382, 1, , , 3287.6179999999999382, 1, , , 3287.6179999999999382, 1, , , 3287.6179999999999382, 1
, , 3287.6230000000000473, 1, , , 3287.6230000000000473, 1, , , 3287.6230000000000473, 1, , , 3287.6230000000000473, 1
, , 3287.6280000000001564, 1, , , 3287.6280000000001564, 1, , , 3287.6280000000001564, 1, , , 3287.6280000000001564, 1
, , 3287.6329999999998108, 1, , , 3287.6329999999998108, 1, , , 3287.6329999999998108, 1, , , 3287.6329999999998108, 1
, , 3287.63799999999992, 1, , , 3287.63799999999992, 1, , , 3287.63799999999992, 1, , , 3287.63799999999992, 1
, , 3287.6430000000000291, 1, , , 3287.6430000000000291, 1, , , 3287.6430000000000291, 1, , , 3287.6430000000000291, 1
, , 3287.6480000000001382, 1, , , 3287.6480000000001382, 1, , , 3287.6480000000001382, 1, , , 3287.6480000000001382, 1
, , 3287.6539999999999964, 1, , , 3287.6539999999999964, 1, , , 3287.6539999999999964, 1, , , 3287.6539999999999964, 1
, , 3287.6579999999999018, 1, , , 3287.6579999999999018, 1, , , 3287.6579999999999018, 1, , , 3287.6579999999999018, 1
, , 3287.6640000000002146, 1, , , 3287.6640000000002146, 1, , , 3287.6640000000002146, 1, , , 3287.6640000000002146, 1
, , 3287.6680000000001201, 1, , , 3287.6680000000001201, 1, , , 3287.6680000000001201, 1, , , 3287.6680000000001201, 1
, , 3287.6729999999997744, 1, , , 3287.6729999999997744, 1, , , 3287.6729999999997744, 1, , , 3287.6729999999997744, 1
, , 3287.6790000000000873, 1, , , 3287.6790000000000873, 0, , , 3287.6790000000000873, 0, , , 3287.6790000000000873, 1
, , 3287.6840000000001965, 1, , , 3287.6840000000001965, 0, , , 3287.6840000000001965, 0, , , 3287.6840000000001965, 1
, , 3287.6880000000001019, 1, , , 3287.6880000000001019, 0, , , 3287.6880000000001019, 0, , , 3287.6880000000001019, 1
, , 3287.693000000000211, 1, , , 3287.693000000000211, 0, , , 3287.693000000000211, 0, , , 3287.693000000000211, 1
, , 3287.6979999999998654, 1, , , 3287.6979999999998654, 0, , , 3287.6979999999998654, 0, , , 3287.6979999999998654, 1
, , 3287.7040000000001783, 1, , , 3287.7040000000001783, 0, , , 3287.7040000000001783, 0, , , 3287.7040000000001783, 1
, , 3287.7080000000000837, 1, , , 3287.7080000000000837, 0, , , 3287.7080000000000837, 0, , , 3287.7080000000000837, 1
, , 3287.7119999999999891, 1, , , 3287.7119999999999891, 0, , , 3287.7119999999999891, 0, , , 3287.7119999999999891, 1
, , 3287.7190000000000509, 1, , , 3287.7190000000000509, 0, , , 3287.7190000000000509, 0, , , 3287.7190000000000509, 1
, , 3287.7240000000001601, 1, , , 3287.7240000000001601, 0, , , 3287.7240000000001601, 0, , , 3287.7240000000001601, 1
, , 3287.7280000000000655, 1, , , 3287.7280000000000655, 0, , , 3287.7280000000000655, 0, , , 3287.7280000000000655, 1
, , 3287.7330000000001746, 1, , , 3287.7330000000001746, 0, , , 3287.7330000000001746, 0, , , 3287.7330000000001746, 1
, , 3287.737999999999829, 1, , , 3287.737999999999829, 0, , , 3287.737999999999829, 0, , , 3287.737999999999829, 1
, , 3287.7420000000001892, 1, , , 3287.7420000000001892, 0, , , 3287.7420000000001892, 0, , , 3287.7420000000001892, 1
, , 3287.7489999999997963, 1, , , 3287.7489999999997963, 0, , , 3287.7489999999997963, 0, , , 3287.7489999999997963, 1
, , 3287.7530000000001564, 1, , , 3287.7530000000001564, 0, , , 3287.7530000000001564, 0, , , 3287.7530000000001564, 1
, , 3287.7590000000000146, 1, , , 3287.7590000000000146, 0, , , 3287.7590000000000146, 0, , , 3287.7590000000000146, 1
, , 3287.76299999999992, 1, , , 3287.76299999999992, 0, , , 3287.76299999999992, 0, , , 3287.76299999999992, 1
, , 3287.7680000000000291, 1, , , 3287.7680000000000291, 0, , , 3287.7680000000000291, 0, , , 3287.7680000000000291, 1
, , 3287.7730000000001382, 1, , , 3287.7730000000001382, 0, , , 3287.7730000000001382, 0, , , 3287.7730000000001382, 1
, , 3287.7779999999997926, 1, , , 3287.7779999999997926, 0, , , 3287.7779999999997926, 0, , , 3287.7779999999997926, 1
, , 3287.7840000000001055, 1, , , 3287.7840000000001055, 0, , , 3287.7840000000001055, 0, , , 3287.7840000000001055, 1
, , 3287.7880000000000109, 1, , , 3287.7880000000000109, 0, , , 3287.7880000000000109, 0, , , 3287.7880000000000109, 1
, , 3287.7930000000001201, 1, , , 3287.7930000000001201, 0, , , 3287.7930000000001201, 0, , , 3287.7930000000001201, 1
, , 3287.7989999999999782, 1, , , 3287.7989999999999782, 0, , , 3287.7989999999999782, 0, , , 3287.7989999999999782, 1
, , 3287.80600000000004, 1, , , 3287.80600000000004, 0, , , 3287.80600000000004, 0, , , 3287.80600000000004, 1
, , 3287.8090000000001965, 1, , , 3287.8090000000001965, 0, , , 3287.8090000000001965, 0, , , 3287.8090000000001965, 1
, , 3287.8130000000001019, 1, , , 3287.8130000000001019, 0, , , 3287.8130000000001019, 0, , , 3287.8130000000001019, 1
, , 3287.81899999999996, 1, , , 3287.81899999999996, 0, , , 3287.81899999999996, 0, , , 3287.81899999999996, 1
, , 3287.8229999999998654, 1, , , 3287.8229999999998654, 0, , , 3287.8229999999998654, 0, , , 3287.8229999999998654, 1
, , 3287.8279999999999745, 1, , , 3287.8279999999999745, 0, , , 3287.8279999999999745, 0, , , 3287.8279999999999745, 1
, , 3287.8330000000000837, 1, , , 3287.8330000000000837, 0, , , 3287.8330000000000837, 0, , , 3287.8330000000000837, 1
, , 3287.8380000000001928, 1, , , 3287.8380000000001928, 0, , , 3287.8380000000001928, 0, , , 3287.8380000000001928, 1
, , 3287.8429999999998472, 1, , , 3287.8429999999998472, 0, , , 3287.8429999999998472, 0, , , 3287.8429999999998472, 1
, , 3287.8479999999999563, 1, , , 3287.8479999999999563, 0, , , 3287.8479999999999563, 0, , , 3287.8479999999999563, 1
, , 3287.8530000000000655, 1, , , 3287.8530000000000655, 0, , , 3287.8530000000000655, 0, , , 3287.8530000000000655, 1
, , 3287.8580000000001746, 1, , , 3287.8580000000001746, 0, , , 3287.8580000000001746, 0, , , 3287.8580000000001746, 1
, , 3287.862999999999829, 1, , , 3287.862999999999829, 0, , , 3287.862999999999829, 0, , , 3287.862999999999829, 1
, , 3287.8690000000001419, 1, , , 3287.8690000000001419, 0, , , 3287.8690000000001419, 0, , , 3287.8690000000001419, 1
, , 3287.8730000000000473, 1, , , 3287.8730000000000473, 0, , , 3287.8730000000000473, 0, , , 3287.8730000000000473, 1
, , 3287.8780000000001564, 1, , , 3287.8780000000001564, 0, , , 3287.8780000000001564, 0, , , 3287.8780000000001564, 1
, , 3287.8840000000000146, 1, , , 3287.8840000000000146, 0, , , 3287.8840000000000146, 0, , , 3287.8840000000000146, 1
, , 3287.887000000000171, 1, , , 3287.887000000000171, 0, , , 3287.887000000000171, 0, , , 3287.887000000000171, 1
, , 3287.8930000000000291, 1, , , 3287.8930000000000291, 0, , , 3287.8930000000000291, 0, , , 3287.8930000000000291, 1
, , 3287.8980000000001382, 1, , , 3287.8980000000001382, 0, , , 3287.8980000000001382, 0, , , 3287.8980000000001382, 1
, , 3287.9039999999999964, 1, , , 3287.9039999999999964, 0, , , 3287.9039999999999964, 0, , , 3287.9039999999999964, 1
, , 3287.9090000000001055, 1, , , 3287.9090000000001055, 0, , , 3287.9090000000001055, 0, , , 3287.9090000000001055, 1
, , 3287.9130000000000109, 1, , , 3287.9130000000000109, 0, , , 3287.9130000000000109, 0, , , 3287.9130000000000109, 1
, , 3287.9180000000001201, 1, , , 3287.9180000000001201, 0, , , 3287.9180000000001201, 0, , , 3287.9180000000001201, 1
, , 3287.9229999999997744, 1, , , 3287.9229999999997744, 0, , , 3287.9229999999997744, 0, , , 3287.9229999999997744, 1
, , 3287.9279999999998836, 1, , , 3287.9279999999998836, 1, , , 3287.9279999999998836, 1, , , 3287.9279999999998836, 1
, , 3287.9329999999999927, 1, , , 3287.9329999999999927, 1, , , 3287.9329999999999927, 1, , , 3287.9329999999999927, 1
, , 3287.9380000000001019, 1, , , 3287.9380000000001019, 1, , , 3287.9380000000001019, 1, , , 3287.9380000000001019, 1
, , 3287.943000000000211, 1, , , 3287.943000000000211, 1, , , 3287.943000000000211, 1, , , 3287.943000000000211, 1
, , 3287.9479999999998654, 1, , , 3287.9479999999998654, 1, , , 3287.9479999999998654, 1, , , 3287.9479999999998654, 1
, , 3287.9540000000001783, 1, , , 3287.9540000000001783, 1, , , 3287.9540000000001783, 1, , , 3287.9540000000001783, 1
, , 3287.9580000000000837, 1, , , 3287.9580000000000837, 1, , , 3287.9580000000000837, 1, , , 3287.9580000000000837, 1
, , 3287.9630000000001928, 1, , , 3287.9630000000001928, 1, , , 3287.9630000000001928, 1, , , 3287.9630000000001928, 1
, , 3287.9670000000000982, 1, , , 3287.9670000000000982, 1, , , 3287.9670000000000982, 1, , , 3287.9670000000000982, 1
, , 3287.9740000000001601, 1, , , 3287.9740000000001601, 1, , , 3287.9740000000001601, 1, , , 3287.9740000000001601, 1
, , 3287.9800000000000182, 1, , , 3287.9800000000000182, 1, , , 3287.9800000000000182, 1, , , 3287.9800000000000182, 1
, , 3287.9830000000001746, 1, , , 3287.9830000000001746, 1, , , 3287.9830000000001746, 1, , , 3287.9830000000001746, 1
, , 3287.9890000000000327, 1, , , 3287.9890000000000327, 1, , , 3287.9890000000000327, 1, , , 3287.9890000000000327, 1
, , 3287.9929999999999382, 1, , , 3287.9929999999999382, 1, , , 3287.9929999999999382, 1, , , 3287.9929999999999382, 1
, , 3287.9980000000000473, 1, , , 3287.9980000000000473, 1, , , 3287.9980000000000473, 1, , , 3287.9980000000000473, 1
, , 3288.0030000000001564, 0, , , 3288.0030000000001564, 1, , , 3288.0030000000001564, 1, , , 3288.0030000000001564, 0
, , 3288.0079999999998108, 0, , , 3288.0079999999998108, 1, , , 3288.0079999999998108, 1, , , 3288.0079999999998108, 0
, , 3288.012000000000171, 0, , , 3288.012000000000171, 1, , , 3288.012000000000171, 1, , , 3288.012000000000171, 0
, , 3288.0199999999999818, 0, , , 3288.0199999999999818, 1, , , 3288.0199999999999818, 1, , , 3288.0199999999999818, 0
, , 3288.0230000000001382, 0, , , 3288.0230000000001382, 1, , , 3288.0230000000001382, 1, , , 3288.0230000000001382, 0
, , 3288.0289999999999964, 0, , , 3288.0289999999999964, 1, , , 3288.0289999999999964, 1, , , 3288.0289999999999964, 0
, , 3288.0329999999999018, 0, , , 3288.0329999999999018, 1, , , 3288.0329999999999018, 1, , , 3288.0329999999999018, 0
, , 3288.0380000000000109, 0, , , 3288.0380000000000109, 1, , , 3288.0380000000000109, 1, , , 3288.0380000000000109, 0
, , 3288.0430000000001201, 0, , , 3288.0430000000001201, 1, , , 3288.0430000000001201, 1, , , 3288.0430000000001201, 0
, , 3288.0489999999999782, 0, , , 3288.0489999999999782, 1, , , 3288.0489999999999782, 1, , , 3288.0489999999999782, 0
, , 3288.0529999999998836, 0, , , 3288.0529999999998836, 1, , , 3288.0529999999998836, 1, , , 3288.0529999999998836, 0
, , 3288.0579999999999927, 0, , , 3288.0579999999999927, 1, , , 3288.0579999999999927, 1, , , 3288.0579999999999927, 0
, , 3288.0630000000001019, 0, , , 3288.0630000000001019, 1, , , 3288.0630000000001019, 1, , , 3288.0630000000001019, 0
, , 3288.068000000000211, 0, , , 3288.068000000000211, 1, , , 3288.068000000000211, 1, , , 3288.068000000000211, 0
, , 3288.0740000000000691, 0, , , 3288.0740000000000691, 1, , , 3288.0740000000000691, 1, , , 3288.0740000000000691, 0
, , 3288.0799999999999272, 0, , , 3288.0799999999999272, 1, , , 3288.0799999999999272, 1, , , 3288.0799999999999272, 0
, , 3288.0830000000000837, 0, , , 3288.0830000000000837, 1, , , 3288.0830000000000837, 1, , , 3288.0830000000000837, 0
, , 3288.0880000000001928, 0, , , 3288.0880000000001928, 1, , , 3288.0880000000001928, 1, , , 3288.0880000000001928, 0
, , 3288.0929999999998472, 0, , , 3288.0929999999998472, 1, , , 3288.0929999999998472, 1, , , 3288.0929999999998472, 0
, , 3288.0979999999999563, 0, , , 3288.0979999999999563, 1, , , 3288.0979999999999563, 1, , , 3288.0979999999999563, 0
, , 3288.1039999999998145, 0, , , 3288.1039999999998145, 1, , , 3288.1039999999998145, 1, , , 3288.1039999999998145, 0
, , 3288.1089999999999236, 0, , , 3288.1089999999999236, 1, , , 3288.1089999999999236, 1, , , 3288.1089999999999236, 0
, , 3288.112999999999829, 0, , , 3288.112999999999829, 1, , , 3288.112999999999829, 1, , , 3288.112999999999829, 0
, , 3288.1179999999999382, 0, , , 3288.1179999999999382, 1, , , 3288.1179999999999382, 1, , , 3288.1179999999999382, 0
, , 3288.1239999999997963, 0, , , 3288.1239999999997963, 1, , , 3288.1239999999997963, 1, , , 3288.1239999999997963, 0
, , 3288.1289999999999054, 0, , , 3288.1289999999999054, 1, , , 3288.1289999999999054, 1, , , 3288.1289999999999054, 0
, , 3288.1329999999998108, 0, , , 3288.1329999999998108, 1, , , 3288.1329999999998108, 1, , , 3288.1329999999998108, 0
, , 3288.1390000000001237, 0, , , 3288.1390000000001237, 1, , , 3288.1390000000001237, 1, , , 3288.1390000000001237, 0
, , 3288.1430000000000291, 0, , , 3288.1430000000000291, 1, , , 3288.1430000000000291, 1, , , 3288.1430000000000291, 0
, , 3288.1480000000001382, 0, , , 3288.1480000000001382, 1, , , 3288.1480000000001382, 1, , , 3288.1480000000001382, 0
, , 3288.1529999999997926, 0, , , 3288.1529999999997926, 1, , , 3288.1529999999997926, 1, , , 3288.1529999999997926, 0
, , 3288.1590000000001055, 0, , , 3288.1590000000001055, 1, , , 3288.1590000000001055, 1, , , 3288.1590000000001055, 0
, , 3288.1630000000000109, 0, , , 3288.1630000000000109, 1, , , 3288.1630000000000109, 1, , , 3288.1630000000000109, 0
, , 3288.1680000000001201, 0, , , 3288.1680000000001201, 1, , , 3288.1680000000001201, 1, , , 3288.1680000000001201, 0
, , 3288.1729999999997744, 0, , , 3288.1729999999997744, 1, , , 3288.1729999999997744, 1, , , 3288.1729999999997744, 0
, , 3288.1779999999998836, 0, , , 3288.1779999999998836, 1, , , 3288.1779999999998836, 1, , , 3288.1779999999998836, 0
, , 3288.1829999999999927, 0, , , 3288.1829999999999927, 1, , , 3288.1829999999999927, 1, , , 3288.1829999999999927, 0
, , 3288.1889999999998508, 0, , , 3288.1889999999998508, 1, , , 3288.1889999999998508, 1, , , 3288.1889999999998508, 0
, , 3288.193000000000211, 0, , , 3288.193000000000211, 1, , , 3288.193000000000211, 1, , , 3288.193000000000211, 0
, , 3288.1979999999998654, 0, , , 3288.1979999999998654, 1, , , 3288.1979999999998654, 1, , , 3288.1979999999998654, 0
, , 3288.2029999999999745, 0, , , 3288.2029999999999745, 1, , , 3288.2029999999999745, 1, , , 3288.2029999999999745, 0
, , 3288.2080000000000837, 0, , , 3288.2080000000000837, 1, , , 3288.2080000000000837, 1, , , 3288.2080000000000837, 0
, , 3288.2130000000001928, 0, , , 3288.2130000000001928, 1, , , 3288.2130000000001928, 1, , , 3288.2130000000001928, 0
, , 3288.2179999999998472, 0, , , 3288.2179999999998472, 1, , , 3288.2179999999998472, 1, , , 3288.2179999999998472, 0
, , 3288.2240000000001601, 0, , , 3288.2240000000001601, 1, , , 3288.2240000000001601, 1, , , 3288.2240000000001601, 0
, , 3288.2289999999998145, 0, , , 3288.2289999999998145, 1, , , 3288.2289999999998145, 1, , , 3288.2289999999998145, 0
, , 3288.2330000000001746, 0, , , 3288.2330000000001746, 1, , , 3288.2330000000001746, 1, , , 3288.2330000000001746, 0
, , 3288.2399999999997817, 0, , , 3288.2399999999997817, 1, , , 3288.2399999999997817, 1, , , 3288.2399999999997817, 0
, , 3288.2429999999999382, 0, , , 3288.2429999999999382, 1, , , 3288.2429999999999382, 1, , , 3288.2429999999999382, 0
, , 3288.2480000000000473, 0, , , 3288.2480000000000473, 1, , , 3288.2480000000000473, 1, , , 3288.2480000000000473, 0
, , 3288.2539999999999054, 1, , , 3288.2539999999999054, 1, , , 3288.2539999999999054, 1, , , 3288.2539999999999054, 1
, , 3288.2579999999998108, 1, , , 3288.2579999999998108, 1, , , 3288.2579999999998108, 1, , , 3288.2579999999998108, 1
, , 3288.26299999999992, 1, , , 3288.26299999999992, 1, , , 3288.26299999999992, 1, , , 3288.26299999999992, 1
, , 3288.2689999999997781, 1, , , 3288.2689999999997781, 1, , , 3288.2689999999997781, 1, , , 3288.2689999999997781, 1
, , 3288.2730000000001382, 1, , , 3288.2730000000001382, 1, , , 3288.2730000000001382, 1, , , 3288.2730000000001382, 1
, , 3288.2779999999997926, 1, , , 3288.2779999999997926, 1, , , 3288.2779999999997926, 1, , , 3288.2779999999997926, 1
, , 3288.2829999999999018, 1, , , 3288.2829999999999018, 1, , , 3288.2829999999999018, 1, , , 3288.2829999999999018, 1
, , 3288.2880000000000109, 1, , , 3288.2880000000000109, 1, , , 3288.2880000000000109, 1, , , 3288.2880000000000109, 1
, , 3288.2930000000001201, 1, , , 3288.2930000000001201, 1, , , 3288.2930000000001201, 1, , , 3288.2930000000001201, 1
, , 3288.2979999999997744, 1, , , 3288.2979999999997744, 1, , , 3288.2979999999997744, 1, , , 3288.2979999999997744, 1
, , 3288.3029999999998836, 1, , , 3288.3029999999998836, 1, , , 3288.3029999999998836, 1, , , 3288.3029999999998836, 1
, , 3288.3090000000001965, 1, , , 3288.3090000000001965, 1, , , 3288.3090000000001965, 1, , , 3288.3090000000001965, 1
, , 3288.3130000000001019, 1, , , 3288.3130000000001019, 1, , , 3288.3130000000001019, 1, , , 3288.3130000000001019, 1
, , 3288.31899999999996, 1, , , 3288.31899999999996, 1, , , 3288.31899999999996, 1, , , 3288.31899999999996, 1
, , 3288.3229999999998654, 1, , , 3288.3229999999998654, 1, , , 3288.3229999999998654, 1, , , 3288.3229999999998654, 1
, , 3288.3279999999999745, 1, , , 3288.3279999999999745, 0, , , 3288.3279999999999745, 0, , , 3288.3279999999999745, 1
, , 3288.3330000000000837, 1, , , 3288.3330000000000837, 0, , , 3288.3330000000000837, 0, , , 3288.3330000000000837, 1
, , 3288.3389999999999418, 1, , , 3288.3389999999999418, 0, , , 3288.3389999999999418, 0, , , 3288.3389999999999418, 1
, , 3288.3440000000000509, 1, , , 3288.3440000000000509, 0, , , 3288.3440000000000509, 0, , , 3288.3440000000000509, 1
, , 3288.3479999999999563, 1, , , 3288.3479999999999563, 0, , , 3288.3479999999999563, 0, , , 3288.3479999999999563, 1
, , 3288.3530000000000655, 1, , , 3288.3530000000000655, 0, , , 3288.3530000000000655, 0, , , 3288.3530000000000655, 1
, , 3288.3580000000001746, 1, , , 3288.3580000000001746, 0, , , 3288.3580000000001746, 0, , , 3288.3580000000001746, 1
, , 3288.362999999999829, 1, , , 3288.362999999999829, 0, , , 3288.362999999999829, 0, , , 3288.362999999999829, 1
, , 3288.3690000000001419, 1, , , 3288.3690000000001419, 0, , , 3288.3690000000001419, 0, , , 3288.3690000000001419, 1
, , 3288.375, 1, , , 3288.375, 0, , , 3288.375, 0, , , 3288.375, 1
, , 3288.3780000000001564, 1, , , 3288.3780000000001564, 0, , , 3288.3780000000001564, 0, , , 3288.3780000000001564, 1
, , 3288.3829999999998108, 1, , , 3288.3829999999998108, 0, , , 3288.3829999999998108, 0, , , 3288.3829999999998108, 1
, , 3288.38799999999992, 1, , , 3288.38799999999992, 0, , , 3288.38799999999992, 0, , , 3288.38799999999992, 1
, , 3288.3930000000000291, 1, , , 3288.3930000000000291, 0, , , 3288.3930000000000291, 0, , , 3288.3930000000000291, 1
, , 3288.3980000000001382, 1, , , 3288.3980000000001382, 0, , , 3288.3980000000001382, 0, , , 3288.3980000000001382, 1
, , 3288.4029999999997926, 1, , , 3288.4029999999997926, 0, , , 3288.4029999999997926, 0, , , 3288.4029999999997926, 1
, , 3288.4079999999999018, 1, , , 3288.4079999999999018, 0, , , 3288.4079999999999018, 0, , , 3288.4079999999999018, 1
, , 3288.4130000000000109, 1, , , 3288.4130000000000109, 0, , , 3288.4130000000000109, 0, , , 3288.4130000000000109, 1
, , 3288.4180000000001201, 1, , , 3288.4180000000001201, 0, , , 3288.4180000000001201, 0, , , 3288.4180000000001201, 1
, , 3288.4229999999997744, 1, , , 3288.4229999999997744, 0, , , 3288.4229999999997744, 0, , , 3288.4229999999997744, 1
, , 3288.4279999999998836, 1, , , 3288.4279999999998836, 0, , , 3288.4279999999998836, 0, , , 3288.4279999999998836, 1
, , 3288.4329999999999927, 1, , , 3288.4329999999999927, 0, , , 3288.4329999999999927, 0, , , 3288.4329999999999927, 1
, , 3288.4389999999998508, 1, , , 3288.4389999999998508, 0, , , 3288.4389999999998508, 0, , , 3288.4389999999998508, 1
, , 3288.443000000000211, 1, , , 3288.443000000000211, 0, , , 3288.443000000000211, 0, , , 3288.443000000000211, 1
, , 3288.4479999999998654, 1, , , 3288.4479999999998654, 0, , , 3288.4479999999998654, 0, , , 3288.4479999999998654, 1
, , 3288.4529999999999745, 1, , , 3288.4529999999999745, 0, , , 3288.4529999999999745, 0, , , 3288.4529999999999745, 1
, , 3288.4569999999998799, 1, , , 3288.4569999999998799, 0, , , 3288.4569999999998799, 0, , , 3288.4569999999998799, 1
, , 3288.4630000000001928, 1, , , 3288.4630000000001928, 0, , , 3288.4630000000001928, 0, , , 3288.4630000000001928, 1
, , 3288.4679999999998472, 1, , , 3288.4679999999998472, 0, , , 3288.4679999999998472, 0, , , 3288.4679999999998472, 1
, , 3288.4729999999999563, 1, , , 3288.4729999999999563, 0, , , 3288.4729999999999563, 0, , , 3288.4729999999999563, 1
, , 3288.4769999999998618, 1, , , 3288.4769999999998618, 0, , , 3288.4769999999998618, 0, , , 3288.4769999999998618, 1
, , 3288.4830000000001746, 1, , , 3288.4830000000001746, 0, , , 3288.4830000000001746, 0, , , 3288.4830000000001746, 1
, , 3288.487999999999829, 1, , , 3288.487999999999829, 0, , , 3288.487999999999829, 0, , , 3288.487999999999829, 1
, , 3288.4929999999999382, 1, , , 3288.4929999999999382, 0, , , 3288.4929999999999382, 0, , , 3288.4929999999999382, 1
, , 3288.4989999999997963, 1, , , 3288.4989999999997963, 0, , , 3288.4989999999997963, 0, , , 3288.4989999999997963, 1
, , 3288.5039999999999054, 1, , , 3288.5039999999999054, 0, , , 3288.5039999999999054, 0, , , 3288.5039999999999054, 1
, , 3288.5079999999998108, 1, , , 3288.5079999999998108, 0, , , 3288.5079999999998108, 0, , , 3288.5079999999998108, 1
, , 3288.5140000000001237, 1, , , 3288.5140000000001237, 0, , , 3288.5140000000001237, 0, , , 3288.5140000000001237, 1
, , 3288.5180000000000291, 1, , , 3288.5180000000000291, 0, , , 3288.5180000000000291, 0, , , 3288.5180000000000291, 1
, , 3288.5230000000001382, 1, , , 3288.5230000000001382, 0, , , 3288.5230000000001382, 0, , , 3288.5230000000001382, 1
, , 3288.5289999999999964, 1, , , 3288.5289999999999964, 0, , , 3288.5289999999999964, 0, , , 3288.5289999999999964, 1
, , 3288.5340000000001055, 1, , , 3288.5340000000001055, 0, , , 3288.5340000000001055, 0, , , 3288.5340000000001055, 1
, , 3288.5399999999999636, 1, , , 3288.5399999999999636, 0, , , 3288.5399999999999636, 0, , , 3288.5399999999999636, 1
, , 3288.5430000000001201, 1, , , 3288.5430000000001201, 0, , , 3288.5430000000001201, 0, , , 3288.5430000000001201, 1
, , 3288.5479999999997744, 1, , , 3288.5479999999997744, 0, , , 3288.5479999999997744, 0, , , 3288.5479999999997744, 1
, , 3288.5540000000000873, 1, , , 3288.5540000000000873, 0, , , 3288.5540000000000873, 0, , , 3288.5540000000000873, 1
, , 3288.5590000000001965, 1, , , 3288.5590000000001965, 0, , , 3288.5590000000001965, 0, , , 3288.5590000000001965, 1
, , 3288.5639999999998508, 1, , , 3288.5639999999998508, 0, , , 3288.5639999999998508, 0, , , 3288.5639999999998508, 1
, , 3288.56899999999996, 1, , , 3288.56899999999996, 0, , , 3288.56899999999996, 0, , , 3288.56899999999996, 1
, , 3288.5729999999998654, 1, , , 3288.5729999999998654, 0, , , 3288.5729999999998654, 0, , , 3288.5729999999998654, 1
, , 3288.5779999999999745, 1, , , 3288.5779999999999745, 1, , , 3288.5779999999999745, 1, , , 3288.5779999999999745, 1
, , 3288.5850000000000364, 1, , , 3288.5850000000000364, 1, , , 3288.5850000000000364, 1, , , 3288.5850000000000364, 1
, , 3288.5880000000001928, 1, , , 3288.5880000000001928, 1, , , 3288.5880000000001928, 1, , , 3288.5880000000001928, 1
, , 3288.5929999999998472, 1, , , 3288.5929999999998472, 1, , , 3288.5929999999998472, 1, , , 3288.5929999999998472, 1
, , 3288.5979999999999563, 1, , , 3288.5979999999999563, 1, , , 3288.5979999999999563, 1, , , 3288.5979999999999563, 1
, , 3288.6039999999998145, 1, , , 3288.6039999999998145, 1, , , 3288.6039999999998145, 1, , , 3288.6039999999998145, 1
, , 3288.6080000000001746, 1, , , 3288.6080000000001746, 1, , , 3288.6080000000001746, 1, , , 3288.6080000000001746, 1
, , 3288.612999999999829, 1, , , 3288.612999999999829, 1, , , 3288.612999999999829, 1, , , 3288.612999999999829, 1
, , 3288.6190000000001419, 1, , , 3288.6190000000001419, 1, , , 3288.6190000000001419, 1, , , 3288.6190000000001419, 1
, , 3288.6239999999997963, 1, , , 3288.6239999999997963, 1, , , 3288.6239999999997963, 1, , , 3288.6239999999997963, 1
, , 3288.6289999999999054, 1, , , 3288.6289999999999054, 1, , , 3288.6289999999999054, 1, , , 3288.6289999999999054, 1
, , 3288.6329999999998108, 1, , , 3288.6329999999998108, 1, , , 3288.6329999999998108, 1, , , 3288.6329999999998108, 1
, , 3288.63799999999992, 1, , , 3288.63799999999992, 1, , , 3288.63799999999992, 1, , , 3288.63799999999992, 1
, , 3288.6430000000000291, 1, , , 3288.6430000000000291, 1, , , 3288.6430000000000291, 1, , , 3288.6430000000000291, 1
, , 3288.6480000000001382, 1, , , 3288.6480000000001382, 1, , , 3288.6480000000001382, 1, , , 3288.6480000000001382, 1
, , 3288.6529999999997926, 0, , , 3288.6529999999997926, 1, , , 3288.6529999999997926, 1, , , 3288.6529999999997926, 0
, , 3288.6579999999999018, 0, , , 3288.6579999999999018, 1, , , 3288.6579999999999018, 1, , , 3288.6579999999999018, 0
, , 3288.6640000000002146, 0, , , 3288.6640000000002146, 1, , , 3288.6640000000002146, 1, , , 3288.6640000000002146, 0
, , 3288.6680000000001201, 0, , , 3288.6680000000001201, 1, , , 3288.6680000000001201, 1, , , 3288.6680000000001201, 0
, , 3288.6750000000001819, 0, , , 3288.6750000000001819, 1, , , 3288.6750000000001819, 1, , , 3288.6750000000001819, 0
, , 3288.6790000000000873, 0, , , 3288.6790000000000873, 1, , , 3288.6790000000000873, 1, , , 3288.6790000000000873, 0
, , 3288.6829999999999927, 0, , , 3288.6829999999999927, 1, , , 3288.6829999999999927, 1, , , 3288.6829999999999927, 0
, , 3288.6889999999998508, 0, , , 3288.6889999999998508, 1, , , 3288.6889999999998508, 1, , , 3288.6889999999998508, 0
, , 3288.693000000000211, 0, , , 3288.693000000000211, 1, , , 3288.693000000000211, 1, , , 3288.693000000000211, 0
, , 3288.6979999999998654, 0, , , 3288.6979999999998654, 1, , , 3288.6979999999998654, 1, , , 3288.6979999999998654, 0
, , 3288.7040000000001783, 0, , , 3288.7040000000001783, 1, , , 3288.7040000000001783, 1, , , 3288.7040000000001783, 0
, , 3288.7089999999998327, 0, , , 3288.7089999999998327, 1, , , 3288.7089999999998327, 1, , , 3288.7089999999998327, 0
, , 3288.7130000000001928, 0, , , 3288.7130000000001928, 1, , , 3288.7130000000001928, 1, , , 3288.7130000000001928, 0
, , 3288.7179999999998472, 0, , , 3288.7179999999998472, 1, , , 3288.7179999999998472, 1, , , 3288.7179999999998472, 0
, , 3288.7229999999999563, 0, , , 3288.7229999999999563, 1, , , 3288.7229999999999563, 1, , , 3288.7229999999999563, 0
, , 3288.7280000000000655, 0, , , 3288.7280000000000655, 1, , , 3288.7280000000000655, 1, , , 3288.7280000000000655, 0
, , 3288.7339999999999236, 0, , , 3288.7339999999999236, 1, , , 3288.7339999999999236, 1, , , 3288.7339999999999236, 0
, , 3288.7399999999997817, 0, , , 3288.7399999999997817, 1, , , 3288.7399999999997817, 1, , , 3288.7399999999997817, 0
, , 3288.7429999999999382, 0, , , 3288.7429999999999382, 1, , , 3288.7429999999999382, 1, , , 3288.7429999999999382, 0
, , 3288.7480000000000473, 0, , , 3288.7480000000000473, 1, , , 3288.7480000000000473, 1, , , 3288.7480000000000473, 0
, , 3288.7539999999999054, 0, , , 3288.7539999999999054, 1, , , 3288.7539999999999054, 1, , , 3288.7539999999999054, 0
, , 3288.7579999999998108, 0, , , 3288.7579999999998108, 1, , , 3288.7579999999998108, 1, , , 3288.7579999999998108, 0
, , 3288.76299999999992, 0, , , 3288.76299999999992, 1, , , 3288.76299999999992, 1, , , 3288.76299999999992, 0
, , 3288.7680000000000291, 0, , , 3288.7680000000000291, 1, , , 3288.7680000000000291, 1, , , 3288.7680000000000291, 0
, , 3288.7739999999998872, 0, , , 3288.7739999999998872, 1, , , 3288.7739999999998872, 1, , , 3288.7739999999998872, 0
, , 3288.7789999999999964, 0, , , 3288.7789999999999964, 1, , , 3288.7789999999999964, 1, , , 3288.7789999999999964, 0
, , 3288.7829999999999018, 0, , , 3288.7829999999999018, 1, , , 3288.7829999999999018, 1, , , 3288.7829999999999018, 0
, , 3288.7890000000002146, 0, , , 3288.7890000000002146, 1, , , 3288.7890000000002146, 1, , , 3288.7890000000002146, 0
, , 3288.793999999999869, 0, , , 3288.793999999999869, 1, , , 3288.793999999999869, 1, , , 3288.793999999999869, 0
, , 3288.7979999999997744, 0, , , 3288.7979999999997744, 1, , , 3288.7979999999997744, 1, , , 3288.7979999999997744, 0
, , 3288.8029999999998836, 0, , , 3288.8029999999998836, 1, , , 3288.8029999999998836, 1, , , 3288.8029999999998836, 0
, , 3288.8079999999999927, 0, , , 3288.8079999999999927, 1, , , 3288.8079999999999927, 1, , , 3288.8079999999999927, 0
, , 3288.8130000000001019, 0, , , 3288.8130000000001019, 1, , , 3288.8130000000001019, 1, , , 3288.8130000000001019, 0
, , 3288.818000000000211, 0, , , 3288.818000000000211, 1, , , 3288.818000000000211, 1, , , 3288.818000000000211, 0
, , 3288.8229999999998654, 0, , , 3288.8229999999998654, 1, , , 3288.8229999999998654, 1, , , 3288.8229999999998654, 0
, , 3288.8290000000001783, 0, , , 3288.8290000000001783, 1, , , 3288.8290000000001783, 1, , , 3288.8290000000001783, 0
, , 3288.8330000000000837, 0, , , 3288.8330000000000837, 1, , , 3288.8330000000000837, 1, , , 3288.8330000000000837, 0
, , 3288.8380000000001928, 0, , , 3288.8380000000001928, 1, , , 3288.8380000000001928, 1, , , 3288.8380000000001928, 0
, , 3288.8429999999998472, 0, , , 3288.8429999999998472, 1, , , 3288.8429999999998472, 1, , , 3288.8429999999998472, 0
, , 3288.8479999999999563, 0, , , 3288.8479999999999563, 1, , , 3288.8479999999999563, 1, , , 3288.8479999999999563, 0
, , 3288.8530000000000655, 0, , , 3288.8530000000000655, 1, , , 3288.8530000000000655, 1, , , 3288.8530000000000655, 0
, , 3288.8589999999999236, 0, , , 3288.8589999999999236, 1, , , 3288.8589999999999236, 1, , , 3288.8589999999999236, 0
, , 3288.862999999999829, 0, , , 3288.862999999999829, 1, , , 3288.862999999999829, 1, , , 3288.862999999999829, 0
, , 3288.8679999999999382, 0, , , 3288.8679999999999382, 1, , , 3288.8679999999999382, 1, , , 3288.8679999999999382, 0
, , 3288.8739999999997963, 0, , , 3288.8739999999997963, 1, , , 3288.8739999999997963, 1, , , 3288.8739999999997963, 0
, , 3288.8789999999999054, 0, , , 3288.8789999999999054, 1, , , 3288.8789999999999054, 1, , , 3288.8789999999999054, 0
, , 3288.8840000000000146, 0, , , 3288.8840000000000146, 1, , , 3288.8840000000000146, 1, , , 3288.8840000000000146, 0
, , 3288.88799999999992, 0, , , 3288.88799999999992, 1, , , 3288.88799999999992, 1, , , 3288.88799999999992, 0
, , 3288.8939999999997781, 0, , , 3288.8939999999997781, 1, , , 3288.8939999999997781, 1, , , 3288.8939999999997781, 0
, , 3288.8989999999998872, 0, , , 3288.8989999999998872, 1, , , 3288.8989999999998872, 1, , , 3288.8989999999998872, 0
, , 3288.9029999999997926, 1, , , 3288.9029999999997926, 1, , , 3288.9029999999997926, 1, , , 3288.9029999999997926, 1
, , 3288.9090000000001055, 1, , , 3288.9090000000001055, 1, , , 3288.9090000000001055, 1, , , 3288.9090000000001055, 1
, , 3288.9140000000002146, 1, , , 3288.9140000000002146, 1, , , 3288.9140000000002146, 1, , , 3288.9140000000002146, 1
, , 3288.9180000000001201, 1, , , 3288.9180000000001201, 1, , , 3288.9180000000001201, 1, , , 3288.9180000000001201, 1
, , 3288.9229999999997744, 1, , , 3288.9229999999997744, 1, , , 3288.9229999999997744, 1, , , 3288.9229999999997744, 1
, , 3288.9279999999998836, 1, , , 3288.9279999999998836, 1, , , 3288.9279999999998836, 1, , , 3288.9279999999998836, 1
, , 3288.9329999999999927, 1, , , 3288.9329999999999927, 1, , , 3288.9329999999999927, 1, , , 3288.9329999999999927, 1
, , 3288.9389999999998508, 1, , , 3288.9389999999998508, 1, , , 3288.9389999999998508, 1, , , 3288.9389999999998508, 1
, , 3288.94399999999996, 1, , , 3288.94399999999996, 1, , , 3288.94399999999996, 1, , , 3288.94399999999996, 1
, , 3288.9479999999998654, 1, , , 3288.9479999999998654, 1, , , 3288.9479999999998654, 1, , , 3288.9479999999998654, 1
, , 3288.9529999999999745, 1, , , 3288.9529999999999745, 1, , , 3288.9529999999999745, 1, , , 3288.9529999999999745, 1
, , 3288.9589999999998327, 1, , , 3288.9589999999998327, 1, , , 3288.9589999999998327, 1, , , 3288.9589999999998327, 1
, , 3288.9630000000001928, 1, , , 3288.9630000000001928, 1, , , 3288.9630000000001928, 1, , , 3288.9630000000001928, 1
, , 3288.9679999999998472, 1, , , 3288.9679999999998472, 1, , , 3288.9679999999998472, 1, , , 3288.9679999999998472, 1
, , 3288.9729999999999563, 1, , , 3288.9729999999999563, 1, , , 3288.9729999999999563, 1, , , 3288.9729999999999563, 1
, , 3288.9789999999998145, 1, , , 3288.9789999999998145, 0, , , 3288.9789999999998145, 0, , , 3288.9789999999998145, 1
, , 3288.9830000000001746, 1, , , 3288.9830000000001746, 0, , , 3288.9830000000001746, 0, , , 3288.9830000000001746, 1
, , 3288.987999999999829, 1, , , 3288.987999999999829, 0, , , 3288.987999999999829, 0, , , 3288.987999999999829, 1
, , 3288.9929999999999382, 1, , , 3288.9929999999999382, 0, , , 3288.9929999999999382, 0, , , 3288.9929999999999382, 1
, , 3288.9980000000000473, 1, , , 3288.9980000000000473, 0, , , 3288.9980000000000473, 0, , , 3288.9980000000000473, 1
, , 3289.0030000000001564, 1, , , 3289.0030000000001564, 0, , , 3289.0030000000001564, 0, , , 3289.0030000000001564, 1
, , 3289.0079999999998108, 1, , , 3289.0079999999998108, 0, , , 3289.0079999999998108, 0, , , 3289.0079999999998108, 1
, , 3289.01299999999992, 1, , , 3289.01299999999992, 0, , , 3289.01299999999992, 0, , , 3289.01299999999992, 1
, , 3289.0189999999997781, 1, , , 3289.0189999999997781, 0, , , 3289.0189999999997781, 0, , , 3289.0189999999997781, 1
, , 3289.0239999999998872, 1, , , 3289.0239999999998872, 0, , , 3289.0239999999998872, 0, , , 3289.0239999999998872, 1
, , 3289.0279999999997926, 1, , , 3289.0279999999997926, 0, , , 3289.0279999999997926, 0, , , 3289.0279999999997926, 1
, , 3289.0329999999999018, 1, , , 3289.0329999999999018, 0, , , 3289.0329999999999018, 0, , , 3289.0329999999999018, 1
, , 3289.0380000000000109, 1, , , 3289.0380000000000109, 0, , , 3289.0380000000000109, 0, , , 3289.0380000000000109, 1
, , 3289.0430000000001201, 1, , , 3289.0430000000001201, 0, , , 3289.0430000000001201, 0, , , 3289.0430000000001201, 1
, , 3289.0479999999997744, 1, , , 3289.0479999999997744, 0, , , 3289.0479999999997744, 0, , , 3289.0479999999997744, 1
, , 3289.0540000000000873, 1, , , 3289.0540000000000873, 0, , , 3289.0540000000000873, 0, , , 3289.0540000000000873, 1
, , 3289.0579999999999927, 1, , , 3289.0579999999999927, 0, , , 3289.0579999999999927, 0, , , 3289.0579999999999927, 1
, , 3289.0630000000001019, 1, , , 3289.0630000000001019, 0, , , 3289.0630000000001019, 0, , , 3289.0630000000001019, 1
, , 3289.068000000000211, 1, , , 3289.068000000000211, 0, , , 3289.068000000000211, 0, , , 3289.068000000000211, 1
, , 3289.0740000000000691, 1, , , 3289.0740000000000691, 0, , , 3289.0740000000000691, 0, , , 3289.0740000000000691, 1
, , 3289.0790000000001783, 1, , , 3289.0790000000001783, 0, , , 3289.0790000000001783, 0, , , 3289.0790000000001783, 1
, , 3289.0839999999998327, 1, , , 3289.0839999999998327, 0, , , 3289.0839999999998327, 0, , , 3289.0839999999998327, 1
, , 3289.0880000000001928, 1, , , 3289.0880000000001928, 0, , , 3289.0880000000001928, 0, , , 3289.0880000000001928, 1
, , 3289.0940000000000509, 1, , , 3289.0940000000000509, 0, , , 3289.0940000000000509, 0, , , 3289.0940000000000509, 1
, , 3289.0979999999999563, 1, , , 3289.0979999999999563, 0, , , 3289.0979999999999563, 0, , , 3289.0979999999999563, 1
, , 3289.1030000000000655, 1, , , 3289.1030000000000655, 0, , , 3289.1030000000000655, 0, , , 3289.1030000000000655, 1
, , 3289.1080000000001746, 1, , , 3289.1080000000001746, 0, , , 3289.1080000000001746, 0, , , 3289.1080000000001746, 1
, , 3289.112999999999829, 1, , , 3289.112999999999829, 0, , , 3289.112999999999829, 0, , , 3289.112999999999829, 1
, , 3289.1179999999999382, 1, , , 3289.1179999999999382, 0, , , 3289.1179999999999382, 0, , , 3289.1179999999999382, 1
, , 3289.1230000000000473, 1, , , 3289.1230000000000473, 0, , , 3289.1230000000000473, 0, , , 3289.1230000000000473, 1
, , 3289.1280000000001564, 1, , , 3289.1280000000001564, 0, , , 3289.1280000000001564, 0, , , 3289.1280000000001564, 1
, , 3289.1329999999998108, 1, , , 3289.1329999999998108, 0, , , 3289.1329999999998108, 0, , , 3289.1329999999998108, 1
, , 3289.13799999999992, 1, , , 3289.13799999999992, 0, , , 3289.13799999999992, 0, , , 3289.13799999999992, 1
, , 3289.1439999999997781, 1, , , 3289.1439999999997781, 0, , , 3289.1439999999997781, 0, , , 3289.1439999999997781, 1
, , 3289.1480000000001382, 1, , , 3289.1480000000001382, 0, , , 3289.1480000000001382, 0, , , 3289.1480000000001382, 1
, , 3289.1529999999997926, 1, , , 3289.1529999999997926, 0, , , 3289.1529999999997926, 0, , , 3289.1529999999997926, 1
, , 3289.1579999999999018, 1, , , 3289.1579999999999018, 0, , , 3289.1579999999999018, 0, , , 3289.1579999999999018, 1
, , 3289.1630000000000109, 1, , , 3289.1630000000000109, 0, , , 3289.1630000000000109, 0, , , 3289.1630000000000109, 1
, , 3289.1680000000001201, 1, , , 3289.1680000000001201, 0, , , 3289.1680000000001201, 0, , , 3289.1680000000001201, 1
, , 3289.1729999999997744, 1, , , 3289.1729999999997744, 0, , , 3289.1729999999997744, 0, , , 3289.1729999999997744, 1
, , 3289.1790000000000873, 1, , , 3289.1790000000000873, 0, , , 3289.1790000000000873, 0, , , 3289.1790000000000873, 1
, , 3289.1829999999999927, 1, , , 3289.1829999999999927, 0, , , 3289.1829999999999927, 0, , , 3289.1829999999999927, 1
, , 3289.1880000000001019, 1, , , 3289.1880000000001019, 0, , , 3289.1880000000001019, 0, , , 3289.1880000000001019, 1
, , 3289.193000000000211, 1, , , 3289.193000000000211, 0, , , 3289.193000000000211, 0, , , 3289.193000000000211, 1
, , 3289.1990000000000691, 1, , , 3289.1990000000000691, 0, , , 3289.1990000000000691, 0, , , 3289.1990000000000691, 1
, , 3289.2040000000001783, 1, , , 3289.2040000000001783, 0, , , 3289.2040000000001783, 0, , , 3289.2040000000001783, 1
, , 3289.2080000000000837, 1, , , 3289.2080000000000837, 0, , , 3289.2080000000000837, 0, , , 3289.2080000000000837, 1
, , 3289.2139999999999418, 1, , , 3289.2139999999999418, 0, , , 3289.2139999999999418, 0, , , 3289.2139999999999418, 1
, , 3289.2179999999998472, 1, , , 3289.2179999999998472, 0, , , 3289.2179999999998472, 0, , , 3289.2179999999998472, 1
, , 3289.2229999999999563, 1, , , 3289.2229999999999563, 0, , , 3289.2229999999999563, 0, , , 3289.2229999999999563, 1
, , 3289.2280000000000655, 1, , , 3289.2280000000000655, 1, , , 3289.2280000000000655, 1, , , 3289.2280000000000655, 1
, , 3289.2339999999999236, 1, , , 3289.2339999999999236, 1, , , 3289.2339999999999236, 1, , , 3289.2339999999999236, 1
, , 3289.2390000000000327, 1, , , 3289.2390000000000327, 1, , , 3289.2390000000000327, 1, , , 3289.2390000000000327, 1
, , 3289.2429999999999382, 1, , , 3289.2429999999999382, 1, , , 3289.2429999999999382, 1, , , 3289.2429999999999382, 1
, , 3289.2469999999998436, 1, , , 3289.2469999999998436, 1, , , 3289.2469999999998436, 1, , , 3289.2469999999998436, 1
, , 3289.2539999999999054, 1, , , 3289.2539999999999054, 1, , , 3289.2539999999999054, 1, , , 3289.2539999999999054, 1
, , 3289.2579999999998108, 1, , , 3289.2579999999998108, 1, , , 3289.2579999999998108, 1, , , 3289.2579999999998108, 1
, , 3289.26299999999992, 1, , , 3289.26299999999992, 1, , , 3289.26299999999992, 1, , , 3289.26299999999992, 1
, , 3289.2680000000000291, 1, , , 3289.2680000000000291, 1, , , 3289.2680000000000291, 1, , , 3289.2680000000000291, 1
, , 3289.2730000000001382, 1, , , 3289.2730000000001382, 1, , , 3289.2730000000001382, 1, , , 3289.2730000000001382, 1
, , 3289.2779999999997926, 1, , , 3289.2779999999997926, 1, , , 3289.2779999999997926, 1, , , 3289.2779999999997926, 1
, , 3289.2829999999999018, 1, , , 3289.2829999999999018, 1, , , 3289.2829999999999018, 1, , , 3289.2829999999999018, 1
, , 3289.2880000000000109, 1, , , 3289.2880000000000109, 1, , , 3289.2880000000000109, 1, , , 3289.2880000000000109, 1
, , 3289.293999999999869, 1, , , 3289.293999999999869, 1, , , 3289.293999999999869, 1, , , 3289.293999999999869, 1
, , 3289.2979999999997744, 1, , , 3289.2979999999997744, 1, , , 3289.2979999999997744, 1, , , 3289.2979999999997744, 1
, , 3289.3029999999998836, 0, , , 3289.3029999999998836, 1, , , 3289.3029999999998836, 1, , , 3289.3029999999998836, 0
, , 3289.3079999999999927, 0, , , 3289.3079999999999927, 1, , , 3289.3079999999999927, 1, , , 3289.3079999999999927, 0
, , 3289.3139999999998508, 0, , , 3289.3139999999998508, 1, , , 3289.3139999999998508, 1, , , 3289.3139999999998508, 0
, , 3289.318000000000211, 0, , , 3289.318000000000211, 1, , , 3289.318000000000211, 1, , , 3289.318000000000211, 0
, , 3289.3229999999998654, 0, , , 3289.3229999999998654, 1, , , 3289.3229999999998654, 1, , , 3289.3229999999998654, 0
, , 3289.3279999999999745, 0, , , 3289.3279999999999745, 1, , , 3289.3279999999999745, 1, , , 3289.3279999999999745, 0
, , 3289.3330000000000837, 0, , , 3289.3330000000000837, 1, , , 3289.3330000000000837, 1, , , 3289.3330000000000837, 0
, , 3289.3380000000001928, 0, , , 3289.3380000000001928, 1, , , 3289.3380000000001928, 1, , , 3289.3380000000001928, 0
, , 3289.3440000000000509, 0, , , 3289.3440000000000509, 1, , , 3289.3440000000000509, 1, , , 3289.3440000000000509, 0
, , 3289.3479999999999563, 0, , , 3289.3479999999999563, 1, , , 3289.3479999999999563, 1, , , 3289.3479999999999563, 0
, , 3289.3550000000000182, 0, , , 3289.3550000000000182, 1, , , 3289.3550000000000182, 1, , , 3289.3550000000000182, 0
, , 3289.3580000000001746, 0, , , 3289.3580000000001746, 1, , , 3289.3580000000001746, 1, , , 3289.3580000000001746, 0
, , 3289.362999999999829, 0, , , 3289.362999999999829, 1, , , 3289.362999999999829, 1, , , 3289.362999999999829, 0
, , 3289.3679999999999382, 0, , , 3289.3679999999999382, 1, , , 3289.3679999999999382, 1, , , 3289.3679999999999382, 0
, , 3289.3739999999997963, 0, , , 3289.3739999999997963, 1, , , 3289.3739999999997963, 1, , , 3289.3739999999997963, 0
, , 3289.3789999999999054, 0, , , 3289.3789999999999054, 1, , , 3289.3789999999999054, 1, , , 3289.3789999999999054, 0
, , 3289.3829999999998108, 0, , , 3289.3829999999998108, 1, , , 3289.3829999999998108, 1, , , 3289.3829999999998108, 0
, , 3289.38799999999992, 0, , , 3289.38799999999992, 1, , , 3289.38799999999992, 1, , , 3289.38799999999992, 0
, , 3289.3930000000000291, 0, , , 3289.3930000000000291, 1, , , 3289.3930000000000291, 1, , , 3289.3930000000000291, 0
, , 3289.3980000000001382, 0, , , 3289.3980000000001382, 1, , , 3289.3980000000001382, 1, , , 3289.3980000000001382, 0
, , 3289.4029999999997926, 0, , , 3289.4029999999997926, 1, , , 3289.4029999999997926, 1, , , 3289.4029999999997926, 0
, , 3289.4079999999999018, 0, , , 3289.4079999999999018, 1, , , 3289.4079999999999018, 1, , , 3289.4079999999999018, 0
, , 3289.4130000000000109, 0, , , 3289.4130000000000109, 1, , , 3289.4130000000000109, 1, , , 3289.4130000000000109, 0
, , 3289.4180000000001201, 0, , , 3289.4180000000001201, 1, , , 3289.4180000000001201, 1, , , 3289.4180000000001201, 0
, , 3289.4229999999997744, 0, , , 3289.4229999999997744, 1, , , 3289.4229999999997744, 1, , , 3289.4229999999997744, 0
, , 3289.4279999999998836, 0, , , 3289.4279999999998836, 1, , , 3289.4279999999998836, 1, , , 3289.4279999999998836, 0
, , 3289.4340000000001965, 0, , , 3289.4340000000001965, 1, , , 3289.4340000000001965, 1, , , 3289.4340000000001965, 0
, , 3289.4380000000001019, 0, , , 3289.4380000000001019, 1, , , 3289.4380000000001019, 1, , , 3289.4380000000001019, 0
, , 3289.443000000000211, 0, , , 3289.443000000000211, 1, , , 3289.443000000000211, 1, , , 3289.443000000000211, 0
, , 3289.4490000000000691, 0, , , 3289.4490000000000691, 1, , , 3289.4490000000000691, 1, , , 3289.4490000000000691, 0
, , 3289.4529999999999745, 0, , , 3289.4529999999999745, 1, , , 3289.4529999999999745, 1, , , 3289.4529999999999745, 0
, , 3289.4589999999998327, 0, , , 3289.4589999999998327, 1, , , 3289.4589999999998327, 1, , , 3289.4589999999998327, 0
, , 3289.4639999999999418, 0, , , 3289.4639999999999418, 1, , , 3289.4639999999999418, 1, , , 3289.4639999999999418, 0
, , 3289.4690000000000509, 0, , , 3289.4690000000000509, 1, , , 3289.4690000000000509, 1, , , 3289.4690000000000509, 0
, , 3289.4749999999999091, 0, , , 3289.4749999999999091, 1, , , 3289.4749999999999091, 1, , , 3289.4749999999999091, 0
, , 3289.4789999999998145, 0, , , 3289.4789999999998145, 1, , , 3289.4789999999998145, 1, , , 3289.4789999999998145, 0
, , 3289.4830000000001746, 0, , , 3289.4830000000001746, 1, , , 3289.4830000000001746, 1, , , 3289.4830000000001746, 0
, , 3289.487999999999829, 0, , , 3289.487999999999829, 1, , , 3289.487999999999829, 1, , , 3289.487999999999829, 0
, , 3289.4940000000001419, 0, , , 3289.4940000000001419, 1, , , 3289.4940000000001419, 1, , , 3289.4940000000001419, 0
, , 3289.4980000000000473, 0, , , 3289.4980000000000473, 1, , , 3289.4980000000000473, 1, , , 3289.4980000000000473, 0
, , 3289.5050000000001091, 0, , , 3289.5050000000001091, 1, , , 3289.5050000000001091, 1, , , 3289.5050000000001091, 0
, , 3289.5079999999998108, 0, , , 3289.5079999999998108, 1, , , 3289.5079999999998108, 1, , , 3289.5079999999998108, 0
, , 3289.51299999999992, 0, , , 3289.51299999999992, 1, , , 3289.51299999999992, 1, , , 3289.51299999999992, 0
, , 3289.5180000000000291, 0, , , 3289.5180000000000291, 1, , , 3289.5180000000000291, 1, , , 3289.5180000000000291, 0
, , 3289.5230000000001382, 0, , , 3289.5230000000001382, 1, , , 3289.5230000000001382, 1, , , 3289.5230000000001382, 0
, , 3289.5289999999999964, 0, , , 3289.5289999999999964, 1, , , 3289.5289999999999964, 1, , , 3289.5289999999999964, 0
, , 3289.5329999999999018, 0, , , 3289.5329999999999018, 1, , , 3289.5329999999999018, 1, , , 3289.5329999999999018, 0
, , 3289.5399999999999636, 0, , , 3289.5399999999999636, 1, , , 3289.5399999999999636, 1, , , 3289.5399999999999636, 0
, , 3289.5430000000001201, 0, , , 3289.5430000000001201, 1, , , 3289.5430000000001201, 1, , , 3289.5430000000001201, 0
, , 3289.5479999999997744, 0, , , 3289.5479999999997744, 1, , , 3289.5479999999997744, 1, , , 3289.5479999999997744, 0
, , 3289.5529999999998836, 0, , , 3289.5529999999998836, 1, , , 3289.5529999999998836, 1, , , 3289.5529999999998836, 0
, , 3289.5579999999999927, 1, , , 3289.5579999999999927, 1, , , 3289.5579999999999927, 1, , , 3289.5579999999999927, 1
, , 3289.5630000000001019, 1, , , 3289.5630000000001019, 1, , , 3289.5630000000001019, 1, , , 3289.5630000000001019, 1
, , 3289.568000000000211, 1, , , 3289.568000000000211, 1, , , 3289.568000000000211, 1, , , 3289.568000000000211, 1
, , 3289.5729999999998654, 1, , , 3289.5729999999998654, 1, , , 3289.5729999999998654, 1, , , 3289.5729999999998654, 1
, , 3289.5779999999999745, 1, , , 3289.5779999999999745, 1, , , 3289.5779999999999745, 1, , , 3289.5779999999999745, 1
, , 3289.5850000000000364, 1, , , 3289.5850000000000364, 1, , , 3289.5850000000000364, 1, , , 3289.5850000000000364, 1
, , 3289.5880000000001928, 1, , , 3289.5880000000001928, 1, , , 3289.5880000000001928, 1, , , 3289.5880000000001928, 1
, , 3289.5929999999998472, 1, , , 3289.5929999999998472, 1, , , 3289.5929999999998472, 1, , , 3289.5929999999998472, 1
, , 3289.5979999999999563, 1, , , 3289.5979999999999563, 1, , , 3289.5979999999999563, 1, , , 3289.5979999999999563, 1
, , 3289.6039999999998145, 1, , , 3289.6039999999998145, 1, , , 3289.6039999999998145, 1, , , 3289.6039999999998145, 1
, , 3289.6080000000001746, 1, , , 3289.6080000000001746, 1, , , 3289.6080000000001746, 1, , , 3289.6080000000001746, 1
, , 3289.612999999999829, 1, , , 3289.612999999999829, 1, , , 3289.612999999999829, 1, , , 3289.612999999999829, 1
, , 3289.6179999999999382, 1, , , 3289.6179999999999382, 1, , , 3289.6179999999999382, 1, , , 3289.6179999999999382, 1
, , 3289.6230000000000473, 1, , , 3289.6230000000000473, 1, , , 3289.6230000000000473, 1, , , 3289.6230000000000473, 1
, , 3289.6280000000001564, 1, , , 3289.6280000000001564, 1, , , 3289.6280000000001564, 1, , , 3289.6280000000001564, 1
, , 3289.6340000000000146, 1, , , 3289.6340000000000146, 0, , , 3289.6340000000000146, 0, , , 3289.6340000000000146, 1
, , 3289.63799999999992, 1, , , 3289.63799999999992, 0, , , 3289.63799999999992, 0, , , 3289.63799999999992, 1
, , 3289.6430000000000291, 1, , , 3289.6430000000000291, 0, , , 3289.6430000000000291, 0, , , 3289.6430000000000291, 1
, , 3289.6480000000001382, 1, , , 3289.6480000000001382, 0, , , 3289.6480000000001382, 0, , , 3289.6480000000001382, 1
, , 3289.6529999999997926, 1, , , 3289.6529999999997926, 0, , , 3289.6529999999997926, 0, , , 3289.6529999999997926, 1
, , 3289.6579999999999018, 1, , , 3289.6579999999999018, 0, , , 3289.6579999999999018, 0, , , 3289.6579999999999018, 1
, , 3289.6630000000000109, 1, , , 3289.6630000000000109, 0, , , 3289.6630000000000109, 0, , , 3289.6630000000000109, 1
, , 3289.6680000000001201, 1, , , 3289.6680000000001201, 0, , , 3289.6680000000001201, 0, , , 3289.6680000000001201, 1
, , 3289.6729999999997744, 1, , , 3289.6729999999997744, 0, , , 3289.6729999999997744, 0, , , 3289.6729999999997744, 1
, , 3289.6779999999998836, 1, , , 3289.6779999999998836, 0, , , 3289.6779999999998836, 0, , , 3289.6779999999998836, 1
, , 3289.6829999999999927, 1, , , 3289.6829999999999927, 0, , , 3289.6829999999999927, 0, , , 3289.6829999999999927, 1
, , 3289.6880000000001019, 1, , , 3289.6880000000001019, 0, , , 3289.6880000000001019, 0, , , 3289.6880000000001019, 1
, , 3289.693000000000211, 1, , , 3289.693000000000211, 0, , , 3289.693000000000211, 0, , , 3289.693000000000211, 1
, , 3289.6979999999998654, 1, , , 3289.6979999999998654, 0, , , 3289.6979999999998654, 0, , , 3289.6979999999998654, 1
, , 3289.7040000000001783, 1, , , 3289.7040000000001783, 0, , , 3289.7040000000001783, 0, , , 3289.7040000000001783, 1
, , 3289.7080000000000837, 1, , , 3289.7080000000000837, 0, , , 3289.7080000000000837, 0, , , 3289.7080000000000837, 1
, , 3289.7139999999999418, 1, , , 3289.7139999999999418, 0, , , 3289.7139999999999418, 0, , , 3289.7139999999999418, 1
, , 3289.7179999999998472, 1, , , 3289.7179999999998472, 0, , , 3289.7179999999998472, 0, , , 3289.7179999999998472, 1
, , 3289.7240000000001601, 1, , , 3289.7240000000001601, 0, , , 3289.7240000000001601, 0, , , 3289.7240000000001601, 1
, , 3289.7280000000000655, 1, , , 3289.7280000000000655, 0, , , 3289.7280000000000655, 0, , , 3289.7280000000000655, 1
, , 3289.7330000000001746, 1, , , 3289.7330000000001746, 0, , , 3289.7330000000001746, 0, , , 3289.7330000000001746, 1
, , 3289.737999999999829, 1, , , 3289.737999999999829, 0, , , 3289.737999999999829, 0, , , 3289.737999999999829, 1
, , 3289.7429999999999382, 1, , , 3289.7429999999999382, 0, , , 3289.7429999999999382, 0, , , 3289.7429999999999382, 1
, , 3289.7489999999997963, 1, , , 3289.7489999999997963, 0, , , 3289.7489999999997963, 0, , , 3289.7489999999997963, 1
, , 3289.7539999999999054, 1, , , 3289.7539999999999054, 0, , , 3289.7539999999999054, 0, , , 3289.7539999999999054, 1
, , 3289.7579999999998108, 1, , , 3289.7579999999998108, 0, , , 3289.7579999999998108, 0, , , 3289.7579999999998108, 1
, , 3289.76299999999992, 1, , , 3289.76299999999992, 0, , , 3289.76299999999992, 0, , , 3289.76299999999992, 1
, , 3289.7680000000000291, 1, , , 3289.7680000000000291, 0, , , 3289.7680000000000291, 0, , , 3289.7680000000000291, 1
, , 3289.7739999999998872, 1, , , 3289.7739999999998872, 0, , , 3289.7739999999998872, 0, , , 3289.7739999999998872, 1
, , 3289.7779999999997926, 1, , , 3289.7779999999997926, 0, , , 3289.7779999999997926, 0, , , 3289.7779999999997926, 1
, , 3289.7829999999999018, 1, , , 3289.7829999999999018, 0, , , 3289.7829999999999018, 0, , , 3289.7829999999999018, 1
, , 3289.7880000000000109, 1, , , 3289.7880000000000109, 0, , , 3289.7880000000000109, 0, , , 3289.7880000000000109, 1
, , 3289.7930000000001201, 1, , , 3289.7930000000001201, 0, , , 3289.7930000000001201, 0, , , 3289.7930000000001201, 1
, , 3289.7970000000000255, 1, , , 3289.7970000000000255, 0, , , 3289.7970000000000255, 0, , , 3289.7970000000000255, 1
, , 3289.8029999999998836, 1, , , 3289.8029999999998836, 0, , , 3289.8029999999998836, 0, , , 3289.8029999999998836, 1
, , 3289.8079999999999927, 1, , , 3289.8079999999999927, 0, , , 3289.8079999999999927, 0, , , 3289.8079999999999927, 1
, , 3289.8130000000001019, 1, , , 3289.8130000000001019, 0, , , 3289.8130000000001019, 0, , , 3289.8130000000001019, 1
, , 3289.81899999999996, 1, , , 3289.81899999999996, 0, , , 3289.81899999999996, 0, , , 3289.81899999999996, 1
, , 3289.8229999999998654, 1, , , 3289.8229999999998654, 0, , , 3289.8229999999998654, 0, , , 3289.8229999999998654, 1
, , 3289.8279999999999745, 1, , , 3289.8279999999999745, 0, , , 3289.8279999999999745, 0, , , 3289.8279999999999745, 1
, , 3289.8330000000000837, 1, , , 3289.8330000000000837, 0, , , 3289.8330000000000837, 0, , , 3289.8330000000000837, 1
, , 3289.8389999999999418, 1, , , 3289.8389999999999418, 0, , , 3289.8389999999999418, 0, , , 3289.8389999999999418, 1
, , 3289.8429999999998472, 1, , , 3289.8429999999998472, 0, , , 3289.8429999999998472, 0, , , 3289.8429999999998472, 1
, , 3289.8490000000001601, 1, , , 3289.8490000000001601, 0, , , 3289.8490000000001601, 0, , , 3289.8490000000001601, 1
, , 3289.8530000000000655, 1, , , 3289.8530000000000655, 0, , , 3289.8530000000000655, 0, , , 3289.8530000000000655, 1
, , 3289.8580000000001746, 1, , , 3289.8580000000001746, 0, , , 3289.8580000000001746, 0, , , 3289.8580000000001746, 1
, , 3289.862999999999829, 1, , , 3289.862999999999829, 0, , , 3289.862999999999829, 0, , , 3289.862999999999829, 1
, , 3289.8690000000001419, 1, , , 3289.8690000000001419, 0, , , 3289.8690000000001419, 0, , , 3289.8690000000001419, 1
, , 3289.8739999999997963, 1, , , 3289.8739999999997963, 0, , , 3289.8739999999997963, 0, , , 3289.8739999999997963, 1
, , 3289.8780000000001564, 1, , , 3289.8780000000001564, 0, , , 3289.8780000000001564, 0, , , 3289.8780000000001564, 1
, , 3289.8829999999998108, 1, , , 3289.8829999999998108, 1, , , 3289.8829999999998108, 1, , , 3289.8829999999998108, 1
, , 3289.88799999999992, 1, , , 3289.88799999999992, 1, , , 3289.88799999999992, 1, , , 3289.88799999999992, 1
, , 3289.8930000000000291, 1, , , 3289.8930000000000291, 1, , , 3289.8930000000000291, 1, , , 3289.8930000000000291, 1
, , 3289.8980000000001382, 1, , , 3289.8980000000001382, 1, , , 3289.8980000000001382, 1, , , 3289.8980000000001382, 1
, , 3289.9039999999999964, 1, , , 3289.9039999999999964, 1, , , 3289.9039999999999964, 1, , , 3289.9039999999999964, 1
, , 3289.9079999999999018, 1, , , 3289.9079999999999018, 1, , , 3289.9079999999999018, 1, , , 3289.9079999999999018, 1
, , 3289.9130000000000109, 1, , , 3289.9130000000000109, 1, , , 3289.9130000000000109, 1, , , 3289.9130000000000109, 1
, , 3289.9180000000001201, 1, , , 3289.9180000000001201, 1, , , 3289.9180000000001201, 1, , , 3289.9180000000001201, 1
, , 3289.9229999999997744, 1, , , 3289.9229999999997744, 1, , , 3289.9229999999997744, 1, , , 3289.9229999999997744, 1
, , 3289.9279999999998836, 1, , , 3289.9279999999998836, 1, , , 3289.9279999999998836, 1, , , 3289.9279999999998836, 1
, , 3289.9340000000001965, 1, , , 3289.9340000000001965, 1, , , 3289.9340000000001965, 1, , , 3289.9340000000001965, 1
, , 3289.9380000000001019, 1, , , 3289.9380000000001019, 1, , , 3289.9380000000001019, 1, , , 3289.9380000000001019, 1
, , 3289.943000000000211, 1, , , 3289.943000000000211, 1, , , 3289.943000000000211, 1, , , 3289.943000000000211, 1
, , 3289.9479999999998654, 1, , , 3289.9479999999998654, 1, , , 3289.9479999999998654, 1, , , 3289.9479999999998654, 1
, , 3289.9540000000001783, 0, , , 3289.9540000000001783, 1, , , 3289.9540000000001783, 1, , , 3289.9540000000001783, 0
, , 3289.9569999999998799, 0, , , 3289.9569999999998799, 1, , , 3289.9569999999998799, 1, , , 3289.9569999999998799, 0
, , 3289.9630000000001928, 0, , , 3289.9630000000001928, 1, , , 3289.9630000000001928, 1, , , 3289.9630000000001928, 0
, , 3289.9679999999998472, 0, , , 3289.9679999999998472, 1, , , 3289.9679999999998472, 1, , , 3289.9679999999998472, 0
, , 3289.9729999999999563, 0, , , 3289.9729999999999563, 1, , , 3289.9729999999999563, 1, , , 3289.9729999999999563, 0
, , 3289.9789999999998145, 0, , , 3289.9789999999998145, 1, , , 3289.9789999999998145, 1, , , 3289.9789999999998145, 0
, , 3289.9830000000001746, 0, , , 3289.9830000000001746, 1, , , 3289.9830000000001746, 1, , , 3289.9830000000001746, 0
, , 3289.9859999999998763, 0, , , 3289.9859999999998763, 1, , , 3289.9859999999998763, 1, , , 3289.9859999999998763, 0
, , 3289.9929999999999382, 0, , , 3289.9929999999999382, 1, , , 3289.9929999999999382, 1, , , 3289.9929999999999382, 0
, , 3289.9980000000000473, 0, , , 3289.9980000000000473, 1, , , 3289.9980000000000473, 1, , , 3289.9980000000000473, 0
, , 3290.0039999999999054, 0, , , 3290.0039999999999054, 1, , , 3290.0039999999999054, 1, , , 3290.0039999999999054, 0
, , 3290.0079999999998108, 0, , , 3290.0079999999998108, 1, , , 3290.0079999999998108, 1, , , 3290.0079999999998108, 0
, , 3290.01299999999992, 0, , , 3290.01299999999992, 1, , , 3290.01299999999992, 1, , , 3290.01299999999992, 0
, , 3290.0180000000000291, 0, , , 3290.0180000000000291, 1, , , 3290.0180000000000291, 1, , , 3290.0180000000000291, 0
, , 3290.0230000000001382, 0, , , 3290.0230000000001382, 1, , , 3290.0230000000001382, 1, , , 3290.0230000000001382, 0
, , 3290.0279999999997926, 0, , , 3290.0279999999997926, 1, , , 3290.0279999999997926, 1, , , 3290.0279999999997926, 0
, , 3290.0329999999999018, 0, , , 3290.0329999999999018, 1, , , 3290.0329999999999018, 1, , , 3290.0329999999999018, 0
, , 3290.0419999999999163, 0, , , 3290.0419999999999163, 1, , , 3290.0419999999999163, 1, , , 3290.0419999999999163, 0
, , 3290.0430000000001201, 0, , , 3290.0430000000001201, 1, , , 3290.0430000000001201, 1, , , 3290.0430000000001201, 0
, , 3290.0479999999997744, 0, , , 3290.0479999999997744, 1, , , 3290.0479999999997744, 1, , , 3290.0479999999997744, 0
, , 3290.0520000000001346, 0, , , 3290.0520000000001346, 1, , , 3290.0520000000001346, 1, , , 3290.0520000000001346, 0
, , 3290.0579999999999927, 0, , , 3290.0579999999999927, 1, , , 3290.0579999999999927, 1, , , 3290.0579999999999927, 0
, , 3290.0630000000001019, 0, , , 3290.0630000000001019, 1, , , 3290.0630000000001019, 1, , , 3290.0630000000001019, 0
, , 3290.068000000000211, 0, , , 3290.068000000000211, 1, , , 3290.068000000000211, 1, , , 3290.068000000000211, 0
, , 3290.0729999999998654, 0, , , 3290.0729999999998654, 1, , , 3290.0729999999998654, 1, , , 3290.0729999999998654, 0
, , 3290.0779999999999745, 0, , , 3290.0779999999999745, 1, , , 3290.0779999999999745, 1, , , 3290.0779999999999745, 0
, , 3290.0830000000000837, 0, , , 3290.0830000000000837, 1, , , 3290.0830000000000837, 1, , , 3290.0830000000000837, 0
, , 3290.0889999999999418, 0, , , 3290.0889999999999418, 1, , , 3290.0889999999999418, 1, , , 3290.0889999999999418, 0
, , 3290.0929999999998472, 0, , , 3290.0929999999998472, 1, , , 3290.0929999999998472, 1, , , 3290.0929999999998472, 0
, , 3290.0999999999999091, 0, , , 3290.0999999999999091, 1, , , 3290.0999999999999091, 1, , , 3290.0999999999999091, 0
, , 3290.1030000000000655, 0, , , 3290.1030000000000655, 1, , , 3290.1030000000000655, 1, , , 3290.1030000000000655, 0
, , 3290.1089999999999236, 0, , , 3290.1089999999999236, 1, , , 3290.1089999999999236, 1, , , 3290.1089999999999236, 0
, , 3290.1140000000000327, 0, , , 3290.1140000000000327, 1, , , 3290.1140000000000327, 1, , , 3290.1140000000000327, 0
, , 3290.1179999999999382, 0, , , 3290.1179999999999382, 1, , , 3290.1179999999999382, 1, , , 3290.1179999999999382, 0
, , 3290.1230000000000473, 0, , , 3290.1230000000000473, 1, , , 3290.1230000000000473, 1, , , 3290.1230000000000473, 0
, , 3290.1280000000001564, 0, , , 3290.1280000000001564, 1, , , 3290.1280000000001564, 1, , , 3290.1280000000001564, 0
, , 3290.1329999999998108, 0, , , 3290.1329999999998108, 1, , , 3290.1329999999998108, 1, , , 3290.1329999999998108, 0
, , 3290.1390000000001237, 0, , , 3290.1390000000001237, 1, , , 3290.1390000000001237, 1, , , 3290.1390000000001237, 0
, , 3290.1430000000000291, 0, , , 3290.1430000000000291, 1, , , 3290.1430000000000291, 1, , , 3290.1430000000000291, 0
, , 3290.1480000000001382, 0, , , 3290.1480000000001382, 1, , , 3290.1480000000001382, 1, , , 3290.1480000000001382, 0
, , 3290.1529999999997926, 0, , , 3290.1529999999997926, 1, , , 3290.1529999999997926, 1, , , 3290.1529999999997926, 0
, , 3290.1590000000001055, 0, , , 3290.1590000000001055, 1, , , 3290.1590000000001055, 1, , , 3290.1590000000001055, 0
, , 3290.1630000000000109, 0, , , 3290.1630000000000109, 1, , , 3290.1630000000000109, 1, , , 3290.1630000000000109, 0
, , 3290.1680000000001201, 0, , , 3290.1680000000001201, 1, , , 3290.1680000000001201, 1, , , 3290.1680000000001201, 0
, , 3290.1729999999997744, 0, , , 3290.1729999999997744, 1, , , 3290.1729999999997744, 1, , , 3290.1729999999997744, 0
, , 3290.1790000000000873, 0, , , 3290.1790000000000873, 1, , , 3290.1790000000000873, 1, , , 3290.1790000000000873, 0
, , 3290.1829999999999927, 0, , , 3290.1829999999999927, 1, , , 3290.1829999999999927, 1, , , 3290.1829999999999927, 0
, , 3290.1889999999998508, 0, , , 3290.1889999999998508, 1, , , 3290.1889999999998508, 1, , , 3290.1889999999998508, 0
, , 3290.1950000000001637, 0, , , 3290.1950000000001637, 1, , , 3290.1950000000001637, 1, , , 3290.1950000000001637, 0
, , 3290.1979999999998654, 0, , , 3290.1979999999998654, 1, , , 3290.1979999999998654, 1, , , 3290.1979999999998654, 0
, , 3290.2029999999999745, 0, , , 3290.2029999999999745, 1, , , 3290.2029999999999745, 1, , , 3290.2029999999999745, 0
, , 3290.2080000000000837, 1, , , 3290.2080000000000837, 1, , , 3290.2080000000000837, 1, , , 3290.2080000000000837, 1
, , 3290.2130000000001928, 1, , , 3290.2130000000001928, 1, , , 3290.2130000000001928, 1, , , 3290.2130000000001928, 1
, , 3290.2179999999998472, 1, , , 3290.2179999999998472, 1, , , 3290.2179999999998472, 1, , , 3290.2179999999998472, 1
, , 3290.2240000000001601, 1, , , 3290.2240000000001601, 1, , , 3290.2240000000001601, 1, , , 3290.2240000000001601, 1
, , 3290.2289999999998145, 1, , , 3290.2289999999998145, 1, , , 3290.2289999999998145, 1, , , 3290.2289999999998145, 1
, , 3290.2330000000001746, 1, , , 3290.2330000000001746, 1, , , 3290.2330000000001746, 1, , , 3290.2330000000001746, 1
, , 3290.237999999999829, 1, , , 3290.237999999999829, 1, , , 3290.237999999999829, 1, , , 3290.237999999999829, 1
, , 3290.2429999999999382, 1, , , 3290.2429999999999382, 1, , , 3290.2429999999999382, 1, , , 3290.2429999999999382, 1
, , 3290.2480000000000473, 1, , , 3290.2480000000000473, 1, , , 3290.2480000000000473, 1, , , 3290.2480000000000473, 1
, , 3290.2530000000001564, 1, , , 3290.2530000000001564, 1, , , 3290.2530000000001564, 1, , , 3290.2530000000001564, 1
, , 3290.2579999999998108, 1, , , 3290.2579999999998108, 1, , , 3290.2579999999998108, 1, , , 3290.2579999999998108, 1
, , 3290.262000000000171, 1, , , 3290.262000000000171, 1, , , 3290.262000000000171, 1, , , 3290.262000000000171, 1
, , 3290.2680000000000291, 1, , , 3290.2680000000000291, 1, , , 3290.2680000000000291, 1, , , 3290.2680000000000291, 1
, , 3290.2730000000001382, 1, , , 3290.2730000000001382, 1, , , 3290.2730000000001382, 1, , , 3290.2730000000001382, 1
, , 3290.2789999999999964, 1, , , 3290.2789999999999964, 0, , , 3290.2789999999999964, 0, , , 3290.2789999999999964, 1
, , 3290.2829999999999018, 1, , , 3290.2829999999999018, 0, , , 3290.2829999999999018, 0, , , 3290.2829999999999018, 1
, , 3290.2880000000000109, 1, , , 3290.2880000000000109, 0, , , 3290.2880000000000109, 0, , , 3290.2880000000000109, 1
, , 3290.2930000000001201, 1, , , 3290.2930000000001201, 0, , , 3290.2930000000001201, 0, , , 3290.2930000000001201, 1
, , 3290.2979999999997744, 1, , , 3290.2979999999997744, 0, , , 3290.2979999999997744, 0, , , 3290.2979999999997744, 1
, , 3290.3040000000000873, 1, , , 3290.3040000000000873, 0, , , 3290.3040000000000873, 0, , , 3290.3040000000000873, 1
, , 3290.3079999999999927, 1, , , 3290.3079999999999927, 0, , , 3290.3079999999999927, 0, , , 3290.3079999999999927, 1
, , 3290.3139999999998508, 1, , , 3290.3139999999998508, 0, , , 3290.3139999999998508, 0, , , 3290.3139999999998508, 1
, , 3290.318000000000211, 1, , , 3290.318000000000211, 0, , , 3290.318000000000211, 0, , , 3290.318000000000211, 1
, , 3290.3229999999998654, 1, , , 3290.3229999999998654, 0, , , 3290.3229999999998654, 0, , , 3290.3229999999998654, 1
, , 3290.3279999999999745, 1, , , 3290.3279999999999745, 0, , , 3290.3279999999999745, 0, , , 3290.3279999999999745, 1
, , 3290.3319999999998799, 1, , , 3290.3319999999998799, 0, , , 3290.3319999999998799, 0, , , 3290.3319999999998799, 1
, , 3290.3380000000001928, 1, , , 3290.3380000000001928, 0, , , 3290.3380000000001928, 0, , , 3290.3380000000001928, 1
, , 3290.3429999999998472, 1, , , 3290.3429999999998472, 0, , , 3290.3429999999998472, 0, , , 3290.3429999999998472, 1
, , 3290.3479999999999563, 1, , , 3290.3479999999999563, 0, , , 3290.3479999999999563, 0, , , 3290.3479999999999563, 1
, , 3290.3539999999998145, 1, , , 3290.3539999999998145, 0, , , 3290.3539999999998145, 0, , , 3290.3539999999998145, 1
, , 3290.3580000000001746, 1, , , 3290.3580000000001746, 0, , , 3290.3580000000001746, 0, , , 3290.3580000000001746, 1
, , 3290.362999999999829, 1, , , 3290.362999999999829, 0, , , 3290.362999999999829, 0, , , 3290.362999999999829, 1
, , 3290.3690000000001419, 1, , , 3290.3690000000001419, 0, , , 3290.3690000000001419, 0, , , 3290.3690000000001419, 1
, , 3290.3730000000000473, 1, , , 3290.3730000000000473, 0, , , 3290.3730000000000473, 0, , , 3290.3730000000000473, 1
, , 3290.3780000000001564, 1, , , 3290.3780000000001564, 0, , , 3290.3780000000001564, 0, , , 3290.3780000000001564, 1
, , 3290.3840000000000146, 1, , , 3290.3840000000000146, 0, , , 3290.3840000000000146, 0, , , 3290.3840000000000146, 1
, , 3290.38799999999992, 1, , , 3290.38799999999992, 0, , , 3290.38799999999992, 0, , , 3290.38799999999992, 1
, , 3290.3939999999997781, 1, , , 3290.3939999999997781, 0, , , 3290.3939999999997781, 0, , , 3290.3939999999997781, 1
, , 3290.3989999999998872, 1, , , 3290.3989999999998872, 0, , , 3290.3989999999998872, 0, , , 3290.3989999999998872, 1
, , 3290.4029999999997926, 1, , , 3290.4029999999997926, 0, , , 3290.4029999999997926, 0, , , 3290.4029999999997926, 1
, , 3290.4079999999999018, 1, , , 3290.4079999999999018, 0, , , 3290.4079999999999018, 0, , , 3290.4079999999999018, 1
, , 3290.4140000000002146, 1, , , 3290.4140000000002146, 0, , , 3290.4140000000002146, 0, , , 3290.4140000000002146, 1
, , 3290.4180000000001201, 1, , , 3290.4180000000001201, 0, , , 3290.4180000000001201, 0, , , 3290.4180000000001201, 1
, , 3290.4229999999997744, 1, , , 3290.4229999999997744, 0, , , 3290.4229999999997744, 0, , , 3290.4229999999997744, 1
, , 3290.4290000000000873, 1, , , 3290.4290000000000873, 0, , , 3290.4290000000000873, 0, , , 3290.4290000000000873, 1
, , 3290.4329999999999927, 1, , , 3290.4329999999999927, 0, , , 3290.4329999999999927, 0, , , 3290.4329999999999927, 1
, , 3290.4380000000001019, 1, , , 3290.4380000000001019, 0, , , 3290.4380000000001019, 0, , , 3290.4380000000001019, 1
, , 3290.44399999999996, 1, , , 3290.44399999999996, 0, , , 3290.44399999999996, 0, , , 3290.44399999999996, 1
, , 3290.4499999999998181, 1, , , 3290.4499999999998181, 0, , , 3290.4499999999998181, 0, , , 3290.4499999999998181, 1
, , 3290.4529999999999745, 1, , , 3290.4529999999999745, 0, , , 3290.4529999999999745, 0, , , 3290.4529999999999745, 1
, , 3290.4589999999998327, 1, , , 3290.4589999999998327, 0, , , 3290.4589999999998327, 0, , , 3290.4589999999998327, 1
, , 3290.4630000000001928, 1, , , 3290.4630000000001928, 0, , , 3290.4630000000001928, 0, , , 3290.4630000000001928, 1
, , 3290.4679999999998472, 1, , , 3290.4679999999998472, 0, , , 3290.4679999999998472, 0, , , 3290.4679999999998472, 1
, , 3290.4729999999999563, 1, , , 3290.4729999999999563, 0, , , 3290.4729999999999563, 0, , , 3290.4729999999999563, 1
, , 3290.4780000000000655, 1, , , 3290.4780000000000655, 0, , , 3290.4780000000000655, 0, , , 3290.4780000000000655, 1
, , 3290.4830000000001746, 1, , , 3290.4830000000001746, 0, , , 3290.4830000000001746, 0, , , 3290.4830000000001746, 1
, , 3290.4890000000000327, 1, , , 3290.4890000000000327, 0, , , 3290.4890000000000327, 0, , , 3290.4890000000000327, 1
, , 3290.4929999999999382, 1, , , 3290.4929999999999382, 0, , , 3290.4929999999999382, 0, , , 3290.4929999999999382, 1
, , 3290.4980000000000473, 1, , , 3290.4980000000000473, 0, , , 3290.4980000000000473, 0, , , 3290.4980000000000473, 1
, , 3290.5030000000001564, 1, , , 3290.5030000000001564, 0, , , 3290.5030000000001564, 0, , , 3290.5030000000001564, 1
, , 3290.5079999999998108, 1, , , 3290.5079999999998108, 0, , , 3290.5079999999998108, 0, , , 3290.5079999999998108, 1
, , 3290.5140000000001237, 1, , , 3290.5140000000001237, 0, , , 3290.5140000000001237, 0, , , 3290.5140000000001237, 1
, , 3290.5189999999997781, 1, , , 3290.5189999999997781, 0, , , 3290.5189999999997781, 0, , , 3290.5189999999997781, 1
, , 3290.5230000000001382, 1, , , 3290.5230000000001382, 0, , , 3290.5230000000001382, 0, , , 3290.5230000000001382, 1
, , 3290.5289999999999964, 1, , , 3290.5289999999999964, 1, , , 3290.5289999999999964, 1, , , 3290.5289999999999964, 1
, , 3290.5340000000001055, 1, , , 3290.5340000000001055, 1, , , 3290.5340000000001055, 1, , , 3290.5340000000001055, 1
, , 3290.5380000000000109, 1, , , 3290.5380000000000109, 1, , , 3290.5380000000000109, 1, , , 3290.5380000000000109, 1
, , 3290.5430000000001201, 1, , , 3290.5430000000001201, 1, , , 3290.5430000000001201, 1, , , 3290.5430000000001201, 1
, , 3290.5479999999997744, 1, , , 3290.5479999999997744, 1, , , 3290.5479999999997744, 1, , , 3290.5479999999997744, 1
, , 3290.5540000000000873, 1, , , 3290.5540000000000873, 1, , , 3290.5540000000000873, 1, , , 3290.5540000000000873, 1
, , 3290.5579999999999927, 1, , , 3290.5579999999999927, 1, , , 3290.5579999999999927, 1, , , 3290.5579999999999927, 1
, , 3290.5630000000001019, 1, , , 3290.5630000000001019, 1, , , 3290.5630000000001019, 1, , , 3290.5630000000001019, 1
, , 3290.568000000000211, 1, , , 3290.568000000000211, 1, , , 3290.568000000000211, 1, , , 3290.568000000000211, 1
, , 3290.5729999999998654, 1, , , 3290.5729999999998654, 1, , , 3290.5729999999998654, 1, , , 3290.5729999999998654, 1
, , 3290.5779999999999745, 1, , , 3290.5779999999999745, 1, , , 3290.5779999999999745, 1, , , 3290.5779999999999745, 1
, , 3290.5830000000000837, 1, , , 3290.5830000000000837, 1, , , 3290.5830000000000837, 1, , , 3290.5830000000000837, 1
, , 3290.5880000000001928, 1, , , 3290.5880000000001928, 1, , , 3290.5880000000001928, 1, , , 3290.5880000000001928, 1
, , 3290.5929999999998472, 1, , , 3290.5929999999998472, 1, , , 3290.5929999999998472, 1, , , 3290.5929999999998472, 1
, , 3290.5979999999999563, 1, , , 3290.5979999999999563, 1, , , 3290.5979999999999563, 1, , , 3290.5979999999999563, 1
, , 3290.6030000000000655, 1, , , 3290.6030000000000655, 1, , , 3290.6030000000000655, 1, , , 3290.6030000000000655, 1
, , 3290.6080000000001746, 0, , , 3290.6080000000001746, 1, , , 3290.6080000000001746, 1, , , 3290.6080000000001746, 0
, , 3290.612999999999829, 0, , , 3290.612999999999829, 1, , , 3290.612999999999829, 1, , , 3290.612999999999829, 0
, , 3290.6179999999999382, 0, , , 3290.6179999999999382, 1, , , 3290.6179999999999382, 1, , , 3290.6179999999999382, 0
, , 3290.6230000000000473, 0, , , 3290.6230000000000473, 1, , , 3290.6230000000000473, 1, , , 3290.6230000000000473, 0
, , 3290.6280000000001564, 0, , , 3290.6280000000001564, 1, , , 3290.6280000000001564, 1, , , 3290.6280000000001564, 0
, , 3290.6329999999998108, 0, , , 3290.6329999999998108, 1, , , 3290.6329999999998108, 1, , , 3290.6329999999998108, 0
, , 3290.6390000000001237, 0, , , 3290.6390000000001237, 1, , , 3290.6390000000001237, 1, , , 3290.6390000000001237, 0
, , 3290.6430000000000291, 0, , , 3290.6430000000000291, 1, , , 3290.6430000000000291, 1, , , 3290.6430000000000291, 0
, , 3290.6480000000001382, 0, , , 3290.6480000000001382, 1, , , 3290.6480000000001382, 1, , , 3290.6480000000001382, 0
, , 3290.6529999999997926, 0, , , 3290.6529999999997926, 1, , , 3290.6529999999997926, 1, , , 3290.6529999999997926, 0
, , 3290.6579999999999018, 0, , , 3290.6579999999999018, 1, , , 3290.6579999999999018, 1, , , 3290.6579999999999018, 0
, , 3290.6630000000000109, 0, , , 3290.6630000000000109, 1, , , 3290.6630000000000109, 1, , , 3290.6630000000000109, 0
, , 3290.6680000000001201, 0, , , 3290.6680000000001201, 1, , , 3290.6680000000001201, 1, , , 3290.6680000000001201, 0
, , 3290.6729999999997744, 0, , , 3290.6729999999997744, 1, , , 3290.6729999999997744, 1, , , 3290.6729999999997744, 0
, , 3290.6779999999998836, 0, , , 3290.6779999999998836, 1, , , 3290.6779999999998836, 1, , , 3290.6779999999998836, 0
, , 3290.6829999999999927, 0, , , 3290.6829999999999927, 1, , , 3290.6829999999999927, 1, , , 3290.6829999999999927, 0
, , 3290.6880000000001019, 0, , , 3290.6880000000001019, 1, , , 3290.6880000000001019, 1, , , 3290.6880000000001019, 0
, , 3290.693000000000211, 0, , , 3290.693000000000211, 1, , , 3290.693000000000211, 1, , , 3290.693000000000211, 0
, , 3290.6979999999998654, 0, , , 3290.6979999999998654, 1, , , 3290.6979999999998654, 1, , , 3290.6979999999998654, 0
, , 3290.7029999999999745, 0, , , 3290.7029999999999745, 1, , , 3290.7029999999999745, 1, , , 3290.7029999999999745, 0
, , 3290.7080000000000837, 0, , , 3290.7080000000000837, 1, , , 3290.7080000000000837, 1, , , 3290.7080000000000837, 0
, , 3290.7159999999998945, 0, , , 3290.7159999999998945, 1, , , 3290.7159999999998945, 1, , , 3290.7159999999998945, 0
, , 3290.7179999999998472, 0, , , 3290.7179999999998472, 1, , , 3290.7179999999998472, 1, , , 3290.7179999999998472, 0
, , 3290.7240000000001601, 0, , , 3290.7240000000001601, 1, , , 3290.7240000000001601, 1, , , 3290.7240000000001601, 0
, , 3290.7280000000000655, 0, , , 3290.7280000000000655, 1, , , 3290.7280000000000655, 1, , , 3290.7280000000000655, 0
, , 3290.7339999999999236, 0, , , 3290.7339999999999236, 1, , , 3290.7339999999999236, 1, , , 3290.7339999999999236, 0
, , 3290.737999999999829, 0, , , 3290.737999999999829, 1, , , 3290.737999999999829, 1, , , 3290.737999999999829, 0
, , 3290.7440000000001419, 0, , , 3290.7440000000001419, 1, , , 3290.7440000000001419, 1, , , 3290.7440000000001419, 0
, , 3290.7480000000000473, 0, , , 3290.7480000000000473, 1, , , 3290.7480000000000473, 1, , , 3290.7480000000000473, 0
, , 3290.7539999999999054, 0, , , 3290.7539999999999054, 1, , , 3290.7539999999999054, 1, , , 3290.7539999999999054, 0
, , 3290.7579999999998108, 0, , , 3290.7579999999998108, 1, , , 3290.7579999999998108, 1, , , 3290.7579999999998108, 0
, , 3290.76299999999992, 0, , , 3290.76299999999992, 1, , , 3290.76299999999992, 1, , , 3290.76299999999992, 0
, , 3290.7680000000000291, 0, , , 3290.7680000000000291, 1, , , 3290.7680000000000291, 1, , , 3290.7680000000000291, 0
, , 3290.7730000000001382, 0, , , 3290.7730000000001382, 1, , , 3290.7730000000001382, 1, , , 3290.7730000000001382, 0
, , 3290.7779999999997926, 0, , , 3290.7779999999997926, 1, , , 3290.7779999999997926, 1, , , 3290.7779999999997926, 0
, , 3290.7829999999999018, 0, , , 3290.7829999999999018, 1, , , 3290.7829999999999018, 1, , , 3290.7829999999999018, 0
, , 3290.7880000000000109, 0, , , 3290.7880000000000109, 1, , , 3290.7880000000000109, 1, , , 3290.7880000000000109, 0
, , 3290.7930000000001201, 0, , , 3290.7930000000001201, 1, , , 3290.7930000000001201, 1, , , 3290.7930000000001201, 0
, , 3290.7979999999997744, 0, , , 3290.7979999999997744, 1, , , 3290.7979999999997744, 1, , , 3290.7979999999997744, 0
, , 3290.8029999999998836, 0, , , 3290.8029999999998836, 1, , , 3290.8029999999998836, 1, , , 3290.8029999999998836, 0
, , 3290.8090000000001965, 0, , , 3290.8090000000001965, 1, , , 3290.8090000000001965, 1, , , 3290.8090000000001965, 0
, , 3290.8119999999998981, 0, , , 3290.8119999999998981, 1, , , 3290.8119999999998981, 1, , , 3290.8119999999998981, 0
, , 3290.81899999999996, 0, , , 3290.81899999999996, 1, , , 3290.81899999999996, 1, , , 3290.81899999999996, 0
, , 3290.8229999999998654, 0, , , 3290.8229999999998654, 1, , , 3290.8229999999998654, 1, , , 3290.8229999999998654, 0
, , 3290.8279999999999745, 0, , , 3290.8279999999999745, 1, , , 3290.8279999999999745, 1, , , 3290.8279999999999745, 0
, , 3290.8330000000000837, 0, , , 3290.8330000000000837, 1, , , 3290.8330000000000837, 1, , , 3290.8330000000000837, 0
, , 3290.8389999999999418, 0, , , 3290.8389999999999418, 1, , , 3290.8389999999999418, 1, , , 3290.8389999999999418, 0
, , 3290.8429999999998472, 0, , , 3290.8429999999998472, 1, , , 3290.8429999999998472, 1, , , 3290.8429999999998472, 0
, , 3290.8479999999999563, 0, , , 3290.8479999999999563, 1, , , 3290.8479999999999563, 1, , , 3290.8479999999999563, 0
, , 3290.8539999999998145, 0, , , 3290.8539999999998145, 1, , , 3290.8539999999998145, 1, , , 3290.8539999999998145, 0
, , 3290.8580000000001746, 1, , , 3290.8580000000001746, 1, , , 3290.8580000000001746, 1, , , 3290.8580000000001746, 1
, , 3290.862999999999829, 1, , , 3290.862999999999829, 1, , , 3290.862999999999829, 1, , , 3290.862999999999829, 1
, , 3290.8679999999999382, 1, , , 3290.8679999999999382, 1, , , 3290.8679999999999382, 1, , , 3290.8679999999999382, 1
, , 3290.8730000000000473, 1, , , 3290.8730000000000473, 1, , , 3290.8730000000000473, 1, , , 3290.8730000000000473, 1
, , 3290.8780000000001564, 1, , , 3290.8780000000001564, 1, , , 3290.8780000000001564, 1, , , 3290.8780000000001564, 1
, , 3290.8829999999998108, 1, , , 3290.8829999999998108, 1, , , 3290.8829999999998108, 1, , , 3290.8829999999998108, 1
, , 3290.8890000000001237, 1, , , 3290.8890000000001237, 1, , , 3290.8890000000001237, 1, , , 3290.8890000000001237, 1
, , 3290.8939999999997781, 1, , , 3290.8939999999997781, 1, , , 3290.8939999999997781, 1, , , 3290.8939999999997781, 1
, , 3290.8980000000001382, 1, , , 3290.8980000000001382, 1, , , 3290.8980000000001382, 1, , , 3290.8980000000001382, 1
, , 3290.9029999999997926, 1, , , 3290.9029999999997926, 1, , , 3290.9029999999997926, 1, , , 3290.9029999999997926, 1
, , 3290.9090000000001055, 1, , , 3290.9090000000001055, 1, , , 3290.9090000000001055, 1, , , 3290.9090000000001055, 1
, , 3290.9140000000002146, 1, , , 3290.9140000000002146, 1, , , 3290.9140000000002146, 1, , , 3290.9140000000002146, 1
, , 3290.9169999999999163, 1, , , 3290.9169999999999163, 1, , , 3290.9169999999999163, 1, , , 3290.9169999999999163, 1
, , 3290.9239999999999782, 1, , , 3290.9239999999999782, 1, , , 3290.9239999999999782, 1, , , 3290.9239999999999782, 1
, , 3290.9279999999998836, 1, , , 3290.9279999999998836, 1, , , 3290.9279999999998836, 1, , , 3290.9279999999998836, 1
, , 3290.9329999999999927, 1, , , 3290.9329999999999927, 0, , , 3290.9329999999999927, 0, , , 3290.9329999999999927, 1
, , 3290.9389999999998508, 1, , , 3290.9389999999998508, 0, , , 3290.9389999999998508, 0, , , 3290.9389999999998508, 1
, , 3290.943000000000211, 1, , , 3290.943000000000211, 0, , , 3290.943000000000211, 0, , , 3290.943000000000211, 1
, , 3290.9479999999998654, 1, , , 3290.9479999999998654, 0, , , 3290.9479999999998654, 0, , , 3290.9479999999998654, 1
, , 3290.9529999999999745, 1, , , 3290.9529999999999745, 0, , , 3290.9529999999999745, 0, , , 3290.9529999999999745, 1
, , 3290.9580000000000837, 1, , , 3290.9580000000000837, 0, , , 3290.9580000000000837, 0, , , 3290.9580000000000837, 1
, , 3290.9630000000001928, 1, , , 3290.9630000000001928, 0, , , 3290.9630000000001928, 0, , , 3290.9630000000001928, 1
, , 3290.9679999999998472, 1, , , 3290.9679999999998472, 0, , , 3290.9679999999998472, 0, , , 3290.9679999999998472, 1
, , 3290.9729999999999563, 1, , , 3290.9729999999999563, 0, , , 3290.9729999999999563, 0, , , 3290.9729999999999563, 1
, , 3290.9789999999998145, 1, , , 3290.9789999999998145, 0, , , 3290.9789999999998145, 0, , , 3290.9789999999998145, 1
, , 3290.9830000000001746, 1, , , 3290.9830000000001746, 0, , , 3290.9830000000001746, 0, , , 3290.9830000000001746, 1
, , 3290.987999999999829, 1, , , 3290.987999999999829, 0, , , 3290.987999999999829, 0, , , 3290.987999999999829, 1
, , 3290.9940000000001419, 1, , , 3290.9940000000001419, 0, , , 3290.9940000000001419, 0, , , 3290.9940000000001419, 1
, , 3290.9980000000000473, 1, , , 3290.9980000000000473, 0, , , 3290.9980000000000473, 0, , , 3290.9980000000000473, 1
, , 3291.0030000000001564, 1, , , 3291.0030000000001564, 0, , , 3291.0030000000001564, 0, , , 3291.0030000000001564, 1
, , 3291.0090000000000146, 1, , , 3291.0090000000000146, 0, , , 3291.0090000000000146, 0, , , 3291.0090000000000146, 1
, , 3291.01299999999992, 1, , , 3291.01299999999992, 0, , , 3291.01299999999992, 0, , , 3291.01299999999992, 1
, , 3291.0180000000000291, 1, , , 3291.0180000000000291, 0, , , 3291.0180000000000291, 0, , , 3291.0180000000000291, 1
, , 3291.0230000000001382, 1, , , 3291.0230000000001382, 0, , , 3291.0230000000001382, 0, , , 3291.0230000000001382, 1
, , 3291.0279999999997926, 1, , , 3291.0279999999997926, 0, , , 3291.0279999999997926, 0, , , 3291.0279999999997926, 1
, , 3291.0329999999999018, 1, , , 3291.0329999999999018, 0, , , 3291.0329999999999018, 0, , , 3291.0329999999999018, 1
, , 3291.0380000000000109, 1, , , 3291.0380000000000109, 0, , , 3291.0380000000000109, 0, , , 3291.0380000000000109, 1
, , 3291.0430000000001201, 1, , , 3291.0430000000001201, 0, , , 3291.0430000000001201, 0, , , 3291.0430000000001201, 1
, , 3291.0489999999999782, 1, , , 3291.0489999999999782, 0, , , 3291.0489999999999782, 0, , , 3291.0489999999999782, 1
, , 3291.0529999999998836, 1, , , 3291.0529999999998836, 0, , , 3291.0529999999998836, 0, , , 3291.0529999999998836, 1
, , 3291.0579999999999927, 1, , , 3291.0579999999999927, 0, , , 3291.0579999999999927, 0, , , 3291.0579999999999927, 1
, , 3291.0630000000001019, 1, , , 3291.0630000000001019, 0, , , 3291.0630000000001019, 0, , , 3291.0630000000001019, 1
, , 3291.06899999999996, 1, , , 3291.06899999999996, 0, , , 3291.06899999999996, 0, , , 3291.06899999999996, 1
, , 3291.0729999999998654, 1, , , 3291.0729999999998654, 0, , , 3291.0729999999998654, 0, , , 3291.0729999999998654, 1
, , 3291.0779999999999745, 1, , , 3291.0779999999999745, 0, , , 3291.0779999999999745, 0, , , 3291.0779999999999745, 1
, , 3291.0839999999998327, 1, , , 3291.0839999999998327, 0, , , 3291.0839999999998327, 0, , , 3291.0839999999998327, 1
, , 3291.0880000000001928, 1, , , 3291.0880000000001928, 0, , , 3291.0880000000001928, 0, , , 3291.0880000000001928, 1
, , 3291.0940000000000509, 1, , , 3291.0940000000000509, 0, , , 3291.0940000000000509, 0, , , 3291.0940000000000509, 1
, , 3291.0990000000001601, 1, , , 3291.0990000000001601, 0, , , 3291.0990000000001601, 0, , , 3291.0990000000001601, 1
, , 3291.1030000000000655, 1, , , 3291.1030000000000655, 0, , , 3291.1030000000000655, 0, , , 3291.1030000000000655, 1
, , 3291.1080000000001746, 1, , , 3291.1080000000001746, 0, , , 3291.1080000000001746, 0, , , 3291.1080000000001746, 1
, , 3291.112999999999829, 1, , , 3291.112999999999829, 0, , , 3291.112999999999829, 0, , , 3291.112999999999829, 1
, , 3291.1179999999999382, 1, , , 3291.1179999999999382, 0, , , 3291.1179999999999382, 0, , , 3291.1179999999999382, 1
, , 3291.1230000000000473, 1, , , 3291.1230000000000473, 0, , , 3291.1230000000000473, 0, , , 3291.1230000000000473, 1
, , 3291.1289999999999054, 1, , , 3291.1289999999999054, 0, , , 3291.1289999999999054, 0, , , 3291.1289999999999054, 1
, , 3291.1340000000000146, 1, , , 3291.1340000000000146, 0, , , 3291.1340000000000146, 0, , , 3291.1340000000000146, 1
, , 3291.13799999999992, 1, , , 3291.13799999999992, 0, , , 3291.13799999999992, 0, , , 3291.13799999999992, 1
, , 3291.1430000000000291, 1, , , 3291.1430000000000291, 0, , , 3291.1430000000000291, 0, , , 3291.1430000000000291, 1
, , 3291.1480000000001382, 1, , , 3291.1480000000001382, 0, , , 3291.1480000000001382, 0, , , 3291.1480000000001382, 1
, , 3291.1520000000000437, 1, , , 3291.1520000000000437, 0, , , 3291.1520000000000437, 0, , , 3291.1520000000000437, 1
, , 3291.1590000000001055, 1, , , 3291.1590000000001055, 0, , , 3291.1590000000001055, 0, , , 3291.1590000000001055, 1
, , 3291.1630000000000109, 1, , , 3291.1630000000000109, 0, , , 3291.1630000000000109, 0, , , 3291.1630000000000109, 1
, , 3291.1680000000001201, 1, , , 3291.1680000000001201, 0, , , 3291.1680000000001201, 0, , , 3291.1680000000001201, 1
, , 3291.1729999999997744, 1, , , 3291.1729999999997744, 0, , , 3291.1729999999997744, 0, , , 3291.1729999999997744, 1
, , 3291.1779999999998836, 1, , , 3291.1779999999998836, 0, , , 3291.1779999999998836, 0, , , 3291.1779999999998836, 1
, , 3291.1840000000001965, 1, , , 3291.1840000000001965, 1, , , 3291.1840000000001965, 1, , , 3291.1840000000001965, 1
, , 3291.1880000000001019, 1, , , 3291.1880000000001019, 1, , , 3291.1880000000001019, 1, , , 3291.1880000000001019, 1
, , 3291.193000000000211, 1, , , 3291.193000000000211, 1, , , 3291.193000000000211, 1, , , 3291.193000000000211, 1
, , 3291.1979999999998654, 1, , , 3291.1979999999998654, 1, , , 3291.1979999999998654, 1, , , 3291.1979999999998654, 1
, , 3291.2029999999999745, 1, , , 3291.2029999999999745, 1, , , 3291.2029999999999745, 1, , , 3291.2029999999999745, 1
, , 3291.2080000000000837, 1, , , 3291.2080000000000837, 1, , , 3291.2080000000000837, 1, , , 3291.2080000000000837, 1
, , 3291.2130000000001928, 1, , , 3291.2130000000001928, 1, , , 3291.2130000000001928, 1, , , 3291.2130000000001928, 1
, , 3291.2179999999998472, 1, , , 3291.2179999999998472, 1, , , 3291.2179999999998472, 1, , , 3291.2179999999998472, 1
, , 3291.2229999999999563, 1, , , 3291.2229999999999563, 1, , , 3291.2229999999999563, 1, , , 3291.2229999999999563, 1
, , 3291.2280000000000655, 1, , , 3291.2280000000000655, 1, , , 3291.2280000000000655, 1, , , 3291.2280000000000655, 1
, , 3291.2330000000001746, 1, , , 3291.2330000000001746, 1, , , 3291.2330000000001746, 1, , , 3291.2330000000001746, 1
, , 3291.2390000000000327, 1, , , 3291.2390000000000327, 1, , , 3291.2390000000000327, 1, , , 3291.2390000000000327, 1
, , 3291.2429999999999382, 1, , , 3291.2429999999999382, 1, , , 3291.2429999999999382, 1, , , 3291.2429999999999382, 1
, , 3291.2480000000000473, 1, , , 3291.2480000000000473, 1, , , 3291.2480000000000473, 1, , , 3291.2480000000000473, 1
, , 3291.2539999999999054, 1, , , 3291.2539999999999054, 1, , , 3291.2539999999999054, 1, , , 3291.2539999999999054, 1
, , 3291.2579999999998108, 0, , , 3291.2579999999998108, 1, , , 3291.2579999999998108, 1, , , 3291.2579999999998108, 0
, , 3291.26299999999992, 0, , , 3291.26299999999992, 1, , , 3291.26299999999992, 1, , , 3291.26299999999992, 0
, , 3291.2680000000000291, 0, , , 3291.2680000000000291, 1, , , 3291.2680000000000291, 1, , , 3291.2680000000000291, 0
, , 3291.2739999999998872, 0, , , 3291.2739999999998872, 1, , , 3291.2739999999998872, 1, , , 3291.2739999999998872, 0
, , 3291.2779999999997926, 0, , , 3291.2779999999997926, 1, , , 3291.2779999999997926, 1, , , 3291.2779999999997926, 0
, , 3291.2829999999999018, 0, , , 3291.2829999999999018, 1, , , 3291.2829999999999018, 1, , , 3291.2829999999999018, 0
, , 3291.2880000000000109, 0, , , 3291.2880000000000109, 1, , , 3291.2880000000000109, 1, , , 3291.2880000000000109, 0
, , 3291.2930000000001201, 0, , , 3291.2930000000001201, 1, , , 3291.2930000000001201, 1, , , 3291.2930000000001201, 0
, , 3291.2989999999999782, 0, , , 3291.2989999999999782, 1, , , 3291.2989999999999782, 1, , , 3291.2989999999999782, 0
, , 3291.3029999999998836, 0, , , 3291.3029999999998836, 1, , , 3291.3029999999998836, 1, , , 3291.3029999999998836, 0
, , 3291.3090000000001965, 0, , , 3291.3090000000001965, 1, , , 3291.3090000000001965, 1, , , 3291.3090000000001965, 0
, , 3291.3130000000001019, 0, , , 3291.3130000000001019, 1, , , 3291.3130000000001019, 1, , , 3291.3130000000001019, 0
, , 3291.3170000000000073, 0, , , 3291.3170000000000073, 1, , , 3291.3170000000000073, 1, , , 3291.3170000000000073, 0
, , 3291.3229999999998654, 0, , , 3291.3229999999998654, 1, , , 3291.3229999999998654, 1, , , 3291.3229999999998654, 0
, , 3291.3279999999999745, 0, , , 3291.3279999999999745, 1, , , 3291.3279999999999745, 1, , , 3291.3279999999999745, 0
, , 3291.3330000000000837, 0, , , 3291.3330000000000837, 1, , , 3291.3330000000000837, 1, , , 3291.3330000000000837, 0
, , 3291.3380000000001928, 0, , , 3291.3380000000001928, 1, , , 3291.3380000000001928, 1, , , 3291.3380000000001928, 0
, , 3291.3440000000000509, 0, , , 3291.3440000000000509, 1, , , 3291.3440000000000509, 1, , , 3291.3440000000000509, 0
, , 3291.3479999999999563, 0, , , 3291.3479999999999563, 1, , , 3291.3479999999999563, 1, , , 3291.3479999999999563, 0
, , 3291.3539999999998145, 0, , , 3291.3539999999998145, 1, , , 3291.3539999999998145, 1, , , 3291.3539999999998145, 0
, , 3291.3580000000001746, 0, , , 3291.3580000000001746, 1, , , 3291.3580000000001746, 1, , , 3291.3580000000001746, 0
, , 3291.362999999999829, 0, , , 3291.362999999999829, 1, , , 3291.362999999999829, 1, , , 3291.362999999999829, 0
, , 3291.3690000000001419, 0, , , 3291.3690000000001419, 1, , , 3291.3690000000001419, 1, , , 3291.3690000000001419, 0
, , 3291.3730000000000473, 0, , , 3291.3730000000000473, 1, , , 3291.3730000000000473, 1, , , 3291.3730000000000473, 0
, , 3291.3780000000001564, 0, , , 3291.3780000000001564, 1, , , 3291.3780000000001564, 1, , , 3291.3780000000001564, 0
, , 3291.3829999999998108, 0, , , 3291.3829999999998108, 1, , , 3291.3829999999998108, 1, , , 3291.3829999999998108, 0
, , 3291.38799999999992, 0, , , 3291.38799999999992, 1, , , 3291.38799999999992, 1, , , 3291.38799999999992, 0
, , 3291.3930000000000291, 0, , , 3291.3930000000000291, 1, , , 3291.3930000000000291, 1, , , 3291.3930000000000291, 0
, , 3291.3980000000001382, 0, , , 3291.3980000000001382, 1, , , 3291.3980000000001382, 1, , , 3291.3980000000001382, 0
, , 3291.4029999999997926, 0, , , 3291.4029999999997926, 1, , , 3291.4029999999997926, 1, , , 3291.4029999999997926, 0
, , 3291.4090000000001055, 0, , , 3291.4090000000001055, 1, , , 3291.4090000000001055, 1, , , 3291.4090000000001055, 0
, , 3291.4130000000000109, 0, , , 3291.4130000000000109, 1, , , 3291.4130000000000109, 1, , , 3291.4130000000000109, 0
, , 3291.418999999999869, 0, , , 3291.418999999999869, 1, , , 3291.418999999999869, 1, , , 3291.418999999999869, 0
, , 3291.4239999999999782, 0, , , 3291.4239999999999782, 1, , , 3291.4239999999999782, 1, , , 3291.4239999999999782, 0
, , 3291.4290000000000873, 0, , , 3291.4290000000000873, 1, , , 3291.4290000000000873, 1, , , 3291.4290000000000873, 0
, , 3291.4329999999999927, 0, , , 3291.4329999999999927, 1, , , 3291.4329999999999927, 1, , , 3291.4329999999999927, 0
, , 3291.4380000000001019, 0, , , 3291.4380000000001019, 1, , , 3291.4380000000001019, 1, , , 3291.4380000000001019, 0
, , 3291.443000000000211, 0, , , 3291.443000000000211, 1, , , 3291.443000000000211, 1, , , 3291.443000000000211, 0
, , 3291.4479999999998654, 0, , , 3291.4479999999998654, 1, , , 3291.4479999999998654, 1, , , 3291.4479999999998654, 0
, , 3291.4529999999999745, 0, , , 3291.4529999999999745, 1, , , 3291.4529999999999745, 1, , , 3291.4529999999999745, 0
, , 3291.4580000000000837, 0, , , 3291.4580000000000837, 1, , , 3291.4580000000000837, 1, , , 3291.4580000000000837, 0
, , 3291.4630000000001928, 0, , , 3291.4630000000001928, 1, , , 3291.4630000000001928, 1, , , 3291.4630000000001928, 0
, , 3291.4679999999998472, 0, , , 3291.4679999999998472, 1, , , 3291.4679999999998472, 1, , , 3291.4679999999998472, 0
, , 3291.4729999999999563, 0, , , 3291.4729999999999563, 1, , , 3291.4729999999999563, 1, , , 3291.4729999999999563, 0
, , 3291.4780000000000655, 0, , , 3291.4780000000000655, 1, , , 3291.4780000000000655, 1, , , 3291.4780000000000655, 0
, , 3291.4830000000001746, 0, , , 3291.4830000000001746, 1, , , 3291.4830000000001746, 1, , , 3291.4830000000001746, 0
, , 3291.487999999999829, 0, , , 3291.487999999999829, 1, , , 3291.487999999999829, 1, , , 3291.487999999999829, 0
, , 3291.4940000000001419, 0, , , 3291.4940000000001419, 1, , , 3291.4940000000001419, 1, , , 3291.4940000000001419, 0
, , 3291.4980000000000473, 0, , , 3291.4980000000000473, 1, , , 3291.4980000000000473, 1, , , 3291.4980000000000473, 0
, , 3291.5030000000001564, 0, , , 3291.5030000000001564, 1, , , 3291.5030000000001564, 1, , , 3291.5030000000001564, 0
, , 3291.5079999999998108, 0, , , 3291.5079999999998108, 1, , , 3291.5079999999998108, 1, , , 3291.5079999999998108, 0
, , 3291.5140000000001237, 1, , , 3291.5140000000001237, 1, , , 3291.5140000000001237, 1, , , 3291.5140000000001237, 1
, , 3291.5189999999997781, 1, , , 3291.5189999999997781, 1, , , 3291.5189999999997781, 1, , , 3291.5189999999997781, 1
, , 3291.5230000000001382, 1, , , 3291.5230000000001382, 1, , , 3291.5230000000001382, 1, , , 3291.5230000000001382, 1
, , 3291.5279999999997926, 1, , , 3291.5279999999997926, 1, , , 3291.5279999999997926, 1, , , 3291.5279999999997926, 1
, , 3291.5329999999999018, 1, , , 3291.5329999999999018, 1, , , 3291.5329999999999018, 1, , , 3291.5329999999999018, 1
, , 3291.5380000000000109, 1, , , 3291.5380000000000109, 1, , , 3291.5380000000000109, 1, , , 3291.5380000000000109, 1
, , 3291.5430000000001201, 1, , , 3291.5430000000001201, 1, , , 3291.5430000000001201, 1, , , 3291.5430000000001201, 1
, , 3291.5479999999997744, 1, , , 3291.5479999999997744, 1, , , 3291.5479999999997744, 1, , , 3291.5479999999997744, 1
, , 3291.5540000000000873, 1, , , 3291.5540000000000873, 1, , , 3291.5540000000000873, 1, , , 3291.5540000000000873, 1
, , 3291.5579999999999927, 1, , , 3291.5579999999999927, 1, , , 3291.5579999999999927, 1, , , 3291.5579999999999927, 1
, , 3291.5630000000001019, 1, , , 3291.5630000000001019, 1, , , 3291.5630000000001019, 1, , , 3291.5630000000001019, 1
, , 3291.568000000000211, 1, , , 3291.568000000000211, 1, , , 3291.568000000000211, 1, , , 3291.568000000000211, 1
, , 3291.5740000000000691, 1, , , 3291.5740000000000691, 1, , , 3291.5740000000000691, 1, , , 3291.5740000000000691, 1
, , 3291.5779999999999745, 1, , , 3291.5779999999999745, 1, , , 3291.5779999999999745, 1, , , 3291.5779999999999745, 1
, , 3291.5839999999998327, 1, , , 3291.5839999999998327, 0, , , 3291.5839999999998327, 0, , , 3291.5839999999998327, 1
, , 3291.5900000000001455, 1, , , 3291.5900000000001455, 0, , , 3291.5900000000001455, 0, , , 3291.5900000000001455, 1
, , 3291.5929999999998472, 1, , , 3291.5929999999998472, 0, , , 3291.5929999999998472, 0, , , 3291.5929999999998472, 1
, , 3291.5990000000001601, 1, , , 3291.5990000000001601, 0, , , 3291.5990000000001601, 0, , , 3291.5990000000001601, 1
, , 3291.6030000000000655, 1, , , 3291.6030000000000655, 0, , , 3291.6030000000000655, 0, , , 3291.6030000000000655, 1
, , 3291.6089999999999236, 1, , , 3291.6089999999999236, 0, , , 3291.6089999999999236, 0, , , 3291.6089999999999236, 1
, , 3291.612999999999829, 1, , , 3291.612999999999829, 0, , , 3291.612999999999829, 0, , , 3291.612999999999829, 1
, , 3291.6179999999999382, 1, , , 3291.6179999999999382, 0, , , 3291.6179999999999382, 0, , , 3291.6179999999999382, 1
, , 3291.6230000000000473, 1, , , 3291.6230000000000473, 0, , , 3291.6230000000000473, 0, , , 3291.6230000000000473, 1
, , 3291.6280000000001564, 1, , , 3291.6280000000001564, 0, , , 3291.6280000000001564, 0, , , 3291.6280000000001564, 1
, , 3291.6329999999998108, 1, , , 3291.6329999999998108, 0, , , 3291.6329999999998108, 0, , , 3291.6329999999998108, 1
, , 3291.63799999999992, 1, , , 3291.63799999999992, 0, , , 3291.63799999999992, 0, , , 3291.63799999999992, 1
, , 3291.6430000000000291, 1, , , 3291.6430000000000291, 0, , , 3291.6430000000000291, 0, , , 3291.6430000000000291, 1
, , 3291.6480000000001382, 1, , , 3291.6480000000001382, 0, , , 3291.6480000000001382, 0, , , 3291.6480000000001382, 1
, , 3291.6529999999997926, 1, , , 3291.6529999999997926, 0, , , 3291.6529999999997926, 0, , , 3291.6529999999997926, 1
, , 3291.6590000000001055, 1, , , 3291.6590000000001055, 0, , , 3291.6590000000001055, 0, , , 3291.6590000000001055, 1
, , 3291.6640000000002146, 1, , , 3291.6640000000002146, 0, , , 3291.6640000000002146, 0, , , 3291.6640000000002146, 1
, , 3291.6680000000001201, 1, , , 3291.6680000000001201, 0, , , 3291.6680000000001201, 0, , , 3291.6680000000001201, 1
, , 3291.6729999999997744, 1, , , 3291.6729999999997744, 0, , , 3291.6729999999997744, 0, , , 3291.6729999999997744, 1
, , 3291.6790000000000873, 1, , , 3291.6790000000000873, 0, , , 3291.6790000000000873, 0, , , 3291.6790000000000873, 1
, , 3291.6829999999999927, 1, , , 3291.6829999999999927, 0, , , 3291.6829999999999927, 0, , , 3291.6829999999999927, 1
, , 3291.6889999999998508, 1, , , 3291.6889999999998508, 0, , , 3291.6889999999998508, 0, , , 3291.6889999999998508, 1
, , 3291.693000000000211, 1, , , 3291.693000000000211, 0, , , 3291.693000000000211, 0, , , 3291.693000000000211, 1
, , 3291.6979999999998654, 1, , , 3291.6979999999998654, 0, , , 3291.6979999999998654, 0, , , 3291.6979999999998654, 1
, , 3291.7040000000001783, 1, , , 3291.7040000000001783, 0, , , 3291.7040000000001783, 0, , , 3291.7040000000001783, 1
, , 3291.7080000000000837, 1, , , 3291.7080000000000837, 0, , , 3291.7080000000000837, 0, , , 3291.7080000000000837, 1
, , 3291.7130000000001928, 1, , , 3291.7130000000001928, 0, , , 3291.7130000000001928, 0, , , 3291.7130000000001928, 1
, , 3291.7190000000000509, 1, , , 3291.7190000000000509, 0, , , 3291.7190000000000509, 0, , , 3291.7190000000000509, 1
, , 3291.7229999999999563, 1, , , 3291.7229999999999563, 0, , , 3291.7229999999999563, 0, , , 3291.7229999999999563, 1
, , 3291.7280000000000655, 1, , , 3291.7280000000000655, 0, , , 3291.7280000000000655, 0, , , 3291.7280000000000655, 1
, , 3291.7330000000001746, 1, , , 3291.7330000000001746, 0, , , 3291.7330000000001746, 0, , , 3291.7330000000001746, 1
, , 3291.737999999999829, 1, , , 3291.737999999999829, 0, , , 3291.737999999999829, 0, , , 3291.737999999999829, 1
, , 3291.7429999999999382, 1, , , 3291.7429999999999382, 0, , , 3291.7429999999999382, 0, , , 3291.7429999999999382, 1
, , 3291.7489999999997963, 1, , , 3291.7489999999997963, 0, , , 3291.7489999999997963, 0, , , 3291.7489999999997963, 1
, , 3291.7530000000001564, 1, , , 3291.7530000000001564, 0, , , 3291.7530000000001564, 0, , , 3291.7530000000001564, 1
, , 3291.7579999999998108, 1, , , 3291.7579999999998108, 0, , , 3291.7579999999998108, 0, , , 3291.7579999999998108, 1
, , 3291.76299999999992, 1, , , 3291.76299999999992, 0, , , 3291.76299999999992, 0, , , 3291.76299999999992, 1
, , 3291.7680000000000291, 1, , , 3291.7680000000000291, 0, , , 3291.7680000000000291, 0, , , 3291.7680000000000291, 1
, , 3291.7730000000001382, 1, , , 3291.7730000000001382, 0, , , 3291.7730000000001382, 0, , , 3291.7730000000001382, 1
, , 3291.7789999999999964, 1, , , 3291.7789999999999964, 0, , , 3291.7789999999999964, 0, , , 3291.7789999999999964, 1
, , 3291.7829999999999018, 1, , , 3291.7829999999999018, 0, , , 3291.7829999999999018, 0, , , 3291.7829999999999018, 1
, , 3291.7880000000000109, 1, , , 3291.7880000000000109, 0, , , 3291.7880000000000109, 0, , , 3291.7880000000000109, 1
, , 3291.7910000000001673, 1, , , 3291.7910000000001673, 0, , , 3291.7910000000001673, 0, , , 3291.7910000000001673, 1
, , 3291.8000000000001819, 1, , , 3291.8000000000001819, 0, , , 3291.8000000000001819, 0, , , 3291.8000000000001819, 1
, , 3291.8029999999998836, 1, , , 3291.8029999999998836, 0, , , 3291.8029999999998836, 0, , , 3291.8029999999998836, 1
, , 3291.8079999999999927, 1, , , 3291.8079999999999927, 0, , , 3291.8079999999999927, 0, , , 3291.8079999999999927, 1
, , 3291.8130000000001019, 1, , , 3291.8130000000001019, 0, , , 3291.8130000000001019, 0, , , 3291.8130000000001019, 1
, , 3291.81899999999996, 1, , , 3291.81899999999996, 0, , , 3291.81899999999996, 0, , , 3291.81899999999996, 1
, , 3291.8229999999998654, 1, , , 3291.8229999999998654, 0, , , 3291.8229999999998654, 0, , , 3291.8229999999998654, 1
, , 3291.8279999999999745, 1, , , 3291.8279999999999745, 0, , , 3291.8279999999999745, 0, , , 3291.8279999999999745, 1
, , 3291.8330000000000837, 1, , , 3291.8330000000000837, 0, , , 3291.8330000000000837, 0, , , 3291.8330000000000837, 1
, , 3291.8389999999999418, 1, , , 3291.8389999999999418, 1, , , 3291.8389999999999418, 1, , , 3291.8389999999999418, 1
, , 3291.8429999999998472, 1, , , 3291.8429999999998472, 1, , , 3291.8429999999998472, 1, , , 3291.8429999999998472, 1
, , 3291.8490000000001601, 1, , , 3291.8490000000001601, 1, , , 3291.8490000000001601, 1, , , 3291.8490000000001601, 1
, , 3291.8530000000000655, 1, , , 3291.8530000000000655, 1, , , 3291.8530000000000655, 1, , , 3291.8530000000000655, 1
, , 3291.8580000000001746, 1, , , 3291.8580000000001746, 1, , , 3291.8580000000001746, 1, , , 3291.8580000000001746, 1
, , 3291.862999999999829, 1, , , 3291.862999999999829, 1, , , 3291.862999999999829, 1, , , 3291.862999999999829, 1
, , 3291.8679999999999382, 1, , , 3291.8679999999999382, 1, , , 3291.8679999999999382, 1, , , 3291.8679999999999382, 1
, , 3291.8719999999998436, 1, , , 3291.8719999999998436, 1, , , 3291.8719999999998436, 1, , , 3291.8719999999998436, 1
, , 3291.8780000000001564, 1, , , 3291.8780000000001564, 1, , , 3291.8780000000001564, 1, , , 3291.8780000000001564, 1
, , 3291.8840000000000146, 1, , , 3291.8840000000000146, 1, , , 3291.8840000000000146, 1, , , 3291.8840000000000146, 1
, , 3291.88799999999992, 1, , , 3291.88799999999992, 1, , , 3291.88799999999992, 1, , , 3291.88799999999992, 1
, , 3291.8939999999997781, 1, , , 3291.8939999999997781, 1, , , 3291.8939999999997781, 1, , , 3291.8939999999997781, 1
, , 3291.8969999999999345, 1, , , 3291.8969999999999345, 1, , , 3291.8969999999999345, 1, , , 3291.8969999999999345, 1
, , 3291.9039999999999964, 1, , , 3291.9039999999999964, 1, , , 3291.9039999999999964, 1, , , 3291.9039999999999964, 1
, , 3291.9079999999999018, 1, , , 3291.9079999999999018, 1, , , 3291.9079999999999018, 1, , , 3291.9079999999999018, 1
, , 3291.9140000000002146, 0, , , 3291.9140000000002146, 1, , , 3291.9140000000002146, 1, , , 3291.9140000000002146, 0
, , 3291.918999999999869, 0, , , 3291.918999999999869, 1, , , 3291.918999999999869, 1, , , 3291.918999999999869, 0
, , 3291.9229999999997744, 0, , , 3291.9229999999997744, 1, , , 3291.9229999999997744, 1, , , 3291.9229999999997744, 0
, , 3291.9279999999998836, 0, , , 3291.9279999999998836, 1, , , 3291.9279999999998836, 1, , , 3291.9279999999998836, 0
, , 3291.9329999999999927, 0, , , 3291.9329999999999927, 1, , , 3291.9329999999999927, 1, , , 3291.9329999999999927, 0
, , 3291.9380000000001019, 0, , , 3291.9380000000001019, 1, , , 3291.9380000000001019, 1, , , 3291.9380000000001019, 0
, , 3291.94399999999996, 0, , , 3291.94399999999996, 1, , , 3291.94399999999996, 1, , , 3291.94399999999996, 0
, , 3291.9479999999998654, 0, , , 3291.9479999999998654, 1, , , 3291.9479999999998654, 1, , , 3291.9479999999998654, 0
, , 3291.9540000000001783, 0, , , 3291.9540000000001783, 1, , , 3291.9540000000001783, 1, , , 3291.9540000000001783, 0
, , 3291.9580000000000837, 0, , , 3291.9580000000000837, 1, , , 3291.9580000000000837, 1, , , 3291.9580000000000837, 0
, , 3291.9639999999999418, 0, , , 3291.9639999999999418, 1, , , 3291.9639999999999418, 1, , , 3291.9639999999999418, 0
, , 3291.9679999999998472, 0, , , 3291.9679999999998472, 1, , , 3291.9679999999998472, 1, , , 3291.9679999999998472, 0
, , 3291.9729999999999563, 0, , , 3291.9729999999999563, 1, , , 3291.9729999999999563, 1, , , 3291.9729999999999563, 0
, , 3291.9780000000000655, 0, , , 3291.9780000000000655, 1, , , 3291.9780000000000655, 1, , , 3291.9780000000000655, 0
, , 3291.9830000000001746, 0, , , 3291.9830000000001746, 1, , , 3291.9830000000001746, 1, , , 3291.9830000000001746, 0
, , 3291.987999999999829, 0, , , 3291.987999999999829, 1, , , 3291.987999999999829, 1, , , 3291.987999999999829, 0
, , 3291.9929999999999382, 0, , , 3291.9929999999999382, 1, , , 3291.9929999999999382, 1, , , 3291.9929999999999382, 0
, , 3291.9980000000000473, 0, , , 3291.9980000000000473, 1, , , 3291.9980000000000473, 1, , , 3291.9980000000000473, 0
, , 3292.0030000000001564, 0, , , 3292.0030000000001564, 1, , , 3292.0030000000001564, 1, , , 3292.0030000000001564, 0
, , 3292.0079999999998108, 0, , , 3292.0079999999998108, 1, , , 3292.0079999999998108, 1, , , 3292.0079999999998108, 0
, , 3292.01299999999992, 0, , , 3292.01299999999992, 1, , , 3292.01299999999992, 1, , , 3292.01299999999992, 0
, , 3292.0189999999997781, 0, , , 3292.0189999999997781, 1, , , 3292.0189999999997781, 1, , , 3292.0189999999997781, 0
, , 3292.0239999999998872, 0, , , 3292.0239999999998872, 1, , , 3292.0239999999998872, 1, , , 3292.0239999999998872, 0
, , 3292.0279999999997926, 0, , , 3292.0279999999997926, 1, , , 3292.0279999999997926, 1, , , 3292.0279999999997926, 0
, , 3292.0329999999999018, 0, , , 3292.0329999999999018, 1, , , 3292.0329999999999018, 1, , , 3292.0329999999999018, 0
, , 3292.0380000000000109, 0, , , 3292.0380000000000109, 1, , , 3292.0380000000000109, 1, , , 3292.0380000000000109, 0
, , 3292.0430000000001201, 0, , , 3292.0430000000001201, 1, , , 3292.0430000000001201, 1, , , 3292.0430000000001201, 0
, , 3292.0479999999997744, 0, , , 3292.0479999999997744, 1, , , 3292.0479999999997744, 1, , , 3292.0479999999997744, 0
, , 3292.0529999999998836, 0, , , 3292.0529999999998836, 1, , , 3292.0529999999998836, 1, , , 3292.0529999999998836, 0
, , 3292.0579999999999927, 0, , , 3292.0579999999999927, 1, , , 3292.0579999999999927, 1, , , 3292.0579999999999927, 0
, , 3292.0630000000001019, 0, , , 3292.0630000000001019, 1, , , 3292.0630000000001019, 1, , , 3292.0630000000001019, 0
, , 3292.068000000000211, 0, , , 3292.068000000000211, 1, , , 3292.068000000000211, 1, , , 3292.068000000000211, 0
, , 3292.0729999999998654, 0, , , 3292.0729999999998654, 1, , , 3292.0729999999998654, 1, , , 3292.0729999999998654, 0
, , 3292.0779999999999745, 0, , , 3292.0779999999999745, 1, , , 3292.0779999999999745, 1, , , 3292.0779999999999745, 0
, , 3292.0830000000000837, 0, , , 3292.0830000000000837, 1, , , 3292.0830000000000837, 1, , , 3292.0830000000000837, 0
, , 3292.0880000000001928, 0, , , 3292.0880000000001928, 1, , , 3292.0880000000001928, 1, , , 3292.0880000000001928, 0
, , 3292.0929999999998472, 0, , , 3292.0929999999998472, 1, , , 3292.0929999999998472, 1, , , 3292.0929999999998472, 0
, , 3292.0979999999999563, 0, , , 3292.0979999999999563, 1, , , 3292.0979999999999563, 1, , , 3292.0979999999999563, 0
, , 3292.1030000000000655, 0, , , 3292.1030000000000655, 1, , , 3292.1030000000000655, 1, , , 3292.1030000000000655, 0
, , 3292.1080000000001746, 0, , , 3292.1080000000001746, 1, , , 3292.1080000000001746, 1, , , 3292.1080000000001746, 0
, , 3292.112999999999829, 0, , , 3292.112999999999829, 1, , , 3292.112999999999829, 1, , , 3292.112999999999829, 0
, , 3292.1179999999999382, 0, , , 3292.1179999999999382, 1, , , 3292.1179999999999382, 1, , , 3292.1179999999999382, 0
, , 3292.1239999999997963, 0, , , 3292.1239999999997963, 1, , , 3292.1239999999997963, 1, , , 3292.1239999999997963, 0
, , 3292.1280000000001564, 0, , , 3292.1280000000001564, 1, , , 3292.1280000000001564, 1, , , 3292.1280000000001564, 0
, , 3292.1329999999998108, 0, , , 3292.1329999999998108, 1, , , 3292.1329999999998108, 1, , , 3292.1329999999998108, 0
, , 3292.1390000000001237, 0, , , 3292.1390000000001237, 1, , , 3292.1390000000001237, 1, , , 3292.1390000000001237, 0
, , 3292.1430000000000291, 0, , , 3292.1430000000000291, 1, , , 3292.1430000000000291, 1, , , 3292.1430000000000291, 0
, , 3292.1480000000001382, 0, , , 3292.1480000000001382, 1, , , 3292.1480000000001382, 1, , , 3292.1480000000001382, 0
, , 3292.1529999999997926, 0, , , 3292.1529999999997926, 1, , , 3292.1529999999997926, 1, , , 3292.1529999999997926, 0
, , 3292.1579999999999018, 0, , , 3292.1579999999999018, 1, , , 3292.1579999999999018, 1, , , 3292.1579999999999018, 0
, , 3292.1649999999999636, 1, , , 3292.1649999999999636, 1, , , 3292.1649999999999636, 1, , , 3292.1649999999999636, 1
, , 3292.1680000000001201, 1, , , 3292.1680000000001201, 1, , , 3292.1680000000001201, 1, , , 3292.1680000000001201, 1
, , 3292.1729999999997744, 1, , , 3292.1729999999997744, 1, , , 3292.1729999999997744, 1, , , 3292.1729999999997744, 1
, , 3292.1790000000000873, 1, , , 3292.1790000000000873, 1, , , 3292.1790000000000873, 1, , , 3292.1790000000000873, 1
, , 3292.1840000000001965, 1, , , 3292.1840000000001965, 1, , , 3292.1840000000001965, 1, , , 3292.1840000000001965, 1
, , 3292.1880000000001019, 1, , , 3292.1880000000001019, 1, , , 3292.1880000000001019, 1, , , 3292.1880000000001019, 1
, , 3292.193000000000211, 1, , , 3292.193000000000211, 1, , , 3292.193000000000211, 1, , , 3292.193000000000211, 1
, , 3292.1979999999998654, 1, , , 3292.1979999999998654, 1, , , 3292.1979999999998654, 1, , , 3292.1979999999998654, 1
, , 3292.2029999999999745, 1, , , 3292.2029999999999745, 1, , , 3292.2029999999999745, 1, , , 3292.2029999999999745, 1
, , 3292.2089999999998327, 1, , , 3292.2089999999998327, 1, , , 3292.2089999999998327, 1, , , 3292.2089999999998327, 1
, , 3292.2130000000001928, 1, , , 3292.2130000000001928, 1, , , 3292.2130000000001928, 1, , , 3292.2130000000001928, 1
, , 3292.2199999999997999, 1, , , 3292.2199999999997999, 1, , , 3292.2199999999997999, 1, , , 3292.2199999999997999, 1
, , 3292.2229999999999563, 1, , , 3292.2229999999999563, 1, , , 3292.2229999999999563, 1, , , 3292.2229999999999563, 1
, , 3292.2280000000000655, 1, , , 3292.2280000000000655, 1, , , 3292.2280000000000655, 1, , , 3292.2280000000000655, 1
, , 3292.2330000000001746, 1, , , 3292.2330000000001746, 1, , , 3292.2330000000001746, 1, , , 3292.2330000000001746, 1
, , 3292.237999999999829, 1, , , 3292.237999999999829, 0, , , 3292.237999999999829, 0, , , 3292.237999999999829, 1
, , 3292.2440000000001419, 1, , , 3292.2440000000001419, 0, , , 3292.2440000000001419, 0, , , 3292.2440000000001419, 1
, , 3292.2480000000000473, 1, , , 3292.2480000000000473, 0, , , 3292.2480000000000473, 0, , , 3292.2480000000000473, 1
, , 3292.2539999999999054, 1, , , 3292.2539999999999054, 0, , , 3292.2539999999999054, 0, , , 3292.2539999999999054, 1
, , 3292.2579999999998108, 1, , , 3292.2579999999998108, 0, , , 3292.2579999999998108, 0, , , 3292.2579999999998108, 1
, , 3292.2640000000001237, 1, , , 3292.2640000000001237, 0, , , 3292.2640000000001237, 0, , , 3292.2640000000001237, 1
, , 3292.2680000000000291, 1, , , 3292.2680000000000291, 0, , , 3292.2680000000000291, 0, , , 3292.2680000000000291, 1
, , 3292.2730000000001382, 1, , , 3292.2730000000001382, 0, , , 3292.2730000000001382, 0, , , 3292.2730000000001382, 1
, , 3292.2809999999999491, 1, , , 3292.2809999999999491, 0, , , 3292.2809999999999491, 0, , , 3292.2809999999999491, 1
, , 3292.2829999999999018, 1, , , 3292.2829999999999018, 0, , , 3292.2829999999999018, 0, , , 3292.2829999999999018, 1
, , 3292.2880000000000109, 1, , , 3292.2880000000000109, 0, , , 3292.2880000000000109, 0, , , 3292.2880000000000109, 1
, , 3292.2930000000001201, 1, , , 3292.2930000000001201, 0, , , 3292.2930000000001201, 0, , , 3292.2930000000001201, 1
, , 3292.2979999999997744, 1, , , 3292.2979999999997744, 0, , , 3292.2979999999997744, 0, , , 3292.2979999999997744, 1
, , 3292.3040000000000873, 1, , , 3292.3040000000000873, 0, , , 3292.3040000000000873, 0, , , 3292.3040000000000873, 1
, , 3292.3079999999999927, 1, , , 3292.3079999999999927, 0, , , 3292.3079999999999927, 0, , , 3292.3079999999999927, 1
, , 3292.3130000000001019, 1, , , 3292.3130000000001019, 0, , , 3292.3130000000001019, 0, , , 3292.3130000000001019, 1
, , 3292.318000000000211, 1, , , 3292.318000000000211, 0, , , 3292.318000000000211, 0, , , 3292.318000000000211, 1
, , 3292.3240000000000691, 1, , , 3292.3240000000000691, 0, , , 3292.3240000000000691, 0, , , 3292.3240000000000691, 1
, , 3292.3279999999999745, 1, , , 3292.3279999999999745, 0, , , 3292.3279999999999745, 0, , , 3292.3279999999999745, 1
, , 3292.3339999999998327, 1, , , 3292.3339999999998327, 0, , , 3292.3339999999998327, 0, , , 3292.3339999999998327, 1
, , 3292.3380000000001928, 1, , , 3292.3380000000001928, 0, , , 3292.3380000000001928, 0, , , 3292.3380000000001928, 1
, , 3292.3429999999998472, 1, , , 3292.3429999999998472, 0, , , 3292.3429999999998472, 0, , , 3292.3429999999998472, 1
, , 3292.3490000000001601, 1, , , 3292.3490000000001601, 0, , , 3292.3490000000001601, 0, , , 3292.3490000000001601, 1
, , 3292.3530000000000655, 1, , , 3292.3530000000000655, 0, , , 3292.3530000000000655, 0, , , 3292.3530000000000655, 1
, , 3292.3589999999999236, 1, , , 3292.3589999999999236, 0, , , 3292.3589999999999236, 0, , , 3292.3589999999999236, 1
, , 3292.362999999999829, 1, , , 3292.362999999999829, 0, , , 3292.362999999999829, 0, , , 3292.362999999999829, 1
, , 3292.3679999999999382, 1, , , 3292.3679999999999382, 0, , , 3292.3679999999999382, 0, , , 3292.3679999999999382, 1
, , 3292.3730000000000473, 1, , , 3292.3730000000000473, 0, , , 3292.3730000000000473, 0, , , 3292.3730000000000473, 1
, , 3292.3780000000001564, 1, , , 3292.3780000000001564, 0, , , 3292.3780000000001564, 0, , , 3292.3780000000001564, 1
, , 3292.3829999999998108, 1, , , 3292.3829999999998108, 0, , , 3292.3829999999998108, 0, , , 3292.3829999999998108, 1
, , 3292.38799999999992, 1, , , 3292.38799999999992, 0, , , 3292.38799999999992, 0, , , 3292.38799999999992, 1
, , 3292.3930000000000291, 1, , , 3292.3930000000000291, 0, , , 3292.3930000000000291, 0, , , 3292.3930000000000291, 1
, , 3292.3980000000001382, 1, , , 3292.3980000000001382, 0, , , 3292.3980000000001382, 0, , , 3292.3980000000001382, 1
, , 3292.4050000000002001, 1, , , 3292.4050000000002001, 0, , , 3292.4050000000002001, 0, , , 3292.4050000000002001, 1
, , 3292.4079999999999018, 1, , , 3292.4079999999999018, 0, , , 3292.4079999999999018, 0, , , 3292.4079999999999018, 1
, , 3292.4130000000000109, 1, , , 3292.4130000000000109, 0, , , 3292.4130000000000109, 0, , , 3292.4130000000000109, 1
, , 3292.418999999999869, 1, , , 3292.418999999999869, 0, , , 3292.418999999999869, 0, , , 3292.418999999999869, 1
, , 3292.4229999999997744, 1, , , 3292.4229999999997744, 0, , , 3292.4229999999997744, 0, , , 3292.4229999999997744, 1
, , 3292.4279999999998836, 1, , , 3292.4279999999998836, 0, , , 3292.4279999999998836, 0, , , 3292.4279999999998836, 1
, , 3292.4329999999999927, 1, , , 3292.4329999999999927, 0, , , 3292.4329999999999927, 0, , , 3292.4329999999999927, 1
, , 3292.4380000000001019, 1, , , 3292.4380000000001019, 0, , , 3292.4380000000001019, 0, , , 3292.4380000000001019, 1
, , 3292.443000000000211, 1, , , 3292.443000000000211, 0, , , 3292.443000000000211, 0, , , 3292.443000000000211, 1
, , 3292.4490000000000691, 1, , , 3292.4490000000000691, 0, , , 3292.4490000000000691, 0, , , 3292.4490000000000691, 1
, , 3292.4540000000001783, 1, , , 3292.4540000000001783, 0, , , 3292.4540000000001783, 0, , , 3292.4540000000001783, 1
, , 3292.4589999999998327, 1, , , 3292.4589999999998327, 0, , , 3292.4589999999998327, 0, , , 3292.4589999999998327, 1
, , 3292.4639999999999418, 1, , , 3292.4639999999999418, 0, , , 3292.4639999999999418, 0, , , 3292.4639999999999418, 1
, , 3292.4679999999998472, 1, , , 3292.4679999999998472, 0, , , 3292.4679999999998472, 0, , , 3292.4679999999998472, 1
, , 3292.4729999999999563, 1, , , 3292.4729999999999563, 0, , , 3292.4729999999999563, 0, , , 3292.4729999999999563, 1
, , 3292.4800000000000182, 1, , , 3292.4800000000000182, 0, , , 3292.4800000000000182, 0, , , 3292.4800000000000182, 1
, , 3292.4830000000001746, 1, , , 3292.4830000000001746, 0, , , 3292.4830000000001746, 0, , , 3292.4830000000001746, 1
, , 3292.48700000000008, 1, , , 3292.48700000000008, 1, , , 3292.48700000000008, 1, , , 3292.48700000000008, 1
, , 3292.4929999999999382, 1, , , 3292.4929999999999382, 1, , , 3292.4929999999999382, 1, , , 3292.4929999999999382, 1
, , 3292.4989999999997963, 1, , , 3292.4989999999997963, 1, , , 3292.4989999999997963, 1, , , 3292.4989999999997963, 1
, , 3292.5050000000001091, 1, , , 3292.5050000000001091, 1, , , 3292.5050000000001091, 1, , , 3292.5050000000001091, 1
, , 3292.5079999999998108, 1, , , 3292.5079999999998108, 1, , , 3292.5079999999998108, 1, , , 3292.5079999999998108, 1
, , 3292.5149999999998727, 1, , , 3292.5149999999998727, 1, , , 3292.5149999999998727, 1, , , 3292.5149999999998727, 1
, , 3292.5180000000000291, 1, , , 3292.5180000000000291, 1, , , 3292.5180000000000291, 1, , , 3292.5180000000000291, 1
, , 3292.5230000000001382, 1, , , 3292.5230000000001382, 1, , , 3292.5230000000001382, 1, , , 3292.5230000000001382, 1
, , 3292.5289999999999964, 1, , , 3292.5289999999999964, 1, , , 3292.5289999999999964, 1, , , 3292.5289999999999964, 1
, , 3292.5329999999999018, 1, , , 3292.5329999999999018, 1, , , 3292.5329999999999018, 1, , , 3292.5329999999999018, 1
, , 3292.5390000000002146, 1, , , 3292.5390000000002146, 1, , , 3292.5390000000002146, 1, , , 3292.5390000000002146, 1
, , 3292.543999999999869, 1, , , 3292.543999999999869, 1, , , 3292.543999999999869, 1, , , 3292.543999999999869, 1
, , 3292.5489999999999782, 1, , , 3292.5489999999999782, 1, , , 3292.5489999999999782, 1, , , 3292.5489999999999782, 1
, , 3292.5529999999998836, 1, , , 3292.5529999999998836, 1, , , 3292.5529999999998836, 1, , , 3292.5529999999998836, 1
, , 3292.5579999999999927, 1, , , 3292.5579999999999927, 1, , , 3292.5579999999999927, 1, , , 3292.5579999999999927, 1
, , 3292.5630000000001019, 0, , , 3292.5630000000001019, 1, , , 3292.5630000000001019, 1, , , 3292.5630000000001019, 0
, , 3292.568000000000211, 0, , , 3292.568000000000211, 1, , , 3292.568000000000211, 1, , , 3292.568000000000211, 0
, , 3292.5729999999998654, 0, , , 3292.5729999999998654, 1, , , 3292.5729999999998654, 1, , , 3292.5729999999998654, 0
, , 3292.5790000000001783, 0, , , 3292.5790000000001783, 1, , , 3292.5790000000001783, 1, , , 3292.5790000000001783, 0
, , 3292.5830000000000837, 0, , , 3292.5830000000000837, 1, , , 3292.5830000000000837, 1, , , 3292.5830000000000837, 0
, , 3292.5889999999999418, 0, , , 3292.5889999999999418, 1, , , 3292.5889999999999418, 1, , , 3292.5889999999999418, 0
, , 3292.5929999999998472, 0, , , 3292.5929999999998472, 1, , , 3292.5929999999998472, 1, , , 3292.5929999999998472, 0
, , 3292.5979999999999563, 0, , , 3292.5979999999999563, 1, , , 3292.5979999999999563, 1, , , 3292.5979999999999563, 0
, , 3292.6030000000000655, 0, , , 3292.6030000000000655, 1, , , 3292.6030000000000655, 1, , , 3292.6030000000000655, 0
, , 3292.6089999999999236, 0, , , 3292.6089999999999236, 1, , , 3292.6089999999999236, 1, , , 3292.6089999999999236, 0
, , 3292.612999999999829, 0, , , 3292.612999999999829, 1, , , 3292.612999999999829, 1, , , 3292.612999999999829, 0
, , 3292.6179999999999382, 0, , , 3292.6179999999999382, 1, , , 3292.6179999999999382, 1, , , 3292.6179999999999382, 0
, , 3292.6230000000000473, 0, , , 3292.6230000000000473, 1, , , 3292.6230000000000473, 1, , , 3292.6230000000000473, 0
, , 3292.6289999999999054, 0, , , 3292.6289999999999054, 1, , , 3292.6289999999999054, 1, , , 3292.6289999999999054, 0
, , 3292.6329999999998108, 0, , , 3292.6329999999998108, 1, , , 3292.6329999999998108, 1, , , 3292.6329999999998108, 0
, , 3292.63799999999992, 0, , , 3292.63799999999992, 1, , , 3292.63799999999992, 1, , , 3292.63799999999992, 0
, , 3292.6439999999997781, 0, , , 3292.6439999999997781, 1, , , 3292.6439999999997781, 1, , , 3292.6439999999997781, 0
, , 3292.6480000000001382, 0, , , 3292.6480000000001382, 1, , , 3292.6480000000001382, 1, , , 3292.6480000000001382, 0
, , 3292.6520000000000437, 0, , , 3292.6520000000000437, 1, , , 3292.6520000000000437, 1, , , 3292.6520000000000437, 0
, , 3292.6579999999999018, 0, , , 3292.6579999999999018, 1, , , 3292.6579999999999018, 1, , , 3292.6579999999999018, 0
, , 3292.6630000000000109, 0, , , 3292.6630000000000109, 1, , , 3292.6630000000000109, 1, , , 3292.6630000000000109, 0
, , 3292.6680000000001201, 0, , , 3292.6680000000001201, 1, , , 3292.6680000000001201, 1, , , 3292.6680000000001201, 0
, , 3292.6729999999997744, 0, , , 3292.6729999999997744, 1, , , 3292.6729999999997744, 1, , , 3292.6729999999997744, 0
, , 3292.6750000000001819, 0, , , 3292.6750000000001819, 1, , , 3292.6750000000001819, 1, , , 3292.6750000000001819, 0
, , 3292.6840000000001965, 0, , , 3292.6840000000001965, 1, , , 3292.6840000000001965, 1, , , 3292.6840000000001965, 0
, , 3292.6880000000001019, 0, , , 3292.6880000000001019, 1, , , 3292.6880000000001019, 1, , , 3292.6880000000001019, 0
, , 3292.693000000000211, 0, , , 3292.693000000000211, 1, , , 3292.693000000000211, 1, , , 3292.693000000000211, 0
, , 3292.6979999999998654, 0, , , 3292.6979999999998654, 1, , , 3292.6979999999998654, 1, , , 3292.6979999999998654, 0
, , 3292.7029999999999745, 0, , , 3292.7029999999999745, 1, , , 3292.7029999999999745, 1, , , 3292.7029999999999745, 0
, , 3292.7080000000000837, 0, , , 3292.7080000000000837, 1, , , 3292.7080000000000837, 1, , , 3292.7080000000000837, 0
, , 3292.7119999999999891, 0, , , 3292.7119999999999891, 1, , , 3292.7119999999999891, 1, , , 3292.7119999999999891, 0
, , 3292.7179999999998472, 0, , , 3292.7179999999998472, 1, , , 3292.7179999999998472, 1, , , 3292.7179999999998472, 0
, , 3292.7240000000001601, 0, , , 3292.7240000000001601, 1, , , 3292.7240000000001601, 1, , , 3292.7240000000001601, 0
, , 3292.7280000000000655, 0, , , 3292.7280000000000655, 1, , , 3292.7280000000000655, 1, , , 3292.7280000000000655, 0
, , 3292.7330000000001746, 0, , , 3292.7330000000001746, 1, , , 3292.7330000000001746, 1, , , 3292.7330000000001746, 0
, , 3292.737999999999829, 0, , , 3292.737999999999829, 1, , , 3292.737999999999829, 1, , , 3292.737999999999829, 0
, , 3292.7429999999999382, 0, , , 3292.7429999999999382, 1, , , 3292.7429999999999382, 1, , , 3292.7429999999999382, 0
, , 3292.7489999999997963, 0, , , 3292.7489999999997963, 1, , , 3292.7489999999997963, 1, , , 3292.7489999999997963, 0
, , 3292.7530000000001564, 0, , , 3292.7530000000001564, 1, , , 3292.7530000000001564, 1, , , 3292.7530000000001564, 0
, , 3292.7590000000000146, 0, , , 3292.7590000000000146, 1, , , 3292.7590000000000146, 1, , , 3292.7590000000000146, 0
, , 3292.76299999999992, 0, , , 3292.76299999999992, 1, , , 3292.76299999999992, 1, , , 3292.76299999999992, 0
, , 3292.7689999999997781, 0, , , 3292.7689999999997781, 1, , , 3292.7689999999997781, 1, , , 3292.7689999999997781, 0
, , 3292.7730000000001382, 0, , , 3292.7730000000001382, 1, , , 3292.7730000000001382, 1, , , 3292.7730000000001382, 0
, , 3292.7779999999997926, 0, , , 3292.7779999999997926, 1, , , 3292.7779999999997926, 1, , , 3292.7779999999997926, 0
, , 3292.7829999999999018, 0, , , 3292.7829999999999018, 1, , , 3292.7829999999999018, 1, , , 3292.7829999999999018, 0
, , 3292.7880000000000109, 0, , , 3292.7880000000000109, 1, , , 3292.7880000000000109, 1, , , 3292.7880000000000109, 0
, , 3292.7930000000001201, 0, , , 3292.7930000000001201, 1, , , 3292.7930000000001201, 1, , , 3292.7930000000001201, 0
, , 3292.7979999999997744, 0, , , 3292.7979999999997744, 1, , , 3292.7979999999997744, 1, , , 3292.7979999999997744, 0
, , 3292.8029999999998836, 0, , , 3292.8029999999998836, 1, , , 3292.8029999999998836, 1, , , 3292.8029999999998836, 0
, , 3292.8079999999999927, 0, , , 3292.8079999999999927, 1, , , 3292.8079999999999927, 1, , , 3292.8079999999999927, 0
, , 3292.8119999999998981, 1, , , 3292.8119999999998981, 1, , , 3292.8119999999998981, 1, , , 3292.8119999999998981, 1
, , 3292.81899999999996, 1, , , 3292.81899999999996, 1, , , 3292.81899999999996, 1, , , 3292.81899999999996, 1
, , 3292.8229999999998654, 1, , , 3292.8229999999998654, 1, , , 3292.8229999999998654, 1, , , 3292.8229999999998654, 1
, , 3292.8279999999999745, 1, , , 3292.8279999999999745, 1, , , 3292.8279999999999745, 1, , , 3292.8279999999999745, 1
, , 3292.8350000000000364, 1, , , 3292.8350000000000364, 1, , , 3292.8350000000000364, 1, , , 3292.8350000000000364, 1
, , 3292.8369999999999891, 1, , , 3292.8369999999999891, 1, , , 3292.8369999999999891, 1, , , 3292.8369999999999891, 1
, , 3292.8440000000000509, 1, , , 3292.8440000000000509, 1, , , 3292.8440000000000509, 1, , , 3292.8440000000000509, 1
, , 3292.8479999999999563, 1, , , 3292.8479999999999563, 1, , , 3292.8479999999999563, 1, , , 3292.8479999999999563, 1
, , 3292.8539999999998145, 1, , , 3292.8539999999998145, 1, , , 3292.8539999999998145, 1, , , 3292.8539999999998145, 1
, , 3292.8580000000001746, 1, , , 3292.8580000000001746, 1, , , 3292.8580000000001746, 1, , , 3292.8580000000001746, 1
, , 3292.862999999999829, 1, , , 3292.862999999999829, 1, , , 3292.862999999999829, 1, , , 3292.862999999999829, 1
, , 3292.8679999999999382, 1, , , 3292.8679999999999382, 1, , , 3292.8679999999999382, 1, , , 3292.8679999999999382, 1
, , 3292.8739999999997963, 1, , , 3292.8739999999997963, 1, , , 3292.8739999999997963, 1, , , 3292.8739999999997963, 1
, , 3292.8780000000001564, 1, , , 3292.8780000000001564, 1, , , 3292.8780000000001564, 1, , , 3292.8780000000001564, 1
, , 3292.8840000000000146, 1, , , 3292.8840000000000146, 1, , , 3292.8840000000000146, 1, , , 3292.8840000000000146, 1
, , 3292.8890000000001237, 1, , , 3292.8890000000001237, 0, , , 3292.8890000000001237, 0, , , 3292.8890000000001237, 1
, , 3292.8930000000000291, 1, , , 3292.8930000000000291, 0, , , 3292.8930000000000291, 0, , , 3292.8930000000000291, 1
, , 3292.8969999999999345, 1, , , 3292.8969999999999345, 0, , , 3292.8969999999999345, 0, , , 3292.8969999999999345, 1
, , 3292.9029999999997926, 1, , , 3292.9029999999997926, 0, , , 3292.9029999999997926, 0, , , 3292.9029999999997926, 1
, , 3292.9079999999999018, 1, , , 3292.9079999999999018, 0, , , 3292.9079999999999018, 0, , , 3292.9079999999999018, 1
, , 3292.9130000000000109, 1, , , 3292.9130000000000109, 0, , , 3292.9130000000000109, 0, , , 3292.9130000000000109, 1
, , 3292.9180000000001201, 1, , , 3292.9180000000001201, 0, , , 3292.9180000000001201, 0, , , 3292.9180000000001201, 1
, , 3292.9229999999997744, 1, , , 3292.9229999999997744, 0, , , 3292.9229999999997744, 0, , , 3292.9229999999997744, 1
, , 3292.9279999999998836, 1, , , 3292.9279999999998836, 0, , , 3292.9279999999998836, 0, , , 3292.9279999999998836, 1
, , 3292.9329999999999927, 1, , , 3292.9329999999999927, 0, , , 3292.9329999999999927, 0, , , 3292.9329999999999927, 1
, , 3292.9380000000001019, 1, , , 3292.9380000000001019, 0, , , 3292.9380000000001019, 0, , , 3292.9380000000001019, 1
, , 3292.943000000000211, 1, , , 3292.943000000000211, 0, , , 3292.943000000000211, 0, , , 3292.943000000000211, 1
, , 3292.9479999999998654, 1, , , 3292.9479999999998654, 0, , , 3292.9479999999998654, 0, , , 3292.9479999999998654, 1
, , 3292.9529999999999745, 1, , , 3292.9529999999999745, 0, , , 3292.9529999999999745, 0, , , 3292.9529999999999745, 1
, , 3292.9580000000000837, 1, , , 3292.9580000000000837, 0, , , 3292.9580000000000837, 0, , , 3292.9580000000000837, 1
, , 3292.9630000000001928, 1, , , 3292.9630000000001928, 0, , , 3292.9630000000001928, 0, , , 3292.9630000000001928, 1
, , 3292.9679999999998472, 1, , , 3292.9679999999998472, 0, , , 3292.9679999999998472, 0, , , 3292.9679999999998472, 1
, , 3292.9729999999999563, 1, , , 3292.9729999999999563, 0, , , 3292.9729999999999563, 0, , , 3292.9729999999999563, 1
, , 3292.9789999999998145, 1, , , 3292.9789999999998145, 0, , , 3292.9789999999998145, 0, , , 3292.9789999999998145, 1
, , 3292.9830000000001746, 1, , , 3292.9830000000001746, 0, , , 3292.9830000000001746, 0, , , 3292.9830000000001746, 1
, , 3292.987999999999829, 1, , , 3292.987999999999829, 0, , , 3292.987999999999829, 0, , , 3292.987999999999829, 1
, , 3292.9929999999999382, 1, , , 3292.9929999999999382, 0, , , 3292.9929999999999382, 0, , , 3292.9929999999999382, 1
, , 3293.0039999999999054, 1, , , 3293.0039999999999054, 0, , , 3293.0039999999999054, 0, , , 3293.0039999999999054, 1
, , 3293.0050000000001091, 1, , , 3293.0050000000001091, 0, , , 3293.0050000000001091, 0, , , 3293.0050000000001091, 1
, , 3293.0079999999998108, 1, , , 3293.0079999999998108, 0, , , 3293.0079999999998108, 0, , , 3293.0079999999998108, 1
, , 3293.01299999999992, 1, , , 3293.01299999999992, 0, , , 3293.01299999999992, 0, , , 3293.01299999999992, 1
, , 3293.0180000000000291, 1, , , 3293.0180000000000291, 0, , , 3293.0180000000000291, 0, , , 3293.0180000000000291, 1
, , 3293.0230000000001382, 1, , , 3293.0230000000001382, 0, , , 3293.0230000000001382, 0, , , 3293.0230000000001382, 1
, , 3293.0289999999999964, 1, , , 3293.0289999999999964, 0, , , 3293.0289999999999964, 0, , , 3293.0289999999999964, 1
, , 3293.0329999999999018, 1, , , 3293.0329999999999018, 0, , , 3293.0329999999999018, 0, , , 3293.0329999999999018, 1
, , 3293.0380000000000109, 1, , , 3293.0380000000000109, 0, , , 3293.0380000000000109, 0, , , 3293.0380000000000109, 1
, , 3293.0430000000001201, 1, , , 3293.0430000000001201, 0, , , 3293.0430000000001201, 0, , , 3293.0430000000001201, 1
, , 3293.0479999999997744, 1, , , 3293.0479999999997744, 0, , , 3293.0479999999997744, 0, , , 3293.0479999999997744, 1
, , 3293.0540000000000873, 1, , , 3293.0540000000000873, 0, , , 3293.0540000000000873, 0, , , 3293.0540000000000873, 1
, , 3293.0579999999999927, 1, , , 3293.0579999999999927, 0, , , 3293.0579999999999927, 0, , , 3293.0579999999999927, 1
, , 3293.0630000000001019, 1, , , 3293.0630000000001019, 0, , , 3293.0630000000001019, 0, , , 3293.0630000000001019, 1
, , 3293.068000000000211, 1, , , 3293.068000000000211, 0, , , 3293.068000000000211, 0, , , 3293.068000000000211, 1
, , 3293.0729999999998654, 1, , , 3293.0729999999998654, 0, , , 3293.0729999999998654, 0, , , 3293.0729999999998654, 1
, , 3293.0790000000001783, 1, , , 3293.0790000000001783, 0, , , 3293.0790000000001783, 0, , , 3293.0790000000001783, 1
, , 3293.0830000000000837, 1, , , 3293.0830000000000837, 0, , , 3293.0830000000000837, 0, , , 3293.0830000000000837, 1
, , 3293.0889999999999418, 1, , , 3293.0889999999999418, 0, , , 3293.0889999999999418, 0, , , 3293.0889999999999418, 1
, , 3293.0929999999998472, 1, , , 3293.0929999999998472, 0, , , 3293.0929999999998472, 0, , , 3293.0929999999998472, 1
, , 3293.0990000000001601, 1, , , 3293.0990000000001601, 0, , , 3293.0990000000001601, 0, , , 3293.0990000000001601, 1
, , 3293.1030000000000655, 1, , , 3293.1030000000000655, 0, , , 3293.1030000000000655, 0, , , 3293.1030000000000655, 1
, , 3293.1089999999999236, 1, , , 3293.1089999999999236, 0, , , 3293.1089999999999236, 0, , , 3293.1089999999999236, 1
, , 3293.112999999999829, 1, , , 3293.112999999999829, 0, , , 3293.112999999999829, 0, , , 3293.112999999999829, 1
, , 3293.1179999999999382, 1, , , 3293.1179999999999382, 0, , , 3293.1179999999999382, 0, , , 3293.1179999999999382, 1
, , 3293.1230000000000473, 1, , , 3293.1230000000000473, 0, , , 3293.1230000000000473, 0, , , 3293.1230000000000473, 1
, , 3293.1269999999999527, 1, , , 3293.1269999999999527, 0, , , 3293.1269999999999527, 0, , , 3293.1269999999999527, 1
, , 3293.1329999999998108, 1, , , 3293.1329999999998108, 0, , , 3293.1329999999998108, 0, , , 3293.1329999999998108, 1
, , 3293.13799999999992, 1, , , 3293.13799999999992, 1, , , 3293.13799999999992, 1, , , 3293.13799999999992, 1
, , 3293.1439999999997781, 1, , , 3293.1439999999997781, 1, , , 3293.1439999999997781, 1, , , 3293.1439999999997781, 1
, , 3293.1480000000001382, 1, , , 3293.1480000000001382, 1, , , 3293.1480000000001382, 1, , , 3293.1480000000001382, 1
, , 3293.1539999999999964, 1, , , 3293.1539999999999964, 1, , , 3293.1539999999999964, 1, , , 3293.1539999999999964, 1
, , 3293.1579999999999018, 1, , , 3293.1579999999999018, 1, , , 3293.1579999999999018, 1, , , 3293.1579999999999018, 1
, , 3293.1649999999999636, 1, , , 3293.1649999999999636, 1, , , 3293.1649999999999636, 1, , , 3293.1649999999999636, 1
, , 3293.1680000000001201, 1, , , 3293.1680000000001201, 1, , , 3293.1680000000001201, 1, , , 3293.1680000000001201, 1
, , 3293.1739999999999782, 1, , , 3293.1739999999999782, 1, , , 3293.1739999999999782, 1, , , 3293.1739999999999782, 1
, , 3293.1779999999998836, 1, , , 3293.1779999999998836, 1, , , 3293.1779999999998836, 1, , , 3293.1779999999998836, 1
, , 3293.1840000000001965, 1, , , 3293.1840000000001965, 1, , , 3293.1840000000001965, 1, , , 3293.1840000000001965, 1
, , 3293.1889999999998508, 1, , , 3293.1889999999998508, 1, , , 3293.1889999999998508, 1, , , 3293.1889999999998508, 1
, , 3293.193000000000211, 1, , , 3293.193000000000211, 1, , , 3293.193000000000211, 1, , , 3293.193000000000211, 1
, , 3293.1979999999998654, 1, , , 3293.1979999999998654, 1, , , 3293.1979999999998654, 1, , , 3293.1979999999998654, 1
, , 3293.2029999999999745, 1, , , 3293.2029999999999745, 1, , , 3293.2029999999999745, 1, , , 3293.2029999999999745, 1
, , 3293.2080000000000837, 1, , , 3293.2080000000000837, 1, , , 3293.2080000000000837, 1, , , 3293.2080000000000837, 1
, , 3293.2130000000001928, 0, , , 3293.2130000000001928, 1, , , 3293.2130000000001928, 1, , , 3293.2130000000001928, 0
, , 3293.2190000000000509, 0, , , 3293.2190000000000509, 1, , , 3293.2190000000000509, 1, , , 3293.2190000000000509, 0
, , 3293.2229999999999563, 0, , , 3293.2229999999999563, 1, , , 3293.2229999999999563, 1, , , 3293.2229999999999563, 0
, , 3293.2280000000000655, 0, , , 3293.2280000000000655, 1, , , 3293.2280000000000655, 1, , , 3293.2280000000000655, 0
, , 3293.2330000000001746, 0, , , 3293.2330000000001746, 1, , , 3293.2330000000001746, 1, , , 3293.2330000000001746, 0
, , 3293.237999999999829, 0, , , 3293.237999999999829, 1, , , 3293.237999999999829, 1, , , 3293.237999999999829, 0
, , 3293.2440000000001419, 0, , , 3293.2440000000001419, 1, , , 3293.2440000000001419, 1, , , 3293.2440000000001419, 0
, , 3293.2480000000000473, 0, , , 3293.2480000000000473, 1, , , 3293.2480000000000473, 1, , , 3293.2480000000000473, 0
, , 3293.2539999999999054, 0, , , 3293.2539999999999054, 1, , , 3293.2539999999999054, 1, , , 3293.2539999999999054, 0
, , 3293.2570000000000618, 0, , , 3293.2570000000000618, 1, , , 3293.2570000000000618, 1, , , 3293.2570000000000618, 0
, , 3293.26299999999992, 0, , , 3293.26299999999992, 1, , , 3293.26299999999992, 1, , , 3293.26299999999992, 0
, , 3293.2680000000000291, 0, , , 3293.2680000000000291, 1, , , 3293.2680000000000291, 1, , , 3293.2680000000000291, 0
, , 3293.2730000000001382, 0, , , 3293.2730000000001382, 1, , , 3293.2730000000001382, 1, , , 3293.2730000000001382, 0
, , 3293.2779999999997926, 0, , , 3293.2779999999997926, 1, , , 3293.2779999999997926, 1, , , 3293.2779999999997926, 0
, , 3293.2829999999999018, 0, , , 3293.2829999999999018, 1, , , 3293.2829999999999018, 1, , , 3293.2829999999999018, 0
, , 3293.2880000000000109, 0, , , 3293.2880000000000109, 1, , , 3293.2880000000000109, 1, , , 3293.2880000000000109, 0
, , 3293.2930000000001201, 0, , , 3293.2930000000001201, 1, , , 3293.2930000000001201, 1, , , 3293.2930000000001201, 0
, , 3293.2979999999997744, 0, , , 3293.2979999999997744, 1, , , 3293.2979999999997744, 1, , , 3293.2979999999997744, 0
, , 3293.3029999999998836, 0, , , 3293.3029999999998836, 1, , , 3293.3029999999998836, 1, , , 3293.3029999999998836, 0
, , 3293.3079999999999927, 0, , , 3293.3079999999999927, 1, , , 3293.3079999999999927, 1, , , 3293.3079999999999927, 0
, , 3293.3130000000001019, 0, , , 3293.3130000000001019, 1, , , 3293.3130000000001019, 1, , , 3293.3130000000001019, 0
, , 3293.318000000000211, 0, , , 3293.318000000000211, 1, , , 3293.318000000000211, 1, , , 3293.318000000000211, 0
, , 3293.3229999999998654, 0, , , 3293.3229999999998654, 1, , , 3293.3229999999998654, 1, , , 3293.3229999999998654, 0
, , 3293.3290000000001783, 0, , , 3293.3290000000001783, 1, , , 3293.3290000000001783, 1, , , 3293.3290000000001783, 0
, , 3293.3330000000000837, 0, , , 3293.3330000000000837, 1, , , 3293.3330000000000837, 1, , , 3293.3330000000000837, 0
, , 3293.3380000000001928, 0, , , 3293.3380000000001928, 1, , , 3293.3380000000001928, 1, , , 3293.3380000000001928, 0
, , 3293.3429999999998472, 0, , , 3293.3429999999998472, 1, , , 3293.3429999999998472, 1, , , 3293.3429999999998472, 0
, , 3293.3479999999999563, 0, , , 3293.3479999999999563, 1, , , 3293.3479999999999563, 1, , , 3293.3479999999999563, 0
, , 3293.3530000000000655, 0, , , 3293.3530000000000655, 1, , , 3293.3530000000000655, 1, , , 3293.3530000000000655, 0
, , 3293.3580000000001746, 0, , , 3293.3580000000001746, 1, , , 3293.3580000000001746, 1, , , 3293.3580000000001746, 0
, , 3293.362999999999829, 0, , , 3293.362999999999829, 1, , , 3293.362999999999829, 1, , , 3293.362999999999829, 0
, , 3293.3679999999999382, 0, , , 3293.3679999999999382, 1, , , 3293.3679999999999382, 1, , , 3293.3679999999999382, 0
, , 3293.3730000000000473, 0, , , 3293.3730000000000473, 1, , , 3293.3730000000000473, 1, , , 3293.3730000000000473, 0
, , 3293.3789999999999054, 0, , , 3293.3789999999999054, 1, , , 3293.3789999999999054, 1, , , 3293.3789999999999054, 0
, , 3293.3809999999998581, 0, , , 3293.3809999999998581, 1, , , 3293.3809999999998581, 1, , , 3293.3809999999998581, 0
, , 3293.38799999999992, 0, , , 3293.38799999999992, 1, , , 3293.38799999999992, 1, , , 3293.38799999999992, 0
, , 3293.3930000000000291, 0, , , 3293.3930000000000291, 1, , , 3293.3930000000000291, 1, , , 3293.3930000000000291, 0
, , 3293.3980000000001382, 0, , , 3293.3980000000001382, 1, , , 3293.3980000000001382, 1, , , 3293.3980000000001382, 0
, , 3293.4029999999997926, 0, , , 3293.4029999999997926, 1, , , 3293.4029999999997926, 1, , , 3293.4029999999997926, 0
, , 3293.4079999999999018, 0, , , 3293.4079999999999018, 1, , , 3293.4079999999999018, 1, , , 3293.4079999999999018, 0
, , 3293.4130000000000109, 0, , , 3293.4130000000000109, 1, , , 3293.4130000000000109, 1, , , 3293.4130000000000109, 0
, , 3293.4180000000001201, 0, , , 3293.4180000000001201, 1, , , 3293.4180000000001201, 1, , , 3293.4180000000001201, 0
, , 3293.4229999999997744, 0, , , 3293.4229999999997744, 1, , , 3293.4229999999997744, 1, , , 3293.4229999999997744, 0
, , 3293.4279999999998836, 0, , , 3293.4279999999998836, 1, , , 3293.4279999999998836, 1, , , 3293.4279999999998836, 0
, , 3293.4329999999999927, 0, , , 3293.4329999999999927, 1, , , 3293.4329999999999927, 1, , , 3293.4329999999999927, 0
, , 3293.4380000000001019, 0, , , 3293.4380000000001019, 1, , , 3293.4380000000001019, 1, , , 3293.4380000000001019, 0
, , 3293.44399999999996, 0, , , 3293.44399999999996, 1, , , 3293.44399999999996, 1, , , 3293.44399999999996, 0
, , 3293.4490000000000691, 0, , , 3293.4490000000000691, 1, , , 3293.4490000000000691, 1, , , 3293.4490000000000691, 0
, , 3293.4529999999999745, 0, , , 3293.4529999999999745, 1, , , 3293.4529999999999745, 1, , , 3293.4529999999999745, 0
, , 3293.4589999999998327, 0, , , 3293.4589999999998327, 1, , , 3293.4589999999998327, 1, , , 3293.4589999999998327, 0
, , 3293.4619999999999891, 1, , , 3293.4619999999999891, 1, , , 3293.4619999999999891, 1, , , 3293.4619999999999891, 1
, , 3293.4670000000000982, 1, , , 3293.4670000000000982, 1, , , 3293.4670000000000982, 1, , , 3293.4670000000000982, 1
, , 3293.4729999999999563, 1, , , 3293.4729999999999563, 1, , , 3293.4729999999999563, 1, , , 3293.4729999999999563, 1
, , 3293.4780000000000655, 1, , , 3293.4780000000000655, 1, , , 3293.4780000000000655, 1, , , 3293.4780000000000655, 1
, , 3293.4830000000001746, 1, , , 3293.4830000000001746, 1, , , 3293.4830000000001746, 1, , , 3293.4830000000001746, 1
, , 3293.4890000000000327, 1, , , 3293.4890000000000327, 1, , , 3293.4890000000000327, 1, , , 3293.4890000000000327, 1
, , 3293.4929999999999382, 1, , , 3293.4929999999999382, 1, , , 3293.4929999999999382, 1, , , 3293.4929999999999382, 1
, , 3293.4980000000000473, 1, , , 3293.4980000000000473, 1, , , 3293.4980000000000473, 1, , , 3293.4980000000000473, 1
, , 3293.5019999999999527, 1, , , 3293.5019999999999527, 1, , , 3293.5019999999999527, 1, , , 3293.5019999999999527, 1
, , 3293.5079999999998108, 1, , , 3293.5079999999998108, 1, , , 3293.5079999999998108, 1, , , 3293.5079999999998108, 1
, , 3293.51299999999992, 1, , , 3293.51299999999992, 1, , , 3293.51299999999992, 1, , , 3293.51299999999992, 1
, , 3293.5180000000000291, 1, , , 3293.5180000000000291, 1, , , 3293.5180000000000291, 1, , , 3293.5180000000000291, 1
, , 3293.5239999999998872, 1, , , 3293.5239999999998872, 1, , , 3293.5239999999998872, 1, , , 3293.5239999999998872, 1
, , 3293.5279999999997926, 1, , , 3293.5279999999997926, 1, , , 3293.5279999999997926, 1, , , 3293.5279999999997926, 1
, , 3293.5329999999999018, 1, , , 3293.5329999999999018, 1, , , 3293.5329999999999018, 1, , , 3293.5329999999999018, 1
, , 3293.5390000000002146, 1, , , 3293.5390000000002146, 0, , , 3293.5390000000002146, 0, , , 3293.5390000000002146, 1
, , 3293.5430000000001201, 1, , , 3293.5430000000001201, 0, , , 3293.5430000000001201, 0, , , 3293.5430000000001201, 1
, , 3293.5479999999997744, 1, , , 3293.5479999999997744, 0, , , 3293.5479999999997744, 0, , , 3293.5479999999997744, 1
, , 3293.5529999999998836, 1, , , 3293.5529999999998836, 0, , , 3293.5529999999998836, 0, , , 3293.5529999999998836, 1
, , 3293.556999999999789, 1, , , 3293.556999999999789, 0, , , 3293.556999999999789, 0, , , 3293.556999999999789, 1
, , 3293.5639999999998508, 1, , , 3293.5639999999998508, 0, , , 3293.5639999999998508, 0, , , 3293.5639999999998508, 1
, , 3293.5700000000001637, 1, , , 3293.5700000000001637, 0, , , 3293.5700000000001637, 0, , , 3293.5700000000001637, 1
, , 3293.5729999999998654, 1, , , 3293.5729999999998654, 0, , , 3293.5729999999998654, 0, , , 3293.5729999999998654, 1
, , 3293.5790000000001783, 1, , , 3293.5790000000001783, 0, , , 3293.5790000000001783, 0, , , 3293.5790000000001783, 1
, , 3293.5830000000000837, 1, , , 3293.5830000000000837, 0, , , 3293.5830000000000837, 0, , , 3293.5830000000000837, 1
, , 3293.5880000000001928, 1, , , 3293.5880000000001928, 0, , , 3293.5880000000001928, 0, , , 3293.5880000000001928, 1
, , 3293.5940000000000509, 1, , , 3293.5940000000000509, 0, , , 3293.5940000000000509, 0, , , 3293.5940000000000509, 1
, , 3293.5979999999999563, 1, , , 3293.5979999999999563, 0, , , 3293.5979999999999563, 0, , , 3293.5979999999999563, 1
, , 3293.6030000000000655, 1, , , 3293.6030000000000655, 0, , , 3293.6030000000000655, 0, , , 3293.6030000000000655, 1
, , 3293.6080000000001746, 1, , , 3293.6080000000001746, 0, , , 3293.6080000000001746, 0, , , 3293.6080000000001746, 1
, , 3293.612999999999829, 1, , , 3293.612999999999829, 0, , , 3293.612999999999829, 0, , , 3293.612999999999829, 1
, , 3293.6190000000001419, 1, , , 3293.6190000000001419, 0, , , 3293.6190000000001419, 0, , , 3293.6190000000001419, 1
, , 3293.6219999999998436, 1, , , 3293.6219999999998436, 0, , , 3293.6219999999998436, 0, , , 3293.6219999999998436, 1
, , 3293.6280000000001564, 1, , , 3293.6280000000001564, 0, , , 3293.6280000000001564, 0, , , 3293.6280000000001564, 1
, , 3293.6329999999998108, 1, , , 3293.6329999999998108, 0, , , 3293.6329999999998108, 0, , , 3293.6329999999998108, 1
, , 3293.63799999999992, 1, , , 3293.63799999999992, 0, , , 3293.63799999999992, 0, , , 3293.63799999999992, 1
, , 3293.6439999999997781, 1, , , 3293.6439999999997781, 0, , , 3293.6439999999997781, 0, , , 3293.6439999999997781, 1
, , 3293.6480000000001382, 1, , , 3293.6480000000001382, 0, , , 3293.6480000000001382, 0, , , 3293.6480000000001382, 1
, , 3293.6529999999997926, 1, , , 3293.6529999999997926, 0, , , 3293.6529999999997926, 0, , , 3293.6529999999997926, 1
, , 3293.6579999999999018, 1, , , 3293.6579999999999018, 0, , , 3293.6579999999999018, 0, , , 3293.6579999999999018, 1
, , 3293.6640000000002146, 1, , , 3293.6640000000002146, 0, , , 3293.6640000000002146, 0, , , 3293.6640000000002146, 1
, , 3293.6680000000001201, 1, , , 3293.6680000000001201, 0, , , 3293.6680000000001201, 0, , , 3293.6680000000001201, 1
, , 3293.6729999999997744, 1, , , 3293.6729999999997744, 0, , , 3293.6729999999997744, 0, , , 3293.6729999999997744, 1
, , 3293.6779999999998836, 1, , , 3293.6779999999998836, 0, , , 3293.6779999999998836, 0, , , 3293.6779999999998836, 1
, , 3293.681999999999789, 1, , , 3293.681999999999789, 0, , , 3293.681999999999789, 0, , , 3293.681999999999789, 1
, , 3293.6869999999998981, 1, , , 3293.6869999999998981, 0, , , 3293.6869999999998981, 0, , , 3293.6869999999998981, 1
, , 3293.693000000000211, 1, , , 3293.693000000000211, 0, , , 3293.693000000000211, 0, , , 3293.693000000000211, 1
, , 3293.6979999999998654, 1, , , 3293.6979999999998654, 0, , , 3293.6979999999998654, 0, , , 3293.6979999999998654, 1
, , 3293.7029999999999745, 1, , , 3293.7029999999999745, 0, , , 3293.7029999999999745, 0, , , 3293.7029999999999745, 1
, , 3293.7080000000000837, 1, , , 3293.7080000000000837, 0, , , 3293.7080000000000837, 0, , , 3293.7080000000000837, 1
, , 3293.7130000000001928, 1, , , 3293.7130000000001928, 0, , , 3293.7130000000001928, 0, , , 3293.7130000000001928, 1
, , 3293.7179999999998472, 1, , , 3293.7179999999998472, 0, , , 3293.7179999999998472, 0, , , 3293.7179999999998472, 1
, , 3293.7229999999999563, 1, , , 3293.7229999999999563, 0, , , 3293.7229999999999563, 0, , , 3293.7229999999999563, 1
, , 3293.7280000000000655, 1, , , 3293.7280000000000655, 0, , , 3293.7280000000000655, 0, , , 3293.7280000000000655, 1
, , 3293.7330000000001746, 1, , , 3293.7330000000001746, 0, , , 3293.7330000000001746, 0, , , 3293.7330000000001746, 1
, , 3293.737999999999829, 1, , , 3293.737999999999829, 0, , , 3293.737999999999829, 0, , , 3293.737999999999829, 1
, , 3293.7429999999999382, 1, , , 3293.7429999999999382, 0, , , 3293.7429999999999382, 0, , , 3293.7429999999999382, 1
, , 3293.7489999999997963, 1, , , 3293.7489999999997963, 0, , , 3293.7489999999997963, 0, , , 3293.7489999999997963, 1
, , 3293.7530000000001564, 1, , , 3293.7530000000001564, 0, , , 3293.7530000000001564, 0, , , 3293.7530000000001564, 1
, , 3293.7590000000000146, 1, , , 3293.7590000000000146, 0, , , 3293.7590000000000146, 0, , , 3293.7590000000000146, 1
, , 3293.76299999999992, 1, , , 3293.76299999999992, 0, , , 3293.76299999999992, 0, , , 3293.76299999999992, 1
, , 3293.7680000000000291, 1, , , 3293.7680000000000291, 0, , , 3293.7680000000000291, 0, , , 3293.7680000000000291, 1
, , 3293.7730000000001382, 1, , , 3293.7730000000001382, 0, , , 3293.7730000000001382, 0, , , 3293.7730000000001382, 1
, , 3293.7779999999997926, 1, , , 3293.7779999999997926, 0, , , 3293.7779999999997926, 0, , , 3293.7779999999997926, 1
, , 3293.7820000000001528, 1, , , 3293.7820000000001528, 0, , , 3293.7820000000001528, 0, , , 3293.7820000000001528, 1
, , 3293.7880000000000109, 1, , , 3293.7880000000000109, 1, , , 3293.7880000000000109, 1, , , 3293.7880000000000109, 1
, , 3293.7930000000001201, 1, , , 3293.7930000000001201, 1, , , 3293.7930000000001201, 1, , , 3293.7930000000001201, 1
, , 3293.7979999999997744, 1, , , 3293.7979999999997744, 1, , , 3293.7979999999997744, 1, , , 3293.7979999999997744, 1
, , 3293.8029999999998836, 1, , , 3293.8029999999998836, 1, , , 3293.8029999999998836, 1, , , 3293.8029999999998836, 1
, , 3293.8090000000001965, 1, , , 3293.8090000000001965, 1, , , 3293.8090000000001965, 1, , , 3293.8090000000001965, 1
, , 3293.8130000000001019, 1, , , 3293.8130000000001019, 1, , , 3293.8130000000001019, 1, , , 3293.8130000000001019, 1
, , 3293.818000000000211, 1, , , 3293.818000000000211, 1, , , 3293.818000000000211, 1, , , 3293.818000000000211, 1
, , 3293.8240000000000691, 1, , , 3293.8240000000000691, 1, , , 3293.8240000000000691, 1, , , 3293.8240000000000691, 1
, , 3293.8279999999999745, 1, , , 3293.8279999999999745, 1, , , 3293.8279999999999745, 1, , , 3293.8279999999999745, 1
, , 3293.8330000000000837, 1, , , 3293.8330000000000837, 1, , , 3293.8330000000000837, 1, , , 3293.8330000000000837, 1
, , 3293.8380000000001928, 1, , , 3293.8380000000001928, 1, , , 3293.8380000000001928, 1, , , 3293.8380000000001928, 1
, , 3293.8429999999998472, 1, , , 3293.8429999999998472, 1, , , 3293.8429999999998472, 1, , , 3293.8429999999998472, 1
, , 3293.8490000000001601, 1, , , 3293.8490000000001601, 1, , , 3293.8490000000001601, 1, , , 3293.8490000000001601, 1
, , 3293.8539999999998145, 1, , , 3293.8539999999998145, 1, , , 3293.8539999999998145, 1, , , 3293.8539999999998145, 1
, , 3293.8589999999999236, 1, , , 3293.8589999999999236, 1, , , 3293.8589999999999236, 1, , , 3293.8589999999999236, 1
, , 3293.8640000000000327, 1, , , 3293.8640000000000327, 1, , , 3293.8640000000000327, 1, , , 3293.8640000000000327, 1
, , 3293.8679999999999382, 1, , , 3293.8679999999999382, 1, , , 3293.8679999999999382, 1, , , 3293.8679999999999382, 1
, , 3293.8730000000000473, 1, , , 3293.8730000000000473, 1, , , 3293.8730000000000473, 1, , , 3293.8730000000000473, 1
, , 3293.8780000000001564, 1, , , 3293.8780000000001564, 1, , , 3293.8780000000001564, 1, , , 3293.8780000000001564, 1
, , 3293.8840000000000146, 1, , , 3293.8840000000000146, 1, , , 3293.8840000000000146, 1, , , 3293.8840000000000146, 1
, , 3293.88799999999992, 1, , , 3293.88799999999992, 1, , , 3293.88799999999992, 1, , , 3293.88799999999992, 1
, , 3293.8930000000000291, 1, , , 3293.8930000000000291, 1, , , 3293.8930000000000291, 1, , , 3293.8930000000000291, 1
, , 3293.8980000000001382, 1, , , 3293.8980000000001382, 1, , , 3293.8980000000001382, 1, , , 3293.8980000000001382, 1
, , 3293.9029999999997926, 1, , , 3293.9029999999997926, 1, , , 3293.9029999999997926, 1, , , 3293.9029999999997926, 1
, , 3293.9079999999999018, 1, , , 3293.9079999999999018, 1, , , 3293.9079999999999018, 1, , , 3293.9079999999999018, 1
, , 3293.9130000000000109, 1, , , 3293.9130000000000109, 1, , , 3293.9130000000000109, 1, , , 3293.9130000000000109, 1
, , 3293.9180000000001201, 1, , , 3293.9180000000001201, 1, , , 3293.9180000000001201, 1, , , 3293.9180000000001201, 1
, , 3293.9229999999997744, 1, , , 3293.9229999999997744, 1, , , 3293.9229999999997744, 1, , , 3293.9229999999997744, 1
, , 3293.9279999999998836, 1, , , 3293.9279999999998836, 1, , , 3293.9279999999998836, 1, , , 3293.9279999999998836, 1
, , 3293.9329999999999927, 1, , , 3293.9329999999999927, 1, , , 3293.9329999999999927, 1, , , 3293.9329999999999927, 1
, , 3293.9380000000001019, 1, , , 3293.9380000000001019, 1, , , 3293.9380000000001019, 1, , , 3293.9380000000001019, 1
, , 3293.943000000000211, 1, , , 3293.943000000000211, 1, , , 3293.943000000000211, 1, , , 3293.943000000000211, 1
, , 3293.9479999999998654, 1, , , 3293.9479999999998654, 1, , , 3293.9479999999998654, 1, , , 3293.9479999999998654, 1
, , 3293.9540000000001783, 1, , , 3293.9540000000001783, 1, , , 3293.9540000000001783, 1, , , 3293.9540000000001783, 1
, , 3293.9580000000000837, 1, , , 3293.9580000000000837, 1, , , 3293.9580000000000837, 1, , , 3293.9580000000000837, 1
, , 3293.9630000000001928, 1, , , 3293.9630000000001928, 1, , , 3293.9630000000001928, 1, , , 3293.9630000000001928, 1
, , 3293.9679999999998472, 1, , , 3293.9679999999998472, 1, , , 3293.9679999999998472, 1, , , 3293.9679999999998472, 1
, , 3293.9740000000001601, 1, , , 3293.9740000000001601, 1, , , 3293.9740000000001601, 1, , , 3293.9740000000001601, 1
, , 3293.9780000000000655, 1, , , 3293.9780000000000655, 1, , , 3293.9780000000000655, 1, , , 3293.9780000000000655, 1
, , 3293.9830000000001746, 1, , , 3293.9830000000001746, 1, , , 3293.9830000000001746, 1, , , 3293.9830000000001746, 1
, , 3293.987999999999829, 1, , , 3293.987999999999829, 1, , , 3293.987999999999829, 1, , , 3293.987999999999829, 1
, , 3293.9929999999999382, 1, , , 3293.9929999999999382, 1, , , 3293.9929999999999382, 1, , , 3293.9929999999999382, 1
, , 3293.9980000000000473, 1, , , 3293.9980000000000473, 1, , , 3293.9980000000000473, 1, , , 3293.9980000000000473, 1
, , 3294.0030000000001564, 1, , , 3294.0030000000001564, 1, , , 3294.0030000000001564, 1, , , 3294.0030000000001564, 1
, , 3294.0090000000000146, 1, , , 3294.0090000000000146, 1, , , 3294.0090000000000146, 1, , , 3294.0090000000000146, 1
, , 3294.01299999999992, 1, , , 3294.01299999999992, 1, , , 3294.01299999999992, 1, , , 3294.01299999999992, 1
, , 3294.0180000000000291, 1, , , 3294.0180000000000291, 1, , , 3294.0180000000000291, 1, , , 3294.0180000000000291, 1
, , 3294.0230000000001382, 1, , , 3294.0230000000001382, 1, , , 3294.0230000000001382, 1, , , 3294.0230000000001382, 1
, , 3294.0279999999997926, 1, , , 3294.0279999999997926, 1, , , 3294.0279999999997926, 1, , , 3294.0279999999997926, 1
, , 3294.0329999999999018, 1, , , 3294.0329999999999018, 1, , , 3294.0329999999999018, 1, , , 3294.0329999999999018, 1
, , 3294.0380000000000109, 1, , , 3294.0380000000000109, 1, , , 3294.0380000000000109, 1, , , 3294.0380000000000109, 1
, , 3294.0430000000001201, 1, , , 3294.0430000000001201, 1, , , 3294.0430000000001201, 1, , , 3294.0430000000001201, 1
, , 3294.0479999999997744, 1, , , 3294.0479999999997744, 1, , , 3294.0479999999997744, 1, , , 3294.0479999999997744, 1
, , 3294.0529999999998836, 1, , , 3294.0529999999998836, 1, , , 3294.0529999999998836, 1, , , 3294.0529999999998836, 1
, , 3294.0579999999999927, 1, , , 3294.0579999999999927, 1, , , 3294.0579999999999927, 1, , , 3294.0579999999999927, 1
, , 3294.0630000000001019, 1, , , 3294.0630000000001019, 1, , , 3294.0630000000001019, 1, , , 3294.0630000000001019, 1
, , 3294.06899999999996, 1, , , 3294.06899999999996, 1, , , 3294.06899999999996, 1, , , 3294.06899999999996, 1
, , 3294.0729999999998654, 1, , , 3294.0729999999998654, 1, , , 3294.0729999999998654, 1, , , 3294.0729999999998654, 1
, , 3294.0779999999999745, 1, , , 3294.0779999999999745, 1, , , 3294.0779999999999745, 1, , , 3294.0779999999999745, 1
, , 3294.0839999999998327, 1, , , 3294.0839999999998327, 1, , , 3294.0839999999998327, 1, , , 3294.0839999999998327, 1
, , 3294.0880000000001928, 1, , , 3294.0880000000001928, 1, , , 3294.0880000000001928, 1, , , 3294.0880000000001928, 1
, , 3294.0929999999998472, 1, , , 3294.0929999999998472, 1, , , 3294.0929999999998472, 1, , , 3294.0929999999998472, 1
, , 3294.0970000000002074, 1, , , 3294.0970000000002074, 1, , , 3294.0970000000002074, 1, , , 3294.0970000000002074, 1
, , 3294.1030000000000655, 1, , , 3294.1030000000000655, 1, , , 3294.1030000000000655, 1, , , 3294.1030000000000655, 1
, , 3294.1080000000001746, 1, , , 3294.1080000000001746, 1, , , 3294.1080000000001746, 1, , , 3294.1080000000001746, 1
, , 3294.1140000000000327, 1, , , 3294.1140000000000327, 1, , , 3294.1140000000000327, 1, , , 3294.1140000000000327, 1
, , 3294.1190000000001419, 1, , , 3294.1190000000001419, 1, , , 3294.1190000000001419, 1, , , 3294.1190000000001419, 1
, , 3294.1230000000000473, 1, , , 3294.1230000000000473, 1, , , 3294.1230000000000473, 1, , , 3294.1230000000000473, 1
, , 3294.1280000000001564, 1, , , 3294.1280000000001564, 1, , , 3294.1280000000001564, 1, , , 3294.1280000000001564, 1
, , 3294.1329999999998108, 1, , , 3294.1329999999998108, 1, , , 3294.1329999999998108, 1, , , 3294.1329999999998108, 1
, , 3294.13799999999992, 1, , , 3294.13799999999992, 1, , , 3294.13799999999992, 1, , , 3294.13799999999992, 1
, , 3294.1430000000000291, 1, , , 3294.1430000000000291, 1, , , 3294.1430000000000291, 1, , , 3294.1430000000000291, 1
, , 3294.1489999999998872, 1, , , 3294.1489999999998872, 1, , , 3294.1489999999998872, 1, , , 3294.1489999999998872, 1
, , 3294.1529999999997926, 1, , , 3294.1529999999997926, 1, , , 3294.1529999999997926, 1, , , 3294.1529999999997926, 1
, , 3294.1590000000001055, 1, , , 3294.1590000000001055, 1, , , 3294.1590000000001055, 1, , , 3294.1590000000001055, 1
, , 3294.1630000000000109, 1, , , 3294.1630000000000109, 1, , , 3294.1630000000000109, 1, , , 3294.1630000000000109, 1
, , 3294.1680000000001201, 1, , , 3294.1680000000001201, 1, , , 3294.1680000000001201, 1, , , 3294.1680000000001201, 1
, , 3294.1729999999997744, 1, , , 3294.1729999999997744, 1, , , 3294.1729999999997744, 1, , , 3294.1729999999997744, 1
, , 3294.1779999999998836, 1, , , 3294.1779999999998836, 1, , , 3294.1779999999998836, 1, , , 3294.1779999999998836, 1
, , 3294.1840000000001965, 1, , , 3294.1840000000001965, 1, , , 3294.1840000000001965, 1, , , 3294.1840000000001965, 1
, , 3294.1889999999998508, 1, , , 3294.1889999999998508, 1, , , 3294.1889999999998508, 1, , , 3294.1889999999998508, 1
, , 3294.193000000000211, 1, , , 3294.193000000000211, 1, , , 3294.193000000000211, 1, , , 3294.193000000000211, 1
, , 3294.1979999999998654, 1, , , 3294.1979999999998654, 1, , , 3294.1979999999998654, 1, , , 3294.1979999999998654, 1
, , 3294.2029999999999745, 1, , , 3294.2029999999999745, 1, , , 3294.2029999999999745, 1, , , 3294.2029999999999745, 1
, , 3294.2080000000000837, 1, , , 3294.2080000000000837, 1, , , 3294.2080000000000837, 1, , , 3294.2080000000000837, 1
, , 3294.2139999999999418, 1, , , 3294.2139999999999418, 1, , , 3294.2139999999999418, 1, , , 3294.2139999999999418, 1
, , 3294.2179999999998472, 1, , , 3294.2179999999998472, 1, , , 3294.2179999999998472, 1, , , 3294.2179999999998472, 1
, , 3294.2229999999999563, 1, , , 3294.2229999999999563, 1, , , 3294.2229999999999563, 1, , , 3294.2229999999999563, 1
, , 3294.2280000000000655, 1, , , 3294.2280000000000655, 1, , , 3294.2280000000000655, 1, , , 3294.2280000000000655, 1
, , 3294.2339999999999236, 1, , , 3294.2339999999999236, 1, , , 3294.2339999999999236, 1, , , 3294.2339999999999236, 1
, , 3294.237999999999829, 1, , , 3294.237999999999829, 1, , , 3294.237999999999829, 1, , , 3294.237999999999829, 1
, , 3294.2429999999999382, 1, , , 3294.2429999999999382, 1, , , 3294.2429999999999382, 1, , , 3294.2429999999999382, 1
, , 3294.2480000000000473, 1, , , 3294.2480000000000473, 1, , , 3294.2480000000000473, 1, , , 3294.2480000000000473, 1
, , 3294.2530000000001564, 1, , , 3294.2530000000001564, 1, , , 3294.2530000000001564, 1, , , 3294.2530000000001564, 1
, , 3294.2579999999998108, 1, , , 3294.2579999999998108, 1, , , 3294.2579999999998108, 1, , , 3294.2579999999998108, 1
, , 3294.26299999999992, 1, , , 3294.26299999999992, 1, , , 3294.26299999999992, 1, , , 3294.26299999999992, 1
, , 3294.2680000000000291, 1, , , 3294.2680000000000291, 1, , , 3294.2680000000000291, 1, , , 3294.2680000000000291, 1
, , 3294.2730000000001382, 1, , , 3294.2730000000001382, 1, , , 3294.2730000000001382, 1, , , 3294.2730000000001382, 1
, , 3294.2789999999999964, 1, , , 3294.2789999999999964, 1, , , 3294.2789999999999964, 1, , , 3294.2789999999999964, 1
, , 3294.2829999999999018, 1, , , 3294.2829999999999018, 1, , , 3294.2829999999999018, 1, , , 3294.2829999999999018, 1
, , 3294.2880000000000109, 1, , , 3294.2880000000000109, 1, , , 3294.2880000000000109, 1, , , 3294.2880000000000109, 1
, , 3294.2930000000001201, 1, , , 3294.2930000000001201, 1, , , 3294.2930000000001201, 1, , , 3294.2930000000001201, 1
, , 3294.2979999999997744, 1, , , 3294.2979999999997744, 1, , , 3294.2979999999997744, 1, , , 3294.2979999999997744, 1
, , 3294.3029999999998836, 1, , , 3294.3029999999998836, 1, , , 3294.3029999999998836, 1, , , 3294.3029999999998836, 1
, , 3294.3090000000001965, 1, , , 3294.3090000000001965, 1, , , 3294.3090000000001965, 1, , , 3294.3090000000001965, 1
, , 3294.3130000000001019, 1, , , 3294.3130000000001019, 1, , , 3294.3130000000001019, 1, , , 3294.3130000000001019, 1
, , 3294.318000000000211, 1, , , 3294.318000000000211, 1, , , 3294.318000000000211, 1, , , 3294.318000000000211, 1
, , 3294.3229999999998654, 1, , , 3294.3229999999998654, 1, , , 3294.3229999999998654, 1, , , 3294.3229999999998654, 1
, , 3294.3290000000001783, 1, , , 3294.3290000000001783, 1, , , 3294.3290000000001783, 1, , , 3294.3290000000001783, 1
, , 3294.3330000000000837, 1, , , 3294.3330000000000837, 1, , , 3294.3330000000000837, 1, , , 3294.3330000000000837, 1
, , 3294.3380000000001928, 1, , , 3294.3380000000001928, 1, , , 3294.3380000000001928, 1, , , 3294.3380000000001928, 1
, , 3294.3429999999998472, 1, , , 3294.3429999999998472, 1, , , 3294.3429999999998472, 1, , , 3294.3429999999998472, 1
, , 3294.3490000000001601, 1, , , 3294.3490000000001601, 1, , , 3294.3490000000001601, 1, , , 3294.3490000000001601, 1
, , 3294.3530000000000655, 1, , , 3294.3530000000000655, 1, , , 3294.3530000000000655, 1, , , 3294.3530000000000655, 1
, , 3294.3580000000001746, 1, , , 3294.3580000000001746, 1, , , 3294.3580000000001746, 1, , , 3294.3580000000001746, 1
, , 3294.362999999999829, 1, , , 3294.362999999999829, 1, , , 3294.362999999999829, 1, , , 3294.362999999999829, 1
, , 3294.3679999999999382, 1, , , 3294.3679999999999382, 1, , , 3294.3679999999999382, 1, , , 3294.3679999999999382, 1
, , 3294.3730000000000473, 1, , , 3294.3730000000000473, 1, , , 3294.3730000000000473, 1, , , 3294.3730000000000473, 1
, , 3294.3789999999999054, 1, , , 3294.3789999999999054, 1, , , 3294.3789999999999054, 1, , , 3294.3789999999999054, 1
, , 3294.3829999999998108, 1, , , 3294.3829999999998108, 1, , , 3294.3829999999998108, 1, , , 3294.3829999999998108, 1
, , 3294.38799999999992, 1, , , 3294.38799999999992, 1, , , 3294.38799999999992, 1, , , 3294.38799999999992, 1
, , 3294.3930000000000291, 1, , , 3294.3930000000000291, 1, , , 3294.3930000000000291, 1, , , 3294.3930000000000291, 1
, , 3294.3980000000001382, 1, , , 3294.3980000000001382, 1, , , 3294.3980000000001382, 1, , , 3294.3980000000001382, 1
, , 3294.4029999999997926, 1, , , 3294.4029999999997926, 1, , , 3294.4029999999997926, 1, , , 3294.4029999999997926, 1
, , 3294.4079999999999018, 1, , , 3294.4079999999999018, 1, , , 3294.4079999999999018, 1, , , 3294.4079999999999018, 1
, , 3294.4110000000000582, 1, , , 3294.4110000000000582, 1, , , 3294.4110000000000582, 1, , , 3294.4110000000000582, 1
, , 3294.4180000000001201, 1, , , 3294.4180000000001201, 1, , , 3294.4180000000001201, 1, , , 3294.4180000000001201, 1
, , 3294.4229999999997744, 1, , , 3294.4229999999997744, 1, , , 3294.4229999999997744, 1, , , 3294.4229999999997744, 1
, , 3294.4279999999998836, 1, , , 3294.4279999999998836, 1, , , 3294.4279999999998836, 1, , , 3294.4279999999998836, 1
, , 3294.4329999999999927, 1, , , 3294.4329999999999927, 1, , , 3294.4329999999999927, 1, , , 3294.4329999999999927, 1
, , 3294.4380000000001019, 1, , , 3294.4380000000001019, 1, , , 3294.4380000000001019, 1, , , 3294.4380000000001019, 1
, , 3294.44399999999996, 1, , , 3294.44399999999996, 1, , , 3294.44399999999996, 1, , , 3294.44399999999996, 1
, , 3294.4490000000000691, 1, , , 3294.4490000000000691, 1, , , 3294.4490000000000691, 1, , , 3294.4490000000000691, 1
, , 3294.4529999999999745, 1, , , 3294.4529999999999745, 1, , , 3294.4529999999999745, 1, , , 3294.4529999999999745, 1
, , 3294.4589999999998327, 1, , , 3294.4589999999998327, 1, , , 3294.4589999999998327, 1, , , 3294.4589999999998327, 1
, , 3294.4630000000001928, 1, , , 3294.4630000000001928, 1, , , 3294.4630000000001928, 1, , , 3294.4630000000001928, 1
, , 3294.4679999999998472, 1, , , 3294.4679999999998472, 1, , , 3294.4679999999998472, 1, , , 3294.4679999999998472, 1
, , 3294.4729999999999563, 1, , , 3294.4729999999999563, 1, , , 3294.4729999999999563, 1, , , 3294.4729999999999563, 1
, , 3294.4780000000000655, 1, , , 3294.4780000000000655, 1, , , 3294.4780000000000655, 1, , , 3294.4780000000000655, 1
, , 3294.4830000000001746, 1, , , 3294.4830000000001746, 1, , , 3294.4830000000001746, 1, , , 3294.4830000000001746, 1
, , 3294.487999999999829, 1, , , 3294.487999999999829, 1, , , 3294.487999999999829, 1, , , 3294.487999999999829, 1
, , 3294.4929999999999382, 1, , , 3294.4929999999999382, 1, , , 3294.4929999999999382, 1, , , 3294.4929999999999382, 1
, , 3294.4989999999997963, 1, , , 3294.4989999999997963, 1, , , 3294.4989999999997963, 1, , , 3294.4989999999997963, 1
, , 3294.5039999999999054, 1, , , 3294.5039999999999054, 1, , , 3294.5039999999999054, 1, , , 3294.5039999999999054, 1
, , 3294.5079999999998108, 1, , , 3294.5079999999998108, 1, , , 3294.5079999999998108, 1, , , 3294.5079999999998108, 1
, , 3294.5140000000001237, 1, , , 3294.5140000000001237, 1, , , 3294.5140000000001237, 1, , , 3294.5140000000001237, 1
, , 3294.5180000000000291, 1, , , 3294.5180000000000291, 1, , , 3294.5180000000000291, 1, , , 3294.5180000000000291, 1
, , 3294.5239999999998872, 1, , , 3294.5239999999998872, 1, , , 3294.5239999999998872, 1, , , 3294.5239999999998872, 1
, , 3294.5279999999997926, 1, , , 3294.5279999999997926, 1, , , 3294.5279999999997926, 1, , , 3294.5279999999997926, 1
, , 3294.5340000000001055, 1, , , 3294.5340000000001055, 1, , , 3294.5340000000001055, 1, , , 3294.5340000000001055, 1
, , 3294.5380000000000109, 1, , , 3294.5380000000000109, 1, , , 3294.5380000000000109, 1, , , 3294.5380000000000109, 1
, , 3294.5430000000001201, 1, , , 3294.5430000000001201, 1, , , 3294.5430000000001201, 1, , , 3294.5430000000001201, 1
, , 3294.5479999999997744, 1, , , 3294.5479999999997744, 1, , , 3294.5479999999997744, 1, , , 3294.5479999999997744, 1
, , 3294.5529999999998836, 1, , , 3294.5529999999998836, 1, , , 3294.5529999999998836, 1, , , 3294.5529999999998836, 1
, , 3294.5590000000001965, 1, , , 3294.5590000000001965, 1, , , 3294.5590000000001965, 1, , , 3294.5590000000001965, 1
, , 3294.5639999999998508, 1, , , 3294.5639999999998508, 1, , , 3294.5639999999998508, 1, , , 3294.5639999999998508, 1
, , 3294.568000000000211, 1, , , 3294.568000000000211, 1, , , 3294.568000000000211, 1, , , 3294.568000000000211, 1
, , 3294.5729999999998654, 1, , , 3294.5729999999998654, 1, , , 3294.5729999999998654, 1, , , 3294.5729999999998654, 1
, , 3294.5779999999999745, 1, , , 3294.5779999999999745, 1, , , 3294.5779999999999745, 1, , , 3294.5779999999999745, 1
, , 3294.5830000000000837, 1, , , 3294.5830000000000837, 1, , , 3294.5830000000000837, 1, , , 3294.5830000000000837, 1
, , 3294.5880000000001928, 1, , , 3294.5880000000001928, 1, , , 3294.5880000000001928, 1, , , 3294.5880000000001928, 1
, , 3294.5929999999998472, 1, , , 3294.5929999999998472, 1, , , 3294.5929999999998472, 1, , , 3294.5929999999998472, 1
, , 3294.5979999999999563, 1, , , 3294.5979999999999563, 1, , , 3294.5979999999999563, 1, , , 3294.5979999999999563, 1
, , 3294.6030000000000655, 1, , , 3294.6030000000000655, 1, , , 3294.6030000000000655, 1, , , 3294.6030000000000655, 1
, , 3294.6080000000001746, 1, , , 3294.6080000000001746, 1, , , 3294.6080000000001746, 1, , , 3294.6080000000001746, 1
, , 3294.612999999999829, 1, , , 3294.612999999999829, 1, , , 3294.612999999999829, 1, , , 3294.612999999999829, 1
, , 3294.6179999999999382, 1, , , 3294.6179999999999382, 1, , , 3294.6179999999999382, 1, , , 3294.6179999999999382, 1
, , 3294.625, 1, , , 3294.625, 1, , , 3294.625, 1, , , 3294.625, 1
, , 3294.6280000000001564, 1, , , 3294.6280000000001564, 1, , , 3294.6280000000001564, 1, , , 3294.6280000000001564, 1
, , 3294.6329999999998108, 1, , , 3294.6329999999998108, 1, , , 3294.6329999999998108, 1, , , 3294.6329999999998108, 1
, , 3294.63799999999992, 1, , , 3294.63799999999992, 1, , , 3294.63799999999992, 1, , , 3294.63799999999992, 1
, , 3294.6430000000000291, 1, , , 3294.6430000000000291, 1, , , 3294.6430000000000291, 1, , , 3294.6430000000000291, 1
, , 3294.6480000000001382, 1, , , 3294.6480000000001382, 1, , , 3294.6480000000001382, 1, , , 3294.6480000000001382, 1
, , 3294.6539999999999964, 1, , , 3294.6539999999999964, 1, , , 3294.6539999999999964, 1, , , 3294.6539999999999964, 1
, , 3294.6579999999999018, 1, , , 3294.6579999999999018, 1, , , 3294.6579999999999018, 1, , , 3294.6579999999999018, 1
, , 3294.6630000000000109, 1, , , 3294.6630000000000109, 1, , , 3294.6630000000000109, 1, , , 3294.6630000000000109, 1
, , 3294.668999999999869, 1, , , 3294.668999999999869, 1, , , 3294.668999999999869, 1, , , 3294.668999999999869, 1
, , 3294.6729999999997744, 1, , , 3294.6729999999997744, 1, , , 3294.6729999999997744, 1, , , 3294.6729999999997744, 1
, , 3294.6779999999998836, 1, , , 3294.6779999999998836, 1, , , 3294.6779999999998836, 1, , , 3294.6779999999998836, 1
, , 3294.6829999999999927, 1, , , 3294.6829999999999927, 1, , , 3294.6829999999999927, 1, , , 3294.6829999999999927, 1
, , 3294.6880000000001019, 1, , , 3294.6880000000001019, 1, , , 3294.6880000000001019, 1, , , 3294.6880000000001019, 1
, , 3294.693000000000211, 1, , , 3294.693000000000211, 1, , , 3294.693000000000211, 1, , , 3294.693000000000211, 1
, , 3294.6979999999998654, 1, , , 3294.6979999999998654, 1, , , 3294.6979999999998654, 1, , , 3294.6979999999998654, 1
, , 3294.7040000000001783, 1, , , 3294.7040000000001783, 1, , , 3294.7040000000001783, 1, , , 3294.7040000000001783, 1
, , 3294.7080000000000837, 1, , , 3294.7080000000000837, 1, , , 3294.7080000000000837, 1, , , 3294.7080000000000837, 1
, , 3294.7130000000001928, 1, , , 3294.7130000000001928, 1, , , 3294.7130000000001928, 1, , , 3294.7130000000001928, 1
, , 3294.7190000000000509, 1, , , 3294.7190000000000509, 1, , , 3294.7190000000000509, 1, , , 3294.7190000000000509, 1
, , 3294.7229999999999563, 1, , , 3294.7229999999999563, 1, , , 3294.7229999999999563, 1, , , 3294.7229999999999563, 1
, , 3294.7280000000000655, 1, , , 3294.7280000000000655, 1, , , 3294.7280000000000655, 1, , , 3294.7280000000000655, 1
, , 3294.7330000000001746, 1, , , 3294.7330000000001746, 1, , , 3294.7330000000001746, 1, , , 3294.7330000000001746, 1
, , 3294.7390000000000327, 1, , , 3294.7390000000000327, 1, , , 3294.7390000000000327, 1, , , 3294.7390000000000327, 1
, , 3294.7429999999999382, 1, , , 3294.7429999999999382, 1, , , 3294.7429999999999382, 1, , , 3294.7429999999999382, 1
, , 3294.7489999999997963, 1, , , 3294.7489999999997963, 1, , , 3294.7489999999997963, 1, , , 3294.7489999999997963, 1
, , 3294.7530000000001564, 1, , , 3294.7530000000001564, 1, , , 3294.7530000000001564, 1, , , 3294.7530000000001564, 1
, , 3294.7579999999998108, 1, , , 3294.7579999999998108, 1, , , 3294.7579999999998108, 1, , , 3294.7579999999998108, 1
, , 3294.7640000000001237, 1, , , 3294.7640000000001237, 1, , , 3294.7640000000001237, 1, , , 3294.7640000000001237, 1
, , 3294.7680000000000291, 1, , , 3294.7680000000000291, 1, , , 3294.7680000000000291, 1, , , 3294.7680000000000291, 1
, , 3294.7739999999998872, 1, , , 3294.7739999999998872, 1, , , 3294.7739999999998872, 1, , , 3294.7739999999998872, 1
, , 3294.7779999999997926, 1, , , 3294.7779999999997926, 1, , , 3294.7779999999997926, 1, , , 3294.7779999999997926, 1
, , 3294.7829999999999018, 1, , , 3294.7829999999999018, 1, , , 3294.7829999999999018, 1, , , 3294.7829999999999018, 1
, , 3294.7880000000000109, 1, , , 3294.7880000000000109, 1, , , 3294.7880000000000109, 1, , , 3294.7880000000000109, 1
, , 3294.793999999999869, 1, , , 3294.793999999999869, 1, , , 3294.793999999999869, 1, , , 3294.793999999999869, 1
, , 3294.7979999999997744, 1, , , 3294.7979999999997744, 1, , , 3294.7979999999997744, 1, , , 3294.7979999999997744, 1
, , 3294.8029999999998836, 1, , , 3294.8029999999998836, 1, , , 3294.8029999999998836, 1, , , 3294.8029999999998836, 1
, , 3294.8079999999999927, 1, , , 3294.8079999999999927, 1, , , 3294.8079999999999927, 1, , , 3294.8079999999999927, 1
, , 3294.8139999999998508, 1, , , 3294.8139999999998508, 1, , , 3294.8139999999998508, 1, , , 3294.8139999999998508, 1
, , 3294.81899999999996, 1, , , 3294.81899999999996, 1, , , 3294.81899999999996, 1, , , 3294.81899999999996, 1
, , 3294.8229999999998654, 1, , , 3294.8229999999998654, 1, , , 3294.8229999999998654, 1, , , 3294.8229999999998654, 1
, , 3294.8299999999999272, 1, , , 3294.8299999999999272, 1, , , 3294.8299999999999272, 1, , , 3294.8299999999999272, 1
, , 3294.8330000000000837, 1, , , 3294.8330000000000837, 1, , , 3294.8330000000000837, 1, , , 3294.8330000000000837, 1
, , 3294.8359999999997854, 1, , , 3294.8359999999997854, 1, , , 3294.8359999999997854, 1, , , 3294.8359999999997854, 1
, , 3294.8440000000000509, 1, , , 3294.8440000000000509, 1, , , 3294.8440000000000509, 1, , , 3294.8440000000000509, 1
, , 3294.8490000000001601, 1, , , 3294.8490000000001601, 1, , , 3294.8490000000001601, 1, , , 3294.8490000000001601, 1
, , 3294.8539999999998145, 1, , , 3294.8539999999998145, 1, , , 3294.8539999999998145, 1, , , 3294.8539999999998145, 1
, , 3294.8580000000001746, 1, , , 3294.8580000000001746, 1, , , 3294.8580000000001746, 1, , , 3294.8580000000001746, 1
, , 3294.8640000000000327, 1, , , 3294.8640000000000327, 1, , , 3294.8640000000000327, 1, , , 3294.8640000000000327, 1
, , 3294.8679999999999382, 1, , , 3294.8679999999999382, 1, , , 3294.8679999999999382, 1, , , 3294.8679999999999382, 1
, , 3294.8730000000000473, 1, , , 3294.8730000000000473, 1, , , 3294.8730000000000473, 1, , , 3294.8730000000000473, 1
, , 3294.8780000000001564, 1, , , 3294.8780000000001564, 1, , , 3294.8780000000001564, 1, , , 3294.8780000000001564, 1
, , 3294.8829999999998108, 1, , , 3294.8829999999998108, 1, , , 3294.8829999999998108, 1, , , 3294.8829999999998108, 1
, , 3294.88799999999992, 1, , , 3294.88799999999992, 1, , , 3294.88799999999992, 1, , , 3294.88799999999992, 1
, , 3294.8939999999997781, 1, , , 3294.8939999999997781, 1, , , 3294.8939999999997781, 1, , , 3294.8939999999997781, 1
, , 3294.8989999999998872, 1, , , 3294.8989999999998872, 1, , , 3294.8989999999998872, 1, , , 3294.8989999999998872, 1
, , 3294.9029999999997926, 1, , , 3294.9029999999997926, 1, , , 3294.9029999999997926, 1, , , 3294.9029999999997926, 1
, , 3294.9079999999999018, 1, , , 3294.9079999999999018, 1, , , 3294.9079999999999018, 1, , , 3294.9079999999999018, 1
, , 3294.9130000000000109, 1, , , 3294.9130000000000109, 1, , , 3294.9130000000000109, 1, , , 3294.9130000000000109, 1
, , 3294.9180000000001201, 1, , , 3294.9180000000001201, 1, , , 3294.9180000000001201, 1, , , 3294.9180000000001201, 1
, , 3294.9239999999999782, 1, , , 3294.9239999999999782, 1, , , 3294.9239999999999782, 1, , , 3294.9239999999999782, 1
, , 3294.9279999999998836, 1, , , 3294.9279999999998836, 1, , , 3294.9279999999998836, 1, , , 3294.9279999999998836, 1
, , 3294.9329999999999927, 1, , , 3294.9329999999999927, 1, , , 3294.9329999999999927, 1, , , 3294.9329999999999927, 1
, , 3294.9380000000001019, 1, , , 3294.9380000000001019, 1, , , 3294.9380000000001019, 1, , , 3294.9380000000001019, 1
, , 3294.94399999999996, 1, , , 3294.94399999999996, 1, , , 3294.94399999999996, 1, , , 3294.94399999999996, 1
, , 3294.9479999999998654, 1, , , 3294.9479999999998654, 1, , , 3294.9479999999998654, 1, , , 3294.9479999999998654, 1
, , 3294.9529999999999745, 1, , , 3294.9529999999999745, 1, , , 3294.9529999999999745, 1, , , 3294.9529999999999745, 1
, , 3294.9580000000000837, 1, , , 3294.9580000000000837, 1, , , 3294.9580000000000837, 1, , , 3294.9580000000000837, 1
, , 3294.9630000000001928, 1, , , 3294.9630000000001928, 1, , , 3294.9630000000001928, 1, , , 3294.9630000000001928, 1
, , 3294.9679999999998472, 1, , , 3294.9679999999998472, 1, , , 3294.9679999999998472, 1, , , 3294.9679999999998472, 1
, , 3294.9729999999999563, 1, , , 3294.9729999999999563, 1, , , 3294.9729999999999563, 1, , , 3294.9729999999999563, 1
, , 3294.9780000000000655, 1, , , 3294.9780000000000655, 1, , , 3294.9780000000000655, 1, , , 3294.9780000000000655, 1
, , 3294.9830000000001746, 1, , , 3294.9830000000001746, 1, , , 3294.9830000000001746, 1, , , 3294.9830000000001746, 1
, , 3294.987999999999829, 1, , , 3294.987999999999829, 1, , , 3294.987999999999829, 1, , , 3294.987999999999829, 1
, , 3294.9940000000001419, 1, , , 3294.9940000000001419, 1, , , 3294.9940000000001419, 1, , , 3294.9940000000001419, 1
, , 3294.9980000000000473, 1, , , 3294.9980000000000473, 1, , , 3294.9980000000000473, 1, , , 3294.9980000000000473, 1
, , 3295.0039999999999054, 1, , , 3295.0039999999999054, 1, , , 3295.0039999999999054, 1, , , 3295.0039999999999054, 1
, , 3295.0079999999998108, 1, , , 3295.0079999999998108, 1, , , 3295.0079999999998108, 1, , , 3295.0079999999998108, 1
, , 3295.01299999999992, 1, , , 3295.01299999999992, 1, , , 3295.01299999999992, 1, , , 3295.01299999999992, 1
, , 3295.0180000000000291, 1, , , 3295.0180000000000291, 1, , , 3295.0180000000000291, 1, , , 3295.0180000000000291, 1
, , 3295.0230000000001382, 1, , , 3295.0230000000001382, 1, , , 3295.0230000000001382, 1, , , 3295.0230000000001382, 1
, , 3295.0279999999997926, 1, , , 3295.0279999999997926, 1, , , 3295.0279999999997926, 1, , , 3295.0279999999997926, 1
, , 3295.0329999999999018, 1, , , 3295.0329999999999018, 1, , , 3295.0329999999999018, 1, , , 3295.0329999999999018, 1
, , 3295.0380000000000109, 1, , , 3295.0380000000000109, 1, , , 3295.0380000000000109, 1, , , 3295.0380000000000109, 1
, , 3295.043999999999869, 1, , , 3295.043999999999869, 1, , , 3295.043999999999869, 1, , , 3295.043999999999869, 1
, , 3295.0500000000001819, 1, , , 3295.0500000000001819, 1, , , 3295.0500000000001819, 1, , , 3295.0500000000001819, 1
, , 3295.0529999999998836, 1, , , 3295.0529999999998836, 1, , , 3295.0529999999998836, 1, , , 3295.0529999999998836, 1
, , 3295.0590000000001965, 1, , , 3295.0590000000001965, 1, , , 3295.0590000000001965, 1, , , 3295.0590000000001965, 1
, , 3295.0630000000001019, 1, , , 3295.0630000000001019, 1, , , 3295.0630000000001019, 1, , , 3295.0630000000001019, 1
, , 3295.068000000000211, 1, , , 3295.068000000000211, 1, , , 3295.068000000000211, 1, , , 3295.068000000000211, 1
, , 3295.0729999999998654, 1, , , 3295.0729999999998654, 1, , , 3295.0729999999998654, 1, , , 3295.0729999999998654, 1
, , 3295.0779999999999745, 1, , , 3295.0779999999999745, 1, , , 3295.0779999999999745, 1, , , 3295.0779999999999745, 1
, , 3295.0839999999998327, 1, , , 3295.0839999999998327, 1, , , 3295.0839999999998327, 1, , , 3295.0839999999998327, 1
, , 3295.0889999999999418, 1, , , 3295.0889999999999418, 1, , , 3295.0889999999999418, 1, , , 3295.0889999999999418, 1
, , 3295.0929999999998472, 1, , , 3295.0929999999998472, 1, , , 3295.0929999999998472, 1, , , 3295.0929999999998472, 1
, , 3295.0979999999999563, 1, , , 3295.0979999999999563, 1, , , 3295.0979999999999563, 1, , , 3295.0979999999999563, 1
, , 3295.1030000000000655, 1, , , 3295.1030000000000655, 1, , , 3295.1030000000000655, 1, , , 3295.1030000000000655, 1
, , 3295.1080000000001746, 1, , , 3295.1080000000001746, 1, , , 3295.1080000000001746, 1, , , 3295.1080000000001746, 1
, , 3295.112999999999829, 1, , , 3295.112999999999829, 1, , , 3295.112999999999829, 1, , , 3295.112999999999829, 1
, , 3295.1179999999999382, 1, , , 3295.1179999999999382, 1, , , 3295.1179999999999382, 1, , , 3295.1179999999999382, 1
, , 3295.1230000000000473, 1, , , 3295.1230000000000473, 1, , , 3295.1230000000000473, 1, , , 3295.1230000000000473, 1
, , 3295.1280000000001564, 1, , , 3295.1280000000001564, 1, , , 3295.1280000000001564, 1, , , 3295.1280000000001564, 1
, , 3295.1309999999998581, 1, , , 3295.1309999999998581, 1, , , 3295.1309999999998581, 1, , , 3295.1309999999998581, 1
, , 3295.13799999999992, 1, , , 3295.13799999999992, 1, , , 3295.13799999999992, 1, , , 3295.13799999999992, 1
, , 3295.1439999999997781, 1, , , 3295.1439999999997781, 1, , , 3295.1439999999997781, 1, , , 3295.1439999999997781, 1
, , 3295.1489999999998872, 1, , , 3295.1489999999998872, 1, , , 3295.1489999999998872, 1, , , 3295.1489999999998872, 1
, , 3295.1529999999997926, 1, , , 3295.1529999999997926, 1, , , 3295.1529999999997926, 1, , , 3295.1529999999997926, 1
, , 3295.1579999999999018, 1, , , 3295.1579999999999018, 1, , , 3295.1579999999999018, 1, , , 3295.1579999999999018, 1
, , 3295.1630000000000109, 1, , , 3295.1630000000000109, 1, , , 3295.1630000000000109, 1, , , 3295.1630000000000109, 1
, , 3295.1680000000001201, 1, , , 3295.1680000000001201, 1, , , 3295.1680000000001201, 1, , , 3295.1680000000001201, 1
, , 3295.1729999999997744, 1, , , 3295.1729999999997744, 1, , , 3295.1729999999997744, 1, , , 3295.1729999999997744, 1
, , 3295.1790000000000873, 1, , , 3295.1790000000000873, 1, , , 3295.1790000000000873, 1, , , 3295.1790000000000873, 1
, , 3295.1829999999999927, 1, , , 3295.1829999999999927, 1, , , 3295.1829999999999927, 1, , , 3295.1829999999999927, 1
, , 3295.1880000000001019, 1, , , 3295.1880000000001019, 1, , , 3295.1880000000001019, 1, , , 3295.1880000000001019, 1
, , 3295.193000000000211, 1, , , 3295.193000000000211, 1, , , 3295.193000000000211, 1, , , 3295.193000000000211, 1
, , 3295.1990000000000691, 1, , , 3295.1990000000000691, 1, , , 3295.1990000000000691, 1, , , 3295.1990000000000691, 1
, , 3295.2029999999999745, 1, , , 3295.2029999999999745, 1, , , 3295.2029999999999745, 1, , , 3295.2029999999999745, 1
, , 3295.2080000000000837, 1, , , 3295.2080000000000837, 1, , , 3295.2080000000000837, 1, , , 3295.2080000000000837, 1
, , 3295.2130000000001928, 1, , , 3295.2130000000001928, 1, , , 3295.2130000000001928, 1, , , 3295.2130000000001928, 1
, , 3295.2179999999998472, 1, , , 3295.2179999999998472, 1, , , 3295.2179999999998472, 1, , , 3295.2179999999998472, 1
, , 3295.2229999999999563, 1, , , 3295.2229999999999563, 1, , , 3295.2229999999999563, 1, , , 3295.2229999999999563, 1
, , 3295.2280000000000655, 1, , , 3295.2280000000000655, 1, , , 3295.2280000000000655, 1, , , 3295.2280000000000655, 1
, , 3295.2330000000001746, 1, , , 3295.2330000000001746, 1, , , 3295.2330000000001746, 1, , , 3295.2330000000001746, 1
, , 3295.237999999999829, 1, , , 3295.237999999999829, 1, , , 3295.237999999999829, 1, , , 3295.237999999999829, 1
, , 3295.2429999999999382, 1, , , 3295.2429999999999382, 1, , , 3295.2429999999999382, 1, , , 3295.2429999999999382, 1
, , 3295.2480000000000473, 1, , , 3295.2480000000000473, 1, , , 3295.2480000000000473, 1, , , 3295.2480000000000473, 1
, , 3295.2539999999999054, 1, , , 3295.2539999999999054, 1, , , 3295.2539999999999054, 1, , , 3295.2539999999999054, 1
, , 3295.2579999999998108, 1, , , 3295.2579999999998108, 1, , , 3295.2579999999998108, 1, , , 3295.2579999999998108, 1
, , 3295.26299999999992, 1, , , 3295.26299999999992, 1, , , 3295.26299999999992, 1, , , 3295.26299999999992, 1
, , 3295.2680000000000291, 1, , , 3295.2680000000000291, 1, , , 3295.2680000000000291, 1, , , 3295.2680000000000291, 1
, , 3295.2730000000001382, 1, , , 3295.2730000000001382, 1, , , 3295.2730000000001382, 1, , , 3295.2730000000001382, 1
, , 3295.2779999999997926, 1, , , 3295.2779999999997926, 1, , , 3295.2779999999997926, 1, , , 3295.2779999999997926, 1
, , 3295.2840000000001055, 1, , , 3295.2840000000001055, 1, , , 3295.2840000000001055, 1, , , 3295.2840000000001055, 1
, , 3295.2880000000000109, 1, , , 3295.2880000000000109, 1, , , 3295.2880000000000109, 1, , , 3295.2880000000000109, 1
, , 3295.2930000000001201, 1, , , 3295.2930000000001201, 1, , , 3295.2930000000001201, 1, , , 3295.2930000000001201, 1
, , 3295.2979999999997744, 1, , , 3295.2979999999997744, 1, , , 3295.2979999999997744, 1, , , 3295.2979999999997744, 1
, , 3295.3029999999998836, 1, , , 3295.3029999999998836, 1, , , 3295.3029999999998836, 1, , , 3295.3029999999998836, 1
, , 3295.3079999999999927, 1, , , 3295.3079999999999927, 1, , , 3295.3079999999999927, 1, , , 3295.3079999999999927, 1
, , 3295.3130000000001019, 1, , , 3295.3130000000001019, 1, , , 3295.3130000000001019, 1, , , 3295.3130000000001019, 1
, , 3295.318000000000211, 1, , , 3295.318000000000211, 1, , , 3295.318000000000211, 1, , , 3295.318000000000211, 1
, , 3295.3229999999998654, 1, , , 3295.3229999999998654, 1, , , 3295.3229999999998654, 1, , , 3295.3229999999998654, 1
, , 3295.3279999999999745, 1, , , 3295.3279999999999745, 1, , , 3295.3279999999999745, 1, , , 3295.3279999999999745, 1
, , 3295.3330000000000837, 1, , , 3295.3330000000000837, 1, , , 3295.3330000000000837, 1, , , 3295.3330000000000837, 1
, , 3295.3380000000001928, 1, , , 3295.3380000000001928, 1, , , 3295.3380000000001928, 1, , , 3295.3380000000001928, 1
, , 3295.3440000000000509, 1, , , 3295.3440000000000509, 1, , , 3295.3440000000000509, 1, , , 3295.3440000000000509, 1
, , 3295.3479999999999563, 1, , , 3295.3479999999999563, 1, , , 3295.3479999999999563, 1, , , 3295.3479999999999563, 1
, , 3295.3530000000000655, 1, , , 3295.3530000000000655, 1, , , 3295.3530000000000655, 1, , , 3295.3530000000000655, 1
, , 3295.3580000000001746, 1, , , 3295.3580000000001746, 1, , , 3295.3580000000001746, 1, , , 3295.3580000000001746, 1
, , 3295.362999999999829, 1, , , 3295.362999999999829, 1, , , 3295.362999999999829, 1, , , 3295.362999999999829, 1
, , 3295.3690000000001419, 1, , , 3295.3690000000001419, 1, , , 3295.3690000000001419, 1, , , 3295.3690000000001419, 1
, , 3295.3730000000000473, 1, , , 3295.3730000000000473, 1, , , 3295.3730000000000473, 1, , , 3295.3730000000000473, 1
, , 3295.3809999999998581, 1, , , 3295.3809999999998581, 1, , , 3295.3809999999998581, 1, , , 3295.3809999999998581, 1
, , 3295.3829999999998108, 1, , , 3295.3829999999998108, 1, , , 3295.3829999999998108, 1, , , 3295.3829999999998108, 1
, , 3295.38799999999992, 1, , , 3295.38799999999992, 1, , , 3295.38799999999992, 1, , , 3295.38799999999992, 1
, , 3295.3930000000000291, 1, , , 3295.3930000000000291, 1, , , 3295.3930000000000291, 1, , , 3295.3930000000000291, 1
, , 3295.3980000000001382, 1, , , 3295.3980000000001382, 1, , , 3295.3980000000001382, 1, , , 3295.3980000000001382, 1
, , 3295.4029999999997926, 1, , , 3295.4029999999997926, 1, , , 3295.4029999999997926, 1, , , 3295.4029999999997926, 1
, , 3295.4079999999999018, 1, , , 3295.4079999999999018, 1, , , 3295.4079999999999018, 1, , , 3295.4079999999999018, 1
, , 3295.4130000000000109, 1, , , 3295.4130000000000109, 1, , , 3295.4130000000000109, 1, , , 3295.4130000000000109, 1
, , 3295.4169999999999163, 1, , , 3295.4169999999999163, 1, , , 3295.4169999999999163, 1, , , 3295.4169999999999163, 1
, , 3295.4220000000000255, 1, , , 3295.4220000000000255, 1, , , 3295.4220000000000255, 1, , , 3295.4220000000000255, 1
, , 3295.4279999999998836, 1, , , 3295.4279999999998836, 1, , , 3295.4279999999998836, 1, , , 3295.4279999999998836, 1
, , 3295.4340000000001965, 1, , , 3295.4340000000001965, 1, , , 3295.4340000000001965, 1, , , 3295.4340000000001965, 1
, , 3295.4380000000001019, 1, , , 3295.4380000000001019, 1, , , 3295.4380000000001019, 1, , , 3295.4380000000001019, 1
, , 3295.443000000000211, 1, , , 3295.443000000000211, 1, , , 3295.443000000000211, 1, , , 3295.443000000000211, 1
, , 3295.4479999999998654, 1, , , 3295.4479999999998654, 1, , , 3295.4479999999998654, 1, , , 3295.4479999999998654, 1
, , 3295.4540000000001783, 1, , , 3295.4540000000001783, 1, , , 3295.4540000000001783, 1, , , 3295.4540000000001783, 1
, , 3295.4580000000000837, 1, , , 3295.4580000000000837, 1, , , 3295.4580000000000837, 1, , , 3295.4580000000000837, 1
, , 3295.4630000000001928, 1, , , 3295.4630000000001928, 1, , , 3295.4630000000001928, 1, , , 3295.4630000000001928, 1
, , 3295.4699999999997999, 1, , , 3295.4699999999997999, 1, , , 3295.4699999999997999, 1, , , 3295.4699999999997999, 1
, , 3295.4740000000001601, 1, , , 3295.4740000000001601, 1, , , 3295.4740000000001601, 1, , , 3295.4740000000001601, 1
, , 3295.4780000000000655, 1, , , 3295.4780000000000655, 1, , , 3295.4780000000000655, 1, , , 3295.4780000000000655, 1
, , 3295.4830000000001746, 1, , , 3295.4830000000001746, 1, , , 3295.4830000000001746, 1, , , 3295.4830000000001746, 1
, , 3295.487999999999829, 1, , , 3295.487999999999829, 1, , , 3295.487999999999829, 1, , , 3295.487999999999829, 1
, , 3295.4929999999999382, 1, , , 3295.4929999999999382, 1, , , 3295.4929999999999382, 1, , , 3295.4929999999999382, 1
, , 3295.4989999999997963, 1, , , 3295.4989999999997963, 1, , , 3295.4989999999997963, 1, , , 3295.4989999999997963, 1
, , 3295.5030000000001564, 1, , , 3295.5030000000001564, 1, , , 3295.5030000000001564, 1, , , 3295.5030000000001564, 1
, , 3295.5090000000000146, 1, , , 3295.5090000000000146, 1, , , 3295.5090000000000146, 1, , , 3295.5090000000000146, 1
, , 3295.5140000000001237, 1, , , 3295.5140000000001237, 1, , , 3295.5140000000001237, 1, , , 3295.5140000000001237, 1
, , 3295.5180000000000291, 1, , , 3295.5180000000000291, 1, , , 3295.5180000000000291, 1, , , 3295.5180000000000291, 1
, , 3295.5230000000001382, 1, , , 3295.5230000000001382, 1, , , 3295.5230000000001382, 1, , , 3295.5230000000001382, 1
, , 3295.5289999999999964, 1, , , 3295.5289999999999964, 1, , , 3295.5289999999999964, 1, , , 3295.5289999999999964, 1
, , 3295.5329999999999018, 1, , , 3295.5329999999999018, 1, , , 3295.5329999999999018, 1, , , 3295.5329999999999018, 1
, , 3295.5390000000002146, 1, , , 3295.5390000000002146, 1, , , 3295.5390000000002146, 1, , , 3295.5390000000002146, 1
, , 3295.543999999999869, 1, , , 3295.543999999999869, 1, , , 3295.543999999999869, 1, , , 3295.543999999999869, 1
