gazebo-time, fl-z, foot-contact-time, fl-contact, gazebo-time, fr-z, foot-contact-time, fr-contact, gazebo-time, rl-z, foot-contact-time, rl-contact, gazebo-time, rr-z, foot-contact-time, rr-contact
2905.8820000000000618, 67.440297263152018559, 2905.8829999999998108, 1, 2905.8820000000000618, 53.79456955242397953, 2905.8829999999998108, 1, 2905.8820000000000618, 35.126583331508818731, 2905.8829999999998108, 1, 2905.8820000000000618, 47.419908085217954863, 2905.8829999999998108, 1
2905.8919999999998254, 67.440287448362838063, 2905.88799999999992, 1, 2905.8919999999998254, 53.794586106355005484, 2905.88799999999992, 1, 2905.8919999999998254, 35.126593805275682314, 2905.88799999999992, 1, 2905.8919999999998254, 47.419895301763354212, 2905.88799999999992, 1
2905.9119999999998072, 67.440277633514142508, 2905.8930000000000291, 1, 2905.9119999999998072, 53.794602660049889664, 2905.8930000000000291, 1, 2905.9119999999998072, 35.12660480272513297, 2905.8930000000000291, 1, 2905.9119999999998072, 47.419881172708173267, 2905.8930000000000291, 1
2905.9119999999998072, 67.440267818613165218, 2905.9009999999998399, 1, 2905.9119999999998072, 53.794619213515844081, 2905.9009999999998399, 1, 2905.9119999999998072, 35.126615276503471819, 2905.9009999999998399, 1, 2905.9119999999998072, 47.419867716473405039, 2905.9009999999998399, 1
2905.9209999999998217, 67.440258003660886743, 2905.9050000000002001, 1, 2905.9209999999998217, 53.794635766756016437, 2905.9050000000002001, 1, 2905.9209999999998217, 35.126625226569778704, 2905.9050000000002001, 1, 2905.9209999999998217, 47.419854933055205493, 2905.9050000000002001, 1
2905.931999999999789, 67.440248679399815046, 2905.9090000000001055, 1, 2905.931999999999789, 53.794651492112649294, 2905.9090000000001055, 1, 2905.931999999999789, 35.126635176648534298, 2905.9090000000001055, 1, 2905.931999999999789, 47.419842149654378716, 2905.9090000000001055, 1
2905.9520000000002256, 67.440238864339363545, 2905.9130000000000109, 1, 2905.9520000000002256, 53.794668044901641224, 2905.9130000000000109, 1, 2905.9520000000002256, 35.126646697802279107, 2905.9130000000000109, 1, 2905.9520000000002256, 47.419827347830910469, 2905.9130000000000109, 1
2905.9520000000002256, 67.440228558474586862, 2905.9180000000001201, 1, 2905.9520000000002256, 53.794685425092609421, 2905.9180000000001201, 1, 2905.9520000000002256, 35.126657695246343849, 2905.9180000000001201, 1, 2905.9520000000002256, 47.419813218836239344, 2905.9180000000001201, 1
2905.9609999999997854, 67.440218743298260051, 2905.9229999999997744, 1, 2905.9609999999997854, 53.794701977404507431, 2905.9229999999997744, 1, 2905.9609999999997854, 35.12666712164234184, 2905.9229999999997744, 1, 2905.9609999999997854, 47.419801108280438484, 2905.9229999999997744, 1
2905.9710000000000036, 67.440208928076245343, 2905.9279999999998836, 1, 2905.9710000000000036, 53.794718529488008585, 2905.9279999999998836, 1, 2905.9710000000000036, 35.126677595409709909, 2905.9279999999998836, 1, 2905.9710000000000036, 47.419787652110123588, 2905.9279999999998836, 1
2905.9810000000002219, 67.64329366668269472, 2905.9329999999999927, 1, 2905.9810000000002219, 54.196331148056835048, 2905.9329999999999927, 1, 2905.9810000000002219, 35.525931981869391052, 2905.9329999999999927, 1, 2905.9810000000002219, 47.418617748858565619, 2905.9329999999999927, 1
2905.9920000000001892, 67.44018929746535207, 2905.9380000000001019, 1, 2905.9920000000001892, 53.79475163297462359, 2905.9380000000001019, 1, 2905.9920000000001892, 35.12669854294824745, 2905.9380000000001019, 1, 2905.9920000000001892, 47.419760739818904938, 2905.9380000000001019, 1
2906.0019999999999527, 67.440179482086520579, 2905.943000000000211, 1, 2906.0019999999999527, 53.794768184371505981, 2905.943000000000211, 1, 2906.0019999999999527, 35.126709016714997347, 2905.943000000000211, 1, 2906.0019999999999527, 47.419747283682184502, 2905.943000000000211, 1
2906.012000000000171, 67.440169666646156088, 2905.9479999999998654, 1, 2906.012000000000171, 53.794784735540524423, 2905.9479999999998654, 1, 2906.012000000000171, 35.126719490475139196, 2905.9479999999998654, 1, 2906.012000000000171, 47.419733827566687978, 2905.9479999999998654, 1
2906.0320000000001528, 67.643239552253064062, 2905.9529999999999745, 1, 2906.0320000000001528, 54.196389757148082822, 2905.9529999999999745, 1, 2906.0320000000001528, 35.525982107760370354, 2905.9529999999999745, 1, 2906.0320000000001528, 47.418557475280785241, 2905.9529999999999745, 1
2906.0419999999999163, 67.643230653701067467, 2905.9580000000000837, 1, 2906.0419999999999163, 54.196406480405784123, 2905.9580000000000837, 1, 2906.0419999999999163, 35.525994068663266034, 2905.9580000000000837, 1, 2906.0419999999999163, 47.418543878753666831, 2905.9580000000000837, 1
2906.0419999999999163, 67.643222199998007227, 2905.9630000000001928, 1, 2906.0419999999999163, 54.196423203392257051, 2905.9630000000001928, 1, 2906.0419999999999163, 35.526005431511023858, 2905.9630000000001928, 1, 2906.0419999999999163, 47.418530962058177636, 2905.9630000000001928, 1
2906.0520000000001346, 67.643213301274570881, 2905.9679999999998472, 1, 2906.0520000000001346, 54.196439926116376284, 2905.9679999999998472, 1, 2906.0520000000001346, 35.526017392375123904, 2905.9679999999998472, 1, 2906.0520000000001346, 47.418517365531769769, 2905.9679999999998472, 1
2906.0610000000001492, 67.643190995168708923, 2905.9729999999999563, 1, 2906.0610000000001492, 54.196450849523678528, 2905.9729999999999563, 1, 2906.0610000000001492, 35.526030532349437863, 2905.9729999999999563, 1, 2906.0610000000001492, 47.418500124600207357, 2905.9729999999999563, 1
2906.0709999999999127, 67.643182096452349583, 2905.9789999999998145, 1, 2906.0709999999999127, 54.196467571855279743, 2905.9789999999998145, 1, 2906.0709999999999127, 35.526042493208628059, 2905.9789999999998145, 1, 2906.0709999999999127, 47.418486528149870196, 2905.9789999999998145, 1
2906.081000000000131, 67.64317319766909975, 2905.9839999999999236, 1, 2906.081000000000131, 54.196484293919510833, 2905.9839999999999236, 1, 2906.081000000000131, 35.526054454047212516, 2905.9839999999999236, 1, 2906.081000000000131, 47.418472931693685268, 2905.9839999999999236, 1
2906.0920000000000982, 67.6431638538433333, 2905.987999999999829, 1, 2906.0920000000000982, 54.196501851788383419, 2905.987999999999829, 1, 2906.0920000000000982, 35.526067012895261144, 2905.987999999999829, 1, 2906.0920000000000982, 47.418458655420764103, 2905.987999999999829, 1
2906.11200000000008, 67.643140142504648793, 2905.9929999999999382, 1, 2906.11200000000008, 54.196511946936411164, 2905.9929999999999382, 1, 2906.11200000000008, 35.526080321500032255, 2905.9929999999999382, 1, 2906.11200000000008, 47.41844021482251037, 2905.9929999999999382, 1
2906.1219999999998436, 67.440071509300594244, 2905.9989999999997963, 1, 2906.1219999999998436, 53.794950234571736303, 2905.9989999999997963, 1, 2906.1219999999998436, 35.126824228167009778, 2905.9989999999997963, 1, 2906.1219999999998436, 47.419597921423715547, 2905.9989999999997963, 1
2906.1219999999998436, 67.440061693266599718, 2906.0030000000001564, 1, 2906.1219999999998436, 53.794966783205779848, 2906.0030000000001564, 1, 2906.1219999999998436, 35.12683470193825741, 2906.0030000000001564, 1, 2906.1219999999998436, 47.419585138239746414, 2906.0030000000001564, 1
2906.1320000000000618, 67.440051877181531381, 2906.0079999999998108, 1, 2906.1320000000000618, 53.794983331618439593, 2906.0079999999998108, 1, 2906.1320000000000618, 35.126845175712396951, 2906.0079999999998108, 1, 2906.1320000000000618, 47.419572355060374491, 2906.0079999999998108, 1
2906.1410000000000764, 67.643090181018251883, 2906.012000000000171, 1, 2906.1410000000000764, 54.196571369690573761, 2906.012000000000171, 1, 2906.1410000000000764, 35.526128914592774777, 2906.012000000000171, 1, 2906.1410000000000764, 47.418383025368797234, 2906.012000000000171, 1
2906.1619999999998072, 67.440032244855956378, 2906.0180000000000291, 1, 2906.1619999999998072, 53.795016427750169896, 2906.0180000000000291, 1, 2906.1619999999998072, 35.126866123248987606, 2906.0180000000000291, 1, 2906.1619999999998072, 47.419545443146930097, 2906.0180000000000291, 1
2906.1720000000000255, 67.440022428609864846, 2906.0239999999998872, 1, 2906.1720000000000255, 53.795032975474299519, 2906.0239999999998872, 1, 2906.1720000000000255, 35.12687659701378351, 2906.0239999999998872, 1, 2906.1720000000000255, 47.419531987197288458, 2906.0239999999998872, 1
2906.1720000000000255, 67.440012612313879004, 2906.0279999999997926, 1, 2906.1720000000000255, 53.795049522958947819, 2906.0279999999997926, 1, 2906.1720000000000255, 35.126887070788228584, 2906.0279999999997926, 1, 2906.1720000000000255, 47.419518531264955641, 2906.0279999999997926, 1
2906.193000000000211, 67.643039775901854682, 2906.0340000000001055, 1, 2906.193000000000211, 54.196631626013356708, 2906.0340000000001055, 1, 2906.193000000000211, 35.526178105779564476, 2906.0340000000001055, 1, 2906.193000000000211, 47.418324477337364442, 2906.0340000000001055, 1
2906.193000000000211, 67.643029986900174322, 2906.0390000000002146, 1, 2906.193000000000211, 54.196650017559534263, 2906.0390000000002146, 1, 2906.193000000000211, 35.526191262563770579, 2906.0390000000002146, 1, 2906.193000000000211, 47.41830952150709777, 2906.0390000000002146, 1
2906.2029999999999745, 67.643020642764099648, 2906.0430000000001201, 1, 2906.2029999999999745, 54.196667572838563842, 2906.0430000000001201, 1, 2906.2029999999999745, 35.526203821292547502, 2906.0430000000001201, 1, 2906.2029999999999745, 47.418295245498114809, 2906.0430000000001201, 1
2906.2229999999999563, 67.643012188460602374, 2906.0479999999997744, 1, 2906.2229999999999563, 54.196683455931015772, 2906.0479999999997744, 1, 2906.2229999999999563, 35.526215183932613684, 2906.0479999999997744, 1, 2906.2229999999999563, 47.41828232910309282, 2906.0479999999997744, 1
2906.2319999999999709, 67.642986631349458548, 2906.0540000000000873, 1, 2906.2319999999999709, 54.196692723884396514, 2906.0540000000000873, 1, 2906.2319999999999709, 35.526228661620237403, 2906.0540000000000873, 1, 2906.2319999999999709, 47.418264050512902941, 2906.0540000000000873, 1
2906.2319999999999709, 67.642977732164411009, 2906.0579999999999927, 1, 2906.2319999999999709, 54.19670944257539702, 2906.0579999999999927, 1, 2906.2319999999999709, 35.526240622302559302, 2906.0579999999999927, 1, 2906.2319999999999709, 47.418250454404429206, 2906.0579999999999927, 1
2906.2530000000001564, 67.642969722825171175, 2906.0630000000001019, 1, 2906.2530000000001564, 54.196724489175196027, 2906.0630000000001019, 1, 2906.2530000000001564, 35.526251386896177564, 2906.0630000000001019, 1, 2906.2530000000001564, 47.418238217897339837, 2906.0630000000001019, 1
2906.2660000000000764, 67.642947868789391919, 2906.068000000000211, 1, 2906.2660000000000764, 54.1967354131012371, 2906.068000000000211, 1, 2906.2660000000000764, 35.526264527601526311, 2906.068000000000211, 1, 2906.2660000000000764, 47.418220980491916805, 2906.068000000000211, 1
2906.2730000000001382, 67.64293622903848302, 2906.0729999999998654, 1, 2906.2730000000001382, 54.196752975257851404, 2906.0729999999998654, 1, 2906.2730000000001382, 35.526277852917203859, 2906.0729999999998654, 1, 2906.2730000000001382, 47.418205504700914332, 2906.0729999999998654, 1
2906.2730000000001382, 67.642927329731108443, 2906.0790000000001783, 1, 2906.2730000000001382, 54.196769693040778293, 2906.0790000000001783, 1, 2906.2730000000001382, 35.526289813540941509, 2906.0790000000001783, 1, 2906.2730000000001382, 47.418191908664837797, 2906.0790000000001783, 1
2906.2840000000001055, 67.64291843032918905, 2906.0830000000000837, 1, 2906.2840000000001055, 54.19678641056279389, 2906.0830000000000837, 1, 2906.2840000000001055, 35.526301774150695678, 2906.0830000000000837, 1, 2906.2840000000001055, 47.418178312637536465, 2906.0830000000000837, 1
2906.2930000000001201, 67.642909530840412913, 2906.0880000000001928, 1, 2906.2930000000001201, 54.196803127811847389, 2906.0880000000001928, 1, 2906.2930000000001201, 35.526313734737392735, 2906.0880000000001928, 1, 2906.2930000000001201, 47.418164716610760934, 2906.0880000000001928, 1
2906.3029999999998836, 67.642889528749321926, 2906.0929999999998472, 1, 2906.3029999999998836, 54.196814879251704156, 2906.0929999999998472, 1, 2906.3029999999998836, 35.526326706991014248, 2906.0929999999998472, 1, 2906.3029999999998836, 47.418148000059431979, 2906.0929999999998472, 1
2906.3229999999998654, 67.642876928592031049, 2906.0990000000001601, 1, 2906.3229999999998654, 54.196829941003571207, 2906.0990000000001601, 1, 2906.3229999999998654, 35.52633900482503293, 2906.0990000000001601, 1, 2906.3229999999998654, 47.418133363997036156, 2906.0990000000001601, 1
2906.3330000000000837, 67.642868474041492277, 2906.1030000000000655, 1, 2906.3330000000000837, 54.19684582179456811, 2906.1030000000000655, 1, 2906.3330000000000837, 35.526350367357139248, 2906.1030000000000655, 1, 2906.3330000000000837, 47.418120447845453214, 2906.1030000000000655, 1
2906.3429999999998472, 67.642846622927166322, 2906.1080000000001746, 1, 2906.3429999999998472, 54.19685674587743307, 2906.1080000000001746, 1, 2906.3429999999998472, 35.526363508364497079, 2906.1080000000001746, 1, 2906.3429999999998472, 47.4181032118797674, 2906.1080000000001746, 1
2906.3429999999998472, 67.642837278445213656, 2906.112999999999829, 1, 2906.3429999999998472, 54.196874297911435292, 2906.112999999999829, 1, 2906.3429999999998472, 35.526376066954014732, 2906.112999999999829, 1, 2906.3429999999998472, 47.418088936208441453, 2906.112999999999829, 1
2906.3530000000000655, 67.439834928066673569, 2906.1179999999999382, 1, 2906.3530000000000655, 53.795348992814083999, 2906.1179999999999382, 1, 2906.3530000000000655, 35.127076646057986409, 2906.1179999999999382, 1, 2906.3530000000000655, 47.419274980966633848, 2906.1179999999999382, 1
2906.36200000000008, 67.439825110742049219, 2906.1239999999997963, 1, 2906.36200000000008, 53.795365535919167144, 2906.1239999999997963, 1, 2906.36200000000008, 35.127087119827834272, 2906.1239999999997963, 1, 2906.36200000000008, 47.419261525266250601, 2906.1239999999997963, 1
2906.3730000000000473, 67.439815293365299453, 2906.1280000000001564, 1, 2906.3730000000000473, 53.795382078793494429, 2906.1280000000001564, 1, 2906.3730000000000473, 35.127097593608795023, 2906.1280000000001564, 1, 2906.3730000000000473, 47.419248069574976512, 2906.1280000000001564, 1
2906.3910000000000764, 67.642783180015783273, 2906.1329999999998108, 1, 2906.3910000000000764, 54.196932887101738174, 2906.1329999999998108, 1, 2906.3910000000000764, 35.526425595676101921, 2906.1329999999998108, 1, 2906.3910000000000764, 47.418029353726183217, 2906.1329999999998108, 1
2906.3930000000000291, 67.642774725342590614, 2906.13799999999992, 1, 2906.3930000000000291, 54.19694876643846726, 2906.13799999999992, 1, 2906.3930000000000291, 35.526436958152515899, 2906.13799999999992, 1, 2906.3930000000000291, 47.418016437755127868, 2906.13799999999992, 1
2906.4029999999997926, 67.642765825594651119, 2906.1430000000000291, 1, 2906.4029999999997926, 54.196965481268648546, 2906.1430000000000291, 1, 2906.4029999999997926, 35.526448918623430018, 2906.1430000000000291, 1, 2906.4029999999997926, 47.418002841979479456, 2906.1430000000000291, 1
2906.4229999999997744, 67.642745382224816808, 2906.1480000000001382, 1, 2906.4229999999997744, 54.196978068462826172, 2906.1480000000001382, 1, 2906.4229999999997744, 35.52646248926975403, 2906.1480000000001382, 1, 2906.4229999999997744, 47.417985447510872632, 2906.1480000000001382, 1
2906.4329999999999927, 67.43976620569669933, 2906.1539999999999964, 1, 2906.4329999999999927, 53.795464789708830722, 2906.1539999999999964, 1, 2906.4329999999999927, 35.12714996248068644, 2906.1539999999999964, 1, 2906.4329999999999927, 47.419180791289008425, 2906.1539999999999964, 1
2906.4329999999999927, 67.439756878886271352, 2906.1579999999999018, 1, 2906.4329999999999927, 53.79548050414109639, 2906.1579999999999018, 1, 2906.4329999999999927, 35.127160436248004771, 2906.1579999999999018, 1, 2906.4329999999999927, 47.419167335666621454, 2906.1579999999999018, 1
2906.44399999999996, 67.439747061141730455, 2906.1630000000000109, 1, 2906.44399999999996, 53.795497045411302395, 2906.1630000000000109, 1, 2906.44399999999996, 35.127170910020481642, 2906.1630000000000109, 1, 2906.44399999999996, 47.419153880059553785, 2906.1630000000000109, 1
2906.4529999999999745, 67.439737243348517381, 2906.1680000000001201, 1, 2906.4529999999999745, 53.795513586460188549, 2906.1680000000001201, 1, 2906.4529999999999745, 35.127180860112133587, 2906.1680000000001201, 1, 2906.4529999999999745, 47.41914109724093862, 2906.1680000000001201, 1
2906.4630000000001928, 67.642688380898562173, 2906.1729999999997744, 1, 2906.4630000000001928, 54.197055012931407703, 2906.1729999999997744, 1, 2906.4630000000001928, 35.526522874429524279, 2906.1729999999997744, 1, 2906.4630000000001928, 47.417914510676880013, 2906.1729999999997744, 1
2906.4729999999999563, 67.439717116685201859, 2906.1790000000000873, 1, 2906.4729999999999563, 53.795547494897022034, 2906.1790000000000873, 1, 2906.4729999999999563, 35.127202331342495256, 2906.1790000000000873, 1, 2906.4729999999999563, 47.419113513307976859, 2906.1790000000000873, 1
2906.4830000000001746, 67.43970729872764025, 2906.1840000000001965, 1, 2906.4830000000001746, 53.795564035238257361, 2906.1840000000001965, 1, 2906.4830000000001746, 35.127212805122880468, 2906.1840000000001965, 1, 2906.4830000000001746, 47.419100057739200338, 2906.1840000000001965, 1
2906.4929999999999382, 67.439697480710123045, 2906.1889999999998508, 1, 2906.4929999999999382, 53.79558057535689386, 2906.1889999999998508, 1, 2906.4929999999999382, 35.127223278889488256, 2906.1889999999998508, 1, 2906.4929999999999382, 47.419085929412389646, 2906.1889999999998508, 1
2906.5030000000001564, 67.642635691689974919, 2906.193000000000211, 1, 2906.5030000000001564, 54.197115257824549417, 2906.193000000000211, 1, 2906.5030000000001564, 35.526572832673750213, 2906.193000000000211, 1, 2906.5030000000001564, 47.417854091866246335, 2906.193000000000211, 1
2906.51299999999992, 67.439677844523131967, 2906.1999999999998181, 1, 2906.51299999999992, 53.795613654905864109, 2906.1999999999998181, 1, 2906.51299999999992, 35.127244226442840613, 2906.1999999999998181, 1, 2906.51299999999992, 47.419059691128126133, 2906.1999999999998181, 1
2906.5230000000001382, 67.439668026342403095, 2906.2029999999999745, 1, 2906.5230000000001382, 53.795630194327067386, 2906.2029999999999745, 1, 2906.5230000000001382, 35.127254700215566174, 2906.2029999999999745, 1, 2906.5230000000001382, 47.419046235616164608, 2906.2029999999999745, 1
2906.5329999999999018, 67.439658208117634786, 2906.2080000000000837, 1, 2906.5329999999999018, 53.795646733529892458, 2906.2080000000000837, 1, 2906.5329999999999018, 35.127265173997805903, 2906.2080000000000837, 1, 2906.5329999999999018, 47.419032780119039217, 2906.2080000000000837, 1
2906.543999999999869, 67.439648389833180886, 2906.2130000000001928, 1, 2906.543999999999869, 53.795663272500647167, 2906.2130000000001928, 1, 2906.543999999999869, 35.127275647771071476, 2906.2130000000001928, 1, 2906.543999999999869, 47.419019324617032396, 2906.2130000000001928, 1
2906.5529999999998836, 67.642574549053023247, 2906.2179999999998472, 1, 2906.5529999999998836, 54.197191376271817376, 2906.2179999999998472, 1, 2906.5529999999998836, 35.526634153290913787, 2906.2179999999998472, 1, 2906.5529999999998836, 47.417782118182984163, 2906.2179999999998472, 1
2906.5630000000001019, 67.642565648783204324, 2906.2229999999999563, 1, 2906.5630000000001019, 54.197208087448082381, 2906.2229999999999563, 1, 2906.5630000000001019, 35.526646113584575915, 2906.2229999999999563, 1, 2906.5630000000001019, 47.41776852273376619, 2906.2229999999999563, 1
2906.5729999999998654, 67.642556748419295332, 2906.2280000000000655, 1, 2906.5729999999998654, 54.197224798352721109, 2906.2280000000000655, 1, 2906.5729999999998654, 35.526658073834767038, 2906.2280000000000655, 1, 2906.5729999999998654, 47.41775492728984176, 2906.2280000000000655, 1
2906.5830000000000837, 67.64254784797243758, 2906.2339999999999236, 1, 2906.5830000000000837, 54.197241508993769799, 2906.2339999999999236, 1, 2906.5830000000000837, 35.526670034072317605, 2906.2339999999999236, 1, 2906.5830000000000837, 47.417740652076346919, 2906.2339999999999236, 1
2906.5929999999998472, 67.642524157017248854, 2906.2390000000000327, 1, 2906.5929999999998472, 54.197251606734567986, 2906.2390000000000327, 1, 2906.5929999999998472, 35.526683344846958335, 2906.2390000000000327, 1, 2906.5929999999998472, 47.417722901151414305, 2906.2390000000000327, 1
2906.6030000000000655, 67.642513407899812705, 2906.2440000000001419, 1, 2906.6030000000000655, 54.197267490472100349, 2906.2440000000001419, 1, 2906.6030000000000655, 35.526695473902776712, 2906.2440000000001419, 1, 2906.6030000000000655, 47.417709466160140153, 2906.2440000000001419, 1
2906.612999999999829, 67.642504507442481554, 2906.2489999999997963, 1, 2906.612999999999829, 54.197284200496731899, 2906.2489999999997963, 1, 2906.612999999999829, 35.526707434128510954, 2906.2489999999997963, 1, 2906.612999999999829, 47.417695191047734227, 2906.2489999999997963, 1
2906.6230000000000473, 67.642495606902684813, 2906.2530000000001564, 1, 2906.6230000000000473, 54.19730091024830898, 2906.2530000000001564, 1, 2906.6230000000000473, 35.526719394316828016, 2906.2530000000001564, 1, 2906.6230000000000473, 47.417681595687518836, 2906.2530000000001564, 1
2906.6329999999998108, 67.642471917757561073, 2906.2590000000000146, 1, 2906.6329999999998108, 54.197311008278177269, 2906.2590000000000146, 1, 2906.6329999999998108, 35.526732705281915514, 2906.2590000000000146, 1, 2906.6329999999998108, 47.417664525403587561, 2906.2590000000000146, 1
2906.6430000000000291, 67.439550204073157147, 2906.262000000000171, 1, 2906.6430000000000291, 53.795828649574872315, 2906.262000000000171, 1, 2906.6430000000000291, 35.127380385538359064, 2906.262000000000171, 1, 2906.6430000000000291, 47.418884770389865935, 2906.262000000000171, 1
2906.6529999999997926, 67.439541367099266722, 2906.2689999999997781, 1, 2906.6529999999997926, 53.7958435323875932, 2906.2689999999997781, 1, 2906.6529999999997926, 35.12738981193119514, 2906.2689999999997781, 1, 2906.6529999999997926, 47.418872660560900556, 2906.2689999999997781, 1
2906.6729999999997744, 67.642431319126572475, 2906.2730000000001382, 1, 2906.6729999999997744, 54.197352854246048537, 2906.2730000000001382, 1, 2906.6729999999997744, 35.526769338754895955, 2906.2730000000001382, 1, 2906.6729999999997744, 47.41762026530096108, 2906.2730000000001382, 1
2906.6729999999997744, 67.642421528536587516, 2906.2779999999997926, 1, 2906.6729999999997744, 54.197371233880403452, 2906.2779999999997926, 1, 2906.6729999999997744, 35.526782494945273072, 2906.2779999999997926, 1, 2906.6729999999997744, 47.417605310589351575, 2906.2779999999997926, 1
2906.6829999999999927, 67.642412627916797874, 2906.2829999999999018, 1, 2906.6829999999999927, 54.197387942355106816, 2906.2829999999999018, 1, 2906.6829999999999927, 35.526793857075134042, 2906.2829999999999018, 1, 2906.6829999999999927, 47.417592395164859909, 2906.2829999999999018, 1
2906.69399999999996, 67.642403727208048281, 2906.2890000000002146, 1, 2906.69399999999996, 54.197404650566312512, 2906.2890000000002146, 1, 2906.69399999999996, 35.526805817213769956, 2906.2890000000002146, 1, 2906.69399999999996, 47.417578799980724114, 2906.2890000000002146, 1
2906.7029999999999745, 67.642394826413692499, 2906.2930000000001201, 1, 2906.7029999999999745, 54.197421358507583022, 2906.2930000000001201, 1, 2906.7029999999999745, 35.526817777302653667, 2906.2930000000001201, 1, 2906.7029999999999745, 47.417564525038400802, 2906.2930000000001201, 1
2906.7229999999999563, 67.439481470874952151, 2906.2979999999997744, 1, 2906.7229999999999563, 53.795944399873889097, 2906.2979999999997744, 1, 2906.7229999999999563, 35.127453701964697075, 2906.2979999999997744, 1, 2906.7229999999999563, 47.418789910374258056, 2906.2979999999997744, 1
2906.7330000000001746, 67.439471651637703076, 2906.3040000000000873, 1, 2906.7330000000001746, 53.795960934721819058, 2906.3040000000000873, 1, 2906.7330000000001746, 35.127464175751924813, 2906.3040000000000873, 1, 2906.7330000000001746, 47.418777127867890897, 2906.3040000000000873, 1
2906.7330000000001746, 67.43946183235007652, 2906.3079999999999927, 1, 2906.7330000000001746, 53.795977469326388132, 2906.3079999999999927, 1, 2906.7330000000001746, 35.127474649524273786, 2906.3079999999999927, 1, 2906.7330000000001746, 47.418763672594920422, 2906.3079999999999927, 1
2906.7530000000001564, 67.642329654792789029, 2906.3139999999998508, 1, 2906.7530000000001564, 54.197474970649487602, 2906.3139999999998508, 1, 2906.7530000000001564, 35.526868320267169565, 2906.3139999999998508, 1, 2906.7530000000001564, 47.41750183869297075, 2906.3139999999998508, 1
2906.7530000000001564, 67.642321199040608803, 2906.318000000000211, 1, 2906.7530000000001564, 54.19749167757674968, 2906.318000000000211, 1, 2906.7530000000001564, 35.526880280343853258, 2906.318000000000211, 1, 2906.7530000000001564, 47.417488243661679803, 2906.318000000000211, 1
2906.76299999999992, 67.439433356092493455, 2906.3240000000000691, 1, 2906.76299999999992, 53.796026245095305285, 2906.3240000000000691, 1, 2906.76299999999992, 35.12750607085750687, 2906.3240000000000691, 1, 2906.76299999999992, 47.418723306882043289, 2906.3240000000000691, 1
2906.7739999999998872, 67.439423045616621266, 2906.3279999999999745, 1, 2906.7739999999998872, 53.796042778798778272, 2906.3279999999999745, 1, 2906.7739999999998872, 35.127516544637622076, 2906.3279999999999745, 1, 2906.7739999999998872, 47.418709851679864187, 2906.3279999999999745, 1
2906.7829999999999018, 67.439412735076160743, 2906.3330000000000837, 1, 2906.7829999999999018, 53.796060138947169094, 2906.3330000000000837, 1, 2906.7829999999999018, 35.127527018414454574, 2906.3330000000000837, 1, 2906.7829999999999018, 47.418696396469414367, 2906.3330000000000837, 1
2906.7930000000001201, 67.642270368681693071, 2906.3380000000001928, 1, 2906.7930000000001201, 54.197551895680106782, 2906.3380000000001928, 1, 2906.7930000000001201, 35.526929472103745411, 2906.3380000000001928, 1, 2906.7930000000001201, 47.417430391543433643, 2906.3380000000001928, 1
2906.8029999999998836, 67.642259620111204299, 2906.3429999999998472, 1, 2906.8029999999998836, 54.197567775617656594, 2906.3429999999998472, 1, 2906.8029999999998836, 35.526941601091309053, 2906.3429999999998472, 1, 2906.8029999999998836, 47.417416277667356894, 2906.3429999999998472, 1
2906.8240000000000691, 67.642250719060527331, 2906.3490000000001601, 1, 2906.8240000000000691, 54.197584481128444622, 2906.3490000000001601, 1, 2906.8240000000000691, 35.526953561077945665, 2906.3490000000001601, 1, 2906.8240000000000691, 47.417402682739208331, 2906.3490000000001601, 1
2906.8240000000000691, 67.642241372855608006, 2906.3539999999998145, 1, 2906.8240000000000691, 54.197602021620923551, 2906.3539999999998145, 1, 2906.8240000000000691, 35.526966119043763115, 2906.3539999999998145, 1, 2906.8240000000000691, 47.41738840807764177, 2906.3539999999998145, 1
2906.8339999999998327, 67.439362654488689941, 2906.3580000000001746, 1, 2906.8339999999998327, 53.796144456039009185, 2906.3580000000001746, 1, 2906.8339999999998327, 35.127580434695033773, 2906.3580000000001746, 1, 2906.8339999999998327, 47.418627775133614932, 2906.3580000000001746, 1
2906.8449999999997999, 67.439352834604051168, 2906.3670000000001892, 1, 2906.8449999999997999, 53.7961609881049867, 2906.3670000000001892, 1, 2906.8449999999997999, 35.127590908464711106, 2906.3670000000001892, 1, 2906.8449999999997999, 47.418614320005247009, 2906.3670000000001892, 1
2906.8539999999998145, 67.439343014664984821, 2906.3690000000001419, 1, 2906.8539999999998145, 53.796177519940229672, 2906.3690000000001419, 1, 2906.8539999999998145, 35.127601382247917172, 2906.3690000000001419, 1, 2906.8539999999998145, 47.418600864896049529, 2906.3690000000001419, 1
2906.8640000000000327, 67.642181752440663445, 2906.3730000000000473, 1, 2906.8640000000000327, 54.197658106545503642, 2906.3730000000000473, 1, 2906.8640000000000327, 35.527016155786057539, 2906.3730000000000473, 1, 2906.8640000000000327, 47.417327283566450546, 2906.3730000000000473, 1
2906.875, 67.439323865639991595, 2906.3780000000001564, 1, 2906.875, 53.796209756356176968, 2906.3780000000001564, 1, 2906.875, 35.127621806105508995, 2906.3780000000001564, 1, 2906.875, 47.418574627450162495, 2906.3780000000001564, 1
2906.8840000000000146, 67.439313554534564332, 2906.3829999999998108, 1, 2906.8840000000000146, 53.79622711406898361, 2906.3829999999998108, 1, 2906.8840000000000146, 35.127632803585399301, 2906.3829999999998108, 1, 2906.8840000000000146, 47.418560499619331949, 2906.3829999999998108, 1
2906.8939999999997781, 67.439303734390819045, 2906.38799999999992, 1, 2906.8939999999997781, 53.796243644993822386, 2906.38799999999992, 1, 2906.8939999999997781, 35.127643277356852991, 2906.38799999999992, 1, 2906.8939999999997781, 47.418547044542670221, 2906.38799999999992, 1
2906.9050000000002001, 67.439293914184460732, 2906.3930000000000291, 1, 2906.9050000000002001, 53.796260175681226201, 2906.3930000000000291, 1, 2906.9050000000002001, 35.127653751132584148, 2906.3930000000000291, 1, 2906.9050000000002001, 47.418533589497329217, 2906.3930000000000291, 1
2906.9140000000002146, 67.6421220242728225, 2906.4000000000000909, 1, 2906.9140000000002146, 54.197736691284980282, 2906.4000000000000909, 1, 2906.9140000000002146, 35.527078503508363383, 2906.4000000000000909, 1, 2906.9140000000002146, 47.417253800434735922, 2906.4000000000000909, 1
2906.9239999999999782, 67.642107582115343689, 2906.4029999999997926, 1, 2906.9239999999999782, 54.197750918055817237, 2906.4029999999997926, 1, 2906.9239999999999782, 35.527090970525215141, 2906.4029999999997926, 1, 2906.9239999999999782, 47.417238649715088172, 2906.4029999999997926, 1
2906.9349999999999454, 67.642098680667729127, 2906.4079999999999018, 1, 2906.9349999999999454, 54.197766785679533541, 2906.4079999999999018, 1, 2906.9349999999999454, 35.527102332378262872, 2906.4079999999999018, 1, 2906.9349999999999454, 47.417225734779165691, 2906.4079999999999018, 1
2906.94399999999996, 67.642089779152087203, 2906.4130000000000109, 1, 2906.94399999999996, 54.197783488177755373, 2906.4130000000000109, 1, 2906.94399999999996, 35.527114292203862078, 2906.4130000000000109, 1, 2906.94399999999996, 47.417212140108830454, 2906.4130000000000109, 1
2906.9639999999999418, 67.642067950249241903, 2906.418999999999869, 1, 2906.9639999999999418, 54.197794413296804805, 2906.418999999999869, 1, 2906.9639999999999418, 35.527127435516476339, 2906.418999999999869, 1, 2906.9639999999999418, 47.417194915169886826, 2906.418999999999869, 1
2906.9729999999999563, 67.642059048745636574, 2906.4229999999997744, 1, 2906.9729999999999563, 54.197811115399787241, 2906.4229999999997744, 1, 2906.9729999999999563, 35.527139395338316774, 2906.4229999999997744, 1, 2906.9729999999999563, 47.417181320576517578, 2906.4229999999997744, 1
2906.9839999999999236, 67.64203906750563533, 2906.4290000000000873, 1, 2906.9839999999999236, 54.19782286596563381, 2906.4290000000000873, 1, 2906.9839999999999236, 35.527152369668570486, 2906.4290000000000873, 1, 2906.9839999999999236, 47.417164614679393253, 2906.4290000000000873, 1
2906.9940000000001419, 67.439216332710884672, 2906.4329999999999927, 1, 2906.9940000000001419, 53.796390760075261994, 2906.4329999999999927, 1, 2906.9940000000001419, 35.12773649399608189, 2906.4329999999999927, 1, 2906.9940000000001419, 47.418427294984894615, 2906.4329999999999927, 1
2906.9940000000001419, 67.439206512035696051, 2906.4380000000001019, 1, 2906.9940000000001419, 53.796407288711833417, 2906.4380000000001019, 1, 2906.9940000000001419, 35.127746967783515686, 2906.4380000000001019, 1, 2906.9940000000001419, 47.418413840040017249, 2906.4380000000001019, 1
2907.0140000000001237, 67.439195709241005261, 2906.443000000000211, 1, 2907.0140000000001237, 53.796425469968930599, 2906.443000000000211, 1, 2907.0140000000001237, 35.127758488936123626, 2906.443000000000211, 1, 2907.0140000000001237, 47.418399039604764766, 2906.443000000000211, 1
2907.0140000000001237, 67.439185888451163464, 2906.4479999999998654, 1, 2907.0140000000001237, 53.796441998137495943, 2906.4479999999998654, 1, 2907.0140000000001237, 35.127768962714398526, 2906.4479999999998654, 1, 2907.0140000000001237, 47.4183855846863338, 2906.4479999999998654, 1
2907.0270000000000437, 67.43917606760632566, 2906.4529999999999745, 1, 2907.0270000000000437, 53.796458526077486795, 2906.4529999999999745, 1, 2907.0270000000000437, 35.127779436500631505, 2906.4529999999999745, 1, 2907.0270000000000437, 47.418372129775534063, 2906.4529999999999745, 1
2907.0340000000001055, 67.641969040136928015, 2906.4589999999998327, 1, 2907.0340000000001055, 54.197915646818472624, 2906.4589999999998327, 1, 2907.0340000000001055, 35.527225650299968152, 2906.4589999999998327, 1, 2907.0340000000001055, 47.417078381497688611, 2906.4589999999998327, 1
2907.043999999999869, 67.641960138356651555, 2906.4630000000001928, 1, 2907.043999999999869, 54.197932347094678107, 2906.4630000000001928, 1, 2907.043999999999869, 35.527237610024990033, 2906.4630000000001928, 1, 2907.043999999999869, 47.417064787062578546, 2906.4630000000001928, 1
2907.0540000000000873, 67.64195123649714958, 2906.4679999999998472, 1, 2907.0540000000000873, 54.197949047105097975, 2906.4679999999998472, 1, 2907.0540000000000873, 35.527249569728788003, 2906.4679999999998472, 1, 2907.0540000000000873, 47.417051192613641319, 2906.4679999999998472, 1
2907.0740000000000691, 67.439136783720613266, 2906.4729999999999563, 1, 2907.0740000000000691, 53.796524635543605086, 2906.4729999999999563, 1, 2907.0740000000000691, 35.127821331615450617, 2906.4729999999999563, 1, 2907.0740000000000691, 47.418318310262378645, 2906.4729999999999563, 1
2907.0740000000000691, 67.439126962613016758, 2906.4780000000000655, 1, 2907.0740000000000691, 53.796541162334960973, 2906.4780000000000655, 1, 2907.0740000000000691, 35.127831805407609522, 2906.4780000000000655, 1, 2907.0740000000000691, 47.418304855414049825, 2906.4780000000000655, 1
2907.0839999999998327, 67.43911763252137348, 2906.4830000000001746, 1, 2907.0839999999998327, 53.796557688900961125, 2906.4830000000001746, 1, 2907.0839999999998327, 35.127842279183191465, 2906.4830000000001746, 1, 2907.0839999999998327, 47.418291400569721361, 2906.4830000000001746, 1
2907.0940000000000509, 67.43910830237051357, 2906.487999999999829, 1, 2907.0940000000000509, 53.796574215235047234, 2906.487999999999829, 1, 2907.0940000000000509, 35.127852752957473115, 2906.487999999999829, 1, 2907.0940000000000509, 47.418277945756173608, 2906.487999999999829, 1
2907.1050000000000182, 67.641879481403321961, 2906.4929999999999382, 1, 2907.1050000000000182, 54.198020171072258222, 2906.4929999999999382, 1, 2907.1050000000000182, 35.527311905494258326, 2906.4929999999999382, 1, 2907.1050000000000182, 47.416974766283104259, 2906.4929999999999382, 1
2907.1140000000000327, 70.12497231553723509, 2906.4980000000000473, 1, 2907.1140000000000327, 43.358425488166474793, 2906.4980000000000473, 1, 2907.1140000000000327, 28.421856221797465736, 2906.4980000000000473, 1, 2907.1140000000000327, 67.016905525540806821, 2906.4980000000000473, 1
2907.1340000000000146, 97.88588619057627227, 2906.5030000000001564, 1, 2907.1340000000000146, 0, 2906.5030000000001564, 1, 2907.1340000000000146, 0, 2906.5030000000001564, 1, 2907.1340000000000146, 102.02329922737335721, 2906.5030000000001564, 1
2907.1350000000002183, 98.870689447307825048, 2906.5079999999998108, 1, 2907.1350000000002183, 0, 2906.5079999999998108, 1, 2907.1350000000002183, 0, 2906.5079999999998108, 1, 2907.1350000000002183, 41.078752626532867964, 2906.5079999999998108, 1
2907.1439999999997781, 96.503739344710709247, 2906.51299999999992, 1, 2907.1439999999997781, 0, 2906.51299999999992, 1, 2907.1439999999997781, 0, 2906.51299999999992, 1, 2907.1439999999997781, 55.160222664373563362, 2906.51299999999992, 1
2907.1539999999999964, 96.966383848225476072, 2906.5189999999997781, 1, 2907.1539999999999964, 0, 2906.5189999999997781, 1, 2907.1539999999999964, 0, 2906.5189999999997781, 1, 2907.1539999999999964, 74.554790039003208335, 2906.5189999999997781, 1
2907.1640000000002146, 96.818536551128971723, 2906.5239999999998872, 1, 2907.1640000000002146, 0, 2906.5239999999998872, 1, 2907.1640000000002146, 0, 2906.5239999999998872, 1, 2907.1640000000002146, 97.014189121031549234, 2906.5239999999998872, 1
2907.1739999999999782, 95.180611136235512504, 2906.5279999999997926, 1, 2907.1739999999999782, 0, 2906.5279999999997926, 1, 2907.1739999999999782, 0, 2906.5279999999997926, 1, 2907.1739999999999782, 115.53810857378174148, 2906.5279999999997926, 1
2907.1840000000001965, 92.683053925271266849, 2906.5340000000001055, 1, 2907.1840000000001965, 0, 2906.5340000000001055, 1, 2907.1840000000001965, 0, 2906.5340000000001055, 1, 2907.1840000000001965, 130.47363638669071406, 2906.5340000000001055, 1
2907.2040000000001783, 89.493950475152900026, 2906.5380000000000109, 1, 2907.2040000000001783, 0, 2906.5380000000000109, 1, 2907.2040000000001783, 0, 2906.5380000000000109, 1, 2907.2040000000001783, 141.89150956496030176, 2906.5380000000000109, 1
2907.2049999999999272, 85.496083656375333248, 2906.543999999999869, 1, 2907.2049999999999272, 0, 2906.543999999999869, 1, 2907.2049999999999272, 0, 2906.543999999999869, 1, 2907.2049999999999272, 152.68416464797121535, 2906.543999999999869, 1
2907.2139999999999418, 79.158413299654483808, 2906.5479999999997744, 1, 2907.2139999999999418, 0, 2906.5479999999997744, 1, 2907.2139999999999418, 0, 2906.5479999999997744, 1, 2907.2139999999999418, 146.94578988687359811, 2906.5479999999997744, 1
2907.2240000000001601, 78.818100111312816125, 2906.5540000000000873, 1, 2907.2240000000001601, 0, 2906.5540000000000873, 1, 2907.2240000000001601, 0, 2906.5540000000000873, 1, 2907.2240000000001601, 150.35984989561984548, 2906.5540000000000873, 1
2907.2339999999999236, 79.290909005729574233, 2906.5590000000001965, 1, 2907.2339999999999236, 0, 2906.5590000000001965, 1, 2907.2339999999999236, 293.7413968090664298, 2906.5590000000001965, 1, 2907.2339999999999236, 113.60408276012269368, 2906.5590000000001965, 1
2907.2440000000001419, 61.691289888352123683, 2906.5630000000001019, 1, 2907.2440000000001419, 91.933361716625228155, 2906.5630000000001019, 1, 2907.2440000000001419, 100.08979166605557509, 2906.5630000000001019, 1, 2907.2440000000001419, 49.395808616332786301, 2906.5630000000001019, 1
2907.2539999999999054, 32.44860770863663646, 2906.56899999999996, 1, 2907.2539999999999054, 39.447159336354410186, 2906.56899999999996, 1, 2907.2539999999999054, 69.153094644539649494, 2906.56899999999996, 1, 2907.2539999999999054, 63.637620475253683594, 2906.56899999999996, 1
2907.2640000000001237, 32.547515798882841409, 2906.5729999999998654, 1, 2907.2640000000001237, 15.291211872898546886, 2906.5729999999998654, 1, 2907.2640000000001237, 46.457159456374341744, 2906.5729999999998654, 1, 2907.2640000000001237, 68.709816359311531642, 2906.5729999999998654, 1
2907.2739999999998872, 42.769952292864566346, 2906.5779999999999745, 1, 2907.2739999999998872, 11.230825961151467141, 2906.5779999999999745, 1, 2907.2739999999998872, 38.698506404962337513, 2906.5779999999999745, 1, 2907.2739999999998872, 69.243110977088832669, 2906.5779999999999745, 1
2907.2840000000001055, 55.283026091768647348, 2906.5839999999998327, 1, 2907.2840000000001055, 11.029138872874222344, 2906.5839999999998327, 1, 2907.2840000000001055, 36.452847650273788815, 2906.5839999999998327, 1, 2907.2840000000001055, 70.19960762154479994, 2906.5839999999998327, 1
2907.293999999999869, 64.875348821100971008, 2906.5889999999999418, 1, 2907.293999999999869, 11.942207300542698079, 2906.5889999999999418, 1, 2907.293999999999869, 36.143369800869791675, 2906.5889999999999418, 1, 2907.293999999999869, 72.186726871098414904, 2906.5889999999999418, 1
2907.3049999999998363, 69.695203099847802264, 2906.5949999999997999, 1, 2907.3049999999998363, 12.768880523324520837, 2906.5949999999997999, 1, 2907.3049999999998363, 35.891981454559243048, 2906.5949999999997999, 1, 2907.3049999999998363, 72.219906681339239185, 2906.5949999999997999, 1
2907.3159999999998035, 68.410112318120383179, 2906.5990000000001601, 1, 2907.3159999999998035, 13.281124345770468409, 2906.5990000000001601, 1, 2907.3159999999998035, 38.551162256748483514, 2906.5990000000001601, 1, 2907.3159999999998035, 72.471663704374932991, 2906.5990000000001601, 1
2907.3279999999999745, 40.078701914942236328, 2906.6030000000000655, 1, 2907.3279999999999745, 18.350379597026034162, 2906.6030000000000655, 1, 2907.3279999999999745, 54.869677223457330228, 2906.6030000000000655, 1, 2907.3279999999999745, 48.708846992238719054, 2906.6030000000000655, 1
2907.3440000000000509, 0, 2906.6089999999999236, 1, 2907.3440000000000509, 51.999676305105282381, 2906.6089999999999236, 1, 2907.3440000000000509, 85.934530768189915761, 2906.6089999999999236, 1, 2907.3440000000000509, 0, 2906.6089999999999236, 1
2907.3539999999998145, 0, 2906.612999999999829, 1, 2907.3539999999998145, 82.53842586838771922, 2906.612999999999829, 1, 2907.3539999999998145, 92.547713313163910698, 2906.612999999999829, 1, 2907.3539999999998145, 0, 2906.612999999999829, 1
2907.3539999999998145, 0, 2906.6190000000001419, 1, 2907.3539999999998145, 100.33122518396413625, 2906.6190000000001419, 1, 2907.3539999999998145, 91.481375670145467893, 2906.6190000000001419, 1, 2907.3539999999998145, 0, 2906.6190000000001419, 1
2907.3649999999997817, 0, 2906.625, 1, 2907.3649999999997817, 110.96489884594981845, 2906.625, 1, 2907.3649999999997817, 88.482465641452563432, 2906.625, 1, 2907.3649999999997817, 0, 2906.625, 1
2907.375, 0, 2906.6280000000001564, 1, 2907.375, 114.6853938902689265, 2906.6280000000001564, 1, 2907.375, 88.927063167272635269, 2906.6280000000001564, 1, 2907.375, 0, 2906.6280000000001564, 1
2907.3789999999999054, 0, 2906.6329999999998108, 1, 2907.3789999999999054, 117.3222432587697881, 2906.6329999999998108, 1, 2907.3789999999999054, 84.114496243388799712, 2906.6329999999998108, 1, 2907.3789999999999054, 0, 2906.6329999999998108, 1
2907.3930000000000291, 0, 2906.63799999999992, 1, 2907.3930000000000291, 118.67629138678529443, 2906.63799999999992, 1, 2907.3930000000000291, 87.973929075423441759, 2906.63799999999992, 1, 2907.3930000000000291, 0, 2906.63799999999992, 1
2907.4039999999999964, 0, 2906.6430000000000291, 1, 2907.4039999999999964, 117.54641113642225037, 2906.6430000000000291, 1, 2907.4039999999999964, 87.617025411033665705, 2906.6430000000000291, 1, 2907.4039999999999964, 0, 2906.6430000000000291, 1
2907.4130000000000109, 0, 2906.6480000000001382, 1, 2907.4130000000000109, 115.05400731529400105, 2906.6480000000001382, 1, 2907.4130000000000109, 93.252414314841615806, 2906.6480000000001382, 1, 2907.4130000000000109, 0, 2906.6480000000001382, 1
2907.4229999999997744, 0, 2906.6539999999999964, 1, 2907.4229999999997744, 113.62731582406803454, 2906.6539999999999964, 1, 2907.4229999999997744, 95.728358878145002109, 2906.6539999999999964, 1, 2907.4229999999997744, 0, 2906.6539999999999964, 1
2907.4329999999999927, 0, 2906.6579999999999018, 1, 2907.4329999999999927, 111.90054278243459862, 2906.6579999999999018, 1, 2907.4329999999999927, 98.750058377911614116, 2906.6579999999999018, 1, 2907.4329999999999927, 0, 2906.6579999999999018, 1
2907.4540000000001783, 0, 2906.6630000000000109, 1, 2907.4540000000001783, 110.20929701513256305, 2906.6630000000000109, 1, 2907.4540000000001783, 101.11151879366121875, 2906.6630000000000109, 1, 2907.4540000000001783, 0, 2906.6630000000000109, 1
2907.4630000000001928, 0, 2906.6680000000001201, 1, 2907.4630000000001928, 108.51986123814248231, 2906.6680000000001201, 1, 2907.4630000000001928, 103.2712760376049772, 2906.6680000000001201, 1, 2907.4630000000001928, 0, 2906.6680000000001201, 1
2907.4630000000001928, 0, 2906.6720000000000255, 1, 2907.4630000000001928, 107.34513992356312428, 2906.6720000000000255, 1, 2907.4630000000001928, 104.26273523364235984, 2906.6720000000000255, 1, 2907.4630000000001928, 0, 2906.6720000000000255, 1
2907.4740000000001601, 0, 2906.6779999999998836, 1, 2907.4740000000001601, 106.02287260949660208, 2906.6779999999998836, 1, 2907.4740000000001601, 98.614982751461354837, 2906.6779999999998836, 1, 2907.4740000000001601, 0, 2906.6779999999998836, 1
2907.4839999999999236, 0, 2906.6829999999999927, 1, 2907.4839999999999236, 104.94478360550544949, 2906.6829999999999927, 1, 2907.4839999999999236, 100.10310045609369922, 2906.6829999999999927, 1, 2907.4839999999999236, 0, 2906.6829999999999927, 1
2907.5039999999999054, 0, 2906.6889999999998508, 1, 2907.5039999999999054, 103.81275689114846728, 2906.6889999999998508, 1, 2907.5039999999999054, 102.87030797880433397, 2906.6889999999998508, 1, 2907.5039999999999054, 0, 2906.6889999999998508, 1
2907.5140000000001237, 0, 2906.6959999999999127, 1, 2907.5140000000001237, 102.52762603782747419, 2906.6959999999999127, 1, 2907.5140000000001237, 108.25513667487453517, 2906.6959999999999127, 1, 2907.5140000000001237, 0, 2906.6959999999999127, 1
2907.5239999999998872, 0, 2906.6979999999998654, 1, 2907.5239999999998872, 100.6227218743728713, 2906.6979999999998654, 1, 2907.5239999999998872, 106.39285497025431937, 2906.6979999999998654, 1, 2907.5239999999998872, 0, 2906.6979999999998654, 1
2907.5239999999998872, 0, 2906.7029999999999745, 1, 2907.5239999999998872, 99.466864805258779825, 2906.7029999999999745, 1, 2907.5239999999998872, 108.07535424331814511, 2906.7029999999999745, 1, 2907.5239999999998872, 0, 2906.7029999999999745, 1
2907.5340000000001055, 0, 2906.7080000000000837, 1, 2907.5340000000001055, 97.901200989289620225, 2906.7080000000000837, 1, 2907.5340000000001055, 110.80614944006487121, 2906.7080000000000837, 1, 2907.5340000000001055, 0, 2906.7080000000000837, 1
2907.5450000000000728, 309.37029101441214607, 2906.7130000000001928, 1, 2907.5450000000000728, 97.658767099972976666, 2906.7130000000001928, 1, 2907.5450000000000728, 110.09053402476629913, 2906.7130000000001928, 1, 2907.5450000000000728, 0, 2906.7130000000001928, 1
2907.5639999999998508, 318.29986259859441589, 2906.7170000000000982, 1, 2907.5639999999998508, 55.576199377158360448, 2906.7170000000000982, 1, 2907.5639999999998508, 115.16498359802733376, 2906.7170000000000982, 1, 2907.5639999999998508, 0, 2906.7170000000000982, 1
2907.5749999999998181, 168.33631851382060063, 2906.7229999999999563, 1, 2907.5749999999998181, 7.803322603960147319, 2906.7229999999999563, 1, 2907.5749999999998181, 62.211493986779643706, 2906.7229999999999563, 1, 2907.5749999999998181, 170.53744014336149348, 2906.7229999999999563, 1
2907.5749999999998181, 42.783046462460163184, 2906.7280000000000655, 1, 2907.5749999999998181, 0, 2906.7280000000000655, 1, 2907.5749999999998181, 22.124290207461740465, 2906.7280000000000655, 1, 2907.5749999999998181, 60.254679932214187943, 2906.7280000000000655, 1
2907.5839999999998327, 24.275219880486961443, 2906.7330000000001746, 1, 2907.5839999999998327, 0, 2906.7330000000001746, 1, 2907.5839999999998327, 24.501738209135087487, 2906.7330000000001746, 1, 2907.5839999999998327, 36.557673505539135306, 2906.7330000000001746, 1
2907.5949999999997999, 31.622190588615744389, 2906.737999999999829, 1, 2907.5949999999997999, 0, 2906.737999999999829, 1, 2907.5949999999997999, 27.632046771465912371, 2906.737999999999829, 1, 2907.5949999999997999, 25.43315622506086271, 2906.737999999999829, 1
2907.6039999999998145, 53.549479215628238649, 2906.7429999999999382, 1, 2907.6039999999998145, 53.970573674639169326, 2906.7429999999999382, 1, 2907.6039999999998145, 29.497073376152957991, 2906.7429999999999382, 1, 2907.6039999999998145, 28.667024446584129294, 2906.7429999999999382, 1
2907.6149999999997817, 66.75991225795009143, 2906.7480000000000473, 1, 2907.6149999999997817, 46.366650028482780499, 2906.7480000000000473, 1, 2907.6149999999997817, 31.427304865870144823, 2906.7480000000000473, 1, 2907.6149999999997817, 24.567386140932164551, 2906.7480000000000473, 1
2907.6269999999999527, 71.233722131916479725, 2906.7539999999999054, 1, 2907.6269999999999527, 58.523792841084450345, 2906.7539999999999054, 1, 2907.6269999999999527, 31.148312171050015706, 2906.7539999999999054, 1, 2907.6269999999999527, 22.786927779384974713, 2906.7539999999999054, 1
2907.6439999999997781, 73.259732986120482678, 2906.7590000000000146, 1, 2907.6439999999997781, 63.723343564996341115, 2906.7590000000000146, 1, 2907.6439999999997781, 31.485686030379159916, 2906.7590000000000146, 1, 2907.6439999999997781, 23.485919615824428774, 2906.7590000000000146, 1
2907.6439999999997781, 41.861075905037523626, 2906.7640000000001237, 1, 2907.6439999999997781, 83.008593547541067892, 2906.7640000000001237, 1, 2907.6439999999997781, 130.45836764688095855, 2906.7640000000001237, 1, 2907.6439999999997781, 58.111203243821996978, 2906.7640000000001237, 1
2907.6539999999999964, 53.902388060919840029, 2906.7669999999998254, 1, 2907.6539999999999964, 0, 2906.7669999999998254, 1, 2907.6539999999999964, 0, 2906.7669999999998254, 1, 2907.6539999999999964, 58.148928709522138547, 2906.7669999999998254, 1
2907.6669999999999163, 87.098686306425690873, 2906.7750000000000909, 1, 2907.6669999999999163, 0, 2906.7750000000000909, 1, 2907.6669999999999163, 0, 2906.7750000000000909, 1, 2907.6669999999999163, 61.583354583151731276, 2906.7750000000000909, 1
2907.6750000000001819, 103.79963242719335881, 2906.7789999999999964, 1, 2907.6750000000001819, 0, 2906.7789999999999964, 1, 2907.6750000000001819, 0, 2906.7789999999999964, 1, 2907.6750000000001819, 67.134261395083527191, 2906.7789999999999964, 1
2907.6840000000001965, 117.72581044139705853, 2906.7829999999999018, 1, 2907.6840000000001965, 0, 2906.7829999999999018, 1, 2907.6840000000001965, 0, 2906.7829999999999018, 1, 2907.6840000000001965, 65.535366292260562204, 2906.7829999999999018, 1
2907.69399999999996, 121.12686672351736661, 2906.7880000000000109, 1, 2907.69399999999996, 0, 2906.7880000000000109, 1, 2907.69399999999996, 0, 2906.7880000000000109, 1, 2907.69399999999996, 71.642609660366275648, 2906.7880000000000109, 1
2907.7040000000001783, 122.47478742075824698, 2906.7930000000001201, 1, 2907.7040000000001783, 0, 2906.7930000000001201, 1, 2907.7040000000001783, 0, 2906.7930000000001201, 1, 2907.7040000000001783, 72.595060056195791276, 2906.7930000000001201, 1
2907.7130000000001928, 122.21934433273045784, 2906.7979999999997744, 1, 2907.7130000000001928, 0, 2906.7979999999997744, 1, 2907.7130000000001928, 0, 2906.7979999999997744, 1, 2907.7130000000001928, 75.222562959045333741, 2906.7979999999997744, 1
2907.7240000000001601, 121.50982949177702608, 2906.8029999999998836, 1, 2907.7240000000001601, 0, 2906.8029999999998836, 1, 2907.7240000000001601, 0, 2906.8029999999998836, 1, 2907.7240000000001601, 77.826629153369964342, 2906.8029999999998836, 1
2907.7339999999999236, 118.83751253283075755, 2906.8079999999999927, 1, 2907.7339999999999236, 0, 2906.8079999999999927, 1, 2907.7339999999999236, 0, 2906.8079999999999927, 1, 2907.7339999999999236, 82.863649870335478909, 2906.8079999999999927, 1
2907.7440000000001419, 117.60058807572644923, 2906.8130000000001019, 1, 2907.7440000000001419, 0, 2906.8130000000001019, 1, 2907.7440000000001419, 0, 2906.8130000000001019, 1, 2907.7440000000001419, 84.868386437058859428, 2906.8130000000001019, 1
2907.7539999999999054, 115.08710362687763507, 2906.8170000000000073, 1, 2907.7539999999999054, 0, 2906.8170000000000073, 1, 2907.7539999999999054, 0, 2906.8170000000000073, 1, 2907.7539999999999054, 89.55511929745992461, 2906.8170000000000073, 1
2907.7640000000001237, 113.16056253569604451, 2906.8240000000000691, 1, 2907.7640000000001237, 0, 2906.8240000000000691, 1, 2907.7640000000001237, 0, 2906.8240000000000691, 1, 2907.7640000000001237, 93.115314246673662524, 2906.8240000000000691, 1
2907.7739999999998872, 110.70377614307851388, 2906.8279999999999745, 1, 2907.7739999999998872, 0, 2906.8279999999999745, 1, 2907.7739999999998872, 0, 2906.8279999999999745, 1, 2907.7739999999998872, 94.749297169749368663, 2906.8279999999999745, 1
2907.7840000000001055, 109.52900261128586124, 2906.8330000000000837, 1, 2907.7840000000001055, 0, 2906.8330000000000837, 1, 2907.7840000000001055, 0, 2906.8330000000000837, 1, 2907.7840000000001055, 99.241454984658062699, 2906.8330000000000837, 1
2907.793999999999869, 108.00573234564681968, 2906.8389999999999418, 1, 2907.793999999999869, 0, 2906.8389999999999418, 1, 2907.793999999999869, 0, 2906.8389999999999418, 1, 2907.793999999999869, 100.54595218853398819, 2906.8389999999999418, 1
2907.8029999999998836, 106.69027687661369441, 2906.8429999999998472, 1, 2907.8029999999998836, 0, 2906.8429999999998472, 1, 2907.8029999999998836, 0, 2906.8429999999998472, 1, 2907.8029999999998836, 101.99615680846693522, 2906.8429999999998472, 1
2907.8139999999998508, 105.40478143379559128, 2906.8479999999999563, 1, 2907.8139999999998508, 0, 2906.8479999999999563, 1, 2907.8139999999998508, 0, 2906.8479999999999563, 1, 2907.8139999999998508, 103.93762783569982844, 2906.8479999999999563, 1
2907.8240000000000691, 102.71501592374782774, 2906.8530000000000655, 1, 2907.8240000000000691, 0, 2906.8530000000000655, 1, 2907.8240000000000691, 0, 2906.8530000000000655, 1, 2907.8240000000000691, 102.41300125402045751, 2906.8530000000000655, 1
2907.8339999999998327, 100.93058642762071031, 2906.8580000000001746, 1, 2907.8339999999998327, 0, 2906.8580000000001746, 1, 2907.8339999999998327, 0, 2906.8580000000001746, 1, 2907.8339999999998327, 106.83114643632728757, 2906.8580000000001746, 1
2907.8429999999998472, 99.29494207984485854, 2906.8640000000000327, 1, 2907.8429999999998472, 0, 2906.8640000000000327, 1, 2907.8429999999998472, 0, 2906.8640000000000327, 1, 2907.8429999999998472, 109.90889023724844265, 2906.8640000000000327, 1
2907.8640000000000327, 97.003687904652593943, 2906.8679999999999382, 1, 2907.8640000000000327, 0, 2906.8679999999999382, 1, 2907.8640000000000327, 0, 2906.8679999999999382, 1, 2907.8640000000000327, 109.21060129850840781, 2906.8679999999999382, 1
2907.8640000000000327, 92.820925961671449045, 2906.8730000000000473, 1, 2907.8640000000000327, 319.29514742686734508, 2906.8730000000000473, 1, 2907.8640000000000327, 0, 2906.8730000000000473, 1, 2907.8640000000000327, 110.47594613981502221, 2906.8730000000000473, 1
2907.8739999999997963, 35.983759812181894233, 2906.8780000000001564, 1, 2907.8739999999997963, 306.87832851993118766, 2906.8780000000001564, 1, 2907.8739999999997963, 0, 2906.8780000000001564, 1, 2907.8739999999997963, 118.74394185302836036, 2906.8780000000001564, 1
2907.8840000000000146, 3.2790353191214061113, 2906.8829999999998108, 1, 2907.8840000000000146, 239.55054149475472514, 2906.8829999999998108, 1, 2907.8840000000000146, 0, 2906.8829999999998108, 1, 2907.8840000000000146, 111.77909802790721017, 2906.8829999999998108, 1
2907.9050000000002001, 0, 2906.88799999999992, 1, 2907.9050000000002001, 50.754811933388943146, 2906.88799999999992, 1, 2907.9050000000002001, 125.51784563811044393, 2906.88799999999992, 1, 2907.9050000000002001, 73.436380118476378698, 2906.88799999999992, 1
2907.9059999999999491, 0, 2906.8930000000000291, 1, 2907.9059999999999491, 22.536845615779352414, 2906.8930000000000291, 1, 2907.9059999999999491, 45.964821512050725971, 2906.8930000000000291, 1, 2907.9059999999999491, 38.295821045141096306, 2906.8930000000000291, 1
2907.9149999999999636, 0, 2906.9020000000000437, 1, 2907.9149999999999636, 11.64146270033988273, 2906.9020000000000437, 1, 2907.9149999999999636, 18.632994456881352363, 2906.9020000000000437, 1, 2907.9149999999999636, 38.706519320121756778, 2906.9020000000000437, 1
2907.9349999999999454, 0, 2906.9029999999997926, 1, 2907.9349999999999454, 27.742528100601255403, 2906.9029999999997926, 1, 2907.9349999999999454, 20.332695682951076321, 2906.9029999999997926, 1, 2907.9349999999999454, 43.486250633444704761, 2906.9029999999997926, 1
2907.9349999999999454, 0, 2906.9079999999999018, 1, 2907.9349999999999454, 53.620776448942493175, 2906.9079999999999018, 1, 2907.9349999999999454, 24.915859424723642235, 2906.9079999999999018, 1, 2907.9349999999999454, 46.211183298867574365, 2906.9079999999999018, 1
2907.9549999999999272, 60.248266291904997161, 2906.9140000000002146, 1, 2907.9549999999999272, 75.160361196047347221, 2906.9140000000002146, 1, 2907.9549999999999272, 30.385779320549985982, 2906.9140000000002146, 1, 2907.9549999999999272, 47.100600643446369986, 2906.9140000000002146, 1
2907.9549999999999272, 73.039600846577314996, 2906.9180000000001201, 1, 2907.9549999999999272, 73.856505462107477911, 2906.9180000000001201, 1, 2907.9549999999999272, 32.281536186681442757, 2906.9180000000001201, 1, 2907.9549999999999272, 52.971419511224695498, 2906.9180000000001201, 1
2907.9650000000001455, 48.482954128792933091, 2906.9239999999999782, 1, 2907.9650000000001455, 67.000875630312890507, 2906.9239999999999782, 1, 2907.9650000000001455, 36.53001705119368836, 2906.9239999999999782, 1, 2907.9650000000001455, 36.823483829201336448, 2906.9239999999999782, 1
2907.9749999999999091, 0, 2906.9279999999998836, 1, 2907.9749999999999091, 75.933043726158217623, 2906.9279999999998836, 1, 2907.9749999999999091, 67.597066778195483039, 2906.9279999999998836, 1, 2907.9749999999999091, 0, 2906.9279999999998836, 1
2907.9850000000001273, 0, 2906.9329999999999927, 1, 2907.9850000000001273, 96.715957112135285456, 2906.9329999999999927, 1, 2907.9850000000001273, 79.194141092436780127, 2906.9329999999999927, 1, 2907.9850000000001273, 0, 2906.9329999999999927, 1
2907.9949999999998909, 0, 2906.9380000000001019, 1, 2907.9949999999998909, 109.79955053180179902, 2906.9380000000001019, 1, 2907.9949999999998909, 81.402097346925273769, 2906.9380000000001019, 1, 2907.9949999999998909, 0, 2906.9380000000001019, 1
2908.0149999999998727, 0, 2906.943000000000211, 1, 2908.0149999999998727, 118.20530652927716631, 2906.943000000000211, 1, 2908.0149999999998727, 77.23082924126565274, 2906.943000000000211, 1, 2908.0149999999998727, 0, 2906.943000000000211, 1
2908.0149999999998727, 0, 2906.9479999999998654, 1, 2908.0149999999998727, 122.42062056932635983, 2906.9479999999998654, 1, 2908.0149999999998727, 74.340650957392824694, 2906.9479999999998654, 1, 2908.0149999999998727, 0, 2906.9479999999998654, 1
2908.0250000000000909, 0, 2906.9529999999999745, 1, 2908.0250000000000909, 124.43997528713100564, 2906.9529999999999745, 1, 2908.0250000000000909, 73.031173430938210345, 2906.9529999999999745, 1, 2908.0250000000000909, 0, 2906.9529999999999745, 1
2908.0349999999998545, 0, 2906.9589999999998327, 1, 2908.0349999999998545, 124.07426330841576601, 2906.9589999999998327, 1, 2908.0349999999998545, 73.21555026240204711, 2906.9589999999998327, 1, 2908.0349999999998545, 0, 2906.9589999999998327, 1
2908.0450000000000728, 0, 2906.9630000000001928, 1, 2908.0450000000000728, 122.23194880192966139, 2906.9630000000001928, 1, 2908.0450000000000728, 76.07416618401552455, 2906.9630000000001928, 1, 2908.0450000000000728, 0, 2906.9630000000001928, 1
2908.0549999999998363, 0, 2906.9679999999998472, 1, 2908.0549999999998363, 120.4930723870299687, 2906.9679999999998472, 1, 2908.0549999999998363, 80.267136473937455321, 2906.9679999999998472, 1, 2908.0549999999998363, 0, 2906.9679999999998472, 1
2908.0650000000000546, 0, 2906.9729999999999563, 1, 2908.0650000000000546, 118.04099660117236681, 2906.9729999999999563, 1, 2908.0650000000000546, 82.246239734601672922, 2906.9729999999999563, 1, 2908.0650000000000546, 0, 2906.9729999999999563, 1
2908.0749999999998181, 0, 2906.9780000000000655, 1, 2908.0749999999998181, 115.80678602467764904, 2906.9780000000000655, 1, 2908.0749999999998181, 86.988071064072670424, 2906.9780000000000655, 1, 2908.0749999999998181, 0, 2906.9780000000000655, 1
2908.0850000000000364, 0, 2906.9819999999999709, 1, 2908.0850000000000364, 113.39716004792518333, 2906.9819999999999709, 1, 2908.0850000000000364, 91.186076809837828705, 2906.9819999999999709, 1, 2908.0850000000000364, 0, 2906.9819999999999709, 1
2908.0949999999997999, 0, 2906.9890000000000327, 1, 2908.0949999999997999, 111.27181026690104204, 2906.9890000000000327, 1, 2908.0949999999997999, 95.281480819817630845, 2906.9890000000000327, 1, 2908.0949999999997999, 0, 2906.9890000000000327, 1
2908.1039999999998145, 0, 2906.9929999999999382, 1, 2908.1039999999998145, 109.11668769707372917, 2906.9929999999999382, 1, 2908.1039999999998145, 97.133863750077779287, 2906.9929999999999382, 1, 2908.1039999999998145, 0, 2906.9929999999999382, 1
2908.1149999999997817, 0, 2906.9989999999997963, 1, 2908.1149999999997817, 107.79033132457438171, 2906.9989999999997963, 1, 2908.1149999999997817, 100.40122648142006767, 2906.9989999999997963, 1, 2908.1149999999997817, 0, 2906.9989999999997963, 1
2908.125, 0, 2907.0030000000001564, 1, 2908.125, 105.83640702874740214, 2907.0030000000001564, 1, 2908.125, 101.96124553050690054, 2907.0030000000001564, 1, 2908.125, 0, 2907.0030000000001564, 1
2908.1449999999999818, 0, 2907.0090000000000146, 1, 2908.1449999999999818, 104.58465131991185615, 2907.0090000000000146, 1, 2908.1449999999999818, 104.06277630657220357, 2907.0090000000000146, 1, 2908.1449999999999818, 0, 2907.0090000000000146, 1
2908.1550000000002001, 0, 2907.01299999999992, 1, 2908.1550000000002001, 102.27148241415048346, 2907.01299999999992, 1, 2908.1550000000002001, 105.54896428934819141, 2907.01299999999992, 1, 2908.1550000000002001, 0, 2907.01299999999992, 1
2908.1550000000002001, 0, 2907.0180000000000291, 1, 2908.1550000000002001, 100.92382088888541603, 2907.0180000000000291, 1, 2908.1550000000002001, 108.95196711649801102, 2907.0180000000000291, 1, 2908.1550000000002001, 0, 2907.0180000000000291, 1
2908.1649999999999636, 0, 2907.0230000000001382, 1, 2908.1649999999999636, 98.738157321490291451, 2907.0230000000001382, 1, 2908.1649999999999636, 112.6456375750895802, 2907.0230000000001382, 1, 2908.1649999999999636, 0, 2907.0230000000001382, 1
2908.1750000000001819, 0, 2907.0279999999997926, 1, 2908.1750000000001819, 96.70106830928446584, 2907.0279999999997926, 1, 2908.1750000000001819, 115.30846106923353034, 2907.0279999999997926, 1, 2908.1750000000001819, 0, 2907.0279999999997926, 1
2908.1950000000001637, 286.03200564211607571, 2907.0329999999999018, 1, 2908.1950000000001637, 94.811262171196020176, 2907.0329999999999018, 1, 2908.1950000000001637, 116.98180536386753658, 2907.0329999999999018, 1, 2908.1950000000001637, 0, 2907.0329999999999018, 1
2908.2049999999999272, 310.68499199496591245, 2907.0390000000002146, 1, 2908.2049999999999272, 57.895833241482179687, 2907.0390000000002146, 1, 2908.2049999999999272, 118.36404778373130853, 2907.0390000000002146, 1, 2908.2049999999999272, 0, 2907.0390000000002146, 1
2908.2049999999999272, 285.5613112150156212, 2907.0430000000001201, 1, 2908.2049999999999272, 9.638141536381271024, 2907.0430000000001201, 1, 2908.2049999999999272, 122.1316935251292648, 2907.0430000000001201, 1, 2908.2049999999999272, 0, 2907.0430000000001201, 1
2908.2150000000001455, 100.19538155497096454, 2907.0479999999997744, 1, 2908.2150000000001455, 0, 2907.0479999999997744, 1, 2908.2150000000001455, 85.242175993961666336, 2907.0479999999997744, 1, 2908.2150000000001455, 153.4498941668301768, 2907.0479999999997744, 1
2908.2249999999999091, 27.573007072630201009, 2907.0540000000000873, 1, 2908.2249999999999091, 0, 2907.0540000000000873, 1, 2908.2249999999999091, 29.582206503276125886, 2907.0540000000000873, 1, 2908.2249999999999091, 66.345232946490057202, 2907.0540000000000873, 1
2908.2449999999998909, 18.404979141793472053, 2907.0579999999999927, 1, 2908.2449999999998909, 0, 2907.0579999999999927, 1, 2908.2449999999998909, 27.055392239215059647, 2907.0579999999999927, 1, 2908.2449999999998909, 27.174938950595738163, 2907.0579999999999927, 1
2908.2449999999998909, 25.842296647065118975, 2907.0630000000001019, 1, 2908.2449999999998909, 0, 2907.0630000000001019, 1, 2908.2449999999998909, 32.1403479815238029, 2907.0630000000001019, 1, 2908.2449999999998909, 22.634845717234142626, 2907.0630000000001019, 1
2908.2550000000001091, 48.575586378046097025, 2907.068000000000211, 1, 2908.2550000000001091, 0, 2907.068000000000211, 1, 2908.2550000000001091, 36.168807633543707425, 2907.068000000000211, 1, 2908.2550000000001091, 23.714073159794160972, 2907.068000000000211, 1
2908.2649999999998727, 71.712389529143464983, 2907.0729999999998654, 1, 2908.2649999999998727, 56.647692460640023171, 2907.0729999999998654, 1, 2908.2649999999998727, 39.527032497270852218, 2907.0729999999998654, 1, 2908.2649999999998727, 27.584920582533314359, 2907.0729999999998654, 1
2908.2750000000000909, 80.081742038901523983, 2907.0790000000001783, 1, 2908.2750000000000909, 52.635566268285266744, 2907.0790000000001783, 1, 2908.2750000000000909, 40.808298284316123272, 2907.0790000000001783, 1, 2908.2750000000000909, 20.07277174729107827, 2907.0790000000001783, 1
2908.2849999999998545, 79.875165541382500578, 2907.0830000000000837, 1, 2908.2849999999998545, 56.088805081941174535, 2907.0830000000000837, 1, 2908.2849999999998545, 41.117806825921803693, 2907.0830000000000837, 1, 2908.2849999999998545, 19.927320366947338215, 2907.0830000000000837, 1
2908.2950000000000728, 44.078769969014103935, 2907.0880000000001928, 1, 2908.2950000000000728, 88.808896772092808192, 2907.0880000000001928, 1, 2908.2950000000000728, 124.32583725233253347, 2907.0880000000001928, 1, 2908.2950000000000728, 59.184225416332658654, 2907.0880000000001928, 1
2908.3049999999998363, 61.402652976051854239, 2907.0920000000000982, 1, 2908.3049999999998363, 0, 2907.0920000000000982, 1, 2908.3049999999998363, 0, 2907.0920000000000982, 1, 2908.3049999999998363, 57.084309697519515225, 2907.0920000000000982, 1
2908.3249999999998181, 89.857486077596021801, 2907.0979999999999563, 1, 2908.3249999999998181, 0, 2907.0979999999999563, 1, 2908.3249999999998181, 0, 2907.0979999999999563, 1, 2908.3249999999998181, 63.679647399506208671, 2907.0979999999999563, 1
2908.3249999999998181, 105.83180182519595292, 2907.1030000000000655, 1, 2908.3249999999998181, 0, 2907.1030000000000655, 0, 2908.3249999999998181, 0, 2907.1030000000000655, 0, 2908.3249999999998181, 68.76578277755524482, 2907.1030000000000655, 1
2908.3350000000000364, 113.37249052987669984, 2907.1080000000001746, 1, 2908.3350000000000364, 0, 2907.1080000000001746, 0, 2908.3350000000000364, 0, 2907.1080000000001746, 0, 2908.3350000000000364, 72.721563589349926815, 2907.1080000000001746, 1
2908.3470000000002074, 118.04308977256775393, 2907.1140000000000327, 1, 2908.3470000000002074, 0, 2907.1140000000000327, 0, 2908.3470000000002074, 0, 2907.1140000000000327, 0, 2908.3470000000002074, 74.753284277404034697, 2907.1140000000000327, 1
2908.3550000000000182, 118.8112529942800677, 2907.1179999999999382, 1, 2908.3550000000000182, 0, 2907.1179999999999382, 0, 2908.3550000000000182, 0, 2907.1179999999999382, 0, 2908.3550000000000182, 77.652558189221608131, 2907.1179999999999382, 1
2908.3649999999997817, 119.40205195306282349, 2907.1239999999997963, 1, 2908.3649999999997817, 0, 2907.1239999999997963, 0, 2908.3649999999997817, 0, 2907.1239999999997963, 0, 2908.3649999999997817, 78.515289192303129084, 2907.1239999999997963, 1
2908.3850000000002183, 118.65805464796738988, 2907.1280000000001564, 1, 2908.3850000000002183, 0, 2907.1280000000001564, 0, 2908.3850000000002183, 0, 2907.1280000000001564, 0, 2908.3850000000002183, 82.162840204318825954, 2907.1280000000001564, 1
2908.3850000000002183, 116.65428697124760049, 2907.1329999999998108, 1, 2908.3850000000002183, 0, 2907.1329999999998108, 0, 2908.3850000000002183, 0, 2907.1329999999998108, 0, 2908.3850000000002183, 87.79952706439468102, 2907.1329999999998108, 1
2908.3960000000001855, 114.9617984456712918, 2907.1390000000001237, 1, 2908.3960000000001855, 0, 2907.1390000000001237, 0, 2908.3960000000001855, 0, 2907.1390000000001237, 0, 2908.3960000000001855, 89.535855810007035416, 2907.1390000000001237, 1
2908.4059999999999491, 113.01097682218306772, 2907.1439999999997781, 1, 2908.4059999999999491, 0, 2907.1439999999997781, 0, 2908.4059999999999491, 0, 2907.1439999999997781, 0, 2908.4059999999999491, 95.444197427663567623, 2907.1439999999997781, 1
2908.4149999999999636, 112.07553164209323882, 2907.1480000000001382, 1, 2908.4149999999999636, 0, 2907.1480000000001382, 0, 2908.4149999999999636, 0, 2907.1480000000001382, 0, 2908.4149999999999636, 98.003674543836893918, 2907.1480000000001382, 1
2908.4250000000001819, 109.22255895951468574, 2907.1529999999997926, 1, 2908.4250000000001819, 0, 2907.1529999999997926, 0, 2908.4250000000001819, 0, 2907.1529999999997926, 0, 2908.4250000000001819, 98.08255428927890307, 2907.1529999999997926, 1
2908.4349999999999454, 108.75444290422990434, 2907.1579999999999018, 1, 2908.4349999999999454, 0, 2907.1579999999999018, 0, 2908.4349999999999454, 0, 2907.1579999999999018, 0, 2908.4349999999999454, 102.65339657286901343, 2907.1579999999999018, 1
2908.4450000000001637, 107.63210693479885549, 2907.1630000000000109, 1, 2908.4450000000001637, 0, 2907.1630000000000109, 0, 2908.4450000000001637, 0, 2907.1630000000000109, 0, 2908.4450000000001637, 103.95565744263186048, 2907.1630000000000109, 1
2908.4549999999999272, 106.43597450848722019, 2907.1669999999999163, 1, 2908.4549999999999272, 0, 2907.1669999999999163, 0, 2908.4549999999999272, 0, 2907.1669999999999163, 0, 2908.4549999999999272, 105.52213347647615649, 2907.1669999999999163, 1
2908.4650000000001455, 103.33837299131083398, 2907.1729999999997744, 1, 2908.4650000000001455, 0, 2907.1729999999997744, 0, 2908.4650000000001455, 0, 2907.1729999999997744, 0, 2908.4650000000001455, 103.23101015112689538, 2907.1729999999997744, 1
2908.4749999999999091, 103.95230823593192326, 2907.1779999999998836, 1, 2908.4749999999999091, 0, 2907.1779999999998836, 0, 2908.4749999999999091, 0, 2907.1779999999998836, 0, 2908.4749999999999091, 109.77829406668550405, 2907.1779999999998836, 1
2908.4949999999998909, 102.51585357246639774, 2907.1840000000001965, 1, 2908.4949999999998909, 0, 2907.1840000000001965, 0, 2908.4949999999998909, 0, 2907.1840000000001965, 0, 2908.4949999999998909, 112.79674886196241346, 2907.1840000000001965, 1
2908.4949999999998909, 101.04343139001093732, 2907.1880000000001019, 1, 2908.4949999999998909, 0, 2907.1880000000001019, 0, 2908.4949999999998909, 0, 2907.1880000000001019, 0, 2908.4949999999998909, 115.11843983774194555, 2907.1880000000001019, 1
2908.5050000000001091, 99.35766002542231945, 2907.193000000000211, 1, 2908.5050000000001091, 0, 2907.193000000000211, 0, 2908.5050000000001091, 0, 2907.193000000000211, 0, 2908.5050000000001091, 117.84354371614459467, 2907.193000000000211, 1
2908.5160000000000764, 98.565955650109756903, 2907.1979999999998654, 1, 2908.5160000000000764, 0, 2907.1979999999998654, 0, 2908.5160000000000764, 0, 2907.1979999999998654, 0, 2908.5160000000000764, 115.98080646744779187, 2907.1979999999998654, 1
2908.5259999999998399, 93.770945111030911789, 2907.2029999999999745, 1, 2908.5259999999998399, 301.17887176938489802, 2907.2029999999999745, 0, 2908.5259999999998399, 0, 2907.2029999999999745, 0, 2908.5259999999998399, 114.94504057178880885, 2907.2029999999999745, 1
2908.5360000000000582, 26.272357174984552586, 2907.2080000000000837, 1, 2908.5360000000000582, 235.93545991361787628, 2907.2080000000000837, 0, 2908.5360000000000582, 207.82666146368922, 2907.2080000000000837, 0, 2908.5360000000000582, 67.293023613542231942, 2907.2080000000000837, 1
2908.5459999999998217, 0, 2907.2130000000001928, 1, 2908.5459999999998217, 68.739334898242049121, 2907.2130000000001928, 0, 2908.5459999999998217, 90.788308405710878901, 2907.2130000000001928, 0, 2908.5459999999998217, 31.316627888683942871, 2907.2130000000001928, 1
2908.5659999999998035, 0, 2907.2190000000000509, 1, 2908.5659999999998035, 17.657685556069569799, 2907.2190000000000509, 0, 2908.5659999999998035, 34.826377751241160752, 2907.2190000000000509, 0, 2908.5659999999998035, 40.2445036448713509, 2907.2190000000000509, 1
2908.5659999999998035, 0, 2907.2240000000001601, 1, 2908.5659999999998035, 19.505808810292084132, 2907.2240000000001601, 0, 2908.5659999999998035, 22.654499751062807889, 2907.2240000000001601, 0, 2908.5659999999998035, 45.239147437690519382, 2907.2240000000001601, 1
2908.5869999999999891, 58.009336631623455105, 2907.2280000000000655, 1, 2908.5869999999999891, 36.219537300285573167, 2907.2280000000000655, 0, 2908.5869999999999891, 21.411233821668393063, 2907.2280000000000655, 0, 2908.5869999999999891, 47.923656670644241728, 2907.2280000000000655, 1
2908.5869999999999891, 41.886035388729652595, 2907.2330000000001746, 1, 2908.5869999999999891, 48.154430087656194814, 2907.2330000000001746, 1, 2908.5869999999999891, 22.269333538927867266, 2907.2330000000001746, 1, 2908.5869999999999891, 55.237065517416034766, 2907.2330000000001746, 1
2908.5960000000000036, 50.326228990155868814, 2907.2390000000000327, 1, 2908.5960000000000036, 55.047051685937177012, 2907.2390000000000327, 1, 2908.5960000000000036, 23.708311504562285421, 2907.2390000000000327, 1, 2908.5960000000000036, 53.341368274459213694, 2907.2390000000000327, 1
2908.6159999999999854, 56.760168320148743248, 2907.2420000000001892, 1, 2908.6159999999999854, 58.691110650116279146, 2907.2420000000001892, 1, 2908.6159999999999854, 25.690319734688941367, 2907.2420000000001892, 1, 2908.6159999999999854, 52.075609626471283775, 2907.2420000000001892, 1
2908.6260000000002037, 49.742364166922712343, 2907.2469999999998436, 1, 2908.6260000000002037, 57.518605555394458406, 2907.2469999999998436, 1, 2908.6260000000002037, 31.790849195814207206, 2907.2469999999998436, 1, 2908.6260000000002037, 43.814055351952035267, 2907.2469999999998436, 1
2908.6260000000002037, 0, 2907.2530000000001564, 1, 2908.6260000000002037, 67.374738075119353198, 2907.2530000000001564, 1, 2908.6260000000002037, 62.631895904125684638, 2907.2530000000001564, 1, 2908.6260000000002037, 0, 2907.2530000000001564, 1
2908.6460000000001855, 0, 2907.2570000000000618, 1, 2908.6460000000001855, 97.748162516657430388, 2907.2570000000000618, 1, 2908.6460000000001855, 76.793832693502821485, 2907.2570000000000618, 1, 2908.6460000000001855, 0, 2907.2570000000000618, 1
2908.6559999999999491, 0, 2907.262000000000171, 1, 2908.6559999999999491, 112.93483928167597696, 2907.262000000000171, 1, 2908.6559999999999491, 77.688292268260013884, 2907.262000000000171, 1, 2908.6559999999999491, 0, 2907.262000000000171, 1
2908.6559999999999491, 0, 2907.2680000000000291, 1, 2908.6559999999999491, 122.54327159115919699, 2907.2680000000000291, 1, 2908.6559999999999491, 73.529557344306709865, 2907.2680000000000291, 1, 2908.6559999999999491, 0, 2907.2680000000000291, 1
2908.6660000000001673, 0, 2907.2730000000001382, 1, 2908.6660000000001673, 127.43898349901743927, 2907.2730000000001382, 1, 2908.6660000000001673, 69.623865793605247632, 2907.2730000000001382, 1, 2908.6660000000001673, 0, 2907.2730000000001382, 1
2908.6860000000001492, 0, 2907.2779999999997926, 1, 2908.6860000000001492, 128.49115198589532838, 2907.2779999999997926, 1, 2908.6860000000001492, 68.76529234681345315, 2907.2779999999997926, 1, 2908.6860000000001492, 0, 2907.2779999999997926, 1
2908.6950000000001637, 0, 2907.2849999999998545, 1, 2908.6950000000001637, 128.40399357493441812, 2907.2849999999998545, 1, 2908.6950000000001637, 68.888071718603555382, 2907.2849999999998545, 1, 2908.6950000000001637, 0, 2907.2849999999998545, 1
2908.6970000000001164, 0, 2907.2880000000000109, 1, 2908.6970000000001164, 126.76396821230312639, 2907.2880000000000109, 1, 2908.6970000000001164, 72.121147962868960235, 2907.2880000000000109, 1, 2908.6970000000001164, 0, 2907.2880000000000109, 1
2908.7159999999998945, 0, 2907.293999999999869, 1, 2908.7159999999998945, 125.66373079438481852, 2907.293999999999869, 1, 2908.7159999999998945, 73.892619407344170668, 2907.293999999999869, 1, 2908.7159999999998945, 0, 2907.293999999999869, 1
2908.7260000000001128, 0, 2907.2989999999999782, 1, 2908.7260000000001128, 123.71358167369503178, 2907.2989999999999782, 1, 2908.7260000000001128, 80.066251417725482042, 2907.2989999999999782, 1, 2908.7260000000001128, 0, 2907.2989999999999782, 1
2908.7269999999998618, 0, 2907.3029999999998836, 1, 2908.7269999999998618, 120.44775043612057175, 2907.3029999999998836, 1, 2908.7269999999998618, 81.211776532668551454, 2907.3029999999998836, 1, 2908.7269999999998618, 0, 2907.3029999999998836, 1
2908.7339999999999236, 0, 2907.3079999999999927, 0, 2908.7339999999999236, 118.05698351541181523, 2907.3079999999999927, 1, 2908.7339999999999236, 87.34401618473791018, 2907.3079999999999927, 1, 2908.7339999999999236, 0, 2907.3079999999999927, 0
2908.7449999999998909, 0, 2907.3170000000000073, 0, 2908.7449999999998909, 115.55042427190664966, 2907.3170000000000073, 1, 2908.7449999999998909, 92.274010677430354121, 2907.3170000000000073, 1, 2908.7449999999998909, 0, 2907.3170000000000073, 0
2908.7559999999998581, 0, 2907.31899999999996, 0, 2908.7559999999998581, 113.21704458832201112, 2907.31899999999996, 1, 2908.7559999999998581, 94.504102574884001342, 2907.31899999999996, 1, 2908.7559999999998581, 0, 2907.31899999999996, 0
2908.7660000000000764, 0, 2907.3229999999998654, 0, 2908.7660000000000764, 111.12149326473451083, 2907.3229999999998654, 1, 2908.7660000000000764, 93.534068126196615367, 2907.3229999999998654, 1, 2908.7660000000000764, 0, 2907.3229999999998654, 0
2908.7860000000000582, 0, 2907.3279999999999745, 0, 2908.7860000000000582, 109.19214686083580546, 2907.3279999999999745, 1, 2908.7860000000000582, 95.274964823715635021, 2907.3279999999999745, 1, 2908.7860000000000582, 0, 2907.3279999999999745, 0
2908.7869999999998072, 0, 2907.3330000000000837, 0, 2908.7869999999998072, 107.35994066640910205, 2907.3330000000000837, 1, 2908.7869999999998072, 97.427712094973045964, 2907.3330000000000837, 1, 2908.7869999999998072, 0, 2907.3330000000000837, 0
2908.7959999999998217, 0, 2907.3380000000001928, 0, 2908.7959999999998217, 105.43812907879254226, 2907.3380000000001928, 1, 2908.7959999999998217, 100.90082066229516045, 2907.3380000000001928, 1, 2908.7959999999998217, 0, 2907.3380000000001928, 0
2908.80600000000004, 0, 2907.3440000000000509, 0, 2908.80600000000004, 103.55299257679013181, 2907.3440000000000509, 1, 2908.80600000000004, 105.18722504025566877, 2907.3440000000000509, 1, 2908.80600000000004, 0, 2907.3440000000000509, 0
2908.8159999999998035, 0, 2907.3479999999999563, 0, 2908.8159999999998035, 101.2797202199023161, 2907.3479999999999563, 1, 2908.8159999999998035, 109.59416565622285589, 2907.3479999999999563, 1, 2908.8159999999998035, 0, 2907.3479999999999563, 0
2908.8249999999998181, 0, 2907.3530000000000655, 0, 2908.8249999999998181, 99.140492099984470542, 2907.3530000000000655, 1, 2908.8249999999998181, 111.53677829599749316, 2907.3530000000000655, 1, 2908.8249999999998181, 0, 2907.3530000000000655, 0
2908.8359999999997854, 316.55026838407979994, 2907.3580000000001746, 0, 2908.8359999999997854, 96.144623031225933119, 2907.3580000000001746, 1, 2908.8359999999997854, 111.84803272845238098, 2907.3580000000001746, 1, 2908.8359999999997854, 0, 2907.3580000000001746, 0
2908.8460000000000036, 304.11232604214808362, 2907.362999999999829, 0, 2908.8460000000000036, 40.844387968001477418, 2907.362999999999829, 1, 2908.8460000000000036, 117.26236094602273852, 2907.362999999999829, 1, 2908.8460000000000036, 0, 2907.362999999999829, 0
2908.8560000000002219, 281.21806705534584125, 2907.3710000000000946, 0, 2908.8560000000002219, 4.3159181613860866378, 2907.3710000000000946, 1, 2908.8560000000002219, 119.60242336598814461, 2907.3710000000000946, 1, 2908.8560000000002219, 0, 2907.3710000000000946, 0
2908.8649999999997817, 79.787450269596561725, 2907.3730000000000473, 0, 2908.8649999999997817, 0, 2907.3730000000000473, 1, 2908.8649999999997817, 82.365250231944472148, 2907.3730000000000473, 1, 2908.8649999999997817, 147.8958035484362199, 2907.3730000000000473, 0
2908.875, 24.75255460972255861, 2907.3789999999999054, 0, 2908.875, 0, 2907.3789999999999054, 1, 2908.875, 34.609933605480506458, 2907.3789999999999054, 1, 2908.875, 63.423818916434342441, 2907.3789999999999054, 0
2908.8850000000002183, 18.461917414995781428, 2907.387000000000171, 0, 2908.8850000000002183, 0, 2907.387000000000171, 1, 2908.8850000000002183, 29.261574712211054106, 2907.387000000000171, 1, 2908.8850000000002183, 24.650837114265307548, 2907.387000000000171, 0
2908.8960000000001855, 26.556360758356085228, 2907.38799999999992, 0, 2908.8960000000001855, 0, 2907.38799999999992, 1, 2908.8960000000001855, 33.645456500654688625, 2907.38799999999992, 1, 2908.8960000000001855, 19.998418029981024802, 2907.38799999999992, 0
2908.9070000000001528, 50.888150152866785447, 2907.3939999999997781, 0, 2908.9070000000001528, 0, 2907.3939999999997781, 1, 2908.9070000000001528, 36.181622637636394302, 2907.3939999999997781, 1, 2908.9070000000001528, 24.544443770761766643, 2907.3939999999997781, 0
2908.9160000000001673, 73.154196650973943861, 2907.3980000000001382, 0, 2908.9160000000001673, 55.872236790757234814, 2907.3980000000001382, 1, 2908.9160000000001673, 38.457760474800991801, 2907.3980000000001382, 1, 2908.9160000000001673, 28.592498051547224236, 2907.3980000000001382, 0
2908.9259999999999309, 80.266542323994286789, 2907.4029999999997926, 0, 2908.9259999999999309, 55.521492797032571787, 2907.4029999999997926, 1, 2908.9259999999999309, 40.27604520388970144, 2907.4029999999997926, 1, 2908.9259999999999309, 21.146272660280430955, 2907.4029999999997926, 0
2908.9360000000001492, 79.106421509975774597, 2907.4079999999999018, 0, 2908.9360000000001492, 68.773932953415837233, 2907.4079999999999018, 1, 2908.9360000000001492, 53.239221511536207743, 2907.4079999999999018, 1, 2908.9360000000001492, 20.800945210965135601, 2907.4079999999999018, 0
2908.956000000000131, 38.061889852171418624, 2907.4130000000000109, 0, 2908.956000000000131, 87.282109312241516363, 2907.4130000000000109, 1, 2908.956000000000131, 124.40217300086735008, 2907.4130000000000109, 1, 2908.956000000000131, 64.782086477905238553, 2907.4130000000000109, 0
2908.9659999999998945, 63.729984634878562133, 2907.4180000000001201, 0, 2908.9659999999998945, 0, 2907.4180000000001201, 1, 2908.9659999999998945, 0, 2907.4180000000001201, 1, 2908.9659999999998945, 59.21097470386354189, 2907.4180000000001201, 0
2908.9659999999998945, 90.554700035020630366, 2907.4229999999997744, 0, 2908.9659999999998945, 0, 2907.4229999999997744, 1, 2908.9659999999998945, 0, 2907.4229999999997744, 1, 2908.9659999999998945, 64.382173199528949681, 2907.4229999999997744, 0
2908.9760000000001128, 106.06704127538949933, 2907.4279999999998836, 0, 2908.9760000000001128, 0, 2907.4279999999998836, 1, 2908.9760000000001128, 0, 2907.4279999999998836, 1, 2908.9760000000001128, 69.646314716267767153, 2907.4279999999998836, 0
2908.9859999999998763, 113.85283784835162635, 2907.4329999999999927, 0, 2908.9859999999998763, 0, 2907.4329999999999927, 1, 2908.9859999999998763, 0, 2907.4329999999999927, 1, 2908.9859999999998763, 73.218987753247091632, 2907.4329999999999927, 0
2908.9960000000000946, 117.5359752445603192, 2907.4380000000001019, 0, 2908.9960000000000946, 0, 2907.4380000000001019, 1, 2908.9960000000000946, 0, 2907.4380000000001019, 1, 2908.9960000000000946, 74.879358289345702815, 2907.4380000000001019, 0
2909.0030000000001564, 118.19052919764303056, 2907.443000000000211, 0, 2909.0030000000001564, 0, 2907.443000000000211, 1, 2909.0030000000001564, 0, 2907.443000000000211, 1, 2909.0030000000001564, 78.087291505744587994, 2907.443000000000211, 0
2909.0160000000000764, 118.57498335154508595, 2907.4479999999998654, 0, 2909.0160000000000764, 0, 2907.4479999999998654, 1, 2909.0160000000000764, 0, 2907.4479999999998654, 1, 2909.0160000000000764, 79.41305370644715822, 2907.4479999999998654, 0
2909.0259999999998399, 118.08364124855324917, 2907.4529999999999745, 0, 2909.0259999999998399, 0, 2907.4529999999999745, 1, 2909.0259999999998399, 0, 2907.4529999999999745, 1, 2909.0259999999998399, 82.298670297321962153, 2907.4529999999999745, 0
2909.0349999999998545, 116.81345888532136712, 2907.4600000000000364, 0, 2909.0349999999998545, 0, 2907.4600000000000364, 1, 2909.0349999999998545, 0, 2907.4600000000000364, 1, 2909.0349999999998545, 86.979322579117479108, 2907.4600000000000364, 0
2909.0459999999998217, 114.7489068613581793, 2907.4630000000001928, 0, 2909.0459999999998217, 0, 2907.4630000000001928, 1, 2909.0459999999998217, 0, 2907.4630000000001928, 1, 2909.0459999999998217, 90.333761740710770027, 2907.4630000000001928, 0
2909.05600000000004, 112.40769821152748875, 2907.4679999999998472, 0, 2909.05600000000004, 0, 2907.4679999999998472, 1, 2909.05600000000004, 0, 2907.4679999999998472, 1, 2909.05600000000004, 95.425625173915420874, 2907.4679999999998472, 0
2909.0760000000000218, 110.94296828704187874, 2907.4729999999999563, 0, 2909.0760000000000218, 0, 2907.4729999999999563, 1, 2909.0760000000000218, 0, 2907.4729999999999563, 1, 2909.0760000000000218, 98.994389942222511536, 2907.4729999999999563, 0
2909.0760000000000218, 109.50414387739533595, 2907.4780000000000655, 0, 2909.0760000000000218, 0, 2907.4780000000000655, 1, 2909.0760000000000218, 0, 2907.4780000000000655, 1, 2909.0760000000000218, 101.61686573367866515, 2907.4780000000000655, 0
2909.0859999999997854, 108.45645157454140417, 2907.4839999999999236, 0, 2909.0859999999997854, 0, 2907.4839999999999236, 1, 2909.0859999999997854, 0, 2907.4839999999999236, 1, 2909.0859999999997854, 103.29557993300662133, 2907.4839999999999236, 0
2909.0960000000000036, 106.16629893297051979, 2907.487999999999829, 0, 2909.0960000000000036, 0, 2907.487999999999829, 1, 2909.0960000000000036, 0, 2907.487999999999829, 1, 2909.0960000000000036, 100.78401072160637852, 2907.487999999999829, 0
2909.1060000000002219, 105.01821524350930304, 2907.4940000000001419, 0, 2909.1060000000002219, 0, 2907.4940000000001419, 1, 2909.1060000000002219, 0, 2907.4940000000001419, 1, 2909.1060000000002219, 102.37376598238444103, 2907.4940000000001419, 0
2909.1159999999999854, 104.16742244041944332, 2907.4980000000000473, 0, 2909.1159999999999854, 0, 2907.4980000000000473, 1, 2909.1159999999999854, 0, 2907.4980000000000473, 1, 2909.1159999999999854, 104.57137432398045007, 2907.4980000000000473, 0
2909.1260000000002037, 103.42744575650861805, 2907.5030000000001564, 0, 2909.1260000000002037, 0, 2907.5030000000001564, 1, 2909.1260000000002037, 0, 2907.5030000000001564, 1, 2909.1260000000002037, 107.47604639765312129, 2907.5030000000001564, 0
2909.1359999999999673, 100.8349751994058181, 2907.5079999999998108, 0, 2909.1359999999999673, 0, 2907.5079999999998108, 1, 2909.1359999999999673, 0, 2907.5079999999998108, 1, 2909.1359999999999673, 107.79476472549720256, 2907.5079999999998108, 0
2909.1460000000001855, 100.46635651068953621, 2907.51299999999992, 0, 2909.1460000000001855, 0, 2907.51299999999992, 1, 2909.1460000000001855, 0, 2907.51299999999992, 1, 2909.1460000000001855, 116.37383117105321162, 2907.51299999999992, 0
2909.1559999999999491, 99.198166541340611957, 2907.5180000000000291, 0, 2909.1559999999999491, 0, 2907.5180000000000291, 1, 2909.1559999999999491, 0, 2907.5180000000000291, 1, 2909.1559999999999491, 117.26142701780028688, 2907.5180000000000291, 0
2909.1660000000001673, 98.596845774380739158, 2907.5230000000001382, 0, 2909.1660000000001673, 0, 2907.5230000000001382, 1, 2909.1660000000001673, 0, 2907.5230000000001382, 1, 2909.1660000000001673, 116.66738169018437077, 2907.5230000000001382, 0
2909.1759999999999309, 89.619199079734869429, 2907.5279999999997926, 0, 2909.1759999999999309, 304.13467471888873206, 2907.5279999999997926, 1, 2909.1759999999999309, 0, 2907.5279999999997926, 1, 2909.1759999999999309, 114.15717299523433326, 2907.5279999999997926, 0
2909.1860000000001492, 25.045063824444511624, 2907.5320000000001528, 0, 2909.1860000000001492, 234.51420862319292837, 2907.5320000000001528, 1, 2909.1860000000001492, 197.0924018129446722, 2907.5320000000001528, 1, 2909.1860000000001492, 80.605199847638644428, 2907.5320000000001528, 0
2909.1959999999999127, 0, 2907.5380000000000109, 0, 2909.1959999999999127, 56.45451194754542712, 2907.5380000000000109, 1, 2909.1959999999999127, 86.432416648546507076, 2907.5380000000000109, 1, 2909.1959999999999127, 36.753145573949510094, 2907.5380000000000109, 0
2909.206000000000131, 0, 2907.5430000000001201, 0, 2909.206000000000131, 20.657080678404593499, 2907.5430000000001201, 1, 2909.206000000000131, 41.575826025638043859, 2907.5430000000001201, 1, 2909.206000000000131, 39.532102991313394114, 2907.5430000000001201, 0
2909.2159999999998945, 0, 2907.5479999999997744, 0, 2909.2159999999998945, 19.102850899231054171, 2907.5479999999997744, 1, 2909.2159999999998945, 26.451642534127074669, 2907.5479999999997744, 1, 2909.2159999999998945, 42.028417614794136625, 2907.5479999999997744, 0
2909.2260000000001128, 44.661045284261589927, 2907.5529999999998836, 0, 2909.2260000000001128, 36.053795135830739582, 2907.5529999999998836, 1, 2909.2260000000001128, 23.748622477164985867, 2907.5529999999998836, 1, 2909.2260000000001128, 46.876263609421656042, 2907.5529999999998836, 0
2909.2460000000000946, 41.715577573750493912, 2907.5590000000001965, 1, 2909.2460000000000946, 46.173352469149513411, 2907.5590000000001965, 1, 2909.2460000000000946, 23.835938521818221147, 2907.5590000000001965, 1, 2909.2460000000000946, 52.428403313131198615, 2907.5590000000001965, 1
2909.2460000000000946, 51.887085659584819552, 2907.5630000000001019, 1, 2909.2460000000000946, 52.603060897009221719, 2907.5630000000001019, 1, 2909.2460000000000946, 25.259938343012660056, 2907.5630000000001019, 1, 2909.2460000000000946, 52.219087377884626733, 2907.5630000000001019, 1
2909.2660000000000764, 53.887375361830628151, 2907.568000000000211, 1, 2909.2660000000000764, 56.50590441673776354, 2907.568000000000211, 1, 2909.2660000000000764, 26.816943326389115043, 2907.568000000000211, 1, 2909.2660000000000764, 46.117208350907127112, 2907.568000000000211, 1
2909.2660000000000764, 49.205695540232873952, 2907.5740000000000691, 1, 2909.2660000000000764, 60.409011067246595417, 2907.5740000000000691, 1, 2909.2660000000000764, 34.904950730122081382, 2907.5740000000000691, 1, 2909.2660000000000764, 38.021725152693910843, 2907.5740000000000691, 1
2909.2750000000000909, 0, 2907.5779999999999745, 1, 2909.2750000000000909, 73.19474567897808015, 2907.5779999999999745, 1, 2909.2750000000000909, 65.940556020679920834, 2907.5779999999999745, 1, 2909.2750000000000909, 0, 2907.5779999999999745, 1
2909.2849999999998545, 0, 2907.5839999999998327, 1, 2909.2849999999998545, 97.046175777568208787, 2907.5839999999998327, 1, 2909.2849999999998545, 77.740280673026916247, 2907.5839999999998327, 1, 2909.2849999999998545, 0, 2907.5839999999998327, 1
2909.2959999999998217, 0, 2907.5880000000001928, 1, 2909.2959999999998217, 113.50930548599100689, 2907.5880000000001928, 1, 2909.2959999999998217, 77.459814501331436531, 2907.5880000000001928, 1, 2909.2959999999998217, 0, 2907.5880000000001928, 1
2909.30600000000004, 0, 2907.5929999999998472, 1, 2909.30600000000004, 120.43066270050121602, 2907.5929999999998472, 1, 2909.30600000000004, 74.161698216948437334, 2907.5929999999998472, 1, 2909.30600000000004, 0, 2907.5929999999998472, 1
2909.3150000000000546, 0, 2907.5960000000000036, 1, 2909.3150000000000546, 124.87574952765413627, 2907.5960000000000036, 1, 2909.3150000000000546, 71.539470465255135423, 2907.5960000000000036, 1, 2909.3150000000000546, 0, 2907.5960000000000036, 1
2909.3260000000000218, 0, 2907.6030000000000655, 1, 2909.3260000000000218, 127.58453333534578178, 2907.6030000000000655, 1, 2909.3260000000000218, 70.974707142787934799, 2907.6030000000000655, 1, 2909.3260000000000218, 0, 2907.6030000000000655, 1
2909.3359999999997854, 0, 2907.6080000000001746, 1, 2909.3359999999997854, 127.12671700659826968, 2907.6080000000001746, 1, 2909.3359999999997854, 69.845049022958292539, 2907.6080000000001746, 1, 2909.3359999999997854, 0, 2907.6080000000001746, 1
2909.3560000000002219, 0, 2907.612999999999829, 1, 2909.3560000000002219, 126.6128436528535417, 2907.612999999999829, 1, 2909.3560000000002219, 74.206706285945301715, 2907.612999999999829, 1, 2909.3560000000002219, 0, 2907.612999999999829, 1
2909.3560000000002219, 0, 2907.6179999999999382, 1, 2909.3560000000002219, 124.36834918441766717, 2907.6179999999999382, 1, 2909.3560000000002219, 76.76313276535869079, 2907.6179999999999382, 1, 2909.3560000000002219, 0, 2907.6179999999999382, 1
2909.3760000000002037, 0, 2907.6269999999999527, 1, 2909.3760000000002037, 121.92574444033711245, 2907.6269999999999527, 1, 2909.3760000000002037, 80.73544712096830267, 2907.6269999999999527, 1, 2909.3760000000002037, 0, 2907.6269999999999527, 1
2909.3760000000002037, 0, 2907.6280000000001564, 1, 2909.3760000000002037, 118.74126859282182522, 2907.6280000000001564, 1, 2909.3760000000002037, 85.50932492298883858, 2907.6280000000001564, 1, 2909.3760000000002037, 0, 2907.6280000000001564, 1
2909.3850000000002183, 0, 2907.6340000000000146, 1, 2909.3850000000002183, 116.75134320195158466, 2907.6340000000000146, 0, 2909.3850000000002183, 90.209596154272460922, 2907.6340000000000146, 0, 2909.3850000000002183, 0, 2907.6340000000000146, 1
2909.4059999999999491, 0, 2907.63799999999992, 1, 2909.4059999999999491, 114.5070265642096814, 2907.63799999999992, 0, 2909.4059999999999491, 92.185867871594524559, 2907.63799999999992, 0, 2909.4059999999999491, 0, 2907.63799999999992, 1
2909.4059999999999491, 0, 2907.6430000000000291, 1, 2909.4059999999999491, 112.36945366071600461, 2907.6430000000000291, 0, 2909.4059999999999491, 94.761697769742525566, 2907.6430000000000291, 0, 2909.4059999999999491, 0, 2907.6430000000000291, 1
2909.4259999999999309, 0, 2907.6480000000001382, 1, 2909.4259999999999309, 110.29489737398247939, 2907.6480000000001382, 0, 2909.4259999999999309, 97.05501536805789442, 2907.6480000000001382, 0, 2909.4259999999999309, 0, 2907.6480000000001382, 1
2909.4360000000001492, 0, 2907.6529999999997926, 1, 2909.4360000000001492, 108.52207391044144913, 2907.6529999999997926, 0, 2909.4360000000001492, 100.21219313023851782, 2907.6529999999997926, 0, 2909.4360000000001492, 0, 2907.6529999999997926, 1
2909.4459999999999127, 0, 2907.6579999999999018, 1, 2909.4459999999999127, 106.57437273160262237, 2907.6579999999999018, 0, 2909.4459999999999127, 96.537490744435700663, 2907.6579999999999018, 0, 2909.4459999999999127, 0, 2907.6579999999999018, 1
2909.4459999999999127, 0, 2907.668999999999869, 1, 2909.4459999999999127, 104.60027758399876063, 2907.668999999999869, 0, 2909.4459999999999127, 96.001047584337328544, 2907.668999999999869, 0, 2909.4459999999999127, 0, 2907.668999999999869, 1
2909.4659999999998945, 0, 2907.668999999999869, 1, 2909.4659999999998945, 102.31807655933535273, 2907.668999999999869, 0, 2909.4659999999998945, 103.89353638055784756, 2907.668999999999869, 0, 2909.4659999999998945, 0, 2907.668999999999869, 1
2909.4659999999998945, 0, 2907.6720000000000255, 1, 2909.4659999999998945, 99.946937804569756736, 2907.6720000000000255, 0, 2909.4659999999998945, 107.12719414718503685, 2907.6720000000000255, 0, 2909.4659999999998945, 0, 2907.6720000000000255, 1
2909.4749999999999091, 0, 2907.6779999999998836, 1, 2909.4749999999999091, 97.777016273198483987, 2907.6779999999998836, 0, 2909.4749999999999091, 110.96527795450168696, 2907.6779999999998836, 0, 2909.4749999999999091, 0, 2907.6779999999998836, 1
2909.4850000000001273, 319.0652979716743971, 2907.6829999999999927, 1, 2909.4850000000001273, 94.5049851434651913, 2907.6829999999999927, 0, 2909.4850000000001273, 109.94581327969333984, 2907.6829999999999927, 0, 2909.4850000000001273, 0, 2907.6829999999999927, 1
2909.4949999999998909, 311.01493335491636572, 2907.6889999999998508, 1, 2909.4949999999998909, 40.496344614029801789, 2907.6889999999998508, 0, 2909.4949999999998909, 118.34581108148687179, 2907.6889999999998508, 0, 2909.4949999999998909, 0, 2907.6889999999998508, 1
2909.5059999999998581, 281.51521152808174975, 2907.693000000000211, 1, 2909.5059999999998581, 4.6205444085040534574, 2907.693000000000211, 0, 2909.5059999999998581, 119.17595643976230235, 2907.693000000000211, 0, 2909.5059999999998581, 0, 2907.693000000000211, 1
2909.5149999999998727, 75.903081456367218038, 2907.6990000000000691, 1, 2909.5149999999998727, 0, 2907.6990000000000691, 0, 2909.5149999999998727, 82.051556105872620606, 2907.6990000000000691, 0, 2909.5149999999998727, 141.59122215656472576, 2907.6990000000000691, 1
2909.5259999999998399, 22.810867491208661306, 2907.7029999999999745, 1, 2909.5259999999998399, 0, 2907.7029999999999745, 0, 2909.5259999999998399, 33.407075825071018471, 2907.7029999999999745, 0, 2909.5259999999998399, 67.125355193905946294, 2907.7029999999999745, 1
2909.5360000000000582, 22.621429040220906614, 2907.7089999999998327, 1, 2909.5360000000000582, 0, 2907.7089999999998327, 0, 2909.5360000000000582, 28.529267937948031175, 2907.7089999999998327, 0, 2909.5360000000000582, 30.37450594340768717, 2907.7089999999998327, 1
2909.5470000000000255, 29.684523106899074918, 2907.7119999999999891, 1, 2909.5470000000000255, 0, 2907.7119999999999891, 0, 2909.5470000000000255, 31.577588826517477116, 2907.7119999999999891, 0, 2909.5470000000000255, 24.79526108043641841, 2907.7119999999999891, 1
2909.5549999999998363, 51.878160139885650892, 2907.7190000000000509, 1, 2909.5549999999998363, 0, 2907.7190000000000509, 0, 2909.5549999999998363, 35.658723050458966952, 2907.7190000000000509, 0, 2909.5549999999998363, 25.973216769475186538, 2907.7190000000000509, 1
2909.5659999999998035, 74.917058454255510469, 2907.7229999999999563, 1, 2909.5659999999998035, 56.773714977702539386, 2907.7229999999999563, 0, 2909.5659999999998035, 38.911536135060629249, 2907.7229999999999563, 0, 2909.5659999999998035, 28.605307445396046973, 2907.7229999999999563, 1
2909.5760000000000218, 79.797038962692084851, 2907.7289999999998145, 1, 2909.5760000000000218, 55.791166795503727371, 2907.7289999999998145, 0, 2909.5760000000000218, 39.710819935476457943, 2907.7289999999998145, 0, 2909.5760000000000218, 21.150929363014682849, 2907.7289999999998145, 1
2909.5859999999997854, 78.391044851070489585, 2907.7330000000001746, 1, 2909.5859999999997854, 68.804464959633222065, 2907.7330000000001746, 0, 2909.5859999999997854, 52.767803400884943699, 2907.7330000000001746, 0, 2909.5859999999997854, 20.495101020492299426, 2907.7330000000001746, 1
2909.5960000000000036, 42.35804450299029611, 2907.737999999999829, 1, 2909.5960000000000036, 61.808100381733424911, 2907.737999999999829, 0, 2909.5960000000000036, 116.15479833758016071, 2907.737999999999829, 0, 2909.5960000000000036, 65.127235673616596046, 2907.737999999999829, 1
2909.6060000000002219, 67.165067520405045798, 2907.7429999999999382, 1, 2909.6060000000002219, 0, 2907.7429999999999382, 0, 2909.6060000000002219, 0, 2907.7429999999999382, 0, 2909.6060000000002219, 61.437339461298513754, 2907.7429999999999382, 1
2909.6260000000002037, 92.650049251617431878, 2907.7480000000000473, 1, 2909.6260000000002037, 0, 2907.7480000000000473, 0, 2909.6260000000002037, 0, 2907.7480000000000473, 0, 2909.6260000000002037, 65.078064391798278621, 2907.7480000000000473, 1
2909.6359999999999673, 108.53502666417402622, 2907.7530000000001564, 1, 2909.6359999999999673, 0, 2907.7530000000001564, 0, 2909.6359999999999673, 0, 2907.7530000000001564, 0, 2909.6359999999999673, 69.692268581600714583, 2907.7530000000001564, 1
2909.6460000000001855, 113.52905984140636519, 2907.7579999999998108, 1, 2909.6460000000001855, 0, 2907.7579999999998108, 0, 2909.6460000000001855, 0, 2907.7579999999998108, 0, 2909.6460000000001855, 73.41030060134542623, 2907.7579999999998108, 1
2909.6460000000001855, 117.20776196202967867, 2907.7640000000001237, 1, 2909.6460000000001855, 0, 2907.7640000000001237, 0, 2909.6460000000001855, 0, 2907.7640000000001237, 0, 2909.6460000000001855, 74.449539488321477165, 2907.7640000000001237, 1
2909.6559999999999491, 118.46006107495051651, 2907.7680000000000291, 1, 2909.6559999999999491, 0, 2907.7680000000000291, 0, 2909.6559999999999491, 0, 2907.7680000000000291, 0, 2909.6559999999999491, 78.151003792385765223, 2907.7680000000000291, 1
2909.6759999999999309, 118.44365491810083313, 2907.7730000000001382, 1, 2909.6759999999999309, 0, 2907.7730000000001382, 0, 2909.6759999999999309, 0, 2907.7730000000001382, 0, 2909.6759999999999309, 79.940345970295211941, 2907.7730000000001382, 1
2909.6759999999999309, 117.39554555060553298, 2907.7789999999999964, 1, 2909.6759999999999309, 0, 2907.7789999999999964, 0, 2909.6759999999999309, 0, 2907.7789999999999964, 0, 2909.6759999999999309, 83.032141852476115673, 2907.7789999999999964, 1
2909.6860000000001492, 115.57414290375119492, 2907.7840000000001055, 1, 2909.6860000000001492, 0, 2907.7840000000001055, 0, 2909.6860000000001492, 0, 2907.7840000000001055, 0, 2909.6860000000001492, 87.971359270454641432, 2907.7840000000001055, 1
2909.6959999999999127, 114.13612135612258669, 2907.7890000000002146, 1, 2909.6959999999999127, 0, 2907.7890000000002146, 0, 2909.6959999999999127, 0, 2907.7890000000002146, 0, 2909.6959999999999127, 91.629167139652935248, 2907.7890000000002146, 1
2909.706000000000131, 112.2994259909051209, 2907.7930000000001201, 1, 2909.706000000000131, 0, 2907.7930000000001201, 0, 2909.706000000000131, 0, 2907.7930000000001201, 0, 2909.706000000000131, 95.892486017805680376, 2907.7930000000001201, 1
2909.7159999999998945, 109.74630317249190625, 2907.7979999999997744, 1, 2909.7159999999998945, 0, 2907.7979999999997744, 0, 2909.7159999999998945, 0, 2907.7979999999997744, 0, 2909.7159999999998945, 96.824734570672603695, 2907.7979999999997744, 1
2909.7260000000001128, 109.10257831965661524, 2907.8029999999998836, 1, 2909.7260000000001128, 0, 2907.8029999999998836, 0, 2909.7260000000001128, 0, 2907.8029999999998836, 0, 2909.7260000000001128, 101.55983867503090323, 2907.8029999999998836, 1
2909.7359999999998763, 107.52703860559699933, 2907.8090000000001965, 1, 2909.7359999999998763, 0, 2907.8090000000001965, 0, 2909.7359999999998763, 0, 2907.8090000000001965, 0, 2909.7359999999998763, 103.41605464695980743, 2907.8090000000001965, 1
2909.7460000000000946, 107.07265799727879596, 2907.8130000000001019, 1, 2909.7460000000000946, 0, 2907.8130000000001019, 0, 2909.7460000000000946, 0, 2907.8130000000001019, 0, 2909.7460000000000946, 105.05243955889250174, 2907.8130000000001019, 1
2909.7660000000000764, 104.10072332041875143, 2907.81899999999996, 1, 2909.7660000000000764, 0, 2907.81899999999996, 0, 2909.7660000000000764, 0, 2907.81899999999996, 0, 2909.7660000000000764, 101.59323134889365292, 2907.81899999999996, 1
2909.7660000000000764, 103.1324002459553526, 2907.8229999999998654, 1, 2909.7660000000000764, 0, 2907.8229999999998654, 0, 2909.7660000000000764, 0, 2907.8229999999998654, 0, 2909.7660000000000764, 104.29438990654082886, 2907.8229999999998654, 1
2909.7860000000000582, 102.03336223603750454, 2907.8290000000001783, 1, 2909.7860000000000582, 0, 2907.8290000000001783, 0, 2909.7860000000000582, 0, 2907.8290000000001783, 0, 2909.7860000000000582, 107.27655306341405606, 2907.8290000000001783, 1
2909.7860000000000582, 100.80700878544533339, 2907.8330000000000837, 1, 2909.7860000000000582, 0, 2907.8330000000000837, 0, 2909.7860000000000582, 0, 2907.8330000000000837, 0, 2909.7860000000000582, 111.11828309089352729, 2907.8330000000000837, 1
2909.7959999999998217, 98.631684409670512537, 2907.8389999999999418, 1, 2909.7959999999998217, 0, 2907.8389999999999418, 0, 2909.7959999999998217, 0, 2907.8389999999999418, 0, 2909.7959999999998217, 112.28831631930876256, 2907.8389999999999418, 1
2909.80600000000004, 97.572108669255342761, 2907.8429999999998472, 1, 2909.80600000000004, 0, 2907.8429999999998472, 0, 2909.80600000000004, 0, 2907.8429999999998472, 0, 2909.80600000000004, 113.31940461825126931, 2907.8429999999998472, 1
2909.8159999999998035, 97.179007154786603451, 2907.8479999999999563, 1, 2909.8159999999998035, 0, 2907.8479999999999563, 0, 2909.8159999999998035, 0, 2907.8479999999999563, 0, 2909.8159999999998035, 115.29056922612754477, 2907.8479999999999563, 1
2909.8260000000000218, 87.243656806666052717, 2907.8530000000000655, 1, 2909.8260000000000218, 316.76643640730469542, 2907.8530000000000655, 0, 2909.8260000000000218, 0, 2907.8530000000000655, 0, 2909.8260000000000218, 113.08433668242028602, 2907.8530000000000655, 1
2909.8359999999997854, 23.850165389673236405, 2907.8580000000001746, 1, 2909.8359999999997854, 224.86990764179455482, 2907.8580000000001746, 0, 2909.8359999999997854, 216.8319735866659812, 2907.8580000000001746, 0, 2909.8359999999997854, 84.163191415272038398, 2907.8580000000001746, 1
2909.8460000000000036, 0, 2907.86200000000008, 1, 2909.8460000000000036, 64.534757209550491552, 2907.86200000000008, 0, 2909.8460000000000036, 89.999036102865744624, 2907.86200000000008, 0, 2909.8460000000000036, 27.71801538532445619, 2907.86200000000008, 1
2909.8649999999997817, 0, 2907.8679999999999382, 1, 2909.8649999999997817, 20.86829693110488293, 2907.8679999999999382, 0, 2909.8649999999997817, 38.077240262333305054, 2907.8679999999999382, 0, 2909.8649999999997817, 32.633772095105655353, 2907.8679999999999382, 1
2909.8760000000002037, 0, 2907.8730000000000473, 1, 2909.8760000000002037, 21.202007952847214511, 2907.8730000000000473, 0, 2909.8760000000002037, 22.138346581573717486, 2907.8730000000000473, 0, 2909.8760000000002037, 39.974491075951121388, 2907.8730000000000473, 1
2909.8760000000002037, 57.876836094295775581, 2907.8780000000001564, 1, 2909.8760000000002037, 38.43177879842512823, 2907.8780000000001564, 0, 2909.8760000000002037, 21.745796976515510579, 2907.8780000000001564, 0, 2909.8760000000002037, 44.677722053085446419, 2907.8780000000001564, 1
2909.8859999999999673, 43.531048898177225226, 2907.8829999999998108, 1, 2909.8859999999999673, 48.88160965601186092, 2907.8829999999998108, 1, 2909.8859999999999673, 22.777816497494800529, 2907.8829999999998108, 1, 2909.8859999999999673, 53.055232979764426204, 2907.8829999999998108, 1
2909.8960000000001855, 51.888312560637913862, 2907.887000000000171, 1, 2909.8960000000001855, 53.796120270444319544, 2907.887000000000171, 1, 2909.8960000000001855, 23.854417855078771993, 2907.887000000000171, 1, 2909.8960000000001855, 52.834562959424673068, 2907.887000000000171, 1
2909.9160000000001673, 51.835425356823861875, 2907.8919999999998254, 1, 2909.9160000000001673, 58.864704045556926815, 2907.8919999999998254, 1, 2909.9160000000001673, 26.432662488983904581, 2907.8919999999998254, 1, 2909.9160000000001673, 45.044370137362648165, 2907.8919999999998254, 1
2909.9160000000001673, 46.992527309189910056, 2907.8989999999998872, 1, 2909.9160000000001673, 62.986388708045524254, 2907.8989999999998872, 1, 2909.9160000000001673, 32.546084220333106884, 2907.8989999999998872, 1, 2909.9160000000001673, 35.852108788279295482, 2907.8989999999998872, 1
2909.9360000000001492, 0, 2907.9029999999997926, 1, 2909.9360000000001492, 72.591510919382145062, 2907.9029999999997926, 1, 2909.9360000000001492, 63.908890233813615112, 2907.9029999999997926, 1, 2909.9360000000001492, 0, 2907.9029999999997926, 1
2909.9360000000001492, 0, 2907.9079999999999018, 1, 2909.9360000000001492, 96.493233936299930065, 2907.9079999999999018, 1, 2909.9360000000001492, 77.427964113608339858, 2907.9079999999999018, 1, 2909.9360000000001492, 0, 2907.9079999999999018, 1
2909.956000000000131, 0, 2907.9119999999998072, 1, 2909.956000000000131, 114.42216834135962245, 2907.9119999999998072, 1, 2909.956000000000131, 76.748652119342750666, 2907.9119999999998072, 1, 2909.956000000000131, 0, 2907.9119999999998072, 1
2909.9659999999998945, 0, 2907.9180000000001201, 1, 2909.9659999999998945, 120.54930212272195433, 2907.9180000000001201, 1, 2909.9659999999998945, 74.158829757509280967, 2907.9180000000001201, 1, 2909.9659999999998945, 0, 2907.9180000000001201, 1
2909.9760000000001128, 0, 2907.9220000000000255, 1, 2909.9760000000001128, 125.16854135161887029, 2907.9220000000000255, 1, 2909.9760000000001128, 71.487038561120812119, 2907.9220000000000255, 1, 2909.9760000000001128, 0, 2907.9220000000000255, 1
2909.9859999999998763, 0, 2907.9279999999998836, 1, 2909.9859999999998763, 129.15487798697509447, 2907.9279999999998836, 1, 2909.9859999999998763, 70.337807915874023479, 2907.9279999999998836, 1, 2909.9859999999998763, 0, 2907.9279999999998836, 1
2909.9980000000000473, 0, 2907.9329999999999927, 1, 2909.9980000000000473, 127.74745217687888044, 2907.9329999999999927, 1, 2909.9980000000000473, 70.87644802533299071, 2907.9329999999999927, 1, 2909.9980000000000473, 0, 2907.9329999999999927, 1
2909.9980000000000473, 0, 2907.9389999999998508, 1, 2909.9980000000000473, 125.98160067490610459, 2907.9389999999998508, 1, 2909.9980000000000473, 73.825616823231939634, 2907.9389999999998508, 1, 2909.9980000000000473, 0, 2907.9389999999998508, 1
2910.0059999999998581, 0, 2907.943000000000211, 1, 2910.0059999999998581, 123.97866423197575614, 2907.943000000000211, 1, 2910.0059999999998581, 76.995123021468572233, 2907.943000000000211, 1, 2910.0059999999998581, 0, 2907.943000000000211, 1
2910.0279999999997926, 0, 2907.9490000000000691, 1, 2910.0279999999997926, 121.85210852390102332, 2907.9490000000000691, 1, 2910.0279999999997926, 81.460957300903530154, 2907.9490000000000691, 1, 2910.0279999999997926, 0, 2907.9490000000000691, 1
2910.0279999999997926, 0, 2907.9529999999999745, 1, 2910.0279999999997926, 119.193545913741616, 2907.9529999999999745, 1, 2910.0279999999997926, 85.571379472320188597, 2907.9529999999999745, 1, 2910.0279999999997926, 0, 2907.9529999999999745, 1
2910.0459999999998217, 0, 2907.9580000000000837, 0, 2910.0459999999998217, 116.83101252404441084, 2907.9580000000000837, 1, 2910.0459999999998217, 89.5348191403828082, 2907.9580000000000837, 1, 2910.0459999999998217, 0, 2907.9580000000000837, 0
2910.05600000000004, 0, 2907.9630000000001928, 0, 2910.05600000000004, 114.28581467814348116, 2907.9630000000001928, 1, 2910.05600000000004, 93.354354965350040629, 2907.9630000000001928, 1, 2910.05600000000004, 0, 2907.9630000000001928, 0
2910.05600000000004, 0, 2907.9679999999998472, 0, 2910.05600000000004, 112.42104199813954324, 2907.9679999999998472, 1, 2910.05600000000004, 95.757206160563640651, 2907.9679999999998472, 1, 2910.05600000000004, 0, 2907.9679999999998472, 0
2910.0770000000002256, 0, 2907.9729999999999563, 0, 2910.0770000000002256, 110.43291545439595325, 2907.9729999999999563, 1, 2910.0770000000002256, 96.87686490645425863, 2907.9729999999999563, 1, 2910.0770000000002256, 0, 2907.9729999999999563, 0
2910.0859999999997854, 0, 2907.9789999999998145, 0, 2910.0859999999997854, 108.59141640799208517, 2907.9789999999998145, 1, 2910.0859999999997854, 98.615597528294244967, 2907.9789999999998145, 1, 2910.0859999999997854, 0, 2907.9789999999998145, 0
2910.0960000000000036, 0, 2907.9830000000001746, 0, 2910.0960000000000036, 106.68834328453917237, 2907.9830000000001746, 1, 2910.0960000000000036, 101.14006184862957127, 2907.9830000000001746, 1, 2910.0960000000000036, 0, 2907.9830000000001746, 0
2910.0960000000000036, 0, 2907.987999999999829, 0, 2910.0960000000000036, 104.53934533046441402, 2907.987999999999829, 1, 2910.0960000000000036, 103.63915825870556375, 2907.987999999999829, 1, 2910.0960000000000036, 0, 2907.987999999999829, 0
2910.1159999999999854, 0, 2907.9920000000001892, 0, 2910.1159999999999854, 103.21886398853541777, 2907.9920000000001892, 1, 2910.1159999999999854, 106.57422052854705896, 2907.9920000000001892, 1, 2910.1159999999999854, 0, 2907.9920000000001892, 0
2910.1260000000002037, 0, 2907.9980000000000473, 0, 2910.1260000000002037, 100.87862856154109181, 2907.9980000000000473, 1, 2910.1260000000002037, 108.72628397405351564, 2907.9980000000000473, 1, 2910.1260000000002037, 0, 2907.9980000000000473, 0
2910.1260000000002037, 0, 2908.0039999999999054, 0, 2910.1260000000002037, 97.651085315097517991, 2908.0039999999999054, 1, 2910.1260000000002037, 114.44967502338533905, 2908.0039999999999054, 1, 2910.1260000000002037, 0, 2908.0039999999999054, 0
2910.1359999999999673, 308.204896719976432, 2908.0079999999998108, 0, 2910.1359999999999673, 95.926426220450991877, 2908.0079999999998108, 1, 2910.1359999999999673, 113.70742840894212122, 2908.0079999999998108, 1, 2910.1359999999999673, 0, 2908.0079999999998108, 0
2910.1460000000001855, 303.9077661654541771, 2908.01299999999992, 0, 2910.1460000000001855, 41.400833908580167986, 2908.01299999999992, 1, 2910.1460000000001855, 117.84562805518604023, 2908.01299999999992, 1, 2910.1460000000001855, 0, 2908.01299999999992, 0
2910.1550000000002001, 260.69846970335845526, 2908.0180000000000291, 0, 2910.1550000000002001, 4.2784695523956211005, 2908.0180000000000291, 1, 2910.1550000000002001, 115.88965083618354868, 2908.0180000000000291, 1, 2910.1550000000002001, 0, 2908.0180000000000291, 0
2910.1759999999999309, 83.739990217585003052, 2908.0239999999998872, 0, 2910.1759999999999309, 0, 2908.0239999999998872, 1, 2910.1759999999999309, 79.969490189686197823, 2908.0239999999998872, 1, 2910.1759999999999309, 121.99235810118747736, 2908.0239999999998872, 0
2910.1759999999999309, 29.438586909032277816, 2908.0289999999999964, 0, 2910.1759999999999309, 0, 2908.0289999999999964, 1, 2910.1759999999999309, 33.699158438202999832, 2908.0289999999999964, 1, 2910.1759999999999309, 60.942335132955221866, 2908.0289999999999964, 0
2910.1849999999999454, 19.134925858330277038, 2908.0329999999999018, 0, 2910.1849999999999454, 0, 2908.0329999999999018, 1, 2910.1849999999999454, 29.67955986399704571, 2908.0329999999999018, 1, 2910.1849999999999454, 24.662897841122305209, 2908.0329999999999018, 0
2910.1959999999999127, 25.928163842553981766, 2908.0380000000000109, 0, 2910.1959999999999127, 0, 2908.0380000000000109, 1, 2910.1959999999999127, 32.90703779348321234, 2908.0380000000000109, 1, 2910.1959999999999127, 21.945597328285224137, 2908.0380000000000109, 0
2910.2089999999998327, 49.75945823514328481, 2908.043999999999869, 0, 2910.2089999999998327, 0, 2908.043999999999869, 1, 2910.2089999999998327, 35.890265320609110233, 2908.043999999999869, 1, 2910.2089999999998327, 26.567665591606818509, 2908.043999999999869, 0
2910.2159999999998945, 71.497237134414760362, 2908.0489999999999782, 0, 2910.2159999999998945, 56.626731171922664032, 2908.0489999999999782, 1, 2910.2159999999998945, 39.096376923032835293, 2908.0489999999999782, 1, 2910.2159999999998945, 26.519965870831295973, 2908.0489999999999782, 0
2910.2260000000001128, 77.844535169610722392, 2908.0529999999998836, 0, 2910.2260000000001128, 52.26736831167792019, 2908.0529999999998836, 1, 2910.2260000000001128, 40.040981234362703844, 2908.0529999999998836, 1, 2910.2260000000001128, 20.866392985217935063, 2908.0529999999998836, 0
2910.2359999999998763, 77.992119293847395056, 2908.0579999999999927, 0, 2910.2359999999998763, 66.748210468467092937, 2908.0579999999999927, 1, 2910.2359999999998763, 53.083194225420918144, 2908.0579999999999927, 1, 2910.2359999999998763, 21.551173009516158885, 2908.0579999999999927, 0
2910.2460000000000946, 43.471799195596133814, 2908.0630000000001019, 0, 2910.2460000000000946, 64.70213174138760337, 2908.0630000000001019, 1, 2910.2460000000000946, 114.34362682300142922, 2908.0630000000001019, 1, 2910.2460000000000946, 65.444073589069034824, 2908.0630000000001019, 0
2910.2559999999998581, 66.998102809778416145, 2908.068000000000211, 0, 2910.2559999999998581, 0, 2908.068000000000211, 1, 2910.2559999999998581, 0, 2908.068000000000211, 1, 2910.2559999999998581, 61.527120621076925033, 2908.068000000000211, 0
2910.2660000000000764, 92.870740253733274017, 2908.0729999999998654, 0, 2910.2660000000000764, 0, 2908.0729999999998654, 1, 2910.2660000000000764, 0, 2908.0729999999998654, 1, 2910.2660000000000764, 64.997962158417507794, 2908.0729999999998654, 0
2910.2750000000000909, 107.01854053265492439, 2908.0779999999999745, 0, 2910.2750000000000909, 0, 2908.0779999999999745, 1, 2910.2750000000000909, 0, 2908.0779999999999745, 1, 2910.2750000000000909, 71.615505335092805694, 2908.0779999999999745, 0
2910.2860000000000582, 113.95191169304432321, 2908.0839999999998327, 0, 2910.2860000000000582, 0, 2908.0839999999998327, 1, 2910.2860000000000582, 0, 2908.0839999999998327, 1, 2910.2860000000000582, 74.839638629454441343, 2908.0839999999998327, 0
2910.2959999999998217, 117.28301289999606638, 2908.0880000000001928, 0, 2910.2959999999998217, 0, 2908.0880000000001928, 1, 2910.2959999999998217, 0, 2908.0880000000001928, 1, 2910.2959999999998217, 76.608728871198763954, 2908.0880000000001928, 0
2910.30600000000004, 118.43266393067045783, 2908.0929999999998472, 0, 2910.30600000000004, 0, 2908.0929999999998472, 1, 2910.30600000000004, 0, 2908.0929999999998472, 1, 2910.30600000000004, 78.105385281579202683, 2908.0929999999998472, 0
2910.3150000000000546, 118.32732523888782339, 2908.0979999999999563, 0, 2910.3150000000000546, 0, 2908.0979999999999563, 1, 2910.3150000000000546, 0, 2908.0979999999999563, 1, 2910.3150000000000546, 80.944428902246414737, 2908.0979999999999563, 0
2910.3260000000000218, 117.27309736478460422, 2908.1030000000000655, 0, 2910.3260000000000218, 0, 2908.1030000000000655, 1, 2910.3260000000000218, 0, 2908.1030000000000655, 1, 2910.3260000000000218, 82.5287157994865197, 2908.1030000000000655, 0
2910.3369999999999891, 115.65512779462710569, 2908.1080000000001746, 0, 2910.3369999999999891, 0, 2908.1080000000001746, 1, 2910.3369999999999891, 0, 2908.1080000000001746, 1, 2910.3369999999999891, 86.981599179566885027, 2908.1080000000001746, 0
2910.3460000000000036, 113.95593716587762856, 2908.112999999999829, 0, 2910.3460000000000036, 0, 2908.112999999999829, 1, 2910.3460000000000036, 0, 2908.112999999999829, 1, 2910.3460000000000036, 90.995159505371020714, 2908.112999999999829, 0
2910.3560000000002219, 112.24831780635147993, 2908.1190000000001419, 0, 2910.3560000000002219, 0, 2908.1190000000001419, 1, 2910.3560000000002219, 0, 2908.1190000000001419, 1, 2910.3560000000002219, 95.732145052265735785, 2908.1190000000001419, 0
2910.3659999999999854, 110.02123180670147917, 2908.1239999999997963, 0, 2910.3659999999999854, 0, 2908.1239999999997963, 1, 2910.3659999999999854, 0, 2908.1239999999997963, 1, 2910.3659999999999854, 100.22932907269395741, 2908.1239999999997963, 0
2910.3760000000002037, 109.84054975791403308, 2908.1280000000001564, 0, 2910.3760000000002037, 0, 2908.1280000000001564, 1, 2910.3760000000002037, 0, 2908.1280000000001564, 1, 2910.3760000000002037, 100.5485111358114807, 2908.1280000000001564, 0
2910.3859999999999673, 108.11626398081345712, 2908.1329999999998108, 0, 2910.3859999999999673, 0, 2908.1329999999998108, 1, 2910.3859999999999673, 0, 2908.1329999999998108, 1, 2910.3859999999999673, 103.10611387602442335, 2908.1329999999998108, 0
2910.3969999999999345, 106.77466521262738297, 2908.13799999999992, 0, 2910.3969999999999345, 0, 2908.13799999999992, 1, 2910.3969999999999345, 0, 2908.13799999999992, 1, 2910.3969999999999345, 104.99427076256365865, 2908.13799999999992, 0
2910.4050000000002001, 104.33514453807859468, 2908.1449999999999818, 0, 2910.4050000000002001, 0, 2908.1449999999999818, 1, 2910.4050000000002001, 0, 2908.1449999999999818, 1, 2910.4050000000002001, 102.51233799389837031, 2908.1449999999999818, 0
2910.4149999999999636, 103.42156171658956509, 2908.1480000000001382, 0, 2910.4149999999999636, 0, 2908.1480000000001382, 1, 2910.4149999999999636, 0, 2908.1480000000001382, 1, 2910.4149999999999636, 104.6563853606251655, 2908.1480000000001382, 0
2910.4250000000001819, 102.35022938285430882, 2908.1529999999997926, 0, 2910.4250000000001819, 0, 2908.1529999999997926, 1, 2910.4250000000001819, 0, 2908.1529999999997926, 1, 2910.4250000000001819, 107.82911684816539832, 2908.1529999999997926, 0
2910.4349999999999454, 101.21542157492721969, 2908.1579999999999018, 0, 2910.4349999999999454, 0, 2908.1579999999999018, 1, 2910.4349999999999454, 0, 2908.1579999999999018, 1, 2910.4349999999999454, 110.79838291925508997, 2908.1579999999999018, 0
2910.4459999999999127, 98.791865294729234392, 2908.1660000000001673, 0, 2910.4459999999999127, 0, 2908.1660000000001673, 1, 2910.4459999999999127, 0, 2908.1660000000001673, 1, 2910.4459999999999127, 111.44006977161227212, 2908.1660000000001673, 0
2910.4549999999999272, 97.634054479320042219, 2908.1680000000001201, 0, 2910.4549999999999272, 0, 2908.1680000000001201, 1, 2910.4549999999999272, 0, 2908.1680000000001201, 1, 2910.4549999999999272, 114.27999247795638382, 2908.1680000000001201, 0
2910.4650000000001455, 97.199264759017438564, 2908.1729999999997744, 0, 2910.4650000000001455, 0, 2908.1729999999997744, 1, 2910.4650000000001455, 0, 2908.1729999999997744, 1, 2910.4650000000001455, 114.87679847254781862, 2908.1729999999997744, 0
2910.4749999999999091, 87.56181413702449845, 2908.1790000000000873, 0, 2910.4749999999999091, 313.14654010349636337, 2908.1790000000000873, 1, 2910.4749999999999091, 0, 2908.1790000000000873, 1, 2910.4749999999999091, 112.96265793106152842, 2908.1790000000000873, 0
2910.4850000000001273, 23.78037786465676362, 2908.1840000000001965, 0, 2910.4850000000001273, 238.30680251799856251, 2908.1840000000001965, 1, 2910.4850000000001273, 211.60443753813089529, 2908.1840000000001965, 1, 2910.4850000000001273, 76.671066977306153944, 2908.1840000000001965, 0
2910.4960000000000946, 0, 2908.1889999999998508, 0, 2910.4960000000000946, 54.01938783112245801, 2908.1889999999998508, 1, 2910.4960000000000946, 78.238510028880725145, 2908.1889999999998508, 1, 2910.4960000000000946, 33.343774160297549258, 2908.1889999999998508, 0
2910.5050000000001091, 0, 2908.19399999999996, 0, 2910.5050000000001091, 22.118744578418152003, 2908.19399999999996, 1, 2910.5050000000001091, 43.531746233801364099, 2908.19399999999996, 1, 2910.5050000000001091, 40.385962617635613014, 2908.19399999999996, 0
2910.5149999999998727, 0, 2908.1990000000000691, 0, 2910.5149999999998727, 15.13301077592099908, 2908.1990000000000691, 1, 2910.5149999999998727, 24.964521699809129274, 2908.1990000000000691, 1, 2910.5149999999998727, 44.20674836672539243, 2908.1990000000000691, 0
2910.5360000000000582, 46.074354301920948274, 2908.2029999999999745, 0, 2910.5360000000000582, 34.179688755784390253, 2908.2029999999999745, 1, 2910.5360000000000582, 23.378623925472403755, 2908.2029999999999745, 1, 2910.5360000000000582, 44.640514162603238901, 2908.2029999999999745, 0
2910.5459999999998217, 43.977202528906637724, 2908.2080000000000837, 1, 2910.5459999999998217, 47.501610936640723537, 2908.2080000000000837, 1, 2910.5459999999998217, 24.416554902020770612, 2908.2080000000000837, 1, 2910.5459999999998217, 52.311826706449522817, 2908.2080000000000837, 1
2910.5459999999998217, 52.412265445824111509, 2908.2130000000001928, 1, 2910.5459999999998217, 53.074324512038252522, 2908.2130000000001928, 1, 2910.5459999999998217, 25.139190091165936281, 2908.2130000000001928, 1, 2910.5459999999998217, 51.536932150780231154, 2908.2130000000001928, 1
2910.55600000000004, 53.796944223439545851, 2908.2190000000000509, 1, 2910.55600000000004, 57.090610534470798143, 2908.2190000000000509, 1, 2910.55600000000004, 26.69701997618728484, 2908.2190000000000509, 1, 2910.55600000000004, 45.645771462235927629, 2908.2190000000000509, 1
2910.5659999999998035, 40.373496070974560723, 2908.2229999999999563, 1, 2910.5659999999998035, 63.333176585879662923, 2908.2229999999999563, 1, 2910.5659999999998035, 36.113433426187008024, 2908.2229999999999563, 1, 2910.5659999999998035, 28.37031489081601876, 2908.2229999999999563, 1
2910.5760000000000218, 0, 2908.2289999999998145, 1, 2910.5760000000000218, 75.760018506401394234, 2908.2289999999998145, 1, 2910.5760000000000218, 66.196166902828835532, 2908.2289999999998145, 1, 2910.5760000000000218, 0, 2908.2289999999998145, 1
2910.5960000000000036, 0, 2908.2330000000001746, 1, 2910.5960000000000036, 99.896464513506231242, 2908.2330000000001746, 1, 2910.5960000000000036, 78.902485384642389477, 2908.2330000000001746, 1, 2910.5960000000000036, 0, 2908.2330000000001746, 1
2910.6060000000002219, 0, 2908.237999999999829, 1, 2910.6060000000002219, 115.77129162665673334, 2908.237999999999829, 1, 2910.6060000000002219, 78.98554480565141489, 2908.237999999999829, 1, 2910.6060000000002219, 0, 2908.237999999999829, 1
2910.6159999999999854, 0, 2908.2440000000001419, 1, 2910.6159999999999854, 122.55245758144954493, 2908.2440000000001419, 1, 2910.6159999999999854, 77.026205068213712934, 2908.2440000000001419, 1, 2910.6159999999999854, 0, 2908.2440000000001419, 1
2910.6260000000002037, 0, 2908.2480000000000473, 1, 2910.6260000000002037, 125.99954691086438174, 2908.2480000000000473, 1, 2910.6260000000002037, 71.191290321756014237, 2908.2480000000000473, 1, 2910.6260000000002037, 0, 2908.2480000000000473, 1
2910.6359999999999673, 0, 2908.2539999999999054, 1, 2910.6359999999999673, 127.31961311989617514, 2908.2539999999999054, 1, 2910.6359999999999673, 71.151668255233246896, 2908.2539999999999054, 1, 2910.6359999999999673, 0, 2908.2539999999999054, 1
2910.6460000000001855, 0, 2908.2590000000000146, 1, 2910.6460000000001855, 128.27994533923094878, 2908.2590000000000146, 1, 2910.6460000000001855, 70.581965578643547587, 2908.2590000000000146, 1, 2910.6460000000001855, 0, 2908.2590000000000146, 1
2910.6559999999999491, 0, 2908.262000000000171, 1, 2910.6559999999999491, 126.57308420319202469, 2908.262000000000171, 1, 2910.6559999999999491, 72.81130412392589335, 2908.262000000000171, 1, 2910.6559999999999491, 0, 2908.262000000000171, 1
2910.6559999999999491, 0, 2908.2699999999999818, 1, 2910.6559999999999491, 124.28281382122608534, 2908.2699999999999818, 1, 2910.6559999999999491, 76.325960992846148656, 2908.2699999999999818, 1, 2910.6559999999999491, 0, 2908.2699999999999818, 1
2910.6660000000001673, 0, 2908.2730000000001382, 1, 2910.6660000000001673, 121.72670782772040354, 2908.2730000000001382, 1, 2910.6660000000001673, 80.44083844577617981, 2908.2730000000001382, 1, 2910.6660000000001673, 0, 2908.2730000000001382, 1
2910.6860000000001492, 0, 2908.2779999999997926, 1, 2910.6860000000001492, 118.93268853930825912, 2908.2779999999997926, 1, 2910.6860000000001492, 84.104586866825542302, 2908.2779999999997926, 1, 2910.6860000000001492, 0, 2908.2779999999997926, 1
2910.6860000000001492, 0, 2908.2840000000001055, 1, 2910.6860000000001492, 116.16972964996200801, 2908.2840000000001055, 0, 2910.6860000000001492, 88.629408240087983017, 2908.2840000000001055, 0, 2910.6860000000001492, 0, 2908.2840000000001055, 1
2910.706000000000131, 0, 2908.2880000000000109, 1, 2910.706000000000131, 114.16702812834810743, 2908.2880000000000109, 0, 2910.706000000000131, 93.108616320239022457, 2908.2880000000000109, 0, 2910.706000000000131, 0, 2908.2880000000000109, 1
2910.7159999999998945, 0, 2908.2930000000001201, 1, 2910.7159999999998945, 111.79742507064948143, 2908.2930000000001201, 0, 2910.7159999999998945, 96.085695947835262132, 2908.2930000000001201, 0, 2910.7159999999998945, 0, 2908.2930000000001201, 1
2910.7269999999998618, 0, 2908.2979999999997744, 1, 2910.7269999999998618, 109.47544529355971576, 2908.2979999999997744, 0, 2910.7269999999998618, 93.858454873622207515, 2908.2979999999997744, 0, 2910.7269999999998618, 0, 2908.2979999999997744, 1
2910.7269999999998618, 0, 2908.3029999999998836, 1, 2910.7269999999998618, 107.4839543390746428, 2908.3029999999998836, 0, 2910.7269999999998618, 96.149583710244897361, 2908.3029999999998836, 0, 2910.7269999999998618, 0, 2908.3029999999998836, 1
2910.7359999999998763, 0, 2908.3079999999999927, 1, 2910.7359999999998763, 105.31496008022580213, 2908.3079999999999927, 0, 2910.7359999999998763, 98.73270040445524387, 2908.3079999999999927, 0, 2910.7359999999998763, 0, 2908.3079999999999927, 1
2910.7460000000000946, 0, 2908.3130000000001019, 1, 2910.7460000000000946, 104.06809611518227143, 2908.3130000000001019, 0, 2910.7460000000000946, 100.43480245524557404, 2908.3130000000001019, 0, 2910.7460000000000946, 0, 2908.3130000000001019, 1
2910.7570000000000618, 0, 2908.318000000000211, 1, 2910.7570000000000618, 102.07148466478125215, 2908.318000000000211, 0, 2910.7570000000000618, 104.74340500944866506, 2908.318000000000211, 0, 2910.7570000000000618, 0, 2908.318000000000211, 1
2910.7660000000000764, 0, 2908.3229999999998654, 1, 2910.7660000000000764, 99.296362597208045031, 2908.3229999999998654, 0, 2910.7660000000000764, 107.5991120859066541, 2908.3229999999998654, 0, 2910.7660000000000764, 0, 2908.3229999999998654, 1
2910.7759999999998399, 0, 2908.3279999999999745, 1, 2910.7759999999998399, 96.986397110863492799, 2908.3279999999999745, 0, 2910.7759999999998399, 108.86460410291022072, 2908.3279999999999745, 0, 2910.7759999999998399, 0, 2908.3279999999999745, 1
2910.7860000000000582, 311.83037252491772051, 2908.3330000000000837, 1, 2910.7860000000000582, 95.031926058574967442, 2908.3330000000000837, 0, 2910.7860000000000582, 111.27553030934106459, 2908.3330000000000837, 0, 2910.7860000000000582, 0, 2908.3330000000000837, 1
2910.7959999999998217, 302.83004995834676265, 2908.3380000000001928, 1, 2910.7959999999998217, 40.355557403151856022, 2908.3380000000001928, 0, 2910.7959999999998217, 117.3871091668890756, 2908.3380000000001928, 0, 2910.7959999999998217, 0, 2908.3380000000001928, 1
2910.80600000000004, 261.6115732974999446, 2908.3429999999998472, 1, 2910.80600000000004, 4.4964666469735083965, 2908.3429999999998472, 0, 2910.80600000000004, 118.66480704214380637, 2908.3429999999998472, 0, 2910.80600000000004, 0, 2908.3429999999998472, 1
2910.8159999999998035, 88.417781106337343999, 2908.3479999999999563, 1, 2910.8159999999998035, 0, 2908.3479999999999563, 0, 2910.8159999999998035, 79.027782261512470541, 2908.3479999999999563, 0, 2910.8159999999998035, 136.74518247428727591, 2908.3479999999999563, 1
2910.8359999999997854, 25.978205436568234887, 2908.3530000000000655, 1, 2910.8359999999997854, 0, 2908.3530000000000655, 0, 2910.8359999999997854, 35.668666553959326393, 2908.3530000000000655, 0, 2910.8359999999997854, 54.706926777365261216, 2908.3530000000000655, 1
2910.8359999999997854, 18.082758469503669829, 2908.3580000000001746, 1, 2910.8359999999997854, 0, 2908.3580000000001746, 0, 2910.8359999999997854, 30.706248567518279913, 2908.3580000000001746, 0, 2910.8359999999997854, 23.174026129405788765, 2908.3580000000001746, 1
2910.8479999999999563, 25.103298368136130136, 2908.362999999999829, 1, 2910.8479999999999563, 0, 2908.362999999999829, 0, 2910.8479999999999563, 34.1527862800133164, 2908.362999999999829, 0, 2910.8479999999999563, 21.201461448142357114, 2908.362999999999829, 1
2910.8560000000002219, 49.249702638053506121, 2908.3679999999999382, 1, 2910.8560000000002219, 0, 2908.3679999999999382, 0, 2910.8560000000002219, 36.537502612886576969, 2908.3679999999999382, 0, 2910.8560000000002219, 24.805273152996271335, 2908.3679999999999382, 1
2910.8659999999999854, 72.754331262964583971, 2908.3719999999998436, 1, 2910.8659999999999854, 58.588016503673749469, 2908.3719999999998436, 0, 2910.8659999999999854, 38.367645020182322924, 2908.3719999999998436, 0, 2910.8659999999999854, 29.6994960012555822, 2908.3719999999998436, 1
2910.8760000000002037, 81.46342478744411153, 2908.3780000000001564, 1, 2910.8760000000002037, 55.523091412484802731, 2908.3780000000001564, 0, 2910.8760000000002037, 40.164191247368300708, 2908.3780000000001564, 0, 2910.8760000000002037, 22.742997295416778059, 2908.3780000000001564, 1
2910.887000000000171, 79.334343646814005524, 2908.3829999999998108, 1, 2910.887000000000171, 58.268731462657640918, 2908.3829999999998108, 0, 2910.887000000000171, 40.458003956892483188, 2908.3829999999998108, 0, 2910.887000000000171, 20.412955551758713568, 2908.3829999999998108, 1
2910.8949999999999818, 54.723583291288619534, 2908.38799999999992, 1, 2910.8949999999999818, 73.79917605880943654, 2908.38799999999992, 0, 2910.8949999999999818, 108.19227222638048147, 2908.38799999999992, 0, 2910.8949999999999818, 58.474331546462416043, 2908.38799999999992, 1
2910.9059999999999491, 61.880055901035674992, 2908.3930000000000291, 1, 2910.9059999999999491, 0, 2908.3930000000000291, 0, 2910.9059999999999491, 0, 2908.3930000000000291, 0, 2910.9059999999999491, 69.98960665385347113, 2908.3930000000000291, 1
2910.9160000000001673, 90.423872051607247613, 2908.3969999999999345, 1, 2910.9160000000001673, 0, 2908.3969999999999345, 0, 2910.9160000000001673, 0, 2908.3969999999999345, 0, 2910.9160000000001673, 63.260623372358352867, 2908.3969999999999345, 1
2910.9270000000001346, 105.04725595047975162, 2908.4039999999999964, 1, 2910.9270000000001346, 0, 2908.4039999999999964, 0, 2910.9270000000001346, 0, 2908.4039999999999964, 0, 2910.9270000000001346, 68.965050634745836078, 2908.4039999999999964, 1
2910.9349999999999454, 112.7541634708247642, 2908.4090000000001055, 1, 2910.9349999999999454, 0, 2908.4090000000001055, 0, 2910.9349999999999454, 0, 2908.4090000000001055, 0, 2910.9349999999999454, 73.828497072827488523, 2908.4090000000001055, 1
2910.9459999999999127, 117.5484883887638432, 2908.4130000000000109, 1, 2910.9459999999999127, 0, 2908.4130000000000109, 0, 2910.9459999999999127, 0, 2908.4130000000000109, 0, 2910.9459999999999127, 72.45114330950833903, 2908.4130000000000109, 1
2910.9549999999999272, 118.48633083809674815, 2908.4180000000001201, 1, 2910.9549999999999272, 0, 2908.4180000000001201, 0, 2910.9549999999999272, 0, 2908.4180000000001201, 0, 2910.9549999999999272, 76.556656489017939293, 2908.4180000000001201, 1
2910.9650000000001455, 117.96059019081813801, 2908.4229999999997744, 1, 2910.9650000000001455, 0, 2908.4229999999997744, 0, 2910.9650000000001455, 0, 2908.4229999999997744, 0, 2910.9650000000001455, 80.122201835985379148, 2908.4229999999997744, 1
2910.9769999999998618, 116.9499195963247189, 2908.4279999999998836, 1, 2910.9769999999998618, 0, 2908.4279999999998836, 0, 2910.9769999999998618, 0, 2908.4279999999998836, 0, 2910.9769999999998618, 83.655550916970852882, 2908.4279999999998836, 1
2910.9859999999998763, 115.46314532477111925, 2908.4329999999999927, 1, 2910.9859999999998763, 0, 2908.4329999999999927, 0, 2910.9859999999998763, 0, 2908.4329999999999927, 0, 2910.9859999999998763, 88.113160372602578718, 2908.4329999999999927, 1
2910.9960000000000946, 114.26698416174724571, 2908.4380000000001019, 1, 2910.9960000000000946, 0, 2908.4380000000001019, 0, 2910.9960000000000946, 0, 2908.4380000000001019, 0, 2910.9960000000000946, 91.219519311939563977, 2908.4380000000001019, 1
2911.0059999999998581, 111.86651795612519322, 2908.443000000000211, 1, 2911.0059999999998581, 0, 2908.443000000000211, 0, 2911.0059999999998581, 0, 2908.443000000000211, 0, 2911.0059999999998581, 96.622112877959665411, 2908.443000000000211, 1
2911.0160000000000764, 109.80219018402030429, 2908.4479999999998654, 1, 2911.0160000000000764, 0, 2908.4479999999998654, 0, 2911.0160000000000764, 0, 2908.4479999999998654, 0, 2911.0160000000000764, 96.600859735032770459, 2908.4479999999998654, 1
2911.0259999999998399, 108.70411208530384783, 2908.4529999999999745, 1, 2911.0259999999998399, 0, 2908.4529999999999745, 0, 2911.0259999999998399, 0, 2908.4529999999999745, 0, 2911.0259999999998399, 100.77464805471979048, 2908.4529999999999745, 1
2911.0360000000000582, 104.55180144089359828, 2908.4580000000000837, 1, 2911.0360000000000582, 0, 2908.4580000000000837, 0, 2911.0360000000000582, 0, 2908.4580000000000837, 0, 2911.0360000000000582, 101.01695573657785587, 2908.4580000000000837, 1
2911.0459999999998217, 103.55848463128664605, 2908.4630000000001928, 1, 2911.0459999999998217, 0, 2908.4630000000001928, 0, 2911.0459999999998217, 0, 2908.4630000000001928, 0, 2911.0459999999998217, 104.0426967053822267, 2908.4630000000001928, 1
2911.05600000000004, 104.3424890186634002, 2908.4690000000000509, 1, 2911.05600000000004, 0, 2908.4690000000000509, 0, 2911.05600000000004, 0, 2908.4690000000000509, 0, 2911.05600000000004, 106.06014437764268621, 2908.4690000000000509, 1
2911.0749999999998181, 107.10039183424899534, 2908.4729999999999563, 1, 2911.0749999999998181, 0, 2908.4729999999999563, 0, 2911.0749999999998181, 0, 2908.4729999999999563, 0, 2911.0749999999998181, 109.93169069715382591, 2908.4729999999999563, 1
2911.0760000000000218, 106.03070751664319005, 2908.4780000000000655, 1, 2911.0760000000000218, 0, 2908.4780000000000655, 0, 2911.0760000000000218, 0, 2908.4780000000000655, 0, 2911.0760000000000218, 112.06632459832033533, 2908.4780000000000655, 1
2911.0859999999997854, 103.7948078957858371, 2908.4830000000001746, 1, 2911.0859999999997854, 0, 2908.4830000000001746, 0, 2911.0859999999997854, 0, 2908.4830000000001746, 0, 2911.0859999999997854, 114.57866688997683013, 2908.4830000000001746, 1
2911.0960000000000036, 101.21360668817456485, 2908.487999999999829, 1, 2911.0960000000000036, 0, 2908.487999999999829, 0, 2911.0960000000000036, 0, 2908.487999999999829, 0, 2911.0960000000000036, 115.63370587631052899, 2908.487999999999829, 1
2911.1060000000002219, 99.570090785503509778, 2908.4940000000001419, 1, 2911.1060000000002219, 0, 2908.4940000000001419, 0, 2911.1060000000002219, 0, 2908.4940000000001419, 0, 2911.1060000000002219, 117.04253214638573866, 2908.4940000000001419, 1
2911.1159999999999854, 98.007316148243347698, 2908.4980000000000473, 1, 2911.1159999999999854, 0, 2908.4980000000000473, 0, 2911.1159999999999854, 0, 2908.4980000000000473, 0, 2911.1159999999999854, 117.64787668074576743, 2908.4980000000000473, 1
2911.1260000000002037, 87.661788124237389752, 2908.5030000000001564, 1, 2911.1260000000002037, 329.1413622573566613, 2908.5030000000001564, 0, 2911.1260000000002037, 0, 2908.5030000000001564, 0, 2911.1260000000002037, 114.96683017726267906, 2908.5030000000001564, 1
2911.1359999999999673, 22.089560958311032834, 2908.5079999999998108, 1, 2911.1359999999999673, 228.9225229355955662, 2908.5079999999998108, 0, 2911.1359999999999673, 219.31268666670365519, 2908.5079999999998108, 0, 2911.1359999999999673, 72.532960346487271863, 2908.5079999999998108, 1
2911.1559999999999491, 0, 2908.51299999999992, 1, 2911.1559999999999491, 66.882816307095623642, 2908.51299999999992, 0, 2911.1559999999999491, 93.679100500576680588, 2908.51299999999992, 0, 2911.1559999999999491, 32.858168894146288608, 2908.51299999999992, 1
2911.1649999999999636, 0, 2908.5180000000000291, 1, 2911.1649999999999636, 16.814694730896029284, 2908.5180000000000291, 0, 2911.1649999999999636, 37.010496357103711773, 2908.5180000000000291, 0, 2911.1649999999999636, 38.907576652046003574, 2908.5180000000000291, 1
2911.1660000000001673, 0, 2908.5230000000001382, 1, 2911.1660000000001673, 15.46303870975364525, 2908.5230000000001382, 0, 2911.1660000000001673, 21.845351274532511354, 2908.5230000000001382, 0, 2911.1660000000001673, 43.929581477319253224, 2908.5230000000001382, 1
2911.1750000000001819, 0, 2908.5279999999997926, 1, 2911.1750000000001819, 34.438186372304720351, 2908.5279999999997926, 0, 2911.1750000000001819, 22.285288366138281901, 2908.5279999999997926, 0, 2911.1750000000001819, 46.438314269107976884, 2908.5279999999997926, 1
2911.1860000000001492, 63.72925340747285361, 2908.5329999999999018, 1, 2911.1860000000001492, 48.279209300160957241, 2908.5329999999999018, 1, 2911.1860000000001492, 23.287251610467929908, 2908.5329999999999018, 1, 2911.1860000000001492, 53.551390373254285748, 2908.5329999999999018, 1
2911.1970000000001164, 52.082764811196327059, 2908.5380000000000109, 1, 2911.1970000000001164, 53.080578697936800836, 2908.5380000000000109, 1, 2911.1970000000001164, 24.177343267501516522, 2908.5380000000000109, 1, 2911.1970000000001164, 53.781159288233212123, 2908.5380000000000109, 1
2911.206000000000131, 53.765235485134041937, 2908.543999999999869, 1, 2911.206000000000131, 56.98271233793801116, 2908.543999999999869, 1, 2911.206000000000131, 25.970315713359994447, 2908.543999999999869, 1, 2911.206000000000131, 47.631218277732322974, 2908.543999999999869, 1
2911.2159999999998945, 48.097333570573958639, 2908.5479999999997744, 1, 2911.2159999999998945, 63.609051665189028313, 2908.5479999999997744, 1, 2911.2159999999998945, 32.58824462701811342, 2908.5479999999997744, 1, 2911.2159999999998945, 36.866440388936652539, 2908.5479999999997744, 1
2911.2260000000001128, 0, 2908.5529999999998836, 1, 2911.2260000000001128, 72.991163378867653933, 2908.5529999999998836, 1, 2911.2260000000001128, 64.651287820272543172, 2908.5529999999998836, 1, 2911.2260000000001128, 0, 2908.5529999999998836, 1
2911.2460000000000946, 0, 2908.5599999999999454, 1, 2911.2460000000000946, 96.552282900096827234, 2908.5599999999999454, 1, 2911.2460000000000946, 77.180920575247128568, 2908.5599999999999454, 1, 2911.2460000000000946, 0, 2908.5599999999999454, 1
2911.2559999999998581, 0, 2908.5630000000001019, 1, 2911.2559999999998581, 113.39195508601889628, 2908.5630000000001019, 1, 2911.2559999999998581, 78.360569830291410653, 2908.5630000000001019, 1, 2911.2559999999998581, 0, 2908.5630000000001019, 1
2911.2660000000000764, 0, 2908.568000000000211, 1, 2911.2660000000000764, 122.31560661956987701, 2908.568000000000211, 1, 2911.2660000000000764, 75.038123408713403251, 2908.568000000000211, 1, 2911.2660000000000764, 0, 2908.568000000000211, 1
2911.2759999999998399, 0, 2908.5729999999998654, 1, 2911.2759999999998399, 127.25671970093850405, 2908.5729999999998654, 1, 2911.2759999999998399, 70.849125541114133853, 2908.5729999999998654, 1, 2911.2759999999998399, 0, 2908.5729999999998654, 1
2911.2849999999998545, 0, 2908.5779999999999745, 1, 2911.2849999999998545, 128.01951202670193197, 2908.5779999999999745, 1, 2911.2849999999998545, 70.505809075201597125, 2908.5779999999999745, 1, 2911.2849999999998545, 0, 2908.5779999999999745, 1
2911.2959999999998217, 0, 2908.5830000000000837, 1, 2911.2959999999998217, 128.40743866596105249, 2908.5830000000000837, 1, 2911.2959999999998217, 69.95084509013847196, 2908.5830000000000837, 1, 2911.2959999999998217, 0, 2908.5830000000000837, 1
2911.30600000000004, 0, 2908.5880000000001928, 1, 2911.30600000000004, 127.01129926136970028, 2908.5880000000001928, 1, 2911.30600000000004, 71.994671220327575156, 2908.5880000000001928, 1, 2911.30600000000004, 0, 2908.5880000000001928, 1
2911.30600000000004, 0, 2908.5929999999998472, 1, 2911.30600000000004, 125.16671507299733435, 2908.5929999999998472, 1, 2911.30600000000004, 74.943362265131767685, 2908.5929999999998472, 1, 2911.30600000000004, 0, 2908.5929999999998472, 1
2911.3279999999999745, 0, 2908.5979999999999563, 1, 2911.3279999999999745, 122.24166198445743703, 2908.5979999999999563, 1, 2911.3279999999999745, 80.850134188522076784, 2908.5979999999999563, 1, 2911.3279999999999745, 0, 2908.5979999999999563, 1
2911.3359999999997854, 0, 2908.6039999999998145, 0, 2911.3359999999997854, 119.39274165385940307, 2908.6039999999998145, 1, 2911.3359999999997854, 82.371939691342447531, 2908.6039999999998145, 1, 2911.3359999999997854, 0, 2908.6039999999998145, 0
2911.3460000000000036, 0, 2908.6089999999999236, 0, 2911.3460000000000036, 117.20142507544142063, 2908.6089999999999236, 1, 2911.3460000000000036, 87.800189887843330894, 2908.6089999999999236, 1, 2911.3460000000000036, 0, 2908.6089999999999236, 0
2911.3560000000002219, 0, 2908.6140000000000327, 0, 2911.3560000000002219, 114.71759990160877862, 2908.6140000000000327, 1, 2911.3560000000002219, 90.725397696306998796, 2908.6140000000000327, 1, 2911.3560000000002219, 0, 2908.6140000000000327, 0
2911.3560000000002219, 0, 2908.6190000000001419, 0, 2911.3560000000002219, 112.61627266278556192, 2908.6190000000001419, 1, 2911.3560000000002219, 93.45137471898439685, 2908.6190000000001419, 1, 2911.3560000000002219, 0, 2908.6190000000001419, 0
2911.3659999999999854, 0, 2908.6230000000000473, 0, 2911.3659999999999854, 110.59524357938356331, 2908.6230000000000473, 1, 2911.3659999999999854, 95.506139466811447392, 2908.6230000000000473, 1, 2911.3659999999999854, 0, 2908.6230000000000473, 0
2911.3760000000002037, 0, 2908.6280000000001564, 0, 2911.3760000000002037, 108.65857604855580121, 2908.6280000000001564, 1, 2911.3760000000002037, 98.466473137649302316, 2908.6280000000001564, 1, 2911.3760000000002037, 0, 2908.6280000000001564, 0
2911.3960000000001855, 0, 2908.6329999999998108, 0, 2911.3960000000001855, 106.80652520041392961, 2908.6329999999998108, 1, 2911.3960000000001855, 100.69775428810801543, 2908.6329999999998108, 1, 2911.3960000000001855, 0, 2908.6329999999998108, 0
2911.4070000000001528, 0, 2908.6390000000001237, 0, 2911.4070000000001528, 104.71429738269969789, 2908.6390000000001237, 1, 2911.4070000000001528, 103.51309665627576351, 2908.6390000000001237, 1, 2911.4070000000001528, 0, 2908.6390000000001237, 0
2911.4160000000001673, 0, 2908.6430000000000291, 0, 2911.4160000000001673, 102.1879771123337548, 2908.6430000000000291, 1, 2911.4160000000001673, 103.06133260072716951, 2908.6430000000000291, 1, 2911.4160000000001673, 0, 2908.6430000000000291, 0
2911.4270000000001346, 0, 2908.6480000000001382, 0, 2911.4270000000001346, 100.21568514438686748, 2908.6480000000001382, 1, 2911.4270000000001346, 105.86113002091050816, 2908.6480000000001382, 1, 2911.4270000000001346, 0, 2908.6480000000001382, 0
2911.4360000000001492, 0, 2908.6539999999999964, 0, 2911.4360000000001492, 97.715200874552508026, 2908.6539999999999964, 1, 2911.4360000000001492, 111.29112386248891653, 2908.6539999999999964, 1, 2911.4360000000001492, 0, 2908.6539999999999964, 0
2911.4360000000001492, 306.80369154573571677, 2908.6579999999999018, 0, 2911.4360000000001492, 95.16979416164099348, 2908.6579999999999018, 1, 2911.4360000000001492, 111.66054617939309423, 2908.6579999999999018, 1, 2911.4360000000001492, 0, 2908.6579999999999018, 0
2911.4459999999999127, 300.77000242310475642, 2908.6630000000000109, 0, 2911.4459999999999127, 40.802370437802018444, 2908.6630000000000109, 1, 2911.4459999999999127, 117.09478346841139285, 2908.6630000000000109, 1, 2911.4459999999999127, 0, 2908.6630000000000109, 0
2911.456000000000131, 281.00582234173447205, 2908.6680000000001201, 0, 2911.456000000000131, 4.5420874065224330351, 2908.6680000000001201, 1, 2911.456000000000131, 118.68274412407254204, 2908.6680000000001201, 1, 2911.456000000000131, 0, 2908.6680000000001201, 0
2911.4659999999998945, 69.576007055824533154, 2908.6729999999997744, 0, 2911.4659999999998945, 0, 2908.6729999999997744, 1, 2911.4659999999998945, 80.49283166802688072, 2908.6729999999997744, 1, 2911.4659999999998945, 141.54851756088743286, 2908.6729999999997744, 0
2911.4760000000001128, 28.461186088981804687, 2908.6779999999998836, 0, 2911.4760000000001128, 0, 2908.6779999999998836, 1, 2911.4760000000001128, 33.165220148060278405, 2908.6779999999998836, 1, 2911.4760000000001128, 75.120690203958218945, 2908.6779999999998836, 0
2911.4859999999998763, 23.339437471220087161, 2908.6829999999999927, 0, 2911.4859999999998763, 0, 2908.6829999999999927, 1, 2911.4859999999998763, 27.037822380082790374, 2908.6829999999999927, 1, 2911.4859999999998763, 32.061954755278812002, 2908.6829999999999927, 0
2911.4960000000000946, 28.526285447919761395, 2908.6889999999998508, 0, 2911.4960000000000946, 0, 2908.6889999999998508, 1, 2911.4960000000000946, 32.62225962331731921, 2908.6889999999998508, 1, 2911.4960000000000946, 24.296602611610651934, 2908.6889999999998508, 0
2911.5059999999998581, 51.40354614306347969, 2908.69399999999996, 0, 2911.5059999999998581, 0, 2908.69399999999996, 1, 2911.5059999999998581, 35.73228858353530768, 2908.69399999999996, 1, 2911.5059999999998581, 25.633879644884871141, 2908.69399999999996, 0
2911.5160000000000764, 71.448549190964243394, 2908.6990000000000691, 0, 2911.5160000000000764, 52.806513310558784724, 2908.6990000000000691, 1, 2911.5160000000000764, 39.323233267157625903, 2908.6990000000000691, 1, 2911.5160000000000764, 23.748048257515598891, 2908.6990000000000691, 0
2911.5259999999998399, 77.213044659409817427, 2908.7029999999999745, 0, 2911.5259999999998399, 51.904992634379340188, 2908.7029999999999745, 1, 2911.5259999999998399, 40.842035216764635663, 2908.7029999999999745, 1, 2911.5259999999998399, 19.64193295931982064, 2908.7029999999999745, 0
2911.5459999999998217, 78.033743837727570281, 2908.7080000000000837, 0, 2911.5459999999998217, 90.370802580854615371, 2908.7080000000000837, 1, 2911.5459999999998217, 79.561499832342832406, 2908.7080000000000837, 1, 2911.5459999999998217, 26.470812336713279933, 2908.7080000000000837, 0
2911.5459999999998217, 30.455182608723607274, 2908.7130000000001928, 0, 2911.5459999999998217, 81.192042641057682317, 2908.7130000000001928, 1, 2911.5459999999998217, 103.89610768397506035, 2908.7130000000001928, 1, 2911.5459999999998217, 54.223321729113521883, 2908.7130000000001928, 0
2911.55600000000004, 59.518736961687757514, 2908.7179999999998472, 0, 2911.55600000000004, 0, 2908.7179999999998472, 1, 2911.55600000000004, 0, 2908.7179999999998472, 1, 2911.55600000000004, 52.629757469593556607, 2908.7179999999998472, 0
2911.5659999999998035, 86.77978274669686698, 2908.7240000000001601, 0, 2911.5659999999998035, 0, 2908.7240000000001601, 1, 2911.5659999999998035, 0, 2908.7240000000001601, 1, 2911.5659999999998035, 63.698878918058134957, 2908.7240000000001601, 0
2911.5760000000000218, 103.63066223993752146, 2908.7280000000000655, 0, 2911.5760000000000218, 0, 2908.7280000000000655, 1, 2911.5760000000000218, 0, 2908.7280000000000655, 1, 2911.5760000000000218, 69.073103106075819824, 2908.7280000000000655, 0
2911.5859999999997854, 112.87088803637013257, 2908.7339999999999236, 0, 2911.5859999999997854, 0, 2908.7339999999999236, 1, 2911.5859999999997854, 0, 2908.7339999999999236, 1, 2911.5859999999997854, 73.432394393116879883, 2908.7339999999999236, 0
2911.5960000000000036, 116.93859456339035319, 2908.737999999999829, 0, 2911.5960000000000036, 0, 2908.737999999999829, 1, 2911.5960000000000036, 0, 2908.737999999999829, 1, 2911.5960000000000036, 74.589554848407644272, 2908.737999999999829, 0
2911.6060000000002219, 118.98594580261398335, 2908.7429999999999382, 0, 2911.6060000000002219, 0, 2908.7429999999999382, 1, 2911.6060000000002219, 0, 2908.7429999999999382, 1, 2911.6060000000002219, 76.313476042913123365, 2908.7429999999999382, 0
2911.6170000000001892, 118.70890372750955066, 2908.7480000000000473, 0, 2911.6170000000001892, 0, 2908.7480000000000473, 1, 2911.6170000000001892, 0, 2908.7480000000000473, 1, 2911.6170000000001892, 79.70786966343773372, 2908.7480000000000473, 0
2911.625, 119.0643679886429851, 2908.7530000000001564, 0, 2911.625, 0, 2908.7530000000001564, 1, 2911.625, 0, 2908.7530000000001564, 1, 2911.625, 80.765811049751164319, 2908.7530000000001564, 0
2911.6359999999999673, 117.1156330527999927, 2908.7579999999998108, 0, 2911.6359999999999673, 0, 2908.7579999999998108, 1, 2911.6359999999999673, 0, 2908.7579999999998108, 1, 2911.6359999999999673, 85.800678712344591759, 2908.7579999999998108, 0
2911.6460000000001855, 115.16645181211943338, 2908.76299999999992, 0, 2911.6460000000001855, 0, 2908.76299999999992, 1, 2911.6460000000001855, 0, 2908.76299999999992, 1, 2911.6460000000001855, 90.807513896694331379, 2908.76299999999992, 0
2911.6570000000001528, 112.9896637698404902, 2908.7680000000000291, 0, 2911.6570000000001528, 0, 2908.7680000000000291, 1, 2911.6570000000001528, 0, 2908.7680000000000291, 1, 2911.6570000000001528, 92.417528792792495551, 2908.7680000000000291, 0
2911.6649999999999636, 111.49638950474371768, 2908.7730000000001382, 0, 2911.6649999999999636, 0, 2908.7730000000001382, 1, 2911.6649999999999636, 0, 2908.7730000000001382, 1, 2911.6649999999999636, 96.478472597323275295, 2908.7730000000001382, 0
2911.6759999999999309, 110.02408826033430955, 2908.7779999999997926, 0, 2911.6759999999999309, 0, 2908.7779999999997926, 1, 2911.6759999999999309, 0, 2908.7779999999997926, 1, 2911.6759999999999309, 97.882158500996268913, 2908.7779999999997926, 0
2911.6860000000001492, 108.93144779732145366, 2908.7829999999999018, 0, 2911.6860000000001492, 0, 2908.7829999999999018, 1, 2911.6860000000001492, 0, 2908.7829999999999018, 1, 2911.6860000000001492, 100.21258111696096194, 2908.7829999999999018, 0
2911.6970000000001164, 108.04378731930225399, 2908.7880000000000109, 0, 2911.6970000000001164, 0, 2908.7880000000000109, 1, 2911.6970000000001164, 0, 2908.7880000000000109, 1, 2911.6970000000001164, 102.62228213433766655, 2908.7880000000000109, 0
2911.7159999999998945, 106.72010996562659102, 2908.7930000000001201, 0, 2911.7159999999998945, 0, 2908.7930000000001201, 1, 2911.7159999999998945, 0, 2908.7930000000001201, 1, 2911.7159999999998945, 104.34544195242004605, 2908.7930000000001201, 0
2911.7159999999998945, 105.60817430339994871, 2908.7970000000000255, 0, 2911.7159999999998945, 0, 2908.7970000000000255, 1, 2911.7159999999998945, 0, 2908.7970000000000255, 1, 2911.7159999999998945, 106.66694357582090902, 2908.7970000000000255, 0
2911.7350000000001273, 104.28084293298805107, 2908.8029999999998836, 0, 2911.7350000000001273, 0, 2908.8029999999998836, 1, 2911.7350000000001273, 0, 2908.8029999999998836, 1, 2911.7350000000001273, 109.29942096516364813, 2908.8029999999998836, 0
2911.7359999999998763, 102.84733694008222926, 2908.8079999999999927, 0, 2911.7359999999998763, 0, 2908.8079999999999927, 1, 2911.7359999999998763, 0, 2908.8079999999999927, 1, 2911.7359999999998763, 112.85190181324516345, 2908.8079999999999927, 0
2911.7449999999998909, 101.13303202880125298, 2908.8130000000001019, 0, 2911.7449999999998909, 0, 2908.8130000000001019, 1, 2911.7449999999998909, 0, 2908.8130000000001019, 1, 2911.7449999999998909, 114.69008900776739779, 2908.8130000000001019, 0
2911.7660000000000764, 98.376198016336388719, 2908.818000000000211, 0, 2911.7660000000000764, 0, 2908.818000000000211, 1, 2911.7660000000000764, 0, 2908.818000000000211, 1, 2911.7660000000000764, 113.28777052302770301, 2908.818000000000211, 0
2911.7759999999998399, 97.928151727429735729, 2908.8220000000001164, 0, 2911.7759999999998399, 0, 2908.8220000000001164, 1, 2911.7759999999998399, 0, 2908.8220000000001164, 1, 2911.7759999999998399, 114.48716898245339735, 2908.8220000000001164, 0
2911.7759999999998399, 88.974668443460160461, 2908.8279999999999745, 0, 2911.7759999999998399, 300.60145362943342207, 2908.8279999999999745, 1, 2911.7759999999998399, 0, 2908.8279999999999745, 1, 2911.7759999999998399, 113.00224227202454585, 2908.8279999999999745, 0
2911.7869999999998072, 24.374213339976890325, 2908.8330000000000837, 0, 2911.7869999999998072, 256.69059622706618029, 2908.8330000000000837, 1, 2911.7869999999998072, 275.28350259889219842, 2908.8330000000000837, 1, 2911.7869999999998072, 87.644964948600502908, 2908.8330000000000837, 0
2911.7959999999998217, 0, 2908.8380000000001928, 0, 2911.7959999999998217, 59.782832879559563821, 2908.8380000000001928, 1, 2911.7959999999998217, 83.811989035477608923, 2908.8380000000001928, 1, 2911.7959999999998217, 22.567898068375612297, 2908.8380000000001928, 0
2911.80600000000004, 0, 2908.8429999999998472, 0, 2911.80600000000004, 15.568564946742551314, 2908.8429999999998472, 1, 2911.80600000000004, 33.362498760329394543, 2908.8429999999998472, 1, 2911.80600000000004, 33.439761697944589969, 2908.8429999999998472, 0
2911.8159999999998035, 0, 2908.8479999999999563, 0, 2911.8159999999998035, 14.74394983858159236, 2908.8479999999999563, 1, 2911.8159999999998035, 18.360536795349958084, 2908.8479999999999563, 1, 2911.8159999999998035, 42.399533778625013269, 2908.8479999999999563, 0
2911.8369999999999891, 0, 2908.8530000000000655, 0, 2911.8369999999999891, 33.8493710619265471, 2908.8530000000000655, 1, 2911.8369999999999891, 19.374929692611246423, 2908.8530000000000655, 1, 2911.8369999999999891, 46.292454761711432809, 2908.8530000000000655, 0
2911.8369999999999891, 53.76514787598649292, 2908.8580000000001746, 1, 2911.8369999999999891, 52.891677406879210821, 2908.8580000000001746, 1, 2911.8369999999999891, 23.697223729992991537, 2908.8580000000001746, 1, 2911.8369999999999891, 51.578583573005403196, 2908.8580000000001746, 1
2911.8460000000000036, 54.641326476908695042, 2908.862999999999829, 1, 2911.8460000000000036, 56.72903214558323981, 2908.862999999999829, 1, 2911.8460000000000036, 24.507396304151605193, 2908.862999999999829, 1, 2911.8460000000000036, 56.717646916786428335, 2908.862999999999829, 1
2911.8659999999999854, 56.484122387073746552, 2908.8679999999999382, 1, 2911.8659999999999854, 59.722036779017358299, 2908.8679999999999382, 1, 2911.8659999999999854, 25.788408083940925763, 2908.8679999999999382, 1, 2911.8659999999999854, 50.708495029889377292, 2908.8679999999999382, 1
2911.8659999999999854, 55.846980691201352442, 2908.8730000000000473, 1, 2911.8659999999999854, 58.974278018427796155, 2908.8730000000000473, 1, 2911.8659999999999854, 31.735195379041485353, 2908.8730000000000473, 1, 2911.8659999999999854, 49.135114538018569874, 2908.8730000000000473, 1
2911.8760000000002037, 0, 2908.8780000000001564, 1, 2911.8760000000002037, 67.952086378881261908, 2908.8780000000001564, 1, 2911.8760000000002037, 60.967039483840096636, 2908.8780000000001564, 1, 2911.8760000000002037, 0, 2908.8780000000001564, 1
2911.8960000000001855, 0, 2908.8829999999998108, 1, 2911.8960000000001855, 94.494563508080062775, 2908.8829999999998108, 1, 2911.8960000000001855, 76.122027642752840393, 2908.8829999999998108, 1, 2911.8960000000001855, 0, 2908.8829999999998108, 1
2911.9070000000001528, 0, 2908.88799999999992, 1, 2911.9070000000001528, 109.92795289496092437, 2908.88799999999992, 1, 2911.9070000000001528, 77.183633105965441246, 2908.88799999999992, 1, 2911.9070000000001528, 0, 2908.88799999999992, 1
2911.9160000000001673, 0, 2908.8939999999997781, 1, 2911.9160000000001673, 119.95720992808580263, 2908.8939999999997781, 1, 2911.9160000000001673, 74.425670725447815812, 2908.8939999999997781, 1, 2911.9160000000001673, 0, 2908.8939999999997781, 1
2911.9160000000001673, 0, 2908.8980000000001382, 1, 2911.9160000000001673, 125.75168745071306375, 2908.8980000000001382, 1, 2911.9160000000001673, 71.131924949864185237, 2908.8980000000001382, 1, 2911.9160000000001673, 0, 2908.8980000000001382, 1
2911.9360000000001492, 0, 2908.9029999999997926, 1, 2911.9360000000001492, 129.12940086503334669, 2908.9029999999997926, 1, 2911.9360000000001492, 67.426830804626561644, 2908.9029999999997926, 1, 2911.9360000000001492, 0, 2908.9029999999997926, 1
2911.9360000000001492, 0, 2908.9090000000001055, 1, 2911.9360000000001492, 128.04989315122170979, 2908.9090000000001055, 1, 2911.9360000000001492, 67.902170736911557469, 2908.9090000000001055, 1, 2911.9360000000001492, 0, 2908.9090000000001055, 1
2911.956000000000131, 0, 2908.9140000000002146, 1, 2911.956000000000131, 126.35782783069319635, 2908.9140000000002146, 1, 2911.956000000000131, 74.318721931892667953, 2908.9140000000002146, 1, 2911.956000000000131, 0, 2908.9140000000002146, 1
2911.9659999999998945, 0, 2908.9180000000001201, 1, 2911.9659999999998945, 124.72487709374360065, 2908.9180000000001201, 1, 2911.9659999999998945, 75.649066694636900365, 2908.9180000000001201, 1, 2911.9659999999998945, 0, 2908.9180000000001201, 1
2911.9760000000001128, 0, 2908.9229999999997744, 1, 2911.9760000000001128, 122.71323558205503446, 2908.9229999999997744, 1, 2911.9760000000001128, 78.560944114011306283, 2908.9229999999997744, 1, 2911.9760000000001128, 0, 2908.9229999999997744, 1
2911.9760000000001128, 0, 2908.9279999999998836, 1, 2911.9760000000001128, 120.14287033015301631, 2908.9279999999998836, 1, 2911.9760000000001128, 83.198295964021809823, 2908.9279999999998836, 1, 2911.9760000000001128, 0, 2908.9279999999998836, 1
2911.9960000000000946, 0, 2908.9340000000001965, 1, 2911.9960000000000946, 117.32732651254997336, 2908.9340000000001965, 0, 2911.9960000000000946, 87.008701270832830232, 2908.9340000000001965, 0, 2911.9960000000000946, 0, 2908.9340000000001965, 1
2911.9960000000000946, 0, 2908.9380000000001019, 1, 2911.9960000000000946, 114.43336953883269302, 2908.9380000000001019, 0, 2911.9960000000000946, 90.516705824468985497, 2908.9380000000001019, 0, 2911.9960000000000946, 0, 2908.9380000000001019, 1
2912.0059999999998581, 0, 2908.943000000000211, 1, 2912.0059999999998581, 109.19347300324881189, 2908.943000000000211, 0, 2912.0059999999998581, 92.530853817346667256, 2908.943000000000211, 0, 2912.0059999999998581, 0, 2908.943000000000211, 1
2912.0279999999997926, 0, 2908.9470000000001164, 1, 2912.0279999999997926, 103.9865531039835389, 2908.9470000000001164, 0, 2912.0279999999997926, 96.372246572087917116, 2908.9470000000001164, 0, 2912.0279999999997926, 0, 2908.9470000000001164, 1
2912.0279999999997926, 0, 2908.9529999999999745, 1, 2912.0279999999997926, 102.58165728669560224, 2908.9529999999999745, 0, 2912.0279999999997926, 100.38726609056007533, 2908.9529999999999745, 0, 2912.0279999999997926, 0, 2908.9529999999999745, 1
2912.0349999999998545, 0, 2908.956000000000131, 1, 2912.0349999999998545, 105.96271642279560865, 2908.956000000000131, 0, 2912.0349999999998545, 102.40009347212975399, 2908.956000000000131, 0, 2912.0349999999998545, 0, 2908.956000000000131, 1
2912.05600000000004, 0, 2908.9630000000001928, 1, 2912.05600000000004, 109.90862289127403528, 2908.9630000000001928, 0, 2912.05600000000004, 104.7492146448966821, 2908.9630000000001928, 0, 2912.05600000000004, 0, 2908.9630000000001928, 1
2912.0659999999998035, 0, 2908.9690000000000509, 1, 2912.0659999999998035, 107.29846689447620633, 2908.9690000000000509, 0, 2912.0659999999998035, 107.21281825623476891, 2908.9690000000000509, 0, 2912.0659999999998035, 0, 2908.9690000000000509, 1
2912.0659999999998035, 0, 2908.9729999999999563, 1, 2912.0659999999998035, 104.25346281221780487, 2908.9729999999999563, 0, 2912.0659999999998035, 109.63666573362849022, 2908.9729999999999563, 0, 2912.0659999999998035, 0, 2908.9729999999999563, 1
2912.0850000000000364, 0, 2908.9789999999998145, 1, 2912.0850000000000364, 101.13817821776997619, 2908.9789999999998145, 0, 2912.0850000000000364, 112.59701329610355458, 2908.9789999999998145, 0, 2912.0850000000000364, 0, 2908.9789999999998145, 1
2912.0960000000000036, 306.4646537919372804, 2908.9830000000001746, 1, 2912.0960000000000036, 97.355136691290027784, 2908.9830000000001746, 0, 2912.0960000000000036, 113.20525498878009785, 2908.9830000000001746, 0, 2912.0960000000000036, 0, 2908.9830000000001746, 1
2912.1050000000000182, 314.21026541325670678, 2908.98700000000008, 1, 2912.1050000000000182, 42.246466858917784748, 2908.98700000000008, 0, 2912.1050000000000182, 116.30463555583953905, 2908.98700000000008, 0, 2912.1050000000000182, 0, 2908.98700000000008, 1
2912.1050000000000182, 283.71143390238978554, 2908.9929999999999382, 1, 2912.1050000000000182, 5.235166146799064002, 2908.9929999999999382, 0, 2912.1050000000000182, 115.40013132587694145, 2908.9929999999999382, 0, 2912.1050000000000182, 0, 2908.9929999999999382, 1
2912.125, 77.487974621771243733, 2908.9969999999998436, 1, 2912.125, 0, 2908.9969999999998436, 0, 2912.125, 83.413897147634386897, 2908.9969999999998436, 0, 2912.125, 149.7627241864383052, 2908.9969999999998436, 1
2912.125, 26.787040684190603912, 2909.0030000000001564, 1, 2912.125, 0, 2909.0030000000001564, 0, 2912.125, 35.569534790777602495, 2909.0030000000001564, 0, 2912.125, 75.949684667472922683, 2909.0030000000001564, 1
2912.1359999999999673, 20.774411330900633743, 2909.0090000000000146, 1, 2912.1359999999999673, 0, 2909.0090000000000146, 0, 2912.1359999999999673, 28.578160698668874318, 2909.0090000000000146, 0, 2912.1359999999999673, 29.625160158461468995, 2909.0090000000000146, 1
2912.1460000000001855, 25.299398011967674904, 2909.0140000000001237, 1, 2912.1460000000001855, 0, 2909.0140000000001237, 0, 2912.1460000000001855, 33.34008932403381209, 2909.0140000000001237, 0, 2912.1460000000001855, 21.810435456500087525, 2909.0140000000001237, 1
2912.1559999999999491, 49.082570263046278569, 2909.0189999999997781, 1, 2912.1559999999999491, 0, 2909.0189999999997781, 0, 2912.1559999999999491, 36.760402713421093779, 2909.0189999999997781, 0, 2912.1559999999999491, 25.224824982423157849, 2909.0189999999997781, 1
2912.1660000000001673, 71.723718817065247322, 2909.0239999999998872, 1, 2912.1660000000001673, 54.904763464132905426, 2909.0239999999998872, 0, 2912.1660000000001673, 39.472894802617169319, 2909.0239999999998872, 0, 2912.1660000000001673, 28.012051846299584668, 2909.0239999999998872, 1
2912.1860000000001492, 78.393338356098425379, 2909.0289999999999964, 1, 2912.1860000000001492, 53.670277295971409615, 2909.0289999999999964, 0, 2912.1860000000001492, 40.545487423992689457, 2909.0289999999999964, 0, 2912.1860000000001492, 20.867237748732897273, 2909.0289999999999964, 1
2912.1860000000001492, 66.40605901303894143, 2909.0320000000001528, 1, 2912.1860000000001492, 115.87522988970526683, 2909.0320000000001528, 0, 2912.1860000000001492, 123.23149636126069595, 2909.0320000000001528, 0, 2912.1860000000001492, 34.022509299309824371, 2909.0320000000001528, 1
2912.1959999999999127, 30.752602472927065946, 2909.0390000000002146, 1, 2912.1959999999999127, 69.740268086016769189, 2909.0390000000002146, 0, 2912.1959999999999127, 54.625913427439485304, 2909.0390000000002146, 0, 2912.1959999999999127, 42.950715143327443002, 2909.0390000000002146, 1
2912.206000000000131, 64.569893027476737757, 2909.0430000000001201, 1, 2912.206000000000131, 0, 2909.0430000000001201, 0, 2912.206000000000131, 0, 2909.0430000000001201, 0, 2912.206000000000131, 54.199751416860003417, 2909.0430000000001201, 1
2912.2159999999998945, 89.763292712210301261, 2909.0479999999997744, 1, 2912.2159999999998945, 0, 2909.0479999999997744, 0, 2912.2159999999998945, 0, 2909.0479999999997744, 0, 2912.2159999999998945, 64.405567522351361731, 2909.0479999999997744, 1
2912.2260000000001128, 106.49690423947114937, 2909.0529999999998836, 1, 2912.2260000000001128, 0, 2909.0529999999998836, 0, 2912.2260000000001128, 0, 2909.0529999999998836, 0, 2912.2260000000001128, 71.240397922073341874, 2909.0529999999998836, 1
2912.2359999999998763, 114.7031717616230253, 2909.0579999999999927, 1, 2912.2359999999998763, 0, 2909.0579999999999927, 0, 2912.2359999999998763, 0, 2909.0579999999999927, 0, 2912.2359999999998763, 73.350637410026507723, 2909.0579999999999927, 1
2912.2460000000000946, 118.60766090423533115, 2909.0630000000001019, 1, 2912.2460000000000946, 0, 2909.0630000000001019, 0, 2912.2460000000000946, 0, 2909.0630000000001019, 0, 2912.2460000000000946, 74.729869948734744867, 2909.0630000000001019, 1
2912.2570000000000618, 120.51530665737971049, 2909.068000000000211, 1, 2912.2570000000000618, 0, 2909.068000000000211, 0, 2912.2570000000000618, 0, 2909.068000000000211, 0, 2912.2570000000000618, 74.959298038187171187, 2909.068000000000211, 1
2912.2660000000000764, 120.10910529938350066, 2909.0729999999998654, 1, 2912.2660000000000764, 0, 2909.0729999999998654, 0, 2912.2660000000000764, 0, 2909.0729999999998654, 0, 2912.2660000000000764, 78.150978675517990268, 2909.0729999999998654, 1
2912.2750000000000909, 119.94322282419477688, 2909.0779999999999745, 1, 2912.2750000000000909, 0, 2909.0779999999999745, 0, 2912.2750000000000909, 0, 2909.0779999999999745, 0, 2912.2750000000000909, 79.425332098500234679, 2909.0779999999999745, 1
2912.2860000000000582, 117.69502651355163891, 2909.0830000000000837, 1, 2912.2860000000000582, 0, 2909.0830000000000837, 0, 2912.2860000000000582, 0, 2909.0830000000000837, 0, 2912.2860000000000582, 83.570492588541895884, 2909.0830000000000837, 1
2912.2950000000000728, 115.39762195334282069, 2909.0880000000001928, 1, 2912.2950000000000728, 0, 2909.0880000000001928, 0, 2912.2950000000000728, 0, 2909.0880000000001928, 0, 2912.2950000000000728, 88.820550686862105749, 2909.0880000000001928, 1
2912.30600000000004, 114.71686837206299003, 2909.0929999999998472, 1, 2912.30600000000004, 0, 2909.0929999999998472, 0, 2912.30600000000004, 0, 2909.0929999999998472, 0, 2912.30600000000004, 91.004244643489002442, 2909.0929999999998472, 1
2912.3159999999998035, 112.75602014530902295, 2909.0979999999999563, 1, 2912.3159999999998035, 0, 2909.0979999999999563, 0, 2912.3159999999998035, 0, 2909.0979999999999563, 0, 2912.3159999999998035, 95.161363113870720554, 2909.0979999999999563, 1
2912.3260000000000218, 110.25310292802436152, 2909.1030000000000655, 1, 2912.3260000000000218, 0, 2909.1030000000000655, 0, 2912.3260000000000218, 0, 2909.1030000000000655, 0, 2912.3260000000000218, 97.119912516521566204, 2909.1030000000000655, 1
2912.3359999999997854, 109.11424039593669022, 2909.1080000000001746, 1, 2912.3359999999997854, 0, 2909.1080000000001746, 0, 2912.3359999999997854, 0, 2909.1080000000001746, 0, 2912.3359999999997854, 98.814269428663010331, 2909.1080000000001746, 1
2912.3460000000000036, 107.81374367793570457, 2909.1140000000000327, 1, 2912.3460000000000036, 0, 2909.1140000000000327, 0, 2912.3460000000000036, 0, 2909.1140000000000327, 0, 2912.3460000000000036, 100.36587273395652176, 2909.1140000000000327, 1
2912.3560000000002219, 106.63343715523637911, 2909.1179999999999382, 1, 2912.3560000000002219, 0, 2909.1179999999999382, 0, 2912.3560000000002219, 0, 2909.1179999999999382, 0, 2912.3560000000002219, 102.34169979293861275, 2909.1179999999999382, 1
2912.3659999999999854, 104.32685204442643112, 2909.1230000000000473, 1, 2912.3659999999999854, 0, 2909.1230000000000473, 0, 2912.3659999999999854, 0, 2909.1230000000000473, 0, 2912.3659999999999854, 102.50175834073040448, 2909.1230000000000473, 1
2912.3760000000002037, 103.6237939669112933, 2909.1280000000001564, 1, 2912.3760000000002037, 0, 2909.1280000000001564, 0, 2912.3760000000002037, 0, 2909.1280000000001564, 0, 2912.3760000000002037, 105.63318238320221099, 2909.1280000000001564, 1
2912.3949999999999818, 102.18022885502610109, 2909.1340000000000146, 1, 2912.3949999999999818, 0, 2909.1340000000000146, 0, 2912.3949999999999818, 0, 2909.1340000000000146, 0, 2912.3949999999999818, 109.16452797145231557, 2909.1340000000000146, 1
2912.3960000000001855, 101.00178864054888095, 2909.13799999999992, 1, 2912.3960000000001855, 0, 2909.13799999999992, 0, 2912.3960000000001855, 0, 2909.13799999999992, 0, 2912.3960000000001855, 111.43411686344336431, 2909.13799999999992, 1
2912.4050000000002001, 99.499605147379867276, 2909.1430000000000291, 1, 2912.4050000000002001, 0, 2909.1430000000000291, 0, 2912.4050000000002001, 0, 2909.1430000000000291, 0, 2912.4050000000002001, 116.65591688358938427, 2909.1430000000000291, 1
2912.4160000000001673, 98.882139223276411144, 2909.1469999999999345, 1, 2912.4160000000001673, 0, 2909.1469999999999345, 0, 2912.4160000000001673, 0, 2909.1469999999999345, 0, 2912.4160000000001673, 115.27320170102390762, 2909.1469999999999345, 1
2912.4259999999999309, 88.59713154082473352, 2909.1529999999997926, 1, 2912.4259999999999309, 313.42989897288077827, 2909.1529999999997926, 0, 2912.4259999999999309, 0, 2909.1529999999997926, 0, 2912.4259999999999309, 113.7524178906154475, 2909.1529999999997926, 1
2912.4369999999998981, 23.528638387960057798, 2909.1579999999999018, 1, 2912.4369999999998981, 247.25377860282091547, 2909.1579999999999018, 0, 2912.4369999999998981, 237.63561239988933949, 2909.1579999999999018, 0, 2912.4369999999998981, 93.819549409688335118, 2909.1579999999999018, 1
2912.4459999999999127, 0, 2909.1630000000000109, 1, 2912.4459999999999127, 65.987542761174154293, 2909.1630000000000109, 0, 2912.4459999999999127, 92.420775372575391771, 2909.1630000000000109, 0, 2912.4459999999999127, 30.119796238339667127, 2909.1630000000000109, 1
2912.4659999999998945, 0, 2909.1680000000001201, 1, 2912.4659999999998945, 26.813261150153156365, 2909.1680000000001201, 0, 2912.4659999999998945, 43.947441931487347233, 2909.1680000000001201, 0, 2912.4659999999998945, 34.061684863617387009, 2909.1680000000001201, 1
2912.4749999999999091, 0, 2909.1729999999997744, 1, 2912.4749999999999091, 11.816546487420337641, 2909.1729999999997744, 0, 2912.4749999999999091, 16.698729124797178969, 2909.1729999999997744, 0, 2912.4749999999999091, 41.803470145749500375, 2909.1729999999997744, 1
2912.4800000000000182, 0, 2909.1779999999998836, 1, 2912.4800000000000182, 32.076832613321414556, 2909.1779999999998836, 0, 2912.4800000000000182, 18.545898587520383671, 2909.1779999999998836, 0, 2912.4800000000000182, 45.563039871103853784, 2909.1779999999998836, 1
2912.4850000000001273, 48.157532365352324177, 2909.1829999999999927, 1, 2912.4850000000001273, 54.635209360096801845, 2909.1829999999999927, 1, 2912.4850000000001273, 24.41378774617857772, 2909.1829999999999927, 1, 2912.4850000000001273, 48.617982416222538689, 2909.1829999999999927, 1
2912.4960000000000946, 64.834612110822234854, 2909.1880000000001019, 1, 2912.4960000000000946, 60.677763161144561366, 2909.1880000000001019, 1, 2912.4960000000000946, 26.356423581732308037, 2909.1880000000001019, 1, 2912.4960000000000946, 57.380792636886660318, 2909.1880000000001019, 1
2912.5079999999998108, 62.767177195412585888, 2909.193000000000211, 1, 2912.5079999999998108, 57.95037315576388437, 2909.193000000000211, 1, 2912.5079999999998108, 26.445346957542557931, 2909.193000000000211, 1, 2912.5079999999998108, 53.74341498548601237, 2909.193000000000211, 1
2912.5169999999998254, 48.189994283263082764, 2909.1979999999998654, 1, 2912.5169999999998254, 57.88441004413428459, 2909.1979999999998654, 1, 2912.5169999999998254, 32.745896425279156006, 2909.1979999999998654, 1, 2912.5169999999998254, 40.68464134906494678, 2909.1979999999998654, 1
2912.5259999999998399, 0, 2909.2029999999999745, 1, 2912.5259999999998399, 70.703958346561577741, 2909.2029999999999745, 1, 2912.5259999999998399, 63.559919209900662906, 2909.2029999999999745, 1, 2912.5259999999998399, 3.923582982621628642e-99, 2909.2029999999999745, 1
2912.5360000000000582, 0, 2909.2080000000000837, 1, 2912.5360000000000582, 94.490772307480938252, 2909.2080000000000837, 1, 2912.5360000000000582, 77.330974680761812579, 2909.2080000000000837, 1, 2912.5360000000000582, 0, 2909.2080000000000837, 1
2912.5459999999998217, 0, 2909.2139999999999418, 1, 2912.5459999999998217, 110.37867964579099578, 2909.2139999999999418, 1, 2912.5459999999998217, 79.288916167295724335, 2909.2139999999999418, 1, 2912.5459999999998217, 0, 2909.2139999999999418, 1
2912.55600000000004, 0, 2909.2179999999998472, 1, 2912.55600000000004, 119.71609371643387476, 2909.2179999999998472, 1, 2912.55600000000004, 75.187164294041309631, 2909.2179999999998472, 1, 2912.55600000000004, 0, 2909.2179999999998472, 1
2912.5659999999998035, 0, 2909.2229999999999563, 1, 2912.5659999999998035, 128.23788555603050554, 2909.2229999999999563, 1, 2912.5659999999998035, 71.457002597951372991, 2909.2229999999999563, 1, 2912.5659999999998035, 0, 2909.2229999999999563, 1
2912.5760000000000218, 0, 2909.2289999999998145, 1, 2912.5760000000000218, 127.48892832912153494, 2909.2289999999998145, 1, 2912.5760000000000218, 68.911843442750281952, 2909.2289999999998145, 1, 2912.5760000000000218, 0, 2909.2289999999998145, 1
2912.5869999999999891, 0, 2909.2339999999999236, 1, 2912.5869999999999891, 127.55626230227298379, 2909.2339999999999236, 1, 2912.5869999999999891, 70.238782638759985844, 2909.2339999999999236, 1, 2912.5869999999999891, 0, 2909.2339999999999236, 1
2912.5960000000000036, 0, 2909.237999999999829, 1, 2912.5960000000000036, 127.00692549869779668, 2909.237999999999829, 1, 2912.5960000000000036, 73.387927471939633506, 2909.237999999999829, 1, 2912.5960000000000036, 0, 2909.237999999999829, 1
2912.6159999999999854, 0, 2909.2429999999999382, 1, 2912.6159999999999854, 123.97628070590160121, 2909.2429999999999382, 1, 2912.6159999999999854, 75.093553146579665736, 2909.2429999999999382, 1, 2912.6159999999999854, 0, 2909.2429999999999382, 1
2912.6159999999999854, 0, 2909.2480000000000473, 1, 2912.6159999999999854, 120.90298615047620956, 2909.2480000000000473, 1, 2912.6159999999999854, 81.103851956746012775, 2909.2480000000000473, 1, 2912.6159999999999854, 0, 2909.2480000000000473, 1
2912.625, 0, 2909.2530000000001564, 1, 2912.625, 119.27801159518941176, 2909.2530000000001564, 1, 2912.625, 85.971426395025943634, 2909.2530000000001564, 1, 2912.625, 0, 2909.2530000000001564, 1
2912.6359999999999673, 0, 2909.2579999999998108, 0, 2912.6359999999999673, 116.54560660766676961, 2909.2579999999998108, 1, 2912.6359999999999673, 89.694771361085827266, 2909.2579999999998108, 1, 2912.6359999999999673, 0, 2909.2579999999998108, 0
2912.6460000000001855, 0, 2909.26299999999992, 0, 2912.6460000000001855, 114.42087587926707215, 2909.26299999999992, 1, 2912.6460000000001855, 90.529267794183695628, 2909.26299999999992, 1, 2912.6460000000001855, 0, 2909.26299999999992, 0
2912.6559999999999491, 0, 2909.2689999999997781, 0, 2912.6559999999999491, 112.29365103266565029, 2909.2689999999997781, 1, 2912.6559999999999491, 93.418710853578417641, 2909.2689999999997781, 1, 2912.6559999999999491, 0, 2909.2689999999997781, 0
2912.6660000000001673, 0, 2909.2730000000001382, 0, 2912.6660000000001673, 110.57243926795467814, 2909.2730000000001382, 1, 2912.6660000000001673, 95.030223130955306488, 2909.2730000000001382, 1, 2912.6660000000001673, 0, 2909.2730000000001382, 0
2912.6759999999999309, 0, 2909.2779999999997926, 0, 2912.6759999999999309, 108.63804568396857064, 2909.2779999999997926, 1, 2912.6759999999999309, 97.031212388822652315, 2909.2779999999997926, 1, 2912.6759999999999309, 0, 2909.2779999999997926, 0
2912.6869999999998981, 0, 2909.2820000000001528, 0, 2912.6869999999998981, 106.28113990245742571, 2909.2820000000001528, 1, 2912.6869999999998981, 97.319021364487468873, 2909.2820000000001528, 1, 2912.6869999999998981, 0, 2909.2820000000001528, 0
2912.7069999999998799, 0, 2909.2890000000002146, 0, 2912.7069999999998799, 104.75374488489116231, 2909.2890000000002146, 1, 2912.7069999999998799, 99.73207795985769053, 2909.2890000000002146, 1, 2912.7069999999998799, 0, 2909.2890000000002146, 0
2912.7069999999998799, 0, 2909.2930000000001201, 0, 2912.7069999999998799, 102.43443066759982685, 2909.2930000000001201, 1, 2912.7069999999998799, 104.84431711893309114, 2909.2930000000001201, 1, 2912.7069999999998799, 0, 2909.2930000000001201, 0
2912.7170000000000982, 0, 2909.2979999999997744, 0, 2912.7170000000000982, 101.19885031499021011, 2909.2979999999997744, 1, 2912.7170000000000982, 107.03464381779804171, 2909.2979999999997744, 1, 2912.7170000000000982, 0, 2909.2979999999997744, 0
2912.7359999999998763, 0, 2909.3040000000000873, 0, 2912.7359999999998763, 98.299177001398177822, 2909.3040000000000873, 1, 2912.7359999999998763, 113.57809185676521224, 2909.3040000000000873, 1, 2912.7359999999998763, 0, 2909.3040000000000873, 0
2912.7359999999998763, 311.7839313073598646, 2909.3079999999999927, 0, 2912.7359999999998763, 96.61410487598641339, 2909.3079999999999927, 1, 2912.7359999999998763, 114.44674815541230828, 2909.3079999999999927, 1, 2912.7359999999998763, 0, 2909.3079999999999927, 0
2912.7460000000000946, 307.50310836644268875, 2909.3130000000001019, 0, 2912.7460000000000946, 54.779581478274550932, 2909.3130000000001019, 1, 2912.7460000000000946, 116.36959590948679022, 2909.3130000000001019, 1, 2912.7460000000000946, 0, 2909.3130000000001019, 0
2912.7559999999998581, 261.28660170250390138, 2909.31899999999996, 0, 2912.7559999999998581, 7.4632907959213721227, 2909.31899999999996, 1, 2912.7559999999998581, 120.30676418004404127, 2909.31899999999996, 1, 2912.7559999999998581, 0, 2909.31899999999996, 0
2912.7649999999998727, 121.9704843861805017, 2909.3229999999998654, 0, 2912.7649999999998727, 0, 2909.3229999999998654, 1, 2912.7649999999998727, 87.826113646102868415, 2909.3229999999998654, 1, 2912.7649999999998727, 150.2680784007804391, 2909.3229999999998654, 0
2912.7759999999998399, 37.211999589826270096, 2909.3279999999999745, 0, 2912.7759999999998399, 0, 2909.3279999999999745, 1, 2912.7759999999998399, 19.466892247212634004, 2909.3279999999999745, 1, 2912.7759999999998399, 68.329892370766813769, 2909.3279999999999745, 0
2912.7860000000000582, 22.316367842961749801, 2909.3319999999998799, 0, 2912.7860000000000582, 0, 2909.3319999999998799, 1, 2912.7860000000000582, 23.306696454977583244, 2909.3319999999998799, 1, 2912.7860000000000582, 23.611216742550006131, 2909.3319999999998799, 0
2912.7959999999998217, 28.490679628471685447, 2909.3389999999999418, 0, 2912.7959999999998217, 0, 2909.3389999999999418, 1, 2912.7959999999998217, 32.088759743770509658, 2909.3389999999999418, 1, 2912.7959999999998217, 16.976373144549395278, 2909.3389999999999418, 0
2912.80600000000004, 49.539970174802256508, 2909.3429999999998472, 0, 2912.80600000000004, 0, 2909.3429999999998472, 1, 2912.80600000000004, 37.027044641417560911, 2909.3429999999998472, 1, 2912.80600000000004, 19.688272952954939399, 2909.3429999999998472, 0
2912.8159999999998035, 67.910564537716581412, 2909.3479999999999563, 0, 2912.8159999999998035, 55.110262758895295576, 2909.3479999999999563, 1, 2912.8159999999998035, 40.21697132122056928, 2909.3479999999999563, 1, 2912.8159999999998035, 18.487605660030077104, 2909.3479999999999563, 0
2912.8260000000000218, 75.089972200475926911, 2909.3530000000000655, 0, 2912.8260000000000218, 46.633308199408276096, 2909.3530000000000655, 1, 2912.8260000000000218, 41.974314703283916117, 2909.3530000000000655, 1, 2912.8260000000000218, 16.536035229130433777, 2909.3530000000000655, 0
2912.8359999999997854, 77.981593941382385538, 2909.3580000000001746, 0, 2912.8359999999997854, 53.456347576894927442, 2909.3580000000001746, 1, 2912.8359999999997854, 41.690984770524067926, 2909.3580000000001746, 1, 2912.8359999999997854, 18.650309062116821934, 2909.3580000000001746, 0
2912.8560000000002219, 62.260771594293522924, 2909.362999999999829, 0, 2912.8560000000002219, 94.477554071071750741, 2909.362999999999829, 1, 2912.8560000000002219, 116.8929669247609695, 2909.362999999999829, 1, 2912.8560000000002219, 40.423306706113393716, 2909.362999999999829, 0
2912.8580000000001746, 52.888811447475717387, 2909.3679999999999382, 0, 2912.8580000000001746, 0, 2909.3679999999999382, 1, 2912.8580000000001746, 49.549080956561688538, 2909.3679999999999382, 1, 2912.8580000000001746, 60.721215946073684222, 2909.3679999999999382, 0
2912.8690000000001419, 82.049342756062031867, 2909.3730000000000473, 0, 2912.8690000000001419, 0, 2909.3730000000000473, 1, 2912.8690000000001419, 0, 2909.3730000000000473, 1, 2912.8690000000001419, 62.247848850954923705, 2909.3730000000000473, 0
2912.8760000000002037, 101.68893395531392798, 2909.3780000000001564, 0, 2912.8760000000002037, 0, 2909.3780000000001564, 1, 2912.8760000000002037, 0, 2909.3780000000001564, 1, 2912.8760000000002037, 72.721682216755866079, 2909.3780000000001564, 0
2912.8859999999999673, 111.72968257159466532, 2909.3840000000000146, 0, 2912.8859999999999673, 0, 2909.3840000000000146, 1, 2912.8859999999999673, 0, 2909.3840000000000146, 1, 2912.8859999999999673, 73.902938856294184689, 2909.3840000000000146, 0
2912.8969999999999345, 116.36731038576067476, 2909.38799999999992, 0, 2912.8969999999999345, 0, 2909.38799999999992, 1, 2912.8969999999999345, 0, 2909.38799999999992, 1, 2912.8969999999999345, 78.364268953806487161, 2909.38799999999992, 0
2912.9099999999998545, 118.50583857341908356, 2909.3939999999997781, 0, 2912.9099999999998545, 0, 2909.3939999999997781, 1, 2912.9099999999998545, 0, 2909.3939999999997781, 1, 2912.9099999999998545, 78.240308173829660632, 2909.3939999999997781, 0
2912.9270000000001346, 118.45198087938922527, 2909.3980000000001382, 0, 2912.9270000000001346, 0, 2909.3980000000001382, 1, 2912.9270000000001346, 0, 2909.3980000000001382, 1, 2912.9270000000001346, 79.245905232551791642, 2909.3980000000001382, 0
2912.9270000000001346, 116.99262277348927341, 2909.4029999999997926, 0, 2912.9270000000001346, 0, 2909.4029999999997926, 1, 2912.9270000000001346, 0, 2909.4029999999997926, 1, 2912.9270000000001346, 83.548499490149765734, 2909.4029999999997926, 0
2912.9470000000001164, 115.62549804627531103, 2909.4079999999999018, 0, 2912.9470000000001164, 0, 2909.4079999999999018, 1, 2912.9470000000001164, 0, 2909.4079999999999018, 1, 2912.9470000000001164, 86.863998008947305607, 2909.4079999999999018, 0
2912.9470000000001164, 114.24248831477038379, 2909.4119999999998072, 0, 2912.9470000000001164, 0, 2909.4119999999998072, 1, 2912.9470000000001164, 0, 2909.4119999999998072, 1, 2912.9470000000001164, 90.263165616424544169, 2909.4119999999998072, 0
2912.9580000000000837, 112.42469011393430378, 2909.4180000000001201, 0, 2912.9580000000000837, 0, 2909.4180000000001201, 1, 2912.9580000000000837, 0, 2909.4180000000001201, 1, 2912.9580000000000837, 94.466139300948100299, 2909.4180000000001201, 0
2912.9690000000000509, 109.46784505971396584, 2909.4229999999997744, 0, 2912.9690000000000509, 0, 2909.4229999999997744, 1, 2912.9690000000000509, 0, 2909.4229999999997744, 1, 2912.9690000000000509, 98.03694532734010636, 2909.4229999999997744, 0
2912.9780000000000655, 108.28572761025077398, 2909.4290000000000873, 0, 2912.9780000000000655, 0, 2909.4290000000000873, 1, 2912.9780000000000655, 0, 2909.4290000000000873, 1, 2912.9780000000000655, 100.28124173511608319, 2909.4290000000000873, 0
2912.987999999999829, 106.91364278855230907, 2909.431999999999789, 0, 2912.987999999999829, 0, 2909.431999999999789, 1, 2912.987999999999829, 0, 2909.431999999999789, 1, 2912.987999999999829, 102.15261554002580624, 2909.431999999999789, 0
2912.9980000000000473, 105.83948540068860211, 2909.4369999999998981, 0, 2912.9980000000000473, 0, 2909.4369999999998981, 1, 2912.9980000000000473, 0, 2909.4369999999998981, 1, 2912.9980000000000473, 103.75368705080002485, 2909.4369999999998981, 0
2913.0079999999998108, 105.14436636590289709, 2909.44399999999996, 0, 2913.0079999999998108, 0, 2909.44399999999996, 1, 2913.0079999999998108, 0, 2909.44399999999996, 1, 2913.0079999999998108, 106.47537795079895773, 2909.44399999999996, 0
2913.0180000000000291, 104.12508627188084631, 2909.4479999999998654, 0, 2913.0180000000000291, 0, 2909.4479999999998654, 1, 2913.0180000000000291, 0, 2909.4479999999998654, 1, 2913.0180000000000291, 108.28176924681744708, 2909.4479999999998654, 0
2913.0279999999997926, 102.92138173579928662, 2909.4529999999999745, 0, 2913.0279999999997926, 0, 2909.4529999999999745, 1, 2913.0279999999997926, 0, 2909.4529999999999745, 1, 2913.0279999999997926, 110.16660593310479044, 2909.4529999999999745, 0
2913.0369999999998072, 101.90836547860274663, 2909.4589999999998327, 0, 2913.0369999999998072, 0, 2909.4589999999998327, 1, 2913.0369999999998072, 0, 2909.4589999999998327, 1, 2913.0369999999998072, 114.68649863730757943, 2909.4589999999998327, 0
2913.0479999999997744, 98.369195627694011819, 2909.4639999999999418, 0, 2913.0479999999997744, 0, 2909.4639999999999418, 1, 2913.0479999999997744, 0, 2909.4639999999999418, 1, 2913.0479999999997744, 113.20311461522791774, 2909.4639999999999418, 0
2913.0579999999999927, 97.797210072000297032, 2909.4679999999998472, 0, 2913.0579999999999927, 0, 2909.4679999999998472, 1, 2913.0579999999999927, 0, 2909.4679999999998472, 1, 2913.0579999999999927, 112.72576814729775663, 2909.4679999999998472, 0
2913.068000000000211, 96.263100484939769785, 2909.4740000000001601, 0, 2913.068000000000211, 0, 2909.4740000000001601, 1, 2913.068000000000211, 0, 2909.4740000000001601, 1, 2913.068000000000211, 117.98760293052040993, 2909.4740000000001601, 0
2913.0779999999999745, 97.575737588102910536, 2909.4789999999998145, 0, 2913.0779999999999745, 328.11790679315498664, 2909.4789999999998145, 1, 2913.0779999999999745, 0, 2909.4789999999998145, 1, 2913.0779999999999745, 112.39305872846230727, 2909.4789999999998145, 0
2913.0880000000001928, 44.78595424350098142, 2909.4830000000001746, 0, 2913.0880000000001928, 303.79380813941952511, 2909.4830000000001746, 1, 2913.0880000000001928, 280.14972058847945391, 2909.4830000000001746, 1, 2913.0880000000001928, 90.20449755100189293, 2909.4830000000001746, 0
2913.0979999999999563, 1.2033003229767837983, 2909.4890000000000327, 0, 2913.0979999999999563, 85.870829475874728587, 2909.4890000000000327, 1, 2913.0979999999999563, 97.272255226794072769, 2909.4890000000000327, 1, 2913.0979999999999563, 25.350407205819951884, 2909.4890000000000327, 0
2913.1190000000001419, 0, 2909.4929999999999382, 0, 2913.1190000000001419, 23.754916399338071642, 2909.4929999999999382, 1, 2913.1190000000001419, 45.675369721030648407, 2909.4929999999999382, 1, 2913.1190000000001419, 39.224024071153436921, 2909.4929999999999382, 0
2913.1190000000001419, 0, 2909.4980000000000473, 0, 2913.1190000000001419, 15.691522144709544762, 2909.4980000000000473, 1, 2913.1190000000001419, 26.141224882696114662, 2909.4980000000000473, 1, 2913.1190000000001419, 44.166016924149495537, 2909.4980000000000473, 0
2913.1280000000001564, 0, 2909.5030000000001564, 0, 2913.1280000000001564, 28.651902730889261761, 2909.5030000000001564, 1, 2913.1280000000001564, 21.557133597051386431, 2909.5030000000001564, 1, 2913.1280000000001564, 46.951560821044196814, 2909.5030000000001564, 0
2913.13799999999992, 55.261730100063246596, 2909.5079999999998108, 1, 2913.13799999999992, 46.872905924411085721, 2909.5079999999998108, 1, 2913.13799999999992, 23.720389573433976693, 2909.5079999999998108, 1, 2913.13799999999992, 50.737430014997741523, 2909.5079999999998108, 1
2913.1579999999999018, 51.820874451992146703, 2909.51299999999992, 1, 2913.1579999999999018, 52.779316317373293543, 2909.51299999999992, 1, 2913.1579999999999018, 24.340596092212717139, 2909.51299999999992, 1, 2913.1579999999999018, 53.21010257596951476, 2909.51299999999992, 1
2913.1680000000001201, 55.975609741008170772, 2909.5189999999997781, 1, 2913.1680000000001201, 56.420640562622736525, 2909.5189999999997781, 1, 2913.1680000000001201, 25.926709743076578718, 2909.5189999999997781, 1, 2913.1680000000001201, 51.139298307899473173, 2909.5189999999997781, 1
2913.1779999999998836, 53.561307987528032015, 2909.5230000000001382, 1, 2913.1779999999998836, 60.642295361619922289, 2909.5230000000001382, 1, 2913.1779999999998836, 30.436338134671078848, 2909.5230000000001382, 1, 2913.1779999999998836, 42.065670844637288894, 2909.5230000000001382, 1
2913.1880000000001019, 22.656748842243793263, 2909.5289999999999964, 1, 2913.1880000000001019, 65.561144522315231598, 2909.5289999999999964, 1, 2913.1880000000001019, 58.690267592416262232, 2909.5289999999999964, 1, 2913.1880000000001019, 0, 2909.5289999999999964, 1
2913.1880000000001019, 0, 2909.5329999999999018, 1, 2913.1880000000001019, 90.672982665801370672, 2909.5329999999999018, 1, 2913.1880000000001019, 74.004991259282860483, 2909.5329999999999018, 1, 2913.1880000000001019, 0, 2909.5329999999999018, 1
2913.1999999999998181, 0, 2909.5380000000000109, 1, 2913.1999999999998181, 109.41180179455287202, 2909.5380000000000109, 1, 2913.1999999999998181, 78.643198157229051048, 2909.5380000000000109, 1, 2913.1999999999998181, 0, 2909.5380000000000109, 1
2913.2179999999998472, 0, 2909.5430000000001201, 1, 2913.2179999999998472, 121.22739785241211052, 2909.5430000000001201, 1, 2913.2179999999998472, 75.940011488744659118, 2909.5430000000001201, 1, 2913.2179999999998472, 0, 2909.5430000000001201, 1
2913.2280000000000655, 0, 2909.5479999999997744, 1, 2913.2280000000000655, 126.61750392409936694, 2909.5479999999997744, 1, 2913.2280000000000655, 72.142686116091169879, 2909.5479999999997744, 1, 2913.2280000000000655, 0, 2909.5479999999997744, 1
2913.237999999999829, 0, 2909.5540000000000873, 1, 2913.237999999999829, 128.63453236553996817, 2909.5540000000000873, 1, 2913.237999999999829, 69.532634581034045596, 2909.5540000000000873, 1, 2913.237999999999829, 0, 2909.5540000000000873, 1
2913.237999999999829, 0, 2909.5579999999999927, 1, 2913.237999999999829, 127.70139631010883363, 2909.5579999999999927, 1, 2913.237999999999829, 71.01783928577934546, 2909.5579999999999927, 1, 2913.237999999999829, 0, 2909.5579999999999927, 1
2913.2480000000000473, 0, 2909.5630000000001019, 1, 2913.2480000000000473, 127.79776915514571556, 2909.5630000000001019, 1, 2913.2480000000000473, 70.8992768235922739, 2909.5630000000001019, 1, 2913.2480000000000473, 0, 2909.5630000000001019, 1
2913.2579999999998108, 0, 2909.568000000000211, 1, 2913.2579999999998108, 124.97610708642271504, 2909.568000000000211, 1, 2913.2579999999998108, 75.205886060229005352, 2909.568000000000211, 1, 2913.2579999999998108, 0, 2909.568000000000211, 1
2913.2689999999997781, 0, 2909.5729999999998654, 1, 2913.2689999999997781, 122.45612423530405977, 2909.5729999999998654, 1, 2913.2689999999997781, 79.86560465130540365, 2909.5729999999998654, 1, 2913.2689999999997781, 0, 2909.5729999999998654, 1
2913.2779999999997926, 0, 2909.5790000000001783, 1, 2913.2779999999997926, 120.77339199330835129, 2909.5790000000001783, 1, 2913.2779999999997926, 81.704828210354591533, 2909.5790000000001783, 1, 2913.2779999999997926, 0, 2909.5790000000001783, 1
2913.2979999999997744, 0, 2909.5830000000000837, 1, 2913.2979999999997744, 118.10896540388120002, 2909.5830000000000837, 0, 2913.2979999999997744, 86.335255524519737946, 2909.5830000000000837, 0, 2913.2979999999997744, 0, 2909.5830000000000837, 1
2913.3079999999999927, 0, 2909.5880000000001928, 1, 2913.3079999999999927, 115.76807368447310864, 2909.5880000000001928, 0, 2913.3079999999999927, 89.58877939148115388, 2909.5880000000001928, 0, 2913.3079999999999927, 0, 2909.5880000000001928, 1
2913.3079999999999927, 0, 2909.5929999999998472, 1, 2913.3079999999999927, 113.51390578224840056, 2909.5929999999998472, 0, 2913.3079999999999927, 92.955221561825624121, 2909.5929999999998472, 0, 2913.3079999999999927, 0, 2909.5929999999998472, 1
2913.318000000000211, 0, 2909.5990000000001601, 1, 2913.318000000000211, 110.95427413454106613, 2909.5990000000001601, 0, 2913.318000000000211, 93.734772956781114317, 2909.5990000000001601, 0, 2913.318000000000211, 0, 2909.5990000000001601, 1
2913.3290000000001783, 0, 2909.6030000000000655, 1, 2913.3290000000001783, 109.37712547241713423, 2909.6030000000000655, 0, 2913.3290000000001783, 97.757667308684276009, 2909.6030000000000655, 0, 2913.3290000000001783, 0, 2909.6030000000000655, 1
2913.3479999999999563, 0, 2909.6089999999999236, 1, 2913.3479999999999563, 107.56387659727998596, 2909.6089999999999236, 0, 2913.3479999999999563, 98.811113819289175808, 2909.6089999999999236, 0, 2913.3479999999999563, 0, 2909.6089999999999236, 1
2913.3479999999999563, 0, 2909.612999999999829, 1, 2913.3479999999999563, 104.96628592075506958, 2909.612999999999829, 0, 2913.3479999999999563, 98.590102484349884548, 2909.612999999999829, 0, 2913.3479999999999563, 0, 2909.612999999999829, 1
2913.3580000000001746, 0, 2909.6190000000001419, 1, 2913.3580000000001746, 103.64213295098329581, 2909.6190000000001419, 0, 2913.3580000000001746, 104.93808468306394843, 2909.6190000000001419, 0, 2913.3580000000001746, 0, 2909.6190000000001419, 1
2913.3679999999999382, 0, 2909.6230000000000473, 1, 2913.3679999999999382, 101.49152105487874564, 2909.6230000000000473, 0, 2913.3679999999999382, 108.99029613103837733, 2909.6230000000000473, 0, 2913.3679999999999382, 0, 2909.6230000000000473, 1
2913.38799999999992, 0, 2909.6280000000001564, 1, 2913.38799999999992, 99.104961223381337732, 2909.6280000000001564, 0, 2913.38799999999992, 110.69750265483031626, 2909.6280000000001564, 0, 2913.38799999999992, 0, 2909.6280000000001564, 1
2913.38799999999992, 0, 2909.6329999999998108, 1, 2913.38799999999992, 96.912658152771598452, 2909.6329999999998108, 0, 2913.38799999999992, 113.415814699001956, 2909.6329999999998108, 0, 2913.38799999999992, 0, 2909.6329999999998108, 1
2913.3980000000001382, 305.6059722601055455, 2909.6390000000001237, 1, 2913.3980000000001382, 59.499602859236802033, 2909.6390000000001237, 0, 2913.3980000000001382, 114.00845883044127049, 2909.6390000000001237, 0, 2913.3980000000001382, 0, 2909.6390000000001237, 1
2913.4079999999999018, 290.25261889549045691, 2909.6439999999997781, 1, 2913.4079999999999018, 8.9624633432406142219, 2909.6439999999997781, 0, 2913.4079999999999018, 120.66253803174265613, 2909.6439999999997781, 0, 2913.4079999999999018, 0, 2909.6439999999997781, 1
2913.4180000000001201, 134.1146678696028971, 2909.6480000000001382, 1, 2913.4180000000001201, 0, 2909.6480000000001382, 0, 2913.4180000000001201, 84.961330292626598748, 2909.6480000000001382, 0, 2913.4180000000001201, 0, 2909.6480000000001382, 1
2913.4279999999998836, 33.687293118280834392, 2909.6539999999999964, 1, 2913.4279999999998836, 0, 2909.6539999999999964, 0, 2913.4279999999998836, 45.547650717795185926, 2909.6539999999999964, 0, 2913.4279999999998836, 96.505723284718612831, 2909.6539999999999964, 1
2913.4380000000001019, 24.816239374531683382, 2909.6579999999999018, 1, 2913.4380000000001019, 0, 2909.6579999999999018, 0, 2913.4380000000001019, 26.843682758696282065, 2909.6579999999999018, 0, 2913.4380000000001019, 38.341189543371370974, 2909.6579999999999018, 1
2913.4580000000000837, 20.416455157037397328, 2909.6630000000000109, 1, 2913.4580000000000837, 0, 2909.6630000000000109, 0, 2913.4580000000000837, 30.256153017888959056, 2909.6630000000000109, 0, 2913.4580000000000837, 19.9968964413550232, 2909.6630000000000109, 1
2913.4580000000000837, 41.950750889143051836, 2909.6680000000001201, 1, 2913.4580000000000837, 0, 2909.6680000000001201, 0, 2913.4580000000000837, 34.45977171755563262, 2909.6680000000001201, 0, 2913.4580000000000837, 23.150020047208094809, 2909.6680000000001201, 1
2913.4769999999998618, 67.657069204837242182, 2909.6729999999997744, 1, 2913.4769999999998618, 55.985130706486408769, 2909.6729999999997744, 0, 2913.4769999999998618, 37.855179984129293302, 2909.6729999999997744, 0, 2913.4769999999998618, 28.125853844676321103, 2909.6729999999997744, 1
2913.4769999999998618, 78.787006801749697615, 2909.6790000000000873, 1, 2913.4769999999998618, 51.503591665575768843, 2909.6790000000000873, 0, 2913.4769999999998618, 40.466996833346229323, 2909.6790000000000873, 0, 2913.4769999999998618, 21.253414095793953464, 2909.6790000000000873, 1
2913.4980000000000473, 79.209566756676053956, 2909.6840000000001965, 1, 2913.4980000000000473, 56.714198123215844305, 2909.6840000000001965, 0, 2913.4980000000000473, 40.806675259076790496, 2909.6840000000001965, 0, 2913.4980000000000473, 20.011585979874265462, 2909.6840000000001965, 1
2913.4980000000000473, 47.579562318879794702, 2909.6880000000001019, 1, 2913.4980000000000473, 96.421926525639904071, 2909.6880000000001019, 0, 2913.4980000000000473, 143.5315533237316572, 2909.6880000000001019, 0, 2913.4980000000000473, 49.884021476848111831, 2909.6880000000001019, 1
2913.5079999999998108, 53.348062542259903296, 2909.6920000000000073, 1, 2913.5079999999998108, 0, 2909.6920000000000073, 0, 2913.5079999999998108, 23.171022971090863507, 2909.6920000000000073, 0, 2913.5079999999998108, 52.194328393826395995, 2909.6920000000000073, 1
2913.5279999999997926, 82.107527760941977135, 2909.6979999999998654, 1, 2913.5279999999997926, 0, 2909.6979999999998654, 0, 2913.5279999999997926, 0, 2909.6979999999998654, 0, 2913.5279999999997926, 60.397523015245432987, 2909.6979999999998654, 1
2913.5279999999997926, 101.16014424739557853, 2909.7029999999999745, 1, 2913.5279999999997926, 0, 2909.7029999999999745, 0, 2913.5279999999997926, 0, 2909.7029999999999745, 0, 2913.5279999999997926, 68.016685814503389906, 2909.7029999999999745, 1
2913.5380000000000109, 111.14695206482844014, 2909.7089999999998327, 1, 2913.5380000000000109, 0, 2909.7089999999998327, 0, 2913.5380000000000109, 0, 2909.7089999999998327, 0, 2913.5380000000000109, 72.903995962305017997, 2909.7089999999998327, 1
2913.5579999999999927, 116.00310210690290091, 2909.7130000000001928, 1, 2913.5579999999999927, 0, 2909.7130000000001928, 0, 2913.5579999999999927, 0, 2909.7130000000001928, 0, 2913.5579999999999927, 75.594200263162164788, 2909.7130000000001928, 1
2913.5579999999999927, 119.54048893656326413, 2909.7190000000000509, 1, 2913.5579999999999927, 0, 2909.7190000000000509, 0, 2913.5579999999999927, 0, 2909.7190000000000509, 0, 2913.5579999999999927, 74.993580091416163214, 2909.7190000000000509, 1
2913.568000000000211, 118.9294813975071321, 2909.7229999999999563, 1, 2913.568000000000211, 0, 2909.7229999999999563, 0, 2913.568000000000211, 0, 2909.7229999999999563, 0, 2913.568000000000211, 78.382800740969386766, 2909.7229999999999563, 1
2913.5790000000001783, 118.00309595649343919, 2909.7280000000000655, 1, 2913.5790000000001783, 0, 2909.7280000000000655, 0, 2913.5790000000001783, 0, 2909.7280000000000655, 0, 2913.5790000000001783, 81.944564014425509413, 2909.7280000000000655, 1
2913.5880000000001928, 117.62907479388933041, 2909.7330000000001746, 1, 2913.5880000000001928, 0, 2909.7330000000001746, 0, 2913.5880000000001928, 0, 2909.7330000000001746, 0, 2913.5880000000001928, 84.525685284593066626, 2909.7330000000001746, 1
2913.5970000000002074, 115.98533545316885807, 2909.737999999999829, 1, 2913.5970000000002074, 0, 2909.737999999999829, 0, 2913.5970000000002074, 0, 2909.737999999999829, 0, 2913.5970000000002074, 87.852330162966509874, 2909.737999999999829, 1
2913.6080000000001746, 113.68247541860310434, 2909.7440000000001419, 1, 2913.6080000000001746, 0, 2909.7440000000001419, 0, 2913.6080000000001746, 0, 2909.7440000000001419, 0, 2913.6080000000001746, 93.445183965259786874, 2909.7440000000001419, 1
2913.6179999999999382, 111.91406955552805869, 2909.7489999999997963, 1, 2913.6179999999999382, 0, 2909.7489999999997963, 0, 2913.6179999999999382, 0, 2909.7489999999997963, 0, 2913.6179999999999382, 96.959563130277615528, 2909.7489999999997963, 1
2913.63799999999992, 110.30518699931917581, 2909.7530000000001564, 1, 2913.63799999999992, 0, 2909.7530000000001564, 0, 2913.63799999999992, 0, 2909.7530000000001564, 0, 2913.63799999999992, 100.11830818907635887, 2909.7530000000001564, 1
2913.63799999999992, 109.23466298183757317, 2909.7579999999998108, 1, 2913.63799999999992, 0, 2909.7579999999998108, 0, 2913.63799999999992, 0, 2909.7579999999998108, 0, 2913.63799999999992, 101.90355048896643098, 2909.7579999999998108, 1
2913.6480000000001382, 107.97877630405480431, 2909.7640000000001237, 1, 2913.6480000000001382, 0, 2909.7640000000001237, 0, 2913.6480000000001382, 0, 2909.7640000000001237, 0, 2913.6480000000001382, 103.35447096999138239, 2909.7640000000001237, 1
2913.6579999999999018, 106.51842487466156228, 2909.7680000000000291, 1, 2913.6579999999999018, 0, 2909.7680000000000291, 0, 2913.6579999999999018, 0, 2909.7680000000000291, 0, 2913.6579999999999018, 104.17121813753611548, 2909.7680000000000291, 1
2913.6669999999999163, 105.60047588100150051, 2909.7730000000001382, 1, 2913.6669999999999163, 0, 2909.7730000000001382, 0, 2913.6669999999999163, 0, 2909.7730000000001382, 0, 2913.6669999999999163, 105.8887736366808241, 2909.7730000000001382, 1
2913.6790000000000873, 104.442811063777242, 2909.7779999999997926, 1, 2913.6790000000000873, 0, 2909.7779999999997926, 0, 2913.6790000000000873, 0, 2909.7779999999997926, 0, 2913.6790000000000873, 108.57494810807270369, 2909.7779999999997926, 1
2913.6900000000000546, 102.58809148801840649, 2909.7829999999999018, 1, 2913.6900000000000546, 0, 2909.7829999999999018, 0, 2913.6900000000000546, 0, 2909.7829999999999018, 0, 2913.6900000000000546, 111.61954204299173909, 2909.7829999999999018, 1
2913.6979999999998654, 101.53993421774521266, 2909.7880000000000109, 1, 2913.6979999999998654, 0, 2909.7880000000000109, 0, 2913.6979999999998654, 0, 2909.7880000000000109, 0, 2913.6979999999998654, 112.82487543609627778, 2909.7880000000000109, 1
2913.7080000000000837, 99.540816420993053271, 2909.7930000000001201, 1, 2913.7080000000000837, 0, 2909.7930000000001201, 0, 2913.7080000000000837, 0, 2909.7930000000001201, 0, 2913.7080000000000837, 116.10826275240786742, 2909.7930000000001201, 1
2913.7280000000000655, 98.237458426886504981, 2909.7979999999997744, 1, 2913.7280000000000655, 0, 2909.7979999999997744, 0, 2913.7280000000000655, 0, 2909.7979999999997744, 0, 2913.7280000000000655, 117.79688167605755211, 2909.7979999999997744, 1
2913.7280000000000655, 97.820498475874373412, 2909.8029999999998836, 1, 2913.7280000000000655, 304.071808653143421, 2909.8029999999998836, 0, 2913.7280000000000655, 0, 2909.8029999999998836, 0, 2913.7280000000000655, 115.16058548652156901, 2909.8029999999998836, 1
2913.737999999999829, 42.645150043908827797, 2909.8079999999999927, 1, 2913.737999999999829, 308.37097891721424503, 2909.8079999999999927, 0, 2913.737999999999829, 316.72014398506058797, 2909.8079999999999927, 0, 2913.737999999999829, 104.77079995725119943, 2909.8079999999999927, 1
2913.7579999999998108, 0.67832691712887138724, 2909.8130000000001019, 1, 2913.7579999999998108, 100.64994463446896589, 2909.8130000000001019, 0, 2913.7579999999998108, 111.5222068402861737, 2909.8130000000001019, 0, 2913.7579999999998108, 29.610436167662722795, 2909.8130000000001019, 1
2913.7680000000000291, 0, 2909.81899999999996, 1, 2913.7680000000000291, 27.431523997925200575, 2909.81899999999996, 0, 2913.7680000000000291, 49.747573417799678452, 2909.81899999999996, 0, 2913.7680000000000291, 40.792241704770532351, 2909.81899999999996, 1
2913.7680000000000291, 0, 2909.8229999999998654, 1, 2913.7680000000000291, 12.552752005390033219, 2909.8229999999998654, 0, 2913.7680000000000291, 22.40636020568863529, 2909.8229999999998654, 0, 2913.7680000000000291, 44.756706119565038193, 2909.8229999999998654, 1
2913.7779999999997926, 0, 2909.8290000000001783, 1, 2913.7779999999997926, 24.914310752885711508, 2909.8290000000001783, 1, 2913.7779999999997926, 19.227250917524870033, 2909.8290000000001783, 1, 2913.7779999999997926, 48.088626831168497233, 2909.8290000000001783, 1
2913.7880000000000109, 0, 2909.8330000000000837, 1, 2913.7880000000000109, 47.688316712159398492, 2909.8330000000000837, 1, 2913.7880000000000109, 23.577551228622265711, 2909.8330000000000837, 1, 2913.7880000000000109, 48.667070341084844642, 2909.8330000000000837, 1
2913.7970000000000255, 73.320313880573394272, 2909.8409999999998945, 1, 2913.7970000000000255, 59.247626664876321456, 2909.8409999999998945, 1, 2913.7970000000000255, 25.605894336796374944, 2909.8409999999998945, 1, 2913.7970000000000255, 53.87611976334663666, 2909.8409999999998945, 1
2913.818000000000211, 58.056241110574006825, 2909.8429999999998472, 1, 2913.818000000000211, 59.167456774855779145, 2909.8429999999998472, 1, 2913.818000000000211, 26.310948364976461278, 2909.8429999999998472, 1, 2913.818000000000211, 52.748153580196294854, 2909.8429999999998472, 1
2913.818000000000211, 61.185332806718129461, 2909.8490000000001601, 1, 2913.818000000000211, 59.144358305520597696, 2909.8490000000001601, 1, 2913.818000000000211, 29.314321844378241622, 2909.8490000000001601, 1, 2913.818000000000211, 52.171850601051076524, 2909.8490000000001601, 1
2913.8270000000002256, 12.900745061456809992, 2909.8530000000000655, 1, 2913.8270000000002256, 63.197452886285361728, 2909.8530000000000655, 1, 2913.8270000000002256, 54.163850282930006586, 2909.8530000000000655, 1, 2913.8270000000002256, 11.978919938594174255, 2909.8530000000000655, 1
2913.8369999999999891, 0, 2909.8580000000001746, 1, 2913.8369999999999891, 88.786898992150668164, 2909.8580000000001746, 1, 2913.8369999999999891, 74.98239558945934391, 2909.8580000000001746, 1, 2913.8369999999999891, 0, 2909.8580000000001746, 1
2913.8510000000001128, 0, 2909.8640000000000327, 1, 2913.8510000000001128, 106.68450894662920803, 2909.8640000000000327, 1, 2913.8510000000001128, 78.352130181540061926, 2909.8640000000000327, 1, 2913.8510000000001128, 0, 2909.8640000000000327, 1
2913.8569999999999709, 0, 2909.8690000000001419, 1, 2913.8569999999999709, 117.79244477976669714, 2909.8690000000001419, 1, 2913.8569999999999709, 75.935142049321001423, 2909.8690000000001419, 1, 2913.8569999999999709, 0, 2909.8690000000001419, 1
2913.8670000000001892, 0, 2909.8730000000000473, 1, 2913.8670000000001892, 124.70018505635378858, 2909.8730000000000473, 1, 2913.8670000000001892, 72.206065354475725826, 2909.8730000000000473, 1, 2913.8670000000001892, 0, 2909.8730000000000473, 1
2913.8769999999999527, 0, 2909.8780000000001564, 1, 2913.8769999999999527, 126.98625123470966969, 2909.8780000000001564, 1, 2913.8769999999999527, 70.173778221544580447, 2909.8780000000001564, 1, 2913.8769999999999527, 0, 2909.8780000000001564, 1
2913.887000000000171, 0, 2909.8829999999998108, 1, 2913.887000000000171, 127.16171545177776636, 2909.8829999999998108, 1, 2913.887000000000171, 70.414557654037338352, 2909.8829999999998108, 1, 2913.887000000000171, 0, 2909.8829999999998108, 1
2913.9079999999999018, 0, 2909.8890000000001237, 1, 2913.9079999999999018, 126.67282199903064566, 2909.8890000000001237, 1, 2913.9079999999999018, 71.672103428033921091, 2909.8890000000001237, 1, 2913.9079999999999018, 0, 2909.8890000000001237, 1
2913.9079999999999018, 0, 2909.8919999999998254, 1, 2913.9079999999999018, 124.73498863208438081, 2909.8919999999998254, 1, 2913.9079999999999018, 75.176504162524139474, 2909.8919999999998254, 1, 2913.9079999999999018, 0, 2909.8919999999998254, 1
2913.918999999999869, 0, 2909.8980000000001382, 1, 2913.918999999999869, 122.87269266292877035, 2909.8980000000001382, 1, 2913.918999999999869, 78.784773182692418914, 2909.8980000000001382, 1, 2913.918999999999869, 0, 2909.8980000000001382, 1
2913.9380000000001019, 0, 2909.9039999999999964, 1, 2913.9380000000001019, 119.98851133938569546, 2909.9039999999999964, 1, 2913.9380000000001019, 83.579297909039411252, 2909.9039999999999964, 1, 2913.9380000000001019, 0, 2909.9039999999999964, 1
2913.9380000000001019, 0, 2909.9090000000001055, 0, 2913.9380000000001019, 117.51821068952622795, 2909.9090000000001055, 1, 2913.9380000000001019, 87.887880318926107748, 2909.9090000000001055, 1, 2913.9380000000001019, 0, 2909.9090000000001055, 0
2913.9479999999998654, 0, 2909.9140000000002146, 0, 2913.9479999999998654, 115.08196403523170659, 2909.9140000000002146, 1, 2913.9479999999998654, 89.841631682766461608, 2909.9140000000002146, 1, 2913.9479999999998654, 0, 2909.9140000000002146, 0
2913.9580000000000837, 0, 2909.9180000000001201, 0, 2913.9580000000000837, 113.37338329692700256, 2909.9180000000001201, 1, 2913.9580000000000837, 91.914591010995053466, 2909.9180000000001201, 1, 2913.9580000000000837, 0, 2909.9180000000001201, 0
2913.9789999999998145, 0, 2909.9229999999997744, 0, 2913.9789999999998145, 110.83712330370407528, 2909.9229999999997744, 1, 2913.9789999999998145, 94.159371000635928795, 2909.9229999999997744, 1, 2913.9789999999998145, 0, 2909.9229999999997744, 0
2913.987999999999829, 0, 2909.9279999999998836, 0, 2913.987999999999829, 108.83289623299504001, 2909.9279999999998836, 1, 2913.987999999999829, 95.415548893477534875, 2909.9279999999998836, 1, 2913.987999999999829, 0, 2909.9279999999998836, 0
2913.9980000000000473, 0, 2909.931999999999789, 0, 2913.9980000000000473, 106.99874169214402286, 2909.931999999999789, 1, 2913.9980000000000473, 96.242131690284523415, 2909.931999999999789, 1, 2913.9980000000000473, 0, 2909.931999999999789, 0
2913.9980000000000473, 0, 2909.9380000000001019, 0, 2913.9980000000000473, 104.9740673655025347, 2909.9380000000001019, 1, 2913.9980000000000473, 98.618863059589088493, 2909.9380000000001019, 1, 2913.9980000000000473, 0, 2909.9380000000001019, 0
2914.0079999999998108, 0, 2909.943000000000211, 0, 2914.0079999999998108, 103.49538256971345618, 2909.943000000000211, 1, 2914.0079999999998108, 103.60737248872175087, 2909.943000000000211, 1, 2914.0079999999998108, 0, 2909.943000000000211, 0
2914.0289999999999964, 0, 2909.9479999999998654, 0, 2914.0289999999999964, 101.33854690521752673, 2909.9479999999998654, 1, 2914.0289999999999964, 108.38141479111453691, 2909.9479999999998654, 1, 2914.0289999999999964, 0, 2909.9479999999998654, 0
2914.0380000000000109, 0, 2909.9529999999999745, 0, 2914.0380000000000109, 99.170775540869414044, 2909.9529999999999745, 1, 2914.0380000000000109, 111.34046776291299352, 2909.9529999999999745, 1, 2914.0380000000000109, 0, 2909.9529999999999745, 0
2914.0380000000000109, 0, 2909.9580000000000837, 0, 2914.0380000000000109, 97.064495758109742951, 2909.9580000000000837, 1, 2914.0380000000000109, 113.52104403286324441, 2909.9580000000000837, 1, 2914.0380000000000109, 0, 2909.9580000000000837, 0
2914.0479999999997744, 305.48773891698061789, 2909.9650000000001455, 0, 2914.0479999999997744, 69.365781050972742605, 2909.9650000000001455, 1, 2914.0479999999997744, 112.74812425429121276, 2909.9650000000001455, 1, 2914.0479999999997744, 0, 2909.9650000000001455, 0
2914.0579999999999927, 289.06684510502333296, 2909.9679999999998472, 0, 2914.0579999999999927, 13.716161141374481502, 2909.9679999999998472, 1, 2914.0579999999999927, 121.23233214564581317, 2909.9679999999998472, 1, 2914.0579999999999927, 0, 2909.9679999999998472, 0
2914.068000000000211, 169.8860965170698023, 2909.9729999999999563, 0, 2914.068000000000211, 2.7131659790614407938e-99, 2909.9729999999999563, 1, 2914.068000000000211, 110.80131766766777446, 2909.9729999999999563, 1, 2914.068000000000211, 1.3801673276649573108, 2909.9729999999999563, 0
2914.0770000000002256, 42.391044131216439439, 2909.9780000000000655, 0, 2914.0770000000002256, 0, 2909.9780000000000655, 1, 2914.0770000000002256, 32.135362570815793504, 2909.9780000000000655, 1, 2914.0770000000002256, 114.64029128868133967, 2909.9780000000000655, 0
2914.0869999999999891, 19.622822182875282238, 2909.9830000000001746, 0, 2914.0869999999999891, 0, 2909.9830000000001746, 1, 2914.0869999999999891, 19.3125954225397507, 2909.9830000000001746, 1, 2914.0869999999999891, 28.005653241813931231, 2909.9830000000001746, 0
2914.0979999999999563, 21.533212715004214743, 2909.987999999999829, 0, 2914.0979999999999563, 0, 2909.987999999999829, 1, 2914.0979999999999563, 28.8451690866026631, 2909.987999999999829, 1, 2914.0979999999999563, 15.683940833387664426, 2909.987999999999829, 0
2914.1069999999999709, 41.985208231582134886, 2909.9929999999999382, 0, 2914.1069999999999709, 0, 2909.9929999999999382, 1, 2914.1069999999999709, 34.655000578019532043, 2909.9929999999999382, 1, 2914.1069999999999709, 17.306199905937265981, 2909.9929999999999382, 0
2914.1170000000001892, 63.408630739730327264, 2909.9989999999997963, 0, 2914.1170000000001892, 46.261066282280197015, 2909.9989999999997963, 1, 2914.1170000000001892, 39.912556567687502707, 2909.9989999999997963, 1, 2914.1170000000001892, 18.844631262264918803, 2909.9989999999997963, 0
2914.1280000000001564, 74.640371903239554285, 2910.0059999999998581, 0, 2914.1280000000001564, 42.085523979040615927, 2910.0059999999998581, 1, 2914.1280000000001564, 42.213357202475172869, 2910.0059999999998581, 1, 2914.1280000000001564, 14.399376733951108065, 2910.0059999999998581, 0
2914.13799999999992, 79.037124966736058695, 2910.0079999999998108, 0, 2914.13799999999992, 51.040879167525609716, 2910.0079999999998108, 1, 2914.13799999999992, 42.609294036093309899, 2910.0079999999998108, 1, 2914.13799999999992, 16.937776219242046238, 2910.0079999999998108, 0
2914.1469999999999345, 72.779259641606643072, 2910.0140000000001237, 0, 2914.1469999999999345, 103.97248198639084649, 2910.0140000000001237, 1, 2914.1469999999999345, 104.56821844771913277, 2910.0140000000001237, 1, 2914.1469999999999345, 29.236838523033561899, 2910.0140000000001237, 0
2914.1579999999999018, 35.84597809410871605, 2910.0189999999997781, 0, 2914.1579999999999018, 66.976967571072449914, 2910.0189999999997781, 1, 2914.1579999999999018, 161.5373972274173866, 2910.0189999999997781, 1, 2914.1579999999999018, 46.07311763340464239, 2910.0189999999997781, 0
2914.1680000000001201, 68.233865925065629199, 2910.0230000000001382, 0, 2914.1680000000001201, 0, 2910.0230000000001382, 1, 2914.1680000000001201, 0, 2910.0230000000001382, 1, 2914.1680000000001201, 52.192358886573458676, 2910.0230000000001382, 0
2914.1799999999998363, 90.990683300693930846, 2910.0279999999997926, 0, 2914.1799999999998363, 0, 2910.0279999999997926, 1, 2914.1799999999998363, 0, 2910.0279999999997926, 1, 2914.1799999999998363, 63.919712134084036848, 2910.0279999999997926, 0
2914.1880000000001019, 106.32686531926941598, 2910.0329999999999018, 0, 2914.1880000000001019, 0, 2910.0329999999999018, 1, 2914.1880000000001019, 0, 2910.0329999999999018, 1, 2914.1880000000001019, 71.53104633679592439, 2910.0329999999999018, 0
2914.1979999999998654, 113.20746721651150324, 2910.0380000000000109, 0, 2914.1979999999998654, 0, 2910.0380000000000109, 1, 2914.1979999999998654, 0, 2910.0380000000000109, 1, 2914.1979999999998654, 75.096630424985647778, 2910.0380000000000109, 0
2914.2089999999998327, 118.56318307421403802, 2910.0430000000001201, 0, 2914.2089999999998327, 0, 2910.0430000000001201, 1, 2914.2089999999998327, 0, 2910.0430000000001201, 1, 2914.2089999999998327, 73.652041264513911756, 2910.0430000000001201, 0
2914.2280000000000655, 118.22109781921835747, 2910.0500000000001819, 0, 2914.2280000000000655, 0, 2910.0500000000001819, 1, 2914.2280000000000655, 0, 2910.0500000000001819, 1, 2914.2280000000000655, 78.620451365040509017, 2910.0500000000001819, 0
2914.2289999999998145, 119.16774536155824649, 2910.0529999999998836, 0, 2914.2289999999998145, 0, 2910.0529999999998836, 1, 2914.2289999999998145, 0, 2910.0529999999998836, 1, 2914.2289999999998145, 78.889953853032849906, 2910.0529999999998836, 0
2914.237999999999829, 117.67190329775779389, 2910.0579999999999927, 0, 2914.237999999999829, 0, 2910.0579999999999927, 1, 2914.237999999999829, 0, 2910.0579999999999927, 1, 2914.237999999999829, 83.554988025157484799, 2910.0579999999999927, 0
2914.2480000000000473, 116.37523413116204551, 2910.0630000000001019, 0, 2914.2480000000000473, 0, 2910.0630000000001019, 1, 2914.2480000000000473, 0, 2910.0630000000001019, 1, 2914.2480000000000473, 86.895093913653084883, 2910.0630000000001019, 0
2914.2579999999998108, 113.21638105832234089, 2910.068000000000211, 0, 2914.2579999999998108, 0, 2910.068000000000211, 1, 2914.2579999999998108, 0, 2910.068000000000211, 1, 2914.2579999999998108, 91.558555153400561721, 2910.068000000000211, 0
2914.2689999999997781, 113.51258424924496637, 2910.0729999999998654, 0, 2914.2689999999997781, 0, 2910.0729999999998654, 1, 2914.2689999999997781, 0, 2910.0729999999998654, 1, 2914.2689999999997781, 95.382472365748469656, 2910.0729999999998654, 0
2914.2779999999997926, 111.27231806468552122, 2910.0779999999999745, 0, 2914.2779999999997926, 0, 2910.0779999999999745, 1, 2914.2779999999997926, 0, 2910.0779999999999745, 1, 2914.2779999999997926, 99.246370661285709502, 2910.0779999999999745, 0
2914.2880000000000109, 109.526056436608485, 2910.0839999999998327, 0, 2914.2880000000000109, 0, 2910.0839999999998327, 1, 2914.2880000000000109, 0, 2910.0839999999998327, 1, 2914.2880000000000109, 102.49476054640005884, 2910.0839999999998327, 0
2914.2979999999997744, 108.18690928905515136, 2910.0880000000001928, 0, 2914.2979999999997744, 0, 2910.0880000000001928, 1, 2914.2979999999997744, 0, 2910.0880000000001928, 1, 2914.2979999999997744, 103.28839632646710811, 2910.0880000000001928, 0
2914.3079999999999927, 106.99931845090826243, 2910.0929999999998472, 0, 2914.3079999999999927, 0, 2910.0929999999998472, 1, 2914.3079999999999927, 0, 2910.0929999999998472, 1, 2914.3079999999999927, 104.8980731160340838, 2910.0929999999998472, 0
2914.318000000000211, 105.96570280115287233, 2910.0970000000002074, 0, 2914.318000000000211, 0, 2910.0970000000002074, 1, 2914.318000000000211, 0, 2910.0970000000002074, 1, 2914.318000000000211, 106.25130019784529622, 2910.0970000000002074, 0
2914.3279999999999745, 104.80854751070606312, 2910.1019999999998618, 0, 2914.3279999999999745, 0, 2910.1019999999998618, 1, 2914.3279999999999745, 0, 2910.1019999999998618, 1, 2914.3279999999999745, 108.54089020397057652, 2910.1019999999998618, 0
2914.3380000000001928, 101.74509785955461894, 2910.1089999999999236, 0, 2914.3380000000001928, 0, 2910.1089999999999236, 1, 2914.3380000000001928, 0, 2910.1089999999999236, 1, 2914.3380000000001928, 106.94362621812111058, 2910.1089999999999236, 0
2914.3479999999999563, 100.59576395919540914, 2910.112999999999829, 0, 2914.3479999999999563, 0, 2910.112999999999829, 1, 2914.3479999999999563, 0, 2910.112999999999829, 1, 2914.3479999999999563, 109.81847875207077436, 2910.112999999999829, 0
2914.3569999999999709, 98.925491196838137853, 2910.1179999999999382, 0, 2914.3569999999999709, 0, 2910.1179999999999382, 1, 2914.3569999999999709, 0, 2910.1179999999999382, 1, 2914.3569999999999709, 116.2472254086108876, 2910.1179999999999382, 0
2914.3679999999999382, 97.908473579872151049, 2910.1230000000000473, 0, 2914.3679999999999382, 0, 2910.1230000000000473, 1, 2914.3679999999999382, 0, 2910.1230000000000473, 1, 2914.3679999999999382, 115.1235872152689268, 2910.1230000000000473, 0
2914.3780000000001564, 98.258312643009730891, 2910.1280000000001564, 0, 2914.3780000000001564, 0, 2910.1280000000001564, 1, 2914.3780000000001564, 0, 2910.1280000000001564, 1, 2914.3780000000001564, 115.44862629925069086, 2910.1280000000001564, 0
2914.38799999999992, 76.749376695739755405, 2910.1329999999998108, 0, 2914.38799999999992, 329.81809149956268357, 2910.1329999999998108, 1, 2914.38799999999992, 0, 2910.1329999999998108, 1, 2914.38799999999992, 116.3018771849344688, 2910.1329999999998108, 0
2914.4079999999999018, 12.611806723083127224, 2910.13799999999992, 0, 2914.4079999999999018, 172.33191763647687367, 2910.13799999999992, 1, 2914.4079999999999018, 185.89870132652220036, 2910.13799999999992, 1, 2914.4079999999999018, 67.891167488574140521, 2910.13799999999992, 0
2914.4290000000000873, 0, 2910.1419999999998254, 0, 2914.4290000000000873, 31.292445733996885338, 2910.1419999999998254, 1, 2914.4290000000000873, 30.710895750200297272, 2910.1419999999998254, 1, 2914.4290000000000873, 35.876937817229190841, 2910.1419999999998254, 0
2914.4290000000000873, 0, 2910.1489999999998872, 0, 2914.4290000000000873, 23.490277580521162548, 2910.1489999999998872, 1, 2914.4290000000000873, 20.535517884471886418, 2910.1489999999998872, 1, 2914.4290000000000873, 42.947923389145984174, 2910.1489999999998872, 0
2914.4369999999998981, 41.41343012313272709, 2910.1529999999997926, 0, 2914.4369999999998981, 40.62107211871247614, 2910.1529999999997926, 1, 2914.4369999999998981, 22.25295286012203988, 2910.1529999999997926, 1, 2914.4369999999998981, 48.181741177560056144, 2910.1529999999997926, 0
2914.4510000000000218, 43.463280232153110205, 2910.1590000000001055, 1, 2914.4510000000000218, 49.722049854342927233, 2910.1590000000001055, 1, 2914.4510000000000218, 21.816749637013252539, 2910.1590000000001055, 1, 2914.4510000000000218, 55.337702421103742267, 2910.1590000000001055, 1
2914.4679999999998472, 49.361515954158676323, 2910.1630000000000109, 1, 2914.4679999999998472, 56.327332950388012023, 2910.1630000000000109, 1, 2914.4679999999998472, 23.95804617990523866, 2910.1630000000000109, 1, 2914.4679999999998472, 51.31671559682960293, 2910.1630000000000109, 1
2914.4679999999998472, 52.646513935241841864, 2910.1680000000001201, 1, 2914.4679999999998472, 61.254826174020003293, 2910.1680000000001201, 1, 2914.4679999999998472, 26.089285756259059212, 2910.1680000000001201, 1, 2914.4679999999998472, 44.0365929910476126, 2910.1680000000001201, 1
2914.4789999999998145, 48.16467999644159903, 2910.1720000000000255, 1, 2914.4789999999998145, 63.066624384690229022, 2910.1720000000000255, 1, 2914.4789999999998145, 34.717023956000488738, 2910.1720000000000255, 1, 2914.4789999999998145, 38.48673007100472887, 2910.1720000000000255, 1
2914.487999999999829, 0, 2910.1790000000000873, 1, 2914.487999999999829, 74.273280029667219537, 2910.1790000000000873, 1, 2914.487999999999829, 67.138040252573645716, 2910.1790000000000873, 1, 2914.487999999999829, 0, 2910.1790000000000873, 1
2914.4989999999997963, 0, 2910.1829999999999927, 1, 2914.4989999999997963, 99.611589699150059118, 2910.1829999999999927, 1, 2914.4989999999997963, 76.733940627004159296, 2910.1829999999999927, 1, 2914.4989999999997963, 0, 2910.1829999999999927, 1
2914.5090000000000146, 0, 2910.1889999999998508, 1, 2914.5090000000000146, 113.11844220398151606, 2910.1889999999998508, 1, 2914.5090000000000146, 77.34239105827430194, 2910.1889999999998508, 1, 2914.5090000000000146, 0, 2910.1889999999998508, 1
2914.5180000000000291, 0, 2910.193000000000211, 1, 2914.5180000000000291, 120.64080927688536349, 2910.193000000000211, 1, 2914.5180000000000291, 71.683957578618986872, 2910.193000000000211, 1, 2914.5180000000000291, 0, 2910.193000000000211, 1
2914.5279999999997926, 0, 2910.1979999999998654, 1, 2914.5279999999997926, 126.42866055074195231, 2910.1979999999998654, 1, 2914.5279999999997926, 70.294504968738152684, 2910.1979999999998654, 1, 2914.5279999999997926, 0, 2910.1979999999998654, 1
2914.5380000000000109, 0, 2910.2040000000001783, 1, 2914.5380000000000109, 127.40492461419941606, 2910.2040000000001783, 1, 2914.5380000000000109, 68.591895915804570905, 2910.2040000000001783, 1, 2914.5380000000000109, 0, 2910.2040000000001783, 1
2914.5579999999999927, 0, 2910.2040000000001783, 1, 2914.5579999999999927, 127.37528726672465496, 2910.2040000000001783, 1, 2914.5579999999999927, 70.676647013422638111, 2910.2040000000001783, 1, 2914.5579999999999927, 0, 2910.2040000000001783, 1
2914.5579999999999927, 0, 2910.2130000000001928, 1, 2914.5579999999999927, 125.78155627868548549, 2910.2130000000001928, 1, 2914.5579999999999927, 73.753169315268763739, 2910.2130000000001928, 1, 2914.5579999999999927, 0, 2910.2130000000001928, 1
2914.5779999999999745, 0, 2910.2179999999998472, 1, 2914.5779999999999745, 123.94334297420031987, 2910.2179999999998472, 1, 2914.5779999999999745, 76.681033956370896476, 2910.2179999999998472, 1, 2914.5779999999999745, 0, 2910.2179999999998472, 1
2914.5779999999999745, 0, 2910.2229999999999563, 1, 2914.5779999999999745, 121.29084433094902806, 2910.2229999999999563, 1, 2914.5779999999999745, 81.682501060365424905, 2910.2229999999999563, 1, 2914.5779999999999745, 0, 2910.2229999999999563, 1
2914.5880000000001928, 0, 2910.2280000000000655, 1, 2914.5880000000001928, 119.00596143890314238, 2910.2280000000000655, 1, 2914.5880000000001928, 86.458499708539591211, 2910.2280000000000655, 1, 2914.5880000000001928, 0, 2910.2280000000000655, 1
2914.5979999999999563, 0, 2910.2330000000001746, 1, 2914.5979999999999563, 116.56161983425548101, 2910.2330000000001746, 0, 2914.5979999999999563, 89.854459908239107335, 2910.2330000000001746, 0, 2914.5979999999999563, 0, 2910.2330000000001746, 1
2914.6159999999999854, 0, 2910.23700000000008, 1, 2914.6159999999999854, 114.31977401588144971, 2910.23700000000008, 0, 2914.6159999999999854, 93.290459735055122792, 2910.23700000000008, 0, 2914.6159999999999854, 0, 2910.23700000000008, 1
2914.6159999999999854, 0, 2910.2429999999999382, 1, 2914.6159999999999854, 112.20689905159674993, 2910.2429999999999382, 0, 2914.6159999999999854, 95.857406816125603655, 2910.2429999999999382, 0, 2914.6159999999999854, 0, 2910.2429999999999382, 1
2914.63799999999992, 0, 2910.2480000000000473, 1, 2914.63799999999992, 110.40034151395946083, 2910.2480000000000473, 0, 2914.63799999999992, 97.068366539071632815, 2910.2480000000000473, 0, 2914.63799999999992, 0, 2910.2480000000000473, 1
2914.63799999999992, 0, 2910.2530000000001564, 1, 2914.63799999999992, 108.87676078592465956, 2910.2530000000001564, 0, 2914.63799999999992, 99.699148876777115902, 2910.2530000000001564, 0, 2914.63799999999992, 0, 2910.2530000000001564, 1
2914.6480000000001382, 0, 2910.2579999999998108, 1, 2914.6480000000001382, 107.00711713824048843, 2910.2579999999998108, 0, 2914.6480000000001382, 99.342925265289153458, 2910.2579999999998108, 0, 2914.6480000000001382, 0, 2910.2579999999998108, 1
2914.6669999999999163, 0, 2910.26299999999992, 1, 2914.6669999999999163, 103.58891084490461765, 2910.26299999999992, 0, 2914.6669999999999163, 100.45226361689189787, 2910.26299999999992, 0, 2914.6669999999999163, 0, 2910.26299999999992, 1
2914.6779999999998836, 0, 2910.2680000000000291, 1, 2914.6779999999998836, 101.72818841055747896, 2910.2680000000000291, 0, 2914.6779999999998836, 104.62607083093158167, 2910.2680000000000291, 0, 2914.6779999999998836, 0, 2910.2680000000000291, 1
2914.6869999999998981, 0, 2910.2730000000001382, 1, 2914.6869999999998981, 99.732820641623789015, 2910.2730000000001382, 0, 2914.6869999999998981, 108.49675739346804448, 2910.2730000000001382, 0, 2914.6869999999998981, 0, 2910.2730000000001382, 1
2914.6979999999998654, 0, 2910.2779999999997926, 1, 2914.6979999999998654, 97.957849869099618445, 2910.2779999999997926, 0, 2914.6979999999998654, 110.10294818520509352, 2910.2779999999997926, 0, 2914.6979999999998654, 0, 2910.2779999999997926, 1
2914.6979999999998654, 305.51984662527235059, 2910.2840000000001055, 1, 2914.6979999999998654, 90.284396819549300517, 2910.2840000000001055, 0, 2914.6979999999998654, 110.65933576105615543, 2910.2840000000001055, 0, 2914.6979999999998654, 0, 2910.2840000000001055, 1
2914.7089999999998327, 310.49833792549191003, 2910.2880000000000109, 1, 2914.7089999999998327, 30.771549240925573088, 2910.2880000000000109, 0, 2914.7089999999998327, 119.25379049182762969, 2910.2880000000000109, 0, 2914.7089999999998327, 0, 2910.2880000000000109, 1
2914.7179999999998472, 241.8464871619069072, 2910.2930000000001201, 1, 2914.7179999999998472, 2.5228182658117561665, 2910.2930000000001201, 0, 2914.7179999999998472, 116.32332148976718145, 2910.2930000000001201, 0, 2914.7179999999998472, 0, 2910.2930000000001201, 1
2914.7280000000000655, 53.103114692357280546, 2910.2989999999999782, 1, 2914.7280000000000655, 0, 2910.2989999999999782, 0, 2914.7280000000000655, 70.012670681421212748, 2910.2989999999999782, 0, 2914.7280000000000655, 129.50665103516763565, 2910.2989999999999782, 1
2914.7480000000000473, 33.172806111922064076, 2910.3029999999998836, 1, 2914.7480000000000473, 0, 2910.3029999999998836, 0, 2914.7480000000000473, 25.190376574501271989, 2910.3029999999998836, 0, 2914.7480000000000473, 65.401978929584799971, 2910.3029999999998836, 1
2914.7579999999998108, 9.140968711980598016, 2910.3090000000001965, 1, 2914.7579999999998108, 0, 2910.3090000000001965, 0, 2914.7579999999998108, 26.219127483984706828, 2910.3090000000001965, 0, 2914.7579999999998108, 15.709650360691227888, 2910.3090000000001965, 1
2914.7590000000000146, 24.443479979380434486, 2910.3130000000001019, 1, 2914.7590000000000146, 0, 2910.3130000000001019, 0, 2914.7590000000000146, 32.275091414053463268, 2910.3130000000001019, 0, 2914.7590000000000146, 18.673063056747185584, 2910.3130000000001019, 1
2914.7680000000000291, 53.720608271152471502, 2910.318000000000211, 1, 2914.7680000000000291, 0, 2910.318000000000211, 0, 2914.7680000000000291, 36.407209993992935892, 2910.318000000000211, 0, 2914.7680000000000291, 24.524506739053222759, 2910.318000000000211, 1
2914.7779999999997926, 73.902735945666933048, 2910.3229999999998654, 1, 2914.7779999999997926, 63.317219425850950643, 2910.3229999999998654, 0, 2914.7779999999997926, 39.889988477710303982, 2910.3229999999998654, 0, 2914.7779999999997926, 20.938033432225331865, 2910.3229999999998654, 1
2914.7880000000000109, 78.739257234990219558, 2910.3279999999999745, 1, 2914.7880000000000109, 52.565855920025086334, 2910.3279999999999745, 0, 2914.7880000000000109, 41.185864879171212749, 2910.3279999999999745, 0, 2914.7880000000000109, 18.679215811466743702, 2910.3279999999999745, 1
2914.7970000000000255, 75.723385278873649895, 2910.3339999999998327, 1, 2914.7970000000000255, 91.561461046117273099, 2910.3339999999998327, 0, 2914.7970000000000255, 81.648324037672807663, 2910.3339999999998327, 0, 2914.7970000000000255, 26.612703543610805923, 2910.3339999999998327, 1
2914.806999999999789, 40.296766445614665031, 2910.3380000000001928, 1, 2914.806999999999789, 114.8230617990279967, 2910.3380000000001928, 0, 2914.806999999999789, 99.449793006395253769, 2910.3380000000001928, 0, 2914.806999999999789, 63.735432271022077089, 2910.3380000000001928, 1
2914.81899999999996, 71.722116140790916461, 2910.3429999999998472, 1, 2914.81899999999996, 0, 2910.3429999999998472, 0, 2914.81899999999996, 0, 2910.3429999999998472, 0, 2914.81899999999996, 61.626982373174683971, 2910.3429999999998472, 1
2914.8270000000002256, 94.551463202526235818, 2910.3479999999999563, 1, 2914.8270000000002256, 0, 2910.3479999999999563, 0, 2914.8270000000002256, 0, 2910.3479999999999563, 0, 2914.8270000000002256, 66.406592859046298827, 2910.3479999999999563, 1
2914.8380000000001928, 108.45379383595121681, 2910.3530000000000655, 1, 2914.8380000000001928, 0, 2910.3530000000000655, 0, 2914.8380000000001928, 0, 2910.3530000000000655, 0, 2914.8380000000001928, 71.027569275550973771, 2910.3530000000000655, 1
2914.8479999999999563, 114.96761527009236659, 2910.36200000000008, 1, 2914.8479999999999563, 0, 2910.36200000000008, 0, 2914.8479999999999563, 0, 2910.36200000000008, 0, 2914.8479999999999563, 73.79351550120105685, 2910.36200000000008, 1
2914.8580000000001746, 118.004827502015047, 2910.362999999999829, 1, 2914.8580000000001746, 0, 2910.362999999999829, 0, 2914.8580000000001746, 0, 2910.362999999999829, 0, 2914.8580000000001746, 75.901365051670097728, 2910.362999999999829, 1
2914.8679999999999382, 119.49332517456997493, 2910.3679999999999382, 1, 2914.8679999999999382, 0, 2910.3679999999999382, 0, 2914.8679999999999382, 0, 2910.3679999999999382, 0, 2914.8679999999999382, 77.310973417471444691, 2910.3679999999999382, 1
2914.8780000000001564, 119.053099616401866, 2910.3739999999997963, 1, 2914.8780000000001564, 0, 2910.3739999999997963, 0, 2914.8780000000001564, 0, 2910.3739999999997963, 0, 2914.8780000000001564, 80.659183342277913198, 2910.3739999999997963, 1
2914.88799999999992, 118.60810410334275389, 2910.3780000000001564, 1, 2914.88799999999992, 0, 2910.3780000000001564, 0, 2914.88799999999992, 0, 2910.3780000000001564, 0, 2914.88799999999992, 82.630700284948218837, 2910.3780000000001564, 1
2914.8980000000001382, 116.599580359401088, 2910.3829999999998108, 1, 2914.8980000000001382, 0, 2910.3829999999998108, 0, 2914.8980000000001382, 0, 2910.3829999999998108, 0, 2914.8980000000001382, 87.597394149312322043, 2910.3829999999998108, 1
2914.9079999999999018, 114.7617260024108532, 2910.3890000000001237, 1, 2914.9079999999999018, 0, 2910.3890000000001237, 0, 2914.9079999999999018, 0, 2910.3890000000001237, 0, 2914.9079999999999018, 92.041659686078517666, 2910.3890000000001237, 1
2914.918999999999869, 112.12332636455153079, 2910.3930000000000291, 1, 2914.918999999999869, 0, 2910.3930000000000291, 0, 2914.918999999999869, 0, 2910.3930000000000291, 0, 2914.918999999999869, 98.070306886233225896, 2910.3930000000000291, 1
2914.9270000000001346, 111.93332599488846313, 2910.3980000000001382, 1, 2914.9270000000001346, 0, 2910.3980000000001382, 0, 2914.9270000000001346, 0, 2910.3980000000001382, 0, 2914.9270000000001346, 97.686169016498197948, 2910.3980000000001382, 1
2914.9380000000001019, 109.99864826177777388, 2910.4029999999997926, 1, 2914.9380000000001019, 0, 2910.4029999999997926, 0, 2914.9380000000001019, 0, 2910.4029999999997926, 0, 2914.9380000000001019, 101.06909071692632551, 2910.4029999999997926, 1
2914.9479999999998654, 107.43372096980752417, 2910.4079999999999018, 1, 2914.9479999999998654, 0, 2910.4079999999999018, 0, 2914.9479999999998654, 0, 2910.4079999999999018, 0, 2914.9479999999998654, 100.06474146565082606, 2910.4079999999999018, 1
2914.9580000000000837, 106.37837136678490424, 2910.4140000000002146, 1, 2914.9580000000000837, 0, 2910.4140000000002146, 0, 2914.9580000000000837, 0, 2910.4140000000002146, 0, 2914.9580000000000837, 101.56131681265165412, 2910.4140000000002146, 1
2914.9679999999998472, 105.44583483258794843, 2910.4180000000001201, 1, 2914.9679999999998472, 0, 2910.4180000000001201, 0, 2914.9679999999998472, 0, 2910.4180000000001201, 0, 2914.9679999999998472, 103.17217032126676202, 2910.4180000000001201, 1
2914.9780000000000655, 105.01106257036337865, 2910.4229999999997744, 1, 2914.9780000000000655, 0, 2910.4229999999997744, 0, 2914.9780000000000655, 0, 2910.4229999999997744, 0, 2914.9780000000000655, 107.35150853956227479, 2910.4229999999997744, 1
2914.987999999999829, 103.6929948411458895, 2910.4279999999998836, 1, 2914.987999999999829, 0, 2910.4279999999998836, 0, 2914.987999999999829, 0, 2910.4279999999998836, 0, 2914.987999999999829, 110.74983155593820072, 2910.4279999999998836, 1
2914.9980000000000473, 102.67331279893403462, 2910.4329999999999927, 1, 2914.9980000000000473, 0, 2910.4329999999999927, 0, 2914.9980000000000473, 0, 2910.4329999999999927, 0, 2914.9980000000000473, 112.49508252054786794, 2910.4329999999999927, 1
2915.0079999999998108, 100.46266311792942361, 2910.4380000000001019, 1, 2915.0079999999998108, 0, 2910.4380000000001019, 0, 2915.0079999999998108, 0, 2910.4380000000001019, 0, 2915.0079999999998108, 116.18278806206629383, 2910.4380000000001019, 1
2915.0180000000000291, 99.199417357506746384, 2910.44399999999996, 1, 2915.0180000000000291, 0, 2910.44399999999996, 0, 2915.0180000000000291, 0, 2910.44399999999996, 0, 2915.0180000000000291, 116.94784881886752714, 2910.44399999999996, 1
2915.0380000000000109, 98.566524694712114751, 2910.4490000000000691, 1, 2915.0380000000000109, 0, 2910.4490000000000691, 0, 2915.0380000000000109, 0, 2910.4490000000000691, 0, 2915.0380000000000109, 116.46075387470200724, 2910.4490000000000691, 1
2915.0380000000000109, 90.75542262118088388, 2910.4540000000001783, 1, 2915.0380000000000109, 311.31846053761330495, 2910.4540000000001783, 0, 2915.0380000000000109, 290.47876070338327281, 2910.4540000000001783, 0, 2915.0380000000000109, 114.78768154168295723, 2910.4540000000001783, 1
2915.0579999999999927, 14.649659813459365409, 2910.4589999999998327, 1, 2915.0579999999999927, 227.35630950766383762, 2910.4589999999998327, 0, 2915.0579999999999927, 218.30442994106368815, 2910.4589999999998327, 0, 2915.0579999999999927, 35.36539139619765848, 2910.4589999999998327, 1
2915.0590000000001965, 0, 2910.4630000000001928, 1, 2915.0590000000001965, 41.73063058023011962, 2910.4630000000001928, 0, 2915.0590000000001965, 56.062707115568116478, 2910.4630000000001928, 0, 2915.0590000000001965, 26.703267563227115033, 2910.4630000000001928, 1
2915.068000000000211, 0, 2910.4679999999998472, 1, 2915.068000000000211, 17.443244383421443899, 2910.4679999999998472, 0, 2915.068000000000211, 31.486108854951318392, 2910.4679999999998472, 0, 2915.068000000000211, 40.921325677715032043, 2910.4679999999998472, 1
2915.0779999999999745, 0, 2910.4729999999999563, 1, 2915.0779999999999745, 23.847596914553307101, 2910.4729999999999563, 0, 2915.0779999999999745, 21.948814286890190317, 2910.4729999999999563, 0, 2915.0779999999999745, 46.521284780068008047, 2910.4729999999999563, 1
2915.0880000000001928, 43.961322554112747696, 2910.4780000000000655, 1, 2915.0880000000001928, 41.8201295754922171, 2910.4780000000000655, 0, 2915.0880000000001928, 22.562739115816739854, 2910.4780000000000655, 0, 2915.0880000000001928, 50.011194306347228178, 2910.4780000000000655, 1
2915.0979999999999563, 48.391984640636501069, 2910.4839999999999236, 1, 2915.0979999999999563, 50.480689411161634439, 2910.4839999999999236, 1, 2915.0979999999999563, 23.189079776323136883, 2910.4839999999999236, 1, 2915.0979999999999563, 55.715137729938547295, 2910.4839999999999236, 1
2915.1179999999999382, 52.818216765851396133, 2910.487999999999829, 1, 2915.1179999999999382, 55.581731441165430851, 2910.487999999999829, 1, 2915.1179999999999382, 24.933686691065872765, 2910.487999999999829, 1, 2915.1179999999999382, 53.039218223469269731, 2910.487999999999829, 1
2915.1179999999999382, 56.369453713730720779, 2910.4929999999999382, 1, 2915.1179999999999382, 58.133104996115491758, 2910.4929999999999382, 1, 2915.1179999999999382, 26.043197402932840134, 2910.4929999999999382, 1, 2915.1179999999999382, 50.051246644898270688, 2910.4929999999999382, 1
2915.1280000000001564, 41.386898071783903674, 2910.4989999999997963, 1, 2915.1280000000001564, 58.998784400968204977, 2910.4989999999997963, 1, 2915.1280000000001564, 37.249733312531347451, 2910.4989999999997963, 1, 2915.1280000000001564, 36.165507475975410046, 2910.4989999999997963, 1
2915.1480000000001382, 0, 2910.5039999999999054, 1, 2915.1480000000001382, 72.61971901422886333, 2910.5039999999999054, 1, 2915.1480000000001382, 65.304828867654975966, 2910.5039999999999054, 1, 2915.1480000000001382, 0, 2910.5039999999999054, 1
2915.1480000000001382, 0, 2910.5079999999998108, 1, 2915.1480000000001382, 96.24528006047582096, 2910.5079999999998108, 1, 2915.1480000000001382, 78.653287140874141414, 2910.5079999999998108, 1, 2915.1480000000001382, 0, 2910.5079999999998108, 1
2915.1579999999999018, 0, 2910.51299999999992, 1, 2915.1579999999999018, 115.05318800757929409, 2910.51299999999992, 1, 2915.1579999999999018, 73.426182893006341601, 2910.51299999999992, 1, 2915.1579999999999018, 0, 2910.51299999999992, 1
2915.1779999999998836, 0, 2910.5180000000000291, 1, 2915.1779999999998836, 121.77862178680682348, 2910.5180000000000291, 1, 2915.1779999999998836, 71.852576815268676569, 2910.5180000000000291, 1, 2915.1779999999998836, 0, 2910.5180000000000291, 1
2915.1900000000000546, 0, 2910.5239999999998872, 1, 2915.1900000000000546, 126.1350764175708008, 2910.5239999999998872, 1, 2915.1900000000000546, 69.382481951505752704, 2910.5239999999998872, 1, 2915.1900000000000546, 0, 2910.5239999999998872, 1
2915.1990000000000691, 0, 2910.5279999999997926, 1, 2915.1990000000000691, 127.36335851975059086, 2910.5279999999997926, 1, 2915.1990000000000691, 70.583572002020574132, 2910.5279999999997926, 1, 2915.1990000000000691, 0, 2910.5279999999997926, 1
2915.1990000000000691, 0, 2910.5329999999999018, 1, 2915.1990000000000691, 128.46553033351221984, 2910.5329999999999018, 1, 2915.1990000000000691, 68.861859854923977764, 2910.5329999999999018, 1, 2915.1990000000000691, 0, 2910.5329999999999018, 1
2915.2179999999998472, 0, 2910.5390000000002146, 1, 2915.2179999999998472, 126.68764889839943066, 2910.5390000000002146, 1, 2915.2179999999998472, 72.24749676231887463, 2910.5390000000002146, 1, 2915.2179999999998472, 0, 2910.5390000000002146, 1
2915.2179999999998472, 0, 2910.5430000000001201, 1, 2915.2179999999998472, 124.7317535153731427, 2910.5430000000001201, 1, 2915.2179999999998472, 75.217127981589783303, 2910.5430000000001201, 1, 2915.2179999999998472, 0, 2910.5430000000001201, 1
2915.2280000000000655, 0, 2910.5479999999997744, 1, 2915.2280000000000655, 121.19545912181914105, 2910.5479999999997744, 1, 2915.2280000000000655, 82.616794653540608806, 2910.5479999999997744, 1, 2915.2280000000000655, 0, 2910.5479999999997744, 1
2915.237999999999829, 0, 2910.5529999999998836, 1, 2915.237999999999829, 119.65730305471655015, 2910.5529999999998836, 1, 2915.237999999999829, 84.254021826278801655, 2910.5529999999998836, 1, 2915.237999999999829, 0, 2910.5529999999998836, 1
2915.2590000000000146, 0, 2910.5590000000001965, 0, 2915.2590000000000146, 117.66507480465054414, 2910.5590000000001965, 1, 2915.2590000000000146, 89.155421310160519965, 2910.5590000000001965, 1, 2915.2590000000000146, 0, 2910.5590000000001965, 0
2915.2680000000000291, 0, 2910.5630000000001019, 0, 2915.2680000000000291, 115.12388354431963933, 2910.5630000000001019, 1, 2915.2680000000000291, 92.986299130777553046, 2910.5630000000001019, 1, 2915.2680000000000291, 0, 2910.5630000000001019, 0
2915.2800000000002001, 0, 2910.568000000000211, 0, 2915.2800000000002001, 112.0484838735748383, 2910.568000000000211, 1, 2915.2800000000002001, 89.80047599214391596, 2910.568000000000211, 1, 2915.2800000000002001, 0, 2910.568000000000211, 0
2915.2880000000000109, 0, 2910.5729999999998654, 0, 2915.2880000000000109, 108.84802471918655442, 2910.5729999999998654, 1, 2915.2880000000000109, 97.696088459758414047, 2910.5729999999998654, 1, 2915.2880000000000109, 0, 2910.5729999999998654, 0
2915.3079999999999927, 0, 2910.5779999999999745, 0, 2915.3079999999999927, 106.96757882864244493, 2910.5779999999999745, 1, 2915.3079999999999927, 101.45085057873987466, 2910.5779999999999745, 1, 2915.3079999999999927, 0, 2910.5779999999999745, 0
2915.31899999999996, 0, 2910.5830000000000837, 0, 2915.31899999999996, 104.89850960323386175, 2910.5830000000000837, 1, 2915.31899999999996, 103.90021680544998617, 2910.5830000000000837, 1, 2915.31899999999996, 0, 2910.5830000000000837, 0
2915.31899999999996, 0, 2910.5880000000001928, 0, 2915.31899999999996, 102.94532492295093107, 2910.5880000000001928, 1, 2915.31899999999996, 106.88152977070264171, 2910.5880000000001928, 1, 2915.31899999999996, 0, 2910.5880000000001928, 0
2915.3369999999999891, 0, 2910.5929999999998472, 0, 2915.3369999999999891, 99.95935948184066433, 2910.5929999999998472, 1, 2915.3369999999999891, 107.20025310531374885, 2910.5929999999998472, 1, 2915.3369999999999891, 0, 2910.5929999999998472, 0
2915.3380000000001928, 0, 2910.5990000000001601, 0, 2915.3380000000001928, 97.947446270821032499, 2910.5990000000001601, 1, 2915.3380000000001928, 109.6900715383942071, 2910.5990000000001601, 1, 2915.3380000000001928, 0, 2910.5990000000001601, 0
2915.3470000000002074, 309.2062993912827551, 2910.6030000000000655, 0, 2915.3470000000002074, 90.550764785396353318, 2910.6030000000000655, 1, 2915.3470000000002074, 109.30782322767474568, 2910.6030000000000655, 1, 2915.3470000000002074, 0, 2910.6030000000000655, 0
2915.3580000000001746, 301.18702880314259573, 2910.6080000000001746, 0, 2915.3580000000001746, 28.454618977631014332, 2910.6080000000001746, 1, 2915.3580000000001746, 118.6389861469186684, 2910.6080000000001746, 1, 2915.3580000000001746, 0, 2910.6080000000001746, 0
2915.3690000000001419, 228.0220110625152472, 2910.612999999999829, 0, 2915.3690000000001419, 1.4707409505133943739, 2910.612999999999829, 1, 2915.3690000000001419, 114.4591891035672262, 2910.612999999999829, 1, 2915.3690000000001419, 0, 2910.612999999999829, 0
2915.3789999999999054, 66.404007666222042872, 2910.6179999999999382, 0, 2915.3789999999999054, 0, 2910.6179999999999382, 1, 2915.3789999999999054, 71.698776749534104624, 2910.6179999999999382, 1, 2915.3789999999999054, 116.02163373922533651, 2910.6179999999999382, 0
2915.3969999999999345, 26.373829345136115876, 2910.6230000000000473, 0, 2915.3969999999999345, 0, 2910.6230000000000473, 1, 2915.3969999999999345, 32.491177160986019601, 2910.6230000000000473, 1, 2915.3969999999999345, 58.40818220588144527, 2910.6230000000000473, 0
2915.3980000000001382, 13.719690082886858207, 2910.6280000000001564, 0, 2915.3980000000001382, 0, 2910.6280000000001564, 1, 2915.3980000000001382, 27.46451760539243736, 2910.6280000000001564, 1, 2915.3980000000001382, 25.16875867664894173, 2910.6280000000001564, 0
2915.4090000000001055, 25.810414983807614675, 2910.6329999999998108, 0, 2915.4090000000001055, 0, 2910.6329999999998108, 1, 2915.4090000000001055, 30.616690183980693973, 2910.6329999999998108, 1, 2915.4090000000001055, 25.140297469370292305, 2910.6329999999998108, 0
2915.418999999999869, 53.420661408073087273, 2910.63799999999992, 0, 2915.418999999999869, 46.558226289275097542, 2910.63799999999992, 1, 2915.418999999999869, 35.413331099620144471, 2910.63799999999992, 1, 2915.418999999999869, 26.622492040738467978, 2910.63799999999992, 0
2915.4279999999998836, 70.930790069745341953, 2910.6430000000000291, 0, 2915.4279999999998836, 44.116120143733226655, 2910.6430000000000291, 1, 2915.4279999999998836, 38.653835229750406199, 2910.6430000000000291, 1, 2915.4279999999998836, 21.156064121087617025, 2910.6430000000000291, 0
2915.4389999999998508, 75.290801616701955368, 2910.6489999999998872, 0, 2915.4389999999998508, 51.272913468237071299, 2910.6489999999998872, 1, 2915.4389999999998508, 39.957641081884801793, 2910.6489999999998872, 1, 2915.4389999999998508, 20.9404242557803002, 2910.6489999999998872, 0
2915.4479999999998654, 55.231304630552571666, 2910.6529999999997926, 0, 2915.4479999999998654, 119.43485256457954335, 2910.6529999999997926, 1, 2915.4479999999998654, 153.1550516004298288, 2910.6529999999997926, 1, 2915.4479999999998654, 40.391000912393096201, 2910.6529999999997926, 0
2915.4580000000000837, 37.956354042821374151, 2910.6579999999999018, 0, 2915.4580000000000837, 20.239119767825698659, 2910.6579999999999018, 1, 2915.4580000000000837, 91.272251288409051995, 2910.6579999999999018, 1, 2915.4580000000000837, 35.889375436925249119, 2910.6579999999999018, 0
2915.4679999999998472, 71.366995443725670611, 2910.6640000000002146, 0, 2915.4679999999998472, 0, 2910.6640000000002146, 1, 2915.4679999999998472, 0, 2910.6640000000002146, 1, 2915.4679999999998472, 51.852841863706188974, 2910.6640000000002146, 0
2915.4780000000000655, 92.752812990111294766, 2910.6669999999999163, 0, 2915.4780000000000655, 0, 2910.6669999999999163, 1, 2915.4780000000000655, 0, 2910.6669999999999163, 1, 2915.4780000000000655, 65.62787851769843428, 2910.6669999999999163, 0
2915.487999999999829, 107.5902210838675046, 2910.6729999999997744, 0, 2915.487999999999829, 0, 2910.6729999999997744, 1, 2915.487999999999829, 0, 2910.6729999999997744, 1, 2915.487999999999829, 72.08270522994894236, 2910.6729999999997744, 0
2915.5, 115.34053781028993058, 2910.6779999999998836, 0, 2915.5, 0, 2910.6779999999998836, 1, 2915.5, 0, 2910.6779999999998836, 1, 2915.5, 73.449833798472297985, 2910.6779999999998836, 0
2915.5079999999998108, 118.3509619633456964, 2910.6840000000001965, 0, 2915.5079999999998108, 0, 2910.6840000000001965, 1, 2915.5079999999998108, 0, 2910.6840000000001965, 1, 2915.5079999999998108, 74.961758901144037281, 2910.6840000000001965, 0
2915.5180000000000291, 119.77571915258289437, 2910.6889999999998508, 0, 2915.5180000000000291, 0, 2910.6889999999998508, 1, 2915.5180000000000291, 0, 2910.6889999999998508, 1, 2915.5180000000000291, 75.896112740582822198, 2910.6889999999998508, 0
2915.5279999999997926, 119.88527234643903796, 2910.693000000000211, 0, 2915.5279999999997926, 0, 2910.693000000000211, 1, 2915.5279999999997926, 0, 2910.693000000000211, 1, 2915.5279999999997926, 78.519406357954039777, 2910.693000000000211, 0
2915.5380000000000109, 119.00746907008442577, 2910.6979999999998654, 0, 2915.5380000000000109, 0, 2910.6979999999998654, 1, 2915.5380000000000109, 0, 2910.6979999999998654, 1, 2915.5380000000000109, 81.295989990397700353, 2910.6979999999998654, 0
2915.5479999999997744, 117.1012882574699745, 2910.7040000000001783, 0, 2915.5479999999997744, 0, 2910.7040000000001783, 1, 2915.5479999999997744, 0, 2910.7040000000001783, 1, 2915.5479999999997744, 86.68518425105769154, 2910.7040000000001783, 0
2915.5590000000001965, 115.55175590524125084, 2910.7080000000000837, 0, 2915.5590000000001965, 0, 2910.7080000000000837, 1, 2915.5590000000001965, 0, 2910.7080000000000837, 1, 2915.5590000000001965, 90.126873171478507629, 2910.7080000000000837, 0
2915.568000000000211, 113.95838722734423243, 2910.7130000000001928, 0, 2915.568000000000211, 0, 2910.7130000000001928, 1, 2915.568000000000211, 0, 2910.7130000000001928, 1, 2915.568000000000211, 93.846109931082082767, 2910.7130000000001928, 0
2915.5779999999999745, 111.77827087996149658, 2910.7179999999998472, 0, 2915.5779999999999745, 0, 2910.7179999999998472, 1, 2915.5779999999999745, 0, 2910.7179999999998472, 1, 2915.5779999999999745, 98.365443939276133278, 2910.7179999999998472, 0
2915.5869999999999891, 110.8767801031931981, 2910.7229999999999563, 0, 2915.5869999999999891, 0, 2910.7229999999999563, 1, 2915.5869999999999891, 0, 2910.7229999999999563, 1, 2915.5869999999999891, 99.066313643039890735, 2910.7229999999999563, 0
2915.5990000000001601, 109.30071484753938194, 2910.7289999999998145, 0, 2915.5990000000001601, 0, 2910.7289999999998145, 1, 2915.5990000000001601, 0, 2910.7289999999998145, 1, 2915.5990000000001601, 101.75526009490666013, 2910.7289999999998145, 0
2915.6069999999999709, 108.07767025637625125, 2910.7339999999999236, 0, 2915.6069999999999709, 0, 2910.7339999999999236, 1, 2915.6069999999999709, 0, 2910.7339999999999236, 1, 2915.6069999999999709, 102.26927559743575102, 2910.7339999999999236, 0
2915.6170000000001892, 106.74908997784862663, 2910.737999999999829, 0, 2915.6170000000001892, 0, 2910.737999999999829, 1, 2915.6170000000001892, 0, 2910.737999999999829, 1, 2915.6170000000001892, 104.22132128635171, 2910.737999999999829, 0
2915.6280000000001564, 105.4741672963521637, 2910.7429999999999382, 0, 2915.6280000000001564, 0, 2910.7429999999999382, 1, 2915.6280000000001564, 0, 2910.7429999999999382, 1, 2915.6280000000001564, 106.75065676517283464, 2910.7429999999999382, 0
2915.637000000000171, 104.20255988711545569, 2910.7480000000000473, 0, 2915.637000000000171, 0, 2910.7480000000000473, 1, 2915.637000000000171, 0, 2910.7480000000000473, 1, 2915.637000000000171, 110.31049101404943258, 2910.7480000000000473, 0
2915.6480000000001382, 102.57899439642966399, 2910.7530000000001564, 0, 2915.6480000000001382, 0, 2910.7530000000001564, 1, 2915.6480000000001382, 0, 2910.7530000000001564, 1, 2915.6480000000001382, 111.29676286941065655, 2910.7530000000001564, 0
2915.6590000000001055, 101.04333861488254342, 2910.7590000000000146, 0, 2915.6590000000001055, 0, 2910.7590000000000146, 1, 2915.6590000000001055, 0, 2910.7590000000000146, 1, 2915.6590000000001055, 113.60884647882903664, 2910.7590000000000146, 0
2915.68100000000004, 98.762076336105707242, 2910.76299999999992, 0, 2915.68100000000004, 0, 2910.76299999999992, 1, 2915.68100000000004, 0, 2910.76299999999992, 1, 2915.68100000000004, 116.37844297214854805, 2910.76299999999992, 0
2915.68100000000004, 98.553605647375860599, 2910.7680000000000291, 0, 2915.68100000000004, 0, 2910.7680000000000291, 1, 2915.68100000000004, 0, 2910.7680000000000291, 1, 2915.68100000000004, 115.81430659918726178, 2910.7680000000000291, 0
2915.6880000000001019, 66.065442004086477823, 2910.7739999999998872, 0, 2915.6880000000001019, 315.3853871012744321, 2910.7739999999998872, 1, 2915.6880000000001019, 0, 2910.7739999999998872, 1, 2915.6880000000001019, 115.30462806769762096, 2910.7739999999998872, 0
2915.7089999999998327, 12.130992085255316582, 2910.7789999999999964, 0, 2915.7089999999998327, 219.79222295412427002, 2910.7789999999999964, 1, 2915.7089999999998327, 221.12093515483496731, 2910.7789999999999964, 1, 2915.7089999999998327, 60.291738902811843559, 2910.7789999999999964, 0
2915.7089999999998327, 0, 2910.7829999999999018, 0, 2915.7089999999998327, 35.875487878864646518, 2910.7829999999999018, 1, 2915.7089999999998327, 51.925287640852154425, 2910.7829999999999018, 1, 2915.7089999999998327, 23.747593218133502546, 2910.7829999999999018, 0
2915.7179999999998472, 0, 2910.7880000000000109, 0, 2915.7179999999998472, 9.4917316535324278703, 2910.7880000000000109, 1, 2915.7179999999998472, 24.384319189218757629, 2910.7880000000000109, 1, 2915.7179999999998472, 39.493491293255161168, 2910.7880000000000109, 0
2915.7390000000000327, 0, 2910.7930000000001201, 0, 2915.7390000000000327, 13.084156243031124234, 2910.7930000000001201, 1, 2915.7390000000000327, 17.368962537530055812, 2910.7930000000001201, 1, 2915.7390000000000327, 45.522144894996003472, 2910.7930000000001201, 0
2915.7390000000000327, 0, 2910.7979999999997744, 0, 2915.7390000000000327, 33.770123469743310807, 2910.7979999999997744, 1, 2915.7390000000000327, 19.984077955520234582, 2910.7979999999997744, 1, 2915.7390000000000327, 50.472929337434365493, 2910.7979999999997744, 0
2915.7579999999998108, 58.318609225427692877, 2910.8029999999998836, 0, 2915.7579999999998108, 54.747502272680421243, 2910.8029999999998836, 1, 2915.7579999999998108, 25.322266120034747416, 2910.8029999999998836, 1, 2915.7579999999998108, 53.507149345320307532, 2910.8029999999998836, 0
2915.7680000000000291, 57.948722650656776523, 2910.8079999999999927, 1, 2915.7680000000000291, 58.157604788794657225, 2910.8079999999999927, 1, 2915.7680000000000291, 26.004999000239934048, 2910.8079999999999927, 1, 2915.7680000000000291, 55.805857101545157661, 2910.8079999999999927, 1
2915.7789999999999964, 61.204395075486537792, 2910.8139999999998508, 1, 2915.7789999999999964, 58.525070534319141302, 2910.8139999999998508, 1, 2915.7789999999999964, 27.209721528900665533, 2910.8139999999998508, 1, 2915.7789999999999964, 54.635510183474451651, 2910.8139999999998508, 1
2915.7789999999999964, 46.665656237576015997, 2910.818000000000211, 1, 2915.7789999999999964, 56.558746372464312913, 2910.818000000000211, 1, 2915.7789999999999964, 40.832707158851377471, 2910.818000000000211, 1, 2915.7789999999999964, 41.237590706514062333, 2910.818000000000211, 1
2915.7880000000000109, 0, 2910.8229999999998654, 1, 2915.7880000000000109, 76.697512095259469334, 2910.8229999999998654, 1, 2915.7880000000000109, 69.352944123065213944, 2910.8229999999998654, 1, 2915.7880000000000109, 0, 2910.8229999999998654, 1
2915.7979999999997744, 0, 2910.8279999999999745, 1, 2915.7979999999997744, 99.030695682281731251, 2910.8279999999999745, 1, 2915.7979999999997744, 79.525140868034441155, 2910.8279999999999745, 1, 2915.7979999999997744, 0, 2910.8279999999999745, 1
2915.8099999999999454, 0, 2910.8330000000000837, 1, 2915.8099999999999454, 113.45777230046914497, 2910.8330000000000837, 1, 2915.8099999999999454, 76.902906437807928341, 2910.8330000000000837, 1, 2915.8099999999999454, 0, 2910.8330000000000837, 1
2915.8170000000000073, 0, 2910.8380000000001928, 1, 2915.8170000000000073, 121.74020878076264296, 2910.8380000000001928, 1, 2915.8170000000000073, 76.360637030605772679, 2910.8380000000001928, 1, 2915.8170000000000073, 0, 2910.8380000000001928, 1
2915.8270000000002256, 0, 2910.8429999999998472, 1, 2915.8270000000002256, 126.29783189914940067, 2910.8429999999998472, 1, 2915.8270000000002256, 70.687358446274231483, 2910.8429999999998472, 1, 2915.8270000000002256, 0, 2910.8429999999998472, 1
2915.8369999999999891, 0, 2910.8479999999999563, 1, 2915.8369999999999891, 126.27077676757438951, 2910.8479999999999563, 1, 2915.8369999999999891, 71.525849870841824441, 2910.8479999999999563, 1, 2915.8369999999999891, 0, 2910.8479999999999563, 1
2915.8470000000002074, 0, 2910.8530000000000655, 1, 2915.8470000000002074, 126.87873719864138877, 2910.8530000000000655, 1, 2915.8470000000002074, 71.531040505278383534, 2910.8530000000000655, 1, 2915.8470000000002074, 0, 2910.8530000000000655, 1
2915.8589999999999236, 0, 2910.8569999999999709, 1, 2915.8589999999999236, 125.2675975099572554, 2910.8569999999999709, 1, 2915.8589999999999236, 74.33713572621488197, 2910.8569999999999709, 1, 2915.8589999999999236, 0, 2910.8569999999999709, 1
2915.8679999999999382, 0, 2910.8640000000000327, 1, 2915.8679999999999382, 123.49950634471659328, 2910.8640000000000327, 1, 2915.8679999999999382, 77.134731690065621024, 2910.8640000000000327, 1, 2915.8679999999999382, 0, 2910.8640000000000327, 1
2915.8780000000001564, 0, 2910.8679999999999382, 1, 2915.8780000000001564, 120.78750683123497822, 2910.8679999999999382, 1, 2915.8780000000001564, 81.947739585163418496, 2910.8679999999999382, 1, 2915.8780000000001564, 0, 2910.8679999999999382, 1
2915.88799999999992, 0, 2910.8710000000000946, 1, 2915.88799999999992, 117.66816565891836888, 2910.8710000000000946, 1, 2915.88799999999992, 87.813149274461437699, 2910.8710000000000946, 1, 2915.88799999999992, 0, 2910.8710000000000946, 1
2915.8969999999999345, 0, 2910.8850000000002183, 1, 2915.8969999999999345, 115.64557121619321833, 2910.8850000000002183, 0, 2915.8969999999999345, 91.005580377503292766, 2910.8850000000002183, 0, 2915.8969999999999345, 0, 2910.8850000000002183, 1
2915.9090000000001055, 0, 2910.8850000000002183, 1, 2915.9090000000001055, 113.16819924985898638, 2910.8850000000002183, 0, 2915.9090000000001055, 94.548333987600940986, 2910.8850000000002183, 0, 2915.9090000000001055, 0, 2910.8850000000002183, 1
2915.9180000000001201, 0, 2910.8890000000001237, 1, 2915.9180000000001201, 110.76964791879791505, 2910.8890000000001237, 0, 2915.9180000000001201, 97.591709358608085267, 2910.8890000000001237, 0, 2915.9180000000001201, 0, 2910.8890000000001237, 1
2915.9380000000001019, 0, 2910.8930000000000291, 1, 2915.9380000000001019, 109.73544284474043309, 2910.8930000000000291, 0, 2915.9380000000001019, 98.852489380958189713, 2910.8930000000000291, 0, 2915.9380000000001019, 0, 2910.8930000000000291, 1
2915.9479999999998654, 0, 2910.8980000000001382, 1, 2915.9479999999998654, 105.74208440121100239, 2910.8980000000001382, 0, 2915.9479999999998654, 99.184094572348229235, 2910.8980000000001382, 0, 2915.9479999999998654, 0, 2910.8980000000001382, 1
2915.9690000000000509, 0, 2910.9029999999997926, 1, 2915.9690000000000509, 102.71460433499539988, 2910.9029999999997926, 0, 2915.9690000000000509, 102.74582649874074036, 2910.9029999999997926, 0, 2915.9690000000000509, 0, 2910.9029999999997926, 1
2915.9699999999997999, 0, 2910.9079999999999018, 1, 2915.9699999999997999, 100.66567591524766101, 2910.9079999999999018, 0, 2915.9699999999997999, 105.9724408644527216, 2910.9079999999999018, 0, 2915.9699999999997999, 0, 2910.9079999999999018, 1
2915.9899999999997817, 0, 2910.9119999999998072, 1, 2915.9899999999997817, 98.413025871898042851, 2910.9119999999998072, 0, 2915.9899999999997817, 109.57959522186902745, 2910.9119999999998072, 0, 2915.9899999999997817, 0, 2910.9119999999998072, 1
2916, 0, 2910.9180000000001201, 1, 2916, 96.706611267257457598, 2910.9180000000001201, 0, 2916, 113.60494402434771644, 2910.9180000000001201, 0, 2916, 0, 2910.9180000000001201, 1
2916.0100000000002183, 316.49172182598198333, 2910.9229999999997744, 1, 2916.0100000000002183, 79.660173662082627288, 2910.9229999999997744, 0, 2916.0100000000002183, 110.37629666062116485, 2910.9229999999997744, 0, 2916.0100000000002183, 0, 2910.9229999999997744, 1
2916.0199999999999818, 311.51315575548142078, 2910.9270000000001346, 1, 2916.0199999999999818, 21.481587807097213272, 2910.9270000000001346, 0, 2916.0199999999999818, 120.47581152686773009, 2910.9270000000001346, 0, 2916.0199999999999818, 0, 2910.9270000000001346, 1
2916.0199999999999818, 193.82553837277171738, 2910.9340000000001965, 1, 2916.0199999999999818, 0.4098794754680789576, 2910.9340000000001965, 0, 2916.0199999999999818, 108.87158169667922891, 2910.9340000000001965, 0, 2916.0199999999999818, 0, 2910.9340000000001965, 1
2916.0390000000002146, 35.356239009125758344, 2910.9380000000001019, 1, 2916.0390000000002146, 0, 2910.9380000000001019, 0, 2916.0390000000002146, 65.123584593810448951, 2910.9380000000001019, 0, 2916.0390000000002146, 109.94601110676353528, 2910.9380000000001019, 1
2916.0399999999999636, 21.430623962253470438, 2910.943000000000211, 1, 2916.0399999999999636, 0, 2910.943000000000211, 0, 2916.0399999999999636, 26.000325469028766179, 2910.943000000000211, 0, 2916.0399999999999636, 44.500489923989086094, 2910.943000000000211, 1
2916.0500000000001819, 19.105557782013434576, 2910.9490000000000691, 1, 2916.0500000000001819, 0, 2910.9490000000000691, 0, 2916.0500000000001819, 27.396235076826020105, 2910.9490000000000691, 0, 2916.0500000000001819, 26.567387097192703749, 2910.9490000000000691, 1
2916.0599999999999454, 35.192002751654669623, 2910.9529999999999745, 1, 2916.0599999999999454, 0, 2910.9529999999999745, 0, 2916.0599999999999454, 32.148011659790462602, 2910.9529999999999745, 0, 2916.0599999999999454, 26.347270767331316677, 2910.9529999999999745, 1
2916.0709999999999127, 61.336563715251969597, 2910.9580000000000837, 1, 2916.0709999999999127, 0, 2910.9580000000000837, 0, 2916.0709999999999127, 36.547812300895543558, 2910.9580000000000837, 0, 2916.0709999999999127, 30.271342781771188868, 2910.9580000000000837, 1
2916.0819999999998799, 76.360477941280677783, 2910.9630000000001928, 1, 2916.0819999999998799, 72.219402697143777914, 2910.9630000000001928, 0, 2916.0819999999998799, 38.671170356582940997, 2910.9630000000001928, 0, 2916.0819999999998799, 24.404867756187936578, 2910.9630000000001928, 1
2916.0900000000001455, 77.377484064082182158, 2910.9679999999998472, 1, 2916.0900000000001455, 57.96703794089499695, 2910.9679999999998472, 0, 2916.0900000000001455, 38.81844597895193516, 2910.9679999999998472, 0, 2916.0900000000001455, 21.313207980505389116, 2910.9679999999998472, 1
2916.1010000000001128, 43.82998348285831014, 2910.9729999999999563, 1, 2916.1010000000001128, 114.44525336561389395, 2910.9729999999999563, 0, 2916.1010000000001128, 163.74006573185573643, 2910.9729999999999563, 0, 2916.1010000000001128, 43.586600290766639887, 2910.9729999999999563, 1
2916.1199999999998909, 46.473686150643416681, 2910.9780000000000655, 1, 2916.1199999999998909, 0, 2910.9780000000000655, 0, 2916.1199999999998909, 0, 2910.9780000000000655, 0, 2916.1199999999998909, 45.56917916929968726, 2910.9780000000000655, 1
2916.1199999999998909, 77.840648107245684173, 2910.9830000000001746, 1, 2916.1199999999998909, 0, 2910.9830000000001746, 0, 2916.1199999999998909, 0, 2910.9830000000001746, 0, 2916.1199999999998909, 60.914854034823520124, 2910.9830000000001746, 1
2916.1300000000001091, 99.03015640295065225, 2910.987999999999829, 1, 2916.1300000000001091, 0, 2910.987999999999829, 0, 2916.1300000000001091, 0, 2910.987999999999829, 0, 2916.1300000000001091, 69.879952389494491172, 2910.987999999999829, 1
2916.1399999999998727, 110.90054503579563061, 2910.9920000000001892, 1, 2916.1399999999998727, 0, 2910.9920000000001892, 0, 2916.1399999999998727, 0, 2910.9920000000001892, 0, 2916.1399999999998727, 73.060153371468544492, 2910.9920000000001892, 1
2916.1500000000000909, 117.00118662606104181, 2910.9980000000000473, 1, 2916.1500000000000909, 0, 2910.9980000000000473, 0, 2916.1500000000000909, 0, 2910.9980000000000473, 0, 2916.1500000000000909, 74.480992350044033401, 2910.9980000000000473, 1
2916.1599999999998545, 119.79253691429474316, 2911.0030000000001564, 1, 2916.1599999999998545, 0, 2911.0030000000001564, 0, 2916.1599999999998545, 0, 2911.0030000000001564, 0, 2916.1599999999998545, 74.2394812621709832, 2911.0030000000001564, 1
2916.1700000000000728, 120.3048924985547643, 2911.0090000000000146, 1, 2916.1700000000000728, 0, 2911.0090000000000146, 0, 2916.1700000000000728, 0, 2911.0090000000000146, 0, 2916.1700000000000728, 75.422466741972257864, 2911.0090000000000146, 1
2916.1799999999998363, 120.27832650965990524, 2911.01299999999992, 1, 2916.1799999999998363, 0, 2911.01299999999992, 0, 2916.1799999999998363, 0, 2911.01299999999992, 0, 2916.1799999999998363, 78.188028840374670381, 2911.01299999999992, 1
2916.1889999999998508, 118.89002189866167214, 2911.0189999999997781, 1, 2916.1889999999998508, 0, 2911.0189999999997781, 0, 2916.1889999999998508, 0, 2911.0189999999997781, 0, 2916.1889999999998508, 81.475221239864310974, 2911.0189999999997781, 1
2916.1999999999998181, 117.17512269385791512, 2911.0230000000001382, 1, 2916.1999999999998181, 0, 2911.0230000000001382, 0, 2916.1999999999998181, 0, 2911.0230000000001382, 0, 2916.1999999999998181, 86.889326034963247025, 2911.0230000000001382, 1
2916.2100000000000364, 115.06022846506874657, 2911.0279999999997926, 1, 2916.2100000000000364, 0, 2911.0279999999997926, 0, 2916.2100000000000364, 0, 2911.0279999999997926, 0, 2916.2100000000000364, 91.298782703712959119, 2911.0279999999997926, 1
2916.2210000000000036, 113.60313721612317295, 2911.0329999999999018, 1, 2916.2210000000000036, 0, 2911.0329999999999018, 0, 2916.2210000000000036, 0, 2911.0329999999999018, 0, 2916.2210000000000036, 94.606122333570169758, 2911.0329999999999018, 1
2916.2300000000000182, 111.83959544669852448, 2911.0380000000000109, 1, 2916.2300000000000182, 0, 2911.0380000000000109, 0, 2916.2300000000000182, 0, 2911.0380000000000109, 0, 2916.2300000000000182, 97.965475557281692431, 2911.0380000000000109, 1
2916.2399999999997817, 108.71484848307861171, 2911.0430000000001201, 1, 2916.2399999999997817, 0, 2911.0430000000001201, 0, 2916.2399999999997817, 0, 2911.0430000000001201, 0, 2916.2399999999997817, 99.727624128320172758, 2911.0430000000001201, 1
2916.2590000000000146, 103.20369766352868623, 2911.0500000000001819, 1, 2916.2590000000000146, 0, 2911.0500000000001819, 0, 2916.2590000000000146, 0, 2911.0500000000001819, 0, 2916.2590000000000146, 97.387514834172250744, 2911.0500000000001819, 1
2916.2590000000000146, 102.74499017169290482, 2911.0529999999998836, 1, 2916.2590000000000146, 0, 2911.0529999999998836, 0, 2916.2590000000000146, 0, 2911.0529999999998836, 0, 2916.2590000000000146, 101.22313420856841049, 2911.0529999999998836, 1
2916.2699999999999818, 106.1769502781972534, 2911.0590000000001965, 1, 2916.2699999999999818, 0, 2911.0590000000001965, 0, 2916.2699999999999818, 0, 2911.0590000000001965, 0, 2916.2699999999999818, 104.13431555547651897, 2911.0590000000001965, 1
2916.2800000000002001, 107.81239187774733068, 2911.0630000000001019, 1, 2916.2800000000002001, 0, 2911.0630000000001019, 0, 2916.2800000000002001, 0, 2911.0630000000001019, 0, 2916.2800000000002001, 106.69087553456982675, 2911.0630000000001019, 1
2916.2899999999999636, 106.35133098875564883, 2911.068000000000211, 1, 2916.2899999999999636, 0, 2911.068000000000211, 0, 2916.2899999999999636, 0, 2911.068000000000211, 0, 2916.2899999999999636, 110.25538900797498343, 2911.068000000000211, 1
2916.3000000000001819, 104.16119861399189972, 2911.0729999999998654, 1, 2916.3000000000001819, 0, 2911.0729999999998654, 0, 2916.3000000000001819, 0, 2911.0729999999998654, 0, 2916.3000000000001819, 114.16158244714426928, 2911.0729999999998654, 1
2916.3099999999999454, 101.80217780752812473, 2911.0779999999999745, 1, 2916.3099999999999454, 0, 2911.0779999999999745, 0, 2916.3099999999999454, 0, 2911.0779999999999745, 0, 2916.3099999999999454, 115.45745250893313028, 2911.0779999999999745, 1
2916.3200000000001637, 98.215369393659216257, 2911.0839999999998327, 1, 2916.3200000000001637, 0, 2911.0839999999998327, 0, 2916.3200000000001637, 0, 2911.0839999999998327, 0, 2916.3200000000001637, 113.51262077312360077, 2911.0839999999998327, 1
2916.3400000000001455, 98.11696646578120351, 2911.0880000000001928, 1, 2916.3400000000001455, 332.03370571877201201, 2911.0880000000001928, 0, 2916.3400000000001455, 0, 2911.0880000000001928, 0, 2916.3400000000001455, 111.14032305605968531, 2911.0880000000001928, 1
2916.3400000000001455, 50.763841754814563956, 2911.0929999999998472, 1, 2916.3400000000001455, 324.54720620789987606, 2911.0929999999998472, 0, 2916.3400000000001455, 192.35662608874034163, 2911.0929999999998472, 0, 2916.3400000000001455, 115.91795832889636131, 2911.0929999999998472, 1
2916.3490000000001601, 6.0001062125018993498, 2911.0990000000001601, 1, 2916.3490000000001601, 138.98750702250879385, 2911.0990000000001601, 0, 2916.3490000000001601, 163.53804029949554888, 2911.0990000000001601, 0, 2916.3490000000001601, 46.825359005497773524, 2911.0990000000001601, 1
2916.3589999999999236, 0, 2911.1030000000000655, 1, 2916.3589999999999236, 29.918246425732771598, 2911.1030000000000655, 0, 2916.3589999999999236, 54.608786601133942895, 2911.1030000000000655, 0, 2916.3589999999999236, 38.519848509218903132, 2911.1030000000000655, 1
2916.3699999999998909, 0, 2911.1080000000001746, 1, 2916.3699999999998909, 11.890765974656668291, 2911.1080000000001746, 0, 2916.3699999999998909, 27.753308751540728849, 2911.1080000000001746, 0, 2916.3699999999998909, 41.989371860472033404, 2911.1080000000001746, 1
2916.3789999999999054, 0, 2911.1140000000000327, 1, 2916.3789999999999054, 19.062055216123997781, 2911.1140000000000327, 0, 2916.3789999999999054, 20.942004862077787664, 2911.1140000000000327, 0, 2916.3789999999999054, 45.504062856286573435, 2911.1140000000000327, 1
2916.3890000000001237, 0, 2911.1179999999999382, 1, 2916.3890000000001237, 40.752684596894155789, 2911.1179999999999382, 0, 2916.3890000000001237, 23.414006606888236206, 2911.1179999999999382, 0, 2916.3890000000001237, 48.520355524191081997, 2911.1179999999999382, 1
2916.3989999999998872, 67.436225244586537997, 2911.1230000000000473, 1, 2916.3989999999998872, 55.433626254799428068, 2911.1230000000000473, 0, 2916.3989999999998872, 26.848504864233440514, 2911.1230000000000473, 0, 2916.3989999999998872, 52.649288072107559344, 2911.1230000000000473, 1
2916.4099999999998545, 58.84395014617194164, 2911.1280000000001564, 1, 2916.4099999999998545, 56.151365897869467858, 2911.1280000000001564, 0, 2916.4099999999998545, 27.610148242970758758, 2911.1280000000001564, 0, 2916.4099999999998545, 52.683351502404597966, 2911.1280000000001564, 1
2916.4200000000000728, 56.089567009015325993, 2911.1329999999998108, 1, 2916.4200000000000728, 59.060887267471116502, 2911.1329999999998108, 1, 2916.4200000000000728, 28.10920189692662774, 2911.1329999999998108, 1, 2916.4200000000000728, 41.805486985526961519, 2911.1329999999998108, 1
2916.4299999999998363, 46.604218163780032569, 2911.13799999999992, 1, 2916.4299999999998363, 59.445192739927286141, 2911.13799999999992, 1, 2916.4299999999998363, 47.870604825264976512, 2911.13799999999992, 1, 2916.4299999999998363, 37.444033586359324772, 2911.13799999999992, 1
2916.4400000000000546, 0, 2911.1430000000000291, 1, 2916.4400000000000546, 80.98448117602704599, 2911.1430000000000291, 1, 2916.4400000000000546, 71.838445879706767982, 2911.1430000000000291, 1, 2916.4400000000000546, 0, 2911.1430000000000291, 1
2916.4600000000000364, 0, 2911.1480000000001382, 1, 2916.4600000000000364, 101.65941559490131851, 2911.1480000000001382, 1, 2916.4600000000000364, 78.814304837217989075, 2911.1480000000001382, 1, 2916.4600000000000364, 0, 2911.1480000000001382, 1
2916.4600000000000364, 0, 2911.1539999999999964, 1, 2916.4600000000000364, 114.27012526855608598, 2911.1539999999999964, 1, 2916.4600000000000364, 77.419676642706008352, 2911.1539999999999964, 1, 2916.4600000000000364, 0, 2911.1539999999999964, 1
2916.4699999999997999, 0, 2911.1570000000001528, 1, 2916.4699999999997999, 121.78073065305150635, 2911.1570000000001528, 1, 2916.4699999999997999, 74.267591683211975351, 2911.1570000000001528, 1, 2916.4699999999997999, 0, 2911.1570000000001528, 1
2916.4810000000002219, 0, 2911.1610000000000582, 1, 2916.4810000000002219, 125.69336006124537164, 2911.1610000000000582, 1, 2916.4810000000002219, 72.15510487179743393, 2911.1610000000000582, 1, 2916.4810000000002219, 0, 2911.1610000000000582, 1
2916.4899999999997817, 0, 2911.1680000000001201, 1, 2916.4899999999997817, 126.76240455518012595, 2911.1680000000001201, 1, 2916.4899999999997817, 70.831075391011324882, 2911.1680000000001201, 1, 2916.4899999999997817, 0, 2911.1680000000001201, 1
2916.5100000000002183, 0, 2911.1729999999997744, 1, 2916.5100000000002183, 125.60515320438329923, 2911.1729999999997744, 1, 2916.5100000000002183, 73.031942359657094244, 2911.1729999999997744, 1, 2916.5100000000002183, 0, 2911.1729999999997744, 1
2916.5100000000002183, 0, 2911.1779999999998836, 1, 2916.5100000000002183, 124.42892327161695221, 2911.1779999999998836, 1, 2916.5100000000002183, 75.81766849774551531, 2911.1779999999998836, 1, 2916.5100000000002183, 0, 2911.1779999999998836, 1
2916.5199999999999818, 0, 2911.1829999999999927, 1, 2916.5199999999999818, 122.69208724257529752, 2911.1829999999999927, 1, 2916.5199999999999818, 79.878761565813306333, 2911.1829999999999927, 1, 2916.5199999999999818, 0, 2911.1829999999999927, 1
2916.5399999999999636, 0, 2911.1889999999998508, 1, 2916.5399999999999636, 119.62746472078235627, 2911.1889999999998508, 1, 2916.5399999999999636, 82.664482429902520266, 2911.1889999999998508, 1, 2916.5399999999999636, 0, 2911.1889999999998508, 1
2916.5509999999999309, 0, 2911.19399999999996, 1, 2916.5509999999999309, 116.74018533711476664, 2911.19399999999996, 1, 2916.5509999999999309, 89.327453335257587241, 2911.19399999999996, 1, 2916.5509999999999309, 0, 2911.19399999999996, 1
2916.5509999999999309, 0, 2911.1979999999998654, 1, 2916.5509999999999309, 114.90894803345098296, 2911.1979999999998654, 1, 2916.5509999999999309, 92.102139962212703495, 2911.1979999999998654, 1, 2916.5509999999999309, 0, 2911.1979999999998654, 1
2916.5639999999998508, 0, 2911.2029999999999745, 1, 2916.5639999999998508, 112.46616528167726301, 2911.2029999999999745, 1, 2916.5639999999998508, 94.949262747561817832, 2911.2029999999999745, 1, 2916.5639999999998508, 0, 2911.2029999999999745, 1
2916.5799999999999272, 0, 2911.2080000000000837, 0, 2916.5799999999999272, 110.64000236504753616, 2911.2080000000000837, 1, 2916.5799999999999272, 97.737617096649529458, 2911.2080000000000837, 1, 2916.5799999999999272, 0, 2911.2080000000000837, 0
2916.5799999999999272, 0, 2911.2130000000001928, 0, 2916.5799999999999272, 108.71330987985126626, 2911.2130000000001928, 1, 2916.5799999999999272, 99.31023056031912688, 2911.2130000000001928, 1, 2916.5799999999999272, 0, 2911.2130000000001928, 0
2916.5909999999998945, 0, 2911.2179999999998472, 0, 2916.5909999999998945, 106.47167133633678304, 2911.2179999999998472, 1, 2916.5909999999998945, 101.13469624485671261, 2911.2179999999998472, 1, 2916.5909999999998945, 0, 2911.2179999999998472, 0
2916.6089999999999236, 0, 2911.2229999999999563, 0, 2916.6089999999999236, 105.73712833205117079, 2911.2229999999999563, 1, 2916.6089999999999236, 102.53470722835248807, 2911.2229999999999563, 1, 2916.6089999999999236, 0, 2911.2229999999999563, 0
2916.6100000000001273, 0, 2911.2269999999998618, 0, 2916.6100000000001273, 103.127759187835224, 2911.2269999999998618, 1, 2916.6100000000001273, 105.4103435067235921, 2911.2269999999998618, 1, 2916.6100000000001273, 0, 2911.2269999999998618, 0
2916.6199999999998909, 0, 2911.2339999999999236, 0, 2916.6199999999998909, 101.30772611837932118, 2911.2339999999999236, 1, 2916.6199999999998909, 109.20749967180944395, 2911.2339999999999236, 1, 2916.6199999999998909, 0, 2911.2339999999999236, 0
2916.6399999999998727, 0, 2911.237999999999829, 0, 2916.6399999999998727, 98.026434579789381019, 2911.237999999999829, 1, 2916.6399999999998727, 108.79542279217623957, 2911.237999999999829, 1, 2916.6399999999998727, 0, 2911.237999999999829, 0
2916.6489999999998872, 0, 2911.2460000000000946, 0, 2916.6489999999998872, 96.130213564646581403, 2911.2460000000000946, 1, 2916.6489999999998872, 111.35122494758557821, 2911.2460000000000946, 1, 2916.6489999999998872, 0, 2911.2460000000000946, 0
2916.6489999999998872, 307.16043445146243585, 2911.2480000000000473, 0, 2916.6489999999998872, 80.226424783462562118, 2911.2480000000000473, 1, 2916.6489999999998872, 109.15992246536217181, 2911.2480000000000473, 1, 2916.6489999999998872, 0, 2911.2480000000000473, 0
2916.6599999999998545, 298.71011754746433553, 2911.2530000000001564, 0, 2916.6599999999998545, 21.548205427047236071, 2911.2530000000001564, 1, 2916.6599999999998545, 124.09540224409801112, 2911.2530000000001564, 1, 2916.6599999999998545, 0, 2911.2530000000001564, 0
2916.6709999999998217, 200.86477127875116366, 2911.2570000000000618, 0, 2916.6709999999998217, 0.019094434698006642476, 2911.2570000000000618, 1, 2916.6709999999998217, 110.8909022810017575, 2911.2570000000000618, 1, 2916.6709999999998217, 0, 2911.2570000000000618, 0
2916.6799999999998363, 39.829259213373404691, 2911.262000000000171, 0, 2916.6799999999998363, 0, 2911.262000000000171, 1, 2916.6799999999998363, 57.154611813599501602, 2911.262000000000171, 1, 2916.6799999999998363, 119.7127234007486436, 2911.262000000000171, 0
2916.6900000000000546, 20.578771633152712184, 2911.2669999999998254, 0, 2916.6900000000000546, 0, 2911.2669999999998254, 1, 2916.6900000000000546, 23.131900878214931794, 2911.2669999999998254, 1, 2916.6900000000000546, 40.345650236562214275, 2911.2669999999998254, 0
2916.6999999999998181, 17.82749856138685729, 2911.2730000000001382, 0, 2916.6999999999998181, 0, 2911.2730000000001382, 1, 2916.6999999999998181, 28.869722877334691447, 2911.2730000000001382, 1, 2916.6999999999998181, 19.915752221345467632, 2911.2730000000001382, 0
2916.7100000000000364, 35.018117255492100526, 2911.2789999999999964, 0, 2916.7100000000000364, 0, 2911.2789999999999964, 1, 2916.7100000000000364, 33.806074788689208788, 2911.2789999999999964, 1, 2916.7100000000000364, 21.893476722804120271, 2911.2789999999999964, 0
2916.7199999999997999, 60.904992277082115493, 2911.2829999999999018, 0, 2916.7199999999997999, 0, 2911.2829999999999018, 1, 2916.7199999999997999, 36.527881728661988348, 2911.2829999999999018, 1, 2916.7199999999997999, 26.337488919759024952, 2911.2829999999999018, 0
2916.7300000000000182, 77.855059460987206421, 2911.2890000000002146, 0, 2916.7300000000000182, 67.549938740329139364, 2911.2890000000002146, 1, 2916.7300000000000182, 39.248318763709988843, 2911.2890000000002146, 1, 2916.7300000000000182, 25.454324594082436306, 2911.2890000000002146, 0
2916.7399999999997817, 79.23275532802580301, 2911.2930000000001201, 0, 2916.7399999999997817, 56.730480994171124109, 2911.2930000000001201, 1, 2916.7399999999997817, 39.558057914290039037, 2911.2930000000001201, 1, 2916.7399999999997817, 20.56673831430182986, 2911.2930000000001201, 0
2916.7600000000002183, 71.086803205565985309, 2911.2989999999999782, 0, 2916.7600000000002183, 99.481681170238204004, 2911.2989999999999782, 1, 2916.7600000000002183, 98.442096940944026073, 2911.2989999999999782, 1, 2916.7600000000002183, 32.384782525535172226, 2911.2989999999999782, 0
2916.7600000000002183, 41.548322497396434017, 2911.3029999999998836, 0, 2916.7600000000002183, 39.235989757700572511, 2911.3029999999998836, 1, 2916.7600000000002183, 119.42346225487847278, 2911.3029999999998836, 1, 2916.7600000000002183, 55.803057071710483683, 2911.3029999999998836, 0
2916.7699999999999818, 74.088251113964858519, 2911.3079999999999927, 0, 2916.7699999999999818, 0, 2911.3079999999999927, 1, 2916.7699999999999818, 0, 2911.3079999999999927, 1, 2916.7699999999999818, 58.067970171387138123, 2911.3079999999999927, 0
2916.7800000000002001, 93.335281450552287197, 2911.3130000000001019, 0, 2916.7800000000002001, 0, 2911.3130000000001019, 1, 2916.7800000000002001, 0, 2911.3130000000001019, 1, 2916.7800000000002001, 67.358451971911634359, 2911.3130000000001019, 0
2916.8000000000001819, 106.95375810766323355, 2911.318000000000211, 0, 2916.8000000000001819, 0, 2911.318000000000211, 1, 2916.8000000000001819, 0, 2911.318000000000211, 1, 2916.8000000000001819, 75.084816350981469668, 2911.318000000000211, 0
2916.8099999999999454, 117.09661992593532887, 2911.3240000000000691, 0, 2916.8099999999999454, 0, 2911.3240000000000691, 1, 2916.8099999999999454, 0, 2911.3240000000000691, 1, 2916.8099999999999454, 74.324142043656564738, 2911.3240000000000691, 0
2916.8299999999999272, 118.5648413516868942, 2911.3290000000001783, 0, 2916.8299999999999272, 0, 2911.3290000000001783, 1, 2916.8299999999999272, 0, 2911.3290000000001783, 1, 2916.8299999999999272, 79.483152079821365987, 2911.3290000000001783, 0
2916.8299999999999272, 118.85932496131734126, 2911.3330000000000837, 0, 2916.8299999999999272, 0, 2911.3330000000000837, 1, 2916.8299999999999272, 0, 2911.3330000000000837, 1, 2916.8299999999999272, 79.535664207841819007, 2911.3330000000000837, 0
2916.8499999999999091, 117.3917436811315298, 2911.3380000000001928, 0, 2916.8499999999999091, 0, 2911.3380000000001928, 1, 2916.8499999999999091, 0, 2911.3380000000001928, 1, 2916.8499999999999091, 83.756322938646604825, 2911.3380000000001928, 0
2916.8499999999999091, 116.09992183738178539, 2911.3429999999998472, 0, 2916.8499999999999091, 0, 2911.3429999999998472, 1, 2916.8499999999999091, 0, 2911.3429999999998472, 1, 2916.8499999999999091, 88.27111913379933128, 2911.3429999999998472, 0
2916.8600000000001273, 113.90053487223190132, 2911.3499999999999091, 0, 2916.8600000000001273, 0, 2911.3499999999999091, 1, 2916.8600000000001273, 0, 2911.3499999999999091, 1, 2916.8600000000001273, 92.508601101846892334, 2911.3499999999999091, 0
2916.8699999999998909, 112.61076492944064853, 2911.3530000000000655, 0, 2916.8699999999998909, 0, 2911.3530000000000655, 1, 2916.8699999999998909, 0, 2911.3530000000000655, 1, 2916.8699999999998909, 97.640484896579366136, 2911.3530000000000655, 0
2916.8800000000001091, 110.96281733072396491, 2911.3580000000001746, 0, 2916.8800000000001091, 0, 2911.3580000000001746, 1, 2916.8800000000001091, 0, 2911.3580000000001746, 1, 2916.8800000000001091, 97.056193899710450523, 2911.3580000000001746, 0
2916.8899999999998727, 109.05675959012276621, 2911.362999999999829, 0, 2916.8899999999998727, 0, 2911.362999999999829, 1, 2916.8899999999998727, 0, 2911.362999999999829, 1, 2916.8899999999998727, 101.51164446358291116, 2911.362999999999829, 0
2916.9090000000001055, 105.43336565894492196, 2911.3679999999999382, 0, 2916.9090000000001055, 0, 2911.3679999999999382, 1, 2916.9090000000001055, 0, 2911.3679999999999382, 1, 2916.9090000000001055, 101.44315799283543811, 2911.3679999999999382, 0
2916.9099999999998545, 102.28467019573830044, 2911.3730000000000473, 0, 2916.9099999999998545, 0, 2911.3730000000000473, 1, 2916.9099999999998545, 0, 2911.3730000000000473, 1, 2916.9099999999998545, 104.56651408511244483, 2911.3730000000000473, 0
2916.9200000000000728, 103.96617079408913753, 2911.3780000000001564, 0, 2916.9200000000000728, 0, 2911.3780000000001564, 1, 2916.9200000000000728, 0, 2911.3780000000001564, 1, 2916.9200000000000728, 106.46245347474207676, 2911.3780000000001564, 0
2916.9400000000000546, 106.5801744381812739, 2911.3829999999998108, 0, 2916.9400000000000546, 0, 2911.3829999999998108, 1, 2916.9400000000000546, 0, 2911.3829999999998108, 1, 2916.9400000000000546, 109.95812894642055824, 2911.3829999999998108, 0
2916.9400000000000546, 106.12370626127270157, 2911.38799999999992, 0, 2916.9400000000000546, 0, 2911.38799999999992, 1, 2916.9400000000000546, 0, 2911.38799999999992, 1, 2916.9400000000000546, 111.19632597345584202, 2911.38799999999992, 0
2916.9499999999998181, 101.99221346434987368, 2911.3939999999997781, 0, 2916.9499999999998181, 0, 2911.3939999999997781, 1, 2916.9499999999998181, 0, 2911.3939999999997781, 1, 2916.9499999999998181, 109.93357202910746651, 2911.3939999999997781, 0
2916.9600000000000364, 99.007439256496226676, 2911.3980000000001382, 0, 2916.9600000000000364, 0, 2911.3980000000001382, 1, 2916.9600000000000364, 0, 2911.3980000000001382, 1, 2916.9600000000000364, 118.21011975939607908, 2911.3980000000001382, 0
2916.9800000000000182, 99.088185314638650425, 2911.4029999999997926, 0, 2916.9800000000000182, 0, 2911.4029999999997926, 1, 2916.9800000000000182, 0, 2911.4029999999997926, 1, 2916.9800000000000182, 116.17498801339966974, 2911.4029999999997926, 0
2916.9800000000000182, 98.555801399504559868, 2911.4079999999999018, 0, 2916.9800000000000182, 0, 2911.4079999999999018, 1, 2916.9800000000000182, 0, 2911.4079999999999018, 1, 2916.9800000000000182, 114.70778099441673703, 2911.4079999999999018, 0
2916.9909999999999854, 75.094058993788877387, 2911.4140000000002146, 0, 2916.9909999999999854, 317.09670944569313633, 2911.4140000000002146, 1, 2916.9909999999999854, 0, 2911.4140000000002146, 1, 2916.9909999999999854, 112.8727582166744412, 2911.4140000000002146, 0
2917, 10.930091583004230671, 2911.4180000000001201, 0, 2917, 176.62879992513012439, 2911.4180000000001201, 1, 2917, 212.47819323098440236, 2911.4180000000001201, 1, 2917, 59.880175925524731895, 2911.4180000000001201, 0
2917.0199999999999818, 0, 2911.4229999999997744, 0, 2917.0199999999999818, 38.709119585123424656, 2911.4229999999997744, 1, 2917.0199999999999818, 62.488429625335356832, 2911.4229999999997744, 1, 2917.0199999999999818, 31.479379914239085991, 2911.4229999999997744, 0
2917.0199999999999818, 0, 2911.4270000000001346, 0, 2917.0199999999999818, 15.351103600053843223, 2911.4270000000001346, 1, 2917.0199999999999818, 26.65619498751583194, 2911.4270000000001346, 1, 2917.0199999999999818, 38.566706354926068911, 2911.4270000000001346, 0
2917.0300000000002001, 0, 2911.4329999999999927, 0, 2917.0300000000002001, 22.224869649122283022, 2911.4329999999999927, 1, 2917.0300000000002001, 18.138737786058314327, 2911.4329999999999927, 1, 2917.0300000000002001, 44.813082748945149092, 2911.4329999999999927, 0
2917.0399999999999636, 0, 2911.4380000000001019, 0, 2917.0399999999999636, 42.03780516232406228, 2911.4380000000001019, 1, 2917.0399999999999636, 21.289920612115324161, 2911.4380000000001019, 1, 2917.0399999999999636, 46.86951700430654455, 2911.4380000000001019, 0
2917.0500000000001819, 66.538394089922718422, 2911.443000000000211, 0, 2917.0500000000001819, 53.450197294326549979, 2911.443000000000211, 1, 2917.0500000000001819, 22.58955284061150337, 2911.443000000000211, 1, 2917.0500000000001819, 54.897832030040078166, 2911.443000000000211, 0
2917.0599999999999454, 53.223294321693018105, 2911.4490000000000691, 0, 2917.0599999999999454, 57.214922544243655977, 2911.4490000000000691, 1, 2917.0599999999999454, 23.593889558860205113, 2911.4490000000000691, 1, 2917.0599999999999454, 54.230601972076378559, 2911.4490000000000691, 0
2917.0700000000001637, 57.015292638649405887, 2911.4540000000001783, 0, 2917.0700000000001637, 59.266487236981390652, 2911.4540000000001783, 1, 2917.0700000000001637, 25.310900363806524638, 2911.4540000000001783, 1, 2917.0700000000001637, 51.178152518606864874, 2911.4540000000001783, 0
2917.0799999999999272, 26.462661978788705852, 2911.4580000000000837, 1, 2917.0799999999999272, 59.344503957178318387, 2911.4580000000000837, 1, 2917.0799999999999272, 40.627236528580709773, 2911.4580000000000837, 1, 2917.0799999999999272, 25.178371215205984868, 2911.4580000000000837, 1
2917.0900000000001455, 0, 2911.4630000000001928, 1, 2917.0900000000001455, 78.727368042992537767, 2911.4630000000001928, 1, 2917.0900000000001455, 67.583198553258910124, 2911.4630000000001928, 1, 2917.0900000000001455, 0, 2911.4630000000001928, 1
2917.0999999999999091, 0, 2911.4679999999998472, 1, 2917.0999999999999091, 103.3024517541092564, 2911.4679999999998472, 1, 2917.0999999999999091, 79.077085584333175916, 2911.4679999999998472, 1, 2917.0999999999999091, 0, 2911.4679999999998472, 1
2917.1199999999998909, 0, 2911.4740000000001601, 1, 2917.1199999999998909, 97.610846319237467128, 2911.4740000000001601, 1, 2917.1199999999998909, 65.513941972771078781, 2911.4740000000001601, 1, 2917.1199999999998909, 0, 2911.4740000000001601, 1
2917.1199999999998909, 0, 2911.4769999999998618, 1, 2917.1199999999998909, 107.32382996792489394, 2911.4769999999998618, 1, 2917.1199999999998909, 73.93986562630965409, 2911.4769999999998618, 1, 2917.1199999999998909, 0, 2911.4769999999998618, 1
2917.1300000000001091, 0, 2911.4819999999999709, 1, 2917.1300000000001091, 119.80519179273233021, 2911.4819999999999709, 1, 2917.1300000000001091, 98.022140728392187725, 2911.4819999999999709, 1, 2917.1300000000001091, 0, 2911.4819999999999709, 1
2917.1399999999998727, 0, 2911.487999999999829, 1, 2917.1399999999998727, 128.66903694829841243, 2911.487999999999829, 1, 2917.1399999999998727, 94.186821760354689559, 2911.487999999999829, 1, 2917.1399999999998727, 0, 2911.487999999999829, 1
2917.1599999999998545, 0, 2911.4929999999999382, 1, 2917.1599999999998545, 132.79584420748227558, 2911.4929999999999382, 1, 2917.1599999999998545, 84.010508855251117666, 2911.4929999999999382, 1, 2917.1599999999998545, 0, 2911.4929999999999382, 1
2917.1599999999998545, 0, 2911.4980000000000473, 1, 2917.1599999999998545, 133.98530735140508341, 2911.4980000000000473, 1, 2917.1599999999998545, 75.015082990552116371, 2911.4980000000000473, 1, 2917.1599999999998545, 0, 2911.4980000000000473, 1
2917.1700000000000728, 0, 2911.5030000000001564, 1, 2917.1700000000000728, 131.91169560125496218, 2911.5030000000001564, 1, 2917.1700000000000728, 72.033925136536737455, 2911.5030000000001564, 1, 2917.1700000000000728, 0, 2911.5030000000001564, 1
2917.1799999999998363, 0, 2911.5079999999998108, 1, 2917.1799999999998363, 129.84679979383864179, 2911.5079999999998108, 1, 2917.1799999999998363, 71.731569126077147303, 2911.5079999999998108, 1, 2917.1799999999998363, 0, 2911.5079999999998108, 1
2917.1900000000000546, 0, 2911.51299999999992, 1, 2917.1900000000000546, 128.9128591677203417, 2911.51299999999992, 1, 2917.1900000000000546, 73.393665759816315131, 2911.51299999999992, 1, 2917.1900000000000546, 0, 2911.51299999999992, 1
2917.2100000000000364, 0, 2911.5189999999997781, 1, 2917.2100000000000364, 125.0833910946473253, 2911.5189999999997781, 1, 2917.2100000000000364, 75.873767390116441334, 2911.5189999999997781, 1, 2917.2100000000000364, 0, 2911.5189999999997781, 1
2917.2100000000000364, 0, 2911.5230000000001382, 1, 2917.2100000000000364, 126.76387376729485368, 2911.5230000000001382, 1, 2917.2100000000000364, 78.675109533399393058, 2911.5230000000001382, 1, 2917.2100000000000364, 0, 2911.5230000000001382, 1
2917.2199999999997999, 0, 2911.5289999999999964, 1, 2917.2199999999997999, 125.46821492023869382, 2911.5289999999999964, 1, 2917.2199999999997999, 81.477531218589007267, 2911.5289999999999964, 1, 2917.2199999999997999, 0, 2911.5289999999999964, 1
2917.2399999999997817, 0, 2911.5329999999999018, 1, 2917.2399999999997817, 126.81676922846344269, 2911.5329999999999018, 0, 2917.2399999999997817, 77.954854096878307246, 2911.5329999999999018, 0, 2917.2399999999997817, 0, 2911.5329999999999018, 1
2917.25, 0, 2911.5380000000000109, 1, 2917.25, 126.05350689795520225, 2911.5380000000000109, 0, 2917.25, 75.138940923516514658, 2911.5380000000000109, 0, 2917.25, 0, 2911.5380000000000109, 1
2917.2600000000002183, 0, 2911.5430000000001201, 1, 2917.2600000000002183, 124.48374965988544716, 2911.5430000000001201, 0, 2917.2600000000002183, 73.831967407317264929, 2911.5430000000001201, 0, 2917.2600000000002183, 0, 2911.5430000000001201, 1
2917.2600000000002183, 0, 2911.5479999999997744, 1, 2917.2600000000002183, 122.52118070248394588, 2911.5479999999997744, 0, 2917.2600000000002183, 73.145137506292513763, 2911.5479999999997744, 0, 2917.2600000000002183, 0, 2911.5479999999997744, 1
2917.2789999999999964, 0, 2911.5529999999998836, 1, 2917.2789999999999964, 120.26313305854495184, 2911.5529999999998836, 0, 2917.2789999999999964, 74.636275055325413064, 2911.5529999999998836, 0, 2917.2789999999999964, 0, 2911.5529999999998836, 1
2917.2800000000002001, 0, 2911.5579999999999927, 1, 2917.2800000000002001, 117.98558012824632613, 2911.5579999999999927, 0, 2917.2800000000002001, 76.923488863611325428, 2911.5579999999999927, 0, 2917.2800000000002001, 0, 2911.5579999999999927, 1
2917.3000000000001819, 0, 2911.5630000000001019, 1, 2917.3000000000001819, 115.76263560512974493, 2911.5630000000001019, 0, 2917.3000000000001819, 78.887182622487827643, 2911.5630000000001019, 0, 2917.3000000000001819, 0, 2911.5630000000001019, 1
2917.3000000000001819, 349.46965044600705141, 2911.568000000000211, 1, 2917.3000000000001819, 90.920067240972201716, 2911.568000000000211, 0, 2917.3000000000001819, 72.855594065639294854, 2911.568000000000211, 0, 2917.3000000000001819, 0, 2911.568000000000211, 1
2917.3099999999999454, 272.73678382102553996, 2911.5729999999998654, 1, 2917.3099999999999454, 28.715747921615438543, 2911.5729999999998654, 0, 2917.3099999999999454, 104.99471902927371048, 2911.5729999999998654, 0, 2917.3099999999999454, 0, 2911.5729999999998654, 1
2917.3200000000001637, 293.43654699852362455, 2911.5770000000002256, 1, 2917.3200000000001637, 2.7275893552990320146, 2911.5770000000002256, 0, 2917.3200000000001637, 81.749273658845055479, 2911.5770000000002256, 0, 2917.3200000000001637, 0, 2911.5770000000002256, 1
2917.3299999999999272, 123.63963316417951432, 2911.5830000000000837, 1, 2917.3299999999999272, 0, 2911.5830000000000837, 0, 2917.3299999999999272, 61.437012746718266953, 2911.5830000000000837, 0, 2917.3299999999999272, 0, 2911.5830000000000837, 1
2917.3400000000001455, 27.744767670355123812, 2911.5880000000001928, 1, 2917.3400000000001455, 0, 2911.5880000000001928, 0, 2917.3400000000001455, 47.424058292772421908, 2911.5880000000001928, 0, 2917.3400000000001455, 0, 2911.5880000000001928, 1
2917.3600000000001273, 22.355769512122463993, 2911.5929999999998472, 1, 2917.3600000000001273, 0, 2911.5929999999998472, 0, 2917.3600000000001273, 32.285064834066929507, 2911.5929999999998472, 0, 2917.3600000000001273, 55.023745610207257073, 2911.5929999999998472, 1
2917.3699999999998909, 58.531853356045601799, 2911.5979999999999563, 1, 2917.3699999999998909, 0, 2911.5979999999999563, 0, 2917.3699999999998909, 31.951105349975009062, 2911.5979999999999563, 0, 2917.3699999999998909, 16.608135345967582452, 2911.5979999999999563, 1
2917.3800000000001091, 77.455024148441083298, 2911.6030000000000655, 1, 2917.3800000000001091, 0, 2911.6030000000000655, 0, 2917.3800000000001091, 35.409548924423184246, 2911.6030000000000655, 0, 2917.3800000000001091, 12.66683455548317383, 2911.6030000000000655, 1
2917.3899999999998727, 95.012286123409694483, 2911.6080000000001746, 1, 2917.3899999999998727, 0, 2911.6080000000001746, 0, 2917.3899999999998727, 37.308579977105999603, 2911.6080000000001746, 0, 2917.3899999999998727, 15.44928924896052358, 2911.6080000000001746, 1
2917.3910000000000764, 103.92728349970445834, 2911.612999999999829, 1, 2917.3910000000000764, 64.021417341524980316, 2911.612999999999829, 0, 2917.3910000000000764, 38.497367474902496554, 2911.612999999999829, 0, 2917.3910000000000764, 14.881902660465014421, 2911.612999999999829, 1
2917.4099999999998545, 99.140279026405636387, 2911.6179999999999382, 1, 2917.4099999999998545, 56.54147090971449785, 2911.6179999999999382, 0, 2917.4099999999998545, 36.038912534512739683, 2911.6179999999999382, 0, 2917.4099999999998545, 9.0641555748218838318, 2911.6179999999999382, 1
2917.4200000000000728, 76.903031628185971158, 2911.6230000000000473, 1, 2917.4200000000000728, 13.972095031101360973, 2911.6230000000000473, 0, 2917.4200000000000728, 33.764917156279643962, 2911.6230000000000473, 0, 2917.4200000000000728, 33.495585818248784449, 2911.6230000000000473, 1
2917.4200000000000728, 87.145855377877637693, 2911.6280000000001564, 1, 2917.4200000000000728, 0, 2911.6280000000001564, 0, 2917.4200000000000728, 0, 2911.6280000000001564, 0, 2917.4200000000000728, 67.394817196907013113, 2911.6280000000001564, 1
2917.4400000000000546, 109.99421151805100294, 2911.6329999999998108, 1, 2917.4400000000000546, 0, 2911.6329999999998108, 0, 2917.4400000000000546, 0, 2911.6329999999998108, 0, 2917.4400000000000546, 100.5982341587292126, 2911.6329999999998108, 1
2917.4400000000000546, 128.28514626634125761, 2911.6390000000001237, 1, 2917.4400000000000546, 0, 2911.6390000000001237, 0, 2917.4400000000000546, 0, 2911.6390000000001237, 0, 2917.4400000000000546, 92.531424821097360223, 2911.6390000000001237, 1
2917.4600000000000364, 135.8916039358495027, 2911.6430000000000291, 1, 2917.4600000000000364, 0, 2911.6430000000000291, 0, 2917.4600000000000364, 0, 2911.6430000000000291, 0, 2917.4600000000000364, 78.351191960458308472, 2911.6430000000000291, 1
2917.4600000000000364, 139.01439523005262799, 2911.6489999999998872, 1, 2917.4600000000000364, 0, 2911.6489999999998872, 0, 2917.4600000000000364, 0, 2911.6489999999998872, 0, 2917.4600000000000364, 67.825853430119906307, 2911.6489999999998872, 1
2917.4699999999997999, 138.87753611164606582, 2911.6539999999999964, 1, 2917.4699999999997999, 0, 2911.6539999999999964, 0, 2917.4699999999997999, 0, 2911.6539999999999964, 0, 2917.4699999999997999, 62.016139489722164058, 2911.6539999999999964, 1
2917.4800000000000182, 138.47634722540709618, 2911.6590000000001055, 1, 2917.4800000000000182, 0, 2911.6590000000001055, 0, 2917.4800000000000182, 0, 2911.6590000000001055, 0, 2917.4800000000000182, 60.384334237976204918, 2911.6590000000001055, 1
2917.4899999999997817, 137.7398009904782441, 2911.6630000000000109, 1, 2917.4899999999997817, 0, 2911.6630000000000109, 0, 2917.4899999999997817, 0, 2911.6630000000000109, 0, 2917.4899999999997817, 60.84230535969491882, 2911.6630000000000109, 1
2917.5, 136.76688478664715376, 2911.6700000000000728, 1, 2917.5, 0, 2911.6700000000000728, 0, 2917.5, 0, 2911.6700000000000728, 0, 2917.5, 62.546592123782971839, 2911.6700000000000728, 1
2917.5199999999999818, 107.31547293846065827, 2911.6729999999997744, 1, 2917.5199999999999818, 0, 2911.6729999999997744, 0, 2917.5199999999999818, 0, 2911.6729999999997744, 0, 2917.5199999999999818, 11.727134648746755374, 2911.6729999999997744, 1
2917.5199999999999818, 119.61286677209039908, 2911.6799999999998363, 1, 2917.5199999999999818, 134.35128499774035049, 2911.6799999999998363, 0, 2917.5199999999999818, 0, 2911.6799999999998363, 0, 2917.5199999999999818, 73.479675895452984946, 2911.6799999999998363, 1
2917.5309999999999491, 83.464442358142377998, 2911.6829999999999927, 1, 2917.5309999999999491, 358.45975631793737648, 2911.6829999999999927, 0, 2917.5309999999999491, 161.3172721154517717, 2911.6829999999999927, 0, 2917.5309999999999491, 72.592915475214027765, 2911.6829999999999927, 1
2917.5509999999999309, 13.792992948291541211, 2911.6880000000001019, 1, 2917.5509999999999309, 110.62077962289797028, 2911.6880000000001019, 0, 2917.5509999999999309, 64.843745234094242846, 2911.6880000000001019, 0, 2917.5509999999999309, 13.068138129310177931, 2911.6880000000001019, 1
2917.5610000000001492, 17.995395593882395957, 2911.69399999999996, 1, 2917.5610000000001492, 85.461472736247813486, 2911.69399999999996, 0, 2917.5610000000001492, 11.550417726140588925, 2911.69399999999996, 0, 2917.5610000000001492, 0, 2911.69399999999996, 1
2917.5700000000001637, 29.78082037703014251, 2911.6979999999998654, 1, 2917.5700000000001637, 82.892063008149918346, 2911.6979999999998654, 0, 2917.5700000000001637, 17.872875600183757427, 2911.6979999999998654, 0, 2917.5700000000001637, 0, 2911.6979999999998654, 1
2917.5900000000001455, 43.223808592326086853, 2911.7040000000001783, 1, 2917.5900000000001455, 85.396819494734273803, 2911.7040000000001783, 0, 2917.5900000000001455, 23.666079382521367336, 2911.7040000000001783, 0, 2917.5900000000001455, 45.728989458963965831, 2911.7040000000001783, 1
2917.5900000000001455, 53.106970545063120426, 2911.7089999999998327, 1, 2917.5900000000001455, 86.758077035409868927, 2911.7089999999998327, 0, 2917.5900000000001455, 16.313570665822943795, 2911.7089999999998327, 0, 2917.5900000000001455, 27.885012409999340832, 2911.7089999999998327, 1
2917.5999999999999091, 56.805082503511599157, 2911.7139999999999418, 1, 2917.5999999999999091, 86.417277050607140154, 2911.7139999999999418, 0, 2917.5999999999999091, 19.147897541819389744, 2911.7139999999999418, 0, 2917.5999999999999091, 28.77709265049971421, 2911.7139999999999418, 1
2917.6100000000001273, 58.60328471734024447, 2911.7179999999998472, 1, 2917.6100000000001273, 85.190528536749738464, 2911.7179999999998472, 0, 2917.6100000000001273, 21.888781656137652476, 2911.7179999999998472, 0, 2917.6100000000001273, 30.47428066235866595, 2911.7179999999998472, 1
2917.6199999999998909, 59.312010138972013351, 2911.7229999999999563, 1, 2917.6199999999998909, 83.262203269487088164, 2911.7229999999999563, 0, 2917.6199999999998909, 24.555520390646577766, 2911.7229999999999563, 0, 2917.6199999999998909, 31.931966019378492661, 2911.7229999999999563, 1
2917.6300000000001091, 59.473523902912653227, 2911.7280000000000655, 1, 2917.6300000000001091, 81.0497695431630234, 2911.7280000000000655, 0, 2917.6300000000001091, 27.122547371088504775, 2911.7280000000000655, 0, 2917.6300000000001091, 33.033961132898085111, 2911.7280000000000655, 1
2917.6399999999998727, 59.358023973049824917, 2911.7330000000001746, 1, 2917.6399999999998727, 78.706735043520339445, 2911.7330000000001746, 0, 2917.6399999999998727, 29.617910800194714227, 2911.7330000000001746, 0, 2917.6399999999998727, 33.909001989307967051, 2911.7330000000001746, 1
2917.6500000000000909, 59.117027570673350567, 2911.7390000000000327, 1, 2917.6500000000000909, 76.363326699959770849, 2911.7390000000000327, 0, 2917.6500000000000909, 32.048052150670741867, 2911.7390000000000327, 0, 2917.6500000000000909, 34.635607551377489699, 2911.7390000000000327, 1
2917.6599999999998545, 58.832499458829374817, 2911.7429999999999382, 1, 2917.6599999999998545, 74.039150858609843908, 2911.7429999999999382, 0, 2917.6599999999998545, 34.389061690287611839, 2911.7429999999999382, 0, 2917.6599999999998545, 35.26863911374078242, 2911.7429999999999382, 1
2917.6700000000000728, 58.534563443376967484, 2911.7480000000000473, 1, 2917.6700000000000728, 71.8512669248671898, 2911.7480000000000473, 0, 2917.6700000000000728, 36.626706792520366207, 2911.7480000000000473, 0, 2917.6700000000000728, 35.828197718454177334, 2911.7480000000000473, 1
2917.6799999999998363, 58.242506260250564765, 2911.7539999999999054, 1, 2917.6799999999998363, 69.796934051829708778, 2911.7539999999999054, 0, 2917.6799999999998363, 38.735561515589580495, 2911.7539999999999054, 0, 2917.6799999999998363, 36.330241916994026496, 2911.7539999999999054, 1
2917.6900000000000546, 57.982518863079143046, 2911.7579999999998108, 1, 2917.6900000000000546, 67.843815837522640777, 2911.7579999999998108, 0, 2917.6900000000000546, 40.706976073920671411, 2911.7579999999998108, 0, 2917.6900000000000546, 36.796701554226231679, 2911.7579999999998108, 1
2917.7100000000000364, 57.735968439075591618, 2911.76299999999992, 1, 2917.7100000000000364, 66.077180091550800967, 2911.76299999999992, 0, 2917.7100000000000364, 42.520439916452552609, 2911.76299999999992, 0, 2917.7100000000000364, 37.213166102378622213, 2911.76299999999992, 1
2917.7100000000000364, 57.510574177219616843, 2911.7689999999997781, 1, 2917.7100000000000364, 64.477045096113641875, 2911.7689999999997781, 0, 2917.7100000000000364, 44.169375355719566301, 2911.7689999999997781, 0, 2917.7100000000000364, 37.604025978495243976, 2911.7689999999997781, 1
2917.7199999999997999, 57.310536183186528092, 2911.7730000000001382, 1, 2917.7199999999997999, 63.038185960928345253, 2911.7730000000001382, 0, 2917.7199999999997999, 45.651843362656279623, 2911.7730000000001382, 0, 2917.7199999999997999, 37.937557982067474427, 2911.7730000000001382, 1
2917.7300000000000182, 57.128411207532430183, 2911.7779999999997926, 1, 2917.7300000000000182, 61.703021774778449071, 2911.7779999999997926, 0, 2917.7300000000000182, 47.027411453213986192, 2911.7779999999997926, 0, 2917.7300000000000182, 38.23216473482566613, 2911.7779999999997926, 1
2917.7399999999997817, 57.029283726376910124, 2911.7820000000001528, 1, 2917.7399999999997817, 60.534671283314246182, 2911.7820000000001528, 1, 2917.7399999999997817, 48.207928815447175452, 2911.7820000000001528, 1, 2917.7399999999997817, 38.53180112911609001, 2911.7820000000001528, 1
2917.75, 56.915673833993473352, 2911.7880000000000109, 1, 2917.75, 59.63023258425285178, 2911.7880000000000109, 1, 2917.75, 49.146847647679948068, 2911.7880000000000109, 1, 2917.75, 38.745975792729026921, 2911.7880000000000109, 1
2917.7600000000002183, 56.81854700697243743, 2911.7930000000001201, 1, 2917.7600000000002183, 58.824104702680614309, 2911.7930000000001201, 1, 2917.7600000000002183, 49.985369431976607757, 2911.7930000000001201, 1, 2917.7600000000002183, 38.936923330557334566, 2911.7930000000001201, 1
2917.7699999999999818, 56.77783095631306054, 2911.7979999999997744, 1, 2917.7699999999999818, 58.104053791395472217, 2911.7979999999997744, 1, 2917.7699999999999818, 50.729768323791191165, 2911.7979999999997744, 1, 2917.7699999999999818, 39.126597400020699524, 2911.7979999999997744, 1
2917.7800000000002001, 56.543859198681460043, 2911.8020000000001346, 1, 2917.7800000000002001, 57.593935565569175594, 2911.8020000000001346, 1, 2917.7800000000002001, 51.161078092923219174, 2911.8020000000001346, 1, 2917.7800000000002001, 39.079638501747567148, 2911.8020000000001346, 1
2917.7899999999999636, 56.500483512152257504, 2911.8079999999999927, 1, 2917.7899999999999636, 57.221258237070372843, 2911.8079999999999927, 1, 2917.7899999999999636, 51.553702069660346297, 2911.8079999999999927, 1, 2917.7899999999999636, 39.161434096048935771, 2911.8079999999999927, 1
2917.8000000000001819, 56.479230704568891497, 2911.8130000000001019, 1, 2917.8000000000001819, 56.943402951622182684, 2911.8130000000001019, 1, 2917.8000000000001819, 51.851354134288982323, 2911.8130000000001019, 1, 2917.8000000000001819, 39.21948076651993631, 2911.8130000000001019, 1
2917.8200000000001637, 56.475672000716684806, 2911.818000000000211, 1, 2917.8200000000001637, 56.774416010229053597, 2911.818000000000211, 1, 2917.8200000000001637, 52.039209992841122698, 2911.818000000000211, 1, 2917.8200000000001637, 39.250376272030635505, 2911.818000000000211, 1
2917.8200000000001637, 56.488123282709281625, 2911.8249999999998181, 1, 2917.8200000000001637, 56.704266671442766778, 2911.8249999999998181, 1, 2917.8200000000001637, 52.127555625737869605, 2911.8249999999998181, 1, 2917.8200000000001637, 39.256206442575276583, 2911.8249999999998181, 1
2917.8299999999999272, 56.514913510504612759, 2911.8279999999999745, 1, 2917.8299999999999272, 56.722805656968233734, 2911.8279999999999745, 1, 2917.8299999999999272, 52.126736766636966536, 2911.8279999999999745, 1, 2917.8299999999999272, 39.23918992895215041, 2911.8279999999999745, 1
2917.8400000000001455, 56.554402025494326267, 2911.8330000000000837, 1, 2917.8400000000001455, 56.819908737509777552, 2911.8330000000000837, 1, 2917.8400000000001455, 52.047024032639356506, 2911.8330000000000837, 1, 2917.8400000000001455, 39.20163733555304475, 2911.8330000000000837, 1
2917.8600000000001273, 56.854903739512735683, 2911.8400000000001455, 1, 2917.8600000000001273, 56.926027558087675118, 2911.8400000000001455, 1, 2917.8600000000001273, 52.06973720090351776, 2911.8400000000001455, 1, 2917.8600000000001273, 39.374815713999581135, 2911.8400000000001455, 1
2917.8690000000001419, 56.911177694802205451, 2911.8429999999998472, 1, 2917.8690000000001419, 57.149873514231465776, 2911.8429999999998472, 1, 2917.8690000000001419, 51.86015550716140865, 2911.8429999999998472, 1, 2917.8690000000001419, 39.300988369267216171, 2911.8429999999998472, 1
2917.8710000000000946, 56.974518260346343368, 2911.8479999999999563, 1, 2917.8710000000000946, 57.423056149797815806, 2911.8479999999999563, 1, 2917.8710000000000946, 51.600256461190767254, 2911.8479999999999563, 1, 2917.8710000000000946, 39.213030046383465788, 2911.8479999999999563, 1
2917.8899999999998727, 57.051153637750175562, 2911.8530000000000655, 1, 2917.8899999999998727, 57.728867954607864021, 2911.8530000000000655, 1, 2917.8899999999998727, 51.304860030433474094, 2911.8530000000000655, 1, 2917.8899999999998727, 39.11992468170948456, 2911.8530000000000655, 1
2917.9000000000000909, 57.125718581413039487, 2911.8580000000001746, 0, 2917.9000000000000909, 58.073339278650784934, 2911.8580000000001746, 1, 2917.9000000000000909, 50.971533525698724532, 2911.8580000000001746, 1, 2917.9000000000000909, 39.005782426910883487, 2911.8580000000001746, 0
2917.9099999999998545, 57.282411240815406472, 2911.8640000000000327, 0, 2917.9099999999998545, 58.829307484720516186, 2911.8640000000000327, 1, 2917.9099999999998545, 50.236603426311880582, 2911.8640000000000327, 1, 2917.9099999999998545, 38.828311040575911761, 2911.8640000000000327, 0
2917.9299999999998363, 57.359408722467762232, 2911.8679999999999382, 0, 2917.9299999999998363, 59.225809072413184708, 2911.8679999999999382, 1, 2917.9299999999998363, 49.849872978647283617, 2911.8679999999999382, 1, 2917.9299999999998363, 38.648824002876423833, 2911.8679999999999382, 0
2917.9299999999998363, 57.441075126878928359, 2911.8730000000000473, 0, 2917.9299999999998363, 59.626335077925105566, 2911.8730000000000473, 1, 2917.9299999999998363, 49.458690753309284105, 2911.8730000000000473, 1, 2917.9299999999998363, 38.522692565368615192, 2911.8730000000000473, 0
2917.9400000000000546, 57.327820008216974657, 2911.8780000000001564, 0, 2917.9400000000000546, 60.105328394996448083, 2911.8780000000001564, 1, 2917.9400000000000546, 48.926558992867505538, 2911.8780000000001564, 1, 2917.9400000000000546, 38.197998529970263348, 2911.8780000000001564, 0
2917.9499999999998181, 57.416174768465580769, 2911.8829999999998108, 0, 2917.9499999999998181, 60.49967688004174704, 2911.8829999999998108, 1, 2917.9499999999998181, 48.547310719192623196, 2911.8829999999998108, 1, 2917.9499999999998181, 38.078795309905586919, 2911.8829999999998108, 0
2917.9600000000000364, 57.502684977176727443, 2911.8890000000001237, 0, 2917.9600000000000364, 60.883482960406077211, 2911.8890000000001237, 1, 2917.9600000000000364, 48.17811966139770874, 2911.8890000000001237, 1, 2917.9600000000000364, 37.96241700833256516, 2911.8890000000001237, 0
2917.9699999999997999, 57.586657939351312052, 2911.8930000000000291, 0, 2917.9699999999997999, 61.253103078009374372, 2911.8930000000000291, 1, 2917.9699999999997999, 47.822560408940567811, 2911.8930000000000291, 1, 2917.9699999999997999, 37.849919987501841945, 2911.8930000000000291, 0
2917.9800000000000182, 57.66748395994125076, 2911.8980000000001382, 0, 2917.9800000000000182, 61.605473663796757933, 2911.8980000000001382, 1, 2917.9800000000000182, 47.483630561044357421, 2911.8980000000001382, 1, 2917.9800000000000182, 37.742204843175969131, 2911.8980000000001382, 0
2917.9899999999997817, 57.744635347009705129, 2911.9029999999997926, 0, 2917.9899999999997817, 61.938085636635946685, 2911.9029999999997926, 1, 2917.9899999999997817, 47.163778110231390883, 2911.9029999999997926, 1, 2917.9899999999997817, 37.640021982670049283, 2911.9029999999997926, 0
2918, 57.817664938694932175, 2911.9079999999999018, 0, 2918, 62.248954900172336124, 2911.9079999999999018, 1, 2918, 46.864932587209828796, 2911.9079999999999018, 1, 2918, 37.54397861104105516, 2911.9079999999999018, 0
2918.0100000000002183, 57.886204137902417699, 2911.9130000000000109, 0, 2918.0100000000002183, 62.536589593453740576, 2911.9130000000000109, 1, 2918.0100000000002183, 46.588539178944770924, 2911.9130000000000109, 1, 2918.0100000000002183, 37.454546814289088275, 2911.9130000000000109, 0
2918.0199999999999818, 57.949960449127267736, 2911.9180000000001201, 0, 2918.0199999999999818, 62.799954814085495514, 2911.9180000000001201, 1, 2918.0199999999999818, 46.335595077046022539, 2911.9180000000001201, 1, 2918.0199999999999818, 37.372072460735388688, 2911.9180000000001201, 0
2918.0300000000002001, 58.008714523634765214, 2911.9229999999997744, 0, 2918.0300000000002001, 63.03843549371242716, 2911.9229999999997744, 1, 2918.0300000000002001, 46.10668736358326214, 2911.9229999999997744, 1, 2918.0300000000002001, 37.296784674435457418, 2911.9229999999997744, 0
2918.0399999999999636, 58.062316731758940591, 2911.9279999999998836, 0, 2918.0399999999999636, 63.251798062073376627, 2911.9279999999998836, 1, 2918.0399999999999636, 45.902031795675071635, 2911.9279999999998836, 1, 2918.0399999999999636, 37.228805666774604788, 2911.9279999999998836, 0
2918.0500000000001819, 58.110683293521631754, 2911.9329999999999927, 0, 2918.0500000000001819, 63.440151490438672965, 2911.9329999999999927, 1, 2918.0500000000001819, 45.721511906579507922, 2911.9329999999999927, 1, 2918.0500000000001819, 37.16816074271437742, 2911.9329999999999927, 0
2918.0599999999999454, 58.153792009824471165, 2911.9380000000001019, 0, 2918.0599999999999454, 63.603908256191814985, 2911.9380000000001019, 1, 2918.0599999999999454, 45.564717899836502113, 2911.9380000000001019, 1, 2918.0599999999999454, 37.114788326500701032, 2911.9380000000001019, 0
2918.0700000000001637, 58.305127988824224872, 2911.943000000000211, 0, 2918.0700000000001637, 63.675697567602369986, 2911.943000000000211, 1, 2918.0700000000001637, 45.516715808682377542, 2911.943000000000211, 1, 2918.0700000000001637, 37.207605299779451968, 2911.943000000000211, 0
2918.0799999999999272, 58.332667151141833983, 2911.9479999999998654, 0, 2918.0799999999999272, 63.781857842282164484, 2911.9479999999998654, 1, 2918.0799999999999272, 45.413593855223666651, 2911.9479999999998654, 1, 2918.0799999999999272, 37.170414304786532966, 2911.9479999999998654, 0
2918.0900000000001455, 58.358675075708553948, 2911.9529999999999745, 0, 2918.0900000000001455, 63.87789656634157609, 2911.9529999999999745, 1, 2918.0900000000001455, 45.320441421408503402, 2911.9529999999999745, 1, 2918.0900000000001455, 37.136034290132215574, 2911.9529999999999745, 0
2918.0999999999999091, 58.27509376645745931, 2911.9580000000000837, 0, 2918.0999999999999091, 64.029704918485904841, 2911.9580000000000837, 1, 2918.0999999999999091, 45.15844582023254361, 2911.9580000000000837, 1, 2918.0999999999999091, 36.970299915453331607, 2911.9580000000000837, 0
2918.1199999999998909, 58.293398271393030541, 2911.9630000000001928, 0, 2918.1199999999998909, 64.084642640309056105, 2911.9630000000001928, 1, 2918.1199999999998909, 45.106473739194143491, 2911.9630000000001928, 1, 2918.1199999999998909, 36.950005215029833039, 2911.9630000000001928, 0
2918.1199999999998909, 58.307330106702792705, 2911.9690000000000509, 0, 2918.1199999999998909, 64.121748936770543992, 2911.9690000000000509, 1, 2918.1199999999998909, 45.071656026238422044, 2911.9690000000000509, 1, 2918.1199999999998909, 36.935324751387312858, 2911.9690000000000509, 0
2918.1399999999998727, 58.416708413277248724, 2911.9729999999999563, 0, 2918.1399999999998727, 64.086976862895710383, 2911.9729999999999563, 1, 2918.1399999999998727, 45.128475484973904486, 2911.9729999999999563, 1, 2918.1399999999998727, 37.053666611327450653, 2911.9729999999999563, 0
2918.1399999999998727, 58.422430085414120526, 2911.9780000000000655, 0, 2918.1399999999998727, 64.093013619136016246, 2911.9780000000000655, 1, 2918.1399999999998727, 45.123275065836544684, 2911.9780000000000655, 1, 2918.1399999999998727, 37.04878874816707679, 2911.9780000000000655, 0
2918.1500000000000909, 58.424896868267907735, 2911.9850000000001273, 0, 2918.1500000000000909, 64.085915792205355501, 2911.9850000000001273, 1, 2918.1500000000000909, 45.130885093134764929, 2911.9850000000001273, 1, 2918.1500000000000909, 37.04841023231864483, 2911.9850000000001273, 0
2918.1599999999998545, 58.424395973112510205, 2911.987999999999829, 0, 2918.1599999999998545, 64.067246365000585229, 2911.987999999999829, 1, 2918.1599999999998545, 45.149780950165478544, 2911.987999999999829, 1, 2918.1599999999998545, 37.052071227531335751, 2911.987999999999829, 0
2918.1700000000000728, 58.42122090513235122, 2911.9949999999998909, 0, 2918.1700000000000728, 64.038540184294703295, 2911.9949999999998909, 1, 2918.1700000000000728, 45.178465967240299506, 2911.9949999999998909, 1, 2918.1700000000000728, 37.059312635192654284, 2911.9949999999998909, 0
2918.1900000000000546, 58.315274766211757651, 2911.9980000000000473, 0, 2918.1900000000000546, 64.056712521737296129, 2911.9980000000000473, 1, 2918.1900000000000546, 45.139300414403059847, 2911.9980000000000473, 1, 2918.1900000000000546, 36.941344466609777442, 2911.9980000000000473, 0
2918.1900000000000546, 58.306916762323396597, 2912.0030000000001564, 0, 2918.1900000000000546, 64.012250468528392844, 2912.0030000000001564, 1, 2918.1900000000000546, 45.182874818861677113, 2912.0030000000001564, 1, 2918.1900000000000546, 36.953951730453979962, 2912.0030000000001564, 0
2918.1999999999998181, 58.296641829675102997, 2912.0079999999998108, 0, 2918.1999999999998181, 63.96202082712213155, 2912.0079999999998108, 1, 2918.1999999999998181, 45.231984469738236498, 2912.0079999999998108, 1, 2918.1999999999998181, 36.968738430330809308, 2912.0079999999998108, 0
2918.2100000000000364, 58.385625932401936211, 2912.01299999999992, 0, 2918.2100000000000364, 63.857551996782369486, 2912.01299999999992, 1, 2918.2100000000000364, 45.361337875758138694, 2912.01299999999992, 1, 2918.2100000000000364, 37.112874166870355452, 2912.01299999999992, 0
2918.2300000000000182, 58.373393157593653768, 2912.0180000000000291, 0, 2918.2300000000000182, 63.799772759035242586, 2912.0180000000000291, 1, 2918.2300000000000182, 45.418428002839021929, 2912.0180000000000291, 1, 2918.2300000000000182, 37.131422116102427822, 2912.0180000000000291, 0
2918.2399999999997817, 58.360222810602124355, 2912.0239999999998872, 0, 2918.2399999999997817, 63.739712695767863693, 2912.0239999999998872, 1, 2918.2399999999997817, 45.477672638002744065, 2912.0239999999998872, 1, 2918.2399999999997817, 37.151104103710480331, 2912.0239999999998872, 0
2918.2409999999999854, 58.346322473728214675, 2912.0279999999997926, 0, 2918.2409999999999854, 63.67848201371826633, 2912.0279999999997926, 1, 2918.2409999999999854, 45.53805747180909691, 2912.0279999999997926, 1, 2918.2409999999999854, 37.171530512726448592, 2912.0279999999997926, 0
2918.2489999999997963, 58.331923742670007016, 2912.0340000000001055, 0, 2918.2489999999997963, 63.61698822279280563, 2912.0340000000001055, 1, 2918.2489999999997963, 45.598696022830182528, 2912.0340000000001055, 1, 2918.2489999999997963, 37.192385462956067954, 2912.0340000000001055, 0
2918.2710000000001855, 58.211007945777694772, 2912.0390000000002146, 0, 2918.2710000000001855, 63.605082974235457982, 2912.0390000000002146, 1, 2918.2710000000001855, 45.57980040333791294, 2912.0390000000002146, 1, 2918.2710000000001855, 37.082545705034618777, 2912.0390000000002146, 0
2918.2710000000001855, 58.195130008374462705, 2912.043999999999869, 0, 2918.2710000000001855, 63.545268563002252904, 2912.043999999999869, 1, 2918.2710000000001855, 45.638024561725288208, 2912.043999999999869, 1, 2918.2710000000001855, 37.102739962950465724, 2912.043999999999869, 0
2918.2800000000002001, 58.179368028352271836, 2912.0479999999997744, 0, 2918.2800000000002001, 63.487328743333293346, 2912.0479999999997744, 1, 2918.2800000000002001, 45.694424238202330457, 2912.0479999999997744, 1, 2918.2800000000002001, 37.122595395209785352, 2912.0479999999997744, 0
2918.2910000000001673, 58.273703648597241056, 2912.0529999999998836, 0, 2918.2910000000001673, 63.382283784926968906, 2912.0529999999998836, 1, 2918.2910000000001673, 45.829642069791546533, 2912.0529999999998836, 1, 2918.2910000000001673, 37.27507588666027516, 2912.0529999999998836, 0
2918.3000000000001819, 58.259676900027642432, 2912.0590000000001965, 0, 2918.3000000000001819, 63.32968512169416897, 2912.0590000000001965, 1, 2918.3000000000001819, 45.881557381881975743, 2912.0590000000001965, 1, 2918.3000000000001819, 37.294304360240801088, 2912.0590000000001965, 0
2918.31899999999996, 58.246167636064001272, 2912.0630000000001019, 0, 2918.31899999999996, 63.280260990981773261, 2912.0630000000001019, 1, 2918.31899999999996, 45.930356398637073312, 2912.0630000000001019, 1, 2918.31899999999996, 37.31264680356402863, 2912.0630000000001019, 0
2918.3209999999999127, 58.233280893531969014, 2912.068000000000211, 0, 2918.3209999999999127, 63.234280310652849266, 2912.068000000000211, 1, 2918.3209999999999127, 45.975773359358065306, 2912.068000000000211, 1, 2918.3209999999999127, 37.329978618941062507, 2912.068000000000211, 0
2918.3299999999999272, 58.221692066680773792, 2912.0740000000000691, 0, 2918.3299999999999272, 63.190516032697729543, 2912.0740000000000691, 1, 2918.3299999999999272, 46.018091596155144885, 2912.0740000000000691, 1, 2918.3299999999999272, 37.346854654058439849, 2912.0740000000000691, 0
2918.3499999999999091, 58.210378144514535848, 2912.0779999999999745, 0, 2918.3499999999999091, 63.151749949386243088, 2912.0779999999999745, 1, 2918.3499999999999091, 46.056297728933856206, 2912.0779999999999745, 1, 2918.3499999999999091, 37.361980590115884127, 2912.0779999999999745, 0
2918.3499999999999091, 58.199820295131331704, 2912.0830000000000837, 0, 2918.3499999999999091, 63.117006539095875439, 2912.0830000000000837, 1, 2918.3499999999999091, 46.090670157594701095, 2912.0830000000000837, 1, 2918.3499999999999091, 37.375775695321920011, 2912.0830000000000837, 0
2918.3600000000001273, 58.190136665865466625, 2912.0900000000001455, 0, 2918.3600000000001273, 63.086102754994172415, 2912.0900000000001455, 1, 2918.3600000000001273, 46.121261471203794713, 2912.0900000000001455, 1, 2918.3600000000001273, 37.388294569006738755, 2912.0900000000001455, 0
2918.3710000000000946, 58.181352606725774024, 2912.0929999999998472, 0, 2918.3710000000000946, 63.058998278904837775, 2912.0929999999998472, 1, 2918.3710000000000946, 46.148108784943033811, 2912.0929999999998472, 1, 2918.3710000000000946, 37.39952156384400439, 2912.0929999999998472, 0
2918.3800000000001091, 58.05610307147878757, 2912.0979999999999563, 0, 2918.3800000000001091, 63.085963953834642837, 2912.0979999999999563, 1, 2918.3800000000001091, 46.085469460744207026, 2912.0979999999999563, 1, 2918.3800000000001091, 37.271329335252083581, 2912.0979999999999563, 0
2918.3890000000001237, 58.048712424340173754, 2912.1039999999998145, 0, 2918.3890000000001237, 63.066122161056426876, 2912.1039999999998145, 1, 2918.3890000000001237, 46.104839819253108146, 2912.1039999999998145, 1, 2918.3890000000001237, 37.279728062663799903, 2912.1039999999998145, 0
2918.4009999999998399, 58.042289917215597939, 2912.1080000000001746, 1, 2918.4009999999998399, 63.049728864041128418, 2912.1080000000001746, 1, 2918.4009999999998399, 46.120850571592015399, 2912.1080000000001746, 1, 2918.4009999999998399, 37.286922922246688472, 2912.1080000000001746, 1
2918.4119999999998072, 58.036813164882687488, 2912.112999999999829, 1, 2918.4119999999998072, 63.036604328138864162, 2912.112999999999829, 1, 2918.4119999999998072, 46.133674908189448161, 2912.112999999999829, 1, 2918.4119999999998072, 37.292953893178960811, 2912.112999999999829, 1
2918.4200000000000728, 58.152188220556070064, 2912.1179999999999382, 1, 2918.4200000000000728, 62.973402597543724823, 2912.1179999999999382, 1, 2918.4200000000000728, 46.231179929610888735, 2912.1179999999999382, 1, 2918.4200000000000728, 37.438222393813944677, 2912.1179999999999382, 1
2918.4290000000000873, 58.148688623031581812, 2912.1230000000000473, 1, 2918.4290000000000873, 62.966217335937429311, 2912.1230000000000473, 1, 2918.4290000000000873, 46.238350960573477266, 2912.1230000000000473, 1, 2918.4290000000000873, 37.442197710342355776, 2912.1230000000000473, 1
2918.4499999999998181, 58.025708545153854345, 2912.1269999999999527, 1, 2918.4499999999998181, 63.014758809923932859, 2912.1269999999999527, 1, 2918.4499999999998181, 46.155043366964612517, 2912.1269999999999527, 1, 2918.4499999999998181, 37.304599605938051354, 2912.1269999999999527, 1
2918.4499999999998181, 58.023632785917840238, 2912.1340000000000146, 1, 2918.4499999999998181, 63.012561851353495967, 2912.1340000000000146, 1, 2918.4499999999998181, 46.157198352557003318, 2912.1340000000000146, 1, 2918.4499999999998181, 37.306545786441716928, 2912.1340000000000146, 1
2918.4600000000000364, 58.142988687830680306, 2912.13799999999992, 1, 2918.4600000000000364, 62.958597022417947642, 2912.13799999999992, 1, 2918.4600000000000364, 46.245507458845416693, 2912.13799999999992, 1, 2918.4600000000000364, 37.44866049297033328, 2912.13799999999992, 1
2918.4800000000000182, 58.142306834031082019, 2912.1430000000000291, 1, 2918.4800000000000182, 62.960452278095530687, 2912.1430000000000291, 1, 2918.4800000000000182, 46.24370414327567147, 2912.1430000000000291, 1, 2918.4800000000000182, 37.448985692839386274, 2912.1430000000000291, 1
2918.4899999999997817, 58.142396161222237083, 2912.1489999999998872, 1, 2918.4899999999997817, 62.963439113758091992, 2912.1489999999998872, 1, 2918.4899999999997817, 46.240415968158060878, 2912.1489999999998872, 1, 2918.4899999999997817, 37.448846572041901481, 2912.1489999999998872, 1
2918.4899999999997817, 58.142802990203691138, 2912.1529999999997926, 1, 2918.4899999999997817, 62.968394939468012694, 2912.1529999999997926, 1, 2918.4899999999997817, 46.23552275676497203, 2912.1529999999997926, 1, 2918.4899999999997817, 37.447816657524832351, 2912.1529999999997926, 1
2918.5, 58.143669152579533943, 2912.1579999999999018, 1, 2918.5, 62.974562549160026492, 2912.1579999999999018, 1, 2918.5, 46.229418843824063856, 2912.1579999999999018, 1, 2918.5, 37.446228809485241129, 2912.1579999999999018, 1
2918.512000000000171, 58.144938132243581208, 2912.1640000000002146, 1, 2918.512000000000171, 62.981728616112604868, 2912.1640000000002146, 1, 2918.512000000000171, 46.222315201437254473, 2912.1640000000002146, 1, 2918.512000000000171, 37.44416092591943368, 2912.1640000000002146, 1
2918.5210000000001855, 58.026103386515870852, 2912.1680000000001201, 1, 2918.5210000000001855, 63.044200698759610191, 2912.1680000000001201, 1, 2918.5210000000001855, 46.126210531351560462, 2912.1680000000001201, 1, 2918.5210000000001855, 37.300687907482682704, 2912.1680000000001201, 1
2918.5300000000002001, 58.028165489344367245, 2912.1729999999997744, 1, 2918.5300000000002001, 63.052789185512693848, 2912.1729999999997744, 1, 2918.5300000000002001, 46.117781351025243453, 2912.1729999999997744, 1, 2918.5300000000002001, 37.29797525306894812, 2912.1729999999997744, 1
2918.5399999999999636, 58.030480505839982186, 2912.1799999999998363, 1, 2918.5399999999999636, 63.061810204658009127, 2912.1799999999998363, 0, 2918.5399999999999636, 46.108922386335265742, 2912.1799999999998363, 0, 2918.5399999999999636, 37.295006589898143545, 2912.1799999999998363, 1
2918.5599999999999454, 58.032995415990953347, 2912.1829999999999927, 1, 2918.5599999999999454, 63.071101814553671261, 2912.1829999999999927, 0, 2918.5599999999999454, 46.099792153699809205, 2912.1829999999999927, 0, 2918.5599999999999454, 37.29184473180775683, 2912.1829999999999927, 1
2918.5619999999998981, 58.035660207591448057, 2912.1880000000001019, 1, 2918.5619999999998981, 63.080516804548395271, 2912.1880000000001019, 0, 2918.5619999999998981, 46.090534903374063447, 2912.1880000000001019, 0, 2918.5619999999998981, 37.288548244156601186, 2912.1880000000001019, 1
2918.5700000000001637, 58.03842816711794228, 2912.19399999999996, 1, 2918.5700000000001637, 63.089922895094211697, 2912.19399999999996, 0, 2918.5700000000001637, 46.08128040271752468, 2912.19399999999996, 0, 2918.5700000000001637, 37.285171181427365639, 2912.19399999999996, 1
2918.5889999999999418, 58.041256102523647087, 2912.1979999999998654, 1, 2918.5889999999999418, 63.099202727698198601, 2912.1979999999998654, 0, 2918.5889999999999418, 46.072143925266622944, 2912.1979999999998654, 0, 2918.5889999999999418, 37.281762906482349251, 2912.1979999999998654, 1
2918.5889999999999418, 58.043962273644609695, 2912.2029999999999745, 1, 2918.5889999999999418, 63.107810467066741467, 2912.2029999999999745, 0, 2918.5889999999999418, 46.063663297996498613, 2912.2029999999999745, 0, 2918.5889999999999418, 37.278536371869108734, 2912.2029999999999745, 1
2918.6019999999998618, 58.046936761506046309, 2912.2080000000000837, 1, 2918.6019999999998618, 63.11698024594839751, 2912.2080000000000837, 0, 2918.6019999999998618, 46.054621835603612112, 2912.2080000000000837, 0, 2918.6019999999998618, 37.275027772129107007, 2912.2080000000000837, 1
2918.61200000000008, 58.169018056559934848, 2912.2139999999999418, 1, 2918.61200000000008, 63.071585734245331878, 2912.2139999999999418, 0, 2918.61200000000008, 46.132508913483320612, 2912.2139999999999418, 0, 2918.61200000000008, 37.411443363215674651, 2912.2139999999999418, 1
2918.6219999999998436, 58.171679158702637835, 2912.2179999999998472, 1, 2918.6219999999998436, 63.079765100406234524, 2912.2179999999998472, 0, 2918.6219999999998436, 46.124308690568312841, 2912.2179999999998472, 0, 2918.6219999999998436, 37.408073657150012536, 2912.2179999999998472, 1
2918.6320000000000618, 58.174115569801450931, 2912.2240000000001601, 1, 2918.6320000000000618, 63.087030649006152316, 2912.2240000000001601, 0, 2918.6320000000000618, 46.117015739128149221, 2912.2240000000001601, 0, 2918.6320000000000618, 37.405022611289751922, 2912.2240000000001601, 1
2918.6410000000000764, 58.058018388950991095, 2912.2280000000000655, 1, 2918.6410000000000764, 63.148760121769100806, 2912.2280000000000655, 0, 2918.6410000000000764, 46.023216693236946639, 2912.2280000000000655, 0, 2918.6410000000000764, 37.262274102372863638, 2912.2280000000000655, 1
2918.6520000000000437, 58.178523327589843461, 2912.2330000000001746, 1, 2918.6520000000000437, 63.100099777350095565, 2912.2330000000001746, 0, 2918.6520000000000437, 46.103982176154204353, 2912.2330000000001746, 0, 2918.6520000000000437, 37.399357744367073053, 2912.2330000000001746, 1
2918.6619999999998072, 58.180572804291927014, 2912.2390000000000327, 1, 2918.6619999999998072, 63.105674461264314345, 2912.2390000000000327, 0, 2918.6619999999998072, 46.098362375154792403, 2912.2390000000000327, 0, 2918.6619999999998072, 37.39687613092365126, 2912.2390000000000327, 1
2918.6720000000000255, 58.182470120922843648, 2912.2429999999999382, 1, 2918.6720000000000255, 63.110662975392216367, 2912.2429999999999382, 0, 2918.6720000000000255, 46.09332424860227917, 2912.2429999999999382, 0, 2918.6720000000000255, 37.394606895328095675, 2912.2429999999999382, 1
2918.68100000000004, 58.184208521774408496, 2912.2480000000000473, 1, 2918.68100000000004, 63.115068064373971879, 2912.2480000000000473, 0, 2918.68100000000004, 46.088865803738876536, 2912.2480000000000473, 0, 2918.68100000000004, 37.392555278503323279, 2912.2480000000000473, 1
2918.6920000000000073, 58.068021871153476354, 2912.2530000000001564, 1, 2918.6920000000000073, 63.173776535416536149, 2912.2530000000001564, 0, 2918.6920000000000073, 45.998352533163220812, 2912.2530000000001564, 0, 2918.6920000000000073, 37.251279695723390262, 2912.2530000000001564, 1
2918.7020000000002256, 58.069509105149336392, 2912.2590000000000146, 1, 2918.7020000000002256, 63.177058286742607152, 2912.2590000000000146, 0, 2918.7020000000002256, 45.995067848248382347, 2912.2590000000000146, 0, 2918.7020000000002256, 37.249711352209821769, 2912.2590000000000146, 1
2918.7119999999999891, 58.070821057937394016, 2912.2640000000001237, 1, 2918.7119999999999891, 63.179802040513564521, 2912.2640000000001237, 0, 2918.7119999999999891, 45.992311877346274684, 2912.2640000000001237, 0, 2918.7119999999999891, 37.248351921440047363, 2912.2640000000001237, 1
2918.7220000000002074, 58.071960426117399834, 2912.2680000000000291, 1, 2918.7220000000002074, 63.182033323194772834, 2912.2680000000000291, 0, 2918.7220000000002074, 45.990059988078456854, 2912.2680000000000291, 0, 2918.7220000000002074, 37.247195997737144069, 2912.2680000000000291, 1
2918.7330000000001746, 58.190228383383242772, 2912.2719999999999345, 1, 2918.7330000000001746, 63.129298328724573253, 2912.2719999999999345, 0, 2918.7330000000001746, 46.074581871473739625, 2912.2719999999999345, 0, 2918.7330000000001746, 37.385311513560395724, 2912.2719999999999345, 1
2918.7420000000001892, 58.191001616198619217, 2912.2779999999997926, 1, 2918.7420000000001892, 63.130591569232052507, 2912.2779999999997926, 0, 2918.7420000000001892, 46.073227363596359396, 2912.2779999999997926, 0, 2918.7420000000001892, 37.38451900389705429, 2912.2779999999997926, 1
2918.7519999999999527, 58.191629050482774232, 2912.2829999999999018, 1, 2918.7519999999999527, 63.131468398904004857, 2912.2829999999999018, 0, 2918.7519999999999527, 46.072289920416281461, 2912.2829999999999018, 0, 2918.7519999999999527, 37.383908886933141957, 2912.2829999999999018, 1
2918.762000000000171, 58.192118539852287995, 2912.2899999999999636, 1, 2918.762000000000171, 63.131964181016428483, 2912.2899999999999636, 0, 2918.762000000000171, 46.071734604676962022, 2912.2899999999999636, 0, 2918.762000000000171, 37.383469467498400718, 2912.2899999999999636, 1
2918.7820000000001528, 58.192404992828429044, 2912.2950000000000728, 1, 2918.7820000000001528, 63.13224363644570758, 2912.2950000000000728, 0, 2918.7820000000001528, 46.071467356573180041, 2912.2950000000000728, 0, 2918.7820000000001528, 37.383113097260320501, 2912.2950000000000728, 1
2918.7820000000001528, 58.192645383632012113, 2912.2979999999997744, 1, 2918.7820000000001528, 63.132086171206296399, 2912.2979999999997744, 0, 2918.7820000000001528, 46.071568484626908457, 2912.2979999999997744, 0, 2918.7820000000001528, 37.382976885334599615, 2912.2979999999997744, 1
2918.7919999999999163, 58.192775758337248249, 2912.3029999999998836, 1, 2918.7919999999999163, 63.131656574527951875, 2912.3029999999998836, 0, 2918.7919999999999163, 46.071943731259437982, 2912.3029999999998836, 0, 2918.7919999999999163, 37.382972211147169617, 2912.3029999999998836, 1
2918.8020000000001346, 58.192806281284347847, 2912.3079999999999927, 1, 2918.8020000000001346, 63.130990465828546121, 2912.3079999999999927, 0, 2918.8020000000001346, 46.072557662847671622, 2912.3079999999999927, 0, 2918.8020000000001346, 37.383085404986758249, 2912.3079999999999927, 1
2918.8229999999998654, 58.192697612911253202, 2912.3130000000001019, 1, 2918.8229999999998654, 63.130192739755905507, 2912.3130000000001019, 0, 2918.8229999999998654, 46.073337551056496864, 2912.3130000000001019, 0, 2918.8229999999998654, 37.383255526937325897, 2912.3130000000001019, 1
2918.8229999999998654, 58.192559408402317445, 2912.318000000000211, 1, 2918.8229999999998654, 63.129156079158860848, 2912.318000000000211, 0, 2918.8229999999998654, 46.074326713015778978, 2912.318000000000211, 0, 2918.8229999999998654, 37.383563665229651463, 2912.318000000000211, 1
2918.8319999999998799, 58.192352235186959319, 2912.3229999999998654, 1, 2918.8319999999998799, 63.127982442028510945, 2912.3229999999998654, 0, 2918.8319999999998799, 46.075455262206901352, 2912.3229999999998654, 0, 2918.8319999999998799, 37.383949385420208955, 2912.3229999999998654, 1
2918.8420000000000982, 58.192086095123229939, 2912.3279999999999745, 1, 2918.8420000000000982, 63.126701671801839666, 2912.3279999999999745, 0, 2918.8420000000000982, 46.076693342208272952, 2912.3279999999999745, 0, 2918.8420000000000982, 37.384399984340490164, 2912.3279999999999745, 1
2918.8519999999998618, 58.191742006305524626, 2912.3330000000000837, 1, 2918.8519999999998618, 63.125359803175250306, 2912.3330000000000837, 0, 2918.8519999999998618, 46.0779925574914202, 2912.3330000000000837, 0, 2918.8519999999998618, 37.384881179755211633, 2912.3330000000000837, 1
2918.86200000000008, 58.191386561543595235, 2912.3380000000001928, 1, 2918.86200000000008, 63.123946203488216611, 2912.3380000000001928, 0, 2918.86200000000008, 46.079368067692200839, 2912.3380000000001928, 0, 2918.86200000000008, 37.385425740624853574, 2912.3380000000001928, 1
2918.8719999999998436, 58.190999897334918955, 2912.3429999999998472, 1, 2918.8719999999998436, 63.12250258771065603, 2912.3429999999998472, 0, 2918.8719999999998436, 46.080775737363097733, 2912.3429999999998472, 0, 2918.8719999999998436, 37.386000750926370984, 2912.3429999999998472, 1
2918.8820000000000618, 58.190590273960381751, 2912.3479999999999563, 1, 2918.8820000000000618, 63.121050234939573897, 2912.3479999999999563, 0, 2918.8820000000000618, 46.08219414714697848, 2912.3479999999999563, 0, 2918.8820000000000618, 37.386596201447261478, 2912.3479999999999563, 1
2918.8919999999998254, 58.07290727692075194, 2912.3530000000000655, 1, 2918.8919999999998254, 63.173846906975740012, 2912.3530000000000655, 0, 2918.8919999999998254, 45.997378191263820213, 2912.3530000000000655, 0, 2918.8919999999998254, 37.248179119020505823, 2912.3530000000000655, 1
2918.9020000000000437, 58.07244604066949023, 2912.3580000000001746, 1, 2918.9020000000000437, 63.172427918439794325, 2912.3580000000001746, 0, 2918.9020000000000437, 45.998746706782853266, 2912.3580000000001746, 0, 2918.9020000000000437, 37.248770350594256229, 2912.3580000000001746, 1
2918.9119999999998072, 58.071983471232066165, 2912.362999999999829, 1, 2918.9119999999998072, 63.171050592054911021, 2912.362999999999829, 0, 2918.9119999999998072, 46.000075303809055072, 2912.362999999999829, 0, 2918.9119999999998072, 37.249357249024896532, 2912.362999999999829, 1
2918.9239999999999782, 58.18884994073116701, 2912.3690000000001419, 1, 2918.9239999999999782, 63.115438758618282122, 2912.3690000000001419, 0, 2918.9239999999999782, 46.087618976291764739, 2912.3690000000001419, 0, 2918.9239999999999782, 37.389016367147462461, 2912.3690000000001419, 1
2918.931999999999789, 58.188428063646639998, 2912.3730000000000473, 1, 2918.931999999999789, 63.114176898259515269, 2912.3730000000000473, 0, 2918.931999999999789, 46.088848009529101546, 2912.3730000000000473, 0, 2918.931999999999789, 37.38959466703250456, 2912.3730000000000473, 1
2918.9420000000000073, 58.188019910500749177, 2912.3780000000001564, 1, 2918.9420000000000073, 63.112994519804274773, 2912.3780000000001564, 0, 2918.9420000000000073, 46.09000472153857686, 2912.3780000000001564, 0, 2918.9420000000000073, 37.390149253429115106, 2912.3780000000001564, 1
2918.9529999999999745, 58.18761038762541915, 2912.3829999999998108, 1, 2918.9529999999999745, 63.111839170913597741, 2912.3829999999998108, 0, 2918.9529999999999745, 46.091133880955439395, 2912.3829999999998108, 0, 2918.9529999999999745, 37.390703014684987693, 2912.3829999999998108, 1
2918.9619999999999891, 58.187241134897789152, 2912.38799999999992, 1, 2918.9619999999999891, 63.110823026064124974, 2912.38799999999992, 0, 2918.9619999999999891, 46.092125598779638551, 2912.38799999999992, 0, 2918.9619999999999891, 37.391200689230558396, 2912.38799999999992, 1
2918.9819999999999709, 58.186913300042277797, 2912.3930000000000291, 1, 2918.9819999999999709, 63.109881878342804384, 2912.3930000000000291, 0, 2918.9819999999999709, 46.092990532477351451, 2912.3930000000000291, 0, 2918.9819999999999709, 37.391680639592351554, 2912.3930000000000291, 1
2918.9920000000001892, 58.186592074912802275, 2912.3989999999998872, 1, 2918.9920000000001892, 63.109039292919490549, 2912.3989999999998872, 0, 2918.9920000000001892, 46.093809200454742836, 2912.3989999999998872, 0, 2918.9920000000001892, 37.392111512721527333, 2912.3989999999998872, 1
2918.9920000000001892, 58.186297828441851721, 2912.4039999999999964, 1, 2918.9920000000001892, 63.108286277043532664, 2912.4039999999999964, 0, 2918.9920000000001892, 46.094538320852947777, 2912.4039999999999964, 0, 2918.9920000000001892, 37.392486889712330367, 2912.4039999999999964, 1
2919.0019999999999527, 58.186031623061651885, 2912.4079999999999018, 1, 2919.0019999999999527, 63.107622126275174423, 2912.4079999999999018, 0, 2919.0019999999999527, 46.095178457339301303, 2912.4079999999999018, 0, 2919.0019999999999527, 37.392846722874708121, 2912.4079999999999018, 1
, , 2912.4130000000000109, 1, , , 2912.4130000000000109, 0, , , 2912.4130000000000109, 0, , , 2912.4130000000000109, 1
, , 2912.418999999999869, 1, , , 2912.418999999999869, 0, , , 2912.418999999999869, 0, , , 2912.418999999999869, 1
, , 2912.4229999999997744, 1, , , 2912.4229999999997744, 0, , , 2912.4229999999997744, 0, , , 2912.4229999999997744, 1
, , 2912.4290000000000873, 1, , , 2912.4290000000000873, 0, , , 2912.4290000000000873, 0, , , 2912.4290000000000873, 1
, , 2912.4329999999999927, 1, , , 2912.4329999999999927, 1, , , 2912.4329999999999927, 1, , , 2912.4329999999999927, 1
, , 2912.4389999999998508, 1, , , 2912.4389999999998508, 1, , , 2912.4389999999998508, 1, , , 2912.4389999999998508, 1
, , 2912.443000000000211, 1, , , 2912.443000000000211, 1, , , 2912.443000000000211, 1, , , 2912.443000000000211, 1
, , 2912.4520000000002256, 1, , , 2912.4520000000002256, 1, , , 2912.4520000000002256, 1, , , 2912.4520000000002256, 1
, , 2912.4529999999999745, 1, , , 2912.4529999999999745, 1, , , 2912.4529999999999745, 1, , , 2912.4529999999999745, 1
, , 2912.4589999999998327, 1, , , 2912.4589999999998327, 1, , , 2912.4589999999998327, 1, , , 2912.4589999999998327, 1
, , 2912.4639999999999418, 1, , , 2912.4639999999999418, 1, , , 2912.4639999999999418, 1, , , 2912.4639999999999418, 1
, , 2912.4679999999998472, 1, , , 2912.4679999999998472, 1, , , 2912.4679999999998472, 1, , , 2912.4679999999998472, 1
, , 2912.4749999999999091, 1, , , 2912.4749999999999091, 1, , , 2912.4749999999999091, 1, , , 2912.4749999999999091, 1
, , 2912.4800000000000182, 1, , , 2912.4800000000000182, 1, , , 2912.4800000000000182, 1, , , 2912.4800000000000182, 1
, , 2912.4839999999999236, 1, , , 2912.4839999999999236, 1, , , 2912.4839999999999236, 1, , , 2912.4839999999999236, 1
, , 2912.487999999999829, 1, , , 2912.487999999999829, 1, , , 2912.487999999999829, 1, , , 2912.487999999999829, 1
, , 2912.4940000000001419, 1, , , 2912.4940000000001419, 1, , , 2912.4940000000001419, 1, , , 2912.4940000000001419, 1
, , 2912.4980000000000473, 1, , , 2912.4980000000000473, 1, , , 2912.4980000000000473, 1, , , 2912.4980000000000473, 1
, , 2912.5090000000000146, 0, , , 2912.5090000000000146, 1, , , 2912.5090000000000146, 1, , , 2912.5090000000000146, 0
, , 2912.5090000000000146, 0, , , 2912.5090000000000146, 1, , , 2912.5090000000000146, 1, , , 2912.5090000000000146, 0
, , 2912.512000000000171, 0, , , 2912.512000000000171, 1, , , 2912.512000000000171, 1, , , 2912.512000000000171, 0
, , 2912.5180000000000291, 0, , , 2912.5180000000000291, 1, , , 2912.5180000000000291, 1, , , 2912.5180000000000291, 0
, , 2912.5230000000001382, 0, , , 2912.5230000000001382, 1, , , 2912.5230000000001382, 1, , , 2912.5230000000001382, 0
, , 2912.5279999999997926, 0, , , 2912.5279999999997926, 1, , , 2912.5279999999997926, 1, , , 2912.5279999999997926, 0
, , 2912.5340000000001055, 0, , , 2912.5340000000001055, 1, , , 2912.5340000000001055, 1, , , 2912.5340000000001055, 0
, , 2912.5380000000000109, 0, , , 2912.5380000000000109, 1, , , 2912.5380000000000109, 1, , , 2912.5380000000000109, 0
, , 2912.5430000000001201, 0, , , 2912.5430000000001201, 1, , , 2912.5430000000001201, 1, , , 2912.5430000000001201, 0
, , 2912.5479999999997744, 0, , , 2912.5479999999997744, 1, , , 2912.5479999999997744, 1, , , 2912.5479999999997744, 0
, , 2912.5529999999998836, 0, , , 2912.5529999999998836, 1, , , 2912.5529999999998836, 1, , , 2912.5529999999998836, 0
, , 2912.5590000000001965, 0, , , 2912.5590000000001965, 1, , , 2912.5590000000001965, 1, , , 2912.5590000000001965, 0
, , 2912.5630000000001019, 0, , , 2912.5630000000001019, 1, , , 2912.5630000000001019, 1, , , 2912.5630000000001019, 0
, , 2912.568000000000211, 0, , , 2912.568000000000211, 1, , , 2912.568000000000211, 1, , , 2912.568000000000211, 0
, , 2912.5729999999998654, 0, , , 2912.5729999999998654, 1, , , 2912.5729999999998654, 1, , , 2912.5729999999998654, 0
, , 2912.5790000000001783, 0, , , 2912.5790000000001783, 1, , , 2912.5790000000001783, 1, , , 2912.5790000000001783, 0
, , 2912.5839999999998327, 0, , , 2912.5839999999998327, 1, , , 2912.5839999999998327, 1, , , 2912.5839999999998327, 0
, , 2912.5889999999999418, 0, , , 2912.5889999999999418, 1, , , 2912.5889999999999418, 1, , , 2912.5889999999999418, 0
, , 2912.5929999999998472, 0, , , 2912.5929999999998472, 1, , , 2912.5929999999998472, 1, , , 2912.5929999999998472, 0
, , 2912.5990000000001601, 0, , , 2912.5990000000001601, 1, , , 2912.5990000000001601, 1, , , 2912.5990000000001601, 0
, , 2912.6030000000000655, 0, , , 2912.6030000000000655, 1, , , 2912.6030000000000655, 1, , , 2912.6030000000000655, 0
, , 2912.6080000000001746, 0, , , 2912.6080000000001746, 1, , , 2912.6080000000001746, 1, , , 2912.6080000000001746, 0
, , 2912.61200000000008, 0, , , 2912.61200000000008, 1, , , 2912.61200000000008, 1, , , 2912.61200000000008, 0
, , 2912.6179999999999382, 0, , , 2912.6179999999999382, 1, , , 2912.6179999999999382, 1, , , 2912.6179999999999382, 0
, , 2912.6230000000000473, 0, , , 2912.6230000000000473, 1, , , 2912.6230000000000473, 1, , , 2912.6230000000000473, 0
, , 2912.6280000000001564, 0, , , 2912.6280000000001564, 1, , , 2912.6280000000001564, 1, , , 2912.6280000000001564, 0
, , 2912.6340000000000146, 0, , , 2912.6340000000000146, 1, , , 2912.6340000000000146, 1, , , 2912.6340000000000146, 0
, , 2912.63799999999992, 0, , , 2912.63799999999992, 1, , , 2912.63799999999992, 1, , , 2912.63799999999992, 0
, , 2912.6439999999997781, 0, , , 2912.6439999999997781, 1, , , 2912.6439999999997781, 1, , , 2912.6439999999997781, 0
, , 2912.6480000000001382, 0, , , 2912.6480000000001382, 1, , , 2912.6480000000001382, 1, , , 2912.6480000000001382, 0
, , 2912.6520000000000437, 0, , , 2912.6520000000000437, 1, , , 2912.6520000000000437, 1, , , 2912.6520000000000437, 0
, , 2912.6599999999998545, 0, , , 2912.6599999999998545, 1, , , 2912.6599999999998545, 1, , , 2912.6599999999998545, 0
, , 2912.6630000000000109, 0, , , 2912.6630000000000109, 1, , , 2912.6630000000000109, 1, , , 2912.6630000000000109, 0
, , 2912.668999999999869, 0, , , 2912.668999999999869, 1, , , 2912.668999999999869, 1, , , 2912.668999999999869, 0
, , 2912.6739999999999782, 0, , , 2912.6739999999999782, 1, , , 2912.6739999999999782, 1, , , 2912.6739999999999782, 0
, , 2912.6779999999998836, 0, , , 2912.6779999999998836, 1, , , 2912.6779999999998836, 1, , , 2912.6779999999998836, 0
, , 2912.6829999999999927, 0, , , 2912.6829999999999927, 1, , , 2912.6829999999999927, 1, , , 2912.6829999999999927, 0
, , 2912.6869999999998981, 0, , , 2912.6869999999998981, 1, , , 2912.6869999999998981, 1, , , 2912.6869999999998981, 0
, , 2912.693000000000211, 0, , , 2912.693000000000211, 1, , , 2912.693000000000211, 1, , , 2912.693000000000211, 0
, , 2912.6990000000000691, 0, , , 2912.6990000000000691, 1, , , 2912.6990000000000691, 1, , , 2912.6990000000000691, 0
, , 2912.7029999999999745, 0, , , 2912.7029999999999745, 1, , , 2912.7029999999999745, 1, , , 2912.7029999999999745, 0
, , 2912.7089999999998327, 0, , , 2912.7089999999998327, 1, , , 2912.7089999999998327, 1, , , 2912.7089999999998327, 0
, , 2912.7130000000001928, 0, , , 2912.7130000000001928, 1, , , 2912.7130000000001928, 1, , , 2912.7130000000001928, 0
, , 2912.7170000000000982, 0, , , 2912.7170000000000982, 1, , , 2912.7170000000000982, 1, , , 2912.7170000000000982, 0
, , 2912.7229999999999563, 0, , , 2912.7229999999999563, 1, , , 2912.7229999999999563, 1, , , 2912.7229999999999563, 0
, , 2912.7280000000000655, 0, , , 2912.7280000000000655, 1, , , 2912.7280000000000655, 1, , , 2912.7280000000000655, 0
, , 2912.7330000000001746, 0, , , 2912.7330000000001746, 1, , , 2912.7330000000001746, 1, , , 2912.7330000000001746, 0
, , 2912.737999999999829, 0, , , 2912.737999999999829, 1, , , 2912.737999999999829, 1, , , 2912.737999999999829, 0
, , 2912.7429999999999382, 0, , , 2912.7429999999999382, 1, , , 2912.7429999999999382, 1, , , 2912.7429999999999382, 0
, , 2912.7489999999997963, 0, , , 2912.7489999999997963, 1, , , 2912.7489999999997963, 1, , , 2912.7489999999997963, 0
, , 2912.7539999999999054, 0, , , 2912.7539999999999054, 1, , , 2912.7539999999999054, 1, , , 2912.7539999999999054, 0
, , 2912.7579999999998108, 0, , , 2912.7579999999998108, 1, , , 2912.7579999999998108, 1, , , 2912.7579999999998108, 0
, , 2912.76299999999992, 1, , , 2912.76299999999992, 1, , , 2912.76299999999992, 1, , , 2912.76299999999992, 1
, , 2912.7689999999997781, 1, , , 2912.7689999999997781, 1, , , 2912.7689999999997781, 1, , , 2912.7689999999997781, 1
, , 2912.7739999999998872, 1, , , 2912.7739999999998872, 1, , , 2912.7739999999998872, 1, , , 2912.7739999999998872, 1
, , 2912.7779999999997926, 1, , , 2912.7779999999997926, 1, , , 2912.7779999999997926, 1, , , 2912.7779999999997926, 1
, , 2912.7829999999999018, 1, , , 2912.7829999999999018, 1, , , 2912.7829999999999018, 1, , , 2912.7829999999999018, 1
, , 2912.7880000000000109, 1, , , 2912.7880000000000109, 1, , , 2912.7880000000000109, 1, , , 2912.7880000000000109, 1
, , 2912.793999999999869, 1, , , 2912.793999999999869, 1, , , 2912.793999999999869, 1, , , 2912.793999999999869, 1
, , 2912.7979999999997744, 1, , , 2912.7979999999997744, 1, , , 2912.7979999999997744, 1, , , 2912.7979999999997744, 1
, , 2912.8040000000000873, 1, , , 2912.8040000000000873, 1, , , 2912.8040000000000873, 1, , , 2912.8040000000000873, 1
, , 2912.8079999999999927, 1, , , 2912.8079999999999927, 1, , , 2912.8079999999999927, 1, , , 2912.8079999999999927, 1
, , 2912.8130000000001019, 1, , , 2912.8130000000001019, 1, , , 2912.8130000000001019, 1, , , 2912.8130000000001019, 1
, , 2912.8200000000001637, 1, , , 2912.8200000000001637, 1, , , 2912.8200000000001637, 1, , , 2912.8200000000001637, 1
, , 2912.8229999999998654, 1, , , 2912.8229999999998654, 1, , , 2912.8229999999998654, 1, , , 2912.8229999999998654, 1
, , 2912.8279999999999745, 1, , , 2912.8279999999999745, 1, , , 2912.8279999999999745, 1, , , 2912.8279999999999745, 1
, , 2912.8319999999998799, 1, , , 2912.8319999999998799, 1, , , 2912.8319999999998799, 1, , , 2912.8319999999998799, 1
, , 2912.8380000000001928, 1, , , 2912.8380000000001928, 0, , , 2912.8380000000001928, 0, , , 2912.8380000000001928, 1
, , 2912.8429999999998472, 1, , , 2912.8429999999998472, 0, , , 2912.8429999999998472, 0, , , 2912.8429999999998472, 1
, , 2912.8479999999999563, 1, , , 2912.8479999999999563, 0, , , 2912.8479999999999563, 0, , , 2912.8479999999999563, 1
, , 2912.8530000000000655, 1, , , 2912.8530000000000655, 0, , , 2912.8530000000000655, 0, , , 2912.8530000000000655, 1
, , 2912.8580000000001746, 1, , , 2912.8580000000001746, 0, , , 2912.8580000000001746, 0, , , 2912.8580000000001746, 1
, , 2912.8640000000000327, 1, , , 2912.8640000000000327, 0, , , 2912.8640000000000327, 0, , , 2912.8640000000000327, 1
, , 2912.8699999999998909, 1, , , 2912.8699999999998909, 0, , , 2912.8699999999998909, 0, , , 2912.8699999999998909, 1
, , 2912.8730000000000473, 1, , , 2912.8730000000000473, 0, , , 2912.8730000000000473, 0, , , 2912.8730000000000473, 1
, , 2912.8780000000001564, 1, , , 2912.8780000000001564, 0, , , 2912.8780000000001564, 0, , , 2912.8780000000001564, 1
, , 2912.8829999999998108, 1, , , 2912.8829999999998108, 0, , , 2912.8829999999998108, 0, , , 2912.8829999999998108, 1
, , 2912.8890000000001237, 1, , , 2912.8890000000001237, 0, , , 2912.8890000000001237, 0, , , 2912.8890000000001237, 1
, , 2912.8930000000000291, 1, , , 2912.8930000000000291, 0, , , 2912.8930000000000291, 0, , , 2912.8930000000000291, 1
, , 2912.8980000000001382, 1, , , 2912.8980000000001382, 0, , , 2912.8980000000001382, 0, , , 2912.8980000000001382, 1
, , 2912.9039999999999964, 1, , , 2912.9039999999999964, 0, , , 2912.9039999999999964, 0, , , 2912.9039999999999964, 1
, , 2912.9090000000001055, 1, , , 2912.9090000000001055, 0, , , 2912.9090000000001055, 0, , , 2912.9090000000001055, 1
, , 2912.9130000000000109, 1, , , 2912.9130000000000109, 0, , , 2912.9130000000000109, 0, , , 2912.9130000000000109, 1
, , 2912.9200000000000728, 1, , , 2912.9200000000000728, 0, , , 2912.9200000000000728, 0, , , 2912.9200000000000728, 1
, , 2912.9229999999997744, 1, , , 2912.9229999999997744, 0, , , 2912.9229999999997744, 0, , , 2912.9229999999997744, 1
, , 2912.9279999999998836, 1, , , 2912.9279999999998836, 0, , , 2912.9279999999998836, 0, , , 2912.9279999999998836, 1
, , 2912.9340000000001965, 1, , , 2912.9340000000001965, 0, , , 2912.9340000000001965, 0, , , 2912.9340000000001965, 1
, , 2912.9389999999998508, 1, , , 2912.9389999999998508, 0, , , 2912.9389999999998508, 0, , , 2912.9389999999998508, 1
, , 2912.94399999999996, 1, , , 2912.94399999999996, 0, , , 2912.94399999999996, 0, , , 2912.94399999999996, 1
, , 2912.9490000000000691, 1, , , 2912.9490000000000691, 0, , , 2912.9490000000000691, 0, , , 2912.9490000000000691, 1
, , 2912.9529999999999745, 1, , , 2912.9529999999999745, 0, , , 2912.9529999999999745, 0, , , 2912.9529999999999745, 1
, , 2912.9580000000000837, 1, , , 2912.9580000000000837, 0, , , 2912.9580000000000837, 0, , , 2912.9580000000000837, 1
, , 2912.9630000000001928, 1, , , 2912.9630000000001928, 0, , , 2912.9630000000001928, 0, , , 2912.9630000000001928, 1
, , 2912.9690000000000509, 1, , , 2912.9690000000000509, 0, , , 2912.9690000000000509, 0, , , 2912.9690000000000509, 1
, , 2912.9729999999999563, 1, , , 2912.9729999999999563, 0, , , 2912.9729999999999563, 0, , , 2912.9729999999999563, 1
, , 2912.9780000000000655, 1, , , 2912.9780000000000655, 0, , , 2912.9780000000000655, 0, , , 2912.9780000000000655, 1
, , 2912.9830000000001746, 1, , , 2912.9830000000001746, 0, , , 2912.9830000000001746, 0, , , 2912.9830000000001746, 1
, , 2912.98700000000008, 1, , , 2912.98700000000008, 0, , , 2912.98700000000008, 0, , , 2912.98700000000008, 1
, , 2912.9929999999999382, 1, , , 2912.9929999999999382, 0, , , 2912.9929999999999382, 0, , , 2912.9929999999999382, 1
, , 2912.9989999999997963, 1, , , 2912.9989999999997963, 0, , , 2912.9989999999997963, 0, , , 2912.9989999999997963, 1
, , 2913.0030000000001564, 1, , , 2913.0030000000001564, 0, , , 2913.0030000000001564, 0, , , 2913.0030000000001564, 1
, , 2913.0079999999998108, 1, , , 2913.0079999999998108, 0, , , 2913.0079999999998108, 0, , , 2913.0079999999998108, 1
, , 2913.0109999999999673, 1, , , 2913.0109999999999673, 0, , , 2913.0109999999999673, 0, , , 2913.0109999999999673, 1
, , 2913.0189999999997781, 1, , , 2913.0189999999997781, 0, , , 2913.0189999999997781, 0, , , 2913.0189999999997781, 1
, , 2913.0259999999998399, 1, , , 2913.0259999999998399, 0, , , 2913.0259999999998399, 0, , , 2913.0259999999998399, 1
, , 2913.0289999999999964, 1, , , 2913.0289999999999964, 0, , , 2913.0289999999999964, 0, , , 2913.0289999999999964, 1
, , 2913.0329999999999018, 1, , , 2913.0329999999999018, 0, , , 2913.0329999999999018, 0, , , 2913.0329999999999018, 1
, , 2913.0380000000000109, 1, , , 2913.0380000000000109, 0, , , 2913.0380000000000109, 0, , , 2913.0380000000000109, 1
, , 2913.0430000000001201, 1, , , 2913.0430000000001201, 0, , , 2913.0430000000001201, 0, , , 2913.0430000000001201, 1
, , 2913.0489999999999782, 1, , , 2913.0489999999999782, 0, , , 2913.0489999999999782, 0, , , 2913.0489999999999782, 1
, , 2913.0529999999998836, 1, , , 2913.0529999999998836, 0, , , 2913.0529999999998836, 0, , , 2913.0529999999998836, 1
, , 2913.0579999999999927, 1, , , 2913.0579999999999927, 0, , , 2913.0579999999999927, 0, , , 2913.0579999999999927, 1
, , 2913.0630000000001019, 1, , , 2913.0630000000001019, 0, , , 2913.0630000000001019, 0, , , 2913.0630000000001019, 1
, , 2913.06899999999996, 1, , , 2913.06899999999996, 0, , , 2913.06899999999996, 0, , , 2913.06899999999996, 1
, , 2913.0740000000000691, 1, , , 2913.0740000000000691, 0, , , 2913.0740000000000691, 0, , , 2913.0740000000000691, 1
, , 2913.0779999999999745, 1, , , 2913.0779999999999745, 0, , , 2913.0779999999999745, 0, , , 2913.0779999999999745, 1
, , 2913.0830000000000837, 1, , , 2913.0830000000000837, 0, , , 2913.0830000000000837, 0, , , 2913.0830000000000837, 1
, , 2913.0880000000001928, 1, , , 2913.0880000000001928, 1, , , 2913.0880000000001928, 1, , , 2913.0880000000001928, 1
, , 2913.0940000000000509, 1, , , 2913.0940000000000509, 1, , , 2913.0940000000000509, 1, , , 2913.0940000000000509, 1
, , 2913.0990000000001601, 1, , , 2913.0990000000001601, 1, , , 2913.0990000000001601, 1, , , 2913.0990000000001601, 1
, , 2913.1030000000000655, 1, , , 2913.1030000000000655, 1, , , 2913.1030000000000655, 1, , , 2913.1030000000000655, 1
, , 2913.1080000000001746, 1, , , 2913.1080000000001746, 1, , , 2913.1080000000001746, 1, , , 2913.1080000000001746, 1
, , 2913.112999999999829, 1, , , 2913.112999999999829, 1, , , 2913.112999999999829, 1, , , 2913.112999999999829, 1
, , 2913.1190000000001419, 1, , , 2913.1190000000001419, 1, , , 2913.1190000000001419, 1, , , 2913.1190000000001419, 1
, , 2913.1230000000000473, 1, , , 2913.1230000000000473, 1, , , 2913.1230000000000473, 1, , , 2913.1230000000000473, 1
, , 2913.1289999999999054, 1, , , 2913.1289999999999054, 1, , , 2913.1289999999999054, 1, , , 2913.1289999999999054, 1
, , 2913.1329999999998108, 1, , , 2913.1329999999998108, 1, , , 2913.1329999999998108, 1, , , 2913.1329999999998108, 1
, , 2913.1390000000001237, 1, , , 2913.1390000000001237, 1, , , 2913.1390000000001237, 1, , , 2913.1390000000001237, 1
, , 2913.1430000000000291, 1, , , 2913.1430000000000291, 1, , , 2913.1430000000000291, 1, , , 2913.1430000000000291, 1
, , 2913.1480000000001382, 1, , , 2913.1480000000001382, 1, , , 2913.1480000000001382, 1, , , 2913.1480000000001382, 1
, , 2913.1529999999997926, 1, , , 2913.1529999999997926, 1, , , 2913.1529999999997926, 1, , , 2913.1529999999997926, 1
, , 2913.1579999999999018, 1, , , 2913.1579999999999018, 1, , , 2913.1579999999999018, 1, , , 2913.1579999999999018, 1
, , 2913.1630000000000109, 0, , , 2913.1630000000000109, 1, , , 2913.1630000000000109, 1, , , 2913.1630000000000109, 0
, , 2913.168999999999869, 0, , , 2913.168999999999869, 1, , , 2913.168999999999869, 1, , , 2913.168999999999869, 0
, , 2913.1729999999997744, 0, , , 2913.1729999999997744, 1, , , 2913.1729999999997744, 1, , , 2913.1729999999997744, 0
, , 2913.1779999999998836, 0, , , 2913.1779999999998836, 1, , , 2913.1779999999998836, 1, , , 2913.1779999999998836, 0
, , 2913.1829999999999927, 0, , , 2913.1829999999999927, 1, , , 2913.1829999999999927, 1, , , 2913.1829999999999927, 0
, , 2913.1880000000001019, 0, , , 2913.1880000000001019, 1, , , 2913.1880000000001019, 1, , , 2913.1880000000001019, 0
, , 2913.193000000000211, 0, , , 2913.193000000000211, 1, , , 2913.193000000000211, 1, , , 2913.193000000000211, 0
, , 2913.1999999999998181, 0, , , 2913.1999999999998181, 1, , , 2913.1999999999998181, 1, , , 2913.1999999999998181, 0
, , 2913.2029999999999745, 0, , , 2913.2029999999999745, 1, , , 2913.2029999999999745, 1, , , 2913.2029999999999745, 0
, , 2913.2080000000000837, 0, , , 2913.2080000000000837, 1, , , 2913.2080000000000837, 1, , , 2913.2080000000000837, 0
, , 2913.2139999999999418, 0, , , 2913.2139999999999418, 1, , , 2913.2139999999999418, 1, , , 2913.2139999999999418, 0
, , 2913.2179999999998472, 0, , , 2913.2179999999998472, 1, , , 2913.2179999999998472, 1, , , 2913.2179999999998472, 0
, , 2913.2229999999999563, 0, , , 2913.2229999999999563, 1, , , 2913.2229999999999563, 1, , , 2913.2229999999999563, 0
, , 2913.2280000000000655, 0, , , 2913.2280000000000655, 1, , , 2913.2280000000000655, 1, , , 2913.2280000000000655, 0
, , 2913.2339999999999236, 0, , , 2913.2339999999999236, 1, , , 2913.2339999999999236, 1, , , 2913.2339999999999236, 0
, , 2913.237999999999829, 0, , , 2913.237999999999829, 1, , , 2913.237999999999829, 1, , , 2913.237999999999829, 0
, , 2913.2420000000001892, 0, , , 2913.2420000000001892, 1, , , 2913.2420000000001892, 1, , , 2913.2420000000001892, 0
, , 2913.2480000000000473, 0, , , 2913.2480000000000473, 1, , , 2913.2480000000000473, 1, , , 2913.2480000000000473, 0
, , 2913.2530000000001564, 0, , , 2913.2530000000001564, 1, , , 2913.2530000000001564, 1, , , 2913.2530000000001564, 0
, , 2913.2579999999998108, 0, , , 2913.2579999999998108, 1, , , 2913.2579999999998108, 1, , , 2913.2579999999998108, 0
, , 2913.2649999999998727, 0, , , 2913.2649999999998727, 1, , , 2913.2649999999998727, 1, , , 2913.2649999999998727, 0
, , 2913.2669999999998254, 0, , , 2913.2669999999998254, 1, , , 2913.2669999999998254, 1, , , 2913.2669999999998254, 0
, , 2913.2739999999998872, 0, , , 2913.2739999999998872, 1, , , 2913.2739999999998872, 1, , , 2913.2739999999998872, 0
, , 2913.2800000000002001, 0, , , 2913.2800000000002001, 1, , , 2913.2800000000002001, 1, , , 2913.2800000000002001, 0
, , 2913.2829999999999018, 0, , , 2913.2829999999999018, 1, , , 2913.2829999999999018, 1, , , 2913.2829999999999018, 0
, , 2913.2890000000002146, 0, , , 2913.2890000000002146, 1, , , 2913.2890000000002146, 1, , , 2913.2890000000002146, 0
, , 2913.2930000000001201, 0, , , 2913.2930000000001201, 1, , , 2913.2930000000001201, 1, , , 2913.2930000000001201, 0
, , 2913.2979999999997744, 0, , , 2913.2979999999997744, 1, , , 2913.2979999999997744, 1, , , 2913.2979999999997744, 0
, , 2913.3040000000000873, 0, , , 2913.3040000000000873, 1, , , 2913.3040000000000873, 1, , , 2913.3040000000000873, 0
, , 2913.3079999999999927, 0, , , 2913.3079999999999927, 1, , , 2913.3079999999999927, 1, , , 2913.3079999999999927, 0
, , 2913.3119999999998981, 0, , , 2913.3119999999998981, 1, , , 2913.3119999999998981, 1, , , 2913.3119999999998981, 0
, , 2913.318000000000211, 0, , , 2913.318000000000211, 1, , , 2913.318000000000211, 1, , , 2913.318000000000211, 0
, , 2913.3220000000001164, 0, , , 2913.3220000000001164, 1, , , 2913.3220000000001164, 1, , , 2913.3220000000001164, 0
, , 2913.3279999999999745, 0, , , 2913.3279999999999745, 1, , , 2913.3279999999999745, 1, , , 2913.3279999999999745, 0
, , 2913.3330000000000837, 0, , , 2913.3330000000000837, 1, , , 2913.3330000000000837, 1, , , 2913.3330000000000837, 0
, , 2913.3380000000001928, 0, , , 2913.3380000000001928, 1, , , 2913.3380000000001928, 1, , , 2913.3380000000001928, 0
, , 2913.3429999999998472, 0, , , 2913.3429999999998472, 1, , , 2913.3429999999998472, 1, , , 2913.3429999999998472, 0
, , 2913.3479999999999563, 0, , , 2913.3479999999999563, 1, , , 2913.3479999999999563, 1, , , 2913.3479999999999563, 0
, , 2913.3530000000000655, 0, , , 2913.3530000000000655, 1, , , 2913.3530000000000655, 1, , , 2913.3530000000000655, 0
, , 2913.3580000000001746, 0, , , 2913.3580000000001746, 1, , , 2913.3580000000001746, 1, , , 2913.3580000000001746, 0
, , 2913.362999999999829, 0, , , 2913.362999999999829, 1, , , 2913.362999999999829, 1, , , 2913.362999999999829, 0
, , 2913.3679999999999382, 0, , , 2913.3679999999999382, 1, , , 2913.3679999999999382, 1, , , 2913.3679999999999382, 0
, , 2913.3730000000000473, 0, , , 2913.3730000000000473, 1, , , 2913.3730000000000473, 1, , , 2913.3730000000000473, 0
, , 2913.3780000000001564, 0, , , 2913.3780000000001564, 1, , , 2913.3780000000001564, 1, , , 2913.3780000000001564, 0
, , 2913.3829999999998108, 0, , , 2913.3829999999998108, 1, , , 2913.3829999999998108, 1, , , 2913.3829999999998108, 0
, , 2913.38799999999992, 0, , , 2913.38799999999992, 1, , , 2913.38799999999992, 1, , , 2913.38799999999992, 0
, , 2913.3930000000000291, 0, , , 2913.3930000000000291, 1, , , 2913.3930000000000291, 1, , , 2913.3930000000000291, 0
, , 2913.3989999999998872, 0, , , 2913.3989999999998872, 1, , , 2913.3989999999998872, 1, , , 2913.3989999999998872, 0
, , 2913.4029999999997926, 0, , , 2913.4029999999997926, 1, , , 2913.4029999999997926, 1, , , 2913.4029999999997926, 0
, , 2913.4079999999999018, 0, , , 2913.4079999999999018, 1, , , 2913.4079999999999018, 1, , , 2913.4079999999999018, 0
, , 2913.4130000000000109, 1, , , 2913.4130000000000109, 1, , , 2913.4130000000000109, 1, , , 2913.4130000000000109, 1
, , 2913.418999999999869, 1, , , 2913.418999999999869, 1, , , 2913.418999999999869, 1, , , 2913.418999999999869, 1
, , 2913.4229999999997744, 1, , , 2913.4229999999997744, 1, , , 2913.4229999999997744, 1, , , 2913.4229999999997744, 1
, , 2913.4279999999998836, 1, , , 2913.4279999999998836, 1, , , 2913.4279999999998836, 1, , , 2913.4279999999998836, 1
, , 2913.4340000000001965, 1, , , 2913.4340000000001965, 1, , , 2913.4340000000001965, 1, , , 2913.4340000000001965, 1
, , 2913.4380000000001019, 1, , , 2913.4380000000001019, 1, , , 2913.4380000000001019, 1, , , 2913.4380000000001019, 1
, , 2913.443000000000211, 1, , , 2913.443000000000211, 1, , , 2913.443000000000211, 1, , , 2913.443000000000211, 1
, , 2913.4490000000000691, 1, , , 2913.4490000000000691, 1, , , 2913.4490000000000691, 1, , , 2913.4490000000000691, 1
, , 2913.4529999999999745, 1, , , 2913.4529999999999745, 1, , , 2913.4529999999999745, 1, , , 2913.4529999999999745, 1
, , 2913.4580000000000837, 1, , , 2913.4580000000000837, 1, , , 2913.4580000000000837, 1, , , 2913.4580000000000837, 1
, , 2913.4639999999999418, 1, , , 2913.4639999999999418, 1, , , 2913.4639999999999418, 1, , , 2913.4639999999999418, 1
, , 2913.4679999999998472, 1, , , 2913.4679999999998472, 1, , , 2913.4679999999998472, 1, , , 2913.4679999999998472, 1
, , 2913.4729999999999563, 1, , , 2913.4729999999999563, 1, , , 2913.4729999999999563, 1, , , 2913.4729999999999563, 1
, , 2913.4780000000000655, 1, , , 2913.4780000000000655, 1, , , 2913.4780000000000655, 1, , , 2913.4780000000000655, 1
, , 2913.4830000000001746, 1, , , 2913.4830000000001746, 1, , , 2913.4830000000001746, 1, , , 2913.4830000000001746, 1
, , 2913.487999999999829, 1, , , 2913.487999999999829, 0, , , 2913.487999999999829, 0, , , 2913.487999999999829, 1
, , 2913.4929999999999382, 1, , , 2913.4929999999999382, 0, , , 2913.4929999999999382, 0, , , 2913.4929999999999382, 1
, , 2913.4980000000000473, 1, , , 2913.4980000000000473, 0, , , 2913.4980000000000473, 0, , , 2913.4980000000000473, 1
, , 2913.5030000000001564, 1, , , 2913.5030000000001564, 0, , , 2913.5030000000001564, 0, , , 2913.5030000000001564, 1
, , 2913.5079999999998108, 1, , , 2913.5079999999998108, 0, , , 2913.5079999999998108, 0, , , 2913.5079999999998108, 1
, , 2913.51299999999992, 1, , , 2913.51299999999992, 0, , , 2913.51299999999992, 0, , , 2913.51299999999992, 1
, , 2913.5189999999997781, 1, , , 2913.5189999999997781, 0, , , 2913.5189999999997781, 0, , , 2913.5189999999997781, 1
, , 2913.5230000000001382, 1, , , 2913.5230000000001382, 0, , , 2913.5230000000001382, 0, , , 2913.5230000000001382, 1
, , 2913.5289999999999964, 1, , , 2913.5289999999999964, 0, , , 2913.5289999999999964, 0, , , 2913.5289999999999964, 1
, , 2913.5329999999999018, 1, , , 2913.5329999999999018, 0, , , 2913.5329999999999018, 0, , , 2913.5329999999999018, 1
, , 2913.5380000000000109, 1, , , 2913.5380000000000109, 0, , , 2913.5380000000000109, 0, , , 2913.5380000000000109, 1
, , 2913.5450000000000728, 1, , , 2913.5450000000000728, 0, , , 2913.5450000000000728, 0, , , 2913.5450000000000728, 1
, , 2913.5479999999997744, 1, , , 2913.5479999999997744, 0, , , 2913.5479999999997744, 0, , , 2913.5479999999997744, 1
, , 2913.5529999999998836, 1, , , 2913.5529999999998836, 0, , , 2913.5529999999998836, 0, , , 2913.5529999999998836, 1
, , 2913.5579999999999927, 1, , , 2913.5579999999999927, 0, , , 2913.5579999999999927, 0, , , 2913.5579999999999927, 1
, , 2913.5639999999998508, 1, , , 2913.5639999999998508, 0, , , 2913.5639999999998508, 0, , , 2913.5639999999998508, 1
, , 2913.568000000000211, 1, , , 2913.568000000000211, 0, , , 2913.568000000000211, 0, , , 2913.568000000000211, 1
, , 2913.5729999999998654, 1, , , 2913.5729999999998654, 0, , , 2913.5729999999998654, 0, , , 2913.5729999999998654, 1
, , 2913.5779999999999745, 1, , , 2913.5779999999999745, 0, , , 2913.5779999999999745, 0, , , 2913.5779999999999745, 1
, , 2913.5830000000000837, 1, , , 2913.5830000000000837, 0, , , 2913.5830000000000837, 0, , , 2913.5830000000000837, 1
, , 2913.5889999999999418, 1, , , 2913.5889999999999418, 0, , , 2913.5889999999999418, 0, , , 2913.5889999999999418, 1
, , 2913.5929999999998472, 1, , , 2913.5929999999998472, 0, , , 2913.5929999999998472, 0, , , 2913.5929999999998472, 1
, , 2913.5979999999999563, 1, , , 2913.5979999999999563, 0, , , 2913.5979999999999563, 0, , , 2913.5979999999999563, 1
, , 2913.6030000000000655, 1, , , 2913.6030000000000655, 0, , , 2913.6030000000000655, 0, , , 2913.6030000000000655, 1
, , 2913.6080000000001746, 1, , , 2913.6080000000001746, 0, , , 2913.6080000000001746, 0, , , 2913.6080000000001746, 1
, , 2913.6140000000000327, 1, , , 2913.6140000000000327, 0, , , 2913.6140000000000327, 0, , , 2913.6140000000000327, 1
, , 2913.6179999999999382, 1, , , 2913.6179999999999382, 0, , , 2913.6179999999999382, 0, , , 2913.6179999999999382, 1
, , 2913.6239999999997963, 1, , , 2913.6239999999997963, 0, , , 2913.6239999999997963, 0, , , 2913.6239999999997963, 1
, , 2913.6280000000001564, 1, , , 2913.6280000000001564, 0, , , 2913.6280000000001564, 0, , , 2913.6280000000001564, 1
, , 2913.6340000000000146, 1, , , 2913.6340000000000146, 0, , , 2913.6340000000000146, 0, , , 2913.6340000000000146, 1
, , 2913.63799999999992, 1, , , 2913.63799999999992, 0, , , 2913.63799999999992, 0, , , 2913.63799999999992, 1
, , 2913.6430000000000291, 1, , , 2913.6430000000000291, 0, , , 2913.6430000000000291, 0, , , 2913.6430000000000291, 1
, , 2913.6489999999998872, 1, , , 2913.6489999999998872, 0, , , 2913.6489999999998872, 0, , , 2913.6489999999998872, 1
, , 2913.6539999999999964, 1, , , 2913.6539999999999964, 0, , , 2913.6539999999999964, 0, , , 2913.6539999999999964, 1
, , 2913.6579999999999018, 1, , , 2913.6579999999999018, 0, , , 2913.6579999999999018, 0, , , 2913.6579999999999018, 1
, , 2913.6630000000000109, 1, , , 2913.6630000000000109, 0, , , 2913.6630000000000109, 0, , , 2913.6630000000000109, 1
, , 2913.6680000000001201, 1, , , 2913.6680000000001201, 0, , , 2913.6680000000001201, 0, , , 2913.6680000000001201, 1
, , 2913.6729999999997744, 1, , , 2913.6729999999997744, 0, , , 2913.6729999999997744, 0, , , 2913.6729999999997744, 1
, , 2913.6779999999998836, 1, , , 2913.6779999999998836, 0, , , 2913.6779999999998836, 0, , , 2913.6779999999998836, 1
, , 2913.6829999999999927, 1, , , 2913.6829999999999927, 0, , , 2913.6829999999999927, 0, , , 2913.6829999999999927, 1
, , 2913.6900000000000546, 1, , , 2913.6900000000000546, 0, , , 2913.6900000000000546, 0, , , 2913.6900000000000546, 1
, , 2913.693000000000211, 1, , , 2913.693000000000211, 0, , , 2913.693000000000211, 0, , , 2913.693000000000211, 1
, , 2913.6979999999998654, 1, , , 2913.6979999999998654, 0, , , 2913.6979999999998654, 0, , , 2913.6979999999998654, 1
, , 2913.7029999999999745, 1, , , 2913.7029999999999745, 0, , , 2913.7029999999999745, 0, , , 2913.7029999999999745, 1
, , 2913.7080000000000837, 1, , , 2913.7080000000000837, 0, , , 2913.7080000000000837, 0, , , 2913.7080000000000837, 1
, , 2913.7119999999999891, 1, , , 2913.7119999999999891, 0, , , 2913.7119999999999891, 0, , , 2913.7119999999999891, 1
, , 2913.7179999999998472, 1, , , 2913.7179999999998472, 0, , , 2913.7179999999998472, 0, , , 2913.7179999999998472, 1
, , 2913.7229999999999563, 1, , , 2913.7229999999999563, 0, , , 2913.7229999999999563, 0, , , 2913.7229999999999563, 1
, , 2913.7289999999998145, 1, , , 2913.7289999999998145, 0, , , 2913.7289999999998145, 0, , , 2913.7289999999998145, 1
, , 2913.7339999999999236, 1, , , 2913.7339999999999236, 0, , , 2913.7339999999999236, 0, , , 2913.7339999999999236, 1
, , 2913.737999999999829, 1, , , 2913.737999999999829, 1, , , 2913.737999999999829, 1, , , 2913.737999999999829, 1
, , 2913.7429999999999382, 1, , , 2913.7429999999999382, 1, , , 2913.7429999999999382, 1, , , 2913.7429999999999382, 1
, , 2913.7480000000000473, 1, , , 2913.7480000000000473, 1, , , 2913.7480000000000473, 1, , , 2913.7480000000000473, 1
, , 2913.7530000000001564, 1, , , 2913.7530000000001564, 1, , , 2913.7530000000001564, 1, , , 2913.7530000000001564, 1
, , 2913.7579999999998108, 1, , , 2913.7579999999998108, 1, , , 2913.7579999999998108, 1, , , 2913.7579999999998108, 1
, , 2913.76299999999992, 1, , , 2913.76299999999992, 1, , , 2913.76299999999992, 1, , , 2913.76299999999992, 1
, , 2913.7680000000000291, 1, , , 2913.7680000000000291, 1, , , 2913.7680000000000291, 1, , , 2913.7680000000000291, 1
, , 2913.7739999999998872, 1, , , 2913.7739999999998872, 1, , , 2913.7739999999998872, 1, , , 2913.7739999999998872, 1
, , 2913.7800000000002001, 1, , , 2913.7800000000002001, 1, , , 2913.7800000000002001, 1, , , 2913.7800000000002001, 1
, , 2913.7840000000001055, 1, , , 2913.7840000000001055, 1, , , 2913.7840000000001055, 1, , , 2913.7840000000001055, 1
, , 2913.7890000000002146, 1, , , 2913.7890000000002146, 1, , , 2913.7890000000002146, 1, , , 2913.7890000000002146, 1
, , 2913.793999999999869, 1, , , 2913.793999999999869, 1, , , 2913.793999999999869, 1, , , 2913.793999999999869, 1
, , 2913.7979999999997744, 1, , , 2913.7979999999997744, 1, , , 2913.7979999999997744, 1, , , 2913.7979999999997744, 1
, , 2913.8040000000000873, 1, , , 2913.8040000000000873, 1, , , 2913.8040000000000873, 1, , , 2913.8040000000000873, 1
, , 2913.8079999999999927, 1, , , 2913.8079999999999927, 1, , , 2913.8079999999999927, 1, , , 2913.8079999999999927, 1
, , 2913.8130000000001019, 0, , , 2913.8130000000001019, 1, , , 2913.8130000000001019, 1, , , 2913.8130000000001019, 0
, , 2913.818000000000211, 0, , , 2913.818000000000211, 1, , , 2913.818000000000211, 1, , , 2913.818000000000211, 0
, , 2913.8229999999998654, 0, , , 2913.8229999999998654, 1, , , 2913.8229999999998654, 1, , , 2913.8229999999998654, 0
, , 2913.8290000000001783, 0, , , 2913.8290000000001783, 1, , , 2913.8290000000001783, 1, , , 2913.8290000000001783, 0
, , 2913.8330000000000837, 0, , , 2913.8330000000000837, 1, , , 2913.8330000000000837, 1, , , 2913.8330000000000837, 0
, , 2913.8380000000001928, 0, , , 2913.8380000000001928, 1, , , 2913.8380000000001928, 1, , , 2913.8380000000001928, 0
, , 2913.8429999999998472, 0, , , 2913.8429999999998472, 1, , , 2913.8429999999998472, 1, , , 2913.8429999999998472, 0
, , 2913.8479999999999563, 0, , , 2913.8479999999999563, 1, , , 2913.8479999999999563, 1, , , 2913.8479999999999563, 0
, , 2913.8530000000000655, 0, , , 2913.8530000000000655, 1, , , 2913.8530000000000655, 1, , , 2913.8530000000000655, 0
, , 2913.8580000000001746, 0, , , 2913.8580000000001746, 1, , , 2913.8580000000001746, 1, , , 2913.8580000000001746, 0
, , 2913.862999999999829, 0, , , 2913.862999999999829, 1, , , 2913.862999999999829, 1, , , 2913.862999999999829, 0
, , 2913.8679999999999382, 0, , , 2913.8679999999999382, 1, , , 2913.8679999999999382, 1, , , 2913.8679999999999382, 0
, , 2913.8730000000000473, 0, , , 2913.8730000000000473, 1, , , 2913.8730000000000473, 1, , , 2913.8730000000000473, 0
, , 2913.8789999999999054, 0, , , 2913.8789999999999054, 1, , , 2913.8789999999999054, 1, , , 2913.8789999999999054, 0
, , 2913.8829999999998108, 0, , , 2913.8829999999998108, 1, , , 2913.8829999999998108, 1, , , 2913.8829999999998108, 0
, , 2913.8890000000001237, 0, , , 2913.8890000000001237, 1, , , 2913.8890000000001237, 1, , , 2913.8890000000001237, 0
, , 2913.8930000000000291, 0, , , 2913.8930000000000291, 1, , , 2913.8930000000000291, 1, , , 2913.8930000000000291, 0
, , 2913.8980000000001382, 0, , , 2913.8980000000001382, 1, , , 2913.8980000000001382, 1, , , 2913.8980000000001382, 0
, , 2913.9029999999997926, 0, , , 2913.9029999999997926, 1, , , 2913.9029999999997926, 1, , , 2913.9029999999997926, 0
, , 2913.9079999999999018, 0, , , 2913.9079999999999018, 1, , , 2913.9079999999999018, 1, , , 2913.9079999999999018, 0
, , 2913.9130000000000109, 0, , , 2913.9130000000000109, 1, , , 2913.9130000000000109, 1, , , 2913.9130000000000109, 0
, , 2913.918999999999869, 0, , , 2913.918999999999869, 1, , , 2913.918999999999869, 1, , , 2913.918999999999869, 0
, , 2913.9229999999997744, 0, , , 2913.9229999999997744, 1, , , 2913.9229999999997744, 1, , , 2913.9229999999997744, 0
, , 2913.9279999999998836, 0, , , 2913.9279999999998836, 1, , , 2913.9279999999998836, 1, , , 2913.9279999999998836, 0
, , 2913.9329999999999927, 0, , , 2913.9329999999999927, 1, , , 2913.9329999999999927, 1, , , 2913.9329999999999927, 0
, , 2913.9380000000001019, 0, , , 2913.9380000000001019, 1, , , 2913.9380000000001019, 1, , , 2913.9380000000001019, 0
, , 2913.943000000000211, 0, , , 2913.943000000000211, 1, , , 2913.943000000000211, 1, , , 2913.943000000000211, 0
, , 2913.9490000000000691, 0, , , 2913.9490000000000691, 1, , , 2913.9490000000000691, 1, , , 2913.9490000000000691, 0
, , 2913.9529999999999745, 0, , , 2913.9529999999999745, 1, , , 2913.9529999999999745, 1, , , 2913.9529999999999745, 0
, , 2913.9580000000000837, 0, , , 2913.9580000000000837, 1, , , 2913.9580000000000837, 1, , , 2913.9580000000000837, 0
, , 2913.9670000000000982, 0, , , 2913.9670000000000982, 1, , , 2913.9670000000000982, 1, , , 2913.9670000000000982, 0
, , 2913.9679999999998472, 0, , , 2913.9679999999998472, 1, , , 2913.9679999999998472, 1, , , 2913.9679999999998472, 0
, , 2913.9729999999999563, 0, , , 2913.9729999999999563, 1, , , 2913.9729999999999563, 1, , , 2913.9729999999999563, 0
, , 2913.9789999999998145, 0, , , 2913.9789999999998145, 1, , , 2913.9789999999998145, 1, , , 2913.9789999999998145, 0
, , 2913.9850000000001273, 0, , , 2913.9850000000001273, 1, , , 2913.9850000000001273, 1, , , 2913.9850000000001273, 0
, , 2913.987999999999829, 0, , , 2913.987999999999829, 1, , , 2913.987999999999829, 1, , , 2913.987999999999829, 0
, , 2913.9940000000001419, 0, , , 2913.9940000000001419, 1, , , 2913.9940000000001419, 1, , , 2913.9940000000001419, 0
, , 2913.9980000000000473, 0, , , 2913.9980000000000473, 1, , , 2913.9980000000000473, 1, , , 2913.9980000000000473, 0
, , 2914.0030000000001564, 0, , , 2914.0030000000001564, 1, , , 2914.0030000000001564, 1, , , 2914.0030000000001564, 0
, , 2914.0079999999998108, 0, , , 2914.0079999999998108, 1, , , 2914.0079999999998108, 1, , , 2914.0079999999998108, 0
, , 2914.01299999999992, 0, , , 2914.01299999999992, 1, , , 2914.01299999999992, 1, , , 2914.01299999999992, 0
, , 2914.0180000000000291, 0, , , 2914.0180000000000291, 1, , , 2914.0180000000000291, 1, , , 2914.0180000000000291, 0
, , 2914.0230000000001382, 0, , , 2914.0230000000001382, 1, , , 2914.0230000000001382, 1, , , 2914.0230000000001382, 0
, , 2914.0300000000002001, 0, , , 2914.0300000000002001, 1, , , 2914.0300000000002001, 1, , , 2914.0300000000002001, 0
, , 2914.0329999999999018, 0, , , 2914.0329999999999018, 1, , , 2914.0329999999999018, 1, , , 2914.0329999999999018, 0
, , 2914.0380000000000109, 0, , , 2914.0380000000000109, 1, , , 2914.0380000000000109, 1, , , 2914.0380000000000109, 0
, , 2914.0430000000001201, 0, , , 2914.0430000000001201, 1, , , 2914.0430000000001201, 1, , , 2914.0430000000001201, 0
, , 2914.0479999999997744, 0, , , 2914.0479999999997744, 1, , , 2914.0479999999997744, 1, , , 2914.0479999999997744, 0
, , 2914.0540000000000873, 0, , , 2914.0540000000000873, 1, , , 2914.0540000000000873, 1, , , 2914.0540000000000873, 0
, , 2914.0579999999999927, 0, , , 2914.0579999999999927, 1, , , 2914.0579999999999927, 1, , , 2914.0579999999999927, 0
, , 2914.0630000000001019, 0, , , 2914.0630000000001019, 1, , , 2914.0630000000001019, 1, , , 2914.0630000000001019, 0
, , 2914.068000000000211, 1, , , 2914.068000000000211, 1, , , 2914.068000000000211, 1, , , 2914.068000000000211, 1
, , 2914.0729999999998654, 1, , , 2914.0729999999998654, 1, , , 2914.0729999999998654, 1, , , 2914.0729999999998654, 1
, , 2914.0779999999999745, 1, , , 2914.0779999999999745, 1, , , 2914.0779999999999745, 1, , , 2914.0779999999999745, 1
, , 2914.0830000000000837, 1, , , 2914.0830000000000837, 1, , , 2914.0830000000000837, 1, , , 2914.0830000000000837, 1
, , 2914.0889999999999418, 1, , , 2914.0889999999999418, 1, , , 2914.0889999999999418, 1, , , 2914.0889999999999418, 1
, , 2914.0929999999998472, 1, , , 2914.0929999999998472, 1, , , 2914.0929999999998472, 1, , , 2914.0929999999998472, 1
, , 2914.0979999999999563, 1, , , 2914.0979999999999563, 1, , , 2914.0979999999999563, 1, , , 2914.0979999999999563, 1
, , 2914.1030000000000655, 1, , , 2914.1030000000000655, 1, , , 2914.1030000000000655, 1, , , 2914.1030000000000655, 1
, , 2914.1080000000001746, 1, , , 2914.1080000000001746, 1, , , 2914.1080000000001746, 1, , , 2914.1080000000001746, 1
, , 2914.112999999999829, 1, , , 2914.112999999999829, 1, , , 2914.112999999999829, 1, , , 2914.112999999999829, 1
, , 2914.1179999999999382, 1, , , 2914.1179999999999382, 1, , , 2914.1179999999999382, 1, , , 2914.1179999999999382, 1
, , 2914.1230000000000473, 1, , , 2914.1230000000000473, 1, , , 2914.1230000000000473, 1, , , 2914.1230000000000473, 1
, , 2914.1280000000001564, 1, , , 2914.1280000000001564, 1, , , 2914.1280000000001564, 1, , , 2914.1280000000001564, 1
, , 2914.1329999999998108, 1, , , 2914.1329999999998108, 1, , , 2914.1329999999998108, 1, , , 2914.1329999999998108, 1
, , 2914.13799999999992, 1, , , 2914.13799999999992, 1, , , 2914.13799999999992, 1, , , 2914.13799999999992, 1
, , 2914.1430000000000291, 1, , , 2914.1430000000000291, 0, , , 2914.1430000000000291, 0, , , 2914.1430000000000291, 1
, , 2914.1500000000000909, 1, , , 2914.1500000000000909, 0, , , 2914.1500000000000909, 0, , , 2914.1500000000000909, 1
, , 2914.1529999999997926, 1, , , 2914.1529999999997926, 0, , , 2914.1529999999997926, 0, , , 2914.1529999999997926, 1
, , 2914.1579999999999018, 1, , , 2914.1579999999999018, 0, , , 2914.1579999999999018, 0, , , 2914.1579999999999018, 1
, , 2914.1640000000002146, 1, , , 2914.1640000000002146, 0, , , 2914.1640000000002146, 0, , , 2914.1640000000002146, 1
, , 2914.1680000000001201, 1, , , 2914.1680000000001201, 0, , , 2914.1680000000001201, 0, , , 2914.1680000000001201, 1
, , 2914.1739999999999782, 1, , , 2914.1739999999999782, 0, , , 2914.1739999999999782, 0, , , 2914.1739999999999782, 1
, , 2914.1799999999998363, 1, , , 2914.1799999999998363, 0, , , 2914.1799999999998363, 0, , , 2914.1799999999998363, 1
, , 2914.1829999999999927, 1, , , 2914.1829999999999927, 0, , , 2914.1829999999999927, 0, , , 2914.1829999999999927, 1
, , 2914.1900000000000546, 1, , , 2914.1900000000000546, 0, , , 2914.1900000000000546, 0, , , 2914.1900000000000546, 1
, , 2914.19399999999996, 1, , , 2914.19399999999996, 0, , , 2914.19399999999996, 0, , , 2914.19399999999996, 1
, , 2914.1979999999998654, 1, , , 2914.1979999999998654, 0, , , 2914.1979999999998654, 0, , , 2914.1979999999998654, 1
, , 2914.2029999999999745, 1, , , 2914.2029999999999745, 0, , , 2914.2029999999999745, 0, , , 2914.2029999999999745, 1
, , 2914.2080000000000837, 1, , , 2914.2080000000000837, 0, , , 2914.2080000000000837, 0, , , 2914.2080000000000837, 1
, , 2914.2119999999999891, 1, , , 2914.2119999999999891, 0, , , 2914.2119999999999891, 0, , , 2914.2119999999999891, 1
, , 2914.2179999999998472, 1, , , 2914.2179999999998472, 0, , , 2914.2179999999998472, 0, , , 2914.2179999999998472, 1
, , 2914.2229999999999563, 1, , , 2914.2229999999999563, 0, , , 2914.2229999999999563, 0, , , 2914.2229999999999563, 1
, , 2914.2269999999998618, 1, , , 2914.2269999999998618, 0, , , 2914.2269999999998618, 0, , , 2914.2269999999998618, 1
, , 2914.2330000000001746, 1, , , 2914.2330000000001746, 0, , , 2914.2330000000001746, 0, , , 2914.2330000000001746, 1
, , 2914.23700000000008, 1, , , 2914.23700000000008, 0, , , 2914.23700000000008, 0, , , 2914.23700000000008, 1
, , 2914.2429999999999382, 1, , , 2914.2429999999999382, 0, , , 2914.2429999999999382, 0, , , 2914.2429999999999382, 1
, , 2914.2480000000000473, 1, , , 2914.2480000000000473, 0, , , 2914.2480000000000473, 0, , , 2914.2480000000000473, 1
, , 2914.2530000000001564, 1, , , 2914.2530000000001564, 0, , , 2914.2530000000001564, 0, , , 2914.2530000000001564, 1
, , 2914.2590000000000146, 1, , , 2914.2590000000000146, 0, , , 2914.2590000000000146, 0, , , 2914.2590000000000146, 1
, , 2914.26299999999992, 1, , , 2914.26299999999992, 0, , , 2914.26299999999992, 0, , , 2914.26299999999992, 1
, , 2914.2680000000000291, 1, , , 2914.2680000000000291, 0, , , 2914.2680000000000291, 0, , , 2914.2680000000000291, 1
, , 2914.2719999999999345, 1, , , 2914.2719999999999345, 0, , , 2914.2719999999999345, 0, , , 2914.2719999999999345, 1
, , 2914.2779999999997926, 1, , , 2914.2779999999997926, 0, , , 2914.2779999999997926, 0, , , 2914.2779999999997926, 1
, , 2914.2829999999999018, 1, , , 2914.2829999999999018, 0, , , 2914.2829999999999018, 0, , , 2914.2829999999999018, 1
, , 2914.2880000000000109, 1, , , 2914.2880000000000109, 0, , , 2914.2880000000000109, 0, , , 2914.2880000000000109, 1
, , 2914.2930000000001201, 1, , , 2914.2930000000001201, 0, , , 2914.2930000000001201, 0, , , 2914.2930000000001201, 1
, , 2914.2979999999997744, 1, , , 2914.2979999999997744, 0, , , 2914.2979999999997744, 0, , , 2914.2979999999997744, 1
, , 2914.3029999999998836, 1, , , 2914.3029999999998836, 0, , , 2914.3029999999998836, 0, , , 2914.3029999999998836, 1
, , 2914.3079999999999927, 1, , , 2914.3079999999999927, 0, , , 2914.3079999999999927, 0, , , 2914.3079999999999927, 1
, , 2914.3130000000001019, 1, , , 2914.3130000000001019, 0, , , 2914.3130000000001019, 0, , , 2914.3130000000001019, 1
, , 2914.318000000000211, 1, , , 2914.318000000000211, 0, , , 2914.318000000000211, 0, , , 2914.318000000000211, 1
, , 2914.3220000000001164, 1, , , 2914.3220000000001164, 0, , , 2914.3220000000001164, 0, , , 2914.3220000000001164, 1
, , 2914.3279999999999745, 1, , , 2914.3279999999999745, 0, , , 2914.3279999999999745, 0, , , 2914.3279999999999745, 1
, , 2914.3330000000000837, 1, , , 2914.3330000000000837, 0, , , 2914.3330000000000837, 0, , , 2914.3330000000000837, 1
, , 2914.3380000000001928, 1, , , 2914.3380000000001928, 0, , , 2914.3380000000001928, 0, , , 2914.3380000000001928, 1
, , 2914.3440000000000509, 1, , , 2914.3440000000000509, 0, , , 2914.3440000000000509, 0, , , 2914.3440000000000509, 1
, , 2914.3499999999999091, 1, , , 2914.3499999999999091, 0, , , 2914.3499999999999091, 0, , , 2914.3499999999999091, 1
, , 2914.3539999999998145, 1, , , 2914.3539999999998145, 0, , , 2914.3539999999998145, 0, , , 2914.3539999999998145, 1
, , 2914.3589999999999236, 1, , , 2914.3589999999999236, 0, , , 2914.3589999999999236, 0, , , 2914.3589999999999236, 1
, , 2914.362999999999829, 1, , , 2914.362999999999829, 0, , , 2914.362999999999829, 0, , , 2914.362999999999829, 1
, , 2914.3679999999999382, 1, , , 2914.3679999999999382, 0, , , 2914.3679999999999382, 0, , , 2914.3679999999999382, 1
, , 2914.3719999999998436, 1, , , 2914.3719999999998436, 0, , , 2914.3719999999998436, 0, , , 2914.3719999999998436, 1
, , 2914.3769999999999527, 1, , , 2914.3769999999999527, 0, , , 2914.3769999999999527, 0, , , 2914.3769999999999527, 1
, , 2914.3829999999998108, 1, , , 2914.3829999999998108, 0, , , 2914.3829999999998108, 0, , , 2914.3829999999998108, 1
, , 2914.3890000000001237, 1, , , 2914.3890000000001237, 1, , , 2914.3890000000001237, 1, , , 2914.3890000000001237, 1
, , 2914.3930000000000291, 1, , , 2914.3930000000000291, 1, , , 2914.3930000000000291, 1, , , 2914.3930000000000291, 1
, , 2914.3980000000001382, 1, , , 2914.3980000000001382, 1, , , 2914.3980000000001382, 1, , , 2914.3980000000001382, 1
, , 2914.4029999999997926, 1, , , 2914.4029999999997926, 1, , , 2914.4029999999997926, 1, , , 2914.4029999999997926, 1
, , 2914.4090000000001055, 1, , , 2914.4090000000001055, 1, , , 2914.4090000000001055, 1, , , 2914.4090000000001055, 1
, , 2914.4130000000000109, 1, , , 2914.4130000000000109, 1, , , 2914.4130000000000109, 1, , , 2914.4130000000000109, 1
, , 2914.4180000000001201, 1, , , 2914.4180000000001201, 1, , , 2914.4180000000001201, 1, , , 2914.4180000000001201, 1
, , 2914.4229999999997744, 1, , , 2914.4229999999997744, 1, , , 2914.4229999999997744, 1, , , 2914.4229999999997744, 1
, , 2914.4299999999998363, 1, , , 2914.4299999999998363, 1, , , 2914.4299999999998363, 1, , , 2914.4299999999998363, 1
, , 2914.4329999999999927, 1, , , 2914.4329999999999927, 1, , , 2914.4329999999999927, 1, , , 2914.4329999999999927, 1
, , 2914.4389999999998508, 1, , , 2914.4389999999998508, 1, , , 2914.4389999999998508, 1, , , 2914.4389999999998508, 1
, , 2914.443000000000211, 1, , , 2914.443000000000211, 1, , , 2914.443000000000211, 1, , , 2914.443000000000211, 1
, , 2914.4529999999999745, 1, , , 2914.4529999999999745, 1, , , 2914.4529999999999745, 1, , , 2914.4529999999999745, 1
, , 2914.4529999999999745, 1, , , 2914.4529999999999745, 1, , , 2914.4529999999999745, 1, , , 2914.4529999999999745, 1
, , 2914.4589999999998327, 1, , , 2914.4589999999998327, 1, , , 2914.4589999999998327, 1, , , 2914.4589999999998327, 1
, , 2914.4619999999999891, 1, , , 2914.4619999999999891, 1, , , 2914.4619999999999891, 1, , , 2914.4619999999999891, 1
, , 2914.4679999999998472, 0, , , 2914.4679999999998472, 1, , , 2914.4679999999998472, 1, , , 2914.4679999999998472, 0
, , 2914.4749999999999091, 0, , , 2914.4749999999999091, 1, , , 2914.4749999999999091, 1, , , 2914.4749999999999091, 0
, , 2914.4789999999998145, 0, , , 2914.4789999999998145, 1, , , 2914.4789999999998145, 1, , , 2914.4789999999998145, 0
, , 2914.4830000000001746, 0, , , 2914.4830000000001746, 1, , , 2914.4830000000001746, 1, , , 2914.4830000000001746, 0
, , 2914.487999999999829, 0, , , 2914.487999999999829, 1, , , 2914.487999999999829, 1, , , 2914.487999999999829, 0
, , 2914.4929999999999382, 0, , , 2914.4929999999999382, 1, , , 2914.4929999999999382, 1, , , 2914.4929999999999382, 0
, , 2914.4989999999997963, 0, , , 2914.4989999999997963, 1, , , 2914.4989999999997963, 1, , , 2914.4989999999997963, 0
, , 2914.5030000000001564, 0, , , 2914.5030000000001564, 1, , , 2914.5030000000001564, 1, , , 2914.5030000000001564, 0
, , 2914.5079999999998108, 0, , , 2914.5079999999998108, 1, , , 2914.5079999999998108, 1, , , 2914.5079999999998108, 0
, , 2914.51299999999992, 0, , , 2914.51299999999992, 1, , , 2914.51299999999992, 1, , , 2914.51299999999992, 0
, , 2914.5199999999999818, 0, , , 2914.5199999999999818, 1, , , 2914.5199999999999818, 1, , , 2914.5199999999999818, 0
, , 2914.5230000000001382, 0, , , 2914.5230000000001382, 1, , , 2914.5230000000001382, 1, , , 2914.5230000000001382, 0
, , 2914.5279999999997926, 0, , , 2914.5279999999997926, 1, , , 2914.5279999999997926, 1, , , 2914.5279999999997926, 0
, , 2914.5340000000001055, 0, , , 2914.5340000000001055, 1, , , 2914.5340000000001055, 1, , , 2914.5340000000001055, 0
, , 2914.5380000000000109, 0, , , 2914.5380000000000109, 1, , , 2914.5380000000000109, 1, , , 2914.5380000000000109, 0
, , 2914.5430000000001201, 0, , , 2914.5430000000001201, 1, , , 2914.5430000000001201, 1, , , 2914.5430000000001201, 0
, , 2914.5479999999997744, 0, , , 2914.5479999999997744, 1, , , 2914.5479999999997744, 1, , , 2914.5479999999997744, 0
, , 2914.5529999999998836, 0, , , 2914.5529999999998836, 1, , , 2914.5529999999998836, 1, , , 2914.5529999999998836, 0
, , 2914.5579999999999927, 0, , , 2914.5579999999999927, 1, , , 2914.5579999999999927, 1, , , 2914.5579999999999927, 0
, , 2914.5630000000001019, 0, , , 2914.5630000000001019, 1, , , 2914.5630000000001019, 1, , , 2914.5630000000001019, 0
, , 2914.568000000000211, 0, , , 2914.568000000000211, 1, , , 2914.568000000000211, 1, , , 2914.568000000000211, 0
, , 2914.5729999999998654, 0, , , 2914.5729999999998654, 1, , , 2914.5729999999998654, 1, , , 2914.5729999999998654, 0
, , 2914.5790000000001783, 0, , , 2914.5790000000001783, 1, , , 2914.5790000000001783, 1, , , 2914.5790000000001783, 0
, , 2914.5839999999998327, 0, , , 2914.5839999999998327, 1, , , 2914.5839999999998327, 1, , , 2914.5839999999998327, 0
, , 2914.5889999999999418, 0, , , 2914.5889999999999418, 1, , , 2914.5889999999999418, 1, , , 2914.5889999999999418, 0
, , 2914.5929999999998472, 0, , , 2914.5929999999998472, 1, , , 2914.5929999999998472, 1, , , 2914.5929999999998472, 0
, , 2914.5979999999999563, 0, , , 2914.5979999999999563, 1, , , 2914.5979999999999563, 1, , , 2914.5979999999999563, 0
, , 2914.6030000000000655, 0, , , 2914.6030000000000655, 1, , , 2914.6030000000000655, 1, , , 2914.6030000000000655, 0
, , 2914.6080000000001746, 0, , , 2914.6080000000001746, 1, , , 2914.6080000000001746, 1, , , 2914.6080000000001746, 0
, , 2914.612999999999829, 0, , , 2914.612999999999829, 1, , , 2914.612999999999829, 1, , , 2914.612999999999829, 0
, , 2914.6159999999999854, 0, , , 2914.6159999999999854, 1, , , 2914.6159999999999854, 1, , , 2914.6159999999999854, 0
, , 2914.6230000000000473, 0, , , 2914.6230000000000473, 1, , , 2914.6230000000000473, 1, , , 2914.6230000000000473, 0
, , 2914.6289999999999054, 0, , , 2914.6289999999999054, 1, , , 2914.6289999999999054, 1, , , 2914.6289999999999054, 0
, , 2914.6329999999998108, 0, , , 2914.6329999999998108, 1, , , 2914.6329999999998108, 1, , , 2914.6329999999998108, 0
, , 2914.63799999999992, 0, , , 2914.63799999999992, 1, , , 2914.63799999999992, 1, , , 2914.63799999999992, 0
, , 2914.6430000000000291, 0, , , 2914.6430000000000291, 1, , , 2914.6430000000000291, 1, , , 2914.6430000000000291, 0
, , 2914.6480000000001382, 0, , , 2914.6480000000001382, 1, , , 2914.6480000000001382, 1, , , 2914.6480000000001382, 0
, , 2914.6529999999997926, 0, , , 2914.6529999999997926, 1, , , 2914.6529999999997926, 1, , , 2914.6529999999997926, 0
, , 2914.6590000000001055, 0, , , 2914.6590000000001055, 1, , , 2914.6590000000001055, 1, , , 2914.6590000000001055, 0
, , 2914.6630000000000109, 0, , , 2914.6630000000000109, 1, , , 2914.6630000000000109, 1, , , 2914.6630000000000109, 0
, , 2914.668999999999869, 0, , , 2914.668999999999869, 1, , , 2914.668999999999869, 1, , , 2914.668999999999869, 0
, , 2914.6729999999997744, 0, , , 2914.6729999999997744, 1, , , 2914.6729999999997744, 1, , , 2914.6729999999997744, 0
, , 2914.6779999999998836, 0, , , 2914.6779999999998836, 1, , , 2914.6779999999998836, 1, , , 2914.6779999999998836, 0
, , 2914.6829999999999927, 0, , , 2914.6829999999999927, 1, , , 2914.6829999999999927, 1, , , 2914.6829999999999927, 0
, , 2914.6880000000001019, 0, , , 2914.6880000000001019, 1, , , 2914.6880000000001019, 1, , , 2914.6880000000001019, 0
, , 2914.693000000000211, 0, , , 2914.693000000000211, 1, , , 2914.693000000000211, 1, , , 2914.693000000000211, 0
, , 2914.6990000000000691, 0, , , 2914.6990000000000691, 1, , , 2914.6990000000000691, 1, , , 2914.6990000000000691, 0
, , 2914.7029999999999745, 0, , , 2914.7029999999999745, 1, , , 2914.7029999999999745, 1, , , 2914.7029999999999745, 0
, , 2914.7100000000000364, 0, , , 2914.7100000000000364, 1, , , 2914.7100000000000364, 1, , , 2914.7100000000000364, 0
, , 2914.7130000000001928, 0, , , 2914.7130000000001928, 1, , , 2914.7130000000001928, 1, , , 2914.7130000000001928, 0
, , 2914.7179999999998472, 1, , , 2914.7179999999998472, 1, , , 2914.7179999999998472, 1, , , 2914.7179999999998472, 1
, , 2914.7229999999999563, 1, , , 2914.7229999999999563, 1, , , 2914.7229999999999563, 1, , , 2914.7229999999999563, 1
, , 2914.7280000000000655, 1, , , 2914.7280000000000655, 1, , , 2914.7280000000000655, 1, , , 2914.7280000000000655, 1
, , 2914.7339999999999236, 1, , , 2914.7339999999999236, 1, , , 2914.7339999999999236, 1, , , 2914.7339999999999236, 1
, , 2914.737999999999829, 1, , , 2914.737999999999829, 1, , , 2914.737999999999829, 1, , , 2914.737999999999829, 1
, , 2914.7429999999999382, 1, , , 2914.7429999999999382, 1, , , 2914.7429999999999382, 1, , , 2914.7429999999999382, 1
, , 2914.7480000000000473, 1, , , 2914.7480000000000473, 1, , , 2914.7480000000000473, 1, , , 2914.7480000000000473, 1
, , 2914.7530000000001564, 1, , , 2914.7530000000001564, 1, , , 2914.7530000000001564, 1, , , 2914.7530000000001564, 1
, , 2914.7579999999998108, 1, , , 2914.7579999999998108, 1, , , 2914.7579999999998108, 1, , , 2914.7579999999998108, 1
, , 2914.7640000000001237, 1, , , 2914.7640000000001237, 1, , , 2914.7640000000001237, 1, , , 2914.7640000000001237, 1
, , 2914.7699999999999818, 1, , , 2914.7699999999999818, 1, , , 2914.7699999999999818, 1, , , 2914.7699999999999818, 1
, , 2914.7730000000001382, 1, , , 2914.7730000000001382, 1, , , 2914.7730000000001382, 1, , , 2914.7730000000001382, 1
, , 2914.7789999999999964, 1, , , 2914.7789999999999964, 1, , , 2914.7789999999999964, 1, , , 2914.7789999999999964, 1
, , 2914.7829999999999018, 1, , , 2914.7829999999999018, 1, , , 2914.7829999999999018, 1, , , 2914.7829999999999018, 1
, , 2914.7880000000000109, 1, , , 2914.7880000000000109, 1, , , 2914.7880000000000109, 1, , , 2914.7880000000000109, 1
, , 2914.7930000000001201, 1, , , 2914.7930000000001201, 0, , , 2914.7930000000001201, 0, , , 2914.7930000000001201, 1
, , 2914.7989999999999782, 1, , , 2914.7989999999999782, 0, , , 2914.7989999999999782, 0, , , 2914.7989999999999782, 1
, , 2914.8029999999998836, 1, , , 2914.8029999999998836, 0, , , 2914.8029999999998836, 0, , , 2914.8029999999998836, 1
, , 2914.8079999999999927, 1, , , 2914.8079999999999927, 0, , , 2914.8079999999999927, 0, , , 2914.8079999999999927, 1
, , 2914.8130000000001019, 1, , , 2914.8130000000001019, 0, , , 2914.8130000000001019, 0, , , 2914.8130000000001019, 1
, , 2914.818000000000211, 1, , , 2914.818000000000211, 0, , , 2914.818000000000211, 0, , , 2914.818000000000211, 1
, , 2914.8229999999998654, 1, , , 2914.8229999999998654, 0, , , 2914.8229999999998654, 0, , , 2914.8229999999998654, 1
, , 2914.8279999999999745, 1, , , 2914.8279999999999745, 0, , , 2914.8279999999999745, 0, , , 2914.8279999999999745, 1
, , 2914.8330000000000837, 1, , , 2914.8330000000000837, 0, , , 2914.8330000000000837, 0, , , 2914.8330000000000837, 1
, , 2914.8380000000001928, 1, , , 2914.8380000000001928, 0, , , 2914.8380000000001928, 0, , , 2914.8380000000001928, 1
, , 2914.8429999999998472, 1, , , 2914.8429999999998472, 0, , , 2914.8429999999998472, 0, , , 2914.8429999999998472, 1
, , 2914.8479999999999563, 1, , , 2914.8479999999999563, 0, , , 2914.8479999999999563, 0, , , 2914.8479999999999563, 1
, , 2914.8530000000000655, 1, , , 2914.8530000000000655, 0, , , 2914.8530000000000655, 0, , , 2914.8530000000000655, 1
, , 2914.8589999999999236, 1, , , 2914.8589999999999236, 0, , , 2914.8589999999999236, 0, , , 2914.8589999999999236, 1
, , 2914.862999999999829, 1, , , 2914.862999999999829, 0, , , 2914.862999999999829, 0, , , 2914.862999999999829, 1
, , 2914.8679999999999382, 1, , , 2914.8679999999999382, 0, , , 2914.8679999999999382, 0, , , 2914.8679999999999382, 1
, , 2914.8739999999997963, 1, , , 2914.8739999999997963, 0, , , 2914.8739999999997963, 0, , , 2914.8739999999997963, 1
, , 2914.8789999999999054, 1, , , 2914.8789999999999054, 0, , , 2914.8789999999999054, 0, , , 2914.8789999999999054, 1
, , 2914.8829999999998108, 1, , , 2914.8829999999998108, 0, , , 2914.8829999999998108, 0, , , 2914.8829999999998108, 1
, , 2914.88799999999992, 1, , , 2914.88799999999992, 0, , , 2914.88799999999992, 0, , , 2914.88799999999992, 1
, , 2914.8930000000000291, 1, , , 2914.8930000000000291, 0, , , 2914.8930000000000291, 0, , , 2914.8930000000000291, 1
, , 2914.8969999999999345, 1, , , 2914.8969999999999345, 0, , , 2914.8969999999999345, 0, , , 2914.8969999999999345, 1
, , 2914.9029999999997926, 1, , , 2914.9029999999997926, 0, , , 2914.9029999999997926, 0, , , 2914.9029999999997926, 1
, , 2914.9079999999999018, 1, , , 2914.9079999999999018, 0, , , 2914.9079999999999018, 0, , , 2914.9079999999999018, 1
, , 2914.9140000000002146, 1, , , 2914.9140000000002146, 0, , , 2914.9140000000002146, 0, , , 2914.9140000000002146, 1
, , 2914.918999999999869, 1, , , 2914.918999999999869, 0, , , 2914.918999999999869, 0, , , 2914.918999999999869, 1
, , 2914.9229999999997744, 1, , , 2914.9229999999997744, 0, , , 2914.9229999999997744, 0, , , 2914.9229999999997744, 1
, , 2914.9279999999998836, 1, , , 2914.9279999999998836, 0, , , 2914.9279999999998836, 0, , , 2914.9279999999998836, 1
, , 2914.9329999999999927, 1, , , 2914.9329999999999927, 0, , , 2914.9329999999999927, 0, , , 2914.9329999999999927, 1
, , 2914.9389999999998508, 1, , , 2914.9389999999998508, 0, , , 2914.9389999999998508, 0, , , 2914.9389999999998508, 1
, , 2914.943000000000211, 1, , , 2914.943000000000211, 0, , , 2914.943000000000211, 0, , , 2914.943000000000211, 1
, , 2914.9479999999998654, 1, , , 2914.9479999999998654, 0, , , 2914.9479999999998654, 0, , , 2914.9479999999998654, 1
, , 2914.9520000000002256, 1, , , 2914.9520000000002256, 0, , , 2914.9520000000002256, 0, , , 2914.9520000000002256, 1
, , 2914.9580000000000837, 1, , , 2914.9580000000000837, 0, , , 2914.9580000000000837, 0, , , 2914.9580000000000837, 1
, , 2914.9630000000001928, 1, , , 2914.9630000000001928, 0, , , 2914.9630000000001928, 0, , , 2914.9630000000001928, 1
, , 2914.9679999999998472, 1, , , 2914.9679999999998472, 0, , , 2914.9679999999998472, 0, , , 2914.9679999999998472, 1
, , 2914.9720000000002074, 1, , , 2914.9720000000002074, 0, , , 2914.9720000000002074, 0, , , 2914.9720000000002074, 1
, , 2914.9789999999998145, 1, , , 2914.9789999999998145, 0, , , 2914.9789999999998145, 0, , , 2914.9789999999998145, 1
, , 2914.9830000000001746, 1, , , 2914.9830000000001746, 0, , , 2914.9830000000001746, 0, , , 2914.9830000000001746, 1
, , 2914.987999999999829, 1, , , 2914.987999999999829, 0, , , 2914.987999999999829, 0, , , 2914.987999999999829, 1
, , 2914.9920000000001892, 1, , , 2914.9920000000001892, 0, , , 2914.9920000000001892, 0, , , 2914.9920000000001892, 1
, , 2914.9980000000000473, 1, , , 2914.9980000000000473, 0, , , 2914.9980000000000473, 0, , , 2914.9980000000000473, 1
, , 2915.0030000000001564, 1, , , 2915.0030000000001564, 0, , , 2915.0030000000001564, 0, , , 2915.0030000000001564, 1
, , 2915.0079999999998108, 1, , , 2915.0079999999998108, 0, , , 2915.0079999999998108, 0, , , 2915.0079999999998108, 1
, , 2915.0140000000001237, 1, , , 2915.0140000000001237, 0, , , 2915.0140000000001237, 0, , , 2915.0140000000001237, 1
, , 2915.0180000000000291, 1, , , 2915.0180000000000291, 0, , , 2915.0180000000000291, 0, , , 2915.0180000000000291, 1
, , 2915.0230000000001382, 1, , , 2915.0230000000001382, 0, , , 2915.0230000000001382, 0, , , 2915.0230000000001382, 1
, , 2915.0289999999999964, 1, , , 2915.0289999999999964, 0, , , 2915.0289999999999964, 0, , , 2915.0289999999999964, 1
, , 2915.0340000000001055, 1, , , 2915.0340000000001055, 0, , , 2915.0340000000001055, 0, , , 2915.0340000000001055, 1
, , 2915.0380000000000109, 1, , , 2915.0380000000000109, 0, , , 2915.0380000000000109, 0, , , 2915.0380000000000109, 1
, , 2915.043999999999869, 1, , , 2915.043999999999869, 1, , , 2915.043999999999869, 1, , , 2915.043999999999869, 1
, , 2915.0479999999997744, 1, , , 2915.0479999999997744, 1, , , 2915.0479999999997744, 1, , , 2915.0479999999997744, 1
, , 2915.0529999999998836, 1, , , 2915.0529999999998836, 1, , , 2915.0529999999998836, 1, , , 2915.0529999999998836, 1
, , 2915.0599999999999454, 1, , , 2915.0599999999999454, 1, , , 2915.0599999999999454, 1, , , 2915.0599999999999454, 1
, , 2915.0639999999998508, 1, , , 2915.0639999999998508, 1, , , 2915.0639999999998508, 1, , , 2915.0639999999998508, 1
, , 2915.068000000000211, 1, , , 2915.068000000000211, 1, , , 2915.068000000000211, 1, , , 2915.068000000000211, 1
, , 2915.0729999999998654, 1, , , 2915.0729999999998654, 1, , , 2915.0729999999998654, 1, , , 2915.0729999999998654, 1
, , 2915.0779999999999745, 1, , , 2915.0779999999999745, 1, , , 2915.0779999999999745, 1, , , 2915.0779999999999745, 1
, , 2915.0830000000000837, 1, , , 2915.0830000000000837, 1, , , 2915.0830000000000837, 1, , , 2915.0830000000000837, 1
, , 2915.0880000000001928, 1, , , 2915.0880000000001928, 1, , , 2915.0880000000001928, 1, , , 2915.0880000000001928, 1
, , 2915.0929999999998472, 1, , , 2915.0929999999998472, 1, , , 2915.0929999999998472, 1, , , 2915.0929999999998472, 1
, , 2915.0990000000001601, 1, , , 2915.0990000000001601, 1, , , 2915.0990000000001601, 1, , , 2915.0990000000001601, 1
, , 2915.1030000000000655, 1, , , 2915.1030000000000655, 1, , , 2915.1030000000000655, 1, , , 2915.1030000000000655, 1
, , 2915.1089999999999236, 1, , , 2915.1089999999999236, 1, , , 2915.1089999999999236, 1, , , 2915.1089999999999236, 1
, , 2915.11200000000008, 1, , , 2915.11200000000008, 1, , , 2915.11200000000008, 1, , , 2915.11200000000008, 1
, , 2915.1179999999999382, 0, , , 2915.1179999999999382, 1, , , 2915.1179999999999382, 1, , , 2915.1179999999999382, 0
, , 2915.1230000000000473, 0, , , 2915.1230000000000473, 1, , , 2915.1230000000000473, 1, , , 2915.1230000000000473, 0
, , 2915.1280000000001564, 0, , , 2915.1280000000001564, 1, , , 2915.1280000000001564, 1, , , 2915.1280000000001564, 0
, , 2915.1329999999998108, 0, , , 2915.1329999999998108, 1, , , 2915.1329999999998108, 1, , , 2915.1329999999998108, 0
, , 2915.137000000000171, 0, , , 2915.137000000000171, 1, , , 2915.137000000000171, 1, , , 2915.137000000000171, 0
, , 2915.1430000000000291, 0, , , 2915.1430000000000291, 1, , , 2915.1430000000000291, 1, , , 2915.1430000000000291, 0
, , 2915.1489999999998872, 0, , , 2915.1489999999998872, 1, , , 2915.1489999999998872, 1, , , 2915.1489999999998872, 0
, , 2915.1529999999997926, 0, , , 2915.1529999999997926, 1, , , 2915.1529999999997926, 1, , , 2915.1529999999997926, 0
, , 2915.1579999999999018, 0, , , 2915.1579999999999018, 1, , , 2915.1579999999999018, 1, , , 2915.1579999999999018, 0
, , 2915.1630000000000109, 0, , , 2915.1630000000000109, 1, , , 2915.1630000000000109, 1, , , 2915.1630000000000109, 0
, , 2915.1680000000001201, 0, , , 2915.1680000000001201, 1, , , 2915.1680000000001201, 1, , , 2915.1680000000001201, 0
, , 2915.1729999999997744, 0, , , 2915.1729999999997744, 1, , , 2915.1729999999997744, 1, , , 2915.1729999999997744, 0
, , 2915.1779999999998836, 0, , , 2915.1779999999998836, 1, , , 2915.1779999999998836, 1, , , 2915.1779999999998836, 0
, , 2915.1829999999999927, 0, , , 2915.1829999999999927, 1, , , 2915.1829999999999927, 1, , , 2915.1829999999999927, 0
, , 2915.1869999999998981, 0, , , 2915.1869999999998981, 1, , , 2915.1869999999998981, 1, , , 2915.1869999999998981, 0
, , 2915.193000000000211, 0, , , 2915.193000000000211, 1, , , 2915.193000000000211, 1, , , 2915.193000000000211, 0
, , 2915.1990000000000691, 0, , , 2915.1990000000000691, 1, , , 2915.1990000000000691, 1, , , 2915.1990000000000691, 0
, , 2915.2029999999999745, 0, , , 2915.2029999999999745, 1, , , 2915.2029999999999745, 1, , , 2915.2029999999999745, 0
, , 2915.2080000000000837, 0, , , 2915.2080000000000837, 1, , , 2915.2080000000000837, 1, , , 2915.2080000000000837, 0
, , 2915.2130000000001928, 0, , , 2915.2130000000001928, 1, , , 2915.2130000000001928, 1, , , 2915.2130000000001928, 0
, , 2915.2179999999998472, 0, , , 2915.2179999999998472, 1, , , 2915.2179999999998472, 1, , , 2915.2179999999998472, 0
, , 2915.2229999999999563, 0, , , 2915.2229999999999563, 1, , , 2915.2229999999999563, 1, , , 2915.2229999999999563, 0
, , 2915.2269999999998618, 0, , , 2915.2269999999998618, 1, , , 2915.2269999999998618, 1, , , 2915.2269999999998618, 0
, , 2915.2330000000001746, 0, , , 2915.2330000000001746, 1, , , 2915.2330000000001746, 1, , , 2915.2330000000001746, 0
, , 2915.237999999999829, 0, , , 2915.237999999999829, 1, , , 2915.237999999999829, 1, , , 2915.237999999999829, 0
, , 2915.2440000000001419, 0, , , 2915.2440000000001419, 1, , , 2915.2440000000001419, 1, , , 2915.2440000000001419, 0
, , 2915.2489999999997963, 0, , , 2915.2489999999997963, 1, , , 2915.2489999999997963, 1, , , 2915.2489999999997963, 0
, , 2915.2530000000001564, 0, , , 2915.2530000000001564, 1, , , 2915.2530000000001564, 1, , , 2915.2530000000001564, 0
, , 2915.2609999999999673, 0, , , 2915.2609999999999673, 1, , , 2915.2609999999999673, 1, , , 2915.2609999999999673, 0
, , 2915.2649999999998727, 0, , , 2915.2649999999998727, 1, , , 2915.2649999999998727, 1, , , 2915.2649999999998727, 0
, , 2915.2680000000000291, 0, , , 2915.2680000000000291, 1, , , 2915.2680000000000291, 1, , , 2915.2680000000000291, 0
, , 2915.2739999999998872, 0, , , 2915.2739999999998872, 1, , , 2915.2739999999998872, 1, , , 2915.2739999999998872, 0
, , 2915.2800000000002001, 0, , , 2915.2800000000002001, 1, , , 2915.2800000000002001, 1, , , 2915.2800000000002001, 0
, , 2915.2829999999999018, 0, , , 2915.2829999999999018, 1, , , 2915.2829999999999018, 1, , , 2915.2829999999999018, 0
, , 2915.2910000000001673, 0, , , 2915.2910000000001673, 1, , , 2915.2910000000001673, 1, , , 2915.2910000000001673, 0
, , 2915.293999999999869, 0, , , 2915.293999999999869, 1, , , 2915.293999999999869, 1, , , 2915.293999999999869, 0
, , 2915.2979999999997744, 0, , , 2915.2979999999997744, 1, , , 2915.2979999999997744, 1, , , 2915.2979999999997744, 0
, , 2915.3040000000000873, 0, , , 2915.3040000000000873, 1, , , 2915.3040000000000873, 1, , , 2915.3040000000000873, 0
, , 2915.3079999999999927, 0, , , 2915.3079999999999927, 1, , , 2915.3079999999999927, 1, , , 2915.3079999999999927, 0
, , 2915.3139999999998508, 0, , , 2915.3139999999998508, 1, , , 2915.3139999999998508, 1, , , 2915.3139999999998508, 0
, , 2915.31899999999996, 0, , , 2915.31899999999996, 1, , , 2915.31899999999996, 1, , , 2915.31899999999996, 0
, , 2915.3240000000000691, 0, , , 2915.3240000000000691, 1, , , 2915.3240000000000691, 1, , , 2915.3240000000000691, 0
, , 2915.3279999999999745, 0, , , 2915.3279999999999745, 1, , , 2915.3279999999999745, 1, , , 2915.3279999999999745, 0
, , 2915.3330000000000837, 0, , , 2915.3330000000000837, 1, , , 2915.3330000000000837, 1, , , 2915.3330000000000837, 0
, , 2915.3389999999999418, 0, , , 2915.3389999999999418, 1, , , 2915.3389999999999418, 1, , , 2915.3389999999999418, 0
, , 2915.3429999999998472, 0, , , 2915.3429999999998472, 1, , , 2915.3429999999998472, 1, , , 2915.3429999999998472, 0
, , 2915.3479999999999563, 0, , , 2915.3479999999999563, 1, , , 2915.3479999999999563, 1, , , 2915.3479999999999563, 0
, , 2915.3530000000000655, 0, , , 2915.3530000000000655, 1, , , 2915.3530000000000655, 1, , , 2915.3530000000000655, 0
, , 2915.3569999999999709, 0, , , 2915.3569999999999709, 1, , , 2915.3569999999999709, 1, , , 2915.3569999999999709, 0
, , 2915.362999999999829, 0, , , 2915.362999999999829, 1, , , 2915.362999999999829, 1, , , 2915.362999999999829, 0
, , 2915.3690000000001419, 1, , , 2915.3690000000001419, 1, , , 2915.3690000000001419, 1, , , 2915.3690000000001419, 1
, , 2915.3730000000000473, 1, , , 2915.3730000000000473, 1, , , 2915.3730000000000473, 1, , , 2915.3730000000000473, 1
, , 2915.3809999999998581, 1, , , 2915.3809999999998581, 1, , , 2915.3809999999998581, 1, , , 2915.3809999999998581, 1
, , 2915.3829999999998108, 1, , , 2915.3829999999998108, 1, , , 2915.3829999999998108, 1, , , 2915.3829999999998108, 1
, , 2915.38799999999992, 1, , , 2915.38799999999992, 1, , , 2915.38799999999992, 1, , , 2915.38799999999992, 1
, , 2915.3930000000000291, 1, , , 2915.3930000000000291, 1, , , 2915.3930000000000291, 1, , , 2915.3930000000000291, 1
, , 2915.3980000000001382, 1, , , 2915.3980000000001382, 1, , , 2915.3980000000001382, 1, , , 2915.3980000000001382, 1
, , 2915.4029999999997926, 1, , , 2915.4029999999997926, 1, , , 2915.4029999999997926, 1, , , 2915.4029999999997926, 1
, , 2915.4090000000001055, 1, , , 2915.4090000000001055, 1, , , 2915.4090000000001055, 1, , , 2915.4090000000001055, 1
, , 2915.4130000000000109, 1, , , 2915.4130000000000109, 1, , , 2915.4130000000000109, 1, , , 2915.4130000000000109, 1
, , 2915.4180000000001201, 1, , , 2915.4180000000001201, 1, , , 2915.4180000000001201, 1, , , 2915.4180000000001201, 1
, , 2915.4229999999997744, 1, , , 2915.4229999999997744, 1, , , 2915.4229999999997744, 1, , , 2915.4229999999997744, 1
, , 2915.4279999999998836, 1, , , 2915.4279999999998836, 1, , , 2915.4279999999998836, 1, , , 2915.4279999999998836, 1
, , 2915.4329999999999927, 1, , , 2915.4329999999999927, 1, , , 2915.4329999999999927, 1, , , 2915.4329999999999927, 1
, , 2915.4400000000000546, 1, , , 2915.4400000000000546, 0, , , 2915.4400000000000546, 0, , , 2915.4400000000000546, 1
, , 2915.4450000000001637, 1, , , 2915.4450000000001637, 0, , , 2915.4450000000001637, 0, , , 2915.4450000000001637, 1
, , 2915.4479999999998654, 1, , , 2915.4479999999998654, 0, , , 2915.4479999999998654, 0, , , 2915.4479999999998654, 1
, , 2915.4529999999999745, 1, , , 2915.4529999999999745, 0, , , 2915.4529999999999745, 0, , , 2915.4529999999999745, 1
, , 2915.4580000000000837, 1, , , 2915.4580000000000837, 0, , , 2915.4580000000000837, 0, , , 2915.4580000000000837, 1
, , 2915.4630000000001928, 1, , , 2915.4630000000001928, 0, , , 2915.4630000000001928, 0, , , 2915.4630000000001928, 1
, , 2915.4679999999998472, 1, , , 2915.4679999999998472, 0, , , 2915.4679999999998472, 0, , , 2915.4679999999998472, 1
, , 2915.4729999999999563, 1, , , 2915.4729999999999563, 0, , , 2915.4729999999999563, 0, , , 2915.4729999999999563, 1
, , 2915.4780000000000655, 1, , , 2915.4780000000000655, 0, , , 2915.4780000000000655, 0, , , 2915.4780000000000655, 1
, , 2915.4839999999999236, 1, , , 2915.4839999999999236, 0, , , 2915.4839999999999236, 0, , , 2915.4839999999999236, 1
, , 2915.487999999999829, 1, , , 2915.487999999999829, 0, , , 2915.487999999999829, 0, , , 2915.487999999999829, 1
, , 2915.4929999999999382, 1, , , 2915.4929999999999382, 0, , , 2915.4929999999999382, 0, , , 2915.4929999999999382, 1
, , 2915.4980000000000473, 1, , , 2915.4980000000000473, 0, , , 2915.4980000000000473, 0, , , 2915.4980000000000473, 1
, , 2915.5030000000001564, 1, , , 2915.5030000000001564, 0, , , 2915.5030000000001564, 0, , , 2915.5030000000001564, 1
, , 2915.5079999999998108, 1, , , 2915.5079999999998108, 0, , , 2915.5079999999998108, 0, , , 2915.5079999999998108, 1
, , 2915.5140000000001237, 1, , , 2915.5140000000001237, 0, , , 2915.5140000000001237, 0, , , 2915.5140000000001237, 1
, , 2915.5189999999997781, 1, , , 2915.5189999999997781, 0, , , 2915.5189999999997781, 0, , , 2915.5189999999997781, 1
, , 2915.5230000000001382, 1, , , 2915.5230000000001382, 0, , , 2915.5230000000001382, 0, , , 2915.5230000000001382, 1
, , 2915.5279999999997926, 1, , , 2915.5279999999997926, 0, , , 2915.5279999999997926, 0, , , 2915.5279999999997926, 1
, , 2915.5329999999999018, 1, , , 2915.5329999999999018, 0, , , 2915.5329999999999018, 0, , , 2915.5329999999999018, 1
, , 2915.5380000000000109, 1, , , 2915.5380000000000109, 0, , , 2915.5380000000000109, 0, , , 2915.5380000000000109, 1
, , 2915.543999999999869, 1, , , 2915.543999999999869, 0, , , 2915.543999999999869, 0, , , 2915.543999999999869, 1
, , 2915.5479999999997744, 1, , , 2915.5479999999997744, 0, , , 2915.5479999999997744, 0, , , 2915.5479999999997744, 1
, , 2915.5529999999998836, 1, , , 2915.5529999999998836, 0, , , 2915.5529999999998836, 0, , , 2915.5529999999998836, 1
, , 2915.5590000000001965, 1, , , 2915.5590000000001965, 0, , , 2915.5590000000001965, 0, , , 2915.5590000000001965, 1
, , 2915.5639999999998508, 1, , , 2915.5639999999998508, 0, , , 2915.5639999999998508, 0, , , 2915.5639999999998508, 1
, , 2915.56899999999996, 1, , , 2915.56899999999996, 0, , , 2915.56899999999996, 0, , , 2915.56899999999996, 1
, , 2915.5729999999998654, 1, , , 2915.5729999999998654, 0, , , 2915.5729999999998654, 0, , , 2915.5729999999998654, 1
, , 2915.5790000000001783, 1, , , 2915.5790000000001783, 0, , , 2915.5790000000001783, 0, , , 2915.5790000000001783, 1
, , 2915.5839999999998327, 1, , , 2915.5839999999998327, 0, , , 2915.5839999999998327, 0, , , 2915.5839999999998327, 1
, , 2915.5880000000001928, 1, , , 2915.5880000000001928, 0, , , 2915.5880000000001928, 0, , , 2915.5880000000001928, 1
, , 2915.5929999999998472, 1, , , 2915.5929999999998472, 0, , , 2915.5929999999998472, 0, , , 2915.5929999999998472, 1
, , 2915.5979999999999563, 1, , , 2915.5979999999999563, 0, , , 2915.5979999999999563, 0, , , 2915.5979999999999563, 1
, , 2915.6019999999998618, 1, , , 2915.6019999999998618, 0, , , 2915.6019999999998618, 0, , , 2915.6019999999998618, 1
, , 2915.6080000000001746, 1, , , 2915.6080000000001746, 0, , , 2915.6080000000001746, 0, , , 2915.6080000000001746, 1
, , 2915.612999999999829, 1, , , 2915.612999999999829, 0, , , 2915.612999999999829, 0, , , 2915.612999999999829, 1
, , 2915.6179999999999382, 1, , , 2915.6179999999999382, 0, , , 2915.6179999999999382, 0, , , 2915.6179999999999382, 1
, , 2915.6230000000000473, 1, , , 2915.6230000000000473, 0, , , 2915.6230000000000473, 0, , , 2915.6230000000000473, 1
, , 2915.6280000000001564, 1, , , 2915.6280000000001564, 0, , , 2915.6280000000001564, 0, , , 2915.6280000000001564, 1
, , 2915.6329999999998108, 1, , , 2915.6329999999998108, 0, , , 2915.6329999999998108, 0, , , 2915.6329999999998108, 1
, , 2915.6399999999998727, 1, , , 2915.6399999999998727, 0, , , 2915.6399999999998727, 0, , , 2915.6399999999998727, 1
, , 2915.6430000000000291, 1, , , 2915.6430000000000291, 0, , , 2915.6430000000000291, 0, , , 2915.6430000000000291, 1
, , 2915.6480000000001382, 1, , , 2915.6480000000001382, 0, , , 2915.6480000000001382, 0, , , 2915.6480000000001382, 1
, , 2915.6529999999997926, 1, , , 2915.6529999999997926, 0, , , 2915.6529999999997926, 0, , , 2915.6529999999997926, 1
, , 2915.6599999999998545, 1, , , 2915.6599999999998545, 0, , , 2915.6599999999998545, 0, , , 2915.6599999999998545, 1
, , 2915.6630000000000109, 1, , , 2915.6630000000000109, 0, , , 2915.6630000000000109, 0, , , 2915.6630000000000109, 1
, , 2915.668999999999869, 1, , , 2915.668999999999869, 0, , , 2915.668999999999869, 0, , , 2915.668999999999869, 1
, , 2915.6750000000001819, 1, , , 2915.6750000000001819, 0, , , 2915.6750000000001819, 0, , , 2915.6750000000001819, 1
, , 2915.68100000000004, 1, , , 2915.68100000000004, 0, , , 2915.68100000000004, 0, , , 2915.68100000000004, 1
, , 2915.6840000000001965, 1, , , 2915.6840000000001965, 0, , , 2915.6840000000001965, 0, , , 2915.6840000000001965, 1
, , 2915.6880000000001019, 1, , , 2915.6880000000001019, 0, , , 2915.6880000000001019, 0, , , 2915.6880000000001019, 1
, , 2915.6920000000000073, 1, , , 2915.6920000000000073, 1, , , 2915.6920000000000073, 1, , , 2915.6920000000000073, 1
, , 2915.6970000000001164, 1, , , 2915.6970000000001164, 1, , , 2915.6970000000001164, 1, , , 2915.6970000000001164, 1
, , 2915.7029999999999745, 1, , , 2915.7029999999999745, 1, , , 2915.7029999999999745, 1, , , 2915.7029999999999745, 1
, , 2915.7089999999998327, 1, , , 2915.7089999999998327, 1, , , 2915.7089999999998327, 1, , , 2915.7089999999998327, 1
, , 2915.7130000000001928, 1, , , 2915.7130000000001928, 1, , , 2915.7130000000001928, 1, , , 2915.7130000000001928, 1
, , 2915.7179999999998472, 1, , , 2915.7179999999998472, 1, , , 2915.7179999999998472, 1, , , 2915.7179999999998472, 1
, , 2915.7220000000002074, 1, , , 2915.7220000000002074, 1, , , 2915.7220000000002074, 1, , , 2915.7220000000002074, 1
, , 2915.7289999999998145, 1, , , 2915.7289999999998145, 1, , , 2915.7289999999998145, 1, , , 2915.7289999999998145, 1
, , 2915.7330000000001746, 1, , , 2915.7330000000001746, 1, , , 2915.7330000000001746, 1, , , 2915.7330000000001746, 1
, , 2915.7390000000000327, 1, , , 2915.7390000000000327, 1, , , 2915.7390000000000327, 1, , , 2915.7390000000000327, 1
, , 2915.7440000000001419, 1, , , 2915.7440000000001419, 1, , , 2915.7440000000001419, 1, , , 2915.7440000000001419, 1
, , 2915.7480000000000473, 1, , , 2915.7480000000000473, 1, , , 2915.7480000000000473, 1, , , 2915.7480000000000473, 1
, , 2915.7530000000001564, 1, , , 2915.7530000000001564, 1, , , 2915.7530000000001564, 1, , , 2915.7530000000001564, 1
, , 2915.7579999999998108, 1, , , 2915.7579999999998108, 1, , , 2915.7579999999998108, 1, , , 2915.7579999999998108, 1
, , 2915.7640000000001237, 0, , , 2915.7640000000001237, 1, , , 2915.7640000000001237, 1, , , 2915.7640000000001237, 0
, , 2915.7680000000000291, 0, , , 2915.7680000000000291, 1, , , 2915.7680000000000291, 1, , , 2915.7680000000000291, 0
, , 2915.7730000000001382, 0, , , 2915.7730000000001382, 1, , , 2915.7730000000001382, 1, , , 2915.7730000000001382, 0
, , 2915.7789999999999964, 0, , , 2915.7789999999999964, 1, , , 2915.7789999999999964, 1, , , 2915.7789999999999964, 0
, , 2915.7829999999999018, 0, , , 2915.7829999999999018, 1, , , 2915.7829999999999018, 1, , , 2915.7829999999999018, 0
, , 2915.7880000000000109, 0, , , 2915.7880000000000109, 1, , , 2915.7880000000000109, 1, , , 2915.7880000000000109, 0
, , 2915.7930000000001201, 0, , , 2915.7930000000001201, 1, , , 2915.7930000000001201, 1, , , 2915.7930000000001201, 0
, , 2915.7979999999997744, 0, , , 2915.7979999999997744, 1, , , 2915.7979999999997744, 1, , , 2915.7979999999997744, 0
, , 2915.8049999999998363, 0, , , 2915.8049999999998363, 1, , , 2915.8049999999998363, 1, , , 2915.8049999999998363, 0
, , 2915.8110000000001492, 0, , , 2915.8110000000001492, 1, , , 2915.8110000000001492, 1, , , 2915.8110000000001492, 0
, , 2915.8130000000001019, 0, , , 2915.8130000000001019, 1, , , 2915.8130000000001019, 1, , , 2915.8130000000001019, 0
, , 2915.8200000000001637, 0, , , 2915.8200000000001637, 1, , , 2915.8200000000001637, 1, , , 2915.8200000000001637, 0
, , 2915.8229999999998654, 0, , , 2915.8229999999998654, 1, , , 2915.8229999999998654, 1, , , 2915.8229999999998654, 0
, , 2915.8290000000001783, 0, , , 2915.8290000000001783, 1, , , 2915.8290000000001783, 1, , , 2915.8290000000001783, 0
, , 2915.8330000000000837, 0, , , 2915.8330000000000837, 1, , , 2915.8330000000000837, 1, , , 2915.8330000000000837, 0
, , 2915.8380000000001928, 0, , , 2915.8380000000001928, 1, , , 2915.8380000000001928, 1, , , 2915.8380000000001928, 0
, , 2915.8429999999998472, 0, , , 2915.8429999999998472, 1, , , 2915.8429999999998472, 1, , , 2915.8429999999998472, 0
, , 2915.8479999999999563, 0, , , 2915.8479999999999563, 1, , , 2915.8479999999999563, 1, , , 2915.8479999999999563, 0
, , 2915.8539999999998145, 0, , , 2915.8539999999998145, 1, , , 2915.8539999999998145, 1, , , 2915.8539999999998145, 0
, , 2915.8600000000001273, 0, , , 2915.8600000000001273, 1, , , 2915.8600000000001273, 1, , , 2915.8600000000001273, 0
, , 2915.8640000000000327, 0, , , 2915.8640000000000327, 1, , , 2915.8640000000000327, 1, , , 2915.8640000000000327, 0
, , 2915.8679999999999382, 0, , , 2915.8679999999999382, 1, , , 2915.8679999999999382, 1, , , 2915.8679999999999382, 0
, , 2915.8730000000000473, 0, , , 2915.8730000000000473, 1, , , 2915.8730000000000473, 1, , , 2915.8730000000000473, 0
, , 2915.8780000000001564, 0, , , 2915.8780000000001564, 1, , , 2915.8780000000001564, 1, , , 2915.8780000000001564, 0
, , 2915.8829999999998108, 0, , , 2915.8829999999998108, 1, , , 2915.8829999999998108, 1, , , 2915.8829999999998108, 0
, , 2915.88799999999992, 0, , , 2915.88799999999992, 1, , , 2915.88799999999992, 1, , , 2915.88799999999992, 0
, , 2915.8930000000000291, 0, , , 2915.8930000000000291, 1, , , 2915.8930000000000291, 1, , , 2915.8930000000000291, 0
, , 2915.8989999999998872, 0, , , 2915.8989999999998872, 1, , , 2915.8989999999998872, 1, , , 2915.8989999999998872, 0
, , 2915.9029999999997926, 0, , , 2915.9029999999997926, 1, , , 2915.9029999999997926, 1, , , 2915.9029999999997926, 0
, , 2915.9090000000001055, 0, , , 2915.9090000000001055, 1, , , 2915.9090000000001055, 1, , , 2915.9090000000001055, 0
, , 2915.9130000000000109, 0, , , 2915.9130000000000109, 1, , , 2915.9130000000000109, 1, , , 2915.9130000000000109, 0
, , 2915.918999999999869, 0, , , 2915.918999999999869, 1, , , 2915.918999999999869, 1, , , 2915.918999999999869, 0
, , 2915.9239999999999782, 0, , , 2915.9239999999999782, 1, , , 2915.9239999999999782, 1, , , 2915.9239999999999782, 0
, , 2915.9299999999998363, 0, , , 2915.9299999999998363, 1, , , 2915.9299999999998363, 1, , , 2915.9299999999998363, 0
, , 2915.9329999999999927, 0, , , 2915.9329999999999927, 1, , , 2915.9329999999999927, 1, , , 2915.9329999999999927, 0
, , 2915.9380000000001019, 0, , , 2915.9380000000001019, 1, , , 2915.9380000000001019, 1, , , 2915.9380000000001019, 0
, , 2915.943000000000211, 0, , , 2915.943000000000211, 1, , , 2915.943000000000211, 1, , , 2915.943000000000211, 0
, , 2915.9499999999998181, 0, , , 2915.9499999999998181, 1, , , 2915.9499999999998181, 1, , , 2915.9499999999998181, 0
, , 2915.9529999999999745, 0, , , 2915.9529999999999745, 1, , , 2915.9529999999999745, 1, , , 2915.9529999999999745, 0
, , 2915.9589999999998327, 0, , , 2915.9589999999998327, 1, , , 2915.9589999999998327, 1, , , 2915.9589999999998327, 0
, , 2915.9630000000001928, 0, , , 2915.9630000000001928, 1, , , 2915.9630000000001928, 1, , , 2915.9630000000001928, 0
, , 2915.9670000000000982, 0, , , 2915.9670000000000982, 1, , , 2915.9670000000000982, 1, , , 2915.9670000000000982, 0
, , 2915.9729999999999563, 0, , , 2915.9729999999999563, 1, , , 2915.9729999999999563, 1, , , 2915.9729999999999563, 0
, , 2915.9780000000000655, 0, , , 2915.9780000000000655, 1, , , 2915.9780000000000655, 1, , , 2915.9780000000000655, 0
, , 2915.9830000000001746, 0, , , 2915.9830000000001746, 1, , , 2915.9830000000001746, 1, , , 2915.9830000000001746, 0
, , 2915.987999999999829, 0, , , 2915.987999999999829, 1, , , 2915.987999999999829, 1, , , 2915.987999999999829, 0
, , 2915.9929999999999382, 0, , , 2915.9929999999999382, 1, , , 2915.9929999999999382, 1, , , 2915.9929999999999382, 0
, , 2915.9980000000000473, 0, , , 2915.9980000000000473, 1, , , 2915.9980000000000473, 1, , , 2915.9980000000000473, 0
, , 2916.0030000000001564, 0, , , 2916.0030000000001564, 1, , , 2916.0030000000001564, 1, , , 2916.0030000000001564, 0
, , 2916.0079999999998108, 0, , , 2916.0079999999998108, 1, , , 2916.0079999999998108, 1, , , 2916.0079999999998108, 0
, , 2916.01299999999992, 0, , , 2916.01299999999992, 1, , , 2916.01299999999992, 1, , , 2916.01299999999992, 0
, , 2916.0180000000000291, 1, , , 2916.0180000000000291, 1, , , 2916.0180000000000291, 1, , , 2916.0180000000000291, 1
, , 2916.0230000000001382, 1, , , 2916.0230000000001382, 1, , , 2916.0230000000001382, 1, , , 2916.0230000000001382, 1
, , 2916.0279999999997926, 1, , , 2916.0279999999997926, 1, , , 2916.0279999999997926, 1, , , 2916.0279999999997926, 1
, , 2916.0340000000001055, 1, , , 2916.0340000000001055, 1, , , 2916.0340000000001055, 1, , , 2916.0340000000001055, 1
, , 2916.0380000000000109, 1, , , 2916.0380000000000109, 1, , , 2916.0380000000000109, 1, , , 2916.0380000000000109, 1
, , 2916.043999999999869, 1, , , 2916.043999999999869, 1, , , 2916.043999999999869, 1, , , 2916.043999999999869, 1
, , 2916.0470000000000255, 1, , , 2916.0470000000000255, 1, , , 2916.0470000000000255, 1, , , 2916.0470000000000255, 1
, , 2916.0540000000000873, 1, , , 2916.0540000000000873, 1, , , 2916.0540000000000873, 1, , , 2916.0540000000000873, 1
, , 2916.056999999999789, 1, , , 2916.056999999999789, 1, , , 2916.056999999999789, 1, , , 2916.056999999999789, 1
, , 2916.0639999999998508, 1, , , 2916.0639999999998508, 1, , , 2916.0639999999998508, 1, , , 2916.0639999999998508, 1
, , 2916.068000000000211, 1, , , 2916.068000000000211, 1, , , 2916.068000000000211, 1, , , 2916.068000000000211, 1
, , 2916.0760000000000218, 1, , , 2916.0760000000000218, 1, , , 2916.0760000000000218, 1, , , 2916.0760000000000218, 1
, , 2916.0779999999999745, 1, , , 2916.0779999999999745, 1, , , 2916.0779999999999745, 1, , , 2916.0779999999999745, 1
, , 2916.0830000000000837, 1, , , 2916.0830000000000837, 1, , , 2916.0830000000000837, 1, , , 2916.0830000000000837, 1
, , 2916.0889999999999418, 1, , , 2916.0889999999999418, 0, , , 2916.0889999999999418, 0, , , 2916.0889999999999418, 1
, , 2916.0929999999998472, 1, , , 2916.0929999999998472, 0, , , 2916.0929999999998472, 0, , , 2916.0929999999998472, 1
, , 2916.0979999999999563, 1, , , 2916.0979999999999563, 0, , , 2916.0979999999999563, 0, , , 2916.0979999999999563, 1
, , 2916.1050000000000182, 1, , , 2916.1050000000000182, 0, , , 2916.1050000000000182, 0, , , 2916.1050000000000182, 1
, , 2916.1080000000001746, 1, , , 2916.1080000000001746, 0, , , 2916.1080000000001746, 0, , , 2916.1080000000001746, 1
, , 2916.112999999999829, 1, , , 2916.112999999999829, 0, , , 2916.112999999999829, 0, , , 2916.112999999999829, 1
, , 2916.1179999999999382, 1, , , 2916.1179999999999382, 0, , , 2916.1179999999999382, 0, , , 2916.1179999999999382, 1
, , 2916.1230000000000473, 1, , , 2916.1230000000000473, 0, , , 2916.1230000000000473, 0, , , 2916.1230000000000473, 1
, , 2916.1280000000001564, 1, , , 2916.1280000000001564, 0, , , 2916.1280000000001564, 0, , , 2916.1280000000001564, 1
, , 2916.1329999999998108, 1, , , 2916.1329999999998108, 0, , , 2916.1329999999998108, 0, , , 2916.1329999999998108, 1
, , 2916.13799999999992, 1, , , 2916.13799999999992, 0, , , 2916.13799999999992, 0, , , 2916.13799999999992, 1
, , 2916.1449999999999818, 1, , , 2916.1449999999999818, 0, , , 2916.1449999999999818, 0, , , 2916.1449999999999818, 1
, , 2916.1480000000001382, 1, , , 2916.1480000000001382, 0, , , 2916.1480000000001382, 0, , , 2916.1480000000001382, 1
, , 2916.1529999999997926, 1, , , 2916.1529999999997926, 0, , , 2916.1529999999997926, 0, , , 2916.1529999999997926, 1
, , 2916.1590000000001055, 1, , , 2916.1590000000001055, 0, , , 2916.1590000000001055, 0, , , 2916.1590000000001055, 1
, , 2916.1630000000000109, 1, , , 2916.1630000000000109, 0, , , 2916.1630000000000109, 0, , , 2916.1630000000000109, 1
, , 2916.1680000000001201, 1, , , 2916.1680000000001201, 0, , , 2916.1680000000001201, 0, , , 2916.1680000000001201, 1
, , 2916.1739999999999782, 1, , , 2916.1739999999999782, 0, , , 2916.1739999999999782, 0, , , 2916.1739999999999782, 1
, , 2916.1790000000000873, 1, , , 2916.1790000000000873, 0, , , 2916.1790000000000873, 0, , , 2916.1790000000000873, 1
, , 2916.1829999999999927, 1, , , 2916.1829999999999927, 0, , , 2916.1829999999999927, 0, , , 2916.1829999999999927, 1
, , 2916.1880000000001019, 1, , , 2916.1880000000001019, 0, , , 2916.1880000000001019, 0, , , 2916.1880000000001019, 1
, , 2916.19399999999996, 1, , , 2916.19399999999996, 0, , , 2916.19399999999996, 0, , , 2916.19399999999996, 1
, , 2916.1979999999998654, 1, , , 2916.1979999999998654, 0, , , 2916.1979999999998654, 0, , , 2916.1979999999998654, 1
, , 2916.2029999999999745, 1, , , 2916.2029999999999745, 0, , , 2916.2029999999999745, 0, , , 2916.2029999999999745, 1
, , 2916.2089999999998327, 1, , , 2916.2089999999998327, 0, , , 2916.2089999999998327, 0, , , 2916.2089999999998327, 1
, , 2916.2130000000001928, 1, , , 2916.2130000000001928, 0, , , 2916.2130000000001928, 0, , , 2916.2130000000001928, 1
, , 2916.2190000000000509, 1, , , 2916.2190000000000509, 0, , , 2916.2190000000000509, 0, , , 2916.2190000000000509, 1
, , 2916.2229999999999563, 1, , , 2916.2229999999999563, 0, , , 2916.2229999999999563, 0, , , 2916.2229999999999563, 1
, , 2916.2280000000000655, 1, , , 2916.2280000000000655, 0, , , 2916.2280000000000655, 0, , , 2916.2280000000000655, 1
, , 2916.2339999999999236, 1, , , 2916.2339999999999236, 0, , , 2916.2339999999999236, 0, , , 2916.2339999999999236, 1
, , 2916.23700000000008, 1, , , 2916.23700000000008, 0, , , 2916.23700000000008, 0, , , 2916.23700000000008, 1
, , 2916.2440000000001419, 1, , , 2916.2440000000001419, 0, , , 2916.2440000000001419, 0, , , 2916.2440000000001419, 1
, , 2916.2480000000000473, 1, , , 2916.2480000000000473, 0, , , 2916.2480000000000473, 0, , , 2916.2480000000000473, 1
, , 2916.2530000000001564, 1, , , 2916.2530000000001564, 0, , , 2916.2530000000001564, 0, , , 2916.2530000000001564, 1
, , 2916.2579999999998108, 1, , , 2916.2579999999998108, 0, , , 2916.2579999999998108, 0, , , 2916.2579999999998108, 1
, , 2916.26299999999992, 1, , , 2916.26299999999992, 0, , , 2916.26299999999992, 0, , , 2916.26299999999992, 1
, , 2916.2680000000000291, 1, , , 2916.2680000000000291, 0, , , 2916.2680000000000291, 0, , , 2916.2680000000000291, 1
, , 2916.2730000000001382, 1, , , 2916.2730000000001382, 0, , , 2916.2730000000001382, 0, , , 2916.2730000000001382, 1
, , 2916.2779999999997926, 1, , , 2916.2779999999997926, 0, , , 2916.2779999999997926, 0, , , 2916.2779999999997926, 1
, , 2916.2840000000001055, 1, , , 2916.2840000000001055, 0, , , 2916.2840000000001055, 0, , , 2916.2840000000001055, 1
, , 2916.2880000000000109, 1, , , 2916.2880000000000109, 0, , , 2916.2880000000000109, 0, , , 2916.2880000000000109, 1
, , 2916.2930000000001201, 1, , , 2916.2930000000001201, 0, , , 2916.2930000000001201, 0, , , 2916.2930000000001201, 1
, , 2916.2979999999997744, 1, , , 2916.2979999999997744, 0, , , 2916.2979999999997744, 0, , , 2916.2979999999997744, 1
, , 2916.3040000000000873, 1, , , 2916.3040000000000873, 0, , , 2916.3040000000000873, 0, , , 2916.3040000000000873, 1
, , 2916.3079999999999927, 1, , , 2916.3079999999999927, 0, , , 2916.3079999999999927, 0, , , 2916.3079999999999927, 1
, , 2916.3130000000001019, 1, , , 2916.3130000000001019, 0, , , 2916.3130000000001019, 0, , , 2916.3130000000001019, 1
, , 2916.318000000000211, 1, , , 2916.318000000000211, 0, , , 2916.318000000000211, 0, , , 2916.318000000000211, 1
, , 2916.3229999999998654, 1, , , 2916.3229999999998654, 0, , , 2916.3229999999998654, 0, , , 2916.3229999999998654, 1
, , 2916.3279999999999745, 1, , , 2916.3279999999999745, 0, , , 2916.3279999999999745, 0, , , 2916.3279999999999745, 1
, , 2916.3330000000000837, 1, , , 2916.3330000000000837, 0, , , 2916.3330000000000837, 0, , , 2916.3330000000000837, 1
, , 2916.3389999999999418, 1, , , 2916.3389999999999418, 0, , , 2916.3389999999999418, 0, , , 2916.3389999999999418, 1
, , 2916.3440000000000509, 1, , , 2916.3440000000000509, 1, , , 2916.3440000000000509, 1, , , 2916.3440000000000509, 1
, , 2916.3479999999999563, 1, , , 2916.3479999999999563, 1, , , 2916.3479999999999563, 1, , , 2916.3479999999999563, 1
, , 2916.3530000000000655, 1, , , 2916.3530000000000655, 1, , , 2916.3530000000000655, 1, , , 2916.3530000000000655, 1
, , 2916.3580000000001746, 1, , , 2916.3580000000001746, 1, , , 2916.3580000000001746, 1, , , 2916.3580000000001746, 1
, , 2916.362999999999829, 1, , , 2916.362999999999829, 1, , , 2916.362999999999829, 1, , , 2916.362999999999829, 1
, , 2916.3690000000001419, 1, , , 2916.3690000000001419, 1, , , 2916.3690000000001419, 1, , , 2916.3690000000001419, 1
, , 2916.3730000000000473, 1, , , 2916.3730000000000473, 1, , , 2916.3730000000000473, 1, , , 2916.3730000000000473, 1
, , 2916.3780000000001564, 1, , , 2916.3780000000001564, 1, , , 2916.3780000000001564, 1, , , 2916.3780000000001564, 1
, , 2916.3829999999998108, 1, , , 2916.3829999999998108, 1, , , 2916.3829999999998108, 1, , , 2916.3829999999998108, 1
, , 2916.38799999999992, 1, , , 2916.38799999999992, 1, , , 2916.38799999999992, 1, , , 2916.38799999999992, 1
, , 2916.3930000000000291, 1, , , 2916.3930000000000291, 1, , , 2916.3930000000000291, 1, , , 2916.3930000000000291, 1
, , 2916.3980000000001382, 1, , , 2916.3980000000001382, 1, , , 2916.3980000000001382, 1, , , 2916.3980000000001382, 1
, , 2916.4029999999997926, 1, , , 2916.4029999999997926, 1, , , 2916.4029999999997926, 1, , , 2916.4029999999997926, 1
, , 2916.4079999999999018, 1, , , 2916.4079999999999018, 1, , , 2916.4079999999999018, 1, , , 2916.4079999999999018, 1
, , 2916.4130000000000109, 1, , , 2916.4130000000000109, 1, , , 2916.4130000000000109, 1, , , 2916.4130000000000109, 1
, , 2916.4180000000001201, 0, , , 2916.4180000000001201, 1, , , 2916.4180000000001201, 1, , , 2916.4180000000001201, 0
, , 2916.4239999999999782, 0, , , 2916.4239999999999782, 1, , , 2916.4239999999999782, 1, , , 2916.4239999999999782, 0
, , 2916.4279999999998836, 0, , , 2916.4279999999998836, 1, , , 2916.4279999999998836, 1, , , 2916.4279999999998836, 0
, , 2916.4329999999999927, 0, , , 2916.4329999999999927, 1, , , 2916.4329999999999927, 1, , , 2916.4329999999999927, 0
, , 2916.4380000000001019, 0, , , 2916.4380000000001019, 1, , , 2916.4380000000001019, 1, , , 2916.4380000000001019, 0
, , 2916.443000000000211, 0, , , 2916.443000000000211, 1, , , 2916.443000000000211, 1, , , 2916.443000000000211, 0
, , 2916.4479999999998654, 0, , , 2916.4479999999998654, 1, , , 2916.4479999999998654, 1, , , 2916.4479999999998654, 0
, , 2916.4529999999999745, 0, , , 2916.4529999999999745, 1, , , 2916.4529999999999745, 1, , , 2916.4529999999999745, 0
, , 2916.4580000000000837, 0, , , 2916.4580000000000837, 1, , , 2916.4580000000000837, 1, , , 2916.4580000000000837, 0
, , 2916.4630000000001928, 0, , , 2916.4630000000001928, 1, , , 2916.4630000000001928, 1, , , 2916.4630000000001928, 0
, , 2916.4679999999998472, 0, , , 2916.4679999999998472, 1, , , 2916.4679999999998472, 1, , , 2916.4679999999998472, 0
, , 2916.4749999999999091, 0, , , 2916.4749999999999091, 1, , , 2916.4749999999999091, 1, , , 2916.4749999999999091, 0
, , 2916.4780000000000655, 0, , , 2916.4780000000000655, 1, , , 2916.4780000000000655, 1, , , 2916.4780000000000655, 0
, , 2916.4830000000001746, 0, , , 2916.4830000000001746, 1, , , 2916.4830000000001746, 1, , , 2916.4830000000001746, 0
, , 2916.487999999999829, 0, , , 2916.487999999999829, 1, , , 2916.487999999999829, 1, , , 2916.487999999999829, 0
, , 2916.4929999999999382, 0, , , 2916.4929999999999382, 1, , , 2916.4929999999999382, 1, , , 2916.4929999999999382, 0
, , 2916.4980000000000473, 0, , , 2916.4980000000000473, 1, , , 2916.4980000000000473, 1, , , 2916.4980000000000473, 0
, , 2916.5039999999999054, 0, , , 2916.5039999999999054, 1, , , 2916.5039999999999054, 1, , , 2916.5039999999999054, 0
, , 2916.5090000000000146, 0, , , 2916.5090000000000146, 1, , , 2916.5090000000000146, 1, , , 2916.5090000000000146, 0
, , 2916.51299999999992, 0, , , 2916.51299999999992, 1, , , 2916.51299999999992, 1, , , 2916.51299999999992, 0
, , 2916.5189999999997781, 0, , , 2916.5189999999997781, 1, , , 2916.5189999999997781, 1, , , 2916.5189999999997781, 0
, , 2916.5239999999998872, 0, , , 2916.5239999999998872, 1, , , 2916.5239999999998872, 1, , , 2916.5239999999998872, 0
, , 2916.5279999999997926, 0, , , 2916.5279999999997926, 1, , , 2916.5279999999997926, 1, , , 2916.5279999999997926, 0
, , 2916.5329999999999018, 0, , , 2916.5329999999999018, 1, , , 2916.5329999999999018, 1, , , 2916.5329999999999018, 0
, , 2916.5380000000000109, 0, , , 2916.5380000000000109, 1, , , 2916.5380000000000109, 1, , , 2916.5380000000000109, 0
, , 2916.5430000000001201, 0, , , 2916.5430000000001201, 1, , , 2916.5430000000001201, 1, , , 2916.5430000000001201, 0
, , 2916.5479999999997744, 0, , , 2916.5479999999997744, 1, , , 2916.5479999999997744, 1, , , 2916.5479999999997744, 0
, , 2916.5529999999998836, 0, , , 2916.5529999999998836, 1, , , 2916.5529999999998836, 1, , , 2916.5529999999998836, 0
, , 2916.5579999999999927, 0, , , 2916.5579999999999927, 1, , , 2916.5579999999999927, 1, , , 2916.5579999999999927, 0
, , 2916.5639999999998508, 0, , , 2916.5639999999998508, 1, , , 2916.5639999999998508, 1, , , 2916.5639999999998508, 0
, , 2916.568000000000211, 0, , , 2916.568000000000211, 1, , , 2916.568000000000211, 1, , , 2916.568000000000211, 0
, , 2916.5729999999998654, 0, , , 2916.5729999999998654, 1, , , 2916.5729999999998654, 1, , , 2916.5729999999998654, 0
, , 2916.5790000000001783, 0, , , 2916.5790000000001783, 1, , , 2916.5790000000001783, 1, , , 2916.5790000000001783, 0
, , 2916.5830000000000837, 0, , , 2916.5830000000000837, 1, , , 2916.5830000000000837, 1, , , 2916.5830000000000837, 0
, , 2916.5889999999999418, 0, , , 2916.5889999999999418, 1, , , 2916.5889999999999418, 1, , , 2916.5889999999999418, 0
, , 2916.5929999999998472, 0, , , 2916.5929999999998472, 1, , , 2916.5929999999998472, 1, , , 2916.5929999999998472, 0
, , 2916.5979999999999563, 0, , , 2916.5979999999999563, 1, , , 2916.5979999999999563, 1, , , 2916.5979999999999563, 0
, , 2916.6030000000000655, 0, , , 2916.6030000000000655, 1, , , 2916.6030000000000655, 1, , , 2916.6030000000000655, 0
, , 2916.6080000000001746, 0, , , 2916.6080000000001746, 1, , , 2916.6080000000001746, 1, , , 2916.6080000000001746, 0
, , 2916.612999999999829, 0, , , 2916.612999999999829, 1, , , 2916.612999999999829, 1, , , 2916.612999999999829, 0
, , 2916.6199999999998909, 0, , , 2916.6199999999998909, 1, , , 2916.6199999999998909, 1, , , 2916.6199999999998909, 0
, , 2916.6219999999998436, 0, , , 2916.6219999999998436, 1, , , 2916.6219999999998436, 1, , , 2916.6219999999998436, 0
, , 2916.6289999999999054, 0, , , 2916.6289999999999054, 1, , , 2916.6289999999999054, 1, , , 2916.6289999999999054, 0
, , 2916.6329999999998108, 0, , , 2916.6329999999998108, 1, , , 2916.6329999999998108, 1, , , 2916.6329999999998108, 0
, , 2916.63799999999992, 0, , , 2916.63799999999992, 1, , , 2916.63799999999992, 1, , , 2916.63799999999992, 0
, , 2916.6430000000000291, 0, , , 2916.6430000000000291, 1, , , 2916.6430000000000291, 1, , , 2916.6430000000000291, 0
, , 2916.6480000000001382, 0, , , 2916.6480000000001382, 1, , , 2916.6480000000001382, 1, , , 2916.6480000000001382, 0
, , 2916.6539999999999964, 0, , , 2916.6539999999999964, 1, , , 2916.6539999999999964, 1, , , 2916.6539999999999964, 0
, , 2916.6599999999998545, 0, , , 2916.6599999999998545, 1, , , 2916.6599999999998545, 1, , , 2916.6599999999998545, 0
, , 2916.6649999999999636, 0, , , 2916.6649999999999636, 1, , , 2916.6649999999999636, 1, , , 2916.6649999999999636, 0
, , 2916.6680000000001201, 1, , , 2916.6680000000001201, 1, , , 2916.6680000000001201, 1, , , 2916.6680000000001201, 1
, , 2916.6729999999997744, 1, , , 2916.6729999999997744, 1, , , 2916.6729999999997744, 1, , , 2916.6729999999997744, 1
, , 2916.6790000000000873, 1, , , 2916.6790000000000873, 1, , , 2916.6790000000000873, 1, , , 2916.6790000000000873, 1
, , 2916.6840000000001965, 1, , , 2916.6840000000001965, 1, , , 2916.6840000000001965, 1, , , 2916.6840000000001965, 1
, , 2916.6889999999998508, 1, , , 2916.6889999999998508, 1, , , 2916.6889999999998508, 1, , , 2916.6889999999998508, 1
, , 2916.693000000000211, 1, , , 2916.693000000000211, 1, , , 2916.693000000000211, 1, , , 2916.693000000000211, 1
, , 2916.6979999999998654, 1, , , 2916.6979999999998654, 1, , , 2916.6979999999998654, 1, , , 2916.6979999999998654, 1
, , 2916.7040000000001783, 1, , , 2916.7040000000001783, 1, , , 2916.7040000000001783, 1, , , 2916.7040000000001783, 1
, , 2916.7080000000000837, 1, , , 2916.7080000000000837, 1, , , 2916.7080000000000837, 1, , , 2916.7080000000000837, 1
, , 2916.7130000000001928, 1, , , 2916.7130000000001928, 1, , , 2916.7130000000001928, 1, , , 2916.7130000000001928, 1
, , 2916.7179999999998472, 1, , , 2916.7179999999998472, 1, , , 2916.7179999999998472, 1, , , 2916.7179999999998472, 1
, , 2916.7229999999999563, 1, , , 2916.7229999999999563, 1, , , 2916.7229999999999563, 1, , , 2916.7229999999999563, 1
, , 2916.7280000000000655, 1, , , 2916.7280000000000655, 1, , , 2916.7280000000000655, 1, , , 2916.7280000000000655, 1
, , 2916.7330000000001746, 1, , , 2916.7330000000001746, 1, , , 2916.7330000000001746, 1, , , 2916.7330000000001746, 1
, , 2916.737999999999829, 1, , , 2916.737999999999829, 1, , , 2916.737999999999829, 1, , , 2916.737999999999829, 1
, , 2916.7420000000001892, 1, , , 2916.7420000000001892, 0, , , 2916.7420000000001892, 0, , , 2916.7420000000001892, 1
, , 2916.7480000000000473, 1, , , 2916.7480000000000473, 0, , , 2916.7480000000000473, 0, , , 2916.7480000000000473, 1
, , 2916.7530000000001564, 1, , , 2916.7530000000001564, 0, , , 2916.7530000000001564, 0, , , 2916.7530000000001564, 1
, , 2916.7600000000002183, 1, , , 2916.7600000000002183, 0, , , 2916.7600000000002183, 0, , , 2916.7600000000002183, 1
, , 2916.76299999999992, 1, , , 2916.76299999999992, 0, , , 2916.76299999999992, 0, , , 2916.76299999999992, 1
, , 2916.7680000000000291, 1, , , 2916.7680000000000291, 0, , , 2916.7680000000000291, 0, , , 2916.7680000000000291, 1
, , 2916.7730000000001382, 1, , , 2916.7730000000001382, 0, , , 2916.7730000000001382, 0, , , 2916.7730000000001382, 1
, , 2916.7779999999997926, 1, , , 2916.7779999999997926, 0, , , 2916.7779999999997926, 0, , , 2916.7779999999997926, 1
, , 2916.7829999999999018, 1, , , 2916.7829999999999018, 0, , , 2916.7829999999999018, 0, , , 2916.7829999999999018, 1
, , 2916.7880000000000109, 1, , , 2916.7880000000000109, 0, , , 2916.7880000000000109, 0, , , 2916.7880000000000109, 1
, , 2916.7930000000001201, 1, , , 2916.7930000000001201, 0, , , 2916.7930000000001201, 0, , , 2916.7930000000001201, 1
, , 2916.7979999999997744, 1, , , 2916.7979999999997744, 0, , , 2916.7979999999997744, 0, , , 2916.7979999999997744, 1
, , 2916.8029999999998836, 1, , , 2916.8029999999998836, 0, , , 2916.8029999999998836, 0, , , 2916.8029999999998836, 1
, , 2916.8079999999999927, 1, , , 2916.8079999999999927, 0, , , 2916.8079999999999927, 0, , , 2916.8079999999999927, 1
, , 2916.8130000000001019, 1, , , 2916.8130000000001019, 0, , , 2916.8130000000001019, 0, , , 2916.8130000000001019, 1
, , 2916.818000000000211, 1, , , 2916.818000000000211, 0, , , 2916.818000000000211, 0, , , 2916.818000000000211, 1
, , 2916.8240000000000691, 1, , , 2916.8240000000000691, 0, , , 2916.8240000000000691, 0, , , 2916.8240000000000691, 1
, , 2916.8279999999999745, 1, , , 2916.8279999999999745, 0, , , 2916.8279999999999745, 0, , , 2916.8279999999999745, 1
, , 2916.8339999999998327, 1, , , 2916.8339999999998327, 0, , , 2916.8339999999998327, 0, , , 2916.8339999999998327, 1
, , 2916.8369999999999891, 1, , , 2916.8369999999999891, 0, , , 2916.8369999999999891, 0, , , 2916.8369999999999891, 1
, , 2916.8429999999998472, 1, , , 2916.8429999999998472, 0, , , 2916.8429999999998472, 0, , , 2916.8429999999998472, 1
, , 2916.8479999999999563, 1, , , 2916.8479999999999563, 0, , , 2916.8479999999999563, 0, , , 2916.8479999999999563, 1
, , 2916.8530000000000655, 1, , , 2916.8530000000000655, 0, , , 2916.8530000000000655, 0, , , 2916.8530000000000655, 1
, , 2916.8580000000001746, 1, , , 2916.8580000000001746, 0, , , 2916.8580000000001746, 0, , , 2916.8580000000001746, 1
, , 2916.862999999999829, 1, , , 2916.862999999999829, 0, , , 2916.862999999999829, 0, , , 2916.862999999999829, 1
, , 2916.8690000000001419, 1, , , 2916.8690000000001419, 0, , , 2916.8690000000001419, 0, , , 2916.8690000000001419, 1
, , 2916.8730000000000473, 1, , , 2916.8730000000000473, 0, , , 2916.8730000000000473, 0, , , 2916.8730000000000473, 1
, , 2916.8780000000001564, 1, , , 2916.8780000000001564, 0, , , 2916.8780000000001564, 0, , , 2916.8780000000001564, 1
, , 2916.8829999999998108, 1, , , 2916.8829999999998108, 0, , , 2916.8829999999998108, 0, , , 2916.8829999999998108, 1
, , 2916.88799999999992, 1, , , 2916.88799999999992, 0, , , 2916.88799999999992, 0, , , 2916.88799999999992, 1
, , 2916.8930000000000291, 1, , , 2916.8930000000000291, 0, , , 2916.8930000000000291, 0, , , 2916.8930000000000291, 1
, , 2916.8980000000001382, 1, , , 2916.8980000000001382, 0, , , 2916.8980000000001382, 0, , , 2916.8980000000001382, 1
, , 2916.9029999999997926, 1, , , 2916.9029999999997926, 0, , , 2916.9029999999997926, 0, , , 2916.9029999999997926, 1
, , 2916.9079999999999018, 1, , , 2916.9079999999999018, 0, , , 2916.9079999999999018, 0, , , 2916.9079999999999018, 1
, , 2916.9130000000000109, 1, , , 2916.9130000000000109, 0, , , 2916.9130000000000109, 0, , , 2916.9130000000000109, 1
, , 2916.9180000000001201, 1, , , 2916.9180000000001201, 0, , , 2916.9180000000001201, 0, , , 2916.9180000000001201, 1
, , 2916.9229999999997744, 1, , , 2916.9229999999997744, 0, , , 2916.9229999999997744, 0, , , 2916.9229999999997744, 1
, , 2916.9290000000000873, 1, , , 2916.9290000000000873, 0, , , 2916.9290000000000873, 0, , , 2916.9290000000000873, 1
, , 2916.9329999999999927, 1, , , 2916.9329999999999927, 0, , , 2916.9329999999999927, 0, , , 2916.9329999999999927, 1
, , 2916.9380000000001019, 1, , , 2916.9380000000001019, 0, , , 2916.9380000000001019, 0, , , 2916.9380000000001019, 1
, , 2916.9479999999998654, 1, , , 2916.9479999999998654, 0, , , 2916.9479999999998654, 0, , , 2916.9479999999998654, 1
, , 2916.9479999999998654, 1, , , 2916.9479999999998654, 0, , , 2916.9479999999998654, 0, , , 2916.9479999999998654, 1
, , 2916.9529999999999745, 1, , , 2916.9529999999999745, 0, , , 2916.9529999999999745, 0, , , 2916.9529999999999745, 1
, , 2916.9580000000000837, 1, , , 2916.9580000000000837, 0, , , 2916.9580000000000837, 0, , , 2916.9580000000000837, 1
, , 2916.9630000000001928, 1, , , 2916.9630000000001928, 0, , , 2916.9630000000001928, 0, , , 2916.9630000000001928, 1
, , 2916.9679999999998472, 1, , , 2916.9679999999998472, 0, , , 2916.9679999999998472, 0, , , 2916.9679999999998472, 1
, , 2916.9710000000000036, 1, , , 2916.9710000000000036, 0, , , 2916.9710000000000036, 0, , , 2916.9710000000000036, 1
, , 2916.9780000000000655, 1, , , 2916.9780000000000655, 0, , , 2916.9780000000000655, 0, , , 2916.9780000000000655, 1
, , 2916.9830000000001746, 1, , , 2916.9830000000001746, 0, , , 2916.9830000000001746, 0, , , 2916.9830000000001746, 1
, , 2916.987999999999829, 1, , , 2916.987999999999829, 0, , , 2916.987999999999829, 0, , , 2916.987999999999829, 1
, , 2916.9929999999999382, 1, , , 2916.9929999999999382, 1, , , 2916.9929999999999382, 1, , , 2916.9929999999999382, 1
, , 2916.9989999999997963, 1, , , 2916.9989999999997963, 1, , , 2916.9989999999997963, 1, , , 2916.9989999999997963, 1
, , 2917.0030000000001564, 1, , , 2917.0030000000001564, 1, , , 2917.0030000000001564, 1, , , 2917.0030000000001564, 1
, , 2917.0090000000000146, 1, , , 2917.0090000000000146, 1, , , 2917.0090000000000146, 1, , , 2917.0090000000000146, 1
, , 2917.01299999999992, 1, , , 2917.01299999999992, 1, , , 2917.01299999999992, 1, , , 2917.01299999999992, 1
, , 2917.0189999999997781, 1, , , 2917.0189999999997781, 1, , , 2917.0189999999997781, 1, , , 2917.0189999999997781, 1
, , 2917.0230000000001382, 1, , , 2917.0230000000001382, 1, , , 2917.0230000000001382, 1, , , 2917.0230000000001382, 1
, , 2917.0279999999997926, 1, , , 2917.0279999999997926, 1, , , 2917.0279999999997926, 1, , , 2917.0279999999997926, 1
, , 2917.0329999999999018, 1, , , 2917.0329999999999018, 1, , , 2917.0329999999999018, 1, , , 2917.0329999999999018, 1
, , 2917.0380000000000109, 1, , , 2917.0380000000000109, 1, , , 2917.0380000000000109, 1, , , 2917.0380000000000109, 1
, , 2917.043999999999869, 1, , , 2917.043999999999869, 1, , , 2917.043999999999869, 1, , , 2917.043999999999869, 1
, , 2917.0479999999997744, 1, , , 2917.0479999999997744, 1, , , 2917.0479999999997744, 1, , , 2917.0479999999997744, 1
, , 2917.0540000000000873, 1, , , 2917.0540000000000873, 1, , , 2917.0540000000000873, 1, , , 2917.0540000000000873, 1
, , 2917.0590000000001965, 1, , , 2917.0590000000001965, 1, , , 2917.0590000000001965, 1, , , 2917.0590000000001965, 1
, , 2917.0630000000001019, 1, , , 2917.0630000000001019, 1, , , 2917.0630000000001019, 1, , , 2917.0630000000001019, 1
, , 2917.06899999999996, 0, , , 2917.06899999999996, 1, , , 2917.06899999999996, 1, , , 2917.06899999999996, 0
, , 2917.0729999999998654, 0, , , 2917.0729999999998654, 1, , , 2917.0729999999998654, 1, , , 2917.0729999999998654, 0
, , 2917.0779999999999745, 0, , , 2917.0779999999999745, 1, , , 2917.0779999999999745, 1, , , 2917.0779999999999745, 0
, , 2917.0839999999998327, 0, , , 2917.0839999999998327, 1, , , 2917.0839999999998327, 1, , , 2917.0839999999998327, 0
, , 2917.0880000000001928, 0, , , 2917.0880000000001928, 1, , , 2917.0880000000001928, 1, , , 2917.0880000000001928, 0
, , 2917.0929999999998472, 0, , , 2917.0929999999998472, 1, , , 2917.0929999999998472, 1, , , 2917.0929999999998472, 0
, , 2917.0979999999999563, 0, , , 2917.0979999999999563, 1, , , 2917.0979999999999563, 1, , , 2917.0979999999999563, 0
, , 2917.1030000000000655, 0, , , 2917.1030000000000655, 1, , , 2917.1030000000000655, 1, , , 2917.1030000000000655, 0
, , 2917.1080000000001746, 0, , , 2917.1080000000001746, 1, , , 2917.1080000000001746, 1, , , 2917.1080000000001746, 0
, , 2917.11200000000008, 0, , , 2917.11200000000008, 1, , , 2917.11200000000008, 1, , , 2917.11200000000008, 0
, , 2917.1179999999999382, 0, , , 2917.1179999999999382, 1, , , 2917.1179999999999382, 1, , , 2917.1179999999999382, 0
, , 2917.1230000000000473, 0, , , 2917.1230000000000473, 1, , , 2917.1230000000000473, 1, , , 2917.1230000000000473, 0
, , 2917.1280000000001564, 0, , , 2917.1280000000001564, 1, , , 2917.1280000000001564, 1, , , 2917.1280000000001564, 0
, , 2917.1340000000000146, 0, , , 2917.1340000000000146, 1, , , 2917.1340000000000146, 1, , , 2917.1340000000000146, 0
, , 2917.13799999999992, 0, , , 2917.13799999999992, 1, , , 2917.13799999999992, 1, , , 2917.13799999999992, 0
, , 2917.1430000000000291, 0, , , 2917.1430000000000291, 1, , , 2917.1430000000000291, 1, , , 2917.1430000000000291, 0
, , 2917.1489999999998872, 0, , , 2917.1489999999998872, 1, , , 2917.1489999999998872, 1, , , 2917.1489999999998872, 0
, , 2917.1529999999997926, 0, , , 2917.1529999999997926, 1, , , 2917.1529999999997926, 1, , , 2917.1529999999997926, 0
, , 2917.1579999999999018, 0, , , 2917.1579999999999018, 1, , , 2917.1579999999999018, 1, , , 2917.1579999999999018, 0
, , 2917.1640000000002146, 0, , , 2917.1640000000002146, 1, , , 2917.1640000000002146, 1, , , 2917.1640000000002146, 0
, , 2917.1680000000001201, 0, , , 2917.1680000000001201, 1, , , 2917.1680000000001201, 1, , , 2917.1680000000001201, 0
, , 2917.1739999999999782, 0, , , 2917.1739999999999782, 1, , , 2917.1739999999999782, 1, , , 2917.1739999999999782, 0
, , 2917.1790000000000873, 0, , , 2917.1790000000000873, 1, , , 2917.1790000000000873, 1, , , 2917.1790000000000873, 0
, , 2917.1829999999999927, 0, , , 2917.1829999999999927, 1, , , 2917.1829999999999927, 1, , , 2917.1829999999999927, 0
, , 2917.1880000000001019, 0, , , 2917.1880000000001019, 1, , , 2917.1880000000001019, 1, , , 2917.1880000000001019, 0
, , 2917.193000000000211, 0, , , 2917.193000000000211, 1, , , 2917.193000000000211, 1, , , 2917.193000000000211, 0
, , 2917.1990000000000691, 0, , , 2917.1990000000000691, 1, , , 2917.1990000000000691, 1, , , 2917.1990000000000691, 0
, , 2917.2029999999999745, 0, , , 2917.2029999999999745, 1, , , 2917.2029999999999745, 1, , , 2917.2029999999999745, 0
, , 2917.2080000000000837, 0, , , 2917.2080000000000837, 1, , , 2917.2080000000000837, 1, , , 2917.2080000000000837, 0
, , 2917.2130000000001928, 0, , , 2917.2130000000001928, 1, , , 2917.2130000000001928, 1, , , 2917.2130000000001928, 0
, , 2917.2179999999998472, 0, , , 2917.2179999999998472, 1, , , 2917.2179999999998472, 1, , , 2917.2179999999998472, 0
, , 2917.2240000000001601, 0, , , 2917.2240000000001601, 1, , , 2917.2240000000001601, 1, , , 2917.2240000000001601, 0
, , 2917.2289999999998145, 0, , , 2917.2289999999998145, 1, , , 2917.2289999999998145, 1, , , 2917.2289999999998145, 0
, , 2917.2330000000001746, 0, , , 2917.2330000000001746, 1, , , 2917.2330000000001746, 1, , , 2917.2330000000001746, 0
, , 2917.237999999999829, 0, , , 2917.237999999999829, 1, , , 2917.237999999999829, 1, , , 2917.237999999999829, 0
, , 2917.2440000000001419, 0, , , 2917.2440000000001419, 1, , , 2917.2440000000001419, 1, , , 2917.2440000000001419, 0
, , 2917.2480000000000473, 0, , , 2917.2480000000000473, 1, , , 2917.2480000000000473, 1, , , 2917.2480000000000473, 0
, , 2917.2530000000001564, 0, , , 2917.2530000000001564, 1, , , 2917.2530000000001564, 1, , , 2917.2530000000001564, 0
, , 2917.2579999999998108, 0, , , 2917.2579999999998108, 1, , , 2917.2579999999998108, 1, , , 2917.2579999999998108, 0
, , 2917.2640000000001237, 0, , , 2917.2640000000001237, 1, , , 2917.2640000000001237, 1, , , 2917.2640000000001237, 0
, , 2917.2689999999997781, 0, , , 2917.2689999999997781, 1, , , 2917.2689999999997781, 1, , , 2917.2689999999997781, 0
, , 2917.2730000000001382, 0, , , 2917.2730000000001382, 1, , , 2917.2730000000001382, 1, , , 2917.2730000000001382, 0
, , 2917.2779999999997926, 0, , , 2917.2779999999997926, 1, , , 2917.2779999999997926, 1, , , 2917.2779999999997926, 0
, , 2917.2829999999999018, 0, , , 2917.2829999999999018, 1, , , 2917.2829999999999018, 1, , , 2917.2829999999999018, 0
, , 2917.2880000000000109, 0, , , 2917.2880000000000109, 1, , , 2917.2880000000000109, 1, , , 2917.2880000000000109, 0
, , 2917.2930000000001201, 0, , , 2917.2930000000001201, 1, , , 2917.2930000000001201, 1, , , 2917.2930000000001201, 0
, , 2917.2979999999997744, 0, , , 2917.2979999999997744, 1, , , 2917.2979999999997744, 1, , , 2917.2979999999997744, 0
, , 2917.3040000000000873, 0, , , 2917.3040000000000873, 1, , , 2917.3040000000000873, 1, , , 2917.3040000000000873, 0
, , 2917.3079999999999927, 0, , , 2917.3079999999999927, 1, , , 2917.3079999999999927, 1, , , 2917.3079999999999927, 0
, , 2917.3130000000001019, 0, , , 2917.3130000000001019, 1, , , 2917.3130000000001019, 1, , , 2917.3130000000001019, 0
, , 2917.318000000000211, 0, , , 2917.318000000000211, 1, , , 2917.318000000000211, 1, , , 2917.318000000000211, 0
, , 2917.3229999999998654, 1, , , 2917.3229999999998654, 1, , , 2917.3229999999998654, 1, , , 2917.3229999999998654, 1
, , 2917.3279999999999745, 1, , , 2917.3279999999999745, 1, , , 2917.3279999999999745, 1, , , 2917.3279999999999745, 1
, , 2917.3330000000000837, 1, , , 2917.3330000000000837, 1, , , 2917.3330000000000837, 1, , , 2917.3330000000000837, 1
, , 2917.3380000000001928, 1, , , 2917.3380000000001928, 1, , , 2917.3380000000001928, 1, , , 2917.3380000000001928, 1
, , 2917.3429999999998472, 1, , , 2917.3429999999998472, 1, , , 2917.3429999999998472, 1, , , 2917.3429999999998472, 1
, , 2917.3479999999999563, 1, , , 2917.3479999999999563, 1, , , 2917.3479999999999563, 1, , , 2917.3479999999999563, 1
, , 2917.3530000000000655, 1, , , 2917.3530000000000655, 1, , , 2917.3530000000000655, 1, , , 2917.3530000000000655, 1
, , 2917.3589999999999236, 1, , , 2917.3589999999999236, 1, , , 2917.3589999999999236, 1, , , 2917.3589999999999236, 1
, , 2917.362999999999829, 1, , , 2917.362999999999829, 1, , , 2917.362999999999829, 1, , , 2917.362999999999829, 1
, , 2917.3690000000001419, 1, , , 2917.3690000000001419, 1, , , 2917.3690000000001419, 1, , , 2917.3690000000001419, 1
, , 2917.3730000000000473, 1, , , 2917.3730000000000473, 1, , , 2917.3730000000000473, 1, , , 2917.3730000000000473, 1
, , 2917.3789999999999054, 1, , , 2917.3789999999999054, 1, , , 2917.3789999999999054, 1, , , 2917.3789999999999054, 1
, , 2917.3840000000000146, 1, , , 2917.3840000000000146, 1, , , 2917.3840000000000146, 1, , , 2917.3840000000000146, 1
, , 2917.3890000000001237, 1, , , 2917.3890000000001237, 1, , , 2917.3890000000001237, 1, , , 2917.3890000000001237, 1
, , 2917.3930000000000291, 1, , , 2917.3930000000000291, 1, , , 2917.3930000000000291, 1, , , 2917.3930000000000291, 1
, , 2917.3980000000001382, 1, , , 2917.3980000000001382, 0, , , 2917.3980000000001382, 0, , , 2917.3980000000001382, 1
, , 2917.4029999999997926, 1, , , 2917.4029999999997926, 0, , , 2917.4029999999997926, 0, , , 2917.4029999999997926, 1
, , 2917.4090000000001055, 1, , , 2917.4090000000001055, 0, , , 2917.4090000000001055, 0, , , 2917.4090000000001055, 1
, , 2917.4130000000000109, 1, , , 2917.4130000000000109, 0, , , 2917.4130000000000109, 0, , , 2917.4130000000000109, 1
, , 2917.418999999999869, 1, , , 2917.418999999999869, 0, , , 2917.418999999999869, 0, , , 2917.418999999999869, 1
, , 2917.4229999999997744, 1, , , 2917.4229999999997744, 0, , , 2917.4229999999997744, 0, , , 2917.4229999999997744, 1
, , 2917.4290000000000873, 1, , , 2917.4290000000000873, 0, , , 2917.4290000000000873, 0, , , 2917.4290000000000873, 1
, , 2917.4329999999999927, 1, , , 2917.4329999999999927, 0, , , 2917.4329999999999927, 0, , , 2917.4329999999999927, 1
, , 2917.4380000000001019, 1, , , 2917.4380000000001019, 0, , , 2917.4380000000001019, 0, , , 2917.4380000000001019, 1
, , 2917.443000000000211, 1, , , 2917.443000000000211, 0, , , 2917.443000000000211, 0, , , 2917.443000000000211, 1
, , 2917.4499999999998181, 1, , , 2917.4499999999998181, 0, , , 2917.4499999999998181, 0, , , 2917.4499999999998181, 1
, , 2917.4529999999999745, 1, , , 2917.4529999999999745, 0, , , 2917.4529999999999745, 0, , , 2917.4529999999999745, 1
, , 2917.4600000000000364, 1, , , 2917.4600000000000364, 0, , , 2917.4600000000000364, 0, , , 2917.4600000000000364, 1
, , 2917.4630000000001928, 1, , , 2917.4630000000001928, 0, , , 2917.4630000000001928, 0, , , 2917.4630000000001928, 1
, , 2917.4679999999998472, 1, , , 2917.4679999999998472, 0, , , 2917.4679999999998472, 0, , , 2917.4679999999998472, 1
, , 2917.4729999999999563, 1, , , 2917.4729999999999563, 0, , , 2917.4729999999999563, 0, , , 2917.4729999999999563, 1
, , 2917.4780000000000655, 1, , , 2917.4780000000000655, 0, , , 2917.4780000000000655, 0, , , 2917.4780000000000655, 1
, , 2917.4850000000001273, 1, , , 2917.4850000000001273, 0, , , 2917.4850000000001273, 0, , , 2917.4850000000001273, 1
, , 2917.487999999999829, 1, , , 2917.487999999999829, 0, , , 2917.487999999999829, 0, , , 2917.487999999999829, 1
, , 2917.4940000000001419, 1, , , 2917.4940000000001419, 0, , , 2917.4940000000001419, 0, , , 2917.4940000000001419, 1
, , 2917.4980000000000473, 1, , , 2917.4980000000000473, 1, , , 2917.4980000000000473, 1, , , 2917.4980000000000473, 1
, , 2917.5039999999999054, 1, , , 2917.5039999999999054, 1, , , 2917.5039999999999054, 1, , , 2917.5039999999999054, 1
, , 2917.5079999999998108, 1, , , 2917.5079999999998108, 1, , , 2917.5079999999998108, 1, , , 2917.5079999999998108, 1
, , 2917.51299999999992, 1, , , 2917.51299999999992, 1, , , 2917.51299999999992, 1, , , 2917.51299999999992, 1
, , 2917.5169999999998254, 1, , , 2917.5169999999998254, 1, , , 2917.5169999999998254, 1, , , 2917.5169999999998254, 1
, , 2917.5230000000001382, 1, , , 2917.5230000000001382, 1, , , 2917.5230000000001382, 1, , , 2917.5230000000001382, 1
, , 2917.5289999999999964, 1, , , 2917.5289999999999964, 1, , , 2917.5289999999999964, 1, , , 2917.5289999999999964, 1
, , 2917.5349999999998545, 1, , , 2917.5349999999998545, 1, , , 2917.5349999999998545, 1, , , 2917.5349999999998545, 1
, , 2917.5380000000000109, 1, , , 2917.5380000000000109, 1, , , 2917.5380000000000109, 1, , , 2917.5380000000000109, 1
, , 2917.5430000000001201, 1, , , 2917.5430000000001201, 1, , , 2917.5430000000001201, 1, , , 2917.5430000000001201, 1
, , 2917.5479999999997744, 1, , , 2917.5479999999997744, 1, , , 2917.5479999999997744, 1, , , 2917.5479999999997744, 1
, , 2917.5529999999998836, 1, , , 2917.5529999999998836, 1, , , 2917.5529999999998836, 1, , , 2917.5529999999998836, 1
, , 2917.5579999999999927, 1, , , 2917.5579999999999927, 1, , , 2917.5579999999999927, 1, , , 2917.5579999999999927, 1
, , 2917.5630000000001019, 1, , , 2917.5630000000001019, 1, , , 2917.5630000000001019, 1, , , 2917.5630000000001019, 1
, , 2917.56899999999996, 1, , , 2917.56899999999996, 1, , , 2917.56899999999996, 1, , , 2917.56899999999996, 1
, , 2917.5729999999998654, 1, , , 2917.5729999999998654, 1, , , 2917.5729999999998654, 1, , , 2917.5729999999998654, 1
, , 2917.5779999999999745, 1, , , 2917.5779999999999745, 1, , , 2917.5779999999999745, 1, , , 2917.5779999999999745, 1
, , 2917.5830000000000837, 1, , , 2917.5830000000000837, 1, , , 2917.5830000000000837, 1, , , 2917.5830000000000837, 1
, , 2917.5880000000001928, 1, , , 2917.5880000000001928, 1, , , 2917.5880000000001928, 1, , , 2917.5880000000001928, 1
, , 2917.5929999999998472, 1, , , 2917.5929999999998472, 1, , , 2917.5929999999998472, 1, , , 2917.5929999999998472, 1
, , 2917.5979999999999563, 1, , , 2917.5979999999999563, 1, , , 2917.5979999999999563, 1, , , 2917.5979999999999563, 1
, , 2917.6030000000000655, 1, , , 2917.6030000000000655, 1, , , 2917.6030000000000655, 1, , , 2917.6030000000000655, 1
, , 2917.6080000000001746, 1, , , 2917.6080000000001746, 1, , , 2917.6080000000001746, 1, , , 2917.6080000000001746, 1
, , 2917.612999999999829, 1, , , 2917.612999999999829, 1, , , 2917.612999999999829, 1, , , 2917.612999999999829, 1
, , 2917.6179999999999382, 1, , , 2917.6179999999999382, 1, , , 2917.6179999999999382, 1, , , 2917.6179999999999382, 1
, , 2917.625, 1, , , 2917.625, 1, , , 2917.625, 1, , , 2917.625, 1
, , 2917.6289999999999054, 1, , , 2917.6289999999999054, 1, , , 2917.6289999999999054, 1, , , 2917.6289999999999054, 1
, , 2917.6329999999998108, 1, , , 2917.6329999999998108, 1, , , 2917.6329999999998108, 1, , , 2917.6329999999998108, 1
, , 2917.63799999999992, 1, , , 2917.63799999999992, 1, , , 2917.63799999999992, 1, , , 2917.63799999999992, 1
, , 2917.6430000000000291, 1, , , 2917.6430000000000291, 1, , , 2917.6430000000000291, 1, , , 2917.6430000000000291, 1
, , 2917.6480000000001382, 1, , , 2917.6480000000001382, 1, , , 2917.6480000000001382, 1, , , 2917.6480000000001382, 1
, , 2917.6539999999999964, 1, , , 2917.6539999999999964, 1, , , 2917.6539999999999964, 1, , , 2917.6539999999999964, 1
, , 2917.6579999999999018, 1, , , 2917.6579999999999018, 1, , , 2917.6579999999999018, 1, , , 2917.6579999999999018, 1
, , 2917.6630000000000109, 1, , , 2917.6630000000000109, 1, , , 2917.6630000000000109, 1, , , 2917.6630000000000109, 1
, , 2917.6680000000001201, 1, , , 2917.6680000000001201, 1, , , 2917.6680000000001201, 1, , , 2917.6680000000001201, 1
, , 2917.6729999999997744, 1, , , 2917.6729999999997744, 1, , , 2917.6729999999997744, 1, , , 2917.6729999999997744, 1
, , 2917.6779999999998836, 1, , , 2917.6779999999998836, 1, , , 2917.6779999999998836, 1, , , 2917.6779999999998836, 1
, , 2917.6829999999999927, 1, , , 2917.6829999999999927, 1, , , 2917.6829999999999927, 1, , , 2917.6829999999999927, 1
, , 2917.6889999999998508, 1, , , 2917.6889999999998508, 1, , , 2917.6889999999998508, 1, , , 2917.6889999999998508, 1
, , 2917.69399999999996, 1, , , 2917.69399999999996, 1, , , 2917.69399999999996, 1, , , 2917.69399999999996, 1
, , 2917.6990000000000691, 1, , , 2917.6990000000000691, 1, , , 2917.6990000000000691, 1, , , 2917.6990000000000691, 1
, , 2917.7040000000001783, 1, , , 2917.7040000000001783, 1, , , 2917.7040000000001783, 1, , , 2917.7040000000001783, 1
, , 2917.7080000000000837, 1, , , 2917.7080000000000837, 1, , , 2917.7080000000000837, 1, , , 2917.7080000000000837, 1
, , 2917.7139999999999418, 1, , , 2917.7139999999999418, 1, , , 2917.7139999999999418, 1, , , 2917.7139999999999418, 1
, , 2917.7190000000000509, 1, , , 2917.7190000000000509, 1, , , 2917.7190000000000509, 1, , , 2917.7190000000000509, 1
, , 2917.7229999999999563, 1, , , 2917.7229999999999563, 1, , , 2917.7229999999999563, 1, , , 2917.7229999999999563, 1
, , 2917.7280000000000655, 1, , , 2917.7280000000000655, 1, , , 2917.7280000000000655, 1, , , 2917.7280000000000655, 1
, , 2917.7330000000001746, 1, , , 2917.7330000000001746, 1, , , 2917.7330000000001746, 1, , , 2917.7330000000001746, 1
, , 2917.737999999999829, 1, , , 2917.737999999999829, 1, , , 2917.737999999999829, 1, , , 2917.737999999999829, 1
, , 2917.7429999999999382, 1, , , 2917.7429999999999382, 1, , , 2917.7429999999999382, 1, , , 2917.7429999999999382, 1
, , 2917.7480000000000473, 1, , , 2917.7480000000000473, 1, , , 2917.7480000000000473, 1, , , 2917.7480000000000473, 1
, , 2917.7530000000001564, 1, , , 2917.7530000000001564, 1, , , 2917.7530000000001564, 1, , , 2917.7530000000001564, 1
, , 2917.7590000000000146, 1, , , 2917.7590000000000146, 1, , , 2917.7590000000000146, 1, , , 2917.7590000000000146, 1
, , 2917.76299999999992, 1, , , 2917.76299999999992, 1, , , 2917.76299999999992, 1, , , 2917.76299999999992, 1
, , 2917.7699999999999818, 1, , , 2917.7699999999999818, 1, , , 2917.7699999999999818, 1, , , 2917.7699999999999818, 1
, , 2917.7759999999998399, 1, , , 2917.7759999999998399, 1, , , 2917.7759999999998399, 1, , , 2917.7759999999998399, 1
, , 2917.7789999999999964, 1, , , 2917.7789999999999964, 1, , , 2917.7789999999999964, 1, , , 2917.7789999999999964, 1
, , 2917.7829999999999018, 1, , , 2917.7829999999999018, 1, , , 2917.7829999999999018, 1, , , 2917.7829999999999018, 1
, , 2917.7880000000000109, 1, , , 2917.7880000000000109, 1, , , 2917.7880000000000109, 1, , , 2917.7880000000000109, 1
, , 2917.7930000000001201, 1, , , 2917.7930000000001201, 1, , , 2917.7930000000001201, 1, , , 2917.7930000000001201, 1
, , 2917.7979999999997744, 1, , , 2917.7979999999997744, 1, , , 2917.7979999999997744, 1, , , 2917.7979999999997744, 1
, , 2917.8029999999998836, 1, , , 2917.8029999999998836, 1, , , 2917.8029999999998836, 1, , , 2917.8029999999998836, 1
, , 2917.8090000000001965, 1, , , 2917.8090000000001965, 1, , , 2917.8090000000001965, 1, , , 2917.8090000000001965, 1
, , 2917.8130000000001019, 1, , , 2917.8130000000001019, 1, , , 2917.8130000000001019, 1, , , 2917.8130000000001019, 1
, , 2917.818000000000211, 1, , , 2917.818000000000211, 1, , , 2917.818000000000211, 1, , , 2917.818000000000211, 1
, , 2917.8229999999998654, 1, , , 2917.8229999999998654, 1, , , 2917.8229999999998654, 1, , , 2917.8229999999998654, 1
, , 2917.8279999999999745, 1, , , 2917.8279999999999745, 1, , , 2917.8279999999999745, 1, , , 2917.8279999999999745, 1
, , 2917.8319999999998799, 1, , , 2917.8319999999998799, 1, , , 2917.8319999999998799, 1, , , 2917.8319999999998799, 1
, , 2917.8380000000001928, 1, , , 2917.8380000000001928, 1, , , 2917.8380000000001928, 1, , , 2917.8380000000001928, 1
, , 2917.8429999999998472, 1, , , 2917.8429999999998472, 1, , , 2917.8429999999998472, 1, , , 2917.8429999999998472, 1
, , 2917.8479999999999563, 1, , , 2917.8479999999999563, 1, , , 2917.8479999999999563, 1, , , 2917.8479999999999563, 1
, , 2917.8530000000000655, 1, , , 2917.8530000000000655, 1, , , 2917.8530000000000655, 1, , , 2917.8530000000000655, 1
, , 2917.8589999999999236, 1, , , 2917.8589999999999236, 1, , , 2917.8589999999999236, 1, , , 2917.8589999999999236, 1
, , 2917.862999999999829, 1, , , 2917.862999999999829, 1, , , 2917.862999999999829, 1, , , 2917.862999999999829, 1
, , 2917.8679999999999382, 1, , , 2917.8679999999999382, 1, , , 2917.8679999999999382, 1, , , 2917.8679999999999382, 1
, , 2917.8739999999997963, 1, , , 2917.8739999999997963, 1, , , 2917.8739999999997963, 1, , , 2917.8739999999997963, 1
, , 2917.8769999999999527, 1, , , 2917.8769999999999527, 1, , , 2917.8769999999999527, 1, , , 2917.8769999999999527, 1
, , 2917.8829999999998108, 1, , , 2917.8829999999998108, 1, , , 2917.8829999999998108, 1, , , 2917.8829999999998108, 1
, , 2917.8890000000001237, 1, , , 2917.8890000000001237, 1, , , 2917.8890000000001237, 1, , , 2917.8890000000001237, 1
, , 2917.8930000000000291, 1, , , 2917.8930000000000291, 1, , , 2917.8930000000000291, 1, , , 2917.8930000000000291, 1
, , 2917.8980000000001382, 1, , , 2917.8980000000001382, 1, , , 2917.8980000000001382, 1, , , 2917.8980000000001382, 1
, , 2917.9029999999997926, 1, , , 2917.9029999999997926, 1, , , 2917.9029999999997926, 1, , , 2917.9029999999997926, 1
, , 2917.9079999999999018, 1, , , 2917.9079999999999018, 1, , , 2917.9079999999999018, 1, , , 2917.9079999999999018, 1
, , 2917.9140000000002146, 1, , , 2917.9140000000002146, 1, , , 2917.9140000000002146, 1, , , 2917.9140000000002146, 1
, , 2917.9180000000001201, 1, , , 2917.9180000000001201, 1, , , 2917.9180000000001201, 1, , , 2917.9180000000001201, 1
, , 2917.9239999999999782, 1, , , 2917.9239999999999782, 1, , , 2917.9239999999999782, 1, , , 2917.9239999999999782, 1
, , 2917.9290000000000873, 1, , , 2917.9290000000000873, 1, , , 2917.9290000000000873, 1, , , 2917.9290000000000873, 1
, , 2917.9329999999999927, 1, , , 2917.9329999999999927, 1, , , 2917.9329999999999927, 1, , , 2917.9329999999999927, 1
, , 2917.9380000000001019, 1, , , 2917.9380000000001019, 1, , , 2917.9380000000001019, 1, , , 2917.9380000000001019, 1
, , 2917.943000000000211, 1, , , 2917.943000000000211, 1, , , 2917.943000000000211, 1, , , 2917.943000000000211, 1
, , 2917.9470000000001164, 1, , , 2917.9470000000001164, 1, , , 2917.9470000000001164, 1, , , 2917.9470000000001164, 1
, , 2917.9529999999999745, 1, , , 2917.9529999999999745, 1, , , 2917.9529999999999745, 1, , , 2917.9529999999999745, 1
, , 2917.9569999999998799, 1, , , 2917.9569999999998799, 1, , , 2917.9569999999998799, 1, , , 2917.9569999999998799, 1
, , 2917.9639999999999418, 1, , , 2917.9639999999999418, 1, , , 2917.9639999999999418, 1, , , 2917.9639999999999418, 1
, , 2917.9679999999998472, 1, , , 2917.9679999999998472, 1, , , 2917.9679999999998472, 1, , , 2917.9679999999998472, 1
, , 2917.9729999999999563, 1, , , 2917.9729999999999563, 1, , , 2917.9729999999999563, 1, , , 2917.9729999999999563, 1
, , 2917.9789999999998145, 1, , , 2917.9789999999998145, 1, , , 2917.9789999999998145, 1, , , 2917.9789999999998145, 1
, , 2917.9830000000001746, 1, , , 2917.9830000000001746, 1, , , 2917.9830000000001746, 1, , , 2917.9830000000001746, 1
, , 2917.987999999999829, 1, , , 2917.987999999999829, 1, , , 2917.987999999999829, 1, , , 2917.987999999999829, 1
, , 2917.9929999999999382, 1, , , 2917.9929999999999382, 1, , , 2917.9929999999999382, 1, , , 2917.9929999999999382, 1
, , 2917.9980000000000473, 1, , , 2917.9980000000000473, 1, , , 2917.9980000000000473, 1, , , 2917.9980000000000473, 1
, , 2918.0030000000001564, 1, , , 2918.0030000000001564, 1, , , 2918.0030000000001564, 1, , , 2918.0030000000001564, 1
, , 2918.0079999999998108, 1, , , 2918.0079999999998108, 1, , , 2918.0079999999998108, 1, , , 2918.0079999999998108, 1
, , 2918.01299999999992, 1, , , 2918.01299999999992, 1, , , 2918.01299999999992, 1, , , 2918.01299999999992, 1
, , 2918.0180000000000291, 1, , , 2918.0180000000000291, 1, , , 2918.0180000000000291, 1, , , 2918.0180000000000291, 1
, , 2918.0230000000001382, 1, , , 2918.0230000000001382, 1, , , 2918.0230000000001382, 1, , , 2918.0230000000001382, 1
, , 2918.0279999999997926, 1, , , 2918.0279999999997926, 1, , , 2918.0279999999997926, 1, , , 2918.0279999999997926, 1
, , 2918.0329999999999018, 1, , , 2918.0329999999999018, 1, , , 2918.0329999999999018, 1, , , 2918.0329999999999018, 1
, , 2918.0369999999998072, 1, , , 2918.0369999999998072, 1, , , 2918.0369999999998072, 1, , , 2918.0369999999998072, 1
, , 2918.0430000000001201, 1, , , 2918.0430000000001201, 1, , , 2918.0430000000001201, 1, , , 2918.0430000000001201, 1
, , 2918.0479999999997744, 1, , , 2918.0479999999997744, 1, , , 2918.0479999999997744, 1, , , 2918.0479999999997744, 1
, , 2918.0529999999998836, 1, , , 2918.0529999999998836, 1, , , 2918.0529999999998836, 1, , , 2918.0529999999998836, 1
, , 2918.0579999999999927, 1, , , 2918.0579999999999927, 1, , , 2918.0579999999999927, 1, , , 2918.0579999999999927, 1
, , 2918.0630000000001019, 1, , , 2918.0630000000001019, 1, , , 2918.0630000000001019, 1, , , 2918.0630000000001019, 1
, , 2918.06899999999996, 1, , , 2918.06899999999996, 1, , , 2918.06899999999996, 1, , , 2918.06899999999996, 1
, , 2918.0729999999998654, 1, , , 2918.0729999999998654, 1, , , 2918.0729999999998654, 1, , , 2918.0729999999998654, 1
, , 2918.0779999999999745, 1, , , 2918.0779999999999745, 1, , , 2918.0779999999999745, 1, , , 2918.0779999999999745, 1
, , 2918.0830000000000837, 1, , , 2918.0830000000000837, 1, , , 2918.0830000000000837, 1, , , 2918.0830000000000837, 1
, , 2918.0880000000001928, 1, , , 2918.0880000000001928, 1, , , 2918.0880000000001928, 1, , , 2918.0880000000001928, 1
, , 2918.0929999999998472, 1, , , 2918.0929999999998472, 1, , , 2918.0929999999998472, 1, , , 2918.0929999999998472, 1
, , 2918.0979999999999563, 1, , , 2918.0979999999999563, 1, , , 2918.0979999999999563, 1, , , 2918.0979999999999563, 1
, , 2918.1030000000000655, 1, , , 2918.1030000000000655, 1, , , 2918.1030000000000655, 1, , , 2918.1030000000000655, 1
, , 2918.1080000000001746, 1, , , 2918.1080000000001746, 1, , , 2918.1080000000001746, 1, , , 2918.1080000000001746, 1
, , 2918.1140000000000327, 1, , , 2918.1140000000000327, 1, , , 2918.1140000000000327, 1, , , 2918.1140000000000327, 1
, , 2918.1190000000001419, 1, , , 2918.1190000000001419, 1, , , 2918.1190000000001419, 1, , , 2918.1190000000001419, 1
, , 2918.1230000000000473, 1, , , 2918.1230000000000473, 1, , , 2918.1230000000000473, 1, , , 2918.1230000000000473, 1
, , 2918.1280000000001564, 1, , , 2918.1280000000001564, 1, , , 2918.1280000000001564, 1, , , 2918.1280000000001564, 1
, , 2918.1329999999998108, 1, , , 2918.1329999999998108, 1, , , 2918.1329999999998108, 1, , , 2918.1329999999998108, 1
, , 2918.1390000000001237, 1, , , 2918.1390000000001237, 1, , , 2918.1390000000001237, 1, , , 2918.1390000000001237, 1
, , 2918.1430000000000291, 1, , , 2918.1430000000000291, 1, , , 2918.1430000000000291, 1, , , 2918.1430000000000291, 1
, , 2918.1480000000001382, 1, , , 2918.1480000000001382, 1, , , 2918.1480000000001382, 1, , , 2918.1480000000001382, 1
, , 2918.1529999999997926, 1, , , 2918.1529999999997926, 1, , , 2918.1529999999997926, 1, , , 2918.1529999999997926, 1
, , 2918.1590000000001055, 1, , , 2918.1590000000001055, 1, , , 2918.1590000000001055, 1, , , 2918.1590000000001055, 1
, , 2918.1630000000000109, 1, , , 2918.1630000000000109, 1, , , 2918.1630000000000109, 1, , , 2918.1630000000000109, 1
, , 2918.1680000000001201, 1, , , 2918.1680000000001201, 1, , , 2918.1680000000001201, 1, , , 2918.1680000000001201, 1
, , 2918.1729999999997744, 1, , , 2918.1729999999997744, 1, , , 2918.1729999999997744, 1, , , 2918.1729999999997744, 1
, , 2918.1779999999998836, 1, , , 2918.1779999999998836, 1, , , 2918.1779999999998836, 1, , , 2918.1779999999998836, 1
, , 2918.1829999999999927, 1, , , 2918.1829999999999927, 1, , , 2918.1829999999999927, 1, , , 2918.1829999999999927, 1
, , 2918.1889999999998508, 1, , , 2918.1889999999998508, 1, , , 2918.1889999999998508, 1, , , 2918.1889999999998508, 1
, , 2918.193000000000211, 1, , , 2918.193000000000211, 1, , , 2918.193000000000211, 1, , , 2918.193000000000211, 1
, , 2918.1979999999998654, 1, , , 2918.1979999999998654, 1, , , 2918.1979999999998654, 1, , , 2918.1979999999998654, 1
, , 2918.2040000000001783, 1, , , 2918.2040000000001783, 1, , , 2918.2040000000001783, 1, , , 2918.2040000000001783, 1
, , 2918.2080000000000837, 1, , , 2918.2080000000000837, 1, , , 2918.2080000000000837, 1, , , 2918.2080000000000837, 1
, , 2918.2130000000001928, 1, , , 2918.2130000000001928, 1, , , 2918.2130000000001928, 1, , , 2918.2130000000001928, 1
, , 2918.2190000000000509, 1, , , 2918.2190000000000509, 1, , , 2918.2190000000000509, 1, , , 2918.2190000000000509, 1
, , 2918.2229999999999563, 1, , , 2918.2229999999999563, 1, , , 2918.2229999999999563, 1, , , 2918.2229999999999563, 1
, , 2918.2280000000000655, 1, , , 2918.2280000000000655, 1, , , 2918.2280000000000655, 1, , , 2918.2280000000000655, 1
, , 2918.2330000000001746, 1, , , 2918.2330000000001746, 1, , , 2918.2330000000001746, 1, , , 2918.2330000000001746, 1
, , 2918.237999999999829, 1, , , 2918.237999999999829, 1, , , 2918.237999999999829, 1, , , 2918.237999999999829, 1
, , 2918.2429999999999382, 1, , , 2918.2429999999999382, 1, , , 2918.2429999999999382, 1, , , 2918.2429999999999382, 1
, , 2918.2480000000000473, 1, , , 2918.2480000000000473, 1, , , 2918.2480000000000473, 1, , , 2918.2480000000000473, 1
, , 2918.2530000000001564, 1, , , 2918.2530000000001564, 1, , , 2918.2530000000001564, 1, , , 2918.2530000000001564, 1
, , 2918.2590000000000146, 1, , , 2918.2590000000000146, 1, , , 2918.2590000000000146, 1, , , 2918.2590000000000146, 1
, , 2918.26299999999992, 1, , , 2918.26299999999992, 1, , , 2918.26299999999992, 1, , , 2918.26299999999992, 1
, , 2918.2680000000000291, 1, , , 2918.2680000000000291, 1, , , 2918.2680000000000291, 1, , , 2918.2680000000000291, 1
, , 2918.2739999999998872, 1, , , 2918.2739999999998872, 1, , , 2918.2739999999998872, 1, , , 2918.2739999999998872, 1
, , 2918.2789999999999964, 1, , , 2918.2789999999999964, 1, , , 2918.2789999999999964, 1, , , 2918.2789999999999964, 1
, , 2918.2829999999999018, 1, , , 2918.2829999999999018, 1, , , 2918.2829999999999018, 1, , , 2918.2829999999999018, 1
, , 2918.2880000000000109, 1, , , 2918.2880000000000109, 1, , , 2918.2880000000000109, 1, , , 2918.2880000000000109, 1
, , 2918.2930000000001201, 1, , , 2918.2930000000001201, 1, , , 2918.2930000000001201, 1, , , 2918.2930000000001201, 1
, , 2918.2979999999997744, 1, , , 2918.2979999999997744, 1, , , 2918.2979999999997744, 1, , , 2918.2979999999997744, 1
, , 2918.3029999999998836, 1, , , 2918.3029999999998836, 1, , , 2918.3029999999998836, 1, , , 2918.3029999999998836, 1
, , 2918.3079999999999927, 1, , , 2918.3079999999999927, 1, , , 2918.3079999999999927, 1, , , 2918.3079999999999927, 1
, , 2918.3130000000001019, 1, , , 2918.3130000000001019, 1, , , 2918.3130000000001019, 1, , , 2918.3130000000001019, 1
, , 2918.318000000000211, 1, , , 2918.318000000000211, 1, , , 2918.318000000000211, 1, , , 2918.318000000000211, 1
, , 2918.3229999999998654, 1, , , 2918.3229999999998654, 1, , , 2918.3229999999998654, 1, , , 2918.3229999999998654, 1
, , 2918.3290000000001783, 1, , , 2918.3290000000001783, 1, , , 2918.3290000000001783, 1, , , 2918.3290000000001783, 1
, , 2918.3350000000000364, 1, , , 2918.3350000000000364, 1, , , 2918.3350000000000364, 1, , , 2918.3350000000000364, 1
, , 2918.3380000000001928, 1, , , 2918.3380000000001928, 1, , , 2918.3380000000001928, 1, , , 2918.3380000000001928, 1
, , 2918.3429999999998472, 1, , , 2918.3429999999998472, 1, , , 2918.3429999999998472, 1, , , 2918.3429999999998472, 1
, , 2918.3479999999999563, 1, , , 2918.3479999999999563, 1, , , 2918.3479999999999563, 1, , , 2918.3479999999999563, 1
, , 2918.3539999999998145, 1, , , 2918.3539999999998145, 1, , , 2918.3539999999998145, 1, , , 2918.3539999999998145, 1
, , 2918.3589999999999236, 1, , , 2918.3589999999999236, 1, , , 2918.3589999999999236, 1, , , 2918.3589999999999236, 1
, , 2918.362999999999829, 1, , , 2918.362999999999829, 1, , , 2918.362999999999829, 1, , , 2918.362999999999829, 1
, , 2918.3679999999999382, 1, , , 2918.3679999999999382, 1, , , 2918.3679999999999382, 1, , , 2918.3679999999999382, 1
, , 2918.3730000000000473, 1, , , 2918.3730000000000473, 1, , , 2918.3730000000000473, 1, , , 2918.3730000000000473, 1
, , 2918.3780000000001564, 1, , , 2918.3780000000001564, 1, , , 2918.3780000000001564, 1, , , 2918.3780000000001564, 1
, , 2918.3829999999998108, 1, , , 2918.3829999999998108, 1, , , 2918.3829999999998108, 1, , , 2918.3829999999998108, 1
, , 2918.38799999999992, 1, , , 2918.38799999999992, 1, , , 2918.38799999999992, 1, , , 2918.38799999999992, 1
, , 2918.3939999999997781, 1, , , 2918.3939999999997781, 1, , , 2918.3939999999997781, 1, , , 2918.3939999999997781, 1
, , 2918.3989999999998872, 1, , , 2918.3989999999998872, 1, , , 2918.3989999999998872, 1, , , 2918.3989999999998872, 1
, , 2918.4029999999997926, 1, , , 2918.4029999999997926, 1, , , 2918.4029999999997926, 1, , , 2918.4029999999997926, 1
, , 2918.4079999999999018, 1, , , 2918.4079999999999018, 1, , , 2918.4079999999999018, 1, , , 2918.4079999999999018, 1
, , 2918.4119999999998072, 1, , , 2918.4119999999998072, 1, , , 2918.4119999999998072, 1, , , 2918.4119999999998072, 1
, , 2918.4180000000001201, 1, , , 2918.4180000000001201, 1, , , 2918.4180000000001201, 1, , , 2918.4180000000001201, 1
, , 2918.4229999999997744, 1, , , 2918.4229999999997744, 1, , , 2918.4229999999997744, 1, , , 2918.4229999999997744, 1
, , 2918.4279999999998836, 1, , , 2918.4279999999998836, 1, , , 2918.4279999999998836, 1, , , 2918.4279999999998836, 1
, , 2918.4329999999999927, 1, , , 2918.4329999999999927, 1, , , 2918.4329999999999927, 1, , , 2918.4329999999999927, 1
, , 2918.4380000000001019, 1, , , 2918.4380000000001019, 1, , , 2918.4380000000001019, 1, , , 2918.4380000000001019, 1
, , 2918.4450000000001637, 1, , , 2918.4450000000001637, 1, , , 2918.4450000000001637, 1, , , 2918.4450000000001637, 1
, , 2918.4479999999998654, 1, , , 2918.4479999999998654, 1, , , 2918.4479999999998654, 1, , , 2918.4479999999998654, 1
, , 2918.4529999999999745, 1, , , 2918.4529999999999745, 1, , , 2918.4529999999999745, 1, , , 2918.4529999999999745, 1
, , 2918.4580000000000837, 1, , , 2918.4580000000000837, 1, , , 2918.4580000000000837, 1, , , 2918.4580000000000837, 1
, , 2918.4630000000001928, 1, , , 2918.4630000000001928, 1, , , 2918.4630000000001928, 1, , , 2918.4630000000001928, 1
, , 2918.4679999999998472, 1, , , 2918.4679999999998472, 1, , , 2918.4679999999998472, 1, , , 2918.4679999999998472, 1
, , 2918.4729999999999563, 1, , , 2918.4729999999999563, 1, , , 2918.4729999999999563, 1, , , 2918.4729999999999563, 1
, , 2918.4780000000000655, 1, , , 2918.4780000000000655, 1, , , 2918.4780000000000655, 1, , , 2918.4780000000000655, 1
, , 2918.4839999999999236, 1, , , 2918.4839999999999236, 1, , , 2918.4839999999999236, 1, , , 2918.4839999999999236, 1
, , 2918.487999999999829, 1, , , 2918.487999999999829, 1, , , 2918.487999999999829, 1, , , 2918.487999999999829, 1
, , 2918.4929999999999382, 1, , , 2918.4929999999999382, 1, , , 2918.4929999999999382, 1, , , 2918.4929999999999382, 1
, , 2918.4989999999997963, 1, , , 2918.4989999999997963, 1, , , 2918.4989999999997963, 1, , , 2918.4989999999997963, 1
, , 2918.5030000000001564, 1, , , 2918.5030000000001564, 1, , , 2918.5030000000001564, 1, , , 2918.5030000000001564, 1
, , 2918.5079999999998108, 1, , , 2918.5079999999998108, 1, , , 2918.5079999999998108, 1, , , 2918.5079999999998108, 1
, , 2918.5140000000001237, 1, , , 2918.5140000000001237, 1, , , 2918.5140000000001237, 1, , , 2918.5140000000001237, 1
, , 2918.5199999999999818, 1, , , 2918.5199999999999818, 1, , , 2918.5199999999999818, 1, , , 2918.5199999999999818, 1
, , 2918.5239999999998872, 1, , , 2918.5239999999998872, 1, , , 2918.5239999999998872, 1, , , 2918.5239999999998872, 1
, , 2918.5289999999999964, 1, , , 2918.5289999999999964, 1, , , 2918.5289999999999964, 1, , , 2918.5289999999999964, 1
, , 2918.5329999999999018, 1, , , 2918.5329999999999018, 1, , , 2918.5329999999999018, 1, , , 2918.5329999999999018, 1
, , 2918.5380000000000109, 1, , , 2918.5380000000000109, 1, , , 2918.5380000000000109, 1, , , 2918.5380000000000109, 1
, , 2918.5430000000001201, 1, , , 2918.5430000000001201, 1, , , 2918.5430000000001201, 1, , , 2918.5430000000001201, 1
, , 2918.5479999999997744, 1, , , 2918.5479999999997744, 1, , , 2918.5479999999997744, 1, , , 2918.5479999999997744, 1
, , 2918.5529999999998836, 1, , , 2918.5529999999998836, 1, , , 2918.5529999999998836, 1, , , 2918.5529999999998836, 1
, , 2918.5579999999999927, 1, , , 2918.5579999999999927, 1, , , 2918.5579999999999927, 1, , , 2918.5579999999999927, 1
, , 2918.5630000000001019, 1, , , 2918.5630000000001019, 1, , , 2918.5630000000001019, 1, , , 2918.5630000000001019, 1
, , 2918.5670000000000073, 1, , , 2918.5670000000000073, 1, , , 2918.5670000000000073, 1, , , 2918.5670000000000073, 1
, , 2918.5729999999998654, 1, , , 2918.5729999999998654, 1, , , 2918.5729999999998654, 1, , , 2918.5729999999998654, 1
, , 2918.5770000000002256, 1, , , 2918.5770000000002256, 1, , , 2918.5770000000002256, 1, , , 2918.5770000000002256, 1
, , 2918.5830000000000837, 1, , , 2918.5830000000000837, 1, , , 2918.5830000000000837, 1, , , 2918.5830000000000837, 1
, , 2918.5880000000001928, 1, , , 2918.5880000000001928, 1, , , 2918.5880000000001928, 1, , , 2918.5880000000001928, 1
, , 2918.5940000000000509, 1, , , 2918.5940000000000509, 1, , , 2918.5940000000000509, 1, , , 2918.5940000000000509, 1
, , 2918.5979999999999563, 1, , , 2918.5979999999999563, 1, , , 2918.5979999999999563, 1, , , 2918.5979999999999563, 1
, , 2918.6030000000000655, 1, , , 2918.6030000000000655, 1, , , 2918.6030000000000655, 1, , , 2918.6030000000000655, 1
, , 2918.6080000000001746, 1, , , 2918.6080000000001746, 1, , , 2918.6080000000001746, 1, , , 2918.6080000000001746, 1
, , 2918.612999999999829, 1, , , 2918.612999999999829, 1, , , 2918.612999999999829, 1, , , 2918.612999999999829, 1
, , 2918.6179999999999382, 1, , , 2918.6179999999999382, 1, , , 2918.6179999999999382, 1, , , 2918.6179999999999382, 1
, , 2918.6230000000000473, 1, , , 2918.6230000000000473, 1, , , 2918.6230000000000473, 1, , , 2918.6230000000000473, 1
, , 2918.6300000000001091, 1, , , 2918.6300000000001091, 1, , , 2918.6300000000001091, 1, , , 2918.6300000000001091, 1
, , 2918.6329999999998108, 1, , , 2918.6329999999998108, 1, , , 2918.6329999999998108, 1, , , 2918.6329999999998108, 1
, , 2918.6390000000001237, 1, , , 2918.6390000000001237, 1, , , 2918.6390000000001237, 1, , , 2918.6390000000001237, 1
, , 2918.6430000000000291, 1, , , 2918.6430000000000291, 1, , , 2918.6430000000000291, 1, , , 2918.6430000000000291, 1
, , 2918.6489999999998872, 1, , , 2918.6489999999998872, 1, , , 2918.6489999999998872, 1, , , 2918.6489999999998872, 1
, , 2918.6529999999997926, 1, , , 2918.6529999999997926, 1, , , 2918.6529999999997926, 1, , , 2918.6529999999997926, 1
, , 2918.6579999999999018, 1, , , 2918.6579999999999018, 1, , , 2918.6579999999999018, 1, , , 2918.6579999999999018, 1
, , 2918.6630000000000109, 1, , , 2918.6630000000000109, 1, , , 2918.6630000000000109, 1, , , 2918.6630000000000109, 1
, , 2918.6680000000001201, 1, , , 2918.6680000000001201, 1, , , 2918.6680000000001201, 1, , , 2918.6680000000001201, 1
, , 2918.6729999999997744, 1, , , 2918.6729999999997744, 1, , , 2918.6729999999997744, 1, , , 2918.6729999999997744, 1
, , 2918.6790000000000873, 1, , , 2918.6790000000000873, 1, , , 2918.6790000000000873, 1, , , 2918.6790000000000873, 1
, , 2918.6849999999999454, 1, , , 2918.6849999999999454, 1, , , 2918.6849999999999454, 1, , , 2918.6849999999999454, 1
, , 2918.6880000000001019, 1, , , 2918.6880000000001019, 1, , , 2918.6880000000001019, 1, , , 2918.6880000000001019, 1
, , 2918.693000000000211, 1, , , 2918.693000000000211, 1, , , 2918.693000000000211, 1, , , 2918.693000000000211, 1
, , 2918.6979999999998654, 1, , , 2918.6979999999998654, 1, , , 2918.6979999999998654, 1, , , 2918.6979999999998654, 1
, , 2918.7029999999999745, 1, , , 2918.7029999999999745, 1, , , 2918.7029999999999745, 1, , , 2918.7029999999999745, 1
, , 2918.7080000000000837, 1, , , 2918.7080000000000837, 1, , , 2918.7080000000000837, 1, , , 2918.7080000000000837, 1
, , 2918.7130000000001928, 1, , , 2918.7130000000001928, 1, , , 2918.7130000000001928, 1, , , 2918.7130000000001928, 1
, , 2918.7179999999998472, 1, , , 2918.7179999999998472, 1, , , 2918.7179999999998472, 1, , , 2918.7179999999998472, 1
, , 2918.7229999999999563, 1, , , 2918.7229999999999563, 1, , , 2918.7229999999999563, 1, , , 2918.7229999999999563, 1
, , 2918.7310000000002219, 1, , , 2918.7310000000002219, 1, , , 2918.7310000000002219, 1, , , 2918.7310000000002219, 1
, , 2918.7339999999999236, 1, , , 2918.7339999999999236, 1, , , 2918.7339999999999236, 1, , , 2918.7339999999999236, 1
, , 2918.7390000000000327, 1, , , 2918.7390000000000327, 1, , , 2918.7390000000000327, 1, , , 2918.7390000000000327, 1
, , 2918.7429999999999382, 1, , , 2918.7429999999999382, 1, , , 2918.7429999999999382, 1, , , 2918.7429999999999382, 1
, , 2918.7480000000000473, 1, , , 2918.7480000000000473, 1, , , 2918.7480000000000473, 1, , , 2918.7480000000000473, 1
, , 2918.7530000000001564, 1, , , 2918.7530000000001564, 1, , , 2918.7530000000001564, 1, , , 2918.7530000000001564, 1
, , 2918.7579999999998108, 1, , , 2918.7579999999998108, 1, , , 2918.7579999999998108, 1, , , 2918.7579999999998108, 1
, , 2918.76299999999992, 1, , , 2918.76299999999992, 1, , , 2918.76299999999992, 1, , , 2918.76299999999992, 1
, , 2918.7680000000000291, 1, , , 2918.7680000000000291, 1, , , 2918.7680000000000291, 1, , , 2918.7680000000000291, 1
, , 2918.7730000000001382, 1, , , 2918.7730000000001382, 1, , , 2918.7730000000001382, 1, , , 2918.7730000000001382, 1
, , 2918.7779999999997926, 1, , , 2918.7779999999997926, 1, , , 2918.7779999999997926, 1, , , 2918.7779999999997926, 1
, , 2918.7829999999999018, 1, , , 2918.7829999999999018, 1, , , 2918.7829999999999018, 1, , , 2918.7829999999999018, 1
, , 2918.7890000000002146, 1, , , 2918.7890000000002146, 1, , , 2918.7890000000002146, 1, , , 2918.7890000000002146, 1
, , 2918.7950000000000728, 1, , , 2918.7950000000000728, 1, , , 2918.7950000000000728, 1, , , 2918.7950000000000728, 1
, , 2918.7989999999999782, 1, , , 2918.7989999999999782, 1, , , 2918.7989999999999782, 1, , , 2918.7989999999999782, 1
, , 2918.8029999999998836, 1, , , 2918.8029999999998836, 1, , , 2918.8029999999998836, 1, , , 2918.8029999999998836, 1
, , 2918.806999999999789, 1, , , 2918.806999999999789, 1, , , 2918.806999999999789, 1, , , 2918.806999999999789, 1
, , 2918.8119999999998981, 1, , , 2918.8119999999998981, 1, , , 2918.8119999999998981, 1, , , 2918.8119999999998981, 1
, , 2918.818000000000211, 1, , , 2918.818000000000211, 1, , , 2918.818000000000211, 1, , , 2918.818000000000211, 1
, , 2918.8229999999998654, 1, , , 2918.8229999999998654, 1, , , 2918.8229999999998654, 1, , , 2918.8229999999998654, 1
, , 2918.8279999999999745, 1, , , 2918.8279999999999745, 1, , , 2918.8279999999999745, 1, , , 2918.8279999999999745, 1
, , 2918.8330000000000837, 1, , , 2918.8330000000000837, 1, , , 2918.8330000000000837, 1, , , 2918.8330000000000837, 1
, , 2918.8380000000001928, 1, , , 2918.8380000000001928, 1, , , 2918.8380000000001928, 1, , , 2918.8380000000001928, 1
, , 2918.8429999999998472, 1, , , 2918.8429999999998472, 1, , , 2918.8429999999998472, 1, , , 2918.8429999999998472, 1
, , 2918.8490000000001601, 1, , , 2918.8490000000001601, 1, , , 2918.8490000000001601, 1, , , 2918.8490000000001601, 1
, , 2918.8530000000000655, 1, , , 2918.8530000000000655, 1, , , 2918.8530000000000655, 1, , , 2918.8530000000000655, 1
, , 2918.8589999999999236, 1, , , 2918.8589999999999236, 1, , , 2918.8589999999999236, 1, , , 2918.8589999999999236, 1
, , 2918.862999999999829, 1, , , 2918.862999999999829, 1, , , 2918.862999999999829, 1, , , 2918.862999999999829, 1
, , 2918.8679999999999382, 1, , , 2918.8679999999999382, 1, , , 2918.8679999999999382, 1, , , 2918.8679999999999382, 1
, , 2918.8730000000000473, 1, , , 2918.8730000000000473, 1, , , 2918.8730000000000473, 1, , , 2918.8730000000000473, 1
, , 2918.8780000000001564, 1, , , 2918.8780000000001564, 1, , , 2918.8780000000001564, 1, , , 2918.8780000000001564, 1
, , 2918.8829999999998108, 1, , , 2918.8829999999998108, 1, , , 2918.8829999999998108, 1, , , 2918.8829999999998108, 1
, , 2918.88799999999992, 1, , , 2918.88799999999992, 1, , , 2918.88799999999992, 1, , , 2918.88799999999992, 1
, , 2918.8969999999999345, 1, , , 2918.8969999999999345, 1, , , 2918.8969999999999345, 1, , , 2918.8969999999999345, 1
, , 2918.8980000000001382, 1, , , 2918.8980000000001382, 1, , , 2918.8980000000001382, 1, , , 2918.8980000000001382, 1
, , 2918.9029999999997926, 1, , , 2918.9029999999997926, 1, , , 2918.9029999999997926, 1, , , 2918.9029999999997926, 1
, , 2918.9079999999999018, 1, , , 2918.9079999999999018, 1, , , 2918.9079999999999018, 1, , , 2918.9079999999999018, 1
, , 2918.9130000000000109, 1, , , 2918.9130000000000109, 1, , , 2918.9130000000000109, 1, , , 2918.9130000000000109, 1
, , 2918.9169999999999163, 1, , , 2918.9169999999999163, 1, , , 2918.9169999999999163, 1, , , 2918.9169999999999163, 1
, , 2918.9209999999998217, 1, , , 2918.9209999999998217, 1, , , 2918.9209999999998217, 1, , , 2918.9209999999998217, 1
, , 2918.9279999999998836, 1, , , 2918.9279999999998836, 1, , , 2918.9279999999998836, 1, , , 2918.9279999999998836, 1
, , 2918.9340000000001965, 1, , , 2918.9340000000001965, 1, , , 2918.9340000000001965, 1, , , 2918.9340000000001965, 1
, , 2918.9389999999998508, 1, , , 2918.9389999999998508, 1, , , 2918.9389999999998508, 1, , , 2918.9389999999998508, 1
, , 2918.943000000000211, 1, , , 2918.943000000000211, 1, , , 2918.943000000000211, 1, , , 2918.943000000000211, 1
, , 2918.9479999999998654, 1, , , 2918.9479999999998654, 1, , , 2918.9479999999998654, 1, , , 2918.9479999999998654, 1
, , 2918.9529999999999745, 1, , , 2918.9529999999999745, 1, , , 2918.9529999999999745, 1, , , 2918.9529999999999745, 1
, , 2918.9589999999998327, 1, , , 2918.9589999999998327, 1, , , 2918.9589999999998327, 1, , , 2918.9589999999998327, 1
, , 2918.9639999999999418, 1, , , 2918.9639999999999418, 1, , , 2918.9639999999999418, 1, , , 2918.9639999999999418, 1
, , 2918.9679999999998472, 1, , , 2918.9679999999998472, 1, , , 2918.9679999999998472, 1, , , 2918.9679999999998472, 1
, , 2918.9769999999998618, 1, , , 2918.9769999999998618, 1, , , 2918.9769999999998618, 1, , , 2918.9769999999998618, 1
, , 2918.9780000000000655, 1, , , 2918.9780000000000655, 1, , , 2918.9780000000000655, 1, , , 2918.9780000000000655, 1
, , 2918.9830000000001746, 1, , , 2918.9830000000001746, 1, , , 2918.9830000000001746, 1, , , 2918.9830000000001746, 1
, , 2918.987999999999829, 1, , , 2918.987999999999829, 1, , , 2918.987999999999829, 1, , , 2918.987999999999829, 1
, , 2918.9929999999999382, 1, , , 2918.9929999999999382, 1, , , 2918.9929999999999382, 1, , , 2918.9929999999999382, 1
, , 2918.9989999999997963, 1, , , 2918.9989999999997963, 1, , , 2918.9989999999997963, 1, , , 2918.9989999999997963, 1
, , 2919.0039999999999054, 1, , , 2919.0039999999999054, 1, , , 2919.0039999999999054, 1, , , 2919.0039999999999054, 1
