# /gazebo_leg_forces_components/recceipt_time, /gazebo_leg_forces_components/reaction_forces/0/wrench/force/z, /foot_contacts/recceipt_time, /foot_contacts/contacts/0, /gazebo_leg_forces_components/recceipt_time, /gazebo_leg_forces_components/reaction_forces/1/wrench/force/z, /foot_contacts/recceipt_time, /foot_contacts/contacts/1, /gazebo_leg_forces_components/recceipt_time, /gazebo_leg_forces_components/reaction_forces/2/wrench/force/z, /foot_contacts/recceipt_time, /foot_contacts/contacts/2, /gazebo_leg_forces_components/recceipt_time, /gazebo_leg_forces_components/reaction_forces/3/wrench/force/z, /foot_contacts/recceipt_time, /foot_contacts/contacts/3
3335.1460000000001855, 65.135344526898222739, 3335.1430000000000291, 1, 3335.1460000000001855, 55.860021537856020757, 3335.1430000000000291, 1, 3335.1460000000001855, 38.447694662670365062, 3335.1430000000000291, 1, 3335.1460000000001855, 44.92163907861135641, 3335.1430000000000291, 1
3335.1959999999999127, 64.998519843328708134, 3335.1480000000001382, 1, 3335.1959999999999127, 56.383939137786185825, 3335.1480000000001382, 1, 3335.1959999999999127, 38.530770227827538577, 3335.1480000000001382, 1, 3335.1959999999999127, 44.866922889011085829, 3335.1480000000001382, 1
3335.1970000000001164, 64.998515829468757943, 3335.1509999999998399, 1, 3335.1970000000001164, 56.384016083087345805, 3335.1509999999998399, 1, 3335.1970000000001164, 38.530786294668814662, 3335.1509999999998399, 1, 3335.1970000000001164, 44.866885700141217796, 3335.1509999999998399, 1
3335.2950000000000728, 65.135314418705902995, 3335.1579999999999018, 1, 3335.2950000000000728, 55.860250403369377636, 3335.1579999999999018, 1, 3335.2950000000000728, 38.447735548840249464, 3335.1579999999999018, 1, 3335.2950000000000728, 44.921520655548640377, 3335.1579999999999018, 1
3335.3460000000000036, 64.998451475121953536, 3335.1649999999999636, 1, 3335.3460000000000036, 56.384122401688834714, 3335.1649999999999636, 1, 3335.3460000000000036, 38.530808369634357291, 3335.1649999999999636, 1, 3335.3460000000000036, 44.86679763094135609, 3335.1649999999999636, 1
3335.3470000000002074, 64.99844744970076249, 3335.1680000000001201, 1, 3335.3470000000002074, 56.384200865262648961, 3335.1680000000001201, 1, 3335.3470000000002074, 38.530824759256660172, 3335.1680000000001201, 1, 3335.3470000000002074, 44.866760447361073716, 3335.1680000000001201, 1
3335.4459999999999127, 65.135284261094412273, 3335.1729999999997744, 1, 3335.4459999999999127, 55.860481439287596572, 3335.1729999999997744, 1, 3335.4459999999999127, 38.447776976686995454, 3335.1729999999997744, 1, 3335.4459999999999127, 44.921402246188229412, 3335.1729999999997744, 1
3335.4949999999998909, 64.998367357667461874, 3335.1779999999998836, 1, 3335.4949999999998909, 56.384294409946718929, 3335.1779999999998836, 1, 3335.4949999999998909, 38.530843772839745043, 3335.1779999999998836, 1, 3335.4949999999998909, 44.866668939703529873, 3335.1779999999998836, 1
3335.5459999999998217, 65.135264128592467614, 3335.1829999999999927, 1, 3335.5459999999998217, 55.860633609063313543, 3335.1829999999999927, 1, 3335.5459999999998217, 38.447804271249630403, 3335.1829999999999927, 1, 3335.5459999999998217, 44.921323708866388813, 3335.1829999999999927, 1
3335.5929999999998472, 64.998307545244870198, 3335.1869999999998981, 1, 3335.5929999999998472, 56.384405319243001031, 3335.1869999999998981, 1, 3335.5929999999998472, 38.530866850454849271, 3335.1869999999998981, 1, 3335.5929999999998472, 44.866581632116037781, 3335.1869999999998981, 1
3335.6460000000001855, 64.998283266137192982, 3335.19399999999996, 1, 3335.6460000000001855, 56.384464812313780158, 3335.19399999999996, 1, 3335.6460000000001855, 38.530879345686628312, 3335.19399999999996, 1, 3335.6460000000001855, 44.866539536874299188, 3335.19399999999996, 1
3335.6950000000001637, 65.135233888745247555, 3335.1979999999998654, 1, 3335.6950000000001637, 55.860862142976415612, 3335.1979999999998654, 1, 3335.6950000000001637, 38.447845550084608135, 3335.1979999999998654, 1, 3335.6950000000001637, 44.921204927704380339, 3335.1979999999998654, 1
3335.6950000000001637, 65.135223797843224247, 3335.2029999999999745, 1, 3335.6950000000001637, 55.860938548096029876, 3335.2029999999999745, 1, 3335.6950000000001637, 38.447859125290051452, 3335.2029999999999745, 1, 3335.6950000000001637, 44.921165863162002552, 3335.2029999999999745, 1
3335.7460000000000946, 64.998221670483587786, 3335.2089999999998327, 1, 3335.7460000000000946, 56.384655213396143836, 3335.2089999999998327, 1, 3335.7460000000000946, 38.530918580036953358, 3335.2089999999998327, 1, 3335.7460000000000946, 44.866416744826452145, 3335.2089999999998327, 1
3335.7950000000000728, 65.13520359963368378, 3335.2130000000001928, 1, 3335.7950000000000728, 55.861091316803680229, 3335.2130000000001928, 1, 3335.7950000000000728, 38.447886410501737942, 3335.2130000000001928, 1, 3335.7950000000000728, 44.921087344010857123, 3335.2130000000001928, 1
3335.8460000000000036, 64.99817536264943385, 3335.2190000000000509, 1, 3335.8460000000000036, 56.384777606772289005, 3335.2190000000000509, 1, 3335.8460000000000036, 38.530943987259782091, 3335.2190000000000509, 1, 3335.8460000000000036, 44.866333126590639324, 3335.2190000000000509, 1
3335.9479999999998654, 64.998130877551290041, 3335.2229999999999563, 1, 3335.9479999999998654, 56.384821269196656601, 3335.2229999999999563, 1, 3335.9479999999998654, 38.530952922805795424, 3335.2229999999999563, 1, 3335.9479999999998654, 44.866285763576421175, 3335.2229999999999563, 1
3335.9479999999998654, 64.998126811910225342, 3335.2289999999998145, 1, 3335.9479999999998654, 56.384898818015230404, 3335.2289999999998145, 1, 3335.9479999999998654, 38.530969144332708254, 3335.2289999999998145, 1, 3335.9479999999998654, 44.866248602591227268, 3335.2289999999998145, 1
3335.9949999999998909, 65.135163137622697604, 3335.2330000000001746, 1, 3335.9949999999998909, 55.861396688237775265, 3335.2330000000001746, 1, 3335.9949999999998909, 38.447941245770948626, 3335.2330000000001746, 1, 3335.9949999999998909, 44.920929534845399189, 3335.2330000000001746, 1
3336.0949999999997999, 64.998049095434225819, 3335.237999999999829, 1, 3336.0949999999997999, 56.384993428443848984, 3335.237999999999829, 1, 3336.0949999999997999, 38.530988604218407545, 3335.237999999999829, 1, 3336.0949999999997999, 44.866157370607680832, 3335.237999999999829, 1
3336.1460000000001855, 64.99802931691242236, 3335.2429999999999382, 1, 3336.1460000000001855, 56.385057474321158111, 3335.2429999999999382, 1, 3336.1460000000001855, 38.531001931176291464, 3335.2429999999999382, 1, 3336.1460000000001855, 44.866116026111946269, 3335.2429999999999382, 1
3336.1970000000001164, 64.997989353968733894, 3335.2480000000000473, 1, 3336.1970000000001164, 56.385104199404047165, 3335.2480000000000473, 1, 3336.1970000000001164, 38.531011539657107789, 3335.2480000000000473, 1, 3336.1970000000001164, 44.866070148947670759, 3335.2480000000000473, 1
3336.2460000000000946, 65.135122588274484201, 3335.2530000000001564, 1, 3336.2460000000000946, 55.861701838528446729, 3335.2530000000001564, 1, 3336.2460000000000946, 38.44799606853981544, 3335.2530000000001564, 1, 3336.2460000000000946, 44.920770566811448532, 3335.2530000000001564, 1
3336.2469999999998436, 65.095490591694186833, 3335.2579999999998108, 1, 3336.2469999999998436, 54.744541782549859477, 3335.2579999999998108, 1, 3336.2469999999998436, 37.679049442542847714, 3335.2579999999998108, 1, 3336.2469999999998436, 45.769076070783995647, 3335.2579999999998108, 1
3336.2959999999998217, 97.741830197660462431, 3335.26299999999992, 1, 3336.2959999999998217, 0, 3335.26299999999992, 1, 3336.2959999999998217, 0, 3335.26299999999992, 1, 3336.2959999999998217, 74.186373967909347016, 3335.26299999999992, 1
3336.3460000000000036, 87.515816087122217937, 3335.2680000000000291, 1, 3336.3460000000000036, 0, 3335.2680000000000291, 1, 3336.3460000000000036, 0, 3335.2680000000000291, 1, 3336.3460000000000036, 130.70404108893714579, 3335.2680000000000291, 1
3336.4470000000001164, 62.665697223824039952, 3335.2730000000001382, 1, 3336.4470000000001164, 50.61517731301100298, 3335.2730000000001382, 1, 3336.4470000000001164, 130.04464360138592838, 3335.2730000000001382, 1, 3336.4470000000001164, 86.820321677970682117, 3335.2730000000001382, 1
3336.4470000000001164, 53.617285979215445479, 3335.2779999999997926, 1, 3336.4470000000001164, 12.415548996281032146, 3335.2779999999997926, 1, 3336.4470000000001164, 35.467173473498284864, 3335.2779999999997926, 1, 3336.4470000000001164, 65.288296723865130389, 3335.2779999999997926, 1
3336.5470000000000255, 44.190664957463937412, 3335.2829999999999018, 1, 3336.5470000000000255, 63.050224102001052984, 3335.2829999999999018, 1, 3336.5470000000000255, 79.809714570048555515, 3335.2829999999999018, 1, 3336.5470000000000255, 43.557691724277574963, 3335.2829999999999018, 1
3336.5970000000002074, 0, 3335.2880000000000109, 1, 3336.5970000000002074, 115.75743575997117318, 3335.2880000000000109, 1, 3336.5970000000002074, 84.695753749892318751, 3335.2880000000000109, 1, 3336.5970000000002074, 0, 3335.2880000000000109, 1
3336.6460000000001855, 0, 3335.2930000000001201, 1, 3336.6460000000001855, 110.11597349889889585, 3335.2930000000001201, 1, 3336.6460000000001855, 98.565321053884645153, 3335.2930000000001201, 1, 3336.6460000000001855, 0, 3335.2930000000001201, 1
3336.6460000000001855, 0, 3335.2979999999997744, 1, 3336.6460000000001855, 104.08881200550872848, 3335.2979999999997744, 1, 3336.6460000000001855, 107.014104534378518, 3335.2979999999997744, 1, 3336.6460000000001855, 0, 3335.2979999999997744, 1
3336.6970000000001164, 295.92507950023031071, 3335.3029999999998836, 1, 3336.6970000000001164, 91.196686098008427734, 3335.3029999999998836, 1, 3336.6970000000001164, 109.26551241529534764, 3335.3029999999998836, 1, 3336.6970000000001164, 229.71139632195388458, 3335.3029999999998836, 1
3336.7469999999998436, 58.142682727945334875, 3335.3079999999999927, 1, 3336.7469999999998436, 24.727977017922523117, 3335.3079999999999927, 1, 3336.7469999999998436, 22.735921815787353495, 3335.3079999999999927, 1, 3336.7469999999998436, 58.181338311201322711, 3335.3079999999999927, 1
3336.7989999999999782, 59.599688596800362461, 3335.3130000000001019, 1, 3336.7989999999999782, 65.034611858146220698, 3335.3130000000001019, 1, 3336.7989999999999782, 52.519254587281260171, 3335.3130000000001019, 1, 3336.7989999999999782, 41.49180225310998793, 3335.3130000000001019, 1
3336.8960000000001855, 113.53827404548394497, 3335.318000000000211, 1, 3336.8960000000001855, 0, 3335.318000000000211, 1, 3336.8960000000001855, 0, 3335.318000000000211, 1, 3336.8960000000001855, 70.915790967985685711, 3335.318000000000211, 1
3336.8960000000001855, 118.83487148172692116, 3335.3240000000000691, 1, 3336.8960000000001855, 0, 3335.3240000000000691, 1, 3336.8960000000001855, 0, 3335.3240000000000691, 1, 3336.8960000000001855, 83.818097123395730819, 3335.3240000000000691, 1
3336.9459999999999127, 109.71552842541021278, 3335.3279999999999745, 1, 3336.9459999999999127, 0, 3335.3279999999999745, 1, 3336.9459999999999127, 0, 3335.3279999999999745, 1, 3336.9459999999999127, 97.943799513442641569, 3335.3279999999999745, 1
3336.9969999999998436, 100.59690756228421549, 3335.3330000000000837, 1, 3336.9969999999998436, 0, 3335.3330000000000837, 1, 3336.9969999999998436, 0, 3335.3330000000000837, 1, 3336.9969999999998436, 105.44314106412227261, 3335.3330000000000837, 1
3337.0970000000002074, 42.651863145696559343, 3335.3380000000001928, 1, 3337.0970000000002074, 165.10653303255617175, 3335.3380000000001928, 1, 3337.0970000000002074, 76.209876005686268741, 3335.3380000000001928, 1, 3337.0970000000002074, 81.953709744314451768, 3335.3380000000001928, 1
3337.1469999999999345, 70.903641554054573248, 3335.3429999999998472, 1, 3337.1469999999999345, 47.882750100715995245, 3335.3429999999998472, 1, 3337.1469999999999345, 28.093023087054291409, 3335.3429999999998472, 1, 3337.1469999999999345, 41.409069186039729971, 3335.3429999999998472, 1
3337.1970000000001164, 44.739176598222158532, 3335.3479999999999563, 1, 3337.1970000000001164, 91.322922122152107249, 3335.3479999999999563, 1, 3337.1970000000001164, 69.5263212321985975, 3335.3479999999999563, 1, 3337.1970000000001164, 35.343041981467642643, 3335.3479999999999563, 1
3337.2469999999998436, 0, 3335.3530000000000655, 1, 3337.2469999999998436, 122.63990848233142117, 3335.3530000000000655, 1, 3337.2469999999998436, 73.492510408895668661, 3335.3530000000000655, 1, 3337.2469999999998436, 0, 3335.3530000000000655, 1
3337.2970000000000255, 0, 3335.3580000000001746, 1, 3337.2970000000000255, 112.31932794060723779, 3335.3580000000001746, 1, 3337.2970000000000255, 88.392174197279189229, 3335.3580000000001746, 1, 3337.2970000000000255, 0, 3335.3580000000001746, 1
3337.3470000000002074, 285.42195787086075143, 3335.3649999999997817, 1, 3337.3470000000002074, 66.966195672793730864, 3335.3649999999997817, 1, 3337.3470000000002074, 115.75089356496215487, 3335.3649999999997817, 1, 3337.3470000000002074, 0, 3335.3649999999997817, 1
3337.4470000000001164, 43.780796502876683007, 3335.3679999999999382, 1, 3337.4470000000001164, 0, 3335.3679999999999382, 1, 3337.4470000000001164, 39.562069451788218544, 3335.3679999999999382, 1, 3337.4470000000001164, 37.900804416098154093, 3335.3679999999999382, 1
3337.4470000000001164, 69.778949327485037202, 3335.3730000000000473, 1, 3337.4470000000001164, 67.124749926442731862, 3335.3730000000000473, 1, 3337.4470000000001164, 57.443836493451037484, 3335.3730000000000473, 1, 3337.4470000000001164, 36.542172476909286161, 3335.3730000000000473, 1
3337.4969999999998436, 106.26904705738176915, 3335.3780000000001564, 1, 3337.4969999999998436, 0, 3335.3780000000001564, 1, 3337.4969999999998436, 0, 3335.3780000000001564, 1, 3337.4969999999998436, 73.577626400355043756, 3335.3780000000001564, 1
3337.5990000000001601, 114.49089697031362789, 3335.3829999999998108, 1, 3337.5990000000001601, 0, 3335.3829999999998108, 1, 3337.5990000000001601, 0, 3335.3829999999998108, 1, 3337.5990000000001601, 87.593558427971700553, 3335.3829999999998108, 1
3337.6469999999999345, 106.34021542354598466, 3335.38799999999992, 1, 3337.6469999999999345, 0, 3335.38799999999992, 1, 3337.6469999999999345, 0, 3335.38799999999992, 1, 3337.6469999999999345, 102.06764112715356418, 3335.38799999999992, 1
3337.6970000000001164, 68.501002835809117641, 3335.3930000000000291, 1, 3337.6970000000001164, 159.63003873511445363, 3335.3930000000000291, 1, 3337.6970000000001164, 124.39640592165048361, 3335.3930000000000291, 1, 3337.6970000000001164, 76.1536660998521171, 3335.3930000000000291, 1
3337.7970000000000255, 43.451134392484419777, 3335.3980000000001382, 1, 3337.7970000000000255, 36.595077026017492017, 3335.3980000000001382, 1, 3337.7970000000000255, 24.025920716884726858, 3335.3980000000001382, 1, 3337.7970000000000255, 47.521657462976698127, 3335.3980000000001382, 1
3337.8470000000002074, 48.074844591678832728, 3335.4029999999997926, 1, 3337.8470000000002074, 88.855843786509524307, 3335.4029999999997926, 1, 3337.8470000000002074, 63.472252360611591371, 3335.4029999999997926, 1, 3337.8470000000002074, 38.743641497649022654, 3335.4029999999997926, 1
3337.8980000000001382, 0, 3335.4079999999999018, 1, 3337.8980000000001382, 127.75665604507452144, 3335.4079999999999018, 1, 3337.8980000000001382, 69.705781191970913824, 3335.4079999999999018, 1, 3337.8980000000001382, 0, 3335.4079999999999018, 1
3337.9470000000001164, 0, 3335.4140000000002146, 1, 3337.9470000000001164, 118.62173028892266302, 3335.4140000000002146, 1, 3337.9470000000001164, 85.837600918430425168, 3335.4140000000002146, 1, 3337.9470000000001164, 0, 3335.4140000000002146, 1
3337.9969999999998436, 301.71901581977340356, 3335.4180000000001201, 1, 3337.9969999999998436, 75.920419452467115207, 3335.4180000000001201, 1, 3337.9969999999998436, 112.90173957556382334, 3335.4180000000001201, 1, 3337.9969999999998436, 0, 3335.4180000000001201, 1
3338.0470000000000255, 57.134617035878520142, 3335.4220000000000255, 1, 3338.0470000000000255, 0, 3335.4220000000000255, 1, 3338.0470000000000255, 47.790951049102375237, 3335.4220000000000255, 1, 3338.0470000000000255, 43.178602437902924294, 3335.4220000000000255, 1
3338.0970000000002074, 64.918877692059368201, 3335.4279999999998836, 1, 3338.0970000000002074, 56.429748522618929485, 3335.4279999999998836, 1, 3338.0970000000002074, 59.327400164380037495, 3335.4279999999998836, 1, 3338.0970000000002074, 34.99705749064104765, 3335.4279999999998836, 1
3338.1460000000001855, 106.98970460258988169, 3335.4329999999999927, 1, 3338.1460000000001855, 0, 3335.4329999999999927, 1, 3338.1460000000001855, 0, 3335.4329999999999927, 1, 3338.1460000000001855, 71.778235147528761217, 3335.4329999999999927, 1
3338.2480000000000473, 116.06207170150673846, 3335.4380000000001019, 1, 3338.2480000000000473, 0, 3335.4380000000001019, 1, 3338.2480000000000473, 0, 3335.4380000000001019, 1, 3338.2480000000000473, 85.393443001714842922, 3335.4380000000001019, 1
3338.3499999999999091, 99.340006309854061328, 3335.44399999999996, 1, 3338.3499999999999091, 0, 3335.44399999999996, 1, 3338.3499999999999091, 0, 3335.44399999999996, 1, 3338.3499999999999091, 100.43919368641225276, 3335.44399999999996, 1
3338.3499999999999091, 67.282100969571999372, 3335.4520000000002256, 1, 3338.3499999999999091, 151.88013541170573717, 3335.4520000000002256, 1, 3338.3499999999999091, 114.38849505653733729, 3335.4520000000002256, 1, 3338.3499999999999091, 78.023843126977624252, 3335.4520000000002256, 1
3338.4479999999998654, 46.6932618899834182, 3335.4529999999999745, 1, 3338.4479999999998654, 39.106150359610566625, 3335.4529999999999745, 1, 3338.4479999999998654, 24.010968966633694066, 3335.4529999999999745, 1, 3338.4479999999998654, 44.846648009844244598, 3335.4529999999999745, 1
3338.4980000000000473, 49.839313991877773447, 3335.4580000000000837, 1, 3338.4980000000000473, 91.837145913606192948, 3335.4580000000000837, 1, 3338.4980000000000473, 63.88579040035961043, 3335.4580000000000837, 1, 3338.4980000000000473, 36.920648827884441801, 3335.4580000000000837, 1
3338.5479999999997744, 0, 3335.4630000000001928, 1, 3338.5479999999997744, 116.83068518389086421, 3335.4630000000001928, 1, 3338.5479999999997744, 87.180507293209473119, 3335.4630000000001928, 1, 3338.5479999999997744, 0, 3335.4630000000001928, 1
3338.5990000000001601, 0, 3335.4679999999998472, 1, 3338.5990000000001601, 104.58763913407916846, 3335.4679999999998472, 1, 3338.5990000000001601, 102.59175267047183411, 3335.4679999999998472, 1, 3338.5990000000001601, 0, 3335.4679999999998472, 1
3338.6480000000001382, 297.48396986348785731, 3335.4710000000000036, 1, 3338.6480000000001382, 72.734030698922168767, 3335.4710000000000036, 1, 3338.6480000000001382, 113.67602041206011165, 3335.4710000000000036, 1, 3338.6480000000001382, 0, 3335.4710000000000036, 1
3338.6990000000000691, 44.887650057342597165, 3335.4789999999998145, 1, 3338.6990000000000691, 0, 3335.4789999999998145, 1, 3338.6990000000000691, 44.163255766121231716, 3335.4789999999998145, 1, 3338.6990000000000691, 42.078697106737095623, 3335.4789999999998145, 1
3338.7970000000000255, 107.29560952278040986, 3335.4830000000001746, 1, 3338.7970000000000255, 0, 3335.4830000000001746, 1, 3338.7970000000000255, 0, 3335.4830000000001746, 1, 3338.7970000000000255, 51.527704471041815282, 3335.4830000000001746, 1
3338.8479999999999563, 117.84197897209674011, 3335.487999999999829, 1, 3338.8479999999999563, 0, 3335.487999999999829, 1, 3338.8479999999999563, 0, 3335.487999999999829, 1, 3338.8479999999999563, 84.263933918530270262, 3335.487999999999829, 1
3338.9479999999998654, 108.63333600473536933, 3335.4949999999998909, 1, 3338.9479999999998654, 0, 3335.4949999999998909, 1, 3338.9479999999998654, 0, 3335.4949999999998909, 1, 3338.9479999999998654, 98.149499486985448016, 3335.4949999999998909, 1
3338.9490000000000691, 102.58856777584510667, 3335.4980000000000473, 1, 3338.9490000000000691, 0, 3335.4980000000000473, 1, 3338.9490000000000691, 0, 3335.4980000000000473, 1, 3338.9490000000000691, 110.31210300478602448, 3335.4980000000000473, 1
3338.9980000000000473, 63.769482074980992081, 3335.5079999999998108, 1, 3338.9980000000000473, 159.85678998212281954, 3335.5079999999998108, 1, 3338.9980000000000473, 102.95549964848460434, 3335.5079999999998108, 1, 3338.9980000000000473, 82.895842705165463826, 3335.5079999999998108, 1
3339.0470000000000255, 51.67560407342101314, 3335.5079999999998108, 1, 3339.0470000000000255, 42.909628514436676028, 3335.5079999999998108, 1, 3339.0470000000000255, 25.16731051254078011, 3335.5079999999998108, 1, 3339.0470000000000255, 47.138158804246117484, 3335.5079999999998108, 1
3339.0979999999999563, 46.38850423402156764, 3335.51299999999992, 1, 3339.0979999999999563, 87.347447695689695024, 3335.51299999999992, 1, 3339.0979999999999563, 63.127620198620689962, 3335.51299999999992, 1, 3339.0979999999999563, 40.152786013076635641, 3335.51299999999992, 1
3339.1469999999999345, 0, 3335.5180000000000291, 1, 3339.1469999999999345, 126.74691362922098392, 3335.5180000000000291, 1, 3339.1469999999999345, 71.199633606400396957, 3335.5180000000000291, 1, 3339.1469999999999345, 0, 3335.5180000000000291, 1
3339.1970000000001164, 0, 3335.5230000000001382, 1, 3339.1970000000001164, 117.30865360713855239, 3335.5230000000001382, 1, 3339.1970000000001164, 85.524335564556423606, 3335.5230000000001382, 1, 3339.1970000000001164, 0, 3335.5230000000001382, 1
3339.2469999999998436, 0, 3335.5279999999997926, 1, 3339.2469999999998436, 106.43046292531778363, 3335.5279999999997926, 1, 3339.2469999999998436, 97.57278400333879631, 3335.5279999999997926, 1, 3339.2469999999998436, 0, 3335.5279999999997926, 1
3339.2970000000000255, 297.16590225947737736, 3335.5329999999999018, 1, 3339.2970000000000255, 73.978742208285240167, 3335.5329999999999018, 1, 3339.2970000000000255, 113.51441967424311486, 3335.5329999999999018, 1, 3339.2970000000000255, 0, 3335.5329999999999018, 1
3339.3470000000002074, 50.591398832533435836, 3335.5380000000000109, 1, 3339.3470000000002074, 0, 3335.5380000000000109, 1, 3339.3470000000002074, 46.101490480116105175, 3335.5380000000000109, 1, 3339.3470000000002074, 43.950060276017097749, 3335.5380000000000109, 1
3339.3969999999999345, 64.045071364329402286, 3335.5430000000001201, 1, 3339.3969999999999345, 64.112071030021581919, 3335.5430000000001201, 1, 3339.3969999999999345, 60.889709086873381239, 3335.5430000000001201, 1, 3339.3969999999999345, 34.411634373335722614, 3335.5430000000001201, 1
3339.4479999999998654, 107.88468063767246008, 3335.5479999999997744, 1, 3339.4479999999998654, 0, 3335.5479999999997744, 1, 3339.4479999999998654, 0, 3335.5479999999997744, 1, 3339.4479999999998654, 71.486893876732494846, 3335.5479999999997744, 1
3339.4980000000000473, 116.42168090051336549, 3335.5540000000000873, 1, 3339.4980000000000473, 0, 3335.5540000000000873, 1, 3339.4980000000000473, 0, 3335.5540000000000873, 1, 3339.4980000000000473, 84.931180120591548643, 3335.5540000000000873, 1
3339.5479999999997744, 109.14643620915225597, 3335.5590000000001965, 1, 3339.5479999999997744, 0, 3335.5590000000001965, 1, 3339.5479999999997744, 0, 3335.5590000000001965, 1, 3339.5479999999997744, 101.70225707881084531, 3335.5590000000001965, 1
3339.5979999999999563, 100.64945635039907756, 3335.5630000000001019, 1, 3339.5979999999999563, 0, 3335.5630000000001019, 1, 3339.5979999999999563, 0, 3335.5630000000001019, 1, 3339.5979999999999563, 107.70881720551068383, 3335.5630000000001019, 1
3339.6979999999998654, 68.936375199839289962, 3335.568000000000211, 1, 3339.6979999999998654, 153.05046045736548876, 3335.568000000000211, 1, 3339.6979999999998654, 122.0391125544147144, 3335.568000000000211, 1, 3339.6979999999998654, 73.220844714819463661, 3335.568000000000211, 1
3339.7480000000000473, 49.212996651638185597, 3335.5729999999998654, 1, 3339.7480000000000473, 39.186486346713884643, 3335.5729999999998654, 1, 3339.7480000000000473, 22.553603604440837671, 3335.5729999999998654, 1, 3339.7480000000000473, 46.965358668499128214, 3335.5729999999998654, 1
3339.7480000000000473, 46.836031568930401647, 3335.5779999999999745, 1, 3339.7480000000000473, 90.793000652845279319, 3335.5779999999999745, 1, 3339.7480000000000473, 63.648184598048501925, 3335.5779999999999745, 1, 3339.7480000000000473, 37.513727441944261898, 3335.5779999999999745, 1
3339.8479999999999563, 0, 3335.5839999999998327, 1, 3339.8479999999999563, 127.66834683074766588, 3335.5839999999998327, 1, 3339.8479999999999563, 70.879141834025233493, 3335.5839999999998327, 1, 3339.8479999999999563, 0, 3335.5839999999998327, 1
3339.9479999999998654, 0, 3335.5889999999999418, 1, 3339.9479999999998654, 103.52330742793643026, 3335.5889999999999418, 1, 3339.9479999999998654, 98.861122741072989584, 3335.5889999999999418, 1, 3339.9479999999998654, 0, 3335.5889999999999418, 1
3339.9969999999998436, 310.97770594169492142, 3335.5970000000002074, 1, 3339.9969999999998436, 72.523549622929948555, 3335.5970000000002074, 1, 3339.9969999999998436, 111.21775496029027863, 3335.5970000000002074, 1, 3339.9969999999998436, 0, 3335.5970000000002074, 1
3339.9969999999998436, 49.414557696722773983, 3335.5979999999999563, 1, 3339.9969999999998436, 0, 3335.5979999999999563, 1, 3339.9969999999998436, 45.79077521914715021, 3335.5979999999999563, 1, 3339.9969999999998436, 42.596717451859333892, 3335.5979999999999563, 1
3340.0470000000000255, 61.254848901229195235, 3335.6050000000000182, 1, 3340.0470000000000255, 74.152460529938622358, 3335.6050000000000182, 1, 3340.0470000000000255, 64.263802612626591326, 3335.6050000000000182, 1, 3340.0470000000000255, 35.505756861426512216, 3335.6050000000000182, 1
3340.0979999999999563, 108.50791570631751881, 3335.6080000000001746, 1, 3340.0979999999999563, 0, 3335.6080000000001746, 1, 3340.0979999999999563, 0, 3335.6080000000001746, 1, 3340.0979999999999563, 72.00196542247502407, 3335.6080000000001746, 1
3340.1480000000001382, 117.68596807124059467, 3335.612999999999829, 1, 3340.1480000000001382, 0, 3335.612999999999829, 1, 3340.1480000000001382, 0, 3335.612999999999829, 1, 3340.1480000000001382, 84.920412008764543543, 3335.612999999999829, 1
3340.1970000000001164, 106.47235987028282977, 3335.6179999999999382, 1, 3340.1970000000001164, 0, 3335.6179999999999382, 1, 3340.1970000000001164, 0, 3335.6179999999999382, 1, 3340.1970000000001164, 96.756122021897013497, 3335.6179999999999382, 1
3340.2469999999998436, 102.87752597057789217, 3335.6230000000000473, 1, 3340.2469999999998436, 0, 3335.6230000000000473, 1, 3340.2469999999998436, 0, 3335.6230000000000473, 1, 3340.2469999999998436, 108.79038947398075265, 3335.6230000000000473, 1
3340.3479999999999563, 64.574723931808151178, 3335.6280000000001564, 1, 3340.3479999999999563, 161.59325130808088034, 3335.6280000000001564, 1, 3340.3479999999999563, 108.31931403739881148, 3335.6280000000001564, 1, 3340.3479999999999563, 79.754626873378214214, 3335.6280000000001564, 1
3340.3980000000001382, 53.069238473684293922, 3335.6329999999998108, 1, 3340.3980000000001382, 42.010669236199667864, 3335.6329999999998108, 1, 3340.3980000000001382, 22.524032923971233799, 3335.6329999999998108, 1, 3340.3980000000001382, 46.187070239523322357, 3335.6329999999998108, 1
3340.3980000000001382, 45.063792280864127804, 3335.6390000000001237, 1, 3340.3980000000001382, 90.784713036420185972, 3335.6390000000001237, 1, 3340.3980000000001382, 64.556413654813667335, 3335.6390000000001237, 1, 3340.3980000000001382, 34.284892479866400095, 3335.6390000000001237, 1
3340.4980000000000473, 0, 3335.6439999999997781, 1, 3340.4980000000000473, 126.0888506103718214, 3335.6439999999997781, 1, 3340.4980000000000473, 72.627907795870982, 3335.6439999999997781, 1, 3340.4980000000000473, 0, 3335.6439999999997781, 1
3340.5470000000000255, 0, 3335.6480000000001382, 1, 3340.5470000000000255, 115.9470902323128314, 3335.6480000000001382, 1, 3340.5470000000000255, 87.584019052086802049, 3335.6480000000001382, 1, 3340.5470000000000255, 0, 3335.6480000000001382, 1
3340.6480000000001382, 308.97496826005379944, 3335.6529999999997926, 1, 3340.6480000000001382, 74.6046034364643873, 3335.6529999999997926, 1, 3340.6480000000001382, 113.2044035411819749, 3335.6529999999997926, 1, 3340.6480000000001382, 0, 3335.6529999999997926, 1
3340.6979999999998654, 54.949388066335288272, 3335.6579999999999018, 1, 3340.6979999999998654, 0, 3335.6579999999999018, 1, 3340.6979999999998654, 45.79368023010668054, 3335.6579999999999018, 1, 3340.6979999999998654, 42.372656943618565606, 3335.6579999999999018, 1
3340.7469999999998436, 107.09200034073285224, 3335.6630000000000109, 1, 3340.7469999999998436, 0, 3335.6630000000000109, 1, 3340.7469999999998436, 0, 3335.6630000000000109, 1, 3340.7469999999998436, 52.582037558112872944, 3335.6630000000000109, 1
3340.7979999999997744, 117.52220533145921877, 3335.6680000000001201, 1, 3340.7979999999997744, 0, 3335.6680000000001201, 1, 3340.7979999999997744, 0, 3335.6680000000001201, 1, 3340.7979999999997744, 84.188138921135333703, 3335.6680000000001201, 1
3340.8490000000001601, 108.72325271394305446, 3335.6739999999999782, 1, 3340.8490000000001601, 0, 3335.6739999999999782, 1, 3340.8490000000001601, 0, 3335.6739999999999782, 1, 3340.8490000000001601, 97.797337448528352866, 3335.6739999999999782, 1
3340.8980000000001382, 103.03913950869016958, 3335.6779999999998836, 1, 3340.8980000000001382, 0, 3335.6779999999998836, 1, 3340.8980000000001382, 0, 3335.6779999999998836, 1, 3340.8980000000001382, 111.24626075204992048, 3335.6779999999998836, 1
3340.9969999999998436, 66.576433530587678433, 3335.6840000000001965, 1, 3340.9969999999998436, 155.39916876138448742, 3335.6840000000001965, 1, 3340.9969999999998436, 112.80637253693092248, 3335.6840000000001965, 1, 3340.9969999999998436, 76.075596174213799827, 3335.6840000000001965, 1
3340.9969999999998436, 50.007287062074340156, 3335.6880000000001019, 1, 3340.9969999999998436, 40.808319218678448692, 3335.6880000000001019, 1, 3340.9969999999998436, 23.874898340948973896, 3335.6880000000001019, 1, 3340.9969999999998436, 49.646753388010594676, 3335.6880000000001019, 1
3341.0970000000002074, 50.190046900724610168, 3335.693000000000211, 1, 3341.0970000000002074, 90.033561127750573405, 3335.693000000000211, 1, 3341.0970000000002074, 64.036185043129691508, 3335.693000000000211, 1, 3341.0970000000002074, 44.699142597992157278, 3335.693000000000211, 1
3341.0970000000002074, 0, 3335.6979999999998654, 1, 3341.0970000000002074, 127.47510982674637603, 3335.6979999999998654, 1, 3341.0970000000002074, 70.923482062075393628, 3335.6979999999998654, 1, 3341.0970000000002074, 0, 3335.6979999999998654, 1
3341.1979999999998654, 0, 3335.7029999999999745, 1, 3341.1979999999998654, 118.13067888614205003, 3335.7029999999999745, 1, 3341.1979999999998654, 85.733466490188249054, 3335.7029999999999745, 1, 3341.1979999999998654, 0, 3335.7029999999999745, 1
3341.2480000000000473, 0, 3335.7080000000000837, 1, 3341.2480000000000473, 105.86333191549819333, 3335.7080000000000837, 1, 3341.2480000000000473, 94.447396015907116862, 3335.7080000000000837, 1, 3341.2480000000000473, 0, 3335.7080000000000837, 1
3341.2970000000000255, 307.2824149066643713, 3335.7130000000001928, 1, 3341.2970000000000255, 75.937427927604232991, 3335.7130000000001928, 1, 3341.2970000000000255, 111.70588422893004577, 3335.7130000000001928, 1, 3341.2970000000000255, 0, 3335.7130000000001928, 1
3341.3490000000001601, 53.316389980574598439, 3335.7179999999998472, 1, 3341.3490000000001601, 38.842028989852401821, 3335.7179999999998472, 1, 3341.3490000000001601, 48.476436477217070831, 3335.7179999999998472, 1, 3341.3490000000001601, 46.83438238860711067, 3335.7179999999998472, 1
3341.3499999999999091, 61.515706519360534799, 3335.7229999999999563, 1, 3341.3499999999999091, 58.23270680262681509, 3335.7229999999999563, 1, 3341.3499999999999091, 67.198748297065208135, 3335.7229999999999563, 1, 3341.3499999999999091, 31.557905375306617657, 3335.7229999999999563, 1
3341.3980000000001382, 108.28865239093772743, 3335.7280000000000655, 1, 3341.3980000000001382, 0, 3335.7280000000000655, 1, 3341.3980000000001382, 0, 3335.7280000000000655, 1, 3341.3980000000001382, 70.718358054448913208, 3335.7280000000000655, 1
3341.4989999999997963, 116.42671087463762092, 3335.7339999999999236, 1, 3341.4989999999997963, 0, 3335.7339999999999236, 1, 3341.4989999999997963, 0, 3335.7339999999999236, 1, 3341.4989999999997963, 80.867165820742698656, 3335.7339999999999236, 1
3341.5500000000001819, 106.22796606264924435, 3335.737999999999829, 1, 3341.5500000000001819, 0, 3335.737999999999829, 1, 3341.5500000000001819, 0, 3335.737999999999829, 1, 3341.5500000000001819, 95.321027142786164177, 3335.737999999999829, 1
3341.5500000000001819, 102.74542585042858889, 3335.7440000000001419, 1, 3341.5500000000001819, 0, 3335.7440000000001419, 1, 3341.5500000000001819, 0, 3335.7440000000001419, 1, 3341.5500000000001819, 108.00101691846629137, 3335.7440000000001419, 1
3341.5990000000001601, 68.649970453444552732, 3335.7489999999997963, 1, 3341.5990000000001601, 153.7469584873125541, 3335.7489999999997963, 1, 3341.5990000000001601, 114.04432314369523738, 3335.7489999999997963, 1, 3341.5990000000001601, 75.298805078739576402, 3335.7489999999997963, 1
3341.6480000000001382, 54.419635294343564169, 3335.7550000000001091, 1, 3341.6480000000001382, 42.928215807945150573, 3335.7550000000001091, 1, 3341.6480000000001382, 22.474353026573471226, 3335.7550000000001091, 1, 3341.6480000000001382, 49.862921783607205839, 3335.7550000000001091, 1
3341.6979999999998654, 40.903651239215484736, 3335.7579999999998108, 1, 3341.6979999999998654, 92.718901732485903722, 3335.7579999999998108, 1, 3341.6979999999998654, 64.881815128018700989, 3335.7579999999998108, 1, 3341.6979999999998654, 33.382527127060285466, 3335.7579999999998108, 1
3341.7480000000000473, 0, 3335.76299999999992, 1, 3341.7480000000000473, 125.46880685235137776, 3335.76299999999992, 1, 3341.7480000000000473, 73.914845593254455025, 3335.76299999999992, 1, 3341.7480000000000473, 0, 3335.76299999999992, 1
3341.7979999999997744, 0, 3335.7689999999997781, 1, 3341.7979999999997744, 116.59155308403529716, 3335.7689999999997781, 1, 3341.7979999999997744, 89.177874237820233816, 3335.7689999999997781, 1, 3341.7979999999997744, 0, 3335.7689999999997781, 1
3341.8490000000001601, 0, 3335.7730000000001382, 1, 3341.8490000000001601, 105.94113444507482313, 3335.7730000000001382, 1, 3341.8490000000001601, 99.613594579405202012, 3335.7730000000001382, 1, 3341.8490000000001601, 0, 3335.7730000000001382, 1
3341.8980000000001382, 310.01755134241420819, 3335.7779999999997926, 1, 3341.8980000000001382, 74.83453156917961735, 3335.7779999999997926, 1, 3341.8980000000001382, 111.23194834187714264, 3335.7779999999997926, 1, 3341.8980000000001382, 0, 3335.7779999999997926, 1
3341.9479999999998654, 48.321123261826755879, 3335.7829999999999018, 1, 3341.9479999999998654, 0, 3335.7829999999999018, 1, 3341.9479999999998654, 43.945448060846551641, 3335.7829999999999018, 1, 3341.9479999999998654, 47.939933651115737234, 3335.7829999999999018, 1
3341.9980000000000473, 65.384664249862282759, 3335.7890000000002146, 1, 3341.9980000000000473, 61.426050909898400221, 3335.7890000000002146, 1, 3341.9980000000000473, 60.289370147854896231, 3335.7890000000002146, 1, 3341.9980000000000473, 36.460585532550616961, 3335.7890000000002146, 1
3342.0479999999997744, 108.79035989645842619, 3335.793999999999869, 1, 3342.0479999999997744, 0, 3335.793999999999869, 1, 3342.0479999999997744, 0, 3335.793999999999869, 1, 3342.0479999999997744, 71.334959605681689254, 3335.793999999999869, 1
3342.0990000000001601, 116.7421838727447323, 3335.7979999999997744, 1, 3342.0990000000001601, 0, 3335.7979999999997744, 1, 3342.0990000000001601, 0, 3335.7979999999997744, 1, 3342.0990000000001601, 85.883660804058962412, 3335.7979999999997744, 1
3342.1480000000001382, 108.82547495135045779, 3335.8029999999998836, 1, 3342.1480000000001382, 0, 3335.8029999999998836, 1, 3342.1480000000001382, 0, 3335.8029999999998836, 1, 3342.1480000000001382, 100.97630829846426082, 3335.8029999999998836, 1
3342.1990000000000691, 102.33965205123112696, 3335.8079999999999927, 1, 3342.1990000000000691, 0, 3335.8079999999999927, 1, 3342.1990000000000691, 0, 3335.8079999999999927, 1, 3342.1990000000000691, 110.90678958727120573, 3335.8079999999999927, 1
3342.2489999999997963, 68.65964724531593788, 3335.8130000000001019, 1, 3342.2489999999997963, 150.66195018478993006, 3335.8130000000001019, 1, 3342.2489999999997963, 111.62351334497125777, 3335.8130000000001019, 1, 3342.2489999999997963, 78.206940541174958526, 3335.8130000000001019, 1
3342.3479999999999563, 58.769215287610890641, 3335.818000000000211, 1, 3342.3479999999999563, 41.896121535419361237, 3335.818000000000211, 1, 3342.3479999999999563, 24.481381841348024864, 3335.818000000000211, 1, 3342.3479999999999563, 45.629376473879730725, 3335.818000000000211, 1
3342.3989999999998872, 0, 3335.8229999999998654, 1, 3342.3989999999998872, 125.95456234154400477, 3335.8229999999998654, 1, 3342.3989999999998872, 72.88862949007119596, 3335.8229999999998654, 1, 3342.3989999999998872, 37.493232227028883585, 3335.8229999999998654, 1
3342.5, 0, 3335.8279999999999745, 1, 3342.5, 115.99428993174186076, 3335.8279999999999745, 1, 3342.5, 87.724553644830734811, 3335.8279999999999745, 1, 3342.5, 0, 3335.8279999999999745, 1
3342.5479999999997744, 0, 3335.8330000000000837, 1, 3342.5479999999997744, 102.99026114273954136, 3335.8330000000000837, 1, 3342.5479999999997744, 100.15123822864642023, 3335.8330000000000837, 1, 3342.5479999999997744, 0, 3335.8330000000000837, 1
3342.5979999999999563, 44.856849457794176317, 3335.8389999999999418, 1, 3342.5979999999999563, 0, 3335.8389999999999418, 1, 3342.5979999999999563, 46.130380601037025201, 3335.8389999999999418, 1, 3342.5979999999999563, 41.538864396531508305, 3335.8389999999999418, 1
3342.6489999999998872, 66.413551466046072846, 3335.8440000000000509, 1, 3342.6489999999998872, 69.196440448061494521, 3335.8440000000000509, 1, 3342.6489999999998872, 59.856089034728604759, 3335.8440000000000509, 1, 3342.6489999999998872, 38.25928182592465987, 3335.8440000000000509, 1
3342.75, 107.71212765131508604, 3335.8490000000001601, 1, 3342.75, 0, 3335.8490000000001601, 1, 3342.75, 0, 3335.8490000000001601, 1, 3342.75, 70.712302437149531897, 3335.8490000000001601, 1
3342.75, 115.90882269877673139, 3335.8530000000000655, 1, 3342.75, 0, 3335.8530000000000655, 1, 3342.75, 0, 3335.8530000000000655, 1, 3342.75, 84.482931302348049485, 3335.8530000000000655, 1
3342.7989999999999782, 107.53203335651903672, 3335.8580000000001746, 1, 3342.7989999999999782, 0, 3335.8580000000001746, 1, 3342.7989999999999782, 0, 3335.8580000000001746, 1, 3342.7989999999999782, 98.923851955355232235, 3335.8580000000001746, 1
3342.8490000000001601, 101.71091959560368423, 3335.862999999999829, 1, 3342.8490000000001601, 0, 3335.862999999999829, 1, 3342.8490000000001601, 0, 3335.862999999999829, 1, 3342.8490000000001601, 111.03730429675506741, 3335.862999999999829, 1
3342.9490000000000691, 65.337081330871598084, 3335.8690000000001419, 1, 3342.9490000000000691, 156.99485249934269859, 3335.8690000000001419, 1, 3342.9490000000000691, 109.03387916370201083, 3335.8690000000001419, 1, 3342.9490000000000691, 76.105938368700691399, 3335.8690000000001419, 1
3343, 59.282150716525563894, 3335.8739999999997963, 1, 3343, 43.152930469818912229, 3335.8739999999997963, 1, 3343, 23.372624822104107523, 3335.8739999999997963, 1, 3343, 48.488539725978334616, 3335.8739999999997963, 1
3343.0010000000002037, 50.415121930585030441, 3335.8789999999999054, 1, 3343.0010000000002037, 89.240320009719567906, 3335.8789999999999054, 1, 3343.0010000000002037, 63.960325160046934911, 3335.8789999999999054, 1, 3343.0010000000002037, 37.695105919924934312, 3335.8789999999999054, 1
3343.0990000000001601, 0, 3335.8829999999998108, 1, 3343.0990000000001601, 126.46735194661150103, 3335.8829999999998108, 1, 3343.0990000000001601, 70.368047521563013902, 3335.8829999999998108, 1, 3343.0990000000001601, 0, 3335.8829999999998108, 1
3343.1990000000000691, 0, 3335.8890000000001237, 1, 3343.1990000000000691, 102.50123873083329329, 3335.8890000000001237, 1, 3343.1990000000000691, 97.327776208416665327, 3335.8890000000001237, 1, 3343.1990000000000691, 0, 3335.8890000000001237, 1
3343.2489999999997963, 308.17535173304690943, 3335.8930000000000291, 1, 3343.2489999999997963, 71.857422008631800736, 3335.8930000000000291, 1, 3343.2489999999997963, 111.93098683355250955, 3335.8930000000000291, 1, 3343.2489999999997963, 0, 3335.8930000000000291, 1
3343.3000000000001819, 42.847173954075017832, 3335.8980000000001382, 1, 3343.3000000000001819, 0, 3335.8980000000001382, 1, 3343.3000000000001819, 45.634593226871906779, 3335.8980000000001382, 1, 3343.3000000000001819, 39.752935384820546005, 3335.8980000000001382, 1
3343.3020000000001346, 64.238127553694539529, 3335.9029999999997926, 1, 3343.3020000000001346, 80.190141819211703478, 3335.9029999999997926, 1, 3343.3020000000001346, 62.403396750809569937, 3335.9029999999997926, 1, 3343.3020000000001346, 38.292512794460620285, 3335.9029999999997926, 1
3343.3989999999998872, 117.06911583799896448, 3335.9090000000001055, 1, 3343.3989999999998872, 0, 3335.9090000000001055, 1, 3343.3989999999998872, 0, 3335.9090000000001055, 1, 3343.3989999999998872, 77.249982688112410756, 3335.9090000000001055, 1
3343.4980000000000473, 108.27532466390800892, 3335.9140000000002146, 1, 3343.4980000000000473, 0, 3335.9140000000002146, 1, 3343.4980000000000473, 0, 3335.9140000000002146, 1, 3343.4980000000000473, 98.788013552992779864, 3335.9140000000002146, 1
3343.5999999999999091, 66.096941361652213232, 3335.9180000000001201, 1, 3343.5999999999999091, 153.95714779035617426, 3335.9180000000001201, 1, 3343.5999999999999091, 108.77844505323659519, 3335.9180000000001201, 1, 3343.5999999999999091, 90.59625499929748571, 3335.9180000000001201, 1
3343.6489999999998872, 52.30019923243293789, 3335.9229999999997744, 1, 3343.6489999999998872, 42.499030955125007836, 3335.9229999999997744, 1, 3343.6489999999998872, 23.3309467683589844, 3335.9229999999997744, 1, 3343.6489999999998872, 46.933644191449154448, 3335.9229999999997744, 1
3343.7489999999997963, 0, 3335.9290000000000873, 1, 3343.7489999999997963, 127.59381652731306644, 3335.9290000000000873, 1, 3343.7489999999997963, 69.49124210734791518, 3335.9290000000000873, 1, 3343.7489999999997963, 45.403630980151305607, 3335.9290000000000873, 1
3343.7979999999997744, 0, 3335.931999999999789, 1, 3343.7979999999997744, 117.06040776303090922, 3335.931999999999789, 1, 3343.7979999999997744, 86.572300830700413599, 3335.931999999999789, 1, 3343.7979999999997744, 0, 3335.931999999999789, 1
3343.8980000000001382, 306.9704510906598216, 3335.9380000000001019, 1, 3343.8980000000001382, 72.519846610699772782, 3335.9380000000001019, 1, 3343.8980000000001382, 111.98614653398023222, 3335.9380000000001019, 1, 3343.8980000000001382, 0, 3335.9380000000001019, 1
3343.8980000000001382, 45.140081376396423707, 3335.943000000000211, 1, 3343.8980000000001382, 0, 3335.943000000000211, 1, 3343.8980000000001382, 46.057137018301858689, 3335.943000000000211, 1, 3343.8980000000001382, 41.439980254747041499, 3335.943000000000211, 1
3343.9499999999998181, 65.936339877234416917, 3335.9490000000000691, 1, 3343.9499999999998181, 64.485301520523577778, 3335.9490000000000691, 1, 3343.9499999999998181, 60.54540153516186507, 3335.9490000000000691, 1, 3343.9499999999998181, 35.89359440638470744, 3335.9490000000000691, 1
3343.9980000000000473, 108.81140663630893073, 3335.9520000000002256, 1, 3343.9980000000000473, 0, 3335.9520000000002256, 1, 3343.9980000000000473, 0, 3335.9520000000002256, 1, 3343.9980000000000473, 71.688513404847668653, 3335.9520000000002256, 1
3344.0500000000001819, 116.67314181071756707, 3335.9580000000000837, 1, 3344.0500000000001819, 0, 3335.9580000000000837, 1, 3344.0500000000001819, 0, 3335.9580000000000837, 1, 3344.0500000000001819, 85.959083588376216767, 3335.9580000000000837, 1
3344.0990000000001601, 107.34191420568876651, 3335.9630000000001928, 1, 3344.0990000000001601, 0, 3335.9630000000001928, 1, 3344.0990000000001601, 0, 3335.9630000000001928, 1, 3344.0990000000001601, 98.329633377689958706, 3335.9630000000001928, 1
3344.1480000000001382, 102.16834356545879814, 3335.9690000000000509, 1, 3344.1480000000001382, 0, 3335.9690000000000509, 1, 3344.1480000000001382, 0, 3335.9690000000000509, 1, 3344.1480000000001382, 111.45264747493067148, 3335.9690000000000509, 1
3344.1999999999998181, 66.487733232834600017, 3335.9749999999999091, 1, 3344.1999999999998181, 150.91198371761686303, 3335.9749999999999091, 1, 3344.1999999999998181, 109.36100071757110186, 3335.9749999999999091, 1, 3344.1999999999998181, 77.480322470938688184, 3335.9749999999999091, 1
3344.2480000000000473, 48.683214504902451836, 3335.9789999999998145, 1, 3344.2480000000000473, 39.675724915078120603, 3335.9789999999998145, 1, 3344.2480000000000473, 24.547999736641379798, 3335.9789999999998145, 1, 3344.2480000000000473, 49.508859409660395556, 3335.9789999999998145, 1
3344.3490000000001601, 44.395501075995284168, 3335.9839999999999236, 1, 3344.3490000000001601, 91.985470571997112188, 3335.9839999999999236, 1, 3344.3490000000001601, 65.124086423496635234, 3335.9839999999999236, 1, 3344.3490000000001601, 33.793471006234646836, 3335.9839999999999236, 1
3344.3989999999998872, 0, 3335.987999999999829, 1, 3344.3989999999998872, 126.94387337587308195, 3335.987999999999829, 1, 3344.3989999999998872, 72.098152005066197034, 3335.987999999999829, 1, 3344.3989999999998872, 0, 3335.987999999999829, 1
3344.3989999999998872, 0, 3335.9929999999999382, 1, 3344.3989999999998872, 117.39464589883216661, 3335.9929999999999382, 1, 3344.3989999999998872, 87.993360719059694475, 3335.9929999999999382, 1, 3344.3989999999998872, 0, 3335.9929999999999382, 1
3344.4980000000000473, 0, 3335.9980000000000473, 1, 3344.4980000000000473, 106.5098415443174531, 3335.9980000000000473, 1, 3344.4980000000000473, 99.923372687429065309, 3335.9980000000000473, 1, 3344.4980000000000473, 0, 3335.9980000000000473, 1
3344.4989999999997963, 295.35197416552449567, 3336.0030000000001564, 1, 3344.4989999999997963, 71.847775113682786241, 3336.0030000000001564, 1, 3344.4989999999997963, 114.43415452856680758, 3336.0030000000001564, 1, 3344.4989999999997963, 0, 3336.0030000000001564, 1
3344.5479999999997744, 45.111061844017264377, 3336.0079999999998108, 1, 3344.5479999999997744, 0, 3336.0079999999998108, 1, 3344.5479999999997744, 43.060049311113822057, 3336.0079999999998108, 1, 3344.5479999999997744, 45.101341407880440215, 3336.0079999999998108, 1
3344.5990000000001601, 65.568224720534828975, 3336.0140000000001237, 1, 3344.5990000000001601, 61.469561014028322177, 3336.0140000000001237, 1, 3344.5990000000001601, 59.709895505467983412, 3336.0140000000001237, 1, 3344.5990000000001601, 35.277477552770513114, 3336.0140000000001237, 1
3344.7010000000000218, 108.74712167110544669, 3336.0180000000000291, 1, 3344.7010000000000218, 0, 3336.0180000000000291, 1, 3344.7010000000000218, 0, 3336.0180000000000291, 1, 3344.7010000000000218, 71.413172701992152724, 3336.0180000000000291, 1
3344.75, 116.10592389960979176, 3336.0239999999998872, 1, 3344.75, 0, 3336.0239999999998872, 1, 3344.75, 0, 3336.0239999999998872, 1, 3344.75, 86.583897400862454674, 3336.0239999999998872, 1
3344.8490000000001601, 100.25077237676198649, 3336.0279999999997926, 1, 3344.8490000000001601, 0, 3336.0279999999997926, 1, 3344.8490000000001601, 0, 3336.0279999999997926, 1, 3344.8490000000001601, 102.68545855176874682, 3336.0279999999997926, 1
3344.8980000000001382, 66.158756387143355937, 3336.0329999999999018, 1, 3344.8980000000001382, 149.3293670827985693, 3336.0329999999999018, 1, 3344.8980000000001382, 110.64514950949468641, 3336.0329999999999018, 1, 3344.8980000000001382, 74.780131919185421907, 3336.0329999999999018, 1
3344.9000000000000909, 52.351247381748997611, 3336.0390000000002146, 1, 3344.9000000000000909, 42.123625781026007076, 3336.0390000000002146, 1, 3344.9000000000000909, 23.594176088372563527, 3336.0390000000002146, 1, 3344.9000000000000909, 47.966091119878157656, 3336.0390000000002146, 1
3344.9520000000002256, 47.498644896421396311, 3336.0430000000001201, 1, 3344.9520000000002256, 88.25521787336870716, 3336.0430000000001201, 1, 3344.9520000000002256, 63.508564777901419518, 3336.0430000000001201, 1, 3344.9520000000002256, 35.588046814196538037, 3336.0430000000001201, 1
3345.0479999999997744, 0, 3336.0479999999997744, 1, 3345.0479999999997744, 126.7910116774520759, 3336.0479999999997744, 1, 3345.0479999999997744, 72.430042042039175954, 3336.0479999999997744, 1, 3345.0479999999997744, 0, 3336.0479999999997744, 1
3345.0509999999999309, 0, 3336.0529999999998836, 1, 3345.0509999999999309, 117.20593931484376071, 3336.0529999999998836, 1, 3345.0509999999999309, 87.906036401310885253, 3336.0529999999998836, 1, 3345.0509999999999309, 0, 3336.0529999999998836, 1
3345.0990000000001601, 0, 3336.0590000000001965, 1, 3345.0990000000001601, 106.73666621145395084, 3336.0590000000001965, 1, 3345.0990000000001601, 100.04489062076305572, 3336.0590000000001965, 1, 3345.0990000000001601, 0, 3336.0590000000001965, 1
3345.1480000000001382, 296.60390160967693873, 3336.0639999999998508, 1, 3345.1480000000001382, 71.870618758664946313, 3336.0639999999998508, 1, 3345.1480000000001382, 113.85595467488012389, 3336.0639999999998508, 1, 3345.1480000000001382, 0, 3336.0639999999998508, 1
3345.1979999999998654, 46.876440717210115849, 3336.068000000000211, 1, 3345.1979999999998654, 0, 3336.068000000000211, 1, 3345.1979999999998654, 44.635215709846235654, 3336.068000000000211, 1, 3345.1979999999998654, 44.911547715619121846, 3336.068000000000211, 1
3345.2989999999999782, 64.243571521823284343, 3336.0740000000000691, 1, 3345.2989999999999782, 67.716013401418521767, 3336.0740000000000691, 1, 3345.2989999999999782, 58.678242348242058313, 3336.0740000000000691, 1, 3345.2989999999999782, 36.116369591282023066, 3336.0740000000000691, 1
3345.2989999999999782, 107.3230321259019604, 3336.0790000000001783, 1, 3345.2989999999999782, 0, 3336.0790000000001783, 1, 3345.2989999999999782, 0, 3336.0790000000001783, 1, 3345.2989999999999782, 72.136652711635704804, 3336.0790000000001783, 1
3345.3989999999998872, 115.31418041201777669, 3336.0830000000000837, 1, 3345.3989999999998872, 0, 3336.0830000000000837, 1, 3345.3989999999998872, 0, 3336.0830000000000837, 1, 3345.3989999999998872, 83.400648129085809046, 3336.0830000000000837, 1
3345.3989999999998872, 108.18420898561113574, 3336.0880000000001928, 1, 3345.3989999999998872, 0, 3336.0880000000001928, 1, 3345.3989999999998872, 0, 3336.0880000000001928, 1, 3345.3989999999998872, 99.187920497396348196, 3336.0880000000001928, 1
3345.5, 100.72935525426782988, 3336.0929999999998472, 1, 3345.5, 0, 3336.0929999999998472, 1, 3345.5, 0, 3336.0929999999998472, 1, 3345.5, 108.27531376890729575, 3336.0929999999998472, 1
3345.5, 67.873175065252937088, 3336.0990000000001601, 1, 3345.5, 141.47715433652086858, 3336.0990000000001601, 1, 3345.5, 114.9905840180629184, 3336.0990000000001601, 1, 3345.5, 75.199142634296748611, 3336.0990000000001601, 1
3345.5489999999999782, 50.683204930124730936, 3336.1030000000000655, 1, 3345.5489999999999782, 42.006788861905391741, 3336.1030000000000655, 1, 3345.5489999999999782, 23.160833788100607222, 3336.1030000000000655, 1, 3345.5489999999999782, 47.055075660807233362, 3336.1030000000000655, 1
3345.5999999999999091, 44.207385645182661449, 3336.1089999999999236, 1, 3345.5999999999999091, 92.514986738959890999, 3336.1089999999999236, 1, 3345.5999999999999091, 65.101520128342031057, 3336.1089999999999236, 1, 3345.5999999999999091, 31.959401341949128295, 3336.1089999999999236, 1
3345.6990000000000691, 0, 3336.112999999999829, 1, 3345.6990000000000691, 127.45539797626096856, 3336.112999999999829, 1, 3345.6990000000000691, 72.011404524255866022, 3336.112999999999829, 1, 3345.6990000000000691, 0, 3336.112999999999829, 1
3345.6990000000000691, 0, 3336.1190000000001419, 1, 3345.6990000000000691, 117.48235895731983192, 3336.1190000000001419, 1, 3345.6990000000000691, 87.876721109015193178, 3336.1190000000001419, 1, 3345.6990000000000691, 0, 3336.1190000000001419, 1
3345.7489999999997963, 0, 3336.1230000000000473, 1, 3345.7489999999997963, 106.52931142934558295, 3336.1230000000000473, 1, 3345.7489999999997963, 97.833258942724796725, 3336.1230000000000473, 1, 3345.7489999999997963, 0, 3336.1230000000000473, 1
3345.7979999999997744, 296.63623220419742665, 3336.1280000000001564, 1, 3345.7979999999997744, 71.667796950222168562, 3336.1280000000001564, 1, 3345.7979999999997744, 112.39749983574427006, 3336.1280000000001564, 1, 3345.7979999999997744, 0, 3336.1280000000001564, 1
3345.8490000000001601, 44.852886651182025446, 3336.1329999999998108, 1, 3345.8490000000001601, 0, 3336.1329999999998108, 1, 3345.8490000000001601, 43.487316821399460309, 3336.1329999999998108, 1, 3345.8490000000001601, 43.169960555977617389, 3336.1329999999998108, 1
3345.9490000000000691, 64.353726300292521501, 3336.1390000000001237, 1, 3345.9490000000000691, 76.59009861086370563, 3336.1390000000001237, 1, 3345.9490000000000691, 63.196511935305608176, 3336.1390000000001237, 1, 3345.9490000000000691, 37.111658301860522613, 3336.1390000000001237, 1
3345.9490000000000691, 106.69986214087285248, 3336.1439999999997781, 1, 3345.9490000000000691, 0, 3336.1439999999997781, 1, 3345.9490000000000691, 0, 3336.1439999999997781, 1, 3345.9490000000000691, 71.484873238176575683, 3336.1439999999997781, 1
3345.9989999999997963, 116.74682095361413303, 3336.1480000000001382, 1, 3345.9989999999997963, 0, 3336.1480000000001382, 1, 3345.9989999999997963, 0, 3336.1480000000001382, 1, 3345.9989999999997963, 84.816193593897224901, 3336.1480000000001382, 1
3346.0500000000001819, 108.88639594333358218, 3336.1529999999997926, 1, 3346.0500000000001819, 0, 3336.1529999999997926, 1, 3346.0500000000001819, 0, 3336.1529999999997926, 1, 3346.0500000000001819, 100.57780314908272601, 3336.1529999999997926, 1
3346.0999999999999091, 100.62730190962264487, 3336.1590000000001055, 1, 3346.0999999999999091, 0, 3336.1590000000001055, 1, 3346.0999999999999091, 0, 3336.1590000000001055, 1, 3346.0999999999999091, 107.23801362440633511, 3336.1590000000001055, 1
3346.1509999999998399, 65.049142435511043914, 3336.1640000000002146, 1, 3346.1509999999998399, 154.073597378314048, 3336.1640000000002146, 1, 3346.1509999999998399, 111.11780209657271712, 3336.1640000000002146, 1, 3346.1509999999998399, 78.006130133468175814, 3336.1640000000002146, 1
3346.2489999999997963, 49.817573213339287008, 3336.168999999999869, 1, 3346.2489999999997963, 44.185698220578487394, 3336.168999999999869, 1, 3346.2489999999997963, 22.052554002931621824, 3336.168999999999869, 1, 3346.2489999999997963, 45.705150019287700047, 3336.168999999999869, 1
3346.2489999999997963, 43.502631079996717745, 3336.1729999999997744, 1, 3346.2489999999997963, 90.134823238183514604, 3336.1729999999997744, 1, 3346.2489999999997963, 63.472288689186683541, 3336.1729999999997744, 1, 3346.2489999999997963, 41.009600267047332522, 3336.1729999999997744, 1
3346.3499999999999091, 0, 3336.1790000000000873, 1, 3346.3499999999999091, 127.48312333337928237, 3336.1790000000000873, 1, 3346.3499999999999091, 69.57055821726775946, 3336.1790000000000873, 1, 3346.3499999999999091, 0, 3336.1790000000000873, 1
3346.4000000000000909, 0, 3336.1829999999999927, 1, 3346.4000000000000909, 116.38632860459199492, 3336.1829999999999927, 1, 3346.4000000000000909, 86.436865655460735525, 3336.1829999999999927, 1, 3346.4000000000000909, 0, 3336.1829999999999927, 1
3346.4499999999998181, 0, 3336.1889999999998508, 1, 3346.4499999999998181, 103.94110747074378764, 3336.1889999999998508, 1, 3346.4499999999998181, 101.26611466182335164, 3336.1889999999998508, 1, 3346.4499999999998181, 0, 3336.1889999999998508, 1
3346.5, 280.64176110779044393, 3336.193000000000211, 1, 3346.5, 72.56355144587489292, 3336.193000000000211, 1, 3346.5, 111.94454596120522183, 3336.193000000000211, 1, 3346.5, 0, 3336.193000000000211, 1
3346.5500000000001819, 40.222120843941603141, 3336.1979999999998654, 1, 3346.5500000000001819, 0, 3336.1979999999998654, 1, 3346.5500000000001819, 52.256584341072169764, 3336.1979999999998654, 1, 3346.5500000000001819, 47.502620424870087845, 3336.1979999999998654, 1
3346.5500000000001819, 79.128283797074089989, 3336.2029999999999745, 1, 3346.5500000000001819, 85.140748828066449505, 3336.2029999999999745, 1, 3346.5500000000001819, 46.654668266307687929, 3336.2029999999999745, 1, 3346.5500000000001819, 40.531850068348909133, 3336.2029999999999745, 1
3346.5999999999999091, 114.09279163564377768, 3336.2080000000000837, 1, 3346.5999999999999091, 0, 3336.2080000000000837, 1, 3346.5999999999999091, 0, 3336.2080000000000837, 1, 3346.5999999999999091, 77.860305814903682631, 3336.2080000000000837, 1
3346.6500000000000909, 134.11681112645248959, 3336.2139999999999418, 1, 3346.6500000000000909, 0, 3336.2139999999999418, 1, 3346.6500000000000909, 0, 3336.2139999999999418, 1, 3346.6500000000000909, 61.776916605031658491, 3336.2139999999999418, 1
3346.75, 131.19798996919564615, 3336.2179999999998472, 1, 3346.75, 0, 3336.2179999999998472, 1, 3346.75, 0, 3336.2179999999998472, 1, 3346.75, 75.228477768996299346, 3336.2179999999998472, 1
3346.75, 120.78564165959008392, 3336.2240000000001601, 1, 3346.75, 0, 3336.2240000000001601, 1, 3346.75, 0, 3336.2240000000001601, 1, 3346.75, 73.85430420145944197, 3336.2240000000001601, 1
3346.8000000000001819, 61.302764145388884742, 3336.2289999999998145, 1, 3346.8000000000001819, 239.42806516770872349, 3336.2289999999998145, 1, 3346.8000000000001819, 0, 3336.2289999999998145, 1, 3346.8000000000001819, 41.883117312335379268, 3336.2289999999998145, 1
3346.9000000000000909, 59.626438622648109344, 3336.2330000000001746, 1, 3346.9000000000000909, 86.896021051591660012, 3336.2330000000001746, 1, 3346.9000000000000909, 15.830873882222297411, 3336.2330000000001746, 1, 3346.9000000000000909, 43.296696547529364807, 3336.2330000000001746, 1
3346.9510000000000218, 71.417577842577600222, 3336.2409999999999854, 1, 3346.9510000000000218, 77.182899888162609159, 3336.2409999999999854, 1, 3346.9510000000000218, 25.414780147752509265, 3336.2409999999999854, 1, 3346.9510000000000218, 34.876966847076253941, 3336.2409999999999854, 1
3346.9989999999997963, 76.663078446993509374, 3336.2440000000001419, 1, 3346.9989999999997963, 64.395133420960434023, 3336.2440000000001419, 0, 3346.9989999999997963, 28.363694833676923679, 3336.2440000000001419, 0, 3346.9989999999997963, 33.08259158451651416, 3336.2440000000001419, 1
3347.0999999999999091, 75.451957656400878705, 3336.2480000000000473, 1, 3347.0999999999999091, 54.256897274658754782, 3336.2480000000000473, 0, 3347.0999999999999091, 38.144407652515454288, 3336.2480000000000473, 0, 3347.0999999999999091, 36.088835183674618179, 3336.2480000000000473, 1
3347.1010000000001128, 71.935834591826136375, 3336.2539999999999054, 1, 3347.1010000000001128, 48.908356520580916538, 3336.2539999999999054, 0, 3347.1010000000001128, 43.08638917789305367, 3336.2539999999999054, 0, 3347.1010000000001128, 40.735275997682968807, 3336.2539999999999054, 1
3347.1500000000000909, 68.275184794411728717, 3336.2579999999998108, 1, 3347.1500000000000909, 47.889229049511868652, 3336.2579999999998108, 0, 3347.1500000000000909, 44.29905286923187191, 3336.2579999999998108, 0, 3347.1500000000000909, 44.635214958549973119, 3336.2579999999998108, 1
3347.2489999999997963, 65.514395833868036334, 3336.26299999999992, 1, 3347.2489999999997963, 49.430666105085293793, 3336.26299999999992, 0, 3347.2489999999997963, 43.297237596476456645, 3336.26299999999992, 0, 3347.2489999999997963, 47.011686955102973684, 3336.26299999999992, 1
3347.3499999999999091, 63.69453859636915638, 3336.2680000000000291, 1, 3347.3499999999999091, 53.436790789010018443, 3336.2680000000000291, 0, 3347.3499999999999091, 39.281826292962918501, 3336.2680000000000291, 0, 3347.3499999999999091, 47.948009996296413249, 3336.2680000000000291, 1
3347.3510000000001128, 64.010545923688908942, 3336.2730000000001382, 1, 3347.3510000000001128, 55.095426062357645947, 3336.2730000000001382, 0, 3347.3510000000001128, 37.88825514947659201, 3336.2730000000001382, 0, 3347.3510000000001128, 47.237717978507511418, 3336.2730000000001382, 1
3347.4000000000000909, 64.640384711065152601, 3336.2779999999997926, 1, 3347.4000000000000909, 56.005773925995683271, 3336.2779999999997926, 0, 3347.4000000000000909, 37.095820688751004468, 3336.2779999999997926, 0, 3347.4000000000000909, 46.428143655582879035, 3336.2779999999997926, 1
3347.4499999999998181, 65.171082690040066154, 3336.2840000000001055, 1, 3347.4499999999998181, 56.885687910108828191, 3336.2840000000001055, 0, 3347.4499999999998181, 36.935869599923904616, 3336.2840000000001055, 0, 3347.4499999999998181, 45.709786537485619817, 3336.2840000000001055, 1
3347.5500000000001819, 65.747104828142681754, 3336.2880000000000109, 1, 3347.5500000000001819, 56.147965964190468924, 3336.2880000000000109, 0, 3347.5500000000001819, 36.927254234504921726, 3336.2880000000000109, 0, 3347.5500000000001819, 45.330316625944334419, 3336.2880000000000109, 1
3347.6520000000000437, 65.971907813974311807, 3336.2930000000001201, 1, 3347.6520000000000437, 56.1111423906240816, 3336.2930000000001201, 0, 3347.6520000000000437, 37.524623231262872025, 3336.2930000000001201, 0, 3347.6520000000000437, 45.121087732940438286, 3336.2930000000001201, 1
3347.6520000000000437, 65.918635245973860037, 3336.2979999999997744, 1, 3347.6520000000000437, 55.874565877376220158, 3336.2979999999997744, 0, 3347.6520000000000437, 37.732135843923714447, 3336.2979999999997744, 0, 3347.6520000000000437, 45.231969582717432843, 3336.2979999999997744, 1
3347.7029999999999745, 65.812973289209296013, 3336.3029999999998836, 1, 3347.7029999999999745, 55.73707589303698029, 3336.3029999999998836, 0, 3347.7029999999999745, 37.859872542051192568, 3336.3029999999998836, 0, 3347.7029999999999745, 45.364405908967007974, 3336.3029999999998836, 1
3347.7510000000002037, 65.705177713093718239, 3336.3099999999999454, 1, 3347.7510000000002037, 55.687002177398206015, 3336.3099999999999454, 0, 3347.7510000000002037, 37.912679619753589577, 3336.3099999999999454, 0, 3347.7510000000002037, 45.479676667972093185, 3336.3099999999999454, 1
3347.8499999999999091, 65.717536264308137106, 3336.3130000000001019, 1, 3347.8499999999999091, 55.085567371588169294, 3336.3130000000001019, 0, 3347.8499999999999091, 37.813476764365631766, 3336.3130000000001019, 0, 3347.8499999999999091, 45.592394582902322497, 3336.3130000000001019, 1
3347.8989999999998872, 65.674280918660883799, 3336.318000000000211, 1, 3347.8989999999998872, 55.12271373289441101, 3336.318000000000211, 0, 3347.8989999999998872, 37.78430407279637393, 3336.318000000000211, 0, 3347.8989999999998872, 45.625722081691435505, 3336.318000000000211, 1
3348, 65.671176153096354255, 3336.3229999999998654, 1, 3348, 55.201846302081577278, 3336.3229999999998654, 0, 3348, 37.71968936471324696, 3336.3229999999998654, 0, 3348, 45.619060033523588515, 3336.3229999999998654, 1
3348.0010000000002037, 65.688564039493371638, 3336.3299999999999272, 1, 3348.0010000000002037, 55.224785431432025007, 3336.3299999999999272, 0, 3348.0010000000002037, 37.699350334360495651, 3336.3299999999999272, 0, 3348.0010000000002037, 45.589708975552191816, 3336.3299999999999272, 1
3348.0489999999999782, 65.70700866959090547, 3336.3330000000000837, 1, 3348.0489999999999782, 55.234386290273789655, 3336.3330000000000837, 0, 3348.0489999999999782, 37.690844596800531008, 3336.3330000000000837, 0, 3348.0489999999999782, 45.56955180759901225, 3336.3330000000000837, 1
3348.1500000000000909, 65.625218954041784514, 3336.3380000000001928, 1, 3348.1500000000000909, 55.843820847210082547, 3336.3380000000001928, 0, 3348.1500000000000909, 37.786466129358984745, 3336.3380000000001928, 0, 3348.1500000000000909, 45.519361113585553369, 3336.3380000000001928, 1
3348.1500000000000909, 65.632720953663067576, 3336.3440000000000509, 1, 3348.1500000000000909, 55.839693751661023668, 3336.3440000000000509, 0, 3348.1500000000000909, 37.788983909596758792, 3336.3440000000000509, 0, 3348.1500000000000909, 45.513476764026059129, 3336.3440000000000509, 1
3348.1999999999998181, 65.730195727054763211, 3336.3490000000001601, 1, 3348.1999999999998181, 55.225843204523741292, 3336.3490000000001601, 0, 3348.1999999999998181, 37.696176088737971099, 3336.3490000000001601, 0, 3348.1999999999998181, 45.549830587636478185, 3336.3490000000001601, 1
3348.3009999999999309, 65.72925447316674763, 3336.3530000000000655, 1, 3348.3009999999999309, 55.220571600721598315, 3336.3530000000000655, 0, 3348.3009999999999309, 37.700469407446306036, 3336.3530000000000655, 0, 3348.3009999999999309, 45.552134955915143166, 3336.3530000000000655, 1
3348.3029999999998836, 65.72666721188463157, 3336.3580000000001746, 1, 3348.3029999999998836, 55.216949287477078201, 3336.3580000000001746, 0, 3348.3029999999998836, 37.703576273179280065, 3336.3580000000001746, 0, 3348.3029999999998836, 45.555642149753879266, 3336.3580000000001746, 1
3348.3510000000001128, 65.723859457084998326, 3336.362999999999829, 1, 3348.3510000000001128, 55.215114767545486529, 3336.362999999999829, 0, 3348.3510000000001128, 37.705200826630161259, 3336.362999999999829, 0, 3348.3510000000001128, 45.558834882944502453, 3336.362999999999829, 1
, , 3336.3679999999999382, 1, , , 3336.3679999999999382, 0, , , 3336.3679999999999382, 0, , , 3336.3679999999999382, 1
, , 3336.375, 1, , , 3336.375, 1, , , 3336.375, 1, , , 3336.375, 1
, , 3336.3780000000001564, 1, , , 3336.3780000000001564, 1, , , 3336.3780000000001564, 1, , , 3336.3780000000001564, 1
, , 3336.3829999999998108, 1, , , 3336.3829999999998108, 1, , , 3336.3829999999998108, 1, , , 3336.3829999999998108, 1
, , 3336.38799999999992, 1, , , 3336.38799999999992, 1, , , 3336.38799999999992, 1, , , 3336.38799999999992, 1
, , 3336.3930000000000291, 1, , , 3336.3930000000000291, 1, , , 3336.3930000000000291, 1, , , 3336.3930000000000291, 1
, , 3336.3980000000001382, 1, , , 3336.3980000000001382, 1, , , 3336.3980000000001382, 1, , , 3336.3980000000001382, 1
, , 3336.4029999999997926, 1, , , 3336.4029999999997926, 1, , , 3336.4029999999997926, 1, , , 3336.4029999999997926, 1
, , 3336.4079999999999018, 1, , , 3336.4079999999999018, 1, , , 3336.4079999999999018, 1, , , 3336.4079999999999018, 1
, , 3336.4130000000000109, 1, , , 3336.4130000000000109, 1, , , 3336.4130000000000109, 1, , , 3336.4130000000000109, 1
, , 3336.4180000000001201, 1, , , 3336.4180000000001201, 1, , , 3336.4180000000001201, 1, , , 3336.4180000000001201, 1
, , 3336.4229999999997744, 1, , , 3336.4229999999997744, 1, , , 3336.4229999999997744, 1, , , 3336.4229999999997744, 1
, , 3336.4279999999998836, 1, , , 3336.4279999999998836, 1, , , 3336.4279999999998836, 1, , , 3336.4279999999998836, 1
, , 3336.4329999999999927, 1, , , 3336.4329999999999927, 1, , , 3336.4329999999999927, 1, , , 3336.4329999999999927, 1
, , 3336.4380000000001019, 1, , , 3336.4380000000001019, 1, , , 3336.4380000000001019, 1, , , 3336.4380000000001019, 1
, , 3336.44399999999996, 1, , , 3336.44399999999996, 1, , , 3336.44399999999996, 1, , , 3336.44399999999996, 1
, , 3336.4490000000000691, 0, , , 3336.4490000000000691, 1, , , 3336.4490000000000691, 1, , , 3336.4490000000000691, 0
, , 3336.4529999999999745, 0, , , 3336.4529999999999745, 1, , , 3336.4529999999999745, 1, , , 3336.4529999999999745, 0
, , 3336.4580000000000837, 0, , , 3336.4580000000000837, 1, , , 3336.4580000000000837, 1, , , 3336.4580000000000837, 0
, , 3336.4639999999999418, 0, , , 3336.4639999999999418, 1, , , 3336.4639999999999418, 1, , , 3336.4639999999999418, 0
, , 3336.4690000000000509, 0, , , 3336.4690000000000509, 1, , , 3336.4690000000000509, 1, , , 3336.4690000000000509, 0
, , 3336.4740000000001601, 0, , , 3336.4740000000001601, 1, , , 3336.4740000000001601, 1, , , 3336.4740000000001601, 0
, , 3336.4789999999998145, 0, , , 3336.4789999999998145, 1, , , 3336.4789999999998145, 1, , , 3336.4789999999998145, 0
, , 3336.4839999999999236, 0, , , 3336.4839999999999236, 1, , , 3336.4839999999999236, 1, , , 3336.4839999999999236, 0
, , 3336.487999999999829, 0, , , 3336.487999999999829, 1, , , 3336.487999999999829, 1, , , 3336.487999999999829, 0
, , 3336.4929999999999382, 0, , , 3336.4929999999999382, 1, , , 3336.4929999999999382, 1, , , 3336.4929999999999382, 0
, , 3336.4980000000000473, 0, , , 3336.4980000000000473, 1, , , 3336.4980000000000473, 1, , , 3336.4980000000000473, 0
, , 3336.5030000000001564, 0, , , 3336.5030000000001564, 1, , , 3336.5030000000001564, 1, , , 3336.5030000000001564, 0
, , 3336.5090000000000146, 0, , , 3336.5090000000000146, 1, , , 3336.5090000000000146, 1, , , 3336.5090000000000146, 0
, , 3336.51299999999992, 0, , , 3336.51299999999992, 1, , , 3336.51299999999992, 1, , , 3336.51299999999992, 0
, , 3336.5180000000000291, 0, , , 3336.5180000000000291, 1, , , 3336.5180000000000291, 1, , , 3336.5180000000000291, 0
, , 3336.5230000000001382, 0, , , 3336.5230000000001382, 1, , , 3336.5230000000001382, 1, , , 3336.5230000000001382, 0
, , 3336.5279999999997926, 0, , , 3336.5279999999997926, 1, , , 3336.5279999999997926, 1, , , 3336.5279999999997926, 0
, , 3336.5329999999999018, 0, , , 3336.5329999999999018, 1, , , 3336.5329999999999018, 1, , , 3336.5329999999999018, 0
, , 3336.5380000000000109, 0, , , 3336.5380000000000109, 1, , , 3336.5380000000000109, 1, , , 3336.5380000000000109, 0
, , 3336.5430000000001201, 0, , , 3336.5430000000001201, 1, , , 3336.5430000000001201, 1, , , 3336.5430000000001201, 0
, , 3336.5489999999999782, 0, , , 3336.5489999999999782, 1, , , 3336.5489999999999782, 1, , , 3336.5489999999999782, 0
, , 3336.5529999999998836, 0, , , 3336.5529999999998836, 1, , , 3336.5529999999998836, 1, , , 3336.5529999999998836, 0
, , 3336.5579999999999927, 0, , , 3336.5579999999999927, 1, , , 3336.5579999999999927, 1, , , 3336.5579999999999927, 0
, , 3336.5650000000000546, 0, , , 3336.5650000000000546, 1, , , 3336.5650000000000546, 1, , , 3336.5650000000000546, 0
, , 3336.568000000000211, 0, , , 3336.568000000000211, 1, , , 3336.568000000000211, 1, , , 3336.568000000000211, 0
, , 3336.5740000000000691, 0, , , 3336.5740000000000691, 1, , , 3336.5740000000000691, 1, , , 3336.5740000000000691, 0
, , 3336.5779999999999745, 0, , , 3336.5779999999999745, 1, , , 3336.5779999999999745, 1, , , 3336.5779999999999745, 0
, , 3336.5830000000000837, 0, , , 3336.5830000000000837, 1, , , 3336.5830000000000837, 1, , , 3336.5830000000000837, 0
, , 3336.5880000000001928, 0, , , 3336.5880000000001928, 1, , , 3336.5880000000001928, 1, , , 3336.5880000000001928, 0
, , 3336.5940000000000509, 0, , , 3336.5940000000000509, 1, , , 3336.5940000000000509, 1, , , 3336.5940000000000509, 0
, , 3336.5979999999999563, 0, , , 3336.5979999999999563, 1, , , 3336.5979999999999563, 1, , , 3336.5979999999999563, 0
, , 3336.6030000000000655, 0, , , 3336.6030000000000655, 1, , , 3336.6030000000000655, 1, , , 3336.6030000000000655, 0
, , 3336.6080000000001746, 0, , , 3336.6080000000001746, 1, , , 3336.6080000000001746, 1, , , 3336.6080000000001746, 0
, , 3336.6149999999997817, 0, , , 3336.6149999999997817, 1, , , 3336.6149999999997817, 1, , , 3336.6149999999997817, 0
, , 3336.6159999999999854, 0, , , 3336.6159999999999854, 1, , , 3336.6159999999999854, 1, , , 3336.6159999999999854, 0
, , 3336.6230000000000473, 0, , , 3336.6230000000000473, 1, , , 3336.6230000000000473, 1, , , 3336.6230000000000473, 0
, , 3336.6280000000001564, 0, , , 3336.6280000000001564, 1, , , 3336.6280000000001564, 1, , , 3336.6280000000001564, 0
, , 3336.6340000000000146, 0, , , 3336.6340000000000146, 1, , , 3336.6340000000000146, 1, , , 3336.6340000000000146, 0
, , 3336.63799999999992, 0, , , 3336.63799999999992, 1, , , 3336.63799999999992, 1, , , 3336.63799999999992, 0
, , 3336.6439999999997781, 0, , , 3336.6439999999997781, 1, , , 3336.6439999999997781, 1, , , 3336.6439999999997781, 0
, , 3336.6480000000001382, 0, , , 3336.6480000000001382, 1, , , 3336.6480000000001382, 1, , , 3336.6480000000001382, 0
, , 3336.6529999999997926, 0, , , 3336.6529999999997926, 1, , , 3336.6529999999997926, 1, , , 3336.6529999999997926, 0
, , 3336.6579999999999018, 0, , , 3336.6579999999999018, 1, , , 3336.6579999999999018, 1, , , 3336.6579999999999018, 0
, , 3336.6630000000000109, 0, , , 3336.6630000000000109, 1, , , 3336.6630000000000109, 1, , , 3336.6630000000000109, 0
, , 3336.6680000000001201, 0, , , 3336.6680000000001201, 1, , , 3336.6680000000001201, 1, , , 3336.6680000000001201, 0
, , 3336.6729999999997744, 0, , , 3336.6729999999997744, 1, , , 3336.6729999999997744, 1, , , 3336.6729999999997744, 0
, , 3336.6779999999998836, 0, , , 3336.6779999999998836, 1, , , 3336.6779999999998836, 1, , , 3336.6779999999998836, 0
, , 3336.6829999999999927, 0, , , 3336.6829999999999927, 1, , , 3336.6829999999999927, 1, , , 3336.6829999999999927, 0
, , 3336.6889999999998508, 0, , , 3336.6889999999998508, 1, , , 3336.6889999999998508, 1, , , 3336.6889999999998508, 0
, , 3336.69399999999996, 0, , , 3336.69399999999996, 1, , , 3336.69399999999996, 1, , , 3336.69399999999996, 0
, , 3336.6979999999998654, 1, , , 3336.6979999999998654, 1, , , 3336.6979999999998654, 1, , , 3336.6979999999998654, 1
, , 3336.7040000000001783, 1, , , 3336.7040000000001783, 1, , , 3336.7040000000001783, 1, , , 3336.7040000000001783, 1
, , 3336.7080000000000837, 1, , , 3336.7080000000000837, 1, , , 3336.7080000000000837, 1, , , 3336.7080000000000837, 1
, , 3336.7130000000001928, 1, , , 3336.7130000000001928, 1, , , 3336.7130000000001928, 1, , , 3336.7130000000001928, 1
, , 3336.7179999999998472, 1, , , 3336.7179999999998472, 1, , , 3336.7179999999998472, 1, , , 3336.7179999999998472, 1
, , 3336.7240000000001601, 1, , , 3336.7240000000001601, 1, , , 3336.7240000000001601, 1, , , 3336.7240000000001601, 1
, , 3336.7289999999998145, 1, , , 3336.7289999999998145, 1, , , 3336.7289999999998145, 1, , , 3336.7289999999998145, 1
, , 3336.7330000000001746, 1, , , 3336.7330000000001746, 1, , , 3336.7330000000001746, 1, , , 3336.7330000000001746, 1
, , 3336.7390000000000327, 1, , , 3336.7390000000000327, 1, , , 3336.7390000000000327, 1, , , 3336.7390000000000327, 1
, , 3336.7429999999999382, 1, , , 3336.7429999999999382, 1, , , 3336.7429999999999382, 1, , , 3336.7429999999999382, 1
, , 3336.7489999999997963, 1, , , 3336.7489999999997963, 1, , , 3336.7489999999997963, 1, , , 3336.7489999999997963, 1
, , 3336.7539999999999054, 1, , , 3336.7539999999999054, 1, , , 3336.7539999999999054, 1, , , 3336.7539999999999054, 1
, , 3336.7579999999998108, 1, , , 3336.7579999999998108, 1, , , 3336.7579999999998108, 1, , , 3336.7579999999998108, 1
, , 3336.76299999999992, 1, , , 3336.76299999999992, 1, , , 3336.76299999999992, 1, , , 3336.76299999999992, 1
, , 3336.7680000000000291, 1, , , 3336.7680000000000291, 1, , , 3336.7680000000000291, 1, , , 3336.7680000000000291, 1
, , 3336.7730000000001382, 1, , , 3336.7730000000001382, 0, , , 3336.7730000000001382, 0, , , 3336.7730000000001382, 1
, , 3336.7800000000002001, 1, , , 3336.7800000000002001, 0, , , 3336.7800000000002001, 0, , , 3336.7800000000002001, 1
, , 3336.7829999999999018, 1, , , 3336.7829999999999018, 0, , , 3336.7829999999999018, 0, , , 3336.7829999999999018, 1
, , 3336.7869999999998072, 1, , , 3336.7869999999998072, 0, , , 3336.7869999999998072, 0, , , 3336.7869999999998072, 1
, , 3336.7919999999999163, 1, , , 3336.7919999999999163, 0, , , 3336.7919999999999163, 0, , , 3336.7919999999999163, 1
, , 3336.7989999999999782, 1, , , 3336.7989999999999782, 0, , , 3336.7989999999999782, 0, , , 3336.7989999999999782, 1
, , 3336.8020000000001346, 1, , , 3336.8020000000001346, 0, , , 3336.8020000000001346, 0, , , 3336.8020000000001346, 1
, , 3336.8079999999999927, 1, , , 3336.8079999999999927, 0, , , 3336.8079999999999927, 0, , , 3336.8079999999999927, 1
, , 3336.8130000000001019, 1, , , 3336.8130000000001019, 0, , , 3336.8130000000001019, 0, , , 3336.8130000000001019, 1
, , 3336.81899999999996, 1, , , 3336.81899999999996, 0, , , 3336.81899999999996, 0, , , 3336.81899999999996, 1
, , 3336.8229999999998654, 1, , , 3336.8229999999998654, 0, , , 3336.8229999999998654, 0, , , 3336.8229999999998654, 1
, , 3336.8290000000001783, 1, , , 3336.8290000000001783, 0, , , 3336.8290000000001783, 0, , , 3336.8290000000001783, 1
, , 3336.8330000000000837, 1, , , 3336.8330000000000837, 0, , , 3336.8330000000000837, 0, , , 3336.8330000000000837, 1
, , 3336.8380000000001928, 1, , , 3336.8380000000001928, 0, , , 3336.8380000000001928, 0, , , 3336.8380000000001928, 1
, , 3336.8440000000000509, 1, , , 3336.8440000000000509, 0, , , 3336.8440000000000509, 0, , , 3336.8440000000000509, 1
, , 3336.8479999999999563, 1, , , 3336.8479999999999563, 0, , , 3336.8479999999999563, 0, , , 3336.8479999999999563, 1
, , 3336.8530000000000655, 1, , , 3336.8530000000000655, 0, , , 3336.8530000000000655, 0, , , 3336.8530000000000655, 1
, , 3336.8580000000001746, 1, , , 3336.8580000000001746, 0, , , 3336.8580000000001746, 0, , , 3336.8580000000001746, 1
, , 3336.8640000000000327, 1, , , 3336.8640000000000327, 0, , , 3336.8640000000000327, 0, , , 3336.8640000000000327, 1
, , 3336.8679999999999382, 1, , , 3336.8679999999999382, 0, , , 3336.8679999999999382, 0, , , 3336.8679999999999382, 1
, , 3336.8730000000000473, 1, , , 3336.8730000000000473, 0, , , 3336.8730000000000473, 0, , , 3336.8730000000000473, 1
, , 3336.8780000000001564, 1, , , 3336.8780000000001564, 0, , , 3336.8780000000001564, 0, , , 3336.8780000000001564, 1
, , 3336.8829999999998108, 1, , , 3336.8829999999998108, 0, , , 3336.8829999999998108, 0, , , 3336.8829999999998108, 1
, , 3336.8890000000001237, 1, , , 3336.8890000000001237, 0, , , 3336.8890000000001237, 0, , , 3336.8890000000001237, 1
, , 3336.8930000000000291, 1, , , 3336.8930000000000291, 0, , , 3336.8930000000000291, 0, , , 3336.8930000000000291, 1
, , 3336.8989999999998872, 1, , , 3336.8989999999998872, 0, , , 3336.8989999999998872, 0, , , 3336.8989999999998872, 1
, , 3336.9029999999997926, 1, , , 3336.9029999999997926, 0, , , 3336.9029999999997926, 0, , , 3336.9029999999997926, 1
, , 3336.9090000000001055, 1, , , 3336.9090000000001055, 0, , , 3336.9090000000001055, 0, , , 3336.9090000000001055, 1
, , 3336.9140000000002146, 1, , , 3336.9140000000002146, 0, , , 3336.9140000000002146, 0, , , 3336.9140000000002146, 1
, , 3336.9180000000001201, 1, , , 3336.9180000000001201, 0, , , 3336.9180000000001201, 0, , , 3336.9180000000001201, 1
, , 3336.9229999999997744, 1, , , 3336.9229999999997744, 0, , , 3336.9229999999997744, 0, , , 3336.9229999999997744, 1
, , 3336.9290000000000873, 1, , , 3336.9290000000000873, 0, , , 3336.9290000000000873, 0, , , 3336.9290000000000873, 1
, , 3336.9329999999999927, 1, , , 3336.9329999999999927, 0, , , 3336.9329999999999927, 0, , , 3336.9329999999999927, 1
, , 3336.9389999999998508, 1, , , 3336.9389999999998508, 0, , , 3336.9389999999998508, 0, , , 3336.9389999999998508, 1
, , 3336.943000000000211, 1, , , 3336.943000000000211, 0, , , 3336.943000000000211, 0, , , 3336.943000000000211, 1
, , 3336.9479999999998654, 1, , , 3336.9479999999998654, 0, , , 3336.9479999999998654, 0, , , 3336.9479999999998654, 1
, , 3336.9529999999999745, 1, , , 3336.9529999999999745, 0, , , 3336.9529999999999745, 0, , , 3336.9529999999999745, 1
, , 3336.9580000000000837, 1, , , 3336.9580000000000837, 0, , , 3336.9580000000000837, 0, , , 3336.9580000000000837, 1
, , 3336.9630000000001928, 1, , , 3336.9630000000001928, 0, , , 3336.9630000000001928, 0, , , 3336.9630000000001928, 1
, , 3336.9679999999998472, 1, , , 3336.9679999999998472, 0, , , 3336.9679999999998472, 0, , , 3336.9679999999998472, 1
, , 3336.9729999999999563, 1, , , 3336.9729999999999563, 0, , , 3336.9729999999999563, 0, , , 3336.9729999999999563, 1
, , 3336.9780000000000655, 1, , , 3336.9780000000000655, 0, , , 3336.9780000000000655, 0, , , 3336.9780000000000655, 1
, , 3336.9830000000001746, 1, , , 3336.9830000000001746, 0, , , 3336.9830000000001746, 0, , , 3336.9830000000001746, 1
, , 3336.9890000000000327, 1, , , 3336.9890000000000327, 0, , , 3336.9890000000000327, 0, , , 3336.9890000000000327, 1
, , 3336.9929999999999382, 1, , , 3336.9929999999999382, 0, , , 3336.9929999999999382, 0, , , 3336.9929999999999382, 1
, , 3336.9980000000000473, 1, , , 3336.9980000000000473, 0, , , 3336.9980000000000473, 0, , , 3336.9980000000000473, 1
, , 3337.0030000000001564, 1, , , 3337.0030000000001564, 0, , , 3337.0030000000001564, 0, , , 3337.0030000000001564, 1
, , 3337.0079999999998108, 1, , , 3337.0079999999998108, 0, , , 3337.0079999999998108, 0, , , 3337.0079999999998108, 1
, , 3337.0140000000001237, 1, , , 3337.0140000000001237, 0, , , 3337.0140000000001237, 0, , , 3337.0140000000001237, 1
, , 3337.0180000000000291, 1, , , 3337.0180000000000291, 0, , , 3337.0180000000000291, 0, , , 3337.0180000000000291, 1
, , 3337.0279999999997926, 1, , , 3337.0279999999997926, 1, , , 3337.0279999999997926, 1, , , 3337.0279999999997926, 1
, , 3337.0289999999999964, 1, , , 3337.0289999999999964, 1, , , 3337.0289999999999964, 1, , , 3337.0289999999999964, 1
, , 3337.0329999999999018, 1, , , 3337.0329999999999018, 1, , , 3337.0329999999999018, 1, , , 3337.0329999999999018, 1
, , 3337.0380000000000109, 1, , , 3337.0380000000000109, 1, , , 3337.0380000000000109, 1, , , 3337.0380000000000109, 1
, , 3337.0450000000000728, 1, , , 3337.0450000000000728, 1, , , 3337.0450000000000728, 1, , , 3337.0450000000000728, 1
, , 3337.0479999999997744, 1, , , 3337.0479999999997744, 1, , , 3337.0479999999997744, 1, , , 3337.0479999999997744, 1
, , 3337.0549999999998363, 1, , , 3337.0549999999998363, 1, , , 3337.0549999999998363, 1, , , 3337.0549999999998363, 1
, , 3337.0579999999999927, 1, , , 3337.0579999999999927, 1, , , 3337.0579999999999927, 1, , , 3337.0579999999999927, 1
, , 3337.0630000000001019, 1, , , 3337.0630000000001019, 1, , , 3337.0630000000001019, 1, , , 3337.0630000000001019, 1
, , 3337.06899999999996, 1, , , 3337.06899999999996, 1, , , 3337.06899999999996, 1, , , 3337.06899999999996, 1
, , 3337.0729999999998654, 1, , , 3337.0729999999998654, 1, , , 3337.0729999999998654, 1, , , 3337.0729999999998654, 1
, , 3337.0779999999999745, 1, , , 3337.0779999999999745, 1, , , 3337.0779999999999745, 1, , , 3337.0779999999999745, 1
, , 3337.0830000000000837, 1, , , 3337.0830000000000837, 1, , , 3337.0830000000000837, 1, , , 3337.0830000000000837, 1
, , 3337.0880000000001928, 1, , , 3337.0880000000001928, 1, , , 3337.0880000000001928, 1, , , 3337.0880000000001928, 1
, , 3337.0929999999998472, 1, , , 3337.0929999999998472, 1, , , 3337.0929999999998472, 1, , , 3337.0929999999998472, 1
, , 3337.0979999999999563, 0, , , 3337.0979999999999563, 1, , , 3337.0979999999999563, 1, , , 3337.0979999999999563, 0
, , 3337.1019999999998618, 0, , , 3337.1019999999998618, 1, , , 3337.1019999999998618, 1, , , 3337.1019999999998618, 0
, , 3337.1089999999999236, 0, , , 3337.1089999999999236, 1, , , 3337.1089999999999236, 1, , , 3337.1089999999999236, 0
, , 3337.1140000000000327, 0, , , 3337.1140000000000327, 1, , , 3337.1140000000000327, 1, , , 3337.1140000000000327, 0
, , 3337.1190000000001419, 0, , , 3337.1190000000001419, 1, , , 3337.1190000000001419, 1, , , 3337.1190000000001419, 0
, , 3337.1230000000000473, 0, , , 3337.1230000000000473, 1, , , 3337.1230000000000473, 1, , , 3337.1230000000000473, 0
, , 3337.1289999999999054, 0, , , 3337.1289999999999054, 1, , , 3337.1289999999999054, 1, , , 3337.1289999999999054, 0
, , 3337.1340000000000146, 0, , , 3337.1340000000000146, 1, , , 3337.1340000000000146, 1, , , 3337.1340000000000146, 0
, , 3337.1390000000001237, 0, , , 3337.1390000000001237, 1, , , 3337.1390000000001237, 1, , , 3337.1390000000001237, 0
, , 3337.1439999999997781, 0, , , 3337.1439999999997781, 1, , , 3337.1439999999997781, 1, , , 3337.1439999999997781, 0
, , 3337.1480000000001382, 0, , , 3337.1480000000001382, 1, , , 3337.1480000000001382, 1, , , 3337.1480000000001382, 0
, , 3337.1539999999999964, 0, , , 3337.1539999999999964, 1, , , 3337.1539999999999964, 1, , , 3337.1539999999999964, 0
, , 3337.1579999999999018, 0, , , 3337.1579999999999018, 1, , , 3337.1579999999999018, 1, , , 3337.1579999999999018, 0
, , 3337.1619999999998072, 0, , , 3337.1619999999998072, 1, , , 3337.1619999999998072, 1, , , 3337.1619999999998072, 0
, , 3337.1669999999999163, 0, , , 3337.1669999999999163, 1, , , 3337.1669999999999163, 1, , , 3337.1669999999999163, 0
, , 3337.1729999999997744, 0, , , 3337.1729999999997744, 1, , , 3337.1729999999997744, 1, , , 3337.1729999999997744, 0
, , 3337.1779999999998836, 0, , , 3337.1779999999998836, 1, , , 3337.1779999999998836, 1, , , 3337.1779999999998836, 0
, , 3337.1829999999999927, 0, , , 3337.1829999999999927, 1, , , 3337.1829999999999927, 1, , , 3337.1829999999999927, 0
, , 3337.1880000000001019, 0, , , 3337.1880000000001019, 1, , , 3337.1880000000001019, 1, , , 3337.1880000000001019, 0
, , 3337.193000000000211, 0, , , 3337.193000000000211, 1, , , 3337.193000000000211, 1, , , 3337.193000000000211, 0
, , 3337.1990000000000691, 0, , , 3337.1990000000000691, 1, , , 3337.1990000000000691, 1, , , 3337.1990000000000691, 0
, , 3337.2040000000001783, 0, , , 3337.2040000000001783, 1, , , 3337.2040000000001783, 1, , , 3337.2040000000001783, 0
, , 3337.2089999999998327, 0, , , 3337.2089999999998327, 1, , , 3337.2089999999998327, 1, , , 3337.2089999999998327, 0
, , 3337.2130000000001928, 0, , , 3337.2130000000001928, 1, , , 3337.2130000000001928, 1, , , 3337.2130000000001928, 0
, , 3337.2179999999998472, 0, , , 3337.2179999999998472, 1, , , 3337.2179999999998472, 1, , , 3337.2179999999998472, 0
, , 3337.2229999999999563, 0, , , 3337.2229999999999563, 1, , , 3337.2229999999999563, 1, , , 3337.2229999999999563, 0
, , 3337.2280000000000655, 0, , , 3337.2280000000000655, 1, , , 3337.2280000000000655, 1, , , 3337.2280000000000655, 0
, , 3337.2330000000001746, 0, , , 3337.2330000000001746, 1, , , 3337.2330000000001746, 1, , , 3337.2330000000001746, 0
, , 3337.237999999999829, 0, , , 3337.237999999999829, 1, , , 3337.237999999999829, 1, , , 3337.237999999999829, 0
, , 3337.2429999999999382, 0, , , 3337.2429999999999382, 1, , , 3337.2429999999999382, 1, , , 3337.2429999999999382, 0
, , 3337.2489999999997963, 0, , , 3337.2489999999997963, 1, , , 3337.2489999999997963, 1, , , 3337.2489999999997963, 0
, , 3337.2530000000001564, 0, , , 3337.2530000000001564, 1, , , 3337.2530000000001564, 1, , , 3337.2530000000001564, 0
, , 3337.2579999999998108, 0, , , 3337.2579999999998108, 1, , , 3337.2579999999998108, 1, , , 3337.2579999999998108, 0
, , 3337.2640000000001237, 0, , , 3337.2640000000001237, 1, , , 3337.2640000000001237, 1, , , 3337.2640000000001237, 0
, , 3337.2680000000000291, 0, , , 3337.2680000000000291, 1, , , 3337.2680000000000291, 1, , , 3337.2680000000000291, 0
, , 3337.2739999999998872, 0, , , 3337.2739999999998872, 1, , , 3337.2739999999998872, 1, , , 3337.2739999999998872, 0
, , 3337.2789999999999964, 0, , , 3337.2789999999999964, 1, , , 3337.2789999999999964, 1, , , 3337.2789999999999964, 0
, , 3337.2829999999999018, 0, , , 3337.2829999999999018, 1, , , 3337.2829999999999018, 1, , , 3337.2829999999999018, 0
, , 3337.2880000000000109, 0, , , 3337.2880000000000109, 1, , , 3337.2880000000000109, 1, , , 3337.2880000000000109, 0
, , 3337.293999999999869, 0, , , 3337.293999999999869, 1, , , 3337.293999999999869, 1, , , 3337.293999999999869, 0
, , 3337.2979999999997744, 0, , , 3337.2979999999997744, 1, , , 3337.2979999999997744, 1, , , 3337.2979999999997744, 0
, , 3337.3040000000000873, 0, , , 3337.3040000000000873, 1, , , 3337.3040000000000873, 1, , , 3337.3040000000000873, 0
, , 3337.3090000000001965, 0, , , 3337.3090000000001965, 1, , , 3337.3090000000001965, 1, , , 3337.3090000000001965, 0
, , 3337.3130000000001019, 0, , , 3337.3130000000001019, 1, , , 3337.3130000000001019, 1, , , 3337.3130000000001019, 0
, , 3337.31899999999996, 0, , , 3337.31899999999996, 1, , , 3337.31899999999996, 1, , , 3337.31899999999996, 0
, , 3337.3240000000000691, 0, , , 3337.3240000000000691, 1, , , 3337.3240000000000691, 1, , , 3337.3240000000000691, 0
, , 3337.3279999999999745, 0, , , 3337.3279999999999745, 1, , , 3337.3279999999999745, 1, , , 3337.3279999999999745, 0
, , 3337.3330000000000837, 0, , , 3337.3330000000000837, 1, , , 3337.3330000000000837, 1, , , 3337.3330000000000837, 0
, , 3337.3389999999999418, 0, , , 3337.3389999999999418, 1, , , 3337.3389999999999418, 1, , , 3337.3389999999999418, 0
, , 3337.3429999999998472, 0, , , 3337.3429999999998472, 1, , , 3337.3429999999998472, 1, , , 3337.3429999999998472, 0
, , 3337.3479999999999563, 0, , , 3337.3479999999999563, 1, , , 3337.3479999999999563, 1, , , 3337.3479999999999563, 0
, , 3337.3550000000000182, 1, , , 3337.3550000000000182, 1, , , 3337.3550000000000182, 1, , , 3337.3550000000000182, 1
, , 3337.3580000000001746, 1, , , 3337.3580000000001746, 1, , , 3337.3580000000001746, 1, , , 3337.3580000000001746, 1
, , 3337.3640000000000327, 1, , , 3337.3640000000000327, 1, , , 3337.3640000000000327, 1, , , 3337.3640000000000327, 1
, , 3337.3679999999999382, 1, , , 3337.3679999999999382, 1, , , 3337.3679999999999382, 1, , , 3337.3679999999999382, 1
, , 3337.3739999999997963, 1, , , 3337.3739999999997963, 1, , , 3337.3739999999997963, 1, , , 3337.3739999999997963, 1
, , 3337.3780000000001564, 1, , , 3337.3780000000001564, 1, , , 3337.3780000000001564, 1, , , 3337.3780000000001564, 1
, , 3337.3829999999998108, 1, , , 3337.3829999999998108, 1, , , 3337.3829999999998108, 1, , , 3337.3829999999998108, 1
, , 3337.38799999999992, 1, , , 3337.38799999999992, 1, , , 3337.38799999999992, 1, , , 3337.38799999999992, 1
, , 3337.3930000000000291, 1, , , 3337.3930000000000291, 1, , , 3337.3930000000000291, 1, , , 3337.3930000000000291, 1
, , 3337.3980000000001382, 1, , , 3337.3980000000001382, 1, , , 3337.3980000000001382, 1, , , 3337.3980000000001382, 1
, , 3337.4029999999997926, 1, , , 3337.4029999999997926, 1, , , 3337.4029999999997926, 1, , , 3337.4029999999997926, 1
, , 3337.4079999999999018, 1, , , 3337.4079999999999018, 1, , , 3337.4079999999999018, 1, , , 3337.4079999999999018, 1
, , 3337.4130000000000109, 1, , , 3337.4130000000000109, 1, , , 3337.4130000000000109, 1, , , 3337.4130000000000109, 1
, , 3337.4180000000001201, 1, , , 3337.4180000000001201, 1, , , 3337.4180000000001201, 1, , , 3337.4180000000001201, 1
, , 3337.4229999999997744, 1, , , 3337.4229999999997744, 1, , , 3337.4229999999997744, 1, , , 3337.4229999999997744, 1
, , 3337.4290000000000873, 1, , , 3337.4290000000000873, 0, , , 3337.4290000000000873, 0, , , 3337.4290000000000873, 1
, , 3337.4329999999999927, 1, , , 3337.4329999999999927, 0, , , 3337.4329999999999927, 0, , , 3337.4329999999999927, 1
, , 3337.4389999999998508, 1, , , 3337.4389999999998508, 0, , , 3337.4389999999998508, 0, , , 3337.4389999999998508, 1
, , 3337.443000000000211, 1, , , 3337.443000000000211, 0, , , 3337.443000000000211, 0, , , 3337.443000000000211, 1
, , 3337.4490000000000691, 1, , , 3337.4490000000000691, 0, , , 3337.4490000000000691, 0, , , 3337.4490000000000691, 1
, , 3337.4540000000001783, 1, , , 3337.4540000000001783, 0, , , 3337.4540000000001783, 0, , , 3337.4540000000001783, 1
, , 3337.4600000000000364, 1, , , 3337.4600000000000364, 0, , , 3337.4600000000000364, 0, , , 3337.4600000000000364, 1
, , 3337.4630000000001928, 1, , , 3337.4630000000001928, 0, , , 3337.4630000000001928, 0, , , 3337.4630000000001928, 1
, , 3337.4690000000000509, 1, , , 3337.4690000000000509, 0, , , 3337.4690000000000509, 0, , , 3337.4690000000000509, 1
, , 3337.4729999999999563, 1, , , 3337.4729999999999563, 0, , , 3337.4729999999999563, 0, , , 3337.4729999999999563, 1
, , 3337.4780000000000655, 1, , , 3337.4780000000000655, 0, , , 3337.4780000000000655, 0, , , 3337.4780000000000655, 1
, , 3337.4839999999999236, 1, , , 3337.4839999999999236, 0, , , 3337.4839999999999236, 0, , , 3337.4839999999999236, 1
, , 3337.4899999999997817, 1, , , 3337.4899999999997817, 0, , , 3337.4899999999997817, 0, , , 3337.4899999999997817, 1
, , 3337.4929999999999382, 1, , , 3337.4929999999999382, 0, , , 3337.4929999999999382, 0, , , 3337.4929999999999382, 1
, , 3337.4989999999997963, 1, , , 3337.4989999999997963, 0, , , 3337.4989999999997963, 0, , , 3337.4989999999997963, 1
, , 3337.5030000000001564, 1, , , 3337.5030000000001564, 0, , , 3337.5030000000001564, 0, , , 3337.5030000000001564, 1
, , 3337.5079999999998108, 1, , , 3337.5079999999998108, 0, , , 3337.5079999999998108, 0, , , 3337.5079999999998108, 1
, , 3337.51299999999992, 1, , , 3337.51299999999992, 0, , , 3337.51299999999992, 0, , , 3337.51299999999992, 1
, , 3337.5180000000000291, 1, , , 3337.5180000000000291, 0, , , 3337.5180000000000291, 0, , , 3337.5180000000000291, 1
, , 3337.5239999999998872, 1, , , 3337.5239999999998872, 0, , , 3337.5239999999998872, 0, , , 3337.5239999999998872, 1
, , 3337.5279999999997926, 1, , , 3337.5279999999997926, 0, , , 3337.5279999999997926, 0, , , 3337.5279999999997926, 1
, , 3337.5329999999999018, 1, , , 3337.5329999999999018, 0, , , 3337.5329999999999018, 0, , , 3337.5329999999999018, 1
, , 3337.5390000000002146, 1, , , 3337.5390000000002146, 0, , , 3337.5390000000002146, 0, , , 3337.5390000000002146, 1
, , 3337.543999999999869, 1, , , 3337.543999999999869, 0, , , 3337.543999999999869, 0, , , 3337.543999999999869, 1
, , 3337.5479999999997744, 1, , , 3337.5479999999997744, 0, , , 3337.5479999999997744, 0, , , 3337.5479999999997744, 1
, , 3337.5529999999998836, 1, , , 3337.5529999999998836, 0, , , 3337.5529999999998836, 0, , , 3337.5529999999998836, 1
, , 3337.5579999999999927, 1, , , 3337.5579999999999927, 0, , , 3337.5579999999999927, 0, , , 3337.5579999999999927, 1
, , 3337.5630000000001019, 1, , , 3337.5630000000001019, 0, , , 3337.5630000000001019, 0, , , 3337.5630000000001019, 1
, , 3337.568000000000211, 1, , , 3337.568000000000211, 0, , , 3337.568000000000211, 0, , , 3337.568000000000211, 1
, , 3337.5740000000000691, 1, , , 3337.5740000000000691, 0, , , 3337.5740000000000691, 0, , , 3337.5740000000000691, 1
, , 3337.5779999999999745, 1, , , 3337.5779999999999745, 0, , , 3337.5779999999999745, 0, , , 3337.5779999999999745, 1
, , 3337.5830000000000837, 1, , , 3337.5830000000000837, 0, , , 3337.5830000000000837, 0, , , 3337.5830000000000837, 1
, , 3337.5880000000001928, 1, , , 3337.5880000000001928, 0, , , 3337.5880000000001928, 0, , , 3337.5880000000001928, 1
, , 3337.5929999999998472, 1, , , 3337.5929999999998472, 0, , , 3337.5929999999998472, 0, , , 3337.5929999999998472, 1
, , 3337.5990000000001601, 1, , , 3337.5990000000001601, 0, , , 3337.5990000000001601, 0, , , 3337.5990000000001601, 1
, , 3337.6030000000000655, 1, , , 3337.6030000000000655, 0, , , 3337.6030000000000655, 0, , , 3337.6030000000000655, 1
, , 3337.6100000000001273, 1, , , 3337.6100000000001273, 0, , , 3337.6100000000001273, 0, , , 3337.6100000000001273, 1
, , 3337.6140000000000327, 1, , , 3337.6140000000000327, 0, , , 3337.6140000000000327, 0, , , 3337.6140000000000327, 1
, , 3337.6179999999999382, 1, , , 3337.6179999999999382, 0, , , 3337.6179999999999382, 0, , , 3337.6179999999999382, 1
, , 3337.6230000000000473, 1, , , 3337.6230000000000473, 0, , , 3337.6230000000000473, 0, , , 3337.6230000000000473, 1
, , 3337.6280000000001564, 1, , , 3337.6280000000001564, 0, , , 3337.6280000000001564, 0, , , 3337.6280000000001564, 1
, , 3337.6329999999998108, 1, , , 3337.6329999999998108, 0, , , 3337.6329999999998108, 0, , , 3337.6329999999998108, 1
, , 3337.6399999999998727, 1, , , 3337.6399999999998727, 0, , , 3337.6399999999998727, 0, , , 3337.6399999999998727, 1
, , 3337.6430000000000291, 1, , , 3337.6430000000000291, 0, , , 3337.6430000000000291, 0, , , 3337.6430000000000291, 1
, , 3337.6489999999998872, 1, , , 3337.6489999999998872, 0, , , 3337.6489999999998872, 0, , , 3337.6489999999998872, 1
, , 3337.6529999999997926, 1, , , 3337.6529999999997926, 0, , , 3337.6529999999997926, 0, , , 3337.6529999999997926, 1
, , 3337.6590000000001055, 1, , , 3337.6590000000001055, 0, , , 3337.6590000000001055, 0, , , 3337.6590000000001055, 1
, , 3337.6630000000000109, 1, , , 3337.6630000000000109, 0, , , 3337.6630000000000109, 0, , , 3337.6630000000000109, 1
, , 3337.6680000000001201, 1, , , 3337.6680000000001201, 0, , , 3337.6680000000001201, 0, , , 3337.6680000000001201, 1
, , 3337.6739999999999782, 1, , , 3337.6739999999999782, 0, , , 3337.6739999999999782, 0, , , 3337.6739999999999782, 1
, , 3337.68100000000004, 1, , , 3337.68100000000004, 1, , , 3337.68100000000004, 1, , , 3337.68100000000004, 1
, , 3337.6829999999999927, 1, , , 3337.6829999999999927, 1, , , 3337.6829999999999927, 1, , , 3337.6829999999999927, 1
, , 3337.6880000000001019, 1, , , 3337.6880000000001019, 1, , , 3337.6880000000001019, 1, , , 3337.6880000000001019, 1
, , 3337.6959999999999127, 1, , , 3337.6959999999999127, 1, , , 3337.6959999999999127, 1, , , 3337.6959999999999127, 1
, , 3337.6979999999998654, 1, , , 3337.6979999999998654, 1, , , 3337.6979999999998654, 1, , , 3337.6979999999998654, 1
, , 3337.7029999999999745, 1, , , 3337.7029999999999745, 1, , , 3337.7029999999999745, 1, , , 3337.7029999999999745, 1
, , 3337.7080000000000837, 1, , , 3337.7080000000000837, 1, , , 3337.7080000000000837, 1, , , 3337.7080000000000837, 1
, , 3337.7130000000001928, 1, , , 3337.7130000000001928, 1, , , 3337.7130000000001928, 1, , , 3337.7130000000001928, 1
, , 3337.7179999999998472, 1, , , 3337.7179999999998472, 1, , , 3337.7179999999998472, 1, , , 3337.7179999999998472, 1
, , 3337.7240000000001601, 1, , , 3337.7240000000001601, 1, , , 3337.7240000000001601, 1, , , 3337.7240000000001601, 1
, , 3337.7280000000000655, 1, , , 3337.7280000000000655, 1, , , 3337.7280000000000655, 1, , , 3337.7280000000000655, 1
, , 3337.7350000000001273, 1, , , 3337.7350000000001273, 1, , , 3337.7350000000001273, 1, , , 3337.7350000000001273, 1
, , 3337.737999999999829, 1, , , 3337.737999999999829, 1, , , 3337.737999999999829, 1, , , 3337.737999999999829, 1
, , 3337.7440000000001419, 1, , , 3337.7440000000001419, 1, , , 3337.7440000000001419, 1, , , 3337.7440000000001419, 1
, , 3337.7489999999997963, 1, , , 3337.7489999999997963, 1, , , 3337.7489999999997963, 1, , , 3337.7489999999997963, 1
, , 3337.7530000000001564, 0, , , 3337.7530000000001564, 1, , , 3337.7530000000001564, 1, , , 3337.7530000000001564, 0
, , 3337.7600000000002183, 0, , , 3337.7600000000002183, 1, , , 3337.7600000000002183, 1, , , 3337.7600000000002183, 0
, , 3337.76299999999992, 0, , , 3337.76299999999992, 1, , , 3337.76299999999992, 1, , , 3337.76299999999992, 0
, , 3337.7680000000000291, 0, , , 3337.7680000000000291, 1, , , 3337.7680000000000291, 1, , , 3337.7680000000000291, 0
, , 3337.7730000000001382, 0, , , 3337.7730000000001382, 1, , , 3337.7730000000001382, 1, , , 3337.7730000000001382, 0
, , 3337.7779999999997926, 0, , , 3337.7779999999997926, 1, , , 3337.7779999999997926, 1, , , 3337.7779999999997926, 0
, , 3337.7849999999998545, 0, , , 3337.7849999999998545, 1, , , 3337.7849999999998545, 1, , , 3337.7849999999998545, 0
, , 3337.7890000000002146, 0, , , 3337.7890000000002146, 1, , , 3337.7890000000002146, 1, , , 3337.7890000000002146, 0
, , 3337.793999999999869, 0, , , 3337.793999999999869, 1, , , 3337.793999999999869, 1, , , 3337.793999999999869, 0
, , 3337.7979999999997744, 0, , , 3337.7979999999997744, 1, , , 3337.7979999999997744, 1, , , 3337.7979999999997744, 0
, , 3337.8029999999998836, 0, , , 3337.8029999999998836, 1, , , 3337.8029999999998836, 1, , , 3337.8029999999998836, 0
, , 3337.8079999999999927, 0, , , 3337.8079999999999927, 1, , , 3337.8079999999999927, 1, , , 3337.8079999999999927, 0
, , 3337.8130000000001019, 0, , , 3337.8130000000001019, 1, , , 3337.8130000000001019, 1, , , 3337.8130000000001019, 0
, , 3337.818000000000211, 0, , , 3337.818000000000211, 1, , , 3337.818000000000211, 1, , , 3337.818000000000211, 0
, , 3337.8229999999998654, 0, , , 3337.8229999999998654, 1, , , 3337.8229999999998654, 1, , , 3337.8229999999998654, 0
, , 3337.8279999999999745, 0, , , 3337.8279999999999745, 1, , , 3337.8279999999999745, 1, , , 3337.8279999999999745, 0
, , 3337.8330000000000837, 0, , , 3337.8330000000000837, 1, , , 3337.8330000000000837, 1, , , 3337.8330000000000837, 0
, , 3337.8380000000001928, 0, , , 3337.8380000000001928, 1, , , 3337.8380000000001928, 1, , , 3337.8380000000001928, 0
, , 3337.8429999999998472, 0, , , 3337.8429999999998472, 1, , , 3337.8429999999998472, 1, , , 3337.8429999999998472, 0
, , 3337.8479999999999563, 0, , , 3337.8479999999999563, 1, , , 3337.8479999999999563, 1, , , 3337.8479999999999563, 0
, , 3337.8530000000000655, 0, , , 3337.8530000000000655, 1, , , 3337.8530000000000655, 1, , , 3337.8530000000000655, 0
, , 3337.8580000000001746, 0, , , 3337.8580000000001746, 1, , , 3337.8580000000001746, 1, , , 3337.8580000000001746, 0
, , 3337.8640000000000327, 0, , , 3337.8640000000000327, 1, , , 3337.8640000000000327, 1, , , 3337.8640000000000327, 0
, , 3337.8679999999999382, 0, , , 3337.8679999999999382, 1, , , 3337.8679999999999382, 1, , , 3337.8679999999999382, 0
, , 3337.8719999999998436, 0, , , 3337.8719999999998436, 1, , , 3337.8719999999998436, 1, , , 3337.8719999999998436, 0
, , 3337.8789999999999054, 0, , , 3337.8789999999999054, 1, , , 3337.8789999999999054, 1, , , 3337.8789999999999054, 0
, , 3337.8829999999998108, 0, , , 3337.8829999999998108, 1, , , 3337.8829999999998108, 1, , , 3337.8829999999998108, 0
, , 3337.8899999999998727, 0, , , 3337.8899999999998727, 1, , , 3337.8899999999998727, 1, , , 3337.8899999999998727, 0
, , 3337.8930000000000291, 0, , , 3337.8930000000000291, 1, , , 3337.8930000000000291, 1, , , 3337.8930000000000291, 0
, , 3337.8980000000001382, 0, , , 3337.8980000000001382, 1, , , 3337.8980000000001382, 1, , , 3337.8980000000001382, 0
, , 3337.9029999999997926, 0, , , 3337.9029999999997926, 1, , , 3337.9029999999997926, 1, , , 3337.9029999999997926, 0
, , 3337.9070000000001528, 0, , , 3337.9070000000001528, 1, , , 3337.9070000000001528, 1, , , 3337.9070000000001528, 0
, , 3337.9130000000000109, 0, , , 3337.9130000000000109, 1, , , 3337.9130000000000109, 1, , , 3337.9130000000000109, 0
, , 3337.9180000000001201, 0, , , 3337.9180000000001201, 1, , , 3337.9180000000001201, 1, , , 3337.9180000000001201, 0
, , 3337.9239999999999782, 0, , , 3337.9239999999999782, 1, , , 3337.9239999999999782, 1, , , 3337.9239999999999782, 0
, , 3337.9279999999998836, 0, , , 3337.9279999999998836, 1, , , 3337.9279999999998836, 1, , , 3337.9279999999998836, 0
, , 3337.9329999999999927, 0, , , 3337.9329999999999927, 1, , , 3337.9329999999999927, 1, , , 3337.9329999999999927, 0
, , 3337.9389999999998508, 0, , , 3337.9389999999998508, 1, , , 3337.9389999999998508, 1, , , 3337.9389999999998508, 0
, , 3337.943000000000211, 0, , , 3337.943000000000211, 1, , , 3337.943000000000211, 1, , , 3337.943000000000211, 0
, , 3337.9479999999998654, 0, , , 3337.9479999999998654, 1, , , 3337.9479999999998654, 1, , , 3337.9479999999998654, 0
, , 3337.9540000000001783, 0, , , 3337.9540000000001783, 1, , , 3337.9540000000001783, 1, , , 3337.9540000000001783, 0
, , 3337.9580000000000837, 0, , , 3337.9580000000000837, 1, , , 3337.9580000000000837, 1, , , 3337.9580000000000837, 0
, , 3337.9639999999999418, 0, , , 3337.9639999999999418, 1, , , 3337.9639999999999418, 1, , , 3337.9639999999999418, 0
, , 3337.9679999999998472, 0, , , 3337.9679999999998472, 1, , , 3337.9679999999998472, 1, , , 3337.9679999999998472, 0
, , 3337.9729999999999563, 0, , , 3337.9729999999999563, 1, , , 3337.9729999999999563, 1, , , 3337.9729999999999563, 0
, , 3337.9780000000000655, 0, , , 3337.9780000000000655, 1, , , 3337.9780000000000655, 1, , , 3337.9780000000000655, 0
, , 3337.9839999999999236, 0, , , 3337.9839999999999236, 1, , , 3337.9839999999999236, 1, , , 3337.9839999999999236, 0
, , 3337.9890000000000327, 0, , , 3337.9890000000000327, 1, , , 3337.9890000000000327, 1, , , 3337.9890000000000327, 0
, , 3337.9929999999999382, 0, , , 3337.9929999999999382, 1, , , 3337.9929999999999382, 1, , , 3337.9929999999999382, 0
, , 3337.9980000000000473, 0, , , 3337.9980000000000473, 1, , , 3337.9980000000000473, 1, , , 3337.9980000000000473, 0
, , 3338.0039999999999054, 1, , , 3338.0039999999999054, 1, , , 3338.0039999999999054, 1, , , 3338.0039999999999054, 1
, , 3338.0079999999998108, 1, , , 3338.0079999999998108, 1, , , 3338.0079999999998108, 1, , , 3338.0079999999998108, 1
, , 3338.012000000000171, 1, , , 3338.012000000000171, 1, , , 3338.012000000000171, 1, , , 3338.012000000000171, 1
, , 3338.0180000000000291, 1, , , 3338.0180000000000291, 1, , , 3338.0180000000000291, 1, , , 3338.0180000000000291, 1
, , 3338.0239999999998872, 1, , , 3338.0239999999998872, 1, , , 3338.0239999999998872, 1, , , 3338.0239999999998872, 1
, , 3338.0289999999999964, 1, , , 3338.0289999999999964, 1, , , 3338.0289999999999964, 1, , , 3338.0289999999999964, 1
, , 3338.0329999999999018, 1, , , 3338.0329999999999018, 1, , , 3338.0329999999999018, 1, , , 3338.0329999999999018, 1
, , 3338.0390000000002146, 1, , , 3338.0390000000002146, 1, , , 3338.0390000000002146, 1, , , 3338.0390000000002146, 1
, , 3338.043999999999869, 1, , , 3338.043999999999869, 1, , , 3338.043999999999869, 1, , , 3338.043999999999869, 1
, , 3338.0479999999997744, 1, , , 3338.0479999999997744, 1, , , 3338.0479999999997744, 1, , , 3338.0479999999997744, 1
, , 3338.0540000000000873, 1, , , 3338.0540000000000873, 1, , , 3338.0540000000000873, 1, , , 3338.0540000000000873, 1
, , 3338.0579999999999927, 1, , , 3338.0579999999999927, 1, , , 3338.0579999999999927, 1, , , 3338.0579999999999927, 1
, , 3338.0639999999998508, 1, , , 3338.0639999999998508, 1, , , 3338.0639999999998508, 1, , , 3338.0639999999998508, 1
, , 3338.068000000000211, 1, , , 3338.068000000000211, 1, , , 3338.068000000000211, 1, , , 3338.068000000000211, 1
, , 3338.0729999999998654, 1, , , 3338.0729999999998654, 1, , , 3338.0729999999998654, 1, , , 3338.0729999999998654, 1
, , 3338.0779999999999745, 1, , , 3338.0779999999999745, 0, , , 3338.0779999999999745, 0, , , 3338.0779999999999745, 1
, , 3338.0830000000000837, 1, , , 3338.0830000000000837, 0, , , 3338.0830000000000837, 0, , , 3338.0830000000000837, 1
, , 3338.0889999999999418, 1, , , 3338.0889999999999418, 0, , , 3338.0889999999999418, 0, , , 3338.0889999999999418, 1
, , 3338.0929999999998472, 1, , , 3338.0929999999998472, 0, , , 3338.0929999999998472, 0, , , 3338.0929999999998472, 1
, , 3338.0979999999999563, 1, , , 3338.0979999999999563, 0, , , 3338.0979999999999563, 0, , , 3338.0979999999999563, 1
, , 3338.1030000000000655, 1, , , 3338.1030000000000655, 0, , , 3338.1030000000000655, 0, , , 3338.1030000000000655, 1
, , 3338.1080000000001746, 1, , , 3338.1080000000001746, 0, , , 3338.1080000000001746, 0, , , 3338.1080000000001746, 1
, , 3338.112999999999829, 1, , , 3338.112999999999829, 0, , , 3338.112999999999829, 0, , , 3338.112999999999829, 1
, , 3338.1179999999999382, 1, , , 3338.1179999999999382, 0, , , 3338.1179999999999382, 0, , , 3338.1179999999999382, 1
, , 3338.1230000000000473, 1, , , 3338.1230000000000473, 0, , , 3338.1230000000000473, 0, , , 3338.1230000000000473, 1
, , 3338.1280000000001564, 1, , , 3338.1280000000001564, 0, , , 3338.1280000000001564, 0, , , 3338.1280000000001564, 1
, , 3338.1329999999998108, 1, , , 3338.1329999999998108, 0, , , 3338.1329999999998108, 0, , , 3338.1329999999998108, 1
, , 3338.1390000000001237, 1, , , 3338.1390000000001237, 0, , , 3338.1390000000001237, 0, , , 3338.1390000000001237, 1
, , 3338.1430000000000291, 1, , , 3338.1430000000000291, 0, , , 3338.1430000000000291, 0, , , 3338.1430000000000291, 1
, , 3338.1480000000001382, 1, , , 3338.1480000000001382, 0, , , 3338.1480000000001382, 0, , , 3338.1480000000001382, 1
, , 3338.1529999999997926, 1, , , 3338.1529999999997926, 0, , , 3338.1529999999997926, 0, , , 3338.1529999999997926, 1
, , 3338.1579999999999018, 1, , , 3338.1579999999999018, 0, , , 3338.1579999999999018, 0, , , 3338.1579999999999018, 1
, , 3338.1640000000002146, 1, , , 3338.1640000000002146, 0, , , 3338.1640000000002146, 0, , , 3338.1640000000002146, 1
, , 3338.1680000000001201, 1, , , 3338.1680000000001201, 0, , , 3338.1680000000001201, 0, , , 3338.1680000000001201, 1
, , 3338.1739999999999782, 1, , , 3338.1739999999999782, 0, , , 3338.1739999999999782, 0, , , 3338.1739999999999782, 1
, , 3338.1779999999998836, 1, , , 3338.1779999999998836, 0, , , 3338.1779999999998836, 0, , , 3338.1779999999998836, 1
, , 3338.1840000000001965, 1, , , 3338.1840000000001965, 0, , , 3338.1840000000001965, 0, , , 3338.1840000000001965, 1
, , 3338.1880000000001019, 1, , , 3338.1880000000001019, 0, , , 3338.1880000000001019, 0, , , 3338.1880000000001019, 1
, , 3338.193000000000211, 1, , , 3338.193000000000211, 0, , , 3338.193000000000211, 0, , , 3338.193000000000211, 1
, , 3338.1999999999998181, 1, , , 3338.1999999999998181, 0, , , 3338.1999999999998181, 0, , , 3338.1999999999998181, 1
, , 3338.2029999999999745, 1, , , 3338.2029999999999745, 0, , , 3338.2029999999999745, 0, , , 3338.2029999999999745, 1
, , 3338.2080000000000837, 1, , , 3338.2080000000000837, 0, , , 3338.2080000000000837, 0, , , 3338.2080000000000837, 1
, , 3338.2130000000001928, 1, , , 3338.2130000000001928, 0, , , 3338.2130000000001928, 0, , , 3338.2130000000001928, 1
, , 3338.2179999999998472, 1, , , 3338.2179999999998472, 0, , , 3338.2179999999998472, 0, , , 3338.2179999999998472, 1
, , 3338.2229999999999563, 1, , , 3338.2229999999999563, 0, , , 3338.2229999999999563, 0, , , 3338.2229999999999563, 1
, , 3338.2280000000000655, 1, , , 3338.2280000000000655, 0, , , 3338.2280000000000655, 0, , , 3338.2280000000000655, 1
, , 3338.2330000000001746, 1, , , 3338.2330000000001746, 0, , , 3338.2330000000001746, 0, , , 3338.2330000000001746, 1
, , 3338.237999999999829, 1, , , 3338.237999999999829, 0, , , 3338.237999999999829, 0, , , 3338.237999999999829, 1
, , 3338.2440000000001419, 1, , , 3338.2440000000001419, 0, , , 3338.2440000000001419, 0, , , 3338.2440000000001419, 1
, , 3338.2489999999997963, 1, , , 3338.2489999999997963, 0, , , 3338.2489999999997963, 0, , , 3338.2489999999997963, 1
, , 3338.2530000000001564, 1, , , 3338.2530000000001564, 0, , , 3338.2530000000001564, 0, , , 3338.2530000000001564, 1
, , 3338.2579999999998108, 1, , , 3338.2579999999998108, 0, , , 3338.2579999999998108, 0, , , 3338.2579999999998108, 1
, , 3338.26299999999992, 1, , , 3338.26299999999992, 0, , , 3338.26299999999992, 0, , , 3338.26299999999992, 1
, , 3338.2680000000000291, 1, , , 3338.2680000000000291, 0, , , 3338.2680000000000291, 0, , , 3338.2680000000000291, 1
, , 3338.2730000000001382, 1, , , 3338.2730000000001382, 0, , , 3338.2730000000001382, 0, , , 3338.2730000000001382, 1
, , 3338.2779999999997926, 1, , , 3338.2779999999997926, 0, , , 3338.2779999999997926, 0, , , 3338.2779999999997926, 1
, , 3338.2829999999999018, 1, , , 3338.2829999999999018, 0, , , 3338.2829999999999018, 0, , , 3338.2829999999999018, 1
, , 3338.2880000000000109, 1, , , 3338.2880000000000109, 0, , , 3338.2880000000000109, 0, , , 3338.2880000000000109, 1
, , 3338.293999999999869, 1, , , 3338.293999999999869, 0, , , 3338.293999999999869, 0, , , 3338.293999999999869, 1
, , 3338.2979999999997744, 1, , , 3338.2979999999997744, 0, , , 3338.2979999999997744, 0, , , 3338.2979999999997744, 1
, , 3338.3029999999998836, 1, , , 3338.3029999999998836, 0, , , 3338.3029999999998836, 0, , , 3338.3029999999998836, 1
, , 3338.3079999999999927, 1, , , 3338.3079999999999927, 0, , , 3338.3079999999999927, 0, , , 3338.3079999999999927, 1
, , 3338.3139999999998508, 1, , , 3338.3139999999998508, 0, , , 3338.3139999999998508, 0, , , 3338.3139999999998508, 1
, , 3338.318000000000211, 1, , , 3338.318000000000211, 0, , , 3338.318000000000211, 0, , , 3338.318000000000211, 1
, , 3338.3229999999998654, 1, , , 3338.3229999999998654, 0, , , 3338.3229999999998654, 0, , , 3338.3229999999998654, 1
, , 3338.3279999999999745, 1, , , 3338.3279999999999745, 1, , , 3338.3279999999999745, 1, , , 3338.3279999999999745, 1
, , 3338.3339999999998327, 1, , , 3338.3339999999998327, 1, , , 3338.3339999999998327, 1, , , 3338.3339999999998327, 1
, , 3338.3380000000001928, 1, , , 3338.3380000000001928, 1, , , 3338.3380000000001928, 1, , , 3338.3380000000001928, 1
, , 3338.3440000000000509, 1, , , 3338.3440000000000509, 1, , , 3338.3440000000000509, 1, , , 3338.3440000000000509, 1
, , 3338.3499999999999091, 1, , , 3338.3499999999999091, 1, , , 3338.3499999999999091, 1, , , 3338.3499999999999091, 1
, , 3338.3530000000000655, 1, , , 3338.3530000000000655, 1, , , 3338.3530000000000655, 1, , , 3338.3530000000000655, 1
, , 3338.3580000000001746, 1, , , 3338.3580000000001746, 1, , , 3338.3580000000001746, 1, , , 3338.3580000000001746, 1
, , 3338.3640000000000327, 1, , , 3338.3640000000000327, 1, , , 3338.3640000000000327, 1, , , 3338.3640000000000327, 1
, , 3338.3679999999999382, 1, , , 3338.3679999999999382, 1, , , 3338.3679999999999382, 1, , , 3338.3679999999999382, 1
, , 3338.3730000000000473, 1, , , 3338.3730000000000473, 1, , , 3338.3730000000000473, 1, , , 3338.3730000000000473, 1
, , 3338.3780000000001564, 1, , , 3338.3780000000001564, 1, , , 3338.3780000000001564, 1, , , 3338.3780000000001564, 1
, , 3338.3840000000000146, 1, , , 3338.3840000000000146, 1, , , 3338.3840000000000146, 1, , , 3338.3840000000000146, 1
, , 3338.38799999999992, 1, , , 3338.38799999999992, 1, , , 3338.38799999999992, 1, , , 3338.38799999999992, 1
, , 3338.3930000000000291, 1, , , 3338.3930000000000291, 1, , , 3338.3930000000000291, 1, , , 3338.3930000000000291, 1
, , 3338.3980000000001382, 1, , , 3338.3980000000001382, 1, , , 3338.3980000000001382, 1, , , 3338.3980000000001382, 1
, , 3338.4029999999997926, 0, , , 3338.4029999999997926, 1, , , 3338.4029999999997926, 1, , , 3338.4029999999997926, 0
, , 3338.4079999999999018, 0, , , 3338.4079999999999018, 1, , , 3338.4079999999999018, 1, , , 3338.4079999999999018, 0
, , 3338.4130000000000109, 0, , , 3338.4130000000000109, 1, , , 3338.4130000000000109, 1, , , 3338.4130000000000109, 0
, , 3338.4180000000001201, 0, , , 3338.4180000000001201, 1, , , 3338.4180000000001201, 1, , , 3338.4180000000001201, 0
, , 3338.4229999999997744, 0, , , 3338.4229999999997744, 1, , , 3338.4229999999997744, 1, , , 3338.4229999999997744, 0
, , 3338.4279999999998836, 0, , , 3338.4279999999998836, 1, , , 3338.4279999999998836, 1, , , 3338.4279999999998836, 0
, , 3338.4340000000001965, 0, , , 3338.4340000000001965, 1, , , 3338.4340000000001965, 1, , , 3338.4340000000001965, 0
, , 3338.4389999999998508, 0, , , 3338.4389999999998508, 1, , , 3338.4389999999998508, 1, , , 3338.4389999999998508, 0
, , 3338.443000000000211, 0, , , 3338.443000000000211, 1, , , 3338.443000000000211, 1, , , 3338.443000000000211, 0
, , 3338.4479999999998654, 0, , , 3338.4479999999998654, 1, , , 3338.4479999999998654, 1, , , 3338.4479999999998654, 0
, , 3338.4529999999999745, 0, , , 3338.4529999999999745, 1, , , 3338.4529999999999745, 1, , , 3338.4529999999999745, 0
, , 3338.4580000000000837, 0, , , 3338.4580000000000837, 1, , , 3338.4580000000000837, 1, , , 3338.4580000000000837, 0
, , 3338.4630000000001928, 0, , , 3338.4630000000001928, 1, , , 3338.4630000000001928, 1, , , 3338.4630000000001928, 0
, , 3338.4679999999998472, 0, , , 3338.4679999999998472, 1, , , 3338.4679999999998472, 1, , , 3338.4679999999998472, 0
, , 3338.4740000000001601, 0, , , 3338.4740000000001601, 1, , , 3338.4740000000001601, 1, , , 3338.4740000000001601, 0
, , 3338.4789999999998145, 0, , , 3338.4789999999998145, 1, , , 3338.4789999999998145, 1, , , 3338.4789999999998145, 0
, , 3338.4830000000001746, 0, , , 3338.4830000000001746, 1, , , 3338.4830000000001746, 1, , , 3338.4830000000001746, 0
, , 3338.4890000000000327, 0, , , 3338.4890000000000327, 1, , , 3338.4890000000000327, 1, , , 3338.4890000000000327, 0
, , 3338.4940000000001419, 0, , , 3338.4940000000001419, 1, , , 3338.4940000000001419, 1, , , 3338.4940000000001419, 0
, , 3338.4980000000000473, 0, , , 3338.4980000000000473, 1, , , 3338.4980000000000473, 1, , , 3338.4980000000000473, 0
, , 3338.5039999999999054, 0, , , 3338.5039999999999054, 1, , , 3338.5039999999999054, 1, , , 3338.5039999999999054, 0
, , 3338.5079999999998108, 0, , , 3338.5079999999998108, 1, , , 3338.5079999999998108, 1, , , 3338.5079999999998108, 0
, , 3338.5109999999999673, 0, , , 3338.5109999999999673, 1, , , 3338.5109999999999673, 1, , , 3338.5109999999999673, 0
, , 3338.5180000000000291, 0, , , 3338.5180000000000291, 1, , , 3338.5180000000000291, 1, , , 3338.5180000000000291, 0
, , 3338.5230000000001382, 0, , , 3338.5230000000001382, 1, , , 3338.5230000000001382, 1, , , 3338.5230000000001382, 0
, , 3338.5270000000000437, 0, , , 3338.5270000000000437, 1, , , 3338.5270000000000437, 1, , , 3338.5270000000000437, 0
, , 3338.5340000000001055, 0, , , 3338.5340000000001055, 1, , , 3338.5340000000001055, 1, , , 3338.5340000000001055, 0
, , 3338.5380000000000109, 0, , , 3338.5380000000000109, 1, , , 3338.5380000000000109, 1, , , 3338.5380000000000109, 0
, , 3338.5430000000001201, 0, , , 3338.5430000000001201, 1, , , 3338.5430000000001201, 1, , , 3338.5430000000001201, 0
, , 3338.5479999999997744, 0, , , 3338.5479999999997744, 1, , , 3338.5479999999997744, 1, , , 3338.5479999999997744, 0
, , 3338.5529999999998836, 0, , , 3338.5529999999998836, 1, , , 3338.5529999999998836, 1, , , 3338.5529999999998836, 0
, , 3338.5579999999999927, 0, , , 3338.5579999999999927, 1, , , 3338.5579999999999927, 1, , , 3338.5579999999999927, 0
, , 3338.5630000000001019, 0, , , 3338.5630000000001019, 1, , , 3338.5630000000001019, 1, , , 3338.5630000000001019, 0
, , 3338.5700000000001637, 0, , , 3338.5700000000001637, 1, , , 3338.5700000000001637, 1, , , 3338.5700000000001637, 0
, , 3338.5729999999998654, 0, , , 3338.5729999999998654, 1, , , 3338.5729999999998654, 1, , , 3338.5729999999998654, 0
, , 3338.5779999999999745, 0, , , 3338.5779999999999745, 1, , , 3338.5779999999999745, 1, , , 3338.5779999999999745, 0
, , 3338.5830000000000837, 0, , , 3338.5830000000000837, 1, , , 3338.5830000000000837, 1, , , 3338.5830000000000837, 0
, , 3338.5880000000001928, 0, , , 3338.5880000000001928, 1, , , 3338.5880000000001928, 1, , , 3338.5880000000001928, 0
, , 3338.5940000000000509, 0, , , 3338.5940000000000509, 1, , , 3338.5940000000000509, 1, , , 3338.5940000000000509, 0
, , 3338.5990000000001601, 0, , , 3338.5990000000001601, 1, , , 3338.5990000000001601, 1, , , 3338.5990000000001601, 0
, , 3338.6030000000000655, 0, , , 3338.6030000000000655, 1, , , 3338.6030000000000655, 1, , , 3338.6030000000000655, 0
, , 3338.6089999999999236, 0, , , 3338.6089999999999236, 1, , , 3338.6089999999999236, 1, , , 3338.6089999999999236, 0
, , 3338.6140000000000327, 0, , , 3338.6140000000000327, 1, , , 3338.6140000000000327, 1, , , 3338.6140000000000327, 0
, , 3338.6179999999999382, 0, , , 3338.6179999999999382, 1, , , 3338.6179999999999382, 1, , , 3338.6179999999999382, 0
, , 3338.6239999999997963, 0, , , 3338.6239999999997963, 1, , , 3338.6239999999997963, 1, , , 3338.6239999999997963, 0
, , 3338.6300000000001091, 0, , , 3338.6300000000001091, 1, , , 3338.6300000000001091, 1, , , 3338.6300000000001091, 0
, , 3338.6340000000000146, 0, , , 3338.6340000000000146, 1, , , 3338.6340000000000146, 1, , , 3338.6340000000000146, 0
, , 3338.6390000000001237, 0, , , 3338.6390000000001237, 1, , , 3338.6390000000001237, 1, , , 3338.6390000000001237, 0
, , 3338.6439999999997781, 0, , , 3338.6439999999997781, 1, , , 3338.6439999999997781, 1, , , 3338.6439999999997781, 0
, , 3338.6480000000001382, 0, , , 3338.6480000000001382, 1, , , 3338.6480000000001382, 1, , , 3338.6480000000001382, 0
, , 3338.6529999999997926, 1, , , 3338.6529999999997926, 1, , , 3338.6529999999997926, 1, , , 3338.6529999999997926, 1
, , 3338.6579999999999018, 1, , , 3338.6579999999999018, 1, , , 3338.6579999999999018, 1, , , 3338.6579999999999018, 1
, , 3338.6630000000000109, 1, , , 3338.6630000000000109, 1, , , 3338.6630000000000109, 1, , , 3338.6630000000000109, 1
, , 3338.6680000000001201, 1, , , 3338.6680000000001201, 1, , , 3338.6680000000001201, 1, , , 3338.6680000000001201, 1
, , 3338.6750000000001819, 1, , , 3338.6750000000001819, 1, , , 3338.6750000000001819, 1, , , 3338.6750000000001819, 1
, , 3338.6779999999998836, 1, , , 3338.6779999999998836, 1, , , 3338.6779999999998836, 1, , , 3338.6779999999998836, 1
, , 3338.6840000000001965, 1, , , 3338.6840000000001965, 1, , , 3338.6840000000001965, 1, , , 3338.6840000000001965, 1
, , 3338.6880000000001019, 1, , , 3338.6880000000001019, 1, , , 3338.6880000000001019, 1, , , 3338.6880000000001019, 1
, , 3338.69399999999996, 1, , , 3338.69399999999996, 1, , , 3338.69399999999996, 1, , , 3338.69399999999996, 1
, , 3338.6979999999998654, 1, , , 3338.6979999999998654, 1, , , 3338.6979999999998654, 1, , , 3338.6979999999998654, 1
, , 3338.7029999999999745, 1, , , 3338.7029999999999745, 1, , , 3338.7029999999999745, 1, , , 3338.7029999999999745, 1
, , 3338.7080000000000837, 1, , , 3338.7080000000000837, 1, , , 3338.7080000000000837, 1, , , 3338.7080000000000837, 1
, , 3338.7139999999999418, 1, , , 3338.7139999999999418, 1, , , 3338.7139999999999418, 1, , , 3338.7139999999999418, 1
, , 3338.7179999999998472, 1, , , 3338.7179999999998472, 1, , , 3338.7179999999998472, 1, , , 3338.7179999999998472, 1
, , 3338.7229999999999563, 1, , , 3338.7229999999999563, 0, , , 3338.7229999999999563, 0, , , 3338.7229999999999563, 1
, , 3338.7280000000000655, 1, , , 3338.7280000000000655, 0, , , 3338.7280000000000655, 0, , , 3338.7280000000000655, 1
, , 3338.7300000000000182, 1, , , 3338.7300000000000182, 0, , , 3338.7300000000000182, 0, , , 3338.7300000000000182, 1
, , 3338.737999999999829, 1, , , 3338.737999999999829, 0, , , 3338.737999999999829, 0, , , 3338.737999999999829, 1
, , 3338.7440000000001419, 1, , , 3338.7440000000001419, 0, , , 3338.7440000000001419, 0, , , 3338.7440000000001419, 1
, , 3338.7480000000000473, 1, , , 3338.7480000000000473, 0, , , 3338.7480000000000473, 0, , , 3338.7480000000000473, 1
, , 3338.7530000000001564, 1, , , 3338.7530000000001564, 0, , , 3338.7530000000001564, 0, , , 3338.7530000000001564, 1
, , 3338.7579999999998108, 1, , , 3338.7579999999998108, 0, , , 3338.7579999999998108, 0, , , 3338.7579999999998108, 1
, , 3338.7640000000001237, 1, , , 3338.7640000000001237, 0, , , 3338.7640000000001237, 0, , , 3338.7640000000001237, 1
, , 3338.7680000000000291, 1, , , 3338.7680000000000291, 0, , , 3338.7680000000000291, 0, , , 3338.7680000000000291, 1
, , 3338.7739999999998872, 1, , , 3338.7739999999998872, 0, , , 3338.7739999999998872, 0, , , 3338.7739999999998872, 1
, , 3338.7800000000002001, 1, , , 3338.7800000000002001, 0, , , 3338.7800000000002001, 0, , , 3338.7800000000002001, 1
, , 3338.7820000000001528, 1, , , 3338.7820000000001528, 0, , , 3338.7820000000001528, 0, , , 3338.7820000000001528, 1
, , 3338.7880000000000109, 1, , , 3338.7880000000000109, 0, , , 3338.7880000000000109, 0, , , 3338.7880000000000109, 1
, , 3338.7910000000001673, 1, , , 3338.7910000000001673, 0, , , 3338.7910000000001673, 0, , , 3338.7910000000001673, 1
, , 3338.7979999999997744, 1, , , 3338.7979999999997744, 0, , , 3338.7979999999997744, 0, , , 3338.7979999999997744, 1
, , 3338.8029999999998836, 1, , , 3338.8029999999998836, 0, , , 3338.8029999999998836, 0, , , 3338.8029999999998836, 1
, , 3338.8079999999999927, 1, , , 3338.8079999999999927, 0, , , 3338.8079999999999927, 0, , , 3338.8079999999999927, 1
, , 3338.8130000000001019, 1, , , 3338.8130000000001019, 0, , , 3338.8130000000001019, 0, , , 3338.8130000000001019, 1
, , 3338.81899999999996, 1, , , 3338.81899999999996, 0, , , 3338.81899999999996, 0, , , 3338.81899999999996, 1
, , 3338.8229999999998654, 1, , , 3338.8229999999998654, 0, , , 3338.8229999999998654, 0, , , 3338.8229999999998654, 1
, , 3338.8279999999999745, 1, , , 3338.8279999999999745, 0, , , 3338.8279999999999745, 0, , , 3338.8279999999999745, 1
, , 3338.8330000000000837, 1, , , 3338.8330000000000837, 0, , , 3338.8330000000000837, 0, , , 3338.8330000000000837, 1
, , 3338.8380000000001928, 1, , , 3338.8380000000001928, 0, , , 3338.8380000000001928, 0, , , 3338.8380000000001928, 1
, , 3338.8429999999998472, 1, , , 3338.8429999999998472, 0, , , 3338.8429999999998472, 0, , , 3338.8429999999998472, 1
, , 3338.8479999999999563, 1, , , 3338.8479999999999563, 0, , , 3338.8479999999999563, 0, , , 3338.8479999999999563, 1
, , 3338.8539999999998145, 1, , , 3338.8539999999998145, 0, , , 3338.8539999999998145, 0, , , 3338.8539999999998145, 1
, , 3338.8580000000001746, 1, , , 3338.8580000000001746, 0, , , 3338.8580000000001746, 0, , , 3338.8580000000001746, 1
, , 3338.862999999999829, 1, , , 3338.862999999999829, 0, , , 3338.862999999999829, 0, , , 3338.862999999999829, 1
, , 3338.8690000000001419, 1, , , 3338.8690000000001419, 0, , , 3338.8690000000001419, 0, , , 3338.8690000000001419, 1
, , 3338.8730000000000473, 1, , , 3338.8730000000000473, 0, , , 3338.8730000000000473, 0, , , 3338.8730000000000473, 1
, , 3338.8780000000001564, 1, , , 3338.8780000000001564, 0, , , 3338.8780000000001564, 0, , , 3338.8780000000001564, 1
, , 3338.8829999999998108, 1, , , 3338.8829999999998108, 0, , , 3338.8829999999998108, 0, , , 3338.8829999999998108, 1
, , 3338.8890000000001237, 1, , , 3338.8890000000001237, 0, , , 3338.8890000000001237, 0, , , 3338.8890000000001237, 1
, , 3338.8930000000000291, 1, , , 3338.8930000000000291, 0, , , 3338.8930000000000291, 0, , , 3338.8930000000000291, 1
, , 3338.9000000000000909, 1, , , 3338.9000000000000909, 0, , , 3338.9000000000000909, 0, , , 3338.9000000000000909, 1
, , 3338.9059999999999491, 1, , , 3338.9059999999999491, 0, , , 3338.9059999999999491, 0, , , 3338.9059999999999491, 1
, , 3338.9079999999999018, 1, , , 3338.9079999999999018, 0, , , 3338.9079999999999018, 0, , , 3338.9079999999999018, 1
, , 3338.9130000000000109, 1, , , 3338.9130000000000109, 0, , , 3338.9130000000000109, 0, , , 3338.9130000000000109, 1
, , 3338.9180000000001201, 1, , , 3338.9180000000001201, 0, , , 3338.9180000000001201, 0, , , 3338.9180000000001201, 1
, , 3338.9229999999997744, 1, , , 3338.9229999999997744, 0, , , 3338.9229999999997744, 0, , , 3338.9229999999997744, 1
, , 3338.9279999999998836, 1, , , 3338.9279999999998836, 0, , , 3338.9279999999998836, 0, , , 3338.9279999999998836, 1
, , 3338.9329999999999927, 1, , , 3338.9329999999999927, 0, , , 3338.9329999999999927, 0, , , 3338.9329999999999927, 1
, , 3338.9380000000001019, 1, , , 3338.9380000000001019, 0, , , 3338.9380000000001019, 0, , , 3338.9380000000001019, 1
, , 3338.943000000000211, 1, , , 3338.943000000000211, 0, , , 3338.943000000000211, 0, , , 3338.943000000000211, 1
, , 3338.9479999999998654, 1, , , 3338.9479999999998654, 0, , , 3338.9479999999998654, 0, , , 3338.9479999999998654, 1
, , 3338.9529999999999745, 1, , , 3338.9529999999999745, 0, , , 3338.9529999999999745, 0, , , 3338.9529999999999745, 1
, , 3338.9569999999998799, 1, , , 3338.9569999999998799, 0, , , 3338.9569999999998799, 0, , , 3338.9569999999998799, 1
, , 3338.9630000000001928, 1, , , 3338.9630000000001928, 0, , , 3338.9630000000001928, 0, , , 3338.9630000000001928, 1
, , 3338.9679999999998472, 1, , , 3338.9679999999998472, 0, , , 3338.9679999999998472, 0, , , 3338.9679999999998472, 1
, , 3338.9729999999999563, 1, , , 3338.9729999999999563, 0, , , 3338.9729999999999563, 0, , , 3338.9729999999999563, 1
, , 3338.9780000000000655, 1, , , 3338.9780000000000655, 1, , , 3338.9780000000000655, 1, , , 3338.9780000000000655, 1
, , 3338.9830000000001746, 1, , , 3338.9830000000001746, 1, , , 3338.9830000000001746, 1, , , 3338.9830000000001746, 1
, , 3338.9890000000000327, 1, , , 3338.9890000000000327, 1, , , 3338.9890000000000327, 1, , , 3338.9890000000000327, 1
, , 3338.9929999999999382, 1, , , 3338.9929999999999382, 1, , , 3338.9929999999999382, 1, , , 3338.9929999999999382, 1
, , 3338.9989999999997963, 1, , , 3338.9989999999997963, 1, , , 3338.9989999999997963, 1, , , 3338.9989999999997963, 1
, , 3339.0039999999999054, 1, , , 3339.0039999999999054, 1, , , 3339.0039999999999054, 1, , , 3339.0039999999999054, 1
, , 3339.0079999999998108, 1, , , 3339.0079999999998108, 1, , , 3339.0079999999998108, 1, , , 3339.0079999999998108, 1
, , 3339.01299999999992, 1, , , 3339.01299999999992, 1, , , 3339.01299999999992, 1, , , 3339.01299999999992, 1
, , 3339.0180000000000291, 1, , , 3339.0180000000000291, 1, , , 3339.0180000000000291, 1, , , 3339.0180000000000291, 1
, , 3339.0230000000001382, 1, , , 3339.0230000000001382, 1, , , 3339.0230000000001382, 1, , , 3339.0230000000001382, 1
, , 3339.0289999999999964, 1, , , 3339.0289999999999964, 1, , , 3339.0289999999999964, 1, , , 3339.0289999999999964, 1
, , 3339.0329999999999018, 1, , , 3339.0329999999999018, 1, , , 3339.0329999999999018, 1, , , 3339.0329999999999018, 1
, , 3339.0380000000000109, 1, , , 3339.0380000000000109, 1, , , 3339.0380000000000109, 1, , , 3339.0380000000000109, 1
, , 3339.043999999999869, 1, , , 3339.043999999999869, 1, , , 3339.043999999999869, 1, , , 3339.043999999999869, 1
, , 3339.0489999999999782, 0, , , 3339.0489999999999782, 1, , , 3339.0489999999999782, 1, , , 3339.0489999999999782, 0
, , 3339.0549999999998363, 0, , , 3339.0549999999998363, 1, , , 3339.0549999999998363, 1, , , 3339.0549999999998363, 0
, , 3339.0590000000001965, 0, , , 3339.0590000000001965, 1, , , 3339.0590000000001965, 1, , , 3339.0590000000001965, 0
, , 3339.0639999999998508, 0, , , 3339.0639999999998508, 1, , , 3339.0639999999998508, 1, , , 3339.0639999999998508, 0
, , 3339.06899999999996, 0, , , 3339.06899999999996, 1, , , 3339.06899999999996, 1, , , 3339.06899999999996, 0
, , 3339.0720000000001164, 0, , , 3339.0720000000001164, 1, , , 3339.0720000000001164, 1, , , 3339.0720000000001164, 0
, , 3339.0779999999999745, 0, , , 3339.0779999999999745, 1, , , 3339.0779999999999745, 1, , , 3339.0779999999999745, 0
, , 3339.0830000000000837, 0, , , 3339.0830000000000837, 1, , , 3339.0830000000000837, 1, , , 3339.0830000000000837, 0
, , 3339.0880000000001928, 0, , , 3339.0880000000001928, 1, , , 3339.0880000000001928, 1, , , 3339.0880000000001928, 0
, , 3339.0929999999998472, 0, , , 3339.0929999999998472, 1, , , 3339.0929999999998472, 1, , , 3339.0929999999998472, 0
, , 3339.0990000000001601, 0, , , 3339.0990000000001601, 1, , , 3339.0990000000001601, 1, , , 3339.0990000000001601, 0
, , 3339.1030000000000655, 0, , , 3339.1030000000000655, 1, , , 3339.1030000000000655, 1, , , 3339.1030000000000655, 0
, , 3339.1089999999999236, 0, , , 3339.1089999999999236, 1, , , 3339.1089999999999236, 1, , , 3339.1089999999999236, 0
, , 3339.112999999999829, 0, , , 3339.112999999999829, 1, , , 3339.112999999999829, 1, , , 3339.112999999999829, 0
, , 3339.1190000000001419, 0, , , 3339.1190000000001419, 1, , , 3339.1190000000001419, 1, , , 3339.1190000000001419, 0
, , 3339.1230000000000473, 0, , , 3339.1230000000000473, 1, , , 3339.1230000000000473, 1, , , 3339.1230000000000473, 0
, , 3339.1280000000001564, 0, , , 3339.1280000000001564, 1, , , 3339.1280000000001564, 1, , , 3339.1280000000001564, 0
, , 3339.1329999999998108, 0, , , 3339.1329999999998108, 1, , , 3339.1329999999998108, 1, , , 3339.1329999999998108, 0
, , 3339.13799999999992, 0, , , 3339.13799999999992, 1, , , 3339.13799999999992, 1, , , 3339.13799999999992, 0
, , 3339.1430000000000291, 0, , , 3339.1430000000000291, 1, , , 3339.1430000000000291, 1, , , 3339.1430000000000291, 0
, , 3339.1480000000001382, 0, , , 3339.1480000000001382, 1, , , 3339.1480000000001382, 1, , , 3339.1480000000001382, 0
, , 3339.1539999999999964, 0, , , 3339.1539999999999964, 1, , , 3339.1539999999999964, 1, , , 3339.1539999999999964, 0
, , 3339.1579999999999018, 0, , , 3339.1579999999999018, 1, , , 3339.1579999999999018, 1, , , 3339.1579999999999018, 0
, , 3339.1630000000000109, 0, , , 3339.1630000000000109, 1, , , 3339.1630000000000109, 1, , , 3339.1630000000000109, 0
, , 3339.1680000000001201, 0, , , 3339.1680000000001201, 1, , , 3339.1680000000001201, 1, , , 3339.1680000000001201, 0
, , 3339.1729999999997744, 0, , , 3339.1729999999997744, 1, , , 3339.1729999999997744, 1, , , 3339.1729999999997744, 0
, , 3339.1779999999998836, 0, , , 3339.1779999999998836, 1, , , 3339.1779999999998836, 1, , , 3339.1779999999998836, 0
, , 3339.1829999999999927, 0, , , 3339.1829999999999927, 1, , , 3339.1829999999999927, 1, , , 3339.1829999999999927, 0
, , 3339.1880000000001019, 0, , , 3339.1880000000001019, 1, , , 3339.1880000000001019, 1, , , 3339.1880000000001019, 0
, , 3339.193000000000211, 0, , , 3339.193000000000211, 1, , , 3339.193000000000211, 1, , , 3339.193000000000211, 0
, , 3339.1979999999998654, 0, , , 3339.1979999999998654, 1, , , 3339.1979999999998654, 1, , , 3339.1979999999998654, 0
, , 3339.2029999999999745, 0, , , 3339.2029999999999745, 1, , , 3339.2029999999999745, 1, , , 3339.2029999999999745, 0
, , 3339.2089999999998327, 0, , , 3339.2089999999998327, 1, , , 3339.2089999999998327, 1, , , 3339.2089999999998327, 0
, , 3339.2130000000001928, 0, , , 3339.2130000000001928, 1, , , 3339.2130000000001928, 1, , , 3339.2130000000001928, 0
, , 3339.2179999999998472, 0, , , 3339.2179999999998472, 1, , , 3339.2179999999998472, 1, , , 3339.2179999999998472, 0
, , 3339.2229999999999563, 0, , , 3339.2229999999999563, 1, , , 3339.2229999999999563, 1, , , 3339.2229999999999563, 0
, , 3339.2280000000000655, 0, , , 3339.2280000000000655, 1, , , 3339.2280000000000655, 1, , , 3339.2280000000000655, 0
, , 3339.2330000000001746, 0, , , 3339.2330000000001746, 1, , , 3339.2330000000001746, 1, , , 3339.2330000000001746, 0
, , 3339.2390000000000327, 0, , , 3339.2390000000000327, 1, , , 3339.2390000000000327, 1, , , 3339.2390000000000327, 0
, , 3339.2429999999999382, 0, , , 3339.2429999999999382, 1, , , 3339.2429999999999382, 1, , , 3339.2429999999999382, 0
, , 3339.2480000000000473, 0, , , 3339.2480000000000473, 1, , , 3339.2480000000000473, 1, , , 3339.2480000000000473, 0
, , 3339.2530000000001564, 0, , , 3339.2530000000001564, 1, , , 3339.2530000000001564, 1, , , 3339.2530000000001564, 0
, , 3339.2590000000000146, 0, , , 3339.2590000000000146, 1, , , 3339.2590000000000146, 1, , , 3339.2590000000000146, 0
, , 3339.26299999999992, 0, , , 3339.26299999999992, 1, , , 3339.26299999999992, 1, , , 3339.26299999999992, 0
, , 3339.2680000000000291, 0, , , 3339.2680000000000291, 1, , , 3339.2680000000000291, 1, , , 3339.2680000000000291, 0
, , 3339.2730000000001382, 0, , , 3339.2730000000001382, 1, , , 3339.2730000000001382, 1, , , 3339.2730000000001382, 0
, , 3339.2779999999997926, 0, , , 3339.2779999999997926, 1, , , 3339.2779999999997926, 1, , , 3339.2779999999997926, 0
, , 3339.2829999999999018, 0, , , 3339.2829999999999018, 1, , , 3339.2829999999999018, 1, , , 3339.2829999999999018, 0
, , 3339.2880000000000109, 0, , , 3339.2880000000000109, 1, , , 3339.2880000000000109, 1, , , 3339.2880000000000109, 0
, , 3339.293999999999869, 0, , , 3339.293999999999869, 1, , , 3339.293999999999869, 1, , , 3339.293999999999869, 0
, , 3339.2979999999997744, 0, , , 3339.2979999999997744, 1, , , 3339.2979999999997744, 1, , , 3339.2979999999997744, 0
, , 3339.3029999999998836, 1, , , 3339.3029999999998836, 1, , , 3339.3029999999998836, 1, , , 3339.3029999999998836, 1
, , 3339.3079999999999927, 1, , , 3339.3079999999999927, 1, , , 3339.3079999999999927, 1, , , 3339.3079999999999927, 1
, , 3339.3139999999998508, 1, , , 3339.3139999999998508, 1, , , 3339.3139999999998508, 1, , , 3339.3139999999998508, 1
, , 3339.318000000000211, 1, , , 3339.318000000000211, 1, , , 3339.318000000000211, 1, , , 3339.318000000000211, 1
, , 3339.3229999999998654, 1, , , 3339.3229999999998654, 1, , , 3339.3229999999998654, 1, , , 3339.3229999999998654, 1
, , 3339.3279999999999745, 1, , , 3339.3279999999999745, 1, , , 3339.3279999999999745, 1, , , 3339.3279999999999745, 1
, , 3339.3330000000000837, 1, , , 3339.3330000000000837, 1, , , 3339.3330000000000837, 1, , , 3339.3330000000000837, 1
, , 3339.3380000000001928, 1, , , 3339.3380000000001928, 1, , , 3339.3380000000001928, 1, , , 3339.3380000000001928, 1
, , 3339.3429999999998472, 1, , , 3339.3429999999998472, 1, , , 3339.3429999999998472, 1, , , 3339.3429999999998472, 1
, , 3339.3490000000001601, 1, , , 3339.3490000000001601, 1, , , 3339.3490000000001601, 1, , , 3339.3490000000001601, 1
, , 3339.3530000000000655, 1, , , 3339.3530000000000655, 1, , , 3339.3530000000000655, 1, , , 3339.3530000000000655, 1
, , 3339.3580000000001746, 1, , , 3339.3580000000001746, 1, , , 3339.3580000000001746, 1, , , 3339.3580000000001746, 1
, , 3339.362999999999829, 1, , , 3339.362999999999829, 1, , , 3339.362999999999829, 1, , , 3339.362999999999829, 1
, , 3339.3679999999999382, 1, , , 3339.3679999999999382, 1, , , 3339.3679999999999382, 1, , , 3339.3679999999999382, 1
, , 3339.3730000000000473, 1, , , 3339.3730000000000473, 1, , , 3339.3730000000000473, 1, , , 3339.3730000000000473, 1
, , 3339.3780000000001564, 1, , , 3339.3780000000001564, 0, , , 3339.3780000000001564, 0, , , 3339.3780000000001564, 1
, , 3339.3840000000000146, 1, , , 3339.3840000000000146, 0, , , 3339.3840000000000146, 0, , , 3339.3840000000000146, 1
, , 3339.38799999999992, 1, , , 3339.38799999999992, 0, , , 3339.38799999999992, 0, , , 3339.38799999999992, 1
, , 3339.3949999999999818, 1, , , 3339.3949999999999818, 0, , , 3339.3949999999999818, 0, , , 3339.3949999999999818, 1
, , 3339.3989999999998872, 1, , , 3339.3989999999998872, 0, , , 3339.3989999999998872, 0, , , 3339.3989999999998872, 1
, , 3339.4029999999997926, 1, , , 3339.4029999999997926, 0, , , 3339.4029999999997926, 0, , , 3339.4029999999997926, 1
, , 3339.4090000000001055, 1, , , 3339.4090000000001055, 0, , , 3339.4090000000001055, 0, , , 3339.4090000000001055, 1
, , 3339.4130000000000109, 1, , , 3339.4130000000000109, 0, , , 3339.4130000000000109, 0, , , 3339.4130000000000109, 1
, , 3339.4180000000001201, 1, , , 3339.4180000000001201, 0, , , 3339.4180000000001201, 0, , , 3339.4180000000001201, 1
, , 3339.4229999999997744, 1, , , 3339.4229999999997744, 0, , , 3339.4229999999997744, 0, , , 3339.4229999999997744, 1
, , 3339.4290000000000873, 1, , , 3339.4290000000000873, 0, , , 3339.4290000000000873, 0, , , 3339.4290000000000873, 1
, , 3339.4329999999999927, 1, , , 3339.4329999999999927, 0, , , 3339.4329999999999927, 0, , , 3339.4329999999999927, 1
, , 3339.4389999999998508, 1, , , 3339.4389999999998508, 0, , , 3339.4389999999998508, 0, , , 3339.4389999999998508, 1
, , 3339.443000000000211, 1, , , 3339.443000000000211, 0, , , 3339.443000000000211, 0, , , 3339.443000000000211, 1
, , 3339.4479999999998654, 1, , , 3339.4479999999998654, 0, , , 3339.4479999999998654, 0, , , 3339.4479999999998654, 1
, , 3339.4529999999999745, 1, , , 3339.4529999999999745, 0, , , 3339.4529999999999745, 0, , , 3339.4529999999999745, 1
, , 3339.4589999999998327, 1, , , 3339.4589999999998327, 0, , , 3339.4589999999998327, 0, , , 3339.4589999999998327, 1
, , 3339.4639999999999418, 1, , , 3339.4639999999999418, 0, , , 3339.4639999999999418, 0, , , 3339.4639999999999418, 1
, , 3339.4679999999998472, 1, , , 3339.4679999999998472, 0, , , 3339.4679999999998472, 0, , , 3339.4679999999998472, 1
, , 3339.4780000000000655, 1, , , 3339.4780000000000655, 0, , , 3339.4780000000000655, 0, , , 3339.4780000000000655, 1
, , 3339.4780000000000655, 1, , , 3339.4780000000000655, 0, , , 3339.4780000000000655, 0, , , 3339.4780000000000655, 1
, , 3339.4830000000001746, 1, , , 3339.4830000000001746, 0, , , 3339.4830000000001746, 0, , , 3339.4830000000001746, 1
, , 3339.487999999999829, 1, , , 3339.487999999999829, 0, , , 3339.487999999999829, 0, , , 3339.487999999999829, 1
, , 3339.4940000000001419, 1, , , 3339.4940000000001419, 0, , , 3339.4940000000001419, 0, , , 3339.4940000000001419, 1
, , 3339.4980000000000473, 1, , , 3339.4980000000000473, 0, , , 3339.4980000000000473, 0, , , 3339.4980000000000473, 1
, , 3339.5030000000001564, 1, , , 3339.5030000000001564, 0, , , 3339.5030000000001564, 0, , , 3339.5030000000001564, 1
, , 3339.5079999999998108, 1, , , 3339.5079999999998108, 0, , , 3339.5079999999998108, 0, , , 3339.5079999999998108, 1
, , 3339.5140000000001237, 1, , , 3339.5140000000001237, 0, , , 3339.5140000000001237, 0, , , 3339.5140000000001237, 1
, , 3339.5189999999997781, 1, , , 3339.5189999999997781, 0, , , 3339.5189999999997781, 0, , , 3339.5189999999997781, 1
, , 3339.5230000000001382, 1, , , 3339.5230000000001382, 0, , , 3339.5230000000001382, 0, , , 3339.5230000000001382, 1
, , 3339.5279999999997926, 1, , , 3339.5279999999997926, 0, , , 3339.5279999999997926, 0, , , 3339.5279999999997926, 1
, , 3339.5329999999999018, 1, , , 3339.5329999999999018, 0, , , 3339.5329999999999018, 0, , , 3339.5329999999999018, 1
, , 3339.5380000000000109, 1, , , 3339.5380000000000109, 0, , , 3339.5380000000000109, 0, , , 3339.5380000000000109, 1
, , 3339.5430000000001201, 1, , , 3339.5430000000001201, 0, , , 3339.5430000000001201, 0, , , 3339.5430000000001201, 1
, , 3339.5489999999999782, 1, , , 3339.5489999999999782, 0, , , 3339.5489999999999782, 0, , , 3339.5489999999999782, 1
, , 3339.5529999999998836, 1, , , 3339.5529999999998836, 0, , , 3339.5529999999998836, 0, , , 3339.5529999999998836, 1
, , 3339.5590000000001965, 1, , , 3339.5590000000001965, 0, , , 3339.5590000000001965, 0, , , 3339.5590000000001965, 1
, , 3339.5639999999998508, 1, , , 3339.5639999999998508, 0, , , 3339.5639999999998508, 0, , , 3339.5639999999998508, 1
, , 3339.568000000000211, 1, , , 3339.568000000000211, 0, , , 3339.568000000000211, 0, , , 3339.568000000000211, 1
, , 3339.5729999999998654, 1, , , 3339.5729999999998654, 0, , , 3339.5729999999998654, 0, , , 3339.5729999999998654, 1
, , 3339.5779999999999745, 1, , , 3339.5779999999999745, 0, , , 3339.5779999999999745, 0, , , 3339.5779999999999745, 1
, , 3339.5839999999998327, 1, , , 3339.5839999999998327, 0, , , 3339.5839999999998327, 0, , , 3339.5839999999998327, 1
, , 3339.5880000000001928, 1, , , 3339.5880000000001928, 0, , , 3339.5880000000001928, 0, , , 3339.5880000000001928, 1
, , 3339.5940000000000509, 1, , , 3339.5940000000000509, 0, , , 3339.5940000000000509, 0, , , 3339.5940000000000509, 1
, , 3339.5990000000001601, 1, , , 3339.5990000000001601, 0, , , 3339.5990000000001601, 0, , , 3339.5990000000001601, 1
, , 3339.6030000000000655, 1, , , 3339.6030000000000655, 0, , , 3339.6030000000000655, 0, , , 3339.6030000000000655, 1
, , 3339.6080000000001746, 1, , , 3339.6080000000001746, 0, , , 3339.6080000000001746, 0, , , 3339.6080000000001746, 1
, , 3339.612999999999829, 1, , , 3339.612999999999829, 0, , , 3339.612999999999829, 0, , , 3339.612999999999829, 1
, , 3339.6190000000001419, 1, , , 3339.6190000000001419, 0, , , 3339.6190000000001419, 0, , , 3339.6190000000001419, 1
, , 3339.6230000000000473, 1, , , 3339.6230000000000473, 0, , , 3339.6230000000000473, 0, , , 3339.6230000000000473, 1
, , 3339.6280000000001564, 1, , , 3339.6280000000001564, 1, , , 3339.6280000000001564, 1, , , 3339.6280000000001564, 1
, , 3339.6340000000000146, 1, , , 3339.6340000000000146, 1, , , 3339.6340000000000146, 1, , , 3339.6340000000000146, 1
, , 3339.637000000000171, 1, , , 3339.637000000000171, 1, , , 3339.637000000000171, 1, , , 3339.637000000000171, 1
, , 3339.6430000000000291, 1, , , 3339.6430000000000291, 1, , , 3339.6430000000000291, 1, , , 3339.6430000000000291, 1
, , 3339.6489999999998872, 1, , , 3339.6489999999998872, 1, , , 3339.6489999999998872, 1, , , 3339.6489999999998872, 1
, , 3339.6539999999999964, 1, , , 3339.6539999999999964, 1, , , 3339.6539999999999964, 1, , , 3339.6539999999999964, 1
, , 3339.6579999999999018, 1, , , 3339.6579999999999018, 1, , , 3339.6579999999999018, 1, , , 3339.6579999999999018, 1
, , 3339.6640000000002146, 1, , , 3339.6640000000002146, 1, , , 3339.6640000000002146, 1, , , 3339.6640000000002146, 1
, , 3339.6700000000000728, 1, , , 3339.6700000000000728, 1, , , 3339.6700000000000728, 1, , , 3339.6700000000000728, 1
, , 3339.6729999999997744, 1, , , 3339.6729999999997744, 1, , , 3339.6729999999997744, 1, , , 3339.6729999999997744, 1
, , 3339.6779999999998836, 1, , , 3339.6779999999998836, 1, , , 3339.6779999999998836, 1, , , 3339.6779999999998836, 1
, , 3339.6829999999999927, 1, , , 3339.6829999999999927, 1, , , 3339.6829999999999927, 1, , , 3339.6829999999999927, 1
, , 3339.6880000000001019, 1, , , 3339.6880000000001019, 1, , , 3339.6880000000001019, 1, , , 3339.6880000000001019, 1
, , 3339.693000000000211, 1, , , 3339.693000000000211, 1, , , 3339.693000000000211, 1, , , 3339.693000000000211, 1
, , 3339.6979999999998654, 1, , , 3339.6979999999998654, 1, , , 3339.6979999999998654, 1, , , 3339.6979999999998654, 1
, , 3339.7029999999999745, 0, , , 3339.7029999999999745, 1, , , 3339.7029999999999745, 1, , , 3339.7029999999999745, 0
, , 3339.7080000000000837, 0, , , 3339.7080000000000837, 1, , , 3339.7080000000000837, 1, , , 3339.7080000000000837, 0
, , 3339.7130000000001928, 0, , , 3339.7130000000001928, 1, , , 3339.7130000000001928, 1, , , 3339.7130000000001928, 0
, , 3339.7179999999998472, 0, , , 3339.7179999999998472, 1, , , 3339.7179999999998472, 1, , , 3339.7179999999998472, 0
, , 3339.7229999999999563, 0, , , 3339.7229999999999563, 1, , , 3339.7229999999999563, 1, , , 3339.7229999999999563, 0
, , 3339.7280000000000655, 0, , , 3339.7280000000000655, 1, , , 3339.7280000000000655, 1, , , 3339.7280000000000655, 0
, , 3339.7330000000001746, 0, , , 3339.7330000000001746, 1, , , 3339.7330000000001746, 1, , , 3339.7330000000001746, 0
, , 3339.737999999999829, 0, , , 3339.737999999999829, 1, , , 3339.737999999999829, 1, , , 3339.737999999999829, 0
, , 3339.7440000000001419, 0, , , 3339.7440000000001419, 1, , , 3339.7440000000001419, 1, , , 3339.7440000000001419, 0
, , 3339.7480000000000473, 0, , , 3339.7480000000000473, 1, , , 3339.7480000000000473, 1, , , 3339.7480000000000473, 0
, , 3339.7539999999999054, 0, , , 3339.7539999999999054, 1, , , 3339.7539999999999054, 1, , , 3339.7539999999999054, 0
, , 3339.7579999999998108, 0, , , 3339.7579999999998108, 1, , , 3339.7579999999998108, 1, , , 3339.7579999999998108, 0
, , 3339.76299999999992, 0, , , 3339.76299999999992, 1, , , 3339.76299999999992, 1, , , 3339.76299999999992, 0
, , 3339.7689999999997781, 0, , , 3339.7689999999997781, 1, , , 3339.7689999999997781, 1, , , 3339.7689999999997781, 0
, , 3339.7730000000001382, 0, , , 3339.7730000000001382, 1, , , 3339.7730000000001382, 1, , , 3339.7730000000001382, 0
, , 3339.7779999999997926, 0, , , 3339.7779999999997926, 1, , , 3339.7779999999997926, 1, , , 3339.7779999999997926, 0
, , 3339.7840000000001055, 0, , , 3339.7840000000001055, 1, , , 3339.7840000000001055, 1, , , 3339.7840000000001055, 0
, , 3339.7880000000000109, 0, , , 3339.7880000000000109, 1, , , 3339.7880000000000109, 1, , , 3339.7880000000000109, 0
, , 3339.7930000000001201, 0, , , 3339.7930000000001201, 1, , , 3339.7930000000001201, 1, , , 3339.7930000000001201, 0
, , 3339.7979999999997744, 0, , , 3339.7979999999997744, 1, , , 3339.7979999999997744, 1, , , 3339.7979999999997744, 0
, , 3339.8049999999998363, 0, , , 3339.8049999999998363, 1, , , 3339.8049999999998363, 1, , , 3339.8049999999998363, 0
, , 3339.8079999999999927, 0, , , 3339.8079999999999927, 1, , , 3339.8079999999999927, 1, , , 3339.8079999999999927, 0
, , 3339.8130000000001019, 0, , , 3339.8130000000001019, 1, , , 3339.8130000000001019, 1, , , 3339.8130000000001019, 0
, , 3339.818000000000211, 0, , , 3339.818000000000211, 1, , , 3339.818000000000211, 1, , , 3339.818000000000211, 0
, , 3339.8229999999998654, 0, , , 3339.8229999999998654, 1, , , 3339.8229999999998654, 1, , , 3339.8229999999998654, 0
, , 3339.8290000000001783, 0, , , 3339.8290000000001783, 1, , , 3339.8290000000001783, 1, , , 3339.8290000000001783, 0
, , 3339.8339999999998327, 0, , , 3339.8339999999998327, 1, , , 3339.8339999999998327, 1, , , 3339.8339999999998327, 0
, , 3339.8389999999999418, 0, , , 3339.8389999999999418, 1, , , 3339.8389999999999418, 1, , , 3339.8389999999999418, 0
, , 3339.8429999999998472, 0, , , 3339.8429999999998472, 1, , , 3339.8429999999998472, 1, , , 3339.8429999999998472, 0
, , 3339.8479999999999563, 0, , , 3339.8479999999999563, 1, , , 3339.8479999999999563, 1, , , 3339.8479999999999563, 0
, , 3339.8530000000000655, 0, , , 3339.8530000000000655, 1, , , 3339.8530000000000655, 1, , , 3339.8530000000000655, 0
, , 3339.8589999999999236, 0, , , 3339.8589999999999236, 1, , , 3339.8589999999999236, 1, , , 3339.8589999999999236, 0
, , 3339.862999999999829, 0, , , 3339.862999999999829, 1, , , 3339.862999999999829, 1, , , 3339.862999999999829, 0
, , 3339.8699999999998909, 0, , , 3339.8699999999998909, 1, , , 3339.8699999999998909, 1, , , 3339.8699999999998909, 0
, , 3339.8730000000000473, 0, , , 3339.8730000000000473, 1, , , 3339.8730000000000473, 1, , , 3339.8730000000000473, 0
, , 3339.8780000000001564, 0, , , 3339.8780000000001564, 1, , , 3339.8780000000001564, 1, , , 3339.8780000000001564, 0
, , 3339.8829999999998108, 0, , , 3339.8829999999998108, 1, , , 3339.8829999999998108, 1, , , 3339.8829999999998108, 0
, , 3339.88799999999992, 0, , , 3339.88799999999992, 1, , , 3339.88799999999992, 1, , , 3339.88799999999992, 0
, , 3339.8919999999998254, 0, , , 3339.8919999999998254, 1, , , 3339.8919999999998254, 1, , , 3339.8919999999998254, 0
, , 3339.8989999999998872, 0, , , 3339.8989999999998872, 1, , , 3339.8989999999998872, 1, , , 3339.8989999999998872, 0
, , 3339.9029999999997926, 0, , , 3339.9029999999997926, 1, , , 3339.9029999999997926, 1, , , 3339.9029999999997926, 0
, , 3339.9090000000001055, 0, , , 3339.9090000000001055, 1, , , 3339.9090000000001055, 1, , , 3339.9090000000001055, 0
, , 3339.9130000000000109, 0, , , 3339.9130000000000109, 1, , , 3339.9130000000000109, 1, , , 3339.9130000000000109, 0
, , 3339.9180000000001201, 0, , , 3339.9180000000001201, 1, , , 3339.9180000000001201, 1, , , 3339.9180000000001201, 0
, , 3339.9229999999997744, 0, , , 3339.9229999999997744, 1, , , 3339.9229999999997744, 1, , , 3339.9229999999997744, 0
, , 3339.9279999999998836, 0, , , 3339.9279999999998836, 1, , , 3339.9279999999998836, 1, , , 3339.9279999999998836, 0
, , 3339.9329999999999927, 0, , , 3339.9329999999999927, 1, , , 3339.9329999999999927, 1, , , 3339.9329999999999927, 0
, , 3339.9380000000001019, 0, , , 3339.9380000000001019, 1, , , 3339.9380000000001019, 1, , , 3339.9380000000001019, 0
, , 3339.94399999999996, 0, , , 3339.94399999999996, 1, , , 3339.94399999999996, 1, , , 3339.94399999999996, 0
, , 3339.9479999999998654, 0, , , 3339.9479999999998654, 1, , , 3339.9479999999998654, 1, , , 3339.9479999999998654, 0
, , 3339.9549999999999272, 1, , , 3339.9549999999999272, 1, , , 3339.9549999999999272, 1, , , 3339.9549999999999272, 1
, , 3339.9580000000000837, 1, , , 3339.9580000000000837, 1, , , 3339.9580000000000837, 1, , , 3339.9580000000000837, 1
, , 3339.9650000000001455, 1, , , 3339.9650000000001455, 1, , , 3339.9650000000001455, 1, , , 3339.9650000000001455, 1
, , 3339.9659999999998945, 1, , , 3339.9659999999998945, 1, , , 3339.9659999999998945, 1, , , 3339.9659999999998945, 1
, , 3339.9729999999999563, 1, , , 3339.9729999999999563, 1, , , 3339.9729999999999563, 1, , , 3339.9729999999999563, 1
, , 3339.9780000000000655, 1, , , 3339.9780000000000655, 1, , , 3339.9780000000000655, 1, , , 3339.9780000000000655, 1
, , 3339.9830000000001746, 1, , , 3339.9830000000001746, 1, , , 3339.9830000000001746, 1, , , 3339.9830000000001746, 1
, , 3339.9890000000000327, 1, , , 3339.9890000000000327, 1, , , 3339.9890000000000327, 1, , , 3339.9890000000000327, 1
, , 3339.9929999999999382, 1, , , 3339.9929999999999382, 1, , , 3339.9929999999999382, 1, , , 3339.9929999999999382, 1
, , 3340, 1, , , 3340, 1, , , 3340, 1, , , 3340, 1
, , 3340.0030000000001564, 1, , , 3340.0030000000001564, 1, , , 3340.0030000000001564, 1, , , 3340.0030000000001564, 1
, , 3340.0079999999998108, 1, , , 3340.0079999999998108, 1, , , 3340.0079999999998108, 1, , , 3340.0079999999998108, 1
, , 3340.01299999999992, 1, , , 3340.01299999999992, 1, , , 3340.01299999999992, 1, , , 3340.01299999999992, 1
, , 3340.0180000000000291, 1, , , 3340.0180000000000291, 1, , , 3340.0180000000000291, 1, , , 3340.0180000000000291, 1
, , 3340.0239999999998872, 1, , , 3340.0239999999998872, 0, , , 3340.0239999999998872, 0, , , 3340.0239999999998872, 1
, , 3340.0279999999997926, 1, , , 3340.0279999999997926, 0, , , 3340.0279999999997926, 0, , , 3340.0279999999997926, 1
, , 3340.0329999999999018, 1, , , 3340.0329999999999018, 0, , , 3340.0329999999999018, 0, , , 3340.0329999999999018, 1
, , 3340.0380000000000109, 1, , , 3340.0380000000000109, 0, , , 3340.0380000000000109, 0, , , 3340.0380000000000109, 1
, , 3340.0430000000001201, 1, , , 3340.0430000000001201, 0, , , 3340.0430000000001201, 0, , , 3340.0430000000001201, 1
, , 3340.0479999999997744, 1, , , 3340.0479999999997744, 0, , , 3340.0479999999997744, 0, , , 3340.0479999999997744, 1
, , 3340.0529999999998836, 1, , , 3340.0529999999998836, 0, , , 3340.0529999999998836, 0, , , 3340.0529999999998836, 1
, , 3340.0590000000001965, 1, , , 3340.0590000000001965, 0, , , 3340.0590000000001965, 0, , , 3340.0590000000001965, 1
, , 3340.0639999999998508, 1, , , 3340.0639999999998508, 0, , , 3340.0639999999998508, 0, , , 3340.0639999999998508, 1
, , 3340.068000000000211, 1, , , 3340.068000000000211, 0, , , 3340.068000000000211, 0, , , 3340.068000000000211, 1
, , 3340.0729999999998654, 1, , , 3340.0729999999998654, 0, , , 3340.0729999999998654, 0, , , 3340.0729999999998654, 1
, , 3340.0779999999999745, 1, , , 3340.0779999999999745, 0, , , 3340.0779999999999745, 0, , , 3340.0779999999999745, 1
, , 3340.0830000000000837, 1, , , 3340.0830000000000837, 0, , , 3340.0830000000000837, 0, , , 3340.0830000000000837, 1
, , 3340.0889999999999418, 1, , , 3340.0889999999999418, 0, , , 3340.0889999999999418, 0, , , 3340.0889999999999418, 1
, , 3340.0929999999998472, 1, , , 3340.0929999999998472, 0, , , 3340.0929999999998472, 0, , , 3340.0929999999998472, 1
, , 3340.0990000000001601, 1, , , 3340.0990000000001601, 0, , , 3340.0990000000001601, 0, , , 3340.0990000000001601, 1
, , 3340.1030000000000655, 1, , , 3340.1030000000000655, 0, , , 3340.1030000000000655, 0, , , 3340.1030000000000655, 1
, , 3340.1080000000001746, 1, , , 3340.1080000000001746, 0, , , 3340.1080000000001746, 0, , , 3340.1080000000001746, 1
, , 3340.112999999999829, 1, , , 3340.112999999999829, 0, , , 3340.112999999999829, 0, , , 3340.112999999999829, 1
, , 3340.1179999999999382, 1, , , 3340.1179999999999382, 0, , , 3340.1179999999999382, 0, , , 3340.1179999999999382, 1
, , 3340.1230000000000473, 1, , , 3340.1230000000000473, 0, , , 3340.1230000000000473, 0, , , 3340.1230000000000473, 1
, , 3340.1280000000001564, 1, , , 3340.1280000000001564, 0, , , 3340.1280000000001564, 0, , , 3340.1280000000001564, 1
, , 3340.1340000000000146, 1, , , 3340.1340000000000146, 0, , , 3340.1340000000000146, 0, , , 3340.1340000000000146, 1
, , 3340.1390000000001237, 1, , , 3340.1390000000001237, 0, , , 3340.1390000000001237, 0, , , 3340.1390000000001237, 1
, , 3340.1449999999999818, 1, , , 3340.1449999999999818, 0, , , 3340.1449999999999818, 0, , , 3340.1449999999999818, 1
, , 3340.1480000000001382, 1, , , 3340.1480000000001382, 0, , , 3340.1480000000001382, 0, , , 3340.1480000000001382, 1
, , 3340.1529999999997926, 1, , , 3340.1529999999997926, 0, , , 3340.1529999999997926, 0, , , 3340.1529999999997926, 1
, , 3340.1570000000001528, 1, , , 3340.1570000000001528, 0, , , 3340.1570000000001528, 0, , , 3340.1570000000001528, 1
, , 3340.1630000000000109, 1, , , 3340.1630000000000109, 0, , , 3340.1630000000000109, 0, , , 3340.1630000000000109, 1
, , 3340.1700000000000728, 1, , , 3340.1700000000000728, 0, , , 3340.1700000000000728, 0, , , 3340.1700000000000728, 1
, , 3340.1729999999997744, 1, , , 3340.1729999999997744, 0, , , 3340.1729999999997744, 0, , , 3340.1729999999997744, 1
, , 3340.1779999999998836, 1, , , 3340.1779999999998836, 0, , , 3340.1779999999998836, 0, , , 3340.1779999999998836, 1
, , 3340.1829999999999927, 1, , , 3340.1829999999999927, 0, , , 3340.1829999999999927, 0, , , 3340.1829999999999927, 1
, , 3340.1880000000001019, 1, , , 3340.1880000000001019, 0, , , 3340.1880000000001019, 0, , , 3340.1880000000001019, 1
, , 3340.193000000000211, 1, , , 3340.193000000000211, 0, , , 3340.193000000000211, 0, , , 3340.193000000000211, 1
, , 3340.1979999999998654, 1, , , 3340.1979999999998654, 0, , , 3340.1979999999998654, 0, , , 3340.1979999999998654, 1
, , 3340.2029999999999745, 1, , , 3340.2029999999999745, 0, , , 3340.2029999999999745, 0, , , 3340.2029999999999745, 1
, , 3340.2080000000000837, 1, , , 3340.2080000000000837, 0, , , 3340.2080000000000837, 0, , , 3340.2080000000000837, 1
, , 3340.2130000000001928, 1, , , 3340.2130000000001928, 0, , , 3340.2130000000001928, 0, , , 3340.2130000000001928, 1
, , 3340.2179999999998472, 1, , , 3340.2179999999998472, 0, , , 3340.2179999999998472, 0, , , 3340.2179999999998472, 1
, , 3340.2229999999999563, 1, , , 3340.2229999999999563, 0, , , 3340.2229999999999563, 0, , , 3340.2229999999999563, 1
, , 3340.2280000000000655, 1, , , 3340.2280000000000655, 0, , , 3340.2280000000000655, 0, , , 3340.2280000000000655, 1
, , 3340.2339999999999236, 1, , , 3340.2339999999999236, 0, , , 3340.2339999999999236, 0, , , 3340.2339999999999236, 1
, , 3340.237999999999829, 1, , , 3340.237999999999829, 0, , , 3340.237999999999829, 0, , , 3340.237999999999829, 1
, , 3340.2429999999999382, 1, , , 3340.2429999999999382, 0, , , 3340.2429999999999382, 0, , , 3340.2429999999999382, 1
, , 3340.2469999999998436, 1, , , 3340.2469999999998436, 0, , , 3340.2469999999998436, 0, , , 3340.2469999999998436, 1
, , 3340.2530000000001564, 1, , , 3340.2530000000001564, 0, , , 3340.2530000000001564, 0, , , 3340.2530000000001564, 1
, , 3340.2579999999998108, 1, , , 3340.2579999999998108, 0, , , 3340.2579999999998108, 0, , , 3340.2579999999998108, 1
, , 3340.26299999999992, 1, , , 3340.26299999999992, 0, , , 3340.26299999999992, 0, , , 3340.26299999999992, 1
, , 3340.2689999999997781, 1, , , 3340.2689999999997781, 0, , , 3340.2689999999997781, 0, , , 3340.2689999999997781, 1
, , 3340.2730000000001382, 1, , , 3340.2730000000001382, 0, , , 3340.2730000000001382, 0, , , 3340.2730000000001382, 1
, , 3340.2779999999997926, 1, , , 3340.2779999999997926, 1, , , 3340.2779999999997926, 1, , , 3340.2779999999997926, 1
, , 3340.2829999999999018, 1, , , 3340.2829999999999018, 1, , , 3340.2829999999999018, 1, , , 3340.2829999999999018, 1
, , 3340.2890000000002146, 1, , , 3340.2890000000002146, 1, , , 3340.2890000000002146, 1, , , 3340.2890000000002146, 1
, , 3340.293999999999869, 1, , , 3340.293999999999869, 1, , , 3340.293999999999869, 1, , , 3340.293999999999869, 1
, , 3340.2979999999997744, 1, , , 3340.2979999999997744, 1, , , 3340.2979999999997744, 1, , , 3340.2979999999997744, 1
, , 3340.3029999999998836, 1, , , 3340.3029999999998836, 1, , , 3340.3029999999998836, 1, , , 3340.3029999999998836, 1
, , 3340.3090000000001965, 1, , , 3340.3090000000001965, 1, , , 3340.3090000000001965, 1, , , 3340.3090000000001965, 1
, , 3340.3130000000001019, 1, , , 3340.3130000000001019, 1, , , 3340.3130000000001019, 1, , , 3340.3130000000001019, 1
, , 3340.318000000000211, 1, , , 3340.318000000000211, 1, , , 3340.318000000000211, 1, , , 3340.318000000000211, 1
, , 3340.3229999999998654, 1, , , 3340.3229999999998654, 1, , , 3340.3229999999998654, 1, , , 3340.3229999999998654, 1
, , 3340.3279999999999745, 1, , , 3340.3279999999999745, 1, , , 3340.3279999999999745, 1, , , 3340.3279999999999745, 1
, , 3340.3339999999998327, 1, , , 3340.3339999999998327, 1, , , 3340.3339999999998327, 1, , , 3340.3339999999998327, 1
, , 3340.3380000000001928, 1, , , 3340.3380000000001928, 1, , , 3340.3380000000001928, 1, , , 3340.3380000000001928, 1
, , 3340.3429999999998472, 1, , , 3340.3429999999998472, 1, , , 3340.3429999999998472, 1, , , 3340.3429999999998472, 1
, , 3340.3479999999999563, 1, , , 3340.3479999999999563, 1, , , 3340.3479999999999563, 1, , , 3340.3479999999999563, 1
, , 3340.3539999999998145, 0, , , 3340.3539999999998145, 1, , , 3340.3539999999998145, 1, , , 3340.3539999999998145, 0
, , 3340.3580000000001746, 0, , , 3340.3580000000001746, 1, , , 3340.3580000000001746, 1, , , 3340.3580000000001746, 0
, , 3340.362999999999829, 0, , , 3340.362999999999829, 1, , , 3340.362999999999829, 1, , , 3340.362999999999829, 0
, , 3340.3679999999999382, 0, , , 3340.3679999999999382, 1, , , 3340.3679999999999382, 1, , , 3340.3679999999999382, 0
, , 3340.3739999999997963, 0, , , 3340.3739999999997963, 1, , , 3340.3739999999997963, 1, , , 3340.3739999999997963, 0
, , 3340.3769999999999527, 0, , , 3340.3769999999999527, 1, , , 3340.3769999999999527, 1, , , 3340.3769999999999527, 0
, , 3340.3840000000000146, 0, , , 3340.3840000000000146, 1, , , 3340.3840000000000146, 1, , , 3340.3840000000000146, 0
, , 3340.38799999999992, 0, , , 3340.38799999999992, 1, , , 3340.38799999999992, 1, , , 3340.38799999999992, 0
, , 3340.3930000000000291, 0, , , 3340.3930000000000291, 1, , , 3340.3930000000000291, 1, , , 3340.3930000000000291, 0
, , 3340.3989999999998872, 0, , , 3340.3989999999998872, 1, , , 3340.3989999999998872, 1, , , 3340.3989999999998872, 0
, , 3340.4050000000002001, 0, , , 3340.4050000000002001, 1, , , 3340.4050000000002001, 1, , , 3340.4050000000002001, 0
, , 3340.4110000000000582, 0, , , 3340.4110000000000582, 1, , , 3340.4110000000000582, 1, , , 3340.4110000000000582, 0
, , 3340.4130000000000109, 0, , , 3340.4130000000000109, 1, , , 3340.4130000000000109, 1, , , 3340.4130000000000109, 0
, , 3340.4180000000001201, 0, , , 3340.4180000000001201, 1, , , 3340.4180000000001201, 1, , , 3340.4180000000001201, 0
, , 3340.4239999999999782, 0, , , 3340.4239999999999782, 1, , , 3340.4239999999999782, 1, , , 3340.4239999999999782, 0
, , 3340.4290000000000873, 0, , , 3340.4290000000000873, 1, , , 3340.4290000000000873, 1, , , 3340.4290000000000873, 0
, , 3340.4349999999999454, 0, , , 3340.4349999999999454, 1, , , 3340.4349999999999454, 1, , , 3340.4349999999999454, 0
, , 3340.4389999999998508, 0, , , 3340.4389999999998508, 1, , , 3340.4389999999998508, 1, , , 3340.4389999999998508, 0
, , 3340.443000000000211, 0, , , 3340.443000000000211, 1, , , 3340.443000000000211, 1, , , 3340.443000000000211, 0
, , 3340.4479999999998654, 0, , , 3340.4479999999998654, 1, , , 3340.4479999999998654, 1, , , 3340.4479999999998654, 0
, , 3340.4529999999999745, 0, , , 3340.4529999999999745, 1, , , 3340.4529999999999745, 1, , , 3340.4529999999999745, 0
, , 3340.4580000000000837, 0, , , 3340.4580000000000837, 1, , , 3340.4580000000000837, 1, , , 3340.4580000000000837, 0
, , 3340.4630000000001928, 0, , , 3340.4630000000001928, 1, , , 3340.4630000000001928, 1, , , 3340.4630000000001928, 0
, , 3340.4699999999997999, 0, , , 3340.4699999999997999, 1, , , 3340.4699999999997999, 1, , , 3340.4699999999997999, 0
, , 3340.4729999999999563, 0, , , 3340.4729999999999563, 1, , , 3340.4729999999999563, 1, , , 3340.4729999999999563, 0
, , 3340.4769999999998618, 0, , , 3340.4769999999998618, 1, , , 3340.4769999999998618, 1, , , 3340.4769999999998618, 0
, , 3340.4830000000001746, 0, , , 3340.4830000000001746, 1, , , 3340.4830000000001746, 1, , , 3340.4830000000001746, 0
, , 3340.4890000000000327, 0, , , 3340.4890000000000327, 1, , , 3340.4890000000000327, 1, , , 3340.4890000000000327, 0
, , 3340.4929999999999382, 0, , , 3340.4929999999999382, 1, , , 3340.4929999999999382, 1, , , 3340.4929999999999382, 0
, , 3340.4980000000000473, 0, , , 3340.4980000000000473, 1, , , 3340.4980000000000473, 1, , , 3340.4980000000000473, 0
, , 3340.5030000000001564, 0, , , 3340.5030000000001564, 1, , , 3340.5030000000001564, 1, , , 3340.5030000000001564, 0
, , 3340.5079999999998108, 0, , , 3340.5079999999998108, 1, , , 3340.5079999999998108, 1, , , 3340.5079999999998108, 0
, , 3340.51299999999992, 0, , , 3340.51299999999992, 1, , , 3340.51299999999992, 1, , , 3340.51299999999992, 0
, , 3340.5180000000000291, 0, , , 3340.5180000000000291, 1, , , 3340.5180000000000291, 1, , , 3340.5180000000000291, 0
, , 3340.5230000000001382, 0, , , 3340.5230000000001382, 1, , , 3340.5230000000001382, 1, , , 3340.5230000000001382, 0
, , 3340.5279999999997926, 0, , , 3340.5279999999997926, 1, , , 3340.5279999999997926, 1, , , 3340.5279999999997926, 0
, , 3340.5329999999999018, 0, , , 3340.5329999999999018, 1, , , 3340.5329999999999018, 1, , , 3340.5329999999999018, 0
, , 3340.5380000000000109, 0, , , 3340.5380000000000109, 1, , , 3340.5380000000000109, 1, , , 3340.5380000000000109, 0
, , 3340.5459999999998217, 0, , , 3340.5459999999998217, 1, , , 3340.5459999999998217, 1, , , 3340.5459999999998217, 0
, , 3340.5489999999999782, 0, , , 3340.5489999999999782, 1, , , 3340.5489999999999782, 1, , , 3340.5489999999999782, 0
, , 3340.5529999999998836, 0, , , 3340.5529999999998836, 1, , , 3340.5529999999998836, 1, , , 3340.5529999999998836, 0
, , 3340.5579999999999927, 0, , , 3340.5579999999999927, 1, , , 3340.5579999999999927, 1, , , 3340.5579999999999927, 0
, , 3340.5630000000001019, 0, , , 3340.5630000000001019, 1, , , 3340.5630000000001019, 1, , , 3340.5630000000001019, 0
, , 3340.568000000000211, 0, , , 3340.568000000000211, 1, , , 3340.568000000000211, 1, , , 3340.568000000000211, 0
, , 3340.56899999999996, 0, , , 3340.56899999999996, 1, , , 3340.56899999999996, 1, , , 3340.56899999999996, 0
, , 3340.5770000000002256, 0, , , 3340.5770000000002256, 1, , , 3340.5770000000002256, 1, , , 3340.5770000000002256, 0
, , 3340.5839999999998327, 0, , , 3340.5839999999998327, 1, , , 3340.5839999999998327, 1, , , 3340.5839999999998327, 0
, , 3340.5880000000001928, 0, , , 3340.5880000000001928, 1, , , 3340.5880000000001928, 1, , , 3340.5880000000001928, 0
, , 3340.5940000000000509, 0, , , 3340.5940000000000509, 1, , , 3340.5940000000000509, 1, , , 3340.5940000000000509, 0
, , 3340.5979999999999563, 0, , , 3340.5979999999999563, 1, , , 3340.5979999999999563, 1, , , 3340.5979999999999563, 0
, , 3340.6030000000000655, 1, , , 3340.6030000000000655, 1, , , 3340.6030000000000655, 1, , , 3340.6030000000000655, 1
, , 3340.6080000000001746, 1, , , 3340.6080000000001746, 1, , , 3340.6080000000001746, 1, , , 3340.6080000000001746, 1
, , 3340.612999999999829, 1, , , 3340.612999999999829, 1, , , 3340.612999999999829, 1, , , 3340.612999999999829, 1
, , 3340.6179999999999382, 1, , , 3340.6179999999999382, 1, , , 3340.6179999999999382, 1, , , 3340.6179999999999382, 1
, , 3340.6230000000000473, 1, , , 3340.6230000000000473, 1, , , 3340.6230000000000473, 1, , , 3340.6230000000000473, 1
, , 3340.6289999999999054, 1, , , 3340.6289999999999054, 1, , , 3340.6289999999999054, 1, , , 3340.6289999999999054, 1
, , 3340.6329999999998108, 1, , , 3340.6329999999998108, 1, , , 3340.6329999999998108, 1, , , 3340.6329999999998108, 1
, , 3340.6390000000001237, 1, , , 3340.6390000000001237, 1, , , 3340.6390000000001237, 1, , , 3340.6390000000001237, 1
, , 3340.6430000000000291, 1, , , 3340.6430000000000291, 1, , , 3340.6430000000000291, 1, , , 3340.6430000000000291, 1
, , 3340.6480000000001382, 1, , , 3340.6480000000001382, 1, , , 3340.6480000000001382, 1, , , 3340.6480000000001382, 1
, , 3340.6529999999997926, 1, , , 3340.6529999999997926, 1, , , 3340.6529999999997926, 1, , , 3340.6529999999997926, 1
, , 3340.6579999999999018, 1, , , 3340.6579999999999018, 1, , , 3340.6579999999999018, 1, , , 3340.6579999999999018, 1
, , 3340.6630000000000109, 1, , , 3340.6630000000000109, 1, , , 3340.6630000000000109, 1, , , 3340.6630000000000109, 1
, , 3340.6680000000001201, 1, , , 3340.6680000000001201, 1, , , 3340.6680000000001201, 1, , , 3340.6680000000001201, 1
, , 3340.6729999999997744, 1, , , 3340.6729999999997744, 1, , , 3340.6729999999997744, 1, , , 3340.6729999999997744, 1
, , 3340.6779999999998836, 1, , , 3340.6779999999998836, 0, , , 3340.6779999999998836, 0, , , 3340.6779999999998836, 1
, , 3340.6829999999999927, 1, , , 3340.6829999999999927, 0, , , 3340.6829999999999927, 0, , , 3340.6829999999999927, 1
, , 3340.6880000000001019, 1, , , 3340.6880000000001019, 0, , , 3340.6880000000001019, 0, , , 3340.6880000000001019, 1
, , 3340.693000000000211, 1, , , 3340.693000000000211, 0, , , 3340.693000000000211, 0, , , 3340.693000000000211, 1
, , 3340.6990000000000691, 1, , , 3340.6990000000000691, 0, , , 3340.6990000000000691, 0, , , 3340.6990000000000691, 1
, , 3340.7029999999999745, 1, , , 3340.7029999999999745, 0, , , 3340.7029999999999745, 0, , , 3340.7029999999999745, 1
, , 3340.7080000000000837, 1, , , 3340.7080000000000837, 0, , , 3340.7080000000000837, 0, , , 3340.7080000000000837, 1
, , 3340.7139999999999418, 1, , , 3340.7139999999999418, 0, , , 3340.7139999999999418, 0, , , 3340.7139999999999418, 1
, , 3340.7179999999998472, 1, , , 3340.7179999999998472, 0, , , 3340.7179999999998472, 0, , , 3340.7179999999998472, 1
, , 3340.7229999999999563, 1, , , 3340.7229999999999563, 0, , , 3340.7229999999999563, 0, , , 3340.7229999999999563, 1
, , 3340.7280000000000655, 1, , , 3340.7280000000000655, 0, , , 3340.7280000000000655, 0, , , 3340.7280000000000655, 1
, , 3340.7330000000001746, 1, , , 3340.7330000000001746, 0, , , 3340.7330000000001746, 0, , , 3340.7330000000001746, 1
, , 3340.737999999999829, 1, , , 3340.737999999999829, 0, , , 3340.737999999999829, 0, , , 3340.737999999999829, 1
, , 3340.7429999999999382, 1, , , 3340.7429999999999382, 0, , , 3340.7429999999999382, 0, , , 3340.7429999999999382, 1
, , 3340.7480000000000473, 1, , , 3340.7480000000000473, 0, , , 3340.7480000000000473, 0, , , 3340.7480000000000473, 1
, , 3340.7530000000001564, 1, , , 3340.7530000000001564, 0, , , 3340.7530000000001564, 0, , , 3340.7530000000001564, 1
, , 3340.7579999999998108, 1, , , 3340.7579999999998108, 0, , , 3340.7579999999998108, 0, , , 3340.7579999999998108, 1
, , 3340.76299999999992, 1, , , 3340.76299999999992, 0, , , 3340.76299999999992, 0, , , 3340.76299999999992, 1
, , 3340.7680000000000291, 1, , , 3340.7680000000000291, 0, , , 3340.7680000000000291, 0, , , 3340.7680000000000291, 1
, , 3340.7730000000001382, 1, , , 3340.7730000000001382, 0, , , 3340.7730000000001382, 0, , , 3340.7730000000001382, 1
, , 3340.7779999999997926, 1, , , 3340.7779999999997926, 0, , , 3340.7779999999997926, 0, , , 3340.7779999999997926, 1
, , 3340.7829999999999018, 1, , , 3340.7829999999999018, 0, , , 3340.7829999999999018, 0, , , 3340.7829999999999018, 1
, , 3340.7880000000000109, 1, , , 3340.7880000000000109, 0, , , 3340.7880000000000109, 0, , , 3340.7880000000000109, 1
, , 3340.7930000000001201, 1, , , 3340.7930000000001201, 0, , , 3340.7930000000001201, 0, , , 3340.7930000000001201, 1
, , 3340.7989999999999782, 1, , , 3340.7989999999999782, 0, , , 3340.7989999999999782, 0, , , 3340.7989999999999782, 1
, , 3340.8029999999998836, 1, , , 3340.8029999999998836, 0, , , 3340.8029999999998836, 0, , , 3340.8029999999998836, 1
, , 3340.8079999999999927, 1, , , 3340.8079999999999927, 0, , , 3340.8079999999999927, 0, , , 3340.8079999999999927, 1
, , 3340.8139999999998508, 1, , , 3340.8139999999998508, 0, , , 3340.8139999999998508, 0, , , 3340.8139999999998508, 1
, , 3340.8170000000000073, 1, , , 3340.8170000000000073, 0, , , 3340.8170000000000073, 0, , , 3340.8170000000000073, 1
, , 3340.8220000000001164, 1, , , 3340.8220000000001164, 0, , , 3340.8220000000001164, 0, , , 3340.8220000000001164, 1
, , 3340.8279999999999745, 1, , , 3340.8279999999999745, 0, , , 3340.8279999999999745, 0, , , 3340.8279999999999745, 1
, , 3340.8330000000000837, 1, , , 3340.8330000000000837, 0, , , 3340.8330000000000837, 0, , , 3340.8330000000000837, 1
, , 3340.8380000000001928, 1, , , 3340.8380000000001928, 0, , , 3340.8380000000001928, 0, , , 3340.8380000000001928, 1
, , 3340.8440000000000509, 1, , , 3340.8440000000000509, 0, , , 3340.8440000000000509, 0, , , 3340.8440000000000509, 1
, , 3340.8479999999999563, 1, , , 3340.8479999999999563, 0, , , 3340.8479999999999563, 0, , , 3340.8479999999999563, 1
, , 3340.8530000000000655, 1, , , 3340.8530000000000655, 0, , , 3340.8530000000000655, 0, , , 3340.8530000000000655, 1
, , 3340.8580000000001746, 1, , , 3340.8580000000001746, 0, , , 3340.8580000000001746, 0, , , 3340.8580000000001746, 1
, , 3340.8640000000000327, 1, , , 3340.8640000000000327, 0, , , 3340.8640000000000327, 0, , , 3340.8640000000000327, 1
, , 3340.8679999999999382, 1, , , 3340.8679999999999382, 0, , , 3340.8679999999999382, 0, , , 3340.8679999999999382, 1
, , 3340.8739999999997963, 1, , , 3340.8739999999997963, 0, , , 3340.8739999999997963, 0, , , 3340.8739999999997963, 1
, , 3340.8789999999999054, 1, , , 3340.8789999999999054, 0, , , 3340.8789999999999054, 0, , , 3340.8789999999999054, 1
, , 3340.8840000000000146, 1, , , 3340.8840000000000146, 0, , , 3340.8840000000000146, 0, , , 3340.8840000000000146, 1
, , 3340.8890000000001237, 1, , , 3340.8890000000001237, 0, , , 3340.8890000000001237, 0, , , 3340.8890000000001237, 1
, , 3340.8939999999997781, 1, , , 3340.8939999999997781, 0, , , 3340.8939999999997781, 0, , , 3340.8939999999997781, 1
, , 3340.8980000000001382, 1, , , 3340.8980000000001382, 0, , , 3340.8980000000001382, 0, , , 3340.8980000000001382, 1
, , 3340.9029999999997926, 1, , , 3340.9029999999997926, 0, , , 3340.9029999999997926, 0, , , 3340.9029999999997926, 1
, , 3340.9079999999999018, 1, , , 3340.9079999999999018, 0, , , 3340.9079999999999018, 0, , , 3340.9079999999999018, 1
, , 3340.9130000000000109, 1, , , 3340.9130000000000109, 0, , , 3340.9130000000000109, 0, , , 3340.9130000000000109, 1
, , 3340.9180000000001201, 1, , , 3340.9180000000001201, 0, , , 3340.9180000000001201, 0, , , 3340.9180000000001201, 1
, , 3340.9229999999997744, 1, , , 3340.9229999999997744, 0, , , 3340.9229999999997744, 0, , , 3340.9229999999997744, 1
, , 3340.9279999999998836, 1, , , 3340.9279999999998836, 1, , , 3340.9279999999998836, 1, , , 3340.9279999999998836, 1
, , 3340.9329999999999927, 1, , , 3340.9329999999999927, 1, , , 3340.9329999999999927, 1, , , 3340.9329999999999927, 1
, , 3340.9389999999998508, 1, , , 3340.9389999999998508, 1, , , 3340.9389999999998508, 1, , , 3340.9389999999998508, 1
, , 3340.94399999999996, 1, , , 3340.94399999999996, 1, , , 3340.94399999999996, 1, , , 3340.94399999999996, 1
, , 3340.9479999999998654, 1, , , 3340.9479999999998654, 1, , , 3340.9479999999998654, 1, , , 3340.9479999999998654, 1
, , 3340.9540000000001783, 1, , , 3340.9540000000001783, 1, , , 3340.9540000000001783, 1, , , 3340.9540000000001783, 1
, , 3340.9580000000000837, 1, , , 3340.9580000000000837, 1, , , 3340.9580000000000837, 1, , , 3340.9580000000000837, 1
, , 3340.9630000000001928, 1, , , 3340.9630000000001928, 1, , , 3340.9630000000001928, 1, , , 3340.9630000000001928, 1
, , 3340.9679999999998472, 1, , , 3340.9679999999998472, 1, , , 3340.9679999999998472, 1, , , 3340.9679999999998472, 1
, , 3340.9729999999999563, 1, , , 3340.9729999999999563, 1, , , 3340.9729999999999563, 1, , , 3340.9729999999999563, 1
, , 3340.9780000000000655, 1, , , 3340.9780000000000655, 1, , , 3340.9780000000000655, 1, , , 3340.9780000000000655, 1
, , 3340.9830000000001746, 1, , , 3340.9830000000001746, 1, , , 3340.9830000000001746, 1, , , 3340.9830000000001746, 1
, , 3340.987999999999829, 1, , , 3340.987999999999829, 1, , , 3340.987999999999829, 1, , , 3340.987999999999829, 1
, , 3340.9929999999999382, 1, , , 3340.9929999999999382, 1, , , 3340.9929999999999382, 1, , , 3340.9929999999999382, 1
, , 3340.9989999999997963, 0, , , 3340.9989999999997963, 1, , , 3340.9989999999997963, 1, , , 3340.9989999999997963, 0
, , 3341.0030000000001564, 0, , , 3341.0030000000001564, 1, , , 3341.0030000000001564, 1, , , 3341.0030000000001564, 0
, , 3341.0079999999998108, 0, , , 3341.0079999999998108, 1, , , 3341.0079999999998108, 1, , , 3341.0079999999998108, 0
, , 3341.0140000000001237, 0, , , 3341.0140000000001237, 1, , , 3341.0140000000001237, 1, , , 3341.0140000000001237, 0
, , 3341.0189999999997781, 0, , , 3341.0189999999997781, 1, , , 3341.0189999999997781, 1, , , 3341.0189999999997781, 0
, , 3341.0230000000001382, 0, , , 3341.0230000000001382, 1, , , 3341.0230000000001382, 1, , , 3341.0230000000001382, 0
, , 3341.0279999999997926, 0, , , 3341.0279999999997926, 1, , , 3341.0279999999997926, 1, , , 3341.0279999999997926, 0
, , 3341.0320000000001528, 0, , , 3341.0320000000001528, 1, , , 3341.0320000000001528, 1, , , 3341.0320000000001528, 0
, , 3341.0380000000000109, 0, , , 3341.0380000000000109, 1, , , 3341.0380000000000109, 1, , , 3341.0380000000000109, 0
, , 3341.0430000000001201, 0, , , 3341.0430000000001201, 1, , , 3341.0430000000001201, 1, , , 3341.0430000000001201, 0
, , 3341.0489999999999782, 0, , , 3341.0489999999999782, 1, , , 3341.0489999999999782, 1, , , 3341.0489999999999782, 0
, , 3341.0540000000000873, 0, , , 3341.0540000000000873, 1, , , 3341.0540000000000873, 1, , , 3341.0540000000000873, 0
, , 3341.0590000000001965, 0, , , 3341.0590000000001965, 1, , , 3341.0590000000001965, 1, , , 3341.0590000000001965, 0
, , 3341.0639999999998508, 0, , , 3341.0639999999998508, 1, , , 3341.0639999999998508, 1, , , 3341.0639999999998508, 0
, , 3341.068000000000211, 0, , , 3341.068000000000211, 1, , , 3341.068000000000211, 1, , , 3341.068000000000211, 0
, , 3341.0729999999998654, 0, , , 3341.0729999999998654, 1, , , 3341.0729999999998654, 1, , , 3341.0729999999998654, 0
, , 3341.0779999999999745, 0, , , 3341.0779999999999745, 1, , , 3341.0779999999999745, 1, , , 3341.0779999999999745, 0
, , 3341.0830000000000837, 0, , , 3341.0830000000000837, 1, , , 3341.0830000000000837, 1, , , 3341.0830000000000837, 0
, , 3341.0889999999999418, 0, , , 3341.0889999999999418, 1, , , 3341.0889999999999418, 1, , , 3341.0889999999999418, 0
, , 3341.0940000000000509, 0, , , 3341.0940000000000509, 1, , , 3341.0940000000000509, 1, , , 3341.0940000000000509, 0
, , 3341.0979999999999563, 0, , , 3341.0979999999999563, 1, , , 3341.0979999999999563, 1, , , 3341.0979999999999563, 0
, , 3341.1039999999998145, 0, , , 3341.1039999999998145, 1, , , 3341.1039999999998145, 1, , , 3341.1039999999998145, 0
, , 3341.1080000000001746, 0, , , 3341.1080000000001746, 1, , , 3341.1080000000001746, 1, , , 3341.1080000000001746, 0
, , 3341.1149999999997817, 0, , , 3341.1149999999997817, 1, , , 3341.1149999999997817, 1, , , 3341.1149999999997817, 0
, , 3341.1179999999999382, 0, , , 3341.1179999999999382, 1, , , 3341.1179999999999382, 1, , , 3341.1179999999999382, 0
, , 3341.1230000000000473, 0, , , 3341.1230000000000473, 1, , , 3341.1230000000000473, 1, , , 3341.1230000000000473, 0
, , 3341.1280000000001564, 0, , , 3341.1280000000001564, 1, , , 3341.1280000000001564, 1, , , 3341.1280000000001564, 0
, , 3341.1329999999998108, 0, , , 3341.1329999999998108, 1, , , 3341.1329999999998108, 1, , , 3341.1329999999998108, 0
, , 3341.13799999999992, 0, , , 3341.13799999999992, 1, , , 3341.13799999999992, 1, , , 3341.13799999999992, 0
, , 3341.1430000000000291, 0, , , 3341.1430000000000291, 1, , , 3341.1430000000000291, 1, , , 3341.1430000000000291, 0
, , 3341.1480000000001382, 0, , , 3341.1480000000001382, 1, , , 3341.1480000000001382, 1, , , 3341.1480000000001382, 0
, , 3341.1529999999997926, 0, , , 3341.1529999999997926, 1, , , 3341.1529999999997926, 1, , , 3341.1529999999997926, 0
, , 3341.1579999999999018, 0, , , 3341.1579999999999018, 1, , , 3341.1579999999999018, 1, , , 3341.1579999999999018, 0
, , 3341.1630000000000109, 0, , , 3341.1630000000000109, 1, , , 3341.1630000000000109, 1, , , 3341.1630000000000109, 0
, , 3341.1680000000001201, 0, , , 3341.1680000000001201, 1, , , 3341.1680000000001201, 1, , , 3341.1680000000001201, 0
, , 3341.1729999999997744, 0, , , 3341.1729999999997744, 1, , , 3341.1729999999997744, 1, , , 3341.1729999999997744, 0
, , 3341.1779999999998836, 0, , , 3341.1779999999998836, 1, , , 3341.1779999999998836, 1, , , 3341.1779999999998836, 0
, , 3341.1840000000001965, 0, , , 3341.1840000000001965, 1, , , 3341.1840000000001965, 1, , , 3341.1840000000001965, 0
, , 3341.1880000000001019, 0, , , 3341.1880000000001019, 1, , , 3341.1880000000001019, 1, , , 3341.1880000000001019, 0
, , 3341.193000000000211, 0, , , 3341.193000000000211, 1, , , 3341.193000000000211, 1, , , 3341.193000000000211, 0
, , 3341.1979999999998654, 0, , , 3341.1979999999998654, 1, , , 3341.1979999999998654, 1, , , 3341.1979999999998654, 0
, , 3341.2029999999999745, 0, , , 3341.2029999999999745, 1, , , 3341.2029999999999745, 1, , , 3341.2029999999999745, 0
, , 3341.2089999999998327, 0, , , 3341.2089999999998327, 1, , , 3341.2089999999998327, 1, , , 3341.2089999999998327, 0
, , 3341.2130000000001928, 0, , , 3341.2130000000001928, 1, , , 3341.2130000000001928, 1, , , 3341.2130000000001928, 0
, , 3341.2179999999998472, 0, , , 3341.2179999999998472, 1, , , 3341.2179999999998472, 1, , , 3341.2179999999998472, 0
, , 3341.2229999999999563, 0, , , 3341.2229999999999563, 1, , , 3341.2229999999999563, 1, , , 3341.2229999999999563, 0
, , 3341.2280000000000655, 0, , , 3341.2280000000000655, 1, , , 3341.2280000000000655, 1, , , 3341.2280000000000655, 0
, , 3341.2330000000001746, 0, , , 3341.2330000000001746, 1, , , 3341.2330000000001746, 1, , , 3341.2330000000001746, 0
, , 3341.23700000000008, 0, , , 3341.23700000000008, 1, , , 3341.23700000000008, 1, , , 3341.23700000000008, 0
, , 3341.2429999999999382, 0, , , 3341.2429999999999382, 1, , , 3341.2429999999999382, 1, , , 3341.2429999999999382, 0
, , 3341.2480000000000473, 0, , , 3341.2480000000000473, 1, , , 3341.2480000000000473, 1, , , 3341.2480000000000473, 0
, , 3341.2530000000001564, 1, , , 3341.2530000000001564, 1, , , 3341.2530000000001564, 1, , , 3341.2530000000001564, 1
, , 3341.2590000000000146, 1, , , 3341.2590000000000146, 1, , , 3341.2590000000000146, 1, , , 3341.2590000000000146, 1
, , 3341.26299999999992, 1, , , 3341.26299999999992, 1, , , 3341.26299999999992, 1, , , 3341.26299999999992, 1
, , 3341.2680000000000291, 1, , , 3341.2680000000000291, 1, , , 3341.2680000000000291, 1, , , 3341.2680000000000291, 1
, , 3341.2730000000001382, 1, , , 3341.2730000000001382, 1, , , 3341.2730000000001382, 1, , , 3341.2730000000001382, 1
, , 3341.2779999999997926, 1, , , 3341.2779999999997926, 1, , , 3341.2779999999997926, 1, , , 3341.2779999999997926, 1
, , 3341.2829999999999018, 1, , , 3341.2829999999999018, 1, , , 3341.2829999999999018, 1, , , 3341.2829999999999018, 1
, , 3341.2880000000000109, 1, , , 3341.2880000000000109, 1, , , 3341.2880000000000109, 1, , , 3341.2880000000000109, 1
, , 3341.293999999999869, 1, , , 3341.293999999999869, 1, , , 3341.293999999999869, 1, , , 3341.293999999999869, 1
, , 3341.2979999999997744, 1, , , 3341.2979999999997744, 1, , , 3341.2979999999997744, 1, , , 3341.2979999999997744, 1
, , 3341.3040000000000873, 1, , , 3341.3040000000000873, 1, , , 3341.3040000000000873, 1, , , 3341.3040000000000873, 1
, , 3341.3079999999999927, 1, , , 3341.3079999999999927, 1, , , 3341.3079999999999927, 1, , , 3341.3079999999999927, 1
, , 3341.3130000000001019, 1, , , 3341.3130000000001019, 1, , , 3341.3130000000001019, 1, , , 3341.3130000000001019, 1
, , 3341.318000000000211, 1, , , 3341.318000000000211, 1, , , 3341.318000000000211, 1, , , 3341.318000000000211, 1
, , 3341.3229999999998654, 1, , , 3341.3229999999998654, 0, , , 3341.3229999999998654, 0, , , 3341.3229999999998654, 1
, , 3341.3279999999999745, 1, , , 3341.3279999999999745, 0, , , 3341.3279999999999745, 0, , , 3341.3279999999999745, 1
, , 3341.3330000000000837, 1, , , 3341.3330000000000837, 0, , , 3341.3330000000000837, 0, , , 3341.3330000000000837, 1
, , 3341.3389999999999418, 1, , , 3341.3389999999999418, 0, , , 3341.3389999999999418, 0, , , 3341.3389999999999418, 1
, , 3341.3429999999998472, 1, , , 3341.3429999999998472, 0, , , 3341.3429999999998472, 0, , , 3341.3429999999998472, 1
, , 3341.3479999999999563, 1, , , 3341.3479999999999563, 0, , , 3341.3479999999999563, 0, , , 3341.3479999999999563, 1
, , 3341.3530000000000655, 1, , , 3341.3530000000000655, 0, , , 3341.3530000000000655, 0, , , 3341.3530000000000655, 1
, , 3341.3580000000001746, 1, , , 3341.3580000000001746, 0, , , 3341.3580000000001746, 0, , , 3341.3580000000001746, 1
, , 3341.362999999999829, 1, , , 3341.362999999999829, 0, , , 3341.362999999999829, 0, , , 3341.362999999999829, 1
, , 3341.3679999999999382, 1, , , 3341.3679999999999382, 0, , , 3341.3679999999999382, 0, , , 3341.3679999999999382, 1
, , 3341.3739999999997963, 1, , , 3341.3739999999997963, 0, , , 3341.3739999999997963, 0, , , 3341.3739999999997963, 1
, , 3341.3780000000001564, 1, , , 3341.3780000000001564, 0, , , 3341.3780000000001564, 0, , , 3341.3780000000001564, 1
, , 3341.3840000000000146, 1, , , 3341.3840000000000146, 0, , , 3341.3840000000000146, 0, , , 3341.3840000000000146, 1
, , 3341.38799999999992, 1, , , 3341.38799999999992, 0, , , 3341.38799999999992, 0, , , 3341.38799999999992, 1
, , 3341.3930000000000291, 1, , , 3341.3930000000000291, 0, , , 3341.3930000000000291, 0, , , 3341.3930000000000291, 1
, , 3341.3980000000001382, 1, , , 3341.3980000000001382, 0, , , 3341.3980000000001382, 0, , , 3341.3980000000001382, 1
, , 3341.4029999999997926, 1, , , 3341.4029999999997926, 0, , , 3341.4029999999997926, 0, , , 3341.4029999999997926, 1
, , 3341.4079999999999018, 1, , , 3341.4079999999999018, 0, , , 3341.4079999999999018, 0, , , 3341.4079999999999018, 1
, , 3341.4140000000002146, 1, , , 3341.4140000000002146, 0, , , 3341.4140000000002146, 0, , , 3341.4140000000002146, 1
, , 3341.418999999999869, 1, , , 3341.418999999999869, 0, , , 3341.418999999999869, 0, , , 3341.418999999999869, 1
, , 3341.4239999999999782, 1, , , 3341.4239999999999782, 0, , , 3341.4239999999999782, 0, , , 3341.4239999999999782, 1
, , 3341.4279999999998836, 1, , , 3341.4279999999998836, 0, , , 3341.4279999999998836, 0, , , 3341.4279999999998836, 1
, , 3341.4329999999999927, 1, , , 3341.4329999999999927, 0, , , 3341.4329999999999927, 0, , , 3341.4329999999999927, 1
, , 3341.4380000000001019, 1, , , 3341.4380000000001019, 0, , , 3341.4380000000001019, 0, , , 3341.4380000000001019, 1
, , 3341.44399999999996, 1, , , 3341.44399999999996, 0, , , 3341.44399999999996, 0, , , 3341.44399999999996, 1
, , 3341.4479999999998654, 1, , , 3341.4479999999998654, 0, , , 3341.4479999999998654, 0, , , 3341.4479999999998654, 1
, , 3341.4540000000001783, 1, , , 3341.4540000000001783, 0, , , 3341.4540000000001783, 0, , , 3341.4540000000001783, 1
, , 3341.4580000000000837, 1, , , 3341.4580000000000837, 0, , , 3341.4580000000000837, 0, , , 3341.4580000000000837, 1
, , 3341.4630000000001928, 1, , , 3341.4630000000001928, 0, , , 3341.4630000000001928, 0, , , 3341.4630000000001928, 1
, , 3341.4679999999998472, 1, , , 3341.4679999999998472, 0, , , 3341.4679999999998472, 0, , , 3341.4679999999998472, 1
, , 3341.4740000000001601, 1, , , 3341.4740000000001601, 0, , , 3341.4740000000001601, 0, , , 3341.4740000000001601, 1
, , 3341.4780000000000655, 1, , , 3341.4780000000000655, 0, , , 3341.4780000000000655, 0, , , 3341.4780000000000655, 1
, , 3341.4830000000001746, 1, , , 3341.4830000000001746, 0, , , 3341.4830000000001746, 0, , , 3341.4830000000001746, 1
, , 3341.487999999999829, 1, , , 3341.487999999999829, 0, , , 3341.487999999999829, 0, , , 3341.487999999999829, 1
, , 3341.4920000000001892, 1, , , 3341.4920000000001892, 0, , , 3341.4920000000001892, 0, , , 3341.4920000000001892, 1
, , 3341.4980000000000473, 1, , , 3341.4980000000000473, 0, , , 3341.4980000000000473, 0, , , 3341.4980000000000473, 1
, , 3341.5030000000001564, 1, , , 3341.5030000000001564, 0, , , 3341.5030000000001564, 0, , , 3341.5030000000001564, 1
, , 3341.5079999999998108, 1, , , 3341.5079999999998108, 0, , , 3341.5079999999998108, 0, , , 3341.5079999999998108, 1
, , 3341.51299999999992, 1, , , 3341.51299999999992, 0, , , 3341.51299999999992, 0, , , 3341.51299999999992, 1
, , 3341.5169999999998254, 1, , , 3341.5169999999998254, 0, , , 3341.5169999999998254, 0, , , 3341.5169999999998254, 1
, , 3341.5239999999998872, 1, , , 3341.5239999999998872, 0, , , 3341.5239999999998872, 0, , , 3341.5239999999998872, 1
, , 3341.5279999999997926, 1, , , 3341.5279999999997926, 0, , , 3341.5279999999997926, 0, , , 3341.5279999999997926, 1
, , 3341.5340000000001055, 1, , , 3341.5340000000001055, 0, , , 3341.5340000000001055, 0, , , 3341.5340000000001055, 1
, , 3341.5380000000000109, 1, , , 3341.5380000000000109, 0, , , 3341.5380000000000109, 0, , , 3341.5380000000000109, 1
, , 3341.5450000000000728, 1, , , 3341.5450000000000728, 0, , , 3341.5450000000000728, 0, , , 3341.5450000000000728, 1
, , 3341.5479999999997744, 1, , , 3341.5479999999997744, 0, , , 3341.5479999999997744, 0, , , 3341.5479999999997744, 1
, , 3341.5529999999998836, 1, , , 3341.5529999999998836, 0, , , 3341.5529999999998836, 0, , , 3341.5529999999998836, 1
, , 3341.5610000000001492, 1, , , 3341.5610000000001492, 0, , , 3341.5610000000001492, 0, , , 3341.5610000000001492, 1
, , 3341.5630000000001019, 1, , , 3341.5630000000001019, 0, , , 3341.5630000000001019, 0, , , 3341.5630000000001019, 1
, , 3341.56899999999996, 1, , , 3341.56899999999996, 0, , , 3341.56899999999996, 0, , , 3341.56899999999996, 1
, , 3341.5729999999998654, 1, , , 3341.5729999999998654, 0, , , 3341.5729999999998654, 0, , , 3341.5729999999998654, 1
, , 3341.5779999999999745, 1, , , 3341.5779999999999745, 1, , , 3341.5779999999999745, 1, , , 3341.5779999999999745, 1
, , 3341.5830000000000837, 1, , , 3341.5830000000000837, 1, , , 3341.5830000000000837, 1, , , 3341.5830000000000837, 1
, , 3341.5880000000001928, 1, , , 3341.5880000000001928, 1, , , 3341.5880000000001928, 1, , , 3341.5880000000001928, 1
, , 3341.5929999999998472, 1, , , 3341.5929999999998472, 1, , , 3341.5929999999998472, 1, , , 3341.5929999999998472, 1
, , 3341.5979999999999563, 1, , , 3341.5979999999999563, 1, , , 3341.5979999999999563, 1, , , 3341.5979999999999563, 1
, , 3341.6030000000000655, 1, , , 3341.6030000000000655, 1, , , 3341.6030000000000655, 1, , , 3341.6030000000000655, 1
, , 3341.6080000000001746, 1, , , 3341.6080000000001746, 1, , , 3341.6080000000001746, 1, , , 3341.6080000000001746, 1
, , 3341.612999999999829, 1, , , 3341.612999999999829, 1, , , 3341.612999999999829, 1, , , 3341.612999999999829, 1
, , 3341.6179999999999382, 1, , , 3341.6179999999999382, 1, , , 3341.6179999999999382, 1, , , 3341.6179999999999382, 1
, , 3341.6230000000000473, 1, , , 3341.6230000000000473, 1, , , 3341.6230000000000473, 1, , , 3341.6230000000000473, 1
, , 3341.6280000000001564, 1, , , 3341.6280000000001564, 1, , , 3341.6280000000001564, 1, , , 3341.6280000000001564, 1
, , 3341.6329999999998108, 1, , , 3341.6329999999998108, 1, , , 3341.6329999999998108, 1, , , 3341.6329999999998108, 1
, , 3341.6399999999998727, 1, , , 3341.6399999999998727, 1, , , 3341.6399999999998727, 1, , , 3341.6399999999998727, 1
, , 3341.6439999999997781, 1, , , 3341.6439999999997781, 1, , , 3341.6439999999997781, 1, , , 3341.6439999999997781, 1
, , 3341.6480000000001382, 1, , , 3341.6480000000001382, 1, , , 3341.6480000000001382, 1, , , 3341.6480000000001382, 1
, , 3341.6539999999999964, 0, , , 3341.6539999999999964, 1, , , 3341.6539999999999964, 1, , , 3341.6539999999999964, 0
, , 3341.6579999999999018, 0, , , 3341.6579999999999018, 1, , , 3341.6579999999999018, 1, , , 3341.6579999999999018, 0
, , 3341.6640000000002146, 0, , , 3341.6640000000002146, 1, , , 3341.6640000000002146, 1, , , 3341.6640000000002146, 0
, , 3341.6680000000001201, 0, , , 3341.6680000000001201, 1, , , 3341.6680000000001201, 1, , , 3341.6680000000001201, 0
, , 3341.6750000000001819, 0, , , 3341.6750000000001819, 1, , , 3341.6750000000001819, 1, , , 3341.6750000000001819, 0
, , 3341.6779999999998836, 0, , , 3341.6779999999998836, 1, , , 3341.6779999999998836, 1, , , 3341.6779999999998836, 0
, , 3341.6840000000001965, 0, , , 3341.6840000000001965, 1, , , 3341.6840000000001965, 1, , , 3341.6840000000001965, 0
, , 3341.6889999999998508, 0, , , 3341.6889999999998508, 1, , , 3341.6889999999998508, 1, , , 3341.6889999999998508, 0
, , 3341.69399999999996, 0, , , 3341.69399999999996, 1, , , 3341.69399999999996, 1, , , 3341.69399999999996, 0
, , 3341.6979999999998654, 0, , , 3341.6979999999998654, 1, , , 3341.6979999999998654, 1, , , 3341.6979999999998654, 0
, , 3341.7040000000001783, 0, , , 3341.7040000000001783, 1, , , 3341.7040000000001783, 1, , , 3341.7040000000001783, 0
, , 3341.7080000000000837, 0, , , 3341.7080000000000837, 1, , , 3341.7080000000000837, 1, , , 3341.7080000000000837, 0
, , 3341.7130000000001928, 0, , , 3341.7130000000001928, 1, , , 3341.7130000000001928, 1, , , 3341.7130000000001928, 0
, , 3341.7179999999998472, 0, , , 3341.7179999999998472, 1, , , 3341.7179999999998472, 1, , , 3341.7179999999998472, 0
, , 3341.7240000000001601, 0, , , 3341.7240000000001601, 1, , , 3341.7240000000001601, 1, , , 3341.7240000000001601, 0
, , 3341.7280000000000655, 0, , , 3341.7280000000000655, 1, , , 3341.7280000000000655, 1, , , 3341.7280000000000655, 0
, , 3341.7339999999999236, 0, , , 3341.7339999999999236, 1, , , 3341.7339999999999236, 1, , , 3341.7339999999999236, 0
, , 3341.737999999999829, 0, , , 3341.737999999999829, 1, , , 3341.737999999999829, 1, , , 3341.737999999999829, 0
, , 3341.7429999999999382, 0, , , 3341.7429999999999382, 1, , , 3341.7429999999999382, 1, , , 3341.7429999999999382, 0
, , 3341.7489999999997963, 0, , , 3341.7489999999997963, 1, , , 3341.7489999999997963, 1, , , 3341.7489999999997963, 0
, , 3341.7530000000001564, 0, , , 3341.7530000000001564, 1, , , 3341.7530000000001564, 1, , , 3341.7530000000001564, 0
, , 3341.7579999999998108, 0, , , 3341.7579999999998108, 1, , , 3341.7579999999998108, 1, , , 3341.7579999999998108, 0
, , 3341.7649999999998727, 0, , , 3341.7649999999998727, 1, , , 3341.7649999999998727, 1, , , 3341.7649999999998727, 0
, , 3341.7689999999997781, 0, , , 3341.7689999999997781, 1, , , 3341.7689999999997781, 1, , , 3341.7689999999997781, 0
, , 3341.7730000000001382, 0, , , 3341.7730000000001382, 1, , , 3341.7730000000001382, 1, , , 3341.7730000000001382, 0
, , 3341.7789999999999964, 0, , , 3341.7789999999999964, 1, , , 3341.7789999999999964, 1, , , 3341.7789999999999964, 0
, , 3341.7849999999998545, 0, , , 3341.7849999999998545, 1, , , 3341.7849999999998545, 1, , , 3341.7849999999998545, 0
, , 3341.7880000000000109, 0, , , 3341.7880000000000109, 1, , , 3341.7880000000000109, 1, , , 3341.7880000000000109, 0
, , 3341.793999999999869, 0, , , 3341.793999999999869, 1, , , 3341.793999999999869, 1, , , 3341.793999999999869, 0
, , 3341.7979999999997744, 0, , , 3341.7979999999997744, 1, , , 3341.7979999999997744, 1, , , 3341.7979999999997744, 0
, , 3341.80600000000004, 0, , , 3341.80600000000004, 1, , , 3341.80600000000004, 1, , , 3341.80600000000004, 0
, , 3341.8090000000001965, 0, , , 3341.8090000000001965, 1, , , 3341.8090000000001965, 1, , , 3341.8090000000001965, 0
, , 3341.8130000000001019, 0, , , 3341.8130000000001019, 1, , , 3341.8130000000001019, 1, , , 3341.8130000000001019, 0
, , 3341.818000000000211, 0, , , 3341.818000000000211, 1, , , 3341.818000000000211, 1, , , 3341.818000000000211, 0
, , 3341.8229999999998654, 0, , , 3341.8229999999998654, 1, , , 3341.8229999999998654, 1, , , 3341.8229999999998654, 0
, , 3341.8290000000001783, 0, , , 3341.8290000000001783, 1, , , 3341.8290000000001783, 1, , , 3341.8290000000001783, 0
, , 3341.8330000000000837, 0, , , 3341.8330000000000837, 1, , , 3341.8330000000000837, 1, , , 3341.8330000000000837, 0
, , 3341.8380000000001928, 0, , , 3341.8380000000001928, 1, , , 3341.8380000000001928, 1, , , 3341.8380000000001928, 0
, , 3341.8429999999998472, 0, , , 3341.8429999999998472, 1, , , 3341.8429999999998472, 1, , , 3341.8429999999998472, 0
, , 3341.8479999999999563, 0, , , 3341.8479999999999563, 1, , , 3341.8479999999999563, 1, , , 3341.8479999999999563, 0
, , 3341.8530000000000655, 0, , , 3341.8530000000000655, 1, , , 3341.8530000000000655, 1, , , 3341.8530000000000655, 0
, , 3341.8589999999999236, 0, , , 3341.8589999999999236, 1, , , 3341.8589999999999236, 1, , , 3341.8589999999999236, 0
, , 3341.862999999999829, 0, , , 3341.862999999999829, 1, , , 3341.862999999999829, 1, , , 3341.862999999999829, 0
, , 3341.8690000000001419, 0, , , 3341.8690000000001419, 1, , , 3341.8690000000001419, 1, , , 3341.8690000000001419, 0
, , 3341.8730000000000473, 0, , , 3341.8730000000000473, 1, , , 3341.8730000000000473, 1, , , 3341.8730000000000473, 0
, , 3341.8789999999999054, 0, , , 3341.8789999999999054, 1, , , 3341.8789999999999054, 1, , , 3341.8789999999999054, 0
, , 3341.8829999999998108, 0, , , 3341.8829999999998108, 1, , , 3341.8829999999998108, 1, , , 3341.8829999999998108, 0
, , 3341.88799999999992, 0, , , 3341.88799999999992, 1, , , 3341.88799999999992, 1, , , 3341.88799999999992, 0
, , 3341.8930000000000291, 0, , , 3341.8930000000000291, 1, , , 3341.8930000000000291, 1, , , 3341.8930000000000291, 0
, , 3341.8980000000001382, 0, , , 3341.8980000000001382, 1, , , 3341.8980000000001382, 1, , , 3341.8980000000001382, 0
, , 3341.9029999999997926, 1, , , 3341.9029999999997926, 1, , , 3341.9029999999997926, 1, , , 3341.9029999999997926, 1
, , 3341.9079999999999018, 1, , , 3341.9079999999999018, 1, , , 3341.9079999999999018, 1, , , 3341.9079999999999018, 1
, , 3341.9130000000000109, 1, , , 3341.9130000000000109, 1, , , 3341.9130000000000109, 1, , , 3341.9130000000000109, 1
, , 3341.9180000000001201, 1, , , 3341.9180000000001201, 1, , , 3341.9180000000001201, 1, , , 3341.9180000000001201, 1
, , 3341.9229999999997744, 1, , , 3341.9229999999997744, 1, , , 3341.9229999999997744, 1, , , 3341.9229999999997744, 1
, , 3341.9290000000000873, 1, , , 3341.9290000000000873, 1, , , 3341.9290000000000873, 1, , , 3341.9290000000000873, 1
, , 3341.9329999999999927, 1, , , 3341.9329999999999927, 1, , , 3341.9329999999999927, 1, , , 3341.9329999999999927, 1
, , 3341.9389999999998508, 1, , , 3341.9389999999998508, 1, , , 3341.9389999999998508, 1, , , 3341.9389999999998508, 1
, , 3341.943000000000211, 1, , , 3341.943000000000211, 1, , , 3341.943000000000211, 1, , , 3341.943000000000211, 1
, , 3341.9479999999998654, 1, , , 3341.9479999999998654, 1, , , 3341.9479999999998654, 1, , , 3341.9479999999998654, 1
, , 3341.9529999999999745, 1, , , 3341.9529999999999745, 1, , , 3341.9529999999999745, 1, , , 3341.9529999999999745, 1
, , 3341.9589999999998327, 1, , , 3341.9589999999998327, 1, , , 3341.9589999999998327, 1, , , 3341.9589999999998327, 1
, , 3341.9630000000001928, 1, , , 3341.9630000000001928, 1, , , 3341.9630000000001928, 1, , , 3341.9630000000001928, 1
, , 3341.9679999999998472, 1, , , 3341.9679999999998472, 1, , , 3341.9679999999998472, 1, , , 3341.9679999999998472, 1
, , 3341.9729999999999563, 1, , , 3341.9729999999999563, 1, , , 3341.9729999999999563, 1, , , 3341.9729999999999563, 1
, , 3341.9789999999998145, 1, , , 3341.9789999999998145, 0, , , 3341.9789999999998145, 0, , , 3341.9789999999998145, 1
, , 3341.9830000000001746, 1, , , 3341.9830000000001746, 0, , , 3341.9830000000001746, 0, , , 3341.9830000000001746, 1
, , 3341.987999999999829, 1, , , 3341.987999999999829, 0, , , 3341.987999999999829, 0, , , 3341.987999999999829, 1
, , 3341.9929999999999382, 1, , , 3341.9929999999999382, 0, , , 3341.9929999999999382, 0, , , 3341.9929999999999382, 1
, , 3341.9980000000000473, 1, , , 3341.9980000000000473, 0, , , 3341.9980000000000473, 0, , , 3341.9980000000000473, 1
, , 3342.0030000000001564, 1, , , 3342.0030000000001564, 0, , , 3342.0030000000001564, 0, , , 3342.0030000000001564, 1
, , 3342.0079999999998108, 1, , , 3342.0079999999998108, 0, , , 3342.0079999999998108, 0, , , 3342.0079999999998108, 1
, , 3342.01299999999992, 1, , , 3342.01299999999992, 0, , , 3342.01299999999992, 0, , , 3342.01299999999992, 1
, , 3342.0180000000000291, 1, , , 3342.0180000000000291, 0, , , 3342.0180000000000291, 0, , , 3342.0180000000000291, 1
, , 3342.0219999999999345, 1, , , 3342.0219999999999345, 0, , , 3342.0219999999999345, 0, , , 3342.0219999999999345, 1
, , 3342.0279999999997926, 1, , , 3342.0279999999997926, 0, , , 3342.0279999999997926, 0, , , 3342.0279999999997926, 1
, , 3342.0329999999999018, 1, , , 3342.0329999999999018, 0, , , 3342.0329999999999018, 0, , , 3342.0329999999999018, 1
, , 3342.0380000000000109, 1, , , 3342.0380000000000109, 0, , , 3342.0380000000000109, 0, , , 3342.0380000000000109, 1
, , 3342.0430000000001201, 1, , , 3342.0430000000001201, 0, , , 3342.0430000000001201, 0, , , 3342.0430000000001201, 1
, , 3342.0479999999997744, 1, , , 3342.0479999999997744, 0, , , 3342.0479999999997744, 0, , , 3342.0479999999997744, 1
, , 3342.0540000000000873, 1, , , 3342.0540000000000873, 0, , , 3342.0540000000000873, 0, , , 3342.0540000000000873, 1
, , 3342.0579999999999927, 1, , , 3342.0579999999999927, 0, , , 3342.0579999999999927, 0, , , 3342.0579999999999927, 1
, , 3342.0630000000001019, 1, , , 3342.0630000000001019, 0, , , 3342.0630000000001019, 0, , , 3342.0630000000001019, 1
, , 3342.068000000000211, 1, , , 3342.068000000000211, 0, , , 3342.068000000000211, 0, , , 3342.068000000000211, 1
, , 3342.0740000000000691, 1, , , 3342.0740000000000691, 0, , , 3342.0740000000000691, 0, , , 3342.0740000000000691, 1
, , 3342.0779999999999745, 1, , , 3342.0779999999999745, 0, , , 3342.0779999999999745, 0, , , 3342.0779999999999745, 1
, , 3342.0830000000000837, 1, , , 3342.0830000000000837, 0, , , 3342.0830000000000837, 0, , , 3342.0830000000000837, 1
, , 3342.0880000000001928, 1, , , 3342.0880000000001928, 0, , , 3342.0880000000001928, 0, , , 3342.0880000000001928, 1
, , 3342.0940000000000509, 1, , , 3342.0940000000000509, 0, , , 3342.0940000000000509, 0, , , 3342.0940000000000509, 1
, , 3342.0990000000001601, 1, , , 3342.0990000000001601, 0, , , 3342.0990000000001601, 0, , , 3342.0990000000001601, 1
, , 3342.1039999999998145, 1, , , 3342.1039999999998145, 0, , , 3342.1039999999998145, 0, , , 3342.1039999999998145, 1
, , 3342.1080000000001746, 1, , , 3342.1080000000001746, 0, , , 3342.1080000000001746, 0, , , 3342.1080000000001746, 1
, , 3342.112999999999829, 1, , , 3342.112999999999829, 0, , , 3342.112999999999829, 0, , , 3342.112999999999829, 1
, , 3342.1179999999999382, 1, , , 3342.1179999999999382, 0, , , 3342.1179999999999382, 0, , , 3342.1179999999999382, 1
, , 3342.1239999999997963, 1, , , 3342.1239999999997963, 0, , , 3342.1239999999997963, 0, , , 3342.1239999999997963, 1
, , 3342.1289999999999054, 1, , , 3342.1289999999999054, 0, , , 3342.1289999999999054, 0, , , 3342.1289999999999054, 1
, , 3342.1329999999998108, 1, , , 3342.1329999999998108, 0, , , 3342.1329999999998108, 0, , , 3342.1329999999998108, 1
, , 3342.13799999999992, 1, , , 3342.13799999999992, 0, , , 3342.13799999999992, 0, , , 3342.13799999999992, 1
, , 3342.1430000000000291, 1, , , 3342.1430000000000291, 0, , , 3342.1430000000000291, 0, , , 3342.1430000000000291, 1
, , 3342.1480000000001382, 1, , , 3342.1480000000001382, 0, , , 3342.1480000000001382, 0, , , 3342.1480000000001382, 1
, , 3342.1529999999997926, 1, , , 3342.1529999999997926, 0, , , 3342.1529999999997926, 0, , , 3342.1529999999997926, 1
, , 3342.1579999999999018, 1, , , 3342.1579999999999018, 0, , , 3342.1579999999999018, 0, , , 3342.1579999999999018, 1
, , 3342.1630000000000109, 1, , , 3342.1630000000000109, 0, , , 3342.1630000000000109, 0, , , 3342.1630000000000109, 1
, , 3342.168999999999869, 1, , , 3342.168999999999869, 0, , , 3342.168999999999869, 0, , , 3342.168999999999869, 1
, , 3342.1720000000000255, 1, , , 3342.1720000000000255, 0, , , 3342.1720000000000255, 0, , , 3342.1720000000000255, 1
, , 3342.1779999999998836, 1, , , 3342.1779999999998836, 0, , , 3342.1779999999998836, 0, , , 3342.1779999999998836, 1
, , 3342.1829999999999927, 1, , , 3342.1829999999999927, 0, , , 3342.1829999999999927, 0, , , 3342.1829999999999927, 1
, , 3342.1880000000001019, 1, , , 3342.1880000000001019, 0, , , 3342.1880000000001019, 0, , , 3342.1880000000001019, 1
, , 3342.19399999999996, 1, , , 3342.19399999999996, 0, , , 3342.19399999999996, 0, , , 3342.19399999999996, 1
, , 3342.1979999999998654, 1, , , 3342.1979999999998654, 0, , , 3342.1979999999998654, 0, , , 3342.1979999999998654, 1
, , 3342.2040000000001783, 1, , , 3342.2040000000001783, 0, , , 3342.2040000000001783, 0, , , 3342.2040000000001783, 1
, , 3342.2080000000000837, 1, , , 3342.2080000000000837, 0, , , 3342.2080000000000837, 0, , , 3342.2080000000000837, 1
, , 3342.2130000000001928, 1, , , 3342.2130000000001928, 0, , , 3342.2130000000001928, 0, , , 3342.2130000000001928, 1
, , 3342.2179999999998472, 1, , , 3342.2179999999998472, 0, , , 3342.2179999999998472, 0, , , 3342.2179999999998472, 1
, , 3342.2229999999999563, 1, , , 3342.2229999999999563, 0, , , 3342.2229999999999563, 0, , , 3342.2229999999999563, 1
, , 3342.2280000000000655, 1, , , 3342.2280000000000655, 1, , , 3342.2280000000000655, 1, , , 3342.2280000000000655, 1
, , 3342.2339999999999236, 1, , , 3342.2339999999999236, 1, , , 3342.2339999999999236, 1, , , 3342.2339999999999236, 1
, , 3342.237999999999829, 1, , , 3342.237999999999829, 1, , , 3342.237999999999829, 1, , , 3342.237999999999829, 1
, , 3342.2440000000001419, 1, , , 3342.2440000000001419, 1, , , 3342.2440000000001419, 1, , , 3342.2440000000001419, 1
, , 3342.2480000000000473, 1, , , 3342.2480000000000473, 1, , , 3342.2480000000000473, 1, , , 3342.2480000000000473, 1
, , 3342.2530000000001564, 1, , , 3342.2530000000001564, 1, , , 3342.2530000000001564, 1, , , 3342.2530000000001564, 1
, , 3342.2579999999998108, 1, , , 3342.2579999999998108, 1, , , 3342.2579999999998108, 1, , , 3342.2579999999998108, 1
, , 3342.26299999999992, 1, , , 3342.26299999999992, 1, , , 3342.26299999999992, 1, , , 3342.26299999999992, 1
, , 3342.2680000000000291, 1, , , 3342.2680000000000291, 1, , , 3342.2680000000000291, 1, , , 3342.2680000000000291, 1
, , 3342.2730000000001382, 1, , , 3342.2730000000001382, 1, , , 3342.2730000000001382, 1, , , 3342.2730000000001382, 1
, , 3342.2789999999999964, 1, , , 3342.2789999999999964, 1, , , 3342.2789999999999964, 1, , , 3342.2789999999999964, 1
, , 3342.2820000000001528, 1, , , 3342.2820000000001528, 1, , , 3342.2820000000001528, 1, , , 3342.2820000000001528, 1
, , 3342.2890000000002146, 1, , , 3342.2890000000002146, 1, , , 3342.2890000000002146, 1, , , 3342.2890000000002146, 1
, , 3342.2930000000001201, 1, , , 3342.2930000000001201, 1, , , 3342.2930000000001201, 1, , , 3342.2930000000001201, 1
, , 3342.2979999999997744, 1, , , 3342.2979999999997744, 1, , , 3342.2979999999997744, 1, , , 3342.2979999999997744, 1
, , 3342.3029999999998836, 0, , , 3342.3029999999998836, 1, , , 3342.3029999999998836, 1, , , 3342.3029999999998836, 0
, , 3342.3079999999999927, 0, , , 3342.3079999999999927, 1, , , 3342.3079999999999927, 1, , , 3342.3079999999999927, 0
, , 3342.3130000000001019, 0, , , 3342.3130000000001019, 1, , , 3342.3130000000001019, 1, , , 3342.3130000000001019, 0
, , 3342.318000000000211, 0, , , 3342.318000000000211, 1, , , 3342.318000000000211, 1, , , 3342.318000000000211, 0
, , 3342.3229999999998654, 0, , , 3342.3229999999998654, 1, , , 3342.3229999999998654, 1, , , 3342.3229999999998654, 0
, , 3342.3279999999999745, 0, , , 3342.3279999999999745, 1, , , 3342.3279999999999745, 1, , , 3342.3279999999999745, 0
, , 3342.3339999999998327, 0, , , 3342.3339999999998327, 1, , , 3342.3339999999998327, 1, , , 3342.3339999999998327, 0
, , 3342.3380000000001928, 0, , , 3342.3380000000001928, 1, , , 3342.3380000000001928, 1, , , 3342.3380000000001928, 0
, , 3342.3440000000000509, 0, , , 3342.3440000000000509, 1, , , 3342.3440000000000509, 1, , , 3342.3440000000000509, 0
, , 3342.3479999999999563, 0, , , 3342.3479999999999563, 1, , , 3342.3479999999999563, 1, , , 3342.3479999999999563, 0
, , 3342.3530000000000655, 0, , , 3342.3530000000000655, 1, , , 3342.3530000000000655, 1, , , 3342.3530000000000655, 0
, , 3342.3580000000001746, 0, , , 3342.3580000000001746, 1, , , 3342.3580000000001746, 1, , , 3342.3580000000001746, 0
, , 3342.362999999999829, 0, , , 3342.362999999999829, 1, , , 3342.362999999999829, 1, , , 3342.362999999999829, 0
, , 3342.3679999999999382, 0, , , 3342.3679999999999382, 1, , , 3342.3679999999999382, 1, , , 3342.3679999999999382, 0
, , 3342.3730000000000473, 0, , , 3342.3730000000000473, 1, , , 3342.3730000000000473, 1, , , 3342.3730000000000473, 0
, , 3342.3780000000001564, 0, , , 3342.3780000000001564, 1, , , 3342.3780000000001564, 1, , , 3342.3780000000001564, 0
, , 3342.3840000000000146, 0, , , 3342.3840000000000146, 1, , , 3342.3840000000000146, 1, , , 3342.3840000000000146, 0
, , 3342.38799999999992, 0, , , 3342.38799999999992, 1, , , 3342.38799999999992, 1, , , 3342.38799999999992, 0
, , 3342.3930000000000291, 0, , , 3342.3930000000000291, 1, , , 3342.3930000000000291, 1, , , 3342.3930000000000291, 0
, , 3342.3989999999998872, 0, , , 3342.3989999999998872, 1, , , 3342.3989999999998872, 1, , , 3342.3989999999998872, 0
, , 3342.4029999999997926, 0, , , 3342.4029999999997926, 1, , , 3342.4029999999997926, 1, , , 3342.4029999999997926, 0
, , 3342.4070000000001528, 0, , , 3342.4070000000001528, 1, , , 3342.4070000000001528, 1, , , 3342.4070000000001528, 0
, , 3342.4130000000000109, 0, , , 3342.4130000000000109, 1, , , 3342.4130000000000109, 1, , , 3342.4130000000000109, 0
, , 3342.418999999999869, 0, , , 3342.418999999999869, 1, , , 3342.418999999999869, 1, , , 3342.418999999999869, 0
, , 3342.4229999999997744, 0, , , 3342.4229999999997744, 1, , , 3342.4229999999997744, 1, , , 3342.4229999999997744, 0
, , 3342.4279999999998836, 0, , , 3342.4279999999998836, 1, , , 3342.4279999999998836, 1, , , 3342.4279999999998836, 0
, , 3342.4340000000001965, 0, , , 3342.4340000000001965, 1, , , 3342.4340000000001965, 1, , , 3342.4340000000001965, 0
, , 3342.4369999999998981, 0, , , 3342.4369999999998981, 1, , , 3342.4369999999998981, 1, , , 3342.4369999999998981, 0
, , 3342.443000000000211, 0, , , 3342.443000000000211, 1, , , 3342.443000000000211, 1, , , 3342.443000000000211, 0
, , 3342.4479999999998654, 0, , , 3342.4479999999998654, 1, , , 3342.4479999999998654, 1, , , 3342.4479999999998654, 0
, , 3342.4540000000001783, 0, , , 3342.4540000000001783, 1, , , 3342.4540000000001783, 1, , , 3342.4540000000001783, 0
, , 3342.4580000000000837, 0, , , 3342.4580000000000837, 1, , , 3342.4580000000000837, 1, , , 3342.4580000000000837, 0
, , 3342.4630000000001928, 0, , , 3342.4630000000001928, 1, , , 3342.4630000000001928, 1, , , 3342.4630000000001928, 0
, , 3342.4679999999998472, 0, , , 3342.4679999999998472, 1, , , 3342.4679999999998472, 1, , , 3342.4679999999998472, 0
, , 3342.4729999999999563, 0, , , 3342.4729999999999563, 1, , , 3342.4729999999999563, 1, , , 3342.4729999999999563, 0
, , 3342.4780000000000655, 0, , , 3342.4780000000000655, 1, , , 3342.4780000000000655, 1, , , 3342.4780000000000655, 0
, , 3342.4839999999999236, 0, , , 3342.4839999999999236, 1, , , 3342.4839999999999236, 1, , , 3342.4839999999999236, 0
, , 3342.487999999999829, 0, , , 3342.487999999999829, 1, , , 3342.487999999999829, 1, , , 3342.487999999999829, 0
, , 3342.4929999999999382, 0, , , 3342.4929999999999382, 1, , , 3342.4929999999999382, 1, , , 3342.4929999999999382, 0
, , 3342.4980000000000473, 0, , , 3342.4980000000000473, 1, , , 3342.4980000000000473, 1, , , 3342.4980000000000473, 0
, , 3342.5030000000001564, 0, , , 3342.5030000000001564, 1, , , 3342.5030000000001564, 1, , , 3342.5030000000001564, 0
, , 3342.5079999999998108, 0, , , 3342.5079999999998108, 1, , , 3342.5079999999998108, 1, , , 3342.5079999999998108, 0
, , 3342.51299999999992, 0, , , 3342.51299999999992, 1, , , 3342.51299999999992, 1, , , 3342.51299999999992, 0
, , 3342.5180000000000291, 0, , , 3342.5180000000000291, 1, , , 3342.5180000000000291, 1, , , 3342.5180000000000291, 0
, , 3342.5230000000001382, 0, , , 3342.5230000000001382, 1, , , 3342.5230000000001382, 1, , , 3342.5230000000001382, 0
, , 3342.5279999999997926, 0, , , 3342.5279999999997926, 1, , , 3342.5279999999997926, 1, , , 3342.5279999999997926, 0
, , 3342.5329999999999018, 0, , , 3342.5329999999999018, 1, , , 3342.5329999999999018, 1, , , 3342.5329999999999018, 0
, , 3342.5380000000000109, 0, , , 3342.5380000000000109, 1, , , 3342.5380000000000109, 1, , , 3342.5380000000000109, 0
, , 3342.543999999999869, 0, , , 3342.543999999999869, 1, , , 3342.543999999999869, 1, , , 3342.543999999999869, 0
, , 3342.5479999999997744, 0, , , 3342.5479999999997744, 1, , , 3342.5479999999997744, 1, , , 3342.5479999999997744, 0
, , 3342.5540000000000873, 1, , , 3342.5540000000000873, 1, , , 3342.5540000000000873, 1, , , 3342.5540000000000873, 1
, , 3342.5590000000001965, 1, , , 3342.5590000000001965, 1, , , 3342.5590000000001965, 1, , , 3342.5590000000001965, 1
, , 3342.5630000000001019, 1, , , 3342.5630000000001019, 1, , , 3342.5630000000001019, 1, , , 3342.5630000000001019, 1
, , 3342.568000000000211, 1, , , 3342.568000000000211, 1, , , 3342.568000000000211, 1, , , 3342.568000000000211, 1
, , 3342.5729999999998654, 1, , , 3342.5729999999998654, 1, , , 3342.5729999999998654, 1, , , 3342.5729999999998654, 1
, , 3342.5779999999999745, 1, , , 3342.5779999999999745, 1, , , 3342.5779999999999745, 1, , , 3342.5779999999999745, 1
, , 3342.5830000000000837, 1, , , 3342.5830000000000837, 1, , , 3342.5830000000000837, 1, , , 3342.5830000000000837, 1
, , 3342.5880000000001928, 1, , , 3342.5880000000001928, 1, , , 3342.5880000000001928, 1, , , 3342.5880000000001928, 1
, , 3342.5929999999998472, 1, , , 3342.5929999999998472, 1, , , 3342.5929999999998472, 1, , , 3342.5929999999998472, 1
, , 3342.5990000000001601, 1, , , 3342.5990000000001601, 1, , , 3342.5990000000001601, 1, , , 3342.5990000000001601, 1
, , 3342.6030000000000655, 1, , , 3342.6030000000000655, 1, , , 3342.6030000000000655, 1, , , 3342.6030000000000655, 1
, , 3342.6080000000001746, 1, , , 3342.6080000000001746, 1, , , 3342.6080000000001746, 1, , , 3342.6080000000001746, 1
, , 3342.612999999999829, 1, , , 3342.612999999999829, 1, , , 3342.612999999999829, 1, , , 3342.612999999999829, 1
, , 3342.6179999999999382, 1, , , 3342.6179999999999382, 1, , , 3342.6179999999999382, 1, , , 3342.6179999999999382, 1
, , 3342.6230000000000473, 1, , , 3342.6230000000000473, 1, , , 3342.6230000000000473, 1, , , 3342.6230000000000473, 1
, , 3342.6280000000001564, 1, , , 3342.6280000000001564, 0, , , 3342.6280000000001564, 0, , , 3342.6280000000001564, 1
, , 3342.6329999999998108, 1, , , 3342.6329999999998108, 0, , , 3342.6329999999998108, 0, , , 3342.6329999999998108, 1
, , 3342.63799999999992, 1, , , 3342.63799999999992, 0, , , 3342.63799999999992, 0, , , 3342.63799999999992, 1
, , 3342.6430000000000291, 1, , , 3342.6430000000000291, 0, , , 3342.6430000000000291, 0, , , 3342.6430000000000291, 1
, , 3342.6480000000001382, 1, , , 3342.6480000000001382, 0, , , 3342.6480000000001382, 0, , , 3342.6480000000001382, 1
, , 3342.6529999999997926, 1, , , 3342.6529999999997926, 0, , , 3342.6529999999997926, 0, , , 3342.6529999999997926, 1
, , 3342.6579999999999018, 1, , , 3342.6579999999999018, 0, , , 3342.6579999999999018, 0, , , 3342.6579999999999018, 1
, , 3342.6630000000000109, 1, , , 3342.6630000000000109, 0, , , 3342.6630000000000109, 0, , , 3342.6630000000000109, 1
, , 3342.6680000000001201, 1, , , 3342.6680000000001201, 0, , , 3342.6680000000001201, 0, , , 3342.6680000000001201, 1
, , 3342.6729999999997744, 1, , , 3342.6729999999997744, 0, , , 3342.6729999999997744, 0, , , 3342.6729999999997744, 1
, , 3342.6779999999998836, 1, , , 3342.6779999999998836, 0, , , 3342.6779999999998836, 0, , , 3342.6779999999998836, 1
, , 3342.6829999999999927, 1, , , 3342.6829999999999927, 0, , , 3342.6829999999999927, 0, , , 3342.6829999999999927, 1
, , 3342.6880000000001019, 1, , , 3342.6880000000001019, 0, , , 3342.6880000000001019, 0, , , 3342.6880000000001019, 1
, , 3342.693000000000211, 1, , , 3342.693000000000211, 0, , , 3342.693000000000211, 0, , , 3342.693000000000211, 1
, , 3342.6979999999998654, 1, , , 3342.6979999999998654, 0, , , 3342.6979999999998654, 0, , , 3342.6979999999998654, 1
, , 3342.7029999999999745, 1, , , 3342.7029999999999745, 0, , , 3342.7029999999999745, 0, , , 3342.7029999999999745, 1
, , 3342.7080000000000837, 1, , , 3342.7080000000000837, 0, , , 3342.7080000000000837, 0, , , 3342.7080000000000837, 1
, , 3342.7130000000001928, 1, , , 3342.7130000000001928, 0, , , 3342.7130000000001928, 0, , , 3342.7130000000001928, 1
, , 3342.7179999999998472, 1, , , 3342.7179999999998472, 0, , , 3342.7179999999998472, 0, , , 3342.7179999999998472, 1
, , 3342.7229999999999563, 1, , , 3342.7229999999999563, 0, , , 3342.7229999999999563, 0, , , 3342.7229999999999563, 1
, , 3342.7280000000000655, 1, , , 3342.7280000000000655, 0, , , 3342.7280000000000655, 0, , , 3342.7280000000000655, 1
, , 3342.7350000000001273, 1, , , 3342.7350000000001273, 0, , , 3342.7350000000001273, 0, , , 3342.7350000000001273, 1
, , 3342.737999999999829, 1, , , 3342.737999999999829, 0, , , 3342.737999999999829, 0, , , 3342.737999999999829, 1
, , 3342.7440000000001419, 1, , , 3342.7440000000001419, 0, , , 3342.7440000000001419, 0, , , 3342.7440000000001419, 1
, , 3342.7480000000000473, 1, , , 3342.7480000000000473, 0, , , 3342.7480000000000473, 0, , , 3342.7480000000000473, 1
, , 3342.7530000000001564, 1, , , 3342.7530000000001564, 0, , , 3342.7530000000001564, 0, , , 3342.7530000000001564, 1
, , 3342.7579999999998108, 1, , , 3342.7579999999998108, 0, , , 3342.7579999999998108, 0, , , 3342.7579999999998108, 1
, , 3342.76299999999992, 1, , , 3342.76299999999992, 0, , , 3342.76299999999992, 0, , , 3342.76299999999992, 1
, , 3342.7680000000000291, 1, , , 3342.7680000000000291, 0, , , 3342.7680000000000291, 0, , , 3342.7680000000000291, 1
, , 3342.7739999999998872, 1, , , 3342.7739999999998872, 0, , , 3342.7739999999998872, 0, , , 3342.7739999999998872, 1
, , 3342.7779999999997926, 1, , , 3342.7779999999997926, 0, , , 3342.7779999999997926, 0, , , 3342.7779999999997926, 1
, , 3342.7829999999999018, 1, , , 3342.7829999999999018, 0, , , 3342.7829999999999018, 0, , , 3342.7829999999999018, 1
, , 3342.7880000000000109, 1, , , 3342.7880000000000109, 0, , , 3342.7880000000000109, 0, , , 3342.7880000000000109, 1
, , 3342.793999999999869, 1, , , 3342.793999999999869, 0, , , 3342.793999999999869, 0, , , 3342.793999999999869, 1
, , 3342.7989999999999782, 1, , , 3342.7989999999999782, 0, , , 3342.7989999999999782, 0, , , 3342.7989999999999782, 1
, , 3342.8029999999998836, 1, , , 3342.8029999999998836, 0, , , 3342.8029999999998836, 0, , , 3342.8029999999998836, 1
, , 3342.8079999999999927, 1, , , 3342.8079999999999927, 0, , , 3342.8079999999999927, 0, , , 3342.8079999999999927, 1
, , 3342.8130000000001019, 1, , , 3342.8130000000001019, 0, , , 3342.8130000000001019, 0, , , 3342.8130000000001019, 1
, , 3342.818000000000211, 1, , , 3342.818000000000211, 0, , , 3342.818000000000211, 0, , , 3342.818000000000211, 1
, , 3342.8220000000001164, 1, , , 3342.8220000000001164, 0, , , 3342.8220000000001164, 0, , , 3342.8220000000001164, 1
, , 3342.8270000000002256, 1, , , 3342.8270000000002256, 0, , , 3342.8270000000002256, 0, , , 3342.8270000000002256, 1
, , 3342.8330000000000837, 1, , , 3342.8330000000000837, 0, , , 3342.8330000000000837, 0, , , 3342.8330000000000837, 1
, , 3342.8380000000001928, 1, , , 3342.8380000000001928, 0, , , 3342.8380000000001928, 0, , , 3342.8380000000001928, 1
, , 3342.8429999999998472, 1, , , 3342.8429999999998472, 0, , , 3342.8429999999998472, 0, , , 3342.8429999999998472, 1
, , 3342.8479999999999563, 1, , , 3342.8479999999999563, 0, , , 3342.8479999999999563, 0, , , 3342.8479999999999563, 1
, , 3342.8530000000000655, 1, , , 3342.8530000000000655, 0, , , 3342.8530000000000655, 0, , , 3342.8530000000000655, 1
, , 3342.8589999999999236, 1, , , 3342.8589999999999236, 0, , , 3342.8589999999999236, 0, , , 3342.8589999999999236, 1
, , 3342.8640000000000327, 1, , , 3342.8640000000000327, 0, , , 3342.8640000000000327, 0, , , 3342.8640000000000327, 1
, , 3342.8679999999999382, 1, , , 3342.8679999999999382, 0, , , 3342.8679999999999382, 0, , , 3342.8679999999999382, 1
, , 3342.8739999999997963, 1, , , 3342.8739999999997963, 0, , , 3342.8739999999997963, 0, , , 3342.8739999999997963, 1
, , 3342.8780000000001564, 1, , , 3342.8780000000001564, 1, , , 3342.8780000000001564, 1, , , 3342.8780000000001564, 1
, , 3342.8820000000000618, 1, , , 3342.8820000000000618, 1, , , 3342.8820000000000618, 1, , , 3342.8820000000000618, 1
, , 3342.88799999999992, 1, , , 3342.88799999999992, 1, , , 3342.88799999999992, 1, , , 3342.88799999999992, 1
, , 3342.8939999999997781, 1, , , 3342.8939999999997781, 1, , , 3342.8939999999997781, 1, , , 3342.8939999999997781, 1
, , 3342.8980000000001382, 1, , , 3342.8980000000001382, 1, , , 3342.8980000000001382, 1, , , 3342.8980000000001382, 1
, , 3342.9039999999999964, 1, , , 3342.9039999999999964, 1, , , 3342.9039999999999964, 1, , , 3342.9039999999999964, 1
, , 3342.9090000000001055, 1, , , 3342.9090000000001055, 1, , , 3342.9090000000001055, 1, , , 3342.9090000000001055, 1
, , 3342.9130000000000109, 1, , , 3342.9130000000000109, 1, , , 3342.9130000000000109, 1, , , 3342.9130000000000109, 1
, , 3342.9180000000001201, 1, , , 3342.9180000000001201, 1, , , 3342.9180000000001201, 1, , , 3342.9180000000001201, 1
, , 3342.9239999999999782, 1, , , 3342.9239999999999782, 1, , , 3342.9239999999999782, 1, , , 3342.9239999999999782, 1
, , 3342.9279999999998836, 1, , , 3342.9279999999998836, 1, , , 3342.9279999999998836, 1, , , 3342.9279999999998836, 1
, , 3342.9329999999999927, 1, , , 3342.9329999999999927, 1, , , 3342.9329999999999927, 1, , , 3342.9329999999999927, 1
, , 3342.9400000000000546, 1, , , 3342.9400000000000546, 1, , , 3342.9400000000000546, 1, , , 3342.9400000000000546, 1
, , 3342.943000000000211, 1, , , 3342.943000000000211, 1, , , 3342.943000000000211, 1, , , 3342.943000000000211, 1
, , 3342.9479999999998654, 1, , , 3342.9479999999998654, 1, , , 3342.9479999999998654, 1, , , 3342.9479999999998654, 1
, , 3342.9529999999999745, 0, , , 3342.9529999999999745, 1, , , 3342.9529999999999745, 1, , , 3342.9529999999999745, 0
, , 3342.9580000000000837, 0, , , 3342.9580000000000837, 1, , , 3342.9580000000000837, 1, , , 3342.9580000000000837, 0
, , 3342.9639999999999418, 0, , , 3342.9639999999999418, 1, , , 3342.9639999999999418, 1, , , 3342.9639999999999418, 0
, , 3342.9679999999998472, 0, , , 3342.9679999999998472, 1, , , 3342.9679999999998472, 1, , , 3342.9679999999998472, 0
, , 3342.9729999999999563, 0, , , 3342.9729999999999563, 1, , , 3342.9729999999999563, 1, , , 3342.9729999999999563, 0
, , 3342.9769999999998618, 0, , , 3342.9769999999998618, 1, , , 3342.9769999999998618, 1, , , 3342.9769999999998618, 0
, , 3342.9830000000001746, 0, , , 3342.9830000000001746, 1, , , 3342.9830000000001746, 1, , , 3342.9830000000001746, 0
, , 3342.9890000000000327, 0, , , 3342.9890000000000327, 1, , , 3342.9890000000000327, 1, , , 3342.9890000000000327, 0
, , 3342.9940000000001419, 0, , , 3342.9940000000001419, 1, , , 3342.9940000000001419, 1, , , 3342.9940000000001419, 0
, , 3343.0019999999999527, 0, , , 3343.0019999999999527, 1, , , 3343.0019999999999527, 1, , , 3343.0019999999999527, 0
, , 3343.0039999999999054, 0, , , 3343.0039999999999054, 1, , , 3343.0039999999999054, 1, , , 3343.0039999999999054, 0
, , 3343.0090000000000146, 0, , , 3343.0090000000000146, 1, , , 3343.0090000000000146, 1, , , 3343.0090000000000146, 0
, , 3343.01299999999992, 0, , , 3343.01299999999992, 1, , , 3343.01299999999992, 1, , , 3343.01299999999992, 0
, , 3343.0199999999999818, 0, , , 3343.0199999999999818, 1, , , 3343.0199999999999818, 1, , , 3343.0199999999999818, 0
, , 3343.0230000000001382, 0, , , 3343.0230000000001382, 1, , , 3343.0230000000001382, 1, , , 3343.0230000000001382, 0
, , 3343.0279999999997926, 0, , , 3343.0279999999997926, 1, , , 3343.0279999999997926, 1, , , 3343.0279999999997926, 0
, , 3343.0340000000001055, 0, , , 3343.0340000000001055, 1, , , 3343.0340000000001055, 1, , , 3343.0340000000001055, 0
, , 3343.0380000000000109, 0, , , 3343.0380000000000109, 1, , , 3343.0380000000000109, 1, , , 3343.0380000000000109, 0
, , 3343.043999999999869, 0, , , 3343.043999999999869, 1, , , 3343.043999999999869, 1, , , 3343.043999999999869, 0
, , 3343.0479999999997744, 0, , , 3343.0479999999997744, 1, , , 3343.0479999999997744, 1, , , 3343.0479999999997744, 0
, , 3343.0540000000000873, 0, , , 3343.0540000000000873, 1, , , 3343.0540000000000873, 1, , , 3343.0540000000000873, 0
, , 3343.0579999999999927, 0, , , 3343.0579999999999927, 1, , , 3343.0579999999999927, 1, , , 3343.0579999999999927, 0
, , 3343.0650000000000546, 0, , , 3343.0650000000000546, 1, , , 3343.0650000000000546, 1, , , 3343.0650000000000546, 0
, , 3343.06899999999996, 0, , , 3343.06899999999996, 1, , , 3343.06899999999996, 1, , , 3343.06899999999996, 0
, , 3343.0729999999998654, 0, , , 3343.0729999999998654, 1, , , 3343.0729999999998654, 1, , , 3343.0729999999998654, 0
, , 3343.0779999999999745, 0, , , 3343.0779999999999745, 1, , , 3343.0779999999999745, 1, , , 3343.0779999999999745, 0
, , 3343.0839999999998327, 0, , , 3343.0839999999998327, 1, , , 3343.0839999999998327, 1, , , 3343.0839999999998327, 0
, , 3343.0880000000001928, 0, , , 3343.0880000000001928, 1, , , 3343.0880000000001928, 1, , , 3343.0880000000001928, 0
, , 3343.0929999999998472, 0, , , 3343.0929999999998472, 1, , , 3343.0929999999998472, 1, , , 3343.0929999999998472, 0
, , 3343.0979999999999563, 0, , , 3343.0979999999999563, 1, , , 3343.0979999999999563, 1, , , 3343.0979999999999563, 0
, , 3343.1030000000000655, 0, , , 3343.1030000000000655, 1, , , 3343.1030000000000655, 1, , , 3343.1030000000000655, 0
, , 3343.1089999999999236, 0, , , 3343.1089999999999236, 1, , , 3343.1089999999999236, 1, , , 3343.1089999999999236, 0
, , 3343.112999999999829, 0, , , 3343.112999999999829, 1, , , 3343.112999999999829, 1, , , 3343.112999999999829, 0
, , 3343.1179999999999382, 0, , , 3343.1179999999999382, 1, , , 3343.1179999999999382, 1, , , 3343.1179999999999382, 0
, , 3343.1230000000000473, 0, , , 3343.1230000000000473, 1, , , 3343.1230000000000473, 1, , , 3343.1230000000000473, 0
, , 3343.1280000000001564, 0, , , 3343.1280000000001564, 1, , , 3343.1280000000001564, 1, , , 3343.1280000000001564, 0
, , 3343.1329999999998108, 0, , , 3343.1329999999998108, 1, , , 3343.1329999999998108, 1, , , 3343.1329999999998108, 0
, , 3343.13799999999992, 0, , , 3343.13799999999992, 1, , , 3343.13799999999992, 1, , , 3343.13799999999992, 0
, , 3343.1430000000000291, 0, , , 3343.1430000000000291, 1, , , 3343.1430000000000291, 1, , , 3343.1430000000000291, 0
, , 3343.1480000000001382, 0, , , 3343.1480000000001382, 1, , , 3343.1480000000001382, 1, , , 3343.1480000000001382, 0
, , 3343.1529999999997926, 0, , , 3343.1529999999997926, 1, , , 3343.1529999999997926, 1, , , 3343.1529999999997926, 0
, , 3343.1599999999998545, 0, , , 3343.1599999999998545, 1, , , 3343.1599999999998545, 1, , , 3343.1599999999998545, 0
, , 3343.1630000000000109, 0, , , 3343.1630000000000109, 1, , , 3343.1630000000000109, 1, , , 3343.1630000000000109, 0
, , 3343.1680000000001201, 0, , , 3343.1680000000001201, 1, , , 3343.1680000000001201, 1, , , 3343.1680000000001201, 0
, , 3343.1729999999997744, 0, , , 3343.1729999999997744, 1, , , 3343.1729999999997744, 1, , , 3343.1729999999997744, 0
, , 3343.1779999999998836, 0, , , 3343.1779999999998836, 1, , , 3343.1779999999998836, 1, , , 3343.1779999999998836, 0
, , 3343.1829999999999927, 0, , , 3343.1829999999999927, 1, , , 3343.1829999999999927, 1, , , 3343.1829999999999927, 0
, , 3343.1880000000001019, 0, , , 3343.1880000000001019, 1, , , 3343.1880000000001019, 1, , , 3343.1880000000001019, 0
, , 3343.193000000000211, 0, , , 3343.193000000000211, 1, , , 3343.193000000000211, 1, , , 3343.193000000000211, 0
, , 3343.1979999999998654, 0, , , 3343.1979999999998654, 1, , , 3343.1979999999998654, 1, , , 3343.1979999999998654, 0
, , 3343.2040000000001783, 1, , , 3343.2040000000001783, 1, , , 3343.2040000000001783, 1, , , 3343.2040000000001783, 1
, , 3343.2089999999998327, 1, , , 3343.2089999999998327, 1, , , 3343.2089999999998327, 1, , , 3343.2089999999998327, 1
, , 3343.2139999999999418, 1, , , 3343.2139999999999418, 1, , , 3343.2139999999999418, 1, , , 3343.2139999999999418, 1
, , 3343.2179999999998472, 1, , , 3343.2179999999998472, 1, , , 3343.2179999999998472, 1, , , 3343.2179999999998472, 1
, , 3343.2229999999999563, 1, , , 3343.2229999999999563, 1, , , 3343.2229999999999563, 1, , , 3343.2229999999999563, 1
, , 3343.2280000000000655, 1, , , 3343.2280000000000655, 1, , , 3343.2280000000000655, 1, , , 3343.2280000000000655, 1
, , 3343.2330000000001746, 1, , , 3343.2330000000001746, 1, , , 3343.2330000000001746, 1, , , 3343.2330000000001746, 1
, , 3343.237999999999829, 1, , , 3343.237999999999829, 1, , , 3343.237999999999829, 1, , , 3343.237999999999829, 1
, , 3343.2429999999999382, 1, , , 3343.2429999999999382, 1, , , 3343.2429999999999382, 1, , , 3343.2429999999999382, 1
, , 3343.2480000000000473, 1, , , 3343.2480000000000473, 1, , , 3343.2480000000000473, 1, , , 3343.2480000000000473, 1
, , 3343.2530000000001564, 1, , , 3343.2530000000001564, 1, , , 3343.2530000000001564, 1, , , 3343.2530000000001564, 1
, , 3343.2579999999998108, 1, , , 3343.2579999999998108, 1, , , 3343.2579999999998108, 1, , , 3343.2579999999998108, 1
, , 3343.26299999999992, 1, , , 3343.26299999999992, 1, , , 3343.26299999999992, 1, , , 3343.26299999999992, 1
, , 3343.2689999999997781, 1, , , 3343.2689999999997781, 1, , , 3343.2689999999997781, 1, , , 3343.2689999999997781, 1
, , 3343.2730000000001382, 1, , , 3343.2730000000001382, 1, , , 3343.2730000000001382, 1, , , 3343.2730000000001382, 1
, , 3343.2779999999997926, 1, , , 3343.2779999999997926, 0, , , 3343.2779999999997926, 0, , , 3343.2779999999997926, 1
, , 3343.2809999999999491, 1, , , 3343.2809999999999491, 0, , , 3343.2809999999999491, 0, , , 3343.2809999999999491, 1
, , 3343.2890000000002146, 1, , , 3343.2890000000002146, 0, , , 3343.2890000000002146, 0, , , 3343.2890000000002146, 1
, , 3343.2930000000001201, 1, , , 3343.2930000000001201, 0, , , 3343.2930000000001201, 0, , , 3343.2930000000001201, 1
, , 3343.2989999999999782, 1, , , 3343.2989999999999782, 0, , , 3343.2989999999999782, 0, , , 3343.2989999999999782, 1
, , 3343.3029999999998836, 1, , , 3343.3029999999998836, 0, , , 3343.3029999999998836, 0, , , 3343.3029999999998836, 1
, , 3343.3079999999999927, 1, , , 3343.3079999999999927, 0, , , 3343.3079999999999927, 0, , , 3343.3079999999999927, 1
, , 3343.3130000000001019, 1, , , 3343.3130000000001019, 0, , , 3343.3130000000001019, 0, , , 3343.3130000000001019, 1
, , 3343.3170000000000073, 1, , , 3343.3170000000000073, 0, , , 3343.3170000000000073, 0, , , 3343.3170000000000073, 1
, , 3343.3240000000000691, 1, , , 3343.3240000000000691, 0, , , 3343.3240000000000691, 0, , , 3343.3240000000000691, 1
, , 3343.3279999999999745, 1, , , 3343.3279999999999745, 0, , , 3343.3279999999999745, 0, , , 3343.3279999999999745, 1
, , 3343.3330000000000837, 1, , , 3343.3330000000000837, 0, , , 3343.3330000000000837, 0, , , 3343.3330000000000837, 1
, , 3343.3380000000001928, 1, , , 3343.3380000000001928, 0, , , 3343.3380000000001928, 0, , , 3343.3380000000001928, 1
, , 3343.3429999999998472, 1, , , 3343.3429999999998472, 0, , , 3343.3429999999998472, 0, , , 3343.3429999999998472, 1
, , 3343.3470000000002074, 1, , , 3343.3470000000002074, 0, , , 3343.3470000000002074, 0, , , 3343.3470000000002074, 1
, , 3343.3530000000000655, 1, , , 3343.3530000000000655, 0, , , 3343.3530000000000655, 0, , , 3343.3530000000000655, 1
, , 3343.3580000000001746, 1, , , 3343.3580000000001746, 0, , , 3343.3580000000001746, 0, , , 3343.3580000000001746, 1
, , 3343.362999999999829, 1, , , 3343.362999999999829, 0, , , 3343.362999999999829, 0, , , 3343.362999999999829, 1
, , 3343.3679999999999382, 1, , , 3343.3679999999999382, 0, , , 3343.3679999999999382, 0, , , 3343.3679999999999382, 1
, , 3343.3730000000000473, 1, , , 3343.3730000000000473, 0, , , 3343.3730000000000473, 0, , , 3343.3730000000000473, 1
, , 3343.3780000000001564, 1, , , 3343.3780000000001564, 0, , , 3343.3780000000001564, 0, , , 3343.3780000000001564, 1
, , 3343.3859999999999673, 1, , , 3343.3859999999999673, 0, , , 3343.3859999999999673, 0, , , 3343.3859999999999673, 1
, , 3343.38799999999992, 1, , , 3343.38799999999992, 0, , , 3343.38799999999992, 0, , , 3343.38799999999992, 1
, , 3343.3939999999997781, 1, , , 3343.3939999999997781, 0, , , 3343.3939999999997781, 0, , , 3343.3939999999997781, 1
, , 3343.3980000000001382, 1, , , 3343.3980000000001382, 0, , , 3343.3980000000001382, 0, , , 3343.3980000000001382, 1
, , 3343.4029999999997926, 1, , , 3343.4029999999997926, 0, , , 3343.4029999999997926, 0, , , 3343.4029999999997926, 1
, , 3343.4079999999999018, 1, , , 3343.4079999999999018, 0, , , 3343.4079999999999018, 0, , , 3343.4079999999999018, 1
, , 3343.4130000000000109, 1, , , 3343.4130000000000109, 0, , , 3343.4130000000000109, 0, , , 3343.4130000000000109, 1
, , 3343.418999999999869, 1, , , 3343.418999999999869, 0, , , 3343.418999999999869, 0, , , 3343.418999999999869, 1
, , 3343.4239999999999782, 1, , , 3343.4239999999999782, 0, , , 3343.4239999999999782, 0, , , 3343.4239999999999782, 1
, , 3343.4290000000000873, 1, , , 3343.4290000000000873, 0, , , 3343.4290000000000873, 0, , , 3343.4290000000000873, 1
, , 3343.4329999999999927, 1, , , 3343.4329999999999927, 0, , , 3343.4329999999999927, 0, , , 3343.4329999999999927, 1
, , 3343.4389999999998508, 1, , , 3343.4389999999998508, 0, , , 3343.4389999999998508, 0, , , 3343.4389999999998508, 1
, , 3343.44399999999996, 1, , , 3343.44399999999996, 0, , , 3343.44399999999996, 0, , , 3343.44399999999996, 1
, , 3343.4479999999998654, 1, , , 3343.4479999999998654, 0, , , 3343.4479999999998654, 0, , , 3343.4479999999998654, 1
, , 3343.4529999999999745, 1, , , 3343.4529999999999745, 0, , , 3343.4529999999999745, 0, , , 3343.4529999999999745, 1
, , 3343.4580000000000837, 1, , , 3343.4580000000000837, 0, , , 3343.4580000000000837, 0, , , 3343.4580000000000837, 1
, , 3343.4639999999999418, 1, , , 3343.4639999999999418, 0, , , 3343.4639999999999418, 0, , , 3343.4639999999999418, 1
, , 3343.4679999999998472, 1, , , 3343.4679999999998472, 0, , , 3343.4679999999998472, 0, , , 3343.4679999999998472, 1
, , 3343.4740000000001601, 1, , , 3343.4740000000001601, 0, , , 3343.4740000000001601, 0, , , 3343.4740000000001601, 1
, , 3343.4780000000000655, 1, , , 3343.4780000000000655, 0, , , 3343.4780000000000655, 0, , , 3343.4780000000000655, 1
, , 3343.4830000000001746, 1, , , 3343.4830000000001746, 0, , , 3343.4830000000001746, 0, , , 3343.4830000000001746, 1
, , 3343.4890000000000327, 1, , , 3343.4890000000000327, 0, , , 3343.4890000000000327, 0, , , 3343.4890000000000327, 1
, , 3343.4940000000001419, 1, , , 3343.4940000000001419, 0, , , 3343.4940000000001419, 0, , , 3343.4940000000001419, 1
, , 3343.4980000000000473, 1, , , 3343.4980000000000473, 0, , , 3343.4980000000000473, 0, , , 3343.4980000000000473, 1
, , 3343.5030000000001564, 1, , , 3343.5030000000001564, 0, , , 3343.5030000000001564, 0, , , 3343.5030000000001564, 1
, , 3343.5079999999998108, 1, , , 3343.5079999999998108, 0, , , 3343.5079999999998108, 0, , , 3343.5079999999998108, 1
, , 3343.51299999999992, 1, , , 3343.51299999999992, 0, , , 3343.51299999999992, 0, , , 3343.51299999999992, 1
, , 3343.5180000000000291, 1, , , 3343.5180000000000291, 0, , , 3343.5180000000000291, 0, , , 3343.5180000000000291, 1
, , 3343.5239999999998872, 1, , , 3343.5239999999998872, 0, , , 3343.5239999999998872, 0, , , 3343.5239999999998872, 1
, , 3343.5270000000000437, 1, , , 3343.5270000000000437, 1, , , 3343.5270000000000437, 1, , , 3343.5270000000000437, 1
, , 3343.5329999999999018, 1, , , 3343.5329999999999018, 1, , , 3343.5329999999999018, 1, , , 3343.5329999999999018, 1
, , 3343.5380000000000109, 1, , , 3343.5380000000000109, 1, , , 3343.5380000000000109, 1, , , 3343.5380000000000109, 1
, , 3343.5430000000001201, 1, , , 3343.5430000000001201, 1, , , 3343.5430000000001201, 1, , , 3343.5430000000001201, 1
, , 3343.5479999999997744, 1, , , 3343.5479999999997744, 1, , , 3343.5479999999997744, 1, , , 3343.5479999999997744, 1
, , 3343.5529999999998836, 1, , , 3343.5529999999998836, 1, , , 3343.5529999999998836, 1, , , 3343.5529999999998836, 1
, , 3343.5590000000001965, 1, , , 3343.5590000000001965, 1, , , 3343.5590000000001965, 1, , , 3343.5590000000001965, 1
, , 3343.5630000000001019, 1, , , 3343.5630000000001019, 1, , , 3343.5630000000001019, 1, , , 3343.5630000000001019, 1
, , 3343.568000000000211, 1, , , 3343.568000000000211, 1, , , 3343.568000000000211, 1, , , 3343.568000000000211, 1
, , 3343.5729999999998654, 1, , , 3343.5729999999998654, 1, , , 3343.5729999999998654, 1, , , 3343.5729999999998654, 1
, , 3343.5779999999999745, 1, , , 3343.5779999999999745, 1, , , 3343.5779999999999745, 1, , , 3343.5779999999999745, 1
, , 3343.5830000000000837, 1, , , 3343.5830000000000837, 1, , , 3343.5830000000000837, 1, , , 3343.5830000000000837, 1
, , 3343.5880000000001928, 1, , , 3343.5880000000001928, 1, , , 3343.5880000000001928, 1, , , 3343.5880000000001928, 1
, , 3343.5929999999998472, 1, , , 3343.5929999999998472, 1, , , 3343.5929999999998472, 1, , , 3343.5929999999998472, 1
, , 3343.5999999999999091, 0, , , 3343.5999999999999091, 1, , , 3343.5999999999999091, 1, , , 3343.5999999999999091, 0
, , 3343.6030000000000655, 0, , , 3343.6030000000000655, 1, , , 3343.6030000000000655, 1, , , 3343.6030000000000655, 0
, , 3343.6080000000001746, 0, , , 3343.6080000000001746, 1, , , 3343.6080000000001746, 1, , , 3343.6080000000001746, 0
, , 3343.612999999999829, 0, , , 3343.612999999999829, 1, , , 3343.612999999999829, 1, , , 3343.612999999999829, 0
, , 3343.6179999999999382, 0, , , 3343.6179999999999382, 1, , , 3343.6179999999999382, 1, , , 3343.6179999999999382, 0
, , 3343.6230000000000473, 0, , , 3343.6230000000000473, 1, , , 3343.6230000000000473, 1, , , 3343.6230000000000473, 0
, , 3343.6280000000001564, 0, , , 3343.6280000000001564, 1, , , 3343.6280000000001564, 1, , , 3343.6280000000001564, 0
, , 3343.6340000000000146, 0, , , 3343.6340000000000146, 1, , , 3343.6340000000000146, 1, , , 3343.6340000000000146, 0
, , 3343.63799999999992, 0, , , 3343.63799999999992, 1, , , 3343.63799999999992, 1, , , 3343.63799999999992, 0
, , 3343.6430000000000291, 0, , , 3343.6430000000000291, 1, , , 3343.6430000000000291, 1, , , 3343.6430000000000291, 0
, , 3343.6480000000001382, 0, , , 3343.6480000000001382, 1, , , 3343.6480000000001382, 1, , , 3343.6480000000001382, 0
, , 3343.6529999999997926, 0, , , 3343.6529999999997926, 1, , , 3343.6529999999997926, 1, , , 3343.6529999999997926, 0
, , 3343.6570000000001528, 0, , , 3343.6570000000001528, 1, , , 3343.6570000000001528, 1, , , 3343.6570000000001528, 0
, , 3343.6630000000000109, 0, , , 3343.6630000000000109, 1, , , 3343.6630000000000109, 1, , , 3343.6630000000000109, 0
, , 3343.6680000000001201, 0, , , 3343.6680000000001201, 1, , , 3343.6680000000001201, 1, , , 3343.6680000000001201, 0
, , 3343.6739999999999782, 0, , , 3343.6739999999999782, 1, , , 3343.6739999999999782, 1, , , 3343.6739999999999782, 0
, , 3343.6779999999998836, 0, , , 3343.6779999999998836, 1, , , 3343.6779999999998836, 1, , , 3343.6779999999998836, 0
, , 3343.6829999999999927, 0, , , 3343.6829999999999927, 1, , , 3343.6829999999999927, 1, , , 3343.6829999999999927, 0
, , 3343.6889999999998508, 0, , , 3343.6889999999998508, 1, , , 3343.6889999999998508, 1, , , 3343.6889999999998508, 0
, , 3343.69399999999996, 0, , , 3343.69399999999996, 1, , , 3343.69399999999996, 1, , , 3343.69399999999996, 0
, , 3343.6979999999998654, 0, , , 3343.6979999999998654, 1, , , 3343.6979999999998654, 1, , , 3343.6979999999998654, 0
, , 3343.7040000000001783, 0, , , 3343.7040000000001783, 1, , , 3343.7040000000001783, 1, , , 3343.7040000000001783, 0
, , 3343.7080000000000837, 0, , , 3343.7080000000000837, 1, , , 3343.7080000000000837, 1, , , 3343.7080000000000837, 0
, , 3343.7130000000001928, 0, , , 3343.7130000000001928, 1, , , 3343.7130000000001928, 1, , , 3343.7130000000001928, 0
, , 3343.7190000000000509, 0, , , 3343.7190000000000509, 1, , , 3343.7190000000000509, 1, , , 3343.7190000000000509, 0
, , 3343.7229999999999563, 0, , , 3343.7229999999999563, 1, , , 3343.7229999999999563, 1, , , 3343.7229999999999563, 0
, , 3343.7289999999998145, 0, , , 3343.7289999999998145, 1, , , 3343.7289999999998145, 1, , , 3343.7289999999998145, 0
, , 3343.7330000000001746, 0, , , 3343.7330000000001746, 1, , , 3343.7330000000001746, 1, , , 3343.7330000000001746, 0
, , 3343.737999999999829, 0, , , 3343.737999999999829, 1, , , 3343.737999999999829, 1, , , 3343.737999999999829, 0
, , 3343.7449999999998909, 0, , , 3343.7449999999998909, 1, , , 3343.7449999999998909, 1, , , 3343.7449999999998909, 0
, , 3343.7489999999997963, 0, , , 3343.7489999999997963, 1, , , 3343.7489999999997963, 1, , , 3343.7489999999997963, 0
, , 3343.7539999999999054, 0, , , 3343.7539999999999054, 1, , , 3343.7539999999999054, 1, , , 3343.7539999999999054, 0
, , 3343.7579999999998108, 0, , , 3343.7579999999998108, 1, , , 3343.7579999999998108, 1, , , 3343.7579999999998108, 0
, , 3343.7640000000001237, 0, , , 3343.7640000000001237, 1, , , 3343.7640000000001237, 1, , , 3343.7640000000001237, 0
, , 3343.7689999999997781, 0, , , 3343.7689999999997781, 1, , , 3343.7689999999997781, 1, , , 3343.7689999999997781, 0
, , 3343.7730000000001382, 0, , , 3343.7730000000001382, 1, , , 3343.7730000000001382, 1, , , 3343.7730000000001382, 0
, , 3343.7770000000000437, 0, , , 3343.7770000000000437, 1, , , 3343.7770000000000437, 1, , , 3343.7770000000000437, 0
, , 3343.7829999999999018, 0, , , 3343.7829999999999018, 1, , , 3343.7829999999999018, 1, , , 3343.7829999999999018, 0
, , 3343.7880000000000109, 0, , , 3343.7880000000000109, 1, , , 3343.7880000000000109, 1, , , 3343.7880000000000109, 0
, , 3343.793999999999869, 0, , , 3343.793999999999869, 1, , , 3343.793999999999869, 1, , , 3343.793999999999869, 0
, , 3343.7979999999997744, 0, , , 3343.7979999999997744, 1, , , 3343.7979999999997744, 1, , , 3343.7979999999997744, 0
, , 3343.8040000000000873, 0, , , 3343.8040000000000873, 1, , , 3343.8040000000000873, 1, , , 3343.8040000000000873, 0
, , 3343.8099999999999454, 0, , , 3343.8099999999999454, 1, , , 3343.8099999999999454, 1, , , 3343.8099999999999454, 0
, , 3343.8130000000001019, 0, , , 3343.8130000000001019, 1, , , 3343.8130000000001019, 1, , , 3343.8130000000001019, 0
, , 3343.81899999999996, 0, , , 3343.81899999999996, 1, , , 3343.81899999999996, 1, , , 3343.81899999999996, 0
, , 3343.8229999999998654, 0, , , 3343.8229999999998654, 1, , , 3343.8229999999998654, 1, , , 3343.8229999999998654, 0
, , 3343.8279999999999745, 0, , , 3343.8279999999999745, 1, , , 3343.8279999999999745, 1, , , 3343.8279999999999745, 0
, , 3343.8330000000000837, 0, , , 3343.8330000000000837, 1, , , 3343.8330000000000837, 1, , , 3343.8330000000000837, 0
, , 3343.8380000000001928, 0, , , 3343.8380000000001928, 1, , , 3343.8380000000001928, 1, , , 3343.8380000000001928, 0
, , 3343.8429999999998472, 0, , , 3343.8429999999998472, 1, , , 3343.8429999999998472, 1, , , 3343.8429999999998472, 0
, , 3343.8479999999999563, 0, , , 3343.8479999999999563, 1, , , 3343.8479999999999563, 1, , , 3343.8479999999999563, 0
, , 3343.8530000000000655, 1, , , 3343.8530000000000655, 1, , , 3343.8530000000000655, 1, , , 3343.8530000000000655, 1
, , 3343.8589999999999236, 1, , , 3343.8589999999999236, 1, , , 3343.8589999999999236, 1, , , 3343.8589999999999236, 1
, , 3343.8640000000000327, 1, , , 3343.8640000000000327, 1, , , 3343.8640000000000327, 1, , , 3343.8640000000000327, 1
, , 3343.8690000000001419, 1, , , 3343.8690000000001419, 1, , , 3343.8690000000001419, 1, , , 3343.8690000000001419, 1
, , 3343.8730000000000473, 1, , , 3343.8730000000000473, 1, , , 3343.8730000000000473, 1, , , 3343.8730000000000473, 1
, , 3343.8780000000001564, 1, , , 3343.8780000000001564, 1, , , 3343.8780000000001564, 1, , , 3343.8780000000001564, 1
, , 3343.8840000000000146, 1, , , 3343.8840000000000146, 1, , , 3343.8840000000000146, 1, , , 3343.8840000000000146, 1
, , 3343.88799999999992, 1, , , 3343.88799999999992, 1, , , 3343.88799999999992, 1, , , 3343.88799999999992, 1
, , 3343.8930000000000291, 1, , , 3343.8930000000000291, 1, , , 3343.8930000000000291, 1, , , 3343.8930000000000291, 1
, , 3343.8980000000001382, 1, , , 3343.8980000000001382, 1, , , 3343.8980000000001382, 1, , , 3343.8980000000001382, 1
, , 3343.9029999999997926, 1, , , 3343.9029999999997926, 1, , , 3343.9029999999997926, 1, , , 3343.9029999999997926, 1
, , 3343.9090000000001055, 1, , , 3343.9090000000001055, 1, , , 3343.9090000000001055, 1, , , 3343.9090000000001055, 1
, , 3343.9140000000002146, 1, , , 3343.9140000000002146, 1, , , 3343.9140000000002146, 1, , , 3343.9140000000002146, 1
, , 3343.9180000000001201, 1, , , 3343.9180000000001201, 1, , , 3343.9180000000001201, 1, , , 3343.9180000000001201, 1
, , 3343.9229999999997744, 1, , , 3343.9229999999997744, 1, , , 3343.9229999999997744, 1, , , 3343.9229999999997744, 1
, , 3343.9279999999998836, 1, , , 3343.9279999999998836, 0, , , 3343.9279999999998836, 0, , , 3343.9279999999998836, 1
, , 3343.9329999999999927, 1, , , 3343.9329999999999927, 0, , , 3343.9329999999999927, 0, , , 3343.9329999999999927, 1
, , 3343.9380000000001019, 1, , , 3343.9380000000001019, 0, , , 3343.9380000000001019, 0, , , 3343.9380000000001019, 1
, , 3343.9420000000000073, 1, , , 3343.9420000000000073, 0, , , 3343.9420000000000073, 0, , , 3343.9420000000000073, 1
, , 3343.9490000000000691, 1, , , 3343.9490000000000691, 0, , , 3343.9490000000000691, 0, , , 3343.9490000000000691, 1
, , 3343.9520000000002256, 1, , , 3343.9520000000002256, 0, , , 3343.9520000000002256, 0, , , 3343.9520000000002256, 1
, , 3343.9580000000000837, 1, , , 3343.9580000000000837, 0, , , 3343.9580000000000837, 0, , , 3343.9580000000000837, 1
, , 3343.9630000000001928, 1, , , 3343.9630000000001928, 0, , , 3343.9630000000001928, 0, , , 3343.9630000000001928, 1
, , 3343.9679999999998472, 1, , , 3343.9679999999998472, 0, , , 3343.9679999999998472, 0, , , 3343.9679999999998472, 1
, , 3343.9729999999999563, 1, , , 3343.9729999999999563, 0, , , 3343.9729999999999563, 0, , , 3343.9729999999999563, 1
, , 3343.9780000000000655, 1, , , 3343.9780000000000655, 0, , , 3343.9780000000000655, 0, , , 3343.9780000000000655, 1
, , 3343.9830000000001746, 1, , , 3343.9830000000001746, 0, , , 3343.9830000000001746, 0, , , 3343.9830000000001746, 1
, , 3343.987999999999829, 1, , , 3343.987999999999829, 0, , , 3343.987999999999829, 0, , , 3343.987999999999829, 1
, , 3343.9929999999999382, 1, , , 3343.9929999999999382, 0, , , 3343.9929999999999382, 0, , , 3343.9929999999999382, 1
, , 3343.9980000000000473, 1, , , 3343.9980000000000473, 0, , , 3343.9980000000000473, 0, , , 3343.9980000000000473, 1
, , 3344.0030000000001564, 1, , , 3344.0030000000001564, 0, , , 3344.0030000000001564, 0, , , 3344.0030000000001564, 1
, , 3344.0079999999998108, 1, , , 3344.0079999999998108, 0, , , 3344.0079999999998108, 0, , , 3344.0079999999998108, 1
, , 3344.01299999999992, 1, , , 3344.01299999999992, 0, , , 3344.01299999999992, 0, , , 3344.01299999999992, 1
, , 3344.0180000000000291, 1, , , 3344.0180000000000291, 0, , , 3344.0180000000000291, 0, , , 3344.0180000000000291, 1
, , 3344.0239999999998872, 1, , , 3344.0239999999998872, 0, , , 3344.0239999999998872, 0, , , 3344.0239999999998872, 1
, , 3344.0279999999997926, 1, , , 3344.0279999999997926, 0, , , 3344.0279999999997926, 0, , , 3344.0279999999997926, 1
, , 3344.0329999999999018, 1, , , 3344.0329999999999018, 0, , , 3344.0329999999999018, 0, , , 3344.0329999999999018, 1
, , 3344.0380000000000109, 1, , , 3344.0380000000000109, 0, , , 3344.0380000000000109, 0, , , 3344.0380000000000109, 1
, , 3344.0430000000001201, 1, , , 3344.0430000000001201, 0, , , 3344.0430000000001201, 0, , , 3344.0430000000001201, 1
, , 3344.0479999999997744, 1, , , 3344.0479999999997744, 0, , , 3344.0479999999997744, 0, , , 3344.0479999999997744, 1
, , 3344.0529999999998836, 1, , , 3344.0529999999998836, 0, , , 3344.0529999999998836, 0, , , 3344.0529999999998836, 1
, , 3344.0579999999999927, 1, , , 3344.0579999999999927, 0, , , 3344.0579999999999927, 0, , , 3344.0579999999999927, 1
, , 3344.0630000000001019, 1, , , 3344.0630000000001019, 0, , , 3344.0630000000001019, 0, , , 3344.0630000000001019, 1
, , 3344.0670000000000073, 1, , , 3344.0670000000000073, 0, , , 3344.0670000000000073, 0, , , 3344.0670000000000073, 1
, , 3344.0729999999998654, 1, , , 3344.0729999999998654, 0, , , 3344.0729999999998654, 0, , , 3344.0729999999998654, 1
, , 3344.0779999999999745, 1, , , 3344.0779999999999745, 0, , , 3344.0779999999999745, 0, , , 3344.0779999999999745, 1
, , 3344.0830000000000837, 1, , , 3344.0830000000000837, 0, , , 3344.0830000000000837, 0, , , 3344.0830000000000837, 1
, , 3344.0880000000001928, 1, , , 3344.0880000000001928, 0, , , 3344.0880000000001928, 0, , , 3344.0880000000001928, 1
, , 3344.0929999999998472, 1, , , 3344.0929999999998472, 0, , , 3344.0929999999998472, 0, , , 3344.0929999999998472, 1
, , 3344.0979999999999563, 1, , , 3344.0979999999999563, 0, , , 3344.0979999999999563, 0, , , 3344.0979999999999563, 1
, , 3344.1019999999998618, 1, , , 3344.1019999999998618, 0, , , 3344.1019999999998618, 0, , , 3344.1019999999998618, 1
, , 3344.1080000000001746, 1, , , 3344.1080000000001746, 0, , , 3344.1080000000001746, 0, , , 3344.1080000000001746, 1
, , 3344.112999999999829, 1, , , 3344.112999999999829, 0, , , 3344.112999999999829, 0, , , 3344.112999999999829, 1
, , 3344.1179999999999382, 1, , , 3344.1179999999999382, 0, , , 3344.1179999999999382, 0, , , 3344.1179999999999382, 1
, , 3344.1230000000000473, 1, , , 3344.1230000000000473, 0, , , 3344.1230000000000473, 0, , , 3344.1230000000000473, 1
, , 3344.1280000000001564, 1, , , 3344.1280000000001564, 0, , , 3344.1280000000001564, 0, , , 3344.1280000000001564, 1
, , 3344.1329999999998108, 1, , , 3344.1329999999998108, 0, , , 3344.1329999999998108, 0, , , 3344.1329999999998108, 1
, , 3344.1390000000001237, 1, , , 3344.1390000000001237, 0, , , 3344.1390000000001237, 0, , , 3344.1390000000001237, 1
, , 3344.1430000000000291, 1, , , 3344.1430000000000291, 0, , , 3344.1430000000000291, 0, , , 3344.1430000000000291, 1
, , 3344.1480000000001382, 1, , , 3344.1480000000001382, 0, , , 3344.1480000000001382, 0, , , 3344.1480000000001382, 1
, , 3344.1529999999997926, 1, , , 3344.1529999999997926, 0, , , 3344.1529999999997926, 0, , , 3344.1529999999997926, 1
, , 3344.1579999999999018, 1, , , 3344.1579999999999018, 0, , , 3344.1579999999999018, 0, , , 3344.1579999999999018, 1
, , 3344.1630000000000109, 1, , , 3344.1630000000000109, 0, , , 3344.1630000000000109, 0, , , 3344.1630000000000109, 1
, , 3344.1680000000001201, 1, , , 3344.1680000000001201, 0, , , 3344.1680000000001201, 0, , , 3344.1680000000001201, 1
, , 3344.1720000000000255, 1, , , 3344.1720000000000255, 0, , , 3344.1720000000000255, 0, , , 3344.1720000000000255, 1
, , 3344.1779999999998836, 1, , , 3344.1779999999998836, 1, , , 3344.1779999999998836, 1, , , 3344.1779999999998836, 1
, , 3344.1829999999999927, 1, , , 3344.1829999999999927, 1, , , 3344.1829999999999927, 1, , , 3344.1829999999999927, 1
, , 3344.1889999999998508, 1, , , 3344.1889999999998508, 1, , , 3344.1889999999998508, 1, , , 3344.1889999999998508, 1
, , 3344.193000000000211, 1, , , 3344.193000000000211, 1, , , 3344.193000000000211, 1, , , 3344.193000000000211, 1
, , 3344.1979999999998654, 1, , , 3344.1979999999998654, 1, , , 3344.1979999999998654, 1, , , 3344.1979999999998654, 1
, , 3344.2040000000001783, 1, , , 3344.2040000000001783, 1, , , 3344.2040000000001783, 1, , , 3344.2040000000001783, 1
, , 3344.2080000000000837, 1, , , 3344.2080000000000837, 1, , , 3344.2080000000000837, 1, , , 3344.2080000000000837, 1
, , 3344.2130000000001928, 1, , , 3344.2130000000001928, 1, , , 3344.2130000000001928, 1, , , 3344.2130000000001928, 1
, , 3344.2190000000000509, 1, , , 3344.2190000000000509, 1, , , 3344.2190000000000509, 1, , , 3344.2190000000000509, 1
, , 3344.2240000000001601, 1, , , 3344.2240000000001601, 1, , , 3344.2240000000001601, 1, , , 3344.2240000000001601, 1
, , 3344.2280000000000655, 1, , , 3344.2280000000000655, 1, , , 3344.2280000000000655, 1, , , 3344.2280000000000655, 1
, , 3344.2330000000001746, 1, , , 3344.2330000000001746, 1, , , 3344.2330000000001746, 1, , , 3344.2330000000001746, 1
, , 3344.237999999999829, 1, , , 3344.237999999999829, 1, , , 3344.237999999999829, 1, , , 3344.237999999999829, 1
, , 3344.2440000000001419, 1, , , 3344.2440000000001419, 1, , , 3344.2440000000001419, 1, , , 3344.2440000000001419, 1
, , 3344.2480000000000473, 1, , , 3344.2480000000000473, 1, , , 3344.2480000000000473, 1, , , 3344.2480000000000473, 1
, , 3344.2539999999999054, 0, , , 3344.2539999999999054, 1, , , 3344.2539999999999054, 1, , , 3344.2539999999999054, 0
, , 3344.2579999999998108, 0, , , 3344.2579999999998108, 1, , , 3344.2579999999998108, 1, , , 3344.2579999999998108, 0
, , 3344.2640000000001237, 0, , , 3344.2640000000001237, 1, , , 3344.2640000000001237, 1, , , 3344.2640000000001237, 0
, , 3344.2680000000000291, 0, , , 3344.2680000000000291, 1, , , 3344.2680000000000291, 1, , , 3344.2680000000000291, 0
, , 3344.2730000000001382, 0, , , 3344.2730000000001382, 1, , , 3344.2730000000001382, 1, , , 3344.2730000000001382, 0
, , 3344.2779999999997926, 0, , , 3344.2779999999997926, 1, , , 3344.2779999999997926, 1, , , 3344.2779999999997926, 0
, , 3344.2829999999999018, 0, , , 3344.2829999999999018, 1, , , 3344.2829999999999018, 1, , , 3344.2829999999999018, 0
, , 3344.2880000000000109, 0, , , 3344.2880000000000109, 1, , , 3344.2880000000000109, 1, , , 3344.2880000000000109, 0
, , 3344.2930000000001201, 0, , , 3344.2930000000001201, 1, , , 3344.2930000000001201, 1, , , 3344.2930000000001201, 0
, , 3344.2989999999999782, 0, , , 3344.2989999999999782, 1, , , 3344.2989999999999782, 1, , , 3344.2989999999999782, 0
, , 3344.3029999999998836, 0, , , 3344.3029999999998836, 1, , , 3344.3029999999998836, 1, , , 3344.3029999999998836, 0
, , 3344.3079999999999927, 0, , , 3344.3079999999999927, 1, , , 3344.3079999999999927, 1, , , 3344.3079999999999927, 0
, , 3344.3130000000001019, 0, , , 3344.3130000000001019, 1, , , 3344.3130000000001019, 1, , , 3344.3130000000001019, 0
, , 3344.31899999999996, 0, , , 3344.31899999999996, 1, , , 3344.31899999999996, 1, , , 3344.31899999999996, 0
, , 3344.3240000000000691, 0, , , 3344.3240000000000691, 1, , , 3344.3240000000000691, 1, , , 3344.3240000000000691, 0
, , 3344.3299999999999272, 0, , , 3344.3299999999999272, 1, , , 3344.3299999999999272, 1, , , 3344.3299999999999272, 0
, , 3344.3330000000000837, 0, , , 3344.3330000000000837, 1, , , 3344.3330000000000837, 1, , , 3344.3330000000000837, 0
, , 3344.3380000000001928, 0, , , 3344.3380000000001928, 1, , , 3344.3380000000001928, 1, , , 3344.3380000000001928, 0
, , 3344.3429999999998472, 0, , , 3344.3429999999998472, 1, , , 3344.3429999999998472, 1, , , 3344.3429999999998472, 0
, , 3344.3479999999999563, 0, , , 3344.3479999999999563, 1, , , 3344.3479999999999563, 1, , , 3344.3479999999999563, 0
, , 3344.3530000000000655, 0, , , 3344.3530000000000655, 1, , , 3344.3530000000000655, 1, , , 3344.3530000000000655, 0
, , 3344.3580000000001746, 0, , , 3344.3580000000001746, 1, , , 3344.3580000000001746, 1, , , 3344.3580000000001746, 0
, , 3344.3640000000000327, 0, , , 3344.3640000000000327, 1, , , 3344.3640000000000327, 1, , , 3344.3640000000000327, 0
, , 3344.3679999999999382, 0, , , 3344.3679999999999382, 1, , , 3344.3679999999999382, 1, , , 3344.3679999999999382, 0
, , 3344.3730000000000473, 0, , , 3344.3730000000000473, 1, , , 3344.3730000000000473, 1, , , 3344.3730000000000473, 0
, , 3344.3780000000001564, 0, , , 3344.3780000000001564, 1, , , 3344.3780000000001564, 1, , , 3344.3780000000001564, 0
, , 3344.3829999999998108, 0, , , 3344.3829999999998108, 1, , , 3344.3829999999998108, 1, , , 3344.3829999999998108, 0
, , 3344.3899999999998727, 0, , , 3344.3899999999998727, 1, , , 3344.3899999999998727, 1, , , 3344.3899999999998727, 0
, , 3344.3930000000000291, 0, , , 3344.3930000000000291, 1, , , 3344.3930000000000291, 1, , , 3344.3930000000000291, 0
, , 3344.3989999999998872, 0, , , 3344.3989999999998872, 1, , , 3344.3989999999998872, 1, , , 3344.3989999999998872, 0
, , 3344.4029999999997926, 0, , , 3344.4029999999997926, 1, , , 3344.4029999999997926, 1, , , 3344.4029999999997926, 0
, , 3344.4090000000001055, 0, , , 3344.4090000000001055, 1, , , 3344.4090000000001055, 1, , , 3344.4090000000001055, 0
, , 3344.4130000000000109, 0, , , 3344.4130000000000109, 1, , , 3344.4130000000000109, 1, , , 3344.4130000000000109, 0
, , 3344.4180000000001201, 0, , , 3344.4180000000001201, 1, , , 3344.4180000000001201, 1, , , 3344.4180000000001201, 0
, , 3344.4229999999997744, 0, , , 3344.4229999999997744, 1, , , 3344.4229999999997744, 1, , , 3344.4229999999997744, 0
, , 3344.4279999999998836, 0, , , 3344.4279999999998836, 1, , , 3344.4279999999998836, 1, , , 3344.4279999999998836, 0
, , 3344.4340000000001965, 0, , , 3344.4340000000001965, 1, , , 3344.4340000000001965, 1, , , 3344.4340000000001965, 0
, , 3344.4380000000001019, 0, , , 3344.4380000000001019, 1, , , 3344.4380000000001019, 1, , , 3344.4380000000001019, 0
, , 3344.443000000000211, 0, , , 3344.443000000000211, 1, , , 3344.443000000000211, 1, , , 3344.443000000000211, 0
, , 3344.4490000000000691, 0, , , 3344.4490000000000691, 1, , , 3344.4490000000000691, 1, , , 3344.4490000000000691, 0
, , 3344.4540000000001783, 0, , , 3344.4540000000001783, 1, , , 3344.4540000000001783, 1, , , 3344.4540000000001783, 0
, , 3344.4589999999998327, 0, , , 3344.4589999999998327, 1, , , 3344.4589999999998327, 1, , , 3344.4589999999998327, 0
, , 3344.4630000000001928, 0, , , 3344.4630000000001928, 1, , , 3344.4630000000001928, 1, , , 3344.4630000000001928, 0
, , 3344.4679999999998472, 0, , , 3344.4679999999998472, 1, , , 3344.4679999999998472, 1, , , 3344.4679999999998472, 0
, , 3344.4740000000001601, 0, , , 3344.4740000000001601, 1, , , 3344.4740000000001601, 1, , , 3344.4740000000001601, 0
, , 3344.4780000000000655, 0, , , 3344.4780000000000655, 1, , , 3344.4780000000000655, 1, , , 3344.4780000000000655, 0
, , 3344.4830000000001746, 0, , , 3344.4830000000001746, 1, , , 3344.4830000000001746, 1, , , 3344.4830000000001746, 0
, , 3344.487999999999829, 0, , , 3344.487999999999829, 1, , , 3344.487999999999829, 1, , , 3344.487999999999829, 0
, , 3344.4929999999999382, 0, , , 3344.4929999999999382, 1, , , 3344.4929999999999382, 1, , , 3344.4929999999999382, 0
, , 3344.4980000000000473, 0, , , 3344.4980000000000473, 1, , , 3344.4980000000000473, 1, , , 3344.4980000000000473, 0
, , 3344.5039999999999054, 1, , , 3344.5039999999999054, 1, , , 3344.5039999999999054, 1, , , 3344.5039999999999054, 1
, , 3344.5079999999998108, 1, , , 3344.5079999999998108, 1, , , 3344.5079999999998108, 1, , , 3344.5079999999998108, 1
, , 3344.5140000000001237, 1, , , 3344.5140000000001237, 1, , , 3344.5140000000001237, 1, , , 3344.5140000000001237, 1
, , 3344.5180000000000291, 1, , , 3344.5180000000000291, 1, , , 3344.5180000000000291, 1, , , 3344.5180000000000291, 1
, , 3344.5239999999998872, 1, , , 3344.5239999999998872, 1, , , 3344.5239999999998872, 1, , , 3344.5239999999998872, 1
, , 3344.5279999999997926, 1, , , 3344.5279999999997926, 1, , , 3344.5279999999997926, 1, , , 3344.5279999999997926, 1
, , 3344.5340000000001055, 1, , , 3344.5340000000001055, 1, , , 3344.5340000000001055, 1, , , 3344.5340000000001055, 1
, , 3344.5390000000002146, 1, , , 3344.5390000000002146, 1, , , 3344.5390000000002146, 1, , , 3344.5390000000002146, 1
, , 3344.5430000000001201, 1, , , 3344.5430000000001201, 1, , , 3344.5430000000001201, 1, , , 3344.5430000000001201, 1
, , 3344.5479999999997744, 1, , , 3344.5479999999997744, 1, , , 3344.5479999999997744, 1, , , 3344.5479999999997744, 1
, , 3344.5529999999998836, 1, , , 3344.5529999999998836, 1, , , 3344.5529999999998836, 1, , , 3344.5529999999998836, 1
, , 3344.5590000000001965, 1, , , 3344.5590000000001965, 1, , , 3344.5590000000001965, 1, , , 3344.5590000000001965, 1
, , 3344.5639999999998508, 1, , , 3344.5639999999998508, 1, , , 3344.5639999999998508, 1, , , 3344.5639999999998508, 1
, , 3344.568000000000211, 1, , , 3344.568000000000211, 1, , , 3344.568000000000211, 1, , , 3344.568000000000211, 1
, , 3344.5729999999998654, 1, , , 3344.5729999999998654, 1, , , 3344.5729999999998654, 1, , , 3344.5729999999998654, 1
, , 3344.5779999999999745, 1, , , 3344.5779999999999745, 0, , , 3344.5779999999999745, 0, , , 3344.5779999999999745, 1
, , 3344.5830000000000837, 1, , , 3344.5830000000000837, 0, , , 3344.5830000000000837, 0, , , 3344.5830000000000837, 1
, , 3344.5880000000001928, 1, , , 3344.5880000000001928, 0, , , 3344.5880000000001928, 0, , , 3344.5880000000001928, 1
, , 3344.5929999999998472, 1, , , 3344.5929999999998472, 0, , , 3344.5929999999998472, 0, , , 3344.5929999999998472, 1
, , 3344.5979999999999563, 1, , , 3344.5979999999999563, 0, , , 3344.5979999999999563, 0, , , 3344.5979999999999563, 1
, , 3344.6030000000000655, 1, , , 3344.6030000000000655, 0, , , 3344.6030000000000655, 0, , , 3344.6030000000000655, 1
, , 3344.6080000000001746, 1, , , 3344.6080000000001746, 0, , , 3344.6080000000001746, 0, , , 3344.6080000000001746, 1
, , 3344.612999999999829, 1, , , 3344.612999999999829, 0, , , 3344.612999999999829, 0, , , 3344.612999999999829, 1
, , 3344.6179999999999382, 1, , , 3344.6179999999999382, 0, , , 3344.6179999999999382, 0, , , 3344.6179999999999382, 1
, , 3344.6239999999997963, 1, , , 3344.6239999999997963, 0, , , 3344.6239999999997963, 0, , , 3344.6239999999997963, 1
, , 3344.6280000000001564, 1, , , 3344.6280000000001564, 0, , , 3344.6280000000001564, 0, , , 3344.6280000000001564, 1
, , 3344.6340000000000146, 1, , , 3344.6340000000000146, 0, , , 3344.6340000000000146, 0, , , 3344.6340000000000146, 1
, , 3344.6390000000001237, 1, , , 3344.6390000000001237, 0, , , 3344.6390000000001237, 0, , , 3344.6390000000001237, 1
, , 3344.6439999999997781, 1, , , 3344.6439999999997781, 0, , , 3344.6439999999997781, 0, , , 3344.6439999999997781, 1
, , 3344.6480000000001382, 1, , , 3344.6480000000001382, 0, , , 3344.6480000000001382, 0, , , 3344.6480000000001382, 1
, , 3344.6529999999997926, 1, , , 3344.6529999999997926, 0, , , 3344.6529999999997926, 0, , , 3344.6529999999997926, 1
, , 3344.6579999999999018, 1, , , 3344.6579999999999018, 0, , , 3344.6579999999999018, 0, , , 3344.6579999999999018, 1
, , 3344.6630000000000109, 1, , , 3344.6630000000000109, 0, , , 3344.6630000000000109, 0, , , 3344.6630000000000109, 1
, , 3344.6680000000001201, 1, , , 3344.6680000000001201, 0, , , 3344.6680000000001201, 0, , , 3344.6680000000001201, 1
, , 3344.6729999999997744, 1, , , 3344.6729999999997744, 0, , , 3344.6729999999997744, 0, , , 3344.6729999999997744, 1
, , 3344.6790000000000873, 1, , , 3344.6790000000000873, 0, , , 3344.6790000000000873, 0, , , 3344.6790000000000873, 1
, , 3344.6849999999999454, 1, , , 3344.6849999999999454, 0, , , 3344.6849999999999454, 0, , , 3344.6849999999999454, 1
, , 3344.6880000000001019, 1, , , 3344.6880000000001019, 0, , , 3344.6880000000001019, 0, , , 3344.6880000000001019, 1
, , 3344.693000000000211, 1, , , 3344.693000000000211, 0, , , 3344.693000000000211, 0, , , 3344.693000000000211, 1
, , 3344.6979999999998654, 1, , , 3344.6979999999998654, 0, , , 3344.6979999999998654, 0, , , 3344.6979999999998654, 1
, , 3344.7040000000001783, 1, , , 3344.7040000000001783, 0, , , 3344.7040000000001783, 0, , , 3344.7040000000001783, 1
, , 3344.7100000000000364, 1, , , 3344.7100000000000364, 0, , , 3344.7100000000000364, 0, , , 3344.7100000000000364, 1
, , 3344.7130000000001928, 1, , , 3344.7130000000001928, 0, , , 3344.7130000000001928, 0, , , 3344.7130000000001928, 1
, , 3344.7179999999998472, 1, , , 3344.7179999999998472, 0, , , 3344.7179999999998472, 0, , , 3344.7179999999998472, 1
, , 3344.7240000000001601, 1, , , 3344.7240000000001601, 0, , , 3344.7240000000001601, 0, , , 3344.7240000000001601, 1
, , 3344.7289999999998145, 1, , , 3344.7289999999998145, 0, , , 3344.7289999999998145, 0, , , 3344.7289999999998145, 1
, , 3344.7330000000001746, 1, , , 3344.7330000000001746, 0, , , 3344.7330000000001746, 0, , , 3344.7330000000001746, 1
, , 3344.73700000000008, 1, , , 3344.73700000000008, 0, , , 3344.73700000000008, 0, , , 3344.73700000000008, 1
, , 3344.7429999999999382, 1, , , 3344.7429999999999382, 0, , , 3344.7429999999999382, 0, , , 3344.7429999999999382, 1
, , 3344.75, 1, , , 3344.75, 0, , , 3344.75, 0, , , 3344.75, 1
, , 3344.7530000000001564, 1, , , 3344.7530000000001564, 0, , , 3344.7530000000001564, 0, , , 3344.7530000000001564, 1
, , 3344.7579999999998108, 1, , , 3344.7579999999998108, 0, , , 3344.7579999999998108, 0, , , 3344.7579999999998108, 1
, , 3344.7649999999998727, 1, , , 3344.7649999999998727, 0, , , 3344.7649999999998727, 0, , , 3344.7649999999998727, 1
, , 3344.7689999999997781, 1, , , 3344.7689999999997781, 0, , , 3344.7689999999997781, 0, , , 3344.7689999999997781, 1
, , 3344.7730000000001382, 1, , , 3344.7730000000001382, 0, , , 3344.7730000000001382, 0, , , 3344.7730000000001382, 1
, , 3344.7789999999999964, 1, , , 3344.7789999999999964, 0, , , 3344.7789999999999964, 0, , , 3344.7789999999999964, 1
, , 3344.7829999999999018, 1, , , 3344.7829999999999018, 0, , , 3344.7829999999999018, 0, , , 3344.7829999999999018, 1
, , 3344.7899999999999636, 1, , , 3344.7899999999999636, 0, , , 3344.7899999999999636, 0, , , 3344.7899999999999636, 1
, , 3344.7930000000001201, 1, , , 3344.7930000000001201, 0, , , 3344.7930000000001201, 0, , , 3344.7930000000001201, 1
, , 3344.7979999999997744, 1, , , 3344.7979999999997744, 0, , , 3344.7979999999997744, 0, , , 3344.7979999999997744, 1
, , 3344.8029999999998836, 1, , , 3344.8029999999998836, 0, , , 3344.8029999999998836, 0, , , 3344.8029999999998836, 1
, , 3344.8090000000001965, 1, , , 3344.8090000000001965, 0, , , 3344.8090000000001965, 0, , , 3344.8090000000001965, 1
, , 3344.8139999999998508, 1, , , 3344.8139999999998508, 0, , , 3344.8139999999998508, 0, , , 3344.8139999999998508, 1
, , 3344.8170000000000073, 1, , , 3344.8170000000000073, 0, , , 3344.8170000000000073, 0, , , 3344.8170000000000073, 1
, , 3344.8240000000000691, 1, , , 3344.8240000000000691, 1, , , 3344.8240000000000691, 1, , , 3344.8240000000000691, 1
, , 3344.8279999999999745, 1, , , 3344.8279999999999745, 1, , , 3344.8279999999999745, 1, , , 3344.8279999999999745, 1
, , 3344.8330000000000837, 1, , , 3344.8330000000000837, 1, , , 3344.8330000000000837, 1, , , 3344.8330000000000837, 1
, , 3344.8380000000001928, 1, , , 3344.8380000000001928, 1, , , 3344.8380000000001928, 1, , , 3344.8380000000001928, 1
, , 3344.8429999999998472, 1, , , 3344.8429999999998472, 1, , , 3344.8429999999998472, 1, , , 3344.8429999999998472, 1
, , 3344.8490000000001601, 1, , , 3344.8490000000001601, 1, , , 3344.8490000000001601, 1, , , 3344.8490000000001601, 1
, , 3344.8539999999998145, 1, , , 3344.8539999999998145, 1, , , 3344.8539999999998145, 1, , , 3344.8539999999998145, 1
, , 3344.8589999999999236, 1, , , 3344.8589999999999236, 1, , , 3344.8589999999999236, 1, , , 3344.8589999999999236, 1
, , 3344.862999999999829, 1, , , 3344.862999999999829, 1, , , 3344.862999999999829, 1, , , 3344.862999999999829, 1
, , 3344.8679999999999382, 1, , , 3344.8679999999999382, 1, , , 3344.8679999999999382, 1, , , 3344.8679999999999382, 1
, , 3344.8730000000000473, 1, , , 3344.8730000000000473, 1, , , 3344.8730000000000473, 1, , , 3344.8730000000000473, 1
, , 3344.8780000000001564, 1, , , 3344.8780000000001564, 1, , , 3344.8780000000001564, 1, , , 3344.8780000000001564, 1
, , 3344.8829999999998108, 1, , , 3344.8829999999998108, 1, , , 3344.8829999999998108, 1, , , 3344.8829999999998108, 1
, , 3344.88799999999992, 1, , , 3344.88799999999992, 1, , , 3344.88799999999992, 1, , , 3344.88799999999992, 1
, , 3344.8930000000000291, 1, , , 3344.8930000000000291, 1, , , 3344.8930000000000291, 1, , , 3344.8930000000000291, 1
, , 3344.8980000000001382, 1, , , 3344.8980000000001382, 1, , , 3344.8980000000001382, 1, , , 3344.8980000000001382, 1
, , 3344.9029999999997926, 0, , , 3344.9029999999997926, 1, , , 3344.9029999999997926, 1, , , 3344.9029999999997926, 0
, , 3344.9079999999999018, 0, , , 3344.9079999999999018, 1, , , 3344.9079999999999018, 1, , , 3344.9079999999999018, 0
, , 3344.9130000000000109, 0, , , 3344.9130000000000109, 1, , , 3344.9130000000000109, 1, , , 3344.9130000000000109, 0
, , 3344.918999999999869, 0, , , 3344.918999999999869, 1, , , 3344.918999999999869, 1, , , 3344.918999999999869, 0
, , 3344.9229999999997744, 0, , , 3344.9229999999997744, 1, , , 3344.9229999999997744, 1, , , 3344.9229999999997744, 0
, , 3344.9279999999998836, 0, , , 3344.9279999999998836, 1, , , 3344.9279999999998836, 1, , , 3344.9279999999998836, 0
, , 3344.9329999999999927, 0, , , 3344.9329999999999927, 1, , , 3344.9329999999999927, 1, , , 3344.9329999999999927, 0
, , 3344.9380000000001019, 0, , , 3344.9380000000001019, 1, , , 3344.9380000000001019, 1, , , 3344.9380000000001019, 0
, , 3344.943000000000211, 0, , , 3344.943000000000211, 1, , , 3344.943000000000211, 1, , , 3344.943000000000211, 0
, , 3344.9520000000002256, 0, , , 3344.9520000000002256, 1, , , 3344.9520000000002256, 1, , , 3344.9520000000002256, 0
, , 3344.9529999999999745, 0, , , 3344.9529999999999745, 1, , , 3344.9529999999999745, 1, , , 3344.9529999999999745, 0
, , 3344.9580000000000837, 0, , , 3344.9580000000000837, 1, , , 3344.9580000000000837, 1, , , 3344.9580000000000837, 0
, , 3344.9630000000001928, 0, , , 3344.9630000000001928, 1, , , 3344.9630000000001928, 1, , , 3344.9630000000001928, 0
, , 3344.9679999999998472, 0, , , 3344.9679999999998472, 1, , , 3344.9679999999998472, 1, , , 3344.9679999999998472, 0
, , 3344.9729999999999563, 0, , , 3344.9729999999999563, 1, , , 3344.9729999999999563, 1, , , 3344.9729999999999563, 0
, , 3344.9780000000000655, 0, , , 3344.9780000000000655, 1, , , 3344.9780000000000655, 1, , , 3344.9780000000000655, 0
, , 3344.9830000000001746, 0, , , 3344.9830000000001746, 1, , , 3344.9830000000001746, 1, , , 3344.9830000000001746, 0
, , 3344.987999999999829, 0, , , 3344.987999999999829, 1, , , 3344.987999999999829, 1, , , 3344.987999999999829, 0
, , 3344.9929999999999382, 0, , , 3344.9929999999999382, 1, , , 3344.9929999999999382, 1, , , 3344.9929999999999382, 0
, , 3344.9980000000000473, 0, , , 3344.9980000000000473, 1, , , 3344.9980000000000473, 1, , , 3344.9980000000000473, 0
, , 3345.0039999999999054, 0, , , 3345.0039999999999054, 1, , , 3345.0039999999999054, 1, , , 3345.0039999999999054, 0
, , 3345.0100000000002183, 0, , , 3345.0100000000002183, 1, , , 3345.0100000000002183, 1, , , 3345.0100000000002183, 0
, , 3345.01299999999992, 0, , , 3345.01299999999992, 1, , , 3345.01299999999992, 1, , , 3345.01299999999992, 0
, , 3345.0180000000000291, 0, , , 3345.0180000000000291, 1, , , 3345.0180000000000291, 1, , , 3345.0180000000000291, 0
, , 3345.0230000000001382, 0, , , 3345.0230000000001382, 1, , , 3345.0230000000001382, 1, , , 3345.0230000000001382, 0
, , 3345.0289999999999964, 0, , , 3345.0289999999999964, 1, , , 3345.0289999999999964, 1, , , 3345.0289999999999964, 0
, , 3345.0340000000001055, 0, , , 3345.0340000000001055, 1, , , 3345.0340000000001055, 1, , , 3345.0340000000001055, 0
, , 3345.0380000000000109, 0, , , 3345.0380000000000109, 1, , , 3345.0380000000000109, 1, , , 3345.0380000000000109, 0
, , 3345.0419999999999163, 0, , , 3345.0419999999999163, 1, , , 3345.0419999999999163, 1, , , 3345.0419999999999163, 0
, , 3345.0479999999997744, 0, , , 3345.0479999999997744, 1, , , 3345.0479999999997744, 1, , , 3345.0479999999997744, 0
, , 3345.0529999999998836, 0, , , 3345.0529999999998836, 1, , , 3345.0529999999998836, 1, , , 3345.0529999999998836, 0
, , 3345.0599999999999454, 0, , , 3345.0599999999999454, 1, , , 3345.0599999999999454, 1, , , 3345.0599999999999454, 0
, , 3345.0630000000001019, 0, , , 3345.0630000000001019, 1, , , 3345.0630000000001019, 1, , , 3345.0630000000001019, 0
, , 3345.068000000000211, 0, , , 3345.068000000000211, 1, , , 3345.068000000000211, 1, , , 3345.068000000000211, 0
, , 3345.0729999999998654, 0, , , 3345.0729999999998654, 1, , , 3345.0729999999998654, 1, , , 3345.0729999999998654, 0
, , 3345.0779999999999745, 0, , , 3345.0779999999999745, 1, , , 3345.0779999999999745, 1, , , 3345.0779999999999745, 0
, , 3345.0839999999998327, 0, , , 3345.0839999999998327, 1, , , 3345.0839999999998327, 1, , , 3345.0839999999998327, 0
, , 3345.0880000000001928, 0, , , 3345.0880000000001928, 1, , , 3345.0880000000001928, 1, , , 3345.0880000000001928, 0
, , 3345.0920000000000982, 0, , , 3345.0920000000000982, 1, , , 3345.0920000000000982, 1, , , 3345.0920000000000982, 0
, , 3345.0979999999999563, 0, , , 3345.0979999999999563, 1, , , 3345.0979999999999563, 1, , , 3345.0979999999999563, 0
, , 3345.1030000000000655, 0, , , 3345.1030000000000655, 1, , , 3345.1030000000000655, 1, , , 3345.1030000000000655, 0
, , 3345.1080000000001746, 0, , , 3345.1080000000001746, 1, , , 3345.1080000000001746, 1, , , 3345.1080000000001746, 0
, , 3345.112999999999829, 0, , , 3345.112999999999829, 1, , , 3345.112999999999829, 1, , , 3345.112999999999829, 0
, , 3345.1179999999999382, 0, , , 3345.1179999999999382, 1, , , 3345.1179999999999382, 1, , , 3345.1179999999999382, 0
, , 3345.1230000000000473, 0, , , 3345.1230000000000473, 1, , , 3345.1230000000000473, 1, , , 3345.1230000000000473, 0
, , 3345.1280000000001564, 0, , , 3345.1280000000001564, 1, , , 3345.1280000000001564, 1, , , 3345.1280000000001564, 0
, , 3345.1340000000000146, 0, , , 3345.1340000000000146, 1, , , 3345.1340000000000146, 1, , , 3345.1340000000000146, 0
, , 3345.13799999999992, 0, , , 3345.13799999999992, 1, , , 3345.13799999999992, 1, , , 3345.13799999999992, 0
, , 3345.1430000000000291, 0, , , 3345.1430000000000291, 1, , , 3345.1430000000000291, 1, , , 3345.1430000000000291, 0
, , 3345.1480000000001382, 0, , , 3345.1480000000001382, 1, , , 3345.1480000000001382, 1, , , 3345.1480000000001382, 0
, , 3345.1539999999999964, 1, , , 3345.1539999999999964, 1, , , 3345.1539999999999964, 1, , , 3345.1539999999999964, 1
, , 3345.1579999999999018, 1, , , 3345.1579999999999018, 1, , , 3345.1579999999999018, 1, , , 3345.1579999999999018, 1
, , 3345.1630000000000109, 1, , , 3345.1630000000000109, 1, , , 3345.1630000000000109, 1, , , 3345.1630000000000109, 1
, , 3345.1680000000001201, 1, , , 3345.1680000000001201, 1, , , 3345.1680000000001201, 1, , , 3345.1680000000001201, 1
, , 3345.1729999999997744, 1, , , 3345.1729999999997744, 1, , , 3345.1729999999997744, 1, , , 3345.1729999999997744, 1
, , 3345.1779999999998836, 1, , , 3345.1779999999998836, 1, , , 3345.1779999999998836, 1, , , 3345.1779999999998836, 1
, , 3345.1829999999999927, 1, , , 3345.1829999999999927, 1, , , 3345.1829999999999927, 1, , , 3345.1829999999999927, 1
, , 3345.1889999999998508, 1, , , 3345.1889999999998508, 1, , , 3345.1889999999998508, 1, , , 3345.1889999999998508, 1
, , 3345.193000000000211, 1, , , 3345.193000000000211, 1, , , 3345.193000000000211, 1, , , 3345.193000000000211, 1
, , 3345.1979999999998654, 1, , , 3345.1979999999998654, 1, , , 3345.1979999999998654, 1, , , 3345.1979999999998654, 1
, , 3345.2040000000001783, 1, , , 3345.2040000000001783, 1, , , 3345.2040000000001783, 1, , , 3345.2040000000001783, 1
, , 3345.2080000000000837, 1, , , 3345.2080000000000837, 1, , , 3345.2080000000000837, 1, , , 3345.2080000000000837, 1
, , 3345.2130000000001928, 1, , , 3345.2130000000001928, 1, , , 3345.2130000000001928, 1, , , 3345.2130000000001928, 1
, , 3345.2190000000000509, 1, , , 3345.2190000000000509, 1, , , 3345.2190000000000509, 1, , , 3345.2190000000000509, 1
, , 3345.2229999999999563, 1, , , 3345.2229999999999563, 1, , , 3345.2229999999999563, 1, , , 3345.2229999999999563, 1
, , 3345.2289999999998145, 1, , , 3345.2289999999998145, 0, , , 3345.2289999999998145, 0, , , 3345.2289999999998145, 1
, , 3345.2339999999999236, 1, , , 3345.2339999999999236, 0, , , 3345.2339999999999236, 0, , , 3345.2339999999999236, 1
, , 3345.237999999999829, 1, , , 3345.237999999999829, 0, , , 3345.237999999999829, 0, , , 3345.237999999999829, 1
, , 3345.2429999999999382, 1, , , 3345.2429999999999382, 0, , , 3345.2429999999999382, 0, , , 3345.2429999999999382, 1
, , 3345.2480000000000473, 1, , , 3345.2480000000000473, 0, , , 3345.2480000000000473, 0, , , 3345.2480000000000473, 1
, , 3345.2530000000001564, 1, , , 3345.2530000000001564, 0, , , 3345.2530000000001564, 0, , , 3345.2530000000001564, 1
, , 3345.2579999999998108, 1, , , 3345.2579999999998108, 0, , , 3345.2579999999998108, 0, , , 3345.2579999999998108, 1
, , 3345.2640000000001237, 1, , , 3345.2640000000001237, 0, , , 3345.2640000000001237, 0, , , 3345.2640000000001237, 1
, , 3345.2689999999997781, 1, , , 3345.2689999999997781, 0, , , 3345.2689999999997781, 0, , , 3345.2689999999997781, 1
, , 3345.2750000000000909, 1, , , 3345.2750000000000909, 0, , , 3345.2750000000000909, 0, , , 3345.2750000000000909, 1
, , 3345.2779999999997926, 1, , , 3345.2779999999997926, 0, , , 3345.2779999999997926, 0, , , 3345.2779999999997926, 1
, , 3345.2829999999999018, 1, , , 3345.2829999999999018, 0, , , 3345.2829999999999018, 0, , , 3345.2829999999999018, 1
, , 3345.2890000000002146, 1, , , 3345.2890000000002146, 0, , , 3345.2890000000002146, 0, , , 3345.2890000000002146, 1
, , 3345.2930000000001201, 1, , , 3345.2930000000001201, 0, , , 3345.2930000000001201, 0, , , 3345.2930000000001201, 1
, , 3345.2979999999997744, 1, , , 3345.2979999999997744, 0, , , 3345.2979999999997744, 0, , , 3345.2979999999997744, 1
, , 3345.3029999999998836, 1, , , 3345.3029999999998836, 0, , , 3345.3029999999998836, 0, , , 3345.3029999999998836, 1
, , 3345.3079999999999927, 1, , , 3345.3079999999999927, 0, , , 3345.3079999999999927, 0, , , 3345.3079999999999927, 1
, , 3345.3130000000001019, 1, , , 3345.3130000000001019, 0, , , 3345.3130000000001019, 0, , , 3345.3130000000001019, 1
, , 3345.31899999999996, 1, , , 3345.31899999999996, 0, , , 3345.31899999999996, 0, , , 3345.31899999999996, 1
, , 3345.3229999999998654, 1, , , 3345.3229999999998654, 0, , , 3345.3229999999998654, 0, , , 3345.3229999999998654, 1
, , 3345.3290000000001783, 1, , , 3345.3290000000001783, 0, , , 3345.3290000000001783, 0, , , 3345.3290000000001783, 1
, , 3345.3330000000000837, 1, , , 3345.3330000000000837, 0, , , 3345.3330000000000837, 0, , , 3345.3330000000000837, 1
, , 3345.3380000000001928, 1, , , 3345.3380000000001928, 0, , , 3345.3380000000001928, 0, , , 3345.3380000000001928, 1
, , 3345.3429999999998472, 1, , , 3345.3429999999998472, 0, , , 3345.3429999999998472, 0, , , 3345.3429999999998472, 1
, , 3345.3479999999999563, 1, , , 3345.3479999999999563, 0, , , 3345.3479999999999563, 0, , , 3345.3479999999999563, 1
, , 3345.3539999999998145, 1, , , 3345.3539999999998145, 0, , , 3345.3539999999998145, 0, , , 3345.3539999999998145, 1
, , 3345.3589999999999236, 1, , , 3345.3589999999999236, 0, , , 3345.3589999999999236, 0, , , 3345.3589999999999236, 1
, , 3345.362999999999829, 1, , , 3345.362999999999829, 0, , , 3345.362999999999829, 0, , , 3345.362999999999829, 1
, , 3345.3679999999999382, 1, , , 3345.3679999999999382, 0, , , 3345.3679999999999382, 0, , , 3345.3679999999999382, 1
, , 3345.3719999999998436, 1, , , 3345.3719999999998436, 0, , , 3345.3719999999998436, 0, , , 3345.3719999999998436, 1
, , 3345.3780000000001564, 1, , , 3345.3780000000001564, 0, , , 3345.3780000000001564, 0, , , 3345.3780000000001564, 1
, , 3345.3829999999998108, 1, , , 3345.3829999999998108, 0, , , 3345.3829999999998108, 0, , , 3345.3829999999998108, 1
, , 3345.38799999999992, 1, , , 3345.38799999999992, 0, , , 3345.38799999999992, 0, , , 3345.38799999999992, 1
, , 3345.3939999999997781, 1, , , 3345.3939999999997781, 0, , , 3345.3939999999997781, 0, , , 3345.3939999999997781, 1
, , 3345.3980000000001382, 1, , , 3345.3980000000001382, 0, , , 3345.3980000000001382, 0, , , 3345.3980000000001382, 1
, , 3345.4039999999999964, 1, , , 3345.4039999999999964, 0, , , 3345.4039999999999964, 0, , , 3345.4039999999999964, 1
, , 3345.4099999999998545, 1, , , 3345.4099999999998545, 0, , , 3345.4099999999998545, 0, , , 3345.4099999999998545, 1
, , 3345.4149999999999636, 1, , , 3345.4149999999999636, 0, , , 3345.4149999999999636, 0, , , 3345.4149999999999636, 1
, , 3345.4180000000001201, 1, , , 3345.4180000000001201, 0, , , 3345.4180000000001201, 0, , , 3345.4180000000001201, 1
, , 3345.4229999999997744, 1, , , 3345.4229999999997744, 0, , , 3345.4229999999997744, 0, , , 3345.4229999999997744, 1
, , 3345.4290000000000873, 1, , , 3345.4290000000000873, 0, , , 3345.4290000000000873, 0, , , 3345.4290000000000873, 1
, , 3345.4329999999999927, 1, , , 3345.4329999999999927, 0, , , 3345.4329999999999927, 0, , , 3345.4329999999999927, 1
, , 3345.4380000000001019, 1, , , 3345.4380000000001019, 0, , , 3345.4380000000001019, 0, , , 3345.4380000000001019, 1
, , 3345.443000000000211, 1, , , 3345.443000000000211, 0, , , 3345.443000000000211, 0, , , 3345.443000000000211, 1
, , 3345.4479999999998654, 1, , , 3345.4479999999998654, 0, , , 3345.4479999999998654, 0, , , 3345.4479999999998654, 1
, , 3345.4529999999999745, 1, , , 3345.4529999999999745, 0, , , 3345.4529999999999745, 0, , , 3345.4529999999999745, 1
, , 3345.4580000000000837, 1, , , 3345.4580000000000837, 0, , , 3345.4580000000000837, 0, , , 3345.4580000000000837, 1
, , 3345.4630000000001928, 1, , , 3345.4630000000001928, 0, , , 3345.4630000000001928, 0, , , 3345.4630000000001928, 1
, , 3345.4690000000000509, 1, , , 3345.4690000000000509, 0, , , 3345.4690000000000509, 0, , , 3345.4690000000000509, 1
, , 3345.4740000000001601, 1, , , 3345.4740000000001601, 1, , , 3345.4740000000001601, 1, , , 3345.4740000000001601, 1
, , 3345.4789999999998145, 1, , , 3345.4789999999998145, 1, , , 3345.4789999999998145, 1, , , 3345.4789999999998145, 1
, , 3345.4830000000001746, 1, , , 3345.4830000000001746, 1, , , 3345.4830000000001746, 1, , , 3345.4830000000001746, 1
, , 3345.487999999999829, 1, , , 3345.487999999999829, 1, , , 3345.487999999999829, 1, , , 3345.487999999999829, 1
, , 3345.4929999999999382, 1, , , 3345.4929999999999382, 1, , , 3345.4929999999999382, 1, , , 3345.4929999999999382, 1
, , 3345.4980000000000473, 1, , , 3345.4980000000000473, 1, , , 3345.4980000000000473, 1, , , 3345.4980000000000473, 1
, , 3345.5030000000001564, 1, , , 3345.5030000000001564, 1, , , 3345.5030000000001564, 1, , , 3345.5030000000001564, 1
, , 3345.5070000000000618, 1, , , 3345.5070000000000618, 1, , , 3345.5070000000000618, 1, , , 3345.5070000000000618, 1
, , 3345.51299999999992, 1, , , 3345.51299999999992, 1, , , 3345.51299999999992, 1, , , 3345.51299999999992, 1
, , 3345.5169999999998254, 1, , , 3345.5169999999998254, 1, , , 3345.5169999999998254, 1, , , 3345.5169999999998254, 1
, , 3345.5239999999998872, 1, , , 3345.5239999999998872, 1, , , 3345.5239999999998872, 1, , , 3345.5239999999998872, 1
, , 3345.5289999999999964, 1, , , 3345.5289999999999964, 1, , , 3345.5289999999999964, 1, , , 3345.5289999999999964, 1
, , 3345.5329999999999018, 1, , , 3345.5329999999999018, 1, , , 3345.5329999999999018, 1, , , 3345.5329999999999018, 1
, , 3345.5380000000000109, 1, , , 3345.5380000000000109, 1, , , 3345.5380000000000109, 1, , , 3345.5380000000000109, 1
, , 3345.5430000000001201, 1, , , 3345.5430000000001201, 1, , , 3345.5430000000001201, 1, , , 3345.5430000000001201, 1
, , 3345.5479999999997744, 1, , , 3345.5479999999997744, 1, , , 3345.5479999999997744, 1, , , 3345.5479999999997744, 1
, , 3345.5540000000000873, 0, , , 3345.5540000000000873, 1, , , 3345.5540000000000873, 1, , , 3345.5540000000000873, 0
, , 3345.5579999999999927, 0, , , 3345.5579999999999927, 1, , , 3345.5579999999999927, 1, , , 3345.5579999999999927, 0
, , 3345.5630000000001019, 0, , , 3345.5630000000001019, 1, , , 3345.5630000000001019, 1, , , 3345.5630000000001019, 0
, , 3345.5670000000000073, 0, , , 3345.5670000000000073, 1, , , 3345.5670000000000073, 1, , , 3345.5670000000000073, 0
, , 3345.5729999999998654, 0, , , 3345.5729999999998654, 1, , , 3345.5729999999998654, 1, , , 3345.5729999999998654, 0
, , 3345.5790000000001783, 0, , , 3345.5790000000001783, 1, , , 3345.5790000000001783, 1, , , 3345.5790000000001783, 0
, , 3345.5830000000000837, 0, , , 3345.5830000000000837, 1, , , 3345.5830000000000837, 1, , , 3345.5830000000000837, 0
, , 3345.5889999999999418, 0, , , 3345.5889999999999418, 1, , , 3345.5889999999999418, 1, , , 3345.5889999999999418, 0
, , 3345.5929999999998472, 0, , , 3345.5929999999998472, 1, , , 3345.5929999999998472, 1, , , 3345.5929999999998472, 0
, , 3345.5979999999999563, 0, , , 3345.5979999999999563, 1, , , 3345.5979999999999563, 1, , , 3345.5979999999999563, 0
, , 3345.6030000000000655, 0, , , 3345.6030000000000655, 1, , , 3345.6030000000000655, 1, , , 3345.6030000000000655, 0
, , 3345.6089999999999236, 0, , , 3345.6089999999999236, 1, , , 3345.6089999999999236, 1, , , 3345.6089999999999236, 0
, , 3345.6140000000000327, 0, , , 3345.6140000000000327, 1, , , 3345.6140000000000327, 1, , , 3345.6140000000000327, 0
, , 3345.6190000000001419, 0, , , 3345.6190000000001419, 1, , , 3345.6190000000001419, 1, , , 3345.6190000000001419, 0
, , 3345.6230000000000473, 0, , , 3345.6230000000000473, 1, , , 3345.6230000000000473, 1, , , 3345.6230000000000473, 0
, , 3345.6280000000001564, 0, , , 3345.6280000000001564, 1, , , 3345.6280000000001564, 1, , , 3345.6280000000001564, 0
, , 3345.6329999999998108, 0, , , 3345.6329999999998108, 1, , , 3345.6329999999998108, 1, , , 3345.6329999999998108, 0
, , 3345.63799999999992, 0, , , 3345.63799999999992, 1, , , 3345.63799999999992, 1, , , 3345.63799999999992, 0
, , 3345.6439999999997781, 0, , , 3345.6439999999997781, 1, , , 3345.6439999999997781, 1, , , 3345.6439999999997781, 0
, , 3345.6480000000001382, 0, , , 3345.6480000000001382, 1, , , 3345.6480000000001382, 1, , , 3345.6480000000001382, 0
, , 3345.6520000000000437, 0, , , 3345.6520000000000437, 1, , , 3345.6520000000000437, 1, , , 3345.6520000000000437, 0
, , 3345.6579999999999018, 0, , , 3345.6579999999999018, 1, , , 3345.6579999999999018, 1, , , 3345.6579999999999018, 0
, , 3345.6630000000000109, 0, , , 3345.6630000000000109, 1, , , 3345.6630000000000109, 1, , , 3345.6630000000000109, 0
, , 3345.6680000000001201, 0, , , 3345.6680000000001201, 1, , , 3345.6680000000001201, 1, , , 3345.6680000000001201, 0
, , 3345.6729999999997744, 0, , , 3345.6729999999997744, 1, , , 3345.6729999999997744, 1, , , 3345.6729999999997744, 0
, , 3345.6770000000001346, 0, , , 3345.6770000000001346, 1, , , 3345.6770000000001346, 1, , , 3345.6770000000001346, 0
, , 3345.681999999999789, 0, , , 3345.681999999999789, 1, , , 3345.681999999999789, 1, , , 3345.681999999999789, 0
, , 3345.6880000000001019, 0, , , 3345.6880000000001019, 1, , , 3345.6880000000001019, 1, , , 3345.6880000000001019, 0
, , 3345.693000000000211, 0, , , 3345.693000000000211, 1, , , 3345.693000000000211, 1, , , 3345.693000000000211, 0
, , 3345.6999999999998181, 0, , , 3345.6999999999998181, 1, , , 3345.6999999999998181, 1, , , 3345.6999999999998181, 0
, , 3345.7040000000001783, 0, , , 3345.7040000000001783, 1, , , 3345.7040000000001783, 1, , , 3345.7040000000001783, 0
, , 3345.7080000000000837, 0, , , 3345.7080000000000837, 1, , , 3345.7080000000000837, 1, , , 3345.7080000000000837, 0
, , 3345.7139999999999418, 0, , , 3345.7139999999999418, 1, , , 3345.7139999999999418, 1, , , 3345.7139999999999418, 0
, , 3345.7170000000000982, 0, , , 3345.7170000000000982, 1, , , 3345.7170000000000982, 1, , , 3345.7170000000000982, 0
, , 3345.7229999999999563, 0, , , 3345.7229999999999563, 1, , , 3345.7229999999999563, 1, , , 3345.7229999999999563, 0
, , 3345.7269999999998618, 0, , , 3345.7269999999998618, 1, , , 3345.7269999999998618, 1, , , 3345.7269999999998618, 0
, , 3345.7319999999999709, 0, , , 3345.7319999999999709, 1, , , 3345.7319999999999709, 1, , , 3345.7319999999999709, 0
, , 3345.737999999999829, 0, , , 3345.737999999999829, 1, , , 3345.737999999999829, 1, , , 3345.737999999999829, 0
, , 3345.7440000000001419, 0, , , 3345.7440000000001419, 1, , , 3345.7440000000001419, 1, , , 3345.7440000000001419, 0
, , 3345.7489999999997963, 0, , , 3345.7489999999997963, 1, , , 3345.7489999999997963, 1, , , 3345.7489999999997963, 0
, , 3345.7530000000001564, 0, , , 3345.7530000000001564, 1, , , 3345.7530000000001564, 1, , , 3345.7530000000001564, 0
, , 3345.7579999999998108, 0, , , 3345.7579999999998108, 1, , , 3345.7579999999998108, 1, , , 3345.7579999999998108, 0
, , 3345.7649999999998727, 0, , , 3345.7649999999998727, 1, , , 3345.7649999999998727, 1, , , 3345.7649999999998727, 0
, , 3345.7699999999999818, 0, , , 3345.7699999999999818, 1, , , 3345.7699999999999818, 1, , , 3345.7699999999999818, 0
, , 3345.7730000000001382, 0, , , 3345.7730000000001382, 1, , , 3345.7730000000001382, 1, , , 3345.7730000000001382, 0
, , 3345.7779999999997926, 0, , , 3345.7779999999997926, 1, , , 3345.7779999999997926, 1, , , 3345.7779999999997926, 0
, , 3345.7829999999999018, 0, , , 3345.7829999999999018, 1, , , 3345.7829999999999018, 1, , , 3345.7829999999999018, 0
, , 3345.7890000000002146, 0, , , 3345.7890000000002146, 1, , , 3345.7890000000002146, 1, , , 3345.7890000000002146, 0
, , 3345.7930000000001201, 0, , , 3345.7930000000001201, 1, , , 3345.7930000000001201, 1, , , 3345.7930000000001201, 0
, , 3345.7989999999999782, 0, , , 3345.7989999999999782, 1, , , 3345.7989999999999782, 1, , , 3345.7989999999999782, 0
, , 3345.8029999999998836, 1, , , 3345.8029999999998836, 1, , , 3345.8029999999998836, 1, , , 3345.8029999999998836, 1
, , 3345.8079999999999927, 1, , , 3345.8079999999999927, 1, , , 3345.8079999999999927, 1, , , 3345.8079999999999927, 1
, , 3345.8130000000001019, 1, , , 3345.8130000000001019, 1, , , 3345.8130000000001019, 1, , , 3345.8130000000001019, 1
, , 3345.818000000000211, 1, , , 3345.818000000000211, 1, , , 3345.818000000000211, 1, , , 3345.818000000000211, 1
, , 3345.8229999999998654, 1, , , 3345.8229999999998654, 1, , , 3345.8229999999998654, 1, , , 3345.8229999999998654, 1
, , 3345.8290000000001783, 1, , , 3345.8290000000001783, 1, , , 3345.8290000000001783, 1, , , 3345.8290000000001783, 1
, , 3345.8339999999998327, 1, , , 3345.8339999999998327, 1, , , 3345.8339999999998327, 1, , , 3345.8339999999998327, 1
, , 3345.8389999999999418, 1, , , 3345.8389999999999418, 1, , , 3345.8389999999999418, 1, , , 3345.8389999999999418, 1
, , 3345.8429999999998472, 1, , , 3345.8429999999998472, 1, , , 3345.8429999999998472, 1, , , 3345.8429999999998472, 1
, , 3345.8479999999999563, 1, , , 3345.8479999999999563, 1, , , 3345.8479999999999563, 1, , , 3345.8479999999999563, 1
, , 3345.8530000000000655, 1, , , 3345.8530000000000655, 1, , , 3345.8530000000000655, 1, , , 3345.8530000000000655, 1
, , 3345.8580000000001746, 1, , , 3345.8580000000001746, 1, , , 3345.8580000000001746, 1, , , 3345.8580000000001746, 1
, , 3345.8640000000000327, 1, , , 3345.8640000000000327, 1, , , 3345.8640000000000327, 1, , , 3345.8640000000000327, 1
, , 3345.8679999999999382, 1, , , 3345.8679999999999382, 1, , , 3345.8679999999999382, 1, , , 3345.8679999999999382, 1
, , 3345.8730000000000473, 1, , , 3345.8730000000000473, 1, , , 3345.8730000000000473, 1, , , 3345.8730000000000473, 1
, , 3345.8780000000001564, 1, , , 3345.8780000000001564, 0, , , 3345.8780000000001564, 0, , , 3345.8780000000001564, 1
, , 3345.8840000000000146, 1, , , 3345.8840000000000146, 0, , , 3345.8840000000000146, 0, , , 3345.8840000000000146, 1
, , 3345.88799999999992, 1, , , 3345.88799999999992, 0, , , 3345.88799999999992, 0, , , 3345.88799999999992, 1
, , 3345.8939999999997781, 1, , , 3345.8939999999997781, 0, , , 3345.8939999999997781, 0, , , 3345.8939999999997781, 1
, , 3345.8980000000001382, 1, , , 3345.8980000000001382, 0, , , 3345.8980000000001382, 0, , , 3345.8980000000001382, 1
, , 3345.9029999999997926, 1, , , 3345.9029999999997926, 0, , , 3345.9029999999997926, 0, , , 3345.9029999999997926, 1
, , 3345.9090000000001055, 1, , , 3345.9090000000001055, 0, , , 3345.9090000000001055, 0, , , 3345.9090000000001055, 1
, , 3345.9130000000000109, 1, , , 3345.9130000000000109, 0, , , 3345.9130000000000109, 0, , , 3345.9130000000000109, 1
, , 3345.9180000000001201, 1, , , 3345.9180000000001201, 0, , , 3345.9180000000001201, 0, , , 3345.9180000000001201, 1
, , 3345.9229999999997744, 1, , , 3345.9229999999997744, 0, , , 3345.9229999999997744, 0, , , 3345.9229999999997744, 1
, , 3345.9279999999998836, 1, , , 3345.9279999999998836, 0, , , 3345.9279999999998836, 0, , , 3345.9279999999998836, 1
, , 3345.9329999999999927, 1, , , 3345.9329999999999927, 0, , , 3345.9329999999999927, 0, , , 3345.9329999999999927, 1
, , 3345.9369999999998981, 1, , , 3345.9369999999998981, 0, , , 3345.9369999999998981, 0, , , 3345.9369999999998981, 1
, , 3345.943000000000211, 1, , , 3345.943000000000211, 0, , , 3345.943000000000211, 0, , , 3345.943000000000211, 1
, , 3345.9479999999998654, 1, , , 3345.9479999999998654, 0, , , 3345.9479999999998654, 0, , , 3345.9479999999998654, 1
, , 3345.9549999999999272, 1, , , 3345.9549999999999272, 0, , , 3345.9549999999999272, 0, , , 3345.9549999999999272, 1
, , 3345.9580000000000837, 1, , , 3345.9580000000000837, 0, , , 3345.9580000000000837, 0, , , 3345.9580000000000837, 1
, , 3345.9619999999999891, 1, , , 3345.9619999999999891, 0, , , 3345.9619999999999891, 0, , , 3345.9619999999999891, 1
, , 3345.9679999999998472, 1, , , 3345.9679999999998472, 0, , , 3345.9679999999998472, 0, , , 3345.9679999999998472, 1
, , 3345.9729999999999563, 1, , , 3345.9729999999999563, 0, , , 3345.9729999999999563, 0, , , 3345.9729999999999563, 1
, , 3345.9780000000000655, 1, , , 3345.9780000000000655, 0, , , 3345.9780000000000655, 0, , , 3345.9780000000000655, 1
, , 3345.9830000000001746, 1, , , 3345.9830000000001746, 0, , , 3345.9830000000001746, 0, , , 3345.9830000000001746, 1
, , 3345.98700000000008, 1, , , 3345.98700000000008, 0, , , 3345.98700000000008, 0, , , 3345.98700000000008, 1
, , 3345.9929999999999382, 1, , , 3345.9929999999999382, 0, , , 3345.9929999999999382, 0, , , 3345.9929999999999382, 1
, , 3345.9980000000000473, 1, , , 3345.9980000000000473, 0, , , 3345.9980000000000473, 0, , , 3345.9980000000000473, 1
, , 3346.0030000000001564, 1, , , 3346.0030000000001564, 0, , , 3346.0030000000001564, 0, , , 3346.0030000000001564, 1
, , 3346.0079999999998108, 1, , , 3346.0079999999998108, 0, , , 3346.0079999999998108, 0, , , 3346.0079999999998108, 1
, , 3346.01299999999992, 1, , , 3346.01299999999992, 0, , , 3346.01299999999992, 0, , , 3346.01299999999992, 1
, , 3346.0180000000000291, 1, , , 3346.0180000000000291, 0, , , 3346.0180000000000291, 0, , , 3346.0180000000000291, 1
, , 3346.0239999999998872, 1, , , 3346.0239999999998872, 0, , , 3346.0239999999998872, 0, , , 3346.0239999999998872, 1
, , 3346.0279999999997926, 1, , , 3346.0279999999997926, 0, , , 3346.0279999999997926, 0, , , 3346.0279999999997926, 1
, , 3346.0329999999999018, 1, , , 3346.0329999999999018, 0, , , 3346.0329999999999018, 0, , , 3346.0329999999999018, 1
, , 3346.0380000000000109, 1, , , 3346.0380000000000109, 0, , , 3346.0380000000000109, 0, , , 3346.0380000000000109, 1
, , 3346.043999999999869, 1, , , 3346.043999999999869, 0, , , 3346.043999999999869, 0, , , 3346.043999999999869, 1
, , 3346.0500000000001819, 1, , , 3346.0500000000001819, 0, , , 3346.0500000000001819, 0, , , 3346.0500000000001819, 1
, , 3346.0529999999998836, 1, , , 3346.0529999999998836, 0, , , 3346.0529999999998836, 0, , , 3346.0529999999998836, 1
, , 3346.0579999999999927, 1, , , 3346.0579999999999927, 0, , , 3346.0579999999999927, 0, , , 3346.0579999999999927, 1
, , 3346.0630000000001019, 1, , , 3346.0630000000001019, 0, , , 3346.0630000000001019, 0, , , 3346.0630000000001019, 1
, , 3346.068000000000211, 1, , , 3346.068000000000211, 0, , , 3346.068000000000211, 0, , , 3346.068000000000211, 1
, , 3346.0729999999998654, 1, , , 3346.0729999999998654, 0, , , 3346.0729999999998654, 0, , , 3346.0729999999998654, 1
, , 3346.0779999999999745, 1, , , 3346.0779999999999745, 0, , , 3346.0779999999999745, 0, , , 3346.0779999999999745, 1
, , 3346.0830000000000837, 1, , , 3346.0830000000000837, 0, , , 3346.0830000000000837, 0, , , 3346.0830000000000837, 1
, , 3346.0889999999999418, 1, , , 3346.0889999999999418, 0, , , 3346.0889999999999418, 0, , , 3346.0889999999999418, 1
, , 3346.0929999999998472, 1, , , 3346.0929999999998472, 0, , , 3346.0929999999998472, 0, , , 3346.0929999999998472, 1
, , 3346.0990000000001601, 1, , , 3346.0990000000001601, 0, , , 3346.0990000000001601, 0, , , 3346.0990000000001601, 1
, , 3346.1030000000000655, 1, , , 3346.1030000000000655, 0, , , 3346.1030000000000655, 0, , , 3346.1030000000000655, 1
, , 3346.1080000000001746, 1, , , 3346.1080000000001746, 0, , , 3346.1080000000001746, 0, , , 3346.1080000000001746, 1
, , 3346.112999999999829, 1, , , 3346.112999999999829, 0, , , 3346.112999999999829, 0, , , 3346.112999999999829, 1
, , 3346.1179999999999382, 1, , , 3346.1179999999999382, 0, , , 3346.1179999999999382, 0, , , 3346.1179999999999382, 1
, , 3346.1230000000000473, 1, , , 3346.1230000000000473, 0, , , 3346.1230000000000473, 0, , , 3346.1230000000000473, 1
, , 3346.1280000000001564, 1, , , 3346.1280000000001564, 1, , , 3346.1280000000001564, 1, , , 3346.1280000000001564, 1
, , 3346.1329999999998108, 1, , , 3346.1329999999998108, 1, , , 3346.1329999999998108, 1, , , 3346.1329999999998108, 1
, , 3346.13799999999992, 1, , , 3346.13799999999992, 1, , , 3346.13799999999992, 1, , , 3346.13799999999992, 1
, , 3346.1430000000000291, 1, , , 3346.1430000000000291, 1, , , 3346.1430000000000291, 1, , , 3346.1430000000000291, 1
, , 3346.1480000000001382, 1, , , 3346.1480000000001382, 1, , , 3346.1480000000001382, 1, , , 3346.1480000000001382, 1
, , 3346.1509999999998399, 1, , , 3346.1509999999998399, 1, , , 3346.1509999999998399, 1, , , 3346.1509999999998399, 1
, , 3346.1590000000001055, 1, , , 3346.1590000000001055, 1, , , 3346.1590000000001055, 1, , , 3346.1590000000001055, 1
, , 3346.1630000000000109, 1, , , 3346.1630000000000109, 1, , , 3346.1630000000000109, 1, , , 3346.1630000000000109, 1
, , 3346.1680000000001201, 1, , , 3346.1680000000001201, 1, , , 3346.1680000000001201, 1, , , 3346.1680000000001201, 1
, , 3346.1729999999997744, 1, , , 3346.1729999999997744, 1, , , 3346.1729999999997744, 1, , , 3346.1729999999997744, 1
, , 3346.1790000000000873, 1, , , 3346.1790000000000873, 1, , , 3346.1790000000000873, 1, , , 3346.1790000000000873, 1
, , 3346.1829999999999927, 1, , , 3346.1829999999999927, 1, , , 3346.1829999999999927, 1, , , 3346.1829999999999927, 1
, , 3346.1880000000001019, 1, , , 3346.1880000000001019, 1, , , 3346.1880000000001019, 1, , , 3346.1880000000001019, 1
, , 3346.193000000000211, 1, , , 3346.193000000000211, 1, , , 3346.193000000000211, 1, , , 3346.193000000000211, 1
, , 3346.1979999999998654, 1, , , 3346.1979999999998654, 1, , , 3346.1979999999998654, 1, , , 3346.1979999999998654, 1
, , 3346.2029999999999745, 0, , , 3346.2029999999999745, 1, , , 3346.2029999999999745, 1, , , 3346.2029999999999745, 0
, , 3346.2080000000000837, 0, , , 3346.2080000000000837, 1, , , 3346.2080000000000837, 1, , , 3346.2080000000000837, 0
, , 3346.2130000000001928, 0, , , 3346.2130000000001928, 1, , , 3346.2130000000001928, 1, , , 3346.2130000000001928, 0
, , 3346.2190000000000509, 0, , , 3346.2190000000000509, 1, , , 3346.2190000000000509, 1, , , 3346.2190000000000509, 0
, , 3346.2229999999999563, 0, , , 3346.2229999999999563, 1, , , 3346.2229999999999563, 1, , , 3346.2229999999999563, 0
, , 3346.2280000000000655, 0, , , 3346.2280000000000655, 1, , , 3346.2280000000000655, 1, , , 3346.2280000000000655, 0
, , 3346.2339999999999236, 0, , , 3346.2339999999999236, 1, , , 3346.2339999999999236, 1, , , 3346.2339999999999236, 0
, , 3346.237999999999829, 0, , , 3346.237999999999829, 1, , , 3346.237999999999829, 1, , , 3346.237999999999829, 0
, , 3346.2429999999999382, 0, , , 3346.2429999999999382, 1, , , 3346.2429999999999382, 1, , , 3346.2429999999999382, 0
, , 3346.2480000000000473, 0, , , 3346.2480000000000473, 1, , , 3346.2480000000000473, 1, , , 3346.2480000000000473, 0
, , 3346.2530000000001564, 0, , , 3346.2530000000001564, 1, , , 3346.2530000000001564, 1, , , 3346.2530000000001564, 0
, , 3346.2579999999998108, 0, , , 3346.2579999999998108, 1, , , 3346.2579999999998108, 1, , , 3346.2579999999998108, 0
, , 3346.26299999999992, 0, , , 3346.26299999999992, 1, , , 3346.26299999999992, 1, , , 3346.26299999999992, 0
, , 3346.2680000000000291, 0, , , 3346.2680000000000291, 1, , , 3346.2680000000000291, 1, , , 3346.2680000000000291, 0
, , 3346.2730000000001382, 0, , , 3346.2730000000001382, 1, , , 3346.2730000000001382, 1, , , 3346.2730000000001382, 0
, , 3346.2800000000002001, 0, , , 3346.2800000000002001, 1, , , 3346.2800000000002001, 1, , , 3346.2800000000002001, 0
, , 3346.2829999999999018, 0, , , 3346.2829999999999018, 1, , , 3346.2829999999999018, 1, , , 3346.2829999999999018, 0
, , 3346.2880000000000109, 0, , , 3346.2880000000000109, 1, , , 3346.2880000000000109, 1, , , 3346.2880000000000109, 0
, , 3346.2930000000001201, 0, , , 3346.2930000000001201, 1, , , 3346.2930000000001201, 1, , , 3346.2930000000001201, 0
, , 3346.2979999999997744, 0, , , 3346.2979999999997744, 1, , , 3346.2979999999997744, 1, , , 3346.2979999999997744, 0
, , 3346.3029999999998836, 0, , , 3346.3029999999998836, 1, , , 3346.3029999999998836, 1, , , 3346.3029999999998836, 0
, , 3346.3079999999999927, 0, , , 3346.3079999999999927, 1, , , 3346.3079999999999927, 1, , , 3346.3079999999999927, 0
, , 3346.3130000000001019, 0, , , 3346.3130000000001019, 1, , , 3346.3130000000001019, 1, , , 3346.3130000000001019, 0
, , 3346.31899999999996, 0, , , 3346.31899999999996, 1, , , 3346.31899999999996, 1, , , 3346.31899999999996, 0
, , 3346.3229999999998654, 0, , , 3346.3229999999998654, 1, , , 3346.3229999999998654, 1, , , 3346.3229999999998654, 0
, , 3346.3290000000001783, 0, , , 3346.3290000000001783, 1, , , 3346.3290000000001783, 1, , , 3346.3290000000001783, 0
, , 3346.3350000000000364, 0, , , 3346.3350000000000364, 1, , , 3346.3350000000000364, 1, , , 3346.3350000000000364, 0
, , 3346.3389999999999418, 0, , , 3346.3389999999999418, 1, , , 3346.3389999999999418, 1, , , 3346.3389999999999418, 0
, , 3346.3429999999998472, 0, , , 3346.3429999999998472, 1, , , 3346.3429999999998472, 1, , , 3346.3429999999998472, 0
, , 3346.3490000000001601, 0, , , 3346.3490000000001601, 1, , , 3346.3490000000001601, 1, , , 3346.3490000000001601, 0
, , 3346.3530000000000655, 0, , , 3346.3530000000000655, 1, , , 3346.3530000000000655, 1, , , 3346.3530000000000655, 0
, , 3346.3589999999999236, 0, , , 3346.3589999999999236, 1, , , 3346.3589999999999236, 1, , , 3346.3589999999999236, 0
, , 3346.362999999999829, 0, , , 3346.362999999999829, 1, , , 3346.362999999999829, 1, , , 3346.362999999999829, 0
, , 3346.3690000000001419, 0, , , 3346.3690000000001419, 1, , , 3346.3690000000001419, 1, , , 3346.3690000000001419, 0
, , 3346.3730000000000473, 0, , , 3346.3730000000000473, 1, , , 3346.3730000000000473, 1, , , 3346.3730000000000473, 0
, , 3346.3780000000001564, 0, , , 3346.3780000000001564, 1, , , 3346.3780000000001564, 1, , , 3346.3780000000001564, 0
, , 3346.3829999999998108, 0, , , 3346.3829999999998108, 1, , , 3346.3829999999998108, 1, , , 3346.3829999999998108, 0
, , 3346.38799999999992, 0, , , 3346.38799999999992, 1, , , 3346.38799999999992, 1, , , 3346.38799999999992, 0
, , 3346.3930000000000291, 0, , , 3346.3930000000000291, 1, , , 3346.3930000000000291, 1, , , 3346.3930000000000291, 0
, , 3346.3989999999998872, 0, , , 3346.3989999999998872, 1, , , 3346.3989999999998872, 1, , , 3346.3989999999998872, 0
, , 3346.4029999999997926, 0, , , 3346.4029999999997926, 1, , , 3346.4029999999997926, 1, , , 3346.4029999999997926, 0
, , 3346.4079999999999018, 0, , , 3346.4079999999999018, 1, , , 3346.4079999999999018, 1, , , 3346.4079999999999018, 0
, , 3346.4130000000000109, 0, , , 3346.4130000000000109, 1, , , 3346.4130000000000109, 1, , , 3346.4130000000000109, 0
, , 3346.4180000000001201, 0, , , 3346.4180000000001201, 1, , , 3346.4180000000001201, 1, , , 3346.4180000000001201, 0
, , 3346.4250000000001819, 0, , , 3346.4250000000001819, 1, , , 3346.4250000000001819, 1, , , 3346.4250000000001819, 0
, , 3346.4279999999998836, 0, , , 3346.4279999999998836, 1, , , 3346.4279999999998836, 1, , , 3346.4279999999998836, 0
, , 3346.4329999999999927, 0, , , 3346.4329999999999927, 1, , , 3346.4329999999999927, 1, , , 3346.4329999999999927, 0
, , 3346.4389999999998508, 0, , , 3346.4389999999998508, 1, , , 3346.4389999999998508, 1, , , 3346.4389999999998508, 0
, , 3346.443000000000211, 0, , , 3346.443000000000211, 1, , , 3346.443000000000211, 1, , , 3346.443000000000211, 0
, , 3346.4479999999998654, 0, , , 3346.4479999999998654, 1, , , 3346.4479999999998654, 1, , , 3346.4479999999998654, 0
, , 3346.4529999999999745, 1, , , 3346.4529999999999745, 1, , , 3346.4529999999999745, 1, , , 3346.4529999999999745, 1
, , 3346.4600000000000364, 1, , , 3346.4600000000000364, 1, , , 3346.4600000000000364, 1, , , 3346.4600000000000364, 1
, , 3346.4630000000001928, 1, , , 3346.4630000000001928, 1, , , 3346.4630000000001928, 1, , , 3346.4630000000001928, 1
, , 3346.4679999999998472, 1, , , 3346.4679999999998472, 1, , , 3346.4679999999998472, 1, , , 3346.4679999999998472, 1
, , 3346.4729999999999563, 1, , , 3346.4729999999999563, 1, , , 3346.4729999999999563, 1, , , 3346.4729999999999563, 1
, , 3346.4800000000000182, 1, , , 3346.4800000000000182, 1, , , 3346.4800000000000182, 1, , , 3346.4800000000000182, 1
, , 3346.4830000000001746, 1, , , 3346.4830000000001746, 1, , , 3346.4830000000001746, 1, , , 3346.4830000000001746, 1
, , 3346.487999999999829, 1, , , 3346.487999999999829, 1, , , 3346.487999999999829, 1, , , 3346.487999999999829, 1
, , 3346.4929999999999382, 1, , , 3346.4929999999999382, 1, , , 3346.4929999999999382, 1, , , 3346.4929999999999382, 1
, , 3346.4980000000000473, 1, , , 3346.4980000000000473, 1, , , 3346.4980000000000473, 1, , , 3346.4980000000000473, 1
, , 3346.5039999999999054, 1, , , 3346.5039999999999054, 1, , , 3346.5039999999999054, 1, , , 3346.5039999999999054, 1
, , 3346.5079999999998108, 1, , , 3346.5079999999998108, 1, , , 3346.5079999999998108, 1, , , 3346.5079999999998108, 1
, , 3346.51299999999992, 1, , , 3346.51299999999992, 1, , , 3346.51299999999992, 1, , , 3346.51299999999992, 1
, , 3346.5169999999998254, 1, , , 3346.5169999999998254, 1, , , 3346.5169999999998254, 1, , , 3346.5169999999998254, 1
, , 3346.5230000000001382, 1, , , 3346.5230000000001382, 1, , , 3346.5230000000001382, 1, , , 3346.5230000000001382, 1
, , 3346.5279999999997926, 1, , , 3346.5279999999997926, 0, , , 3346.5279999999997926, 0, , , 3346.5279999999997926, 1
, , 3346.5340000000001055, 1, , , 3346.5340000000001055, 0, , , 3346.5340000000001055, 0, , , 3346.5340000000001055, 1
, , 3346.5380000000000109, 1, , , 3346.5380000000000109, 0, , , 3346.5380000000000109, 0, , , 3346.5380000000000109, 1
, , 3346.5430000000001201, 1, , , 3346.5430000000001201, 0, , , 3346.5430000000001201, 0, , , 3346.5430000000001201, 1
, , 3346.5479999999997744, 1, , , 3346.5479999999997744, 0, , , 3346.5479999999997744, 0, , , 3346.5479999999997744, 1
, , 3346.5529999999998836, 1, , , 3346.5529999999998836, 0, , , 3346.5529999999998836, 0, , , 3346.5529999999998836, 1
, , 3346.5579999999999927, 1, , , 3346.5579999999999927, 0, , , 3346.5579999999999927, 0, , , 3346.5579999999999927, 1
, , 3346.5630000000001019, 1, , , 3346.5630000000001019, 0, , , 3346.5630000000001019, 0, , , 3346.5630000000001019, 1
, , 3346.568000000000211, 1, , , 3346.568000000000211, 0, , , 3346.568000000000211, 0, , , 3346.568000000000211, 1
, , 3346.5740000000000691, 1, , , 3346.5740000000000691, 0, , , 3346.5740000000000691, 0, , , 3346.5740000000000691, 1
, , 3346.5779999999999745, 1, , , 3346.5779999999999745, 0, , , 3346.5779999999999745, 0, , , 3346.5779999999999745, 1
, , 3346.5830000000000837, 1, , , 3346.5830000000000837, 0, , , 3346.5830000000000837, 0, , , 3346.5830000000000837, 1
, , 3346.5889999999999418, 1, , , 3346.5889999999999418, 0, , , 3346.5889999999999418, 0, , , 3346.5889999999999418, 1
, , 3346.5929999999998472, 1, , , 3346.5929999999998472, 0, , , 3346.5929999999998472, 0, , , 3346.5929999999998472, 1
, , 3346.5970000000002074, 1, , , 3346.5970000000002074, 0, , , 3346.5970000000002074, 0, , , 3346.5970000000002074, 1
, , 3346.6030000000000655, 1, , , 3346.6030000000000655, 0, , , 3346.6030000000000655, 0, , , 3346.6030000000000655, 1
, , 3346.6080000000001746, 1, , , 3346.6080000000001746, 0, , , 3346.6080000000001746, 0, , , 3346.6080000000001746, 1
, , 3346.612999999999829, 1, , , 3346.612999999999829, 0, , , 3346.612999999999829, 0, , , 3346.612999999999829, 1
, , 3346.6190000000001419, 1, , , 3346.6190000000001419, 0, , , 3346.6190000000001419, 0, , , 3346.6190000000001419, 1
, , 3346.6239999999997963, 1, , , 3346.6239999999997963, 0, , , 3346.6239999999997963, 0, , , 3346.6239999999997963, 1
, , 3346.6289999999999054, 1, , , 3346.6289999999999054, 0, , , 3346.6289999999999054, 0, , , 3346.6289999999999054, 1
, , 3346.6340000000000146, 1, , , 3346.6340000000000146, 0, , , 3346.6340000000000146, 0, , , 3346.6340000000000146, 1
, , 3346.6390000000001237, 1, , , 3346.6390000000001237, 0, , , 3346.6390000000001237, 0, , , 3346.6390000000001237, 1
, , 3346.6449999999999818, 1, , , 3346.6449999999999818, 0, , , 3346.6449999999999818, 0, , , 3346.6449999999999818, 1
, , 3346.6480000000001382, 1, , , 3346.6480000000001382, 0, , , 3346.6480000000001382, 0, , , 3346.6480000000001382, 1
, , 3346.6529999999997926, 1, , , 3346.6529999999997926, 0, , , 3346.6529999999997926, 0, , , 3346.6529999999997926, 1
, , 3346.6579999999999018, 1, , , 3346.6579999999999018, 0, , , 3346.6579999999999018, 0, , , 3346.6579999999999018, 1
, , 3346.6630000000000109, 1, , , 3346.6630000000000109, 0, , , 3346.6630000000000109, 0, , , 3346.6630000000000109, 1
, , 3346.668999999999869, 1, , , 3346.668999999999869, 0, , , 3346.668999999999869, 0, , , 3346.668999999999869, 1
, , 3346.6750000000001819, 1, , , 3346.6750000000001819, 0, , , 3346.6750000000001819, 0, , , 3346.6750000000001819, 1
, , 3346.6779999999998836, 1, , , 3346.6779999999998836, 0, , , 3346.6779999999998836, 0, , , 3346.6779999999998836, 1
, , 3346.6829999999999927, 1, , , 3346.6829999999999927, 0, , , 3346.6829999999999927, 0, , , 3346.6829999999999927, 1
, , 3346.6880000000001019, 1, , , 3346.6880000000001019, 0, , , 3346.6880000000001019, 0, , , 3346.6880000000001019, 1
, , 3346.693000000000211, 1, , , 3346.693000000000211, 0, , , 3346.693000000000211, 0, , , 3346.693000000000211, 1
, , 3346.6999999999998181, 1, , , 3346.6999999999998181, 0, , , 3346.6999999999998181, 0, , , 3346.6999999999998181, 1
, , 3346.7029999999999745, 1, , , 3346.7029999999999745, 0, , , 3346.7029999999999745, 0, , , 3346.7029999999999745, 1
, , 3346.7089999999998327, 1, , , 3346.7089999999998327, 0, , , 3346.7089999999998327, 0, , , 3346.7089999999998327, 1
, , 3346.7130000000001928, 1, , , 3346.7130000000001928, 0, , , 3346.7130000000001928, 0, , , 3346.7130000000001928, 1
, , 3346.7210000000000036, 1, , , 3346.7210000000000036, 0, , , 3346.7210000000000036, 0, , , 3346.7210000000000036, 1
, , 3346.7229999999999563, 1, , , 3346.7229999999999563, 0, , , 3346.7229999999999563, 0, , , 3346.7229999999999563, 1
, , 3346.7300000000000182, 1, , , 3346.7300000000000182, 0, , , 3346.7300000000000182, 0, , , 3346.7300000000000182, 1
, , 3346.7339999999999236, 1, , , 3346.7339999999999236, 0, , , 3346.7339999999999236, 0, , , 3346.7339999999999236, 1
, , 3346.7399999999997817, 1, , , 3346.7399999999997817, 0, , , 3346.7399999999997817, 0, , , 3346.7399999999997817, 1
, , 3346.7440000000001419, 1, , , 3346.7440000000001419, 0, , , 3346.7440000000001419, 0, , , 3346.7440000000001419, 1
, , 3346.7480000000000473, 1, , , 3346.7480000000000473, 0, , , 3346.7480000000000473, 0, , , 3346.7480000000000473, 1
, , 3346.7530000000001564, 1, , , 3346.7530000000001564, 0, , , 3346.7530000000001564, 0, , , 3346.7530000000001564, 1
, , 3346.7590000000000146, 1, , , 3346.7590000000000146, 0, , , 3346.7590000000000146, 0, , , 3346.7590000000000146, 1
, , 3346.76299999999992, 1, , , 3346.76299999999992, 0, , , 3346.76299999999992, 0, , , 3346.76299999999992, 1
, , 3346.7689999999997781, 1, , , 3346.7689999999997781, 0, , , 3346.7689999999997781, 0, , , 3346.7689999999997781, 1
, , 3346.7730000000001382, 1, , , 3346.7730000000001382, 0, , , 3346.7730000000001382, 0, , , 3346.7730000000001382, 1
, , 3346.7779999999997926, 1, , , 3346.7779999999997926, 1, , , 3346.7779999999997926, 1, , , 3346.7779999999997926, 1
, , 3346.7829999999999018, 1, , , 3346.7829999999999018, 1, , , 3346.7829999999999018, 1, , , 3346.7829999999999018, 1
, , 3346.7880000000000109, 1, , , 3346.7880000000000109, 1, , , 3346.7880000000000109, 1, , , 3346.7880000000000109, 1
, , 3346.7930000000001201, 1, , , 3346.7930000000001201, 1, , , 3346.7930000000001201, 1, , , 3346.7930000000001201, 1
, , 3346.7979999999997744, 1, , , 3346.7979999999997744, 1, , , 3346.7979999999997744, 1, , , 3346.7979999999997744, 1
, , 3346.8029999999998836, 1, , , 3346.8029999999998836, 1, , , 3346.8029999999998836, 1, , , 3346.8029999999998836, 1
, , 3346.8079999999999927, 1, , , 3346.8079999999999927, 1, , , 3346.8079999999999927, 1, , , 3346.8079999999999927, 1
, , 3346.8130000000001019, 1, , , 3346.8130000000001019, 1, , , 3346.8130000000001019, 1, , , 3346.8130000000001019, 1
, , 3346.818000000000211, 1, , , 3346.818000000000211, 1, , , 3346.818000000000211, 1, , , 3346.818000000000211, 1
, , 3346.8229999999998654, 1, , , 3346.8229999999998654, 1, , , 3346.8229999999998654, 1, , , 3346.8229999999998654, 1
, , 3346.8279999999999745, 1, , , 3346.8279999999999745, 1, , , 3346.8279999999999745, 1, , , 3346.8279999999999745, 1
, , 3346.8330000000000837, 1, , , 3346.8330000000000837, 1, , , 3346.8330000000000837, 1, , , 3346.8330000000000837, 1
, , 3346.8380000000001928, 1, , , 3346.8380000000001928, 1, , , 3346.8380000000001928, 1, , , 3346.8380000000001928, 1
, , 3346.8429999999998472, 1, , , 3346.8429999999998472, 1, , , 3346.8429999999998472, 1, , , 3346.8429999999998472, 1
, , 3346.8490000000001601, 1, , , 3346.8490000000001601, 1, , , 3346.8490000000001601, 1, , , 3346.8490000000001601, 1
, , 3346.8530000000000655, 1, , , 3346.8530000000000655, 1, , , 3346.8530000000000655, 1, , , 3346.8530000000000655, 1
, , 3346.8589999999999236, 1, , , 3346.8589999999999236, 1, , , 3346.8589999999999236, 1, , , 3346.8589999999999236, 1
, , 3346.862999999999829, 1, , , 3346.862999999999829, 1, , , 3346.862999999999829, 1, , , 3346.862999999999829, 1
, , 3346.8679999999999382, 1, , , 3346.8679999999999382, 1, , , 3346.8679999999999382, 1, , , 3346.8679999999999382, 1
, , 3346.8730000000000473, 1, , , 3346.8730000000000473, 1, , , 3346.8730000000000473, 1, , , 3346.8730000000000473, 1
, , 3346.8780000000001564, 1, , , 3346.8780000000001564, 1, , , 3346.8780000000001564, 1, , , 3346.8780000000001564, 1
, , 3346.8829999999998108, 1, , , 3346.8829999999998108, 1, , , 3346.8829999999998108, 1, , , 3346.8829999999998108, 1
, , 3346.88799999999992, 1, , , 3346.88799999999992, 1, , , 3346.88799999999992, 1, , , 3346.88799999999992, 1
, , 3346.8939999999997781, 1, , , 3346.8939999999997781, 1, , , 3346.8939999999997781, 1, , , 3346.8939999999997781, 1
, , 3346.8980000000001382, 1, , , 3346.8980000000001382, 1, , , 3346.8980000000001382, 1, , , 3346.8980000000001382, 1
, , 3346.9039999999999964, 1, , , 3346.9039999999999964, 1, , , 3346.9039999999999964, 1, , , 3346.9039999999999964, 1
, , 3346.9079999999999018, 1, , , 3346.9079999999999018, 1, , , 3346.9079999999999018, 1, , , 3346.9079999999999018, 1
, , 3346.9140000000002146, 1, , , 3346.9140000000002146, 1, , , 3346.9140000000002146, 1, , , 3346.9140000000002146, 1
, , 3346.9169999999999163, 1, , , 3346.9169999999999163, 1, , , 3346.9169999999999163, 1, , , 3346.9169999999999163, 1
, , 3346.9239999999999782, 1, , , 3346.9239999999999782, 1, , , 3346.9239999999999782, 1, , , 3346.9239999999999782, 1
, , 3346.9279999999998836, 1, , , 3346.9279999999998836, 1, , , 3346.9279999999998836, 1, , , 3346.9279999999998836, 1
, , 3346.9340000000001965, 1, , , 3346.9340000000001965, 1, , , 3346.9340000000001965, 1, , , 3346.9340000000001965, 1
, , 3346.9380000000001019, 1, , , 3346.9380000000001019, 1, , , 3346.9380000000001019, 1, , , 3346.9380000000001019, 1
, , 3346.943000000000211, 1, , , 3346.943000000000211, 1, , , 3346.943000000000211, 1, , , 3346.943000000000211, 1
, , 3346.9479999999998654, 1, , , 3346.9479999999998654, 1, , , 3346.9479999999998654, 1, , , 3346.9479999999998654, 1
, , 3346.9529999999999745, 1, , , 3346.9529999999999745, 1, , , 3346.9529999999999745, 1, , , 3346.9529999999999745, 1
, , 3346.9580000000000837, 1, , , 3346.9580000000000837, 1, , , 3346.9580000000000837, 1, , , 3346.9580000000000837, 1
, , 3346.9630000000001928, 1, , , 3346.9630000000001928, 1, , , 3346.9630000000001928, 1, , , 3346.9630000000001928, 1
, , 3346.9679999999998472, 1, , , 3346.9679999999998472, 1, , , 3346.9679999999998472, 1, , , 3346.9679999999998472, 1
, , 3346.9729999999999563, 1, , , 3346.9729999999999563, 1, , , 3346.9729999999999563, 1, , , 3346.9729999999999563, 1
, , 3346.9780000000000655, 1, , , 3346.9780000000000655, 1, , , 3346.9780000000000655, 1, , , 3346.9780000000000655, 1
, , 3346.9839999999999236, 1, , , 3346.9839999999999236, 1, , , 3346.9839999999999236, 1, , , 3346.9839999999999236, 1
, , 3346.987999999999829, 1, , , 3346.987999999999829, 1, , , 3346.987999999999829, 1, , , 3346.987999999999829, 1
, , 3346.9929999999999382, 1, , , 3346.9929999999999382, 1, , , 3346.9929999999999382, 1, , , 3346.9929999999999382, 1
, , 3346.9980000000000473, 1, , , 3346.9980000000000473, 1, , , 3346.9980000000000473, 1, , , 3346.9980000000000473, 1
, , 3347.0039999999999054, 1, , , 3347.0039999999999054, 1, , , 3347.0039999999999054, 1, , , 3347.0039999999999054, 1
, , 3347.0079999999998108, 1, , , 3347.0079999999998108, 1, , , 3347.0079999999998108, 1, , , 3347.0079999999998108, 1
, , 3347.01299999999992, 1, , , 3347.01299999999992, 1, , , 3347.01299999999992, 1, , , 3347.01299999999992, 1
, , 3347.0180000000000291, 1, , , 3347.0180000000000291, 1, , , 3347.0180000000000291, 1, , , 3347.0180000000000291, 1
, , 3347.0239999999998872, 1, , , 3347.0239999999998872, 1, , , 3347.0239999999998872, 1, , , 3347.0239999999998872, 1
, , 3347.0279999999997926, 1, , , 3347.0279999999997926, 1, , , 3347.0279999999997926, 1, , , 3347.0279999999997926, 1
, , 3347.0329999999999018, 1, , , 3347.0329999999999018, 1, , , 3347.0329999999999018, 1, , , 3347.0329999999999018, 1
, , 3347.0380000000000109, 1, , , 3347.0380000000000109, 1, , , 3347.0380000000000109, 1, , , 3347.0380000000000109, 1
, , 3347.0470000000000255, 1, , , 3347.0470000000000255, 1, , , 3347.0470000000000255, 1, , , 3347.0470000000000255, 1
, , 3347.0489999999999782, 1, , , 3347.0489999999999782, 1, , , 3347.0489999999999782, 1, , , 3347.0489999999999782, 1
, , 3347.0529999999998836, 1, , , 3347.0529999999998836, 1, , , 3347.0529999999998836, 1, , , 3347.0529999999998836, 1
, , 3347.0579999999999927, 1, , , 3347.0579999999999927, 1, , , 3347.0579999999999927, 1, , , 3347.0579999999999927, 1
, , 3347.0630000000001019, 1, , , 3347.0630000000001019, 1, , , 3347.0630000000001019, 1, , , 3347.0630000000001019, 1
, , 3347.068000000000211, 1, , , 3347.068000000000211, 1, , , 3347.068000000000211, 1, , , 3347.068000000000211, 1
, , 3347.0740000000000691, 1, , , 3347.0740000000000691, 1, , , 3347.0740000000000691, 1, , , 3347.0740000000000691, 1
, , 3347.0779999999999745, 1, , , 3347.0779999999999745, 1, , , 3347.0779999999999745, 1, , , 3347.0779999999999745, 1
, , 3347.0830000000000837, 1, , , 3347.0830000000000837, 1, , , 3347.0830000000000837, 1, , , 3347.0830000000000837, 1
, , 3347.0889999999999418, 1, , , 3347.0889999999999418, 1, , , 3347.0889999999999418, 1, , , 3347.0889999999999418, 1
, , 3347.0929999999998472, 1, , , 3347.0929999999998472, 1, , , 3347.0929999999998472, 1, , , 3347.0929999999998472, 1
, , 3347.0979999999999563, 1, , , 3347.0979999999999563, 1, , , 3347.0979999999999563, 1, , , 3347.0979999999999563, 1
, , 3347.1030000000000655, 1, , , 3347.1030000000000655, 1, , , 3347.1030000000000655, 1, , , 3347.1030000000000655, 1
, , 3347.1080000000001746, 1, , , 3347.1080000000001746, 1, , , 3347.1080000000001746, 1, , , 3347.1080000000001746, 1
, , 3347.112999999999829, 1, , , 3347.112999999999829, 1, , , 3347.112999999999829, 1, , , 3347.112999999999829, 1
, , 3347.1179999999999382, 1, , , 3347.1179999999999382, 1, , , 3347.1179999999999382, 1, , , 3347.1179999999999382, 1
, , 3347.1230000000000473, 1, , , 3347.1230000000000473, 1, , , 3347.1230000000000473, 1, , , 3347.1230000000000473, 1
, , 3347.1280000000001564, 1, , , 3347.1280000000001564, 1, , , 3347.1280000000001564, 1, , , 3347.1280000000001564, 1
, , 3347.1329999999998108, 1, , , 3347.1329999999998108, 1, , , 3347.1329999999998108, 1, , , 3347.1329999999998108, 1
, , 3347.13799999999992, 1, , , 3347.13799999999992, 1, , , 3347.13799999999992, 1, , , 3347.13799999999992, 1
, , 3347.1430000000000291, 1, , , 3347.1430000000000291, 1, , , 3347.1430000000000291, 1, , , 3347.1430000000000291, 1
, , 3347.1489999999998872, 1, , , 3347.1489999999998872, 1, , , 3347.1489999999998872, 1, , , 3347.1489999999998872, 1
, , 3347.1529999999997926, 1, , , 3347.1529999999997926, 1, , , 3347.1529999999997926, 1, , , 3347.1529999999997926, 1
, , 3347.1599999999998545, 1, , , 3347.1599999999998545, 1, , , 3347.1599999999998545, 1, , , 3347.1599999999998545, 1
, , 3347.1640000000002146, 1, , , 3347.1640000000002146, 1, , , 3347.1640000000002146, 1, , , 3347.1640000000002146, 1
, , 3347.1680000000001201, 1, , , 3347.1680000000001201, 1, , , 3347.1680000000001201, 1, , , 3347.1680000000001201, 1
, , 3347.1729999999997744, 1, , , 3347.1729999999997744, 1, , , 3347.1729999999997744, 1, , , 3347.1729999999997744, 1
, , 3347.1790000000000873, 1, , , 3347.1790000000000873, 1, , , 3347.1790000000000873, 1, , , 3347.1790000000000873, 1
, , 3347.1840000000001965, 1, , , 3347.1840000000001965, 1, , , 3347.1840000000001965, 1, , , 3347.1840000000001965, 1
, , 3347.1880000000001019, 1, , , 3347.1880000000001019, 1, , , 3347.1880000000001019, 1, , , 3347.1880000000001019, 1
, , 3347.193000000000211, 1, , , 3347.193000000000211, 1, , , 3347.193000000000211, 1, , , 3347.193000000000211, 1
, , 3347.1979999999998654, 1, , , 3347.1979999999998654, 1, , , 3347.1979999999998654, 1, , , 3347.1979999999998654, 1
, , 3347.2040000000001783, 1, , , 3347.2040000000001783, 1, , , 3347.2040000000001783, 1, , , 3347.2040000000001783, 1
, , 3347.2080000000000837, 1, , , 3347.2080000000000837, 1, , , 3347.2080000000000837, 1, , , 3347.2080000000000837, 1
, , 3347.2150000000001455, 1, , , 3347.2150000000001455, 1, , , 3347.2150000000001455, 1, , , 3347.2150000000001455, 1
, , 3347.2179999999998472, 1, , , 3347.2179999999998472, 1, , , 3347.2179999999998472, 1, , , 3347.2179999999998472, 1
, , 3347.2229999999999563, 1, , , 3347.2229999999999563, 1, , , 3347.2229999999999563, 1, , , 3347.2229999999999563, 1
, , 3347.2280000000000655, 1, , , 3347.2280000000000655, 1, , , 3347.2280000000000655, 1, , , 3347.2280000000000655, 1
, , 3347.2339999999999236, 1, , , 3347.2339999999999236, 1, , , 3347.2339999999999236, 1, , , 3347.2339999999999236, 1
, , 3347.237999999999829, 1, , , 3347.237999999999829, 1, , , 3347.237999999999829, 1, , , 3347.237999999999829, 1
, , 3347.2429999999999382, 1, , , 3347.2429999999999382, 1, , , 3347.2429999999999382, 1, , , 3347.2429999999999382, 1
, , 3347.2480000000000473, 1, , , 3347.2480000000000473, 1, , , 3347.2480000000000473, 1, , , 3347.2480000000000473, 1
, , 3347.2530000000001564, 1, , , 3347.2530000000001564, 1, , , 3347.2530000000001564, 1, , , 3347.2530000000001564, 1
, , 3347.2579999999998108, 1, , , 3347.2579999999998108, 1, , , 3347.2579999999998108, 1, , , 3347.2579999999998108, 1
, , 3347.26299999999992, 1, , , 3347.26299999999992, 1, , , 3347.26299999999992, 1, , , 3347.26299999999992, 1
, , 3347.2680000000000291, 1, , , 3347.2680000000000291, 1, , , 3347.2680000000000291, 1, , , 3347.2680000000000291, 1
, , 3347.2739999999998872, 1, , , 3347.2739999999998872, 1, , , 3347.2739999999998872, 1, , , 3347.2739999999998872, 1
, , 3347.2779999999997926, 1, , , 3347.2779999999997926, 1, , , 3347.2779999999997926, 1, , , 3347.2779999999997926, 1
, , 3347.2829999999999018, 1, , , 3347.2829999999999018, 1, , , 3347.2829999999999018, 1, , , 3347.2829999999999018, 1
, , 3347.2880000000000109, 1, , , 3347.2880000000000109, 1, , , 3347.2880000000000109, 1, , , 3347.2880000000000109, 1
, , 3347.2930000000001201, 1, , , 3347.2930000000001201, 1, , , 3347.2930000000001201, 1, , , 3347.2930000000001201, 1
, , 3347.2989999999999782, 1, , , 3347.2989999999999782, 1, , , 3347.2989999999999782, 1, , , 3347.2989999999999782, 1
, , 3347.3029999999998836, 1, , , 3347.3029999999998836, 1, , , 3347.3029999999998836, 1, , , 3347.3029999999998836, 1
, , 3347.3079999999999927, 1, , , 3347.3079999999999927, 1, , , 3347.3079999999999927, 1, , , 3347.3079999999999927, 1
, , 3347.3130000000001019, 1, , , 3347.3130000000001019, 1, , , 3347.3130000000001019, 1, , , 3347.3130000000001019, 1
, , 3347.318000000000211, 1, , , 3347.318000000000211, 1, , , 3347.318000000000211, 1, , , 3347.318000000000211, 1
, , 3347.3240000000000691, 1, , , 3347.3240000000000691, 1, , , 3347.3240000000000691, 1, , , 3347.3240000000000691, 1
, , 3347.3279999999999745, 1, , , 3347.3279999999999745, 1, , , 3347.3279999999999745, 1, , , 3347.3279999999999745, 1
, , 3347.3330000000000837, 1, , , 3347.3330000000000837, 1, , , 3347.3330000000000837, 1, , , 3347.3330000000000837, 1
, , 3347.3380000000001928, 1, , , 3347.3380000000001928, 1, , , 3347.3380000000001928, 1, , , 3347.3380000000001928, 1
, , 3347.3429999999998472, 1, , , 3347.3429999999998472, 1, , , 3347.3429999999998472, 1, , , 3347.3429999999998472, 1
, , 3347.3479999999999563, 1, , , 3347.3479999999999563, 1, , , 3347.3479999999999563, 1, , , 3347.3479999999999563, 1
, , 3347.3519999999998618, 1, , , 3347.3519999999998618, 1, , , 3347.3519999999998618, 1, , , 3347.3519999999998618, 1
, , 3347.3600000000001273, 1, , , 3347.3600000000001273, 1, , , 3347.3600000000001273, 1, , , 3347.3600000000001273, 1
, , 3347.362999999999829, 1, , , 3347.362999999999829, 1, , , 3347.362999999999829, 1, , , 3347.362999999999829, 1
, , 3347.3690000000001419, 1, , , 3347.3690000000001419, 1, , , 3347.3690000000001419, 1, , , 3347.3690000000001419, 1
, , 3347.3730000000000473, 1, , , 3347.3730000000000473, 1, , , 3347.3730000000000473, 1, , , 3347.3730000000000473, 1
, , 3347.3780000000001564, 1, , , 3347.3780000000001564, 1, , , 3347.3780000000001564, 1, , , 3347.3780000000001564, 1
, , 3347.3829999999998108, 1, , , 3347.3829999999998108, 1, , , 3347.3829999999998108, 1, , , 3347.3829999999998108, 1
, , 3347.3890000000001237, 1, , , 3347.3890000000001237, 1, , , 3347.3890000000001237, 1, , , 3347.3890000000001237, 1
, , 3347.3930000000000291, 1, , , 3347.3930000000000291, 1, , , 3347.3930000000000291, 1, , , 3347.3930000000000291, 1
, , 3347.3980000000001382, 1, , , 3347.3980000000001382, 1, , , 3347.3980000000001382, 1, , , 3347.3980000000001382, 1
, , 3347.4029999999997926, 1, , , 3347.4029999999997926, 1, , , 3347.4029999999997926, 1, , , 3347.4029999999997926, 1
, , 3347.4079999999999018, 1, , , 3347.4079999999999018, 1, , , 3347.4079999999999018, 1, , , 3347.4079999999999018, 1
, , 3347.4130000000000109, 1, , , 3347.4130000000000109, 1, , , 3347.4130000000000109, 1, , , 3347.4130000000000109, 1
, , 3347.4180000000001201, 1, , , 3347.4180000000001201, 1, , , 3347.4180000000001201, 1, , , 3347.4180000000001201, 1
, , 3347.4229999999997744, 1, , , 3347.4229999999997744, 1, , , 3347.4229999999997744, 1, , , 3347.4229999999997744, 1
, , 3347.4279999999998836, 1, , , 3347.4279999999998836, 1, , , 3347.4279999999998836, 1, , , 3347.4279999999998836, 1
, , 3347.4340000000001965, 1, , , 3347.4340000000001965, 1, , , 3347.4340000000001965, 1, , , 3347.4340000000001965, 1
, , 3347.4380000000001019, 1, , , 3347.4380000000001019, 1, , , 3347.4380000000001019, 1, , , 3347.4380000000001019, 1
, , 3347.443000000000211, 1, , , 3347.443000000000211, 1, , , 3347.443000000000211, 1, , , 3347.443000000000211, 1
, , 3347.4490000000000691, 1, , , 3347.4490000000000691, 1, , , 3347.4490000000000691, 1, , , 3347.4490000000000691, 1
, , 3347.4529999999999745, 1, , , 3347.4529999999999745, 1, , , 3347.4529999999999745, 1, , , 3347.4529999999999745, 1
, , 3347.4580000000000837, 1, , , 3347.4580000000000837, 1, , , 3347.4580000000000837, 1, , , 3347.4580000000000837, 1
, , 3347.4630000000001928, 1, , , 3347.4630000000001928, 1, , , 3347.4630000000001928, 1, , , 3347.4630000000001928, 1
, , 3347.4679999999998472, 1, , , 3347.4679999999998472, 1, , , 3347.4679999999998472, 1, , , 3347.4679999999998472, 1
, , 3347.4740000000001601, 1, , , 3347.4740000000001601, 1, , , 3347.4740000000001601, 1, , , 3347.4740000000001601, 1
, , 3347.4780000000000655, 1, , , 3347.4780000000000655, 1, , , 3347.4780000000000655, 1, , , 3347.4780000000000655, 1
, , 3347.4830000000001746, 1, , , 3347.4830000000001746, 1, , , 3347.4830000000001746, 1, , , 3347.4830000000001746, 1
, , 3347.4909999999999854, 1, , , 3347.4909999999999854, 1, , , 3347.4909999999999854, 1, , , 3347.4909999999999854, 1
, , 3347.4940000000001419, 1, , , 3347.4940000000001419, 1, , , 3347.4940000000001419, 1, , , 3347.4940000000001419, 1
, , 3347.4980000000000473, 1, , , 3347.4980000000000473, 1, , , 3347.4980000000000473, 1, , , 3347.4980000000000473, 1
, , 3347.5070000000000618, 1, , , 3347.5070000000000618, 1, , , 3347.5070000000000618, 1, , , 3347.5070000000000618, 1
, , 3347.5090000000000146, 1, , , 3347.5090000000000146, 1, , , 3347.5090000000000146, 1, , , 3347.5090000000000146, 1
, , 3347.5140000000001237, 1, , , 3347.5140000000001237, 1, , , 3347.5140000000001237, 1, , , 3347.5140000000001237, 1
, , 3347.5180000000000291, 1, , , 3347.5180000000000291, 1, , , 3347.5180000000000291, 1, , , 3347.5180000000000291, 1
, , 3347.5230000000001382, 1, , , 3347.5230000000001382, 1, , , 3347.5230000000001382, 1, , , 3347.5230000000001382, 1
, , 3347.5279999999997926, 1, , , 3347.5279999999997926, 1, , , 3347.5279999999997926, 1, , , 3347.5279999999997926, 1
, , 3347.5340000000001055, 1, , , 3347.5340000000001055, 1, , , 3347.5340000000001055, 1, , , 3347.5340000000001055, 1
, , 3347.5380000000000109, 1, , , 3347.5380000000000109, 1, , , 3347.5380000000000109, 1, , , 3347.5380000000000109, 1
, , 3347.543999999999869, 1, , , 3347.543999999999869, 1, , , 3347.543999999999869, 1, , , 3347.543999999999869, 1
, , 3347.5479999999997744, 1, , , 3347.5479999999997744, 1, , , 3347.5479999999997744, 1, , , 3347.5479999999997744, 1
, , 3347.5540000000000873, 1, , , 3347.5540000000000873, 1, , , 3347.5540000000000873, 1, , , 3347.5540000000000873, 1
, , 3347.5579999999999927, 1, , , 3347.5579999999999927, 1, , , 3347.5579999999999927, 1, , , 3347.5579999999999927, 1
, , 3347.5619999999998981, 1, , , 3347.5619999999998981, 1, , , 3347.5619999999998981, 1, , , 3347.5619999999998981, 1
, , 3347.568000000000211, 1, , , 3347.568000000000211, 1, , , 3347.568000000000211, 1, , , 3347.568000000000211, 1
, , 3347.5729999999998654, 1, , , 3347.5729999999998654, 1, , , 3347.5729999999998654, 1, , , 3347.5729999999998654, 1
, , 3347.5779999999999745, 1, , , 3347.5779999999999745, 1, , , 3347.5779999999999745, 1, , , 3347.5779999999999745, 1
, , 3347.5830000000000837, 1, , , 3347.5830000000000837, 1, , , 3347.5830000000000837, 1, , , 3347.5830000000000837, 1
, , 3347.5889999999999418, 1, , , 3347.5889999999999418, 1, , , 3347.5889999999999418, 1, , , 3347.5889999999999418, 1
, , 3347.5940000000000509, 1, , , 3347.5940000000000509, 1, , , 3347.5940000000000509, 1, , , 3347.5940000000000509, 1
, , 3347.5990000000001601, 1, , , 3347.5990000000001601, 1, , , 3347.5990000000001601, 1, , , 3347.5990000000001601, 1
, , 3347.6030000000000655, 1, , , 3347.6030000000000655, 1, , , 3347.6030000000000655, 1, , , 3347.6030000000000655, 1
, , 3347.6080000000001746, 1, , , 3347.6080000000001746, 1, , , 3347.6080000000001746, 1, , , 3347.6080000000001746, 1
, , 3347.6159999999999854, 1, , , 3347.6159999999999854, 1, , , 3347.6159999999999854, 1, , , 3347.6159999999999854, 1
, , 3347.6179999999999382, 1, , , 3347.6179999999999382, 1, , , 3347.6179999999999382, 1, , , 3347.6179999999999382, 1
, , 3347.6230000000000473, 1, , , 3347.6230000000000473, 1, , , 3347.6230000000000473, 1, , , 3347.6230000000000473, 1
, , 3347.6280000000001564, 1, , , 3347.6280000000001564, 1, , , 3347.6280000000001564, 1, , , 3347.6280000000001564, 1
, , 3347.6329999999998108, 1, , , 3347.6329999999998108, 1, , , 3347.6329999999998108, 1, , , 3347.6329999999998108, 1
, , 3347.6390000000001237, 1, , , 3347.6390000000001237, 1, , , 3347.6390000000001237, 1, , , 3347.6390000000001237, 1
, , 3347.6430000000000291, 1, , , 3347.6430000000000291, 1, , , 3347.6430000000000291, 1, , , 3347.6430000000000291, 1
, , 3347.6480000000001382, 1, , , 3347.6480000000001382, 1, , , 3347.6480000000001382, 1, , , 3347.6480000000001382, 1
, , 3347.6529999999997926, 1, , , 3347.6529999999997926, 1, , , 3347.6529999999997926, 1, , , 3347.6529999999997926, 1
, , 3347.6579999999999018, 1, , , 3347.6579999999999018, 1, , , 3347.6579999999999018, 1, , , 3347.6579999999999018, 1
, , 3347.6630000000000109, 1, , , 3347.6630000000000109, 1, , , 3347.6630000000000109, 1, , , 3347.6630000000000109, 1
, , 3347.6680000000001201, 1, , , 3347.6680000000001201, 1, , , 3347.6680000000001201, 1, , , 3347.6680000000001201, 1
, , 3347.6729999999997744, 1, , , 3347.6729999999997744, 1, , , 3347.6729999999997744, 1, , , 3347.6729999999997744, 1
, , 3347.6790000000000873, 1, , , 3347.6790000000000873, 1, , , 3347.6790000000000873, 1, , , 3347.6790000000000873, 1
, , 3347.6829999999999927, 1, , , 3347.6829999999999927, 1, , , 3347.6829999999999927, 1, , , 3347.6829999999999927, 1
, , 3347.6880000000001019, 1, , , 3347.6880000000001019, 1, , , 3347.6880000000001019, 1, , , 3347.6880000000001019, 1
, , 3347.693000000000211, 1, , , 3347.693000000000211, 1, , , 3347.693000000000211, 1, , , 3347.693000000000211, 1
, , 3347.6990000000000691, 1, , , 3347.6990000000000691, 1, , , 3347.6990000000000691, 1, , , 3347.6990000000000691, 1
, , 3347.7040000000001783, 1, , , 3347.7040000000001783, 1, , , 3347.7040000000001783, 1, , , 3347.7040000000001783, 1
, , 3347.7080000000000837, 1, , , 3347.7080000000000837, 1, , , 3347.7080000000000837, 1, , , 3347.7080000000000837, 1
, , 3347.7130000000001928, 1, , , 3347.7130000000001928, 1, , , 3347.7130000000001928, 1, , , 3347.7130000000001928, 1
, , 3347.7179999999998472, 1, , , 3347.7179999999998472, 1, , , 3347.7179999999998472, 1, , , 3347.7179999999998472, 1
, , 3347.7240000000001601, 1, , , 3347.7240000000001601, 1, , , 3347.7240000000001601, 1, , , 3347.7240000000001601, 1
, , 3347.7280000000000655, 1, , , 3347.7280000000000655, 1, , , 3347.7280000000000655, 1, , , 3347.7280000000000655, 1
, , 3347.7330000000001746, 1, , , 3347.7330000000001746, 1, , , 3347.7330000000001746, 1, , , 3347.7330000000001746, 1
, , 3347.737999999999829, 1, , , 3347.737999999999829, 1, , , 3347.737999999999829, 1, , , 3347.737999999999829, 1
, , 3347.7429999999999382, 1, , , 3347.7429999999999382, 1, , , 3347.7429999999999382, 1, , , 3347.7429999999999382, 1
, , 3347.7480000000000473, 1, , , 3347.7480000000000473, 1, , , 3347.7480000000000473, 1, , , 3347.7480000000000473, 1
, , 3347.7539999999999054, 1, , , 3347.7539999999999054, 1, , , 3347.7539999999999054, 1, , , 3347.7539999999999054, 1
, , 3347.7579999999998108, 1, , , 3347.7579999999998108, 1, , , 3347.7579999999998108, 1, , , 3347.7579999999998108, 1
, , 3347.76299999999992, 1, , , 3347.76299999999992, 1, , , 3347.76299999999992, 1, , , 3347.76299999999992, 1
, , 3347.7680000000000291, 1, , , 3347.7680000000000291, 1, , , 3347.7680000000000291, 1, , , 3347.7680000000000291, 1
, , 3347.7730000000001382, 1, , , 3347.7730000000001382, 1, , , 3347.7730000000001382, 1, , , 3347.7730000000001382, 1
, , 3347.7779999999997926, 1, , , 3347.7779999999997926, 1, , , 3347.7779999999997926, 1, , , 3347.7779999999997926, 1
, , 3347.7829999999999018, 1, , , 3347.7829999999999018, 1, , , 3347.7829999999999018, 1, , , 3347.7829999999999018, 1
, , 3347.7880000000000109, 1, , , 3347.7880000000000109, 1, , , 3347.7880000000000109, 1, , , 3347.7880000000000109, 1
, , 3347.7930000000001201, 1, , , 3347.7930000000001201, 1, , , 3347.7930000000001201, 1, , , 3347.7930000000001201, 1
, , 3347.7979999999997744, 1, , , 3347.7979999999997744, 1, , , 3347.7979999999997744, 1, , , 3347.7979999999997744, 1
, , 3347.8029999999998836, 1, , , 3347.8029999999998836, 1, , , 3347.8029999999998836, 1, , , 3347.8029999999998836, 1
, , 3347.8079999999999927, 1, , , 3347.8079999999999927, 1, , , 3347.8079999999999927, 1, , , 3347.8079999999999927, 1
, , 3347.8130000000001019, 1, , , 3347.8130000000001019, 1, , , 3347.8130000000001019, 1, , , 3347.8130000000001019, 1
, , 3347.818000000000211, 1, , , 3347.818000000000211, 1, , , 3347.818000000000211, 1, , , 3347.818000000000211, 1
, , 3347.8240000000000691, 1, , , 3347.8240000000000691, 1, , , 3347.8240000000000691, 1, , , 3347.8240000000000691, 1
, , 3347.8290000000001783, 1, , , 3347.8290000000001783, 1, , , 3347.8290000000001783, 1, , , 3347.8290000000001783, 1
, , 3347.8330000000000837, 1, , , 3347.8330000000000837, 1, , , 3347.8330000000000837, 1, , , 3347.8330000000000837, 1
, , 3347.8389999999999418, 1, , , 3347.8389999999999418, 1, , , 3347.8389999999999418, 1, , , 3347.8389999999999418, 1
, , 3347.8429999999998472, 1, , , 3347.8429999999998472, 1, , , 3347.8429999999998472, 1, , , 3347.8429999999998472, 1
, , 3347.8490000000001601, 1, , , 3347.8490000000001601, 1, , , 3347.8490000000001601, 1, , , 3347.8490000000001601, 1
, , 3347.8530000000000655, 1, , , 3347.8530000000000655, 1, , , 3347.8530000000000655, 1, , , 3347.8530000000000655, 1
, , 3347.8580000000001746, 1, , , 3347.8580000000001746, 1, , , 3347.8580000000001746, 1, , , 3347.8580000000001746, 1
, , 3347.862999999999829, 1, , , 3347.862999999999829, 1, , , 3347.862999999999829, 1, , , 3347.862999999999829, 1
, , 3347.8690000000001419, 1, , , 3347.8690000000001419, 1, , , 3347.8690000000001419, 1, , , 3347.8690000000001419, 1
, , 3347.8739999999997963, 1, , , 3347.8739999999997963, 1, , , 3347.8739999999997963, 1, , , 3347.8739999999997963, 1
, , 3347.8789999999999054, 1, , , 3347.8789999999999054, 1, , , 3347.8789999999999054, 1, , , 3347.8789999999999054, 1
, , 3347.8829999999998108, 1, , , 3347.8829999999998108, 1, , , 3347.8829999999998108, 1, , , 3347.8829999999998108, 1
, , 3347.88799999999992, 1, , , 3347.88799999999992, 1, , , 3347.88799999999992, 1, , , 3347.88799999999992, 1
, , 3347.8930000000000291, 1, , , 3347.8930000000000291, 1, , , 3347.8930000000000291, 1, , , 3347.8930000000000291, 1
, , 3347.8989999999998872, 1, , , 3347.8989999999998872, 1, , , 3347.8989999999998872, 1, , , 3347.8989999999998872, 1
, , 3347.9029999999997926, 1, , , 3347.9029999999997926, 1, , , 3347.9029999999997926, 1, , , 3347.9029999999997926, 1
, , 3347.9099999999998545, 1, , , 3347.9099999999998545, 1, , , 3347.9099999999998545, 1, , , 3347.9099999999998545, 1
, , 3347.9130000000000109, 1, , , 3347.9130000000000109, 1, , , 3347.9130000000000109, 1, , , 3347.9130000000000109, 1
, , 3347.9180000000001201, 1, , , 3347.9180000000001201, 1, , , 3347.9180000000001201, 1, , , 3347.9180000000001201, 1
, , 3347.9259999999999309, 1, , , 3347.9259999999999309, 1, , , 3347.9259999999999309, 1, , , 3347.9259999999999309, 1
, , 3347.9279999999998836, 1, , , 3347.9279999999998836, 1, , , 3347.9279999999998836, 1, , , 3347.9279999999998836, 1
, , 3347.9340000000001965, 1, , , 3347.9340000000001965, 1, , , 3347.9340000000001965, 1, , , 3347.9340000000001965, 1
, , 3347.9380000000001019, 1, , , 3347.9380000000001019, 1, , , 3347.9380000000001019, 1, , , 3347.9380000000001019, 1
, , 3347.943000000000211, 1, , , 3347.943000000000211, 1, , , 3347.943000000000211, 1, , , 3347.943000000000211, 1
, , 3347.9479999999998654, 1, , , 3347.9479999999998654, 1, , , 3347.9479999999998654, 1, , , 3347.9479999999998654, 1
, , 3347.9529999999999745, 1, , , 3347.9529999999999745, 1, , , 3347.9529999999999745, 1, , , 3347.9529999999999745, 1
, , 3347.9580000000000837, 1, , , 3347.9580000000000837, 1, , , 3347.9580000000000837, 1, , , 3347.9580000000000837, 1
, , 3347.9630000000001928, 1, , , 3347.9630000000001928, 1, , , 3347.9630000000001928, 1, , , 3347.9630000000001928, 1
, , 3347.9679999999998472, 1, , , 3347.9679999999998472, 1, , , 3347.9679999999998472, 1, , , 3347.9679999999998472, 1
, , 3347.9740000000001601, 1, , , 3347.9740000000001601, 1, , , 3347.9740000000001601, 1, , , 3347.9740000000001601, 1
, , 3347.9780000000000655, 1, , , 3347.9780000000000655, 1, , , 3347.9780000000000655, 1, , , 3347.9780000000000655, 1
, , 3347.9830000000001746, 1, , , 3347.9830000000001746, 1, , , 3347.9830000000001746, 1, , , 3347.9830000000001746, 1
, , 3347.987999999999829, 1, , , 3347.987999999999829, 1, , , 3347.987999999999829, 1, , , 3347.987999999999829, 1
, , 3347.9940000000001419, 1, , , 3347.9940000000001419, 1, , , 3347.9940000000001419, 1, , , 3347.9940000000001419, 1
, , 3347.9980000000000473, 1, , , 3347.9980000000000473, 1, , , 3347.9980000000000473, 1, , , 3347.9980000000000473, 1
, , 3348.0030000000001564, 1, , , 3348.0030000000001564, 1, , , 3348.0030000000001564, 1, , , 3348.0030000000001564, 1
, , 3348.0079999999998108, 1, , , 3348.0079999999998108, 1, , , 3348.0079999999998108, 1, , , 3348.0079999999998108, 1
, , 3348.01299999999992, 1, , , 3348.01299999999992, 1, , , 3348.01299999999992, 1, , , 3348.01299999999992, 1
, , 3348.0180000000000291, 1, , , 3348.0180000000000291, 1, , , 3348.0180000000000291, 1, , , 3348.0180000000000291, 1
, , 3348.0230000000001382, 1, , , 3348.0230000000001382, 1, , , 3348.0230000000001382, 1, , , 3348.0230000000001382, 1
, , 3348.0279999999997926, 1, , , 3348.0279999999997926, 1, , , 3348.0279999999997926, 1, , , 3348.0279999999997926, 1
, , 3348.0329999999999018, 1, , , 3348.0329999999999018, 1, , , 3348.0329999999999018, 1, , , 3348.0329999999999018, 1
, , 3348.0380000000000109, 1, , , 3348.0380000000000109, 1, , , 3348.0380000000000109, 1, , , 3348.0380000000000109, 1
, , 3348.0430000000001201, 1, , , 3348.0430000000001201, 1, , , 3348.0430000000001201, 1, , , 3348.0430000000001201, 1
, , 3348.0479999999997744, 1, , , 3348.0479999999997744, 1, , , 3348.0479999999997744, 1, , , 3348.0479999999997744, 1
, , 3348.0529999999998836, 1, , , 3348.0529999999998836, 1, , , 3348.0529999999998836, 1, , , 3348.0529999999998836, 1
, , 3348.0579999999999927, 1, , , 3348.0579999999999927, 1, , , 3348.0579999999999927, 1, , , 3348.0579999999999927, 1
, , 3348.0619999999998981, 1, , , 3348.0619999999998981, 1, , , 3348.0619999999998981, 1, , , 3348.0619999999998981, 1
, , 3348.068000000000211, 1, , , 3348.068000000000211, 1, , , 3348.068000000000211, 1, , , 3348.068000000000211, 1
, , 3348.0729999999998654, 1, , , 3348.0729999999998654, 1, , , 3348.0729999999998654, 1, , , 3348.0729999999998654, 1
, , 3348.0779999999999745, 1, , , 3348.0779999999999745, 1, , , 3348.0779999999999745, 1, , , 3348.0779999999999745, 1
, , 3348.0830000000000837, 1, , , 3348.0830000000000837, 1, , , 3348.0830000000000837, 1, , , 3348.0830000000000837, 1
, , 3348.0889999999999418, 1, , , 3348.0889999999999418, 1, , , 3348.0889999999999418, 1, , , 3348.0889999999999418, 1
, , 3348.0929999999998472, 1, , , 3348.0929999999998472, 1, , , 3348.0929999999998472, 1, , , 3348.0929999999998472, 1
, , 3348.0979999999999563, 1, , , 3348.0979999999999563, 1, , , 3348.0979999999999563, 1, , , 3348.0979999999999563, 1
, , 3348.1030000000000655, 1, , , 3348.1030000000000655, 1, , , 3348.1030000000000655, 1, , , 3348.1030000000000655, 1
, , 3348.1089999999999236, 1, , , 3348.1089999999999236, 1, , , 3348.1089999999999236, 1, , , 3348.1089999999999236, 1
, , 3348.1140000000000327, 1, , , 3348.1140000000000327, 1, , , 3348.1140000000000327, 1, , , 3348.1140000000000327, 1
, , 3348.1179999999999382, 1, , , 3348.1179999999999382, 1, , , 3348.1179999999999382, 1, , , 3348.1179999999999382, 1
, , 3348.1230000000000473, 1, , , 3348.1230000000000473, 1, , , 3348.1230000000000473, 1, , , 3348.1230000000000473, 1
, , 3348.1300000000001091, 1, , , 3348.1300000000001091, 1, , , 3348.1300000000001091, 1, , , 3348.1300000000001091, 1
, , 3348.1340000000000146, 1, , , 3348.1340000000000146, 1, , , 3348.1340000000000146, 1, , , 3348.1340000000000146, 1
, , 3348.1390000000001237, 1, , , 3348.1390000000001237, 1, , , 3348.1390000000001237, 1, , , 3348.1390000000001237, 1
, , 3348.1439999999997781, 1, , , 3348.1439999999997781, 1, , , 3348.1439999999997781, 1, , , 3348.1439999999997781, 1
, , 3348.1480000000001382, 1, , , 3348.1480000000001382, 1, , , 3348.1480000000001382, 1, , , 3348.1480000000001382, 1
, , 3348.1539999999999964, 1, , , 3348.1539999999999964, 1, , , 3348.1539999999999964, 1, , , 3348.1539999999999964, 1
, , 3348.1590000000001055, 1, , , 3348.1590000000001055, 1, , , 3348.1590000000001055, 1, , , 3348.1590000000001055, 1
, , 3348.1630000000000109, 1, , , 3348.1630000000000109, 1, , , 3348.1630000000000109, 1, , , 3348.1630000000000109, 1
, , 3348.1680000000001201, 1, , , 3348.1680000000001201, 1, , , 3348.1680000000001201, 1, , , 3348.1680000000001201, 1
, , 3348.1729999999997744, 1, , , 3348.1729999999997744, 1, , , 3348.1729999999997744, 1, , , 3348.1729999999997744, 1
, , 3348.1770000000001346, 1, , , 3348.1770000000001346, 1, , , 3348.1770000000001346, 1, , , 3348.1770000000001346, 1
, , 3348.1829999999999927, 1, , , 3348.1829999999999927, 1, , , 3348.1829999999999927, 1, , , 3348.1829999999999927, 1
, , 3348.1880000000001019, 1, , , 3348.1880000000001019, 1, , , 3348.1880000000001019, 1, , , 3348.1880000000001019, 1
, , 3348.193000000000211, 1, , , 3348.193000000000211, 1, , , 3348.193000000000211, 1, , , 3348.193000000000211, 1
, , 3348.1979999999998654, 1, , , 3348.1979999999998654, 1, , , 3348.1979999999998654, 1, , , 3348.1979999999998654, 1
, , 3348.2029999999999745, 1, , , 3348.2029999999999745, 1, , , 3348.2029999999999745, 1, , , 3348.2029999999999745, 1
, , 3348.2080000000000837, 1, , , 3348.2080000000000837, 1, , , 3348.2080000000000837, 1, , , 3348.2080000000000837, 1
, , 3348.2130000000001928, 1, , , 3348.2130000000001928, 1, , , 3348.2130000000001928, 1, , , 3348.2130000000001928, 1
, , 3348.2190000000000509, 1, , , 3348.2190000000000509, 1, , , 3348.2190000000000509, 1, , , 3348.2190000000000509, 1
, , 3348.2229999999999563, 1, , , 3348.2229999999999563, 1, , , 3348.2229999999999563, 1, , , 3348.2229999999999563, 1
, , 3348.2280000000000655, 1, , , 3348.2280000000000655, 1, , , 3348.2280000000000655, 1, , , 3348.2280000000000655, 1
, , 3348.2339999999999236, 1, , , 3348.2339999999999236, 1, , , 3348.2339999999999236, 1, , , 3348.2339999999999236, 1
, , 3348.237999999999829, 1, , , 3348.237999999999829, 1, , , 3348.237999999999829, 1, , , 3348.237999999999829, 1
, , 3348.2429999999999382, 1, , , 3348.2429999999999382, 1, , , 3348.2429999999999382, 1, , , 3348.2429999999999382, 1
, , 3348.2480000000000473, 1, , , 3348.2480000000000473, 1, , , 3348.2480000000000473, 1, , , 3348.2480000000000473, 1
, , 3348.2530000000001564, 1, , , 3348.2530000000001564, 1, , , 3348.2530000000001564, 1, , , 3348.2530000000001564, 1
, , 3348.2590000000000146, 1, , , 3348.2590000000000146, 1, , , 3348.2590000000000146, 1, , , 3348.2590000000000146, 1
, , 3348.26299999999992, 1, , , 3348.26299999999992, 1, , , 3348.26299999999992, 1, , , 3348.26299999999992, 1
, , 3348.2680000000000291, 1, , , 3348.2680000000000291, 1, , , 3348.2680000000000291, 1, , , 3348.2680000000000291, 1
, , 3348.2739999999998872, 1, , , 3348.2739999999998872, 1, , , 3348.2739999999998872, 1, , , 3348.2739999999998872, 1
, , 3348.2779999999997926, 1, , , 3348.2779999999997926, 1, , , 3348.2779999999997926, 1, , , 3348.2779999999997926, 1
, , 3348.2829999999999018, 1, , , 3348.2829999999999018, 1, , , 3348.2829999999999018, 1, , , 3348.2829999999999018, 1
, , 3348.2880000000000109, 1, , , 3348.2880000000000109, 1, , , 3348.2880000000000109, 1, , , 3348.2880000000000109, 1
, , 3348.293999999999869, 1, , , 3348.293999999999869, 1, , , 3348.293999999999869, 1, , , 3348.293999999999869, 1
, , 3348.2979999999997744, 1, , , 3348.2979999999997744, 1, , , 3348.2979999999997744, 1, , , 3348.2979999999997744, 1
, , 3348.30600000000004, 1, , , 3348.30600000000004, 1, , , 3348.30600000000004, 1, , , 3348.30600000000004, 1
, , 3348.3079999999999927, 1, , , 3348.3079999999999927, 1, , , 3348.3079999999999927, 1, , , 3348.3079999999999927, 1
, , 3348.3139999999998508, 1, , , 3348.3139999999998508, 1, , , 3348.3139999999998508, 1, , , 3348.3139999999998508, 1
, , 3348.318000000000211, 1, , , 3348.318000000000211, 1, , , 3348.318000000000211, 1, , , 3348.318000000000211, 1
, , 3348.3229999999998654, 1, , , 3348.3229999999998654, 1, , , 3348.3229999999998654, 1, , , 3348.3229999999998654, 1
, , 3348.3279999999999745, 1, , , 3348.3279999999999745, 1, , , 3348.3279999999999745, 1, , , 3348.3279999999999745, 1
, , 3348.3330000000000837, 1, , , 3348.3330000000000837, 1, , , 3348.3330000000000837, 1, , , 3348.3330000000000837, 1
, , 3348.3400000000001455, 1, , , 3348.3400000000001455, 1, , , 3348.3400000000001455, 1, , , 3348.3400000000001455, 1
, , 3348.3429999999998472, 1, , , 3348.3429999999998472, 1, , , 3348.3429999999998472, 1, , , 3348.3429999999998472, 1
, , 3348.3479999999999563, 1, , , 3348.3479999999999563, 1, , , 3348.3479999999999563, 1, , , 3348.3479999999999563, 1
, , 3348.3530000000000655, 1, , , 3348.3530000000000655, 1, , , 3348.3530000000000655, 1, , , 3348.3530000000000655, 1
, , 3348.3580000000001746, 1, , , 3348.3580000000001746, 1, , , 3348.3580000000001746, 1, , , 3348.3580000000001746, 1
, , 3348.3640000000000327, 1, , , 3348.3640000000000327, 1, , , 3348.3640000000000327, 1, , , 3348.3640000000000327, 1
, , 3348.3679999999999382, 1, , , 3348.3679999999999382, 1, , , 3348.3679999999999382, 1, , , 3348.3679999999999382, 1
, , 3348.3730000000000473, 1, , , 3348.3730000000000473, 1, , , 3348.3730000000000473, 1, , , 3348.3730000000000473, 1
