# /gazebo_leg_forces_components/recceipt_time, /gazebo_leg_forces_components/reaction_forces/0/wrench/force/z, /foot_contacts/recceipt_time, /foot_contacts/contacts/0, /gazebo_leg_forces_components/recceipt_time, /gazebo_leg_forces_components/reaction_forces/1/wrench/force/z, /foot_contacts/recceipt_time, /foot_contacts/contacts/1, /gazebo_leg_forces_components/recceipt_time, /gazebo_leg_forces_components/reaction_forces/2/wrench/force/z, /foot_contacts/recceipt_time, /foot_contacts/contacts/2, /gazebo_leg_forces_components/recceipt_time, /gazebo_leg_forces_components/reaction_forces/3/wrench/force/z, /foot_contacts/recceipt_time, /foot_contacts/contacts/3
3017.9899999999997817, 66.510993069611217265, 3017.987999999999829, 1, 3017.9899999999997817, 54.647763432521060167, 3017.987999999999829, 1, 3017.9899999999997817, 36.523567266561741462, 3017.987999999999829, 1, 3017.9899999999997817, 46.450290997082490208, 3017.987999999999829, 1
3018.0010000000002037, 66.510992453928139412, 3017.9929999999999382, 1, 3018.0010000000002037, 54.647777095688567783, 3017.9929999999999382, 1, 3018.0010000000002037, 36.523567434333799042, 3017.9929999999999382, 1, 3018.0010000000002037, 46.450285144161085782, 3017.9929999999999382, 1
3018.0109999999999673, 66.510991837854191999, 3017.9980000000000473, 1, 3018.0109999999999673, 54.647790758585330195, 3017.9980000000000473, 1, 3018.0109999999999673, 36.523567602338886218, 3017.9980000000000473, 1, 3018.0109999999999673, 46.450279291036892459, 3017.9980000000000473, 1
3018.0309999999999491, 66.543738230577844206, 3018.0030000000001564, 1, 3018.0309999999999491, 55.007626433738096239, 3018.0030000000001564, 1, 3018.0309999999999491, 36.804666601342262311, 3018.0030000000001564, 1, 3018.0309999999999491, 46.426121193687286848, 3018.0030000000001564, 1
3018.0309999999999491, 66.54373827558562482, 3018.0090000000000146, 1, 3018.0309999999999491, 55.007640656845083527, 3018.0090000000000146, 1, 3018.0309999999999491, 36.804667845807983895, 3018.0090000000000146, 1, 3018.0309999999999491, 46.4261155349214647, 3018.0090000000000146, 1
3018.0430000000001201, 66.543738317970394291, 3018.01299999999992, 1, 3018.0430000000001201, 55.007654168502092773, 3018.01299999999992, 1, 3018.0430000000001201, 36.804669028236759232, 3018.01299999999992, 1, 3018.0430000000001201, 46.42611015890226156, 3018.01299999999992, 1
3018.0509999999999309, 66.543738362170898881, 3018.0189999999997781, 1, 3018.0509999999999309, 55.007668390981450557, 3018.0189999999997781, 1, 3018.0509999999999309, 36.804670273118702539, 3018.0189999999997781, 1, 3018.0509999999999309, 46.426104499729831332, 3018.0189999999997781, 1
3018.0610000000001492, 66.543738408167342868, 3018.0230000000001382, 1, 3018.0610000000001492, 55.007683324251431145, 3018.0230000000001382, 1, 3018.0610000000001492, 36.804671580467172021, 3018.0230000000001382, 1, 3018.0610000000001492, 46.426098557373123299, 3018.0230000000001382, 1
3018.0709999999999127, 66.510988133292372027, 3018.0279999999997926, 1, 3018.0709999999999127, 54.64787273016682434, 3018.0279999999997926, 1, 3018.0709999999999127, 36.523568615118755076, 3018.0279999999997926, 1, 3018.0709999999999127, 46.450244168297764702, 3018.0279999999997926, 1
3018.0830000000000837, 66.510987514505416129, 3018.0320000000001528, 1, 3018.0830000000000837, 54.64788639113148605, 3018.0320000000001528, 1, 3018.0830000000000837, 36.523568784710427337, 3018.0320000000001528, 1, 3018.0830000000000837, 46.45023831383790025, 3018.0320000000001528, 1
3018.1010000000001128, 66.510986895336245084, 3018.0369999999998072, 1, 3018.1010000000001128, 54.647900051821736156, 3018.0369999999998072, 1, 3018.1010000000001128, 36.52356895452783192, 3018.0369999999998072, 1, 3018.1010000000001128, 46.450232459188242728, 3018.0369999999998072, 1
3018.1010000000001128, 66.510986275784915733, 3018.0430000000001201, 1, 3018.1010000000001128, 54.647913712233176398, 3018.0430000000001201, 1, 3018.1010000000001128, 36.523569124570116173, 3018.0430000000001201, 1, 3018.1010000000001128, 46.450226604347783166, 3018.0430000000001201, 1
3018.1109999999998763, 66.510985655838197772, 3018.0479999999997744, 1, 3018.1109999999998763, 54.647927372373843014, 3018.0479999999997744, 1, 3018.1109999999998763, 36.523569294832732623, 3018.0479999999997744, 1, 3018.1109999999998763, 46.4502207493110717, 3018.0479999999997744, 1
3018.1210000000000946, 66.510985066537429589, 3018.0529999999998836, 1, 3018.1210000000000946, 54.647940349243242508, 3018.0529999999998836, 1, 3018.1210000000000946, 36.523569465332357709, 3018.0529999999998836, 1, 3018.1210000000000946, 46.450214894088034612, 3018.0529999999998836, 1
3018.1309999999998581, 66.510984445830331424, 3018.0579999999999927, 1, 3018.1309999999998581, 54.647954008838368622, 3018.0579999999999927, 1, 3018.1309999999998581, 36.523569636050623899, 3018.0579999999999927, 1, 3018.1309999999998581, 46.450209038672113593, 3018.0579999999999927, 1
3018.1410000000000764, 66.510983793687785237, 3018.0630000000001019, 1, 3018.1410000000000764, 54.647968351121882336, 3018.0630000000001019, 1, 3018.1410000000000764, 36.523569807009309329, 3018.0630000000001019, 1, 3018.1410000000000764, 46.450203183066292922, 3018.0630000000001019, 1
3018.1610000000000582, 66.510983172193903101, 3018.068000000000211, 1, 3018.1610000000000582, 54.64798201015362622, 3018.068000000000211, 1, 3018.1610000000000582, 36.523569978178592521, 3018.068000000000211, 1, 3018.1610000000000582, 46.450197327268497816, 3018.068000000000211, 1
3018.1709999999998217, 66.51098255031553208, 3018.0740000000000691, 1, 3018.1709999999998217, 54.647995668919122636, 3018.0740000000000691, 1, 3018.1709999999998217, 36.523570149579896338, 3018.0740000000000691, 1, 3018.1709999999998217, 46.450191471280049882, 3018.0740000000000691, 1
3018.1709999999998217, 66.510981928046490452, 3018.0779999999999745, 1, 3018.1709999999998217, 54.648009327397176094, 3018.0779999999999745, 1, 3018.1709999999998217, 36.523570321208083556, 3018.0779999999999745, 1, 3018.1709999999998217, 46.450185615093317892, 3018.0779999999999745, 1
3018.18100000000004, 66.510981305394537344, 3018.0830000000000837, 1, 3018.18100000000004, 54.648022985604015389, 3018.0830000000000837, 1, 3018.18100000000004, 36.523570493063346021, 3018.0830000000000837, 1, 3018.18100000000004, 46.450179758723763257, 3018.0830000000000837, 1
3018.1920000000000073, 66.543660403861338182, 3018.0889999999999418, 1, 3018.1920000000000073, 55.007814639320748995, 3018.0889999999999418, 1, 3018.1920000000000073, 36.804683092459725913, 3018.0889999999999418, 1, 3018.1920000000000073, 46.426003682209284307, 3018.0889999999999418, 1
3018.2010000000000218, 66.54366044368342159, 3018.0929999999998472, 1, 3018.2010000000000218, 55.00782885854741977, 3018.0929999999998472, 1, 3018.2010000000000218, 36.804684340891277827, 3018.0929999999998472, 1, 3018.2010000000000218, 46.425998020330048632, 3018.0929999999998472, 1
3018.2139999999999418, 66.543660481127375306, 3018.0979999999999563, 1, 3018.2139999999999418, 55.007842366509237308, 3018.0979999999999563, 1, 3018.2139999999999418, 36.804685527107430687, 3018.0979999999999563, 1, 3018.2139999999999418, 46.425992641358860169, 3018.0979999999999563, 1
3018.2310000000002219, 66.510978810916853377, 3018.1030000000000655, 1, 3018.2310000000002219, 54.648077615672789875, 3018.1030000000000655, 1, 3018.2310000000002219, 36.523571182745044439, 3018.1030000000000655, 1, 3018.2310000000002219, 46.45015633132518218, 3018.1030000000000655, 1
3018.2310000000002219, 66.510978186325431238, 3018.1080000000001746, 1, 3018.2310000000002219, 54.648091272498739102, 3018.1080000000001746, 1, 3018.2310000000002219, 36.523571355727113996, 3018.1080000000001746, 1, 3018.2310000000002219, 46.450150474002505518, 3018.1080000000001746, 1
3018.2409999999999854, 66.510977561351793952, 3018.112999999999829, 1, 3018.2409999999999854, 54.648104929053346268, 3018.112999999999829, 1, 3018.2409999999999854, 36.523571537610507676, 3018.112999999999829, 1, 3018.2409999999999854, 46.45014432359921841, 3018.112999999999829, 1
3018.2510000000002037, 66.510976935989191361, 3018.1179999999999382, 1, 3018.2510000000002037, 54.648118585328013808, 3018.1179999999999382, 1, 3018.2510000000002037, 36.523571711061059375, 3018.1179999999999382, 1, 3018.2510000000002037, 46.450138465883583194, 3018.1179999999999382, 1
3018.262000000000171, 66.510976310250782717, 3018.1230000000000473, 1, 3018.262000000000171, 54.648132241332035619, 3018.1230000000000473, 1, 3018.262000000000171, 36.523571876055925145, 3018.1230000000000473, 1, 3018.262000000000171, 46.450132900865185093, 3018.1230000000000473, 1
3018.2719999999999345, 66.510975684113205375, 3018.1280000000001564, 1, 3018.2719999999999345, 54.648145897055258047, 3018.1280000000001564, 1, 3018.2719999999999345, 36.523572049939780015, 3018.1280000000001564, 1, 3018.2719999999999345, 46.450127042769842944, 3018.1280000000001564, 1
3018.2779999999997926, 66.510975057587941706, 3018.1329999999998108, 1, 3018.2779999999997926, 54.648159552509881109, 3018.1329999999998108, 1, 3018.2779999999997926, 36.523572224064672298, 3018.1329999999998108, 1, 3018.2779999999997926, 46.45012118449798777, 3018.1329999999998108, 1
3018.3009999999999309, 66.510974430677393343, 3018.13799999999992, 1, 3018.3009999999999309, 54.648173207680088126, 3018.13799999999992, 1, 3018.3009999999999309, 36.523572398403928219, 3018.13799999999992, 1, 3018.3009999999999309, 46.450115326018760697, 3018.13799999999992, 1
3018.3110000000001492, 66.543603728310316114, 3018.1430000000000291, 1, 3018.3110000000001492, 55.007930889010296482, 3018.1430000000000291, 1, 3018.3110000000001492, 36.804693321192175404, 3018.1430000000000291, 1, 3018.3110000000001492, 46.42592640894355327, 3018.1430000000000291, 1
3018.3110000000001492, 66.543603764938126233, 3018.1480000000001382, 1, 3018.3110000000001492, 55.00794510587006414, 3018.1480000000001382, 1, 3018.3110000000001492, 36.804694572215183257, 3018.1480000000001382, 1, 3018.3110000000001492, 46.425920745108641086, 3018.1480000000001382, 1
3018.3220000000001164, 66.510972547632491114, 3018.1539999999999964, 1, 3018.3220000000001164, 54.648214171557029317, 3018.1539999999999964, 1, 3018.3220000000001164, 36.523572922801960772, 3018.1539999999999964, 1, 3018.3220000000001164, 46.450097749446115358, 3018.1539999999999964, 1
3018.3319999999998799, 66.51097191917682494, 3018.1579999999999018, 1, 3018.3319999999998799, 54.648227825625781406, 3018.1579999999999018, 1, 3018.3319999999998799, 36.523573098056601793, 3018.1579999999999018, 1, 3018.3319999999998799, 46.450091890206650191, 3018.1579999999999018, 1
3018.3409999999998945, 66.510971290336200923, 3018.1619999999998072, 1, 3018.3409999999998945, 54.648241479420050837, 3018.1619999999998072, 1, 3018.3409999999998945, 36.52357327353512062, 3018.1619999999998072, 1, 3018.3409999999998945, 46.450086030782131274, 3018.1619999999998072, 1
3018.3510000000001128, 66.543584882623690646, 3018.1680000000001201, 1, 3018.3510000000001128, 55.007988829817023202, 3018.1680000000001201, 1, 3018.3510000000001128, 36.804698428311951375, 3018.1680000000001201, 1, 3018.3510000000001128, 46.425893001141801619, 3018.1680000000001201, 1
3018.3609999999998763, 66.543582539705795398, 3018.1729999999997744, 1, 3018.3609999999998763, 55.008001403048304212, 3018.1729999999997744, 1, 3018.3609999999998763, 36.804699536748813671, 3018.1729999999997744, 1, 3018.3609999999998763, 46.425886700606668001, 3018.1729999999997744, 1
3018.3710000000000946, 66.543582574376102912, 3018.1779999999998836, 1, 3018.3710000000000946, 55.008015618425730509, 3018.1779999999998836, 1, 3018.3710000000000946, 36.804700789140227357, 3018.1779999999998836, 1, 3018.3710000000000946, 46.425881035638653316, 3018.1779999999998836, 1
3018.3809999999998581, 66.543582608635730935, 3018.1829999999999927, 1, 3018.3809999999998581, 55.008029833479660908, 3018.1829999999999927, 1, 3018.3809999999998581, 36.804702041736504725, 3018.1829999999999927, 1, 3018.3809999999998581, 46.425875370461213265, 3018.1829999999999927, 1
3018.3910000000000764, 66.543565998654159444, 3018.1889999999998508, 1, 3018.3910000000000764, 55.00803255281171289, 3018.1889999999998508, 1, 3018.3910000000000764, 36.80470228876480121, 3018.1889999999998508, 1, 3018.3910000000000764, 46.425865255219108008, 3018.1889999999998508, 1
3018.4009999999998399, 66.543566032470835125, 3018.193000000000211, 1, 3018.4009999999998399, 55.008046767558596457, 3018.193000000000211, 1, 3018.4009999999998399, 36.804703541865542604, 3018.193000000000211, 1, 3018.4009999999998399, 46.425859589719806308, 3018.193000000000211, 1
3018.4110000000000582, 66.54356606588004297, 3018.1970000000001164, 1, 3018.4110000000000582, 55.008060981988535332, 3018.1970000000001164, 1, 3018.4110000000000582, 36.804704795179830512, 3018.1970000000001164, 1, 3018.4110000000000582, 46.425853924023556374, 3018.1970000000001164, 1
3018.4209999999998217, 66.543566098890110538, 3018.2029999999999745, 1, 3018.4209999999998217, 55.008075196100378434, 3018.2029999999999745, 1, 3018.4209999999998217, 36.804706048708411004, 3018.2029999999999745, 1, 3018.4209999999998217, 46.425848258104110755, 3018.2029999999999745, 1
3018.4420000000000073, 66.510965581729976748, 3018.2080000000000837, 1, 3018.4420000000000073, 54.648365716314927454, 3018.2080000000000837, 1, 3018.4420000000000073, 36.523574880786739527, 3018.2080000000000837, 1, 3018.4420000000000073, 46.450032701191176443, 3018.2080000000000837, 1
3018.4420000000000073, 66.510964917358379012, 3018.2139999999999418, 1, 3018.4420000000000073, 54.648380049886142729, 3018.2139999999999418, 1, 3018.4420000000000073, 36.523575067442919817, 3018.2139999999999418, 1, 3018.4420000000000073, 46.45002654676996201, 3018.2139999999999418, 1
3018.4520000000002256, 66.510964284232599653, 3018.2179999999998472, 1, 3018.4520000000002256, 54.648393018079190142, 3018.2179999999998472, 1, 3018.4520000000002256, 36.523575236539784328, 3018.2179999999998472, 1, 3018.4520000000002256, 46.450020978281344242, 3018.2179999999998472, 1
3018.4619999999999891, 66.510963650707736861, 3018.2229999999999563, 1, 3018.4619999999999891, 54.648406668546655851, 3018.2229999999999563, 1, 3018.4619999999999891, 36.523575414750894197, 3018.2229999999999563, 1, 3018.4619999999999891, 46.450015116549764116, 3018.2229999999999563, 1
3018.4819999999999709, 66.543528228866023255, 3018.2269999999998618, 1, 3018.4819999999999709, 55.008121417267105357, 3018.2269999999998618, 1, 3018.4819999999999709, 36.804710148214709875, 3018.2269999999998618, 1, 3018.4819999999999709, 46.42580890747458966, 3018.2269999999998618, 1
3018.4909999999999854, 66.543528260240023542, 3018.2330000000001746, 1, 3018.4909999999999854, 55.008135630190437837, 3018.2330000000001746, 1, 3018.4909999999999854, 36.804711403203057785, 3018.2330000000001746, 1, 3018.4909999999999854, 46.42580324050683771, 3018.2330000000001746, 1
3018.4920000000001892, 66.543528291207294956, 3018.237999999999829, 1, 3018.4920000000001892, 55.008149842788945705, 3018.237999999999829, 1, 3018.4920000000001892, 36.804712658407893855, 3018.237999999999829, 1, 3018.4920000000001892, 46.425797856678876485, 3018.237999999999829, 1
3018.5019999999999527, 66.543514062208885207, 3018.2429999999999382, 1, 3018.5019999999999527, 55.008154207403379132, 3018.2429999999999382, 1, 3018.5019999999999527, 36.804713115782028865, 3018.2429999999999382, 1, 3018.5019999999999527, 46.425788093740742113, 3018.2429999999999382, 1
3018.512000000000171, 66.543509339777017431, 3018.2489999999997963, 1, 3018.512000000000171, 55.008165137328845162, 3018.2489999999997963, 1, 3018.512000000000171, 36.804714084605393509, 3018.2489999999997963, 1, 3018.512000000000171, 46.425781155585944759, 3018.2489999999997963, 1
3018.5219999999999345, 66.543509369947670962, 3018.2530000000001564, 1, 3018.5219999999999345, 55.00817934935233211, 3018.2530000000001564, 1, 3018.5219999999999345, 36.804715277733592416, 3018.2530000000001564, 1, 3018.5219999999999345, 46.425775771276256876, 3018.2530000000001564, 1
3018.5309999999999491, 66.543509399711126662, 3018.2590000000000146, 1, 3018.5309999999999491, 55.008193561053431608, 3018.2590000000000146, 1, 3018.5309999999999491, 36.804716533876458584, 3018.2590000000000146, 1, 3018.5309999999999491, 46.425770103376912346, 3018.2590000000000146, 1
3018.5410000000001673, 66.543509429067057681, 3018.2640000000001237, 1, 3018.5410000000001673, 55.008207772440904648, 3018.2640000000001237, 1, 3018.5410000000001673, 36.804717790219328322, 3018.2640000000001237, 1, 3018.5410000000001673, 46.425764435278104258, 3018.2640000000001237, 1
3018.5520000000001346, 66.543490449020481492, 3018.2719999999999345, 1, 3018.5520000000001346, 55.008208856441981993, 3018.2719999999999345, 1, 3018.5520000000001346, 36.804717899756852262, 3018.2719999999999345, 1, 3018.5520000000001346, 46.425753685165354057, 3018.2719999999999345, 1
3018.5619999999998981, 66.54349047799016148, 3018.2759999999998399, 1, 3018.5619999999998981, 55.008223067565502618, 3018.2759999999998399, 1, 3018.5619999999998981, 36.804719156616059195, 3018.2759999999998399, 1, 3018.5619999999998981, 46.425748016744989854, 3018.2759999999998399, 1
3018.5709999999999127, 66.54349050654903408, 3018.2759999999998399, 1, 3018.5709999999999127, 55.008237278373542267, 3018.2759999999998399, 1, 3018.5709999999999127, 36.804720413692741943, 3018.2759999999998399, 1, 3018.5709999999999127, 46.425742348125083936, 3018.2759999999998399, 1
3018.5819999999998799, 66.543490534704346828, 3018.2829999999999018, 1, 3018.5819999999998799, 55.008251488867593082, 3018.2829999999999018, 1, 3018.5819999999998799, 36.804721670976768166, 3018.2829999999999018, 1, 3018.5819999999998799, 46.425736679286941921, 3018.2829999999999018, 1
3018.5909999999998945, 66.543471556600877648, 3018.2880000000000109, 1, 3018.5909999999998945, 55.008252574606110841, 3018.2880000000000109, 1, 3018.5909999999998945, 36.804721782057953305, 3018.2880000000000109, 1, 3018.5909999999998945, 46.425725929406382875, 3018.2880000000000109, 1
3018.6010000000001128, 66.543471584365008198, 3018.2930000000001201, 1, 3018.6010000000001128, 55.008266784835655017, 3018.2930000000001201, 1, 3018.6010000000001128, 36.804723039857719868, 3018.2930000000001201, 1, 3018.6010000000001128, 46.42572026025766263, 3018.2930000000001201, 1
3018.6219999999998436, 66.543471611727326831, 3018.2989999999999782, 1, 3018.6219999999998436, 55.008281705230245962, 3018.2989999999999782, 1, 3018.6219999999998436, 36.804724360767750113, 3018.2989999999999782, 1, 3018.6219999999998436, 46.4257143074408134, 3018.2989999999999782, 1
3018.6219999999998436, 66.543471638677118563, 3018.3040000000000873, 1, 3018.6219999999998436, 55.008295914813544414, 3018.3040000000000873, 1, 3018.6219999999998436, 36.804725618989614588, 3018.3040000000000873, 1, 3018.6219999999998436, 46.425708637878699392, 3018.3040000000000873, 1
3018.6320000000000618, 66.543452661176885954, 3018.3110000000001492, 1, 3018.6320000000000618, 55.008295581350580505, 3018.3110000000001492, 1, 3018.6320000000000618, 36.804725605770784114, 3018.3110000000001492, 1, 3018.6320000000000618, 46.425698455186747537, 3018.3110000000001492, 1
3018.6419999999998254, 66.543452687756769137, 3018.3139999999998508, 1, 3018.6419999999998254, 55.008309790695435026, 3018.3139999999998508, 1, 3018.6419999999998254, 36.80472686449261488, 3018.3139999999998508, 1, 3018.6419999999998254, 46.425692785325907153, 3018.3139999999998508, 1
3018.6520000000000437, 66.54345271523546046, 3018.318000000000211, 1, 3018.6520000000000437, 55.008324710169169691, 3018.318000000000211, 1, 3018.6520000000000437, 36.804728186379485066, 3018.318000000000211, 1, 3018.6520000000000437, 46.42568683175801425, 3018.318000000000211, 1
3018.6619999999998072, 66.543452740985159721, 3018.3229999999998654, 1, 3018.6619999999998072, 55.008338918859585931, 3018.3229999999998654, 1, 3018.6619999999998072, 36.804729445527456733, 3018.3229999999998654, 1, 3018.6619999999998072, 46.425681161480497394, 3018.3229999999998654, 1
3018.6720000000000255, 66.54343376676445132, 3018.3279999999999745, 1, 3018.6720000000000255, 55.00834000808575297, 3018.3279999999999745, 1, 3018.6720000000000255, 36.804729559698969865, 3018.3279999999999745, 1, 3018.6720000000000255, 46.425670412040275892, 3018.3279999999999745, 1
3018.681999999999789, 66.543433792128524829, 3018.3330000000000837, 1, 3018.681999999999789, 55.008354216526200275, 3018.3330000000000837, 1, 3018.681999999999789, 36.80473081936715829, 3018.3330000000000837, 1, 3018.681999999999789, 46.425664741450404449, 3018.3330000000000837, 1
3018.6909999999998035, 66.543433817082245696, 3018.3380000000001928, 1, 3018.6909999999998035, 55.008368424639776606, 3018.3380000000001928, 1, 3018.6909999999998035, 36.804732079241915699, 3018.3380000000001928, 1, 3018.6909999999998035, 46.425659070645465931, 3018.3380000000001928, 1
3018.7029999999999745, 66.543433841630772463, 3018.3429999999998472, 1, 3018.7029999999999745, 55.008382632442774707, 3018.3429999999998472, 1, 3018.7029999999999745, 36.804733339328656427, 3018.3429999999998472, 1, 3018.7029999999999745, 46.425653399650315123, 3018.3429999999998472, 1
3018.7100000000000364, 66.510947719414431845, 3018.3490000000001601, 1, 3018.7100000000000364, 54.64874784075546188, 3018.3490000000001601, 1, 3018.7100000000000364, 36.523579943712753959, 3018.3490000000001601, 1, 3018.7100000000000364, 46.44986851101578651, 3018.3490000000001601, 1
3018.7220000000002074, 66.510947075872522305, 3018.3539999999998145, 1, 3018.7220000000002074, 54.648762166223590953, 3018.3539999999998145, 1, 3018.7220000000002074, 36.523580137029313164, 3018.3539999999998145, 1, 3018.7220000000002074, 46.449862350976772518, 3018.3539999999998145, 1
3018.7330000000001746, 66.51094639974871825, 3018.3580000000001746, 1, 3018.7330000000001746, 54.648775809256392222, 3018.3580000000001746, 1, 3018.7330000000001746, 36.523580321363667167, 3018.3580000000001746, 1, 3018.7330000000001746, 46.449856484078949848, 3018.3580000000001746, 1
3018.7420000000001892, 66.54339832104034258, 3018.362999999999829, 1, 3018.7420000000001892, 55.008414870039729294, 3018.362999999999829, 1, 3018.7420000000001892, 36.804736236412367134, 3018.362999999999829, 1, 3018.7420000000001892, 46.425621193319820179, 3018.362999999999829, 1
3018.7519999999999527, 66.543395970274175966, 3018.3679999999999382, 1, 3018.7519999999999527, 55.008427437781996616, 3018.3679999999999382, 1, 3018.7519999999999527, 36.804737354740787225, 3018.3679999999999382, 1, 3018.7519999999999527, 46.425614886869112752, 3018.3679999999999382, 1
3018.762000000000171, 66.543395993237439257, 3018.3730000000000473, 1, 3018.762000000000171, 55.008441644420145167, 3018.3730000000000473, 1, 3018.762000000000171, 36.804738616267798079, 3018.3730000000000473, 1, 3018.762000000000171, 46.425609214829876237, 3018.3730000000000473, 1
3018.7719999999999345, 66.54339601578276131, 3018.3760000000002037, 1, 3018.7719999999999345, 55.00845585074309696, 3018.3760000000002037, 1, 3018.7719999999999345, 36.804739878005065634, 3018.3760000000002037, 1, 3018.7719999999999345, 46.425603542589414019, 3018.3760000000002037, 1
3018.7820000000001528, 66.543396037933533194, 3018.3829999999998108, 1, 3018.7820000000001528, 55.008470056749217747, 3018.3829999999998108, 1, 3018.7820000000001528, 36.804741139969856079, 3018.3829999999998108, 1, 3018.7820000000001528, 46.425597870135064227, 3018.3829999999998108, 1
3018.7930000000001201, 66.543377069532496648, 3018.38799999999992, 1, 3018.7930000000001201, 55.008471151197923632, 3018.38799999999992, 1, 3018.7930000000001201, 36.804741258779912982, 3018.38799999999992, 1, 3018.7930000000001201, 46.425587121361786558, 3018.38799999999992, 1
3018.8029999999998836, 66.54337709129434586, 3018.3930000000000291, 1, 3018.8029999999998836, 55.008485356946195566, 3018.3930000000000291, 1, 3018.8029999999998836, 36.804742521243205999, 3018.3930000000000291, 1, 3018.8029999999998836, 46.425581164952035351, 3018.3930000000000291, 1
3018.8209999999999127, 66.543377112642417615, 3018.4000000000000909, 1, 3018.8209999999999127, 55.00849956237374272, 3018.4000000000000909, 1, 3018.8209999999999127, 36.804743783916883615, 3018.4000000000000909, 1, 3018.8209999999999127, 46.425575491978364084, 3018.4000000000000909, 1
3018.8209999999999127, 66.54337713359446127, 3018.4029999999997926, 1, 3018.8209999999999127, 55.008513767478362411, 3018.4029999999997926, 1, 3018.8209999999999127, 36.804745046810040776, 3018.4029999999997926, 1, 3018.8209999999999127, 46.425570102453718846, 3018.4029999999997926, 1
3018.8319999999998799, 66.543358167131941627, 3018.4079999999999018, 1, 3018.8319999999998799, 55.008514863673369177, 3018.4079999999999018, 1, 3018.8319999999998799, 36.804745167163432029, 3018.4079999999999018, 1, 3018.8319999999998799, 46.425559353903324222, 3018.4079999999999018, 1
3018.8519999999998618, 66.543358187685655025, 3018.4130000000000109, 1, 3018.8519999999998618, 55.008529068528233097, 3018.4130000000000109, 1, 3018.8519999999998618, 36.804746430561507964, 3018.4130000000000109, 1, 3018.8519999999998618, 46.42555368041230679, 3018.4130000000000109, 1
3018.8519999999998618, 66.543358207844363506, 3018.4169999999999163, 1, 3018.8519999999998618, 55.008543273050747757, 3018.4169999999999163, 1, 3018.8519999999998618, 36.804747694173855166, 3018.4169999999999163, 1, 3018.8519999999998618, 46.425548006727751726, 3018.4169999999999163, 1
3018.8730000000000473, 66.543336870367241431, 3018.4229999999997744, 1, 3018.8730000000000473, 55.008542732713038959, 3018.4229999999997744, 1, 3018.8730000000000473, 36.804747673012670361, 3018.4229999999997744, 1, 3018.8730000000000473, 46.425536624246234396, 3018.4229999999997744, 1
3018.8730000000000473, 66.543336890182317234, 3018.4279999999998836, 1, 3018.8730000000000473, 55.008556937029055689, 3018.4279999999998836, 1, 3018.8730000000000473, 36.804748937142711895, 3018.4279999999998836, 1, 3018.8730000000000473, 46.425530950263862451, 3018.4279999999998836, 1
3018.8820000000000618, 66.543336909592710526, 3018.431999999999789, 1, 3018.8820000000000618, 55.008571141030898843, 3018.431999999999789, 1, 3018.8820000000000618, 36.80475026471569322, 3018.431999999999789, 1, 3018.8820000000000618, 46.425524992340804431, 3018.431999999999789, 1
3018.9020000000000437, 66.543336928600297142, 3018.4380000000001019, 1, 3018.9020000000000437, 55.008585344709238996, 3018.4380000000001019, 1, 3018.9020000000000437, 36.804751529277012878, 3018.4380000000001019, 1, 3018.9020000000000437, 46.425519317934401897, 3018.4380000000001019, 1
3018.9020000000000437, 66.54333694719692005, 3018.443000000000211, 1, 3018.9020000000000437, 55.008599548077313557, 3018.443000000000211, 1, 3018.9020000000000437, 36.804752730809042305, 3018.443000000000211, 1, 3018.9020000000000437, 46.425513927042544537, 3018.443000000000211, 1
3018.9119999999998072, 66.543320357342039983, 3018.4490000000000691, 1, 3018.9119999999998072, 55.008602285771644347, 3018.4490000000000691, 1, 3018.9119999999998072, 36.80475299697268099, 3018.4490000000000691, 1, 3018.9119999999998072, 46.425503813147223298, 3018.4490000000000691, 1
3018.9220000000000255, 66.543320374596163447, 3018.4529999999999745, 1, 3018.9220000000000255, 55.008615778685495457, 3018.4529999999999745, 1, 3018.9220000000000255, 36.804754198969462209, 3018.4529999999999745, 1, 3018.9220000000000255, 46.425498421959559892, 3018.4529999999999745, 1
3018.9329999999999927, 66.54332039235572438, 3018.4580000000000837, 1, 3018.9329999999999927, 55.008629981433770695, 3018.4580000000000837, 1, 3018.9329999999999927, 36.804755464433419831, 3018.4580000000000837, 1, 3018.9329999999999927, 46.425492746834279956, 3018.4580000000000837, 1
3018.9520000000002256, 66.54329905956085156, 3018.4630000000001928, 1, 3018.9520000000002256, 55.008629445233324873, 3018.4630000000001928, 1, 3018.9520000000002256, 36.804755446502760208, 3018.4630000000001928, 1, 3018.9520000000002256, 46.425481365043822279, 3018.4630000000001928, 1
3018.9529999999999745, 66.543299077846725709, 3018.4679999999998472, 1, 3018.9529999999999745, 55.008644357883639486, 3018.4679999999998472, 1, 3018.9529999999999745, 36.804756775797727641, 3018.4679999999998472, 1, 3018.9529999999999745, 46.425475405837744347, 3018.4679999999998472, 1
3018.9630000000001928, 66.510931417333580384, 3018.4729999999999563, 1, 3018.9630000000001928, 54.649090204809660065, 3018.4729999999999563, 1, 3018.9630000000001928, 36.523584633020703905, 3018.4729999999999563, 1, 3018.9630000000001928, 46.449721199208724443, 3018.4729999999999563, 1
3018.9830000000001746, 66.510930764105808066, 3018.4780000000000655, 1, 3018.9830000000001746, 54.649103841232104628, 3018.4780000000000655, 1, 3018.9830000000001746, 36.523584822794560978, 3018.4780000000000655, 1, 3018.9830000000001746, 46.44971503414510039, 3018.4780000000000655, 1
3018.9929999999999382, 66.510930110488700961, 3018.4839999999999236, 1, 3018.9929999999999382, 54.649117477374737462, 3018.4839999999999236, 1, 3018.9929999999999382, 36.523585012800346306, 3018.4839999999999236, 1, 3018.9929999999999382, 46.449709162467328838, 3018.4839999999999236, 1
3018.9929999999999382, 66.510929456491510336, 3018.4890000000000327, 1, 3018.9929999999999382, 54.649131113237849888, 3018.4890000000000327, 1, 3018.9929999999999382, 36.523585203024225621, 3018.4890000000000327, 1, 3018.9929999999999382, 46.449703584184625527, 3018.4890000000000327, 1
3019.0019999999999527, 66.543277814932466185, 3018.4940000000001419, 1, 3019.0019999999999527, 55.008702051212260642, 3018.4940000000001419, 1, 3019.0019999999999527, 36.804761953002248731, 3018.4940000000001419, 1, 3019.0019999999999527, 46.42544075283408489, 3018.4940000000001419, 1
3019.012000000000171, 66.543277830348614543, 3018.4980000000000473, 1, 3019.012000000000171, 55.008716252225745791, 3018.4980000000000473, 1, 3019.012000000000171, 36.804763220382490374, 3018.4980000000000473, 1, 3019.012000000000171, 46.425435076252881572, 3018.4980000000000473, 1
3019.0309999999999491, 66.543263616727131193, 3018.5030000000001564, 1, 3019.0309999999999491, 55.008720631193895656, 3018.5030000000001564, 1, 3019.0309999999999491, 36.804763633186162508, 3018.5030000000001564, 1, 3019.0309999999999491, 46.42542559662172863, 3018.5030000000001564, 1
3019.0309999999999491, 66.543263631651598189, 3018.5090000000000146, 1, 3019.0309999999999491, 55.008734831857736935, 3018.5090000000000146, 1, 3019.0309999999999491, 36.804764901057026805, 3018.5090000000000146, 1, 3019.0309999999999491, 46.425419919699294269, 3018.5090000000000146, 1
3019.0430000000001201, 66.543263646163524072, 3018.51299999999992, 1, 3019.0430000000001201, 55.008749032193250628, 3018.51299999999992, 1, 3019.0430000000001201, 36.804766169144514265, 3018.51299999999992, 1, 3019.0430000000001201, 46.425414242576508173, 3018.51299999999992, 1
3019.0549999999998363, 66.543263661665946529, 3018.5189999999997781, 1, 3019.0549999999998363, 55.008764652184609645, 3018.5189999999997781, 1, 3019.0549999999998363, 36.804767564286095194, 3018.5189999999997781, 1, 3019.0549999999998363, 46.42540799749141911, 3018.5189999999997781, 1
3019.0630000000001019, 66.543247078510447068, 3018.5230000000001382, 1, 3019.0630000000001019, 55.00876810534434469, 3018.5230000000001382, 1, 3019.0630000000001019, 36.804767899480651749, 3018.5230000000001382, 1, 3019.0630000000001019, 46.425397600165482004, 3018.5230000000001382, 1
3019.0740000000000691, 66.543244721183171464, 3018.5279999999997926, 1, 3019.0740000000000691, 55.008780668479360543, 3018.5279999999997926, 1, 3019.0740000000000691, 36.804769025942988492, 3018.5279999999997926, 1, 3019.0740000000000691, 46.425391288814864765, 3018.5279999999997926, 1
3019.0940000000000509, 66.543244734432008158, 3018.5340000000001055, 1, 3019.0940000000000509, 55.008794867885612234, 3018.5340000000001055, 1, 3019.0940000000000509, 36.804770358446475598, 3018.5340000000001055, 1, 3019.0940000000000509, 46.425385327044736528, 3018.5340000000001055, 1
3019.0940000000000509, 66.54324474664281297, 3018.5380000000000109, 1, 3019.0940000000000509, 55.008808357006628853, 3018.5380000000000109, 1, 3019.0940000000000509, 36.804771564252348526, 3018.5380000000000109, 1, 3019.0940000000000509, 46.425379932862902876, 3018.5380000000000109, 1
3019.1039999999998145, 66.543228164332532515, 3018.5430000000001201, 1, 3019.1039999999998145, 55.008811101572753444, 3018.5430000000001201, 1, 3019.1039999999998145, 36.80477177401350275, 3018.5430000000001201, 1, 3019.1039999999998145, 46.425370103414643097, 3018.5430000000001201, 1
3019.1140000000000327, 66.543228176770853111, 3018.5479999999997744, 1, 3019.1140000000000327, 55.00882530035585205, 3018.5479999999997744, 1, 3019.1140000000000327, 36.804773043765521834, 3018.5479999999997744, 1, 3019.1140000000000327, 46.425364425012290326, 3018.5479999999997744, 1
3019.1239999999997963, 66.543228188789612432, 3018.5540000000000873, 1, 3019.1239999999997963, 55.00883949882210544, 3018.5540000000000873, 1, 3019.1239999999997963, 36.804774313723044088, 3018.5540000000000873, 1, 3019.1239999999997963, 46.425358746415668065, 3018.5540000000000873, 1
3019.1340000000000146, 66.543228200410993622, 3018.5599999999999454, 1, 3019.1340000000000146, 55.008853696969438829, 3018.5599999999999454, 1, 3019.1340000000000146, 36.804775583894695501, 3018.5599999999999454, 1, 3019.1340000000000146, 46.425353067600511281, 3018.5599999999999454, 1
3019.1430000000000291, 66.543209249210278244, 3018.5630000000001019, 1, 3019.1430000000000291, 55.0088548068416614, 3018.5630000000001019, 1, 3019.1430000000000291, 36.804775716324371615, 3018.5630000000001019, 1, 3019.1430000000000291, 46.425342320835710552, 3018.5630000000001019, 1
3019.1529999999997926, 66.543209260437024, 3018.568000000000211, 1, 3019.1529999999997926, 55.008869004728339291, 3018.568000000000211, 1, 3019.1529999999997926, 36.804776987006540878, 3018.568000000000211, 1, 3019.1529999999997926, 46.425336641714764596, 3018.568000000000211, 1
3019.1640000000002146, 66.54320927126997276, 3018.5740000000000691, 1, 3019.1640000000002146, 55.008883202303238136, 3018.5740000000000691, 1, 3019.1640000000002146, 36.804778257897964977, 3018.5740000000000691, 1, 3019.1640000000002146, 46.425330962391242906, 3018.5740000000000691, 1
3019.1739999999999782, 66.543209281691929391, 3018.5790000000001783, 1, 3019.1739999999999782, 55.008897399557682206, 3018.5790000000001783, 1, 3019.1739999999999782, 36.804779529006331984, 3018.5790000000001783, 1, 3019.1739999999999782, 46.425325282859596143, 3018.5790000000001783, 1
3019.1829999999999927, 66.543190332415306898, 3018.5839999999998327, 1, 3019.1829999999999927, 55.00889851115918816, 3018.5839999999998327, 1, 3019.1829999999999927, 36.804779662967803233, 3018.5839999999998327, 1, 3019.1829999999999927, 46.425314536317671354, 3018.5839999999998327, 1
3019.2080000000000837, 66.543187972693459642, 3018.5889999999999418, 1, 3019.2080000000000837, 55.008911072615532589, 3018.5889999999999418, 1, 3019.2080000000000837, 36.804780792450642934, 3018.5889999999999418, 1, 3019.2080000000000837, 46.425308223177239597, 3018.5889999999999418, 1
3019.2150000000001455, 66.543187982846887962, 3018.5929999999998472, 1, 3019.2150000000001455, 55.008925979161553244, 3018.5929999999998472, 1, 3019.2150000000001455, 36.804782127885587784, 3018.5929999999998472, 1, 3019.2150000000001455, 46.425302259128820026, 3018.5929999999998472, 1
3019.2150000000001455, 75.751435612095562533, 3018.5979999999999563, 1, 3019.2150000000001455, 44.007149301202439062, 3018.5979999999999563, 1, 3019.2150000000001455, 29.443826465526086622, 3018.5979999999999563, 1, 3019.2150000000001455, 101.34551533872755158, 3018.5979999999999563, 1
3019.2260000000001128, 97.040056783209195146, 3018.6030000000000655, 1, 3019.2260000000001128, 0, 3018.6030000000000655, 1, 3019.2260000000001128, 0, 3018.6030000000000655, 1, 3019.2260000000001128, 71.095556215446322312, 3018.6030000000000655, 1
3019.2359999999998763, 96.15586369580719861, 3018.6080000000001746, 1, 3019.2359999999998763, 0, 3018.6080000000001746, 1, 3019.2359999999998763, 0, 3018.6080000000001746, 1, 3019.2359999999998763, 47.436857325042495859, 3018.6080000000001746, 1
3019.2449999999998909, 95.554962177684046765, 3018.612999999999829, 1, 3019.2449999999998909, 0, 3018.612999999999829, 1, 3019.2449999999998909, 0, 3018.612999999999829, 1, 3019.2449999999998909, 60.407710457997481512, 3018.612999999999829, 1
3019.2550000000001091, 95.833191869917030203, 3018.6179999999999382, 1, 3019.2550000000001091, 0, 3018.6179999999999382, 1, 3019.2550000000001091, 0, 3018.6179999999999382, 1, 3019.2550000000001091, 82.44310250359865222, 3018.6179999999999382, 1
3019.2660000000000764, 95.500054082454710169, 3018.6230000000000473, 1, 3019.2660000000000764, 0, 3018.6230000000000473, 1, 3019.2660000000000764, 0, 3018.6230000000000473, 1, 3019.2660000000000764, 103.43921946703491699, 3018.6230000000000473, 1
3019.2759999999998399, 93.491970578901941735, 3018.6280000000001564, 1, 3019.2759999999998399, 0, 3018.6280000000001564, 1, 3019.2759999999998399, 0, 3018.6280000000001564, 1, 3019.2759999999998399, 120.21438755687572097, 3018.6280000000001564, 1
3019.2869999999998072, 91.360162305020637064, 3018.6329999999998108, 1, 3019.2869999999998072, 0, 3018.6329999999998108, 1, 3019.2869999999998072, 0, 3018.6329999999998108, 1, 3019.2869999999998072, 132.55645818991644092, 3018.6329999999998108, 1
3019.2970000000000255, 87.683277661360406796, 3018.63799999999992, 1, 3019.2970000000000255, 0, 3018.63799999999992, 1, 3019.2970000000000255, 0, 3018.63799999999992, 1, 3019.2970000000000255, 146.41554176420169142, 3018.63799999999992, 1
3019.30600000000004, 83.758050118711565801, 3018.6430000000000291, 1, 3019.30600000000004, 0, 3018.6430000000000291, 1, 3019.30600000000004, 0, 3018.6430000000000291, 1, 3019.30600000000004, 153.38368345507868185, 3018.6430000000000291, 1
3019.3159999999998035, 82.22139524653377407, 3018.6480000000001382, 1, 3019.3159999999998035, 0, 3018.6480000000001382, 1, 3019.3159999999998035, 0, 3018.6480000000001382, 1, 3019.3159999999998035, 154.39491023586288065, 3018.6480000000001382, 1
3019.3260000000000218, 82.730364132611768468, 3018.6529999999997926, 1, 3019.3260000000000218, 0, 3018.6529999999997926, 1, 3019.3260000000000218, 0, 3018.6529999999997926, 1, 3019.3260000000000218, 156.68704314610502593, 3018.6529999999997926, 1
3019.3350000000000364, 80.583625031577582831, 3018.6590000000001055, 1, 3019.3350000000000364, 0, 3018.6590000000001055, 1, 3019.3350000000000364, 231.45017940390863487, 3018.6590000000001055, 1, 3019.3350000000000364, 94.544227754879528902, 3018.6590000000001055, 1
3019.3449999999997999, 65.267476957823902239, 3018.6630000000000109, 1, 3019.3449999999997999, 72.038494845700967062, 3018.6630000000000109, 1, 3019.3449999999997999, 98.895065984988633545, 3018.6630000000000109, 1, 3019.3449999999997999, 50.309347636757948408, 3018.6630000000000109, 1
3019.3550000000000182, 42.267923905503778315, 3018.6709999999998217, 1, 3019.3550000000000182, 32.947440499350307164, 3018.6709999999998217, 1, 3019.3550000000000182, 64.004032466394832568, 3018.6709999999998217, 1, 3019.3550000000000182, 54.990465585149237882, 3018.6709999999998217, 1
3019.3659999999999854, 41.856271670628693471, 3018.6729999999997744, 1, 3019.3659999999999854, 13.11655478166358435, 3018.6729999999997744, 1, 3019.3659999999999854, 48.464433090883687782, 3018.6729999999997744, 1, 3019.3659999999999854, 64.241310206360196844, 3018.6729999999997744, 1
3019.375, 52.187368016509367408, 3018.6779999999998836, 1, 3019.375, 7.81743810606971401, 3018.6779999999998836, 1, 3019.375, 41.26975136059068916, 3018.6779999999998836, 1, 3019.375, 67.568672787707413363, 3018.6779999999998836, 1
3019.3859999999999673, 58.605458843259960133, 3018.6829999999999927, 1, 3019.3859999999999673, 7.2557590191880372288, 3018.6829999999999927, 1, 3019.3859999999999673, 36.933874670497822024, 3018.6829999999999927, 1, 3019.3859999999999673, 64.784739067791946354, 3018.6829999999999927, 1
3019.3960000000001855, 66.655625356565295192, 3018.6880000000001019, 1, 3019.3960000000001855, 8.4126061834207739309, 3018.6880000000001019, 1, 3019.3960000000001855, 36.737724150476111618, 3018.6880000000001019, 1, 3019.3960000000001855, 67.748937074819949089, 3018.6880000000001019, 1
3019.4160000000001673, 67.212193616018865328, 3018.693000000000211, 1, 3019.4160000000001673, 9.773912011133733202, 3018.693000000000211, 1, 3019.4160000000001673, 36.728466340037833504, 3018.693000000000211, 1, 3019.4160000000001673, 64.004018606349873721, 3018.693000000000211, 1
3019.4160000000001673, 63.771688296570090415, 3018.6979999999998654, 1, 3019.4160000000001673, 10.461294775566305049, 3018.6979999999998654, 1, 3019.4160000000001673, 42.048019496524005945, 3018.6979999999998654, 1, 3019.4160000000001673, 66.772329421955063822, 3018.6979999999998654, 1
3019.4259999999999309, 1.2763572226413568479e-98, 3018.7029999999999745, 1, 3019.4259999999999309, 28.194444678730143039, 3018.7029999999999745, 1, 3019.4259999999999309, 72.892803833080577647, 3018.7029999999999745, 1, 3019.4259999999999309, 4.0985961559946657573, 3018.7029999999999745, 1
3019.4459999999999127, 0, 3018.7080000000000837, 1, 3019.4459999999999127, 66.104505631959682432, 3018.7080000000000837, 1, 3019.4459999999999127, 90.623852653336797403, 3018.7080000000000837, 1, 3019.4459999999999127, 0, 3018.7080000000000837, 1
3019.456000000000131, 0, 3018.7130000000001928, 1, 3019.456000000000131, 89.736996758530906959, 3018.7130000000001928, 1, 3019.456000000000131, 95.594188475178270892, 3018.7130000000001928, 1, 3019.456000000000131, 0, 3018.7130000000001928, 1
3019.4650000000001455, 0, 3018.7170000000000982, 1, 3019.4650000000001455, 105.34569922141540133, 3018.7170000000000982, 1, 3019.4650000000001455, 93.423754711140162499, 3018.7170000000000982, 1, 3019.4650000000001455, 0, 3018.7170000000000982, 1
3019.4659999999998945, 0, 3018.7229999999999563, 1, 3019.4659999999998945, 112.78707712465876511, 3018.7229999999999563, 1, 3019.4659999999998945, 90.707966450727468555, 3018.7229999999999563, 1, 3019.4659999999998945, 0, 3018.7229999999999563, 1
3019.4760000000001128, 0, 3018.7280000000000655, 1, 3019.4760000000001128, 117.27357023128331548, 3018.7280000000000655, 1, 3019.4760000000001128, 87.932528712306179841, 3018.7280000000000655, 1, 3019.4760000000001128, 0, 3018.7280000000000655, 1
3019.4960000000000946, 0, 3018.7330000000001746, 1, 3019.4960000000000946, 118.32303485143557964, 3018.7330000000001746, 1, 3019.4960000000000946, 88.422863763999828279, 3018.7330000000001746, 1, 3019.4960000000000946, 0, 3018.7330000000001746, 1
3019.5059999999998581, 0, 3018.737999999999829, 1, 3019.5059999999998581, 118.34552809343077229, 3018.737999999999829, 1, 3019.5059999999998581, 84.47399881306355951, 3018.737999999999829, 1, 3019.5059999999998581, 0, 3018.737999999999829, 1
3019.5059999999998581, 0, 3018.7429999999999382, 1, 3019.5059999999998581, 117.09517503285002249, 3018.7429999999999382, 1, 3019.5059999999998581, 87.859795476882169396, 3018.7429999999999382, 1, 3019.5059999999998581, 0, 3018.7429999999999382, 1
3019.5149999999998727, 0, 3018.7489999999997963, 1, 3019.5149999999998727, 114.91696988751687059, 3018.7489999999997963, 1, 3019.5149999999998727, 93.129653871834477741, 3018.7489999999997963, 1, 3019.5149999999998727, 0, 3018.7489999999997963, 1
3019.5360000000000582, 0, 3018.7530000000001564, 1, 3019.5360000000000582, 112.90648220213961395, 3018.7530000000001564, 1, 3019.5360000000000582, 97.606194101732711488, 3018.7530000000001564, 1, 3019.5360000000000582, 0, 3018.7530000000001564, 1
3019.5459999999998217, 0, 3018.7579999999998108, 1, 3019.5459999999998217, 111.36050538462478698, 3018.7579999999998108, 1, 3019.5459999999998217, 98.777780078683548481, 3018.7579999999998108, 1, 3019.5459999999998217, 0, 3018.7579999999998108, 1
3019.5459999999998217, 0, 3018.76299999999992, 1, 3019.5459999999998217, 109.39334981983452622, 3018.76299999999992, 1, 3019.5459999999998217, 96.573069540561832014, 3018.76299999999992, 1, 3019.5459999999998217, 0, 3018.76299999999992, 1
3019.55600000000004, 0, 3018.7669999999998254, 1, 3019.55600000000004, 108.47728486311243046, 3018.7669999999998254, 1, 3019.55600000000004, 103.17669194171270419, 3018.7669999999998254, 1, 3019.55600000000004, 0, 3018.7669999999998254, 1
3019.5650000000000546, 0, 3018.7730000000001382, 1, 3019.5650000000000546, 106.84206427015575969, 3018.7730000000001382, 1, 3019.5650000000000546, 104.10286207714244711, 3018.7730000000001382, 1, 3019.5650000000000546, 0, 3018.7730000000001382, 1
3019.5760000000000218, 0, 3018.7770000000000437, 1, 3019.5760000000000218, 105.79167624274116122, 3018.7770000000000437, 1, 3019.5760000000000218, 104.97563406267829578, 3018.7770000000000437, 1, 3019.5760000000000218, 0, 3018.7770000000000437, 1
3019.5850000000000364, 0, 3018.7840000000001055, 1, 3019.5850000000000364, 104.59957855936539772, 3018.7840000000001055, 1, 3019.5850000000000364, 105.03823172888398574, 3018.7840000000001055, 1, 3019.5850000000000364, 0, 3018.7840000000001055, 1
3019.5949999999997999, 0, 3018.7880000000000109, 1, 3019.5949999999997999, 103.90737541988390547, 3018.7880000000000109, 1, 3019.5949999999997999, 107.49167444831651608, 3018.7880000000000109, 1, 3019.5949999999997999, 0, 3018.7880000000000109, 1
3019.6149999999997817, 0, 3018.7930000000001201, 1, 3019.6149999999997817, 102.4301665814834621, 3018.7930000000001201, 1, 3019.6149999999997817, 108.44266755791251455, 3018.7930000000001201, 1, 3019.6149999999997817, 0, 3018.7930000000001201, 1
3019.6149999999997817, 0, 3018.7979999999997744, 1, 3019.6149999999997817, 100.63188599223630604, 3018.7979999999997744, 1, 3019.6149999999997817, 112.25646321329988098, 3018.7979999999997744, 1, 3019.6149999999997817, 0, 3018.7979999999997744, 1
3019.6260000000002037, 0, 3018.8029999999998836, 1, 3019.6260000000002037, 99.165182644409327395, 3018.8029999999998836, 1, 3019.6260000000002037, 108.13863688072910918, 3018.8029999999998836, 1, 3019.6260000000002037, 0, 3018.8029999999998836, 1
3019.6359999999999673, 0, 3018.8079999999999927, 1, 3019.6359999999999673, 97.769062029831616201, 3018.8079999999999927, 1, 3019.6359999999999673, 111.53429004856081974, 3018.8079999999999927, 1, 3019.6359999999999673, 0, 3018.8079999999999927, 1
3019.6469999999999345, 337.69780072695346007, 3018.8139999999998508, 1, 3019.6469999999999345, 98.248676174395157545, 3018.8139999999998508, 1, 3019.6469999999999345, 109.26225091041669657, 3018.8139999999998508, 1, 3019.6469999999999345, 0, 3018.8139999999998508, 1
3019.6559999999999491, 303.14384221320358392, 3018.8200000000001637, 1, 3019.6559999999999491, 52.83595556813320826, 3018.8200000000001637, 1, 3019.6559999999999491, 112.45174195116511839, 3018.8200000000001637, 1, 3019.6559999999999491, 264.92022388266263988, 3018.8200000000001637, 1
3019.6660000000001673, 127.17990853827723186, 3018.8229999999998654, 1, 3019.6660000000001673, 6.3637751986339816668, 3018.8229999999998654, 1, 3019.6660000000001673, 31.45870078527110536, 3018.8229999999998654, 1, 3019.6660000000001673, 155.38579109002273526, 3018.8229999999998654, 1
3019.6759999999999309, 42.965505499217833574, 3018.8279999999999745, 1, 3019.6759999999999309, 0, 3018.8279999999999745, 1, 3019.6759999999999309, 16.579142638200568882, 3018.8279999999999745, 1, 3019.6759999999999309, 65.568857820095388433, 3018.8279999999999745, 1
3019.6860000000001492, 24.578160375105490232, 3018.8330000000000837, 1, 3019.6860000000001492, 0, 3018.8330000000000837, 1, 3019.6860000000001492, 20.879914255354268704, 3018.8330000000000837, 1, 3019.6860000000001492, 37.820466853656085959, 3018.8330000000000837, 1
3019.6959999999999127, 37.6334683137167616, 3018.8380000000001928, 1, 3019.6959999999999127, 0, 3018.8380000000001928, 1, 3019.6959999999999127, 24.765840348002196691, 3018.8380000000001928, 1, 3019.6959999999999127, 32.578062624776542577, 3018.8380000000001928, 1
3019.7150000000001455, 53.787066345702307046, 3018.8440000000000509, 1, 3019.7150000000001455, 55.81075077544365115, 3018.8440000000000509, 1, 3019.7150000000001455, 27.774187500290278052, 3018.8440000000000509, 1, 3019.7150000000001455, 30.160127829971187907, 3018.8440000000000509, 1
3019.7150000000001455, 61.436717528369378272, 3018.8479999999999563, 1, 3019.7150000000001455, 56.45039575867094328, 3018.8479999999999563, 1, 3019.7150000000001455, 27.703851482677450235, 3018.8479999999999563, 1, 3019.7150000000001455, 25.069897749723800473, 3018.8479999999999563, 1
3019.7359999999998763, 67.393923976581177726, 3018.8530000000000655, 1, 3019.7359999999998763, 62.919085005537155553, 3018.8530000000000655, 1, 3019.7359999999998763, 28.930846681370255169, 3018.8530000000000655, 1, 3019.7359999999998763, 24.196891749220409196, 3018.8530000000000655, 1
3019.7359999999998763, 68.938548811246121772, 3018.8580000000001746, 1, 3019.7359999999998763, 87.766303122269547998, 3018.8580000000001746, 1, 3019.7359999999998763, 57.108794910361524444, 3018.8580000000001746, 1, 3019.7359999999998763, 27.300847375022659236, 3018.8580000000001746, 1
3019.7449999999998909, 29.926967209131255743, 3018.862999999999829, 1, 3019.7449999999998909, 68.690256506269122383, 3018.862999999999829, 1, 3019.7449999999998909, 129.0612472362705887, 3018.862999999999829, 1, 3019.7449999999998909, 56.695543536385464733, 3018.862999999999829, 1
3019.7559999999998581, 61.829158402619221135, 3018.8679999999999382, 1, 3019.7559999999998581, 0, 3018.8679999999999382, 1, 3019.7559999999998581, 0, 3018.8679999999999382, 1, 3019.7559999999998581, 54.208695978187563469, 3018.8679999999999382, 1
3019.7660000000000764, 89.500138060463257261, 3018.8730000000000473, 1, 3019.7660000000000764, 0, 3018.8730000000000473, 1, 3019.7660000000000764, 0, 3018.8730000000000473, 1, 3019.7660000000000764, 60.514481360584937875, 3018.8730000000000473, 1
3019.7750000000000909, 106.32210824562461937, 3018.8780000000001564, 1, 3019.7750000000000909, 0, 3018.8780000000001564, 1, 3019.7750000000000909, 0, 3018.8780000000001564, 1, 3019.7750000000000909, 68.042900973429325973, 3018.8780000000001564, 1
3019.7849999999998545, 117.32378361901785979, 3018.8829999999998108, 1, 3019.7849999999998545, 0, 3018.8829999999998108, 1, 3019.7849999999998545, 0, 3018.8829999999998108, 1, 3019.7849999999998545, 69.976102921875025231, 3018.8829999999998108, 1
3019.7959999999998217, 121.19681324945486267, 3018.88799999999992, 1, 3019.7959999999998217, 0, 3018.88799999999992, 1, 3019.7959999999998217, 0, 3018.88799999999992, 1, 3019.7959999999998217, 71.523478323043946148, 3018.88799999999992, 1
3019.80600000000004, 122.96326507671238915, 3018.8930000000000291, 1, 3019.80600000000004, 0, 3018.8930000000000291, 1, 3019.80600000000004, 0, 3018.8930000000000291, 1, 3019.80600000000004, 72.423275839849495128, 3018.8930000000000291, 1
3019.8170000000000073, 122.80174334618779142, 3018.8980000000001382, 1, 3019.8170000000000073, 0, 3018.8980000000001382, 1, 3019.8170000000000073, 0, 3018.8980000000001382, 1, 3019.8170000000000073, 74.919788268814386356, 3018.8980000000001382, 1
3019.8260000000000218, 122.07522004331538312, 3018.9029999999997926, 1, 3019.8260000000000218, 0, 3018.9029999999997926, 1, 3019.8260000000000218, 0, 3018.9029999999997926, 1, 3019.8260000000000218, 77.249633152309201023, 3018.9029999999997926, 1
3019.8359999999997854, 119.84307953644555766, 3018.9090000000001055, 1, 3019.8359999999997854, 0, 3018.9090000000001055, 1, 3019.8359999999997854, 0, 3018.9090000000001055, 1, 3019.8359999999997854, 81.540139292058412934, 3018.9090000000001055, 1
3019.8460000000000036, 118.07614807108976152, 3018.9130000000000109, 1, 3019.8460000000000036, 0, 3018.9130000000000109, 1, 3019.8460000000000036, 0, 3018.9130000000000109, 1, 3019.8460000000000036, 85.710922276938276809, 3018.9130000000000109, 1
3019.8580000000001746, 115.23660377392404541, 3018.9169999999999163, 1, 3019.8580000000001746, 0, 3018.9169999999999163, 1, 3019.8580000000001746, 0, 3018.9169999999999163, 1, 3019.8580000000001746, 91.040203923370739858, 3018.9169999999999163, 1
3019.8659999999999854, 114.01339120359139656, 3018.9239999999999782, 1, 3019.8659999999999854, 0, 3018.9239999999999782, 1, 3019.8659999999999854, 0, 3018.9239999999999782, 1, 3019.8659999999999854, 93.014242190260091547, 3018.9239999999999782, 1
3019.8760000000002037, 112.05605195281049191, 3018.9299999999998363, 1, 3019.8760000000002037, 0, 3018.9299999999998363, 1, 3019.8760000000002037, 0, 3018.9299999999998363, 1, 3019.8760000000002037, 95.964624770824400457, 3018.9299999999998363, 1
3019.887000000000171, 109.65405798801378978, 3018.9329999999999927, 1, 3019.887000000000171, 0, 3018.9329999999999927, 1, 3019.887000000000171, 0, 3018.9329999999999927, 1, 3019.887000000000171, 95.373954778929373788, 3018.9329999999999927, 1
3019.8960000000001855, 108.59264051287323127, 3018.9380000000001019, 1, 3019.8960000000001855, 0, 3018.9380000000001019, 1, 3019.8960000000001855, 0, 3018.9380000000001019, 1, 3019.8960000000001855, 99.338601907226660614, 3018.9380000000001019, 1
3019.9070000000001528, 107.29580889340242322, 3018.943000000000211, 1, 3019.9070000000001528, 0, 3018.943000000000211, 1, 3019.9070000000001528, 0, 3018.943000000000211, 1, 3019.9070000000001528, 100.74914475291748772, 3018.943000000000211, 1
3019.9149999999999636, 105.83088705075192593, 3018.9479999999998654, 1, 3019.9149999999999636, 0, 3018.9479999999998654, 1, 3019.9149999999999636, 0, 3018.9479999999998654, 1, 3019.9149999999999636, 102.86224639063905784, 3018.9479999999998654, 1
3019.9250000000001819, 103.09480411954771739, 3018.9529999999999745, 1, 3019.9250000000001819, 0, 3018.9529999999999745, 1, 3019.9250000000001819, 0, 3018.9529999999999745, 1, 3019.9250000000001819, 101.6765160820215641, 3018.9529999999999745, 1
3019.9360000000001492, 102.29249623498495225, 3018.9589999999998327, 1, 3019.9360000000001492, 0, 3018.9589999999998327, 1, 3019.9360000000001492, 0, 3018.9589999999998327, 1, 3019.9360000000001492, 108.27453879493134536, 3018.9589999999998327, 1
3019.9450000000001637, 100.21948723763888722, 3018.9630000000001928, 1, 3019.9450000000001637, 0, 3018.9630000000001928, 1, 3019.9450000000001637, 0, 3018.9630000000001928, 1, 3019.9450000000001637, 111.25488113501761234, 3018.9630000000001928, 1
3019.956000000000131, 98.580570312525026111, 3018.9690000000000509, 1, 3019.956000000000131, 0, 3018.9690000000000509, 1, 3019.956000000000131, 0, 3018.9690000000000509, 1, 3019.956000000000131, 112.82856536670566072, 3018.9690000000000509, 1
3019.9659999999998945, 80.357815834435257329, 3018.9740000000001601, 1, 3019.9659999999998945, 311.99580115777928313, 3018.9740000000001601, 1, 3019.9659999999998945, 0, 3018.9740000000001601, 1, 3019.9659999999998945, 112.54197288012204581, 3018.9740000000001601, 1
3019.9760000000001128, 20.754668735454718131, 3018.9780000000000655, 1, 3019.9760000000001128, 309.75882803096567386, 3018.9780000000000655, 1, 3019.9760000000001128, 0, 3018.9780000000000655, 1, 3019.9760000000001128, 117.96834216084042168, 3018.9780000000000655, 1
3019.9859999999998763, 0.19820614156399307682, 3018.9830000000001746, 1, 3019.9859999999998763, 172.92432838541301976, 3018.9830000000001746, 1, 3019.9859999999998763, 0, 3018.9830000000001746, 1, 3019.9859999999998763, 101.94809023886733712, 3018.9830000000001746, 1
3019.9960000000000946, 0, 3018.987999999999829, 1, 3019.9960000000000946, 38.600050439069555352, 3018.987999999999829, 1, 3019.9960000000000946, 120.8048224569605793, 3018.987999999999829, 1, 3019.9960000000000946, 71.620294692062543618, 3018.987999999999829, 1
3020.0070000000000618, 0, 3018.9940000000001419, 1, 3020.0070000000000618, 20.890194963523402549, 3018.9940000000001419, 1, 3020.0070000000000618, 49.548016442363689293, 3018.9940000000001419, 1, 3020.0070000000000618, 35.868425551971085952, 3018.9940000000001419, 1
3020.0259999999998399, 0, 3018.9980000000000473, 1, 3020.0259999999998399, 11.440622467202292256, 3018.9980000000000473, 1, 3020.0259999999998399, 21.093594416866231711, 3018.9980000000000473, 1, 3020.0259999999998399, 37.151655451665796193, 3018.9980000000000473, 1
3020.0349999999998545, 0, 3019.0030000000001564, 1, 3020.0349999999998545, 27.321868829577798721, 3019.0030000000001564, 1, 3020.0349999999998545, 23.013311262777342847, 3019.0030000000001564, 1, 3020.0349999999998545, 41.884734780289321066, 3019.0030000000001564, 1
3020.0360000000000582, 47.126244186912870759, 3019.0090000000000146, 1, 3020.0360000000000582, 52.775420107140789128, 3019.0090000000000146, 1, 3020.0360000000000582, 27.588097401623784322, 3019.0090000000000146, 1, 3020.0360000000000582, 46.182059879638870825, 3019.0090000000000146, 1
3020.0459999999998217, 53.561586822437625699, 3019.0140000000001237, 1, 3020.0459999999998217, 63.15218147336717891, 3019.0140000000001237, 1, 3020.0459999999998217, 27.866132171553090302, 3019.0140000000001237, 1, 3020.0459999999998217, 53.525956220591140777, 3019.0140000000001237, 1
3020.0579999999999927, 56.153380481862228635, 3019.0189999999997781, 1, 3020.0579999999999927, 63.712840614859516108, 3019.0189999999997781, 1, 3020.0579999999999927, 28.017209591385171308, 3019.0189999999997781, 1, 3020.0579999999999927, 51.04594517003869214, 3019.0189999999997781, 1
3020.0760000000000218, 43.122873198559254604, 3019.0230000000001382, 1, 3020.0760000000000218, 63.476676416221721411, 3019.0230000000001382, 1, 3020.0760000000000218, 34.744093115909294056, 3019.0230000000001382, 1, 3020.0760000000000218, 37.563224766568083623, 3019.0230000000001382, 1
3020.0760000000000218, 0, 3019.0289999999999964, 1, 3020.0760000000000218, 72.828693534039018687, 3019.0289999999999964, 1, 3020.0760000000000218, 65.16700930552860882, 3019.0289999999999964, 1, 3020.0760000000000218, 0, 3019.0289999999999964, 1
3020.0859999999997854, 0, 3019.0340000000001055, 1, 3020.0859999999997854, 95.504845345674425516, 3019.0340000000001055, 1, 3020.0859999999997854, 80.680471638753161301, 3019.0340000000001055, 1, 3020.0859999999997854, 0, 3019.0340000000001055, 1
3020.0960000000000036, 0, 3019.0380000000000109, 1, 3020.0960000000000036, 109.48418073057550259, 3019.0380000000000109, 1, 3020.0960000000000036, 81.205848683830225809, 3019.0380000000000109, 1, 3020.0960000000000036, 0, 3019.0380000000000109, 1
3020.1149999999997817, 0, 3019.043999999999869, 1, 3020.1149999999997817, 118.80534626743542503, 3019.043999999999869, 1, 3020.1149999999997817, 76.76439911636023794, 3019.043999999999869, 1, 3020.1149999999997817, 0, 3019.043999999999869, 1
3020.1159999999999854, 0, 3019.0479999999997744, 1, 3020.1159999999999854, 122.16999087163021898, 3019.0479999999997744, 1, 3020.1159999999999854, 73.887521134730761219, 3019.0479999999997744, 1, 3020.1159999999999854, 0, 3019.0479999999997744, 1
3020.1260000000002037, 0, 3019.05600000000004, 1, 3020.1260000000002037, 125.78364295399329364, 3019.05600000000004, 1, 3020.1260000000002037, 72.136452354090693007, 3019.05600000000004, 1, 3020.1260000000002037, 0, 3019.05600000000004, 1
3020.1350000000002183, 0, 3019.0590000000001965, 1, 3020.1350000000002183, 124.98031396051032971, 3019.0590000000001965, 1, 3020.1350000000002183, 72.740031815474623045, 3019.0590000000001965, 1, 3020.1350000000002183, 0, 3019.0590000000001965, 1
3020.1460000000001855, 0, 3019.0630000000001019, 1, 3020.1460000000001855, 123.55081378456236507, 3019.0630000000001019, 1, 3020.1460000000001855, 75.352675109588091118, 3019.0630000000001019, 1, 3020.1460000000001855, 0, 3019.0630000000001019, 1
3020.1559999999999491, 0, 3019.068000000000211, 1, 3020.1559999999999491, 121.7778302682172864, 3019.068000000000211, 1, 3020.1559999999999491, 78.244602151526237321, 3019.068000000000211, 1, 3020.1559999999999491, 0, 3019.068000000000211, 1
3020.1660000000001673, 0, 3019.0729999999998654, 1, 3020.1660000000001673, 118.46880167325514321, 3019.0729999999998654, 1, 3020.1660000000001673, 82.458825498012217281, 3019.0729999999998654, 1, 3020.1660000000001673, 0, 3019.0729999999998654, 1
3020.1860000000001492, 0, 3019.0779999999999745, 1, 3020.1860000000001492, 116.87333102135301033, 3019.0779999999999745, 1, 3020.1860000000001492, 87.189502677113239315, 3019.0779999999999745, 1, 3020.1860000000001492, 0, 3019.0779999999999745, 1
3020.1959999999999127, 0, 3019.0830000000000837, 1, 3020.1959999999999127, 114.20422377889113363, 3019.0830000000000837, 1, 3020.1959999999999127, 90.781160911899206667, 3019.0830000000000837, 1, 3020.1959999999999127, 0, 3019.0830000000000837, 1
3020.1959999999999127, 0, 3019.0880000000001928, 1, 3020.1959999999999127, 111.82503409944160921, 3019.0880000000001928, 1, 3020.1959999999999127, 94.965030327598284998, 3019.0880000000001928, 1, 3020.1959999999999127, 0, 3019.0880000000001928, 1
3020.206000000000131, 0, 3019.0929999999998472, 1, 3020.206000000000131, 109.28029272715946263, 3019.0929999999998472, 1, 3020.206000000000131, 96.170300822407682517, 3019.0929999999998472, 1, 3020.206000000000131, 0, 3019.0929999999998472, 1
3020.2260000000001128, 0, 3019.0990000000001601, 1, 3020.2260000000001128, 107.35329743356717813, 3019.0990000000001601, 1, 3020.2260000000001128, 98.418137380413554638, 3019.0990000000001601, 1, 3020.2260000000001128, 0, 3019.0990000000001601, 1
3020.2260000000001128, 0, 3019.1030000000000655, 1, 3020.2260000000001128, 105.95623461306146851, 3019.1030000000000655, 1, 3020.2260000000001128, 99.73989009065438438, 3019.1030000000000655, 1, 3020.2260000000001128, 0, 3019.1030000000000655, 1
3020.2359999999998763, 0, 3019.1080000000001746, 1, 3020.2359999999998763, 104.19960108681873123, 3019.1080000000001746, 1, 3020.2359999999998763, 101.36855931673466102, 3019.1080000000001746, 1, 3020.2359999999998763, 0, 3019.1080000000001746, 1
3020.2559999999998581, 0, 3019.112999999999829, 1, 3020.2559999999998581, 102.12877456813632193, 3019.112999999999829, 1, 3020.2559999999998581, 103.00279423202596263, 3019.112999999999829, 1, 3020.2559999999998581, 0, 3019.112999999999829, 1
3020.2660000000000764, 0, 3019.1179999999999382, 1, 3020.2660000000000764, 100.24964011122951035, 3019.1179999999999382, 1, 3020.2660000000000764, 106.50269237702735836, 3019.1179999999999382, 1, 3020.2660000000000764, 0, 3019.1179999999999382, 1
3020.2759999999998399, 0, 3019.1239999999997963, 1, 3020.2759999999998399, 98.764788480981707153, 3019.1239999999997963, 1, 3020.2759999999998399, 111.19777371849548331, 3019.1239999999997963, 1, 3020.2759999999998399, 0, 3019.1239999999997963, 1
3020.2759999999998399, 0, 3019.1280000000001564, 1, 3020.2759999999998399, 97.2168476637978074, 3019.1280000000001564, 1, 3020.2759999999998399, 115.39941837029205374, 3019.1280000000001564, 1, 3020.2759999999998399, 0, 3019.1280000000001564, 1
3020.2860000000000582, 294.04554059347788098, 3019.1329999999998108, 1, 3020.2860000000000582, 95.063736803014961652, 3019.1329999999998108, 1, 3020.2860000000000582, 116.70104018640184051, 3019.1329999999998108, 1, 3020.2860000000000582, 0, 3019.1329999999998108, 1
3020.2959999999998217, 307.03006523523526994, 3019.13799999999992, 1, 3020.2959999999998217, 55.425010662865688005, 3019.13799999999992, 1, 3020.2959999999998217, 118.23966152084611281, 3019.13799999999992, 1, 3020.2959999999998217, 0, 3019.13799999999992, 1
3020.30600000000004, 268.77071602883569312, 3019.1430000000000291, 1, 3020.30600000000004, 7.9501163493944950744, 3019.1430000000000291, 1, 3020.30600000000004, 123.12274771595214418, 3019.1430000000000291, 1, 3020.30600000000004, 0, 3019.1430000000000291, 1
3020.3159999999998035, 112.11132322303555497, 3019.1489999999998872, 1, 3020.3159999999998035, 0, 3019.1489999999998872, 1, 3020.3159999999998035, 87.725210888439775658, 3019.1489999999998872, 1, 3020.3159999999998035, 150.92593875249502844, 3019.1489999999998872, 1
3020.3260000000000218, 33.226390765879607159, 3019.1529999999997926, 1, 3020.3260000000000218, 0, 3019.1529999999997926, 1, 3020.3260000000000218, 18.395475711335723901, 3019.1529999999997926, 1, 3020.3260000000000218, 68.448444371264798747, 3019.1529999999997926, 1
3020.3359999999997854, 19.827728603330243118, 3019.1599999999998545, 1, 3020.3359999999997854, 0, 3019.1599999999998545, 1, 3020.3359999999997854, 21.312793098238643097, 3019.1599999999998545, 1, 3020.3359999999997854, 25.959691463241561848, 3019.1599999999998545, 1
3020.3460000000000036, 28.878943341032083936, 3019.1640000000002146, 1, 3020.3460000000000036, 0, 3019.1640000000002146, 1, 3020.3460000000000036, 29.902930474289338036, 3019.1640000000002146, 1, 3020.3460000000000036, 19.506686791314969298, 3019.1640000000002146, 1
3020.3560000000002219, 49.607614770823168726, 3019.1680000000001201, 1, 3020.3560000000002219, 0, 3019.1680000000001201, 1, 3020.3560000000002219, 35.855823543171240431, 3019.1680000000001201, 1, 3020.3560000000002219, 21.045877663340156971, 3019.1680000000001201, 1
3020.3659999999999854, 70.476257297001652091, 3019.1729999999997744, 1, 3020.3659999999999854, 55.593586310768181136, 3019.1729999999997744, 1, 3020.3659999999999854, 40.01375546949476103, 3019.1729999999997744, 1, 3020.3659999999999854, 24.89598127385048798, 3019.1729999999997744, 1
3020.3760000000002037, 78.276625444949402777, 3019.1779999999998836, 1, 3020.3760000000002037, 51.799716481150035463, 3019.1779999999998836, 1, 3020.3760000000002037, 41.43970484716545144, 3019.1779999999998836, 1, 3020.3760000000002037, 18.919564880633760851, 3019.1779999999998836, 1
3020.3850000000002183, 79.934401024375688394, 3019.1829999999999927, 1, 3020.3850000000002183, 56.685603392173838699, 3019.1829999999999927, 1, 3020.3850000000002183, 40.314367221303996303, 3019.1829999999999927, 1, 3020.3850000000002183, 18.830015599420256933, 3019.1829999999999927, 1
3020.4059999999999491, 54.908764573541148479, 3019.1880000000001019, 1, 3020.4059999999999491, 122.70441139427728672, 3019.1880000000001019, 1, 3020.4059999999999491, 156.92528512484318526, 3019.1880000000001019, 1, 3020.4059999999999491, 40.68021109633066601, 3019.1880000000001019, 1
3020.4070000000001528, 40.660505020597042858, 3019.193000000000211, 1, 3020.4070000000001528, 0, 3019.193000000000211, 1, 3020.4070000000001528, 1.2596104122802620406e-96, 3019.193000000000211, 1, 3020.4070000000001528, 50.722124479891590454, 3019.193000000000211, 1
3020.4180000000001201, 74.77366660251010444, 3019.2040000000001783, 1, 3020.4180000000001201, 0, 3019.2040000000001783, 0, 3020.4180000000001201, 0, 3019.2040000000001783, 0, 3020.4180000000001201, 58.492947664561725674, 3019.2040000000001783, 1
3020.4259999999999309, 98.491319152447772467, 3019.2040000000001783, 1, 3020.4259999999999309, 0, 3019.2040000000001783, 0, 3020.4259999999999309, 0, 3019.2040000000001783, 0, 3020.4259999999999309, 71.353182246048248771, 3019.2040000000001783, 1
3020.4360000000001492, 109.75692690708748955, 3019.2040000000001783, 1, 3020.4360000000001492, 0, 3019.2040000000001783, 0, 3020.4360000000001492, 0, 3019.2040000000001783, 0, 3020.4360000000001492, 73.083766092472842502, 3019.2040000000001783, 1
3020.4470000000001164, 115.51119645573709249, 3019.2139999999999418, 1, 3020.4470000000001164, 0, 3019.2139999999999418, 0, 3020.4470000000001164, 0, 3019.2139999999999418, 0, 3020.4470000000001164, 75.328488516832180721, 3019.2139999999999418, 1
3020.456000000000131, 118.10059732923315323, 3019.2179999999998472, 1, 3020.456000000000131, 0, 3019.2179999999998472, 0, 3020.456000000000131, 0, 3019.2179999999998472, 0, 3020.456000000000131, 76.685795604092646727, 3019.2179999999998472, 1
3020.4659999999998945, 119.04333610638553864, 3019.2240000000001601, 1, 3020.4659999999998945, 0, 3019.2240000000001601, 0, 3020.4659999999998945, 0, 3019.2240000000001601, 0, 3020.4659999999998945, 78.066231866150019414, 3019.2240000000001601, 1
3020.4760000000001128, 118.4116680096942531, 3019.2289999999998145, 1, 3020.4760000000001128, 0, 3019.2289999999998145, 0, 3020.4760000000001128, 0, 3019.2289999999998145, 0, 3020.4760000000001128, 81.687034943291678246, 3019.2289999999998145, 1
3020.4859999999998763, 117.28773903531242695, 3019.2330000000001746, 1, 3020.4859999999998763, 0, 3019.2330000000001746, 0, 3020.4859999999998763, 0, 3019.2330000000001746, 0, 3020.4859999999998763, 85.518043032423420868, 3019.2330000000001746, 1
3020.4960000000000946, 115.70652997063875489, 3019.237999999999829, 1, 3020.4960000000000946, 0, 3019.237999999999829, 0, 3020.4960000000000946, 0, 3019.237999999999829, 0, 3020.4960000000000946, 89.690201924569265657, 3019.237999999999829, 1
3020.5059999999998581, 113.88124918542814612, 3019.2429999999999382, 1, 3020.5059999999998581, 0, 3019.2429999999999382, 0, 3020.5059999999998581, 0, 3019.2429999999999382, 0, 3020.5059999999998581, 91.977854977702548922, 3019.2429999999999382, 1
3020.5250000000000909, 111.63727488811494482, 3019.25, 1, 3020.5250000000000909, 0, 3019.25, 0, 3020.5250000000000909, 0, 3019.25, 0, 3020.5250000000000909, 95.231146486494154146, 3019.25, 1
3020.5250000000000909, 110.0287558953741609, 3019.2530000000001564, 1, 3020.5250000000000909, 0, 3019.2530000000001564, 0, 3020.5250000000000909, 0, 3019.2530000000001564, 0, 3020.5250000000000909, 98.511561573864995012, 3019.2530000000001564, 1
3020.5459999999998217, 107.83044907730049999, 3019.2579999999998108, 1, 3020.5459999999998217, 0, 3019.2579999999998108, 0, 3020.5459999999998217, 0, 3019.2579999999998108, 0, 3020.5459999999998217, 99.254940756373599697, 3019.2579999999998108, 1
3020.5459999999998217, 106.72773996163917332, 3019.2640000000001237, 1, 3020.5459999999998217, 0, 3019.2640000000001237, 0, 3020.5459999999998217, 0, 3019.2640000000001237, 0, 3020.5459999999998217, 100.78345241805411092, 3019.2640000000001237, 1
3020.55600000000004, 106.85047124852768263, 3019.2680000000000291, 1, 3020.55600000000004, 0, 3019.2680000000000291, 0, 3020.55600000000004, 0, 3019.2680000000000291, 0, 3020.55600000000004, 104.84629147504499258, 3019.2680000000000291, 1
3020.5659999999998035, 105.90565875737760848, 3019.2719999999999345, 1, 3020.5659999999998035, 0, 3019.2719999999999345, 0, 3020.5659999999998035, 0, 3019.2719999999999345, 0, 3020.5659999999998035, 106.50082515991627474, 3019.2719999999999345, 1
3020.5760000000000218, 104.69221558544347772, 3019.2800000000002001, 1, 3020.5760000000000218, 0, 3019.2800000000002001, 0, 3020.5760000000000218, 0, 3019.2800000000002001, 0, 3020.5760000000000218, 109.19425097155559001, 3019.2800000000002001, 1
3020.5859999999997854, 103.17587638809982309, 3019.2829999999999018, 1, 3020.5859999999997854, 0, 3019.2829999999999018, 0, 3020.5859999999997854, 0, 3019.2829999999999018, 0, 3020.5859999999997854, 111.09985052289104601, 3019.2829999999999018, 1
3020.5960000000000036, 100.37039576900217241, 3019.2890000000002146, 1, 3020.5960000000000036, 0, 3019.2890000000002146, 0, 3020.5960000000000036, 0, 3019.2890000000002146, 0, 3020.5960000000000036, 110.97257313922327171, 3019.2890000000002146, 1
3020.6060000000002219, 98.864053175907159243, 3019.293999999999869, 1, 3020.6060000000002219, 0, 3019.293999999999869, 0, 3020.6060000000002219, 0, 3019.293999999999869, 0, 3020.6060000000002219, 114.40843250814702969, 3019.293999999999869, 1
3020.6159999999999854, 98.13744936850223155, 3019.2979999999997744, 1, 3020.6159999999999854, 0, 3019.2979999999997744, 0, 3020.6159999999999854, 0, 3019.2979999999997744, 0, 3020.6159999999999854, 115.71292652046655292, 3019.2979999999997744, 1
3020.6260000000002037, 97.454474955371424016, 3019.3029999999998836, 1, 3020.6260000000002037, 0, 3019.3029999999998836, 0, 3020.6260000000002037, 0, 3019.3029999999998836, 0, 3020.6260000000002037, 113.75241970853325313, 3019.3029999999998836, 1
3020.6460000000001855, 64.75784264628487108, 3019.3079999999999927, 1, 3020.6460000000001855, 311.81402417614674505, 3019.3079999999999927, 0, 3020.6460000000001855, 279.84612476408034354, 3019.3079999999999927, 0, 3020.6460000000001855, 105.19581728288680722, 3019.3079999999999927, 1
3020.6559999999999491, 4.6345597396393731771, 3019.3130000000001019, 1, 3020.6559999999999491, 132.28276232500590481, 3019.3130000000001019, 0, 3020.6559999999999491, 132.88863858634741177, 3019.3130000000001019, 0, 3020.6559999999999491, 26.516873151461211933, 3019.3130000000001019, 1
3020.6559999999999491, 0, 3019.31899999999996, 1, 3020.6559999999999491, 31.788032428804562812, 3019.31899999999996, 0, 3020.6559999999999491, 57.66709246208659323, 3019.31899999999996, 0, 3020.6559999999999491, 36.50507631330258107, 3019.31899999999996, 1
3020.6759999999999309, 0, 3019.3229999999998654, 1, 3020.6759999999999309, 16.53624831931046657, 3019.3229999999998654, 0, 3020.6759999999999309, 30.906715936682424228, 3019.3229999999998654, 0, 3020.6759999999999309, 41.604388799312289393, 3019.3229999999998654, 1
3020.6759999999999309, 0, 3019.3279999999999745, 1, 3020.6759999999999309, 25.415916709333266965, 3019.3279999999999745, 0, 3020.6759999999999309, 22.72387550730751471, 3019.3279999999999745, 0, 3020.6759999999999309, 46.60258602216581636, 3019.3279999999999745, 1
3020.6959999999999127, 50.950511404896310808, 3019.3330000000000837, 1, 3020.6959999999999127, 42.079075167596272422, 3019.3330000000000837, 1, 3020.6959999999999127, 23.412463999539653514, 3019.3330000000000837, 1, 3020.6959999999999127, 52.169759841089110353, 3019.3330000000000837, 1
3020.706000000000131, 47.024106681796681073, 3019.3389999999999418, 1, 3020.706000000000131, 49.98131603640018028, 3019.3389999999999418, 1, 3020.706000000000131, 24.089708515066469374, 3019.3389999999999418, 1, 3020.706000000000131, 53.441015268877471556, 3019.3389999999999418, 1
3020.7069999999998799, 54.316669562787922132, 3019.3429999999998472, 1, 3020.7069999999998799, 55.112928366715621564, 3019.3429999999998472, 1, 3020.7069999999998799, 26.185267649949850011, 3019.3429999999998472, 1, 3020.7069999999998799, 52.303250270894082519, 3019.3429999999998472, 1
3020.7159999999998945, 52.4819892101739498, 3019.3479999999999563, 1, 3020.7159999999998945, 60.823648110831541658, 3019.3479999999999563, 1, 3020.7159999999998945, 26.792158719385930965, 3019.3479999999999563, 1, 3020.7159999999998945, 39.937291250086630612, 3019.3479999999999563, 1
3020.7359999999998763, 43.881012606965498435, 3019.3530000000000655, 1, 3020.7359999999998763, 63.708370803718274544, 3019.3530000000000655, 1, 3020.7359999999998763, 51.515604761622256547, 3019.3530000000000655, 1, 3020.7359999999998763, 36.760386325371555927, 3019.3530000000000655, 1
3020.7359999999998763, 0, 3019.3580000000001746, 1, 3020.7359999999998763, 87.713367668981206293, 3019.3580000000001746, 1, 3020.7359999999998763, 73.606680101250788084, 3019.3580000000001746, 1, 3020.7359999999998763, 0, 3019.3580000000001746, 1
3020.7460000000000946, 0, 3019.3640000000000327, 1, 3020.7460000000000946, 107.93434724599141816, 3019.3640000000000327, 1, 3020.7460000000000946, 78.414909040233126802, 3019.3640000000000327, 1, 3020.7460000000000946, 0, 3019.3640000000000327, 1
3020.7559999999998581, 0, 3019.3679999999999382, 1, 3020.7559999999998581, 118.65912284433014179, 3019.3679999999999382, 1, 3020.7559999999998581, 78.001423064932851048, 3019.3679999999999382, 1, 3020.7559999999998581, 0, 3019.3679999999999382, 1
3020.7660000000000764, 0, 3019.3730000000000473, 1, 3020.7660000000000764, 124.94868175826705681, 3019.3730000000000473, 1, 3020.7660000000000764, 73.664477917590673428, 3019.3730000000000473, 1, 3020.7660000000000764, 0, 3019.3730000000000473, 1
3020.7759999999998399, 0, 3019.3780000000001564, 1, 3020.7759999999998399, 128.90275847649158436, 3019.3780000000001564, 1, 3020.7759999999998399, 70.647272457959047642, 3019.3780000000001564, 1, 3020.7759999999998399, 0, 3019.3780000000001564, 1
3020.7860000000000582, 0, 3019.3850000000002183, 1, 3020.7860000000000582, 128.47245488174260686, 3019.3850000000002183, 1, 3020.7860000000000582, 68.534531504260385759, 3019.3850000000002183, 1, 3020.7860000000000582, 0, 3019.3850000000002183, 1
3020.7959999999998217, 0, 3019.38799999999992, 1, 3020.7959999999998217, 127.36273722213726955, 3019.38799999999992, 1, 3020.7959999999998217, 71.703300834185796475, 3019.38799999999992, 1, 3020.7959999999998217, 0, 3019.38799999999992, 1
3020.8049999999998363, 0, 3019.3930000000000291, 1, 3020.8049999999998363, 126.00606859084305711, 3019.3930000000000291, 1, 3020.8049999999998363, 73.94361057937290127, 3019.3930000000000291, 1, 3020.8049999999998363, 0, 3019.3930000000000291, 1
3020.8150000000000546, 0, 3019.3980000000001382, 1, 3020.8150000000000546, 123.40706415401299978, 3019.3980000000001382, 1, 3020.8150000000000546, 78.384224674000108735, 3019.3980000000001382, 1, 3020.8150000000000546, 0, 3019.3980000000001382, 1
3020.8260000000000218, 0, 3019.4029999999997926, 1, 3020.8260000000000218, 120.65472327163567456, 3019.4029999999997926, 1, 3020.8260000000000218, 82.267470373012486107, 3019.4029999999997926, 1, 3020.8260000000000218, 0, 3019.4029999999997926, 1
3020.8359999999997854, 0, 3019.4079999999999018, 0, 3020.8359999999997854, 118.30160136167208407, 3019.4079999999999018, 1, 3020.8359999999997854, 86.344609663137205757, 3019.4079999999999018, 1, 3020.8359999999997854, 0, 3019.4079999999999018, 0
3020.8470000000002074, 0, 3019.4130000000000109, 0, 3020.8470000000002074, 115.7710755011349022, 3019.4130000000000109, 1, 3020.8470000000002074, 91.537233597599396262, 3019.4130000000000109, 1, 3020.8470000000002074, 0, 3019.4130000000000109, 0
3020.8659999999999854, 0, 3019.418999999999869, 0, 3020.8659999999999854, 111.77549605449566172, 3019.418999999999869, 1, 3020.8659999999999854, 90.477954510725638215, 3019.418999999999869, 1, 3020.8659999999999854, 0, 3019.418999999999869, 0
3020.8760000000002037, 0, 3019.4220000000000255, 0, 3020.8760000000002037, 107.17500089970580746, 3019.4220000000000255, 1, 3020.8760000000002037, 92.014042747782212928, 3019.4220000000000255, 1, 3020.8760000000002037, 0, 3019.4220000000000255, 0
3020.8760000000002037, 0, 3019.4270000000001346, 0, 3020.8760000000002037, 104.90441821144491996, 3019.4270000000001346, 1, 3020.8760000000002037, 96.095206207711015622, 3019.4270000000001346, 1, 3020.8760000000002037, 0, 3019.4270000000001346, 0
3020.8960000000001855, 0, 3019.4329999999999927, 0, 3020.8960000000001855, 105.27390719073133596, 3019.4329999999999927, 1, 3020.8960000000001855, 96.939306208641369267, 3019.4329999999999927, 1, 3020.8960000000001855, 0, 3019.4329999999999927, 0
3020.8969999999999345, 0, 3019.4389999999998508, 0, 3020.8969999999999345, 107.74871939659811915, 3019.4389999999998508, 1, 3020.8969999999999345, 102.09623776334362333, 3019.4389999999998508, 1, 3020.8969999999999345, 0, 3019.4389999999998508, 0
3020.9050000000002001, 0, 3019.443000000000211, 0, 3020.9050000000002001, 106.4895052159393174, 3019.443000000000211, 1, 3020.9050000000002001, 105.847977993386138, 3019.443000000000211, 1, 3020.9050000000002001, 0, 3019.443000000000211, 0
3020.9160000000001673, 0, 3019.4479999999998654, 0, 3020.9160000000001673, 104.14462795056675759, 3019.4479999999998654, 1, 3020.9160000000001673, 109.70547849624890091, 3019.4479999999998654, 1, 3020.9160000000001673, 0, 3019.4479999999998654, 0
3020.9259999999999309, 0, 3019.4529999999999745, 0, 3020.9259999999999309, 101.01618709374412219, 3019.4529999999999745, 1, 3020.9259999999999309, 111.52565376105420114, 3019.4529999999999745, 1, 3020.9259999999999309, 0, 3019.4529999999999745, 0
3020.9360000000001492, 0, 3019.4580000000000837, 0, 3020.9360000000001492, 98.299922134872105062, 3019.4580000000000837, 1, 3020.9360000000001492, 113.33162409860676689, 3019.4580000000000837, 1, 3020.9360000000001492, 0, 3019.4580000000000837, 0
3020.9549999999999272, 306.49013744412292226, 3019.4650000000001455, 0, 3020.9549999999999272, 76.222301693154946634, 3019.4650000000001455, 1, 3020.9549999999999272, 112.5054304135344978, 3019.4650000000001455, 1, 3020.9549999999999272, 0, 3019.4650000000001455, 0
3020.956000000000131, 301.63306274997466971, 3019.4679999999998472, 0, 3020.956000000000131, 19.774177940430398337, 3019.4679999999998472, 1, 3020.956000000000131, 120.26211591092651076, 3019.4679999999998472, 1, 3020.956000000000131, 0, 3019.4679999999998472, 0
3020.9659999999998945, 178.98885307144979606, 3019.4740000000001601, 0, 3020.9659999999998945, 0.8873522884342157635, 3019.4740000000001601, 1, 3020.9659999999998945, 101.3378153960660768, 3019.4740000000001601, 1, 3020.9659999999998945, 0, 3019.4740000000001601, 0
3020.9749999999999091, 38.528637507163786324, 3019.4780000000000655, 0, 3020.9749999999999091, 0, 3019.4780000000000655, 1, 3020.9749999999999091, 54.032124591591191631, 3019.4780000000000655, 1, 3020.9749999999999091, 106.36620853458181557, 3019.4780000000000655, 0
3020.9960000000000946, 21.711184039180320582, 3019.4830000000001746, 0, 3020.9960000000000946, 0, 3019.4830000000001746, 1, 3020.9960000000000946, 26.486468616682763866, 3019.4830000000001746, 1, 3020.9960000000000946, 37.401606070289076911, 3019.4830000000001746, 0
3020.9960000000000946, 20.050025875048756774, 3019.487999999999829, 0, 3020.9960000000000946, 0, 3019.487999999999829, 1, 3020.9960000000000946, 30.125776854148671902, 3019.487999999999829, 1, 3020.9960000000000946, 21.5958015518506663, 3019.487999999999829, 0
3021.0059999999998581, 37.937484714756031678, 3019.4920000000001892, 0, 3021.0059999999998581, 0, 3019.4920000000001892, 1, 3021.0059999999998581, 34.138314578784651587, 3019.4920000000001892, 1, 3021.0059999999998581, 23.101509012329685788, 3019.4920000000001892, 0
3021.0259999999998399, 62.402664846859366321, 3019.4989999999997963, 0, 3021.0259999999998399, 47.888975190192923037, 3019.4989999999997963, 1, 3021.0259999999998399, 38.242806283165187153, 3019.4989999999997963, 1, 3021.0259999999998399, 24.744780735893044721, 3019.4989999999997963, 0
3021.0259999999998399, 74.14254874102272197, 3019.5030000000001564, 0, 3021.0259999999998399, 46.220243806705454404, 3019.5030000000001564, 1, 3021.0259999999998399, 39.981991280162510805, 3019.5030000000001564, 1, 3021.0259999999998399, 18.558615402194273969, 3019.5030000000001564, 0
3021.0360000000000582, 77.102963558863677918, 3019.5070000000000618, 0, 3021.0360000000000582, 52.562784443210418317, 3019.5070000000000618, 1, 3021.0360000000000582, 41.020687861069887958, 3019.5070000000000618, 1, 3021.0360000000000582, 19.227239179829396676, 3019.5070000000000618, 0
3021.0459999999998217, 56.537259093509483421, 3019.5160000000000764, 0, 3021.0459999999998217, 101.36238819005092182, 3019.5160000000000764, 1, 3021.0459999999998217, 134.86626355482377448, 3019.5160000000000764, 1, 3021.0459999999998217, 43.236912313377260375, 3019.5160000000000764, 0
3021.05600000000004, 49.125897407358436908, 3019.5180000000000291, 0, 3021.05600000000004, 0, 3019.5180000000000291, 1, 3021.05600000000004, 33.058183307175980303, 3019.5180000000000291, 1, 3021.05600000000004, 54.760471662640469503, 3019.5180000000000291, 0
3021.0659999999998035, 80.983194481520257568, 3019.5230000000001382, 0, 3021.0659999999998035, 0, 3019.5230000000001382, 1, 3021.0659999999998035, 0, 3019.5230000000001382, 1, 3021.0659999999998035, 59.797332774298695313, 3019.5230000000001382, 0
3021.0760000000000218, 101.24992883248407338, 3019.5279999999997926, 0, 3021.0760000000000218, 0, 3019.5279999999997926, 1, 3021.0760000000000218, 0, 3019.5279999999997926, 1, 3021.0760000000000218, 66.943534759266299261, 3019.5279999999997926, 0
3021.0859999999997854, 111.47426249911804064, 3019.5340000000001055, 0, 3021.0859999999997854, 0, 3019.5340000000001055, 1, 3021.0859999999997854, 0, 3019.5340000000001055, 1, 3021.0859999999997854, 72.547956479958259024, 3019.5340000000001055, 0
3021.0960000000000036, 117.01384101350582512, 3019.5369999999998072, 0, 3021.0960000000000036, 0, 3019.5369999999998072, 1, 3021.0960000000000036, 0, 3019.5369999999998072, 1, 3021.0960000000000036, 73.291504667537523687, 3019.5369999999998072, 0
3021.1050000000000182, 118.56445242744263169, 3019.5419999999999163, 0, 3021.1050000000000182, 0, 3019.5419999999999163, 1, 3021.1050000000000182, 0, 3019.5419999999999163, 1, 3021.1050000000000182, 75.801993956538140651, 3019.5419999999999163, 0
3021.1179999999999382, 119.08164101728152673, 3019.5479999999997744, 0, 3021.1179999999999382, 0, 3019.5479999999997744, 1, 3021.1179999999999382, 0, 3019.5479999999997744, 1, 3021.1179999999999382, 78.299420561734535795, 3019.5479999999997744, 0
3021.1260000000002037, 119.05541927155378801, 3019.5529999999998836, 0, 3021.1260000000002037, 0, 3019.5529999999998836, 1, 3021.1260000000002037, 0, 3019.5529999999998836, 1, 3021.1260000000002037, 80.879679192308941538, 3019.5529999999998836, 0
3021.1359999999999673, 118.40103103204421586, 3019.5579999999999927, 0, 3021.1359999999999673, 0, 3019.5579999999999927, 1, 3021.1359999999999673, 0, 3019.5579999999999927, 1, 3021.1359999999999673, 82.721679520858231172, 3019.5579999999999927, 0
3021.1559999999999491, 116.10366305495983852, 3019.5630000000001019, 0, 3021.1559999999999491, 0, 3019.5630000000001019, 1, 3021.1559999999999491, 0, 3019.5630000000001019, 1, 3021.1559999999999491, 88.332218498879683466, 3019.5630000000001019, 0
3021.1559999999999491, 114.27363594838573135, 3019.568000000000211, 0, 3021.1559999999999491, 0, 3019.568000000000211, 1, 3021.1559999999999491, 0, 3019.568000000000211, 1, 3021.1559999999999491, 92.91101173726532636, 3019.568000000000211, 0
3021.1660000000001673, 112.3237767144411805, 3019.5729999999998654, 0, 3021.1660000000001673, 0, 3019.5729999999998654, 1, 3021.1660000000001673, 0, 3019.5729999999998654, 1, 3021.1660000000001673, 96.943025014523186655, 3019.5729999999998654, 0
3021.1750000000001819, 110.09560839827803136, 3019.5779999999999745, 0, 3021.1750000000001819, 0, 3019.5779999999999745, 1, 3021.1750000000001819, 0, 3019.5779999999999745, 1, 3021.1750000000001819, 97.014310198514820627, 3019.5779999999999745, 0
3021.1849999999999454, 108.79867079242042394, 3019.5839999999998327, 0, 3021.1849999999999454, 0, 3019.5839999999998327, 1, 3021.1849999999999454, 0, 3019.5839999999998327, 1, 3021.1849999999999454, 99.204429241507284587, 3019.5839999999998327, 0
3021.1959999999999127, 107.77938905505750711, 3019.5880000000001928, 0, 3021.1959999999999127, 0, 3019.5880000000001928, 1, 3021.1959999999999127, 0, 3019.5880000000001928, 1, 3021.1959999999999127, 100.37491999107787422, 3019.5880000000001928, 0
3021.2049999999999272, 106.5992440778545074, 3019.5929999999998472, 0, 3021.2049999999999272, 0, 3019.5929999999998472, 1, 3021.2049999999999272, 0, 3019.5929999999998472, 1, 3021.2049999999999272, 102.02000630008217286, 3019.5929999999998472, 0
3021.2159999999998945, 104.60596636500204681, 3019.5990000000001601, 0, 3021.2159999999998945, 0, 3019.5990000000001601, 1, 3021.2159999999998945, 0, 3019.5990000000001601, 1, 3021.2159999999998945, 101.8419651359139948, 3019.5990000000001601, 0
3021.2249999999999091, 103.73574934526307345, 3019.6030000000000655, 0, 3021.2249999999999091, 0, 3019.6030000000000655, 1, 3021.2249999999999091, 0, 3019.6030000000000655, 1, 3021.2249999999999091, 104.65063064670910364, 3019.6030000000000655, 0
3021.2350000000001273, 102.42649320874122054, 3019.6080000000001746, 0, 3021.2350000000001273, 0, 3019.6080000000001746, 1, 3021.2350000000001273, 0, 3019.6080000000001746, 1, 3021.2350000000001273, 108.04061875872693577, 3019.6080000000001746, 0
3021.2559999999998581, 101.28716166507186358, 3019.612999999999829, 0, 3021.2559999999998581, 0, 3019.612999999999829, 1, 3021.2559999999998581, 0, 3019.612999999999829, 1, 3021.2559999999998581, 112.87300060692939496, 3019.612999999999829, 0
3021.2559999999998581, 100.36065105320101054, 3019.6190000000001419, 0, 3021.2559999999998581, 0, 3019.6190000000001419, 1, 3021.2559999999998581, 0, 3019.6190000000001419, 1, 3021.2559999999998581, 115.44845250066548203, 3019.6190000000001419, 0
3021.2660000000000764, 97.35575333570886869, 3019.6239999999997963, 0, 3021.2660000000000764, 0, 3019.6239999999997963, 1, 3021.2660000000000764, 0, 3019.6239999999997963, 1, 3021.2660000000000764, 114.67540474050903754, 3019.6239999999997963, 0
3021.2860000000000582, 97.628665528014138886, 3019.6280000000001564, 0, 3021.2860000000000582, 276.06427688915528051, 3019.6280000000001564, 1, 3021.2860000000000582, 0, 3019.6280000000001564, 1, 3021.2860000000000582, 111.96945903519227272, 3019.6280000000001564, 0
3021.2860000000000582, 58.936565543634714004, 3019.6329999999998108, 0, 3021.2860000000000582, 322.33292280915270567, 3019.6329999999998108, 1, 3021.2860000000000582, 330.65705364356631435, 3019.6329999999998108, 1, 3021.2860000000000582, 109.94708823374351425, 3019.6329999999998108, 0
3021.2959999999998217, 1.8940782554556758743, 3019.63799999999992, 0, 3021.2959999999998217, 142.23159669643578695, 3019.63799999999992, 1, 3021.2959999999998217, 137.6633461898574069, 3019.63799999999992, 1, 3021.2959999999998217, 18.999513413542963747, 3019.63799999999992, 0
3021.3159999999998035, 0, 3019.6430000000000291, 0, 3021.3159999999998035, 27.647227684847422324, 3019.6430000000000291, 1, 3021.3159999999998035, 43.505847622656141027, 3019.6430000000000291, 1, 3021.3159999999998035, 31.416737068954383005, 3019.6430000000000291, 0
3021.3159999999998035, 0, 3019.6480000000001382, 0, 3021.3159999999998035, 12.854810991133886588, 3019.6480000000001382, 1, 3021.3159999999998035, 23.705440028452397172, 3019.6480000000001382, 1, 3021.3159999999998035, 42.725626554739235985, 3019.6480000000001382, 0
3021.3260000000000218, 0, 3019.6539999999999964, 0, 3021.3260000000000218, 21.413385705635292311, 3019.6539999999999964, 1, 3021.3260000000000218, 18.30020900046175214, 3019.6539999999999964, 1, 3021.3260000000000218, 47.61448423219918169, 3019.6539999999999964, 0
3021.3350000000000364, 47.420744416846162039, 3019.6590000000001055, 1, 3021.3350000000000364, 45.296839632731334291, 3019.6590000000001055, 1, 3021.3350000000000364, 23.116778353817448277, 3019.6590000000001055, 1, 3021.3350000000000364, 49.708769249933979495, 3019.6590000000001055, 1
3021.3460000000000036, 54.294622573788650755, 3019.6630000000000109, 1, 3021.3460000000000036, 54.788499531842646206, 3019.6630000000000109, 1, 3021.3460000000000036, 24.757741808187990529, 3019.6630000000000109, 1, 3021.3460000000000036, 57.733892315855264599, 3019.6630000000000109, 1
3021.3659999999999854, 56.424210156373973746, 3019.6680000000001201, 1, 3021.3659999999999854, 57.225140092484039656, 3019.6680000000001201, 1, 3021.3659999999999854, 25.597182606093735302, 3019.6680000000001201, 1, 3021.3659999999999854, 53.984862120619247605, 3019.6680000000001201, 1
3021.3760000000002037, 54.621630122764436521, 3019.6729999999997744, 1, 3021.3760000000002037, 60.432495511720432546, 3019.6729999999997744, 1, 3021.3760000000002037, 26.949200338730499027, 3019.6729999999997744, 1, 3021.3760000000002037, 45.423477012512044837, 3019.6729999999997744, 1
3021.3760000000002037, 39.145896091917549597, 3019.6779999999998836, 1, 3021.3760000000002037, 60.887081942741431817, 3019.6779999999998836, 1, 3021.3760000000002037, 50.13983153076911492, 3019.6779999999998836, 1, 3021.3760000000002037, 30.038747722921335992, 3019.6779999999998836, 1
3021.3960000000001855, 0, 3019.6829999999999927, 1, 3021.3960000000001855, 85.133559746406177737, 3019.6829999999999927, 1, 3021.3960000000001855, 74.369320949799543996, 3019.6829999999999927, 1, 3021.3960000000001855, 0, 3019.6829999999999927, 1
3021.4059999999999491, 0, 3019.6880000000001019, 1, 3021.4059999999999491, 105.90719000047752729, 3019.6880000000001019, 1, 3021.4059999999999491, 79.138979358589921276, 3019.6880000000001019, 1, 3021.4059999999999491, 0, 3019.6880000000001019, 1
3021.4059999999999491, 0, 3019.693000000000211, 1, 3021.4059999999999491, 117.9759746297015397, 3019.693000000000211, 1, 3021.4059999999999491, 77.495437366366303422, 3019.693000000000211, 1, 3021.4059999999999491, 0, 3019.693000000000211, 1
3021.4259999999999309, 0, 3019.6979999999998654, 1, 3021.4259999999999309, 125.22477803507489114, 3019.6979999999998654, 1, 3021.4259999999999309, 71.669138974137524656, 3019.6979999999998654, 1, 3021.4259999999999309, 0, 3019.6979999999998654, 1
3021.4360000000001492, 0, 3019.7029999999999745, 1, 3021.4360000000001492, 127.42181656271537804, 3019.7029999999999745, 1, 3021.4360000000001492, 70.388867051885938508, 3019.7029999999999745, 1, 3021.4360000000001492, 0, 3019.7029999999999745, 1
3021.4360000000001492, 0, 3019.7080000000000837, 1, 3021.4360000000001492, 127.48831306085492088, 3019.7080000000000837, 1, 3021.4360000000001492, 71.051396560093252219, 3019.7080000000000837, 1, 3021.4360000000001492, 0, 3019.7080000000000837, 1
3021.4459999999999127, 0, 3019.7130000000001928, 1, 3021.4459999999999127, 126.29955313174980347, 3019.7130000000001928, 1, 3021.4459999999999127, 72.473726575983349107, 3019.7130000000001928, 1, 3021.4459999999999127, 0, 3019.7130000000001928, 1
3021.456000000000131, 0, 3019.7179999999998472, 1, 3021.456000000000131, 124.44520799129389843, 3019.7179999999998472, 1, 3021.456000000000131, 75.76719581747988741, 3019.7179999999998472, 1, 3021.456000000000131, 0, 3019.7179999999998472, 1
3021.4760000000001128, 0, 3019.7229999999999563, 1, 3021.4760000000001128, 122.40631865304430903, 3019.7229999999999563, 1, 3021.4760000000001128, 80.409529039695968322, 3019.7229999999999563, 1, 3021.4760000000001128, 0, 3019.7229999999999563, 1
3021.4760000000001128, 0, 3019.7280000000000655, 1, 3021.4760000000001128, 120.93721365350430119, 3019.7280000000000655, 1, 3021.4760000000001128, 82.973260427826332375, 3019.7280000000000655, 1, 3021.4760000000001128, 0, 3019.7280000000000655, 1
3021.4859999999998763, 0, 3019.7330000000001746, 1, 3021.4859999999998763, 117.3964653027741889, 3019.7330000000001746, 0, 3021.4859999999998763, 86.803359509426712748, 3019.7330000000001746, 0, 3021.4859999999998763, 0, 3019.7330000000001746, 1
3021.5059999999998581, 0, 3019.737999999999829, 1, 3021.5059999999998581, 114.64894124258802321, 3019.737999999999829, 0, 3021.5059999999998581, 92.701092735484365903, 3019.737999999999829, 0, 3021.5059999999998581, 0, 3019.737999999999829, 1
3021.5160000000000764, 0, 3019.7429999999999382, 1, 3021.5160000000000764, 112.6057722689537286, 3019.7429999999999382, 0, 3021.5160000000000764, 96.079110479527599864, 3019.7429999999999382, 0, 3021.5160000000000764, 0, 3019.7429999999999382, 1
3021.5160000000000764, 0, 3019.7480000000000473, 1, 3021.5160000000000764, 111.27840266693473836, 3019.7480000000000473, 0, 3021.5160000000000764, 97.368655183346987769, 3019.7480000000000473, 0, 3021.5160000000000764, 0, 3019.7480000000000473, 1
3021.5259999999998399, 0, 3019.7539999999999054, 1, 3021.5259999999998399, 108.63166132381481077, 3019.7539999999999054, 0, 3021.5259999999998399, 97.080035223388932764, 3019.7539999999999054, 0, 3021.5259999999998399, 0, 3019.7539999999999054, 1
3021.5450000000000728, 0, 3019.7579999999998108, 1, 3021.5450000000000728, 107.43755891740968877, 3019.7579999999998108, 0, 3021.5450000000000728, 100.69450266272943395, 3019.7579999999998108, 0, 3021.5450000000000728, 0, 3019.7579999999998108, 1
3021.5540000000000873, 0, 3019.76299999999992, 1, 3021.5540000000000873, 105.43823969017050501, 3019.76299999999992, 0, 3021.5540000000000873, 103.17530573463523069, 3019.76299999999992, 0, 3021.5540000000000873, 0, 3019.76299999999992, 1
3021.5540000000000873, 0, 3019.7680000000000291, 1, 3021.5540000000000873, 103.73683725274051426, 3019.7680000000000291, 0, 3021.5540000000000873, 105.81463530069331114, 3019.7680000000000291, 0, 3021.5540000000000873, 0, 3019.7680000000000291, 1
3021.5659999999998035, 0, 3019.7730000000001382, 1, 3021.5659999999998035, 101.27652377322905863, 3019.7730000000001382, 0, 3021.5659999999998035, 109.18691689811967649, 3019.7730000000001382, 0, 3021.5659999999998035, 0, 3019.7730000000001382, 1
3021.5749999999998181, 0, 3019.7789999999999964, 1, 3021.5749999999998181, 98.927892628499222383, 3019.7789999999999964, 0, 3021.5749999999998181, 111.68794619054636996, 3019.7789999999999964, 0, 3021.5749999999998181, 0, 3019.7789999999999964, 1
3021.5859999999997854, 0, 3019.7829999999999018, 1, 3021.5859999999997854, 97.331076325135597926, 3019.7829999999999018, 0, 3021.5859999999997854, 114.18078476455312398, 3019.7829999999999018, 0, 3021.5859999999997854, 0, 3019.7829999999999018, 1
3021.5960000000000036, 306.2093904189581508, 3019.7880000000000109, 1, 3021.5960000000000036, 80.834269597116758632, 3019.7880000000000109, 0, 3021.5960000000000036, 112.97112989647482095, 3019.7880000000000109, 0, 3021.5960000000000036, 0, 3019.7880000000000109, 1
3021.6060000000002219, 306.20151876167579985, 3019.7930000000001201, 1, 3021.6060000000002219, 22.085869209942988078, 3019.7930000000001201, 0, 3021.6060000000002219, 121.66474410372484272, 3019.7930000000001201, 0, 3021.6060000000002219, 0, 3019.7930000000001201, 1
3021.6159999999999854, 178.18119234167309628, 3019.7979999999997744, 1, 3021.6159999999999854, 0.3529593052300603051, 3019.7979999999997744, 0, 3021.6159999999999854, 101.45560483502053728, 3019.7979999999997744, 0, 3021.6159999999999854, 0, 3019.7979999999997744, 1
3021.6260000000002037, 41.602834838431533626, 3019.8029999999998836, 1, 3021.6260000000002037, 0, 3019.8029999999998836, 0, 3021.6260000000002037, 56.314404530211191968, 3019.8029999999998836, 0, 3021.6260000000002037, 106.33495187894419587, 3019.8029999999998836, 1
3021.6359999999999673, 22.694177195175925021, 3019.8079999999999927, 1, 3021.6359999999999673, 0, 3019.8079999999999927, 0, 3021.6359999999999673, 27.0040503158085059, 3019.8079999999999927, 0, 3021.6359999999999673, 39.556307725011059517, 3019.8079999999999927, 1
3021.6460000000001855, 19.239831462479397572, 3019.8139999999998508, 1, 3021.6460000000001855, 0, 3019.8139999999998508, 0, 3021.6460000000001855, 29.515928918056424379, 3019.8139999999998508, 0, 3021.6460000000001855, 24.953411959052861135, 3019.8139999999998508, 1
3021.6559999999999491, 37.130130168296780369, 3019.81899999999996, 1, 3021.6559999999999491, 0, 3019.81899999999996, 0, 3021.6559999999999491, 33.549842842433534429, 3019.81899999999996, 0, 3021.6559999999999491, 26.262588609304309273, 3019.81899999999996, 1
3021.6660000000001673, 62.855896074777668048, 3019.8229999999998654, 1, 3021.6660000000001673, 55.337197731337639084, 3019.8229999999998654, 0, 3021.6660000000001673, 36.099821563561206972, 3019.8229999999998654, 0, 3021.6660000000001673, 29.652964127942382788, 3019.8229999999998654, 1
3021.6750000000001819, 75.500317714111801592, 3019.8279999999999745, 1, 3021.6750000000001819, 50.507962639712786768, 3019.8279999999999745, 0, 3021.6750000000001819, 38.80071181422844262, 3019.8279999999999745, 0, 3021.6750000000001819, 22.639091137563809752, 3019.8279999999999745, 1
3021.6849999999999454, 77.487634409862323537, 3019.8339999999998327, 1, 3021.6849999999999454, 56.246551609763947965, 3019.8339999999998327, 0, 3021.6849999999999454, 39.299011337530053822, 3019.8339999999998327, 0, 3021.6849999999999454, 20.989757270008386314, 3019.8339999999998327, 1
3021.6950000000001637, 55.377664025596615716, 3019.8389999999999418, 1, 3021.6950000000001637, 115.17964146967152317, 3019.8389999999999418, 0, 3021.6950000000001637, 144.41750627151486697, 3019.8389999999999418, 0, 3021.6950000000001637, 45.005334798996273094, 3019.8389999999999418, 1
3021.706000000000131, 44.315122891113361447, 3019.8429999999998472, 1, 3021.706000000000131, 0, 3019.8429999999998472, 0, 3021.706000000000131, 26.536795391262891997, 3019.8429999999998472, 0, 3021.706000000000131, 52.860435277049113267, 3019.8429999999998472, 1
3021.7179999999998472, 77.578014029113120387, 3019.8499999999999091, 1, 3021.7179999999998472, 0, 3019.8499999999999091, 0, 3021.7179999999998472, 0, 3019.8499999999999091, 0, 3021.7179999999998472, 58.54235341449665242, 3019.8499999999999091, 1
3021.7249999999999091, 97.474676595734948137, 3019.8530000000000655, 1, 3021.7249999999999091, 0, 3019.8530000000000655, 0, 3021.7249999999999091, 0, 3019.8530000000000655, 0, 3021.7249999999999091, 66.432844052036230664, 3019.8530000000000655, 1
3021.73700000000008, 110.06577009775726594, 3019.8580000000001746, 1, 3021.73700000000008, 0, 3019.8580000000001746, 0, 3021.73700000000008, 0, 3019.8580000000001746, 0, 3021.73700000000008, 70.568986715717997527, 3019.8580000000001746, 1
3021.7460000000000946, 115.70020410029178493, 3019.8640000000000327, 1, 3021.7460000000000946, 0, 3019.8640000000000327, 0, 3021.7460000000000946, 0, 3019.8640000000000327, 0, 3021.7460000000000946, 73.568974259772375035, 3019.8640000000000327, 1
3021.7559999999998581, 118.48646744207488268, 3019.8679999999999382, 1, 3021.7559999999998581, 0, 3019.8679999999999382, 0, 3021.7559999999998581, 0, 3019.8679999999999382, 0, 3021.7559999999998581, 73.940056462984813379, 3019.8679999999999382, 1
3021.7660000000000764, 119.62418839350476674, 3019.8730000000000473, 1, 3021.7660000000000764, 0, 3019.8730000000000473, 0, 3021.7660000000000764, 0, 3019.8730000000000473, 0, 3021.7660000000000764, 76.769264733189615413, 3019.8730000000000473, 1
3021.7759999999998399, 119.31105169581974224, 3019.8780000000001564, 1, 3021.7759999999998399, 0, 3019.8780000000001564, 0, 3021.7759999999998399, 0, 3019.8780000000001564, 0, 3021.7759999999998399, 79.128527861234175589, 3019.8780000000001564, 1
3021.7860000000000582, 118.31228946353974152, 3019.8829999999998108, 1, 3021.7860000000000582, 0, 3019.8829999999998108, 0, 3021.7860000000000582, 0, 3019.8829999999998108, 0, 3021.7860000000000582, 82.207012282819988513, 3019.8829999999998108, 1
3021.7959999999998217, 116.69899649852914081, 3019.88799999999992, 1, 3021.7959999999998217, 0, 3019.88799999999992, 0, 3021.7959999999998217, 0, 3019.88799999999992, 0, 3021.7959999999998217, 86.697948702183026626, 3019.88799999999992, 1
3021.80600000000004, 114.3016417787781478, 3019.8930000000000291, 1, 3021.80600000000004, 0, 3019.8930000000000291, 0, 3021.80600000000004, 0, 3019.8930000000000291, 0, 3021.80600000000004, 89.953865763700832758, 3019.8930000000000291, 1
3021.8249999999998181, 112.52811990009307408, 3019.8980000000001382, 1, 3021.8249999999998181, 0, 3019.8980000000001382, 0, 3021.8249999999998181, 0, 3019.8980000000001382, 0, 3021.8249999999998181, 93.917861714770651815, 3019.8980000000001382, 1
3021.8249999999998181, 111.07033469325612884, 3019.9029999999997926, 1, 3021.8249999999998181, 0, 3019.9029999999997926, 0, 3021.8249999999998181, 0, 3019.9029999999997926, 0, 3021.8249999999998181, 97.109961276720056844, 3019.9029999999997926, 1
3021.8359999999997854, 109.77079549574163764, 3019.9079999999999018, 1, 3021.8359999999997854, 0, 3019.9079999999999018, 0, 3021.8359999999997854, 0, 3019.9079999999999018, 0, 3021.8359999999997854, 98.964069990802826737, 3019.9079999999999018, 1
3021.8460000000000036, 107.90586746365909221, 3019.9130000000000109, 1, 3021.8460000000000036, 0, 3019.9130000000000109, 0, 3021.8460000000000036, 0, 3019.9130000000000109, 0, 3021.8460000000000036, 98.763764991273575333, 3019.9130000000000109, 1
3021.8659999999999854, 107.55421177640172914, 3019.918999999999869, 1, 3021.8659999999999854, 0, 3019.918999999999869, 0, 3021.8659999999999854, 0, 3019.918999999999869, 0, 3021.8659999999999854, 102.95019205949530772, 3019.918999999999869, 1
3021.8659999999999854, 106.5484997341940101, 3019.9239999999999782, 1, 3021.8659999999999854, 0, 3019.9239999999999782, 0, 3021.8659999999999854, 0, 3019.9239999999999782, 0, 3021.8659999999999854, 104.83463056407595104, 3019.9239999999999782, 1
3021.8760000000002037, 105.38622094872390278, 3019.9299999999998363, 1, 3021.8760000000002037, 0, 3019.9299999999998363, 0, 3021.8760000000002037, 0, 3019.9299999999998363, 0, 3021.8760000000002037, 107.38814473511192205, 3019.9299999999998363, 1
3021.8859999999999673, 102.29843951357796072, 3019.9340000000001965, 1, 3021.8859999999999673, 0, 3019.9340000000001965, 0, 3021.8859999999999673, 0, 3019.9340000000001965, 0, 3021.8859999999999673, 106.69686219376933423, 3019.9340000000001965, 1
3021.8960000000001855, 100.9336361476793229, 3019.9380000000001019, 1, 3021.8960000000001855, 0, 3019.9380000000001019, 0, 3021.8960000000001855, 0, 3019.9380000000001019, 0, 3021.8960000000001855, 110.37570420147159211, 3019.9380000000001019, 1
3021.9070000000001528, 99.758685387695706481, 3019.94399999999996, 1, 3021.9070000000001528, 0, 3019.94399999999996, 0, 3021.9070000000001528, 0, 3019.94399999999996, 0, 3021.9070000000001528, 111.56401375535962472, 3019.94399999999996, 1
3021.9160000000001673, 98.3713922877048077, 3019.9479999999998654, 1, 3021.9160000000001673, 0, 3019.9479999999998654, 0, 3021.9160000000001673, 0, 3019.9479999999998654, 0, 3021.9160000000001673, 115.49225710008389001, 3019.9479999999998654, 1
3021.9259999999999309, 98.054807299185029024, 3019.9529999999999745, 1, 3021.9259999999999309, 290.12681019505993163, 3019.9529999999999745, 0, 3021.9259999999999309, 0, 3019.9529999999999745, 0, 3021.9259999999999309, 112.24103949886558951, 3019.9529999999999745, 1
3021.9360000000001492, 53.282341021817970272, 3019.9589999999998327, 1, 3021.9360000000001492, 310.87682448738291896, 3019.9589999999998327, 0, 3021.9360000000001492, 213.22108665489770374, 3019.9589999999998327, 0, 3021.9360000000001492, 114.09834803892758259, 3019.9589999999998327, 1
3021.956000000000131, 5.9757757640720043923, 3019.9639999999999418, 1, 3021.956000000000131, 149.65550416426705738, 3019.9639999999999418, 0, 3021.956000000000131, 161.87147445498180787, 3019.9639999999999418, 0, 3021.956000000000131, 34.010106154244887477, 3019.9639999999999418, 1
3021.956000000000131, 0, 3019.9679999999998472, 1, 3021.956000000000131, 27.798352091389823215, 3019.9679999999998472, 0, 3021.956000000000131, 50.541591749416575396, 3019.9679999999998472, 0, 3021.956000000000131, 36.75025739153689841, 3019.9679999999998472, 1
3021.9659999999998945, 0, 3019.9729999999999563, 1, 3021.9659999999998945, 12.437877984513034946, 3019.9729999999999563, 0, 3021.9659999999998945, 26.664283540283012286, 3019.9729999999999563, 0, 3021.9659999999998945, 41.749017792628478674, 3019.9729999999999563, 1
3021.9859999999998763, 0, 3019.9789999999998145, 1, 3021.9859999999998763, 21.592479387299142957, 3019.9789999999998145, 0, 3021.9859999999998763, 21.759081808955080817, 3019.9789999999998145, 0, 3021.9859999999998763, 46.239316778781926587, 3019.9789999999998145, 1
3021.9859999999998763, 47.512466534657960437, 3019.9830000000001746, 1, 3021.9859999999998763, 42.008264883218316754, 3019.9830000000001746, 1, 3021.9859999999998763, 23.889997836717775215, 3019.9830000000001746, 1, 3021.9859999999998763, 50.631575016729669869, 3019.9830000000001746, 1
3021.9960000000000946, 47.682252934233758879, 3019.987999999999829, 1, 3021.9960000000000946, 50.61725408773340007, 3019.987999999999829, 1, 3021.9960000000000946, 24.234197398641743604, 3019.987999999999829, 1, 3021.9960000000000946, 55.480083335886881457, 3019.987999999999829, 1
3022.0059999999998581, 54.332920051869535882, 3019.9929999999999382, 1, 3022.0059999999998581, 55.968138227254108585, 3019.9929999999999382, 1, 3022.0059999999998581, 25.855509462802316989, 3019.9929999999999382, 1, 3022.0059999999998581, 52.952347846865855274, 3019.9929999999999382, 1
3022.0259999999998399, 53.774912168827981418, 3020, 1, 3022.0259999999998399, 61.551176695799782124, 3020, 1, 3022.0259999999998399, 27.432024905831212891, 3020, 1, 3022.0259999999998399, 42.413820668554819804, 3020, 1
3022.0259999999998399, 38.974160094975317747, 3020.0050000000001091, 1, 3022.0259999999998399, 64.253053366684596881, 3020.0050000000001091, 1, 3022.0259999999998399, 52.420334297433392123, 3020.0050000000001091, 1, 3022.0259999999998399, 33.072954078347898133, 3020.0050000000001091, 1
3022.0459999999998217, 0, 3020.0079999999998108, 1, 3022.0459999999998217, 88.854783975181490518, 3020.0079999999998108, 1, 3022.0459999999998217, 72.208425542223096727, 3020.0079999999998108, 1, 3022.0459999999998217, 0, 3020.0079999999998108, 1
3022.0459999999998217, 0, 3020.012000000000171, 1, 3022.0459999999998217, 105.30257086218861673, 3020.012000000000171, 1, 3022.0459999999998217, 80.367396955927034696, 3020.012000000000171, 1, 3022.0459999999998217, 0, 3020.012000000000171, 1
3022.0549999999998363, 0, 3020.0180000000000291, 1, 3022.0549999999998363, 116.80503851023621564, 3020.0180000000000291, 1, 3022.0549999999998363, 78.841021447186477644, 3020.0180000000000291, 1, 3022.0549999999998363, 0, 3020.0180000000000291, 1
3022.0650000000000546, 0, 3020.0230000000001382, 1, 3022.0650000000000546, 123.3955690798711089, 3020.0230000000001382, 1, 3022.0650000000000546, 74.041599152250910265, 3020.0230000000001382, 1, 3022.0650000000000546, 0, 3020.0230000000001382, 1
3022.0749999999998181, 0, 3020.0289999999999964, 1, 3022.0749999999998181, 125.91904939266841268, 3020.0289999999999964, 1, 3022.0749999999998181, 72.136239661793922551, 3020.0289999999999964, 1, 3022.0749999999998181, 0, 3020.0289999999999964, 1
3022.0850000000000364, 0, 3020.0329999999999018, 1, 3022.0850000000000364, 126.2633305459289943, 3020.0329999999999018, 1, 3022.0850000000000364, 71.577362533616977203, 3020.0329999999999018, 1, 3022.0850000000000364, 0, 3020.0329999999999018, 1
3022.0949999999997999, 0, 3020.0390000000002146, 1, 3022.0949999999997999, 126.73608549710893101, 3020.0390000000002146, 1, 3022.0949999999997999, 72.689278662950897569, 3020.0390000000002146, 1, 3022.0949999999997999, 0, 3020.0390000000002146, 1
3022.1060000000002219, 0, 3020.0430000000001201, 1, 3022.1060000000002219, 125.07711801371651461, 3020.0430000000001201, 1, 3022.1060000000002219, 74.940803798048960971, 3020.0430000000001201, 1, 3022.1060000000002219, 0, 3020.0430000000001201, 1
3022.1159999999999854, 0, 3020.0479999999997744, 1, 3022.1159999999999854, 122.64597079648815736, 3020.0479999999997744, 1, 3022.1159999999999854, 78.75810708282728001, 3020.0479999999997744, 1, 3022.1159999999999854, 0, 3020.0479999999997744, 1
3022.125, 0, 3020.0520000000001346, 1, 3022.125, 120.04749928930195324, 3020.0520000000001346, 1, 3022.125, 83.412637540895900656, 3020.0520000000001346, 1, 3022.125, 0, 3020.0520000000001346, 1
3022.1350000000002183, 0, 3020.0599999999999454, 0, 3022.1350000000002183, 117.1496492177979718, 3020.0599999999999454, 1, 3022.1350000000002183, 89.206140855990355476, 3020.0599999999999454, 1, 3022.1350000000002183, 0, 3020.0599999999999454, 0
3022.1449999999999818, 0, 3020.0630000000001019, 0, 3022.1449999999999818, 115.16418884078483131, 3020.0630000000001019, 1, 3022.1449999999999818, 92.319980027834219527, 3020.0630000000001019, 1, 3022.1449999999999818, 0, 3020.0630000000001019, 0
3022.1550000000002001, 0, 3020.06899999999996, 0, 3022.1550000000002001, 108.88501005733502325, 3020.06899999999996, 1, 3022.1550000000002001, 95.316177159837252475, 3020.06899999999996, 1, 3022.1550000000002001, 0, 3020.06899999999996, 0
3022.1649999999999636, 0, 3020.0729999999998654, 0, 3022.1649999999999636, 104.94884972870823958, 3020.0729999999998654, 1, 3022.1649999999999636, 95.819561572943911187, 3020.0729999999998654, 1, 3022.1649999999999636, 0, 3020.0729999999998654, 0
3022.1759999999999309, 0, 3020.0779999999999745, 0, 3022.1759999999999309, 100.9853632102140466, 3020.0779999999999745, 1, 3022.1759999999999309, 100.43423820097029875, 3020.0779999999999745, 1, 3022.1759999999999309, 0, 3020.0779999999999745, 0
3022.1860000000001492, 0, 3020.0830000000000837, 0, 3022.1860000000001492, 102.46830766865747364, 3020.0830000000000837, 1, 3022.1860000000001492, 103.05722598334696727, 3020.0830000000000837, 1, 3022.1860000000001492, 0, 3020.0830000000000837, 0
3022.1950000000001637, 0, 3020.0880000000001928, 0, 3022.1950000000001637, 107.13089238628911914, 3020.0880000000001928, 1, 3022.1950000000001637, 106.29485373030806272, 3020.0880000000001928, 1, 3022.1950000000001637, 0, 3020.0880000000001928, 0
3022.2049999999999272, 0, 3020.0940000000000509, 0, 3022.2049999999999272, 107.62211217813934638, 3020.0940000000000509, 1, 3022.2049999999999272, 108.74673944412100468, 3020.0940000000000509, 1, 3022.2049999999999272, 0, 3020.0940000000000509, 0
3022.2249999999999091, 0, 3020.0970000000002074, 0, 3022.2249999999999091, 104.70083435127631333, 3020.0970000000002074, 1, 3022.2249999999999091, 110.82459931235305817, 3020.0970000000002074, 1, 3022.2249999999999091, 0, 3020.0970000000002074, 0
3022.2350000000001273, 0, 3020.1030000000000655, 0, 3022.2350000000001273, 101.20400633794443479, 3020.1030000000000655, 1, 3022.2350000000001273, 113.04577465779777867, 3020.1030000000000655, 1, 3022.2350000000001273, 0, 3020.1030000000000655, 0
3022.2449999999998909, 0, 3020.1080000000001746, 0, 3022.2449999999998909, 98.176579041186528229, 3020.1080000000001746, 1, 3022.2449999999998909, 114.63757171695866077, 3020.1080000000001746, 1, 3022.2449999999998909, 0, 3020.1080000000001746, 0
3022.2559999999998581, 308.11881966387437615, 3020.1140000000000327, 0, 3022.2559999999998581, 81.997202295173181597, 3020.1140000000000327, 1, 3022.2559999999998581, 111.42399164367301978, 3020.1140000000000327, 1, 3022.2559999999998581, 0, 3020.1140000000000327, 0
3022.2559999999998581, 301.72111735052345693, 3020.1179999999999382, 0, 3022.2559999999998581, 21.307594563178366087, 3020.1179999999999382, 1, 3022.2559999999998581, 119.83491096599999537, 3020.1179999999999382, 1, 3022.2559999999998581, 0, 3020.1179999999999382, 0
3022.2660000000000764, 154.68746818415959865, 3020.1230000000000473, 0, 3022.2660000000000764, 0, 3020.1230000000000473, 1, 3022.2660000000000764, 102.88240709748251334, 3020.1230000000000473, 1, 3022.2660000000000764, 0, 3020.1230000000000473, 0
3022.2860000000000582, 30.702589990970647449, 3020.1280000000001564, 0, 3022.2860000000000582, 0, 3020.1280000000001564, 1, 3022.2860000000000582, 56.755321905467781107, 3020.1280000000001564, 1, 3022.2860000000000582, 108.88168286834439868, 3020.1280000000001564, 0
3022.2860000000000582, 19.048733645445267371, 3020.1329999999998108, 0, 3022.2860000000000582, 0, 3020.1329999999998108, 1, 3022.2860000000000582, 24.116418362057775227, 3020.1329999999998108, 1, 3022.2860000000000582, 40.019858049542420986, 3020.1329999999998108, 0
3022.2959999999998217, 17.960821761688158915, 3020.13799999999992, 0, 3022.2959999999998217, 0, 3020.13799999999992, 1, 3022.2959999999998217, 27.079940621045725635, 3020.13799999999992, 1, 3022.2959999999998217, 24.70655046973651281, 3020.13799999999992, 0
3022.306999999999789, 35.956067469168857542, 3020.1430000000000291, 0, 3022.306999999999789, 0, 3020.1430000000000291, 1, 3022.306999999999789, 31.062044086407709642, 3020.1430000000000291, 1, 3022.306999999999789, 24.735163733427320665, 3020.1430000000000291, 0
3022.3159999999998035, 61.639430821865929033, 3020.1489999999998872, 0, 3022.3159999999998035, 48.274565852364702323, 3020.1489999999998872, 1, 3022.3159999999998035, 36.070711542070718281, 3020.1489999999998872, 1, 3022.3159999999998035, 25.966347109252662761, 3020.1489999999998872, 0
3022.3249999999998181, 73.393454523604503947, 3020.1529999999997926, 0, 3022.3249999999998181, 47.975812990115869638, 3020.1529999999997926, 1, 3022.3249999999998181, 38.422974650835229227, 3020.1529999999997926, 1, 3022.3249999999998181, 19.502225422031294499, 3020.1529999999997926, 0
3022.3460000000000036, 76.721560781550792285, 3020.1579999999999018, 0, 3022.3460000000000036, 53.942551804778759106, 3020.1579999999999018, 1, 3022.3460000000000036, 39.83361316814838915, 3020.1579999999999018, 1, 3022.3460000000000036, 20.063836464821857675, 3020.1579999999999018, 0
3022.3560000000002219, 64.44361335984950756, 3020.1619999999998072, 0, 3022.3560000000002219, 85.911057385768316408, 3020.1619999999998072, 1, 3022.3560000000002219, 117.67090917263939787, 3020.1619999999998072, 1, 3022.3560000000002219, 41.218052087608342049, 3020.1619999999998072, 0
3022.3560000000002219, 50.959806793131150471, 3020.168999999999869, 0, 3022.3560000000002219, 0, 3020.168999999999869, 1, 3022.3560000000002219, 69.979129573608673809, 3020.168999999999869, 1, 3022.3560000000002219, 56.921799602343980951, 3020.168999999999869, 0
3022.3659999999999854, 81.556603143014712032, 3020.1739999999999782, 0, 3022.3659999999999854, 0, 3020.1739999999999782, 1, 3022.3659999999999854, 0, 3020.1739999999999782, 1, 3022.3659999999999854, 60.865903957413010517, 3020.1739999999999782, 0
3022.3769999999999527, 102.0462416619473629, 3020.1779999999998836, 0, 3022.3769999999999527, 0, 3020.1779999999998836, 1, 3022.3769999999999527, 0, 3020.1779999999998836, 1, 3022.3769999999999527, 69.27282499137835714, 3020.1779999999998836, 0
3022.387000000000171, 112.41119617908100281, 3020.18100000000004, 0, 3022.387000000000171, 0, 3020.18100000000004, 1, 3022.387000000000171, 0, 3020.18100000000004, 1, 3022.387000000000171, 73.095260502303830208, 3020.18100000000004, 0
3022.3960000000001855, 117.04333910710749933, 3020.1880000000001019, 0, 3022.3960000000001855, 0, 3020.1880000000001019, 1, 3022.3960000000001855, 0, 3020.1880000000001019, 1, 3022.3960000000001855, 75.12667038662814889, 3020.1880000000001019, 0
3022.4050000000002001, 119.04803916700703326, 3020.193000000000211, 0, 3022.4050000000002001, 0, 3020.193000000000211, 1, 3022.4050000000002001, 0, 3020.193000000000211, 1, 3022.4050000000002001, 76.252348938909761955, 3020.193000000000211, 0
3022.4149999999999636, 119.3383826307658353, 3020.1970000000001164, 0, 3022.4149999999999636, 0, 3020.1970000000001164, 1, 3022.4149999999999636, 0, 3020.1970000000001164, 1, 3022.4149999999999636, 78.354711538296385243, 3020.1970000000001164, 0
3022.4250000000001819, 118.63370492152753854, 3020.2020000000002256, 0, 3022.4250000000001819, 0, 3020.2020000000002256, 1, 3022.4250000000001819, 0, 3020.2020000000002256, 1, 3022.4250000000001819, 80.964741493923980897, 3020.2020000000002256, 0
3022.4360000000001492, 117.19818098562711839, 3020.2080000000000837, 0, 3022.4360000000001492, 0, 3020.2080000000000837, 1, 3022.4360000000001492, 0, 3020.2080000000000837, 1, 3022.4360000000001492, 84.982998322482131925, 3020.2080000000000837, 0
3022.4450000000001637, 114.86537592605155567, 3020.2130000000001928, 0, 3022.4450000000001637, 0, 3020.2130000000001928, 1, 3022.4450000000001637, 0, 3020.2130000000001928, 1, 3022.4450000000001637, 88.078434293055607895, 3020.2130000000001928, 0
3022.456000000000131, 113.03049736669892411, 3020.2179999999998472, 0, 3022.456000000000131, 0, 3020.2179999999998472, 1, 3022.456000000000131, 0, 3020.2179999999998472, 1, 3022.456000000000131, 92.505202576264821346, 3020.2179999999998472, 0
3022.4659999999998945, 111.65746315466552119, 3020.2240000000001601, 0, 3022.4659999999998945, 0, 3020.2240000000001601, 1, 3022.4659999999998945, 0, 3020.2240000000001601, 1, 3022.4659999999998945, 95.371667019566714885, 3020.2240000000001601, 0
3022.4760000000001128, 109.69685099513023374, 3020.2289999999998145, 0, 3022.4760000000001128, 0, 3020.2289999999998145, 1, 3022.4760000000001128, 0, 3020.2289999999998145, 1, 3022.4760000000001128, 99.333776238591113383, 3020.2289999999998145, 0
3022.4859999999998763, 107.80663802918218153, 3020.2350000000001273, 0, 3022.4859999999998763, 0, 3020.2350000000001273, 1, 3022.4859999999998763, 0, 3020.2350000000001273, 1, 3022.4859999999998763, 99.287548292561979224, 3020.2350000000001273, 0
3022.4960000000000946, 106.56778234068731592, 3020.237999999999829, 0, 3022.4960000000000946, 0, 3020.237999999999829, 1, 3022.4960000000000946, 0, 3020.237999999999829, 1, 3022.4960000000000946, 101.09968654625058093, 3020.237999999999829, 0
3022.5160000000000764, 105.46065824934537147, 3020.2429999999999382, 0, 3022.5160000000000764, 0, 3020.2429999999999382, 1, 3022.5160000000000764, 0, 3020.2429999999999382, 1, 3022.5160000000000764, 103.32345644048649547, 3020.2429999999999382, 0
3022.5160000000000764, 104.34614226387981262, 3020.2480000000000473, 0, 3022.5160000000000764, 0, 3020.2480000000000473, 1, 3022.5160000000000764, 0, 3020.2480000000000473, 1, 3022.5160000000000764, 103.63983425173955766, 3020.2480000000000473, 0
3022.5259999999998399, 103.77913069133816748, 3020.2530000000001564, 0, 3022.5259999999998399, 0, 3020.2530000000001564, 1, 3022.5259999999998399, 0, 3020.2530000000001564, 1, 3022.5259999999998399, 108.502093524808231, 3020.2530000000001564, 0
3022.5360000000000582, 101.24421929747020954, 3020.2579999999998108, 0, 3022.5360000000000582, 0, 3020.2579999999998108, 1, 3022.5360000000000582, 0, 3020.2579999999998108, 1, 3022.5360000000000582, 108.01257919384048023, 3020.2579999999998108, 0
3022.5450000000000728, 99.612849835421059197, 3020.2640000000001237, 0, 3022.5450000000000728, 0, 3020.2640000000001237, 1, 3022.5450000000000728, 0, 3020.2640000000001237, 1, 3022.5450000000000728, 111.94502951604914642, 3020.2640000000001237, 0
3022.5549999999998363, 98.765452785867765328, 3020.2680000000000291, 0, 3022.5549999999998363, 0, 3020.2680000000000291, 1, 3022.5549999999998363, 0, 3020.2680000000000291, 1, 3022.5549999999998363, 114.87570781521756658, 3020.2680000000000291, 0
3022.5659999999998035, 96.80997598003092719, 3020.2730000000001382, 0, 3022.5659999999998035, 0, 3020.2730000000001382, 1, 3022.5659999999998035, 0, 3020.2730000000001382, 1, 3022.5659999999998035, 113.94057665605546958, 3020.2730000000001382, 0
3022.5850000000000364, 97.195160332990127472, 3020.2779999999997926, 0, 3022.5850000000000364, 277.02771588143150439, 3020.2779999999997926, 1, 3022.5850000000000364, 0, 3020.2779999999997926, 1, 3022.5850000000000364, 112.96841062063602124, 3020.2779999999997926, 0
3022.5850000000000364, 52.962601872303579853, 3020.2840000000001055, 0, 3022.5850000000000364, 311.44806872438095979, 3020.2840000000001055, 1, 3022.5850000000000364, 210.14795031119757596, 3020.2840000000001055, 1, 3022.5850000000000364, 116.00296780947556385, 3020.2840000000001055, 0
3022.5949999999997999, 5.8521238532438655255, 3020.2880000000000109, 0, 3022.5949999999997999, 129.63240702729305553, 3020.2880000000000109, 1, 3022.5949999999997999, 153.12871941362195116, 3020.2880000000000109, 1, 3022.5949999999997999, 41.03779077211044779, 3020.2880000000000109, 0
3022.6060000000002219, 0, 3020.2930000000001201, 0, 3022.6060000000002219, 27.480894386919590744, 3020.2930000000001201, 1, 3022.6060000000002219, 51.311893656905873229, 3020.2930000000001201, 1, 3022.6060000000002219, 36.764211102675773191, 3020.2930000000001201, 0
3022.6179999999999382, 0, 3020.2979999999997744, 0, 3022.6179999999999382, 15.491607404134002834, 3020.2979999999997744, 1, 3022.6179999999999382, 27.879706617698744253, 3020.2979999999997744, 1, 3022.6179999999999382, 41.075264074881346232, 3020.2979999999997744, 0
3022.6260000000002037, 0, 3020.3029999999998836, 0, 3022.6260000000002037, 28.042048246405286704, 3020.3029999999998836, 1, 3022.6260000000002037, 21.672906158606974003, 3020.3029999999998836, 1, 3022.6260000000002037, 45.044765464861797, 3020.3029999999998836, 0
3022.6469999999999345, 49.485766261237380093, 3020.3079999999999927, 0, 3022.6469999999999345, 46.332557350035983745, 3020.3079999999999927, 1, 3022.6469999999999345, 23.746079036946575513, 3020.3079999999999927, 1, 3022.6469999999999345, 48.352527653724891366, 3020.3079999999999927, 0
3022.6469999999999345, 50.184038088955873036, 3020.3130000000001019, 1, 3022.6469999999999345, 52.841683290409569906, 3020.3130000000001019, 1, 3022.6469999999999345, 24.855838076525230917, 3020.3130000000001019, 1, 3022.6469999999999345, 52.899643115355367229, 3020.3130000000001019, 1
3022.6570000000001528, 56.305213277910596048, 3020.318000000000211, 1, 3022.6570000000001528, 56.23716916194612736, 3020.318000000000211, 1, 3022.6570000000001528, 26.358494999408726756, 3020.318000000000211, 1, 3022.6570000000001528, 51.163128833401628981, 3020.318000000000211, 1
3022.6669999999999163, 53.057216470834354993, 3020.3229999999998654, 1, 3022.6669999999999163, 60.503328109227524578, 3020.3229999999998654, 1, 3022.6669999999999163, 27.894750917910716481, 3020.3229999999998654, 1, 3022.6669999999999163, 39.256239321847466783, 3020.3229999999998654, 1
3022.6770000000001346, 31.242801847304150442, 3020.3279999999999745, 1, 3022.6770000000001346, 64.025348158083701833, 3020.3279999999999745, 1, 3022.6770000000001346, 55.061552342753863343, 3020.3279999999999745, 1, 3022.6770000000001346, 25.202606479351484126, 3020.3279999999999745, 1
3022.6869999999998981, 0, 3020.3330000000000837, 1, 3022.6869999999998981, 89.214906004283221819, 3020.3330000000000837, 1, 3022.6869999999998981, 74.584989322770837816, 3020.3330000000000837, 1, 3022.6869999999998981, 0, 3020.3330000000000837, 1
3022.6959999999999127, 0, 3020.3380000000001928, 1, 3022.6959999999999127, 108.26972771037833354, 3020.3380000000001928, 1, 3022.6959999999999127, 79.606946172631126046, 3020.3380000000001928, 1, 3022.6959999999999127, 0, 3020.3380000000001928, 1
3022.7069999999998799, 0, 3020.3420000000000982, 1, 3022.7069999999998799, 119.38572565766551747, 3020.3420000000000982, 1, 3022.7069999999998799, 76.483792864818809676, 3020.3420000000000982, 1, 3022.7069999999998799, 0, 3020.3420000000000982, 1
3022.7159999999998945, 0, 3020.3490000000001601, 1, 3022.7159999999998945, 124.61817207973086852, 3020.3490000000001601, 1, 3022.7159999999998945, 73.039769878403262737, 3020.3490000000001601, 1, 3022.7159999999998945, 0, 3020.3490000000001601, 1
3022.7359999999998763, 0, 3020.3530000000000655, 1, 3022.7359999999998763, 127.04313534720566281, 3020.3530000000000655, 1, 3022.7359999999998763, 71.067040208418944758, 3020.3530000000000655, 1, 3022.7359999999998763, 0, 3020.3530000000000655, 1
3022.73700000000008, 0, 3020.3580000000001746, 1, 3022.73700000000008, 127.00469600368833767, 3020.3580000000001746, 1, 3022.73700000000008, 70.939577227429182926, 3020.3580000000001746, 1, 3022.73700000000008, 0, 3020.3580000000001746, 1
3022.7570000000000618, 0, 3020.362999999999829, 1, 3022.7570000000000618, 125.93889156300971877, 3020.362999999999829, 1, 3022.7570000000000618, 73.055967250245259947, 3020.362999999999829, 1, 3022.7570000000000618, 0, 3020.362999999999829, 1
3022.7590000000000146, 0, 3020.3690000000001419, 1, 3022.7590000000000146, 124.10590861439959554, 3020.3690000000001419, 1, 3022.7590000000000146, 77.23122455421827226, 3020.3690000000001419, 1, 3022.7590000000000146, 0, 3020.3690000000001419, 1
3022.7770000000000437, 0, 3020.3730000000000473, 1, 3022.7770000000000437, 122.53357014519204427, 3020.3730000000000473, 1, 3022.7770000000000437, 76.926579311298809216, 3020.3730000000000473, 1, 3022.7770000000000437, 0, 3020.3730000000000473, 1
3022.7770000000000437, 0, 3020.3789999999999054, 1, 3022.7770000000000437, 119.69815270326745349, 3020.3789999999999054, 1, 3022.7770000000000437, 83.388060182067704318, 3020.3789999999999054, 1, 3022.7770000000000437, 0, 3020.3789999999999054, 1
3022.7869999999998072, 0, 3020.3829999999998108, 1, 3022.7869999999998072, 117.52156627449500093, 3020.3829999999998108, 1, 3022.7869999999998072, 86.921118684761836448, 3020.3829999999998108, 1, 3022.7869999999998072, 0, 3020.3829999999998108, 1
3022.7970000000000255, 0, 3020.38799999999992, 1, 3022.7970000000000255, 114.69480355858652842, 3020.38799999999992, 0, 3022.7970000000000255, 91.393296680474009008, 3020.38799999999992, 0, 3022.7970000000000255, 0, 3020.38799999999992, 1
3022.806999999999789, 0, 3020.3949999999999818, 1, 3022.806999999999789, 112.16160441232952394, 3020.3949999999999818, 0, 3022.806999999999789, 93.099051385470943387, 3020.3949999999999818, 0, 3022.806999999999789, 0, 3020.3949999999999818, 1
3022.8260000000000218, 0, 3020.3989999999998872, 1, 3022.8260000000000218, 110.52454894181873613, 3020.3989999999998872, 0, 3022.8260000000000218, 94.603190752855539358, 3020.3989999999998872, 0, 3022.8260000000000218, 0, 3020.3989999999998872, 1
3022.8260000000000218, 0, 3020.4029999999997926, 1, 3022.8260000000000218, 108.53656464644168977, 3020.4029999999997926, 0, 3022.8260000000000218, 96.756838702344296621, 3020.4029999999997926, 0, 3022.8260000000000218, 0, 3020.4029999999997926, 1
3022.8369999999999891, 0, 3020.4079999999999018, 1, 3022.8369999999999891, 106.73210032310848305, 3020.4079999999999018, 0, 3022.8369999999999891, 98.938225983605036618, 3020.4079999999999018, 0, 3022.8369999999999891, 0, 3020.4079999999999018, 1
3022.8470000000002074, 0, 3020.4149999999999636, 1, 3022.8470000000002074, 104.18834037429000716, 3020.4149999999999636, 0, 3022.8470000000002074, 99.282688186263470698, 3020.4149999999999636, 0, 3022.8470000000002074, 0, 3020.4149999999999636, 1
3022.8569999999999709, 0, 3020.4180000000001201, 1, 3022.8569999999999709, 102.40904379462548945, 3020.4180000000001201, 0, 3022.8569999999999709, 102.96385919115786578, 3020.4180000000001201, 0, 3022.8569999999999709, 0, 3020.4180000000001201, 1
3022.8670000000001892, 0, 3020.4239999999999782, 1, 3022.8670000000001892, 100.45753700566072553, 3020.4239999999999782, 0, 3022.8670000000001892, 106.90848560197130723, 3020.4239999999999782, 0, 3022.8670000000001892, 0, 3020.4239999999999782, 1
3022.8769999999999527, 0, 3020.4279999999998836, 1, 3022.8769999999999527, 98.270364960133704813, 3020.4279999999998836, 0, 3022.8769999999999527, 110.78486622529305805, 3020.4279999999998836, 0, 3022.8769999999999527, 0, 3020.4279999999998836, 1
3022.8969999999999345, 0, 3020.4329999999999927, 1, 3022.8969999999999345, 95.930104257088743225, 3020.4329999999999927, 0, 3022.8969999999999345, 109.67824573566571189, 3020.4329999999999927, 0, 3022.8969999999999345, 0, 3020.4329999999999927, 1
3022.8969999999999345, 308.88943692827893983, 3020.4380000000001019, 1, 3022.8969999999999345, 68.788619894585167458, 3020.4380000000001019, 0, 3022.8969999999999345, 112.53842274347152852, 3020.4380000000001019, 0, 3022.8969999999999345, 0, 3020.4380000000001019, 1
3022.9070000000001528, 292.02490560130769381, 3020.443000000000211, 1, 3022.9070000000001528, 14.612724986214571388, 3020.443000000000211, 0, 3022.9070000000001528, 124.2938739265710808, 3020.443000000000211, 0, 3022.9070000000001528, 0, 3020.443000000000211, 1
3022.9169999999999163, 160.00591917704144862, 3020.4479999999998654, 1, 3022.9169999999999163, 0, 3020.4479999999998654, 0, 3022.9169999999999163, 98.123314220946383557, 3020.4479999999998654, 0, 3022.9169999999999163, 0, 3020.4479999999998654, 1
3022.9270000000001346, 34.401112000907239974, 3020.4529999999999745, 1, 3022.9270000000001346, 0, 3020.4529999999999745, 0, 3022.9270000000001346, 48.108846177293543178, 3020.4529999999999745, 0, 3022.9270000000001346, 99.323493442949626342, 3020.4529999999999745, 1
3022.9470000000001164, 22.304627623256763513, 3020.4589999999998327, 1, 3022.9470000000001164, 0, 3020.4589999999998327, 0, 3022.9470000000001164, 26.381173399456713469, 3020.4589999999998327, 0, 3022.9470000000001164, 33.654871144576624431, 3020.4589999999998327, 1
3022.9470000000001164, 21.742306516822011986, 3020.4630000000001928, 1, 3022.9470000000001164, 0, 3020.4630000000001928, 0, 3022.9470000000001164, 31.073444155785136189, 3020.4630000000001928, 0, 3022.9470000000001164, 20.792447428273749921, 3020.4630000000001928, 1
3022.9569999999998799, 40.842174846017627488, 3020.4679999999998472, 1, 3022.9569999999998799, 0, 3020.4679999999998472, 0, 3022.9569999999998799, 34.458094375595806014, 3020.4679999999998472, 0, 3022.9569999999998799, 22.964905960932576079, 3020.4679999999998472, 1
3022.9670000000000982, 65.168611071663349321, 3020.4729999999999563, 1, 3022.9670000000000982, 68.212823077083015733, 3020.4729999999999563, 0, 3022.9670000000000982, 37.711131948397515146, 3020.4729999999999563, 0, 3022.9670000000000982, 27.263346843136577746, 3020.4729999999999563, 1
3022.9769999999998618, 77.595982527560835251, 3020.4780000000000655, 1, 3022.9769999999998618, 46.864649624904309633, 3020.4780000000000655, 0, 3022.9769999999998618, 40.435127066327510192, 3020.4780000000000655, 0, 3022.9769999999998618, 21.644266495531724104, 3020.4780000000000655, 1
3022.98700000000008, 78.767042774681669925, 3020.4830000000001746, 1, 3022.98700000000008, 56.160079870020851445, 3020.4830000000001746, 0, 3022.98700000000008, 40.381667473403005886, 3020.4830000000001746, 0, 3022.98700000000008, 19.605901122355692934, 3020.4830000000001746, 1
3022.9969999999998436, 52.221619491275617975, 3020.487999999999829, 1, 3022.9969999999998436, 103.43875805301351534, 3020.487999999999829, 0, 3022.9969999999998436, 150.48386005395036591, 3020.487999999999829, 0, 3022.9969999999998436, 42.36162353536498415, 3020.487999999999829, 1
3023.0070000000000618, 49.721846146184546456, 3020.4929999999999382, 1, 3023.0070000000000618, 0, 3020.4929999999999382, 0, 3023.0070000000000618, 49.522613393843798235, 3020.4929999999999382, 0, 3023.0070000000000618, 45.48162223758126288, 3020.4929999999999382, 1
3023.0259999999998399, 79.456756181164365671, 3020.4980000000000473, 1, 3023.0259999999998399, 0, 3020.4980000000000473, 0, 3023.0259999999998399, 0, 3020.4980000000000473, 0, 3023.0259999999998399, 58.889715818098906652, 3020.4980000000000473, 1
3023.0259999999998399, 98.883793550057106359, 3020.5030000000001564, 1, 3023.0259999999998399, 0, 3020.5030000000001564, 0, 3023.0259999999998399, 0, 3020.5030000000001564, 0, 3023.0259999999998399, 68.065124838768710447, 3020.5030000000001564, 1
3023.0430000000001201, 110.21003543537653968, 3020.5079999999998108, 1, 3023.0430000000001201, 0, 3020.5079999999998108, 0, 3023.0430000000001201, 0, 3020.5079999999998108, 0, 3023.0430000000001201, 72.244520345161959085, 3020.5079999999998108, 1
3023.0670000000000073, 120.47294402007184999, 3020.51299999999992, 1, 3023.0670000000000073, 0, 3020.51299999999992, 0, 3023.0670000000000073, 0, 3020.51299999999992, 0, 3023.0670000000000073, 75.775902689838815718, 3020.51299999999992, 1
3023.0670000000000073, 119.60868577557297954, 3020.5180000000000291, 1, 3023.0670000000000073, 0, 3020.5180000000000291, 0, 3023.0670000000000073, 0, 3020.5180000000000291, 0, 3023.0670000000000073, 77.198826866717794815, 3020.5180000000000291, 1
3023.0760000000000218, 119.28225986735918696, 3020.5239999999998872, 1, 3023.0760000000000218, 0, 3020.5239999999998872, 0, 3023.0760000000000218, 0, 3020.5239999999998872, 0, 3023.0760000000000218, 79.902776911810093452, 3020.5239999999998872, 1
3023.0869999999999891, 117.74590084843876525, 3020.5270000000000437, 1, 3023.0869999999999891, 0, 3020.5270000000000437, 0, 3023.0869999999999891, 0, 3020.5270000000000437, 0, 3023.0869999999999891, 82.236755986271333541, 3020.5270000000000437, 1
3023.0970000000002074, 115.79348592085469249, 3020.5329999999999018, 1, 3023.0970000000002074, 0, 3020.5329999999999018, 0, 3023.0970000000002074, 0, 3020.5329999999999018, 0, 3023.0970000000002074, 87.518125382204289053, 3020.5329999999999018, 1
3023.1069999999999709, 114.49846743976414132, 3020.5380000000000109, 1, 3023.1069999999999709, 0, 3020.5380000000000109, 0, 3023.1069999999999709, 0, 3020.5380000000000109, 0, 3023.1069999999999709, 89.888101377345947185, 3020.5380000000000109, 1
3023.1170000000001892, 112.2033033426435793, 3020.543999999999869, 1, 3023.1170000000001892, 0, 3020.543999999999869, 0, 3023.1170000000001892, 0, 3020.543999999999869, 0, 3023.1170000000001892, 95.505732691362482001, 3020.543999999999869, 1
3023.1269999999999527, 110.10609622834203947, 3020.5489999999999782, 1, 3023.1269999999999527, 0, 3020.5489999999999782, 0, 3023.1269999999999527, 0, 3020.5489999999999782, 0, 3023.1269999999999527, 96.825077621506181913, 3020.5489999999999782, 1
3023.1469999999999345, 108.70771362750915046, 3020.5529999999998836, 1, 3023.1469999999999345, 0, 3020.5529999999998836, 0, 3023.1469999999999345, 0, 3020.5529999999998836, 0, 3023.1469999999999345, 99.268439818116462448, 3020.5529999999998836, 1
3023.1469999999999345, 107.49696376013443455, 3020.5579999999999927, 1, 3023.1469999999999345, 0, 3020.5579999999999927, 0, 3023.1469999999999345, 0, 3020.5579999999999927, 0, 3023.1469999999999345, 100.71448646285455197, 3020.5579999999999927, 1
3023.1570000000001528, 105.98864521599449517, 3020.5639999999998508, 1, 3023.1570000000001528, 0, 3020.5639999999998508, 0, 3023.1570000000001528, 0, 3020.5639999999998508, 0, 3023.1570000000001528, 103.86105450982972798, 3020.5639999999998508, 1
3023.1669999999999163, 104.51864443210141076, 3020.56899999999996, 1, 3023.1669999999999163, 0, 3020.56899999999996, 0, 3023.1669999999999163, 0, 3020.56899999999996, 0, 3023.1669999999999163, 102.04250649678910179, 3020.56899999999996, 1
3023.1770000000001346, 103.41470715268997083, 3020.5729999999998654, 1, 3023.1770000000001346, 0, 3020.5729999999998654, 0, 3023.1770000000001346, 0, 3020.5729999999998654, 0, 3023.1770000000001346, 104.56241350511133703, 3020.5729999999998654, 1
3023.1869999999998981, 102.28296369808614941, 3020.5779999999999745, 1, 3023.1869999999998981, 0, 3020.5779999999999745, 0, 3023.1869999999998981, 0, 3020.5779999999999745, 0, 3023.1869999999998981, 107.86658932848078507, 3020.5779999999999745, 1
3023.1970000000001164, 100.88906951387400568, 3020.5830000000000837, 1, 3023.1970000000001164, 0, 3020.5830000000000837, 0, 3023.1970000000001164, 0, 3020.5830000000000837, 0, 3023.1970000000001164, 111.66409390955080028, 3020.5830000000000837, 1
3023.2069999999998799, 100.02336310677735298, 3020.5880000000001928, 1, 3023.2069999999998799, 0, 3020.5880000000001928, 0, 3023.2069999999998799, 0, 3020.5880000000001928, 0, 3023.2069999999998799, 115.49311649844878502, 3020.5880000000001928, 1
3023.2269999999998618, 98.553625180206665846, 3020.5940000000000509, 1, 3023.2269999999998618, 0, 3020.5940000000000509, 0, 3023.2269999999998618, 0, 3020.5940000000000509, 0, 3023.2269999999998618, 117.26091030444122509, 3020.5940000000000509, 1
3023.2269999999998618, 98.639944444429474402, 3020.5990000000001601, 1, 3023.2269999999998618, 320.79404627984695253, 3020.5990000000001601, 0, 3023.2269999999998618, 0, 3020.5990000000001601, 0, 3023.2269999999998618, 115.06462668063255705, 3020.5990000000001601, 1
3023.23700000000008, 58.18825209160480938, 3020.6030000000000655, 1, 3023.23700000000008, 301.14207533416794149, 3020.6030000000000655, 0, 3023.23700000000008, 201.7688353076430019, 3020.6030000000000655, 0, 3023.23700000000008, 117.74236428522118558, 3020.6030000000000655, 1
3023.2469999999998436, 5.7316569311821350396, 3020.6080000000001746, 1, 3023.2469999999998436, 141.53253487885373829, 3020.6080000000001746, 0, 3023.2469999999998436, 172.72302150998623915, 3020.6080000000001746, 0, 3023.2469999999998436, 49.676896585746668222, 3020.6080000000001746, 1
3023.2570000000000618, 0, 3020.612999999999829, 1, 3023.2570000000000618, 38.216471365423743123, 3020.612999999999829, 0, 3023.2570000000000618, 58.86745331663942693, 3020.612999999999829, 0, 3023.2570000000000618, 29.263687007235219539, 3020.612999999999829, 1
3023.2770000000000437, 0, 3020.6179999999999382, 1, 3023.2770000000000437, 18.355864033744168751, 3020.6179999999999382, 0, 3023.2770000000000437, 27.399561948698725189, 3020.6179999999999382, 0, 3023.2770000000000437, 38.149414386818264688, 3020.6179999999999382, 1
3023.2880000000000109, 0, 3020.6230000000000473, 1, 3023.2880000000000109, 25.362276940723184282, 3020.6230000000000473, 0, 3023.2880000000000109, 17.767857768740640267, 3020.6230000000000473, 0, 3023.2880000000000109, 44.739895510386666899, 3020.6230000000000473, 1
3023.2880000000000109, 0, 3020.6280000000001564, 1, 3023.2880000000000109, 44.967361984044117662, 3020.6280000000001564, 0, 3023.2880000000000109, 20.912358196504609253, 3020.6280000000001564, 0, 3023.2880000000000109, 47.743477175749447383, 3020.6280000000001564, 1
3023.2979999999997744, 65.900591848553716545, 3020.6329999999998108, 1, 3023.2979999999997744, 56.635521334052839393, 3020.6329999999998108, 0, 3023.2979999999997744, 24.08957096486349414, 3020.6329999999998108, 0, 3023.2979999999997744, 54.843169605347185325, 3020.6329999999998108, 1
3023.306999999999789, 57.219555909337259436, 3020.63799999999992, 1, 3023.306999999999789, 57.408228663673206427, 3020.63799999999992, 1, 3023.306999999999789, 24.812916957043945843, 3020.63799999999992, 1, 3023.306999999999789, 55.607133786994296543, 3020.63799999999992, 1
3023.3270000000002256, 59.104368514955623937, 3020.6430000000000291, 1, 3023.3270000000002256, 60.003061393580722438, 3020.6430000000000291, 1, 3023.3270000000002256, 26.718243477399532537, 3020.6430000000000291, 1, 3023.3270000000002256, 51.159259356048927714, 3020.6430000000000291, 1
3023.3270000000002256, 26.667593869475254564, 3020.6480000000001382, 1, 3023.3270000000002256, 60.806300219491504322, 3020.6480000000001382, 1, 3023.3270000000002256, 47.738627007101712252, 3020.6480000000001382, 1, 3023.3270000000002256, 24.067687105240764822, 3020.6480000000001382, 1
3023.3369999999999891, 0, 3020.6529999999997926, 1, 3023.3369999999999891, 84.834733676968852478, 3020.6529999999997926, 1, 3023.3369999999999891, 71.087133950426576234, 3020.6529999999997926, 1, 3023.3369999999999891, 0, 3020.6529999999997926, 1
3023.3560000000002219, 0, 3020.6579999999999018, 1, 3023.3560000000002219, 104.60126370853598132, 3020.6579999999999018, 1, 3023.3560000000002219, 79.412881994852284606, 3020.6579999999999018, 1, 3023.3560000000002219, 0, 3020.6579999999999018, 1
3023.3560000000002219, 0, 3020.6640000000002146, 1, 3023.3560000000002219, 117.01341761549586806, 3020.6640000000002146, 1, 3023.3560000000002219, 77.057854635488553185, 3020.6640000000002146, 1, 3023.3560000000002219, 0, 3020.6640000000002146, 1
3023.3670000000001892, 0, 3020.668999999999869, 1, 3023.3670000000001892, 125.14377640534883085, 3020.668999999999869, 1, 3023.3670000000001892, 72.851837427722216489, 3020.668999999999869, 1, 3023.3670000000001892, 0, 3020.668999999999869, 1
3023.3769999999999527, 0, 3020.6739999999999782, 1, 3023.3769999999999527, 126.63255557249775052, 3020.6739999999999782, 1, 3023.3769999999999527, 70.731341011552501641, 3020.6739999999999782, 1, 3023.3769999999999527, 0, 3020.6739999999999782, 1
3023.387000000000171, 0, 3020.6779999999998836, 1, 3023.387000000000171, 128.23458303571047168, 3020.6779999999998836, 1, 3023.387000000000171, 70.245295777214195709, 3020.6779999999998836, 1, 3023.387000000000171, 0, 3020.6779999999998836, 1
3023.3960000000001855, 0, 3020.6829999999999927, 1, 3023.3960000000001855, 126.54214008670413705, 3020.6829999999999927, 1, 3023.3960000000001855, 70.549061978480636981, 3020.6829999999999927, 1, 3023.3960000000001855, 0, 3020.6829999999999927, 1
3023.4059999999999491, 0, 3020.6889999999998508, 1, 3023.4059999999999491, 124.66501622137343475, 3020.6889999999998508, 1, 3023.4059999999999491, 74.805288467525684837, 3020.6889999999998508, 1, 3023.4059999999999491, 0, 3020.6889999999998508, 1
3023.4160000000001673, 0, 3020.6959999999999127, 1, 3023.4160000000001673, 123.52900906798694791, 3020.6959999999999127, 1, 3023.4160000000001673, 77.148006074947772959, 3020.6959999999999127, 1, 3023.4160000000001673, 0, 3020.6959999999999127, 1
3023.4259999999999309, 0, 3020.6990000000000691, 1, 3023.4259999999999309, 120.8710299103113357, 3020.6990000000000691, 1, 3023.4259999999999309, 82.028379819496990422, 3020.6990000000000691, 1, 3023.4259999999999309, 0, 3020.6990000000000691, 1
3023.4360000000001492, 0, 3020.7029999999999745, 1, 3023.4360000000001492, 118.35689748072977068, 3020.7029999999999745, 1, 3023.4360000000001492, 86.460357449032045452, 3020.7029999999999745, 1, 3023.4360000000001492, 0, 3020.7029999999999745, 1
3023.456000000000131, 0, 3020.7080000000000837, 1, 3023.456000000000131, 115.66935155368909705, 3020.7080000000000837, 1, 3023.456000000000131, 88.864812059279060463, 3020.7080000000000837, 1, 3023.456000000000131, 0, 3020.7080000000000837, 1
3023.456000000000131, 0, 3020.7130000000001928, 0, 3023.456000000000131, 113.40940401836093088, 3020.7130000000001928, 1, 3023.456000000000131, 92.139973652459929099, 3020.7130000000001928, 1, 3023.456000000000131, 0, 3020.7130000000001928, 0
3023.4659999999998945, 0, 3020.7179999999998472, 0, 3023.4659999999998945, 111.53551744831281667, 3020.7179999999998472, 1, 3023.4659999999998945, 94.253371671600007176, 3020.7179999999998472, 1, 3023.4659999999998945, 0, 3020.7179999999998472, 0
3023.4760000000001128, 0, 3020.7229999999999563, 0, 3023.4760000000001128, 109.4786949282950701, 3020.7229999999999563, 1, 3023.4760000000001128, 96.439216734260782005, 3020.7229999999999563, 1, 3023.4760000000001128, 0, 3020.7229999999999563, 0
3023.4859999999998763, 0, 3020.7280000000000655, 0, 3023.4859999999998763, 107.66521300069783251, 3020.7280000000000655, 1, 3023.4859999999998763, 98.3479489457383238, 3020.7280000000000655, 1, 3023.4859999999998763, 0, 3020.7280000000000655, 0
3023.4949999999998909, 0, 3020.7330000000001746, 0, 3023.4949999999998909, 105.17594458292774107, 3020.7330000000001746, 1, 3023.4949999999998909, 99.331463355263252879, 3020.7330000000001746, 1, 3023.4949999999998909, 0, 3020.7330000000001746, 0
3023.5070000000000618, 0, 3020.737999999999829, 0, 3023.5070000000000618, 103.44211821413892949, 3020.737999999999829, 1, 3023.5070000000000618, 102.623347336449811, 3020.737999999999829, 1, 3023.5070000000000618, 0, 3020.737999999999829, 0
3023.5160000000000764, 0, 3020.7429999999999382, 0, 3023.5160000000000764, 101.46284226118153526, 3020.7429999999999382, 1, 3023.5160000000000764, 106.18261199600073041, 3020.7429999999999382, 1, 3023.5160000000000764, 0, 3020.7429999999999382, 0
3023.5270000000000437, 0, 3020.7480000000000473, 0, 3023.5270000000000437, 99.61631223479245989, 3020.7480000000000473, 1, 3023.5270000000000437, 111.0483749082128071, 3020.7480000000000473, 1, 3023.5270000000000437, 0, 3020.7480000000000473, 0
3023.5360000000000582, 0, 3020.7530000000001564, 0, 3023.5360000000000582, 97.480883874309213866, 3020.7530000000001564, 1, 3023.5360000000000582, 113.41994395425794551, 3020.7530000000001564, 1, 3023.5360000000000582, 0, 3020.7530000000001564, 0
3023.5470000000000255, 313.98577380768119838, 3020.7579999999998108, 0, 3023.5470000000000255, 85.966106531484228981, 3020.7579999999998108, 1, 3023.5470000000000255, 111.63661115426047843, 3020.7579999999998108, 1, 3023.5470000000000255, 0, 3020.7579999999998108, 0
3023.55600000000004, 298.42746527364761278, 3020.76299999999992, 0, 3023.55600000000004, 25.782932534375540001, 3020.76299999999992, 1, 3023.55600000000004, 120.7495566288240525, 3020.76299999999992, 1, 3023.55600000000004, 0, 3020.76299999999992, 0
3023.5659999999998035, 216.43496993311447341, 3020.7689999999997781, 0, 3023.5659999999998035, 0.85441812416467655122, 3020.7689999999997781, 1, 3023.5659999999998035, 115.0086740405754, 3020.7689999999997781, 1, 3023.5659999999998035, 0, 3020.7689999999997781, 0
3023.5760000000000218, 47.165796143938102603, 3020.7719999999999345, 0, 3023.5760000000000218, 0, 3020.7719999999999345, 1, 3023.5760000000000218, 47.855753054774467614, 3020.7719999999999345, 1, 3023.5760000000000218, 107.43812351396366012, 3020.7719999999999345, 0
3023.5859999999997854, 23.036158487653249693, 3020.7770000000000437, 0, 3023.5859999999997854, 0, 3020.7770000000000437, 1, 3023.5859999999997854, 19.158613120691345699, 3020.7770000000000437, 1, 3023.5859999999997854, 37.55048580870097652, 3020.7770000000000437, 0
3023.5960000000000036, 21.774095026679308518, 3020.7829999999999018, 0, 3023.5960000000000036, 0, 3020.7829999999999018, 1, 3023.5960000000000036, 27.119519616610340051, 3020.7829999999999018, 1, 3023.5960000000000036, 20.346266433581313038, 3020.7829999999999018, 0
3023.6170000000001892, 40.029472728969722084, 3020.7880000000000109, 0, 3023.6170000000001892, 0, 3020.7880000000000109, 1, 3023.6170000000001892, 33.640236473555503949, 3020.7880000000000109, 1, 3023.6170000000001892, 19.942162719889715561, 3020.7880000000000109, 0
3023.6170000000001892, 62.887865614289573557, 3020.7930000000001201, 0, 3023.6170000000001892, 0, 3020.7930000000001201, 1, 3023.6170000000001892, 37.619651522400161525, 3020.7930000000001201, 1, 3023.6170000000001892, 23.652593479663948983, 3020.7930000000001201, 0
3023.6269999999999527, 76.399964068369030201, 3020.7989999999999782, 0, 3023.6269999999999527, 62.008405382113380711, 3020.7989999999999782, 1, 3023.6269999999999527, 40.855401188416820446, 3020.7989999999999782, 1, 3023.6269999999999527, 20.953169589339999845, 3020.7989999999999782, 0
3023.6469999999999345, 78.537663736838851491, 3020.8029999999998836, 0, 3023.6469999999999345, 55.213250871202973258, 3020.8029999999998836, 1, 3023.6469999999999345, 41.37740123292937966, 3020.8029999999998836, 1, 3023.6469999999999345, 17.581616515183039695, 3020.8029999999998836, 0
3023.6579999999999018, 74.691967652209058315, 3020.8090000000001965, 0, 3023.6579999999999018, 96.176527113353884602, 3020.8090000000001965, 1, 3023.6579999999999018, 84.930779884611766306, 3020.8090000000001965, 1, 3023.6579999999999018, 25.026793030236184734, 3020.8090000000001965, 0
3023.6579999999999018, 35.893657426261150079, 3020.8139999999998508, 0, 3023.6579999999999018, 103.77093103090764714, 3020.8139999999998508, 1, 3023.6579999999999018, 109.70757673477775995, 3020.8139999999998508, 1, 3023.6579999999999018, 47.282585846645204697, 3020.8139999999998508, 0
3023.6669999999999163, 65.606065840914197906, 3020.8200000000001637, 0, 3023.6669999999999163, 0, 3020.8200000000001637, 1, 3023.6669999999999163, 0, 3020.8200000000001637, 1, 3023.6669999999999163, 53.459268848084043668, 3020.8200000000001637, 0
3023.6750000000001819, 89.154922067397365026, 3020.8240000000000691, 0, 3023.6750000000001819, 0, 3020.8240000000000691, 1, 3023.6750000000001819, 0, 3020.8240000000000691, 1, 3023.6750000000001819, 64.745361076707212078, 3020.8240000000000691, 0
3023.6869999999998981, 104.73815765515170995, 3020.8279999999999745, 0, 3023.6869999999998981, 0, 3020.8279999999999745, 1, 3023.6869999999998981, 0, 3020.8279999999999745, 1, 3023.6869999999998981, 71.749643371237098677, 3020.8279999999999745, 0
3023.6970000000001164, 112.51571445965676332, 3020.8339999999998327, 0, 3023.6970000000001164, 0, 3020.8339999999998327, 1, 3023.6970000000001164, 0, 3020.8339999999998327, 1, 3023.6970000000001164, 74.709323427555176522, 3020.8339999999998327, 0
3023.7069999999998799, 116.43460168358157603, 3020.8400000000001455, 0, 3023.7069999999998799, 0, 3020.8400000000001455, 1, 3023.7069999999998799, 0, 3020.8400000000001455, 1, 3023.7069999999998799, 76.773793932932335338, 3020.8400000000001455, 0
3023.7170000000000982, 118.28579122391514034, 3020.8479999999999563, 0, 3023.7170000000000982, 0, 3020.8479999999999563, 1, 3023.7170000000000982, 0, 3020.8479999999999563, 1, 3023.7170000000000982, 77.698054168259432117, 3020.8479999999999563, 0
3023.7269999999998618, 119.11995219853588424, 3020.8479999999999563, 0, 3023.7269999999998618, 0, 3020.8479999999999563, 1, 3023.7269999999998618, 0, 3020.8479999999999563, 1, 3023.7269999999998618, 78.562642524776322261, 3020.8479999999999563, 0
3023.73700000000008, 117.59287690310337382, 3020.8530000000000655, 0, 3023.73700000000008, 0, 3020.8530000000000655, 1, 3023.73700000000008, 0, 3020.8530000000000655, 1, 3023.73700000000008, 82.723600790745479117, 3020.8530000000000655, 0
3023.7469999999998436, 116.41810851707580809, 3020.8580000000001746, 0, 3023.7469999999998436, 0, 3020.8580000000001746, 1, 3023.7469999999998436, 0, 3020.8580000000001746, 1, 3023.7469999999998436, 86.13648701680037334, 3020.8580000000001746, 0
3023.7570000000000618, 114.19377228413016212, 3020.862999999999829, 0, 3023.7570000000000618, 0, 3020.862999999999829, 1, 3023.7570000000000618, 0, 3020.862999999999829, 1, 3023.7570000000000618, 91.605621062513620245, 3020.862999999999829, 0
3023.7669999999998254, 113.13398150097516748, 3020.8679999999999382, 0, 3023.7669999999998254, 0, 3020.8679999999999382, 1, 3023.7669999999998254, 0, 3020.8679999999999382, 1, 3023.7669999999998254, 94.819474680585443593, 3020.8679999999999382, 0
3023.7770000000000437, 111.15783522259083327, 3020.8730000000000473, 0, 3023.7770000000000437, 0, 3020.8730000000000473, 1, 3023.7770000000000437, 0, 3020.8730000000000473, 1, 3023.7770000000000437, 99.030319686443220917, 3020.8730000000000473, 0
3023.7869999999998072, 110.01632578464074186, 3020.8789999999999054, 0, 3023.7869999999998072, 0, 3020.8789999999999054, 1, 3023.7869999999998072, 0, 3020.8789999999999054, 1, 3023.7869999999998072, 100.66613768799410877, 3020.8789999999999054, 0
3023.7970000000000255, 108.60453957186852847, 3020.8829999999998108, 0, 3023.7970000000000255, 0, 3020.8829999999998108, 1, 3023.7970000000000255, 0, 3020.8829999999998108, 1, 3023.7970000000000255, 103.38394304866720574, 3020.8829999999998108, 0
3023.8170000000000073, 106.6570715157330369, 3020.88799999999992, 0, 3023.8170000000000073, 0, 3020.88799999999992, 1, 3023.8170000000000073, 0, 3020.88799999999992, 1, 3023.8170000000000073, 105.04564234293360414, 3020.88799999999992, 0
3023.8170000000000073, 105.97388190659592055, 3020.8930000000000291, 0, 3023.8170000000000073, 0, 3020.8930000000000291, 1, 3023.8170000000000073, 0, 3020.8930000000000291, 1, 3023.8170000000000073, 105.63472785536231413, 3020.8930000000000291, 0
3023.8270000000002256, 104.97911032109988128, 3020.8980000000001382, 0, 3023.8270000000002256, 0, 3020.8980000000001382, 1, 3023.8270000000002256, 0, 3020.8980000000001382, 1, 3023.8270000000002256, 107.81854452851439419, 3020.8980000000001382, 0
3023.8369999999999891, 104.04187918200469198, 3020.9029999999997926, 0, 3023.8369999999999891, 0, 3020.9029999999997926, 1, 3023.8369999999999891, 0, 3020.9029999999997926, 1, 3023.8369999999999891, 109.92499342665678341, 3020.9029999999997926, 0
3023.8470000000002074, 100.47149900699177749, 3020.9079999999999018, 0, 3023.8470000000002074, 0, 3020.9079999999999018, 1, 3023.8470000000002074, 0, 3020.9079999999999018, 1, 3023.8470000000002074, 108.00942766404023132, 3020.9079999999999018, 0
3023.8569999999999709, 98.595956506393264362, 3020.9130000000000109, 0, 3023.8569999999999709, 0, 3020.9130000000000109, 1, 3023.8569999999999709, 0, 3020.9130000000000109, 1, 3023.8569999999999709, 114.82858963993814427, 3020.9130000000000109, 0
3023.8670000000001892, 97.921421856985716659, 3020.9180000000001201, 0, 3023.8670000000001892, 0, 3020.9180000000001201, 1, 3023.8670000000001892, 0, 3020.9180000000001201, 1, 3023.8670000000001892, 114.78945257600379648, 3020.9180000000001201, 0
3023.887000000000171, 96.405125936146035315, 3020.9229999999997744, 0, 3023.887000000000171, 0, 3020.9229999999997744, 1, 3023.887000000000171, 0, 3020.9229999999997744, 1, 3023.887000000000171, 111.67121316494879579, 3020.9229999999997744, 0
3023.887000000000171, 86.704749051976648389, 3020.9279999999998836, 0, 3023.887000000000171, 336.07265339279422278, 3020.9279999999998836, 1, 3023.887000000000171, 0, 3020.9279999999998836, 1, 3023.887000000000171, 113.10790333498061955, 3020.9279999999998836, 0
3023.8969999999999345, 21.83861284195160124, 3020.9329999999999927, 0, 3023.8969999999999345, 244.33904332697863993, 3020.9329999999999927, 1, 3023.8969999999999345, 240.1248366502224485, 3020.9329999999999927, 1, 3023.8969999999999345, 75.237747605344310386, 3020.9329999999999927, 0
3023.9070000000001528, 0, 3020.9389999999998508, 0, 3023.9070000000001528, 63.976473626357105218, 3020.9389999999998508, 1, 3023.9070000000001528, 87.128623655892766919, 3020.9389999999998508, 1, 3023.9070000000001528, 23.854594941869731173, 3020.9389999999998508, 0
3023.9169999999999163, 0, 3020.94399999999996, 0, 3023.9169999999999163, 15.644209420687339218, 3020.94399999999996, 1, 3023.9169999999999163, 31.096593389579684441, 3020.94399999999996, 1, 3023.9169999999999163, 34.834542067068682059, 3020.94399999999996, 0
3023.9270000000001346, 0, 3020.9470000000001164, 0, 3023.9270000000001346, 18.459201274538717286, 3020.9470000000001164, 1, 3023.9270000000001346, 19.086793265297458788, 3020.9470000000001164, 1, 3023.9270000000001346, 43.826529108958169445, 3020.9470000000001164, 0
3023.9369999999998981, 0, 3020.9529999999999745, 0, 3023.9369999999998981, 36.740214243220670198, 3020.9529999999999745, 1, 3023.9369999999998981, 20.318090645984014486, 3020.9529999999999745, 1, 3023.9369999999998981, 47.92830388643170636, 3020.9529999999999745, 0
3023.9470000000001164, 62.417488634755429189, 3020.9580000000000837, 0, 3023.9470000000001164, 54.060871450920316761, 3020.9580000000000837, 1, 3023.9470000000001164, 23.982108721892686276, 3020.9580000000000837, 1, 3023.9470000000001164, 52.761329853486500951, 3020.9580000000000837, 0
3023.9569999999998799, 56.358631516724202015, 3020.9630000000001928, 1, 3023.9569999999998799, 55.556594699167504814, 3020.9630000000001928, 1, 3023.9569999999998799, 24.464919706987487302, 3020.9630000000001928, 1, 3023.9569999999998799, 56.41689691662812578, 3020.9630000000001928, 1
3023.9670000000000982, 53.981414944498489206, 3020.9679999999998472, 1, 3023.9670000000000982, 57.052696432118239045, 3020.9679999999998472, 1, 3023.9670000000000982, 25.495867143842787073, 3020.9679999999998472, 1, 3023.9670000000000982, 48.513350522771546025, 3020.9679999999998472, 1
3023.9769999999998618, 43.572658862951179515, 3020.9729999999999563, 1, 3023.9769999999998618, 60.768772237723268859, 3020.9729999999999563, 1, 3023.9769999999998618, 34.619492535136927813, 3020.9729999999999563, 1, 3023.9769999999998618, 35.089233195312893088, 3020.9729999999999563, 1
3023.9859999999998763, 0, 3020.9780000000000655, 1, 3023.9859999999998763, 72.840056766077040606, 3020.9780000000000655, 1, 3023.9859999999998763, 64.016781936075020099, 3020.9780000000000655, 1, 3023.9859999999998763, 0, 3020.9780000000000655, 1
3024.0079999999998108, 0, 3020.9830000000001746, 1, 3024.0079999999998108, 96.150363999134981441, 3020.9830000000001746, 1, 3024.0079999999998108, 77.38410481189370671, 3020.9830000000001746, 1, 3024.0079999999998108, 0, 3020.9830000000001746, 1
3024.0169999999998254, 0, 3020.987999999999829, 1, 3024.0169999999998254, 113.70763741467723662, 3020.987999999999829, 1, 3024.0169999999998254, 78.587779643485959014, 3020.987999999999829, 1, 3024.0169999999998254, 0, 3020.987999999999829, 1
3024.0169999999998254, 0, 3020.9929999999999382, 1, 3024.0169999999998254, 121.48384070679861679, 3020.9929999999999382, 1, 3024.0169999999998254, 75.391090874377752584, 3020.9929999999999382, 1, 3024.0169999999998254, 0, 3020.9929999999999382, 1
3024.0369999999998072, 0, 3020.9980000000000473, 1, 3024.0369999999998072, 125.9379557446677893, 3020.9980000000000473, 1, 3024.0369999999998072, 71.903661429628542123, 3020.9980000000000473, 1, 3024.0369999999998072, 0, 3020.9980000000000473, 1
3024.0380000000000109, 0, 3021.0030000000001564, 1, 3024.0380000000000109, 127.19838724964407106, 3021.0030000000001564, 1, 3024.0380000000000109, 70.820821902520293634, 3021.0030000000001564, 1, 3024.0380000000000109, 0, 3021.0030000000001564, 1
3024.0509999999999309, 0, 3021.0070000000000618, 1, 3024.0509999999999309, 127.27125125185833099, 3021.0070000000000618, 1, 3024.0509999999999309, 70.424076725170152713, 3021.0070000000000618, 1, 3024.0509999999999309, 0, 3021.0070000000000618, 1
3024.056999999999789, 0, 3021.01299999999992, 1, 3024.056999999999789, 124.48981404687414454, 3021.01299999999992, 1, 3024.056999999999789, 76.248183216394579631, 3021.01299999999992, 1, 3024.056999999999789, 0, 3021.01299999999992, 1
3024.06899999999996, 0, 3021.0189999999997781, 1, 3024.06899999999996, 126.82374678679093449, 3021.0189999999997781, 1, 3024.06899999999996, 72.941362130854670909, 3021.0189999999997781, 1, 3024.06899999999996, 0, 3021.0189999999997781, 1
3024.0770000000002256, 0, 3021.0230000000001382, 1, 3024.0770000000002256, 122.34105915549707788, 3021.0230000000001382, 1, 3024.0770000000002256, 78.745497742361465043, 3021.0230000000001382, 1, 3024.0770000000002256, 0, 3021.0230000000001382, 1
3024.0869999999999891, 0, 3021.0279999999997926, 1, 3024.0869999999999891, 119.51440449814190004, 3021.0279999999997926, 1, 3024.0869999999999891, 84.696441548306040659, 3021.0279999999997926, 1, 3024.0869999999999891, 0, 3021.0279999999997926, 1
3024.0970000000002074, 0, 3021.0329999999999018, 1, 3024.0970000000002074, 116.72287305811298097, 3021.0329999999999018, 1, 3024.0970000000002074, 88.013352949129540548, 3021.0329999999999018, 1, 3024.0970000000002074, 0, 3021.0329999999999018, 1
3024.1170000000001892, 0, 3021.0369999999998072, 1, 3024.1170000000001892, 114.21339326529172808, 3021.0369999999998072, 0, 3024.1170000000001892, 91.705549310380433781, 3021.0369999999998072, 0, 3024.1170000000001892, 0, 3021.0369999999998072, 1
3024.1269999999999527, 0, 3021.0430000000001201, 1, 3024.1269999999999527, 112.29687407209306116, 3021.0430000000001201, 0, 3024.1269999999999527, 93.880613532199319593, 3021.0430000000001201, 0, 3024.1269999999999527, 0, 3021.0430000000001201, 1
3024.1269999999999527, 0, 3021.0479999999997744, 1, 3024.1269999999999527, 110.23191145571554728, 3021.0479999999997744, 0, 3024.1269999999999527, 95.878015120282114481, 3021.0479999999997744, 0, 3024.1269999999999527, 0, 3021.0479999999997744, 1
3024.1480000000001382, 0, 3021.0529999999998836, 1, 3024.1480000000001382, 108.13607532772755349, 3021.0529999999998836, 0, 3024.1480000000001382, 95.122043633685720465, 3021.0529999999998836, 0, 3024.1480000000001382, 0, 3021.0529999999998836, 1
3024.1570000000001528, 0, 3021.0579999999999927, 1, 3024.1570000000001528, 105.87770879899103704, 3021.0579999999999927, 0, 3024.1570000000001528, 98.69054740821010796, 3021.0579999999999927, 0, 3024.1570000000001528, 0, 3021.0579999999999927, 1
3024.1680000000001201, 0, 3021.0630000000001019, 1, 3024.1680000000001201, 104.56496678706571402, 3021.0630000000001019, 0, 3024.1680000000001201, 102.29630042400626166, 3021.0630000000001019, 0, 3024.1680000000001201, 0, 3021.0630000000001019, 1
3024.1680000000001201, 0, 3021.068000000000211, 1, 3024.1680000000001201, 102.51030568675579957, 3021.068000000000211, 0, 3024.1680000000001201, 104.75284346853251805, 3021.068000000000211, 0, 3024.1680000000001201, 0, 3021.068000000000211, 1
3024.1779999999998836, 0, 3021.0729999999998654, 1, 3024.1779999999998836, 99.832311001526363725, 3021.0729999999998654, 0, 3024.1779999999998836, 107.47000626574981652, 3021.0729999999998654, 0, 3024.1779999999998836, 0, 3021.0729999999998654, 1
3024.1869999999998981, 0, 3021.0779999999999745, 1, 3024.1869999999998981, 98.447391972991638909, 3021.0779999999999745, 0, 3024.1869999999998981, 112.73374387653956319, 3021.0779999999999745, 0, 3024.1869999999998981, 0, 3021.0779999999999745, 1
3024.1970000000001164, 285.6858168674482954, 3021.0839999999998327, 1, 3024.1970000000001164, 96.729384460077284302, 3021.0839999999998327, 0, 3024.1970000000001164, 112.65168893353489921, 3021.0839999999998327, 0, 3024.1970000000001164, 0, 3021.0839999999998327, 1
3024.2069999999998799, 302.76528832568737926, 3021.0880000000001928, 1, 3024.2069999999998799, 50.15969672758173914, 3021.0880000000001928, 0, 3024.2069999999998799, 116.86249767397853816, 3021.0880000000001928, 0, 3024.2069999999998799, 0, 3021.0880000000001928, 1
3024.2170000000000982, 261.38353001819029942, 3021.0929999999998472, 1, 3024.2170000000000982, 6.3316568777271138302, 3021.0929999999998472, 0, 3024.2170000000000982, 122.08636327846900826, 3021.0929999999998472, 0, 3024.2170000000000982, 0, 3021.0929999999998472, 1
3024.2269999999998618, 105.39638710942944044, 3021.0990000000001601, 1, 3024.2269999999998618, 0, 3021.0990000000001601, 0, 3024.2269999999998618, 86.872803630005222431, 3021.0990000000001601, 0, 3024.2269999999998618, 136.98913920449990655, 3021.0990000000001601, 1
3024.2469999999998436, 29.64659509482806854, 3021.1050000000000182, 1, 3024.2469999999998436, 0, 3021.1050000000000182, 0, 3024.2469999999998436, 19.569574855886902043, 3021.1050000000000182, 0, 3024.2469999999998436, 66.626903443733112908, 3021.1050000000000182, 1
3024.2469999999998436, 21.247117175066517092, 3021.1080000000001746, 1, 3024.2469999999998436, 0, 3021.1080000000001746, 0, 3024.2469999999998436, 21.764315199469930207, 3021.1080000000001746, 0, 3024.2469999999998436, 28.194433255577092012, 3021.1080000000001746, 1
3024.2669999999998254, 32.522511351018984271, 3021.1140000000000327, 1, 3024.2669999999998254, 0, 3021.1140000000000327, 0, 3024.2669999999998254, 29.234731540635518598, 3021.1140000000000327, 0, 3024.2669999999998254, 21.350917117213011664, 3021.1140000000000327, 1
3024.2669999999998254, 53.793146684183660966, 3021.1190000000001419, 1, 3024.2669999999998254, 0, 3021.1190000000001419, 0, 3024.2669999999998254, 34.706428453688644709, 3021.1190000000001419, 0, 3024.2669999999998254, 22.686941655598438672, 3021.1190000000001419, 1
3024.2770000000000437, 72.461725345798171816, 3021.1230000000000473, 1, 3024.2770000000000437, 56.064386291739303658, 3021.1230000000000473, 0, 3024.2770000000000437, 38.135195209729062071, 3021.1230000000000473, 0, 3024.2770000000000437, 26.218184360439487079, 3021.1230000000000473, 1
3024.2869999999998072, 77.209090759450447194, 3021.1280000000001564, 1, 3024.2869999999998072, 55.013033156342615371, 3021.1280000000001564, 0, 3024.2869999999998072, 39.373589430688248569, 3021.1280000000001564, 0, 3024.2869999999998072, 19.30374532926925113, 3021.1280000000001564, 1
3024.2970000000000255, 76.949313915061921421, 3021.1320000000000618, 1, 3024.2970000000000255, 69.593434773955337391, 3021.1320000000000618, 0, 3024.2970000000000255, 52.273304617870088862, 3021.1320000000000618, 0, 3024.2970000000000255, 19.526329529032363297, 3021.1320000000000618, 1
3024.30600000000004, 39.443500502346950043, 3021.13799999999992, 1, 3024.30600000000004, 97.214192407862668688, 3021.13799999999992, 0, 3024.30600000000004, 145.90329888372679079, 3021.13799999999992, 0, 3024.30600000000004, 41.553325901010559562, 3021.13799999999992, 1
3024.3159999999998035, 53.063069425687473313, 3021.1419999999998254, 1, 3024.3159999999998035, 0, 3021.1419999999998254, 0, 3024.3159999999998035, 0, 3021.1419999999998254, 0, 3024.3159999999998035, 49.494930938022164923, 3021.1419999999998254, 1
3024.3260000000000218, 82.563780968030300755, 3021.1480000000001382, 1, 3024.3260000000000218, 0, 3021.1480000000001382, 0, 3024.3260000000000218, 0, 3021.1480000000001382, 0, 3024.3260000000000218, 61.968234508806091299, 3021.1480000000001382, 1
3024.3369999999999891, 100.12712883281039922, 3021.1529999999997926, 1, 3024.3369999999999891, 0, 3021.1529999999997926, 0, 3024.3369999999999891, 0, 3021.1529999999997926, 0, 3024.3369999999999891, 71.703363180199218618, 3021.1529999999997926, 1
3024.3470000000002074, 111.19012986798546194, 3021.1579999999999018, 1, 3024.3470000000002074, 0, 3021.1579999999999018, 0, 3024.3470000000002074, 0, 3021.1579999999999018, 0, 3024.3470000000002074, 75.060380462890250897, 3021.1579999999999018, 1
3024.3569999999999709, 116.62502283676120385, 3021.1630000000000109, 1, 3024.3569999999999709, 0, 3021.1630000000000109, 0, 3024.3569999999999709, 0, 3021.1630000000000109, 0, 3024.3569999999999709, 75.534643465605512347, 3021.1630000000000109, 1
3024.3670000000001892, 118.6243723715004279, 3021.1680000000001201, 1, 3024.3670000000001892, 0, 3021.1680000000001201, 0, 3024.3670000000001892, 0, 3021.1680000000001201, 0, 3024.3670000000001892, 76.521949455374851823, 3021.1680000000001201, 1
3024.3769999999999527, 118.4578342257646284, 3021.1739999999999782, 1, 3024.3769999999999527, 0, 3021.1739999999999782, 0, 3024.3769999999999527, 0, 3021.1739999999999782, 0, 3024.3769999999999527, 79.818821554985674993, 3021.1739999999999782, 1
3024.38799999999992, 118.1447668319771509, 3021.1779999999998836, 1, 3024.38799999999992, 0, 3021.1779999999998836, 0, 3024.38799999999992, 0, 3021.1779999999998836, 0, 3024.38799999999992, 81.149957454987657002, 3021.1779999999998836, 1
3024.3969999999999345, 117.47126404948804179, 3021.1829999999999927, 1, 3024.3969999999999345, 0, 3021.1829999999999927, 0, 3024.3969999999999345, 0, 3021.1829999999999927, 0, 3024.3969999999999345, 84.788527504809877655, 3021.1829999999999927, 1
3024.4070000000001528, 115.6155477275598713, 3021.1880000000001019, 1, 3024.4070000000001528, 0, 3021.1880000000001019, 0, 3024.4070000000001528, 0, 3021.1880000000001019, 0, 3024.4070000000001528, 89.573707068658265484, 3021.1880000000001019, 1
3024.4270000000001346, 113.81819662594986653, 3021.193000000000211, 1, 3024.4270000000001346, 0, 3021.193000000000211, 0, 3024.4270000000001346, 0, 3021.193000000000211, 0, 3024.4270000000001346, 93.365709793008932138, 3021.193000000000211, 1
3024.4270000000001346, 111.84407169678877381, 3021.1990000000000691, 1, 3024.4270000000001346, 0, 3021.1990000000000691, 0, 3024.4270000000001346, 0, 3021.1990000000000691, 0, 3024.4270000000001346, 97.831481406894681641, 3021.1990000000000691, 1
3024.4369999999998981, 110.14644487257740479, 3021.2029999999999745, 1, 3024.4369999999998981, 0, 3021.2029999999999745, 0, 3024.4369999999998981, 0, 3021.2029999999999745, 0, 3024.4369999999998981, 100.47775251441800037, 3021.2029999999999745, 1
3024.4490000000000691, 108.838908334915061, 3021.2080000000000837, 1, 3024.4490000000000691, 0, 3021.2080000000000837, 0, 3024.4490000000000691, 0, 3021.2080000000000837, 0, 3024.4490000000000691, 102.29886632918967848, 3021.2080000000000837, 1
3024.4569999999998799, 107.76044127690437335, 3021.2139999999999418, 1, 3024.4569999999998799, 0, 3021.2139999999999418, 0, 3024.4569999999998799, 0, 3021.2139999999999418, 0, 3024.4569999999998799, 103.75765172536105752, 3021.2139999999999418, 1
3024.4670000000000982, 106.61008788056091134, 3021.2170000000000982, 1, 3024.4670000000000982, 0, 3021.2170000000000982, 0, 3024.4670000000000982, 0, 3021.2170000000000982, 0, 3024.4670000000000982, 105.01512305119506152, 3021.2170000000000982, 1
3024.4769999999998618, 105.50316797582294726, 3021.2229999999999563, 1, 3024.4769999999998618, 0, 3021.2229999999999563, 0, 3024.4769999999998618, 0, 3021.2229999999999563, 0, 3024.4769999999998618, 105.87135785145135003, 3021.2229999999999563, 1
3024.4859999999998763, 103.77539554930612553, 3021.2289999999998145, 1, 3024.4859999999998763, 0, 3021.2289999999998145, 0, 3024.4859999999998763, 0, 3021.2289999999998145, 0, 3024.4859999999998763, 109.89741994770837152, 3021.2289999999998145, 1
3024.4969999999998436, 102.86202382473283024, 3021.2330000000001746, 1, 3024.4969999999998436, 0, 3021.2330000000001746, 0, 3024.4969999999998436, 0, 3021.2330000000001746, 0, 3024.4969999999998436, 110.91897172600778276, 3021.2330000000001746, 1
3024.5070000000000618, 101.02280771813703097, 3021.237999999999829, 1, 3024.5070000000000618, 0, 3021.237999999999829, 0, 3024.5070000000000618, 0, 3021.237999999999829, 0, 3024.5070000000000618, 114.88036245100187216, 3021.237999999999829, 1
3024.5169999999998254, 99.210746692609660613, 3021.2460000000000946, 1, 3024.5169999999998254, 0, 3021.2460000000000946, 0, 3024.5169999999998254, 0, 3021.2460000000000946, 0, 3024.5169999999998254, 116.98743216738378692, 3021.2460000000000946, 1
3024.5270000000000437, 98.091106031016863653, 3021.2480000000000473, 1, 3024.5270000000000437, 0, 3021.2480000000000473, 0, 3024.5270000000000437, 0, 3021.2480000000000473, 0, 3024.5270000000000437, 117.49776448058059941, 3021.2480000000000473, 1
3024.5369999999998072, 97.641385012519904762, 3021.2530000000001564, 1, 3024.5369999999998072, 302.30382104018030986, 3021.2530000000001564, 0, 3024.5369999999998072, 0, 3021.2530000000001564, 0, 3024.5369999999998072, 115.57158412233168576, 3021.2530000000001564, 1
3024.5470000000000255, 44.413093177721506777, 3021.2590000000000146, 1, 3024.5470000000000255, 296.97363206507679934, 3021.2590000000000146, 0, 3024.5470000000000255, 275.56753074564858252, 3021.2590000000000146, 0, 3024.5470000000000255, 107.05647826958190194, 3021.2590000000000146, 1
3024.556999999999789, 1.3664932197687849058, 3021.26299999999992, 1, 3024.556999999999789, 107.76600114395027674, 3021.26299999999992, 0, 3024.556999999999789, 115.86937464656587338, 3021.26299999999992, 0, 3024.556999999999789, 30.521383896272155312, 3021.26299999999992, 1
3024.5770000000002256, 0, 3021.2680000000000291, 1, 3024.5770000000002256, 35.499258848119495724, 3021.2680000000000291, 0, 3024.5770000000002256, 57.030083977190223266, 3021.2680000000000291, 0, 3024.5770000000002256, 38.812161632274651879, 3021.2680000000000291, 1
3024.5869999999999891, 0, 3021.2750000000000909, 1, 3024.5869999999999891, 13.67619787441796575, 3021.2750000000000909, 0, 3024.5869999999999891, 22.531600280723694141, 3021.2750000000000909, 0, 3024.5869999999999891, 43.677812523426048585, 3021.2750000000000909, 1
3024.5869999999999891, 0, 3021.2779999999997926, 1, 3024.5869999999999891, 23.820565838163332728, 3021.2779999999997926, 0, 3024.5869999999999891, 16.603296453055449433, 3021.2779999999997926, 0, 3024.5869999999999891, 48.276843881353542542, 3021.2779999999997926, 1
3024.6069999999999709, 45.407069010072852677, 3021.2840000000001055, 1, 3024.6069999999999709, 47.139280446645315692, 3021.2840000000001055, 0, 3024.6069999999999709, 21.612985842515900714, 3021.2840000000001055, 0, 3024.6069999999999709, 48.242979459752156401, 3021.2840000000001055, 1
3024.6080000000001746, 51.202453315567758807, 3021.2899999999999636, 1, 3024.6080000000001746, 55.943730935379626601, 3021.2899999999999636, 1, 3024.6080000000001746, 22.682414998625333169, 3021.2899999999999636, 1, 3024.6080000000001746, 55.563806184874820815, 3021.2899999999999636, 1
3024.6260000000002037, 54.83000399924222279, 3021.293999999999869, 1, 3024.6260000000002037, 58.36406608243984806, 3021.293999999999869, 1, 3024.6260000000002037, 24.412779964155596701, 3021.293999999999869, 1, 3024.6260000000002037, 53.36969994335388634, 3021.293999999999869, 1
3024.6260000000002037, 53.192657068677043242, 3021.2979999999997744, 1, 3024.6260000000002037, 62.600930400988048063, 3021.2979999999997744, 1, 3024.6260000000002037, 27.09819342235580919, 3021.2979999999997744, 1, 3024.6260000000002037, 43.462338265658083003, 3021.2979999999997744, 1
3024.6469999999999345, 34.2199170033667599, 3021.3029999999998836, 1, 3024.6469999999999345, 65.294675676713055168, 3021.3029999999998836, 1, 3024.6469999999999345, 52.369231026544980523, 3021.3029999999998836, 1, 3024.6469999999999345, 29.060640460267052276, 3021.3029999999998836, 1
3024.6469999999999345, 0, 3021.3079999999999927, 1, 3024.6469999999999345, 88.923997759520318596, 3021.3079999999999927, 1, 3024.6469999999999345, 74.380430854871278257, 3021.3079999999999927, 1, 3024.6469999999999345, 0, 3021.3079999999999927, 1
3024.6669999999999163, 0, 3021.3139999999998508, 1, 3024.6669999999999163, 107.29566134990740522, 3021.3139999999998508, 1, 3024.6669999999999163, 78.452469086863459324, 3021.3139999999998508, 1, 3024.6669999999999163, 0, 3021.3139999999998508, 1
3024.6669999999999163, 0, 3021.318000000000211, 1, 3024.6669999999999163, 118.36732817399693829, 3021.318000000000211, 1, 3024.6669999999999163, 76.011845587411897895, 3021.318000000000211, 1, 3024.6669999999999163, 0, 3021.318000000000211, 1
3024.6770000000001346, 0, 3021.3229999999998654, 1, 3024.6770000000001346, 125.51859150561080014, 3021.3229999999998654, 1, 3024.6770000000001346, 72.337050619808394458, 3021.3229999999998654, 1, 3024.6770000000001346, 0, 3021.3229999999998654, 1
3024.6970000000001164, 0, 3021.3290000000001783, 1, 3024.6970000000001164, 127.21235762639294364, 3021.3290000000001783, 1, 3024.6970000000001164, 71.785669014310329317, 3021.3290000000001783, 1, 3024.6970000000001164, 0, 3021.3290000000001783, 1
3024.6970000000001164, 0, 3021.3330000000000837, 1, 3024.6970000000001164, 127.78645141651361428, 3021.3330000000000837, 1, 3024.6970000000001164, 69.193405240397908074, 3021.3330000000000837, 1, 3024.6970000000001164, 0, 3021.3330000000000837, 1
3024.7170000000000982, 0, 3021.3380000000001928, 1, 3024.7170000000000982, 126.72587879337704919, 3021.3380000000001928, 1, 3024.7170000000000982, 71.983137265869501675, 3021.3380000000001928, 1, 3024.7170000000000982, 0, 3021.3380000000001928, 1
3024.7269999999998618, 0, 3021.3429999999998472, 1, 3024.7269999999998618, 124.14485577261555704, 3021.3429999999998472, 1, 3024.7269999999998618, 76.33325658118519641, 3021.3429999999998472, 1, 3024.7269999999998618, 0, 3021.3429999999998472, 1
3024.7269999999998618, 0, 3021.3490000000001601, 1, 3024.7269999999998618, 122.40116881808697258, 3021.3490000000001601, 1, 3024.7269999999998618, 79.658605126628529547, 3021.3490000000001601, 1, 3024.7269999999998618, 0, 3021.3490000000001601, 1
3024.7469999999998436, 0, 3021.3530000000000655, 1, 3024.7469999999998436, 119.78316747620024785, 3021.3530000000000655, 1, 3024.7469999999998436, 84.024332939858396685, 3021.3530000000000655, 1, 3024.7469999999998436, 0, 3021.3530000000000655, 1
3024.7570000000000618, 0, 3021.3580000000001746, 1, 3024.7570000000000618, 117.21779091325490185, 3021.3580000000001746, 1, 3024.7570000000000618, 86.788472502162193223, 3021.3580000000001746, 1, 3024.7570000000000618, 0, 3021.3580000000001746, 1
3024.7570000000000618, 0, 3021.362999999999829, 0, 3024.7570000000000618, 114.95643194222625993, 3021.362999999999829, 1, 3024.7570000000000618, 89.818410287486301513, 3021.362999999999829, 1, 3024.7570000000000618, 0, 3021.362999999999829, 0
3024.7680000000000291, 0, 3021.3679999999999382, 0, 3024.7680000000000291, 112.73327679155326564, 3021.3679999999999382, 1, 3024.7680000000000291, 93.186807879292615553, 3021.3679999999999382, 1, 3024.7680000000000291, 0, 3021.3679999999999382, 0
3024.7869999999998072, 0, 3021.3730000000000473, 0, 3024.7869999999998072, 110.851872557558778, 3021.3730000000000473, 1, 3024.7869999999998072, 95.129543287478753655, 3021.3730000000000473, 1, 3024.7869999999998072, 0, 3021.3730000000000473, 0
3024.7970000000000255, 0, 3021.3780000000001564, 0, 3024.7970000000000255, 108.315032799962637, 3021.3780000000001564, 1, 3024.7970000000000255, 95.278697916411047686, 3021.3780000000001564, 1, 3024.7970000000000255, 0, 3021.3780000000001564, 0
3024.7970000000000255, 0, 3021.3820000000000618, 0, 3024.7970000000000255, 106.4526721922076149, 3021.3820000000000618, 1, 3024.7970000000000255, 97.179718646298766771, 3021.3820000000000618, 1, 3024.7970000000000255, 0, 3021.3820000000000618, 0
3024.806999999999789, 0, 3021.38799999999992, 0, 3024.806999999999789, 104.69450028045682188, 3021.38799999999992, 1, 3024.806999999999789, 100.38654824341060134, 3021.38799999999992, 1, 3024.806999999999789, 0, 3021.38799999999992, 0
3024.8170000000000073, 0, 3021.3930000000000291, 0, 3024.8170000000000073, 102.99407646386525528, 3021.3930000000000291, 1, 3024.8170000000000073, 103.11232792028462768, 3021.3930000000000291, 1, 3024.8170000000000073, 0, 3021.3930000000000291, 0
3024.8279999999999745, 0, 3021.4000000000000909, 0, 3024.8279999999999745, 100.85349335294131379, 3021.4000000000000909, 1, 3024.8279999999999745, 108.08409126548424695, 3021.4000000000000909, 1, 3024.8279999999999745, 0, 3021.4000000000000909, 0
3024.8359999999997854, 0, 3021.4039999999999964, 0, 3024.8359999999997854, 98.2982537021102587, 3021.4039999999999964, 1, 3024.8359999999997854, 108.45112220196072883, 3021.4039999999999964, 1, 3024.8359999999997854, 0, 3021.4039999999999964, 0
3024.8460000000000036, 0, 3021.4079999999999018, 0, 3024.8460000000000036, 97.428102621479183654, 3021.4079999999999018, 1, 3024.8460000000000036, 112.05326925636146029, 3021.4079999999999018, 1, 3024.8460000000000036, 0, 3021.4079999999999018, 0
3024.8569999999999709, 305.54325557907264965, 3021.4140000000002146, 0, 3024.8569999999999709, 74.918616958663193373, 3021.4140000000002146, 1, 3024.8569999999999709, 115.72683642813683491, 3021.4140000000002146, 1, 3024.8569999999999709, 0, 3021.4140000000002146, 0
3024.8659999999999854, 290.84273349407976639, 3021.4200000000000728, 0, 3024.8659999999999854, 17.855254122101449354, 3021.4200000000000728, 1, 3024.8659999999999854, 121.8874086454766541, 3021.4200000000000728, 1, 3024.8659999999999854, 0, 3021.4200000000000728, 0
3024.8769999999999527, 163.26849711333991877, 3021.4229999999997744, 0, 3024.8769999999999527, 0, 3021.4229999999997744, 1, 3024.8769999999999527, 98.089839809112163493, 3021.4229999999997744, 1, 3024.8769999999999527, 0, 3021.4229999999997744, 0
3024.8859999999999673, 32.321827407752415695, 3021.4290000000000873, 0, 3024.8859999999999673, 0, 3021.4290000000000873, 1, 3024.8859999999999673, 50.061908951921793687, 3021.4290000000000873, 1, 3024.8859999999999673, 98.26023131539669464, 3021.4290000000000873, 0
3024.8960000000001855, 21.48123804037273743, 3021.4329999999999927, 0, 3024.8960000000001855, 0, 3021.4329999999999927, 1, 3024.8960000000001855, 26.591259781049487287, 3021.4329999999999927, 1, 3024.8960000000001855, 38.344342334653347848, 3021.4329999999999927, 0
3024.9059999999999491, 20.701342534870672552, 3021.4389999999998508, 0, 3024.9059999999999491, 0, 3021.4389999999998508, 1, 3024.9059999999999491, 29.732840276144688829, 3021.4389999999998508, 1, 3024.9059999999999491, 25.206928862690737958, 3021.4389999999998508, 0
3024.9169999999999163, 39.10213017212766573, 3021.443000000000211, 0, 3024.9169999999999163, 0, 3021.443000000000211, 1, 3024.9169999999999163, 34.079863387473700698, 3021.443000000000211, 1, 3024.9169999999999163, 25.676765631610471985, 3021.443000000000211, 0
3024.9270000000001346, 62.730077771870526249, 3021.4459999999999127, 0, 3024.9270000000001346, 53.49112103753545, 3021.4459999999999127, 1, 3024.9270000000001346, 37.230026764259790184, 3021.4459999999999127, 1, 3024.9270000000001346, 23.194683864176333543, 3021.4459999999999127, 0
3024.9369999999998981, 72.777799167122694257, 3021.4529999999999745, 0, 3024.9369999999998981, 46.067335534814979781, 3021.4529999999999745, 1, 3024.9369999999998981, 39.99088444255936281, 3021.4529999999999745, 1, 3024.9369999999998981, 19.521409011790431975, 3021.4529999999999745, 0
3024.9470000000001164, 76.226718365724252635, 3021.4580000000000837, 0, 3024.9470000000001164, 53.324490954807274079, 3021.4580000000000837, 1, 3024.9470000000001164, 40.790560875920881756, 3021.4580000000000837, 1, 3024.9470000000001164, 20.227835712471190277, 3021.4580000000000837, 0
3024.956000000000131, 57.508312272879678062, 3021.4630000000001928, 0, 3024.956000000000131, 87.529913351445884473, 3021.4630000000001928, 1, 3024.956000000000131, 126.81482236278915821, 3021.4630000000001928, 1, 3024.956000000000131, 45.89785772799160668, 3021.4630000000001928, 0
3024.9769999999998618, 53.475666689849049362, 3021.4690000000000509, 0, 3024.9769999999998618, 0, 3021.4690000000000509, 1, 3024.9769999999998618, 52.039880211860484849, 3021.4690000000000509, 1, 3024.9769999999998618, 56.655242118218772873, 3021.4690000000000509, 0
3024.9769999999998618, 84.603214095681238405, 3021.4729999999999563, 0, 3024.9769999999998618, 0, 3021.4729999999999563, 1, 3024.9769999999998618, 0, 3021.4729999999999563, 1, 3024.9769999999998618, 62.737963738440356565, 3021.4729999999999563, 0
3024.9969999999998436, 101.19983142940992593, 3021.4780000000000655, 0, 3024.9969999999998436, 0, 3021.4780000000000655, 1, 3024.9969999999998436, 0, 3021.4780000000000655, 1, 3024.9969999999998436, 67.606077092983696275, 3021.4780000000000655, 0
3024.9969999999998436, 111.4041050656275047, 3021.4830000000001746, 0, 3024.9969999999998436, 0, 3021.4830000000001746, 1, 3024.9969999999998436, 0, 3021.4830000000001746, 1, 3024.9969999999998436, 74.303563096474533722, 3021.4830000000001746, 0
3025.0070000000000618, 116.45026565738277213, 3021.487999999999829, 0, 3025.0070000000000618, 0, 3021.487999999999829, 1, 3025.0070000000000618, 0, 3021.487999999999829, 1, 3025.0070000000000618, 75.1372337267677608, 3021.487999999999829, 0
3025.0160000000000764, 118.6742919392563067, 3021.4929999999999382, 0, 3025.0160000000000764, 0, 3021.4929999999999382, 1, 3025.0160000000000764, 0, 3021.4929999999999382, 1, 3025.0160000000000764, 76.665256054572438416, 3021.4929999999999382, 0
3025.0270000000000437, 119.18713890718444759, 3021.4980000000000473, 0, 3025.0270000000000437, 0, 3021.4980000000000473, 1, 3025.0270000000000437, 0, 3021.4980000000000473, 1, 3025.0270000000000437, 78.355975538904246491, 3021.4980000000000473, 0
3025.0369999999998072, 118.25198452539902405, 3021.5030000000001564, 0, 3025.0369999999998072, 0, 3021.5030000000001564, 1, 3025.0369999999998072, 0, 3021.5030000000001564, 1, 3025.0369999999998072, 81.998463092787972073, 3021.5030000000001564, 0
3025.0459999999998217, 116.74520445148691294, 3021.5090000000000146, 0, 3025.0459999999998217, 0, 3021.5090000000000146, 1, 3025.0459999999998217, 0, 3021.5090000000000146, 1, 3025.0459999999998217, 85.471202231814061179, 3021.5090000000000146, 0
3025.056999999999789, 116.44520181754262467, 3021.51299999999992, 0, 3025.056999999999789, 0, 3021.51299999999992, 1, 3025.056999999999789, 0, 3021.51299999999992, 1, 3025.056999999999789, 88.186157682735597518, 3021.51299999999992, 0
3025.0729999999998654, 113.82064121006608559, 3021.5189999999997781, 0, 3025.0729999999998654, 0, 3021.5189999999997781, 1, 3025.0729999999998654, 0, 3021.5189999999997781, 1, 3025.0729999999998654, 93.426937513151827375, 3021.5189999999997781, 0
3025.0799999999999272, 110.22263916372870085, 3021.5250000000000909, 0, 3025.0799999999999272, 0, 3021.5250000000000909, 1, 3025.0799999999999272, 0, 3021.5250000000000909, 1, 3025.0799999999999272, 99.158413682076968598, 3021.5250000000000909, 0
3025.0869999999999891, 112.45829798838906299, 3021.5279999999997926, 0, 3025.0869999999999891, 0, 3021.5279999999997926, 1, 3025.0869999999999891, 0, 3021.5279999999997926, 1, 3025.0869999999999891, 97.527601188495680162, 3021.5279999999997926, 0
3025.1069999999999709, 109.47542388621502596, 3021.5340000000001055, 0, 3025.1069999999999709, 0, 3021.5340000000001055, 1, 3025.1069999999999709, 0, 3021.5340000000001055, 1, 3025.1069999999999709, 101.10002358179843895, 3021.5340000000001055, 0
3025.1069999999999709, 108.07478625454234589, 3021.5390000000002146, 0, 3025.1069999999999709, 0, 3021.5390000000002146, 1, 3025.1069999999999709, 0, 3021.5390000000002146, 1, 3025.1069999999999709, 103.37381767792334131, 3021.5390000000002146, 0
3025.1170000000001892, 106.93607305833140231, 3021.5430000000001201, 0, 3025.1170000000001892, 0, 3021.5430000000001201, 1, 3025.1170000000001892, 0, 3021.5430000000001201, 1, 3025.1170000000001892, 104.82346429814103317, 3021.5430000000001201, 0
3025.1269999999999527, 104.32210662765797338, 3021.5500000000001819, 0, 3025.1269999999999527, 0, 3021.5500000000001819, 1, 3025.1269999999999527, 0, 3021.5500000000001819, 1, 3025.1269999999999527, 102.61922855977428526, 3021.5500000000001819, 0
3025.13799999999992, 103.407498149986111, 3021.5529999999998836, 0, 3025.13799999999992, 0, 3021.5529999999998836, 1, 3025.13799999999992, 0, 3021.5529999999998836, 1, 3025.13799999999992, 104.82603336858105081, 3021.5529999999998836, 0
3025.1469999999999345, 102.16097231762367414, 3021.5590000000001965, 0, 3025.1469999999999345, 0, 3021.5590000000001965, 1, 3025.1469999999999345, 0, 3021.5590000000001965, 1, 3025.1469999999999345, 108.39864596972907407, 3021.5590000000001965, 0
3025.1570000000001528, 100.8943329144954788, 3021.5630000000001019, 0, 3025.1570000000001528, 0, 3021.5630000000001019, 1, 3025.1570000000001528, 0, 3021.5630000000001019, 1, 3025.1570000000001528, 112.06010458573925348, 3021.5630000000001019, 0
3025.1660000000001673, 98.533729590340769278, 3021.568000000000211, 0, 3025.1660000000001673, 0, 3021.568000000000211, 1, 3025.1660000000001673, 0, 3021.568000000000211, 1, 3025.1660000000001673, 112.73389731482701848, 3021.568000000000211, 0
3025.1770000000001346, 97.67509362888588953, 3021.5740000000000691, 0, 3025.1770000000001346, 0, 3021.5740000000000691, 1, 3025.1770000000001346, 0, 3021.5740000000000691, 1, 3025.1770000000001346, 113.91291950440719916, 3021.5740000000000691, 0
3025.1970000000001164, 98.363259644708307405, 3021.5779999999999745, 0, 3025.1970000000001164, 286.77468217229727543, 3021.5779999999999745, 1, 3025.1970000000001164, 0, 3021.5779999999999745, 1, 3025.1970000000001164, 112.27939339848472855, 3021.5779999999999745, 0
3025.1970000000001164, 52.199259303173469959, 3021.5830000000000837, 0, 3025.1970000000001164, 293.34219563998374269, 3021.5830000000000837, 1, 3025.1970000000001164, 238.48643024147651204, 3021.5830000000000837, 1, 3025.1970000000001164, 108.18380879790892379, 3021.5830000000000837, 0
3025.2069999999998799, 3.086051701709648043, 3021.5880000000001928, 0, 3025.2069999999998799, 143.05683875226785062, 3021.5880000000001928, 1, 3025.2069999999998799, 138.48572274603645837, 3021.5880000000001928, 1, 3025.2069999999998799, 19.433139683671456055, 3021.5880000000001928, 0
3025.2170000000000982, 0, 3021.5929999999998472, 0, 3025.2170000000000982, 26.399272654059547705, 3021.5929999999998472, 1, 3025.2170000000000982, 46.921433902926509063, 3021.5929999999998472, 1, 3025.2170000000000982, 31.702602506111595915, 3021.5929999999998472, 0
3025.2269999999998618, 0, 3021.5979999999999563, 0, 3025.2269999999998618, 10.089124070277396328, 3021.5979999999999563, 1, 3025.2269999999998618, 25.849206622095003638, 3021.5979999999999563, 1, 3025.2269999999998618, 42.028392350205649564, 3021.5979999999999563, 0
3025.23700000000008, 0, 3021.6039999999998145, 0, 3025.23700000000008, 20.013859744447255906, 3021.6039999999998145, 1, 3025.23700000000008, 21.547516895353069799, 3021.6039999999998145, 1, 3025.23700000000008, 47.575023682336208708, 3021.6039999999998145, 0
3025.2469999999998436, 51.739877966399774323, 3021.6080000000001746, 0, 3025.2469999999998436, 42.16240271926233163, 3021.6080000000001746, 1, 3025.2469999999998436, 24.321582707409071133, 3021.6080000000001746, 1, 3025.2469999999998436, 50.305279067625448874, 3021.6080000000001746, 0
3025.2570000000000618, 52.343211024196008907, 3021.6140000000000327, 1, 3025.2570000000000618, 50.178317671219076601, 3021.6140000000000327, 1, 3025.2570000000000618, 25.430810069231995385, 3021.6140000000000327, 1, 3025.2570000000000618, 54.155582857631301863, 3021.6140000000000327, 1
3025.2669999999998254, 56.844353982078530407, 3021.6179999999999382, 1, 3025.2669999999998254, 54.270052528458343488, 3021.6179999999999382, 1, 3025.2669999999998254, 27.022248159779820753, 3021.6179999999999382, 1, 3025.2669999999998254, 52.204225645661750832, 3021.6179999999999382, 1
3025.2869999999998072, 53.762177623182680009, 3021.6230000000000473, 1, 3025.2869999999998072, 60.706488999972762599, 3021.6230000000000473, 1, 3025.2869999999998072, 28.154798614294310966, 3021.6230000000000473, 1, 3025.2869999999998072, 39.635969293407775638, 3021.6230000000000473, 1
3025.2970000000000255, 40.498617454201372823, 3021.6280000000001564, 1, 3025.2970000000000255, 61.563740418514235841, 3021.6280000000001564, 1, 3025.2970000000000255, 52.939407947055016734, 3021.6280000000001564, 1, 3025.2970000000000255, 31.688635116915964574, 3021.6280000000001564, 1
3025.2970000000000255, 0, 3021.6329999999998108, 1, 3025.2970000000000255, 86.066457186491049924, 3021.6329999999998108, 1, 3025.2970000000000255, 75.635868027791502755, 3021.6329999999998108, 1, 3025.2970000000000255, 0, 3021.6329999999998108, 1
3025.306999999999789, 0, 3021.63799999999992, 1, 3025.306999999999789, 105.58285661134709699, 3021.63799999999992, 1, 3025.306999999999789, 78.879444642332060766, 3021.63799999999992, 1, 3025.306999999999789, 0, 3021.63799999999992, 1
3025.3170000000000073, 0, 3021.6419999999998254, 1, 3025.3170000000000073, 117.03625262569781285, 3021.6419999999998254, 1, 3025.3170000000000073, 77.35279617738829927, 3021.6419999999998254, 1, 3025.3170000000000073, 0, 3021.6419999999998254, 1
3025.3270000000002256, 0, 3021.6480000000001382, 1, 3025.3270000000002256, 124.30435981638930798, 3021.6480000000001382, 1, 3025.3270000000002256, 72.680343604105402733, 3021.6480000000001382, 1, 3025.3270000000002256, 0, 3021.6480000000001382, 1
3025.3479999999999563, 0, 3021.6529999999997926, 1, 3025.3479999999999563, 126.52145468172760445, 3021.6529999999997926, 1, 3025.3479999999999563, 70.931082480501927989, 3021.6529999999997926, 1, 3025.3479999999999563, 0, 3021.6529999999997926, 1
3025.3479999999999563, 0, 3021.6579999999999018, 1, 3025.3479999999999563, 126.71741326361041047, 3021.6579999999999018, 1, 3025.3479999999999563, 71.578301548137773125, 3021.6579999999999018, 1, 3025.3479999999999563, 0, 3021.6579999999999018, 1
3025.3679999999999382, 0, 3021.6630000000000109, 1, 3025.3679999999999382, 127.03323016192379669, 3021.6630000000000109, 1, 3025.3679999999999382, 71.724559234747800929, 3021.6630000000000109, 1, 3025.3679999999999382, 0, 3021.6630000000000109, 1
3025.3679999999999382, 0, 3021.6680000000001201, 1, 3025.3679999999999382, 124.42009596815891825, 3021.6680000000001201, 1, 3025.3679999999999382, 76.436951476611042722, 3021.6680000000001201, 1, 3025.3679999999999382, 0, 3021.6680000000001201, 1
3025.387000000000171, 0, 3021.6729999999997744, 1, 3025.387000000000171, 122.41778466207622955, 3021.6729999999997744, 1, 3025.387000000000171, 79.751885366880856054, 3021.6729999999997744, 1, 3025.387000000000171, 0, 3021.6729999999997744, 1
3025.387000000000171, 0, 3021.6779999999998836, 1, 3025.387000000000171, 119.80894292167417348, 3021.6779999999998836, 1, 3025.387000000000171, 84.229701090182032885, 3021.6779999999998836, 1, 3025.387000000000171, 0, 3021.6779999999998836, 1
3025.3969999999999345, 0, 3021.6829999999999927, 1, 3025.3969999999999345, 117.17662002860797088, 3021.6829999999999927, 1, 3025.3969999999999345, 88.82814728699732143, 3021.6829999999999927, 1, 3025.3969999999999345, 0, 3021.6829999999999927, 1
3025.4169999999999163, 0, 3021.6880000000001019, 1, 3025.4169999999999163, 114.71956890246090666, 3021.6880000000001019, 0, 3025.4169999999999163, 92.367151147824273494, 3021.6880000000001019, 0, 3025.4169999999999163, 0, 3021.6880000000001019, 1
3025.4259999999999309, 0, 3021.693000000000211, 1, 3025.4259999999999309, 110.51569758348541939, 3021.693000000000211, 0, 3025.4259999999999309, 93.830459311585656224, 3021.693000000000211, 0, 3025.4259999999999309, 0, 3021.693000000000211, 1
3025.4259999999999309, 0, 3021.6979999999998654, 1, 3025.4259999999999309, 105.52290915277822592, 3021.6979999999998654, 0, 3025.4259999999999309, 95.700170026836801185, 3021.6979999999998654, 0, 3025.4259999999999309, 0, 3021.6979999999998654, 1
3025.4360000000001492, 0, 3021.7029999999999745, 1, 3025.4360000000001492, 102.80615214697715487, 3021.7029999999999745, 0, 3025.4360000000001492, 99.106488395748868925, 3021.7029999999999745, 0, 3025.4360000000001492, 0, 3021.7029999999999745, 1
3025.456000000000131, 0, 3021.7080000000000837, 1, 3025.456000000000131, 102.81916619574136007, 3021.7080000000000837, 0, 3025.456000000000131, 98.065312380582696505, 3021.7080000000000837, 0, 3025.456000000000131, 0, 3021.7080000000000837, 1
3025.456000000000131, 0, 3021.7130000000001928, 1, 3025.456000000000131, 107.46990880033237659, 3021.7130000000001928, 0, 3025.456000000000131, 101.66225798188280294, 3021.7130000000001928, 0, 3025.456000000000131, 0, 3021.7130000000001928, 1
3025.4670000000000982, 0, 3021.7159999999998945, 1, 3025.4670000000000982, 106.93182125478875832, 3021.7159999999998945, 0, 3025.4670000000000982, 104.87585805935017902, 3021.7159999999998945, 0, 3025.4670000000000982, 0, 3021.7159999999998945, 1
3025.48700000000008, 0, 3021.7229999999999563, 1, 3025.48700000000008, 103.85926870098070651, 3021.7229999999999563, 0, 3025.48700000000008, 108.13630785485305807, 3021.7229999999999563, 0, 3025.48700000000008, 0, 3021.7229999999999563, 1
3025.487999999999829, 0, 3021.7280000000000655, 1, 3025.487999999999829, 100.61665695193383385, 3021.7280000000000655, 0, 3025.487999999999829, 111.12848123897252606, 3021.7280000000000655, 0, 3025.487999999999829, 0, 3021.7280000000000655, 1
3025.5070000000000618, 0, 3021.7319999999999709, 1, 3025.5070000000000618, 98.47793825958606817, 3021.7319999999999709, 0, 3025.5070000000000618, 112.92815970919906476, 3021.7319999999999709, 0, 3025.5070000000000618, 0, 3021.7319999999999709, 1
3025.5070000000000618, 303.8587259893679402, 3021.7399999999997817, 1, 3025.5070000000000618, 75.174013250856944524, 3021.7399999999997817, 0, 3025.5070000000000618, 113.63549004514520391, 3021.7399999999997817, 0, 3025.5070000000000618, 0, 3021.7399999999997817, 1
3025.5169999999998254, 287.77784521177255783, 3021.7429999999999382, 1, 3025.5169999999998254, 15.346242778105905202, 3021.7429999999999382, 0, 3025.5169999999998254, 120.85265500086231327, 3021.7429999999999382, 0, 3025.5169999999998254, 0, 3021.7429999999999382, 1
3025.5329999999999018, 174.63118188335272407, 3021.7480000000000473, 1, 3025.5329999999999018, 0, 3021.7480000000000473, 0, 3025.5329999999999018, 96.031934444444289056, 3021.7480000000000473, 0, 3025.5329999999999018, 120.76682359582817128, 3021.7480000000000473, 1
3025.5380000000000109, 35.328462926327205196, 3021.7530000000001564, 1, 3025.5380000000000109, 0, 3021.7530000000001564, 0, 3025.5380000000000109, 52.087391066114761884, 3021.7530000000001564, 0, 3025.5380000000000109, 89.100671345160151304, 3021.7530000000001564, 1
3025.5470000000000255, 19.466627577395005488, 3021.7579999999998108, 1, 3025.5470000000000255, 0, 3021.7579999999998108, 0, 3025.5470000000000255, 28.700418433250536765, 3021.7579999999998108, 0, 3025.5470000000000255, 27.381439686607066619, 3021.7579999999998108, 1
3025.556999999999789, 14.228632837157292101, 3021.762000000000171, 1, 3025.556999999999789, 0, 3021.762000000000171, 0, 3025.556999999999789, 29.498403656694637931, 3021.762000000000171, 0, 3025.556999999999789, 16.87564246978653415, 3021.762000000000171, 1
3025.5670000000000073, 35.708813819832585068, 3021.7680000000000291, 1, 3025.5670000000000073, 0, 3021.7680000000000291, 0, 3025.5670000000000073, 33.02715723005196935, 3021.7680000000000291, 0, 3025.5670000000000073, 22.132955284541843355, 3021.7680000000000291, 1
3025.5770000000002256, 63.71039660066180943, 3021.7719999999999345, 1, 3025.5770000000002256, 0, 3021.7719999999999345, 0, 3025.5770000000002256, 35.758390631907680302, 3021.7719999999999345, 0, 3025.5770000000002256, 27.870853935075182051, 3021.7719999999999345, 1
3025.5869999999999891, 84.48540183069414411, 3021.7779999999997926, 1, 3025.5869999999999891, 64.609028050515618702, 3021.7779999999997926, 0, 3025.5869999999999891, 39.004046470491196885, 3021.7779999999997926, 0, 3025.5869999999999891, 32.377163609025792823, 3021.7779999999997926, 1
3025.5970000000002074, 85.138081676823290422, 3021.7829999999999018, 1, 3025.5970000000002074, 66.113689867722044369, 3021.7829999999999018, 0, 3025.5970000000002074, 37.85495018495922892, 3021.7829999999999018, 0, 3025.5970000000002074, 24.678206239952263701, 3021.7829999999999018, 1
3025.6069999999999709, 55.181809211520246095, 3021.7890000000002146, 1, 3025.6069999999999709, 101.24619387698510309, 3021.7890000000002146, 0, 3025.6069999999999709, 138.5073467797144815, 3021.7890000000002146, 0, 3025.6069999999999709, 48.093753830460229892, 3021.7890000000002146, 1
3025.6170000000001892, 54.714304757331937878, 3021.7930000000001201, 1, 3025.6170000000001892, 0, 3021.7930000000001201, 0, 3025.6170000000001892, 31.104697454864474793, 3021.7930000000001201, 0, 3025.6170000000001892, 54.643994569049070265, 3021.7930000000001201, 1
3025.6269999999999527, 83.091017015506238863, 3021.7979999999997744, 1, 3025.6269999999999527, 0, 3021.7979999999997744, 0, 3025.6269999999999527, 0, 3021.7979999999997744, 0, 3025.6269999999999527, 60.571984895294221474, 3021.7979999999997744, 1
3025.637000000000171, 99.93504507662242986, 3021.8029999999998836, 1, 3025.637000000000171, 0, 3021.8029999999998836, 0, 3025.637000000000171, 0, 3021.8029999999998836, 0, 3025.637000000000171, 67.773736543842730384, 3021.8029999999998836, 1
3025.6469999999999345, 110.46618327165977291, 3021.8079999999999927, 1, 3025.6469999999999345, 0, 3021.8079999999999927, 0, 3025.6469999999999345, 0, 3021.8079999999999927, 0, 3025.6469999999999345, 72.035480546144043501, 3021.8079999999999927, 1
3025.6669999999999163, 116.43680358605544711, 3021.8130000000001019, 1, 3025.6669999999999163, 0, 3021.8130000000001019, 0, 3025.6669999999999163, 0, 3021.8130000000001019, 0, 3025.6669999999999163, 73.02360776932229669, 3021.8130000000001019, 1
3025.6669999999999163, 119.02171054838991893, 3021.818000000000211, 1, 3025.6669999999999163, 0, 3021.818000000000211, 0, 3025.6669999999999163, 0, 3021.818000000000211, 0, 3025.6669999999999163, 76.144990262783437629, 3021.818000000000211, 1
3025.6770000000001346, 119.09934664878507249, 3021.8240000000000691, 1, 3025.6770000000001346, 0, 3021.8240000000000691, 0, 3025.6770000000001346, 0, 3021.8240000000000691, 0, 3025.6770000000001346, 77.314153847837673084, 3021.8240000000000691, 1
3025.6869999999998981, 117.65455640638494117, 3021.8279999999999745, 1, 3025.6869999999998981, 0, 3021.8279999999999745, 0, 3025.6869999999998981, 0, 3021.8279999999999745, 0, 3025.6869999999998981, 82.331237131786849659, 3021.8279999999999745, 1
3025.6970000000001164, 117.62118445812041045, 3021.8330000000000837, 1, 3025.6970000000001164, 0, 3021.8330000000000837, 0, 3025.6970000000001164, 0, 3021.8330000000000837, 0, 3025.6970000000001164, 83.389604224423806045, 3021.8330000000000837, 1
3025.7069999999998799, 115.98897952258747068, 3021.8369999999999891, 1, 3025.7069999999998799, 0, 3021.8369999999999891, 0, 3025.7069999999998799, 0, 3021.8369999999999891, 0, 3025.7069999999998799, 87.557559540291975964, 3021.8369999999999891, 1
3025.7170000000000982, 113.44217801825848824, 3021.8429999999998472, 1, 3025.7170000000000982, 0, 3021.8429999999998472, 0, 3025.7170000000000982, 0, 3021.8429999999998472, 0, 3025.7170000000000982, 93.263623662223807287, 3021.8429999999998472, 1
3025.7390000000000327, 111.4299110966645685, 3021.8479999999999563, 1, 3025.7390000000000327, 0, 3021.8479999999999563, 0, 3025.7390000000000327, 0, 3021.8479999999999563, 0, 3025.7390000000000327, 96.422723590549964001, 3021.8479999999999563, 1
3025.7469999999998436, 110.31672270427402793, 3021.8530000000000655, 1, 3025.7469999999998436, 0, 3021.8530000000000655, 0, 3025.7469999999998436, 0, 3021.8530000000000655, 0, 3025.7469999999998436, 98.990012918703484956, 3021.8530000000000655, 1
3025.7469999999998436, 108.8079496762487679, 3021.8580000000001746, 1, 3025.7469999999998436, 0, 3021.8580000000001746, 0, 3025.7469999999998436, 0, 3021.8580000000001746, 0, 3025.7469999999998436, 101.33038237559213712, 3021.8580000000001746, 1
3025.7570000000000618, 107.67218524704193783, 3021.862999999999829, 1, 3025.7570000000000618, 0, 3021.862999999999829, 0, 3025.7570000000000618, 0, 3021.862999999999829, 0, 3025.7570000000000618, 102.74521252456268883, 3021.862999999999829, 1
3025.7669999999998254, 106.65136079032870953, 3021.8679999999999382, 1, 3025.7669999999998254, 0, 3021.8679999999999382, 0, 3025.7669999999998254, 0, 3021.8679999999999382, 0, 3025.7669999999998254, 104.32611374910746349, 3021.8679999999999382, 1
3025.7770000000000437, 105.48963863034471444, 3021.8739999999997963, 1, 3025.7770000000000437, 0, 3021.8739999999997963, 0, 3025.7770000000000437, 0, 3021.8739999999997963, 0, 3025.7770000000000437, 106.10579152198080521, 3021.8739999999997963, 1
3025.7860000000000582, 104.10494885418029298, 3021.8789999999999054, 1, 3025.7860000000000582, 0, 3021.8789999999999054, 0, 3025.7860000000000582, 0, 3021.8789999999999054, 0, 3025.7860000000000582, 107.25532179582481263, 3021.8789999999999054, 1
3025.7970000000000255, 102.45659050761715037, 3021.8829999999998108, 1, 3025.7970000000000255, 0, 3021.8829999999998108, 0, 3025.7970000000000255, 0, 3021.8829999999998108, 0, 3025.7970000000000255, 111.29618555284002923, 3021.8829999999998108, 1
3025.806999999999789, 100.94221692787994016, 3021.88799999999992, 1, 3025.806999999999789, 0, 3021.88799999999992, 0, 3025.806999999999789, 0, 3021.88799999999992, 0, 3025.806999999999789, 114.74860726556931922, 3021.88799999999992, 1
3025.8170000000000073, 99.187933980775611076, 3021.8930000000000291, 1, 3025.8170000000000073, 0, 3021.8930000000000291, 0, 3025.8170000000000073, 0, 3021.8930000000000291, 0, 3025.8170000000000073, 117.0223039120267714, 3021.8930000000000291, 1
3025.8369999999999891, 97.9885568444274071, 3021.8980000000001382, 1, 3025.8369999999999891, 0, 3021.8980000000001382, 0, 3025.8369999999999891, 0, 3021.8980000000001382, 0, 3025.8369999999999891, 116.0258615130385067, 3021.8980000000001382, 1
3025.8470000000002074, 94.942633656151031118, 3021.9029999999997926, 1, 3025.8470000000002074, 325.55258125065290642, 3021.9029999999997926, 0, 3025.8470000000002074, 0, 3021.9029999999997926, 0, 3025.8470000000002074, 113.96961169944808034, 3021.9029999999997926, 1
3025.8569999999999709, 37.692993188480542699, 3021.9079999999999018, 1, 3025.8569999999999709, 293.91988660914336151, 3021.9079999999999018, 0, 3025.8569999999999709, 226.05437812276244358, 3021.9079999999999018, 0, 3025.8569999999999709, 114.89462794360079556, 3021.9079999999999018, 1
3025.8569999999999709, 1.1825262138756238439, 3021.9130000000000109, 1, 3025.8569999999999709, 100.78510302706392565, 3021.9130000000000109, 0, 3025.8569999999999709, 119.79620621651613988, 3021.9130000000000109, 0, 3025.8569999999999709, 38.666647585579724478, 3021.9130000000000109, 1
3025.8659999999999854, 0, 3021.918999999999869, 1, 3025.8659999999999854, 27.21823771649984991, 3021.918999999999869, 0, 3025.8659999999999854, 49.925155072564130876, 3021.918999999999869, 0, 3025.8659999999999854, 41.711540906214246149, 3021.918999999999869, 1
3025.8760000000002037, 0, 3021.9229999999997744, 1, 3025.8760000000002037, 14.153774202208545319, 3021.9229999999997744, 0, 3025.8760000000002037, 26.445453772167830664, 3021.9229999999997744, 0, 3025.8760000000002037, 43.198092710403315664, 3021.9229999999997744, 1
3025.887000000000171, 0, 3021.9290000000000873, 1, 3025.887000000000171, 25.02450665905969629, 3021.9290000000000873, 0, 3025.887000000000171, 21.259642199139044294, 3021.9290000000000873, 0, 3025.887000000000171, 46.819866900249820674, 3021.9290000000000873, 1
3025.9059999999999491, 0, 3021.9329999999999927, 1, 3025.9059999999999491, 46.808811268722948284, 3021.9329999999999927, 0, 3025.9059999999999491, 24.488823521405901573, 3021.9329999999999927, 0, 3025.9059999999999491, 49.099658338967593352, 3021.9329999999999927, 1
3025.9059999999999491, 70.762124008081769944, 3021.9389999999998508, 1, 3025.9059999999999491, 60.620027137033900999, 3021.9389999999998508, 1, 3025.9059999999999491, 28.520491986091961678, 3021.9389999999998508, 1, 3025.9059999999999491, 53.849071762555993814, 3021.9389999999998508, 1
3025.9169999999999163, 63.356960812167329777, 3021.943000000000211, 1, 3025.9169999999999163, 58.987780081052719083, 3021.943000000000211, 1, 3025.9169999999999163, 28.599485157793520074, 3021.943000000000211, 1, 3025.9169999999999163, 52.437590795721263248, 3021.943000000000211, 1
3025.9270000000001346, 59.873164074012038327, 3021.9490000000000691, 1, 3025.9270000000001346, 58.747165262023671062, 3021.9490000000000691, 1, 3025.9270000000001346, 31.335473265102116613, 3021.9490000000000691, 1, 3025.9270000000001346, 45.773739813100249307, 3021.9490000000000691, 1
3025.9369999999998981, 24.099329802633576492, 3021.9529999999999745, 1, 3025.9369999999998981, 61.985400735021798369, 3021.9529999999999745, 1, 3025.9369999999998981, 55.121531307550711176, 3021.9529999999999745, 1, 3025.9369999999998981, 23.726239240690844667, 3021.9529999999999745, 1
3025.956000000000131, 0, 3021.9580000000000837, 1, 3025.956000000000131, 88.387466452773423953, 3021.9580000000000837, 1, 3025.956000000000131, 76.065810785966959884, 3021.9580000000000837, 1, 3025.956000000000131, 0, 3021.9580000000000837, 1
3025.956000000000131, 0, 3021.9639999999999418, 1, 3025.956000000000131, 106.83488130058506727, 3021.9639999999999418, 1, 3025.956000000000131, 79.607586591014353417, 3021.9639999999999418, 1, 3025.956000000000131, 0, 3021.9639999999999418, 1
3025.9769999999998618, 0, 3021.9679999999998472, 1, 3025.9769999999998618, 118.336997519068575, 3021.9679999999998472, 1, 3025.9769999999998618, 76.839052312133375722, 3021.9679999999998472, 1, 3025.9769999999998618, 0, 3021.9679999999998472, 1
3025.9859999999998763, 0, 3021.9729999999999563, 1, 3025.9859999999998763, 125.17249179772618106, 3021.9729999999999563, 1, 3025.9859999999998763, 71.928758807648549123, 3021.9729999999999563, 1, 3025.9859999999998763, 0, 3021.9729999999999563, 1
3025.9960000000000946, 0, 3021.9780000000000655, 1, 3025.9960000000000946, 127.03876438091833734, 3021.9780000000000655, 1, 3025.9960000000000946, 70.831887269460764855, 3021.9780000000000655, 1, 3025.9960000000000946, 0, 3021.9780000000000655, 1
3026.0059999999998581, 0, 3021.9830000000001746, 1, 3026.0059999999998581, 127.96404569740585089, 3021.9830000000001746, 1, 3026.0059999999998581, 69.494137832368295449, 3021.9830000000001746, 1, 3026.0059999999998581, 0, 3021.9830000000001746, 1
3026.0169999999998254, 0, 3021.987999999999829, 1, 3026.0169999999998254, 126.15833463498123024, 3021.987999999999829, 1, 3026.0169999999998254, 72.230938506335490956, 3021.987999999999829, 1, 3026.0169999999998254, 0, 3021.987999999999829, 1
3026.0230000000001382, 0, 3021.9929999999999382, 1, 3026.0230000000001382, 124.5987726265169897, 3021.9929999999999382, 1, 3026.0230000000001382, 74.802694590079738646, 3021.9929999999999382, 1, 3026.0230000000001382, 0, 3021.9929999999999382, 1
3026.0230000000001382, 0, 3021.9980000000000473, 1, 3026.0230000000001382, 122.05238743231515741, 3021.9980000000000473, 1, 3026.0230000000001382, 78.942774570290794145, 3021.9980000000000473, 1, 3026.0230000000001382, 0, 3021.9980000000000473, 1
3026.0470000000000255, 0, 3022.0030000000001564, 1, 3026.0470000000000255, 119.09572971600670144, 3022.0030000000001564, 1, 3026.0470000000000255, 83.420499600999988843, 3022.0030000000001564, 1, 3026.0470000000000255, 0, 3022.0030000000001564, 1
3026.056999999999789, 0, 3022.0079999999998108, 1, 3026.056999999999789, 117.33554186850979306, 3022.0079999999998108, 1, 3026.056999999999789, 87.165968711259210977, 3022.0079999999998108, 1, 3026.056999999999789, 0, 3022.0079999999998108, 1
3026.056999999999789, 0, 3022.01299999999992, 0, 3026.056999999999789, 114.51044104971560955, 3022.01299999999992, 1, 3026.056999999999789, 91.070055370055399635, 3022.01299999999992, 1, 3026.056999999999789, 0, 3022.01299999999992, 0
3026.0749999999998181, 0, 3022.0180000000000291, 0, 3026.0749999999998181, 112.52605982320199018, 3022.0180000000000291, 1, 3026.0749999999998181, 91.626244999833573956, 3022.0180000000000291, 1, 3026.0749999999998181, 0, 3022.0180000000000291, 0
3026.0749999999998181, 0, 3022.0230000000001382, 0, 3026.0749999999998181, 109.45419800433441537, 3022.0230000000001382, 1, 3026.0749999999998181, 95.994396740586097394, 3022.0230000000001382, 1, 3026.0749999999998181, 0, 3022.0230000000001382, 0
3026.0869999999999891, 0, 3022.0289999999999964, 0, 3026.0869999999999891, 108.73257534148001469, 3022.0289999999999964, 1, 3026.0869999999999891, 95.259960984555334562, 3022.0289999999999964, 1, 3026.0869999999999891, 0, 3022.0289999999999964, 0
3026.1069999999999709, 0, 3022.0329999999999018, 0, 3026.1069999999999709, 106.57127179227052238, 3022.0329999999999018, 1, 3026.1069999999999709, 97.979845440142327107, 3022.0329999999999018, 1, 3026.1069999999999709, 0, 3022.0329999999999018, 0
3026.1069999999999709, 0, 3022.0390000000002146, 0, 3026.1069999999999709, 104.78850721392329604, 3022.0390000000002146, 1, 3026.1069999999999709, 101.27688568882611264, 3022.0390000000002146, 1, 3026.1069999999999709, 0, 3022.0390000000002146, 0
3026.1140000000000327, 0, 3022.0430000000001201, 0, 3026.1140000000000327, 102.86127641649849807, 3022.0430000000001201, 1, 3026.1140000000000327, 105.75226614005828196, 3022.0430000000001201, 1, 3026.1140000000000327, 0, 3022.0430000000001201, 0
3026.1260000000002037, 0, 3022.0479999999997744, 0, 3026.1260000000002037, 100.7740409511564792, 3022.0479999999997744, 1, 3026.1260000000002037, 109.80602254963889663, 3022.0479999999997744, 1, 3026.1260000000002037, 0, 3022.0479999999997744, 0
3026.1469999999999345, 0, 3022.0529999999998836, 0, 3026.1469999999999345, 98.832049756565652388, 3022.0529999999998836, 1, 3026.1469999999999345, 111.86790482238542666, 3022.0529999999998836, 1, 3026.1469999999999345, 0, 3022.0529999999998836, 0
3026.1469999999999345, 0, 3022.0590000000001965, 0, 3026.1469999999999345, 96.158006264370825988, 3022.0590000000001965, 1, 3026.1469999999999345, 115.461877994263034, 3022.0590000000001965, 1, 3026.1469999999999345, 0, 3022.0590000000001965, 0
3026.1570000000001528, 315.42279464451172544, 3022.0639999999998508, 0, 3026.1570000000001528, 76.345181384746638287, 3022.0639999999998508, 1, 3026.1570000000001528, 107.90412144188979937, 3022.0639999999998508, 1, 3026.1570000000001528, 0, 3022.0639999999998508, 0
3026.1779999999998836, 289.86184566907479621, 3022.06899999999996, 0, 3026.1779999999998836, 17.915108806346800918, 3022.06899999999996, 1, 3026.1779999999998836, 121.66970387342806248, 3022.06899999999996, 1, 3026.1779999999998836, 0, 3022.06899999999996, 0
3026.1779999999998836, 156.18717754946601417, 3022.0729999999998654, 0, 3026.1779999999998836, 0, 3022.0729999999998654, 1, 3026.1779999999998836, 90.428062777355833646, 3022.0729999999998654, 1, 3026.1779999999998836, 0, 3022.0729999999998654, 0
3026.1869999999998981, 36.069398936150818713, 3022.0779999999999745, 0, 3026.1869999999998981, 0, 3022.0779999999999745, 1, 3026.1869999999998981, 48.201196444725823653, 3022.0779999999999745, 1, 3026.1869999999998981, 99.480866665481386235, 3022.0779999999999745, 0
3026.1970000000001164, 20.332164382668885594, 3022.0839999999998327, 0, 3026.1970000000001164, 0, 3022.0839999999998327, 1, 3026.1970000000001164, 24.07092781772047374, 3022.0839999999998327, 1, 3026.1970000000001164, 36.579544514336930661, 3022.0839999999998327, 0
3026.2069999999998799, 20.900816442623057156, 3022.0889999999999418, 0, 3026.2069999999998799, 0, 3022.0889999999999418, 1, 3026.2069999999998799, 28.428007748599966931, 3022.0889999999999418, 1, 3026.2069999999998799, 26.276095559407945501, 3022.0889999999999418, 0
3026.2170000000000982, 40.565160519008244933, 3022.0940000000000509, 0, 3026.2170000000000982, 0, 3022.0940000000000509, 1, 3026.2170000000000982, 32.826538935513767115, 3022.0940000000000509, 1, 3026.2170000000000982, 25.998826410859695812, 3022.0940000000000509, 0
3026.2269999999998618, 65.223759360752936232, 3022.0990000000001601, 0, 3026.2269999999998618, 51.067131521772267888, 3022.0990000000001601, 1, 3026.2269999999998618, 37.227587221344947466, 3022.0990000000001601, 1, 3026.2269999999998618, 25.532428291391717323, 3022.0990000000001601, 0
3026.23700000000008, 73.941058471949986597, 3022.1030000000000655, 0, 3026.23700000000008, 47.284034866618817716, 3022.1030000000000655, 1, 3026.23700000000008, 38.630604008918638215, 3022.1030000000000655, 1, 3026.23700000000008, 18.429245120867545182, 3022.1030000000000655, 0
3026.2469999999998436, 76.809553792902931946, 3022.1089999999999236, 0, 3026.2469999999998436, 54.253272605399246231, 3022.1089999999999236, 1, 3026.2469999999998436, 41.154147171130645688, 3022.1089999999999236, 1, 3026.2469999999998436, 19.520913279527142947, 3022.1089999999999236, 0
3026.2570000000000618, 57.015859361296286067, 3022.1140000000000327, 0, 3026.2570000000000618, 100.41362360683206134, 3022.1140000000000327, 1, 3026.2570000000000618, 140.63667931775697184, 3022.1140000000000327, 1, 3026.2570000000000618, 43.153817294618789902, 3022.1140000000000327, 0
3026.2669999999998254, 49.46325494470763573, 3022.1179999999999382, 0, 3026.2669999999998254, 0, 3022.1179999999999382, 1, 3026.2669999999998254, 60.06886661306332087, 3022.1179999999999382, 1, 3026.2669999999998254, 51.224310855736092662, 3022.1179999999999382, 0
3026.2770000000000437, 81.12813504882129223, 3022.1230000000000473, 0, 3026.2770000000000437, 0, 3022.1230000000000473, 1, 3026.2770000000000437, 0, 3022.1230000000000473, 1, 3026.2770000000000437, 59.841591098306295748, 3022.1230000000000473, 0
3026.2959999999998217, 99.611181995107017428, 3022.1280000000001564, 0, 3026.2959999999998217, 0, 3022.1280000000001564, 1, 3026.2959999999998217, 0, 3022.1280000000001564, 1, 3026.2959999999998217, 67.19459774704378674, 3022.1280000000001564, 0
3026.2970000000000255, 110.7617003960976092, 3022.1329999999998108, 0, 3026.2970000000000255, 0, 3022.1329999999998108, 1, 3026.2970000000000255, 0, 3022.1329999999998108, 1, 3026.2970000000000255, 72.481318617709604268, 3022.1329999999998108, 0
3026.306999999999789, 116.25627229060610546, 3022.13799999999992, 0, 3026.306999999999789, 0, 3022.13799999999992, 1, 3026.306999999999789, 0, 3022.13799999999992, 1, 3026.306999999999789, 73.915178220348963123, 3022.13799999999992, 0
3026.3170000000000073, 118.0124386908222931, 3022.1439999999997781, 0, 3026.3170000000000073, 0, 3022.1439999999997781, 1, 3026.3170000000000073, 0, 3022.1439999999997781, 1, 3026.3170000000000073, 76.61599111299996423, 3022.1439999999997781, 0
3026.3380000000001928, 119.52566237778341929, 3022.1480000000001382, 0, 3026.3380000000001928, 0, 3022.1480000000001382, 1, 3026.3380000000001928, 0, 3022.1480000000001382, 1, 3026.3380000000001928, 76.537872541455740816, 3022.1480000000001382, 0
3026.3380000000001928, 118.78840242730018417, 3022.1539999999999964, 0, 3026.3380000000001928, 0, 3022.1539999999999964, 1, 3026.3380000000001928, 0, 3022.1539999999999964, 1, 3026.3380000000001928, 82.597757763340382553, 3022.1539999999999964, 0
3026.3470000000002074, 117.59536880650361468, 3022.1590000000001055, 0, 3026.3470000000002074, 0, 3022.1590000000001055, 1, 3026.3470000000002074, 0, 3022.1590000000001055, 1, 3026.3470000000002074, 84.127894962049509786, 3022.1590000000001055, 0
3026.3560000000002219, 116.13808470558441854, 3022.1630000000000109, 0, 3026.3560000000002219, 0, 3022.1630000000000109, 1, 3026.3560000000002219, 0, 3022.1630000000000109, 1, 3026.3560000000002219, 88.316461077950407343, 3022.1630000000000109, 0
3026.3679999999999382, 114.37972247011278171, 3022.1680000000001201, 0, 3026.3679999999999382, 0, 3022.1680000000001201, 1, 3026.3679999999999382, 0, 3022.1680000000001201, 1, 3026.3679999999999382, 92.308180114716748221, 3022.1680000000001201, 0
3026.3760000000002037, 112.51840233120935864, 3022.1729999999997744, 0, 3026.3760000000002037, 0, 3022.1729999999997744, 1, 3026.3760000000002037, 0, 3022.1729999999997744, 1, 3026.3760000000002037, 96.141431770059682549, 3022.1729999999997744, 0
3026.3859999999999673, 110.72832210068011705, 3022.1779999999998836, 0, 3026.3859999999999673, 0, 3022.1779999999998836, 1, 3026.3859999999999673, 0, 3022.1779999999998836, 1, 3026.3859999999999673, 99.865454869948905525, 3022.1779999999998836, 0
3026.3960000000001855, 109.17990617424780453, 3022.1829999999999927, 0, 3026.3960000000001855, 0, 3022.1829999999999927, 1, 3026.3960000000001855, 0, 3022.1829999999999927, 1, 3026.3960000000001855, 101.69415457933278901, 3022.1829999999999927, 0
3026.4059999999999491, 108.60815012231410037, 3022.1889999999998508, 0, 3026.4059999999999491, 0, 3022.1889999999998508, 1, 3026.4059999999999491, 0, 3022.1889999999998508, 1, 3026.4059999999999491, 102.42885561924265403, 3022.1889999999998508, 0
3026.4169999999999163, 107.12433506028193619, 3022.193000000000211, 0, 3026.4169999999999163, 0, 3022.193000000000211, 1, 3026.4169999999999163, 0, 3022.193000000000211, 1, 3026.4169999999999163, 103.99280431354253551, 3022.193000000000211, 0
3026.4270000000001346, 106.2814631289514864, 3022.1979999999998654, 0, 3026.4270000000001346, 0, 3022.1979999999998654, 1, 3026.4270000000001346, 0, 3022.1979999999998654, 1, 3026.4270000000001346, 105.08227400896406323, 3022.1979999999998654, 0
3026.4400000000000546, 104.50058451737928067, 3022.2029999999999745, 0, 3026.4400000000000546, 0, 3022.2029999999999745, 1, 3026.4400000000000546, 0, 3022.2029999999999745, 1, 3026.4400000000000546, 109.59805874826562899, 3022.2029999999999745, 0
3026.4470000000001164, 101.7608016775399733, 3022.2080000000000837, 0, 3026.4470000000001164, 0, 3022.2080000000000837, 1, 3026.4470000000001164, 0, 3022.2080000000000837, 1, 3026.4470000000001164, 107.44328656391923005, 3022.2080000000000837, 0
3026.4569999999998799, 100.90411341226595709, 3022.2130000000001928, 0, 3026.4569999999998799, 0, 3022.2130000000001928, 1, 3026.4569999999998799, 0, 3022.2130000000001928, 1, 3026.4569999999998799, 107.3989939411106036, 3022.2130000000001928, 0
3026.4670000000000982, 98.760499296221354371, 3022.2190000000000509, 0, 3026.4670000000000982, 0, 3022.2190000000000509, 1, 3026.4670000000000982, 0, 3022.2190000000000509, 1, 3026.4670000000000982, 117.3006795400713429, 3022.2190000000000509, 0
3026.4780000000000655, 97.789259865336404687, 3022.2229999999999563, 0, 3026.4780000000000655, 0, 3022.2229999999999563, 1, 3026.4780000000000655, 0, 3022.2229999999999563, 1, 3026.4780000000000655, 116.27421881985050334, 3022.2229999999999563, 0
3026.48700000000008, 97.920286301696805253, 3022.2289999999998145, 0, 3026.48700000000008, 268.27500154113323561, 3022.2289999999998145, 1, 3026.48700000000008, 0, 3022.2289999999998145, 1, 3026.48700000000008, 111.24798880702974202, 3022.2289999999998145, 0
3026.4969999999998436, 59.358535205117789246, 3022.2330000000001746, 0, 3026.4969999999998436, 307.93383848691337334, 3022.2330000000001746, 1, 3026.4969999999998436, 255.30111147583730258, 3022.2330000000001746, 1, 3026.4969999999998436, 112.95126173371619416, 3022.2330000000001746, 0
3026.5070000000000618, 3.3212795769110017297, 3022.2390000000000327, 0, 3026.5070000000000618, 139.7629774081837013, 3022.2390000000000327, 1, 3026.5070000000000618, 162.23720596849972253, 3022.2390000000000327, 1, 3026.5070000000000618, 34.961560172213388853, 3022.2390000000000327, 0
3026.5169999999998254, 0, 3022.2440000000001419, 0, 3026.5169999999998254, 32.155616832377091896, 3022.2440000000001419, 1, 3026.5169999999998254, 52.95053492214698565, 3022.2440000000001419, 1, 3026.5169999999998254, 28.499671647756805726, 3022.2440000000001419, 0
3026.5289999999999964, 0, 3022.2480000000000473, 0, 3026.5289999999999964, 14.731441300235699643, 3022.2480000000000473, 1, 3026.5289999999999964, 23.195978304123933356, 3022.2480000000000473, 1, 3026.5289999999999964, 37.754862962324686748, 3022.2480000000000473, 0
3026.5369999999998072, 0, 3022.2539999999999054, 0, 3026.5369999999998072, 27.956210390853648562, 3022.2539999999999054, 1, 3026.5369999999998072, 19.107978414237216214, 3022.2539999999999054, 1, 3026.5369999999998072, 44.382357541246719279, 3022.2539999999999054, 0
3026.5459999999998217, 45.41330962575928254, 3022.2590000000000146, 0, 3026.5459999999998217, 47.90080312371510729, 3022.2590000000000146, 1, 3026.5459999999998217, 22.95265923021440102, 3022.2590000000000146, 1, 3026.5459999999998217, 47.264342307284387346, 3022.2590000000000146, 0
3026.55600000000004, 53.475006609768207966, 3022.26299999999992, 1, 3026.55600000000004, 54.494445355332871372, 3022.26299999999992, 1, 3026.55600000000004, 23.466605639789452908, 3022.26299999999992, 1, 3026.55600000000004, 56.567832514056092919, 3022.26299999999992, 1
3026.5659999999998035, 56.641305912065149641, 3022.2689999999997781, 1, 3026.5659999999998035, 57.424071609575733532, 3022.2689999999997781, 1, 3026.5659999999998035, 25.037234543914571816, 3022.2689999999997781, 1, 3026.5659999999998035, 53.765305514358630035, 3022.2689999999997781, 1
3026.5760000000000218, 60.36148655801606111, 3022.2730000000001382, 1, 3026.5760000000000218, 59.342194319460261909, 3022.2730000000001382, 1, 3026.5760000000000218, 27.693738337948722972, 3022.2730000000001382, 1, 3026.5760000000000218, 51.9122771165825867, 3022.2730000000001382, 1
3026.5869999999999891, 21.385564862733907887, 3022.2789999999999964, 1, 3026.5869999999999891, 61.588289508155071417, 3022.2789999999999964, 1, 3026.5869999999999891, 50.649275416329366806, 3022.2789999999999964, 1, 3026.5869999999999891, 18.84371571328578554, 3022.2789999999999964, 1
3026.5960000000000036, 0, 3022.2840000000001055, 1, 3026.5960000000000036, 86.843604986911032029, 3022.2840000000001055, 1, 3026.5960000000000036, 72.764592878693662215, 3022.2840000000001055, 1, 3026.5960000000000036, 0, 3022.2840000000001055, 1
3026.6069999999999709, 0, 3022.2880000000000109, 1, 3026.6069999999999709, 107.2342583701220633, 3022.2880000000000109, 1, 3026.6069999999999709, 78.529390129247900632, 3022.2880000000000109, 1, 3026.6069999999999709, 0, 3022.2880000000000109, 1
3026.6170000000001892, 0, 3022.2930000000001201, 1, 3026.6170000000001892, 118.50967084956288033, 3022.2930000000001201, 1, 3026.6170000000001892, 76.407560752880840482, 3022.2930000000001201, 1, 3026.6170000000001892, 0, 3022.2930000000001201, 1
3026.6269999999999527, 0, 3022.2979999999997744, 1, 3026.6269999999999527, 125.66632930233578236, 3022.2979999999997744, 1, 3026.6269999999999527, 72.277002903521690769, 3022.2979999999997744, 1, 3026.6269999999999527, 0, 3022.2979999999997744, 1
3026.637000000000171, 0, 3022.3040000000000873, 1, 3026.637000000000171, 127.9708695453343239, 3022.3040000000000873, 1, 3026.637000000000171, 71.071406969832565892, 3022.3040000000000873, 1, 3026.637000000000171, 0, 3022.3040000000000873, 1
3026.6570000000001528, 0, 3022.3079999999999927, 1, 3026.6570000000001528, 128.78343650494736039, 3022.3079999999999927, 1, 3026.6570000000001528, 68.374728571453630366, 3022.3079999999999927, 1, 3026.6570000000001528, 0, 3022.3079999999999927, 1
3026.6570000000001528, 0, 3022.3139999999998508, 1, 3026.6570000000001528, 128.29821376245209308, 3022.3139999999998508, 1, 3026.6570000000001528, 70.989575258408876834, 3022.3139999999998508, 1, 3026.6570000000001528, 0, 3022.3139999999998508, 1
3026.6770000000001346, 0, 3022.318000000000211, 1, 3026.6770000000001346, 126.55126915486491157, 3022.318000000000211, 1, 3026.6770000000001346, 72.704051797621929154, 3022.318000000000211, 1, 3026.6770000000001346, 0, 3022.318000000000211, 1
3026.6770000000001346, 0, 3022.3249999999998181, 1, 3026.6770000000001346, 123.07748291925994977, 3022.3249999999998181, 1, 3026.6770000000001346, 77.178456012823872356, 3022.3249999999998181, 1, 3026.6770000000001346, 0, 3022.3249999999998181, 1
3026.6970000000001164, 0, 3022.3279999999999745, 1, 3026.6970000000001164, 120.29707500209153181, 3022.3279999999999745, 1, 3026.6970000000001164, 83.588394643209795731, 3022.3279999999999745, 1, 3026.6970000000001164, 0, 3022.3279999999999745, 1
3026.7069999999998799, 0, 3022.3330000000000837, 1, 3026.7069999999998799, 118.47331956569436784, 3022.3330000000000837, 1, 3026.7069999999998799, 87.045336935036260684, 3022.3330000000000837, 1, 3026.7069999999998799, 0, 3022.3330000000000837, 1
3026.7159999999998945, 0, 3022.3389999999999418, 1, 3026.7159999999998945, 115.52200260757209094, 3022.3389999999999418, 0, 3026.7159999999998945, 91.776108067710680416, 3022.3389999999999418, 0, 3026.7159999999998945, 0, 3022.3389999999999418, 1
3026.7170000000000982, 0, 3022.3429999999998472, 1, 3026.7170000000000982, 113.53724310568830447, 3022.3429999999998472, 0, 3026.7170000000000982, 94.461681668026415082, 3022.3429999999998472, 0, 3026.7170000000000982, 0, 3022.3429999999998472, 1
3026.7260000000001128, 0, 3022.3479999999999563, 1, 3026.7260000000001128, 111.43760994682972409, 3022.3479999999999563, 0, 3026.7260000000001128, 96.669904261022480796, 3022.3479999999999563, 0, 3026.7260000000001128, 0, 3022.3479999999999563, 1
3026.73700000000008, 0, 3022.3539999999998145, 1, 3026.73700000000008, 109.65226981682067731, 3022.3539999999998145, 0, 3026.73700000000008, 97.865533538239915856, 3022.3539999999998145, 0, 3026.73700000000008, 0, 3022.3539999999998145, 1
3026.7469999999998436, 0, 3022.3580000000001746, 1, 3026.7469999999998436, 107.7466402639266505, 3022.3580000000001746, 0, 3026.7469999999998436, 100.11847897441239752, 3022.3580000000001746, 0, 3026.7469999999998436, 0, 3022.3580000000001746, 1
3026.7590000000000146, 0, 3022.3649999999997817, 1, 3026.7590000000000146, 105.70137265824004658, 3022.3649999999997817, 0, 3026.7590000000000146, 102.23094909726228252, 3022.3649999999997817, 0, 3026.7590000000000146, 0, 3022.3649999999997817, 1
3026.7689999999997781, 0, 3022.3679999999999382, 1, 3026.7689999999997781, 104.15000940210258307, 3022.3679999999999382, 0, 3026.7689999999997781, 106.0115165280939209, 3022.3679999999999382, 0, 3026.7689999999997781, 0, 3022.3679999999999382, 1
3026.7789999999999964, 0, 3022.3739999999997963, 1, 3026.7789999999999964, 101.66685569226794428, 3022.3739999999997963, 0, 3026.7789999999999964, 108.77096871131327305, 3022.3739999999997963, 0, 3026.7789999999999964, 0, 3022.3739999999997963, 1
3026.7860000000000582, 0, 3022.3780000000001564, 1, 3026.7860000000000582, 100.14608223294848699, 3022.3780000000001564, 0, 3026.7860000000000582, 109.20911124427063044, 3022.3780000000001564, 0, 3026.7860000000000582, 0, 3022.3780000000001564, 1
3026.7970000000000255, 0, 3022.3829999999998108, 1, 3026.7970000000000255, 96.638307401364983207, 3022.3829999999998108, 0, 3026.7970000000000255, 116.78542593626968937, 3022.3829999999998108, 0, 3026.7970000000000255, 0, 3022.3829999999998108, 1
3026.8090000000001965, 306.27736530675508675, 3022.3890000000001237, 1, 3026.8090000000001965, 81.393449223257817948, 3022.3890000000001237, 0, 3026.8090000000001965, 112.38214609026454127, 3022.3890000000001237, 0, 3026.8090000000001965, 0, 3022.3890000000001237, 1
3026.8159999999998035, 295.90941363361184813, 3022.3930000000000291, 1, 3026.8159999999998035, 22.958779209710087343, 3022.3930000000000291, 0, 3026.8159999999998035, 115.87315776835865222, 3022.3930000000000291, 0, 3026.8159999999998035, 0, 3022.3930000000000291, 1
3026.8369999999999891, 200.06098968200797117, 3022.3980000000001382, 1, 3026.8369999999999891, 0.21794010013008072169, 3022.3980000000001382, 0, 3026.8369999999999891, 119.28665130537501682, 3022.3980000000001382, 0, 3026.8369999999999891, 160.88650515464919977, 3022.3980000000001382, 1
3026.8369999999999891, 35.815751150148315674, 3022.4029999999997926, 1, 3026.8369999999999891, 0, 3022.4029999999997926, 0, 3026.8369999999999891, 42.365811254806210684, 3022.4029999999997926, 0, 3026.8369999999999891, 85.674923180918895582, 3022.4029999999997926, 1
3026.8470000000002074, 18.327465517574044185, 3022.4079999999999018, 1, 3026.8470000000002074, 0, 3022.4079999999999018, 0, 3026.8470000000002074, 22.880009718942567076, 3022.4079999999999018, 0, 3026.8470000000002074, 27.474059711207416967, 3022.4079999999999018, 1
3026.8670000000001892, 18.903327166618463906, 3022.4130000000000109, 1, 3026.8670000000001892, 0, 3022.4130000000000109, 0, 3026.8670000000001892, 28.71508455035925067, 3022.4130000000000109, 0, 3026.8670000000001892, 18.612864711513829263, 3022.4130000000000109, 1
3026.8670000000001892, 40.168837582431102362, 3022.4180000000001201, 1, 3026.8670000000001892, 0, 3022.4180000000001201, 0, 3026.8670000000001892, 33.960541341259087744, 3022.4180000000001201, 0, 3026.8670000000001892, 21.229059278920196618, 3022.4180000000001201, 1
3026.8780000000001564, 62.920249444454711352, 3022.4229999999997744, 1, 3026.8780000000001564, 49.324282681749771484, 3022.4229999999997744, 0, 3026.8780000000001564, 38.262959038266259881, 3022.4229999999997744, 0, 3026.8780000000001564, 21.849450705250880844, 3022.4229999999997744, 1
3026.887000000000171, 74.757896513324965326, 3022.4299999999998363, 1, 3026.887000000000171, 44.460189942634194438, 3022.4299999999998363, 0, 3026.887000000000171, 40.441187600475359432, 3022.4299999999998363, 0, 3026.887000000000171, 16.582860424440873715, 3022.4299999999998363, 1
3026.8989999999998872, 78.325872904485692061, 3022.4329999999999927, 1, 3026.8989999999998872, 52.547197525586220479, 3022.4329999999999927, 0, 3026.8989999999998872, 41.394178430295006876, 3022.4329999999999927, 0, 3026.8989999999998872, 17.598550619402821837, 3022.4329999999999927, 1
3026.9070000000001528, 59.086054357763167388, 3022.4380000000001019, 1, 3026.9070000000001528, 111.89320645885041472, 3022.4380000000001019, 0, 3026.9070000000001528, 153.43207151253307075, 3022.4380000000001019, 0, 3026.9070000000001528, 33.867799591027981876, 3022.4380000000001019, 1
3026.9160000000001673, 45.272138690448187504, 3022.443000000000211, 1, 3026.9160000000001673, 10.845261240307912942, 3022.443000000000211, 0, 3026.9160000000001673, 89.830801589173205457, 3022.443000000000211, 0, 3026.9160000000001673, 32.085997845255519678, 3022.443000000000211, 1
3026.9360000000001492, 73.674698484979842306, 3022.4479999999998654, 1, 3026.9360000000001492, 0, 3022.4479999999998654, 0, 3026.9360000000001492, 0, 3022.4479999999998654, 0, 3026.9360000000001492, 57.156624350028131687, 3022.4479999999998654, 1
3026.9470000000001164, 96.029623301202718721, 3022.4540000000001783, 1, 3026.9470000000001164, 0, 3022.4540000000001783, 0, 3026.9470000000001164, 0, 3022.4540000000001783, 0, 3026.9470000000001164, 70.256217387191924217, 3022.4540000000001783, 1
3026.956000000000131, 109.73540735285300229, 3022.4580000000000837, 1, 3026.956000000000131, 0, 3022.4580000000000837, 0, 3026.956000000000131, 0, 3022.4580000000000837, 0, 3026.956000000000131, 73.934117397787233017, 3022.4580000000000837, 1
3026.956000000000131, 116.05472035644743301, 3022.4630000000001928, 1, 3026.956000000000131, 0, 3022.4630000000001928, 0, 3026.956000000000131, 0, 3022.4630000000001928, 0, 3026.956000000000131, 74.153177439802959725, 3022.4630000000001928, 1
3026.9659999999998945, 118.75104340289102822, 3022.4690000000000509, 1, 3026.9659999999998945, 0, 3022.4690000000000509, 0, 3026.9659999999998945, 0, 3022.4690000000000509, 0, 3026.9659999999998945, 76.067822092076028184, 3022.4690000000000509, 1
3026.9769999999998618, 119.76902695799367393, 3022.4729999999999563, 1, 3026.9769999999998618, 0, 3022.4729999999999563, 0, 3026.9769999999998618, 0, 3022.4729999999999563, 0, 3026.9769999999998618, 77.423587658444716908, 3022.4729999999999563, 1
3026.9859999999998763, 119.83286720476971254, 3022.4789999999998145, 1, 3026.9859999999998763, 0, 3022.4789999999998145, 0, 3026.9859999999998763, 0, 3022.4789999999998145, 0, 3026.9859999999998763, 79.061831117326050844, 3022.4789999999998145, 1
3026.9960000000000946, 118.56374547431923361, 3022.4830000000001746, 1, 3026.9960000000000946, 0, 3022.4830000000001746, 0, 3026.9960000000000946, 0, 3022.4830000000001746, 0, 3026.9960000000000946, 82.396178909011425162, 3022.4830000000001746, 1
3027.0059999999998581, 116.74159995491780251, 3022.4890000000000327, 1, 3027.0059999999998581, 0, 3022.4890000000000327, 0, 3027.0059999999998581, 0, 3022.4890000000000327, 0, 3027.0059999999998581, 86.751575343698590359, 3022.4890000000000327, 1
3027.0160000000000764, 115.37771933605385755, 3022.4929999999999382, 1, 3027.0160000000000764, 0, 3022.4929999999999382, 0, 3027.0160000000000764, 0, 3022.4929999999999382, 0, 3027.0160000000000764, 90.585898565023711626, 3022.4929999999999382, 1
3027.0270000000000437, 113.16773799122182709, 3022.4980000000000473, 1, 3027.0270000000000437, 0, 3022.4980000000000473, 0, 3027.0270000000000437, 0, 3022.4980000000000473, 0, 3027.0270000000000437, 95.344115430507883957, 3022.4980000000000473, 1
3027.0369999999998072, 109.98252027015604426, 3022.5030000000001564, 1, 3027.0369999999998072, 0, 3022.5030000000001564, 0, 3027.0369999999998072, 0, 3022.5030000000001564, 0, 3027.0369999999998072, 97.754335011495612662, 3022.5030000000001564, 1
3027.0470000000000255, 109.81861537497775316, 3022.5079999999998108, 1, 3027.0470000000000255, 0, 3022.5079999999998108, 0, 3027.0470000000000255, 0, 3022.5079999999998108, 0, 3027.0470000000000255, 97.476849210420283498, 3022.5079999999998108, 1
3027.056999999999789, 107.99466971174044261, 3022.51299999999992, 1, 3027.056999999999789, 0, 3022.51299999999992, 0, 3027.056999999999789, 0, 3022.51299999999992, 0, 3027.056999999999789, 100.33975749306756597, 3022.51299999999992, 1
3027.0670000000000073, 106.86076450597468579, 3022.5180000000000291, 1, 3027.0670000000000073, 0, 3022.5180000000000291, 0, 3027.0670000000000073, 0, 3022.5180000000000291, 0, 3027.0670000000000073, 102.02330969666400051, 3022.5180000000000291, 1
3027.0770000000002256, 105.85362975845964684, 3022.5230000000001382, 1, 3027.0770000000002256, 0, 3022.5230000000001382, 0, 3027.0770000000002256, 0, 3022.5230000000001382, 0, 3027.0770000000002256, 105.81585367906151873, 3022.5230000000001382, 1
3027.0869999999999891, 104.75925622868754772, 3022.5279999999997926, 1, 3027.0869999999999891, 0, 3022.5279999999997926, 0, 3027.0869999999999891, 0, 3022.5279999999997926, 0, 3027.0869999999999891, 106.30625942486400959, 3022.5279999999997926, 1
3027.0970000000002074, 103.43034364737589215, 3022.5320000000001528, 1, 3027.0970000000002074, 0, 3022.5320000000001528, 0, 3027.0970000000002074, 0, 3022.5320000000001528, 0, 3027.0970000000002074, 110.75199258185458007, 3022.5320000000001528, 1
3027.1069999999999709, 102.16992770633181919, 3022.5380000000000109, 1, 3027.1069999999999709, 0, 3022.5380000000000109, 0, 3027.1069999999999709, 0, 3022.5380000000000109, 0, 3027.1069999999999709, 113.00692307783972979, 3022.5380000000000109, 1
3027.1170000000001892, 99.987590479768840623, 3022.5450000000000728, 1, 3027.1170000000001892, 0, 3022.5450000000000728, 0, 3027.1170000000001892, 0, 3022.5450000000000728, 0, 3027.1170000000001892, 115.42959608716893172, 3022.5450000000000728, 1
3027.1260000000002037, 98.531458728342499853, 3022.5479999999997744, 1, 3027.1260000000002037, 0, 3022.5479999999997744, 0, 3027.1260000000002037, 0, 3022.5479999999997744, 0, 3027.1260000000002037, 117.39494723500816065, 3022.5479999999997744, 1
3027.137000000000171, 98.54783215780581429, 3022.5540000000000873, 1, 3027.137000000000171, 0, 3022.5540000000000873, 0, 3027.137000000000171, 0, 3022.5540000000000873, 0, 3027.137000000000171, 115.18428025896501765, 3022.5540000000000873, 1
3027.1469999999999345, 71.752984167797222881, 3022.5590000000001965, 1, 3027.1469999999999345, 317.88163395412556156, 3022.5590000000001965, 0, 3027.1469999999999345, 0, 3022.5590000000001965, 0, 3027.1469999999999345, 112.86093393843185595, 3022.5590000000001965, 1
3027.1669999999999163, 12.984528660908287279, 3022.5630000000001019, 1, 3027.1669999999999163, 222.73722960248642266, 3022.5630000000001019, 0, 3027.1669999999999163, 225.80126382219111747, 3022.5630000000001019, 0, 3027.1669999999999163, 63.202368638348758623, 3022.5630000000001019, 1
3027.1669999999999163, 0, 3022.568000000000211, 1, 3027.1669999999999163, 42.350806615253766552, 3022.568000000000211, 0, 3027.1669999999999163, 59.60491700430697648, 3022.568000000000211, 0, 3027.1669999999999163, 26.762781366762755653, 3022.568000000000211, 1
3027.1860000000001492, 0, 3022.5729999999998654, 1, 3027.1860000000001492, 9.9906201351427714741, 3022.5729999999998654, 0, 3027.1860000000001492, 25.321824876369369406, 3022.5729999999998654, 0, 3027.1860000000001492, 40.290461587643946473, 3022.5729999999998654, 1
3027.1860000000001492, 0, 3022.5790000000001783, 1, 3027.1860000000001492, 12.140960153880101302, 3022.5790000000001783, 0, 3027.1860000000001492, 17.066642610537929414, 3022.5790000000001783, 0, 3027.1860000000001492, 45.43310758021200968, 3022.5790000000001783, 1
3027.206000000000131, 0, 3022.5839999999998327, 1, 3027.206000000000131, 33.429202654357553115, 3022.5839999999998327, 0, 3027.206000000000131, 19.038309688392256902, 3022.5839999999998327, 0, 3027.206000000000131, 48.279459054839314547, 3022.5839999999998327, 1
3027.206000000000131, 51.255333538691189688, 3022.5889999999999418, 1, 3027.206000000000131, 55.757731141421977838, 3022.5889999999999418, 1, 3027.206000000000131, 24.677762072538257598, 3022.5889999999999418, 1, 3027.206000000000131, 51.420552933712883714, 3022.5889999999999418, 1
3027.2170000000000982, 61.048007803697274198, 3022.5929999999998472, 1, 3027.2170000000000982, 59.081086712585218379, 3022.5929999999998472, 1, 3027.2170000000000982, 26.226895665907019151, 3022.5929999999998472, 1, 3027.2170000000000982, 57.40913042034291891, 3022.5929999999998472, 1
3027.2390000000000327, 56.959265180660622718, 3022.5979999999999563, 1, 3027.2390000000000327, 58.833498651053041328, 3022.5979999999999563, 1, 3027.2390000000000327, 27.423611223228697042, 3022.5979999999999563, 1, 3027.2390000000000327, 49.460114097524765953, 3022.5979999999999563, 1
3027.2489999999997963, 50.218543134384191262, 3022.6030000000000655, 1, 3027.2489999999997963, 60.755719871143824662, 3022.6030000000000655, 1, 3027.2489999999997963, 35.649486019553364713, 3022.6030000000000655, 1, 3027.2489999999997963, 39.245898149722727055, 3022.6030000000000655, 1
3027.2489999999997963, 0, 3022.6080000000001746, 1, 3027.2489999999997963, 75.82807196763610591, 3022.6080000000001746, 1, 3027.2489999999997963, 68.23407637533651382, 3022.6080000000001746, 1, 3027.2489999999997963, 0, 3022.6080000000001746, 1
3027.2689999999997781, 0, 3022.6149999999997817, 1, 3027.2689999999997781, 101.09814247284361954, 3022.6149999999997817, 1, 3027.2689999999997781, 79.446036078261613511, 3022.6149999999997817, 1, 3027.2689999999997781, 0, 3022.6149999999997817, 1
3027.2789999999999964, 0, 3022.6190000000001419, 1, 3027.2789999999999964, 115.41282186324005465, 3022.6190000000001419, 1, 3027.2789999999999964, 77.949786587899779988, 3022.6190000000001419, 1, 3027.2789999999999964, 0, 3022.6190000000001419, 1
3027.2789999999999964, 0, 3022.6239999999997963, 1, 3027.2789999999999964, 122.36029279971816663, 3022.6239999999997963, 1, 3027.2789999999999964, 74.351886753880762626, 3022.6239999999997963, 1, 3027.2789999999999964, 0, 3022.6239999999997963, 1
3027.2989999999999782, 0, 3022.6269999999999527, 1, 3027.2989999999999782, 126.62330701708370384, 3022.6269999999999527, 1, 3027.2989999999999782, 71.778621278310595244, 3022.6269999999999527, 1, 3027.2989999999999782, 0, 3022.6269999999999527, 1
3027.3090000000001965, 0, 3022.6329999999998108, 1, 3027.3090000000001965, 127.10847170816350626, 3022.6329999999998108, 1, 3027.3090000000001965, 71.559400265539352404, 3022.6329999999998108, 1, 3027.3090000000001965, 0, 3022.6329999999998108, 1
3027.318000000000211, 0, 3022.63799999999992, 1, 3027.318000000000211, 126.6894347245167296, 3022.63799999999992, 1, 3027.318000000000211, 71.953937647124163846, 3022.63799999999992, 1, 3027.318000000000211, 0, 3022.63799999999992, 1
3027.3290000000001783, 0, 3022.6430000000000291, 1, 3027.3290000000001783, 124.81805245168291663, 3022.6430000000000291, 1, 3027.3290000000001783, 74.974451430500664628, 3022.6430000000000291, 1, 3027.3290000000001783, 0, 3022.6430000000000291, 1
3027.3290000000001783, 0, 3022.6480000000001382, 1, 3027.3290000000001783, 122.05815571871005432, 3022.6480000000001382, 1, 3027.3290000000001783, 80.022887385215341283, 3022.6480000000001382, 1, 3027.3290000000001783, 0, 3022.6480000000001382, 1
3027.3389999999999418, 0, 3022.6529999999997926, 1, 3027.3389999999999418, 120.52948965195332676, 3022.6529999999997926, 1, 3027.3389999999999418, 80.233461099744005196, 3022.6529999999997926, 1, 3027.3389999999999418, 0, 3022.6529999999997926, 1
3027.3600000000001273, 0, 3022.6590000000001055, 1, 3027.3600000000001273, 117.72112725810310963, 3022.6590000000001055, 1, 3027.3600000000001273, 88.332229519397245099, 3022.6590000000001055, 1, 3027.3600000000001273, 0, 3022.6590000000001055, 1
3027.36200000000008, 0, 3022.6640000000002146, 0, 3027.36200000000008, 115.02580432641698849, 3022.6640000000002146, 1, 3027.36200000000008, 90.205211915391174671, 3022.6640000000002146, 1, 3027.36200000000008, 0, 3022.6640000000002146, 0
3027.3789999999999054, 0, 3022.668999999999869, 0, 3027.3789999999999054, 112.68258653793185431, 3022.668999999999869, 1, 3027.3789999999999054, 93.442325234795603706, 3022.668999999999869, 1, 3027.3789999999999054, 0, 3022.668999999999869, 0
3027.3789999999999054, 0, 3022.6729999999997744, 0, 3027.3789999999999054, 110.72460344097612506, 3022.6729999999997744, 1, 3027.3789999999999054, 94.489723473155095235, 3022.6729999999997744, 1, 3027.3789999999999054, 0, 3022.6729999999997744, 0
3027.3890000000001237, 0, 3022.6790000000000873, 0, 3027.3890000000001237, 108.85668407113131195, 3022.6790000000000873, 1, 3027.3890000000001237, 96.490261261363514222, 3022.6790000000000873, 1, 3027.3890000000001237, 0, 3022.6790000000000873, 0
3027.3989999999998872, 0, 3022.6829999999999927, 0, 3027.3989999999998872, 107.0119871975192325, 3022.6829999999999927, 1, 3027.3989999999998872, 98.251785145628417695, 3022.6829999999999927, 1, 3027.3989999999998872, 0, 3022.6829999999999927, 0
3027.4110000000000582, 0, 3022.6880000000001019, 0, 3027.4110000000000582, 105.28078309597383111, 3022.6880000000001019, 1, 3027.4110000000000582, 101.73626149052364553, 3022.6880000000001019, 1, 3027.4110000000000582, 0, 3022.6880000000001019, 0
3027.418999999999869, 0, 3022.693000000000211, 0, 3027.418999999999869, 103.91491944231007949, 3022.693000000000211, 1, 3027.418999999999869, 105.71920166853539058, 3022.693000000000211, 1, 3027.418999999999869, 0, 3022.693000000000211, 0
3027.4290000000000873, 0, 3022.6990000000000691, 0, 3027.4290000000000873, 101.42177615266838586, 3022.6990000000000691, 1, 3027.4290000000000873, 109.83442655636011409, 3022.6990000000000691, 1, 3027.4290000000000873, 0, 3022.6990000000000691, 0
3027.4389999999998508, 0, 3022.7029999999999745, 0, 3027.4389999999998508, 99.767051760167476004, 3022.7029999999999745, 1, 3027.4389999999998508, 111.09581982352730734, 3022.7029999999999745, 1, 3027.4389999999998508, 0, 3022.7029999999999745, 0
3027.4670000000000982, 0, 3022.7069999999998799, 0, 3027.4670000000000982, 96.150063108547669799, 3022.7069999999998799, 1, 3027.4670000000000982, 110.34778706302694218, 3022.7069999999998799, 1, 3027.4670000000000982, 0, 3022.7069999999998799, 0
3027.4670000000000982, 315.97331111410500171, 3022.7139999999999418, 0, 3027.4670000000000982, 89.612502945016672129, 3022.7139999999999418, 1, 3027.4670000000000982, 109.13780651305553704, 3022.7139999999999418, 1, 3027.4670000000000982, 0, 3022.7139999999999418, 0
3027.4699999999997999, 295.01640928378617446, 3022.7179999999998472, 0, 3027.4699999999997999, 31.830311253958988971, 3022.7179999999998472, 1, 3027.4699999999997999, 110.57452801515916008, 3022.7179999999998472, 1, 3027.4699999999997999, 0, 3022.7179999999998472, 0
3027.4789999999998145, 216.57793187820385583, 3022.7229999999999563, 0, 3027.4789999999998145, 2.4816720678861439175, 3022.7229999999999563, 1, 3027.4789999999998145, 127.15989238621882862, 3022.7229999999999563, 1, 3027.4789999999998145, 0, 3022.7229999999999563, 0
3027.4890000000000327, 56.987242097933815899, 3022.7280000000000655, 0, 3027.4890000000000327, 0, 3022.7280000000000655, 1, 3027.4890000000000327, 70.414530899169577083, 3022.7280000000000655, 1, 3027.4890000000000327, 122.06817589043507155, 3022.7280000000000655, 0
3027.4980000000000473, 25.448969613136934953, 3022.7330000000001746, 0, 3027.4980000000000473, 0, 3022.7330000000001746, 1, 3027.4980000000000473, 25.688647924966893754, 3022.7330000000001746, 1, 3027.4980000000000473, 49.336230864412407016, 3022.7330000000001746, 0
3027.5090000000000146, 20.012484614185176213, 3022.737999999999829, 0, 3027.5090000000000146, 0, 3022.737999999999829, 1, 3027.5090000000000146, 26.880228517193536675, 3022.737999999999829, 1, 3027.5090000000000146, 30.710768153137223635, 3022.737999999999829, 0
3027.5189999999997781, 32.873555553723228684, 3022.7429999999999382, 0, 3027.5189999999997781, 0, 3022.7429999999999382, 1, 3027.5189999999997781, 30.318075881091353097, 3022.7429999999999382, 1, 3027.5189999999997781, 28.208791315460494786, 3022.7429999999999382, 0
3027.5289999999999964, 56.444123321415219152, 3022.75, 0, 3027.5289999999999964, 51.790824762958052929, 3022.75, 1, 3027.5289999999999964, 34.834563406687720999, 3022.75, 1, 3027.5289999999999964, 27.899732725292665236, 3022.75, 0
3027.5489999999999782, 71.709803911388974029, 3022.7530000000001564, 0, 3027.5489999999999782, 48.058953494656897476, 3022.7530000000001564, 1, 3027.5489999999999782, 37.433838531418970774, 3022.7530000000001564, 1, 3027.5489999999999782, 22.474983335923187866, 3022.7530000000001564, 0
3027.5489999999999782, 75.440159088042847202, 3022.7570000000000618, 0, 3027.5489999999999782, 54.913372171332234473, 3022.7570000000000618, 1, 3027.5489999999999782, 38.525228059113501899, 3022.7570000000000618, 1, 3027.5489999999999782, 21.253686529790293491, 3022.7570000000000618, 0
3027.5579999999999927, 65.130064723943291938, 3022.762000000000171, 0, 3027.5579999999999927, 113.1748578147527553, 3022.762000000000171, 1, 3027.5579999999999927, 121.55298721576966159, 3022.762000000000171, 1, 3027.5579999999999927, 36.95705742245447567, 3022.762000000000171, 0
3027.56899999999996, 42.336971085338717558, 3022.7680000000000291, 0, 3027.56899999999996, 0.30832339418415644072, 3022.7680000000000291, 1, 3027.56899999999996, 68.817770142565322544, 3022.7680000000000291, 1, 3027.56899999999996, 51.440398579113605138, 3022.7680000000000291, 0
3027.5790000000001783, 73.996720230408328689, 3022.7730000000001382, 0, 3027.5790000000001783, 0, 3022.7730000000001382, 1, 3027.5790000000001783, 0, 3022.7730000000001382, 1, 3027.5790000000001783, 57.813813810197260068, 3022.7730000000001382, 0
3027.5900000000001455, 96.866032814792276895, 3022.7779999999997926, 0, 3027.5900000000001455, 0, 3022.7779999999997926, 1, 3027.5900000000001455, 0, 3022.7779999999997926, 1, 3027.5900000000001455, 65.688679064285082632, 3022.7779999999997926, 0
3027.5990000000001601, 109.1709151554909738, 3022.7829999999999018, 0, 3027.5990000000001601, 0, 3022.7829999999999018, 1, 3027.5990000000001601, 0, 3022.7829999999999018, 1, 3027.5990000000001601, 70.945485033539142705, 3022.7829999999999018, 0
3027.6080000000001746, 115.67426025742912543, 3022.7880000000000109, 0, 3027.6080000000001746, 0, 3022.7880000000000109, 1, 3027.6080000000001746, 0, 3022.7880000000000109, 1, 3027.6080000000001746, 73.091156382824607363, 3022.7880000000000109, 0
3027.6190000000001419, 118.87032135289916823, 3022.793999999999869, 0, 3027.6190000000001419, 0, 3022.793999999999869, 1, 3027.6190000000001419, 0, 3022.793999999999869, 1, 3027.6190000000001419, 74.09339586505529951, 3022.793999999999869, 0
3027.6300000000001091, 119.2808968721674745, 3022.7989999999999782, 0, 3027.6300000000001091, 0, 3022.7989999999999782, 1, 3027.6300000000001091, 0, 3022.7989999999999782, 1, 3027.6300000000001091, 77.200615593413672855, 3022.7989999999999782, 0
3027.6390000000001237, 120.24512875261945055, 3022.8029999999998836, 0, 3027.6390000000001237, 0, 3022.8029999999998836, 1, 3027.6390000000001237, 0, 3022.8029999999998836, 1, 3027.6390000000001237, 77.152792758644025639, 3022.8029999999998836, 0
3027.6480000000001382, 118.33378970614937487, 3022.8079999999999927, 0, 3027.6480000000001382, 0, 3022.8079999999999927, 1, 3027.6480000000001382, 0, 3022.8079999999999927, 1, 3027.6480000000001382, 83.038036485249065777, 3022.8079999999999927, 0
3027.6579999999999018, 117.37835646760002817, 3022.8139999999998508, 0, 3027.6579999999999018, 0, 3022.8139999999998508, 1, 3027.6579999999999018, 0, 3022.8139999999998508, 1, 3027.6579999999999018, 85.967974903807117926, 3022.8139999999998508, 0
3027.6680000000001201, 114.98785749899332131, 3022.818000000000211, 0, 3027.6680000000001201, 0, 3022.818000000000211, 1, 3027.6680000000001201, 0, 3022.818000000000211, 1, 3027.6680000000001201, 88.807281513329314748, 3022.818000000000211, 0
3027.6790000000000873, 113.24181292974772362, 3022.8249999999998181, 0, 3027.6790000000000873, 0, 3022.8249999999998181, 1, 3027.6790000000000873, 0, 3022.8249999999998181, 1, 3027.6790000000000873, 92.845550923828483292, 3022.8249999999998181, 0
3027.6889999999998508, 111.67271087593464074, 3022.8290000000001783, 0, 3027.6889999999998508, 0, 3022.8290000000001783, 1, 3027.6889999999998508, 0, 3022.8290000000001783, 1, 3027.6889999999998508, 96.130730930249285393, 3022.8290000000001783, 0
3027.6990000000000691, 110.31213574257031951, 3022.8330000000000837, 0, 3027.6990000000000691, 0, 3022.8330000000000837, 1, 3027.6990000000000691, 0, 3022.8330000000000837, 1, 3027.6990000000000691, 98.342061258515968802, 3022.8330000000000837, 0
3027.7089999999998327, 109.26595152211243089, 3022.8380000000001928, 0, 3027.7089999999998327, 0, 3022.8380000000001928, 1, 3027.7089999999998327, 0, 3022.8380000000001928, 1, 3027.7089999999998327, 101.26590720181206962, 3022.8380000000001928, 0
3027.7190000000000509, 108.1246852226644819, 3022.8429999999998472, 0, 3027.7190000000000509, 0, 3022.8429999999998472, 1, 3027.7190000000000509, 0, 3022.8429999999998472, 1, 3027.7190000000000509, 102.37091722432495544, 3022.8429999999998472, 0
3027.7289999999998145, 106.90812818695522424, 3022.8479999999999563, 0, 3027.7289999999998145, 0, 3022.8479999999999563, 1, 3027.7289999999998145, 0, 3022.8479999999999563, 1, 3027.7289999999998145, 104.3500108790437082, 3022.8479999999999563, 0
3027.7390000000000327, 105.45065659769328192, 3022.8539999999998145, 0, 3027.7390000000000327, 0, 3022.8539999999998145, 1, 3027.7390000000000327, 0, 3022.8539999999998145, 1, 3027.7390000000000327, 106.94338290111581102, 3022.8539999999998145, 0
3027.7510000000002037, 102.61631491085353218, 3022.8580000000001746, 0, 3027.7510000000002037, 0, 3022.8580000000001746, 1, 3027.7510000000002037, 0, 3022.8580000000001746, 1, 3027.7510000000002037, 105.75319812976277944, 3022.8580000000001746, 0
3027.7590000000000146, 101.87896108471998957, 3022.862999999999829, 0, 3027.7590000000000146, 0, 3022.862999999999829, 1, 3027.7590000000000146, 0, 3022.862999999999829, 1, 3027.7590000000000146, 106.60104710322411847, 3022.862999999999829, 0
3027.7789999999999964, 98.971462494807383337, 3022.8690000000001419, 0, 3027.7789999999999964, 0, 3022.8690000000001419, 1, 3027.7789999999999964, 0, 3022.8690000000001419, 1, 3027.7789999999999964, 115.36661853382049969, 3022.8690000000001419, 0
3027.7789999999999964, 98.905980636476911627, 3022.8730000000000473, 0, 3027.7789999999999964, 0, 3022.8730000000000473, 1, 3027.7789999999999964, 0, 3022.8730000000000473, 1, 3027.7789999999999964, 113.00835460722609582, 3022.8730000000000473, 0
3027.7899999999999636, 98.558965368656117789, 3022.8780000000001564, 0, 3027.7899999999999636, 0, 3022.8780000000001564, 1, 3027.7899999999999636, 0, 3022.8780000000001564, 1, 3027.7899999999999636, 112.70710933049745961, 3022.8780000000001564, 0
3027.8090000000001965, 63.09971097132130069, 3022.8829999999998108, 0, 3027.8090000000001965, 328.58311797797659892, 3022.8829999999998108, 1, 3027.8090000000001965, 246.96898548270979745, 3022.8829999999998108, 1, 3027.8090000000001965, 112.66047497018601575, 3022.8829999999998108, 0
3027.818000000000211, 7.2930663574635694602, 3022.88799999999992, 0, 3027.818000000000211, 141.67072852578033348, 3022.88799999999992, 1, 3027.818000000000211, 180.41931103680821025, 3022.88799999999992, 1, 3027.818000000000211, 58.214888199100094823, 3022.88799999999992, 0
3027.81899999999996, 0, 3022.8939999999997781, 0, 3027.81899999999996, 48.030761257569238865, 3022.8939999999997781, 1, 3027.81899999999996, 76.565461396281193629, 3022.8939999999997781, 1, 3027.81899999999996, 28.994267815687841505, 3022.8939999999997781, 0
3027.831000000000131, 0, 3022.8980000000001382, 0, 3027.831000000000131, 12.751148221935828531, 3022.8980000000001382, 1, 3027.831000000000131, 25.832579656403243717, 3022.8980000000001382, 1, 3027.831000000000131, 36.410919296628804886, 3022.8980000000001382, 0
3027.8389999999999418, 0, 3022.9029999999997926, 0, 3027.8389999999999418, 23.623595579309235148, 3022.9029999999997926, 1, 3027.8389999999999418, 19.026446739426255306, 3022.9029999999997926, 1, 3027.8389999999999418, 43.293613337640408645, 3022.9029999999997926, 0
3027.8510000000001128, 0, 3022.9090000000001055, 0, 3027.8510000000001128, 45.598709524725592246, 3022.9090000000001055, 1, 3027.8510000000001128, 23.285015156034617689, 3022.9090000000001055, 1, 3027.8510000000001128, 45.176014242642715146, 3022.9090000000001055, 0
3027.8580000000001746, 71.276039793119821297, 3022.9140000000002146, 1, 3027.8580000000001746, 54.079466580704931289, 3022.9140000000002146, 1, 3027.8580000000001746, 22.99622690293015026, 3022.9140000000002146, 1, 3027.8580000000001746, 53.987692100153530816, 3022.9140000000002146, 1
3027.8690000000001419, 56.546063180187658759, 3022.9180000000001201, 1, 3027.8690000000001419, 55.52787017194103214, 3022.9180000000001201, 1, 3027.8690000000001419, 24.973447755524190939, 3022.9180000000001201, 1, 3027.8690000000001419, 54.14315567920852601, 3022.9180000000001201, 1
3027.8780000000001564, 53.277778179478424647, 3022.9239999999999782, 1, 3027.8780000000001564, 59.190668251073304873, 3022.9239999999999782, 1, 3027.8780000000001564, 26.399959198663392357, 3022.9239999999999782, 1, 3027.8780000000001564, 43.09778035130214846, 3022.9239999999999782, 1
3027.88799999999992, 48.905767075582346592, 3022.9290000000000873, 1, 3027.88799999999992, 60.028294419125302284, 3022.9290000000000873, 1, 3027.88799999999992, 43.067729721124756281, 3022.9290000000000873, 1, 3027.88799999999992, 39.914152844915513185, 3022.9290000000000873, 1
3027.8980000000001382, 0, 3022.9329999999999927, 1, 3027.8980000000001382, 79.496188918656912392, 3022.9329999999999927, 1, 3027.8980000000001382, 70.373629316135549061, 3022.9329999999999927, 1, 3027.8980000000001382, 0, 3022.9329999999999927, 1
3027.9079999999999018, 0, 3022.9380000000001019, 1, 3027.9079999999999018, 100.29898857263471257, 3022.9380000000001019, 1, 3027.9079999999999018, 77.246414232985358694, 3022.9380000000001019, 1, 3027.9079999999999018, 0, 3022.9380000000001019, 1
3027.918999999999869, 0, 3022.943000000000211, 1, 3027.918999999999869, 115.31016184598873053, 3022.943000000000211, 1, 3027.918999999999869, 76.587442586576514714, 3022.943000000000211, 1, 3027.918999999999869, 0, 3022.943000000000211, 1
3027.9279999999998836, 0, 3022.9479999999998654, 1, 3027.9279999999998836, 121.98904665029058947, 3022.9479999999998654, 1, 3027.9279999999998836, 74.054269698204336692, 3022.9479999999998654, 1, 3027.9279999999998836, 0, 3022.9479999999998654, 1
3027.9479999999998654, 0, 3022.9540000000001783, 1, 3027.9479999999998654, 126.42994468232465977, 3022.9540000000001783, 1, 3027.9479999999998654, 69.813243291900278109, 3022.9540000000001783, 1, 3027.9479999999998654, 0, 3022.9540000000001783, 1
3027.9479999999998654, 0, 3022.9580000000000837, 1, 3027.9479999999998654, 126.73861804008109289, 3022.9580000000000837, 1, 3027.9479999999998654, 70.385347296904001269, 3022.9580000000000837, 1, 3027.9479999999998654, 0, 3022.9580000000000837, 1
3027.9580000000000837, 0, 3022.9630000000001928, 1, 3027.9580000000000837, 126.62820511248136768, 3022.9630000000001928, 1, 3027.9580000000000837, 71.893613437620729201, 3022.9630000000001928, 1, 3027.9580000000000837, 0, 3022.9630000000001928, 1
3027.9690000000000509, 0, 3022.9679999999998472, 1, 3027.9690000000000509, 125.02169444513677377, 3022.9679999999998472, 1, 3027.9690000000000509, 75.205846589163883209, 3022.9679999999998472, 1, 3027.9690000000000509, 0, 3022.9679999999998472, 1
3027.9800000000000182, 0, 3022.9740000000001601, 1, 3027.9800000000000182, 122.94948892053676559, 3022.9740000000001601, 1, 3027.9800000000000182, 77.269477449552539383, 3022.9740000000001601, 1, 3027.9800000000000182, 0, 3022.9740000000001601, 1
3027.9909999999999854, 0, 3022.9780000000000655, 1, 3027.9909999999999854, 121.27652792766519951, 3022.9780000000000655, 1, 3027.9909999999999854, 81.606684485265589046, 3022.9780000000000655, 1, 3027.9909999999999854, 0, 3022.9780000000000655, 1
3028.0010000000002037, 0, 3022.9839999999999236, 1, 3028.0010000000002037, 118.32168570837418997, 3022.9839999999999236, 1, 3028.0010000000002037, 85.903551966583052035, 3022.9839999999999236, 1, 3028.0010000000002037, 0, 3022.9839999999999236, 1
3028.0090000000000146, 0, 3022.987999999999829, 1, 3028.0090000000000146, 115.83564226969095046, 3022.987999999999829, 0, 3028.0090000000000146, 89.439423525248940905, 3022.987999999999829, 0, 3028.0090000000000146, 0, 3022.987999999999829, 1
3028.0189999999997781, 0, 3022.9929999999999382, 1, 3028.0189999999997781, 113.55784831234322496, 3022.9929999999999382, 0, 3028.0189999999997781, 93.075743331029030969, 3022.9929999999999382, 0, 3028.0189999999997781, 0, 3022.9929999999999382, 1
3028.0309999999999491, 0, 3022.9980000000000473, 1, 3028.0309999999999491, 111.45547082889687829, 3022.9980000000000473, 0, 3028.0309999999999491, 96.365602996312077266, 3022.9980000000000473, 0, 3028.0309999999999491, 0, 3022.9980000000000473, 1
3028.0380000000000109, 0, 3023.0030000000001564, 1, 3028.0380000000000109, 109.46723656843377626, 3023.0030000000001564, 0, 3028.0380000000000109, 98.304552011373829146, 3023.0030000000001564, 0, 3028.0380000000000109, 0, 3023.0030000000001564, 1
3028.0479999999997744, 0, 3023.0090000000000146, 1, 3028.0479999999997744, 107.8104370866467292, 3023.0090000000000146, 0, 3028.0479999999997744, 99.996433956536691312, 3023.0090000000000146, 0, 3028.0479999999997744, 0, 3023.0090000000000146, 1
3028.0590000000001965, 0, 3023.01299999999992, 1, 3028.0590000000001965, 105.95582718516503462, 3023.01299999999992, 0, 3028.0590000000001965, 102.42278762996517116, 3023.01299999999992, 0, 3028.0590000000001965, 0, 3023.01299999999992, 1
3028.0790000000001783, 0, 3023.0180000000000291, 1, 3028.0790000000001783, 103.18775797466727795, 3023.0180000000000291, 0, 3028.0790000000001783, 100.92434708660235287, 3023.0180000000000291, 0, 3028.0790000000001783, 0, 3023.0180000000000291, 1
3028.0790000000001783, 0, 3023.0230000000001382, 1, 3028.0790000000001783, 101.14741359436935397, 3023.0230000000001382, 0, 3028.0790000000001783, 105.7319473268733816, 3023.0230000000001382, 0, 3028.0790000000001783, 0, 3023.0230000000001382, 1
3028.0880000000001928, 0, 3023.0279999999997926, 1, 3028.0880000000001928, 99.155816115076092387, 3023.0279999999997926, 0, 3028.0880000000001928, 109.12584969963987191, 3023.0279999999997926, 0, 3028.0880000000001928, 0, 3023.0279999999997926, 1
3028.1089999999999236, 0, 3023.0329999999999018, 1, 3028.1089999999999236, 97.533798105314247096, 3023.0329999999999018, 0, 3028.1089999999999236, 110.29838038515424614, 3023.0329999999999018, 0, 3028.1089999999999236, 0, 3023.0329999999999018, 1
3028.1089999999999236, 307.43969358465824371, 3023.0430000000001201, 1, 3028.1089999999999236, 89.773797179502139443, 3023.0430000000001201, 0, 3028.1089999999999236, 111.62434408952471188, 3023.0430000000001201, 0, 3028.1089999999999236, 0, 3023.0430000000001201, 1
3028.1190000000001419, 308.21797800377783005, 3023.0430000000001201, 1, 3028.1190000000001419, 31.566905448971148473, 3023.0430000000001201, 0, 3028.1190000000001419, 120.96570648621531063, 3023.0430000000001201, 0, 3028.1190000000001419, 0, 3023.0430000000001201, 1
3028.1289999999999054, 224.01187316385696136, 3023.0479999999997744, 1, 3028.1289999999999054, 3.289653538904504515, 3023.0479999999997744, 0, 3028.1289999999999054, 112.99453227680479017, 3023.0479999999997744, 0, 3028.1289999999999054, 0, 3023.0479999999997744, 1
3028.1489999999998872, 47.01738598717479789, 3023.0529999999998836, 1, 3028.1489999999998872, 0, 3023.0529999999998836, 0, 3028.1489999999998872, 70.389489140629990516, 3023.0529999999998836, 0, 3028.1489999999998872, 121.58196599721787834, 3023.0529999999998836, 1
3028.1590000000001055, 25.933436722568988131, 3023.0579999999999927, 1, 3028.1590000000001055, 0, 3023.0579999999999927, 0, 3028.1590000000001055, 26.174374532764947077, 3023.0579999999999927, 0, 3028.1590000000001055, 51.600014992239394473, 3023.0579999999999927, 1
3028.168999999999869, 21.163599313867372587, 3023.0639999999998508, 1, 3028.168999999999869, 0, 3023.0639999999998508, 0, 3028.168999999999869, 27.146293040282529319, 3023.0639999999998508, 0, 3028.168999999999869, 28.111122247914728689, 3023.0639999999998508, 1
3028.168999999999869, 36.027573674679373994, 3023.068000000000211, 1, 3028.168999999999869, 0, 3023.068000000000211, 0, 3028.168999999999869, 31.291875492566539663, 3023.068000000000211, 0, 3028.168999999999869, 26.135258699023040663, 3023.068000000000211, 1
3028.1790000000000873, 59.754423070288645192, 3023.0729999999998654, 1, 3028.1790000000000873, 50.679661548720318365, 3023.0729999999998654, 0, 3028.1790000000000873, 35.340903556415426578, 3023.0729999999998654, 0, 3028.1790000000000873, 24.912792559633491152, 3023.0729999999998654, 1
3028.1990000000000691, 71.367189839710107435, 3023.0779999999999745, 1, 3028.1990000000000691, 45.134213767418927432, 3023.0779999999999745, 0, 3028.1990000000000691, 38.783089314666817415, 3023.0779999999999745, 0, 3028.1990000000000691, 18.784464557688224318, 3023.0779999999999745, 1
3028.1999999999998181, 75.26809119015516103, 3023.0830000000000837, 1, 3028.1999999999998181, 52.008218006334885786, 3023.0830000000000837, 0, 3028.1999999999998181, 40.445182797552881482, 3023.0830000000000837, 0, 3028.1999999999998181, 18.865079059055787525, 3023.0830000000000837, 1
3028.2089999999998327, 65.570193483074064034, 3023.0880000000001928, 1, 3028.2089999999998327, 110.73092408152447774, 3023.0880000000001928, 0, 3028.2089999999998327, 122.75273029643922484, 3023.0880000000001928, 0, 3028.2089999999998327, 36.814973375332193939, 3023.0880000000001928, 1
3028.2190000000000509, 39.623215722609629097, 3023.0949999999997999, 1, 3028.2190000000000509, 47.845124494579529539, 3023.0949999999997999, 0, 3028.2190000000000509, 70.326555629009348536, 3023.0949999999997999, 0, 3028.2190000000000509, 48.401817660505891183, 3023.0949999999997999, 1
3028.2289999999998145, 72.605092103232152567, 3023.0990000000001601, 1, 3028.2289999999998145, 0, 3023.0990000000001601, 0, 3028.2289999999998145, 0, 3023.0990000000001601, 0, 3028.2289999999998145, 56.577908366489410241, 3023.0990000000001601, 1
3028.2409999999999854, 94.424818034640082942, 3023.1030000000000655, 1, 3028.2409999999999854, 0, 3023.1030000000000655, 0, 3028.2409999999999854, 0, 3023.1030000000000655, 0, 3028.2409999999999854, 64.713874525521845271, 3023.1030000000000655, 1
3028.2489999999997963, 107.63847709760202065, 3023.1080000000001746, 1, 3028.2489999999997963, 0, 3023.1080000000001746, 0, 3028.2489999999997963, 0, 3023.1080000000001746, 0, 3028.2489999999997963, 69.85585251317206712, 3023.1080000000001746, 1
3028.2590000000000146, 113.95222357710662209, 3023.112999999999829, 1, 3028.2590000000000146, 0, 3023.112999999999829, 0, 3028.2590000000000146, 0, 3023.112999999999829, 0, 3028.2590000000000146, 73.39539334766308798, 3023.112999999999829, 1
3028.2689999999997781, 118.96837513338600445, 3023.1179999999999382, 1, 3028.2689999999997781, 0, 3023.1179999999999382, 0, 3028.2689999999997781, 0, 3023.1179999999999382, 0, 3028.2689999999997781, 73.161397850275051269, 3023.1179999999999382, 1
3028.2890000000002146, 119.85582988447953312, 3023.1230000000000473, 1, 3028.2890000000002146, 0, 3023.1230000000000473, 0, 3028.2890000000002146, 0, 3023.1230000000000473, 0, 3028.2890000000002146, 75.346184448243405996, 3023.1230000000000473, 1
3028.2890000000002146, 119.44058080541228151, 3023.1280000000001564, 1, 3028.2890000000002146, 0, 3023.1280000000001564, 0, 3028.2890000000002146, 0, 3023.1280000000001564, 0, 3028.2890000000002146, 79.000779289323190824, 3023.1280000000001564, 1
3028.2979999999997744, 118.00109553716495725, 3023.1329999999998108, 1, 3028.2979999999997744, 0, 3023.1329999999998108, 0, 3028.2979999999997744, 0, 3023.1329999999998108, 0, 3028.2979999999997744, 83.584101157819901573, 3023.1329999999998108, 1
3028.3079999999999927, 117.57701690001414363, 3023.13799999999992, 1, 3028.3079999999999927, 0, 3023.13799999999992, 0, 3028.3079999999999927, 0, 3023.13799999999992, 0, 3028.3079999999999927, 85.356246938421421078, 3023.13799999999992, 1
3028.31899999999996, 115.4057807625200951, 3023.1430000000000291, 1, 3028.31899999999996, 0, 3023.1430000000000291, 0, 3028.31899999999996, 0, 3023.1430000000000291, 0, 3028.31899999999996, 90.821781751825255924, 3023.1430000000000291, 1
3028.3400000000001455, 113.56133559079901829, 3023.1480000000001382, 1, 3028.3400000000001455, 0, 3023.1480000000001382, 0, 3028.3400000000001455, 0, 3023.1480000000001382, 0, 3028.3400000000001455, 94.737721152664391866, 3023.1480000000001382, 1
3028.3400000000001455, 112.03158183826566585, 3023.1529999999997926, 1, 3028.3400000000001455, 0, 3023.1529999999997926, 0, 3028.3400000000001455, 0, 3023.1529999999997926, 0, 3028.3400000000001455, 97.90812158910513574, 3023.1529999999997926, 1
3028.3490000000001601, 109.84526120487080902, 3023.1579999999999018, 1, 3028.3490000000001601, 0, 3023.1579999999999018, 0, 3028.3490000000001601, 0, 3023.1579999999999018, 0, 3028.3490000000001601, 100.47804693115543273, 3023.1579999999999018, 1
3028.3589999999999236, 107.06677465604897748, 3023.1640000000002146, 1, 3028.3589999999999236, 0, 3023.1640000000002146, 0, 3028.3589999999999236, 0, 3023.1640000000002146, 0, 3028.3589999999999236, 95.447904898470369517, 3023.1640000000002146, 1
3028.3679999999999382, 102.63879644229936616, 3023.1680000000001201, 1, 3028.3679999999999382, 0, 3023.1680000000001201, 0, 3028.3679999999999382, 0, 3023.1680000000001201, 0, 3028.3679999999999382, 101.75358120811505103, 3023.1680000000001201, 1
3028.3789999999999054, 105.31990457218526558, 3023.1729999999997744, 1, 3028.3789999999999054, 0, 3023.1729999999997744, 0, 3028.3789999999999054, 0, 3023.1729999999997744, 0, 3028.3789999999999054, 103.51688854390540939, 3023.1729999999997744, 1
3028.3989999999998872, 106.04770505522333224, 3023.1779999999998836, 1, 3028.3989999999998872, 0, 3023.1779999999998836, 0, 3028.3989999999998872, 0, 3023.1779999999998836, 0, 3028.3989999999998872, 104.29626019799516712, 3023.1779999999998836, 1
3028.3989999999998872, 104.82533929258502781, 3023.1829999999999927, 1, 3028.3989999999998872, 0, 3023.1829999999999927, 0, 3028.3989999999998872, 0, 3023.1829999999999927, 0, 3028.3989999999998872, 106.49865950969031303, 3023.1829999999999927, 1
3028.4090000000001055, 102.66315657864967648, 3023.1880000000001019, 1, 3028.4090000000001055, 0, 3023.1880000000001019, 0, 3028.4090000000001055, 0, 3023.1880000000001019, 0, 3028.4090000000001055, 110.98263949082266322, 3023.1880000000001019, 1
3028.418999999999869, 100.89065833111766324, 3023.193000000000211, 1, 3028.418999999999869, 0, 3023.193000000000211, 0, 3028.418999999999869, 0, 3023.193000000000211, 0, 3028.418999999999869, 113.26956560438642896, 3023.193000000000211, 1
3028.4290000000000873, 99.117089769080962469, 3023.1990000000000691, 1, 3028.4290000000000873, 0, 3023.1990000000000691, 0, 3028.4290000000000873, 0, 3023.1990000000000691, 0, 3028.4290000000000873, 115.51839975421884787, 3023.1990000000000691, 1
3028.4400000000000546, 98.340205595923848136, 3023.2029999999999745, 1, 3028.4400000000000546, 0, 3023.2029999999999745, 0, 3028.4400000000000546, 0, 3023.2029999999999745, 0, 3028.4400000000000546, 111.84025985793920199, 3023.2029999999999745, 1
3028.4490000000000691, 66.283388874200227292, 3023.2080000000000837, 1, 3028.4490000000000691, 323.56688580928914689, 3023.2080000000000837, 0, 3028.4490000000000691, 189.62133627484320186, 3023.2080000000000837, 0, 3028.4490000000000691, 113.57115685764566138, 3023.2080000000000837, 1
3028.4600000000000364, 8.9894469874994911152, 3023.2130000000001928, 1, 3028.4600000000000364, 168.21188591868636308, 3023.2130000000001928, 0, 3028.4600000000000364, 181.53410319224997238, 3023.2130000000001928, 0, 3028.4600000000000364, 47.989400498536447515, 3023.2130000000001928, 1
3028.4690000000000509, 0, 3023.2179999999998472, 1, 3028.4690000000000509, 30.94017123051287399, 3023.2179999999998472, 0, 3028.4690000000000509, 59.200946565569864788, 3023.2179999999998472, 0, 3028.4690000000000509, 35.730003304995179292, 3023.2179999999998472, 1
3028.4800000000000182, 0, 3023.2229999999999563, 1, 3028.4800000000000182, 12.896526936666566243, 3023.2229999999999563, 0, 3028.4800000000000182, 29.42353599744209447, 3023.2229999999999563, 0, 3028.4800000000000182, 39.36677470257528455, 3023.2229999999999563, 1
3028.4989999999997963, 0, 3023.2280000000000655, 1, 3028.4989999999997963, 19.345862635833665166, 3023.2280000000000655, 0, 3028.4989999999997963, 21.358847689187133057, 3023.2280000000000655, 0, 3028.4989999999997963, 43.464682427965897205, 3023.2280000000000655, 1
3028.4989999999997963, 43.811277450121423271, 3023.2330000000001746, 1, 3028.4989999999997963, 40.128244261979631347, 3023.2330000000001746, 0, 3028.4989999999997963, 23.243757532225156837, 3023.2330000000001746, 0, 3028.4989999999997963, 47.274707737529411133, 3023.2330000000001746, 1
3028.5090000000000146, 48.140622799361551643, 3023.237999999999829, 1, 3028.5090000000000146, 49.281877231498370406, 3023.237999999999829, 1, 3028.5090000000000146, 24.208141845322170838, 3023.237999999999829, 1, 3028.5090000000000146, 54.635208622543373735, 3023.237999999999829, 1
3028.5210000000001855, 54.872849678674057827, 3023.2440000000001419, 1, 3028.5210000000001855, 54.016459711021312273, 3023.2440000000001419, 1, 3028.5210000000001855, 25.814378461958195743, 3023.2440000000001419, 1, 3028.5210000000001855, 53.445690111515538945, 3023.2440000000001419, 1
3028.5289999999999964, 51.559170349269670908, 3023.2489999999997963, 1, 3028.5289999999999964, 57.517797656096647074, 3023.2489999999997963, 1, 3028.5289999999999964, 27.03543584829993307, 3023.2489999999997963, 1, 3028.5289999999999964, 42.027423542019320735, 3023.2489999999997963, 1
3028.5390000000002146, 51.727013216012181829, 3023.2530000000001564, 1, 3028.5390000000002146, 60.743067451415839741, 3023.2530000000001564, 1, 3028.5390000000002146, 44.929998703916510294, 3023.2530000000001564, 1, 3028.5390000000002146, 41.740371089104165492, 3023.2530000000001564, 1
3028.5590000000001965, 0, 3023.2579999999998108, 1, 3028.5590000000001965, 82.501632358541968415, 3023.2579999999998108, 1, 3028.5590000000001965, 71.051008717099833234, 3023.2579999999998108, 1, 3028.5590000000001965, 0, 3023.2579999999998108, 1
3028.56899999999996, 0, 3023.26299999999992, 1, 3028.56899999999996, 103.35479534830656689, 3023.26299999999992, 1, 3028.56899999999996, 79.896479405856865696, 3023.26299999999992, 1, 3028.56899999999996, 0, 3023.26299999999992, 1
3028.56899999999996, 0, 3023.2669999999998254, 1, 3028.56899999999996, 116.40082601741841017, 3023.2669999999998254, 1, 3028.56899999999996, 78.727950658571160147, 3023.2669999999998254, 1, 3028.56899999999996, 0, 3023.2669999999998254, 1
3028.5889999999999418, 0, 3023.2730000000001382, 1, 3028.5889999999999418, 123.40453978256010714, 3023.2730000000001382, 1, 3028.5889999999999418, 74.348620012324687423, 3023.2730000000001382, 1, 3028.5889999999999418, 0, 3023.2730000000001382, 1
3028.5889999999999418, 0, 3023.2789999999999964, 1, 3028.5889999999999418, 125.86036413916156107, 3023.2789999999999964, 1, 3028.5889999999999418, 72.839996666583289198, 3023.2789999999999964, 1, 3028.5889999999999418, 0, 3023.2789999999999964, 1
3028.5990000000001601, 0, 3023.2829999999999018, 1, 3028.5990000000001601, 127.77107851156520724, 3023.2829999999999018, 1, 3028.5990000000001601, 70.070328562452772303, 3023.2829999999999018, 1, 3028.5990000000001601, 0, 3023.2829999999999018, 1
3028.6089999999999236, 0, 3023.2880000000000109, 1, 3028.6089999999999236, 126.38558000407839188, 3023.2880000000000109, 1, 3028.6089999999999236, 72.578508624935210491, 3023.2880000000000109, 1, 3028.6089999999999236, 0, 3023.2880000000000109, 1
3028.6190000000001419, 0, 3023.2930000000001201, 1, 3028.6190000000001419, 124.71594713338208749, 3023.2930000000001201, 1, 3028.6190000000001419, 75.396764562145136779, 3023.2930000000001201, 1, 3028.6190000000001419, 0, 3023.2930000000001201, 1
3028.6390000000001237, 0, 3023.2979999999997744, 1, 3028.6390000000001237, 122.80270825506661936, 3023.2979999999997744, 1, 3028.6390000000001237, 79.413305397859772938, 3023.2979999999997744, 1, 3028.6390000000001237, 0, 3023.2979999999997744, 1
3028.6489999999998872, 0, 3023.3029999999998836, 1, 3028.6489999999998872, 120.64736115038546416, 3023.3029999999998836, 1, 3028.6489999999998872, 82.576103647914834482, 3023.3029999999998836, 1, 3028.6489999999998872, 0, 3023.3029999999998836, 1
3028.6590000000001055, 0, 3023.3079999999999927, 1, 3028.6590000000001055, 117.98436399214070036, 3023.3079999999999927, 1, 3028.6590000000001055, 87.583805632373866956, 3023.3079999999999927, 1, 3028.6590000000001055, 0, 3023.3079999999999927, 1
3028.668999999999869, 0, 3023.3139999999998508, 0, 3028.668999999999869, 115.69199826820035071, 3023.3139999999998508, 1, 3028.668999999999869, 91.164931203932184189, 3023.3139999999998508, 1, 3028.668999999999869, 0, 3023.3139999999998508, 0
3028.668999999999869, 0, 3023.31899999999996, 0, 3028.668999999999869, 111.92202638810231008, 3023.31899999999996, 1, 3028.668999999999869, 94.29859919704104243, 3023.31899999999996, 1, 3028.668999999999869, 0, 3023.31899999999996, 0
3028.6790000000000873, 0, 3023.3229999999998654, 0, 3028.6790000000000873, 106.33783228603257953, 3023.3229999999998654, 1, 3028.6790000000000873, 95.44882712135850511, 3023.3229999999998654, 1, 3028.6790000000000873, 0, 3023.3229999999998654, 0
3028.6990000000000691, 0, 3023.3279999999999745, 0, 3028.6990000000000691, 101.46508508219851308, 3023.3279999999999745, 1, 3028.6990000000000691, 98.399320412928716451, 3023.3279999999999745, 1, 3028.6990000000000691, 0, 3023.3279999999999745, 0
3028.6990000000000691, 0, 3023.3339999999998327, 0, 3028.6990000000000691, 101.9026180443669034, 3023.3339999999998327, 1, 3028.6990000000000691, 101.57007378777711892, 3023.3339999999998327, 1, 3028.6990000000000691, 0, 3023.3339999999998327, 0
3028.7080000000000837, 0, 3023.3380000000001928, 0, 3028.7080000000000837, 105.5717634159155125, 3023.3380000000001928, 1, 3028.7080000000000837, 101.41847018605807307, 3023.3380000000001928, 1, 3028.7080000000000837, 0, 3023.3380000000001928, 0
3028.7190000000000509, 0, 3023.3429999999998472, 0, 3028.7190000000000509, 107.72270085066344336, 3023.3429999999998472, 1, 3028.7190000000000509, 104.99913684652086943, 3023.3429999999998472, 1, 3028.7190000000000509, 0, 3023.3429999999998472, 0
3028.7280000000000655, 0, 3023.3479999999999563, 0, 3028.7280000000000655, 105.2499467707438896, 3023.3479999999999563, 1, 3028.7280000000000655, 107.33666433117264205, 3023.3479999999999563, 1, 3028.7280000000000655, 0, 3023.3479999999999563, 0
3028.7399999999997817, 0, 3023.3539999999998145, 0, 3028.7399999999997817, 101.89598407281171433, 3023.3539999999998145, 1, 3028.7399999999997817, 110.69209382946372955, 3023.3539999999998145, 1, 3028.7399999999997817, 0, 3023.3539999999998145, 0
3028.7489999999997963, 0, 3023.3580000000001746, 0, 3028.7489999999997963, 98.794016346405641116, 3023.3580000000001746, 1, 3028.7489999999997963, 114.54757753471956505, 3023.3580000000001746, 1, 3028.7489999999997963, 0, 3023.3580000000001746, 0
3028.7689999999997781, 307.73577835700899641, 3023.362999999999829, 0, 3028.7689999999997781, 87.31239868792515324, 3023.362999999999829, 1, 3028.7689999999997781, 111.62266606203144192, 3023.362999999999829, 1, 3028.7689999999997781, 0, 3023.362999999999829, 0
3028.7689999999997781, 292.72513719324575732, 3023.3679999999999382, 0, 3028.7689999999997781, 27.886324537019955727, 3023.3679999999999382, 1, 3028.7689999999997781, 118.87783451777843879, 3023.3679999999999382, 1, 3028.7689999999997781, 0, 3023.3679999999999382, 0
3028.7789999999999964, 217.14588078295020068, 3023.3730000000000473, 0, 3028.7789999999999964, 1.6506625145964319845, 3023.3730000000000473, 1, 3028.7789999999999964, 111.54933496825684358, 3023.3730000000000473, 1, 3028.7789999999999964, 0, 3023.3730000000000473, 0
3028.7989999999999782, 50.940807491394963336, 3023.3780000000001564, 0, 3028.7989999999999782, 0, 3023.3780000000001564, 1, 3028.7989999999999782, 62.174027409108354902, 3023.3780000000001564, 1, 3028.7989999999999782, 103.14183507805461204, 3023.3780000000001564, 0
3028.8110000000001492, 20.814184923708250352, 3023.3840000000000146, 0, 3028.8110000000001492, 0, 3023.3840000000000146, 1, 3028.8110000000001492, 30.844944574171474727, 3023.3840000000000146, 1, 3028.8110000000001492, 41.546859840965822741, 3023.3840000000000146, 0
3028.8110000000001492, 16.408789991506115058, 3023.38799999999992, 0, 3028.8110000000001492, 0, 3023.38799999999992, 1, 3028.8110000000001492, 29.337364518809859959, 3023.38799999999992, 1, 3028.8110000000001492, 24.877689082760326755, 3023.38799999999992, 0
3028.81899999999996, 28.683860015965624513, 3023.3919999999998254, 0, 3028.81899999999996, 0, 3023.3919999999998254, 1, 3028.81899999999996, 32.079680724522702917, 3023.3919999999998254, 1, 3028.81899999999996, 23.704646200681033008, 3023.3919999999998254, 0
3028.8290000000001783, 56.652948168913923155, 3023.3980000000001382, 0, 3028.8290000000001783, 0, 3023.3980000000001382, 1, 3028.8290000000001783, 34.952249374311925578, 3023.3980000000001382, 1, 3028.8290000000001783, 28.032842506991961784, 3023.3980000000001382, 0
3028.8380000000001928, 78.604062989092525982, 3023.4029999999997926, 0, 3028.8380000000001928, 59.566428090563007913, 3023.4029999999997926, 1, 3028.8380000000001928, 37.690435882065735029, 3023.4029999999997926, 1, 3028.8380000000001928, 31.229108486738766715, 3023.4029999999997926, 0
3028.8490000000001601, 81.059333520270911322, 3023.4070000000001528, 0, 3028.8490000000001601, 60.387489316910105686, 3023.4070000000001528, 1, 3028.8490000000001601, 37.42893706538229992, 3023.4070000000001528, 1, 3028.8490000000001601, 23.634384868951038072, 3023.4070000000001528, 0
3028.8580000000001746, 67.391438336571894752, 3023.4130000000000109, 0, 3028.8580000000001746, 117.63296151579847049, 3023.4130000000000109, 1, 3028.8580000000001746, 121.11292899707592596, 3023.4130000000000109, 1, 3028.8580000000001746, 37.577106247411762752, 3023.4130000000000109, 0
3028.8690000000001419, 43.484494608146846417, 3023.4180000000001201, 0, 3028.8690000000001419, 1.7940554671738967921e-98, 3023.4180000000001201, 1, 3028.8690000000001419, 62.083170940765306511, 3023.4180000000001201, 1, 3028.8690000000001419, 53.120870584749752652, 3023.4180000000001201, 0
3028.8789999999999054, 75.849922665124864807, 3023.4229999999997744, 0, 3028.8789999999999054, 0, 3023.4229999999997744, 1, 3028.8789999999999054, 0, 3023.4229999999997744, 1, 3028.8789999999999054, 58.424712353705146484, 3023.4229999999997744, 0
3028.8890000000001237, 96.515436248250267681, 3023.4299999999998363, 0, 3028.8890000000001237, 0, 3023.4299999999998363, 1, 3028.8890000000001237, 0, 3023.4299999999998363, 1, 3028.8890000000001237, 66.513363761288189835, 3023.4299999999998363, 0
3028.8980000000001382, 110.36294820008156137, 3023.4329999999999927, 0, 3028.8980000000001382, 0, 3023.4329999999999927, 1, 3028.8980000000001382, 0, 3023.4329999999999927, 1, 3028.8980000000001382, 70.480025310979272035, 3023.4329999999999927, 0
3028.9079999999999018, 115.39164816256959512, 3023.4389999999998508, 0, 3028.9079999999999018, 0, 3023.4389999999998508, 1, 3028.9079999999999018, 0, 3023.4389999999998508, 1, 3028.9079999999999018, 73.381348697671469949, 3023.4389999999998508, 0
3028.9180000000001201, 118.15626481451863583, 3023.443000000000211, 0, 3028.9180000000001201, 0, 3023.443000000000211, 1, 3028.9180000000001201, 0, 3023.443000000000211, 1, 3028.9180000000001201, 76.123584793508484836, 3023.443000000000211, 0
3028.9290000000000873, 119.88634933352327039, 3023.4479999999998654, 0, 3028.9290000000000873, 0, 3023.4479999999998654, 1, 3028.9290000000000873, 0, 3023.4479999999998654, 1, 3028.9290000000000873, 75.445116307392567023, 3023.4479999999998654, 0
3028.9380000000001019, 118.81641427897928054, 3023.4529999999999745, 0, 3028.9380000000001019, 0, 3023.4529999999999745, 1, 3028.9380000000001019, 0, 3023.4529999999999745, 1, 3028.9380000000001019, 80.13020001939119652, 3023.4529999999999745, 0
3028.9479999999998654, 118.1659862723065828, 3023.4580000000000837, 0, 3028.9479999999998654, 0, 3023.4580000000000837, 1, 3028.9479999999998654, 0, 3023.4580000000000837, 1, 3028.9479999999998654, 82.612230289245275117, 3023.4580000000000837, 0
3028.9589999999998327, 116.51104459655903156, 3023.4630000000001928, 0, 3028.9589999999998327, 0, 3023.4630000000001928, 1, 3028.9589999999998327, 0, 3023.4630000000001928, 1, 3028.9589999999998327, 87.022413588890145775, 3023.4630000000001928, 0
3028.9690000000000509, 114.54042634880838136, 3023.4690000000000509, 0, 3028.9690000000000509, 0, 3023.4690000000000509, 1, 3028.9690000000000509, 0, 3023.4690000000000509, 1, 3028.9690000000000509, 91.64966407578353369, 3023.4690000000000509, 0
3028.9789999999998145, 112.63076455321674985, 3023.4729999999999563, 0, 3028.9789999999998145, 0, 3023.4729999999999563, 1, 3028.9789999999998145, 0, 3023.4729999999999563, 1, 3028.9789999999998145, 95.663312004122218468, 3023.4729999999999563, 0
3028.9909999999999854, 110.36491449938561971, 3023.4780000000000655, 0, 3028.9909999999999854, 0, 3023.4780000000000655, 1, 3028.9909999999999854, 0, 3023.4780000000000655, 1, 3028.9909999999999854, 96.502492139759610268, 3023.4780000000000655, 0
3028.9989999999997963, 108.99272106400374582, 3023.4830000000001746, 0, 3028.9989999999997963, 0, 3023.4830000000001746, 1, 3028.9989999999997963, 0, 3023.4830000000001746, 1, 3028.9989999999997963, 98.477548337650119947, 3023.4830000000001746, 0
3029.0090000000000146, 107.80206684088426528, 3023.4890000000000327, 0, 3029.0090000000000146, 0, 3023.4890000000000327, 1, 3029.0090000000000146, 0, 3023.4890000000000327, 1, 3029.0090000000000146, 100.28136299536481602, 3023.4890000000000327, 0
3029.0189999999997781, 106.62811193908935081, 3023.4929999999999382, 0, 3029.0189999999997781, 0, 3023.4929999999999382, 1, 3029.0189999999997781, 0, 3023.4929999999999382, 1, 3029.0189999999997781, 101.79402159725593435, 3023.4929999999999382, 0
3029.0289999999999964, 105.75785989447692259, 3023.4980000000000473, 0, 3029.0289999999999964, 0, 3023.4980000000000473, 1, 3029.0289999999999964, 0, 3023.4980000000000473, 1, 3029.0289999999999964, 104.88142677041999207, 3023.4980000000000473, 0
3029.0380000000000109, 104.51351205559713264, 3023.5039999999999054, 0, 3029.0380000000000109, 0, 3023.5039999999999054, 1, 3029.0380000000000109, 0, 3023.5039999999999054, 1, 3029.0380000000000109, 107.45555872914690099, 3023.5039999999999054, 0
3029.0489999999999782, 103.35629271735760426, 3023.5079999999998108, 0, 3029.0489999999999782, 0, 3023.5079999999998108, 1, 3029.0489999999999782, 0, 3023.5079999999998108, 1, 3029.0489999999999782, 110.27473165447693759, 3023.5079999999998108, 0
3029.0590000000001965, 101.86385514771954774, 3023.51299999999992, 0, 3029.0590000000001965, 0, 3023.51299999999992, 1, 3029.0590000000001965, 0, 3023.51299999999992, 1, 3029.0590000000001965, 113.48266185459102928, 3023.51299999999992, 0
3029.06899999999996, 98.67329983249867098, 3023.5180000000000291, 0, 3029.06899999999996, 0, 3023.5180000000000291, 1, 3029.06899999999996, 0, 3023.5180000000000291, 1, 3029.06899999999996, 112.21238218582615787, 3023.5180000000000291, 0
3029.0779999999999745, 97.820833696056439521, 3023.5219999999999345, 0, 3029.0779999999999745, 0, 3023.5219999999999345, 1, 3029.0779999999999745, 0, 3023.5219999999999345, 1, 3029.0779999999999745, 113.31639625136358518, 3023.5219999999999345, 0
3029.0889999999999418, 97.26070467703378597, 3023.5279999999997926, 0, 3029.0889999999999418, 287.78450521934598783, 3023.5279999999997926, 1, 3029.0889999999999418, 0, 3023.5279999999997926, 1, 3029.0889999999999418, 114.06791301029903707, 3023.5279999999997926, 0
3029.0990000000001601, 57.928993102775770296, 3023.5340000000001055, 0, 3029.0990000000001601, 318.51148209274157352, 3023.5340000000001055, 1, 3029.0990000000001601, 0, 3023.5340000000001055, 1, 3029.0990000000001601, 114.92819971418825276, 3023.5340000000001055, 0
3029.1089999999999236, 8.7880447239728916031, 3023.5380000000000109, 0, 3029.1089999999999236, 147.78743541650840143, 3023.5380000000000109, 1, 3029.1089999999999236, 190.39633824602347545, 3023.5380000000000109, 1, 3029.1089999999999236, 66.275369576945337258, 3023.5380000000000109, 0
3029.1190000000001419, 0, 3023.5430000000001201, 0, 3029.1190000000001419, 47.751904857611961575, 3023.5430000000001201, 1, 3029.1190000000001419, 72.815349994781186638, 3023.5430000000001201, 1, 3029.1190000000001419, 27.515734289992430206, 3023.5430000000001201, 0
3029.1289999999999054, 0, 3023.5479999999997744, 0, 3029.1289999999999054, 10.120643178769727299, 3023.5479999999997744, 1, 3029.1289999999999054, 20.966287467532190192, 3023.5479999999997744, 1, 3029.1289999999999054, 36.774383230643884701, 3023.5479999999997744, 0
3029.13799999999992, 0, 3023.5529999999998836, 0, 3029.13799999999992, 20.539386538046766617, 3023.5529999999998836, 1, 3029.13799999999992, 15.959897655106638936, 3023.5529999999998836, 1, 3029.13799999999992, 44.354759040910970214, 3023.5529999999998836, 0
3029.1480000000001382, 0, 3023.5590000000001965, 0, 3029.1480000000001382, 41.585920093584839208, 3023.5590000000001965, 1, 3029.1480000000001382, 19.690932759459450097, 3023.5590000000001965, 1, 3029.1480000000001382, 47.807375780399091525, 3023.5590000000001965, 0
3029.1579999999999018, 60.139922036619665846, 3023.5639999999998508, 0, 3029.1579999999999018, 59.384246287306638123, 3023.5639999999998508, 1, 3029.1579999999999018, 25.208303864620759782, 3023.5639999999998508, 1, 3029.1579999999999018, 52.184542204185753178, 3023.5639999999998508, 0
3029.168999999999869, 62.01305078500890744, 3023.568000000000211, 1, 3029.168999999999869, 59.316097977624060889, 3023.568000000000211, 1, 3029.168999999999869, 25.874839508697455415, 3023.568000000000211, 1, 3029.168999999999869, 57.090036061825557567, 3023.568000000000211, 1
3029.1790000000000873, 55.471017641464854364, 3023.5729999999998654, 1, 3029.1790000000000873, 59.164079135579726199, 3023.5729999999998654, 1, 3029.1790000000000873, 26.193151537774081561, 3023.5729999999998654, 1, 3029.1790000000000873, 45.567209005500679098, 3023.5729999999998654, 1
3029.1889999999998508, 42.951902469928249673, 3023.5779999999999745, 1, 3029.1889999999998508, 61.552416064879793112, 3023.5779999999999745, 1, 3029.1889999999998508, 44.598540939893887014, 3023.5779999999999745, 1, 3029.1889999999998508, 40.69995236364146507, 3023.5779999999999745, 1
3029.1979999999998654, 0, 3023.5839999999998327, 1, 3029.1979999999998654, 81.692760567346809353, 3023.5839999999998327, 1, 3029.1979999999998654, 70.504542435157048885, 3023.5839999999998327, 1, 3029.1979999999998654, 0, 3023.5839999999998327, 1
3029.2089999999998327, 0, 3023.5880000000001928, 1, 3029.2089999999998327, 102.63965489450148993, 3023.5880000000001928, 1, 3029.2089999999998327, 78.825487263838880381, 3023.5880000000001928, 1, 3029.2089999999998327, 0, 3023.5880000000001928, 1
3029.2289999999998145, 0, 3023.5929999999998472, 1, 3029.2289999999998145, 116.25701700033596353, 3023.5929999999998472, 1, 3029.2289999999998145, 78.834701819369840337, 3023.5929999999998472, 1, 3029.2289999999998145, 0, 3023.5929999999998472, 1
3029.2289999999998145, 0, 3023.5979999999999563, 1, 3029.2289999999998145, 122.91926749914043171, 3023.5979999999999563, 1, 3029.2289999999998145, 72.326208031937866849, 3023.5979999999999563, 1, 3029.2289999999998145, 0, 3023.5979999999999563, 1
3029.237999999999829, 0, 3023.6030000000000655, 1, 3029.237999999999829, 126.91082124452313451, 3023.6030000000000655, 1, 3029.237999999999829, 71.564586047183055939, 3023.6030000000000655, 1, 3029.237999999999829, 0, 3023.6030000000000655, 1
3029.2480000000000473, 0, 3023.6080000000001746, 1, 3029.2480000000000473, 127.91334214296969662, 3023.6080000000001746, 1, 3029.2480000000000473, 70.113973595442672604, 3023.6080000000001746, 1, 3029.2480000000000473, 0, 3023.6080000000001746, 1
3029.2699999999999818, 0, 3023.6140000000000327, 1, 3029.2699999999999818, 126.56014575063439054, 3023.6140000000000327, 1, 3029.2699999999999818, 72.042943078588479011, 3023.6140000000000327, 1, 3029.2699999999999818, 0, 3023.6140000000000327, 1
3029.2710000000001855, 0, 3023.6179999999999382, 1, 3029.2710000000001855, 124.67068458131063835, 3023.6179999999999382, 1, 3029.2710000000001855, 76.298579099097992184, 3023.6179999999999382, 1, 3029.2710000000001855, 0, 3023.6179999999999382, 1
3029.2890000000002146, 0, 3023.6230000000000473, 1, 3029.2890000000002146, 122.4755504968758828, 3023.6230000000000473, 1, 3029.2890000000002146, 78.051734277272771578, 3023.6230000000000473, 1, 3029.2890000000002146, 0, 3023.6230000000000473, 1
3029.2989999999999782, 0, 3023.6289999999999054, 1, 3029.2989999999999782, 119.77311983213080282, 3023.6289999999999054, 1, 3029.2989999999999782, 85.16154965260921017, 3023.6289999999999054, 1, 3029.2989999999999782, 0, 3023.6289999999999054, 1
3029.3090000000001965, 0, 3023.6340000000000146, 1, 3029.3090000000001965, 117.80108801219424208, 3023.6340000000000146, 1, 3029.3090000000001965, 86.531678986810732113, 3023.6340000000000146, 1, 3029.3090000000001965, 0, 3023.6340000000000146, 1
3029.3099999999999454, 0, 3023.63799999999992, 1, 3029.3099999999999454, 115.01202460353093215, 3023.63799999999992, 1, 3029.3099999999999454, 91.993557454671815776, 3023.63799999999992, 1, 3029.3099999999999454, 0, 3023.63799999999992, 1
3029.3279999999999745, 0, 3023.6430000000000291, 1, 3029.3279999999999745, 113.05691974747230688, 3023.6430000000000291, 0, 3029.3279999999999745, 94.694271969963523361, 3023.6430000000000291, 0, 3029.3279999999999745, 0, 3023.6430000000000291, 1
3029.3279999999999745, 0, 3023.6489999999998872, 1, 3029.3279999999999745, 111.04760307973197087, 3023.6489999999998872, 0, 3029.3279999999999745, 97.135658818252366586, 3023.6489999999998872, 0, 3029.3279999999999745, 0, 3023.6489999999998872, 1
3029.3389999999999418, 0, 3023.6539999999999964, 1, 3029.3389999999999418, 108.8847276776868398, 3023.6539999999999964, 0, 3029.3389999999999418, 100.26448046859570695, 3023.6539999999999964, 0, 3029.3389999999999418, 0, 3023.6539999999999964, 1
3029.3589999999999236, 0, 3023.6579999999999018, 1, 3029.3589999999999236, 107.45881650868268764, 3023.6579999999999018, 0, 3029.3589999999999236, 98.632227578305034399, 3023.6579999999999018, 0, 3029.3589999999999236, 0, 3023.6579999999999018, 1
3029.3589999999999236, 0, 3023.6630000000000109, 1, 3029.3589999999999236, 105.39290665647519063, 3023.6630000000000109, 0, 3029.3589999999999236, 102.55618130662168141, 3023.6630000000000109, 0, 3029.3589999999999236, 0, 3023.6630000000000109, 1
3029.3690000000001419, 0, 3023.6680000000001201, 1, 3029.3690000000001419, 103.65991520605471976, 3023.6680000000001201, 0, 3029.3690000000001419, 105.17520130388501798, 3023.6680000000001201, 0, 3029.3690000000001419, 0, 3023.6680000000001201, 1
3029.3800000000001091, 0, 3023.6729999999997744, 1, 3029.3800000000001091, 101.6314319310079668, 3023.6729999999997744, 0, 3029.3800000000001091, 109.37733475234767866, 3023.6729999999997744, 0, 3029.3800000000001091, 0, 3023.6729999999997744, 1
3029.3890000000001237, 0, 3023.6790000000000873, 1, 3029.3890000000001237, 99.146451629310035969, 3023.6790000000000873, 0, 3029.3890000000001237, 111.98839514933521855, 3023.6790000000000873, 0, 3029.3890000000001237, 0, 3023.6790000000000873, 1
3029.3989999999998872, 0, 3023.6829999999999927, 1, 3029.3989999999998872, 96.638838857934089788, 3023.6829999999999927, 0, 3029.3989999999998872, 110.34253371407213251, 3023.6829999999999927, 0, 3029.3989999999998872, 0, 3023.6829999999999927, 1
3029.4090000000001055, 217.19800615743042727, 3023.6880000000001019, 1, 3029.4090000000001055, 84.85983669331000101, 3023.6880000000001019, 0, 3029.4090000000001055, 115.79393748166705791, 3023.6880000000001019, 0, 3029.4090000000001055, 0, 3023.6880000000001019, 1
3029.418999999999869, 283.38074767324411596, 3023.693000000000211, 1, 3029.418999999999869, 40.154924121256314606, 3023.693000000000211, 0, 3029.418999999999869, 117.79243916713461715, 3023.693000000000211, 0, 3029.418999999999869, 0, 3023.693000000000211, 1
3029.4290000000000873, 249.63326121444461592, 3023.6990000000000691, 1, 3029.4290000000000873, 7.3629171912626558694, 3023.6990000000000691, 0, 3029.4290000000000873, 92.535834918421869588, 3023.6990000000000691, 0, 3029.4290000000000873, 0, 3023.6990000000000691, 1
3029.4389999999998508, 83.631812849347127781, 3023.7040000000001783, 1, 3029.4389999999998508, 0, 3023.7040000000001783, 0, 3029.4389999999998508, 65.823293243524872764, 3023.7040000000001783, 0, 3029.4389999999998508, 122.14340179649080653, 3023.7040000000001783, 1
3029.4499999999998181, 44.310275547780115346, 3023.7080000000000837, 1, 3029.4499999999998181, 0, 3023.7080000000000837, 0, 3029.4499999999998181, 32.233624435090902693, 3023.7080000000000837, 0, 3029.4499999999998181, 55.785469354058818681, 3023.7080000000000837, 1
3029.4699999999997999, 40.890917186191991561, 3023.7150000000001455, 1, 3029.4699999999997999, 0, 3023.7150000000001455, 0, 3029.4699999999997999, 30.99221917622073974, 3023.7150000000001455, 0, 3029.4699999999997999, 27.1640586286279202, 3023.7150000000001455, 1
3029.4789999999998145, 54.339601046887167968, 3023.7179999999998472, 1, 3029.4789999999998145, 0, 3023.7179999999998472, 0, 3029.4789999999998145, 33.729534088593894126, 3023.7179999999998472, 0, 3029.4789999999998145, 19.82562698174618987, 3023.7179999999998472, 1
3029.4789999999998145, 70.795283897524129202, 3023.7229999999999563, 1, 3029.4789999999998145, 41.182426135129844624, 3023.7229999999999563, 0, 3029.4789999999998145, 35.551122563990034564, 3023.7229999999999563, 0, 3029.4789999999998145, 21.087271873090319474, 3023.7229999999999563, 1
3029.4890000000000327, 78.226811886214065339, 3023.7280000000000655, 1, 3029.4890000000000327, 38.790515346602454372, 3023.7280000000000655, 0, 3029.4890000000000327, 36.252502258932317147, 3023.7280000000000655, 0, 3029.4890000000000327, 14.40342299231767953, 3023.7280000000000655, 1
3029.4980000000000473, 82.488103597171459569, 3023.7330000000001746, 1, 3029.4980000000000473, 49.601383411829125691, 3023.7330000000001746, 0, 3029.4980000000000473, 36.849671636148556786, 3023.7330000000001746, 0, 3029.4980000000000473, 14.950086230767443141, 3023.7330000000001746, 1
3029.5090000000000146, 56.415331720007806382, 3023.737999999999829, 1, 3029.5090000000000146, 53.865029230522424086, 3023.737999999999829, 0, 3029.5090000000000146, 74.05535055187283433, 3023.737999999999829, 0, 3029.5090000000000146, 25.257776162192758562, 3023.737999999999829, 1
3029.5189999999997781, 54.169446100390260312, 3023.7429999999999382, 1, 3029.5189999999997781, 0, 3023.7429999999999382, 0, 3029.5189999999997781, 21.43461573578709789, 3023.7429999999999382, 0, 3029.5189999999997781, 56.853460546218364868, 3023.7429999999999382, 1
3029.5380000000000109, 85.464131767903239734, 3023.7480000000000473, 1, 3029.5380000000000109, 0, 3023.7480000000000473, 0, 3029.5380000000000109, 0, 3023.7480000000000473, 0, 3029.5380000000000109, 92.330697882827735157, 3023.7480000000000473, 1
3029.5390000000002146, 113.84870475933533385, 3023.7550000000001091, 1, 3029.5390000000002146, 0, 3023.7550000000001091, 0, 3029.5390000000002146, 0, 3023.7550000000001091, 0, 3029.5390000000002146, 92.522089882264197058, 3023.7550000000001091, 1
3029.5489999999999782, 126.28737936802272657, 3023.7579999999998108, 1, 3029.5489999999999782, 0, 3023.7579999999998108, 0, 3029.5489999999999782, 0, 3023.7579999999998108, 0, 3029.5489999999999782, 82.634388325518443708, 3023.7579999999998108, 1
3029.5579999999999927, 132.06887013395470376, 3023.76299999999992, 1, 3029.5579999999999927, 0, 3023.76299999999992, 0, 3029.5579999999999927, 0, 3023.76299999999992, 0, 3029.5579999999999927, 72.640401274162798018, 3023.76299999999992, 1
3029.56899999999996, 133.76884193369326681, 3023.7680000000000291, 1, 3029.56899999999996, 0, 3023.7680000000000291, 0, 3029.56899999999996, 0, 3023.7680000000000291, 0, 3029.56899999999996, 65.905019289730077503, 3023.7680000000000291, 1
3029.5790000000001783, 134.22435287036694262, 3023.7730000000001382, 1, 3029.5790000000001783, 0, 3023.7730000000001382, 0, 3029.5790000000001783, 0, 3023.7730000000001382, 0, 3029.5790000000001783, 63.391748560321815376, 3023.7730000000001382, 1
3029.5979999999999563, 133.2513044614157991, 3023.7779999999997926, 1, 3029.5979999999999563, 0, 3023.7779999999997926, 0, 3029.5979999999999563, 0, 3023.7779999999997926, 0, 3029.5979999999999563, 62.537071568404968502, 3023.7779999999997926, 1
3029.5979999999999563, 131.57086023590309765, 3023.7829999999999018, 1, 3029.5979999999999563, 0, 3023.7829999999999018, 0, 3029.5979999999999563, 0, 3023.7829999999999018, 0, 3029.5979999999999563, 64.697372193081349678, 3023.7829999999999018, 1
3029.6089999999999236, 128.4433024111374948, 3023.7890000000002146, 1, 3029.6089999999999236, 0, 3023.7890000000002146, 0, 3029.6089999999999236, 0, 3023.7890000000002146, 0, 3029.6089999999999236, 59.12087251503786689, 3023.7890000000002146, 1
3029.6190000000001419, 125.23416140363683269, 3023.7930000000001201, 1, 3029.6190000000001419, 0, 3023.7930000000001201, 0, 3029.6190000000001419, 0, 3023.7930000000001201, 0, 3029.6190000000001419, 72.931375806794505934, 3023.7930000000001201, 1
3029.6289999999999054, 126.30389211342475164, 3023.7970000000000255, 1, 3029.6289999999999054, 0, 3023.7970000000000255, 0, 3029.6289999999999054, 0, 3023.7970000000000255, 0, 3029.6289999999999054, 89.126490512156053114, 3023.7970000000000255, 1
3029.6390000000001237, 128.47493317559593606, 3023.8040000000000873, 1, 3029.6390000000001237, 0, 3023.8040000000000873, 0, 3029.6390000000001237, 0, 3023.8040000000000873, 0, 3029.6390000000001237, 84.235057318268829363, 3023.8040000000000873, 1
3029.6489999999998872, 126.72836248385172553, 3023.8079999999999927, 1, 3029.6489999999998872, 0, 3023.8079999999999927, 0, 3029.6489999999998872, 0, 3023.8079999999999927, 0, 3029.6489999999998872, 81.212396669175632269, 3023.8079999999999927, 1
3029.6590000000001055, 123.57448268544087, 3023.8130000000001019, 1, 3029.6590000000001055, 0, 3023.8130000000001019, 0, 3029.6590000000001055, 0, 3023.8130000000001019, 0, 3029.6590000000001055, 80.202555535373520001, 3023.8130000000001019, 1
3029.668999999999869, 120.77986616883644899, 3023.818000000000211, 1, 3029.668999999999869, 0, 3023.818000000000211, 0, 3029.668999999999869, 0, 3023.818000000000211, 0, 3029.668999999999869, 78.73510613083043097, 3023.818000000000211, 1
3029.6889999999998508, 119.50606738812442131, 3023.8240000000000691, 1, 3029.6889999999998508, 0, 3023.8240000000000691, 0, 3029.6889999999998508, 0, 3023.8240000000000691, 0, 3029.6889999999998508, 76.809975928789498312, 3023.8240000000000691, 1
3029.6889999999998508, 118.01579234058624479, 3023.8279999999999745, 1, 3029.6889999999998508, 0, 3023.8279999999999745, 0, 3029.6889999999998508, 0, 3023.8279999999999745, 0, 3029.6889999999998508, 76.065493924929910463, 3023.8279999999999745, 1
3029.6990000000000691, 116.55747766843968805, 3023.8330000000000837, 1, 3029.6990000000000691, 0, 3023.8330000000000837, 0, 3029.6990000000000691, 0, 3023.8330000000000837, 0, 3029.6990000000000691, 75.931618252014118298, 3023.8330000000000837, 1
3029.7089999999998327, 130.30605597448177946, 3023.8380000000001928, 1, 3029.7089999999998327, 0, 3023.8380000000001928, 0, 3029.7089999999998327, 0, 3023.8380000000001928, 0, 3029.7089999999998327, 97.066484472676762607, 3023.8380000000001928, 1
3029.7179999999998472, 145.94190000999776657, 3023.8449999999997999, 1, 3029.7179999999998472, 0, 3023.8449999999997999, 0, 3029.7179999999998472, 0, 3023.8449999999997999, 0, 3029.7179999999998472, 50.746105757875234588, 3023.8449999999997999, 1
3029.7289999999998145, 141.75006919178792941, 3023.8479999999999563, 1, 3029.7289999999998145, 352.88557876490290255, 3023.8479999999999563, 0, 3029.7289999999998145, 0, 3023.8479999999999563, 0, 3029.7289999999998145, 41.743704836912215228, 3023.8479999999999563, 1
3029.7390000000000327, 86.528679861225000991, 3023.8530000000000655, 1, 3029.7390000000000327, 416.19245305205890872, 3023.8530000000000655, 0, 3029.7390000000000327, 0, 3023.8530000000000655, 0, 3029.7390000000000327, 25.853561153223282076, 3023.8530000000000655, 1
3029.7489999999997963, 12.603991505834134301, 3023.8589999999999236, 1, 3029.7489999999997963, 416.86776489342059904, 3023.8589999999999236, 0, 3029.7489999999997963, 0, 3023.8589999999999236, 0, 3029.7489999999997963, 15.639423746716287766, 3023.8589999999999236, 1
3029.7710000000001855, 0, 3023.8640000000000327, 1, 3029.7710000000001855, 278.72883532883219004, 3023.8640000000000327, 0, 3029.7710000000001855, 0, 3023.8640000000000327, 0, 3029.7710000000001855, 18.71403230540630247, 3023.8640000000000327, 1
3029.7789999999999964, 0, 3023.8670000000001892, 1, 3029.7789999999999964, 30.483897041391244898, 3023.8670000000001892, 0, 3029.7789999999999964, 0, 3023.8670000000001892, 0, 3029.7789999999999964, 30.32881739103583385, 3023.8670000000001892, 1
3029.7880000000000109, 0, 3023.875, 1, 3029.7880000000000109, 0, 3023.875, 0, 3029.7880000000000109, 139.81210191465254411, 3023.875, 0, 3029.7880000000000109, 41.281808868559686232, 3023.875, 1
3029.7890000000002146, 0, 3023.8800000000001091, 1, 3029.7890000000002146, 0, 3023.8800000000001091, 0, 3029.7890000000002146, 52.467011947087044632, 3023.8800000000001091, 0, 3029.7890000000002146, 24.117288008388378273, 3023.8800000000001091, 1
3029.8090000000001965, 0, 3023.8829999999998108, 1, 3029.8090000000001965, 0, 3023.8829999999998108, 0, 3029.8090000000001965, 19.558745684918370955, 3023.8829999999998108, 0, 3029.8090000000001965, 32.340549824113821842, 3023.8829999999998108, 1
3029.8090000000001965, 0, 3023.88799999999992, 1, 3029.8090000000001965, 70.925321187478544971, 3023.88799999999992, 0, 3029.8090000000001965, 15.83092185647481287, 3023.88799999999992, 0, 3029.8090000000001965, 50.934616777942537169, 3023.88799999999992, 1
3029.81899999999996, 85.640868686258087905, 3023.8930000000000291, 1, 3029.81899999999996, 94.927251813623740873, 3023.8930000000000291, 1, 3029.81899999999996, 19.780812553296065914, 3023.8930000000000291, 1, 3029.81899999999996, 51.249736131998680833, 3023.8930000000000291, 1
3029.8290000000001783, 66.717635376183309859, 3023.8980000000001382, 1, 3029.8290000000001783, 104.47793002775183879, 3023.8980000000001382, 1, 3029.8290000000001783, 12.391569929814718165, 3023.8980000000001382, 1, 3029.8290000000001783, 60.300784846216210155, 3023.8980000000001382, 1
3029.8389999999999418, 64.349938866539005744, 3023.9029999999997926, 1, 3029.8389999999999418, 99.462348920144108888, 3023.9029999999997926, 1, 3029.8389999999999418, 8.8407111948934975487, 3023.9029999999997926, 1, 3029.8389999999999418, 50.11333264325051573, 3023.9029999999997926, 1
3029.8490000000001601, 64.580591409711999518, 3023.9079999999999018, 1, 3029.8490000000001601, 94.930368789739461022, 3023.9079999999999018, 1, 3029.8490000000001601, 8.9172437568914020289, 3023.9079999999999018, 1, 3029.8490000000001601, 42.333218736380636926, 3023.9079999999999018, 1
3029.8589999999999236, 64.381155954734936131, 3023.9130000000000109, 1, 3029.8589999999999236, 90.886162256892504274, 3023.9130000000000109, 1, 3029.8589999999999236, 10.18577211928523063, 3023.9130000000000109, 1, 3029.8589999999999236, 39.316736120726645254, 3023.9130000000000109, 1
3029.8699999999998909, 65.078147893359343357, 3023.9180000000001201, 1, 3029.8699999999998909, 87.296882960191339862, 3023.9180000000001201, 1, 3029.8699999999998909, 12.715342066626114104, 3023.9180000000001201, 1, 3029.8699999999998909, 37.749400873243565968, 3023.9180000000001201, 1
3029.8789999999999054, 66.514398118181190966, 3023.9229999999997744, 1, 3029.8789999999999054, 83.81462474434694343, 3023.9229999999997744, 1, 3029.8789999999999054, 15.888561189809571772, 3023.9229999999997744, 1, 3029.8789999999999054, 36.026869192034652656, 3023.9229999999997744, 1
3029.8890000000001237, 67.927535900196687635, 3023.9279999999998836, 1, 3029.8890000000001237, 80.589980584203431135, 3023.9279999999998836, 1, 3029.8890000000001237, 18.418822688174845581, 3023.9279999999998836, 1, 3029.8890000000001237, 35.021457235738466807, 3023.9279999999998836, 1
3029.9000000000000909, 69.134268300220981018, 3023.9329999999999927, 1, 3029.9000000000000909, 77.346272240201386694, 3023.9329999999999927, 1, 3029.9000000000000909, 21.13126154981823035, 3023.9329999999999927, 1, 3029.9000000000000909, 34.624218781160394087, 3023.9329999999999927, 1
3029.9079999999999018, 70.103479031140182087, 3023.9380000000001019, 1, 3029.9079999999999018, 74.218247139803693813, 3023.9380000000001019, 1, 3029.9079999999999018, 23.790091697361930301, 3023.9380000000001019, 1, 3029.9079999999999018, 34.37746811498094246, 3023.9380000000001019, 1
3029.918999999999869, 70.853543057602621502, 3023.943000000000211, 1, 3029.918999999999869, 71.239817316724753482, 3023.943000000000211, 1, 3029.918999999999869, 26.368662374739322729, 3023.943000000000211, 1, 3029.918999999999869, 34.18236286785431588, 3023.943000000000211, 1
3029.9389999999998508, 71.277712236399224821, 3023.9479999999998654, 1, 3029.9389999999998508, 68.309307546292927782, 3023.9479999999998654, 1, 3029.9389999999998508, 29.005381186913592018, 3023.9479999999998654, 1, 3029.9389999999998508, 34.307819860226629771, 3023.9479999999998654, 1
3029.9389999999998508, 71.480862835782801312, 3023.9540000000001783, 1, 3029.9389999999998508, 65.535150464950007176, 3023.9540000000001783, 1, 3029.9389999999998508, 31.526006757566594985, 3023.9540000000001783, 1, 3029.9389999999998508, 34.653973080369397053, 3023.9540000000001783, 1
3029.9490000000000691, 71.59188738448231959, 3023.9580000000000837, 1, 3029.9490000000000691, 62.811653450619743921, 3023.9580000000000837, 1, 3029.9490000000000691, 33.846993578323562701, 3023.9580000000000837, 1, 3029.9490000000000691, 34.985718846561383089, 3023.9580000000000837, 1
3029.9690000000000509, 71.509999975332704025, 3023.9639999999999418, 1, 3029.9690000000000509, 60.425026394692039844, 3023.9639999999999418, 1, 3029.9690000000000509, 35.944858896147451333, 3023.9639999999999418, 1, 3029.9690000000000509, 35.518863283291381094, 3023.9639999999999418, 1
3029.9690000000000509, 71.321927525045552443, 3023.9679999999998472, 0, 3029.9690000000000509, 58.272477723294791474, 3023.9679999999998472, 1, 3029.9690000000000509, 37.832709616483633397, 3023.9679999999998472, 1, 3029.9690000000000509, 36.114812936521317965, 3023.9679999999998472, 0
3029.9789999999998145, 71.045252104739262222, 3023.9729999999999563, 0, 3029.9789999999998145, 56.357424884594408354, 3023.9729999999999563, 1, 3029.9789999999998145, 39.513497843857685154, 3023.9729999999999563, 1, 3029.9789999999998145, 36.7576978149030964, 3023.9729999999999563, 0
3029.9890000000000327, 70.623466955299761594, 3023.9780000000000655, 0, 3029.9890000000000327, 54.916818189217060819, 3023.9780000000000655, 1, 3029.9890000000000327, 41.001295446886032892, 3023.9780000000000655, 1, 3029.9890000000000327, 37.472370913026892936, 3023.9780000000000655, 0
3029.9949999999998909, 70.219964383058325552, 3023.9830000000001746, 0, 3029.9949999999998909, 53.49393259099784359, 3023.9830000000001746, 1, 3029.9949999999998909, 42.346161275187370165, 3023.9830000000001746, 1, 3029.9949999999998909, 38.194250861640369976, 3023.9830000000001746, 0
3030.0090000000000146, 69.770030391732859698, 3023.987999999999829, 0, 3030.0090000000000146, 52.291009145408381187, 3023.987999999999829, 1, 3030.0090000000000146, 43.437876814584434726, 3023.987999999999829, 1, 3030.0090000000000146, 38.922031437578759494, 3023.987999999999829, 0
3030.0210000000001855, 69.285676631729216979, 3023.9929999999999382, 0, 3030.0210000000001855, 51.29774468164406187, 3023.9929999999999382, 1, 3030.0210000000001855, 44.303818342437267574, 3023.9929999999999382, 1, 3030.0210000000001855, 39.575252567018281979, 3023.9929999999999382, 0
3030.0300000000002001, 68.77910939058239137, 3023.9989999999997963, 0, 3030.0300000000002001, 50.513048384248875777, 3023.9989999999997963, 1, 3030.0300000000002001, 45.082374875915618873, 3023.9989999999997963, 1, 3030.0300000000002001, 40.189663965281020808, 3023.9989999999997963, 0
3030.0390000000002146, 68.260934248958150761, 3024.0030000000001564, 0, 3030.0390000000002146, 49.903828903844484444, 3024.0030000000001564, 1, 3030.0390000000002146, 45.67299843192468245, 3024.0030000000001564, 1, 3030.0390000000002146, 40.842394732099293719, 3024.0030000000001564, 0
3030.0489999999999782, 67.737970545732139271, 3024.0079999999998108, 0, 3030.0489999999999782, 49.464663711524316625, 3024.0079999999998108, 1, 3030.0489999999999782, 46.115357069542781687, 3024.0079999999998108, 1, 3030.0489999999999782, 41.465089431595721692, 3024.0079999999998108, 0
3030.0579999999999927, 67.218297531561304936, 3024.01299999999992, 0, 3030.0579999999999927, 49.180833850582793332, 3024.01299999999992, 1, 3030.0579999999999927, 46.42160647290431541, 3024.01299999999992, 1, 3030.0579999999999927, 42.052049029645978351, 3024.01299999999992, 0
3030.068000000000211, 66.710079003899380723, 3024.0180000000000291, 0, 3030.068000000000211, 49.058784391929457058, 3024.0180000000000291, 1, 3030.068000000000211, 46.636492247459742089, 3024.0180000000000291, 1, 3030.068000000000211, 42.579930837933872567, 3024.0180000000000291, 0
3030.0779999999999745, 66.241932675408179421, 3024.0239999999998872, 0, 3030.0779999999999745, 48.616157636988958757, 3024.0239999999998872, 1, 3030.0779999999999745, 46.586052594139140126, 3024.0239999999998872, 1, 3030.0779999999999745, 43.11506787756942316, 3024.0239999999998872, 0
3030.1019999999998618, 65.767848531396609246, 3024.0289999999999964, 0, 3030.1019999999998618, 48.702680491117916972, 3024.0289999999999964, 1, 3030.1019999999998618, 46.554995134068683171, 3024.0289999999999964, 1, 3030.1019999999998618, 43.57395080838377055, 3024.0289999999999964, 0
3030.1019999999998618, 65.32031704266606198, 3024.0340000000001055, 0, 3030.1019999999998618, 48.887171833091592532, 3024.0340000000001055, 1, 3030.1019999999998618, 46.429385277029417978, 3024.0340000000001055, 1, 3030.1019999999998618, 44.004591575578011486, 3024.0340000000001055, 0
3030.1089999999999236, 64.902714902255468132, 3024.0380000000000109, 0, 3030.1089999999999236, 49.155426167594825415, 3024.0380000000000109, 1, 3030.1089999999999236, 46.235863326910020987, 3024.0380000000000109, 1, 3030.1089999999999236, 44.367080744037934892, 3024.0380000000000109, 0
3030.1190000000001419, 64.517622051831338581, 3024.0430000000001201, 0, 3030.1190000000001419, 49.493849266808020104, 3024.0430000000001201, 1, 3030.1190000000001419, 45.992623412902894131, 3024.0430000000001201, 1, 3030.1190000000001419, 44.666445330731491481, 3024.0430000000001201, 0
3030.1390000000001237, 64.166875219178734824, 3024.0520000000001346, 0, 3030.1390000000001237, 49.889562494891677602, 3024.0520000000001346, 1, 3030.1390000000001237, 45.686620454016818371, 3024.0520000000001346, 1, 3030.1390000000001237, 44.936670105110422924, 3024.0520000000001346, 0
3030.1390000000001237, 63.851625103295567953, 3024.0540000000000873, 0, 3030.1390000000001237, 50.330484817572369138, 3024.0540000000000873, 1, 3030.1390000000001237, 45.338902598688733292, 3024.0540000000000873, 1, 3030.1390000000001237, 45.16189377433096297, 3024.0540000000000873, 0
3030.1489999999998872, 63.572396115660929183, 3024.0590000000001965, 0, 3030.1489999999998872, 50.805394323464682316, 3024.0590000000001965, 1, 3030.1489999999998872, 44.959036107016430606, 3024.0590000000001965, 1, 3030.1489999999998872, 45.344053630030764168, 3024.0590000000001965, 0
3030.168999999999869, 63.329148605640071423, 3024.0639999999998508, 0, 3030.168999999999869, 51.303970191130744638, 3024.0639999999998508, 1, 3030.168999999999869, 44.535122418873619665, 3024.0639999999998508, 1, 3030.168999999999869, 45.49118491151573096, 3024.0639999999998508, 0
3030.168999999999869, 63.121341899527386943, 3024.06899999999996, 0, 3030.168999999999869, 51.816817559441489038, 3024.06899999999996, 1, 3030.168999999999869, 44.11639573818814597, 3024.06899999999996, 1, 3030.168999999999869, 45.593259361724882694, 3024.06899999999996, 0
3030.1790000000000873, 62.947996650101600835, 3024.0729999999998654, 0, 3030.1790000000000873, 52.335478092779737835, 3024.0729999999998654, 1, 3030.1790000000000873, 43.711319311982116176, 3024.0729999999998654, 1, 3030.1790000000000873, 45.656794957253801215, 3024.0729999999998654, 0
3030.1990000000000691, 62.770029400960183352, 3024.0779999999999745, 0, 3030.1990000000000691, 53.306890546751567683, 3024.0779999999999745, 1, 3030.1990000000000691, 43.452513944971506987, 3024.0779999999999745, 1, 3030.1990000000000691, 45.625408599987785863, 3024.0779999999999745, 0
3030.1990000000000691, 62.657540112041672842, 3024.0830000000000837, 0, 3030.1990000000000691, 53.807470202361784573, 3024.0830000000000837, 1, 3030.1990000000000691, 43.026247649812688678, 3024.0830000000000837, 1, 3030.1990000000000691, 45.630774813779076737, 3024.0830000000000837, 0
3030.2089999999998327, 62.574349849337153273, 3024.0880000000001928, 0, 3030.2089999999998327, 54.29375017297027739, 3024.0880000000001928, 1, 3030.2089999999998327, 42.609344775733504207, 3024.0880000000001928, 1, 3030.2089999999998327, 45.610133118934321317, 3024.0880000000001928, 0
3030.2190000000000509, 62.567682911717284355, 3024.0929999999998472, 0, 3030.2190000000000509, 54.331422300289617056, 3024.0929999999998472, 1, 3030.2190000000000509, 42.048257442293248687, 3024.0929999999998472, 1, 3030.2190000000000509, 45.637650966714261358, 3024.0929999999998472, 0
3030.2289999999998145, 62.48415753454601429, 3024.0979999999999563, 0, 3030.2289999999998145, 55.212083119088632088, 3024.0979999999999563, 1, 3030.2289999999998145, 41.820445880610776612, 3024.0979999999999563, 1, 3030.2289999999998145, 45.501247990229018114, 3024.0979999999999563, 0
3030.2390000000000327, 62.475851722093629803, 3024.1039999999998145, 0, 3030.2390000000000327, 55.630489093852595772, 3024.1039999999998145, 1, 3030.2390000000000327, 41.455171816125286455, 3024.1039999999998145, 1, 3030.2390000000000327, 45.421475131441617634, 3024.1039999999998145, 0
3030.2590000000000146, 62.487939639411067105, 3024.1080000000001746, 0, 3030.2590000000000146, 56.020275815898123994, 3024.1080000000001746, 1, 3030.2590000000000146, 41.112977084110937653, 3024.1080000000001746, 1, 3030.2590000000000146, 45.327772307964565357, 3024.1080000000001746, 0
3030.2590000000000146, 62.516777489928244904, 3024.112999999999829, 0, 3030.2590000000000146, 56.382771894158139503, 3024.112999999999829, 1, 3030.2590000000000146, 40.792850067109824863, 3024.112999999999829, 1, 3030.2590000000000146, 45.224340555260305052, 3024.112999999999829, 0
3030.2789999999999964, 62.635538668139460583, 3024.1179999999999382, 0, 3030.2789999999999964, 56.312721539576514829, 3024.1179999999999382, 1, 3030.2789999999999964, 40.365314878794094966, 3024.1179999999999382, 1, 3030.2789999999999964, 45.189552972733217473, 3024.1179999999999382, 0
3030.2789999999999964, 62.697584124873571909, 3024.1230000000000473, 0, 3030.2789999999999964, 56.616330099815172616, 3024.1230000000000473, 1, 3030.2789999999999964, 40.104117486846163843, 3024.1230000000000473, 1, 3030.2789999999999964, 45.071740289562455928, 3024.1230000000000473, 0
3030.2890000000002146, 62.770247619630822555, 3024.1289999999999054, 0, 3030.2890000000002146, 56.887449825279951199, 3024.1289999999999054, 1, 3030.2890000000002146, 39.869823139549538382, 3024.1289999999999054, 1, 3030.2890000000002146, 44.950188963664558628, 3024.1289999999999054, 0
3030.2989999999999782, 62.768799370475676369, 3024.1329999999998108, 0, 3030.2989999999999782, 57.50549111536173541, 3024.1329999999998108, 1, 3030.2989999999999782, 39.784564738242259807, 3024.1329999999998108, 1, 3030.2989999999999782, 44.749664128229028393, 3024.1329999999998108, 0
3030.3090000000001965, 62.938741365604847999, 3024.1390000000001237, 0, 3030.3090000000001965, 57.333796986233437565, 3024.1390000000001237, 1, 3030.3090000000001965, 39.481197116701508776, 3024.1390000000001237, 1, 3030.3090000000001965, 44.70383603473741374, 3024.1390000000001237, 0
3030.31899999999996, 63.030557036189314601, 3024.1430000000000291, 0, 3030.31899999999996, 57.510731163901652963, 3024.1430000000000291, 1, 3030.31899999999996, 39.325677950573549424, 3024.1430000000000291, 1, 3030.31899999999996, 44.582507028454017473, 3024.1430000000000291, 0
3030.3290000000001783, 63.124989894542878233, 3024.1489999999998872, 0, 3030.3290000000001783, 57.658481496979831604, 3024.1489999999998872, 1, 3030.3290000000001783, 39.189064274573951252, 3024.1489999999998872, 1, 3030.3290000000001783, 44.458624591044198837, 3024.1489999999998872, 0
3030.3389999999999418, 63.130135929714455756, 3024.1529999999997926, 0, 3030.3389999999999418, 58.137334133336686648, 3024.1529999999997926, 1, 3030.3389999999999418, 39.190762308106158684, 3024.1529999999997926, 1, 3030.3389999999999418, 44.270241422222461836, 3024.1529999999997926, 0
3030.3490000000001601, 63.315389749316310031, 3024.1590000000001055, 0, 3030.3490000000001601, 57.872746107102756241, 3024.1590000000001055, 1, 3030.3490000000001601, 39.001862630448940195, 3024.1590000000001055, 1, 3030.3490000000001601, 44.2424816791101847, 3024.1590000000001055, 0
3030.3589999999999236, 63.408618083265167797, 3024.1630000000000109, 0, 3030.3589999999999236, 57.942831605779034021, 3024.1630000000000109, 1, 3030.3589999999999236, 38.936973788233459004, 3024.1630000000000109, 1, 3030.3589999999999236, 44.140586003448881058, 3024.1630000000000109, 0
3030.3690000000001419, 63.498987847827919495, 3024.1680000000001201, 0, 3030.3690000000001419, 57.990790129533749564, 3024.1680000000001201, 1, 3030.3690000000001419, 38.891037517440835813, 3024.1680000000001201, 1, 3030.3690000000001419, 44.04568145726233297, 3024.1680000000001201, 0
3030.3890000000001237, 63.585548848308377501, 3024.1729999999997744, 0, 3030.3890000000001237, 58.01863434783632556, 3024.1729999999997744, 1, 3030.3890000000001237, 38.862398965755687641, 3024.1729999999997744, 1, 3030.3890000000001237, 43.958272301671378557, 3024.1729999999997744, 0
3030.3890000000001237, 63.667511581002813159, 3024.1779999999998836, 0, 3030.3890000000001237, 58.028403141080048044, 3024.1779999999998836, 1, 3030.3890000000001237, 38.849371587789619298, 3024.1779999999998836, 1, 3030.3890000000001237, 43.878707430756293206, 3024.1779999999998836, 0
3030.4090000000001055, 63.744240400923516177, 3024.1829999999999927, 0, 3030.4090000000001055, 58.022131384577626534, 3024.1829999999999927, 1, 3030.4090000000001055, 38.85026346205456349, 3024.1829999999999927, 1, 3030.4090000000001055, 43.807192704478879364, 3024.1829999999999927, 0
3030.4090000000001055, 63.815245224350157116, 3024.1880000000001019, 0, 3030.4090000000001055, 58.001823372664311762, 3024.1880000000001019, 1, 3030.4090000000001055, 38.863400505199173551, 3024.1880000000001019, 1, 3030.4090000000001055, 43.743803818187302568, 3024.1880000000001019, 0
3030.4180000000001201, 63.786078555184118954, 3024.19399999999996, 0, 3030.4180000000001201, 58.308817799710645602, 3024.19399999999996, 1, 3030.4180000000001201, 38.981546028466041776, 3024.19399999999996, 1, 3030.4180000000001201, 43.620918577282921547, 3024.19399999999996, 0
3030.4279999999998836, 63.844699877856285752, 3024.1979999999998654, 0, 3030.4279999999998836, 58.265710523048497294, 3024.1979999999998654, 1, 3030.4279999999998836, 39.013820671632075232, 3024.1979999999998654, 1, 3030.4279999999998836, 43.573973956182200595, 3024.1979999999998654, 0
3030.4389999999998508, 63.896797879530204511, 3024.2029999999999745, 0, 3030.4389999999998508, 58.214698003434541818, 3024.2029999999999745, 1, 3030.4389999999998508, 39.053955238131990768, 3024.2029999999999745, 1, 3030.4389999999998508, 43.534358405747425991, 3024.2029999999999745, 0
3030.4479999999998654, 63.942581468900151265, 3024.2080000000000837, 0, 3030.4479999999998654, 58.157194048085472105, 3024.2080000000000837, 1, 3030.4479999999998654, 39.100296618968627627, 3024.2080000000000837, 1, 3030.4479999999998654, 43.502155763396665122, 3024.2080000000000837, 0
3030.4589999999998327, 64.076186418212898843, 3024.2130000000001928, 0, 3030.4589999999998327, 57.755134884500989756, 3024.2130000000001928, 1, 3030.4589999999998327, 39.057717761407886314, 3024.2130000000001928, 1, 3030.4589999999998327, 43.543949788724575001, 3024.2130000000001928, 0
3030.4789999999998145, 64.107950968397219071, 3024.2179999999998472, 0, 3030.4789999999998145, 57.68851017131268577, 3024.2179999999998472, 1, 3030.4789999999998145, 39.112350564470894199, 3024.2179999999998472, 1, 3030.4789999999998145, 43.525277946972359189, 3024.2179999999998472, 0
3030.4789999999998145, 64.134233064501387389, 3024.2229999999999563, 1, 3030.4789999999998145, 57.623002606949768278, 3024.2229999999999563, 1, 3030.4789999999998145, 39.166449392986478983, 3024.2229999999999563, 1, 3030.4789999999998145, 43.513164022940642894, 3024.2229999999999563, 1
3030.487999999999829, 64.157313496172662326, 3024.2280000000000655, 1, 3030.487999999999829, 57.552839027698666996, 3024.2280000000000655, 1, 3030.487999999999829, 39.224752048851513564, 3024.2280000000000655, 1, 3030.487999999999829, 43.506035752407640871, 3024.2280000000000655, 1
3030.4980000000000473, 64.174588507441754359, 3024.2330000000001746, 1, 3030.4980000000000473, 57.47902669246508367, 3024.2330000000001746, 1, 3030.4980000000000473, 39.286417231183122567, 3024.2330000000001746, 1, 3030.4980000000000473, 43.50390769330118701, 3024.2330000000001746, 1
3030.5079999999998108, 64.185904520602804268, 3024.2390000000000327, 1, 3030.5079999999998108, 57.409569578130266621, 3024.2390000000000327, 1, 3030.5079999999998108, 39.344734060613234305, 3024.2390000000000327, 1, 3030.5079999999998108, 43.506601961455196204, 3024.2390000000000327, 1
3030.5180000000000291, 64.192658849072770977, 3024.2440000000001419, 1, 3030.5180000000000291, 57.341768841779405363, 3024.2440000000001419, 1, 3030.5180000000000291, 39.401913452502391522, 3024.2440000000001419, 1, 3030.5180000000000291, 43.513315923002743091, 3024.2440000000001419, 1
3030.5279999999997926, 64.195269786193165373, 3024.2489999999997963, 1, 3030.5279999999997926, 57.27632413304617387, 3024.2489999999997963, 1, 3030.5279999999997926, 39.457337615527748653, 3024.2489999999997963, 1, 3030.5279999999997926, 43.523518802004659278, 3024.2489999999997963, 1
3030.5380000000000109, 64.19416635136681748, 3024.2539999999999054, 1, 3030.5380000000000109, 57.213819833439899298, 3024.2539999999999054, 1, 3030.5380000000000109, 39.510485741437619822, 3024.2539999999999054, 1, 3030.5380000000000109, 43.53669131150228111, 3024.2539999999999054, 1
3030.5479999999997744, 64.189781041939781403, 3024.2590000000000146, 1, 3030.5479999999997744, 57.154731148304392718, 3024.2590000000000146, 1, 3030.5479999999997744, 39.560929253167628872, 3024.2590000000000146, 1, 3030.5479999999997744, 43.552331393566007023, 3024.2590000000000146, 1
3030.5599999999999454, 64.182543367742837859, 3024.26299999999992, 1, 3030.5599999999999454, 57.099430922689400347, 3024.26299999999992, 1, 3030.5599999999999454, 39.608326405892171351, 3024.26299999999992, 1, 3030.5599999999999454, 43.569959096964709033, 3024.26299999999992, 1
3030.56899999999996, 64.172874169330185623, 3024.2680000000000291, 1, 3030.56899999999996, 57.048197001434623132, 3024.2680000000000291, 1, 3030.56899999999996, 39.652416391101056092, 3024.2680000000000291, 1, 3030.56899999999996, 43.589120619824058167, 3024.2680000000000291, 1
3030.5889999999999418, 64.161180709680635914, 3024.2730000000001382, 1, 3030.5889999999999418, 57.001219968848019448, 3024.2730000000001382, 1, 3030.5889999999999418, 39.693013081615504234, 3024.2730000000001382, 1, 3030.5889999999999418, 43.609391552955884208, 3024.2730000000001382, 1
3030.5889999999999418, 64.147852519058872645, 3024.2779999999997926, 1, 3030.5889999999999418, 56.958611117872848695, 3024.2779999999997926, 1, 3030.5889999999999418, 39.729998543566551916, 3024.2779999999997926, 1, 3030.5889999999999418, 43.630379367034429094, 3024.2779999999997926, 1
3030.5990000000001601, 64.133257964522698558, 3024.2829999999999018, 1, 3030.5990000000001601, 56.920410514184325734, 3024.2829999999999018, 1, 3030.5990000000001601, 39.763316428953139336, 3024.2829999999999018, 1, 3030.5990000000001601, 43.651725192481521276, 3024.2829999999999018, 1
3030.6089999999999236, 64.117741508452155585, 3024.2880000000000109, 1, 3030.6089999999999236, 56.886595035488028316, 3024.2880000000000109, 1, 3030.6089999999999236, 39.79296535034243476, 3024.2880000000000109, 1, 3030.6089999999999236, 43.673104945522666753, 3024.2880000000000109, 1
3030.6190000000001419, 64.016878701863817014, 3024.2950000000000728, 1, 3030.6190000000001419, 57.208605874277424164, 3024.2950000000000728, 0, 3030.6190000000001419, 39.918574647774200059, 3024.2950000000000728, 0, 3030.6190000000001419, 43.63198755875960444, 3024.2950000000000728, 1
3030.6289999999999054, 64.085189259877694212, 3024.2979999999997744, 1, 3030.6289999999999054, 56.831758264698095218, 3024.2979999999997744, 0, 3030.6289999999999054, 39.84148637850103114, 3024.2979999999997744, 0, 3030.6289999999999054, 43.714846462856712606, 3024.2979999999997744, 1
3030.6390000000001237, 64.068706992054885063, 3024.3029999999998836, 1, 3030.6390000000001237, 56.810444804909401739, 3024.3029999999998836, 0, 3030.6390000000001237, 39.860572337232220264, 3024.3029999999998836, 0, 3030.6390000000001237, 43.734736115997556283, 3024.3029999999998836, 1
3030.6489999999998872, 64.052408501572116961, 3024.3110000000001492, 1, 3030.6489999999998872, 56.792946566413135656, 3024.3110000000001492, 0, 3030.6489999999998872, 39.876404926316403987, 3024.3110000000001492, 0, 3030.6489999999998872, 43.75371407938541779, 3024.3110000000001492, 1
3030.6590000000001055, 64.036498636700116549, 3024.3130000000001019, 1, 3030.6590000000001055, 56.77903768552525321, 3024.3130000000001019, 0, 3030.6590000000001055, 39.889163157124500003, 3024.3130000000001019, 0, 3030.6590000000001055, 43.771628259439985698, 3024.3130000000001019, 1
3030.6700000000000728, 64.021153821419858332, 3024.318000000000211, 1, 3030.6700000000000728, 56.768471951010738508, 3024.318000000000211, 0, 3030.6700000000000728, 39.899045076629285234, 3024.318000000000211, 0, 3030.6700000000000728, 43.788357637115794319, 3024.318000000000211, 1
3030.6790000000000873, 64.006522820608438451, 3024.3229999999998654, 1, 3030.6790000000000873, 56.760988508982478606, 3024.3229999999998654, 0, 3030.6790000000000873, 39.906262893129252234, 3024.3229999999998654, 0, 3030.6790000000000873, 43.803810451834081618, 3024.3229999999998654, 1
3030.6889999999998508, 63.992727802541722326, 3024.3279999999999745, 1, 3030.6889999999998508, 56.756317073884268609, 3024.3279999999999745, 0, 3030.6889999999998508, 39.911038498688270693, 3024.3279999999999745, 0, 3030.6889999999998508, 43.817922190959741613, 3024.3279999999999745, 1
3030.7089999999998327, 63.896291786692898995, 3024.3339999999998327, 1, 3030.7089999999998327, 57.110521714716497854, 3024.3339999999998327, 0, 3030.7089999999998327, 40.016352029389622658, 3024.3339999999998327, 0, 3030.7089999999998327, 43.767141027432998612, 3024.3339999999998327, 1
3030.7089999999998327, 63.884548013458569926, 3024.3389999999999418, 1, 3030.7089999999998327, 57.110865504196368647, 3024.3389999999999418, 0, 3030.7089999999998327, 40.017052789432376869, 3024.3389999999999418, 0, 3030.7089999999998327, 43.778488841743602222, 3024.3389999999999418, 1
3030.7190000000000509, 63.873835217191306413, 3024.3429999999998472, 1, 3030.7190000000000509, 57.113142137397261422, 3024.3429999999998472, 0, 3030.7190000000000509, 40.015970067410066235, 3024.3429999999998472, 0, 3030.7190000000000509, 43.788438397480383912, 3024.3429999999998472, 1
3030.7289999999998145, 63.864185920367496863, 3024.3479999999999563, 1, 3030.7289999999998145, 57.117090057576859863, 3024.3479999999999563, 0, 3030.7289999999998145, 40.013329631173760959, 3024.3479999999999563, 0, 3030.7289999999998145, 43.797012317582236562, 3024.3479999999999563, 1
3030.75, 63.855704154892563906, 3024.3530000000000655, 1, 3030.75, 57.122486189465178086, 3024.3530000000000655, 0, 3030.75, 40.009877428886596817, 3024.3530000000000655, 0, 3030.75, 43.803755319167059668, 3024.3530000000000655, 1
3030.75, 63.848172325393548476, 3024.3589999999999236, 1, 3030.75, 57.128995871519066441, 3024.3589999999999236, 0, 3030.75, 40.004805365371495895, 3024.3589999999999236, 0, 3030.75, 43.809707091696097336, 3024.3589999999999236, 1
3030.7590000000000146, 63.924932077856496448, 3024.362999999999829, 1, 3030.7590000000000146, 56.779613092054177059, 3024.362999999999829, 0, 3030.7590000000000146, 39.895067537975194227, 3024.362999999999829, 0, 3030.7590000000000146, 43.878428347498726225, 3024.362999999999829, 1
3030.7789999999999964, 63.919538037905361705, 3024.3690000000001419, 1, 3030.7789999999999964, 56.787900293307018273, 3024.3690000000001419, 0, 3030.7789999999999964, 39.888301015970498042, 3024.3690000000001419, 0, 3030.7789999999999964, 43.882019348046839013, 3024.3690000000001419, 1
3030.7789999999999964, 63.915146703470448131, 3024.3730000000000473, 1, 3030.7789999999999964, 56.79675765388998343, 3024.3730000000000473, 0, 3030.7789999999999964, 39.880986921996807837, 3024.3730000000000473, 0, 3030.7789999999999964, 43.884543748021698661, 3024.3730000000000473, 1
3030.7890000000002146, 63.911706604761135964, 3024.3789999999999054, 1, 3030.7890000000002146, 56.806000337192308791, 3024.3789999999999054, 0, 3030.7890000000002146, 39.873285681997742813, 3024.3789999999999054, 0, 3030.7890000000002146, 43.886086503914434331, 3024.3789999999999054, 1
3030.7989999999999782, 63.825224123322584546, 3024.3840000000000146, 1, 3030.7989999999999782, 57.172600790998586717, 3024.3840000000000146, 0, 3030.7989999999999782, 39.968837161959150706, 3024.3840000000000146, 0, 3030.7989999999999782, 43.822361124978527869, 3024.3840000000000146, 1
3030.8090000000001965, 63.823444342913006722, 3024.38799999999992, 1, 3030.8090000000001965, 57.181984700652861875, 3024.38799999999992, 0, 3030.8090000000001965, 39.960732436230586018, 3024.38799999999992, 0, 3030.8090000000001965, 43.822191974959046945, 3024.38799999999992, 1
3030.818000000000211, 63.822417186750691087, 3024.3939999999997781, 1, 3030.818000000000211, 57.191289522000914758, 3024.3939999999997781, 0, 3030.818000000000211, 39.95262938163430988, 3024.3939999999997781, 0, 3030.818000000000211, 43.821311066948979374, 3024.3939999999997781, 1
3030.8290000000001783, 63.822072953745561108, 3024.3980000000001382, 1, 3030.8290000000001783, 57.200402151747894663, 3024.3980000000001382, 0, 3030.8290000000001783, 39.944633324779907468, 3024.3980000000001382, 0, 3030.8290000000001783, 43.819809371704018019, 3024.3980000000001382, 1
3030.8389999999999418, 63.906550358296286163, 3024.4039999999999964, 1, 3030.8389999999999418, 56.85272082783848191, 3024.4039999999999964, 0, 3030.8389999999999418, 39.833597375167506982, 3024.4039999999999964, 0, 3030.8389999999999418, 43.882220586035316501, 3024.4039999999999964, 1
3030.8490000000001601, 63.9074359331270756, 3024.4090000000001055, 1, 3030.8490000000001601, 56.86134761647663538, 3024.4090000000001055, 0, 3030.8490000000001601, 39.82615083817735524, 3024.4090000000001055, 0, 3030.8490000000001601, 43.879759659297569385, 3024.4090000000001055, 1
3030.8589999999999236, 63.908791527803074928, 3024.4140000000002146, 1, 3030.8589999999999236, 56.869537110267707192, 3024.4140000000002146, 0, 3030.8589999999999236, 39.819047301193720045, 3024.4140000000002146, 0, 3030.8589999999999236, 43.876935711746973823, 3024.4140000000002146, 1
3030.8699999999998909, 63.910546524296755422, 3024.418999999999869, 1, 3030.8699999999998909, 56.877233820361681182, 3024.418999999999869, 0, 3030.8699999999998909, 39.81233843976940534, 3024.418999999999869, 0, 3030.8699999999998909, 43.873826845174932032, 3024.418999999999869, 1
3030.8789999999999054, 63.912746877675019164, 3024.4229999999997744, 1, 3030.8789999999999054, 56.884733841591739179, 3024.4229999999997744, 0, 3030.8789999999999054, 39.805767010066531952, 3024.4229999999997744, 0, 3030.8789999999999054, 43.870334703202090054, 3024.4229999999997744, 1
3030.9000000000000909, 63.915358844905625801, 3024.4279999999998836, 1, 3030.9000000000000909, 56.891925670292927464, 3024.4279999999998836, 0, 3030.9000000000000909, 39.799430102339286464, 3024.4279999999998836, 0, 3030.9000000000000909, 43.866513117226737961, 3024.4279999999998836, 1
3030.9000000000000909, 63.917938887545957982, 3024.4340000000001965, 1, 3030.9000000000000909, 56.897858253710495546, 3024.4340000000001965, 0, 3030.9000000000000909, 39.794172071922233158, 3024.4340000000001965, 0, 3030.9000000000000909, 43.862960712167406996, 3024.4340000000001965, 1
3030.9099999999998545, 63.920523489850978649, 3024.4380000000001019, 1, 3030.9099999999998545, 56.902929491587372013, 3024.4380000000001019, 0, 3030.9099999999998545, 39.789649572445924264, 3024.4380000000001019, 0, 3030.9099999999998545, 43.859568361383757917, 3024.4380000000001019, 1
3030.9200000000000728, 63.838338657599280168, 3024.443000000000211, 1, 3030.9200000000000728, 57.263078211974146825, 3024.443000000000211, 0, 3030.9200000000000728, 39.887924365053969211, 3024.443000000000211, 0, 3030.9200000000000728, 43.79142499639888797, 3024.443000000000211, 1
3030.9299999999998363, 63.841124703535655271, 3024.4490000000000691, 1, 3030.9299999999998363, 57.267129418454352674, 3024.4490000000000691, 0, 3030.9299999999998363, 39.884082056917016246, 3024.4490000000000691, 0, 3030.9299999999998363, 43.787947216274815787, 3024.4490000000000691, 1
3030.9499999999998181, 63.843914037284697827, 3024.4529999999999745, 1, 3030.9499999999998181, 57.270620576577698557, 3024.4529999999999745, 0, 3030.9499999999998181, 39.880730304943980968, 3024.4529999999999745, 0, 3030.9499999999998181, 43.784582633602553869, 3024.4529999999999745, 1
3030.9569999999998799, 63.846668712320635564, 3024.4580000000000837, 1, 3030.9569999999998799, 57.273572632770914481, 3024.4580000000000837, 0, 3030.9569999999998799, 39.877854181810953094, 3024.4580000000000837, 0, 3030.9569999999998799, 43.781363587037915863, 3024.4580000000000837, 1
3030.9600000000000364, 63.934564814095679708, 3024.4630000000001928, 1, 3030.9600000000000364, 56.921070944126384461, 3024.4630000000001928, 0, 3030.9600000000000364, 39.773101849847506628, 3024.4630000000001928, 0, 3030.9600000000000364, 43.842957118978226561, 3024.4630000000001928, 1
3030.9699999999997999, 63.937197778842751461, 3024.4679999999998472, 1, 3030.9699999999997999, 56.92310861859377269, 3024.4679999999998472, 0, 3030.9699999999997999, 39.771158286842961616, 3024.4679999999998472, 0, 3030.9699999999997999, 43.840110849181456842, 3024.4679999999998472, 1
3030.9800000000000182, 63.93970541909089178, 3024.4729999999999563, 1, 3030.9800000000000182, 56.924683085264447868, 3024.4729999999999563, 0, 3030.9800000000000182, 39.769617196736973597, 3024.4729999999999563, 0, 3030.9800000000000182, 43.837473940923814553, 3024.4729999999999563, 1
3030.9899999999997817, 63.942068138786446241, 3024.4789999999998145, 1, 3030.9899999999997817, 56.925828801194718665, 3024.4789999999998145, 0, 3030.9899999999997817, 39.768450461999982792, 3024.4789999999998145, 0, 3030.9899999999997817, 43.835058362951663469, 3024.4789999999998145, 1
3030.9989999999997963, 63.858984952962970283, 3024.4830000000001746, 1, 3030.9989999999997963, 57.281105634835384421, 3024.4830000000001746, 0, 3030.9989999999997963, 39.86965392232184513, 3024.4830000000001746, 0, 3030.9989999999997963, 43.768429829812113496, 3024.4830000000001746, 1
3031.0100000000002183, 63.86099174774938092, 3024.48700000000008, 1, 3031.0100000000002183, 57.281460599511667908, 3024.48700000000008, 0, 3031.0100000000002183, 39.86912169550345908, 3024.48700000000008, 0, 3031.0100000000002183, 43.766473559304216678, 3024.48700000000008, 1
3031.0189999999997781, 63.862823081196751218, 3024.4929999999999382, 1, 3031.0189999999997781, 57.281505888259715675, 3024.4929999999999382, 0, 3031.0189999999997781, 39.868876727666673787, 3024.4929999999999382, 0, 3031.0189999999997781, 43.764751239619499756, 3024.4929999999999382, 1
3031.0289999999999964, 63.864474170602711922, 3024.4980000000000473, 1, 3031.0289999999999964, 57.281277729091009121, 3024.4980000000000473, 0, 3031.0289999999999964, 39.868887695871080723, 3024.4980000000000473, 0, 3031.0289999999999964, 43.763259961423273126, 3024.4980000000000473, 1
3031.0390000000002146, 63.951299316463092737, 3024.5030000000001564, 1, 3031.0390000000002146, 56.92640274541562917, 3024.5030000000001564, 0, 3031.0390000000002146, 39.767170295900015731, 3024.5030000000001564, 0, 3031.0390000000002146, 43.826441464328468101, 3024.5030000000001564, 1
3031.0500000000001819, 63.952595578009962196, 3024.5090000000000146, 1, 3031.0500000000001819, 56.925741870654931631, 3024.5090000000000146, 0, 3031.0500000000001819, 39.767609597315214387, 3024.5090000000000146, 0, 3031.0500000000001819, 43.825392554328310268, 3024.5090000000000146, 1
3031.0700000000001637, 63.95371083133648682, 3024.51299999999992, 1, 3031.0700000000001637, 56.924903693804388638, 3024.51299999999992, 0, 3031.0700000000001637, 39.768211300957304388, 3024.51299999999992, 0, 3031.0700000000001637, 43.824550463253117982, 3024.51299999999992, 1
3031.0700000000001637, 63.954650703523682864, 3024.5189999999997781, 1, 3031.0700000000001637, 56.923920133329929172, 3024.5189999999997781, 0, 3031.0700000000001637, 39.768947854324302682, 3024.5189999999997781, 0, 3031.0700000000001637, 43.823903625160902209, 3024.5189999999997781, 1
3031.0900000000001455, 63.870099257496903533, 3024.5230000000001382, 1, 3031.0900000000001455, 57.277073010096316352, 3024.5230000000001382, 0, 3031.0900000000001455, 39.871632533765875905, 3024.5230000000001382, 0, 3031.0900000000001455, 43.759126961912386378, 3024.5230000000001382, 1
3031.0900000000001455, 63.870714333007704511, 3024.5279999999997926, 1, 3031.0900000000001455, 57.275900101455462732, 3024.5279999999997926, 0, 3031.0900000000001455, 39.872564939396028194, 3024.5279999999997926, 0, 3031.0900000000001455, 43.758838658230274632, 3024.5279999999997926, 1
3031.0999999999999091, 63.871182167875730329, 3024.5329999999999018, 1, 3031.0999999999999091, 57.274669392959282277, 3024.5329999999999018, 0, 3031.0999999999999091, 39.873561247446374978, 3024.5329999999999018, 0, 3031.0999999999999091, 43.758710996083785005, 3024.5329999999999018, 1
3031.1100000000001273, 63.956824138946359426, 3024.5380000000000109, 1, 3031.1100000000001273, 56.919100519161091256, 3024.5380000000000109, 0, 3031.1100000000001273, 39.772747566849858458, 3024.5380000000000109, 0, 3031.1100000000001273, 43.822998481934739345, 3024.5380000000000109, 1
3031.1210000000000946, 63.871723009753424094, 3024.543999999999869, 1, 3031.1210000000000946, 57.272071458668236232, 3024.543999999999869, 0, 3031.1210000000000946, 39.875644726249618088, 3024.543999999999869, 0, 3031.1210000000000946, 43.758863735741115875, 3024.543999999999869, 1
3031.1320000000000618, 63.871815270407509502, 3024.5479999999997744, 1, 3031.1320000000000618, 57.270795347440341061, 3024.5479999999997744, 1, 3031.1320000000000618, 39.87671453486537132, 3024.5479999999997744, 1, 3031.1320000000000618, 43.75909666937946696, 3024.5479999999997744, 1
3031.1399999999998727, 63.871802007228055231, 3024.5540000000000873, 1, 3031.1399999999998727, 57.26950966251120434, 3024.5540000000000873, 1, 3031.1399999999998727, 39.877769547219266144, 3024.5540000000000873, 1, 3031.1399999999998727, 43.759432638341372979, 3024.5540000000000873, 1
3031.1520000000000437, 63.956979207008551214, 3024.5579999999999927, 1, 3031.1520000000000437, 56.91396267459378322, 3024.5579999999999927, 1, 3031.1520000000000437, 39.776944063797969875, 3024.5579999999999927, 1, 3031.1520000000000437, 43.82407666393650203, 3024.5579999999999927, 1
3031.1599999999998545, 63.956792099506586169, 3024.5639999999998508, 1, 3031.1599999999998545, 56.912757592490763159, 3024.5639999999998508, 1, 3031.1599999999998545, 39.777939505508612683, 3024.5639999999998508, 1, 3031.1599999999998545, 43.82454576019068071, 3024.5639999999998508, 1
3031.1700000000000728, 63.956538537520899013, 3024.568000000000211, 1, 3031.1700000000000728, 56.91160776605970284, 3024.568000000000211, 1, 3031.1700000000000728, 39.778891932560810574, 3024.568000000000211, 1, 3031.1700000000000728, 43.825067348145481105, 3024.568000000000211, 1
3031.1799999999998363, 63.870971422195289335, 3024.5760000000000218, 1, 3031.1799999999998363, 57.264900561533849555, 3024.5760000000000218, 1, 3031.1799999999998363, 39.88169123853451481, 3024.5760000000000218, 1, 3031.1799999999998363, 43.761400712246931732, 3024.5760000000000218, 1
3031.1900000000000546, 63.870628758483761089, 3024.5790000000001783, 1, 3031.1900000000000546, 57.263912286493052761, 3024.5790000000001783, 1, 3031.1900000000000546, 39.882547441608402039, 3024.5790000000001783, 1, 3031.1900000000000546, 43.761993905882988543, 3024.5790000000001783, 1
, , 3024.5830000000000837, 1, , , 3024.5830000000000837, 1, , , 3024.5830000000000837, 1, , , 3024.5830000000000837, 1
, , 3024.5880000000001928, 1, , , 3024.5880000000001928, 1, , , 3024.5880000000001928, 1, , , 3024.5880000000001928, 1
, , 3024.5929999999998472, 1, , , 3024.5929999999998472, 1, , , 3024.5929999999998472, 1, , , 3024.5929999999998472, 1
, , 3024.5990000000001601, 1, , , 3024.5990000000001601, 1, , , 3024.5990000000001601, 1, , , 3024.5990000000001601, 1
, , 3024.6039999999998145, 1, , , 3024.6039999999998145, 1, , , 3024.6039999999998145, 1, , , 3024.6039999999998145, 1
, , 3024.6080000000001746, 1, , , 3024.6080000000001746, 1, , , 3024.6080000000001746, 1, , , 3024.6080000000001746, 1
, , 3024.612999999999829, 1, , , 3024.612999999999829, 1, , , 3024.612999999999829, 1, , , 3024.612999999999829, 1
, , 3024.6179999999999382, 1, , , 3024.6179999999999382, 1, , , 3024.6179999999999382, 1, , , 3024.6179999999999382, 1
, , 3024.6230000000000473, 0, , , 3024.6230000000000473, 1, , , 3024.6230000000000473, 1, , , 3024.6230000000000473, 0
, , 3024.6280000000001564, 0, , , 3024.6280000000001564, 1, , , 3024.6280000000001564, 1, , , 3024.6280000000001564, 0
, , 3024.6329999999998108, 0, , , 3024.6329999999998108, 1, , , 3024.6329999999998108, 1, , , 3024.6329999999998108, 0
, , 3024.63799999999992, 0, , , 3024.63799999999992, 1, , , 3024.63799999999992, 1, , , 3024.63799999999992, 0
, , 3024.6430000000000291, 0, , , 3024.6430000000000291, 1, , , 3024.6430000000000291, 1, , , 3024.6430000000000291, 0
, , 3024.6480000000001382, 0, , , 3024.6480000000001382, 1, , , 3024.6480000000001382, 1, , , 3024.6480000000001382, 0
, , 3024.6529999999997926, 0, , , 3024.6529999999997926, 1, , , 3024.6529999999997926, 1, , , 3024.6529999999997926, 0
, , 3024.6579999999999018, 0, , , 3024.6579999999999018, 1, , , 3024.6579999999999018, 1, , , 3024.6579999999999018, 0
, , 3024.6640000000002146, 0, , , 3024.6640000000002146, 1, , , 3024.6640000000002146, 1, , , 3024.6640000000002146, 0
, , 3024.6680000000001201, 0, , , 3024.6680000000001201, 1, , , 3024.6680000000001201, 1, , , 3024.6680000000001201, 0
, , 3024.6729999999997744, 0, , , 3024.6729999999997744, 1, , , 3024.6729999999997744, 1, , , 3024.6729999999997744, 0
, , 3024.6779999999998836, 0, , , 3024.6779999999998836, 1, , , 3024.6779999999998836, 1, , , 3024.6779999999998836, 0
, , 3024.6840000000001965, 0, , , 3024.6840000000001965, 1, , , 3024.6840000000001965, 1, , , 3024.6840000000001965, 0
, , 3024.6880000000001019, 0, , , 3024.6880000000001019, 1, , , 3024.6880000000001019, 1, , , 3024.6880000000001019, 0
, , 3024.69399999999996, 0, , , 3024.69399999999996, 1, , , 3024.69399999999996, 1, , , 3024.69399999999996, 0
, , 3024.6990000000000691, 0, , , 3024.6990000000000691, 1, , , 3024.6990000000000691, 1, , , 3024.6990000000000691, 0
, , 3024.7029999999999745, 0, , , 3024.7029999999999745, 1, , , 3024.7029999999999745, 1, , , 3024.7029999999999745, 0
, , 3024.7080000000000837, 0, , , 3024.7080000000000837, 1, , , 3024.7080000000000837, 1, , , 3024.7080000000000837, 0
, , 3024.7139999999999418, 0, , , 3024.7139999999999418, 1, , , 3024.7139999999999418, 1, , , 3024.7139999999999418, 0
, , 3024.7179999999998472, 0, , , 3024.7179999999998472, 1, , , 3024.7179999999998472, 1, , , 3024.7179999999998472, 0
, , 3024.7229999999999563, 0, , , 3024.7229999999999563, 1, , , 3024.7229999999999563, 1, , , 3024.7229999999999563, 0
, , 3024.7280000000000655, 0, , , 3024.7280000000000655, 1, , , 3024.7280000000000655, 1, , , 3024.7280000000000655, 0
, , 3024.7330000000001746, 0, , , 3024.7330000000001746, 1, , , 3024.7330000000001746, 1, , , 3024.7330000000001746, 0
, , 3024.7399999999997817, 0, , , 3024.7399999999997817, 1, , , 3024.7399999999997817, 1, , , 3024.7399999999997817, 0
, , 3024.7440000000001419, 0, , , 3024.7440000000001419, 1, , , 3024.7440000000001419, 1, , , 3024.7440000000001419, 0
, , 3024.7480000000000473, 0, , , 3024.7480000000000473, 1, , , 3024.7480000000000473, 1, , , 3024.7480000000000473, 0
, , 3024.7530000000001564, 0, , , 3024.7530000000001564, 1, , , 3024.7530000000001564, 1, , , 3024.7530000000001564, 0
, , 3024.7579999999998108, 0, , , 3024.7579999999998108, 1, , , 3024.7579999999998108, 1, , , 3024.7579999999998108, 0
, , 3024.76299999999992, 0, , , 3024.76299999999992, 1, , , 3024.76299999999992, 1, , , 3024.76299999999992, 0
, , 3024.7689999999997781, 0, , , 3024.7689999999997781, 1, , , 3024.7689999999997781, 1, , , 3024.7689999999997781, 0
, , 3024.7739999999998872, 0, , , 3024.7739999999998872, 1, , , 3024.7739999999998872, 1, , , 3024.7739999999998872, 0
, , 3024.7789999999999964, 0, , , 3024.7789999999999964, 1, , , 3024.7789999999999964, 1, , , 3024.7789999999999964, 0
, , 3024.7829999999999018, 0, , , 3024.7829999999999018, 1, , , 3024.7829999999999018, 1, , , 3024.7829999999999018, 0
, , 3024.7880000000000109, 0, , , 3024.7880000000000109, 1, , , 3024.7880000000000109, 1, , , 3024.7880000000000109, 0
, , 3024.7930000000001201, 0, , , 3024.7930000000001201, 1, , , 3024.7930000000001201, 1, , , 3024.7930000000001201, 0
, , 3024.8000000000001819, 0, , , 3024.8000000000001819, 1, , , 3024.8000000000001819, 1, , , 3024.8000000000001819, 0
, , 3024.8029999999998836, 0, , , 3024.8029999999998836, 1, , , 3024.8029999999998836, 1, , , 3024.8029999999998836, 0
, , 3024.8079999999999927, 0, , , 3024.8079999999999927, 1, , , 3024.8079999999999927, 1, , , 3024.8079999999999927, 0
, , 3024.8139999999998508, 0, , , 3024.8139999999998508, 1, , , 3024.8139999999998508, 1, , , 3024.8139999999998508, 0
, , 3024.818000000000211, 0, , , 3024.818000000000211, 1, , , 3024.818000000000211, 1, , , 3024.818000000000211, 0
, , 3024.8229999999998654, 0, , , 3024.8229999999998654, 1, , , 3024.8229999999998654, 1, , , 3024.8229999999998654, 0
, , 3024.8290000000001783, 0, , , 3024.8290000000001783, 1, , , 3024.8290000000001783, 1, , , 3024.8290000000001783, 0
, , 3024.8330000000000837, 0, , , 3024.8330000000000837, 1, , , 3024.8330000000000837, 1, , , 3024.8330000000000837, 0
, , 3024.8420000000000982, 0, , , 3024.8420000000000982, 1, , , 3024.8420000000000982, 1, , , 3024.8420000000000982, 0
, , 3024.8429999999998472, 0, , , 3024.8429999999998472, 1, , , 3024.8429999999998472, 1, , , 3024.8429999999998472, 0
, , 3024.8479999999999563, 0, , , 3024.8479999999999563, 1, , , 3024.8479999999999563, 1, , , 3024.8479999999999563, 0
, , 3024.8539999999998145, 0, , , 3024.8539999999998145, 1, , , 3024.8539999999998145, 1, , , 3024.8539999999998145, 0
, , 3024.8589999999999236, 0, , , 3024.8589999999999236, 1, , , 3024.8589999999999236, 1, , , 3024.8589999999999236, 0
, , 3024.862999999999829, 0, , , 3024.862999999999829, 1, , , 3024.862999999999829, 1, , , 3024.862999999999829, 0
, , 3024.8690000000001419, 0, , , 3024.8690000000001419, 1, , , 3024.8690000000001419, 1, , , 3024.8690000000001419, 0
, , 3024.8739999999997963, 1, , , 3024.8739999999997963, 1, , , 3024.8739999999997963, 1, , , 3024.8739999999997963, 1
, , 3024.8780000000001564, 1, , , 3024.8780000000001564, 1, , , 3024.8780000000001564, 1, , , 3024.8780000000001564, 1
, , 3024.8829999999998108, 1, , , 3024.8829999999998108, 1, , , 3024.8829999999998108, 1, , , 3024.8829999999998108, 1
, , 3024.88799999999992, 1, , , 3024.88799999999992, 1, , , 3024.88799999999992, 1, , , 3024.88799999999992, 1
, , 3024.8930000000000291, 1, , , 3024.8930000000000291, 1, , , 3024.8930000000000291, 1, , , 3024.8930000000000291, 1
, , 3024.8980000000001382, 1, , , 3024.8980000000001382, 1, , , 3024.8980000000001382, 1, , , 3024.8980000000001382, 1
, , 3024.9029999999997926, 1, , , 3024.9029999999997926, 1, , , 3024.9029999999997926, 1, , , 3024.9029999999997926, 1
, , 3024.9099999999998545, 1, , , 3024.9099999999998545, 1, , , 3024.9099999999998545, 1, , , 3024.9099999999998545, 1
, , 3024.9130000000000109, 1, , , 3024.9130000000000109, 1, , , 3024.9130000000000109, 1, , , 3024.9130000000000109, 1
, , 3024.9180000000001201, 1, , , 3024.9180000000001201, 1, , , 3024.9180000000001201, 1, , , 3024.9180000000001201, 1
, , 3024.9229999999997744, 1, , , 3024.9229999999997744, 1, , , 3024.9229999999997744, 1, , , 3024.9229999999997744, 1
, , 3024.9290000000000873, 1, , , 3024.9290000000000873, 1, , , 3024.9290000000000873, 1, , , 3024.9290000000000873, 1
, , 3024.9329999999999927, 1, , , 3024.9329999999999927, 1, , , 3024.9329999999999927, 1, , , 3024.9329999999999927, 1
, , 3024.9380000000001019, 1, , , 3024.9380000000001019, 1, , , 3024.9380000000001019, 1, , , 3024.9380000000001019, 1
, , 3024.943000000000211, 1, , , 3024.943000000000211, 1, , , 3024.943000000000211, 1, , , 3024.943000000000211, 1
, , 3024.9479999999998654, 1, , , 3024.9479999999998654, 0, , , 3024.9479999999998654, 0, , , 3024.9479999999998654, 1
, , 3024.9529999999999745, 1, , , 3024.9529999999999745, 0, , , 3024.9529999999999745, 0, , , 3024.9529999999999745, 1
, , 3024.9580000000000837, 1, , , 3024.9580000000000837, 0, , , 3024.9580000000000837, 0, , , 3024.9580000000000837, 1
, , 3024.9639999999999418, 1, , , 3024.9639999999999418, 0, , , 3024.9639999999999418, 0, , , 3024.9639999999999418, 1
, , 3024.9690000000000509, 1, , , 3024.9690000000000509, 0, , , 3024.9690000000000509, 0, , , 3024.9690000000000509, 1
, , 3024.9729999999999563, 1, , , 3024.9729999999999563, 0, , , 3024.9729999999999563, 0, , , 3024.9729999999999563, 1
, , 3024.9780000000000655, 1, , , 3024.9780000000000655, 0, , , 3024.9780000000000655, 0, , , 3024.9780000000000655, 1
, , 3024.9830000000001746, 1, , , 3024.9830000000001746, 0, , , 3024.9830000000001746, 0, , , 3024.9830000000001746, 1
, , 3024.9890000000000327, 1, , , 3024.9890000000000327, 0, , , 3024.9890000000000327, 0, , , 3024.9890000000000327, 1
, , 3024.9929999999999382, 1, , , 3024.9929999999999382, 0, , , 3024.9929999999999382, 0, , , 3024.9929999999999382, 1
, , 3024.9989999999997963, 1, , , 3024.9989999999997963, 0, , , 3024.9989999999997963, 0, , , 3024.9989999999997963, 1
, , 3025.0030000000001564, 1, , , 3025.0030000000001564, 0, , , 3025.0030000000001564, 0, , , 3025.0030000000001564, 1
, , 3025.0079999999998108, 1, , , 3025.0079999999998108, 0, , , 3025.0079999999998108, 0, , , 3025.0079999999998108, 1
, , 3025.01299999999992, 1, , , 3025.01299999999992, 0, , , 3025.01299999999992, 0, , , 3025.01299999999992, 1
, , 3025.0189999999997781, 1, , , 3025.0189999999997781, 0, , , 3025.0189999999997781, 0, , , 3025.0189999999997781, 1
, , 3025.0230000000001382, 1, , , 3025.0230000000001382, 0, , , 3025.0230000000001382, 0, , , 3025.0230000000001382, 1
, , 3025.0279999999997926, 1, , , 3025.0279999999997926, 0, , , 3025.0279999999997926, 0, , , 3025.0279999999997926, 1
, , 3025.0329999999999018, 1, , , 3025.0329999999999018, 0, , , 3025.0329999999999018, 0, , , 3025.0329999999999018, 1
, , 3025.0390000000002146, 1, , , 3025.0390000000002146, 0, , , 3025.0390000000002146, 0, , , 3025.0390000000002146, 1
, , 3025.0450000000000728, 1, , , 3025.0450000000000728, 0, , , 3025.0450000000000728, 0, , , 3025.0450000000000728, 1
, , 3025.0479999999997744, 1, , , 3025.0479999999997744, 0, , , 3025.0479999999997744, 0, , , 3025.0479999999997744, 1
, , 3025.0529999999998836, 1, , , 3025.0529999999998836, 0, , , 3025.0529999999998836, 0, , , 3025.0529999999998836, 1
, , 3025.0579999999999927, 1, , , 3025.0579999999999927, 0, , , 3025.0579999999999927, 0, , , 3025.0579999999999927, 1
, , 3025.0630000000001019, 1, , , 3025.0630000000001019, 0, , , 3025.0630000000001019, 0, , , 3025.0630000000001019, 1
, , 3025.0650000000000546, 1, , , 3025.0650000000000546, 0, , , 3025.0650000000000546, 0, , , 3025.0650000000000546, 1
, , 3025.0650000000000546, 1, , , 3025.0650000000000546, 0, , , 3025.0650000000000546, 0, , , 3025.0650000000000546, 1
, , 3025.0770000000002256, 1, , , 3025.0770000000002256, 0, , , 3025.0770000000002256, 0, , , 3025.0770000000002256, 1
, , 3025.0819999999998799, 1, , , 3025.0819999999998799, 0, , , 3025.0819999999998799, 0, , , 3025.0819999999998799, 1
, , 3025.0880000000001928, 1, , , 3025.0880000000001928, 0, , , 3025.0880000000001928, 0, , , 3025.0880000000001928, 1
, , 3025.0929999999998472, 1, , , 3025.0929999999998472, 0, , , 3025.0929999999998472, 0, , , 3025.0929999999998472, 1
, , 3025.0970000000002074, 1, , , 3025.0970000000002074, 0, , , 3025.0970000000002074, 0, , , 3025.0970000000002074, 1
, , 3025.1030000000000655, 1, , , 3025.1030000000000655, 0, , , 3025.1030000000000655, 0, , , 3025.1030000000000655, 1
, , 3025.1080000000001746, 1, , , 3025.1080000000001746, 0, , , 3025.1080000000001746, 0, , , 3025.1080000000001746, 1
, , 3025.112999999999829, 1, , , 3025.112999999999829, 0, , , 3025.112999999999829, 0, , , 3025.112999999999829, 1
, , 3025.1179999999999382, 1, , , 3025.1179999999999382, 0, , , 3025.1179999999999382, 0, , , 3025.1179999999999382, 1
, , 3025.1230000000000473, 1, , , 3025.1230000000000473, 0, , , 3025.1230000000000473, 0, , , 3025.1230000000000473, 1
, , 3025.1280000000001564, 1, , , 3025.1280000000001564, 0, , , 3025.1280000000001564, 0, , , 3025.1280000000001564, 1
, , 3025.1329999999998108, 1, , , 3025.1329999999998108, 0, , , 3025.1329999999998108, 0, , , 3025.1329999999998108, 1
, , 3025.13799999999992, 1, , , 3025.13799999999992, 0, , , 3025.13799999999992, 0, , , 3025.13799999999992, 1
, , 3025.1430000000000291, 1, , , 3025.1430000000000291, 0, , , 3025.1430000000000291, 0, , , 3025.1430000000000291, 1
, , 3025.1480000000001382, 1, , , 3025.1480000000001382, 0, , , 3025.1480000000001382, 0, , , 3025.1480000000001382, 1
, , 3025.1529999999997926, 1, , , 3025.1529999999997926, 0, , , 3025.1529999999997926, 0, , , 3025.1529999999997926, 1
, , 3025.1579999999999018, 1, , , 3025.1579999999999018, 0, , , 3025.1579999999999018, 0, , , 3025.1579999999999018, 1
, , 3025.1640000000002146, 1, , , 3025.1640000000002146, 0, , , 3025.1640000000002146, 0, , , 3025.1640000000002146, 1
, , 3025.1680000000001201, 1, , , 3025.1680000000001201, 0, , , 3025.1680000000001201, 0, , , 3025.1680000000001201, 1
, , 3025.1729999999997744, 1, , , 3025.1729999999997744, 0, , , 3025.1729999999997744, 0, , , 3025.1729999999997744, 1
, , 3025.1779999999998836, 1, , , 3025.1779999999998836, 0, , , 3025.1779999999998836, 0, , , 3025.1779999999998836, 1
, , 3025.1829999999999927, 1, , , 3025.1829999999999927, 0, , , 3025.1829999999999927, 0, , , 3025.1829999999999927, 1
, , 3025.1880000000001019, 1, , , 3025.1880000000001019, 0, , , 3025.1880000000001019, 0, , , 3025.1880000000001019, 1
, , 3025.193000000000211, 1, , , 3025.193000000000211, 0, , , 3025.193000000000211, 0, , , 3025.193000000000211, 1
, , 3025.1990000000000691, 1, , , 3025.1990000000000691, 1, , , 3025.1990000000000691, 1, , , 3025.1990000000000691, 1
, , 3025.2029999999999745, 1, , , 3025.2029999999999745, 1, , , 3025.2029999999999745, 1, , , 3025.2029999999999745, 1
, , 3025.2080000000000837, 1, , , 3025.2080000000000837, 1, , , 3025.2080000000000837, 1, , , 3025.2080000000000837, 1
, , 3025.2130000000001928, 1, , , 3025.2130000000001928, 1, , , 3025.2130000000001928, 1, , , 3025.2130000000001928, 1
, , 3025.2190000000000509, 1, , , 3025.2190000000000509, 1, , , 3025.2190000000000509, 1, , , 3025.2190000000000509, 1
, , 3025.2240000000001601, 1, , , 3025.2240000000001601, 1, , , 3025.2240000000001601, 1, , , 3025.2240000000001601, 1
, , 3025.2289999999998145, 1, , , 3025.2289999999998145, 1, , , 3025.2289999999998145, 1, , , 3025.2289999999998145, 1
, , 3025.2330000000001746, 1, , , 3025.2330000000001746, 1, , , 3025.2330000000001746, 1, , , 3025.2330000000001746, 1
, , 3025.237999999999829, 1, , , 3025.237999999999829, 1, , , 3025.237999999999829, 1, , , 3025.237999999999829, 1
, , 3025.2429999999999382, 1, , , 3025.2429999999999382, 1, , , 3025.2429999999999382, 1, , , 3025.2429999999999382, 1
, , 3025.2469999999998436, 1, , , 3025.2469999999998436, 1, , , 3025.2469999999998436, 1, , , 3025.2469999999998436, 1
, , 3025.2530000000001564, 1, , , 3025.2530000000001564, 1, , , 3025.2530000000001564, 1, , , 3025.2530000000001564, 1
, , 3025.2579999999998108, 1, , , 3025.2579999999998108, 1, , , 3025.2579999999998108, 1, , , 3025.2579999999998108, 1
, , 3025.2640000000001237, 1, , , 3025.2640000000001237, 1, , , 3025.2640000000001237, 1, , , 3025.2640000000001237, 1
, , 3025.2680000000000291, 1, , , 3025.2680000000000291, 1, , , 3025.2680000000000291, 1, , , 3025.2680000000000291, 1
, , 3025.2730000000001382, 0, , , 3025.2730000000001382, 1, , , 3025.2730000000001382, 1, , , 3025.2730000000001382, 0
, , 3025.2779999999997926, 0, , , 3025.2779999999997926, 1, , , 3025.2779999999997926, 1, , , 3025.2779999999997926, 0
, , 3025.2829999999999018, 0, , , 3025.2829999999999018, 1, , , 3025.2829999999999018, 1, , , 3025.2829999999999018, 0
, , 3025.2869999999998072, 0, , , 3025.2869999999998072, 1, , , 3025.2869999999998072, 1, , , 3025.2869999999998072, 0
, , 3025.2930000000001201, 0, , , 3025.2930000000001201, 1, , , 3025.2930000000001201, 1, , , 3025.2930000000001201, 0
, , 3025.3000000000001819, 0, , , 3025.3000000000001819, 1, , , 3025.3000000000001819, 1, , , 3025.3000000000001819, 0
, , 3025.3029999999998836, 0, , , 3025.3029999999998836, 1, , , 3025.3029999999998836, 1, , , 3025.3029999999998836, 0
, , 3025.3079999999999927, 0, , , 3025.3079999999999927, 1, , , 3025.3079999999999927, 1, , , 3025.3079999999999927, 0
, , 3025.3130000000001019, 0, , , 3025.3130000000001019, 1, , , 3025.3130000000001019, 1, , , 3025.3130000000001019, 0
, , 3025.318000000000211, 0, , , 3025.318000000000211, 1, , , 3025.318000000000211, 1, , , 3025.318000000000211, 0
, , 3025.3240000000000691, 0, , , 3025.3240000000000691, 1, , , 3025.3240000000000691, 1, , , 3025.3240000000000691, 0
, , 3025.3279999999999745, 0, , , 3025.3279999999999745, 1, , , 3025.3279999999999745, 1, , , 3025.3279999999999745, 0
, , 3025.3330000000000837, 0, , , 3025.3330000000000837, 1, , , 3025.3330000000000837, 1, , , 3025.3330000000000837, 0
, , 3025.3389999999999418, 0, , , 3025.3389999999999418, 1, , , 3025.3389999999999418, 1, , , 3025.3389999999999418, 0
, , 3025.3429999999998472, 0, , , 3025.3429999999998472, 1, , , 3025.3429999999998472, 1, , , 3025.3429999999998472, 0
, , 3025.3479999999999563, 0, , , 3025.3479999999999563, 1, , , 3025.3479999999999563, 1, , , 3025.3479999999999563, 0
, , 3025.3530000000000655, 0, , , 3025.3530000000000655, 1, , , 3025.3530000000000655, 1, , , 3025.3530000000000655, 0
, , 3025.3580000000001746, 0, , , 3025.3580000000001746, 1, , , 3025.3580000000001746, 1, , , 3025.3580000000001746, 0
, , 3025.3640000000000327, 0, , , 3025.3640000000000327, 1, , , 3025.3640000000000327, 1, , , 3025.3640000000000327, 0
, , 3025.3679999999999382, 0, , , 3025.3679999999999382, 1, , , 3025.3679999999999382, 1, , , 3025.3679999999999382, 0
, , 3025.3730000000000473, 0, , , 3025.3730000000000473, 1, , , 3025.3730000000000473, 1, , , 3025.3730000000000473, 0
, , 3025.3769999999999527, 0, , , 3025.3769999999999527, 1, , , 3025.3769999999999527, 1, , , 3025.3769999999999527, 0
, , 3025.3829999999998108, 0, , , 3025.3829999999998108, 1, , , 3025.3829999999998108, 1, , , 3025.3829999999998108, 0
, , 3025.38799999999992, 0, , , 3025.38799999999992, 1, , , 3025.38799999999992, 1, , , 3025.38799999999992, 0
, , 3025.3930000000000291, 0, , , 3025.3930000000000291, 1, , , 3025.3930000000000291, 1, , , 3025.3930000000000291, 0
, , 3025.3980000000001382, 0, , , 3025.3980000000001382, 1, , , 3025.3980000000001382, 1, , , 3025.3980000000001382, 0
, , 3025.4039999999999964, 0, , , 3025.4039999999999964, 1, , , 3025.4039999999999964, 1, , , 3025.4039999999999964, 0
, , 3025.4079999999999018, 0, , , 3025.4079999999999018, 1, , , 3025.4079999999999018, 1, , , 3025.4079999999999018, 0
, , 3025.4130000000000109, 0, , , 3025.4130000000000109, 1, , , 3025.4130000000000109, 1, , , 3025.4130000000000109, 0
, , 3025.418999999999869, 0, , , 3025.418999999999869, 1, , , 3025.418999999999869, 1, , , 3025.418999999999869, 0
, , 3025.4239999999999782, 0, , , 3025.4239999999999782, 1, , , 3025.4239999999999782, 1, , , 3025.4239999999999782, 0
, , 3025.4279999999998836, 0, , , 3025.4279999999998836, 1, , , 3025.4279999999998836, 1, , , 3025.4279999999998836, 0
, , 3025.4340000000001965, 0, , , 3025.4340000000001965, 1, , , 3025.4340000000001965, 1, , , 3025.4340000000001965, 0
, , 3025.4380000000001019, 0, , , 3025.4380000000001019, 1, , , 3025.4380000000001019, 1, , , 3025.4380000000001019, 0
, , 3025.44399999999996, 0, , , 3025.44399999999996, 1, , , 3025.44399999999996, 1, , , 3025.44399999999996, 0
, , 3025.4490000000000691, 0, , , 3025.4490000000000691, 1, , , 3025.4490000000000691, 1, , , 3025.4490000000000691, 0
, , 3025.4540000000001783, 0, , , 3025.4540000000001783, 1, , , 3025.4540000000001783, 1, , , 3025.4540000000001783, 0
, , 3025.4589999999998327, 0, , , 3025.4589999999998327, 1, , , 3025.4589999999998327, 1, , , 3025.4589999999998327, 0
, , 3025.4630000000001928, 0, , , 3025.4630000000001928, 1, , , 3025.4630000000001928, 1, , , 3025.4630000000001928, 0
, , 3025.4690000000000509, 0, , , 3025.4690000000000509, 1, , , 3025.4690000000000509, 1, , , 3025.4690000000000509, 0
, , 3025.4729999999999563, 0, , , 3025.4729999999999563, 1, , , 3025.4729999999999563, 1, , , 3025.4729999999999563, 0
, , 3025.4780000000000655, 0, , , 3025.4780000000000655, 1, , , 3025.4780000000000655, 1, , , 3025.4780000000000655, 0
, , 3025.4830000000001746, 0, , , 3025.4830000000001746, 1, , , 3025.4830000000001746, 1, , , 3025.4830000000001746, 0
, , 3025.4890000000000327, 0, , , 3025.4890000000000327, 1, , , 3025.4890000000000327, 1, , , 3025.4890000000000327, 0
, , 3025.4929999999999382, 0, , , 3025.4929999999999382, 1, , , 3025.4929999999999382, 1, , , 3025.4929999999999382, 0
, , 3025.4980000000000473, 0, , , 3025.4980000000000473, 1, , , 3025.4980000000000473, 1, , , 3025.4980000000000473, 0
, , 3025.5030000000001564, 0, , , 3025.5030000000001564, 1, , , 3025.5030000000001564, 1, , , 3025.5030000000001564, 0
, , 3025.5079999999998108, 0, , , 3025.5079999999998108, 1, , , 3025.5079999999998108, 1, , , 3025.5079999999998108, 0
, , 3025.51299999999992, 0, , , 3025.51299999999992, 1, , , 3025.51299999999992, 1, , , 3025.51299999999992, 0
, , 3025.5180000000000291, 0, , , 3025.5180000000000291, 1, , , 3025.5180000000000291, 1, , , 3025.5180000000000291, 0
, , 3025.5250000000000909, 1, , , 3025.5250000000000909, 1, , , 3025.5250000000000909, 1, , , 3025.5250000000000909, 1
, , 3025.5279999999997926, 1, , , 3025.5279999999997926, 1, , , 3025.5279999999997926, 1, , , 3025.5279999999997926, 1
, , 3025.5329999999999018, 1, , , 3025.5329999999999018, 1, , , 3025.5329999999999018, 1, , , 3025.5329999999999018, 1
, , 3025.5390000000002146, 1, , , 3025.5390000000002146, 1, , , 3025.5390000000002146, 1, , , 3025.5390000000002146, 1
, , 3025.5430000000001201, 1, , , 3025.5430000000001201, 1, , , 3025.5430000000001201, 1, , , 3025.5430000000001201, 1
, , 3025.5479999999997744, 1, , , 3025.5479999999997744, 1, , , 3025.5479999999997744, 1, , , 3025.5479999999997744, 1
, , 3025.5529999999998836, 1, , , 3025.5529999999998836, 1, , , 3025.5529999999998836, 1, , , 3025.5529999999998836, 1
, , 3025.5579999999999927, 1, , , 3025.5579999999999927, 1, , , 3025.5579999999999927, 1, , , 3025.5579999999999927, 1
, , 3025.5630000000001019, 1, , , 3025.5630000000001019, 1, , , 3025.5630000000001019, 1, , , 3025.5630000000001019, 1
, , 3025.56899999999996, 1, , , 3025.56899999999996, 1, , , 3025.56899999999996, 1, , , 3025.56899999999996, 1
, , 3025.5709999999999127, 1, , , 3025.5709999999999127, 1, , , 3025.5709999999999127, 1, , , 3025.5709999999999127, 1
, , 3025.5779999999999745, 1, , , 3025.5779999999999745, 1, , , 3025.5779999999999745, 1, , , 3025.5779999999999745, 1
, , 3025.5830000000000837, 1, , , 3025.5830000000000837, 1, , , 3025.5830000000000837, 1, , , 3025.5830000000000837, 1
, , 3025.5880000000001928, 1, , , 3025.5880000000001928, 1, , , 3025.5880000000001928, 1, , , 3025.5880000000001928, 1
, , 3025.5929999999998472, 1, , , 3025.5929999999998472, 1, , , 3025.5929999999998472, 1, , , 3025.5929999999998472, 1
, , 3025.5979999999999563, 1, , , 3025.5979999999999563, 0, , , 3025.5979999999999563, 0, , , 3025.5979999999999563, 1
, , 3025.6019999999998618, 1, , , 3025.6019999999998618, 0, , , 3025.6019999999998618, 0, , , 3025.6019999999998618, 1
, , 3025.6080000000001746, 1, , , 3025.6080000000001746, 0, , , 3025.6080000000001746, 0, , , 3025.6080000000001746, 1
, , 3025.612999999999829, 1, , , 3025.612999999999829, 0, , , 3025.612999999999829, 0, , , 3025.612999999999829, 1
, , 3025.6179999999999382, 1, , , 3025.6179999999999382, 0, , , 3025.6179999999999382, 0, , , 3025.6179999999999382, 1
, , 3025.6230000000000473, 1, , , 3025.6230000000000473, 0, , , 3025.6230000000000473, 0, , , 3025.6230000000000473, 1
, , 3025.6280000000001564, 1, , , 3025.6280000000001564, 0, , , 3025.6280000000001564, 0, , , 3025.6280000000001564, 1
, , 3025.6329999999998108, 1, , , 3025.6329999999998108, 0, , , 3025.6329999999998108, 0, , , 3025.6329999999998108, 1
, , 3025.6390000000001237, 1, , , 3025.6390000000001237, 0, , , 3025.6390000000001237, 0, , , 3025.6390000000001237, 1
, , 3025.6430000000000291, 1, , , 3025.6430000000000291, 0, , , 3025.6430000000000291, 0, , , 3025.6430000000000291, 1
, , 3025.6480000000001382, 1, , , 3025.6480000000001382, 0, , , 3025.6480000000001382, 0, , , 3025.6480000000001382, 1
, , 3025.6529999999997926, 1, , , 3025.6529999999997926, 0, , , 3025.6529999999997926, 0, , , 3025.6529999999997926, 1
, , 3025.6590000000001055, 1, , , 3025.6590000000001055, 0, , , 3025.6590000000001055, 0, , , 3025.6590000000001055, 1
, , 3025.6630000000000109, 1, , , 3025.6630000000000109, 0, , , 3025.6630000000000109, 0, , , 3025.6630000000000109, 1
, , 3025.6680000000001201, 1, , , 3025.6680000000001201, 0, , , 3025.6680000000001201, 0, , , 3025.6680000000001201, 1
, , 3025.6729999999997744, 1, , , 3025.6729999999997744, 0, , , 3025.6729999999997744, 0, , , 3025.6729999999997744, 1
, , 3025.6790000000000873, 1, , , 3025.6790000000000873, 0, , , 3025.6790000000000873, 0, , , 3025.6790000000000873, 1
, , 3025.6849999999999454, 1, , , 3025.6849999999999454, 0, , , 3025.6849999999999454, 0, , , 3025.6849999999999454, 1
, , 3025.6880000000001019, 1, , , 3025.6880000000001019, 0, , , 3025.6880000000001019, 0, , , 3025.6880000000001019, 1
, , 3025.693000000000211, 1, , , 3025.693000000000211, 0, , , 3025.693000000000211, 0, , , 3025.693000000000211, 1
, , 3025.6979999999998654, 1, , , 3025.6979999999998654, 0, , , 3025.6979999999998654, 0, , , 3025.6979999999998654, 1
, , 3025.7020000000002256, 1, , , 3025.7020000000002256, 0, , , 3025.7020000000002256, 0, , , 3025.7020000000002256, 1
, , 3025.7080000000000837, 1, , , 3025.7080000000000837, 0, , , 3025.7080000000000837, 0, , , 3025.7080000000000837, 1
, , 3025.7130000000001928, 1, , , 3025.7130000000001928, 0, , , 3025.7130000000001928, 0, , , 3025.7130000000001928, 1
, , 3025.7179999999998472, 1, , , 3025.7179999999998472, 0, , , 3025.7179999999998472, 0, , , 3025.7179999999998472, 1
, , 3025.7229999999999563, 1, , , 3025.7229999999999563, 0, , , 3025.7229999999999563, 0, , , 3025.7229999999999563, 1
, , 3025.7280000000000655, 1, , , 3025.7280000000000655, 0, , , 3025.7280000000000655, 0, , , 3025.7280000000000655, 1
, , 3025.7330000000001746, 1, , , 3025.7330000000001746, 0, , , 3025.7330000000001746, 0, , , 3025.7330000000001746, 1
, , 3025.737999999999829, 1, , , 3025.737999999999829, 0, , , 3025.737999999999829, 0, , , 3025.737999999999829, 1
, , 3025.7429999999999382, 1, , , 3025.7429999999999382, 0, , , 3025.7429999999999382, 0, , , 3025.7429999999999382, 1
, , 3025.7480000000000473, 1, , , 3025.7480000000000473, 0, , , 3025.7480000000000473, 0, , , 3025.7480000000000473, 1
, , 3025.7530000000001564, 1, , , 3025.7530000000001564, 0, , , 3025.7530000000001564, 0, , , 3025.7530000000001564, 1
, , 3025.7590000000000146, 1, , , 3025.7590000000000146, 0, , , 3025.7590000000000146, 0, , , 3025.7590000000000146, 1
, , 3025.76299999999992, 1, , , 3025.76299999999992, 0, , , 3025.76299999999992, 0, , , 3025.76299999999992, 1
, , 3025.7680000000000291, 1, , , 3025.7680000000000291, 0, , , 3025.7680000000000291, 0, , , 3025.7680000000000291, 1
, , 3025.7719999999999345, 1, , , 3025.7719999999999345, 0, , , 3025.7719999999999345, 0, , , 3025.7719999999999345, 1
, , 3025.7789999999999964, 1, , , 3025.7789999999999964, 0, , , 3025.7789999999999964, 0, , , 3025.7789999999999964, 1
, , 3025.7849999999998545, 1, , , 3025.7849999999998545, 0, , , 3025.7849999999998545, 0, , , 3025.7849999999998545, 1
, , 3025.7880000000000109, 1, , , 3025.7880000000000109, 0, , , 3025.7880000000000109, 0, , , 3025.7880000000000109, 1
, , 3025.7930000000001201, 1, , , 3025.7930000000001201, 0, , , 3025.7930000000001201, 0, , , 3025.7930000000001201, 1
, , 3025.7989999999999782, 1, , , 3025.7989999999999782, 0, , , 3025.7989999999999782, 0, , , 3025.7989999999999782, 1
, , 3025.8029999999998836, 1, , , 3025.8029999999998836, 0, , , 3025.8029999999998836, 0, , , 3025.8029999999998836, 1
, , 3025.8079999999999927, 1, , , 3025.8079999999999927, 0, , , 3025.8079999999999927, 0, , , 3025.8079999999999927, 1
, , 3025.8130000000001019, 1, , , 3025.8130000000001019, 0, , , 3025.8130000000001019, 0, , , 3025.8130000000001019, 1
, , 3025.818000000000211, 1, , , 3025.818000000000211, 0, , , 3025.818000000000211, 0, , , 3025.818000000000211, 1
, , 3025.8229999999998654, 1, , , 3025.8229999999998654, 0, , , 3025.8229999999998654, 0, , , 3025.8229999999998654, 1
, , 3025.8290000000001783, 1, , , 3025.8290000000001783, 0, , , 3025.8290000000001783, 0, , , 3025.8290000000001783, 1
, , 3025.8330000000000837, 1, , , 3025.8330000000000837, 0, , , 3025.8330000000000837, 0, , , 3025.8330000000000837, 1
, , 3025.8380000000001928, 1, , , 3025.8380000000001928, 0, , , 3025.8380000000001928, 0, , , 3025.8380000000001928, 1
, , 3025.8440000000000509, 1, , , 3025.8440000000000509, 0, , , 3025.8440000000000509, 0, , , 3025.8440000000000509, 1
, , 3025.8490000000001601, 1, , , 3025.8490000000001601, 1, , , 3025.8490000000001601, 1, , , 3025.8490000000001601, 1
, , 3025.8530000000000655, 1, , , 3025.8530000000000655, 1, , , 3025.8530000000000655, 1, , , 3025.8530000000000655, 1
, , 3025.8580000000001746, 1, , , 3025.8580000000001746, 1, , , 3025.8580000000001746, 1, , , 3025.8580000000001746, 1
, , 3025.862999999999829, 1, , , 3025.862999999999829, 1, , , 3025.862999999999829, 1, , , 3025.862999999999829, 1
, , 3025.8690000000001419, 1, , , 3025.8690000000001419, 1, , , 3025.8690000000001419, 1, , , 3025.8690000000001419, 1
, , 3025.8730000000000473, 1, , , 3025.8730000000000473, 1, , , 3025.8730000000000473, 1, , , 3025.8730000000000473, 1
, , 3025.8780000000001564, 1, , , 3025.8780000000001564, 1, , , 3025.8780000000001564, 1, , , 3025.8780000000001564, 1
, , 3025.8829999999998108, 1, , , 3025.8829999999998108, 1, , , 3025.8829999999998108, 1, , , 3025.8829999999998108, 1
, , 3025.88799999999992, 1, , , 3025.88799999999992, 1, , , 3025.88799999999992, 1, , , 3025.88799999999992, 1
, , 3025.8930000000000291, 1, , , 3025.8930000000000291, 1, , , 3025.8930000000000291, 1, , , 3025.8930000000000291, 1
, , 3025.8980000000001382, 1, , , 3025.8980000000001382, 1, , , 3025.8980000000001382, 1, , , 3025.8980000000001382, 1
, , 3025.9029999999997926, 1, , , 3025.9029999999997926, 1, , , 3025.9029999999997926, 1, , , 3025.9029999999997926, 1
, , 3025.9079999999999018, 1, , , 3025.9079999999999018, 1, , , 3025.9079999999999018, 1, , , 3025.9079999999999018, 1
, , 3025.9149999999999636, 1, , , 3025.9149999999999636, 1, , , 3025.9149999999999636, 1, , , 3025.9149999999999636, 1
, , 3025.918999999999869, 1, , , 3025.918999999999869, 1, , , 3025.918999999999869, 1, , , 3025.918999999999869, 1
, , 3025.9229999999997744, 0, , , 3025.9229999999997744, 1, , , 3025.9229999999997744, 1, , , 3025.9229999999997744, 0
, , 3025.9279999999998836, 0, , , 3025.9279999999998836, 1, , , 3025.9279999999998836, 1, , , 3025.9279999999998836, 0
, , 3025.9340000000001965, 0, , , 3025.9340000000001965, 1, , , 3025.9340000000001965, 1, , , 3025.9340000000001965, 0
, , 3025.9389999999998508, 0, , , 3025.9389999999998508, 1, , , 3025.9389999999998508, 1, , , 3025.9389999999998508, 0
, , 3025.943000000000211, 0, , , 3025.943000000000211, 1, , , 3025.943000000000211, 1, , , 3025.943000000000211, 0
, , 3025.9479999999998654, 0, , , 3025.9479999999998654, 1, , , 3025.9479999999998654, 1, , , 3025.9479999999998654, 0
, , 3025.9529999999999745, 0, , , 3025.9529999999999745, 1, , , 3025.9529999999999745, 1, , , 3025.9529999999999745, 0
, , 3025.9589999999998327, 0, , , 3025.9589999999998327, 1, , , 3025.9589999999998327, 1, , , 3025.9589999999998327, 0
, , 3025.9630000000001928, 0, , , 3025.9630000000001928, 1, , , 3025.9630000000001928, 1, , , 3025.9630000000001928, 0
, , 3025.9679999999998472, 0, , , 3025.9679999999998472, 1, , , 3025.9679999999998472, 1, , , 3025.9679999999998472, 0
, , 3025.9740000000001601, 0, , , 3025.9740000000001601, 1, , , 3025.9740000000001601, 1, , , 3025.9740000000001601, 0
, , 3025.9780000000000655, 0, , , 3025.9780000000000655, 1, , , 3025.9780000000000655, 1, , , 3025.9780000000000655, 0
, , 3025.9839999999999236, 0, , , 3025.9839999999999236, 1, , , 3025.9839999999999236, 1, , , 3025.9839999999999236, 0
, , 3025.9899999999997817, 0, , , 3025.9899999999997817, 1, , , 3025.9899999999997817, 1, , , 3025.9899999999997817, 0
, , 3025.9929999999999382, 0, , , 3025.9929999999999382, 1, , , 3025.9929999999999382, 1, , , 3025.9929999999999382, 0
, , 3025.9980000000000473, 0, , , 3025.9980000000000473, 1, , , 3025.9980000000000473, 1, , , 3025.9980000000000473, 0
, , 3026.0030000000001564, 0, , , 3026.0030000000001564, 1, , , 3026.0030000000001564, 1, , , 3026.0030000000001564, 0
, , 3026.0079999999998108, 0, , , 3026.0079999999998108, 1, , , 3026.0079999999998108, 1, , , 3026.0079999999998108, 0
, , 3026.0140000000001237, 0, , , 3026.0140000000001237, 1, , , 3026.0140000000001237, 1, , , 3026.0140000000001237, 0
, , 3026.0180000000000291, 0, , , 3026.0180000000000291, 1, , , 3026.0180000000000291, 1, , , 3026.0180000000000291, 0
, , 3026.0230000000001382, 0, , , 3026.0230000000001382, 1, , , 3026.0230000000001382, 1, , , 3026.0230000000001382, 0
, , 3026.0289999999999964, 0, , , 3026.0289999999999964, 1, , , 3026.0289999999999964, 1, , , 3026.0289999999999964, 0
, , 3026.0329999999999018, 0, , , 3026.0329999999999018, 1, , , 3026.0329999999999018, 1, , , 3026.0329999999999018, 0
, , 3026.0380000000000109, 0, , , 3026.0380000000000109, 1, , , 3026.0380000000000109, 1, , , 3026.0380000000000109, 0
, , 3026.0430000000001201, 0, , , 3026.0430000000001201, 1, , , 3026.0430000000001201, 1, , , 3026.0430000000001201, 0
, , 3026.0479999999997744, 0, , , 3026.0479999999997744, 1, , , 3026.0479999999997744, 1, , , 3026.0479999999997744, 0
, , 3026.0520000000001346, 0, , , 3026.0520000000001346, 1, , , 3026.0520000000001346, 1, , , 3026.0520000000001346, 0
, , 3026.0579999999999927, 0, , , 3026.0579999999999927, 1, , , 3026.0579999999999927, 1, , , 3026.0579999999999927, 0
, , 3026.0630000000001019, 0, , , 3026.0630000000001019, 1, , , 3026.0630000000001019, 1, , , 3026.0630000000001019, 0
, , 3026.0740000000000691, 0, , , 3026.0740000000000691, 1, , , 3026.0740000000000691, 1, , , 3026.0740000000000691, 0
, , 3026.0740000000000691, 0, , , 3026.0740000000000691, 1, , , 3026.0740000000000691, 1, , , 3026.0740000000000691, 0
, , 3026.0779999999999745, 0, , , 3026.0779999999999745, 1, , , 3026.0779999999999745, 1, , , 3026.0779999999999745, 0
, , 3026.0839999999998327, 0, , , 3026.0839999999998327, 1, , , 3026.0839999999998327, 1, , , 3026.0839999999998327, 0
, , 3026.0880000000001928, 0, , , 3026.0880000000001928, 1, , , 3026.0880000000001928, 1, , , 3026.0880000000001928, 0
, , 3026.0929999999998472, 0, , , 3026.0929999999998472, 1, , , 3026.0929999999998472, 1, , , 3026.0929999999998472, 0
, , 3026.0979999999999563, 0, , , 3026.0979999999999563, 1, , , 3026.0979999999999563, 1, , , 3026.0979999999999563, 0
, , 3026.1030000000000655, 0, , , 3026.1030000000000655, 1, , , 3026.1030000000000655, 1, , , 3026.1030000000000655, 0
, , 3026.1089999999999236, 0, , , 3026.1089999999999236, 1, , , 3026.1089999999999236, 1, , , 3026.1089999999999236, 0
, , 3026.112999999999829, 0, , , 3026.112999999999829, 1, , , 3026.112999999999829, 1, , , 3026.112999999999829, 0
, , 3026.1190000000001419, 0, , , 3026.1190000000001419, 1, , , 3026.1190000000001419, 1, , , 3026.1190000000001419, 0
, , 3026.1230000000000473, 0, , , 3026.1230000000000473, 1, , , 3026.1230000000000473, 1, , , 3026.1230000000000473, 0
, , 3026.1280000000001564, 0, , , 3026.1280000000001564, 1, , , 3026.1280000000001564, 1, , , 3026.1280000000001564, 0
, , 3026.1329999999998108, 0, , , 3026.1329999999998108, 1, , , 3026.1329999999998108, 1, , , 3026.1329999999998108, 0
, , 3026.13799999999992, 0, , , 3026.13799999999992, 1, , , 3026.13799999999992, 1, , , 3026.13799999999992, 0
, , 3026.1430000000000291, 0, , , 3026.1430000000000291, 1, , , 3026.1430000000000291, 1, , , 3026.1430000000000291, 0
, , 3026.1489999999998872, 0, , , 3026.1489999999998872, 1, , , 3026.1489999999998872, 1, , , 3026.1489999999998872, 0
, , 3026.1529999999997926, 0, , , 3026.1529999999997926, 1, , , 3026.1529999999997926, 1, , , 3026.1529999999997926, 0
, , 3026.1579999999999018, 0, , , 3026.1579999999999018, 1, , , 3026.1579999999999018, 1, , , 3026.1579999999999018, 0
, , 3026.1630000000000109, 0, , , 3026.1630000000000109, 1, , , 3026.1630000000000109, 1, , , 3026.1630000000000109, 0
, , 3026.168999999999869, 0, , , 3026.168999999999869, 1, , , 3026.168999999999869, 1, , , 3026.168999999999869, 0
, , 3026.1739999999999782, 1, , , 3026.1739999999999782, 1, , , 3026.1739999999999782, 1, , , 3026.1739999999999782, 1
, , 3026.1779999999998836, 1, , , 3026.1779999999998836, 1, , , 3026.1779999999998836, 1, , , 3026.1779999999998836, 1
, , 3026.181999999999789, 1, , , 3026.181999999999789, 1, , , 3026.181999999999789, 1, , , 3026.181999999999789, 1
, , 3026.1880000000001019, 1, , , 3026.1880000000001019, 1, , , 3026.1880000000001019, 1, , , 3026.1880000000001019, 1
, , 3026.193000000000211, 1, , , 3026.193000000000211, 1, , , 3026.193000000000211, 1, , , 3026.193000000000211, 1
, , 3026.1979999999998654, 1, , , 3026.1979999999998654, 1, , , 3026.1979999999998654, 1, , , 3026.1979999999998654, 1
, , 3026.2029999999999745, 1, , , 3026.2029999999999745, 1, , , 3026.2029999999999745, 1, , , 3026.2029999999999745, 1
, , 3026.2080000000000837, 1, , , 3026.2080000000000837, 1, , , 3026.2080000000000837, 1, , , 3026.2080000000000837, 1
, , 3026.2130000000001928, 1, , , 3026.2130000000001928, 1, , , 3026.2130000000001928, 1, , , 3026.2130000000001928, 1
, , 3026.2179999999998472, 1, , , 3026.2179999999998472, 1, , , 3026.2179999999998472, 1, , , 3026.2179999999998472, 1
, , 3026.2229999999999563, 1, , , 3026.2229999999999563, 1, , , 3026.2229999999999563, 1, , , 3026.2229999999999563, 1
, , 3026.2280000000000655, 1, , , 3026.2280000000000655, 1, , , 3026.2280000000000655, 1, , , 3026.2280000000000655, 1
, , 3026.2319999999999709, 1, , , 3026.2319999999999709, 1, , , 3026.2319999999999709, 1, , , 3026.2319999999999709, 1
, , 3026.237999999999829, 1, , , 3026.237999999999829, 1, , , 3026.237999999999829, 1, , , 3026.237999999999829, 1
, , 3026.2429999999999382, 1, , , 3026.2429999999999382, 1, , , 3026.2429999999999382, 1, , , 3026.2429999999999382, 1
, , 3026.2489999999997963, 1, , , 3026.2489999999997963, 0, , , 3026.2489999999997963, 0, , , 3026.2489999999997963, 1
, , 3026.2530000000001564, 1, , , 3026.2530000000001564, 0, , , 3026.2530000000001564, 0, , , 3026.2530000000001564, 1
, , 3026.2570000000000618, 1, , , 3026.2570000000000618, 0, , , 3026.2570000000000618, 0, , , 3026.2570000000000618, 1
, , 3026.26299999999992, 1, , , 3026.26299999999992, 0, , , 3026.26299999999992, 0, , , 3026.26299999999992, 1
, , 3026.2680000000000291, 1, , , 3026.2680000000000291, 0, , , 3026.2680000000000291, 0, , , 3026.2680000000000291, 1
, , 3026.2730000000001382, 1, , , 3026.2730000000001382, 0, , , 3026.2730000000001382, 0, , , 3026.2730000000001382, 1
, , 3026.2789999999999964, 1, , , 3026.2789999999999964, 0, , , 3026.2789999999999964, 0, , , 3026.2789999999999964, 1
, , 3026.2829999999999018, 1, , , 3026.2829999999999018, 0, , , 3026.2829999999999018, 0, , , 3026.2829999999999018, 1
, , 3026.2860000000000582, 1, , , 3026.2860000000000582, 0, , , 3026.2860000000000582, 0, , , 3026.2860000000000582, 1
, , 3026.2930000000001201, 1, , , 3026.2930000000001201, 0, , , 3026.2930000000001201, 0, , , 3026.2930000000001201, 1
, , 3026.2989999999999782, 1, , , 3026.2989999999999782, 0, , , 3026.2989999999999782, 0, , , 3026.2989999999999782, 1
, , 3026.3020000000001346, 1, , , 3026.3020000000001346, 0, , , 3026.3020000000001346, 0, , , 3026.3020000000001346, 1
, , 3026.3079999999999927, 1, , , 3026.3079999999999927, 0, , , 3026.3079999999999927, 0, , , 3026.3079999999999927, 1
, , 3026.3139999999998508, 1, , , 3026.3139999999998508, 0, , , 3026.3139999999998508, 0, , , 3026.3139999999998508, 1
, , 3026.318000000000211, 1, , , 3026.318000000000211, 0, , , 3026.318000000000211, 0, , , 3026.318000000000211, 1
, , 3026.3229999999998654, 1, , , 3026.3229999999998654, 0, , , 3026.3229999999998654, 0, , , 3026.3229999999998654, 1
, , 3026.3279999999999745, 1, , , 3026.3279999999999745, 0, , , 3026.3279999999999745, 0, , , 3026.3279999999999745, 1
, , 3026.3339999999998327, 1, , , 3026.3339999999998327, 0, , , 3026.3339999999998327, 0, , , 3026.3339999999998327, 1
, , 3026.3380000000001928, 1, , , 3026.3380000000001928, 0, , , 3026.3380000000001928, 0, , , 3026.3380000000001928, 1
, , 3026.3429999999998472, 1, , , 3026.3429999999998472, 0, , , 3026.3429999999998472, 0, , , 3026.3429999999998472, 1
, , 3026.3479999999999563, 1, , , 3026.3479999999999563, 0, , , 3026.3479999999999563, 0, , , 3026.3479999999999563, 1
, , 3026.3539999999998145, 1, , , 3026.3539999999998145, 0, , , 3026.3539999999998145, 0, , , 3026.3539999999998145, 1
, , 3026.3589999999999236, 1, , , 3026.3589999999999236, 0, , , 3026.3589999999999236, 0, , , 3026.3589999999999236, 1
, , 3026.3640000000000327, 1, , , 3026.3640000000000327, 0, , , 3026.3640000000000327, 0, , , 3026.3640000000000327, 1
, , 3026.3699999999998909, 1, , , 3026.3699999999998909, 0, , , 3026.3699999999998909, 0, , , 3026.3699999999998909, 1
, , 3026.3730000000000473, 1, , , 3026.3730000000000473, 0, , , 3026.3730000000000473, 0, , , 3026.3730000000000473, 1
, , 3026.3780000000001564, 1, , , 3026.3780000000001564, 0, , , 3026.3780000000001564, 0, , , 3026.3780000000001564, 1
, , 3026.3840000000000146, 1, , , 3026.3840000000000146, 0, , , 3026.3840000000000146, 0, , , 3026.3840000000000146, 1
, , 3026.38799999999992, 1, , , 3026.38799999999992, 0, , , 3026.38799999999992, 0, , , 3026.38799999999992, 1
, , 3026.3960000000001855, 1, , , 3026.3960000000001855, 0, , , 3026.3960000000001855, 0, , , 3026.3960000000001855, 1
, , 3026.3980000000001382, 1, , , 3026.3980000000001382, 0, , , 3026.3980000000001382, 0, , , 3026.3980000000001382, 1
, , 3026.4029999999997926, 1, , , 3026.4029999999997926, 0, , , 3026.4029999999997926, 0, , , 3026.4029999999997926, 1
, , 3026.4079999999999018, 1, , , 3026.4079999999999018, 0, , , 3026.4079999999999018, 0, , , 3026.4079999999999018, 1
, , 3026.4130000000000109, 1, , , 3026.4130000000000109, 0, , , 3026.4130000000000109, 0, , , 3026.4130000000000109, 1
, , 3026.418999999999869, 1, , , 3026.418999999999869, 0, , , 3026.418999999999869, 0, , , 3026.418999999999869, 1
, , 3026.4229999999997744, 1, , , 3026.4229999999997744, 0, , , 3026.4229999999997744, 0, , , 3026.4229999999997744, 1
, , 3026.4279999999998836, 1, , , 3026.4279999999998836, 0, , , 3026.4279999999998836, 0, , , 3026.4279999999998836, 1
, , 3026.4329999999999927, 1, , , 3026.4329999999999927, 0, , , 3026.4329999999999927, 0, , , 3026.4329999999999927, 1
, , 3026.4380000000001019, 1, , , 3026.4380000000001019, 0, , , 3026.4380000000001019, 0, , , 3026.4380000000001019, 1
, , 3026.443000000000211, 1, , , 3026.443000000000211, 0, , , 3026.443000000000211, 0, , , 3026.443000000000211, 1
, , 3026.4479999999998654, 1, , , 3026.4479999999998654, 0, , , 3026.4479999999998654, 0, , , 3026.4479999999998654, 1
, , 3026.4540000000001783, 1, , , 3026.4540000000001783, 0, , , 3026.4540000000001783, 0, , , 3026.4540000000001783, 1
, , 3026.4580000000000837, 1, , , 3026.4580000000000837, 0, , , 3026.4580000000000837, 0, , , 3026.4580000000000837, 1
, , 3026.4639999999999418, 1, , , 3026.4639999999999418, 0, , , 3026.4639999999999418, 0, , , 3026.4639999999999418, 1
, , 3026.4679999999998472, 1, , , 3026.4679999999998472, 0, , , 3026.4679999999998472, 0, , , 3026.4679999999998472, 1
, , 3026.4729999999999563, 1, , , 3026.4729999999999563, 0, , , 3026.4729999999999563, 0, , , 3026.4729999999999563, 1
, , 3026.4760000000001128, 1, , , 3026.4760000000001128, 0, , , 3026.4760000000001128, 0, , , 3026.4760000000001128, 1
, , 3026.4830000000001746, 1, , , 3026.4830000000001746, 0, , , 3026.4830000000001746, 0, , , 3026.4830000000001746, 1
, , 3026.48700000000008, 1, , , 3026.48700000000008, 0, , , 3026.48700000000008, 0, , , 3026.48700000000008, 1
, , 3026.4929999999999382, 1, , , 3026.4929999999999382, 0, , , 3026.4929999999999382, 0, , , 3026.4929999999999382, 1
, , 3026.4989999999997963, 1, , , 3026.4989999999997963, 1, , , 3026.4989999999997963, 1, , , 3026.4989999999997963, 1
, , 3026.5039999999999054, 1, , , 3026.5039999999999054, 1, , , 3026.5039999999999054, 1, , , 3026.5039999999999054, 1
, , 3026.5079999999998108, 1, , , 3026.5079999999998108, 1, , , 3026.5079999999998108, 1, , , 3026.5079999999998108, 1
, , 3026.512000000000171, 1, , , 3026.512000000000171, 1, , , 3026.512000000000171, 1, , , 3026.512000000000171, 1
, , 3026.5189999999997781, 1, , , 3026.5189999999997781, 1, , , 3026.5189999999997781, 1, , , 3026.5189999999997781, 1
, , 3026.5230000000001382, 1, , , 3026.5230000000001382, 1, , , 3026.5230000000001382, 1, , , 3026.5230000000001382, 1
, , 3026.5289999999999964, 1, , , 3026.5289999999999964, 1, , , 3026.5289999999999964, 1, , , 3026.5289999999999964, 1
, , 3026.5329999999999018, 1, , , 3026.5329999999999018, 1, , , 3026.5329999999999018, 1, , , 3026.5329999999999018, 1
, , 3026.5390000000002146, 1, , , 3026.5390000000002146, 1, , , 3026.5390000000002146, 1, , , 3026.5390000000002146, 1
, , 3026.5430000000001201, 1, , , 3026.5430000000001201, 1, , , 3026.5430000000001201, 1, , , 3026.5430000000001201, 1
, , 3026.5479999999997744, 1, , , 3026.5479999999997744, 1, , , 3026.5479999999997744, 1, , , 3026.5479999999997744, 1
, , 3026.5529999999998836, 1, , , 3026.5529999999998836, 1, , , 3026.5529999999998836, 1, , , 3026.5529999999998836, 1
, , 3026.5579999999999927, 1, , , 3026.5579999999999927, 1, , , 3026.5579999999999927, 1, , , 3026.5579999999999927, 1
, , 3026.5639999999998508, 1, , , 3026.5639999999998508, 1, , , 3026.5639999999998508, 1, , , 3026.5639999999998508, 1
, , 3026.5700000000001637, 1, , , 3026.5700000000001637, 1, , , 3026.5700000000001637, 1, , , 3026.5700000000001637, 1
, , 3026.5729999999998654, 0, , , 3026.5729999999998654, 1, , , 3026.5729999999998654, 1, , , 3026.5729999999998654, 0
, , 3026.5790000000001783, 0, , , 3026.5790000000001783, 1, , , 3026.5790000000001783, 1, , , 3026.5790000000001783, 0
, , 3026.5830000000000837, 0, , , 3026.5830000000000837, 1, , , 3026.5830000000000837, 1, , , 3026.5830000000000837, 0
, , 3026.5880000000001928, 0, , , 3026.5880000000001928, 1, , , 3026.5880000000001928, 1, , , 3026.5880000000001928, 0
, , 3026.5929999999998472, 0, , , 3026.5929999999998472, 1, , , 3026.5929999999998472, 1, , , 3026.5929999999998472, 0
, , 3026.5979999999999563, 0, , , 3026.5979999999999563, 1, , , 3026.5979999999999563, 1, , , 3026.5979999999999563, 0
, , 3026.6030000000000655, 0, , , 3026.6030000000000655, 1, , , 3026.6030000000000655, 1, , , 3026.6030000000000655, 0
, , 3026.6080000000001746, 0, , , 3026.6080000000001746, 1, , , 3026.6080000000001746, 1, , , 3026.6080000000001746, 0
, , 3026.6140000000000327, 0, , , 3026.6140000000000327, 1, , , 3026.6140000000000327, 1, , , 3026.6140000000000327, 0
, , 3026.6179999999999382, 0, , , 3026.6179999999999382, 1, , , 3026.6179999999999382, 1, , , 3026.6179999999999382, 0
, , 3026.6230000000000473, 0, , , 3026.6230000000000473, 1, , , 3026.6230000000000473, 1, , , 3026.6230000000000473, 0
, , 3026.6280000000001564, 0, , , 3026.6280000000001564, 1, , , 3026.6280000000001564, 1, , , 3026.6280000000001564, 0
, , 3026.6340000000000146, 0, , , 3026.6340000000000146, 1, , , 3026.6340000000000146, 1, , , 3026.6340000000000146, 0
, , 3026.63799999999992, 0, , , 3026.63799999999992, 1, , , 3026.63799999999992, 1, , , 3026.63799999999992, 0
, , 3026.6430000000000291, 0, , , 3026.6430000000000291, 1, , , 3026.6430000000000291, 1, , , 3026.6430000000000291, 0
, , 3026.6480000000001382, 0, , , 3026.6480000000001382, 1, , , 3026.6480000000001382, 1, , , 3026.6480000000001382, 0
, , 3026.6539999999999964, 0, , , 3026.6539999999999964, 1, , , 3026.6539999999999964, 1, , , 3026.6539999999999964, 0
, , 3026.6579999999999018, 0, , , 3026.6579999999999018, 1, , , 3026.6579999999999018, 1, , , 3026.6579999999999018, 0
, , 3026.6630000000000109, 0, , , 3026.6630000000000109, 1, , , 3026.6630000000000109, 1, , , 3026.6630000000000109, 0
, , 3026.6680000000001201, 0, , , 3026.6680000000001201, 1, , , 3026.6680000000001201, 1, , , 3026.6680000000001201, 0
, , 3026.6729999999997744, 0, , , 3026.6729999999997744, 1, , , 3026.6729999999997744, 1, , , 3026.6729999999997744, 0
, , 3026.6770000000001346, 0, , , 3026.6770000000001346, 1, , , 3026.6770000000001346, 1, , , 3026.6770000000001346, 0
, , 3026.6829999999999927, 0, , , 3026.6829999999999927, 1, , , 3026.6829999999999927, 1, , , 3026.6829999999999927, 0
, , 3026.6880000000001019, 0, , , 3026.6880000000001019, 1, , , 3026.6880000000001019, 1, , , 3026.6880000000001019, 0
, , 3026.693000000000211, 0, , , 3026.693000000000211, 1, , , 3026.693000000000211, 1, , , 3026.693000000000211, 0
, , 3026.6979999999998654, 0, , , 3026.6979999999998654, 1, , , 3026.6979999999998654, 1, , , 3026.6979999999998654, 0
, , 3026.7040000000001783, 0, , , 3026.7040000000001783, 1, , , 3026.7040000000001783, 1, , , 3026.7040000000001783, 0
, , 3026.7080000000000837, 0, , , 3026.7080000000000837, 1, , , 3026.7080000000000837, 1, , , 3026.7080000000000837, 0
, , 3026.7139999999999418, 0, , , 3026.7139999999999418, 1, , , 3026.7139999999999418, 1, , , 3026.7139999999999418, 0
, , 3026.7179999999998472, 0, , , 3026.7179999999998472, 1, , , 3026.7179999999998472, 1, , , 3026.7179999999998472, 0
, , 3026.7229999999999563, 0, , , 3026.7229999999999563, 1, , , 3026.7229999999999563, 1, , , 3026.7229999999999563, 0
, , 3026.7280000000000655, 0, , , 3026.7280000000000655, 1, , , 3026.7280000000000655, 1, , , 3026.7280000000000655, 0
, , 3026.7330000000001746, 0, , , 3026.7330000000001746, 1, , , 3026.7330000000001746, 1, , , 3026.7330000000001746, 0
, , 3026.737999999999829, 0, , , 3026.737999999999829, 1, , , 3026.737999999999829, 1, , , 3026.737999999999829, 0
, , 3026.7429999999999382, 0, , , 3026.7429999999999382, 1, , , 3026.7429999999999382, 1, , , 3026.7429999999999382, 0
, , 3026.7489999999997963, 0, , , 3026.7489999999997963, 1, , , 3026.7489999999997963, 1, , , 3026.7489999999997963, 0
, , 3026.7579999999998108, 0, , , 3026.7579999999998108, 1, , , 3026.7579999999998108, 1, , , 3026.7579999999998108, 0
, , 3026.7600000000002183, 0, , , 3026.7600000000002183, 1, , , 3026.7600000000002183, 1, , , 3026.7600000000002183, 0
, , 3026.7640000000001237, 0, , , 3026.7640000000001237, 1, , , 3026.7640000000001237, 1, , , 3026.7640000000001237, 0
, , 3026.7680000000000291, 0, , , 3026.7680000000000291, 1, , , 3026.7680000000000291, 1, , , 3026.7680000000000291, 0
, , 3026.7730000000001382, 0, , , 3026.7730000000001382, 1, , , 3026.7730000000001382, 1, , , 3026.7730000000001382, 0
, , 3026.7820000000001528, 0, , , 3026.7820000000001528, 1, , , 3026.7820000000001528, 1, , , 3026.7820000000001528, 0
, , 3026.7829999999999018, 0, , , 3026.7829999999999018, 1, , , 3026.7829999999999018, 1, , , 3026.7829999999999018, 0
, , 3026.7899999999999636, 0, , , 3026.7899999999999636, 1, , , 3026.7899999999999636, 1, , , 3026.7899999999999636, 0
, , 3026.7930000000001201, 0, , , 3026.7930000000001201, 1, , , 3026.7930000000001201, 1, , , 3026.7930000000001201, 0
, , 3026.7989999999999782, 0, , , 3026.7989999999999782, 1, , , 3026.7989999999999782, 1, , , 3026.7989999999999782, 0
, , 3026.8029999999998836, 0, , , 3026.8029999999998836, 1, , , 3026.8029999999998836, 1, , , 3026.8029999999998836, 0
, , 3026.8090000000001965, 0, , , 3026.8090000000001965, 1, , , 3026.8090000000001965, 1, , , 3026.8090000000001965, 0
, , 3026.8130000000001019, 0, , , 3026.8130000000001019, 1, , , 3026.8130000000001019, 1, , , 3026.8130000000001019, 0
, , 3026.8159999999998035, 0, , , 3026.8159999999998035, 1, , , 3026.8159999999998035, 1, , , 3026.8159999999998035, 0
, , 3026.8229999999998654, 0, , , 3026.8229999999998654, 1, , , 3026.8229999999998654, 1, , , 3026.8229999999998654, 0
, , 3026.8279999999999745, 1, , , 3026.8279999999999745, 1, , , 3026.8279999999999745, 1, , , 3026.8279999999999745, 1
, , 3026.8330000000000837, 1, , , 3026.8330000000000837, 1, , , 3026.8330000000000837, 1, , , 3026.8330000000000837, 1
, , 3026.8380000000001928, 1, , , 3026.8380000000001928, 1, , , 3026.8380000000001928, 1, , , 3026.8380000000001928, 1
, , 3026.8440000000000509, 1, , , 3026.8440000000000509, 1, , , 3026.8440000000000509, 1, , , 3026.8440000000000509, 1
, , 3026.8479999999999563, 1, , , 3026.8479999999999563, 1, , , 3026.8479999999999563, 1, , , 3026.8479999999999563, 1
, , 3026.8530000000000655, 1, , , 3026.8530000000000655, 1, , , 3026.8530000000000655, 1, , , 3026.8530000000000655, 1
, , 3026.8580000000001746, 1, , , 3026.8580000000001746, 1, , , 3026.8580000000001746, 1, , , 3026.8580000000001746, 1
, , 3026.86200000000008, 1, , , 3026.86200000000008, 1, , , 3026.86200000000008, 1, , , 3026.86200000000008, 1
, , 3026.8670000000001892, 1, , , 3026.8670000000001892, 1, , , 3026.8670000000001892, 1, , , 3026.8670000000001892, 1
, , 3026.8730000000000473, 1, , , 3026.8730000000000473, 1, , , 3026.8730000000000473, 1, , , 3026.8730000000000473, 1
, , 3026.8780000000001564, 1, , , 3026.8780000000001564, 1, , , 3026.8780000000001564, 1, , , 3026.8780000000001564, 1
, , 3026.8829999999998108, 1, , , 3026.8829999999998108, 1, , , 3026.8829999999998108, 1, , , 3026.8829999999998108, 1
, , 3026.88799999999992, 1, , , 3026.88799999999992, 1, , , 3026.88799999999992, 1, , , 3026.88799999999992, 1
, , 3026.8919999999998254, 1, , , 3026.8919999999998254, 1, , , 3026.8919999999998254, 1, , , 3026.8919999999998254, 1
, , 3026.8980000000001382, 1, , , 3026.8980000000001382, 0, , , 3026.8980000000001382, 0, , , 3026.8980000000001382, 1
, , 3026.9029999999997926, 1, , , 3026.9029999999997926, 0, , , 3026.9029999999997926, 0, , , 3026.9029999999997926, 1
, , 3026.9090000000001055, 1, , , 3026.9090000000001055, 0, , , 3026.9090000000001055, 0, , , 3026.9090000000001055, 1
, , 3026.9130000000000109, 1, , , 3026.9130000000000109, 0, , , 3026.9130000000000109, 0, , , 3026.9130000000000109, 1
, , 3026.9180000000001201, 1, , , 3026.9180000000001201, 0, , , 3026.9180000000001201, 0, , , 3026.9180000000001201, 1
, , 3026.9229999999997744, 1, , , 3026.9229999999997744, 0, , , 3026.9229999999997744, 0, , , 3026.9229999999997744, 1
, , 3026.9279999999998836, 1, , , 3026.9279999999998836, 0, , , 3026.9279999999998836, 0, , , 3026.9279999999998836, 1
, , 3026.931999999999789, 1, , , 3026.931999999999789, 0, , , 3026.931999999999789, 0, , , 3026.931999999999789, 1
, , 3026.9380000000001019, 1, , , 3026.9380000000001019, 0, , , 3026.9380000000001019, 0, , , 3026.9380000000001019, 1
, , 3026.943000000000211, 1, , , 3026.943000000000211, 0, , , 3026.943000000000211, 0, , , 3026.943000000000211, 1
, , 3026.9490000000000691, 1, , , 3026.9490000000000691, 0, , , 3026.9490000000000691, 0, , , 3026.9490000000000691, 1
, , 3026.9529999999999745, 1, , , 3026.9529999999999745, 0, , , 3026.9529999999999745, 0, , , 3026.9529999999999745, 1
, , 3026.9580000000000837, 1, , , 3026.9580000000000837, 0, , , 3026.9580000000000837, 0, , , 3026.9580000000000837, 1
, , 3026.9630000000001928, 1, , , 3026.9630000000001928, 0, , , 3026.9630000000001928, 0, , , 3026.9630000000001928, 1
, , 3026.9679999999998472, 1, , , 3026.9679999999998472, 0, , , 3026.9679999999998472, 0, , , 3026.9679999999998472, 1
, , 3026.9729999999999563, 1, , , 3026.9729999999999563, 0, , , 3026.9729999999999563, 0, , , 3026.9729999999999563, 1
, , 3026.9789999999998145, 1, , , 3026.9789999999998145, 0, , , 3026.9789999999998145, 0, , , 3026.9789999999998145, 1
, , 3026.9830000000001746, 1, , , 3026.9830000000001746, 0, , , 3026.9830000000001746, 0, , , 3026.9830000000001746, 1
, , 3026.987999999999829, 1, , , 3026.987999999999829, 0, , , 3026.987999999999829, 0, , , 3026.987999999999829, 1
, , 3026.9929999999999382, 1, , , 3026.9929999999999382, 0, , , 3026.9929999999999382, 0, , , 3026.9929999999999382, 1
, , 3026.9980000000000473, 1, , , 3026.9980000000000473, 0, , , 3026.9980000000000473, 0, , , 3026.9980000000000473, 1
, , 3027.0030000000001564, 1, , , 3027.0030000000001564, 0, , , 3027.0030000000001564, 0, , , 3027.0030000000001564, 1
, , 3027.0070000000000618, 1, , , 3027.0070000000000618, 0, , , 3027.0070000000000618, 0, , , 3027.0070000000000618, 1
, , 3027.01299999999992, 1, , , 3027.01299999999992, 0, , , 3027.01299999999992, 0, , , 3027.01299999999992, 1
, , 3027.0180000000000291, 1, , , 3027.0180000000000291, 0, , , 3027.0180000000000291, 0, , , 3027.0180000000000291, 1
, , 3027.0230000000001382, 1, , , 3027.0230000000001382, 0, , , 3027.0230000000001382, 0, , , 3027.0230000000001382, 1
, , 3027.0270000000000437, 1, , , 3027.0270000000000437, 0, , , 3027.0270000000000437, 0, , , 3027.0270000000000437, 1
, , 3027.0340000000001055, 1, , , 3027.0340000000001055, 0, , , 3027.0340000000001055, 0, , , 3027.0340000000001055, 1
, , 3027.0380000000000109, 1, , , 3027.0380000000000109, 0, , , 3027.0380000000000109, 0, , , 3027.0380000000000109, 1
, , 3027.043999999999869, 1, , , 3027.043999999999869, 0, , , 3027.043999999999869, 0, , , 3027.043999999999869, 1
, , 3027.0479999999997744, 1, , , 3027.0479999999997744, 0, , , 3027.0479999999997744, 0, , , 3027.0479999999997744, 1
, , 3027.0529999999998836, 1, , , 3027.0529999999998836, 0, , , 3027.0529999999998836, 0, , , 3027.0529999999998836, 1
, , 3027.0579999999999927, 1, , , 3027.0579999999999927, 0, , , 3027.0579999999999927, 0, , , 3027.0579999999999927, 1
, , 3027.0639999999998508, 1, , , 3027.0639999999998508, 0, , , 3027.0639999999998508, 0, , , 3027.0639999999998508, 1
, , 3027.0670000000000073, 1, , , 3027.0670000000000073, 0, , , 3027.0670000000000073, 0, , , 3027.0670000000000073, 1
, , 3027.0729999999998654, 1, , , 3027.0729999999998654, 0, , , 3027.0729999999998654, 0, , , 3027.0729999999998654, 1
, , 3027.0790000000001783, 1, , , 3027.0790000000001783, 0, , , 3027.0790000000001783, 0, , , 3027.0790000000001783, 1
, , 3027.0839999999998327, 1, , , 3027.0839999999998327, 0, , , 3027.0839999999998327, 0, , , 3027.0839999999998327, 1
, , 3027.0880000000001928, 1, , , 3027.0880000000001928, 0, , , 3027.0880000000001928, 0, , , 3027.0880000000001928, 1
, , 3027.0929999999998472, 1, , , 3027.0929999999998472, 0, , , 3027.0929999999998472, 0, , , 3027.0929999999998472, 1
, , 3027.0970000000002074, 1, , , 3027.0970000000002074, 0, , , 3027.0970000000002074, 0, , , 3027.0970000000002074, 1
, , 3027.1039999999998145, 1, , , 3027.1039999999998145, 0, , , 3027.1039999999998145, 0, , , 3027.1039999999998145, 1
, , 3027.1080000000001746, 1, , , 3027.1080000000001746, 0, , , 3027.1080000000001746, 0, , , 3027.1080000000001746, 1
, , 3027.1140000000000327, 1, , , 3027.1140000000000327, 0, , , 3027.1140000000000327, 0, , , 3027.1140000000000327, 1
, , 3027.1179999999999382, 1, , , 3027.1179999999999382, 0, , , 3027.1179999999999382, 0, , , 3027.1179999999999382, 1
, , 3027.1230000000000473, 1, , , 3027.1230000000000473, 0, , , 3027.1230000000000473, 0, , , 3027.1230000000000473, 1
, , 3027.1280000000001564, 1, , , 3027.1280000000001564, 0, , , 3027.1280000000001564, 0, , , 3027.1280000000001564, 1
, , 3027.1329999999998108, 1, , , 3027.1329999999998108, 0, , , 3027.1329999999998108, 0, , , 3027.1329999999998108, 1
, , 3027.13799999999992, 1, , , 3027.13799999999992, 0, , , 3027.13799999999992, 0, , , 3027.13799999999992, 1
, , 3027.1439999999997781, 1, , , 3027.1439999999997781, 0, , , 3027.1439999999997781, 0, , , 3027.1439999999997781, 1
, , 3027.1489999999998872, 1, , , 3027.1489999999998872, 0, , , 3027.1489999999998872, 0, , , 3027.1489999999998872, 1
, , 3027.1539999999999964, 1, , , 3027.1539999999999964, 1, , , 3027.1539999999999964, 1, , , 3027.1539999999999964, 1
, , 3027.1590000000001055, 1, , , 3027.1590000000001055, 1, , , 3027.1590000000001055, 1, , , 3027.1590000000001055, 1
, , 3027.1640000000002146, 1, , , 3027.1640000000002146, 1, , , 3027.1640000000002146, 1, , , 3027.1640000000002146, 1
, , 3027.1680000000001201, 1, , , 3027.1680000000001201, 1, , , 3027.1680000000001201, 1, , , 3027.1680000000001201, 1
, , 3027.1739999999999782, 1, , , 3027.1739999999999782, 1, , , 3027.1739999999999782, 1, , , 3027.1739999999999782, 1
, , 3027.1779999999998836, 1, , , 3027.1779999999998836, 1, , , 3027.1779999999998836, 1, , , 3027.1779999999998836, 1
, , 3027.1829999999999927, 1, , , 3027.1829999999999927, 1, , , 3027.1829999999999927, 1, , , 3027.1829999999999927, 1
, , 3027.1880000000001019, 1, , , 3027.1880000000001019, 1, , , 3027.1880000000001019, 1, , , 3027.1880000000001019, 1
, , 3027.19399999999996, 1, , , 3027.19399999999996, 1, , , 3027.19399999999996, 1, , , 3027.19399999999996, 1
, , 3027.1979999999998654, 1, , , 3027.1979999999998654, 1, , , 3027.1979999999998654, 1, , , 3027.1979999999998654, 1
, , 3027.2029999999999745, 1, , , 3027.2029999999999745, 1, , , 3027.2029999999999745, 1, , , 3027.2029999999999745, 1
, , 3027.2080000000000837, 1, , , 3027.2080000000000837, 1, , , 3027.2080000000000837, 1, , , 3027.2080000000000837, 1
, , 3027.2130000000001928, 1, , , 3027.2130000000001928, 1, , , 3027.2130000000001928, 1, , , 3027.2130000000001928, 1
, , 3027.2179999999998472, 1, , , 3027.2179999999998472, 1, , , 3027.2179999999998472, 1, , , 3027.2179999999998472, 1
, , 3027.2229999999999563, 1, , , 3027.2229999999999563, 1, , , 3027.2229999999999563, 1, , , 3027.2229999999999563, 1
, , 3027.2280000000000655, 0, , , 3027.2280000000000655, 1, , , 3027.2280000000000655, 1, , , 3027.2280000000000655, 0
, , 3027.2330000000001746, 0, , , 3027.2330000000001746, 1, , , 3027.2330000000001746, 1, , , 3027.2330000000001746, 0
, , 3027.2399999999997817, 0, , , 3027.2399999999997817, 1, , , 3027.2399999999997817, 1, , , 3027.2399999999997817, 0
, , 3027.2429999999999382, 0, , , 3027.2429999999999382, 1, , , 3027.2429999999999382, 1, , , 3027.2429999999999382, 0
, , 3027.2480000000000473, 0, , , 3027.2480000000000473, 1, , , 3027.2480000000000473, 1, , , 3027.2480000000000473, 0
, , 3027.2530000000001564, 0, , , 3027.2530000000001564, 1, , , 3027.2530000000001564, 1, , , 3027.2530000000001564, 0
, , 3027.2590000000000146, 0, , , 3027.2590000000000146, 1, , , 3027.2590000000000146, 1, , , 3027.2590000000000146, 0
, , 3027.26299999999992, 0, , , 3027.26299999999992, 1, , , 3027.26299999999992, 1, , , 3027.26299999999992, 0
, , 3027.2680000000000291, 0, , , 3027.2680000000000291, 1, , , 3027.2680000000000291, 1, , , 3027.2680000000000291, 0
, , 3027.2719999999999345, 0, , , 3027.2719999999999345, 1, , , 3027.2719999999999345, 1, , , 3027.2719999999999345, 0
, , 3027.2779999999997926, 0, , , 3027.2779999999997926, 1, , , 3027.2779999999997926, 1, , , 3027.2779999999997926, 0
, , 3027.2829999999999018, 0, , , 3027.2829999999999018, 1, , , 3027.2829999999999018, 1, , , 3027.2829999999999018, 0
, , 3027.2880000000000109, 0, , , 3027.2880000000000109, 1, , , 3027.2880000000000109, 1, , , 3027.2880000000000109, 0
, , 3027.2950000000000728, 0, , , 3027.2950000000000728, 1, , , 3027.2950000000000728, 1, , , 3027.2950000000000728, 0
, , 3027.2989999999999782, 0, , , 3027.2989999999999782, 1, , , 3027.2989999999999782, 1, , , 3027.2989999999999782, 0
, , 3027.3029999999998836, 0, , , 3027.3029999999998836, 1, , , 3027.3029999999998836, 1, , , 3027.3029999999998836, 0
, , 3027.3090000000001965, 0, , , 3027.3090000000001965, 1, , , 3027.3090000000001965, 1, , , 3027.3090000000001965, 0
, , 3027.3130000000001019, 0, , , 3027.3130000000001019, 1, , , 3027.3130000000001019, 1, , , 3027.3130000000001019, 0
, , 3027.3200000000001637, 0, , , 3027.3200000000001637, 1, , , 3027.3200000000001637, 1, , , 3027.3200000000001637, 0
, , 3027.3249999999998181, 0, , , 3027.3249999999998181, 1, , , 3027.3249999999998181, 1, , , 3027.3249999999998181, 0
, , 3027.3299999999999272, 0, , , 3027.3299999999999272, 1, , , 3027.3299999999999272, 1, , , 3027.3299999999999272, 0
, , 3027.3330000000000837, 0, , , 3027.3330000000000837, 1, , , 3027.3330000000000837, 1, , , 3027.3330000000000837, 0
, , 3027.3389999999999418, 0, , , 3027.3389999999999418, 1, , , 3027.3389999999999418, 1, , , 3027.3389999999999418, 0
, , 3027.3429999999998472, 0, , , 3027.3429999999998472, 1, , , 3027.3429999999998472, 1, , , 3027.3429999999998472, 0
, , 3027.3479999999999563, 0, , , 3027.3479999999999563, 1, , , 3027.3479999999999563, 1, , , 3027.3479999999999563, 0
, , 3027.3530000000000655, 0, , , 3027.3530000000000655, 1, , , 3027.3530000000000655, 1, , , 3027.3530000000000655, 0
, , 3027.3600000000001273, 0, , , 3027.3600000000001273, 1, , , 3027.3600000000001273, 1, , , 3027.3600000000001273, 0
, , 3027.362999999999829, 0, , , 3027.362999999999829, 1, , , 3027.362999999999829, 1, , , 3027.362999999999829, 0
, , 3027.3679999999999382, 0, , , 3027.3679999999999382, 1, , , 3027.3679999999999382, 1, , , 3027.3679999999999382, 0
, , 3027.3730000000000473, 0, , , 3027.3730000000000473, 1, , , 3027.3730000000000473, 1, , , 3027.3730000000000473, 0
, , 3027.3780000000001564, 0, , , 3027.3780000000001564, 1, , , 3027.3780000000001564, 1, , , 3027.3780000000001564, 0
, , 3027.3829999999998108, 0, , , 3027.3829999999998108, 1, , , 3027.3829999999998108, 1, , , 3027.3829999999998108, 0
, , 3027.38799999999992, 0, , , 3027.38799999999992, 1, , , 3027.38799999999992, 1, , , 3027.38799999999992, 0
, , 3027.3930000000000291, 0, , , 3027.3930000000000291, 1, , , 3027.3930000000000291, 1, , , 3027.3930000000000291, 0
, , 3027.3980000000001382, 0, , , 3027.3980000000001382, 1, , , 3027.3980000000001382, 1, , , 3027.3980000000001382, 0
, , 3027.4119999999998072, 0, , , 3027.4119999999998072, 1, , , 3027.4119999999998072, 1, , , 3027.4119999999998072, 0
, , 3027.4119999999998072, 0, , , 3027.4119999999998072, 1, , , 3027.4119999999998072, 1, , , 3027.4119999999998072, 0
, , 3027.4140000000002146, 0, , , 3027.4140000000002146, 1, , , 3027.4140000000002146, 1, , , 3027.4140000000002146, 0
, , 3027.4180000000001201, 0, , , 3027.4180000000001201, 1, , , 3027.4180000000001201, 1, , , 3027.4180000000001201, 0
, , 3027.4229999999997744, 0, , , 3027.4229999999997744, 1, , , 3027.4229999999997744, 1, , , 3027.4229999999997744, 0
, , 3027.4279999999998836, 0, , , 3027.4279999999998836, 1, , , 3027.4279999999998836, 1, , , 3027.4279999999998836, 0
, , 3027.4329999999999927, 0, , , 3027.4329999999999927, 1, , , 3027.4329999999999927, 1, , , 3027.4329999999999927, 0
, , 3027.4380000000001019, 0, , , 3027.4380000000001019, 1, , , 3027.4380000000001019, 1, , , 3027.4380000000001019, 0
, , 3027.443000000000211, 0, , , 3027.443000000000211, 1, , , 3027.443000000000211, 1, , , 3027.443000000000211, 0
, , 3027.4479999999998654, 0, , , 3027.4479999999998654, 1, , , 3027.4479999999998654, 1, , , 3027.4479999999998654, 0
, , 3027.4529999999999745, 0, , , 3027.4529999999999745, 1, , , 3027.4529999999999745, 1, , , 3027.4529999999999745, 0
, , 3027.4580000000000837, 0, , , 3027.4580000000000837, 1, , , 3027.4580000000000837, 1, , , 3027.4580000000000837, 0
, , 3027.4659999999998945, 0, , , 3027.4659999999998945, 1, , , 3027.4659999999998945, 1, , , 3027.4659999999998945, 0
, , 3027.4679999999998472, 0, , , 3027.4679999999998472, 1, , , 3027.4679999999998472, 1, , , 3027.4679999999998472, 0
, , 3027.4729999999999563, 0, , , 3027.4729999999999563, 1, , , 3027.4729999999999563, 1, , , 3027.4729999999999563, 0
, , 3027.4769999999998618, 1, , , 3027.4769999999998618, 1, , , 3027.4769999999998618, 1, , , 3027.4769999999998618, 1
, , 3027.4830000000001746, 1, , , 3027.4830000000001746, 1, , , 3027.4830000000001746, 1, , , 3027.4830000000001746, 1
, , 3027.4890000000000327, 1, , , 3027.4890000000000327, 1, , , 3027.4890000000000327, 1, , , 3027.4890000000000327, 1
, , 3027.4929999999999382, 1, , , 3027.4929999999999382, 1, , , 3027.4929999999999382, 1, , , 3027.4929999999999382, 1
, , 3027.4980000000000473, 1, , , 3027.4980000000000473, 1, , , 3027.4980000000000473, 1, , , 3027.4980000000000473, 1
, , 3027.5030000000001564, 1, , , 3027.5030000000001564, 1, , , 3027.5030000000001564, 1, , , 3027.5030000000001564, 1
, , 3027.5079999999998108, 1, , , 3027.5079999999998108, 1, , , 3027.5079999999998108, 1, , , 3027.5079999999998108, 1
, , 3027.5140000000001237, 1, , , 3027.5140000000001237, 1, , , 3027.5140000000001237, 1, , , 3027.5140000000001237, 1
, , 3027.5169999999998254, 1, , , 3027.5169999999998254, 1, , , 3027.5169999999998254, 1, , , 3027.5169999999998254, 1
, , 3027.5230000000001382, 1, , , 3027.5230000000001382, 1, , , 3027.5230000000001382, 1, , , 3027.5230000000001382, 1
, , 3027.5279999999997926, 1, , , 3027.5279999999997926, 1, , , 3027.5279999999997926, 1, , , 3027.5279999999997926, 1
, , 3027.5329999999999018, 1, , , 3027.5329999999999018, 1, , , 3027.5329999999999018, 1, , , 3027.5329999999999018, 1
, , 3027.5380000000000109, 1, , , 3027.5380000000000109, 1, , , 3027.5380000000000109, 1, , , 3027.5380000000000109, 1
, , 3027.5430000000001201, 1, , , 3027.5430000000001201, 1, , , 3027.5430000000001201, 1, , , 3027.5430000000001201, 1
, , 3027.5479999999997744, 1, , , 3027.5479999999997744, 1, , , 3027.5479999999997744, 1, , , 3027.5479999999997744, 1
, , 3027.5529999999998836, 1, , , 3027.5529999999998836, 0, , , 3027.5529999999998836, 0, , , 3027.5529999999998836, 1
, , 3027.5579999999999927, 1, , , 3027.5579999999999927, 0, , , 3027.5579999999999927, 0, , , 3027.5579999999999927, 1
, , 3027.5630000000001019, 1, , , 3027.5630000000001019, 0, , , 3027.5630000000001019, 0, , , 3027.5630000000001019, 1
, , 3027.56899999999996, 1, , , 3027.56899999999996, 0, , , 3027.56899999999996, 0, , , 3027.56899999999996, 1
, , 3027.5729999999998654, 1, , , 3027.5729999999998654, 0, , , 3027.5729999999998654, 0, , , 3027.5729999999998654, 1
, , 3027.5779999999999745, 1, , , 3027.5779999999999745, 0, , , 3027.5779999999999745, 0, , , 3027.5779999999999745, 1
, , 3027.5830000000000837, 1, , , 3027.5830000000000837, 0, , , 3027.5830000000000837, 0, , , 3027.5830000000000837, 1
, , 3027.5869999999999891, 1, , , 3027.5869999999999891, 0, , , 3027.5869999999999891, 0, , , 3027.5869999999999891, 1
, , 3027.5929999999998472, 1, , , 3027.5929999999998472, 0, , , 3027.5929999999998472, 0, , , 3027.5929999999998472, 1
, , 3027.5990000000001601, 1, , , 3027.5990000000001601, 0, , , 3027.5990000000001601, 0, , , 3027.5990000000001601, 1
, , 3027.6039999999998145, 1, , , 3027.6039999999998145, 0, , , 3027.6039999999998145, 0, , , 3027.6039999999998145, 1
, , 3027.6080000000001746, 1, , , 3027.6080000000001746, 0, , , 3027.6080000000001746, 0, , , 3027.6080000000001746, 1
, , 3027.612999999999829, 1, , , 3027.612999999999829, 0, , , 3027.612999999999829, 0, , , 3027.612999999999829, 1
, , 3027.6179999999999382, 1, , , 3027.6179999999999382, 0, , , 3027.6179999999999382, 0, , , 3027.6179999999999382, 1
, , 3027.6230000000000473, 1, , , 3027.6230000000000473, 0, , , 3027.6230000000000473, 0, , , 3027.6230000000000473, 1
, , 3027.6269999999999527, 1, , , 3027.6269999999999527, 0, , , 3027.6269999999999527, 0, , , 3027.6269999999999527, 1
, , 3027.6329999999998108, 1, , , 3027.6329999999998108, 0, , , 3027.6329999999998108, 0, , , 3027.6329999999998108, 1
, , 3027.63799999999992, 1, , , 3027.63799999999992, 0, , , 3027.63799999999992, 0, , , 3027.63799999999992, 1
, , 3027.6439999999997781, 1, , , 3027.6439999999997781, 0, , , 3027.6439999999997781, 0, , , 3027.6439999999997781, 1
, , 3027.6480000000001382, 1, , , 3027.6480000000001382, 0, , , 3027.6480000000001382, 0, , , 3027.6480000000001382, 1
, , 3027.6529999999997926, 1, , , 3027.6529999999997926, 0, , , 3027.6529999999997926, 0, , , 3027.6529999999997926, 1
, , 3027.6579999999999018, 1, , , 3027.6579999999999018, 0, , , 3027.6579999999999018, 0, , , 3027.6579999999999018, 1
, , 3027.6630000000000109, 1, , , 3027.6630000000000109, 0, , , 3027.6630000000000109, 0, , , 3027.6630000000000109, 1
, , 3027.6680000000001201, 1, , , 3027.6680000000001201, 0, , , 3027.6680000000001201, 0, , , 3027.6680000000001201, 1
, , 3027.6729999999997744, 1, , , 3027.6729999999997744, 0, , , 3027.6729999999997744, 0, , , 3027.6729999999997744, 1
, , 3027.6779999999998836, 1, , , 3027.6779999999998836, 0, , , 3027.6779999999998836, 0, , , 3027.6779999999998836, 1
, , 3027.6829999999999927, 1, , , 3027.6829999999999927, 0, , , 3027.6829999999999927, 0, , , 3027.6829999999999927, 1
, , 3027.6880000000001019, 1, , , 3027.6880000000001019, 0, , , 3027.6880000000001019, 0, , , 3027.6880000000001019, 1
, , 3027.693000000000211, 1, , , 3027.693000000000211, 0, , , 3027.693000000000211, 0, , , 3027.693000000000211, 1
, , 3027.6979999999998654, 1, , , 3027.6979999999998654, 0, , , 3027.6979999999998654, 0, , , 3027.6979999999998654, 1
, , 3027.7029999999999745, 1, , , 3027.7029999999999745, 0, , , 3027.7029999999999745, 0, , , 3027.7029999999999745, 1
, , 3027.7069999999998799, 1, , , 3027.7069999999998799, 0, , , 3027.7069999999998799, 0, , , 3027.7069999999998799, 1
, , 3027.7130000000001928, 1, , , 3027.7130000000001928, 0, , , 3027.7130000000001928, 0, , , 3027.7130000000001928, 1
, , 3027.7170000000000982, 1, , , 3027.7170000000000982, 0, , , 3027.7170000000000982, 0, , , 3027.7170000000000982, 1
, , 3027.7249999999999091, 1, , , 3027.7249999999999091, 0, , , 3027.7249999999999091, 0, , , 3027.7249999999999091, 1
, , 3027.7280000000000655, 1, , , 3027.7280000000000655, 0, , , 3027.7280000000000655, 0, , , 3027.7280000000000655, 1
, , 3027.7330000000001746, 1, , , 3027.7330000000001746, 0, , , 3027.7330000000001746, 0, , , 3027.7330000000001746, 1
, , 3027.737999999999829, 1, , , 3027.737999999999829, 0, , , 3027.737999999999829, 0, , , 3027.737999999999829, 1
, , 3027.7429999999999382, 1, , , 3027.7429999999999382, 0, , , 3027.7429999999999382, 0, , , 3027.7429999999999382, 1
, , 3027.7469999999998436, 1, , , 3027.7469999999998436, 0, , , 3027.7469999999998436, 0, , , 3027.7469999999998436, 1
, , 3027.7539999999999054, 1, , , 3027.7539999999999054, 0, , , 3027.7539999999999054, 0, , , 3027.7539999999999054, 1
, , 3027.7579999999998108, 1, , , 3027.7579999999998108, 0, , , 3027.7579999999998108, 0, , , 3027.7579999999998108, 1
, , 3027.762000000000171, 1, , , 3027.762000000000171, 0, , , 3027.762000000000171, 0, , , 3027.762000000000171, 1
, , 3027.7680000000000291, 1, , , 3027.7680000000000291, 0, , , 3027.7680000000000291, 0, , , 3027.7680000000000291, 1
, , 3027.7730000000001382, 1, , , 3027.7730000000001382, 0, , , 3027.7730000000001382, 0, , , 3027.7730000000001382, 1
, , 3027.7779999999997926, 1, , , 3027.7779999999997926, 0, , , 3027.7779999999997926, 0, , , 3027.7779999999997926, 1
, , 3027.7829999999999018, 1, , , 3027.7829999999999018, 0, , , 3027.7829999999999018, 0, , , 3027.7829999999999018, 1
, , 3027.7880000000000109, 1, , , 3027.7880000000000109, 0, , , 3027.7880000000000109, 0, , , 3027.7880000000000109, 1
, , 3027.7930000000001201, 1, , , 3027.7930000000001201, 0, , , 3027.7930000000001201, 0, , , 3027.7930000000001201, 1
, , 3027.8000000000001819, 1, , , 3027.8000000000001819, 1, , , 3027.8000000000001819, 1, , , 3027.8000000000001819, 1
, , 3027.8029999999998836, 1, , , 3027.8029999999998836, 1, , , 3027.8029999999998836, 1, , , 3027.8029999999998836, 1
, , 3027.8099999999999454, 1, , , 3027.8099999999999454, 1, , , 3027.8099999999999454, 1, , , 3027.8099999999999454, 1
, , 3027.8130000000001019, 1, , , 3027.8130000000001019, 1, , , 3027.8130000000001019, 1, , , 3027.8130000000001019, 1
, , 3027.81899999999996, 1, , , 3027.81899999999996, 1, , , 3027.81899999999996, 1, , , 3027.81899999999996, 1
, , 3027.81899999999996, 1, , , 3027.81899999999996, 1, , , 3027.81899999999996, 1, , , 3027.81899999999996, 1
, , 3027.8279999999999745, 1, , , 3027.8279999999999745, 1, , , 3027.8279999999999745, 1, , , 3027.8279999999999745, 1
, , 3027.8330000000000837, 1, , , 3027.8330000000000837, 1, , , 3027.8330000000000837, 1, , , 3027.8330000000000837, 1
, , 3027.8389999999999418, 1, , , 3027.8389999999999418, 1, , , 3027.8389999999999418, 1, , , 3027.8389999999999418, 1
, , 3027.8440000000000509, 1, , , 3027.8440000000000509, 1, , , 3027.8440000000000509, 1, , , 3027.8440000000000509, 1
, , 3027.8479999999999563, 1, , , 3027.8479999999999563, 1, , , 3027.8479999999999563, 1, , , 3027.8479999999999563, 1
, , 3027.8510000000001128, 1, , , 3027.8510000000001128, 1, , , 3027.8510000000001128, 1, , , 3027.8510000000001128, 1
, , 3027.8580000000001746, 1, , , 3027.8580000000001746, 1, , , 3027.8580000000001746, 1, , , 3027.8580000000001746, 1
, , 3027.862999999999829, 1, , , 3027.862999999999829, 1, , , 3027.862999999999829, 1, , , 3027.862999999999829, 1
, , 3027.8690000000001419, 1, , , 3027.8690000000001419, 1, , , 3027.8690000000001419, 1, , , 3027.8690000000001419, 1
, , 3027.8730000000000473, 1, , , 3027.8730000000000473, 1, , , 3027.8730000000000473, 1, , , 3027.8730000000000473, 1
, , 3027.8780000000001564, 0, , , 3027.8780000000001564, 1, , , 3027.8780000000001564, 1, , , 3027.8780000000001564, 0
, , 3027.8829999999998108, 0, , , 3027.8829999999998108, 1, , , 3027.8829999999998108, 1, , , 3027.8829999999998108, 0
, , 3027.887000000000171, 0, , , 3027.887000000000171, 1, , , 3027.887000000000171, 1, , , 3027.887000000000171, 0
, , 3027.8930000000000291, 0, , , 3027.8930000000000291, 1, , , 3027.8930000000000291, 1, , , 3027.8930000000000291, 0
, , 3027.8980000000001382, 0, , , 3027.8980000000001382, 1, , , 3027.8980000000001382, 1, , , 3027.8980000000001382, 0
, , 3027.9029999999997926, 0, , , 3027.9029999999997926, 1, , , 3027.9029999999997926, 1, , , 3027.9029999999997926, 0
, , 3027.9079999999999018, 0, , , 3027.9079999999999018, 1, , , 3027.9079999999999018, 1, , , 3027.9079999999999018, 0
, , 3027.9130000000000109, 0, , , 3027.9130000000000109, 1, , , 3027.9130000000000109, 1, , , 3027.9130000000000109, 0
, , 3027.9169999999999163, 0, , , 3027.9169999999999163, 1, , , 3027.9169999999999163, 1, , , 3027.9169999999999163, 0
, , 3027.9239999999999782, 0, , , 3027.9239999999999782, 1, , , 3027.9239999999999782, 1, , , 3027.9239999999999782, 0
, , 3027.9279999999998836, 0, , , 3027.9279999999998836, 1, , , 3027.9279999999998836, 1, , , 3027.9279999999998836, 0
, , 3027.9329999999999927, 0, , , 3027.9329999999999927, 1, , , 3027.9329999999999927, 1, , , 3027.9329999999999927, 0
, , 3027.9389999999998508, 0, , , 3027.9389999999998508, 1, , , 3027.9389999999998508, 1, , , 3027.9389999999998508, 0
, , 3027.943000000000211, 0, , , 3027.943000000000211, 1, , , 3027.943000000000211, 1, , , 3027.943000000000211, 0
, , 3027.9479999999998654, 0, , , 3027.9479999999998654, 1, , , 3027.9479999999998654, 1, , , 3027.9479999999998654, 0
, , 3027.9529999999999745, 0, , , 3027.9529999999999745, 1, , , 3027.9529999999999745, 1, , , 3027.9529999999999745, 0
, , 3027.9580000000000837, 0, , , 3027.9580000000000837, 1, , , 3027.9580000000000837, 1, , , 3027.9580000000000837, 0
, , 3027.9630000000001928, 0, , , 3027.9630000000001928, 1, , , 3027.9630000000001928, 1, , , 3027.9630000000001928, 0
, , 3027.9679999999998472, 0, , , 3027.9679999999998472, 1, , , 3027.9679999999998472, 1, , , 3027.9679999999998472, 0
, , 3027.9740000000001601, 0, , , 3027.9740000000001601, 1, , , 3027.9740000000001601, 1, , , 3027.9740000000001601, 0
, , 3027.9780000000000655, 0, , , 3027.9780000000000655, 1, , , 3027.9780000000000655, 1, , , 3027.9780000000000655, 0
, , 3027.9830000000001746, 0, , , 3027.9830000000001746, 1, , , 3027.9830000000001746, 1, , , 3027.9830000000001746, 0
, , 3027.987999999999829, 0, , , 3027.987999999999829, 1, , , 3027.987999999999829, 1, , , 3027.987999999999829, 0
, , 3027.9940000000001419, 0, , , 3027.9940000000001419, 1, , , 3027.9940000000001419, 1, , , 3027.9940000000001419, 0
, , 3027.9969999999998436, 0, , , 3027.9969999999998436, 1, , , 3027.9969999999998436, 1, , , 3027.9969999999998436, 0
, , 3028.0030000000001564, 0, , , 3028.0030000000001564, 1, , , 3028.0030000000001564, 1, , , 3028.0030000000001564, 0
, , 3028.0079999999998108, 0, , , 3028.0079999999998108, 1, , , 3028.0079999999998108, 1, , , 3028.0079999999998108, 0
, , 3028.01299999999992, 0, , , 3028.01299999999992, 1, , , 3028.01299999999992, 1, , , 3028.01299999999992, 0
, , 3028.0180000000000291, 0, , , 3028.0180000000000291, 1, , , 3028.0180000000000291, 1, , , 3028.0180000000000291, 0
, , 3028.0239999999998872, 0, , , 3028.0239999999998872, 1, , , 3028.0239999999998872, 1, , , 3028.0239999999998872, 0
, , 3028.0270000000000437, 0, , , 3028.0270000000000437, 1, , , 3028.0270000000000437, 1, , , 3028.0270000000000437, 0
, , 3028.0320000000001528, 0, , , 3028.0320000000001528, 1, , , 3028.0320000000001528, 1, , , 3028.0320000000001528, 0
, , 3028.0380000000000109, 0, , , 3028.0380000000000109, 1, , , 3028.0380000000000109, 1, , , 3028.0380000000000109, 0
, , 3028.043999999999869, 0, , , 3028.043999999999869, 1, , , 3028.043999999999869, 1, , , 3028.043999999999869, 0
, , 3028.0479999999997744, 0, , , 3028.0479999999997744, 1, , , 3028.0479999999997744, 1, , , 3028.0479999999997744, 0
, , 3028.0529999999998836, 0, , , 3028.0529999999998836, 1, , , 3028.0529999999998836, 1, , , 3028.0529999999998836, 0
, , 3028.0579999999999927, 0, , , 3028.0579999999999927, 1, , , 3028.0579999999999927, 1, , , 3028.0579999999999927, 0
, , 3028.0630000000001019, 0, , , 3028.0630000000001019, 1, , , 3028.0630000000001019, 1, , , 3028.0630000000001019, 0
, , 3028.0670000000000073, 0, , , 3028.0670000000000073, 1, , , 3028.0670000000000073, 1, , , 3028.0670000000000073, 0
, , 3028.0729999999998654, 0, , , 3028.0729999999998654, 1, , , 3028.0729999999998654, 1, , , 3028.0729999999998654, 0
, , 3028.0790000000001783, 0, , , 3028.0790000000001783, 1, , , 3028.0790000000001783, 1, , , 3028.0790000000001783, 0
, , 3028.0830000000000837, 0, , , 3028.0830000000000837, 1, , , 3028.0830000000000837, 1, , , 3028.0830000000000837, 0
, , 3028.0880000000001928, 0, , , 3028.0880000000001928, 1, , , 3028.0880000000001928, 1, , , 3028.0880000000001928, 0
, , 3028.0940000000000509, 0, , , 3028.0940000000000509, 1, , , 3028.0940000000000509, 1, , , 3028.0940000000000509, 0
, , 3028.0990000000001601, 0, , , 3028.0990000000001601, 1, , , 3028.0990000000001601, 1, , , 3028.0990000000001601, 0
, , 3028.1030000000000655, 0, , , 3028.1030000000000655, 1, , , 3028.1030000000000655, 1, , , 3028.1030000000000655, 0
, , 3028.1080000000001746, 0, , , 3028.1080000000001746, 1, , , 3028.1080000000001746, 1, , , 3028.1080000000001746, 0
, , 3028.112999999999829, 0, , , 3028.112999999999829, 1, , , 3028.112999999999829, 1, , , 3028.112999999999829, 0
, , 3028.1179999999999382, 0, , , 3028.1179999999999382, 1, , , 3028.1179999999999382, 1, , , 3028.1179999999999382, 0
, , 3028.1230000000000473, 0, , , 3028.1230000000000473, 1, , , 3028.1230000000000473, 1, , , 3028.1230000000000473, 0
, , 3028.1280000000001564, 1, , , 3028.1280000000001564, 1, , , 3028.1280000000001564, 1, , , 3028.1280000000001564, 1
, , 3028.1320000000000618, 1, , , 3028.1320000000000618, 1, , , 3028.1320000000000618, 1, , , 3028.1320000000000618, 1
, , 3028.13799999999992, 1, , , 3028.13799999999992, 1, , , 3028.13799999999992, 1, , , 3028.13799999999992, 1
, , 3028.1439999999997781, 1, , , 3028.1439999999997781, 1, , , 3028.1439999999997781, 1, , , 3028.1439999999997781, 1
, , 3028.1480000000001382, 1, , , 3028.1480000000001382, 1, , , 3028.1480000000001382, 1, , , 3028.1480000000001382, 1
, , 3028.1529999999997926, 1, , , 3028.1529999999997926, 1, , , 3028.1529999999997926, 1, , , 3028.1529999999997926, 1
, , 3028.1579999999999018, 1, , , 3028.1579999999999018, 1, , , 3028.1579999999999018, 1, , , 3028.1579999999999018, 1
, , 3028.1630000000000109, 1, , , 3028.1630000000000109, 1, , , 3028.1630000000000109, 1, , , 3028.1630000000000109, 1
, , 3028.168999999999869, 1, , , 3028.168999999999869, 1, , , 3028.168999999999869, 1, , , 3028.168999999999869, 1
, , 3028.1720000000000255, 1, , , 3028.1720000000000255, 1, , , 3028.1720000000000255, 1, , , 3028.1720000000000255, 1
, , 3028.1790000000000873, 1, , , 3028.1790000000000873, 1, , , 3028.1790000000000873, 1, , , 3028.1790000000000873, 1
, , 3028.1829999999999927, 1, , , 3028.1829999999999927, 1, , , 3028.1829999999999927, 1, , , 3028.1829999999999927, 1
, , 3028.1889999999998508, 1, , , 3028.1889999999998508, 1, , , 3028.1889999999998508, 1, , , 3028.1889999999998508, 1
, , 3028.193000000000211, 1, , , 3028.193000000000211, 1, , , 3028.193000000000211, 1, , , 3028.193000000000211, 1
, , 3028.1979999999998654, 1, , , 3028.1979999999998654, 1, , , 3028.1979999999998654, 1, , , 3028.1979999999998654, 1
, , 3028.2029999999999745, 1, , , 3028.2029999999999745, 0, , , 3028.2029999999999745, 0, , , 3028.2029999999999745, 1
, , 3028.2080000000000837, 1, , , 3028.2080000000000837, 0, , , 3028.2080000000000837, 0, , , 3028.2080000000000837, 1
, , 3028.2130000000001928, 1, , , 3028.2130000000001928, 0, , , 3028.2130000000001928, 0, , , 3028.2130000000001928, 1
, , 3028.2179999999998472, 1, , , 3028.2179999999998472, 0, , , 3028.2179999999998472, 0, , , 3028.2179999999998472, 1
, , 3028.2240000000001601, 1, , , 3028.2240000000001601, 0, , , 3028.2240000000001601, 0, , , 3028.2240000000001601, 1
, , 3028.2280000000000655, 1, , , 3028.2280000000000655, 0, , , 3028.2280000000000655, 0, , , 3028.2280000000000655, 1
, , 3028.2330000000001746, 1, , , 3028.2330000000001746, 0, , , 3028.2330000000001746, 0, , , 3028.2330000000001746, 1
, , 3028.237999999999829, 1, , , 3028.237999999999829, 0, , , 3028.237999999999829, 0, , , 3028.237999999999829, 1
, , 3028.2429999999999382, 1, , , 3028.2429999999999382, 0, , , 3028.2429999999999382, 0, , , 3028.2429999999999382, 1
, , 3028.2480000000000473, 1, , , 3028.2480000000000473, 0, , , 3028.2480000000000473, 0, , , 3028.2480000000000473, 1
, , 3028.2539999999999054, 1, , , 3028.2539999999999054, 0, , , 3028.2539999999999054, 0, , , 3028.2539999999999054, 1
, , 3028.2600000000002183, 1, , , 3028.2600000000002183, 0, , , 3028.2600000000002183, 0, , , 3028.2600000000002183, 1
, , 3028.2640000000001237, 1, , , 3028.2640000000001237, 0, , , 3028.2640000000001237, 0, , , 3028.2640000000001237, 1
, , 3028.2680000000000291, 1, , , 3028.2680000000000291, 0, , , 3028.2680000000000291, 0, , , 3028.2680000000000291, 1
, , 3028.2719999999999345, 1, , , 3028.2719999999999345, 0, , , 3028.2719999999999345, 0, , , 3028.2719999999999345, 1
, , 3028.2779999999997926, 1, , , 3028.2779999999997926, 0, , , 3028.2779999999997926, 0, , , 3028.2779999999997926, 1
, , 3028.2829999999999018, 1, , , 3028.2829999999999018, 0, , , 3028.2829999999999018, 0, , , 3028.2829999999999018, 1
, , 3028.2880000000000109, 1, , , 3028.2880000000000109, 0, , , 3028.2880000000000109, 0, , , 3028.2880000000000109, 1
, , 3028.293999999999869, 1, , , 3028.293999999999869, 0, , , 3028.293999999999869, 0, , , 3028.293999999999869, 1
, , 3028.2979999999997744, 1, , , 3028.2979999999997744, 0, , , 3028.2979999999997744, 0, , , 3028.2979999999997744, 1
, , 3028.3029999999998836, 1, , , 3028.3029999999998836, 0, , , 3028.3029999999998836, 0, , , 3028.3029999999998836, 1
, , 3028.3079999999999927, 1, , , 3028.3079999999999927, 0, , , 3028.3079999999999927, 0, , , 3028.3079999999999927, 1
, , 3028.3139999999998508, 1, , , 3028.3139999999998508, 0, , , 3028.3139999999998508, 0, , , 3028.3139999999998508, 1
, , 3028.3200000000001637, 1, , , 3028.3200000000001637, 0, , , 3028.3200000000001637, 0, , , 3028.3200000000001637, 1
, , 3028.3229999999998654, 1, , , 3028.3229999999998654, 0, , , 3028.3229999999998654, 0, , , 3028.3229999999998654, 1
, , 3028.3279999999999745, 1, , , 3028.3279999999999745, 0, , , 3028.3279999999999745, 0, , , 3028.3279999999999745, 1
, , 3028.3330000000000837, 1, , , 3028.3330000000000837, 0, , , 3028.3330000000000837, 0, , , 3028.3330000000000837, 1
, , 3028.3409999999998945, 1, , , 3028.3409999999998945, 0, , , 3028.3409999999998945, 0, , , 3028.3409999999998945, 1
, , 3028.3429999999998472, 1, , , 3028.3429999999998472, 0, , , 3028.3429999999998472, 0, , , 3028.3429999999998472, 1
, , 3028.3479999999999563, 1, , , 3028.3479999999999563, 0, , , 3028.3479999999999563, 0, , , 3028.3479999999999563, 1
, , 3028.3530000000000655, 1, , , 3028.3530000000000655, 0, , , 3028.3530000000000655, 0, , , 3028.3530000000000655, 1
, , 3028.3589999999999236, 1, , , 3028.3589999999999236, 0, , , 3028.3589999999999236, 0, , , 3028.3589999999999236, 1
, , 3028.362999999999829, 1, , , 3028.362999999999829, 0, , , 3028.362999999999829, 0, , , 3028.362999999999829, 1
, , 3028.3679999999999382, 1, , , 3028.3679999999999382, 0, , , 3028.3679999999999382, 0, , , 3028.3679999999999382, 1
, , 3028.3739999999997963, 1, , , 3028.3739999999997963, 0, , , 3028.3739999999997963, 0, , , 3028.3739999999997963, 1
, , 3028.3780000000001564, 1, , , 3028.3780000000001564, 0, , , 3028.3780000000001564, 0, , , 3028.3780000000001564, 1
, , 3028.3829999999998108, 1, , , 3028.3829999999998108, 0, , , 3028.3829999999998108, 0, , , 3028.3829999999998108, 1
, , 3028.38799999999992, 1, , , 3028.38799999999992, 0, , , 3028.38799999999992, 0, , , 3028.38799999999992, 1
, , 3028.3930000000000291, 1, , , 3028.3930000000000291, 0, , , 3028.3930000000000291, 0, , , 3028.3930000000000291, 1
, , 3028.3980000000001382, 1, , , 3028.3980000000001382, 0, , , 3028.3980000000001382, 0, , , 3028.3980000000001382, 1
, , 3028.4029999999997926, 1, , , 3028.4029999999997926, 0, , , 3028.4029999999997926, 0, , , 3028.4029999999997926, 1
, , 3028.4079999999999018, 1, , , 3028.4079999999999018, 0, , , 3028.4079999999999018, 0, , , 3028.4079999999999018, 1
, , 3028.4130000000000109, 1, , , 3028.4130000000000109, 0, , , 3028.4130000000000109, 0, , , 3028.4130000000000109, 1
, , 3028.4169999999999163, 1, , , 3028.4169999999999163, 0, , , 3028.4169999999999163, 0, , , 3028.4169999999999163, 1
, , 3028.4220000000000255, 1, , , 3028.4220000000000255, 0, , , 3028.4220000000000255, 0, , , 3028.4220000000000255, 1
, , 3028.4279999999998836, 1, , , 3028.4279999999998836, 0, , , 3028.4279999999998836, 0, , , 3028.4279999999998836, 1
, , 3028.4329999999999927, 1, , , 3028.4329999999999927, 0, , , 3028.4329999999999927, 0, , , 3028.4329999999999927, 1
, , 3028.4380000000001019, 1, , , 3028.4380000000001019, 0, , , 3028.4380000000001019, 0, , , 3028.4380000000001019, 1
, , 3028.443000000000211, 1, , , 3028.443000000000211, 0, , , 3028.443000000000211, 0, , , 3028.443000000000211, 1
, , 3028.4470000000001164, 1, , , 3028.4470000000001164, 0, , , 3028.4470000000001164, 0, , , 3028.4470000000001164, 1
, , 3028.4529999999999745, 1, , , 3028.4529999999999745, 1, , , 3028.4529999999999745, 1, , , 3028.4529999999999745, 1
, , 3028.4580000000000837, 1, , , 3028.4580000000000837, 1, , , 3028.4580000000000837, 1, , , 3028.4580000000000837, 1
, , 3028.4619999999999891, 1, , , 3028.4619999999999891, 1, , , 3028.4619999999999891, 1, , , 3028.4619999999999891, 1
, , 3028.4679999999998472, 1, , , 3028.4679999999998472, 1, , , 3028.4679999999998472, 1, , , 3028.4679999999998472, 1
, , 3028.4740000000001601, 1, , , 3028.4740000000001601, 1, , , 3028.4740000000001601, 1, , , 3028.4740000000001601, 1
, , 3028.4780000000000655, 1, , , 3028.4780000000000655, 1, , , 3028.4780000000000655, 1, , , 3028.4780000000000655, 1
, , 3028.4839999999999236, 1, , , 3028.4839999999999236, 1, , , 3028.4839999999999236, 1, , , 3028.4839999999999236, 1
, , 3028.4890000000000327, 1, , , 3028.4890000000000327, 1, , , 3028.4890000000000327, 1, , , 3028.4890000000000327, 1
, , 3028.4929999999999382, 1, , , 3028.4929999999999382, 1, , , 3028.4929999999999382, 1, , , 3028.4929999999999382, 1
, , 3028.4969999999998436, 1, , , 3028.4969999999998436, 1, , , 3028.4969999999998436, 1, , , 3028.4969999999998436, 1
, , 3028.5030000000001564, 1, , , 3028.5030000000001564, 1, , , 3028.5030000000001564, 1, , , 3028.5030000000001564, 1
, , 3028.5079999999998108, 1, , , 3028.5079999999998108, 1, , , 3028.5079999999998108, 1, , , 3028.5079999999998108, 1
, , 3028.5140000000001237, 1, , , 3028.5140000000001237, 1, , , 3028.5140000000001237, 1, , , 3028.5140000000001237, 1
, , 3028.5180000000000291, 1, , , 3028.5180000000000291, 1, , , 3028.5180000000000291, 1, , , 3028.5180000000000291, 1
, , 3028.5230000000001382, 1, , , 3028.5230000000001382, 1, , , 3028.5230000000001382, 1, , , 3028.5230000000001382, 1
, , 3028.5279999999997926, 0, , , 3028.5279999999997926, 1, , , 3028.5279999999997926, 1, , , 3028.5279999999997926, 0
, , 3028.5329999999999018, 0, , , 3028.5329999999999018, 1, , , 3028.5329999999999018, 1, , , 3028.5329999999999018, 0
, , 3028.5380000000000109, 0, , , 3028.5380000000000109, 1, , , 3028.5380000000000109, 1, , , 3028.5380000000000109, 0
, , 3028.5430000000001201, 0, , , 3028.5430000000001201, 1, , , 3028.5430000000001201, 1, , , 3028.5430000000001201, 0
, , 3028.5489999999999782, 0, , , 3028.5489999999999782, 1, , , 3028.5489999999999782, 1, , , 3028.5489999999999782, 0
, , 3028.5529999999998836, 0, , , 3028.5529999999998836, 1, , , 3028.5529999999998836, 1, , , 3028.5529999999998836, 0
, , 3028.5579999999999927, 0, , , 3028.5579999999999927, 1, , , 3028.5579999999999927, 1, , , 3028.5579999999999927, 0
, , 3028.5630000000001019, 0, , , 3028.5630000000001019, 1, , , 3028.5630000000001019, 1, , , 3028.5630000000001019, 0
, , 3028.568000000000211, 0, , , 3028.568000000000211, 1, , , 3028.568000000000211, 1, , , 3028.568000000000211, 0
, , 3028.5729999999998654, 0, , , 3028.5729999999998654, 1, , , 3028.5729999999998654, 1, , , 3028.5729999999998654, 0
, , 3028.5779999999999745, 0, , , 3028.5779999999999745, 1, , , 3028.5779999999999745, 1, , , 3028.5779999999999745, 0
, , 3028.5850000000000364, 0, , , 3028.5850000000000364, 1, , , 3028.5850000000000364, 1, , , 3028.5850000000000364, 0
, , 3028.5880000000001928, 0, , , 3028.5880000000001928, 1, , , 3028.5880000000001928, 1, , , 3028.5880000000001928, 0
, , 3028.5929999999998472, 0, , , 3028.5929999999998472, 1, , , 3028.5929999999998472, 1, , , 3028.5929999999998472, 0
, , 3028.5990000000001601, 0, , , 3028.5990000000001601, 1, , , 3028.5990000000001601, 1, , , 3028.5990000000001601, 0
, , 3028.6030000000000655, 0, , , 3028.6030000000000655, 1, , , 3028.6030000000000655, 1, , , 3028.6030000000000655, 0
, , 3028.6080000000001746, 0, , , 3028.6080000000001746, 1, , , 3028.6080000000001746, 1, , , 3028.6080000000001746, 0
, , 3028.612999999999829, 0, , , 3028.612999999999829, 1, , , 3028.612999999999829, 1, , , 3028.612999999999829, 0
, , 3028.6179999999999382, 0, , , 3028.6179999999999382, 1, , , 3028.6179999999999382, 1, , , 3028.6179999999999382, 0
, , 3028.6230000000000473, 0, , , 3028.6230000000000473, 1, , , 3028.6230000000000473, 1, , , 3028.6230000000000473, 0
, , 3028.6289999999999054, 0, , , 3028.6289999999999054, 1, , , 3028.6289999999999054, 1, , , 3028.6289999999999054, 0
, , 3028.6329999999998108, 0, , , 3028.6329999999998108, 1, , , 3028.6329999999998108, 1, , , 3028.6329999999998108, 0
, , 3028.6390000000001237, 0, , , 3028.6390000000001237, 1, , , 3028.6390000000001237, 1, , , 3028.6390000000001237, 0
, , 3028.6430000000000291, 0, , , 3028.6430000000000291, 1, , , 3028.6430000000000291, 1, , , 3028.6430000000000291, 0
, , 3028.6480000000001382, 0, , , 3028.6480000000001382, 1, , , 3028.6480000000001382, 1, , , 3028.6480000000001382, 0
, , 3028.6529999999997926, 0, , , 3028.6529999999997926, 1, , , 3028.6529999999997926, 1, , , 3028.6529999999997926, 0
, , 3028.6590000000001055, 0, , , 3028.6590000000001055, 1, , , 3028.6590000000001055, 1, , , 3028.6590000000001055, 0
, , 3028.6630000000000109, 0, , , 3028.6630000000000109, 1, , , 3028.6630000000000109, 1, , , 3028.6630000000000109, 0
, , 3028.6680000000001201, 0, , , 3028.6680000000001201, 1, , , 3028.6680000000001201, 1, , , 3028.6680000000001201, 0
, , 3028.6729999999997744, 0, , , 3028.6729999999997744, 1, , , 3028.6729999999997744, 1, , , 3028.6729999999997744, 0
, , 3028.6790000000000873, 0, , , 3028.6790000000000873, 1, , , 3028.6790000000000873, 1, , , 3028.6790000000000873, 0
, , 3028.6829999999999927, 0, , , 3028.6829999999999927, 1, , , 3028.6829999999999927, 1, , , 3028.6829999999999927, 0
, , 3028.6880000000001019, 0, , , 3028.6880000000001019, 1, , , 3028.6880000000001019, 1, , , 3028.6880000000001019, 0
, , 3028.693000000000211, 0, , , 3028.693000000000211, 1, , , 3028.693000000000211, 1, , , 3028.693000000000211, 0
, , 3028.6979999999998654, 0, , , 3028.6979999999998654, 1, , , 3028.6979999999998654, 1, , , 3028.6979999999998654, 0
, , 3028.7029999999999745, 0, , , 3028.7029999999999745, 1, , , 3028.7029999999999745, 1, , , 3028.7029999999999745, 0
, , 3028.7080000000000837, 0, , , 3028.7080000000000837, 1, , , 3028.7080000000000837, 1, , , 3028.7080000000000837, 0
, , 3028.7130000000001928, 0, , , 3028.7130000000001928, 1, , , 3028.7130000000001928, 1, , , 3028.7130000000001928, 0
, , 3028.7179999999998472, 0, , , 3028.7179999999998472, 1, , , 3028.7179999999998472, 1, , , 3028.7179999999998472, 0
, , 3028.7229999999999563, 0, , , 3028.7229999999999563, 1, , , 3028.7229999999999563, 1, , , 3028.7229999999999563, 0
, , 3028.7280000000000655, 0, , , 3028.7280000000000655, 1, , , 3028.7280000000000655, 1, , , 3028.7280000000000655, 0
, , 3028.7330000000001746, 0, , , 3028.7330000000001746, 1, , , 3028.7330000000001746, 1, , , 3028.7330000000001746, 0
, , 3028.73700000000008, 0, , , 3028.73700000000008, 1, , , 3028.73700000000008, 1, , , 3028.73700000000008, 0
, , 3028.7429999999999382, 0, , , 3028.7429999999999382, 1, , , 3028.7429999999999382, 1, , , 3028.7429999999999382, 0
, , 3028.7480000000000473, 0, , , 3028.7480000000000473, 1, , , 3028.7480000000000473, 1, , , 3028.7480000000000473, 0
, , 3028.7530000000001564, 0, , , 3028.7530000000001564, 1, , , 3028.7530000000001564, 1, , , 3028.7530000000001564, 0
, , 3028.7579999999998108, 0, , , 3028.7579999999998108, 1, , , 3028.7579999999998108, 1, , , 3028.7579999999998108, 0
, , 3028.7660000000000764, 0, , , 3028.7660000000000764, 1, , , 3028.7660000000000764, 1, , , 3028.7660000000000764, 0
, , 3028.7680000000000291, 0, , , 3028.7680000000000291, 1, , , 3028.7680000000000291, 1, , , 3028.7680000000000291, 0
, , 3028.7730000000001382, 0, , , 3028.7730000000001382, 1, , , 3028.7730000000001382, 1, , , 3028.7730000000001382, 0
, , 3028.7789999999999964, 1, , , 3028.7789999999999964, 1, , , 3028.7789999999999964, 1, , , 3028.7789999999999964, 1
, , 3028.7829999999999018, 1, , , 3028.7829999999999018, 1, , , 3028.7829999999999018, 1, , , 3028.7829999999999018, 1
, , 3028.7890000000002146, 1, , , 3028.7890000000002146, 1, , , 3028.7890000000002146, 1, , , 3028.7890000000002146, 1
, , 3028.7930000000001201, 1, , , 3028.7930000000001201, 1, , , 3028.7930000000001201, 1, , , 3028.7930000000001201, 1
, , 3028.7989999999999782, 1, , , 3028.7989999999999782, 1, , , 3028.7989999999999782, 1, , , 3028.7989999999999782, 1
, , 3028.8029999999998836, 1, , , 3028.8029999999998836, 1, , , 3028.8029999999998836, 1, , , 3028.8029999999998836, 1
, , 3028.8079999999999927, 1, , , 3028.8079999999999927, 1, , , 3028.8079999999999927, 1, , , 3028.8079999999999927, 1
, , 3028.8130000000001019, 1, , , 3028.8130000000001019, 1, , , 3028.8130000000001019, 1, , , 3028.8130000000001019, 1
, , 3028.818000000000211, 1, , , 3028.818000000000211, 1, , , 3028.818000000000211, 1, , , 3028.818000000000211, 1
, , 3028.8229999999998654, 1, , , 3028.8229999999998654, 1, , , 3028.8229999999998654, 1, , , 3028.8229999999998654, 1
, , 3028.8279999999999745, 1, , , 3028.8279999999999745, 1, , , 3028.8279999999999745, 1, , , 3028.8279999999999745, 1
, , 3028.8330000000000837, 1, , , 3028.8330000000000837, 1, , , 3028.8330000000000837, 1, , , 3028.8330000000000837, 1
, , 3028.8380000000001928, 1, , , 3028.8380000000001928, 1, , , 3028.8380000000001928, 1, , , 3028.8380000000001928, 1
, , 3028.8429999999998472, 1, , , 3028.8429999999998472, 1, , , 3028.8429999999998472, 1, , , 3028.8429999999998472, 1
, , 3028.8479999999999563, 1, , , 3028.8479999999999563, 1, , , 3028.8479999999999563, 1, , , 3028.8479999999999563, 1
, , 3028.8530000000000655, 1, , , 3028.8530000000000655, 0, , , 3028.8530000000000655, 0, , , 3028.8530000000000655, 1
, , 3028.8580000000001746, 1, , , 3028.8580000000001746, 0, , , 3028.8580000000001746, 0, , , 3028.8580000000001746, 1
, , 3028.862999999999829, 1, , , 3028.862999999999829, 0, , , 3028.862999999999829, 0, , , 3028.862999999999829, 1
, , 3028.8679999999999382, 1, , , 3028.8679999999999382, 0, , , 3028.8679999999999382, 0, , , 3028.8679999999999382, 1
, , 3028.8730000000000473, 1, , , 3028.8730000000000473, 0, , , 3028.8730000000000473, 0, , , 3028.8730000000000473, 1
, , 3028.8780000000001564, 1, , , 3028.8780000000001564, 0, , , 3028.8780000000001564, 0, , , 3028.8780000000001564, 1
, , 3028.8829999999998108, 1, , , 3028.8829999999998108, 0, , , 3028.8829999999998108, 0, , , 3028.8829999999998108, 1
, , 3028.8890000000001237, 1, , , 3028.8890000000001237, 0, , , 3028.8890000000001237, 0, , , 3028.8890000000001237, 1
, , 3028.8930000000000291, 1, , , 3028.8930000000000291, 0, , , 3028.8930000000000291, 0, , , 3028.8930000000000291, 1
, , 3028.8980000000001382, 1, , , 3028.8980000000001382, 0, , , 3028.8980000000001382, 0, , , 3028.8980000000001382, 1
, , 3028.9029999999997926, 1, , , 3028.9029999999997926, 0, , , 3028.9029999999997926, 0, , , 3028.9029999999997926, 1
, , 3028.9079999999999018, 1, , , 3028.9079999999999018, 0, , , 3028.9079999999999018, 0, , , 3028.9079999999999018, 1
, , 3028.9149999999999636, 1, , , 3028.9149999999999636, 0, , , 3028.9149999999999636, 0, , , 3028.9149999999999636, 1
, , 3028.9169999999999163, 1, , , 3028.9169999999999163, 0, , , 3028.9169999999999163, 0, , , 3028.9169999999999163, 1
, , 3028.9220000000000255, 1, , , 3028.9220000000000255, 0, , , 3028.9220000000000255, 0, , , 3028.9220000000000255, 1
, , 3028.9279999999998836, 1, , , 3028.9279999999998836, 0, , , 3028.9279999999998836, 0, , , 3028.9279999999998836, 1
, , 3028.9329999999999927, 1, , , 3028.9329999999999927, 0, , , 3028.9329999999999927, 0, , , 3028.9329999999999927, 1
, , 3028.9380000000001019, 1, , , 3028.9380000000001019, 0, , , 3028.9380000000001019, 0, , , 3028.9380000000001019, 1
, , 3028.943000000000211, 1, , , 3028.943000000000211, 0, , , 3028.943000000000211, 0, , , 3028.943000000000211, 1
, , 3028.9479999999998654, 1, , , 3028.9479999999998654, 0, , , 3028.9479999999998654, 0, , , 3028.9479999999998654, 1
, , 3028.9529999999999745, 1, , , 3028.9529999999999745, 0, , , 3028.9529999999999745, 0, , , 3028.9529999999999745, 1
, , 3028.9589999999998327, 1, , , 3028.9589999999998327, 0, , , 3028.9589999999998327, 0, , , 3028.9589999999998327, 1
, , 3028.9639999999999418, 1, , , 3028.9639999999999418, 0, , , 3028.9639999999999418, 0, , , 3028.9639999999999418, 1
, , 3028.9679999999998472, 1, , , 3028.9679999999998472, 0, , , 3028.9679999999998472, 0, , , 3028.9679999999998472, 1
, , 3028.9740000000001601, 1, , , 3028.9740000000001601, 0, , , 3028.9740000000001601, 0, , , 3028.9740000000001601, 1
, , 3028.9789999999998145, 1, , , 3028.9789999999998145, 0, , , 3028.9789999999998145, 0, , , 3028.9789999999998145, 1
, , 3028.9839999999999236, 1, , , 3028.9839999999999236, 0, , , 3028.9839999999999236, 0, , , 3028.9839999999999236, 1
, , 3028.987999999999829, 1, , , 3028.987999999999829, 0, , , 3028.987999999999829, 0, , , 3028.987999999999829, 1
, , 3028.9929999999999382, 1, , , 3028.9929999999999382, 0, , , 3028.9929999999999382, 0, , , 3028.9929999999999382, 1
, , 3028.9980000000000473, 1, , , 3028.9980000000000473, 0, , , 3028.9980000000000473, 0, , , 3028.9980000000000473, 1
, , 3029.0030000000001564, 1, , , 3029.0030000000001564, 0, , , 3029.0030000000001564, 0, , , 3029.0030000000001564, 1
, , 3029.0079999999998108, 1, , , 3029.0079999999998108, 0, , , 3029.0079999999998108, 0, , , 3029.0079999999998108, 1
, , 3029.01299999999992, 1, , , 3029.01299999999992, 0, , , 3029.01299999999992, 0, , , 3029.01299999999992, 1
, , 3029.0189999999997781, 1, , , 3029.0189999999997781, 0, , , 3029.0189999999997781, 0, , , 3029.0189999999997781, 1
, , 3029.0230000000001382, 1, , , 3029.0230000000001382, 0, , , 3029.0230000000001382, 0, , , 3029.0230000000001382, 1
, , 3029.0279999999997926, 1, , , 3029.0279999999997926, 0, , , 3029.0279999999997926, 0, , , 3029.0279999999997926, 1
, , 3029.0329999999999018, 1, , , 3029.0329999999999018, 0, , , 3029.0329999999999018, 0, , , 3029.0329999999999018, 1
, , 3029.0380000000000109, 1, , , 3029.0380000000000109, 0, , , 3029.0380000000000109, 0, , , 3029.0380000000000109, 1
, , 3029.0430000000001201, 1, , , 3029.0430000000001201, 0, , , 3029.0430000000001201, 0, , , 3029.0430000000001201, 1
, , 3029.0470000000000255, 1, , , 3029.0470000000000255, 0, , , 3029.0470000000000255, 0, , , 3029.0470000000000255, 1
, , 3029.0529999999998836, 1, , , 3029.0529999999998836, 0, , , 3029.0529999999998836, 0, , , 3029.0529999999998836, 1
, , 3029.0579999999999927, 1, , , 3029.0579999999999927, 0, , , 3029.0579999999999927, 0, , , 3029.0579999999999927, 1
, , 3029.0630000000001019, 1, , , 3029.0630000000001019, 0, , , 3029.0630000000001019, 0, , , 3029.0630000000001019, 1
, , 3029.068000000000211, 1, , , 3029.068000000000211, 0, , , 3029.068000000000211, 0, , , 3029.068000000000211, 1
, , 3029.0740000000000691, 1, , , 3029.0740000000000691, 0, , , 3029.0740000000000691, 0, , , 3029.0740000000000691, 1
, , 3029.0779999999999745, 1, , , 3029.0779999999999745, 0, , , 3029.0779999999999745, 0, , , 3029.0779999999999745, 1
, , 3029.0830000000000837, 1, , , 3029.0830000000000837, 0, , , 3029.0830000000000837, 0, , , 3029.0830000000000837, 1
, , 3029.0880000000001928, 1, , , 3029.0880000000001928, 0, , , 3029.0880000000001928, 0, , , 3029.0880000000001928, 1
, , 3029.0929999999998472, 1, , , 3029.0929999999998472, 0, , , 3029.0929999999998472, 0, , , 3029.0929999999998472, 1
, , 3029.0990000000001601, 1, , , 3029.0990000000001601, 1, , , 3029.0990000000001601, 1, , , 3029.0990000000001601, 1
, , 3029.1039999999998145, 1, , , 3029.1039999999998145, 1, , , 3029.1039999999998145, 1, , , 3029.1039999999998145, 1
, , 3029.1100000000001273, 1, , , 3029.1100000000001273, 1, , , 3029.1100000000001273, 1, , , 3029.1100000000001273, 1
, , 3029.1159999999999854, 1, , , 3029.1159999999999854, 1, , , 3029.1159999999999854, 1, , , 3029.1159999999999854, 1
, , 3029.1179999999999382, 1, , , 3029.1179999999999382, 1, , , 3029.1179999999999382, 1, , , 3029.1179999999999382, 1
, , 3029.1230000000000473, 1, , , 3029.1230000000000473, 1, , , 3029.1230000000000473, 1, , , 3029.1230000000000473, 1
, , 3029.1280000000001564, 1, , , 3029.1280000000001564, 1, , , 3029.1280000000001564, 1, , , 3029.1280000000001564, 1
, , 3029.1340000000000146, 1, , , 3029.1340000000000146, 1, , , 3029.1340000000000146, 1, , , 3029.1340000000000146, 1
, , 3029.1390000000001237, 1, , , 3029.1390000000001237, 1, , , 3029.1390000000001237, 1, , , 3029.1390000000001237, 1
, , 3029.1430000000000291, 1, , , 3029.1430000000000291, 1, , , 3029.1430000000000291, 1, , , 3029.1430000000000291, 1
, , 3029.1489999999998872, 1, , , 3029.1489999999998872, 1, , , 3029.1489999999998872, 1, , , 3029.1489999999998872, 1
, , 3029.1529999999997926, 1, , , 3029.1529999999997926, 1, , , 3029.1529999999997926, 1, , , 3029.1529999999997926, 1
, , 3029.1579999999999018, 1, , , 3029.1579999999999018, 1, , , 3029.1579999999999018, 1, , , 3029.1579999999999018, 1
, , 3029.1630000000000109, 1, , , 3029.1630000000000109, 1, , , 3029.1630000000000109, 1, , , 3029.1630000000000109, 1
, , 3029.168999999999869, 1, , , 3029.168999999999869, 1, , , 3029.168999999999869, 1, , , 3029.168999999999869, 1
, , 3029.1729999999997744, 1, , , 3029.1729999999997744, 1, , , 3029.1729999999997744, 1, , , 3029.1729999999997744, 1
, , 3029.1779999999998836, 0, , , 3029.1779999999998836, 1, , , 3029.1779999999998836, 1, , , 3029.1779999999998836, 0
, , 3029.1829999999999927, 0, , , 3029.1829999999999927, 1, , , 3029.1829999999999927, 1, , , 3029.1829999999999927, 0
, , 3029.1880000000001019, 0, , , 3029.1880000000001019, 1, , , 3029.1880000000001019, 1, , , 3029.1880000000001019, 0
, , 3029.19399999999996, 0, , , 3029.19399999999996, 1, , , 3029.19399999999996, 1, , , 3029.19399999999996, 0
, , 3029.1979999999998654, 0, , , 3029.1979999999998654, 1, , , 3029.1979999999998654, 1, , , 3029.1979999999998654, 0
, , 3029.2040000000001783, 0, , , 3029.2040000000001783, 1, , , 3029.2040000000001783, 1, , , 3029.2040000000001783, 0
, , 3029.2080000000000837, 0, , , 3029.2080000000000837, 1, , , 3029.2080000000000837, 1, , , 3029.2080000000000837, 0
, , 3029.2130000000001928, 0, , , 3029.2130000000001928, 1, , , 3029.2130000000001928, 1, , , 3029.2130000000001928, 0
, , 3029.2199999999997999, 0, , , 3029.2199999999997999, 1, , , 3029.2199999999997999, 1, , , 3029.2199999999997999, 0
, , 3029.2229999999999563, 0, , , 3029.2229999999999563, 1, , , 3029.2229999999999563, 1, , , 3029.2229999999999563, 0
, , 3029.2280000000000655, 0, , , 3029.2280000000000655, 1, , , 3029.2280000000000655, 1, , , 3029.2280000000000655, 0
, , 3029.2339999999999236, 0, , , 3029.2339999999999236, 1, , , 3029.2339999999999236, 1, , , 3029.2339999999999236, 0
, , 3029.237999999999829, 0, , , 3029.237999999999829, 1, , , 3029.237999999999829, 1, , , 3029.237999999999829, 0
, , 3029.2429999999999382, 0, , , 3029.2429999999999382, 1, , , 3029.2429999999999382, 1, , , 3029.2429999999999382, 0
, , 3029.2480000000000473, 0, , , 3029.2480000000000473, 1, , , 3029.2480000000000473, 1, , , 3029.2480000000000473, 0
, , 3029.2530000000001564, 0, , , 3029.2530000000001564, 1, , , 3029.2530000000001564, 1, , , 3029.2530000000001564, 0
, , 3029.2579999999998108, 0, , , 3029.2579999999998108, 1, , , 3029.2579999999998108, 1, , , 3029.2579999999998108, 0
, , 3029.26299999999992, 0, , , 3029.26299999999992, 1, , , 3029.26299999999992, 1, , , 3029.26299999999992, 0
, , 3029.2680000000000291, 0, , , 3029.2680000000000291, 1, , , 3029.2680000000000291, 1, , , 3029.2680000000000291, 0
, , 3029.2730000000001382, 0, , , 3029.2730000000001382, 1, , , 3029.2730000000001382, 1, , , 3029.2730000000001382, 0
, , 3029.2789999999999964, 0, , , 3029.2789999999999964, 1, , , 3029.2789999999999964, 1, , , 3029.2789999999999964, 0
, , 3029.2840000000001055, 0, , , 3029.2840000000001055, 1, , , 3029.2840000000001055, 1, , , 3029.2840000000001055, 0
, , 3029.2880000000000109, 0, , , 3029.2880000000000109, 1, , , 3029.2880000000000109, 1, , , 3029.2880000000000109, 0
, , 3029.293999999999869, 0, , , 3029.293999999999869, 1, , , 3029.293999999999869, 1, , , 3029.293999999999869, 0
, , 3029.2979999999997744, 0, , , 3029.2979999999997744, 1, , , 3029.2979999999997744, 1, , , 3029.2979999999997744, 0
, , 3029.3029999999998836, 0, , , 3029.3029999999998836, 1, , , 3029.3029999999998836, 1, , , 3029.3029999999998836, 0
, , 3029.3079999999999927, 0, , , 3029.3079999999999927, 1, , , 3029.3079999999999927, 1, , , 3029.3079999999999927, 0
, , 3029.3130000000001019, 0, , , 3029.3130000000001019, 1, , , 3029.3130000000001019, 1, , , 3029.3130000000001019, 0
, , 3029.318000000000211, 0, , , 3029.318000000000211, 1, , , 3029.318000000000211, 1, , , 3029.318000000000211, 0
, , 3029.3229999999998654, 0, , , 3029.3229999999998654, 1, , , 3029.3229999999998654, 1, , , 3029.3229999999998654, 0
, , 3029.3279999999999745, 0, , , 3029.3279999999999745, 1, , , 3029.3279999999999745, 1, , , 3029.3279999999999745, 0
, , 3029.3330000000000837, 0, , , 3029.3330000000000837, 1, , , 3029.3330000000000837, 1, , , 3029.3330000000000837, 0
, , 3029.3380000000001928, 0, , , 3029.3380000000001928, 1, , , 3029.3380000000001928, 1, , , 3029.3380000000001928, 0
, , 3029.3440000000000509, 0, , , 3029.3440000000000509, 1, , , 3029.3440000000000509, 1, , , 3029.3440000000000509, 0
, , 3029.3479999999999563, 0, , , 3029.3479999999999563, 1, , , 3029.3479999999999563, 1, , , 3029.3479999999999563, 0
, , 3029.3530000000000655, 0, , , 3029.3530000000000655, 1, , , 3029.3530000000000655, 1, , , 3029.3530000000000655, 0
, , 3029.3580000000001746, 0, , , 3029.3580000000001746, 1, , , 3029.3580000000001746, 1, , , 3029.3580000000001746, 0
, , 3029.362999999999829, 0, , , 3029.362999999999829, 1, , , 3029.362999999999829, 1, , , 3029.362999999999829, 0
, , 3029.3679999999999382, 0, , , 3029.3679999999999382, 1, , , 3029.3679999999999382, 1, , , 3029.3679999999999382, 0
, , 3029.3739999999997963, 0, , , 3029.3739999999997963, 1, , , 3029.3739999999997963, 1, , , 3029.3739999999997963, 0
, , 3029.3780000000001564, 0, , , 3029.3780000000001564, 1, , , 3029.3780000000001564, 1, , , 3029.3780000000001564, 0
, , 3029.3829999999998108, 0, , , 3029.3829999999998108, 1, , , 3029.3829999999998108, 1, , , 3029.3829999999998108, 0
, , 3029.38799999999992, 0, , , 3029.38799999999992, 1, , , 3029.38799999999992, 1, , , 3029.38799999999992, 0
, , 3029.3930000000000291, 0, , , 3029.3930000000000291, 1, , , 3029.3930000000000291, 1, , , 3029.3930000000000291, 0
, , 3029.3989999999998872, 0, , , 3029.3989999999998872, 1, , , 3029.3989999999998872, 1, , , 3029.3989999999998872, 0
, , 3029.4029999999997926, 0, , , 3029.4029999999997926, 1, , , 3029.4029999999997926, 1, , , 3029.4029999999997926, 0
, , 3029.4090000000001055, 0, , , 3029.4090000000001055, 1, , , 3029.4090000000001055, 1, , , 3029.4090000000001055, 0
, , 3029.4099999999998545, 0, , , 3029.4099999999998545, 1, , , 3029.4099999999998545, 1, , , 3029.4099999999998545, 0
, , 3029.4180000000001201, 0, , , 3029.4180000000001201, 1, , , 3029.4180000000001201, 1, , , 3029.4180000000001201, 0
, , 3029.4250000000001819, 0, , , 3029.4250000000001819, 1, , , 3029.4250000000001819, 1, , , 3029.4250000000001819, 0
, , 3029.4290000000000873, 1, , , 3029.4290000000000873, 1, , , 3029.4290000000000873, 1, , , 3029.4290000000000873, 1
, , 3029.4329999999999927, 1, , , 3029.4329999999999927, 1, , , 3029.4329999999999927, 1, , , 3029.4329999999999927, 1
, , 3029.4380000000001019, 1, , , 3029.4380000000001019, 1, , , 3029.4380000000001019, 1, , , 3029.4380000000001019, 1
, , 3029.443000000000211, 1, , , 3029.443000000000211, 1, , , 3029.443000000000211, 1, , , 3029.443000000000211, 1
, , 3029.4490000000000691, 1, , , 3029.4490000000000691, 1, , , 3029.4490000000000691, 1, , , 3029.4490000000000691, 1
, , 3029.4529999999999745, 1, , , 3029.4529999999999745, 1, , , 3029.4529999999999745, 1, , , 3029.4529999999999745, 1
, , 3029.4589999999998327, 1, , , 3029.4589999999998327, 1, , , 3029.4589999999998327, 1, , , 3029.4589999999998327, 1
, , 3029.4630000000001928, 1, , , 3029.4630000000001928, 1, , , 3029.4630000000001928, 1, , , 3029.4630000000001928, 1
, , 3029.4690000000000509, 1, , , 3029.4690000000000509, 1, , , 3029.4690000000000509, 1, , , 3029.4690000000000509, 1
, , 3029.4740000000001601, 1, , , 3029.4740000000001601, 1, , , 3029.4740000000001601, 1, , , 3029.4740000000001601, 1
, , 3029.4780000000000655, 1, , , 3029.4780000000000655, 1, , , 3029.4780000000000655, 1, , , 3029.4780000000000655, 1
, , 3029.4830000000001746, 1, , , 3029.4830000000001746, 1, , , 3029.4830000000001746, 1, , , 3029.4830000000001746, 1
, , 3029.487999999999829, 1, , , 3029.487999999999829, 1, , , 3029.487999999999829, 1, , , 3029.487999999999829, 1
, , 3029.4929999999999382, 1, , , 3029.4929999999999382, 1, , , 3029.4929999999999382, 1, , , 3029.4929999999999382, 1
, , 3029.4989999999997963, 1, , , 3029.4989999999997963, 1, , , 3029.4989999999997963, 1, , , 3029.4989999999997963, 1
, , 3029.5030000000001564, 1, , , 3029.5030000000001564, 0, , , 3029.5030000000001564, 0, , , 3029.5030000000001564, 1
, , 3029.5079999999998108, 1, , , 3029.5079999999998108, 0, , , 3029.5079999999998108, 0, , , 3029.5079999999998108, 1
, , 3029.51299999999992, 1, , , 3029.51299999999992, 0, , , 3029.51299999999992, 0, , , 3029.51299999999992, 1
, , 3029.5180000000000291, 1, , , 3029.5180000000000291, 0, , , 3029.5180000000000291, 0, , , 3029.5180000000000291, 1
, , 3029.5230000000001382, 1, , , 3029.5230000000001382, 0, , , 3029.5230000000001382, 0, , , 3029.5230000000001382, 1
, , 3029.5279999999997926, 1, , , 3029.5279999999997926, 0, , , 3029.5279999999997926, 0, , , 3029.5279999999997926, 1
, , 3029.5340000000001055, 1, , , 3029.5340000000001055, 0, , , 3029.5340000000001055, 0, , , 3029.5340000000001055, 1
, , 3029.5380000000000109, 1, , , 3029.5380000000000109, 0, , , 3029.5380000000000109, 0, , , 3029.5380000000000109, 1
, , 3029.5430000000001201, 1, , , 3029.5430000000001201, 0, , , 3029.5430000000001201, 0, , , 3029.5430000000001201, 1
, , 3029.5479999999997744, 1, , , 3029.5479999999997744, 0, , , 3029.5479999999997744, 0, , , 3029.5479999999997744, 1
, , 3029.5529999999998836, 1, , , 3029.5529999999998836, 0, , , 3029.5529999999998836, 0, , , 3029.5529999999998836, 1
, , 3029.5579999999999927, 1, , , 3029.5579999999999927, 0, , , 3029.5579999999999927, 0, , , 3029.5579999999999927, 1
, , 3029.5630000000001019, 1, , , 3029.5630000000001019, 0, , , 3029.5630000000001019, 0, , , 3029.5630000000001019, 1
, , 3029.56899999999996, 1, , , 3029.56899999999996, 0, , , 3029.56899999999996, 0, , , 3029.56899999999996, 1
, , 3029.5729999999998654, 1, , , 3029.5729999999998654, 0, , , 3029.5729999999998654, 0, , , 3029.5729999999998654, 1
, , 3029.5790000000001783, 1, , , 3029.5790000000001783, 0, , , 3029.5790000000001783, 0, , , 3029.5790000000001783, 1
, , 3029.5830000000000837, 1, , , 3029.5830000000000837, 0, , , 3029.5830000000000837, 0, , , 3029.5830000000000837, 1
, , 3029.5880000000001928, 1, , , 3029.5880000000001928, 0, , , 3029.5880000000001928, 0, , , 3029.5880000000001928, 1
, , 3029.5929999999998472, 1, , , 3029.5929999999998472, 0, , , 3029.5929999999998472, 0, , , 3029.5929999999998472, 1
, , 3029.5979999999999563, 1, , , 3029.5979999999999563, 0, , , 3029.5979999999999563, 0, , , 3029.5979999999999563, 1
, , 3029.6030000000000655, 1, , , 3029.6030000000000655, 0, , , 3029.6030000000000655, 0, , , 3029.6030000000000655, 1
, , 3029.6080000000001746, 1, , , 3029.6080000000001746, 0, , , 3029.6080000000001746, 0, , , 3029.6080000000001746, 1
, , 3029.6140000000000327, 1, , , 3029.6140000000000327, 0, , , 3029.6140000000000327, 0, , , 3029.6140000000000327, 1
, , 3029.6179999999999382, 1, , , 3029.6179999999999382, 0, , , 3029.6179999999999382, 0, , , 3029.6179999999999382, 1
, , 3029.6230000000000473, 1, , , 3029.6230000000000473, 0, , , 3029.6230000000000473, 0, , , 3029.6230000000000473, 1
, , 3029.6280000000001564, 1, , , 3029.6280000000001564, 0, , , 3029.6280000000001564, 0, , , 3029.6280000000001564, 1
, , 3029.6329999999998108, 1, , , 3029.6329999999998108, 0, , , 3029.6329999999998108, 0, , , 3029.6329999999998108, 1
, , 3029.63799999999992, 1, , , 3029.63799999999992, 0, , , 3029.63799999999992, 0, , , 3029.63799999999992, 1
, , 3029.6430000000000291, 1, , , 3029.6430000000000291, 0, , , 3029.6430000000000291, 0, , , 3029.6430000000000291, 1
, , 3029.6489999999998872, 1, , , 3029.6489999999998872, 0, , , 3029.6489999999998872, 0, , , 3029.6489999999998872, 1
, , 3029.6529999999997926, 1, , , 3029.6529999999997926, 0, , , 3029.6529999999997926, 0, , , 3029.6529999999997926, 1
, , 3029.6590000000001055, 1, , , 3029.6590000000001055, 0, , , 3029.6590000000001055, 0, , , 3029.6590000000001055, 1
, , 3029.6630000000000109, 1, , , 3029.6630000000000109, 0, , , 3029.6630000000000109, 0, , , 3029.6630000000000109, 1
, , 3029.668999999999869, 1, , , 3029.668999999999869, 0, , , 3029.668999999999869, 0, , , 3029.668999999999869, 1
, , 3029.6739999999999782, 1, , , 3029.6739999999999782, 0, , , 3029.6739999999999782, 0, , , 3029.6739999999999782, 1
, , 3029.6790000000000873, 1, , , 3029.6790000000000873, 0, , , 3029.6790000000000873, 0, , , 3029.6790000000000873, 1
, , 3029.6840000000001965, 1, , , 3029.6840000000001965, 0, , , 3029.6840000000001965, 0, , , 3029.6840000000001965, 1
, , 3029.6889999999998508, 1, , , 3029.6889999999998508, 0, , , 3029.6889999999998508, 0, , , 3029.6889999999998508, 1
, , 3029.693000000000211, 1, , , 3029.693000000000211, 0, , , 3029.693000000000211, 0, , , 3029.693000000000211, 1
, , 3029.6990000000000691, 1, , , 3029.6990000000000691, 0, , , 3029.6990000000000691, 0, , , 3029.6990000000000691, 1
, , 3029.7029999999999745, 1, , , 3029.7029999999999745, 0, , , 3029.7029999999999745, 0, , , 3029.7029999999999745, 1
, , 3029.7080000000000837, 1, , , 3029.7080000000000837, 0, , , 3029.7080000000000837, 0, , , 3029.7080000000000837, 1
, , 3029.7130000000001928, 1, , , 3029.7130000000001928, 0, , , 3029.7130000000001928, 0, , , 3029.7130000000001928, 1
, , 3029.7179999999998472, 1, , , 3029.7179999999998472, 0, , , 3029.7179999999998472, 0, , , 3029.7179999999998472, 1
, , 3029.7240000000001601, 1, , , 3029.7240000000001601, 0, , , 3029.7240000000001601, 0, , , 3029.7240000000001601, 1
, , 3029.7289999999998145, 1, , , 3029.7289999999998145, 0, , , 3029.7289999999998145, 0, , , 3029.7289999999998145, 1
, , 3029.7330000000001746, 1, , , 3029.7330000000001746, 0, , , 3029.7330000000001746, 0, , , 3029.7330000000001746, 1
, , 3029.7390000000000327, 1, , , 3029.7390000000000327, 0, , , 3029.7390000000000327, 0, , , 3029.7390000000000327, 1
, , 3029.7429999999999382, 1, , , 3029.7429999999999382, 0, , , 3029.7429999999999382, 0, , , 3029.7429999999999382, 1
, , 3029.7480000000000473, 1, , , 3029.7480000000000473, 0, , , 3029.7480000000000473, 0, , , 3029.7480000000000473, 1
, , 3029.7539999999999054, 1, , , 3029.7539999999999054, 1, , , 3029.7539999999999054, 1, , , 3029.7539999999999054, 1
, , 3029.7590000000000146, 1, , , 3029.7590000000000146, 1, , , 3029.7590000000000146, 1, , , 3029.7590000000000146, 1
, , 3029.76299999999992, 1, , , 3029.76299999999992, 1, , , 3029.76299999999992, 1, , , 3029.76299999999992, 1
, , 3029.7669999999998254, 1, , , 3029.7669999999998254, 1, , , 3029.7669999999998254, 1, , , 3029.7669999999998254, 1
, , 3029.7739999999998872, 1, , , 3029.7739999999998872, 1, , , 3029.7739999999998872, 1, , , 3029.7739999999998872, 1
, , 3029.7779999999997926, 1, , , 3029.7779999999997926, 1, , , 3029.7779999999997926, 1, , , 3029.7779999999997926, 1
, , 3029.7829999999999018, 1, , , 3029.7829999999999018, 1, , , 3029.7829999999999018, 1, , , 3029.7829999999999018, 1
, , 3029.7880000000000109, 1, , , 3029.7880000000000109, 1, , , 3029.7880000000000109, 1, , , 3029.7880000000000109, 1
, , 3029.7930000000001201, 1, , , 3029.7930000000001201, 1, , , 3029.7930000000001201, 1, , , 3029.7930000000001201, 1
, , 3029.7989999999999782, 1, , , 3029.7989999999999782, 1, , , 3029.7989999999999782, 1, , , 3029.7989999999999782, 1
, , 3029.8029999999998836, 1, , , 3029.8029999999998836, 1, , , 3029.8029999999998836, 1, , , 3029.8029999999998836, 1
, , 3029.8079999999999927, 1, , , 3029.8079999999999927, 1, , , 3029.8079999999999927, 1, , , 3029.8079999999999927, 1
, , 3029.8139999999998508, 1, , , 3029.8139999999998508, 1, , , 3029.8139999999998508, 1, , , 3029.8139999999998508, 1
, , 3029.818000000000211, 1, , , 3029.818000000000211, 1, , , 3029.818000000000211, 1, , , 3029.818000000000211, 1
, , 3029.8229999999998654, 1, , , 3029.8229999999998654, 1, , , 3029.8229999999998654, 1, , , 3029.8229999999998654, 1
, , 3029.8279999999999745, 1, , , 3029.8279999999999745, 1, , , 3029.8279999999999745, 1, , , 3029.8279999999999745, 1
, , 3029.8339999999998327, 1, , , 3029.8339999999998327, 1, , , 3029.8339999999998327, 1, , , 3029.8339999999998327, 1
, , 3029.8389999999999418, 1, , , 3029.8389999999999418, 1, , , 3029.8389999999999418, 1, , , 3029.8389999999999418, 1
, , 3029.8429999999998472, 1, , , 3029.8429999999998472, 1, , , 3029.8429999999998472, 1, , , 3029.8429999999998472, 1
, , 3029.8470000000002074, 1, , , 3029.8470000000002074, 1, , , 3029.8470000000002074, 1, , , 3029.8470000000002074, 1
, , 3029.8530000000000655, 1, , , 3029.8530000000000655, 1, , , 3029.8530000000000655, 1, , , 3029.8530000000000655, 1
, , 3029.8589999999999236, 1, , , 3029.8589999999999236, 1, , , 3029.8589999999999236, 1, , , 3029.8589999999999236, 1
, , 3029.862999999999829, 1, , , 3029.862999999999829, 1, , , 3029.862999999999829, 1, , , 3029.862999999999829, 1
, , 3029.8679999999999382, 1, , , 3029.8679999999999382, 1, , , 3029.8679999999999382, 1, , , 3029.8679999999999382, 1
, , 3029.8739999999997963, 1, , , 3029.8739999999997963, 1, , , 3029.8739999999997963, 1, , , 3029.8739999999997963, 1
, , 3029.8780000000001564, 1, , , 3029.8780000000001564, 1, , , 3029.8780000000001564, 1, , , 3029.8780000000001564, 1
, , 3029.8820000000000618, 1, , , 3029.8820000000000618, 1, , , 3029.8820000000000618, 1, , , 3029.8820000000000618, 1
, , 3029.88799999999992, 1, , , 3029.88799999999992, 1, , , 3029.88799999999992, 1, , , 3029.88799999999992, 1
, , 3029.8939999999997781, 1, , , 3029.8939999999997781, 1, , , 3029.8939999999997781, 1, , , 3029.8939999999997781, 1
, , 3029.9020000000000437, 1, , , 3029.9020000000000437, 1, , , 3029.9020000000000437, 1, , , 3029.9020000000000437, 1
, , 3029.9029999999997926, 1, , , 3029.9029999999997926, 1, , , 3029.9029999999997926, 1, , , 3029.9029999999997926, 1
, , 3029.9079999999999018, 1, , , 3029.9079999999999018, 1, , , 3029.9079999999999018, 1, , , 3029.9079999999999018, 1
, , 3029.9140000000002146, 1, , , 3029.9140000000002146, 1, , , 3029.9140000000002146, 1, , , 3029.9140000000002146, 1
, , 3029.918999999999869, 1, , , 3029.918999999999869, 1, , , 3029.918999999999869, 1, , , 3029.918999999999869, 1
, , 3029.9250000000001819, 1, , , 3029.9250000000001819, 1, , , 3029.9250000000001819, 1, , , 3029.9250000000001819, 1
, , 3029.9279999999998836, 1, , , 3029.9279999999998836, 1, , , 3029.9279999999998836, 1, , , 3029.9279999999998836, 1
, , 3029.9340000000001965, 1, , , 3029.9340000000001965, 1, , , 3029.9340000000001965, 1, , , 3029.9340000000001965, 1
, , 3029.9389999999998508, 1, , , 3029.9389999999998508, 1, , , 3029.9389999999998508, 1, , , 3029.9389999999998508, 1
, , 3029.943000000000211, 1, , , 3029.943000000000211, 1, , , 3029.943000000000211, 1, , , 3029.943000000000211, 1
, , 3029.9479999999998654, 1, , , 3029.9479999999998654, 1, , , 3029.9479999999998654, 1, , , 3029.9479999999998654, 1
, , 3029.9529999999999745, 1, , , 3029.9529999999999745, 1, , , 3029.9529999999999745, 1, , , 3029.9529999999999745, 1
, , 3029.9580000000000837, 1, , , 3029.9580000000000837, 1, , , 3029.9580000000000837, 1, , , 3029.9580000000000837, 1
, , 3029.9639999999999418, 1, , , 3029.9639999999999418, 1, , , 3029.9639999999999418, 1, , , 3029.9639999999999418, 1
, , 3029.9679999999998472, 1, , , 3029.9679999999998472, 1, , , 3029.9679999999998472, 1, , , 3029.9679999999998472, 1
, , 3029.9740000000001601, 1, , , 3029.9740000000001601, 1, , , 3029.9740000000001601, 1, , , 3029.9740000000001601, 1
, , 3029.9780000000000655, 1, , , 3029.9780000000000655, 1, , , 3029.9780000000000655, 1, , , 3029.9780000000000655, 1
, , 3029.9830000000001746, 1, , , 3029.9830000000001746, 1, , , 3029.9830000000001746, 1, , , 3029.9830000000001746, 1
, , 3029.987999999999829, 1, , , 3029.987999999999829, 1, , , 3029.987999999999829, 1, , , 3029.987999999999829, 1
, , 3029.9929999999999382, 1, , , 3029.9929999999999382, 1, , , 3029.9929999999999382, 1, , , 3029.9929999999999382, 1
, , 3029.9989999999997963, 1, , , 3029.9989999999997963, 1, , , 3029.9989999999997963, 1, , , 3029.9989999999997963, 1
, , 3030.0030000000001564, 1, , , 3030.0030000000001564, 1, , , 3030.0030000000001564, 1, , , 3030.0030000000001564, 1
, , 3030.0079999999998108, 1, , , 3030.0079999999998108, 1, , , 3030.0079999999998108, 1, , , 3030.0079999999998108, 1
, , 3030.0140000000001237, 1, , , 3030.0140000000001237, 1, , , 3030.0140000000001237, 1, , , 3030.0140000000001237, 1
, , 3030.0189999999997781, 1, , , 3030.0189999999997781, 1, , , 3030.0189999999997781, 1, , , 3030.0189999999997781, 1
, , 3030.0230000000001382, 1, , , 3030.0230000000001382, 1, , , 3030.0230000000001382, 1, , , 3030.0230000000001382, 1
, , 3030.0279999999997926, 1, , , 3030.0279999999997926, 1, , , 3030.0279999999997926, 1, , , 3030.0279999999997926, 1
, , 3030.0329999999999018, 1, , , 3030.0329999999999018, 1, , , 3030.0329999999999018, 1, , , 3030.0329999999999018, 1
, , 3030.0380000000000109, 1, , , 3030.0380000000000109, 1, , , 3030.0380000000000109, 1, , , 3030.0380000000000109, 1
, , 3030.0430000000001201, 1, , , 3030.0430000000001201, 1, , , 3030.0430000000001201, 1, , , 3030.0430000000001201, 1
, , 3030.0479999999997744, 1, , , 3030.0479999999997744, 1, , , 3030.0479999999997744, 1, , , 3030.0479999999997744, 1
, , 3030.0529999999998836, 1, , , 3030.0529999999998836, 1, , , 3030.0529999999998836, 1, , , 3030.0529999999998836, 1
, , 3030.0579999999999927, 1, , , 3030.0579999999999927, 1, , , 3030.0579999999999927, 1, , , 3030.0579999999999927, 1
, , 3030.0639999999998508, 1, , , 3030.0639999999998508, 1, , , 3030.0639999999998508, 1, , , 3030.0639999999998508, 1
, , 3030.068000000000211, 1, , , 3030.068000000000211, 1, , , 3030.068000000000211, 1, , , 3030.068000000000211, 1
, , 3030.0729999999998654, 1, , , 3030.0729999999998654, 1, , , 3030.0729999999998654, 1, , , 3030.0729999999998654, 1
, , 3030.0779999999999745, 1, , , 3030.0779999999999745, 1, , , 3030.0779999999999745, 1, , , 3030.0779999999999745, 1
, , 3030.0830000000000837, 1, , , 3030.0830000000000837, 1, , , 3030.0830000000000837, 1, , , 3030.0830000000000837, 1
, , 3030.0889999999999418, 1, , , 3030.0889999999999418, 1, , , 3030.0889999999999418, 1, , , 3030.0889999999999418, 1
, , 3030.0970000000002074, 1, , , 3030.0970000000002074, 1, , , 3030.0970000000002074, 1, , , 3030.0970000000002074, 1
, , 3030.0979999999999563, 1, , , 3030.0979999999999563, 1, , , 3030.0979999999999563, 1, , , 3030.0979999999999563, 1
, , 3030.1039999999998145, 1, , , 3030.1039999999998145, 1, , , 3030.1039999999998145, 1, , , 3030.1039999999998145, 1
, , 3030.1080000000001746, 1, , , 3030.1080000000001746, 1, , , 3030.1080000000001746, 1, , , 3030.1080000000001746, 1
, , 3030.112999999999829, 1, , , 3030.112999999999829, 1, , , 3030.112999999999829, 1, , , 3030.112999999999829, 1
, , 3030.1190000000001419, 1, , , 3030.1190000000001419, 1, , , 3030.1190000000001419, 1, , , 3030.1190000000001419, 1
, , 3030.1230000000000473, 1, , , 3030.1230000000000473, 1, , , 3030.1230000000000473, 1, , , 3030.1230000000000473, 1
, , 3030.1289999999999054, 1, , , 3030.1289999999999054, 1, , , 3030.1289999999999054, 1, , , 3030.1289999999999054, 1
, , 3030.1340000000000146, 1, , , 3030.1340000000000146, 1, , , 3030.1340000000000146, 1, , , 3030.1340000000000146, 1
, , 3030.13799999999992, 1, , , 3030.13799999999992, 1, , , 3030.13799999999992, 1, , , 3030.13799999999992, 1
, , 3030.1430000000000291, 1, , , 3030.1430000000000291, 1, , , 3030.1430000000000291, 1, , , 3030.1430000000000291, 1
, , 3030.1480000000001382, 1, , , 3030.1480000000001382, 1, , , 3030.1480000000001382, 1, , , 3030.1480000000001382, 1
, , 3030.1529999999997926, 1, , , 3030.1529999999997926, 1, , , 3030.1529999999997926, 1, , , 3030.1529999999997926, 1
, , 3030.1570000000001528, 1, , , 3030.1570000000001528, 1, , , 3030.1570000000001528, 1, , , 3030.1570000000001528, 1
, , 3030.1630000000000109, 1, , , 3030.1630000000000109, 1, , , 3030.1630000000000109, 1, , , 3030.1630000000000109, 1
, , 3030.1680000000001201, 1, , , 3030.1680000000001201, 1, , , 3030.1680000000001201, 1, , , 3030.1680000000001201, 1
, , 3030.1729999999997744, 1, , , 3030.1729999999997744, 1, , , 3030.1729999999997744, 1, , , 3030.1729999999997744, 1
, , 3030.1779999999998836, 1, , , 3030.1779999999998836, 1, , , 3030.1779999999998836, 1, , , 3030.1779999999998836, 1
, , 3030.1829999999999927, 1, , , 3030.1829999999999927, 1, , , 3030.1829999999999927, 1, , , 3030.1829999999999927, 1
, , 3030.1880000000001019, 1, , , 3030.1880000000001019, 1, , , 3030.1880000000001019, 1, , , 3030.1880000000001019, 1
, , 3030.193000000000211, 1, , , 3030.193000000000211, 1, , , 3030.193000000000211, 1, , , 3030.193000000000211, 1
, , 3030.1979999999998654, 1, , , 3030.1979999999998654, 1, , , 3030.1979999999998654, 1, , , 3030.1979999999998654, 1
, , 3030.2029999999999745, 1, , , 3030.2029999999999745, 1, , , 3030.2029999999999745, 1, , , 3030.2029999999999745, 1
, , 3030.2080000000000837, 1, , , 3030.2080000000000837, 1, , , 3030.2080000000000837, 1, , , 3030.2080000000000837, 1
, , 3030.2130000000001928, 1, , , 3030.2130000000001928, 1, , , 3030.2130000000001928, 1, , , 3030.2130000000001928, 1
, , 3030.2179999999998472, 1, , , 3030.2179999999998472, 1, , , 3030.2179999999998472, 1, , , 3030.2179999999998472, 1
, , 3030.2229999999999563, 1, , , 3030.2229999999999563, 1, , , 3030.2229999999999563, 1, , , 3030.2229999999999563, 1
, , 3030.2280000000000655, 1, , , 3030.2280000000000655, 1, , , 3030.2280000000000655, 1, , , 3030.2280000000000655, 1
, , 3030.2330000000001746, 1, , , 3030.2330000000001746, 1, , , 3030.2330000000001746, 1, , , 3030.2330000000001746, 1
, , 3030.237999999999829, 1, , , 3030.237999999999829, 1, , , 3030.237999999999829, 1, , , 3030.237999999999829, 1
, , 3030.2440000000001419, 1, , , 3030.2440000000001419, 1, , , 3030.2440000000001419, 1, , , 3030.2440000000001419, 1
, , 3030.2489999999997963, 1, , , 3030.2489999999997963, 1, , , 3030.2489999999997963, 1, , , 3030.2489999999997963, 1
, , 3030.2530000000001564, 1, , , 3030.2530000000001564, 1, , , 3030.2530000000001564, 1, , , 3030.2530000000001564, 1
, , 3030.2579999999998108, 1, , , 3030.2579999999998108, 1, , , 3030.2579999999998108, 1, , , 3030.2579999999998108, 1
, , 3030.26299999999992, 1, , , 3030.26299999999992, 1, , , 3030.26299999999992, 1, , , 3030.26299999999992, 1
, , 3030.2680000000000291, 1, , , 3030.2680000000000291, 1, , , 3030.2680000000000291, 1, , , 3030.2680000000000291, 1
, , 3030.2730000000001382, 1, , , 3030.2730000000001382, 1, , , 3030.2730000000001382, 1, , , 3030.2730000000001382, 1
, , 3030.2789999999999964, 1, , , 3030.2789999999999964, 1, , , 3030.2789999999999964, 1, , , 3030.2789999999999964, 1
, , 3030.2829999999999018, 1, , , 3030.2829999999999018, 1, , , 3030.2829999999999018, 1, , , 3030.2829999999999018, 1
, , 3030.2880000000000109, 1, , , 3030.2880000000000109, 1, , , 3030.2880000000000109, 1, , , 3030.2880000000000109, 1
, , 3030.2930000000001201, 1, , , 3030.2930000000001201, 1, , , 3030.2930000000001201, 1, , , 3030.2930000000001201, 1
, , 3030.2979999999997744, 1, , , 3030.2979999999997744, 1, , , 3030.2979999999997744, 1, , , 3030.2979999999997744, 1
, , 3030.3029999999998836, 1, , , 3030.3029999999998836, 1, , , 3030.3029999999998836, 1, , , 3030.3029999999998836, 1
, , 3030.3079999999999927, 1, , , 3030.3079999999999927, 1, , , 3030.3079999999999927, 1, , , 3030.3079999999999927, 1
, , 3030.3130000000001019, 1, , , 3030.3130000000001019, 1, , , 3030.3130000000001019, 1, , , 3030.3130000000001019, 1
, , 3030.31899999999996, 1, , , 3030.31899999999996, 1, , , 3030.31899999999996, 1, , , 3030.31899999999996, 1
, , 3030.3229999999998654, 1, , , 3030.3229999999998654, 1, , , 3030.3229999999998654, 1, , , 3030.3229999999998654, 1
, , 3030.3290000000001783, 1, , , 3030.3290000000001783, 1, , , 3030.3290000000001783, 1, , , 3030.3290000000001783, 1
, , 3030.3339999999998327, 1, , , 3030.3339999999998327, 1, , , 3030.3339999999998327, 1, , , 3030.3339999999998327, 1
, , 3030.3380000000001928, 1, , , 3030.3380000000001928, 1, , , 3030.3380000000001928, 1, , , 3030.3380000000001928, 1
, , 3030.3429999999998472, 1, , , 3030.3429999999998472, 1, , , 3030.3429999999998472, 1, , , 3030.3429999999998472, 1
, , 3030.3479999999999563, 1, , , 3030.3479999999999563, 1, , , 3030.3479999999999563, 1, , , 3030.3479999999999563, 1
, , 3030.3530000000000655, 1, , , 3030.3530000000000655, 1, , , 3030.3530000000000655, 1, , , 3030.3530000000000655, 1
, , 3030.3580000000001746, 1, , , 3030.3580000000001746, 1, , , 3030.3580000000001746, 1, , , 3030.3580000000001746, 1
, , 3030.3640000000000327, 1, , , 3030.3640000000000327, 1, , , 3030.3640000000000327, 1, , , 3030.3640000000000327, 1
, , 3030.3679999999999382, 1, , , 3030.3679999999999382, 1, , , 3030.3679999999999382, 1, , , 3030.3679999999999382, 1
, , 3030.3730000000000473, 1, , , 3030.3730000000000473, 1, , , 3030.3730000000000473, 1, , , 3030.3730000000000473, 1
, , 3030.3780000000001564, 1, , , 3030.3780000000001564, 1, , , 3030.3780000000001564, 1, , , 3030.3780000000001564, 1
, , 3030.3829999999998108, 1, , , 3030.3829999999998108, 1, , , 3030.3829999999998108, 1, , , 3030.3829999999998108, 1
, , 3030.38799999999992, 1, , , 3030.38799999999992, 1, , , 3030.38799999999992, 1, , , 3030.38799999999992, 1
, , 3030.3939999999997781, 1, , , 3030.3939999999997781, 1, , , 3030.3939999999997781, 1, , , 3030.3939999999997781, 1
, , 3030.3980000000001382, 1, , , 3030.3980000000001382, 1, , , 3030.3980000000001382, 1, , , 3030.3980000000001382, 1
, , 3030.4070000000001528, 1, , , 3030.4070000000001528, 1, , , 3030.4070000000001528, 1, , , 3030.4070000000001528, 1
, , 3030.4079999999999018, 1, , , 3030.4079999999999018, 1, , , 3030.4079999999999018, 1, , , 3030.4079999999999018, 1
, , 3030.4130000000000109, 1, , , 3030.4130000000000109, 1, , , 3030.4130000000000109, 1, , , 3030.4130000000000109, 1
, , 3030.4180000000001201, 1, , , 3030.4180000000001201, 1, , , 3030.4180000000001201, 1, , , 3030.4180000000001201, 1
, , 3030.4239999999999782, 1, , , 3030.4239999999999782, 1, , , 3030.4239999999999782, 1, , , 3030.4239999999999782, 1
, , 3030.4279999999998836, 1, , , 3030.4279999999998836, 1, , , 3030.4279999999998836, 1, , , 3030.4279999999998836, 1
, , 3030.4329999999999927, 1, , , 3030.4329999999999927, 1, , , 3030.4329999999999927, 1, , , 3030.4329999999999927, 1
, , 3030.4380000000001019, 1, , , 3030.4380000000001019, 1, , , 3030.4380000000001019, 1, , , 3030.4380000000001019, 1
, , 3030.443000000000211, 1, , , 3030.443000000000211, 1, , , 3030.443000000000211, 1, , , 3030.443000000000211, 1
, , 3030.4490000000000691, 1, , , 3030.4490000000000691, 1, , , 3030.4490000000000691, 1, , , 3030.4490000000000691, 1
, , 3030.4529999999999745, 1, , , 3030.4529999999999745, 1, , , 3030.4529999999999745, 1, , , 3030.4529999999999745, 1
, , 3030.4589999999998327, 1, , , 3030.4589999999998327, 1, , , 3030.4589999999998327, 1, , , 3030.4589999999998327, 1
, , 3030.4630000000001928, 1, , , 3030.4630000000001928, 1, , , 3030.4630000000001928, 1, , , 3030.4630000000001928, 1
, , 3030.4679999999998472, 1, , , 3030.4679999999998472, 1, , , 3030.4679999999998472, 1, , , 3030.4679999999998472, 1
, , 3030.4729999999999563, 1, , , 3030.4729999999999563, 1, , , 3030.4729999999999563, 1, , , 3030.4729999999999563, 1
, , 3030.4789999999998145, 1, , , 3030.4789999999998145, 1, , , 3030.4789999999998145, 1, , , 3030.4789999999998145, 1
, , 3030.4830000000001746, 1, , , 3030.4830000000001746, 1, , , 3030.4830000000001746, 1, , , 3030.4830000000001746, 1
, , 3030.487999999999829, 1, , , 3030.487999999999829, 1, , , 3030.487999999999829, 1, , , 3030.487999999999829, 1
, , 3030.4929999999999382, 1, , , 3030.4929999999999382, 1, , , 3030.4929999999999382, 1, , , 3030.4929999999999382, 1
, , 3030.4980000000000473, 1, , , 3030.4980000000000473, 1, , , 3030.4980000000000473, 1, , , 3030.4980000000000473, 1
, , 3030.5030000000001564, 1, , , 3030.5030000000001564, 1, , , 3030.5030000000001564, 1, , , 3030.5030000000001564, 1
, , 3030.5079999999998108, 1, , , 3030.5079999999998108, 1, , , 3030.5079999999998108, 1, , , 3030.5079999999998108, 1
, , 3030.51299999999992, 1, , , 3030.51299999999992, 1, , , 3030.51299999999992, 1, , , 3030.51299999999992, 1
, , 3030.5180000000000291, 1, , , 3030.5180000000000291, 1, , , 3030.5180000000000291, 1, , , 3030.5180000000000291, 1
, , 3030.5230000000001382, 1, , , 3030.5230000000001382, 1, , , 3030.5230000000001382, 1, , , 3030.5230000000001382, 1
, , 3030.5279999999997926, 1, , , 3030.5279999999997926, 1, , , 3030.5279999999997926, 1, , , 3030.5279999999997926, 1
, , 3030.5329999999999018, 1, , , 3030.5329999999999018, 1, , , 3030.5329999999999018, 1, , , 3030.5329999999999018, 1
, , 3030.5380000000000109, 1, , , 3030.5380000000000109, 1, , , 3030.5380000000000109, 1, , , 3030.5380000000000109, 1
, , 3030.543999999999869, 1, , , 3030.543999999999869, 1, , , 3030.543999999999869, 1, , , 3030.543999999999869, 1
, , 3030.5479999999997744, 1, , , 3030.5479999999997744, 1, , , 3030.5479999999997744, 1, , , 3030.5479999999997744, 1
, , 3030.5529999999998836, 1, , , 3030.5529999999998836, 1, , , 3030.5529999999998836, 1, , , 3030.5529999999998836, 1
, , 3030.5579999999999927, 1, , , 3030.5579999999999927, 1, , , 3030.5579999999999927, 1, , , 3030.5579999999999927, 1
, , 3030.5630000000001019, 1, , , 3030.5630000000001019, 1, , , 3030.5630000000001019, 1, , , 3030.5630000000001019, 1
, , 3030.568000000000211, 1, , , 3030.568000000000211, 1, , , 3030.568000000000211, 1, , , 3030.568000000000211, 1
, , 3030.5729999999998654, 1, , , 3030.5729999999998654, 1, , , 3030.5729999999998654, 1, , , 3030.5729999999998654, 1
, , 3030.5790000000001783, 1, , , 3030.5790000000001783, 1, , , 3030.5790000000001783, 1, , , 3030.5790000000001783, 1
, , 3030.5830000000000837, 1, , , 3030.5830000000000837, 1, , , 3030.5830000000000837, 1, , , 3030.5830000000000837, 1
, , 3030.5880000000001928, 1, , , 3030.5880000000001928, 1, , , 3030.5880000000001928, 1, , , 3030.5880000000001928, 1
, , 3030.5940000000000509, 1, , , 3030.5940000000000509, 1, , , 3030.5940000000000509, 1, , , 3030.5940000000000509, 1
, , 3030.5990000000001601, 1, , , 3030.5990000000001601, 1, , , 3030.5990000000001601, 1, , , 3030.5990000000001601, 1
, , 3030.6030000000000655, 1, , , 3030.6030000000000655, 1, , , 3030.6030000000000655, 1, , , 3030.6030000000000655, 1
, , 3030.6080000000001746, 1, , , 3030.6080000000001746, 1, , , 3030.6080000000001746, 1, , , 3030.6080000000001746, 1
, , 3030.612999999999829, 1, , , 3030.612999999999829, 1, , , 3030.612999999999829, 1, , , 3030.612999999999829, 1
, , 3030.6190000000001419, 1, , , 3030.6190000000001419, 1, , , 3030.6190000000001419, 1, , , 3030.6190000000001419, 1
, , 3030.6230000000000473, 1, , , 3030.6230000000000473, 1, , , 3030.6230000000000473, 1, , , 3030.6230000000000473, 1
, , 3030.6280000000001564, 1, , , 3030.6280000000001564, 1, , , 3030.6280000000001564, 1, , , 3030.6280000000001564, 1
, , 3030.6329999999998108, 1, , , 3030.6329999999998108, 1, , , 3030.6329999999998108, 1, , , 3030.6329999999998108, 1
, , 3030.63799999999992, 1, , , 3030.63799999999992, 1, , , 3030.63799999999992, 1, , , 3030.63799999999992, 1
, , 3030.6430000000000291, 1, , , 3030.6430000000000291, 1, , , 3030.6430000000000291, 1, , , 3030.6430000000000291, 1
, , 3030.6480000000001382, 1, , , 3030.6480000000001382, 1, , , 3030.6480000000001382, 1, , , 3030.6480000000001382, 1
, , 3030.6529999999997926, 1, , , 3030.6529999999997926, 1, , , 3030.6529999999997926, 1, , , 3030.6529999999997926, 1
, , 3030.6579999999999018, 1, , , 3030.6579999999999018, 1, , , 3030.6579999999999018, 1, , , 3030.6579999999999018, 1
, , 3030.6640000000002146, 1, , , 3030.6640000000002146, 1, , , 3030.6640000000002146, 1, , , 3030.6640000000002146, 1
, , 3030.6680000000001201, 1, , , 3030.6680000000001201, 1, , , 3030.6680000000001201, 1, , , 3030.6680000000001201, 1
, , 3030.6729999999997744, 1, , , 3030.6729999999997744, 1, , , 3030.6729999999997744, 1, , , 3030.6729999999997744, 1
, , 3030.6779999999998836, 1, , , 3030.6779999999998836, 1, , , 3030.6779999999998836, 1, , , 3030.6779999999998836, 1
, , 3030.681999999999789, 1, , , 3030.681999999999789, 1, , , 3030.681999999999789, 1, , , 3030.681999999999789, 1
, , 3030.6889999999998508, 1, , , 3030.6889999999998508, 1, , , 3030.6889999999998508, 1, , , 3030.6889999999998508, 1
, , 3030.693000000000211, 1, , , 3030.693000000000211, 1, , , 3030.693000000000211, 1, , , 3030.693000000000211, 1
, , 3030.6979999999998654, 1, , , 3030.6979999999998654, 1, , , 3030.6979999999998654, 1, , , 3030.6979999999998654, 1
, , 3030.7029999999999745, 1, , , 3030.7029999999999745, 1, , , 3030.7029999999999745, 1, , , 3030.7029999999999745, 1
, , 3030.7080000000000837, 1, , , 3030.7080000000000837, 1, , , 3030.7080000000000837, 1, , , 3030.7080000000000837, 1
, , 3030.7139999999999418, 1, , , 3030.7139999999999418, 1, , , 3030.7139999999999418, 1, , , 3030.7139999999999418, 1
, , 3030.7179999999998472, 1, , , 3030.7179999999998472, 1, , , 3030.7179999999998472, 1, , , 3030.7179999999998472, 1
, , 3030.7229999999999563, 1, , , 3030.7229999999999563, 1, , , 3030.7229999999999563, 1, , , 3030.7229999999999563, 1
, , 3030.7280000000000655, 1, , , 3030.7280000000000655, 1, , , 3030.7280000000000655, 1, , , 3030.7280000000000655, 1
, , 3030.7330000000001746, 1, , , 3030.7330000000001746, 1, , , 3030.7330000000001746, 1, , , 3030.7330000000001746, 1
, , 3030.737999999999829, 1, , , 3030.737999999999829, 1, , , 3030.737999999999829, 1, , , 3030.737999999999829, 1
, , 3030.7440000000001419, 1, , , 3030.7440000000001419, 1, , , 3030.7440000000001419, 1, , , 3030.7440000000001419, 1
, , 3030.75, 1, , , 3030.75, 1, , , 3030.75, 1, , , 3030.75, 1
, , 3030.7530000000001564, 1, , , 3030.7530000000001564, 1, , , 3030.7530000000001564, 1, , , 3030.7530000000001564, 1
, , 3030.7579999999998108, 1, , , 3030.7579999999998108, 1, , , 3030.7579999999998108, 1, , , 3030.7579999999998108, 1
, , 3030.7640000000001237, 1, , , 3030.7640000000001237, 1, , , 3030.7640000000001237, 1, , , 3030.7640000000001237, 1
, , 3030.7680000000000291, 1, , , 3030.7680000000000291, 1, , , 3030.7680000000000291, 1, , , 3030.7680000000000291, 1
, , 3030.7730000000001382, 1, , , 3030.7730000000001382, 1, , , 3030.7730000000001382, 1, , , 3030.7730000000001382, 1
, , 3030.7789999999999964, 1, , , 3030.7789999999999964, 1, , , 3030.7789999999999964, 1, , , 3030.7789999999999964, 1
, , 3030.7829999999999018, 1, , , 3030.7829999999999018, 1, , , 3030.7829999999999018, 1, , , 3030.7829999999999018, 1
, , 3030.7890000000002146, 1, , , 3030.7890000000002146, 1, , , 3030.7890000000002146, 1, , , 3030.7890000000002146, 1
, , 3030.7930000000001201, 1, , , 3030.7930000000001201, 1, , , 3030.7930000000001201, 1, , , 3030.7930000000001201, 1
, , 3030.7979999999997744, 1, , , 3030.7979999999997744, 1, , , 3030.7979999999997744, 1, , , 3030.7979999999997744, 1
, , 3030.8029999999998836, 1, , , 3030.8029999999998836, 1, , , 3030.8029999999998836, 1, , , 3030.8029999999998836, 1
, , 3030.806999999999789, 1, , , 3030.806999999999789, 1, , , 3030.806999999999789, 1, , , 3030.806999999999789, 1
, , 3030.8130000000001019, 1, , , 3030.8130000000001019, 1, , , 3030.8130000000001019, 1, , , 3030.8130000000001019, 1
, , 3030.818000000000211, 1, , , 3030.818000000000211, 1, , , 3030.818000000000211, 1, , , 3030.818000000000211, 1
, , 3030.8229999999998654, 1, , , 3030.8229999999998654, 1, , , 3030.8229999999998654, 1, , , 3030.8229999999998654, 1
, , 3030.8279999999999745, 1, , , 3030.8279999999999745, 1, , , 3030.8279999999999745, 1, , , 3030.8279999999999745, 1
, , 3030.8330000000000837, 1, , , 3030.8330000000000837, 1, , , 3030.8330000000000837, 1, , , 3030.8330000000000837, 1
, , 3030.8380000000001928, 1, , , 3030.8380000000001928, 1, , , 3030.8380000000001928, 1, , , 3030.8380000000001928, 1
, , 3030.8429999999998472, 1, , , 3030.8429999999998472, 1, , , 3030.8429999999998472, 1, , , 3030.8429999999998472, 1
, , 3030.8479999999999563, 1, , , 3030.8479999999999563, 1, , , 3030.8479999999999563, 1, , , 3030.8479999999999563, 1
, , 3030.8530000000000655, 1, , , 3030.8530000000000655, 1, , , 3030.8530000000000655, 1, , , 3030.8530000000000655, 1
, , 3030.8580000000001746, 1, , , 3030.8580000000001746, 1, , , 3030.8580000000001746, 1, , , 3030.8580000000001746, 1
, , 3030.862999999999829, 1, , , 3030.862999999999829, 1, , , 3030.862999999999829, 1, , , 3030.862999999999829, 1
, , 3030.8679999999999382, 1, , , 3030.8679999999999382, 1, , , 3030.8679999999999382, 1, , , 3030.8679999999999382, 1
, , 3030.8730000000000473, 1, , , 3030.8730000000000473, 1, , , 3030.8730000000000473, 1, , , 3030.8730000000000473, 1
, , 3030.8780000000001564, 1, , , 3030.8780000000001564, 1, , , 3030.8780000000001564, 1, , , 3030.8780000000001564, 1
, , 3030.8840000000000146, 1, , , 3030.8840000000000146, 1, , , 3030.8840000000000146, 1, , , 3030.8840000000000146, 1
, , 3030.8899999999998727, 1, , , 3030.8899999999998727, 1, , , 3030.8899999999998727, 1, , , 3030.8899999999998727, 1
, , 3030.8930000000000291, 1, , , 3030.8930000000000291, 1, , , 3030.8930000000000291, 1, , , 3030.8930000000000291, 1
, , 3030.9000000000000909, 1, , , 3030.9000000000000909, 1, , , 3030.9000000000000909, 1, , , 3030.9000000000000909, 1
, , 3030.9039999999999964, 1, , , 3030.9039999999999964, 1, , , 3030.9039999999999964, 1, , , 3030.9039999999999964, 1
, , 3030.9079999999999018, 1, , , 3030.9079999999999018, 1, , , 3030.9079999999999018, 1, , , 3030.9079999999999018, 1
, , 3030.9130000000000109, 1, , , 3030.9130000000000109, 1, , , 3030.9130000000000109, 1, , , 3030.9130000000000109, 1
, , 3030.9180000000001201, 1, , , 3030.9180000000001201, 1, , , 3030.9180000000001201, 1, , , 3030.9180000000001201, 1
, , 3030.9250000000001819, 1, , , 3030.9250000000001819, 1, , , 3030.9250000000001819, 1, , , 3030.9250000000001819, 1
, , 3030.9279999999998836, 1, , , 3030.9279999999998836, 1, , , 3030.9279999999998836, 1, , , 3030.9279999999998836, 1
, , 3030.9329999999999927, 1, , , 3030.9329999999999927, 1, , , 3030.9329999999999927, 1, , , 3030.9329999999999927, 1
, , 3030.9380000000001019, 1, , , 3030.9380000000001019, 1, , , 3030.9380000000001019, 1, , , 3030.9380000000001019, 1
, , 3030.943000000000211, 1, , , 3030.943000000000211, 1, , , 3030.943000000000211, 1, , , 3030.943000000000211, 1
, , 3030.9479999999998654, 1, , , 3030.9479999999998654, 1, , , 3030.9479999999998654, 1, , , 3030.9479999999998654, 1
, , 3030.9569999999998799, 1, , , 3030.9569999999998799, 1, , , 3030.9569999999998799, 1, , , 3030.9569999999998799, 1
, , 3030.9580000000000837, 1, , , 3030.9580000000000837, 1, , , 3030.9580000000000837, 1, , , 3030.9580000000000837, 1
, , 3030.9639999999999418, 1, , , 3030.9639999999999418, 1, , , 3030.9639999999999418, 1, , , 3030.9639999999999418, 1
, , 3030.9690000000000509, 1, , , 3030.9690000000000509, 1, , , 3030.9690000000000509, 1, , , 3030.9690000000000509, 1
, , 3030.9729999999999563, 1, , , 3030.9729999999999563, 1, , , 3030.9729999999999563, 1, , , 3030.9729999999999563, 1
, , 3030.9780000000000655, 1, , , 3030.9780000000000655, 1, , , 3030.9780000000000655, 1, , , 3030.9780000000000655, 1
, , 3030.9830000000001746, 1, , , 3030.9830000000001746, 1, , , 3030.9830000000001746, 1, , , 3030.9830000000001746, 1
, , 3030.987999999999829, 1, , , 3030.987999999999829, 1, , , 3030.987999999999829, 1, , , 3030.987999999999829, 1
, , 3030.9929999999999382, 1, , , 3030.9929999999999382, 1, , , 3030.9929999999999382, 1, , , 3030.9929999999999382, 1
, , 3030.9980000000000473, 1, , , 3030.9980000000000473, 1, , , 3030.9980000000000473, 1, , , 3030.9980000000000473, 1
, , 3031.0030000000001564, 1, , , 3031.0030000000001564, 1, , , 3031.0030000000001564, 1, , , 3031.0030000000001564, 1
, , 3031.0079999999998108, 1, , , 3031.0079999999998108, 1, , , 3031.0079999999998108, 1, , , 3031.0079999999998108, 1
, , 3031.01299999999992, 1, , , 3031.01299999999992, 1, , , 3031.01299999999992, 1, , , 3031.01299999999992, 1
, , 3031.0169999999998254, 1, , , 3031.0169999999998254, 1, , , 3031.0169999999998254, 1, , , 3031.0169999999998254, 1
, , 3031.0239999999998872, 1, , , 3031.0239999999998872, 1, , , 3031.0239999999998872, 1, , , 3031.0239999999998872, 1
, , 3031.0279999999997926, 1, , , 3031.0279999999997926, 1, , , 3031.0279999999997926, 1, , , 3031.0279999999997926, 1
, , 3031.0329999999999018, 1, , , 3031.0329999999999018, 1, , , 3031.0329999999999018, 1, , , 3031.0329999999999018, 1
, , 3031.0390000000002146, 1, , , 3031.0390000000002146, 1, , , 3031.0390000000002146, 1, , , 3031.0390000000002146, 1
, , 3031.0430000000001201, 1, , , 3031.0430000000001201, 1, , , 3031.0430000000001201, 1, , , 3031.0430000000001201, 1
, , 3031.0479999999997744, 1, , , 3031.0479999999997744, 1, , , 3031.0479999999997744, 1, , , 3031.0479999999997744, 1
, , 3031.05600000000004, 1, , , 3031.05600000000004, 1, , , 3031.05600000000004, 1, , , 3031.05600000000004, 1
, , 3031.0579999999999927, 1, , , 3031.0579999999999927, 1, , , 3031.0579999999999927, 1, , , 3031.0579999999999927, 1
, , 3031.0630000000001019, 1, , , 3031.0630000000001019, 1, , , 3031.0630000000001019, 1, , , 3031.0630000000001019, 1
, , 3031.068000000000211, 1, , , 3031.068000000000211, 1, , , 3031.068000000000211, 1, , , 3031.068000000000211, 1
, , 3031.0729999999998654, 1, , , 3031.0729999999998654, 1, , , 3031.0729999999998654, 1, , , 3031.0729999999998654, 1
, , 3031.0779999999999745, 1, , , 3031.0779999999999745, 1, , , 3031.0779999999999745, 1, , , 3031.0779999999999745, 1
, , 3031.0839999999998327, 1, , , 3031.0839999999998327, 1, , , 3031.0839999999998327, 1, , , 3031.0839999999998327, 1
, , 3031.0880000000001928, 1, , , 3031.0880000000001928, 1, , , 3031.0880000000001928, 1, , , 3031.0880000000001928, 1
, , 3031.0920000000000982, 1, , , 3031.0920000000000982, 1, , , 3031.0920000000000982, 1, , , 3031.0920000000000982, 1
, , 3031.0979999999999563, 1, , , 3031.0979999999999563, 1, , , 3031.0979999999999563, 1, , , 3031.0979999999999563, 1
, , 3031.1030000000000655, 1, , , 3031.1030000000000655, 1, , , 3031.1030000000000655, 1, , , 3031.1030000000000655, 1
, , 3031.1080000000001746, 1, , , 3031.1080000000001746, 1, , , 3031.1080000000001746, 1, , , 3031.1080000000001746, 1
, , 3031.112999999999829, 1, , , 3031.112999999999829, 1, , , 3031.112999999999829, 1, , , 3031.112999999999829, 1
, , 3031.1179999999999382, 1, , , 3031.1179999999999382, 1, , , 3031.1179999999999382, 1, , , 3031.1179999999999382, 1
, , 3031.1239999999997963, 1, , , 3031.1239999999997963, 1, , , 3031.1239999999997963, 1, , , 3031.1239999999997963, 1
, , 3031.1280000000001564, 1, , , 3031.1280000000001564, 1, , , 3031.1280000000001564, 1, , , 3031.1280000000001564, 1
, , 3031.1329999999998108, 1, , , 3031.1329999999998108, 1, , , 3031.1329999999998108, 1, , , 3031.1329999999998108, 1
, , 3031.13799999999992, 1, , , 3031.13799999999992, 1, , , 3031.13799999999992, 1, , , 3031.13799999999992, 1
, , 3031.1430000000000291, 1, , , 3031.1430000000000291, 1, , , 3031.1430000000000291, 1, , , 3031.1430000000000291, 1
, , 3031.1480000000001382, 1, , , 3031.1480000000001382, 1, , , 3031.1480000000001382, 1, , , 3031.1480000000001382, 1
, , 3031.1520000000000437, 1, , , 3031.1520000000000437, 1, , , 3031.1520000000000437, 1, , , 3031.1520000000000437, 1
, , 3031.1579999999999018, 1, , , 3031.1579999999999018, 1, , , 3031.1579999999999018, 1, , , 3031.1579999999999018, 1
, , 3031.1640000000002146, 1, , , 3031.1640000000002146, 1, , , 3031.1640000000002146, 1, , , 3031.1640000000002146, 1
, , 3031.168999999999869, 1, , , 3031.168999999999869, 1, , , 3031.168999999999869, 1, , , 3031.168999999999869, 1
, , 3031.1729999999997744, 1, , , 3031.1729999999997744, 1, , , 3031.1729999999997744, 1, , , 3031.1729999999997744, 1
, , 3031.1779999999998836, 1, , , 3031.1779999999998836, 1, , , 3031.1779999999998836, 1, , , 3031.1779999999998836, 1
, , 3031.1829999999999927, 1, , , 3031.1829999999999927, 1, , , 3031.1829999999999927, 1, , , 3031.1829999999999927, 1
, , 3031.1880000000001019, 1, , , 3031.1880000000001019, 1, , , 3031.1880000000001019, 1, , , 3031.1880000000001019, 1
, , 3031.193000000000211, 1, , , 3031.193000000000211, 1, , , 3031.193000000000211, 1, , , 3031.193000000000211, 1
, , 3031.1979999999998654, 1, , , 3031.1979999999998654, 1, , , 3031.1979999999998654, 1, , , 3031.1979999999998654, 1
