# /gazebo_leg_forces_components/recceipt_time, /gazebo_leg_forces_components/reaction_forces/0/wrench/force/z, /foot_contacts/recceipt_time, /foot_contacts/contacts/0, /gazebo_leg_forces_components/recceipt_time, /gazebo_leg_forces_components/reaction_forces/1/wrench/force/z, /foot_contacts/recceipt_time, /foot_contacts/contacts/1, /gazebo_leg_forces_components/recceipt_time, /gazebo_leg_forces_components/reaction_forces/2/wrench/force/z, /foot_contacts/recceipt_time, /foot_contacts/contacts/2, /gazebo_leg_forces_components/recceipt_time, /gazebo_leg_forces_components/reaction_forces/3/wrench/force/z, /foot_contacts/recceipt_time, /foot_contacts/contacts/3
2983.918999999999869, 60.360928410593700733, 2983.918999999999869, 1, 2983.918999999999869, 60.83547849152445508, 2983.918999999999869, 1, 2983.918999999999869, 43.64964040897783093, 2983.918999999999869, 1, 2983.918999999999869, 39.93425339258589446, 2983.918999999999869, 1
2983.9360000000001492, 60.321397799672581641, 2983.9239999999999782, 1, 2983.9360000000001492, 60.908562665965277461, 2983.9239999999999782, 1, 2983.9360000000001492, 43.635744578272515071, 2983.9239999999999782, 1, 2983.9360000000001492, 39.923077851013587747, 2983.9239999999999782, 1
2983.9360000000001492, 60.321407968223056173, 2983.9279999999998836, 1, 2983.9360000000001492, 60.908566440318168134, 2983.9279999999998836, 1, 2983.9360000000001492, 43.635738065740241609, 2983.9279999999998836, 1, 2983.9360000000001492, 39.92308048352349914, 2983.9279999999998836, 1
2983.9450000000001637, 60.321418136349706174, 2983.9340000000001965, 1, 2983.9450000000001637, 60.908570214273652255, 2983.9340000000001965, 1, 2983.9450000000001637, 43.635731553222015577, 2983.9340000000001965, 1, 2983.9450000000001637, 39.923083115976012891, 2983.9340000000001965, 1
2983.9650000000001455, 60.321428304077542748, 2983.9380000000001019, 1, 2983.9650000000001455, 60.908573987841862163, 2983.9380000000001019, 1, 2983.9650000000001455, 43.635725040716941692, 2983.9380000000001019, 1, 2983.9650000000001455, 39.923085748359824265, 2983.9380000000001019, 1
2983.9749999999999091, 60.360948875356299936, 2983.94399999999996, 1, 2983.9749999999999091, 60.835462544244023775, 2983.94399999999996, 1, 2983.9749999999999091, 43.649596363509971297, 2983.94399999999996, 1, 2983.9749999999999091, 39.934260135397053659, 2983.94399999999996, 1
2983.9780000000000655, 60.360959613067400653, 2983.9479999999998654, 1, 2983.9780000000000655, 60.835466949828870042, 2983.9479999999998654, 1, 2983.9780000000000655, 43.649590013760601437, 2983.9479999999998654, 1, 2983.9780000000000655, 39.934263137667734611, 2983.9479999999998654, 1
2983.9859999999998763, 60.360970350346320856, 2983.9529999999999745, 1, 2983.9859999999998763, 60.835471355005694249, 2983.9529999999999745, 1, 2983.9859999999998763, 43.649583346519321481, 2983.9529999999999745, 1, 2983.9859999999998763, 39.934266297878664886, 2983.9529999999999745, 1
2983.9960000000000946, 60.360981087193067651, 2983.9580000000000837, 1, 2983.9960000000000946, 60.835475980001504581, 2983.9580000000000837, 1, 2983.9960000000000946, 43.649576679281594238, 2983.9580000000000837, 1, 2983.9960000000000946, 39.934269616026611516, 2983.9580000000000837, 1
2984.0160000000000764, 60.32147913644442383, 2983.9639999999999418, 1, 2984.0160000000000764, 60.908593415450674513, 2983.9639999999999418, 1, 2984.0160000000000764, 43.635691501434791917, 2983.9639999999999418, 1, 2984.0160000000000764, 39.92309917262210206, 2983.9639999999999418, 1
2984.0160000000000764, 60.321489301674219519, 2983.9679999999998472, 1, 2984.0160000000000764, 60.908596998049546301, 2983.9679999999998472, 1, 2984.0160000000000764, 43.635685314605368035, 2983.9679999999998472, 1, 2984.0160000000000764, 39.923101673050588545, 2983.9679999999998472, 1
2984.0239999999998872, 60.321499466494238106, 2983.9729999999999563, 1, 2984.0239999999998872, 60.908600391754859515, 2983.9729999999999563, 1, 2984.0239999999998872, 43.635679453405302297, 2983.9729999999999563, 1, 2984.0239999999998872, 39.923104041817659038, 2983.9729999999999563, 1
2984.0349999999998545, 60.321509630898205501, 2983.9789999999998145, 1, 2984.0349999999998545, 60.908604162164067475, 2983.9789999999998145, 1, 2984.0349999999998545, 43.635672940973528, 2983.9789999999998145, 1, 2984.0349999999998545, 39.923106673735020422, 2983.9789999999998145, 1
2984.0450000000000728, 60.321519794879378651, 2983.9830000000001746, 1, 2984.0450000000000728, 60.90860793217966318, 2983.9830000000001746, 1, 2984.0450000000000728, 43.635666428541398432, 2983.9830000000001746, 1, 2984.0450000000000728, 39.923109305587800577, 2983.9830000000001746, 1
2984.0650000000000546, 60.361009642232993144, 2983.987999999999829, 1, 2984.0650000000000546, 60.835461847046502726, 2983.987999999999829, 1, 2984.0650000000000546, 43.649526157648850244, 2983.987999999999829, 1, 2984.0650000000000546, 39.934278471575609615, 2983.987999999999829, 1
2984.0650000000000546, 60.361020377019308114, 2983.9940000000001419, 1, 2984.0650000000000546, 60.835466250005673317, 2983.9940000000001419, 1, 2984.0650000000000546, 43.649519808202533966, 2983.9940000000001419, 1, 2984.0650000000000546, 39.934281631488630637, 2983.9940000000001419, 1
2984.0850000000000364, 60.361031111363359969, 2983.9980000000000473, 1, 2984.0850000000000364, 60.835470652557063431, 2983.9980000000000473, 1, 2984.0850000000000364, 43.649513141295543051, 2983.9980000000000473, 1, 2984.0850000000000364, 39.934284949314459823, 2983.9980000000000473, 1
2984.0850000000000364, 60.361041845282059626, 2984.0030000000001564, 1, 2984.0850000000000364, 60.835475054701333875, 2984.0030000000001564, 1, 2984.0850000000000364, 43.6495067918609152, 2984.0030000000001564, 1, 2984.0850000000000364, 39.934288109085017027, 2984.0030000000001564, 1
2984.1050000000000182, 60.321570608598761964, 2984.0079999999998108, 1, 2984.1050000000000182, 60.908626776343197662, 2984.0079999999998108, 1, 2984.1050000000000182, 43.635633540943103981, 2984.0079999999998108, 1, 2984.1050000000000182, 39.923122727122247966, 2984.0079999999998108, 1
2984.1149999999997817, 60.321580770101746793, 2984.0140000000001237, 1, 2984.1149999999997817, 60.908630543995705864, 2984.0140000000001237, 1, 2984.1149999999997817, 43.635626702955619294, 2984.0140000000001237, 1, 2984.1149999999997817, 39.923125490187445052, 2984.0140000000001237, 1
2984.1289999999999054, 60.321590931184147166, 2984.0189999999997781, 1, 2984.1289999999999054, 60.908634311250537507, 2984.0189999999997781, 1, 2984.1289999999999054, 43.63562019059730801, 2984.0189999999997781, 1, 2984.1289999999999054, 39.92312799004527335, 2984.0189999999997781, 1
2984.1289999999999054, 60.321601091854915921, 2984.0230000000001382, 1, 2984.1289999999999054, 60.908638078113852998, 2984.0230000000001382, 1, 2984.1289999999999054, 43.635614003868084865, 2984.0230000000001382, 1, 2984.1289999999999054, 39.923130489844268709, 2984.0230000000001382, 1
2984.1340000000000146, 60.321611252109121892, 2984.0279999999997926, 1, 2984.1340000000000146, 60.90864184458188646, 2984.0279999999997926, 1, 2984.1340000000000146, 43.635607817152497034, 2984.0279999999997926, 1, 2984.1340000000000146, 39.923132989597945652, 2984.0279999999997926, 1
2984.1439999999997781, 60.321620395997335606, 2984.0329999999999018, 1, 2984.1439999999997781, 60.908645610656527936, 2984.0329999999999018, 1, 2984.1439999999997781, 43.635601304817932089, 2984.0329999999999018, 1, 2984.1439999999997781, 39.923135620856207595, 2984.0329999999999018, 1
2984.1539999999999964, 60.321630555452856015, 2984.0390000000002146, 1, 2984.1539999999999964, 60.908649376336292391, 2984.0390000000002146, 1, 2984.1539999999999964, 43.635594792494025285, 2984.0390000000002146, 1, 2984.1539999999999964, 39.923138252056460828, 2984.0390000000002146, 1
2984.1640000000002146, 60.32164173040005295, 2984.0450000000000728, 1, 2984.1640000000002146, 60.908653141618202653, 2984.0450000000000728, 1, 2984.1640000000002146, 43.635588280192536104, 2984.0450000000000728, 1, 2984.1640000000002146, 39.923140883195969764, 2984.0450000000000728, 1
2984.1739999999999782, 60.321651889000193592, 2984.0479999999997744, 1, 2984.1739999999999782, 60.908656906509996531, 2984.0479999999997744, 1, 2984.1739999999999782, 43.635581767884339399, 2984.0479999999997744, 1, 2984.1739999999999782, 39.923143514278088162, 2984.0479999999997744, 1
2984.1849999999999454, 60.361096461850415551, 2984.0529999999998836, 1, 2984.1849999999999454, 60.835459775234852486, 2984.0529999999998836, 1, 2984.1849999999999454, 43.649424423031938147, 2984.0529999999998836, 1, 2984.1849999999999454, 39.9343051603753878, 2984.0529999999998836, 1
2984.1950000000001637, 60.361107192429230395, 2984.0579999999999927, 1, 2984.1950000000001637, 60.835464174428750539, 2984.0579999999999927, 1, 2984.1950000000001637, 43.649418074054160854, 2984.0579999999999927, 1, 2984.1950000000001637, 39.934308319751060878, 2984.0579999999999927, 1
2984.2049999999999272, 60.361117922570855399, 2984.0630000000001019, 1, 2984.2049999999999272, 60.835468573220637722, 2984.0630000000001019, 1, 2984.2049999999999272, 43.649411725074010349, 2984.0630000000001019, 1, 2984.2049999999999272, 39.934311479053675953, 2984.0630000000001019, 1
2984.2150000000001455, 60.361128652277400874, 2984.0670000000000073, 1, 2984.2150000000001455, 60.835472971600935921, 2984.0670000000000073, 1, 2984.2150000000001455, 43.649405376094399855, 2984.0670000000000073, 1, 2984.2150000000001455, 39.934314638280653753, 2984.0670000000000073, 1
2984.2249999999999091, 60.321702675786625036, 2984.0729999999998654, 1, 2984.2249999999999091, 60.908675725064284734, 2984.0729999999998654, 1, 2984.2249999999999091, 43.635549206511399234, 2984.0729999999998654, 1, 2984.2249999999999091, 39.923156668776101696, 2984.0729999999998654, 1
2984.2449999999998909, 60.32171283190397304, 2984.0779999999999745, 1, 2984.2449999999998909, 60.908679487594675095, 2984.0779999999999745, 1, 2984.2449999999998909, 43.635542694274434439, 2984.0779999999999745, 1, 2984.2449999999998909, 39.923159299497370966, 2984.0779999999999745, 1
2984.2449999999998909, 60.321722987605504329, 2984.0839999999998327, 1, 2984.2449999999998909, 60.908683249731119247, 2984.0839999999998327, 1, 2984.2449999999998909, 43.635536182041164466, 2984.0839999999998327, 1, 2984.2449999999998909, 39.923161930159189126, 2984.0839999999998327, 1
2984.2550000000001091, 60.361139961231273787, 2984.0889999999999418, 1, 2984.2550000000001091, 60.835455008677115529, 2984.0889999999999418, 1, 2984.2550000000001091, 43.649368469935694748, 2984.0889999999999418, 1, 2984.2550000000001091, 39.934318647884111897, 2984.0889999999999418, 1
2984.2649999999998727, 60.361150689635934441, 2984.0929999999998472, 1, 2984.2649999999998727, 60.83545940593283774, 2984.0929999999998472, 1, 2984.2649999999998727, 43.649362121236521261, 2984.0929999999998472, 1, 2984.2649999999998727, 39.934321806998589466, 2984.0929999999998472, 1
2984.2750000000000909, 60.361161417597912759, 2984.0979999999999563, 1, 2984.2750000000000909, 60.835463802790791021, 2984.0979999999999563, 1, 2984.2750000000000909, 43.649355772533951381, 2984.0979999999999563, 1, 2984.2750000000000909, 39.93432496603609394, 2984.0979999999999563, 1
2984.2849999999998545, 60.361172145125948418, 2984.1030000000000655, 1, 2984.2849999999998545, 60.835468199239656428, 2984.1030000000000655, 1, 2984.2849999999998545, 43.649349423827814576, 2984.1030000000000655, 1, 2984.2849999999998545, 39.934328125007567678, 2984.1030000000000655, 1
2984.2950000000000728, 60.361166020127839715, 2984.1080000000001746, 1, 2984.2950000000000728, 60.835453638517535069, 2984.1080000000001746, 1, 2984.2950000000000728, 43.649336937830668148, 2984.1080000000001746, 1, 2984.2950000000000728, 39.934326684281366227, 2984.1080000000001746, 1
2984.3150000000000546, 60.361174640900550514, 2984.112999999999829, 1, 2984.3150000000000546, 60.835455665233205025, 2984.112999999999829, 1, 2984.3150000000000546, 43.649329822170223281, 2984.112999999999829, 1, 2984.3150000000000546, 39.934329268336881569, 2984.112999999999829, 1
2984.3240000000000691, 60.361185367646037037, 2984.1179999999999382, 1, 2984.3240000000000691, 60.835460061009541732, 2984.1179999999999382, 1, 2984.3240000000000691, 43.64932347363416909, 2984.1179999999999382, 1, 2984.3240000000000691, 39.934332427231709062, 2984.1179999999999382, 1
2984.3249999999998181, 60.361196093957374842, 2984.1230000000000473, 1, 2984.3249999999998181, 60.83546445638144462, 2984.1230000000000473, 1, 2984.3249999999998181, 43.649317125096487757, 2984.1230000000000473, 1, 2984.3249999999998181, 39.934335586061095569, 2984.1230000000000473, 1
2984.3350000000000364, 60.321814370287498264, 2984.1289999999999054, 1, 2984.3350000000000364, 60.908717091228311347, 2984.1289999999999054, 1, 2984.3350000000000364, 43.635477572356087705, 2984.1289999999999054, 1, 2984.3350000000000364, 39.923185603434504287, 2984.1289999999999054, 1
2984.3449999999997999, 60.361200697314615127, 2984.1329999999998108, 1, 2984.3449999999997999, 60.835454293574414919, 2984.1329999999998108, 1, 2984.3449999999997999, 43.649298292179338432, 2984.1329999999998108, 1, 2984.3449999999997999, 39.93433730508522217, 2984.1329999999998108, 1
2984.3550000000000182, 60.361211422783682679, 2984.13799999999992, 1, 2984.3550000000000182, 60.835458688217713075, 2984.13799999999992, 1, 2984.3550000000000182, 43.649291943786643344, 2984.13799999999992, 1, 2984.3550000000000182, 39.934340463824106848, 2984.13799999999992, 1
2984.3649999999997817, 60.361222147810522642, 2984.1430000000000291, 1, 2984.3649999999997817, 60.835463082442728933, 2984.1430000000000291, 1, 2984.3649999999997817, 43.649285595397984139, 2984.1430000000000291, 1, 2984.3649999999997817, 39.934343622489862469, 2984.1430000000000291, 1
2984.375, 60.361218132982699558, 2984.1480000000001382, 1, 2984.375, 60.835450895725912801, 2984.1480000000001382, 1, 2984.375, 43.649273879038204882, 2984.1480000000001382, 1, 2984.375, 39.934342758228012826, 2984.1480000000001382, 1
2984.3850000000002183, 60.361226752084832015, 2984.1529999999997926, 1, 2984.3850000000002183, 60.835452921089967049, 2984.1529999999997926, 1, 2984.3850000000002183, 43.649266763986645401, 2984.1529999999997926, 1, 2984.3850000000002183, 39.93434534221330523, 2984.1529999999997926, 1
2984.3949999999999818, 60.361237476276698999, 2984.1579999999999018, 1, 2984.3949999999999818, 60.835457314594833633, 2984.1579999999999018, 1, 2984.3949999999999818, 43.64926041574504012, 2984.1579999999999018, 1, 2984.3949999999999818, 39.934348500795991299, 2984.1579999999999018, 1
2984.4149999999999636, 60.321885422528048082, 2984.1630000000000109, 1, 2984.4149999999999636, 60.908743390352839242, 2984.1630000000000109, 1, 2984.4149999999999636, 43.635431987575486801, 2984.1630000000000109, 1, 2984.4149999999999636, 39.923204012652242056, 2984.1630000000000109, 1
2984.4149999999999636, 60.321895571196805008, 2984.168999999999869, 1, 2984.4149999999999636, 60.908747145795459232, 2984.168999999999869, 1, 2984.4149999999999636, 43.635425475507304327, 2984.168999999999869, 1, 2984.4149999999999636, 39.923206642302403679, 2984.168999999999869, 1
2984.4349999999999454, 60.361252805213325701, 2984.1729999999997744, 1, 2984.4349999999999454, 60.835451547785652338, 2984.1729999999997744, 1, 2984.4349999999999454, 43.649235237606582416, 2984.1729999999997744, 1, 2984.4349999999999454, 39.934353379724569777, 2984.1729999999997744, 1
2984.4349999999999454, 60.361263528134458056, 2984.1779999999998836, 1, 2984.4349999999999454, 60.835455940151888399, 2984.1779999999998836, 1, 2984.4349999999999454, 43.649228889516834329, 2984.1779999999998836, 1, 2984.4349999999999454, 39.934356538140093562, 2984.1779999999998836, 1
2984.4450000000001637, 60.36127425061646079, 2984.1829999999999927, 1, 2984.4450000000001637, 60.835460332103799885, 2984.1829999999999927, 1, 2984.4450000000001637, 43.649222541415134913, 2984.1829999999999927, 1, 2984.4450000000001637, 39.934359696483880953, 2984.1829999999999927, 1
2984.4549999999999272, 60.32193616171599615, 2984.1889999999998508, 1, 2984.4549999999999272, 60.908762163636538389, 2984.1889999999998508, 1, 2984.4549999999999272, 43.63539942731900112, 2984.1889999999998508, 1, 2984.4549999999999272, 39.923217160302328921, 2984.1889999999998508, 1
2984.4659999999998945, 60.321946308316626073, 2984.193000000000211, 1, 2984.4659999999998945, 60.90876591711965915, 2984.193000000000211, 1, 2984.4659999999998945, 43.635392915295042826, 2984.193000000000211, 1, 2984.4659999999998945, 39.923219789655796319, 2984.193000000000211, 1
2984.4749999999999091, 60.321956454497822619, 2984.1979999999998654, 1, 2984.4749999999999091, 60.90876967019865873, 2984.1979999999998654, 1, 2984.4749999999999091, 43.635386403275916223, 2984.1979999999998654, 1, 2984.4749999999999091, 39.923222418947815981, 2984.1979999999998654, 1
2984.4850000000001273, 60.321966600263522196, 2984.2029999999999745, 1, 2984.4850000000001273, 60.908773422888394578, 2984.2029999999999745, 1, 2984.4850000000001273, 43.635379891272251029, 2984.2029999999999745, 1, 2984.4850000000001273, 39.923225048185926767, 2984.2029999999999745, 1
2984.4949999999998909, 60.361296290017193655, 2984.2089999999998327, 1, 2984.4949999999998909, 60.835446775334624192, 2984.2089999999998327, 1, 2984.4949999999998909, 43.649179304439641669, 2984.2089999999998327, 1, 2984.4949999999998909, 39.934366871983485225, 2984.2089999999998327, 1
2984.5059999999998581, 60.361307010759240654, 2984.2130000000001928, 1, 2984.5059999999998581, 60.835451165772596482, 2984.2130000000001928, 1, 2984.5059999999998581, 43.649172956617178443, 2984.2130000000001928, 1, 2984.5059999999998581, 39.934370030135120544, 2984.2130000000001928, 1
2984.5149999999998727, 60.361317195067734076, 2984.2179999999998472, 1, 2984.5149999999998727, 60.835455336305798824, 2984.2179999999998472, 1, 2984.5149999999998727, 43.649166926195867688, 2984.2179999999998472, 1, 2984.5149999999998727, 39.934373030318241149, 2984.2179999999998472, 1
2984.5239999999998872, 60.361327914955978713, 2984.2229999999999563, 1, 2984.5239999999998872, 60.835459725937042208, 2984.2229999999999563, 1, 2984.5239999999998872, 43.649160578375223452, 2984.2229999999999563, 1, 2984.5239999999998872, 39.934376188320811707, 2984.2229999999999563, 1
2984.5349999999998545, 60.361339170383800479, 2984.2289999999998145, 1, 2984.5349999999998545, 60.835464334626983884, 2984.2289999999998145, 1, 2984.5349999999998545, 43.649153913162734852, 2984.2289999999998145, 1, 2984.5349999999998545, 39.934379504164162711, 2984.2289999999998145, 1
2984.5450000000000728, 60.322027466207039481, 2984.2330000000001746, 1, 2984.5450000000000728, 60.90879593077158205, 2984.2330000000001746, 1, 2984.5450000000000728, 43.63534081945576304, 2984.2330000000001746, 1, 2984.5450000000000728, 39.923240822329574939, 2984.2330000000001746, 1
2984.5650000000000546, 60.322037609079764309, 2984.2399999999997817, 1, 2984.5650000000000546, 60.908799680713173075, 2984.2399999999997817, 1, 2984.5650000000000546, 43.635334307514206387, 2984.2399999999997817, 1, 2984.5650000000000546, 39.923243451149268424, 2984.2399999999997817, 1
2984.5650000000000546, 60.322047751547948735, 2984.2429999999999382, 1, 2984.5650000000000546, 60.90880343025749255, 2984.2429999999999382, 1, 2984.5650000000000546, 43.635327795592509403, 2984.2429999999999382, 1, 2984.5650000000000546, 39.923246079906249406, 2984.2429999999999382, 1
2984.5760000000000218, 60.322057893591406241, 2984.2480000000000473, 1, 2984.5760000000000218, 60.908807179409507171, 2984.2480000000000473, 1, 2984.5760000000000218, 43.635321283668304204, 2984.2480000000000473, 1, 2984.5760000000000218, 39.923248708608277013, 2984.2480000000000473, 1
2984.5850000000000364, 60.322068035232987881, 2984.2539999999999054, 1, 2984.5850000000000364, 60.908810928165898702, 2984.2539999999999054, 1, 2984.5850000000000364, 43.635314771765585817, 2984.2539999999999054, 1, 2984.5850000000000364, 39.92325133724653341, 2984.2539999999999054, 1
2984.6060000000002219, 60.32207817645505088, 2984.2590000000000146, 1, 2984.6060000000002219, 60.908814676537076593, 2984.2590000000000146, 1, 2984.6060000000002219, 43.635308259866967262, 2984.2590000000000146, 1, 2984.6060000000002219, 39.923253965823690237, 2984.2590000000000146, 1
2984.6060000000002219, 60.322088317265844637, 2984.26299999999992, 1, 2984.6060000000002219, 60.908818424504957534, 2984.26299999999992, 1, 2984.6060000000002219, 43.63530174798212613, 2984.26299999999992, 1, 2984.6060000000002219, 39.923256594342063863, 2984.26299999999992, 1
2984.6149999999997817, 60.322098457654398374, 2984.2680000000000291, 1, 2984.6149999999997817, 60.908822172091177549, 2984.2680000000000291, 1, 2984.6149999999997817, 43.635295236100155591, 2984.2680000000000291, 1, 2984.6149999999997817, 39.923259222796652068, 2984.2680000000000291, 1
2984.625, 60.322108597637331684, 2984.2730000000001382, 1, 2984.625, 60.908825919273994032, 2984.2730000000001382, 1, 2984.625, 43.635288724230647972, 2984.2730000000001382, 1, 2984.625, 39.923261851202369144, 2984.2730000000001382, 1
2984.6350000000002183, 60.32211873721184503, 2984.2779999999997926, 1, 2984.6350000000002183, 60.908829666072676901, 2984.2779999999997926, 1, 2984.6350000000002183, 43.63528221237663729, 2984.2779999999997926, 1, 2984.6350000000002183, 39.923264479545593986, 2984.2779999999997926, 1
2984.6449999999999818, 60.322128876366186034, 2984.2829999999999018, 1, 2984.6449999999999818, 60.908833412473754265, 2984.2829999999999018, 1, 2984.6449999999999818, 43.635275700522598186, 2984.2829999999999018, 1, 2984.6449999999999818, 39.923267107828714018, 2984.2829999999999018, 1
2984.6550000000002001, 60.322139015113009464, 2984.2880000000000109, 1, 2984.6550000000002001, 60.908837158485184204, 2984.2880000000000109, 1, 2984.6550000000002001, 43.635269188687857422, 2984.2880000000000109, 1, 2984.6550000000002001, 39.923269736047288347, 2984.2880000000000109, 1
2984.6680000000001201, 60.322149153441586122, 2984.2930000000001201, 1, 2984.6680000000001201, 60.908840904101410274, 2984.2930000000001201, 1, 2984.6680000000001201, 43.635262676855148811, 2984.2930000000001201, 1, 2984.6680000000001201, 39.923272364209303475, 2984.2930000000001201, 1
2984.6849999999999454, 60.361415600251419278, 2984.2989999999999782, 1, 2984.6849999999999454, 60.835442945881140986, 2984.2989999999999782, 1, 2984.6849999999999454, 43.649037921391936834, 2984.2989999999999782, 1, 2984.6849999999999454, 39.93440393847677683, 2984.2989999999999782, 1
2984.6849999999999454, 60.361426315202308501, 2984.3029999999998836, 1, 2984.6849999999999454, 60.835447331138553295, 2984.3029999999998836, 1, 2984.6849999999999454, 43.649031574220146013, 2984.3029999999998836, 1, 2984.6849999999999454, 39.934407095889859818, 2984.3029999999998836, 1
2984.7049999999999272, 60.322179565952609437, 2984.3079999999999927, 1, 2984.7049999999999272, 60.908852138588969183, 2984.3079999999999927, 1, 2984.7049999999999272, 43.635242815837933961, 2984.3079999999999927, 1, 2984.7049999999999272, 39.923280379745278879, 2984.3079999999999927, 1
2984.7049999999999272, 60.322189702632698527, 2984.3130000000001019, 1, 2984.7049999999999272, 60.908855882633929468, 2984.3130000000001019, 1, 2984.7049999999999272, 43.635236304048120815, 2984.3130000000001019, 1, 2984.7049999999999272, 39.923283007667805578, 2984.3130000000001019, 1
2984.7150000000001455, 60.361441641535222402, 2984.31899999999996, 1, 2984.7150000000001455, 60.835441566585714668, 2984.31899999999996, 1, 2984.7150000000001455, 43.6490067254951839, 2984.31899999999996, 1, 2984.7150000000001455, 39.934411662986470049, 2984.31899999999996, 1
2984.7249999999999091, 60.361452355204896492, 2984.3229999999998654, 1, 2984.7249999999999091, 60.835445950703551432, 2984.3229999999998654, 1, 2984.7249999999999091, 43.649000378470283579, 2984.3229999999998654, 1, 2984.7249999999999091, 39.934414820241542543, 2984.3229999999998654, 1
2984.7350000000001273, 60.361463068445402769, 2984.3290000000001783, 1, 2984.7350000000001273, 60.835450334411675044, 2984.3290000000001783, 1, 2984.7350000000001273, 43.648994031449454667, 2984.3290000000001783, 1, 2984.7350000000001273, 39.934417977432012492, 2984.3290000000001783, 1
2984.7449999999998909, 60.361461171413097304, 2984.3330000000000837, 1, 2984.7449999999998909, 60.835440531566263189, 2984.3330000000000837, 1, 2984.7449999999998909, 43.648983091738330131, 2984.3330000000000837, 1, 2984.7449999999998909, 39.93441769342352643, 2984.3330000000000837, 1
2984.7550000000001091, 60.322240379821344902, 2984.3389999999999418, 1, 2984.7550000000001091, 60.908874596967592652, 2984.3389999999999418, 1, 2984.7550000000001091, 43.635204070830383216, 2984.3389999999999418, 1, 2984.7550000000001091, 39.923296015016624949, 2984.3389999999999418, 1
2984.7750000000000909, 60.322250514024673862, 2984.3429999999998472, 1, 2984.7750000000000909, 60.908878338654012907, 2984.3429999999998472, 1, 2984.7750000000000909, 43.635197559098116926, 2984.3429999999998472, 1, 2984.7750000000000909, 39.923298642583411322, 2984.3429999999998472, 1
2984.7849999999998545, 60.32226064780691388, 2984.3479999999999563, 1, 2984.7849999999998545, 60.908882079948639898, 2984.3479999999999563, 1, 2984.7849999999998545, 43.635191047380814666, 2984.3479999999999563, 1, 2984.7849999999998545, 39.923301270092579784, 2984.3479999999999563, 1
2984.7849999999998545, 60.322270781182368182, 2984.3530000000000655, 1, 2984.7849999999998545, 60.908885820851494941, 2984.3530000000000655, 1, 2984.7849999999998545, 43.635184535668031458, 2984.3530000000000655, 1, 2984.7849999999998545, 39.923303897542162133, 2984.3530000000000655, 1
2984.8040000000000873, 60.361493183612651592, 2984.3580000000001746, 1, 2984.8040000000000873, 60.835438586407072137, 2984.3580000000001746, 1, 2984.8040000000000873, 43.648943704415231082, 2984.3580000000001746, 1, 2984.8040000000000873, 39.934427902482347861, 2984.3580000000001746, 1
2984.8049999999998363, 60.361503894755621502, 2984.362999999999829, 1, 2984.8049999999998363, 60.835442968263265584, 2984.362999999999829, 1, 2984.8049999999998363, 43.648937357683479377, 2984.362999999999829, 1, 2984.8049999999998363, 39.934431059426039212, 2984.362999999999829, 1
2984.8139999999998508, 60.361515141001731877, 2984.3690000000001419, 1, 2984.8139999999998508, 60.835447568791934714, 2984.3690000000001419, 1, 2984.8139999999998508, 43.648931010957497278, 2984.3690000000001419, 1, 2984.8139999999998508, 39.934434058445404503, 2984.3690000000001419, 1
2984.8270000000002256, 60.361509045259431616, 2984.3730000000000473, 1, 2984.8270000000002256, 60.835433042624913469, 2984.3730000000000473, 1, 2984.8270000000002256, 43.648918543158842454, 2984.3730000000000473, 1, 2984.8270000000002256, 39.934432629170018458, 2984.3730000000000473, 1
2984.8339999999998327, 60.361517654967968838, 2984.3780000000001564, 1, 2984.8339999999998327, 60.835435060519756689, 2984.3780000000001564, 1, 2984.8339999999998327, 43.648911431514619608, 2984.3780000000001564, 1, 2984.8339999999998327, 39.934435212819771266, 2984.3780000000001564, 1
2984.8440000000000509, 60.361528364878267894, 2984.3829999999998108, 1, 2984.8440000000000509, 60.835439441289423712, 2984.3829999999998108, 1, 2984.8440000000000509, 43.648905084945710087, 2984.3829999999998108, 1, 2984.8440000000000509, 39.934438369616586328, 2984.3829999999998108, 1
2984.8550000000000182, 60.361539074363335544, 2984.38799999999992, 1, 2984.8550000000000182, 60.835443821650372342, 2984.38799999999992, 1, 2984.8550000000000182, 43.648898738383479667, 2984.38799999999992, 1, 2984.8550000000000182, 39.934441526345274553, 2984.38799999999992, 1
2984.8649999999997817, 60.361549783408364078, 2984.3939999999997781, 1, 2984.8649999999997817, 60.835448201609665375, 2984.3939999999997781, 1, 2984.8649999999997817, 43.648892391822151637, 2984.3939999999997781, 1, 2984.8649999999997817, 39.934444682999640008, 2984.3939999999997781, 1
2984.8739999999997963, 60.361543690134723761, 2984.3989999999998872, 1, 2984.8739999999997963, 60.835433678385726353, 2984.3989999999998872, 1, 2984.8739999999997963, 43.648879925639207045, 2984.3989999999998872, 1, 2984.8739999999997963, 39.934443254717535865, 2984.3989999999998872, 1
2984.8850000000002183, 60.361554398778181962, 2984.4029999999997926, 1, 2984.8850000000002183, 60.835438058016585217, 2984.4029999999997926, 1, 2984.8850000000002183, 43.64887357922727773, 2984.4029999999997926, 1, 2984.8850000000002183, 39.934446411356105955, 2984.4029999999997926, 1
2984.8949999999999818, 60.361565106982340012, 2984.4079999999999018, 1, 2984.8949999999999818, 60.835442437242775782, 2984.4079999999999018, 1, 2984.8949999999999818, 43.648867232809621441, 2984.4079999999999018, 1, 2984.8949999999999818, 39.934449567923977042, 2984.4079999999999018, 1
2984.9050000000002001, 60.361575814756719183, 2984.4130000000000109, 1, 2984.9050000000002001, 60.835446816064553843, 2984.4130000000000109, 1, 2984.9050000000002001, 43.648860886398566095, 2984.4130000000000109, 1, 2984.9050000000002001, 39.934452724413603164, 2984.4130000000000109, 1
2984.9149999999999636, 60.361569723668324627, 2984.418999999999869, 1, 2984.9149999999999636, 60.835432295419835214, 2984.418999999999869, 1, 2984.9149999999999636, 43.648848421581888601, 2984.418999999999869, 1, 2984.9149999999999636, 39.934451297001331227, 2984.418999999999869, 1
2984.9259999999999309, 60.361580431033743821, 2984.4229999999997744, 1, 2984.9259999999999309, 60.835436673919929262, 2984.4229999999997744, 1, 2984.9259999999999309, 43.648842075313623923, 2984.4229999999997744, 1, 2984.9259999999999309, 39.934454453476583069, 2984.4229999999997744, 1
2984.9450000000001637, 60.361578540902229406, 2984.4290000000000873, 1, 2984.9450000000001637, 60.835427098517328659, 2984.4290000000000873, 1, 2984.9450000000001637, 43.648830823574826354, 2984.4290000000000873, 1, 2984.9450000000001637, 39.934454330339860917, 2984.4290000000000873, 1
2984.9549999999999272, 60.322432859039878394, 2984.4340000000001965, 1, 2984.9549999999999272, 60.90894580865875696, 2984.4340000000001965, 1, 2984.9549999999999272, 43.635080024029619494, 2984.4340000000001965, 1, 2984.9549999999999272, 39.923346060028222837, 2984.4340000000001965, 1
2984.9650000000001455, 60.322442985397557891, 2984.4380000000001019, 1, 2984.9650000000001455, 60.908949356165948075, 2984.4380000000001019, 1, 2984.9650000000001455, 43.635073838059213358, 2984.4380000000001019, 1, 2984.9650000000001455, 39.923348555150774075, 2984.4380000000001019, 1
2984.9650000000001455, 60.322453111345417653, 2984.44399999999996, 1, 2984.9650000000001455, 60.908953090008104425, 2984.44399999999996, 1, 2984.9650000000001455, 43.635067326527391174, 2984.44399999999996, 1, 2984.9650000000001455, 39.923351181532183318, 2984.44399999999996, 1
2984.9749999999999091, 60.322463236874085624, 2984.4479999999998654, 1, 2984.9749999999999091, 60.9089568234593699, 2984.4479999999998654, 1, 2984.9749999999999091, 43.63506081500388234, 2984.4479999999998654, 1, 2984.9749999999999091, 39.92335380786327903, 2984.4479999999998654, 1
2984.9839999999999236, 60.322473362000650354, 2984.4529999999999745, 1, 2984.9839999999999236, 60.908960556513022766, 2984.4529999999999745, 1, 2984.9839999999999236, 43.635054303487827099, 2984.4529999999999745, 1, 2984.9839999999999236, 39.923356434120741199, 2984.4529999999999745, 1
2984.9949999999998909, 60.361621785829413511, 2984.4589999999998327, 1, 2984.9949999999998909, 60.835429527022157004, 2984.4589999999998327, 1, 2984.9949999999998909, 43.648785418887371179, 2984.4589999999998327, 1, 2984.9949999999998909, 39.934467382688318082, 2984.4589999999998327, 1
2985.0059999999998581, 60.3616324906483257, 2984.4639999999999418, 1, 2985.0059999999998581, 60.835433903245785814, 2984.4639999999999418, 1, 2985.0059999999998581, 43.648779072916838118, 2984.4639999999999418, 1, 2985.0059999999998581, 39.93447053885458331, 2984.4639999999999418, 1
2985.0149999999998727, 60.361643195040599608, 2984.4690000000000509, 1, 2985.0149999999998727, 60.83543827906997592, 2984.4690000000000509, 1, 2985.0149999999998727, 43.648772726948529055, 2984.4690000000000509, 1, 2985.0149999999998727, 39.93447369494064958, 2984.4690000000000509, 1
2985.0250000000000909, 60.361653898998774537, 2984.4729999999999563, 1, 2985.0250000000000909, 60.835442654482875469, 2984.4729999999999563, 1, 2985.0250000000000909, 43.648766380977235713, 2984.4729999999999563, 1, 2985.0250000000000909, 39.934476850952819404, 2984.4729999999999563, 1
2985.0340000000001055, 60.322523981422342843, 2984.4780000000000655, 1, 2985.0340000000001055, 60.908979215917113947, 2984.4780000000000655, 1, 2985.0340000000001055, 43.635021746062662373, 2984.4780000000000655, 1, 2985.0340000000001055, 39.923369564566343115, 2984.4780000000000655, 1
2985.043999999999869, 60.322534104070776095, 2984.4839999999999236, 1, 2985.043999999999869, 60.908982946621499366, 2984.4839999999999236, 1, 2985.043999999999869, 43.63501523460317344, 2984.4839999999999236, 1, 2985.043999999999869, 39.923372190473692456, 2984.4839999999999236, 1
2985.0540000000000873, 60.322544226306334281, 2984.4899999999997817, 1, 2985.0540000000000873, 60.908986676932912019, 2984.4899999999997817, 1, 2985.0540000000000873, 43.63500872315705692, 2984.4899999999997817, 1, 2985.0540000000000873, 39.92337481632657159, 2984.4899999999997817, 1
2985.0639999999998508, 60.322554348128960555, 2984.4929999999999382, 1, 2985.0639999999998508, 60.908990406852510091, 2984.4929999999999382, 1, 2985.0639999999998508, 43.635002211725520738, 2984.4929999999999382, 1, 2985.0639999999998508, 39.923377442121037006, 2984.4929999999999382, 1
2985.0740000000000691, 60.36167593944402654, 2984.4980000000000473, 1, 2985.0740000000000691, 60.835429115744744877, 2984.4980000000000473, 1, 2985.0740000000000691, 43.648723187588586825, 2984.4980000000000473, 1, 2985.0740000000000691, 39.934484042338922904, 2984.4980000000000473, 1
2985.0839999999998327, 60.361686641661762565, 2984.5030000000001564, 1, 2985.0839999999998327, 60.835433489639086702, 2984.5030000000001564, 1, 2985.0839999999998327, 43.648716841896749941, 2984.5030000000001564, 1, 2985.0839999999998327, 39.934487198169293265, 2984.5030000000001564, 1
2985.0940000000000509, 60.361697343447076491, 2984.5079999999998108, 1, 2985.0940000000000509, 60.835437863132753478, 2984.5079999999998108, 1, 2985.0940000000000509, 43.648710496201687192, 2984.5079999999998108, 1, 2985.0940000000000509, 39.934490353923735029, 2984.5079999999998108, 1
2985.1060000000002219, 60.322594831296470375, 2984.51299999999992, 1, 2985.1060000000002219, 60.90900532261588296, 2984.51299999999992, 1, 2985.1060000000002219, 43.634976166079312065, 2984.51299999999992, 1, 2985.1060000000002219, 39.923387944699967989, 2984.51299999999992, 1
2985.1149999999997817, 60.361701964365700235, 2984.5180000000000291, 1, 2985.1149999999997817, 60.835427728193771202, 2984.5180000000000291, 1, 2985.1149999999997817, 43.648691692420342747, 2984.5180000000000291, 1, 2985.1149999999997817, 39.934492086386455867, 2984.5180000000000291, 1
2985.137000000000171, 60.361712665317995175, 2984.5230000000001382, 1, 2985.137000000000171, 60.835432100953624968, 2984.5230000000001382, 1, 2985.137000000000171, 43.648685346870131241, 2984.5230000000001382, 1, 2985.137000000000171, 39.93449524205866652, 2984.5230000000001382, 1
2985.1449999999999818, 60.361708149246801725, 2984.5279999999997926, 1, 2985.1449999999999818, 60.835419736369800603, 2984.5279999999997926, 1, 2985.1449999999999818, 43.648673971024862794, 2984.5279999999997926, 1, 2985.1449999999999818, 39.934494234024867865, 2984.5279999999997926, 1
2985.1550000000002001, 60.361716752537489583, 2984.5329999999999018, 1, 2985.1550000000002001, 60.835421749170706107, 2984.5329999999999018, 1, 2985.1550000000002001, 43.648666861720379018, 2984.5329999999999018, 1, 2985.1550000000002001, 39.934496817448234651, 2984.5329999999999018, 1
2985.1550000000002001, 60.361727987670832363, 2984.5390000000002146, 1, 2985.1550000000002001, 60.835426339816251584, 2984.5390000000002146, 1, 2985.1550000000002001, 43.648660199054489794, 2984.5390000000002146, 1, 2985.1550000000002001, 39.93450013080917671, 2984.5390000000002146, 1
2985.1669999999999163, 60.361738687341642162, 2984.5430000000001201, 1, 2985.1669999999999163, 60.835430711440167784, 2984.5430000000001201, 1, 2985.1669999999999163, 43.648653853654813872, 2984.5430000000001201, 1, 2985.1669999999999163, 39.93450328631731594, 2984.5430000000001201, 1
2985.1750000000001819, 60.361749386584740762, 2984.5509999999999309, 1, 2985.1750000000001819, 60.83543508266374289, 2984.5509999999999309, 1, 2985.1750000000001819, 43.648647508260069117, 2984.5509999999999309, 1, 2985.1750000000001819, 39.934506441757832818, 2984.5509999999999309, 1
2985.1849999999999454, 60.361760085400831599, 2984.5540000000000873, 1, 2985.1849999999999454, 60.835439453485747663, 2984.5540000000000873, 1, 2985.1849999999999454, 43.648641162861807175, 2984.5540000000000873, 1, 2985.1849999999999454, 39.934509597120111835, 2984.5540000000000873, 1
2985.1959999999999127, 60.322685894327356948, 2984.5579999999999927, 1, 2985.1959999999999127, 60.909038860167939333, 2984.5579999999999927, 1, 2985.1959999999999127, 43.634917563965423426, 2984.5579999999999927, 1, 2985.1959999999999127, 39.923411572037387884, 2984.5579999999999927, 1
2985.2049999999999272, 60.32269499879885899, 2984.5630000000001019, 1, 2985.2049999999999272, 60.909042212186228937, 2984.5630000000001019, 1, 2985.2049999999999272, 43.634911703794841742, 2984.5630000000001019, 1, 2985.2049999999999272, 39.923413934510037393, 2984.5630000000001019, 1
2985.2150000000001455, 76.150580857220461439, 2984.568000000000211, 1, 2985.2150000000001455, 45.6817831953591309, 2984.568000000000211, 1, 2985.2150000000001455, 32.726181091937114331, 2984.568000000000211, 1, 2985.2150000000001455, 106.67215340239083332, 2984.568000000000211, 1
2985.2249999999999091, 95.288260185915675038, 2984.5729999999998654, 1, 2985.2249999999999091, 0, 2984.5729999999998654, 1, 2985.2249999999999091, 0, 2984.5729999999998654, 1, 2985.2249999999999091, 65.201740618400847893, 2984.5729999999998654, 1
2985.2350000000001273, 93.319583569660409239, 2984.5790000000001783, 1, 2985.2350000000001273, 0, 2984.5790000000001783, 1, 2985.2350000000001273, 0, 2984.5790000000001783, 1, 2985.2350000000001273, 49.462277722647129963, 2984.5790000000001783, 1
2985.2449999999998909, 93.549957015916220371, 2984.5830000000000837, 1, 2985.2449999999998909, 0, 2984.5830000000000837, 1, 2985.2449999999998909, 0, 2984.5830000000000837, 1, 2985.2449999999998909, 63.89302604221735038, 2984.5830000000000837, 1
2985.2559999999998581, 93.436952217158960821, 2984.5880000000001928, 1, 2985.2559999999998581, 0, 2984.5880000000001928, 1, 2985.2559999999998581, 0, 2984.5880000000001928, 1, 2985.2559999999998581, 84.288160632579945286, 2984.5880000000001928, 1
2985.2660000000000764, 93.033227855309505117, 2984.5940000000000509, 1, 2985.2660000000000764, 0, 2984.5940000000000509, 1, 2985.2660000000000764, 0, 2984.5940000000000509, 1, 2985.2660000000000764, 105.13975597820069652, 2984.5940000000000509, 1
2985.2750000000000909, 87.947234942811235214, 2984.5979999999999563, 1, 2985.2750000000000909, 0, 2984.5979999999999563, 1, 2985.2750000000000909, 0, 2984.5979999999999563, 1, 2985.2750000000000909, 118.96056545932481185, 2984.5979999999999563, 1
2985.2849999999998545, 89.83308429361258618, 2984.6030000000000655, 1, 2985.2849999999998545, 0, 2984.6030000000000655, 1, 2985.2849999999998545, 0, 2984.6030000000000655, 1, 2985.2849999999998545, 136.07827497912009562, 2984.6030000000000655, 1
2985.2950000000000728, 86.22323666763875849, 2984.6080000000001746, 1, 2985.2950000000000728, 0, 2984.6080000000001746, 1, 2985.2950000000000728, 0, 2984.6080000000001746, 1, 2985.2950000000000728, 148.3684673900351072, 2984.6080000000001746, 1
2985.3049999999998363, 84.036309392512777094, 2984.612999999999829, 1, 2985.3049999999998363, 0, 2984.612999999999829, 1, 2985.3049999999998363, 0, 2984.612999999999829, 1, 2985.3049999999998363, 152.71385146268110589, 2984.612999999999829, 1
2985.3150000000000546, 80.903719141587032482, 2984.6199999999998909, 1, 2985.3150000000000546, 0, 2984.6199999999998909, 1, 2985.3150000000000546, 0, 2984.6199999999998909, 1, 2985.3150000000000546, 157.95060573102489343, 2984.6199999999998909, 1
2985.3249999999998181, 81.28258726892599384, 2984.6239999999997963, 1, 2985.3249999999998181, 0, 2984.6239999999997963, 1, 2985.3249999999998181, 0, 2984.6239999999997963, 1, 2985.3249999999998181, 157.54509298832303443, 2984.6239999999997963, 1
2985.3350000000000364, 79.489047115282374989, 2984.6280000000001564, 1, 2985.3350000000000364, 0, 2984.6280000000001564, 1, 2985.3350000000000364, 251.71386581524478743, 2984.6280000000001564, 1, 2985.3350000000000364, 90.707477905033471188, 2984.6280000000001564, 1
2985.3440000000000509, 66.933126721296787309, 2984.6329999999998108, 1, 2985.3440000000000509, 0, 2984.6329999999998108, 1, 2985.3440000000000509, 98.283812765742325723, 2984.6329999999998108, 1, 2985.3440000000000509, 44.690793866757964281, 2984.6329999999998108, 1
2985.3569999999999709, 51.553328936851343656, 2984.63799999999992, 1, 2985.3569999999999709, 52.486047928683071007, 2984.63799999999992, 1, 2985.3569999999999709, 64.339881268786157875, 2984.63799999999992, 1, 2985.3569999999999709, 44.726011583717962594, 2984.63799999999992, 1
2985.375, 46.445826966489349275, 2984.6439999999997781, 1, 2985.375, 12.755334109759832728, 2984.6439999999997781, 1, 2985.375, 49.495180284119847158, 2984.6439999999997781, 1, 2985.375, 57.146387005475340004, 2984.6439999999997781, 1
2985.3850000000002183, 55.990448277688614098, 2984.6480000000001382, 1, 2985.3850000000002183, 5.6821454038404670683, 2984.6480000000001382, 1, 2985.3850000000002183, 41.648117991705611018, 2984.6480000000001382, 1, 2985.3850000000002183, 65.076943002138960992, 2984.6480000000001382, 1
2985.3949999999999818, 60.862680118944510355, 2984.6529999999997926, 1, 2985.3949999999999818, 5.5733244508147690155, 2984.6529999999997926, 1, 2985.3949999999999818, 37.447570921807226796, 2984.6529999999997926, 1, 2985.3949999999999818, 63.737675879606754847, 2984.6529999999997926, 1
2985.3949999999999818, 67.665090566461145727, 2984.6579999999999018, 1, 2985.3949999999999818, 6.4009844611496760081, 2984.6579999999999018, 1, 2985.3949999999999818, 36.817913776828689265, 2984.6579999999999018, 1, 2985.3949999999999818, 66.663398513558462355, 2984.6579999999999018, 1
2985.4050000000002001, 71.964962017532187133, 2984.6630000000000109, 1, 2985.4050000000002001, 7.9349230704346034315, 2984.6630000000000109, 1, 2985.4050000000002001, 36.949769611783672474, 2984.6630000000000109, 1, 2985.4050000000002001, 68.489995320757401487, 2984.6630000000000109, 1
2985.4160000000001673, 69.450468700314431203, 2984.6680000000001201, 1, 2985.4160000000001673, 9.2262169750885902886, 2984.6680000000001201, 1, 2985.4160000000001673, 40.669488155566227761, 2984.6680000000001201, 1, 2985.4160000000001673, 69.180540894682266639, 2984.6680000000001201, 1
2985.4250000000001819, 8.3108969293577736568e-99, 2984.6729999999997744, 1, 2985.4250000000001819, 23.194954741543220678, 2984.6729999999997744, 1, 2985.4250000000001819, 66.381100734355257487, 2984.6729999999997744, 1, 2985.4250000000001819, 2.4960134352828724502, 2984.6729999999997744, 1
2985.4450000000001637, 0, 2984.6779999999998836, 1, 2985.4450000000001637, 63.865134871479341427, 2984.6779999999998836, 1, 2985.4450000000001637, 89.609810634166933596, 2984.6779999999998836, 1, 2985.4450000000001637, 0, 2984.6779999999998836, 1
2985.4450000000001637, 0, 2984.6829999999999927, 1, 2985.4450000000001637, 89.726227213314246001, 2984.6829999999999927, 1, 2985.4450000000001637, 95.172163258767113803, 2984.6829999999999927, 1, 2985.4450000000001637, 0, 2984.6829999999999927, 1
2985.4549999999999272, 0, 2984.6880000000001019, 1, 2985.4549999999999272, 105.22441217982135697, 2984.6880000000001019, 1, 2985.4549999999999272, 90.571286827567462296, 2984.6880000000001019, 1, 2985.4549999999999272, 0, 2984.6880000000001019, 1
2985.4749999999999091, 0, 2984.6920000000000073, 1, 2985.4749999999999091, 113.99659892509957615, 2984.6920000000000073, 1, 2985.4749999999999091, 89.877162423983122608, 2984.6920000000000073, 1, 2985.4749999999999091, 0, 2984.6920000000000073, 1
2985.4850000000001273, 0, 2984.6979999999998654, 1, 2985.4850000000001273, 117.57163859870487954, 2984.6979999999998654, 1, 2985.4850000000001273, 85.700873002520509658, 2984.6979999999998654, 1, 2985.4850000000001273, 0, 2984.6979999999998654, 1
2985.4949999999998909, 0, 2984.7029999999999745, 1, 2985.4949999999998909, 118.87622541127142028, 2984.7029999999999745, 1, 2985.4949999999998909, 87.61118501241854517, 2984.7029999999999745, 1, 2985.4949999999998909, 0, 2984.7029999999999745, 1
2985.4949999999998909, 0, 2984.7089999999998327, 1, 2985.4949999999998909, 118.03066094993886281, 2984.7089999999998327, 1, 2985.4949999999998909, 88.715810663093364496, 2984.7089999999998327, 1, 2985.4949999999998909, 0, 2984.7089999999998327, 1
2985.5050000000001091, 0, 2984.7130000000001928, 1, 2985.5050000000001091, 117.08081359557417045, 2984.7130000000001928, 1, 2985.5050000000001091, 91.277919786213161046, 2984.7130000000001928, 1, 2985.5050000000001091, 0, 2984.7130000000001928, 1
2985.5149999999998727, 0, 2984.7179999999998472, 1, 2985.5149999999998727, 116.02045429850279845, 2984.7179999999998472, 1, 2985.5149999999998727, 88.956931958590416798, 2984.7179999999998472, 1, 2985.5149999999998727, 0, 2984.7179999999998472, 1
2985.5349999999998545, 0, 2984.7229999999999563, 1, 2985.5349999999998545, 113.64552516795262704, 2984.7229999999999563, 1, 2985.5349999999998545, 96.381605642548677793, 2984.7229999999999563, 1, 2985.5349999999998545, 0, 2984.7229999999999563, 1
2985.543999999999869, 0, 2984.7280000000000655, 1, 2985.543999999999869, 111.82872416329129805, 2984.7280000000000655, 1, 2985.543999999999869, 99.284069993253893927, 2984.7280000000000655, 1, 2985.543999999999869, 0, 2984.7280000000000655, 1
2985.543999999999869, 0, 2984.7330000000001746, 1, 2985.543999999999869, 109.76351609870579296, 2984.7330000000001746, 1, 2985.543999999999869, 102.98363076792617221, 2984.7330000000001746, 1, 2985.543999999999869, 0, 2984.7330000000001746, 1
2985.5650000000000546, 0, 2984.737999999999829, 1, 2985.5650000000000546, 108.95806608643096069, 2984.737999999999829, 1, 2985.5650000000000546, 96.676583957306377215, 2984.737999999999829, 1, 2985.5650000000000546, 0, 2984.737999999999829, 1
2985.5749999999998181, 0, 2984.7429999999999382, 1, 2985.5749999999998181, 107.70617046152304397, 2984.7429999999999382, 1, 2985.5749999999998181, 99.329221441282186333, 2984.7429999999999382, 1, 2985.5749999999998181, 0, 2984.7429999999999382, 1
2985.5749999999998181, 0, 2984.7480000000000473, 1, 2985.5749999999998181, 105.93952373967889002, 2984.7480000000000473, 1, 2985.5749999999998181, 100.4161920382286155, 2984.7480000000000473, 1, 2985.5749999999998181, 0, 2984.7480000000000473, 1
2985.5839999999998327, 0, 2984.7530000000001564, 1, 2985.5839999999998327, 105.28824416996270941, 2984.7530000000001564, 1, 2985.5839999999998327, 101.05806646646144031, 2984.7530000000001564, 1, 2985.5839999999998327, 0, 2984.7530000000001564, 1
2985.5949999999997999, 0, 2984.7570000000000618, 1, 2985.5949999999997999, 103.94308117215389586, 2984.7570000000000618, 1, 2985.5949999999997999, 107.22119327704461966, 2984.7570000000000618, 1, 2985.5949999999997999, 0, 2984.7570000000000618, 1
2985.6039999999998145, 0, 2984.7640000000001237, 1, 2985.6039999999998145, 102.25930214430019305, 2984.7640000000001237, 1, 2985.6039999999998145, 109.87268997293594452, 2984.7640000000001237, 1, 2985.6039999999998145, 0, 2984.7640000000001237, 1
2985.6140000000000327, 0, 2984.7680000000000291, 1, 2985.6140000000000327, 100.88522100613639054, 2984.7680000000000291, 1, 2985.6140000000000327, 113.69179235225865909, 2984.7680000000000291, 1, 2985.6140000000000327, 0, 2984.7680000000000291, 1
2985.6350000000002183, 0, 2984.7739999999998872, 1, 2985.6350000000002183, 99.74352433173160648, 2984.7739999999998872, 1, 2985.6350000000002183, 113.4723425995276358, 2984.7739999999998872, 1, 2985.6350000000002183, 0, 2984.7739999999998872, 1
2985.6350000000002183, 0, 2984.7779999999997926, 1, 2985.6350000000002183, 98.305922034229055839, 2984.7779999999997926, 1, 2985.6350000000002183, 113.39986458001689584, 2984.7779999999997926, 1, 2985.6350000000002183, 0, 2984.7779999999997926, 1
2985.6439999999997781, 0, 2984.7829999999999018, 1, 2985.6439999999997781, 97.955731240443213892, 2984.7829999999999018, 1, 2985.6439999999997781, 113.58633957025847394, 2984.7829999999999018, 1, 2985.6439999999997781, 0, 2984.7829999999999018, 1
2985.6539999999999964, 310.30835120406516126, 2984.7880000000000109, 1, 2985.6539999999999964, 69.832145530476580575, 2984.7880000000000109, 1, 2985.6539999999999964, 114.52505142397943416, 2984.7880000000000109, 1, 2985.6539999999999964, 77.477422006316146508, 2984.7880000000000109, 1
2985.6649999999999636, 163.82644646807338518, 2984.7930000000001201, 1, 2985.6649999999999636, 7.7333719945907830606, 2984.7930000000001201, 1, 2985.6649999999999636, 40.359424549275871641, 2984.7930000000001201, 1, 2985.6649999999999636, 184.14960766670145631, 2984.7930000000001201, 1
2985.6750000000001819, 43.064852441243772319, 2984.7970000000000255, 1, 2985.6750000000001819, 0, 2984.7970000000000255, 1, 2985.6750000000001819, 13.462497146919091051, 2984.7970000000000255, 1, 2985.6750000000001819, 60.892143393064046109, 2984.7970000000000255, 1
2985.6840000000001965, 26.647150519349345643, 2984.8029999999998836, 1, 2985.6840000000001965, 0, 2984.8029999999998836, 1, 2985.6840000000001965, 21.37829563886626616, 2984.8029999999998836, 1, 2985.6840000000001965, 36.662697017059038274, 2984.8029999999998836, 1
2985.6950000000001637, 35.951097908707993156, 2984.8079999999999927, 1, 2985.6950000000001637, 0, 2984.8079999999999927, 1, 2985.6950000000001637, 25.811581642467459119, 2984.8079999999999927, 1, 2985.6950000000001637, 28.562661894654809203, 2984.8079999999999927, 1
2985.7150000000001455, 55.625154405237708488, 2984.8130000000001019, 1, 2985.7150000000001455, 53.01173748978558109, 2984.8130000000001019, 1, 2985.7150000000001455, 27.901203176895894131, 2984.8130000000001019, 1, 2985.7150000000001455, 31.12283081286042119, 2984.8130000000001019, 1
2985.7150000000001455, 64.377234908913095524, 2984.818000000000211, 1, 2985.7150000000001455, 56.004709583308112997, 2984.818000000000211, 1, 2985.7150000000001455, 28.704923691502813199, 2984.818000000000211, 1, 2985.7150000000001455, 24.847321458222861423, 2984.818000000000211, 1
2985.7249999999999091, 68.152256086279663805, 2984.8229999999998654, 1, 2985.7249999999999091, 61.943156234564668239, 2984.8229999999998654, 1, 2985.7249999999999091, 28.523627026324525957, 2984.8229999999998654, 1, 2985.7249999999999091, 24.685544398296954682, 2984.8229999999998654, 1
2985.7350000000001273, 70.172306257085750758, 2984.8279999999999745, 1, 2985.7350000000001273, 65.825212172059835325, 2984.8279999999999745, 1, 2985.7350000000001273, 29.06477685020507451, 2984.8279999999999745, 1, 2985.7350000000001273, 25.11175804296030023, 2984.8279999999999745, 1
2985.7449999999998909, 32.549376146765069961, 2984.8330000000000837, 1, 2985.7449999999998909, 100.22713244632069518, 2984.8330000000000837, 1, 2985.7449999999998909, 139.98246654773467412, 2984.8330000000000837, 1, 2985.7449999999998909, 58.119589712844131668, 2984.8330000000000837, 1
2985.7550000000001091, 55.977446354505232762, 2984.8380000000001928, 1, 2985.7550000000001091, 0, 2984.8380000000001928, 1, 2985.7550000000001091, 0, 2984.8380000000001928, 1, 2985.7550000000001091, 53.536127740106550732, 2984.8380000000001928, 1
2985.7649999999998727, 85.850809110848473438, 2984.8429999999998472, 1, 2985.7649999999998727, 0, 2984.8429999999998472, 1, 2985.7649999999998727, 0, 2984.8429999999998472, 1, 2985.7649999999998727, 62.844565966303562732, 2984.8429999999998472, 1
2985.7750000000000909, 105.00318747249380635, 2984.8479999999999563, 1, 2985.7750000000000909, 0, 2984.8479999999999563, 1, 2985.7750000000000909, 0, 2984.8479999999999563, 1, 2985.7750000000000909, 66.981604377742641532, 2984.8479999999999563, 1
2985.7869999999998072, 115.47896825057293313, 2984.8530000000000655, 1, 2985.7869999999998072, 0, 2984.8530000000000655, 1, 2985.7869999999998072, 0, 2984.8530000000000655, 1, 2985.7869999999998072, 68.567495918189877102, 2984.8530000000000655, 1
2985.7950000000000728, 121.01259268445276973, 2984.8589999999999236, 1, 2985.7950000000000728, 0, 2984.8589999999999236, 1, 2985.7950000000000728, 0, 2984.8589999999999236, 1, 2985.7950000000000728, 71.082119750407031233, 2984.8589999999999236, 1
2985.8049999999998363, 122.00955906150915098, 2984.862999999999829, 1, 2985.8049999999998363, 0, 2984.862999999999829, 1, 2985.8049999999998363, 0, 2984.862999999999829, 1, 2985.8049999999998363, 74.239450579443868605, 2984.862999999999829, 1
2985.8150000000000546, 123.34883579999561221, 2984.8679999999999382, 1, 2985.8150000000000546, 0, 2984.8679999999999382, 1, 2985.8150000000000546, 0, 2984.8679999999999382, 1, 2985.8150000000000546, 73.046789679337351231, 2984.8679999999999382, 1
2985.8240000000000691, 121.66409241219062665, 2984.8739999999997963, 1, 2985.8240000000000691, 0, 2984.8739999999997963, 1, 2985.8240000000000691, 0, 2984.8739999999997963, 1, 2985.8240000000000691, 77.705841248701716495, 2984.8739999999997963, 1
2985.8350000000000364, 118.88887360380961411, 2984.8789999999999054, 1, 2985.8350000000000364, 0, 2984.8789999999999054, 1, 2985.8350000000000364, 0, 2984.8789999999999054, 1, 2985.8350000000000364, 83.357416925668957219, 2984.8789999999999054, 1
2985.8449999999997999, 118.23775600123460094, 2984.8829999999998108, 1, 2985.8449999999997999, 0, 2984.8829999999998108, 1, 2985.8449999999997999, 0, 2984.8829999999998108, 1, 2985.8449999999997999, 85.106568726414224102, 2984.8829999999998108, 1
2985.8550000000000182, 116.26193726567700537, 2984.8890000000001237, 1, 2985.8550000000000182, 0, 2984.8890000000001237, 1, 2985.8550000000000182, 0, 2984.8890000000001237, 1, 2985.8550000000000182, 90.846195482391436826, 2984.8890000000001237, 1
2985.8649999999997817, 113.90557382230059602, 2984.8930000000000291, 1, 2985.8649999999997817, 0, 2984.8930000000000291, 1, 2985.8649999999997817, 0, 2984.8930000000000291, 1, 2985.8649999999997817, 91.785121038111327607, 2984.8930000000000291, 1
2985.8850000000002183, 111.68056182483056205, 2984.8980000000001382, 1, 2985.8850000000002183, 0, 2984.8980000000001382, 1, 2985.8850000000002183, 0, 2984.8980000000001382, 1, 2985.8850000000002183, 96.377081248035935346, 2984.8980000000001382, 1
2985.8850000000002183, 110.28980253503655717, 2984.9029999999997926, 1, 2985.8850000000002183, 0, 2984.9029999999997926, 1, 2985.8850000000002183, 0, 2984.9029999999997926, 1, 2985.8850000000002183, 98.457861445609609063, 2984.9029999999997926, 1
2985.8949999999999818, 108.78996231871629163, 2984.9090000000001055, 1, 2985.8949999999999818, 0, 2984.9090000000001055, 1, 2985.8949999999999818, 0, 2984.9090000000001055, 1, 2985.8949999999999818, 100.35989218969370995, 2984.9090000000001055, 1
2985.9149999999999636, 105.7212713745358883, 2984.9130000000000109, 1, 2985.9149999999999636, 0, 2984.9130000000000109, 1, 2985.9149999999999636, 0, 2984.9130000000000109, 1, 2985.9149999999999636, 98.235616221239368429, 2984.9130000000000109, 1
2985.9250000000001819, 105.37764458679015434, 2984.9180000000001201, 1, 2985.9250000000001819, 0, 2984.9180000000001201, 1, 2985.9250000000001819, 0, 2984.9180000000001201, 1, 2985.9250000000001819, 101.87632288095682043, 2984.9180000000001201, 1
2985.9250000000001819, 104.08786894485278651, 2984.9229999999997744, 1, 2985.9250000000001819, 0, 2984.9229999999997744, 1, 2985.9250000000001819, 0, 2984.9229999999997744, 1, 2985.9250000000001819, 105.6337425459713586, 2984.9229999999997744, 1
2985.9349999999999454, 101.96706997372268688, 2984.9279999999998836, 1, 2985.9349999999999454, 0, 2984.9279999999998836, 1, 2985.9349999999999454, 0, 2984.9279999999998836, 1, 2985.9349999999999454, 108.62508130460065559, 2984.9279999999998836, 1
2985.9470000000001164, 100.47673746226972469, 2984.9329999999999927, 1, 2985.9470000000001164, 0, 2984.9329999999999927, 1, 2985.9470000000001164, 0, 2984.9329999999999927, 1, 2985.9470000000001164, 111.30123903529390361, 2984.9329999999999927, 1
2985.9549999999999272, 98.292004315106439094, 2984.9380000000001019, 1, 2985.9549999999999272, 0, 2984.9380000000001019, 1, 2985.9549999999999272, 0, 2984.9380000000001019, 1, 2985.9549999999999272, 112.69968633836930394, 2984.9380000000001019, 1
2985.9749999999999091, 93.351694589497171251, 2984.94399999999996, 1, 2985.9749999999999091, 321.42162081205185586, 2984.94399999999996, 1, 2985.9749999999999091, 0, 2984.94399999999996, 1, 2985.9749999999999091, 112.61074832644200683, 2984.94399999999996, 1
2985.9859999999998763, 34.861012242767500879, 2984.9479999999998654, 1, 2985.9859999999998763, 306.2226295351527483, 2984.9479999999998654, 1, 2985.9859999999998763, 0, 2984.9479999999998654, 1, 2985.9859999999998763, 119.28925176145301634, 2984.9479999999998654, 1
2985.9940000000001419, 3.3817705598197540517, 2984.9529999999999745, 1, 2985.9940000000001419, 212.37389449984169687, 2984.9529999999999745, 1, 2985.9940000000001419, 0, 2984.9529999999999745, 1, 2985.9940000000001419, 113.99721973035755695, 2984.9529999999999745, 1
2985.9940000000001419, 0, 2984.9549999999999272, 1, 2985.9940000000001419, 45.958166576615937515, 2984.9549999999999272, 1, 2985.9940000000001419, 129.41797831385039785, 2984.9549999999999272, 1, 2985.9940000000001419, 69.574902783434950493, 2984.9549999999999272, 1
2986.0050000000001091, 0, 2984.9630000000001928, 1, 2986.0050000000001091, 8.6668066298952162185, 2984.9630000000001928, 1, 2986.0050000000001091, 35.796269753746926767, 2984.9630000000001928, 1, 2986.0050000000001091, 31.220313861360232011, 2984.9630000000001928, 1
2986.0149999999998727, 0, 2984.9679999999998472, 1, 2986.0149999999998727, 11.158944195146190737, 2984.9679999999998472, 1, 2986.0149999999998727, 21.873084003110569995, 2984.9679999999998472, 1, 2986.0149999999998727, 33.768949437200490138, 2984.9679999999998472, 1
2986.0259999999998399, 0, 2984.9740000000001601, 1, 2986.0259999999998399, 25.791464666918635373, 2984.9740000000001601, 1, 2986.0259999999998399, 20.759283456452486405, 2984.9740000000001601, 1, 2986.0259999999998399, 41.004241070711259454, 2984.9740000000001601, 1
2986.0450000000000728, 0, 2984.9769999999998618, 1, 2986.0450000000000728, 52.467654802552999627, 2984.9769999999998618, 1, 2986.0450000000000728, 25.901727322714251045, 2984.9769999999998618, 1, 2986.0450000000000728, 46.075077862145938923, 2984.9769999999998618, 1
2986.0549999999998363, 65.081944721377837482, 2984.9830000000001746, 1, 2986.0549999999998363, 71.319790429899541095, 2984.9830000000001746, 1, 2986.0549999999998363, 30.616973456392617692, 2984.9830000000001746, 1, 2986.0549999999998363, 50.083857715283095047, 2984.9830000000001746, 1
2986.0549999999998363, 67.031424759303277483, 2984.9890000000000327, 1, 2986.0549999999998363, 65.971187073781578647, 2984.9890000000000327, 1, 2986.0549999999998363, 30.611737057963519959, 2984.9890000000000327, 1, 2986.0549999999998363, 53.71341420801947919, 2984.9890000000000327, 1
2986.0650000000000546, 63.097727550825105425, 2984.9929999999999382, 1, 2986.0650000000000546, 59.599023131838116285, 2984.9929999999999382, 1, 2986.0650000000000546, 33.350398543898037929, 2984.9929999999999382, 1, 2986.0650000000000546, 51.834491168702577113, 2984.9929999999999382, 1
2986.0850000000000364, 0, 2984.9980000000000473, 1, 2986.0850000000000364, 66.274079307315119536, 2984.9980000000000473, 1, 2986.0850000000000364, 60.779551794964163491, 2984.9980000000000473, 1, 2986.0850000000000364, 0, 2984.9980000000000473, 1
2986.0850000000000364, 0, 2985.0030000000001564, 1, 2986.0850000000000364, 89.283616569212654213, 2985.0030000000001564, 1, 2986.0850000000000364, 76.55627964929547602, 2985.0030000000001564, 1, 2986.0850000000000364, 0, 2985.0030000000001564, 1
2986.0949999999997999, 0, 2985.0079999999998108, 1, 2986.0949999999997999, 106.69784632553626125, 2985.0079999999998108, 1, 2986.0949999999997999, 78.378560796260615007, 2985.0079999999998108, 1, 2986.0949999999997999, 0, 2985.0079999999998108, 1
2986.1149999999997817, 0, 2985.01299999999992, 1, 2986.1149999999997817, 118.45193943179972962, 2985.01299999999992, 1, 2986.1149999999997817, 78.494358677623424114, 2985.01299999999992, 1, 2986.1149999999997817, 0, 2985.01299999999992, 1
2986.1149999999997817, 0, 2985.0189999999997781, 1, 2986.1149999999997817, 123.24645075190075261, 2985.0189999999997781, 1, 2986.1149999999997817, 72.225892733732791839, 2985.0189999999997781, 1, 2986.1149999999997817, 0, 2985.0189999999997781, 1
2986.1350000000002183, 0, 2985.0230000000001382, 1, 2986.1350000000002183, 124.79233801557916195, 2985.0230000000001382, 1, 2986.1350000000002183, 72.486569127327783235, 2985.0230000000001382, 1, 2986.1350000000002183, 0, 2985.0230000000001382, 1
2986.1350000000002183, 0, 2985.0279999999997926, 1, 2986.1350000000002183, 124.80286565561021916, 2985.0279999999997926, 1, 2986.1350000000002183, 70.924368989491284765, 2985.0279999999997926, 1, 2986.1350000000002183, 0, 2985.0279999999997926, 1
2986.1449999999999818, 0, 2985.0340000000001055, 1, 2986.1449999999999818, 123.62531069411825513, 2985.0340000000001055, 1, 2986.1449999999999818, 75.754652380203339135, 2985.0340000000001055, 1, 2986.1449999999999818, 0, 2985.0340000000001055, 1
2986.1550000000002001, 0, 2985.0390000000002146, 1, 2986.1550000000002001, 121.64634221710926454, 2985.0390000000002146, 1, 2986.1550000000002001, 76.141796917662063038, 2985.0390000000002146, 1, 2986.1550000000002001, 0, 2985.0390000000002146, 1
2986.1649999999999636, 0, 2985.0430000000001201, 1, 2986.1649999999999636, 119.3348231934271837, 2985.0430000000001201, 1, 2986.1649999999999636, 83.272949410285548311, 2985.0430000000001201, 1, 2986.1649999999999636, 0, 2985.0430000000001201, 1
2986.1750000000001819, 0, 2985.0479999999997744, 1, 2986.1750000000001819, 116.82439337499505427, 2985.0479999999997744, 1, 2986.1750000000001819, 86.855925314369244461, 2985.0479999999997744, 1, 2986.1750000000001819, 0, 2985.0479999999997744, 1
2986.1840000000001965, 0, 2985.0529999999998836, 1, 2986.1840000000001965, 114.49233165415580515, 2985.0529999999998836, 1, 2986.1840000000001965, 91.571234657348185237, 2985.0529999999998836, 1, 2986.1840000000001965, 0, 2985.0529999999998836, 1
2986.2049999999999272, 0, 2985.0579999999999927, 1, 2986.2049999999999272, 112.3184232147614523, 2985.0579999999999927, 1, 2986.2049999999999272, 95.107389635288711816, 2985.0579999999999927, 1, 2986.2049999999999272, 0, 2985.0579999999999927, 1
2986.2150000000001455, 0, 2985.0639999999998508, 1, 2986.2150000000001455, 110.11876942064883167, 2985.0639999999998508, 1, 2986.2150000000001455, 98.553059188843235461, 2985.0639999999998508, 1, 2986.2150000000001455, 0, 2985.0639999999998508, 1
2986.2150000000001455, 0, 2985.068000000000211, 1, 2986.2150000000001455, 108.62756313208387837, 2985.068000000000211, 1, 2986.2150000000001455, 99.242538169377382928, 2985.068000000000211, 1, 2986.2150000000001455, 0, 2985.068000000000211, 1
2986.2359999999998763, 0, 2985.0729999999998654, 1, 2986.2359999999998763, 106.58608989259100497, 2985.0729999999998654, 1, 2986.2359999999998763, 103.07306170256825339, 2985.0729999999998654, 1, 2986.2359999999998763, 0, 2985.0729999999998654, 1
2986.2449999999998909, 0, 2985.0779999999999745, 1, 2986.2449999999998909, 104.80141342027066287, 2985.0779999999999745, 1, 2986.2449999999998909, 103.22586913694397026, 2985.0779999999999745, 1, 2986.2449999999998909, 0, 2985.0779999999999745, 1
2986.2550000000001091, 0, 2985.0830000000000837, 1, 2986.2550000000001091, 103.55070287227687231, 2985.0830000000000837, 1, 2986.2550000000001091, 106.17243563488599989, 2985.0830000000000837, 1, 2986.2550000000001091, 0, 2985.0830000000000837, 1
2986.2550000000001091, 0, 2985.0880000000001928, 1, 2986.2550000000001091, 101.26532754599796249, 2985.0880000000001928, 1, 2986.2550000000001091, 109.17018593305238028, 2985.0880000000001928, 1, 2986.2550000000001091, 0, 2985.0880000000001928, 1
2986.2750000000000909, 0, 2985.0929999999998472, 1, 2986.2750000000000909, 99.530000422787082925, 2985.0929999999998472, 1, 2986.2750000000000909, 111.40353750939814859, 2985.0929999999998472, 1, 2986.2750000000000909, 0, 2985.0929999999998472, 1
2986.2860000000000582, 0, 2985.0990000000001601, 1, 2986.2860000000000582, 96.752067334515842845, 2985.0990000000001601, 1, 2986.2860000000000582, 116.49364915561500311, 2985.0990000000001601, 1, 2986.2860000000000582, 0, 2985.0990000000001601, 1
2986.2950000000000728, 279.48470349012535507, 2985.1030000000000655, 1, 2986.2950000000000728, 95.326254175536249136, 2985.1030000000000655, 1, 2986.2950000000000728, 115.86313747195940493, 2985.1030000000000655, 1, 2986.2950000000000728, 0, 2985.1030000000000655, 1
2986.2950000000000728, 311.88409230684658269, 2985.1089999999999236, 1, 2986.2950000000000728, 50.260533831507636648, 2985.1089999999999236, 1, 2986.2950000000000728, 118.80714291291556606, 2985.1089999999999236, 1, 2986.2950000000000728, 0, 2985.1089999999999236, 1
2986.306999999999789, 306.58486171067141868, 2985.112999999999829, 1, 2986.306999999999789, 7.8188943484035631215, 2985.112999999999829, 1, 2986.306999999999789, 118.58076532694977345, 2985.112999999999829, 1, 2986.306999999999789, 0, 2985.112999999999829, 1
2986.3150000000000546, 111.38367402173723519, 2985.1179999999999382, 1, 2986.3150000000000546, 0, 2985.1179999999999382, 1, 2986.3150000000000546, 89.930654895227121415, 2985.1179999999999382, 1, 2986.3150000000000546, 133.12905753898454009, 2985.1179999999999382, 1
2986.3249999999998181, 16.22601604861100455, 2985.1230000000000473, 1, 2986.3249999999998181, 0, 2985.1230000000000473, 1, 2986.3249999999998181, 39.453181800076094987, 2985.1230000000000473, 1, 2986.3249999999998181, 58.058915216684624738, 2985.1230000000000473, 1
2986.3350000000000364, 10.814145247998242283, 2985.1289999999999054, 1, 2986.3350000000000364, 0, 2985.1289999999999054, 1, 2986.3350000000000364, 29.579915695901544126, 2985.1289999999999054, 1, 2986.3350000000000364, 23.871599597800859272, 2985.1289999999999054, 1
2986.3449999999997999, 19.810510011230292093, 2985.1329999999998108, 1, 2986.3449999999997999, 0, 2985.1329999999998108, 1, 2986.3449999999997999, 30.55625683775286916, 2985.1329999999998108, 1, 2986.3449999999997999, 22.07434958693634286, 2985.1329999999998108, 1
2986.3550000000000182, 41.176783532694017254, 2985.13799999999992, 1, 2986.3550000000000182, 0, 2985.13799999999992, 1, 2986.3550000000000182, 34.933677472206021264, 2985.13799999999992, 1, 2986.3550000000000182, 26.791598654046250516, 2985.13799999999992, 1
2986.3649999999997817, 68.388730765092375918, 2985.1430000000000291, 1, 2986.3649999999997817, 59.839005989962096521, 2985.1430000000000291, 1, 2986.3649999999997817, 37.225676335283047536, 2985.1430000000000291, 1, 2986.3649999999997817, 32.107680622836738848, 2985.1430000000000291, 1
2986.3739999999997963, 80.824021987837653569, 2985.1480000000001382, 1, 2986.3739999999997963, 57.274816231202208883, 2985.1480000000001382, 1, 2986.3739999999997963, 40.698437856323664619, 2985.1480000000001382, 1, 2986.3739999999997963, 24.429663875914783944, 2985.1480000000001382, 1
2986.3850000000002183, 79.469437119890059762, 2985.1529999999997926, 1, 2986.3850000000002183, 58.734773057105101657, 2985.1529999999997926, 1, 2986.3850000000002183, 40.857765024673888377, 2985.1529999999997926, 1, 2986.3850000000002183, 22.392533822048036996, 2985.1529999999997926, 1
2986.3949999999999818, 48.231493938580953795, 2985.1590000000001055, 1, 2986.3949999999999818, 109.14648584269545495, 2985.1590000000001055, 1, 2986.3949999999999818, 128.44848639014031733, 2985.1590000000001055, 1, 2986.3949999999999818, 54.601169179464321246, 2985.1590000000001055, 1
2986.4050000000002001, 44.849390118541663242, 2985.1649999999999636, 1, 2986.4050000000002001, 0, 2985.1649999999999636, 1, 2986.4050000000002001, 0, 2985.1649999999999636, 1, 2986.4050000000002001, 58.860606032332952964, 2985.1649999999999636, 1
2986.4149999999999636, 78.483081832150617174, 2985.1680000000001201, 1, 2986.4149999999999636, 0, 2985.1680000000001201, 1, 2986.4149999999999636, 0, 2985.1680000000001201, 1, 2986.4149999999999636, 62.493872312139544078, 2985.1680000000001201, 1
2986.4250000000001819, 98.265401607180535848, 2985.1729999999997744, 1, 2986.4250000000001819, 0, 2985.1729999999997744, 1, 2986.4250000000001819, 0, 2985.1729999999997744, 1, 2986.4250000000001819, 68.490302424377091484, 2985.1729999999997744, 1
2986.44399999999996, 110.08717560896525356, 2985.1790000000000873, 1, 2986.44399999999996, 0, 2985.1790000000000873, 1, 2986.44399999999996, 0, 2985.1790000000000873, 1, 2986.44399999999996, 72.056141871666142151, 2985.1790000000000873, 1
2986.4450000000001637, 115.26637119193947001, 2985.1840000000001965, 1, 2986.4450000000001637, 0, 2985.1840000000001965, 1, 2986.4450000000001637, 0, 2985.1840000000001965, 1, 2986.4450000000001637, 75.391968165215146769, 2985.1840000000001965, 1
2986.4540000000001783, 118.22396514910234089, 2985.1889999999998508, 1, 2986.4540000000001783, 0, 2985.1889999999998508, 1, 2986.4540000000001783, 0, 2985.1889999999998508, 1, 2986.4540000000001783, 75.793626331860011192, 2985.1889999999998508, 1
2986.4650000000001455, 118.54466049737109756, 2985.193000000000211, 1, 2986.4650000000001455, 0, 2985.193000000000211, 1, 2986.4650000000001455, 0, 2985.193000000000211, 1, 2986.4650000000001455, 78.886251393717031988, 2985.193000000000211, 1
2986.4749999999999091, 118.20958718400737553, 2985.1979999999998654, 1, 2986.4749999999999091, 0, 2985.1979999999998654, 1, 2986.4749999999999091, 0, 2985.1979999999998654, 1, 2986.4749999999999091, 82.32378099327817722, 2985.1979999999998654, 1
2986.4850000000001273, 116.80251261433926402, 2985.2049999999999272, 1, 2986.4850000000001273, 0, 2985.2049999999999272, 0, 2986.4850000000001273, 0, 2985.2049999999999272, 0, 2986.4850000000001273, 86.064524873196234012, 2985.2049999999999272, 1
2986.4949999999998909, 115.37660422113587799, 2985.2089999999998327, 1, 2986.4949999999998909, 0, 2985.2089999999998327, 0, 2986.4949999999998909, 0, 2985.2089999999998327, 0, 2986.4949999999998909, 89.040180401949129418, 2985.2089999999998327, 1
2986.5050000000001091, 113.77218502824653967, 2985.2119999999999891, 1, 2986.5050000000001091, 0, 2985.2119999999999891, 0, 2986.5050000000001091, 0, 2985.2119999999999891, 0, 2986.5050000000001091, 93.971454601906117432, 2985.2119999999999891, 1
2986.5149999999998727, 111.97988250263287568, 2985.2179999999998472, 1, 2986.5149999999998727, 0, 2985.2179999999998472, 0, 2986.5149999999998727, 0, 2985.2179999999998472, 0, 2986.5149999999998727, 97.240681555795831059, 2985.2179999999998472, 1
2986.5250000000000909, 109.53898546429462613, 2985.2229999999999563, 1, 2986.5250000000000909, 0, 2985.2229999999999563, 0, 2986.5250000000000909, 0, 2985.2229999999999563, 0, 2986.5250000000000909, 97.609508797445599271, 2985.2229999999999563, 1
2986.5349999999998545, 105.90428191300243554, 2985.2280000000000655, 1, 2986.5349999999998545, 0, 2985.2280000000000655, 0, 2986.5349999999998545, 0, 2985.2280000000000655, 0, 2986.5349999999998545, 97.357455007696273697, 2985.2280000000000655, 1
2986.5549999999998363, 103.81829853280100906, 2985.2330000000001746, 1, 2986.5549999999998363, 0, 2985.2330000000001746, 0, 2986.5549999999998363, 0, 2985.2330000000001746, 0, 2986.5549999999998363, 101.84015080072707349, 2985.2330000000001746, 1
2986.5549999999998363, 105.05692782405444063, 2985.2409999999999854, 1, 2986.5549999999998363, 0, 2985.2409999999999854, 0, 2986.5549999999998363, 0, 2985.2409999999999854, 0, 2986.5549999999998363, 104.19713707036487449, 2985.2409999999999854, 1
2986.5650000000000546, 107.51992720888824806, 2985.2429999999999382, 1, 2986.5650000000000546, 0, 2985.2429999999999382, 0, 2986.5650000000000546, 0, 2985.2429999999999382, 0, 2986.5650000000000546, 108.23847990240852823, 2985.2429999999999382, 1
2986.5740000000000691, 107.67956405192606439, 2985.2480000000000473, 1, 2986.5740000000000691, 0, 2985.2480000000000473, 0, 2986.5740000000000691, 0, 2985.2480000000000473, 0, 2986.5740000000000691, 112.85533990576644214, 2985.2480000000000473, 1
2986.5850000000000364, 106.71106121584185189, 2985.2539999999999054, 1, 2986.5850000000000364, 0, 2985.2539999999999054, 0, 2986.5850000000000364, 0, 2985.2539999999999054, 0, 2986.5850000000000364, 110.80042867380288385, 2985.2539999999999054, 1
2986.5940000000000509, 101.33658346005212536, 2985.2600000000002183, 1, 2986.5940000000000509, 0, 2985.2600000000002183, 0, 2986.5940000000000509, 0, 2985.2600000000002183, 0, 2986.5940000000000509, 111.0234807451201533, 2985.2600000000002183, 1
2986.6050000000000182, 99.900620268368328425, 2985.26299999999992, 1, 2986.6050000000000182, 0, 2985.26299999999992, 0, 2986.6050000000000182, 0, 2985.26299999999992, 0, 2986.6050000000000182, 114.45715027580342849, 2985.26299999999992, 1
2986.6149999999997817, 98.222330533459469848, 2985.2689999999997781, 1, 2986.6149999999997817, 0, 2985.2689999999997781, 0, 2986.6149999999997817, 0, 2985.2689999999997781, 0, 2986.6149999999997817, 114.98139980248339498, 2985.2689999999997781, 1
2986.625, 99.05638885007900285, 2985.2739999999998872, 1, 2986.625, 0, 2985.2739999999998872, 0, 2986.625, 0, 2985.2739999999998872, 0, 2986.625, 114.12348396572605225, 2985.2739999999998872, 1
2986.6350000000002183, 61.485374066501961465, 2985.2789999999999964, 1, 2986.6350000000002183, 298.40782081086047128, 2985.2789999999999964, 0, 2986.6350000000002183, 271.10993869407570855, 2985.2789999999999964, 0, 2986.6350000000002183, 93.274389315604352646, 2985.2789999999999964, 1
2986.6550000000002001, 2.7794059377642392761, 2985.2820000000001528, 1, 2986.6550000000002001, 113.43909526172038227, 2985.2820000000001528, 0, 2986.6550000000002001, 125.75507585762144913, 2985.2820000000001528, 0, 2986.6550000000002001, 26.062115151811930502, 2985.2820000000001528, 1
2986.6550000000002001, 0, 2985.2880000000000109, 1, 2986.6550000000002001, 28.611278282582695454, 2985.2880000000000109, 0, 2986.6550000000002001, 48.061068577763997212, 2985.2880000000000109, 0, 2986.6550000000002001, 31.419045805966000273, 2985.2880000000000109, 1
2986.6750000000001819, 0, 2985.2930000000001201, 1, 2986.6750000000001819, 19.574867666651705633, 2985.2930000000001201, 0, 2986.6750000000001819, 25.622687447345008138, 2985.2930000000001201, 0, 2986.6750000000001819, 40.107731272218806851, 2985.2930000000001201, 1
2986.6750000000001819, 0, 2985.2979999999997744, 1, 2986.6750000000001819, 32.107585279008418411, 2985.2979999999997744, 0, 2986.6750000000001819, 21.629337570775565069, 2985.2979999999997744, 0, 2986.6750000000001819, 44.798215835796995066, 2985.2979999999997744, 1
2986.69399999999996, 55.536548216081868645, 2985.3040000000000873, 1, 2986.69399999999996, 45.195930940724679203, 2985.3040000000000873, 0, 2986.69399999999996, 22.255334107019219658, 2985.3040000000000873, 0, 2986.69399999999996, 52.218902340272606466, 2985.3040000000000873, 1
2986.69399999999996, 50.159935833181457099, 2985.3079999999999927, 1, 2986.69399999999996, 51.243112783424138001, 2985.3079999999999927, 0, 2986.69399999999996, 22.841558445668511013, 2985.3079999999999927, 0, 2986.69399999999996, 54.481736961824410059, 2985.3079999999999927, 1
2986.7049999999999272, 54.354967153837996818, 2985.3130000000001019, 1, 2986.7049999999999272, 56.538009437008113878, 2985.3130000000001019, 0, 2986.7049999999999272, 24.786994643467302524, 2985.3130000000001019, 0, 2986.7049999999999272, 51.358544499165333264, 2985.3130000000001019, 1
2986.7150000000001455, 61.101252183606931112, 2985.318000000000211, 1, 2986.7150000000001455, 58.607207969169799355, 2985.318000000000211, 0, 2986.7150000000001455, 28.441930284857512845, 2985.318000000000211, 0, 2986.7150000000001455, 54.033448660359184146, 2985.318000000000211, 1
2986.7249999999999091, 3.3665195012283062326, 2985.3229999999998654, 1, 2986.7249999999999091, 62.385831851819659732, 2985.3229999999998654, 0, 2986.7249999999999091, 52.471846587765412551, 2985.3229999999998654, 0, 2986.7249999999999091, 4.0171188235012991186, 2985.3229999999998654, 1
2986.7460000000000946, 0, 2985.3279999999999745, 1, 2986.7460000000000946, 89.630206321692668325, 2985.3279999999999745, 0, 2986.7460000000000946, 73.923509149060976142, 2985.3279999999999745, 0, 2986.7460000000000946, 0, 2985.3279999999999745, 1
2986.7550000000001091, 0, 2985.3330000000000837, 1, 2986.7550000000001091, 109.97131171213636947, 2985.3330000000000837, 1, 2986.7550000000001091, 81.075904685173981079, 2985.3330000000000837, 1, 2986.7550000000001091, 0, 2985.3330000000000837, 1
2986.7649999999998727, 0, 2985.3389999999999418, 1, 2986.7649999999998727, 120.83838403311401066, 2985.3389999999999418, 1, 2986.7649999999998727, 74.59379340572537842, 2985.3389999999999418, 1, 2986.7649999999998727, 0, 2985.3389999999999418, 1
2986.7660000000000764, 0, 2985.3429999999998472, 1, 2986.7660000000000764, 127.14882379553597502, 2985.3429999999998472, 1, 2986.7660000000000764, 71.514654429995772489, 2985.3429999999998472, 1, 2986.7660000000000764, 0, 2985.3429999999998472, 1
2986.7750000000000909, 0, 2985.3490000000001601, 1, 2986.7750000000000909, 129.63050104321118283, 2985.3490000000001601, 1, 2986.7750000000000909, 70.738099918449890424, 2985.3490000000001601, 1, 2986.7750000000000909, 0, 2985.3490000000001601, 1
2986.7959999999998217, 0, 2985.3530000000000655, 1, 2986.7959999999998217, 129.46442180763216356, 2985.3530000000000655, 1, 2986.7959999999998217, 67.342988890519322354, 2985.3530000000000655, 1, 2986.7959999999998217, 0, 2985.3530000000000655, 1
2986.8049999999998363, 0, 2985.3589999999999236, 1, 2986.8049999999998363, 128.38344983606603478, 2985.3589999999999236, 1, 2986.8049999999998363, 69.875292049947319128, 2985.3589999999999236, 1, 2986.8049999999998363, 0, 2985.3589999999999236, 1
2986.8130000000001019, 0, 2985.362999999999829, 1, 2986.8130000000001019, 125.99375890642257048, 2985.362999999999829, 1, 2986.8130000000001019, 74.870966006381223679, 2985.362999999999829, 1, 2986.8130000000001019, 0, 2985.362999999999829, 1
2986.8249999999998181, 0, 2985.3679999999999382, 1, 2986.8249999999998181, 123.98049697120430324, 2985.3679999999999382, 1, 2986.8249999999998181, 76.918515681240464232, 2985.3679999999999382, 1, 2986.8249999999998181, 0, 2985.3679999999999382, 1
2986.8350000000000364, 0, 2985.3739999999997963, 1, 2986.8350000000000364, 121.41490581251440517, 2985.3739999999997963, 1, 2986.8350000000000364, 82.785942969568111494, 2985.3739999999997963, 1, 2986.8350000000000364, 0, 2985.3739999999997963, 1
2986.8449999999997999, 0, 2985.3780000000001564, 1, 2986.8449999999997999, 118.92352897859416316, 2985.3780000000001564, 1, 2986.8449999999997999, 86.106696222542637997, 2985.3780000000001564, 1, 2986.8449999999997999, 0, 2985.3780000000001564, 1
2986.8449999999997999, 0, 2985.3829999999998108, 1, 2986.8449999999997999, 116.68446741771404618, 2985.3829999999998108, 1, 2986.8449999999997999, 90.324602114150906118, 2985.3829999999998108, 1, 2986.8449999999997999, 0, 2985.3829999999998108, 1
2986.8550000000000182, 0, 2985.38799999999992, 1, 2986.8550000000000182, 114.13275862894363399, 2985.38799999999992, 1, 2986.8550000000000182, 93.516868606612746362, 2985.38799999999992, 1, 2986.8550000000000182, 0, 2985.38799999999992, 1
2986.875, 0, 2985.3939999999997781, 1, 2986.875, 112.25510242575361985, 2985.3939999999997781, 1, 2986.875, 95.45687866571066138, 2985.3939999999997781, 1, 2986.875, 0, 2985.3939999999997781, 1
2986.887000000000171, 0, 2985.3980000000001382, 1, 2986.887000000000171, 110.38889021830809156, 2985.3980000000001382, 1, 2986.887000000000171, 96.355861222785819109, 2985.3980000000001382, 1, 2986.887000000000171, 0, 2985.3980000000001382, 1
2986.8960000000001855, 0, 2985.4029999999997926, 1, 2986.8960000000001855, 107.85025996975144835, 2985.4029999999997926, 1, 2986.8960000000001855, 99.485467490036228355, 2985.4029999999997926, 1, 2986.8960000000001855, 0, 2985.4029999999997926, 1
2986.9059999999999491, 0, 2985.4079999999999018, 0, 2986.9059999999999491, 106.38701292872080728, 2985.4079999999999018, 1, 2986.9059999999999491, 101.76204015454298712, 2985.4079999999999018, 1, 2986.9059999999999491, 0, 2985.4079999999999018, 0
2986.9160000000001673, 0, 2985.4130000000000109, 0, 2986.9160000000001673, 103.3554894910185169, 2985.4130000000000109, 1, 2986.9160000000001673, 100.88363170182390149, 2985.4130000000000109, 1, 2986.9160000000001673, 0, 2985.4130000000000109, 0
2986.9160000000001673, 0, 2985.4180000000001201, 0, 2986.9160000000001673, 101.41832263155438909, 2985.4180000000001201, 1, 2986.9160000000001673, 104.69364802293472394, 2985.4180000000001201, 1, 2986.9160000000001673, 0, 2985.4180000000001201, 0
2986.9259999999999309, 0, 2985.4229999999997744, 0, 2986.9259999999999309, 99.830350050823852825, 2985.4229999999997744, 1, 2986.9259999999999309, 110.88849458209529075, 2985.4229999999997744, 1, 2986.9259999999999309, 0, 2985.4229999999997744, 0
2986.9360000000001492, 0, 2985.4290000000000873, 0, 2986.9360000000001492, 97.756904911978509176, 2985.4290000000000873, 1, 2986.9360000000001492, 112.61443591321111057, 2985.4290000000000873, 1, 2986.9360000000001492, 0, 2985.4290000000000873, 0
2986.9459999999999127, 307.44696938988795409, 2985.4329999999999927, 0, 2986.9459999999999127, 62.191637834219008596, 2985.4329999999999927, 1, 2986.9459999999999127, 114.36495980969669972, 2985.4329999999999927, 1, 2986.9459999999999127, 0, 2985.4329999999999927, 0
2986.956000000000131, 289.95214306973673501, 2985.4400000000000546, 0, 2986.956000000000131, 10.111410300886323199, 2985.4400000000000546, 1, 2986.956000000000131, 121.16255437437804687, 2985.4400000000000546, 1, 2986.956000000000131, 0, 2985.4400000000000546, 0
2986.9659999999998945, 157.22800238111850035, 2985.443000000000211, 0, 2986.9659999999998945, 0, 2985.443000000000211, 1, 2986.9659999999998945, 91.384858750918525061, 2985.443000000000211, 1, 2986.9659999999998945, 0, 2985.443000000000211, 0
2986.9859999999998763, 24.06052659594913834, 2985.4479999999998654, 0, 2986.9859999999998763, 0, 2985.4479999999998654, 1, 2986.9859999999998763, 40.750721354643928862, 2985.4479999999998654, 1, 2986.9859999999998763, 91.65489860038027814, 2985.4479999999998654, 0
2986.9960000000000946, 18.737819338913372036, 2985.4540000000001783, 0, 2986.9960000000000946, 0, 2985.4540000000001783, 1, 2986.9960000000000946, 24.956054462159571017, 2985.4540000000001783, 1, 2986.9960000000000946, 33.458536540654819191, 2985.4540000000001783, 0
2986.9960000000000946, 21.344686184623512304, 2985.4580000000000837, 0, 2986.9960000000000946, 0, 2985.4580000000000837, 1, 2986.9960000000000946, 29.886607500552226924, 2985.4580000000000837, 1, 2986.9960000000000946, 22.386441596448246827, 2985.4580000000000837, 0
2987.0059999999998581, 42.756163703387045416, 2985.4630000000001928, 0, 2987.0059999999998581, 0, 2985.4630000000001928, 1, 2987.0059999999998581, 34.503648784581102404, 2985.4630000000001928, 1, 2987.0059999999998581, 24.355193429761875734, 2985.4630000000001928, 0
2987.0160000000000764, 63.765418052037688312, 2985.4679999999998472, 0, 2987.0160000000000764, 52.727366038439349438, 2985.4679999999998472, 1, 2987.0160000000000764, 38.58114997250874012, 2985.4679999999998472, 1, 2987.0160000000000764, 19.106038455644821283, 2985.4679999999998472, 0
2987.0360000000000582, 73.932070737184574227, 2985.4740000000001601, 0, 2987.0360000000000582, 44.512985205269544053, 2985.4740000000001601, 1, 2987.0360000000000582, 42.126741335590054405, 2985.4740000000001601, 1, 2987.0360000000000582, 17.948668073114529165, 2985.4740000000001601, 0
2987.0360000000000582, 77.3219392561404959, 2985.4769999999998618, 0, 2987.0360000000000582, 52.44027500616133608, 2985.4769999999998618, 1, 2987.0360000000000582, 42.275103916635615064, 2985.4769999999998618, 1, 2987.0360000000000582, 19.719562238249235264, 2985.4769999999998618, 0
2987.0459999999998217, 77.216365526392536367, 2985.4830000000001746, 0, 2987.0459999999998217, 68.208192077943664344, 2985.4830000000001746, 1, 2987.0459999999998217, 53.874134444886379924, 2985.4830000000001746, 1, 2987.0459999999998217, 21.046407954254242156, 2985.4830000000001746, 0
2987.05600000000004, 45.050542274175462865, 2985.487999999999829, 0, 2987.05600000000004, 112.55667929890829271, 2985.487999999999829, 1, 2987.05600000000004, 76.322531245000931222, 2985.487999999999829, 1, 2987.05600000000004, 85.369405335403186541, 2985.487999999999829, 0
2987.0760000000000218, 74.396845819693425028, 2985.4929999999999382, 0, 2987.0760000000000218, 0, 2985.4929999999999382, 1, 2987.0760000000000218, 0, 2985.4929999999999382, 1, 2987.0760000000000218, 75.039904301645151463, 2985.4929999999999382, 0
2987.0760000000000218, 97.196523588716161157, 2985.4989999999997963, 0, 2987.0760000000000218, 0, 2985.4989999999997963, 1, 2987.0760000000000218, 0, 2985.4989999999997963, 1, 2987.0760000000000218, 69.940263657032247124, 2985.4989999999997963, 0
2987.0880000000001928, 109.10235126084501189, 2985.5030000000001564, 0, 2987.0880000000001928, 0, 2985.5030000000001564, 1, 2987.0880000000001928, 0, 2985.5030000000001564, 1, 2987.0880000000001928, 71.681552649597961135, 2985.5030000000001564, 0
2987.0960000000000036, 113.95351900675862566, 2985.5079999999998108, 0, 2987.0960000000000036, 0, 2985.5079999999998108, 1, 2987.0960000000000036, 0, 2985.5079999999998108, 1, 2987.0960000000000036, 75.736206598628712072, 2985.5079999999998108, 0
2987.1050000000000182, 115.78091399958880459, 2985.51299999999992, 0, 2987.1050000000000182, 0, 2985.51299999999992, 1, 2987.1050000000000182, 0, 2985.51299999999992, 1, 2987.1050000000000182, 79.439517292931498105, 2985.51299999999992, 0
2987.1159999999999854, 117.41122910099865351, 2985.5180000000000291, 0, 2987.1159999999999854, 0, 2985.5180000000000291, 1, 2987.1159999999999854, 0, 2985.5180000000000291, 1, 2987.1159999999999854, 79.62156165841544464, 2985.5180000000000291, 0
2987.1260000000002037, 115.81786079573785742, 2985.5230000000001382, 0, 2987.1260000000002037, 0, 2985.5230000000001382, 1, 2987.1260000000002037, 0, 2985.5230000000001382, 1, 2987.1260000000002037, 85.162308751079677904, 2985.5230000000001382, 0
2987.1350000000002183, 115.6667363963311459, 2985.5279999999997926, 0, 2987.1350000000002183, 0, 2985.5279999999997926, 1, 2987.1350000000002183, 0, 2985.5279999999997926, 1, 2987.1350000000002183, 86.048931613722430711, 2985.5279999999997926, 0
2987.1449999999999818, 113.67293364439349546, 2985.5329999999999018, 0, 2987.1449999999999818, 0, 2985.5329999999999018, 1, 2987.1449999999999818, 0, 2985.5329999999999018, 1, 2987.1449999999999818, 91.24957122972583079, 2985.5329999999999018, 0
2987.1559999999999491, 110.81325202914275962, 2985.5380000000000109, 0, 2987.1559999999999491, 0, 2985.5380000000000109, 1, 2987.1559999999999491, 0, 2985.5380000000000109, 1, 2987.1559999999999491, 95.255343211103507883, 2985.5380000000000109, 0
2987.1660000000001673, 110.41788335855743242, 2985.5430000000001201, 0, 2987.1660000000001673, 0, 2985.5430000000001201, 1, 2987.1660000000001673, 0, 2985.5430000000001201, 1, 2987.1660000000001673, 100.0176554465512595, 2985.5430000000001201, 0
2987.1759999999999309, 108.61844785995691609, 2985.5479999999997744, 0, 2987.1759999999999309, 0, 2985.5479999999997744, 1, 2987.1759999999999309, 0, 2985.5479999999997744, 1, 2987.1759999999999309, 103.24225932938537653, 2985.5479999999997744, 0
2987.1860000000001492, 105.96754641048320877, 2985.5529999999998836, 0, 2987.1860000000001492, 0, 2985.5529999999998836, 1, 2987.1860000000001492, 0, 2985.5529999999998836, 1, 2987.1860000000001492, 103.93468895194172319, 2985.5529999999998836, 0
2987.1970000000001164, 102.27155494820624426, 2985.5579999999999927, 0, 2987.1970000000001164, 0, 2985.5579999999999927, 1, 2987.1970000000001164, 0, 2985.5579999999999927, 1, 2987.1970000000001164, 100.33520988152288567, 2985.5579999999999927, 0
2987.2069999999998799, 102.04622942289284993, 2985.5630000000001019, 0, 2987.2069999999998799, 0, 2985.5630000000001019, 1, 2987.2069999999998799, 0, 2985.5630000000001019, 1, 2987.2069999999998799, 102.66612009114247428, 2985.5630000000001019, 0
2987.2150000000001455, 106.50964248948734792, 2985.5670000000000073, 0, 2987.2150000000001455, 0, 2985.5670000000000073, 1, 2987.2150000000001455, 0, 2985.5670000000000073, 1, 2987.2150000000001455, 110.0563389288257099, 2985.5670000000000073, 0
2987.2249999999999091, 105.57411698037171277, 2985.5729999999998654, 0, 2987.2249999999999091, 0, 2985.5729999999998654, 1, 2987.2249999999999091, 0, 2985.5729999999998654, 1, 2987.2249999999999091, 113.17657004960932454, 2985.5729999999998654, 0
2987.23700000000008, 101.65515977380835011, 2985.5779999999999745, 0, 2987.23700000000008, 0, 2985.5779999999999745, 1, 2987.23700000000008, 0, 2985.5779999999999745, 1, 2987.23700000000008, 110.94110146001226269, 2985.5779999999999745, 0
2987.2460000000000946, 99.918339132427718141, 2985.5830000000000837, 0, 2987.2460000000000946, 0, 2985.5830000000000837, 1, 2987.2460000000000946, 0, 2985.5830000000000837, 1, 2987.2460000000000946, 113.55932644689900712, 2985.5830000000000837, 0
2987.2559999999998581, 98.39282226319836866, 2985.5880000000001928, 0, 2987.2559999999998581, 0, 2985.5880000000001928, 1, 2987.2559999999998581, 0, 2985.5880000000001928, 1, 2987.2559999999998581, 116.56432212491665723, 2985.5880000000001928, 0
2987.2660000000000764, 97.647236938424981645, 2985.5940000000000509, 0, 2987.2660000000000764, 0, 2985.5940000000000509, 1, 2987.2660000000000764, 0, 2985.5940000000000509, 1, 2987.2660000000000764, 115.49922323237240107, 2985.5940000000000509, 0
2987.2759999999998399, 97.650000093430847414, 2985.5979999999999563, 0, 2987.2759999999998399, 0, 2985.5979999999999563, 1, 2987.2759999999998399, 0, 2985.5979999999999563, 1, 2987.2759999999998399, 117.29283264744296389, 2985.5979999999999563, 0
2987.2860000000000582, 72.087148299524685058, 2985.6039999999998145, 0, 2987.2860000000000582, 309.99040430684260627, 2985.6039999999998145, 1, 2987.2860000000000582, 297.19770951118249513, 2985.6039999999998145, 1, 2987.2860000000000582, 90.717233102645039367, 2985.6039999999998145, 0
2987.30600000000004, 6.3765185366094083719, 2985.6080000000001746, 0, 2987.30600000000004, 159.99358796532430915, 2985.6080000000001746, 1, 2987.30600000000004, 146.37266463130146121, 2985.6080000000001746, 1, 2987.30600000000004, 7.3533166415651942671, 2985.6080000000001746, 0
2987.30600000000004, 0, 2985.612999999999829, 0, 2987.30600000000004, 26.231657846488449337, 2985.612999999999829, 1, 2987.30600000000004, 42.783114580855794884, 2985.612999999999829, 1, 2987.30600000000004, 17.622175199472909668, 2985.612999999999829, 0
2987.3159999999998035, 0, 2985.6179999999999382, 0, 2987.3159999999998035, 10.200421810935878852, 2985.6179999999999382, 1, 2987.3159999999998035, 22.734814473239815413, 2985.6179999999999382, 1, 2987.3159999999998035, 36.271003874567263381, 2985.6179999999999382, 0
2987.3359999999997854, 0, 2985.6230000000000473, 0, 2987.3359999999997854, 21.759720829265084774, 2985.6230000000000473, 1, 2987.3359999999997854, 21.128160190332273771, 2985.6230000000000473, 1, 2987.3359999999997854, 45.409043531657019344, 2985.6230000000000473, 0
2987.3460000000000036, 58.691872872752128387, 2985.6289999999999054, 0, 2987.3460000000000036, 41.141005717232083327, 2985.6289999999999054, 1, 2987.3460000000000036, 23.808156122362202467, 2985.6289999999999054, 1, 2987.3460000000000036, 52.835569789497910165, 2985.6289999999999054, 0
2987.3460000000000036, 51.125615150474679638, 2985.6329999999998108, 0, 2987.3460000000000036, 48.361092310045876275, 2985.6329999999998108, 1, 2987.3460000000000036, 24.97169819994246609, 2985.6329999999998108, 1, 2987.3460000000000036, 56.037723353226098766, 2985.6329999999998108, 0
2987.3560000000002219, 56.040499638873662036, 2985.6390000000001237, 0, 2987.3560000000002219, 54.13985240398760368, 2985.6390000000001237, 1, 2987.3560000000002219, 26.693445085677808493, 2985.6390000000001237, 1, 2987.3560000000002219, 52.707506163527902743, 2985.6390000000001237, 0
2987.3659999999999854, 54.999563559141279256, 2985.6430000000000291, 0, 2987.3659999999999854, 58.922567188427912299, 2985.6430000000000291, 1, 2987.3659999999999854, 27.903970280157000872, 2985.6430000000000291, 1, 2987.3659999999999854, 43.677022335599353653, 2985.6430000000000291, 0
2987.375, 38.53390198728251903, 2985.6480000000001382, 0, 2987.375, 59.736352878796466825, 2985.6480000000001382, 1, 2987.375, 46.572623488229083932, 2985.6480000000001382, 1, 2987.375, 35.221548781746612633, 2985.6480000000001382, 0
2987.3850000000002183, 0, 2985.6529999999997926, 0, 2987.3850000000002183, 80.209298970277444596, 2985.6529999999997926, 1, 2987.3850000000002183, 72.527147685347330253, 2985.6529999999997926, 1, 2987.3850000000002183, 0, 2985.6529999999997926, 0
2987.3949999999999818, 0, 2985.6579999999999018, 1, 2987.3949999999999818, 105.65732176329925096, 2985.6579999999999018, 1, 2987.3949999999999818, 78.207897072258248272, 2985.6579999999999018, 1, 2987.3949999999999818, 0, 2985.6579999999999018, 1
2987.4050000000002001, 0, 2985.6640000000002146, 1, 2987.4050000000002001, 118.60422869685805836, 2985.6640000000002146, 1, 2987.4050000000002001, 75.380546765193088277, 2985.6640000000002146, 1, 2987.4050000000002001, 0, 2985.6640000000002146, 1
2987.4160000000001673, 0, 2985.6680000000001201, 1, 2987.4160000000001673, 125.48669092814878923, 2985.6680000000001201, 1, 2987.4160000000001673, 71.43413342407937705, 2985.6680000000001201, 1, 2987.4160000000001673, 0, 2985.6680000000001201, 1
2987.4259999999999309, 0, 2985.6739999999999782, 1, 2987.4259999999999309, 128.16927014171591281, 2985.6739999999999782, 1, 2987.4259999999999309, 69.283987865831164754, 2985.6739999999999782, 1, 2987.4259999999999309, 0, 2985.6739999999999782, 1
2987.4459999999999127, 0, 2985.6779999999998836, 1, 2987.4459999999999127, 128.60481672336959491, 2985.6779999999998836, 1, 2987.4459999999999127, 69.45962453810531656, 2985.6779999999998836, 1, 2987.4459999999999127, 0, 2985.6779999999998836, 1
2987.4459999999999127, 0, 2985.6829999999999927, 1, 2987.4459999999999127, 127.93348483757793588, 2985.6829999999999927, 1, 2987.4459999999999127, 71.080232468521714395, 2985.6829999999999927, 1, 2987.4459999999999127, 0, 2985.6829999999999927, 1
2987.4670000000000982, 0, 2985.6880000000001019, 1, 2987.4670000000000982, 125.96544686648144307, 2985.6880000000001019, 1, 2987.4670000000000982, 73.744768582470925367, 2985.6880000000001019, 1, 2987.4670000000000982, 0, 2985.6880000000001019, 1
2987.4670000000000982, 0, 2985.6950000000001637, 1, 2987.4670000000000982, 124.25319354009046435, 2985.6950000000001637, 1, 2987.4670000000000982, 76.393563420628922245, 2985.6950000000001637, 1, 2987.4670000000000982, 0, 2985.6950000000001637, 1
2987.4850000000001273, 0, 2985.6979999999998654, 1, 2987.4850000000001273, 122.17475450461711262, 2985.6979999999998654, 1, 2987.4850000000001273, 82.85522933318475225, 2985.6979999999998654, 1, 2987.4850000000001273, 0, 2985.6979999999998654, 1
2987.48700000000008, 0, 2985.7029999999999745, 1, 2987.48700000000008, 119.39293198770522508, 2985.7029999999999745, 1, 2987.48700000000008, 85.625548409803968752, 2985.7029999999999745, 1, 2987.48700000000008, 0, 2985.7029999999999745, 1
2987.4969999999998436, 0, 2985.7089999999998327, 1, 2987.4969999999998436, 116.68163288773314434, 2985.7089999999998327, 1, 2987.4969999999998436, 90.423769698343193113, 2985.7089999999998327, 1, 2987.4969999999998436, 0, 2985.7089999999998327, 1
2987.5070000000000618, 0, 2985.7130000000001928, 1, 2987.5070000000000618, 114.24269907352501718, 2985.7130000000001928, 1, 2987.5070000000000618, 93.834260273430302846, 2985.7130000000001928, 1, 2987.5070000000000618, 0, 2985.7130000000001928, 1
2987.5270000000000437, 0, 2985.7190000000000509, 1, 2987.5270000000000437, 112.67322448548534908, 2985.7190000000000509, 1, 2987.5270000000000437, 94.942744450558649305, 2985.7190000000000509, 1, 2987.5270000000000437, 0, 2985.7190000000000509, 1
2987.5380000000000109, 0, 2985.7229999999999563, 1, 2987.5380000000000109, 110.56059542793860828, 2985.7229999999999563, 1, 2987.5380000000000109, 96.712898123595778088, 2985.7229999999999563, 1, 2987.5380000000000109, 0, 2985.7229999999999563, 1
2987.5380000000000109, 0, 2985.7280000000000655, 1, 2987.5380000000000109, 108.37505189454913079, 2985.7280000000000655, 1, 2987.5380000000000109, 99.892747644616648017, 2985.7280000000000655, 1, 2987.5380000000000109, 0, 2985.7280000000000655, 1
2987.5470000000000255, 0, 2985.7330000000001746, 1, 2987.5470000000000255, 107.1050659156590541, 2985.7330000000001746, 0, 2987.5470000000000255, 100.67645570627394136, 2985.7330000000001746, 0, 2987.5470000000000255, 0, 2985.7330000000001746, 1
2987.5590000000001965, 0, 2985.737999999999829, 1, 2987.5590000000001965, 104.54907757319651296, 2985.737999999999829, 0, 2987.5590000000001965, 103.2188006435426928, 2985.737999999999829, 0, 2987.5590000000001965, 0, 2985.737999999999829, 1
2987.5760000000000218, 0, 2985.7429999999999382, 1, 2987.5760000000000218, 103.32260889155273276, 2985.7429999999999382, 0, 2987.5760000000000218, 104.86999566752254509, 2985.7429999999999382, 0, 2987.5760000000000218, 0, 2985.7429999999999382, 1
2987.5760000000000218, 0, 2985.7480000000000473, 1, 2987.5760000000000218, 99.241837621347343656, 2985.7480000000000473, 0, 2987.5760000000000218, 116.51347264609350418, 2985.7480000000000473, 0, 2987.5760000000000218, 0, 2985.7480000000000473, 1
2987.5869999999999891, 0, 2985.7530000000001564, 1, 2987.5869999999999891, 97.979204509447711757, 2985.7530000000001564, 0, 2987.5869999999999891, 112.96851360225697647, 2985.7530000000001564, 0, 2987.5869999999999891, 0, 2985.7530000000001564, 1
2987.6080000000001746, 308.57544199496084047, 2985.7609999999999673, 1, 2987.6080000000001746, 65.74237589732416609, 2985.7609999999999673, 0, 2987.6080000000001746, 109.76235863011822858, 2985.7609999999999673, 0, 2987.6080000000001746, 0, 2985.7609999999999673, 1
2987.6080000000001746, 292.81986925381670517, 2985.76299999999992, 1, 2987.6080000000001746, 10.730073050067396423, 2985.76299999999992, 0, 2987.6080000000001746, 121.22668187256464023, 2985.76299999999992, 0, 2987.6080000000001746, 0, 2985.76299999999992, 1
2987.6269999999999527, 130.88887858842289802, 2985.7710000000001855, 1, 2987.6269999999999527, 0, 2985.7710000000001855, 0, 2987.6269999999999527, 90.760704713020814438, 2985.7710000000001855, 0, 2987.6269999999999527, 7.6268553679451193274e-96, 2985.7710000000001855, 1
2987.63799999999992, 30.797815191654429157, 2985.7730000000001382, 1, 2987.63799999999992, 0, 2985.7730000000001382, 0, 2987.63799999999992, 49.466294063388311031, 2985.7730000000001382, 0, 2987.63799999999992, 109.86858036687925733, 2985.7730000000001382, 1
2987.6469999999999345, 18.19410435623123945, 2985.7779999999997926, 1, 2987.6469999999999345, 0, 2985.7779999999997926, 0, 2987.6469999999999345, 25.575551353317784731, 2985.7779999999997926, 0, 2987.6469999999999345, 37.160317055783679052, 2985.7779999999997926, 1
2987.6480000000001382, 21.991373637186473644, 2985.7829999999999018, 1, 2987.6480000000001382, 0, 2985.7829999999999018, 0, 2987.6480000000001382, 28.908709245601510673, 2985.7829999999999018, 0, 2987.6480000000001382, 26.353558158921750021, 2985.7829999999999018, 1
2987.6579999999999018, 41.197639845585726448, 2985.7880000000000109, 1, 2987.6579999999999018, 0, 2985.7880000000000109, 0, 2987.6579999999999018, 33.88521010047497839, 2985.7880000000000109, 0, 2987.6579999999999018, 27.556049712849429056, 2985.7880000000000109, 1
2987.6669999999999163, 65.321419501772027161, 2985.7930000000001201, 1, 2987.6669999999999163, 52.709224101836383625, 2985.7930000000001201, 0, 2987.6669999999999163, 38.024889207985161477, 2985.7930000000001201, 0, 2987.6669999999999163, 28.81068185339574228, 2985.7930000000001201, 1
2987.6770000000001346, 73.913166092745427704, 2985.8000000000001819, 1, 2987.6770000000001346, 52.373330506813061902, 2985.8000000000001819, 0, 2987.6770000000001346, 39.013684318649254124, 2985.8000000000001819, 0, 2987.6770000000001346, 21.958311019316830937, 2985.8000000000001819, 1
2987.6880000000001019, 75.366682563358779134, 2985.8020000000001346, 1, 2987.6880000000001019, 57.005929505079969033, 2985.8020000000001346, 0, 2987.6880000000001019, 40.194866865062209627, 2985.8020000000001346, 0, 2987.6880000000001019, 21.484524002724679548, 2985.8020000000001346, 1
2987.6990000000000691, 48.257117323278492904, 2985.8079999999999927, 1, 2987.6990000000000691, 97.820147736459830412, 2985.8079999999999927, 0, 2987.6990000000000691, 126.24868283089989518, 2985.8079999999999927, 0, 2987.6990000000000691, 53.638802629365898156, 2985.8079999999999927, 1
2987.7069999999998799, 50.726105505529240247, 2985.8130000000001019, 1, 2987.7069999999998799, 0, 2985.8130000000001019, 0, 2987.7069999999998799, 9.3095375944110898558, 2985.8130000000001019, 0, 2987.7069999999998799, 63.9716840950389809, 2985.8130000000001019, 1
2987.7190000000000509, 82.896863346651457505, 2985.818000000000211, 1, 2987.7190000000000509, 0, 2985.818000000000211, 0, 2987.7190000000000509, 0, 2985.818000000000211, 0, 2987.7190000000000509, 63.782666787419657339, 2985.818000000000211, 1
2987.7280000000000655, 100.67581038967614404, 2985.8229999999998654, 1, 2987.7280000000000655, 0, 2985.8229999999998654, 0, 2987.7280000000000655, 0, 2985.8229999999998654, 0, 2987.7280000000000655, 69.694880878085712084, 2985.8229999999998654, 1
2987.73700000000008, 110.60958879012699185, 2985.8270000000002256, 1, 2987.73700000000008, 0, 2985.8270000000002256, 0, 2987.73700000000008, 0, 2985.8270000000002256, 0, 2987.73700000000008, 73.294662494098275829, 2985.8270000000002256, 1
2987.7480000000000473, 115.67722540415783783, 2985.8330000000000837, 1, 2987.7480000000000473, 0, 2985.8330000000000837, 0, 2987.7480000000000473, 0, 2985.8330000000000837, 0, 2987.7480000000000473, 75.755607762348660117, 2985.8330000000000837, 1
2987.7680000000000291, 118.51178322340213356, 2985.8389999999999418, 1, 2987.7680000000000291, 0, 2985.8389999999999418, 0, 2987.7680000000000291, 0, 2985.8389999999999418, 0, 2987.7680000000000291, 76.531381650267448435, 2985.8389999999999418, 1
2987.7680000000000291, 118.87856588310593509, 2985.8449999999997999, 1, 2987.7680000000000291, 0, 2985.8449999999997999, 0, 2987.7680000000000291, 0, 2985.8449999999997999, 0, 2987.7680000000000291, 78.98006813132668924, 2985.8449999999997999, 1
2987.7779999999997926, 117.63381464642628771, 2985.8479999999999563, 1, 2987.7779999999997926, 0, 2985.8479999999999563, 0, 2987.7779999999997926, 0, 2985.8479999999999563, 0, 2987.7779999999997926, 82.470744212078315627, 2985.8479999999999563, 1
2987.7989999999999782, 116.24857613551634472, 2985.8539999999998145, 1, 2987.7989999999999782, 0, 2985.8539999999998145, 0, 2987.7989999999999782, 0, 2985.8539999999998145, 0, 2987.7989999999999782, 86.378934636058048113, 2985.8539999999998145, 1
2987.7989999999999782, 115.06955483162006715, 2985.8580000000001746, 1, 2987.7989999999999782, 0, 2985.8580000000001746, 0, 2987.7989999999999782, 0, 2985.8580000000001746, 0, 2987.7989999999999782, 89.822866196313867704, 2985.8580000000001746, 1
2987.806999999999789, 113.74082856475479275, 2985.862999999999829, 1, 2987.806999999999789, 0, 2985.862999999999829, 0, 2987.806999999999789, 0, 2985.862999999999829, 0, 2987.806999999999789, 93.628520487182115062, 2985.862999999999829, 1
2987.818000000000211, 111.68610279647182892, 2985.8679999999999382, 1, 2987.818000000000211, 0, 2985.8679999999999382, 0, 2987.818000000000211, 0, 2985.8679999999999382, 0, 2987.818000000000211, 97.42773493287776887, 2985.8679999999999382, 1
2987.8279999999999745, 109.93408564973064756, 2985.8739999999997963, 1, 2987.8279999999999745, 0, 2985.8739999999997963, 0, 2987.8279999999999745, 0, 2985.8739999999997963, 0, 2987.8279999999999745, 101.5145033104156056, 2985.8739999999997963, 1
2987.8380000000001928, 108.98743585714689175, 2985.8789999999999054, 1, 2987.8380000000001928, 0, 2985.8789999999999054, 0, 2987.8380000000001928, 0, 2985.8789999999999054, 0, 2987.8380000000001928, 102.79044656208188258, 2985.8789999999999054, 1
2987.8479999999999563, 107.30048254704121291, 2985.8829999999998108, 1, 2987.8479999999999563, 0, 2985.8829999999998108, 0, 2987.8479999999999563, 0, 2985.8829999999998108, 0, 2987.8479999999999563, 103.76120090203471591, 2985.8829999999998108, 1
2987.8589999999999236, 106.46620701816668486, 2985.88799999999992, 1, 2987.8589999999999236, 0, 2985.88799999999992, 0, 2987.8589999999999236, 0, 2985.88799999999992, 0, 2987.8589999999999236, 104.8327183841936403, 2985.88799999999992, 1
2987.8679999999999382, 105.43331820661690301, 2985.8930000000000291, 1, 2987.8679999999999382, 0, 2985.8930000000000291, 0, 2987.8679999999999382, 0, 2985.8930000000000291, 0, 2987.8679999999999382, 106.83241940507180345, 2985.8930000000000291, 1
2987.8789999999999054, 104.29936786837029672, 2985.8980000000001382, 1, 2987.8789999999999054, 0, 2985.8980000000001382, 0, 2987.8789999999999054, 0, 2985.8980000000001382, 0, 2987.8789999999999054, 109.35087321421232787, 2985.8980000000001382, 1
2987.88799999999992, 102.85669525987944439, 2985.9050000000002001, 1, 2987.88799999999992, 0, 2985.9050000000002001, 0, 2987.88799999999992, 0, 2985.9050000000002001, 0, 2987.88799999999992, 110.65699399556756077, 2985.9050000000002001, 1
2987.8980000000001382, 99.730311532079298331, 2985.9079999999999018, 1, 2987.8980000000001382, 0, 2985.9079999999999018, 0, 2987.8980000000001382, 0, 2985.9079999999999018, 0, 2987.8980000000001382, 111.73201954387333501, 2985.9079999999999018, 1
2987.9079999999999018, 98.408614887504398894, 2985.9130000000000109, 1, 2987.9079999999999018, 0, 2985.9130000000000109, 0, 2987.9079999999999018, 0, 2985.9130000000000109, 0, 2987.9079999999999018, 114.88810180072766798, 2985.9130000000000109, 1
2987.918999999999869, 97.82726165813693342, 2985.9169999999999163, 1, 2987.918999999999869, 0, 2985.9169999999999163, 0, 2987.918999999999869, 0, 2985.9169999999999163, 0, 2987.918999999999869, 115.06911094119422501, 2985.9169999999999163, 1
2987.9279999999998836, 97.512385205797741605, 2985.9229999999997744, 1, 2987.9279999999998836, 310.08083782665363515, 2985.9229999999997744, 0, 2987.9279999999998836, 0, 2985.9229999999997744, 0, 2987.9279999999998836, 111.14491890946430885, 2985.9229999999997744, 1
2987.9380000000001019, 41.373498290605667194, 2985.9279999999998836, 1, 2987.9380000000001019, 288.83084584728737809, 2985.9279999999998836, 0, 2987.9380000000001019, 240.83857025763040838, 2985.9279999999998836, 0, 2987.9380000000001019, 97.456770644749951771, 2985.9279999999998836, 1
2987.9479999999998654, 0.68033374896318121738, 2985.9340000000001965, 1, 2987.9479999999998654, 134.43558432215760945, 2985.9340000000001965, 0, 2987.9479999999998654, 131.08795635892900577, 2985.9340000000001965, 0, 2987.9479999999998654, 8.3586468394573394392, 2985.9340000000001965, 1
2987.9710000000000036, 0, 2985.9389999999998508, 1, 2987.9710000000000036, 20.694939227719590491, 2985.9389999999998508, 0, 2987.9710000000000036, 36.863304663755869228, 2985.9389999999998508, 0, 2987.9710000000000036, 21.86046423910261538, 2985.9389999999998508, 1
2987.9710000000000036, 0, 2985.943000000000211, 1, 2987.9710000000000036, 10.983569248496673154, 2985.943000000000211, 0, 2987.9710000000000036, 22.522606619033979314, 2985.943000000000211, 0, 2987.9710000000000036, 38.468687234226301541, 2985.943000000000211, 1
2987.9780000000000655, 0, 2985.9490000000000691, 1, 2987.9780000000000655, 19.08374754779670468, 2985.9490000000000691, 0, 2987.9780000000000655, 18.03377993301878135, 2985.9490000000000691, 0, 2987.9780000000000655, 47.278954563113053666, 2985.9490000000000691, 1
2987.9969999999998436, 53.982454648788298357, 2985.9529999999999745, 1, 2987.9969999999998436, 42.279229866671400373, 2985.9529999999999745, 0, 2987.9969999999998436, 23.113396366735798892, 2985.9529999999999745, 0, 2987.9969999999998436, 53.958964405913206974, 2985.9529999999999745, 1
2987.9969999999998436, 54.812964169392856206, 2985.9580000000000837, 1, 2987.9969999999998436, 49.86881486959124743, 2985.9580000000000837, 0, 2987.9969999999998436, 24.467163251230800824, 2985.9580000000000837, 0, 2987.9969999999998436, 59.281365605197137825, 2985.9580000000000837, 1
2988.0079999999998108, 58.200844362421698008, 2985.9650000000001455, 1, 2988.0079999999998108, 53.276513387032039759, 2985.9650000000001455, 0, 2988.0079999999998108, 26.072390201230504658, 2985.9650000000001455, 0, 2988.0079999999998108, 56.231633971072824352, 2985.9650000000001455, 1
2988.0180000000000291, 59.225592017637552544, 2985.9690000000000509, 1, 2988.0180000000000291, 55.075554939487929573, 2985.9690000000000509, 0, 2988.0180000000000291, 30.803602705200258782, 2985.9690000000000509, 0, 2988.0180000000000291, 53.945559448575480133, 2985.9690000000000509, 1
2988.0380000000000109, 18.439729635893012727, 2985.9729999999999563, 1, 2988.0380000000000109, 62.676451535722684127, 2985.9729999999999563, 0, 2988.0380000000000109, 55.613166797158775978, 2985.9729999999999563, 0, 2988.0380000000000109, 18.441127470214684791, 2985.9729999999999563, 1
2988.0380000000000109, 0, 2985.9780000000000655, 1, 2988.0380000000000109, 87.486367002455551756, 2985.9780000000000655, 0, 2988.0380000000000109, 74.522456528321384894, 2985.9780000000000655, 0, 2988.0380000000000109, 0, 2985.9780000000000655, 1
2988.0479999999997744, 0, 2985.9830000000001746, 1, 2988.0479999999997744, 106.89819699049110113, 2985.9830000000001746, 1, 2988.0479999999997744, 79.901701136589480257, 2985.9830000000001746, 1, 2988.0479999999997744, 0, 2985.9830000000001746, 1
2988.0579999999999927, 0, 2985.987999999999829, 1, 2988.0579999999999927, 119.19830767834550045, 2985.987999999999829, 1, 2988.0579999999999927, 76.480414906652214313, 2985.987999999999829, 1, 2988.0579999999999927, 0, 2985.987999999999829, 1
2988.068000000000211, 0, 2985.9940000000001419, 1, 2988.068000000000211, 124.18948484323667003, 2985.9940000000001419, 1, 2988.068000000000211, 73.418046689038789054, 2985.9940000000001419, 1, 2988.068000000000211, 0, 2985.9940000000001419, 1
2988.081000000000131, 0, 2985.9980000000000473, 1, 2988.081000000000131, 127.37638276653922276, 2985.9980000000000473, 1, 2988.081000000000131, 71.034719987334284497, 2985.9980000000000473, 1, 2988.081000000000131, 0, 2985.9980000000000473, 1
2988.0970000000002074, 0, 2986.0050000000001091, 1, 2988.0970000000002074, 128.79338099962006936, 2986.0050000000001091, 1, 2988.0970000000002074, 69.669342589124681808, 2986.0050000000001091, 1, 2988.0970000000002074, 0, 2986.0050000000001091, 1
2988.1080000000001746, 0, 2986.0079999999998108, 1, 2988.1080000000001746, 127.06789767068448782, 2986.0079999999998108, 1, 2988.1080000000001746, 72.478217848194447015, 2986.0079999999998108, 1, 2988.1080000000001746, 0, 2986.0079999999998108, 1
2988.1080000000001746, 0, 2986.01299999999992, 1, 2988.1080000000001746, 125.2823132168248037, 2986.01299999999992, 1, 2988.1080000000001746, 75.176739451626247046, 2986.01299999999992, 1, 2988.1080000000001746, 0, 2986.01299999999992, 1
2988.1219999999998436, 0, 2986.0180000000000291, 1, 2988.1219999999998436, 122.13462216108874259, 2986.0180000000000291, 1, 2988.1219999999998436, 80.94715571351679273, 2986.0180000000000291, 1, 2988.1219999999998436, 0, 2986.0180000000000291, 1
2988.1280000000001564, 0, 2986.0230000000001382, 1, 2988.1280000000001564, 119.82973442240782447, 2986.0230000000001382, 1, 2988.1280000000001564, 84.081635545679233701, 2986.0230000000001382, 1, 2988.1280000000001564, 0, 2986.0230000000001382, 1
2988.13799999999992, 0, 2986.0279999999997926, 1, 2988.13799999999992, 118.19213182693698627, 2986.0279999999997926, 1, 2988.13799999999992, 85.485716796738614676, 2986.0279999999997926, 1, 2988.13799999999992, 0, 2986.0279999999997926, 1
2988.1480000000001382, 0, 2986.0340000000001055, 1, 2988.1480000000001382, 115.39922827839663455, 2986.0340000000001055, 1, 2988.1480000000001382, 90.458163140445634554, 2986.0340000000001055, 1, 2988.1480000000001382, 0, 2986.0340000000001055, 1
2988.1599999999998545, 0, 2986.0380000000000109, 1, 2988.1599999999998545, 113.19515968208531831, 2986.0380000000000109, 1, 2988.1599999999998545, 93.651444561185996918, 2986.0380000000000109, 1, 2988.1599999999998545, 0, 2986.0380000000000109, 1
2988.1770000000001346, 0, 2986.0430000000001201, 1, 2988.1770000000001346, 110.53548702814674698, 2986.0430000000001201, 1, 2988.1770000000001346, 94.702707623786096747, 2986.0430000000001201, 1, 2988.1770000000001346, 0, 2986.0430000000001201, 1
2988.1880000000001019, 0, 2986.0489999999999782, 1, 2988.1880000000001019, 108.67891822893346898, 2986.0489999999999782, 1, 2988.1880000000001019, 96.462675998755685214, 2986.0489999999999782, 1, 2988.1880000000001019, 0, 2986.0489999999999782, 1
2988.2010000000000218, 0, 2986.0529999999998836, 1, 2988.2010000000000218, 104.61152141212531319, 2986.0529999999998836, 1, 2988.2010000000000218, 99.187295058647450219, 2986.0529999999998836, 1, 2988.2010000000000218, 0, 2986.0529999999998836, 1
2988.2080000000000837, 0, 2986.0579999999999927, 0, 2988.2080000000000837, 106.71412313271446237, 2986.0579999999999927, 1, 2988.2080000000000837, 106.32702389444952473, 2986.0579999999999927, 1, 2988.2080000000000837, 0, 2986.0579999999999927, 0
2988.2179999999998472, 0, 2986.0639999999998508, 0, 2988.2179999999998472, 101.5646393350095309, 2986.0639999999998508, 1, 2988.2179999999998472, 104.66287099776641867, 2986.0639999999998508, 1, 2988.2179999999998472, 0, 2986.0639999999998508, 0
2988.2269999999998618, 0, 2986.068000000000211, 0, 2988.2269999999998618, 98.1333328116136272, 2986.068000000000211, 1, 2988.2269999999998618, 114.42416939404905918, 2986.068000000000211, 1, 2988.2269999999998618, 0, 2986.068000000000211, 0
2988.23700000000008, 0, 2986.0729999999998654, 0, 2988.23700000000008, 95.807849313655424339, 2986.0729999999998654, 1, 2988.23700000000008, 116.71821832669934338, 2986.0729999999998654, 1, 2988.23700000000008, 0, 2986.0729999999998654, 0
2988.2570000000000618, 306.61518648934958264, 2986.0779999999999745, 0, 2988.2570000000000618, 67.938552634744326042, 2986.0779999999999745, 1, 2988.2570000000000618, 114.76303104690413193, 2986.0779999999999745, 1, 2988.2570000000000618, 0, 2986.0779999999999745, 0
2988.2570000000000618, 293.54374986895066968, 2986.0830000000000837, 0, 2988.2570000000000618, 13.284745917292113404, 2986.0830000000000837, 1, 2988.2570000000000618, 123.57354920845222068, 2986.0830000000000837, 1, 2988.2570000000000618, 0, 2986.0830000000000837, 0
2988.2680000000000291, 171.08936205569239064, 2986.0880000000001928, 0, 2988.2680000000000291, 0, 2986.0880000000001928, 1, 2988.2680000000000291, 90.87694859151221749, 2986.0880000000001928, 1, 2988.2680000000000291, 2.0448645282311853539e-95, 2986.0880000000001928, 0
2988.2779999999997926, 28.685104984636328851, 2986.0929999999998472, 0, 2988.2779999999997926, 0, 2986.0929999999998472, 1, 2988.2779999999997926, 42.823096547087082797, 2986.0929999999998472, 1, 2988.2779999999997926, 88.357187455222543804, 2986.0929999999998472, 0
2988.2880000000000109, 14.543095437902142208, 2986.0979999999999563, 0, 2988.2880000000000109, 0, 2986.0979999999999563, 1, 2988.2880000000000109, 31.751781216836580057, 2986.0979999999999563, 1, 2988.2880000000000109, 27.625968593413624319, 2986.0979999999999563, 0
2988.2979999999997744, 17.98862089574896217, 2986.1030000000000655, 0, 2988.2979999999997744, 0, 2986.1030000000000655, 1, 2988.2979999999997744, 32.157575924839278514, 2986.1030000000000655, 1, 2988.2979999999997744, 22.115992122961621646, 2986.1030000000000655, 0
2988.3079999999999927, 35.936694873288942631, 2986.1080000000001746, 0, 2988.3079999999999927, 0, 2986.1080000000001746, 1, 2988.3079999999999927, 34.676722325268393377, 2986.1080000000001746, 1, 2988.3079999999999927, 25.9712818085480599, 2986.1080000000001746, 0
2988.318000000000211, 63.839540704385541403, 2986.112999999999829, 0, 2988.318000000000211, 0, 2986.112999999999829, 1, 2988.318000000000211, 36.679258043337760853, 2986.112999999999829, 1, 2988.318000000000211, 31.777265694133689067, 2986.112999999999829, 0
2988.3279999999999745, 79.796038066263506039, 2986.1179999999999382, 0, 2988.3279999999999745, 72.121301735336558636, 2986.1179999999999382, 1, 2988.3279999999999745, 39.500466832564541164, 2986.1179999999999382, 1, 2988.3279999999999745, 29.359517993420830351, 2986.1179999999999382, 0
2988.3380000000001928, 81.753644377771081508, 2986.1230000000000473, 0, 2988.3380000000001928, 60.495802551623036436, 2986.1230000000000473, 1, 2988.3380000000001928, 37.818241061657907665, 2986.1230000000000473, 1, 2988.3380000000001928, 24.514915114168136512, 2986.1230000000000473, 0
2988.3479999999999563, 50.731540920511108084, 2986.1289999999999054, 0, 2988.3479999999999563, 106.24541485683667474, 2986.1289999999999054, 1, 2988.3479999999999563, 132.4421080032458633, 2986.1289999999999054, 1, 2988.3479999999999563, 49.451508184646613131, 2986.1289999999999054, 0
2988.3679999999999382, 42.504454691416455603, 2986.1340000000000146, 0, 2988.3679999999999382, 7.0886159374279618106, 2986.1340000000000146, 1, 2988.3679999999999382, 38.879932267543495072, 2986.1340000000000146, 1, 2988.3679999999999382, 54.315304348767966758, 2986.1340000000000146, 0
2988.3679999999999382, 77.992927946403710848, 2986.13799999999992, 0, 2988.3679999999999382, 0, 2986.13799999999992, 1, 2988.3679999999999382, 0, 2986.13799999999992, 1, 2988.3679999999999382, 61.882213693744866134, 2986.13799999999992, 0
2988.3789999999999054, 99.047164651084145248, 2986.1430000000000291, 0, 2988.3789999999999054, 0, 2986.1430000000000291, 1, 2988.3789999999999054, 0, 2986.1430000000000291, 1, 2988.3789999999999054, 70.020820067689157895, 2986.1430000000000291, 0
2988.3890000000001237, 108.69709592768126072, 2986.1480000000001382, 0, 2988.3890000000001237, 0, 2986.1480000000001382, 1, 2988.3890000000001237, 0, 2986.1480000000001382, 1, 2988.3890000000001237, 72.393634200244349586, 2986.1480000000001382, 0
2988.3980000000001382, 114.87757061486416887, 2986.1539999999999964, 0, 2988.3980000000001382, 0, 2986.1539999999999964, 1, 2988.3980000000001382, 0, 2986.1539999999999964, 1, 2988.3980000000001382, 75.24642956940211036, 2986.1539999999999964, 0
2988.4090000000001055, 117.5517623863451746, 2986.1579999999999018, 0, 2988.4090000000001055, 0, 2986.1579999999999018, 1, 2988.4090000000001055, 0, 2986.1579999999999018, 1, 2988.4090000000001055, 77.31208654586274065, 2986.1579999999999018, 0
2988.4180000000001201, 118.399198640484272, 2986.1640000000002146, 0, 2988.4180000000001201, 0, 2986.1640000000002146, 1, 2988.4180000000001201, 0, 2986.1640000000002146, 1, 2988.4180000000001201, 80.004664680701267798, 2986.1640000000002146, 0
2988.4380000000001019, 118.58606938879982806, 2986.1680000000001201, 0, 2988.4380000000001019, 0, 2986.1680000000001201, 1, 2988.4380000000001019, 0, 2986.1680000000001201, 1, 2988.4380000000001019, 78.750731924780467352, 2986.1680000000001201, 0
2988.4380000000001019, 116.87567865472666995, 2986.1729999999997744, 0, 2988.4380000000001019, 0, 2986.1729999999997744, 1, 2988.4380000000001019, 0, 2986.1729999999997744, 1, 2988.4380000000001019, 84.99874217671352028, 2986.1729999999997744, 0
2988.4479999999998654, 115.13782142960948818, 2986.1779999999998836, 0, 2988.4479999999998654, 0, 2986.1779999999998836, 1, 2988.4479999999998654, 0, 2986.1779999999998836, 1, 2988.4479999999998654, 89.662353792075464298, 2986.1779999999998836, 0
2988.4679999999998472, 113.66137383250253379, 2986.1829999999999927, 0, 2988.4679999999998472, 0, 2986.1829999999999927, 1, 2988.4679999999998472, 0, 2986.1829999999999927, 1, 2988.4679999999998472, 93.068654889825353393, 2986.1829999999999927, 0
2988.4780000000000655, 111.02129751913751932, 2986.1880000000001019, 0, 2988.4780000000000655, 0, 2986.1880000000001019, 1, 2988.4780000000000655, 0, 2986.1880000000001019, 1, 2988.4780000000000655, 95.481410037330618934, 2986.1880000000001019, 0
2988.4780000000000655, 109.87496164604968385, 2986.193000000000211, 0, 2988.4780000000000655, 0, 2986.193000000000211, 1, 2988.4780000000000655, 0, 2986.193000000000211, 1, 2988.4780000000000655, 96.951197578349379569, 2986.193000000000211, 0
2988.487999999999829, 108.24980492395795295, 2986.1990000000000691, 0, 2988.487999999999829, 0, 2986.1990000000000691, 1, 2988.487999999999829, 0, 2986.1990000000000691, 1, 2988.487999999999829, 100.12244985078034176, 2986.1990000000000691, 0
2988.4980000000000473, 107.53590534781174881, 2986.2040000000001783, 0, 2988.4980000000000473, 0, 2986.2040000000001783, 1, 2988.4980000000000473, 0, 2986.2040000000001783, 1, 2988.4980000000000473, 100.63772572055947307, 2986.2040000000001783, 0
2988.5079999999998108, 106.66404576446684871, 2986.2080000000000837, 0, 2988.5079999999998108, 0, 2986.2080000000000837, 1, 2988.5079999999998108, 0, 2986.2080000000000837, 1, 2988.5079999999998108, 103.93597397517770275, 2986.2080000000000837, 0
2988.5279999999997926, 105.42010676324971996, 2986.2130000000001928, 0, 2988.5279999999997926, 0, 2986.2130000000001928, 1, 2988.5279999999997926, 0, 2986.2130000000001928, 1, 2988.5279999999997926, 106.60552712865592184, 2986.2130000000001928, 0
2988.5279999999997926, 104.25248298095002042, 2986.2190000000000509, 0, 2988.5279999999997926, 0, 2986.2190000000000509, 1, 2988.5279999999997926, 0, 2986.2190000000000509, 1, 2988.5279999999997926, 109.03624855573281138, 2986.2190000000000509, 0
2988.5380000000000109, 103.31421282069180734, 2986.2229999999999563, 0, 2988.5380000000000109, 0, 2986.2229999999999563, 1, 2988.5380000000000109, 0, 2986.2229999999999563, 1, 2988.5380000000000109, 110.60800819244525428, 2986.2229999999999563, 0
2988.5479999999997744, 101.28883638769306685, 2986.2280000000000655, 0, 2988.5479999999997744, 0, 2986.2280000000000655, 1, 2988.5479999999997744, 0, 2986.2280000000000655, 1, 2988.5479999999997744, 113.5307171974227316, 2986.2280000000000655, 0
2988.556999999999789, 99.882645219411102744, 2986.2330000000001746, 0, 2988.556999999999789, 0, 2986.2330000000001746, 1, 2988.556999999999789, 0, 2986.2330000000001746, 1, 2988.556999999999789, 115.91077786319161191, 2986.2330000000001746, 0
2988.568000000000211, 98.222928925869894101, 2986.237999999999829, 0, 2988.568000000000211, 0, 2986.237999999999829, 1, 2988.568000000000211, 0, 2986.237999999999829, 1, 2988.568000000000211, 117.50122567362068082, 2986.237999999999829, 0
2988.5909999999998945, 97.715558907991479032, 2986.2429999999999382, 0, 2988.5909999999998945, 287.62314379882491266, 2986.2429999999999382, 1, 2988.5909999999998945, 0, 2986.2429999999999382, 1, 2988.5909999999998945, 109.9552427821066658, 2986.2429999999999382, 0
2988.5909999999998945, 52.016508446423010525, 2986.2480000000000473, 0, 2988.5909999999998945, 299.26880419913078413, 2986.2480000000000473, 1, 2988.5909999999998945, 339.03403439902604077, 2986.2480000000000473, 1, 2988.5909999999998945, 114.07021872236889237, 2986.2480000000000473, 0
2988.5990000000001601, 1.5432823378254147961, 2986.2539999999999054, 0, 2988.5990000000001601, 134.68319267187155219, 2986.2539999999999054, 1, 2988.5990000000001601, 153.05866000419615602, 2986.2539999999999054, 1, 2988.5990000000001601, 27.579869053969851223, 2986.2539999999999054, 0
2988.6179999999999382, 0, 2986.2579999999998108, 0, 2988.6179999999999382, 23.302309024610636357, 2986.2579999999998108, 1, 2988.6179999999999382, 45.025351441667758934, 2986.2579999999998108, 1, 2988.6179999999999382, 32.789823083714793484, 2986.2579999999998108, 0
2988.6280000000001564, 0, 2986.26299999999992, 0, 2988.6280000000001564, 12.046321806963641521, 2986.26299999999992, 1, 2988.6280000000001564, 22.016218801172705355, 2986.26299999999992, 1, 2988.6280000000001564, 40.163154304856796273, 2986.26299999999992, 0
2988.6280000000001564, 0, 2986.2680000000000291, 0, 2988.6280000000001564, 23.413634848114160292, 2986.2680000000000291, 1, 2988.6280000000001564, 16.517154372915314298, 2986.2680000000000291, 1, 2988.6280000000001564, 45.85842616493674484, 2986.2680000000000291, 0
2988.6390000000001237, 53.592611407115711586, 2986.2739999999998872, 0, 2988.6390000000001237, 47.161429618528899255, 2986.2739999999998872, 1, 2988.6390000000001237, 21.648434690393273172, 2986.2739999999998872, 1, 2988.6390000000001237, 47.600053512613754947, 2986.2739999999998872, 0
2988.6480000000001382, 48.291153506995691203, 2986.2800000000002001, 0, 2988.6480000000001382, 56.740601114565592411, 2986.2800000000002001, 1, 2988.6480000000001382, 22.179603576816440125, 2986.2800000000002001, 1, 2988.6480000000001382, 55.147048294931380497, 2986.2800000000002001, 0
2988.6579999999999018, 54.82569574059305495, 2986.2829999999999018, 0, 2988.6579999999999018, 60.397140590003857596, 2986.2829999999999018, 1, 2988.6579999999999018, 24.538098231572988084, 2986.2829999999999018, 1, 2988.6579999999999018, 53.661585758467197138, 2986.2829999999999018, 0
2988.6680000000001201, 58.756589573245200597, 2986.2880000000000109, 0, 2988.6680000000001201, 62.646803183091932965, 2986.2880000000000109, 1, 2988.6680000000001201, 26.08940212057456165, 2986.2880000000000109, 1, 2988.6680000000001201, 50.756877333437152799, 2986.2880000000000109, 0
2988.6790000000000873, 26.129934210270178596, 2986.293999999999869, 0, 2988.6790000000000873, 63.806055915973786341, 2986.293999999999869, 1, 2988.6790000000000873, 50.550745463014131076, 2986.293999999999869, 1, 2988.6790000000000873, 16.740805481085221373, 2986.293999999999869, 0
2988.6880000000001019, 0, 2986.30600000000004, 0, 2988.6880000000001019, 86.982047732475962221, 2986.30600000000004, 1, 2988.6880000000001019, 73.864287494340970852, 2986.30600000000004, 1, 2988.6880000000001019, 0, 2986.30600000000004, 0
2988.6979999999998654, 0, 2986.30600000000004, 1, 2988.6979999999998654, 107.26177483750939246, 2986.30600000000004, 1, 2988.6979999999998654, 79.270443265729284121, 2986.30600000000004, 1, 2988.6979999999998654, 0, 2986.30600000000004, 1
2988.7100000000000364, 0, 2986.3079999999999927, 1, 2988.7100000000000364, 118.36175286270244555, 2986.3079999999999927, 1, 2988.7100000000000364, 76.210683494944191807, 2986.3079999999999927, 1, 2988.7100000000000364, 0, 2986.3079999999999927, 1
2988.7179999999998472, 0, 2986.3130000000001019, 1, 2988.7179999999998472, 125.46972613754348913, 2986.3130000000001019, 1, 2988.7179999999998472, 71.480141757954513082, 2986.3130000000001019, 1, 2988.7179999999998472, 0, 2986.3130000000001019, 1
2988.7280000000000655, 0, 2986.318000000000211, 1, 2988.7280000000000655, 127.3401558906423503, 2986.318000000000211, 1, 2988.7280000000000655, 69.61767358117580784, 2986.318000000000211, 1, 2988.7280000000000655, 0, 2986.318000000000211, 1
2988.737999999999829, 0, 2986.3229999999998654, 1, 2988.737999999999829, 127.3974677616462543, 2986.3229999999998654, 1, 2988.737999999999829, 70.123372981674364723, 2986.3229999999998654, 1, 2988.737999999999829, 0, 2986.3229999999998654, 1
2988.7480000000000473, 0, 2986.3290000000001783, 1, 2988.7480000000000473, 127.58906642633260731, 2986.3290000000001783, 1, 2988.7480000000000473, 70.290721154091855283, 2986.3290000000001783, 1, 2988.7480000000000473, 0, 2986.3290000000001783, 1
2988.7590000000000146, 0, 2986.3330000000000837, 1, 2988.7590000000000146, 126.27792328706007652, 2986.3330000000000837, 1, 2988.7590000000000146, 72.917888846744432385, 2986.3330000000000837, 1, 2988.7590000000000146, 0, 2986.3330000000000837, 1
2988.7699999999999818, 0, 2986.3380000000001928, 1, 2988.7699999999999818, 123.63651957384388425, 2986.3380000000001928, 1, 2988.7699999999999818, 77.563519578373430363, 2986.3380000000001928, 1, 2988.7699999999999818, 0, 2986.3380000000001928, 1
2988.7789999999999964, 0, 2986.3429999999998472, 1, 2988.7789999999999964, 120.8826200648250051, 2986.3429999999998472, 1, 2988.7789999999999964, 82.478521828914338698, 2986.3429999999998472, 1, 2988.7789999999999964, 0, 2986.3429999999998472, 1
2988.7890000000002146, 0, 2986.3490000000001601, 1, 2988.7890000000002146, 118.15029442318392228, 2986.3490000000001601, 1, 2988.7890000000002146, 86.85735929083841711, 2986.3490000000001601, 1, 2988.7890000000002146, 0, 2986.3490000000001601, 1
2988.7979999999997744, 0, 2986.3530000000000655, 1, 2988.7979999999997744, 115.81724506197657831, 2986.3530000000000655, 1, 2988.7979999999997744, 90.679898192861273287, 2986.3530000000000655, 1, 2988.7979999999997744, 0, 2986.3530000000000655, 1
2988.8079999999999927, 0, 2986.3580000000001746, 1, 2988.8079999999999927, 113.73211597664095507, 2986.3580000000001746, 1, 2988.8079999999999927, 93.746111568614466591, 2986.3580000000001746, 1, 2988.8079999999999927, 0, 2986.3580000000001746, 1
2988.81899999999996, 0, 2986.362999999999829, 1, 2988.81899999999996, 111.49173896834602715, 2986.362999999999829, 1, 2988.81899999999996, 96.246314230643804422, 2986.362999999999829, 1, 2988.81899999999996, 0, 2986.362999999999829, 1
2988.8380000000001928, 0, 2986.3679999999999382, 1, 2988.8380000000001928, 109.93307951529374122, 2986.3679999999999382, 1, 2988.8380000000001928, 97.601327951263343152, 2986.3679999999999382, 1, 2988.8380000000001928, 0, 2986.3679999999999382, 1
2988.8380000000001928, 0, 2986.3730000000000473, 1, 2988.8380000000001928, 108.03702722181978402, 2986.3730000000000473, 1, 2988.8380000000001928, 97.943170636596619261, 2986.3730000000000473, 1, 2988.8380000000001928, 0, 2986.3730000000000473, 1
2988.8580000000001746, 0, 2986.3780000000001564, 1, 2988.8580000000001746, 105.86173298857826808, 2986.3780000000001564, 1, 2988.8580000000001746, 101.98493003218217723, 2986.3780000000001564, 1, 2988.8580000000001746, 0, 2986.3780000000001564, 1
2988.8690000000001419, 0, 2986.3829999999998108, 1, 2988.8690000000001419, 103.8867690573208904, 2986.3829999999998108, 0, 2988.8690000000001419, 105.61727373460206536, 2986.3829999999998108, 0, 2988.8690000000001419, 0, 2986.3829999999998108, 1
2988.8789999999999054, 0, 2986.387000000000171, 1, 2988.8789999999999054, 101.00413816992964655, 2986.387000000000171, 0, 2988.8789999999999054, 103.31627356418361785, 2986.387000000000171, 0, 2988.8789999999999054, 0, 2986.387000000000171, 1
2988.88799999999992, 0, 2986.3930000000000291, 1, 2988.88799999999992, 98.370148305883859052, 2986.3930000000000291, 0, 2988.88799999999992, 109.90208094610412104, 2986.3930000000000291, 0, 2988.88799999999992, 0, 2986.3930000000000291, 1
2988.88799999999992, 0, 2986.3980000000001382, 1, 2988.88799999999992, 96.880666879455873186, 2986.3980000000001382, 0, 2988.88799999999992, 110.12883034830969109, 2986.3980000000001382, 0, 2988.88799999999992, 0, 2986.3980000000001382, 1
2988.8980000000001382, 306.51452093279630162, 2986.4039999999999964, 1, 2988.8980000000001382, 74.499652533800599485, 2986.4039999999999964, 0, 2988.8980000000001382, 111.90158618298718807, 2986.4039999999999964, 0, 2988.8980000000001382, 0, 2986.4039999999999964, 1
2988.9079999999999018, 300.02516411004967267, 2986.4070000000001528, 1, 2988.9079999999999018, 15.374782609790214494, 2986.4070000000001528, 0, 2988.9079999999999018, 122.31051714495386307, 2986.4070000000001528, 0, 2988.9079999999999018, 0, 2986.4070000000001528, 1
2988.9279999999998836, 175.83059423031650681, 2986.4130000000000109, 1, 2988.9279999999998836, 0, 2986.4130000000000109, 0, 2988.9279999999998836, 106.11540794966251156, 2986.4130000000000109, 0, 2988.9279999999998836, 0, 2986.4130000000000109, 1
2988.9279999999998836, 34.697133628620534296, 2986.4180000000001201, 1, 2988.9279999999998836, 0, 2986.4180000000001201, 0, 2988.9279999999998836, 43.19477725911451671, 2986.4180000000001201, 0, 2988.9279999999998836, 112.4862136011448257, 2986.4180000000001201, 1
2988.9380000000001019, 23.780384900348423116, 2986.4229999999997744, 1, 2988.9380000000001019, 0, 2986.4229999999997744, 0, 2988.9380000000001019, 20.028758097736861998, 2986.4229999999997744, 0, 2988.9380000000001019, 36.746778500058269401, 2986.4229999999997744, 1
2988.9479999999998654, 24.314722623650631306, 2986.4279999999998836, 1, 2988.9479999999998654, 0, 2986.4279999999998836, 0, 2988.9479999999998654, 28.512326577734604882, 2986.4279999999998836, 0, 2988.9479999999998654, 18.527751986373687032, 2986.4279999999998836, 1
2988.9580000000000837, 41.661440952399011906, 2986.4340000000001965, 1, 2988.9580000000000837, 0, 2986.4340000000001965, 0, 2988.9580000000000837, 34.589403996363898841, 2986.4340000000001965, 0, 2988.9580000000000837, 19.093904015951029152, 2986.4340000000001965, 1
2988.9679999999998472, 63.626862962848768746, 2986.4380000000001019, 1, 2988.9679999999998472, 67.599290569971259401, 2986.4380000000001019, 0, 2988.9679999999998472, 37.995378563283153994, 2986.4380000000001019, 0, 2988.9679999999998472, 23.348315578816222882, 2986.4380000000001019, 1
2988.9780000000000655, 76.069011924205057085, 2986.443000000000211, 1, 2988.9780000000000655, 40.403284817191739364, 2986.443000000000211, 0, 2988.9780000000000655, 41.680871917186266273, 2986.443000000000211, 0, 2988.9780000000000655, 18.363966744096430261, 2986.443000000000211, 1
2988.987999999999829, 79.033178911371578579, 2986.4479999999998654, 1, 2988.987999999999829, 51.763638523454226004, 2986.4479999999998654, 0, 2988.987999999999829, 41.931455993668620863, 2986.4479999999998654, 0, 2988.987999999999829, 17.992765505678175231, 2986.4479999999998654, 1
2988.9980000000000473, 75.600342072928924608, 2986.4540000000001783, 1, 2988.9980000000000473, 91.790858759653701782, 2986.4540000000001783, 0, 2988.9980000000000473, 82.924316613313436619, 2986.4540000000001783, 0, 2988.9980000000000473, 25.986056302273894403, 2986.4540000000001783, 1
2989.0079999999998108, 38.025310110880219838, 2986.4580000000000837, 1, 2989.0079999999998108, 113.53067133855708448, 2986.4580000000000837, 0, 2989.0079999999998108, 77.646746947486590784, 2986.4580000000000837, 0, 2989.0079999999998108, 64.35611896640273244, 2986.4580000000000837, 1
2989.0180000000000291, 70.819464555711789444, 2986.4639999999999418, 1, 2989.0180000000000291, 0, 2986.4639999999999418, 0, 2989.0180000000000291, 0, 2986.4639999999999418, 0, 2989.0180000000000291, 61.941077376794346776, 2986.4639999999999418, 1
2989.0279999999997926, 94.471760607114077857, 2986.4679999999998472, 1, 2989.0279999999997926, 0, 2986.4679999999998472, 0, 2989.0279999999997926, 0, 2986.4679999999998472, 0, 2989.0279999999997926, 67.008409044723549641, 2986.4679999999998472, 1
2989.0470000000000255, 107.03944852332912774, 2986.4729999999999563, 1, 2989.0470000000000255, 0, 2986.4729999999999563, 0, 2989.0470000000000255, 0, 2986.4729999999999563, 0, 2989.0470000000000255, 74.752237073970263737, 2986.4729999999999563, 1
2989.0479999999997744, 114.96551968381396591, 2986.4780000000000655, 1, 2989.0479999999997744, 0, 2986.4780000000000655, 0, 2989.0479999999997744, 0, 2986.4780000000000655, 0, 2989.0479999999997744, 75.197011667130539081, 2986.4780000000000655, 1
2989.0579999999999927, 117.65521733561064366, 2986.4830000000001746, 1, 2989.0579999999999927, 0, 2986.4830000000001746, 0, 2989.0579999999999927, 0, 2986.4830000000001746, 0, 2989.0579999999999927, 76.679377340907336702, 2986.4830000000001746, 1
2989.068000000000211, 118.27619003243128759, 2986.487999999999829, 1, 2989.068000000000211, 0, 2986.487999999999829, 0, 2989.068000000000211, 0, 2986.487999999999829, 0, 2989.068000000000211, 79.46198640851048367, 2986.487999999999829, 1
2989.0790000000001783, 118.32856155245335117, 2986.4929999999999382, 1, 2989.0790000000001783, 0, 2986.4929999999999382, 0, 2989.0790000000001783, 0, 2986.4929999999999382, 0, 2989.0790000000001783, 80.102158850876065799, 2986.4929999999999382, 1
2989.0880000000001928, 116.47642522177903857, 2986.4980000000000473, 1, 2989.0880000000001928, 0, 2986.4980000000000473, 0, 2989.0880000000001928, 0, 2986.4980000000000473, 0, 2989.0880000000001928, 85.204227527038227663, 2986.4980000000000473, 1
2989.0979999999999563, 115.35938366430630708, 2986.5030000000001564, 1, 2989.0979999999999563, 0, 2986.5030000000001564, 0, 2989.0979999999999563, 0, 2986.5030000000001564, 0, 2989.0979999999999563, 88.201615211062915023, 2986.5030000000001564, 1
2989.1080000000001746, 113.56078701796880637, 2986.5079999999998108, 1, 2989.1080000000001746, 0, 2986.5079999999998108, 0, 2989.1080000000001746, 0, 2986.5079999999998108, 0, 2989.1080000000001746, 92.770040439528528964, 2986.5079999999998108, 1
2989.1170000000001892, 112.21067798752208944, 2986.51299999999992, 1, 2989.1170000000001892, 0, 2986.51299999999992, 0, 2989.1170000000001892, 0, 2986.51299999999992, 0, 2989.1170000000001892, 97.117266101513109788, 2986.51299999999992, 1
2989.1269999999999527, 109.65217434422083898, 2986.5180000000000291, 1, 2989.1269999999999527, 0, 2986.5180000000000291, 0, 2989.1269999999999527, 0, 2986.5180000000000291, 0, 2989.1269999999999527, 102.02659741697547702, 2986.5180000000000291, 1
2989.1480000000001382, 107.77733212364483961, 2986.5239999999998872, 1, 2989.1480000000001382, 0, 2986.5239999999998872, 0, 2989.1480000000001382, 0, 2986.5239999999998872, 0, 2989.1480000000001382, 99.091046231162522417, 2986.5239999999998872, 1
2989.1480000000001382, 106.04193319459685085, 2986.5279999999997926, 1, 2989.1480000000001382, 0, 2986.5279999999997926, 0, 2989.1480000000001382, 0, 2986.5279999999997926, 0, 2989.1480000000001382, 101.46666827876333628, 2986.5279999999997926, 1
2989.1579999999999018, 105.49066575541863244, 2986.5329999999999018, 1, 2989.1579999999999018, 0, 2986.5329999999999018, 0, 2989.1579999999999018, 0, 2986.5329999999999018, 0, 2989.1579999999999018, 102.8181558010132477, 2986.5329999999999018, 1
2989.1680000000001201, 104.14207303535792448, 2986.5380000000000109, 1, 2989.1680000000001201, 0, 2986.5380000000000109, 0, 2989.1680000000001201, 0, 2986.5380000000000109, 0, 2989.1680000000001201, 104.46441206603769558, 2986.5380000000000109, 1
2989.1779999999998836, 103.19654577675481733, 2986.5430000000001201, 1, 2989.1779999999998836, 0, 2986.5430000000001201, 0, 2989.1779999999998836, 0, 2986.5430000000001201, 0, 2989.1779999999998836, 106.99144258558226284, 2986.5430000000001201, 1
2989.1900000000000546, 102.48291098865448134, 2986.5479999999997744, 1, 2989.1900000000000546, 0, 2986.5479999999997744, 0, 2989.1900000000000546, 0, 2986.5479999999997744, 0, 2989.1900000000000546, 111.69513123097746643, 2986.5479999999997744, 1
2989.1990000000000691, 101.17366383377544992, 2986.5529999999998836, 1, 2989.1990000000000691, 0, 2986.5529999999998836, 0, 2989.1990000000000691, 0, 2986.5529999999998836, 0, 2989.1990000000000691, 115.76922648770955959, 2986.5529999999998836, 1
2989.2089999999998327, 99.443985774877518224, 2986.5579999999999927, 1, 2989.2089999999998327, 0, 2986.5579999999999927, 0, 2989.2089999999998327, 0, 2986.5579999999999927, 0, 2989.2089999999998327, 118.53820428833195422, 2986.5579999999999927, 1
2989.2190000000000509, 98.762308220263662406, 2986.5630000000001019, 1, 2989.2190000000000509, 0, 2986.5630000000001019, 0, 2989.2190000000000509, 0, 2986.5630000000001019, 0, 2989.2190000000000509, 117.55359699067699353, 2986.5630000000001019, 1
2989.2289999999998145, 98.233309995095112299, 2986.568000000000211, 1, 2989.2289999999998145, 0, 2986.568000000000211, 0, 2989.2289999999998145, 0, 2986.568000000000211, 0, 2989.2289999999998145, 116.58910733369037871, 2986.568000000000211, 1
2989.2390000000000327, 83.767360171572377681, 2986.5740000000000691, 1, 2989.2390000000000327, 322.83739873348019955, 2986.5740000000000691, 0, 2989.2390000000000327, 286.13492526142675842, 2986.5740000000000691, 0, 2989.2390000000000327, 113.07643101877795289, 2986.5740000000000691, 1
2989.2600000000002183, 10.904442542077042333, 2986.5779999999999745, 1, 2989.2600000000002183, 175.34468651527208749, 2986.5779999999999745, 0, 2989.2600000000002183, 162.35312706485785839, 2986.5779999999999745, 0, 2989.2600000000002183, 29.364206017441915719, 2986.5779999999999745, 1
2989.2600000000002183, 0, 2986.5830000000000837, 1, 2989.2600000000002183, 39.22400917798117348, 2986.5830000000000837, 0, 2989.2600000000002183, 64.437865791918255809, 2986.5830000000000837, 0, 2989.2600000000002183, 32.784289315783375685, 2986.5830000000000837, 1
2989.2800000000002001, 0, 2986.5880000000001928, 1, 2989.2800000000002001, 13.646659031974447629, 2986.5880000000001928, 0, 2989.2800000000002001, 28.850694683416488573, 2986.5880000000001928, 0, 2989.2800000000002001, 40.548282524674512217, 2986.5880000000001928, 1
2989.2800000000002001, 0, 2986.5929999999998472, 1, 2989.2800000000002001, 24.640439691012815615, 2986.5929999999998472, 0, 2989.2800000000002001, 22.742962026637027151, 2986.5929999999998472, 0, 2989.2800000000002001, 45.195264632813284322, 2986.5929999999998472, 1
2989.2899999999999636, 48.309438408757628736, 2986.5979999999999563, 1, 2989.2899999999999636, 40.299997547302602641, 2986.5979999999999563, 0, 2989.2899999999999636, 23.093488622028267798, 2986.5979999999999563, 0, 2989.2899999999999636, 51.928098185197335113, 2986.5979999999999563, 1
2989.3000000000001819, 45.382896705598909648, 2986.6030000000000655, 1, 2989.3000000000001819, 48.927192689631255007, 2986.6030000000000655, 0, 2989.3000000000001819, 23.863318181315182898, 2986.6030000000000655, 0, 2989.3000000000001819, 53.187265983239342404, 2986.6030000000000655, 1
2989.3099999999999454, 54.058443283364802312, 2986.6080000000001746, 1, 2989.3099999999999454, 54.812698956745599332, 2986.6080000000001746, 0, 2989.3099999999999454, 25.935764952563047814, 2986.6080000000001746, 0, 2989.3099999999999454, 52.291591338451162585, 2986.6080000000001746, 1
2989.3200000000001637, 60.713608785460131401, 2986.612999999999829, 1, 2989.3200000000001637, 57.51299891799843067, 2986.612999999999829, 0, 2989.3200000000001637, 27.661280818015470118, 2986.612999999999829, 0, 2989.3200000000001637, 52.460433693608734984, 2986.612999999999829, 1
2989.3299999999999272, 35.060700765626513942, 2986.6179999999999382, 1, 2989.3299999999999272, 56.423160684328522052, 2986.6179999999999382, 0, 2989.3299999999999272, 45.332551442090405658, 2986.6179999999999382, 0, 2989.3299999999999272, 33.261570727029138084, 2986.6179999999999382, 1
2989.3499999999999091, 0, 2986.6230000000000473, 1, 2989.3499999999999091, 79.714366075817366664, 2986.6230000000000473, 0, 2989.3499999999999091, 71.25141519133795498, 2986.6230000000000473, 0, 2989.3499999999999091, 0, 2986.6230000000000473, 1
2989.3499999999999091, 0, 2986.6280000000001564, 1, 2989.3499999999999091, 103.22917495063015281, 2986.6280000000001564, 0, 2989.3499999999999091, 78.710265696254751333, 2986.6280000000001564, 0, 2989.3499999999999091, 0, 2986.6280000000001564, 1
2989.3699999999998909, 0, 2986.6329999999998108, 1, 2989.3699999999998909, 118.21683571099657684, 2986.6329999999998108, 1, 2989.3699999999998909, 75.57944253343919172, 2986.6329999999998108, 1, 2989.3699999999998909, 0, 2986.6329999999998108, 1
2989.3699999999998909, 0, 2986.637000000000171, 1, 2989.3699999999998909, 124.69593076707283785, 2986.637000000000171, 1, 2989.3699999999998909, 71.788713465680359604, 2986.637000000000171, 1, 2989.3699999999998909, 0, 2986.637000000000171, 1
2989.3800000000001091, 0, 2986.6430000000000291, 1, 2989.3800000000001091, 127.62926833133542459, 2986.6430000000000291, 1, 2989.3800000000001091, 69.415326357585371397, 2986.6430000000000291, 1, 2989.3800000000001091, 0, 2986.6430000000000291, 1
2989.4000000000000909, 0, 2986.6480000000001382, 1, 2989.4000000000000909, 130.17304810232852219, 2986.6480000000001382, 1, 2989.4000000000000909, 67.771777878679216656, 2986.6480000000001382, 1, 2989.4000000000000909, 0, 2986.6480000000001382, 1
2989.4099999999998545, 0, 2986.6529999999997926, 1, 2989.4099999999998545, 128.94670576860605138, 2986.6529999999997926, 1, 2989.4099999999998545, 69.802085379340525151, 2986.6529999999997926, 1, 2989.4099999999998545, 0, 2986.6529999999997926, 1
2989.4200000000000728, 0, 2986.6570000000001528, 1, 2989.4200000000000728, 127.05822465597299242, 2986.6570000000001528, 1, 2989.4200000000000728, 72.357363853777826534, 2986.6570000000001528, 1, 2989.4200000000000728, 0, 2986.6570000000001528, 1
2989.4290000000000873, 0, 2986.6640000000002146, 1, 2989.4290000000000873, 125.22125476085540186, 2986.6640000000002146, 1, 2989.4290000000000873, 75.742720650487996181, 2986.6640000000002146, 1, 2989.4290000000000873, 0, 2986.6640000000002146, 1
2989.4290000000000873, 0, 2986.6700000000000728, 1, 2989.4290000000000873, 122.17605826557939963, 2986.6700000000000728, 1, 2989.4290000000000873, 80.884531228717804652, 2986.6700000000000728, 1, 2989.4290000000000873, 0, 2986.6700000000000728, 1
2989.4499999999998181, 0, 2986.6720000000000255, 1, 2989.4499999999998181, 119.31736854504288203, 2986.6720000000000255, 1, 2989.4499999999998181, 84.996939990240463203, 2986.6720000000000255, 1, 2989.4499999999998181, 0, 2986.6720000000000255, 1
2989.4600000000000364, 0, 2986.6779999999998836, 1, 2989.4600000000000364, 117.49923763347049999, 2986.6779999999998836, 1, 2989.4600000000000364, 91.124535387672764841, 2986.6779999999998836, 1, 2989.4600000000000364, 0, 2986.6779999999998836, 1
2989.4690000000000509, 0, 2986.6829999999999927, 1, 2989.4690000000000509, 114.61302488551525869, 2986.6829999999999927, 1, 2989.4690000000000509, 89.767159939933577562, 2986.6829999999999927, 1, 2989.4690000000000509, 0, 2986.6829999999999927, 1
2989.4699999999997999, 0, 2986.6869999999998981, 1, 2989.4699999999997999, 112.8295034152369567, 2986.6869999999998981, 1, 2989.4699999999997999, 94.040535223624431183, 2986.6869999999998981, 1, 2989.4699999999997999, 0, 2986.6869999999998981, 1
2989.4800000000000182, 0, 2986.6920000000000073, 1, 2989.4800000000000182, 110.40560124241386575, 2986.6920000000000073, 1, 2989.4800000000000182, 96.183571950158523123, 2986.6920000000000073, 1, 2989.4800000000000182, 0, 2986.6920000000000073, 1
2989.5, 0, 2986.6979999999998654, 1, 2989.5, 109.07711436500733271, 2986.6979999999998654, 1, 2989.5, 98.458327961108068394, 2986.6979999999998654, 1, 2989.5, 0, 2986.6979999999998654, 1
2989.5100000000002183, 0, 2986.7029999999999745, 1, 2989.5100000000002183, 106.32369202747528902, 2986.7029999999999745, 1, 2989.5100000000002183, 96.412259098609354169, 2986.7029999999999745, 1, 2989.5100000000002183, 0, 2986.7029999999999745, 1
2989.5189999999997781, 0, 2986.7089999999998327, 0, 2989.5189999999997781, 105.04420628000626436, 2986.7089999999998327, 1, 2989.5189999999997781, 103.18620126527332559, 2986.7089999999998327, 1, 2989.5189999999997781, 0, 2986.7089999999998327, 0
2989.5199999999999818, 0, 2986.7139999999999418, 0, 2989.5199999999999818, 102.90028324941602023, 2986.7139999999999418, 1, 2989.5199999999999818, 106.51100191719304178, 2986.7139999999999418, 1, 2989.5199999999999818, 0, 2986.7139999999999418, 0
2989.5309999999999491, 0, 2986.7179999999998472, 0, 2989.5309999999999491, 100.1638591759693071, 2986.7179999999998472, 1, 2989.5309999999999491, 110.32606562560502539, 2986.7179999999998472, 1, 2989.5309999999999491, 0, 2986.7179999999998472, 0
2989.5399999999999636, 0, 2986.7240000000001601, 0, 2989.5399999999999636, 98.368497960706562822, 2986.7240000000001601, 1, 2989.5399999999999636, 112.78903487162889974, 2986.7240000000001601, 1, 2989.5399999999999636, 0, 2986.7240000000001601, 0
2989.5489999999999782, 307.68203934492066765, 2986.7280000000000655, 0, 2989.5489999999999782, 81.35696348955318058, 2986.7280000000000655, 1, 2989.5489999999999782, 110.14077132827387118, 2986.7280000000000655, 1, 2989.5489999999999782, 0, 2986.7280000000000655, 0
2989.5599999999999454, 298.60317583861075263, 2986.7330000000001746, 0, 2989.5599999999999454, 19.191584945664779127, 2986.7330000000001746, 1, 2989.5599999999999454, 120.93299789884048323, 2986.7330000000001746, 1, 2989.5599999999999454, 0, 2986.7330000000001746, 0
2989.56899999999996, 234.47615237316387038, 2986.7390000000000327, 0, 2989.56899999999996, 0.01943239357321278199, 2986.7390000000000327, 1, 2989.56899999999996, 106.37588278114270679, 2986.7390000000000327, 1, 2989.56899999999996, 0, 2986.7390000000000327, 0
2989.5799999999999272, 56.834324141518393958, 2986.7429999999999382, 0, 2989.5799999999999272, 0, 2986.7429999999999382, 1, 2989.5799999999999272, 60.273740076415727174, 2986.7429999999999382, 1, 2989.5799999999999272, 97.384694900688643315, 2986.7429999999999382, 0
2989.5900000000001455, 22.031000572198145449, 2986.7480000000000473, 0, 2989.5900000000001455, 0, 2986.7480000000000473, 1, 2989.5900000000001455, 32.573568991792434701, 2986.7480000000000473, 1, 2989.5900000000001455, 41.224683149385214165, 2986.7480000000000473, 0
2989.5999999999999091, 20.186479517282513996, 2986.7539999999999054, 0, 2989.5999999999999091, 0, 2986.7539999999999054, 1, 2989.5999999999999091, 31.524434364807547126, 2986.7539999999999054, 1, 2989.5999999999999091, 25.598147583935229932, 2986.7539999999999054, 0
2989.6100000000001273, 33.095665045373721114, 2986.7590000000000146, 0, 2989.6100000000001273, 0, 2986.7590000000000146, 1, 2989.6100000000001273, 34.385079849761844173, 2986.7590000000000146, 1, 2989.6100000000001273, 24.884959925764974287, 2986.7590000000000146, 0
2989.6199999999998909, 58.371731891229266864, 2986.7640000000001237, 0, 2989.6199999999998909, 51.340287093969529053, 2986.7640000000001237, 1, 2989.6199999999998909, 37.497806524210652412, 2986.7640000000001237, 1, 2989.6199999999998909, 27.834358797631875149, 2986.7640000000001237, 0
2989.6300000000001091, 74.525398463734177312, 2986.7689999999997781, 0, 2989.6300000000001091, 43.843662231746613145, 2986.7689999999997781, 1, 2989.6300000000001091, 39.854490232888032608, 2986.7689999999997781, 1, 2989.6300000000001091, 20.705240197122414259, 2986.7689999999997781, 0
2989.6399999999998727, 77.821781770164619729, 2986.7730000000001382, 0, 2989.6399999999998727, 51.909378283089672834, 2986.7730000000001382, 1, 2989.6399999999998727, 41.132347995135219776, 2986.7730000000001382, 1, 2989.6399999999998727, 20.22626400417264847, 2986.7730000000001382, 0
2989.6599999999998545, 41.298703254731833567, 2986.7789999999999964, 0, 2989.6599999999998545, 104.33113972144920467, 2986.7789999999999964, 1, 2989.6599999999998545, 133.03062567663826599, 2986.7789999999999964, 1, 2989.6599999999998545, 45.186146708763416768, 2986.7789999999999964, 0
2989.6599999999998545, 48.240156181955754278, 2986.7829999999999018, 0, 2989.6599999999998545, 0, 2986.7829999999999018, 1, 2989.6599999999998545, 0, 2986.7829999999999018, 1, 2989.6599999999998545, 47.882265658322765489, 2986.7829999999999018, 0
2989.6700000000000728, 80.777735241985709536, 2986.7890000000002146, 0, 2989.6700000000000728, 0, 2986.7890000000002146, 1, 2989.6700000000000728, 0, 2986.7890000000002146, 1, 2989.6700000000000728, 58.919040844891974018, 2986.7890000000002146, 0
2989.68100000000004, 98.637604321773636684, 2986.7930000000001201, 0, 2989.68100000000004, 0, 2986.7930000000001201, 1, 2989.68100000000004, 0, 2986.7930000000001201, 1, 2989.68100000000004, 70.491258724492254828, 2986.7930000000001201, 0
2989.6900000000000546, 110.88487270953463337, 2986.8000000000001819, 0, 2989.6900000000000546, 0, 2986.8000000000001819, 1, 2989.6900000000000546, 0, 2986.8000000000001819, 1, 2989.6900000000000546, 73.995008902723995448, 2986.8000000000001819, 0
2989.7010000000000218, 116.46880237441320105, 2986.8029999999998836, 0, 2989.7010000000000218, 0, 2986.8029999999998836, 1, 2989.7010000000000218, 0, 2986.8029999999998836, 1, 2989.7010000000000218, 74.891286022669277145, 2986.8029999999998836, 0
2989.7109999999997854, 119.25233563553248928, 2986.8090000000001965, 0, 2989.7109999999997854, 0, 2986.8090000000001965, 1, 2989.7109999999997854, 0, 2986.8090000000001965, 1, 2989.7109999999997854, 76.15567397037999342, 2986.8090000000001965, 0
2989.7310000000002219, 121.26858049160568953, 2986.8130000000001019, 0, 2989.7310000000002219, 0, 2986.8130000000001019, 1, 2989.7310000000002219, 0, 2986.8130000000001019, 1, 2989.7310000000002219, 75.01336212471457543, 2986.8130000000001019, 0
2989.7310000000002219, 120.17792247062973843, 2986.818000000000211, 0, 2989.7310000000002219, 0, 2986.818000000000211, 1, 2989.7310000000002219, 0, 2986.818000000000211, 1, 2989.7310000000002219, 78.246161159500772442, 2986.818000000000211, 0
2989.7409999999999854, 118.45074817840085757, 2986.8229999999998654, 0, 2989.7409999999999854, 0, 2986.8229999999998654, 1, 2989.7409999999999854, 0, 2986.8229999999998654, 1, 2989.7409999999999854, 82.878308289958908972, 2986.8229999999998654, 0
2989.7519999999999527, 116.38404780599154265, 2986.8279999999999745, 0, 2989.7519999999999527, 0, 2986.8279999999999745, 1, 2989.7519999999999527, 0, 2986.8279999999999745, 1, 2989.7519999999999527, 88.051049928759084651, 2986.8279999999999745, 0
2989.7609999999999673, 114.14445414656684363, 2986.8339999999998327, 0, 2989.7609999999999673, 0, 2986.8339999999998327, 1, 2989.7609999999999673, 0, 2986.8339999999998327, 1, 2989.7609999999999673, 90.112106977202998337, 2986.8339999999998327, 0
2989.7710000000001855, 113.75363209995941816, 2986.8389999999999418, 0, 2989.7710000000001855, 0, 2986.8389999999999418, 1, 2989.7710000000001855, 0, 2986.8389999999999418, 1, 2989.7710000000001855, 95.992159941598572459, 2986.8389999999999418, 0
2989.7809999999999491, 111.14384456546321189, 2986.8429999999998472, 0, 2989.7809999999999491, 0, 2986.8429999999998472, 1, 2989.7809999999999491, 0, 2986.8429999999998472, 1, 2989.7809999999999491, 94.088031092459488036, 2986.8429999999998472, 0
2989.7910000000001673, 109.44397787319431359, 2986.8490000000001601, 0, 2989.7910000000001673, 0, 2986.8490000000001601, 1, 2989.7910000000001673, 0, 2986.8490000000001601, 1, 2989.7910000000001673, 99.452934759244811858, 2986.8490000000001601, 0
2989.8009999999999309, 108.37129313565185385, 2986.8530000000000655, 0, 2989.8009999999999309, 0, 2986.8530000000000655, 1, 2989.8009999999999309, 0, 2986.8530000000000655, 1, 2989.8009999999999309, 102.5912712558574782, 2986.8530000000000655, 0
2989.8110000000001492, 107.36786096660023304, 2986.8589999999999236, 0, 2989.8110000000001492, 0, 2986.8589999999999236, 1, 2989.8110000000001492, 0, 2986.8589999999999236, 1, 2989.8110000000001492, 103.94189972541576594, 2986.8589999999999236, 0
2989.8209999999999127, 106.27422276221261654, 2986.862999999999829, 0, 2989.8209999999999127, 0, 2986.862999999999829, 1, 2989.8209999999999127, 0, 2986.862999999999829, 1, 2989.8209999999999127, 105.64150184068364524, 2986.862999999999829, 0
2989.831000000000131, 104.97061187717135056, 2986.8679999999999382, 0, 2989.831000000000131, 0, 2986.8679999999999382, 1, 2989.831000000000131, 0, 2986.8679999999999382, 1, 2989.831000000000131, 108.18761670753589499, 2986.8679999999999382, 0
2989.8409999999998945, 102.10081524215698323, 2986.8730000000000473, 0, 2989.8409999999998945, 0, 2986.8730000000000473, 1, 2989.8409999999998945, 0, 2986.8730000000000473, 1, 2989.8409999999998945, 106.2270973920217898, 2986.8730000000000473, 0
2989.8510000000001128, 100.53780224681089805, 2986.8780000000001564, 0, 2989.8510000000001128, 0, 2986.8780000000001564, 1, 2989.8510000000001128, 0, 2986.8780000000001564, 1, 2989.8510000000001128, 111.49468777488348792, 2986.8780000000001564, 0
2989.8659999999999854, 99.232983426642661584, 2986.8840000000000146, 0, 2989.8659999999999854, 0, 2986.8840000000000146, 1, 2989.8659999999999854, 0, 2986.8840000000000146, 1, 2989.8659999999999854, 113.55666020826340912, 2986.8840000000000146, 0
2989.8710000000000946, 98.939326546865856926, 2986.88799999999992, 0, 2989.8710000000000946, 0, 2986.88799999999992, 1, 2989.8710000000000946, 0, 2986.88799999999992, 1, 2989.8710000000000946, 111.15140628748100937, 2986.88799999999992, 0
2989.8809999999998581, 96.626644273887606573, 2986.8939999999997781, 0, 2989.8809999999998581, 341.14049951555620055, 2986.8939999999997781, 1, 2989.8809999999998581, 0, 2986.8939999999997781, 1, 2989.8809999999998581, 114.9019573339002136, 2986.8939999999997781, 0
2989.8910000000000764, 51.725860015727093355, 2986.8980000000001382, 0, 2989.8910000000000764, 295.85249293150832273, 2986.8980000000001382, 1, 2989.8910000000000764, 200.39670758720330923, 2986.8980000000001382, 1, 2989.8910000000000764, 119.2765168546039547, 2986.8980000000001382, 0
2989.9020000000000437, 5.2817247604043657816, 2986.9029999999997926, 0, 2989.9020000000000437, 119.24254272778338759, 2986.9029999999997926, 1, 2989.9020000000000437, 166.33886893643989424, 2986.9029999999997926, 1, 2989.9020000000000437, 54.767262921638533157, 2986.9029999999997926, 0
2989.9110000000000582, 0, 2986.9079999999999018, 0, 2989.9110000000000582, 31.203250811731798819, 2986.9079999999999018, 1, 2989.9110000000000582, 55.27670139646897951, 2986.9079999999999018, 1, 2989.9110000000000582, 28.914948009540502483, 2986.9079999999999018, 0
2989.93100000000004, 0, 2986.9130000000000109, 0, 2989.93100000000004, 14.053612174868558071, 2986.9130000000000109, 1, 2989.93100000000004, 26.94037858513096495, 2986.9130000000000109, 1, 2989.93100000000004, 35.680591463375499472, 2986.9130000000000109, 0
2989.9409999999998035, 0, 2986.9180000000001201, 0, 2989.9409999999998035, 27.18853803410502934, 2986.9180000000001201, 1, 2989.9409999999998035, 21.944406543147785271, 2986.9180000000001201, 1, 2989.9409999999998035, 42.596222382322693534, 2986.9180000000001201, 0
2989.9409999999998035, 52.058881131466684167, 2986.9229999999997744, 0, 2989.9409999999998035, 46.037827672495978959, 2986.9229999999997744, 1, 2989.9409999999998035, 23.964306869180372672, 2986.9229999999997744, 1, 2989.9409999999998035, 47.009187543749703764, 2986.9229999999997744, 0
2989.9510000000000218, 51.028922718205137699, 2986.9279999999998836, 0, 2989.9510000000000218, 52.117883709423175276, 2986.9279999999998836, 1, 2989.9510000000000218, 24.137921510921824364, 2986.9279999999998836, 1, 2989.9510000000000218, 53.107162039775793971, 2986.9279999999998836, 0
2989.9609999999997854, 56.085685751253294029, 2986.9329999999999927, 0, 2989.9609999999997854, 56.294755787244056933, 2986.9329999999999927, 1, 2989.9609999999997854, 25.759862411701945462, 2986.9329999999999927, 1, 2989.9609999999997854, 51.416689143523335304, 2986.9329999999999927, 0
2989.9810000000002219, 54.503900830729179461, 2986.9380000000001019, 0, 2989.9810000000002219, 60.002278821299697142, 2986.9380000000001019, 1, 2989.9810000000002219, 26.890555731076506873, 2986.9380000000001019, 1, 2989.9810000000002219, 42.398821953567463083, 2986.9380000000001019, 0
2989.9810000000002219, 39.320725606291631493, 2986.943000000000211, 0, 2989.9810000000002219, 61.731847808222177321, 2986.943000000000211, 1, 2989.9810000000002219, 49.173668120432253659, 2986.943000000000211, 1, 2989.9810000000002219, 34.975102847323398692, 2986.943000000000211, 0
2989.9909999999999854, 0, 2986.9490000000000691, 0, 2989.9909999999999854, 82.619687967155343244, 2986.9490000000000691, 1, 2989.9909999999999854, 69.83598749695637764, 2986.9490000000000691, 1, 2989.9909999999999854, 0, 2986.9490000000000691, 0
2990.0010000000002037, 0, 2986.9529999999999745, 0, 2990.0010000000002037, 103.99700462696318937, 2986.9529999999999745, 1, 2990.0010000000002037, 80.585603846404467276, 2986.9529999999999745, 1, 2990.0010000000002037, 0, 2986.9529999999999745, 0
2990.0109999999999673, 0, 2986.9580000000000837, 0, 2990.0109999999999673, 119.04720032090817483, 2986.9580000000000837, 1, 2990.0109999999999673, 77.529996623842066583, 2986.9580000000000837, 1, 2990.0109999999999673, 0, 2986.9580000000000837, 0
2990.0210000000001855, 0, 2986.9630000000001928, 1, 2990.0210000000001855, 124.90655105500985655, 2986.9630000000001928, 1, 2990.0210000000001855, 72.523117287071130477, 2986.9630000000001928, 1, 2990.0210000000001855, 0, 2986.9630000000001928, 1
2990.0300000000002001, 0, 2986.9679999999998472, 1, 2990.0300000000002001, 127.73307050582525335, 2986.9679999999998472, 1, 2990.0300000000002001, 70.725340303231433836, 2986.9679999999998472, 1, 2990.0300000000002001, 0, 2986.9679999999998472, 1
2990.0509999999999309, 0, 2986.9729999999999563, 1, 2990.0509999999999309, 128.60260369064093311, 2986.9729999999999563, 1, 2990.0509999999999309, 69.124091068732965937, 2986.9729999999999563, 1, 2990.0509999999999309, 0, 2986.9729999999999563, 1
2990.0610000000001492, 0, 2986.9789999999998145, 1, 2990.0610000000001492, 127.19117881677026105, 2986.9789999999998145, 1, 2990.0610000000001492, 71.629356359482329708, 2986.9789999999998145, 1, 2990.0610000000001492, 0, 2986.9789999999998145, 1
2990.0709999999999127, 0, 2986.9830000000001746, 1, 2990.0709999999999127, 125.44453532021728392, 2986.9830000000001746, 1, 2990.0709999999999127, 74.41400465538509934, 2986.9830000000001746, 1, 2990.0709999999999127, 0, 2986.9830000000001746, 1
2990.081000000000131, 0, 2986.987999999999829, 1, 2990.081000000000131, 123.13961767265374192, 2986.987999999999829, 1, 2990.081000000000131, 78.505278557180830035, 2986.987999999999829, 1, 2990.081000000000131, 0, 2986.987999999999829, 1
2990.081000000000131, 0, 2986.9929999999999382, 1, 2990.081000000000131, 120.45295025733088323, 2986.9929999999999382, 1, 2990.081000000000131, 82.810213700186238839, 2986.9929999999999382, 1, 2990.081000000000131, 0, 2986.9929999999999382, 1
2990.0909999999998945, 0, 2986.9989999999997963, 1, 2990.0909999999998945, 117.74329532999300341, 2986.9989999999997963, 1, 2990.0909999999998945, 87.847536411985160498, 2986.9989999999997963, 1, 2990.0909999999998945, 0, 2986.9989999999997963, 1
2990.1010000000001128, 0, 2987.0030000000001564, 1, 2990.1010000000001128, 115.29179508937644982, 2987.0030000000001564, 1, 2990.1010000000001128, 91.927278991100848771, 2987.0030000000001564, 1, 2990.1010000000001128, 0, 2987.0030000000001564, 1
2990.1210000000000946, 0, 2987.0079999999998108, 1, 2990.1210000000000946, 113.25223415463827337, 2987.0079999999998108, 1, 2990.1210000000000946, 94.502356070090925755, 2987.0079999999998108, 1, 2990.1210000000000946, 0, 2987.0079999999998108, 1
2990.1210000000000946, 0, 2987.01299999999992, 1, 2990.1210000000000946, 111.2207952859520077, 2987.01299999999992, 1, 2990.1210000000000946, 96.816032047462471155, 2987.01299999999992, 1, 2990.1210000000000946, 0, 2987.01299999999992, 1
2990.1410000000000764, 0, 2987.0189999999997781, 1, 2990.1410000000000764, 109.34612483023289542, 2987.0189999999997781, 1, 2990.1410000000000764, 97.719762069021840034, 2987.0189999999997781, 1, 2990.1410000000000764, 0, 2987.0189999999997781, 1
2990.1410000000000764, 0, 2987.0230000000001382, 1, 2990.1410000000000764, 107.53307519932823766, 2987.0230000000001382, 1, 2990.1410000000000764, 99.920640247684289648, 2987.0230000000001382, 1, 2990.1410000000000764, 0, 2987.0230000000001382, 1
2990.1610000000000582, 0, 2987.0289999999999964, 1, 2990.1610000000000582, 105.81615941079056142, 2987.0289999999999964, 1, 2990.1610000000000582, 102.25142940395497249, 2987.0289999999999964, 1, 2990.1610000000000582, 0, 2987.0289999999999964, 1
2990.1709999999998217, 0, 2987.0329999999999018, 1, 2990.1709999999998217, 103.62562301150808253, 2987.0329999999999018, 1, 2990.1709999999998217, 104.59591455992291742, 2987.0329999999999018, 1, 2990.1709999999998217, 0, 2987.0329999999999018, 1
2990.1709999999998217, 0, 2987.043999999999869, 1, 2990.1709999999998217, 101.58721490317918779, 2987.043999999999869, 0, 2990.1709999999998217, 108.36947509576930315, 2987.043999999999869, 0, 2990.1709999999998217, 0, 2987.043999999999869, 1
2990.1909999999998035, 0, 2987.043999999999869, 1, 2990.1909999999998035, 99.426533596468431142, 2987.043999999999869, 0, 2990.1909999999998035, 111.59483491535085875, 2987.043999999999869, 0, 2990.1909999999998035, 0, 2987.043999999999869, 1
2990.2010000000000218, 0, 2987.0479999999997744, 1, 2990.2010000000000218, 97.329669890437614299, 2987.0479999999997744, 0, 2990.2010000000000218, 113.53305351895042463, 2987.0479999999997744, 0, 2990.2010000000000218, 0, 2987.0479999999997744, 1
2990.2029999999999745, 307.0345278829663016, 2987.0529999999998836, 1, 2990.2029999999999745, 74.982363545819538331, 2987.0529999999998836, 0, 2990.2029999999999745, 113.83250926146779136, 2987.0529999999998836, 0, 2990.2029999999999745, 0, 2987.0529999999998836, 1
2990.2109999999997854, 306.6407153147011968, 2987.0579999999999927, 1, 2990.2109999999997854, 17.54934114604522577, 2987.0579999999999927, 0, 2990.2109999999997854, 121.33165152057634373, 2987.0579999999999927, 0, 2990.2109999999997854, 0, 2987.0579999999999927, 1
2990.2319999999999709, 175.38119315347435645, 2987.0639999999998508, 1, 2990.2319999999999709, 0, 2987.0639999999998508, 0, 2990.2319999999999709, 95.31188339420576483, 2987.0639999999998508, 0, 2990.2319999999999709, 0, 2987.0639999999998508, 1
2990.2319999999999709, 38.248484913990544953, 2987.068000000000211, 1, 2990.2319999999999709, 0, 2987.068000000000211, 0, 2990.2319999999999709, 55.185480755024258315, 2987.068000000000211, 0, 2990.2319999999999709, 108.86316168262995063, 2987.068000000000211, 1
2990.2409999999999854, 24.955840687364577946, 2987.0740000000000691, 1, 2990.2409999999999854, 0, 2987.0740000000000691, 0, 2990.2409999999999854, 26.184565519768213449, 2987.0740000000000691, 0, 2990.2409999999999854, 41.914724015707236049, 2987.0740000000000691, 1
2990.2510000000002037, 21.49995245483954065, 2987.0779999999999745, 1, 2990.2510000000002037, 0, 2987.0779999999999745, 0, 2990.2510000000002037, 30.254399788151385309, 2987.0779999999999745, 0, 2990.2510000000002037, 24.032848463615067658, 2987.0779999999999745, 1
2990.2609999999999673, 38.888336759824397859, 2987.0830000000000837, 1, 2990.2609999999999673, 0, 2987.0830000000000837, 0, 2990.2609999999999673, 33.510568805915497137, 2987.0830000000000837, 0, 2990.2609999999999673, 23.463134633404909124, 2987.0830000000000837, 1
2990.2699999999999818, 63.180673320114237868, 2987.0880000000001928, 1, 2990.2699999999999818, 52.309601590274255045, 2987.0880000000001928, 0, 2990.2699999999999818, 37.851713042880042792, 2987.0880000000001928, 0, 2990.2699999999999818, 26.907108851442291808, 2987.0880000000001928, 1
2990.2809999999999491, 74.735940029610304691, 2987.0929999999998472, 1, 2990.2809999999999491, 47.135031111742108578, 2987.0929999999998472, 0, 2990.2809999999999491, 39.926915418447322281, 2987.0929999999998472, 0, 2990.2809999999999491, 20.056546847942207989, 2987.0929999999998472, 1
2990.2910000000001673, 77.374079115153534758, 2987.0979999999999563, 1, 2990.2910000000001673, 53.760358141548529431, 2987.0979999999999563, 0, 2990.2910000000001673, 41.239148094123997623, 2987.0979999999999563, 0, 2990.2910000000001673, 19.869272461296361598, 2987.0979999999999563, 1
2990.3110000000001492, 60.086872648368654382, 2987.1030000000000655, 1, 2990.3110000000001492, 111.64088068089625949, 2987.1030000000000655, 0, 2990.3110000000001492, 128.1575534376253529, 2987.1030000000000655, 0, 2990.3110000000001492, 42.914191726511020875, 2987.1030000000000655, 1
2990.3110000000001492, 41.354748608894496442, 2987.1080000000001746, 1, 2990.3110000000001492, 1.1482162617657956094, 2987.1080000000001746, 0, 2990.3110000000001492, 46.534501837621760956, 2987.1080000000001746, 0, 2990.3110000000001492, 52.724019836259557792, 2987.1080000000001746, 1
2990.3220000000001164, 76.3939829409756328, 2987.112999999999829, 1, 2990.3220000000001164, 0, 2987.112999999999829, 0, 2990.3220000000001164, 0, 2987.112999999999829, 0, 2990.3220000000001164, 59.295786027736397727, 2987.112999999999829, 1
2990.3400000000001455, 98.905212503284175796, 2987.1190000000001419, 1, 2990.3400000000001455, 0, 2987.1190000000001419, 0, 2990.3400000000001455, 0, 2987.1190000000001419, 0, 2990.3400000000001455, 65.897308865022210966, 2987.1190000000001419, 1
2990.3409999999998945, 108.08909322023515642, 2987.1230000000000473, 1, 2990.3409999999998945, 0, 2987.1230000000000473, 0, 2990.3409999999998945, 0, 2987.1230000000000473, 0, 2990.3409999999998945, 73.140837445443764864, 2987.1230000000000473, 1
2990.3499999999999091, 115.71362557470578736, 2987.1289999999999054, 1, 2990.3499999999999091, 0, 2987.1289999999999054, 0, 2990.3499999999999091, 0, 2987.1289999999999054, 0, 2990.3499999999999091, 74.122997794599257304, 2987.1289999999999054, 1
2990.3600000000001273, 117.57888447046300939, 2987.1329999999998108, 1, 2990.3600000000001273, 0, 2987.1329999999998108, 0, 2990.3600000000001273, 0, 2987.1329999999998108, 0, 2990.3600000000001273, 76.711902651796421537, 2987.1329999999998108, 1
2990.3699999999998909, 118.79453531689864576, 2987.13799999999992, 1, 2990.3699999999998909, 0, 2987.13799999999992, 0, 2990.3699999999998909, 0, 2987.13799999999992, 0, 2990.3699999999998909, 79.083165667110861818, 2987.13799999999992, 1
2990.3809999999998581, 119.43531668269892521, 2987.1430000000000291, 1, 2990.3809999999998581, 0, 2987.1430000000000291, 0, 2990.3809999999998581, 0, 2987.1430000000000291, 0, 2990.3809999999998581, 79.074413840408396936, 2987.1430000000000291, 1
2990.3910000000000764, 116.42279123083861236, 2987.1460000000001855, 1, 2990.3910000000000764, 0, 2987.1460000000001855, 0, 2990.3910000000000764, 0, 2987.1460000000001855, 0, 2990.3910000000000764, 83.994965142565717997, 2987.1460000000001855, 1
2990.4110000000000582, 115.58835415896515997, 2987.1509999999998399, 1, 2990.4110000000000582, 0, 2987.1509999999998399, 0, 2990.4110000000000582, 0, 2987.1509999999998399, 0, 2990.4110000000000582, 89.706551000141331542, 2987.1509999999998399, 1
2990.4110000000000582, 114.00668383169509923, 2987.1579999999999018, 1, 2990.4110000000000582, 0, 2987.1579999999999018, 0, 2990.4110000000000582, 0, 2987.1579999999999018, 0, 2990.4110000000000582, 93.386611441861958838, 2987.1579999999999018, 1
2990.4209999999998217, 111.63031395115059752, 2987.1630000000000109, 1, 2990.4209999999998217, 0, 2987.1630000000000109, 0, 2990.4209999999998217, 0, 2987.1630000000000109, 0, 2990.4209999999998217, 94.498268614513818875, 2987.1630000000000109, 1
2990.43100000000004, 109.58945083424744382, 2987.1680000000001201, 1, 2990.43100000000004, 0, 2987.1680000000001201, 0, 2990.43100000000004, 0, 2987.1680000000001201, 0, 2990.43100000000004, 99.018212384693015338, 2987.1680000000001201, 1
2990.4409999999998035, 108.66439524235977387, 2987.1729999999997744, 1, 2990.4409999999998035, 0, 2987.1729999999997744, 0, 2990.4409999999998035, 0, 2987.1729999999997744, 0, 2990.4409999999998035, 98.801656743592275234, 2987.1729999999997744, 1
2990.4609999999997854, 107.34123156881426553, 2987.1779999999998836, 1, 2990.4609999999997854, 0, 2987.1779999999998836, 0, 2990.4609999999997854, 0, 2987.1779999999998836, 0, 2990.4609999999997854, 101.66403434844721687, 2987.1779999999998836, 1
2990.4619999999999891, 106.4502564012482253, 2987.1829999999999927, 1, 2990.4619999999999891, 0, 2987.1829999999999927, 0, 2990.4619999999999891, 0, 2987.1829999999999927, 0, 2990.4619999999999891, 103.30358519013871899, 2987.1829999999999927, 1
2990.4710000000000036, 105.56648040062448501, 2987.1880000000001019, 1, 2990.4710000000000036, 0, 2987.1880000000001019, 0, 2990.4710000000000036, 0, 2987.1880000000001019, 0, 2990.4710000000000036, 105.04211648645882349, 2987.1880000000001019, 1
2990.4810000000002219, 104.35592812711023214, 2987.193000000000211, 1, 2990.4810000000002219, 0, 2987.193000000000211, 0, 2990.4810000000002219, 0, 2987.193000000000211, 0, 2990.4810000000002219, 108.52237826751813543, 2987.193000000000211, 1
2990.4909999999999854, 103.34103975732223546, 2987.1979999999998654, 1, 2990.4909999999999854, 0, 2987.1979999999998654, 0, 2990.4909999999999854, 0, 2987.1979999999998654, 0, 2990.4909999999999854, 111.47379028171523885, 2987.1979999999998654, 1
2990.5030000000001564, 101.60268876524573045, 2987.2069999999998799, 1, 2990.5030000000001564, 0, 2987.2069999999998799, 0, 2990.5030000000001564, 0, 2987.2069999999998799, 0, 2990.5030000000001564, 114.55820534845634029, 2987.2069999999998799, 1
2990.5210000000001855, 98.46134952557387976, 2987.2069999999998799, 1, 2990.5210000000001855, 0, 2987.2069999999998799, 0, 2990.5210000000001855, 0, 2987.2069999999998799, 0, 2990.5210000000001855, 117.17243214289315745, 2987.2069999999998799, 1
2990.5320000000001528, 98.322644130959972131, 2987.2130000000001928, 1, 2990.5320000000001528, 302.3833894921619958, 2987.2130000000001928, 0, 2990.5320000000001528, 0, 2987.2130000000001928, 0, 2990.5320000000001528, 116.86524375688048849, 2987.2130000000001928, 1
2990.5419999999999163, 65.894902567191223852, 2987.2179999999998472, 1, 2990.5419999999999163, 298.78473249213152485, 2987.2179999999998472, 0, 2990.5419999999999163, 230.14009854670416644, 2987.2179999999998472, 0, 2990.5419999999999163, 117.0438608876846871, 2987.2179999999998472, 1
2990.5509999999999309, 5.6708750212965712834, 2987.2229999999999563, 1, 2990.5509999999999309, 145.49909935131174166, 2987.2229999999999563, 0, 2990.5509999999999309, 173.99276156677024119, 2987.2229999999999563, 0, 2990.5509999999999309, 50.589359561452361902, 2987.2229999999999563, 1
2990.5599999999999454, 0, 2987.2280000000000655, 1, 2990.5599999999999454, 43.275252005762517626, 2987.2280000000000655, 0, 2990.5599999999999454, 64.760357248483060744, 2987.2280000000000655, 0, 2990.5599999999999454, 28.166673571723123359, 2987.2280000000000655, 1
2990.5709999999999127, 0, 2987.2330000000001746, 1, 2990.5709999999999127, 16.792962531076241817, 2987.2330000000001746, 0, 2990.5709999999999127, 27.176818969779532154, 2987.2330000000001746, 0, 2990.5709999999999127, 37.09883005787425958, 2987.2330000000001746, 1
2990.5909999999998945, 0, 2987.23700000000008, 1, 2990.5909999999998945, 26.467328695640688352, 2987.23700000000008, 0, 2990.5909999999998945, 19.61642250602199411, 2987.23700000000008, 0, 2990.5909999999998945, 43.303663138533011079, 2987.23700000000008, 1
2990.5909999999998945, 51.269561002360966029, 2987.2429999999999382, 1, 2990.5909999999998945, 45.321102289578178102, 2987.2429999999999382, 0, 2990.5909999999998945, 22.036758433376842703, 2987.2429999999999382, 0, 2990.5909999999998945, 47.674718392867767136, 2987.2429999999999382, 1
2990.6019999999998618, 48.176282710870282244, 2987.2480000000000473, 1, 2990.6019999999998618, 52.81335885653470541, 2987.2480000000000473, 0, 2990.6019999999998618, 22.911966070976099275, 2987.2480000000000473, 0, 2990.6019999999998618, 54.618061201593512521, 2987.2480000000000473, 1
2990.6210000000000946, 52.812722569514157556, 2987.2530000000001564, 1, 2990.6210000000000946, 60.207240592874796903, 2987.2530000000001564, 0, 2990.6210000000000946, 25.618873659515855934, 2987.2530000000001564, 0, 2990.6210000000000946, 48.384521256186623361, 2987.2530000000001564, 1
2990.6219999999998436, 52.956366088364333677, 2987.2590000000000146, 1, 2990.6219999999998436, 60.678182940409001844, 2987.2590000000000146, 0, 2990.6219999999998436, 24.682061641236821004, 2987.2590000000000146, 0, 2990.6219999999998436, 41.381823449086951427, 2987.2590000000000146, 1
2990.6410000000000764, 45.70841963088881954, 2987.26299999999992, 1, 2990.6410000000000764, 62.429782050794770498, 2987.26299999999992, 0, 2990.6410000000000764, 46.787130520005248968, 2987.26299999999992, 0, 2990.6410000000000764, 40.717480119261104221, 2987.26299999999992, 1
2990.6410000000000764, 0, 2987.2680000000000291, 1, 2990.6410000000000764, 84.096979567589841054, 2987.2680000000000291, 0, 2990.6410000000000764, 71.245828436017561103, 2987.2680000000000291, 0, 2990.6410000000000764, 0, 2987.2680000000000291, 1
2990.6599999999998545, 0, 2987.2730000000001382, 1, 2990.6599999999998545, 104.82308376753425705, 2987.2730000000001382, 0, 2990.6599999999998545, 80.130259913555221374, 2987.2730000000001382, 0, 2990.6599999999998545, 0, 2987.2730000000001382, 1
2990.6619999999998072, 0, 2987.2800000000002001, 1, 2990.6619999999998072, 117.06183997778866512, 2987.2800000000002001, 0, 2990.6619999999998072, 77.981481900871500557, 2987.2800000000002001, 0, 2990.6619999999998072, 0, 2987.2800000000002001, 1
2990.68100000000004, 0, 2987.2829999999999018, 1, 2990.68100000000004, 125.53652224190338416, 2987.2829999999999018, 0, 2990.68100000000004, 73.55033583006866138, 2987.2829999999999018, 0, 2990.68100000000004, 0, 2987.2829999999999018, 1
2990.68100000000004, 0, 2987.2880000000000109, 1, 2990.68100000000004, 128.18881906791932579, 2987.2880000000000109, 1, 2990.68100000000004, 71.059875089959277261, 2987.2880000000000109, 1, 2990.68100000000004, 0, 2987.2880000000000109, 1
2990.6909999999998035, 0, 2987.2930000000001201, 1, 2990.6909999999998035, 128.84578386313907572, 2987.2930000000001201, 1, 2990.6909999999998035, 68.82440975290546703, 2987.2930000000001201, 1, 2990.6909999999998035, 0, 2987.2930000000001201, 1
2990.7109999999997854, 0, 2987.2989999999999782, 1, 2990.7109999999997854, 127.4011472671811589, 2987.2989999999999782, 1, 2990.7109999999997854, 71.442921443356325995, 2987.2989999999999782, 1, 2990.7109999999997854, 0, 2987.2989999999999782, 1
2990.7229999999999563, 0, 2987.3020000000001346, 1, 2990.7229999999999563, 125.62047525379063018, 2987.3020000000001346, 1, 2990.7229999999999563, 74.320461851554455279, 2987.3020000000001346, 1, 2990.7229999999999563, 0, 2987.3020000000001346, 1
2990.7310000000002219, 0, 2987.3079999999999927, 1, 2990.7310000000002219, 123.22225904575608979, 2987.3079999999999927, 1, 2990.7310000000002219, 77.91397768381304445, 2987.3079999999999927, 1, 2990.7310000000002219, 0, 2987.3079999999999927, 1
2990.7429999999999382, 0, 2987.3130000000001019, 1, 2990.7429999999999382, 120.8991037288201511, 2987.3130000000001019, 1, 2990.7429999999999382, 81.809783207818114192, 2987.3130000000001019, 1, 2990.7429999999999382, 0, 2987.3130000000001019, 1
2990.7429999999999382, 0, 2987.318000000000211, 1, 2990.7429999999999382, 118.09162338801969838, 2987.318000000000211, 1, 2990.7429999999999382, 86.571767033217881249, 2987.318000000000211, 1, 2990.7429999999999382, 0, 2987.318000000000211, 1
2990.7510000000002037, 0, 2987.3229999999998654, 1, 2990.7510000000002037, 115.6530057641846696, 2987.3229999999998654, 1, 2990.7510000000002037, 89.118007327037844334, 2987.3229999999998654, 1, 2990.7510000000002037, 0, 2987.3229999999998654, 1
2990.7710000000001855, 0, 2987.3279999999999745, 1, 2990.7710000000001855, 113.23168705527604061, 2987.3279999999999745, 1, 2990.7710000000001855, 92.547869603845441588, 2987.3279999999999745, 1, 2990.7710000000001855, 0, 2987.3279999999999745, 1
2990.7710000000001855, 0, 2987.3330000000000837, 1, 2990.7710000000001855, 111.28139262676231169, 2987.3330000000000837, 1, 2990.7710000000001855, 94.901427432567714959, 2987.3330000000000837, 1, 2990.7710000000001855, 0, 2987.3330000000000837, 1
2990.7910000000001673, 0, 2987.3380000000001928, 1, 2990.7910000000001673, 108.90255296107244476, 2987.3380000000001928, 1, 2990.7910000000001673, 98.028415107381562166, 2987.3380000000001928, 1, 2990.7910000000001673, 0, 2987.3380000000001928, 1
2990.8000000000001819, 0, 2987.3420000000000982, 1, 2990.8000000000001819, 107.80650728935376037, 2987.3420000000000982, 1, 2990.8000000000001819, 99.999024308616753842, 2987.3420000000000982, 1, 2990.8000000000001819, 0, 2987.3420000000000982, 1
2990.8009999999999309, 0, 2987.3479999999999563, 1, 2990.8009999999999309, 105.90415426416961964, 2987.3479999999999563, 1, 2990.8009999999999309, 101.63334296094095066, 2987.3479999999999563, 1, 2990.8009999999999309, 0, 2987.3479999999999563, 1
2990.8099999999999454, 0, 2987.3530000000000655, 1, 2990.8099999999999454, 103.67570573166270265, 2987.3530000000000655, 1, 2990.8099999999999454, 106.08517849687933676, 2987.3530000000000655, 1, 2990.8099999999999454, 0, 2987.3530000000000655, 1
2990.831000000000131, 0, 2987.3580000000001746, 1, 2990.831000000000131, 100.85397695789940542, 2987.3580000000001746, 1, 2990.831000000000131, 104.10385118982439678, 2987.3580000000001746, 1, 2990.831000000000131, 0, 2987.3580000000001746, 1
2990.831000000000131, 0, 2987.362999999999829, 0, 2990.831000000000131, 98.857658425931418833, 2987.362999999999829, 1, 2990.831000000000131, 108.41196518459341291, 2987.362999999999829, 1, 2990.831000000000131, 0, 2987.362999999999829, 0
2990.8400000000001455, 0, 2987.3679999999999382, 0, 2990.8400000000001455, 96.856743685830153368, 2987.3679999999999382, 1, 2990.8400000000001455, 110.21101758366108925, 2987.3679999999999382, 1, 2990.8400000000001455, 0, 2987.3679999999999382, 0
2990.8510000000001128, 303.24313250332227199, 2987.3730000000000473, 0, 2990.8510000000001128, 80.019655505194364764, 2987.3730000000000473, 1, 2990.8510000000001128, 111.25033714839852905, 2987.3730000000000473, 1, 2990.8510000000001128, 0, 2987.3730000000000473, 0
2990.8609999999998763, 301.38293290647584399, 2987.3780000000001564, 0, 2990.8609999999998763, 21.009726973155416374, 2987.3780000000001564, 1, 2990.8609999999998763, 122.79345686803418403, 2987.3780000000001564, 1, 2990.8609999999998763, 0, 2987.3780000000001564, 0
2990.8719999999998436, 202.61045409023626007, 2987.3829999999998108, 0, 2990.8719999999998436, 0.59498994328798970876, 2987.3829999999998108, 1, 2990.8719999999998436, 119.66402402219864598, 2987.3829999999998108, 1, 2990.8719999999998436, 0, 2987.3829999999998108, 0
2990.8809999999998581, 48.262777662688222335, 2987.38799999999992, 0, 2990.8809999999998581, 0, 2987.38799999999992, 1, 2990.8809999999998581, 56.86451321692396732, 2987.38799999999992, 1, 2990.8809999999998581, 111.20785781104019918, 2987.38799999999992, 0
2990.8910000000000764, 15.600687715931472965, 2987.3930000000000291, 0, 2990.8910000000000764, 0, 2987.3930000000000291, 1, 2990.8910000000000764, 14.561609710367257264, 2987.3930000000000291, 1, 2990.8910000000000764, 32.79701102535607049, 2987.3930000000000291, 0
2990.9009999999998399, 20.414038115610356527, 2987.3980000000001382, 0, 2990.9009999999998399, 0, 2987.3980000000001382, 1, 2990.9009999999998399, 23.775135291456411579, 2987.3980000000001382, 1, 2990.9009999999998399, 18.912736191365922878, 2987.3980000000001382, 0
2990.9130000000000109, 40.246658865625292378, 2987.4039999999999964, 0, 2990.9130000000000109, 0, 2987.4039999999999964, 1, 2990.9130000000000109, 31.107113421781637186, 2987.4039999999999964, 1, 2990.9130000000000109, 19.826759791952284218, 2987.4039999999999964, 0
2990.9209999999998217, 63.664990284288862199, 2987.4079999999999018, 0, 2990.9209999999998217, 0, 2987.4079999999999018, 1, 2990.9209999999998217, 36.64589448287834017, 2987.4079999999999018, 1, 2990.9209999999998217, 23.579017253878276961, 2987.4079999999999018, 0
2990.9299999999998363, 76.202857595747232722, 2987.4130000000000109, 0, 2990.9299999999998363, 68.482880685636260409, 2987.4130000000000109, 1, 2990.9299999999998363, 40.22159808659365865, 2987.4130000000000109, 1, 2990.9299999999998363, 19.809171545250620738, 2987.4130000000000109, 0
2990.9409999999998035, 78.006443731084246451, 2987.4180000000001201, 0, 2990.9409999999998035, 56.315155888292785846, 2987.4180000000001201, 1, 2990.9409999999998035, 41.11385839015269994, 2987.4180000000001201, 1, 2990.9409999999998035, 17.674162354772139594, 2987.4180000000001201, 0
2990.9510000000000218, 77.538188483847221733, 2987.4229999999997744, 0, 2990.9510000000000218, 71.172148171548258233, 2987.4229999999997744, 1, 2990.9510000000000218, 53.721273819463419841, 2987.4229999999997744, 1, 2990.9510000000000218, 19.247205025146818969, 2987.4229999999997744, 0
2990.9619999999999891, 32.455669731404029221, 2987.4279999999998836, 0, 2990.9619999999999891, 130.36392674446977935, 2987.4279999999998836, 1, 2990.9619999999999891, 186.6534815602077515, 2987.4279999999998836, 1, 2990.9619999999999891, 48.366613405154339489, 2987.4279999999998836, 0
2990.9699999999997999, 49.735315442302315603, 2987.4329999999999927, 0, 2990.9699999999997999, 0, 2987.4329999999999927, 1, 2990.9699999999997999, 0, 2987.4329999999999927, 1, 2990.9699999999997999, 45.123414217614140398, 2987.4329999999999927, 0
2990.9810000000002219, 77.555788424400134318, 2987.4380000000001019, 0, 2990.9810000000002219, 0, 2987.4380000000001019, 1, 2990.9810000000002219, 0, 2987.4380000000001019, 1, 2990.9810000000002219, 61.968551810803290891, 2987.4380000000001019, 0
2990.9920000000001892, 100.86544467430292116, 2987.44399999999996, 0, 2990.9920000000001892, 0, 2987.44399999999996, 1, 2990.9920000000001892, 0, 2987.44399999999996, 1, 2990.9920000000001892, 69.123165403799930573, 2987.44399999999996, 0
2991.0010000000002037, 111.24702663900256994, 2987.4479999999998654, 0, 2991.0010000000002037, 0, 2987.4479999999998654, 1, 2991.0010000000002037, 0, 2987.4479999999998654, 1, 2991.0010000000002037, 74.521624744748805824, 2987.4479999999998654, 0
2991.0109999999999673, 116.32651065445574545, 2987.4549999999999272, 0, 2991.0109999999999673, 0, 2987.4549999999999272, 1, 2991.0109999999999673, 0, 2987.4549999999999272, 1, 2991.0109999999999673, 75.131381419281581202, 2987.4549999999999272, 0
2991.0210000000001855, 117.5443504983179821, 2987.4589999999998327, 0, 2991.0210000000001855, 0, 2987.4589999999998327, 1, 2991.0210000000001855, 0, 2987.4589999999998327, 1, 2991.0210000000001855, 78.300236659399416794, 2987.4589999999998327, 0
2991.0309999999999491, 118.5072787179168472, 2987.4630000000001928, 0, 2991.0309999999999491, 0, 2987.4630000000001928, 1, 2991.0309999999999491, 0, 2987.4630000000001928, 1, 2991.0309999999999491, 78.457552899981834571, 2987.4630000000001928, 0
2991.0410000000001673, 115.72250873607225685, 2987.4679999999998472, 0, 2991.0410000000001673, 0, 2987.4679999999998472, 1, 2991.0410000000001673, 0, 2987.4679999999998472, 1, 2991.0410000000001673, 85.197457475715566488, 2987.4679999999998472, 0
2991.0509999999999309, 118.18678317369662523, 2987.4729999999999563, 0, 2991.0509999999999309, 0, 2987.4729999999999563, 1, 2991.0509999999999309, 0, 2987.4729999999999563, 1, 2991.0509999999999309, 82.825063269628373064, 2987.4729999999999563, 0
2991.0610000000001492, 114.89907919213763421, 2987.4780000000000655, 0, 2991.0610000000001492, 0, 2987.4780000000000655, 1, 2991.0610000000001492, 0, 2987.4780000000000655, 1, 2991.0610000000001492, 89.178942747897806953, 2987.4780000000000655, 0
2991.0709999999999127, 112.72100591355963672, 2987.4839999999999236, 0, 2991.0709999999999127, 0, 2987.4839999999999236, 1, 2991.0709999999999127, 0, 2987.4839999999999236, 1, 2991.0709999999999127, 94.501114930596457953, 2987.4839999999999236, 0
2991.0819999999998799, 111.03005732638500547, 2987.487999999999829, 0, 2991.0819999999998799, 0, 2987.487999999999829, 1, 2991.0819999999998799, 0, 2987.487999999999829, 1, 2991.0819999999998799, 96.921504214942217459, 2987.487999999999829, 0
2991.0909999999998945, 109.48573431346804341, 2987.4929999999999382, 0, 2991.0909999999998945, 0, 2987.4929999999999382, 1, 2991.0909999999998945, 0, 2987.4929999999999382, 1, 2991.0909999999998945, 99.175219986530208871, 2987.4929999999999382, 0
2991.1010000000001128, 107.84214837945003751, 2987.4989999999997963, 0, 2991.1010000000001128, 0, 2987.4989999999997963, 1, 2991.1010000000001128, 0, 2987.4989999999997963, 1, 2991.1010000000001128, 101.81763586289721957, 2987.4989999999997963, 0
2991.1109999999998763, 106.90786244040094743, 2987.5050000000001091, 0, 2991.1109999999998763, 0, 2987.5050000000001091, 1, 2991.1109999999998763, 0, 2987.5050000000001091, 1, 2991.1109999999998763, 102.91385146909567538, 2987.5050000000001091, 0
2991.1320000000000618, 104.21528370625476612, 2987.5079999999998108, 0, 2991.1320000000000618, 0, 2987.5079999999998108, 1, 2991.1320000000000618, 0, 2987.5079999999998108, 1, 2991.1320000000000618, 101.78261987313399572, 2987.5079999999998108, 0
2991.1320000000000618, 103.44702266819412273, 2987.5140000000001237, 0, 2991.1320000000000618, 0, 2987.5140000000001237, 1, 2991.1320000000000618, 0, 2987.5140000000001237, 1, 2991.1320000000000618, 104.12012763466842102, 2987.5140000000001237, 0
2991.1529999999997926, 102.86196688096926266, 2987.5180000000000291, 0, 2991.1529999999997926, 0, 2987.5180000000000291, 1, 2991.1529999999997926, 0, 2987.5180000000000291, 1, 2991.1529999999997926, 109.29793611657230201, 2987.5180000000000291, 0
2991.1529999999997926, 101.78773118033332423, 2987.5230000000001382, 0, 2991.1529999999997926, 0, 2987.5230000000001382, 1, 2991.1529999999997926, 0, 2987.5230000000001382, 1, 2991.1529999999997926, 107.32269465549981646, 2987.5230000000001382, 0
2991.1610000000000582, 99.835063482754932807, 2987.5289999999999964, 0, 2991.1610000000000582, 0, 2987.5289999999999964, 1, 2991.1610000000000582, 0, 2987.5289999999999964, 1, 2991.1610000000000582, 114.11356642480853907, 2987.5289999999999964, 0
2991.1709999999998217, 99.064619376290238506, 2987.5329999999999018, 0, 2991.1709999999998217, 0, 2987.5329999999999018, 1, 2991.1709999999998217, 0, 2987.5329999999999018, 1, 2991.1709999999998217, 116.99231118879436053, 2987.5329999999999018, 0
2991.181999999999789, 97.875105618229696347, 2987.5390000000002146, 0, 2991.181999999999789, 0, 2987.5390000000002146, 1, 2991.181999999999789, 0, 2987.5390000000002146, 1, 2991.181999999999789, 118.48521467516903272, 2987.5390000000002146, 0
2991.1909999999998035, 93.014927311776915531, 2987.543999999999869, 0, 2991.1909999999998035, 297.57931430943403939, 2987.543999999999869, 1, 2991.1909999999998035, 0, 2987.543999999999869, 1, 2991.1909999999998035, 114.52131232542910766, 2987.543999999999869, 0
2991.2029999999999745, 34.121647741531148768, 2987.5479999999997744, 0, 2991.2029999999999745, 265.03636677638428409, 2987.5479999999997744, 1, 2991.2029999999999745, 237.99577990778828962, 2987.5479999999997744, 1, 2991.2029999999999745, 110.87778226998884179, 2987.5479999999997744, 0
2991.2100000000000364, 0, 2987.5529999999998836, 0, 2991.2100000000000364, 79.224861819642413252, 2987.5529999999998836, 1, 2991.2100000000000364, 110.62076696733086578, 2987.5529999999998836, 1, 2991.2100000000000364, 33.493678913907757533, 2987.5529999999998836, 0
2991.2199999999997999, 0, 2987.55600000000004, 0, 2991.2199999999997999, 21.963800909373023984, 2987.55600000000004, 1, 2991.2199999999997999, 42.546161472043863228, 2987.55600000000004, 1, 2991.2199999999997999, 32.238486701107490262, 2987.55600000000004, 0
2991.2300000000000182, 0, 2987.5639999999998508, 0, 2991.2300000000000182, 17.654456980337506877, 2987.5639999999998508, 1, 2991.2300000000000182, 23.666280765491165994, 2987.5639999999998508, 1, 2991.2300000000000182, 39.97715078339615502, 2987.5639999999998508, 0
2991.2409999999999854, 0, 2987.568000000000211, 0, 2991.2409999999999854, 33.31872754206186471, 2987.568000000000211, 1, 2991.2409999999999854, 21.269300272699908305, 2987.568000000000211, 1, 2991.2409999999999854, 44.614442756998478501, 2987.568000000000211, 0
2991.2510000000002037, 56.073666583970975807, 2987.5720000000001164, 0, 2991.2510000000002037, 51.555096833201332629, 2987.5720000000001164, 1, 2991.2510000000002037, 25.011722821005456296, 2987.5720000000001164, 1, 2991.2510000000002037, 49.58902060112967547, 2987.5720000000001164, 0
2991.2609999999999673, 56.644309763019769832, 2987.5770000000002256, 0, 2991.2609999999999673, 53.895447047819743602, 2987.5770000000002256, 1, 2991.2609999999999673, 25.159396477984167007, 2987.5770000000002256, 1, 2991.2609999999999673, 55.112971121125625018, 2987.5770000000002256, 0
2991.2699999999999818, 59.551156822476947639, 2987.5830000000000837, 0, 2991.2699999999999818, 55.406922983226536417, 2987.5830000000000837, 1, 2991.2699999999999818, 26.331222745087195847, 2987.5830000000000837, 1, 2991.2699999999999818, 52.640260686569469328, 2987.5830000000000837, 0
2991.2809999999999491, 50.248756515550127233, 2987.5880000000001928, 0, 2991.2809999999999491, 55.48142942172870562, 2987.5880000000001928, 1, 2991.2809999999999491, 31.664026146727685784, 2987.5880000000001928, 1, 2991.2809999999999491, 42.745655678347517892, 2987.5880000000001928, 0
2991.2899999999999636, 3.1487736143951346904e-98, 2987.5949999999997999, 0, 2991.2899999999999636, 67.462521707360679102, 2987.5949999999997999, 1, 2991.2899999999999636, 58.39842722102966377, 2987.5949999999997999, 1, 2991.2899999999999636, 1.4370119865119130864, 2987.5949999999997999, 0
2991.3000000000001819, 0, 2987.5990000000001601, 0, 2991.3000000000001819, 93.644825953650723704, 2987.5990000000001601, 1, 2991.3000000000001819, 77.725264106394973851, 2987.5990000000001601, 1, 2991.3000000000001819, 0, 2987.5990000000001601, 0
2991.3119999999998981, 0, 2987.6030000000000655, 0, 2991.3119999999998981, 108.92381248474782751, 2987.6030000000000655, 1, 2991.3119999999998981, 78.9496152694779596, 2987.6030000000000655, 1, 2991.3119999999998981, 0, 2987.6030000000000655, 0
2991.3209999999999127, 0, 2987.6089999999999236, 0, 2991.3209999999999127, 120.5616984427363434, 2987.6089999999999236, 1, 2991.3209999999999127, 75.788930303100272567, 2987.6089999999999236, 1, 2991.3209999999999127, 0, 2987.6089999999999236, 0
2991.331000000000131, 0, 2987.612999999999829, 1, 2991.331000000000131, 124.99484356683119302, 2987.612999999999829, 1, 2991.331000000000131, 71.544479305860136265, 2987.612999999999829, 1, 2991.331000000000131, 0, 2987.612999999999829, 1
2991.3409999999998945, 0, 2987.6199999999998909, 1, 2991.3409999999998945, 127.04454860187581744, 2987.6199999999998909, 1, 2991.3409999999998945, 71.258579408815450051, 2987.6199999999998909, 1, 2991.3409999999998945, 0, 2987.6199999999998909, 1
2991.3609999999998763, 0, 2987.6239999999997963, 1, 2991.3609999999998763, 127.38445365816124877, 2987.6239999999997963, 1, 2991.3609999999998763, 69.951116913843677025, 2987.6239999999997963, 1, 2991.3609999999998763, 0, 2987.6239999999997963, 1
2991.3739999999997963, 0, 2987.6280000000001564, 1, 2991.3739999999997963, 126.24660628104312821, 2987.6280000000001564, 1, 2991.3739999999997963, 72.732723955874689636, 2987.6280000000001564, 1, 2991.3739999999997963, 0, 2987.6280000000001564, 1
2991.3739999999997963, 0, 2987.6340000000000146, 1, 2991.3739999999997963, 124.3290676673678945, 2987.6340000000000146, 1, 2991.3739999999997963, 75.978322067740677426, 2987.6340000000000146, 1, 2991.3739999999997963, 0, 2987.6340000000000146, 1
2991.3930000000000291, 0, 2987.6390000000001237, 1, 2991.3930000000000291, 119.16414957575825895, 2987.6390000000001237, 1, 2991.3930000000000291, 84.234503499205999333, 2987.6390000000001237, 1, 2991.3930000000000291, 0, 2987.6390000000001237, 1
2991.4020000000000437, 0, 2987.6439999999997781, 1, 2991.4020000000000437, 116.85824237756682464, 2987.6439999999997781, 1, 2991.4020000000000437, 89.064725495303676439, 2987.6439999999997781, 1, 2991.4020000000000437, 0, 2987.6439999999997781, 1
2991.4140000000002146, 0, 2987.6489999999998872, 1, 2991.4140000000002146, 114.28298528409328583, 2987.6489999999998872, 1, 2991.4140000000002146, 92.960952825145596989, 2987.6489999999998872, 1, 2991.4140000000002146, 0, 2987.6489999999998872, 1
2991.43100000000004, 0, 2987.6539999999999964, 1, 2991.43100000000004, 112.40465000903199666, 2987.6539999999999964, 1, 2991.43100000000004, 94.754957105019428809, 2987.6539999999999964, 1, 2991.43100000000004, 0, 2987.6539999999999964, 1
2991.431999999999789, 0, 2987.6590000000001055, 1, 2991.431999999999789, 110.42498403117971861, 2987.6590000000001055, 1, 2991.431999999999789, 97.75268922188629972, 2987.6590000000001055, 1, 2991.431999999999789, 0, 2987.6590000000001055, 1
2991.4409999999998035, 0, 2987.6630000000000109, 1, 2991.4409999999998035, 108.48729013021531387, 2987.6630000000000109, 1, 2991.4409999999998035, 98.623134256600224035, 2987.6630000000000109, 1, 2991.4409999999998035, 0, 2987.6630000000000109, 1
2991.4510000000000218, 0, 2987.668999999999869, 1, 2991.4510000000000218, 106.18054518847652901, 2987.668999999999869, 1, 2991.4510000000000218, 97.720618486607492059, 2987.668999999999869, 1, 2991.4510000000000218, 0, 2987.668999999999869, 1
2991.4720000000002074, 0, 2987.6729999999997744, 1, 2991.4720000000002074, 104.43288079349429154, 2987.6729999999997744, 1, 2991.4720000000002074, 100.57697435396372043, 2987.6729999999997744, 1, 2991.4720000000002074, 0, 2987.6729999999997744, 1
2991.4819999999999709, 0, 2987.6790000000000873, 1, 2991.4819999999999709, 102.7652775432058263, 2987.6790000000000873, 1, 2991.4819999999999709, 105.95263186668074695, 2987.6790000000000873, 1, 2991.4819999999999709, 0, 2987.6790000000000873, 1
2991.4819999999999709, 0, 2987.6829999999999927, 1, 2991.4819999999999709, 100.51308848232167747, 2987.6829999999999927, 1, 2991.4819999999999709, 110.18884042985158089, 2987.6829999999999927, 1, 2991.4819999999999709, 0, 2987.6829999999999927, 1
2991.4929999999999382, 0, 2987.6889999999998508, 1, 2991.4929999999999382, 98.668215264290950017, 2987.6889999999998508, 0, 2991.4929999999999382, 111.53614742554262307, 2987.6889999999998508, 0, 2991.4929999999999382, 0, 2987.6889999999998508, 1
2991.5019999999999527, 297.16388922695523434, 2987.6920000000000073, 1, 2991.5019999999999527, 96.376499402590965815, 2987.6920000000000073, 0, 2991.5019999999999527, 114.61115273889049604, 2987.6920000000000073, 0, 2991.5019999999999527, 0, 2987.6920000000000073, 1
2991.5219999999999345, 308.5103690457502239, 2987.6990000000000691, 1, 2991.5219999999999345, 48.914547897067961912, 2987.6990000000000691, 0, 2991.5219999999999345, 116.37346865925485417, 2987.6990000000000691, 0, 2991.5219999999999345, 0, 2987.6990000000000691, 1
2991.5219999999999345, 281.44393084541206917, 2987.7029999999999745, 1, 2991.5219999999999345, 6.4678330785420383719, 2987.7029999999999745, 0, 2991.5219999999999345, 121.12187127927163033, 2987.7029999999999745, 0, 2991.5219999999999345, 0, 2987.7029999999999745, 1
2991.5320000000001528, 116.02704289947475047, 2987.7089999999998327, 1, 2991.5320000000001528, 0, 2987.7089999999998327, 0, 2991.5320000000001528, 85.951141132337468775, 2987.7089999999998327, 0, 2991.5320000000001528, 149.45301765933800198, 2987.7089999999998327, 1
2991.5520000000001346, 24.694111992379809806, 2987.7119999999999891, 1, 2991.5520000000001346, 0, 2987.7119999999999891, 0, 2991.5520000000001346, 25.549983306196661914, 2987.7119999999999891, 0, 2991.5520000000001346, 60.88038574296567873, 2987.7119999999999891, 1
2991.5520000000001346, 14.199565607345634888, 2987.7190000000000509, 1, 2991.5520000000001346, 0, 2987.7190000000000509, 0, 2991.5520000000001346, 25.692834313176305727, 2987.7190000000000509, 0, 2991.5520000000001346, 21.838704025170066814, 2987.7190000000000509, 1
2991.5619999999998981, 22.4753827698881814, 2987.7240000000001601, 1, 2991.5619999999998981, 0, 2987.7240000000001601, 0, 2991.5619999999998981, 31.798466457111935313, 2987.7240000000001601, 0, 2991.5619999999998981, 18.21739668687684599, 2987.7240000000001601, 1
2991.5720000000001164, 46.156287168353713923, 2987.7280000000000655, 1, 2991.5720000000001164, 0, 2987.7280000000000655, 0, 2991.5720000000001164, 36.57786481741202067, 2987.7280000000000655, 0, 2991.5720000000001164, 21.699732812762228207, 2987.7280000000000655, 1
2991.5819999999998799, 69.290560714513361518, 2987.7330000000001746, 1, 2991.5819999999998799, 55.681479882110586743, 2987.7330000000001746, 0, 2991.5819999999998799, 39.857701385796964644, 2987.7330000000001746, 0, 2991.5819999999998799, 22.950376935330893957, 2987.7330000000001746, 1
2991.5920000000000982, 77.277995629562198587, 2987.7390000000000327, 1, 2991.5920000000000982, 50.440940614321903013, 2987.7390000000000327, 0, 2991.5920000000000982, 41.667806652732870987, 2987.7390000000000327, 0, 2991.5920000000000982, 17.841296977368241272, 2987.7390000000000327, 1
2991.6019999999998618, 77.795472704896752703, 2987.7429999999999382, 1, 2991.6019999999998618, 80.812687223349087162, 2987.7429999999999382, 0, 2991.6019999999998618, 70.015909324727616081, 2987.7429999999999382, 0, 2991.6019999999998618, 21.862901652561291144, 2987.7429999999999382, 1
2991.61200000000008, 35.504640329243343899, 2987.7480000000000473, 1, 2991.61200000000008, 79.040776915458721419, 2987.7480000000000473, 0, 2991.61200000000008, 125.04081831772192857, 2987.7480000000000473, 0, 2991.61200000000008, 41.789313003207354313, 2987.7480000000000473, 1
2991.6219999999998436, 55.61099886457512298, 2987.7539999999999054, 1, 2991.6219999999998436, 0, 2987.7539999999999054, 0, 2991.6219999999998436, 0, 2987.7539999999999054, 0, 2991.6219999999998436, 47.406442591901047479, 2987.7539999999999054, 1
2991.6320000000000618, 84.012255199886510582, 2987.7590000000000146, 1, 2991.6320000000000618, 0, 2987.7590000000000146, 0, 2991.6320000000000618, 0, 2987.7590000000000146, 0, 2991.6320000000000618, 63.333386448198368157, 2987.7590000000000146, 1
2991.6410000000000764, 102.85350637726935474, 2987.76299999999992, 1, 2991.6410000000000764, 0, 2987.76299999999992, 0, 2991.6410000000000764, 0, 2987.76299999999992, 0, 2991.6410000000000764, 71.427522053505697386, 2987.76299999999992, 1
2991.6509999999998399, 111.52086394279353954, 2987.7680000000000291, 1, 2991.6509999999998399, 0, 2987.7680000000000291, 0, 2991.6509999999998399, 0, 2987.7680000000000291, 0, 2991.6509999999998399, 75.447270035885765083, 2987.7680000000000291, 1
2991.6610000000000582, 117.01546009890890332, 2987.7730000000001382, 1, 2991.6610000000000582, 0, 2987.7730000000001382, 0, 2991.6610000000000582, 0, 2987.7730000000001382, 0, 2991.6610000000000582, 75.984608191709099856, 2987.7730000000001382, 1
2991.6720000000000255, 119.46278599388168118, 2987.7779999999997926, 1, 2991.6720000000000255, 0, 2987.7779999999997926, 0, 2991.6720000000000255, 0, 2987.7779999999997926, 0, 2991.6720000000000255, 76.032223597492617273, 2987.7779999999997926, 1
2991.681999999999789, 119.55821126628633522, 2987.7840000000001055, 1, 2991.681999999999789, 0, 2987.7840000000001055, 0, 2991.681999999999789, 0, 2987.7840000000001055, 0, 2991.681999999999789, 78.852815658132158205, 2987.7840000000001055, 1
2991.6920000000000073, 119.20423774941767192, 2987.7880000000000109, 1, 2991.6920000000000073, 0, 2987.7880000000000109, 0, 2991.6920000000000073, 0, 2987.7880000000000109, 0, 2991.6920000000000073, 80.935291274903931935, 2987.7880000000000109, 1
2991.7020000000002256, 117.42335408343369352, 2987.793999999999869, 1, 2991.7020000000002256, 0, 2987.793999999999869, 0, 2991.7020000000002256, 0, 2987.793999999999869, 0, 2991.7020000000002256, 85.753436362763565626, 2987.793999999999869, 1
2991.7119999999999891, 115.61082578402532306, 2987.7989999999999782, 1, 2991.7119999999999891, 0, 2987.7989999999999782, 0, 2991.7119999999999891, 0, 2987.7989999999999782, 0, 2991.7119999999999891, 87.554619230399794105, 2987.7989999999999782, 1
2991.7210000000000036, 113.68115460875227996, 2987.8049999999998363, 1, 2991.7210000000000036, 0, 2987.8049999999998363, 0, 2991.7210000000000036, 0, 2987.8049999999998363, 0, 2991.7210000000000036, 91.678529464103235114, 2987.8049999999998363, 1
2991.7310000000002219, 111.63338464067118139, 2987.8079999999999927, 1, 2991.7310000000002219, 0, 2987.8079999999999927, 0, 2991.7310000000002219, 0, 2987.8079999999999927, 0, 2991.7310000000002219, 96.216063361591182002, 2987.8079999999999927, 1
2991.7420000000001892, 110.35040899911599865, 2987.8130000000001019, 1, 2991.7420000000001892, 0, 2987.8130000000001019, 0, 2991.7420000000001892, 0, 2987.8130000000001019, 0, 2991.7420000000001892, 98.560864223872869161, 2987.8130000000001019, 1
2991.7519999999999527, 109.11732536690408324, 2987.8200000000001637, 1, 2991.7519999999999527, 0, 2987.8200000000001637, 0, 2991.7519999999999527, 0, 2987.8200000000001637, 0, 2991.7519999999999527, 101.57218464687295523, 2987.8200000000001637, 1
2991.762000000000171, 106.93722673052056393, 2987.8229999999998654, 1, 2991.762000000000171, 0, 2987.8229999999998654, 0, 2991.762000000000171, 0, 2987.8229999999998654, 0, 2991.762000000000171, 100.46091991780096464, 2987.8229999999998654, 1
2991.7719999999999345, 105.71595689129733842, 2987.8290000000001783, 1, 2991.7719999999999345, 0, 2987.8290000000001783, 0, 2991.7719999999999345, 0, 2987.8290000000001783, 0, 2991.7719999999999345, 102.29205871438119857, 2987.8290000000001783, 1
2991.7820000000001528, 104.82113682443122116, 2987.8339999999998327, 1, 2991.7820000000001528, 0, 2987.8339999999998327, 0, 2991.7820000000001528, 0, 2987.8339999999998327, 0, 2991.7820000000001528, 104.03234419774085495, 2987.8339999999998327, 1
2991.7919999999999163, 104.15058175737271995, 2987.8380000000001928, 1, 2991.7919999999999163, 0, 2987.8380000000001928, 0, 2991.7919999999999163, 0, 2987.8380000000001928, 0, 2991.7919999999999163, 108.34795076675942482, 2987.8380000000001928, 1
2991.8020000000001346, 101.36821520792531715, 2987.8429999999998472, 1, 2991.8020000000001346, 0, 2987.8429999999998472, 0, 2991.8020000000001346, 0, 2987.8429999999998472, 0, 2991.8020000000001346, 108.38904702042006534, 2987.8429999999998472, 1
2991.8119999999998981, 100.19974363748592339, 2987.8490000000001601, 1, 2991.8119999999998981, 0, 2987.8490000000001601, 0, 2991.8119999999998981, 0, 2987.8490000000001601, 0, 2991.8119999999998981, 111.19329801453233131, 2987.8490000000001601, 1
2991.8220000000001164, 98.973220781351045616, 2987.8530000000000655, 1, 2991.8220000000001164, 0, 2987.8530000000000655, 0, 2991.8220000000001164, 0, 2987.8530000000000655, 0, 2991.8220000000001164, 112.3420363033288254, 2987.8530000000000655, 1
2991.8319999999998799, 97.809805559785758078, 2987.8589999999999236, 1, 2991.8319999999998799, 0, 2987.8589999999999236, 0, 2991.8319999999998799, 0, 2987.8589999999999236, 0, 2991.8319999999998799, 118.52912397466826633, 2987.8589999999999236, 1
2991.8420000000000982, 97.18304029243296327, 2987.862999999999829, 1, 2991.8420000000000982, 314.35143122080603462, 2987.862999999999829, 0, 2991.8420000000000982, 0, 2987.862999999999829, 0, 2991.8420000000000982, 117.40206449025350821, 2987.862999999999829, 1
2991.8519999999998618, 43.710686065028845348, 2987.8679999999999382, 1, 2991.8519999999998618, 295.66519797797724323, 2987.8679999999999382, 0, 2991.8519999999998618, 238.33877726202351255, 2987.8679999999999382, 0, 2991.8519999999998618, 111.33055904979664774, 2987.8679999999999382, 1
2991.8609999999998763, 0.82666302307475247879, 2987.8730000000000473, 1, 2991.8609999999998763, 101.38503530112052431, 2987.8730000000000473, 0, 2991.8609999999998763, 122.35597473468902763, 2987.8730000000000473, 0, 2991.8609999999998763, 35.123513293924425227, 2987.8730000000000473, 1
2991.8719999999998436, 0, 2987.8789999999999054, 1, 2991.8719999999998436, 24.318089675753196133, 2987.8789999999999054, 0, 2991.8719999999998436, 48.556645144221882049, 2987.8789999999999054, 0, 2991.8719999999998436, 36.772182704303439493, 2987.8789999999999054, 1
2991.8910000000000764, 0, 2987.8829999999998108, 1, 2991.8910000000000764, 13.265852350188570341, 2987.8829999999998108, 0, 2991.8910000000000764, 25.04616697210147791, 2987.8829999999998108, 0, 2991.8910000000000764, 42.665003958836848597, 2987.8829999999998108, 1
2991.9009999999998399, 0, 2987.88799999999992, 1, 2991.9009999999998399, 23.367194534916595927, 2987.88799999999992, 0, 2991.9009999999998399, 20.338465093428872876, 2987.88799999999992, 0, 2991.9009999999998399, 46.917146044402400662, 2987.88799999999992, 1
2991.9020000000000437, 52.365344183201600003, 2987.8930000000000291, 1, 2991.9020000000000437, 44.300410188640000797, 2987.8930000000000291, 0, 2991.9020000000000437, 22.745640541907221177, 2987.8930000000000291, 0, 2991.9020000000000437, 49.725677197489289938, 2987.8930000000000291, 1
2991.9140000000002146, 52.149595246951953698, 2987.8969999999999345, 1, 2991.9140000000002146, 53.846970110584933877, 2987.8969999999999345, 0, 2991.9140000000002146, 24.859099612771743182, 2987.8969999999999345, 0, 2991.9140000000002146, 55.896564791397437943, 2987.8969999999999345, 1
2991.931999999999789, 57.132911767710062634, 2987.9029999999997926, 1, 2991.931999999999789, 56.259693982313329741, 2987.9029999999997926, 0, 2991.931999999999789, 26.198555260299336567, 2987.9029999999997926, 0, 2991.931999999999789, 53.321648966936479042, 2987.9029999999997926, 1
2991.931999999999789, 54.555159186735167509, 2987.9079999999999018, 1, 2991.931999999999789, 60.645497213575268347, 2987.9079999999999018, 0, 2991.931999999999789, 27.310334057448176992, 2987.9079999999999018, 0, 2991.931999999999789, 40.938913006463124589, 2987.9079999999999018, 1
2991.9409999999998035, 40.255543788606274802, 2987.9140000000002146, 1, 2991.9409999999998035, 60.939858492465077688, 2987.9140000000002146, 0, 2991.9409999999998035, 50.477905423169247001, 2987.9140000000002146, 0, 2991.9409999999998035, 35.134902571722392395, 2987.9140000000002146, 1
2991.9510000000000218, 0, 2987.9180000000001201, 1, 2991.9510000000000218, 85.665771747373270273, 2987.9180000000001201, 0, 2991.9510000000000218, 73.317127005590833733, 2987.9180000000001201, 0, 2991.9510000000000218, 0, 2987.9180000000001201, 1
2991.9619999999999891, 0, 2987.9229999999997744, 1, 2991.9619999999999891, 104.7138774157751584, 2987.9229999999997744, 0, 2991.9619999999999891, 78.92713204290532758, 2987.9229999999997744, 0, 2991.9619999999999891, 0, 2987.9229999999997744, 1
2991.9830000000001746, 0, 2987.9279999999998836, 1, 2991.9830000000001746, 116.85300923077659263, 2987.9279999999998836, 0, 2991.9830000000001746, 74.399295157815430457, 2987.9279999999998836, 0, 2991.9830000000001746, 0, 2987.9279999999998836, 1
2992.0019999999999527, 0, 2987.9329999999999927, 1, 2992.0019999999999527, 126.62284353257318514, 2987.9329999999999927, 0, 2992.0019999999999527, 71.796509926578323757, 2987.9329999999999927, 0, 2992.0019999999999527, 0, 2987.9329999999999927, 1
2992.012000000000171, 0, 2987.9389999999998508, 1, 2992.012000000000171, 126.75598947670724215, 2987.9389999999998508, 1, 2992.012000000000171, 70.816994262334731047, 2987.9389999999998508, 1, 2992.012000000000171, 0, 2987.9389999999998508, 1
2992.0239999999998872, 0, 2987.9450000000001637, 1, 2992.0239999999998872, 125.41338818534630661, 2987.9450000000001637, 1, 2992.0239999999998872, 72.736778857294183354, 2987.9450000000001637, 1, 2992.0239999999998872, 0, 2987.9450000000001637, 1
2992.0239999999998872, 0, 2987.9479999999998654, 1, 2992.0239999999998872, 125.05815107343282477, 2987.9479999999998654, 1, 2992.0239999999998872, 76.491137548468884688, 2987.9479999999998654, 1, 2992.0239999999998872, 0, 2987.9479999999998654, 1
2992.0320000000001528, 0, 2987.9529999999999745, 1, 2992.0320000000001528, 122.99944547314811416, 2987.9529999999999745, 1, 2992.0320000000001528, 75.843955969365424608, 2987.9529999999999745, 1, 2992.0320000000001528, 0, 2987.9529999999999745, 1
2992.0520000000001346, 0, 2987.9580000000000837, 1, 2992.0520000000001346, 118.78433986512612819, 2987.9580000000000837, 1, 2992.0520000000001346, 85.072829067726274843, 2987.9580000000000837, 1, 2992.0520000000001346, 0, 2987.9580000000000837, 1
2992.0619999999998981, 0, 2987.9630000000001928, 1, 2992.0619999999998981, 118.80844581552591421, 2987.9630000000001928, 1, 2992.0619999999998981, 84.481772122815300463, 2987.9630000000001928, 1, 2992.0619999999998981, 0, 2987.9630000000001928, 1
2992.0619999999998981, 0, 2987.9659999999998945, 1, 2992.0619999999998981, 115.38026007159425035, 2987.9659999999998945, 1, 2992.0619999999998981, 85.931169779981715351, 2987.9659999999998945, 1, 2992.0619999999998981, 0, 2987.9659999999998945, 1
2992.0720000000001164, 0, 2987.9729999999999563, 1, 2992.0720000000001164, 113.45735618996441474, 2987.9729999999999563, 1, 2992.0720000000001164, 92.438939456952610385, 2987.9729999999999563, 1, 2992.0720000000001164, 0, 2987.9729999999999563, 1
2992.0819999999998799, 0, 2987.9780000000000655, 1, 2992.0819999999998799, 110.63306730467442662, 2987.9780000000000655, 1, 2992.0819999999998799, 94.749146693776623351, 2987.9780000000000655, 1, 2992.0819999999998799, 0, 2987.9780000000000655, 1
2992.1019999999998618, 0, 2987.9830000000001746, 1, 2992.1019999999998618, 108.9169256022851755, 2987.9830000000001746, 1, 2992.1019999999998618, 96.050794691413756254, 2987.9830000000001746, 1, 2992.1019999999998618, 0, 2987.9830000000001746, 1
2992.1019999999998618, 0, 2987.987999999999829, 1, 2992.1019999999998618, 107.16582252451334512, 2987.987999999999829, 1, 2992.1019999999998618, 98.195977573149335171, 2987.987999999999829, 1, 2992.1019999999998618, 0, 2987.987999999999829, 1
2992.1219999999998436, 0, 2987.9929999999999382, 1, 2992.1219999999998436, 104.80806268379873814, 2987.9929999999999382, 1, 2992.1219999999998436, 98.711223656583001684, 2987.9929999999999382, 1, 2992.1219999999998436, 0, 2987.9929999999999382, 1
2992.1219999999998436, 0, 2987.9969999999998436, 1, 2992.1219999999998436, 102.85663983351018658, 2987.9969999999998436, 1, 2992.1219999999998436, 102.47854330788260313, 2987.9969999999998436, 1, 2992.1219999999998436, 0, 2987.9969999999998436, 1
2992.1320000000000618, 0, 2988.0030000000001564, 1, 2992.1320000000000618, 100.76216381214536, 2988.0030000000001564, 1, 2992.1320000000000618, 106.86815471304626612, 2988.0030000000001564, 1, 2992.1320000000000618, 0, 2988.0030000000001564, 1
2992.1419999999998254, 0, 2988.0090000000000146, 0, 2992.1419999999998254, 98.973688090236024095, 2988.0090000000000146, 1, 2992.1419999999998254, 108.7788084970061675, 2988.0090000000000146, 1, 2992.1419999999998254, 0, 2988.0090000000000146, 0
2992.1520000000000437, 0, 2988.01299999999992, 0, 2992.1520000000000437, 96.924347523122662551, 2988.01299999999992, 1, 2992.1520000000000437, 112.97810295563175487, 2988.01299999999992, 1, 2992.1520000000000437, 0, 2988.01299999999992, 0
2992.1619999999998072, 306.58339394548647761, 2988.0180000000000291, 0, 2992.1619999999998072, 68.675512294271811697, 2988.0180000000000291, 1, 2992.1619999999998072, 114.64978784184368976, 2988.0180000000000291, 1, 2992.1619999999998072, 0, 2988.0180000000000291, 0
2992.1849999999999454, 291.97014483527266293, 2988.0239999999998872, 0, 2992.1849999999999454, 13.452751101888690499, 2988.0239999999998872, 1, 2992.1849999999999454, 122.25287974896895093, 2988.0239999999998872, 1, 2992.1849999999999454, 0, 2988.0239999999998872, 0
2992.1849999999999454, 163.5298215785316529, 2988.0270000000000437, 0, 2992.1849999999999454, 0, 2988.0270000000000437, 1, 2992.1849999999999454, 89.795377662091468096, 2988.0270000000000437, 1, 2992.1849999999999454, 0, 2988.0270000000000437, 0
2992.2010000000000218, 31.438985518295893939, 2988.0329999999999018, 0, 2992.2010000000000218, 0, 2988.0329999999999018, 1, 2992.2010000000000218, 52.979337257506166736, 2988.0329999999999018, 1, 2992.2010000000000218, 95.169314665113191154, 2988.0329999999999018, 0
2992.2119999999999891, 19.75702960144518272, 2988.0380000000000109, 0, 2992.2119999999999891, 0, 2988.0380000000000109, 1, 2992.2119999999999891, 27.014215267885511196, 2988.0380000000000109, 1, 2992.2119999999999891, 33.889626015915993662, 2988.0380000000000109, 0
2992.2119999999999891, 22.121420819887159581, 2988.0430000000001201, 0, 2992.2119999999999891, 0, 2988.0430000000001201, 1, 2992.2119999999999891, 29.58901959565145745, 2988.0430000000001201, 1, 2992.2119999999999891, 24.54641811878268598, 2988.0430000000001201, 0
2992.2220000000002074, 39.958380184155551262, 2988.0479999999997744, 0, 2992.2220000000002074, 0, 2988.0479999999997744, 1, 2992.2220000000002074, 33.494021047327976248, 2988.0479999999997744, 1, 2992.2220000000002074, 24.870866568404291996, 2988.0479999999997744, 0
2992.2319999999999709, 65.555473876485464757, 2988.0529999999998836, 0, 2992.2319999999999709, 0, 2988.0529999999998836, 1, 2992.2319999999999709, 36.909286121691742721, 2988.0529999999998836, 1, 2992.2319999999999709, 29.237580138918083605, 2988.0529999999998836, 0
2992.2409999999999854, 81.887410601795579623, 2988.0579999999999927, 0, 2992.2409999999999854, 67.870924360465835434, 2988.0579999999999927, 1, 2992.2409999999999854, 39.975190132417445454, 2988.0579999999999927, 1, 2992.2409999999999854, 29.0637109538121301, 2988.0579999999999927, 0
2992.2510000000002037, 80.829375775583343966, 2988.0630000000001019, 0, 2992.2510000000002037, 61.674461178328108701, 2988.0630000000001019, 1, 2992.2510000000002037, 39.078752922299770489, 2988.0630000000001019, 1, 2992.2510000000002037, 21.8478520952620201, 2988.0630000000001019, 0
2992.262000000000171, 56.632292840341179385, 2988.068000000000211, 0, 2992.262000000000171, 105.19276664083098183, 2988.068000000000211, 1, 2992.262000000000171, 126.90264812249503734, 2988.068000000000211, 1, 2992.262000000000171, 47.953206697856884944, 2988.068000000000211, 0
2992.2719999999999345, 46.280819206590955162, 2988.0729999999998654, 0, 2992.2719999999999345, 0, 2988.0729999999998654, 1, 2992.2719999999999345, 24.708114330896464139, 2988.0729999999998654, 1, 2992.2719999999999345, 60.862057340607414346, 2988.0729999999998654, 0
2992.2820000000001528, 80.425292560114826301, 2988.081000000000131, 0, 2992.2820000000001528, 0, 2988.081000000000131, 1, 2992.2820000000001528, 0, 2988.081000000000131, 1, 2992.2820000000001528, 62.971634806080956537, 2988.081000000000131, 0
2992.2919999999999163, 99.473512606953818249, 2988.0830000000000837, 0, 2992.2919999999999163, 0, 2988.0830000000000837, 1, 2992.2919999999999163, 0, 2988.0830000000000837, 1, 2992.2919999999999163, 67.645964537723997978, 2988.0830000000000837, 0
2992.3119999999998981, 111.48024812603705413, 2988.0880000000001928, 0, 2992.3119999999998981, 0, 2988.0880000000001928, 1, 2992.3119999999998981, 0, 2988.0880000000001928, 1, 2992.3119999999998981, 71.336765204238531624, 2988.0880000000001928, 0
2992.3119999999998981, 116.83650131551792128, 2988.0929999999998472, 0, 2992.3119999999998981, 0, 2988.0929999999998472, 1, 2992.3119999999998981, 0, 2988.0929999999998472, 1, 2992.3119999999998981, 74.982347081108855491, 2988.0929999999998472, 0
2992.3220000000001164, 118.08365001598700417, 2988.0979999999999563, 0, 2992.3220000000001164, 0, 2988.0979999999999563, 1, 2992.3220000000001164, 0, 2988.0979999999999563, 1, 2992.3220000000001164, 76.589717389271143588, 2988.0979999999999563, 0
2992.3319999999998799, 119.29517173549658082, 2988.1030000000000655, 0, 2992.3319999999998799, 0, 2988.1030000000000655, 1, 2992.3319999999998799, 0, 2988.1030000000000655, 1, 2992.3319999999998799, 77.502070650456261092, 2988.1030000000000655, 0
2992.3420000000000982, 118.28667780157265099, 2988.1080000000001746, 0, 2992.3420000000000982, 0, 2988.1080000000001746, 1, 2992.3420000000000982, 0, 2988.1080000000001746, 1, 2992.3420000000000982, 81.178668975312945122, 2988.1080000000001746, 0
2992.3519999999998618, 116.63614148102915635, 2988.112999999999829, 0, 2992.3519999999998618, 0, 2988.112999999999829, 1, 2992.3519999999998618, 0, 2988.112999999999829, 1, 2992.3519999999998618, 84.197911215208236513, 2988.112999999999829, 0
2992.362999999999829, 115.6712028777018304, 2988.1230000000000473, 0, 2992.362999999999829, 0, 2988.1230000000000473, 1, 2992.362999999999829, 0, 2988.1230000000000473, 1, 2992.362999999999829, 88.925336476401753316, 2988.1230000000000473, 0
2992.3710000000000946, 113.24510792451798125, 2988.1230000000000473, 0, 2992.3710000000000946, 0, 2988.1230000000000473, 1, 2992.3710000000000946, 0, 2988.1230000000000473, 1, 2992.3710000000000946, 94.178889273578278107, 2988.1230000000000473, 0
2992.3820000000000618, 112.04452907625687885, 2988.1289999999999054, 0, 2992.3820000000000618, 0, 2988.1289999999999054, 1, 2992.3820000000000618, 0, 2988.1289999999999054, 1, 2992.3820000000000618, 96.883698117969643704, 2988.1289999999999054, 0
2992.3910000000000764, 109.21507740986712065, 2988.1329999999998108, 0, 2992.3910000000000764, 0, 2988.1329999999998108, 1, 2992.3910000000000764, 0, 2988.1329999999998108, 1, 2992.3910000000000764, 97.988010972698361911, 2988.1329999999998108, 0
2992.4020000000000437, 109.06418717609170699, 2988.1399999999998727, 0, 2992.4020000000000437, 0, 2988.1399999999998727, 1, 2992.4020000000000437, 0, 2988.1399999999998727, 1, 2992.4020000000000437, 101.75604758393009774, 2988.1399999999998727, 0
2992.4119999999998072, 107.84186018908759763, 2988.1439999999997781, 0, 2992.4119999999998072, 0, 2988.1439999999997781, 1, 2992.4119999999998072, 0, 2988.1439999999997781, 1, 2992.4119999999998072, 103.5338828524142798, 2988.1439999999997781, 0
2992.4209999999998217, 106.6838265761770117, 2988.1480000000001382, 0, 2992.4209999999998217, 0, 2988.1480000000001382, 1, 2992.4209999999998217, 0, 2988.1480000000001382, 1, 2992.4209999999998217, 104.90391866780360886, 2988.1480000000001382, 0
2992.431999999999789, 104.06420916172325519, 2988.1529999999997926, 0, 2992.431999999999789, 0, 2988.1529999999997926, 1, 2992.431999999999789, 0, 2988.1529999999997926, 1, 2992.431999999999789, 102.72249727570607547, 2988.1529999999997926, 0
2992.4420000000000073, 104.22500926598027604, 2988.1599999999998545, 0, 2992.4420000000000073, 0, 2988.1599999999998545, 1, 2992.4420000000000073, 0, 2988.1599999999998545, 1, 2992.4420000000000073, 108.87831453701673468, 2988.1599999999998545, 0
2992.4520000000002256, 103.09568993400949921, 2988.1630000000000109, 0, 2992.4520000000002256, 0, 2988.1630000000000109, 1, 2992.4520000000002256, 0, 2988.1630000000000109, 1, 2992.4520000000002256, 110.99035281289994259, 2988.1630000000000109, 0
2992.4619999999999891, 101.26465551688383471, 2988.168999999999869, 0, 2992.4619999999999891, 0, 2988.168999999999869, 1, 2992.4619999999999891, 0, 2988.168999999999869, 1, 2992.4619999999999891, 115.69904519024953515, 2988.168999999999869, 0
2992.4720000000002074, 98.373008347119267114, 2988.1729999999997744, 0, 2992.4720000000002074, 0, 2988.1729999999997744, 1, 2992.4720000000002074, 0, 2988.1729999999997744, 1, 2992.4720000000002074, 112.78437377697377997, 2988.1729999999997744, 0
2992.4819999999999709, 98.523611930948405302, 2988.1779999999998836, 0, 2992.4819999999999709, 0, 2988.1779999999998836, 1, 2992.4819999999999709, 0, 2988.1779999999998836, 1, 2992.4819999999999709, 116.76873317521827289, 2988.1779999999998836, 0
2992.4920000000001892, 98.821011653527662588, 2988.1829999999999927, 0, 2992.4920000000001892, 294.84007060694727897, 2988.1829999999999927, 1, 2992.4920000000001892, 0, 2988.1829999999999927, 1, 2992.4920000000001892, 115.05428879029662426, 2988.1829999999999927, 0
2992.5030000000001564, 51.183818338206414467, 2988.1880000000001019, 0, 2992.5030000000001564, 296.39474433285545274, 2988.1880000000001019, 1, 2992.5030000000001564, 248.07005466571786201, 2988.1880000000001019, 1, 2992.5030000000001564, 110.87875118687173881, 2988.1880000000001019, 0
2992.512000000000171, 2.1360162655471484072, 2988.2010000000000218, 0, 2992.512000000000171, 108.24365330455552225, 2988.2010000000000218, 1, 2992.512000000000171, 125.50884181917714955, 2988.2010000000000218, 1, 2992.512000000000171, 34.335108953877835347, 2988.2010000000000218, 0
2992.5320000000001528, 0, 2988.2010000000000218, 0, 2992.5320000000001528, 28.208839373277335483, 2988.2010000000000218, 1, 2992.5320000000001528, 55.341108336030856663, 2988.2010000000000218, 1, 2992.5320000000001528, 37.181504709430647893, 2988.2010000000000218, 0
2992.5419999999999163, 0, 2988.2029999999999745, 0, 2992.5419999999999163, 14.724747565454933351, 2988.2029999999999745, 1, 2992.5419999999999163, 28.989318848350396962, 2988.2029999999999745, 1, 2992.5419999999999163, 40.904093864130160796, 2988.2029999999999745, 0
2992.5520000000001346, 0, 2988.2080000000000837, 0, 2992.5520000000001346, 27.860414710477108713, 2988.2080000000000837, 1, 2992.5520000000001346, 23.373507398059363283, 2988.2080000000000837, 1, 2992.5520000000001346, 43.963331266328729896, 2988.2080000000000837, 0
2992.5619999999998981, 57.762522165554550213, 2988.2130000000001928, 0, 2992.5619999999998981, 45.990436909465515214, 2988.2130000000001928, 1, 2992.5619999999998981, 25.684870663812759517, 2988.2130000000001928, 1, 2992.5619999999998981, 49.375025556233154589, 2988.2130000000001928, 0
2992.5720000000001164, 52.801954705728604722, 2988.2179999999998472, 0, 2992.5720000000001164, 50.527494363715476311, 2988.2179999999998472, 1, 2992.5720000000001164, 25.777412234710219252, 2988.2179999999998472, 1, 2992.5720000000001164, 53.611386660091930878, 2988.2179999999998472, 0
2992.5819999999998799, 61.541443961596108636, 2988.2240000000001601, 0, 2992.5819999999998799, 54.815425233625347801, 2988.2240000000001601, 1, 2992.5819999999998799, 28.707490832830586669, 2988.2240000000001601, 1, 2992.5819999999998799, 51.533375159005096577, 2988.2240000000001601, 0
2992.5929999999998472, 26.410233969436312407, 2988.2280000000000655, 0, 2992.5929999999998472, 59.939787322772176026, 2988.2280000000000655, 1, 2992.5929999999998472, 54.08908209939544065, 2988.2280000000000655, 1, 2992.5929999999998472, 22.587640192752395762, 2988.2280000000000655, 0
2992.61200000000008, 0, 2988.2330000000001746, 0, 2992.61200000000008, 86.583737004724881103, 2988.2330000000001746, 1, 2992.61200000000008, 73.48560599116686376, 2988.2330000000001746, 1, 2992.61200000000008, 0, 2988.2330000000001746, 0
2992.6219999999998436, 0, 2988.2390000000000327, 0, 2992.6219999999998436, 106.59770437874712457, 2988.2390000000000327, 1, 2992.6219999999998436, 78.615574999845946991, 2988.2390000000000327, 1, 2992.6219999999998436, 0, 2988.2390000000000327, 0
2992.6320000000000618, 0, 2988.2429999999999382, 0, 2992.6320000000000618, 117.99107602585087307, 2988.2429999999999382, 1, 2992.6320000000000618, 75.945450577934749958, 2988.2429999999999382, 1, 2992.6320000000000618, 0, 2988.2429999999999382, 0
2992.6419999999998254, 0, 2988.2480000000000473, 0, 2992.6419999999998254, 125.58885035410843045, 2988.2480000000000473, 1, 2992.6419999999998254, 71.40441097980040297, 2988.2480000000000473, 1, 2992.6419999999998254, 0, 2988.2480000000000473, 0
2992.6520000000000437, 0, 2988.2530000000001564, 0, 2992.6520000000000437, 127.13227213292714168, 2988.2530000000001564, 1, 2992.6520000000000437, 70.106722440719821066, 2988.2530000000001564, 1, 2992.6520000000000437, 0, 2988.2530000000001564, 0
2992.6619999999998072, 0, 2988.2600000000002183, 0, 2992.6619999999998072, 128.06027164719344569, 2988.2600000000002183, 1, 2992.6619999999998072, 69.567358948894849391, 2988.2600000000002183, 1, 2992.6619999999998072, 0, 2988.2600000000002183, 0
2992.6720000000000255, 0, 2988.26299999999992, 1, 2992.6720000000000255, 127.05974707326612361, 2988.26299999999992, 1, 2992.6720000000000255, 70.937807274919236988, 2988.26299999999992, 1, 2992.6720000000000255, 0, 2988.26299999999992, 1
2992.681999999999789, 0, 2988.2689999999997781, 1, 2992.681999999999789, 125.79709020388931151, 2988.2689999999997781, 1, 2992.681999999999789, 74.01732152994324565, 2988.2689999999997781, 1, 2992.681999999999789, 0, 2988.2689999999997781, 1
2992.6920000000000073, 0, 2988.2730000000001382, 1, 2992.6920000000000073, 123.30682211969400441, 2988.2730000000001382, 1, 2992.6920000000000073, 78.266722411290714945, 2988.2730000000001382, 1, 2992.6920000000000073, 0, 2988.2730000000001382, 1
2992.7010000000000218, 0, 2988.2779999999997926, 1, 2992.7010000000000218, 120.58870217132115954, 2988.2779999999997926, 1, 2992.7010000000000218, 83.042130589413943653, 2988.2779999999997926, 1, 2992.7010000000000218, 0, 2988.2779999999997926, 1
2992.7020000000002256, 0, 2988.2829999999999018, 1, 2992.7020000000002256, 118.13733286294092295, 2988.2829999999999018, 1, 2992.7020000000002256, 87.373264952655006255, 2988.2829999999999018, 1, 2992.7020000000002256, 0, 2988.2829999999999018, 1
2992.7119999999999891, 0, 2988.2880000000000109, 1, 2992.7119999999999891, 116.19885044050795386, 2988.2880000000000109, 1, 2992.7119999999999891, 87.985508490341743482, 2988.2880000000000109, 1, 2992.7119999999999891, 0, 2988.2880000000000109, 1
2992.7319999999999709, 0, 2988.2930000000001201, 1, 2992.7319999999999709, 113.68297875844902478, 2988.2930000000001201, 1, 2992.7319999999999709, 93.637448070497924846, 2988.2930000000001201, 1, 2992.7319999999999709, 0, 2988.2930000000001201, 1
2992.7409999999999854, 0, 2988.2979999999997744, 1, 2992.7409999999999854, 111.64469437919856887, 2988.2979999999997744, 1, 2992.7409999999999854, 95.669218635795871819, 2988.2979999999997744, 1, 2992.7409999999999854, 0, 2988.2979999999997744, 1
2992.7420000000001892, 0, 2988.3029999999998836, 1, 2992.7420000000001892, 109.69819856548139114, 2988.3029999999998836, 1, 2992.7420000000001892, 97.529574433860844351, 2988.3029999999998836, 1, 2992.7420000000001892, 0, 2988.3029999999998836, 1
2992.7519999999999527, 0, 2988.3090000000001965, 1, 2992.7519999999999527, 107.94817432148319369, 2988.3090000000001965, 1, 2992.7519999999999527, 98.531684002779883258, 2988.3090000000001965, 1, 2992.7519999999999527, 0, 2988.3090000000001965, 1
2992.762000000000171, 0, 2988.3130000000001019, 1, 2992.762000000000171, 106.24631923179764215, 2988.3130000000001019, 1, 2992.762000000000171, 101.1600338043291174, 2988.3130000000001019, 1, 2992.762000000000171, 0, 2988.3130000000001019, 1
2992.7820000000001528, 0, 2988.31899999999996, 1, 2992.7820000000001528, 104.21523709756857556, 2988.31899999999996, 1, 2992.7820000000001528, 104.26682228191398849, 2988.31899999999996, 1, 2992.7820000000001528, 0, 2988.31899999999996, 1
2992.7820000000001528, 0, 2988.3240000000000691, 1, 2992.7820000000001528, 101.80468864095843173, 2988.3240000000000691, 1, 2992.7820000000001528, 109.36075510489266094, 2988.3240000000000691, 1, 2992.7820000000001528, 0, 2988.3240000000000691, 1
2992.7910000000001673, 0, 2988.3290000000001783, 1, 2992.7910000000001673, 99.476386480083633046, 2988.3290000000001783, 1, 2992.7910000000001673, 110.84172414403924734, 2988.3290000000001783, 1, 2992.7910000000001673, 0, 2988.3290000000001783, 1
2992.8119999999998981, 0, 2988.331000000000131, 1, 2992.8119999999998981, 97.485876641922970975, 2988.331000000000131, 1, 2992.8119999999998981, 106.89122411014514569, 2988.331000000000131, 1, 2992.8119999999998981, 0, 2988.331000000000131, 1
2992.8119999999998981, 309.1682808282445194, 2988.3389999999999418, 1, 2992.8119999999998981, 68.327151911667115769, 2988.3389999999999418, 0, 2992.8119999999998981, 112.95622774107306441, 2988.3389999999999418, 0, 2992.8119999999998981, 0, 2988.3389999999999418, 1
2992.8319999999998799, 306.15886649189798163, 2988.3429999999998472, 1, 2992.8319999999998799, 13.979852146048498795, 2988.3429999999998472, 0, 2992.8319999999998799, 123.62988379545669204, 2988.3429999999998472, 0, 2992.8319999999998799, 0, 2988.3429999999998472, 1
2992.8330000000000837, 153.96270034087103795, 2988.3479999999999563, 1, 2992.8330000000000837, 0, 2988.3479999999999563, 0, 2992.8330000000000837, 92.734713223142236416, 2988.3479999999999563, 0, 2992.8330000000000837, 0, 2988.3479999999999563, 1
2992.8420000000000982, 30.346211667241711041, 2988.3530000000000655, 1, 2992.8420000000000982, 0, 2988.3530000000000655, 0, 2992.8420000000000982, 52.793813108122549238, 2988.3530000000000655, 0, 2992.8420000000000982, 100.74777654272051564, 2988.3530000000000655, 1
2992.8519999999998618, 24.304969452812585473, 2988.3589999999999236, 1, 2992.8519999999998618, 0, 2988.3589999999999236, 0, 2992.8519999999998618, 27.213154919901551665, 2988.3589999999999236, 0, 2992.8519999999998618, 41.360730474935039069, 2988.3589999999999236, 1
2992.8730000000000473, 24.220818545352813089, 2988.362999999999829, 1, 2992.8730000000000473, 0, 2988.362999999999829, 0, 2992.8730000000000473, 30.683152915804896566, 2988.362999999999829, 0, 2992.8730000000000473, 27.993428994123217279, 2988.362999999999829, 1
2992.8730000000000473, 42.041336294410214691, 2988.3679999999999382, 1, 2992.8730000000000473, 0, 2988.3679999999999382, 0, 2992.8730000000000473, 34.343219814017459157, 2988.3679999999999382, 0, 2992.8730000000000473, 25.988419884363377577, 2988.3679999999999382, 1
2992.8809999999998581, 65.792565996646317217, 2988.3730000000000473, 1, 2992.8809999999998581, 53.160610930036853006, 2988.3730000000000473, 0, 2992.8809999999998581, 37.947622486674788433, 2988.3730000000000473, 0, 2992.8809999999998581, 28.39785745380858728, 2988.3730000000000473, 1
2992.8910000000000764, 77.002362575219137852, 2988.3789999999999054, 1, 2992.8910000000000764, 48.886440862595236467, 2988.3789999999999054, 0, 2992.8910000000000764, 39.823209677167611176, 2988.3789999999999054, 0, 2992.8910000000000764, 21.112786249267056604, 2988.3789999999999054, 1
2992.9020000000000437, 78.323531358893262677, 2988.3829999999998108, 1, 2992.9020000000000437, 54.66827744053406235, 2988.3829999999998108, 0, 2992.9020000000000437, 40.736231667015800895, 2988.3829999999998108, 0, 2992.9020000000000437, 19.997034783927990276, 2988.3829999999998108, 1
2992.9110000000000582, 51.291530126988433835, 2988.3890000000001237, 1, 2992.9110000000000582, 98.315751692427014063, 2988.3890000000001237, 0, 2992.9110000000000582, 134.87365033507512635, 2988.3890000000001237, 0, 2992.9110000000000582, 48.622300444583459011, 2988.3890000000001237, 1
2992.9209999999998217, 50.829206627789417894, 2988.3939999999997781, 1, 2992.9209999999998217, 0, 2988.3939999999997781, 0, 2992.9209999999998217, 20.302503660185518441, 2988.3939999999997781, 0, 2992.9209999999998217, 55.349578449120130585, 2988.3939999999997781, 1
2992.93100000000004, 82.528772614216151737, 2988.3980000000001382, 1, 2992.93100000000004, 0, 2988.3980000000001382, 0, 2992.93100000000004, 0, 2988.3980000000001382, 0, 2992.93100000000004, 60.271534823098278366, 2988.3980000000001382, 1
2992.9409999999998035, 100.40607701662077034, 2988.4039999999999964, 1, 2992.9409999999998035, 0, 2988.4039999999999964, 0, 2992.9409999999998035, 0, 2988.4039999999999964, 0, 2992.9409999999998035, 67.587724269570983893, 2988.4039999999999964, 1
2992.9510000000000218, 111.36037280064594768, 2988.4090000000001055, 1, 2992.9510000000000218, 0, 2988.4090000000001055, 0, 2992.9510000000000218, 0, 2988.4090000000001055, 0, 2992.9510000000000218, 72.155548336113042751, 2988.4090000000001055, 1
2992.9619999999999891, 116.73012231333450472, 2988.4130000000000109, 1, 2992.9619999999999891, 0, 2988.4130000000000109, 0, 2992.9619999999999891, 0, 2988.4130000000000109, 0, 2992.9619999999999891, 74.22190314913436282, 2988.4130000000000109, 1
2992.9720000000002074, 118.84013521404398261, 2988.4180000000001201, 1, 2992.9720000000002074, 0, 2988.4180000000001201, 0, 2992.9720000000002074, 0, 2988.4180000000001201, 0, 2992.9720000000002074, 75.682085245075143121, 2988.4180000000001201, 1
2992.9819999999999709, 119.34239457552025954, 2988.4229999999997744, 1, 2992.9819999999999709, 0, 2988.4229999999997744, 0, 2992.9819999999999709, 0, 2988.4229999999997744, 0, 2992.9819999999999709, 77.689695666416113795, 2988.4229999999997744, 1
2993.0019999999999527, 118.23625999979616097, 2988.4279999999998836, 1, 2993.0019999999999527, 0, 2988.4279999999998836, 0, 2993.0019999999999527, 0, 2988.4279999999998836, 0, 2993.0019999999999527, 81.422844964457340211, 2988.4279999999998836, 1
2993.0019999999999527, 117.50579631933533165, 2988.4329999999999927, 1, 2993.0019999999999527, 0, 2988.4329999999999927, 0, 2993.0019999999999527, 0, 2988.4329999999999927, 0, 2993.0019999999999527, 84.289649876151258923, 2988.4329999999999927, 1
2993.0219999999999345, 115.60018940880391369, 2988.4380000000001019, 1, 2993.0219999999999345, 0, 2988.4380000000001019, 0, 2993.0219999999999345, 0, 2988.4380000000001019, 0, 2993.0219999999999345, 89.06525770493109917, 2988.4380000000001019, 1
2993.0320000000001528, 113.69621285958493218, 2988.4420000000000073, 1, 2993.0320000000001528, 0, 2988.4420000000000073, 0, 2993.0320000000001528, 0, 2988.4420000000000073, 0, 2993.0320000000001528, 93.747759066516579196, 2988.4420000000000073, 1
2993.0419999999999163, 112.06797740563655452, 2988.4490000000000691, 1, 2993.0419999999999163, 0, 2988.4490000000000691, 0, 2993.0419999999999163, 0, 2988.4490000000000691, 0, 2993.0419999999999163, 96.703997482473184277, 2988.4490000000000691, 1
2993.0419999999999163, 110.65387462438624766, 2988.4529999999999745, 1, 2993.0419999999999163, 0, 2988.4529999999999745, 0, 2993.0419999999999163, 0, 2988.4529999999999745, 0, 2993.0419999999999163, 99.577167205728088106, 2988.4529999999999745, 1
2993.0520000000001346, 109.26154163718410928, 2988.4589999999998327, 1, 2993.0520000000001346, 0, 2988.4589999999998327, 0, 2993.0520000000001346, 0, 2988.4589999999998327, 0, 2993.0520000000001346, 101.93926568755284734, 2988.4589999999998327, 1
2993.0619999999998981, 108.2262566558598138, 2988.4630000000001928, 1, 2993.0619999999998981, 0, 2988.4630000000001928, 0, 2993.0619999999998981, 0, 2988.4630000000001928, 0, 2993.0619999999998981, 103.34885740412858013, 2988.4630000000001928, 1
2993.0720000000001164, 106.93224005305197011, 2988.4679999999998472, 1, 2993.0720000000001164, 0, 2988.4679999999998472, 0, 2993.0720000000001164, 0, 2988.4679999999998472, 0, 2993.0720000000001164, 105.00781938467943633, 2988.4679999999998472, 1
2993.0819999999998799, 105.38844751184075221, 2988.4720000000002074, 1, 2993.0819999999998799, 0, 2988.4720000000002074, 0, 2993.0819999999998799, 0, 2988.4720000000002074, 0, 2993.0819999999998799, 105.96801879023136905, 2988.4720000000002074, 1
2993.0920000000000982, 104.35288713025094864, 2988.4810000000002219, 1, 2993.0920000000000982, 0, 2988.4810000000002219, 0, 2993.0920000000000982, 0, 2988.4810000000002219, 0, 2993.0920000000000982, 108.66929623367985869, 2988.4810000000002219, 1
2993.1019999999998618, 103.125275667497732, 2988.4839999999999236, 1, 2993.1019999999998618, 0, 2988.4839999999999236, 0, 2993.1019999999998618, 0, 2988.4839999999999236, 0, 2993.1019999999998618, 111.68697590138867781, 2988.4839999999999236, 1
2993.1230000000000473, 101.08873697262174574, 2988.4890000000000327, 1, 2993.1230000000000473, 0, 2988.4890000000000327, 0, 2993.1230000000000473, 0, 2988.4890000000000327, 0, 2993.1230000000000473, 114.78743253611516195, 2988.4890000000000327, 1
2993.1230000000000473, 100.29534272481538437, 2988.4929999999999382, 1, 2993.1230000000000473, 0, 2988.4929999999999382, 0, 2993.1230000000000473, 0, 2988.4929999999999382, 0, 2993.1230000000000473, 114.19846409480092575, 2988.4929999999999382, 1
2993.1329999999998108, 98.626692531904410544, 2988.4980000000000473, 1, 2993.1329999999998108, 0, 2988.4980000000000473, 0, 2993.1329999999998108, 0, 2988.4980000000000473, 0, 2993.1329999999998108, 117.31408380584684892, 2988.4980000000000473, 1
2993.1419999999998254, 98.756321394055305518, 2988.5030000000001564, 1, 2993.1419999999998254, 289.78981232349730135, 2988.5030000000001564, 0, 2993.1419999999998254, 0, 2988.5030000000001564, 0, 2993.1419999999998254, 115.00512850051120495, 2988.5030000000001564, 1
2993.1520000000000437, 52.493104466770226679, 2988.5079999999998108, 1, 2993.1520000000000437, 292.3840483522304794, 2988.5079999999998108, 0, 2993.1520000000000437, 250.49890980274457775, 2988.5079999999998108, 0, 2993.1520000000000437, 110.93361937915736348, 2988.5079999999998108, 1
2993.1610000000000582, 2.8830485944974091339, 2988.51299999999992, 1, 2993.1610000000000582, 110.19103697825460131, 2988.51299999999992, 0, 2993.1610000000000582, 126.88358682678052958, 2988.51299999999992, 0, 2993.1610000000000582, 33.492808815567443048, 2988.51299999999992, 1
2993.1709999999998217, 0, 2988.5199999999999818, 1, 2993.1709999999998217, 30.476400010249086847, 2988.5199999999999818, 0, 2993.1709999999998217, 57.424516969020253043, 2988.5199999999999818, 0, 2993.1709999999998217, 37.540018563314248468, 2988.5199999999999818, 1
2993.18100000000004, 0, 2988.5239999999998872, 1, 2993.18100000000004, 14.310510351424255759, 2988.5239999999998872, 0, 2993.18100000000004, 29.003541763851405477, 2988.5239999999998872, 0, 2993.18100000000004, 41.412937594688010279, 2988.5239999999998872, 1
2993.1909999999998035, 0, 2988.5279999999997926, 1, 2993.1909999999998035, 25.953861396644430926, 2988.5279999999997926, 0, 2993.1909999999998035, 22.15121416619724215, 2988.5279999999997926, 0, 2993.1909999999998035, 44.953957271852750921, 2988.5279999999997926, 1
2993.2010000000000218, 53.455865915383824927, 2988.5329999999999018, 1, 2993.2010000000000218, 46.643013068269318921, 2988.5329999999999018, 0, 2993.2010000000000218, 25.46809155734149499, 2988.5329999999999018, 0, 2993.2010000000000218, 48.093129099763004319, 2988.5329999999999018, 1
2993.2109999999997854, 53.079333077955816123, 2988.5380000000000109, 1, 2993.2109999999997854, 51.776783214249135767, 2988.5380000000000109, 0, 2993.2109999999997854, 25.545696827768011872, 2988.5380000000000109, 0, 2993.2109999999997854, 54.22013602408134858, 2988.5380000000000109, 1
2993.2220000000002074, 58.233329143789418936, 2988.5430000000001201, 1, 2993.2220000000002074, 54.727247506800964061, 2988.5430000000001201, 0, 2993.2220000000002074, 26.763524900598369527, 2988.5430000000001201, 0, 2993.2220000000002074, 52.432610373443161222, 2988.5430000000001201, 1
2993.2310000000002219, 54.89992883658080558, 2988.5479999999997744, 1, 2993.2310000000002219, 60.82165429674092394, 2988.5479999999997744, 0, 2993.2310000000002219, 28.86127007329644556, 2988.5479999999997744, 0, 2993.2310000000002219, 40.61838431972118002, 2988.5479999999997744, 1
2993.2420000000001892, 33.404317666645106044, 2988.5529999999998836, 1, 2993.2420000000001892, 63.315447341004613691, 2988.5529999999998836, 0, 2993.2420000000001892, 54.391444238464522698, 2988.5529999999998836, 0, 2993.2420000000001892, 28.100237800638652175, 2988.5529999999998836, 1
2993.2510000000002037, 0, 2988.5579999999999927, 1, 2993.2510000000002037, 87.00007646999151234, 2988.5579999999999927, 0, 2993.2510000000002037, 74.423958945965978273, 2988.5579999999999927, 0, 2993.2510000000002037, 0, 2988.5579999999999927, 1
2993.2719999999999345, 0, 2988.5630000000001019, 1, 2993.2719999999999345, 108.15993218832025491, 2988.5630000000001019, 0, 2993.2719999999999345, 80.084650001213333326, 2988.5630000000001019, 0, 2993.2719999999999345, 0, 2988.5630000000001019, 1
2993.2820000000001528, 0, 2988.568000000000211, 1, 2993.2820000000001528, 119.43927671300366455, 2988.568000000000211, 0, 2993.2820000000001528, 75.779645026610324976, 2988.568000000000211, 0, 2993.2820000000001528, 0, 2988.568000000000211, 1
2993.2919999999999163, 0, 2988.5729999999998654, 1, 2993.2919999999999163, 124.93647702846840275, 2988.5729999999998654, 0, 2993.2919999999999163, 73.27851413861446872, 2988.5729999999998654, 0, 2993.2919999999999163, 0, 2988.5729999999998654, 1
2993.2919999999999163, 0, 2988.5779999999999745, 1, 2993.2919999999999163, 127.50447211621610677, 2988.5779999999999745, 0, 2993.2919999999999163, 69.029646887188675919, 2988.5779999999999745, 0, 2993.2919999999999163, 0, 2988.5779999999999745, 1
2993.3119999999998981, 0, 2988.5830000000000837, 1, 2993.3119999999998981, 127.41156185407575663, 2988.5830000000000837, 0, 2993.3119999999998981, 70.146876150755190338, 2988.5830000000000837, 0, 2993.3119999999998981, 0, 2988.5830000000000837, 1
2993.3220000000001164, 0, 2988.5889999999999418, 1, 2993.3220000000001164, 126.39343788208245201, 2988.5889999999999418, 1, 2993.3220000000001164, 72.762387769987697084, 2988.5889999999999418, 1, 2993.3220000000001164, 0, 2988.5889999999999418, 1
2993.3319999999998799, 0, 2988.5929999999998472, 1, 2993.3319999999998799, 124.66507707577625297, 2988.5929999999998472, 1, 2993.3319999999998799, 75.787559237990294037, 2988.5929999999998472, 1, 2993.3319999999998799, 0, 2988.5929999999998472, 1
2993.3420000000000982, 0, 2988.5990000000001601, 1, 2993.3420000000000982, 122.68005965928622913, 2988.5990000000001601, 1, 2993.3420000000000982, 79.41562864787675835, 2988.5990000000001601, 1, 2993.3420000000000982, 0, 2988.5990000000001601, 1
2993.3519999999998618, 0, 2988.6030000000000655, 1, 2993.3519999999998618, 120.16823815471911985, 2988.6030000000000655, 1, 2993.3519999999998618, 84.114634990394847591, 2988.6030000000000655, 1, 2993.3519999999998618, 0, 2988.6030000000000655, 1
2993.36200000000008, 0, 2988.6069999999999709, 1, 2993.36200000000008, 117.78848725924262908, 2988.6069999999999709, 1, 2993.36200000000008, 87.600794822263992501, 2988.6069999999999709, 1, 2993.36200000000008, 0, 2988.6069999999999709, 1
2993.36200000000008, 0, 2988.612999999999829, 1, 2993.36200000000008, 115.52478464757385268, 2988.612999999999829, 1, 2993.36200000000008, 92.881814540802565716, 2988.612999999999829, 1, 2993.36200000000008, 0, 2988.612999999999829, 1
2993.3730000000000473, 0, 2988.6179999999999382, 1, 2993.3730000000000473, 113.56601007821495841, 2988.6179999999999382, 1, 2993.3730000000000473, 91.451068090076120143, 2988.6179999999999382, 1, 2993.3730000000000473, 0, 2988.6179999999999382, 1
2993.3919999999998254, 0, 2988.6239999999997963, 1, 2993.3919999999998254, 110.93453072846460827, 2988.6239999999997963, 1, 2993.3919999999998254, 94.318624543698604157, 2988.6239999999997963, 1, 2993.3919999999998254, 0, 2988.6239999999997963, 1
2993.3919999999998254, 0, 2988.6280000000001564, 1, 2993.3919999999998254, 109.13744172786003617, 2988.6280000000001564, 1, 2993.3919999999998254, 95.241550969799163795, 2988.6280000000001564, 1, 2993.3919999999998254, 0, 2988.6280000000001564, 1
2993.4119999999998072, 0, 2988.6329999999998108, 1, 2993.4119999999998072, 107.09324769717974846, 2988.6329999999998108, 1, 2993.4119999999998072, 97.575856719814311191, 2988.6329999999998108, 1, 2993.4119999999998072, 0, 2988.6329999999998108, 1
2993.4119999999998072, 0, 2988.6390000000001237, 1, 2993.4119999999998072, 105.41208085175804854, 2988.6390000000001237, 1, 2993.4119999999998072, 100.16766361343084668, 2988.6390000000001237, 1, 2993.4119999999998072, 0, 2988.6390000000001237, 1
2993.4209999999998217, 0, 2988.6460000000001855, 1, 2993.4209999999998217, 103.66860486956373677, 2988.6460000000001855, 1, 2993.4209999999998217, 102.94030689946083612, 2988.6460000000001855, 1, 2993.4209999999998217, 0, 2988.6460000000001855, 1
2993.431999999999789, 0, 2988.6480000000001382, 1, 2993.431999999999789, 100.73161267363880711, 2988.6480000000001382, 1, 2993.431999999999789, 105.89025349793206487, 2988.6480000000001382, 1, 2993.431999999999789, 0, 2988.6480000000001382, 1
2993.4420000000000073, 0, 2988.6520000000000437, 1, 2993.4420000000000073, 99.04165464008320896, 2988.6520000000000437, 1, 2993.4420000000000073, 108.14745075909802097, 2988.6520000000000437, 1, 2993.4420000000000073, 0, 2988.6520000000000437, 1
2993.4529999999999745, 0, 2988.6590000000001055, 1, 2993.4529999999999745, 96.864738874219824538, 2988.6590000000001055, 1, 2993.4529999999999745, 110.55425542922581883, 2988.6590000000001055, 1, 2993.4529999999999745, 0, 2988.6590000000001055, 1
2993.4619999999999891, 302.56801141821063084, 2988.6619999999998072, 0, 2993.4619999999999891, 68.863140026549629624, 2988.6619999999998072, 1, 2993.4619999999999891, 113.74902394395795113, 2988.6619999999998072, 1, 2993.4619999999999891, 0, 2988.6619999999998072, 0
2993.4819999999999709, 292.05795702151505111, 2988.6680000000001201, 0, 2993.4819999999999709, 14.012513659909480168, 2988.6680000000001201, 1, 2993.4819999999999709, 121.86256538368355962, 2988.6680000000001201, 1, 2993.4819999999999709, 0, 2988.6680000000001201, 0
2993.4819999999999709, 165.93884108883270301, 2988.6729999999997744, 0, 2993.4819999999999709, 0, 2988.6729999999997744, 1, 2993.4819999999999709, 94.813529366925834552, 2988.6729999999997744, 1, 2993.4819999999999709, 0, 2988.6729999999997744, 0
2993.4920000000001892, 37.499925121128100614, 2988.6790000000000873, 0, 2993.4920000000001892, 0, 2988.6790000000000873, 1, 2993.4920000000001892, 49.080105376466725886, 2988.6790000000000873, 1, 2993.4920000000001892, 105.21939044931639273, 2988.6790000000000873, 0
2993.512000000000171, 19.889859960775524428, 2988.6840000000001965, 0, 2993.512000000000171, 0, 2988.6840000000001965, 1, 2993.512000000000171, 23.817774648143540617, 2988.6840000000001965, 1, 2993.512000000000171, 36.694176425221421312, 2988.6840000000001965, 0
2993.512000000000171, 21.18525868485362551, 2988.6880000000001019, 0, 2993.512000000000171, 0, 2988.6880000000001019, 1, 2993.512000000000171, 29.695354846011436933, 2988.6880000000001019, 1, 2993.512000000000171, 24.057353281413675461, 2988.6880000000001019, 0
2993.5219999999999345, 40.357621600191450284, 2988.693000000000211, 0, 2993.5219999999999345, 0, 2988.693000000000211, 1, 2993.5219999999999345, 34.175325349976859002, 2988.693000000000211, 1, 2993.5219999999999345, 25.846965210235115507, 2988.693000000000211, 0
2993.5320000000001528, 64.230975989475965093, 2988.6979999999998654, 0, 2993.5320000000001528, 0, 2988.6979999999998654, 1, 2993.5320000000001528, 36.383564400755801671, 2988.6979999999998654, 1, 2993.5320000000001528, 28.693417499860355946, 2988.6979999999998654, 0
2993.5430000000001201, 79.840185712507221183, 2988.7049999999999272, 0, 2993.5430000000001201, 72.209165156262727692, 2988.7049999999999272, 1, 2993.5430000000001201, 39.24536281239577562, 2988.7049999999999272, 1, 2993.5430000000001201, 27.76558919637032119, 2988.7049999999999272, 0
2993.5520000000001346, 78.81157972615291385, 2988.7100000000000364, 0, 2993.5520000000001346, 60.462126074986706215, 2988.7100000000000364, 1, 2993.5520000000001346, 39.042465325270207188, 2988.7100000000000364, 1, 2993.5520000000001346, 21.383580141254725504, 2988.7100000000000364, 0
2993.5740000000000691, 40.369522327118353644, 2988.7130000000001928, 0, 2993.5740000000000691, 125.93214576892717105, 2988.7130000000001928, 1, 2993.5740000000000691, 140.4624407361510805, 2988.7130000000001928, 1, 2993.5740000000000691, 48.582300137800132234, 2988.7130000000001928, 0
2993.5929999999998472, 79.938776833606056016, 2988.7179999999998472, 0, 2993.5929999999998472, 0, 2988.7179999999998472, 1, 2993.5929999999998472, 0, 2988.7179999999998472, 1, 2993.5929999999998472, 57.160117428822559305, 2988.7179999999998472, 0
2993.5929999999998472, 98.914003162378094203, 2988.7229999999999563, 0, 2993.5929999999998472, 0, 2988.7229999999999563, 1, 2993.5929999999998472, 0, 2988.7229999999999563, 1, 2993.5929999999998472, 70.089041626640181448, 2988.7229999999999563, 0
2993.6030000000000655, 111.9402779842432949, 2988.7289999999998145, 0, 2993.6030000000000655, 0, 2988.7289999999998145, 1, 2993.6030000000000655, 0, 2988.7289999999998145, 1, 2993.6030000000000655, 71.733091345583034126, 2988.7289999999998145, 0
2993.612999999999829, 116.56295834499105979, 2988.7330000000001746, 0, 2993.612999999999829, 0, 2988.7330000000001746, 1, 2993.612999999999829, 0, 2988.7330000000001746, 1, 2993.612999999999829, 73.514049114297449705, 2988.7330000000001746, 0
2993.6230000000000473, 118.97043599434746852, 2988.7390000000000327, 0, 2993.6230000000000473, 0, 2988.7390000000000327, 1, 2993.6230000000000473, 0, 2988.7390000000000327, 1, 2993.6230000000000473, 74.669567162208281275, 2988.7390000000000327, 0
2993.6340000000000146, 119.48019224666221305, 2988.7440000000001419, 0, 2993.6340000000000146, 0, 2988.7440000000001419, 1, 2993.6340000000000146, 0, 2988.7440000000001419, 1, 2993.6340000000000146, 77.322444146589504044, 2988.7440000000001419, 0
2993.6539999999999964, 119.00315755859830347, 2988.7489999999997963, 0, 2993.6539999999999964, 0, 2988.7489999999997963, 1, 2993.6539999999999964, 0, 2988.7489999999997963, 1, 2993.6539999999999964, 80.100372446181580699, 2988.7489999999997963, 0
2993.6539999999999964, 118.29052918748408274, 2988.7530000000001564, 0, 2993.6539999999999964, 0, 2988.7530000000001564, 1, 2993.6539999999999964, 0, 2988.7530000000001564, 1, 2993.6539999999999964, 82.152469785742340491, 2988.7530000000001564, 0
2993.6630000000000109, 116.10163870054944368, 2988.7590000000000146, 0, 2993.6630000000000109, 0, 2988.7590000000000146, 1, 2993.6630000000000109, 0, 2988.7590000000000146, 1, 2993.6630000000000109, 87.784125245170045559, 2988.7590000000000146, 0
2993.6720000000000255, 115.00982551174803348, 2988.76299999999992, 0, 2993.6720000000000255, 0, 2988.76299999999992, 1, 2993.6720000000000255, 0, 2988.76299999999992, 1, 2993.6720000000000255, 90.571426898011765161, 2988.76299999999992, 0
2993.6829999999999927, 112.96240855257545377, 2988.7699999999999818, 0, 2993.6829999999999927, 0, 2988.7699999999999818, 1, 2993.6829999999999927, 0, 2988.7699999999999818, 1, 2993.6829999999999927, 95.612364442188493285, 2988.7699999999999818, 0
2993.693000000000211, 110.96475204675337523, 2988.7730000000001382, 0, 2993.693000000000211, 0, 2988.7730000000001382, 1, 2993.693000000000211, 0, 2988.7730000000001382, 1, 2993.693000000000211, 99.132691372608263691, 2988.7730000000001382, 0
2993.7029999999999745, 107.14178153537741878, 2988.7789999999999964, 0, 2993.7029999999999745, 0, 2988.7789999999999964, 1, 2993.7029999999999745, 0, 2988.7789999999999964, 1, 2993.7029999999999745, 99.211854397925250737, 2988.7789999999999964, 0
2993.7220000000002074, 102.37514940368119198, 2988.7829999999999018, 0, 2993.7220000000002074, 0, 2988.7829999999999018, 1, 2993.7220000000002074, 0, 2988.7829999999999018, 1, 2993.7220000000002074, 99.153737907026766152, 2988.7829999999999018, 0
2993.7229999999999563, 103.70508217652506744, 2988.7890000000002146, 0, 2993.7229999999999563, 0, 2988.7890000000002146, 1, 2993.7229999999999563, 0, 2988.7890000000002146, 1, 2993.7229999999999563, 100.86454371348787618, 2988.7890000000002146, 0
2993.7319999999999709, 106.95963765829712599, 2988.7930000000001201, 0, 2993.7319999999999709, 0, 2988.7930000000001201, 1, 2993.7319999999999709, 0, 2988.7930000000001201, 1, 2993.7319999999999709, 104.65207683636182878, 2988.7930000000001201, 0
2993.7429999999999382, 106.87361755930737672, 2988.7979999999997744, 0, 2993.7429999999999382, 0, 2988.7979999999997744, 1, 2993.7429999999999382, 0, 2988.7979999999997744, 1, 2993.7429999999999382, 107.51267261870867742, 2988.7979999999997744, 0
2993.7530000000001564, 105.55579221968666559, 2988.8029999999998836, 0, 2993.7530000000001564, 0, 2988.8029999999998836, 1, 2993.7530000000001564, 0, 2988.8029999999998836, 1, 2993.7530000000001564, 110.90059210549651425, 2988.8029999999998836, 0
2993.762000000000171, 103.07121153092059274, 2988.8079999999999927, 0, 2993.762000000000171, 0, 2988.8079999999999927, 1, 2993.762000000000171, 0, 2988.8079999999999927, 1, 2993.762000000000171, 114.51957050645501113, 2988.8079999999999927, 0
2993.7719999999999345, 100.50877051246304461, 2988.8130000000001019, 0, 2993.7719999999999345, 0, 2988.8130000000001019, 1, 2993.7719999999999345, 0, 2988.8130000000001019, 1, 2993.7719999999999345, 117.33483693991834684, 2988.8130000000001019, 0
2993.7820000000001528, 99.499438061305824021, 2988.81899999999996, 0, 2993.7820000000001528, 0, 2988.81899999999996, 1, 2993.7820000000001528, 0, 2988.81899999999996, 1, 2993.7820000000001528, 114.83945715027411438, 2988.81899999999996, 0
2993.7930000000001201, 91.158171463781712873, 2988.8229999999998654, 0, 2993.7930000000001201, 329.1336333779497636, 2988.8229999999998654, 1, 2993.7930000000001201, 0, 2988.8229999999998654, 1, 2993.7930000000001201, 111.0970478381844373, 2988.8229999999998654, 0
2993.8029999999998836, 31.00211163143300297, 2988.8279999999999745, 0, 2993.8029999999998836, 319.88912742921985455, 2988.8279999999999745, 1, 2993.8029999999998836, 327.9760584494174509, 2988.8279999999999745, 1, 2993.8029999999998836, 107.47646174594395063, 2988.8279999999999745, 0
2993.8130000000001019, 0, 2988.8330000000000837, 0, 2993.8130000000001019, 65.723816845670597786, 2988.8330000000000837, 1, 2993.8130000000001019, 92.289734782572367067, 2988.8330000000000837, 1, 2993.8130000000001019, 29.901780336107307789, 2988.8330000000000837, 0
2993.8220000000001164, 0, 2988.8380000000001928, 0, 2993.8220000000001164, 14.082635034282180442, 2988.8380000000001928, 1, 2993.8220000000001164, 34.922012453443329605, 2988.8380000000001928, 1, 2993.8220000000001164, 37.906317352736436987, 2988.8380000000001928, 0
2993.8319999999998799, 0, 2988.8429999999998472, 0, 2993.8319999999998799, 9.2519172371367570662, 2988.8429999999998472, 1, 2993.8319999999998799, 19.88568311741029504, 2988.8429999999998472, 1, 2993.8319999999998799, 40.863336975948584495, 2988.8429999999998472, 0
2993.8440000000000509, 0, 2988.8470000000002074, 0, 2993.8440000000000509, 25.30482019007897776, 2988.8470000000002074, 1, 2993.8440000000000509, 18.329745554240446381, 2988.8470000000002074, 1, 2993.8440000000000509, 48.024901272182418666, 2988.8470000000002074, 0
2993.8519999999998618, 60.085135313325189088, 2988.8530000000000655, 0, 2993.8519999999998618, 48.454250469182341021, 2988.8530000000000655, 1, 2993.8519999999998618, 24.076442524630753184, 2988.8530000000000655, 1, 2993.8519999999998618, 50.186797245496975961, 2988.8530000000000655, 0
2993.862999999999829, 58.216216961325756074, 2988.8580000000001746, 0, 2993.862999999999829, 57.44093881658893963, 2988.8580000000001746, 1, 2993.862999999999829, 26.646633659955938356, 2988.8580000000001746, 1, 2993.862999999999829, 56.812276749823922728, 2988.8580000000001746, 0
2993.8730000000000473, 60.107288370959068402, 2988.862999999999829, 0, 2993.8730000000000473, 57.15139297696004661, 2988.862999999999829, 1, 2993.8730000000000473, 27.190973786717634653, 2988.862999999999829, 1, 2993.8730000000000473, 53.850575149332982505, 2988.862999999999829, 0
2993.8829999999998108, 66.012260423588912772, 2988.8690000000001419, 0, 2993.8829999999998108, 57.218312292477548908, 2988.8690000000001419, 1, 2993.8829999999998108, 28.368517181375917602, 2988.8690000000001419, 1, 2993.8829999999998108, 57.86519869160843399, 2988.8690000000001419, 0
2993.8939999999997781, 45.934517433304861811, 2988.8730000000000473, 0, 2993.8939999999997781, 58.316912518400883414, 2988.8730000000000473, 1, 2993.8939999999997781, 48.405888364930738987, 2988.8730000000000473, 1, 2993.8939999999997781, 37.509270902413156534, 2988.8730000000000473, 0
2993.9029999999997926, 0, 2988.8789999999999054, 0, 2993.9029999999997926, 88.327624761071263038, 2988.8789999999999054, 1, 2993.9029999999997926, 74.869754887490401529, 2988.8789999999999054, 1, 2993.9029999999997926, 0, 2988.8789999999999054, 0
2993.9130000000000109, 0, 2988.8829999999998108, 0, 2993.9130000000000109, 107.17139264798741749, 2988.8829999999998108, 1, 2993.9130000000000109, 80.879121155687101918, 2988.8829999999998108, 1, 2993.9130000000000109, 0, 2988.8829999999998108, 0
2993.9229999999997744, 0, 2988.8890000000001237, 0, 2993.9229999999997744, 119.38037233956731598, 2988.8890000000001237, 1, 2993.9229999999997744, 76.445884425469245116, 2988.8890000000001237, 1, 2993.9229999999997744, 0, 2988.8890000000001237, 0
2993.9329999999999927, 0, 2988.8930000000000291, 0, 2993.9329999999999927, 124.78103873319187755, 2988.8930000000000291, 1, 2993.9329999999999927, 72.110587392557988551, 2988.8930000000000291, 1, 2993.9329999999999927, 0, 2988.8930000000000291, 0
2993.9420000000000073, 0, 2988.8989999999998872, 0, 2993.9420000000000073, 126.5469621248235228, 2988.8989999999998872, 1, 2993.9420000000000073, 70.64431257300864786, 2988.8989999999998872, 1, 2993.9420000000000073, 0, 2988.8989999999998872, 0
2993.9529999999999745, 0, 2988.9029999999997926, 0, 2993.9529999999999745, 127.03399438394927756, 2988.9029999999997926, 1, 2993.9529999999999745, 70.01583489184940845, 2988.9029999999997926, 1, 2993.9529999999999745, 0, 2988.9029999999997926, 0
2993.9619999999999891, 0, 2988.9090000000001055, 0, 2993.9619999999999891, 125.98476744958810514, 2988.9090000000001055, 1, 2993.9619999999999891, 72.623609111627786206, 2988.9090000000001055, 1, 2993.9619999999999891, 0, 2988.9090000000001055, 0
2993.9729999999999563, 0, 2988.9130000000000109, 0, 2993.9729999999999563, 124.01903505502470182, 2988.9130000000000109, 1, 2993.9729999999999563, 75.863824591237857931, 2988.9130000000000109, 1, 2993.9729999999999563, 0, 2988.9130000000000109, 0
2993.9839999999999236, 0, 2988.9180000000001201, 1, 2993.9839999999999236, 121.85458306519855398, 2988.9180000000001201, 1, 2993.9839999999999236, 80.577944889670689577, 2988.9180000000001201, 1, 2993.9839999999999236, 0, 2988.9180000000001201, 1
2993.9920000000001892, 0, 2988.9229999999997744, 1, 2993.9920000000001892, 119.74272327838338015, 2988.9229999999997744, 1, 2993.9920000000001892, 83.477686364543458808, 2988.9229999999997744, 1, 2993.9920000000001892, 0, 2988.9229999999997744, 1
2994.0019999999999527, 0, 2988.9279999999998836, 1, 2994.0019999999999527, 117.53887463645304479, 2988.9279999999998836, 1, 2994.0019999999999527, 86.428510235925386951, 2988.9279999999998836, 1, 2994.0019999999999527, 0, 2988.9279999999998836, 1
2994.012000000000171, 0, 2988.9329999999999927, 1, 2994.012000000000171, 114.07570122815843661, 2988.9329999999999927, 1, 2994.012000000000171, 91.681017378774129156, 2988.9329999999999927, 1, 2994.012000000000171, 0, 2988.9329999999999927, 1
2994.0230000000001382, 0, 2988.9389999999998508, 1, 2994.0230000000001382, 113.37730617397897959, 2988.9389999999998508, 1, 2994.0230000000001382, 94.010164931189393656, 2988.9389999999998508, 1, 2994.0230000000001382, 0, 2988.9389999999998508, 1
2994.0320000000001528, 0, 2988.943000000000211, 1, 2994.0320000000001528, 110.5591057041170302, 2988.943000000000211, 1, 2994.0320000000001528, 96.962820603779476869, 2988.943000000000211, 1, 2994.0320000000001528, 0, 2988.943000000000211, 1
2994.0419999999999163, 0, 2988.9479999999998654, 1, 2994.0419999999999163, 108.81830948903674994, 2988.9479999999998654, 1, 2994.0419999999999163, 98.782231843153979867, 2988.9479999999998654, 1, 2994.0419999999999163, 0, 2988.9479999999998654, 1
2994.0529999999998836, 0, 2988.9529999999999745, 1, 2994.0529999999998836, 107.09068614128267427, 2988.9529999999999745, 1, 2994.0529999999998836, 100.80035043411780293, 2988.9529999999999745, 1, 2994.0529999999998836, 0, 2988.9529999999999745, 1
2994.0619999999998981, 0, 2988.9589999999998327, 1, 2994.0619999999998981, 105.17351717583483151, 2988.9589999999998327, 1, 2994.0619999999998981, 102.63374882574828462, 2988.9589999999998327, 1, 2994.0619999999998981, 0, 2988.9589999999998327, 1
2994.0720000000001164, 0, 2988.9639999999999418, 1, 2994.0720000000001164, 102.53291227222231896, 2988.9639999999999418, 1, 2994.0720000000001164, 102.97659337823148462, 2988.9639999999999418, 1, 2994.0720000000001164, 0, 2988.9639999999999418, 1
2994.0830000000000837, 0, 2988.9679999999998472, 1, 2994.0830000000000837, 100.77490636512288802, 2988.9679999999998472, 1, 2994.0830000000000837, 106.45839901505270575, 2988.9679999999998472, 1, 2994.0830000000000837, 0, 2988.9679999999998472, 1
2994.0929999999998472, 0, 2988.9729999999999563, 1, 2994.0929999999998472, 98.266647093867092622, 2988.9729999999999563, 1, 2994.0929999999998472, 110.72505176864174814, 2988.9729999999999563, 1, 2994.0929999999998472, 0, 2988.9729999999999563, 1
2994.1019999999998618, 0, 2988.9780000000000655, 1, 2994.1019999999998618, 96.713289114945482083, 2988.9780000000000655, 1, 2994.1019999999998618, 113.53743319950045532, 2988.9780000000000655, 1, 2994.1019999999998618, 0, 2988.9780000000000655, 1
2994.11200000000008, 305.60873734279493874, 2988.9830000000001746, 1, 2994.11200000000008, 62.661992703924596526, 2988.9830000000001746, 1, 2994.11200000000008, 115.24813542320799797, 2988.9830000000001746, 1, 2994.11200000000008, 0, 2988.9830000000001746, 1
2994.1230000000000473, 288.32122100929922226, 2988.987999999999829, 1, 2994.1230000000000473, 10.474452415807562033, 2988.987999999999829, 1, 2994.1230000000000473, 121.33774748897138807, 2988.987999999999829, 1, 2994.1230000000000473, 0, 2988.987999999999829, 1
2994.1329999999998108, 126.84556967281486095, 2988.9929999999999382, 1, 2994.1329999999998108, 0, 2988.9929999999999382, 0, 2994.1329999999998108, 89.438561907420393027, 2988.9929999999999382, 0, 2994.1329999999998108, 0, 2988.9929999999999382, 1
2994.1419999999998254, 34.096544155766387973, 2988.9980000000000473, 1, 2994.1419999999998254, 0, 2988.9980000000000473, 0, 2994.1419999999998254, 45.262324842274630043, 2988.9980000000000473, 0, 2994.1419999999998254, 99.450750381376820997, 2988.9980000000000473, 1
2994.1529999999997926, 19.778732005567057683, 2989.0019999999999527, 1, 2994.1529999999997926, 0, 2989.0019999999999527, 0, 2994.1529999999997926, 26.669485645946242158, 2989.0019999999999527, 0, 2994.1529999999997926, 34.448846338184218041, 2989.0019999999999527, 1
2994.1630000000000109, 23.951307033902672572, 2989.0079999999998108, 1, 2994.1630000000000109, 0, 2989.0079999999998108, 0, 2994.1630000000000109, 29.748972144637377824, 2989.0079999999998108, 0, 2994.1630000000000109, 24.910924230946090319, 2989.0079999999998108, 1
2994.1729999999997744, 44.083076323604799995, 2989.01299999999992, 1, 2994.1729999999997744, 52.489669928310327407, 2989.01299999999992, 0, 2994.1729999999997744, 34.674275127374563965, 2989.01299999999992, 0, 2994.1729999999997744, 24.497090502611399643, 2989.01299999999992, 1
2994.1840000000001965, 63.686209200429331645, 2989.0189999999997781, 1, 2994.1840000000001965, 36.08365167648666727, 2989.0189999999997781, 0, 2994.1840000000001965, 40.068427911395446017, 2989.0189999999997781, 0, 2994.1840000000001965, 18.416468933935014718, 2989.0189999999997781, 1
2994.193000000000211, 73.526185391259687663, 2989.0230000000001382, 1, 2994.193000000000211, 44.990722783540455509, 2989.0230000000001382, 0, 2994.193000000000211, 42.33410432669131751, 2989.0230000000001382, 0, 2994.193000000000211, 18.43098132726540328, 2989.0230000000001382, 1
2994.2029999999999745, 75.82740729614704378, 2989.0279999999997926, 1, 2994.2029999999999745, 76.119941922482269092, 2989.0279999999997926, 0, 2994.2029999999999745, 68.854281722417908895, 2989.0279999999997926, 0, 2994.2029999999999745, 22.185891445949408762, 2989.0279999999997926, 1
2994.2130000000001928, 33.616496219338174001, 2989.0329999999999018, 1, 2994.2130000000001928, 98.349624878035399433, 2989.0329999999999018, 0, 2994.2130000000001928, 117.02277370789950339, 2989.0329999999999018, 0, 2994.2130000000001928, 47.531304033974564049, 2989.0329999999999018, 1
2994.2229999999999563, 59.110740584831169997, 2989.0390000000002146, 1, 2994.2229999999999563, 0, 2989.0390000000002146, 0, 2994.2229999999999563, 0, 2989.0390000000002146, 0, 2994.2229999999999563, 52.869262373240303532, 2989.0390000000002146, 1
2994.2429999999999382, 88.119633024284041767, 2989.043999999999869, 1, 2994.2429999999999382, 0, 2989.043999999999869, 0, 2994.2429999999999382, 0, 2989.043999999999869, 0, 2994.2429999999999382, 64.324131699802819639, 2989.043999999999869, 1
2994.2429999999999382, 105.86709450333304972, 2989.0479999999997744, 1, 2994.2429999999999382, 0, 2989.0479999999997744, 0, 2994.2429999999999382, 0, 2989.0479999999997744, 0, 2994.2429999999999382, 70.136333453390733439, 2989.0479999999997744, 1
2994.2530000000001564, 112.77829932383161804, 2989.0540000000000873, 1, 2994.2530000000001564, 0, 2989.0540000000000873, 0, 2994.2530000000001564, 0, 2989.0540000000000873, 0, 2994.2530000000001564, 72.751364593686048465, 2989.0540000000000873, 1
2994.26299999999992, 117.92259106032909699, 2989.0579999999999927, 1, 2994.26299999999992, 0, 2989.0579999999999927, 0, 2994.26299999999992, 0, 2989.0579999999999927, 0, 2994.26299999999992, 75.816672642373902136, 2989.0579999999999927, 1
2994.2730000000001382, 120.24002449791481695, 2989.0650000000000546, 1, 2994.2730000000001382, 0, 2989.0650000000000546, 0, 2994.2730000000001382, 0, 2989.0650000000000546, 0, 2994.2730000000001382, 75.803465355098410328, 2989.0650000000000546, 1
2994.2829999999999018, 120.75513998183578224, 2989.068000000000211, 1, 2994.2829999999999018, 0, 2989.068000000000211, 0, 2994.2829999999999018, 0, 2989.068000000000211, 0, 2994.2829999999999018, 77.129663160787202969, 2989.068000000000211, 1
2994.2930000000001201, 119.72777897578649231, 2989.0729999999998654, 1, 2994.2930000000001201, 0, 2989.0729999999998654, 0, 2994.2930000000001201, 0, 2989.0729999999998654, 0, 2994.2930000000001201, 79.909539383948811064, 2989.0729999999998654, 1
2994.3029999999998836, 117.69806623108502208, 2989.0779999999999745, 1, 2994.3029999999998836, 0, 2989.0779999999999745, 0, 2994.3029999999998836, 0, 2989.0779999999999745, 0, 2994.3029999999998836, 85.43114643523990992, 2989.0779999999999745, 1
2994.3130000000001019, 116.78599791269564889, 2989.0839999999998327, 1, 2994.3130000000001019, 0, 2989.0839999999998327, 0, 2994.3130000000001019, 0, 2989.0839999999998327, 0, 2994.3130000000001019, 87.802290182618250469, 2989.0839999999998327, 1
2994.3229999999998654, 114.62345567803203039, 2989.0880000000001928, 1, 2994.3229999999998654, 0, 2989.0880000000001928, 0, 2994.3229999999998654, 0, 2989.0880000000001928, 0, 2994.3229999999998654, 92.652419520300156819, 2989.0880000000001928, 1
2994.3330000000000837, 112.83342936711791538, 2989.0929999999998472, 1, 2994.3330000000000837, 0, 2989.0929999999998472, 0, 2994.3330000000000837, 0, 2989.0929999999998472, 0, 2994.3330000000000837, 96.505344160094708172, 2989.0929999999998472, 1
2994.3420000000000982, 111.10697430280744413, 2989.0970000000002074, 1, 2994.3420000000000982, 0, 2989.0970000000002074, 0, 2994.3420000000000982, 0, 2989.0970000000002074, 0, 2994.3420000000000982, 99.225226927581218206, 2989.0970000000002074, 1
2994.3530000000000655, 109.88625094051434417, 2989.1030000000000655, 1, 2994.3530000000000655, 0, 2989.1030000000000655, 0, 2994.3530000000000655, 0, 2989.1030000000000655, 0, 2994.3530000000000655, 100.93551292385370743, 2989.1030000000000655, 1
2994.362999999999829, 108.68076241874277343, 2989.1089999999999236, 1, 2994.362999999999829, 0, 2989.1089999999999236, 0, 2994.362999999999829, 0, 2989.1089999999999236, 0, 2994.362999999999829, 102.41272557852042269, 2989.1089999999999236, 1
2994.3730000000000473, 107.5226584406684367, 2989.1140000000000327, 1, 2994.3730000000000473, 0, 2989.1140000000000327, 0, 2994.3730000000000473, 0, 2989.1140000000000327, 0, 2994.3730000000000473, 104.01446116715355572, 2989.1140000000000327, 1
2994.3829999999998108, 106.40981997835925199, 2989.1179999999999382, 1, 2994.3829999999998108, 0, 2989.1179999999999382, 0, 2994.3829999999998108, 0, 2989.1179999999999382, 0, 2994.3829999999998108, 105.96957252620916279, 2989.1179999999999382, 1
2994.3930000000000291, 104.85606913894275749, 2989.1230000000000473, 1, 2994.3930000000000291, 0, 2989.1230000000000473, 0, 2994.3930000000000291, 0, 2989.1230000000000473, 0, 2994.3930000000000291, 107.77832533929776559, 2989.1230000000000473, 1
2994.4029999999997926, 103.40215164347155508, 2989.1309999999998581, 1, 2994.4029999999997926, 0, 2989.1309999999998581, 0, 2994.4029999999997926, 0, 2989.1309999999998581, 0, 2994.4029999999997926, 111.2769298966748579, 2989.1309999999998581, 1
2994.4130000000000109, 101.91691351924191622, 2989.1329999999998108, 1, 2994.4130000000000109, 0, 2989.1329999999998108, 0, 2994.4130000000000109, 0, 2989.1329999999998108, 0, 2994.4130000000000109, 114.07633761004649386, 2989.1329999999998108, 1
2994.4229999999997744, 100.05690227418452309, 2989.13799999999992, 1, 2994.4229999999997744, 0, 2989.13799999999992, 0, 2994.4229999999997744, 0, 2989.13799999999992, 0, 2994.4229999999997744, 117.02108711803779784, 2989.13799999999992, 1
2994.4329999999999927, 99.203336544423507348, 2989.1430000000000291, 1, 2994.4329999999999927, 0, 2989.1430000000000291, 0, 2994.4329999999999927, 0, 2989.1430000000000291, 0, 2994.4329999999999927, 115.00100767238944854, 2989.1430000000000291, 1
2994.443000000000211, 98.478376883369222128, 2989.1480000000001382, 1, 2994.443000000000211, 315.3201172984980758, 2989.1480000000001382, 0, 2994.443000000000211, 0, 2989.1480000000001382, 0, 2994.443000000000211, 114.90214857193814169, 2989.1480000000001382, 1
2994.4529999999999745, 43.99000758770704067, 2989.1539999999999964, 1, 2994.4529999999999745, 279.30841080871675786, 2989.1539999999999964, 0, 2994.4529999999999745, 232.14851653056888381, 2989.1539999999999964, 0, 2994.4529999999999745, 103.33921583621591367, 2989.1539999999999964, 1
2994.4630000000001928, 1.4871367308048168976, 2989.1579999999999018, 1, 2994.4630000000001928, 92.308001922000897821, 2989.1579999999999018, 0, 2994.4630000000001928, 110.30464515346179155, 2989.1579999999999018, 0, 2994.4630000000001928, 33.441935967121899864, 2989.1579999999999018, 1
2994.4720000000002074, 0, 2989.1630000000000109, 1, 2994.4720000000002074, 26.8747663401311776, 2989.1630000000000109, 0, 2994.4720000000002074, 50.527483119454089433, 2989.1630000000000109, 0, 2994.4720000000002074, 38.228070271468226338, 2989.1630000000000109, 1
2994.4830000000001746, 0, 2989.1680000000001201, 1, 2994.4830000000001746, 17.257485303826619827, 2989.1680000000001201, 0, 2994.4830000000001746, 27.96080733501820248, 2989.1680000000001201, 0, 2994.4830000000001746, 42.390758252996270983, 2989.1680000000001201, 1
2994.4929999999999382, 0, 2989.1739999999999782, 1, 2994.4929999999999382, 32.608344697824357183, 2989.1739999999999782, 0, 2994.4929999999999382, 23.295145879987970261, 2989.1739999999999782, 0, 2994.4929999999999382, 44.435506795692553794, 2989.1739999999999782, 1
2994.5140000000001237, 54.424678087457841968, 2989.1770000000001346, 1, 2994.5140000000001237, 44.239624754858382971, 2989.1770000000001346, 0, 2994.5140000000001237, 23.268477526685117596, 2989.1770000000001346, 0, 2994.5140000000001237, 53.241851345320263533, 2989.1770000000001346, 1
2994.5219999999999345, 48.695347648057570211, 2989.1829999999999927, 1, 2994.5219999999999345, 51.043812826376004921, 2989.1829999999999927, 0, 2994.5219999999999345, 24.049423608433428967, 2989.1829999999999927, 0, 2994.5219999999999345, 53.941368518955606248, 2989.1829999999999927, 1
2994.5320000000001528, 53.156746339860802664, 2989.1889999999998508, 1, 2994.5320000000001528, 61.069546690580409631, 2989.1889999999998508, 0, 2994.5320000000001528, 27.681437159442495499, 2989.1889999999998508, 0, 2994.5320000000001528, 46.116016774002630996, 2989.1889999999998508, 1
2994.5419999999999163, 22.640109676479610812, 2989.19399999999996, 1, 2994.5419999999999163, 66.600744115222923369, 2989.19399999999996, 0, 2994.5419999999999163, 55.848531322919633624, 2989.19399999999996, 0, 2994.5419999999999163, 20.041534806202420782, 2989.19399999999996, 1
2994.5520000000001346, 0, 2989.1979999999998654, 1, 2994.5520000000001346, 90.748845049321587908, 2989.1979999999998654, 0, 2994.5520000000001346, 76.002020537811262102, 2989.1979999999998654, 0, 2994.5520000000001346, 0, 2989.1979999999998654, 1
2994.5729999999998654, 0, 2989.2029999999999745, 1, 2994.5729999999998654, 109.45458871773949738, 2989.2029999999999745, 0, 2994.5729999999998654, 78.445472607486067318, 2989.2029999999999745, 0, 2994.5729999999998654, 0, 2989.2029999999999745, 1
2994.5729999999998654, 0, 2989.2080000000000837, 1, 2994.5729999999998654, 120.17765399520700953, 2989.2080000000000837, 0, 2994.5729999999998654, 76.076212398119707814, 2989.2080000000000837, 0, 2994.5729999999998654, 0, 2989.2080000000000837, 1
2994.5819999999998799, 0, 2989.2130000000001928, 1, 2994.5819999999998799, 124.87331630368231572, 2989.2130000000001928, 0, 2994.5819999999998799, 73.155497777287408212, 2989.2130000000001928, 0, 2994.5819999999998799, 0, 2989.2130000000001928, 1
2994.5929999999998472, 0, 2989.2179999999998472, 1, 2994.5929999999998472, 127.38230150760109893, 2989.2179999999998472, 0, 2994.5929999999998472, 70.412397306413069487, 2989.2179999999998472, 0, 2994.5929999999998472, 0, 2989.2179999999998472, 1
2994.6019999999998618, 0, 2989.2229999999999563, 1, 2994.6019999999998618, 126.70516582366279579, 2989.2229999999999563, 0, 2994.6019999999998618, 71.669377099491654803, 2989.2229999999999563, 0, 2994.6019999999998618, 0, 2989.2229999999999563, 1
2994.6149999999997817, 0, 2989.2280000000000655, 1, 2994.6149999999997817, 125.95221767731626983, 2989.2280000000000655, 0, 2994.6149999999997817, 72.668894016781692358, 2989.2280000000000655, 0, 2994.6149999999997817, 0, 2989.2280000000000655, 1
2994.625, 0, 2989.2330000000001746, 1, 2994.625, 125.47928693122631216, 2989.2330000000001746, 0, 2994.625, 76.495079050330105019, 2989.2330000000001746, 0, 2994.625, 0, 2989.2330000000001746, 1
2994.6329999999998108, 0, 2989.237999999999829, 1, 2994.6329999999998108, 122.24514949417709886, 2989.237999999999829, 0, 2994.6329999999998108, 79.37105544435360116, 2989.237999999999829, 0, 2994.6329999999998108, 0, 2989.237999999999829, 1
2994.6439999999997781, 0, 2989.2429999999999382, 1, 2994.6439999999997781, 119.45983554341722765, 2989.2429999999999382, 1, 2994.6439999999997781, 84.946587880866360365, 2989.2429999999999382, 1, 2994.6439999999997781, 0, 2989.2429999999999382, 1
2994.6640000000002146, 0, 2989.2489999999997963, 1, 2994.6640000000002146, 116.99943953590164369, 2989.2489999999997963, 1, 2994.6640000000002146, 89.109563192680042221, 2989.2489999999997963, 1, 2994.6640000000002146, 0, 2989.2489999999997963, 1
2994.6640000000002146, 0, 2989.2530000000001564, 1, 2994.6640000000002146, 115.47236231625052483, 2989.2530000000001564, 1, 2994.6640000000002146, 90.343995904223419302, 2989.2530000000001564, 1, 2994.6640000000002146, 0, 2989.2530000000001564, 1
2994.6739999999999782, 0, 2989.2579999999998108, 1, 2994.6739999999999782, 112.64979148434417766, 2989.2579999999998108, 1, 2994.6739999999999782, 95.370923040890147604, 2989.2579999999998108, 1, 2994.6739999999999782, 0, 2989.2579999999998108, 1
2994.6840000000001965, 0, 2989.26299999999992, 1, 2994.6840000000001965, 110.21259076427006107, 2989.26299999999992, 1, 2994.6840000000001965, 97.997117158320719454, 2989.26299999999992, 1, 2994.6840000000001965, 0, 2989.26299999999992, 1
2994.69399999999996, 0, 2989.2680000000000291, 1, 2994.69399999999996, 108.8168067241482504, 2989.2680000000000291, 1, 2994.69399999999996, 99.705935589858611934, 2989.2680000000000291, 1, 2994.69399999999996, 0, 2989.2680000000000291, 1
2994.7040000000001783, 0, 2989.2730000000001382, 1, 2994.7040000000001783, 107.18826534102744574, 2989.2730000000001382, 1, 2994.7040000000001783, 94.743146047419770639, 2989.2730000000001382, 1, 2994.7040000000001783, 0, 2989.2730000000001382, 1
2994.7139999999999418, 0, 2989.2779999999997926, 1, 2994.7139999999999418, 104.33850230244465251, 2989.2779999999997926, 1, 2994.7139999999999418, 100.74965610841954344, 2989.2779999999997926, 1, 2994.7139999999999418, 0, 2989.2779999999997926, 1
2994.7229999999999563, 0, 2989.2829999999999018, 1, 2994.7229999999999563, 102.83289771100706389, 2989.2829999999999018, 1, 2994.7229999999999563, 104.12442132019815233, 2989.2829999999999018, 1, 2994.7229999999999563, 0, 2989.2829999999999018, 1
2994.7440000000001419, 0, 2989.2880000000000109, 1, 2994.7440000000001419, 101.10479679778039497, 2989.2880000000000109, 1, 2994.7440000000001419, 109.44532792093565376, 2989.2880000000000109, 1, 2994.7440000000001419, 0, 2989.2880000000000109, 1
2994.7440000000001419, 0, 2989.293999999999869, 1, 2994.7440000000001419, 98.621655454598453616, 2989.293999999999869, 1, 2994.7440000000001419, 112.73828478895038074, 2989.293999999999869, 1, 2994.7440000000001419, 0, 2989.293999999999869, 1
2994.7539999999999054, 278.78005794362547931, 2989.2989999999999782, 1, 2994.7539999999999054, 96.60523965079173081, 2989.2989999999999782, 1, 2994.7539999999999054, 114.24861971728995513, 2989.2989999999999782, 1, 2994.7539999999999054, 0, 2989.2989999999999782, 1
2994.7739999999998872, 308.84085115197609639, 2989.3029999999998836, 1, 2994.7739999999998872, 53.255397574473306577, 2989.3029999999998836, 1, 2994.7739999999998872, 115.7652383307854933, 2989.3029999999998836, 1, 2994.7739999999998872, 0, 2989.3029999999998836, 1
2994.7739999999998872, 288.90160287780406634, 2989.3090000000001965, 1, 2994.7739999999998872, 6.0946653168277382662, 2989.3090000000001965, 1, 2994.7739999999998872, 117.87742384894532677, 2989.3090000000001965, 1, 2994.7739999999998872, 0, 2989.3090000000001965, 1
2994.7849999999998545, 95.198768746743297697, 2989.3139999999998508, 0, 2994.7849999999998545, 0, 2989.3139999999998508, 1, 2994.7849999999998545, 85.20636616177783651, 2989.3139999999998508, 1, 2994.7849999999998545, 136.89864229795708184, 2989.3139999999998508, 0
2994.7930000000001201, 33.033984718377567447, 2989.318000000000211, 0, 2994.7930000000001201, 0, 2989.318000000000211, 1, 2994.7930000000001201, 35.545831323962040926, 2989.318000000000211, 1, 2994.7930000000001201, 76.951863778244856462, 2989.318000000000211, 0
2994.8029999999998836, 19.164261076914822723, 2989.3229999999998654, 0, 2994.8029999999998836, 0, 2989.3229999999998654, 1, 2994.8029999999998836, 27.367471100664410244, 2989.3229999999998654, 1, 2994.8029999999998836, 31.514565060967292709, 2989.3229999999998654, 0
2994.8130000000001019, 20.33747129262430775, 2989.3290000000001783, 0, 2994.8130000000001019, 0, 2989.3290000000001783, 1, 2994.8130000000001019, 30.894786178409738397, 2989.3290000000001783, 1, 2994.8130000000001019, 22.491670655811173418, 2989.3290000000001783, 0
2994.8240000000000691, 40.946379795329129081, 2989.3339999999998327, 0, 2994.8240000000000691, 0, 2989.3339999999998327, 1, 2994.8240000000000691, 34.582245243680738156, 2989.3339999999998327, 1, 2994.8240000000000691, 25.714874978016290186, 2989.3339999999998327, 0
2994.8330000000000837, 65.667201777072648383, 2989.3389999999999418, 0, 2994.8330000000000837, 53.675115464307026514, 2989.3389999999999418, 1, 2994.8330000000000837, 38.144541915761777773, 2989.3389999999999418, 1, 2994.8330000000000837, 25.885743518035255306, 2989.3389999999999418, 0
2994.8440000000000509, 75.129692327678895936, 2989.3429999999998472, 0, 2994.8440000000000509, 50.583448282218647307, 2989.3429999999998472, 1, 2994.8440000000000509, 39.973369209333654339, 2989.3429999999998472, 1, 2994.8440000000000509, 20.662505881883138414, 2989.3429999999998472, 0
2994.8640000000000327, 76.841176837019432355, 2989.3479999999999563, 0, 2994.8640000000000327, 55.427359456297338625, 2989.3479999999999563, 1, 2994.8640000000000327, 40.665039610627722766, 2989.3479999999999563, 1, 2994.8640000000000327, 21.326024748953031462, 2989.3479999999999563, 0
2994.8640000000000327, 40.531951794881123874, 2989.3539999999998145, 0, 2994.8640000000000327, 139.95097962988958784, 2989.3539999999998145, 1, 2994.8640000000000327, 134.01093031936690636, 2989.3539999999998145, 1, 2994.8640000000000327, 54.845756116096382016, 2989.3539999999998145, 0
2994.8730000000000473, 56.084340121550255276, 2989.3580000000001746, 0, 2994.8730000000000473, 0, 2989.3580000000001746, 1, 2994.8730000000000473, 0, 2989.3580000000001746, 1, 2994.8730000000000473, 57.700839738077583263, 2989.3580000000001746, 0
2994.8829999999998108, 85.255501209773115079, 2989.362999999999829, 0, 2994.8829999999998108, 0, 2989.362999999999829, 1, 2994.8829999999998108, 0, 2989.362999999999829, 1, 2994.8829999999998108, 63.026780493936598759, 2989.362999999999829, 0
2994.8930000000000291, 101.97998593272185985, 2989.3679999999999382, 0, 2994.8930000000000291, 0, 2989.3679999999999382, 1, 2994.8930000000000291, 0, 2989.3679999999999382, 1, 2994.8930000000000291, 70.250900227550729937, 2989.3679999999999382, 0
2994.9029999999997926, 112.30493767853960208, 2989.3730000000000473, 0, 2994.9029999999997926, 0, 2989.3730000000000473, 1, 2994.9029999999997926, 0, 2989.3730000000000473, 1, 2994.9029999999997926, 72.433812171225312682, 2989.3730000000000473, 0
2994.9130000000000109, 117.11076789373200313, 2989.3780000000001564, 0, 2994.9130000000000109, 0, 2989.3780000000001564, 1, 2994.9130000000000109, 0, 2989.3780000000001564, 1, 2994.9130000000000109, 74.702838512127542003, 2989.3780000000001564, 0
2994.9229999999997744, 119.01183511025624284, 2989.3820000000000618, 0, 2994.9229999999997744, 0, 2989.3820000000000618, 1, 2994.9229999999997744, 0, 2989.3820000000000618, 1, 2994.9229999999997744, 76.360391335866523832, 2989.3820000000000618, 0
2994.9340000000001965, 119.13248459038148042, 2989.38799999999992, 0, 2994.9340000000001965, 0, 2989.38799999999992, 1, 2994.9340000000001965, 0, 2989.38799999999992, 1, 2994.9340000000001965, 79.172150932503981835, 2989.38799999999992, 0
2994.94399999999996, 119.02826768661088863, 2989.3930000000000291, 0, 2994.94399999999996, 0, 2989.3930000000000291, 1, 2994.94399999999996, 0, 2989.3930000000000291, 1, 2994.94399999999996, 81.04008961514495013, 2989.3930000000000291, 0
2994.9540000000001783, 117.40247745508568755, 2989.3980000000001382, 0, 2994.9540000000001783, 0, 2989.3980000000001382, 1, 2994.9540000000001783, 0, 2989.3980000000001382, 1, 2994.9540000000001783, 84.190555950938559704, 2989.3980000000001382, 0
2994.9639999999999418, 115.71473010757966904, 2989.4039999999999964, 0, 2994.9639999999999418, 0, 2989.4039999999999964, 1, 2994.9639999999999418, 0, 2989.4039999999999964, 1, 2994.9639999999999418, 88.450392465807155418, 2989.4039999999999964, 0
2994.9850000000001273, 114.09089241507555812, 2989.4090000000001055, 0, 2994.9850000000001273, 0, 2989.4090000000001055, 1, 2994.9850000000001273, 0, 2989.4090000000001055, 1, 2994.9850000000001273, 93.232817398952263943, 2989.4090000000001055, 0
2994.9940000000001419, 111.70687281778916145, 2989.4130000000000109, 0, 2994.9940000000001419, 0, 2989.4130000000000109, 1, 2994.9940000000001419, 0, 2989.4130000000000109, 1, 2994.9940000000001419, 94.142873060773197835, 2989.4130000000000109, 0
2994.9940000000001419, 110.19278529552541102, 2989.4180000000001201, 0, 2994.9940000000001419, 0, 2989.4180000000001201, 1, 2994.9940000000001419, 0, 2989.4180000000001201, 1, 2994.9940000000001419, 98.830298061407972909, 2989.4180000000001201, 0
2995.0140000000001237, 108.86413998745663889, 2989.4239999999999782, 0, 2995.0140000000001237, 0, 2989.4239999999999782, 1, 2995.0140000000001237, 0, 2989.4239999999999782, 1, 2995.0140000000001237, 99.759651820138415701, 2989.4239999999999782, 0
2995.0140000000001237, 107.91458868836068064, 2989.4279999999998836, 0, 2995.0140000000001237, 0, 2989.4279999999998836, 1, 2995.0140000000001237, 0, 2989.4279999999998836, 1, 2995.0140000000001237, 100.88375665545302695, 2989.4279999999998836, 0
2995.0239999999998872, 105.93347159065638152, 2989.4329999999999927, 0, 2995.0239999999998872, 0, 2989.4329999999999927, 1, 2995.0239999999998872, 0, 2989.4329999999999927, 1, 2995.0239999999998872, 100.51354145578653743, 2989.4329999999999927, 0
2995.0349999999998545, 106.03135471575851057, 2989.4389999999998508, 0, 2995.0349999999998545, 0, 2989.4389999999998508, 1, 2995.0349999999998545, 0, 2989.4389999999998508, 1, 2995.0349999999998545, 105.74777868511907286, 2989.4389999999998508, 0
2995.043999999999869, 105.12093885607217203, 2989.44399999999996, 0, 2995.043999999999869, 0, 2989.44399999999996, 1, 2995.043999999999869, 0, 2989.44399999999996, 1, 2995.043999999999869, 108.08614390562293295, 2989.44399999999996, 0
2995.0540000000000873, 103.27991621442049563, 2989.4479999999998654, 0, 2995.0540000000000873, 0, 2989.4479999999998654, 1, 2995.0540000000000873, 0, 2989.4479999999998654, 1, 2995.0540000000000873, 112.07569660154260305, 2989.4479999999998654, 0
2995.0639999999998508, 101.55424150031601016, 2989.4529999999999745, 0, 2995.0639999999998508, 0, 2989.4529999999999745, 1, 2995.0639999999998508, 0, 2989.4529999999999745, 1, 2995.0639999999998508, 114.10021609115587182, 2989.4529999999999745, 0
2995.0740000000000691, 98.982953269934625951, 2989.4580000000000837, 0, 2995.0740000000000691, 0, 2989.4580000000000837, 1, 2995.0740000000000691, 0, 2989.4580000000000837, 1, 2995.0740000000000691, 112.93630322173649461, 2989.4580000000000837, 0
2995.0850000000000364, 98.37212499977786706, 2989.4630000000001928, 0, 2995.0850000000000364, 0, 2989.4630000000001928, 1, 2995.0850000000000364, 0, 2989.4630000000001928, 1, 2995.0850000000000364, 113.25755897140770401, 2989.4630000000001928, 0
2995.0940000000000509, 98.523482560891864068, 2989.4679999999998472, 0, 2995.0940000000000509, 305.27960943711730124, 2989.4679999999998472, 1, 2995.0940000000000509, 0, 2989.4679999999998472, 1, 2995.0940000000000509, 111.43195285274615003, 2989.4679999999998472, 0
2995.1140000000000327, 39.09963218460812584, 2989.4729999999999563, 0, 2995.1140000000000327, 298.66841250084996773, 2989.4729999999999563, 1, 2995.1140000000000327, 231.68503120347844515, 2989.4729999999999563, 1, 2995.1140000000000327, 77.310186317783461618, 2989.4729999999999563, 0
2995.1239999999997963, 0.65037638541762243793, 2989.4789999999998145, 0, 2995.1239999999997963, 72.774167486104943237, 2989.4789999999998145, 1, 2995.1239999999997963, 88.316100814977232858, 2989.4789999999998145, 1, 2995.1239999999997963, 28.93189636819094801, 2989.4789999999998145, 0
2995.1239999999997963, 0, 2989.4830000000001746, 0, 2995.1239999999997963, 22.978164392696054819, 2989.4830000000001746, 1, 2995.1239999999997963, 42.146500400327781222, 2989.4830000000001746, 1, 2995.1239999999997963, 39.393186521226503771, 2989.4830000000001746, 0
2995.1439999999997781, 0, 2989.487999999999829, 0, 2995.1439999999997781, 18.310099442627105759, 2989.487999999999829, 1, 2995.1439999999997781, 23.368035681877369569, 2989.487999999999829, 1, 2995.1439999999997781, 43.865540083469511501, 2989.487999999999829, 0
2995.1439999999997781, 0, 2989.4929999999999382, 0, 2995.1439999999997781, 34.991006228165446146, 2989.4929999999999382, 1, 2995.1439999999997781, 21.925931399860981941, 2989.4929999999999382, 1, 2995.1439999999997781, 46.277654822493545339, 2989.4929999999999382, 0
2995.1539999999999964, 54.167112927696351221, 2989.4989999999997963, 0, 2995.1539999999999964, 49.698615164791789311, 2989.4989999999997963, 1, 2995.1539999999999964, 23.993662909655498083, 2989.4989999999997963, 1, 2995.1539999999999964, 51.952789110549559837, 2989.4989999999997963, 0
2995.1640000000002146, 51.014614303144000473, 2989.5030000000001564, 0, 2995.1640000000002146, 53.804270330142728085, 2989.5030000000001564, 1, 2995.1640000000002146, 24.104451746145496571, 2989.5030000000001564, 1, 2995.1640000000002146, 53.850589605286280914, 2989.5030000000001564, 0
2995.1739999999999782, 54.07834027876398153, 2989.5079999999998108, 0, 2995.1739999999999782, 57.250498787656383115, 2989.5079999999998108, 1, 2995.1739999999999782, 25.69185958426917793, 2989.5079999999998108, 1, 2995.1739999999999782, 49.360385849024893901, 2989.5079999999998108, 0
2995.1849999999999454, 52.786636269872460048, 2989.5140000000001237, 0, 2995.1849999999999454, 62.849624016827370099, 2989.5140000000001237, 1, 2995.1849999999999454, 30.192102602981684356, 2989.5140000000001237, 1, 2995.1849999999999454, 41.055639135473903423, 2989.5140000000001237, 0
2995.19399999999996, 20.809860663682151483, 2989.5180000000000291, 0, 2995.19399999999996, 67.584279232262844062, 2989.5180000000000291, 1, 2995.19399999999996, 57.502807783051444801, 2989.5180000000000291, 1, 2995.19399999999996, 18.112664928313147783, 2989.5180000000000291, 0
2995.2139999999999418, 0, 2989.5230000000001382, 0, 2995.2139999999999418, 91.170422511508604657, 2989.5230000000001382, 1, 2995.2139999999999418, 76.896171065765031472, 2989.5230000000001382, 1, 2995.2139999999999418, 0, 2989.5230000000001382, 0
2995.2240000000001601, 0, 2989.5279999999997926, 0, 2995.2240000000001601, 110.8708369505954181, 2989.5279999999997926, 1, 2995.2240000000001601, 77.153166802744124197, 2989.5279999999997926, 1, 2995.2240000000001601, 0, 2989.5279999999997926, 0
2995.2350000000001273, 0, 2989.5329999999999018, 0, 2995.2350000000001273, 120.73041105367892101, 2989.5329999999999018, 1, 2995.2350000000001273, 74.947823646442287782, 2989.5329999999999018, 1, 2995.2350000000001273, 0, 2989.5329999999999018, 0
2995.2350000000001273, 0, 2989.5380000000000109, 0, 2995.2350000000001273, 125.66259623107509924, 2989.5380000000000109, 1, 2995.2350000000001273, 71.329235580961920959, 2989.5380000000000109, 1, 2995.2350000000001273, 0, 2989.5380000000000109, 0
2995.2449999999998909, 0, 2989.5430000000001201, 0, 2995.2449999999998909, 127.18325650011948369, 2989.5430000000001201, 1, 2995.2449999999998909, 70.296186838145388265, 2989.5430000000001201, 1, 2995.2449999999998909, 0, 2989.5430000000001201, 0
2995.2539999999999054, 0, 2989.5479999999997744, 0, 2995.2539999999999054, 126.77680026989025919, 2989.5479999999997744, 1, 2995.2539999999999054, 72.483504355334076763, 2989.5479999999997744, 1, 2995.2539999999999054, 0, 2989.5479999999997744, 0
2995.26299999999992, 0, 2989.5529999999998836, 0, 2995.26299999999992, 126.50444339917237357, 2989.5529999999998836, 1, 2995.26299999999992, 70.133364102470252988, 2989.5529999999998836, 1, 2995.26299999999992, 0, 2989.5529999999998836, 0
2995.2730000000001382, 0, 2989.5579999999999927, 0, 2995.2730000000001382, 124.33121823576929899, 2989.5579999999999927, 1, 2995.2730000000001382, 76.242849052095252205, 2989.5579999999999927, 1, 2995.2730000000001382, 0, 2989.5579999999999927, 0
2995.2829999999999018, 0, 2989.5630000000001019, 0, 2995.2829999999999018, 122.41872955973261128, 2989.5630000000001019, 1, 2995.2829999999999018, 79.694148937538187738, 2989.5630000000001019, 1, 2995.2829999999999018, 0, 2989.5630000000001019, 0
2995.293999999999869, 0, 2989.5709999999999127, 1, 2995.293999999999869, 119.57521470032388322, 2989.5709999999999127, 1, 2995.293999999999869, 84.748550726882086792, 2989.5709999999999127, 1, 2995.293999999999869, 0, 2989.5709999999999127, 1
2995.3040000000000873, 0, 2989.5740000000000691, 1, 2995.3040000000000873, 117.31276468783005384, 2989.5740000000000691, 1, 2995.3040000000000873, 88.614919026700306404, 2989.5740000000000691, 1, 2995.3040000000000873, 0, 2989.5740000000000691, 1
2995.3130000000001019, 0, 2989.5779999999999745, 1, 2995.3130000000001019, 114.97969764631018563, 2989.5779999999999745, 1, 2995.3130000000001019, 92.104679988280537373, 2989.5779999999999745, 1, 2995.3130000000001019, 0, 2989.5779999999999745, 1
2995.3240000000000691, 0, 2989.5830000000000837, 1, 2995.3240000000000691, 112.83204098854486119, 2989.5830000000000837, 1, 2995.3240000000000691, 94.868295861564632787, 2989.5830000000000837, 1, 2995.3240000000000691, 0, 2989.5830000000000837, 1
2995.3350000000000364, 0, 2989.5880000000001928, 1, 2995.3350000000000364, 110.92072915664999755, 2989.5880000000001928, 1, 2995.3350000000000364, 96.905459596230940633, 2989.5880000000001928, 1, 2995.3350000000000364, 0, 2989.5880000000001928, 1
2995.3440000000000509, 0, 2989.5929999999998472, 1, 2995.3440000000000509, 109.04980998821025651, 2989.5929999999998472, 1, 2995.3440000000000509, 97.971067791251357448, 2989.5929999999998472, 1, 2995.3440000000000509, 0, 2989.5929999999998472, 1
2995.3539999999998145, 0, 2989.5990000000001601, 1, 2995.3539999999998145, 107.56891703820710404, 2989.5990000000001601, 1, 2995.3539999999998145, 100.72826102355210764, 2989.5990000000001601, 1, 2995.3539999999998145, 0, 2989.5990000000001601, 1
2995.3649999999997817, 0, 2989.6039999999998145, 1, 2995.3649999999997817, 105.57904240576010579, 2989.6039999999998145, 1, 2995.3649999999997817, 101.58672273435581701, 2989.6039999999998145, 1, 2995.3649999999997817, 0, 2989.6039999999998145, 1
2995.3739999999997963, 0, 2989.6080000000001746, 1, 2995.3739999999997963, 103.27204124730080537, 2989.6080000000001746, 1, 2995.3739999999997963, 105.72009888375376363, 2989.6080000000001746, 1, 2995.3739999999997963, 0, 2989.6080000000001746, 1
2995.3829999999998108, 0, 2989.6140000000000327, 1, 2995.3829999999998108, 101.09276694707776301, 2989.6140000000000327, 1, 2995.3829999999998108, 109.54950716829637258, 2989.6140000000000327, 1, 2995.3829999999998108, 0, 2989.6140000000000327, 1
2995.3939999999997781, 0, 2989.6190000000001419, 1, 2995.3939999999997781, 98.90536495630183822, 2989.6190000000001419, 1, 2995.3939999999997781, 112.40081140529353831, 2989.6190000000001419, 1, 2995.3939999999997781, 0, 2989.6190000000001419, 1
2995.4039999999999964, 276.90835470351777303, 2989.6230000000000473, 1, 2995.4039999999999964, 97.155799056440613981, 2989.6230000000000473, 1, 2995.4039999999999964, 112.84066160006672419, 2989.6230000000000473, 1, 2995.4039999999999964, 0, 2989.6230000000000473, 1
2995.4140000000002146, 309.33649488780554293, 2989.6280000000001564, 1, 2995.4140000000002146, 55.828211855996620727, 2989.6280000000001564, 1, 2995.4140000000002146, 116.27738738835785171, 2989.6280000000001564, 1, 2995.4140000000002146, 0, 2989.6280000000001564, 1
2995.4250000000001819, 284.44856434479663676, 2989.6329999999998108, 1, 2995.4250000000001819, 8.0138290828453175862, 2989.6329999999998108, 1, 2995.4250000000001819, 120.93978804810794259, 2989.6329999999998108, 1, 2995.4250000000001819, 0, 2989.6329999999998108, 1
2995.4340000000001965, 108.79048372594837701, 2989.6390000000001237, 1, 2995.4340000000001965, 0, 2989.6390000000001237, 0, 2995.4340000000001965, 83.056491026168458802, 2989.6390000000001237, 0, 2995.4340000000001965, 136.74473657295021667, 2989.6390000000001237, 1
2995.44399999999996, 32.606473418812846887, 2989.6430000000000291, 1, 2995.44399999999996, 0, 2989.6430000000000291, 0, 2995.44399999999996, 31.385348793847647642, 2989.6430000000000291, 0, 2995.44399999999996, 70.392502930495268743, 2989.6430000000000291, 1
2995.4540000000001783, 17.446059031074472756, 2989.6480000000001382, 1, 2995.4540000000001783, 0, 2989.6480000000001382, 0, 2995.4540000000001783, 27.758199812416481933, 2989.6480000000001382, 0, 2995.4540000000001783, 25.354756711553982029, 2989.6480000000001382, 1
2995.4740000000001601, 22.038940729821455022, 2989.6539999999999964, 1, 2995.4740000000001601, 0, 2989.6539999999999964, 0, 2995.4740000000001601, 32.19623439364330153, 2989.6539999999999964, 0, 2995.4740000000001601, 20.11876128185896917, 2989.6539999999999964, 1
2995.4740000000001601, 44.066443677366748943, 2989.6579999999999018, 1, 2995.4740000000001601, 0, 2989.6579999999999018, 0, 2995.4740000000001601, 35.443180122778024099, 2989.6579999999999018, 0, 2995.4740000000001601, 23.827248040569742216, 2989.6579999999999018, 1
2995.4830000000001746, 68.050103397912039327, 2989.6640000000002146, 1, 2995.4830000000001746, 55.221545950889947107, 2989.6640000000002146, 0, 2995.4830000000001746, 38.487171962447654039, 2989.6640000000002146, 0, 2995.4830000000001746, 27.999768147955307995, 2989.6640000000002146, 1
2995.4929999999999382, 78.309969130437252716, 2989.6680000000001201, 1, 2995.4929999999999382, 52.700819356251791703, 2989.6680000000001201, 0, 2995.4929999999999382, 39.975703963488037118, 2989.6680000000001201, 0, 2995.4929999999999382, 20.843376651776267749, 2989.6680000000001201, 1
2995.5030000000001564, 78.723617620826871644, 2989.6729999999997744, 1, 2995.5030000000001564, 57.258252685640627533, 2989.6729999999997744, 0, 2995.5030000000001564, 40.452188789209465369, 2989.6729999999997744, 0, 2995.5030000000001564, 20.592825271404660015, 2989.6729999999997744, 1
2995.51299999999992, 39.939586446697660449, 2989.6770000000001346, 1, 2995.51299999999992, 77.932742740623680788, 2989.6770000000001346, 0, 2995.51299999999992, 86.370552572093743038, 2989.6770000000001346, 0, 2995.51299999999992, 52.015165299052675607, 2989.6770000000001346, 1
2995.5230000000001382, 52.484065052759731884, 2989.6829999999999927, 1, 2995.5230000000001382, 0, 2989.6829999999999927, 0, 2995.5230000000001382, 0, 2989.6829999999999927, 0, 2995.5230000000001382, 81.682219976594268473, 2989.6829999999999927, 1
2995.5329999999999018, 86.914809408535262492, 2989.6880000000001019, 1, 2995.5329999999999018, 0, 2989.6880000000001019, 0, 2995.5329999999999018, 0, 2989.6880000000001019, 0, 2995.5329999999999018, 103.18835509981461485, 2989.6880000000001019, 1
2995.5430000000001201, 113.16972973614034004, 2989.693000000000211, 1, 2995.5430000000001201, 0, 2989.693000000000211, 0, 2995.5430000000001201, 0, 2989.693000000000211, 0, 2995.5430000000001201, 96.74182116170294421, 2989.693000000000211, 1
2995.5540000000000873, 123.37734458188376152, 2989.6990000000000691, 1, 2995.5540000000000873, 0, 2989.6990000000000691, 0, 2995.5540000000000873, 0, 2989.6990000000000691, 0, 2995.5540000000000873, 86.355654865162250644, 2989.6990000000000691, 1
2995.5630000000001019, 127.65068881688111446, 2989.7080000000000837, 1, 2995.5630000000001019, 0, 2989.7080000000000837, 0, 2995.5630000000001019, 0, 2989.7080000000000837, 0, 2995.5630000000001019, 78.164677196858463049, 2989.7080000000000837, 1
2995.5729999999998654, 128.03513328939735061, 2989.7080000000000837, 1, 2995.5729999999998654, 0, 2989.7080000000000837, 0, 2995.5729999999998654, 0, 2989.7080000000000837, 0, 2995.5729999999998654, 73.421834564295011205, 2989.7080000000000837, 1
2995.5830000000000837, 127.06558881493720037, 2989.7130000000001928, 1, 2995.5830000000000837, 0, 2989.7130000000001928, 0, 2995.5830000000000837, 0, 2989.7130000000001928, 0, 2995.5830000000000837, 71.908027293526473045, 2989.7130000000001928, 1
2995.5929999999998472, 125.51000149574468878, 2989.7170000000000982, 1, 2995.5929999999998472, 0, 2989.7170000000000982, 0, 2995.5929999999998472, 0, 2989.7170000000000982, 0, 2995.5929999999998472, 72.788388817179964008, 2989.7170000000000982, 1
2995.6030000000000655, 123.78327924913769209, 2989.7220000000002074, 1, 2995.6030000000000655, 0, 2989.7220000000002074, 0, 2995.6030000000000655, 0, 2989.7220000000002074, 0, 2995.6030000000000655, 74.671543765129868575, 2989.7220000000002074, 1
2995.6140000000000327, 120.36023952249055924, 2989.7280000000000655, 1, 2995.6140000000000327, 0, 2989.7280000000000655, 0, 2995.6140000000000327, 0, 2989.7280000000000655, 0, 2995.6140000000000327, 66.262252785426369428, 2989.7280000000000655, 1
2995.6239999999997963, 118.16646751303647989, 2989.7330000000001746, 1, 2995.6239999999997963, 0, 2989.7330000000001746, 0, 2995.6239999999997963, 0, 2989.7330000000001746, 0, 2995.6239999999997963, 94.083557513358030633, 2989.7330000000001746, 1
2995.6329999999998108, 120.63381617943608148, 2989.737999999999829, 1, 2995.6329999999998108, 0, 2989.737999999999829, 0, 2995.6329999999998108, 0, 2989.737999999999829, 0, 2995.6329999999998108, 95.641162646721127771, 2989.737999999999829, 1
2995.6539999999999964, 123.11190166078895913, 2989.7429999999999382, 1, 2995.6539999999999964, 0, 2989.7429999999999382, 0, 2995.6539999999999964, 0, 2989.7429999999999382, 0, 2995.6539999999999964, 87.369291465771738103, 2989.7429999999999382, 1
2995.6539999999999964, 120.42051407438603405, 2989.7489999999997963, 1, 2995.6539999999999964, 0, 2989.7489999999997963, 0, 2995.6539999999999964, 0, 2989.7489999999997963, 0, 2995.6539999999999964, 84.768149986113456862, 2989.7489999999997963, 1
2995.6640000000002146, 117.01212080730945786, 2989.7530000000001564, 1, 2995.6640000000002146, 0, 2989.7530000000001564, 0, 2995.6640000000002146, 0, 2989.7530000000001564, 0, 2995.6640000000002146, 84.70518349608630615, 2989.7530000000001564, 1
2995.6739999999999782, 115.59423059198903161, 2989.7590000000000146, 1, 2995.6739999999999782, 0, 2989.7590000000000146, 0, 2995.6739999999999782, 0, 2989.7590000000000146, 0, 2995.6739999999999782, 84.535448885667449304, 2989.7590000000000146, 1
2995.6840000000001965, 116.20011783622172175, 2989.76299999999992, 1, 2995.6840000000001965, 0, 2989.76299999999992, 0, 2995.6840000000001965, 0, 2989.76299999999992, 0, 2995.6840000000001965, 84.367285513265471764, 2989.76299999999992, 1
2995.69399999999996, 115.33925904940262797, 2989.7689999999997781, 1, 2995.69399999999996, 0, 2989.7689999999997781, 0, 2995.69399999999996, 0, 2989.7689999999997781, 0, 2995.69399999999996, 82.31764450894606, 2989.7689999999997781, 1
2995.7040000000001783, 120.20149436124430053, 2989.7730000000001382, 1, 2995.7040000000001783, 0, 2989.7730000000001382, 0, 2995.7040000000001783, 0, 2989.7730000000001382, 0, 2995.7040000000001783, 80.011368932239577134, 2989.7730000000001382, 1
2995.7139999999999418, 126.53029385397354645, 2989.7779999999997926, 1, 2995.7139999999999418, 0, 2989.7779999999997926, 0, 2995.7139999999999418, 0, 2989.7779999999997926, 0, 2995.7139999999999418, 101.25938068930632596, 2989.7779999999997926, 1
2995.7240000000001601, 139.38382486058938525, 2989.7829999999999018, 1, 2995.7240000000001601, 0, 2989.7829999999999018, 0, 2995.7240000000001601, 0, 2989.7829999999999018, 0, 2995.7240000000001601, 51.004703194245394116, 2989.7829999999999018, 1
2995.7339999999999236, 136.31964131199603685, 2989.7890000000002146, 1, 2995.7339999999999236, 365.91329922980577294, 2989.7890000000002146, 0, 2995.7339999999999236, 0, 2989.7890000000002146, 0, 2995.7339999999999236, 46.479726910455610778, 2989.7890000000002146, 1
2995.7440000000001419, 74.651207721821123187, 2989.7930000000001201, 1, 2995.7440000000001419, 405.14968439205006234, 2989.7930000000001201, 0, 2995.7440000000001419, 0, 2989.7930000000001201, 0, 2995.7440000000001419, 32.833896272160046692, 2989.7930000000001201, 1
2995.7640000000001237, 9.5162826386982040106, 2989.7979999999997744, 1, 2995.7640000000001237, 331.15839925495311036, 2989.7979999999997744, 0, 2995.7640000000001237, 0, 2989.7979999999997744, 0, 2995.7640000000001237, 29.728430016041336614, 2989.7979999999997744, 1
2995.7640000000001237, 0, 2989.8029999999998836, 1, 2995.7640000000001237, 116.95992023931671611, 2989.8029999999998836, 0, 2995.7640000000001237, 156.74462923995616848, 2989.8029999999998836, 0, 2995.7640000000001237, 24.734404409558845117, 2989.8029999999998836, 1
2995.7750000000000909, 0, 2989.8090000000001965, 1, 2995.7750000000000909, 49.846280754087729292, 2989.8090000000001965, 0, 2995.7750000000000909, 51.084444358793675178, 2989.8090000000001965, 0, 2995.7750000000000909, 4.4017011023459771124, 2989.8090000000001965, 1
2995.7829999999999018, 0, 2989.8139999999998508, 1, 2995.7829999999999018, 44.907045831972794758, 2989.8139999999998508, 0, 2995.7829999999999018, 17.629923156331908984, 2989.8139999999998508, 0, 2995.7829999999999018, 18.18985664462504559, 2989.8139999999998508, 1
2995.7930000000001201, 0, 2989.818000000000211, 1, 2995.7930000000001201, 50.856320027182491117, 2989.818000000000211, 0, 2995.7930000000001201, 11.464263505383298636, 2989.818000000000211, 0, 2995.7930000000001201, 26.186574944438000045, 2989.818000000000211, 1
2995.8040000000000873, 0, 2989.8229999999998654, 1, 2995.8040000000000873, 52.504822320457208207, 2989.8229999999998654, 0, 2995.8040000000000873, 10.450830798422988011, 2989.8229999999998654, 0, 2995.8040000000000873, 31.277382031712708255, 2989.8229999999998654, 1
2995.8130000000001019, 0, 2989.8270000000002256, 1, 2995.8130000000001019, 68.122999952649166744, 2989.8270000000002256, 0, 2995.8130000000001019, 25.314024254211211939, 2989.8270000000002256, 0, 2995.8130000000001019, 47.560715555638964247, 2989.8270000000002256, 1
2995.8229999999998654, 76.488262820359921079, 2989.8330000000000837, 1, 2995.8229999999998654, 82.628213471915756827, 2989.8330000000000837, 0, 2995.8229999999998654, 24.008850445316436861, 2989.8330000000000837, 0, 2995.8229999999998654, 52.215973937756544387, 2989.8330000000000837, 1
2995.8330000000000837, 49.291878632725385501, 2989.8369999999999891, 1, 2995.8330000000000837, 87.862893852646834603, 2989.8369999999999891, 0, 2995.8330000000000837, 19.880130677715612819, 2989.8369999999999891, 0, 2995.8330000000000837, 35.772816709767575105, 2989.8369999999999891, 1
2995.8440000000000509, 0, 2989.8429999999998472, 1, 2995.8440000000000509, 101.04479842715505811, 2989.8429999999998472, 0, 2995.8440000000000509, 56.840696752500335265, 2989.8429999999998472, 0, 2995.8440000000000509, 0, 2989.8429999999998472, 1
2995.8640000000000327, 0, 2989.8479999999999563, 1, 2995.8640000000000327, 117.30249602975507628, 2989.8479999999999563, 0, 2995.8640000000000327, 75.842008563955076283, 2989.8479999999999563, 0, 2995.8640000000000327, 0, 2989.8479999999999563, 1
2995.8640000000000327, 0, 2989.8530000000000655, 1, 2995.8640000000000327, 128.45446157634279416, 2989.8530000000000655, 0, 2995.8640000000000327, 77.729513515269758273, 2989.8530000000000655, 0, 2995.8640000000000327, 0, 2989.8530000000000655, 1
2995.8730000000000473, 0, 2989.8580000000001746, 1, 2995.8730000000000473, 133.76647658077129677, 2989.8580000000001746, 0, 2995.8730000000000473, 74.351812563831316538, 2989.8580000000001746, 0, 2995.8730000000000473, 0, 2989.8580000000001746, 1
2995.8829999999998108, 0, 2989.8659999999999854, 1, 2995.8829999999998108, 135.26451630973906504, 2989.8659999999999854, 0, 2995.8829999999998108, 70.998234263473264605, 2989.8659999999999854, 0, 2995.8829999999998108, 0, 2989.8659999999999854, 1
2995.9039999999999964, 0, 2989.8679999999999382, 1, 2995.9039999999999964, 134.67132114018008338, 2989.8679999999999382, 0, 2995.9039999999999964, 68.805155871306268978, 2989.8679999999999382, 0, 2995.9039999999999964, 0, 2989.8679999999999382, 1
2995.9039999999999964, 0, 2989.8730000000000473, 1, 2995.9039999999999964, 133.06506233903451175, 2989.8730000000000473, 0, 2995.9039999999999964, 68.884209655264129424, 2989.8730000000000473, 0, 2995.9039999999999964, 0, 2989.8730000000000473, 1
2995.9140000000002146, 0, 2989.8809999999998581, 1, 2995.9140000000002146, 99.532756208411001353, 2989.8809999999998581, 0, 2995.9140000000002146, 15.648216848419073344, 2989.8809999999998581, 0, 2995.9140000000002146, 0, 2989.8809999999998581, 1
2995.9239999999999782, 371.37529220357077975, 2989.8829999999998108, 1, 2995.9239999999999782, 112.66861522770642523, 2989.8829999999998108, 0, 2995.9239999999999782, 70.312432357485050716, 2989.8829999999998108, 0, 2995.9239999999999782, 0, 2989.8829999999998108, 1
2995.9340000000001965, 332.95456469871191985, 2989.8890000000001237, 1, 2995.9340000000001965, 67.770032959810052375, 2989.8890000000001237, 1, 2995.9340000000001965, 74.269607000929170226, 2989.8890000000001237, 1, 2995.9340000000001965, 222.52860040230831373, 2989.8890000000001237, 1
2995.94399999999996, 181.46399670881913835, 2989.8930000000000291, 1, 2995.94399999999996, 16.690824878759936922, 2989.8930000000000291, 1, 2995.94399999999996, 1.6334629442955508338, 2989.8930000000000291, 1, 2995.94399999999996, 74.340314795489831567, 2989.8930000000000291, 1
2995.9540000000001783, 104.92450278418249354, 2989.8980000000001382, 1, 2995.9540000000001783, 12.845437360124741133, 2989.8980000000001382, 1, 2995.9540000000001783, 0, 2989.8980000000001382, 1, 2995.9540000000001783, 10.230430241591355056, 2989.8980000000001382, 1
2995.9630000000001928, 85.513230721345351526, 2989.9029999999997926, 1, 2995.9630000000001928, 18.499603581290184451, 2989.9029999999997926, 1, 2995.9630000000001928, 0, 2989.9029999999997926, 1, 2995.9630000000001928, 11.606784308644476411, 2989.9029999999997926, 1
2995.9740000000001601, 85.367946280026416161, 2989.9079999999999018, 1, 2995.9740000000001601, 29.882212171789348076, 2989.9079999999999018, 1, 2995.9740000000001601, 45.79166966012609663, 2989.9079999999999018, 1, 2995.9740000000001601, 24.146938140968781994, 2989.9079999999999018, 1
2995.9839999999999236, 86.655695998779947331, 2989.9130000000000109, 1, 2995.9839999999999236, 43.757920351166518458, 2989.9130000000000109, 1, 2995.9839999999999236, 27.181734817143510696, 2989.9130000000000109, 1, 2995.9839999999999236, 20.311896434038864356, 2989.9130000000000109, 1
2996.0039999999999054, 86.045025613952731192, 2989.9180000000001201, 1, 2996.0039999999999054, 49.401078184326919995, 2989.9180000000001201, 1, 2996.0039999999999054, 29.541778098431574762, 2989.9180000000001201, 1, 2996.0039999999999054, 21.593805869405287012, 2989.9180000000001201, 1
2996.0140000000001237, 85.394706945426534617, 2989.9229999999997744, 1, 2996.0140000000001237, 52.5962319290705409, 2989.9229999999997744, 1, 2996.0140000000001237, 31.334834382904595884, 2989.9229999999997744, 1, 2996.0140000000001237, 23.858018661140434347, 2989.9229999999997744, 1
2996.0140000000001237, 83.970908389190356047, 2989.9279999999998836, 1, 2996.0140000000001237, 54.114311540917569232, 2989.9279999999998836, 1, 2996.0140000000001237, 32.949813595482396522, 2989.9279999999998836, 1, 2996.0140000000001237, 26.422525766958344207, 2989.9279999999998836, 1
2996.0239999999998872, 82.011356064770794205, 2989.9329999999999927, 1, 2996.0239999999998872, 54.683529875720452651, 2989.9329999999999927, 1, 2996.0239999999998872, 34.132051789771779227, 2989.9329999999999927, 1, 2996.0239999999998872, 29.01451846116631117, 2989.9329999999999927, 1
2996.0340000000001055, 79.88922304211112646, 2989.9380000000001019, 1, 2996.0340000000001055, 54.785192166449718343, 2989.9380000000001019, 1, 2996.0340000000001055, 34.940010866958388647, 2989.9380000000001019, 1, 2996.0340000000001055, 31.541437536708322398, 2989.9380000000001019, 1
2996.0430000000001201, 77.724955235721836289, 2989.943000000000211, 1, 2996.0430000000001201, 54.665000547796424257, 2989.943000000000211, 1, 2996.0430000000001201, 35.531787209916409154, 2989.943000000000211, 1, 2996.0430000000001201, 33.974474214977959718, 2989.943000000000211, 1
2996.0540000000000873, 75.60051966195723594, 2989.9490000000000691, 1, 2996.0540000000000873, 54.451735202772162836, 2989.9490000000000691, 1, 2996.0540000000000873, 35.995788719003854794, 2989.9490000000000691, 1, 2996.0540000000000873, 36.294936597596027639, 2989.9490000000000691, 1
2996.0639999999998508, 73.564772115944478514, 2989.9529999999999745, 1, 2996.0639999999998508, 54.211170711935423583, 2989.9529999999999745, 1, 2996.0639999999998508, 36.380085641043642397, 2989.9529999999999745, 1, 2996.0639999999998508, 38.484068085385622737, 2989.9529999999999745, 1
2996.0839999999998327, 71.655776489881262137, 2989.9580000000000837, 1, 2996.0839999999998327, 53.974845453856488575, 2989.9580000000000837, 1, 2996.0839999999998327, 36.707455885948412799, 2989.9580000000000837, 1, 2996.0839999999998327, 40.532497932189158973, 2989.9580000000000837, 1
2996.0839999999998327, 69.888003584134253288, 2989.9630000000001928, 1, 2996.0839999999998327, 53.756129926041765543, 2989.9630000000001928, 1, 2996.0839999999998327, 36.990364644450295373, 2989.9630000000001928, 1, 2996.0839999999998327, 42.425166856067924925, 2989.9630000000001928, 1
2996.0940000000000509, 68.271588320765999924, 2989.9679999999998472, 0, 2996.0940000000000509, 53.56132713542965007, 2989.9679999999998472, 1, 2996.0940000000000509, 37.23654805715785443, 2989.9679999999998472, 1, 2996.0940000000000509, 44.154122090412997181, 2989.9679999999998472, 0
2996.1039999999998145, 66.811511467748474047, 2989.9740000000001601, 0, 2996.1039999999998145, 53.392956552327454744, 2989.9740000000001601, 1, 2996.1039999999998145, 37.450463102821572647, 2989.9740000000001601, 1, 2996.1039999999998145, 45.714339266015556973, 2989.9740000000001601, 0
2996.1140000000000327, 65.509876922733951687, 2989.9789999999998145, 0, 2996.1140000000000327, 53.251527603644518649, 2989.9789999999998145, 1, 2996.1140000000000327, 37.634759524019273158, 2989.9789999999998145, 1, 2996.1140000000000327, 47.104417487923342378, 2989.9789999999998145, 0
2996.1239999999997963, 64.365943908103020021, 2989.9890000000000327, 0, 2996.1239999999997963, 53.136495146052972416, 2989.9890000000000327, 1, 2996.1239999999997963, 37.791240051334916927, 2989.9890000000000327, 1, 2996.1239999999997963, 48.325532301553963066, 2989.9890000000000327, 0
2996.1340000000000146, 63.484820085384797039, 2989.9899999999997817, 0, 2996.1340000000000146, 53.410003278263801008, 2989.9899999999997817, 1, 2996.1340000000000146, 38.185675305618318021, 2989.9899999999997817, 1, 2996.1340000000000146, 49.378426347139367181, 2989.9899999999997817, 0
2996.1439999999997781, 62.642606915678825885, 2989.9929999999999382, 0, 2996.1439999999997781, 53.359115752714103564, 2989.9929999999999382, 1, 2996.1439999999997781, 38.300711689323513554, 2989.9929999999999382, 1, 2996.1439999999997781, 50.277601453326028036, 2989.9929999999999382, 0
2996.1539999999999964, 61.94514633636153178, 2989.9980000000000473, 0, 2996.1539999999999964, 53.327822572614778096, 2989.9980000000000473, 1, 2996.1539999999999964, 38.389920776252694168, 2989.9980000000000473, 1, 2996.1539999999999964, 51.023147469266291409, 2989.9980000000000473, 0
2996.1640000000002146, 61.385100872223574697, 2990.0030000000001564, 0, 2996.1640000000002146, 53.314457981259600672, 2990.0030000000001564, 1, 2996.1640000000002146, 38.454573160825361811, 2990.0030000000001564, 1, 2996.1640000000002146, 51.623217533377598443, 2990.0030000000001564, 0
2996.1739999999999782, 60.90760936848187157, 2990.0090000000000146, 0, 2996.1739999999999782, 53.376558143162533554, 2990.0090000000000146, 1, 2996.1739999999999782, 38.541345687826833455, 2990.0090000000000146, 1, 2996.1739999999999782, 52.095488678963945972, 2990.0090000000000146, 0
2996.1840000000001965, 60.585836615187496079, 2990.01299999999992, 0, 2996.1840000000001965, 53.396172138387292705, 2990.01299999999992, 1, 2996.1840000000001965, 38.562069924219002814, 2990.01299999999992, 1, 2996.1840000000001965, 52.446179892413901769, 2990.01299999999992, 0
2996.19399999999996, 60.389516653702500548, 2990.0189999999997781, 0, 2996.19399999999996, 53.427466250729722219, 2990.0189999999997781, 1, 2996.19399999999996, 38.5615828723176719, 2990.0189999999997781, 1, 2996.19399999999996, 52.663905012695536811, 2990.0189999999997781, 0
2996.2040000000001783, 60.298271728657283575, 2990.0239999999998872, 0, 2996.2040000000001783, 53.467692522655951848, 2990.0239999999998872, 1, 2996.2040000000001783, 38.543556046947593074, 2990.0239999999998872, 1, 2996.2040000000001783, 52.770357466512066935, 2990.0239999999998872, 0
2996.2139999999999418, 60.239530260180373489, 2990.0279999999997926, 0, 2996.2139999999999418, 53.038659236030554212, 2990.0279999999997926, 1, 2996.2139999999999418, 38.157242577524314697, 2990.0279999999997926, 1, 2996.2139999999999418, 52.768718659824017436, 2990.0279999999997926, 0
2996.2339999999999236, 60.328870261412617992, 2990.0329999999999018, 0, 2996.2339999999999236, 53.620416587823527266, 2990.0329999999999018, 1, 2996.2339999999999236, 38.490080135331631084, 2990.0329999999999018, 1, 2996.2339999999999236, 52.732319453378188712, 2990.0329999999999018, 0
2996.2339999999999236, 60.470882047343067711, 2990.0380000000000109, 0, 2996.2339999999999236, 53.686756448646548279, 2990.0380000000000109, 1, 2996.2339999999999236, 38.427006423526798073, 2990.0380000000000109, 1, 2996.2339999999999236, 52.593878805722383163, 2990.0380000000000109, 0
2996.2440000000001419, 60.673656347246520681, 2990.0430000000001201, 0, 2996.2440000000001419, 53.75855964927217201, 2990.0430000000001201, 1, 2996.2440000000001419, 38.352763939157924256, 2990.0430000000001201, 1, 2996.2440000000001419, 52.391578433069348364, 2990.0430000000001201, 0
2996.2539999999999054, 60.909198918279514601, 2990.0489999999999782, 0, 2996.2539999999999054, 53.857193229296512982, 2990.0489999999999782, 1, 2996.2539999999999054, 38.286074033362552882, 2990.0489999999999782, 1, 2996.2539999999999054, 52.137731298840506611, 2990.0489999999999782, 0
2996.2640000000001237, 61.204175311533745685, 2990.0529999999998836, 0, 2996.2640000000001237, 53.937935360618524783, 2990.0529999999998836, 1, 2996.2640000000001237, 38.196052383078608727, 2990.0529999999998836, 1, 2996.2640000000001237, 51.836872805361622341, 2990.0529999999998836, 0
2996.2759999999998399, 61.534466492320689213, 2990.0590000000001965, 0, 2996.2759999999998399, 54.019166464999088362, 2990.0590000000001965, 1, 2996.2759999999998399, 38.098996744669030079, 2990.0590000000001965, 1, 2996.2759999999998399, 51.500239582411666106, 2990.0590000000001965, 0
2996.2840000000001055, 61.890713624496129341, 2990.0650000000000546, 0, 2996.2840000000001055, 54.101690102242244507, 2990.0650000000000546, 1, 2996.2840000000001055, 37.997789790982537284, 2990.0650000000000546, 1, 2996.2840000000001055, 51.136370424217062691, 2990.0650000000000546, 0
2996.3040000000000873, 62.260391340151784334, 2990.068000000000211, 0, 2996.3040000000000873, 54.190597450187013351, 2990.068000000000211, 1, 2996.3040000000000873, 37.897937380070501945, 2990.068000000000211, 1, 2996.3040000000000873, 50.753270790896436893, 2990.068000000000211, 0
2996.3040000000000873, 62.646865168251579803, 2990.0729999999998654, 0, 2996.3040000000000873, 54.273171737207540843, 2990.0729999999998654, 1, 2996.3040000000000873, 37.792852005679506533, 2990.0729999999998654, 1, 2996.3040000000000873, 50.357501959168963879, 2990.0729999999998654, 0
2996.3139999999998508, 63.038885549774974493, 2990.0779999999999745, 0, 2996.3139999999998508, 54.354750151217089638, 2990.0779999999999745, 1, 2996.3139999999998508, 37.68786158290589583, 2990.0779999999999745, 1, 2996.3139999999998508, 49.955865725689093892, 2990.0779999999999745, 0
2996.3240000000000691, 63.432372861604370939, 2990.0830000000000837, 0, 2996.3240000000000691, 54.433870436366987633, 2990.0830000000000837, 1, 2996.3240000000000691, 37.582888173405976318, 2990.0830000000000837, 1, 2996.3240000000000691, 49.554120901084516504, 2990.0830000000000837, 0
2996.3339999999998327, 63.82006724895521188, 2990.0880000000001928, 0, 2996.3339999999998327, 54.511162119125614822, 2990.0880000000001928, 1, 2996.3339999999998327, 37.480971228369085679, 2990.0880000000001928, 1, 2996.3339999999998327, 49.157558052991518593, 2990.0880000000001928, 0
2996.3440000000000509, 64.197767988612952195, 2990.0940000000000509, 0, 2996.3440000000000509, 54.586305082724180693, 2990.0940000000000509, 1, 2996.3440000000000509, 37.382754180891964779, 2990.0940000000000509, 1, 2996.3440000000000509, 48.770618858854575706, 2990.0940000000000509, 0
2996.3539999999998145, 64.562393098736436059, 2990.0990000000001601, 0, 2996.3539999999998145, 54.658343526267316292, 2990.0990000000001601, 1, 2996.3539999999998145, 37.288500162257136594, 2990.0990000000001601, 1, 2996.3539999999998145, 48.397164885117817335, 2990.0990000000001601, 0
2996.3640000000000327, 64.918050669191018187, 2990.1039999999998145, 0, 2996.3640000000000327, 54.721567118435302746, 2990.1039999999998145, 1, 2996.3640000000000327, 37.193996855925647083, 2990.1039999999998145, 1, 2996.3640000000000327, 48.040762380444860469, 2990.1039999999998145, 0
2996.3840000000000146, 65.244742532549736325, 2990.1089999999999236, 0, 2996.3840000000000146, 54.3612491147495831, 2990.1089999999999236, 1, 2996.3840000000000146, 36.786343006039686543, 2990.1089999999999236, 1, 2996.3840000000000146, 47.715788658055018345, 2990.1089999999999236, 0
2996.3840000000000146, 65.553367941642989081, 2990.112999999999829, 0, 2996.3840000000000146, 54.429651830160352688, 2990.112999999999829, 1, 2996.3840000000000146, 36.712294157698835306, 2990.112999999999829, 1, 2996.3840000000000146, 47.40301722965527631, 2990.112999999999829, 0
2996.3939999999997781, 65.839491095264577325, 2990.1190000000001419, 0, 2996.3939999999997781, 54.493274115079984199, 2990.1190000000001419, 1, 2996.3939999999997781, 36.643771646023097333, 2990.1190000000001419, 1, 2996.3939999999997781, 47.113221665646840108, 2990.1190000000001419, 0
2996.4169999999999163, 66.116691858693201311, 2990.1239999999997963, 0, 2996.4169999999999163, 54.94805279338066839, 2990.1239999999997963, 1, 2996.4169999999999163, 36.883797474919390424, 2990.1239999999997963, 1, 2996.4169999999999163, 46.828274406561249066, 2990.1239999999997963, 0
2996.4169999999999163, 66.355030488896559859, 2990.1280000000001564, 0, 2996.4169999999999163, 54.995811860918777825, 2990.1280000000001564, 1, 2996.4169999999999163, 36.82312753753429746, 2990.1280000000001564, 1, 2996.4169999999999163, 46.58521399121939055, 2990.1280000000001564, 0
2996.4239999999999782, 66.568727899684418503, 2990.1350000000002183, 0, 2996.4239999999999782, 55.039000214457075799, 2990.1350000000002183, 1, 2996.4239999999999782, 36.768677927601679301, 2990.1350000000002183, 1, 2996.4239999999999782, 46.367437616312855653, 2990.1350000000002183, 0
2996.4340000000001965, 66.757823688125867534, 2990.13799999999992, 0, 2996.4340000000001965, 55.077612686371935524, 2990.13799999999992, 1, 2996.4340000000001965, 36.7204152959793646, 2990.13799999999992, 1, 2996.4340000000001965, 46.174887210064269993, 2990.13799999999992, 0
2996.44399999999996, 66.934658618257543594, 2990.1430000000000291, 0, 2996.44399999999996, 55.103920459818894528, 2990.1430000000000291, 1, 2996.44399999999996, 36.671518931643248607, 2990.1430000000000291, 1, 2996.44399999999996, 46.008464776651848638, 2990.1430000000000291, 0
2996.4639999999999418, 67.048555890408579216, 2990.1489999999998872, 0, 2996.4639999999999418, 54.76860899765114965, 2990.1489999999998872, 1, 2996.4639999999999418, 36.354028173988616857, 2990.1489999999998872, 1, 2996.4639999999999418, 45.885366662965907381, 2990.1489999999998872, 0
2996.4639999999999418, 67.166904380054546664, 2990.1509999999998399, 0, 2996.4639999999999418, 54.796892062884460017, 2990.1509999999998399, 1, 2996.4639999999999418, 36.325432201584206382, 2990.1509999999998399, 1, 2996.4639999999999418, 45.767087153820440903, 2990.1509999999998399, 0
2996.4740000000001601, 67.263532646359593059, 2990.1590000000001055, 0, 2996.4740000000001601, 54.820456345858360692, 2990.1590000000001055, 1, 2996.4740000000001601, 36.301990902114155801, 2990.1590000000001055, 1, 2996.4740000000001601, 45.675641071833382512, 2990.1590000000001055, 0
2996.4839999999999236, 67.37757490703801011, 2990.1630000000000109, 0, 2996.4839999999999236, 55.19069273806761089, 2990.1630000000000109, 1, 2996.4839999999999236, 36.554533741497081678, 2990.1630000000000109, 1, 2996.4839999999999236, 45.571322890139953188, 2990.1630000000000109, 0
2996.5039999999999054, 67.396586144262897733, 2990.1680000000001201, 0, 2996.5039999999999054, 54.854259705706780892, 2990.1680000000001201, 1, 2996.5039999999999054, 36.269485135440909573, 2990.1680000000001201, 1, 2996.5039999999999054, 45.542752832936521656, 2990.1680000000001201, 0
2996.5039999999999054, 67.435776774665782796, 2990.1729999999997744, 0, 2996.5039999999999054, 54.864980455197510878, 2990.1729999999997744, 1, 2996.5039999999999054, 36.259817062892850004, 2990.1729999999997744, 1, 2996.5039999999999054, 45.504028856835844863, 2990.1729999999997744, 0
2996.5239999999998872, 67.458717539831710042, 2990.1779999999998836, 0, 2996.5239999999998872, 54.871936692338003638, 2990.1779999999998836, 1, 2996.5239999999998872, 36.254107568592630173, 2990.1779999999998836, 1, 2996.5239999999998872, 45.481776608601272471, 2990.1779999999998836, 0
2996.5239999999998872, 67.466945772189149011, 2990.1829999999999927, 0, 2996.5239999999998872, 54.875415091503533915, 2990.1829999999999927, 1, 2996.5239999999998872, 36.252019159477249843, 2990.1829999999999927, 1, 2996.5239999999998872, 45.474434596328165981, 2990.1829999999999927, 0
2996.5340000000001055, 67.508216798944772563, 2990.1889999999998508, 0, 2996.5340000000001055, 55.218231711936816453, 2990.1889999999998508, 1, 2996.5340000000001055, 36.517642320867537364, 2990.1889999999998508, 1, 2996.5340000000001055, 45.451782327322618471, 2990.1889999999998508, 0
2996.5430000000001201, 67.491650364234828885, 2990.193000000000211, 0, 2996.5430000000001201, 55.215906371264004804, 2990.193000000000211, 1, 2996.5430000000001201, 36.521913247918334378, 2990.193000000000211, 1, 2996.5430000000001201, 45.469585666353715681, 2990.193000000000211, 0
2996.5540000000000873, 67.464975754880555314, 2990.1979999999998654, 0, 2996.5540000000000873, 55.211254268304458037, 2990.1979999999998654, 1, 2996.5540000000000873, 36.528926924347096872, 2990.1979999999998654, 1, 2996.5540000000000873, 45.497694785385569105, 2990.1979999999998654, 0
2996.5630000000001019, 67.433301133824357976, 2990.2029999999999745, 0, 2996.5630000000001019, 55.202242463030813724, 2990.2029999999999745, 1, 2996.5630000000001019, 36.536346984451981257, 2990.2029999999999745, 1, 2996.5630000000001019, 45.535007262132793926, 2990.2029999999999745, 0
2996.5729999999998654, 67.391138942991233307, 2990.2080000000000837, 0, 2996.5729999999998654, 55.193525726716984536, 2990.2080000000000837, 1, 2996.5729999999998654, 36.547590390236223357, 2990.2080000000000837, 1, 2996.5729999999998654, 45.579288447560898589, 2990.2080000000000837, 0
2996.5940000000000509, 67.342787445357927822, 2990.2139999999999418, 0, 2996.5940000000000509, 55.18350827456929153, 2990.2139999999999418, 1, 2996.5940000000000509, 36.560724287368628893, 2990.2139999999999418, 1, 2996.5940000000000509, 45.629491012447196852, 2990.2139999999999418, 0
2996.5940000000000509, 67.289870222322093696, 2990.2179999999998472, 1, 2996.5940000000000509, 55.172226015630059237, 2990.2179999999998472, 1, 2996.5940000000000509, 36.575238767388682959, 2990.2179999999998472, 1, 2996.5940000000000509, 45.684349964850525794, 2990.2179999999998472, 1
2996.6140000000000327, 67.183875106779382236, 2990.2240000000001601, 1, 2996.6140000000000327, 54.81417797844912343, 2990.2240000000001601, 1, 2996.6140000000000327, 36.325054040750870854, 2990.2240000000001601, 1, 2996.6140000000000327, 45.769176797084121233, 2990.2240000000001601, 1
2996.6230000000000473, 67.125418695164896121, 2990.2280000000000655, 1, 2996.6230000000000473, 54.799787529472418157, 2990.2280000000000655, 1, 2996.6230000000000473, 36.34063382923434915, 2990.2280000000000655, 1, 2996.6230000000000473, 45.829386528722537264, 2990.2280000000000655, 1
2996.6230000000000473, 67.065699975851813974, 2990.2330000000001746, 1, 2996.6230000000000473, 54.784790280194798129, 2990.2330000000001746, 1, 2996.6230000000000473, 36.356711006919539386, 2990.2330000000001746, 1, 2996.6230000000000473, 45.890869439860352941, 2990.2330000000001746, 1
2996.6340000000000146, 67.005625745254022263, 2990.237999999999829, 1, 2996.6340000000000146, 54.769413597349000611, 2990.237999999999829, 1, 2996.6340000000000146, 36.373053161411121437, 2990.237999999999829, 1, 2996.6340000000000146, 45.952704414529307542, 2990.237999999999829, 1
2996.6449999999999818, 66.996523557491855172, 2990.2440000000001419, 1, 2996.6449999999999818, 55.104145617630429399, 2990.2440000000001419, 1, 2996.6449999999999818, 36.657811916607236924, 2990.2440000000001419, 1, 2996.6449999999999818, 45.98935413260153382, 2990.2440000000001419, 1
2996.6539999999999964, 66.937956962601234068, 2990.2480000000000473, 1, 2996.6539999999999964, 55.089974429352622565, 2990.2480000000000473, 1, 2996.6539999999999964, 36.67489928791942333, 2990.2480000000000473, 1, 2996.6539999999999964, 46.04995501790100576, 2990.2480000000000473, 1
2996.6640000000002146, 66.881173802725243149, 2990.2530000000001564, 1, 2996.6640000000002146, 55.075967580751637342, 2990.2530000000001564, 1, 2996.6640000000002146, 36.691657827561130034, 2990.2530000000001564, 1, 2996.6640000000002146, 46.108726202983461917, 2990.2530000000001564, 1
2996.6840000000001965, 66.825443418986083088, 2990.2579999999998108, 1, 2996.6840000000001965, 55.063071274991969517, 2990.2579999999998108, 1, 2996.6840000000001965, 36.708640271976690883, 2990.2579999999998108, 1, 2996.6840000000001965, 46.165010283118590451, 2990.2579999999998108, 1
2996.69399999999996, 66.773714133678751637, 2990.26299999999992, 1, 2996.69399999999996, 55.049800898868312515, 2990.26299999999992, 1, 2996.69399999999996, 36.725045563330183995, 2990.26299999999992, 1, 2996.69399999999996, 46.221169236609000563, 2990.26299999999992, 1
2996.69399999999996, 66.725079594310869879, 2990.2680000000000291, 1, 2996.69399999999996, 55.037066162274001613, 2990.2680000000000291, 1, 2996.69399999999996, 36.739925450972691578, 2990.2680000000000291, 1, 2996.69399999999996, 46.271466660669176463, 2990.2680000000000291, 1
2996.7049999999999272, 66.679811689248012385, 2990.2730000000001382, 1, 2996.7049999999999272, 55.024957804841235998, 2990.2730000000001382, 1, 2996.7049999999999272, 36.753263207362863341, 2990.2730000000001382, 1, 2996.7049999999999272, 46.318175500017538582, 2990.2730000000001382, 1
2996.7139999999999418, 66.589522242721869816, 2990.2789999999999964, 1, 2996.7139999999999418, 54.654000556863749694, 2990.2789999999999964, 1, 2996.7139999999999418, 36.492136269286532979, 2990.2789999999999964, 1, 2996.7139999999999418, 46.383413298147530668, 2990.2789999999999964, 1
2996.7240000000001601, 66.551587356833024955, 2990.2840000000001055, 1, 2996.7240000000001601, 54.642417300753159282, 2990.2840000000001055, 1, 2996.7240000000001601, 36.503739486191072672, 2990.2840000000001055, 1, 2996.7240000000001601, 46.420501211054357782, 2990.2840000000001055, 1
2996.7339999999999236, 66.517408739716941568, 2990.2880000000000109, 1, 2996.7339999999999236, 54.631724279304478387, 2990.2880000000000109, 1, 2996.7339999999999236, 36.514378625826822145, 2990.2880000000000109, 1, 2996.7339999999999236, 46.455816717999887544, 2990.2880000000000109, 1
2996.7460000000000946, 66.486998686231970623, 2990.293999999999869, 1, 2996.7460000000000946, 54.621954864847722888, 2990.293999999999869, 0, 2996.7460000000000946, 36.52402879014794479, 2990.293999999999869, 0, 2996.7460000000000946, 46.487265435975409389, 2990.293999999999869, 1
2996.7640000000001237, 66.460319977395556634, 2990.2979999999997744, 1, 2996.7640000000001237, 54.613128655755900809, 2990.2979999999997744, 0, 2996.7640000000001237, 36.532678982391182387, 2990.2979999999997744, 0, 2996.7640000000001237, 46.514882573927664566, 2990.2979999999997744, 1
2996.7640000000001237, 66.437291972157751729, 2990.3029999999998836, 1, 2996.7640000000001237, 54.605252589649339257, 2990.3029999999998836, 0, 2996.7640000000001237, 36.540330863362584068, 2990.3029999999998836, 0, 2996.7640000000001237, 46.538747854167255014, 2990.3029999999998836, 1
2996.7739999999998872, 66.41779656176760227, 2990.3099999999999454, 1, 2996.7739999999998872, 54.598322093926370258, 2990.3099999999999454, 0, 2996.7739999999998872, 36.546997481659822427, 2990.3099999999999454, 0, 2996.7739999999998872, 46.558979509788379403, 2990.3099999999999454, 1
2996.7829999999999018, 66.40168392587528956, 2990.3130000000001019, 1, 2996.7829999999999018, 54.592322256983123907, 2990.3130000000001019, 0, 2996.7829999999999018, 36.552701994797146767, 2990.3130000000001019, 0, 2996.7829999999999018, 46.575728468735633214, 2990.3130000000001019, 1
2996.7950000000000728, 66.431859173729833401, 2990.31899999999996, 1, 2996.7950000000000728, 54.955325813148512282, 2990.31899999999996, 0, 2996.7950000000000728, 36.837953897817342863, 2990.31899999999996, 0, 2996.7950000000000728, 46.568394886585650738, 2990.31899999999996, 1
2996.8139999999998508, 66.378881887039284493, 2990.3229999999998654, 1, 2996.8139999999998508, 54.583010266637444374, 2990.3229999999998654, 0, 2996.8139999999998508, 36.56136026872626843, 2990.3229999999998654, 0, 2996.8139999999998508, 46.599512305707676774, 2990.3229999999998654, 1
2996.8139999999998508, 66.371782354952898686, 2990.3279999999999745, 1, 2996.8139999999998508, 54.579627124452812836, 2990.3279999999999745, 0, 2996.8139999999998508, 36.564399558212684838, 2990.3279999999999745, 0, 2996.8139999999998508, 46.606963774551147139, 2990.3279999999999745, 1
2996.8249999999998181, 66.367254769475039211, 2990.3339999999998327, 1, 2996.8249999999998181, 54.577034923238556985, 2990.3339999999998327, 0, 2996.8249999999998181, 36.566645410131840777, 2990.3339999999998327, 0, 2996.8249999999998181, 46.611756123162123799, 2990.3339999999998327, 1
2996.8339999999998327, 66.406992578216971879, 2990.3380000000001928, 1, 2996.8339999999998327, 54.944763967053788178, 2990.3380000000001928, 0, 2996.8339999999998327, 36.84976298602171596, 2990.3380000000001928, 0, 2996.8339999999998327, 46.593543792324240371, 2990.3380000000001928, 1
2996.8440000000000509, 66.364983599152097327, 2990.3429999999998472, 1, 2996.8440000000000509, 54.574022426938384456, 2990.3429999999998472, 0, 2996.8440000000000509, 36.568999926851361693, 2990.3429999999998472, 0, 2996.8440000000000509, 46.61425476308670568, 2990.3429999999998472, 1
2996.8539999999998145, 66.366768514601773177, 2990.3479999999999563, 1, 2996.8539999999998145, 54.573493531879933016, 2990.3479999999999563, 0, 2996.8539999999998145, 36.569188319097982287, 2990.3479999999999563, 0, 2996.8539999999998145, 46.612443439000216472, 2990.3479999999999563, 1
2996.8640000000000327, 66.370188808761440669, 2990.3530000000000655, 1, 2996.8640000000000327, 54.573540244362398255, 2990.3530000000000655, 0, 2996.8640000000000327, 36.568838387194816164, 2990.3530000000000655, 0, 2996.8640000000000327, 46.609112599631913554, 2990.3530000000000655, 1
2996.8739999999997963, 66.416123009390986454, 2990.3580000000001746, 1, 2996.8739999999997963, 54.944112966432996359, 2990.3580000000001746, 0, 2996.8739999999997963, 36.850041055920655708, 2990.3580000000001746, 0, 2996.8739999999997963, 46.583538703124659719, 2990.3580000000001746, 1
2996.8939999999997781, 66.381033185237370731, 2990.362999999999829, 1, 2996.8939999999997781, 54.575126893257667859, 2990.362999999999829, 0, 2996.8939999999997781, 36.566709233433513759, 2990.362999999999829, 0, 2996.8939999999997781, 46.598034218505446802, 2990.362999999999829, 1
2996.8939999999997781, 66.388027403679686245, 2990.3690000000001419, 1, 2996.8939999999997781, 54.576550283963328525, 2990.3690000000001419, 0, 2996.8939999999997781, 36.565051700509599186, 2990.3690000000001419, 0, 2996.8939999999997781, 46.590849931202662049, 2990.3690000000001419, 1
2996.9039999999999964, 66.395800770684218151, 2990.3739999999997963, 1, 2996.9039999999999964, 54.578317503737764582, 2990.3739999999997963, 0, 2996.9039999999999964, 36.56296896800378704, 2990.3739999999997963, 0, 2996.9039999999999964, 46.582422582160702973, 2990.3739999999997963, 1
2996.9140000000002146, 66.444452902294244723, 2990.3780000000001564, 1, 2996.9140000000002146, 54.95001005650479442, 2990.3780000000001564, 0, 2996.9140000000002146, 36.842645970265934352, 2990.3780000000001564, 0, 2996.9140000000002146, 46.552890994015214687, 2990.3780000000001564, 1
2996.9239999999999782, 66.453241791035168262, 2990.3829999999998108, 1, 2996.9239999999999782, 54.952101886248691187, 2990.3829999999998108, 0, 2996.9239999999999782, 36.840204124385763862, 2990.3829999999998108, 0, 2996.9239999999999782, 46.544193193152381127, 2990.3829999999998108, 1
2996.9349999999999454, 66.463207434477027391, 2990.3899999999998727, 1, 2996.9349999999999454, 54.954487159184310485, 2990.3899999999998727, 0, 2996.9349999999999454, 36.837336721353310054, 2990.3899999999998727, 0, 2996.9349999999999454, 46.534286338110177894, 2990.3899999999998727, 1
2996.94399999999996, 66.472333075099868438, 2990.3930000000000291, 1, 2996.94399999999996, 54.956896373281729495, 2990.3930000000000291, 0, 2996.94399999999996, 36.834518678805636682, 2990.3930000000000291, 0, 2996.94399999999996, 46.524710977205629092, 2990.3930000000000291, 1
2996.9529999999999745, 66.481040784048772707, 2990.3980000000001382, 1, 2996.9529999999999745, 54.959262945094771169, 2990.3980000000001382, 0, 2996.9529999999999745, 36.831753756174947512, 2990.3980000000001382, 0, 2996.9529999999999745, 46.515623644183818897, 2990.3980000000001382, 1
2996.9650000000001455, 66.490081316888478113, 2990.4039999999999964, 1, 2996.9650000000001455, 54.961803638676016703, 2990.4039999999999964, 0, 2996.9650000000001455, 36.828818733659147711, 2990.4039999999999964, 0, 2996.9650000000001455, 46.506176669758488629, 2990.4039999999999964, 1
2996.9729999999999563, 66.498894508401036774, 2990.4079999999999018, 1, 2996.9729999999999563, 54.96436170454420278, 2990.4079999999999018, 0, 2996.9729999999999563, 36.825894954788424229, 2990.4079999999999018, 0, 2996.9729999999999563, 46.496955060008446026, 2990.4079999999999018, 1
2996.9899999999997817, 66.46662511914249194, 2990.4130000000000109, 1, 2996.9899999999997817, 54.598750575648686834, 2990.4130000000000109, 0, 2996.9899999999997817, 36.541967499600602309, 2990.4130000000000109, 0, 2996.9899999999997817, 46.509419290404807157, 2990.4130000000000109, 1
2996.9940000000001419, 66.474724528807755064, 2990.4180000000001201, 1, 2996.9940000000001419, 54.60145544320459976, 2990.4180000000001201, 0, 2996.9940000000001419, 36.539286293066112421, 2990.4180000000001201, 0, 2996.9940000000001419, 46.50097428430174773, 2990.4180000000001201, 1
2997.0140000000001237, 66.482379169907602545, 2990.4229999999997744, 1, 2997.0140000000001237, 54.604084003423487559, 2990.4229999999997744, 0, 2997.0140000000001237, 36.536699802384873692, 2990.4229999999997744, 0, 2997.0140000000001237, 46.492982835845232614, 2990.4229999999997744, 1
2997.0140000000001237, 66.489542055650701968, 2990.4290000000000873, 1, 2997.0140000000001237, 54.606613196457438164, 2990.4290000000000873, 0, 2997.0140000000001237, 36.534228982356026449, 2990.4290000000000873, 0, 2997.0140000000001237, 46.485494834490936, 2990.4290000000000873, 1
2997.0239999999998872, 66.537327371783376861, 2990.4340000000001965, 1, 2997.0239999999998872, 54.976142697868866094, 2990.4340000000001965, 0, 2997.0239999999998872, 36.812265769897116741, 2990.4340000000001965, 0, 2997.0239999999998872, 46.456948032632723766, 2990.4340000000001965, 1
2997.0340000000001055, 66.543490086877440604, 2990.4380000000001019, 1, 2997.0340000000001055, 54.978205665068720975, 2990.4380000000001019, 0, 2997.0340000000001055, 36.809934944650557043, 2990.4380000000001019, 0, 2997.0340000000001055, 46.450520713050451604, 2990.4380000000001019, 1
2997.043999999999869, 66.549017316506919428, 2990.44399999999996, 1, 2997.043999999999869, 54.980185823527499167, 2990.44399999999996, 0, 2997.043999999999869, 36.80781367530593684, 2990.44399999999996, 0, 2997.043999999999869, 46.444677904540270674, 2990.44399999999996, 1
2997.0630000000001019, 66.553970488223399116, 2990.4490000000000691, 1, 2997.0630000000001019, 54.982021482957023295, 2990.4490000000000691, 0, 2997.0630000000001019, 36.805866337715642089, 2990.4490000000000691, 0, 2997.0630000000001019, 46.439431943466885855, 2990.4490000000000691, 1
2997.0630000000001019, 66.558351412803787639, 2990.4540000000001783, 1, 2997.0630000000001019, 54.983705824327842038, 2990.4540000000001783, 0, 2997.0630000000001019, 36.80409806467793743, 2990.4540000000001783, 0, 2997.0630000000001019, 46.434782107583195909, 2990.4540000000001783, 1
2997.0839999999998327, 66.562442999851853642, 2990.4589999999998327, 1, 2997.0839999999998327, 54.985026041672171004, 2990.4589999999998327, 0, 2997.0839999999998327, 36.80233409305461123, 2990.4589999999998327, 0, 2997.0839999999998327, 46.430739537815227891, 2990.4589999999998327, 1
2997.0940000000000509, 66.565417357546579069, 2990.4630000000001928, 1, 2997.0940000000000509, 54.986333510764353605, 2990.4630000000001928, 0, 2997.0940000000000509, 36.800993477032228895, 2990.4630000000001928, 0, 2997.0940000000000509, 46.427407776265162909, 2990.4630000000001928, 1
2997.1039999999998145, 66.568283861095252973, 2990.4690000000000509, 1, 2997.1039999999998145, 54.987333424211144006, 2990.4690000000000509, 0, 2997.1039999999998145, 36.799566292516914245, 2990.4690000000000509, 0, 2997.1039999999998145, 46.424340029501308891, 2990.4690000000000509, 1
2997.1039999999998145, 66.570799762298378255, 2990.4740000000001601, 1, 2997.1039999999998145, 54.988454668891677102, 2990.4740000000001601, 0, 2997.1039999999998145, 36.798463286871609057, 2990.4740000000001601, 0, 2997.1039999999998145, 46.421812277378123213, 2990.4740000000001601, 1
2997.1140000000000327, 66.572666616211733981, 2990.4780000000000655, 1, 2997.1140000000000327, 54.989410486334534767, 2990.4780000000000655, 0, 2997.1140000000000327, 36.79763177205844471, 2990.4780000000000655, 0, 2997.1140000000000327, 46.420015504822202956, 2990.4780000000000655, 1
2997.125, 66.573984825455170267, 2990.4830000000001746, 1, 2997.125, 54.990168476647852458, 2990.4830000000001746, 0, 2997.125, 36.796913270546824037, 2990.4830000000001746, 0, 2997.125, 46.418518805292819707, 2990.4830000000001746, 1
2997.1439999999997781, 66.575077221335106969, 2990.487999999999829, 1, 2997.1439999999997781, 54.990639881297283864, 2990.487999999999829, 0, 2997.1439999999997781, 36.796223351699822501, 2990.487999999999829, 0, 2997.1439999999997781, 46.417502150430195229, 2990.487999999999829, 1
2997.1439999999997781, 66.575608310965520786, 2990.4940000000001419, 1, 2997.1439999999997781, 54.991123131543972136, 2990.4940000000001419, 0, 2997.1439999999997781, 36.795803456970162415, 2990.4940000000001419, 0, 2997.1439999999997781, 46.416930771952856105, 2990.4940000000001419, 1
2997.1640000000002146, 66.575816760355223778, 2990.4969999999998436, 1, 2997.1640000000002146, 54.991466001174217126, 2990.4969999999998436, 0, 2997.1640000000002146, 36.795505398509959605, 2990.4969999999998436, 0, 2997.1640000000002146, 46.416717774264938612, 2990.4969999999998436, 1
2997.1640000000002146, 66.575702350938485097, 2990.5030000000001564, 1, 2997.1640000000002146, 54.991706892989363098, 2990.5030000000001564, 0, 2997.1640000000002146, 36.795343802455903415, 2990.5030000000001564, 0, 2997.1640000000002146, 46.416799183519117378, 2990.5030000000001564, 1
2997.1739999999999782, 66.575318800800985741, 2990.5079999999998108, 1, 2997.1739999999999782, 54.991840323584661121, 2990.5079999999998108, 0, 2997.1739999999999782, 36.795294955783845126, 2990.5079999999998108, 0, 2997.1739999999999782, 46.417160876372633993, 2990.5079999999998108, 1
2997.1840000000001965, 66.574795418582780826, 2990.51299999999992, 1, 2997.1840000000001965, 54.991793398652383473, 2990.51299999999992, 0, 2997.1840000000001965, 36.795278081883822097, 2990.51299999999992, 0, 2997.1840000000001965, 46.417776931921686412, 2990.51299999999992, 1
2997.19399999999996, 66.573977817939336887, 2990.5180000000000291, 1, 2997.19399999999996, 54.991741026038340578, 2990.5180000000000291, 0, 2997.19399999999996, 36.795420909929575259, 2990.5180000000000291, 0, 2997.19399999999996, 46.418602702460120213, 2990.5180000000000291, 1
2997.2040000000001783, 66.572993021185766338, 2990.5230000000001382, 1, 2997.2040000000001783, 54.991610545861966841, 2990.5230000000001382, 0, 2997.2040000000001783, 36.795642716030187103, 2990.5230000000001382, 0, 2997.2040000000001783, 46.419608344971592828, 2990.5230000000001382, 1
2997.2139999999999418, 66.571872240815963551, 2990.5289999999999964, 1, 2997.2139999999999418, 54.99141176161184319, 2990.5289999999999964, 0, 2997.2139999999999418, 36.795932513774914696, 2990.5289999999999964, 0, 2997.2139999999999418, 46.420761088214597123, 2990.5289999999999964, 1
2997.2240000000001601, 66.570689477018959224, 2990.5329999999999018, 1, 2997.2240000000001601, 54.99110082413812961, 2990.5329999999999018, 0, 2997.2240000000001601, 36.796237950964680863, 2990.5329999999999018, 0, 2997.2240000000001601, 46.422029774120858292, 2990.5329999999999018, 1
2997.2440000000001419, 66.569383035020209149, 2990.5380000000000109, 1, 2997.2440000000001419, 54.990794000535451858, 2990.5380000000000109, 0, 2997.2440000000001419, 36.796653281147463588, 2990.5380000000000109, 0, 2997.2440000000001419, 46.423455954933629641, 2990.5380000000000109, 1
2997.2440000000001419, 66.568022869238745898, 2990.5430000000001201, 1, 2997.2440000000001419, 54.990446796139352159, 2990.5430000000001201, 1, 2997.2440000000001419, 36.797085977546359459, 2990.5430000000001201, 1, 2997.2440000000001419, 46.424873947992594481, 2990.5430000000001201, 1
2997.2530000000001564, 66.56663218193709497, 2990.5479999999997744, 1, 2997.2530000000001564, 54.990067744202299593, 2990.5479999999997744, 1, 2997.2530000000001564, 36.797523637561312171, 2990.5479999999997744, 1, 2997.2530000000001564, 46.426254470239641137, 2990.5479999999997744, 1
2997.2730000000001382, 66.523115160092700648, 2990.5529999999998836, 1, 2997.2730000000001382, 54.624115825017341308, 2990.5529999999998836, 1, 2997.2730000000001382, 36.518736779968612893, 2990.5529999999998836, 1, 2997.2730000000001382, 46.44956855406746854, 2990.5529999999998836, 1
2997.2730000000001382, 66.521726102659258117, 2990.5579999999999927, 1, 2997.2730000000001382, 54.623661693068385148, 2990.5579999999999927, 1, 2997.2730000000001382, 36.519206222870622014, 2990.5579999999999927, 1, 2997.2730000000001382, 46.45101645894843756, 2990.5579999999999927, 1
2997.293999999999869, 66.520362763184195387, 2990.5630000000001019, 1, 2997.293999999999869, 54.623198278096232627, 2990.5630000000001019, 1, 2997.293999999999869, 36.519680351948068164, 2990.5630000000001019, 1, 2997.293999999999869, 46.452440205323362932, 2990.5630000000001019, 1
2997.3029999999998836, 66.519039453861395828, 2990.568000000000211, 1, 2997.3029999999998836, 54.622732314862716407, 2990.568000000000211, 1, 2997.3029999999998836, 36.520152924897956837, 2990.568000000000211, 1, 2997.3029999999998836, 46.453824552580869067, 2990.568000000000211, 1
2997.3049999999998363, 66.517768374024200284, 2990.5729999999998654, 1, 2997.3049999999998363, 54.622269870564508665, 2990.5729999999998654, 1, 2997.3049999999998363, 36.520618373932748568, 2990.5729999999998654, 1, 2997.3049999999998363, 46.45515645652633907, 2990.5729999999998654, 1
2997.3229999999998654, 66.558607066844729161, 2990.5790000000001783, 1, 2997.3229999999998654, 54.987519194312682203, 2990.5790000000001783, 1, 2997.3229999999998654, 36.800449341615454557, 2990.5790000000001783, 1, 2997.3229999999998654, 46.434618729027754114, 2990.5790000000001783, 1
2997.3240000000000691, 66.557467353361033702, 2990.5830000000000837, 1, 2997.3240000000000691, 54.987110091849018545, 2990.5830000000000837, 1, 2997.3240000000000691, 36.800905845908928882, 2990.5830000000000837, 1, 2997.3240000000000691, 46.43582517782333241, 2990.5830000000000837, 1
2997.3330000000000837, 66.556404821994746612, 2990.5880000000001928, 1, 2997.3330000000000837, 54.986717024531998277, 2990.5880000000001928, 1, 2997.3330000000000837, 36.801341486015815008, 2990.5880000000001928, 1, 2997.3330000000000837, 46.436951813558955848, 2990.5880000000001928, 1
2997.3440000000000509, 66.555368876039210591, 2990.5929999999998472, 1, 2997.3440000000000509, 54.986355193877386682, 2990.5929999999998472, 1, 2997.3440000000000509, 36.80177398313136905, 2990.5929999999998472, 1, 2997.3440000000000509, 46.437985295072238046, 2990.5929999999998472, 1
2997.3539999999998145, 66.554465006641109426, 2990.5990000000001601, 1, 2997.3539999999998145, 54.986005359113150348, 2990.5990000000001601, 1, 2997.3539999999998145, 36.80216255079972143, 2990.5990000000001601, 1, 2997.3539999999998145, 46.438936892932332512, 2990.5990000000001601, 1
2997.3640000000000327, 66.553656357808108623, 2990.6030000000000655, 1, 2997.3640000000000327, 54.985677705830262596, 2990.6030000000000655, 1, 2997.3640000000000327, 36.802519570738724042, 2990.6030000000000655, 1, 2997.3640000000000327, 46.439798815240280305, 2990.6030000000000655, 1
2997.3739999999997963, 66.5529350176643959, 2990.6080000000001746, 1, 2997.3739999999997963, 54.985375811139917346, 2990.6080000000001746, 1, 2997.3739999999997963, 36.802846972901733125, 2990.6080000000001746, 1, 2997.3739999999997963, 46.440569133886214104, 2990.6080000000001746, 1
, , 2990.6140000000000327, 1, , , 2990.6140000000000327, 1, , , 2990.6140000000000327, 1, , , 2990.6140000000000327, 1
, , 2990.6190000000001419, 0, , , 2990.6190000000001419, 1, , , 2990.6190000000001419, 1, , , 2990.6190000000001419, 0
, , 2990.6239999999997963, 0, , , 2990.6239999999997963, 1, , , 2990.6239999999997963, 1, , , 2990.6239999999997963, 0
, , 2990.6280000000001564, 0, , , 2990.6280000000001564, 1, , , 2990.6280000000001564, 1, , , 2990.6280000000001564, 0
, , 2990.6329999999998108, 0, , , 2990.6329999999998108, 1, , , 2990.6329999999998108, 1, , , 2990.6329999999998108, 0
, , 2990.6390000000001237, 0, , , 2990.6390000000001237, 1, , , 2990.6390000000001237, 1, , , 2990.6390000000001237, 0
, , 2990.6430000000000291, 0, , , 2990.6430000000000291, 1, , , 2990.6430000000000291, 1, , , 2990.6430000000000291, 0
, , 2990.6480000000001382, 0, , , 2990.6480000000001382, 1, , , 2990.6480000000001382, 1, , , 2990.6480000000001382, 0
, , 2990.6529999999997926, 0, , , 2990.6529999999997926, 1, , , 2990.6529999999997926, 1, , , 2990.6529999999997926, 0
, , 2990.6590000000001055, 0, , , 2990.6590000000001055, 1, , , 2990.6590000000001055, 1, , , 2990.6590000000001055, 0
, , 2990.6630000000000109, 0, , , 2990.6630000000000109, 1, , , 2990.6630000000000109, 1, , , 2990.6630000000000109, 0
, , 2990.668999999999869, 0, , , 2990.668999999999869, 1, , , 2990.668999999999869, 1, , , 2990.668999999999869, 0
, , 2990.6729999999997744, 0, , , 2990.6729999999997744, 1, , , 2990.6729999999997744, 1, , , 2990.6729999999997744, 0
, , 2990.6790000000000873, 0, , , 2990.6790000000000873, 1, , , 2990.6790000000000873, 1, , , 2990.6790000000000873, 0
, , 2990.6840000000001965, 0, , , 2990.6840000000001965, 1, , , 2990.6840000000001965, 1, , , 2990.6840000000001965, 0
, , 2990.6880000000001019, 0, , , 2990.6880000000001019, 1, , , 2990.6880000000001019, 1, , , 2990.6880000000001019, 0
, , 2990.693000000000211, 0, , , 2990.693000000000211, 1, , , 2990.693000000000211, 1, , , 2990.693000000000211, 0
, , 2990.6979999999998654, 0, , , 2990.6979999999998654, 1, , , 2990.6979999999998654, 1, , , 2990.6979999999998654, 0
, , 2990.7040000000001783, 0, , , 2990.7040000000001783, 1, , , 2990.7040000000001783, 1, , , 2990.7040000000001783, 0
, , 2990.7080000000000837, 0, , , 2990.7080000000000837, 1, , , 2990.7080000000000837, 1, , , 2990.7080000000000837, 0
, , 2990.7130000000001928, 0, , , 2990.7130000000001928, 1, , , 2990.7130000000001928, 1, , , 2990.7130000000001928, 0
, , 2990.7179999999998472, 0, , , 2990.7179999999998472, 1, , , 2990.7179999999998472, 1, , , 2990.7179999999998472, 0
, , 2990.7240000000001601, 0, , , 2990.7240000000001601, 1, , , 2990.7240000000001601, 1, , , 2990.7240000000001601, 0
, , 2990.7280000000000655, 0, , , 2990.7280000000000655, 1, , , 2990.7280000000000655, 1, , , 2990.7280000000000655, 0
, , 2990.7330000000001746, 0, , , 2990.7330000000001746, 1, , , 2990.7330000000001746, 1, , , 2990.7330000000001746, 0
, , 2990.737999999999829, 0, , , 2990.737999999999829, 1, , , 2990.737999999999829, 1, , , 2990.737999999999829, 0
, , 2990.7429999999999382, 0, , , 2990.7429999999999382, 1, , , 2990.7429999999999382, 1, , , 2990.7429999999999382, 0
, , 2990.7480000000000473, 0, , , 2990.7480000000000473, 1, , , 2990.7480000000000473, 1, , , 2990.7480000000000473, 0
, , 2990.7539999999999054, 0, , , 2990.7539999999999054, 1, , , 2990.7539999999999054, 1, , , 2990.7539999999999054, 0
, , 2990.7579999999998108, 0, , , 2990.7579999999998108, 1, , , 2990.7579999999998108, 1, , , 2990.7579999999998108, 0
, , 2990.76299999999992, 0, , , 2990.76299999999992, 1, , , 2990.76299999999992, 1, , , 2990.76299999999992, 0
, , 2990.7680000000000291, 0, , , 2990.7680000000000291, 1, , , 2990.7680000000000291, 1, , , 2990.7680000000000291, 0
, , 2990.7730000000001382, 0, , , 2990.7730000000001382, 1, , , 2990.7730000000001382, 1, , , 2990.7730000000001382, 0
, , 2990.7800000000002001, 0, , , 2990.7800000000002001, 1, , , 2990.7800000000002001, 1, , , 2990.7800000000002001, 0
, , 2990.7829999999999018, 0, , , 2990.7829999999999018, 1, , , 2990.7829999999999018, 1, , , 2990.7829999999999018, 0
, , 2990.7880000000000109, 0, , , 2990.7880000000000109, 1, , , 2990.7880000000000109, 1, , , 2990.7880000000000109, 0
, , 2990.7930000000001201, 0, , , 2990.7930000000001201, 1, , , 2990.7930000000001201, 1, , , 2990.7930000000001201, 0
, , 2990.7979999999997744, 0, , , 2990.7979999999997744, 1, , , 2990.7979999999997744, 1, , , 2990.7979999999997744, 0
, , 2990.8029999999998836, 0, , , 2990.8029999999998836, 1, , , 2990.8029999999998836, 1, , , 2990.8029999999998836, 0
, , 2990.8079999999999927, 0, , , 2990.8079999999999927, 1, , , 2990.8079999999999927, 1, , , 2990.8079999999999927, 0
, , 2990.8130000000001019, 0, , , 2990.8130000000001019, 1, , , 2990.8130000000001019, 1, , , 2990.8130000000001019, 0
, , 2990.8170000000000073, 0, , , 2990.8170000000000073, 1, , , 2990.8170000000000073, 1, , , 2990.8170000000000073, 0
, , 2990.8229999999998654, 0, , , 2990.8229999999998654, 1, , , 2990.8229999999998654, 1, , , 2990.8229999999998654, 0
, , 2990.8279999999999745, 0, , , 2990.8279999999999745, 1, , , 2990.8279999999999745, 1, , , 2990.8279999999999745, 0
, , 2990.8330000000000837, 0, , , 2990.8330000000000837, 1, , , 2990.8330000000000837, 1, , , 2990.8330000000000837, 0
, , 2990.8380000000001928, 0, , , 2990.8380000000001928, 1, , , 2990.8380000000001928, 1, , , 2990.8380000000001928, 0
, , 2990.8449999999997999, 0, , , 2990.8449999999997999, 1, , , 2990.8449999999997999, 1, , , 2990.8449999999997999, 0
, , 2990.8479999999999563, 0, , , 2990.8479999999999563, 1, , , 2990.8479999999999563, 1, , , 2990.8479999999999563, 0
, , 2990.8530000000000655, 0, , , 2990.8530000000000655, 1, , , 2990.8530000000000655, 1, , , 2990.8530000000000655, 0
, , 2990.8589999999999236, 0, , , 2990.8589999999999236, 1, , , 2990.8589999999999236, 1, , , 2990.8589999999999236, 0
, , 2990.862999999999829, 0, , , 2990.862999999999829, 1, , , 2990.862999999999829, 1, , , 2990.862999999999829, 0
, , 2990.8699999999998909, 0, , , 2990.8699999999998909, 1, , , 2990.8699999999998909, 1, , , 2990.8699999999998909, 0
, , 2990.8730000000000473, 1, , , 2990.8730000000000473, 1, , , 2990.8730000000000473, 1, , , 2990.8730000000000473, 1
, , 2990.8780000000001564, 1, , , 2990.8780000000001564, 1, , , 2990.8780000000001564, 1, , , 2990.8780000000001564, 1
, , 2990.8829999999998108, 1, , , 2990.8829999999998108, 1, , , 2990.8829999999998108, 1, , , 2990.8829999999998108, 1
, , 2990.8890000000001237, 1, , , 2990.8890000000001237, 1, , , 2990.8890000000001237, 1, , , 2990.8890000000001237, 1
, , 2990.8939999999997781, 1, , , 2990.8939999999997781, 1, , , 2990.8939999999997781, 1, , , 2990.8939999999997781, 1
, , 2990.8989999999998872, 1, , , 2990.8989999999998872, 1, , , 2990.8989999999998872, 1, , , 2990.8989999999998872, 1
, , 2990.9029999999997926, 1, , , 2990.9029999999997926, 1, , , 2990.9029999999997926, 1, , , 2990.9029999999997926, 1
, , 2990.9079999999999018, 1, , , 2990.9079999999999018, 1, , , 2990.9079999999999018, 1, , , 2990.9079999999999018, 1
, , 2990.9130000000000109, 1, , , 2990.9130000000000109, 1, , , 2990.9130000000000109, 1, , , 2990.9130000000000109, 1
, , 2990.9180000000001201, 1, , , 2990.9180000000001201, 1, , , 2990.9180000000001201, 1, , , 2990.9180000000001201, 1
, , 2990.9229999999997744, 1, , , 2990.9229999999997744, 1, , , 2990.9229999999997744, 1, , , 2990.9229999999997744, 1
, , 2990.9279999999998836, 1, , , 2990.9279999999998836, 1, , , 2990.9279999999998836, 1, , , 2990.9279999999998836, 1
, , 2990.9340000000001965, 1, , , 2990.9340000000001965, 1, , , 2990.9340000000001965, 1, , , 2990.9340000000001965, 1
, , 2990.9380000000001019, 1, , , 2990.9380000000001019, 1, , , 2990.9380000000001019, 1, , , 2990.9380000000001019, 1
, , 2990.94399999999996, 1, , , 2990.94399999999996, 1, , , 2990.94399999999996, 1, , , 2990.94399999999996, 1
, , 2990.9470000000001164, 1, , , 2990.9470000000001164, 0, , , 2990.9470000000001164, 0, , , 2990.9470000000001164, 1
, , 2990.9569999999998799, 1, , , 2990.9569999999998799, 0, , , 2990.9569999999998799, 0, , , 2990.9569999999998799, 1
, , 2990.9580000000000837, 1, , , 2990.9580000000000837, 0, , , 2990.9580000000000837, 0, , , 2990.9580000000000837, 1
, , 2990.9630000000001928, 1, , , 2990.9630000000001928, 0, , , 2990.9630000000001928, 0, , , 2990.9630000000001928, 1
, , 2990.9679999999998472, 1, , , 2990.9679999999998472, 0, , , 2990.9679999999998472, 0, , , 2990.9679999999998472, 1
, , 2990.9729999999999563, 1, , , 2990.9729999999999563, 0, , , 2990.9729999999999563, 0, , , 2990.9729999999999563, 1
, , 2990.9780000000000655, 1, , , 2990.9780000000000655, 0, , , 2990.9780000000000655, 0, , , 2990.9780000000000655, 1
, , 2990.9830000000001746, 1, , , 2990.9830000000001746, 0, , , 2990.9830000000001746, 0, , , 2990.9830000000001746, 1
, , 2990.987999999999829, 1, , , 2990.987999999999829, 0, , , 2990.987999999999829, 0, , , 2990.987999999999829, 1
, , 2990.9929999999999382, 1, , , 2990.9929999999999382, 0, , , 2990.9929999999999382, 0, , , 2990.9929999999999382, 1
, , 2990.9989999999997963, 1, , , 2990.9989999999997963, 0, , , 2990.9989999999997963, 0, , , 2990.9989999999997963, 1
, , 2991.0030000000001564, 1, , , 2991.0030000000001564, 0, , , 2991.0030000000001564, 0, , , 2991.0030000000001564, 1
, , 2991.0079999999998108, 1, , , 2991.0079999999998108, 0, , , 2991.0079999999998108, 0, , , 2991.0079999999998108, 1
, , 2991.01299999999992, 1, , , 2991.01299999999992, 0, , , 2991.01299999999992, 0, , , 2991.01299999999992, 1
, , 2991.0189999999997781, 1, , , 2991.0189999999997781, 0, , , 2991.0189999999997781, 0, , , 2991.0189999999997781, 1
, , 2991.0239999999998872, 1, , , 2991.0239999999998872, 0, , , 2991.0239999999998872, 0, , , 2991.0239999999998872, 1
, , 2991.0289999999999964, 1, , , 2991.0289999999999964, 0, , , 2991.0289999999999964, 0, , , 2991.0289999999999964, 1
, , 2991.0340000000001055, 1, , , 2991.0340000000001055, 0, , , 2991.0340000000001055, 0, , , 2991.0340000000001055, 1
, , 2991.0380000000000109, 1, , , 2991.0380000000000109, 0, , , 2991.0380000000000109, 0, , , 2991.0380000000000109, 1
, , 2991.0410000000001673, 1, , , 2991.0410000000001673, 0, , , 2991.0410000000001673, 0, , , 2991.0410000000001673, 1
, , 2991.0470000000000255, 1, , , 2991.0470000000000255, 0, , , 2991.0470000000000255, 0, , , 2991.0470000000000255, 1
, , 2991.0529999999998836, 1, , , 2991.0529999999998836, 0, , , 2991.0529999999998836, 0, , , 2991.0529999999998836, 1
, , 2991.0579999999999927, 1, , , 2991.0579999999999927, 0, , , 2991.0579999999999927, 0, , , 2991.0579999999999927, 1
, , 2991.0630000000001019, 1, , , 2991.0630000000001019, 0, , , 2991.0630000000001019, 0, , , 2991.0630000000001019, 1
, , 2991.06899999999996, 1, , , 2991.06899999999996, 0, , , 2991.06899999999996, 0, , , 2991.06899999999996, 1
, , 2991.0729999999998654, 1, , , 2991.0729999999998654, 0, , , 2991.0729999999998654, 0, , , 2991.0729999999998654, 1
, , 2991.0790000000001783, 1, , , 2991.0790000000001783, 0, , , 2991.0790000000001783, 0, , , 2991.0790000000001783, 1
, , 2991.0830000000000837, 1, , , 2991.0830000000000837, 0, , , 2991.0830000000000837, 0, , , 2991.0830000000000837, 1
, , 2991.0880000000001928, 1, , , 2991.0880000000001928, 0, , , 2991.0880000000001928, 0, , , 2991.0880000000001928, 1
, , 2991.0929999999998472, 1, , , 2991.0929999999998472, 0, , , 2991.0929999999998472, 0, , , 2991.0929999999998472, 1
, , 2991.0979999999999563, 1, , , 2991.0979999999999563, 0, , , 2991.0979999999999563, 0, , , 2991.0979999999999563, 1
, , 2991.1030000000000655, 1, , , 2991.1030000000000655, 0, , , 2991.1030000000000655, 0, , , 2991.1030000000000655, 1
, , 2991.1089999999999236, 1, , , 2991.1089999999999236, 0, , , 2991.1089999999999236, 0, , , 2991.1089999999999236, 1
, , 2991.1140000000000327, 1, , , 2991.1140000000000327, 0, , , 2991.1140000000000327, 0, , , 2991.1140000000000327, 1
, , 2991.1199999999998909, 1, , , 2991.1199999999998909, 0, , , 2991.1199999999998909, 0, , , 2991.1199999999998909, 1
, , 2991.1230000000000473, 1, , , 2991.1230000000000473, 0, , , 2991.1230000000000473, 0, , , 2991.1230000000000473, 1
, , 2991.1300000000001091, 1, , , 2991.1300000000001091, 0, , , 2991.1300000000001091, 0, , , 2991.1300000000001091, 1
, , 2991.1340000000000146, 1, , , 2991.1340000000000146, 0, , , 2991.1340000000000146, 0, , , 2991.1340000000000146, 1
, , 2991.1390000000001237, 1, , , 2991.1390000000001237, 0, , , 2991.1390000000001237, 0, , , 2991.1390000000001237, 1
, , 2991.1430000000000291, 1, , , 2991.1430000000000291, 0, , , 2991.1430000000000291, 0, , , 2991.1430000000000291, 1
, , 2991.1480000000001382, 1, , , 2991.1480000000001382, 0, , , 2991.1480000000001382, 0, , , 2991.1480000000001382, 1
, , 2991.1529999999997926, 1, , , 2991.1529999999997926, 0, , , 2991.1529999999997926, 0, , , 2991.1529999999997926, 1
, , 2991.1579999999999018, 1, , , 2991.1579999999999018, 0, , , 2991.1579999999999018, 0, , , 2991.1579999999999018, 1
, , 2991.1630000000000109, 1, , , 2991.1630000000000109, 0, , , 2991.1630000000000109, 0, , , 2991.1630000000000109, 1
, , 2991.1680000000001201, 1, , , 2991.1680000000001201, 0, , , 2991.1680000000001201, 0, , , 2991.1680000000001201, 1
, , 2991.1729999999997744, 1, , , 2991.1729999999997744, 0, , , 2991.1729999999997744, 0, , , 2991.1729999999997744, 1
, , 2991.1779999999998836, 1, , , 2991.1779999999998836, 0, , , 2991.1779999999998836, 0, , , 2991.1779999999998836, 1
, , 2991.1840000000001965, 1, , , 2991.1840000000001965, 0, , , 2991.1840000000001965, 0, , , 2991.1840000000001965, 1
, , 2991.1880000000001019, 1, , , 2991.1880000000001019, 0, , , 2991.1880000000001019, 0, , , 2991.1880000000001019, 1
, , 2991.193000000000211, 1, , , 2991.193000000000211, 0, , , 2991.193000000000211, 0, , , 2991.193000000000211, 1
, , 2991.1970000000001164, 1, , , 2991.1970000000001164, 1, , , 2991.1970000000001164, 1, , , 2991.1970000000001164, 1
, , 2991.2029999999999745, 1, , , 2991.2029999999999745, 1, , , 2991.2029999999999745, 1, , , 2991.2029999999999745, 1
, , 2991.2080000000000837, 1, , , 2991.2080000000000837, 1, , , 2991.2080000000000837, 1, , , 2991.2080000000000837, 1
, , 2991.2119999999999891, 1, , , 2991.2119999999999891, 1, , , 2991.2119999999999891, 1, , , 2991.2119999999999891, 1
, , 2991.2170000000000982, 1, , , 2991.2170000000000982, 1, , , 2991.2170000000000982, 1, , , 2991.2170000000000982, 1
, , 2991.2229999999999563, 1, , , 2991.2229999999999563, 1, , , 2991.2229999999999563, 1, , , 2991.2229999999999563, 1
, , 2991.2280000000000655, 1, , , 2991.2280000000000655, 1, , , 2991.2280000000000655, 1, , , 2991.2280000000000655, 1
, , 2991.2330000000001746, 1, , , 2991.2330000000001746, 1, , , 2991.2330000000001746, 1, , , 2991.2330000000001746, 1
, , 2991.237999999999829, 1, , , 2991.237999999999829, 1, , , 2991.237999999999829, 1, , , 2991.237999999999829, 1
, , 2991.2449999999998909, 1, , , 2991.2449999999998909, 1, , , 2991.2449999999998909, 1, , , 2991.2449999999998909, 1
, , 2991.2489999999997963, 1, , , 2991.2489999999997963, 1, , , 2991.2489999999997963, 1, , , 2991.2489999999997963, 1
, , 2991.2530000000001564, 1, , , 2991.2530000000001564, 1, , , 2991.2530000000001564, 1, , , 2991.2530000000001564, 1
, , 2991.2590000000000146, 1, , , 2991.2590000000000146, 1, , , 2991.2590000000000146, 1, , , 2991.2590000000000146, 1
, , 2991.26299999999992, 1, , , 2991.26299999999992, 1, , , 2991.26299999999992, 1, , , 2991.26299999999992, 1
, , 2991.2680000000000291, 1, , , 2991.2680000000000291, 1, , , 2991.2680000000000291, 1, , , 2991.2680000000000291, 1
, , 2991.2750000000000909, 0, , , 2991.2750000000000909, 1, , , 2991.2750000000000909, 1, , , 2991.2750000000000909, 0
, , 2991.2779999999997926, 0, , , 2991.2779999999997926, 1, , , 2991.2779999999997926, 1, , , 2991.2779999999997926, 0
, , 2991.2809999999999491, 0, , , 2991.2809999999999491, 1, , , 2991.2809999999999491, 1, , , 2991.2809999999999491, 0
, , 2991.2899999999999636, 0, , , 2991.2899999999999636, 1, , , 2991.2899999999999636, 1, , , 2991.2899999999999636, 0
, , 2991.2930000000001201, 0, , , 2991.2930000000001201, 1, , , 2991.2930000000001201, 1, , , 2991.2930000000001201, 0
, , 2991.2979999999997744, 0, , , 2991.2979999999997744, 1, , , 2991.2979999999997744, 1, , , 2991.2979999999997744, 0
, , 2991.3029999999998836, 0, , , 2991.3029999999998836, 1, , , 2991.3029999999998836, 1, , , 2991.3029999999998836, 0
, , 2991.3079999999999927, 0, , , 2991.3079999999999927, 1, , , 2991.3079999999999927, 1, , , 2991.3079999999999927, 0
, , 2991.3130000000001019, 0, , , 2991.3130000000001019, 1, , , 2991.3130000000001019, 1, , , 2991.3130000000001019, 0
, , 2991.3170000000000073, 0, , , 2991.3170000000000073, 1, , , 2991.3170000000000073, 1, , , 2991.3170000000000073, 0
, , 2991.3229999999998654, 0, , , 2991.3229999999998654, 1, , , 2991.3229999999998654, 1, , , 2991.3229999999998654, 0
, , 2991.3270000000002256, 0, , , 2991.3270000000002256, 1, , , 2991.3270000000002256, 1, , , 2991.3270000000002256, 0
, , 2991.3339999999998327, 0, , , 2991.3339999999998327, 1, , , 2991.3339999999998327, 1, , , 2991.3339999999998327, 0
, , 2991.3369999999999891, 0, , , 2991.3369999999999891, 1, , , 2991.3369999999999891, 1, , , 2991.3369999999999891, 0
, , 2991.3440000000000509, 0, , , 2991.3440000000000509, 1, , , 2991.3440000000000509, 1, , , 2991.3440000000000509, 0
, , 2991.3479999999999563, 0, , , 2991.3479999999999563, 1, , , 2991.3479999999999563, 1, , , 2991.3479999999999563, 0
, , 2991.3530000000000655, 0, , , 2991.3530000000000655, 1, , , 2991.3530000000000655, 1, , , 2991.3530000000000655, 0
, , 2991.3589999999999236, 0, , , 2991.3589999999999236, 1, , , 2991.3589999999999236, 1, , , 2991.3589999999999236, 0
, , 2991.362999999999829, 0, , , 2991.362999999999829, 1, , , 2991.362999999999829, 1, , , 2991.362999999999829, 0
, , 2991.3679999999999382, 0, , , 2991.3679999999999382, 1, , , 2991.3679999999999382, 1, , , 2991.3679999999999382, 0
, , 2991.3760000000002037, 0, , , 2991.3760000000002037, 1, , , 2991.3760000000002037, 1, , , 2991.3760000000002037, 0
, , 2991.3780000000001564, 0, , , 2991.3780000000001564, 1, , , 2991.3780000000001564, 1, , , 2991.3780000000001564, 0
, , 2991.3829999999998108, 0, , , 2991.3829999999998108, 1, , , 2991.3829999999998108, 1, , , 2991.3829999999998108, 0
, , 2991.38799999999992, 0, , , 2991.38799999999992, 1, , , 2991.38799999999992, 1, , , 2991.38799999999992, 0
, , 2991.3939999999997781, 0, , , 2991.3939999999997781, 1, , , 2991.3939999999997781, 1, , , 2991.3939999999997781, 0
, , 2991.3980000000001382, 0, , , 2991.3980000000001382, 1, , , 2991.3980000000001382, 1, , , 2991.3980000000001382, 0
, , 2991.4039999999999964, 0, , , 2991.4039999999999964, 1, , , 2991.4039999999999964, 1, , , 2991.4039999999999964, 0
, , 2991.4070000000001528, 0, , , 2991.4070000000001528, 1, , , 2991.4070000000001528, 1, , , 2991.4070000000001528, 0
, , 2991.4149999999999636, 0, , , 2991.4149999999999636, 1, , , 2991.4149999999999636, 1, , , 2991.4149999999999636, 0
, , 2991.418999999999869, 0, , , 2991.418999999999869, 1, , , 2991.418999999999869, 1, , , 2991.418999999999869, 0
, , 2991.4229999999997744, 0, , , 2991.4229999999997744, 1, , , 2991.4229999999997744, 1, , , 2991.4229999999997744, 0
, , 2991.4290000000000873, 0, , , 2991.4290000000000873, 1, , , 2991.4290000000000873, 1, , , 2991.4290000000000873, 0
, , 2991.4329999999999927, 0, , , 2991.4329999999999927, 1, , , 2991.4329999999999927, 1, , , 2991.4329999999999927, 0
, , 2991.4380000000001019, 0, , , 2991.4380000000001019, 1, , , 2991.4380000000001019, 1, , , 2991.4380000000001019, 0
, , 2991.443000000000211, 0, , , 2991.443000000000211, 1, , , 2991.443000000000211, 1, , , 2991.443000000000211, 0
, , 2991.4490000000000691, 0, , , 2991.4490000000000691, 1, , , 2991.4490000000000691, 1, , , 2991.4490000000000691, 0
, , 2991.4529999999999745, 0, , , 2991.4529999999999745, 1, , , 2991.4529999999999745, 1, , , 2991.4529999999999745, 0
, , 2991.4569999999998799, 0, , , 2991.4569999999998799, 1, , , 2991.4569999999998799, 1, , , 2991.4569999999998799, 0
, , 2991.4630000000001928, 0, , , 2991.4630000000001928, 1, , , 2991.4630000000001928, 1, , , 2991.4630000000001928, 0
, , 2991.4690000000000509, 0, , , 2991.4690000000000509, 1, , , 2991.4690000000000509, 1, , , 2991.4690000000000509, 0
, , 2991.4740000000001601, 0, , , 2991.4740000000001601, 1, , , 2991.4740000000001601, 1, , , 2991.4740000000001601, 0
, , 2991.4780000000000655, 0, , , 2991.4780000000000655, 1, , , 2991.4780000000000655, 1, , , 2991.4780000000000655, 0
, , 2991.4830000000001746, 0, , , 2991.4830000000001746, 1, , , 2991.4830000000001746, 1, , , 2991.4830000000001746, 0
, , 2991.487999999999829, 0, , , 2991.487999999999829, 1, , , 2991.487999999999829, 1, , , 2991.487999999999829, 0
, , 2991.4929999999999382, 0, , , 2991.4929999999999382, 1, , , 2991.4929999999999382, 1, , , 2991.4929999999999382, 0
, , 2991.4989999999997963, 0, , , 2991.4989999999997963, 1, , , 2991.4989999999997963, 1, , , 2991.4989999999997963, 0
, , 2991.5030000000001564, 0, , , 2991.5030000000001564, 1, , , 2991.5030000000001564, 1, , , 2991.5030000000001564, 0
, , 2991.5079999999998108, 0, , , 2991.5079999999998108, 1, , , 2991.5079999999998108, 1, , , 2991.5079999999998108, 0
, , 2991.51299999999992, 0, , , 2991.51299999999992, 1, , , 2991.51299999999992, 1, , , 2991.51299999999992, 0
, , 2991.5189999999997781, 0, , , 2991.5189999999997781, 1, , , 2991.5189999999997781, 1, , , 2991.5189999999997781, 0
, , 2991.5230000000001382, 0, , , 2991.5230000000001382, 1, , , 2991.5230000000001382, 1, , , 2991.5230000000001382, 0
, , 2991.5279999999997926, 1, , , 2991.5279999999997926, 1, , , 2991.5279999999997926, 1, , , 2991.5279999999997926, 1
, , 2991.5320000000001528, 1, , , 2991.5320000000001528, 1, , , 2991.5320000000001528, 1, , , 2991.5320000000001528, 1
, , 2991.5390000000002146, 1, , , 2991.5390000000002146, 1, , , 2991.5390000000002146, 1, , , 2991.5390000000002146, 1
, , 2991.5430000000001201, 1, , , 2991.5430000000001201, 1, , , 2991.5430000000001201, 1, , , 2991.5430000000001201, 1
, , 2991.5479999999997744, 1, , , 2991.5479999999997744, 1, , , 2991.5479999999997744, 1, , , 2991.5479999999997744, 1
, , 2991.5529999999998836, 1, , , 2991.5529999999998836, 1, , , 2991.5529999999998836, 1, , , 2991.5529999999998836, 1
, , 2991.5579999999999927, 1, , , 2991.5579999999999927, 1, , , 2991.5579999999999927, 1, , , 2991.5579999999999927, 1
, , 2991.5630000000001019, 1, , , 2991.5630000000001019, 1, , , 2991.5630000000001019, 1, , , 2991.5630000000001019, 1
, , 2991.568000000000211, 1, , , 2991.568000000000211, 1, , , 2991.568000000000211, 1, , , 2991.568000000000211, 1
, , 2991.5740000000000691, 1, , , 2991.5740000000000691, 1, , , 2991.5740000000000691, 1, , , 2991.5740000000000691, 1
, , 2991.5770000000002256, 1, , , 2991.5770000000002256, 1, , , 2991.5770000000002256, 1, , , 2991.5770000000002256, 1
, , 2991.5830000000000837, 1, , , 2991.5830000000000837, 1, , , 2991.5830000000000837, 1, , , 2991.5830000000000837, 1
, , 2991.5889999999999418, 1, , , 2991.5889999999999418, 1, , , 2991.5889999999999418, 1, , , 2991.5889999999999418, 1
, , 2991.5929999999998472, 1, , , 2991.5929999999998472, 1, , , 2991.5929999999998472, 1, , , 2991.5929999999998472, 1
, , 2991.5990000000001601, 1, , , 2991.5990000000001601, 0, , , 2991.5990000000001601, 0, , , 2991.5990000000001601, 1
, , 2991.6030000000000655, 1, , , 2991.6030000000000655, 0, , , 2991.6030000000000655, 0, , , 2991.6030000000000655, 1
, , 2991.6080000000001746, 1, , , 2991.6080000000001746, 0, , , 2991.6080000000001746, 0, , , 2991.6080000000001746, 1
, , 2991.612999999999829, 1, , , 2991.612999999999829, 0, , , 2991.612999999999829, 0, , , 2991.612999999999829, 1
, , 2991.6190000000001419, 1, , , 2991.6190000000001419, 0, , , 2991.6190000000001419, 0, , , 2991.6190000000001419, 1
, , 2991.6230000000000473, 1, , , 2991.6230000000000473, 0, , , 2991.6230000000000473, 0, , , 2991.6230000000000473, 1
, , 2991.6289999999999054, 1, , , 2991.6289999999999054, 0, , , 2991.6289999999999054, 0, , , 2991.6289999999999054, 1
, , 2991.6329999999998108, 1, , , 2991.6329999999998108, 0, , , 2991.6329999999998108, 0, , , 2991.6329999999998108, 1
, , 2991.637000000000171, 1, , , 2991.637000000000171, 0, , , 2991.637000000000171, 0, , , 2991.637000000000171, 1
, , 2991.6430000000000291, 1, , , 2991.6430000000000291, 0, , , 2991.6430000000000291, 0, , , 2991.6430000000000291, 1
, , 2991.6489999999998872, 1, , , 2991.6489999999998872, 0, , , 2991.6489999999998872, 0, , , 2991.6489999999998872, 1
, , 2991.6539999999999964, 1, , , 2991.6539999999999964, 0, , , 2991.6539999999999964, 0, , , 2991.6539999999999964, 1
, , 2991.6579999999999018, 1, , , 2991.6579999999999018, 0, , , 2991.6579999999999018, 0, , , 2991.6579999999999018, 1
, , 2991.6630000000000109, 1, , , 2991.6630000000000109, 0, , , 2991.6630000000000109, 0, , , 2991.6630000000000109, 1
, , 2991.6680000000001201, 1, , , 2991.6680000000001201, 0, , , 2991.6680000000001201, 0, , , 2991.6680000000001201, 1
, , 2991.6729999999997744, 1, , , 2991.6729999999997744, 0, , , 2991.6729999999997744, 0, , , 2991.6729999999997744, 1
, , 2991.6790000000000873, 1, , , 2991.6790000000000873, 0, , , 2991.6790000000000873, 0, , , 2991.6790000000000873, 1
, , 2991.6829999999999927, 1, , , 2991.6829999999999927, 0, , , 2991.6829999999999927, 0, , , 2991.6829999999999927, 1
, , 2991.6880000000001019, 1, , , 2991.6880000000001019, 0, , , 2991.6880000000001019, 0, , , 2991.6880000000001019, 1
, , 2991.693000000000211, 1, , , 2991.693000000000211, 0, , , 2991.693000000000211, 0, , , 2991.693000000000211, 1
, , 2991.6990000000000691, 1, , , 2991.6990000000000691, 0, , , 2991.6990000000000691, 0, , , 2991.6990000000000691, 1
, , 2991.7029999999999745, 1, , , 2991.7029999999999745, 0, , , 2991.7029999999999745, 0, , , 2991.7029999999999745, 1
, , 2991.7089999999998327, 1, , , 2991.7089999999998327, 0, , , 2991.7089999999998327, 0, , , 2991.7089999999998327, 1
, , 2991.7139999999999418, 1, , , 2991.7139999999999418, 0, , , 2991.7139999999999418, 0, , , 2991.7139999999999418, 1
, , 2991.7179999999998472, 1, , , 2991.7179999999998472, 0, , , 2991.7179999999998472, 0, , , 2991.7179999999998472, 1
, , 2991.7229999999999563, 1, , , 2991.7229999999999563, 0, , , 2991.7229999999999563, 0, , , 2991.7229999999999563, 1
, , 2991.7289999999998145, 1, , , 2991.7289999999998145, 0, , , 2991.7289999999998145, 0, , , 2991.7289999999998145, 1
, , 2991.7339999999999236, 1, , , 2991.7339999999999236, 0, , , 2991.7339999999999236, 0, , , 2991.7339999999999236, 1
, , 2991.737999999999829, 1, , , 2991.737999999999829, 0, , , 2991.737999999999829, 0, , , 2991.737999999999829, 1
, , 2991.7449999999998909, 1, , , 2991.7449999999998909, 0, , , 2991.7449999999998909, 0, , , 2991.7449999999998909, 1
, , 2991.7449999999998909, 1, , , 2991.7449999999998909, 0, , , 2991.7449999999998909, 0, , , 2991.7449999999998909, 1
, , 2991.7530000000001564, 1, , , 2991.7530000000001564, 0, , , 2991.7530000000001564, 0, , , 2991.7530000000001564, 1
, , 2991.7579999999998108, 1, , , 2991.7579999999998108, 0, , , 2991.7579999999998108, 0, , , 2991.7579999999998108, 1
, , 2991.7640000000001237, 1, , , 2991.7640000000001237, 0, , , 2991.7640000000001237, 0, , , 2991.7640000000001237, 1
, , 2991.7689999999997781, 1, , , 2991.7689999999997781, 0, , , 2991.7689999999997781, 0, , , 2991.7689999999997781, 1
, , 2991.7730000000001382, 1, , , 2991.7730000000001382, 0, , , 2991.7730000000001382, 0, , , 2991.7730000000001382, 1
, , 2991.7779999999997926, 1, , , 2991.7779999999997926, 0, , , 2991.7779999999997926, 0, , , 2991.7779999999997926, 1
, , 2991.7829999999999018, 1, , , 2991.7829999999999018, 0, , , 2991.7829999999999018, 0, , , 2991.7829999999999018, 1
, , 2991.7880000000000109, 1, , , 2991.7880000000000109, 0, , , 2991.7880000000000109, 0, , , 2991.7880000000000109, 1
, , 2991.7930000000001201, 1, , , 2991.7930000000001201, 0, , , 2991.7930000000001201, 0, , , 2991.7930000000001201, 1
, , 2991.7979999999997744, 1, , , 2991.7979999999997744, 0, , , 2991.7979999999997744, 0, , , 2991.7979999999997744, 1
, , 2991.8029999999998836, 1, , , 2991.8029999999998836, 0, , , 2991.8029999999998836, 0, , , 2991.8029999999998836, 1
, , 2991.8090000000001965, 1, , , 2991.8090000000001965, 0, , , 2991.8090000000001965, 0, , , 2991.8090000000001965, 1
, , 2991.8130000000001019, 1, , , 2991.8130000000001019, 0, , , 2991.8130000000001019, 0, , , 2991.8130000000001019, 1
, , 2991.81899999999996, 1, , , 2991.81899999999996, 0, , , 2991.81899999999996, 0, , , 2991.81899999999996, 1
, , 2991.8240000000000691, 1, , , 2991.8240000000000691, 0, , , 2991.8240000000000691, 0, , , 2991.8240000000000691, 1
, , 2991.8260000000000218, 1, , , 2991.8260000000000218, 0, , , 2991.8260000000000218, 0, , , 2991.8260000000000218, 1
, , 2991.8330000000000837, 1, , , 2991.8330000000000837, 0, , , 2991.8330000000000837, 0, , , 2991.8330000000000837, 1
, , 2991.8380000000001928, 1, , , 2991.8380000000001928, 0, , , 2991.8380000000001928, 0, , , 2991.8380000000001928, 1
, , 2991.8429999999998472, 1, , , 2991.8429999999998472, 0, , , 2991.8429999999998472, 0, , , 2991.8429999999998472, 1
, , 2991.8479999999999563, 1, , , 2991.8479999999999563, 0, , , 2991.8479999999999563, 0, , , 2991.8479999999999563, 1
, , 2991.8530000000000655, 1, , , 2991.8530000000000655, 1, , , 2991.8530000000000655, 1, , , 2991.8530000000000655, 1
, , 2991.8580000000001746, 1, , , 2991.8580000000001746, 1, , , 2991.8580000000001746, 1, , , 2991.8580000000001746, 1
, , 2991.862999999999829, 1, , , 2991.862999999999829, 1, , , 2991.862999999999829, 1, , , 2991.862999999999829, 1
, , 2991.8679999999999382, 1, , , 2991.8679999999999382, 1, , , 2991.8679999999999382, 1, , , 2991.8679999999999382, 1
, , 2991.8739999999997963, 1, , , 2991.8739999999997963, 1, , , 2991.8739999999997963, 1, , , 2991.8739999999997963, 1
, , 2991.8789999999999054, 1, , , 2991.8789999999999054, 1, , , 2991.8789999999999054, 1, , , 2991.8789999999999054, 1
, , 2991.8829999999998108, 1, , , 2991.8829999999998108, 1, , , 2991.8829999999998108, 1, , , 2991.8829999999998108, 1
, , 2991.8890000000001237, 1, , , 2991.8890000000001237, 1, , , 2991.8890000000001237, 1, , , 2991.8890000000001237, 1
, , 2991.8930000000000291, 1, , , 2991.8930000000000291, 1, , , 2991.8930000000000291, 1, , , 2991.8930000000000291, 1
, , 2991.8989999999998872, 1, , , 2991.8989999999998872, 1, , , 2991.8989999999998872, 1, , , 2991.8989999999998872, 1
, , 2991.9029999999997926, 1, , , 2991.9029999999997926, 1, , , 2991.9029999999997926, 1, , , 2991.9029999999997926, 1
, , 2991.9079999999999018, 1, , , 2991.9079999999999018, 1, , , 2991.9079999999999018, 1, , , 2991.9079999999999018, 1
, , 2991.9140000000002146, 1, , , 2991.9140000000002146, 1, , , 2991.9140000000002146, 1, , , 2991.9140000000002146, 1
, , 2991.9180000000001201, 1, , , 2991.9180000000001201, 1, , , 2991.9180000000001201, 1, , , 2991.9180000000001201, 1
, , 2991.9229999999997744, 1, , , 2991.9229999999997744, 1, , , 2991.9229999999997744, 1, , , 2991.9229999999997744, 1
, , 2991.9290000000000873, 0, , , 2991.9290000000000873, 1, , , 2991.9290000000000873, 1, , , 2991.9290000000000873, 0
, , 2991.9340000000001965, 0, , , 2991.9340000000001965, 1, , , 2991.9340000000001965, 1, , , 2991.9340000000001965, 0
, , 2991.9389999999998508, 0, , , 2991.9389999999998508, 1, , , 2991.9389999999998508, 1, , , 2991.9389999999998508, 0
, , 2991.94399999999996, 0, , , 2991.94399999999996, 1, , , 2991.94399999999996, 1, , , 2991.94399999999996, 0
, , 2991.9479999999998654, 0, , , 2991.9479999999998654, 1, , , 2991.9479999999998654, 1, , , 2991.9479999999998654, 0
, , 2991.9529999999999745, 0, , , 2991.9529999999999745, 1, , , 2991.9529999999999745, 1, , , 2991.9529999999999745, 0
, , 2991.9589999999998327, 0, , , 2991.9589999999998327, 1, , , 2991.9589999999998327, 1, , , 2991.9589999999998327, 0
, , 2991.9630000000001928, 0, , , 2991.9630000000001928, 1, , , 2991.9630000000001928, 1, , , 2991.9630000000001928, 0
, , 2991.9710000000000036, 0, , , 2991.9710000000000036, 1, , , 2991.9710000000000036, 1, , , 2991.9710000000000036, 0
, , 2991.9740000000001601, 0, , , 2991.9740000000001601, 1, , , 2991.9740000000001601, 1, , , 2991.9740000000001601, 0
, , 2991.9780000000000655, 0, , , 2991.9780000000000655, 1, , , 2991.9780000000000655, 1, , , 2991.9780000000000655, 0
, , 2991.9839999999999236, 0, , , 2991.9839999999999236, 1, , , 2991.9839999999999236, 1, , , 2991.9839999999999236, 0
, , 2991.987999999999829, 0, , , 2991.987999999999829, 1, , , 2991.987999999999829, 1, , , 2991.987999999999829, 0
, , 2991.9929999999999382, 0, , , 2991.9929999999999382, 1, , , 2991.9929999999999382, 1, , , 2991.9929999999999382, 0
, , 2991.9980000000000473, 0, , , 2991.9980000000000473, 1, , , 2991.9980000000000473, 1, , , 2991.9980000000000473, 0
, , 2992.0030000000001564, 0, , , 2992.0030000000001564, 1, , , 2992.0030000000001564, 1, , , 2992.0030000000001564, 0
, , 2992.0100000000002183, 0, , , 2992.0100000000002183, 1, , , 2992.0100000000002183, 1, , , 2992.0100000000002183, 0
, , 2992.0140000000001237, 0, , , 2992.0140000000001237, 1, , , 2992.0140000000001237, 1, , , 2992.0140000000001237, 0
, , 2992.0180000000000291, 0, , , 2992.0180000000000291, 1, , , 2992.0180000000000291, 1, , , 2992.0180000000000291, 0
, , 2992.0250000000000909, 0, , , 2992.0250000000000909, 1, , , 2992.0250000000000909, 1, , , 2992.0250000000000909, 0
, , 2992.0279999999997926, 0, , , 2992.0279999999997926, 1, , , 2992.0279999999997926, 1, , , 2992.0279999999997926, 0
, , 2992.0369999999998072, 0, , , 2992.0369999999998072, 1, , , 2992.0369999999998072, 1, , , 2992.0369999999998072, 0
, , 2992.0390000000002146, 0, , , 2992.0390000000002146, 1, , , 2992.0390000000002146, 1, , , 2992.0390000000002146, 0
, , 2992.0430000000001201, 0, , , 2992.0430000000001201, 1, , , 2992.0430000000001201, 1, , , 2992.0430000000001201, 0
, , 2992.0479999999997744, 0, , , 2992.0479999999997744, 1, , , 2992.0479999999997744, 1, , , 2992.0479999999997744, 0
, , 2992.0529999999998836, 0, , , 2992.0529999999998836, 1, , , 2992.0529999999998836, 1, , , 2992.0529999999998836, 0
, , 2992.0579999999999927, 0, , , 2992.0579999999999927, 1, , , 2992.0579999999999927, 1, , , 2992.0579999999999927, 0
, , 2992.0639999999998508, 0, , , 2992.0639999999998508, 1, , , 2992.0639999999998508, 1, , , 2992.0639999999998508, 0
, , 2992.068000000000211, 0, , , 2992.068000000000211, 1, , , 2992.068000000000211, 1, , , 2992.068000000000211, 0
, , 2992.0729999999998654, 0, , , 2992.0729999999998654, 1, , , 2992.0729999999998654, 1, , , 2992.0729999999998654, 0
, , 2992.0790000000001783, 0, , , 2992.0790000000001783, 1, , , 2992.0790000000001783, 1, , , 2992.0790000000001783, 0
, , 2992.0830000000000837, 0, , , 2992.0830000000000837, 1, , , 2992.0830000000000837, 1, , , 2992.0830000000000837, 0
, , 2992.0880000000001928, 0, , , 2992.0880000000001928, 1, , , 2992.0880000000001928, 1, , , 2992.0880000000001928, 0
, , 2992.0929999999998472, 0, , , 2992.0929999999998472, 1, , , 2992.0929999999998472, 1, , , 2992.0929999999998472, 0
, , 2992.0999999999999091, 0, , , 2992.0999999999999091, 1, , , 2992.0999999999999091, 1, , , 2992.0999999999999091, 0
, , 2992.1030000000000655, 0, , , 2992.1030000000000655, 1, , , 2992.1030000000000655, 1, , , 2992.1030000000000655, 0
, , 2992.1069999999999709, 0, , , 2992.1069999999999709, 1, , , 2992.1069999999999709, 1, , , 2992.1069999999999709, 0
, , 2992.112999999999829, 0, , , 2992.112999999999829, 1, , , 2992.112999999999829, 1, , , 2992.112999999999829, 0
, , 2992.1190000000001419, 0, , , 2992.1190000000001419, 1, , , 2992.1190000000001419, 1, , , 2992.1190000000001419, 0
, , 2992.1230000000000473, 0, , , 2992.1230000000000473, 1, , , 2992.1230000000000473, 1, , , 2992.1230000000000473, 0
, , 2992.1280000000001564, 0, , , 2992.1280000000001564, 1, , , 2992.1280000000001564, 1, , , 2992.1280000000001564, 0
, , 2992.1329999999998108, 0, , , 2992.1329999999998108, 1, , , 2992.1329999999998108, 1, , , 2992.1329999999998108, 0
, , 2992.13799999999992, 0, , , 2992.13799999999992, 1, , , 2992.13799999999992, 1, , , 2992.13799999999992, 0
, , 2992.1430000000000291, 0, , , 2992.1430000000000291, 1, , , 2992.1430000000000291, 1, , , 2992.1430000000000291, 0
, , 2992.1489999999998872, 0, , , 2992.1489999999998872, 1, , , 2992.1489999999998872, 1, , , 2992.1489999999998872, 0
, , 2992.1529999999997926, 0, , , 2992.1529999999997926, 1, , , 2992.1529999999997926, 1, , , 2992.1529999999997926, 0
, , 2992.1579999999999018, 0, , , 2992.1579999999999018, 1, , , 2992.1579999999999018, 1, , , 2992.1579999999999018, 0
, , 2992.1630000000000109, 0, , , 2992.1630000000000109, 1, , , 2992.1630000000000109, 1, , , 2992.1630000000000109, 0
, , 2992.1680000000001201, 0, , , 2992.1680000000001201, 1, , , 2992.1680000000001201, 1, , , 2992.1680000000001201, 0
, , 2992.1729999999997744, 0, , , 2992.1729999999997744, 1, , , 2992.1729999999997744, 1, , , 2992.1729999999997744, 0
, , 2992.1779999999998836, 1, , , 2992.1779999999998836, 1, , , 2992.1779999999998836, 1, , , 2992.1779999999998836, 1
, , 2992.1849999999999454, 1, , , 2992.1849999999999454, 1, , , 2992.1849999999999454, 1, , , 2992.1849999999999454, 1
, , 2992.1880000000001019, 1, , , 2992.1880000000001019, 1, , , 2992.1880000000001019, 1, , , 2992.1880000000001019, 1
, , 2992.193000000000211, 1, , , 2992.193000000000211, 1, , , 2992.193000000000211, 1, , , 2992.193000000000211, 1
, , 2992.1979999999998654, 1, , , 2992.1979999999998654, 1, , , 2992.1979999999998654, 1, , , 2992.1979999999998654, 1
, , 2992.2029999999999745, 1, , , 2992.2029999999999745, 1, , , 2992.2029999999999745, 1, , , 2992.2029999999999745, 1
, , 2992.2089999999998327, 1, , , 2992.2089999999998327, 1, , , 2992.2089999999998327, 1, , , 2992.2089999999998327, 1
, , 2992.2130000000001928, 1, , , 2992.2130000000001928, 1, , , 2992.2130000000001928, 1, , , 2992.2130000000001928, 1
, , 2992.2179999999998472, 1, , , 2992.2179999999998472, 1, , , 2992.2179999999998472, 1, , , 2992.2179999999998472, 1
, , 2992.2229999999999563, 1, , , 2992.2229999999999563, 1, , , 2992.2229999999999563, 1, , , 2992.2229999999999563, 1
, , 2992.2289999999998145, 1, , , 2992.2289999999998145, 1, , , 2992.2289999999998145, 1, , , 2992.2289999999998145, 1
, , 2992.2330000000001746, 1, , , 2992.2330000000001746, 1, , , 2992.2330000000001746, 1, , , 2992.2330000000001746, 1
, , 2992.237999999999829, 1, , , 2992.237999999999829, 1, , , 2992.237999999999829, 1, , , 2992.237999999999829, 1
, , 2992.2429999999999382, 1, , , 2992.2429999999999382, 1, , , 2992.2429999999999382, 1, , , 2992.2429999999999382, 1
, , 2992.2480000000000473, 1, , , 2992.2480000000000473, 1, , , 2992.2480000000000473, 1, , , 2992.2480000000000473, 1
, , 2992.2539999999999054, 1, , , 2992.2539999999999054, 0, , , 2992.2539999999999054, 0, , , 2992.2539999999999054, 1
, , 2992.2590000000000146, 1, , , 2992.2590000000000146, 0, , , 2992.2590000000000146, 0, , , 2992.2590000000000146, 1
, , 2992.26299999999992, 1, , , 2992.26299999999992, 0, , , 2992.26299999999992, 0, , , 2992.26299999999992, 1
, , 2992.2689999999997781, 1, , , 2992.2689999999997781, 0, , , 2992.2689999999997781, 0, , , 2992.2689999999997781, 1
, , 2992.2730000000001382, 1, , , 2992.2730000000001382, 0, , , 2992.2730000000001382, 0, , , 2992.2730000000001382, 1
, , 2992.2779999999997926, 1, , , 2992.2779999999997926, 0, , , 2992.2779999999997926, 0, , , 2992.2779999999997926, 1
, , 2992.2829999999999018, 1, , , 2992.2829999999999018, 0, , , 2992.2829999999999018, 0, , , 2992.2829999999999018, 1
, , 2992.2880000000000109, 1, , , 2992.2880000000000109, 0, , , 2992.2880000000000109, 0, , , 2992.2880000000000109, 1
, , 2992.2930000000001201, 1, , , 2992.2930000000001201, 0, , , 2992.2930000000001201, 0, , , 2992.2930000000001201, 1
, , 2992.2979999999997744, 1, , , 2992.2979999999997744, 0, , , 2992.2979999999997744, 0, , , 2992.2979999999997744, 1
, , 2992.3029999999998836, 1, , , 2992.3029999999998836, 0, , , 2992.3029999999998836, 0, , , 2992.3029999999998836, 1
, , 2992.3079999999999927, 1, , , 2992.3079999999999927, 0, , , 2992.3079999999999927, 0, , , 2992.3079999999999927, 1
, , 2992.3130000000001019, 1, , , 2992.3130000000001019, 0, , , 2992.3130000000001019, 0, , , 2992.3130000000001019, 1
, , 2992.31899999999996, 1, , , 2992.31899999999996, 0, , , 2992.31899999999996, 0, , , 2992.31899999999996, 1
, , 2992.3240000000000691, 1, , , 2992.3240000000000691, 0, , , 2992.3240000000000691, 0, , , 2992.3240000000000691, 1
, , 2992.3279999999999745, 1, , , 2992.3279999999999745, 0, , , 2992.3279999999999745, 0, , , 2992.3279999999999745, 1
, , 2992.3330000000000837, 1, , , 2992.3330000000000837, 0, , , 2992.3330000000000837, 0, , , 2992.3330000000000837, 1
, , 2992.3389999999999418, 1, , , 2992.3389999999999418, 0, , , 2992.3389999999999418, 0, , , 2992.3389999999999418, 1
, , 2992.3440000000000509, 1, , , 2992.3440000000000509, 0, , , 2992.3440000000000509, 0, , , 2992.3440000000000509, 1
, , 2992.3479999999999563, 1, , , 2992.3479999999999563, 0, , , 2992.3479999999999563, 0, , , 2992.3479999999999563, 1
, , 2992.3519999999998618, 1, , , 2992.3519999999998618, 0, , , 2992.3519999999998618, 0, , , 2992.3519999999998618, 1
, , 2992.3589999999999236, 1, , , 2992.3589999999999236, 0, , , 2992.3589999999999236, 0, , , 2992.3589999999999236, 1
, , 2992.36200000000008, 1, , , 2992.36200000000008, 0, , , 2992.36200000000008, 0, , , 2992.36200000000008, 1
, , 2992.3679999999999382, 1, , , 2992.3679999999999382, 0, , , 2992.3679999999999382, 0, , , 2992.3679999999999382, 1
, , 2992.3730000000000473, 1, , , 2992.3730000000000473, 0, , , 2992.3730000000000473, 0, , , 2992.3730000000000473, 1
, , 2992.3780000000001564, 1, , , 2992.3780000000001564, 0, , , 2992.3780000000001564, 0, , , 2992.3780000000001564, 1
, , 2992.3829999999998108, 1, , , 2992.3829999999998108, 0, , , 2992.3829999999998108, 0, , , 2992.3829999999998108, 1
, , 2992.3899999999998727, 1, , , 2992.3899999999998727, 0, , , 2992.3899999999998727, 0, , , 2992.3899999999998727, 1
, , 2992.3930000000000291, 1, , , 2992.3930000000000291, 0, , , 2992.3930000000000291, 0, , , 2992.3930000000000291, 1
, , 2992.3989999999998872, 1, , , 2992.3989999999998872, 0, , , 2992.3989999999998872, 0, , , 2992.3989999999998872, 1
, , 2992.4029999999997926, 1, , , 2992.4029999999997926, 0, , , 2992.4029999999997926, 0, , , 2992.4029999999997926, 1
, , 2992.4079999999999018, 1, , , 2992.4079999999999018, 0, , , 2992.4079999999999018, 0, , , 2992.4079999999999018, 1
, , 2992.4130000000000109, 1, , , 2992.4130000000000109, 0, , , 2992.4130000000000109, 0, , , 2992.4130000000000109, 1
, , 2992.418999999999869, 1, , , 2992.418999999999869, 0, , , 2992.418999999999869, 0, , , 2992.418999999999869, 1
, , 2992.4239999999999782, 1, , , 2992.4239999999999782, 0, , , 2992.4239999999999782, 0, , , 2992.4239999999999782, 1
, , 2992.4290000000000873, 1, , , 2992.4290000000000873, 0, , , 2992.4290000000000873, 0, , , 2992.4290000000000873, 1
, , 2992.4340000000001965, 1, , , 2992.4340000000001965, 0, , , 2992.4340000000001965, 0, , , 2992.4340000000001965, 1
, , 2992.4380000000001019, 1, , , 2992.4380000000001019, 0, , , 2992.4380000000001019, 0, , , 2992.4380000000001019, 1
, , 2992.443000000000211, 1, , , 2992.443000000000211, 0, , , 2992.443000000000211, 0, , , 2992.443000000000211, 1
, , 2992.4479999999998654, 1, , , 2992.4479999999998654, 0, , , 2992.4479999999998654, 0, , , 2992.4479999999998654, 1
, , 2992.4529999999999745, 1, , , 2992.4529999999999745, 0, , , 2992.4529999999999745, 0, , , 2992.4529999999999745, 1
, , 2992.4580000000000837, 1, , , 2992.4580000000000837, 0, , , 2992.4580000000000837, 0, , , 2992.4580000000000837, 1
, , 2992.4630000000001928, 1, , , 2992.4630000000001928, 0, , , 2992.4630000000001928, 0, , , 2992.4630000000001928, 1
, , 2992.4679999999998472, 1, , , 2992.4679999999998472, 0, , , 2992.4679999999998472, 0, , , 2992.4679999999998472, 1
, , 2992.4740000000001601, 1, , , 2992.4740000000001601, 0, , , 2992.4740000000001601, 0, , , 2992.4740000000001601, 1
, , 2992.4780000000000655, 1, , , 2992.4780000000000655, 0, , , 2992.4780000000000655, 0, , , 2992.4780000000000655, 1
, , 2992.4830000000001746, 1, , , 2992.4830000000001746, 0, , , 2992.4830000000001746, 0, , , 2992.4830000000001746, 1
, , 2992.4890000000000327, 1, , , 2992.4890000000000327, 0, , , 2992.4890000000000327, 0, , , 2992.4890000000000327, 1
, , 2992.4929999999999382, 1, , , 2992.4929999999999382, 0, , , 2992.4929999999999382, 0, , , 2992.4929999999999382, 1
, , 2992.4989999999997963, 1, , , 2992.4989999999997963, 0, , , 2992.4989999999997963, 0, , , 2992.4989999999997963, 1
, , 2992.5030000000001564, 1, , , 2992.5030000000001564, 1, , , 2992.5030000000001564, 1, , , 2992.5030000000001564, 1
, , 2992.5079999999998108, 1, , , 2992.5079999999998108, 1, , , 2992.5079999999998108, 1, , , 2992.5079999999998108, 1
, , 2992.51299999999992, 1, , , 2992.51299999999992, 1, , , 2992.51299999999992, 1, , , 2992.51299999999992, 1
, , 2992.5180000000000291, 1, , , 2992.5180000000000291, 1, , , 2992.5180000000000291, 1, , , 2992.5180000000000291, 1
, , 2992.5230000000001382, 1, , , 2992.5230000000001382, 1, , , 2992.5230000000001382, 1, , , 2992.5230000000001382, 1
, , 2992.5279999999997926, 1, , , 2992.5279999999997926, 1, , , 2992.5279999999997926, 1, , , 2992.5279999999997926, 1
, , 2992.5329999999999018, 1, , , 2992.5329999999999018, 1, , , 2992.5329999999999018, 1, , , 2992.5329999999999018, 1
, , 2992.5369999999998072, 1, , , 2992.5369999999998072, 1, , , 2992.5369999999998072, 1, , , 2992.5369999999998072, 1
, , 2992.5430000000001201, 1, , , 2992.5430000000001201, 1, , , 2992.5430000000001201, 1, , , 2992.5430000000001201, 1
, , 2992.5489999999999782, 1, , , 2992.5489999999999782, 1, , , 2992.5489999999999782, 1, , , 2992.5489999999999782, 1
, , 2992.5529999999998836, 1, , , 2992.5529999999998836, 1, , , 2992.5529999999998836, 1, , , 2992.5529999999998836, 1
, , 2992.5579999999999927, 1, , , 2992.5579999999999927, 1, , , 2992.5579999999999927, 1, , , 2992.5579999999999927, 1
, , 2992.5630000000001019, 1, , , 2992.5630000000001019, 1, , , 2992.5630000000001019, 1, , , 2992.5630000000001019, 1
, , 2992.568000000000211, 1, , , 2992.568000000000211, 1, , , 2992.568000000000211, 1, , , 2992.568000000000211, 1
, , 2992.5749999999998181, 0, , , 2992.5749999999998181, 1, , , 2992.5749999999998181, 1, , , 2992.5749999999998181, 0
, , 2992.5779999999999745, 0, , , 2992.5779999999999745, 1, , , 2992.5779999999999745, 1, , , 2992.5779999999999745, 0
, , 2992.5830000000000837, 0, , , 2992.5830000000000837, 1, , , 2992.5830000000000837, 1, , , 2992.5830000000000837, 0
, , 2992.5880000000001928, 0, , , 2992.5880000000001928, 1, , , 2992.5880000000001928, 1, , , 2992.5880000000001928, 0
, , 2992.5949999999997999, 0, , , 2992.5949999999997999, 1, , , 2992.5949999999997999, 1, , , 2992.5949999999997999, 0
, , 2992.5990000000001601, 0, , , 2992.5990000000001601, 1, , , 2992.5990000000001601, 1, , , 2992.5990000000001601, 0
, , 2992.6030000000000655, 0, , , 2992.6030000000000655, 1, , , 2992.6030000000000655, 1, , , 2992.6030000000000655, 0
, , 2992.6089999999999236, 0, , , 2992.6089999999999236, 1, , , 2992.6089999999999236, 1, , , 2992.6089999999999236, 0
, , 2992.6149999999997817, 0, , , 2992.6149999999997817, 1, , , 2992.6149999999997817, 1, , , 2992.6149999999997817, 0
, , 2992.6190000000001419, 0, , , 2992.6190000000001419, 1, , , 2992.6190000000001419, 1, , , 2992.6190000000001419, 0
, , 2992.6239999999997963, 0, , , 2992.6239999999997963, 1, , , 2992.6239999999997963, 1, , , 2992.6239999999997963, 0
, , 2992.6280000000001564, 0, , , 2992.6280000000001564, 1, , , 2992.6280000000001564, 1, , , 2992.6280000000001564, 0
, , 2992.6329999999998108, 0, , , 2992.6329999999998108, 1, , , 2992.6329999999998108, 1, , , 2992.6329999999998108, 0
, , 2992.6390000000001237, 0, , , 2992.6390000000001237, 1, , , 2992.6390000000001237, 1, , , 2992.6390000000001237, 0
, , 2992.6430000000000291, 0, , , 2992.6430000000000291, 1, , , 2992.6430000000000291, 1, , , 2992.6430000000000291, 0
, , 2992.6489999999998872, 0, , , 2992.6489999999998872, 1, , , 2992.6489999999998872, 1, , , 2992.6489999999998872, 0
, , 2992.6529999999997926, 0, , , 2992.6529999999997926, 1, , , 2992.6529999999997926, 1, , , 2992.6529999999997926, 0
, , 2992.6579999999999018, 0, , , 2992.6579999999999018, 1, , , 2992.6579999999999018, 1, , , 2992.6579999999999018, 0
, , 2992.6660000000001673, 0, , , 2992.6660000000001673, 1, , , 2992.6660000000001673, 1, , , 2992.6660000000001673, 0
, , 2992.6680000000001201, 0, , , 2992.6680000000001201, 1, , , 2992.6680000000001201, 1, , , 2992.6680000000001201, 0
, , 2992.6739999999999782, 0, , , 2992.6739999999999782, 1, , , 2992.6739999999999782, 1, , , 2992.6739999999999782, 0
, , 2992.6779999999998836, 0, , , 2992.6779999999998836, 1, , , 2992.6779999999998836, 1, , , 2992.6779999999998836, 0
, , 2992.6840000000001965, 0, , , 2992.6840000000001965, 1, , , 2992.6840000000001965, 1, , , 2992.6840000000001965, 0
, , 2992.6880000000001019, 0, , , 2992.6880000000001019, 1, , , 2992.6880000000001019, 1, , , 2992.6880000000001019, 0
, , 2992.69399999999996, 0, , , 2992.69399999999996, 1, , , 2992.69399999999996, 1, , , 2992.69399999999996, 0
, , 2992.6990000000000691, 0, , , 2992.6990000000000691, 1, , , 2992.6990000000000691, 1, , , 2992.6990000000000691, 0
, , 2992.7029999999999745, 0, , , 2992.7029999999999745, 1, , , 2992.7029999999999745, 1, , , 2992.7029999999999745, 0
, , 2992.7080000000000837, 0, , , 2992.7080000000000837, 1, , , 2992.7080000000000837, 1, , , 2992.7080000000000837, 0
, , 2992.7139999999999418, 0, , , 2992.7139999999999418, 1, , , 2992.7139999999999418, 1, , , 2992.7139999999999418, 0
, , 2992.7190000000000509, 0, , , 2992.7190000000000509, 1, , , 2992.7190000000000509, 1, , , 2992.7190000000000509, 0
, , 2992.7229999999999563, 0, , , 2992.7229999999999563, 1, , , 2992.7229999999999563, 1, , , 2992.7229999999999563, 0
, , 2992.7289999999998145, 0, , , 2992.7289999999998145, 1, , , 2992.7289999999998145, 1, , , 2992.7289999999998145, 0
, , 2992.7330000000001746, 0, , , 2992.7330000000001746, 1, , , 2992.7330000000001746, 1, , , 2992.7330000000001746, 0
, , 2992.7390000000000327, 0, , , 2992.7390000000000327, 1, , , 2992.7390000000000327, 1, , , 2992.7390000000000327, 0
, , 2992.7440000000001419, 0, , , 2992.7440000000001419, 1, , , 2992.7440000000001419, 1, , , 2992.7440000000001419, 0
, , 2992.7489999999997963, 0, , , 2992.7489999999997963, 1, , , 2992.7489999999997963, 1, , , 2992.7489999999997963, 0
, , 2992.7530000000001564, 0, , , 2992.7530000000001564, 1, , , 2992.7530000000001564, 1, , , 2992.7530000000001564, 0
, , 2992.7590000000000146, 0, , , 2992.7590000000000146, 1, , , 2992.7590000000000146, 1, , , 2992.7590000000000146, 0
, , 2992.76299999999992, 0, , , 2992.76299999999992, 1, , , 2992.76299999999992, 1, , , 2992.76299999999992, 0
, , 2992.7680000000000291, 0, , , 2992.7680000000000291, 1, , , 2992.7680000000000291, 1, , , 2992.7680000000000291, 0
, , 2992.7730000000001382, 0, , , 2992.7730000000001382, 1, , , 2992.7730000000001382, 1, , , 2992.7730000000001382, 0
, , 2992.7779999999997926, 0, , , 2992.7779999999997926, 1, , , 2992.7779999999997926, 1, , , 2992.7779999999997926, 0
, , 2992.7829999999999018, 0, , , 2992.7829999999999018, 1, , , 2992.7829999999999018, 1, , , 2992.7829999999999018, 0
, , 2992.7880000000000109, 0, , , 2992.7880000000000109, 1, , , 2992.7880000000000109, 1, , , 2992.7880000000000109, 0
, , 2992.7930000000001201, 0, , , 2992.7930000000001201, 1, , , 2992.7930000000001201, 1, , , 2992.7930000000001201, 0
, , 2992.7979999999997744, 0, , , 2992.7979999999997744, 1, , , 2992.7979999999997744, 1, , , 2992.7979999999997744, 0
, , 2992.8029999999998836, 0, , , 2992.8029999999998836, 1, , , 2992.8029999999998836, 1, , , 2992.8029999999998836, 0
, , 2992.8090000000001965, 0, , , 2992.8090000000001965, 1, , , 2992.8090000000001965, 1, , , 2992.8090000000001965, 0
, , 2992.8130000000001019, 0, , , 2992.8130000000001019, 1, , , 2992.8130000000001019, 1, , , 2992.8130000000001019, 0
, , 2992.8170000000000073, 0, , , 2992.8170000000000073, 1, , , 2992.8170000000000073, 1, , , 2992.8170000000000073, 0
, , 2992.8229999999998654, 0, , , 2992.8229999999998654, 1, , , 2992.8229999999998654, 1, , , 2992.8229999999998654, 0
, , 2992.8290000000001783, 1, , , 2992.8290000000001783, 1, , , 2992.8290000000001783, 1, , , 2992.8290000000001783, 1
, , 2992.8330000000000837, 1, , , 2992.8330000000000837, 1, , , 2992.8330000000000837, 1, , , 2992.8330000000000837, 1
, , 2992.8380000000001928, 1, , , 2992.8380000000001928, 1, , , 2992.8380000000001928, 1, , , 2992.8380000000001928, 1
, , 2992.8429999999998472, 1, , , 2992.8429999999998472, 1, , , 2992.8429999999998472, 1, , , 2992.8429999999998472, 1
, , 2992.8479999999999563, 1, , , 2992.8479999999999563, 1, , , 2992.8479999999999563, 1, , , 2992.8479999999999563, 1
, , 2992.8539999999998145, 1, , , 2992.8539999999998145, 1, , , 2992.8539999999998145, 1, , , 2992.8539999999998145, 1
, , 2992.8580000000001746, 1, , , 2992.8580000000001746, 1, , , 2992.8580000000001746, 1, , , 2992.8580000000001746, 1
, , 2992.862999999999829, 1, , , 2992.862999999999829, 1, , , 2992.862999999999829, 1, , , 2992.862999999999829, 1
, , 2992.8679999999999382, 1, , , 2992.8679999999999382, 1, , , 2992.8679999999999382, 1, , , 2992.8679999999999382, 1
, , 2992.8730000000000473, 1, , , 2992.8730000000000473, 1, , , 2992.8730000000000473, 1, , , 2992.8730000000000473, 1
, , 2992.8780000000001564, 1, , , 2992.8780000000001564, 1, , , 2992.8780000000001564, 1, , , 2992.8780000000001564, 1
, , 2992.8829999999998108, 1, , , 2992.8829999999998108, 1, , , 2992.8829999999998108, 1, , , 2992.8829999999998108, 1
, , 2992.88799999999992, 1, , , 2992.88799999999992, 1, , , 2992.88799999999992, 1, , , 2992.88799999999992, 1
, , 2992.8930000000000291, 1, , , 2992.8930000000000291, 1, , , 2992.8930000000000291, 1, , , 2992.8930000000000291, 1
, , 2992.8980000000001382, 1, , , 2992.8980000000001382, 1, , , 2992.8980000000001382, 1, , , 2992.8980000000001382, 1
, , 2992.9029999999997926, 1, , , 2992.9029999999997926, 0, , , 2992.9029999999997926, 0, , , 2992.9029999999997926, 1
, , 2992.9070000000001528, 1, , , 2992.9070000000001528, 0, , , 2992.9070000000001528, 0, , , 2992.9070000000001528, 1
, , 2992.9140000000002146, 1, , , 2992.9140000000002146, 0, , , 2992.9140000000002146, 0, , , 2992.9140000000002146, 1
, , 2992.9180000000001201, 1, , , 2992.9180000000001201, 0, , , 2992.9180000000001201, 0, , , 2992.9180000000001201, 1
, , 2992.9229999999997744, 1, , , 2992.9229999999997744, 0, , , 2992.9229999999997744, 0, , , 2992.9229999999997744, 1
, , 2992.9290000000000873, 1, , , 2992.9290000000000873, 0, , , 2992.9290000000000873, 0, , , 2992.9290000000000873, 1
, , 2992.9329999999999927, 1, , , 2992.9329999999999927, 0, , , 2992.9329999999999927, 0, , , 2992.9329999999999927, 1
, , 2992.9389999999998508, 1, , , 2992.9389999999998508, 0, , , 2992.9389999999998508, 0, , , 2992.9389999999998508, 1
, , 2992.943000000000211, 1, , , 2992.943000000000211, 0, , , 2992.943000000000211, 0, , , 2992.943000000000211, 1
, , 2992.9479999999998654, 1, , , 2992.9479999999998654, 0, , , 2992.9479999999998654, 0, , , 2992.9479999999998654, 1
, , 2992.9529999999999745, 1, , , 2992.9529999999999745, 0, , , 2992.9529999999999745, 0, , , 2992.9529999999999745, 1
, , 2992.9580000000000837, 1, , , 2992.9580000000000837, 0, , , 2992.9580000000000837, 0, , , 2992.9580000000000837, 1
, , 2992.9630000000001928, 1, , , 2992.9630000000001928, 0, , , 2992.9630000000001928, 0, , , 2992.9630000000001928, 1
, , 2992.9679999999998472, 1, , , 2992.9679999999998472, 0, , , 2992.9679999999998472, 0, , , 2992.9679999999998472, 1
, , 2992.9740000000001601, 1, , , 2992.9740000000001601, 0, , , 2992.9740000000001601, 0, , , 2992.9740000000001601, 1
, , 2992.9780000000000655, 1, , , 2992.9780000000000655, 0, , , 2992.9780000000000655, 0, , , 2992.9780000000000655, 1
, , 2992.9830000000001746, 1, , , 2992.9830000000001746, 0, , , 2992.9830000000001746, 0, , , 2992.9830000000001746, 1
, , 2992.9890000000000327, 1, , , 2992.9890000000000327, 0, , , 2992.9890000000000327, 0, , , 2992.9890000000000327, 1
, , 2992.9929999999999382, 1, , , 2992.9929999999999382, 0, , , 2992.9929999999999382, 0, , , 2992.9929999999999382, 1
, , 2992.9980000000000473, 1, , , 2992.9980000000000473, 0, , , 2992.9980000000000473, 0, , , 2992.9980000000000473, 1
, , 2993.0030000000001564, 1, , , 2993.0030000000001564, 0, , , 2993.0030000000001564, 0, , , 2993.0030000000001564, 1
, , 2993.0090000000000146, 1, , , 2993.0090000000000146, 0, , , 2993.0090000000000146, 0, , , 2993.0090000000000146, 1
, , 2993.01299999999992, 1, , , 2993.01299999999992, 0, , , 2993.01299999999992, 0, , , 2993.01299999999992, 1
, , 2993.0180000000000291, 1, , , 2993.0180000000000291, 0, , , 2993.0180000000000291, 0, , , 2993.0180000000000291, 1
, , 2993.0230000000001382, 1, , , 2993.0230000000001382, 0, , , 2993.0230000000001382, 0, , , 2993.0230000000001382, 1
, , 2993.0279999999997926, 1, , , 2993.0279999999997926, 0, , , 2993.0279999999997926, 0, , , 2993.0279999999997926, 1
, , 2993.0329999999999018, 1, , , 2993.0329999999999018, 0, , , 2993.0329999999999018, 0, , , 2993.0329999999999018, 1
, , 2993.0380000000000109, 1, , , 2993.0380000000000109, 0, , , 2993.0380000000000109, 0, , , 2993.0380000000000109, 1
, , 2993.0430000000001201, 1, , , 2993.0430000000001201, 0, , , 2993.0430000000001201, 0, , , 2993.0430000000001201, 1
, , 2993.0479999999997744, 1, , , 2993.0479999999997744, 0, , , 2993.0479999999997744, 0, , , 2993.0479999999997744, 1
, , 2993.0529999999998836, 1, , , 2993.0529999999998836, 0, , , 2993.0529999999998836, 0, , , 2993.0529999999998836, 1
, , 2993.0590000000001965, 1, , , 2993.0590000000001965, 0, , , 2993.0590000000001965, 0, , , 2993.0590000000001965, 1
, , 2993.0630000000001019, 1, , , 2993.0630000000001019, 0, , , 2993.0630000000001019, 0, , , 2993.0630000000001019, 1
, , 2993.06899999999996, 1, , , 2993.06899999999996, 0, , , 2993.06899999999996, 0, , , 2993.06899999999996, 1
, , 2993.0740000000000691, 1, , , 2993.0740000000000691, 0, , , 2993.0740000000000691, 0, , , 2993.0740000000000691, 1
, , 2993.0779999999999745, 1, , , 2993.0779999999999745, 0, , , 2993.0779999999999745, 0, , , 2993.0779999999999745, 1
, , 2993.0839999999998327, 1, , , 2993.0839999999998327, 0, , , 2993.0839999999998327, 0, , , 2993.0839999999998327, 1
, , 2993.0880000000001928, 1, , , 2993.0880000000001928, 0, , , 2993.0880000000001928, 0, , , 2993.0880000000001928, 1
, , 2993.0929999999998472, 1, , , 2993.0929999999998472, 0, , , 2993.0929999999998472, 0, , , 2993.0929999999998472, 1
, , 2993.0979999999999563, 1, , , 2993.0979999999999563, 0, , , 2993.0979999999999563, 0, , , 2993.0979999999999563, 1
, , 2993.1030000000000655, 1, , , 2993.1030000000000655, 0, , , 2993.1030000000000655, 0, , , 2993.1030000000000655, 1
, , 2993.1080000000001746, 1, , , 2993.1080000000001746, 0, , , 2993.1080000000001746, 0, , , 2993.1080000000001746, 1
, , 2993.112999999999829, 1, , , 2993.112999999999829, 0, , , 2993.112999999999829, 0, , , 2993.112999999999829, 1
, , 2993.1190000000001419, 1, , , 2993.1190000000001419, 0, , , 2993.1190000000001419, 0, , , 2993.1190000000001419, 1
, , 2993.1230000000000473, 1, , , 2993.1230000000000473, 0, , , 2993.1230000000000473, 0, , , 2993.1230000000000473, 1
, , 2993.1280000000001564, 1, , , 2993.1280000000001564, 0, , , 2993.1280000000001564, 0, , , 2993.1280000000001564, 1
, , 2993.1329999999998108, 1, , , 2993.1329999999998108, 0, , , 2993.1329999999998108, 0, , , 2993.1329999999998108, 1
, , 2993.1399999999998727, 1, , , 2993.1399999999998727, 0, , , 2993.1399999999998727, 0, , , 2993.1399999999998727, 1
, , 2993.1430000000000291, 1, , , 2993.1430000000000291, 0, , , 2993.1430000000000291, 0, , , 2993.1430000000000291, 1
, , 2993.1480000000001382, 1, , , 2993.1480000000001382, 0, , , 2993.1480000000001382, 0, , , 2993.1480000000001382, 1
, , 2993.1529999999997926, 1, , , 2993.1529999999997926, 1, , , 2993.1529999999997926, 1, , , 2993.1529999999997926, 1
, , 2993.1579999999999018, 1, , , 2993.1579999999999018, 1, , , 2993.1579999999999018, 1, , , 2993.1579999999999018, 1
, , 2993.1630000000000109, 1, , , 2993.1630000000000109, 1, , , 2993.1630000000000109, 1, , , 2993.1630000000000109, 1
, , 2993.168999999999869, 1, , , 2993.168999999999869, 1, , , 2993.168999999999869, 1, , , 2993.168999999999869, 1
, , 2993.1739999999999782, 1, , , 2993.1739999999999782, 1, , , 2993.1739999999999782, 1, , , 2993.1739999999999782, 1
, , 2993.1790000000000873, 1, , , 2993.1790000000000873, 1, , , 2993.1790000000000873, 1, , , 2993.1790000000000873, 1
, , 2993.1829999999999927, 1, , , 2993.1829999999999927, 1, , , 2993.1829999999999927, 1, , , 2993.1829999999999927, 1
, , 2993.1880000000001019, 1, , , 2993.1880000000001019, 1, , , 2993.1880000000001019, 1, , , 2993.1880000000001019, 1
, , 2993.19399999999996, 1, , , 2993.19399999999996, 1, , , 2993.19399999999996, 1, , , 2993.19399999999996, 1
, , 2993.1990000000000691, 1, , , 2993.1990000000000691, 1, , , 2993.1990000000000691, 1, , , 2993.1990000000000691, 1
, , 2993.2040000000001783, 1, , , 2993.2040000000001783, 1, , , 2993.2040000000001783, 1, , , 2993.2040000000001783, 1
, , 2993.2100000000000364, 1, , , 2993.2100000000000364, 1, , , 2993.2100000000000364, 1, , , 2993.2100000000000364, 1
, , 2993.2130000000001928, 1, , , 2993.2130000000001928, 1, , , 2993.2130000000001928, 1, , , 2993.2130000000001928, 1
, , 2993.2170000000000982, 1, , , 2993.2170000000000982, 1, , , 2993.2170000000000982, 1, , , 2993.2170000000000982, 1
, , 2993.2229999999999563, 1, , , 2993.2229999999999563, 1, , , 2993.2229999999999563, 1, , , 2993.2229999999999563, 1
, , 2993.2280000000000655, 0, , , 2993.2280000000000655, 1, , , 2993.2280000000000655, 1, , , 2993.2280000000000655, 0
, , 2993.2330000000001746, 0, , , 2993.2330000000001746, 1, , , 2993.2330000000001746, 1, , , 2993.2330000000001746, 0
, , 2993.2390000000000327, 0, , , 2993.2390000000000327, 1, , , 2993.2390000000000327, 1, , , 2993.2390000000000327, 0
, , 2993.2440000000001419, 0, , , 2993.2440000000001419, 1, , , 2993.2440000000001419, 1, , , 2993.2440000000001419, 0
, , 2993.2480000000000473, 0, , , 2993.2480000000000473, 1, , , 2993.2480000000000473, 1, , , 2993.2480000000000473, 0
, , 2993.2530000000001564, 0, , , 2993.2530000000001564, 1, , , 2993.2530000000001564, 1, , , 2993.2530000000001564, 0
, , 2993.2579999999998108, 0, , , 2993.2579999999998108, 1, , , 2993.2579999999998108, 1, , , 2993.2579999999998108, 0
, , 2993.26299999999992, 0, , , 2993.26299999999992, 1, , , 2993.26299999999992, 1, , , 2993.26299999999992, 0
, , 2993.2680000000000291, 0, , , 2993.2680000000000291, 1, , , 2993.2680000000000291, 1, , , 2993.2680000000000291, 0
, , 2993.2730000000001382, 0, , , 2993.2730000000001382, 1, , , 2993.2730000000001382, 1, , , 2993.2730000000001382, 0
, , 2993.2789999999999964, 0, , , 2993.2789999999999964, 1, , , 2993.2789999999999964, 1, , , 2993.2789999999999964, 0
, , 2993.2840000000001055, 0, , , 2993.2840000000001055, 1, , , 2993.2840000000001055, 1, , , 2993.2840000000001055, 0
, , 2993.2890000000002146, 0, , , 2993.2890000000002146, 1, , , 2993.2890000000002146, 1, , , 2993.2890000000002146, 0
, , 2993.2930000000001201, 0, , , 2993.2930000000001201, 1, , , 2993.2930000000001201, 1, , , 2993.2930000000001201, 0
, , 2993.2979999999997744, 0, , , 2993.2979999999997744, 1, , , 2993.2979999999997744, 1, , , 2993.2979999999997744, 0
, , 2993.3029999999998836, 0, , , 2993.3029999999998836, 1, , , 2993.3029999999998836, 1, , , 2993.3029999999998836, 0
, , 2993.3079999999999927, 0, , , 2993.3079999999999927, 1, , , 2993.3079999999999927, 1, , , 2993.3079999999999927, 0
, , 2993.3130000000001019, 0, , , 2993.3130000000001019, 1, , , 2993.3130000000001019, 1, , , 2993.3130000000001019, 0
, , 2993.318000000000211, 0, , , 2993.318000000000211, 1, , , 2993.318000000000211, 1, , , 2993.318000000000211, 0
, , 2993.3229999999998654, 0, , , 2993.3229999999998654, 1, , , 2993.3229999999998654, 1, , , 2993.3229999999998654, 0
, , 2993.3279999999999745, 0, , , 2993.3279999999999745, 1, , , 2993.3279999999999745, 1, , , 2993.3279999999999745, 0
, , 2993.3330000000000837, 0, , , 2993.3330000000000837, 1, , , 2993.3330000000000837, 1, , , 2993.3330000000000837, 0
, , 2993.3389999999999418, 0, , , 2993.3389999999999418, 1, , , 2993.3389999999999418, 1, , , 2993.3389999999999418, 0
, , 2993.3429999999998472, 0, , , 2993.3429999999998472, 1, , , 2993.3429999999998472, 1, , , 2993.3429999999998472, 0
, , 2993.3479999999999563, 0, , , 2993.3479999999999563, 1, , , 2993.3479999999999563, 1, , , 2993.3479999999999563, 0
, , 2993.3539999999998145, 0, , , 2993.3539999999998145, 1, , , 2993.3539999999998145, 1, , , 2993.3539999999998145, 0
, , 2993.3580000000001746, 0, , , 2993.3580000000001746, 1, , , 2993.3580000000001746, 1, , , 2993.3580000000001746, 0
, , 2993.362999999999829, 0, , , 2993.362999999999829, 1, , , 2993.362999999999829, 1, , , 2993.362999999999829, 0
, , 2993.3679999999999382, 0, , , 2993.3679999999999382, 1, , , 2993.3679999999999382, 1, , , 2993.3679999999999382, 0
, , 2993.3739999999997963, 0, , , 2993.3739999999997963, 1, , , 2993.3739999999997963, 1, , , 2993.3739999999997963, 0
, , 2993.3780000000001564, 0, , , 2993.3780000000001564, 1, , , 2993.3780000000001564, 1, , , 2993.3780000000001564, 0
, , 2993.3840000000000146, 0, , , 2993.3840000000000146, 1, , , 2993.3840000000000146, 1, , , 2993.3840000000000146, 0
, , 2993.3910000000000764, 0, , , 2993.3910000000000764, 1, , , 2993.3910000000000764, 1, , , 2993.3910000000000764, 0
, , 2993.3930000000000291, 0, , , 2993.3930000000000291, 1, , , 2993.3930000000000291, 1, , , 2993.3930000000000291, 0
, , 2993.3980000000001382, 0, , , 2993.3980000000001382, 1, , , 2993.3980000000001382, 1, , , 2993.3980000000001382, 0
, , 2993.4029999999997926, 0, , , 2993.4029999999997926, 1, , , 2993.4029999999997926, 1, , , 2993.4029999999997926, 0
, , 2993.4079999999999018, 0, , , 2993.4079999999999018, 1, , , 2993.4079999999999018, 1, , , 2993.4079999999999018, 0
, , 2993.4140000000002146, 0, , , 2993.4140000000002146, 1, , , 2993.4140000000002146, 1, , , 2993.4140000000002146, 0
, , 2993.4180000000001201, 0, , , 2993.4180000000001201, 1, , , 2993.4180000000001201, 1, , , 2993.4180000000001201, 0
, , 2993.4229999999997744, 0, , , 2993.4229999999997744, 1, , , 2993.4229999999997744, 1, , , 2993.4229999999997744, 0
, , 2993.4279999999998836, 0, , , 2993.4279999999998836, 1, , , 2993.4279999999998836, 1, , , 2993.4279999999998836, 0
, , 2993.4340000000001965, 0, , , 2993.4340000000001965, 1, , , 2993.4340000000001965, 1, , , 2993.4340000000001965, 0
, , 2993.4380000000001019, 0, , , 2993.4380000000001019, 1, , , 2993.4380000000001019, 1, , , 2993.4380000000001019, 0
, , 2993.44399999999996, 0, , , 2993.44399999999996, 1, , , 2993.44399999999996, 1, , , 2993.44399999999996, 0
, , 2993.4490000000000691, 0, , , 2993.4490000000000691, 1, , , 2993.4490000000000691, 1, , , 2993.4490000000000691, 0
, , 2993.4540000000001783, 0, , , 2993.4540000000001783, 1, , , 2993.4540000000001783, 1, , , 2993.4540000000001783, 0
, , 2993.4580000000000837, 0, , , 2993.4580000000000837, 1, , , 2993.4580000000000837, 1, , , 2993.4580000000000837, 0
, , 2993.4630000000001928, 0, , , 2993.4630000000001928, 1, , , 2993.4630000000001928, 1, , , 2993.4630000000001928, 0
, , 2993.4679999999998472, 0, , , 2993.4679999999998472, 1, , , 2993.4679999999998472, 1, , , 2993.4679999999998472, 0
, , 2993.4729999999999563, 0, , , 2993.4729999999999563, 1, , , 2993.4729999999999563, 1, , , 2993.4729999999999563, 0
, , 2993.4789999999998145, 1, , , 2993.4789999999998145, 1, , , 2993.4789999999998145, 1, , , 2993.4789999999998145, 1
, , 2993.4830000000001746, 1, , , 2993.4830000000001746, 1, , , 2993.4830000000001746, 1, , , 2993.4830000000001746, 1
, , 2993.4890000000000327, 1, , , 2993.4890000000000327, 1, , , 2993.4890000000000327, 1, , , 2993.4890000000000327, 1
, , 2993.4940000000001419, 1, , , 2993.4940000000001419, 1, , , 2993.4940000000001419, 1, , , 2993.4940000000001419, 1
, , 2993.4980000000000473, 1, , , 2993.4980000000000473, 1, , , 2993.4980000000000473, 1, , , 2993.4980000000000473, 1
, , 2993.5039999999999054, 1, , , 2993.5039999999999054, 1, , , 2993.5039999999999054, 1, , , 2993.5039999999999054, 1
, , 2993.5079999999998108, 1, , , 2993.5079999999998108, 1, , , 2993.5079999999998108, 1, , , 2993.5079999999998108, 1
, , 2993.5140000000001237, 1, , , 2993.5140000000001237, 1, , , 2993.5140000000001237, 1, , , 2993.5140000000001237, 1
, , 2993.5189999999997781, 1, , , 2993.5189999999997781, 1, , , 2993.5189999999997781, 1, , , 2993.5189999999997781, 1
, , 2993.5239999999998872, 1, , , 2993.5239999999998872, 1, , , 2993.5239999999998872, 1, , , 2993.5239999999998872, 1
, , 2993.5279999999997926, 1, , , 2993.5279999999997926, 1, , , 2993.5279999999997926, 1, , , 2993.5279999999997926, 1
, , 2993.5340000000001055, 1, , , 2993.5340000000001055, 1, , , 2993.5340000000001055, 1, , , 2993.5340000000001055, 1
, , 2993.5380000000000109, 1, , , 2993.5380000000000109, 1, , , 2993.5380000000000109, 1, , , 2993.5380000000000109, 1
, , 2993.5430000000001201, 1, , , 2993.5430000000001201, 1, , , 2993.5430000000001201, 1, , , 2993.5430000000001201, 1
, , 2993.5489999999999782, 1, , , 2993.5489999999999782, 0, , , 2993.5489999999999782, 0, , , 2993.5489999999999782, 1
, , 2993.5529999999998836, 1, , , 2993.5529999999998836, 0, , , 2993.5529999999998836, 0, , , 2993.5529999999998836, 1
, , 2993.5590000000001965, 1, , , 2993.5590000000001965, 0, , , 2993.5590000000001965, 0, , , 2993.5590000000001965, 1
, , 2993.5639999999998508, 1, , , 2993.5639999999998508, 0, , , 2993.5639999999998508, 0, , , 2993.5639999999998508, 1
, , 2993.56899999999996, 1, , , 2993.56899999999996, 0, , , 2993.56899999999996, 0, , , 2993.56899999999996, 1
, , 2993.5729999999998654, 1, , , 2993.5729999999998654, 0, , , 2993.5729999999998654, 0, , , 2993.5729999999998654, 1
, , 2993.5790000000001783, 1, , , 2993.5790000000001783, 0, , , 2993.5790000000001783, 0, , , 2993.5790000000001783, 1
, , 2993.5830000000000837, 1, , , 2993.5830000000000837, 0, , , 2993.5830000000000837, 0, , , 2993.5830000000000837, 1
, , 2993.5889999999999418, 1, , , 2993.5889999999999418, 0, , , 2993.5889999999999418, 0, , , 2993.5889999999999418, 1
, , 2993.5920000000000982, 1, , , 2993.5920000000000982, 0, , , 2993.5920000000000982, 0, , , 2993.5920000000000982, 1
, , 2993.5979999999999563, 1, , , 2993.5979999999999563, 0, , , 2993.5979999999999563, 0, , , 2993.5979999999999563, 1
, , 2993.6030000000000655, 1, , , 2993.6030000000000655, 0, , , 2993.6030000000000655, 0, , , 2993.6030000000000655, 1
, , 2993.6080000000001746, 1, , , 2993.6080000000001746, 0, , , 2993.6080000000001746, 0, , , 2993.6080000000001746, 1
, , 2993.612999999999829, 1, , , 2993.612999999999829, 0, , , 2993.612999999999829, 0, , , 2993.612999999999829, 1
, , 2993.6179999999999382, 1, , , 2993.6179999999999382, 0, , , 2993.6179999999999382, 0, , , 2993.6179999999999382, 1
, , 2993.6230000000000473, 1, , , 2993.6230000000000473, 0, , , 2993.6230000000000473, 0, , , 2993.6230000000000473, 1
, , 2993.6280000000001564, 1, , , 2993.6280000000001564, 0, , , 2993.6280000000001564, 0, , , 2993.6280000000001564, 1
, , 2993.6340000000000146, 1, , , 2993.6340000000000146, 0, , , 2993.6340000000000146, 0, , , 2993.6340000000000146, 1
, , 2993.63799999999992, 1, , , 2993.63799999999992, 0, , , 2993.63799999999992, 0, , , 2993.63799999999992, 1
, , 2993.6430000000000291, 1, , , 2993.6430000000000291, 0, , , 2993.6430000000000291, 0, , , 2993.6430000000000291, 1
, , 2993.6480000000001382, 1, , , 2993.6480000000001382, 0, , , 2993.6480000000001382, 0, , , 2993.6480000000001382, 1
, , 2993.6539999999999964, 1, , , 2993.6539999999999964, 0, , , 2993.6539999999999964, 0, , , 2993.6539999999999964, 1
, , 2993.6579999999999018, 1, , , 2993.6579999999999018, 0, , , 2993.6579999999999018, 0, , , 2993.6579999999999018, 1
, , 2993.6640000000002146, 1, , , 2993.6640000000002146, 0, , , 2993.6640000000002146, 0, , , 2993.6640000000002146, 1
, , 2993.6680000000001201, 1, , , 2993.6680000000001201, 0, , , 2993.6680000000001201, 0, , , 2993.6680000000001201, 1
, , 2993.6729999999997744, 1, , , 2993.6729999999997744, 0, , , 2993.6729999999997744, 0, , , 2993.6729999999997744, 1
, , 2993.6779999999998836, 1, , , 2993.6779999999998836, 0, , , 2993.6779999999998836, 0, , , 2993.6779999999998836, 1
, , 2993.6829999999999927, 1, , , 2993.6829999999999927, 0, , , 2993.6829999999999927, 0, , , 2993.6829999999999927, 1
, , 2993.6880000000001019, 1, , , 2993.6880000000001019, 0, , , 2993.6880000000001019, 0, , , 2993.6880000000001019, 1
, , 2993.693000000000211, 1, , , 2993.693000000000211, 0, , , 2993.693000000000211, 0, , , 2993.693000000000211, 1
, , 2993.6990000000000691, 1, , , 2993.6990000000000691, 0, , , 2993.6990000000000691, 0, , , 2993.6990000000000691, 1
, , 2993.7029999999999745, 1, , , 2993.7029999999999745, 0, , , 2993.7029999999999745, 0, , , 2993.7029999999999745, 1
, , 2993.7100000000000364, 1, , , 2993.7100000000000364, 0, , , 2993.7100000000000364, 0, , , 2993.7100000000000364, 1
, , 2993.7130000000001928, 1, , , 2993.7130000000001928, 0, , , 2993.7130000000001928, 0, , , 2993.7130000000001928, 1
, , 2993.7190000000000509, 1, , , 2993.7190000000000509, 0, , , 2993.7190000000000509, 0, , , 2993.7190000000000509, 1
, , 2993.7229999999999563, 1, , , 2993.7229999999999563, 0, , , 2993.7229999999999563, 0, , , 2993.7229999999999563, 1
, , 2993.7289999999998145, 1, , , 2993.7289999999998145, 0, , , 2993.7289999999998145, 0, , , 2993.7289999999998145, 1
, , 2993.7330000000001746, 1, , , 2993.7330000000001746, 0, , , 2993.7330000000001746, 0, , , 2993.7330000000001746, 1
, , 2993.737999999999829, 1, , , 2993.737999999999829, 0, , , 2993.737999999999829, 0, , , 2993.737999999999829, 1
, , 2993.7440000000001419, 1, , , 2993.7440000000001419, 0, , , 2993.7440000000001419, 0, , , 2993.7440000000001419, 1
, , 2993.7469999999998436, 1, , , 2993.7469999999998436, 0, , , 2993.7469999999998436, 0, , , 2993.7469999999998436, 1
, , 2993.7530000000001564, 1, , , 2993.7530000000001564, 0, , , 2993.7530000000001564, 0, , , 2993.7530000000001564, 1
, , 2993.7590000000000146, 1, , , 2993.7590000000000146, 0, , , 2993.7590000000000146, 0, , , 2993.7590000000000146, 1
, , 2993.76299999999992, 1, , , 2993.76299999999992, 0, , , 2993.76299999999992, 0, , , 2993.76299999999992, 1
, , 2993.7680000000000291, 1, , , 2993.7680000000000291, 0, , , 2993.7680000000000291, 0, , , 2993.7680000000000291, 1
, , 2993.7739999999998872, 1, , , 2993.7739999999998872, 0, , , 2993.7739999999998872, 0, , , 2993.7739999999998872, 1
, , 2993.7800000000002001, 1, , , 2993.7800000000002001, 0, , , 2993.7800000000002001, 0, , , 2993.7800000000002001, 1
, , 2993.7829999999999018, 1, , , 2993.7829999999999018, 0, , , 2993.7829999999999018, 0, , , 2993.7829999999999018, 1
, , 2993.7880000000000109, 1, , , 2993.7880000000000109, 0, , , 2993.7880000000000109, 0, , , 2993.7880000000000109, 1
, , 2993.7930000000001201, 1, , , 2993.7930000000001201, 0, , , 2993.7930000000001201, 0, , , 2993.7930000000001201, 1
, , 2993.7979999999997744, 1, , , 2993.7979999999997744, 0, , , 2993.7979999999997744, 0, , , 2993.7979999999997744, 1
, , 2993.8029999999998836, 1, , , 2993.8029999999998836, 1, , , 2993.8029999999998836, 1, , , 2993.8029999999998836, 1
, , 2993.8090000000001965, 1, , , 2993.8090000000001965, 1, , , 2993.8090000000001965, 1, , , 2993.8090000000001965, 1
, , 2993.8130000000001019, 1, , , 2993.8130000000001019, 1, , , 2993.8130000000001019, 1, , , 2993.8130000000001019, 1
, , 2993.818000000000211, 1, , , 2993.818000000000211, 1, , , 2993.818000000000211, 1, , , 2993.818000000000211, 1
, , 2993.8229999999998654, 1, , , 2993.8229999999998654, 1, , , 2993.8229999999998654, 1, , , 2993.8229999999998654, 1
, , 2993.8279999999999745, 1, , , 2993.8279999999999745, 1, , , 2993.8279999999999745, 1, , , 2993.8279999999999745, 1
, , 2993.8339999999998327, 1, , , 2993.8339999999998327, 1, , , 2993.8339999999998327, 1, , , 2993.8339999999998327, 1
, , 2993.8380000000001928, 1, , , 2993.8380000000001928, 1, , , 2993.8380000000001928, 1, , , 2993.8380000000001928, 1
, , 2993.8429999999998472, 1, , , 2993.8429999999998472, 1, , , 2993.8429999999998472, 1, , , 2993.8429999999998472, 1
, , 2993.8479999999999563, 1, , , 2993.8479999999999563, 1, , , 2993.8479999999999563, 1, , , 2993.8479999999999563, 1
, , 2993.8530000000000655, 1, , , 2993.8530000000000655, 1, , , 2993.8530000000000655, 1, , , 2993.8530000000000655, 1
, , 2993.8589999999999236, 1, , , 2993.8589999999999236, 1, , , 2993.8589999999999236, 1, , , 2993.8589999999999236, 1
, , 2993.862999999999829, 1, , , 2993.862999999999829, 1, , , 2993.862999999999829, 1, , , 2993.862999999999829, 1
, , 2993.8679999999999382, 1, , , 2993.8679999999999382, 1, , , 2993.8679999999999382, 1, , , 2993.8679999999999382, 1
, , 2993.875, 0, , , 2993.875, 1, , , 2993.875, 1, , , 2993.875, 0
, , 2993.8769999999999527, 0, , , 2993.8769999999999527, 1, , , 2993.8769999999999527, 1, , , 2993.8769999999999527, 0
, , 2993.8840000000000146, 0, , , 2993.8840000000000146, 1, , , 2993.8840000000000146, 1, , , 2993.8840000000000146, 0
, , 2993.88799999999992, 0, , , 2993.88799999999992, 1, , , 2993.88799999999992, 1, , , 2993.88799999999992, 0
, , 2993.8930000000000291, 0, , , 2993.8930000000000291, 1, , , 2993.8930000000000291, 1, , , 2993.8930000000000291, 0
, , 2993.8989999999998872, 0, , , 2993.8989999999998872, 1, , , 2993.8989999999998872, 1, , , 2993.8989999999998872, 0
, , 2993.9029999999997926, 0, , , 2993.9029999999997926, 1, , , 2993.9029999999997926, 1, , , 2993.9029999999997926, 0
, , 2993.9070000000001528, 0, , , 2993.9070000000001528, 1, , , 2993.9070000000001528, 1, , , 2993.9070000000001528, 0
, , 2993.9130000000000109, 0, , , 2993.9130000000000109, 1, , , 2993.9130000000000109, 1, , , 2993.9130000000000109, 0
, , 2993.9180000000001201, 0, , , 2993.9180000000001201, 1, , , 2993.9180000000001201, 1, , , 2993.9180000000001201, 0
, , 2993.9229999999997744, 0, , , 2993.9229999999997744, 1, , , 2993.9229999999997744, 1, , , 2993.9229999999997744, 0
, , 2993.9290000000000873, 0, , , 2993.9290000000000873, 1, , , 2993.9290000000000873, 1, , , 2993.9290000000000873, 0
, , 2993.931999999999789, 0, , , 2993.931999999999789, 1, , , 2993.931999999999789, 1, , , 2993.931999999999789, 0
, , 2993.9380000000001019, 0, , , 2993.9380000000001019, 1, , , 2993.9380000000001019, 1, , , 2993.9380000000001019, 0
, , 2993.94399999999996, 0, , , 2993.94399999999996, 1, , , 2993.94399999999996, 1, , , 2993.94399999999996, 0
, , 2993.9479999999998654, 0, , , 2993.9479999999998654, 1, , , 2993.9479999999998654, 1, , , 2993.9479999999998654, 0
, , 2993.9529999999999745, 0, , , 2993.9529999999999745, 1, , , 2993.9529999999999745, 1, , , 2993.9529999999999745, 0
, , 2993.9580000000000837, 0, , , 2993.9580000000000837, 1, , , 2993.9580000000000837, 1, , , 2993.9580000000000837, 0
, , 2993.9630000000001928, 0, , , 2993.9630000000001928, 1, , , 2993.9630000000001928, 1, , , 2993.9630000000001928, 0
, , 2993.9679999999998472, 0, , , 2993.9679999999998472, 1, , , 2993.9679999999998472, 1, , , 2993.9679999999998472, 0
, , 2993.9740000000001601, 0, , , 2993.9740000000001601, 1, , , 2993.9740000000001601, 1, , , 2993.9740000000001601, 0
, , 2993.9780000000000655, 0, , , 2993.9780000000000655, 1, , , 2993.9780000000000655, 1, , , 2993.9780000000000655, 0
, , 2993.9830000000001746, 0, , , 2993.9830000000001746, 1, , , 2993.9830000000001746, 1, , , 2993.9830000000001746, 0
, , 2993.9890000000000327, 0, , , 2993.9890000000000327, 1, , , 2993.9890000000000327, 1, , , 2993.9890000000000327, 0
, , 2993.9929999999999382, 0, , , 2993.9929999999999382, 1, , , 2993.9929999999999382, 1, , , 2993.9929999999999382, 0
, , 2993.9969999999998436, 0, , , 2993.9969999999998436, 1, , , 2993.9969999999998436, 1, , , 2993.9969999999998436, 0
, , 2994.0050000000001091, 0, , , 2994.0050000000001091, 1, , , 2994.0050000000001091, 1, , , 2994.0050000000001091, 0
, , 2994.012000000000171, 0, , , 2994.012000000000171, 1, , , 2994.012000000000171, 1, , , 2994.012000000000171, 0
, , 2994.0140000000001237, 0, , , 2994.0140000000001237, 1, , , 2994.0140000000001237, 1, , , 2994.0140000000001237, 0
, , 2994.0180000000000291, 0, , , 2994.0180000000000291, 1, , , 2994.0180000000000291, 1, , , 2994.0180000000000291, 0
, , 2994.0239999999998872, 0, , , 2994.0239999999998872, 1, , , 2994.0239999999998872, 1, , , 2994.0239999999998872, 0
, , 2994.0289999999999964, 0, , , 2994.0289999999999964, 1, , , 2994.0289999999999964, 1, , , 2994.0289999999999964, 0
, , 2994.0329999999999018, 0, , , 2994.0329999999999018, 1, , , 2994.0329999999999018, 1, , , 2994.0329999999999018, 0
, , 2994.0380000000000109, 0, , , 2994.0380000000000109, 1, , , 2994.0380000000000109, 1, , , 2994.0380000000000109, 0
, , 2994.0430000000001201, 0, , , 2994.0430000000001201, 1, , , 2994.0430000000001201, 1, , , 2994.0430000000001201, 0
, , 2994.0479999999997744, 0, , , 2994.0479999999997744, 1, , , 2994.0479999999997744, 1, , , 2994.0479999999997744, 0
, , 2994.0540000000000873, 0, , , 2994.0540000000000873, 1, , , 2994.0540000000000873, 1, , , 2994.0540000000000873, 0
, , 2994.0590000000001965, 0, , , 2994.0590000000001965, 1, , , 2994.0590000000001965, 1, , , 2994.0590000000001965, 0
, , 2994.0639999999998508, 0, , , 2994.0639999999998508, 1, , , 2994.0639999999998508, 1, , , 2994.0639999999998508, 0
, , 2994.068000000000211, 0, , , 2994.068000000000211, 1, , , 2994.068000000000211, 1, , , 2994.068000000000211, 0
, , 2994.0729999999998654, 0, , , 2994.0729999999998654, 1, , , 2994.0729999999998654, 1, , , 2994.0729999999998654, 0
, , 2994.0790000000001783, 0, , , 2994.0790000000001783, 1, , , 2994.0790000000001783, 1, , , 2994.0790000000001783, 0
, , 2994.0830000000000837, 0, , , 2994.0830000000000837, 1, , , 2994.0830000000000837, 1, , , 2994.0830000000000837, 0
, , 2994.0880000000001928, 0, , , 2994.0880000000001928, 1, , , 2994.0880000000001928, 1, , , 2994.0880000000001928, 0
, , 2994.0940000000000509, 0, , , 2994.0940000000000509, 1, , , 2994.0940000000000509, 1, , , 2994.0940000000000509, 0
, , 2994.0979999999999563, 0, , , 2994.0979999999999563, 1, , , 2994.0979999999999563, 1, , , 2994.0979999999999563, 0
, , 2994.1039999999998145, 0, , , 2994.1039999999998145, 1, , , 2994.1039999999998145, 1, , , 2994.1039999999998145, 0
, , 2994.1080000000001746, 0, , , 2994.1080000000001746, 1, , , 2994.1080000000001746, 1, , , 2994.1080000000001746, 0
, , 2994.1140000000000327, 0, , , 2994.1140000000000327, 1, , , 2994.1140000000000327, 1, , , 2994.1140000000000327, 0
, , 2994.1179999999999382, 0, , , 2994.1179999999999382, 1, , , 2994.1179999999999382, 1, , , 2994.1179999999999382, 0
, , 2994.1230000000000473, 0, , , 2994.1230000000000473, 1, , , 2994.1230000000000473, 1, , , 2994.1230000000000473, 0
, , 2994.1280000000001564, 1, , , 2994.1280000000001564, 1, , , 2994.1280000000001564, 1, , , 2994.1280000000001564, 1
, , 2994.1329999999998108, 1, , , 2994.1329999999998108, 1, , , 2994.1329999999998108, 1, , , 2994.1329999999998108, 1
, , 2994.1390000000001237, 1, , , 2994.1390000000001237, 1, , , 2994.1390000000001237, 1, , , 2994.1390000000001237, 1
, , 2994.1430000000000291, 1, , , 2994.1430000000000291, 1, , , 2994.1430000000000291, 1, , , 2994.1430000000000291, 1
, , 2994.1480000000001382, 1, , , 2994.1480000000001382, 1, , , 2994.1480000000001382, 1, , , 2994.1480000000001382, 1
, , 2994.1529999999997926, 1, , , 2994.1529999999997926, 1, , , 2994.1529999999997926, 1, , , 2994.1529999999997926, 1
, , 2994.1590000000001055, 1, , , 2994.1590000000001055, 1, , , 2994.1590000000001055, 1, , , 2994.1590000000001055, 1
, , 2994.1640000000002146, 1, , , 2994.1640000000002146, 1, , , 2994.1640000000002146, 1, , , 2994.1640000000002146, 1
, , 2994.1680000000001201, 1, , , 2994.1680000000001201, 1, , , 2994.1680000000001201, 1, , , 2994.1680000000001201, 1
, , 2994.1729999999997744, 1, , , 2994.1729999999997744, 1, , , 2994.1729999999997744, 1, , , 2994.1729999999997744, 1
, , 2994.1790000000000873, 1, , , 2994.1790000000000873, 1, , , 2994.1790000000000873, 1, , , 2994.1790000000000873, 1
, , 2994.1840000000001965, 1, , , 2994.1840000000001965, 1, , , 2994.1840000000001965, 1, , , 2994.1840000000001965, 1
, , 2994.1889999999998508, 1, , , 2994.1889999999998508, 1, , , 2994.1889999999998508, 1, , , 2994.1889999999998508, 1
, , 2994.193000000000211, 1, , , 2994.193000000000211, 1, , , 2994.193000000000211, 1, , , 2994.193000000000211, 1
, , 2994.1999999999998181, 1, , , 2994.1999999999998181, 0, , , 2994.1999999999998181, 0, , , 2994.1999999999998181, 1
, , 2994.2049999999999272, 1, , , 2994.2049999999999272, 0, , , 2994.2049999999999272, 0, , , 2994.2049999999999272, 1
, , 2994.2080000000000837, 1, , , 2994.2080000000000837, 0, , , 2994.2080000000000837, 0, , , 2994.2080000000000837, 1
, , 2994.2130000000001928, 1, , , 2994.2130000000001928, 0, , , 2994.2130000000001928, 0, , , 2994.2130000000001928, 1
, , 2994.2179999999998472, 1, , , 2994.2179999999998472, 0, , , 2994.2179999999998472, 0, , , 2994.2179999999998472, 1
, , 2994.2240000000001601, 1, , , 2994.2240000000001601, 0, , , 2994.2240000000001601, 0, , , 2994.2240000000001601, 1
, , 2994.2289999999998145, 1, , , 2994.2289999999998145, 0, , , 2994.2289999999998145, 0, , , 2994.2289999999998145, 1
, , 2994.2339999999999236, 1, , , 2994.2339999999999236, 0, , , 2994.2339999999999236, 0, , , 2994.2339999999999236, 1
, , 2994.237999999999829, 1, , , 2994.237999999999829, 0, , , 2994.237999999999829, 0, , , 2994.237999999999829, 1
, , 2994.2429999999999382, 1, , , 2994.2429999999999382, 0, , , 2994.2429999999999382, 0, , , 2994.2429999999999382, 1
, , 2994.2480000000000473, 1, , , 2994.2480000000000473, 0, , , 2994.2480000000000473, 0, , , 2994.2480000000000473, 1
, , 2994.2530000000001564, 1, , , 2994.2530000000001564, 0, , , 2994.2530000000001564, 0, , , 2994.2530000000001564, 1
, , 2994.2579999999998108, 1, , , 2994.2579999999998108, 0, , , 2994.2579999999998108, 0, , , 2994.2579999999998108, 1
, , 2994.26299999999992, 1, , , 2994.26299999999992, 0, , , 2994.26299999999992, 0, , , 2994.26299999999992, 1
, , 2994.2680000000000291, 1, , , 2994.2680000000000291, 0, , , 2994.2680000000000291, 0, , , 2994.2680000000000291, 1
, , 2994.2730000000001382, 1, , , 2994.2730000000001382, 0, , , 2994.2730000000001382, 0, , , 2994.2730000000001382, 1
, , 2994.2789999999999964, 1, , , 2994.2789999999999964, 0, , , 2994.2789999999999964, 0, , , 2994.2789999999999964, 1
, , 2994.2840000000001055, 1, , , 2994.2840000000001055, 0, , , 2994.2840000000001055, 0, , , 2994.2840000000001055, 1
, , 2994.2880000000000109, 1, , , 2994.2880000000000109, 0, , , 2994.2880000000000109, 0, , , 2994.2880000000000109, 1
, , 2994.2930000000001201, 1, , , 2994.2930000000001201, 0, , , 2994.2930000000001201, 0, , , 2994.2930000000001201, 1
, , 2994.2989999999999782, 1, , , 2994.2989999999999782, 0, , , 2994.2989999999999782, 0, , , 2994.2989999999999782, 1
, , 2994.3029999999998836, 1, , , 2994.3029999999998836, 0, , , 2994.3029999999998836, 0, , , 2994.3029999999998836, 1
, , 2994.3079999999999927, 1, , , 2994.3079999999999927, 0, , , 2994.3079999999999927, 0, , , 2994.3079999999999927, 1
, , 2994.3130000000001019, 1, , , 2994.3130000000001019, 0, , , 2994.3130000000001019, 0, , , 2994.3130000000001019, 1
, , 2994.318000000000211, 1, , , 2994.318000000000211, 0, , , 2994.318000000000211, 0, , , 2994.318000000000211, 1
, , 2994.3229999999998654, 1, , , 2994.3229999999998654, 0, , , 2994.3229999999998654, 0, , , 2994.3229999999998654, 1
, , 2994.3279999999999745, 1, , , 2994.3279999999999745, 0, , , 2994.3279999999999745, 0, , , 2994.3279999999999745, 1
, , 2994.3330000000000837, 1, , , 2994.3330000000000837, 0, , , 2994.3330000000000837, 0, , , 2994.3330000000000837, 1
, , 2994.3380000000001928, 1, , , 2994.3380000000001928, 0, , , 2994.3380000000001928, 0, , , 2994.3380000000001928, 1
, , 2994.3440000000000509, 1, , , 2994.3440000000000509, 0, , , 2994.3440000000000509, 0, , , 2994.3440000000000509, 1
, , 2994.3479999999999563, 1, , , 2994.3479999999999563, 0, , , 2994.3479999999999563, 0, , , 2994.3479999999999563, 1
, , 2994.3530000000000655, 1, , , 2994.3530000000000655, 0, , , 2994.3530000000000655, 0, , , 2994.3530000000000655, 1
, , 2994.3569999999999709, 1, , , 2994.3569999999999709, 0, , , 2994.3569999999999709, 0, , , 2994.3569999999999709, 1
, , 2994.362999999999829, 1, , , 2994.362999999999829, 0, , , 2994.362999999999829, 0, , , 2994.362999999999829, 1
, , 2994.3679999999999382, 1, , , 2994.3679999999999382, 0, , , 2994.3679999999999382, 0, , , 2994.3679999999999382, 1
, , 2994.3730000000000473, 1, , , 2994.3730000000000473, 0, , , 2994.3730000000000473, 0, , , 2994.3730000000000473, 1
, , 2994.3780000000001564, 1, , , 2994.3780000000001564, 0, , , 2994.3780000000001564, 0, , , 2994.3780000000001564, 1
, , 2994.3829999999998108, 1, , , 2994.3829999999998108, 0, , , 2994.3829999999998108, 0, , , 2994.3829999999998108, 1
, , 2994.38799999999992, 1, , , 2994.38799999999992, 0, , , 2994.38799999999992, 0, , , 2994.38799999999992, 1
, , 2994.3939999999997781, 1, , , 2994.3939999999997781, 0, , , 2994.3939999999997781, 0, , , 2994.3939999999997781, 1
, , 2994.3980000000001382, 1, , , 2994.3980000000001382, 0, , , 2994.3980000000001382, 0, , , 2994.3980000000001382, 1
, , 2994.4039999999999964, 1, , , 2994.4039999999999964, 0, , , 2994.4039999999999964, 0, , , 2994.4039999999999964, 1
, , 2994.4079999999999018, 1, , , 2994.4079999999999018, 0, , , 2994.4079999999999018, 0, , , 2994.4079999999999018, 1
, , 2994.4140000000002146, 1, , , 2994.4140000000002146, 0, , , 2994.4140000000002146, 0, , , 2994.4140000000002146, 1
, , 2994.4180000000001201, 1, , , 2994.4180000000001201, 0, , , 2994.4180000000001201, 0, , , 2994.4180000000001201, 1
, , 2994.4229999999997744, 1, , , 2994.4229999999997744, 0, , , 2994.4229999999997744, 0, , , 2994.4229999999997744, 1
, , 2994.4290000000000873, 1, , , 2994.4290000000000873, 0, , , 2994.4290000000000873, 0, , , 2994.4290000000000873, 1
, , 2994.4329999999999927, 1, , , 2994.4329999999999927, 0, , , 2994.4329999999999927, 0, , , 2994.4329999999999927, 1
, , 2994.4369999999998981, 1, , , 2994.4369999999998981, 0, , , 2994.4369999999998981, 0, , , 2994.4369999999998981, 1
, , 2994.443000000000211, 1, , , 2994.443000000000211, 0, , , 2994.443000000000211, 0, , , 2994.443000000000211, 1
, , 2994.4479999999998654, 1, , , 2994.4479999999998654, 0, , , 2994.4479999999998654, 0, , , 2994.4479999999998654, 1
, , 2994.4529999999999745, 1, , , 2994.4529999999999745, 1, , , 2994.4529999999999745, 1, , , 2994.4529999999999745, 1
, , 2994.4580000000000837, 1, , , 2994.4580000000000837, 1, , , 2994.4580000000000837, 1, , , 2994.4580000000000837, 1
, , 2994.4630000000001928, 1, , , 2994.4630000000001928, 1, , , 2994.4630000000001928, 1, , , 2994.4630000000001928, 1
, , 2994.4679999999998472, 1, , , 2994.4679999999998472, 1, , , 2994.4679999999998472, 1, , , 2994.4679999999998472, 1
, , 2994.4729999999999563, 1, , , 2994.4729999999999563, 1, , , 2994.4729999999999563, 1, , , 2994.4729999999999563, 1
, , 2994.4780000000000655, 1, , , 2994.4780000000000655, 1, , , 2994.4780000000000655, 1, , , 2994.4780000000000655, 1
, , 2994.4839999999999236, 1, , , 2994.4839999999999236, 1, , , 2994.4839999999999236, 1, , , 2994.4839999999999236, 1
, , 2994.487999999999829, 1, , , 2994.487999999999829, 1, , , 2994.487999999999829, 1, , , 2994.487999999999829, 1
, , 2994.4929999999999382, 1, , , 2994.4929999999999382, 1, , , 2994.4929999999999382, 1, , , 2994.4929999999999382, 1
, , 2994.4980000000000473, 1, , , 2994.4980000000000473, 1, , , 2994.4980000000000473, 1, , , 2994.4980000000000473, 1
, , 2994.5039999999999054, 1, , , 2994.5039999999999054, 1, , , 2994.5039999999999054, 1, , , 2994.5039999999999054, 1
, , 2994.5079999999998108, 1, , , 2994.5079999999998108, 1, , , 2994.5079999999998108, 1, , , 2994.5079999999998108, 1
, , 2994.5140000000001237, 1, , , 2994.5140000000001237, 1, , , 2994.5140000000001237, 1, , , 2994.5140000000001237, 1
, , 2994.5180000000000291, 1, , , 2994.5180000000000291, 1, , , 2994.5180000000000291, 1, , , 2994.5180000000000291, 1
, , 2994.5230000000001382, 1, , , 2994.5230000000001382, 1, , , 2994.5230000000001382, 1, , , 2994.5230000000001382, 1
, , 2994.5279999999997926, 0, , , 2994.5279999999997926, 1, , , 2994.5279999999997926, 1, , , 2994.5279999999997926, 0
, , 2994.5329999999999018, 0, , , 2994.5329999999999018, 1, , , 2994.5329999999999018, 1, , , 2994.5329999999999018, 0
, , 2994.5390000000002146, 0, , , 2994.5390000000002146, 1, , , 2994.5390000000002146, 1, , , 2994.5390000000002146, 0
, , 2994.5430000000001201, 0, , , 2994.5430000000001201, 1, , , 2994.5430000000001201, 1, , , 2994.5430000000001201, 0
, , 2994.5479999999997744, 0, , , 2994.5479999999997744, 1, , , 2994.5479999999997744, 1, , , 2994.5479999999997744, 0
, , 2994.5540000000000873, 0, , , 2994.5540000000000873, 1, , , 2994.5540000000000873, 1, , , 2994.5540000000000873, 0
, , 2994.5590000000001965, 0, , , 2994.5590000000001965, 1, , , 2994.5590000000001965, 1, , , 2994.5590000000001965, 0
, , 2994.5630000000001019, 0, , , 2994.5630000000001019, 1, , , 2994.5630000000001019, 1, , , 2994.5630000000001019, 0
, , 2994.568000000000211, 0, , , 2994.568000000000211, 1, , , 2994.568000000000211, 1, , , 2994.568000000000211, 0
, , 2994.5749999999998181, 0, , , 2994.5749999999998181, 1, , , 2994.5749999999998181, 1, , , 2994.5749999999998181, 0
, , 2994.5790000000001783, 0, , , 2994.5790000000001783, 1, , , 2994.5790000000001783, 1, , , 2994.5790000000001783, 0
, , 2994.5830000000000837, 0, , , 2994.5830000000000837, 1, , , 2994.5830000000000837, 1, , , 2994.5830000000000837, 0
, , 2994.5889999999999418, 0, , , 2994.5889999999999418, 1, , , 2994.5889999999999418, 1, , , 2994.5889999999999418, 0
, , 2994.5940000000000509, 0, , , 2994.5940000000000509, 1, , , 2994.5940000000000509, 1, , , 2994.5940000000000509, 0
, , 2994.5999999999999091, 0, , , 2994.5999999999999091, 1, , , 2994.5999999999999091, 1, , , 2994.5999999999999091, 0
, , 2994.6030000000000655, 0, , , 2994.6030000000000655, 1, , , 2994.6030000000000655, 1, , , 2994.6030000000000655, 0
, , 2994.6080000000001746, 0, , , 2994.6080000000001746, 1, , , 2994.6080000000001746, 1, , , 2994.6080000000001746, 0
, , 2994.6149999999997817, 0, , , 2994.6149999999997817, 1, , , 2994.6149999999997817, 1, , , 2994.6149999999997817, 0
, , 2994.6179999999999382, 0, , , 2994.6179999999999382, 1, , , 2994.6179999999999382, 1, , , 2994.6179999999999382, 0
, , 2994.6239999999997963, 0, , , 2994.6239999999997963, 1, , , 2994.6239999999997963, 1, , , 2994.6239999999997963, 0
, , 2994.6280000000001564, 0, , , 2994.6280000000001564, 1, , , 2994.6280000000001564, 1, , , 2994.6280000000001564, 0
, , 2994.6329999999998108, 0, , , 2994.6329999999998108, 1, , , 2994.6329999999998108, 1, , , 2994.6329999999998108, 0
, , 2994.63799999999992, 0, , , 2994.63799999999992, 1, , , 2994.63799999999992, 1, , , 2994.63799999999992, 0
, , 2994.6430000000000291, 0, , , 2994.6430000000000291, 1, , , 2994.6430000000000291, 1, , , 2994.6430000000000291, 0
, , 2994.6480000000001382, 0, , , 2994.6480000000001382, 1, , , 2994.6480000000001382, 1, , , 2994.6480000000001382, 0
, , 2994.6529999999997926, 0, , , 2994.6529999999997926, 1, , , 2994.6529999999997926, 1, , , 2994.6529999999997926, 0
, , 2994.6579999999999018, 0, , , 2994.6579999999999018, 1, , , 2994.6579999999999018, 1, , , 2994.6579999999999018, 0
, , 2994.6649999999999636, 0, , , 2994.6649999999999636, 1, , , 2994.6649999999999636, 1, , , 2994.6649999999999636, 0
, , 2994.6680000000001201, 0, , , 2994.6680000000001201, 1, , , 2994.6680000000001201, 1, , , 2994.6680000000001201, 0
, , 2994.6729999999997744, 0, , , 2994.6729999999997744, 1, , , 2994.6729999999997744, 1, , , 2994.6729999999997744, 0
, , 2994.6779999999998836, 0, , , 2994.6779999999998836, 1, , , 2994.6779999999998836, 1, , , 2994.6779999999998836, 0
, , 2994.6829999999999927, 0, , , 2994.6829999999999927, 1, , , 2994.6829999999999927, 1, , , 2994.6829999999999927, 0
, , 2994.6889999999998508, 0, , , 2994.6889999999998508, 1, , , 2994.6889999999998508, 1, , , 2994.6889999999998508, 0
, , 2994.693000000000211, 0, , , 2994.693000000000211, 1, , , 2994.693000000000211, 1, , , 2994.693000000000211, 0
, , 2994.6979999999998654, 0, , , 2994.6979999999998654, 1, , , 2994.6979999999998654, 1, , , 2994.6979999999998654, 0
, , 2994.7040000000001783, 0, , , 2994.7040000000001783, 1, , , 2994.7040000000001783, 1, , , 2994.7040000000001783, 0
, , 2994.7080000000000837, 0, , , 2994.7080000000000837, 1, , , 2994.7080000000000837, 1, , , 2994.7080000000000837, 0
, , 2994.7130000000001928, 0, , , 2994.7130000000001928, 1, , , 2994.7130000000001928, 1, , , 2994.7130000000001928, 0
, , 2994.7179999999998472, 0, , , 2994.7179999999998472, 1, , , 2994.7179999999998472, 1, , , 2994.7179999999998472, 0
, , 2994.7229999999999563, 0, , , 2994.7229999999999563, 1, , , 2994.7229999999999563, 1, , , 2994.7229999999999563, 0
, , 2994.7280000000000655, 0, , , 2994.7280000000000655, 1, , , 2994.7280000000000655, 1, , , 2994.7280000000000655, 0
, , 2994.7330000000001746, 0, , , 2994.7330000000001746, 1, , , 2994.7330000000001746, 1, , , 2994.7330000000001746, 0
, , 2994.737999999999829, 0, , , 2994.737999999999829, 1, , , 2994.737999999999829, 1, , , 2994.737999999999829, 0
, , 2994.7429999999999382, 0, , , 2994.7429999999999382, 1, , , 2994.7429999999999382, 1, , , 2994.7429999999999382, 0
, , 2994.7480000000000473, 0, , , 2994.7480000000000473, 1, , , 2994.7480000000000473, 1, , , 2994.7480000000000473, 0
, , 2994.7530000000001564, 0, , , 2994.7530000000001564, 1, , , 2994.7530000000001564, 1, , , 2994.7530000000001564, 0
, , 2994.7579999999998108, 0, , , 2994.7579999999998108, 1, , , 2994.7579999999998108, 1, , , 2994.7579999999998108, 0
, , 2994.76299999999992, 0, , , 2994.76299999999992, 1, , , 2994.76299999999992, 1, , , 2994.76299999999992, 0
, , 2994.7680000000000291, 0, , , 2994.7680000000000291, 1, , , 2994.7680000000000291, 1, , , 2994.7680000000000291, 0
, , 2994.7730000000001382, 0, , , 2994.7730000000001382, 1, , , 2994.7730000000001382, 1, , , 2994.7730000000001382, 0
, , 2994.7779999999997926, 1, , , 2994.7779999999997926, 1, , , 2994.7779999999997926, 1, , , 2994.7779999999997926, 1
, , 2994.7829999999999018, 1, , , 2994.7829999999999018, 1, , , 2994.7829999999999018, 1, , , 2994.7829999999999018, 1
, , 2994.7880000000000109, 1, , , 2994.7880000000000109, 1, , , 2994.7880000000000109, 1, , , 2994.7880000000000109, 1
, , 2994.7930000000001201, 1, , , 2994.7930000000001201, 1, , , 2994.7930000000001201, 1, , , 2994.7930000000001201, 1
, , 2994.7979999999997744, 1, , , 2994.7979999999997744, 1, , , 2994.7979999999997744, 1, , , 2994.7979999999997744, 1
, , 2994.8029999999998836, 1, , , 2994.8029999999998836, 1, , , 2994.8029999999998836, 1, , , 2994.8029999999998836, 1
, , 2994.8079999999999927, 1, , , 2994.8079999999999927, 1, , , 2994.8079999999999927, 1, , , 2994.8079999999999927, 1
, , 2994.8130000000001019, 1, , , 2994.8130000000001019, 1, , , 2994.8130000000001019, 1, , , 2994.8130000000001019, 1
, , 2994.818000000000211, 1, , , 2994.818000000000211, 1, , , 2994.818000000000211, 1, , , 2994.818000000000211, 1
, , 2994.8229999999998654, 1, , , 2994.8229999999998654, 1, , , 2994.8229999999998654, 1, , , 2994.8229999999998654, 1
, , 2994.8279999999999745, 1, , , 2994.8279999999999745, 1, , , 2994.8279999999999745, 1, , , 2994.8279999999999745, 1
, , 2994.8330000000000837, 1, , , 2994.8330000000000837, 1, , , 2994.8330000000000837, 1, , , 2994.8330000000000837, 1
, , 2994.8380000000001928, 1, , , 2994.8380000000001928, 1, , , 2994.8380000000001928, 1, , , 2994.8380000000001928, 1
, , 2994.8429999999998472, 1, , , 2994.8429999999998472, 1, , , 2994.8429999999998472, 1, , , 2994.8429999999998472, 1
, , 2994.8479999999999563, 1, , , 2994.8479999999999563, 1, , , 2994.8479999999999563, 1, , , 2994.8479999999999563, 1
, , 2994.8530000000000655, 1, , , 2994.8530000000000655, 0, , , 2994.8530000000000655, 0, , , 2994.8530000000000655, 1
, , 2994.8589999999999236, 1, , , 2994.8589999999999236, 0, , , 2994.8589999999999236, 0, , , 2994.8589999999999236, 1
, , 2994.862999999999829, 1, , , 2994.862999999999829, 0, , , 2994.862999999999829, 0, , , 2994.862999999999829, 1
, , 2994.8679999999999382, 1, , , 2994.8679999999999382, 0, , , 2994.8679999999999382, 0, , , 2994.8679999999999382, 1
, , 2994.8730000000000473, 1, , , 2994.8730000000000473, 0, , , 2994.8730000000000473, 0, , , 2994.8730000000000473, 1
, , 2994.8780000000001564, 1, , , 2994.8780000000001564, 0, , , 2994.8780000000001564, 0, , , 2994.8780000000001564, 1
, , 2994.8829999999998108, 1, , , 2994.8829999999998108, 0, , , 2994.8829999999998108, 0, , , 2994.8829999999998108, 1
, , 2994.8890000000001237, 1, , , 2994.8890000000001237, 0, , , 2994.8890000000001237, 0, , , 2994.8890000000001237, 1
, , 2994.8930000000000291, 1, , , 2994.8930000000000291, 0, , , 2994.8930000000000291, 0, , , 2994.8930000000000291, 1
, , 2994.8980000000001382, 1, , , 2994.8980000000001382, 0, , , 2994.8980000000001382, 0, , , 2994.8980000000001382, 1
, , 2994.9029999999997926, 1, , , 2994.9029999999997926, 0, , , 2994.9029999999997926, 0, , , 2994.9029999999997926, 1
, , 2994.9079999999999018, 1, , , 2994.9079999999999018, 0, , , 2994.9079999999999018, 0, , , 2994.9079999999999018, 1
, , 2994.9130000000000109, 1, , , 2994.9130000000000109, 0, , , 2994.9130000000000109, 0, , , 2994.9130000000000109, 1
, , 2994.9169999999999163, 1, , , 2994.9169999999999163, 0, , , 2994.9169999999999163, 0, , , 2994.9169999999999163, 1
, , 2994.9229999999997744, 1, , , 2994.9229999999997744, 0, , , 2994.9229999999997744, 0, , , 2994.9229999999997744, 1
, , 2994.9279999999998836, 1, , , 2994.9279999999998836, 0, , , 2994.9279999999998836, 0, , , 2994.9279999999998836, 1
, , 2994.9329999999999927, 1, , , 2994.9329999999999927, 0, , , 2994.9329999999999927, 0, , , 2994.9329999999999927, 1
, , 2994.9380000000001019, 1, , , 2994.9380000000001019, 0, , , 2994.9380000000001019, 0, , , 2994.9380000000001019, 1
, , 2994.943000000000211, 1, , , 2994.943000000000211, 0, , , 2994.943000000000211, 0, , , 2994.943000000000211, 1
, , 2994.9479999999998654, 1, , , 2994.9479999999998654, 0, , , 2994.9479999999998654, 0, , , 2994.9479999999998654, 1
, , 2994.9529999999999745, 1, , , 2994.9529999999999745, 0, , , 2994.9529999999999745, 0, , , 2994.9529999999999745, 1
, , 2994.9569999999998799, 1, , , 2994.9569999999998799, 0, , , 2994.9569999999998799, 0, , , 2994.9569999999998799, 1
, , 2994.9630000000001928, 1, , , 2994.9630000000001928, 0, , , 2994.9630000000001928, 0, , , 2994.9630000000001928, 1
, , 2994.9679999999998472, 1, , , 2994.9679999999998472, 0, , , 2994.9679999999998472, 0, , , 2994.9679999999998472, 1
, , 2994.9729999999999563, 1, , , 2994.9729999999999563, 0, , , 2994.9729999999999563, 0, , , 2994.9729999999999563, 1
, , 2994.9789999999998145, 1, , , 2994.9789999999998145, 0, , , 2994.9789999999998145, 0, , , 2994.9789999999998145, 1
, , 2994.9830000000001746, 1, , , 2994.9830000000001746, 0, , , 2994.9830000000001746, 0, , , 2994.9830000000001746, 1
, , 2994.987999999999829, 1, , , 2994.987999999999829, 0, , , 2994.987999999999829, 0, , , 2994.987999999999829, 1
, , 2994.9929999999999382, 1, , , 2994.9929999999999382, 0, , , 2994.9929999999999382, 0, , , 2994.9929999999999382, 1
, , 2994.9980000000000473, 1, , , 2994.9980000000000473, 0, , , 2994.9980000000000473, 0, , , 2994.9980000000000473, 1
, , 2995.0030000000001564, 1, , , 2995.0030000000001564, 0, , , 2995.0030000000001564, 0, , , 2995.0030000000001564, 1
, , 2995.0090000000000146, 1, , , 2995.0090000000000146, 0, , , 2995.0090000000000146, 0, , , 2995.0090000000000146, 1
, , 2995.01299999999992, 1, , , 2995.01299999999992, 0, , , 2995.01299999999992, 0, , , 2995.01299999999992, 1
, , 2995.0189999999997781, 1, , , 2995.0189999999997781, 0, , , 2995.0189999999997781, 0, , , 2995.0189999999997781, 1
, , 2995.0230000000001382, 1, , , 2995.0230000000001382, 0, , , 2995.0230000000001382, 0, , , 2995.0230000000001382, 1
, , 2995.0279999999997926, 1, , , 2995.0279999999997926, 0, , , 2995.0279999999997926, 0, , , 2995.0279999999997926, 1
, , 2995.0329999999999018, 1, , , 2995.0329999999999018, 0, , , 2995.0329999999999018, 0, , , 2995.0329999999999018, 1
, , 2995.0380000000000109, 1, , , 2995.0380000000000109, 0, , , 2995.0380000000000109, 0, , , 2995.0380000000000109, 1
, , 2995.0430000000001201, 1, , , 2995.0430000000001201, 0, , , 2995.0430000000001201, 0, , , 2995.0430000000001201, 1
, , 2995.0479999999997744, 1, , , 2995.0479999999997744, 0, , , 2995.0479999999997744, 0, , , 2995.0479999999997744, 1
, , 2995.0529999999998836, 1, , , 2995.0529999999998836, 0, , , 2995.0529999999998836, 0, , , 2995.0529999999998836, 1
, , 2995.0579999999999927, 1, , , 2995.0579999999999927, 0, , , 2995.0579999999999927, 0, , , 2995.0579999999999927, 1
, , 2995.0639999999998508, 1, , , 2995.0639999999998508, 0, , , 2995.0639999999998508, 0, , , 2995.0639999999998508, 1
, , 2995.068000000000211, 1, , , 2995.068000000000211, 0, , , 2995.068000000000211, 0, , , 2995.068000000000211, 1
, , 2995.0729999999998654, 1, , , 2995.0729999999998654, 0, , , 2995.0729999999998654, 0, , , 2995.0729999999998654, 1
, , 2995.0779999999999745, 1, , , 2995.0779999999999745, 0, , , 2995.0779999999999745, 0, , , 2995.0779999999999745, 1
, , 2995.0850000000000364, 1, , , 2995.0850000000000364, 0, , , 2995.0850000000000364, 0, , , 2995.0850000000000364, 1
, , 2995.0889999999999418, 1, , , 2995.0889999999999418, 0, , , 2995.0889999999999418, 0, , , 2995.0889999999999418, 1
, , 2995.0929999999998472, 1, , , 2995.0929999999998472, 0, , , 2995.0929999999998472, 0, , , 2995.0929999999998472, 1
, , 2995.0990000000001601, 1, , , 2995.0990000000001601, 0, , , 2995.0990000000001601, 0, , , 2995.0990000000001601, 1
, , 2995.1030000000000655, 1, , , 2995.1030000000000655, 1, , , 2995.1030000000000655, 1, , , 2995.1030000000000655, 1
, , 2995.1089999999999236, 1, , , 2995.1089999999999236, 1, , , 2995.1089999999999236, 1, , , 2995.1089999999999236, 1
, , 2995.112999999999829, 1, , , 2995.112999999999829, 1, , , 2995.112999999999829, 1, , , 2995.112999999999829, 1
, , 2995.1179999999999382, 1, , , 2995.1179999999999382, 1, , , 2995.1179999999999382, 1, , , 2995.1179999999999382, 1
, , 2995.1230000000000473, 1, , , 2995.1230000000000473, 1, , , 2995.1230000000000473, 1, , , 2995.1230000000000473, 1
, , 2995.1280000000001564, 1, , , 2995.1280000000001564, 1, , , 2995.1280000000001564, 1, , , 2995.1280000000001564, 1
, , 2995.1340000000000146, 1, , , 2995.1340000000000146, 1, , , 2995.1340000000000146, 1, , , 2995.1340000000000146, 1
, , 2995.13799999999992, 1, , , 2995.13799999999992, 1, , , 2995.13799999999992, 1, , , 2995.13799999999992, 1
, , 2995.1430000000000291, 1, , , 2995.1430000000000291, 1, , , 2995.1430000000000291, 1, , , 2995.1430000000000291, 1
, , 2995.1489999999998872, 1, , , 2995.1489999999998872, 1, , , 2995.1489999999998872, 1, , , 2995.1489999999998872, 1
, , 2995.1529999999997926, 1, , , 2995.1529999999997926, 1, , , 2995.1529999999997926, 1, , , 2995.1529999999997926, 1
, , 2995.1590000000001055, 1, , , 2995.1590000000001055, 1, , , 2995.1590000000001055, 1, , , 2995.1590000000001055, 1
, , 2995.1630000000000109, 1, , , 2995.1630000000000109, 1, , , 2995.1630000000000109, 1, , , 2995.1630000000000109, 1
, , 2995.1680000000001201, 1, , , 2995.1680000000001201, 1, , , 2995.1680000000001201, 1, , , 2995.1680000000001201, 1
, , 2995.1729999999997744, 1, , , 2995.1729999999997744, 1, , , 2995.1729999999997744, 1, , , 2995.1729999999997744, 1
, , 2995.1779999999998836, 0, , , 2995.1779999999998836, 1, , , 2995.1779999999998836, 1, , , 2995.1779999999998836, 0
, , 2995.1840000000001965, 0, , , 2995.1840000000001965, 1, , , 2995.1840000000001965, 1, , , 2995.1840000000001965, 0
, , 2995.1880000000001019, 0, , , 2995.1880000000001019, 1, , , 2995.1880000000001019, 1, , , 2995.1880000000001019, 0
, , 2995.19399999999996, 0, , , 2995.19399999999996, 1, , , 2995.19399999999996, 1, , , 2995.19399999999996, 0
, , 2995.1979999999998654, 0, , , 2995.1979999999998654, 1, , , 2995.1979999999998654, 1, , , 2995.1979999999998654, 0
, , 2995.2029999999999745, 0, , , 2995.2029999999999745, 1, , , 2995.2029999999999745, 1, , , 2995.2029999999999745, 0
, , 2995.2080000000000837, 0, , , 2995.2080000000000837, 1, , , 2995.2080000000000837, 1, , , 2995.2080000000000837, 0
, , 2995.2139999999999418, 0, , , 2995.2139999999999418, 1, , , 2995.2139999999999418, 1, , , 2995.2139999999999418, 0
, , 2995.2179999999998472, 0, , , 2995.2179999999998472, 1, , , 2995.2179999999998472, 1, , , 2995.2179999999998472, 0
, , 2995.2240000000001601, 0, , , 2995.2240000000001601, 1, , , 2995.2240000000001601, 1, , , 2995.2240000000001601, 0
, , 2995.2280000000000655, 0, , , 2995.2280000000000655, 1, , , 2995.2280000000000655, 1, , , 2995.2280000000000655, 0
, , 2995.2330000000001746, 0, , , 2995.2330000000001746, 1, , , 2995.2330000000001746, 1, , , 2995.2330000000001746, 0
, , 2995.23700000000008, 0, , , 2995.23700000000008, 1, , , 2995.23700000000008, 1, , , 2995.23700000000008, 0
, , 2995.2429999999999382, 0, , , 2995.2429999999999382, 1, , , 2995.2429999999999382, 1, , , 2995.2429999999999382, 0
, , 2995.2469999999998436, 0, , , 2995.2469999999998436, 1, , , 2995.2469999999998436, 1, , , 2995.2469999999998436, 0
, , 2995.2530000000001564, 0, , , 2995.2530000000001564, 1, , , 2995.2530000000001564, 1, , , 2995.2530000000001564, 0
, , 2995.2579999999998108, 0, , , 2995.2579999999998108, 1, , , 2995.2579999999998108, 1, , , 2995.2579999999998108, 0
, , 2995.26299999999992, 0, , , 2995.26299999999992, 1, , , 2995.26299999999992, 1, , , 2995.26299999999992, 0
, , 2995.2680000000000291, 0, , , 2995.2680000000000291, 1, , , 2995.2680000000000291, 1, , , 2995.2680000000000291, 0
, , 2995.2730000000001382, 0, , , 2995.2730000000001382, 1, , , 2995.2730000000001382, 1, , , 2995.2730000000001382, 0
, , 2995.2770000000000437, 0, , , 2995.2770000000000437, 1, , , 2995.2770000000000437, 1, , , 2995.2770000000000437, 0
, , 2995.2829999999999018, 0, , , 2995.2829999999999018, 1, , , 2995.2829999999999018, 1, , , 2995.2829999999999018, 0
, , 2995.2880000000000109, 0, , , 2995.2880000000000109, 1, , , 2995.2880000000000109, 1, , , 2995.2880000000000109, 0
, , 2995.2930000000001201, 0, , , 2995.2930000000001201, 1, , , 2995.2930000000001201, 1, , , 2995.2930000000001201, 0
, , 2995.2979999999997744, 0, , , 2995.2979999999997744, 1, , , 2995.2979999999997744, 1, , , 2995.2979999999997744, 0
, , 2995.3029999999998836, 0, , , 2995.3029999999998836, 1, , , 2995.3029999999998836, 1, , , 2995.3029999999998836, 0
, , 2995.3079999999999927, 0, , , 2995.3079999999999927, 1, , , 2995.3079999999999927, 1, , , 2995.3079999999999927, 0
, , 2995.3130000000001019, 0, , , 2995.3130000000001019, 1, , , 2995.3130000000001019, 1, , , 2995.3130000000001019, 0
, , 2995.318000000000211, 0, , , 2995.318000000000211, 1, , , 2995.318000000000211, 1, , , 2995.318000000000211, 0
, , 2995.3229999999998654, 0, , , 2995.3229999999998654, 1, , , 2995.3229999999998654, 1, , , 2995.3229999999998654, 0
, , 2995.3279999999999745, 0, , , 2995.3279999999999745, 1, , , 2995.3279999999999745, 1, , , 2995.3279999999999745, 0
, , 2995.3350000000000364, 0, , , 2995.3350000000000364, 1, , , 2995.3350000000000364, 1, , , 2995.3350000000000364, 0
, , 2995.3389999999999418, 0, , , 2995.3389999999999418, 1, , , 2995.3389999999999418, 1, , , 2995.3389999999999418, 0
, , 2995.3440000000000509, 0, , , 2995.3440000000000509, 1, , , 2995.3440000000000509, 1, , , 2995.3440000000000509, 0
, , 2995.3479999999999563, 0, , , 2995.3479999999999563, 1, , , 2995.3479999999999563, 1, , , 2995.3479999999999563, 0
, , 2995.3530000000000655, 0, , , 2995.3530000000000655, 1, , , 2995.3530000000000655, 1, , , 2995.3530000000000655, 0
, , 2995.3569999999999709, 0, , , 2995.3569999999999709, 1, , , 2995.3569999999999709, 1, , , 2995.3569999999999709, 0
, , 2995.362999999999829, 0, , , 2995.362999999999829, 1, , , 2995.362999999999829, 1, , , 2995.362999999999829, 0
, , 2995.3690000000001419, 0, , , 2995.3690000000001419, 1, , , 2995.3690000000001419, 1, , , 2995.3690000000001419, 0
, , 2995.3730000000000473, 0, , , 2995.3730000000000473, 1, , , 2995.3730000000000473, 1, , , 2995.3730000000000473, 0
, , 2995.3789999999999054, 0, , , 2995.3789999999999054, 1, , , 2995.3789999999999054, 1, , , 2995.3789999999999054, 0
, , 2995.3829999999998108, 0, , , 2995.3829999999998108, 1, , , 2995.3829999999998108, 1, , , 2995.3829999999998108, 0
, , 2995.3890000000001237, 0, , , 2995.3890000000001237, 1, , , 2995.3890000000001237, 1, , , 2995.3890000000001237, 0
, , 2995.3930000000000291, 0, , , 2995.3930000000000291, 1, , , 2995.3930000000000291, 1, , , 2995.3930000000000291, 0
, , 2995.4000000000000909, 0, , , 2995.4000000000000909, 1, , , 2995.4000000000000909, 1, , , 2995.4000000000000909, 0
, , 2995.4029999999997926, 0, , , 2995.4029999999997926, 1, , , 2995.4029999999997926, 1, , , 2995.4029999999997926, 0
, , 2995.4079999999999018, 0, , , 2995.4079999999999018, 1, , , 2995.4079999999999018, 1, , , 2995.4079999999999018, 0
, , 2995.4130000000000109, 0, , , 2995.4130000000000109, 1, , , 2995.4130000000000109, 1, , , 2995.4130000000000109, 0
, , 2995.4180000000001201, 0, , , 2995.4180000000001201, 1, , , 2995.4180000000001201, 1, , , 2995.4180000000001201, 0
, , 2995.4229999999997744, 0, , , 2995.4229999999997744, 1, , , 2995.4229999999997744, 1, , , 2995.4229999999997744, 0
, , 2995.4279999999998836, 1, , , 2995.4279999999998836, 1, , , 2995.4279999999998836, 1, , , 2995.4279999999998836, 1
, , 2995.4329999999999927, 1, , , 2995.4329999999999927, 1, , , 2995.4329999999999927, 1, , , 2995.4329999999999927, 1
, , 2995.4380000000001019, 1, , , 2995.4380000000001019, 1, , , 2995.4380000000001019, 1, , , 2995.4380000000001019, 1
, , 2995.443000000000211, 1, , , 2995.443000000000211, 1, , , 2995.443000000000211, 1, , , 2995.443000000000211, 1
, , 2995.4479999999998654, 1, , , 2995.4479999999998654, 1, , , 2995.4479999999998654, 1, , , 2995.4479999999998654, 1
, , 2995.4529999999999745, 1, , , 2995.4529999999999745, 1, , , 2995.4529999999999745, 1, , , 2995.4529999999999745, 1
, , 2995.4580000000000837, 1, , , 2995.4580000000000837, 1, , , 2995.4580000000000837, 1, , , 2995.4580000000000837, 1
, , 2995.4639999999999418, 1, , , 2995.4639999999999418, 1, , , 2995.4639999999999418, 1, , , 2995.4639999999999418, 1
, , 2995.4679999999998472, 1, , , 2995.4679999999998472, 1, , , 2995.4679999999998472, 1, , , 2995.4679999999998472, 1
, , 2995.4729999999999563, 1, , , 2995.4729999999999563, 1, , , 2995.4729999999999563, 1, , , 2995.4729999999999563, 1
, , 2995.4780000000000655, 1, , , 2995.4780000000000655, 1, , , 2995.4780000000000655, 1, , , 2995.4780000000000655, 1
, , 2995.4830000000001746, 1, , , 2995.4830000000001746, 1, , , 2995.4830000000001746, 1, , , 2995.4830000000001746, 1
, , 2995.4890000000000327, 1, , , 2995.4890000000000327, 1, , , 2995.4890000000000327, 1, , , 2995.4890000000000327, 1
, , 2995.4940000000001419, 1, , , 2995.4940000000001419, 1, , , 2995.4940000000001419, 1, , , 2995.4940000000001419, 1
, , 2995.4969999999998436, 1, , , 2995.4969999999998436, 1, , , 2995.4969999999998436, 1, , , 2995.4969999999998436, 1
, , 2995.5030000000001564, 1, , , 2995.5030000000001564, 0, , , 2995.5030000000001564, 0, , , 2995.5030000000001564, 1
, , 2995.5079999999998108, 1, , , 2995.5079999999998108, 0, , , 2995.5079999999998108, 0, , , 2995.5079999999998108, 1
, , 2995.51299999999992, 1, , , 2995.51299999999992, 0, , , 2995.51299999999992, 0, , , 2995.51299999999992, 1
, , 2995.5180000000000291, 1, , , 2995.5180000000000291, 0, , , 2995.5180000000000291, 0, , , 2995.5180000000000291, 1
, , 2995.5230000000001382, 1, , , 2995.5230000000001382, 0, , , 2995.5230000000001382, 0, , , 2995.5230000000001382, 1
, , 2995.5300000000002001, 1, , , 2995.5300000000002001, 0, , , 2995.5300000000002001, 0, , , 2995.5300000000002001, 1
, , 2995.5329999999999018, 1, , , 2995.5329999999999018, 0, , , 2995.5329999999999018, 0, , , 2995.5329999999999018, 1
, , 2995.5380000000000109, 1, , , 2995.5380000000000109, 0, , , 2995.5380000000000109, 0, , , 2995.5380000000000109, 1
, , 2995.5430000000001201, 1, , , 2995.5430000000001201, 0, , , 2995.5430000000001201, 0, , , 2995.5430000000001201, 1
, , 2995.5479999999997744, 1, , , 2995.5479999999997744, 0, , , 2995.5479999999997744, 0, , , 2995.5479999999997744, 1
, , 2995.5529999999998836, 1, , , 2995.5529999999998836, 0, , , 2995.5529999999998836, 0, , , 2995.5529999999998836, 1
, , 2995.5590000000001965, 1, , , 2995.5590000000001965, 0, , , 2995.5590000000001965, 0, , , 2995.5590000000001965, 1
, , 2995.5630000000001019, 1, , , 2995.5630000000001019, 0, , , 2995.5630000000001019, 0, , , 2995.5630000000001019, 1
, , 2995.568000000000211, 1, , , 2995.568000000000211, 0, , , 2995.568000000000211, 0, , , 2995.568000000000211, 1
, , 2995.5729999999998654, 1, , , 2995.5729999999998654, 0, , , 2995.5729999999998654, 0, , , 2995.5729999999998654, 1
, , 2995.5779999999999745, 1, , , 2995.5779999999999745, 0, , , 2995.5779999999999745, 0, , , 2995.5779999999999745, 1
, , 2995.5830000000000837, 1, , , 2995.5830000000000837, 0, , , 2995.5830000000000837, 0, , , 2995.5830000000000837, 1
, , 2995.5880000000001928, 1, , , 2995.5880000000001928, 0, , , 2995.5880000000001928, 0, , , 2995.5880000000001928, 1
, , 2995.5929999999998472, 1, , , 2995.5929999999998472, 0, , , 2995.5929999999998472, 0, , , 2995.5929999999998472, 1
, , 2995.5979999999999563, 1, , , 2995.5979999999999563, 0, , , 2995.5979999999999563, 0, , , 2995.5979999999999563, 1
, , 2995.6030000000000655, 1, , , 2995.6030000000000655, 0, , , 2995.6030000000000655, 0, , , 2995.6030000000000655, 1
, , 2995.6080000000001746, 1, , , 2995.6080000000001746, 0, , , 2995.6080000000001746, 0, , , 2995.6080000000001746, 1
, , 2995.612999999999829, 1, , , 2995.612999999999829, 0, , , 2995.612999999999829, 0, , , 2995.612999999999829, 1
, , 2995.6199999999998909, 1, , , 2995.6199999999998909, 0, , , 2995.6199999999998909, 0, , , 2995.6199999999998909, 1
, , 2995.6230000000000473, 1, , , 2995.6230000000000473, 0, , , 2995.6230000000000473, 0, , , 2995.6230000000000473, 1
, , 2995.6280000000001564, 1, , , 2995.6280000000001564, 0, , , 2995.6280000000001564, 0, , , 2995.6280000000001564, 1
, , 2995.6340000000000146, 1, , , 2995.6340000000000146, 0, , , 2995.6340000000000146, 0, , , 2995.6340000000000146, 1
, , 2995.63799999999992, 1, , , 2995.63799999999992, 0, , , 2995.63799999999992, 0, , , 2995.63799999999992, 1
, , 2995.6430000000000291, 1, , , 2995.6430000000000291, 0, , , 2995.6430000000000291, 0, , , 2995.6430000000000291, 1
, , 2995.6480000000001382, 1, , , 2995.6480000000001382, 0, , , 2995.6480000000001382, 0, , , 2995.6480000000001382, 1
, , 2995.6529999999997926, 1, , , 2995.6529999999997926, 0, , , 2995.6529999999997926, 0, , , 2995.6529999999997926, 1
, , 2995.6579999999999018, 1, , , 2995.6579999999999018, 0, , , 2995.6579999999999018, 0, , , 2995.6579999999999018, 1
, , 2995.6640000000002146, 1, , , 2995.6640000000002146, 0, , , 2995.6640000000002146, 0, , , 2995.6640000000002146, 1
, , 2995.6680000000001201, 1, , , 2995.6680000000001201, 0, , , 2995.6680000000001201, 0, , , 2995.6680000000001201, 1
, , 2995.6729999999997744, 1, , , 2995.6729999999997744, 0, , , 2995.6729999999997744, 0, , , 2995.6729999999997744, 1
, , 2995.6799999999998363, 1, , , 2995.6799999999998363, 0, , , 2995.6799999999998363, 0, , , 2995.6799999999998363, 1
, , 2995.6829999999999927, 1, , , 2995.6829999999999927, 0, , , 2995.6829999999999927, 0, , , 2995.6829999999999927, 1
, , 2995.6889999999998508, 1, , , 2995.6889999999998508, 0, , , 2995.6889999999998508, 0, , , 2995.6889999999998508, 1
, , 2995.69399999999996, 1, , , 2995.69399999999996, 0, , , 2995.69399999999996, 0, , , 2995.69399999999996, 1
, , 2995.6979999999998654, 1, , , 2995.6979999999998654, 0, , , 2995.6979999999998654, 0, , , 2995.6979999999998654, 1
, , 2995.7040000000001783, 1, , , 2995.7040000000001783, 0, , , 2995.7040000000001783, 0, , , 2995.7040000000001783, 1
, , 2995.7080000000000837, 1, , , 2995.7080000000000837, 0, , , 2995.7080000000000837, 0, , , 2995.7080000000000837, 1
, , 2995.7139999999999418, 1, , , 2995.7139999999999418, 0, , , 2995.7139999999999418, 0, , , 2995.7139999999999418, 1
, , 2995.7179999999998472, 1, , , 2995.7179999999998472, 0, , , 2995.7179999999998472, 0, , , 2995.7179999999998472, 1
, , 2995.7229999999999563, 1, , , 2995.7229999999999563, 0, , , 2995.7229999999999563, 0, , , 2995.7229999999999563, 1
, , 2995.7280000000000655, 1, , , 2995.7280000000000655, 0, , , 2995.7280000000000655, 0, , , 2995.7280000000000655, 1
, , 2995.7330000000001746, 1, , , 2995.7330000000001746, 0, , , 2995.7330000000001746, 0, , , 2995.7330000000001746, 1
, , 2995.737999999999829, 1, , , 2995.737999999999829, 0, , , 2995.737999999999829, 0, , , 2995.737999999999829, 1
, , 2995.7429999999999382, 1, , , 2995.7429999999999382, 0, , , 2995.7429999999999382, 0, , , 2995.7429999999999382, 1
, , 2995.7489999999997963, 1, , , 2995.7489999999997963, 0, , , 2995.7489999999997963, 0, , , 2995.7489999999997963, 1
, , 2995.7550000000001091, 1, , , 2995.7550000000001091, 1, , , 2995.7550000000001091, 1, , , 2995.7550000000001091, 1
, , 2995.7579999999998108, 1, , , 2995.7579999999998108, 1, , , 2995.7579999999998108, 1, , , 2995.7579999999998108, 1
, , 2995.76299999999992, 1, , , 2995.76299999999992, 1, , , 2995.76299999999992, 1, , , 2995.76299999999992, 1
, , 2995.7680000000000291, 1, , , 2995.7680000000000291, 1, , , 2995.7680000000000291, 1, , , 2995.7680000000000291, 1
, , 2995.7739999999998872, 1, , , 2995.7739999999998872, 1, , , 2995.7739999999998872, 1, , , 2995.7739999999998872, 1
, , 2995.7789999999999964, 1, , , 2995.7789999999999964, 1, , , 2995.7789999999999964, 1, , , 2995.7789999999999964, 1
, , 2995.7829999999999018, 1, , , 2995.7829999999999018, 1, , , 2995.7829999999999018, 1, , , 2995.7829999999999018, 1
, , 2995.7880000000000109, 1, , , 2995.7880000000000109, 1, , , 2995.7880000000000109, 1, , , 2995.7880000000000109, 1
, , 2995.7930000000001201, 1, , , 2995.7930000000001201, 1, , , 2995.7930000000001201, 1, , , 2995.7930000000001201, 1
, , 2995.7979999999997744, 1, , , 2995.7979999999997744, 1, , , 2995.7979999999997744, 1, , , 2995.7979999999997744, 1
, , 2995.8029999999998836, 1, , , 2995.8029999999998836, 1, , , 2995.8029999999998836, 1, , , 2995.8029999999998836, 1
, , 2995.8079999999999927, 1, , , 2995.8079999999999927, 1, , , 2995.8079999999999927, 1, , , 2995.8079999999999927, 1
, , 2995.8130000000001019, 1, , , 2995.8130000000001019, 1, , , 2995.8130000000001019, 1, , , 2995.8130000000001019, 1
, , 2995.818000000000211, 1, , , 2995.818000000000211, 1, , , 2995.818000000000211, 1, , , 2995.818000000000211, 1
, , 2995.8229999999998654, 1, , , 2995.8229999999998654, 1, , , 2995.8229999999998654, 1, , , 2995.8229999999998654, 1
, , 2995.8290000000001783, 0, , , 2995.8290000000001783, 1, , , 2995.8290000000001783, 1, , , 2995.8290000000001783, 0
, , 2995.8330000000000837, 0, , , 2995.8330000000000837, 1, , , 2995.8330000000000837, 1, , , 2995.8330000000000837, 0
, , 2995.8380000000001928, 0, , , 2995.8380000000001928, 1, , , 2995.8380000000001928, 1, , , 2995.8380000000001928, 0
, , 2995.8429999999998472, 0, , , 2995.8429999999998472, 1, , , 2995.8429999999998472, 1, , , 2995.8429999999998472, 0
, , 2995.8499999999999091, 0, , , 2995.8499999999999091, 1, , , 2995.8499999999999091, 1, , , 2995.8499999999999091, 0
, , 2995.8539999999998145, 0, , , 2995.8539999999998145, 1, , , 2995.8539999999998145, 1, , , 2995.8539999999998145, 0
, , 2995.8580000000001746, 0, , , 2995.8580000000001746, 1, , , 2995.8580000000001746, 1, , , 2995.8580000000001746, 0
, , 2995.862999999999829, 0, , , 2995.862999999999829, 1, , , 2995.862999999999829, 1, , , 2995.862999999999829, 0
, , 2995.8679999999999382, 0, , , 2995.8679999999999382, 1, , , 2995.8679999999999382, 1, , , 2995.8679999999999382, 0
, , 2995.8730000000000473, 0, , , 2995.8730000000000473, 1, , , 2995.8730000000000473, 1, , , 2995.8730000000000473, 0
, , 2995.8789999999999054, 0, , , 2995.8789999999999054, 1, , , 2995.8789999999999054, 1, , , 2995.8789999999999054, 0
, , 2995.8829999999998108, 0, , , 2995.8829999999998108, 1, , , 2995.8829999999998108, 1, , , 2995.8829999999998108, 0
, , 2995.88799999999992, 0, , , 2995.88799999999992, 1, , , 2995.88799999999992, 1, , , 2995.88799999999992, 0
, , 2995.8930000000000291, 0, , , 2995.8930000000000291, 1, , , 2995.8930000000000291, 1, , , 2995.8930000000000291, 0
, , 2995.8989999999998872, 0, , , 2995.8989999999998872, 1, , , 2995.8989999999998872, 1, , , 2995.8989999999998872, 0
, , 2995.9029999999997926, 1, , , 2995.9029999999997926, 1, , , 2995.9029999999997926, 1, , , 2995.9029999999997926, 1
, , 2995.9090000000001055, 1, , , 2995.9090000000001055, 1, , , 2995.9090000000001055, 1, , , 2995.9090000000001055, 1
, , 2995.9130000000000109, 1, , , 2995.9130000000000109, 1, , , 2995.9130000000000109, 1, , , 2995.9130000000000109, 1
, , 2995.9180000000001201, 1, , , 2995.9180000000001201, 1, , , 2995.9180000000001201, 1, , , 2995.9180000000001201, 1
, , 2995.9229999999997744, 1, , , 2995.9229999999997744, 1, , , 2995.9229999999997744, 1, , , 2995.9229999999997744, 1
, , 2995.9279999999998836, 1, , , 2995.9279999999998836, 1, , , 2995.9279999999998836, 1, , , 2995.9279999999998836, 1
, , 2995.9329999999999927, 1, , , 2995.9329999999999927, 1, , , 2995.9329999999999927, 1, , , 2995.9329999999999927, 1
, , 2995.9389999999998508, 1, , , 2995.9389999999998508, 1, , , 2995.9389999999998508, 1, , , 2995.9389999999998508, 1
, , 2995.943000000000211, 1, , , 2995.943000000000211, 1, , , 2995.943000000000211, 1, , , 2995.943000000000211, 1
, , 2995.9479999999998654, 1, , , 2995.9479999999998654, 1, , , 2995.9479999999998654, 1, , , 2995.9479999999998654, 1
, , 2995.9529999999999745, 1, , , 2995.9529999999999745, 1, , , 2995.9529999999999745, 1, , , 2995.9529999999999745, 1
, , 2995.9580000000000837, 1, , , 2995.9580000000000837, 1, , , 2995.9580000000000837, 1, , , 2995.9580000000000837, 1
, , 2995.9630000000001928, 1, , , 2995.9630000000001928, 1, , , 2995.9630000000001928, 1, , , 2995.9630000000001928, 1
, , 2995.9679999999998472, 1, , , 2995.9679999999998472, 1, , , 2995.9679999999998472, 1, , , 2995.9679999999998472, 1
, , 2995.9740000000001601, 1, , , 2995.9740000000001601, 1, , , 2995.9740000000001601, 1, , , 2995.9740000000001601, 1
, , 2995.9789999999998145, 1, , , 2995.9789999999998145, 1, , , 2995.9789999999998145, 1, , , 2995.9789999999998145, 1
, , 2995.9830000000001746, 1, , , 2995.9830000000001746, 1, , , 2995.9830000000001746, 1, , , 2995.9830000000001746, 1
, , 2995.987999999999829, 1, , , 2995.987999999999829, 1, , , 2995.987999999999829, 1, , , 2995.987999999999829, 1
, , 2995.9940000000001419, 1, , , 2995.9940000000001419, 1, , , 2995.9940000000001419, 1, , , 2995.9940000000001419, 1
, , 2995.9980000000000473, 1, , , 2995.9980000000000473, 1, , , 2995.9980000000000473, 1, , , 2995.9980000000000473, 1
, , 2996.0039999999999054, 1, , , 2996.0039999999999054, 1, , , 2996.0039999999999054, 1, , , 2996.0039999999999054, 1
, , 2996.0079999999998108, 1, , , 2996.0079999999998108, 1, , , 2996.0079999999998108, 1, , , 2996.0079999999998108, 1
, , 2996.01299999999992, 1, , , 2996.01299999999992, 1, , , 2996.01299999999992, 1, , , 2996.01299999999992, 1
, , 2996.0189999999997781, 1, , , 2996.0189999999997781, 1, , , 2996.0189999999997781, 1, , , 2996.0189999999997781, 1
, , 2996.0230000000001382, 1, , , 2996.0230000000001382, 1, , , 2996.0230000000001382, 1, , , 2996.0230000000001382, 1
, , 2996.0279999999997926, 1, , , 2996.0279999999997926, 1, , , 2996.0279999999997926, 1, , , 2996.0279999999997926, 1
, , 2996.0329999999999018, 1, , , 2996.0329999999999018, 1, , , 2996.0329999999999018, 1, , , 2996.0329999999999018, 1
, , 2996.0380000000000109, 1, , , 2996.0380000000000109, 1, , , 2996.0380000000000109, 1, , , 2996.0380000000000109, 1
, , 2996.0430000000001201, 1, , , 2996.0430000000001201, 1, , , 2996.0430000000001201, 1, , , 2996.0430000000001201, 1
, , 2996.0500000000001819, 1, , , 2996.0500000000001819, 1, , , 2996.0500000000001819, 1, , , 2996.0500000000001819, 1
, , 2996.0529999999998836, 1, , , 2996.0529999999998836, 1, , , 2996.0529999999998836, 1, , , 2996.0529999999998836, 1
, , 2996.0590000000001965, 1, , , 2996.0590000000001965, 1, , , 2996.0590000000001965, 1, , , 2996.0590000000001965, 1
, , 2996.0630000000001019, 1, , , 2996.0630000000001019, 1, , , 2996.0630000000001019, 1, , , 2996.0630000000001019, 1
, , 2996.068000000000211, 1, , , 2996.068000000000211, 1, , , 2996.068000000000211, 1, , , 2996.068000000000211, 1
, , 2996.0729999999998654, 1, , , 2996.0729999999998654, 1, , , 2996.0729999999998654, 1, , , 2996.0729999999998654, 1
, , 2996.0779999999999745, 1, , , 2996.0779999999999745, 1, , , 2996.0779999999999745, 1, , , 2996.0779999999999745, 1
, , 2996.0839999999998327, 1, , , 2996.0839999999998327, 1, , , 2996.0839999999998327, 1, , , 2996.0839999999998327, 1
, , 2996.0880000000001928, 1, , , 2996.0880000000001928, 1, , , 2996.0880000000001928, 1, , , 2996.0880000000001928, 1
, , 2996.0929999999998472, 1, , , 2996.0929999999998472, 1, , , 2996.0929999999998472, 1, , , 2996.0929999999998472, 1
, , 2996.0990000000001601, 1, , , 2996.0990000000001601, 1, , , 2996.0990000000001601, 1, , , 2996.0990000000001601, 1
, , 2996.1030000000000655, 1, , , 2996.1030000000000655, 1, , , 2996.1030000000000655, 1, , , 2996.1030000000000655, 1
, , 2996.1080000000001746, 1, , , 2996.1080000000001746, 1, , , 2996.1080000000001746, 1, , , 2996.1080000000001746, 1
, , 2996.1140000000000327, 1, , , 2996.1140000000000327, 1, , , 2996.1140000000000327, 1, , , 2996.1140000000000327, 1
, , 2996.1190000000001419, 1, , , 2996.1190000000001419, 1, , , 2996.1190000000001419, 1, , , 2996.1190000000001419, 1
, , 2996.1239999999997963, 1, , , 2996.1239999999997963, 1, , , 2996.1239999999997963, 1, , , 2996.1239999999997963, 1
, , 2996.1280000000001564, 1, , , 2996.1280000000001564, 1, , , 2996.1280000000001564, 1, , , 2996.1280000000001564, 1
, , 2996.1320000000000618, 1, , , 2996.1320000000000618, 1, , , 2996.1320000000000618, 1, , , 2996.1320000000000618, 1
, , 2996.13799999999992, 1, , , 2996.13799999999992, 1, , , 2996.13799999999992, 1, , , 2996.13799999999992, 1
, , 2996.1430000000000291, 1, , , 2996.1430000000000291, 1, , , 2996.1430000000000291, 1, , , 2996.1430000000000291, 1
, , 2996.1480000000001382, 1, , , 2996.1480000000001382, 1, , , 2996.1480000000001382, 1, , , 2996.1480000000001382, 1
, , 2996.1559999999999491, 1, , , 2996.1559999999999491, 1, , , 2996.1559999999999491, 1, , , 2996.1559999999999491, 1
, , 2996.1590000000001055, 1, , , 2996.1590000000001055, 1, , , 2996.1590000000001055, 1, , , 2996.1590000000001055, 1
, , 2996.1630000000000109, 1, , , 2996.1630000000000109, 1, , , 2996.1630000000000109, 1, , , 2996.1630000000000109, 1
, , 2996.1680000000001201, 1, , , 2996.1680000000001201, 1, , , 2996.1680000000001201, 1, , , 2996.1680000000001201, 1
, , 2996.1729999999997744, 1, , , 2996.1729999999997744, 1, , , 2996.1729999999997744, 1, , , 2996.1729999999997744, 1
, , 2996.1790000000000873, 1, , , 2996.1790000000000873, 1, , , 2996.1790000000000873, 1, , , 2996.1790000000000873, 1
, , 2996.1829999999999927, 1, , , 2996.1829999999999927, 1, , , 2996.1829999999999927, 1, , , 2996.1829999999999927, 1
, , 2996.1880000000001019, 1, , , 2996.1880000000001019, 1, , , 2996.1880000000001019, 1, , , 2996.1880000000001019, 1
, , 2996.193000000000211, 1, , , 2996.193000000000211, 1, , , 2996.193000000000211, 1, , , 2996.193000000000211, 1
, , 2996.1979999999998654, 1, , , 2996.1979999999998654, 1, , , 2996.1979999999998654, 1, , , 2996.1979999999998654, 1
, , 2996.2040000000001783, 1, , , 2996.2040000000001783, 1, , , 2996.2040000000001783, 1, , , 2996.2040000000001783, 1
, , 2996.2080000000000837, 1, , , 2996.2080000000000837, 1, , , 2996.2080000000000837, 1, , , 2996.2080000000000837, 1
, , 2996.2139999999999418, 1, , , 2996.2139999999999418, 1, , , 2996.2139999999999418, 1, , , 2996.2139999999999418, 1
, , 2996.2179999999998472, 1, , , 2996.2179999999998472, 1, , , 2996.2179999999998472, 1, , , 2996.2179999999998472, 1
, , 2996.2229999999999563, 1, , , 2996.2229999999999563, 1, , , 2996.2229999999999563, 1, , , 2996.2229999999999563, 1
, , 2996.2289999999998145, 1, , , 2996.2289999999998145, 1, , , 2996.2289999999998145, 1, , , 2996.2289999999998145, 1
, , 2996.2330000000001746, 1, , , 2996.2330000000001746, 1, , , 2996.2330000000001746, 1, , , 2996.2330000000001746, 1
, , 2996.2390000000000327, 1, , , 2996.2390000000000327, 1, , , 2996.2390000000000327, 1, , , 2996.2390000000000327, 1
, , 2996.2429999999999382, 1, , , 2996.2429999999999382, 1, , , 2996.2429999999999382, 1, , , 2996.2429999999999382, 1
, , 2996.2480000000000473, 1, , , 2996.2480000000000473, 1, , , 2996.2480000000000473, 1, , , 2996.2480000000000473, 1
, , 2996.2530000000001564, 1, , , 2996.2530000000001564, 1, , , 2996.2530000000001564, 1, , , 2996.2530000000001564, 1
, , 2996.2579999999998108, 1, , , 2996.2579999999998108, 1, , , 2996.2579999999998108, 1, , , 2996.2579999999998108, 1
, , 2996.26299999999992, 1, , , 2996.26299999999992, 1, , , 2996.26299999999992, 1, , , 2996.26299999999992, 1
, , 2996.2689999999997781, 1, , , 2996.2689999999997781, 1, , , 2996.2689999999997781, 1, , , 2996.2689999999997781, 1
, , 2996.2730000000001382, 1, , , 2996.2730000000001382, 1, , , 2996.2730000000001382, 1, , , 2996.2730000000001382, 1
, , 2996.2779999999997926, 1, , , 2996.2779999999997926, 1, , , 2996.2779999999997926, 1, , , 2996.2779999999997926, 1
, , 2996.2829999999999018, 1, , , 2996.2829999999999018, 1, , , 2996.2829999999999018, 1, , , 2996.2829999999999018, 1
, , 2996.2880000000000109, 1, , , 2996.2880000000000109, 1, , , 2996.2880000000000109, 1, , , 2996.2880000000000109, 1
, , 2996.2930000000001201, 1, , , 2996.2930000000001201, 1, , , 2996.2930000000001201, 1, , , 2996.2930000000001201, 1
, , 2996.2989999999999782, 1, , , 2996.2989999999999782, 1, , , 2996.2989999999999782, 1, , , 2996.2989999999999782, 1
, , 2996.3029999999998836, 1, , , 2996.3029999999998836, 1, , , 2996.3029999999998836, 1, , , 2996.3029999999998836, 1
, , 2996.3079999999999927, 1, , , 2996.3079999999999927, 1, , , 2996.3079999999999927, 1, , , 2996.3079999999999927, 1
, , 2996.3130000000001019, 1, , , 2996.3130000000001019, 1, , , 2996.3130000000001019, 1, , , 2996.3130000000001019, 1
, , 2996.318000000000211, 1, , , 2996.318000000000211, 1, , , 2996.318000000000211, 1, , , 2996.318000000000211, 1
, , 2996.3229999999998654, 1, , , 2996.3229999999998654, 1, , , 2996.3229999999998654, 1, , , 2996.3229999999998654, 1
, , 2996.3279999999999745, 1, , , 2996.3279999999999745, 1, , , 2996.3279999999999745, 1, , , 2996.3279999999999745, 1
, , 2996.3330000000000837, 1, , , 2996.3330000000000837, 1, , , 2996.3330000000000837, 1, , , 2996.3330000000000837, 1
, , 2996.3400000000001455, 1, , , 2996.3400000000001455, 1, , , 2996.3400000000001455, 1, , , 2996.3400000000001455, 1
, , 2996.3429999999998472, 1, , , 2996.3429999999998472, 1, , , 2996.3429999999998472, 1, , , 2996.3429999999998472, 1
, , 2996.3479999999999563, 1, , , 2996.3479999999999563, 1, , , 2996.3479999999999563, 1, , , 2996.3479999999999563, 1
, , 2996.3539999999998145, 1, , , 2996.3539999999998145, 1, , , 2996.3539999999998145, 1, , , 2996.3539999999998145, 1
, , 2996.3580000000001746, 1, , , 2996.3580000000001746, 1, , , 2996.3580000000001746, 1, , , 2996.3580000000001746, 1
, , 2996.362999999999829, 1, , , 2996.362999999999829, 1, , , 2996.362999999999829, 1, , , 2996.362999999999829, 1
, , 2996.3679999999999382, 1, , , 2996.3679999999999382, 1, , , 2996.3679999999999382, 1, , , 2996.3679999999999382, 1
, , 2996.3730000000000473, 1, , , 2996.3730000000000473, 1, , , 2996.3730000000000473, 1, , , 2996.3730000000000473, 1
, , 2996.3780000000001564, 1, , , 2996.3780000000001564, 1, , , 2996.3780000000001564, 1, , , 2996.3780000000001564, 1
, , 2996.3829999999998108, 1, , , 2996.3829999999998108, 1, , , 2996.3829999999998108, 1, , , 2996.3829999999998108, 1
, , 2996.3890000000001237, 1, , , 2996.3890000000001237, 1, , , 2996.3890000000001237, 1, , , 2996.3890000000001237, 1
, , 2996.3930000000000291, 1, , , 2996.3930000000000291, 1, , , 2996.3930000000000291, 1, , , 2996.3930000000000291, 1
, , 2996.3980000000001382, 1, , , 2996.3980000000001382, 1, , , 2996.3980000000001382, 1, , , 2996.3980000000001382, 1
, , 2996.4029999999997926, 1, , , 2996.4029999999997926, 1, , , 2996.4029999999997926, 1, , , 2996.4029999999997926, 1
, , 2996.4079999999999018, 1, , , 2996.4079999999999018, 1, , , 2996.4079999999999018, 1, , , 2996.4079999999999018, 1
, , 2996.4130000000000109, 1, , , 2996.4130000000000109, 1, , , 2996.4130000000000109, 1, , , 2996.4130000000000109, 1
, , 2996.418999999999869, 1, , , 2996.418999999999869, 1, , , 2996.418999999999869, 1, , , 2996.418999999999869, 1
, , 2996.4229999999997744, 1, , , 2996.4229999999997744, 1, , , 2996.4229999999997744, 1, , , 2996.4229999999997744, 1
, , 2996.4279999999998836, 1, , , 2996.4279999999998836, 1, , , 2996.4279999999998836, 1, , , 2996.4279999999998836, 1
, , 2996.4340000000001965, 1, , , 2996.4340000000001965, 1, , , 2996.4340000000001965, 1, , , 2996.4340000000001965, 1
, , 2996.4380000000001019, 1, , , 2996.4380000000001019, 1, , , 2996.4380000000001019, 1, , , 2996.4380000000001019, 1
, , 2996.443000000000211, 1, , , 2996.443000000000211, 1, , , 2996.443000000000211, 1, , , 2996.443000000000211, 1
, , 2996.4499999999998181, 1, , , 2996.4499999999998181, 1, , , 2996.4499999999998181, 1, , , 2996.4499999999998181, 1
, , 2996.4529999999999745, 1, , , 2996.4529999999999745, 1, , , 2996.4529999999999745, 1, , , 2996.4529999999999745, 1
, , 2996.4580000000000837, 1, , , 2996.4580000000000837, 1, , , 2996.4580000000000837, 1, , , 2996.4580000000000837, 1
, , 2996.4630000000001928, 1, , , 2996.4630000000001928, 1, , , 2996.4630000000001928, 1, , , 2996.4630000000001928, 1
, , 2996.4679999999998472, 1, , , 2996.4679999999998472, 1, , , 2996.4679999999998472, 1, , , 2996.4679999999998472, 1
, , 2996.4729999999999563, 1, , , 2996.4729999999999563, 1, , , 2996.4729999999999563, 1, , , 2996.4729999999999563, 1
, , 2996.4769999999998618, 1, , , 2996.4769999999998618, 1, , , 2996.4769999999998618, 1, , , 2996.4769999999998618, 1
, , 2996.4830000000001746, 1, , , 2996.4830000000001746, 1, , , 2996.4830000000001746, 1, , , 2996.4830000000001746, 1
, , 2996.487999999999829, 1, , , 2996.487999999999829, 1, , , 2996.487999999999829, 1, , , 2996.487999999999829, 1
, , 2996.4920000000001892, 1, , , 2996.4920000000001892, 1, , , 2996.4920000000001892, 1, , , 2996.4920000000001892, 1
, , 2996.4980000000000473, 1, , , 2996.4980000000000473, 1, , , 2996.4980000000000473, 1, , , 2996.4980000000000473, 1
, , 2996.5030000000001564, 1, , , 2996.5030000000001564, 1, , , 2996.5030000000001564, 1, , , 2996.5030000000001564, 1
, , 2996.5079999999998108, 1, , , 2996.5079999999998108, 1, , , 2996.5079999999998108, 1, , , 2996.5079999999998108, 1
, , 2996.51299999999992, 1, , , 2996.51299999999992, 1, , , 2996.51299999999992, 1, , , 2996.51299999999992, 1
, , 2996.5189999999997781, 1, , , 2996.5189999999997781, 1, , , 2996.5189999999997781, 1, , , 2996.5189999999997781, 1
, , 2996.5219999999999345, 1, , , 2996.5219999999999345, 1, , , 2996.5219999999999345, 1, , , 2996.5219999999999345, 1
, , 2996.5279999999997926, 1, , , 2996.5279999999997926, 1, , , 2996.5279999999997926, 1, , , 2996.5279999999997926, 1
, , 2996.5340000000001055, 1, , , 2996.5340000000001055, 1, , , 2996.5340000000001055, 1, , , 2996.5340000000001055, 1
, , 2996.5399999999999636, 1, , , 2996.5399999999999636, 1, , , 2996.5399999999999636, 1, , , 2996.5399999999999636, 1
, , 2996.5430000000001201, 1, , , 2996.5430000000001201, 1, , , 2996.5430000000001201, 1, , , 2996.5430000000001201, 1
, , 2996.5470000000000255, 1, , , 2996.5470000000000255, 1, , , 2996.5470000000000255, 1, , , 2996.5470000000000255, 1
, , 2996.5529999999998836, 1, , , 2996.5529999999998836, 1, , , 2996.5529999999998836, 1, , , 2996.5529999999998836, 1
, , 2996.5579999999999927, 1, , , 2996.5579999999999927, 1, , , 2996.5579999999999927, 1, , , 2996.5579999999999927, 1
, , 2996.5630000000001019, 1, , , 2996.5630000000001019, 1, , , 2996.5630000000001019, 1, , , 2996.5630000000001019, 1
, , 2996.56899999999996, 1, , , 2996.56899999999996, 1, , , 2996.56899999999996, 1, , , 2996.56899999999996, 1
, , 2996.5729999999998654, 1, , , 2996.5729999999998654, 1, , , 2996.5729999999998654, 1, , , 2996.5729999999998654, 1
, , 2996.5779999999999745, 1, , , 2996.5779999999999745, 1, , , 2996.5779999999999745, 1, , , 2996.5779999999999745, 1
, , 2996.5839999999998327, 1, , , 2996.5839999999998327, 1, , , 2996.5839999999998327, 1, , , 2996.5839999999998327, 1
, , 2996.5880000000001928, 1, , , 2996.5880000000001928, 1, , , 2996.5880000000001928, 1, , , 2996.5880000000001928, 1
, , 2996.5929999999998472, 1, , , 2996.5929999999998472, 1, , , 2996.5929999999998472, 1, , , 2996.5929999999998472, 1
, , 2996.5979999999999563, 1, , , 2996.5979999999999563, 1, , , 2996.5979999999999563, 1, , , 2996.5979999999999563, 1
, , 2996.6030000000000655, 1, , , 2996.6030000000000655, 1, , , 2996.6030000000000655, 1, , , 2996.6030000000000655, 1
, , 2996.6089999999999236, 1, , , 2996.6089999999999236, 1, , , 2996.6089999999999236, 1, , , 2996.6089999999999236, 1
, , 2996.612999999999829, 1, , , 2996.612999999999829, 1, , , 2996.612999999999829, 1, , , 2996.612999999999829, 1
, , 2996.6190000000001419, 1, , , 2996.6190000000001419, 1, , , 2996.6190000000001419, 1, , , 2996.6190000000001419, 1
, , 2996.6230000000000473, 1, , , 2996.6230000000000473, 1, , , 2996.6230000000000473, 1, , , 2996.6230000000000473, 1
, , 2996.6289999999999054, 1, , , 2996.6289999999999054, 1, , , 2996.6289999999999054, 1, , , 2996.6289999999999054, 1
, , 2996.6329999999998108, 1, , , 2996.6329999999998108, 1, , , 2996.6329999999998108, 1, , , 2996.6329999999998108, 1
, , 2996.63799999999992, 1, , , 2996.63799999999992, 1, , , 2996.63799999999992, 1, , , 2996.63799999999992, 1
, , 2996.6430000000000291, 1, , , 2996.6430000000000291, 1, , , 2996.6430000000000291, 1, , , 2996.6430000000000291, 1
, , 2996.6489999999998872, 1, , , 2996.6489999999998872, 1, , , 2996.6489999999998872, 1, , , 2996.6489999999998872, 1
, , 2996.6529999999997926, 1, , , 2996.6529999999997926, 1, , , 2996.6529999999997926, 1, , , 2996.6529999999997926, 1
, , 2996.6590000000001055, 1, , , 2996.6590000000001055, 1, , , 2996.6590000000001055, 1, , , 2996.6590000000001055, 1
, , 2996.6640000000002146, 1, , , 2996.6640000000002146, 1, , , 2996.6640000000002146, 1, , , 2996.6640000000002146, 1
, , 2996.6680000000001201, 1, , , 2996.6680000000001201, 1, , , 2996.6680000000001201, 1, , , 2996.6680000000001201, 1
, , 2996.6729999999997744, 1, , , 2996.6729999999997744, 1, , , 2996.6729999999997744, 1, , , 2996.6729999999997744, 1
, , 2996.6790000000000873, 1, , , 2996.6790000000000873, 1, , , 2996.6790000000000873, 1, , , 2996.6790000000000873, 1
, , 2996.6840000000001965, 1, , , 2996.6840000000001965, 1, , , 2996.6840000000001965, 1, , , 2996.6840000000001965, 1
, , 2996.6880000000001019, 1, , , 2996.6880000000001019, 1, , , 2996.6880000000001019, 1, , , 2996.6880000000001019, 1
, , 2996.693000000000211, 1, , , 2996.693000000000211, 1, , , 2996.693000000000211, 1, , , 2996.693000000000211, 1
, , 2996.6979999999998654, 1, , , 2996.6979999999998654, 1, , , 2996.6979999999998654, 1, , , 2996.6979999999998654, 1
, , 2996.7029999999999745, 1, , , 2996.7029999999999745, 1, , , 2996.7029999999999745, 1, , , 2996.7029999999999745, 1
, , 2996.7080000000000837, 1, , , 2996.7080000000000837, 1, , , 2996.7080000000000837, 1, , , 2996.7080000000000837, 1
, , 2996.7119999999999891, 1, , , 2996.7119999999999891, 1, , , 2996.7119999999999891, 1, , , 2996.7119999999999891, 1
, , 2996.7179999999998472, 1, , , 2996.7179999999998472, 1, , , 2996.7179999999998472, 1, , , 2996.7179999999998472, 1
, , 2996.7229999999999563, 1, , , 2996.7229999999999563, 1, , , 2996.7229999999999563, 1, , , 2996.7229999999999563, 1
, , 2996.7289999999998145, 1, , , 2996.7289999999998145, 1, , , 2996.7289999999998145, 1, , , 2996.7289999999998145, 1
, , 2996.7330000000001746, 1, , , 2996.7330000000001746, 1, , , 2996.7330000000001746, 1, , , 2996.7330000000001746, 1
, , 2996.7390000000000327, 1, , , 2996.7390000000000327, 1, , , 2996.7390000000000327, 1, , , 2996.7390000000000327, 1
, , 2996.7429999999999382, 1, , , 2996.7429999999999382, 1, , , 2996.7429999999999382, 1, , , 2996.7429999999999382, 1
, , 2996.7469999999998436, 1, , , 2996.7469999999998436, 1, , , 2996.7469999999998436, 1, , , 2996.7469999999998436, 1
, , 2996.7530000000001564, 1, , , 2996.7530000000001564, 1, , , 2996.7530000000001564, 1, , , 2996.7530000000001564, 1
, , 2996.7579999999998108, 1, , , 2996.7579999999998108, 1, , , 2996.7579999999998108, 1, , , 2996.7579999999998108, 1
, , 2996.76299999999992, 1, , , 2996.76299999999992, 1, , , 2996.76299999999992, 1, , , 2996.76299999999992, 1
, , 2996.7680000000000291, 1, , , 2996.7680000000000291, 1, , , 2996.7680000000000291, 1, , , 2996.7680000000000291, 1
, , 2996.7739999999998872, 1, , , 2996.7739999999998872, 1, , , 2996.7739999999998872, 1, , , 2996.7739999999998872, 1
, , 2996.7789999999999964, 1, , , 2996.7789999999999964, 1, , , 2996.7789999999999964, 1, , , 2996.7789999999999964, 1
, , 2996.7829999999999018, 1, , , 2996.7829999999999018, 1, , , 2996.7829999999999018, 1, , , 2996.7829999999999018, 1
, , 2996.7880000000000109, 1, , , 2996.7880000000000109, 1, , , 2996.7880000000000109, 1, , , 2996.7880000000000109, 1
, , 2996.7950000000000728, 1, , , 2996.7950000000000728, 1, , , 2996.7950000000000728, 1, , , 2996.7950000000000728, 1
, , 2996.7979999999997744, 1, , , 2996.7979999999997744, 1, , , 2996.7979999999997744, 1, , , 2996.7979999999997744, 1
, , 2996.8040000000000873, 1, , , 2996.8040000000000873, 1, , , 2996.8040000000000873, 1, , , 2996.8040000000000873, 1
, , 2996.8090000000001965, 1, , , 2996.8090000000001965, 1, , , 2996.8090000000001965, 1, , , 2996.8090000000001965, 1
, , 2996.8139999999998508, 1, , , 2996.8139999999998508, 1, , , 2996.8139999999998508, 1, , , 2996.8139999999998508, 1
, , 2996.818000000000211, 1, , , 2996.818000000000211, 1, , , 2996.818000000000211, 1, , , 2996.818000000000211, 1
, , 2996.8229999999998654, 1, , , 2996.8229999999998654, 1, , , 2996.8229999999998654, 1, , , 2996.8229999999998654, 1
, , 2996.8279999999999745, 1, , , 2996.8279999999999745, 1, , , 2996.8279999999999745, 1, , , 2996.8279999999999745, 1
, , 2996.8319999999998799, 1, , , 2996.8319999999998799, 1, , , 2996.8319999999998799, 1, , , 2996.8319999999998799, 1
, , 2996.8389999999999418, 1, , , 2996.8389999999999418, 1, , , 2996.8389999999999418, 1, , , 2996.8389999999999418, 1
, , 2996.8429999999998472, 1, , , 2996.8429999999998472, 1, , , 2996.8429999999998472, 1, , , 2996.8429999999998472, 1
, , 2996.8479999999999563, 1, , , 2996.8479999999999563, 1, , , 2996.8479999999999563, 1, , , 2996.8479999999999563, 1
, , 2996.8530000000000655, 1, , , 2996.8530000000000655, 1, , , 2996.8530000000000655, 1, , , 2996.8530000000000655, 1
, , 2996.8560000000002219, 1, , , 2996.8560000000002219, 1, , , 2996.8560000000002219, 1, , , 2996.8560000000002219, 1
, , 2996.862999999999829, 1, , , 2996.862999999999829, 1, , , 2996.862999999999829, 1, , , 2996.862999999999829, 1
, , 2996.8739999999997963, 1, , , 2996.8739999999997963, 1, , , 2996.8739999999997963, 1, , , 2996.8739999999997963, 1
, , 2996.8739999999997963, 1, , , 2996.8739999999997963, 1, , , 2996.8739999999997963, 1, , , 2996.8739999999997963, 1
, , 2996.8780000000001564, 1, , , 2996.8780000000001564, 1, , , 2996.8780000000001564, 1, , , 2996.8780000000001564, 1
, , 2996.8829999999998108, 1, , , 2996.8829999999998108, 1, , , 2996.8829999999998108, 1, , , 2996.8829999999998108, 1
, , 2996.8890000000001237, 1, , , 2996.8890000000001237, 1, , , 2996.8890000000001237, 1, , , 2996.8890000000001237, 1
, , 2996.8930000000000291, 1, , , 2996.8930000000000291, 1, , , 2996.8930000000000291, 1, , , 2996.8930000000000291, 1
, , 2996.8980000000001382, 1, , , 2996.8980000000001382, 1, , , 2996.8980000000001382, 1, , , 2996.8980000000001382, 1
, , 2996.9059999999999491, 1, , , 2996.9059999999999491, 1, , , 2996.9059999999999491, 1, , , 2996.9059999999999491, 1
, , 2996.9079999999999018, 1, , , 2996.9079999999999018, 1, , , 2996.9079999999999018, 1, , , 2996.9079999999999018, 1
, , 2996.9130000000000109, 1, , , 2996.9130000000000109, 1, , , 2996.9130000000000109, 1, , , 2996.9130000000000109, 1
, , 2996.918999999999869, 1, , , 2996.918999999999869, 1, , , 2996.918999999999869, 1, , , 2996.918999999999869, 1
, , 2996.9239999999999782, 1, , , 2996.9239999999999782, 1, , , 2996.9239999999999782, 1, , , 2996.9239999999999782, 1
, , 2996.9290000000000873, 1, , , 2996.9290000000000873, 1, , , 2996.9290000000000873, 1, , , 2996.9290000000000873, 1
, , 2996.9329999999999927, 1, , , 2996.9329999999999927, 1, , , 2996.9329999999999927, 1, , , 2996.9329999999999927, 1
, , 2996.9380000000001019, 1, , , 2996.9380000000001019, 1, , , 2996.9380000000001019, 1, , , 2996.9380000000001019, 1
, , 2996.943000000000211, 1, , , 2996.943000000000211, 1, , , 2996.943000000000211, 1, , , 2996.943000000000211, 1
, , 2996.9479999999998654, 1, , , 2996.9479999999998654, 1, , , 2996.9479999999998654, 1, , , 2996.9479999999998654, 1
, , 2996.9529999999999745, 1, , , 2996.9529999999999745, 1, , , 2996.9529999999999745, 1, , , 2996.9529999999999745, 1
, , 2996.9580000000000837, 1, , , 2996.9580000000000837, 1, , , 2996.9580000000000837, 1, , , 2996.9580000000000837, 1
, , 2996.9630000000001928, 1, , , 2996.9630000000001928, 1, , , 2996.9630000000001928, 1, , , 2996.9630000000001928, 1
, , 2996.9679999999998472, 1, , , 2996.9679999999998472, 1, , , 2996.9679999999998472, 1, , , 2996.9679999999998472, 1
, , 2996.9729999999999563, 1, , , 2996.9729999999999563, 1, , , 2996.9729999999999563, 1, , , 2996.9729999999999563, 1
, , 2996.9780000000000655, 1, , , 2996.9780000000000655, 1, , , 2996.9780000000000655, 1, , , 2996.9780000000000655, 1
, , 2996.9830000000001746, 1, , , 2996.9830000000001746, 1, , , 2996.9830000000001746, 1, , , 2996.9830000000001746, 1
, , 2996.9899999999997817, 1, , , 2996.9899999999997817, 1, , , 2996.9899999999997817, 1, , , 2996.9899999999997817, 1
, , 2996.9940000000001419, 1, , , 2996.9940000000001419, 1, , , 2996.9940000000001419, 1, , , 2996.9940000000001419, 1
, , 2996.9980000000000473, 1, , , 2996.9980000000000473, 1, , , 2996.9980000000000473, 1, , , 2996.9980000000000473, 1
, , 2997.0030000000001564, 1, , , 2997.0030000000001564, 1, , , 2997.0030000000001564, 1, , , 2997.0030000000001564, 1
, , 2997.0079999999998108, 1, , , 2997.0079999999998108, 1, , , 2997.0079999999998108, 1, , , 2997.0079999999998108, 1
, , 2997.0140000000001237, 1, , , 2997.0140000000001237, 1, , , 2997.0140000000001237, 1, , , 2997.0140000000001237, 1
, , 2997.0180000000000291, 1, , , 2997.0180000000000291, 1, , , 2997.0180000000000291, 1, , , 2997.0180000000000291, 1
, , 2997.0230000000001382, 1, , , 2997.0230000000001382, 1, , , 2997.0230000000001382, 1, , , 2997.0230000000001382, 1
, , 2997.0279999999997926, 1, , , 2997.0279999999997926, 1, , , 2997.0279999999997926, 1, , , 2997.0279999999997926, 1
, , 2997.0329999999999018, 1, , , 2997.0329999999999018, 1, , , 2997.0329999999999018, 1, , , 2997.0329999999999018, 1
, , 2997.0380000000000109, 1, , , 2997.0380000000000109, 1, , , 2997.0380000000000109, 1, , , 2997.0380000000000109, 1
, , 2997.0430000000001201, 1, , , 2997.0430000000001201, 1, , , 2997.0430000000001201, 1, , , 2997.0430000000001201, 1
, , 2997.0479999999997744, 1, , , 2997.0479999999997744, 1, , , 2997.0479999999997744, 1, , , 2997.0479999999997744, 1
, , 2997.0529999999998836, 1, , , 2997.0529999999998836, 1, , , 2997.0529999999998836, 1, , , 2997.0529999999998836, 1
, , 2997.0590000000001965, 1, , , 2997.0590000000001965, 1, , , 2997.0590000000001965, 1, , , 2997.0590000000001965, 1
, , 2997.0630000000001019, 1, , , 2997.0630000000001019, 1, , , 2997.0630000000001019, 1, , , 2997.0630000000001019, 1
, , 2997.068000000000211, 1, , , 2997.068000000000211, 1, , , 2997.068000000000211, 1, , , 2997.068000000000211, 1
, , 2997.0729999999998654, 1, , , 2997.0729999999998654, 1, , , 2997.0729999999998654, 1, , , 2997.0729999999998654, 1
, , 2997.0790000000001783, 1, , , 2997.0790000000001783, 1, , , 2997.0790000000001783, 1, , , 2997.0790000000001783, 1
, , 2997.0839999999998327, 1, , , 2997.0839999999998327, 1, , , 2997.0839999999998327, 1, , , 2997.0839999999998327, 1
, , 2997.0880000000001928, 1, , , 2997.0880000000001928, 1, , , 2997.0880000000001928, 1, , , 2997.0880000000001928, 1
, , 2997.0929999999998472, 1, , , 2997.0929999999998472, 1, , , 2997.0929999999998472, 1, , , 2997.0929999999998472, 1
, , 2997.0979999999999563, 1, , , 2997.0979999999999563, 1, , , 2997.0979999999999563, 1, , , 2997.0979999999999563, 1
, , 2997.1030000000000655, 1, , , 2997.1030000000000655, 1, , , 2997.1030000000000655, 1, , , 2997.1030000000000655, 1
, , 2997.1080000000001746, 1, , , 2997.1080000000001746, 1, , , 2997.1080000000001746, 1, , , 2997.1080000000001746, 1
, , 2997.112999999999829, 1, , , 2997.112999999999829, 1, , , 2997.112999999999829, 1, , , 2997.112999999999829, 1
, , 2997.1170000000001892, 1, , , 2997.1170000000001892, 1, , , 2997.1170000000001892, 1, , , 2997.1170000000001892, 1
, , 2997.1230000000000473, 1, , , 2997.1230000000000473, 1, , , 2997.1230000000000473, 1, , , 2997.1230000000000473, 1
, , 2997.1289999999999054, 1, , , 2997.1289999999999054, 1, , , 2997.1289999999999054, 1, , , 2997.1289999999999054, 1
, , 2997.1340000000000146, 1, , , 2997.1340000000000146, 1, , , 2997.1340000000000146, 1, , , 2997.1340000000000146, 1
, , 2997.13799999999992, 1, , , 2997.13799999999992, 1, , , 2997.13799999999992, 1, , , 2997.13799999999992, 1
, , 2997.1439999999997781, 1, , , 2997.1439999999997781, 1, , , 2997.1439999999997781, 1, , , 2997.1439999999997781, 1
, , 2997.1480000000001382, 1, , , 2997.1480000000001382, 1, , , 2997.1480000000001382, 1, , , 2997.1480000000001382, 1
, , 2997.1529999999997926, 1, , , 2997.1529999999997926, 1, , , 2997.1529999999997926, 1, , , 2997.1529999999997926, 1
, , 2997.1579999999999018, 1, , , 2997.1579999999999018, 1, , , 2997.1579999999999018, 1, , , 2997.1579999999999018, 1
, , 2997.1630000000000109, 1, , , 2997.1630000000000109, 1, , , 2997.1630000000000109, 1, , , 2997.1630000000000109, 1
, , 2997.168999999999869, 1, , , 2997.168999999999869, 1, , , 2997.168999999999869, 1, , , 2997.168999999999869, 1
, , 2997.1729999999997744, 1, , , 2997.1729999999997744, 1, , , 2997.1729999999997744, 1, , , 2997.1729999999997744, 1
, , 2997.1779999999998836, 1, , , 2997.1779999999998836, 1, , , 2997.1779999999998836, 1, , , 2997.1779999999998836, 1
, , 2997.1829999999999927, 1, , , 2997.1829999999999927, 1, , , 2997.1829999999999927, 1, , , 2997.1829999999999927, 1
, , 2997.1889999999998508, 1, , , 2997.1889999999998508, 1, , , 2997.1889999999998508, 1, , , 2997.1889999999998508, 1
, , 2997.193000000000211, 1, , , 2997.193000000000211, 1, , , 2997.193000000000211, 1, , , 2997.193000000000211, 1
, , 2997.1979999999998654, 1, , , 2997.1979999999998654, 1, , , 2997.1979999999998654, 1, , , 2997.1979999999998654, 1
, , 2997.2029999999999745, 1, , , 2997.2029999999999745, 1, , , 2997.2029999999999745, 1, , , 2997.2029999999999745, 1
, , 2997.2089999999998327, 1, , , 2997.2089999999998327, 1, , , 2997.2089999999998327, 1, , , 2997.2089999999998327, 1
, , 2997.2130000000001928, 1, , , 2997.2130000000001928, 1, , , 2997.2130000000001928, 1, , , 2997.2130000000001928, 1
, , 2997.2179999999998472, 1, , , 2997.2179999999998472, 1, , , 2997.2179999999998472, 1, , , 2997.2179999999998472, 1
, , 2997.2229999999999563, 1, , , 2997.2229999999999563, 1, , , 2997.2229999999999563, 1, , , 2997.2229999999999563, 1
, , 2997.2289999999998145, 1, , , 2997.2289999999998145, 1, , , 2997.2289999999998145, 1, , , 2997.2289999999998145, 1
, , 2997.2339999999999236, 1, , , 2997.2339999999999236, 1, , , 2997.2339999999999236, 1, , , 2997.2339999999999236, 1
, , 2997.2399999999997817, 1, , , 2997.2399999999997817, 1, , , 2997.2399999999997817, 1, , , 2997.2399999999997817, 1
, , 2997.2429999999999382, 1, , , 2997.2429999999999382, 1, , , 2997.2429999999999382, 1, , , 2997.2429999999999382, 1
, , 2997.2480000000000473, 1, , , 2997.2480000000000473, 1, , , 2997.2480000000000473, 1, , , 2997.2480000000000473, 1
, , 2997.2530000000001564, 1, , , 2997.2530000000001564, 1, , , 2997.2530000000001564, 1, , , 2997.2530000000001564, 1
, , 2997.2600000000002183, 1, , , 2997.2600000000002183, 1, , , 2997.2600000000002183, 1, , , 2997.2600000000002183, 1
, , 2997.26299999999992, 1, , , 2997.26299999999992, 1, , , 2997.26299999999992, 1, , , 2997.26299999999992, 1
, , 2997.2680000000000291, 1, , , 2997.2680000000000291, 1, , , 2997.2680000000000291, 1, , , 2997.2680000000000291, 1
, , 2997.2730000000001382, 1, , , 2997.2730000000001382, 1, , , 2997.2730000000001382, 1, , , 2997.2730000000001382, 1
, , 2997.2779999999997926, 1, , , 2997.2779999999997926, 1, , , 2997.2779999999997926, 1, , , 2997.2779999999997926, 1
, , 2997.2840000000001055, 1, , , 2997.2840000000001055, 1, , , 2997.2840000000001055, 1, , , 2997.2840000000001055, 1
, , 2997.2890000000002146, 1, , , 2997.2890000000002146, 1, , , 2997.2890000000002146, 1, , , 2997.2890000000002146, 1
, , 2997.2930000000001201, 1, , , 2997.2930000000001201, 1, , , 2997.2930000000001201, 1, , , 2997.2930000000001201, 1
, , 2997.2979999999997744, 1, , , 2997.2979999999997744, 1, , , 2997.2979999999997744, 1, , , 2997.2979999999997744, 1
, , 2997.3049999999998363, 1, , , 2997.3049999999998363, 1, , , 2997.3049999999998363, 1, , , 2997.3049999999998363, 1
, , 2997.3090000000001965, 1, , , 2997.3090000000001965, 1, , , 2997.3090000000001965, 1, , , 2997.3090000000001965, 1
, , 2997.3130000000001019, 1, , , 2997.3130000000001019, 1, , , 2997.3130000000001019, 1, , , 2997.3130000000001019, 1
, , 2997.318000000000211, 1, , , 2997.318000000000211, 1, , , 2997.318000000000211, 1, , , 2997.318000000000211, 1
, , 2997.3229999999998654, 1, , , 2997.3229999999998654, 1, , , 2997.3229999999998654, 1, , , 2997.3229999999998654, 1
, , 2997.3290000000001783, 1, , , 2997.3290000000001783, 1, , , 2997.3290000000001783, 1, , , 2997.3290000000001783, 1
, , 2997.3330000000000837, 1, , , 2997.3330000000000837, 1, , , 2997.3330000000000837, 1, , , 2997.3330000000000837, 1
, , 2997.3380000000001928, 1, , , 2997.3380000000001928, 1, , , 2997.3380000000001928, 1, , , 2997.3380000000001928, 1
, , 2997.3449999999997999, 1, , , 2997.3449999999997999, 1, , , 2997.3449999999997999, 1, , , 2997.3449999999997999, 1
, , 2997.3460000000000036, 1, , , 2997.3460000000000036, 1, , , 2997.3460000000000036, 1, , , 2997.3460000000000036, 1
, , 2997.3539999999998145, 1, , , 2997.3539999999998145, 1, , , 2997.3539999999998145, 1, , , 2997.3539999999998145, 1
, , 2997.3580000000001746, 1, , , 2997.3580000000001746, 1, , , 2997.3580000000001746, 1, , , 2997.3580000000001746, 1
, , 2997.3640000000000327, 1, , , 2997.3640000000000327, 1, , , 2997.3640000000000327, 1, , , 2997.3640000000000327, 1
, , 2997.3679999999999382, 1, , , 2997.3679999999999382, 1, , , 2997.3679999999999382, 1, , , 2997.3679999999999382, 1
, , 2997.3739999999997963, 1, , , 2997.3739999999997963, 1, , , 2997.3739999999997963, 1, , , 2997.3739999999997963, 1
, , 2997.3800000000001091, 1, , , 2997.3800000000001091, 1, , , 2997.3800000000001091, 1, , , 2997.3800000000001091, 1
