# /gazebo_leg_forces_components/recceipt_time, /gazebo_leg_forces_components/reaction_forces/0/wrench/force/z, /foot_contacts/recceipt_time, /foot_contacts/contacts/0, /gazebo_leg_forces_components/recceipt_time, /gazebo_leg_forces_components/reaction_forces/1/wrench/force/z, /foot_contacts/recceipt_time, /foot_contacts/contacts/1, /gazebo_leg_forces_components/recceipt_time, /gazebo_leg_forces_components/reaction_forces/2/wrench/force/z, /foot_contacts/recceipt_time, /foot_contacts/contacts/2, /gazebo_leg_forces_components/recceipt_time, /gazebo_leg_forces_components/reaction_forces/3/wrench/force/z, /foot_contacts/recceipt_time, /foot_contacts/contacts/3
3394.4609999999997854, 65.760405867742804276, 3394.3719999999998436, 1, 3394.4609999999997854, 55.249632454609852061, 3394.3719999999998436, 1, 3394.4609999999997854, 37.672685604844787122, 3394.3719999999998436, 1, 3394.4609999999997854, 45.583371402686786666, 3394.3719999999998436, 1
3394.5109999999999673, 65.639901805800548118, 3394.3780000000001564, 1, 3394.5109999999999673, 55.842597314962731048, 3394.3780000000001564, 1, 3394.5109999999999673, 37.760501608751567915, 3394.3780000000001564, 1, 3394.5109999999999673, 45.53523189077635891, 3394.3780000000001564, 1
3394.5610000000001492, 65.639837021026579578, 3394.3829999999998108, 1, 3394.5610000000001492, 55.842702031566460619, 3394.3829999999998108, 1, 3394.5610000000001492, 37.760571656351558545, 3394.3829999999998108, 1, 3394.5610000000001492, 45.535145297263454722, 3394.3829999999998108, 1
3394.5619999999998981, 65.639792958627197095, 3394.387000000000171, 1, 3394.5619999999998981, 55.842820381176835554, 3394.387000000000171, 1, 3394.5619999999998981, 37.760645960517415176, 3394.387000000000171, 1, 3394.5619999999998981, 45.535065445881883761, 3394.387000000000171, 1
3394.612999999999829, 65.760208801312856508, 3394.3930000000000291, 1, 3394.612999999999829, 55.250129169334996959, 3394.3930000000000291, 1, 3394.612999999999829, 37.672971062626395167, 3394.3930000000000291, 1, 3394.612999999999829, 45.583052169043277502, 3394.3930000000000291, 1
3394.6610000000000582, 65.639633816723090831, 3394.3969999999999345, 1, 3394.6610000000000582, 55.843004441475713406, 3394.3969999999999345, 1, 3394.6610000000000582, 37.760779930914559088, 3394.3969999999999345, 1, 3394.6610000000000582, 45.534882675773033611, 3394.3969999999999345, 1
3394.7109999999997854, 65.639566092793359076, 3394.4020000000000437, 1, 3394.7109999999997854, 55.843105616324322682, 3394.4020000000000437, 1, 3394.7109999999997854, 37.760849342399041007, 3394.4020000000000437, 1, 3394.7109999999997854, 45.534795150820514209, 3394.4020000000000437, 1
3394.762000000000171, 65.760060981862451968, 3394.4070000000001528, 1, 3394.762000000000171, 55.250501490089959589, 3394.4070000000001528, 1, 3394.762000000000171, 37.67318382233212759, 3394.4070000000001528, 1, 3394.762000000000171, 45.582813391928894475, 3394.4070000000001528, 1
3394.86200000000008, 65.639403173639209399, 3394.4119999999998072, 1, 3394.86200000000008, 55.843288524291615715, 3394.4119999999998072, 1, 3394.86200000000008, 37.760982671447308689, 3394.4119999999998072, 1, 3394.86200000000008, 45.534610678660840222, 3394.4119999999998072, 1
3394.9110000000000582, 65.759912160017421456, 3394.4169999999999163, 1, 3394.9110000000000582, 55.250876106731915627, 3394.4169999999999163, 1, 3394.9110000000000582, 37.67336307890513325, 3394.4169999999999163, 1, 3394.9110000000000582, 45.58257465851532686, 3394.4169999999999163, 1
3394.9630000000001928, 65.759862877525264935, 3394.4229999999997744, 1, 3394.9630000000001928, 55.2510013507186315, 3394.4229999999997744, 1, 3394.9630000000001928, 37.673469755574792828, 3394.4229999999997744, 1, 3394.9630000000001928, 45.582494294772864407, 3394.4229999999997744, 1
3395.0619999999998981, 65.759813593179075042, 3394.4270000000001346, 1, 3395.0619999999998981, 55.251125334193886829, 3394.4270000000001346, 1, 3395.0619999999998981, 37.673540862231853055, 3394.4270000000001346, 1, 3395.0619999999998981, 45.582413935969185559, 3394.4270000000001346, 1
3395.1109999999998763, 65.759764306978951254, 3394.431999999999789, 1, 3395.1109999999998763, 55.251248057570222727, 3394.431999999999789, 1, 3395.1109999999998763, 37.673611249528022427, 3394.431999999999789, 1, 3395.1109999999998763, 45.582335173238249126, 3394.431999999999789, 1
3395.1109999999998763, 65.759715018929398411, 3394.4369999999998981, 1, 3395.1109999999998763, 55.251372000251819827, 3394.4369999999998981, 1, 3395.1109999999998763, 37.673682339475959679, 3394.4369999999998981, 1, 3395.1109999999998763, 45.58225641527918981, 3394.4369999999998981, 1
3395.1610000000000582, 65.759665729029023851, 3394.4459999999999127, 1, 3395.1610000000000582, 55.251495922477829481, 3394.4459999999999127, 1, 3395.1610000000000582, 37.673753421043429057, 3394.4459999999999127, 1, 3395.1610000000000582, 45.582176866610744526, 3394.4459999999999127, 1
3395.26299999999992, 65.759616437280698165, 3394.4479999999998654, 1, 3395.26299999999992, 55.251619824247953261, 3394.4479999999998654, 1, 3395.26299999999992, 37.673824494231602955, 3394.4479999999998654, 1, 3395.26299999999992, 45.582097322800436245, 3394.4479999999998654, 1
3395.3119999999998981, 65.638723250356846961, 3394.4540000000001783, 1, 3395.3119999999998981, 55.844143488633271488, 3394.4540000000001783, 1, 3395.3119999999998981, 37.761592408063755499, 3394.4540000000001783, 1, 3395.3119999999998981, 45.533800459375243008, 3394.4540000000001783, 1
3395.36200000000008, 65.638655612211152857, 3394.4589999999998327, 1, 3395.36200000000008, 55.844244518267103672, 3394.4589999999998327, 1, 3395.36200000000008, 37.761661744725579126, 3394.4589999999998327, 1, 3395.36200000000008, 45.533713035439753014, 3394.4589999999998327, 1
3395.36200000000008, 65.638611567264931068, 3394.4630000000001928, 1, 3395.36200000000008, 55.844364982919472595, 3394.4630000000001928, 1, 3395.36200000000008, 37.76173666637139803, 3394.4630000000001928, 1, 3395.36200000000008, 45.533633282628919403, 3394.4630000000001928, 1
3395.4609999999997854, 65.653240110901236903, 3394.4670000000000982, 1, 3395.4609999999997854, 56.143376371361107147, 3394.4670000000000982, 1, 3395.4609999999997854, 37.850515981400455701, 3394.4670000000000982, 1, 3395.4609999999997854, 45.530504165336346034, 3394.4670000000000982, 1
3395.5619999999998981, 93.148283387495467878, 3394.4729999999999563, 1, 3395.5619999999998981, 0, 3394.4729999999999563, 1, 3395.5619999999998981, 34.406317341937992182, 3394.4729999999999563, 1, 3395.5619999999998981, 65.202766108904128828, 3394.4729999999999563, 1
3395.5619999999998981, 83.771183666143969049, 3394.4769999999998618, 1, 3395.5619999999998981, 0, 3394.4769999999998618, 1, 3395.5619999999998981, 0, 3394.4769999999998618, 1, 3395.5619999999998981, 139.18347181693673065, 3394.4769999999998618, 1
3395.61200000000008, 54.831396882897024625, 3394.4819999999999709, 1, 3395.61200000000008, 31.729216937711075985, 3394.4819999999999709, 1, 3395.61200000000008, 104.42128315843318376, 3394.4819999999999709, 1, 3395.61200000000008, 87.77101020081840943, 3394.4819999999999709, 1
3395.7119999999999891, 54.484141144559849579, 3394.48700000000008, 1, 3395.7119999999999891, 10.362948504630477231, 3394.48700000000008, 1, 3395.7119999999999891, 37.161050403258336416, 3394.48700000000008, 1, 3395.7119999999999891, 58.84301997699914466, 3394.48700000000008, 1
3395.7609999999999673, 0, 3394.4929999999999382, 1, 3395.7609999999999673, 87.390786908059908455, 3394.4929999999999382, 1, 3395.7609999999999673, 87.692754519349279008, 3394.4929999999999382, 1, 3395.7609999999999673, 0.45729901732419264704, 3394.4929999999999382, 1
3395.8110000000001492, 0, 3394.4969999999998436, 1, 3395.8110000000001492, 116.70152869809258789, 3394.4969999999998436, 1, 3395.8110000000001492, 83.358342466440745966, 3394.4969999999998436, 1, 3395.8110000000001492, 0, 3394.4969999999998436, 1
3395.8130000000001019, 0, 3394.5019999999999527, 1, 3395.8130000000001019, 109.38581636848361711, 3394.5019999999999527, 1, 3395.8130000000001019, 95.848281426466883204, 3394.5019999999999527, 1, 3395.8130000000001019, 0, 3394.5019999999999527, 1
3395.86200000000008, 0, 3394.5070000000000618, 1, 3395.86200000000008, 102.93248845820963311, 3394.5070000000000618, 1, 3395.86200000000008, 107.74408628800186705, 3394.5070000000000618, 1, 3395.86200000000008, 0, 3394.5070000000000618, 1
3395.9119999999998072, 214.18605628189482104, 3394.512000000000171, 1, 3395.9119999999998072, 71.796226644362548086, 3394.512000000000171, 1, 3395.9119999999998072, 95.761627474915655966, 3394.512000000000171, 1, 3395.9119999999998072, 137.45133123429206989, 3394.512000000000171, 1
3395.9630000000001928, 43.892798464617513332, 3394.5180000000000291, 1, 3395.9630000000001928, 53.622714424355535812, 3394.5180000000000291, 1, 3395.9630000000001928, 27.071898597892591454, 3394.5180000000000291, 1, 3395.9630000000001928, 33.649361097592773717, 3394.5180000000000291, 1
3396.01299999999992, 64.251137943539958997, 3394.5230000000001382, 1, 3396.01299999999992, 87.721827923829366114, 3394.5230000000001382, 1, 3396.01299999999992, 63.597152739540518951, 3394.5230000000001382, 1, 3396.01299999999992, 49.349796072376555855, 3394.5230000000001382, 1
3396.0610000000001492, 118.0509417603750677, 3394.5279999999997926, 1, 3396.0610000000001492, 0, 3394.5279999999997926, 1, 3396.0610000000001492, 0, 3394.5279999999997926, 1, 3396.0610000000001492, 70.607672940798238415, 3394.5279999999997926, 1
3396.11200000000008, 117.23601079267623959, 3394.5320000000001528, 1, 3396.11200000000008, 0, 3394.5320000000001528, 1, 3396.11200000000008, 0, 3394.5320000000001528, 1, 3396.11200000000008, 84.818439782698405338, 3394.5320000000001528, 1
3396.2130000000001928, 106.22512654304435387, 3394.5369999999998072, 1, 3396.2130000000001928, 0, 3394.5369999999998072, 1, 3396.2130000000001928, 0, 3394.5369999999998072, 1, 3396.2130000000001928, 94.977602453162134566, 3394.5369999999998072, 1
3396.262000000000171, 92.753377386322469533, 3394.5419999999999163, 1, 3396.262000000000171, 321.27050745262215514, 3394.5419999999999163, 1, 3396.262000000000171, 0, 3394.5419999999999163, 1, 3396.262000000000171, 106.12338896629398732, 3394.5419999999999163, 1
3396.262000000000171, 11.463743885363525621, 3394.5470000000000255, 1, 3396.262000000000171, 96.078851275357834538, 3394.5470000000000255, 1, 3396.262000000000171, 59.23882303461380161, 3394.5470000000000255, 1, 3396.262000000000171, 67.304325443991132261, 3394.5470000000000255, 1
3396.36200000000008, 53.993717233757635654, 3394.5520000000001346, 1, 3396.36200000000008, 58.628060092474896692, 3394.5520000000001346, 1, 3396.36200000000008, 32.790034694414167404, 3394.5520000000001346, 1, 3396.36200000000008, 42.813044533053663088, 3394.5520000000001346, 1
3396.362999999999829, 0, 3394.5599999999999454, 1, 3396.362999999999829, 108.07847335314880866, 3394.5599999999999454, 1, 3396.362999999999829, 76.769115132789409017, 3394.5599999999999454, 1, 3396.362999999999829, 0, 3394.5599999999999454, 1
3396.4110000000000582, 0, 3394.5619999999998981, 1, 3396.4110000000000582, 122.66805810359758766, 3394.5619999999998981, 1, 3396.4110000000000582, 76.458990870776432303, 3394.5619999999998981, 1, 3396.4110000000000582, 0, 3394.5619999999998981, 1
3396.4609999999997854, 0, 3394.5670000000000073, 1, 3396.4609999999997854, 109.57415929515821063, 3394.5670000000000073, 1, 3396.4609999999997854, 93.859147944044224232, 3394.5670000000000073, 1, 3396.4609999999997854, 0, 3394.5670000000000073, 1
3396.5619999999998981, 0, 3394.5729999999998654, 1, 3396.5619999999998981, 101.04651364081793474, 3394.5729999999998654, 1, 3396.5619999999998981, 104.64376420190004069, 3394.5729999999998654, 1, 3396.5619999999998981, 0, 3394.5729999999998654, 1
3396.5630000000001019, 218.95138691030228983, 3394.5779999999999745, 1, 3396.5630000000001019, 58.883295733842366815, 3394.5779999999999745, 1, 3396.5630000000001019, 103.74634559233881248, 3394.5779999999999745, 1, 3396.5630000000001019, 114.43417893594613588, 3394.5779999999999745, 1
3396.61200000000008, 36.664568954730540895, 3394.5830000000000837, 1, 3396.61200000000008, 53.585626274795245649, 3394.5830000000000837, 1, 3396.61200000000008, 33.605920912115806232, 3394.5830000000000837, 1, 3396.61200000000008, 28.086219735655582497, 3394.5830000000000837, 1
3396.6630000000000109, 68.315663494819602874, 3394.5880000000001928, 1, 3396.6630000000000109, 77.830804741137114888, 3394.5880000000001928, 1, 3396.6630000000000109, 68.702282000308173338, 3394.5880000000001928, 1, 3396.6630000000000109, 48.836046067164261331, 3394.5880000000001928, 1
3396.7609999999999673, 116.35389768140026945, 3394.5920000000000982, 1, 3396.7609999999999673, 0, 3394.5920000000000982, 1, 3396.7609999999999673, 0, 3394.5920000000000982, 1, 3396.7609999999999673, 74.574121070674635803, 3394.5920000000000982, 1
3396.8119999999998981, 112.58721667922125675, 3394.5970000000002074, 1, 3396.8119999999998981, 0, 3394.5970000000002074, 1, 3396.8119999999998981, 0, 3394.5970000000002074, 1, 3396.8119999999998981, 86.75724568469291853, 3394.5970000000002074, 1
3396.8119999999998981, 106.01858463960667223, 3394.6030000000000655, 1, 3396.8119999999998981, 0, 3394.6030000000000655, 1, 3396.8119999999998981, 0, 3394.6030000000000655, 1, 3396.8119999999998981, 99.808595226831130276, 3394.6030000000000655, 1
3396.9119999999998072, 99.371238799119154805, 3394.6069999999999709, 1, 3396.9119999999998072, 0, 3394.6069999999999709, 1, 3396.9119999999998072, 0, 3394.6069999999999709, 1, 3396.9119999999998072, 111.23064612952308039, 3394.6069999999999709, 1
3396.9609999999997854, 45.610102717034735065, 3394.612999999999829, 1, 3396.9609999999997854, 110.78896885267030825, 3394.612999999999829, 1, 3396.9609999999997854, 80.868391486849333205, 3394.612999999999829, 1, 3396.9609999999997854, 55.507689403829076014, 3394.612999999999829, 1
3397.012000000000171, 49.746953027449841045, 3394.6179999999999382, 1, 3397.012000000000171, 54.09332151699763358, 3394.6179999999999382, 1, 3397.012000000000171, 28.685514069322607611, 3394.6179999999999382, 1, 3397.012000000000171, 45.574097597091444811, 3394.6179999999999382, 1
3397.012000000000171, 0, 3394.6230000000000473, 1, 3397.012000000000171, 110.88397193875806579, 3394.6230000000000473, 1, 3397.012000000000171, 74.738379926874614512, 3394.6230000000000473, 1, 3397.012000000000171, 0, 3394.6230000000000473, 1
3397.1109999999998763, 0, 3394.6269999999999527, 1, 3397.1109999999998763, 125.76424974207392893, 3394.6269999999999527, 1, 3397.1109999999998763, 72.864757064062956715, 3394.6269999999999527, 1, 3397.1109999999998763, 0, 3394.6269999999999527, 1
3397.1619999999998072, 0, 3394.6320000000000618, 1, 3397.1619999999998072, 112.34497157673359879, 3394.6320000000000618, 1, 3397.1619999999998072, 87.341071857134295442, 3394.6320000000000618, 1, 3397.1619999999998072, 0, 3394.6320000000000618, 1
3397.2119999999999891, 0, 3394.637000000000171, 1, 3397.2119999999999891, 103.01134885074603176, 3394.637000000000171, 1, 3397.2119999999999891, 101.07599427743663512, 3394.637000000000171, 1, 3397.2119999999999891, 0, 3394.637000000000171, 1
3397.2119999999999891, 220.36807783350968748, 3394.6430000000000291, 1, 3397.2119999999999891, 59.095907475527766906, 3394.6430000000000291, 1, 3397.2119999999999891, 103.60008654266752615, 3394.6430000000000291, 1, 3397.2119999999999891, 131.64620767541978807, 3394.6430000000000291, 1
3397.262000000000171, 37.929676393052147887, 3394.6469999999999345, 1, 3397.262000000000171, 60.223686510355875612, 3394.6469999999999345, 1, 3397.262000000000171, 33.665296376536396394, 3394.6469999999999345, 1, 3397.262000000000171, 29.62147505796860969, 3394.6469999999999345, 1
3397.3110000000001492, 69.357570067706205919, 3394.6520000000000437, 1, 3397.3110000000001492, 68.936352159540646767, 3394.6520000000000437, 1, 3397.3110000000001492, 69.401920065944693761, 3394.6520000000000437, 1, 3397.3110000000001492, 48.976544190967686632, 3394.6520000000000437, 1
3397.4110000000000582, 114.58563517387437969, 3394.6570000000001528, 1, 3397.4110000000000582, 0, 3394.6570000000001528, 1, 3397.4110000000000582, 0, 3394.6570000000001528, 1, 3397.4110000000000582, 75.193259072526416276, 3394.6570000000001528, 1
3397.4110000000000582, 113.32210767828858877, 3394.6619999999998072, 1, 3397.4110000000000582, 0, 3394.6619999999998072, 1, 3397.4110000000000582, 0, 3394.6619999999998072, 1, 3397.4110000000000582, 90.025557988897816131, 3394.6619999999998072, 1
3397.51299999999992, 104.18296700566205004, 3394.6669999999999163, 1, 3397.51299999999992, 0, 3394.6669999999999163, 1, 3397.51299999999992, 0, 3394.6669999999999163, 1, 3397.51299999999992, 99.552588946435946582, 3394.6669999999999163, 1
3397.51299999999992, 99.184186489392530461, 3394.6720000000000255, 1, 3397.51299999999992, 0, 3394.6720000000000255, 1, 3397.51299999999992, 0, 3394.6720000000000255, 1, 3397.51299999999992, 111.45967913931207249, 3394.6720000000000255, 1
3397.5639999999998508, 49.269676438831616849, 3394.6770000000001346, 1, 3397.5639999999998508, 110.28076839221606065, 3394.6770000000001346, 1, 3397.5639999999998508, 83.592353171359661701, 3394.6770000000001346, 1, 3397.5639999999998508, 58.667481647321729099, 3394.6770000000001346, 1
3397.61200000000008, 48.586059351701763376, 3394.681999999999789, 1, 3397.61200000000008, 53.527852889283508375, 3394.681999999999789, 1, 3397.61200000000008, 25.704415603660621059, 3394.681999999999789, 1, 3397.61200000000008, 50.161149138744391962, 3394.681999999999789, 1
3397.6630000000000109, 0, 3394.6869999999998981, 1, 3397.6630000000000109, 107.80814680222979973, 3394.6869999999998981, 1, 3397.6630000000000109, 72.838136139153775162, 3394.6869999999998981, 1, 3397.6630000000000109, 0, 3394.6869999999998981, 1
3397.7119999999999891, 0, 3394.6920000000000073, 1, 3397.7119999999999891, 125.82810161902588675, 3394.6920000000000073, 1, 3397.7119999999999891, 73.521155518130655082, 3394.6920000000000073, 1, 3397.7119999999999891, 0, 3394.6920000000000073, 1
3397.76299999999992, 0, 3394.6970000000001164, 1, 3397.76299999999992, 115.11052333003499371, 3394.6970000000001164, 1, 3397.76299999999992, 90.787386973469864415, 3394.6970000000001164, 1, 3397.76299999999992, 0, 3394.6970000000001164, 1
3397.86200000000008, 0, 3394.7020000000002256, 1, 3397.86200000000008, 102.56897745431507474, 3394.7020000000002256, 1, 3397.86200000000008, 97.383868881466057132, 3394.7020000000002256, 1, 3397.86200000000008, 0, 3394.7020000000002256, 1
3397.86200000000008, 232.33483319262475675, 3394.7069999999998799, 1, 3397.86200000000008, 60.000519400650212276, 3394.7069999999998799, 1, 3397.86200000000008, 103.59701079370432808, 3394.7069999999998799, 1, 3397.86200000000008, 119.69974410173909973, 3394.7069999999998799, 1
3397.9119999999998072, 35.913903806449482659, 3394.7119999999999891, 1, 3397.9119999999998072, 44.958977587979610746, 3394.7119999999999891, 1, 3397.9119999999998072, 36.186053837790808529, 3394.7119999999999891, 1, 3397.9119999999998072, 27.308245737948471543, 3394.7119999999999891, 1
3397.9650000000001455, 70.175546940931297968, 3394.7170000000000982, 1, 3397.9650000000001455, 65.099113428596382391, 3394.7170000000000982, 1, 3397.9650000000001455, 73.009357313886539487, 3394.7170000000000982, 1, 3397.9650000000001455, 47.875210897846443459, 3394.7170000000000982, 1
3398.0610000000001492, 115.74997749606924913, 3394.7220000000002074, 1, 3398.0610000000001492, 0, 3394.7220000000002074, 1, 3398.0610000000001492, 0, 3394.7220000000002074, 1, 3398.0610000000001492, 75.500882968690007147, 3394.7220000000002074, 1
3398.1109999999998763, 112.69272849525306412, 3394.7269999999998618, 1, 3398.1109999999998763, 0, 3394.7269999999998618, 1, 3398.1109999999998763, 0, 3394.7269999999998618, 1, 3398.1109999999998763, 88.065428564526115451, 3394.7269999999998618, 1
3398.1610000000000582, 105.40135769735098847, 3394.7319999999999709, 1, 3398.1610000000000582, 0, 3394.7319999999999709, 1, 3398.1610000000000582, 0, 3394.7319999999999709, 1, 3398.1610000000000582, 101.67712449094672422, 3394.7319999999999709, 1
3398.1610000000000582, 100.05852581876592922, 3394.73700000000008, 1, 3398.1610000000000582, 0, 3394.73700000000008, 1, 3398.1610000000000582, 0, 3394.73700000000008, 1, 3398.1610000000000582, 113.70632432429607661, 3394.73700000000008, 1
3398.2130000000001928, 49.290188787378234281, 3394.7429999999999382, 1, 3398.2130000000001928, 112.34840254018203609, 3394.7429999999999382, 1, 3398.2130000000001928, 89.574079290585444824, 3394.7429999999999382, 1, 3398.2130000000001928, 53.941311453948486587, 3394.7429999999999382, 1
3398.2609999999999673, 47.427161064088103615, 3394.7469999999998436, 1, 3398.2609999999999673, 54.303001614448604073, 3394.7469999999998436, 1, 3398.2609999999999673, 25.768028621655091115, 3394.7469999999998436, 1, 3398.2609999999999673, 46.584220662612395358, 3394.7469999999998436, 1
3398.3110000000001492, 0, 3394.7539999999999054, 1, 3398.3110000000001492, 109.6838343413017185, 3394.7539999999999054, 1, 3398.3110000000001492, 73.446346792554976446, 3394.7539999999999054, 1, 3398.3110000000001492, 0, 3394.7539999999999054, 1
3398.4110000000000582, 0, 3394.7570000000000618, 1, 3398.4110000000000582, 126.83386682351184049, 3394.7570000000000618, 1, 3398.4110000000000582, 72.326881694487681784, 3394.7570000000000618, 1, 3398.4110000000000582, 0, 3394.7570000000000618, 1
3398.4110000000000582, 0, 3394.762000000000171, 1, 3398.4110000000000582, 115.25930256407403363, 3394.762000000000171, 1, 3398.4110000000000582, 90.811434340930958342, 3394.762000000000171, 1, 3398.4110000000000582, 0, 3394.762000000000171, 1
3398.5109999999999673, 0, 3394.7680000000000291, 1, 3398.5109999999999673, 103.0053342032377941, 3394.7680000000000291, 1, 3398.5109999999999673, 97.467003981012851455, 3394.7680000000000291, 1, 3398.5109999999999673, 0, 3394.7680000000000291, 1
3398.512000000000171, 233.34990411526885623, 3394.7730000000001382, 1, 3398.512000000000171, 61.095813861851738125, 3394.7730000000001382, 1, 3398.512000000000171, 105.92900988006758212, 3394.7730000000001382, 1, 3398.512000000000171, 131.66856155003944195, 3394.7730000000001382, 1
3398.5610000000001492, 40.78344635226088144, 3394.7770000000000437, 1, 3398.5610000000001492, 56.249266813246222796, 3394.7770000000000437, 1, 3398.5610000000001492, 30.919021957384615007, 3394.7770000000000437, 1, 3398.5610000000001492, 26.970690928048270507, 3394.7770000000000437, 1
3398.6610000000000582, 68.079239123342830453, 3394.7820000000001528, 1, 3398.6610000000000582, 68.938126411110431491, 3394.7820000000001528, 1, 3398.6610000000000582, 66.786487135969650808, 3394.7820000000001528, 1, 3398.6610000000000582, 42.491062097812772436, 3394.7820000000001528, 1
3398.6610000000000582, 112.8031372597742461, 3394.7869999999998072, 1, 3398.6610000000000582, 0, 3394.7869999999998072, 1, 3398.6610000000000582, 0, 3394.7869999999998072, 1, 3398.6610000000000582, 76.886627849499532772, 3394.7869999999998072, 1
3398.7119999999999891, 113.4416928232787285, 3394.7919999999999163, 1, 3398.7119999999999891, 0, 3394.7919999999999163, 1, 3398.7119999999999891, 0, 3394.7919999999999163, 1, 3398.7119999999999891, 90.242699794543767666, 3394.7919999999999163, 1
3398.8119999999998981, 104.89645286592818252, 3394.7970000000000255, 1, 3398.8119999999998981, 0, 3394.7970000000000255, 1, 3398.8119999999998981, 0, 3394.7970000000000255, 1, 3398.8119999999998981, 102.41246393842408224, 3394.7970000000000255, 1
3398.8119999999998981, 99.815165648359823081, 3394.8020000000001346, 1, 3398.8119999999998981, 0, 3394.8020000000001346, 1, 3398.8119999999998981, 0, 3394.8020000000001346, 1, 3398.8119999999998981, 114.50666038383839407, 3394.8020000000001346, 1
3398.9130000000000109, 56.541720207080366833, 3394.806999999999789, 1, 3398.9130000000000109, 115.2159694045526237, 3394.806999999999789, 1, 3398.9130000000000109, 94.702004176833483484, 3394.806999999999789, 1, 3398.9130000000000109, 62.429011024822933962, 3394.806999999999789, 1
3398.9619999999999891, 50.825057836265045808, 3394.8119999999998981, 1, 3398.9619999999999891, 48.858218927475775217, 3394.8119999999998981, 1, 3398.9619999999999891, 24.810223078714393807, 3394.8119999999998981, 1, 3398.9619999999999891, 49.450233640450363737, 3394.8119999999998981, 1
3399.0109999999999673, 33.266115115259751178, 3394.818000000000211, 1, 3399.0109999999999673, 102.61855132176495431, 3394.818000000000211, 1, 3399.0109999999999673, 70.778496846990321956, 3394.818000000000211, 1, 3399.0109999999999673, 21.793661672286489761, 3394.818000000000211, 1
3399.0109999999999673, 0, 3394.8229999999998654, 1, 3399.0109999999999673, 128.3048083281303775, 3394.8229999999998654, 1, 3399.0109999999999673, 70.398148913932502069, 3394.8229999999998654, 1, 3399.0109999999999673, 0, 3394.8229999999998654, 1
3399.11200000000008, 0, 3394.8279999999999745, 1, 3399.11200000000008, 116.67120052859863222, 3394.8279999999999745, 1, 3399.11200000000008, 87.828163261300886688, 3394.8279999999999745, 1, 3399.11200000000008, 0, 3394.8279999999999745, 1
3399.11200000000008, 0, 3394.8330000000000837, 1, 3399.11200000000008, 106.4205494540816801, 3394.8330000000000837, 1, 3399.11200000000008, 101.45796397210442308, 3394.8330000000000837, 1, 3399.11200000000008, 0, 3394.8330000000000837, 1
3399.1619999999998072, 254.10081379638143062, 3394.8389999999999418, 1, 3399.1619999999998072, 65.334734691872455414, 3394.8389999999999418, 1, 3399.1619999999998072, 111.2464847378620334, 3394.8389999999999418, 1, 3399.1619999999998072, 0, 3394.8389999999999418, 1
3399.262000000000171, 36.824137135937881737, 3394.8420000000000982, 1, 3399.262000000000171, 71.497363370908246338, 3394.8420000000000982, 1, 3399.262000000000171, 35.374703775777561532, 3394.8420000000000982, 1, 3399.262000000000171, 37.636115067860671957, 3394.8420000000000982, 1
3399.3119999999998981, 65.229295936031519432, 3394.8470000000002074, 1, 3399.3119999999998981, 72.012231520343021884, 3394.8470000000002074, 1, 3399.3119999999998981, 67.884164188171055798, 3394.8470000000002074, 1, 3399.3119999999998981, 38.869829006112929903, 3394.8470000000002074, 1
3399.36200000000008, 115.37517480066117059, 3394.8519999999998618, 1, 3399.36200000000008, 0, 3394.8519999999998618, 1, 3399.36200000000008, 0, 3394.8519999999998618, 1, 3399.36200000000008, 81.488069296455591939, 3394.8519999999998618, 1
3399.4119999999998072, 106.05485264278391355, 3394.8569999999999709, 1, 3399.4119999999998072, 0, 3394.8569999999999709, 1, 3399.4119999999998072, 0, 3394.8569999999999709, 1, 3399.4119999999998072, 101.10144989547256955, 3394.8569999999999709, 1
3399.4619999999999891, 100.70286725009334816, 3394.86200000000008, 1, 3399.4619999999999891, 0, 3394.86200000000008, 1, 3399.4619999999999891, 0, 3394.86200000000008, 1, 3399.4619999999999891, 110.39130588844119529, 3394.86200000000008, 1
3399.5619999999998981, 62.765671483710740119, 3394.8679999999999382, 1, 3399.5619999999998981, 133.6419812813005592, 3394.8679999999999382, 1, 3399.5619999999998981, 106.75513261010499377, 3394.8679999999999382, 1, 3399.5619999999998981, 64.50967391572288534, 3394.8679999999999382, 1
3399.5619999999998981, 50.858136946877465334, 3394.8719999999998436, 1, 3399.5619999999998981, 43.686807833152890623, 3394.8719999999998436, 1, 3399.5619999999998981, 23.064216281640867123, 3394.8719999999998436, 1, 3399.5619999999998981, 48.55561926482820212, 3394.8719999999998436, 1
3399.6109999999998763, 47.716738000267667985, 3394.8780000000001564, 1, 3399.6109999999998763, 95.688290602534635809, 3394.8780000000001564, 1, 3399.6109999999998763, 69.060406803524500674, 3394.8780000000001564, 1, 3399.6109999999998763, 43.485524627315768953, 3394.8780000000001564, 1
3399.6640000000002146, 0, 3394.8820000000000618, 1, 3399.6640000000002146, 127.08873625670617002, 3394.8820000000000618, 1, 3399.6640000000002146, 72.061908318989878808, 3394.8820000000000618, 1, 3399.6640000000002146, 0, 3394.8820000000000618, 1
3399.7130000000001928, 0, 3394.887000000000171, 1, 3399.7130000000001928, 115.40819935094771154, 3394.887000000000171, 1, 3399.7130000000001928, 87.039742128680657629, 3394.887000000000171, 1, 3399.7130000000001928, 0, 3394.887000000000171, 1
3399.762000000000171, 0, 3394.8919999999998254, 1, 3399.762000000000171, 104.54636525383862988, 3394.8919999999998254, 1, 3399.762000000000171, 101.15531548572428733, 3394.8919999999998254, 1, 3399.762000000000171, 0, 3394.8919999999998254, 1
3399.862999999999829, 290.93457841507250805, 3394.8969999999999345, 1, 3399.862999999999829, 69.899425129530243339, 3394.8969999999999345, 1, 3399.862999999999829, 110.82432307443546904, 3394.8969999999999345, 1, 3399.862999999999829, 0, 3394.8969999999999345, 1
3399.862999999999829, 37.607258453458982217, 3394.9029999999997926, 1, 3399.862999999999829, 0, 3394.9029999999997926, 1, 3399.862999999999829, 40.212651919414767576, 3394.9029999999997926, 1, 3399.862999999999829, 42.375751966889232847, 3394.9029999999997926, 1
3399.9119999999998072, 64.302373305774509049, 3394.9070000000001528, 1, 3399.9119999999998072, 78.052822907811389541, 3394.9070000000001528, 1, 3399.9119999999998072, 61.438169003285537428, 3394.9070000000001528, 1, 3399.9119999999998072, 39.642212613935768672, 3394.9070000000001528, 1
3399.9619999999999891, 109.84290211550478489, 3394.9119999999998072, 1, 3399.9619999999999891, 0, 3394.9119999999998072, 1, 3399.9619999999999891, 0, 3394.9119999999998072, 1, 3399.9619999999999891, 72.378280082550304542, 3394.9119999999998072, 1
3400.0619999999998981, 114.50076514917969916, 3394.9169999999999163, 1, 3400.0619999999998981, 0, 3394.9169999999999163, 1, 3400.0619999999998981, 0, 3394.9169999999999163, 1, 3400.0619999999998981, 83.274201955398936548, 3394.9169999999999163, 1
3400.11200000000008, 106.24162319397572674, 3394.9220000000000255, 1, 3400.11200000000008, 0, 3394.9220000000000255, 1, 3400.11200000000008, 0, 3394.9220000000000255, 1, 3400.11200000000008, 99.980836688932470224, 3394.9220000000000255, 1
3400.11200000000008, 103.51016244363874819, 3394.9270000000001346, 1, 3400.11200000000008, 0, 3394.9270000000001346, 1, 3400.11200000000008, 0, 3394.9270000000001346, 1, 3400.11200000000008, 113.36921156890188911, 3394.9270000000001346, 1
3400.1619999999998072, 60.252919016897131144, 3394.931999999999789, 1, 3400.1619999999998072, 134.78624848490213139, 3394.931999999999789, 1, 3400.1619999999998072, 93.428860342254878901, 3394.931999999999789, 1, 3400.1619999999998072, 75.829734970346336809, 3394.931999999999789, 1
3400.2109999999997854, 48.861594565183764871, 3394.9369999999998981, 1, 3400.2109999999997854, 45.851021160137989341, 3394.9369999999998981, 1, 3400.2109999999997854, 24.117531229812357196, 3394.9369999999998981, 1, 3400.2109999999997854, 47.65833659755716667, 3394.9369999999998981, 1
3400.262000000000171, 41.556686227586361326, 3394.9420000000000073, 1, 3400.262000000000171, 97.920007448168774999, 3394.9420000000000073, 1, 3400.262000000000171, 69.302685177868454502, 3394.9420000000000073, 1, 3400.262000000000171, 32.437071055511012219, 3394.9420000000000073, 1
3400.36200000000008, 0, 3394.9470000000001164, 1, 3400.36200000000008, 126.5419135897748788, 3394.9470000000001164, 1, 3400.36200000000008, 71.554909805164484737, 3394.9470000000001164, 1, 3400.36200000000008, 0, 3394.9470000000001164, 1
3400.36200000000008, 0, 3394.9520000000002256, 1, 3400.36200000000008, 115.78838994991470202, 3394.9520000000002256, 1, 3400.36200000000008, 88.437616618787018297, 3394.9520000000002256, 1, 3400.36200000000008, 0, 3394.9520000000002256, 1
3400.4630000000001928, 0, 3394.9569999999998799, 1, 3400.4630000000001928, 102.83383568739361635, 3394.9569999999998799, 1, 3400.4630000000001928, 95.462720524808048594, 3394.9569999999998799, 1, 3400.4630000000001928, 0, 3394.9569999999998799, 1
3400.51299999999992, 32.610260144960982132, 3394.9630000000001928, 1, 3400.51299999999992, 0, 3394.9630000000001928, 1, 3400.51299999999992, 74.558389549754934933, 3394.9630000000001928, 1, 3400.51299999999992, 40.729044769740745835, 3394.9630000000001928, 1
3400.5760000000000218, 69.701980792663505326, 3394.9670000000000982, 1, 3400.5760000000000218, 70.491559191795516881, 3394.9670000000000982, 1, 3400.5760000000000218, 59.625740908962278297, 3394.9670000000000982, 1, 3400.5760000000000218, 45.079369610538378765, 3394.9670000000000982, 1
3400.61200000000008, 111.41113843624249569, 3394.9720000000002074, 1, 3400.61200000000008, 0, 3394.9720000000002074, 1, 3400.61200000000008, 0, 3394.9720000000002074, 1, 3400.61200000000008, 73.606003424488079645, 3394.9720000000002074, 1
3400.6630000000000109, 115.08357426046399041, 3394.9769999999998618, 1, 3400.6630000000000109, 0, 3394.9769999999998618, 1, 3400.6630000000000109, 0, 3394.9769999999998618, 1, 3400.6630000000000109, 87.824145830121921108, 3394.9769999999998618, 1
3400.7119999999999891, 106.30559951981251743, 3394.9819999999999709, 1, 3400.7119999999999891, 0, 3394.9819999999999709, 1, 3400.7119999999999891, 0, 3394.9819999999999709, 1, 3400.7119999999999891, 98.960585252314132276, 3394.9819999999999709, 1
3400.7640000000001237, 99.787487765144817331, 3394.98700000000008, 1, 3400.7640000000001237, 0, 3394.98700000000008, 1, 3400.7640000000001237, 0, 3394.98700000000008, 1, 3400.7640000000001237, 108.90872383991492711, 3394.98700000000008, 1
3400.8130000000001019, 61.202610130752944428, 3394.9920000000001892, 1, 3400.8130000000001019, 132.64224655823278454, 3394.9920000000001892, 1, 3400.8130000000001019, 94.286190940028035357, 3394.9920000000001892, 1, 3400.8130000000001019, 71.138009754681277741, 3394.9920000000001892, 1
3400.9119999999998072, 49.526328522182907932, 3394.9969999999998436, 1, 3400.9119999999998072, 48.751878380765703014, 3394.9969999999998436, 1, 3400.9119999999998072, 23.381565214832363608, 3394.9969999999998436, 1, 3400.9119999999998072, 46.804444136208068983, 3394.9969999999998436, 1
3401.01299999999992, 0, 3395.0019999999999527, 1, 3401.01299999999992, 127.42739390654807607, 3395.0019999999999527, 1, 3401.01299999999992, 70.649256367103362209, 3395.0019999999999527, 1, 3401.01299999999992, 0, 3395.0019999999999527, 1
3401.0630000000001019, 0, 3395.0070000000000618, 1, 3401.0630000000001019, 116.10597962374444592, 3395.0070000000000618, 1, 3401.0630000000001019, 85.175090271734433145, 3395.0070000000000618, 1, 3401.0630000000001019, 0, 3395.0070000000000618, 1
3401.112999999999829, 0, 3395.01299999999992, 1, 3401.112999999999829, 104.6531678027147052, 3395.01299999999992, 1, 3401.112999999999829, 96.254060737916034896, 3395.01299999999992, 1, 3401.112999999999829, 0, 3395.01299999999992, 1
3401.112999999999829, 273.97175840137515479, 3395.0189999999997781, 1, 3401.112999999999829, 67.355214220978680828, 3395.0189999999997781, 1, 3401.112999999999829, 111.33191872660580657, 3395.0189999999997781, 1, 3401.112999999999829, 0, 3395.0189999999997781, 1
3401.2130000000001928, 33.822039127648551471, 3395.0219999999999345, 1, 3401.2130000000001928, 0, 3395.0219999999999345, 1, 3401.2130000000001928, 39.99040129210347061, 3395.0219999999999345, 1, 3401.2130000000001928, 41.127540478923918954, 3395.0219999999999345, 1
3401.2130000000001928, 65.547783666250651891, 3395.0270000000000437, 1, 3401.2130000000001928, 76.473730547256536738, 3395.0270000000000437, 1, 3401.2130000000001928, 63.775110532998340318, 3395.0270000000000437, 1, 3401.2130000000001928, 40.948167224211474036, 3395.0270000000000437, 1
3401.262000000000171, 110.28473458982907118, 3395.0320000000001528, 1, 3401.262000000000171, 0, 3395.0320000000001528, 1, 3401.262000000000171, 0, 3395.0320000000001528, 1, 3401.262000000000171, 72.85964495767368021, 3395.0320000000001528, 1
3401.3130000000001019, 115.79318060487460684, 3395.0369999999998072, 1, 3401.3130000000001019, 0, 3395.0369999999998072, 1, 3401.3130000000001019, 0, 3395.0369999999998072, 1, 3401.3130000000001019, 89.051646405799800732, 3395.0369999999998072, 1
3401.362999999999829, 107.31896678568367065, 3395.0419999999999163, 1, 3401.362999999999829, 0, 3395.0419999999999163, 1, 3401.362999999999829, 0, 3395.0419999999999163, 1, 3401.362999999999829, 101.57861484863846613, 3395.0419999999999163, 1
3401.4130000000000109, 101.22130586990421364, 3395.0470000000000255, 1, 3401.4130000000000109, 0, 3395.0470000000000255, 1, 3401.4130000000000109, 0, 3395.0470000000000255, 1, 3401.4130000000000109, 109.89763655484324545, 3395.0470000000000255, 1
3401.512000000000171, 59.613667483543338221, 3395.0520000000001346, 1, 3401.512000000000171, 126.61581771003824315, 3395.0520000000001346, 1, 3401.512000000000171, 99.248433985948850022, 3395.0520000000001346, 1, 3401.512000000000171, 65.63782085157089341, 3395.0520000000001346, 1
3401.512000000000171, 44.094947490683161107, 3395.05600000000004, 1, 3401.512000000000171, 44.587235585480939903, 3395.05600000000004, 1, 3401.512000000000171, 25.301483908266604317, 3395.05600000000004, 1, 3401.512000000000171, 46.96075952742245363, 3395.05600000000004, 1
3401.612999999999829, 47.492996540726409194, 3395.0619999999998981, 1, 3401.612999999999829, 97.298862169071469452, 3395.0619999999998981, 1, 3401.612999999999829, 68.138742492604649215, 3395.0619999999998981, 1, 3401.612999999999829, 39.593828557110263944, 3395.0619999999998981, 1
3401.6630000000000109, 0, 3395.0659999999998035, 1, 3401.6630000000000109, 127.93247852738767278, 3395.0659999999998035, 1, 3401.6630000000000109, 69.336955106627243595, 3395.0659999999998035, 1, 3401.6630000000000109, 0, 3395.0659999999998035, 1
3401.6630000000000109, 0, 3395.0720000000001164, 1, 3401.6630000000000109, 117.20621992761022057, 3395.0720000000001164, 1, 3401.6630000000000109, 86.123126625889653951, 3395.0720000000001164, 1, 3401.6630000000000109, 0, 3395.0720000000001164, 1
3401.76299999999992, 0, 3395.0770000000002256, 1, 3401.76299999999992, 105.1693963750182661, 3395.0770000000002256, 1, 3401.76299999999992, 95.519692474133336191, 3395.0770000000002256, 1, 3401.76299999999992, 0, 3395.0770000000002256, 1
3401.8130000000001019, 288.22675817643840901, 3395.0830000000000837, 1, 3401.8130000000001019, 68.332407144807618238, 3395.0830000000000837, 1, 3401.8130000000001019, 108.98658358788746625, 3395.0830000000000837, 1, 3401.8130000000001019, 0, 3395.0830000000000837, 1
3401.86200000000008, 36.789436713836167314, 3395.0869999999999891, 1, 3401.86200000000008, 67.938508487400397939, 3395.0869999999999891, 1, 3401.86200000000008, 41.196944675683766945, 3395.0869999999999891, 1, 3401.86200000000008, 41.701722748325352086, 3395.0869999999999891, 1
3401.86200000000008, 67.72793459576217856, 3395.0920000000000982, 1, 3401.86200000000008, 56.798510605420716502, 3395.0920000000000982, 1, 3401.86200000000008, 63.497943723654451276, 3395.0920000000000982, 1, 3401.86200000000008, 39.106682696865206594, 3395.0920000000000982, 1
3401.9130000000000109, 111.64787149613702866, 3395.0970000000002074, 1, 3401.9130000000000109, 0, 3395.0970000000002074, 1, 3401.9130000000000109, 0, 3395.0970000000002074, 1, 3401.9130000000000109, 72.892718827772412737, 3395.0970000000002074, 1
3401.9630000000001928, 115.01313472436160623, 3395.1019999999998618, 1, 3401.9630000000001928, 0, 3395.1019999999998618, 1, 3401.9630000000001928, 0, 3395.1019999999998618, 1, 3401.9630000000001928, 87.525668492204346194, 3395.1019999999998618, 1
3402.01299999999992, 107.6358124861421004, 3395.1069999999999709, 1, 3402.01299999999992, 0, 3395.1069999999999709, 1, 3402.01299999999992, 0, 3395.1069999999999709, 1, 3402.01299999999992, 102.59567750451365953, 3395.1069999999999709, 1
3402.0630000000001019, 101.1617617467485104, 3395.112999999999829, 1, 3402.0630000000001019, 0, 3395.112999999999829, 1, 3402.0630000000001019, 0, 3395.112999999999829, 1, 3402.0630000000001019, 112.95787334657460121, 3395.112999999999829, 1
3402.112999999999829, 60.62032836009457526, 3395.1170000000001892, 1, 3402.112999999999829, 129.53133281306895697, 3395.1170000000001892, 1, 3402.112999999999829, 97.86974126042994726, 3395.1170000000001892, 1, 3402.112999999999829, 71.801752119962429788, 3395.1170000000001892, 1
3402.2130000000001928, 50.316249959615078069, 3395.1219999999998436, 1, 3402.2130000000001928, 44.822346387399569778, 3395.1219999999998436, 1, 3402.2130000000001928, 24.704134361886502802, 3395.1219999999998436, 1, 3402.2130000000001928, 46.511688809775343145, 3395.1219999999998436, 1
3402.2130000000001928, 30.991359059990649882, 3395.1269999999999527, 1, 3402.2130000000001928, 96.819376006266054446, 3395.1269999999999527, 1, 3402.2130000000001928, 69.320915716053718825, 3395.1269999999999527, 1, 3402.2130000000001928, 25.062644134355252845, 3395.1269999999999527, 1
3402.3119999999998981, 0, 3395.1320000000000618, 1, 3402.3119999999998981, 127.5292809498191815, 3395.1320000000000618, 1, 3402.3119999999998981, 71.579826330197363404, 3395.1320000000000618, 1, 3402.3119999999998981, 0, 3395.1320000000000618, 1
3402.3119999999998981, 0, 3395.137000000000171, 1, 3402.3119999999998981, 117.09420028049004259, 3395.137000000000171, 1, 3402.3119999999998981, 88.787302177978034479, 3395.137000000000171, 1, 3402.3119999999998981, 0, 3395.137000000000171, 1
3402.4130000000000109, 0, 3395.1430000000000291, 1, 3402.4130000000000109, 104.24380320042983783, 3395.1430000000000291, 1, 3402.4130000000000109, 94.639592708926272735, 3395.1430000000000291, 1, 3402.4130000000000109, 0, 3395.1430000000000291, 1
3402.51299999999992, 36.305078376558931552, 3395.1469999999999345, 1, 3402.51299999999992, 0, 3395.1469999999999345, 1, 3402.51299999999992, 74.742436377420318649, 3395.1469999999999345, 1, 3402.51299999999992, 38.750511836394608167, 3395.1469999999999345, 1
3402.5619999999998981, 111.51937014979924356, 3395.1520000000000437, 1, 3402.5619999999998981, 0, 3395.1520000000000437, 1, 3402.5619999999998981, 0, 3395.1520000000000437, 1, 3402.5619999999998981, 56.854547311919276353, 3395.1520000000000437, 1
3402.6199999999998909, 114.91095187648298293, 3395.1570000000001528, 1, 3402.6199999999998909, 0, 3395.1570000000001528, 1, 3402.6199999999998909, 0, 3395.1570000000001528, 1, 3402.6199999999998909, 86.104109268343648864, 3395.1570000000001528, 1
3402.6630000000000109, 108.12773664514671168, 3395.1619999999998072, 1, 3402.6630000000000109, 0, 3395.1619999999998072, 1, 3402.6630000000000109, 0, 3395.1619999999998072, 1, 3402.6630000000000109, 102.63870869490480686, 3395.1619999999998072, 1
3402.76299999999992, 99.207475181510275775, 3395.1680000000001201, 1, 3402.76299999999992, 0, 3395.1680000000001201, 1, 3402.76299999999992, 0, 3395.1680000000001201, 1, 3402.76299999999992, 108.7710984030777297, 3395.1680000000001201, 1
3402.7640000000001237, 63.169589166114960221, 3395.1720000000000255, 1, 3402.7640000000001237, 137.17685613731583771, 3395.1720000000000255, 1, 3402.7640000000001237, 105.83450917671521552, 3395.1720000000000255, 1, 3402.7640000000001237, 67.380096757279403619, 3395.1720000000000255, 1
3402.86200000000008, 47.453182490437498586, 3395.1770000000001346, 1, 3402.86200000000008, 47.836888724343822332, 3395.1770000000001346, 1, 3402.86200000000008, 21.476900608348103106, 3395.1770000000001346, 1, 3402.86200000000008, 44.812308977740187288, 3395.1770000000001346, 1
3402.9119999999998072, 37.233538035474481376, 3395.181999999999789, 1, 3402.9119999999998072, 99.707653588824385338, 3395.181999999999789, 1, 3402.9119999999998072, 69.780299007648125098, 3395.181999999999789, 1, 3402.9119999999998072, 31.786587263536517867, 3395.181999999999789, 1
3402.9630000000001928, 0, 3395.1880000000001019, 1, 3402.9630000000001928, 127.13566852262279383, 3395.1880000000001019, 1, 3402.9630000000001928, 71.555936117626075088, 3395.1880000000001019, 1, 3402.9630000000001928, 0, 3395.1880000000001019, 1
3403.01299999999992, 0, 3395.1920000000000073, 1, 3403.01299999999992, 115.65820769548635383, 3395.1920000000000073, 1, 3403.01299999999992, 88.16708727555182179, 3395.1920000000000073, 1, 3403.01299999999992, 0, 3395.1920000000000073, 1
3403.01299999999992, 0, 3395.1979999999998654, 1, 3403.01299999999992, 105.82956939418251352, 3395.1979999999998654, 1, 3403.01299999999992, 101.75181382637265415, 3395.1979999999998654, 1, 3403.01299999999992, 0, 3395.1979999999998654, 1
3403.0630000000001019, 287.9488737506818552, 3395.2020000000002256, 1, 3403.0630000000001019, 69.024968456109689896, 3395.2020000000002256, 1, 3403.0630000000001019, 110.89522346680816156, 3395.2020000000002256, 1, 3403.0630000000001019, 0, 3395.2020000000002256, 1
3403.1630000000000109, 38.839149471866996066, 3395.2069999999998799, 1, 3403.1630000000000109, 0, 3395.2069999999998799, 1, 3403.1630000000000109, 40.279606778700177472, 3395.2069999999998799, 1, 3403.1630000000000109, 43.750916251221340758, 3395.2069999999998799, 1
3403.1630000000000109, 66.932411260619389282, 3395.2119999999999891, 1, 3403.1630000000000109, 65.528864373665939524, 3395.2119999999999891, 1, 3403.1630000000000109, 63.864612508626422027, 3395.2119999999999891, 1, 3403.1630000000000109, 40.298578453148039102, 3395.2119999999999891, 1
3403.26299999999992, 111.72275632330499207, 3395.2170000000000982, 1, 3403.26299999999992, 0, 3395.2170000000000982, 1, 3403.26299999999992, 0, 3395.2170000000000982, 1, 3403.26299999999992, 73.234084956476181105, 3395.2170000000000982, 1
3403.26299999999992, 115.97043986241736491, 3395.2220000000002074, 1, 3403.26299999999992, 0, 3395.2220000000002074, 1, 3403.26299999999992, 0, 3395.2220000000002074, 1, 3403.26299999999992, 88.202415694514101574, 3395.2220000000002074, 1
3403.3640000000000327, 105.88080378587721952, 3395.2269999999998618, 1, 3403.3640000000000327, 0, 3395.2269999999998618, 1, 3403.3640000000000327, 0, 3395.2269999999998618, 1, 3403.3640000000000327, 97.643115696285391891, 3395.2269999999998618, 1
3403.3640000000000327, 100.62476103902947955, 3395.2319999999999709, 1, 3403.3640000000000327, 0, 3395.2319999999999709, 1, 3403.3640000000000327, 0, 3395.2319999999999709, 1, 3403.3640000000000327, 109.7886022215306383, 3395.2319999999999709, 1
3403.4130000000000109, 62.659428102462371157, 3395.237999999999829, 1, 3403.4130000000000109, 132.75988024144851352, 3395.237999999999829, 1, 3403.4130000000000109, 106.18666320337995046, 3395.237999999999829, 1, 3403.4130000000000109, 68.856342898243440231, 3395.237999999999829, 1
3403.4639999999999418, 51.514942910440865376, 3395.2420000000001892, 1, 3403.4639999999999418, 46.317182031535722331, 3395.2420000000001892, 1, 3403.4639999999999418, 22.418472549056204457, 3395.2420000000001892, 1, 3403.4639999999999418, 49.447381072125708101, 3395.2420000000001892, 1
3403.5630000000001019, 35.579913841686355624, 3395.2469999999998436, 1, 3403.5630000000001019, 96.818884210555665959, 3395.2469999999998436, 1, 3403.5630000000001019, 68.609340813787099478, 3395.2469999999998436, 1, 3403.5630000000001019, 28.422696643015321172, 3395.2469999999998436, 1
3403.5630000000001019, 0, 3395.2519999999999527, 1, 3403.5630000000001019, 127.1246342714258617, 3395.2519999999999527, 1, 3403.5630000000001019, 71.409583370116536116, 3395.2519999999999527, 1, 3403.5630000000001019, 0, 3395.2519999999999527, 1
3403.6619999999998072, 0, 3395.2570000000000618, 1, 3403.6619999999998072, 116.86347821467469998, 3395.2570000000000618, 1, 3403.6619999999998072, 85.692521184405677559, 3395.2570000000000618, 1, 3403.6619999999998072, 0, 3395.2570000000000618, 1
3403.7130000000001928, 0, 3395.262000000000171, 1, 3403.7130000000001928, 105.42131787298973222, 3395.262000000000171, 1, 3403.7130000000001928, 97.781894815653089381, 3395.262000000000171, 1, 3403.7130000000001928, 0, 3395.262000000000171, 1
3403.76299999999992, 287.97165007333921949, 3395.2669999999998254, 1, 3403.76299999999992, 68.609894533131409844, 3395.2669999999998254, 1, 3403.76299999999992, 111.38417105749917368, 3395.2669999999998254, 1, 3403.76299999999992, 0, 3395.2669999999998254, 1
3403.76299999999992, 36.502273939579055195, 3395.2719999999999345, 1, 3403.76299999999992, 0, 3395.2719999999999345, 1, 3403.76299999999992, 41.790776658129203724, 3395.2719999999999345, 1, 3403.76299999999992, 40.990357191258873115, 3395.2719999999999345, 1
3403.8130000000001019, 68.914970011653210236, 3395.2770000000000437, 1, 3403.8130000000001019, 68.393740151437683039, 3395.2770000000000437, 1, 3403.8130000000001019, 61.94409922328105722, 3395.2770000000000437, 1, 3403.8130000000001019, 42.493741712030313806, 3395.2770000000000437, 1
3403.862999999999829, 110.61271367955312428, 3395.2820000000001528, 1, 3403.862999999999829, 0, 3395.2820000000001528, 1, 3403.862999999999829, 0, 3395.2820000000001528, 1, 3403.862999999999829, 72.867653456144140023, 3395.2820000000001528, 1
3403.9130000000000109, 115.97702591808385364, 3395.2860000000000582, 1, 3403.9130000000000109, 0, 3395.2860000000000582, 1, 3403.9130000000000109, 0, 3395.2860000000000582, 1, 3403.9130000000000109, 85.871600648135185452, 3395.2860000000000582, 1
3403.9630000000001928, 106.83109416965706373, 3395.2919999999999163, 1, 3403.9630000000001928, 0, 3395.2919999999999163, 1, 3403.9630000000001928, 0, 3395.2919999999999163, 1, 3403.9630000000001928, 98.326986957783589105, 3395.2919999999999163, 1
3404.01299999999992, 100.13642876491759637, 3395.2979999999997744, 1, 3404.01299999999992, 0, 3395.2979999999997744, 1, 3404.01299999999992, 0, 3395.2979999999997744, 1, 3404.01299999999992, 107.8419883815751632, 3395.2979999999997744, 1
3404.112999999999829, 64.290459674787882705, 3395.3020000000001346, 1, 3404.112999999999829, 139.0023182563454327, 3395.3020000000001346, 1, 3404.112999999999829, 97.026279411232280836, 3395.3020000000001346, 1, 3404.112999999999829, 68.342376891378592063, 3395.3020000000001346, 1
3404.1619999999998072, 57.759045566099011637, 3395.306999999999789, 1, 3404.1619999999998072, 47.678425284493727077, 3395.306999999999789, 1, 3404.1619999999998072, 23.579668972206182076, 3395.306999999999789, 1, 3404.1619999999998072, 47.878523443614554367, 3395.306999999999789, 1
3404.2130000000001928, 37.848003507220916219, 3395.3119999999998981, 1, 3404.2130000000001928, 95.772141728679599737, 3395.3119999999998981, 1, 3404.2130000000001928, 69.67101209205443979, 3395.3119999999998981, 1, 3404.2130000000001928, 24.762480376556169404, 3395.3119999999998981, 1
3404.26299999999992, 0, 3395.3170000000000073, 1, 3404.26299999999992, 126.54271647488442909, 3395.3170000000000073, 1, 3404.26299999999992, 72.405923260043635992, 3395.3170000000000073, 1, 3404.26299999999992, 0, 3395.3170000000000073, 1
3404.2640000000001237, 0, 3395.3220000000001164, 1, 3404.2640000000001237, 115.93998352782253392, 3395.3220000000001164, 1, 3404.2640000000001237, 90.614564254033410862, 3395.3220000000001164, 1, 3404.2640000000001237, 0, 3395.3220000000001164, 1
3404.3130000000001019, 0, 3395.3270000000002256, 1, 3404.3130000000001019, 105.66196063967295515, 3395.3270000000002256, 1, 3404.3130000000001019, 101.37491747356361316, 3395.3270000000002256, 1, 3404.3130000000001019, 0, 3395.3270000000002256, 1
3404.362999999999829, 276.64324357376125363, 3395.3319999999998799, 1, 3404.362999999999829, 68.94560678036042134, 3395.3319999999998799, 1, 3404.362999999999829, 112.81904162957835069, 3395.3319999999998799, 1, 3404.362999999999829, 0, 3395.3319999999998799, 1
3404.4140000000002146, 36.766615775416113365, 3395.3369999999999891, 1, 3404.4140000000002146, 40.52961979864844011, 3395.3369999999999891, 1, 3404.4140000000002146, 40.606503449917859427, 3395.3369999999999891, 1, 3404.4140000000002146, 42.990903772804415439, 3395.3369999999999891, 1
3404.51299999999992, 64.023758728532143891, 3395.3429999999998472, 1, 3404.51299999999992, 59.227489800937604514, 3395.3429999999998472, 1, 3404.51299999999992, 67.383158812535185689, 3395.3429999999998472, 1, 3404.51299999999992, 37.822235184954564602, 3395.3429999999998472, 1
3404.51299999999992, 112.00690409992542129, 3395.3479999999999563, 1, 3404.51299999999992, 0, 3395.3479999999999563, 1, 3404.51299999999992, 0, 3395.3479999999999563, 1, 3404.51299999999992, 72.790994383687959157, 3395.3479999999999563, 1
3404.5630000000001019, 115.99298774010185298, 3395.3519999999998618, 1, 3404.5630000000001019, 0, 3395.3519999999998618, 1, 3404.5630000000001019, 0, 3395.3519999999998618, 1, 3404.5630000000001019, 86.217905257014621156, 3395.3519999999998618, 1
3404.612999999999829, 107.73210838020452229, 3395.3569999999999709, 1, 3404.612999999999829, 0, 3395.3569999999999709, 1, 3404.612999999999829, 0, 3395.3569999999999709, 1, 3404.612999999999829, 99.469159446330962737, 3395.3569999999999709, 1
3404.6649999999999636, 100.98905603510996798, 3395.36200000000008, 1, 3404.6649999999999636, 0, 3395.36200000000008, 1, 3404.6649999999999636, 0, 3395.36200000000008, 1, 3404.6649999999999636, 109.74839211517334547, 3395.36200000000008, 1
3404.7130000000001928, 65.341455900882110086, 3395.3670000000001892, 1, 3404.7130000000001928, 134.48954805065898199, 3395.3670000000001892, 1, 3404.7130000000001928, 102.06071903371693566, 3395.3670000000001892, 1, 3404.7130000000001928, 71.685296549134875477, 3395.3670000000001892, 1
3404.76299999999992, 49.923363579724046701, 3395.3730000000000473, 1, 3404.76299999999992, 47.285522630564770452, 3395.3730000000000473, 1, 3404.76299999999992, 22.898709299676621498, 3395.3730000000000473, 1, 3404.76299999999992, 46.945102949082844646, 3395.3730000000000473, 1
3404.862999999999829, 42.864158253716368563, 3395.3769999999999527, 1, 3404.862999999999829, 96.926424861115108911, 3395.3769999999999527, 1, 3404.862999999999829, 68.471517660899166913, 3395.3769999999999527, 1, 3404.862999999999829, 36.214203536511938353, 3395.3769999999999527, 1
3404.862999999999829, 0, 3395.3829999999998108, 1, 3404.862999999999829, 126.16097931298953938, 3395.3829999999998108, 1, 3404.862999999999829, 72.37411696935507166, 3395.3829999999998108, 1, 3404.862999999999829, 0, 3395.3829999999998108, 1
3404.9630000000001928, 0, 3395.387000000000171, 1, 3404.9630000000001928, 114.89521397476291042, 3395.387000000000171, 1, 3404.9630000000001928, 85.729274022218206142, 3395.387000000000171, 1, 3404.9630000000001928, 0, 3395.387000000000171, 1
3405.01299999999992, 0, 3395.3919999999998254, 1, 3405.01299999999992, 105.40069403079274934, 3395.3919999999998254, 1, 3405.01299999999992, 99.992870988129851639, 3395.3919999999998254, 1, 3405.01299999999992, 0, 3395.3919999999998254, 1
3405.01299999999992, 275.75078673637341353, 3395.3980000000001382, 1, 3405.01299999999992, 68.553712499858292517, 3395.3980000000001382, 1, 3405.01299999999992, 114.75500755800209163, 3395.3980000000001382, 1, 3405.01299999999992, 0, 3395.3980000000001382, 1
3405.0619999999998981, 44.588226129258629271, 3395.4020000000000437, 1, 3405.0619999999998981, 39.315295903271980649, 3395.4020000000000437, 1, 3405.0619999999998981, 35.939477717693790737, 3395.4020000000000437, 1, 3405.0619999999998981, 41.262738117804403259, 3395.4020000000000437, 1
3405.1619999999998072, 63.006085089356361095, 3395.4070000000001528, 1, 3405.1619999999998072, 59.687370300569369874, 3395.4070000000001528, 1, 3405.1619999999998072, 69.442301912292208499, 3395.4070000000001528, 1, 3405.1619999999998072, 29.420534700284889595, 3395.4070000000001528, 1
3405.1630000000000109, 109.49389373327483099, 3395.4119999999998072, 1, 3405.1630000000000109, 0, 3395.4119999999998072, 1, 3405.1630000000000109, 0, 3395.4119999999998072, 1, 3405.1630000000000109, 73.380565467271168245, 3395.4119999999998072, 1
3405.2119999999999891, 116.92898798820695561, 3395.418999999999869, 1, 3405.2119999999999891, 0, 3395.418999999999869, 1, 3405.2119999999999891, 0, 3395.418999999999869, 1, 3405.2119999999999891, 86.590597106486910661, 3395.418999999999869, 1
3405.26299999999992, 108.85103996472207655, 3395.4229999999997744, 1, 3405.26299999999992, 0, 3395.4229999999997744, 1, 3405.26299999999992, 0, 3395.4229999999997744, 1, 3405.26299999999992, 101.02274211375873847, 3395.4229999999997744, 1
3405.3130000000001019, 100.04141828547261639, 3395.4279999999998836, 1, 3405.3130000000001019, 0, 3395.4279999999998836, 1, 3405.3130000000001019, 0, 3395.4279999999998836, 1, 3405.3130000000001019, 108.84297636214353133, 3395.4279999999998836, 1
3405.362999999999829, 66.940255530830569342, 3395.4340000000001965, 1, 3405.362999999999829, 153.89139740171617632, 3395.4340000000001965, 1, 3405.362999999999829, 108.12945716294197496, 3395.4340000000001965, 1, 3405.362999999999829, 75.71282806367646856, 3395.4340000000001965, 1
3405.4619999999999891, 54.391540381024974238, 3395.4369999999998981, 1, 3405.4619999999999891, 40.984883128886863801, 3395.4369999999998981, 1, 3405.4619999999999891, 23.017974573455994403, 3395.4369999999998981, 1, 3405.4619999999999891, 48.104373810474768902, 3395.4369999999998981, 1
3405.4630000000001928, 48.399632536005704253, 3395.443000000000211, 1, 3405.4630000000001928, 90.545781885255905763, 3395.443000000000211, 1, 3405.4630000000001928, 64.968838854009206329, 3395.443000000000211, 1, 3405.4630000000001928, 37.527840178673329774, 3395.443000000000211, 1
3405.512000000000171, 0, 3395.4470000000001164, 1, 3405.512000000000171, 126.36162446370938994, 3395.4470000000001164, 0, 3405.512000000000171, 72.529661059479934693, 3395.4470000000001164, 0, 3405.512000000000171, 0, 3395.4470000000001164, 1
3405.6100000000001273, 0, 3395.4529999999999745, 1, 3405.6100000000001273, 115.07605183961828743, 3395.4529999999999745, 0, 3405.6100000000001273, 85.256182991320201836, 3395.4529999999999745, 0, 3405.6100000000001273, 0, 3395.4529999999999745, 1
3405.6630000000000109, 0, 3395.4569999999998799, 1, 3405.6630000000000109, 103.07193256079447963, 3395.4569999999998799, 0, 3405.6630000000000109, 100.63730099732853773, 3395.4569999999998799, 0, 3405.6630000000000109, 0, 3395.4569999999998799, 1
3405.6630000000000109, 295.32464879118094814, 3395.4630000000001928, 1, 3405.6630000000000109, 72.699203529925213729, 3395.4630000000001928, 0, 3405.6630000000000109, 114.51976750487546042, 3395.4630000000001928, 0, 3405.6630000000000109, 0, 3395.4630000000001928, 1
3405.7640000000001237, 45.537515377451697418, 3395.4670000000000982, 1, 3405.7640000000001237, 0, 3395.4670000000000982, 0, 3405.7640000000001237, 44.487797348543125509, 3395.4670000000000982, 0, 3405.7640000000001237, 43.525505327429755198, 3395.4670000000000982, 1
3405.8130000000001019, 63.952427794883980994, 3395.4729999999999563, 1, 3405.8130000000001019, 71.010326075927750367, 3395.4729999999999563, 0, 3405.8130000000001019, 69.415568244485953642, 3395.4729999999999563, 0, 3405.8130000000001019, 31.775204250399781358, 3395.4729999999999563, 1
3405.862999999999829, 105.34816684808225773, 3395.4769999999998618, 1, 3405.862999999999829, 0, 3395.4769999999998618, 0, 3405.862999999999829, 0, 3395.4769999999998618, 0, 3405.862999999999829, 66.393288409651034954, 3395.4769999999998618, 1
3405.862999999999829, 117.45330172560215942, 3395.4819999999999709, 1, 3405.862999999999829, 0, 3395.4819999999999709, 0, 3405.862999999999829, 0, 3395.4819999999999709, 0, 3405.862999999999829, 82.313223898182187099, 3395.4819999999999709, 1
3405.9149999999999636, 110.34323157587293451, 3395.48700000000008, 1, 3405.9149999999999636, 0, 3395.48700000000008, 0, 3405.9149999999999636, 0, 3395.48700000000008, 0, 3405.9149999999999636, 99.68757991592565304, 3395.48700000000008, 1
3406.012000000000171, 102.28042090563641864, 3395.4920000000001892, 1, 3406.012000000000171, 0, 3395.4920000000001892, 0, 3406.012000000000171, 0, 3395.4920000000001892, 0, 3406.012000000000171, 108.93822536251967392, 3395.4920000000001892, 1
3406.012000000000171, 68.677020308974050522, 3395.4989999999997963, 1, 3406.012000000000171, 158.82818616314949622, 3395.4989999999997963, 0, 3406.012000000000171, 104.77243555094918293, 3395.4989999999997963, 0, 3406.012000000000171, 78.003170245173365061, 3395.4989999999997963, 1
3406.0630000000001019, 60.258696627704750881, 3395.5019999999999527, 1, 3406.0630000000001019, 41.367727445814551857, 3395.5019999999999527, 0, 3406.0630000000001019, 22.839949171820357776, 3395.5019999999999527, 0, 3406.0630000000001019, 50.306940501759484619, 3395.5019999999999527, 1
3406.112999999999829, 46.319614250530428023, 3395.5079999999998108, 1, 3406.112999999999829, 87.204408139297015623, 3395.5079999999998108, 0, 3406.112999999999829, 63.733548989285381481, 3395.5079999999998108, 0, 3406.112999999999829, 36.310725502114358676, 3395.5079999999998108, 1
3406.1619999999998072, 0, 3395.51299999999992, 1, 3406.1619999999998072, 125.96509346877662949, 3395.51299999999992, 0, 3406.1619999999998072, 71.894866654534951067, 3395.51299999999992, 0, 3406.1619999999998072, 0, 3395.51299999999992, 1
3406.26299999999992, 0, 3395.5169999999998254, 1, 3406.26299999999992, 115.67460833403612241, 3395.5169999999998254, 0, 3406.26299999999992, 84.645084267194704353, 3395.5169999999998254, 0, 3406.26299999999992, 0, 3395.5169999999998254, 1
3406.3130000000001019, 0, 3395.5230000000001382, 1, 3406.3130000000001019, 104.71650167509332618, 3395.5230000000001382, 0, 3406.3130000000001019, 95.640277338019217268, 3395.5230000000001382, 0, 3406.3130000000001019, 0, 3395.5230000000001382, 1
3406.3640000000000327, 306.14394254395926964, 3395.5270000000000437, 1, 3406.3640000000000327, 73.28251360303175943, 3395.5270000000000437, 0, 3406.3640000000000327, 113.65301077447635691, 3395.5270000000000437, 0, 3406.3640000000000327, 0, 3395.5270000000000437, 1
3406.4119999999998072, 51.716018646357980515, 3395.5320000000001528, 1, 3406.4119999999998072, 0, 3395.5320000000001528, 0, 3406.4119999999998072, 44.253357797418033215, 3395.5320000000001528, 0, 3406.4119999999998072, 43.085957158506957398, 3395.5320000000001528, 1
3406.4119999999998072, 67.799111878086051775, 3395.5369999999998072, 1, 3406.4119999999998072, 72.76677620217380138, 3395.5369999999998072, 0, 3406.4119999999998072, 59.35862398719826416, 3395.5369999999998072, 0, 3406.4119999999998072, 39.073968599095309173, 3395.5369999999998072, 1
3406.4630000000001928, 107.86260897357979616, 3395.543999999999869, 1, 3406.4630000000001928, 0, 3395.543999999999869, 0, 3406.4630000000001928, 0, 3395.543999999999869, 0, 3406.4630000000001928, 70.392121275372574019, 3395.543999999999869, 1
3406.5630000000001019, 115.73962952649486624, 3395.5479999999997744, 1, 3406.5630000000001019, 0, 3395.5479999999997744, 0, 3406.5630000000001019, 0, 3395.5479999999997744, 0, 3406.5630000000001019, 82.915775863489614039, 3395.5479999999997744, 1
3406.61200000000008, 107.5857543864728143, 3395.5520000000001346, 1, 3406.61200000000008, 0, 3395.5520000000001346, 0, 3406.61200000000008, 0, 3395.5520000000001346, 0, 3406.61200000000008, 98.996782451901168542, 3395.5520000000001346, 1
3406.61200000000008, 101.98155790962562151, 3395.5579999999999927, 1, 3406.61200000000008, 0, 3395.5579999999999927, 0, 3406.61200000000008, 0, 3395.5579999999999927, 0, 3406.61200000000008, 110.57122506216971658, 3395.5579999999999927, 1
3406.6630000000000109, 64.815763375291609805, 3395.5650000000000546, 1, 3406.6630000000000109, 153.249832750250647, 3395.5650000000000546, 0, 3406.6630000000000109, 105.57560821938844242, 3395.5650000000000546, 0, 3406.6630000000000109, 78.570505559557233255, 3395.5650000000000546, 1
3406.7139999999999418, 52.296543477835498948, 3395.5670000000000073, 1, 3406.7139999999999418, 43.239556690465384747, 3395.5670000000000073, 0, 3406.7139999999999418, 24.875356635598002697, 3395.5670000000000073, 0, 3406.7139999999999418, 47.813133048013767734, 3395.5670000000000073, 1
3406.762000000000171, 48.143186600335454273, 3395.5729999999998654, 1, 3406.762000000000171, 91.461802323116174307, 3395.5729999999998654, 1, 3406.762000000000171, 64.710462995626940597, 3395.5729999999998654, 1, 3406.762000000000171, 34.804086121945928767, 3395.5729999999998654, 1
3406.8130000000001019, 0, 3395.5770000000002256, 1, 3406.8130000000001019, 126.05511727926256071, 3395.5770000000002256, 1, 3406.8130000000001019, 72.390070663827600583, 3395.5770000000002256, 1, 3406.8130000000001019, 0, 3395.5770000000002256, 1
3406.9119999999998072, 0, 3395.5819999999998799, 1, 3406.9119999999998072, 115.8167861580097906, 3395.5819999999998799, 1, 3406.9119999999998072, 87.587727879097656114, 3395.5819999999998799, 1, 3406.9119999999998072, 0, 3395.5819999999998799, 1
3406.9119999999998072, 0, 3395.5869999999999891, 1, 3406.9119999999998072, 105.40997851965769883, 3395.5869999999999891, 1, 3406.9119999999998072, 102.49852090958938788, 3395.5869999999999891, 1, 3406.9119999999998072, 0, 3395.5869999999999891, 1
3407.01299999999992, 280.43213729979510163, 3395.5929999999998472, 1, 3407.01299999999992, 71.185929729211039785, 3395.5929999999998472, 1, 3407.01299999999992, 112.72105299268220335, 3395.5929999999998472, 1, 3407.01299999999992, 0, 3395.5929999999998472, 1
3407.0140000000001237, 60.843044812708974689, 3395.5970000000002074, 1, 3407.0140000000001237, 0, 3395.5970000000002074, 1, 3407.0140000000001237, 43.347572388521776077, 3395.5970000000002074, 1, 3407.0140000000001237, 42.802264686909765601, 3395.5970000000002074, 1
3407.11200000000008, 71.826392361191253144, 3395.6019999999998618, 1, 3407.11200000000008, 49.134115457762156609, 3395.6019999999998618, 1, 3407.11200000000008, 38.059139561388285244, 3395.6019999999998618, 1, 3407.11200000000008, 36.424659331805415263, 3395.6019999999998618, 1
3407.11200000000008, 124.75356370340256262, 3395.6069999999999709, 1, 3407.11200000000008, 0, 3395.6069999999999709, 1, 3407.11200000000008, 0, 3395.6069999999999709, 1, 3407.11200000000008, 81.44548786993314593, 3395.6069999999999709, 1
3407.2130000000001928, 130.46915583990733012, 3395.612999999999829, 1, 3407.2130000000001928, 0, 3395.612999999999829, 1, 3407.2130000000001928, 0, 3395.612999999999829, 1, 3407.2130000000001928, 66.845739984332311678, 3395.612999999999829, 1
3407.2130000000001928, 129.10246362018366995, 3395.6170000000001892, 1, 3407.2130000000001928, 0, 3395.6170000000001892, 1, 3407.2130000000001928, 0, 3395.6170000000001892, 1, 3407.2130000000001928, 79.625361830694529885, 3395.6170000000001892, 1
3407.26299999999992, 125.65921419038026841, 3395.6219999999998436, 1, 3407.26299999999992, 0, 3395.6219999999998436, 1, 3407.26299999999992, 0, 3395.6219999999998436, 1, 3407.26299999999992, 74.370903638952128745, 3395.6219999999998436, 1
3407.3119999999998981, 69.531028785958881144, 3395.6269999999999527, 1, 3407.3119999999998981, 273.73057482394955287, 3395.6269999999999527, 1, 3407.3119999999998981, 0, 3395.6269999999999527, 1, 3407.3119999999998981, 27.282443414674432347, 3395.6269999999999527, 1
3407.3640000000000327, 65.90614158292294178, 3395.6329999999998108, 1, 3407.3640000000000327, 89.514503980848019182, 3395.6329999999998108, 1, 3407.3640000000000327, 28.83445604052825928, 3395.6329999999998108, 1, 3407.3640000000000327, 42.787385091504674506, 3395.6329999999998108, 1
3407.4130000000000109, 63.707679497570801175, 3395.637000000000171, 1, 3407.4130000000000109, 90.063583607535093734, 3395.637000000000171, 1, 3407.4130000000000109, 10.147660030988431501, 3395.637000000000171, 1, 3407.4130000000000109, 45.123913586956689414, 3395.637000000000171, 1
3407.4659999999998945, 70.151914180344789429, 3395.6410000000000764, 1, 3407.4659999999998945, 75.059950453019638417, 3395.6410000000000764, 1, 3407.4659999999998945, 21.534903684333091434, 3395.6410000000000764, 1, 3407.4659999999998945, 35.376371529700726626, 3395.6410000000000764, 1
3407.5619999999998981, 72.472572014389513129, 3395.6469999999999345, 1, 3407.5619999999998981, 61.029961683942488548, 3395.6469999999999345, 1, 3407.5619999999998981, 34.094599086500508633, 3395.6469999999999345, 1, 3407.5619999999998981, 35.644786692749299561, 3395.6469999999999345, 1
3407.5619999999998981, 71.145455218988729484, 3395.6520000000000437, 0, 3407.5619999999998981, 52.176367769886567771, 3395.6520000000000437, 1, 3407.5619999999998981, 42.103834755846399673, 3395.6520000000000437, 1, 3407.5619999999998981, 38.767610077984464567, 3395.6520000000000437, 0
3407.61200000000008, 68.599652167135346303, 3395.6570000000001528, 0, 3407.61200000000008, 48.203244549681365072, 3395.6570000000001528, 1, 3407.61200000000008, 45.381744836034599189, 3395.6570000000001528, 1, 3407.61200000000008, 42.114317530216311525, 3395.6570000000001528, 0
3407.6630000000000109, 66.053038794054927507, 3395.6619999999998072, 0, 3407.6630000000000109, 48.290061850638807073, 3395.6619999999998072, 1, 3407.6630000000000109, 45.504223012697416095, 3395.6619999999998072, 1, 3407.6630000000000109, 44.698078653779802494, 3395.6619999999998072, 0
3407.7130000000001928, 64.243590241094253201, 3395.6669999999999163, 0, 3407.7130000000001928, 50.36841390249981032, 3395.6669999999999163, 1, 3407.7130000000001928, 43.888545382790773886, 3395.6669999999999163, 1, 3407.7130000000001928, 46.087811054117253207, 3395.6669999999999163, 0
3407.8119999999998981, 63.342801270502306465, 3395.6720000000000255, 0, 3407.8119999999998981, 52.934214489019737471, 3395.6720000000000255, 1, 3407.8119999999998981, 41.795625867061126257, 3395.6720000000000255, 1, 3407.8119999999998981, 46.438701849634171026, 3395.6720000000000255, 0
3407.8119999999998981, 63.195580343137045531, 3395.6790000000000873, 0, 3407.8119999999998981, 55.094451153185701742, 3395.6790000000000873, 1, 3407.8119999999998981, 39.994811163267158349, 3395.6790000000000873, 1, 3407.8119999999998981, 46.139079656086565251, 3395.6790000000000873, 0
3407.9130000000000109, 63.507746218699082874, 3395.681999999999789, 0, 3407.9130000000000109, 56.524388685147179956, 3395.681999999999789, 1, 3407.9130000000000109, 38.793010698187814, 3395.681999999999789, 1, 3407.9130000000000109, 45.557037550838622053, 3395.681999999999789, 0
3407.9140000000002146, 63.989171333275550069, 3395.6880000000001019, 0, 3407.9140000000002146, 57.194643661865065098, 3395.6880000000001019, 1, 3407.9140000000002146, 38.203813520734740905, 3395.6880000000001019, 1, 3407.9140000000002146, 44.957173541344985779, 3395.6880000000001019, 0
3407.9639999999999418, 64.32792080366075993, 3395.6920000000000073, 0, 3407.9639999999999418, 57.725217386810619757, 3395.6920000000000073, 1, 3407.9639999999999418, 38.19859499697561489, 3395.6920000000000073, 1, 3407.9639999999999418, 44.444600502112244556, 3395.6920000000000073, 0
3408.0619999999998981, 64.734117015500444836, 3395.6970000000001164, 0, 3408.0619999999998981, 57.059879467797806285, 3395.6970000000001164, 1, 3408.0619999999998981, 38.278590959080531775, 3395.6970000000001164, 1, 3408.0619999999998981, 44.274849164527026346, 3395.6970000000001164, 0
3408.0619999999998981, 64.874912337600378009, 3395.7020000000002256, 0, 3408.0619999999998981, 56.718499732224373133, 3395.7020000000002256, 1, 3408.0619999999998981, 38.558480356750635565, 3395.7020000000002256, 1, 3408.0619999999998981, 44.209009419089419168, 3395.7020000000002256, 0
3408.11200000000008, 64.890242362479625626, 3395.7069999999998799, 0, 3408.11200000000008, 56.404980249056222874, 3395.7069999999998799, 1, 3408.11200000000008, 38.821679623796732983, 3395.7069999999998799, 1, 3408.11200000000008, 44.258193904893687431, 3395.7069999999998799, 0
3408.2130000000001928, 64.830932120270290397, 3395.7109999999997854, 0, 3408.2130000000001928, 56.185991463402324086, 3395.7109999999997854, 1, 3408.2130000000001928, 39.009330806537448666, 3395.7109999999997854, 1, 3408.2130000000001928, 44.360233031665067926, 3395.7109999999997854, 0
3408.2130000000001928, 64.747047423175402514, 3395.7170000000000982, 0, 3408.2130000000001928, 56.072445035298031257, 3395.7170000000000982, 1, 3408.2130000000001928, 39.109583509173660332, 3395.7170000000000982, 1, 3408.2130000000001928, 44.463736018381801784, 3395.7170000000000982, 0
3408.26299999999992, 64.672047520433579848, 3395.7220000000002074, 0, 3408.26299999999992, 56.043225865677769093, 3395.7220000000002074, 1, 3408.26299999999992, 39.138260626260063191, 3395.7220000000002074, 1, 3408.26299999999992, 44.541425629892557936, 3395.7220000000002074, 0
3408.3139999999998508, 64.622067666914801976, 3395.7269999999998618, 0, 3408.3139999999998508, 56.066212796967946019, 3395.7269999999998618, 1, 3408.3139999999998508, 39.12141029967487782, 3395.7269999999998618, 1, 3408.3139999999998508, 44.585048123377369222, 3395.7269999999998618, 0
3408.362999999999829, 64.50421374585613421, 3395.7319999999999709, 0, 3408.362999999999829, 56.563217973529063443, 3395.7319999999999709, 1, 3408.362999999999829, 39.188217076831861618, 3395.7319999999999709, 1, 3408.362999999999829, 44.532910114880081665, 3395.7319999999999709, 0
3408.4130000000000109, 64.502118442145459198, 3395.73700000000008, 0, 3408.4130000000000109, 56.606339436709809831, 3395.73700000000008, 1, 3408.4130000000000109, 39.151005763434710616, 3395.73700000000008, 1, 3408.4130000000000109, 44.525196451505792083, 3395.73700000000008, 0
3408.4630000000001928, 64.608119032112767854, 3395.7420000000001892, 0, 3408.4630000000001928, 56.187393547399693716, 3395.7420000000001892, 1, 3408.4630000000001928, 39.019764232341138666, 3395.7420000000001892, 1, 3408.4630000000001928, 44.573460708741045266, 3395.7420000000001892, 0
3408.51299999999992, 64.526495960152743692, 3395.7469999999998436, 0, 3408.51299999999992, 56.656491999863163755, 3395.7469999999998436, 1, 3408.51299999999992, 39.104832337302539713, 3395.7469999999998436, 1, 3408.51299999999992, 44.491194243315220547, 3395.7469999999998436, 0
3408.61200000000008, 64.635366054293669436, 3395.7530000000001564, 0, 3408.61200000000008, 56.213016510196823106, 3395.7530000000001564, 1, 3408.61200000000008, 38.996648808022271737, 3395.7530000000001564, 1, 3408.61200000000008, 44.542672569010633765, 3395.7530000000001564, 0
3408.61200000000008, 64.643925317139988351, 3395.7570000000000618, 0, 3408.61200000000008, 56.21153707290420698, 3395.7570000000000618, 1, 3408.61200000000008, 38.997340565272125446, 3395.7570000000000618, 1, 3408.61200000000008, 44.534934954240689819, 3395.7570000000000618, 0
3408.7130000000001928, 64.647901474457114546, 3395.762000000000171, 0, 3408.7130000000001928, 56.206074004533007837, 3395.762000000000171, 1, 3408.7130000000001928, 39.001656151135911443, 3395.762000000000171, 1, 3408.7130000000001928, 44.532413459169944758, 3395.762000000000171, 0
, , 3395.7660000000000764, 0, , , 3395.7660000000000764, 1, , , 3395.7660000000000764, 1, , , 3395.7660000000000764, 0
, , 3395.7719999999999345, 0, , , 3395.7719999999999345, 1, , , 3395.7719999999999345, 1, , , 3395.7719999999999345, 0
, , 3395.7779999999997926, 0, , , 3395.7779999999997926, 1, , , 3395.7779999999997926, 1, , , 3395.7779999999997926, 0
, , 3395.7820000000001528, 0, , , 3395.7820000000001528, 1, , , 3395.7820000000001528, 1, , , 3395.7820000000001528, 0
, , 3395.7899999999999636, 0, , , 3395.7899999999999636, 1, , , 3395.7899999999999636, 1, , , 3395.7899999999999636, 0
, , 3395.7930000000001201, 0, , , 3395.7930000000001201, 1, , , 3395.7930000000001201, 1, , , 3395.7930000000001201, 0
, , 3395.7970000000000255, 0, , , 3395.7970000000000255, 1, , , 3395.7970000000000255, 1, , , 3395.7970000000000255, 0
, , 3395.8029999999998836, 0, , , 3395.8029999999998836, 1, , , 3395.8029999999998836, 1, , , 3395.8029999999998836, 0
, , 3395.806999999999789, 0, , , 3395.806999999999789, 1, , , 3395.806999999999789, 1, , , 3395.806999999999789, 0
, , 3395.8130000000001019, 0, , , 3395.8130000000001019, 1, , , 3395.8130000000001019, 1, , , 3395.8130000000001019, 0
, , 3395.8170000000000073, 0, , , 3395.8170000000000073, 1, , , 3395.8170000000000073, 1, , , 3395.8170000000000073, 0
, , 3395.8220000000001164, 0, , , 3395.8220000000001164, 1, , , 3395.8220000000001164, 1, , , 3395.8220000000001164, 0
, , 3395.8270000000002256, 0, , , 3395.8270000000002256, 1, , , 3395.8270000000002256, 1, , , 3395.8270000000002256, 0
, , 3395.8319999999998799, 0, , , 3395.8319999999998799, 1, , , 3395.8319999999998799, 1, , , 3395.8319999999998799, 0
, , 3395.8369999999999891, 0, , , 3395.8369999999999891, 1, , , 3395.8369999999999891, 1, , , 3395.8369999999999891, 0
, , 3395.8429999999998472, 0, , , 3395.8429999999998472, 1, , , 3395.8429999999998472, 1, , , 3395.8429999999998472, 0
, , 3395.8470000000002074, 0, , , 3395.8470000000002074, 1, , , 3395.8470000000002074, 1, , , 3395.8470000000002074, 0
, , 3395.8530000000000655, 0, , , 3395.8530000000000655, 1, , , 3395.8530000000000655, 1, , , 3395.8530000000000655, 0
, , 3395.8569999999999709, 0, , , 3395.8569999999999709, 1, , , 3395.8569999999999709, 1, , , 3395.8569999999999709, 0
, , 3395.86200000000008, 0, , , 3395.86200000000008, 1, , , 3395.86200000000008, 1, , , 3395.86200000000008, 0
, , 3395.8670000000001892, 0, , , 3395.8670000000001892, 1, , , 3395.8670000000001892, 1, , , 3395.8670000000001892, 0
, , 3395.8710000000000946, 0, , , 3395.8710000000000946, 1, , , 3395.8710000000000946, 1, , , 3395.8710000000000946, 0
, , 3395.8780000000001564, 0, , , 3395.8780000000001564, 1, , , 3395.8780000000001564, 1, , , 3395.8780000000001564, 0
, , 3395.8829999999998108, 0, , , 3395.8829999999998108, 1, , , 3395.8829999999998108, 1, , , 3395.8829999999998108, 0
, , 3395.887000000000171, 0, , , 3395.887000000000171, 1, , , 3395.887000000000171, 1, , , 3395.887000000000171, 0
, , 3395.8919999999998254, 0, , , 3395.8919999999998254, 1, , , 3395.8919999999998254, 1, , , 3395.8919999999998254, 0
, , 3395.8969999999999345, 0, , , 3395.8969999999999345, 1, , , 3395.8969999999999345, 1, , , 3395.8969999999999345, 0
, , 3395.9020000000000437, 1, , , 3395.9020000000000437, 1, , , 3395.9020000000000437, 1, , , 3395.9020000000000437, 1
, , 3395.9070000000001528, 1, , , 3395.9070000000001528, 1, , , 3395.9070000000001528, 1, , , 3395.9070000000001528, 1
, , 3395.9130000000000109, 1, , , 3395.9130000000000109, 1, , , 3395.9130000000000109, 1, , , 3395.9130000000000109, 1
, , 3395.9169999999999163, 1, , , 3395.9169999999999163, 1, , , 3395.9169999999999163, 1, , , 3395.9169999999999163, 1
, , 3395.9229999999997744, 1, , , 3395.9229999999997744, 1, , , 3395.9229999999997744, 1, , , 3395.9229999999997744, 1
, , 3395.9270000000001346, 1, , , 3395.9270000000001346, 1, , , 3395.9270000000001346, 1, , , 3395.9270000000001346, 1
, , 3395.9329999999999927, 1, , , 3395.9329999999999927, 1, , , 3395.9329999999999927, 1, , , 3395.9329999999999927, 1
, , 3395.9369999999998981, 1, , , 3395.9369999999998981, 1, , , 3395.9369999999998981, 1, , , 3395.9369999999998981, 1
, , 3395.943000000000211, 1, , , 3395.943000000000211, 1, , , 3395.943000000000211, 1, , , 3395.943000000000211, 1
, , 3395.9490000000000691, 1, , , 3395.9490000000000691, 1, , , 3395.9490000000000691, 1, , , 3395.9490000000000691, 1
, , 3395.9529999999999745, 1, , , 3395.9529999999999745, 1, , , 3395.9529999999999745, 1, , , 3395.9529999999999745, 1
, , 3395.9580000000000837, 1, , , 3395.9580000000000837, 1, , , 3395.9580000000000837, 1, , , 3395.9580000000000837, 1
, , 3395.9619999999999891, 1, , , 3395.9619999999999891, 1, , , 3395.9619999999999891, 1, , , 3395.9619999999999891, 1
, , 3395.9670000000000982, 1, , , 3395.9670000000000982, 1, , , 3395.9670000000000982, 1, , , 3395.9670000000000982, 1
, , 3395.9720000000002074, 1, , , 3395.9720000000002074, 1, , , 3395.9720000000002074, 1, , , 3395.9720000000002074, 1
, , 3395.9769999999998618, 1, , , 3395.9769999999998618, 0, , , 3395.9769999999998618, 0, , , 3395.9769999999998618, 1
, , 3395.9830000000001746, 1, , , 3395.9830000000001746, 0, , , 3395.9830000000001746, 0, , , 3395.9830000000001746, 1
, , 3395.98700000000008, 1, , , 3395.98700000000008, 0, , , 3395.98700000000008, 0, , , 3395.98700000000008, 1
, , 3395.9920000000001892, 1, , , 3395.9920000000001892, 0, , , 3395.9920000000001892, 0, , , 3395.9920000000001892, 1
, , 3395.9969999999998436, 1, , , 3395.9969999999998436, 0, , , 3395.9969999999998436, 0, , , 3395.9969999999998436, 1
, , 3396.0019999999999527, 1, , , 3396.0019999999999527, 0, , , 3396.0019999999999527, 0, , , 3396.0019999999999527, 1
, , 3396.0070000000000618, 1, , , 3396.0070000000000618, 0, , , 3396.0070000000000618, 0, , , 3396.0070000000000618, 1
, , 3396.01299999999992, 1, , , 3396.01299999999992, 0, , , 3396.01299999999992, 0, , , 3396.01299999999992, 1
, , 3396.0169999999998254, 1, , , 3396.0169999999998254, 0, , , 3396.0169999999998254, 0, , , 3396.0169999999998254, 1
, , 3396.0239999999998872, 1, , , 3396.0239999999998872, 0, , , 3396.0239999999998872, 0, , , 3396.0239999999998872, 1
, , 3396.0270000000000437, 1, , , 3396.0270000000000437, 0, , , 3396.0270000000000437, 0, , , 3396.0270000000000437, 1
, , 3396.0320000000001528, 1, , , 3396.0320000000001528, 0, , , 3396.0320000000001528, 0, , , 3396.0320000000001528, 1
, , 3396.0380000000000109, 1, , , 3396.0380000000000109, 0, , , 3396.0380000000000109, 0, , , 3396.0380000000000109, 1
, , 3396.0419999999999163, 1, , , 3396.0419999999999163, 0, , , 3396.0419999999999163, 0, , , 3396.0419999999999163, 1
, , 3396.0470000000000255, 1, , , 3396.0470000000000255, 0, , , 3396.0470000000000255, 0, , , 3396.0470000000000255, 1
, , 3396.0520000000001346, 1, , , 3396.0520000000001346, 0, , , 3396.0520000000001346, 0, , , 3396.0520000000001346, 1
, , 3396.0579999999999927, 1, , , 3396.0579999999999927, 0, , , 3396.0579999999999927, 0, , , 3396.0579999999999927, 1
, , 3396.0619999999998981, 1, , , 3396.0619999999998981, 0, , , 3396.0619999999998981, 0, , , 3396.0619999999998981, 1
, , 3396.0670000000000073, 1, , , 3396.0670000000000073, 0, , , 3396.0670000000000073, 0, , , 3396.0670000000000073, 1
, , 3396.0729999999998654, 1, , , 3396.0729999999998654, 0, , , 3396.0729999999998654, 0, , , 3396.0729999999998654, 1
, , 3396.0770000000002256, 1, , , 3396.0770000000002256, 0, , , 3396.0770000000002256, 0, , , 3396.0770000000002256, 1
, , 3396.0819999999998799, 1, , , 3396.0819999999998799, 0, , , 3396.0819999999998799, 0, , , 3396.0819999999998799, 1
, , 3396.0869999999999891, 1, , , 3396.0869999999999891, 0, , , 3396.0869999999999891, 0, , , 3396.0869999999999891, 1
, , 3396.0920000000000982, 1, , , 3396.0920000000000982, 0, , , 3396.0920000000000982, 0, , , 3396.0920000000000982, 1
, , 3396.0990000000001601, 1, , , 3396.0990000000001601, 0, , , 3396.0990000000001601, 0, , , 3396.0990000000001601, 1
, , 3396.1019999999998618, 1, , , 3396.1019999999998618, 0, , , 3396.1019999999998618, 0, , , 3396.1019999999998618, 1
, , 3396.1080000000001746, 1, , , 3396.1080000000001746, 0, , , 3396.1080000000001746, 0, , , 3396.1080000000001746, 1
, , 3396.11200000000008, 1, , , 3396.11200000000008, 0, , , 3396.11200000000008, 0, , , 3396.11200000000008, 1
, , 3396.1170000000001892, 1, , , 3396.1170000000001892, 0, , , 3396.1170000000001892, 0, , , 3396.1170000000001892, 1
, , 3396.1230000000000473, 1, , , 3396.1230000000000473, 0, , , 3396.1230000000000473, 0, , , 3396.1230000000000473, 1
, , 3396.1280000000001564, 1, , , 3396.1280000000001564, 0, , , 3396.1280000000001564, 0, , , 3396.1280000000001564, 1
, , 3396.1329999999998108, 1, , , 3396.1329999999998108, 0, , , 3396.1329999999998108, 0, , , 3396.1329999999998108, 1
, , 3396.13799999999992, 1, , , 3396.13799999999992, 0, , , 3396.13799999999992, 0, , , 3396.13799999999992, 1
, , 3396.1430000000000291, 1, , , 3396.1430000000000291, 0, , , 3396.1430000000000291, 0, , , 3396.1430000000000291, 1
, , 3396.1469999999999345, 1, , , 3396.1469999999999345, 0, , , 3396.1469999999999345, 0, , , 3396.1469999999999345, 1
, , 3396.1520000000000437, 1, , , 3396.1520000000000437, 0, , , 3396.1520000000000437, 0, , , 3396.1520000000000437, 1
, , 3396.1570000000001528, 1, , , 3396.1570000000001528, 0, , , 3396.1570000000001528, 0, , , 3396.1570000000001528, 1
, , 3396.1630000000000109, 1, , , 3396.1630000000000109, 0, , , 3396.1630000000000109, 0, , , 3396.1630000000000109, 1
, , 3396.1669999999999163, 1, , , 3396.1669999999999163, 0, , , 3396.1669999999999163, 0, , , 3396.1669999999999163, 1
, , 3396.1720000000000255, 1, , , 3396.1720000000000255, 0, , , 3396.1720000000000255, 0, , , 3396.1720000000000255, 1
, , 3396.1770000000001346, 1, , , 3396.1770000000001346, 0, , , 3396.1770000000001346, 0, , , 3396.1770000000001346, 1
, , 3396.18100000000004, 1, , , 3396.18100000000004, 0, , , 3396.18100000000004, 0, , , 3396.18100000000004, 1
, , 3396.1869999999998981, 1, , , 3396.1869999999998981, 0, , , 3396.1869999999998981, 0, , , 3396.1869999999998981, 1
, , 3396.1920000000000073, 1, , , 3396.1920000000000073, 0, , , 3396.1920000000000073, 0, , , 3396.1920000000000073, 1
, , 3396.1970000000001164, 1, , , 3396.1970000000001164, 0, , , 3396.1970000000001164, 0, , , 3396.1970000000001164, 1
, , 3396.2020000000002256, 1, , , 3396.2020000000002256, 0, , , 3396.2020000000002256, 0, , , 3396.2020000000002256, 1
, , 3396.2069999999998799, 1, , , 3396.2069999999998799, 0, , , 3396.2069999999998799, 0, , , 3396.2069999999998799, 1
, , 3396.2130000000001928, 1, , , 3396.2130000000001928, 0, , , 3396.2130000000001928, 0, , , 3396.2130000000001928, 1
, , 3396.2170000000000982, 1, , , 3396.2170000000000982, 0, , , 3396.2170000000000982, 0, , , 3396.2170000000000982, 1
, , 3396.2220000000002074, 1, , , 3396.2220000000002074, 0, , , 3396.2220000000002074, 0, , , 3396.2220000000002074, 1
, , 3396.2269999999998618, 1, , , 3396.2269999999998618, 1, , , 3396.2269999999998618, 1, , , 3396.2269999999998618, 1
, , 3396.2319999999999709, 1, , , 3396.2319999999999709, 1, , , 3396.2319999999999709, 1, , , 3396.2319999999999709, 1
, , 3396.23700000000008, 1, , , 3396.23700000000008, 1, , , 3396.23700000000008, 1, , , 3396.23700000000008, 1
, , 3396.2420000000001892, 1, , , 3396.2420000000001892, 1, , , 3396.2420000000001892, 1, , , 3396.2420000000001892, 1
, , 3396.2480000000000473, 1, , , 3396.2480000000000473, 1, , , 3396.2480000000000473, 1, , , 3396.2480000000000473, 1
, , 3396.2530000000001564, 1, , , 3396.2530000000001564, 1, , , 3396.2530000000001564, 1, , , 3396.2530000000001564, 1
, , 3396.2570000000000618, 1, , , 3396.2570000000000618, 1, , , 3396.2570000000000618, 1, , , 3396.2570000000000618, 1
, , 3396.26299999999992, 1, , , 3396.26299999999992, 1, , , 3396.26299999999992, 1, , , 3396.26299999999992, 1
, , 3396.2699999999999818, 1, , , 3396.2699999999999818, 1, , , 3396.2699999999999818, 1, , , 3396.2699999999999818, 1
, , 3396.2719999999999345, 1, , , 3396.2719999999999345, 1, , , 3396.2719999999999345, 1, , , 3396.2719999999999345, 1
, , 3396.2770000000000437, 1, , , 3396.2770000000000437, 1, , , 3396.2770000000000437, 1, , , 3396.2770000000000437, 1
, , 3396.2820000000001528, 1, , , 3396.2820000000001528, 1, , , 3396.2820000000001528, 1, , , 3396.2820000000001528, 1
, , 3396.2869999999998072, 1, , , 3396.2869999999998072, 1, , , 3396.2869999999998072, 1, , , 3396.2869999999998072, 1
, , 3396.2919999999999163, 1, , , 3396.2919999999999163, 1, , , 3396.2919999999999163, 1, , , 3396.2919999999999163, 1
, , 3396.2970000000000255, 1, , , 3396.2970000000000255, 1, , , 3396.2970000000000255, 1, , , 3396.2970000000000255, 1
, , 3396.3009999999999309, 0, , , 3396.3009999999999309, 1, , , 3396.3009999999999309, 1, , , 3396.3009999999999309, 0
, , 3396.306999999999789, 0, , , 3396.306999999999789, 1, , , 3396.306999999999789, 1, , , 3396.306999999999789, 0
, , 3396.3119999999998981, 0, , , 3396.3119999999998981, 1, , , 3396.3119999999998981, 1, , , 3396.3119999999998981, 0
, , 3396.318000000000211, 0, , , 3396.318000000000211, 1, , , 3396.318000000000211, 1, , , 3396.318000000000211, 0
, , 3396.3220000000001164, 0, , , 3396.3220000000001164, 1, , , 3396.3220000000001164, 1, , , 3396.3220000000001164, 0
, , 3396.3270000000002256, 0, , , 3396.3270000000002256, 1, , , 3396.3270000000002256, 1, , , 3396.3270000000002256, 0
, , 3396.3319999999998799, 0, , , 3396.3319999999998799, 1, , , 3396.3319999999998799, 1, , , 3396.3319999999998799, 0
, , 3396.3369999999999891, 0, , , 3396.3369999999999891, 1, , , 3396.3369999999999891, 1, , , 3396.3369999999999891, 0
, , 3396.3429999999998472, 0, , , 3396.3429999999998472, 1, , , 3396.3429999999998472, 1, , , 3396.3429999999998472, 0
, , 3396.3479999999999563, 0, , , 3396.3479999999999563, 1, , , 3396.3479999999999563, 1, , , 3396.3479999999999563, 0
, , 3396.3530000000000655, 0, , , 3396.3530000000000655, 1, , , 3396.3530000000000655, 1, , , 3396.3530000000000655, 0
, , 3396.3580000000001746, 0, , , 3396.3580000000001746, 1, , , 3396.3580000000001746, 1, , , 3396.3580000000001746, 0
, , 3396.362999999999829, 0, , , 3396.362999999999829, 1, , , 3396.362999999999829, 1, , , 3396.362999999999829, 0
, , 3396.3670000000001892, 0, , , 3396.3670000000001892, 1, , , 3396.3670000000001892, 1, , , 3396.3670000000001892, 0
, , 3396.3719999999998436, 0, , , 3396.3719999999998436, 1, , , 3396.3719999999998436, 1, , , 3396.3719999999998436, 0
, , 3396.3769999999999527, 0, , , 3396.3769999999999527, 1, , , 3396.3769999999999527, 1, , , 3396.3769999999999527, 0
, , 3396.3820000000000618, 0, , , 3396.3820000000000618, 1, , , 3396.3820000000000618, 1, , , 3396.3820000000000618, 0
, , 3396.387000000000171, 0, , , 3396.387000000000171, 1, , , 3396.387000000000171, 1, , , 3396.387000000000171, 0
, , 3396.3930000000000291, 0, , , 3396.3930000000000291, 1, , , 3396.3930000000000291, 1, , , 3396.3930000000000291, 0
, , 3396.3980000000001382, 0, , , 3396.3980000000001382, 1, , , 3396.3980000000001382, 1, , , 3396.3980000000001382, 0
, , 3396.4020000000000437, 0, , , 3396.4020000000000437, 1, , , 3396.4020000000000437, 1, , , 3396.4020000000000437, 0
, , 3396.4070000000001528, 0, , , 3396.4070000000001528, 1, , , 3396.4070000000001528, 1, , , 3396.4070000000001528, 0
, , 3396.4119999999998072, 0, , , 3396.4119999999998072, 1, , , 3396.4119999999998072, 1, , , 3396.4119999999998072, 0
, , 3396.4169999999999163, 0, , , 3396.4169999999999163, 1, , , 3396.4169999999999163, 1, , , 3396.4169999999999163, 0
, , 3396.4220000000000255, 0, , , 3396.4220000000000255, 1, , , 3396.4220000000000255, 1, , , 3396.4220000000000255, 0
, , 3396.4270000000001346, 0, , , 3396.4270000000001346, 1, , , 3396.4270000000001346, 1, , , 3396.4270000000001346, 0
, , 3396.431999999999789, 0, , , 3396.431999999999789, 1, , , 3396.431999999999789, 1, , , 3396.431999999999789, 0
, , 3396.4380000000001019, 0, , , 3396.4380000000001019, 1, , , 3396.4380000000001019, 1, , , 3396.4380000000001019, 0
, , 3396.4420000000000073, 0, , , 3396.4420000000000073, 1, , , 3396.4420000000000073, 1, , , 3396.4420000000000073, 0
, , 3396.4459999999999127, 0, , , 3396.4459999999999127, 1, , , 3396.4459999999999127, 1, , , 3396.4459999999999127, 0
, , 3396.4520000000002256, 0, , , 3396.4520000000002256, 1, , , 3396.4520000000002256, 1, , , 3396.4520000000002256, 0
, , 3396.4569999999998799, 0, , , 3396.4569999999998799, 1, , , 3396.4569999999998799, 1, , , 3396.4569999999998799, 0
, , 3396.4619999999999891, 0, , , 3396.4619999999999891, 1, , , 3396.4619999999999891, 1, , , 3396.4619999999999891, 0
, , 3396.4670000000000982, 0, , , 3396.4670000000000982, 1, , , 3396.4670000000000982, 1, , , 3396.4670000000000982, 0
, , 3396.4729999999999563, 0, , , 3396.4729999999999563, 1, , , 3396.4729999999999563, 1, , , 3396.4729999999999563, 0
, , 3396.4769999999998618, 0, , , 3396.4769999999998618, 1, , , 3396.4769999999998618, 1, , , 3396.4769999999998618, 0
, , 3396.4819999999999709, 0, , , 3396.4819999999999709, 1, , , 3396.4819999999999709, 1, , , 3396.4819999999999709, 0
, , 3396.48700000000008, 0, , , 3396.48700000000008, 1, , , 3396.48700000000008, 1, , , 3396.48700000000008, 0
, , 3396.4920000000001892, 0, , , 3396.4920000000001892, 1, , , 3396.4920000000001892, 1, , , 3396.4920000000001892, 0
, , 3396.4980000000000473, 0, , , 3396.4980000000000473, 1, , , 3396.4980000000000473, 1, , , 3396.4980000000000473, 0
, , 3396.5019999999999527, 0, , , 3396.5019999999999527, 1, , , 3396.5019999999999527, 1, , , 3396.5019999999999527, 0
, , 3396.5070000000000618, 0, , , 3396.5070000000000618, 1, , , 3396.5070000000000618, 1, , , 3396.5070000000000618, 0
, , 3396.51299999999992, 0, , , 3396.51299999999992, 1, , , 3396.51299999999992, 1, , , 3396.51299999999992, 0
, , 3396.5169999999998254, 0, , , 3396.5169999999998254, 1, , , 3396.5169999999998254, 1, , , 3396.5169999999998254, 0
, , 3396.5230000000001382, 0, , , 3396.5230000000001382, 1, , , 3396.5230000000001382, 1, , , 3396.5230000000001382, 0
, , 3396.5270000000000437, 0, , , 3396.5270000000000437, 1, , , 3396.5270000000000437, 1, , , 3396.5270000000000437, 0
, , 3396.5340000000001055, 0, , , 3396.5340000000001055, 1, , , 3396.5340000000001055, 1, , , 3396.5340000000001055, 0
, , 3396.5369999999998072, 0, , , 3396.5369999999998072, 1, , , 3396.5369999999998072, 1, , , 3396.5369999999998072, 0
, , 3396.5430000000001201, 0, , , 3396.5430000000001201, 1, , , 3396.5430000000001201, 1, , , 3396.5430000000001201, 0
, , 3396.5470000000000255, 0, , , 3396.5470000000000255, 1, , , 3396.5470000000000255, 1, , , 3396.5470000000000255, 0
, , 3396.5520000000001346, 1, , , 3396.5520000000001346, 1, , , 3396.5520000000001346, 1, , , 3396.5520000000001346, 1
, , 3396.556999999999789, 1, , , 3396.556999999999789, 1, , , 3396.556999999999789, 1, , , 3396.556999999999789, 1
, , 3396.5630000000001019, 1, , , 3396.5630000000001019, 1, , , 3396.5630000000001019, 1, , , 3396.5630000000001019, 1
, , 3396.5670000000000073, 1, , , 3396.5670000000000073, 1, , , 3396.5670000000000073, 1, , , 3396.5670000000000073, 1
, , 3396.5720000000001164, 1, , , 3396.5720000000001164, 1, , , 3396.5720000000001164, 1, , , 3396.5720000000001164, 1
, , 3396.5770000000002256, 1, , , 3396.5770000000002256, 1, , , 3396.5770000000002256, 1, , , 3396.5770000000002256, 1
, , 3396.5819999999998799, 1, , , 3396.5819999999998799, 1, , , 3396.5819999999998799, 1, , , 3396.5819999999998799, 1
, , 3396.5880000000001928, 1, , , 3396.5880000000001928, 1, , , 3396.5880000000001928, 1, , , 3396.5880000000001928, 1
, , 3396.5920000000000982, 1, , , 3396.5920000000000982, 1, , , 3396.5920000000000982, 1, , , 3396.5920000000000982, 1
, , 3396.5979999999999563, 1, , , 3396.5979999999999563, 1, , , 3396.5979999999999563, 1, , , 3396.5979999999999563, 1
, , 3396.6030000000000655, 1, , , 3396.6030000000000655, 1, , , 3396.6030000000000655, 1, , , 3396.6030000000000655, 1
, , 3396.6069999999999709, 1, , , 3396.6069999999999709, 1, , , 3396.6069999999999709, 1, , , 3396.6069999999999709, 1
, , 3396.61200000000008, 1, , , 3396.61200000000008, 1, , , 3396.61200000000008, 1, , , 3396.61200000000008, 1
, , 3396.6179999999999382, 1, , , 3396.6179999999999382, 1, , , 3396.6179999999999382, 1, , , 3396.6179999999999382, 1
, , 3396.6219999999998436, 1, , , 3396.6219999999998436, 1, , , 3396.6219999999998436, 1, , , 3396.6219999999998436, 1
, , 3396.6269999999999527, 1, , , 3396.6269999999999527, 0, , , 3396.6269999999999527, 0, , , 3396.6269999999999527, 1
, , 3396.6329999999998108, 1, , , 3396.6329999999998108, 0, , , 3396.6329999999998108, 0, , , 3396.6329999999998108, 1
, , 3396.63799999999992, 1, , , 3396.63799999999992, 0, , , 3396.63799999999992, 0, , , 3396.63799999999992, 1
, , 3396.6419999999998254, 1, , , 3396.6419999999998254, 0, , , 3396.6419999999998254, 0, , , 3396.6419999999998254, 1
, , 3396.6469999999999345, 1, , , 3396.6469999999999345, 0, , , 3396.6469999999999345, 0, , , 3396.6469999999999345, 1
, , 3396.6520000000000437, 1, , , 3396.6520000000000437, 0, , , 3396.6520000000000437, 0, , , 3396.6520000000000437, 1
, , 3396.6570000000001528, 1, , , 3396.6570000000001528, 0, , , 3396.6570000000001528, 0, , , 3396.6570000000001528, 1
, , 3396.6630000000000109, 1, , , 3396.6630000000000109, 0, , , 3396.6630000000000109, 0, , , 3396.6630000000000109, 1
, , 3396.6669999999999163, 1, , , 3396.6669999999999163, 0, , , 3396.6669999999999163, 0, , , 3396.6669999999999163, 1
, , 3396.6720000000000255, 1, , , 3396.6720000000000255, 0, , , 3396.6720000000000255, 0, , , 3396.6720000000000255, 1
, , 3396.6799999999998363, 1, , , 3396.6799999999998363, 0, , , 3396.6799999999998363, 0, , , 3396.6799999999998363, 1
, , 3396.681999999999789, 1, , , 3396.681999999999789, 0, , , 3396.681999999999789, 0, , , 3396.681999999999789, 1
, , 3396.6880000000001019, 1, , , 3396.6880000000001019, 0, , , 3396.6880000000001019, 0, , , 3396.6880000000001019, 1
, , 3396.693000000000211, 1, , , 3396.693000000000211, 0, , , 3396.693000000000211, 0, , , 3396.693000000000211, 1
, , 3396.6979999999998654, 1, , , 3396.6979999999998654, 0, , , 3396.6979999999998654, 0, , , 3396.6979999999998654, 1
, , 3396.7020000000002256, 1, , , 3396.7020000000002256, 0, , , 3396.7020000000002256, 0, , , 3396.7020000000002256, 1
, , 3396.7069999999998799, 1, , , 3396.7069999999998799, 0, , , 3396.7069999999998799, 0, , , 3396.7069999999998799, 1
, , 3396.7119999999999891, 1, , , 3396.7119999999999891, 0, , , 3396.7119999999999891, 0, , , 3396.7119999999999891, 1
, , 3396.7170000000000982, 1, , , 3396.7170000000000982, 0, , , 3396.7170000000000982, 0, , , 3396.7170000000000982, 1
, , 3396.7210000000000036, 1, , , 3396.7210000000000036, 0, , , 3396.7210000000000036, 0, , , 3396.7210000000000036, 1
, , 3396.7280000000000655, 1, , , 3396.7280000000000655, 0, , , 3396.7280000000000655, 0, , , 3396.7280000000000655, 1
, , 3396.7330000000001746, 1, , , 3396.7330000000001746, 0, , , 3396.7330000000001746, 0, , , 3396.7330000000001746, 1
, , 3396.73700000000008, 1, , , 3396.73700000000008, 0, , , 3396.73700000000008, 0, , , 3396.73700000000008, 1
, , 3396.7429999999999382, 1, , , 3396.7429999999999382, 0, , , 3396.7429999999999382, 0, , , 3396.7429999999999382, 1
, , 3396.7469999999998436, 1, , , 3396.7469999999998436, 0, , , 3396.7469999999998436, 0, , , 3396.7469999999998436, 1
, , 3396.7519999999999527, 1, , , 3396.7519999999999527, 0, , , 3396.7519999999999527, 0, , , 3396.7519999999999527, 1
, , 3396.7570000000000618, 1, , , 3396.7570000000000618, 0, , , 3396.7570000000000618, 0, , , 3396.7570000000000618, 1
, , 3396.76299999999992, 1, , , 3396.76299999999992, 0, , , 3396.76299999999992, 0, , , 3396.76299999999992, 1
, , 3396.7680000000000291, 1, , , 3396.7680000000000291, 0, , , 3396.7680000000000291, 0, , , 3396.7680000000000291, 1
, , 3396.7730000000001382, 1, , , 3396.7730000000001382, 0, , , 3396.7730000000001382, 0, , , 3396.7730000000001382, 1
, , 3396.7770000000000437, 1, , , 3396.7770000000000437, 0, , , 3396.7770000000000437, 0, , , 3396.7770000000000437, 1
, , 3396.7820000000001528, 1, , , 3396.7820000000001528, 0, , , 3396.7820000000001528, 0, , , 3396.7820000000001528, 1
, , 3396.7869999999998072, 1, , , 3396.7869999999998072, 0, , , 3396.7869999999998072, 0, , , 3396.7869999999998072, 1
, , 3396.7919999999999163, 1, , , 3396.7919999999999163, 0, , , 3396.7919999999999163, 0, , , 3396.7919999999999163, 1
, , 3396.7979999999997744, 1, , , 3396.7979999999997744, 0, , , 3396.7979999999997744, 0, , , 3396.7979999999997744, 1
, , 3396.8020000000001346, 1, , , 3396.8020000000001346, 0, , , 3396.8020000000001346, 0, , , 3396.8020000000001346, 1
, , 3396.8079999999999927, 1, , , 3396.8079999999999927, 0, , , 3396.8079999999999927, 0, , , 3396.8079999999999927, 1
, , 3396.8130000000001019, 1, , , 3396.8130000000001019, 0, , , 3396.8130000000001019, 0, , , 3396.8130000000001019, 1
, , 3396.8170000000000073, 1, , , 3396.8170000000000073, 0, , , 3396.8170000000000073, 0, , , 3396.8170000000000073, 1
, , 3396.8220000000001164, 1, , , 3396.8220000000001164, 0, , , 3396.8220000000001164, 0, , , 3396.8220000000001164, 1
, , 3396.8270000000002256, 1, , , 3396.8270000000002256, 0, , , 3396.8270000000002256, 0, , , 3396.8270000000002256, 1
, , 3396.8319999999998799, 1, , , 3396.8319999999998799, 0, , , 3396.8319999999998799, 0, , , 3396.8319999999998799, 1
, , 3396.8369999999999891, 1, , , 3396.8369999999999891, 0, , , 3396.8369999999999891, 0, , , 3396.8369999999999891, 1
, , 3396.8420000000000982, 1, , , 3396.8420000000000982, 0, , , 3396.8420000000000982, 0, , , 3396.8420000000000982, 1
, , 3396.8470000000002074, 1, , , 3396.8470000000002074, 0, , , 3396.8470000000002074, 0, , , 3396.8470000000002074, 1
, , 3396.8530000000000655, 1, , , 3396.8530000000000655, 0, , , 3396.8530000000000655, 0, , , 3396.8530000000000655, 1
, , 3396.8569999999999709, 1, , , 3396.8569999999999709, 0, , , 3396.8569999999999709, 0, , , 3396.8569999999999709, 1
, , 3396.86200000000008, 1, , , 3396.86200000000008, 0, , , 3396.86200000000008, 0, , , 3396.86200000000008, 1
, , 3396.8670000000001892, 1, , , 3396.8670000000001892, 0, , , 3396.8670000000001892, 0, , , 3396.8670000000001892, 1
, , 3396.8719999999998436, 1, , , 3396.8719999999998436, 0, , , 3396.8719999999998436, 0, , , 3396.8719999999998436, 1
, , 3396.8780000000001564, 1, , , 3396.8780000000001564, 1, , , 3396.8780000000001564, 1, , , 3396.8780000000001564, 1
, , 3396.8820000000000618, 1, , , 3396.8820000000000618, 1, , , 3396.8820000000000618, 1, , , 3396.8820000000000618, 1
, , 3396.8919999999998254, 1, , , 3396.8919999999998254, 1, , , 3396.8919999999998254, 1, , , 3396.8919999999998254, 1
, , 3396.8919999999998254, 1, , , 3396.8919999999998254, 1, , , 3396.8919999999998254, 1, , , 3396.8919999999998254, 1
, , 3396.8969999999999345, 1, , , 3396.8969999999999345, 1, , , 3396.8969999999999345, 1, , , 3396.8969999999999345, 1
, , 3396.9000000000000909, 1, , , 3396.9000000000000909, 1, , , 3396.9000000000000909, 1, , , 3396.9000000000000909, 1
, , 3396.9079999999999018, 1, , , 3396.9079999999999018, 1, , , 3396.9079999999999018, 1, , , 3396.9079999999999018, 1
, , 3396.9130000000000109, 1, , , 3396.9130000000000109, 1, , , 3396.9130000000000109, 1, , , 3396.9130000000000109, 1
, , 3396.9169999999999163, 1, , , 3396.9169999999999163, 1, , , 3396.9169999999999163, 1, , , 3396.9169999999999163, 1
, , 3396.9220000000000255, 1, , , 3396.9220000000000255, 1, , , 3396.9220000000000255, 1, , , 3396.9220000000000255, 1
, , 3396.9270000000001346, 1, , , 3396.9270000000001346, 1, , , 3396.9270000000001346, 1, , , 3396.9270000000001346, 1
, , 3396.93100000000004, 1, , , 3396.93100000000004, 1, , , 3396.93100000000004, 1, , , 3396.93100000000004, 1
, , 3396.9369999999998981, 1, , , 3396.9369999999998981, 1, , , 3396.9369999999998981, 1, , , 3396.9369999999998981, 1
, , 3396.9420000000000073, 1, , , 3396.9420000000000073, 1, , , 3396.9420000000000073, 1, , , 3396.9420000000000073, 1
, , 3396.9470000000001164, 1, , , 3396.9470000000001164, 1, , , 3396.9470000000001164, 1, , , 3396.9470000000001164, 1
, , 3396.9510000000000218, 0, , , 3396.9510000000000218, 1, , , 3396.9510000000000218, 1, , , 3396.9510000000000218, 0
, , 3396.9569999999998799, 0, , , 3396.9569999999998799, 1, , , 3396.9569999999998799, 1, , , 3396.9569999999998799, 0
, , 3396.9619999999999891, 0, , , 3396.9619999999999891, 1, , , 3396.9619999999999891, 1, , , 3396.9619999999999891, 0
, , 3396.9670000000000982, 0, , , 3396.9670000000000982, 1, , , 3396.9670000000000982, 1, , , 3396.9670000000000982, 0
, , 3396.9720000000002074, 0, , , 3396.9720000000002074, 1, , , 3396.9720000000002074, 1, , , 3396.9720000000002074, 0
, , 3396.9769999999998618, 0, , , 3396.9769999999998618, 1, , , 3396.9769999999998618, 1, , , 3396.9769999999998618, 0
, , 3396.9830000000001746, 0, , , 3396.9830000000001746, 1, , , 3396.9830000000001746, 1, , , 3396.9830000000001746, 0
, , 3396.98700000000008, 0, , , 3396.98700000000008, 1, , , 3396.98700000000008, 1, , , 3396.98700000000008, 0
, , 3396.9929999999999382, 0, , , 3396.9929999999999382, 1, , , 3396.9929999999999382, 1, , , 3396.9929999999999382, 0
, , 3396.9969999999998436, 0, , , 3396.9969999999998436, 1, , , 3396.9969999999998436, 1, , , 3396.9969999999998436, 0
, , 3397.0030000000001564, 0, , , 3397.0030000000001564, 1, , , 3397.0030000000001564, 1, , , 3397.0030000000001564, 0
, , 3397.0070000000000618, 0, , , 3397.0070000000000618, 1, , , 3397.0070000000000618, 1, , , 3397.0070000000000618, 0
, , 3397.0140000000001237, 0, , , 3397.0140000000001237, 1, , , 3397.0140000000001237, 1, , , 3397.0140000000001237, 0
, , 3397.0180000000000291, 0, , , 3397.0180000000000291, 1, , , 3397.0180000000000291, 1, , , 3397.0180000000000291, 0
, , 3397.0219999999999345, 0, , , 3397.0219999999999345, 1, , , 3397.0219999999999345, 1, , , 3397.0219999999999345, 0
, , 3397.0270000000000437, 0, , , 3397.0270000000000437, 1, , , 3397.0270000000000437, 1, , , 3397.0270000000000437, 0
, , 3397.0320000000001528, 0, , , 3397.0320000000001528, 1, , , 3397.0320000000001528, 1, , , 3397.0320000000001528, 0
, , 3397.0380000000000109, 0, , , 3397.0380000000000109, 1, , , 3397.0380000000000109, 1, , , 3397.0380000000000109, 0
, , 3397.0419999999999163, 0, , , 3397.0419999999999163, 1, , , 3397.0419999999999163, 1, , , 3397.0419999999999163, 0
, , 3397.0470000000000255, 0, , , 3397.0470000000000255, 1, , , 3397.0470000000000255, 1, , , 3397.0470000000000255, 0
, , 3397.0520000000001346, 0, , , 3397.0520000000001346, 1, , , 3397.0520000000001346, 1, , , 3397.0520000000001346, 0
, , 3397.056999999999789, 0, , , 3397.056999999999789, 1, , , 3397.056999999999789, 1, , , 3397.056999999999789, 0
, , 3397.0630000000001019, 0, , , 3397.0630000000001019, 1, , , 3397.0630000000001019, 1, , , 3397.0630000000001019, 0
, , 3397.0670000000000073, 0, , , 3397.0670000000000073, 1, , , 3397.0670000000000073, 1, , , 3397.0670000000000073, 0
, , 3397.0720000000001164, 0, , , 3397.0720000000001164, 1, , , 3397.0720000000001164, 1, , , 3397.0720000000001164, 0
, , 3397.0790000000001783, 0, , , 3397.0790000000001783, 1, , , 3397.0790000000001783, 1, , , 3397.0790000000001783, 0
, , 3397.0830000000000837, 0, , , 3397.0830000000000837, 1, , , 3397.0830000000000837, 1, , , 3397.0830000000000837, 0
, , 3397.0869999999999891, 0, , , 3397.0869999999999891, 1, , , 3397.0869999999999891, 1, , , 3397.0869999999999891, 0
, , 3397.0920000000000982, 0, , , 3397.0920000000000982, 1, , , 3397.0920000000000982, 1, , , 3397.0920000000000982, 0
, , 3397.1019999999998618, 0, , , 3397.1019999999998618, 1, , , 3397.1019999999998618, 1, , , 3397.1019999999998618, 0
, , 3397.1019999999998618, 0, , , 3397.1019999999998618, 1, , , 3397.1019999999998618, 1, , , 3397.1019999999998618, 0
, , 3397.1069999999999709, 0, , , 3397.1069999999999709, 1, , , 3397.1069999999999709, 1, , , 3397.1069999999999709, 0
, , 3397.11200000000008, 0, , , 3397.11200000000008, 1, , , 3397.11200000000008, 1, , , 3397.11200000000008, 0
, , 3397.1170000000001892, 0, , , 3397.1170000000001892, 1, , , 3397.1170000000001892, 1, , , 3397.1170000000001892, 0
, , 3397.1219999999998436, 0, , , 3397.1219999999998436, 1, , , 3397.1219999999998436, 1, , , 3397.1219999999998436, 0
, , 3397.1280000000001564, 0, , , 3397.1280000000001564, 1, , , 3397.1280000000001564, 1, , , 3397.1280000000001564, 0
, , 3397.1320000000000618, 0, , , 3397.1320000000000618, 1, , , 3397.1320000000000618, 1, , , 3397.1320000000000618, 0
, , 3397.137000000000171, 0, , , 3397.137000000000171, 1, , , 3397.137000000000171, 1, , , 3397.137000000000171, 0
, , 3397.1419999999998254, 0, , , 3397.1419999999998254, 1, , , 3397.1419999999998254, 1, , , 3397.1419999999998254, 0
, , 3397.1469999999999345, 0, , , 3397.1469999999999345, 1, , , 3397.1469999999999345, 1, , , 3397.1469999999999345, 0
, , 3397.1520000000000437, 0, , , 3397.1520000000000437, 1, , , 3397.1520000000000437, 1, , , 3397.1520000000000437, 0
, , 3397.1570000000001528, 0, , , 3397.1570000000001528, 1, , , 3397.1570000000001528, 1, , , 3397.1570000000001528, 0
, , 3397.1619999999998072, 0, , , 3397.1619999999998072, 1, , , 3397.1619999999998072, 1, , , 3397.1619999999998072, 0
, , 3397.1669999999999163, 0, , , 3397.1669999999999163, 1, , , 3397.1669999999999163, 1, , , 3397.1669999999999163, 0
, , 3397.1720000000000255, 0, , , 3397.1720000000000255, 1, , , 3397.1720000000000255, 1, , , 3397.1720000000000255, 0
, , 3397.1770000000001346, 0, , , 3397.1770000000001346, 1, , , 3397.1770000000001346, 1, , , 3397.1770000000001346, 0
, , 3397.181999999999789, 0, , , 3397.181999999999789, 1, , , 3397.181999999999789, 1, , , 3397.181999999999789, 0
, , 3397.1869999999998981, 0, , , 3397.1869999999998981, 1, , , 3397.1869999999998981, 1, , , 3397.1869999999998981, 0
, , 3397.1920000000000073, 0, , , 3397.1920000000000073, 1, , , 3397.1920000000000073, 1, , , 3397.1920000000000073, 0
, , 3397.1979999999998654, 0, , , 3397.1979999999998654, 1, , , 3397.1979999999998654, 1, , , 3397.1979999999998654, 0
, , 3397.2029999999999745, 1, , , 3397.2029999999999745, 1, , , 3397.2029999999999745, 1, , , 3397.2029999999999745, 1
, , 3397.2100000000000364, 1, , , 3397.2100000000000364, 1, , , 3397.2100000000000364, 1, , , 3397.2100000000000364, 1
, , 3397.2119999999999891, 1, , , 3397.2119999999999891, 1, , , 3397.2119999999999891, 1, , , 3397.2119999999999891, 1
, , 3397.2179999999998472, 1, , , 3397.2179999999998472, 1, , , 3397.2179999999998472, 1, , , 3397.2179999999998472, 1
, , 3397.2220000000002074, 1, , , 3397.2220000000002074, 1, , , 3397.2220000000002074, 1, , , 3397.2220000000002074, 1
, , 3397.2280000000000655, 1, , , 3397.2280000000000655, 1, , , 3397.2280000000000655, 1, , , 3397.2280000000000655, 1
, , 3397.2319999999999709, 1, , , 3397.2319999999999709, 1, , , 3397.2319999999999709, 1, , , 3397.2319999999999709, 1
, , 3397.23700000000008, 1, , , 3397.23700000000008, 1, , , 3397.23700000000008, 1, , , 3397.23700000000008, 1
, , 3397.2420000000001892, 1, , , 3397.2420000000001892, 1, , , 3397.2420000000001892, 1, , , 3397.2420000000001892, 1
, , 3397.2480000000000473, 1, , , 3397.2480000000000473, 1, , , 3397.2480000000000473, 1, , , 3397.2480000000000473, 1
, , 3397.2519999999999527, 1, , , 3397.2519999999999527, 1, , , 3397.2519999999999527, 1, , , 3397.2519999999999527, 1
, , 3397.2570000000000618, 1, , , 3397.2570000000000618, 1, , , 3397.2570000000000618, 1, , , 3397.2570000000000618, 1
, , 3397.262000000000171, 1, , , 3397.262000000000171, 1, , , 3397.262000000000171, 1, , , 3397.262000000000171, 1
, , 3397.2669999999998254, 1, , , 3397.2669999999998254, 1, , , 3397.2669999999998254, 1, , , 3397.2669999999998254, 1
, , 3397.2730000000001382, 1, , , 3397.2730000000001382, 1, , , 3397.2730000000001382, 1, , , 3397.2730000000001382, 1
, , 3397.2770000000000437, 1, , , 3397.2770000000000437, 0, , , 3397.2770000000000437, 0, , , 3397.2770000000000437, 1
, , 3397.2820000000001528, 1, , , 3397.2820000000001528, 0, , , 3397.2820000000001528, 0, , , 3397.2820000000001528, 1
, , 3397.2880000000000109, 1, , , 3397.2880000000000109, 0, , , 3397.2880000000000109, 0, , , 3397.2880000000000109, 1
, , 3397.2919999999999163, 1, , , 3397.2919999999999163, 0, , , 3397.2919999999999163, 0, , , 3397.2919999999999163, 1
, , 3397.2989999999999782, 1, , , 3397.2989999999999782, 0, , , 3397.2989999999999782, 0, , , 3397.2989999999999782, 1
, , 3397.3029999999998836, 1, , , 3397.3029999999998836, 0, , , 3397.3029999999998836, 0, , , 3397.3029999999998836, 1
, , 3397.306999999999789, 1, , , 3397.306999999999789, 0, , , 3397.306999999999789, 0, , , 3397.306999999999789, 1
, , 3397.3119999999998981, 1, , , 3397.3119999999998981, 0, , , 3397.3119999999998981, 0, , , 3397.3119999999998981, 1
, , 3397.3170000000000073, 1, , , 3397.3170000000000073, 0, , , 3397.3170000000000073, 0, , , 3397.3170000000000073, 1
, , 3397.3220000000001164, 1, , , 3397.3220000000001164, 0, , , 3397.3220000000001164, 0, , , 3397.3220000000001164, 1
, , 3397.3270000000002256, 1, , , 3397.3270000000002256, 0, , , 3397.3270000000002256, 0, , , 3397.3270000000002256, 1
, , 3397.3319999999998799, 1, , , 3397.3319999999998799, 0, , , 3397.3319999999998799, 0, , , 3397.3319999999998799, 1
, , 3397.3369999999999891, 1, , , 3397.3369999999999891, 0, , , 3397.3369999999999891, 0, , , 3397.3369999999999891, 1
, , 3397.3420000000000982, 1, , , 3397.3420000000000982, 0, , , 3397.3420000000000982, 0, , , 3397.3420000000000982, 1
, , 3397.3470000000002074, 1, , , 3397.3470000000002074, 0, , , 3397.3470000000002074, 0, , , 3397.3470000000002074, 1
, , 3397.3519999999998618, 1, , , 3397.3519999999998618, 0, , , 3397.3519999999998618, 0, , , 3397.3519999999998618, 1
, , 3397.3569999999999709, 1, , , 3397.3569999999999709, 0, , , 3397.3569999999999709, 0, , , 3397.3569999999999709, 1
, , 3397.36200000000008, 1, , , 3397.36200000000008, 0, , , 3397.36200000000008, 0, , , 3397.36200000000008, 1
, , 3397.3670000000001892, 1, , , 3397.3670000000001892, 0, , , 3397.3670000000001892, 0, , , 3397.3670000000001892, 1
, , 3397.3719999999998436, 1, , , 3397.3719999999998436, 0, , , 3397.3719999999998436, 0, , , 3397.3719999999998436, 1
, , 3397.3769999999999527, 1, , , 3397.3769999999999527, 0, , , 3397.3769999999999527, 0, , , 3397.3769999999999527, 1
, , 3397.3829999999998108, 1, , , 3397.3829999999998108, 0, , , 3397.3829999999998108, 0, , , 3397.3829999999998108, 1
, , 3397.387000000000171, 1, , , 3397.387000000000171, 0, , , 3397.387000000000171, 0, , , 3397.387000000000171, 1
, , 3397.3919999999998254, 1, , , 3397.3919999999998254, 0, , , 3397.3919999999998254, 0, , , 3397.3919999999998254, 1
, , 3397.3989999999998872, 1, , , 3397.3989999999998872, 0, , , 3397.3989999999998872, 0, , , 3397.3989999999998872, 1
, , 3397.4020000000000437, 1, , , 3397.4020000000000437, 0, , , 3397.4020000000000437, 0, , , 3397.4020000000000437, 1
, , 3397.4070000000001528, 1, , , 3397.4070000000001528, 0, , , 3397.4070000000001528, 0, , , 3397.4070000000001528, 1
, , 3397.4119999999998072, 1, , , 3397.4119999999998072, 0, , , 3397.4119999999998072, 0, , , 3397.4119999999998072, 1
, , 3397.4169999999999163, 1, , , 3397.4169999999999163, 0, , , 3397.4169999999999163, 0, , , 3397.4169999999999163, 1
, , 3397.4220000000000255, 1, , , 3397.4220000000000255, 0, , , 3397.4220000000000255, 0, , , 3397.4220000000000255, 1
, , 3397.4279999999998836, 1, , , 3397.4279999999998836, 0, , , 3397.4279999999998836, 0, , , 3397.4279999999998836, 1
, , 3397.4340000000001965, 1, , , 3397.4340000000001965, 0, , , 3397.4340000000001965, 0, , , 3397.4340000000001965, 1
, , 3397.4369999999998981, 1, , , 3397.4369999999998981, 0, , , 3397.4369999999998981, 0, , , 3397.4369999999998981, 1
, , 3397.4420000000000073, 1, , , 3397.4420000000000073, 0, , , 3397.4420000000000073, 0, , , 3397.4420000000000073, 1
, , 3397.4470000000001164, 1, , , 3397.4470000000001164, 0, , , 3397.4470000000001164, 0, , , 3397.4470000000001164, 1
, , 3397.4520000000002256, 1, , , 3397.4520000000002256, 0, , , 3397.4520000000002256, 0, , , 3397.4520000000002256, 1
, , 3397.456000000000131, 1, , , 3397.456000000000131, 0, , , 3397.456000000000131, 0, , , 3397.456000000000131, 1
, , 3397.4619999999999891, 1, , , 3397.4619999999999891, 0, , , 3397.4619999999999891, 0, , , 3397.4619999999999891, 1
, , 3397.4670000000000982, 1, , , 3397.4670000000000982, 0, , , 3397.4670000000000982, 0, , , 3397.4670000000000982, 1
, , 3397.4720000000002074, 1, , , 3397.4720000000002074, 0, , , 3397.4720000000002074, 0, , , 3397.4720000000002074, 1
, , 3397.4769999999998618, 1, , , 3397.4769999999998618, 0, , , 3397.4769999999998618, 0, , , 3397.4769999999998618, 1
, , 3397.4830000000001746, 1, , , 3397.4830000000001746, 0, , , 3397.4830000000001746, 0, , , 3397.4830000000001746, 1
, , 3397.4859999999998763, 1, , , 3397.4859999999998763, 0, , , 3397.4859999999998763, 0, , , 3397.4859999999998763, 1
, , 3397.4920000000001892, 1, , , 3397.4920000000001892, 0, , , 3397.4920000000001892, 0, , , 3397.4920000000001892, 1
, , 3397.4969999999998436, 1, , , 3397.4969999999998436, 0, , , 3397.4969999999998436, 0, , , 3397.4969999999998436, 1
, , 3397.5019999999999527, 1, , , 3397.5019999999999527, 0, , , 3397.5019999999999527, 0, , , 3397.5019999999999527, 1
, , 3397.5070000000000618, 1, , , 3397.5070000000000618, 0, , , 3397.5070000000000618, 0, , , 3397.5070000000000618, 1
, , 3397.51299999999992, 1, , , 3397.51299999999992, 0, , , 3397.51299999999992, 0, , , 3397.51299999999992, 1
, , 3397.5160000000000764, 1, , , 3397.5160000000000764, 0, , , 3397.5160000000000764, 0, , , 3397.5160000000000764, 1
, , 3397.5219999999999345, 1, , , 3397.5219999999999345, 0, , , 3397.5219999999999345, 0, , , 3397.5219999999999345, 1
, , 3397.5270000000000437, 1, , , 3397.5270000000000437, 1, , , 3397.5270000000000437, 1, , , 3397.5270000000000437, 1
, , 3397.5320000000001528, 1, , , 3397.5320000000001528, 1, , , 3397.5320000000001528, 1, , , 3397.5320000000001528, 1
, , 3397.5369999999998072, 1, , , 3397.5369999999998072, 1, , , 3397.5369999999998072, 1, , , 3397.5369999999998072, 1
, , 3397.5419999999999163, 1, , , 3397.5419999999999163, 1, , , 3397.5419999999999163, 1, , , 3397.5419999999999163, 1
, , 3397.5479999999997744, 1, , , 3397.5479999999997744, 1, , , 3397.5479999999997744, 1, , , 3397.5479999999997744, 1
, , 3397.5520000000001346, 1, , , 3397.5520000000001346, 1, , , 3397.5520000000001346, 1, , , 3397.5520000000001346, 1
, , 3397.556999999999789, 1, , , 3397.556999999999789, 1, , , 3397.556999999999789, 1, , , 3397.556999999999789, 1
, , 3397.5610000000001492, 1, , , 3397.5610000000001492, 1, , , 3397.5610000000001492, 1, , , 3397.5610000000001492, 1
, , 3397.5670000000000073, 1, , , 3397.5670000000000073, 1, , , 3397.5670000000000073, 1, , , 3397.5670000000000073, 1
, , 3397.5720000000001164, 1, , , 3397.5720000000001164, 1, , , 3397.5720000000001164, 1, , , 3397.5720000000001164, 1
, , 3397.5770000000002256, 1, , , 3397.5770000000002256, 1, , , 3397.5770000000002256, 1, , , 3397.5770000000002256, 1
, , 3397.5819999999998799, 1, , , 3397.5819999999998799, 1, , , 3397.5819999999998799, 1, , , 3397.5819999999998799, 1
, , 3397.5869999999999891, 1, , , 3397.5869999999999891, 1, , , 3397.5869999999999891, 1, , , 3397.5869999999999891, 1
, , 3397.5920000000000982, 1, , , 3397.5920000000000982, 1, , , 3397.5920000000000982, 1, , , 3397.5920000000000982, 1
, , 3397.5970000000002074, 1, , , 3397.5970000000002074, 1, , , 3397.5970000000002074, 1, , , 3397.5970000000002074, 1
, , 3397.6010000000001128, 0, , , 3397.6010000000001128, 1, , , 3397.6010000000001128, 1, , , 3397.6010000000001128, 0
, , 3397.6080000000001746, 0, , , 3397.6080000000001746, 1, , , 3397.6080000000001746, 1, , , 3397.6080000000001746, 0
, , 3397.61200000000008, 0, , , 3397.61200000000008, 1, , , 3397.61200000000008, 1, , , 3397.61200000000008, 0
, , 3397.6170000000001892, 0, , , 3397.6170000000001892, 1, , , 3397.6170000000001892, 1, , , 3397.6170000000001892, 0
, , 3397.6210000000000946, 0, , , 3397.6210000000000946, 1, , , 3397.6210000000000946, 1, , , 3397.6210000000000946, 0
, , 3397.6269999999999527, 0, , , 3397.6269999999999527, 1, , , 3397.6269999999999527, 1, , , 3397.6269999999999527, 0
, , 3397.6329999999998108, 0, , , 3397.6329999999998108, 1, , , 3397.6329999999998108, 1, , , 3397.6329999999998108, 0
, , 3397.6359999999999673, 0, , , 3397.6359999999999673, 1, , , 3397.6359999999999673, 1, , , 3397.6359999999999673, 0
, , 3397.6430000000000291, 0, , , 3397.6430000000000291, 1, , , 3397.6430000000000291, 1, , , 3397.6430000000000291, 0
, , 3397.6469999999999345, 0, , , 3397.6469999999999345, 1, , , 3397.6469999999999345, 1, , , 3397.6469999999999345, 0
, , 3397.6520000000000437, 0, , , 3397.6520000000000437, 1, , , 3397.6520000000000437, 1, , , 3397.6520000000000437, 0
, , 3397.6570000000001528, 0, , , 3397.6570000000001528, 1, , , 3397.6570000000001528, 1, , , 3397.6570000000001528, 0
, , 3397.6619999999998072, 0, , , 3397.6619999999998072, 1, , , 3397.6619999999998072, 1, , , 3397.6619999999998072, 0
, , 3397.668999999999869, 0, , , 3397.668999999999869, 1, , , 3397.668999999999869, 1, , , 3397.668999999999869, 0
, , 3397.6720000000000255, 0, , , 3397.6720000000000255, 1, , , 3397.6720000000000255, 1, , , 3397.6720000000000255, 0
, , 3397.6770000000001346, 0, , , 3397.6770000000001346, 1, , , 3397.6770000000001346, 1, , , 3397.6770000000001346, 0
, , 3397.681999999999789, 0, , , 3397.681999999999789, 1, , , 3397.681999999999789, 1, , , 3397.681999999999789, 0
, , 3397.6880000000001019, 0, , , 3397.6880000000001019, 1, , , 3397.6880000000001019, 1, , , 3397.6880000000001019, 0
, , 3397.6920000000000073, 0, , , 3397.6920000000000073, 1, , , 3397.6920000000000073, 1, , , 3397.6920000000000073, 0
, , 3397.6979999999998654, 0, , , 3397.6979999999998654, 1, , , 3397.6979999999998654, 1, , , 3397.6979999999998654, 0
, , 3397.7020000000002256, 0, , , 3397.7020000000002256, 1, , , 3397.7020000000002256, 1, , , 3397.7020000000002256, 0
, , 3397.706000000000131, 0, , , 3397.706000000000131, 1, , , 3397.706000000000131, 1, , , 3397.706000000000131, 0
, , 3397.7130000000001928, 0, , , 3397.7130000000001928, 1, , , 3397.7130000000001928, 1, , , 3397.7130000000001928, 0
, , 3397.7179999999998472, 0, , , 3397.7179999999998472, 1, , , 3397.7179999999998472, 1, , , 3397.7179999999998472, 0
, , 3397.7220000000002074, 0, , , 3397.7220000000002074, 1, , , 3397.7220000000002074, 1, , , 3397.7220000000002074, 0
, , 3397.7269999999998618, 0, , , 3397.7269999999998618, 1, , , 3397.7269999999998618, 1, , , 3397.7269999999998618, 0
, , 3397.7330000000001746, 0, , , 3397.7330000000001746, 1, , , 3397.7330000000001746, 1, , , 3397.7330000000001746, 0
, , 3397.737999999999829, 0, , , 3397.737999999999829, 1, , , 3397.737999999999829, 1, , , 3397.737999999999829, 0
, , 3397.7420000000001892, 0, , , 3397.7420000000001892, 1, , , 3397.7420000000001892, 1, , , 3397.7420000000001892, 0
, , 3397.7469999999998436, 0, , , 3397.7469999999998436, 1, , , 3397.7469999999998436, 1, , , 3397.7469999999998436, 0
, , 3397.7519999999999527, 0, , , 3397.7519999999999527, 1, , , 3397.7519999999999527, 1, , , 3397.7519999999999527, 0
, , 3397.7579999999998108, 0, , , 3397.7579999999998108, 1, , , 3397.7579999999998108, 1, , , 3397.7579999999998108, 0
, , 3397.76299999999992, 0, , , 3397.76299999999992, 1, , , 3397.76299999999992, 1, , , 3397.76299999999992, 0
, , 3397.7669999999998254, 0, , , 3397.7669999999998254, 1, , , 3397.7669999999998254, 1, , , 3397.7669999999998254, 0
, , 3397.7719999999999345, 0, , , 3397.7719999999999345, 1, , , 3397.7719999999999345, 1, , , 3397.7719999999999345, 0
, , 3397.7770000000000437, 0, , , 3397.7770000000000437, 1, , , 3397.7770000000000437, 1, , , 3397.7770000000000437, 0
, , 3397.7820000000001528, 0, , , 3397.7820000000001528, 1, , , 3397.7820000000001528, 1, , , 3397.7820000000001528, 0
, , 3397.7869999999998072, 0, , , 3397.7869999999998072, 1, , , 3397.7869999999998072, 1, , , 3397.7869999999998072, 0
, , 3397.7930000000001201, 0, , , 3397.7930000000001201, 1, , , 3397.7930000000001201, 1, , , 3397.7930000000001201, 0
, , 3397.7970000000000255, 0, , , 3397.7970000000000255, 1, , , 3397.7970000000000255, 1, , , 3397.7970000000000255, 0
, , 3397.8020000000001346, 0, , , 3397.8020000000001346, 1, , , 3397.8020000000001346, 1, , , 3397.8020000000001346, 0
, , 3397.8079999999999927, 0, , , 3397.8079999999999927, 1, , , 3397.8079999999999927, 1, , , 3397.8079999999999927, 0
, , 3397.8119999999998981, 0, , , 3397.8119999999998981, 1, , , 3397.8119999999998981, 1, , , 3397.8119999999998981, 0
, , 3397.8170000000000073, 0, , , 3397.8170000000000073, 1, , , 3397.8170000000000073, 1, , , 3397.8170000000000073, 0
, , 3397.8220000000001164, 0, , , 3397.8220000000001164, 1, , , 3397.8220000000001164, 1, , , 3397.8220000000001164, 0
, , 3397.8270000000002256, 0, , , 3397.8270000000002256, 1, , , 3397.8270000000002256, 1, , , 3397.8270000000002256, 0
, , 3397.8330000000000837, 0, , , 3397.8330000000000837, 1, , , 3397.8330000000000837, 1, , , 3397.8330000000000837, 0
, , 3397.8369999999999891, 0, , , 3397.8369999999999891, 1, , , 3397.8369999999999891, 1, , , 3397.8369999999999891, 0
, , 3397.8429999999998472, 0, , , 3397.8429999999998472, 1, , , 3397.8429999999998472, 1, , , 3397.8429999999998472, 0
, , 3397.8479999999999563, 0, , , 3397.8479999999999563, 1, , , 3397.8479999999999563, 1, , , 3397.8479999999999563, 0
, , 3397.8539999999998145, 1, , , 3397.8539999999998145, 1, , , 3397.8539999999998145, 1, , , 3397.8539999999998145, 1
, , 3397.8569999999999709, 1, , , 3397.8569999999999709, 1, , , 3397.8569999999999709, 1, , , 3397.8569999999999709, 1
, , 3397.86200000000008, 1, , , 3397.86200000000008, 1, , , 3397.86200000000008, 1, , , 3397.86200000000008, 1
, , 3397.8670000000001892, 1, , , 3397.8670000000001892, 1, , , 3397.8670000000001892, 1, , , 3397.8670000000001892, 1
, , 3397.8719999999998436, 1, , , 3397.8719999999998436, 1, , , 3397.8719999999998436, 1, , , 3397.8719999999998436, 1
, , 3397.8789999999999054, 1, , , 3397.8789999999999054, 1, , , 3397.8789999999999054, 1, , , 3397.8789999999999054, 1
, , 3397.8820000000000618, 1, , , 3397.8820000000000618, 1, , , 3397.8820000000000618, 1, , , 3397.8820000000000618, 1
, , 3397.887000000000171, 1, , , 3397.887000000000171, 1, , , 3397.887000000000171, 1, , , 3397.887000000000171, 1
, , 3397.8930000000000291, 1, , , 3397.8930000000000291, 1, , , 3397.8930000000000291, 1, , , 3397.8930000000000291, 1
, , 3397.8969999999999345, 1, , , 3397.8969999999999345, 1, , , 3397.8969999999999345, 1, , , 3397.8969999999999345, 1
, , 3397.9020000000000437, 1, , , 3397.9020000000000437, 1, , , 3397.9020000000000437, 1, , , 3397.9020000000000437, 1
, , 3397.9070000000001528, 1, , , 3397.9070000000001528, 1, , , 3397.9070000000001528, 1, , , 3397.9070000000001528, 1
, , 3397.9119999999998072, 1, , , 3397.9119999999998072, 1, , , 3397.9119999999998072, 1, , , 3397.9119999999998072, 1
, , 3397.9169999999999163, 1, , , 3397.9169999999999163, 1, , , 3397.9169999999999163, 1, , , 3397.9169999999999163, 1
, , 3397.9220000000000255, 1, , , 3397.9220000000000255, 1, , , 3397.9220000000000255, 1, , , 3397.9220000000000255, 1
, , 3397.9270000000001346, 1, , , 3397.9270000000001346, 0, , , 3397.9270000000001346, 0, , , 3397.9270000000001346, 1
, , 3397.931999999999789, 1, , , 3397.931999999999789, 0, , , 3397.931999999999789, 0, , , 3397.931999999999789, 1
, , 3397.9369999999998981, 1, , , 3397.9369999999998981, 0, , , 3397.9369999999998981, 0, , , 3397.9369999999998981, 1
, , 3397.943000000000211, 1, , , 3397.943000000000211, 0, , , 3397.943000000000211, 0, , , 3397.943000000000211, 1
, , 3397.9479999999998654, 1, , , 3397.9479999999998654, 0, , , 3397.9479999999998654, 0, , , 3397.9479999999998654, 1
, , 3397.9520000000002256, 1, , , 3397.9520000000002256, 0, , , 3397.9520000000002256, 0, , , 3397.9520000000002256, 1
, , 3397.9569999999998799, 1, , , 3397.9569999999998799, 0, , , 3397.9569999999998799, 0, , , 3397.9569999999998799, 1
, , 3397.9630000000001928, 1, , , 3397.9630000000001928, 0, , , 3397.9630000000001928, 0, , , 3397.9630000000001928, 1
, , 3397.9670000000000982, 1, , , 3397.9670000000000982, 0, , , 3397.9670000000000982, 0, , , 3397.9670000000000982, 1
, , 3397.9720000000002074, 1, , , 3397.9720000000002074, 0, , , 3397.9720000000002074, 0, , , 3397.9720000000002074, 1
, , 3397.9760000000001128, 1, , , 3397.9760000000001128, 0, , , 3397.9760000000001128, 0, , , 3397.9760000000001128, 1
, , 3397.9839999999999236, 1, , , 3397.9839999999999236, 0, , , 3397.9839999999999236, 0, , , 3397.9839999999999236, 1
, , 3397.98700000000008, 1, , , 3397.98700000000008, 0, , , 3397.98700000000008, 0, , , 3397.98700000000008, 1
, , 3397.9920000000001892, 1, , , 3397.9920000000001892, 0, , , 3397.9920000000001892, 0, , , 3397.9920000000001892, 1
, , 3397.9960000000000946, 1, , , 3397.9960000000000946, 0, , , 3397.9960000000000946, 0, , , 3397.9960000000000946, 1
, , 3398.0019999999999527, 1, , , 3398.0019999999999527, 0, , , 3398.0019999999999527, 0, , , 3398.0019999999999527, 1
, , 3398.0090000000000146, 1, , , 3398.0090000000000146, 0, , , 3398.0090000000000146, 0, , , 3398.0090000000000146, 1
, , 3398.01299999999992, 1, , , 3398.01299999999992, 0, , , 3398.01299999999992, 0, , , 3398.01299999999992, 1
, , 3398.0169999999998254, 1, , , 3398.0169999999998254, 0, , , 3398.0169999999998254, 0, , , 3398.0169999999998254, 1
, , 3398.0219999999999345, 1, , , 3398.0219999999999345, 0, , , 3398.0219999999999345, 0, , , 3398.0219999999999345, 1
, , 3398.0270000000000437, 1, , , 3398.0270000000000437, 0, , , 3398.0270000000000437, 0, , , 3398.0270000000000437, 1
, , 3398.0320000000001528, 1, , , 3398.0320000000001528, 0, , , 3398.0320000000001528, 0, , , 3398.0320000000001528, 1
, , 3398.0369999999998072, 1, , , 3398.0369999999998072, 0, , , 3398.0369999999998072, 0, , , 3398.0369999999998072, 1
, , 3398.0419999999999163, 1, , , 3398.0419999999999163, 0, , , 3398.0419999999999163, 0, , , 3398.0419999999999163, 1
, , 3398.0470000000000255, 1, , , 3398.0470000000000255, 0, , , 3398.0470000000000255, 0, , , 3398.0470000000000255, 1
, , 3398.0529999999998836, 1, , , 3398.0529999999998836, 0, , , 3398.0529999999998836, 0, , , 3398.0529999999998836, 1
, , 3398.056999999999789, 1, , , 3398.056999999999789, 0, , , 3398.056999999999789, 0, , , 3398.056999999999789, 1
, , 3398.0630000000001019, 1, , , 3398.0630000000001019, 0, , , 3398.0630000000001019, 0, , , 3398.0630000000001019, 1
, , 3398.0670000000000073, 1, , , 3398.0670000000000073, 0, , , 3398.0670000000000073, 0, , , 3398.0670000000000073, 1
, , 3398.0709999999999127, 1, , , 3398.0709999999999127, 0, , , 3398.0709999999999127, 0, , , 3398.0709999999999127, 1
, , 3398.0779999999999745, 1, , , 3398.0779999999999745, 0, , , 3398.0779999999999745, 0, , , 3398.0779999999999745, 1
, , 3398.0819999999998799, 1, , , 3398.0819999999998799, 0, , , 3398.0819999999998799, 0, , , 3398.0819999999998799, 1
, , 3398.0880000000001928, 1, , , 3398.0880000000001928, 0, , , 3398.0880000000001928, 0, , , 3398.0880000000001928, 1
, , 3398.0920000000000982, 1, , , 3398.0920000000000982, 0, , , 3398.0920000000000982, 0, , , 3398.0920000000000982, 1
, , 3398.0979999999999563, 1, , , 3398.0979999999999563, 0, , , 3398.0979999999999563, 0, , , 3398.0979999999999563, 1
, , 3398.1019999999998618, 1, , , 3398.1019999999998618, 0, , , 3398.1019999999998618, 0, , , 3398.1019999999998618, 1
, , 3398.1069999999999709, 1, , , 3398.1069999999999709, 0, , , 3398.1069999999999709, 0, , , 3398.1069999999999709, 1
, , 3398.11200000000008, 1, , , 3398.11200000000008, 0, , , 3398.11200000000008, 0, , , 3398.11200000000008, 1
, , 3398.1170000000001892, 1, , , 3398.1170000000001892, 0, , , 3398.1170000000001892, 0, , , 3398.1170000000001892, 1
, , 3398.1230000000000473, 1, , , 3398.1230000000000473, 0, , , 3398.1230000000000473, 0, , , 3398.1230000000000473, 1
, , 3398.1269999999999527, 1, , , 3398.1269999999999527, 0, , , 3398.1269999999999527, 0, , , 3398.1269999999999527, 1
, , 3398.1309999999998581, 1, , , 3398.1309999999998581, 0, , , 3398.1309999999998581, 0, , , 3398.1309999999998581, 1
, , 3398.13799999999992, 1, , , 3398.13799999999992, 0, , , 3398.13799999999992, 0, , , 3398.13799999999992, 1
, , 3398.1419999999998254, 1, , , 3398.1419999999998254, 0, , , 3398.1419999999998254, 0, , , 3398.1419999999998254, 1
, , 3398.1469999999999345, 1, , , 3398.1469999999999345, 0, , , 3398.1469999999999345, 0, , , 3398.1469999999999345, 1
, , 3398.1520000000000437, 1, , , 3398.1520000000000437, 0, , , 3398.1520000000000437, 0, , , 3398.1520000000000437, 1
, , 3398.1579999999999018, 1, , , 3398.1579999999999018, 0, , , 3398.1579999999999018, 0, , , 3398.1579999999999018, 1
, , 3398.1630000000000109, 1, , , 3398.1630000000000109, 0, , , 3398.1630000000000109, 0, , , 3398.1630000000000109, 1
, , 3398.1669999999999163, 1, , , 3398.1669999999999163, 0, , , 3398.1669999999999163, 0, , , 3398.1669999999999163, 1
, , 3398.1720000000000255, 1, , , 3398.1720000000000255, 0, , , 3398.1720000000000255, 0, , , 3398.1720000000000255, 1
, , 3398.1779999999998836, 1, , , 3398.1779999999998836, 1, , , 3398.1779999999998836, 1, , , 3398.1779999999998836, 1
, , 3398.1829999999999927, 1, , , 3398.1829999999999927, 1, , , 3398.1829999999999927, 1, , , 3398.1829999999999927, 1
, , 3398.1889999999998508, 1, , , 3398.1889999999998508, 1, , , 3398.1889999999998508, 1, , , 3398.1889999999998508, 1
, , 3398.1920000000000073, 1, , , 3398.1920000000000073, 1, , , 3398.1920000000000073, 1, , , 3398.1920000000000073, 1
, , 3398.1990000000000691, 1, , , 3398.1990000000000691, 1, , , 3398.1990000000000691, 1, , , 3398.1990000000000691, 1
, , 3398.2020000000002256, 1, , , 3398.2020000000002256, 1, , , 3398.2020000000002256, 1, , , 3398.2020000000002256, 1
, , 3398.2069999999998799, 1, , , 3398.2069999999998799, 1, , , 3398.2069999999998799, 1, , , 3398.2069999999998799, 1
, , 3398.2139999999999418, 1, , , 3398.2139999999999418, 1, , , 3398.2139999999999418, 1, , , 3398.2139999999999418, 1
, , 3398.2170000000000982, 1, , , 3398.2170000000000982, 1, , , 3398.2170000000000982, 1, , , 3398.2170000000000982, 1
, , 3398.2220000000002074, 1, , , 3398.2220000000002074, 1, , , 3398.2220000000002074, 1, , , 3398.2220000000002074, 1
, , 3398.2280000000000655, 1, , , 3398.2280000000000655, 1, , , 3398.2280000000000655, 1, , , 3398.2280000000000655, 1
, , 3398.2339999999999236, 1, , , 3398.2339999999999236, 1, , , 3398.2339999999999236, 1, , , 3398.2339999999999236, 1
, , 3398.23700000000008, 1, , , 3398.23700000000008, 1, , , 3398.23700000000008, 1, , , 3398.23700000000008, 1
, , 3398.2420000000001892, 1, , , 3398.2420000000001892, 1, , , 3398.2420000000001892, 1, , , 3398.2420000000001892, 1
, , 3398.2469999999998436, 1, , , 3398.2469999999998436, 1, , , 3398.2469999999998436, 1, , , 3398.2469999999998436, 1
, , 3398.2519999999999527, 0, , , 3398.2519999999999527, 1, , , 3398.2519999999999527, 1, , , 3398.2519999999999527, 0
, , 3398.2570000000000618, 0, , , 3398.2570000000000618, 1, , , 3398.2570000000000618, 1, , , 3398.2570000000000618, 0
, , 3398.262000000000171, 0, , , 3398.262000000000171, 1, , , 3398.262000000000171, 1, , , 3398.262000000000171, 0
, , 3398.2669999999998254, 0, , , 3398.2669999999998254, 1, , , 3398.2669999999998254, 1, , , 3398.2669999999998254, 0
, , 3398.2719999999999345, 0, , , 3398.2719999999999345, 1, , , 3398.2719999999999345, 1, , , 3398.2719999999999345, 0
, , 3398.2770000000000437, 0, , , 3398.2770000000000437, 1, , , 3398.2770000000000437, 1, , , 3398.2770000000000437, 0
, , 3398.2829999999999018, 0, , , 3398.2829999999999018, 1, , , 3398.2829999999999018, 1, , , 3398.2829999999999018, 0
, , 3398.2869999999998072, 0, , , 3398.2869999999998072, 1, , , 3398.2869999999998072, 1, , , 3398.2869999999998072, 0
, , 3398.2919999999999163, 0, , , 3398.2919999999999163, 1, , , 3398.2919999999999163, 1, , , 3398.2919999999999163, 0
, , 3398.2979999999997744, 0, , , 3398.2979999999997744, 1, , , 3398.2979999999997744, 1, , , 3398.2979999999997744, 0
, , 3398.3020000000001346, 0, , , 3398.3020000000001346, 1, , , 3398.3020000000001346, 1, , , 3398.3020000000001346, 0
, , 3398.3090000000001965, 0, , , 3398.3090000000001965, 1, , , 3398.3090000000001965, 1, , , 3398.3090000000001965, 0
, , 3398.3110000000001492, 0, , , 3398.3110000000001492, 1, , , 3398.3110000000001492, 1, , , 3398.3110000000001492, 0
, , 3398.318000000000211, 0, , , 3398.318000000000211, 1, , , 3398.318000000000211, 1, , , 3398.318000000000211, 0
, , 3398.3220000000001164, 0, , , 3398.3220000000001164, 1, , , 3398.3220000000001164, 1, , , 3398.3220000000001164, 0
, , 3398.3270000000002256, 0, , , 3398.3270000000002256, 1, , , 3398.3270000000002256, 1, , , 3398.3270000000002256, 0
, , 3398.3330000000000837, 0, , , 3398.3330000000000837, 1, , , 3398.3330000000000837, 1, , , 3398.3330000000000837, 0
, , 3398.3369999999999891, 0, , , 3398.3369999999999891, 1, , , 3398.3369999999999891, 1, , , 3398.3369999999999891, 0
, , 3398.3440000000000509, 0, , , 3398.3440000000000509, 1, , , 3398.3440000000000509, 1, , , 3398.3440000000000509, 0
, , 3398.3470000000002074, 0, , , 3398.3470000000002074, 1, , , 3398.3470000000002074, 1, , , 3398.3470000000002074, 0
, , 3398.3530000000000655, 0, , , 3398.3530000000000655, 1, , , 3398.3530000000000655, 1, , , 3398.3530000000000655, 0
, , 3398.3569999999999709, 0, , , 3398.3569999999999709, 1, , , 3398.3569999999999709, 1, , , 3398.3569999999999709, 0
, , 3398.362999999999829, 0, , , 3398.362999999999829, 1, , , 3398.362999999999829, 1, , , 3398.362999999999829, 0
, , 3398.3670000000001892, 0, , , 3398.3670000000001892, 1, , , 3398.3670000000001892, 1, , , 3398.3670000000001892, 0
, , 3398.3719999999998436, 0, , , 3398.3719999999998436, 1, , , 3398.3719999999998436, 1, , , 3398.3719999999998436, 0
, , 3398.3780000000001564, 0, , , 3398.3780000000001564, 1, , , 3398.3780000000001564, 1, , , 3398.3780000000001564, 0
, , 3398.3820000000000618, 0, , , 3398.3820000000000618, 1, , , 3398.3820000000000618, 1, , , 3398.3820000000000618, 0
, , 3398.387000000000171, 0, , , 3398.387000000000171, 1, , , 3398.387000000000171, 1, , , 3398.387000000000171, 0
, , 3398.3919999999998254, 0, , , 3398.3919999999998254, 1, , , 3398.3919999999998254, 1, , , 3398.3919999999998254, 0
, , 3398.3969999999999345, 0, , , 3398.3969999999999345, 1, , , 3398.3969999999999345, 1, , , 3398.3969999999999345, 0
, , 3398.4020000000000437, 0, , , 3398.4020000000000437, 1, , , 3398.4020000000000437, 1, , , 3398.4020000000000437, 0
, , 3398.4070000000001528, 0, , , 3398.4070000000001528, 1, , , 3398.4070000000001528, 1, , , 3398.4070000000001528, 0
, , 3398.4119999999998072, 0, , , 3398.4119999999998072, 1, , , 3398.4119999999998072, 1, , , 3398.4119999999998072, 0
, , 3398.4160000000001673, 0, , , 3398.4160000000001673, 1, , , 3398.4160000000001673, 1, , , 3398.4160000000001673, 0
, , 3398.4220000000000255, 0, , , 3398.4220000000000255, 1, , , 3398.4220000000000255, 1, , , 3398.4220000000000255, 0
, , 3398.4270000000001346, 0, , , 3398.4270000000001346, 1, , , 3398.4270000000001346, 1, , , 3398.4270000000001346, 0
, , 3398.4329999999999927, 0, , , 3398.4329999999999927, 1, , , 3398.4329999999999927, 1, , , 3398.4329999999999927, 0
, , 3398.4369999999998981, 0, , , 3398.4369999999998981, 1, , , 3398.4369999999998981, 1, , , 3398.4369999999998981, 0
, , 3398.443000000000211, 0, , , 3398.443000000000211, 1, , , 3398.443000000000211, 1, , , 3398.443000000000211, 0
, , 3398.4479999999998654, 0, , , 3398.4479999999998654, 1, , , 3398.4479999999998654, 1, , , 3398.4479999999998654, 0
, , 3398.4520000000002256, 0, , , 3398.4520000000002256, 1, , , 3398.4520000000002256, 1, , , 3398.4520000000002256, 0
, , 3398.4569999999998799, 0, , , 3398.4569999999998799, 1, , , 3398.4569999999998799, 1, , , 3398.4569999999998799, 0
, , 3398.4619999999999891, 0, , , 3398.4619999999999891, 1, , , 3398.4619999999999891, 1, , , 3398.4619999999999891, 0
, , 3398.4659999999998945, 0, , , 3398.4659999999998945, 1, , , 3398.4659999999998945, 1, , , 3398.4659999999998945, 0
, , 3398.4729999999999563, 0, , , 3398.4729999999999563, 1, , , 3398.4729999999999563, 1, , , 3398.4729999999999563, 0
, , 3398.4769999999998618, 0, , , 3398.4769999999998618, 1, , , 3398.4769999999998618, 1, , , 3398.4769999999998618, 0
, , 3398.4819999999999709, 0, , , 3398.4819999999999709, 1, , , 3398.4819999999999709, 1, , , 3398.4819999999999709, 0
, , 3398.48700000000008, 0, , , 3398.48700000000008, 1, , , 3398.48700000000008, 1, , , 3398.48700000000008, 0
, , 3398.4920000000001892, 0, , , 3398.4920000000001892, 1, , , 3398.4920000000001892, 1, , , 3398.4920000000001892, 0
, , 3398.4969999999998436, 0, , , 3398.4969999999998436, 1, , , 3398.4969999999998436, 1, , , 3398.4969999999998436, 0
, , 3398.5030000000001564, 0, , , 3398.5030000000001564, 1, , , 3398.5030000000001564, 1, , , 3398.5030000000001564, 0
, , 3398.5070000000000618, 1, , , 3398.5070000000000618, 1, , , 3398.5070000000000618, 1, , , 3398.5070000000000618, 1
, , 3398.51299999999992, 1, , , 3398.51299999999992, 1, , , 3398.51299999999992, 1, , , 3398.51299999999992, 1
, , 3398.5180000000000291, 1, , , 3398.5180000000000291, 1, , , 3398.5180000000000291, 1, , , 3398.5180000000000291, 1
, , 3398.5219999999999345, 1, , , 3398.5219999999999345, 1, , , 3398.5219999999999345, 1, , , 3398.5219999999999345, 1
, , 3398.5279999999997926, 1, , , 3398.5279999999997926, 1, , , 3398.5279999999997926, 1, , , 3398.5279999999997926, 1
, , 3398.5320000000001528, 1, , , 3398.5320000000001528, 1, , , 3398.5320000000001528, 1, , , 3398.5320000000001528, 1
, , 3398.5369999999998072, 1, , , 3398.5369999999998072, 1, , , 3398.5369999999998072, 1, , , 3398.5369999999998072, 1
, , 3398.5419999999999163, 1, , , 3398.5419999999999163, 1, , , 3398.5419999999999163, 1, , , 3398.5419999999999163, 1
, , 3398.5470000000000255, 1, , , 3398.5470000000000255, 1, , , 3398.5470000000000255, 1, , , 3398.5470000000000255, 1
, , 3398.5520000000001346, 1, , , 3398.5520000000001346, 1, , , 3398.5520000000001346, 1, , , 3398.5520000000001346, 1
, , 3398.5590000000001965, 1, , , 3398.5590000000001965, 1, , , 3398.5590000000001965, 1, , , 3398.5590000000001965, 1
, , 3398.5630000000001019, 1, , , 3398.5630000000001019, 1, , , 3398.5630000000001019, 1, , , 3398.5630000000001019, 1
, , 3398.5670000000000073, 1, , , 3398.5670000000000073, 1, , , 3398.5670000000000073, 1, , , 3398.5670000000000073, 1
, , 3398.5729999999998654, 1, , , 3398.5729999999998654, 1, , , 3398.5729999999998654, 1, , , 3398.5729999999998654, 1
, , 3398.5779999999999745, 1, , , 3398.5779999999999745, 1, , , 3398.5779999999999745, 1, , , 3398.5779999999999745, 1
, , 3398.5819999999998799, 1, , , 3398.5819999999998799, 0, , , 3398.5819999999998799, 0, , , 3398.5819999999998799, 1
, , 3398.5880000000001928, 1, , , 3398.5880000000001928, 0, , , 3398.5880000000001928, 0, , , 3398.5880000000001928, 1
, , 3398.5929999999998472, 1, , , 3398.5929999999998472, 0, , , 3398.5929999999998472, 0, , , 3398.5929999999998472, 1
, , 3398.5970000000002074, 1, , , 3398.5970000000002074, 0, , , 3398.5970000000002074, 0, , , 3398.5970000000002074, 1
, , 3398.6019999999998618, 1, , , 3398.6019999999998618, 0, , , 3398.6019999999998618, 0, , , 3398.6019999999998618, 1
, , 3398.6069999999999709, 1, , , 3398.6069999999999709, 0, , , 3398.6069999999999709, 0, , , 3398.6069999999999709, 1
, , 3398.612999999999829, 1, , , 3398.612999999999829, 0, , , 3398.612999999999829, 0, , , 3398.612999999999829, 1
, , 3398.6179999999999382, 1, , , 3398.6179999999999382, 0, , , 3398.6179999999999382, 0, , , 3398.6179999999999382, 1
, , 3398.6219999999998436, 1, , , 3398.6219999999998436, 0, , , 3398.6219999999998436, 0, , , 3398.6219999999998436, 1
, , 3398.6269999999999527, 1, , , 3398.6269999999999527, 0, , , 3398.6269999999999527, 0, , , 3398.6269999999999527, 1
, , 3398.6329999999998108, 1, , , 3398.6329999999998108, 0, , , 3398.6329999999998108, 0, , , 3398.6329999999998108, 1
, , 3398.637000000000171, 1, , , 3398.637000000000171, 0, , , 3398.637000000000171, 0, , , 3398.637000000000171, 1
, , 3398.6419999999998254, 1, , , 3398.6419999999998254, 0, , , 3398.6419999999998254, 0, , , 3398.6419999999998254, 1
, , 3398.6469999999999345, 1, , , 3398.6469999999999345, 0, , , 3398.6469999999999345, 0, , , 3398.6469999999999345, 1
, , 3398.6529999999997926, 1, , , 3398.6529999999997926, 0, , , 3398.6529999999997926, 0, , , 3398.6529999999997926, 1
, , 3398.6570000000001528, 1, , , 3398.6570000000001528, 0, , , 3398.6570000000001528, 0, , , 3398.6570000000001528, 1
, , 3398.6630000000000109, 1, , , 3398.6630000000000109, 0, , , 3398.6630000000000109, 0, , , 3398.6630000000000109, 1
, , 3398.6680000000001201, 1, , , 3398.6680000000001201, 0, , , 3398.6680000000001201, 0, , , 3398.6680000000001201, 1
, , 3398.6720000000000255, 1, , , 3398.6720000000000255, 0, , , 3398.6720000000000255, 0, , , 3398.6720000000000255, 1
, , 3398.6770000000001346, 1, , , 3398.6770000000001346, 0, , , 3398.6770000000001346, 0, , , 3398.6770000000001346, 1
, , 3398.681999999999789, 1, , , 3398.681999999999789, 0, , , 3398.681999999999789, 0, , , 3398.681999999999789, 1
, , 3398.6869999999998981, 1, , , 3398.6869999999998981, 0, , , 3398.6869999999998981, 0, , , 3398.6869999999998981, 1
, , 3398.693000000000211, 1, , , 3398.693000000000211, 0, , , 3398.693000000000211, 0, , , 3398.693000000000211, 1
, , 3398.6979999999998654, 1, , , 3398.6979999999998654, 0, , , 3398.6979999999998654, 0, , , 3398.6979999999998654, 1
, , 3398.7020000000002256, 1, , , 3398.7020000000002256, 0, , , 3398.7020000000002256, 0, , , 3398.7020000000002256, 1
, , 3398.7069999999998799, 1, , , 3398.7069999999998799, 0, , , 3398.7069999999998799, 0, , , 3398.7069999999998799, 1
, , 3398.7130000000001928, 1, , , 3398.7130000000001928, 0, , , 3398.7130000000001928, 0, , , 3398.7130000000001928, 1
, , 3398.7170000000000982, 1, , , 3398.7170000000000982, 0, , , 3398.7170000000000982, 0, , , 3398.7170000000000982, 1
, , 3398.7229999999999563, 1, , , 3398.7229999999999563, 0, , , 3398.7229999999999563, 0, , , 3398.7229999999999563, 1
, , 3398.7269999999998618, 1, , , 3398.7269999999998618, 0, , , 3398.7269999999998618, 0, , , 3398.7269999999998618, 1
, , 3398.7319999999999709, 1, , , 3398.7319999999999709, 0, , , 3398.7319999999999709, 0, , , 3398.7319999999999709, 1
, , 3398.73700000000008, 1, , , 3398.73700000000008, 0, , , 3398.73700000000008, 0, , , 3398.73700000000008, 1
, , 3398.7429999999999382, 1, , , 3398.7429999999999382, 0, , , 3398.7429999999999382, 0, , , 3398.7429999999999382, 1
, , 3398.7469999999998436, 1, , , 3398.7469999999998436, 0, , , 3398.7469999999998436, 0, , , 3398.7469999999998436, 1
, , 3398.7519999999999527, 1, , , 3398.7519999999999527, 0, , , 3398.7519999999999527, 0, , , 3398.7519999999999527, 1
, , 3398.7579999999998108, 1, , , 3398.7579999999998108, 0, , , 3398.7579999999998108, 0, , , 3398.7579999999998108, 1
, , 3398.76299999999992, 1, , , 3398.76299999999992, 0, , , 3398.76299999999992, 0, , , 3398.76299999999992, 1
, , 3398.7680000000000291, 1, , , 3398.7680000000000291, 0, , , 3398.7680000000000291, 0, , , 3398.7680000000000291, 1
, , 3398.7719999999999345, 1, , , 3398.7719999999999345, 0, , , 3398.7719999999999345, 0, , , 3398.7719999999999345, 1
, , 3398.7779999999997926, 1, , , 3398.7779999999997926, 0, , , 3398.7779999999997926, 0, , , 3398.7779999999997926, 1
, , 3398.7829999999999018, 1, , , 3398.7829999999999018, 0, , , 3398.7829999999999018, 0, , , 3398.7829999999999018, 1
, , 3398.7869999999998072, 1, , , 3398.7869999999998072, 0, , , 3398.7869999999998072, 0, , , 3398.7869999999998072, 1
, , 3398.7919999999999163, 1, , , 3398.7919999999999163, 0, , , 3398.7919999999999163, 0, , , 3398.7919999999999163, 1
, , 3398.7970000000000255, 1, , , 3398.7970000000000255, 0, , , 3398.7970000000000255, 0, , , 3398.7970000000000255, 1
, , 3398.8020000000001346, 1, , , 3398.8020000000001346, 0, , , 3398.8020000000001346, 0, , , 3398.8020000000001346, 1
, , 3398.8079999999999927, 1, , , 3398.8079999999999927, 0, , , 3398.8079999999999927, 0, , , 3398.8079999999999927, 1
, , 3398.8119999999998981, 1, , , 3398.8119999999998981, 0, , , 3398.8119999999998981, 0, , , 3398.8119999999998981, 1
, , 3398.818000000000211, 1, , , 3398.818000000000211, 0, , , 3398.818000000000211, 0, , , 3398.818000000000211, 1
, , 3398.8220000000001164, 1, , , 3398.8220000000001164, 0, , , 3398.8220000000001164, 0, , , 3398.8220000000001164, 1
, , 3398.8299999999999272, 1, , , 3398.8299999999999272, 1, , , 3398.8299999999999272, 1, , , 3398.8299999999999272, 1
, , 3398.8319999999998799, 1, , , 3398.8319999999998799, 1, , , 3398.8319999999998799, 1, , , 3398.8319999999998799, 1
, , 3398.8369999999999891, 1, , , 3398.8369999999999891, 1, , , 3398.8369999999999891, 1, , , 3398.8369999999999891, 1
, , 3398.8440000000000509, 1, , , 3398.8440000000000509, 1, , , 3398.8440000000000509, 1, , , 3398.8440000000000509, 1
, , 3398.8479999999999563, 1, , , 3398.8479999999999563, 1, , , 3398.8479999999999563, 1, , , 3398.8479999999999563, 1
, , 3398.8539999999998145, 1, , , 3398.8539999999998145, 1, , , 3398.8539999999998145, 1, , , 3398.8539999999998145, 1
, , 3398.8569999999999709, 1, , , 3398.8569999999999709, 1, , , 3398.8569999999999709, 1, , , 3398.8569999999999709, 1
, , 3398.862999999999829, 1, , , 3398.862999999999829, 1, , , 3398.862999999999829, 1, , , 3398.862999999999829, 1
, , 3398.8670000000001892, 1, , , 3398.8670000000001892, 1, , , 3398.8670000000001892, 1, , , 3398.8670000000001892, 1
, , 3398.8719999999998436, 1, , , 3398.8719999999998436, 1, , , 3398.8719999999998436, 1, , , 3398.8719999999998436, 1
, , 3398.8780000000001564, 1, , , 3398.8780000000001564, 1, , , 3398.8780000000001564, 1, , , 3398.8780000000001564, 1
, , 3398.8820000000000618, 1, , , 3398.8820000000000618, 1, , , 3398.8820000000000618, 1, , , 3398.8820000000000618, 1
, , 3398.887000000000171, 1, , , 3398.887000000000171, 1, , , 3398.887000000000171, 1, , , 3398.887000000000171, 1
, , 3398.8919999999998254, 1, , , 3398.8919999999998254, 1, , , 3398.8919999999998254, 1, , , 3398.8919999999998254, 1
, , 3398.8969999999999345, 1, , , 3398.8969999999999345, 1, , , 3398.8969999999999345, 1, , , 3398.8969999999999345, 1
, , 3398.9029999999997926, 1, , , 3398.9029999999997926, 1, , , 3398.9029999999997926, 1, , , 3398.9029999999997926, 1
, , 3398.9070000000001528, 0, , , 3398.9070000000001528, 1, , , 3398.9070000000001528, 1, , , 3398.9070000000001528, 0
, , 3398.9130000000000109, 0, , , 3398.9130000000000109, 1, , , 3398.9130000000000109, 1, , , 3398.9130000000000109, 0
, , 3398.9169999999999163, 0, , , 3398.9169999999999163, 1, , , 3398.9169999999999163, 1, , , 3398.9169999999999163, 0
, , 3398.9220000000000255, 0, , , 3398.9220000000000255, 1, , , 3398.9220000000000255, 1, , , 3398.9220000000000255, 0
, , 3398.9270000000001346, 0, , , 3398.9270000000001346, 1, , , 3398.9270000000001346, 1, , , 3398.9270000000001346, 0
, , 3398.931999999999789, 0, , , 3398.931999999999789, 1, , , 3398.931999999999789, 1, , , 3398.931999999999789, 0
, , 3398.9369999999998981, 0, , , 3398.9369999999998981, 1, , , 3398.9369999999998981, 1, , , 3398.9369999999998981, 0
, , 3398.9420000000000073, 0, , , 3398.9420000000000073, 1, , , 3398.9420000000000073, 1, , , 3398.9420000000000073, 0
, , 3398.9479999999998654, 0, , , 3398.9479999999998654, 1, , , 3398.9479999999998654, 1, , , 3398.9479999999998654, 0
, , 3398.9529999999999745, 0, , , 3398.9529999999999745, 1, , , 3398.9529999999999745, 1, , , 3398.9529999999999745, 0
, , 3398.9580000000000837, 0, , , 3398.9580000000000837, 1, , , 3398.9580000000000837, 1, , , 3398.9580000000000837, 0
, , 3398.9619999999999891, 0, , , 3398.9619999999999891, 1, , , 3398.9619999999999891, 1, , , 3398.9619999999999891, 0
, , 3398.9670000000000982, 0, , , 3398.9670000000000982, 1, , , 3398.9670000000000982, 1, , , 3398.9670000000000982, 0
, , 3398.9729999999999563, 0, , , 3398.9729999999999563, 1, , , 3398.9729999999999563, 1, , , 3398.9729999999999563, 0
, , 3398.9769999999998618, 0, , , 3398.9769999999998618, 1, , , 3398.9769999999998618, 1, , , 3398.9769999999998618, 0
, , 3398.9810000000002219, 0, , , 3398.9810000000002219, 1, , , 3398.9810000000002219, 1, , , 3398.9810000000002219, 0
, , 3398.987999999999829, 0, , , 3398.987999999999829, 1, , , 3398.987999999999829, 1, , , 3398.987999999999829, 0
, , 3398.9920000000001892, 0, , , 3398.9920000000001892, 1, , , 3398.9920000000001892, 1, , , 3398.9920000000001892, 0
, , 3398.9980000000000473, 0, , , 3398.9980000000000473, 1, , , 3398.9980000000000473, 1, , , 3398.9980000000000473, 0
, , 3399.0019999999999527, 0, , , 3399.0019999999999527, 1, , , 3399.0019999999999527, 1, , , 3399.0019999999999527, 0
, , 3399.0079999999998108, 0, , , 3399.0079999999998108, 1, , , 3399.0079999999998108, 1, , , 3399.0079999999998108, 0
, , 3399.01299999999992, 0, , , 3399.01299999999992, 1, , , 3399.01299999999992, 1, , , 3399.01299999999992, 0
, , 3399.0169999999998254, 0, , , 3399.0169999999998254, 1, , , 3399.0169999999998254, 1, , , 3399.0169999999998254, 0
, , 3399.0219999999999345, 0, , , 3399.0219999999999345, 1, , , 3399.0219999999999345, 1, , , 3399.0219999999999345, 0
, , 3399.0270000000000437, 0, , , 3399.0270000000000437, 1, , , 3399.0270000000000437, 1, , , 3399.0270000000000437, 0
, , 3399.0320000000001528, 0, , , 3399.0320000000001528, 1, , , 3399.0320000000001528, 1, , , 3399.0320000000001528, 0
, , 3399.0369999999998072, 0, , , 3399.0369999999998072, 1, , , 3399.0369999999998072, 1, , , 3399.0369999999998072, 0
, , 3399.0419999999999163, 0, , , 3399.0419999999999163, 1, , , 3399.0419999999999163, 1, , , 3399.0419999999999163, 0
, , 3399.0479999999997744, 0, , , 3399.0479999999997744, 1, , , 3399.0479999999997744, 1, , , 3399.0479999999997744, 0
, , 3399.0540000000000873, 0, , , 3399.0540000000000873, 1, , , 3399.0540000000000873, 1, , , 3399.0540000000000873, 0
, , 3399.056999999999789, 0, , , 3399.056999999999789, 1, , , 3399.056999999999789, 1, , , 3399.056999999999789, 0
, , 3399.0630000000001019, 0, , , 3399.0630000000001019, 1, , , 3399.0630000000001019, 1, , , 3399.0630000000001019, 0
, , 3399.0670000000000073, 0, , , 3399.0670000000000073, 1, , , 3399.0670000000000073, 1, , , 3399.0670000000000073, 0
, , 3399.0720000000001164, 0, , , 3399.0720000000001164, 1, , , 3399.0720000000001164, 1, , , 3399.0720000000001164, 0
, , 3399.0770000000002256, 0, , , 3399.0770000000002256, 1, , , 3399.0770000000002256, 1, , , 3399.0770000000002256, 0
, , 3399.0819999999998799, 0, , , 3399.0819999999998799, 1, , , 3399.0819999999998799, 1, , , 3399.0819999999998799, 0
, , 3399.0869999999999891, 0, , , 3399.0869999999999891, 1, , , 3399.0869999999999891, 1, , , 3399.0869999999999891, 0
, , 3399.0920000000000982, 0, , , 3399.0920000000000982, 1, , , 3399.0920000000000982, 1, , , 3399.0920000000000982, 0
, , 3399.0970000000002074, 0, , , 3399.0970000000002074, 1, , , 3399.0970000000002074, 1, , , 3399.0970000000002074, 0
, , 3399.1030000000000655, 0, , , 3399.1030000000000655, 1, , , 3399.1030000000000655, 1, , , 3399.1030000000000655, 0
, , 3399.1080000000001746, 0, , , 3399.1080000000001746, 1, , , 3399.1080000000001746, 1, , , 3399.1080000000001746, 0
, , 3399.11200000000008, 0, , , 3399.11200000000008, 1, , , 3399.11200000000008, 1, , , 3399.11200000000008, 0
, , 3399.1190000000001419, 0, , , 3399.1190000000001419, 1, , , 3399.1190000000001419, 1, , , 3399.1190000000001419, 0
, , 3399.1230000000000473, 0, , , 3399.1230000000000473, 1, , , 3399.1230000000000473, 1, , , 3399.1230000000000473, 0
, , 3399.1280000000001564, 0, , , 3399.1280000000001564, 1, , , 3399.1280000000001564, 1, , , 3399.1280000000001564, 0
, , 3399.1340000000000146, 0, , , 3399.1340000000000146, 1, , , 3399.1340000000000146, 1, , , 3399.1340000000000146, 0
, , 3399.137000000000171, 0, , , 3399.137000000000171, 1, , , 3399.137000000000171, 1, , , 3399.137000000000171, 0
, , 3399.1419999999998254, 0, , , 3399.1419999999998254, 1, , , 3399.1419999999998254, 1, , , 3399.1419999999998254, 0
, , 3399.1480000000001382, 0, , , 3399.1480000000001382, 1, , , 3399.1480000000001382, 1, , , 3399.1480000000001382, 0
, , 3399.1520000000000437, 0, , , 3399.1520000000000437, 1, , , 3399.1520000000000437, 1, , , 3399.1520000000000437, 0
, , 3399.1570000000001528, 0, , , 3399.1570000000001528, 1, , , 3399.1570000000001528, 1, , , 3399.1570000000001528, 0
, , 3399.1619999999998072, 1, , , 3399.1619999999998072, 1, , , 3399.1619999999998072, 1, , , 3399.1619999999998072, 1
, , 3399.1660000000001673, 1, , , 3399.1660000000001673, 1, , , 3399.1660000000001673, 1, , , 3399.1660000000001673, 1
, , 3399.1729999999997744, 1, , , 3399.1729999999997744, 1, , , 3399.1729999999997744, 1, , , 3399.1729999999997744, 1
, , 3399.1770000000001346, 1, , , 3399.1770000000001346, 1, , , 3399.1770000000001346, 1, , , 3399.1770000000001346, 1
, , 3399.181999999999789, 1, , , 3399.181999999999789, 1, , , 3399.181999999999789, 1, , , 3399.181999999999789, 1
, , 3399.1869999999998981, 1, , , 3399.1869999999998981, 1, , , 3399.1869999999998981, 1, , , 3399.1869999999998981, 1
, , 3399.1920000000000073, 1, , , 3399.1920000000000073, 1, , , 3399.1920000000000073, 1, , , 3399.1920000000000073, 1
, , 3399.1970000000001164, 1, , , 3399.1970000000001164, 1, , , 3399.1970000000001164, 1, , , 3399.1970000000001164, 1
, , 3399.2020000000002256, 1, , , 3399.2020000000002256, 1, , , 3399.2020000000002256, 1, , , 3399.2020000000002256, 1
, , 3399.2069999999998799, 1, , , 3399.2069999999998799, 1, , , 3399.2069999999998799, 1, , , 3399.2069999999998799, 1
, , 3399.2130000000001928, 1, , , 3399.2130000000001928, 1, , , 3399.2130000000001928, 1, , , 3399.2130000000001928, 1
, , 3399.2179999999998472, 1, , , 3399.2179999999998472, 1, , , 3399.2179999999998472, 1, , , 3399.2179999999998472, 1
, , 3399.2220000000002074, 1, , , 3399.2220000000002074, 1, , , 3399.2220000000002074, 1, , , 3399.2220000000002074, 1
, , 3399.2269999999998618, 1, , , 3399.2269999999998618, 1, , , 3399.2269999999998618, 1, , , 3399.2269999999998618, 1
, , 3399.2330000000001746, 1, , , 3399.2330000000001746, 0, , , 3399.2330000000001746, 0, , , 3399.2330000000001746, 1
, , 3399.237999999999829, 1, , , 3399.237999999999829, 0, , , 3399.237999999999829, 0, , , 3399.237999999999829, 1
, , 3399.2420000000001892, 1, , , 3399.2420000000001892, 0, , , 3399.2420000000001892, 0, , , 3399.2420000000001892, 1
, , 3399.2469999999998436, 1, , , 3399.2469999999998436, 0, , , 3399.2469999999998436, 0, , , 3399.2469999999998436, 1
, , 3399.2530000000001564, 1, , , 3399.2530000000001564, 0, , , 3399.2530000000001564, 0, , , 3399.2530000000001564, 1
, , 3399.2570000000000618, 1, , , 3399.2570000000000618, 0, , , 3399.2570000000000618, 0, , , 3399.2570000000000618, 1
, , 3399.2640000000001237, 1, , , 3399.2640000000001237, 0, , , 3399.2640000000001237, 0, , , 3399.2640000000001237, 1
, , 3399.2669999999998254, 1, , , 3399.2669999999998254, 0, , , 3399.2669999999998254, 0, , , 3399.2669999999998254, 1
, , 3399.2719999999999345, 1, , , 3399.2719999999999345, 0, , , 3399.2719999999999345, 0, , , 3399.2719999999999345, 1
, , 3399.2779999999997926, 1, , , 3399.2779999999997926, 0, , , 3399.2779999999997926, 0, , , 3399.2779999999997926, 1
, , 3399.2829999999999018, 1, , , 3399.2829999999999018, 0, , , 3399.2829999999999018, 0, , , 3399.2829999999999018, 1
, , 3399.2890000000002146, 1, , , 3399.2890000000002146, 0, , , 3399.2890000000002146, 0, , , 3399.2890000000002146, 1
, , 3399.2919999999999163, 1, , , 3399.2919999999999163, 0, , , 3399.2919999999999163, 0, , , 3399.2919999999999163, 1
, , 3399.2970000000000255, 1, , , 3399.2970000000000255, 0, , , 3399.2970000000000255, 0, , , 3399.2970000000000255, 1
, , 3399.3029999999998836, 1, , , 3399.3029999999998836, 0, , , 3399.3029999999998836, 0, , , 3399.3029999999998836, 1
, , 3399.306999999999789, 1, , , 3399.306999999999789, 0, , , 3399.306999999999789, 0, , , 3399.306999999999789, 1
, , 3399.3119999999998981, 1, , , 3399.3119999999998981, 0, , , 3399.3119999999998981, 0, , , 3399.3119999999998981, 1
, , 3399.3170000000000073, 1, , , 3399.3170000000000073, 0, , , 3399.3170000000000073, 0, , , 3399.3170000000000073, 1
, , 3399.3220000000001164, 1, , , 3399.3220000000001164, 0, , , 3399.3220000000001164, 0, , , 3399.3220000000001164, 1
, , 3399.3270000000002256, 1, , , 3399.3270000000002256, 0, , , 3399.3270000000002256, 0, , , 3399.3270000000002256, 1
, , 3399.3319999999998799, 1, , , 3399.3319999999998799, 0, , , 3399.3319999999998799, 0, , , 3399.3319999999998799, 1
, , 3399.3369999999999891, 1, , , 3399.3369999999999891, 0, , , 3399.3369999999999891, 0, , , 3399.3369999999999891, 1
, , 3399.3420000000000982, 1, , , 3399.3420000000000982, 0, , , 3399.3420000000000982, 0, , , 3399.3420000000000982, 1
, , 3399.3470000000002074, 1, , , 3399.3470000000002074, 0, , , 3399.3470000000002074, 0, , , 3399.3470000000002074, 1
, , 3399.3519999999998618, 1, , , 3399.3519999999998618, 0, , , 3399.3519999999998618, 0, , , 3399.3519999999998618, 1
, , 3399.3569999999999709, 1, , , 3399.3569999999999709, 0, , , 3399.3569999999999709, 0, , , 3399.3569999999999709, 1
, , 3399.362999999999829, 1, , , 3399.362999999999829, 0, , , 3399.362999999999829, 0, , , 3399.362999999999829, 1
, , 3399.3670000000001892, 1, , , 3399.3670000000001892, 0, , , 3399.3670000000001892, 0, , , 3399.3670000000001892, 1
, , 3399.3730000000000473, 1, , , 3399.3730000000000473, 0, , , 3399.3730000000000473, 0, , , 3399.3730000000000473, 1
, , 3399.3769999999999527, 1, , , 3399.3769999999999527, 0, , , 3399.3769999999999527, 0, , , 3399.3769999999999527, 1
, , 3399.3820000000000618, 1, , , 3399.3820000000000618, 0, , , 3399.3820000000000618, 0, , , 3399.3820000000000618, 1
, , 3399.38799999999992, 1, , , 3399.38799999999992, 0, , , 3399.38799999999992, 0, , , 3399.38799999999992, 1
, , 3399.3939999999997781, 1, , , 3399.3939999999997781, 0, , , 3399.3939999999997781, 0, , , 3399.3939999999997781, 1
, , 3399.3969999999999345, 1, , , 3399.3969999999999345, 0, , , 3399.3969999999999345, 0, , , 3399.3969999999999345, 1
, , 3399.4020000000000437, 1, , , 3399.4020000000000437, 0, , , 3399.4020000000000437, 0, , , 3399.4020000000000437, 1
, , 3399.4070000000001528, 1, , , 3399.4070000000001528, 0, , , 3399.4070000000001528, 0, , , 3399.4070000000001528, 1
, , 3399.4119999999998072, 1, , , 3399.4119999999998072, 0, , , 3399.4119999999998072, 0, , , 3399.4119999999998072, 1
, , 3399.4180000000001201, 1, , , 3399.4180000000001201, 0, , , 3399.4180000000001201, 0, , , 3399.4180000000001201, 1
, , 3399.4220000000000255, 1, , , 3399.4220000000000255, 0, , , 3399.4220000000000255, 0, , , 3399.4220000000000255, 1
, , 3399.4279999999998836, 1, , , 3399.4279999999998836, 0, , , 3399.4279999999998836, 0, , , 3399.4279999999998836, 1
, , 3399.431999999999789, 1, , , 3399.431999999999789, 0, , , 3399.431999999999789, 0, , , 3399.431999999999789, 1
, , 3399.4369999999998981, 1, , , 3399.4369999999998981, 0, , , 3399.4369999999998981, 0, , , 3399.4369999999998981, 1
, , 3399.4420000000000073, 1, , , 3399.4420000000000073, 0, , , 3399.4420000000000073, 0, , , 3399.4420000000000073, 1
, , 3399.4470000000001164, 1, , , 3399.4470000000001164, 0, , , 3399.4470000000001164, 0, , , 3399.4470000000001164, 1
, , 3399.4520000000002256, 1, , , 3399.4520000000002256, 0, , , 3399.4520000000002256, 0, , , 3399.4520000000002256, 1
, , 3399.456000000000131, 1, , , 3399.456000000000131, 0, , , 3399.456000000000131, 0, , , 3399.456000000000131, 1
, , 3399.4619999999999891, 1, , , 3399.4619999999999891, 0, , , 3399.4619999999999891, 0, , , 3399.4619999999999891, 1
, , 3399.4670000000000982, 1, , , 3399.4670000000000982, 0, , , 3399.4670000000000982, 0, , , 3399.4670000000000982, 1
, , 3399.4729999999999563, 1, , , 3399.4729999999999563, 0, , , 3399.4729999999999563, 0, , , 3399.4729999999999563, 1
, , 3399.4769999999998618, 1, , , 3399.4769999999998618, 0, , , 3399.4769999999998618, 0, , , 3399.4769999999998618, 1
, , 3399.4830000000001746, 1, , , 3399.4830000000001746, 0, , , 3399.4830000000001746, 0, , , 3399.4830000000001746, 1
, , 3399.48700000000008, 1, , , 3399.48700000000008, 1, , , 3399.48700000000008, 1, , , 3399.48700000000008, 1
, , 3399.4920000000001892, 1, , , 3399.4920000000001892, 1, , , 3399.4920000000001892, 1, , , 3399.4920000000001892, 1
, , 3399.4969999999998436, 1, , , 3399.4969999999998436, 1, , , 3399.4969999999998436, 1, , , 3399.4969999999998436, 1
, , 3399.5039999999999054, 1, , , 3399.5039999999999054, 1, , , 3399.5039999999999054, 1, , , 3399.5039999999999054, 1
, , 3399.5079999999998108, 1, , , 3399.5079999999998108, 1, , , 3399.5079999999998108, 1, , , 3399.5079999999998108, 1
, , 3399.512000000000171, 1, , , 3399.512000000000171, 1, , , 3399.512000000000171, 1, , , 3399.512000000000171, 1
, , 3399.5169999999998254, 1, , , 3399.5169999999998254, 1, , , 3399.5169999999998254, 1, , , 3399.5169999999998254, 1
, , 3399.5230000000001382, 1, , , 3399.5230000000001382, 1, , , 3399.5230000000001382, 1, , , 3399.5230000000001382, 1
, , 3399.5270000000000437, 1, , , 3399.5270000000000437, 1, , , 3399.5270000000000437, 1, , , 3399.5270000000000437, 1
, , 3399.5320000000001528, 1, , , 3399.5320000000001528, 1, , , 3399.5320000000001528, 1, , , 3399.5320000000001528, 1
, , 3399.5369999999998072, 1, , , 3399.5369999999998072, 1, , , 3399.5369999999998072, 1, , , 3399.5369999999998072, 1
, , 3399.5419999999999163, 1, , , 3399.5419999999999163, 1, , , 3399.5419999999999163, 1, , , 3399.5419999999999163, 1
, , 3399.5470000000000255, 1, , , 3399.5470000000000255, 1, , , 3399.5470000000000255, 1, , , 3399.5470000000000255, 1
, , 3399.5509999999999309, 1, , , 3399.5509999999999309, 1, , , 3399.5509999999999309, 1, , , 3399.5509999999999309, 1
, , 3399.556999999999789, 1, , , 3399.556999999999789, 1, , , 3399.556999999999789, 1, , , 3399.556999999999789, 1
, , 3399.5619999999998981, 0, , , 3399.5619999999998981, 1, , , 3399.5619999999998981, 1, , , 3399.5619999999998981, 0
, , 3399.5670000000000073, 0, , , 3399.5670000000000073, 1, , , 3399.5670000000000073, 1, , , 3399.5670000000000073, 0
, , 3399.5720000000001164, 0, , , 3399.5720000000001164, 1, , , 3399.5720000000001164, 1, , , 3399.5720000000001164, 0
, , 3399.5770000000002256, 0, , , 3399.5770000000002256, 1, , , 3399.5770000000002256, 1, , , 3399.5770000000002256, 0
, , 3399.5819999999998799, 0, , , 3399.5819999999998799, 1, , , 3399.5819999999998799, 1, , , 3399.5819999999998799, 0
, , 3399.5869999999999891, 0, , , 3399.5869999999999891, 1, , , 3399.5869999999999891, 1, , , 3399.5869999999999891, 0
, , 3399.5929999999998472, 0, , , 3399.5929999999998472, 1, , , 3399.5929999999998472, 1, , , 3399.5929999999998472, 0
, , 3399.5970000000002074, 0, , , 3399.5970000000002074, 1, , , 3399.5970000000002074, 1, , , 3399.5970000000002074, 0
, , 3399.6019999999998618, 0, , , 3399.6019999999998618, 1, , , 3399.6019999999998618, 1, , , 3399.6019999999998618, 0
, , 3399.6069999999999709, 0, , , 3399.6069999999999709, 1, , , 3399.6069999999999709, 1, , , 3399.6069999999999709, 0
, , 3399.612999999999829, 0, , , 3399.612999999999829, 1, , , 3399.612999999999829, 1, , , 3399.612999999999829, 0
, , 3399.6170000000001892, 0, , , 3399.6170000000001892, 1, , , 3399.6170000000001892, 1, , , 3399.6170000000001892, 0
, , 3399.6230000000000473, 0, , , 3399.6230000000000473, 1, , , 3399.6230000000000473, 1, , , 3399.6230000000000473, 0
, , 3399.6269999999999527, 0, , , 3399.6269999999999527, 1, , , 3399.6269999999999527, 1, , , 3399.6269999999999527, 0
, , 3399.6340000000000146, 0, , , 3399.6340000000000146, 1, , , 3399.6340000000000146, 1, , , 3399.6340000000000146, 0
, , 3399.637000000000171, 0, , , 3399.637000000000171, 1, , , 3399.637000000000171, 1, , , 3399.637000000000171, 0
, , 3399.6419999999998254, 0, , , 3399.6419999999998254, 1, , , 3399.6419999999998254, 1, , , 3399.6419999999998254, 0
, , 3399.6480000000001382, 0, , , 3399.6480000000001382, 1, , , 3399.6480000000001382, 1, , , 3399.6480000000001382, 0
, , 3399.6509999999998399, 0, , , 3399.6509999999998399, 1, , , 3399.6509999999998399, 1, , , 3399.6509999999998399, 0
, , 3399.6579999999999018, 0, , , 3399.6579999999999018, 1, , , 3399.6579999999999018, 1, , , 3399.6579999999999018, 0
, , 3399.6640000000002146, 0, , , 3399.6640000000002146, 1, , , 3399.6640000000002146, 1, , , 3399.6640000000002146, 0
, , 3399.6669999999999163, 0, , , 3399.6669999999999163, 1, , , 3399.6669999999999163, 1, , , 3399.6669999999999163, 0
, , 3399.6720000000000255, 0, , , 3399.6720000000000255, 1, , , 3399.6720000000000255, 1, , , 3399.6720000000000255, 0
, , 3399.6770000000001346, 0, , , 3399.6770000000001346, 1, , , 3399.6770000000001346, 1, , , 3399.6770000000001346, 0
, , 3399.681999999999789, 0, , , 3399.681999999999789, 1, , , 3399.681999999999789, 1, , , 3399.681999999999789, 0
, , 3399.6869999999998981, 0, , , 3399.6869999999998981, 1, , , 3399.6869999999998981, 1, , , 3399.6869999999998981, 0
, , 3399.6920000000000073, 0, , , 3399.6920000000000073, 1, , , 3399.6920000000000073, 1, , , 3399.6920000000000073, 0
, , 3399.6970000000001164, 0, , , 3399.6970000000001164, 1, , , 3399.6970000000001164, 1, , , 3399.6970000000001164, 0
, , 3399.7029999999999745, 0, , , 3399.7029999999999745, 1, , , 3399.7029999999999745, 1, , , 3399.7029999999999745, 0
, , 3399.7069999999998799, 0, , , 3399.7069999999998799, 1, , , 3399.7069999999998799, 1, , , 3399.7069999999998799, 0
, , 3399.7130000000001928, 0, , , 3399.7130000000001928, 1, , , 3399.7130000000001928, 1, , , 3399.7130000000001928, 0
, , 3399.7170000000000982, 0, , , 3399.7170000000000982, 1, , , 3399.7170000000000982, 1, , , 3399.7170000000000982, 0
, , 3399.7220000000002074, 0, , , 3399.7220000000002074, 1, , , 3399.7220000000002074, 1, , , 3399.7220000000002074, 0
, , 3399.7269999999998618, 0, , , 3399.7269999999998618, 1, , , 3399.7269999999998618, 1, , , 3399.7269999999998618, 0
, , 3399.7330000000001746, 0, , , 3399.7330000000001746, 1, , , 3399.7330000000001746, 1, , , 3399.7330000000001746, 0
, , 3399.73700000000008, 0, , , 3399.73700000000008, 1, , , 3399.73700000000008, 1, , , 3399.73700000000008, 0
, , 3399.7420000000001892, 0, , , 3399.7420000000001892, 1, , , 3399.7420000000001892, 1, , , 3399.7420000000001892, 0
, , 3399.7469999999998436, 0, , , 3399.7469999999998436, 1, , , 3399.7469999999998436, 1, , , 3399.7469999999998436, 0
, , 3399.7519999999999527, 0, , , 3399.7519999999999527, 1, , , 3399.7519999999999527, 1, , , 3399.7519999999999527, 0
, , 3399.7570000000000618, 0, , , 3399.7570000000000618, 1, , , 3399.7570000000000618, 1, , , 3399.7570000000000618, 0
, , 3399.76299999999992, 0, , , 3399.76299999999992, 1, , , 3399.76299999999992, 1, , , 3399.76299999999992, 0
, , 3399.7669999999998254, 0, , , 3399.7669999999998254, 1, , , 3399.7669999999998254, 1, , , 3399.7669999999998254, 0
, , 3399.7710000000001855, 0, , , 3399.7710000000001855, 1, , , 3399.7710000000001855, 1, , , 3399.7710000000001855, 0
, , 3399.7770000000000437, 0, , , 3399.7770000000000437, 1, , , 3399.7770000000000437, 1, , , 3399.7770000000000437, 0
, , 3399.7829999999999018, 0, , , 3399.7829999999999018, 1, , , 3399.7829999999999018, 1, , , 3399.7829999999999018, 0
, , 3399.7869999999998072, 0, , , 3399.7869999999998072, 1, , , 3399.7869999999998072, 1, , , 3399.7869999999998072, 0
, , 3399.7919999999999163, 0, , , 3399.7919999999999163, 1, , , 3399.7919999999999163, 1, , , 3399.7919999999999163, 0
, , 3399.7970000000000255, 0, , , 3399.7970000000000255, 1, , , 3399.7970000000000255, 1, , , 3399.7970000000000255, 0
, , 3399.8020000000001346, 0, , , 3399.8020000000001346, 1, , , 3399.8020000000001346, 1, , , 3399.8020000000001346, 0
, , 3399.80600000000004, 0, , , 3399.80600000000004, 1, , , 3399.80600000000004, 1, , , 3399.80600000000004, 0
, , 3399.8119999999998981, 1, , , 3399.8119999999998981, 1, , , 3399.8119999999998981, 1, , , 3399.8119999999998981, 1
, , 3399.8170000000000073, 1, , , 3399.8170000000000073, 1, , , 3399.8170000000000073, 1, , , 3399.8170000000000073, 1
, , 3399.8229999999998654, 1, , , 3399.8229999999998654, 1, , , 3399.8229999999998654, 1, , , 3399.8229999999998654, 1
, , 3399.8270000000002256, 1, , , 3399.8270000000002256, 1, , , 3399.8270000000002256, 1, , , 3399.8270000000002256, 1
, , 3399.8319999999998799, 1, , , 3399.8319999999998799, 1, , , 3399.8319999999998799, 1, , , 3399.8319999999998799, 1
, , 3399.8369999999999891, 1, , , 3399.8369999999999891, 1, , , 3399.8369999999999891, 1, , , 3399.8369999999999891, 1
, , 3399.8409999999998945, 1, , , 3399.8409999999998945, 1, , , 3399.8409999999998945, 1, , , 3399.8409999999998945, 1
, , 3399.8479999999999563, 1, , , 3399.8479999999999563, 1, , , 3399.8479999999999563, 1, , , 3399.8479999999999563, 1
, , 3399.8519999999998618, 1, , , 3399.8519999999998618, 1, , , 3399.8519999999998618, 1, , , 3399.8519999999998618, 1
, , 3399.8580000000001746, 1, , , 3399.8580000000001746, 1, , , 3399.8580000000001746, 1, , , 3399.8580000000001746, 1
, , 3399.8609999999998763, 1, , , 3399.8609999999998763, 1, , , 3399.8609999999998763, 1, , , 3399.8609999999998763, 1
, , 3399.8679999999999382, 1, , , 3399.8679999999999382, 1, , , 3399.8679999999999382, 1, , , 3399.8679999999999382, 1
, , 3399.8719999999998436, 1, , , 3399.8719999999998436, 1, , , 3399.8719999999998436, 1, , , 3399.8719999999998436, 1
, , 3399.8780000000001564, 1, , , 3399.8780000000001564, 1, , , 3399.8780000000001564, 1, , , 3399.8780000000001564, 1
, , 3399.8820000000000618, 1, , , 3399.8820000000000618, 1, , , 3399.8820000000000618, 1, , , 3399.8820000000000618, 1
, , 3399.887000000000171, 1, , , 3399.887000000000171, 0, , , 3399.887000000000171, 0, , , 3399.887000000000171, 1
, , 3399.8919999999998254, 1, , , 3399.8919999999998254, 0, , , 3399.8919999999998254, 0, , , 3399.8919999999998254, 1
, , 3399.8969999999999345, 1, , , 3399.8969999999999345, 0, , , 3399.8969999999999345, 0, , , 3399.8969999999999345, 1
, , 3399.9020000000000437, 1, , , 3399.9020000000000437, 0, , , 3399.9020000000000437, 0, , , 3399.9020000000000437, 1
, , 3399.9070000000001528, 1, , , 3399.9070000000001528, 0, , , 3399.9070000000001528, 0, , , 3399.9070000000001528, 1
, , 3399.9119999999998072, 1, , , 3399.9119999999998072, 0, , , 3399.9119999999998072, 0, , , 3399.9119999999998072, 1
, , 3399.9169999999999163, 1, , , 3399.9169999999999163, 0, , , 3399.9169999999999163, 0, , , 3399.9169999999999163, 1
, , 3399.9239999999999782, 1, , , 3399.9239999999999782, 0, , , 3399.9239999999999782, 0, , , 3399.9239999999999782, 1
, , 3399.9270000000001346, 1, , , 3399.9270000000001346, 0, , , 3399.9270000000001346, 0, , , 3399.9270000000001346, 1
, , 3399.931999999999789, 1, , , 3399.931999999999789, 0, , , 3399.931999999999789, 0, , , 3399.931999999999789, 1
, , 3399.9369999999998981, 1, , , 3399.9369999999998981, 0, , , 3399.9369999999998981, 0, , , 3399.9369999999998981, 1
, , 3399.9420000000000073, 1, , , 3399.9420000000000073, 0, , , 3399.9420000000000073, 0, , , 3399.9420000000000073, 1
, , 3399.9470000000001164, 1, , , 3399.9470000000001164, 0, , , 3399.9470000000001164, 0, , , 3399.9470000000001164, 1
, , 3399.9520000000002256, 1, , , 3399.9520000000002256, 0, , , 3399.9520000000002256, 0, , , 3399.9520000000002256, 1
, , 3399.9580000000000837, 1, , , 3399.9580000000000837, 0, , , 3399.9580000000000837, 0, , , 3399.9580000000000837, 1
, , 3399.9619999999999891, 1, , , 3399.9619999999999891, 0, , , 3399.9619999999999891, 0, , , 3399.9619999999999891, 1
, , 3399.9679999999998472, 1, , , 3399.9679999999998472, 0, , , 3399.9679999999998472, 0, , , 3399.9679999999998472, 1
, , 3399.9720000000002074, 1, , , 3399.9720000000002074, 0, , , 3399.9720000000002074, 0, , , 3399.9720000000002074, 1
, , 3399.9769999999998618, 1, , , 3399.9769999999998618, 0, , , 3399.9769999999998618, 0, , , 3399.9769999999998618, 1
, , 3399.9819999999999709, 1, , , 3399.9819999999999709, 0, , , 3399.9819999999999709, 0, , , 3399.9819999999999709, 1
, , 3399.987999999999829, 1, , , 3399.987999999999829, 0, , , 3399.987999999999829, 0, , , 3399.987999999999829, 1
, , 3399.9929999999999382, 1, , , 3399.9929999999999382, 0, , , 3399.9929999999999382, 0, , , 3399.9929999999999382, 1
, , 3399.9969999999998436, 1, , , 3399.9969999999998436, 0, , , 3399.9969999999998436, 0, , , 3399.9969999999998436, 1
, , 3400.0019999999999527, 1, , , 3400.0019999999999527, 0, , , 3400.0019999999999527, 0, , , 3400.0019999999999527, 1
, , 3400.0070000000000618, 1, , , 3400.0070000000000618, 0, , , 3400.0070000000000618, 0, , , 3400.0070000000000618, 1
, , 3400.01299999999992, 1, , , 3400.01299999999992, 0, , , 3400.01299999999992, 0, , , 3400.01299999999992, 1
, , 3400.0169999999998254, 1, , , 3400.0169999999998254, 0, , , 3400.0169999999998254, 0, , , 3400.0169999999998254, 1
, , 3400.0230000000001382, 1, , , 3400.0230000000001382, 0, , , 3400.0230000000001382, 0, , , 3400.0230000000001382, 1
, , 3400.0289999999999964, 1, , , 3400.0289999999999964, 0, , , 3400.0289999999999964, 0, , , 3400.0289999999999964, 1
, , 3400.0320000000001528, 1, , , 3400.0320000000001528, 0, , , 3400.0320000000001528, 0, , , 3400.0320000000001528, 1
, , 3400.0399999999999636, 1, , , 3400.0399999999999636, 0, , , 3400.0399999999999636, 0, , , 3400.0399999999999636, 1
, , 3400.0419999999999163, 1, , , 3400.0419999999999163, 0, , , 3400.0419999999999163, 0, , , 3400.0419999999999163, 1
, , 3400.0470000000000255, 1, , , 3400.0470000000000255, 0, , , 3400.0470000000000255, 0, , , 3400.0470000000000255, 1
, , 3400.0520000000001346, 1, , , 3400.0520000000001346, 0, , , 3400.0520000000001346, 0, , , 3400.0520000000001346, 1
, , 3400.056999999999789, 1, , , 3400.056999999999789, 0, , , 3400.056999999999789, 0, , , 3400.056999999999789, 1
, , 3400.0619999999998981, 1, , , 3400.0619999999998981, 0, , , 3400.0619999999998981, 0, , , 3400.0619999999998981, 1
, , 3400.0670000000000073, 1, , , 3400.0670000000000073, 0, , , 3400.0670000000000073, 0, , , 3400.0670000000000073, 1
, , 3400.0720000000001164, 1, , , 3400.0720000000001164, 0, , , 3400.0720000000001164, 0, , , 3400.0720000000001164, 1
, , 3400.0770000000002256, 1, , , 3400.0770000000002256, 0, , , 3400.0770000000002256, 0, , , 3400.0770000000002256, 1
, , 3400.0819999999998799, 1, , , 3400.0819999999998799, 0, , , 3400.0819999999998799, 0, , , 3400.0819999999998799, 1
, , 3400.0869999999999891, 1, , , 3400.0869999999999891, 0, , , 3400.0869999999999891, 0, , , 3400.0869999999999891, 1
, , 3400.0929999999998472, 1, , , 3400.0929999999998472, 0, , , 3400.0929999999998472, 0, , , 3400.0929999999998472, 1
, , 3400.0960000000000036, 1, , , 3400.0960000000000036, 0, , , 3400.0960000000000036, 0, , , 3400.0960000000000036, 1
, , 3400.1030000000000655, 1, , , 3400.1030000000000655, 0, , , 3400.1030000000000655, 0, , , 3400.1030000000000655, 1
, , 3400.1069999999999709, 1, , , 3400.1069999999999709, 0, , , 3400.1069999999999709, 0, , , 3400.1069999999999709, 1
, , 3400.11200000000008, 1, , , 3400.11200000000008, 0, , , 3400.11200000000008, 0, , , 3400.11200000000008, 1
, , 3400.1170000000001892, 1, , , 3400.1170000000001892, 0, , , 3400.1170000000001892, 0, , , 3400.1170000000001892, 1
, , 3400.1230000000000473, 1, , , 3400.1230000000000473, 0, , , 3400.1230000000000473, 0, , , 3400.1230000000000473, 1
, , 3400.1269999999999527, 1, , , 3400.1269999999999527, 0, , , 3400.1269999999999527, 0, , , 3400.1269999999999527, 1
, , 3400.1329999999998108, 1, , , 3400.1329999999998108, 0, , , 3400.1329999999998108, 0, , , 3400.1329999999998108, 1
, , 3400.137000000000171, 1, , , 3400.137000000000171, 1, , , 3400.137000000000171, 1, , , 3400.137000000000171, 1
, , 3400.1430000000000291, 1, , , 3400.1430000000000291, 1, , , 3400.1430000000000291, 1, , , 3400.1430000000000291, 1
, , 3400.1469999999999345, 1, , , 3400.1469999999999345, 1, , , 3400.1469999999999345, 1, , , 3400.1469999999999345, 1
, , 3400.1520000000000437, 1, , , 3400.1520000000000437, 1, , , 3400.1520000000000437, 1, , , 3400.1520000000000437, 1
, , 3400.1570000000001528, 1, , , 3400.1570000000001528, 1, , , 3400.1570000000001528, 1, , , 3400.1570000000001528, 1
, , 3400.1630000000000109, 1, , , 3400.1630000000000109, 1, , , 3400.1630000000000109, 1, , , 3400.1630000000000109, 1
, , 3400.1680000000001201, 1, , , 3400.1680000000001201, 1, , , 3400.1680000000001201, 1, , , 3400.1680000000001201, 1
, , 3400.1720000000000255, 1, , , 3400.1720000000000255, 1, , , 3400.1720000000000255, 1, , , 3400.1720000000000255, 1
, , 3400.1779999999998836, 1, , , 3400.1779999999998836, 1, , , 3400.1779999999998836, 1, , , 3400.1779999999998836, 1
, , 3400.181999999999789, 1, , , 3400.181999999999789, 1, , , 3400.181999999999789, 1, , , 3400.181999999999789, 1
, , 3400.1869999999998981, 1, , , 3400.1869999999998981, 1, , , 3400.1869999999998981, 1, , , 3400.1869999999998981, 1
, , 3400.193000000000211, 1, , , 3400.193000000000211, 1, , , 3400.193000000000211, 1, , , 3400.193000000000211, 1
, , 3400.1979999999998654, 1, , , 3400.1979999999998654, 1, , , 3400.1979999999998654, 1, , , 3400.1979999999998654, 1
, , 3400.2029999999999745, 1, , , 3400.2029999999999745, 1, , , 3400.2029999999999745, 1, , , 3400.2029999999999745, 1
, , 3400.2069999999998799, 1, , , 3400.2069999999998799, 1, , , 3400.2069999999998799, 1, , , 3400.2069999999998799, 1
, , 3400.2130000000001928, 0, , , 3400.2130000000001928, 1, , , 3400.2130000000001928, 1, , , 3400.2130000000001928, 0
, , 3400.2170000000000982, 0, , , 3400.2170000000000982, 1, , , 3400.2170000000000982, 1, , , 3400.2170000000000982, 0
, , 3400.2229999999999563, 0, , , 3400.2229999999999563, 1, , , 3400.2229999999999563, 1, , , 3400.2229999999999563, 0
, , 3400.2269999999998618, 0, , , 3400.2269999999998618, 1, , , 3400.2269999999998618, 1, , , 3400.2269999999998618, 0
, , 3400.2319999999999709, 0, , , 3400.2319999999999709, 1, , , 3400.2319999999999709, 1, , , 3400.2319999999999709, 0
, , 3400.237999999999829, 0, , , 3400.237999999999829, 1, , , 3400.237999999999829, 1, , , 3400.237999999999829, 0
, , 3400.2420000000001892, 0, , , 3400.2420000000001892, 1, , , 3400.2420000000001892, 1, , , 3400.2420000000001892, 0
, , 3400.2469999999998436, 0, , , 3400.2469999999998436, 1, , , 3400.2469999999998436, 1, , , 3400.2469999999998436, 0
, , 3400.2519999999999527, 0, , , 3400.2519999999999527, 1, , , 3400.2519999999999527, 1, , , 3400.2519999999999527, 0
, , 3400.2570000000000618, 0, , , 3400.2570000000000618, 1, , , 3400.2570000000000618, 1, , , 3400.2570000000000618, 0
, , 3400.2609999999999673, 0, , , 3400.2609999999999673, 1, , , 3400.2609999999999673, 1, , , 3400.2609999999999673, 0
, , 3400.2680000000000291, 0, , , 3400.2680000000000291, 1, , , 3400.2680000000000291, 1, , , 3400.2680000000000291, 0
, , 3400.2719999999999345, 0, , , 3400.2719999999999345, 1, , , 3400.2719999999999345, 1, , , 3400.2719999999999345, 0
, , 3400.2770000000000437, 0, , , 3400.2770000000000437, 1, , , 3400.2770000000000437, 1, , , 3400.2770000000000437, 0
, , 3400.2820000000001528, 0, , , 3400.2820000000001528, 1, , , 3400.2820000000001528, 1, , , 3400.2820000000001528, 0
, , 3400.2869999999998072, 0, , , 3400.2869999999998072, 1, , , 3400.2869999999998072, 1, , , 3400.2869999999998072, 0
, , 3400.2919999999999163, 0, , , 3400.2919999999999163, 1, , , 3400.2919999999999163, 1, , , 3400.2919999999999163, 0
, , 3400.2970000000000255, 0, , , 3400.2970000000000255, 1, , , 3400.2970000000000255, 1, , , 3400.2970000000000255, 0
, , 3400.3029999999998836, 0, , , 3400.3029999999998836, 1, , , 3400.3029999999998836, 1, , , 3400.3029999999998836, 0
, , 3400.306999999999789, 0, , , 3400.306999999999789, 1, , , 3400.306999999999789, 1, , , 3400.306999999999789, 0
, , 3400.3130000000001019, 0, , , 3400.3130000000001019, 1, , , 3400.3130000000001019, 1, , , 3400.3130000000001019, 0
, , 3400.3170000000000073, 0, , , 3400.3170000000000073, 1, , , 3400.3170000000000073, 1, , , 3400.3170000000000073, 0
, , 3400.3220000000001164, 0, , , 3400.3220000000001164, 1, , , 3400.3220000000001164, 1, , , 3400.3220000000001164, 0
, , 3400.3279999999999745, 0, , , 3400.3279999999999745, 1, , , 3400.3279999999999745, 1, , , 3400.3279999999999745, 0
, , 3400.3319999999998799, 0, , , 3400.3319999999998799, 1, , , 3400.3319999999998799, 1, , , 3400.3319999999998799, 0
, , 3400.3359999999997854, 0, , , 3400.3359999999997854, 1, , , 3400.3359999999997854, 1, , , 3400.3359999999997854, 0
, , 3400.3429999999998472, 0, , , 3400.3429999999998472, 1, , , 3400.3429999999998472, 1, , , 3400.3429999999998472, 0
, , 3400.3470000000002074, 0, , , 3400.3470000000002074, 1, , , 3400.3470000000002074, 1, , , 3400.3470000000002074, 0
, , 3400.3519999999998618, 0, , , 3400.3519999999998618, 1, , , 3400.3519999999998618, 1, , , 3400.3519999999998618, 0
, , 3400.3569999999999709, 0, , , 3400.3569999999999709, 1, , , 3400.3569999999999709, 1, , , 3400.3569999999999709, 0
, , 3400.36200000000008, 0, , , 3400.36200000000008, 1, , , 3400.36200000000008, 1, , , 3400.36200000000008, 0
, , 3400.3679999999999382, 0, , , 3400.3679999999999382, 1, , , 3400.3679999999999382, 1, , , 3400.3679999999999382, 0
, , 3400.3719999999998436, 0, , , 3400.3719999999998436, 1, , , 3400.3719999999998436, 1, , , 3400.3719999999998436, 0
, , 3400.3769999999999527, 0, , , 3400.3769999999999527, 1, , , 3400.3769999999999527, 1, , , 3400.3769999999999527, 0
, , 3400.3820000000000618, 0, , , 3400.3820000000000618, 1, , , 3400.3820000000000618, 1, , , 3400.3820000000000618, 0
, , 3400.387000000000171, 0, , , 3400.387000000000171, 1, , , 3400.387000000000171, 1, , , 3400.387000000000171, 0
, , 3400.3919999999998254, 0, , , 3400.3919999999998254, 1, , , 3400.3919999999998254, 1, , , 3400.3919999999998254, 0
, , 3400.3980000000001382, 0, , , 3400.3980000000001382, 1, , , 3400.3980000000001382, 1, , , 3400.3980000000001382, 0
, , 3400.4020000000000437, 0, , , 3400.4020000000000437, 1, , , 3400.4020000000000437, 1, , , 3400.4020000000000437, 0
, , 3400.4070000000001528, 0, , , 3400.4070000000001528, 1, , , 3400.4070000000001528, 1, , , 3400.4070000000001528, 0
, , 3400.4130000000000109, 0, , , 3400.4130000000000109, 1, , , 3400.4130000000000109, 1, , , 3400.4130000000000109, 0
, , 3400.4169999999999163, 0, , , 3400.4169999999999163, 1, , , 3400.4169999999999163, 1, , , 3400.4169999999999163, 0
, , 3400.4220000000000255, 0, , , 3400.4220000000000255, 1, , , 3400.4220000000000255, 1, , , 3400.4220000000000255, 0
, , 3400.4270000000001346, 0, , , 3400.4270000000001346, 1, , , 3400.4270000000001346, 1, , , 3400.4270000000001346, 0
, , 3400.431999999999789, 0, , , 3400.431999999999789, 1, , , 3400.431999999999789, 1, , , 3400.431999999999789, 0
, , 3400.4369999999998981, 0, , , 3400.4369999999998981, 1, , , 3400.4369999999998981, 1, , , 3400.4369999999998981, 0
, , 3400.4420000000000073, 0, , , 3400.4420000000000073, 1, , , 3400.4420000000000073, 1, , , 3400.4420000000000073, 0
, , 3400.4470000000001164, 0, , , 3400.4470000000001164, 1, , , 3400.4470000000001164, 1, , , 3400.4470000000001164, 0
, , 3400.4520000000002256, 0, , , 3400.4520000000002256, 1, , , 3400.4520000000002256, 1, , , 3400.4520000000002256, 0
, , 3400.4569999999998799, 0, , , 3400.4569999999998799, 1, , , 3400.4569999999998799, 1, , , 3400.4569999999998799, 0
, , 3400.4630000000001928, 1, , , 3400.4630000000001928, 1, , , 3400.4630000000001928, 1, , , 3400.4630000000001928, 1
, , 3400.4670000000000982, 1, , , 3400.4670000000000982, 1, , , 3400.4670000000000982, 1, , , 3400.4670000000000982, 1
, , 3400.4720000000002074, 1, , , 3400.4720000000002074, 1, , , 3400.4720000000002074, 1, , , 3400.4720000000002074, 1
, , 3400.4769999999998618, 1, , , 3400.4769999999998618, 1, , , 3400.4769999999998618, 1, , , 3400.4769999999998618, 1
, , 3400.4819999999999709, 1, , , 3400.4819999999999709, 1, , , 3400.4819999999999709, 1, , , 3400.4819999999999709, 1
, , 3400.48700000000008, 1, , , 3400.48700000000008, 1, , , 3400.48700000000008, 1, , , 3400.48700000000008, 1
, , 3400.4940000000001419, 1, , , 3400.4940000000001419, 1, , , 3400.4940000000001419, 1, , , 3400.4940000000001419, 1
, , 3400.4969999999998436, 1, , , 3400.4969999999998436, 1, , , 3400.4969999999998436, 1, , , 3400.4969999999998436, 1
, , 3400.5030000000001564, 1, , , 3400.5030000000001564, 1, , , 3400.5030000000001564, 1, , , 3400.5030000000001564, 1
, , 3400.5070000000000618, 1, , , 3400.5070000000000618, 1, , , 3400.5070000000000618, 1, , , 3400.5070000000000618, 1
, , 3400.512000000000171, 1, , , 3400.512000000000171, 1, , , 3400.512000000000171, 1, , , 3400.512000000000171, 1
, , 3400.5180000000000291, 1, , , 3400.5180000000000291, 1, , , 3400.5180000000000291, 1, , , 3400.5180000000000291, 1
, , 3400.5219999999999345, 1, , , 3400.5219999999999345, 1, , , 3400.5219999999999345, 1, , , 3400.5219999999999345, 1
, , 3400.5270000000000437, 1, , , 3400.5270000000000437, 1, , , 3400.5270000000000437, 1, , , 3400.5270000000000437, 1
, , 3400.5320000000001528, 1, , , 3400.5320000000001528, 1, , , 3400.5320000000001528, 1, , , 3400.5320000000001528, 1
, , 3400.5369999999998072, 1, , , 3400.5369999999998072, 0, , , 3400.5369999999998072, 0, , , 3400.5369999999998072, 1
, , 3400.5419999999999163, 1, , , 3400.5419999999999163, 0, , , 3400.5419999999999163, 0, , , 3400.5419999999999163, 1
, , 3400.5470000000000255, 1, , , 3400.5470000000000255, 0, , , 3400.5470000000000255, 0, , , 3400.5470000000000255, 1
, , 3400.5520000000001346, 1, , , 3400.5520000000001346, 0, , , 3400.5520000000001346, 0, , , 3400.5520000000001346, 1
, , 3400.556999999999789, 1, , , 3400.556999999999789, 0, , , 3400.556999999999789, 0, , , 3400.556999999999789, 1
, , 3400.5619999999998981, 1, , , 3400.5619999999998981, 0, , , 3400.5619999999998981, 0, , , 3400.5619999999998981, 1
, , 3400.5749999999998181, 1, , , 3400.5749999999998181, 0, , , 3400.5749999999998181, 0, , , 3400.5749999999998181, 1
, , 3400.5749999999998181, 1, , , 3400.5749999999998181, 0, , , 3400.5749999999998181, 0, , , 3400.5749999999998181, 1
, , 3400.5770000000002256, 1, , , 3400.5770000000002256, 0, , , 3400.5770000000002256, 0, , , 3400.5770000000002256, 1
, , 3400.5819999999998799, 1, , , 3400.5819999999998799, 0, , , 3400.5819999999998799, 0, , , 3400.5819999999998799, 1
, , 3400.5869999999999891, 1, , , 3400.5869999999999891, 0, , , 3400.5869999999999891, 0, , , 3400.5869999999999891, 1
, , 3400.5920000000000982, 1, , , 3400.5920000000000982, 0, , , 3400.5920000000000982, 0, , , 3400.5920000000000982, 1
, , 3400.5970000000002074, 1, , , 3400.5970000000002074, 0, , , 3400.5970000000002074, 0, , , 3400.5970000000002074, 1
, , 3400.6019999999998618, 1, , , 3400.6019999999998618, 0, , , 3400.6019999999998618, 0, , , 3400.6019999999998618, 1
, , 3400.6069999999999709, 1, , , 3400.6069999999999709, 0, , , 3400.6069999999999709, 0, , , 3400.6069999999999709, 1
, , 3400.61200000000008, 1, , , 3400.61200000000008, 0, , , 3400.61200000000008, 0, , , 3400.61200000000008, 1
, , 3400.6159999999999854, 1, , , 3400.6159999999999854, 0, , , 3400.6159999999999854, 0, , , 3400.6159999999999854, 1
, , 3400.6239999999997963, 1, , , 3400.6239999999997963, 0, , , 3400.6239999999997963, 0, , , 3400.6239999999997963, 1
, , 3400.6269999999999527, 1, , , 3400.6269999999999527, 0, , , 3400.6269999999999527, 0, , , 3400.6269999999999527, 1
, , 3400.6320000000000618, 1, , , 3400.6320000000000618, 0, , , 3400.6320000000000618, 0, , , 3400.6320000000000618, 1
, , 3400.637000000000171, 1, , , 3400.637000000000171, 0, , , 3400.637000000000171, 0, , , 3400.637000000000171, 1
, , 3400.6419999999998254, 1, , , 3400.6419999999998254, 0, , , 3400.6419999999998254, 0, , , 3400.6419999999998254, 1
, , 3400.6469999999999345, 1, , , 3400.6469999999999345, 0, , , 3400.6469999999999345, 0, , , 3400.6469999999999345, 1
, , 3400.6520000000000437, 1, , , 3400.6520000000000437, 0, , , 3400.6520000000000437, 0, , , 3400.6520000000000437, 1
, , 3400.6570000000001528, 1, , , 3400.6570000000001528, 0, , , 3400.6570000000001528, 0, , , 3400.6570000000001528, 1
, , 3400.6619999999998072, 1, , , 3400.6619999999998072, 0, , , 3400.6619999999998072, 0, , , 3400.6619999999998072, 1
, , 3400.6680000000001201, 1, , , 3400.6680000000001201, 0, , , 3400.6680000000001201, 0, , , 3400.6680000000001201, 1
, , 3400.6720000000000255, 1, , , 3400.6720000000000255, 0, , , 3400.6720000000000255, 0, , , 3400.6720000000000255, 1
, , 3400.6779999999998836, 1, , , 3400.6779999999998836, 0, , , 3400.6779999999998836, 0, , , 3400.6779999999998836, 1
, , 3400.681999999999789, 1, , , 3400.681999999999789, 0, , , 3400.681999999999789, 0, , , 3400.681999999999789, 1
, , 3400.6869999999998981, 1, , , 3400.6869999999998981, 0, , , 3400.6869999999998981, 0, , , 3400.6869999999998981, 1
, , 3400.6909999999998035, 1, , , 3400.6909999999998035, 0, , , 3400.6909999999998035, 0, , , 3400.6909999999998035, 1
, , 3400.6979999999998654, 1, , , 3400.6979999999998654, 0, , , 3400.6979999999998654, 0, , , 3400.6979999999998654, 1
, , 3400.7020000000002256, 1, , , 3400.7020000000002256, 0, , , 3400.7020000000002256, 0, , , 3400.7020000000002256, 1
, , 3400.7069999999998799, 1, , , 3400.7069999999998799, 0, , , 3400.7069999999998799, 0, , , 3400.7069999999998799, 1
, , 3400.7119999999999891, 1, , , 3400.7119999999999891, 0, , , 3400.7119999999999891, 0, , , 3400.7119999999999891, 1
, , 3400.7170000000000982, 1, , , 3400.7170000000000982, 0, , , 3400.7170000000000982, 0, , , 3400.7170000000000982, 1
, , 3400.7229999999999563, 1, , , 3400.7229999999999563, 0, , , 3400.7229999999999563, 0, , , 3400.7229999999999563, 1
, , 3400.7260000000001128, 1, , , 3400.7260000000001128, 0, , , 3400.7260000000001128, 0, , , 3400.7260000000001128, 1
, , 3400.7330000000001746, 1, , , 3400.7330000000001746, 0, , , 3400.7330000000001746, 0, , , 3400.7330000000001746, 1
, , 3400.73700000000008, 1, , , 3400.73700000000008, 0, , , 3400.73700000000008, 0, , , 3400.73700000000008, 1
, , 3400.7420000000001892, 1, , , 3400.7420000000001892, 0, , , 3400.7420000000001892, 0, , , 3400.7420000000001892, 1
, , 3400.7469999999998436, 1, , , 3400.7469999999998436, 0, , , 3400.7469999999998436, 0, , , 3400.7469999999998436, 1
, , 3400.7519999999999527, 1, , , 3400.7519999999999527, 0, , , 3400.7519999999999527, 0, , , 3400.7519999999999527, 1
, , 3400.7579999999998108, 1, , , 3400.7579999999998108, 0, , , 3400.7579999999998108, 0, , , 3400.7579999999998108, 1
, , 3400.762000000000171, 1, , , 3400.762000000000171, 0, , , 3400.762000000000171, 0, , , 3400.762000000000171, 1
, , 3400.7669999999998254, 1, , , 3400.7669999999998254, 0, , , 3400.7669999999998254, 0, , , 3400.7669999999998254, 1
, , 3400.7719999999999345, 1, , , 3400.7719999999999345, 0, , , 3400.7719999999999345, 0, , , 3400.7719999999999345, 1
, , 3400.7770000000000437, 1, , , 3400.7770000000000437, 0, , , 3400.7770000000000437, 0, , , 3400.7770000000000437, 1
, , 3400.7820000000001528, 1, , , 3400.7820000000001528, 0, , , 3400.7820000000001528, 0, , , 3400.7820000000001528, 1
, , 3400.7869999999998072, 1, , , 3400.7869999999998072, 1, , , 3400.7869999999998072, 1, , , 3400.7869999999998072, 1
, , 3400.7919999999999163, 1, , , 3400.7919999999999163, 1, , , 3400.7919999999999163, 1, , , 3400.7919999999999163, 1
, , 3400.7979999999997744, 1, , , 3400.7979999999997744, 1, , , 3400.7979999999997744, 1, , , 3400.7979999999997744, 1
, , 3400.8020000000001346, 1, , , 3400.8020000000001346, 1, , , 3400.8020000000001346, 1, , , 3400.8020000000001346, 1
, , 3400.806999999999789, 1, , , 3400.806999999999789, 1, , , 3400.806999999999789, 1, , , 3400.806999999999789, 1
, , 3400.8130000000001019, 1, , , 3400.8130000000001019, 1, , , 3400.8130000000001019, 1, , , 3400.8130000000001019, 1
, , 3400.8170000000000073, 1, , , 3400.8170000000000073, 1, , , 3400.8170000000000073, 1, , , 3400.8170000000000073, 1
, , 3400.8220000000001164, 1, , , 3400.8220000000001164, 1, , , 3400.8220000000001164, 1, , , 3400.8220000000001164, 1
, , 3400.8290000000001783, 1, , , 3400.8290000000001783, 1, , , 3400.8290000000001783, 1, , , 3400.8290000000001783, 1
, , 3400.8319999999998799, 1, , , 3400.8319999999998799, 1, , , 3400.8319999999998799, 1, , , 3400.8319999999998799, 1
, , 3400.8380000000001928, 1, , , 3400.8380000000001928, 1, , , 3400.8380000000001928, 1, , , 3400.8380000000001928, 1
, , 3400.8420000000000982, 1, , , 3400.8420000000000982, 1, , , 3400.8420000000000982, 1, , , 3400.8420000000000982, 1
, , 3400.8479999999999563, 1, , , 3400.8479999999999563, 1, , , 3400.8479999999999563, 1, , , 3400.8479999999999563, 1
, , 3400.8519999999998618, 1, , , 3400.8519999999998618, 1, , , 3400.8519999999998618, 1, , , 3400.8519999999998618, 1
, , 3400.8580000000001746, 0, , , 3400.8580000000001746, 1, , , 3400.8580000000001746, 1, , , 3400.8580000000001746, 0
, , 3400.862999999999829, 0, , , 3400.862999999999829, 1, , , 3400.862999999999829, 1, , , 3400.862999999999829, 0
, , 3400.8670000000001892, 0, , , 3400.8670000000001892, 1, , , 3400.8670000000001892, 1, , , 3400.8670000000001892, 0
, , 3400.8719999999998436, 0, , , 3400.8719999999998436, 1, , , 3400.8719999999998436, 1, , , 3400.8719999999998436, 0
, , 3400.8769999999999527, 0, , , 3400.8769999999999527, 1, , , 3400.8769999999999527, 1, , , 3400.8769999999999527, 0
, , 3400.8829999999998108, 0, , , 3400.8829999999998108, 1, , , 3400.8829999999998108, 1, , , 3400.8829999999998108, 0
, , 3400.887000000000171, 0, , , 3400.887000000000171, 1, , , 3400.887000000000171, 1, , , 3400.887000000000171, 0
, , 3400.8930000000000291, 0, , , 3400.8930000000000291, 1, , , 3400.8930000000000291, 1, , , 3400.8930000000000291, 0
, , 3400.8969999999999345, 0, , , 3400.8969999999999345, 1, , , 3400.8969999999999345, 1, , , 3400.8969999999999345, 0
, , 3400.9029999999997926, 0, , , 3400.9029999999997926, 1, , , 3400.9029999999997926, 1, , , 3400.9029999999997926, 0
, , 3400.9070000000001528, 0, , , 3400.9070000000001528, 1, , , 3400.9070000000001528, 1, , , 3400.9070000000001528, 0
, , 3400.9119999999998072, 0, , , 3400.9119999999998072, 1, , , 3400.9119999999998072, 1, , , 3400.9119999999998072, 0
, , 3400.9180000000001201, 0, , , 3400.9180000000001201, 1, , , 3400.9180000000001201, 1, , , 3400.9180000000001201, 0
, , 3400.9220000000000255, 0, , , 3400.9220000000000255, 1, , , 3400.9220000000000255, 1, , , 3400.9220000000000255, 0
, , 3400.9270000000001346, 0, , , 3400.9270000000001346, 1, , , 3400.9270000000001346, 1, , , 3400.9270000000001346, 0
, , 3400.931999999999789, 0, , , 3400.931999999999789, 1, , , 3400.931999999999789, 1, , , 3400.931999999999789, 0
, , 3400.9369999999998981, 0, , , 3400.9369999999998981, 1, , , 3400.9369999999998981, 1, , , 3400.9369999999998981, 0
, , 3400.9420000000000073, 0, , , 3400.9420000000000073, 1, , , 3400.9420000000000073, 1, , , 3400.9420000000000073, 0
, , 3400.9479999999998654, 0, , , 3400.9479999999998654, 1, , , 3400.9479999999998654, 1, , , 3400.9479999999998654, 0
, , 3400.9540000000001783, 0, , , 3400.9540000000001783, 1, , , 3400.9540000000001783, 1, , , 3400.9540000000001783, 0
, , 3400.9580000000000837, 0, , , 3400.9580000000000837, 1, , , 3400.9580000000000837, 1, , , 3400.9580000000000837, 0
, , 3400.9619999999999891, 0, , , 3400.9619999999999891, 1, , , 3400.9619999999999891, 1, , , 3400.9619999999999891, 0
, , 3400.9679999999998472, 0, , , 3400.9679999999998472, 1, , , 3400.9679999999998472, 1, , , 3400.9679999999998472, 0
, , 3400.9720000000002074, 0, , , 3400.9720000000002074, 1, , , 3400.9720000000002074, 1, , , 3400.9720000000002074, 0
, , 3400.9780000000000655, 0, , , 3400.9780000000000655, 1, , , 3400.9780000000000655, 1, , , 3400.9780000000000655, 0
, , 3400.9819999999999709, 0, , , 3400.9819999999999709, 1, , , 3400.9819999999999709, 1, , , 3400.9819999999999709, 0
, , 3400.98700000000008, 0, , , 3400.98700000000008, 1, , , 3400.98700000000008, 1, , , 3400.98700000000008, 0
, , 3400.9929999999999382, 0, , , 3400.9929999999999382, 1, , , 3400.9929999999999382, 1, , , 3400.9929999999999382, 0
, , 3400.9969999999998436, 0, , , 3400.9969999999998436, 1, , , 3400.9969999999998436, 1, , , 3400.9969999999998436, 0
, , 3401.0019999999999527, 0, , , 3401.0019999999999527, 1, , , 3401.0019999999999527, 1, , , 3401.0019999999999527, 0
, , 3401.0070000000000618, 0, , , 3401.0070000000000618, 1, , , 3401.0070000000000618, 1, , , 3401.0070000000000618, 0
, , 3401.012000000000171, 0, , , 3401.012000000000171, 1, , , 3401.012000000000171, 1, , , 3401.012000000000171, 0
, , 3401.0180000000000291, 0, , , 3401.0180000000000291, 1, , , 3401.0180000000000291, 1, , , 3401.0180000000000291, 0
, , 3401.0219999999999345, 0, , , 3401.0219999999999345, 1, , , 3401.0219999999999345, 1, , , 3401.0219999999999345, 0
, , 3401.0270000000000437, 0, , , 3401.0270000000000437, 1, , , 3401.0270000000000437, 1, , , 3401.0270000000000437, 0
, , 3401.0320000000001528, 0, , , 3401.0320000000001528, 1, , , 3401.0320000000001528, 1, , , 3401.0320000000001528, 0
, , 3401.0369999999998072, 0, , , 3401.0369999999998072, 1, , , 3401.0369999999998072, 1, , , 3401.0369999999998072, 0
, , 3401.0419999999999163, 0, , , 3401.0419999999999163, 1, , , 3401.0419999999999163, 1, , , 3401.0419999999999163, 0
, , 3401.0470000000000255, 0, , , 3401.0470000000000255, 1, , , 3401.0470000000000255, 1, , , 3401.0470000000000255, 0
, , 3401.0520000000001346, 0, , , 3401.0520000000001346, 1, , , 3401.0520000000001346, 1, , , 3401.0520000000001346, 0
, , 3401.056999999999789, 0, , , 3401.056999999999789, 1, , , 3401.056999999999789, 1, , , 3401.056999999999789, 0
, , 3401.0630000000001019, 0, , , 3401.0630000000001019, 1, , , 3401.0630000000001019, 1, , , 3401.0630000000001019, 0
, , 3401.0670000000000073, 0, , , 3401.0670000000000073, 1, , , 3401.0670000000000073, 1, , , 3401.0670000000000073, 0
, , 3401.0720000000001164, 0, , , 3401.0720000000001164, 1, , , 3401.0720000000001164, 1, , , 3401.0720000000001164, 0
, , 3401.0779999999999745, 0, , , 3401.0779999999999745, 1, , , 3401.0779999999999745, 1, , , 3401.0779999999999745, 0
, , 3401.0830000000000837, 0, , , 3401.0830000000000837, 1, , , 3401.0830000000000837, 1, , , 3401.0830000000000837, 0
, , 3401.0869999999999891, 0, , , 3401.0869999999999891, 1, , , 3401.0869999999999891, 1, , , 3401.0869999999999891, 0
, , 3401.0920000000000982, 0, , , 3401.0920000000000982, 1, , , 3401.0920000000000982, 1, , , 3401.0920000000000982, 0
, , 3401.0970000000002074, 0, , , 3401.0970000000002074, 1, , , 3401.0970000000002074, 1, , , 3401.0970000000002074, 0
, , 3401.1019999999998618, 0, , , 3401.1019999999998618, 1, , , 3401.1019999999998618, 1, , , 3401.1019999999998618, 0
, , 3401.1069999999999709, 0, , , 3401.1069999999999709, 1, , , 3401.1069999999999709, 1, , , 3401.1069999999999709, 0
, , 3401.11200000000008, 1, , , 3401.11200000000008, 1, , , 3401.11200000000008, 1, , , 3401.11200000000008, 1
, , 3401.1170000000001892, 1, , , 3401.1170000000001892, 1, , , 3401.1170000000001892, 1, , , 3401.1170000000001892, 1
, , 3401.1219999999998436, 1, , , 3401.1219999999998436, 1, , , 3401.1219999999998436, 1, , , 3401.1219999999998436, 1
, , 3401.1269999999999527, 1, , , 3401.1269999999999527, 1, , , 3401.1269999999999527, 1, , , 3401.1269999999999527, 1
, , 3401.1320000000000618, 1, , , 3401.1320000000000618, 1, , , 3401.1320000000000618, 1, , , 3401.1320000000000618, 1
, , 3401.137000000000171, 1, , , 3401.137000000000171, 1, , , 3401.137000000000171, 1, , , 3401.137000000000171, 1
, , 3401.1419999999998254, 1, , , 3401.1419999999998254, 1, , , 3401.1419999999998254, 1, , , 3401.1419999999998254, 1
, , 3401.1469999999999345, 1, , , 3401.1469999999999345, 1, , , 3401.1469999999999345, 1, , , 3401.1469999999999345, 1
, , 3401.1520000000000437, 1, , , 3401.1520000000000437, 1, , , 3401.1520000000000437, 1, , , 3401.1520000000000437, 1
, , 3401.1570000000001528, 1, , , 3401.1570000000001528, 1, , , 3401.1570000000001528, 1, , , 3401.1570000000001528, 1
, , 3401.1619999999998072, 1, , , 3401.1619999999998072, 1, , , 3401.1619999999998072, 1, , , 3401.1619999999998072, 1
, , 3401.1669999999999163, 1, , , 3401.1669999999999163, 1, , , 3401.1669999999999163, 1, , , 3401.1669999999999163, 1
, , 3401.1720000000000255, 1, , , 3401.1720000000000255, 1, , , 3401.1720000000000255, 1, , , 3401.1720000000000255, 1
, , 3401.1770000000001346, 1, , , 3401.1770000000001346, 1, , , 3401.1770000000001346, 1, , , 3401.1770000000001346, 1
, , 3401.181999999999789, 1, , , 3401.181999999999789, 1, , , 3401.181999999999789, 1, , , 3401.181999999999789, 1
, , 3401.1840000000001965, 1, , , 3401.1840000000001965, 0, , , 3401.1840000000001965, 0, , , 3401.1840000000001965, 1
, , 3401.1950000000001637, 1, , , 3401.1950000000001637, 0, , , 3401.1950000000001637, 0, , , 3401.1950000000001637, 1
, , 3401.1970000000001164, 1, , , 3401.1970000000001164, 0, , , 3401.1970000000001164, 0, , , 3401.1970000000001164, 1
, , 3401.2020000000002256, 1, , , 3401.2020000000002256, 0, , , 3401.2020000000002256, 0, , , 3401.2020000000002256, 1
, , 3401.2080000000000837, 1, , , 3401.2080000000000837, 0, , , 3401.2080000000000837, 0, , , 3401.2080000000000837, 1
, , 3401.2119999999999891, 1, , , 3401.2119999999999891, 0, , , 3401.2119999999999891, 0, , , 3401.2119999999999891, 1
, , 3401.2170000000000982, 1, , , 3401.2170000000000982, 0, , , 3401.2170000000000982, 0, , , 3401.2170000000000982, 1
, , 3401.2220000000002074, 1, , , 3401.2220000000002074, 0, , , 3401.2220000000002074, 0, , , 3401.2220000000002074, 1
, , 3401.2269999999998618, 1, , , 3401.2269999999998618, 0, , , 3401.2269999999998618, 0, , , 3401.2269999999998618, 1
, , 3401.2319999999999709, 1, , , 3401.2319999999999709, 0, , , 3401.2319999999999709, 0, , , 3401.2319999999999709, 1
, , 3401.23700000000008, 1, , , 3401.23700000000008, 0, , , 3401.23700000000008, 0, , , 3401.23700000000008, 1
, , 3401.2420000000001892, 1, , , 3401.2420000000001892, 0, , , 3401.2420000000001892, 0, , , 3401.2420000000001892, 1
, , 3401.2469999999998436, 1, , , 3401.2469999999998436, 0, , , 3401.2469999999998436, 0, , , 3401.2469999999998436, 1
, , 3401.2519999999999527, 1, , , 3401.2519999999999527, 0, , , 3401.2519999999999527, 0, , , 3401.2519999999999527, 1
, , 3401.2570000000000618, 1, , , 3401.2570000000000618, 0, , , 3401.2570000000000618, 0, , , 3401.2570000000000618, 1
, , 3401.262000000000171, 1, , , 3401.262000000000171, 0, , , 3401.262000000000171, 0, , , 3401.262000000000171, 1
, , 3401.2669999999998254, 1, , , 3401.2669999999998254, 0, , , 3401.2669999999998254, 0, , , 3401.2669999999998254, 1
, , 3401.2719999999999345, 1, , , 3401.2719999999999345, 0, , , 3401.2719999999999345, 0, , , 3401.2719999999999345, 1
, , 3401.2770000000000437, 1, , , 3401.2770000000000437, 0, , , 3401.2770000000000437, 0, , , 3401.2770000000000437, 1
, , 3401.2820000000001528, 1, , , 3401.2820000000001528, 0, , , 3401.2820000000001528, 0, , , 3401.2820000000001528, 1
, , 3401.2869999999998072, 1, , , 3401.2869999999998072, 0, , , 3401.2869999999998072, 0, , , 3401.2869999999998072, 1
, , 3401.2919999999999163, 1, , , 3401.2919999999999163, 0, , , 3401.2919999999999163, 0, , , 3401.2919999999999163, 1
, , 3401.2979999999997744, 1, , , 3401.2979999999997744, 0, , , 3401.2979999999997744, 0, , , 3401.2979999999997744, 1
, , 3401.3020000000001346, 1, , , 3401.3020000000001346, 0, , , 3401.3020000000001346, 0, , , 3401.3020000000001346, 1
, , 3401.306999999999789, 1, , , 3401.306999999999789, 0, , , 3401.306999999999789, 0, , , 3401.306999999999789, 1
, , 3401.3119999999998981, 1, , , 3401.3119999999998981, 0, , , 3401.3119999999998981, 0, , , 3401.3119999999998981, 1
, , 3401.318000000000211, 1, , , 3401.318000000000211, 0, , , 3401.318000000000211, 0, , , 3401.318000000000211, 1
, , 3401.3220000000001164, 1, , , 3401.3220000000001164, 0, , , 3401.3220000000001164, 0, , , 3401.3220000000001164, 1
, , 3401.3270000000002256, 1, , , 3401.3270000000002256, 0, , , 3401.3270000000002256, 0, , , 3401.3270000000002256, 1
, , 3401.3319999999998799, 1, , , 3401.3319999999998799, 0, , , 3401.3319999999998799, 0, , , 3401.3319999999998799, 1
, , 3401.3369999999999891, 1, , , 3401.3369999999999891, 0, , , 3401.3369999999999891, 0, , , 3401.3369999999999891, 1
, , 3401.3429999999998472, 1, , , 3401.3429999999998472, 0, , , 3401.3429999999998472, 0, , , 3401.3429999999998472, 1
, , 3401.3470000000002074, 1, , , 3401.3470000000002074, 0, , , 3401.3470000000002074, 0, , , 3401.3470000000002074, 1
, , 3401.3519999999998618, 1, , , 3401.3519999999998618, 0, , , 3401.3519999999998618, 0, , , 3401.3519999999998618, 1
, , 3401.3580000000001746, 1, , , 3401.3580000000001746, 0, , , 3401.3580000000001746, 0, , , 3401.3580000000001746, 1
, , 3401.36200000000008, 1, , , 3401.36200000000008, 0, , , 3401.36200000000008, 0, , , 3401.36200000000008, 1
, , 3401.3679999999999382, 1, , , 3401.3679999999999382, 0, , , 3401.3679999999999382, 0, , , 3401.3679999999999382, 1
, , 3401.3719999999998436, 1, , , 3401.3719999999998436, 0, , , 3401.3719999999998436, 0, , , 3401.3719999999998436, 1
, , 3401.3769999999999527, 1, , , 3401.3769999999999527, 0, , , 3401.3769999999999527, 0, , , 3401.3769999999999527, 1
, , 3401.3829999999998108, 1, , , 3401.3829999999998108, 0, , , 3401.3829999999998108, 0, , , 3401.3829999999998108, 1
, , 3401.387000000000171, 1, , , 3401.387000000000171, 0, , , 3401.387000000000171, 0, , , 3401.387000000000171, 1
, , 3401.3919999999998254, 1, , , 3401.3919999999998254, 0, , , 3401.3919999999998254, 0, , , 3401.3919999999998254, 1
, , 3401.3969999999999345, 1, , , 3401.3969999999999345, 0, , , 3401.3969999999999345, 0, , , 3401.3969999999999345, 1
, , 3401.4009999999998399, 1, , , 3401.4009999999998399, 0, , , 3401.4009999999998399, 0, , , 3401.4009999999998399, 1
, , 3401.4070000000001528, 1, , , 3401.4070000000001528, 0, , , 3401.4070000000001528, 0, , , 3401.4070000000001528, 1
, , 3401.4119999999998072, 1, , , 3401.4119999999998072, 0, , , 3401.4119999999998072, 0, , , 3401.4119999999998072, 1
, , 3401.4169999999999163, 1, , , 3401.4169999999999163, 0, , , 3401.4169999999999163, 0, , , 3401.4169999999999163, 1
, , 3401.4220000000000255, 1, , , 3401.4220000000000255, 0, , , 3401.4220000000000255, 0, , , 3401.4220000000000255, 1
, , 3401.4270000000001346, 1, , , 3401.4270000000001346, 0, , , 3401.4270000000001346, 0, , , 3401.4270000000001346, 1
, , 3401.431999999999789, 1, , , 3401.431999999999789, 0, , , 3401.431999999999789, 0, , , 3401.431999999999789, 1
, , 3401.4369999999998981, 1, , , 3401.4369999999998981, 1, , , 3401.4369999999998981, 1, , , 3401.4369999999998981, 1
, , 3401.443000000000211, 1, , , 3401.443000000000211, 1, , , 3401.443000000000211, 1, , , 3401.443000000000211, 1
, , 3401.4470000000001164, 1, , , 3401.4470000000001164, 1, , , 3401.4470000000001164, 1, , , 3401.4470000000001164, 1
, , 3401.4520000000002256, 1, , , 3401.4520000000002256, 1, , , 3401.4520000000002256, 1, , , 3401.4520000000002256, 1
, , 3401.4569999999998799, 1, , , 3401.4569999999998799, 1, , , 3401.4569999999998799, 1, , , 3401.4569999999998799, 1
, , 3401.4619999999999891, 1, , , 3401.4619999999999891, 1, , , 3401.4619999999999891, 1, , , 3401.4619999999999891, 1
, , 3401.4670000000000982, 1, , , 3401.4670000000000982, 1, , , 3401.4670000000000982, 1, , , 3401.4670000000000982, 1
, , 3401.4720000000002074, 1, , , 3401.4720000000002074, 1, , , 3401.4720000000002074, 1, , , 3401.4720000000002074, 1
, , 3401.4769999999998618, 1, , , 3401.4769999999998618, 1, , , 3401.4769999999998618, 1, , , 3401.4769999999998618, 1
, , 3401.4819999999999709, 1, , , 3401.4819999999999709, 1, , , 3401.4819999999999709, 1, , , 3401.4819999999999709, 1
, , 3401.48700000000008, 1, , , 3401.48700000000008, 1, , , 3401.48700000000008, 1, , , 3401.48700000000008, 1
, , 3401.4920000000001892, 1, , , 3401.4920000000001892, 1, , , 3401.4920000000001892, 1, , , 3401.4920000000001892, 1
, , 3401.4969999999998436, 1, , , 3401.4969999999998436, 1, , , 3401.4969999999998436, 1, , , 3401.4969999999998436, 1
, , 3401.5019999999999527, 1, , , 3401.5019999999999527, 1, , , 3401.5019999999999527, 1, , , 3401.5019999999999527, 1
, , 3401.5070000000000618, 1, , , 3401.5070000000000618, 1, , , 3401.5070000000000618, 1, , , 3401.5070000000000618, 1
, , 3401.512000000000171, 0, , , 3401.512000000000171, 1, , , 3401.512000000000171, 1, , , 3401.512000000000171, 0
, , 3401.5180000000000291, 0, , , 3401.5180000000000291, 1, , , 3401.5180000000000291, 1, , , 3401.5180000000000291, 0
, , 3401.5230000000001382, 0, , , 3401.5230000000001382, 1, , , 3401.5230000000001382, 1, , , 3401.5230000000001382, 0
, , 3401.5270000000000437, 0, , , 3401.5270000000000437, 1, , , 3401.5270000000000437, 1, , , 3401.5270000000000437, 0
, , 3401.5320000000001528, 0, , , 3401.5320000000001528, 1, , , 3401.5320000000001528, 1, , , 3401.5320000000001528, 0
, , 3401.5369999999998072, 0, , , 3401.5369999999998072, 1, , , 3401.5369999999998072, 1, , , 3401.5369999999998072, 0
, , 3401.5419999999999163, 0, , , 3401.5419999999999163, 1, , , 3401.5419999999999163, 1, , , 3401.5419999999999163, 0
, , 3401.5470000000000255, 0, , , 3401.5470000000000255, 1, , , 3401.5470000000000255, 1, , , 3401.5470000000000255, 0
, , 3401.5540000000000873, 0, , , 3401.5540000000000873, 1, , , 3401.5540000000000873, 1, , , 3401.5540000000000873, 0
, , 3401.5579999999999927, 0, , , 3401.5579999999999927, 1, , , 3401.5579999999999927, 1, , , 3401.5579999999999927, 0
, , 3401.5630000000001019, 0, , , 3401.5630000000001019, 1, , , 3401.5630000000001019, 1, , , 3401.5630000000001019, 0
, , 3401.5670000000000073, 0, , , 3401.5670000000000073, 1, , , 3401.5670000000000073, 1, , , 3401.5670000000000073, 0
, , 3401.5709999999999127, 0, , , 3401.5709999999999127, 1, , , 3401.5709999999999127, 1, , , 3401.5709999999999127, 0
, , 3401.5779999999999745, 0, , , 3401.5779999999999745, 1, , , 3401.5779999999999745, 1, , , 3401.5779999999999745, 0
, , 3401.5830000000000837, 0, , , 3401.5830000000000837, 1, , , 3401.5830000000000837, 1, , , 3401.5830000000000837, 0
, , 3401.5869999999999891, 0, , , 3401.5869999999999891, 1, , , 3401.5869999999999891, 1, , , 3401.5869999999999891, 0
, , 3401.5920000000000982, 0, , , 3401.5920000000000982, 1, , , 3401.5920000000000982, 1, , , 3401.5920000000000982, 0
, , 3401.5970000000002074, 0, , , 3401.5970000000002074, 1, , , 3401.5970000000002074, 1, , , 3401.5970000000002074, 0
, , 3401.6019999999998618, 0, , , 3401.6019999999998618, 1, , , 3401.6019999999998618, 1, , , 3401.6019999999998618, 0
, , 3401.6069999999999709, 0, , , 3401.6069999999999709, 1, , , 3401.6069999999999709, 1, , , 3401.6069999999999709, 0
, , 3401.61200000000008, 0, , , 3401.61200000000008, 1, , , 3401.61200000000008, 1, , , 3401.61200000000008, 0
, , 3401.6170000000001892, 0, , , 3401.6170000000001892, 1, , , 3401.6170000000001892, 1, , , 3401.6170000000001892, 0
, , 3401.6219999999998436, 0, , , 3401.6219999999998436, 1, , , 3401.6219999999998436, 1, , , 3401.6219999999998436, 0
, , 3401.6269999999999527, 0, , , 3401.6269999999999527, 1, , , 3401.6269999999999527, 1, , , 3401.6269999999999527, 0
, , 3401.6329999999998108, 0, , , 3401.6329999999998108, 1, , , 3401.6329999999998108, 1, , , 3401.6329999999998108, 0
, , 3401.63799999999992, 0, , , 3401.63799999999992, 1, , , 3401.63799999999992, 1, , , 3401.63799999999992, 0
, , 3401.6419999999998254, 0, , , 3401.6419999999998254, 1, , , 3401.6419999999998254, 1, , , 3401.6419999999998254, 0
, , 3401.6469999999999345, 0, , , 3401.6469999999999345, 1, , , 3401.6469999999999345, 1, , , 3401.6469999999999345, 0
, , 3401.6520000000000437, 0, , , 3401.6520000000000437, 1, , , 3401.6520000000000437, 1, , , 3401.6520000000000437, 0
, , 3401.6570000000001528, 0, , , 3401.6570000000001528, 1, , , 3401.6570000000001528, 1, , , 3401.6570000000001528, 0
, , 3401.6630000000000109, 0, , , 3401.6630000000000109, 1, , , 3401.6630000000000109, 1, , , 3401.6630000000000109, 0
, , 3401.6680000000001201, 0, , , 3401.6680000000001201, 1, , , 3401.6680000000001201, 1, , , 3401.6680000000001201, 0
, , 3401.6720000000000255, 0, , , 3401.6720000000000255, 1, , , 3401.6720000000000255, 1, , , 3401.6720000000000255, 0
, , 3401.6770000000001346, 0, , , 3401.6770000000001346, 1, , , 3401.6770000000001346, 1, , , 3401.6770000000001346, 0
, , 3401.681999999999789, 0, , , 3401.681999999999789, 1, , , 3401.681999999999789, 1, , , 3401.681999999999789, 0
, , 3401.6869999999998981, 0, , , 3401.6869999999998981, 1, , , 3401.6869999999998981, 1, , , 3401.6869999999998981, 0
, , 3401.6920000000000073, 0, , , 3401.6920000000000073, 1, , , 3401.6920000000000073, 1, , , 3401.6920000000000073, 0
, , 3401.6979999999998654, 0, , , 3401.6979999999998654, 1, , , 3401.6979999999998654, 1, , , 3401.6979999999998654, 0
, , 3401.7020000000002256, 0, , , 3401.7020000000002256, 1, , , 3401.7020000000002256, 1, , , 3401.7020000000002256, 0
, , 3401.7069999999998799, 0, , , 3401.7069999999998799, 1, , , 3401.7069999999998799, 1, , , 3401.7069999999998799, 0
, , 3401.7119999999999891, 0, , , 3401.7119999999999891, 1, , , 3401.7119999999999891, 1, , , 3401.7119999999999891, 0
, , 3401.7179999999998472, 0, , , 3401.7179999999998472, 1, , , 3401.7179999999998472, 1, , , 3401.7179999999998472, 0
, , 3401.7220000000002074, 0, , , 3401.7220000000002074, 1, , , 3401.7220000000002074, 1, , , 3401.7220000000002074, 0
, , 3401.7280000000000655, 0, , , 3401.7280000000000655, 1, , , 3401.7280000000000655, 1, , , 3401.7280000000000655, 0
, , 3401.7319999999999709, 0, , , 3401.7319999999999709, 1, , , 3401.7319999999999709, 1, , , 3401.7319999999999709, 0
, , 3401.73700000000008, 0, , , 3401.73700000000008, 1, , , 3401.73700000000008, 1, , , 3401.73700000000008, 0
, , 3401.7420000000001892, 0, , , 3401.7420000000001892, 1, , , 3401.7420000000001892, 1, , , 3401.7420000000001892, 0
, , 3401.7480000000000473, 0, , , 3401.7480000000000473, 1, , , 3401.7480000000000473, 1, , , 3401.7480000000000473, 0
, , 3401.7519999999999527, 0, , , 3401.7519999999999527, 1, , , 3401.7519999999999527, 1, , , 3401.7519999999999527, 0
, , 3401.7570000000000618, 0, , , 3401.7570000000000618, 1, , , 3401.7570000000000618, 1, , , 3401.7570000000000618, 0
, , 3401.762000000000171, 1, , , 3401.762000000000171, 1, , , 3401.762000000000171, 1, , , 3401.762000000000171, 1
, , 3401.7669999999998254, 1, , , 3401.7669999999998254, 1, , , 3401.7669999999998254, 1, , , 3401.7669999999998254, 1
, , 3401.7730000000001382, 1, , , 3401.7730000000001382, 1, , , 3401.7730000000001382, 1, , , 3401.7730000000001382, 1
, , 3401.7770000000000437, 1, , , 3401.7770000000000437, 1, , , 3401.7770000000000437, 1, , , 3401.7770000000000437, 1
, , 3401.7820000000001528, 1, , , 3401.7820000000001528, 1, , , 3401.7820000000001528, 1, , , 3401.7820000000001528, 1
, , 3401.7869999999998072, 1, , , 3401.7869999999998072, 1, , , 3401.7869999999998072, 1, , , 3401.7869999999998072, 1
, , 3401.7919999999999163, 1, , , 3401.7919999999999163, 1, , , 3401.7919999999999163, 1, , , 3401.7919999999999163, 1
, , 3401.7970000000000255, 1, , , 3401.7970000000000255, 1, , , 3401.7970000000000255, 1, , , 3401.7970000000000255, 1
, , 3401.8029999999998836, 1, , , 3401.8029999999998836, 1, , , 3401.8029999999998836, 1, , , 3401.8029999999998836, 1
, , 3401.8079999999999927, 1, , , 3401.8079999999999927, 1, , , 3401.8079999999999927, 1, , , 3401.8079999999999927, 1
, , 3401.8119999999998981, 1, , , 3401.8119999999998981, 1, , , 3401.8119999999998981, 1, , , 3401.8119999999998981, 1
, , 3401.8170000000000073, 1, , , 3401.8170000000000073, 1, , , 3401.8170000000000073, 1, , , 3401.8170000000000073, 1
, , 3401.8220000000001164, 1, , , 3401.8220000000001164, 1, , , 3401.8220000000001164, 1, , , 3401.8220000000001164, 1
, , 3401.8270000000002256, 1, , , 3401.8270000000002256, 1, , , 3401.8270000000002256, 1, , , 3401.8270000000002256, 1
, , 3401.8319999999998799, 1, , , 3401.8319999999998799, 1, , , 3401.8319999999998799, 1, , , 3401.8319999999998799, 1
, , 3401.8380000000001928, 1, , , 3401.8380000000001928, 0, , , 3401.8380000000001928, 0, , , 3401.8380000000001928, 1
, , 3401.8389999999999418, 1, , , 3401.8389999999999418, 0, , , 3401.8389999999999418, 0, , , 3401.8389999999999418, 1
, , 3401.8470000000002074, 1, , , 3401.8470000000002074, 0, , , 3401.8470000000002074, 0, , , 3401.8470000000002074, 1
, , 3401.8519999999998618, 1, , , 3401.8519999999998618, 0, , , 3401.8519999999998618, 0, , , 3401.8519999999998618, 1
, , 3401.8569999999999709, 1, , , 3401.8569999999999709, 0, , , 3401.8569999999999709, 0, , , 3401.8569999999999709, 1
, , 3401.86200000000008, 1, , , 3401.86200000000008, 0, , , 3401.86200000000008, 0, , , 3401.86200000000008, 1
, , 3401.8670000000001892, 1, , , 3401.8670000000001892, 0, , , 3401.8670000000001892, 0, , , 3401.8670000000001892, 1
, , 3401.8719999999998436, 1, , , 3401.8719999999998436, 0, , , 3401.8719999999998436, 0, , , 3401.8719999999998436, 1
, , 3401.8780000000001564, 1, , , 3401.8780000000001564, 0, , , 3401.8780000000001564, 0, , , 3401.8780000000001564, 1
, , 3401.8820000000000618, 1, , , 3401.8820000000000618, 0, , , 3401.8820000000000618, 0, , , 3401.8820000000000618, 1
, , 3401.887000000000171, 1, , , 3401.887000000000171, 0, , , 3401.887000000000171, 0, , , 3401.887000000000171, 1
, , 3401.8930000000000291, 1, , , 3401.8930000000000291, 0, , , 3401.8930000000000291, 0, , , 3401.8930000000000291, 1
, , 3401.8969999999999345, 1, , , 3401.8969999999999345, 0, , , 3401.8969999999999345, 0, , , 3401.8969999999999345, 1
, , 3401.9020000000000437, 1, , , 3401.9020000000000437, 0, , , 3401.9020000000000437, 0, , , 3401.9020000000000437, 1
, , 3401.9070000000001528, 1, , , 3401.9070000000001528, 0, , , 3401.9070000000001528, 0, , , 3401.9070000000001528, 1
, , 3401.9119999999998072, 1, , , 3401.9119999999998072, 0, , , 3401.9119999999998072, 0, , , 3401.9119999999998072, 1
, , 3401.9169999999999163, 1, , , 3401.9169999999999163, 0, , , 3401.9169999999999163, 0, , , 3401.9169999999999163, 1
, , 3401.9220000000000255, 1, , , 3401.9220000000000255, 0, , , 3401.9220000000000255, 0, , , 3401.9220000000000255, 1
, , 3401.9279999999998836, 1, , , 3401.9279999999998836, 0, , , 3401.9279999999998836, 0, , , 3401.9279999999998836, 1
, , 3401.931999999999789, 1, , , 3401.931999999999789, 0, , , 3401.931999999999789, 0, , , 3401.931999999999789, 1
, , 3401.9369999999998981, 1, , , 3401.9369999999998981, 0, , , 3401.9369999999998981, 0, , , 3401.9369999999998981, 1
, , 3401.9420000000000073, 1, , , 3401.9420000000000073, 0, , , 3401.9420000000000073, 0, , , 3401.9420000000000073, 1
, , 3401.9470000000001164, 1, , , 3401.9470000000001164, 0, , , 3401.9470000000001164, 0, , , 3401.9470000000001164, 1
, , 3401.9520000000002256, 1, , , 3401.9520000000002256, 0, , , 3401.9520000000002256, 0, , , 3401.9520000000002256, 1
, , 3401.9569999999998799, 1, , , 3401.9569999999998799, 0, , , 3401.9569999999998799, 0, , , 3401.9569999999998799, 1
, , 3401.9619999999999891, 1, , , 3401.9619999999999891, 0, , , 3401.9619999999999891, 0, , , 3401.9619999999999891, 1
, , 3401.9659999999998945, 1, , , 3401.9659999999998945, 0, , , 3401.9659999999998945, 0, , , 3401.9659999999998945, 1
, , 3401.9720000000002074, 1, , , 3401.9720000000002074, 0, , , 3401.9720000000002074, 0, , , 3401.9720000000002074, 1
, , 3401.9769999999998618, 1, , , 3401.9769999999998618, 0, , , 3401.9769999999998618, 0, , , 3401.9769999999998618, 1
, , 3401.9830000000001746, 1, , , 3401.9830000000001746, 0, , , 3401.9830000000001746, 0, , , 3401.9830000000001746, 1
, , 3401.98700000000008, 1, , , 3401.98700000000008, 0, , , 3401.98700000000008, 0, , , 3401.98700000000008, 1
, , 3401.9920000000001892, 1, , , 3401.9920000000001892, 0, , , 3401.9920000000001892, 0, , , 3401.9920000000001892, 1
, , 3401.9969999999998436, 1, , , 3401.9969999999998436, 0, , , 3401.9969999999998436, 0, , , 3401.9969999999998436, 1
, , 3402.0030000000001564, 1, , , 3402.0030000000001564, 0, , , 3402.0030000000001564, 0, , , 3402.0030000000001564, 1
, , 3402.0070000000000618, 1, , , 3402.0070000000000618, 0, , , 3402.0070000000000618, 0, , , 3402.0070000000000618, 1
, , 3402.01299999999992, 1, , , 3402.01299999999992, 0, , , 3402.01299999999992, 0, , , 3402.01299999999992, 1
, , 3402.0169999999998254, 1, , , 3402.0169999999998254, 0, , , 3402.0169999999998254, 0, , , 3402.0169999999998254, 1
, , 3402.0219999999999345, 1, , , 3402.0219999999999345, 0, , , 3402.0219999999999345, 0, , , 3402.0219999999999345, 1
, , 3402.0279999999997926, 1, , , 3402.0279999999997926, 0, , , 3402.0279999999997926, 0, , , 3402.0279999999997926, 1
, , 3402.0320000000001528, 1, , , 3402.0320000000001528, 0, , , 3402.0320000000001528, 0, , , 3402.0320000000001528, 1
, , 3402.0369999999998072, 1, , , 3402.0369999999998072, 0, , , 3402.0369999999998072, 0, , , 3402.0369999999998072, 1
, , 3402.0419999999999163, 1, , , 3402.0419999999999163, 0, , , 3402.0419999999999163, 0, , , 3402.0419999999999163, 1
, , 3402.0470000000000255, 1, , , 3402.0470000000000255, 0, , , 3402.0470000000000255, 0, , , 3402.0470000000000255, 1
, , 3402.0520000000001346, 1, , , 3402.0520000000001346, 0, , , 3402.0520000000001346, 0, , , 3402.0520000000001346, 1
, , 3402.056999999999789, 1, , , 3402.056999999999789, 0, , , 3402.056999999999789, 0, , , 3402.056999999999789, 1
, , 3402.0630000000001019, 1, , , 3402.0630000000001019, 0, , , 3402.0630000000001019, 0, , , 3402.0630000000001019, 1
, , 3402.0670000000000073, 1, , , 3402.0670000000000073, 0, , , 3402.0670000000000073, 0, , , 3402.0670000000000073, 1
, , 3402.0720000000001164, 1, , , 3402.0720000000001164, 0, , , 3402.0720000000001164, 0, , , 3402.0720000000001164, 1
, , 3402.0770000000002256, 1, , , 3402.0770000000002256, 0, , , 3402.0770000000002256, 0, , , 3402.0770000000002256, 1
, , 3402.0819999999998799, 1, , , 3402.0819999999998799, 0, , , 3402.0819999999998799, 0, , , 3402.0819999999998799, 1
, , 3402.0869999999999891, 1, , , 3402.0869999999999891, 1, , , 3402.0869999999999891, 1, , , 3402.0869999999999891, 1
, , 3402.0920000000000982, 1, , , 3402.0920000000000982, 1, , , 3402.0920000000000982, 1, , , 3402.0920000000000982, 1
, , 3402.0970000000002074, 1, , , 3402.0970000000002074, 1, , , 3402.0970000000002074, 1, , , 3402.0970000000002074, 1
, , 3402.1019999999998618, 1, , , 3402.1019999999998618, 1, , , 3402.1019999999998618, 1, , , 3402.1019999999998618, 1
, , 3402.1069999999999709, 1, , , 3402.1069999999999709, 1, , , 3402.1069999999999709, 1, , , 3402.1069999999999709, 1
, , 3402.11200000000008, 1, , , 3402.11200000000008, 1, , , 3402.11200000000008, 1, , , 3402.11200000000008, 1
, , 3402.1170000000001892, 1, , , 3402.1170000000001892, 1, , , 3402.1170000000001892, 1, , , 3402.1170000000001892, 1
, , 3402.1219999999998436, 1, , , 3402.1219999999998436, 1, , , 3402.1219999999998436, 1, , , 3402.1219999999998436, 1
, , 3402.1269999999999527, 1, , , 3402.1269999999999527, 1, , , 3402.1269999999999527, 1, , , 3402.1269999999999527, 1
, , 3402.1320000000000618, 1, , , 3402.1320000000000618, 1, , , 3402.1320000000000618, 1, , , 3402.1320000000000618, 1
, , 3402.1359999999999673, 1, , , 3402.1359999999999673, 1, , , 3402.1359999999999673, 1, , , 3402.1359999999999673, 1
, , 3402.1430000000000291, 1, , , 3402.1430000000000291, 1, , , 3402.1430000000000291, 1, , , 3402.1430000000000291, 1
, , 3402.1469999999999345, 1, , , 3402.1469999999999345, 1, , , 3402.1469999999999345, 1, , , 3402.1469999999999345, 1
, , 3402.1520000000000437, 1, , , 3402.1520000000000437, 1, , , 3402.1520000000000437, 1, , , 3402.1520000000000437, 1
, , 3402.1579999999999018, 0, , , 3402.1579999999999018, 1, , , 3402.1579999999999018, 1, , , 3402.1579999999999018, 0
, , 3402.1630000000000109, 0, , , 3402.1630000000000109, 1, , , 3402.1630000000000109, 1, , , 3402.1630000000000109, 0
, , 3402.1680000000001201, 0, , , 3402.1680000000001201, 1, , , 3402.1680000000001201, 1, , , 3402.1680000000001201, 0
, , 3402.1720000000000255, 0, , , 3402.1720000000000255, 1, , , 3402.1720000000000255, 1, , , 3402.1720000000000255, 0
, , 3402.1770000000001346, 0, , , 3402.1770000000001346, 1, , , 3402.1770000000001346, 1, , , 3402.1770000000001346, 0
, , 3402.181999999999789, 0, , , 3402.181999999999789, 1, , , 3402.181999999999789, 1, , , 3402.181999999999789, 0
, , 3402.1869999999998981, 0, , , 3402.1869999999998981, 1, , , 3402.1869999999998981, 1, , , 3402.1869999999998981, 0
, , 3402.1920000000000073, 0, , , 3402.1920000000000073, 1, , , 3402.1920000000000073, 1, , , 3402.1920000000000073, 0
, , 3402.1970000000001164, 0, , , 3402.1970000000001164, 1, , , 3402.1970000000001164, 1, , , 3402.1970000000001164, 0
, , 3402.2029999999999745, 0, , , 3402.2029999999999745, 1, , , 3402.2029999999999745, 1, , , 3402.2029999999999745, 0
, , 3402.2069999999998799, 0, , , 3402.2069999999998799, 1, , , 3402.2069999999998799, 1, , , 3402.2069999999998799, 0
, , 3402.2130000000001928, 0, , , 3402.2130000000001928, 1, , , 3402.2130000000001928, 1, , , 3402.2130000000001928, 0
, , 3402.2179999999998472, 0, , , 3402.2179999999998472, 1, , , 3402.2179999999998472, 1, , , 3402.2179999999998472, 0
, , 3402.2220000000002074, 0, , , 3402.2220000000002074, 1, , , 3402.2220000000002074, 1, , , 3402.2220000000002074, 0
, , 3402.2269999999998618, 0, , , 3402.2269999999998618, 1, , , 3402.2269999999998618, 1, , , 3402.2269999999998618, 0
, , 3402.2330000000001746, 0, , , 3402.2330000000001746, 1, , , 3402.2330000000001746, 1, , , 3402.2330000000001746, 0
, , 3402.23700000000008, 0, , , 3402.23700000000008, 1, , , 3402.23700000000008, 1, , , 3402.23700000000008, 0
, , 3402.2440000000001419, 0, , , 3402.2440000000001419, 1, , , 3402.2440000000001419, 1, , , 3402.2440000000001419, 0
, , 3402.2469999999998436, 0, , , 3402.2469999999998436, 1, , , 3402.2469999999998436, 1, , , 3402.2469999999998436, 0
, , 3402.2519999999999527, 0, , , 3402.2519999999999527, 1, , , 3402.2519999999999527, 1, , , 3402.2519999999999527, 0
, , 3402.2570000000000618, 0, , , 3402.2570000000000618, 1, , , 3402.2570000000000618, 1, , , 3402.2570000000000618, 0
, , 3402.26299999999992, 0, , , 3402.26299999999992, 1, , , 3402.26299999999992, 1, , , 3402.26299999999992, 0
, , 3402.2669999999998254, 0, , , 3402.2669999999998254, 1, , , 3402.2669999999998254, 1, , , 3402.2669999999998254, 0
, , 3402.2719999999999345, 0, , , 3402.2719999999999345, 1, , , 3402.2719999999999345, 1, , , 3402.2719999999999345, 0
, , 3402.2759999999998399, 0, , , 3402.2759999999998399, 1, , , 3402.2759999999998399, 1, , , 3402.2759999999998399, 0
, , 3402.2820000000001528, 0, , , 3402.2820000000001528, 1, , , 3402.2820000000001528, 1, , , 3402.2820000000001528, 0
, , 3402.2880000000000109, 0, , , 3402.2880000000000109, 1, , , 3402.2880000000000109, 1, , , 3402.2880000000000109, 0
, , 3402.2919999999999163, 0, , , 3402.2919999999999163, 1, , , 3402.2919999999999163, 1, , , 3402.2919999999999163, 0
, , 3402.2979999999997744, 0, , , 3402.2979999999997744, 1, , , 3402.2979999999997744, 1, , , 3402.2979999999997744, 0
, , 3402.3020000000001346, 0, , , 3402.3020000000001346, 1, , , 3402.3020000000001346, 1, , , 3402.3020000000001346, 0
, , 3402.306999999999789, 0, , , 3402.306999999999789, 1, , , 3402.306999999999789, 1, , , 3402.306999999999789, 0
, , 3402.3119999999998981, 0, , , 3402.3119999999998981, 1, , , 3402.3119999999998981, 1, , , 3402.3119999999998981, 0
, , 3402.3170000000000073, 0, , , 3402.3170000000000073, 1, , , 3402.3170000000000073, 1, , , 3402.3170000000000073, 0
, , 3402.3220000000001164, 0, , , 3402.3220000000001164, 1, , , 3402.3220000000001164, 1, , , 3402.3220000000001164, 0
, , 3402.3270000000002256, 0, , , 3402.3270000000002256, 1, , , 3402.3270000000002256, 1, , , 3402.3270000000002256, 0
, , 3402.3319999999998799, 0, , , 3402.3319999999998799, 1, , , 3402.3319999999998799, 1, , , 3402.3319999999998799, 0
, , 3402.3380000000001928, 0, , , 3402.3380000000001928, 1, , , 3402.3380000000001928, 1, , , 3402.3380000000001928, 0
, , 3402.3420000000000982, 0, , , 3402.3420000000000982, 1, , , 3402.3420000000000982, 1, , , 3402.3420000000000982, 0
, , 3402.3470000000002074, 0, , , 3402.3470000000002074, 1, , , 3402.3470000000002074, 1, , , 3402.3470000000002074, 0
, , 3402.3530000000000655, 0, , , 3402.3530000000000655, 1, , , 3402.3530000000000655, 1, , , 3402.3530000000000655, 0
, , 3402.3569999999999709, 0, , , 3402.3569999999999709, 1, , , 3402.3569999999999709, 1, , , 3402.3569999999999709, 0
, , 3402.36200000000008, 0, , , 3402.36200000000008, 1, , , 3402.36200000000008, 1, , , 3402.36200000000008, 0
, , 3402.3679999999999382, 0, , , 3402.3679999999999382, 1, , , 3402.3679999999999382, 1, , , 3402.3679999999999382, 0
, , 3402.3719999999998436, 0, , , 3402.3719999999998436, 1, , , 3402.3719999999998436, 1, , , 3402.3719999999998436, 0
, , 3402.3760000000002037, 0, , , 3402.3760000000002037, 1, , , 3402.3760000000002037, 1, , , 3402.3760000000002037, 0
, , 3402.3820000000000618, 0, , , 3402.3820000000000618, 1, , , 3402.3820000000000618, 1, , , 3402.3820000000000618, 0
, , 3402.3859999999999673, 0, , , 3402.3859999999999673, 1, , , 3402.3859999999999673, 1, , , 3402.3859999999999673, 0
, , 3402.3919999999998254, 0, , , 3402.3919999999998254, 1, , , 3402.3919999999998254, 1, , , 3402.3919999999998254, 0
, , 3402.3969999999999345, 0, , , 3402.3969999999999345, 1, , , 3402.3969999999999345, 1, , , 3402.3969999999999345, 0
, , 3402.4009999999998399, 0, , , 3402.4009999999998399, 1, , , 3402.4009999999998399, 1, , , 3402.4009999999998399, 0
, , 3402.4079999999999018, 0, , , 3402.4079999999999018, 1, , , 3402.4079999999999018, 1, , , 3402.4079999999999018, 0
, , 3402.4119999999998072, 1, , , 3402.4119999999998072, 1, , , 3402.4119999999998072, 1, , , 3402.4119999999998072, 1
, , 3402.4169999999999163, 1, , , 3402.4169999999999163, 1, , , 3402.4169999999999163, 1, , , 3402.4169999999999163, 1
, , 3402.4220000000000255, 1, , , 3402.4220000000000255, 1, , , 3402.4220000000000255, 1, , , 3402.4220000000000255, 1
, , 3402.4270000000001346, 1, , , 3402.4270000000001346, 1, , , 3402.4270000000001346, 1, , , 3402.4270000000001346, 1
, , 3402.431999999999789, 1, , , 3402.431999999999789, 1, , , 3402.431999999999789, 1, , , 3402.431999999999789, 1
, , 3402.4369999999998981, 1, , , 3402.4369999999998981, 1, , , 3402.4369999999998981, 1, , , 3402.4369999999998981, 1
, , 3402.4420000000000073, 1, , , 3402.4420000000000073, 1, , , 3402.4420000000000073, 1, , , 3402.4420000000000073, 1
, , 3402.4459999999999127, 1, , , 3402.4459999999999127, 1, , , 3402.4459999999999127, 1, , , 3402.4459999999999127, 1
, , 3402.4529999999999745, 1, , , 3402.4529999999999745, 1, , , 3402.4529999999999745, 1, , , 3402.4529999999999745, 1
, , 3402.4580000000000837, 1, , , 3402.4580000000000837, 1, , , 3402.4580000000000837, 1, , , 3402.4580000000000837, 1
, , 3402.4639999999999418, 1, , , 3402.4639999999999418, 1, , , 3402.4639999999999418, 1, , , 3402.4639999999999418, 1
, , 3402.4670000000000982, 1, , , 3402.4670000000000982, 1, , , 3402.4670000000000982, 1, , , 3402.4670000000000982, 1
, , 3402.4720000000002074, 1, , , 3402.4720000000002074, 1, , , 3402.4720000000002074, 1, , , 3402.4720000000002074, 1
, , 3402.4780000000000655, 1, , , 3402.4780000000000655, 1, , , 3402.4780000000000655, 1, , , 3402.4780000000000655, 1
, , 3402.4819999999999709, 1, , , 3402.4819999999999709, 1, , , 3402.4819999999999709, 1, , , 3402.4819999999999709, 1
, , 3402.487999999999829, 1, , , 3402.487999999999829, 0, , , 3402.487999999999829, 0, , , 3402.487999999999829, 1
, , 3402.4920000000001892, 1, , , 3402.4920000000001892, 0, , , 3402.4920000000001892, 0, , , 3402.4920000000001892, 1
, , 3402.4969999999998436, 1, , , 3402.4969999999998436, 0, , , 3402.4969999999998436, 0, , , 3402.4969999999998436, 1
, , 3402.5079999999998108, 1, , , 3402.5079999999998108, 0, , , 3402.5079999999998108, 0, , , 3402.5079999999998108, 1
, , 3402.5079999999998108, 1, , , 3402.5079999999998108, 0, , , 3402.5079999999998108, 0, , , 3402.5079999999998108, 1
, , 3402.512000000000171, 1, , , 3402.512000000000171, 0, , , 3402.512000000000171, 0, , , 3402.512000000000171, 1
, , 3402.5169999999998254, 1, , , 3402.5169999999998254, 0, , , 3402.5169999999998254, 0, , , 3402.5169999999998254, 1
, , 3402.5219999999999345, 1, , , 3402.5219999999999345, 0, , , 3402.5219999999999345, 0, , , 3402.5219999999999345, 1
, , 3402.5270000000000437, 1, , , 3402.5270000000000437, 0, , , 3402.5270000000000437, 0, , , 3402.5270000000000437, 1
, , 3402.5320000000001528, 1, , , 3402.5320000000001528, 0, , , 3402.5320000000001528, 0, , , 3402.5320000000001528, 1
, , 3402.5369999999998072, 1, , , 3402.5369999999998072, 0, , , 3402.5369999999998072, 0, , , 3402.5369999999998072, 1
, , 3402.5419999999999163, 1, , , 3402.5419999999999163, 0, , , 3402.5419999999999163, 0, , , 3402.5419999999999163, 1
, , 3402.5470000000000255, 1, , , 3402.5470000000000255, 0, , , 3402.5470000000000255, 0, , , 3402.5470000000000255, 1
, , 3402.5529999999998836, 1, , , 3402.5529999999998836, 0, , , 3402.5529999999998836, 0, , , 3402.5529999999998836, 1
, , 3402.556999999999789, 1, , , 3402.556999999999789, 0, , , 3402.556999999999789, 0, , , 3402.556999999999789, 1
, , 3402.5619999999998981, 1, , , 3402.5619999999998981, 0, , , 3402.5619999999998981, 0, , , 3402.5619999999998981, 1
, , 3402.5670000000000073, 1, , , 3402.5670000000000073, 0, , , 3402.5670000000000073, 0, , , 3402.5670000000000073, 1
, , 3402.5720000000001164, 1, , , 3402.5720000000001164, 0, , , 3402.5720000000001164, 0, , , 3402.5720000000001164, 1
, , 3402.5770000000002256, 1, , , 3402.5770000000002256, 0, , , 3402.5770000000002256, 0, , , 3402.5770000000002256, 1
, , 3402.5819999999998799, 1, , , 3402.5819999999998799, 0, , , 3402.5819999999998799, 0, , , 3402.5819999999998799, 1
, , 3402.5869999999999891, 1, , , 3402.5869999999999891, 0, , , 3402.5869999999999891, 0, , , 3402.5869999999999891, 1
, , 3402.5920000000000982, 1, , , 3402.5920000000000982, 0, , , 3402.5920000000000982, 0, , , 3402.5920000000000982, 1
, , 3402.5979999999999563, 1, , , 3402.5979999999999563, 0, , , 3402.5979999999999563, 0, , , 3402.5979999999999563, 1
, , 3402.6019999999998618, 1, , , 3402.6019999999998618, 0, , , 3402.6019999999998618, 0, , , 3402.6019999999998618, 1
, , 3402.6069999999999709, 1, , , 3402.6069999999999709, 0, , , 3402.6069999999999709, 0, , , 3402.6069999999999709, 1
, , 3402.6170000000001892, 1, , , 3402.6170000000001892, 0, , , 3402.6170000000001892, 0, , , 3402.6170000000001892, 1
, , 3402.6170000000001892, 1, , , 3402.6170000000001892, 0, , , 3402.6170000000001892, 0, , , 3402.6170000000001892, 1
, , 3402.6219999999998436, 1, , , 3402.6219999999998436, 0, , , 3402.6219999999998436, 0, , , 3402.6219999999998436, 1
, , 3402.6280000000001564, 1, , , 3402.6280000000001564, 0, , , 3402.6280000000001564, 0, , , 3402.6280000000001564, 1
, , 3402.6320000000000618, 1, , , 3402.6320000000000618, 0, , , 3402.6320000000000618, 0, , , 3402.6320000000000618, 1
, , 3402.637000000000171, 1, , , 3402.637000000000171, 0, , , 3402.637000000000171, 0, , , 3402.637000000000171, 1
, , 3402.6419999999998254, 1, , , 3402.6419999999998254, 0, , , 3402.6419999999998254, 0, , , 3402.6419999999998254, 1
, , 3402.6460000000001855, 1, , , 3402.6460000000001855, 0, , , 3402.6460000000001855, 0, , , 3402.6460000000001855, 1
, , 3402.6520000000000437, 1, , , 3402.6520000000000437, 0, , , 3402.6520000000000437, 0, , , 3402.6520000000000437, 1
, , 3402.6579999999999018, 1, , , 3402.6579999999999018, 0, , , 3402.6579999999999018, 0, , , 3402.6579999999999018, 1
, , 3402.6619999999998072, 1, , , 3402.6619999999998072, 0, , , 3402.6619999999998072, 0, , , 3402.6619999999998072, 1
, , 3402.6680000000001201, 1, , , 3402.6680000000001201, 0, , , 3402.6680000000001201, 0, , , 3402.6680000000001201, 1
, , 3402.6720000000000255, 1, , , 3402.6720000000000255, 0, , , 3402.6720000000000255, 0, , , 3402.6720000000000255, 1
, , 3402.6770000000001346, 1, , , 3402.6770000000001346, 0, , , 3402.6770000000001346, 0, , , 3402.6770000000001346, 1
, , 3402.681999999999789, 1, , , 3402.681999999999789, 0, , , 3402.681999999999789, 0, , , 3402.681999999999789, 1
, , 3402.6869999999998981, 1, , , 3402.6869999999998981, 0, , , 3402.6869999999998981, 0, , , 3402.6869999999998981, 1
, , 3402.6920000000000073, 1, , , 3402.6920000000000073, 0, , , 3402.6920000000000073, 0, , , 3402.6920000000000073, 1
, , 3402.6979999999998654, 1, , , 3402.6979999999998654, 0, , , 3402.6979999999998654, 0, , , 3402.6979999999998654, 1
, , 3402.7020000000002256, 1, , , 3402.7020000000002256, 0, , , 3402.7020000000002256, 0, , , 3402.7020000000002256, 1
, , 3402.7069999999998799, 1, , , 3402.7069999999998799, 0, , , 3402.7069999999998799, 0, , , 3402.7069999999998799, 1
, , 3402.7119999999999891, 1, , , 3402.7119999999999891, 0, , , 3402.7119999999999891, 0, , , 3402.7119999999999891, 1
, , 3402.7170000000000982, 1, , , 3402.7170000000000982, 0, , , 3402.7170000000000982, 0, , , 3402.7170000000000982, 1
, , 3402.7229999999999563, 1, , , 3402.7229999999999563, 0, , , 3402.7229999999999563, 0, , , 3402.7229999999999563, 1
, , 3402.7269999999998618, 1, , , 3402.7269999999998618, 0, , , 3402.7269999999998618, 0, , , 3402.7269999999998618, 1
, , 3402.7319999999999709, 1, , , 3402.7319999999999709, 0, , , 3402.7319999999999709, 0, , , 3402.7319999999999709, 1
, , 3402.737999999999829, 1, , , 3402.737999999999829, 1, , , 3402.737999999999829, 1, , , 3402.737999999999829, 1
, , 3402.7429999999999382, 1, , , 3402.7429999999999382, 1, , , 3402.7429999999999382, 1, , , 3402.7429999999999382, 1
, , 3402.7469999999998436, 1, , , 3402.7469999999998436, 1, , , 3402.7469999999998436, 1, , , 3402.7469999999998436, 1
, , 3402.7519999999999527, 1, , , 3402.7519999999999527, 1, , , 3402.7519999999999527, 1, , , 3402.7519999999999527, 1
, , 3402.7570000000000618, 1, , , 3402.7570000000000618, 1, , , 3402.7570000000000618, 1, , , 3402.7570000000000618, 1
, , 3402.7609999999999673, 1, , , 3402.7609999999999673, 1, , , 3402.7609999999999673, 1, , , 3402.7609999999999673, 1
, , 3402.7689999999997781, 1, , , 3402.7689999999997781, 1, , , 3402.7689999999997781, 1, , , 3402.7689999999997781, 1
, , 3402.7719999999999345, 1, , , 3402.7719999999999345, 1, , , 3402.7719999999999345, 1, , , 3402.7719999999999345, 1
, , 3402.7779999999997926, 1, , , 3402.7779999999997926, 1, , , 3402.7779999999997926, 1, , , 3402.7779999999997926, 1
, , 3402.7829999999999018, 1, , , 3402.7829999999999018, 1, , , 3402.7829999999999018, 1, , , 3402.7829999999999018, 1
, , 3402.7869999999998072, 1, , , 3402.7869999999998072, 1, , , 3402.7869999999998072, 1, , , 3402.7869999999998072, 1
, , 3402.7919999999999163, 1, , , 3402.7919999999999163, 1, , , 3402.7919999999999163, 1, , , 3402.7919999999999163, 1
, , 3402.7970000000000255, 1, , , 3402.7970000000000255, 1, , , 3402.7970000000000255, 1, , , 3402.7970000000000255, 1
, , 3402.8020000000001346, 1, , , 3402.8020000000001346, 1, , , 3402.8020000000001346, 1, , , 3402.8020000000001346, 1
, , 3402.8079999999999927, 1, , , 3402.8079999999999927, 1, , , 3402.8079999999999927, 1, , , 3402.8079999999999927, 1
, , 3402.8119999999998981, 0, , , 3402.8119999999998981, 1, , , 3402.8119999999998981, 1, , , 3402.8119999999998981, 0
, , 3402.8170000000000073, 0, , , 3402.8170000000000073, 1, , , 3402.8170000000000073, 1, , , 3402.8170000000000073, 0
, , 3402.8220000000001164, 0, , , 3402.8220000000001164, 1, , , 3402.8220000000001164, 1, , , 3402.8220000000001164, 0
, , 3402.8270000000002256, 0, , , 3402.8270000000002256, 1, , , 3402.8270000000002256, 1, , , 3402.8270000000002256, 0
, , 3402.8330000000000837, 0, , , 3402.8330000000000837, 1, , , 3402.8330000000000837, 1, , , 3402.8330000000000837, 0
, , 3402.8369999999999891, 0, , , 3402.8369999999999891, 1, , , 3402.8369999999999891, 1, , , 3402.8369999999999891, 0
, , 3402.8420000000000982, 0, , , 3402.8420000000000982, 1, , , 3402.8420000000000982, 1, , , 3402.8420000000000982, 0
, , 3402.8470000000002074, 0, , , 3402.8470000000002074, 1, , , 3402.8470000000002074, 1, , , 3402.8470000000002074, 0
, , 3402.8519999999998618, 0, , , 3402.8519999999998618, 1, , , 3402.8519999999998618, 1, , , 3402.8519999999998618, 0
, , 3402.8569999999999709, 0, , , 3402.8569999999999709, 1, , , 3402.8569999999999709, 1, , , 3402.8569999999999709, 0
, , 3402.86200000000008, 0, , , 3402.86200000000008, 1, , , 3402.86200000000008, 1, , , 3402.86200000000008, 0
, , 3402.8679999999999382, 0, , , 3402.8679999999999382, 1, , , 3402.8679999999999382, 1, , , 3402.8679999999999382, 0
, , 3402.8710000000000946, 0, , , 3402.8710000000000946, 1, , , 3402.8710000000000946, 1, , , 3402.8710000000000946, 0
, , 3402.8769999999999527, 0, , , 3402.8769999999999527, 1, , , 3402.8769999999999527, 1, , , 3402.8769999999999527, 0
, , 3402.8820000000000618, 0, , , 3402.8820000000000618, 1, , , 3402.8820000000000618, 1, , , 3402.8820000000000618, 0
, , 3402.887000000000171, 0, , , 3402.887000000000171, 1, , , 3402.887000000000171, 1, , , 3402.887000000000171, 0
, , 3402.8919999999998254, 0, , , 3402.8919999999998254, 1, , , 3402.8919999999998254, 1, , , 3402.8919999999998254, 0
, , 3402.8969999999999345, 0, , , 3402.8969999999999345, 1, , , 3402.8969999999999345, 1, , , 3402.8969999999999345, 0
, , 3402.9020000000000437, 0, , , 3402.9020000000000437, 1, , , 3402.9020000000000437, 1, , , 3402.9020000000000437, 0
, , 3402.9070000000001528, 0, , , 3402.9070000000001528, 1, , , 3402.9070000000001528, 1, , , 3402.9070000000001528, 0
, , 3402.9140000000002146, 0, , , 3402.9140000000002146, 1, , , 3402.9140000000002146, 1, , , 3402.9140000000002146, 0
, , 3402.9169999999999163, 0, , , 3402.9169999999999163, 1, , , 3402.9169999999999163, 1, , , 3402.9169999999999163, 0
, , 3402.9220000000000255, 0, , , 3402.9220000000000255, 1, , , 3402.9220000000000255, 1, , , 3402.9220000000000255, 0
, , 3402.9270000000001346, 0, , , 3402.9270000000001346, 1, , , 3402.9270000000001346, 1, , , 3402.9270000000001346, 0
, , 3402.9329999999999927, 0, , , 3402.9329999999999927, 1, , , 3402.9329999999999927, 1, , , 3402.9329999999999927, 0
, , 3402.9380000000001019, 0, , , 3402.9380000000001019, 1, , , 3402.9380000000001019, 1, , , 3402.9380000000001019, 0
, , 3402.943000000000211, 0, , , 3402.943000000000211, 1, , , 3402.943000000000211, 1, , , 3402.943000000000211, 0
, , 3402.9470000000001164, 0, , , 3402.9470000000001164, 1, , , 3402.9470000000001164, 1, , , 3402.9470000000001164, 0
, , 3402.9529999999999745, 0, , , 3402.9529999999999745, 1, , , 3402.9529999999999745, 1, , , 3402.9529999999999745, 0
, , 3402.9569999999998799, 0, , , 3402.9569999999998799, 1, , , 3402.9569999999998799, 1, , , 3402.9569999999998799, 0
, , 3402.9619999999999891, 0, , , 3402.9619999999999891, 1, , , 3402.9619999999999891, 1, , , 3402.9619999999999891, 0
, , 3402.9670000000000982, 0, , , 3402.9670000000000982, 1, , , 3402.9670000000000982, 1, , , 3402.9670000000000982, 0
, , 3402.9720000000002074, 0, , , 3402.9720000000002074, 1, , , 3402.9720000000002074, 1, , , 3402.9720000000002074, 0
, , 3402.9769999999998618, 0, , , 3402.9769999999998618, 1, , , 3402.9769999999998618, 1, , , 3402.9769999999998618, 0
, , 3402.9819999999999709, 0, , , 3402.9819999999999709, 1, , , 3402.9819999999999709, 1, , , 3402.9819999999999709, 0
, , 3402.98700000000008, 0, , , 3402.98700000000008, 1, , , 3402.98700000000008, 1, , , 3402.98700000000008, 0
, , 3402.9920000000001892, 0, , , 3402.9920000000001892, 1, , , 3402.9920000000001892, 1, , , 3402.9920000000001892, 0
, , 3402.9969999999998436, 0, , , 3402.9969999999998436, 1, , , 3402.9969999999998436, 1, , , 3402.9969999999998436, 0
, , 3403.0019999999999527, 0, , , 3403.0019999999999527, 1, , , 3403.0019999999999527, 1, , , 3403.0019999999999527, 0
, , 3403.0070000000000618, 0, , , 3403.0070000000000618, 1, , , 3403.0070000000000618, 1, , , 3403.0070000000000618, 0
, , 3403.012000000000171, 0, , , 3403.012000000000171, 1, , , 3403.012000000000171, 1, , , 3403.012000000000171, 0
, , 3403.0169999999998254, 0, , , 3403.0169999999998254, 1, , , 3403.0169999999998254, 1, , , 3403.0169999999998254, 0
, , 3403.0219999999999345, 0, , , 3403.0219999999999345, 1, , , 3403.0219999999999345, 1, , , 3403.0219999999999345, 0
, , 3403.0270000000000437, 0, , , 3403.0270000000000437, 1, , , 3403.0270000000000437, 1, , , 3403.0270000000000437, 0
, , 3403.0320000000001528, 0, , , 3403.0320000000001528, 1, , , 3403.0320000000001528, 1, , , 3403.0320000000001528, 0
, , 3403.0369999999998072, 0, , , 3403.0369999999998072, 1, , , 3403.0369999999998072, 1, , , 3403.0369999999998072, 0
, , 3403.0419999999999163, 0, , , 3403.0419999999999163, 1, , , 3403.0419999999999163, 1, , , 3403.0419999999999163, 0
, , 3403.0470000000000255, 0, , , 3403.0470000000000255, 1, , , 3403.0470000000000255, 1, , , 3403.0470000000000255, 0
, , 3403.0520000000001346, 0, , , 3403.0520000000001346, 1, , , 3403.0520000000001346, 1, , , 3403.0520000000001346, 0
, , 3403.0579999999999927, 0, , , 3403.0579999999999927, 1, , , 3403.0579999999999927, 1, , , 3403.0579999999999927, 0
, , 3403.0599999999999454, 1, , , 3403.0599999999999454, 1, , , 3403.0599999999999454, 1, , , 3403.0599999999999454, 1
, , 3403.0670000000000073, 1, , , 3403.0670000000000073, 1, , , 3403.0670000000000073, 1, , , 3403.0670000000000073, 1
, , 3403.0720000000001164, 1, , , 3403.0720000000001164, 1, , , 3403.0720000000001164, 1, , , 3403.0720000000001164, 1
, , 3403.0779999999999745, 1, , , 3403.0779999999999745, 1, , , 3403.0779999999999745, 1, , , 3403.0779999999999745, 1
, , 3403.0819999999998799, 1, , , 3403.0819999999998799, 1, , , 3403.0819999999998799, 1, , , 3403.0819999999998799, 1
, , 3403.0869999999999891, 1, , , 3403.0869999999999891, 1, , , 3403.0869999999999891, 1, , , 3403.0869999999999891, 1
, , 3403.0920000000000982, 1, , , 3403.0920000000000982, 1, , , 3403.0920000000000982, 1, , , 3403.0920000000000982, 1
, , 3403.0979999999999563, 1, , , 3403.0979999999999563, 1, , , 3403.0979999999999563, 1, , , 3403.0979999999999563, 1
, , 3403.1019999999998618, 1, , , 3403.1019999999998618, 1, , , 3403.1019999999998618, 1, , , 3403.1019999999998618, 1
, , 3403.1069999999999709, 1, , , 3403.1069999999999709, 1, , , 3403.1069999999999709, 1, , , 3403.1069999999999709, 1
, , 3403.112999999999829, 1, , , 3403.112999999999829, 1, , , 3403.112999999999829, 1, , , 3403.112999999999829, 1
, , 3403.1170000000001892, 1, , , 3403.1170000000001892, 1, , , 3403.1170000000001892, 1, , , 3403.1170000000001892, 1
, , 3403.1230000000000473, 1, , , 3403.1230000000000473, 1, , , 3403.1230000000000473, 1, , , 3403.1230000000000473, 1
, , 3403.1280000000001564, 1, , , 3403.1280000000001564, 1, , , 3403.1280000000001564, 1, , , 3403.1280000000001564, 1
, , 3403.1329999999998108, 1, , , 3403.1329999999998108, 1, , , 3403.1329999999998108, 1, , , 3403.1329999999998108, 1
, , 3403.137000000000171, 1, , , 3403.137000000000171, 0, , , 3403.137000000000171, 0, , , 3403.137000000000171, 1
, , 3403.1419999999998254, 1, , , 3403.1419999999998254, 0, , , 3403.1419999999998254, 0, , , 3403.1419999999998254, 1
, , 3403.1469999999999345, 1, , , 3403.1469999999999345, 0, , , 3403.1469999999999345, 0, , , 3403.1469999999999345, 1
, , 3403.1529999999997926, 1, , , 3403.1529999999997926, 0, , , 3403.1529999999997926, 0, , , 3403.1529999999997926, 1
, , 3403.1579999999999018, 1, , , 3403.1579999999999018, 0, , , 3403.1579999999999018, 0, , , 3403.1579999999999018, 1
, , 3403.1619999999998072, 1, , , 3403.1619999999998072, 0, , , 3403.1619999999998072, 0, , , 3403.1619999999998072, 1
, , 3403.1669999999999163, 1, , , 3403.1669999999999163, 0, , , 3403.1669999999999163, 0, , , 3403.1669999999999163, 1
, , 3403.1720000000000255, 1, , , 3403.1720000000000255, 0, , , 3403.1720000000000255, 0, , , 3403.1720000000000255, 1
, , 3403.1770000000001346, 1, , , 3403.1770000000001346, 0, , , 3403.1770000000001346, 0, , , 3403.1770000000001346, 1
, , 3403.181999999999789, 1, , , 3403.181999999999789, 0, , , 3403.181999999999789, 0, , , 3403.181999999999789, 1
, , 3403.1869999999998981, 1, , , 3403.1869999999998981, 0, , , 3403.1869999999998981, 0, , , 3403.1869999999998981, 1
, , 3403.1920000000000073, 1, , , 3403.1920000000000073, 0, , , 3403.1920000000000073, 0, , , 3403.1920000000000073, 1
, , 3403.1970000000001164, 1, , , 3403.1970000000001164, 0, , , 3403.1970000000001164, 0, , , 3403.1970000000001164, 1
, , 3403.2020000000002256, 1, , , 3403.2020000000002256, 0, , , 3403.2020000000002256, 0, , , 3403.2020000000002256, 1
, , 3403.2069999999998799, 1, , , 3403.2069999999998799, 0, , , 3403.2069999999998799, 0, , , 3403.2069999999998799, 1
, , 3403.2119999999999891, 1, , , 3403.2119999999999891, 0, , , 3403.2119999999999891, 0, , , 3403.2119999999999891, 1
, , 3403.2170000000000982, 1, , , 3403.2170000000000982, 0, , , 3403.2170000000000982, 0, , , 3403.2170000000000982, 1
, , 3403.2229999999999563, 1, , , 3403.2229999999999563, 0, , , 3403.2229999999999563, 0, , , 3403.2229999999999563, 1
, , 3403.2269999999998618, 1, , , 3403.2269999999998618, 0, , , 3403.2269999999998618, 0, , , 3403.2269999999998618, 1
, , 3403.2330000000001746, 1, , , 3403.2330000000001746, 0, , , 3403.2330000000001746, 0, , , 3403.2330000000001746, 1
, , 3403.23700000000008, 1, , , 3403.23700000000008, 0, , , 3403.23700000000008, 0, , , 3403.23700000000008, 1
, , 3403.2420000000001892, 1, , , 3403.2420000000001892, 0, , , 3403.2420000000001892, 0, , , 3403.2420000000001892, 1
, , 3403.2469999999998436, 1, , , 3403.2469999999998436, 0, , , 3403.2469999999998436, 0, , , 3403.2469999999998436, 1
, , 3403.2519999999999527, 1, , , 3403.2519999999999527, 0, , , 3403.2519999999999527, 0, , , 3403.2519999999999527, 1
, , 3403.2570000000000618, 1, , , 3403.2570000000000618, 0, , , 3403.2570000000000618, 0, , , 3403.2570000000000618, 1
, , 3403.262000000000171, 1, , , 3403.262000000000171, 0, , , 3403.262000000000171, 0, , , 3403.262000000000171, 1
, , 3403.2669999999998254, 1, , , 3403.2669999999998254, 0, , , 3403.2669999999998254, 0, , , 3403.2669999999998254, 1
, , 3403.2719999999999345, 1, , , 3403.2719999999999345, 0, , , 3403.2719999999999345, 0, , , 3403.2719999999999345, 1
, , 3403.2770000000000437, 1, , , 3403.2770000000000437, 0, , , 3403.2770000000000437, 0, , , 3403.2770000000000437, 1
, , 3403.2820000000001528, 1, , , 3403.2820000000001528, 0, , , 3403.2820000000001528, 0, , , 3403.2820000000001528, 1
, , 3403.2869999999998072, 1, , , 3403.2869999999998072, 0, , , 3403.2869999999998072, 0, , , 3403.2869999999998072, 1
, , 3403.2919999999999163, 1, , , 3403.2919999999999163, 0, , , 3403.2919999999999163, 0, , , 3403.2919999999999163, 1
, , 3403.2970000000000255, 1, , , 3403.2970000000000255, 0, , , 3403.2970000000000255, 0, , , 3403.2970000000000255, 1
, , 3403.3020000000001346, 1, , , 3403.3020000000001346, 0, , , 3403.3020000000001346, 0, , , 3403.3020000000001346, 1
, , 3403.306999999999789, 1, , , 3403.306999999999789, 0, , , 3403.306999999999789, 0, , , 3403.306999999999789, 1
, , 3403.3130000000001019, 1, , , 3403.3130000000001019, 0, , , 3403.3130000000001019, 0, , , 3403.3130000000001019, 1
, , 3403.3170000000000073, 1, , , 3403.3170000000000073, 0, , , 3403.3170000000000073, 0, , , 3403.3170000000000073, 1
, , 3403.3229999999998654, 1, , , 3403.3229999999998654, 0, , , 3403.3229999999998654, 0, , , 3403.3229999999998654, 1
, , 3403.3279999999999745, 1, , , 3403.3279999999999745, 0, , , 3403.3279999999999745, 0, , , 3403.3279999999999745, 1
, , 3403.3319999999998799, 1, , , 3403.3319999999998799, 0, , , 3403.3319999999998799, 0, , , 3403.3319999999998799, 1
, , 3403.3359999999997854, 1, , , 3403.3359999999997854, 0, , , 3403.3359999999997854, 0, , , 3403.3359999999997854, 1
, , 3403.3420000000000982, 1, , , 3403.3420000000000982, 0, , , 3403.3420000000000982, 0, , , 3403.3420000000000982, 1
, , 3403.3479999999999563, 1, , , 3403.3479999999999563, 0, , , 3403.3479999999999563, 0, , , 3403.3479999999999563, 1
, , 3403.3519999999998618, 1, , , 3403.3519999999998618, 0, , , 3403.3519999999998618, 0, , , 3403.3519999999998618, 1
, , 3403.3580000000001746, 1, , , 3403.3580000000001746, 0, , , 3403.3580000000001746, 0, , , 3403.3580000000001746, 1
, , 3403.3640000000000327, 1, , , 3403.3640000000000327, 0, , , 3403.3640000000000327, 0, , , 3403.3640000000000327, 1
, , 3403.3670000000001892, 1, , , 3403.3670000000001892, 0, , , 3403.3670000000001892, 0, , , 3403.3670000000001892, 1
, , 3403.3719999999998436, 1, , , 3403.3719999999998436, 0, , , 3403.3719999999998436, 0, , , 3403.3719999999998436, 1
, , 3403.3769999999999527, 1, , , 3403.3769999999999527, 0, , , 3403.3769999999999527, 0, , , 3403.3769999999999527, 1
, , 3403.3820000000000618, 1, , , 3403.3820000000000618, 0, , , 3403.3820000000000618, 0, , , 3403.3820000000000618, 1
, , 3403.387000000000171, 1, , , 3403.387000000000171, 1, , , 3403.387000000000171, 1, , , 3403.387000000000171, 1
, , 3403.3919999999998254, 1, , , 3403.3919999999998254, 1, , , 3403.3919999999998254, 1, , , 3403.3919999999998254, 1
, , 3403.3969999999999345, 1, , , 3403.3969999999999345, 1, , , 3403.3969999999999345, 1, , , 3403.3969999999999345, 1
, , 3403.4029999999997926, 1, , , 3403.4029999999997926, 1, , , 3403.4029999999997926, 1, , , 3403.4029999999997926, 1
, , 3403.4070000000001528, 1, , , 3403.4070000000001528, 1, , , 3403.4070000000001528, 1, , , 3403.4070000000001528, 1
, , 3403.4130000000000109, 1, , , 3403.4130000000000109, 1, , , 3403.4130000000000109, 1, , , 3403.4130000000000109, 1
, , 3403.4169999999999163, 1, , , 3403.4169999999999163, 1, , , 3403.4169999999999163, 1, , , 3403.4169999999999163, 1
, , 3403.4229999999997744, 1, , , 3403.4229999999997744, 1, , , 3403.4229999999997744, 1, , , 3403.4229999999997744, 1
, , 3403.4270000000001346, 1, , , 3403.4270000000001346, 1, , , 3403.4270000000001346, 1, , , 3403.4270000000001346, 1
, , 3403.4329999999999927, 1, , , 3403.4329999999999927, 1, , , 3403.4329999999999927, 1, , , 3403.4329999999999927, 1
, , 3403.4369999999998981, 1, , , 3403.4369999999998981, 1, , , 3403.4369999999998981, 1, , , 3403.4369999999998981, 1
, , 3403.443000000000211, 1, , , 3403.443000000000211, 1, , , 3403.443000000000211, 1, , , 3403.443000000000211, 1
, , 3403.4470000000001164, 1, , , 3403.4470000000001164, 1, , , 3403.4470000000001164, 1, , , 3403.4470000000001164, 1
, , 3403.4529999999999745, 1, , , 3403.4529999999999745, 1, , , 3403.4529999999999745, 1, , , 3403.4529999999999745, 1
, , 3403.4580000000000837, 1, , , 3403.4580000000000837, 1, , , 3403.4580000000000837, 1, , , 3403.4580000000000837, 1
, , 3403.4619999999999891, 0, , , 3403.4619999999999891, 1, , , 3403.4619999999999891, 1, , , 3403.4619999999999891, 0
, , 3403.4670000000000982, 0, , , 3403.4670000000000982, 1, , , 3403.4670000000000982, 1, , , 3403.4670000000000982, 0
, , 3403.4740000000001601, 0, , , 3403.4740000000001601, 1, , , 3403.4740000000001601, 1, , , 3403.4740000000001601, 0
, , 3403.4769999999998618, 0, , , 3403.4769999999998618, 1, , , 3403.4769999999998618, 1, , , 3403.4769999999998618, 0
, , 3403.4819999999999709, 0, , , 3403.4819999999999709, 1, , , 3403.4819999999999709, 1, , , 3403.4819999999999709, 0
, , 3403.48700000000008, 0, , , 3403.48700000000008, 1, , , 3403.48700000000008, 1, , , 3403.48700000000008, 0
, , 3403.4940000000001419, 0, , , 3403.4940000000001419, 1, , , 3403.4940000000001419, 1, , , 3403.4940000000001419, 0
, , 3403.4969999999998436, 0, , , 3403.4969999999998436, 1, , , 3403.4969999999998436, 1, , , 3403.4969999999998436, 0
, , 3403.5039999999999054, 0, , , 3403.5039999999999054, 1, , , 3403.5039999999999054, 1, , , 3403.5039999999999054, 0
, , 3403.5070000000000618, 0, , , 3403.5070000000000618, 1, , , 3403.5070000000000618, 1, , , 3403.5070000000000618, 0
, , 3403.512000000000171, 0, , , 3403.512000000000171, 1, , , 3403.512000000000171, 1, , , 3403.512000000000171, 0
, , 3403.5169999999998254, 0, , , 3403.5169999999998254, 1, , , 3403.5169999999998254, 1, , , 3403.5169999999998254, 0
, , 3403.5239999999998872, 0, , , 3403.5239999999998872, 1, , , 3403.5239999999998872, 1, , , 3403.5239999999998872, 0
, , 3403.5289999999999964, 0, , , 3403.5289999999999964, 1, , , 3403.5289999999999964, 1, , , 3403.5289999999999964, 0
, , 3403.5329999999999018, 0, , , 3403.5329999999999018, 1, , , 3403.5329999999999018, 1, , , 3403.5329999999999018, 0
, , 3403.5360000000000582, 0, , , 3403.5360000000000582, 1, , , 3403.5360000000000582, 1, , , 3403.5360000000000582, 0
, , 3403.5430000000001201, 0, , , 3403.5430000000001201, 1, , , 3403.5430000000001201, 1, , , 3403.5430000000001201, 0
, , 3403.5470000000000255, 0, , , 3403.5470000000000255, 1, , , 3403.5470000000000255, 1, , , 3403.5470000000000255, 0
, , 3403.5529999999998836, 0, , , 3403.5529999999998836, 1, , , 3403.5529999999998836, 1, , , 3403.5529999999998836, 0
, , 3403.556999999999789, 0, , , 3403.556999999999789, 1, , , 3403.556999999999789, 1, , , 3403.556999999999789, 0
, , 3403.5619999999998981, 0, , , 3403.5619999999998981, 1, , , 3403.5619999999998981, 1, , , 3403.5619999999998981, 0
, , 3403.5670000000000073, 0, , , 3403.5670000000000073, 1, , , 3403.5670000000000073, 1, , , 3403.5670000000000073, 0
, , 3403.5729999999998654, 0, , , 3403.5729999999998654, 1, , , 3403.5729999999998654, 1, , , 3403.5729999999998654, 0
, , 3403.5770000000002256, 0, , , 3403.5770000000002256, 1, , , 3403.5770000000002256, 1, , , 3403.5770000000002256, 0
, , 3403.5819999999998799, 0, , , 3403.5819999999998799, 1, , , 3403.5819999999998799, 1, , , 3403.5819999999998799, 0
, , 3403.5869999999999891, 0, , , 3403.5869999999999891, 1, , , 3403.5869999999999891, 1, , , 3403.5869999999999891, 0
, , 3403.5920000000000982, 0, , , 3403.5920000000000982, 1, , , 3403.5920000000000982, 1, , , 3403.5920000000000982, 0
, , 3403.5970000000002074, 0, , , 3403.5970000000002074, 1, , , 3403.5970000000002074, 1, , , 3403.5970000000002074, 0
, , 3403.6019999999998618, 0, , , 3403.6019999999998618, 1, , , 3403.6019999999998618, 1, , , 3403.6019999999998618, 0
, , 3403.6069999999999709, 0, , , 3403.6069999999999709, 1, , , 3403.6069999999999709, 1, , , 3403.6069999999999709, 0
, , 3403.61200000000008, 0, , , 3403.61200000000008, 1, , , 3403.61200000000008, 1, , , 3403.61200000000008, 0
, , 3403.6170000000001892, 0, , , 3403.6170000000001892, 1, , , 3403.6170000000001892, 1, , , 3403.6170000000001892, 0
, , 3403.6230000000000473, 0, , , 3403.6230000000000473, 1, , , 3403.6230000000000473, 1, , , 3403.6230000000000473, 0
, , 3403.6269999999999527, 0, , , 3403.6269999999999527, 1, , , 3403.6269999999999527, 1, , , 3403.6269999999999527, 0
, , 3403.6329999999998108, 0, , , 3403.6329999999998108, 1, , , 3403.6329999999998108, 1, , , 3403.6329999999998108, 0
, , 3403.637000000000171, 0, , , 3403.637000000000171, 1, , , 3403.637000000000171, 1, , , 3403.637000000000171, 0
, , 3403.6419999999998254, 0, , , 3403.6419999999998254, 1, , , 3403.6419999999998254, 1, , , 3403.6419999999998254, 0
, , 3403.6469999999999345, 0, , , 3403.6469999999999345, 1, , , 3403.6469999999999345, 1, , , 3403.6469999999999345, 0
, , 3403.6509999999998399, 0, , , 3403.6509999999998399, 1, , , 3403.6509999999998399, 1, , , 3403.6509999999998399, 0
, , 3403.6570000000001528, 0, , , 3403.6570000000001528, 1, , , 3403.6570000000001528, 1, , , 3403.6570000000001528, 0
, , 3403.6619999999998072, 0, , , 3403.6619999999998072, 1, , , 3403.6619999999998072, 1, , , 3403.6619999999998072, 0
, , 3403.668999999999869, 0, , , 3403.668999999999869, 1, , , 3403.668999999999869, 1, , , 3403.668999999999869, 0
, , 3403.6720000000000255, 0, , , 3403.6720000000000255, 1, , , 3403.6720000000000255, 1, , , 3403.6720000000000255, 0
, , 3403.6779999999998836, 0, , , 3403.6779999999998836, 1, , , 3403.6779999999998836, 1, , , 3403.6779999999998836, 0
, , 3403.681999999999789, 0, , , 3403.681999999999789, 1, , , 3403.681999999999789, 1, , , 3403.681999999999789, 0
, , 3403.6880000000001019, 0, , , 3403.6880000000001019, 1, , , 3403.6880000000001019, 1, , , 3403.6880000000001019, 0
, , 3403.693000000000211, 0, , , 3403.693000000000211, 1, , , 3403.693000000000211, 1, , , 3403.693000000000211, 0
, , 3403.7010000000000218, 0, , , 3403.7010000000000218, 1, , , 3403.7010000000000218, 1, , , 3403.7010000000000218, 0
, , 3403.7029999999999745, 0, , , 3403.7029999999999745, 1, , , 3403.7029999999999745, 1, , , 3403.7029999999999745, 0
, , 3403.7080000000000837, 0, , , 3403.7080000000000837, 1, , , 3403.7080000000000837, 1, , , 3403.7080000000000837, 0
, , 3403.7130000000001928, 1, , , 3403.7130000000001928, 1, , , 3403.7130000000001928, 1, , , 3403.7130000000001928, 1
, , 3403.7179999999998472, 1, , , 3403.7179999999998472, 1, , , 3403.7179999999998472, 1, , , 3403.7179999999998472, 1
, , 3403.7229999999999563, 1, , , 3403.7229999999999563, 1, , , 3403.7229999999999563, 1, , , 3403.7229999999999563, 1
, , 3403.7269999999998618, 1, , , 3403.7269999999998618, 1, , , 3403.7269999999998618, 1, , , 3403.7269999999998618, 1
, , 3403.7319999999999709, 1, , , 3403.7319999999999709, 1, , , 3403.7319999999999709, 1, , , 3403.7319999999999709, 1
, , 3403.737999999999829, 1, , , 3403.737999999999829, 1, , , 3403.737999999999829, 1, , , 3403.737999999999829, 1
, , 3403.7429999999999382, 1, , , 3403.7429999999999382, 1, , , 3403.7429999999999382, 1, , , 3403.7429999999999382, 1
, , 3403.7469999999998436, 1, , , 3403.7469999999998436, 1, , , 3403.7469999999998436, 1, , , 3403.7469999999998436, 1
, , 3403.7530000000001564, 1, , , 3403.7530000000001564, 1, , , 3403.7530000000001564, 1, , , 3403.7530000000001564, 1
, , 3403.7570000000000618, 1, , , 3403.7570000000000618, 1, , , 3403.7570000000000618, 1, , , 3403.7570000000000618, 1
, , 3403.762000000000171, 1, , , 3403.762000000000171, 1, , , 3403.762000000000171, 1, , , 3403.762000000000171, 1
, , 3403.7680000000000291, 1, , , 3403.7680000000000291, 1, , , 3403.7680000000000291, 1, , , 3403.7680000000000291, 1
, , 3403.7719999999999345, 1, , , 3403.7719999999999345, 1, , , 3403.7719999999999345, 1, , , 3403.7719999999999345, 1
, , 3403.7779999999997926, 1, , , 3403.7779999999997926, 1, , , 3403.7779999999997926, 1, , , 3403.7779999999997926, 1
, , 3403.7820000000001528, 1, , , 3403.7820000000001528, 1, , , 3403.7820000000001528, 1, , , 3403.7820000000001528, 1
, , 3403.7869999999998072, 1, , , 3403.7869999999998072, 0, , , 3403.7869999999998072, 0, , , 3403.7869999999998072, 1
, , 3403.7910000000001673, 1, , , 3403.7910000000001673, 0, , , 3403.7910000000001673, 0, , , 3403.7910000000001673, 1
, , 3403.7979999999997744, 1, , , 3403.7979999999997744, 0, , , 3403.7979999999997744, 0, , , 3403.7979999999997744, 1
, , 3403.8020000000001346, 1, , , 3403.8020000000001346, 0, , , 3403.8020000000001346, 0, , , 3403.8020000000001346, 1
, , 3403.806999999999789, 1, , , 3403.806999999999789, 0, , , 3403.806999999999789, 0, , , 3403.806999999999789, 1
, , 3403.8119999999998981, 1, , , 3403.8119999999998981, 0, , , 3403.8119999999998981, 0, , , 3403.8119999999998981, 1
, , 3403.8170000000000073, 1, , , 3403.8170000000000073, 0, , , 3403.8170000000000073, 0, , , 3403.8170000000000073, 1
, , 3403.8220000000001164, 1, , , 3403.8220000000001164, 0, , , 3403.8220000000001164, 0, , , 3403.8220000000001164, 1
, , 3403.8270000000002256, 1, , , 3403.8270000000002256, 0, , , 3403.8270000000002256, 0, , , 3403.8270000000002256, 1
, , 3403.8319999999998799, 1, , , 3403.8319999999998799, 0, , , 3403.8319999999998799, 0, , , 3403.8319999999998799, 1
, , 3403.8369999999999891, 1, , , 3403.8369999999999891, 0, , , 3403.8369999999999891, 0, , , 3403.8369999999999891, 1
, , 3403.8429999999998472, 1, , , 3403.8429999999998472, 0, , , 3403.8429999999998472, 0, , , 3403.8429999999998472, 1
, , 3403.8470000000002074, 1, , , 3403.8470000000002074, 0, , , 3403.8470000000002074, 0, , , 3403.8470000000002074, 1
, , 3403.8519999999998618, 1, , , 3403.8519999999998618, 0, , , 3403.8519999999998618, 0, , , 3403.8519999999998618, 1
, , 3403.8569999999999709, 1, , , 3403.8569999999999709, 0, , , 3403.8569999999999709, 0, , , 3403.8569999999999709, 1
, , 3403.86200000000008, 1, , , 3403.86200000000008, 0, , , 3403.86200000000008, 0, , , 3403.86200000000008, 1
, , 3403.8679999999999382, 1, , , 3403.8679999999999382, 0, , , 3403.8679999999999382, 0, , , 3403.8679999999999382, 1
, , 3403.8719999999998436, 1, , , 3403.8719999999998436, 0, , , 3403.8719999999998436, 0, , , 3403.8719999999998436, 1
, , 3403.8769999999999527, 1, , , 3403.8769999999999527, 0, , , 3403.8769999999999527, 0, , , 3403.8769999999999527, 1
, , 3403.8829999999998108, 1, , , 3403.8829999999998108, 0, , , 3403.8829999999998108, 0, , , 3403.8829999999998108, 1
, , 3403.88799999999992, 1, , , 3403.88799999999992, 0, , , 3403.88799999999992, 0, , , 3403.88799999999992, 1
, , 3403.8919999999998254, 1, , , 3403.8919999999998254, 0, , , 3403.8919999999998254, 0, , , 3403.8919999999998254, 1
, , 3403.8969999999999345, 1, , , 3403.8969999999999345, 0, , , 3403.8969999999999345, 0, , , 3403.8969999999999345, 1
, , 3403.9020000000000437, 1, , , 3403.9020000000000437, 0, , , 3403.9020000000000437, 0, , , 3403.9020000000000437, 1
, , 3403.9059999999999491, 1, , , 3403.9059999999999491, 0, , , 3403.9059999999999491, 0, , , 3403.9059999999999491, 1
, , 3403.9119999999998072, 1, , , 3403.9119999999998072, 0, , , 3403.9119999999998072, 0, , , 3403.9119999999998072, 1
, , 3403.9169999999999163, 1, , , 3403.9169999999999163, 0, , , 3403.9169999999999163, 0, , , 3403.9169999999999163, 1
, , 3403.9220000000000255, 1, , , 3403.9220000000000255, 0, , , 3403.9220000000000255, 0, , , 3403.9220000000000255, 1
, , 3403.9270000000001346, 1, , , 3403.9270000000001346, 0, , , 3403.9270000000001346, 0, , , 3403.9270000000001346, 1
, , 3403.931999999999789, 1, , , 3403.931999999999789, 0, , , 3403.931999999999789, 0, , , 3403.931999999999789, 1
, , 3403.9389999999998508, 1, , , 3403.9389999999998508, 0, , , 3403.9389999999998508, 0, , , 3403.9389999999998508, 1
, , 3403.9420000000000073, 1, , , 3403.9420000000000073, 0, , , 3403.9420000000000073, 0, , , 3403.9420000000000073, 1
, , 3403.9470000000001164, 1, , , 3403.9470000000001164, 0, , , 3403.9470000000001164, 0, , , 3403.9470000000001164, 1
, , 3403.9520000000002256, 1, , , 3403.9520000000002256, 0, , , 3403.9520000000002256, 0, , , 3403.9520000000002256, 1
, , 3403.9569999999998799, 1, , , 3403.9569999999998799, 0, , , 3403.9569999999998799, 0, , , 3403.9569999999998799, 1
, , 3403.9619999999999891, 1, , , 3403.9619999999999891, 0, , , 3403.9619999999999891, 0, , , 3403.9619999999999891, 1
, , 3403.9670000000000982, 1, , , 3403.9670000000000982, 0, , , 3403.9670000000000982, 0, , , 3403.9670000000000982, 1
, , 3403.9720000000002074, 1, , , 3403.9720000000002074, 0, , , 3403.9720000000002074, 0, , , 3403.9720000000002074, 1
, , 3403.9769999999998618, 1, , , 3403.9769999999998618, 0, , , 3403.9769999999998618, 0, , , 3403.9769999999998618, 1
, , 3403.9819999999999709, 1, , , 3403.9819999999999709, 0, , , 3403.9819999999999709, 0, , , 3403.9819999999999709, 1
, , 3403.98700000000008, 1, , , 3403.98700000000008, 0, , , 3403.98700000000008, 0, , , 3403.98700000000008, 1
, , 3403.9920000000001892, 1, , , 3403.9920000000001892, 0, , , 3403.9920000000001892, 0, , , 3403.9920000000001892, 1
, , 3403.9969999999998436, 1, , , 3403.9969999999998436, 0, , , 3403.9969999999998436, 0, , , 3403.9969999999998436, 1
, , 3404.0019999999999527, 1, , , 3404.0019999999999527, 0, , , 3404.0019999999999527, 0, , , 3404.0019999999999527, 1
, , 3404.0070000000000618, 1, , , 3404.0070000000000618, 0, , , 3404.0070000000000618, 0, , , 3404.0070000000000618, 1
, , 3404.01299999999992, 1, , , 3404.01299999999992, 0, , , 3404.01299999999992, 0, , , 3404.01299999999992, 1
, , 3404.0180000000000291, 1, , , 3404.0180000000000291, 0, , , 3404.0180000000000291, 0, , , 3404.0180000000000291, 1
, , 3404.0219999999999345, 1, , , 3404.0219999999999345, 0, , , 3404.0219999999999345, 0, , , 3404.0219999999999345, 1
, , 3404.0270000000000437, 1, , , 3404.0270000000000437, 0, , , 3404.0270000000000437, 0, , , 3404.0270000000000437, 1
, , 3404.0320000000001528, 1, , , 3404.0320000000001528, 0, , , 3404.0320000000001528, 0, , , 3404.0320000000001528, 1
, , 3404.0390000000002146, 1, , , 3404.0390000000002146, 1, , , 3404.0390000000002146, 1, , , 3404.0390000000002146, 1
, , 3404.043999999999869, 1, , , 3404.043999999999869, 1, , , 3404.043999999999869, 1, , , 3404.043999999999869, 1
, , 3404.0479999999997744, 1, , , 3404.0479999999997744, 1, , , 3404.0479999999997744, 1, , , 3404.0479999999997744, 1
, , 3404.0520000000001346, 1, , , 3404.0520000000001346, 1, , , 3404.0520000000001346, 1, , , 3404.0520000000001346, 1
, , 3404.056999999999789, 1, , , 3404.056999999999789, 1, , , 3404.056999999999789, 1, , , 3404.056999999999789, 1
, , 3404.0619999999998981, 1, , , 3404.0619999999998981, 1, , , 3404.0619999999998981, 1, , , 3404.0619999999998981, 1
, , 3404.0670000000000073, 1, , , 3404.0670000000000073, 1, , , 3404.0670000000000073, 1, , , 3404.0670000000000073, 1
, , 3404.0720000000001164, 1, , , 3404.0720000000001164, 1, , , 3404.0720000000001164, 1, , , 3404.0720000000001164, 1
, , 3404.0770000000002256, 1, , , 3404.0770000000002256, 1, , , 3404.0770000000002256, 1, , , 3404.0770000000002256, 1
, , 3404.0819999999998799, 1, , , 3404.0819999999998799, 1, , , 3404.0819999999998799, 1, , , 3404.0819999999998799, 1
, , 3404.0869999999999891, 1, , , 3404.0869999999999891, 1, , , 3404.0869999999999891, 1, , , 3404.0869999999999891, 1
, , 3404.0920000000000982, 1, , , 3404.0920000000000982, 1, , , 3404.0920000000000982, 1, , , 3404.0920000000000982, 1
, , 3404.0970000000002074, 1, , , 3404.0970000000002074, 1, , , 3404.0970000000002074, 1, , , 3404.0970000000002074, 1
, , 3404.1019999999998618, 1, , , 3404.1019999999998618, 1, , , 3404.1019999999998618, 1, , , 3404.1019999999998618, 1
, , 3404.1069999999999709, 1, , , 3404.1069999999999709, 1, , , 3404.1069999999999709, 1, , , 3404.1069999999999709, 1
, , 3404.11200000000008, 0, , , 3404.11200000000008, 1, , , 3404.11200000000008, 1, , , 3404.11200000000008, 0
, , 3404.1170000000001892, 0, , , 3404.1170000000001892, 1, , , 3404.1170000000001892, 1, , , 3404.1170000000001892, 0
, , 3404.1219999999998436, 0, , , 3404.1219999999998436, 1, , , 3404.1219999999998436, 1, , , 3404.1219999999998436, 0
, , 3404.1280000000001564, 0, , , 3404.1280000000001564, 1, , , 3404.1280000000001564, 1, , , 3404.1280000000001564, 0
, , 3404.1320000000000618, 0, , , 3404.1320000000000618, 1, , , 3404.1320000000000618, 1, , , 3404.1320000000000618, 0
, , 3404.13799999999992, 0, , , 3404.13799999999992, 1, , , 3404.13799999999992, 1, , , 3404.13799999999992, 0
, , 3404.1419999999998254, 0, , , 3404.1419999999998254, 1, , , 3404.1419999999998254, 1, , , 3404.1419999999998254, 0
, , 3404.1469999999999345, 0, , , 3404.1469999999999345, 1, , , 3404.1469999999999345, 1, , , 3404.1469999999999345, 0
, , 3404.1529999999997926, 0, , , 3404.1529999999997926, 1, , , 3404.1529999999997926, 1, , , 3404.1529999999997926, 0
, , 3404.1570000000001528, 0, , , 3404.1570000000001528, 1, , , 3404.1570000000001528, 1, , , 3404.1570000000001528, 0
, , 3404.1619999999998072, 0, , , 3404.1619999999998072, 1, , , 3404.1619999999998072, 1, , , 3404.1619999999998072, 0
, , 3404.1669999999999163, 0, , , 3404.1669999999999163, 1, , , 3404.1669999999999163, 1, , , 3404.1669999999999163, 0
, , 3404.1750000000001819, 0, , , 3404.1750000000001819, 1, , , 3404.1750000000001819, 1, , , 3404.1750000000001819, 0
, , 3404.18100000000004, 0, , , 3404.18100000000004, 1, , , 3404.18100000000004, 1, , , 3404.18100000000004, 0
, , 3404.1829999999999927, 0, , , 3404.1829999999999927, 1, , , 3404.1829999999999927, 1, , , 3404.1829999999999927, 0
, , 3404.1869999999998981, 0, , , 3404.1869999999998981, 1, , , 3404.1869999999998981, 1, , , 3404.1869999999998981, 0
, , 3404.1950000000001637, 0, , , 3404.1950000000001637, 1, , , 3404.1950000000001637, 1, , , 3404.1950000000001637, 0
, , 3404.1959999999999127, 0, , , 3404.1959999999999127, 1, , , 3404.1959999999999127, 1, , , 3404.1959999999999127, 0
, , 3404.2020000000002256, 0, , , 3404.2020000000002256, 1, , , 3404.2020000000002256, 1, , , 3404.2020000000002256, 0
, , 3404.2069999999998799, 0, , , 3404.2069999999998799, 1, , , 3404.2069999999998799, 1, , , 3404.2069999999998799, 0
, , 3404.2119999999999891, 0, , , 3404.2119999999999891, 1, , , 3404.2119999999999891, 1, , , 3404.2119999999999891, 0
, , 3404.2179999999998472, 0, , , 3404.2179999999998472, 1, , , 3404.2179999999998472, 1, , , 3404.2179999999998472, 0
, , 3404.2199999999997999, 0, , , 3404.2199999999997999, 1, , , 3404.2199999999997999, 1, , , 3404.2199999999997999, 0
, , 3404.2269999999998618, 0, , , 3404.2269999999998618, 1, , , 3404.2269999999998618, 1, , , 3404.2269999999998618, 0
, , 3404.2319999999999709, 0, , , 3404.2319999999999709, 1, , , 3404.2319999999999709, 1, , , 3404.2319999999999709, 0
, , 3404.23700000000008, 0, , , 3404.23700000000008, 1, , , 3404.23700000000008, 1, , , 3404.23700000000008, 0
, , 3404.2429999999999382, 0, , , 3404.2429999999999382, 1, , , 3404.2429999999999382, 1, , , 3404.2429999999999382, 0
, , 3404.2469999999998436, 0, , , 3404.2469999999998436, 1, , , 3404.2469999999998436, 1, , , 3404.2469999999998436, 0
, , 3404.2510000000002037, 0, , , 3404.2510000000002037, 1, , , 3404.2510000000002037, 1, , , 3404.2510000000002037, 0
, , 3404.2579999999998108, 0, , , 3404.2579999999998108, 1, , , 3404.2579999999998108, 1, , , 3404.2579999999998108, 0
, , 3404.262000000000171, 0, , , 3404.262000000000171, 1, , , 3404.262000000000171, 1, , , 3404.262000000000171, 0
, , 3404.2680000000000291, 0, , , 3404.2680000000000291, 1, , , 3404.2680000000000291, 1, , , 3404.2680000000000291, 0
, , 3404.2719999999999345, 0, , , 3404.2719999999999345, 1, , , 3404.2719999999999345, 1, , , 3404.2719999999999345, 0
, , 3404.2779999999997926, 0, , , 3404.2779999999997926, 1, , , 3404.2779999999997926, 1, , , 3404.2779999999997926, 0
, , 3404.2820000000001528, 0, , , 3404.2820000000001528, 1, , , 3404.2820000000001528, 1, , , 3404.2820000000001528, 0
, , 3404.2869999999998072, 0, , , 3404.2869999999998072, 1, , , 3404.2869999999998072, 1, , , 3404.2869999999998072, 0
, , 3404.2919999999999163, 0, , , 3404.2919999999999163, 1, , , 3404.2919999999999163, 1, , , 3404.2919999999999163, 0
, , 3404.2979999999997744, 0, , , 3404.2979999999997744, 1, , , 3404.2979999999997744, 1, , , 3404.2979999999997744, 0
, , 3404.3020000000001346, 0, , , 3404.3020000000001346, 1, , , 3404.3020000000001346, 1, , , 3404.3020000000001346, 0
, , 3404.3079999999999927, 0, , , 3404.3079999999999927, 1, , , 3404.3079999999999927, 1, , , 3404.3079999999999927, 0
, , 3404.3119999999998981, 0, , , 3404.3119999999998981, 1, , , 3404.3119999999998981, 1, , , 3404.3119999999998981, 0
, , 3404.318000000000211, 0, , , 3404.318000000000211, 1, , , 3404.318000000000211, 1, , , 3404.318000000000211, 0
, , 3404.3220000000001164, 0, , , 3404.3220000000001164, 1, , , 3404.3220000000001164, 1, , , 3404.3220000000001164, 0
, , 3404.3270000000002256, 0, , , 3404.3270000000002256, 1, , , 3404.3270000000002256, 1, , , 3404.3270000000002256, 0
, , 3404.3319999999998799, 0, , , 3404.3319999999998799, 1, , , 3404.3319999999998799, 1, , , 3404.3319999999998799, 0
, , 3404.3369999999999891, 0, , , 3404.3369999999999891, 1, , , 3404.3369999999999891, 1, , , 3404.3369999999999891, 0
, , 3404.3420000000000982, 0, , , 3404.3420000000000982, 1, , , 3404.3420000000000982, 1, , , 3404.3420000000000982, 0
, , 3404.3470000000002074, 0, , , 3404.3470000000002074, 1, , , 3404.3470000000002074, 1, , , 3404.3470000000002074, 0
, , 3404.3519999999998618, 0, , , 3404.3519999999998618, 1, , , 3404.3519999999998618, 1, , , 3404.3519999999998618, 0
, , 3404.3580000000001746, 0, , , 3404.3580000000001746, 1, , , 3404.3580000000001746, 1, , , 3404.3580000000001746, 0
, , 3404.36200000000008, 1, , , 3404.36200000000008, 1, , , 3404.36200000000008, 1, , , 3404.36200000000008, 1
, , 3404.3670000000001892, 1, , , 3404.3670000000001892, 1, , , 3404.3670000000001892, 1, , , 3404.3670000000001892, 1
, , 3404.3719999999998436, 1, , , 3404.3719999999998436, 1, , , 3404.3719999999998436, 1, , , 3404.3719999999998436, 1
, , 3404.3769999999999527, 1, , , 3404.3769999999999527, 1, , , 3404.3769999999999527, 1, , , 3404.3769999999999527, 1
, , 3404.3820000000000618, 1, , , 3404.3820000000000618, 1, , , 3404.3820000000000618, 1, , , 3404.3820000000000618, 1
, , 3404.387000000000171, 1, , , 3404.387000000000171, 1, , , 3404.387000000000171, 1, , , 3404.387000000000171, 1
, , 3404.3919999999998254, 1, , , 3404.3919999999998254, 1, , , 3404.3919999999998254, 1, , , 3404.3919999999998254, 1
, , 3404.3969999999999345, 1, , , 3404.3969999999999345, 1, , , 3404.3969999999999345, 1, , , 3404.3969999999999345, 1
, , 3404.4020000000000437, 1, , , 3404.4020000000000437, 1, , , 3404.4020000000000437, 1, , , 3404.4020000000000437, 1
, , 3404.4070000000001528, 1, , , 3404.4070000000001528, 1, , , 3404.4070000000001528, 1, , , 3404.4070000000001528, 1
, , 3404.4110000000000582, 1, , , 3404.4110000000000582, 1, , , 3404.4110000000000582, 1, , , 3404.4110000000000582, 1
, , 3404.418999999999869, 1, , , 3404.418999999999869, 1, , , 3404.418999999999869, 1, , , 3404.418999999999869, 1
, , 3404.4220000000000255, 1, , , 3404.4220000000000255, 1, , , 3404.4220000000000255, 1, , , 3404.4220000000000255, 1
, , 3404.4270000000001346, 1, , , 3404.4270000000001346, 1, , , 3404.4270000000001346, 1, , , 3404.4270000000001346, 1
, , 3404.4329999999999927, 1, , , 3404.4329999999999927, 1, , , 3404.4329999999999927, 1, , , 3404.4329999999999927, 1
, , 3404.4369999999998981, 1, , , 3404.4369999999998981, 0, , , 3404.4369999999998981, 0, , , 3404.4369999999998981, 1
, , 3404.4420000000000073, 1, , , 3404.4420000000000073, 0, , , 3404.4420000000000073, 0, , , 3404.4420000000000073, 1
, , 3404.4479999999998654, 1, , , 3404.4479999999998654, 0, , , 3404.4479999999998654, 0, , , 3404.4479999999998654, 1
, , 3404.4529999999999745, 1, , , 3404.4529999999999745, 0, , , 3404.4529999999999745, 0, , , 3404.4529999999999745, 1
, , 3404.4569999999998799, 1, , , 3404.4569999999998799, 0, , , 3404.4569999999998799, 0, , , 3404.4569999999998799, 1
, , 3404.4639999999999418, 1, , , 3404.4639999999999418, 0, , , 3404.4639999999999418, 0, , , 3404.4639999999999418, 1
, , 3404.4670000000000982, 1, , , 3404.4670000000000982, 0, , , 3404.4670000000000982, 0, , , 3404.4670000000000982, 1
, , 3404.4720000000002074, 1, , , 3404.4720000000002074, 0, , , 3404.4720000000002074, 0, , , 3404.4720000000002074, 1
, , 3404.4769999999998618, 1, , , 3404.4769999999998618, 0, , , 3404.4769999999998618, 0, , , 3404.4769999999998618, 1
, , 3404.4819999999999709, 1, , , 3404.4819999999999709, 0, , , 3404.4819999999999709, 0, , , 3404.4819999999999709, 1
, , 3404.48700000000008, 1, , , 3404.48700000000008, 0, , , 3404.48700000000008, 0, , , 3404.48700000000008, 1
, , 3404.4920000000001892, 1, , , 3404.4920000000001892, 0, , , 3404.4920000000001892, 0, , , 3404.4920000000001892, 1
, , 3404.4969999999998436, 1, , , 3404.4969999999998436, 0, , , 3404.4969999999998436, 0, , , 3404.4969999999998436, 1
, , 3404.5019999999999527, 1, , , 3404.5019999999999527, 0, , , 3404.5019999999999527, 0, , , 3404.5019999999999527, 1
, , 3404.5079999999998108, 1, , , 3404.5079999999998108, 0, , , 3404.5079999999998108, 0, , , 3404.5079999999998108, 1
, , 3404.512000000000171, 1, , , 3404.512000000000171, 0, , , 3404.512000000000171, 0, , , 3404.512000000000171, 1
, , 3404.5169999999998254, 1, , , 3404.5169999999998254, 0, , , 3404.5169999999998254, 0, , , 3404.5169999999998254, 1
, , 3404.5219999999999345, 1, , , 3404.5219999999999345, 0, , , 3404.5219999999999345, 0, , , 3404.5219999999999345, 1
, , 3404.5270000000000437, 1, , , 3404.5270000000000437, 0, , , 3404.5270000000000437, 0, , , 3404.5270000000000437, 1
, , 3404.5320000000001528, 1, , , 3404.5320000000001528, 0, , , 3404.5320000000001528, 0, , , 3404.5320000000001528, 1
, , 3404.5369999999998072, 1, , , 3404.5369999999998072, 0, , , 3404.5369999999998072, 0, , , 3404.5369999999998072, 1
, , 3404.5419999999999163, 1, , , 3404.5419999999999163, 0, , , 3404.5419999999999163, 0, , , 3404.5419999999999163, 1
, , 3404.5470000000000255, 1, , , 3404.5470000000000255, 0, , , 3404.5470000000000255, 0, , , 3404.5470000000000255, 1
, , 3404.5520000000001346, 1, , , 3404.5520000000001346, 0, , , 3404.5520000000001346, 0, , , 3404.5520000000001346, 1
, , 3404.556999999999789, 1, , , 3404.556999999999789, 0, , , 3404.556999999999789, 0, , , 3404.556999999999789, 1
, , 3404.5619999999998981, 1, , , 3404.5619999999998981, 0, , , 3404.5619999999998981, 0, , , 3404.5619999999998981, 1
, , 3404.5670000000000073, 1, , , 3404.5670000000000073, 0, , , 3404.5670000000000073, 0, , , 3404.5670000000000073, 1
, , 3404.5729999999998654, 1, , , 3404.5729999999998654, 0, , , 3404.5729999999998654, 0, , , 3404.5729999999998654, 1
, , 3404.5770000000002256, 1, , , 3404.5770000000002256, 0, , , 3404.5770000000002256, 0, , , 3404.5770000000002256, 1
, , 3404.5819999999998799, 1, , , 3404.5819999999998799, 0, , , 3404.5819999999998799, 0, , , 3404.5819999999998799, 1
, , 3404.5869999999999891, 1, , , 3404.5869999999999891, 0, , , 3404.5869999999999891, 0, , , 3404.5869999999999891, 1
, , 3404.5929999999998472, 1, , , 3404.5929999999998472, 0, , , 3404.5929999999998472, 0, , , 3404.5929999999998472, 1
, , 3404.5960000000000036, 1, , , 3404.5960000000000036, 0, , , 3404.5960000000000036, 0, , , 3404.5960000000000036, 1
, , 3404.6019999999998618, 1, , , 3404.6019999999998618, 0, , , 3404.6019999999998618, 0, , , 3404.6019999999998618, 1
, , 3404.6080000000001746, 1, , , 3404.6080000000001746, 0, , , 3404.6080000000001746, 0, , , 3404.6080000000001746, 1
, , 3404.61200000000008, 1, , , 3404.61200000000008, 0, , , 3404.61200000000008, 0, , , 3404.61200000000008, 1
, , 3404.6170000000001892, 1, , , 3404.6170000000001892, 0, , , 3404.6170000000001892, 0, , , 3404.6170000000001892, 1
, , 3404.6230000000000473, 1, , , 3404.6230000000000473, 0, , , 3404.6230000000000473, 0, , , 3404.6230000000000473, 1
, , 3404.6269999999999527, 1, , , 3404.6269999999999527, 0, , , 3404.6269999999999527, 0, , , 3404.6269999999999527, 1
, , 3404.6309999999998581, 1, , , 3404.6309999999998581, 0, , , 3404.6309999999998581, 0, , , 3404.6309999999998581, 1
, , 3404.63799999999992, 1, , , 3404.63799999999992, 0, , , 3404.63799999999992, 0, , , 3404.63799999999992, 1
, , 3404.6449999999999818, 1, , , 3404.6449999999999818, 0, , , 3404.6449999999999818, 0, , , 3404.6449999999999818, 1
, , 3404.6460000000001855, 1, , , 3404.6460000000001855, 0, , , 3404.6460000000001855, 0, , , 3404.6460000000001855, 1
, , 3404.6520000000000437, 1, , , 3404.6520000000000437, 0, , , 3404.6520000000000437, 0, , , 3404.6520000000000437, 1
, , 3404.6570000000001528, 1, , , 3404.6570000000001528, 0, , , 3404.6570000000001528, 0, , , 3404.6570000000001528, 1
, , 3404.6649999999999636, 1, , , 3404.6649999999999636, 0, , , 3404.6649999999999636, 0, , , 3404.6649999999999636, 1
, , 3404.6669999999999163, 1, , , 3404.6669999999999163, 0, , , 3404.6669999999999163, 0, , , 3404.6669999999999163, 1
, , 3404.6720000000000255, 1, , , 3404.6720000000000255, 0, , , 3404.6720000000000255, 0, , , 3404.6720000000000255, 1
, , 3404.6770000000001346, 1, , , 3404.6770000000001346, 0, , , 3404.6770000000001346, 0, , , 3404.6770000000001346, 1
, , 3404.681999999999789, 1, , , 3404.681999999999789, 0, , , 3404.681999999999789, 0, , , 3404.681999999999789, 1
, , 3404.6880000000001019, 1, , , 3404.6880000000001019, 1, , , 3404.6880000000001019, 1, , , 3404.6880000000001019, 1
, , 3404.6920000000000073, 1, , , 3404.6920000000000073, 1, , , 3404.6920000000000073, 1, , , 3404.6920000000000073, 1
, , 3404.6970000000001164, 1, , , 3404.6970000000001164, 1, , , 3404.6970000000001164, 1, , , 3404.6970000000001164, 1
, , 3404.7029999999999745, 1, , , 3404.7029999999999745, 1, , , 3404.7029999999999745, 1, , , 3404.7029999999999745, 1
, , 3404.7069999999998799, 1, , , 3404.7069999999998799, 1, , , 3404.7069999999998799, 1, , , 3404.7069999999998799, 1
, , 3404.7119999999999891, 1, , , 3404.7119999999999891, 1, , , 3404.7119999999999891, 1, , , 3404.7119999999999891, 1
, , 3404.7179999999998472, 1, , , 3404.7179999999998472, 1, , , 3404.7179999999998472, 1, , , 3404.7179999999998472, 1
, , 3404.7220000000002074, 1, , , 3404.7220000000002074, 1, , , 3404.7220000000002074, 1, , , 3404.7220000000002074, 1
, , 3404.7269999999998618, 1, , , 3404.7269999999998618, 1, , , 3404.7269999999998618, 1, , , 3404.7269999999998618, 1
, , 3404.7319999999999709, 1, , , 3404.7319999999999709, 1, , , 3404.7319999999999709, 1, , , 3404.7319999999999709, 1
, , 3404.7359999999998763, 1, , , 3404.7359999999998763, 1, , , 3404.7359999999998763, 1, , , 3404.7359999999998763, 1
, , 3404.7420000000001892, 1, , , 3404.7420000000001892, 1, , , 3404.7420000000001892, 1, , , 3404.7420000000001892, 1
, , 3404.7469999999998436, 1, , , 3404.7469999999998436, 1, , , 3404.7469999999998436, 1, , , 3404.7469999999998436, 1
, , 3404.7519999999999527, 1, , , 3404.7519999999999527, 1, , , 3404.7519999999999527, 1, , , 3404.7519999999999527, 1
, , 3404.7570000000000618, 1, , , 3404.7570000000000618, 1, , , 3404.7570000000000618, 1, , , 3404.7570000000000618, 1
, , 3404.76299999999992, 0, , , 3404.76299999999992, 1, , , 3404.76299999999992, 1, , , 3404.76299999999992, 0
, , 3404.7669999999998254, 0, , , 3404.7669999999998254, 1, , , 3404.7669999999998254, 1, , , 3404.7669999999998254, 0
, , 3404.7719999999999345, 0, , , 3404.7719999999999345, 1, , , 3404.7719999999999345, 1, , , 3404.7719999999999345, 0
, , 3404.7770000000000437, 0, , , 3404.7770000000000437, 1, , , 3404.7770000000000437, 1, , , 3404.7770000000000437, 0
, , 3404.7829999999999018, 0, , , 3404.7829999999999018, 1, , , 3404.7829999999999018, 1, , , 3404.7829999999999018, 0
, , 3404.7880000000000109, 0, , , 3404.7880000000000109, 1, , , 3404.7880000000000109, 1, , , 3404.7880000000000109, 0
, , 3404.7930000000001201, 0, , , 3404.7930000000001201, 1, , , 3404.7930000000001201, 1, , , 3404.7930000000001201, 0
, , 3404.7970000000000255, 0, , , 3404.7970000000000255, 1, , , 3404.7970000000000255, 1, , , 3404.7970000000000255, 0
, , 3404.8020000000001346, 0, , , 3404.8020000000001346, 1, , , 3404.8020000000001346, 1, , , 3404.8020000000001346, 0
, , 3404.8079999999999927, 0, , , 3404.8079999999999927, 1, , , 3404.8079999999999927, 1, , , 3404.8079999999999927, 0
, , 3404.8119999999998981, 0, , , 3404.8119999999998981, 1, , , 3404.8119999999998981, 1, , , 3404.8119999999998981, 0
, , 3404.8170000000000073, 0, , , 3404.8170000000000073, 1, , , 3404.8170000000000073, 1, , , 3404.8170000000000073, 0
, , 3404.8220000000001164, 0, , , 3404.8220000000001164, 1, , , 3404.8220000000001164, 1, , , 3404.8220000000001164, 0
, , 3404.8279999999999745, 0, , , 3404.8279999999999745, 1, , , 3404.8279999999999745, 1, , , 3404.8279999999999745, 0
, , 3404.8319999999998799, 0, , , 3404.8319999999998799, 1, , , 3404.8319999999998799, 1, , , 3404.8319999999998799, 0
, , 3404.8389999999999418, 0, , , 3404.8389999999999418, 1, , , 3404.8389999999999418, 1, , , 3404.8389999999999418, 0
, , 3404.8429999999998472, 0, , , 3404.8429999999998472, 1, , , 3404.8429999999998472, 1, , , 3404.8429999999998472, 0
, , 3404.8479999999999563, 0, , , 3404.8479999999999563, 1, , , 3404.8479999999999563, 1, , , 3404.8479999999999563, 0
, , 3404.8519999999998618, 0, , , 3404.8519999999998618, 1, , , 3404.8519999999998618, 1, , , 3404.8519999999998618, 0
, , 3404.8569999999999709, 0, , , 3404.8569999999999709, 1, , , 3404.8569999999999709, 1, , , 3404.8569999999999709, 0
, , 3404.8609999999998763, 0, , , 3404.8609999999998763, 1, , , 3404.8609999999998763, 1, , , 3404.8609999999998763, 0
, , 3404.8670000000001892, 0, , , 3404.8670000000001892, 1, , , 3404.8670000000001892, 1, , , 3404.8670000000001892, 0
, , 3404.8719999999998436, 0, , , 3404.8719999999998436, 1, , , 3404.8719999999998436, 1, , , 3404.8719999999998436, 0
, , 3404.8780000000001564, 0, , , 3404.8780000000001564, 1, , , 3404.8780000000001564, 1, , , 3404.8780000000001564, 0
, , 3404.8820000000000618, 0, , , 3404.8820000000000618, 1, , , 3404.8820000000000618, 1, , , 3404.8820000000000618, 0
, , 3404.88799999999992, 0, , , 3404.88799999999992, 1, , , 3404.88799999999992, 1, , , 3404.88799999999992, 0
, , 3404.8919999999998254, 0, , , 3404.8919999999998254, 1, , , 3404.8919999999998254, 1, , , 3404.8919999999998254, 0
, , 3404.8969999999999345, 0, , , 3404.8969999999999345, 1, , , 3404.8969999999999345, 1, , , 3404.8969999999999345, 0
, , 3404.9020000000000437, 0, , , 3404.9020000000000437, 1, , , 3404.9020000000000437, 1, , , 3404.9020000000000437, 0
, , 3404.9070000000001528, 0, , , 3404.9070000000001528, 1, , , 3404.9070000000001528, 1, , , 3404.9070000000001528, 0
, , 3404.9119999999998072, 0, , , 3404.9119999999998072, 1, , , 3404.9119999999998072, 1, , , 3404.9119999999998072, 0
, , 3404.9169999999999163, 0, , , 3404.9169999999999163, 1, , , 3404.9169999999999163, 1, , , 3404.9169999999999163, 0
, , 3404.9220000000000255, 0, , , 3404.9220000000000255, 1, , , 3404.9220000000000255, 1, , , 3404.9220000000000255, 0
, , 3404.9270000000001346, 0, , , 3404.9270000000001346, 1, , , 3404.9270000000001346, 1, , , 3404.9270000000001346, 0
, , 3404.931999999999789, 0, , , 3404.931999999999789, 1, , , 3404.931999999999789, 1, , , 3404.931999999999789, 0
, , 3404.9369999999998981, 0, , , 3404.9369999999998981, 1, , , 3404.9369999999998981, 1, , , 3404.9369999999998981, 0
, , 3404.9420000000000073, 0, , , 3404.9420000000000073, 1, , , 3404.9420000000000073, 1, , , 3404.9420000000000073, 0
, , 3404.9470000000001164, 0, , , 3404.9470000000001164, 1, , , 3404.9470000000001164, 1, , , 3404.9470000000001164, 0
, , 3404.9510000000000218, 0, , , 3404.9510000000000218, 1, , , 3404.9510000000000218, 1, , , 3404.9510000000000218, 0
, , 3404.9569999999998799, 0, , , 3404.9569999999998799, 1, , , 3404.9569999999998799, 1, , , 3404.9569999999998799, 0
, , 3404.9619999999999891, 0, , , 3404.9619999999999891, 1, , , 3404.9619999999999891, 1, , , 3404.9619999999999891, 0
, , 3404.9670000000000982, 0, , , 3404.9670000000000982, 1, , , 3404.9670000000000982, 1, , , 3404.9670000000000982, 0
, , 3404.9729999999999563, 0, , , 3404.9729999999999563, 1, , , 3404.9729999999999563, 1, , , 3404.9729999999999563, 0
, , 3404.9769999999998618, 0, , , 3404.9769999999998618, 1, , , 3404.9769999999998618, 1, , , 3404.9769999999998618, 0
, , 3404.9819999999999709, 0, , , 3404.9819999999999709, 1, , , 3404.9819999999999709, 1, , , 3404.9819999999999709, 0
, , 3404.98700000000008, 0, , , 3404.98700000000008, 1, , , 3404.98700000000008, 1, , , 3404.98700000000008, 0
, , 3404.9920000000001892, 0, , , 3404.9920000000001892, 1, , , 3404.9920000000001892, 1, , , 3404.9920000000001892, 0
, , 3404.9969999999998436, 0, , , 3404.9969999999998436, 1, , , 3404.9969999999998436, 1, , , 3404.9969999999998436, 0
, , 3405.0019999999999527, 0, , , 3405.0019999999999527, 1, , , 3405.0019999999999527, 1, , , 3405.0019999999999527, 0
, , 3405.0070000000000618, 0, , , 3405.0070000000000618, 1, , , 3405.0070000000000618, 1, , , 3405.0070000000000618, 0
, , 3405.012000000000171, 0, , , 3405.012000000000171, 1, , , 3405.012000000000171, 1, , , 3405.012000000000171, 0
, , 3405.0180000000000291, 1, , , 3405.0180000000000291, 1, , , 3405.0180000000000291, 1, , , 3405.0180000000000291, 1
, , 3405.0219999999999345, 1, , , 3405.0219999999999345, 1, , , 3405.0219999999999345, 1, , , 3405.0219999999999345, 1
, , 3405.0270000000000437, 1, , , 3405.0270000000000437, 1, , , 3405.0270000000000437, 1, , , 3405.0270000000000437, 1
, , 3405.0329999999999018, 1, , , 3405.0329999999999018, 1, , , 3405.0329999999999018, 1, , , 3405.0329999999999018, 1
, , 3405.0360000000000582, 1, , , 3405.0360000000000582, 1, , , 3405.0360000000000582, 1, , , 3405.0360000000000582, 1
, , 3405.0419999999999163, 1, , , 3405.0419999999999163, 1, , , 3405.0419999999999163, 1, , , 3405.0419999999999163, 1
, , 3405.0470000000000255, 1, , , 3405.0470000000000255, 1, , , 3405.0470000000000255, 1, , , 3405.0470000000000255, 1
, , 3405.0520000000001346, 1, , , 3405.0520000000001346, 1, , , 3405.0520000000001346, 1, , , 3405.0520000000001346, 1
, , 3405.0579999999999927, 1, , , 3405.0579999999999927, 1, , , 3405.0579999999999927, 1, , , 3405.0579999999999927, 1
, , 3405.0619999999998981, 1, , , 3405.0619999999998981, 1, , , 3405.0619999999998981, 1, , , 3405.0619999999998981, 1
, , 3405.068000000000211, 1, , , 3405.068000000000211, 1, , , 3405.068000000000211, 1, , , 3405.068000000000211, 1
, , 3405.0720000000001164, 1, , , 3405.0720000000001164, 1, , , 3405.0720000000001164, 1, , , 3405.0720000000001164, 1
, , 3405.0770000000002256, 1, , , 3405.0770000000002256, 1, , , 3405.0770000000002256, 1, , , 3405.0770000000002256, 1
, , 3405.0819999999998799, 1, , , 3405.0819999999998799, 1, , , 3405.0819999999998799, 1, , , 3405.0819999999998799, 1
, , 3405.0880000000001928, 1, , , 3405.0880000000001928, 0, , , 3405.0880000000001928, 0, , , 3405.0880000000001928, 1
, , 3405.0929999999998472, 1, , , 3405.0929999999998472, 0, , , 3405.0929999999998472, 0, , , 3405.0929999999998472, 1
, , 3405.0970000000002074, 1, , , 3405.0970000000002074, 0, , , 3405.0970000000002074, 0, , , 3405.0970000000002074, 1
, , 3405.1019999999998618, 1, , , 3405.1019999999998618, 0, , , 3405.1019999999998618, 0, , , 3405.1019999999998618, 1
, , 3405.1069999999999709, 1, , , 3405.1069999999999709, 0, , , 3405.1069999999999709, 0, , , 3405.1069999999999709, 1
, , 3405.11200000000008, 1, , , 3405.11200000000008, 0, , , 3405.11200000000008, 0, , , 3405.11200000000008, 1
, , 3405.1170000000001892, 1, , , 3405.1170000000001892, 0, , , 3405.1170000000001892, 0, , , 3405.1170000000001892, 1
, , 3405.1219999999998436, 1, , , 3405.1219999999998436, 0, , , 3405.1219999999998436, 0, , , 3405.1219999999998436, 1
, , 3405.1280000000001564, 1, , , 3405.1280000000001564, 0, , , 3405.1280000000001564, 0, , , 3405.1280000000001564, 1
, , 3405.1320000000000618, 1, , , 3405.1320000000000618, 0, , , 3405.1320000000000618, 0, , , 3405.1320000000000618, 1
, , 3405.137000000000171, 1, , , 3405.137000000000171, 0, , , 3405.137000000000171, 0, , , 3405.137000000000171, 1
, , 3405.1419999999998254, 1, , , 3405.1419999999998254, 0, , , 3405.1419999999998254, 0, , , 3405.1419999999998254, 1
, , 3405.1469999999999345, 1, , , 3405.1469999999999345, 0, , , 3405.1469999999999345, 0, , , 3405.1469999999999345, 1
, , 3405.1520000000000437, 1, , , 3405.1520000000000437, 0, , , 3405.1520000000000437, 0, , , 3405.1520000000000437, 1
, , 3405.1570000000001528, 1, , , 3405.1570000000001528, 0, , , 3405.1570000000001528, 0, , , 3405.1570000000001528, 1
, , 3405.1619999999998072, 1, , , 3405.1619999999998072, 0, , , 3405.1619999999998072, 0, , , 3405.1619999999998072, 1
, , 3405.1669999999999163, 1, , , 3405.1669999999999163, 0, , , 3405.1669999999999163, 0, , , 3405.1669999999999163, 1
, , 3405.1729999999997744, 1, , , 3405.1729999999997744, 0, , , 3405.1729999999997744, 0, , , 3405.1729999999997744, 1
, , 3405.1770000000001346, 1, , , 3405.1770000000001346, 0, , , 3405.1770000000001346, 0, , , 3405.1770000000001346, 1
, , 3405.181999999999789, 1, , , 3405.181999999999789, 0, , , 3405.181999999999789, 0, , , 3405.181999999999789, 1
, , 3405.1869999999998981, 1, , , 3405.1869999999998981, 0, , , 3405.1869999999998981, 0, , , 3405.1869999999998981, 1
, , 3405.193000000000211, 1, , , 3405.193000000000211, 0, , , 3405.193000000000211, 0, , , 3405.193000000000211, 1
, , 3405.1970000000001164, 1, , , 3405.1970000000001164, 0, , , 3405.1970000000001164, 0, , , 3405.1970000000001164, 1
, , 3405.2020000000002256, 1, , , 3405.2020000000002256, 0, , , 3405.2020000000002256, 0, , , 3405.2020000000002256, 1
, , 3405.2069999999998799, 1, , , 3405.2069999999998799, 0, , , 3405.2069999999998799, 0, , , 3405.2069999999998799, 1
, , 3405.2119999999999891, 1, , , 3405.2119999999999891, 0, , , 3405.2119999999999891, 0, , , 3405.2119999999999891, 1
, , 3405.2170000000000982, 1, , , 3405.2170000000000982, 0, , , 3405.2170000000000982, 0, , , 3405.2170000000000982, 1
, , 3405.2220000000002074, 1, , , 3405.2220000000002074, 0, , , 3405.2220000000002074, 0, , , 3405.2220000000002074, 1
, , 3405.2269999999998618, 1, , , 3405.2269999999998618, 0, , , 3405.2269999999998618, 0, , , 3405.2269999999998618, 1
, , 3405.2330000000001746, 1, , , 3405.2330000000001746, 0, , , 3405.2330000000001746, 0, , , 3405.2330000000001746, 1
, , 3405.2359999999998763, 1, , , 3405.2359999999998763, 0, , , 3405.2359999999998763, 0, , , 3405.2359999999998763, 1
, , 3405.2429999999999382, 1, , , 3405.2429999999999382, 0, , , 3405.2429999999999382, 0, , , 3405.2429999999999382, 1
, , 3405.2469999999998436, 1, , , 3405.2469999999998436, 0, , , 3405.2469999999998436, 0, , , 3405.2469999999998436, 1
, , 3405.2519999999999527, 1, , , 3405.2519999999999527, 0, , , 3405.2519999999999527, 0, , , 3405.2519999999999527, 1
, , 3405.2570000000000618, 1, , , 3405.2570000000000618, 0, , , 3405.2570000000000618, 0, , , 3405.2570000000000618, 1
, , 3405.262000000000171, 1, , , 3405.262000000000171, 0, , , 3405.262000000000171, 0, , , 3405.262000000000171, 1
, , 3405.2669999999998254, 1, , , 3405.2669999999998254, 0, , , 3405.2669999999998254, 0, , , 3405.2669999999998254, 1
, , 3405.2730000000001382, 1, , , 3405.2730000000001382, 0, , , 3405.2730000000001382, 0, , , 3405.2730000000001382, 1
, , 3405.2770000000000437, 1, , , 3405.2770000000000437, 0, , , 3405.2770000000000437, 0, , , 3405.2770000000000437, 1
, , 3405.2829999999999018, 1, , , 3405.2829999999999018, 0, , , 3405.2829999999999018, 0, , , 3405.2829999999999018, 1
, , 3405.2869999999998072, 1, , , 3405.2869999999998072, 0, , , 3405.2869999999998072, 0, , , 3405.2869999999998072, 1
, , 3405.2919999999999163, 1, , , 3405.2919999999999163, 0, , , 3405.2919999999999163, 0, , , 3405.2919999999999163, 1
, , 3405.2970000000000255, 1, , , 3405.2970000000000255, 0, , , 3405.2970000000000255, 0, , , 3405.2970000000000255, 1
, , 3405.3020000000001346, 1, , , 3405.3020000000001346, 0, , , 3405.3020000000001346, 0, , , 3405.3020000000001346, 1
, , 3405.306999999999789, 1, , , 3405.306999999999789, 0, , , 3405.306999999999789, 0, , , 3405.306999999999789, 1
, , 3405.3119999999998981, 1, , , 3405.3119999999998981, 0, , , 3405.3119999999998981, 0, , , 3405.3119999999998981, 1
, , 3405.3170000000000073, 1, , , 3405.3170000000000073, 0, , , 3405.3170000000000073, 0, , , 3405.3170000000000073, 1
, , 3405.3220000000001164, 1, , , 3405.3220000000001164, 0, , , 3405.3220000000001164, 0, , , 3405.3220000000001164, 1
, , 3405.3270000000002256, 1, , , 3405.3270000000002256, 0, , , 3405.3270000000002256, 0, , , 3405.3270000000002256, 1
, , 3405.3319999999998799, 1, , , 3405.3319999999998799, 0, , , 3405.3319999999998799, 0, , , 3405.3319999999998799, 1
, , 3405.3369999999999891, 1, , , 3405.3369999999999891, 0, , , 3405.3369999999999891, 0, , , 3405.3369999999999891, 1
, , 3405.3440000000000509, 1, , , 3405.3440000000000509, 1, , , 3405.3440000000000509, 1, , , 3405.3440000000000509, 1
, , 3405.3479999999999563, 1, , , 3405.3479999999999563, 1, , , 3405.3479999999999563, 1, , , 3405.3479999999999563, 1
, , 3405.3519999999998618, 1, , , 3405.3519999999998618, 1, , , 3405.3519999999998618, 1, , , 3405.3519999999998618, 1
, , 3405.3569999999999709, 1, , , 3405.3569999999999709, 1, , , 3405.3569999999999709, 1, , , 3405.3569999999999709, 1
, , 3405.36200000000008, 1, , , 3405.36200000000008, 1, , , 3405.36200000000008, 1, , , 3405.36200000000008, 1
, , 3405.3670000000001892, 1, , , 3405.3670000000001892, 1, , , 3405.3670000000001892, 1, , , 3405.3670000000001892, 1
, , 3405.3710000000000946, 1, , , 3405.3710000000000946, 1, , , 3405.3710000000000946, 1, , , 3405.3710000000000946, 1
, , 3405.3769999999999527, 1, , , 3405.3769999999999527, 1, , , 3405.3769999999999527, 1, , , 3405.3769999999999527, 1
, , 3405.3820000000000618, 1, , , 3405.3820000000000618, 1, , , 3405.3820000000000618, 1, , , 3405.3820000000000618, 1
, , 3405.387000000000171, 1, , , 3405.387000000000171, 1, , , 3405.387000000000171, 1, , , 3405.387000000000171, 1
, , 3405.3930000000000291, 1, , , 3405.3930000000000291, 1, , , 3405.3930000000000291, 1, , , 3405.3930000000000291, 1
, , 3405.3969999999999345, 1, , , 3405.3969999999999345, 1, , , 3405.3969999999999345, 1, , , 3405.3969999999999345, 1
, , 3405.4050000000002001, 1, , , 3405.4050000000002001, 1, , , 3405.4050000000002001, 1, , , 3405.4050000000002001, 1
, , 3405.4070000000001528, 1, , , 3405.4070000000001528, 1, , , 3405.4070000000001528, 1, , , 3405.4070000000001528, 1
, , 3405.4119999999998072, 1, , , 3405.4119999999998072, 1, , , 3405.4119999999998072, 1, , , 3405.4119999999998072, 1
, , 3405.4180000000001201, 0, , , 3405.4180000000001201, 1, , , 3405.4180000000001201, 1, , , 3405.4180000000001201, 0
, , 3405.4220000000000255, 0, , , 3405.4220000000000255, 1, , , 3405.4220000000000255, 1, , , 3405.4220000000000255, 0
, , 3405.4270000000001346, 0, , , 3405.4270000000001346, 1, , , 3405.4270000000001346, 1, , , 3405.4270000000001346, 0
, , 3405.431999999999789, 0, , , 3405.431999999999789, 1, , , 3405.431999999999789, 1, , , 3405.431999999999789, 0
, , 3405.4380000000001019, 0, , , 3405.4380000000001019, 1, , , 3405.4380000000001019, 1, , , 3405.4380000000001019, 0
, , 3405.443000000000211, 0, , , 3405.443000000000211, 1, , , 3405.443000000000211, 1, , , 3405.443000000000211, 0
, , 3405.4479999999998654, 0, , , 3405.4479999999998654, 1, , , 3405.4479999999998654, 1, , , 3405.4479999999998654, 0
, , 3405.4510000000000218, 0, , , 3405.4510000000000218, 1, , , 3405.4510000000000218, 1, , , 3405.4510000000000218, 0
, , 3405.4569999999998799, 0, , , 3405.4569999999998799, 1, , , 3405.4569999999998799, 1, , , 3405.4569999999998799, 0
, , 3405.4619999999999891, 0, , , 3405.4619999999999891, 1, , , 3405.4619999999999891, 1, , , 3405.4619999999999891, 0
, , 3405.4670000000000982, 0, , , 3405.4670000000000982, 1, , , 3405.4670000000000982, 1, , , 3405.4670000000000982, 0
, , 3405.4729999999999563, 0, , , 3405.4729999999999563, 1, , , 3405.4729999999999563, 1, , , 3405.4729999999999563, 0
, , 3405.4780000000000655, 0, , , 3405.4780000000000655, 1, , , 3405.4780000000000655, 1, , , 3405.4780000000000655, 0
, , 3405.4819999999999709, 0, , , 3405.4819999999999709, 1, , , 3405.4819999999999709, 1, , , 3405.4819999999999709, 0
, , 3405.48700000000008, 0, , , 3405.48700000000008, 1, , , 3405.48700000000008, 1, , , 3405.48700000000008, 0
, , 3405.4920000000001892, 0, , , 3405.4920000000001892, 1, , , 3405.4920000000001892, 1, , , 3405.4920000000001892, 0
, , 3405.4969999999998436, 0, , , 3405.4969999999998436, 1, , , 3405.4969999999998436, 1, , , 3405.4969999999998436, 0
, , 3405.5010000000002037, 0, , , 3405.5010000000002037, 1, , , 3405.5010000000002037, 1, , , 3405.5010000000002037, 0
, , 3405.5070000000000618, 0, , , 3405.5070000000000618, 1, , , 3405.5070000000000618, 1, , , 3405.5070000000000618, 0
, , 3405.512000000000171, 0, , , 3405.512000000000171, 1, , , 3405.512000000000171, 1, , , 3405.512000000000171, 0
, , 3405.5169999999998254, 0, , , 3405.5169999999998254, 1, , , 3405.5169999999998254, 1, , , 3405.5169999999998254, 0
, , 3405.5219999999999345, 0, , , 3405.5219999999999345, 1, , , 3405.5219999999999345, 1, , , 3405.5219999999999345, 0
, , 3405.5270000000000437, 0, , , 3405.5270000000000437, 1, , , 3405.5270000000000437, 1, , , 3405.5270000000000437, 0
, , 3405.5320000000001528, 0, , , 3405.5320000000001528, 1, , , 3405.5320000000001528, 1, , , 3405.5320000000001528, 0
, , 3405.5369999999998072, 0, , , 3405.5369999999998072, 1, , , 3405.5369999999998072, 1, , , 3405.5369999999998072, 0
, , 3405.5419999999999163, 0, , , 3405.5419999999999163, 1, , , 3405.5419999999999163, 1, , , 3405.5419999999999163, 0
, , 3405.5470000000000255, 0, , , 3405.5470000000000255, 1, , , 3405.5470000000000255, 1, , , 3405.5470000000000255, 0
, , 3405.5509999999999309, 0, , , 3405.5509999999999309, 1, , , 3405.5509999999999309, 1, , , 3405.5509999999999309, 0
, , 3405.55600000000004, 0, , , 3405.55600000000004, 1, , , 3405.55600000000004, 1, , , 3405.55600000000004, 0
, , 3405.5619999999998981, 0, , , 3405.5619999999998981, 1, , , 3405.5619999999998981, 1, , , 3405.5619999999998981, 0
, , 3405.5659999999998035, 0, , , 3405.5659999999998035, 1, , , 3405.5659999999998035, 1, , , 3405.5659999999998035, 0
, , 3405.5720000000001164, 0, , , 3405.5720000000001164, 1, , , 3405.5720000000001164, 1, , , 3405.5720000000001164, 0
, , 3405.5790000000001783, 0, , , 3405.5790000000001783, 1, , , 3405.5790000000001783, 1, , , 3405.5790000000001783, 0
, , 3405.5819999999998799, 0, , , 3405.5819999999998799, 1, , , 3405.5819999999998799, 1, , , 3405.5819999999998799, 0
, , 3405.5869999999999891, 0, , , 3405.5869999999999891, 1, , , 3405.5869999999999891, 1, , , 3405.5869999999999891, 0
, , 3405.5920000000000982, 0, , , 3405.5920000000000982, 1, , , 3405.5920000000000982, 1, , , 3405.5920000000000982, 0
, , 3405.5970000000002074, 0, , , 3405.5970000000002074, 1, , , 3405.5970000000002074, 1, , , 3405.5970000000002074, 0
, , 3405.6019999999998618, 0, , , 3405.6019999999998618, 1, , , 3405.6019999999998618, 1, , , 3405.6019999999998618, 0
, , 3405.6080000000001746, 0, , , 3405.6080000000001746, 1, , , 3405.6080000000001746, 1, , , 3405.6080000000001746, 0
, , 3405.612999999999829, 0, , , 3405.612999999999829, 1, , , 3405.612999999999829, 1, , , 3405.612999999999829, 0
, , 3405.6179999999999382, 0, , , 3405.6179999999999382, 1, , , 3405.6179999999999382, 1, , , 3405.6179999999999382, 0
, , 3405.6219999999998436, 0, , , 3405.6219999999998436, 1, , , 3405.6219999999998436, 1, , , 3405.6219999999998436, 0
, , 3405.6269999999999527, 0, , , 3405.6269999999999527, 1, , , 3405.6269999999999527, 1, , , 3405.6269999999999527, 0
, , 3405.6320000000000618, 0, , , 3405.6320000000000618, 1, , , 3405.6320000000000618, 1, , , 3405.6320000000000618, 0
, , 3405.637000000000171, 0, , , 3405.637000000000171, 1, , , 3405.637000000000171, 1, , , 3405.637000000000171, 0
, , 3405.6419999999998254, 0, , , 3405.6419999999998254, 1, , , 3405.6419999999998254, 1, , , 3405.6419999999998254, 0
, , 3405.6469999999999345, 0, , , 3405.6469999999999345, 1, , , 3405.6469999999999345, 1, , , 3405.6469999999999345, 0
, , 3405.6520000000000437, 0, , , 3405.6520000000000437, 1, , , 3405.6520000000000437, 1, , , 3405.6520000000000437, 0
, , 3405.6579999999999018, 0, , , 3405.6579999999999018, 1, , , 3405.6579999999999018, 1, , , 3405.6579999999999018, 0
, , 3405.6619999999998072, 0, , , 3405.6619999999998072, 1, , , 3405.6619999999998072, 1, , , 3405.6619999999998072, 0
, , 3405.6669999999999163, 1, , , 3405.6669999999999163, 1, , , 3405.6669999999999163, 1, , , 3405.6669999999999163, 1
, , 3405.6720000000000255, 1, , , 3405.6720000000000255, 1, , , 3405.6720000000000255, 1, , , 3405.6720000000000255, 1
, , 3405.6770000000001346, 1, , , 3405.6770000000001346, 1, , , 3405.6770000000001346, 1, , , 3405.6770000000001346, 1
, , 3405.6829999999999927, 1, , , 3405.6829999999999927, 1, , , 3405.6829999999999927, 1, , , 3405.6829999999999927, 1
, , 3405.6880000000001019, 1, , , 3405.6880000000001019, 1, , , 3405.6880000000001019, 1, , , 3405.6880000000001019, 1
, , 3405.6920000000000073, 1, , , 3405.6920000000000073, 1, , , 3405.6920000000000073, 1, , , 3405.6920000000000073, 1
, , 3405.6970000000001164, 1, , , 3405.6970000000001164, 1, , , 3405.6970000000001164, 1, , , 3405.6970000000001164, 1
, , 3405.7029999999999745, 1, , , 3405.7029999999999745, 1, , , 3405.7029999999999745, 1, , , 3405.7029999999999745, 1
, , 3405.7069999999998799, 1, , , 3405.7069999999998799, 1, , , 3405.7069999999998799, 1, , , 3405.7069999999998799, 1
, , 3405.7119999999999891, 1, , , 3405.7119999999999891, 1, , , 3405.7119999999999891, 1, , , 3405.7119999999999891, 1
, , 3405.7170000000000982, 1, , , 3405.7170000000000982, 1, , , 3405.7170000000000982, 1, , , 3405.7170000000000982, 1
, , 3405.7220000000002074, 1, , , 3405.7220000000002074, 1, , , 3405.7220000000002074, 1, , , 3405.7220000000002074, 1
, , 3405.7280000000000655, 1, , , 3405.7280000000000655, 1, , , 3405.7280000000000655, 1, , , 3405.7280000000000655, 1
, , 3405.7339999999999236, 1, , , 3405.7339999999999236, 1, , , 3405.7339999999999236, 1, , , 3405.7339999999999236, 1
, , 3405.73700000000008, 1, , , 3405.73700000000008, 1, , , 3405.73700000000008, 1, , , 3405.73700000000008, 1
, , 3405.7420000000001892, 1, , , 3405.7420000000001892, 0, , , 3405.7420000000001892, 0, , , 3405.7420000000001892, 1
, , 3405.75, 1, , , 3405.75, 0, , , 3405.75, 0, , , 3405.75, 1
, , 3405.7519999999999527, 1, , , 3405.7519999999999527, 0, , , 3405.7519999999999527, 0, , , 3405.7519999999999527, 1
, , 3405.7570000000000618, 1, , , 3405.7570000000000618, 0, , , 3405.7570000000000618, 0, , , 3405.7570000000000618, 1
, , 3405.762000000000171, 1, , , 3405.762000000000171, 0, , , 3405.762000000000171, 0, , , 3405.762000000000171, 1
, , 3405.7669999999998254, 1, , , 3405.7669999999998254, 0, , , 3405.7669999999998254, 0, , , 3405.7669999999998254, 1
, , 3405.7719999999999345, 1, , , 3405.7719999999999345, 0, , , 3405.7719999999999345, 0, , , 3405.7719999999999345, 1
, , 3405.7789999999999964, 1, , , 3405.7789999999999964, 0, , , 3405.7789999999999964, 0, , , 3405.7789999999999964, 1
, , 3405.7840000000001055, 1, , , 3405.7840000000001055, 0, , , 3405.7840000000001055, 0, , , 3405.7840000000001055, 1
, , 3405.7869999999998072, 1, , , 3405.7869999999998072, 0, , , 3405.7869999999998072, 0, , , 3405.7869999999998072, 1
, , 3405.7930000000001201, 1, , , 3405.7930000000001201, 0, , , 3405.7930000000001201, 0, , , 3405.7930000000001201, 1
, , 3405.7970000000000255, 1, , , 3405.7970000000000255, 0, , , 3405.7970000000000255, 0, , , 3405.7970000000000255, 1
, , 3405.8020000000001346, 1, , , 3405.8020000000001346, 0, , , 3405.8020000000001346, 0, , , 3405.8020000000001346, 1
, , 3405.806999999999789, 1, , , 3405.806999999999789, 0, , , 3405.806999999999789, 0, , , 3405.806999999999789, 1
, , 3405.8119999999998981, 1, , , 3405.8119999999998981, 0, , , 3405.8119999999998981, 0, , , 3405.8119999999998981, 1
, , 3405.8170000000000073, 1, , , 3405.8170000000000073, 0, , , 3405.8170000000000073, 0, , , 3405.8170000000000073, 1
, , 3405.8220000000001164, 1, , , 3405.8220000000001164, 0, , , 3405.8220000000001164, 0, , , 3405.8220000000001164, 1
, , 3405.8270000000002256, 1, , , 3405.8270000000002256, 0, , , 3405.8270000000002256, 0, , , 3405.8270000000002256, 1
, , 3405.8319999999998799, 1, , , 3405.8319999999998799, 0, , , 3405.8319999999998799, 0, , , 3405.8319999999998799, 1
, , 3405.8369999999999891, 1, , , 3405.8369999999999891, 0, , , 3405.8369999999999891, 0, , , 3405.8369999999999891, 1
, , 3405.8429999999998472, 1, , , 3405.8429999999998472, 0, , , 3405.8429999999998472, 0, , , 3405.8429999999998472, 1
, , 3405.8470000000002074, 1, , , 3405.8470000000002074, 0, , , 3405.8470000000002074, 0, , , 3405.8470000000002074, 1
, , 3405.8519999999998618, 1, , , 3405.8519999999998618, 0, , , 3405.8519999999998618, 0, , , 3405.8519999999998618, 1
, , 3405.8569999999999709, 1, , , 3405.8569999999999709, 0, , , 3405.8569999999999709, 0, , , 3405.8569999999999709, 1
, , 3405.86200000000008, 1, , , 3405.86200000000008, 0, , , 3405.86200000000008, 0, , , 3405.86200000000008, 1
, , 3405.8670000000001892, 1, , , 3405.8670000000001892, 0, , , 3405.8670000000001892, 0, , , 3405.8670000000001892, 1
, , 3405.8719999999998436, 1, , , 3405.8719999999998436, 0, , , 3405.8719999999998436, 0, , , 3405.8719999999998436, 1
, , 3405.8769999999999527, 1, , , 3405.8769999999999527, 0, , , 3405.8769999999999527, 0, , , 3405.8769999999999527, 1
, , 3405.8820000000000618, 1, , , 3405.8820000000000618, 0, , , 3405.8820000000000618, 0, , , 3405.8820000000000618, 1
, , 3405.887000000000171, 1, , , 3405.887000000000171, 0, , , 3405.887000000000171, 0, , , 3405.887000000000171, 1
, , 3405.8919999999998254, 1, , , 3405.8919999999998254, 0, , , 3405.8919999999998254, 0, , , 3405.8919999999998254, 1
, , 3405.8969999999999345, 1, , , 3405.8969999999999345, 0, , , 3405.8969999999999345, 0, , , 3405.8969999999999345, 1
, , 3405.9020000000000437, 1, , , 3405.9020000000000437, 0, , , 3405.9020000000000437, 0, , , 3405.9020000000000437, 1
, , 3405.9079999999999018, 1, , , 3405.9079999999999018, 0, , , 3405.9079999999999018, 0, , , 3405.9079999999999018, 1
, , 3405.9119999999998072, 1, , , 3405.9119999999998072, 0, , , 3405.9119999999998072, 0, , , 3405.9119999999998072, 1
, , 3405.9169999999999163, 1, , , 3405.9169999999999163, 0, , , 3405.9169999999999163, 0, , , 3405.9169999999999163, 1
, , 3405.9220000000000255, 1, , , 3405.9220000000000255, 0, , , 3405.9220000000000255, 0, , , 3405.9220000000000255, 1
, , 3405.9270000000001346, 1, , , 3405.9270000000001346, 0, , , 3405.9270000000001346, 0, , , 3405.9270000000001346, 1
, , 3405.9329999999999927, 1, , , 3405.9329999999999927, 0, , , 3405.9329999999999927, 0, , , 3405.9329999999999927, 1
, , 3405.9369999999998981, 1, , , 3405.9369999999998981, 0, , , 3405.9369999999998981, 0, , , 3405.9369999999998981, 1
, , 3405.943000000000211, 1, , , 3405.943000000000211, 0, , , 3405.943000000000211, 0, , , 3405.943000000000211, 1
, , 3405.9479999999998654, 1, , , 3405.9479999999998654, 0, , , 3405.9479999999998654, 0, , , 3405.9479999999998654, 1
, , 3405.9520000000002256, 1, , , 3405.9520000000002256, 0, , , 3405.9520000000002256, 0, , , 3405.9520000000002256, 1
, , 3405.9569999999998799, 1, , , 3405.9569999999998799, 0, , , 3405.9569999999998799, 0, , , 3405.9569999999998799, 1
, , 3405.9619999999999891, 1, , , 3405.9619999999999891, 0, , , 3405.9619999999999891, 0, , , 3405.9619999999999891, 1
, , 3405.9670000000000982, 1, , , 3405.9670000000000982, 0, , , 3405.9670000000000982, 0, , , 3405.9670000000000982, 1
, , 3405.9720000000002074, 1, , , 3405.9720000000002074, 0, , , 3405.9720000000002074, 0, , , 3405.9720000000002074, 1
, , 3405.9769999999998618, 1, , , 3405.9769999999998618, 0, , , 3405.9769999999998618, 0, , , 3405.9769999999998618, 1
, , 3405.9819999999999709, 1, , , 3405.9819999999999709, 0, , , 3405.9819999999999709, 0, , , 3405.9819999999999709, 1
, , 3405.98700000000008, 1, , , 3405.98700000000008, 0, , , 3405.98700000000008, 0, , , 3405.98700000000008, 1
, , 3405.9929999999999382, 1, , , 3405.9929999999999382, 1, , , 3405.9929999999999382, 1, , , 3405.9929999999999382, 1
, , 3405.9969999999998436, 1, , , 3405.9969999999998436, 1, , , 3405.9969999999998436, 1, , , 3405.9969999999998436, 1
, , 3406.0030000000001564, 1, , , 3406.0030000000001564, 1, , , 3406.0030000000001564, 1, , , 3406.0030000000001564, 1
, , 3406.0070000000000618, 1, , , 3406.0070000000000618, 1, , , 3406.0070000000000618, 1, , , 3406.0070000000000618, 1
, , 3406.012000000000171, 1, , , 3406.012000000000171, 1, , , 3406.012000000000171, 1, , , 3406.012000000000171, 1
, , 3406.0169999999998254, 1, , , 3406.0169999999998254, 1, , , 3406.0169999999998254, 1, , , 3406.0169999999998254, 1
, , 3406.0219999999999345, 1, , , 3406.0219999999999345, 1, , , 3406.0219999999999345, 1, , , 3406.0219999999999345, 1
, , 3406.0270000000000437, 1, , , 3406.0270000000000437, 1, , , 3406.0270000000000437, 1, , , 3406.0270000000000437, 1
, , 3406.0329999999999018, 1, , , 3406.0329999999999018, 1, , , 3406.0329999999999018, 1, , , 3406.0329999999999018, 1
, , 3406.0369999999998072, 1, , , 3406.0369999999998072, 1, , , 3406.0369999999998072, 1, , , 3406.0369999999998072, 1
, , 3406.0430000000001201, 1, , , 3406.0430000000001201, 1, , , 3406.0430000000001201, 1, , , 3406.0430000000001201, 1
, , 3406.0470000000000255, 1, , , 3406.0470000000000255, 1, , , 3406.0470000000000255, 1, , , 3406.0470000000000255, 1
, , 3406.0520000000001346, 1, , , 3406.0520000000001346, 1, , , 3406.0520000000001346, 1, , , 3406.0520000000001346, 1
, , 3406.056999999999789, 1, , , 3406.056999999999789, 1, , , 3406.056999999999789, 1, , , 3406.056999999999789, 1
, , 3406.0619999999998981, 1, , , 3406.0619999999998981, 1, , , 3406.0619999999998981, 1, , , 3406.0619999999998981, 1
, , 3406.0670000000000073, 0, , , 3406.0670000000000073, 1, , , 3406.0670000000000073, 1, , , 3406.0670000000000073, 0
, , 3406.0760000000000218, 0, , , 3406.0760000000000218, 1, , , 3406.0760000000000218, 1, , , 3406.0760000000000218, 0
, , 3406.0770000000002256, 0, , , 3406.0770000000002256, 1, , , 3406.0770000000002256, 1, , , 3406.0770000000002256, 0
, , 3406.0819999999998799, 0, , , 3406.0819999999998799, 1, , , 3406.0819999999998799, 1, , , 3406.0819999999998799, 0
, , 3406.0869999999999891, 0, , , 3406.0869999999999891, 1, , , 3406.0869999999999891, 1, , , 3406.0869999999999891, 0
, , 3406.0920000000000982, 0, , , 3406.0920000000000982, 1, , , 3406.0920000000000982, 1, , , 3406.0920000000000982, 0
, , 3406.0970000000002074, 0, , , 3406.0970000000002074, 1, , , 3406.0970000000002074, 1, , , 3406.0970000000002074, 0
, , 3406.1019999999998618, 0, , , 3406.1019999999998618, 1, , , 3406.1019999999998618, 1, , , 3406.1019999999998618, 0
, , 3406.1080000000001746, 0, , , 3406.1080000000001746, 1, , , 3406.1080000000001746, 1, , , 3406.1080000000001746, 0
, , 3406.112999999999829, 0, , , 3406.112999999999829, 1, , , 3406.112999999999829, 1, , , 3406.112999999999829, 0
, , 3406.1170000000001892, 0, , , 3406.1170000000001892, 1, , , 3406.1170000000001892, 1, , , 3406.1170000000001892, 0
, , 3406.1230000000000473, 0, , , 3406.1230000000000473, 1, , , 3406.1230000000000473, 1, , , 3406.1230000000000473, 0
, , 3406.1289999999999054, 0, , , 3406.1289999999999054, 1, , , 3406.1289999999999054, 1, , , 3406.1289999999999054, 0
, , 3406.1329999999998108, 0, , , 3406.1329999999998108, 1, , , 3406.1329999999998108, 1, , , 3406.1329999999998108, 0
, , 3406.137000000000171, 0, , , 3406.137000000000171, 1, , , 3406.137000000000171, 1, , , 3406.137000000000171, 0
, , 3406.1419999999998254, 0, , , 3406.1419999999998254, 1, , , 3406.1419999999998254, 1, , , 3406.1419999999998254, 0
, , 3406.1469999999999345, 0, , , 3406.1469999999999345, 1, , , 3406.1469999999999345, 1, , , 3406.1469999999999345, 0
, , 3406.1520000000000437, 0, , , 3406.1520000000000437, 1, , , 3406.1520000000000437, 1, , , 3406.1520000000000437, 0
, , 3406.1579999999999018, 0, , , 3406.1579999999999018, 1, , , 3406.1579999999999018, 1, , , 3406.1579999999999018, 0
, , 3406.1619999999998072, 0, , , 3406.1619999999998072, 1, , , 3406.1619999999998072, 1, , , 3406.1619999999998072, 0
, , 3406.1669999999999163, 0, , , 3406.1669999999999163, 1, , , 3406.1669999999999163, 1, , , 3406.1669999999999163, 0
, , 3406.1720000000000255, 0, , , 3406.1720000000000255, 1, , , 3406.1720000000000255, 1, , , 3406.1720000000000255, 0
, , 3406.1770000000001346, 0, , , 3406.1770000000001346, 1, , , 3406.1770000000001346, 1, , , 3406.1770000000001346, 0
, , 3406.181999999999789, 0, , , 3406.181999999999789, 1, , , 3406.181999999999789, 1, , , 3406.181999999999789, 0
, , 3406.1869999999998981, 0, , , 3406.1869999999998981, 1, , , 3406.1869999999998981, 1, , , 3406.1869999999998981, 0
, , 3406.1920000000000073, 0, , , 3406.1920000000000073, 1, , , 3406.1920000000000073, 1, , , 3406.1920000000000073, 0
, , 3406.1959999999999127, 0, , , 3406.1959999999999127, 1, , , 3406.1959999999999127, 1, , , 3406.1959999999999127, 0
, , 3406.2020000000002256, 0, , , 3406.2020000000002256, 1, , , 3406.2020000000002256, 1, , , 3406.2020000000002256, 0
, , 3406.2069999999998799, 0, , , 3406.2069999999998799, 1, , , 3406.2069999999998799, 1, , , 3406.2069999999998799, 0
, , 3406.2119999999999891, 0, , , 3406.2119999999999891, 1, , , 3406.2119999999999891, 1, , , 3406.2119999999999891, 0
, , 3406.2170000000000982, 0, , , 3406.2170000000000982, 1, , , 3406.2170000000000982, 1, , , 3406.2170000000000982, 0
, , 3406.2220000000002074, 0, , , 3406.2220000000002074, 1, , , 3406.2220000000002074, 1, , , 3406.2220000000002074, 0
, , 3406.2269999999998618, 0, , , 3406.2269999999998618, 1, , , 3406.2269999999998618, 1, , , 3406.2269999999998618, 0
, , 3406.2319999999999709, 0, , , 3406.2319999999999709, 1, , , 3406.2319999999999709, 1, , , 3406.2319999999999709, 0
, , 3406.23700000000008, 0, , , 3406.23700000000008, 1, , , 3406.23700000000008, 1, , , 3406.23700000000008, 0
, , 3406.2420000000001892, 0, , , 3406.2420000000001892, 1, , , 3406.2420000000001892, 1, , , 3406.2420000000001892, 0
, , 3406.2460000000000946, 0, , , 3406.2460000000000946, 1, , , 3406.2460000000000946, 1, , , 3406.2460000000000946, 0
, , 3406.2510000000002037, 0, , , 3406.2510000000002037, 1, , , 3406.2510000000002037, 1, , , 3406.2510000000002037, 0
, , 3406.2559999999998581, 0, , , 3406.2559999999998581, 1, , , 3406.2559999999998581, 1, , , 3406.2559999999998581, 0
, , 3406.26299999999992, 0, , , 3406.26299999999992, 1, , , 3406.26299999999992, 1, , , 3406.26299999999992, 0
, , 3406.2669999999998254, 0, , , 3406.2669999999998254, 1, , , 3406.2669999999998254, 1, , , 3406.2669999999998254, 0
, , 3406.2719999999999345, 0, , , 3406.2719999999999345, 1, , , 3406.2719999999999345, 1, , , 3406.2719999999999345, 0
, , 3406.2770000000000437, 0, , , 3406.2770000000000437, 1, , , 3406.2770000000000437, 1, , , 3406.2770000000000437, 0
, , 3406.2829999999999018, 0, , , 3406.2829999999999018, 1, , , 3406.2829999999999018, 1, , , 3406.2829999999999018, 0
, , 3406.2869999999998072, 0, , , 3406.2869999999998072, 1, , , 3406.2869999999998072, 1, , , 3406.2869999999998072, 0
, , 3406.2950000000000728, 0, , , 3406.2950000000000728, 1, , , 3406.2950000000000728, 1, , , 3406.2950000000000728, 0
, , 3406.2970000000000255, 0, , , 3406.2970000000000255, 1, , , 3406.2970000000000255, 1, , , 3406.2970000000000255, 0
, , 3406.3020000000001346, 0, , , 3406.3020000000001346, 1, , , 3406.3020000000001346, 1, , , 3406.3020000000001346, 0
, , 3406.306999999999789, 0, , , 3406.306999999999789, 1, , , 3406.306999999999789, 1, , , 3406.306999999999789, 0
, , 3406.3130000000001019, 0, , , 3406.3130000000001019, 1, , , 3406.3130000000001019, 1, , , 3406.3130000000001019, 0
, , 3406.3170000000000073, 1, , , 3406.3170000000000073, 1, , , 3406.3170000000000073, 1, , , 3406.3170000000000073, 1
, , 3406.3220000000001164, 1, , , 3406.3220000000001164, 1, , , 3406.3220000000001164, 1, , , 3406.3220000000001164, 1
, , 3406.3270000000002256, 1, , , 3406.3270000000002256, 1, , , 3406.3270000000002256, 1, , , 3406.3270000000002256, 1
, , 3406.3330000000000837, 1, , , 3406.3330000000000837, 1, , , 3406.3330000000000837, 1, , , 3406.3330000000000837, 1
, , 3406.3369999999999891, 1, , , 3406.3369999999999891, 1, , , 3406.3369999999999891, 1, , , 3406.3369999999999891, 1
, , 3406.3420000000000982, 1, , , 3406.3420000000000982, 1, , , 3406.3420000000000982, 1, , , 3406.3420000000000982, 1
, , 3406.3479999999999563, 1, , , 3406.3479999999999563, 1, , , 3406.3479999999999563, 1, , , 3406.3479999999999563, 1
, , 3406.3530000000000655, 1, , , 3406.3530000000000655, 1, , , 3406.3530000000000655, 1, , , 3406.3530000000000655, 1
, , 3406.3580000000001746, 1, , , 3406.3580000000001746, 1, , , 3406.3580000000001746, 1, , , 3406.3580000000001746, 1
, , 3406.36200000000008, 1, , , 3406.36200000000008, 1, , , 3406.36200000000008, 1, , , 3406.36200000000008, 1
, , 3406.3679999999999382, 1, , , 3406.3679999999999382, 1, , , 3406.3679999999999382, 1, , , 3406.3679999999999382, 1
, , 3406.3730000000000473, 1, , , 3406.3730000000000473, 1, , , 3406.3730000000000473, 1, , , 3406.3730000000000473, 1
, , 3406.3769999999999527, 1, , , 3406.3769999999999527, 1, , , 3406.3769999999999527, 1, , , 3406.3769999999999527, 1
, , 3406.3820000000000618, 1, , , 3406.3820000000000618, 1, , , 3406.3820000000000618, 1, , , 3406.3820000000000618, 1
, , 3406.387000000000171, 1, , , 3406.387000000000171, 1, , , 3406.387000000000171, 1, , , 3406.387000000000171, 1
, , 3406.3930000000000291, 1, , , 3406.3930000000000291, 0, , , 3406.3930000000000291, 0, , , 3406.3930000000000291, 1
, , 3406.3969999999999345, 1, , , 3406.3969999999999345, 0, , , 3406.3969999999999345, 0, , , 3406.3969999999999345, 1
, , 3406.4020000000000437, 1, , , 3406.4020000000000437, 0, , , 3406.4020000000000437, 0, , , 3406.4020000000000437, 1
, , 3406.4079999999999018, 1, , , 3406.4079999999999018, 0, , , 3406.4079999999999018, 0, , , 3406.4079999999999018, 1
, , 3406.4119999999998072, 1, , , 3406.4119999999998072, 0, , , 3406.4119999999998072, 0, , , 3406.4119999999998072, 1
, , 3406.4180000000001201, 1, , , 3406.4180000000001201, 0, , , 3406.4180000000001201, 0, , , 3406.4180000000001201, 1
, , 3406.4220000000000255, 1, , , 3406.4220000000000255, 0, , , 3406.4220000000000255, 0, , , 3406.4220000000000255, 1
, , 3406.4270000000001346, 1, , , 3406.4270000000001346, 0, , , 3406.4270000000001346, 0, , , 3406.4270000000001346, 1
, , 3406.431999999999789, 1, , , 3406.431999999999789, 0, , , 3406.431999999999789, 0, , , 3406.431999999999789, 1
, , 3406.4369999999998981, 1, , , 3406.4369999999998981, 0, , , 3406.4369999999998981, 0, , , 3406.4369999999998981, 1
, , 3406.4420000000000073, 1, , , 3406.4420000000000073, 0, , , 3406.4420000000000073, 0, , , 3406.4420000000000073, 1
, , 3406.4470000000001164, 1, , , 3406.4470000000001164, 0, , , 3406.4470000000001164, 0, , , 3406.4470000000001164, 1
, , 3406.4520000000002256, 1, , , 3406.4520000000002256, 0, , , 3406.4520000000002256, 0, , , 3406.4520000000002256, 1
, , 3406.4569999999998799, 1, , , 3406.4569999999998799, 0, , , 3406.4569999999998799, 0, , , 3406.4569999999998799, 1
, , 3406.4619999999999891, 1, , , 3406.4619999999999891, 0, , , 3406.4619999999999891, 0, , , 3406.4619999999999891, 1
, , 3406.4670000000000982, 1, , , 3406.4670000000000982, 0, , , 3406.4670000000000982, 0, , , 3406.4670000000000982, 1
, , 3406.4720000000002074, 1, , , 3406.4720000000002074, 0, , , 3406.4720000000002074, 0, , , 3406.4720000000002074, 1
, , 3406.4810000000002219, 1, , , 3406.4810000000002219, 0, , , 3406.4810000000002219, 0, , , 3406.4810000000002219, 1
, , 3406.4810000000002219, 1, , , 3406.4810000000002219, 0, , , 3406.4810000000002219, 0, , , 3406.4810000000002219, 1
, , 3406.48700000000008, 1, , , 3406.48700000000008, 0, , , 3406.48700000000008, 0, , , 3406.48700000000008, 1
, , 3406.4920000000001892, 1, , , 3406.4920000000001892, 0, , , 3406.4920000000001892, 0, , , 3406.4920000000001892, 1
, , 3406.4980000000000473, 1, , , 3406.4980000000000473, 0, , , 3406.4980000000000473, 0, , , 3406.4980000000000473, 1
, , 3406.5030000000001564, 1, , , 3406.5030000000001564, 0, , , 3406.5030000000001564, 0, , , 3406.5030000000001564, 1
, , 3406.5070000000000618, 1, , , 3406.5070000000000618, 0, , , 3406.5070000000000618, 0, , , 3406.5070000000000618, 1
, , 3406.512000000000171, 1, , , 3406.512000000000171, 0, , , 3406.512000000000171, 0, , , 3406.512000000000171, 1
, , 3406.5180000000000291, 1, , , 3406.5180000000000291, 0, , , 3406.5180000000000291, 0, , , 3406.5180000000000291, 1
, , 3406.5219999999999345, 1, , , 3406.5219999999999345, 0, , , 3406.5219999999999345, 0, , , 3406.5219999999999345, 1
, , 3406.5279999999997926, 1, , , 3406.5279999999997926, 0, , , 3406.5279999999997926, 0, , , 3406.5279999999997926, 1
, , 3406.5320000000001528, 1, , , 3406.5320000000001528, 0, , , 3406.5320000000001528, 0, , , 3406.5320000000001528, 1
, , 3406.5380000000000109, 1, , , 3406.5380000000000109, 0, , , 3406.5380000000000109, 0, , , 3406.5380000000000109, 1
, , 3406.5419999999999163, 1, , , 3406.5419999999999163, 0, , , 3406.5419999999999163, 0, , , 3406.5419999999999163, 1
, , 3406.5470000000000255, 1, , , 3406.5470000000000255, 0, , , 3406.5470000000000255, 0, , , 3406.5470000000000255, 1
, , 3406.5529999999998836, 1, , , 3406.5529999999998836, 0, , , 3406.5529999999998836, 0, , , 3406.5529999999998836, 1
, , 3406.5579999999999927, 1, , , 3406.5579999999999927, 0, , , 3406.5579999999999927, 0, , , 3406.5579999999999927, 1
, , 3406.5630000000001019, 1, , , 3406.5630000000001019, 0, , , 3406.5630000000001019, 0, , , 3406.5630000000001019, 1
, , 3406.568000000000211, 1, , , 3406.568000000000211, 0, , , 3406.568000000000211, 0, , , 3406.568000000000211, 1
, , 3406.5740000000000691, 1, , , 3406.5740000000000691, 0, , , 3406.5740000000000691, 0, , , 3406.5740000000000691, 1
, , 3406.5779999999999745, 1, , , 3406.5779999999999745, 0, , , 3406.5779999999999745, 0, , , 3406.5779999999999745, 1
, , 3406.5830000000000837, 1, , , 3406.5830000000000837, 0, , , 3406.5830000000000837, 0, , , 3406.5830000000000837, 1
, , 3406.5880000000001928, 1, , , 3406.5880000000001928, 0, , , 3406.5880000000001928, 0, , , 3406.5880000000001928, 1
, , 3406.5929999999998472, 1, , , 3406.5929999999998472, 0, , , 3406.5929999999998472, 0, , , 3406.5929999999998472, 1
, , 3406.5970000000002074, 1, , , 3406.5970000000002074, 0, , , 3406.5970000000002074, 0, , , 3406.5970000000002074, 1
, , 3406.6019999999998618, 1, , , 3406.6019999999998618, 0, , , 3406.6019999999998618, 0, , , 3406.6019999999998618, 1
, , 3406.6080000000001746, 1, , , 3406.6080000000001746, 0, , , 3406.6080000000001746, 0, , , 3406.6080000000001746, 1
, , 3406.61200000000008, 1, , , 3406.61200000000008, 0, , , 3406.61200000000008, 0, , , 3406.61200000000008, 1
, , 3406.6190000000001419, 1, , , 3406.6190000000001419, 0, , , 3406.6190000000001419, 0, , , 3406.6190000000001419, 1
, , 3406.6219999999998436, 1, , , 3406.6219999999998436, 0, , , 3406.6219999999998436, 0, , , 3406.6219999999998436, 1
, , 3406.6280000000001564, 1, , , 3406.6280000000001564, 0, , , 3406.6280000000001564, 0, , , 3406.6280000000001564, 1
, , 3406.6329999999998108, 1, , , 3406.6329999999998108, 0, , , 3406.6329999999998108, 0, , , 3406.6329999999998108, 1
, , 3406.637000000000171, 1, , , 3406.637000000000171, 0, , , 3406.637000000000171, 0, , , 3406.637000000000171, 1
, , 3406.6419999999998254, 1, , , 3406.6419999999998254, 1, , , 3406.6419999999998254, 1, , , 3406.6419999999998254, 1
, , 3406.6469999999999345, 1, , , 3406.6469999999999345, 1, , , 3406.6469999999999345, 1, , , 3406.6469999999999345, 1
, , 3406.6520000000000437, 1, , , 3406.6520000000000437, 1, , , 3406.6520000000000437, 1, , , 3406.6520000000000437, 1
, , 3406.6570000000001528, 1, , , 3406.6570000000001528, 1, , , 3406.6570000000001528, 1, , , 3406.6570000000001528, 1
, , 3406.6619999999998072, 1, , , 3406.6619999999998072, 1, , , 3406.6619999999998072, 1, , , 3406.6619999999998072, 1
, , 3406.6669999999999163, 1, , , 3406.6669999999999163, 1, , , 3406.6669999999999163, 1, , , 3406.6669999999999163, 1
, , 3406.6739999999999782, 1, , , 3406.6739999999999782, 1, , , 3406.6739999999999782, 1, , , 3406.6739999999999782, 1
, , 3406.6779999999998836, 1, , , 3406.6779999999998836, 1, , , 3406.6779999999998836, 1, , , 3406.6779999999998836, 1
, , 3406.681999999999789, 1, , , 3406.681999999999789, 1, , , 3406.681999999999789, 1, , , 3406.681999999999789, 1
, , 3406.6880000000001019, 1, , , 3406.6880000000001019, 1, , , 3406.6880000000001019, 1, , , 3406.6880000000001019, 1
, , 3406.6909999999998035, 1, , , 3406.6909999999998035, 1, , , 3406.6909999999998035, 1, , , 3406.6909999999998035, 1
, , 3406.6970000000001164, 1, , , 3406.6970000000001164, 1, , , 3406.6970000000001164, 1, , , 3406.6970000000001164, 1
, , 3406.7020000000002256, 1, , , 3406.7020000000002256, 1, , , 3406.7020000000002256, 1, , , 3406.7020000000002256, 1
, , 3406.7069999999998799, 1, , , 3406.7069999999998799, 1, , , 3406.7069999999998799, 1, , , 3406.7069999999998799, 1
, , 3406.7119999999999891, 1, , , 3406.7119999999999891, 1, , , 3406.7119999999999891, 1, , , 3406.7119999999999891, 1
, , 3406.7170000000000982, 0, , , 3406.7170000000000982, 1, , , 3406.7170000000000982, 1, , , 3406.7170000000000982, 0
, , 3406.7220000000002074, 0, , , 3406.7220000000002074, 1, , , 3406.7220000000002074, 1, , , 3406.7220000000002074, 0
, , 3406.7269999999998618, 0, , , 3406.7269999999998618, 1, , , 3406.7269999999998618, 1, , , 3406.7269999999998618, 0
, , 3406.7330000000001746, 0, , , 3406.7330000000001746, 1, , , 3406.7330000000001746, 1, , , 3406.7330000000001746, 0
, , 3406.73700000000008, 0, , , 3406.73700000000008, 1, , , 3406.73700000000008, 1, , , 3406.73700000000008, 0
, , 3406.7420000000001892, 0, , , 3406.7420000000001892, 1, , , 3406.7420000000001892, 1, , , 3406.7420000000001892, 0
, , 3406.7480000000000473, 0, , , 3406.7480000000000473, 1, , , 3406.7480000000000473, 1, , , 3406.7480000000000473, 0
, , 3406.7519999999999527, 0, , , 3406.7519999999999527, 1, , , 3406.7519999999999527, 1, , , 3406.7519999999999527, 0
, , 3406.7570000000000618, 0, , , 3406.7570000000000618, 1, , , 3406.7570000000000618, 1, , , 3406.7570000000000618, 0
, , 3406.762000000000171, 0, , , 3406.762000000000171, 1, , , 3406.762000000000171, 1, , , 3406.762000000000171, 0
, , 3406.7669999999998254, 0, , , 3406.7669999999998254, 1, , , 3406.7669999999998254, 1, , , 3406.7669999999998254, 0
, , 3406.7719999999999345, 0, , , 3406.7719999999999345, 1, , , 3406.7719999999999345, 1, , , 3406.7719999999999345, 0
, , 3406.7759999999998399, 0, , , 3406.7759999999998399, 1, , , 3406.7759999999998399, 1, , , 3406.7759999999998399, 0
, , 3406.7809999999999491, 0, , , 3406.7809999999999491, 1, , , 3406.7809999999999491, 1, , , 3406.7809999999999491, 0
, , 3406.7869999999998072, 0, , , 3406.7869999999998072, 1, , , 3406.7869999999998072, 1, , , 3406.7869999999998072, 0
, , 3406.7930000000001201, 0, , , 3406.7930000000001201, 1, , , 3406.7930000000001201, 1, , , 3406.7930000000001201, 0
, , 3406.7970000000000255, 0, , , 3406.7970000000000255, 1, , , 3406.7970000000000255, 1, , , 3406.7970000000000255, 0
, , 3406.8029999999998836, 0, , , 3406.8029999999998836, 1, , , 3406.8029999999998836, 1, , , 3406.8029999999998836, 0
, , 3406.806999999999789, 0, , , 3406.806999999999789, 1, , , 3406.806999999999789, 1, , , 3406.806999999999789, 0
, , 3406.8119999999998981, 0, , , 3406.8119999999998981, 1, , , 3406.8119999999998981, 1, , , 3406.8119999999998981, 0
, , 3406.81899999999996, 0, , , 3406.81899999999996, 1, , , 3406.81899999999996, 1, , , 3406.81899999999996, 0
, , 3406.8220000000001164, 0, , , 3406.8220000000001164, 1, , , 3406.8220000000001164, 1, , , 3406.8220000000001164, 0
, , 3406.8270000000002256, 0, , , 3406.8270000000002256, 1, , , 3406.8270000000002256, 1, , , 3406.8270000000002256, 0
, , 3406.8299999999999272, 0, , , 3406.8299999999999272, 1, , , 3406.8299999999999272, 1, , , 3406.8299999999999272, 0
, , 3406.8359999999997854, 0, , , 3406.8359999999997854, 1, , , 3406.8359999999997854, 1, , , 3406.8359999999997854, 0
, , 3406.8420000000000982, 0, , , 3406.8420000000000982, 1, , , 3406.8420000000000982, 1, , , 3406.8420000000000982, 0
, , 3406.8470000000002074, 0, , , 3406.8470000000002074, 1, , , 3406.8470000000002074, 1, , , 3406.8470000000002074, 0
, , 3406.8519999999998618, 0, , , 3406.8519999999998618, 1, , , 3406.8519999999998618, 1, , , 3406.8519999999998618, 0
, , 3406.8589999999999236, 0, , , 3406.8589999999999236, 1, , , 3406.8589999999999236, 1, , , 3406.8589999999999236, 0
, , 3406.86200000000008, 0, , , 3406.86200000000008, 1, , , 3406.86200000000008, 1, , , 3406.86200000000008, 0
, , 3406.8670000000001892, 0, , , 3406.8670000000001892, 1, , , 3406.8670000000001892, 1, , , 3406.8670000000001892, 0
, , 3406.8719999999998436, 0, , , 3406.8719999999998436, 1, , , 3406.8719999999998436, 1, , , 3406.8719999999998436, 0
, , 3406.8769999999999527, 0, , , 3406.8769999999999527, 1, , , 3406.8769999999999527, 1, , , 3406.8769999999999527, 0
, , 3406.8820000000000618, 0, , , 3406.8820000000000618, 1, , , 3406.8820000000000618, 1, , , 3406.8820000000000618, 0
, , 3406.887000000000171, 0, , , 3406.887000000000171, 1, , , 3406.887000000000171, 1, , , 3406.887000000000171, 0
, , 3406.8939999999997781, 0, , , 3406.8939999999997781, 1, , , 3406.8939999999997781, 1, , , 3406.8939999999997781, 0
, , 3406.8969999999999345, 0, , , 3406.8969999999999345, 1, , , 3406.8969999999999345, 1, , , 3406.8969999999999345, 0
, , 3406.9029999999997926, 0, , , 3406.9029999999997926, 1, , , 3406.9029999999997926, 1, , , 3406.9029999999997926, 0
, , 3406.9070000000001528, 0, , , 3406.9070000000001528, 1, , , 3406.9070000000001528, 1, , , 3406.9070000000001528, 0
, , 3406.9119999999998072, 0, , , 3406.9119999999998072, 1, , , 3406.9119999999998072, 1, , , 3406.9119999999998072, 0
, , 3406.9169999999999163, 0, , , 3406.9169999999999163, 1, , , 3406.9169999999999163, 1, , , 3406.9169999999999163, 0
, , 3406.9220000000000255, 0, , , 3406.9220000000000255, 1, , , 3406.9220000000000255, 1, , , 3406.9220000000000255, 0
, , 3406.9279999999998836, 0, , , 3406.9279999999998836, 1, , , 3406.9279999999998836, 1, , , 3406.9279999999998836, 0
, , 3406.931999999999789, 0, , , 3406.931999999999789, 1, , , 3406.931999999999789, 1, , , 3406.931999999999789, 0
, , 3406.9389999999998508, 0, , , 3406.9389999999998508, 1, , , 3406.9389999999998508, 1, , , 3406.9389999999998508, 0
, , 3406.9420000000000073, 0, , , 3406.9420000000000073, 1, , , 3406.9420000000000073, 1, , , 3406.9420000000000073, 0
, , 3406.9479999999998654, 0, , , 3406.9479999999998654, 1, , , 3406.9479999999998654, 1, , , 3406.9479999999998654, 0
, , 3406.9529999999999745, 0, , , 3406.9529999999999745, 1, , , 3406.9529999999999745, 1, , , 3406.9529999999999745, 0
, , 3406.9569999999998799, 0, , , 3406.9569999999998799, 1, , , 3406.9569999999998799, 1, , , 3406.9569999999998799, 0
, , 3406.9630000000001928, 0, , , 3406.9630000000001928, 1, , , 3406.9630000000001928, 1, , , 3406.9630000000001928, 0
, , 3406.9670000000000982, 1, , , 3406.9670000000000982, 1, , , 3406.9670000000000982, 1, , , 3406.9670000000000982, 1
, , 3406.9720000000002074, 1, , , 3406.9720000000002074, 1, , , 3406.9720000000002074, 1, , , 3406.9720000000002074, 1
, , 3406.9769999999998618, 1, , , 3406.9769999999998618, 1, , , 3406.9769999999998618, 1, , , 3406.9769999999998618, 1
, , 3406.9819999999999709, 1, , , 3406.9819999999999709, 1, , , 3406.9819999999999709, 1, , , 3406.9819999999999709, 1
, , 3406.98700000000008, 1, , , 3406.98700000000008, 1, , , 3406.98700000000008, 1, , , 3406.98700000000008, 1
, , 3406.9929999999999382, 1, , , 3406.9929999999999382, 1, , , 3406.9929999999999382, 1, , , 3406.9929999999999382, 1
, , 3406.9969999999998436, 1, , , 3406.9969999999998436, 1, , , 3406.9969999999998436, 1, , , 3406.9969999999998436, 1
, , 3407.0019999999999527, 1, , , 3407.0019999999999527, 1, , , 3407.0019999999999527, 1, , , 3407.0019999999999527, 1
, , 3407.0070000000000618, 1, , , 3407.0070000000000618, 1, , , 3407.0070000000000618, 1, , , 3407.0070000000000618, 1
, , 3407.012000000000171, 1, , , 3407.012000000000171, 1, , , 3407.012000000000171, 1, , , 3407.012000000000171, 1
, , 3407.0169999999998254, 1, , , 3407.0169999999998254, 1, , , 3407.0169999999998254, 1, , , 3407.0169999999998254, 1
, , 3407.0230000000001382, 1, , , 3407.0230000000001382, 1, , , 3407.0230000000001382, 1, , , 3407.0230000000001382, 1
, , 3407.0270000000000437, 1, , , 3407.0270000000000437, 1, , , 3407.0270000000000437, 1, , , 3407.0270000000000437, 1
, , 3407.0329999999999018, 1, , , 3407.0329999999999018, 1, , , 3407.0329999999999018, 1, , , 3407.0329999999999018, 1
, , 3407.0369999999998072, 1, , , 3407.0369999999998072, 1, , , 3407.0369999999998072, 1, , , 3407.0369999999998072, 1
, , 3407.0419999999999163, 1, , , 3407.0419999999999163, 0, , , 3407.0419999999999163, 0, , , 3407.0419999999999163, 1
, , 3407.0470000000000255, 1, , , 3407.0470000000000255, 0, , , 3407.0470000000000255, 0, , , 3407.0470000000000255, 1
, , 3407.0520000000001346, 1, , , 3407.0520000000001346, 0, , , 3407.0520000000001346, 0, , , 3407.0520000000001346, 1
, , 3407.056999999999789, 1, , , 3407.056999999999789, 0, , , 3407.056999999999789, 0, , , 3407.056999999999789, 1
, , 3407.0619999999998981, 1, , , 3407.0619999999998981, 0, , , 3407.0619999999998981, 0, , , 3407.0619999999998981, 1
, , 3407.068000000000211, 1, , , 3407.068000000000211, 0, , , 3407.068000000000211, 0, , , 3407.068000000000211, 1
, , 3407.0720000000001164, 1, , , 3407.0720000000001164, 0, , , 3407.0720000000001164, 0, , , 3407.0720000000001164, 1
, , 3407.0770000000002256, 1, , , 3407.0770000000002256, 0, , , 3407.0770000000002256, 0, , , 3407.0770000000002256, 1
, , 3407.0819999999998799, 1, , , 3407.0819999999998799, 0, , , 3407.0819999999998799, 0, , , 3407.0819999999998799, 1
, , 3407.0880000000001928, 1, , , 3407.0880000000001928, 0, , , 3407.0880000000001928, 0, , , 3407.0880000000001928, 1
, , 3407.0920000000000982, 1, , , 3407.0920000000000982, 0, , , 3407.0920000000000982, 0, , , 3407.0920000000000982, 1
, , 3407.0970000000002074, 1, , , 3407.0970000000002074, 0, , , 3407.0970000000002074, 0, , , 3407.0970000000002074, 1
, , 3407.1019999999998618, 1, , , 3407.1019999999998618, 0, , , 3407.1019999999998618, 0, , , 3407.1019999999998618, 1
, , 3407.1080000000001746, 1, , , 3407.1080000000001746, 0, , , 3407.1080000000001746, 0, , , 3407.1080000000001746, 1
, , 3407.11200000000008, 1, , , 3407.11200000000008, 0, , , 3407.11200000000008, 0, , , 3407.11200000000008, 1
, , 3407.1170000000001892, 1, , , 3407.1170000000001892, 0, , , 3407.1170000000001892, 0, , , 3407.1170000000001892, 1
, , 3407.1219999999998436, 1, , , 3407.1219999999998436, 0, , , 3407.1219999999998436, 0, , , 3407.1219999999998436, 1
, , 3407.1269999999999527, 1, , , 3407.1269999999999527, 0, , , 3407.1269999999999527, 0, , , 3407.1269999999999527, 1
, , 3407.1320000000000618, 1, , , 3407.1320000000000618, 0, , , 3407.1320000000000618, 0, , , 3407.1320000000000618, 1
, , 3407.137000000000171, 1, , , 3407.137000000000171, 0, , , 3407.137000000000171, 0, , , 3407.137000000000171, 1
, , 3407.1419999999998254, 1, , , 3407.1419999999998254, 0, , , 3407.1419999999998254, 0, , , 3407.1419999999998254, 1
, , 3407.1480000000001382, 1, , , 3407.1480000000001382, 0, , , 3407.1480000000001382, 0, , , 3407.1480000000001382, 1
, , 3407.1520000000000437, 1, , , 3407.1520000000000437, 0, , , 3407.1520000000000437, 0, , , 3407.1520000000000437, 1
, , 3407.1579999999999018, 1, , , 3407.1579999999999018, 0, , , 3407.1579999999999018, 0, , , 3407.1579999999999018, 1
, , 3407.1630000000000109, 1, , , 3407.1630000000000109, 0, , , 3407.1630000000000109, 0, , , 3407.1630000000000109, 1
, , 3407.1669999999999163, 1, , , 3407.1669999999999163, 0, , , 3407.1669999999999163, 0, , , 3407.1669999999999163, 1
, , 3407.1729999999997744, 1, , , 3407.1729999999997744, 0, , , 3407.1729999999997744, 0, , , 3407.1729999999997744, 1
, , 3407.1770000000001346, 1, , , 3407.1770000000001346, 0, , , 3407.1770000000001346, 0, , , 3407.1770000000001346, 1
, , 3407.181999999999789, 1, , , 3407.181999999999789, 0, , , 3407.181999999999789, 0, , , 3407.181999999999789, 1
, , 3407.1880000000001019, 1, , , 3407.1880000000001019, 0, , , 3407.1880000000001019, 0, , , 3407.1880000000001019, 1
, , 3407.1920000000000073, 1, , , 3407.1920000000000073, 0, , , 3407.1920000000000073, 0, , , 3407.1920000000000073, 1
, , 3407.1970000000001164, 1, , , 3407.1970000000001164, 0, , , 3407.1970000000001164, 0, , , 3407.1970000000001164, 1
, , 3407.2029999999999745, 1, , , 3407.2029999999999745, 0, , , 3407.2029999999999745, 0, , , 3407.2029999999999745, 1
, , 3407.2069999999998799, 1, , , 3407.2069999999998799, 0, , , 3407.2069999999998799, 0, , , 3407.2069999999998799, 1
, , 3407.2130000000001928, 1, , , 3407.2130000000001928, 0, , , 3407.2130000000001928, 0, , , 3407.2130000000001928, 1
, , 3407.2170000000000982, 1, , , 3407.2170000000000982, 0, , , 3407.2170000000000982, 0, , , 3407.2170000000000982, 1
, , 3407.2220000000002074, 1, , , 3407.2220000000002074, 0, , , 3407.2220000000002074, 0, , , 3407.2220000000002074, 1
, , 3407.2269999999998618, 1, , , 3407.2269999999998618, 0, , , 3407.2269999999998618, 0, , , 3407.2269999999998618, 1
, , 3407.2330000000001746, 1, , , 3407.2330000000001746, 0, , , 3407.2330000000001746, 0, , , 3407.2330000000001746, 1
, , 3407.237999999999829, 1, , , 3407.237999999999829, 0, , , 3407.237999999999829, 0, , , 3407.237999999999829, 1
, , 3407.2420000000001892, 1, , , 3407.2420000000001892, 0, , , 3407.2420000000001892, 0, , , 3407.2420000000001892, 1
, , 3407.2469999999998436, 1, , , 3407.2469999999998436, 0, , , 3407.2469999999998436, 0, , , 3407.2469999999998436, 1
, , 3407.2519999999999527, 1, , , 3407.2519999999999527, 0, , , 3407.2519999999999527, 0, , , 3407.2519999999999527, 1
, , 3407.2570000000000618, 1, , , 3407.2570000000000618, 0, , , 3407.2570000000000618, 0, , , 3407.2570000000000618, 1
, , 3407.262000000000171, 1, , , 3407.262000000000171, 0, , , 3407.262000000000171, 0, , , 3407.262000000000171, 1
, , 3407.2669999999998254, 1, , , 3407.2669999999998254, 0, , , 3407.2669999999998254, 0, , , 3407.2669999999998254, 1
, , 3407.2719999999999345, 1, , , 3407.2719999999999345, 0, , , 3407.2719999999999345, 0, , , 3407.2719999999999345, 1
, , 3407.2789999999999964, 1, , , 3407.2789999999999964, 0, , , 3407.2789999999999964, 0, , , 3407.2789999999999964, 1
, , 3407.2820000000001528, 1, , , 3407.2820000000001528, 0, , , 3407.2820000000001528, 0, , , 3407.2820000000001528, 1
, , 3407.2869999999998072, 1, , , 3407.2869999999998072, 0, , , 3407.2869999999998072, 0, , , 3407.2869999999998072, 1
, , 3407.2919999999999163, 1, , , 3407.2919999999999163, 1, , , 3407.2919999999999163, 1, , , 3407.2919999999999163, 1
, , 3407.2979999999997744, 1, , , 3407.2979999999997744, 1, , , 3407.2979999999997744, 1, , , 3407.2979999999997744, 1
, , 3407.3020000000001346, 1, , , 3407.3020000000001346, 1, , , 3407.3020000000001346, 1, , , 3407.3020000000001346, 1
, , 3407.306999999999789, 1, , , 3407.306999999999789, 1, , , 3407.306999999999789, 1, , , 3407.306999999999789, 1
, , 3407.3119999999998981, 1, , , 3407.3119999999998981, 1, , , 3407.3119999999998981, 1, , , 3407.3119999999998981, 1
, , 3407.3170000000000073, 1, , , 3407.3170000000000073, 1, , , 3407.3170000000000073, 1, , , 3407.3170000000000073, 1
, , 3407.3209999999999127, 1, , , 3407.3209999999999127, 1, , , 3407.3209999999999127, 1, , , 3407.3209999999999127, 1
, , 3407.3279999999999745, 1, , , 3407.3279999999999745, 1, , , 3407.3279999999999745, 1, , , 3407.3279999999999745, 1
, , 3407.3330000000000837, 1, , , 3407.3330000000000837, 1, , , 3407.3330000000000837, 1, , , 3407.3330000000000837, 1
, , 3407.3369999999999891, 1, , , 3407.3369999999999891, 1, , , 3407.3369999999999891, 1, , , 3407.3369999999999891, 1
, , 3407.3420000000000982, 1, , , 3407.3420000000000982, 1, , , 3407.3420000000000982, 1, , , 3407.3420000000000982, 1
, , 3407.3470000000002074, 1, , , 3407.3470000000002074, 1, , , 3407.3470000000002074, 1, , , 3407.3470000000002074, 1
, , 3407.3519999999998618, 1, , , 3407.3519999999998618, 1, , , 3407.3519999999998618, 1, , , 3407.3519999999998618, 1
, , 3407.3569999999999709, 1, , , 3407.3569999999999709, 1, , , 3407.3569999999999709, 1, , , 3407.3569999999999709, 1
, , 3407.36200000000008, 1, , , 3407.36200000000008, 1, , , 3407.36200000000008, 1, , , 3407.36200000000008, 1
, , 3407.3670000000001892, 1, , , 3407.3670000000001892, 1, , , 3407.3670000000001892, 1, , , 3407.3670000000001892, 1
, , 3407.3730000000000473, 1, , , 3407.3730000000000473, 1, , , 3407.3730000000000473, 1, , , 3407.3730000000000473, 1
, , 3407.3769999999999527, 1, , , 3407.3769999999999527, 1, , , 3407.3769999999999527, 1, , , 3407.3769999999999527, 1
, , 3407.3820000000000618, 1, , , 3407.3820000000000618, 1, , , 3407.3820000000000618, 1, , , 3407.3820000000000618, 1
, , 3407.387000000000171, 1, , , 3407.387000000000171, 1, , , 3407.387000000000171, 1, , , 3407.387000000000171, 1
, , 3407.3919999999998254, 1, , , 3407.3919999999998254, 1, , , 3407.3919999999998254, 1, , , 3407.3919999999998254, 1
, , 3407.3980000000001382, 1, , , 3407.3980000000001382, 1, , , 3407.3980000000001382, 1, , , 3407.3980000000001382, 1
, , 3407.4020000000000437, 1, , , 3407.4020000000000437, 1, , , 3407.4020000000000437, 1, , , 3407.4020000000000437, 1
, , 3407.4070000000001528, 1, , , 3407.4070000000001528, 1, , , 3407.4070000000001528, 1, , , 3407.4070000000001528, 1
, , 3407.4119999999998072, 1, , , 3407.4119999999998072, 1, , , 3407.4119999999998072, 1, , , 3407.4119999999998072, 1
, , 3407.4169999999999163, 1, , , 3407.4169999999999163, 1, , , 3407.4169999999999163, 1, , , 3407.4169999999999163, 1
, , 3407.4229999999997744, 1, , , 3407.4229999999997744, 1, , , 3407.4229999999997744, 1, , , 3407.4229999999997744, 1
, , 3407.4279999999998836, 1, , , 3407.4279999999998836, 1, , , 3407.4279999999998836, 1, , , 3407.4279999999998836, 1
, , 3407.431999999999789, 1, , , 3407.431999999999789, 1, , , 3407.431999999999789, 1, , , 3407.431999999999789, 1
, , 3407.4369999999998981, 1, , , 3407.4369999999998981, 1, , , 3407.4369999999998981, 1, , , 3407.4369999999998981, 1
, , 3407.4420000000000073, 1, , , 3407.4420000000000073, 1, , , 3407.4420000000000073, 1, , , 3407.4420000000000073, 1
, , 3407.4470000000001164, 1, , , 3407.4470000000001164, 1, , , 3407.4470000000001164, 1, , , 3407.4470000000001164, 1
, , 3407.4520000000002256, 1, , , 3407.4520000000002256, 1, , , 3407.4520000000002256, 1, , , 3407.4520000000002256, 1
, , 3407.4569999999998799, 1, , , 3407.4569999999998799, 1, , , 3407.4569999999998799, 1, , , 3407.4569999999998799, 1
, , 3407.4630000000001928, 1, , , 3407.4630000000001928, 1, , , 3407.4630000000001928, 1, , , 3407.4630000000001928, 1
, , 3407.4670000000000982, 1, , , 3407.4670000000000982, 1, , , 3407.4670000000000982, 1, , , 3407.4670000000000982, 1
, , 3407.4729999999999563, 1, , , 3407.4729999999999563, 1, , , 3407.4729999999999563, 1, , , 3407.4729999999999563, 1
, , 3407.4780000000000655, 1, , , 3407.4780000000000655, 1, , , 3407.4780000000000655, 1, , , 3407.4780000000000655, 1
, , 3407.4819999999999709, 1, , , 3407.4819999999999709, 1, , , 3407.4819999999999709, 1, , , 3407.4819999999999709, 1
, , 3407.48700000000008, 1, , , 3407.48700000000008, 1, , , 3407.48700000000008, 1, , , 3407.48700000000008, 1
, , 3407.4920000000001892, 1, , , 3407.4920000000001892, 1, , , 3407.4920000000001892, 1, , , 3407.4920000000001892, 1
, , 3407.4980000000000473, 1, , , 3407.4980000000000473, 1, , , 3407.4980000000000473, 1, , , 3407.4980000000000473, 1
, , 3407.5030000000001564, 1, , , 3407.5030000000001564, 1, , , 3407.5030000000001564, 1, , , 3407.5030000000001564, 1
, , 3407.5070000000000618, 1, , , 3407.5070000000000618, 1, , , 3407.5070000000000618, 1, , , 3407.5070000000000618, 1
, , 3407.512000000000171, 1, , , 3407.512000000000171, 1, , , 3407.512000000000171, 1, , , 3407.512000000000171, 1
, , 3407.5180000000000291, 1, , , 3407.5180000000000291, 1, , , 3407.5180000000000291, 1, , , 3407.5180000000000291, 1
, , 3407.5219999999999345, 1, , , 3407.5219999999999345, 1, , , 3407.5219999999999345, 1, , , 3407.5219999999999345, 1
, , 3407.5270000000000437, 1, , , 3407.5270000000000437, 1, , , 3407.5270000000000437, 1, , , 3407.5270000000000437, 1
, , 3407.5320000000001528, 1, , , 3407.5320000000001528, 1, , , 3407.5320000000001528, 1, , , 3407.5320000000001528, 1
, , 3407.5369999999998072, 1, , , 3407.5369999999998072, 1, , , 3407.5369999999998072, 1, , , 3407.5369999999998072, 1
, , 3407.5410000000001673, 1, , , 3407.5410000000001673, 1, , , 3407.5410000000001673, 1, , , 3407.5410000000001673, 1
, , 3407.5470000000000255, 1, , , 3407.5470000000000255, 1, , , 3407.5470000000000255, 1, , , 3407.5470000000000255, 1
, , 3407.5520000000001346, 1, , , 3407.5520000000001346, 1, , , 3407.5520000000001346, 1, , , 3407.5520000000001346, 1
, , 3407.556999999999789, 1, , , 3407.556999999999789, 1, , , 3407.556999999999789, 1, , , 3407.556999999999789, 1
, , 3407.5619999999998981, 1, , , 3407.5619999999998981, 1, , , 3407.5619999999998981, 1, , , 3407.5619999999998981, 1
, , 3407.5659999999998035, 1, , , 3407.5659999999998035, 1, , , 3407.5659999999998035, 1, , , 3407.5659999999998035, 1
, , 3407.5720000000001164, 1, , , 3407.5720000000001164, 1, , , 3407.5720000000001164, 1, , , 3407.5720000000001164, 1
, , 3407.5770000000002256, 1, , , 3407.5770000000002256, 1, , , 3407.5770000000002256, 1, , , 3407.5770000000002256, 1
, , 3407.5819999999998799, 1, , , 3407.5819999999998799, 1, , , 3407.5819999999998799, 1, , , 3407.5819999999998799, 1
, , 3407.5869999999999891, 1, , , 3407.5869999999999891, 1, , , 3407.5869999999999891, 1, , , 3407.5869999999999891, 1
, , 3407.5920000000000982, 1, , , 3407.5920000000000982, 1, , , 3407.5920000000000982, 1, , , 3407.5920000000000982, 1
, , 3407.5970000000002074, 1, , , 3407.5970000000002074, 1, , , 3407.5970000000002074, 1, , , 3407.5970000000002074, 1
, , 3407.6019999999998618, 1, , , 3407.6019999999998618, 1, , , 3407.6019999999998618, 1, , , 3407.6019999999998618, 1
, , 3407.6069999999999709, 1, , , 3407.6069999999999709, 1, , , 3407.6069999999999709, 1, , , 3407.6069999999999709, 1
, , 3407.61200000000008, 1, , , 3407.61200000000008, 1, , , 3407.61200000000008, 1, , , 3407.61200000000008, 1
, , 3407.6170000000001892, 1, , , 3407.6170000000001892, 1, , , 3407.6170000000001892, 1, , , 3407.6170000000001892, 1
, , 3407.6219999999998436, 1, , , 3407.6219999999998436, 1, , , 3407.6219999999998436, 1, , , 3407.6219999999998436, 1
, , 3407.6280000000001564, 1, , , 3407.6280000000001564, 1, , , 3407.6280000000001564, 1, , , 3407.6280000000001564, 1
, , 3407.6329999999998108, 1, , , 3407.6329999999998108, 1, , , 3407.6329999999998108, 1, , , 3407.6329999999998108, 1
, , 3407.637000000000171, 1, , , 3407.637000000000171, 1, , , 3407.637000000000171, 1, , , 3407.637000000000171, 1
, , 3407.6419999999998254, 1, , , 3407.6419999999998254, 1, , , 3407.6419999999998254, 1, , , 3407.6419999999998254, 1
, , 3407.6469999999999345, 1, , , 3407.6469999999999345, 1, , , 3407.6469999999999345, 1, , , 3407.6469999999999345, 1
, , 3407.6520000000000437, 1, , , 3407.6520000000000437, 1, , , 3407.6520000000000437, 1, , , 3407.6520000000000437, 1
, , 3407.6590000000001055, 1, , , 3407.6590000000001055, 1, , , 3407.6590000000001055, 1, , , 3407.6590000000001055, 1
, , 3407.6619999999998072, 1, , , 3407.6619999999998072, 1, , , 3407.6619999999998072, 1, , , 3407.6619999999998072, 1
, , 3407.6669999999999163, 1, , , 3407.6669999999999163, 1, , , 3407.6669999999999163, 1, , , 3407.6669999999999163, 1
, , 3407.6720000000000255, 1, , , 3407.6720000000000255, 1, , , 3407.6720000000000255, 1, , , 3407.6720000000000255, 1
, , 3407.6770000000001346, 1, , , 3407.6770000000001346, 1, , , 3407.6770000000001346, 1, , , 3407.6770000000001346, 1
, , 3407.6829999999999927, 1, , , 3407.6829999999999927, 1, , , 3407.6829999999999927, 1, , , 3407.6829999999999927, 1
, , 3407.6869999999998981, 1, , , 3407.6869999999998981, 1, , , 3407.6869999999998981, 1, , , 3407.6869999999998981, 1
, , 3407.6920000000000073, 1, , , 3407.6920000000000073, 1, , , 3407.6920000000000073, 1, , , 3407.6920000000000073, 1
, , 3407.6970000000001164, 1, , , 3407.6970000000001164, 1, , , 3407.6970000000001164, 1, , , 3407.6970000000001164, 1
, , 3407.7010000000000218, 1, , , 3407.7010000000000218, 1, , , 3407.7010000000000218, 1, , , 3407.7010000000000218, 1
, , 3407.7080000000000837, 1, , , 3407.7080000000000837, 1, , , 3407.7080000000000837, 1, , , 3407.7080000000000837, 1
, , 3407.7119999999999891, 1, , , 3407.7119999999999891, 1, , , 3407.7119999999999891, 1, , , 3407.7119999999999891, 1
, , 3407.7170000000000982, 1, , , 3407.7170000000000982, 1, , , 3407.7170000000000982, 1, , , 3407.7170000000000982, 1
, , 3407.7220000000002074, 1, , , 3407.7220000000002074, 1, , , 3407.7220000000002074, 1, , , 3407.7220000000002074, 1
, , 3407.7269999999998618, 1, , , 3407.7269999999998618, 1, , , 3407.7269999999998618, 1, , , 3407.7269999999998618, 1
, , 3407.7330000000001746, 1, , , 3407.7330000000001746, 1, , , 3407.7330000000001746, 1, , , 3407.7330000000001746, 1
, , 3407.7359999999998763, 1, , , 3407.7359999999998763, 1, , , 3407.7359999999998763, 1, , , 3407.7359999999998763, 1
, , 3407.7409999999999854, 1, , , 3407.7409999999999854, 1, , , 3407.7409999999999854, 1, , , 3407.7409999999999854, 1
, , 3407.7469999999998436, 1, , , 3407.7469999999998436, 1, , , 3407.7469999999998436, 1, , , 3407.7469999999998436, 1
, , 3407.7519999999999527, 1, , , 3407.7519999999999527, 1, , , 3407.7519999999999527, 1, , , 3407.7519999999999527, 1
, , 3407.7570000000000618, 1, , , 3407.7570000000000618, 1, , , 3407.7570000000000618, 1, , , 3407.7570000000000618, 1
, , 3407.76299999999992, 1, , , 3407.76299999999992, 1, , , 3407.76299999999992, 1, , , 3407.76299999999992, 1
, , 3407.7669999999998254, 1, , , 3407.7669999999998254, 1, , , 3407.7669999999998254, 1, , , 3407.7669999999998254, 1
, , 3407.7719999999999345, 1, , , 3407.7719999999999345, 1, , , 3407.7719999999999345, 1, , , 3407.7719999999999345, 1
, , 3407.7770000000000437, 1, , , 3407.7770000000000437, 1, , , 3407.7770000000000437, 1, , , 3407.7770000000000437, 1
, , 3407.7820000000001528, 1, , , 3407.7820000000001528, 1, , , 3407.7820000000001528, 1, , , 3407.7820000000001528, 1
, , 3407.7869999999998072, 1, , , 3407.7869999999998072, 1, , , 3407.7869999999998072, 1, , , 3407.7869999999998072, 1
, , 3407.7919999999999163, 1, , , 3407.7919999999999163, 1, , , 3407.7919999999999163, 1, , , 3407.7919999999999163, 1
, , 3407.7970000000000255, 1, , , 3407.7970000000000255, 1, , , 3407.7970000000000255, 1, , , 3407.7970000000000255, 1
, , 3407.8029999999998836, 1, , , 3407.8029999999998836, 1, , , 3407.8029999999998836, 1, , , 3407.8029999999998836, 1
, , 3407.806999999999789, 1, , , 3407.806999999999789, 1, , , 3407.806999999999789, 1, , , 3407.806999999999789, 1
, , 3407.8119999999998981, 1, , , 3407.8119999999998981, 1, , , 3407.8119999999998981, 1, , , 3407.8119999999998981, 1
, , 3407.8170000000000073, 1, , , 3407.8170000000000073, 1, , , 3407.8170000000000073, 1, , , 3407.8170000000000073, 1
, , 3407.8220000000001164, 1, , , 3407.8220000000001164, 1, , , 3407.8220000000001164, 1, , , 3407.8220000000001164, 1
, , 3407.8279999999999745, 1, , , 3407.8279999999999745, 1, , , 3407.8279999999999745, 1, , , 3407.8279999999999745, 1
, , 3407.8319999999998799, 1, , , 3407.8319999999998799, 1, , , 3407.8319999999998799, 1, , , 3407.8319999999998799, 1
, , 3407.8369999999999891, 1, , , 3407.8369999999999891, 1, , , 3407.8369999999999891, 1, , , 3407.8369999999999891, 1
, , 3407.8420000000000982, 1, , , 3407.8420000000000982, 1, , , 3407.8420000000000982, 1, , , 3407.8420000000000982, 1
, , 3407.8470000000002074, 1, , , 3407.8470000000002074, 1, , , 3407.8470000000002074, 1, , , 3407.8470000000002074, 1
, , 3407.8519999999998618, 1, , , 3407.8519999999998618, 1, , , 3407.8519999999998618, 1, , , 3407.8519999999998618, 1
, , 3407.8589999999999236, 1, , , 3407.8589999999999236, 1, , , 3407.8589999999999236, 1, , , 3407.8589999999999236, 1
, , 3407.86200000000008, 1, , , 3407.86200000000008, 1, , , 3407.86200000000008, 1, , , 3407.86200000000008, 1
, , 3407.8670000000001892, 1, , , 3407.8670000000001892, 1, , , 3407.8670000000001892, 1, , , 3407.8670000000001892, 1
, , 3407.8730000000000473, 1, , , 3407.8730000000000473, 1, , , 3407.8730000000000473, 1, , , 3407.8730000000000473, 1
, , 3407.8769999999999527, 1, , , 3407.8769999999999527, 1, , , 3407.8769999999999527, 1, , , 3407.8769999999999527, 1
, , 3407.8820000000000618, 1, , , 3407.8820000000000618, 1, , , 3407.8820000000000618, 1, , , 3407.8820000000000618, 1
, , 3407.88799999999992, 1, , , 3407.88799999999992, 1, , , 3407.88799999999992, 1, , , 3407.88799999999992, 1
, , 3407.8919999999998254, 1, , , 3407.8919999999998254, 1, , , 3407.8919999999998254, 1, , , 3407.8919999999998254, 1
, , 3407.8969999999999345, 1, , , 3407.8969999999999345, 1, , , 3407.8969999999999345, 1, , , 3407.8969999999999345, 1
, , 3407.9020000000000437, 1, , , 3407.9020000000000437, 1, , , 3407.9020000000000437, 1, , , 3407.9020000000000437, 1
, , 3407.9079999999999018, 1, , , 3407.9079999999999018, 1, , , 3407.9079999999999018, 1, , , 3407.9079999999999018, 1
, , 3407.9119999999998072, 1, , , 3407.9119999999998072, 1, , , 3407.9119999999998072, 1, , , 3407.9119999999998072, 1
, , 3407.9180000000001201, 1, , , 3407.9180000000001201, 1, , , 3407.9180000000001201, 1, , , 3407.9180000000001201, 1
, , 3407.9220000000000255, 1, , , 3407.9220000000000255, 1, , , 3407.9220000000000255, 1, , , 3407.9220000000000255, 1
, , 3407.9270000000001346, 1, , , 3407.9270000000001346, 1, , , 3407.9270000000001346, 1, , , 3407.9270000000001346, 1
, , 3407.931999999999789, 1, , , 3407.931999999999789, 1, , , 3407.931999999999789, 1, , , 3407.931999999999789, 1
, , 3407.9380000000001019, 1, , , 3407.9380000000001019, 1, , , 3407.9380000000001019, 1, , , 3407.9380000000001019, 1
, , 3407.9420000000000073, 1, , , 3407.9420000000000073, 1, , , 3407.9420000000000073, 1, , , 3407.9420000000000073, 1
, , 3407.9470000000001164, 1, , , 3407.9470000000001164, 1, , , 3407.9470000000001164, 1, , , 3407.9470000000001164, 1
, , 3407.9520000000002256, 1, , , 3407.9520000000002256, 1, , , 3407.9520000000002256, 1, , , 3407.9520000000002256, 1
, , 3407.9569999999998799, 1, , , 3407.9569999999998799, 1, , , 3407.9569999999998799, 1, , , 3407.9569999999998799, 1
, , 3407.9619999999999891, 1, , , 3407.9619999999999891, 1, , , 3407.9619999999999891, 1, , , 3407.9619999999999891, 1
, , 3407.9659999999998945, 1, , , 3407.9659999999998945, 1, , , 3407.9659999999998945, 1, , , 3407.9659999999998945, 1
, , 3407.9720000000002074, 1, , , 3407.9720000000002074, 1, , , 3407.9720000000002074, 1, , , 3407.9720000000002074, 1
, , 3407.9780000000000655, 1, , , 3407.9780000000000655, 1, , , 3407.9780000000000655, 1, , , 3407.9780000000000655, 1
, , 3407.9819999999999709, 1, , , 3407.9819999999999709, 1, , , 3407.9819999999999709, 1, , , 3407.9819999999999709, 1
, , 3407.9890000000000327, 1, , , 3407.9890000000000327, 1, , , 3407.9890000000000327, 1, , , 3407.9890000000000327, 1
, , 3407.9920000000001892, 1, , , 3407.9920000000001892, 1, , , 3407.9920000000001892, 1, , , 3407.9920000000001892, 1
, , 3407.9960000000000946, 1, , , 3407.9960000000000946, 1, , , 3407.9960000000000946, 1, , , 3407.9960000000000946, 1
, , 3408.0019999999999527, 1, , , 3408.0019999999999527, 1, , , 3408.0019999999999527, 1, , , 3408.0019999999999527, 1
, , 3408.0070000000000618, 1, , , 3408.0070000000000618, 1, , , 3408.0070000000000618, 1, , , 3408.0070000000000618, 1
, , 3408.01299999999992, 1, , , 3408.01299999999992, 1, , , 3408.01299999999992, 1, , , 3408.01299999999992, 1
, , 3408.0180000000000291, 1, , , 3408.0180000000000291, 1, , , 3408.0180000000000291, 1, , , 3408.0180000000000291, 1
, , 3408.0219999999999345, 1, , , 3408.0219999999999345, 1, , , 3408.0219999999999345, 1, , , 3408.0219999999999345, 1
, , 3408.0270000000000437, 1, , , 3408.0270000000000437, 1, , , 3408.0270000000000437, 1, , , 3408.0270000000000437, 1
, , 3408.0329999999999018, 1, , , 3408.0329999999999018, 1, , , 3408.0329999999999018, 1, , , 3408.0329999999999018, 1
, , 3408.0369999999998072, 1, , , 3408.0369999999998072, 1, , , 3408.0369999999998072, 1, , , 3408.0369999999998072, 1
, , 3408.0419999999999163, 1, , , 3408.0419999999999163, 1, , , 3408.0419999999999163, 1, , , 3408.0419999999999163, 1
, , 3408.0540000000000873, 1, , , 3408.0540000000000873, 1, , , 3408.0540000000000873, 1, , , 3408.0540000000000873, 1
, , 3408.0540000000000873, 1, , , 3408.0540000000000873, 1, , , 3408.0540000000000873, 1, , , 3408.0540000000000873, 1
, , 3408.0579999999999927, 1, , , 3408.0579999999999927, 1, , , 3408.0579999999999927, 1, , , 3408.0579999999999927, 1
, , 3408.0610000000001492, 1, , , 3408.0610000000001492, 1, , , 3408.0610000000001492, 1, , , 3408.0610000000001492, 1
, , 3408.0670000000000073, 1, , , 3408.0670000000000073, 1, , , 3408.0670000000000073, 1, , , 3408.0670000000000073, 1
, , 3408.0720000000001164, 1, , , 3408.0720000000001164, 1, , , 3408.0720000000001164, 1, , , 3408.0720000000001164, 1
, , 3408.0779999999999745, 1, , , 3408.0779999999999745, 1, , , 3408.0779999999999745, 1, , , 3408.0779999999999745, 1
, , 3408.0819999999998799, 1, , , 3408.0819999999998799, 1, , , 3408.0819999999998799, 1, , , 3408.0819999999998799, 1
, , 3408.0869999999999891, 1, , , 3408.0869999999999891, 1, , , 3408.0869999999999891, 1, , , 3408.0869999999999891, 1
, , 3408.0920000000000982, 1, , , 3408.0920000000000982, 1, , , 3408.0920000000000982, 1, , , 3408.0920000000000982, 1
, , 3408.0970000000002074, 1, , , 3408.0970000000002074, 1, , , 3408.0970000000002074, 1, , , 3408.0970000000002074, 1
, , 3408.1019999999998618, 1, , , 3408.1019999999998618, 1, , , 3408.1019999999998618, 1, , , 3408.1019999999998618, 1
, , 3408.1069999999999709, 1, , , 3408.1069999999999709, 1, , , 3408.1069999999999709, 1, , , 3408.1069999999999709, 1
, , 3408.11200000000008, 1, , , 3408.11200000000008, 1, , , 3408.11200000000008, 1, , , 3408.11200000000008, 1
, , 3408.1170000000001892, 1, , , 3408.1170000000001892, 1, , , 3408.1170000000001892, 1, , , 3408.1170000000001892, 1
, , 3408.1219999999998436, 1, , , 3408.1219999999998436, 1, , , 3408.1219999999998436, 1, , , 3408.1219999999998436, 1
, , 3408.1269999999999527, 1, , , 3408.1269999999999527, 1, , , 3408.1269999999999527, 1, , , 3408.1269999999999527, 1
, , 3408.1320000000000618, 1, , , 3408.1320000000000618, 1, , , 3408.1320000000000618, 1, , , 3408.1320000000000618, 1
, , 3408.1390000000001237, 1, , , 3408.1390000000001237, 1, , , 3408.1390000000001237, 1, , , 3408.1390000000001237, 1
, , 3408.1419999999998254, 1, , , 3408.1419999999998254, 1, , , 3408.1419999999998254, 1, , , 3408.1419999999998254, 1
, , 3408.1460000000001855, 1, , , 3408.1460000000001855, 1, , , 3408.1460000000001855, 1, , , 3408.1460000000001855, 1
, , 3408.1520000000000437, 1, , , 3408.1520000000000437, 1, , , 3408.1520000000000437, 1, , , 3408.1520000000000437, 1
, , 3408.1570000000001528, 1, , , 3408.1570000000001528, 1, , , 3408.1570000000001528, 1, , , 3408.1570000000001528, 1
, , 3408.1619999999998072, 1, , , 3408.1619999999998072, 1, , , 3408.1619999999998072, 1, , , 3408.1619999999998072, 1
, , 3408.1680000000001201, 1, , , 3408.1680000000001201, 1, , , 3408.1680000000001201, 1, , , 3408.1680000000001201, 1
, , 3408.1729999999997744, 1, , , 3408.1729999999997744, 1, , , 3408.1729999999997744, 1, , , 3408.1729999999997744, 1
, , 3408.1770000000001346, 1, , , 3408.1770000000001346, 1, , , 3408.1770000000001346, 1, , , 3408.1770000000001346, 1
, , 3408.181999999999789, 1, , , 3408.181999999999789, 1, , , 3408.181999999999789, 1, , , 3408.181999999999789, 1
, , 3408.1880000000001019, 1, , , 3408.1880000000001019, 1, , , 3408.1880000000001019, 1, , , 3408.1880000000001019, 1
, , 3408.1920000000000073, 1, , , 3408.1920000000000073, 1, , , 3408.1920000000000073, 1, , , 3408.1920000000000073, 1
, , 3408.1970000000001164, 1, , , 3408.1970000000001164, 1, , , 3408.1970000000001164, 1, , , 3408.1970000000001164, 1
, , 3408.2020000000002256, 1, , , 3408.2020000000002256, 1, , , 3408.2020000000002256, 1, , , 3408.2020000000002256, 1
, , 3408.2069999999998799, 1, , , 3408.2069999999998799, 1, , , 3408.2069999999998799, 1, , , 3408.2069999999998799, 1
, , 3408.2130000000001928, 1, , , 3408.2130000000001928, 1, , , 3408.2130000000001928, 1, , , 3408.2130000000001928, 1
, , 3408.2170000000000982, 1, , , 3408.2170000000000982, 1, , , 3408.2170000000000982, 1, , , 3408.2170000000000982, 1
, , 3408.2229999999999563, 1, , , 3408.2229999999999563, 1, , , 3408.2229999999999563, 1, , , 3408.2229999999999563, 1
, , 3408.2269999999998618, 1, , , 3408.2269999999998618, 1, , , 3408.2269999999998618, 1, , , 3408.2269999999998618, 1
, , 3408.2319999999999709, 1, , , 3408.2319999999999709, 1, , , 3408.2319999999999709, 1, , , 3408.2319999999999709, 1
, , 3408.237999999999829, 1, , , 3408.237999999999829, 1, , , 3408.237999999999829, 1, , , 3408.237999999999829, 1
, , 3408.2420000000001892, 1, , , 3408.2420000000001892, 1, , , 3408.2420000000001892, 1, , , 3408.2420000000001892, 1
, , 3408.2469999999998436, 1, , , 3408.2469999999998436, 1, , , 3408.2469999999998436, 1, , , 3408.2469999999998436, 1
, , 3408.2519999999999527, 1, , , 3408.2519999999999527, 1, , , 3408.2519999999999527, 1, , , 3408.2519999999999527, 1
, , 3408.2570000000000618, 1, , , 3408.2570000000000618, 1, , , 3408.2570000000000618, 1, , , 3408.2570000000000618, 1
, , 3408.262000000000171, 1, , , 3408.262000000000171, 1, , , 3408.262000000000171, 1, , , 3408.262000000000171, 1
, , 3408.2669999999998254, 1, , , 3408.2669999999998254, 1, , , 3408.2669999999998254, 1, , , 3408.2669999999998254, 1
, , 3408.2719999999999345, 1, , , 3408.2719999999999345, 1, , , 3408.2719999999999345, 1, , , 3408.2719999999999345, 1
, , 3408.2770000000000437, 1, , , 3408.2770000000000437, 1, , , 3408.2770000000000437, 1, , , 3408.2770000000000437, 1
, , 3408.2820000000001528, 1, , , 3408.2820000000001528, 1, , , 3408.2820000000001528, 1, , , 3408.2820000000001528, 1
, , 3408.2869999999998072, 1, , , 3408.2869999999998072, 1, , , 3408.2869999999998072, 1, , , 3408.2869999999998072, 1
, , 3408.2919999999999163, 1, , , 3408.2919999999999163, 1, , , 3408.2919999999999163, 1, , , 3408.2919999999999163, 1
, , 3408.2970000000000255, 1, , , 3408.2970000000000255, 1, , , 3408.2970000000000255, 1, , , 3408.2970000000000255, 1
, , 3408.3020000000001346, 1, , , 3408.3020000000001346, 1, , , 3408.3020000000001346, 1, , , 3408.3020000000001346, 1
, , 3408.306999999999789, 1, , , 3408.306999999999789, 1, , , 3408.306999999999789, 1, , , 3408.306999999999789, 1
, , 3408.3139999999998508, 1, , , 3408.3139999999998508, 1, , , 3408.3139999999998508, 1, , , 3408.3139999999998508, 1
, , 3408.318000000000211, 1, , , 3408.318000000000211, 1, , , 3408.318000000000211, 1, , , 3408.318000000000211, 1
, , 3408.3229999999998654, 1, , , 3408.3229999999998654, 1, , , 3408.3229999999998654, 1, , , 3408.3229999999998654, 1
, , 3408.3279999999999745, 1, , , 3408.3279999999999745, 1, , , 3408.3279999999999745, 1, , , 3408.3279999999999745, 1
, , 3408.3319999999998799, 1, , , 3408.3319999999998799, 1, , , 3408.3319999999998799, 1, , , 3408.3319999999998799, 1
, , 3408.3369999999999891, 1, , , 3408.3369999999999891, 1, , , 3408.3369999999999891, 1, , , 3408.3369999999999891, 1
, , 3408.3420000000000982, 1, , , 3408.3420000000000982, 1, , , 3408.3420000000000982, 1, , , 3408.3420000000000982, 1
, , 3408.3470000000002074, 1, , , 3408.3470000000002074, 1, , , 3408.3470000000002074, 1, , , 3408.3470000000002074, 1
, , 3408.3519999999998618, 1, , , 3408.3519999999998618, 1, , , 3408.3519999999998618, 1, , , 3408.3519999999998618, 1
, , 3408.3580000000001746, 1, , , 3408.3580000000001746, 1, , , 3408.3580000000001746, 1, , , 3408.3580000000001746, 1
, , 3408.36200000000008, 1, , , 3408.36200000000008, 1, , , 3408.36200000000008, 1, , , 3408.36200000000008, 1
, , 3408.3679999999999382, 1, , , 3408.3679999999999382, 1, , , 3408.3679999999999382, 1, , , 3408.3679999999999382, 1
, , 3408.3719999999998436, 1, , , 3408.3719999999998436, 1, , , 3408.3719999999998436, 1, , , 3408.3719999999998436, 1
, , 3408.3769999999999527, 1, , , 3408.3769999999999527, 1, , , 3408.3769999999999527, 1, , , 3408.3769999999999527, 1
, , 3408.3840000000000146, 1, , , 3408.3840000000000146, 1, , , 3408.3840000000000146, 1, , , 3408.3840000000000146, 1
, , 3408.387000000000171, 1, , , 3408.387000000000171, 1, , , 3408.387000000000171, 1, , , 3408.387000000000171, 1
, , 3408.3919999999998254, 1, , , 3408.3919999999998254, 1, , , 3408.3919999999998254, 1, , , 3408.3919999999998254, 1
, , 3408.3980000000001382, 1, , , 3408.3980000000001382, 1, , , 3408.3980000000001382, 1, , , 3408.3980000000001382, 1
, , 3408.4039999999999964, 1, , , 3408.4039999999999964, 1, , , 3408.4039999999999964, 1, , , 3408.4039999999999964, 1
, , 3408.4079999999999018, 1, , , 3408.4079999999999018, 1, , , 3408.4079999999999018, 1, , , 3408.4079999999999018, 1
, , 3408.4130000000000109, 1, , , 3408.4130000000000109, 1, , , 3408.4130000000000109, 1, , , 3408.4130000000000109, 1
, , 3408.4169999999999163, 1, , , 3408.4169999999999163, 1, , , 3408.4169999999999163, 1, , , 3408.4169999999999163, 1
, , 3408.4220000000000255, 1, , , 3408.4220000000000255, 1, , , 3408.4220000000000255, 1, , , 3408.4220000000000255, 1
, , 3408.4270000000001346, 1, , , 3408.4270000000001346, 1, , , 3408.4270000000001346, 1, , , 3408.4270000000001346, 1
, , 3408.4329999999999927, 1, , , 3408.4329999999999927, 1, , , 3408.4329999999999927, 1, , , 3408.4329999999999927, 1
, , 3408.4369999999998981, 1, , , 3408.4369999999998981, 1, , , 3408.4369999999998981, 1, , , 3408.4369999999998981, 1
, , 3408.4409999999998035, 1, , , 3408.4409999999998035, 1, , , 3408.4409999999998035, 1, , , 3408.4409999999998035, 1
, , 3408.4479999999998654, 1, , , 3408.4479999999998654, 1, , , 3408.4479999999998654, 1, , , 3408.4479999999998654, 1
, , 3408.4520000000002256, 1, , , 3408.4520000000002256, 1, , , 3408.4520000000002256, 1, , , 3408.4520000000002256, 1
, , 3408.4580000000000837, 1, , , 3408.4580000000000837, 1, , , 3408.4580000000000837, 1, , , 3408.4580000000000837, 1
, , 3408.4630000000001928, 1, , , 3408.4630000000001928, 1, , , 3408.4630000000001928, 1, , , 3408.4630000000001928, 1
, , 3408.4670000000000982, 1, , , 3408.4670000000000982, 1, , , 3408.4670000000000982, 1, , , 3408.4670000000000982, 1
, , 3408.4720000000002074, 1, , , 3408.4720000000002074, 1, , , 3408.4720000000002074, 1, , , 3408.4720000000002074, 1
, , 3408.4769999999998618, 1, , , 3408.4769999999998618, 1, , , 3408.4769999999998618, 1, , , 3408.4769999999998618, 1
, , 3408.4819999999999709, 1, , , 3408.4819999999999709, 1, , , 3408.4819999999999709, 1, , , 3408.4819999999999709, 1
, , 3408.48700000000008, 1, , , 3408.48700000000008, 1, , , 3408.48700000000008, 1, , , 3408.48700000000008, 1
, , 3408.4920000000001892, 1, , , 3408.4920000000001892, 1, , , 3408.4920000000001892, 1, , , 3408.4920000000001892, 1
, , 3408.4960000000000946, 1, , , 3408.4960000000000946, 1, , , 3408.4960000000000946, 1, , , 3408.4960000000000946, 1
, , 3408.5030000000001564, 1, , , 3408.5030000000001564, 1, , , 3408.5030000000001564, 1, , , 3408.5030000000001564, 1
, , 3408.5070000000000618, 1, , , 3408.5070000000000618, 1, , , 3408.5070000000000618, 1, , , 3408.5070000000000618, 1
, , 3408.512000000000171, 1, , , 3408.512000000000171, 1, , , 3408.512000000000171, 1, , , 3408.512000000000171, 1
, , 3408.5169999999998254, 1, , , 3408.5169999999998254, 1, , , 3408.5169999999998254, 1, , , 3408.5169999999998254, 1
, , 3408.5230000000001382, 1, , , 3408.5230000000001382, 1, , , 3408.5230000000001382, 1, , , 3408.5230000000001382, 1
, , 3408.5289999999999964, 1, , , 3408.5289999999999964, 1, , , 3408.5289999999999964, 1, , , 3408.5289999999999964, 1
, , 3408.5320000000001528, 1, , , 3408.5320000000001528, 1, , , 3408.5320000000001528, 1, , , 3408.5320000000001528, 1
, , 3408.5369999999998072, 1, , , 3408.5369999999998072, 1, , , 3408.5369999999998072, 1, , , 3408.5369999999998072, 1
, , 3408.5419999999999163, 1, , , 3408.5419999999999163, 1, , , 3408.5419999999999163, 1, , , 3408.5419999999999163, 1
, , 3408.5470000000000255, 1, , , 3408.5470000000000255, 1, , , 3408.5470000000000255, 1, , , 3408.5470000000000255, 1
, , 3408.5520000000001346, 1, , , 3408.5520000000001346, 1, , , 3408.5520000000001346, 1, , , 3408.5520000000001346, 1
, , 3408.556999999999789, 1, , , 3408.556999999999789, 1, , , 3408.556999999999789, 1, , , 3408.556999999999789, 1
, , 3408.5619999999998981, 1, , , 3408.5619999999998981, 1, , , 3408.5619999999998981, 1, , , 3408.5619999999998981, 1
, , 3408.5670000000000073, 1, , , 3408.5670000000000073, 1, , , 3408.5670000000000073, 1, , , 3408.5670000000000073, 1
, , 3408.5720000000001164, 1, , , 3408.5720000000001164, 1, , , 3408.5720000000001164, 1, , , 3408.5720000000001164, 1
, , 3408.5770000000002256, 1, , , 3408.5770000000002256, 1, , , 3408.5770000000002256, 1, , , 3408.5770000000002256, 1
, , 3408.5819999999998799, 1, , , 3408.5819999999998799, 1, , , 3408.5819999999998799, 1, , , 3408.5819999999998799, 1
, , 3408.5869999999999891, 1, , , 3408.5869999999999891, 1, , , 3408.5869999999999891, 1, , , 3408.5869999999999891, 1
, , 3408.5920000000000982, 1, , , 3408.5920000000000982, 1, , , 3408.5920000000000982, 1, , , 3408.5920000000000982, 1
, , 3408.5970000000002074, 1, , , 3408.5970000000002074, 1, , , 3408.5970000000002074, 1, , , 3408.5970000000002074, 1
, , 3408.6019999999998618, 1, , , 3408.6019999999998618, 1, , , 3408.6019999999998618, 1, , , 3408.6019999999998618, 1
, , 3408.6069999999999709, 1, , , 3408.6069999999999709, 1, , , 3408.6069999999999709, 1, , , 3408.6069999999999709, 1
, , 3408.61200000000008, 1, , , 3408.61200000000008, 1, , , 3408.61200000000008, 1, , , 3408.61200000000008, 1
, , 3408.6170000000001892, 1, , , 3408.6170000000001892, 1, , , 3408.6170000000001892, 1, , , 3408.6170000000001892, 1
, , 3408.6219999999998436, 1, , , 3408.6219999999998436, 1, , , 3408.6219999999998436, 1, , , 3408.6219999999998436, 1
, , 3408.6280000000001564, 1, , , 3408.6280000000001564, 1, , , 3408.6280000000001564, 1, , , 3408.6280000000001564, 1
, , 3408.6320000000000618, 1, , , 3408.6320000000000618, 1, , , 3408.6320000000000618, 1, , , 3408.6320000000000618, 1
, , 3408.637000000000171, 1, , , 3408.637000000000171, 1, , , 3408.637000000000171, 1, , , 3408.637000000000171, 1
, , 3408.6419999999998254, 1, , , 3408.6419999999998254, 1, , , 3408.6419999999998254, 1, , , 3408.6419999999998254, 1
, , 3408.6469999999999345, 1, , , 3408.6469999999999345, 1, , , 3408.6469999999999345, 1, , , 3408.6469999999999345, 1
, , 3408.6520000000000437, 1, , , 3408.6520000000000437, 1, , , 3408.6520000000000437, 1, , , 3408.6520000000000437, 1
, , 3408.6579999999999018, 1, , , 3408.6579999999999018, 1, , , 3408.6579999999999018, 1, , , 3408.6579999999999018, 1
, , 3408.6619999999998072, 1, , , 3408.6619999999998072, 1, , , 3408.6619999999998072, 1, , , 3408.6619999999998072, 1
, , 3408.6669999999999163, 1, , , 3408.6669999999999163, 1, , , 3408.6669999999999163, 1, , , 3408.6669999999999163, 1
, , 3408.6720000000000255, 1, , , 3408.6720000000000255, 1, , , 3408.6720000000000255, 1, , , 3408.6720000000000255, 1
, , 3408.6770000000001346, 1, , , 3408.6770000000001346, 1, , , 3408.6770000000001346, 1, , , 3408.6770000000001346, 1
, , 3408.6829999999999927, 1, , , 3408.6829999999999927, 1, , , 3408.6829999999999927, 1, , , 3408.6829999999999927, 1
, , 3408.6880000000001019, 1, , , 3408.6880000000001019, 1, , , 3408.6880000000001019, 1, , , 3408.6880000000001019, 1
, , 3408.6920000000000073, 1, , , 3408.6920000000000073, 1, , , 3408.6920000000000073, 1, , , 3408.6920000000000073, 1
, , 3408.6979999999998654, 1, , , 3408.6979999999998654, 1, , , 3408.6979999999998654, 1, , , 3408.6979999999998654, 1
, , 3408.7040000000001783, 1, , , 3408.7040000000001783, 1, , , 3408.7040000000001783, 1, , , 3408.7040000000001783, 1
, , 3408.7069999999998799, 1, , , 3408.7069999999998799, 1, , , 3408.7069999999998799, 1, , , 3408.7069999999998799, 1
, , 3408.7119999999999891, 1, , , 3408.7119999999999891, 1, , , 3408.7119999999999891, 1, , , 3408.7119999999999891, 1
, , 3408.7170000000000982, 1, , , 3408.7170000000000982, 1, , , 3408.7170000000000982, 1, , , 3408.7170000000000982, 1
, , 3408.7240000000001601, 1, , , 3408.7240000000001601, 1, , , 3408.7240000000001601, 1, , , 3408.7240000000001601, 1
, , 3408.7260000000001128, 1, , , 3408.7260000000001128, 1, , , 3408.7260000000001128, 1, , , 3408.7260000000001128, 1
, , 3408.7319999999999709, 1, , , 3408.7319999999999709, 1, , , 3408.7319999999999709, 1, , , 3408.7319999999999709, 1
, , 3408.737999999999829, 1, , , 3408.737999999999829, 1, , , 3408.737999999999829, 1, , , 3408.737999999999829, 1
, , 3408.7420000000001892, 1, , , 3408.7420000000001892, 1, , , 3408.7420000000001892, 1, , , 3408.7420000000001892, 1
