# /gazebo_leg_forces_components/recceipt_time, /gazebo_leg_forces_components/reaction_forces/0/wrench/force/z, /foot_contacts/recceipt_time, /foot_contacts/contacts/0, /gazebo_leg_forces_components/recceipt_time, /gazebo_leg_forces_components/reaction_forces/1/wrench/force/z, /foot_contacts/recceipt_time, /foot_contacts/contacts/1, /gazebo_leg_forces_components/recceipt_time, /gazebo_leg_forces_components/reaction_forces/2/wrench/force/z, /foot_contacts/recceipt_time, /foot_contacts/contacts/2, /gazebo_leg_forces_components/recceipt_time, /gazebo_leg_forces_components/reaction_forces/3/wrench/force/z, /foot_contacts/recceipt_time, /foot_contacts/contacts/3
3052.3730000000000473, 64.005083743099845606, 3052.3679999999999382, 1, 3052.3730000000000473, 56.894200879305003582, 3052.3679999999999382, 1, 3052.3730000000000473, 39.72691634001085248, 3052.3679999999999382, 1, 3052.3730000000000473, 43.87060242684370337, 3052.3679999999999382, 1
3052.3859999999999673, 64.005092869591322824, 3052.3730000000000473, 1, 3052.3859999999999673, 56.894212603214313617, 3052.3730000000000473, 1, 3052.3859999999999673, 39.726908241825057644, 3052.3730000000000473, 1, 3052.3859999999999673, 43.870601106878162057, 3052.3730000000000473, 1
3052.4039999999999964, 64.005101995655678593, 3052.3780000000001564, 1, 3052.4039999999999964, 56.894224326423909588, 3052.3780000000001564, 1, 3052.4039999999999964, 39.7269001437619238, 3052.3780000000001564, 1, 3052.4039999999999964, 43.870599786956375965, 3052.3780000000001564, 1
3052.4140000000002146, 64.00511112129287028, 3052.3829999999998108, 1, 3052.4140000000002146, 56.894236048925279192, 3052.3829999999998108, 1, 3052.4140000000002146, 39.726892045809563569, 3052.3829999999998108, 1, 3052.4140000000002146, 43.870598467068894877, 3052.3829999999998108, 1
3052.4239999999999782, 63.907530507769379824, 3052.38799999999992, 1, 3052.4239999999999782, 57.242735878500006663, 3052.38799999999992, 1, 3052.4239999999999782, 39.824300085423331552, 3052.38799999999992, 1, 3052.4239999999999782, 43.805636873584532509, 3052.38799999999992, 1
3052.4239999999999782, 63.907539836416546564, 3052.3930000000000291, 1, 3052.4239999999999782, 57.242747736460898977, 3052.3930000000000291, 1, 3052.4239999999999782, 39.824292328915461781, 3052.3930000000000291, 1, 3052.4239999999999782, 43.805636166944282195, 3052.3930000000000291, 1
3052.44399999999996, 64.005138495695462098, 3052.3980000000001382, 1, 3052.44399999999996, 56.894271212228204604, 3052.3980000000001382, 1, 3052.44399999999996, 39.726867752660098176, 3052.3980000000001382, 1, 3052.44399999999996, 43.870594507649293803, 3052.3980000000001382, 1
3052.44399999999996, 64.005147619657591918, 3052.4029999999997926, 1, 3052.44399999999996, 56.894282931916933421, 3052.4029999999997926, 1, 3052.44399999999996, 39.726859655172489738, 3052.4029999999997926, 1, 3052.44399999999996, 43.870593187924782796, 3052.4029999999997926, 1
3052.4540000000001783, 64.005156743203883707, 3052.4079999999999018, 1, 3052.4540000000001783, 56.894294650899809085, 3052.4079999999999018, 1, 3052.4540000000001783, 39.726851557795072267, 3052.4079999999999018, 1, 3052.4540000000001783, 43.87059186823319834, 3052.4079999999999018, 1
3052.4639999999999418, 63.907554920024438161, 3052.4140000000002146, 1, 3052.4639999999999418, 57.242773660816339998, 3052.4140000000002146, 1, 3052.4639999999999418, 39.824258378585085438, 3052.4140000000002146, 1, 3052.4639999999999418, 43.805630352788206494, 3052.4140000000002146, 1
3052.4839999999999236, 63.907561469057959869, 3052.4180000000001201, 1, 3052.4839999999999236, 57.242782828519338523, 3052.4180000000001201, 1, 3052.4839999999999236, 39.824250257027856037, 3052.4180000000001201, 1, 3052.4839999999999236, 43.805629272893142456, 3052.4180000000001201, 1
3052.4960000000000946, 63.907570795874093506, 3052.4229999999997744, 1, 3052.4960000000000946, 57.242795275596094484, 3052.4229999999997744, 1, 3052.4960000000000946, 39.824241725645791234, 3052.4229999999997744, 1, 3052.4960000000000946, 43.805628495819966872, 3052.4229999999997744, 1
3052.4960000000000946, 63.907580122270587708, 3052.4279999999998836, 1, 3052.4960000000000946, 57.242807129247800901, 3052.4279999999998836, 1, 3052.4960000000000946, 39.824233969941168709, 3052.4279999999998836, 1, 3052.4960000000000946, 43.805627789429713914, 3052.4279999999998836, 1
3052.5039999999999054, 63.907570003948279691, 3052.4329999999999927, 1, 3052.5039999999999054, 57.242799580858871877, 3052.4329999999999927, 1, 3052.5039999999999054, 39.824224430788440543, 3052.4329999999999927, 1, 3052.5039999999999054, 43.805624539940886564, 3052.4329999999999927, 1
3052.5140000000001237, 64.005211475757647577, 3052.4380000000001019, 1, 3052.5140000000001237, 56.894364949934022491, 3052.4380000000001019, 1, 3052.5140000000001237, 39.726802975864018208, 3052.4380000000001019, 1, 3052.5140000000001237, 43.870583951044373805, 3052.4380000000001019, 1
3052.5329999999999018, 64.005220596405791866, 3052.443000000000211, 1, 3052.5329999999999018, 56.894376663957153539, 3052.443000000000211, 1, 3052.5329999999999018, 39.726794879253858994, 3052.443000000000211, 1, 3052.5329999999999018, 43.870582565701354838, 3052.443000000000211, 1
3052.5340000000001055, 64.005229716651754757, 3052.4479999999998654, 1, 3052.5340000000001055, 56.894388377258749756, 3052.4479999999998654, 1, 3052.5340000000001055, 39.726786782758438221, 3052.4479999999998654, 1, 3052.5340000000001055, 43.870581246373092199, 3052.4479999999998654, 1
3052.5430000000001201, 63.907583223219013746, 3052.4520000000002256, 1, 3052.5430000000001201, 57.242823126372783804, 3052.4520000000002256, 1, 3052.5430000000001201, 39.824192036476262047, 3052.4520000000002256, 1, 3052.5430000000001201, 43.870580256913079609, 3052.4520000000002256, 1
3052.5540000000000873, 63.907589771348142449, 3052.4580000000000837, 1, 3052.5540000000000873, 57.242832290804940953, 3052.4580000000000837, 1, 3052.5540000000000873, 39.82418391598969265, 3052.4580000000000837, 1, 3052.5540000000000873, 43.805617790272833645, 3052.4580000000000837, 1
3052.5639999999998508, 63.907600961088355973, 3052.4630000000001928, 1, 3052.5639999999998508, 57.242846510771357771, 3052.4630000000001928, 1, 3052.5639999999998508, 39.82417461011273474, 3052.4630000000001928, 1, 3052.5639999999998508, 43.805616942982986473, 3052.4630000000001928, 1
3052.5740000000000691, 63.907610285398703809, 3052.4690000000000509, 1, 3052.5740000000000691, 57.242858359925804734, 3052.4690000000000509, 1, 3052.5740000000000691, 39.82416685530942857, 3052.4690000000000509, 1, 3052.5740000000000691, 43.805616236947848563, 3052.4690000000000509, 1
3052.5839999999998327, 63.907619609312924069, 3052.4729999999999563, 1, 3052.5839999999998327, 57.242870208355441264, 3052.4729999999999563, 1, 3052.5839999999998327, 39.8241591006058826, 3052.4729999999999563, 1, 3052.5839999999998327, 43.805615530948372793, 3052.4729999999999563, 1
3052.6039999999998145, 63.907606720698439062, 3052.4780000000000655, 1, 3052.6039999999998145, 57.242860570445593282, 3052.4780000000000655, 1, 3052.6039999999998145, 39.824148422638046441, 3052.4780000000000655, 1, 3052.6039999999998145, 43.80561183922555557, 3052.4780000000000655, 1
3052.6140000000000327, 63.907615578227890296, 3052.4839999999999236, 1, 3052.6140000000000327, 57.242872418042196614, 3052.4839999999999236, 1, 3052.6140000000000327, 39.824140668191617465, 3052.4839999999999236, 1, 3052.6140000000000327, 43.805611133352236664, 3052.4839999999999236, 1
3052.6140000000000327, 63.907624901547805507, 3052.487999999999829, 1, 3052.6140000000000327, 57.242884264918743042, 3052.487999999999829, 1, 3052.6140000000000327, 39.824132913837431147, 3052.487999999999829, 1, 3052.6140000000000327, 43.805610427517784444, 3052.487999999999829, 1
3052.6239999999997963, 63.907634690609143036, 3052.4920000000001892, 1, 3052.6239999999997963, 57.242896111056282393, 3052.4920000000001892, 1, 3052.6239999999997963, 39.824125159561134524, 3052.4920000000001892, 1, 3052.6239999999997963, 43.80560972171451084, 3052.4920000000001892, 1
3052.6340000000000146, 63.907621805593251452, 3052.4989999999997963, 1, 3052.6340000000000146, 57.242886475487111397, 3052.4989999999997963, 1, 3052.6340000000000146, 39.824114482652518632, 3052.4989999999997963, 1, 3052.6340000000000146, 43.805606030841694576, 3052.4989999999997963, 1
3052.6439999999997781, 63.907631128292173628, 3052.5030000000001564, 1, 3052.6439999999997781, 57.242898320785187138, 3052.5030000000001564, 1, 3052.6439999999997781, 39.824106728635200625, 3052.5030000000001564, 1, 3052.6439999999997781, 43.805605325182966681, 3052.5030000000001564, 1
3052.6539999999999964, 63.907640450596979065, 3052.5090000000000146, 1, 3052.6539999999999964, 57.242910165352029139, 3052.5090000000000146, 1, 3052.6539999999999964, 39.824098974706956255, 3052.5090000000000146, 1, 3052.6539999999999964, 43.805604619559950663, 3052.5090000000000146, 1
3052.6660000000001673, 63.907649772512215236, 3052.51299999999992, 1, 3052.6660000000001673, 57.24292200919396123, 3052.51299999999992, 1, 3052.6660000000001673, 39.824091220865113883, 3052.51299999999992, 1, 3052.6660000000001673, 43.80560391397125386, 3052.51299999999992, 1
3052.6739999999999782, 63.907634115910262551, 3052.5180000000000291, 1, 3052.6739999999999782, 57.242909691561379759, 3052.5180000000000291, 1, 3052.6739999999999782, 39.824080179748619912, 3052.5180000000000291, 1, 3052.6739999999999782, 43.805599850933667483, 3052.5180000000000291, 1
3052.6840000000001965, 63.907643437705310419, 3052.5230000000001382, 1, 3052.6840000000001965, 57.242921534621984847, 3052.5230000000001382, 1, 3052.6840000000001965, 39.824072426160086025, 3052.5230000000001382, 1, 3052.6840000000001965, 43.805599145505119907, 3052.5230000000001382, 1
3052.69399999999996, 63.907650428807663445, 3052.5279999999997926, 1, 3052.69399999999996, 57.242930416458634113, 3052.5279999999997926, 1, 3052.69399999999996, 39.824066611009712346, 3052.5279999999997926, 1, 3052.69399999999996, 43.805598616459029415, 3052.5279999999997926, 1
3052.7040000000001783, 63.907659749875143973, 3052.5329999999999018, 1, 3052.7040000000001783, 57.242942258175233405, 3052.5329999999999018, 1, 3052.7040000000001783, 39.82405885757108166, 3052.5329999999999018, 1, 3052.7040000000001783, 43.805597911106715969, 3052.5329999999999018, 1
3052.7240000000001601, 63.90764642810854923, 3052.5380000000000109, 1, 3052.7240000000001601, 57.242932904185636289, 3052.5380000000000109, 1, 3052.7240000000001601, 39.824045879267259807, 3052.5380000000000109, 1, 3052.7240000000001601, 43.805593672756423018, 3052.5380000000000109, 1
3052.7240000000001601, 63.907655749011951229, 3052.543999999999869, 1, 3052.7240000000001601, 57.242944744985877037, 3052.543999999999869, 1, 3052.7240000000001601, 39.824038126088993295, 3052.543999999999869, 1, 3052.7240000000001601, 43.805592967572266616, 3052.543999999999869, 1
3052.7429999999999382, 63.907665069533827307, 3052.5470000000000255, 1, 3052.7429999999999382, 57.24295658505381823, 3052.5470000000000255, 1, 3052.7429999999999382, 39.824030372986733539, 3052.5470000000000255, 1, 3052.7429999999999382, 43.805592262424646322, 3052.5470000000000255, 1
3052.7440000000001419, 63.90767438966059899, 3052.5529999999998836, 1, 3052.7440000000001419, 57.2429684243828234, 3052.5529999999998836, 1, 3052.7440000000001419, 39.824022619967436754, 3052.5529999999998836, 1, 3052.7440000000001419, 43.805591557332839159, 3052.5529999999998836, 1
3052.7539999999999054, 63.907683709410704864, 3052.5630000000001019, 1, 3052.7539999999999054, 57.242980262972245953, 3052.5630000000001019, 1, 3052.7539999999999054, 39.824014867015520736, 3052.5630000000001019, 1, 3052.7539999999999054, 43.805590852278633918, 3052.5630000000001019, 1
3052.7640000000001237, 63.907668062321192792, 3052.5630000000001019, 1, 3052.7640000000001237, 57.242967951810982186, 3052.5630000000001019, 1, 3052.7640000000001237, 39.824003828370862834, 3052.5630000000001019, 1, 3052.7640000000001237, 43.805586791427401749, 3052.5630000000001019, 1
3052.7739999999998872, 63.907677381973059028, 3052.568000000000211, 1, 3052.7739999999998872, 57.242979789604753194, 3052.568000000000211, 1, 3052.7739999999998872, 39.82399607566798494, 3052.568000000000211, 1, 3052.7739999999998872, 43.805586086547954494, 3052.568000000000211, 1
3052.7829999999999018, 63.907686701250014494, 3052.5729999999998654, 1, 3052.7829999999999018, 57.242991626646116288, 3052.5729999999998654, 1, 3052.7829999999999018, 39.823988323031542791, 3052.5729999999998654, 1, 3052.7829999999999018, 43.805585381713612492, 3052.5729999999998654, 1
3052.7930000000001201, 63.907696020141031568, 3052.5779999999999745, 1, 3052.7930000000001201, 57.24300346294524644, 3052.5779999999999745, 1, 3052.7930000000001201, 39.823980570467689688, 3052.5779999999999745, 1, 3052.7930000000001201, 43.805584676928134513, 3052.5779999999999745, 1
3052.8139999999998508, 63.907680843649416147, 3052.5839999999998327, 1, 3052.8139999999998508, 57.242991746811810572, 3052.5839999999998327, 1, 3052.8139999999998508, 39.823969145336832298, 3052.5839999999998327, 1, 3052.8139999999998508, 43.805580581895107173, 3052.5839999999998327, 1
3052.8240000000000691, 63.907690162448275828, 3052.5880000000001928, 1, 3052.8240000000000691, 57.243003582279733621, 3052.5880000000001928, 1, 3052.8240000000000691, 39.823961393005276932, 3052.5880000000001928, 1, 3052.8240000000000691, 43.805579877296658253, 3052.5880000000001928, 1
3052.8240000000000691, 63.90769901494679317, 3052.5929999999998472, 1, 3052.8240000000000691, 57.243014825253538902, 3052.5929999999998472, 1, 3052.8240000000000691, 39.823954028357348989, 3052.5929999999998472, 1, 3052.8240000000000691, 43.805579207971298672, 3052.5929999999998472, 1
3052.8339999999998327, 63.907708333006446821, 3052.5979999999999563, 1, 3052.8339999999998327, 57.243026659241849075, 3052.5979999999999563, 1, 3052.8339999999998327, 39.823946276173217029, 3052.5979999999999563, 1, 3052.8339999999998327, 43.805578503471295448, 3052.5979999999999563, 1
3052.8440000000000509, 63.907717650697634326, 3052.6030000000000655, 1, 3052.8440000000000509, 57.243038492475832868, 3052.6030000000000655, 1, 3052.8440000000000509, 39.823938524051989418, 3052.6030000000000655, 1, 3052.8440000000000509, 43.805577799029272512, 3052.6030000000000655, 1
3052.8640000000000327, 64.005521355134519013, 3052.6089999999999236, 1, 3052.8640000000000327, 56.894762820336197251, 3052.6089999999999236, 1, 3052.8640000000000327, 39.726527746158843968, 3052.6089999999999236, 1, 3052.8640000000000327, 43.87053912343297668, 3052.6089999999999236, 1
3052.8640000000000327, 64.005530462528511748, 3052.612999999999829, 1, 3052.8640000000000327, 56.894774509516523153, 3052.612999999999829, 1, 3052.8640000000000327, 39.726519652706684838, 3052.612999999999829, 1, 3052.8640000000000327, 43.870537806108714562, 3052.612999999999829, 1
3052.8739999999997963, 64.005539569554599666, 3052.6179999999999382, 1, 3052.8739999999997963, 56.894786197936319638, 3052.6179999999999382, 1, 3052.8739999999997963, 39.726511559333985701, 3052.6179999999999382, 1, 3052.8739999999997963, 43.870536488865774061, 3052.6179999999999382, 1
3052.8840000000000146, 64.005548676220257676, 3052.6230000000000473, 1, 3052.8840000000000146, 56.894797885614039501, 3052.6230000000000473, 1, 3052.8840000000000146, 39.726503466025846478, 3052.6230000000000473, 1, 3052.8840000000000146, 43.870535171697085275, 3052.6230000000000473, 1
3052.9039999999999964, 63.907717104247666384, 3052.6289999999999054, 1, 3052.9039999999999964, 57.243052062280725067, 3052.6289999999999054, 1, 3052.9039999999999964, 39.823893561931811291, 3052.6289999999999054, 1, 3052.9039999999999964, 43.805567942888167465, 3052.6289999999999054, 1
3052.9140000000002146, 63.907726421001328276, 3052.6340000000000146, 1, 3052.9140000000002146, 57.243063892276381921, 3052.6340000000000146, 1, 3052.9140000000002146, 39.82388581036582309, 3052.6340000000000146, 1, 3052.9140000000002146, 43.805567238927210383, 3052.6340000000000146, 1
3052.9239999999999782, 63.907735737391668351, 3052.6419999999998254, 1, 3052.9239999999999782, 57.243075721501220698, 3052.6419999999998254, 1, 3052.9239999999999782, 39.823878058854319306, 3052.6419999999998254, 1, 3052.9239999999999782, 43.805566535037918641, 3052.6419999999998254, 1
3052.9239999999999782, 63.907745053418501868, 3052.6419999999998254, 1, 3052.9239999999999782, 57.243087549969445149, 3052.6419999999998254, 1, 3052.9239999999999782, 39.823870307410125235, 3052.6419999999998254, 1, 3052.9239999999999782, 43.805565831203622906, 3052.6419999999998254, 1
3052.9340000000001965, 63.907732196440292682, 3052.6480000000001382, 1, 3052.9340000000001965, 57.243077931777307299, 3052.6480000000001382, 1, 3052.9340000000001965, 39.82385963799606543, 3052.6480000000001382, 1, 3052.9340000000001965, 43.805562147232350867, 3052.6480000000001382, 1
3052.94399999999996, 63.907741512345580759, 3052.6529999999997926, 1, 3052.94399999999996, 57.243089759322813848, 3052.6529999999997926, 1, 3052.94399999999996, 39.823851886734772165, 3052.6529999999997926, 1, 3052.94399999999996, 43.805561443593148852, 3052.6529999999997926, 1
3052.9549999999999272, 63.907750827902439994, 3052.6590000000001055, 1, 3052.9549999999999272, 57.243101586102923761, 3052.6590000000001055, 1, 3052.9549999999999272, 39.82384413554562741, 3052.6590000000001055, 1, 3052.9549999999999272, 43.805560740024390043, 3052.6590000000001055, 1
3052.9639999999999418, 63.907760143097561922, 3052.6630000000000109, 1, 3052.9639999999999418, 57.243113412109423166, 3052.6630000000000109, 1, 3052.9639999999999418, 39.823836384403911381, 3052.6630000000000109, 1, 3052.9639999999999418, 43.805560036514961553, 3052.6630000000000109, 1
3052.9740000000001601, 64.005630620002349929, 3052.6720000000000255, 1, 3052.9740000000001601, 56.894903040564607011, 3052.6720000000000255, 1, 3052.9740000000001601, 39.726430629489271951, 3052.6720000000000255, 1, 3052.9740000000001601, 43.870523320832077729, 3052.6720000000000255, 1
3052.9839999999999236, 64.005639723104678751, 3052.6739999999999782, 1, 3052.9839999999999236, 56.894914720629898852, 3052.6739999999999782, 1, 3052.9839999999999236, 39.726422536871766056, 3052.6739999999999782, 1, 3052.9839999999999236, 43.870522004492343626, 3052.6739999999999782, 1
3052.9940000000001419, 64.005648825844531302, 3052.68100000000004, 1, 3052.9940000000001419, 56.894926399934853123, 3052.68100000000004, 1, 3052.9940000000001419, 39.726414444311458851, 3052.68100000000004, 1, 3052.9940000000001419, 43.870520688245299823, 3052.68100000000004, 1
3053.0030000000001564, 63.907758610919287889, 3052.6829999999999927, 1, 3053.0030000000001564, 57.24312319090869039, 3052.6829999999999927, 1, 3053.0030000000001564, 39.823800275516518354, 3052.6829999999999927, 1, 3053.0030000000001564, 43.805552009563626825, 3052.6829999999999927, 1
3053.0149999999998727, 63.907765155075594521, 3052.6889999999998508, 1, 3053.0149999999998727, 57.243132334629038382, 3052.6889999999998508, 1, 3053.0149999999998727, 39.823792160187764466, 3052.6889999999998508, 1, 3053.0149999999998727, 43.805550934172600819, 3052.6889999999998508, 1
3053.0239999999998872, 63.907774469302466969, 3052.7010000000000218, 1, 3053.0239999999998872, 57.243144157137365369, 3052.7010000000000218, 1, 3053.0239999999998872, 39.823784409491139513, 3052.7010000000000218, 1, 3053.0239999999998872, 43.805550231221289437, 3052.7010000000000218, 1
3053.0340000000001055, 63.907783783187525728, 3052.7010000000000218, 1, 3053.0340000000001055, 57.243155978869864953, 3052.7010000000000218, 1, 3053.0340000000001055, 39.823776658839094011, 3052.7010000000000218, 1, 3053.0340000000001055, 43.805549528341920507, 3052.7010000000000218, 1
3053.0450000000000728, 63.907773706894062116, 3052.7040000000001783, 1, 3053.0450000000000728, 57.243149045977020251, 3052.7040000000001783, 1, 3053.0450000000000728, 39.823766356487439566, 3052.7040000000001783, 1, 3053.0450000000000728, 43.805546219438994626, 3052.7040000000001783, 1
3053.0540000000000873, 63.907780250854351323, 3052.7080000000000837, 1, 3053.0540000000000873, 57.243158187773033774, 3052.7080000000000837, 1, 3053.0540000000000873, 39.823758241499248811, 3052.7080000000000837, 1, 3053.0540000000000873, 43.805545144497074261, 3052.7080000000000837, 1
3053.0639999999998508, 63.907789564317965869, 3052.7130000000001928, 1, 3053.0639999999998508, 57.243170007763083618, 3052.7130000000001928, 1, 3053.0639999999998508, 39.823750491059421108, 3052.7130000000001928, 1, 3053.0639999999998508, 43.805544441918968346, 3052.7130000000001928, 1
3053.0740000000000691, 63.907798877447476116, 3052.7190000000000509, 1, 3053.0740000000000691, 57.243181826960409353, 3052.7190000000000509, 1, 3053.0740000000000691, 39.823742740674077822, 3052.7190000000000509, 1, 3053.0740000000000691, 43.805543739415256255, 3052.7190000000000509, 1
3053.0839999999998327, 63.907808190232138656, 3052.7229999999999563, 1, 3053.0839999999998327, 57.243193645375441747, 3052.7229999999999563, 1, 3053.0839999999998327, 39.823734990311862703, 3052.7229999999999563, 1, 3053.0839999999998327, 43.805543036995544526, 3052.7229999999999563, 1
3053.1039999999998145, 63.90779257909261446, 3052.7300000000000182, 1, 3053.1039999999998145, 57.243181357167458145, 3052.7300000000000182, 1, 3053.1039999999998145, 39.823723960013431622, 3052.7300000000000182, 1, 3053.1039999999998145, 43.805538949699418083, 3052.7300000000000182, 1
3053.1039999999998145, 63.907801891894123969, 3052.7330000000001746, 1, 3053.1039999999998145, 57.243193174684293467, 3052.7330000000001746, 1, 3053.1039999999998145, 39.823716209820233303, 3052.7330000000001746, 1, 3053.1039999999998145, 43.805538247518100547, 3052.7330000000001746, 1
3053.1140000000000327, 63.907811204364904256, 3052.7390000000000327, 1, 3053.1140000000000327, 57.243204991411239746, 3052.7390000000000327, 1, 3053.1140000000000327, 39.823708459676630866, 3052.7390000000000327, 1, 3053.1140000000000327, 43.805537580527683872, 3052.7390000000000327, 1
3053.1239999999997963, 63.907820516505914554, 3052.7429999999999382, 1, 3053.1239999999997963, 57.243216807342463426, 3052.7429999999999382, 1, 3053.1239999999997963, 39.823700709555907906, 3052.7429999999999382, 1, 3053.1239999999997963, 43.805536878515077603, 3052.7429999999999382, 1
3053.1340000000000146, 63.907807678779448679, 3052.7480000000000473, 1, 3053.1340000000000146, 57.24320719986944539, 3052.7480000000000473, 1, 3053.1340000000000146, 39.823690044571833369, 3052.7480000000000473, 1, 3053.1340000000000146, 43.805533199631781827, 3052.7480000000000473, 1
3053.1469999999999345, 63.907816990876639807, 3052.7530000000001564, 1, 3053.1469999999999345, 57.24321901481248176, 3052.7530000000001564, 1, 3053.1469999999999345, 39.823681907102681521, 3052.7530000000001564, 1, 3053.1469999999999345, 43.80553246277113999, 3052.7530000000001564, 1
3053.1559999999999491, 63.90782630265020714, 3052.7579999999998108, 1, 3053.1559999999999491, 57.243230828963170609, 3052.7579999999998108, 1, 3053.1559999999999491, 39.823674157157718412, 3052.7579999999998108, 1, 3053.1559999999999491, 43.805531726011281535, 3052.7579999999998108, 1
3053.1739999999999782, 63.907813468583583472, 3052.7640000000001237, 1, 3053.1739999999999782, 57.243221223764166439, 3052.7640000000001237, 1, 3053.1739999999999782, 39.823663880385879565, 3052.7640000000001237, 1, 3053.1739999999999782, 43.805528083129757988, 3052.7640000000001237, 1
3053.1840000000001965, 64.00581261769443131, 3052.7680000000000291, 1, 3053.1840000000001965, 56.895136494149596729, 3052.7680000000000291, 1, 3053.1840000000001965, 39.726268787597760479, 3052.7680000000000291, 1, 3053.1840000000001965, 43.870497012303353301, 3052.7680000000000291, 1
3053.1840000000001965, 64.005821714151409196, 3052.7730000000001382, 1, 3053.1840000000001965, 56.895148158537494965, 3052.7730000000001382, 1, 3053.1840000000001965, 39.72626069598707943, 3052.7730000000001382, 1, 3053.1840000000001965, 43.870495697975897542, 3052.7730000000001382, 1
3053.19399999999996, 64.005830810306918011, 3052.7789999999999964, 1, 3053.19399999999996, 56.895159822135241257, 3052.7789999999999964, 1, 3053.19399999999996, 39.72625260441703432, 3052.7789999999999964, 1, 3053.19399999999996, 43.870494383769894853, 3052.7789999999999964, 1
3053.2040000000001783, 64.005839906152715457, 3052.7829999999999018, 1, 3053.2040000000001783, 56.895171484921640115, 3052.7829999999999018, 1, 3053.2040000000001783, 39.726244512870906078, 3052.7829999999999018, 1, 3053.2040000000001783, 43.87049306966326867, 3052.7829999999999018, 1
3053.2130000000001928, 63.907837883829664349, 3052.7880000000000109, 1, 3053.2130000000001928, 57.243258868168886977, 3052.7880000000000109, 1, 3053.2130000000001928, 39.823622217941050394, 3052.7880000000000109, 1, 3053.2130000000001928, 43.805521636334063373, 3052.7880000000000109, 1
3053.2229999999999563, 63.907844427301981227, 3052.7930000000001201, 1, 3053.2229999999999563, 57.243268001453500915, 3052.7930000000001201, 1, 3053.2229999999999563, 39.823614104155332427, 3052.7930000000001201, 1, 3053.2229999999999563, 43.805520563529015021, 3052.7930000000001201, 1
3053.2330000000001746, 63.907853737838891561, 3052.7979999999997744, 1, 3053.2330000000001746, 57.243279810419224418, 3052.7979999999997744, 1, 3053.2330000000001746, 39.823606354578132027, 3052.7979999999997744, 1, 3053.2330000000001746, 43.805519862769727979, 3052.7979999999997744, 1
3053.2440000000001419, 63.907863048077047097, 3052.8020000000001346, 1, 3053.2440000000001419, 57.243291618574751567, 3052.8020000000001346, 1, 3053.2440000000001419, 39.823598605020166019, 3052.8020000000001346, 1, 3053.2440000000001419, 43.805519162106058673, 3052.8020000000001346, 1
3053.2539999999999054, 63.907872358020952674, 3052.8079999999999927, 1, 3053.2539999999999054, 57.24330342591265719, 3052.8079999999999927, 1, 3053.2539999999999054, 39.82359085545951416, 3052.8079999999999927, 1, 3053.2539999999999054, 43.805518461539804775, 3052.8079999999999927, 1
3053.2640000000001237, 63.90785676619313449, 3052.8130000000001019, 1, 3053.2640000000001237, 57.243291148924093648, 3052.8130000000001019, 1, 3053.2640000000001237, 39.82357982891959125, 3052.8130000000001019, 1, 3053.2640000000001237, 43.805514414334041362, 3052.8130000000001019, 1
3053.2829999999999018, 63.907866076217437978, 3052.818000000000211, 1, 3053.2829999999999018, 57.243302955295710888, 3052.818000000000211, 1, 3053.2829999999999018, 39.823572079485984432, 3052.818000000000211, 1, 3053.2829999999999018, 43.805513714048814222, 3052.818000000000211, 1
3053.2840000000001055, 63.907875385939817647, 3052.8229999999998654, 1, 3053.2840000000001055, 57.243314760848647893, 3052.8229999999998654, 1, 3053.2840000000001055, 39.823564330067675598, 3052.8229999999998654, 1, 3053.2840000000001055, 43.805513013886368867, 3052.8229999999998654, 1
3053.293999999999869, 63.907884695365211769, 3052.8279999999999745, 1, 3053.293999999999869, 57.243326565566675868, 3052.8279999999999745, 1, 3053.293999999999869, 39.823556580649551506, 3052.8279999999999745, 1, 3053.293999999999869, 43.805512313829908067, 3052.8279999999999745, 1
3053.3040000000000873, 63.907871874644797572, 3052.8339999999998327, 1, 3053.3040000000000873, 57.243316966723128303, 3052.8339999999998327, 1, 3053.3040000000000873, 39.823545531534925601, 3052.8339999999998327, 1, 3053.3040000000000873, 43.805508604683026874, 3052.8339999999998327, 1
3053.3130000000001019, 63.907881184099665006, 3052.8389999999999418, 1, 3053.3130000000001019, 57.243328770384742654, 3052.8389999999999418, 1, 3053.3130000000001019, 39.823537782210237879, 3052.8389999999999418, 1, 3053.3130000000001019, 43.805507904915948814, 3052.8389999999999418, 1
3053.3229999999998654, 63.907890027815064116, 3052.8429999999998472, 1, 3053.3229999999998654, 57.243340573223008505, 3052.8429999999998472, 1, 3053.3229999999998654, 39.823530420363454141, 3052.8429999999998472, 1, 3053.3229999999998654, 43.805507240257753665, 3052.8429999999998472, 1
3053.3369999999999891, 63.907899336703152926, 3052.8490000000001601, 1, 3053.3369999999999891, 57.243352375216701944, 3052.8490000000001601, 1, 3053.3369999999999891, 39.823522671052550947, 3052.8490000000001601, 1, 3053.3369999999999891, 43.805506540722355169, 3052.8490000000001601, 1
3053.3440000000000509, 63.907886985510721445, 3052.8530000000000655, 1, 3053.3440000000000509, 57.243342778318776709, 3052.8530000000000655, 1, 3053.3440000000000509, 39.82351201011842079, 3052.8530000000000655, 1, 3053.3440000000000509, 43.805502867738880468, 3052.8530000000000655, 1
3053.3530000000000655, 64.005976308094986393, 3052.8589999999999236, 1, 3053.3530000000000655, 56.895346328950665793, 3052.8589999999999236, 1, 3053.3530000000000655, 39.726123142756641471, 3052.8589999999999236, 1, 3053.3530000000000655, 43.870473373063838096, 3052.8589999999999236, 1
3053.3640000000000327, 64.00598539928306252, 3052.8640000000000327, 1, 3053.3640000000000327, 56.895357978604565119, 3052.8640000000000327, 1, 3053.3640000000000327, 39.726115051529582445, 3052.8640000000000327, 1, 3053.3640000000000327, 43.870472061016066334, 3052.8640000000000327, 1
3053.3840000000000146, 63.90789279027452352, 3052.8679999999999382, 1, 3053.3840000000000146, 57.243356784603733445, 3052.8679999999999382, 1, 3053.3840000000000146, 39.823485851309619932, 3052.8679999999999382, 1, 3053.3840000000000146, 43.805497797435549501, 3052.8679999999999382, 1
3053.3840000000000146, 63.907902098974297189, 3052.8730000000000473, 1, 3053.3840000000000146, 57.243368583596151211, 3052.8730000000000473, 1, 3053.3840000000000146, 39.823478102147596758, 3052.8730000000000473, 1, 3053.3840000000000146, 43.80549709864477137, 3052.8730000000000473, 1
3053.4039999999999964, 63.907911407409969229, 3052.8780000000001564, 1, 3053.4039999999999964, 57.243380381748522723, 3052.8780000000001564, 1, 3053.4039999999999964, 39.823470352974574382, 3052.8780000000001564, 1, 3053.4039999999999964, 43.805496399989550582, 3052.8780000000001564, 1
3053.4039999999999964, 63.907920715580601723, 3052.8829999999998108, 1, 3053.4039999999999964, 57.243392179050111679, 3052.8829999999998108, 1, 3053.4039999999999964, 39.823462603777457502, 3052.8829999999998108, 1, 3053.4039999999999964, 43.805495701453089907, 3052.8829999999998108, 1
3053.4140000000002146, 63.907930023477021564, 3052.88799999999992, 1, 3053.4140000000002146, 57.243403975493663438, 3052.88799999999992, 1, 3053.4140000000002146, 39.823454854585058627, 3052.88799999999992, 1, 3053.4140000000002146, 43.805495003041073687, 3052.88799999999992, 1
3053.4239999999999782, 63.907917215175423564, 3052.8939999999997781, 1, 3053.4239999999999782, 57.243394382400722975, 3052.8939999999997781, 1, 3053.4239999999999782, 39.823444194992092093, 3052.8939999999997781, 1, 3053.4239999999999782, 43.805491332497140888, 3052.8939999999997781, 1
3053.4340000000001965, 63.907926523168526955, 3052.8980000000001382, 1, 3053.4340000000001965, 57.24340617773414408, 3052.8980000000001382, 1, 3053.4340000000001965, 39.823436445841267073, 3052.8980000000001382, 1, 3053.4340000000001965, 43.805490634421140328, 3052.8980000000001382, 1
3053.44399999999996, 63.907935830886813733, 3052.9029999999997926, 1, 3053.44399999999996, 57.243417972208675337, 3052.9029999999997926, 1, 3053.44399999999996, 39.823428696671683724, 3052.9029999999997926, 1, 3053.44399999999996, 43.805489936489102831, 3052.9029999999997926, 1
3053.4639999999999418, 63.907923026474030337, 3052.9079999999999018, 1, 3053.4639999999999418, 57.24340838123961106, 3052.9079999999999018, 1, 3053.4639999999999418, 39.82341803765405075, 3052.9079999999999018, 1, 3053.4639999999999418, 43.805486266988651778, 3052.9079999999999018, 1
3053.4740000000001601, 64.00607629664199294, 3052.9130000000000109, 1, 3053.4740000000001601, 56.895474428601701788, 3052.9130000000000109, 1, 3053.4740000000001601, 39.726034139368209708, 3052.9130000000000109, 1, 3053.4740000000001601, 43.870458883174549669, 3052.9130000000000109, 1
3053.4740000000001601, 64.006085384992218223, 3052.918999999999869, 1, 3053.4740000000001601, 56.89548606889219684, 3052.918999999999869, 1, 3053.4740000000001601, 39.726026048106191979, 3052.918999999999869, 1, 3053.4740000000001601, 43.870457572788708944, 3052.918999999999869, 1
3053.4839999999999236, 64.006094473091465602, 3052.9229999999997744, 1, 3053.4839999999999236, 56.895497708314962892, 3052.9229999999997744, 1, 3053.4839999999999236, 39.726017956831498168, 3052.9229999999997744, 1, 3053.4839999999999236, 43.870456328089112219, 3052.9229999999997744, 1
3053.4940000000001419, 64.006103560948702125, 3052.9270000000001346, 1, 3053.4940000000001419, 56.895509346873367917, 3052.9270000000001346, 1, 3053.4940000000001419, 39.726009865540127919, 3052.9270000000001346, 1, 3053.4940000000001419, 43.870455018040885875, 3052.9270000000001346, 1
3053.5039999999999054, 63.90794745651206199, 3052.9329999999999927, 1, 3053.5039999999999054, 57.24344595998005758, 3052.9329999999999927, 1, 3053.5039999999999054, 39.823376382618164371, 3052.9329999999999927, 1, 3053.5039999999999054, 43.805479809479592745, 3052.9329999999999927, 1
3053.5140000000001237, 63.907956763730297212, 3052.9380000000001019, 1, 3053.5140000000001237, 57.243457749559581771, 3052.9380000000001019, 1, 3053.5140000000001237, 39.823368633425396013, 3052.9380000000001019, 1, 3053.5140000000001237, 43.805479077849739156, 3052.9380000000001019, 1
3053.5340000000001055, 63.907966070704048889, 3052.943000000000211, 1, 3053.5340000000001055, 57.243469538250501216, 3052.943000000000211, 1, 3053.5340000000001055, 39.82336088419282305, 3052.943000000000211, 1, 3053.5340000000001055, 43.805478381209788097, 3052.943000000000211, 1
3053.5340000000001055, 63.907974912121161992, 3052.9479999999998654, 1, 3053.5340000000001055, 57.243480736692390565, 3052.9479999999998654, 1, 3053.5340000000001055, 39.823353522396608639, 3052.9479999999998654, 1, 3053.5340000000001055, 43.805477754365000465, 3052.9479999999998654, 1
3053.543999999999869, 63.907962581993700724, 3052.9549999999999272, 1, 3053.543999999999869, 57.243471738407706084, 3052.9549999999999272, 1, 3053.543999999999869, 39.823342477140300844, 3052.9549999999999272, 1, 3053.543999999999869, 43.805474052872263258, 3052.9549999999999272, 1
3053.5529999999998836, 64.006158537580347456, 3052.9580000000000837, 1, 3053.5529999999998836, 56.895579741465269308, 3052.9580000000000837, 1, 3053.5529999999998836, 39.7259609127142852, 3052.9580000000000837, 1, 3053.5529999999998836, 43.870447095839949725, 3052.9580000000000837, 1
3053.5630000000001019, 64.006167169523934035, 3052.9619999999999891, 1, 3053.5630000000001019, 56.895590792219074672, 3052.9619999999999891, 1, 3053.5630000000001019, 39.725953225802989266, 3052.9619999999999891, 1, 3053.5630000000001019, 43.870445852439942769, 3052.9619999999999891, 1
3053.5729999999998654, 64.006176255574956713, 3052.9679999999998472, 1, 3053.5729999999998654, 56.89560242372643728, 3052.9679999999998472, 1, 3053.5729999999998654, 39.725945134281673177, 3052.9679999999998472, 1, 3053.5729999999998654, 43.870444543784849145, 3052.9679999999998472, 1
3053.5839999999998327, 64.006185341422721535, 3052.9740000000001601, 1, 3053.5839999999998327, 56.895614054341479005, 3052.9740000000001601, 1, 3053.5839999999998327, 39.725937042736092053, 3052.9740000000001601, 1, 3053.5839999999998327, 43.870443235302246876, 3052.9740000000001601, 1
3053.5949999999997999, 63.907984255652053207, 3052.9780000000000655, 1, 3053.5949999999997999, 57.243506622392743566, 3052.9780000000000655, 1, 3053.5949999999997999, 39.823300459125100303, 3052.9780000000000655, 1, 3053.5949999999997999, 43.805467233128666749, 3052.9780000000000655, 1
3053.6140000000000327, 63.907993562140845256, 3052.9830000000001746, 1, 3053.6140000000000327, 57.243518405208192235, 3052.9830000000001746, 1, 3053.6140000000000327, 39.823292709709974702, 3052.9830000000001746, 1, 3053.6140000000000327, 43.805466537923464898, 3052.9830000000001746, 1
3053.6140000000000327, 63.908002868437662869, 3052.987999999999829, 1, 3053.6140000000000327, 57.243530187117507069, 3052.987999999999829, 1, 3053.6140000000000327, 39.823284960235596941, 3052.987999999999829, 1, 3053.6140000000000327, 43.8054658428726853, 3052.987999999999829, 1
3053.6340000000000146, 64.006221682714425469, 3052.9940000000001419, 1, 3053.6340000000000146, 56.895660567803986396, 3052.9940000000001419, 1, 3053.6340000000000146, 39.725904676093676926, 3052.9940000000001419, 1, 3053.6340000000000146, 43.870438003266876592, 3052.9940000000001419, 1
3053.6340000000000146, 64.006230767543911497, 3052.9980000000000473, 1, 3053.6340000000000146, 56.895672193903578773, 3052.9980000000000473, 1, 3053.6340000000000146, 39.725896584302425651, 3052.9980000000000473, 1, 3053.6340000000000146, 43.870436695742100142, 3052.9980000000000473, 1
3053.6439999999997781, 64.006239852172370774, 3053.0050000000001091, 1, 3053.6439999999997781, 56.895683819085100197, 3053.0050000000001091, 1, 3053.6439999999997781, 39.725888492479860759, 3053.0050000000001091, 1, 3053.6439999999997781, 43.870435388407415189, 3053.0050000000001091, 1
3053.6559999999999491, 64.006248936612621492, 3053.0079999999998108, 1, 3053.6559999999999491, 56.895696024540647784, 3053.0079999999998108, 1, 3053.6559999999999491, 39.725879995998326422, 3053.0079999999998108, 1, 3053.6559999999999491, 43.87043401592181624, 3053.0079999999998108, 1
3053.6640000000002146, 64.006258020873701753, 3053.01299999999992, 1, 3053.6640000000002146, 56.895707647867766354, 3053.01299999999992, 1, 3053.6640000000002146, 39.725871904043074778, 3053.01299999999992, 1, 3053.6640000000002146, 43.870432709002230354, 3053.01299999999992, 1
3053.6750000000001819, 63.908011764851394787, 3053.0189999999997781, 1, 3053.6750000000001819, 57.243555468203922487, 3053.0189999999997781, 1, 3053.6750000000001819, 39.823232285553743282, 3053.0189999999997781, 1, 3053.6750000000001819, 43.80545536839375842, 3053.0189999999997781, 1
3053.693000000000211, 63.908021071075381769, 3053.0230000000001382, 1, 3053.693000000000211, 57.243567244942227035, 3053.0230000000001382, 1, 3053.693000000000211, 39.823224148306252346, 3053.0230000000001382, 1, 3053.693000000000211, 43.805454640082068352, 3053.0230000000001382, 1
3053.7049999999999272, 63.908030377126735289, 3053.0279999999997926, 1, 3053.7049999999999272, 57.243579020735843699, 3053.0279999999997926, 1, 3053.7049999999999272, 39.823216398467486954, 3053.0279999999997926, 1, 3053.7049999999999272, 43.805453946634230533, 3053.0279999999997926, 1
3053.7049999999999272, 63.908039682999195463, 3053.0329999999999018, 1, 3053.7049999999999272, 57.243590795594641918, 3053.0329999999999018, 1, 3053.7049999999999272, 39.82320903606419904, 3053.0329999999999018, 1, 3053.7049999999999272, 43.805453288042905058, 3053.0329999999999018, 1
3053.7139999999999418, 89.924330910069670608, 3053.0380000000000109, 1, 3053.7139999999999418, 0, 3053.0380000000000109, 1, 3053.7139999999999418, 0, 3053.0380000000000109, 1, 3053.7139999999999418, 125.75140582069010975, 3053.0380000000000109, 1
3053.7240000000001601, 101.44476663505366787, 3053.0430000000001201, 1, 3053.7240000000001601, 0, 3053.0430000000001201, 1, 3053.7240000000001601, 0, 3053.0430000000001201, 1, 3053.7240000000001601, 52.770682720799371168, 3053.0430000000001201, 1
3053.7339999999999236, 98.158985372696861305, 3053.0479999999997744, 1, 3053.7339999999999236, 0, 3053.0479999999997744, 1, 3053.7339999999999236, 0, 3053.0479999999997744, 1, 3053.7339999999999236, 43.026192460787868299, 3053.0479999999997744, 1
3053.7440000000001419, 98.550147748306784479, 3053.0529999999998836, 1, 3053.7440000000001419, 0, 3053.0529999999998836, 1, 3053.7440000000001419, 0, 3053.0529999999998836, 1, 3053.7440000000001419, 60.084645548538233584, 3053.0529999999998836, 1
3053.7539999999999054, 94.821744532540847672, 3053.0579999999999927, 1, 3053.7539999999999054, 0, 3053.0579999999999927, 1, 3053.7539999999999054, 0, 3053.0579999999999927, 1, 3053.7539999999999054, 81.947469916565694348, 3053.0579999999999927, 1
3053.76299999999992, 96.592511105868027244, 3053.0630000000001019, 1, 3053.76299999999992, 0, 3053.0630000000001019, 1, 3053.76299999999992, 0, 3053.0630000000001019, 1, 3053.76299999999992, 105.40410081246122331, 3053.0630000000001019, 1
3053.7739999999998872, 94.538750609384635482, 3053.068000000000211, 1, 3053.7739999999998872, 0, 3053.068000000000211, 1, 3053.7739999999998872, 0, 3053.068000000000211, 1, 3053.7739999999998872, 123.19755565713312251, 3053.068000000000211, 1
3053.7840000000001055, 91.681666141300198092, 3053.0729999999998654, 1, 3053.7840000000001055, 0, 3053.0729999999998654, 1, 3053.7840000000001055, 0, 3053.0729999999998654, 1, 3053.7840000000001055, 136.16641884273934693, 3053.0729999999998654, 1
3053.793999999999869, 88.65182648382477737, 3053.0779999999999745, 1, 3053.793999999999869, 0, 3053.0779999999999745, 1, 3053.793999999999869, 0, 3053.0779999999999745, 1, 3053.793999999999869, 147.16042687578314485, 3053.0779999999999745, 1
3053.80600000000004, 81.323546980948933083, 3053.0830000000000837, 1, 3053.80600000000004, 0, 3053.0830000000000837, 1, 3053.80600000000004, 0, 3053.0830000000000837, 1, 3053.80600000000004, 145.13295159225697262, 3053.0830000000000837, 1
3053.8139999999998508, 79.370819151444635509, 3053.0900000000001455, 1, 3053.8139999999998508, 0, 3053.0900000000001455, 1, 3053.8139999999998508, 0, 3053.0900000000001455, 1, 3053.8139999999998508, 148.94650578721393686, 3053.0900000000001455, 1
3053.8279999999999745, 78.859428294340133903, 3053.0929999999998472, 1, 3053.8279999999999745, 0, 3053.0929999999998472, 1, 3053.8279999999999745, 0, 3053.0929999999998472, 1, 3053.8279999999999745, 150.93696304490578086, 3053.0929999999998472, 1
3053.8350000000000364, 79.592214845444473781, 3053.0979999999999563, 1, 3053.8350000000000364, 0, 3053.0979999999999563, 1, 3053.8350000000000364, 262.53243099606692113, 3053.0979999999999563, 1, 3053.8350000000000364, 111.47029400519497244, 3053.0979999999999563, 1
3053.8440000000000509, 67.611515409790598596, 3053.1030000000000655, 1, 3053.8440000000000509, 4.4998954770944123993, 3053.1030000000000655, 1, 3053.8440000000000509, 133.71335685629489376, 3053.1030000000000655, 1, 3053.8440000000000509, 30.731724888396936279, 3053.1030000000000655, 1
3053.8539999999998145, 51.844558899111255812, 3053.1080000000001746, 1, 3053.8539999999998145, 59.362433552494159983, 3053.1080000000001746, 1, 3053.8539999999998145, 55.988703810803272631, 3053.1080000000001746, 1, 3053.8539999999998145, 36.877081059477546887, 3053.1080000000001746, 1
3053.8640000000000327, 43.654783015814984992, 3053.1140000000000327, 1, 3053.8640000000000327, 19.860159083922258816, 3053.1140000000000327, 1, 3053.8640000000000327, 45.417877922386288958, 3053.1140000000000327, 1, 3053.8640000000000327, 47.32037969818849632, 3053.1140000000000327, 1
3053.8739999999997963, 49.820095371847038734, 3053.1179999999999382, 1, 3053.8739999999997963, 10.795724041260848836, 3053.1179999999999382, 1, 3053.8739999999997963, 38.699901007685213017, 3053.1179999999999382, 1, 3053.8739999999997963, 59.563776973565353501, 3053.1179999999999382, 1
3053.8949999999999818, 59.508141314832585067, 3053.1230000000000473, 1, 3053.8949999999999818, 9.1989936789888488988, 3053.1230000000000473, 1, 3053.8949999999999818, 36.74501631374266708, 3053.1230000000000473, 1, 3053.8949999999999818, 67.705744636650436519, 3053.1230000000000473, 1
3053.8949999999999818, 66.376546344689160151, 3053.1309999999998581, 1, 3053.8949999999999818, 10.186513388526460488, 3053.1309999999998581, 1, 3053.8949999999999818, 36.334512618488560065, 3053.1309999999998581, 1, 3053.8949999999999818, 71.758562567317270009, 3053.1309999999998581, 1
3053.9039999999999964, 71.548397370429910325, 3053.1340000000000146, 1, 3053.9039999999999964, 11.318824490096094593, 3053.1340000000000146, 1, 3053.9039999999999964, 36.025928498634030461, 3053.1340000000000146, 1, 3053.9039999999999964, 74.058000545355298527, 3053.1340000000000146, 1
3053.9140000000002146, 73.206866092846809124, 3053.13799999999992, 1, 3053.9140000000002146, 11.14586004477799186, 3053.13799999999992, 1, 3053.9140000000002146, 37.608023290475543376, 3053.13799999999992, 1, 3053.9140000000002146, 77.758436143565404564, 3053.13799999999992, 1
3053.9239999999999782, 8.3486051696983152469e-99, 3053.1430000000000291, 1, 3053.9239999999999782, 20.069598406723923034, 3053.1430000000000291, 1, 3053.9239999999999782, 62.270496611847292456, 3053.1430000000000291, 1, 3053.9239999999999782, 4.5067695898305375479, 3053.1430000000000291, 1
3053.9340000000001965, 0, 3053.1480000000001382, 1, 3053.9340000000001965, 58.010304203829136327, 3053.1480000000001382, 1, 3053.9340000000001965, 89.005510191611662663, 3053.1480000000001382, 1, 3053.9340000000001965, 0, 3053.1480000000001382, 1
3053.943000000000211, 0, 3053.1529999999997926, 1, 3053.943000000000211, 85.97713516642093623, 3053.1529999999997926, 1, 3053.943000000000211, 96.430037782094245813, 3053.1529999999997926, 1, 3053.943000000000211, 0, 3053.1529999999997926, 1
3053.9639999999999418, 0, 3053.1579999999999018, 1, 3053.9639999999999418, 102.5288697879617672, 3053.1579999999999018, 1, 3053.9639999999999418, 94.525841210099173395, 3053.1579999999999018, 1, 3053.9639999999999418, 0, 3053.1579999999999018, 1
3053.9639999999999418, 0, 3053.1619999999998072, 1, 3053.9639999999999418, 112.07737350282957323, 3053.1619999999998072, 1, 3053.9639999999999418, 93.225928424220001034, 3053.1619999999998072, 1, 3053.9639999999999418, 0, 3053.1619999999998072, 1
3053.9850000000001273, 0, 3053.168999999999869, 1, 3053.9850000000001273, 116.93389427621778509, 3053.168999999999869, 1, 3053.9850000000001273, 87.359051539711444434, 3053.168999999999869, 1, 3053.9850000000001273, 0, 3053.168999999999869, 1
3053.9850000000001273, 0, 3053.1729999999997744, 1, 3053.9850000000001273, 117.93037869607061907, 3053.1729999999997744, 1, 3053.9850000000001273, 86.882637270418086928, 3053.1729999999997744, 1, 3053.9850000000001273, 0, 3053.1729999999997744, 1
3053.9940000000001419, 0, 3053.1779999999998836, 1, 3053.9940000000001419, 117.11305893474289519, 3053.1779999999998836, 1, 3053.9940000000001419, 88.672898371267137918, 3053.1779999999998836, 1, 3053.9940000000001419, 0, 3053.1779999999998836, 1
3054.0039999999999054, 0, 3053.1829999999999927, 1, 3054.0039999999999054, 116.87855907127563171, 3053.1829999999999927, 1, 3054.0039999999999054, 89.659635489099599681, 3053.1829999999999927, 1, 3054.0039999999999054, 0, 3053.1829999999999927, 1
3054.0140000000001237, 0, 3053.1869999999998981, 1, 3054.0140000000001237, 114.45437050500498799, 3053.1869999999998981, 1, 3054.0140000000001237, 90.958038798563421778, 3053.1869999999998981, 1, 3054.0140000000001237, 0, 3053.1869999999998981, 1
3054.0340000000001055, 0, 3053.193000000000211, 1, 3054.0340000000001055, 113.23707557692900139, 3053.193000000000211, 1, 3054.0340000000001055, 93.647633023648481299, 3053.193000000000211, 1, 3054.0340000000001055, 0, 3053.193000000000211, 1
3054.043999999999869, 0, 3053.1990000000000691, 1, 3054.043999999999869, 111.05418959242007304, 3053.1990000000000691, 1, 3054.043999999999869, 97.621779854175457558, 3053.1990000000000691, 1, 3054.043999999999869, 0, 3053.1990000000000691, 1
3054.043999999999869, 0, 3053.2029999999999745, 1, 3054.043999999999869, 109.54145050022474095, 3053.2029999999999745, 1, 3054.043999999999869, 99.797136513482371356, 3053.2029999999999745, 1, 3054.043999999999869, 0, 3053.2029999999999745, 1
3054.0540000000000873, 0, 3053.2080000000000837, 1, 3054.0540000000000873, 107.88778618732763448, 3053.2080000000000837, 1, 3054.0540000000000873, 104.49809581713199691, 3053.2080000000000837, 1, 3054.0540000000000873, 0, 3053.2080000000000837, 1
3054.0639999999998508, 0, 3053.2130000000001928, 1, 3054.0639999999998508, 106.68141710529359045, 3053.2130000000001928, 1, 3054.0639999999998508, 100.33508086182960994, 3053.2130000000001928, 1, 3054.0639999999998508, 0, 3053.2130000000001928, 1
3054.0720000000001164, 0, 3053.2190000000000509, 1, 3054.0720000000001164, 105.64414498206102166, 3053.2190000000000509, 1, 3054.0720000000001164, 101.33117952444666798, 3053.2190000000000509, 1, 3054.0720000000001164, 0, 3053.2190000000000509, 1
3054.0839999999998327, 0, 3053.2229999999999563, 1, 3054.0839999999998327, 104.79706996519078643, 3053.2229999999999563, 1, 3054.0839999999998327, 102.76227207383423945, 3053.2229999999999563, 1, 3054.0839999999998327, 0, 3053.2229999999999563, 1
3054.1030000000000655, 0, 3053.2280000000000655, 1, 3054.1030000000000655, 103.82043886469246274, 3053.2280000000000655, 1, 3054.1030000000000655, 107.49800416018537419, 3053.2280000000000655, 1, 3054.1030000000000655, 0, 3053.2280000000000655, 1
3054.1030000000000655, 0, 3053.2330000000001746, 1, 3054.1030000000000655, 102.68058986517995379, 3053.2330000000001746, 1, 3054.1030000000000655, 110.0199104541366637, 3053.2330000000001746, 1, 3054.1030000000000655, 0, 3053.2330000000001746, 1
3054.1239999999997963, 0, 3053.2399999999997817, 1, 3054.1239999999997963, 101.30087555066151594, 3053.2399999999997817, 1, 3054.1239999999997963, 113.00456459873221604, 3053.2399999999997817, 1, 3054.1239999999997963, 0, 3053.2399999999997817, 1
3054.1239999999997963, 0, 3053.2429999999999382, 1, 3054.1239999999997963, 99.01437167027545172, 3053.2429999999999382, 1, 3054.1239999999997963, 118.24145290873451586, 3053.2429999999999382, 1, 3054.1239999999997963, 0, 3053.2429999999999382, 1
3054.1340000000000146, 0, 3053.2480000000000473, 1, 3054.1340000000000146, 98.155574299997525145, 3053.2480000000000473, 1, 3054.1340000000000146, 116.49020524224953022, 3053.2480000000000473, 1, 3054.1340000000000146, 0, 3053.2480000000000473, 1
3054.1529999999997926, 0, 3053.2530000000001564, 1, 3054.1529999999997926, 98.779055568338833382, 3053.2530000000001564, 1, 3054.1529999999997926, 108.25756328464468936, 3053.2530000000001564, 1, 3054.1529999999997926, 0, 3053.2530000000001564, 1
3054.1570000000001528, 306.10927803205322562, 3053.2590000000000146, 1, 3054.1570000000001528, 91.118386311771303099, 3053.2590000000000146, 1, 3054.1570000000001528, 108.55851050426790039, 3053.2590000000000146, 1, 3054.1570000000001528, 294.42557194946488153, 3053.2590000000000146, 1
3054.1739999999999782, 193.60601037910208788, 3053.26299999999992, 1, 3054.1739999999999782, 13.954125629716621404, 3053.26299999999992, 1, 3054.1739999999999782, 25.036126106001816538, 3053.26299999999992, 1, 3054.1739999999999782, 190.37236289146142099, 3053.26299999999992, 1
3054.1739999999999782, 38.138156437698796708, 3053.2680000000000291, 1, 3054.1739999999999782, 0, 3053.2680000000000291, 1, 3054.1739999999999782, 11.582285556417312833, 3053.2680000000000291, 1, 3054.1739999999999782, 58.04434685712364228, 3053.2680000000000291, 1
3054.1829999999999927, 23.906231931074490404, 3053.2730000000001382, 1, 3054.1829999999999927, 0, 3053.2730000000001382, 1, 3054.1829999999999927, 17.985337118267676004, 3053.2730000000001382, 1, 3054.1829999999999927, 43.382424932193501377, 3053.2730000000001382, 1
3054.19399999999996, 35.206553361135696889, 3053.2789999999999964, 1, 3054.19399999999996, 41.128720609289956656, 3053.2789999999999964, 1, 3054.19399999999996, 22.820444684405764235, 3053.2789999999999964, 1, 3054.19399999999996, 35.596197562034262774, 3053.2789999999999964, 1
3054.2139999999999418, 48.927714856829240375, 3053.2829999999999018, 1, 3054.2139999999999418, 41.99399205130315238, 3053.2829999999999018, 1, 3054.2139999999999418, 25.736641694191977336, 3053.2829999999999018, 1, 3054.2139999999999418, 28.23252844522199112, 3053.2829999999999018, 1
3054.2240000000001601, 59.623867251006259949, 3053.2880000000000109, 1, 3054.2240000000001601, 54.844549829881614755, 3053.2880000000000109, 1, 3054.2240000000001601, 27.961479291559882654, 3053.2880000000000109, 1, 3054.2240000000001601, 26.100702875585959362, 3053.2880000000000109, 1
3054.2339999999999236, 65.453040418195683969, 3053.293999999999869, 1, 3054.2339999999999236, 62.070911322088377915, 3053.293999999999869, 1, 3054.2339999999999236, 28.182327680289748884, 3053.293999999999869, 1, 3054.2339999999999236, 26.335114845338335243, 3053.293999999999869, 1
3054.2339999999999236, 68.936253036636003344, 3053.2979999999997744, 1, 3054.2339999999999236, 66.427510135109471889, 3053.2979999999997744, 1, 3054.2339999999999236, 28.71506733486373264, 3053.2979999999997744, 1, 3054.2339999999999236, 26.905232770822870236, 3053.2979999999997744, 1
3054.2440000000001419, 38.996889233624770554, 3053.3029999999998836, 1, 3054.2440000000001419, 81.467734575105765771, 3053.3029999999998836, 1, 3054.2440000000001419, 135.16213143599256341, 3053.3029999999998836, 1, 3054.2440000000001419, 58.707867314956317273, 3053.3029999999998836, 1
3054.2550000000001091, 55.533762022268348346, 3053.3079999999999927, 1, 3054.2550000000001091, 0, 3053.3079999999999927, 1, 3054.2550000000001091, 0, 3053.3079999999999927, 1, 3054.2550000000001091, 57.754092354433034018, 3053.3079999999999927, 1
3054.2649999999998727, 88.937179686397939804, 3053.3130000000001019, 1, 3054.2649999999998727, 0, 3053.3130000000001019, 1, 3054.2649999999998727, 0, 3053.3130000000001019, 1, 3054.2649999999998727, 64.447964740853976195, 3053.3130000000001019, 1
3054.2739999999998872, 105.58022907611092478, 3053.318000000000211, 1, 3054.2739999999998872, 0, 3053.318000000000211, 1, 3054.2739999999998872, 0, 3053.318000000000211, 1, 3054.2739999999998872, 68.893334923679162785, 3053.318000000000211, 1
3054.2840000000001055, 117.68921444455889969, 3053.3229999999998654, 1, 3054.2840000000001055, 0, 3053.3229999999998654, 1, 3054.2840000000001055, 0, 3053.3229999999998654, 1, 3054.2840000000001055, 69.199160727739027266, 3053.3229999999998654, 1
3054.293999999999869, 121.58296109558204989, 3053.3279999999999745, 1, 3054.293999999999869, 0, 3053.3279999999999745, 1, 3054.293999999999869, 0, 3053.3279999999999745, 1, 3054.293999999999869, 70.903061943407422518, 3053.3279999999999745, 1
3054.3040000000000873, 122.01474184741420004, 3053.3330000000000837, 1, 3054.3040000000000873, 0, 3053.3330000000000837, 1, 3054.3040000000000873, 0, 3053.3330000000000837, 1, 3054.3040000000000873, 74.13679689038400511, 3053.3330000000000837, 1
3054.3159999999998035, 123.05387749756184235, 3053.3380000000001928, 1, 3054.3159999999998035, 0, 3053.3380000000001928, 1, 3054.3159999999998035, 0, 3053.3380000000001928, 1, 3054.3159999999998035, 74.703782807506428298, 3053.3380000000001928, 1
3054.3240000000000691, 121.503222455606533, 3053.3429999999998472, 1, 3054.3240000000000691, 0, 3053.3429999999998472, 1, 3054.3240000000000691, 0, 3053.3429999999998472, 1, 3054.3240000000000691, 78.683455919058758354, 3053.3429999999998472, 1
3054.3339999999998327, 120.21601730464894331, 3053.3499999999999091, 1, 3054.3339999999998327, 0, 3053.3499999999999091, 1, 3054.3339999999998327, 0, 3053.3499999999999091, 1, 3054.3339999999998327, 81.282983741834414104, 3053.3499999999999091, 1
3054.3440000000000509, 118.35940163764240651, 3053.3530000000000655, 1, 3054.3440000000000509, 0, 3053.3530000000000655, 1, 3054.3440000000000509, 0, 3053.3530000000000655, 1, 3054.3440000000000509, 85.55314412872161256, 3053.3530000000000655, 1
3054.3530000000000655, 116.39301789621643479, 3053.3589999999999236, 1, 3054.3530000000000655, 0, 3053.3589999999999236, 1, 3054.3530000000000655, 0, 3053.3589999999999236, 1, 3054.3530000000000655, 87.414108703231931941, 3053.3589999999999236, 1
3054.3640000000000327, 114.25319051766069833, 3053.362999999999829, 1, 3054.3640000000000327, 0, 3053.362999999999829, 1, 3054.3640000000000327, 0, 3053.362999999999829, 1, 3054.3640000000000327, 91.541224251071923845, 3053.362999999999829, 1
3054.3739999999997963, 112.39916064677996133, 3053.3679999999999382, 1, 3054.3739999999997963, 0, 3053.3679999999999382, 1, 3054.3739999999997963, 0, 3053.3679999999999382, 1, 3054.3739999999997963, 94.494928588265764802, 3053.3679999999999382, 1
3054.3850000000002183, 110.31852581771262578, 3053.3730000000000473, 1, 3054.3850000000002183, 0, 3053.3730000000000473, 1, 3054.3850000000002183, 0, 3053.3730000000000473, 1, 3054.3850000000002183, 94.331362761476142964, 3053.3730000000000473, 1
3054.3939999999997781, 108.83376103695349002, 3053.3780000000001564, 1, 3054.3939999999997781, 0, 3053.3780000000001564, 1, 3054.3939999999997781, 0, 3053.3780000000001564, 1, 3054.3939999999997781, 96.022702680781350182, 3053.3780000000001564, 1
3054.4039999999999964, 107.65733120147154978, 3053.3840000000000146, 1, 3054.4039999999999964, 0, 3053.3840000000000146, 1, 3054.4039999999999964, 0, 3053.3840000000000146, 1, 3054.4039999999999964, 98.923536833046398442, 3053.3840000000000146, 1
3054.4140000000002146, 106.56790285208043656, 3053.38799999999992, 1, 3054.4140000000002146, 0, 3053.38799999999992, 1, 3054.4140000000002146, 0, 3053.38799999999992, 1, 3054.4140000000002146, 97.294515783732663294, 3053.38799999999992, 1
3054.4239999999999782, 104.76010047634025568, 3053.3939999999997781, 1, 3054.4239999999999782, 0, 3053.3939999999997781, 1, 3054.4239999999999782, 0, 3053.3939999999997781, 1, 3054.4239999999999782, 103.61428215257845409, 3053.3939999999997781, 1
3054.4340000000001965, 103.38286327746942561, 3053.3989999999998872, 1, 3054.4340000000001965, 0, 3053.3989999999998872, 1, 3054.4340000000001965, 0, 3053.3989999999998872, 1, 3054.4340000000001965, 105.69441126657937957, 3053.3989999999998872, 1
3054.44399999999996, 100.53876318167080228, 3053.4039999999999964, 1, 3054.44399999999996, 0, 3053.4039999999999964, 1, 3054.44399999999996, 0, 3053.4039999999999964, 1, 3054.44399999999996, 112.8829567186423759, 3053.4039999999999964, 1
3054.4540000000001783, 98.785567292967272124, 3053.4079999999999018, 1, 3054.4540000000001783, 0, 3053.4079999999999018, 1, 3054.4540000000001783, 0, 3053.4079999999999018, 1, 3054.4540000000001783, 113.69340067335122058, 3053.4079999999999018, 1
3054.4639999999999418, 91.860056526613192318, 3053.4130000000000109, 1, 3054.4639999999999418, 313.49961733141475406, 3053.4130000000000109, 1, 3054.4639999999999418, 0, 3053.4130000000000109, 1, 3054.4639999999999418, 107.66216764433150388, 3053.4130000000000109, 1
3054.4740000000001601, 30.428365975517095876, 3053.4180000000001201, 1, 3054.4740000000001601, 314.33558427170635241, 3053.4180000000001201, 1, 3054.4740000000001601, 0, 3053.4180000000001201, 1, 3054.4740000000001601, 118.22170269637257434, 3053.4180000000001201, 1
3054.4830000000001746, 2.615286077994369851, 3053.4229999999997744, 1, 3054.4830000000001746, 223.11102940973722752, 3053.4229999999997744, 1, 3054.4830000000001746, 0, 3053.4229999999997744, 1, 3054.4830000000001746, 107.95584379326321312, 3053.4229999999997744, 1
3054.4940000000001419, 0, 3053.4290000000000873, 1, 3054.4940000000001419, 36.72567629095009778, 3053.4290000000000873, 1, 3054.4940000000001419, 145.1256738985379684, 3053.4290000000000873, 1, 3054.4940000000001419, 74.252595729400511004, 3053.4290000000000873, 1
3054.5050000000001091, 0, 3053.4329999999999927, 1, 3054.5050000000001091, 19.797367519344916786, 3053.4329999999999927, 1, 3054.5050000000001091, 51.963119347867419151, 3053.4329999999999927, 1, 3054.5050000000001091, 34.709774006591970874, 3053.4329999999999927, 1
3054.5239999999998872, 0, 3053.4380000000001019, 1, 3054.5239999999998872, 14.735459304391669733, 3053.4380000000001019, 1, 3054.5239999999998872, 28.008276033382749404, 3053.4380000000001019, 1, 3054.5239999999998872, 35.427739387296256268, 3053.4380000000001019, 1
3054.5340000000001055, 0, 3053.443000000000211, 1, 3054.5340000000001055, 26.15555568932192898, 3053.443000000000211, 1, 3054.5340000000001055, 23.010283785438964799, 3053.443000000000211, 1, 3054.5340000000001055, 40.944599685166707559, 3053.443000000000211, 1
3054.5340000000001055, 0, 3053.4490000000000691, 1, 3054.5340000000001055, 51.248885941474725314, 3053.4490000000000691, 1, 3054.5340000000001055, 27.332677667942903099, 3053.4490000000000691, 1, 3054.5340000000001055, 45.010338792100377248, 3053.4490000000000691, 1
3054.5540000000000873, 72.158763706357717638, 3053.4529999999999745, 1, 3054.5540000000000873, 63.950774258923559046, 3053.4529999999999745, 1, 3054.5540000000000873, 29.164137913568438876, 3053.4529999999999745, 1, 3054.5540000000000873, 50.32876672739696744, 3053.4529999999999745, 1
3054.5540000000000873, 58.205306447616393939, 3053.4589999999998327, 1, 3054.5540000000000873, 62.491888187384333264, 3053.4589999999998327, 1, 3054.5540000000000873, 29.25962765739890159, 3053.4589999999998327, 1, 3054.5540000000000873, 50.0889615210860768, 3053.4589999999998327, 1
3054.5639999999998508, 53.654332492169366731, 3053.4630000000001928, 1, 3054.5639999999998508, 63.748069991741047602, 3053.4630000000001928, 1, 3054.5639999999998508, 33.179826709833761811, 3053.4630000000001928, 1, 3054.5639999999998508, 39.821343633748583102, 3053.4630000000001928, 1
3054.5740000000000691, 0, 3053.4679999999998472, 1, 3054.5740000000000691, 69.998703203453814581, 3053.4679999999998472, 1, 3054.5740000000000691, 62.500795032520855443, 3053.4679999999998472, 1, 3054.5740000000000691, 0, 3053.4679999999998472, 1
3054.5839999999998327, 0, 3053.4729999999999563, 1, 3054.5839999999998327, 93.025990219006189363, 3053.4729999999999563, 1, 3054.5839999999998327, 79.789369650118729282, 3053.4729999999999563, 1, 3054.5839999999998327, 0, 3053.4729999999999563, 1
3054.5940000000000509, 0, 3053.4780000000000655, 1, 3054.5940000000000509, 109.15521563656434978, 3053.4780000000000655, 1, 3054.5940000000000509, 81.831456124787990802, 3053.4780000000000655, 1, 3054.5940000000000509, 0, 3053.4780000000000655, 1
3054.6039999999998145, 0, 3053.4830000000001746, 1, 3054.6039999999998145, 118.96139072160332262, 3053.4830000000001746, 1, 3054.6039999999998145, 77.15750369218633864, 3053.4830000000001746, 1, 3054.6039999999998145, 0, 3053.4830000000001746, 1
3054.6239999999997963, 0, 3053.487999999999829, 1, 3054.6239999999997963, 123.31366172671378934, 3053.487999999999829, 1, 3054.6239999999997963, 74.595331381185246755, 3053.487999999999829, 1, 3054.6239999999997963, 0, 3053.487999999999829, 1
3054.6239999999997963, 0, 3053.4929999999999382, 1, 3054.6239999999997963, 125.33267806693105229, 3053.4929999999999382, 1, 3054.6239999999997963, 72.214604148228431768, 3053.4929999999999382, 1, 3054.6239999999997963, 0, 3053.4929999999999382, 1
3054.6350000000002183, 0, 3053.4980000000000473, 1, 3054.6350000000002183, 124.42162264434810481, 3053.4980000000000473, 1, 3054.6350000000002183, 73.071541455925057562, 3053.4980000000000473, 1, 3054.6350000000002183, 0, 3053.4980000000000473, 1
3054.6439999999997781, 0, 3053.5030000000001564, 1, 3054.6439999999997781, 123.20237242516876108, 3053.5030000000001564, 1, 3054.6439999999997781, 75.144381907940925203, 3053.5030000000001564, 1, 3054.6439999999997781, 0, 3053.5030000000001564, 1
3054.6660000000001673, 0, 3053.5079999999998108, 1, 3054.6660000000001673, 120.83607370455129626, 3053.5079999999998108, 1, 3054.6660000000001673, 79.760170552461573834, 3053.5079999999998108, 1, 3054.6660000000001673, 0, 3053.5079999999998108, 1
3054.6660000000001673, 0, 3053.51299999999992, 1, 3054.6660000000001673, 119.20828940267750795, 3053.51299999999992, 1, 3054.6660000000001673, 82.616028182714586592, 3053.51299999999992, 1, 3054.6660000000001673, 0, 3053.51299999999992, 1
3054.6840000000001965, 0, 3053.5180000000000291, 1, 3054.6840000000001965, 116.05637722654526556, 3053.5180000000000291, 1, 3054.6840000000001965, 88.028582305539742947, 3053.5180000000000291, 1, 3054.6840000000001965, 0, 3053.5180000000000291, 1
3054.69399999999996, 0, 3053.5230000000001382, 1, 3054.69399999999996, 114.77130752816881909, 3053.5230000000001382, 1, 3054.69399999999996, 90.780287225766272741, 3053.5230000000001382, 1, 3054.69399999999996, 0, 3053.5230000000001382, 1
3054.7040000000001783, 0, 3053.5279999999997926, 1, 3054.7040000000001783, 111.5651738739062182, 3053.5279999999997926, 1, 3054.7040000000001783, 96.182679874856503943, 3053.5279999999997926, 1, 3054.7040000000001783, 0, 3053.5279999999997926, 1
3054.7139999999999418, 0, 3053.5340000000001055, 1, 3054.7139999999999418, 109.60982214775984289, 3053.5340000000001055, 1, 3054.7139999999999418, 98.605929995967628088, 3053.5340000000001055, 1, 3054.7139999999999418, 0, 3053.5340000000001055, 1
3054.7139999999999418, 0, 3053.5380000000000109, 1, 3054.7139999999999418, 107.84145639857938193, 3053.5380000000000109, 1, 3054.7139999999999418, 100.70289432691117781, 3053.5380000000000109, 1, 3054.7139999999999418, 0, 3053.5380000000000109, 1
3054.7240000000001601, 0, 3053.543999999999869, 1, 3054.7240000000001601, 106.1243722215149603, 3053.543999999999869, 1, 3054.7240000000001601, 102.25665558578249659, 3053.543999999999869, 1, 3054.7240000000001601, 0, 3053.543999999999869, 1
3054.7339999999999236, 0, 3053.5489999999999782, 1, 3054.7339999999999236, 104.47381799088418575, 3053.5489999999999782, 1, 3054.7339999999999236, 103.35069780276987217, 3053.5489999999999782, 1, 3054.7339999999999236, 0, 3053.5489999999999782, 1
3054.7449999999998909, 0, 3053.5529999999998836, 1, 3054.7449999999998909, 102.83656643582077095, 3053.5529999999998836, 1, 3054.7449999999998909, 106.21558451131508605, 3053.5529999999998836, 1, 3054.7449999999998909, 0, 3053.5529999999998836, 1
3054.7550000000001091, 0, 3053.5579999999999927, 1, 3054.7550000000001091, 101.1453379038464675, 3053.5579999999999927, 1, 3054.7550000000001091, 108.85680498848125808, 3053.5579999999999927, 1, 3054.7550000000001091, 0, 3053.5579999999999927, 1
3054.7640000000001237, 0, 3053.5630000000001019, 1, 3054.7640000000001237, 98.95109561104193574, 3053.5630000000001019, 1, 3054.7640000000001237, 113.18584750869477773, 3053.5630000000001019, 1, 3054.7640000000001237, 0, 3053.5630000000001019, 1
3054.7739999999998872, 0, 3053.568000000000211, 1, 3054.7739999999998872, 95.796227507954071712, 3053.568000000000211, 1, 3054.7739999999998872, 110.68676712870976075, 3053.568000000000211, 1, 3054.7739999999998872, 0, 3053.568000000000211, 1
3054.7840000000001055, 295.50072296445063103, 3053.5740000000000691, 1, 3054.7840000000001055, 93.552188465579817489, 3053.5740000000000691, 1, 3054.7840000000001055, 115.05833272864231276, 3053.5740000000000691, 1, 3054.7840000000001055, 0, 3053.5740000000000691, 1
3054.7950000000000728, 307.52494069746637706, 3053.5779999999999745, 1, 3054.7950000000000728, 54.187595640602914671, 3053.5779999999999745, 1, 3054.7950000000000728, 117.87045977933610175, 3053.5779999999999745, 1, 3054.7950000000000728, 0, 3053.5779999999999745, 1
3054.8040000000000873, 285.64800557725061481, 3053.5830000000000837, 1, 3054.8040000000000873, 8.0692170516911883027, 3053.5830000000000837, 1, 3054.8040000000000873, 124.17968680061693476, 3053.5830000000000837, 1, 3054.8040000000000873, 0, 3053.5830000000000837, 1
3054.8139999999998508, 106.82153364537555262, 3053.5880000000001928, 1, 3054.8139999999998508, 0, 3053.5880000000001928, 1, 3054.8139999999998508, 86.875158226050487542, 3053.5880000000001928, 1, 3054.8139999999998508, 0, 3053.5880000000001928, 1
3054.8240000000000691, 31.210312101450607969, 3053.5949999999997999, 1, 3054.8240000000000691, 0, 3053.5949999999997999, 1, 3054.8240000000000691, 40.986567624896913742, 3053.5949999999997999, 1, 3054.8240000000000691, 100.90501100860163319, 3053.5949999999997999, 1
3054.8440000000000509, 20.699844290935256907, 3053.5979999999999563, 1, 3054.8440000000000509, 0, 3053.5979999999999563, 1, 3054.8440000000000509, 25.779142027074200882, 3053.5979999999999563, 1, 3054.8440000000000509, 32.054445938827967666, 3053.5979999999999563, 1
3054.8440000000000509, 23.255240580110488224, 3053.6030000000000655, 1, 3054.8440000000000509, 0, 3053.6030000000000655, 1, 3054.8440000000000509, 30.357224866300988708, 3053.6030000000000655, 1, 3054.8440000000000509, 21.908655672142600679, 3053.6030000000000655, 1
3054.8530000000000655, 44.209445399463547233, 3053.6089999999999236, 1, 3054.8530000000000655, 0, 3053.6089999999999236, 1, 3054.8530000000000655, 35.093284089571653794, 3053.6089999999999236, 1, 3054.8530000000000655, 24.648257763159534761, 3053.6089999999999236, 1
3054.862999999999829, 67.524928739092956675, 3053.612999999999829, 1, 3054.862999999999829, 56.881279400355587939, 3053.612999999999829, 1, 3054.862999999999829, 37.98090055142665733, 3053.612999999999829, 1, 3054.862999999999829, 28.953902830000171065, 3053.612999999999829, 1
3054.8739999999997963, 78.575509297259515051, 3053.6179999999999382, 1, 3054.8739999999997963, 51.874077777968352621, 3053.6179999999999382, 1, 3054.8739999999997963, 40.378328454363987987, 3053.6179999999999382, 1, 3054.8739999999997963, 21.246555693660383213, 3053.6179999999999382, 1
3054.8939999999997781, 81.033102007172686854, 3053.6230000000000473, 1, 3054.8939999999997781, 58.483344999969872902, 3053.6230000000000473, 1, 3054.8939999999997781, 42.298513890903947754, 3053.6230000000000473, 1, 3054.8939999999997781, 20.695291733570286397, 3053.6230000000000473, 1
3054.8939999999997781, 41.579318210461835292, 3053.6289999999999054, 1, 3054.8939999999997781, 90.868191332110725966, 3053.6289999999999054, 1, 3054.8939999999997781, 124.27853427809085929, 3053.6289999999999054, 1, 3054.8939999999997781, 55.48423843664131283, 3053.6289999999999054, 1
3054.9039999999999964, 59.413196628820514889, 3053.6340000000000146, 1, 3054.9039999999999964, 0, 3053.6340000000000146, 1, 3054.9039999999999964, 5.1735654197169003154, 3053.6340000000000146, 1, 3054.9039999999999964, 56.089673276755434017, 3053.6340000000000146, 1
3054.9130000000000109, 87.289940752448472949, 3053.63799999999992, 1, 3054.9130000000000109, 0, 3053.63799999999992, 1, 3054.9130000000000109, 0, 3053.63799999999992, 1, 3054.9130000000000109, 60.526895814154151765, 3053.63799999999992, 1
3054.9239999999999782, 103.37778689088253259, 3053.6430000000000291, 1, 3054.9239999999999782, 0, 3053.6430000000000291, 1, 3054.9239999999999782, 0, 3053.6430000000000291, 1, 3054.9239999999999782, 69.891606841189968691, 3053.6430000000000291, 1
3054.9340000000001965, 112.44996362310368454, 3053.6480000000001382, 1, 3054.9340000000001965, 0, 3053.6480000000001382, 1, 3054.9340000000001965, 0, 3053.6480000000001382, 1, 3054.9340000000001965, 73.782616741035042196, 3053.6480000000001382, 1
3054.94399999999996, 117.20222260843897288, 3053.6539999999999964, 1, 3054.94399999999996, 0, 3053.6539999999999964, 1, 3054.94399999999996, 0, 3053.6539999999999964, 1, 3054.94399999999996, 74.857042176896015917, 3053.6539999999999964, 1
3054.9540000000001783, 119.04569893641692602, 3053.6590000000001055, 1, 3054.9540000000001783, 0, 3053.6590000000001055, 1, 3054.9540000000001783, 0, 3053.6590000000001055, 1, 3054.9540000000001783, 76.249336283501605749, 3053.6590000000001055, 1
3054.9639999999999418, 119.09947223018374984, 3053.6630000000000109, 1, 3054.9639999999999418, 0, 3053.6630000000000109, 1, 3054.9639999999999418, 0, 3053.6630000000000109, 1, 3054.9639999999999418, 79.381062658366545293, 3053.6630000000000109, 1
3054.9740000000001601, 118.99128247117806723, 3053.6680000000001201, 1, 3054.9740000000001601, 0, 3053.6680000000001201, 1, 3054.9740000000001601, 0, 3053.6680000000001201, 1, 3054.9740000000001601, 79.390880665709460118, 3053.6680000000001201, 1
3054.9839999999999236, 117.03341715385245436, 3053.6729999999997744, 1, 3054.9839999999999236, 0, 3053.6729999999997744, 1, 3054.9839999999999236, 0, 3053.6729999999997744, 1, 3054.9839999999999236, 86.4901593530191235, 3053.6729999999997744, 1
3055.0039999999999054, 115.3185546047794503, 3053.6779999999998836, 1, 3055.0039999999999054, 0, 3053.6779999999998836, 1, 3055.0039999999999054, 0, 3053.6779999999998836, 1, 3055.0039999999999054, 87.908760246413436334, 3053.6779999999998836, 1
3055.0039999999999054, 113.7111704224326445, 3053.6829999999999927, 1, 3055.0039999999999054, 0, 3053.6829999999999927, 1, 3055.0039999999999054, 0, 3053.6829999999999927, 1, 3055.0039999999999054, 92.982244349275788409, 3053.6829999999999927, 1
3055.0140000000001237, 112.33367823049880485, 3053.6889999999998508, 1, 3055.0140000000001237, 0, 3053.6889999999998508, 1, 3055.0140000000001237, 0, 3053.6889999999998508, 1, 3055.0140000000001237, 96.761598293294099449, 3053.6889999999998508, 1
3055.0239999999998872, 110.62072732425608024, 3053.693000000000211, 1, 3055.0239999999998872, 0, 3053.693000000000211, 1, 3055.0239999999998872, 0, 3053.693000000000211, 1, 3055.0239999999998872, 99.947122690171056547, 3053.693000000000211, 1
3055.0340000000001055, 109.32549626445140234, 3053.6979999999998654, 1, 3055.0340000000001055, 0, 3053.6979999999998654, 1, 3055.0340000000001055, 0, 3053.6979999999998654, 1, 3055.0340000000001055, 102.14030322513784199, 3053.6979999999998654, 1
3055.05600000000004, 106.43558337158808058, 3053.7029999999999745, 1, 3055.05600000000004, 0, 3053.7029999999999745, 0, 3055.05600000000004, 0, 3053.7029999999999745, 0, 3055.05600000000004, 101.02537388036671473, 3053.7029999999999745, 1
3055.05600000000004, 105.335743790150417, 3053.7080000000000837, 1, 3055.05600000000004, 0, 3053.7080000000000837, 0, 3055.05600000000004, 0, 3053.7080000000000837, 0, 3055.05600000000004, 99.712544412194290544, 3053.7080000000000837, 1
3055.0740000000000691, 105.53092031289423858, 3053.7139999999999418, 1, 3055.0740000000000691, 0, 3053.7139999999999418, 0, 3055.0740000000000691, 0, 3053.7139999999999418, 0, 3055.0740000000000691, 106.38530765358007102, 3053.7139999999999418, 1
3055.0740000000000691, 104.25598248866032236, 3053.7179999999998472, 1, 3055.0740000000000691, 0, 3053.7179999999998472, 0, 3055.0740000000000691, 0, 3053.7179999999998472, 0, 3055.0740000000000691, 109.18707257479431405, 3053.7179999999998472, 1
3055.0830000000000837, 102.90595603749264342, 3053.7229999999999563, 1, 3055.0830000000000837, 0, 3053.7229999999999563, 0, 3055.0830000000000837, 0, 3053.7229999999999563, 0, 3055.0830000000000837, 112.65818457459839408, 3053.7229999999999563, 1
3055.0929999999998472, 101.31493009668699301, 3053.7280000000000655, 1, 3055.0929999999998472, 0, 3053.7280000000000655, 0, 3055.0929999999998472, 0, 3053.7280000000000655, 0, 3055.0929999999998472, 114.31800372983481395, 3053.7280000000000655, 1
3055.1140000000000327, 99.642299760733493486, 3053.7339999999999236, 1, 3055.1140000000000327, 0, 3053.7339999999999236, 0, 3055.1140000000000327, 0, 3053.7339999999999236, 0, 3055.1140000000000327, 117.16406658967071053, 3053.7339999999999236, 1
3055.1140000000000327, 98.88956675716043776, 3053.737999999999829, 1, 3055.1140000000000327, 0, 3053.737999999999829, 0, 3055.1140000000000327, 0, 3053.737999999999829, 0, 3055.1140000000000327, 116.0359766290064556, 3053.737999999999829, 1
3055.1300000000001091, 98.412296391692535735, 3053.7420000000001892, 1, 3055.1300000000001091, 324.76848907216049156, 3053.7420000000001892, 0, 3055.1300000000001091, 0, 3053.7420000000001892, 0, 3055.1300000000001091, 114.64895294072837828, 3053.7420000000001892, 1
3055.1340000000000146, 36.167983642979891101, 3053.7489999999997963, 1, 3055.1340000000000146, 273.15169123377143023, 3053.7489999999997963, 0, 3055.1340000000000146, 242.34987944015932726, 3053.7489999999997963, 0, 3055.1340000000000146, 77.639763816386832218, 3053.7489999999997963, 1
3055.1539999999999964, 0, 3053.7539999999999054, 1, 3055.1539999999999964, 68.776002682415196432, 3053.7539999999999054, 0, 3055.1539999999999964, 95.232647071519920701, 3053.7539999999999054, 0, 3055.1539999999999964, 42.937118730865215355, 3053.7539999999999054, 1
3055.1539999999999964, 0, 3053.7579999999998108, 1, 3055.1539999999999964, 22.423941844083241648, 3053.7579999999998108, 0, 3055.1539999999999964, 38.731790316237479033, 3053.7579999999998108, 0, 3055.1539999999999964, 41.899216059325922856, 3053.7579999999998108, 1
3055.1630000000000109, 0, 3053.76299999999992, 1, 3055.1630000000000109, 24.090123668686473479, 3053.76299999999992, 0, 3055.1630000000000109, 23.45649578156839965, 3053.76299999999992, 0, 3055.1630000000000109, 44.916594393253895134, 3053.76299999999992, 1
3055.1739999999999782, 33.838312544691760309, 3053.7680000000000291, 1, 3055.1739999999999782, 38.872111422133649228, 3053.7680000000000291, 0, 3055.1739999999999782, 21.320646612233051798, 3053.7680000000000291, 0, 3055.1739999999999782, 48.932265319193248843, 3053.7680000000000291, 1
3055.1829999999999927, 36.597797219372580457, 3053.7730000000001382, 1, 3055.1829999999999927, 49.720871495230454684, 3053.7730000000001382, 0, 3055.1829999999999927, 20.892665998360580915, 3053.7730000000001382, 0, 3055.1829999999999927, 53.521336228519913902, 3053.7730000000001382, 1
3055.193000000000211, 47.869535801937544761, 3053.7789999999999964, 1, 3055.193000000000211, 56.129941553835855927, 3053.7789999999999964, 0, 3055.193000000000211, 22.772896259797533958, 3053.7789999999999964, 0, 3055.193000000000211, 52.865628536130174098, 3053.7789999999999964, 1
3055.2139999999999418, 52.756345919087110019, 3053.7840000000001055, 1, 3055.2139999999999418, 61.654151726921007537, 3053.7840000000001055, 0, 3055.2139999999999418, 24.994753970749648886, 3053.7840000000001055, 0, 3055.2139999999999418, 48.386603624460647666, 3053.7840000000001055, 1
3055.2240000000001601, 51.097850600875418081, 3053.7880000000000109, 1, 3055.2240000000001601, 66.170695026711157993, 3053.7880000000000109, 0, 3055.2240000000001601, 28.652181690604948017, 3053.7880000000000109, 0, 3055.2240000000001601, 38.841436755199403308, 3053.7880000000000109, 1
3055.2339999999999236, 30.199733159157439388, 3053.7930000000001201, 1, 3055.2339999999999236, 68.653829950123878234, 3053.7930000000001201, 0, 3055.2339999999999236, 57.105367182526251213, 3053.7930000000001201, 0, 3055.2339999999999236, 19.652028911630477381, 3053.7930000000001201, 1
3055.2440000000001419, 0, 3053.7989999999999782, 1, 3055.2440000000001419, 93.723663569208525814, 3053.7989999999999782, 0, 3055.2440000000001419, 74.233120159795348059, 3053.7989999999999782, 0, 3055.2440000000001419, 0, 3053.7989999999999782, 1
3055.2440000000001419, 0, 3053.8029999999998836, 1, 3055.2440000000001419, 108.56436437851721166, 3053.8029999999998836, 0, 3055.2440000000001419, 76.996539055974892563, 3053.8029999999998836, 0, 3055.2440000000001419, 0, 3053.8029999999998836, 1
3055.2539999999999054, 0, 3053.8079999999999927, 1, 3055.2539999999999054, 119.27022536572918909, 3053.8079999999999927, 0, 3055.2539999999999054, 74.363320421707328478, 3053.8079999999999927, 0, 3055.2539999999999054, 0, 3053.8079999999999927, 1
3055.2739999999998872, 0, 3053.8150000000000546, 1, 3055.2739999999998872, 126.61654118026606852, 3053.8150000000000546, 0, 3055.2739999999998872, 70.049223243207549672, 3053.8150000000000546, 0, 3055.2739999999998872, 0, 3053.8150000000000546, 1
3055.2840000000001055, 0, 3053.818000000000211, 1, 3055.2840000000001055, 126.96261728672010349, 3053.818000000000211, 0, 3055.2840000000001055, 69.623388895399244802, 3053.818000000000211, 0, 3055.2840000000001055, 0, 3053.818000000000211, 1
3055.2840000000001055, 0, 3053.8229999999998654, 1, 3055.2840000000001055, 126.85961150382260598, 3053.8229999999998654, 0, 3055.2840000000001055, 70.655804577318235715, 3053.8229999999998654, 0, 3055.2840000000001055, 0, 3053.8229999999998654, 1
3055.3049999999998363, 0, 3053.8279999999999745, 1, 3055.3049999999998363, 127.09977744885796369, 3053.8279999999999745, 0, 3055.3049999999998363, 71.904119390743446161, 3053.8279999999999745, 0, 3055.3049999999998363, 0, 3053.8279999999999745, 1
3055.3150000000000546, 0, 3053.8339999999998327, 1, 3055.3150000000000546, 125.37837729750663129, 3053.8339999999998327, 1, 3055.3150000000000546, 74.692554084181395524, 3053.8339999999998327, 1, 3055.3150000000000546, 0, 3053.8339999999998327, 1
3055.3150000000000546, 0, 3053.8380000000001928, 1, 3055.3150000000000546, 122.66080306916177278, 3053.8380000000001928, 1, 3055.3150000000000546, 78.750856567070712799, 3053.8380000000001928, 1, 3055.3150000000000546, 0, 3053.8380000000001928, 1
3055.3350000000000364, 0, 3053.8429999999998472, 1, 3055.3350000000000364, 120.69434213401004286, 3053.8429999999998472, 1, 3055.3350000000000364, 80.872578674921015818, 3053.8429999999998472, 1, 3055.3350000000000364, 0, 3053.8429999999998472, 1
3055.3350000000000364, 0, 3053.8479999999999563, 1, 3055.3350000000000364, 117.10355864985376684, 3053.8479999999999563, 1, 3055.3350000000000364, 89.115069104731645666, 3053.8479999999999563, 1, 3055.3350000000000364, 0, 3053.8479999999999563, 1
3055.3449999999997999, 0, 3053.8530000000000655, 1, 3055.3449999999997999, 114.28761464049429719, 3053.8530000000000655, 1, 3055.3449999999997999, 89.779005875950957716, 3053.8530000000000655, 1, 3055.3449999999997999, 0, 3053.8530000000000655, 1
3055.3550000000000182, 0, 3053.8580000000001746, 1, 3055.3550000000000182, 109.78544978169894364, 3053.8580000000001746, 1, 3055.3550000000000182, 93.695740118165275589, 3053.8580000000001746, 1, 3055.3550000000000182, 0, 3053.8580000000001746, 1
3055.375, 0, 3053.862999999999829, 1, 3055.375, 105.39583162544630568, 3053.862999999999829, 1, 3055.375, 96.067700317293997614, 3053.862999999999829, 1, 3055.375, 0, 3053.862999999999829, 1
3055.3850000000002183, 0, 3053.8679999999999382, 1, 3055.3850000000002183, 103.75542240736051269, 3053.8679999999999382, 1, 3055.3850000000002183, 99.572504065772250215, 3053.8679999999999382, 1, 3055.3850000000002183, 0, 3053.8679999999999382, 1
3055.3939999999997781, 0, 3053.8730000000000473, 1, 3055.3939999999997781, 105.89915911217997291, 3053.8730000000000473, 1, 3055.3939999999997781, 98.194794660987710699, 3053.8730000000000473, 1, 3055.3939999999997781, 0, 3053.8730000000000473, 1
3055.4050000000002001, 0, 3053.8780000000001564, 1, 3055.4050000000002001, 108.0136068420915052, 3053.8780000000001564, 1, 3055.4050000000002001, 101.32904289192421743, 3053.8780000000001564, 1, 3055.4050000000002001, 0, 3053.8780000000001564, 1
3055.4140000000002146, 0, 3053.8859999999999673, 1, 3055.4140000000002146, 105.69643688430407735, 3053.8859999999999673, 1, 3055.4140000000002146, 104.28779006908999349, 3053.8859999999999673, 1, 3055.4140000000002146, 0, 3053.8859999999999673, 1
3055.4169999999999163, 0, 3053.88799999999992, 1, 3055.4169999999999163, 102.47146075884094785, 3053.88799999999992, 1, 3055.4169999999999163, 107.56485888467574341, 3053.88799999999992, 1, 3055.4169999999999163, 0, 3053.88799999999992, 1
3055.4349999999999454, 0, 3053.8930000000000291, 1, 3055.4349999999999454, 100.15238557735162317, 3053.8930000000000291, 1, 3055.4349999999999454, 112.23587410936482911, 3053.8930000000000291, 1, 3055.4349999999999454, 0, 3053.8930000000000291, 1
3055.4450000000001637, 310.62033343244621619, 3053.8980000000001382, 1, 3055.4450000000001637, 96.827977422107466055, 3053.8980000000001382, 1, 3055.4450000000001637, 112.45651668915203913, 3053.8980000000001382, 1, 3055.4450000000001637, 0, 3053.8980000000001382, 1
3055.4450000000001637, 301.44102741433687243, 3053.9039999999999964, 0, 3055.4450000000001637, 41.976487977249419714, 3053.9039999999999964, 1, 3055.4450000000001637, 117.9512236190575436, 3053.9039999999999964, 1, 3055.4450000000001637, 0, 3053.9039999999999964, 0
3055.4549999999999272, 266.02531657162074907, 3053.9079999999999018, 0, 3055.4549999999999272, 4.7581807049311208857, 3053.9079999999999018, 1, 3055.4549999999999272, 116.96313655727479386, 3053.9079999999999018, 1, 3055.4549999999999272, 0, 3053.9079999999999018, 0
3055.4749999999999091, 92.705365485369014777, 3053.9130000000000109, 0, 3055.4749999999999091, 0, 3053.9130000000000109, 1, 3055.4749999999999091, 83.902301543438255749, 3053.9130000000000109, 1, 3055.4749999999999091, 147.68642985531559475, 3053.9130000000000109, 0
3055.4850000000001273, 27.541507850807871449, 3053.9180000000001201, 0, 3055.4850000000001273, 0, 3053.9180000000001201, 1, 3055.4850000000001273, 33.093328922257754243, 3053.9180000000001201, 1, 3055.4850000000001273, 74.859564686554094237, 3053.9180000000001201, 0
3055.4850000000001273, 20.914825080267284818, 3053.9229999999997744, 0, 3055.4850000000001273, 0, 3053.9229999999997744, 1, 3055.4850000000001273, 26.87361514714597277, 3053.9229999999997744, 1, 3055.4850000000001273, 29.083311307825447045, 3053.9229999999997744, 0
3055.4960000000000946, 28.082143936420134622, 3053.9279999999998836, 0, 3055.4960000000000946, 0, 3053.9279999999998836, 1, 3055.4960000000000946, 30.996688436354922658, 3053.9279999999998836, 1, 3055.4960000000000946, 22.333687325078734887, 3053.9279999999998836, 0
3055.5149999999998727, 47.181457431430558813, 3053.9329999999999927, 0, 3055.5149999999998727, 0, 3053.9329999999999927, 1, 3055.5149999999998727, 36.033816788707298429, 3053.9329999999999927, 1, 3055.5149999999998727, 22.462947569388781233, 3053.9329999999999927, 0
3055.5149999999998727, 68.136276652738700932, 3053.9380000000001019, 0, 3055.5149999999998727, 57.638032468242897721, 3053.9380000000001019, 1, 3055.5149999999998727, 40.202927606080187672, 3053.9380000000001019, 1, 3055.5149999999998727, 21.428230440031075688, 3053.9380000000001019, 0
3055.5259999999998399, 75.854376444036020644, 3053.943000000000211, 0, 3055.5259999999998399, 49.209209796167179718, 3053.943000000000211, 1, 3055.5259999999998399, 41.808655372317332422, 3053.943000000000211, 1, 3055.5259999999998399, 18.195492540803389403, 3053.943000000000211, 0
3055.5349999999998545, 70.417002543742356124, 3053.9479999999998654, 0, 3055.5349999999998545, 102.31920226995177359, 3053.9479999999998654, 1, 3055.5349999999998545, 105.22361229496678448, 3053.9479999999998654, 1, 3055.5349999999998545, 29.734211652978032703, 3053.9479999999998654, 0
3055.5450000000000728, 32.430393494552575362, 3053.9529999999999745, 0, 3055.5450000000000728, 53.367151690295131061, 3053.9529999999999745, 1, 3055.5450000000000728, 125.41671649513921238, 3053.9529999999999745, 1, 3055.5450000000000728, 39.539494095110384819, 3053.9529999999999745, 0
3055.5540000000000873, 61.743766726083066487, 3053.9580000000000837, 0, 3055.5540000000000873, 0, 3053.9580000000000837, 1, 3055.5540000000000873, 0, 3053.9580000000000837, 1, 3055.5540000000000873, 44.836459241966934997, 3053.9580000000000837, 0
3055.5639999999998508, 87.518812896787807176, 3053.9630000000001928, 0, 3055.5639999999998508, 0, 3053.9630000000001928, 1, 3055.5639999999998508, 0, 3053.9630000000001928, 1, 3055.5639999999998508, 61.010465145397930087, 3053.9630000000001928, 0
3055.5749999999998181, 103.03951098180353085, 3053.9690000000000509, 0, 3055.5749999999998181, 0, 3053.9690000000000509, 1, 3055.5749999999998181, 0, 3053.9690000000000509, 1, 3055.5749999999998181, 69.270939009666847141, 3053.9690000000000509, 0
3055.5960000000000036, 113.89569139265424269, 3053.9729999999999563, 0, 3055.5960000000000036, 0, 3053.9729999999999563, 1, 3055.5960000000000036, 0, 3053.9729999999999563, 1, 3055.5960000000000036, 73.237488348938057925, 3053.9729999999999563, 0
3055.5960000000000036, 118.49425053777792982, 3053.9789999999998145, 0, 3055.5960000000000036, 0, 3053.9789999999998145, 1, 3055.5960000000000036, 0, 3053.9789999999998145, 1, 3055.5960000000000036, 73.688440452339619924, 3053.9789999999998145, 0
3055.6050000000000182, 119.76575935327514344, 3053.9830000000001746, 0, 3055.6050000000000182, 0, 3053.9830000000001746, 1, 3055.6050000000000182, 0, 3053.9830000000001746, 1, 3055.6050000000000182, 76.404491549391650551, 3053.9830000000001746, 0
3055.6149999999997817, 120.47035229020978875, 3053.9899999999997817, 0, 3055.6149999999997817, 0, 3053.9899999999997817, 1, 3055.6149999999997817, 0, 3053.9899999999997817, 1, 3055.6149999999997817, 75.790861284721074753, 3053.9899999999997817, 0
3055.625, 119.4246896916802001, 3053.9940000000001419, 0, 3055.625, 0, 3053.9940000000001419, 1, 3055.625, 0, 3053.9940000000001419, 1, 3055.625, 80.705840825181027753, 3053.9940000000001419, 0
3055.6350000000002183, 117.73442111428894918, 3053.9989999999997963, 0, 3055.6350000000002183, 0, 3053.9989999999997963, 1, 3055.6350000000002183, 0, 3053.9989999999997963, 1, 3055.6350000000002183, 83.56421814262662906, 3053.9989999999997963, 0
3055.6439999999997781, 115.90252371643342144, 3054.0030000000001564, 0, 3055.6439999999997781, 0, 3054.0030000000001564, 1, 3055.6439999999997781, 0, 3054.0030000000001564, 1, 3055.6439999999997781, 87.875408249529499471, 3054.0030000000001564, 0
3055.6539999999999964, 113.96851983076939518, 3054.0100000000002183, 0, 3055.6539999999999964, 0, 3054.0100000000002183, 1, 3055.6539999999999964, 0, 3054.0100000000002183, 1, 3055.6539999999999964, 91.876646940640966932, 3054.0100000000002183, 0
3055.6640000000002146, 112.64538125274064839, 3054.01299999999992, 0, 3055.6640000000002146, 0, 3054.01299999999992, 1, 3055.6640000000002146, 0, 3054.01299999999992, 1, 3055.6640000000002146, 96.012075010327393443, 3054.01299999999992, 0
3055.6750000000001819, 110.36822653795778137, 3054.0180000000000291, 0, 3055.6750000000001819, 0, 3054.0180000000000291, 1, 3055.6750000000001819, 0, 3054.0180000000000291, 1, 3055.6750000000001819, 97.008593867611338624, 3054.0180000000000291, 0
3055.6849999999999454, 108.98385947809626373, 3054.0230000000001382, 0, 3055.6849999999999454, 0, 3054.0230000000001382, 1, 3055.6849999999999454, 0, 3054.0230000000001382, 1, 3055.6849999999999454, 98.973786130279108875, 3054.0230000000001382, 0
3055.6950000000001637, 107.66539845303053369, 3054.0289999999999964, 0, 3055.6950000000001637, 0, 3054.0289999999999964, 1, 3055.6950000000001637, 0, 3054.0289999999999964, 1, 3055.6950000000001637, 100.27322525371661754, 3054.0289999999999964, 0
3055.7049999999999272, 106.77529610816606009, 3054.0329999999999018, 0, 3055.7049999999999272, 0, 3054.0329999999999018, 1, 3055.7049999999999272, 0, 3054.0329999999999018, 1, 3055.7049999999999272, 102.33233189193305179, 3054.0329999999999018, 0
3055.7159999999998945, 105.76277924568262279, 3054.0380000000000109, 0, 3055.7159999999998945, 0, 3054.0380000000000109, 1, 3055.7159999999998945, 0, 3054.0380000000000109, 1, 3055.7159999999998945, 105.40784111258344069, 3054.0380000000000109, 0
3055.7249999999999091, 104.16397218583898621, 3054.043999999999869, 0, 3055.7249999999999091, 0, 3054.043999999999869, 1, 3055.7249999999999091, 0, 3054.043999999999869, 1, 3055.7249999999999091, 108.75134502032373973, 3054.043999999999869, 0
3055.7350000000001273, 102.99834216856019964, 3054.0479999999997744, 0, 3055.7350000000001273, 0, 3054.0479999999997744, 1, 3055.7350000000001273, 0, 3054.0479999999997744, 1, 3055.7350000000001273, 111.83069796168294374, 3054.0479999999997744, 0
3055.7449999999998909, 101.38318717529602964, 3054.0529999999998836, 0, 3055.7449999999998909, 0, 3054.0529999999998836, 1, 3055.7449999999998909, 0, 3054.0529999999998836, 1, 3055.7449999999998909, 114.64099455158270757, 3054.0529999999998836, 0
3055.7550000000001091, 99.544816879441967217, 3054.0590000000001965, 0, 3055.7550000000001091, 0, 3054.0590000000001965, 1, 3055.7550000000001091, 0, 3054.0590000000001965, 1, 3055.7550000000001091, 116.5912634142923423, 3054.0590000000001965, 0
3055.7649999999998727, 98.577156114071954107, 3054.0639999999998508, 0, 3055.7649999999998727, 0, 3054.0639999999998508, 1, 3055.7649999999998727, 0, 3054.0639999999998508, 1, 3055.7649999999998727, 115.95362598874739035, 3054.0639999999998508, 0
3055.7750000000000909, 83.506124442291735477, 3054.068000000000211, 0, 3055.7750000000000909, 312.02632966769215273, 3054.068000000000211, 1, 3055.7750000000000909, 0, 3054.068000000000211, 1, 3055.7750000000000909, 112.69586083705256385, 3054.068000000000211, 0
3055.7849999999998545, 21.794742673748906725, 3054.0740000000000691, 0, 3055.7849999999998545, 251.41090764622194342, 3054.0740000000000691, 1, 3055.7849999999998545, 212.73792259725422582, 3054.0740000000000691, 1, 3055.7849999999998545, 88.278221672815746501, 3054.0740000000000691, 0
3055.793999999999869, 0, 3054.0790000000001783, 0, 3055.793999999999869, 66.661124302304941125, 3054.0790000000001783, 1, 3055.793999999999869, 93.697546861492725156, 3054.0790000000001783, 1, 3055.793999999999869, 34.608810208142685383, 3054.0790000000001783, 0
3055.8049999999998363, 0, 3054.0839999999998327, 0, 3055.8049999999998363, 18.590214524507377547, 3054.0839999999998327, 1, 3055.8049999999998363, 35.768416688170361795, 3054.0839999999998327, 1, 3055.8049999999998363, 39.951995458487246538, 3054.0839999999998327, 0
3055.8240000000000691, 0, 3054.0880000000001928, 0, 3055.8240000000000691, 12.914555940728629224, 3054.0880000000001928, 1, 3055.8240000000000691, 17.926309104962946606, 3054.0880000000001928, 1, 3055.8240000000000691, 44.510001145636223896, 3054.0880000000001928, 0
3055.8350000000000364, 0, 3054.0929999999998472, 0, 3055.8350000000000364, 30.921533085734370871, 3054.0929999999998472, 1, 3055.8350000000000364, 18.024613994482738377, 3054.0929999999998472, 1, 3055.8350000000000364, 47.119994777850436662, 3054.0929999999998472, 0
3055.8440000000000509, 50.157910164894374816, 3054.0999999999999091, 0, 3055.8440000000000509, 51.384859885096844323, 3054.0999999999999091, 1, 3055.8440000000000509, 22.739747382760526762, 3054.0999999999999091, 1, 3055.8440000000000509, 51.389622844598733309, 3054.0999999999999091, 0
3055.8550000000000182, 50.034892770311330423, 3054.1069999999999709, 0, 3055.8550000000000182, 57.646838618329141468, 3054.1069999999999709, 1, 3055.8550000000000182, 23.21884816052736511, 3054.1069999999999709, 1, 3055.8550000000000182, 56.20296540175032618, 3054.1069999999999709, 0
3055.8550000000000182, 55.592629865522262378, 3054.1089999999999236, 0, 3055.8550000000000182, 60.115185225708287931, 3054.1089999999999236, 1, 3055.8550000000000182, 24.952168187911883734, 3054.1089999999999236, 1, 3055.8550000000000182, 53.346544980476693354, 3054.1089999999999236, 0
3055.8659999999999854, 46.251520490956274045, 3054.1140000000000327, 0, 3055.8659999999999854, 63.574992827475853119, 3054.1140000000000327, 1, 3055.8659999999999854, 32.000886343412538793, 3054.1140000000000327, 1, 3055.8659999999999854, 37.71686460925872808, 3054.1140000000000327, 0
3055.8850000000002183, 0, 3054.1179999999999382, 0, 3055.8850000000002183, 73.243247405180966325, 3054.1179999999999382, 1, 3055.8850000000002183, 64.078966532256728783, 3054.1179999999999382, 1, 3055.8850000000002183, 0, 3054.1179999999999382, 0
3055.8939999999997781, 0, 3054.1219999999998436, 0, 3055.8939999999997781, 95.98958680685009881, 3054.1219999999998436, 1, 3055.8939999999997781, 75.562487506504240287, 3054.1219999999998436, 1, 3055.8939999999997781, 0, 3054.1219999999998436, 0
3055.9039999999999964, 0, 3054.1289999999999054, 0, 3055.9039999999999964, 110.97424583347662974, 3054.1289999999999054, 1, 3055.9039999999999964, 79.815548519643414238, 3054.1289999999999054, 1, 3055.9039999999999964, 0, 3054.1289999999999054, 0
3055.9039999999999964, 0, 3054.1350000000002183, 0, 3055.9039999999999964, 119.73548656682419278, 3054.1350000000002183, 1, 3055.9039999999999964, 76.419807749760920501, 3054.1350000000002183, 1, 3055.9039999999999964, 0, 3054.1350000000002183, 0
3055.9160000000001673, 0, 3054.13799999999992, 0, 3055.9160000000001673, 125.13801298602558632, 3054.13799999999992, 1, 3055.9160000000001673, 73.170634246108903653, 3054.13799999999992, 1, 3055.9160000000001673, 0, 3054.13799999999992, 0
3055.9340000000001965, 0, 3054.1439999999997781, 0, 3055.9340000000001965, 127.00778069064107001, 3054.1439999999997781, 1, 3055.9340000000001965, 71.426806700880064227, 3054.1439999999997781, 1, 3055.9340000000001965, 0, 3054.1439999999997781, 0
3055.9340000000001965, 0, 3054.1480000000001382, 0, 3055.9340000000001965, 126.31766116823288826, 3054.1480000000001382, 1, 3055.9340000000001965, 71.482926356238422727, 3054.1480000000001382, 1, 3055.9340000000001965, 0, 3054.1480000000001382, 0
3055.9549999999999272, 0, 3054.1579999999999018, 0, 3055.9549999999999272, 125.2583569679904798, 3054.1579999999999018, 1, 3055.9549999999999272, 73.683562265350474263, 3054.1579999999999018, 1, 3055.9549999999999272, 0, 3054.1579999999999018, 0
3055.9650000000001455, 0, 3054.1579999999999018, 1, 3055.9650000000001455, 123.682110670365347, 3054.1579999999999018, 1, 3055.9650000000001455, 76.677765828506949219, 3054.1579999999999018, 1, 3055.9650000000001455, 0, 3054.1579999999999018, 1
3055.9749999999999091, 0, 3054.1630000000000109, 1, 3055.9749999999999091, 121.59719596453022916, 3054.1630000000000109, 1, 3055.9749999999999091, 80.459964879229772805, 3054.1630000000000109, 1, 3055.9749999999999091, 0, 3054.1630000000000109, 1
3055.9839999999999236, 0, 3054.1680000000001201, 1, 3055.9839999999999236, 118.81568310824464163, 3054.1680000000001201, 1, 3055.9839999999999236, 84.281993163616832021, 3054.1680000000001201, 1, 3055.9839999999999236, 0, 3054.1680000000001201, 1
3055.9839999999999236, 0, 3054.1739999999999782, 1, 3055.9839999999999236, 116.38341180371872952, 3054.1739999999999782, 1, 3055.9839999999999236, 89.063497811857430975, 3054.1739999999999782, 1, 3055.9839999999999236, 0, 3054.1739999999999782, 1
3055.9949999999998909, 0, 3054.1790000000000873, 1, 3055.9949999999998909, 113.58189372551089491, 3054.1790000000000873, 1, 3055.9949999999998909, 93.50037327771406126, 3054.1790000000000873, 1, 3055.9949999999998909, 0, 3054.1790000000000873, 1
3056.0149999999998727, 0, 3054.1829999999999927, 1, 3056.0149999999998727, 108.14932998082909421, 3054.1829999999999927, 1, 3056.0149999999998727, 95.27485712303962373, 3054.1829999999999927, 1, 3056.0149999999998727, 0, 3054.1829999999999927, 1
3056.0149999999998727, 0, 3054.1880000000001019, 1, 3056.0149999999998727, 102.89419433941627346, 3054.1880000000001019, 1, 3056.0149999999998727, 98.016693606173305398, 3054.1880000000001019, 1, 3056.0149999999998727, 0, 3054.1880000000001019, 1
3056.0349999999998545, 0, 3054.1950000000001637, 1, 3056.0349999999998545, 101.38773816091392632, 3054.1950000000001637, 1, 3056.0349999999998545, 102.07919195850135452, 3054.1950000000001637, 1, 3056.0349999999998545, 0, 3054.1950000000001637, 1
3056.0349999999998545, 0, 3054.1979999999998654, 1, 3056.0349999999998545, 104.03628968473398686, 3054.1979999999998654, 1, 3056.0349999999998545, 104.56262273823861619, 3054.1979999999998654, 1, 3056.0349999999998545, 0, 3054.1979999999998654, 1
3056.0549999999998363, 0, 3054.2049999999999272, 1, 3056.0549999999998363, 107.05051110218795429, 3054.2049999999999272, 1, 3056.0549999999998363, 103.6378307828088623, 3054.2049999999999272, 1, 3056.0549999999998363, 0, 3054.2049999999999272, 1
3056.0549999999998363, 0, 3054.2080000000000837, 1, 3056.0549999999998363, 105.74908852230373668, 3054.2080000000000837, 1, 3056.0549999999998363, 106.13155995285367794, 3054.2080000000000837, 1, 3056.0549999999998363, 0, 3054.2080000000000837, 1
3056.0749999999998181, 0, 3054.2130000000001928, 1, 3056.0749999999998181, 102.75422034184498443, 3054.2130000000001928, 1, 3056.0749999999998181, 109.46916445616429314, 3054.2130000000001928, 1, 3056.0749999999998181, 0, 3054.2130000000001928, 1
3056.0749999999998181, 0, 3054.2179999999998472, 1, 3056.0749999999998181, 99.69584781709617971, 3054.2179999999998472, 1, 3056.0749999999998181, 112.54716803338783393, 3054.2179999999998472, 1, 3056.0749999999998181, 0, 3054.2179999999998472, 1
3056.0850000000000364, 310.46216925575930645, 3054.2220000000002074, 1, 3056.0850000000000364, 97.396352874649124942, 3054.2220000000002074, 1, 3056.0850000000000364, 114.62882750068112614, 3054.2220000000002074, 1, 3056.0850000000000364, 0, 3054.2220000000002074, 1
3056.0960000000000036, 304.43704641773280173, 3054.2280000000000655, 1, 3056.0960000000000036, 49.140294598529749237, 3054.2280000000000655, 1, 3056.0960000000000036, 115.50752546168655499, 3054.2280000000000655, 1, 3056.0960000000000036, 0, 3054.2280000000000655, 1
3056.1050000000000182, 275.56771939355178347, 3054.2330000000001746, 1, 3056.1050000000000182, 6.2991272991010243132, 3054.2330000000001746, 0, 3056.1050000000000182, 120.11724529488267876, 3054.2330000000001746, 0, 3056.1050000000000182, 0, 3054.2330000000001746, 1
3056.1149999999997817, 103.84344190947186348, 3054.2390000000000327, 1, 3056.1149999999997817, 0, 3054.2390000000000327, 0, 3056.1149999999997817, 86.578114803815921618, 3054.2390000000000327, 0, 3056.1149999999997817, 1.0467390647582363192e-95, 3054.2390000000000327, 1
3056.125, 31.626891320987688516, 3054.2429999999999382, 1, 3056.125, 0, 3054.2429999999999382, 0, 3056.125, 36.884832134151174898, 3054.2429999999999382, 0, 3056.125, 98.977613636133071395, 3054.2429999999999382, 1
3056.1350000000002183, 15.375184045453766046, 3054.2480000000000473, 1, 3056.1350000000002183, 0, 3054.2480000000000473, 0, 3056.1350000000002183, 25.16468848644328915, 3054.2480000000000473, 0, 3056.1350000000002183, 26.009710153134353305, 3054.2480000000000473, 1
3056.1449999999999818, 23.909442642562186876, 3054.2530000000001564, 1, 3056.1449999999999818, 0, 3054.2530000000001564, 0, 3056.1449999999999818, 30.455087844507168882, 3054.2530000000001564, 0, 3056.1449999999999818, 22.000912830093195538, 3054.2530000000001564, 1
3056.1649999999999636, 46.829835429563750893, 3054.2579999999998108, 1, 3056.1649999999999636, 0, 3054.2579999999998108, 0, 3056.1649999999999636, 34.531637225416574211, 3054.2579999999998108, 0, 3056.1649999999999636, 23.516225055821642798, 3054.2579999999998108, 1
3056.1649999999999636, 70.226376849938958458, 3054.26299999999992, 1, 3056.1649999999999636, 56.911886856466843199, 3054.26299999999992, 0, 3056.1649999999999636, 38.02185042847963814, 3054.26299999999992, 0, 3056.1649999999999636, 27.833651703617775297, 3054.26299999999992, 1
3056.1750000000001819, 78.715711642770386902, 3054.2699999999999818, 1, 3056.1750000000001819, 55.554340998225605119, 3054.2699999999999818, 0, 3056.1750000000001819, 39.356940413900275644, 3054.2699999999999818, 0, 3056.1750000000001819, 21.149767575430853839, 3054.2699999999999818, 1
3056.1849999999999454, 78.229987237481765305, 3054.2730000000001382, 1, 3056.1849999999999454, 58.857889382848348703, 3054.2730000000001382, 0, 3056.1849999999999454, 39.621113668652768069, 3054.2730000000001382, 0, 3056.1849999999999454, 20.652291980112671865, 3054.2730000000001382, 1
3056.2049999999999272, 42.260156246671257918, 3054.2779999999997926, 1, 3056.2049999999999272, 106.13195772094589131, 3054.2779999999997926, 0, 3056.2049999999999272, 124.87237738694990696, 3054.2779999999997926, 0, 3056.2049999999999272, 58.558703187805036805, 3054.2779999999997926, 1
3056.2049999999999272, 59.283469540171275014, 3054.2829999999999018, 1, 3056.2049999999999272, 0, 3054.2829999999999018, 0, 3056.2049999999999272, 0, 3054.2829999999999018, 0, 3056.2049999999999272, 56.621136820246519505, 3054.2829999999999018, 1
3056.2249999999999091, 88.958506747027030315, 3054.2880000000000109, 1, 3056.2249999999999091, 0, 3054.2880000000000109, 0, 3056.2249999999999091, 0, 3054.2880000000000109, 0, 3056.2249999999999091, 64.036384495628254854, 3054.2880000000000109, 1
3056.2249999999999091, 104.68914939905238271, 3054.2930000000001201, 1, 3056.2249999999999091, 0, 3054.2930000000001201, 0, 3056.2249999999999091, 0, 3054.2930000000001201, 0, 3056.2249999999999091, 68.777473198957721934, 3054.2930000000001201, 1
3056.2449999999998909, 113.5489989500822503, 3054.2979999999997744, 1, 3056.2449999999998909, 0, 3054.2979999999997744, 0, 3056.2449999999998909, 0, 3054.2979999999997744, 0, 3056.2449999999998909, 74.085696853402609463, 3054.2979999999997744, 1
3056.2449999999998909, 118.42904464137041032, 3054.3029999999998836, 1, 3056.2449999999998909, 0, 3054.3029999999998836, 0, 3056.2449999999998909, 0, 3054.3029999999998836, 0, 3056.2449999999998909, 72.449414449763580137, 3054.3029999999998836, 1
3056.2539999999999054, 118.94540430695151656, 3054.3079999999999927, 1, 3056.2539999999999054, 0, 3054.3079999999999927, 0, 3056.2539999999999054, 0, 3054.3079999999999927, 0, 3056.2539999999999054, 76.302198717948428452, 3054.3079999999999927, 1
3056.2640000000001237, 119.03076402612802553, 3054.3130000000001019, 1, 3056.2640000000001237, 0, 3054.3130000000001019, 0, 3056.2640000000001237, 0, 3054.3130000000001019, 0, 3056.2640000000001237, 79.097210130650964288, 3054.3130000000001019, 1
3056.2739999999998872, 118.99442141988910748, 3054.3170000000000073, 1, 3056.2739999999998872, 0, 3054.3170000000000073, 0, 3056.2739999999998872, 0, 3054.3170000000000073, 0, 3056.2739999999998872, 82.933407129666704805, 3054.3170000000000073, 1
3056.2849999999998545, 116.3772715712552781, 3054.3229999999998654, 1, 3056.2849999999998545, 0, 3054.3229999999998654, 0, 3056.2849999999998545, 0, 3054.3229999999998654, 0, 3056.2849999999998545, 85.698669602816380575, 3054.3229999999998654, 1
3056.2950000000000728, 115.31340970515566369, 3054.3279999999999745, 1, 3056.2950000000000728, 0, 3054.3279999999999745, 0, 3056.2950000000000728, 0, 3054.3279999999999745, 0, 3056.2950000000000728, 90.657442350782190488, 3054.3279999999999745, 1
3056.3049999999998363, 113.23771445961878612, 3054.3330000000000837, 1, 3056.3049999999998363, 0, 3054.3330000000000837, 0, 3056.3049999999998363, 0, 3054.3330000000000837, 0, 3056.3049999999998363, 94.535337778393909502, 3054.3330000000000837, 1
3056.3150000000000546, 110.66449104468271969, 3054.3389999999999418, 1, 3056.3150000000000546, 0, 3054.3389999999999418, 0, 3056.3150000000000546, 0, 3054.3389999999999418, 0, 3056.3150000000000546, 96.62877806940947778, 3054.3389999999999418, 1
3056.3249999999998181, 109.07822591076129015, 3054.3429999999998472, 1, 3056.3249999999998181, 0, 3054.3429999999998472, 0, 3056.3249999999998181, 0, 3054.3429999999998472, 0, 3056.3249999999998181, 99.634743657901751135, 3054.3429999999998472, 1
3056.3350000000000364, 108.34794755464153582, 3054.3479999999999563, 1, 3056.3350000000000364, 0, 3054.3479999999999563, 0, 3056.3350000000000364, 0, 3054.3479999999999563, 0, 3056.3350000000000364, 100.29959298656477529, 3054.3479999999999563, 1
3056.3449999999997999, 107.50935470752864376, 3054.3530000000000655, 1, 3056.3449999999997999, 0, 3054.3530000000000655, 0, 3056.3449999999997999, 0, 3054.3530000000000655, 0, 3056.3449999999997999, 100.3697446048779085, 3054.3530000000000655, 1
3056.3550000000000182, 106.0401647727479002, 3054.3580000000001746, 1, 3056.3550000000000182, 0, 3054.3580000000001746, 0, 3056.3550000000000182, 0, 3054.3580000000001746, 0, 3056.3550000000000182, 103.45507754635649178, 3054.3580000000001746, 1
3056.3649999999997817, 103.576787131935248, 3054.362999999999829, 1, 3056.3649999999997817, 0, 3054.362999999999829, 0, 3056.3649999999997817, 0, 3054.362999999999829, 0, 3056.3649999999997817, 102.82188007376342398, 3054.362999999999829, 1
3056.375, 102.43649591744997451, 3054.3690000000001419, 1, 3056.375, 0, 3054.3690000000001419, 0, 3056.375, 0, 3054.3690000000001419, 0, 3056.375, 107.2508396710194063, 3054.3690000000001419, 1
3056.3859999999999673, 101.68999626401667058, 3054.3730000000000473, 1, 3056.3859999999999673, 0, 3054.3730000000000473, 0, 3056.3859999999999673, 0, 3054.3730000000000473, 0, 3056.3859999999999673, 109.37834204348445155, 3054.3730000000000473, 1
3056.3939999999997781, 99.748075094461142953, 3054.3780000000001564, 1, 3056.3939999999997781, 0, 3054.3780000000001564, 0, 3056.3939999999997781, 0, 3054.3780000000001564, 0, 3056.3939999999997781, 112.92323705454009541, 3054.3780000000001564, 1
3056.4050000000002001, 98.84325224232320295, 3054.3829999999998108, 1, 3056.4050000000002001, 0, 3054.3829999999998108, 0, 3056.4050000000002001, 0, 3054.3829999999998108, 0, 3056.4050000000002001, 117.47834537829865553, 3054.3829999999998108, 1
3056.4149999999999636, 98.283485191089440036, 3054.38799999999992, 1, 3056.4149999999999636, 0, 3054.38799999999992, 0, 3056.4149999999999636, 0, 3054.38799999999992, 0, 3056.4149999999999636, 116.25367667676863448, 3054.38799999999992, 1
3056.4360000000001492, 93.955478810673596968, 3054.3930000000000291, 1, 3056.4360000000001492, 298.57009579810022615, 3054.3930000000000291, 0, 3056.4360000000001492, 0, 3054.3930000000000291, 0, 3056.4360000000001492, 113.78085079883811659, 3054.3930000000000291, 1
3056.4360000000001492, 30.329434533147743736, 3054.3989999999998872, 1, 3056.4360000000001492, 269.76861970723251716, 3054.3989999999998872, 0, 3056.4360000000001492, 222.49591635045970861, 3054.3989999999998872, 0, 3056.4360000000001492, 88.667021618549853201, 3054.3989999999998872, 1
3056.4450000000001637, 0, 3054.4029999999997926, 1, 3056.4450000000001637, 55.888941207203309602, 3054.4029999999997926, 0, 3056.4450000000001637, 74.046936305457663252, 3054.4029999999997926, 0, 3056.4450000000001637, 30.807689933372216728, 3054.4029999999997926, 1
3056.4540000000001783, 0, 3054.4079999999999018, 1, 3056.4540000000001783, 21.850447801935239056, 3054.4079999999999018, 0, 3056.4540000000001783, 41.697254708591430017, 3054.4079999999999018, 0, 3056.4540000000001783, 40.73281694895962346, 3054.4079999999999018, 1
3056.4639999999999418, 0, 3054.4130000000000109, 1, 3056.4639999999999418, 17.858708247408330294, 3054.4130000000000109, 0, 3056.4639999999999418, 24.924994081486104847, 3054.4130000000000109, 0, 3056.4639999999999418, 44.087336060460785347, 3054.4130000000000109, 1
3056.4839999999999236, 0, 3054.4180000000001201, 1, 3056.4839999999999236, 34.370867630883864763, 3054.4180000000001201, 0, 3056.4839999999999236, 22.466290278196883179, 3054.4180000000001201, 0, 3056.4839999999999236, 47.362623078561099987, 3054.4180000000001201, 1
3056.4850000000001273, 52.771259792619858331, 3054.4229999999997744, 1, 3056.4850000000001273, 48.712667450740781305, 3054.4229999999997744, 0, 3056.4850000000001273, 23.421500735107052549, 3054.4229999999997744, 0, 3056.4850000000001273, 51.564950956747459543, 3054.4229999999997744, 1
3056.4949999999998909, 50.128389995936444734, 3054.4299999999998363, 1, 3056.4949999999998909, 53.473350079693958037, 3054.4299999999998363, 0, 3056.4949999999998909, 24.485659508901079562, 3054.4299999999998363, 0, 3056.4949999999998909, 53.108044745380283302, 3054.4299999999998363, 1
3056.5149999999998727, 56.284758324782124816, 3054.4329999999999927, 1, 3056.5149999999998727, 56.9956311760599732, 3054.4329999999999927, 0, 3056.5149999999998727, 26.56374856628928427, 3054.4329999999999927, 0, 3056.5149999999998727, 49.235122212882671988, 3054.4329999999999927, 1
3056.5250000000000909, 46.676477170962314744, 3054.4380000000001019, 1, 3056.5250000000000909, 60.249663388966787636, 3054.4380000000001019, 0, 3056.5250000000000909, 35.79604574761952307, 3054.4380000000001019, 0, 3056.5250000000000909, 37.438961384646063379, 3054.4380000000001019, 1
3056.5349999999998545, 0, 3054.44399999999996, 1, 3056.5349999999998545, 70.818494810532314432, 3054.44399999999996, 0, 3056.5349999999998545, 65.057071823142379685, 3054.44399999999996, 0, 3056.5349999999998545, 0, 3054.44399999999996, 1
3056.5349999999998545, 0, 3054.4479999999998654, 1, 3056.5349999999998545, 94.065671256415299695, 3054.4479999999998654, 0, 3056.5349999999998545, 76.639844475338435359, 3054.4479999999998654, 0, 3056.5349999999998545, 0, 3054.4479999999998654, 1
3056.543999999999869, 0, 3054.4529999999999745, 1, 3056.543999999999869, 112.00214786282778334, 3054.4529999999999745, 0, 3056.543999999999869, 78.844779290545233152, 3054.4529999999999745, 0, 3056.543999999999869, 0, 3054.4529999999999745, 1
3056.5549999999998363, 0, 3054.4569999999998799, 1, 3056.5549999999998363, 121.74690000524630307, 3054.4569999999998799, 0, 3056.5549999999998363, 73.236872828469302021, 3054.4569999999998799, 0, 3056.5549999999998363, 0, 3054.4569999999998799, 1
3056.5650000000000546, 0, 3054.4630000000001928, 1, 3056.5650000000000546, 126.09572130697443981, 3054.4630000000001928, 0, 3056.5650000000000546, 73.072881535367329775, 3054.4630000000001928, 0, 3056.5650000000000546, 0, 3054.4630000000001928, 1
3056.5880000000001928, 0, 3054.4679999999998472, 1, 3056.5880000000001928, 128.5096714746467228, 3054.4679999999998472, 0, 3056.5880000000001928, 69.26582122347343784, 3054.4679999999998472, 0, 3056.5880000000001928, 0, 3054.4679999999998472, 1
3056.5880000000001928, 0, 3054.4729999999999563, 1, 3056.5880000000001928, 127.62867043970929615, 3054.4729999999999563, 0, 3056.5880000000001928, 69.136771760138742593, 3054.4729999999999563, 0, 3056.5880000000001928, 0, 3054.4729999999999563, 1
3056.5949999999997999, 0, 3054.4789999999998145, 1, 3056.5949999999997999, 126.3698590472869796, 3054.4789999999998145, 0, 3056.5949999999997999, 75.499278633317430831, 3054.4789999999998145, 0, 3056.5949999999997999, 0, 3054.4789999999998145, 1
3056.6039999999998145, 0, 3054.4830000000001746, 1, 3056.6039999999998145, 125.26805124139758618, 3054.4830000000001746, 1, 3056.6039999999998145, 72.767294430249307879, 3054.4830000000001746, 1, 3056.6039999999998145, 0, 3054.4830000000001746, 1
3056.6140000000000327, 0, 3054.4890000000000327, 1, 3056.6140000000000327, 121.81002525492172595, 3054.4890000000000327, 1, 3056.6140000000000327, 80.576368099473398843, 3054.4890000000000327, 1, 3056.6140000000000327, 0, 3054.4890000000000327, 1
3056.6340000000000146, 0, 3054.4940000000001419, 1, 3056.6340000000000146, 119.18728450706998956, 3054.4940000000001419, 1, 3056.6340000000000146, 85.334363220071679734, 3054.4940000000001419, 1, 3056.6340000000000146, 0, 3054.4940000000001419, 1
3056.6350000000002183, 0, 3054.4980000000000473, 1, 3056.6350000000002183, 116.66268895436402886, 3054.4980000000000473, 1, 3056.6350000000002183, 90.066235889671958148, 3054.4980000000000473, 1, 3056.6350000000002183, 0, 3054.4980000000000473, 1
3056.6599999999998545, 0, 3054.5050000000001091, 1, 3056.6599999999998545, 114.09229734204224371, 3054.5050000000001091, 1, 3056.6599999999998545, 92.375840879376426074, 3054.5050000000001091, 1, 3056.6599999999998545, 0, 3054.5050000000001091, 1
3056.6599999999998545, 0, 3054.5079999999998108, 1, 3056.6599999999998545, 112.41914937952529385, 3054.5079999999998108, 1, 3056.6599999999998545, 94.651605821850523625, 3054.5079999999998108, 1, 3056.6599999999998545, 0, 3054.5079999999998108, 1
3056.6750000000001819, 0, 3054.51299999999992, 1, 3056.6750000000001819, 109.82717371393437134, 3054.51299999999992, 1, 3056.6750000000001819, 97.989458970983832842, 3054.51299999999992, 1, 3056.6750000000001819, 0, 3054.51299999999992, 1
3056.6849999999999454, 0, 3054.5180000000000291, 1, 3056.6849999999999454, 109.31443018734557882, 3054.5180000000000291, 1, 3056.6849999999999454, 97.642035555778122102, 3054.5180000000000291, 1, 3056.6849999999999454, 0, 3054.5180000000000291, 1
3056.6849999999999454, 0, 3054.5219999999999345, 1, 3056.6849999999999454, 106.80830461134058851, 3054.5219999999999345, 1, 3056.6849999999999454, 100.36474278682776173, 3054.5219999999999345, 1, 3056.6849999999999454, 0, 3054.5219999999999345, 1
3056.7049999999999272, 0, 3054.5309999999999491, 1, 3056.7049999999999272, 104.8468317928328446, 3054.5309999999999491, 1, 3056.7049999999999272, 102.90144181670240187, 3054.5309999999999491, 1, 3056.7049999999999272, 0, 3054.5309999999999491, 1
3056.7049999999999272, 0, 3054.5329999999999018, 1, 3056.7049999999999272, 103.230733097557561, 3054.5329999999999018, 1, 3056.7049999999999272, 106.62743589643616815, 3054.5329999999999018, 1, 3056.7049999999999272, 0, 3054.5329999999999018, 1
3056.7249999999999091, 0, 3054.5380000000000109, 1, 3056.7249999999999091, 100.55251653235326614, 3054.5380000000000109, 1, 3056.7249999999999091, 110.21663133455299999, 3054.5380000000000109, 1, 3056.7249999999999091, 0, 3054.5380000000000109, 1
3056.7249999999999091, 0, 3054.5430000000001201, 1, 3056.7249999999999091, 98.012602868875205786, 3054.5430000000001201, 1, 3056.7249999999999091, 112.93011030892459701, 3054.5430000000001201, 1, 3056.7249999999999091, 0, 3054.5430000000001201, 1
3056.7359999999998763, 317.44342224980124456, 3054.5479999999997744, 1, 3056.7359999999998763, 95.678937080632650236, 3054.5479999999997744, 1, 3056.7359999999998763, 109.77866674271095349, 3054.5479999999997744, 1, 3056.7359999999998763, 0, 3054.5479999999997744, 1
3056.7449999999998909, 304.8587444360038603, 3054.5529999999998836, 1, 3056.7449999999998909, 48.611431262964174493, 3054.5529999999998836, 1, 3056.7449999999998909, 115.70863328192587005, 3054.5529999999998836, 1, 3056.7449999999998909, 0, 3054.5529999999998836, 1
3056.7539999999999054, 270.805330367377735, 3054.5579999999999927, 0, 3056.7539999999999054, 5.8396560879395824628, 3054.5579999999999927, 1, 3056.7539999999999054, 120.79511246962445625, 3054.5579999999999927, 1, 3056.7539999999999054, 0, 3054.5579999999999927, 0
3056.7649999999998727, 95.787648337319069469, 3054.5630000000001019, 0, 3056.7649999999998727, 0, 3054.5630000000001019, 1, 3056.7649999999998727, 85.622648591337053858, 3054.5630000000001019, 1, 3056.7649999999998727, 142.64699516028639437, 3054.5630000000001019, 0
3056.7759999999998399, 32.945187105214309042, 3054.56899999999996, 0, 3056.7759999999998399, 0, 3054.56899999999996, 1, 3056.7759999999998399, 35.655646641531184571, 3054.56899999999996, 1, 3056.7759999999998399, 80.607872249923218533, 3054.56899999999996, 0
3056.7849999999998545, 17.509400879523930428, 3054.5740000000000691, 0, 3056.7849999999998545, 0, 3054.5740000000000691, 1, 3056.7849999999998545, 26.268064092120624764, 3054.5740000000000691, 1, 3056.7849999999998545, 25.908845586882243595, 3054.5740000000000691, 0
3056.7950000000000728, 28.949165083382084163, 3054.5779999999999745, 0, 3056.7950000000000728, 0, 3054.5779999999999745, 1, 3056.7950000000000728, 30.974501356941473773, 3054.5779999999999745, 1, 3056.7950000000000728, 22.982081554113783284, 3054.5779999999999745, 0
3056.8049999999998363, 50.837567724340686937, 3054.5830000000000837, 0, 3056.8049999999998363, 0, 3054.5830000000000837, 1, 3056.8049999999998363, 35.613276126208411654, 3054.5830000000000837, 1, 3056.8049999999998363, 24.208384668366150549, 3054.5830000000000837, 0
3056.8240000000000691, 69.773743515949533389, 3054.5889999999999418, 0, 3056.8240000000000691, 57.882284315863770985, 3054.5889999999999418, 1, 3056.8240000000000691, 39.006424904572469359, 3054.5889999999999418, 1, 3056.8240000000000691, 19.323191412962856361, 3054.5889999999999418, 0
3056.8240000000000691, 76.562426580300126489, 3054.5929999999998472, 0, 3056.8240000000000691, 47.562113534997720876, 3054.5929999999998472, 1, 3056.8240000000000691, 41.237650341534013876, 3054.5929999999998472, 1, 3056.8240000000000691, 17.516004762546174334, 3054.5929999999998472, 0
3056.8350000000000364, 78.516483213098283045, 3054.5979999999999563, 0, 3056.8350000000000364, 64.270111923015832645, 3054.5979999999999563, 1, 3056.8350000000000364, 54.047467258411053592, 3054.5979999999999563, 1, 3056.8350000000000364, 18.909756286766899791, 3054.5979999999999563, 0
3056.8440000000000509, 40.556656774637779961, 3054.6030000000000655, 0, 3056.8440000000000509, 96.907045352883756095, 3054.6030000000000655, 1, 3056.8440000000000509, 120.70753415196023184, 3054.6030000000000655, 1, 3056.8440000000000509, 55.677980283864130229, 3054.6030000000000655, 0
3056.8649999999997817, 63.711762026953650206, 3054.6080000000001746, 0, 3056.8649999999997817, 0, 3054.6080000000001746, 1, 3056.8649999999997817, 0.0064504229479051215096, 3054.6080000000001746, 1, 3056.8649999999997817, 54.98324181902393093, 3054.6080000000001746, 0
3056.8649999999997817, 90.86557167498804688, 3054.612999999999829, 0, 3056.8649999999997817, 0, 3054.612999999999829, 1, 3056.8649999999997817, 0, 3054.612999999999829, 1, 3056.8649999999997817, 62.362474394819287227, 3054.612999999999829, 0
3056.8739999999997963, 106.29859642962495059, 3054.6179999999999382, 0, 3056.8739999999997963, 0, 3054.6179999999999382, 1, 3056.8739999999997963, 0, 3054.6179999999999382, 1, 3056.8739999999997963, 70.079394537619194239, 3054.6179999999999382, 0
3056.8840000000000146, 114.46979766399186929, 3054.6230000000000473, 0, 3056.8840000000000146, 0, 3054.6230000000000473, 1, 3056.8840000000000146, 0, 3054.6230000000000473, 1, 3056.8840000000000146, 73.131357601206019581, 3054.6230000000000473, 0
3056.8960000000001855, 117.97688426203657741, 3054.6289999999999054, 0, 3056.8960000000001855, 0, 3054.6289999999999054, 1, 3056.8960000000001855, 0, 3054.6289999999999054, 1, 3056.8960000000001855, 75.253334864111934621, 3054.6289999999999054, 0
3056.9039999999999964, 119.65641130268258507, 3054.6329999999998108, 0, 3056.9039999999999964, 0, 3054.6329999999998108, 1, 3056.9039999999999964, 0, 3054.6329999999998108, 1, 3056.9039999999999964, 75.68568395174042962, 3054.6329999999998108, 0
3056.9140000000002146, 119.56015533219279234, 3054.63799999999992, 0, 3056.9140000000002146, 0, 3054.63799999999992, 1, 3056.9140000000002146, 0, 3054.63799999999992, 1, 3056.9140000000002146, 79.03744596234557207, 3054.63799999999992, 0
3056.9239999999999782, 118.63429129386307181, 3054.6430000000000291, 0, 3056.9239999999999782, 0, 3054.6430000000000291, 1, 3056.9239999999999782, 0, 3054.6430000000000291, 1, 3056.9239999999999782, 80.641036602773510822, 3054.6430000000000291, 0
3056.9340000000001965, 117.12527595474969644, 3054.6480000000001382, 0, 3056.9340000000001965, 0, 3054.6480000000001382, 1, 3056.9340000000001965, 0, 3054.6480000000001382, 1, 3056.9340000000001965, 85.395745572294458725, 3054.6480000000001382, 0
3056.94399999999996, 114.84326504156217652, 3054.6529999999997926, 0, 3056.94399999999996, 0, 3054.6529999999997926, 1, 3056.94399999999996, 0, 3054.6529999999997926, 1, 3056.94399999999996, 88.666798198445519574, 3054.6529999999997926, 0
3056.9540000000001783, 113.26401903248697067, 3054.6579999999999018, 0, 3056.9540000000001783, 0, 3054.6579999999999018, 1, 3056.9540000000001783, 0, 3054.6579999999999018, 1, 3056.9540000000001783, 92.704320078384455428, 3054.6579999999999018, 0
3056.9639999999999418, 111.55088294479860167, 3054.6660000000001673, 0, 3056.9639999999999418, 0, 3054.6660000000001673, 1, 3056.9639999999999418, 0, 3054.6660000000001673, 1, 3056.9639999999999418, 96.631531203985929324, 3054.6660000000001673, 0
3056.9740000000001601, 110.04073524829834696, 3054.668999999999869, 0, 3056.9740000000001601, 0, 3054.668999999999869, 1, 3056.9740000000001601, 0, 3054.668999999999869, 1, 3056.9740000000001601, 99.081422346229544473, 3054.668999999999869, 0
3056.9839999999999236, 109.23752631144466818, 3054.6729999999997744, 0, 3056.9839999999999236, 0, 3054.6729999999997744, 1, 3056.9839999999999236, 0, 3054.6729999999997744, 1, 3056.9839999999999236, 101.85031324351464832, 3054.6729999999997744, 0
3056.9940000000001419, 107.55254700088312347, 3054.6779999999998836, 0, 3056.9940000000001419, 0, 3054.6779999999998836, 1, 3056.9940000000001419, 0, 3054.6779999999998836, 1, 3056.9940000000001419, 103.47563216521982099, 3054.6779999999998836, 0
3057.0050000000001091, 106.84882226895572899, 3054.6829999999999927, 0, 3057.0050000000001091, 0, 3054.6829999999999927, 1, 3057.0050000000001091, 0, 3054.6829999999999927, 1, 3057.0050000000001091, 105.3935149804462128, 3054.6829999999999927, 0
3057.0140000000001237, 105.47120563284966011, 3054.6889999999998508, 0, 3057.0140000000001237, 0, 3054.6889999999998508, 1, 3057.0140000000001237, 0, 3054.6889999999998508, 1, 3057.0140000000001237, 107.45061963428724994, 3054.6889999999998508, 0
3057.0239999999998872, 103.88768218578003655, 3054.693000000000211, 0, 3057.0239999999998872, 0, 3054.693000000000211, 1, 3057.0239999999998872, 0, 3054.693000000000211, 1, 3057.0239999999998872, 109.42773218380710887, 3054.693000000000211, 0
3057.0340000000001055, 102.6863867764389795, 3054.6979999999998654, 0, 3057.0340000000001055, 0, 3054.6979999999998654, 1, 3057.0340000000001055, 0, 3054.6979999999998654, 1, 3057.0340000000001055, 112.48417131095538934, 3054.6979999999998654, 0
3057.043999999999869, 101.01325973274242642, 3054.7029999999999745, 0, 3057.043999999999869, 0, 3054.7029999999999745, 1, 3057.043999999999869, 0, 3054.7029999999999745, 1, 3057.043999999999869, 114.77889757998724463, 3054.7029999999999745, 0
3057.0540000000000873, 99.395944596574508978, 3054.7080000000000837, 0, 3057.0540000000000873, 0, 3054.7080000000000837, 1, 3057.0540000000000873, 0, 3054.7080000000000837, 1, 3057.0540000000000873, 117.28133257950958068, 3054.7080000000000837, 0
3057.0650000000000546, 98.844352225669510403, 3054.7130000000001928, 0, 3057.0650000000000546, 0, 3054.7130000000001928, 1, 3057.0650000000000546, 0, 3054.7130000000001928, 1, 3057.0650000000000546, 116.28219851642887761, 3054.7130000000001928, 0
3057.0740000000000691, 95.587319831216518651, 3054.7179999999998472, 0, 3057.0740000000000691, 326.38010044807799659, 3054.7179999999998472, 1, 3057.0740000000000691, 0, 3054.7179999999998472, 1, 3057.0740000000000691, 115.20396374340947432, 3054.7179999999998472, 0
3057.0839999999998327, 30.743605838856524315, 3054.7229999999999563, 0, 3057.0839999999998327, 256.76507947006331278, 3054.7229999999999563, 1, 3057.0839999999998327, 210.59058989896035996, 3054.7229999999999563, 1, 3057.0839999999998327, 80.642295657054333446, 3054.7229999999999563, 0
3057.0949999999997999, 0, 3054.7260000000001128, 0, 3057.0949999999997999, 66.437851112909854123, 3054.7260000000001128, 1, 3057.0949999999997999, 90.961479280945496839, 3054.7260000000001128, 1, 3057.0949999999997999, 31.445471935140837161, 3054.7260000000001128, 0
3057.1050000000000182, 0, 3054.7330000000001746, 0, 3057.1050000000000182, 19.751249347251793154, 3054.7330000000001746, 1, 3057.1050000000000182, 40.385977667557007464, 3054.7330000000001746, 1, 3057.1050000000000182, 38.390715458466061705, 3054.7330000000001746, 0
3057.1140000000000327, 0, 3054.737999999999829, 0, 3057.1140000000000327, 14.4925680694053991, 3054.737999999999829, 1, 3057.1140000000000327, 21.939440647274235374, 3054.737999999999829, 1, 3057.1140000000000327, 43.66458232196021072, 3054.737999999999829, 0
3057.125, 0, 3054.7429999999999382, 0, 3057.125, 32.340820967907518479, 3054.7429999999999382, 1, 3057.125, 22.245170039850457044, 3054.7429999999999382, 1, 3057.125, 47.097387628501387269, 3054.7429999999999382, 0
3057.1449999999999818, 56.26916105177017613, 3054.7480000000000473, 0, 3057.1449999999999818, 47.160190639241349686, 3054.7480000000000473, 1, 3057.1449999999999818, 23.805812616697405559, 3054.7480000000000473, 1, 3057.1449999999999818, 53.885342507182500071, 3054.7480000000000473, 0
3057.1449999999999818, 50.474743977319050714, 3054.7530000000001564, 0, 3057.1449999999999818, 52.765809455413688056, 3054.7530000000001564, 1, 3057.1449999999999818, 24.352391666321189234, 3054.7530000000001564, 1, 3057.1449999999999818, 54.291631491409276578, 3054.7530000000001564, 0
3057.1550000000002001, 53.352294637646380693, 3054.7579999999998108, 0, 3057.1550000000002001, 57.246182583302633873, 3054.7579999999998108, 1, 3057.1550000000002001, 26.323193256415962082, 3054.7579999999998108, 1, 3057.1550000000002001, 47.471610600403288061, 3054.7579999999998108, 0
3057.1649999999999636, 55.856875130754851, 3054.76299999999992, 0, 3057.1649999999999636, 61.943006003295813855, 3054.76299999999992, 1, 3057.1649999999999636, 31.508249324802072522, 3054.76299999999992, 1, 3057.1649999999999636, 39.125659710454996798, 3054.76299999999992, 0
3057.1750000000001819, 0, 3054.7680000000000291, 0, 3057.1750000000001819, 70.994491543687914259, 3054.7680000000000291, 1, 3057.1750000000001819, 63.359055956358304229, 3054.7680000000000291, 1, 3057.1750000000001819, 0, 3054.7680000000000291, 0
3057.1849999999999454, 0, 3054.7730000000001382, 0, 3057.1849999999999454, 98.833616964855579567, 3054.7730000000001382, 1, 3057.1849999999999454, 76.160611991951356003, 3054.7730000000001382, 1, 3057.1849999999999454, 0, 3054.7730000000001382, 0
3057.1950000000001637, 0, 3054.7779999999997926, 0, 3057.1950000000001637, 112.49206892287345738, 3054.7779999999997926, 1, 3057.1950000000001637, 80.186958033793388267, 3054.7779999999997926, 1, 3057.1950000000001637, 0, 3054.7779999999997926, 0
3057.2049999999999272, 0, 3054.7829999999999018, 0, 3057.2049999999999272, 120.46670017337399372, 3054.7829999999999018, 1, 3057.2049999999999272, 75.925982919890984135, 3054.7829999999999018, 1, 3057.2049999999999272, 0, 3054.7829999999999018, 0
3057.2159999999998945, 0, 3054.7880000000000109, 0, 3057.2159999999998945, 126.56718353854611792, 3054.7880000000000109, 1, 3057.2159999999998945, 72.698210419310157704, 3054.7880000000000109, 1, 3057.2159999999998945, 0, 3054.7880000000000109, 0
3057.2249999999999091, 0, 3054.7930000000001201, 0, 3057.2249999999999091, 126.49869512298970164, 3054.7930000000001201, 1, 3057.2249999999999091, 71.797140447169297772, 3054.7930000000001201, 1, 3057.2249999999999091, 0, 3054.7930000000001201, 0
3057.2350000000001273, 0, 3054.7979999999997744, 0, 3057.2350000000001273, 127.08478834167385685, 3054.7979999999997744, 1, 3057.2350000000001273, 71.615402892057218764, 3054.7979999999997744, 1, 3057.2350000000001273, 0, 3054.7979999999997744, 0
3057.2449999999998909, 0, 3054.8029999999998836, 0, 3057.2449999999998909, 126.4483870634047662, 3054.8029999999998836, 1, 3057.2449999999998909, 74.06896576799124432, 3054.8029999999998836, 1, 3057.2449999999998909, 0, 3054.8029999999998836, 0
3057.2669999999998254, 0, 3054.8079999999999927, 1, 3057.2669999999998254, 123.79421200893972355, 3054.8079999999999927, 1, 3057.2669999999998254, 76.35882875537922132, 3054.8079999999999927, 1, 3057.2669999999998254, 0, 3054.8079999999999927, 1
3057.2669999999998254, 0, 3054.8130000000001019, 1, 3057.2669999999998254, 121.59076177610074865, 3054.8130000000001019, 1, 3057.2669999999998254, 80.742405854025264489, 3054.8130000000001019, 1, 3057.2669999999998254, 0, 3054.8130000000001019, 1
3057.2759999999998399, 0, 3054.818000000000211, 1, 3057.2759999999998399, 119.04458755452128571, 3054.818000000000211, 1, 3057.2759999999998399, 86.509541782306001778, 3054.818000000000211, 1, 3057.2759999999998399, 0, 3054.818000000000211, 1
3057.3040000000000873, 0, 3054.8229999999998654, 1, 3057.3040000000000873, 116.76750141616527401, 3054.8229999999998654, 1, 3057.3040000000000873, 86.819401683372063872, 3054.8229999999998654, 1, 3057.3040000000000873, 0, 3054.8229999999998654, 1
3057.3040000000000873, 0, 3054.8279999999999745, 1, 3057.3040000000000873, 106.91572228563100566, 3054.8279999999999745, 1, 3057.3040000000000873, 94.77793482131374958, 3054.8279999999999745, 1, 3057.3040000000000873, 0, 3054.8279999999999745, 1
3057.3150000000000546, 0, 3054.8330000000000837, 1, 3057.3150000000000546, 105.28378025908801874, 3054.8330000000000837, 1, 3057.3150000000000546, 95.450718956606067422, 3054.8330000000000837, 1, 3057.3150000000000546, 0, 3054.8330000000000837, 1
3057.3350000000000364, 0, 3054.8380000000001928, 1, 3057.3350000000000364, 99.632435488383862321, 3054.8380000000001928, 1, 3057.3350000000000364, 101.1092251881161701, 3054.8380000000001928, 1, 3057.3350000000000364, 0, 3054.8380000000001928, 1
3057.3449999999997999, 0, 3054.8429999999998472, 1, 3057.3449999999997999, 102.80216490196892209, 3054.8429999999998472, 1, 3057.3449999999997999, 103.97362200774207963, 3054.8429999999998472, 1, 3057.3449999999997999, 0, 3054.8429999999998472, 1
3057.3449999999997999, 0, 3054.8490000000001601, 1, 3057.3449999999997999, 108.46714880897296496, 3054.8490000000001601, 1, 3057.3449999999997999, 106.7884977513223248, 3054.8490000000001601, 1, 3057.3449999999997999, 0, 3054.8490000000001601, 1
3057.3550000000000182, 0, 3054.8530000000000655, 1, 3057.3550000000000182, 107.34355264989744683, 3054.8530000000000655, 1, 3057.3550000000000182, 107.97206648996484546, 3054.8530000000000655, 1, 3057.3550000000000182, 0, 3054.8530000000000655, 1
3057.3649999999997817, 0, 3054.8580000000001746, 1, 3057.3649999999997817, 103.71416840679012239, 3054.8580000000001746, 1, 3057.3649999999997817, 112.54177662676556793, 3054.8580000000001746, 1, 3057.3649999999997817, 0, 3054.8580000000001746, 1
3057.3840000000000146, 0, 3054.862999999999829, 1, 3057.3840000000000146, 100.77176810023892983, 3054.862999999999829, 1, 3057.3840000000000146, 113.04546476643221808, 3054.862999999999829, 1, 3057.3840000000000146, 0, 3054.862999999999829, 1
3057.3840000000000146, 318.69046711770477032, 3054.8690000000001419, 1, 3057.3840000000000146, 98.06548071250256271, 3054.8690000000001419, 1, 3057.3840000000000146, 113.375995408945343, 3054.8690000000001419, 1, 3057.3840000000000146, 0, 3054.8690000000001419, 1
3057.3949999999999818, 303.23307057369925133, 3054.8719999999998436, 1, 3057.3949999999999818, 49.567224326795162881, 3054.8719999999998436, 1, 3057.3949999999999818, 117.21601521590582706, 3054.8719999999998436, 1, 3057.3949999999999818, 0, 3054.8719999999998436, 1
3057.4149999999999636, 270.81513660994789916, 3054.8780000000001564, 1, 3057.4149999999999636, 6.127267848776593695, 3054.8780000000001564, 1, 3057.4149999999999636, 120.88405302204763814, 3054.8780000000001564, 1, 3057.4149999999999636, 0, 3054.8780000000001564, 1
3057.4149999999999636, 109.51092833654811898, 3054.8829999999998108, 1, 3057.4149999999999636, 0, 3054.8829999999998108, 0, 3057.4149999999999636, 81.779441122300497113, 3054.8829999999998108, 0, 3057.4149999999999636, 134.0763742221312782, 3054.8829999999998108, 1
3057.4259999999999309, 29.618805910692319827, 3054.88799999999992, 1, 3057.4259999999999309, 0, 3054.88799999999992, 0, 3057.4259999999999309, 27.23700827708506722, 3054.88799999999992, 0, 3057.4259999999999309, 63.933740363213388491, 3054.88799999999992, 1
3057.4360000000001492, 15.857041964890278507, 3054.8930000000000291, 1, 3057.4360000000001492, 0, 3054.8930000000000291, 0, 3057.4360000000001492, 25.943383635726547709, 3054.8930000000000291, 0, 3057.4360000000001492, 22.433955750850721245, 3054.8930000000000291, 1
3057.456000000000131, 25.49055713638779963, 3054.8980000000001382, 1, 3057.456000000000131, 0, 3054.8980000000001382, 0, 3057.456000000000131, 31.833444911342613892, 3054.8980000000001382, 0, 3057.456000000000131, 19.372432228757556771, 3054.8980000000001382, 1
3057.4659999999998945, 73.321030604276785425, 3054.9029999999997926, 1, 3057.4659999999998945, 0, 3054.9029999999997926, 0, 3057.4659999999998945, 38.525245381651771481, 3054.9029999999997926, 0, 3057.4659999999998945, 25.60810584367690268, 3054.9029999999997926, 1
3057.4850000000001273, 83.641173238819391145, 3054.9079999999999018, 1, 3057.4850000000001273, 73.478386854723467536, 3054.9079999999999018, 0, 3057.4850000000001273, 40.438288789122744049, 3054.9079999999999018, 0, 3057.4850000000001273, 25.623634698444814006, 3054.9079999999999018, 1
3057.4850000000001273, 80.919349069828697907, 3054.9130000000000109, 1, 3057.4850000000001273, 62.816883959361049961, 3054.9130000000000109, 0, 3057.4850000000001273, 39.021536086798263909, 3054.9130000000000109, 0, 3057.4850000000001273, 21.172605956246446368, 3054.9130000000000109, 1
3057.5059999999998581, 42.67099649977029685, 3054.9180000000001201, 1, 3057.5059999999998581, 141.97203610739393298, 3054.9180000000001201, 0, 3057.5059999999998581, 133.60044124665432719, 3054.9180000000001201, 0, 3057.5059999999998581, 52.788627510184028324, 3054.9180000000001201, 1
3057.5059999999998581, 55.701914780949095984, 3054.9229999999997744, 1, 3057.5059999999998581, 0, 3054.9229999999997744, 0, 3057.5059999999998581, 0, 3054.9229999999997744, 0, 3057.5059999999998581, 58.184625020755547098, 3054.9229999999997744, 1
3057.5160000000000764, 85.548262128200491361, 3054.9279999999998836, 1, 3057.5160000000000764, 0, 3054.9279999999998836, 0, 3057.5160000000000764, 0, 3054.9279999999998836, 0, 3057.5160000000000764, 62.80064776837427587, 3054.9279999999998836, 1
3057.5259999999998399, 101.42155678872188673, 3054.9329999999999927, 1, 3057.5259999999998399, 0, 3054.9329999999999927, 0, 3057.5259999999998399, 0, 3054.9329999999999927, 0, 3057.5259999999998399, 71.122603436673756505, 3054.9329999999999927, 1
3057.5360000000000582, 112.27695645735801122, 3054.9380000000001019, 1, 3057.5360000000000582, 0, 3054.9380000000001019, 0, 3057.5360000000000582, 0, 3054.9380000000001019, 0, 3057.5360000000000582, 71.975612239552233973, 3054.9380000000001019, 1
3057.5459999999998217, 116.23690021617247226, 3054.943000000000211, 1, 3057.5459999999998217, 0, 3054.943000000000211, 0, 3057.5459999999998217, 0, 3054.943000000000211, 0, 3057.5459999999998217, 74.784857021290861212, 3054.943000000000211, 1
3057.55600000000004, 118.45188667339883182, 3054.9479999999998654, 1, 3057.55600000000004, 0, 3054.9479999999998654, 0, 3057.55600000000004, 0, 3054.9479999999998654, 0, 3057.55600000000004, 76.898115013890972591, 3054.9479999999998654, 1
3057.5659999999998035, 118.81371672113255045, 3054.9529999999999745, 1, 3057.5659999999998035, 0, 3054.9529999999999745, 0, 3057.5659999999998035, 0, 3054.9529999999999745, 0, 3057.5659999999998035, 79.093510970804814519, 3054.9529999999999745, 1
3057.5859999999997854, 117.73436236813184053, 3054.9600000000000364, 1, 3057.5859999999997854, 0, 3054.9600000000000364, 0, 3057.5859999999997854, 0, 3054.9600000000000364, 0, 3057.5859999999997854, 82.349090686139675199, 3054.9600000000000364, 1
3057.5859999999997854, 116.7656680232587405, 3054.9630000000001928, 1, 3057.5859999999997854, 0, 3054.9630000000001928, 0, 3057.5859999999997854, 0, 3054.9630000000001928, 0, 3057.5859999999997854, 87.894419897050141799, 3054.9630000000001928, 1
3057.5949999999997999, 115.19613349412824732, 3054.9679999999998472, 1, 3057.5949999999997999, 0, 3054.9679999999998472, 0, 3057.5949999999997999, 0, 3054.9679999999998472, 0, 3057.5949999999997999, 86.899852443664443058, 3054.9679999999998472, 1
3057.6060000000002219, 112.99805178758143143, 3054.9740000000001601, 1, 3057.6060000000002219, 0, 3054.9740000000001601, 0, 3057.6060000000002219, 0, 3054.9740000000001601, 0, 3057.6060000000002219, 92.960371510706067966, 3054.9740000000001601, 1
3057.6159999999999854, 111.29297016430089684, 3054.9789999999998145, 1, 3057.6159999999999854, 0, 3054.9789999999998145, 0, 3057.6159999999999854, 0, 3054.9789999999998145, 0, 3057.6159999999999854, 96.674429291118315177, 3054.9789999999998145, 1
3057.6260000000002037, 109.6093420298732326, 3054.9830000000001746, 1, 3057.6260000000002037, 0, 3054.9830000000001746, 0, 3057.6260000000002037, 0, 3054.9830000000001746, 0, 3057.6260000000002037, 99.392657672500320132, 3054.9830000000001746, 1
3057.6359999999999673, 106.2125803086944984, 3054.987999999999829, 1, 3057.6359999999999673, 0, 3054.987999999999829, 0, 3057.6359999999999673, 0, 3054.987999999999829, 0, 3057.6359999999999673, 100.67672807915640476, 3054.987999999999829, 1
3057.6460000000001855, 103.87730606665749633, 3054.9929999999999382, 1, 3057.6460000000001855, 0, 3054.9929999999999382, 0, 3057.6460000000001855, 0, 3054.9929999999999382, 0, 3057.6460000000001855, 102.79477914519533499, 3054.9929999999999382, 1
3057.6550000000002001, 104.89157063794021951, 3054.9980000000000473, 1, 3057.6550000000002001, 0, 3054.9980000000000473, 0, 3057.6550000000002001, 0, 3054.9980000000000473, 0, 3057.6550000000002001, 106.31635112321467318, 3054.9980000000000473, 1
3057.6660000000001673, 105.17624865875586693, 3055.0030000000001564, 1, 3057.6660000000001673, 0, 3055.0030000000001564, 0, 3057.6660000000001673, 0, 3055.0030000000001564, 0, 3057.6660000000001673, 105.7889431875747448, 3055.0030000000001564, 1
3057.6750000000001819, 104.39839178952520626, 3055.0090000000000146, 1, 3057.6750000000001819, 0, 3055.0090000000000146, 0, 3057.6750000000001819, 0, 3055.0090000000000146, 0, 3057.6750000000001819, 108.19364311417385238, 3055.0090000000000146, 1
3057.6959999999999127, 102.78077023707446358, 3055.01299999999992, 1, 3057.6959999999999127, 0, 3055.01299999999992, 0, 3057.6959999999999127, 0, 3055.01299999999992, 0, 3057.6959999999999127, 110.25253399169946533, 3055.01299999999992, 1
3057.6959999999999127, 100.65425871643813593, 3055.0180000000000291, 1, 3057.6959999999999127, 0, 3055.0180000000000291, 0, 3057.6959999999999127, 0, 3055.0180000000000291, 0, 3057.6959999999999127, 114.38787428661817103, 3055.0180000000000291, 1
3057.706000000000131, 99.448285071198014862, 3055.0239999999998872, 1, 3057.706000000000131, 0, 3055.0239999999998872, 0, 3057.706000000000131, 0, 3055.0239999999998872, 0, 3057.706000000000131, 117.01743247592266073, 3055.0239999999998872, 1
3057.7150000000001455, 98.321881364678873183, 3055.0279999999997926, 1, 3057.7150000000001455, 0, 3055.0279999999997926, 0, 3057.7150000000001455, 0, 3055.0279999999997926, 0, 3057.7150000000001455, 116.87876538937490523, 3055.0279999999997926, 1
3057.7260000000001128, 92.111726739897392235, 3055.0329999999999018, 1, 3057.7260000000001128, 317.50088174123584395, 3055.0329999999999018, 0, 3057.7260000000001128, 0, 3055.0329999999999018, 0, 3057.7260000000001128, 112.81807106924033235, 3055.0329999999999018, 1
3057.7350000000001273, 30.869789527615182578, 3055.0390000000002146, 1, 3057.7350000000001273, 259.84758264051868082, 3055.0390000000002146, 0, 3057.7350000000001273, 242.89800969123501773, 3055.0390000000002146, 0, 3057.7350000000001273, 94.893171381895115246, 3055.0390000000002146, 1
3057.7570000000000618, 0, 3055.0430000000001201, 1, 3057.7570000000000618, 74.792563884322049717, 3055.0430000000001201, 0, 3057.7570000000000618, 91.683007022464138913, 3055.0430000000001201, 0, 3057.7570000000000618, 31.5871700343780617, 3055.0430000000001201, 1
3057.7570000000000618, 0, 3055.0479999999997744, 1, 3057.7570000000000618, 23.24938697810067012, 3055.0479999999997744, 0, 3057.7570000000000618, 41.940157812884145017, 3055.0479999999997744, 0, 3057.7570000000000618, 40.541872159354959138, 3055.0479999999997744, 1
3057.7669999999998254, 0, 3055.0529999999998836, 1, 3057.7669999999998254, 15.170735047711072951, 3055.0529999999998836, 0, 3057.7669999999998254, 21.524921987545088342, 3055.0529999999998836, 0, 3057.7669999999998254, 44.965457158082607236, 3055.0529999999998836, 1
3057.7750000000000909, 0, 3055.0590000000001965, 1, 3057.7750000000000909, 30.203680395407349835, 3055.0590000000001965, 0, 3057.7750000000000909, 19.932717401150398473, 3055.0590000000001965, 0, 3057.7750000000000909, 48.119743293812007323, 3055.0590000000001965, 1
3057.7849999999998545, 53.54825815211086848, 3055.0639999999998508, 1, 3057.7849999999998545, 50.446133441615216952, 3055.0639999999998508, 0, 3057.7849999999998545, 23.438002103156978961, 3055.0639999999998508, 0, 3057.7849999999998545, 49.98219448410602439, 3055.0639999999998508, 1
3057.7959999999998217, 52.848580788992038038, 3055.068000000000211, 1, 3057.7959999999998217, 55.459385914910299675, 3055.068000000000211, 0, 3057.7959999999998217, 23.851452252755542816, 3055.068000000000211, 0, 3057.7959999999998217, 55.574567408754873554, 3055.068000000000211, 1
3057.8049999999998363, 56.296541889779334156, 3055.0729999999998654, 1, 3057.8049999999998363, 57.609103800648256311, 3055.0729999999998654, 0, 3057.8049999999998363, 25.229675229552540827, 3055.0729999999998654, 0, 3057.8049999999998363, 52.958634930876499425, 3055.0729999999998654, 1
3057.8150000000000546, 51.694874018723446341, 3055.0779999999999745, 1, 3057.8150000000000546, 62.296408684110332388, 3055.0779999999999745, 0, 3057.8150000000000546, 30.098249641168834501, 3055.0779999999999745, 0, 3057.8150000000000546, 41.206403437982807247, 3055.0779999999999745, 1
3057.8249999999998181, 0, 3055.0819999999998799, 1, 3057.8249999999998181, 69.324882834575603852, 3055.0819999999998799, 0, 3057.8249999999998181, 59.93094391255793596, 3055.0819999999998799, 0, 3057.8249999999998181, 0, 3055.0819999999998799, 1
3057.8350000000000364, 0, 3055.0889999999999418, 1, 3057.8350000000000364, 92.630406036753413446, 3055.0889999999999418, 0, 3057.8350000000000364, 76.232428586580425645, 3055.0889999999999418, 0, 3057.8350000000000364, 0, 3055.0889999999999418, 1
3057.8460000000000036, 0, 3055.0929999999998472, 1, 3057.8460000000000036, 109.135457372275539, 3055.0929999999998472, 0, 3057.8460000000000036, 77.953413022244490094, 3055.0929999999998472, 0, 3057.8460000000000036, 0, 3055.0929999999998472, 1
3057.8560000000002219, 0, 3055.0979999999999563, 1, 3057.8560000000002219, 120.32605892775421808, 3055.0979999999999563, 0, 3057.8560000000002219, 75.778250277123675005, 3055.0979999999999563, 0, 3057.8560000000002219, 0, 3055.0979999999999563, 1
3057.8760000000002037, 0, 3055.1050000000000182, 1, 3057.8760000000002037, 125.1614188822993583, 3055.1050000000000182, 0, 3057.8760000000002037, 71.785509062025454341, 3055.1050000000000182, 0, 3057.8760000000002037, 0, 3055.1050000000000182, 1
3057.8850000000002183, 0, 3055.1080000000001746, 1, 3057.8850000000002183, 126.80535333608867177, 3055.1080000000001746, 0, 3057.8850000000002183, 70.93369546363450695, 3055.1080000000001746, 0, 3057.8850000000002183, 0, 3055.1080000000001746, 1
3057.8850000000002183, 0, 3055.112999999999829, 1, 3057.8850000000002183, 126.61785158050979305, 3055.112999999999829, 0, 3057.8850000000002183, 70.894605888946230721, 3055.112999999999829, 0, 3057.8850000000002183, 0, 3055.112999999999829, 1
3057.8960000000001855, 0, 3055.1179999999999382, 1, 3057.8960000000001855, 125.91352553269724979, 3055.1179999999999382, 0, 3057.8960000000001855, 73.39314700361299515, 3055.1179999999999382, 0, 3057.8960000000001855, 0, 3055.1179999999999382, 1
3057.9059999999999491, 0, 3055.1219999999998436, 1, 3057.9059999999999491, 123.95694000973365689, 3055.1219999999998436, 0, 3057.9059999999999491, 76.617527499255544399, 3055.1219999999998436, 0, 3057.9059999999999491, 0, 3055.1219999999998436, 1
3057.9149999999999636, 0, 3055.1300000000001091, 1, 3057.9149999999999636, 121.51297091342253509, 3055.1300000000001091, 1, 3057.9149999999999636, 80.867469849577332752, 3055.1300000000001091, 1, 3057.9149999999999636, 0, 3055.1300000000001091, 1
3057.9250000000001819, 0, 3055.1329999999998108, 1, 3057.9250000000001819, 119.26080792168065159, 3055.1329999999998108, 1, 3057.9250000000001819, 84.978043252434588339, 3055.1329999999998108, 1, 3057.9250000000001819, 0, 3055.1329999999998108, 1
3057.9459999999999127, 0, 3055.13799999999992, 1, 3057.9459999999999127, 116.74247034062000239, 3055.13799999999992, 1, 3057.9459999999999127, 89.225141986318135423, 3055.13799999999992, 1, 3057.9459999999999127, 0, 3055.13799999999992, 1
3057.9459999999999127, 0, 3055.1430000000000291, 1, 3057.9459999999999127, 114.37584899294935781, 3055.1430000000000291, 1, 3057.9459999999999127, 92.871501454704286971, 3055.1430000000000291, 1, 3057.9459999999999127, 0, 3055.1430000000000291, 1
3057.9659999999998945, 0, 3055.1480000000001382, 1, 3057.9659999999998945, 111.95685676259036256, 3055.1480000000001382, 1, 3057.9659999999998945, 92.622963887514657699, 3055.1480000000001382, 1, 3057.9659999999998945, 0, 3055.1480000000001382, 1
3057.9760000000001128, 0, 3055.1529999999997926, 1, 3057.9760000000001128, 109.93891985835057312, 3055.1529999999997926, 1, 3057.9760000000001128, 94.745400131830677992, 3055.1529999999997926, 1, 3057.9760000000001128, 0, 3055.1529999999997926, 1
3057.9760000000001128, 0, 3055.1579999999999018, 1, 3057.9760000000001128, 108.12907949072518932, 3055.1579999999999018, 1, 3057.9760000000001128, 96.385808881345013788, 3055.1579999999999018, 1, 3057.9760000000001128, 0, 3055.1579999999999018, 1
3057.98700000000008, 0, 3055.1619999999998072, 1, 3057.98700000000008, 106.54418949143371265, 3055.1619999999998072, 1, 3057.98700000000008, 98.529600519102160661, 3055.1619999999998072, 1, 3057.98700000000008, 0, 3055.1619999999998072, 1
3057.9949999999998909, 0, 3055.1680000000001201, 1, 3057.9949999999998909, 104.82551235684017854, 3055.1680000000001201, 1, 3057.9949999999998909, 101.33455009125189861, 3055.1680000000001201, 1, 3057.9949999999998909, 0, 3055.1680000000001201, 1
3058.0059999999998581, 0, 3055.1739999999999782, 1, 3058.0059999999998581, 101.99707032750728786, 3055.1739999999999782, 1, 3058.0059999999998581, 103.54904125297881023, 3055.1739999999999782, 1, 3058.0059999999998581, 0, 3055.1739999999999782, 1
3058.0160000000000764, 0, 3055.1779999999998836, 1, 3058.0160000000000764, 100.31545216093543615, 3055.1779999999998836, 1, 3058.0160000000000764, 106.60731319638080095, 3055.1779999999998836, 1, 3058.0160000000000764, 0, 3055.1779999999998836, 1
3058.0360000000000582, 0, 3055.1829999999999927, 1, 3058.0360000000000582, 98.467613981485015984, 3055.1829999999999927, 1, 3058.0360000000000582, 109.85140086515671953, 3055.1829999999999927, 1, 3058.0360000000000582, 0, 3055.1829999999999927, 1
3058.0450000000000728, 0, 3055.1880000000001019, 1, 3058.0450000000000728, 96.458007465849647133, 3055.1880000000001019, 1, 3058.0450000000000728, 107.99065140950338559, 3055.1880000000001019, 1, 3058.0450000000000728, 0, 3055.1880000000001019, 1
3058.056999999999789, 306.0724579990706502, 3055.193000000000211, 1, 3058.056999999999789, 63.03459386465321046, 3055.193000000000211, 1, 3058.056999999999789, 116.89767531210641494, 3055.193000000000211, 1, 3058.056999999999789, 0, 3055.193000000000211, 1
3058.056999999999789, 290.46693595022628642, 3055.1979999999998654, 1, 3058.056999999999789, 11.035368600560920171, 3055.1979999999998654, 1, 3058.056999999999789, 122.19056459621033639, 3055.1979999999998654, 1, 3058.056999999999789, 0, 3055.1979999999998654, 1
3058.0659999999998035, 128.95875385063305885, 3055.2029999999999745, 1, 3058.0659999999998035, 0, 3055.2029999999999745, 1, 3058.0659999999998035, 89.65076203524277787, 3055.2029999999999745, 1, 3058.0659999999998035, 138.89521274146258634, 3055.2029999999999745, 1
3058.0760000000000218, 28.786807686886643154, 3055.2089999999998327, 0, 3058.0760000000000218, 0, 3055.2089999999998327, 1, 3058.0760000000000218, 35.265666613160469467, 3055.2089999999998327, 1, 3058.0760000000000218, 77.655135025826780293, 3055.2089999999998327, 0
3058.0859999999997854, 20.542016337850402152, 3055.2130000000001928, 0, 3058.0859999999997854, 0, 3055.2130000000001928, 1, 3058.0859999999997854, 25.863980474037777668, 3055.2130000000001928, 1, 3058.0859999999997854, 30.834803203544030481, 3055.2130000000001928, 0
3058.0960000000000036, 22.683896694057235521, 3055.2179999999998472, 0, 3058.0960000000000036, 0, 3055.2179999999998472, 1, 3058.0960000000000036, 31.651854148082222196, 3055.2179999999998472, 1, 3058.0960000000000036, 21.536786722525782523, 3055.2179999999998472, 0
3058.1060000000002219, 45.489437016605833719, 3055.2229999999999563, 0, 3058.1060000000002219, 0, 3055.2229999999999563, 1, 3058.1060000000002219, 35.593645525781440142, 3055.2229999999999563, 1, 3058.1060000000002219, 23.270895440043183555, 3055.2229999999999563, 0
3058.1159999999999854, 70.459546099801372065, 3055.2280000000000655, 0, 3058.1159999999999854, 58.390675951112001485, 3055.2280000000000655, 1, 3058.1159999999999854, 38.384550971093460703, 3055.2280000000000655, 1, 3058.1159999999999854, 28.333876594250302361, 3055.2280000000000655, 0
3058.125, 79.383862298446061345, 3055.2330000000001746, 0, 3058.125, 55.668410593090690952, 3055.2330000000001746, 1, 3058.125, 40.574387992151386584, 3055.2330000000001746, 1, 3058.125, 21.195736713700810583, 3055.2330000000001746, 0
3058.1460000000001855, 78.939909766279242831, 3055.237999999999829, 0, 3058.1460000000001855, 58.303845531446242489, 3055.237999999999829, 1, 3058.1460000000001855, 40.416912758918073223, 3055.237999999999829, 1, 3058.1460000000001855, 20.152423248433688485, 3055.237999999999829, 0
3058.1460000000001855, 44.845506897044181471, 3055.2440000000001419, 0, 3058.1460000000001855, 110.32568056586430316, 3055.2440000000001419, 1, 3058.1460000000001855, 157.5578621910755146, 3055.2440000000001419, 1, 3058.1460000000001855, 47.375789536678695413, 3055.2440000000001419, 0
3058.1559999999999491, 50.145723439900777407, 3055.2480000000000473, 0, 3058.1559999999999491, 0, 3055.2480000000000473, 1, 3058.1559999999999491, 0, 3055.2480000000000473, 1, 3058.1559999999999491, 48.058744143946412919, 3055.2480000000000473, 0
3058.1660000000001673, 80.35251409182060911, 3055.2539999999999054, 0, 3058.1660000000001673, 0, 3055.2539999999999054, 1, 3058.1660000000001673, 0, 3055.2539999999999054, 1, 3058.1660000000001673, 60.207599535611407759, 3055.2539999999999054, 0
3058.1759999999999309, 98.18657230818229209, 3055.2579999999998108, 0, 3058.1759999999999309, 0, 3055.2579999999998108, 1, 3058.1759999999999309, 0, 3055.2579999999998108, 1, 3058.1759999999999309, 67.179747222815066721, 3055.2579999999998108, 0
3058.1860000000001492, 110.13081917588273484, 3055.26299999999992, 0, 3058.1860000000001492, 0, 3055.26299999999992, 1, 3058.1860000000001492, 0, 3055.26299999999992, 1, 3058.1860000000001492, 72.110897757784243822, 3055.26299999999992, 0
3058.1970000000001164, 115.33374980956592992, 3055.2680000000000291, 0, 3058.1970000000001164, 0, 3055.2680000000000291, 1, 3058.1970000000001164, 0, 3055.2680000000000291, 1, 3058.1970000000001164, 74.907490427903184127, 3055.2680000000000291, 0
3058.206000000000131, 118.13374919838285848, 3055.2730000000001382, 0, 3058.206000000000131, 0, 3055.2730000000001382, 1, 3058.206000000000131, 0, 3055.2730000000001382, 1, 3058.206000000000131, 75.859479017316033378, 3055.2730000000001382, 0
3058.2159999999998945, 119.50723611030744564, 3055.2779999999997926, 0, 3058.2159999999998945, 0, 3055.2779999999997926, 1, 3058.2159999999998945, 0, 3055.2779999999997926, 1, 3058.2159999999998945, 76.89846161626292087, 3055.2779999999997926, 0
3058.2249999999999091, 118.54254806286573398, 3055.2829999999999018, 0, 3058.2249999999999091, 0, 3055.2829999999999018, 1, 3058.2249999999999091, 0, 3055.2829999999999018, 1, 3058.2249999999999091, 81.213620643002258248, 3055.2829999999999018, 0
3058.2359999999998763, 117.541376758674744, 3055.2880000000000109, 0, 3058.2359999999998763, 0, 3055.2880000000000109, 1, 3058.2359999999998763, 0, 3055.2880000000000109, 1, 3058.2359999999998763, 84.525551779520270657, 3055.2880000000000109, 0
3058.2469999999998436, 116.01494887726809679, 3055.2950000000000728, 0, 3058.2469999999998436, 0, 3055.2950000000000728, 1, 3058.2469999999998436, 0, 3055.2950000000000728, 1, 3058.2469999999998436, 88.424025915721088609, 3055.2950000000000728, 0
3058.2559999999998581, 114.15916405498627739, 3055.2979999999997744, 0, 3058.2559999999998581, 0, 3055.2979999999997744, 1, 3058.2559999999998581, 0, 3055.2979999999997744, 1, 3058.2559999999998581, 92.87831986158937525, 3055.2979999999997744, 0
3058.2660000000000764, 112.65135981764325379, 3055.3029999999998836, 0, 3058.2660000000000764, 0, 3055.3029999999998836, 1, 3058.2660000000000764, 0, 3055.3029999999998836, 1, 3058.2660000000000764, 96.233680447977960171, 3055.3029999999998836, 0
3058.2759999999998399, 110.8334558289817835, 3055.3090000000001965, 0, 3058.2759999999998399, 0, 3055.3090000000001965, 1, 3058.2759999999998399, 0, 3055.3090000000001965, 1, 3058.2759999999998399, 99.833706147533220587, 3055.3090000000001965, 0
3058.2890000000002146, 109.00666444732674165, 3055.3130000000001019, 0, 3058.2890000000002146, 0, 3055.3130000000001019, 1, 3058.2890000000002146, 0, 3055.3130000000001019, 1, 3058.2890000000002146, 99.642228353274731489, 3055.3130000000001019, 0
3058.2959999999998217, 107.99068061995873791, 3055.318000000000211, 0, 3058.2959999999998217, 0, 3055.318000000000211, 1, 3058.2959999999998217, 0, 3055.318000000000211, 1, 3058.2959999999998217, 102.94390307956962261, 3055.318000000000211, 0
3058.3049999999998363, 107.64296305785292418, 3055.3229999999998654, 0, 3058.3049999999998363, 0, 3055.3229999999998654, 1, 3058.3049999999998363, 0, 3055.3229999999998654, 1, 3058.3049999999998363, 103.08744592155107966, 3055.3229999999998654, 0
3058.3159999999998035, 106.33871644413063962, 3055.3279999999999745, 0, 3058.3159999999998035, 0, 3055.3279999999999745, 1, 3058.3159999999998035, 0, 3055.3279999999999745, 1, 3058.3159999999998035, 105.46890051201214078, 3055.3279999999999745, 0
3058.3249999999998181, 105.05234306145925416, 3055.3330000000000837, 0, 3058.3249999999998181, 0, 3055.3330000000000837, 1, 3058.3249999999998181, 0, 3055.3330000000000837, 1, 3058.3249999999998181, 108.30845965426824762, 3055.3330000000000837, 0
3058.3350000000000364, 103.25492152851745686, 3055.3389999999999418, 0, 3058.3350000000000364, 0, 3055.3389999999999418, 1, 3058.3350000000000364, 0, 3055.3389999999999418, 1, 3058.3350000000000364, 111.48936281372262158, 3055.3389999999999418, 0
3058.3460000000000036, 101.76679905013619987, 3055.3429999999998472, 0, 3058.3460000000000036, 0, 3055.3429999999998472, 1, 3058.3460000000000036, 0, 3055.3429999999998472, 1, 3058.3460000000000036, 114.28371237532607552, 3055.3429999999998472, 0
3058.3550000000000182, 100.26517936443588042, 3055.3479999999999563, 0, 3058.3550000000000182, 0, 3055.3479999999999563, 1, 3058.3550000000000182, 0, 3055.3479999999999563, 1, 3058.3550000000000182, 116.02502214835912753, 3055.3479999999999563, 0
3058.3659999999999854, 99.047289907917672735, 3055.3530000000000655, 0, 3058.3659999999999854, 0, 3055.3530000000000655, 1, 3058.3659999999999854, 0, 3055.3530000000000655, 1, 3058.3659999999999854, 113.37552506063758528, 3055.3530000000000655, 0
3058.3760000000002037, 97.92849501413724056, 3055.3580000000001746, 0, 3058.3760000000002037, 317.78113641035304227, 3055.3580000000001746, 1, 3058.3760000000002037, 0, 3055.3580000000001746, 1, 3058.3760000000002037, 115.64868677438141731, 3055.3580000000001746, 0
3058.3850000000002183, 50.900194207659659185, 3055.362999999999829, 0, 3058.3850000000002183, 294.95578423247292221, 3055.362999999999829, 1, 3058.3850000000002183, 264.60715474854578133, 3055.362999999999829, 1, 3058.3850000000002183, 114.19511346400746277, 3055.362999999999829, 0
3058.3960000000001855, 1.3141885605893686151, 3055.3690000000001419, 0, 3058.3960000000001855, 104.73947282265405079, 3055.3690000000001419, 1, 3058.3960000000001855, 130.06980214604448065, 3055.3690000000001419, 1, 3058.3960000000001855, 39.655684726317836919, 3055.3690000000001419, 0
3058.4059999999999491, 0, 3055.3730000000000473, 0, 3058.4059999999999491, 30.787007169550040686, 3055.3730000000000473, 1, 3058.4059999999999491, 52.071849856067984774, 3055.3730000000000473, 1, 3058.4059999999999491, 32.062583961270497923, 3055.3730000000000473, 0
3058.4160000000001673, 0, 3055.3769999999999527, 0, 3058.4160000000001673, 17.494012255036761161, 3055.3769999999999527, 1, 3058.4160000000001673, 24.468435879831211821, 3055.3769999999999527, 1, 3058.4160000000001673, 39.702988188895282917, 3055.3769999999999527, 0
3058.4349999999999454, 0, 3055.3829999999998108, 0, 3058.4349999999999454, 31.053129781505880658, 3055.3829999999998108, 1, 3058.4349999999999454, 20.024566726699113417, 3055.3829999999998108, 1, 3058.4349999999999454, 45.025875826834301563, 3055.3829999999998108, 0
3058.4349999999999454, 49.156811247549498489, 3055.3890000000001237, 0, 3058.4349999999999454, 48.442624917204980761, 3055.3890000000001237, 1, 3058.4349999999999454, 23.081807358095055349, 3055.3890000000001237, 1, 3058.4349999999999454, 49.617701611554387853, 3055.3890000000001237, 0
3058.4450000000001637, 49.382781095348342149, 3055.3930000000000291, 0, 3058.4450000000001637, 54.717339080412656926, 3055.3930000000000291, 1, 3058.4450000000001637, 23.601240533360048346, 3055.3930000000000291, 1, 3058.4450000000001637, 53.922244545011139394, 3055.3930000000000291, 0
3058.4549999999999272, 55.166618990101923714, 3055.3980000000001382, 0, 3058.4549999999999272, 57.650134359231387293, 3055.3980000000001382, 1, 3058.4549999999999272, 25.230789328366697077, 3055.3980000000001382, 1, 3058.4549999999999272, 51.865761956497451024, 3055.3980000000001382, 0
3058.4650000000001455, 62.476579699769345666, 3055.4029999999997926, 0, 3058.4650000000001455, 58.484349394987191317, 3055.4029999999997926, 1, 3058.4650000000001455, 28.543797863636257262, 3055.4029999999997926, 1, 3058.4650000000001455, 53.913621514393682332, 3055.4029999999997926, 0
3058.4749999999999091, 3.6820428708021779585, 3055.4079999999999018, 0, 3058.4749999999999091, 63.998960754167754317, 3055.4079999999999018, 1, 3058.4749999999999091, 53.724093085994525154, 3055.4079999999999018, 1, 3058.4749999999999091, 3.1714842989817642049, 3055.4079999999999018, 0
3058.48700000000008, 0, 3055.4140000000002146, 0, 3058.48700000000008, 89.619543449403991531, 3055.4140000000002146, 1, 3058.48700000000008, 75.168634761200479488, 3055.4140000000002146, 1, 3058.48700000000008, 0, 3055.4140000000002146, 0
3058.4949999999998909, 0, 3055.4180000000001201, 0, 3058.4949999999998909, 106.50388946263961998, 3055.4180000000001201, 1, 3058.4949999999998909, 78.823699650909247794, 3055.4180000000001201, 1, 3058.4949999999998909, 0, 3055.4180000000001201, 0
3058.5050000000001091, 0, 3055.4229999999997744, 0, 3058.5050000000001091, 118.48444876529899261, 3055.4229999999997744, 1, 3058.5050000000001091, 75.256514964641979759, 3055.4229999999997744, 1, 3058.5050000000001091, 0, 3055.4229999999997744, 0
3058.5160000000000764, 0, 3055.4279999999998836, 0, 3058.5160000000000764, 125.25579817904103663, 3055.4279999999998836, 1, 3058.5160000000000764, 72.064614160522097563, 3055.4279999999998836, 1, 3058.5160000000000764, 0, 3055.4279999999998836, 0
3058.5259999999998399, 0, 3055.4329999999999927, 0, 3058.5259999999998399, 127.14094931353355378, 3055.4329999999999927, 1, 3058.5259999999998399, 69.443920540427853894, 3055.4329999999999927, 1, 3058.5259999999998399, 0, 3055.4329999999999927, 0
3058.5360000000000582, 0, 3055.4380000000001019, 0, 3058.5360000000000582, 127.23579647498880263, 3055.4380000000001019, 1, 3058.5360000000000582, 70.438513763560678171, 3055.4380000000001019, 1, 3058.5360000000000582, 0, 3055.4380000000001019, 0
3058.5459999999998217, 0, 3055.443000000000211, 0, 3058.5459999999998217, 126.93374888586751581, 3055.443000000000211, 1, 3058.5459999999998217, 70.494402321140611889, 3055.443000000000211, 1, 3058.5459999999998217, 0, 3055.443000000000211, 0
3058.5549999999998363, 0, 3055.4490000000000691, 0, 3058.5549999999998363, 124.91053566479625658, 3055.4490000000000691, 1, 3058.5549999999998363, 75.47387866679574131, 3055.4490000000000691, 1, 3058.5549999999998363, 0, 3055.4490000000000691, 0
3058.5760000000000218, 0, 3055.4540000000001783, 0, 3058.5760000000000218, 123.11933481197229412, 3055.4540000000001783, 1, 3058.5760000000000218, 78.281834880850709624, 3055.4540000000001783, 1, 3058.5760000000000218, 0, 3055.4540000000001783, 0
3058.5850000000000364, 0, 3055.4580000000000837, 1, 3058.5850000000000364, 120.42987841348963229, 3055.4580000000000837, 1, 3058.5850000000000364, 83.080163970857483946, 3055.4580000000000837, 1, 3058.5850000000000364, 0, 3055.4580000000000837, 1
3058.5960000000000036, 0, 3055.4630000000001928, 1, 3058.5960000000000036, 117.91695457329387864, 3055.4630000000001928, 1, 3058.5960000000000036, 87.667211081676242657, 3055.4630000000001928, 1, 3058.5960000000000036, 0, 3055.4630000000001928, 1
3058.6060000000002219, 0, 3055.4679999999998472, 1, 3058.6060000000002219, 115.63770538043112879, 3055.4679999999998472, 1, 3058.6060000000002219, 88.717801157759907937, 3055.4679999999998472, 1, 3058.6060000000002219, 0, 3055.4679999999998472, 1
3058.6159999999999854, 0, 3055.4729999999999563, 1, 3058.6159999999999854, 113.40798334037987161, 3055.4729999999999563, 1, 3058.6159999999999854, 91.939041223855980434, 3055.4729999999999563, 1, 3058.6159999999999854, 0, 3055.4729999999999563, 1
3058.6159999999999854, 0, 3055.4789999999998145, 1, 3058.6159999999999854, 111.37651284528180895, 3055.4789999999998145, 1, 3058.6159999999999854, 94.169274147407179498, 3055.4789999999998145, 1, 3058.6159999999999854, 0, 3055.4789999999998145, 1
3058.6260000000002037, 0, 3055.4839999999999236, 1, 3058.6260000000002037, 109.51072370126632904, 3055.4839999999999236, 1, 3058.6260000000002037, 95.953740059378489491, 3055.4839999999999236, 1, 3058.6260000000002037, 0, 3055.4839999999999236, 1
3058.6460000000001855, 0, 3055.4890000000000327, 1, 3058.6460000000001855, 107.05710978793521804, 3055.4890000000000327, 1, 3058.6460000000001855, 95.957937993835415114, 3055.4890000000000327, 1, 3058.6460000000001855, 0, 3055.4890000000000327, 1
3058.6559999999999491, 0, 3055.4929999999999382, 1, 3058.6559999999999491, 105.41242588255911983, 3055.4929999999999382, 1, 3058.6559999999999491, 98.421700202531795298, 3055.4929999999999382, 1, 3058.6559999999999491, 0, 3055.4929999999999382, 1
3058.6660000000001673, 0, 3055.4980000000000473, 1, 3058.6660000000001673, 103.42672124727454275, 3055.4980000000000473, 1, 3058.6660000000001673, 102.30098189888312277, 3055.4980000000000473, 1, 3058.6660000000001673, 0, 3055.4980000000000473, 1
3058.6660000000001673, 0, 3055.5030000000001564, 1, 3058.6660000000001673, 101.46339887448451123, 3055.5030000000001564, 1, 3058.6660000000001673, 106.13636311642792975, 3055.5030000000001564, 1, 3058.6660000000001673, 0, 3055.5030000000001564, 1
3058.6759999999999309, 0, 3055.5079999999998108, 1, 3058.6759999999999309, 99.304497475594132538, 3055.5079999999998108, 1, 3058.6759999999999309, 109.60366228610585893, 3055.5079999999998108, 1, 3058.6759999999999309, 0, 3055.5079999999998108, 1
3058.6959999999999127, 0, 3055.51299999999992, 1, 3058.6959999999999127, 97.618136922711414627, 3055.51299999999992, 1, 3058.6959999999999127, 111.76915355695864207, 3055.51299999999992, 1, 3058.6959999999999127, 0, 3055.51299999999992, 1
3058.6959999999999127, 306.0410863059573785, 3055.5180000000000291, 1, 3058.6959999999999127, 69.95982351875974814, 3055.5180000000000291, 1, 3058.6959999999999127, 114.33508455343151411, 3055.5180000000000291, 1, 3058.6959999999999127, 0, 3055.5180000000000291, 1
3058.7080000000000837, 296.38171738368401975, 3055.5230000000001382, 1, 3058.7080000000000837, 13.153017912507550591, 3055.5230000000001382, 1, 3058.7080000000000837, 120.19311498997822696, 3055.5230000000001382, 1, 3058.7080000000000837, 0, 3055.5230000000001382, 1
3058.7159999999998945, 162.23120328524652223, 3055.5289999999999964, 1, 3058.7159999999998945, 0, 3055.5289999999999964, 0, 3058.7159999999998945, 103.19093798992223299, 3055.5289999999999964, 0, 3058.7159999999998945, 0, 3055.5289999999999964, 1
3058.7359999999998763, 34.92878792884303607, 3055.5329999999999018, 1, 3058.7359999999998763, 0, 3055.5329999999999018, 0, 3058.7359999999998763, 41.153796616264720853, 3055.5329999999999018, 0, 3058.7359999999998763, 96.729438202195424878, 3055.5329999999999018, 1
3058.7359999999998763, 17.469638649886725545, 3055.5380000000000109, 1, 3058.7359999999998763, 0, 3055.5380000000000109, 0, 3058.7359999999998763, 21.732279821473852621, 3055.5380000000000109, 0, 3058.7359999999998763, 32.571533103077797477, 3055.5380000000000109, 1
3058.7550000000001091, 20.696113733927294476, 3055.5430000000001201, 1, 3058.7550000000001091, 0, 3055.5430000000001201, 0, 3058.7550000000001091, 27.782582593805869919, 3055.5430000000001201, 0, 3058.7550000000001091, 22.199739767748717156, 3055.5430000000001201, 1
3058.7660000000000764, 41.472262730821817911, 3055.5479999999997744, 1, 3058.7660000000000764, 0, 3055.5479999999997744, 0, 3058.7660000000000764, 33.039137805882958787, 3055.5479999999997744, 0, 3058.7660000000000764, 23.076949952653794895, 3055.5479999999997744, 1
3058.7660000000000764, 61.782418240424817668, 3055.5529999999998836, 1, 3058.7660000000000764, 57.261298833215576565, 3055.5529999999998836, 0, 3058.7660000000000764, 37.340082055791427251, 3055.5529999999998836, 0, 3058.7660000000000764, 18.748115071022208866, 3055.5529999999998836, 1
3058.7759999999998399, 72.886901678993723408, 3055.5590000000001965, 1, 3058.7759999999998399, 43.050963091015418627, 3055.5590000000001965, 0, 3058.7759999999998399, 41.616950844488883376, 3055.5590000000001965, 0, 3058.7759999999998399, 17.058060753184694391, 3055.5590000000001965, 1
3058.7860000000000582, 77.037390315810370112, 3055.5630000000001019, 1, 3058.7860000000000582, 52.249573430100618054, 3055.5630000000001019, 0, 3058.7860000000000582, 42.230427247334425545, 3055.5630000000001019, 0, 3058.7860000000000582, 18.574744850423464015, 3055.5630000000001019, 1
3058.7959999999998217, 48.693827862156084052, 3055.568000000000211, 1, 3058.7959999999998217, 108.97643706063568914, 3055.568000000000211, 0, 3058.7959999999998217, 165.86841148279555114, 3055.568000000000211, 0, 3058.7959999999998217, 38.980469268029636964, 3055.568000000000211, 1
3058.80600000000004, 49.532574464192201447, 3055.5740000000000691, 1, 3058.80600000000004, 0, 3055.5740000000000691, 0, 3058.80600000000004, 5.6938626076774744651e-97, 3055.5740000000000691, 0, 3058.80600000000004, 42.569496755603026372, 3055.5740000000000691, 1
3058.8159999999998035, 78.19018669472634997, 3055.5779999999999745, 1, 3058.8159999999998035, 0, 3055.5779999999999745, 0, 3058.8159999999998035, 0, 3055.5779999999999745, 0, 3058.8159999999998035, 62.857047717226805617, 3055.5779999999999745, 1
3058.8260000000000218, 98.414223965395677851, 3055.5839999999998327, 1, 3058.8260000000000218, 0, 3055.5839999999998327, 0, 3058.8260000000000218, 0, 3055.5839999999998327, 0, 3058.8260000000000218, 72.335080499131706233, 3055.5839999999998327, 1
3058.8359999999997854, 111.1218751109946794, 3055.5889999999999418, 1, 3058.8359999999997854, 0, 3055.5889999999999418, 0, 3058.8359999999997854, 0, 3055.5889999999999418, 0, 3058.8359999999997854, 74.801695099665408861, 3055.5889999999999418, 1
3058.8449999999997999, 116.9856972671821751, 3055.5960000000000036, 1, 3058.8449999999997999, 0, 3055.5960000000000036, 0, 3058.8449999999997999, 0, 3055.5960000000000036, 0, 3058.8449999999997999, 75.565615518525234506, 3055.5960000000000036, 1
3058.8550000000000182, 119.05479984672238913, 3055.5990000000001601, 1, 3058.8550000000000182, 0, 3055.5990000000001601, 0, 3058.8550000000000182, 0, 3055.5990000000001601, 0, 3058.8550000000000182, 77.343014048291664153, 3055.5990000000001601, 1
3058.8659999999999854, 120.1864053023584944, 3055.6030000000000655, 1, 3058.8659999999999854, 0, 3055.6030000000000655, 0, 3058.8659999999999854, 0, 3055.6030000000000655, 0, 3058.8659999999999854, 76.948479578495863507, 3055.6030000000000655, 1
3058.875, 119.15374296120097597, 3055.6089999999999236, 1, 3058.875, 0, 3055.6089999999999236, 0, 3058.875, 0, 3055.6089999999999236, 0, 3058.875, 80.700527535904186038, 3055.6089999999999236, 1
3058.8850000000002183, 118.03354335993591917, 3055.61200000000008, 1, 3058.8850000000002183, 0, 3055.61200000000008, 0, 3058.8850000000002183, 0, 3055.61200000000008, 0, 3058.8850000000002183, 83.684309809190480678, 3055.61200000000008, 1
3058.8960000000001855, 116.17247019609180825, 3055.6179999999999382, 1, 3058.8960000000001855, 0, 3055.6179999999999382, 0, 3058.8960000000001855, 0, 3055.6179999999999382, 0, 3058.8960000000001855, 88.415605585674356348, 3055.6179999999999382, 1
3058.9059999999999491, 114.76999788385751344, 3055.6219999999998436, 1, 3058.9059999999999491, 0, 3055.6219999999998436, 0, 3058.9059999999999491, 0, 3055.6219999999998436, 0, 3058.9059999999999491, 91.496333421523431184, 3055.6219999999998436, 1
3058.9149999999999636, 112.8442202385753319, 3055.6289999999999054, 1, 3058.9149999999999636, 0, 3055.6289999999999054, 0, 3058.9149999999999636, 0, 3055.6289999999999054, 0, 3058.9149999999999636, 96.122575340456080539, 3055.6289999999999054, 1
3058.9259999999999309, 110.95425154966774528, 3055.6329999999998108, 1, 3058.9259999999999309, 0, 3055.6329999999998108, 0, 3058.9259999999999309, 0, 3055.6329999999998108, 0, 3058.9259999999999309, 100.02236479613428344, 3055.6329999999998108, 1
3058.9360000000001492, 109.07363639284230317, 3055.63799999999992, 1, 3058.9360000000001492, 0, 3055.63799999999992, 0, 3058.9360000000001492, 0, 3055.63799999999992, 0, 3058.9360000000001492, 101.67415118280524666, 3055.63799999999992, 1
3058.9459999999999127, 105.62945063846154881, 3055.6430000000000291, 1, 3058.9459999999999127, 0, 3055.6430000000000291, 0, 3058.9459999999999127, 0, 3055.6430000000000291, 0, 3058.9459999999999127, 101.44434836479882733, 3055.6430000000000291, 1
3058.956000000000131, 104.27055478868183513, 3055.6480000000001382, 1, 3058.956000000000131, 0, 3055.6480000000001382, 0, 3058.956000000000131, 0, 3055.6480000000001382, 0, 3058.956000000000131, 104.48991468451410469, 3055.6480000000001382, 1
3058.9659999999998945, 105.56129916924550116, 3055.6539999999999964, 1, 3058.9659999999998945, 0, 3055.6539999999999964, 0, 3058.9659999999998945, 0, 3055.6539999999999964, 0, 3058.9659999999998945, 107.58616489742790634, 3055.6539999999999964, 1
3058.9760000000001128, 106.39186884509200581, 3055.6579999999999018, 1, 3058.9760000000001128, 0, 3055.6579999999999018, 0, 3058.9760000000001128, 0, 3055.6579999999999018, 0, 3058.9760000000001128, 110.4125297868859974, 3055.6579999999999018, 1
3058.9850000000001273, 102.93779773376466835, 3055.6630000000000109, 1, 3058.9850000000001273, 0, 3055.6630000000000109, 0, 3058.9850000000001273, 0, 3055.6630000000000109, 0, 3058.9850000000001273, 108.90914951770541563, 3055.6630000000000109, 1
3058.9960000000000946, 101.19674425788305427, 3055.6669999999999163, 1, 3058.9960000000000946, 0, 3055.6669999999999163, 0, 3058.9960000000000946, 0, 3055.6669999999999163, 0, 3058.9960000000000946, 111.28873182504054284, 3055.6669999999999163, 1
3059.0050000000001091, 99.600693617412076719, 3055.6729999999997744, 1, 3059.0050000000001091, 0, 3055.6729999999997744, 0, 3059.0050000000001091, 0, 3055.6729999999997744, 0, 3059.0050000000001091, 113.91262894080196588, 3055.6729999999997744, 1
3059.0149999999998727, 97.889215256217951833, 3055.6779999999998836, 1, 3059.0149999999998727, 0, 3055.6779999999998836, 0, 3059.0149999999998727, 0, 3055.6779999999998836, 0, 3059.0149999999998727, 115.74382549039356149, 3055.6779999999998836, 1
3059.0250000000000909, 97.99155307464744169, 3055.681999999999789, 1, 3059.0250000000000909, 0, 3055.681999999999789, 0, 3059.0250000000000909, 0, 3055.681999999999789, 0, 3059.0250000000000909, 113.97687883543559906, 3055.681999999999789, 1
3059.0360000000000582, 67.503404159605764789, 3055.6889999999998508, 1, 3059.0360000000000582, 313.71268953901386567, 3055.6889999999998508, 0, 3059.0360000000000582, 295.16300652564802931, 3055.6889999999998508, 0, 3059.0360000000000582, 116.54492226418400946, 3055.6889999999998508, 1
3059.0470000000000255, 9.4930748273040421736, 3055.693000000000211, 1, 3059.0470000000000255, 176.89483883174091261, 3055.693000000000211, 0, 3059.0470000000000255, 176.49085876304403087, 3055.693000000000211, 0, 3059.0470000000000255, 36.924740527923354705, 3055.693000000000211, 1
3059.05600000000004, 0, 3055.6979999999998654, 1, 3059.05600000000004, 35.299108287985916377, 3055.6979999999998654, 0, 3059.05600000000004, 50.21268172890644621, 3055.6979999999998654, 0, 3059.05600000000004, 32.867985065056522842, 3055.6979999999998654, 1
3059.0749999999998181, 0, 3055.7029999999999745, 1, 3059.0749999999998181, 12.17723551399663684, 3055.7029999999999745, 0, 3059.0749999999998181, 27.308316761442380738, 3055.7029999999999745, 0, 3059.0749999999998181, 41.484702287169127999, 3055.7029999999999745, 1
3059.0760000000000218, 0, 3055.7080000000000837, 1, 3059.0760000000000218, 16.456495488955752649, 3055.7080000000000837, 0, 3059.0760000000000218, 19.891424230891946223, 3055.7080000000000837, 0, 3059.0760000000000218, 45.797422217562839819, 3055.7080000000000837, 1
3059.0960000000000036, 0, 3055.7130000000001928, 1, 3059.0960000000000036, 38.060353593088791513, 3055.7130000000001928, 0, 3059.0960000000000036, 22.356633906460594119, 3055.7130000000001928, 0, 3059.0960000000000036, 48.470380643268768495, 3055.7130000000001928, 1
3059.0970000000002074, 64.220660223106122544, 3055.7179999999998472, 1, 3059.0970000000002074, 52.689554765758600752, 3055.7179999999998472, 0, 3059.0970000000002074, 25.797173669547078134, 3055.7179999999998472, 0, 3059.0970000000002074, 54.827544068656564491, 3055.7179999999998472, 1
3059.1159999999999854, 56.825145853950942865, 3055.7229999999999563, 1, 3059.1159999999999854, 54.813816584105623519, 3055.7229999999999563, 0, 3059.1159999999999854, 26.724596341773832364, 3055.7229999999999563, 0, 3059.1159999999999854, 54.94312228721381075, 3055.7229999999999563, 1
3059.1159999999999854, 52.954295073466767008, 3055.7280000000000655, 1, 3059.1159999999999854, 57.477204943424439421, 3055.7280000000000655, 0, 3059.1159999999999854, 27.282419300803738338, 3055.7280000000000655, 0, 3059.1159999999999854, 42.248446493675459124, 3055.7280000000000655, 1
3059.1260000000002037, 50.865042041187571442, 3055.7339999999999236, 1, 3059.1260000000002037, 58.710044427562607439, 3055.7339999999999236, 0, 3059.1260000000002037, 43.24600439601984192, 3055.7339999999999236, 0, 3059.1260000000002037, 42.530129450425931736, 3055.7339999999999236, 1
3059.1390000000001237, 0, 3055.737999999999829, 1, 3059.1390000000001237, 77.744608834578812662, 3055.737999999999829, 0, 3059.1390000000001237, 70.20389565425442413, 3055.737999999999829, 0, 3059.1390000000001237, 0, 3055.737999999999829, 1
3059.1550000000002001, 0, 3055.7429999999999382, 1, 3059.1550000000002001, 101.26452437706504384, 3055.7429999999999382, 0, 3059.1550000000002001, 78.900972307077125834, 3055.7429999999999382, 0, 3059.1550000000002001, 0, 3055.7429999999999382, 1
3059.1550000000002001, 0, 3055.7480000000000473, 1, 3059.1550000000002001, 114.94287683599846162, 3055.7480000000000473, 0, 3059.1550000000002001, 77.844691758384840341, 3055.7480000000000473, 0, 3059.1550000000002001, 0, 3055.7480000000000473, 1
3059.1660000000001673, 0, 3055.7530000000001564, 1, 3059.1660000000001673, 121.04106170162782519, 3055.7530000000001564, 0, 3059.1660000000001673, 74.694493665755345546, 3055.7530000000001564, 0, 3059.1660000000001673, 0, 3055.7530000000001564, 1
3059.1759999999999309, 0, 3055.7579999999998108, 1, 3059.1759999999999309, 126.90697757736839435, 3055.7579999999998108, 0, 3059.1759999999999309, 70.750322733200547987, 3055.7579999999998108, 0, 3059.1759999999999309, 0, 3055.7579999999998108, 1
3059.1860000000001492, 0, 3055.76299999999992, 1, 3059.1860000000001492, 126.56895902342003524, 3055.76299999999992, 0, 3059.1860000000001492, 70.885607880179520635, 3055.76299999999992, 0, 3059.1860000000001492, 0, 3055.76299999999992, 1
3059.1970000000001164, 0, 3055.7680000000000291, 1, 3059.1970000000001164, 127.48271951311448902, 3055.7680000000000291, 0, 3059.1970000000001164, 71.326979933316778215, 3055.7680000000000291, 0, 3059.1970000000001164, 0, 3055.7680000000000291, 1
3059.206000000000131, 0, 3055.7730000000001382, 1, 3059.206000000000131, 125.76533397051611018, 3055.7730000000001382, 0, 3059.206000000000131, 73.293419427493574858, 3055.7730000000001382, 0, 3059.206000000000131, 0, 3055.7730000000001382, 1
3059.2269999999998618, 0, 3055.7779999999997926, 1, 3059.2269999999998618, 123.09621200194089852, 3055.7779999999997926, 0, 3059.2269999999998618, 78.378338573051252069, 3055.7779999999997926, 0, 3059.2269999999998618, 0, 3055.7779999999997926, 1
3059.2350000000001273, 0, 3055.7829999999999018, 1, 3059.2350000000001273, 120.43974235646085447, 3055.7829999999999018, 1, 3059.2350000000001273, 82.987428442222039848, 3055.7829999999999018, 1, 3059.2350000000001273, 0, 3055.7829999999999018, 1
3059.2359999999998763, 0, 3055.7869999999998072, 1, 3059.2359999999998763, 117.78853964516699193, 3055.7869999999998072, 1, 3059.2359999999998763, 87.679913838277769855, 3055.7869999999998072, 1, 3059.2359999999998763, 0, 3055.7869999999998072, 1
3059.2559999999998581, 0, 3055.7930000000001201, 1, 3059.2559999999998581, 115.73143369782836487, 3055.7930000000001201, 1, 3059.2559999999998581, 90.782093743655110529, 3055.7930000000001201, 1, 3059.2559999999998581, 0, 3055.7930000000001201, 1
3059.2559999999998581, 0, 3055.7979999999997744, 1, 3059.2559999999998581, 113.14559290023238702, 3055.7979999999997744, 1, 3059.2559999999998581, 94.690740974947885888, 3055.7979999999997744, 1, 3059.2559999999998581, 0, 3055.7979999999997744, 1
3059.2660000000000764, 0, 3055.8029999999998836, 1, 3059.2660000000000764, 111.27270101755198084, 3055.8029999999998836, 1, 3059.2660000000000764, 96.795637757365525999, 3055.8029999999998836, 1, 3059.2660000000000764, 0, 3055.8029999999998836, 1
3059.2789999999999964, 0, 3055.8090000000001965, 1, 3059.2789999999999964, 109.05001695275480245, 3055.8090000000001965, 1, 3059.2789999999999964, 95.040127312127452797, 3055.8090000000001965, 1, 3059.2789999999999964, 0, 3055.8090000000001965, 1
3059.2849999999998545, 0, 3055.8139999999998508, 1, 3059.2849999999998545, 107.22891132046099472, 3055.8139999999998508, 1, 3059.2849999999998545, 96.953446609300812042, 3055.8139999999998508, 1, 3059.2849999999998545, 0, 3055.8139999999998508, 1
3059.2950000000000728, 0, 3055.81899999999996, 1, 3059.2950000000000728, 105.51649001494052982, 3055.81899999999996, 1, 3059.2950000000000728, 99.410146740889274497, 3055.81899999999996, 1, 3059.2950000000000728, 0, 3055.81899999999996, 1
3059.3040000000000873, 0, 3055.8229999999998654, 1, 3059.3040000000000873, 103.81568744106925806, 3055.8229999999998654, 1, 3059.3040000000000873, 102.11362001652564402, 3055.8229999999998654, 1, 3059.3040000000000873, 0, 3055.8229999999998654, 1
3059.3260000000000218, 0, 3055.8279999999999745, 1, 3059.3260000000000218, 101.81601787974277329, 3055.8279999999999745, 1, 3059.3260000000000218, 107.75611866211481527, 3055.8279999999999745, 1, 3059.3260000000000218, 0, 3055.8279999999999745, 1
3059.3359999999997854, 0, 3055.8339999999998327, 1, 3059.3359999999997854, 99.508426754890194843, 3055.8339999999998327, 1, 3059.3359999999997854, 111.63848063367518648, 3055.8339999999998327, 1, 3059.3359999999997854, 0, 3055.8339999999998327, 1
3059.3460000000000036, 0, 3055.8380000000001928, 1, 3059.3460000000000036, 97.598079733550619608, 3055.8380000000001928, 1, 3059.3460000000000036, 114.092622984436872, 3055.8380000000001928, 1, 3059.3460000000000036, 0, 3055.8380000000001928, 1
3059.3460000000000036, 310.09007647159751286, 3055.8440000000000509, 1, 3059.3460000000000036, 85.65904248770027607, 3055.8440000000000509, 1, 3059.3460000000000036, 111.87132156002492422, 3055.8440000000000509, 1, 3059.3460000000000036, 0, 3055.8440000000000509, 1
3059.3560000000002219, 295.48082370098518368, 3055.8479999999999563, 1, 3059.3560000000002219, 24.329069792108541037, 3055.8479999999999563, 1, 3059.3560000000002219, 120.93817929571784475, 3055.8479999999999563, 1, 3059.3560000000002219, 0, 3055.8479999999999563, 1
3059.3659999999999854, 215.51267736770009265, 3055.8530000000000655, 1, 3059.3659999999999854, 0.21603819727209430668, 3055.8530000000000655, 1, 3059.3659999999999854, 110.46624812063355137, 3055.8530000000000655, 1, 3059.3659999999999854, 0, 3055.8530000000000655, 1
3059.375, 39.657911413796249178, 3055.8580000000001746, 0, 3059.375, 0, 3055.8580000000001746, 1, 3059.375, 59.936584804463549858, 3055.8580000000001746, 1, 3059.375, 119.78075533643004746, 3055.8580000000001746, 0
3059.3850000000002183, 22.860830365791102281, 3055.862999999999829, 0, 3059.3850000000002183, 0, 3055.862999999999829, 1, 3059.3850000000002183, 22.204864626994943677, 3055.862999999999829, 1, 3059.3850000000002183, 49.573182738059969665, 3055.862999999999829, 0
3059.3949999999999818, 19.985830976855101682, 3055.8679999999999382, 0, 3059.3949999999999818, 0, 3055.8679999999999382, 1, 3059.3949999999999818, 27.012282758116938908, 3055.8679999999999382, 1, 3059.3949999999999818, 29.865897682357456233, 3055.8679999999999382, 0
3059.4050000000002001, 33.728259572459137416, 3055.8730000000000473, 0, 3059.4050000000002001, 0, 3055.8730000000000473, 1, 3059.4050000000002001, 32.223501596795209423, 3055.8730000000000473, 1, 3059.4050000000002001, 25.309104686616329616, 3055.8730000000000473, 0
3059.4160000000001673, 59.240625919755132145, 3055.8780000000001564, 0, 3059.4160000000001673, 0, 3055.8780000000001564, 1, 3059.4160000000001673, 35.984447448320288743, 3055.8780000000001564, 1, 3059.4160000000001673, 27.960622218521322679, 3055.8780000000001564, 0
3059.4259999999999309, 76.015935819466292855, 3055.8829999999998108, 0, 3059.4259999999999309, 69.500262300115878134, 3055.8829999999998108, 1, 3059.4259999999999309, 39.016501641968403646, 3055.8829999999998108, 1, 3059.4259999999999309, 26.408495950864750768, 3055.8829999999998108, 0
3059.4360000000001492, 77.013414496312734059, 3055.88799999999992, 0, 3059.4360000000001492, 58.506852818508917835, 3055.88799999999992, 1, 3059.4360000000001492, 39.021194713015766808, 3055.88799999999992, 1, 3059.4360000000001492, 20.85334354259381584, 3055.88799999999992, 0
3059.4459999999999127, 64.725674679369149089, 3055.8930000000000291, 0, 3059.4459999999999127, 121.27729959257736425, 3055.8930000000000291, 1, 3059.4459999999999127, 126.03810087381597782, 3055.8930000000000291, 1, 3059.4459999999999127, 35.61993161615994552, 3055.8930000000000291, 0
3059.456000000000131, 33.692532325917873948, 3055.8980000000001382, 0, 3059.456000000000131, 25.9441627900148859, 3055.8980000000001382, 1, 3059.456000000000131, 90.95620793614887134, 3055.8980000000001382, 1, 3059.456000000000131, 43.638136182546446662, 3055.8980000000001382, 0
3059.4659999999998945, 67.423481696635633398, 3055.9029999999997926, 0, 3059.4659999999998945, 0, 3055.9029999999997926, 1, 3059.4659999999998945, 0, 3055.9029999999997926, 1, 3059.4659999999998945, 53.525632398656014743, 3055.9029999999997926, 0
3059.4760000000001128, 91.768571619055961719, 3055.9070000000001528, 0, 3059.4760000000001128, 0, 3055.9070000000001528, 1, 3059.4760000000001128, 0, 3055.9070000000001528, 1, 3059.4760000000001128, 65.956302227990050824, 3055.9070000000001528, 0
3059.4859999999998763, 106.26447493128330279, 3055.9140000000002146, 0, 3059.4859999999998763, 0, 3055.9140000000002146, 1, 3059.4859999999998763, 0, 3055.9140000000002146, 1, 3059.4859999999998763, 72.021890059324348954, 3055.9140000000002146, 0
3059.4960000000000946, 113.99023673305509874, 3055.918999999999869, 0, 3059.4960000000000946, 0, 3055.918999999999869, 1, 3059.4960000000000946, 0, 3055.918999999999869, 1, 3059.4960000000000946, 74.054696511120084779, 3055.918999999999869, 0
3059.5059999999998581, 117.14316648574521196, 3055.9229999999997744, 0, 3059.5059999999998581, 0, 3055.9229999999997744, 1, 3059.5059999999998581, 0, 3055.9229999999997744, 1, 3059.5059999999998581, 76.38794667248771475, 3055.9229999999997744, 0
3059.5149999999998727, 119.34059594224481771, 3055.9279999999998836, 0, 3059.5149999999998727, 0, 3055.9279999999998836, 1, 3059.5149999999998727, 0, 3055.9279999999998836, 1, 3059.5149999999998727, 76.534737144300947875, 3055.9279999999998836, 0
3059.5250000000000909, 119.23277370033665079, 3055.9340000000001965, 0, 3059.5250000000000909, 0, 3055.9340000000001965, 1, 3059.5250000000000909, 0, 3055.9340000000001965, 1, 3059.5250000000000909, 79.196779022953194271, 3055.9340000000001965, 0
3059.5349999999998545, 118.32294432192156819, 3055.9380000000001019, 0, 3059.5349999999998545, 0, 3055.9380000000001019, 1, 3059.5349999999998545, 0, 3055.9380000000001019, 1, 3059.5349999999998545, 82.671637485602644801, 3055.9380000000001019, 0
3059.5419999999999163, 116.5889382416341391, 3055.94399999999996, 0, 3059.5419999999999163, 0, 3055.94399999999996, 1, 3059.5419999999999163, 0, 3055.94399999999996, 1, 3059.5419999999999163, 86.919888415194080267, 3055.94399999999996, 0
3059.55600000000004, 115.25306943768724466, 3055.9490000000000691, 0, 3059.55600000000004, 0, 3055.9490000000000691, 1, 3059.55600000000004, 0, 3055.9490000000000691, 1, 3059.55600000000004, 90.371183066558046448, 3055.9490000000000691, 0
3059.5709999999999127, 113.05963081946237025, 3055.9540000000001783, 0, 3059.5709999999999127, 0, 3055.9540000000001783, 1, 3059.5709999999999127, 0, 3055.9540000000001783, 1, 3059.5709999999999127, 92.323982601646363833, 3055.9540000000001783, 0
3059.5859999999997854, 111.19687585238798988, 3055.9589999999998327, 0, 3059.5859999999997854, 0, 3055.9589999999998327, 1, 3059.5859999999997854, 0, 3055.9589999999998327, 1, 3059.5859999999997854, 96.379795892707321059, 3055.9589999999998327, 0
3059.5859999999997854, 109.5128176948974783, 3055.9630000000001928, 0, 3059.5859999999997854, 0, 3055.9630000000001928, 1, 3059.5859999999997854, 0, 3055.9630000000001928, 1, 3059.5859999999997854, 99.490136153696283827, 3055.9630000000001928, 0
3059.5960000000000036, 108.67525661837187556, 3055.9690000000000509, 0, 3059.5960000000000036, 0, 3055.9690000000000509, 1, 3059.5960000000000036, 0, 3055.9690000000000509, 1, 3059.5960000000000036, 100.38961573930274085, 3055.9690000000000509, 0
3059.6060000000002219, 107.72816257415597363, 3055.9710000000000036, 0, 3059.6060000000002219, 0, 3055.9710000000000036, 1, 3059.6060000000002219, 0, 3055.9710000000000036, 1, 3059.6060000000002219, 102.79097276812396444, 3055.9710000000000036, 0
3059.612999999999829, 106.36980792283387132, 3055.9789999999998145, 0, 3059.612999999999829, 0, 3055.9789999999998145, 1, 3059.612999999999829, 0, 3055.9789999999998145, 1, 3059.612999999999829, 104.67178003679865128, 3055.9789999999998145, 0
3059.6260000000002037, 105.17058953831235613, 3055.9830000000001746, 0, 3059.6260000000002037, 0, 3055.9830000000001746, 1, 3059.6260000000002037, 0, 3055.9830000000001746, 1, 3059.6260000000002037, 107.20071341215395933, 3055.9830000000001746, 0
3059.6359999999999673, 104.00003802029667099, 3055.987999999999829, 0, 3059.6359999999999673, 0, 3055.987999999999829, 1, 3059.6359999999999673, 0, 3055.987999999999829, 1, 3059.6359999999999673, 110.15493238868430126, 3055.987999999999829, 0
3059.6460000000001855, 100.89367377807651849, 3055.9929999999999382, 0, 3059.6460000000001855, 0, 3055.9929999999999382, 1, 3059.6460000000001855, 0, 3055.9929999999999382, 1, 3059.6460000000001855, 109.42615038343555511, 3055.9929999999999382, 0
3059.6559999999999491, 100.68337745060914301, 3055.9980000000000473, 0, 3059.6559999999999491, 0, 3055.9980000000000473, 1, 3059.6559999999999491, 0, 3055.9980000000000473, 1, 3059.6559999999999491, 114.64674745312434823, 3055.9980000000000473, 0
3059.6660000000001673, 99.163777434874532446, 3056.0030000000001564, 0, 3059.6660000000001673, 0, 3056.0030000000001564, 1, 3059.6660000000001673, 0, 3056.0030000000001564, 1, 3059.6660000000001673, 116.30177134480564405, 3056.0030000000001564, 0
3059.6700000000000728, 98.55113504614811859, 3056.0090000000000146, 0, 3059.6700000000000728, 0, 3056.0090000000000146, 1, 3059.6700000000000728, 0, 3056.0090000000000146, 1, 3059.6700000000000728, 115.93305514702259984, 3056.0090000000000146, 0
3059.6860000000001492, 73.203892080237025652, 3056.01299999999992, 0, 3059.6860000000001492, 309.02946965785321254, 3056.01299999999992, 1, 3059.6860000000001492, 0, 3056.01299999999992, 1, 3059.6860000000001492, 114.60349257822539926, 3056.01299999999992, 0
3059.6959999999999127, 16.157026792512159119, 3056.0180000000000291, 0, 3059.6959999999999127, 206.83779986630744929, 3056.0180000000000291, 1, 3059.6959999999999127, 219.96298346552612202, 3056.0180000000000291, 1, 3059.6959999999999127, 73.343631299566467874, 3056.0180000000000291, 0
3059.706000000000131, 0, 3056.0230000000001382, 0, 3059.706000000000131, 46.366330235956112915, 3056.0230000000001382, 1, 3059.706000000000131, 72.421057483927341991, 3056.0230000000001382, 1, 3059.706000000000131, 24.582879875946346715, 3056.0230000000001382, 0
3059.7159999999998945, 0, 3056.0289999999999964, 0, 3059.7159999999998945, 14.143507678272385419, 3056.0289999999999964, 1, 3059.7159999999998945, 28.844300561940880101, 3056.0289999999999964, 1, 3059.7159999999998945, 34.5824533517453645, 3056.0289999999999964, 0
3059.7260000000001128, 0, 3056.0360000000000582, 0, 3059.7260000000001128, 16.416473442899398805, 3056.0360000000000582, 1, 3059.7260000000001128, 16.84545040129990312, 3056.0360000000000582, 1, 3059.7260000000001128, 43.485707521524581409, 3056.0360000000000582, 0
3059.7460000000000946, 0, 3056.0390000000002146, 0, 3059.7460000000000946, 36.322975609590145041, 3056.0390000000002146, 1, 3059.7460000000000946, 19.102126880615823978, 3056.0390000000002146, 1, 3059.7460000000000946, 48.271192239964491932, 3056.0390000000002146, 0
3059.7460000000000946, 58.010341101354605087, 3056.043999999999869, 0, 3059.7460000000000946, 55.471403515602688117, 3056.043999999999869, 1, 3059.7460000000000946, 23.409602300734825064, 3056.043999999999869, 1, 3059.7460000000000946, 51.960004114449844792, 3056.043999999999869, 0
3059.7559999999998581, 58.462141687272591639, 3056.0489999999999782, 0, 3059.7559999999998581, 58.024104709577621009, 3056.0489999999999782, 1, 3059.7559999999998581, 24.611315439261296945, 3056.0489999999999782, 1, 3059.7559999999998581, 57.062494352978148981, 3056.0489999999999782, 0
3059.7660000000000764, 60.219846002609912716, 3056.0540000000000873, 0, 3059.7660000000000764, 58.152916442669088326, 3056.0540000000000873, 1, 3059.7660000000000764, 25.866597059458719343, 3056.0540000000000873, 1, 3059.7660000000000764, 53.826344850638214723, 3056.0540000000000873, 0
3059.7759999999998399, 45.777370569834204161, 3056.0579999999999927, 0, 3059.7759999999998399, 56.731114627453585797, 3056.0579999999999927, 1, 3059.7759999999998399, 34.147806565113960175, 3056.0579999999999927, 1, 3059.7759999999998399, 39.368470169793667424, 3056.0579999999999927, 0
3059.7860000000000582, 0, 3056.0650000000000546, 0, 3059.7860000000000582, 71.951789786156382434, 3056.0650000000000546, 1, 3059.7860000000000582, 66.075191653631549116, 3056.0650000000000546, 1, 3059.7860000000000582, 0, 3056.0650000000000546, 0
3059.7959999999998217, 0, 3056.06899999999996, 0, 3059.7959999999998217, 95.6394599311718423, 3056.06899999999996, 1, 3059.7959999999998217, 76.977671721658879278, 3056.06899999999996, 1, 3059.7959999999998217, 0, 3056.06899999999996, 0
3059.8159999999998035, 0, 3056.0729999999998654, 0, 3059.8159999999998035, 112.86246027507499434, 3056.0729999999998654, 1, 3059.8159999999998035, 77.496230814466272818, 3056.0729999999998654, 1, 3059.8159999999998035, 0, 3056.0729999999998654, 0
3059.8159999999998035, 0, 3056.0790000000001783, 0, 3059.8159999999998035, 121.74400406814561393, 3056.0790000000001783, 1, 3059.8159999999998035, 73.650741681836052521, 3056.0790000000001783, 1, 3059.8159999999998035, 0, 3056.0790000000001783, 0
3059.8260000000000218, 0, 3056.0830000000000837, 0, 3059.8260000000000218, 125.51302221123592062, 3056.0830000000000837, 1, 3059.8260000000000218, 70.834807533884202257, 3056.0830000000000837, 1, 3059.8260000000000218, 0, 3056.0830000000000837, 0
3059.8359999999997854, 0, 3056.0889999999999418, 0, 3059.8359999999997854, 127.20396531909683802, 3056.0889999999999418, 1, 3059.8359999999997854, 69.775425365291283697, 3056.0889999999999418, 1, 3059.8359999999997854, 0, 3056.0889999999999418, 0
3059.8460000000000036, 0, 3056.0929999999998472, 0, 3059.8460000000000036, 125.41505131918836469, 3056.0929999999998472, 1, 3059.8460000000000036, 72.101049678421020417, 3056.0929999999998472, 1, 3059.8460000000000036, 0, 3056.0929999999998472, 0
3059.8560000000002219, 0, 3056.0990000000001601, 0, 3059.8560000000002219, 127.37790182341032619, 3056.0990000000001601, 1, 3059.8560000000002219, 73.027292124455584599, 3056.0990000000001601, 1, 3059.8560000000002219, 0, 3056.0990000000001601, 0
3059.8760000000002037, 0, 3056.1030000000000655, 0, 3059.8760000000002037, 124.94207852955935323, 3056.1030000000000655, 1, 3059.8760000000002037, 73.823687974410404422, 3056.1030000000000655, 1, 3059.8760000000002037, 0, 3056.1030000000000655, 0
3059.8859999999999673, 0, 3056.1080000000001746, 1, 3059.8859999999999673, 121.29631436520375587, 3056.1080000000001746, 1, 3059.8859999999999673, 81.640172659138741551, 3056.1080000000001746, 1, 3059.8859999999999673, 0, 3056.1080000000001746, 1
3059.8859999999999673, 0, 3056.1149999999997817, 1, 3059.8859999999999673, 118.91879771118607323, 3056.1149999999997817, 1, 3059.8859999999999673, 86.269104518426985351, 3056.1149999999997817, 1, 3059.8859999999999673, 0, 3056.1149999999997817, 1
3059.8960000000001855, 0, 3056.1179999999999382, 1, 3059.8960000000001855, 116.52076472265899554, 3056.1179999999999382, 1, 3059.8960000000001855, 90.322420362597966914, 3056.1179999999999382, 1, 3059.8960000000001855, 0, 3056.1179999999999382, 1
3059.9059999999999491, 0, 3056.1239999999997963, 1, 3059.9059999999999491, 114.25788778747360652, 3056.1239999999997963, 1, 3059.9059999999999491, 91.50427482867534934, 3056.1239999999997963, 1, 3059.9059999999999491, 0, 3056.1239999999997963, 1
3059.9160000000001673, 0, 3056.1280000000001564, 1, 3059.9160000000001673, 112.15056049869082244, 3056.1280000000001564, 1, 3059.9160000000001673, 94.160305747734057036, 3056.1280000000001564, 1, 3059.9160000000001673, 0, 3056.1280000000001564, 1
3059.9259999999999309, 0, 3056.1340000000000146, 1, 3059.9259999999999309, 110.35074911900176176, 3056.1340000000000146, 1, 3059.9259999999999309, 95.898760584935644147, 3056.1340000000000146, 1, 3059.9259999999999309, 0, 3056.1340000000000146, 1
3059.9400000000000546, 0, 3056.1410000000000764, 1, 3059.9400000000000546, 108.13714100288902387, 3056.1410000000000764, 1, 3059.9400000000000546, 97.543278032813176992, 3056.1410000000000764, 1, 3059.9400000000000546, 0, 3056.1410000000000764, 1
3059.9459999999999127, 0, 3056.1430000000000291, 1, 3059.9459999999999127, 106.20422514537952452, 3056.1430000000000291, 1, 3059.9459999999999127, 95.084073862569340463, 3056.1430000000000291, 1, 3059.9459999999999127, 0, 3056.1430000000000291, 1
3059.956000000000131, 0, 3056.1480000000001382, 1, 3059.956000000000131, 103.82418430297863665, 3056.1480000000001382, 1, 3059.956000000000131, 102.13468833960979509, 3056.1480000000001382, 1, 3059.956000000000131, 0, 3056.1480000000001382, 1
3059.9659999999998945, 0, 3056.1529999999997926, 1, 3059.9659999999998945, 102.17442585785624942, 3056.1529999999997926, 1, 3059.9659999999998945, 105.48199051972299856, 3056.1529999999997926, 1, 3059.9659999999998945, 0, 3056.1529999999997926, 1
3059.9769999999998618, 0, 3056.1579999999999018, 1, 3059.9769999999998618, 99.938141083084957472, 3056.1579999999999018, 1, 3059.9769999999998618, 109.42346346766206011, 3056.1579999999999018, 1, 3059.9769999999998618, 0, 3056.1579999999999018, 1
3059.9859999999998763, 0, 3056.1640000000002146, 1, 3059.9859999999998763, 98.05410093320882936, 3056.1640000000002146, 1, 3059.9859999999998763, 112.92308048458950509, 3056.1640000000002146, 1, 3059.9859999999998763, 0, 3056.1640000000002146, 1
3059.9960000000000946, 319.13530155251214637, 3056.168999999999869, 1, 3059.9960000000000946, 95.885738475055319441, 3056.168999999999869, 1, 3059.9960000000000946, 112.89619990470309574, 3056.168999999999869, 1, 3059.9960000000000946, 0, 3056.168999999999869, 1
3060.0059999999998581, 301.28094250447702507, 3056.1729999999997744, 1, 3060.0059999999998581, 41.523385249928566054, 3056.1729999999997744, 1, 3060.0059999999998581, 117.63207220060540692, 3056.1729999999997744, 1, 3060.0059999999998581, 0, 3056.1729999999997744, 1
3060.0160000000000764, 258.01396786736540889, 3056.1790000000000873, 1, 3060.0160000000000764, 4.3514866554787179354, 3056.1790000000000873, 1, 3060.0160000000000764, 120.98956056811414328, 3056.1790000000000873, 1, 3060.0160000000000764, 0, 3056.1790000000000873, 1
3060.0259999999998399, 86.007112086239501991, 3056.1829999999999927, 1, 3060.0259999999998399, 0, 3056.1829999999999927, 0, 3060.0259999999998399, 73.801876430569677723, 3056.1829999999999927, 0, 3060.0259999999998399, 134.36742940138054792, 3056.1829999999999927, 1
3060.0360000000000582, 25.993364012711687394, 3056.1889999999998508, 1, 3060.0360000000000582, 0, 3056.1889999999998508, 0, 3060.0360000000000582, 21.576186408064938149, 3056.1889999999998508, 0, 3060.0360000000000582, 51.350801805345369644, 3056.1889999999998508, 1
3060.0459999999998217, 21.482746030012762617, 3056.193000000000211, 1, 3060.0459999999998217, 0, 3056.193000000000211, 0, 3060.0459999999998217, 25.59226033926936239, 3056.193000000000211, 0, 3060.0459999999998217, 23.658602371297828171, 3056.193000000000211, 1
3060.056999999999789, 33.318383065723672587, 3056.1990000000000691, 1, 3060.056999999999789, 0, 3056.1990000000000691, 0, 3060.056999999999789, 33.10052874586225613, 3056.1990000000000691, 0, 3060.056999999999789, 19.812418562423310675, 3056.1990000000000691, 1
3060.0659999999998035, 55.149653016362208291, 3056.2010000000000218, 1, 3060.0659999999998035, 0, 3056.2010000000000218, 0, 3060.0659999999998035, 36.953834662819453172, 3056.2010000000000218, 0, 3060.0659999999998035, 22.184626526868314045, 3056.2010000000000218, 1
3060.0760000000000218, 72.3500399205883582, 3056.2080000000000837, 1, 3060.0760000000000218, 55.527674804475388726, 3056.2080000000000837, 0, 3060.0760000000000218, 40.896742866187985044, 3056.2080000000000837, 0, 3060.0760000000000218, 19.411924761698227115, 3056.2080000000000837, 1
3060.0859999999997854, 77.622989592706034045, 3056.2150000000001455, 1, 3060.0859999999997854, 49.306875925534797034, 3056.2150000000001455, 0, 3060.0859999999997854, 42.074262734172499734, 3056.2150000000001455, 0, 3060.0859999999997854, 17.007609987741247437, 3056.2150000000001455, 1
3060.0960000000000036, 79.110561576860334299, 3056.2170000000000982, 1, 3060.0960000000000036, 55.202311271603235809, 3056.2170000000000982, 0, 3060.0960000000000036, 41.835979048310861117, 3056.2170000000000982, 0, 3060.0960000000000036, 18.866100492238587094, 3056.2170000000000982, 1
3060.1060000000002219, 55.862128788210654307, 3056.2229999999999563, 1, 3060.1060000000002219, 71.865909343610852034, 3056.2229999999999563, 0, 3060.1060000000002219, 122.01398741987676999, 3056.2229999999999563, 0, 3060.1060000000002219, 49.428482837633403335, 3056.2229999999999563, 1
3060.1170000000001892, 61.457347504073609912, 3056.2280000000000655, 1, 3060.1170000000001892, 0, 3056.2280000000000655, 0, 3060.1170000000001892, 0, 3056.2280000000000655, 0, 3060.1170000000001892, 61.248396861820609161, 3056.2280000000000655, 1
3060.1350000000002183, 87.952973624805494524, 3056.2339999999999236, 1, 3060.1350000000002183, 0, 3056.2339999999999236, 0, 3060.1350000000002183, 0, 3056.2339999999999236, 0, 3060.1350000000002183, 63.663949261192939844, 3056.2339999999999236, 1
3060.1350000000002183, 103.79798574756199514, 3056.237999999999829, 1, 3060.1350000000002183, 0, 3056.237999999999829, 0, 3060.1350000000002183, 0, 3056.237999999999829, 0, 3060.1350000000002183, 72.034763194050825064, 3056.237999999999829, 1
3060.1460000000001855, 112.91978109743982372, 3056.2429999999999382, 1, 3060.1460000000001855, 0, 3056.2429999999999382, 0, 3060.1460000000001855, 0, 3056.2429999999999382, 0, 3060.1460000000001855, 74.537357308720686433, 3056.2429999999999382, 1
3060.1559999999999491, 117.83657595908221083, 3056.2489999999997963, 1, 3060.1559999999999491, 0, 3056.2489999999997963, 0, 3060.1559999999999491, 0, 3056.2489999999997963, 0, 3060.1559999999999491, 77.399857261726026536, 3056.2489999999997963, 1
3060.1660000000001673, 118.47786549468629858, 3056.2539999999999054, 1, 3060.1660000000001673, 0, 3056.2539999999999054, 0, 3060.1660000000001673, 0, 3056.2539999999999054, 0, 3060.1660000000001673, 75.516700449657164995, 3056.2539999999999054, 1
3060.1770000000001346, 117.44064196027422042, 3056.2579999999998108, 1, 3060.1770000000001346, 0, 3056.2579999999998108, 0, 3060.1770000000001346, 0, 3056.2579999999998108, 0, 3060.1770000000001346, 79.114210710883241973, 3056.2579999999998108, 1
3060.1860000000001492, 116.76310203672940702, 3056.26299999999992, 1, 3060.1860000000001492, 0, 3056.26299999999992, 0, 3060.1860000000001492, 0, 3056.26299999999992, 0, 3060.1860000000001492, 84.743443579009266386, 3056.26299999999992, 1
3060.1959999999999127, 115.16614870557090455, 3056.2680000000000291, 1, 3060.1959999999999127, 0, 3056.2680000000000291, 0, 3060.1959999999999127, 0, 3056.2680000000000291, 0, 3060.1959999999999127, 87.569704741483917587, 3056.2680000000000291, 1
3060.206000000000131, 113.43271788473890638, 3056.2730000000001382, 1, 3060.206000000000131, 0, 3056.2730000000001382, 0, 3060.206000000000131, 0, 3056.2730000000001382, 0, 3060.206000000000131, 91.884726403384235027, 3056.2730000000001382, 1
3060.2159999999998945, 111.96616868216653984, 3056.2779999999997926, 1, 3060.2159999999998945, 0, 3056.2779999999997926, 0, 3060.2159999999998945, 0, 3056.2779999999997926, 0, 3060.2159999999998945, 95.431080221093793625, 3056.2779999999997926, 1
3060.2260000000001128, 110.17857196086839622, 3056.2829999999999018, 1, 3060.2260000000001128, 0, 3056.2829999999999018, 0, 3060.2260000000001128, 0, 3056.2829999999999018, 0, 3060.2260000000001128, 99.74077705184174647, 3056.2829999999999018, 1
3060.2359999999998763, 108.73041367976716742, 3056.2880000000000109, 1, 3060.2359999999998763, 0, 3056.2880000000000109, 0, 3060.2359999999998763, 0, 3056.2880000000000109, 0, 3060.2359999999998763, 102.65313301807438506, 3056.2880000000000109, 1
3060.2460000000000946, 107.65404399788538115, 3056.2930000000001201, 1, 3060.2460000000000946, 0, 3056.2930000000001201, 0, 3060.2460000000000946, 0, 3056.2930000000001201, 0, 3060.2460000000000946, 104.12373485428182107, 3056.2930000000001201, 1
3060.2559999999998581, 106.34644401133849101, 3056.2979999999997744, 1, 3060.2559999999998581, 0, 3056.2979999999997744, 0, 3060.2559999999998581, 0, 3056.2979999999997744, 0, 3060.2559999999998581, 105.89082322873801445, 3056.2979999999997744, 1
3060.262000000000171, 105.21712573645558564, 3056.3040000000000873, 1, 3060.262000000000171, 0, 3056.3040000000000873, 0, 3060.262000000000171, 0, 3056.3040000000000873, 0, 3060.262000000000171, 106.45265149994327203, 3056.3040000000000873, 1
3060.2759999999998399, 104.83875533818525128, 3056.3090000000001965, 1, 3060.2759999999998399, 0, 3056.3090000000001965, 0, 3060.2759999999998399, 0, 3056.3090000000001965, 0, 3060.2759999999998399, 107.07890892560737939, 3056.3090000000001965, 1
3060.2869999999998072, 102.87456708560787888, 3056.3119999999998981, 1, 3060.2869999999998072, 0, 3056.3119999999998981, 0, 3060.2869999999998072, 0, 3056.3119999999998981, 0, 3060.2869999999998072, 111.61977110718228801, 3056.3119999999998981, 1
3060.2959999999998217, 101.73675935616682864, 3056.318000000000211, 1, 3060.2959999999998217, 0, 3056.318000000000211, 0, 3060.2959999999998217, 0, 3056.318000000000211, 0, 3060.2959999999998217, 113.75021220529163202, 3056.318000000000211, 1
3060.306999999999789, 98.266311586573692693, 3056.3240000000000691, 1, 3060.306999999999789, 0, 3056.3240000000000691, 0, 3060.306999999999789, 0, 3056.3240000000000691, 0, 3060.306999999999789, 113.26642771408029375, 3056.3240000000000691, 1
3060.3170000000000073, 97.291109218115508384, 3056.3270000000002256, 1, 3060.3170000000000073, 0, 3056.3270000000002256, 0, 3060.3170000000000073, 0, 3056.3270000000002256, 0, 3060.3170000000000073, 114.89442617371247479, 3056.3270000000002256, 1
3060.3270000000002256, 96.671905089629532881, 3056.3330000000000837, 1, 3060.3270000000002256, 0, 3056.3330000000000837, 0, 3060.3270000000002256, 0, 3056.3330000000000837, 0, 3060.3270000000002256, 115.99197732273211159, 3056.3330000000000837, 1
3060.3369999999999891, 95.154814645910903437, 3056.3380000000001928, 1, 3060.3369999999999891, 313.17088738718047125, 3056.3380000000001928, 0, 3060.3369999999999891, 0, 3056.3380000000001928, 0, 3060.3369999999999891, 112.33427845057920536, 3056.3380000000001928, 1
3060.3470000000002074, 30.852819245492508315, 3056.3429999999998472, 1, 3060.3470000000002074, 269.09037123617054021, 3056.3429999999998472, 0, 3060.3470000000002074, 228.64113688380626854, 3056.3429999999998472, 0, 3060.3470000000002074, 76.875660199730248223, 3056.3429999999998472, 1
3060.3569999999999709, 0, 3056.3479999999999563, 1, 3060.3569999999999709, 59.047125128344262635, 3056.3479999999999563, 0, 3060.3569999999999709, 82.026762695810560899, 3056.3479999999999563, 0, 3060.3569999999999709, 31.769402040258803765, 3056.3479999999999563, 1
3060.3659999999999854, 0, 3056.3530000000000655, 1, 3060.3659999999999854, 21.52871530713558812, 3056.3530000000000655, 0, 3060.3659999999999854, 42.315524605109459344, 3056.3530000000000655, 0, 3060.3659999999999854, 39.986698690092836728, 3056.3530000000000655, 1
3060.3760000000002037, 0, 3056.3580000000001746, 1, 3060.3760000000002037, 16.872992827512639735, 3056.3580000000001746, 0, 3060.3760000000002037, 25.056581269845040083, 3056.3580000000001746, 0, 3060.3760000000002037, 44.552411569848985096, 3056.3580000000001746, 1
3060.3859999999999673, 37.884506271244696052, 3056.3640000000000327, 1, 3060.3859999999999673, 34.721050365441186614, 3056.3640000000000327, 0, 3060.3859999999999673, 22.79862079207169856, 3056.3640000000000327, 0, 3060.3859999999999673, 45.973476410004096238, 3056.3640000000000327, 1
3060.3960000000001855, 44.204350142076854979, 3056.3679999999999382, 1, 3060.3960000000001855, 46.874038184114908745, 3056.3679999999999382, 0, 3060.3960000000001855, 24.046529967320864785, 3056.3679999999999382, 0, 3060.3960000000001855, 52.998841575476475896, 3056.3679999999999382, 1
3060.4059999999999491, 52.766532154138857891, 3056.3730000000000473, 1, 3060.4059999999999491, 52.344791017017328727, 3056.3730000000000473, 0, 3060.4059999999999491, 25.195454853910881354, 3056.3730000000000473, 0, 3060.4059999999999491, 52.560879003516326691, 3056.3730000000000473, 1
3060.4160000000001673, 55.010669758474293189, 3056.3789999999999054, 1, 3060.4160000000001673, 56.048214349929381228, 3056.3789999999999054, 0, 3060.4160000000001673, 26.623087554445760361, 3056.3789999999999054, 0, 3060.4160000000001673, 47.960318263008467454, 3056.3789999999999054, 1
3060.4259999999999309, 48.949671544020539216, 3056.3829999999998108, 1, 3060.4259999999999309, 60.457851957598073511, 3056.3829999999998108, 0, 3060.4259999999999309, 32.846444961169510179, 3056.3829999999998108, 0, 3060.4259999999999309, 36.616416860022646063, 3056.3829999999998108, 1
3060.4360000000001492, 0, 3056.3859999999999673, 1, 3060.4360000000001492, 69.380359537245439583, 3056.3859999999999673, 0, 3060.4360000000001492, 62.357597663278454547, 3056.3859999999999673, 0, 3060.4360000000001492, 0, 3056.3859999999999673, 1
3060.4470000000001164, 0, 3056.3930000000000291, 1, 3060.4470000000001164, 95.180077954636601589, 3056.3930000000000291, 0, 3060.4470000000001164, 75.854340653247135151, 3056.3930000000000291, 0, 3060.4470000000001164, 0, 3056.3930000000000291, 1
3060.456000000000131, 0, 3056.3989999999998872, 1, 3060.456000000000131, 110.81189163310290269, 3056.3989999999998872, 0, 3060.456000000000131, 78.474873380025258029, 3056.3989999999998872, 0, 3060.456000000000131, 0, 3056.3989999999998872, 1
3060.4659999999998945, 0, 3056.4029999999997926, 1, 3060.4659999999998945, 120.36818132656284774, 3056.4029999999997926, 0, 3060.4659999999998945, 74.718977526059632055, 3056.4029999999997926, 0, 3060.4659999999998945, 0, 3056.4029999999997926, 1
3060.4769999999998618, 0, 3056.4079999999999018, 1, 3060.4769999999998618, 127.43571848127120916, 3056.4079999999999018, 0, 3060.4769999999998618, 71.27641348787693687, 3056.4079999999999018, 0, 3060.4769999999998618, 0, 3056.4079999999999018, 1
3060.4859999999998763, 0, 3056.4140000000002146, 1, 3060.4859999999998763, 128.47788696080232285, 3056.4140000000002146, 0, 3060.4859999999998763, 71.160188461190642784, 3056.4140000000002146, 0, 3060.4859999999998763, 0, 3056.4140000000002146, 1
3060.4960000000000946, 0, 3056.418999999999869, 1, 3060.4960000000000946, 128.85777631037632318, 3056.418999999999869, 0, 3060.4960000000000946, 68.827212155723458409, 3056.418999999999869, 0, 3060.4960000000000946, 0, 3056.418999999999869, 1
3060.5169999999998254, 0, 3056.4229999999997744, 1, 3060.5169999999998254, 127.42528970444325864, 3056.4229999999997744, 0, 3060.5169999999998254, 71.197640942014857046, 3056.4229999999997744, 0, 3060.5169999999998254, 0, 3056.4229999999997744, 1
3060.5270000000000437, 0, 3056.4279999999998836, 1, 3060.5270000000000437, 125.40291945675417651, 3056.4279999999998836, 0, 3060.5270000000000437, 74.318515791523537928, 3056.4279999999998836, 0, 3060.5270000000000437, 0, 3056.4279999999998836, 1
3060.5369999999998072, 0, 3056.4340000000001965, 1, 3060.5369999999998072, 122.74167983058251252, 3056.4340000000001965, 1, 3060.5369999999998072, 79.871914685094935749, 3056.4340000000001965, 1, 3060.5369999999998072, 0, 3056.4340000000001965, 1
3060.5369999999998072, 0, 3056.4380000000001019, 1, 3060.5369999999998072, 120.33208247987859352, 3056.4380000000001019, 1, 3060.5369999999998072, 83.139689955774997543, 3056.4380000000001019, 1, 3060.5369999999998072, 0, 3056.4380000000001019, 1
3060.5470000000000255, 0, 3056.443000000000211, 1, 3060.5470000000000255, 117.26877784363820467, 3056.443000000000211, 1, 3060.5470000000000255, 87.850349511125557456, 3056.443000000000211, 1, 3060.5470000000000255, 0, 3056.443000000000211, 1
3060.55600000000004, 0, 3056.4490000000000691, 1, 3060.55600000000004, 114.59801230259171234, 3056.4490000000000691, 1, 3060.55600000000004, 91.93677968615973839, 3056.4490000000000691, 1, 3060.55600000000004, 0, 3056.4490000000000691, 1
3060.5670000000000073, 0, 3056.4529999999999745, 1, 3060.5670000000000073, 108.76299404746370669, 3056.4529999999999745, 1, 3060.5670000000000073, 93.705728041548667306, 3056.4529999999999745, 1, 3060.5670000000000073, 0, 3056.4529999999999745, 1
3060.5770000000002256, 0, 3056.4580000000000837, 1, 3060.5770000000002256, 101.83365057420922994, 3056.4580000000000837, 1, 3060.5770000000002256, 96.813462667552727225, 3056.4580000000000837, 1, 3060.5770000000002256, 0, 3056.4580000000000837, 1
3060.5869999999999891, 0, 3056.4630000000001928, 1, 3060.5869999999999891, 102.6844688515715518, 3056.4630000000001928, 1, 3060.5869999999999891, 100.02564581983514813, 3056.4630000000001928, 1, 3060.5869999999999891, 0, 3056.4630000000001928, 1
3060.5960000000000036, 0, 3056.4670000000000982, 1, 3060.5960000000000036, 104.2389842621046796, 3056.4670000000000982, 1, 3060.5960000000000036, 102.25766645114434539, 3056.4670000000000982, 1, 3060.5960000000000036, 0, 3056.4670000000000982, 1
3060.6069999999999709, 0, 3056.4729999999999563, 1, 3060.6069999999999709, 109.24005159818641175, 3056.4729999999999563, 1, 3060.6069999999999709, 105.7653375689204438, 3056.4729999999999563, 1, 3060.6069999999999709, 0, 3056.4729999999999563, 1
3060.6170000000001892, 0, 3056.4780000000000655, 1, 3060.6170000000001892, 107.59362772388021767, 3056.4780000000000655, 1, 3060.6170000000001892, 108.00860462698076958, 3056.4780000000000655, 1, 3060.6170000000001892, 0, 3056.4780000000000655, 1
3060.6260000000002037, 0, 3056.4830000000001746, 1, 3060.6260000000002037, 104.22686256987209674, 3056.4830000000001746, 1, 3060.6260000000002037, 110.74468797061108205, 3056.4830000000001746, 1, 3060.6260000000002037, 0, 3056.4830000000001746, 1
3060.6359999999999673, 0, 3056.487999999999829, 1, 3060.6359999999999673, 100.41693618274601363, 3056.487999999999829, 1, 3060.6359999999999673, 112.61633300441549466, 3056.487999999999829, 1, 3060.6359999999999673, 0, 3056.487999999999829, 1
3060.6469999999999345, 312.33601600599291714, 3056.4960000000000946, 1, 3060.6469999999999345, 97.545249181988481268, 3056.4960000000000946, 1, 3060.6469999999999345, 112.8244856564554226, 3056.4960000000000946, 1, 3060.6469999999999345, 0, 3056.4960000000000946, 1
3060.6570000000001528, 301.44567095452947569, 3056.4980000000000473, 1, 3060.6570000000001528, 42.763271134197523793, 3056.4980000000000473, 1, 3060.6570000000001528, 116.62758513622546275, 3056.4980000000000473, 1, 3060.6570000000001528, 0, 3056.4980000000000473, 1
3060.6669999999999163, 274.97065158925329342, 3056.5030000000001564, 1, 3060.6669999999999163, 4.9307573142985674508, 3056.5030000000001564, 1, 3060.6669999999999163, 117.40400599806977766, 3056.5030000000001564, 1, 3060.6669999999999163, 0, 3056.5030000000001564, 1
3060.6770000000001346, 91.627998045296124019, 3056.5079999999998108, 0, 3060.6770000000001346, 0, 3056.5079999999998108, 1, 3060.6770000000001346, 84.94220618009312318, 3056.5079999999998108, 1, 3060.6770000000001346, 145.7085178173433917, 3056.5079999999998108, 0
3060.6869999999998981, 22.413543065179133862, 3056.5140000000001237, 0, 3060.6869999999998981, 0, 3056.5140000000001237, 1, 3060.6869999999998981, 36.070960066635620933, 3056.5140000000001237, 1, 3060.6869999999998981, 63.473700340892662553, 3056.5140000000001237, 0
3060.6990000000000691, 16.084135646023334232, 3056.5189999999997781, 0, 3060.6990000000000691, 0, 3056.5189999999997781, 1, 3060.6990000000000691, 28.679711048066074852, 3056.5189999999997781, 1, 3060.6990000000000691, 26.121958371487146167, 3056.5189999999997781, 0
3060.7069999999998799, 21.918973715190595897, 3056.5230000000001382, 0, 3060.7069999999998799, 0, 3056.5230000000001382, 1, 3060.7069999999998799, 31.88198107016503613, 3056.5230000000001382, 1, 3060.7069999999998799, 21.269970221245657171, 3056.5230000000001382, 0
3060.7179999999998472, 47.810175611476005031, 3056.5279999999997926, 0, 3060.7179999999998472, 0, 3056.5279999999997926, 1, 3060.7179999999998472, 35.596109810163923726, 3056.5279999999997926, 1, 3060.7179999999998472, 25.324798869659382206, 3056.5279999999997926, 0
3060.7399999999997817, 77.215341062782329118, 3056.5329999999999018, 0, 3060.7399999999997817, 51.114204991432330871, 3056.5329999999999018, 1, 3060.7399999999997817, 39.616629174895926724, 3056.5329999999999018, 1, 3060.7399999999997817, 21.669272542541797577, 3056.5329999999999018, 0
3060.7460000000000946, 78.071223837066156648, 3056.5380000000000109, 0, 3060.7460000000000946, 55.755668824159734243, 3056.5380000000000109, 1, 3060.7460000000000946, 40.355519523015821903, 3056.5380000000000109, 1, 3060.7460000000000946, 19.95516688580245912, 3056.5380000000000109, 0
3060.7570000000000618, 47.910727839177098986, 3056.5430000000001201, 0, 3060.7570000000000618, 125.59382064196333317, 3056.5430000000001201, 1, 3060.7570000000000618, 141.65010665877952079, 3056.5430000000001201, 1, 3060.7570000000000618, 56.80948568593271375, 3056.5430000000001201, 0
3060.7669999999998254, 59.039553218240762078, 3056.5479999999997744, 0, 3060.7669999999998254, 0, 3056.5479999999997744, 1, 3060.7669999999998254, 18.177743485593126138, 3056.5479999999997744, 1, 3060.7669999999998254, 58.080846514450115592, 3056.5479999999997744, 0
3060.7770000000000437, 89.265980908383824044, 3056.5529999999998836, 0, 3060.7770000000000437, 0, 3056.5529999999998836, 1, 3060.7770000000000437, 0, 3056.5529999999998836, 1, 3060.7770000000000437, 64.556673113599629232, 3056.5529999999998836, 0
3060.7860000000000582, 105.60735258045995977, 3056.5579999999999927, 0, 3060.7860000000000582, 0, 3056.5579999999999927, 1, 3060.7860000000000582, 0, 3056.5579999999999927, 1, 3060.7860000000000582, 69.890894451609881344, 3056.5579999999999927, 0
3060.7970000000000255, 114.29466697446419232, 3056.5630000000001019, 0, 3060.7970000000000255, 0, 3056.5630000000001019, 1, 3060.7970000000000255, 0, 3056.5630000000001019, 1, 3060.7970000000000255, 72.79752363960685102, 3056.5630000000001019, 0
3060.806999999999789, 117.54781546230256595, 3056.56899999999996, 0, 3060.806999999999789, 0, 3056.56899999999996, 1, 3060.806999999999789, 0, 3056.56899999999996, 1, 3060.806999999999789, 74.710032431883462323, 3056.56899999999996, 0
3060.8159999999998035, 119.34110091977191814, 3056.5729999999998654, 0, 3060.8159999999998035, 0, 3056.5729999999998654, 1, 3060.8159999999998035, 0, 3056.5729999999998654, 1, 3060.8159999999998035, 76.566880430954839198, 3056.5729999999998654, 0
3060.8270000000002256, 119.59999135401707804, 3056.5779999999999745, 0, 3060.8270000000002256, 0, 3056.5779999999999745, 1, 3060.8270000000002256, 0, 3056.5779999999999745, 1, 3060.8270000000002256, 79.668470748919006041, 3056.5779999999999745, 0
3060.8359999999997854, 117.77325285991801707, 3056.5830000000000837, 0, 3060.8359999999997854, 0, 3056.5830000000000837, 1, 3060.8359999999997854, 0, 3056.5830000000000837, 1, 3060.8359999999997854, 81.749849121078938197, 3056.5830000000000837, 0
3060.8470000000002074, 116.84201580713963153, 3056.5889999999999418, 0, 3060.8470000000002074, 0, 3056.5889999999999418, 1, 3060.8470000000002074, 0, 3056.5889999999999418, 1, 3060.8470000000002074, 87.079856526730594624, 3056.5889999999999418, 0
3060.8569999999999709, 115.13283765209598641, 3056.5929999999998472, 0, 3060.8569999999999709, 0, 3056.5929999999998472, 1, 3060.8569999999999709, 0, 3056.5929999999998472, 1, 3060.8569999999999709, 89.809836228639198907, 3056.5929999999998472, 0
3060.8670000000001892, 112.84180195139798286, 3056.5970000000002074, 0, 3060.8670000000001892, 0, 3056.5970000000002074, 1, 3060.8670000000001892, 0, 3056.5970000000002074, 1, 3060.8670000000001892, 93.01915578771721016, 3056.5970000000002074, 0
3060.8769999999999527, 112.35858561360893759, 3056.6030000000000655, 0, 3060.8769999999999527, 0, 3056.6030000000000655, 1, 3060.8769999999999527, 0, 3056.6030000000000655, 1, 3060.8769999999999527, 98.327109371410671201, 3056.6030000000000655, 0
3060.887000000000171, 110.07384886284090442, 3056.6080000000001746, 0, 3060.887000000000171, 0, 3056.6080000000001746, 1, 3060.887000000000171, 0, 3056.6080000000001746, 1, 3060.887000000000171, 99.972969604775201447, 3056.6080000000001746, 0
3060.8969999999999345, 108.72904102364620371, 3056.612999999999829, 0, 3060.8969999999999345, 0, 3056.612999999999829, 1, 3060.8969999999999345, 0, 3056.612999999999829, 1, 3060.8969999999999345, 103.03064398676789892, 3056.612999999999829, 0
3060.9070000000001528, 107.32754711702662576, 3056.6170000000001892, 0, 3060.9070000000001528, 0, 3056.6170000000001892, 1, 3060.9070000000001528, 0, 3056.6170000000001892, 1, 3060.9070000000001528, 104.82387594823680388, 3056.6170000000001892, 0
3060.9169999999999163, 106.5058644378645738, 3056.6239999999997963, 0, 3060.9169999999999163, 0, 3056.6239999999997963, 1, 3060.9169999999999163, 0, 3056.6239999999997963, 1, 3060.9169999999999163, 103.48318075355531676, 3056.6239999999997963, 0
3060.9270000000001346, 105.04485193295010959, 3056.6280000000001564, 0, 3060.9270000000001346, 0, 3056.6280000000001564, 1, 3060.9270000000001346, 0, 3056.6280000000001564, 1, 3060.9270000000001346, 107.18048425040086613, 3056.6280000000001564, 0
3060.9369999999998981, 103.95150751886905027, 3056.6329999999998108, 0, 3060.9369999999998981, 0, 3056.6329999999998108, 1, 3060.9369999999998981, 0, 3056.6329999999998108, 1, 3060.9369999999998981, 109.83491219180500309, 3056.6329999999998108, 0
3060.9470000000001164, 102.14114362973712957, 3056.63799999999992, 0, 3060.9470000000001164, 0, 3056.63799999999992, 1, 3060.9470000000001164, 0, 3056.63799999999992, 1, 3060.9470000000001164, 113.7262553561150753, 3056.63799999999992, 0
3060.9580000000000837, 100.59005154317011943, 3056.6430000000000291, 0, 3060.9580000000000837, 0, 3056.6430000000000291, 1, 3060.9580000000000837, 0, 3056.6430000000000291, 1, 3060.9580000000000837, 115.44529253513786671, 3056.6430000000000291, 0
3060.9679999999998472, 99.072782783917062943, 3056.6480000000001382, 0, 3060.9679999999998472, 0, 3056.6480000000001382, 1, 3060.9679999999998472, 0, 3056.6480000000001382, 1, 3060.9679999999998472, 118.27007367583135533, 3056.6480000000001382, 0
3060.9890000000000327, 98.323869783225404717, 3056.6529999999997926, 0, 3060.9890000000000327, 0, 3056.6529999999997926, 1, 3060.9890000000000327, 0, 3056.6529999999997926, 1, 3060.9890000000000327, 114.87772628311826395, 3056.6529999999997926, 0
3060.9890000000000327, 86.665638651622188604, 3056.6610000000000582, 0, 3060.9890000000000327, 326.85636003005674866, 3056.6610000000000582, 1, 3060.9890000000000327, 0, 3056.6610000000000582, 1, 3060.9890000000000327, 114.00981754036126858, 3056.6610000000000582, 0
3060.9980000000000473, 20.301013734807135336, 3056.6640000000002146, 0, 3060.9980000000000473, 248.16726789573561973, 3056.6640000000002146, 1, 3060.9980000000000473, 224.00904670526665541, 3056.6640000000002146, 1, 3060.9980000000000473, 68.388314465441766288, 3056.6640000000002146, 0
3061.0079999999998108, 0, 3056.668999999999869, 0, 3061.0079999999998108, 52.665505008719350144, 3056.668999999999869, 1, 3061.0079999999998108, 71.389041019051575176, 3056.668999999999869, 1, 3061.0079999999998108, 25.339438768377327449, 3056.668999999999869, 0
3061.0169999999998254, 0, 3056.6729999999997744, 0, 3061.0169999999998254, 16.537005665659975762, 3056.6729999999997744, 1, 3061.0169999999998254, 36.241710107380022521, 3056.6729999999997744, 1, 3061.0169999999998254, 40.490021683720613055, 3056.6729999999997744, 0
3061.0279999999997926, 0, 3056.6790000000000873, 0, 3061.0279999999997926, 13.108283295423417414, 3056.6790000000000873, 1, 3061.0279999999997926, 21.708544699392916755, 3056.6790000000000873, 1, 3061.0279999999997926, 46.103476330000532357, 3056.6790000000000873, 0
3061.0380000000000109, 14.447438119079517804, 3056.6840000000001965, 0, 3061.0380000000000109, 32.098791729759540203, 3056.6840000000001965, 1, 3061.0380000000000109, 21.149734936273183905, 3056.6840000000001965, 1, 3061.0380000000000109, 49.058632655484373686, 3056.6840000000001965, 0
3061.0479999999997744, 50.315813190566274216, 3056.6889999999998508, 0, 3061.0479999999997744, 49.952895063594745295, 3056.6889999999998508, 1, 3061.0479999999997744, 23.312009902021333829, 3056.6889999999998508, 1, 3061.0479999999997744, 55.379652604423085904, 3056.6889999999998508, 0
3061.0670000000000073, 54.597962100692434717, 3056.6950000000001637, 0, 3061.0670000000000073, 54.010003762243442793, 3056.6950000000001637, 1, 3061.0670000000000073, 25.850088628963490578, 3056.6950000000001637, 1, 3061.0670000000000073, 55.829258448984781182, 3056.6950000000001637, 0
3061.0670000000000073, 55.046744816911676423, 3056.7010000000000218, 0, 3061.0670000000000073, 56.483333501373962804, 3056.7010000000000218, 1, 3061.0670000000000073, 27.145699439813419929, 3056.7010000000000218, 1, 3061.0670000000000073, 48.199689959170711973, 3056.7010000000000218, 0
3061.0770000000002256, 49.171743681799476633, 3056.7029999999999745, 0, 3061.0770000000002256, 61.477890090923821731, 3056.7029999999999745, 1, 3061.0770000000002256, 35.959965631222743809, 3056.7029999999999745, 1, 3061.0770000000002256, 37.386406772705107926, 3056.7029999999999745, 0
3061.0869999999999891, 0, 3056.7080000000000837, 0, 3061.0869999999999891, 73.697969251370793131, 3056.7080000000000837, 1, 3061.0869999999999891, 66.287408462049256741, 3056.7080000000000837, 1, 3061.0869999999999891, 0, 3056.7080000000000837, 0
3061.0979999999999563, 0, 3056.7130000000001928, 0, 3061.0979999999999563, 97.598708825291396352, 3056.7130000000001928, 1, 3061.0979999999999563, 79.624508657150173008, 3056.7130000000001928, 1, 3061.0979999999999563, 0, 3056.7130000000001928, 0
3061.1069999999999709, 0, 3056.7179999999998472, 0, 3061.1069999999999709, 112.298727298388755, 3056.7179999999998472, 1, 3061.1069999999999709, 79.768832514374508946, 3056.7179999999998472, 1, 3061.1069999999999709, 0, 3056.7179999999998472, 0
3061.1280000000001564, 0, 3056.7229999999999563, 0, 3061.1280000000001564, 122.64367248113532582, 3056.7229999999999563, 1, 3061.1280000000001564, 73.506257302166034151, 3056.7229999999999563, 1, 3061.1280000000001564, 0, 3056.7229999999999563, 0
3061.13799999999992, 0, 3056.7269999999998618, 0, 3061.13799999999992, 125.81487030368751334, 3056.7269999999998618, 1, 3061.13799999999992, 73.581476261831141983, 3056.7269999999998618, 1, 3061.13799999999992, 0, 3056.7269999999998618, 0
3061.1480000000001382, 0, 3056.7339999999999236, 0, 3061.1480000000001382, 127.33579833922544822, 3056.7339999999999236, 1, 3061.1480000000001382, 70.794783713278761184, 3056.7339999999999236, 1, 3061.1480000000001382, 0, 3056.7339999999999236, 0
3061.1579999999999018, 0, 3056.737999999999829, 0, 3061.1579999999999018, 127.82041846263093987, 3056.737999999999829, 1, 3061.1579999999999018, 71.504914067180266102, 3056.737999999999829, 1, 3061.1579999999999018, 0, 3056.737999999999829, 0
3061.1579999999999018, 0, 3056.7440000000001419, 0, 3061.1579999999999018, 124.64610611294713749, 3056.7440000000001419, 1, 3061.1579999999999018, 74.801162210099448657, 3056.7440000000001419, 1, 3061.1579999999999018, 0, 3056.7440000000001419, 0
3061.1779999999998836, 0, 3056.7489999999997963, 0, 3061.1779999999998836, 126.35275984758686718, 3056.7489999999997963, 1, 3061.1779999999998836, 74.915287445479066264, 3056.7489999999997963, 1, 3061.1779999999998836, 0, 3056.7489999999997963, 0
3061.1880000000001019, 0, 3056.7530000000001564, 0, 3061.1880000000001019, 121.95940373252342681, 3056.7530000000001564, 1, 3061.1880000000001019, 78.60367550387729807, 3056.7530000000001564, 1, 3061.1880000000001019, 0, 3056.7530000000001564, 0
3061.1880000000001019, 0, 3056.7579999999998108, 1, 3061.1880000000001019, 118.79816416369484955, 3056.7579999999998108, 1, 3061.1880000000001019, 88.008150485307993449, 3056.7579999999998108, 1, 3061.1880000000001019, 0, 3056.7579999999998108, 1
3061.1979999999998654, 0, 3056.76299999999992, 1, 3061.1979999999998654, 116.18594348409908434, 3056.76299999999992, 1, 3061.1979999999998654, 90.304039637767914428, 3056.76299999999992, 1, 3061.1979999999998654, 0, 3056.76299999999992, 1
3061.2170000000000982, 0, 3056.7689999999997781, 1, 3061.2170000000000982, 112.27739353537941724, 3056.7689999999997781, 1, 3061.2170000000000982, 92.387470211797023012, 3056.7689999999997781, 1, 3061.2170000000000982, 0, 3056.7689999999997781, 1
3061.2170000000000982, 0, 3056.7739999999998872, 1, 3061.2170000000000982, 107.64919558137953004, 3056.7739999999998872, 1, 3061.2170000000000982, 91.308839802897963978, 3056.7739999999998872, 1, 3061.2170000000000982, 0, 3056.7739999999998872, 1
3061.237999999999829, 0, 3056.7789999999999964, 1, 3061.237999999999829, 101.56285551681837376, 3056.7789999999999964, 1, 3061.237999999999829, 95.920041692604726791, 3056.7789999999999964, 1, 3061.237999999999829, 0, 3056.7789999999999964, 1
3061.237999999999829, 0, 3056.7829999999999018, 1, 3061.237999999999829, 102.34244838123785826, 3056.7829999999999018, 1, 3061.237999999999829, 97.274111219131256689, 3056.7829999999999018, 1, 3061.237999999999829, 0, 3056.7829999999999018, 1
3061.2579999999998108, 0, 3056.7910000000001673, 1, 3061.2579999999998108, 103.72343166942164316, 3056.7910000000001673, 1, 3061.2579999999998108, 101.03659738939602164, 3056.7910000000001673, 1, 3061.2579999999998108, 0, 3056.7910000000001673, 1
3061.2689999999997781, 0, 3056.7930000000001201, 1, 3061.2689999999997781, 108.49577862068920808, 3056.7930000000001201, 1, 3061.2689999999997781, 103.33409139510939667, 3056.7930000000001201, 1, 3061.2689999999997781, 0, 3056.7930000000001201, 1
3061.2699999999999818, 0, 3056.7989999999999782, 1, 3061.2699999999999818, 106.47505354745814543, 3056.7989999999999782, 1, 3061.2699999999999818, 105.84420590571474463, 3056.7989999999999782, 1, 3061.2699999999999818, 0, 3056.7989999999999782, 1
3061.2899999999999636, 0, 3056.8029999999998836, 1, 3061.2899999999999636, 101.99599272334411637, 3056.8029999999998836, 1, 3061.2899999999999636, 108.30959912098231257, 3056.8029999999998836, 1, 3061.2899999999999636, 0, 3056.8029999999998836, 1
3061.2989999999999782, 0, 3056.8110000000001492, 1, 3061.2989999999999782, 98.705059113008658755, 3056.8110000000001492, 1, 3061.2989999999999782, 108.89624547707467173, 3056.8110000000001492, 1, 3061.2989999999999782, 0, 3056.8110000000001492, 1
3061.3090000000001965, 314.06948967105950032, 3056.8130000000001019, 1, 3061.3090000000001965, 90.451467523292791384, 3056.8130000000001019, 1, 3061.3090000000001965, 110.01564684005222716, 3056.8130000000001019, 1, 3061.3090000000001965, 0, 3056.8130000000001019, 1
3061.31899999999996, 301.31320463220970396, 3056.81899999999996, 1, 3061.31899999999996, 31.787475331474830398, 3056.81899999999996, 1, 3061.31899999999996, 119.45455449361375599, 3056.81899999999996, 1, 3061.31899999999996, 0, 3056.81899999999996, 1
3061.31899999999996, 238.65511101497267532, 3056.8229999999998654, 1, 3061.31899999999996, 2.4063060192339196242, 3056.8229999999998654, 1, 3061.31899999999996, 116.88062062369171201, 3056.8229999999998654, 1, 3061.31899999999996, 0, 3056.8229999999998654, 1
3061.3290000000001783, 62.140720074813017959, 3056.8279999999999745, 1, 3061.3290000000001783, 0, 3056.8279999999999745, 1, 3061.3290000000001783, 79.225070165593507454, 3056.8279999999999745, 1, 3061.3290000000001783, 130.81239141526461367, 3056.8279999999999745, 1
3061.3380000000001928, 24.58112801449299667, 3056.8330000000000837, 1, 3061.3380000000001928, 0, 3056.8330000000000837, 0, 3061.3380000000001928, 31.03820685548128111, 3056.8330000000000837, 0, 3061.3380000000001928, 67.127365380601304423, 3056.8330000000000837, 1
3061.3490000000001601, 18.275685342568969816, 3056.8380000000001928, 1, 3061.3490000000001601, 0, 3056.8380000000001928, 0, 3061.3490000000001601, 25.724103433684465614, 3056.8380000000001928, 0, 3061.3490000000001601, 29.030804210003502419, 3056.8380000000001928, 1
3061.3690000000001419, 26.949286027779699282, 3056.8440000000000509, 1, 3061.3690000000001419, 0, 3056.8440000000000509, 0, 3061.3690000000001419, 30.472536984221598289, 3056.8440000000000509, 0, 3061.3690000000001419, 25.433145600018498556, 3056.8440000000000509, 1
3061.3690000000001419, 53.349542247194293054, 3056.8479999999999563, 1, 3061.3690000000001419, 67.066306265991173063, 3056.8479999999999563, 0, 3061.3690000000001419, 33.428428245580022349, 3056.8479999999999563, 0, 3061.3690000000001419, 27.796853323995321716, 3056.8479999999999563, 1
3061.3789999999999054, 71.122764270535810738, 3056.8530000000000655, 1, 3061.3789999999999054, 39.679603845021844677, 3056.8530000000000655, 0, 3061.3789999999999054, 38.323391943298261708, 3056.8530000000000655, 0, 3061.3789999999999054, 21.747408684112059518, 3056.8530000000000655, 1
3061.38799999999992, 75.876110154240990369, 3056.8580000000001746, 1, 3061.38799999999992, 52.13075500227007808, 3056.8580000000001746, 0, 3061.38799999999992, 39.200591075651907147, 3056.8580000000001746, 0, 3061.38799999999992, 19.723608860286173439, 3056.8580000000001746, 1
3061.3989999999998872, 58.22455216223231389, 3056.862999999999829, 1, 3061.3989999999998872, 111.91373169084977235, 3056.862999999999829, 0, 3061.3989999999998872, 143.19579931726480027, 3056.862999999999829, 0, 3061.3989999999998872, 35.820127455151890672, 3056.862999999999829, 1
3061.4090000000001055, 41.142975350651120436, 3056.8679999999999382, 1, 3061.4090000000001055, 20.135668236844558976, 3056.8679999999999382, 0, 3061.4090000000001055, 37.970994769739832009, 3056.8679999999999382, 0, 3061.4090000000001055, 37.4223433094274327, 3056.8679999999999382, 1
3061.4180000000001201, 72.16685338546230355, 3056.875, 1, 3061.4180000000001201, 0, 3056.875, 0, 3061.4180000000001201, 0, 3056.875, 0, 3061.4180000000001201, 57.301582371910022573, 3056.875, 1
3061.4290000000000873, 95.171275680641940653, 3056.8780000000001564, 1, 3061.4290000000000873, 0, 3056.8780000000001564, 0, 3061.4290000000000873, 0, 3056.8780000000001564, 0, 3061.4290000000000873, 67.143511140982738539, 3056.8780000000001564, 1
3061.4389999999998508, 108.07224366210205346, 3056.8829999999998108, 1, 3061.4389999999998508, 0, 3056.8829999999998108, 0, 3061.4389999999998508, 0, 3056.8829999999998108, 0, 3061.4389999999998508, 72.018859460775985326, 3056.8829999999998108, 1
3061.4490000000000691, 115.60729450438530819, 3056.88799999999992, 1, 3061.4490000000000691, 0, 3056.88799999999992, 0, 3061.4490000000000691, 0, 3056.88799999999992, 0, 3061.4490000000000691, 73.26588185041997292, 3056.88799999999992, 1
3061.4580000000000837, 118.80297316235362359, 3056.8939999999997781, 1, 3061.4580000000000837, 0, 3056.8939999999997781, 0, 3061.4580000000000837, 0, 3056.8939999999997781, 0, 3061.4580000000000837, 74.267057030336857792, 3056.8939999999997781, 1
3061.4679999999998472, 120.02202350628628835, 3056.8980000000001382, 1, 3061.4679999999998472, 0, 3056.8980000000001382, 0, 3061.4679999999998472, 0, 3056.8980000000001382, 0, 3061.4679999999998472, 76.440260644629944409, 3056.8980000000001382, 1
3061.4789999999998145, 120.49606885591683181, 3056.9029999999997926, 1, 3061.4789999999998145, 0, 3056.9029999999997926, 0, 3061.4789999999998145, 0, 3056.9029999999997926, 0, 3061.4789999999998145, 77.633497817976021338, 3056.9029999999997926, 1
3061.4890000000000327, 119.42202241247534289, 3056.9079999999999018, 1, 3061.4890000000000327, 0, 3056.9079999999999018, 0, 3061.4890000000000327, 0, 3056.9079999999999018, 0, 3061.4890000000000327, 81.143598729304429185, 3056.9079999999999018, 1
3061.4989999999997963, 117.61051721333701892, 3056.9130000000000109, 1, 3061.4989999999997963, 0, 3056.9130000000000109, 0, 3061.4989999999997963, 0, 3056.9130000000000109, 0, 3061.4989999999997963, 85.559756428730835864, 3056.9130000000000109, 1
3061.5090000000000146, 116.22561818442559911, 3056.9180000000001201, 1, 3061.5090000000000146, 0, 3056.9180000000001201, 0, 3061.5090000000000146, 0, 3056.9180000000001201, 0, 3061.5090000000000146, 88.744797247448673261, 3056.9180000000001201, 1
3061.5189999999997781, 113.96786008037656757, 3056.9239999999999782, 1, 3061.5189999999997781, 0, 3056.9239999999999782, 0, 3061.5189999999997781, 0, 3056.9239999999999782, 0, 3061.5189999999997781, 94.074736365068091004, 3056.9239999999999782, 1
3061.5289999999999964, 112.4096411881430555, 3056.9270000000001346, 1, 3061.5289999999999964, 0, 3056.9270000000001346, 0, 3061.5289999999999964, 0, 3056.9270000000001346, 0, 3061.5289999999999964, 97.190182883060089125, 3056.9270000000001346, 1
3061.5390000000002146, 110.75504023639348361, 3056.9340000000001965, 1, 3061.5390000000002146, 0, 3056.9340000000001965, 0, 3061.5390000000002146, 0, 3056.9340000000001965, 0, 3061.5390000000002146, 99.846512191587834195, 3056.9340000000001965, 1
3061.5489999999999782, 109.46092704394246198, 3056.9380000000001019, 1, 3061.5489999999999782, 0, 3056.9380000000001019, 0, 3061.5489999999999782, 0, 3056.9380000000001019, 0, 3061.5489999999999782, 101.12282487495227201, 3056.9380000000001019, 1
3061.5590000000001965, 106.92599955804992362, 3056.94399999999996, 1, 3061.5590000000001965, 0, 3056.94399999999996, 0, 3061.5590000000001965, 0, 3056.94399999999996, 0, 3061.5590000000001965, 100.01539335289055543, 3056.94399999999996, 1
3061.56899999999996, 106.05020494748092119, 3056.9490000000000691, 1, 3061.56899999999996, 0, 3056.9490000000000691, 0, 3061.56899999999996, 0, 3056.9490000000000691, 0, 3061.56899999999996, 101.0650676117278266, 3056.9490000000000691, 1
3061.5889999999999418, 104.71253291541844987, 3056.9529999999999745, 1, 3061.5889999999999418, 0, 3056.9529999999999745, 0, 3061.5889999999999418, 0, 3056.9529999999999745, 0, 3061.5889999999999418, 104.19696194298177261, 3056.9529999999999745, 1
3061.5889999999999418, 104.12280972869800166, 3056.9580000000000837, 1, 3061.5889999999999418, 0, 3056.9580000000000837, 0, 3061.5889999999999418, 0, 3056.9580000000000837, 0, 3061.5889999999999418, 107.38549185236115591, 3056.9580000000000837, 1
3061.5999999999999091, 102.39112305182867146, 3056.9630000000001928, 1, 3061.5999999999999091, 0, 3056.9630000000001928, 0, 3061.5999999999999091, 0, 3056.9630000000001928, 0, 3061.5999999999999091, 110.76507250831981821, 3056.9630000000001928, 1
3061.6089999999999236, 100.86372093938499006, 3056.9679999999998472, 1, 3061.6089999999999236, 0, 3056.9679999999998472, 0, 3061.6089999999999236, 0, 3056.9679999999998472, 0, 3061.6089999999999236, 116.98551923816974352, 3056.9679999999998472, 1
3061.6199999999998909, 99.115920034095893243, 3056.9729999999999563, 1, 3061.6199999999998909, 0, 3056.9729999999999563, 0, 3061.6199999999998909, 0, 3056.9729999999999563, 0, 3061.6199999999998909, 116.95064676268921744, 3056.9729999999999563, 1
3061.6300000000001091, 98.464074573351012987, 3056.9780000000000655, 1, 3061.6300000000001091, 0, 3056.9780000000000655, 0, 3061.6300000000001091, 0, 3056.9780000000000655, 0, 3061.6300000000001091, 115.96734690559021885, 3056.9780000000000655, 1
3061.6399999999998727, 64.905803797209500772, 3056.9819999999999709, 1, 3061.6399999999998727, 315.25720947246020387, 3056.9819999999999709, 0, 3061.6399999999998727, 0, 3056.9819999999999709, 0, 3061.6399999999998727, 114.72304529303841036, 3056.9819999999999709, 1
3061.6509999999998399, 11.561134118408396887, 3056.987999999999829, 1, 3061.6509999999998399, 201.353369722711534, 3056.987999999999829, 0, 3061.6509999999998399, 205.21735525072014639, 3056.987999999999829, 0, 3061.6509999999998399, 63.17035014255329628, 3056.987999999999829, 1
3061.6599999999998545, 0, 3056.9929999999999382, 1, 3061.6599999999998545, 39.846318893158162666, 3056.9929999999999382, 0, 3061.6599999999998545, 68.289882393894842494, 3056.9929999999999382, 0, 3061.6599999999998545, 35.098947390517153622, 3056.9929999999999382, 1
3061.668999999999869, 0, 3056.9980000000000473, 1, 3061.668999999999869, 8.0175675558953862776, 3056.9980000000000473, 0, 3061.668999999999869, 22.956151823066896611, 3056.9980000000000473, 0, 3061.668999999999869, 39.454755874690093265, 3056.9980000000000473, 1
3061.6799999999998363, 0, 3057.0030000000001564, 1, 3061.6799999999998363, 13.33705165858737729, 3057.0030000000001564, 0, 3061.6799999999998363, 16.776806663738376812, 3057.0030000000001564, 0, 3061.6799999999998363, 44.207699173924808633, 3057.0030000000001564, 1
3061.6900000000000546, 0, 3057.0090000000000146, 1, 3061.6900000000000546, 36.79261282683800971, 3057.0090000000000146, 0, 3061.6900000000000546, 20.004076627818360379, 3057.0090000000000146, 0, 3061.6900000000000546, 48.202533054439811622, 3057.0090000000000146, 1
3061.6990000000000691, 52.671332205454646669, 3057.01299999999992, 1, 3061.6990000000000691, 58.606416500029737904, 3057.01299999999992, 0, 3061.6990000000000691, 26.318279998513439466, 3057.01299999999992, 0, 3061.6990000000000691, 50.728087593268085698, 3057.01299999999992, 1
3061.7089999999998327, 64.670931653828489516, 3057.0189999999997781, 1, 3061.7089999999998327, 60.589427175766971345, 3057.0189999999997781, 0, 3061.7089999999998327, 27.778086009119043354, 3057.0189999999997781, 0, 3061.7089999999998327, 57.354673293648630761, 3057.0189999999997781, 1
3061.7190000000000509, 57.886329652770932341, 3057.0230000000001382, 1, 3061.7190000000000509, 58.798261404827727006, 3057.0230000000001382, 0, 3061.7190000000000509, 27.76067570224819292, 3057.0230000000001382, 0, 3061.7190000000000509, 46.871060493020380022, 3057.0230000000001382, 1
3061.7300000000000182, 50.31062910559312229, 3057.0279999999997926, 1, 3061.7300000000000182, 61.130700906822937668, 3057.0279999999997926, 0, 3061.7300000000000182, 38.93432625143907444, 3057.0279999999997926, 0, 3061.7300000000000182, 37.568747787136466343, 3057.0279999999997926, 1
3061.75, 0, 3057.0320000000001528, 1, 3061.75, 75.474057169290503566, 3057.0320000000001528, 0, 3061.75, 69.703240233898355882, 3057.0320000000001528, 0, 3061.75, 0, 3057.0320000000001528, 1
3061.75, 0, 3057.0380000000000109, 1, 3061.75, 98.903769382282916922, 3057.0380000000000109, 0, 3061.75, 77.258101301629920954, 3057.0380000000000109, 0, 3061.75, 0, 3057.0380000000000109, 1
3061.7600000000002183, 0, 3057.043999999999869, 1, 3061.7600000000002183, 113.40212268259759298, 3057.043999999999869, 0, 3061.7600000000002183, 77.643718733350482353, 3057.043999999999869, 0, 3061.7600000000002183, 0, 3057.043999999999869, 1
3061.7800000000002001, 0, 3057.0470000000000255, 1, 3061.7800000000002001, 120.54926053915868067, 3057.0470000000000255, 0, 3061.7800000000002001, 75.232090093143852982, 3057.0470000000000255, 0, 3061.7800000000002001, 0, 3057.0470000000000255, 1
3061.7800000000002001, 0, 3057.0540000000000873, 1, 3061.7800000000002001, 124.98319197299389316, 3057.0540000000000873, 0, 3061.7800000000002001, 71.627958204778053641, 3057.0540000000000873, 0, 3061.7800000000002001, 0, 3057.0540000000000873, 1
3061.8000000000001819, 0, 3057.0579999999999927, 1, 3061.8000000000001819, 126.17817569321921667, 3057.0579999999999927, 0, 3061.8000000000001819, 69.651402365662377747, 3057.0579999999999927, 0, 3061.8000000000001819, 0, 3057.0579999999999927, 1
3061.8099999999999454, 0, 3057.0630000000001019, 1, 3061.8099999999999454, 125.23429427630370014, 3057.0630000000001019, 0, 3061.8099999999999454, 74.254983144564931763, 3057.0630000000001019, 0, 3061.8099999999999454, 0, 3057.0630000000001019, 1
3061.81899999999996, 0, 3057.06899999999996, 1, 3061.81899999999996, 125.86402269809678955, 3057.06899999999996, 0, 3061.81899999999996, 73.095221689949624988, 3057.06899999999996, 0, 3061.81899999999996, 0, 3057.06899999999996, 1
3061.8200000000001637, 0, 3057.0740000000000691, 1, 3061.8200000000001637, 123.33703716725040067, 3057.0740000000000691, 0, 3061.8200000000001637, 77.196112656611077796, 3057.0740000000000691, 0, 3061.8200000000001637, 0, 3057.0740000000000691, 1
3061.8290000000001783, 0, 3057.0779999999999745, 1, 3061.8290000000001783, 120.15847579779126875, 3057.0779999999999745, 0, 3061.8290000000001783, 81.434258450549208419, 3057.0779999999999745, 0, 3061.8290000000001783, 0, 3057.0779999999999745, 1
3061.8400000000001455, 0, 3057.0839999999998327, 1, 3061.8400000000001455, 117.56175217673265365, 3057.0839999999998327, 1, 3061.8400000000001455, 87.045880719171790929, 3057.0839999999998327, 1, 3061.8400000000001455, 0, 3057.0839999999998327, 1
3061.8490000000001601, 0, 3057.0880000000001928, 1, 3061.8490000000001601, 115.93323827593440001, 3057.0880000000001928, 1, 3061.8490000000001601, 89.896600166735453286, 3057.0880000000001928, 1, 3061.8490000000001601, 0, 3057.0880000000001928, 1
3061.8589999999999236, 0, 3057.0929999999998472, 1, 3061.8589999999999236, 112.36863448311135016, 3057.0929999999998472, 1, 3061.8589999999999236, 94.259243726230664606, 3057.0929999999998472, 1, 3061.8589999999999236, 0, 3057.0929999999998472, 1
3061.8690000000001419, 0, 3057.0979999999999563, 1, 3061.8690000000001419, 107.10050522575173204, 3057.0979999999999563, 1, 3061.8690000000001419, 95.365267034339268548, 3057.0979999999999563, 1, 3061.8690000000001419, 0, 3057.0979999999999563, 1
3061.8800000000001091, 0, 3057.1030000000000655, 1, 3061.8800000000001091, 101.91544572636431099, 3057.1030000000000655, 1, 3061.8800000000001091, 98.474407520201637567, 3057.1030000000000655, 1, 3061.8800000000001091, 0, 3057.1030000000000655, 1
3061.8890000000001237, 0, 3057.1089999999999236, 1, 3061.8890000000001237, 100.57172370425448094, 3057.1089999999999236, 1, 3061.8890000000001237, 98.632204261946327506, 3057.1089999999999236, 1, 3061.8890000000001237, 0, 3057.1089999999999236, 1
3061.9000000000000909, 0, 3057.112999999999829, 1, 3061.9000000000000909, 105.01515788001069041, 3057.112999999999829, 1, 3061.9000000000000909, 101.63225906170205803, 3057.112999999999829, 1, 3061.9000000000000909, 0, 3057.112999999999829, 1
3061.9200000000000728, 0, 3057.1190000000001419, 1, 3061.9200000000000728, 108.18718627228268758, 3057.1190000000001419, 1, 3061.9200000000000728, 104.9962135209945302, 3057.1190000000001419, 1, 3061.9200000000000728, 0, 3057.1190000000001419, 1
3061.9200000000000728, 0, 3057.1230000000000473, 1, 3061.9200000000000728, 105.55750777042527488, 3057.1230000000000473, 1, 3061.9200000000000728, 108.18270592872511315, 3057.1230000000000473, 1, 3061.9200000000000728, 0, 3057.1230000000000473, 1
3061.9400000000000546, 0, 3057.1280000000001564, 1, 3061.9400000000000546, 102.66595475198683118, 3057.1280000000001564, 1, 3061.9400000000000546, 112.5071129832990664, 3057.1280000000001564, 1, 3061.9400000000000546, 0, 3057.1280000000001564, 1
3061.9400000000000546, 0, 3057.1329999999998108, 1, 3061.9400000000000546, 99.320925335496340836, 3057.1329999999998108, 1, 3061.9400000000000546, 113.16856177304755704, 3057.1329999999998108, 1, 3061.9400000000000546, 0, 3057.1329999999998108, 1
3061.9490000000000691, 305.17069974052333237, 3057.13799999999992, 1, 3061.9490000000000691, 94.873284682162108084, 3057.13799999999992, 1, 3061.9490000000000691, 111.91734995701641253, 3057.13799999999992, 1, 3061.9490000000000691, 0, 3057.13799999999992, 1
3061.9589999999998327, 298.32451589375563117, 3057.1439999999997781, 1, 3061.9589999999998327, 37.322793588711682844, 3057.1439999999997781, 1, 3061.9589999999998327, 120.56802080717511672, 3057.1439999999997781, 1, 3061.9589999999998327, 0, 3057.1439999999997781, 1
3061.9699999999997999, 240.68449720923990753, 3057.1480000000001382, 1, 3061.9699999999997999, 4.6423477891814632912, 3057.1480000000001382, 1, 3061.9699999999997999, 115.56182786268234963, 3057.1480000000001382, 1, 3061.9699999999997999, 0, 3057.1480000000001382, 1
3061.9789999999998145, 74.323711206510921556, 3057.1529999999997926, 1, 3061.9789999999998145, 0, 3057.1529999999997926, 1, 3061.9789999999998145, 71.277147825320753327, 3057.1529999999997926, 1, 3061.9789999999998145, 121.65475778468449164, 3057.1529999999997926, 1
3061.9899999999997817, 30.482258686076988852, 3057.1579999999999018, 0, 3061.9899999999997817, 0, 3057.1579999999999018, 1, 3061.9899999999997817, 26.57618533335006461, 3057.1579999999999018, 1, 3061.9899999999997817, 50.893799284239527481, 3057.1579999999999018, 0
3062, 23.349095181373208163, 3057.1630000000000109, 0, 3062, 0, 3057.1630000000000109, 1, 3062, 27.223618482399615459, 3057.1630000000000109, 1, 3062, 27.375670233994458869, 3057.1630000000000109, 0
3062.0109999999999673, 36.189796035070955327, 3057.1680000000001201, 0, 3062.0109999999999673, 0, 3057.1680000000001201, 1, 3062.0109999999999673, 31.453208548908925479, 3057.1680000000001201, 1, 3062.0109999999999673, 23.46470686772568115, 3057.1680000000001201, 0
3062.0230000000001382, 59.300883753913268492, 3057.1739999999999782, 0, 3062.0230000000001382, 0, 3057.1739999999999782, 1, 3062.0230000000001382, 36.027384701427870084, 3057.1739999999999782, 1, 3062.0230000000001382, 25.476308274544756216, 3057.1739999999999782, 0
3062.0309999999999491, 75.329891156576536559, 3057.1790000000000873, 0, 3062.0309999999999491, 65.012256434330652155, 3057.1790000000000873, 1, 3062.0309999999999491, 38.849668169895373637, 3057.1790000000000873, 1, 3062.0309999999999491, 23.839963793418057492, 3057.1790000000000873, 0
3062.0419999999999163, 77.892811126124541943, 3057.1829999999999927, 0, 3062.0419999999999163, 54.16871729884547193, 3057.1829999999999927, 1, 3062.0419999999999163, 39.424365865478108617, 3057.1829999999999927, 1, 3062.0419999999999163, 18.294239404244496683, 3057.1829999999999927, 0
3062.0500000000001819, 58.272315897998495871, 3057.1880000000001019, 0, 3062.0500000000001819, 111.28507954362278554, 3057.1880000000001019, 1, 3062.0500000000001819, 147.38503363254574197, 3057.1880000000001019, 1, 3062.0500000000001819, 37.016104697261880574, 3057.1880000000001019, 0
3062.0599999999999454, 45.616510911559473129, 3057.193000000000211, 0, 3062.0599999999999454, 14.599922578705031739, 3057.193000000000211, 1, 3062.0599999999999454, 31.028106758427085765, 3057.193000000000211, 1, 3062.0599999999999454, 41.35328682788332344, 3057.193000000000211, 0
3062.0790000000001783, 73.982174814247798622, 3057.1979999999998654, 0, 3062.0790000000001783, 0, 3057.1979999999998654, 1, 3062.0790000000001783, 0, 3057.1979999999998654, 1, 3062.0790000000001783, 59.271634480487890073, 3057.1979999999998654, 0
3062.0799999999999272, 95.219231314714079417, 3057.2029999999999745, 0, 3062.0799999999999272, 0, 3057.2029999999999745, 1, 3062.0799999999999272, 0, 3057.2029999999999745, 1, 3062.0799999999999272, 64.552553954358998567, 3057.2029999999999745, 0
3062.0999999999999091, 109.64430368573391661, 3057.2080000000000837, 0, 3062.0999999999999091, 0, 3057.2080000000000837, 1, 3062.0999999999999091, 0, 3057.2080000000000837, 1, 3062.0999999999999091, 73.146429293531440408, 3057.2080000000000837, 0
3062.0999999999999091, 116.80409452434344075, 3057.2130000000001928, 0, 3062.0999999999999091, 0, 3057.2130000000001928, 1, 3062.0999999999999091, 0, 3057.2130000000001928, 1, 3062.0999999999999091, 71.726255853275816321, 3057.2130000000001928, 0
3062.1109999999998763, 120.46200633802523328, 3057.2179999999998472, 0, 3062.1109999999998763, 0, 3057.2179999999998472, 1, 3062.1109999999998763, 0, 3057.2179999999998472, 1, 3062.1109999999998763, 72.993653270624804463, 3057.2179999999998472, 0
3062.1190000000001419, 120.61625442851106982, 3057.2229999999999563, 0, 3062.1190000000001419, 0, 3057.2229999999999563, 1, 3062.1190000000001419, 0, 3057.2229999999999563, 1, 3062.1190000000001419, 75.688872463682898228, 3057.2229999999999563, 0
3062.1289999999999054, 120.98689388631530051, 3057.2280000000000655, 0, 3062.1289999999999054, 0, 3057.2280000000000655, 1, 3062.1289999999999054, 0, 3057.2280000000000655, 1, 3062.1289999999999054, 76.970660836386699089, 3057.2280000000000655, 0
3062.1509999999998399, 119.22873109807173364, 3057.2330000000001746, 0, 3062.1509999999998399, 0, 3057.2330000000001746, 1, 3062.1509999999998399, 0, 3057.2330000000001746, 1, 3062.1509999999998399, 81.357820616295526861, 3057.2330000000001746, 0
3062.1509999999998399, 117.55332823983860635, 3057.237999999999829, 0, 3062.1509999999998399, 0, 3057.237999999999829, 1, 3062.1509999999998399, 0, 3057.237999999999829, 1, 3062.1509999999998399, 85.676862474267466041, 3057.237999999999829, 0
3062.1599999999998545, 115.58039666280753011, 3057.2440000000001419, 0, 3062.1599999999998545, 0, 3057.2440000000001419, 1, 3062.1599999999998545, 0, 3057.2440000000001419, 1, 3062.1599999999998545, 90.37571251002458439, 3057.2440000000001419, 0
3062.1700000000000728, 114.06543863338070821, 3057.2489999999997963, 0, 3062.1700000000000728, 0, 3057.2489999999997963, 1, 3062.1700000000000728, 0, 3057.2489999999997963, 1, 3062.1700000000000728, 93.577125666776794333, 3057.2489999999997963, 0
3062.1790000000000873, 112.02779268959083936, 3057.2559999999998581, 0, 3062.1790000000000873, 0, 3057.2559999999998581, 1, 3062.1790000000000873, 0, 3057.2559999999998581, 1, 3062.1790000000000873, 97.321171078148353217, 3057.2559999999998581, 0
3062.1999999999998181, 109.55513065929906702, 3057.2590000000000146, 0, 3062.1999999999998181, 0, 3057.2590000000000146, 1, 3062.1999999999998181, 0, 3057.2590000000000146, 1, 3062.1999999999998181, 99.311512443250421711, 3057.2590000000000146, 0
3062.1999999999998181, 105.71740638078236429, 3057.2640000000001237, 0, 3062.1999999999998181, 0, 3057.2640000000001237, 1, 3062.1999999999998181, 0, 3057.2640000000001237, 1, 3062.1999999999998181, 100.40437273889594394, 3057.2640000000001237, 0
3062.2100000000000364, 105.23116345012607553, 3057.2689999999997781, 0, 3062.2100000000000364, 0, 3057.2689999999997781, 1, 3062.2100000000000364, 0, 3057.2689999999997781, 1, 3062.2100000000000364, 103.28335101096379844, 3057.2689999999997781, 0
3062.2190000000000509, 105.11711048149342673, 3057.2730000000001382, 0, 3062.2190000000000509, 0, 3057.2730000000001382, 1, 3062.2190000000000509, 0, 3057.2730000000001382, 1, 3062.2190000000000509, 105.20161715634534971, 3057.2730000000001382, 0
3062.2280000000000655, 108.10803012843770432, 3057.2779999999997926, 0, 3062.2280000000000655, 0, 3057.2779999999997926, 1, 3062.2280000000000655, 0, 3057.2779999999997926, 1, 3062.2280000000000655, 107.5895213443741909, 3057.2779999999997926, 0
3062.2399999999997817, 106.46478955476027295, 3057.2849999999998545, 0, 3062.2399999999997817, 0, 3057.2849999999998545, 1, 3062.2399999999997817, 0, 3057.2849999999998545, 1, 3062.2399999999997817, 110.66779594689123201, 3057.2849999999998545, 0
3062.25, 104.17913683653853241, 3057.2890000000002146, 0, 3062.25, 0, 3057.2890000000002146, 1, 3062.25, 0, 3057.2890000000002146, 1, 3062.25, 113.37947960757699661, 3057.2890000000002146, 0
3062.2600000000002183, 101.58033698905495612, 3057.3040000000000873, 0, 3062.2600000000002183, 0, 3057.3040000000000873, 1, 3062.2600000000002183, 0, 3057.3040000000000873, 1, 3062.2600000000002183, 115.48682536044233871, 3057.3040000000000873, 0
3062.2699999999999818, 99.699579152928023973, 3057.3049999999998363, 0, 3062.2699999999999818, 0, 3057.3049999999998363, 1, 3062.2699999999999818, 0, 3057.3049999999998363, 1, 3062.2699999999999818, 116.51122549526253636, 3057.3049999999998363, 0
3062.2800000000002001, 99.204681950119393719, 3057.3099999999999454, 0, 3062.2800000000002001, 0, 3057.3099999999999454, 1, 3062.2800000000002001, 0, 3057.3099999999999454, 1, 3062.2800000000002001, 114.19289757202142255, 3057.3099999999999454, 0
3062.2899999999999636, 64.512876430461162158, 3057.3150000000000546, 0, 3062.2899999999999636, 331.89495679206038403, 3057.3150000000000546, 1, 3062.2899999999999636, 0, 3057.3150000000000546, 1, 3062.2899999999999636, 115.07674310153555552, 3057.3150000000000546, 0
3062.3000000000001819, 12.519525550761951393, 3057.31899999999996, 0, 3062.3000000000001819, 197.22700977515225418, 3057.31899999999996, 1, 3062.3000000000001819, 196.09178519401027074, 3057.31899999999996, 1, 3062.3000000000001819, 60.077138769273098262, 3057.31899999999996, 0
3062.3099999999999454, 0, 3057.3270000000002256, 0, 3062.3099999999999454, 39.566065268361761298, 3057.3270000000002256, 1, 3062.3099999999999454, 59.759149169821498049, 3057.3270000000002256, 1, 3062.3099999999999454, 35.364302737383098929, 3057.3270000000002256, 0
3062.3209999999999127, 0, 3057.3299999999999272, 0, 3062.3209999999999127, 11.97957202201784277, 3057.3299999999999272, 1, 3062.3209999999999127, 28.940067106172964628, 3057.3299999999999272, 1, 3062.3209999999999127, 42.546436138665271187, 3057.3299999999999272, 0
3062.3409999999998945, 0, 3057.3350000000000364, 0, 3062.3409999999998945, 14.225844309472261529, 3057.3350000000000364, 1, 3062.3409999999998945, 20.704197651850201112, 3057.3350000000000364, 1, 3062.3409999999998945, 45.512535689911210568, 3057.3350000000000364, 0
3062.3409999999998945, 0, 3057.3400000000001455, 0, 3062.3409999999998945, 34.859832202617965891, 3057.3400000000001455, 1, 3062.3409999999998945, 22.148756808792541051, 3057.3400000000001455, 1, 3062.3409999999998945, 48.515091280773290805, 3057.3400000000001455, 0
3062.3499999999999091, 65.991702826506582369, 3057.3449999999997999, 0, 3062.3499999999999091, 51.890478872775886998, 3057.3449999999997999, 1, 3062.3499999999999091, 24.81757298309210924, 3057.3449999999997999, 1, 3062.3499999999999091, 54.246390626802863721, 3057.3449999999997999, 0
3062.3600000000001273, 54.936162851845985244, 3057.3499999999999091, 0, 3062.3600000000001273, 54.738820914877194923, 3057.3499999999999091, 1, 3062.3600000000001273, 25.575236389254907721, 3057.3499999999999091, 1, 3062.3600000000001273, 55.615832165194433401, 3057.3499999999999091, 0
3062.3699999999998909, 52.913536877447256757, 3057.3550000000000182, 0, 3062.3699999999998909, 57.305537694524460335, 3057.3550000000000182, 1, 3062.3699999999998909, 26.826860687566885133, 3057.3550000000000182, 1, 3062.3699999999998909, 46.447089121000445289, 3057.3550000000000182, 0
3062.3789999999999054, 50.680594589114718929, 3057.3589999999999236, 0, 3062.3789999999999054, 61.265911346928909609, 3057.3589999999999236, 1, 3062.3789999999999054, 37.115562287049023382, 3057.3589999999999236, 1, 3062.3789999999999054, 38.841938909139372527, 3057.3589999999999236, 0
3062.4000000000000909, 0, 3057.3649999999997817, 0, 3062.4000000000000909, 72.718433605095299299, 3057.3649999999997817, 1, 3062.4000000000000909, 65.138961875435427373, 3057.3649999999997817, 1, 3062.4000000000000909, 0, 3057.3649999999997817, 0
3062.4099999999998545, 0, 3057.3699999999998909, 0, 3062.4099999999998545, 98.568445450515199013, 3057.3699999999998909, 1, 3062.4099999999998545, 80.969489683995107043, 3057.3699999999998909, 1, 3062.4099999999998545, 0, 3057.3699999999998909, 0
3062.4229999999997744, 0, 3057.375, 0, 3062.4229999999997744, 113.10658506795630274, 3057.375, 1, 3062.4229999999997744, 79.258798953134174781, 3057.375, 1, 3062.4229999999997744, 0, 3057.375, 0
3062.4229999999997744, 0, 3057.3800000000001091, 0, 3062.4229999999997744, 120.82170161789289864, 3057.3800000000001091, 1, 3062.4229999999997744, 73.894454619560463016, 3057.3800000000001091, 1, 3062.4229999999997744, 0, 3057.3800000000001091, 0
3062.4400000000000546, 0, 3057.3859999999999673, 0, 3062.4400000000000546, 127.96332673302985938, 3057.3859999999999673, 1, 3062.4400000000000546, 71.642785496394850497, 3057.3859999999999673, 1, 3062.4400000000000546, 0, 3057.3859999999999673, 0
3062.4400000000000546, 0, 3057.3899999999998727, 0, 3062.4400000000000546, 126.5962481286509842, 3057.3899999999998727, 1, 3062.4400000000000546, 70.443885876449598982, 3057.3899999999998727, 1, 3062.4400000000000546, 0, 3057.3899999999998727, 0
3062.4499999999998181, 0, 3057.3949999999999818, 0, 3062.4499999999998181, 126.22111200653878882, 3057.3949999999999818, 1, 3062.4499999999998181, 72.141545778403013855, 3057.3949999999999818, 1, 3062.4499999999998181, 0, 3057.3949999999999818, 0
3062.4699999999997999, 0, 3057.4000000000000909, 0, 3062.4699999999997999, 124.21150713907628926, 3057.4000000000000909, 1, 3062.4699999999997999, 75.513776996705502143, 3057.4000000000000909, 1, 3062.4699999999997999, 0, 3057.4000000000000909, 0
3062.4800000000000182, 0, 3057.4050000000002001, 0, 3062.4800000000000182, 122.71456183471255486, 3057.4050000000002001, 1, 3062.4800000000000182, 78.794008063848806955, 3057.4050000000002001, 1, 3062.4800000000000182, 0, 3057.4050000000002001, 0
3062.4800000000000182, 0, 3057.4099999999998545, 1, 3062.4800000000000182, 119.74040187754118847, 3057.4099999999998545, 1, 3062.4800000000000182, 84.065328569538010584, 3057.4099999999998545, 1, 3062.4800000000000182, 0, 3057.4099999999998545, 1
3062.4909999999999854, 0, 3057.4140000000002146, 1, 3062.4909999999999854, 117.15018082956626699, 3057.4140000000002146, 1, 3062.4909999999999854, 87.639107920019270637, 3057.4140000000002146, 1, 3062.4909999999999854, 0, 3057.4140000000002146, 1
3062.5100000000002183, 0, 3057.4209999999998217, 1, 3062.5100000000002183, 114.9453954438602068, 3057.4209999999998217, 1, 3062.5100000000002183, 89.674747297387739309, 3057.4209999999998217, 1, 3062.5100000000002183, 0, 3057.4209999999998217, 1
3062.5100000000002183, 0, 3057.4259999999999309, 1, 3062.5100000000002183, 112.83999161915579634, 3057.4259999999999309, 1, 3062.5100000000002183, 92.582297084379518992, 3057.4259999999999309, 1, 3062.5100000000002183, 0, 3057.4259999999999309, 1
3062.5210000000001855, 0, 3057.4299999999998363, 1, 3062.5210000000001855, 110.86854331784013539, 3057.4299999999998363, 1, 3062.5210000000001855, 94.917712691946249493, 3057.4299999999998363, 1, 3062.5210000000001855, 0, 3057.4299999999998363, 1
3062.5300000000002001, 0, 3057.4360000000001492, 1, 3062.5300000000002001, 108.95004876650689596, 3057.4360000000001492, 1, 3062.5300000000002001, 97.130823332335751275, 3057.4360000000001492, 1, 3062.5300000000002001, 0, 3057.4360000000001492, 1
3062.5399999999999636, 0, 3057.4400000000000546, 1, 3062.5399999999999636, 107.18797968426878242, 3057.4400000000000546, 1, 3062.5399999999999636, 98.864768318406618164, 3057.4400000000000546, 1, 3062.5399999999999636, 0, 3057.4400000000000546, 1
3062.5500000000001819, 0, 3057.4479999999998654, 1, 3062.5500000000001819, 105.42132805732899214, 3057.4479999999998654, 1, 3062.5500000000001819, 102.61164718025989373, 3057.4479999999998654, 1, 3062.5500000000001819, 0, 3057.4479999999998654, 1
3062.5599999999999454, 0, 3057.4499999999998181, 1, 3062.5599999999999454, 103.68403852303067936, 3057.4499999999998181, 1, 3062.5599999999999454, 105.27476556899716797, 3057.4499999999998181, 1, 3062.5599999999999454, 0, 3057.4499999999998181, 1
3062.5720000000001164, 0, 3057.4549999999999272, 1, 3062.5720000000001164, 101.70195282333955333, 3057.4549999999999272, 1, 3062.5720000000001164, 109.10324024936807064, 3057.4549999999999272, 1, 3062.5720000000001164, 0, 3057.4549999999999272, 1
3062.5799999999999272, 0, 3057.4600000000000364, 1, 3062.5799999999999272, 99.567445055402060916, 3057.4600000000000364, 1, 3062.5799999999999272, 112.57136876632321787, 3057.4600000000000364, 1, 3062.5799999999999272, 0, 3057.4600000000000364, 1
3062.5999999999999091, 0, 3057.4650000000001455, 1, 3062.5999999999999091, 97.003613342531082253, 3057.4650000000001455, 1, 3062.5999999999999091, 114.41537313669215337, 3057.4650000000001455, 1, 3062.5999999999999091, 0, 3057.4650000000001455, 1
3062.5999999999999091, 309.17971607224484387, 3057.4699999999997999, 1, 3062.5999999999999091, 89.965038511789529707, 3057.4699999999997999, 1, 3062.5999999999999091, 113.59685024567403389, 3057.4699999999997999, 1, 3062.5999999999999091, 0, 3057.4699999999997999, 1
3062.6109999999998763, 298.26921120833060286, 3057.4749999999999091, 1, 3062.6109999999998763, 30.978170417350664678, 3057.4749999999999091, 1, 3062.6109999999998763, 119.63686788483724399, 3057.4749999999999091, 1, 3062.6109999999998763, 0, 3057.4749999999999091, 1
3062.6300000000001091, 223.24537961699837751, 3057.4800000000000182, 1, 3062.6300000000001091, 2.8734635155034391474, 3057.4800000000000182, 1, 3062.6300000000001091, 113.97417144574880865, 3057.4800000000000182, 1, 3062.6300000000001091, 0, 3057.4800000000000182, 1
3062.6300000000001091, 47.079361515657701887, 3057.4850000000001273, 1, 3062.6300000000001091, 0, 3057.4850000000001273, 0, 3062.6300000000001091, 61.490613119508502393, 3057.4850000000001273, 0, 3062.6300000000001091, 114.1291022943194946, 3057.4850000000001273, 1
3062.6520000000000437, 22.76306732281616263, 3057.4909999999999854, 1, 3062.6520000000000437, 0, 3057.4909999999999854, 0, 3062.6520000000000437, 25.865296882477519347, 3057.4909999999999854, 0, 3062.6520000000000437, 45.3685670891161692, 3057.4909999999999854, 1
3062.6520000000000437, 17.943796969172627342, 3057.4960000000000946, 1, 3062.6520000000000437, 0, 3057.4960000000000946, 0, 3062.6520000000000437, 27.253955140184707773, 3057.4960000000000946, 0, 3062.6520000000000437, 26.686164531904918107, 3057.4960000000000946, 1
3062.6610000000000582, 30.079722808381760046, 3057.5, 1, 3062.6610000000000582, 0, 3057.5, 0, 3062.6610000000000582, 30.972803740204415845, 3057.5, 0, 3062.6610000000000582, 25.115769744869062663, 3057.5, 1
3062.6779999999998836, 56.802230257945737435, 3057.5059999999998581, 1, 3062.6779999999998836, 67.620326608612643327, 3057.5059999999998581, 0, 3062.6779999999998836, 34.234858914665664997, 3057.5059999999998581, 0, 3062.6779999999998836, 28.230360988333647043, 3057.5059999999998581, 1
3062.6779999999998836, 72.223617753085477489, 3057.5100000000002183, 1, 3062.6779999999998836, 44.063340392286832525, 3057.5100000000002183, 0, 3062.6779999999998836, 38.30035157177312044, 3057.5100000000002183, 0, 3062.6779999999998836, 21.352043593766673268, 3057.5100000000002183, 1
3062.7029999999999745, 76.27894972108875038, 3057.5149999999998727, 1, 3062.7029999999999745, 55.193786606651521254, 3057.5149999999998727, 0, 3062.7029999999999745, 39.021049841364053634, 3057.5149999999998727, 0, 3062.7029999999999745, 20.355765740237210082, 3057.5149999999998727, 1
3062.7029999999999745, 69.895884400860438745, 3057.5210000000001855, 1, 3062.7029999999999745, 106.02613326138938987, 3057.5210000000001855, 0, 3062.7029999999999745, 98.502954551611566103, 3057.5210000000001855, 0, 3062.7029999999999745, 32.487484485835395276, 3057.5210000000001855, 1
3062.7220000000002074, 39.903931861426187311, 3057.5270000000000437, 1, 3062.7220000000002074, 65.262814403618520487, 3057.5270000000000437, 0, 3062.7220000000002074, 78.193486820664418246, 3057.5270000000000437, 0, 3062.7220000000002074, 57.355076965703190695, 3057.5270000000000437, 1
3062.7220000000002074, 73.675561501202594172, 3057.5300000000002001, 1, 3062.7220000000002074, 0, 3057.5300000000002001, 0, 3062.7220000000002074, 0, 3057.5300000000002001, 0, 3062.7220000000002074, 57.166674653111329008, 3057.5300000000002001, 1
3062.7310000000002219, 96.148289785859589074, 3057.5349999999998545, 1, 3062.7310000000002219, 0, 3057.5349999999998545, 0, 3062.7310000000002219, 0, 3057.5349999999998545, 0, 3062.7310000000002219, 63.33093572880206068, 3057.5349999999998545, 1
3062.7510000000002037, 109.18963866032567012, 3057.5399999999999636, 1, 3062.7510000000002037, 0, 3057.5399999999999636, 0, 3062.7510000000002037, 0, 3057.5399999999999636, 0, 3062.7510000000002037, 70.45604701173272133, 3057.5399999999999636, 1
3062.7510000000002037, 115.50062741129775645, 3057.5450000000000728, 1, 3062.7510000000002037, 0, 3057.5450000000000728, 0, 3062.7510000000002037, 0, 3057.5450000000000728, 0, 3062.7510000000002037, 73.438752997887320362, 3057.5450000000000728, 1
3062.7609999999999673, 118.61792282408320887, 3057.5500000000001819, 1, 3062.7609999999999673, 0, 3057.5500000000001819, 0, 3062.7609999999999673, 0, 3057.5500000000001819, 0, 3062.7609999999999673, 74.909423833742096122, 3057.5500000000001819, 1
3062.7730000000001382, 119.79045892312612409, 3057.5549999999998363, 1, 3062.7730000000001382, 0, 3057.5549999999998363, 0, 3062.7730000000001382, 0, 3057.5549999999998363, 0, 3062.7730000000001382, 77.534054211621736385, 3057.5549999999998363, 1
3062.7910000000001673, 119.26519673772031638, 3057.5599999999999454, 1, 3062.7910000000001673, 0, 3057.5599999999999454, 0, 3062.7910000000001673, 0, 3057.5599999999999454, 0, 3062.7910000000001673, 79.837682176157272806, 3057.5599999999999454, 1
3062.8009999999999309, 118.55699673179968556, 3057.5650000000000546, 1, 3062.8009999999999309, 0, 3057.5650000000000546, 0, 3062.8009999999999309, 0, 3057.5650000000000546, 0, 3062.8009999999999309, 83.001597964943897523, 3057.5650000000000546, 1
3062.8009999999999309, 116.53119946331204915, 3057.5700000000001637, 1, 3062.8009999999999309, 0, 3057.5700000000001637, 0, 3062.8009999999999309, 0, 3057.5700000000001637, 0, 3062.8009999999999309, 86.297259322432381623, 3057.5700000000001637, 1
3062.8110000000001492, 114.9748439960058306, 3057.5760000000000218, 1, 3062.8110000000001492, 0, 3057.5760000000000218, 0, 3062.8110000000001492, 0, 3057.5760000000000218, 0, 3062.8110000000001492, 91.379597035318425924, 3057.5760000000000218, 1
3062.8209999999999127, 113.16251333019992842, 3057.581000000000131, 1, 3062.8209999999999127, 0, 3057.581000000000131, 0, 3062.8209999999999127, 0, 3057.581000000000131, 0, 3062.8209999999999127, 95.430317958916958787, 3057.581000000000131, 1
3062.8319999999998799, 111.72970071001131487, 3057.5850000000000364, 1, 3062.8319999999998799, 0, 3057.5850000000000364, 0, 3062.8319999999998799, 0, 3057.5850000000000364, 0, 3062.8319999999998799, 98.254990688871032489, 3057.5850000000000364, 1
3062.8510000000001128, 109.15345750784537415, 3057.5900000000001455, 1, 3062.8510000000001128, 0, 3057.5900000000001455, 0, 3062.8510000000001128, 0, 3057.5900000000001455, 0, 3062.8510000000001128, 97.674981582604630148, 3057.5900000000001455, 1
3062.8510000000001128, 108.30837559082176824, 3057.5949999999997999, 1, 3062.8510000000001128, 0, 3057.5949999999997999, 0, 3062.8510000000001128, 0, 3057.5949999999997999, 0, 3062.8510000000001128, 100.83472893206658227, 3057.5949999999997999, 1
3062.8609999999998763, 107.1466125974733643, 3057.5999999999999091, 1, 3062.8609999999998763, 0, 3057.5999999999999091, 0, 3062.8609999999998763, 0, 3057.5999999999999091, 0, 3062.8609999999998763, 98.070178197849671164, 3057.5999999999999091, 1
3062.8710000000000946, 105.28176986639940083, 3057.6050000000000182, 1, 3062.8710000000000946, 0, 3057.6050000000000182, 0, 3062.8710000000000946, 0, 3057.6050000000000182, 0, 3062.8710000000000946, 101.90306985211771007, 3057.6050000000000182, 1
3062.8809999999998581, 104.24580922125659299, 3057.6100000000001273, 1, 3062.8809999999998581, 0, 3057.6100000000001273, 0, 3062.8809999999998581, 0, 3057.6100000000001273, 0, 3062.8809999999998581, 105.19828296413984958, 3057.6100000000001273, 1
3062.8899999999998727, 103.40825720813572275, 3057.6149999999997817, 1, 3062.8899999999998727, 0, 3057.6149999999997817, 0, 3062.8899999999998727, 0, 3057.6149999999997817, 0, 3062.8899999999998727, 110.49655234367742196, 3057.6149999999997817, 1
3062.9029999999997926, 102.15211032960613124, 3057.6199999999998909, 1, 3062.9029999999997926, 0, 3057.6199999999998909, 0, 3062.9029999999997926, 0, 3057.6199999999998909, 0, 3062.9029999999997926, 113.10880238806926457, 3057.6199999999998909, 1
3062.9119999999998072, 100.51077739682000356, 3057.625, 1, 3062.9119999999998072, 0, 3057.625, 0, 3062.9119999999998072, 0, 3057.625, 0, 3062.9119999999998072, 115.68265013738593439, 3057.625, 1
3062.9209999999998217, 99.406256648172814039, 3057.6309999999998581, 1, 3062.9209999999998217, 0, 3057.6309999999998581, 0, 3062.9209999999998217, 0, 3057.6309999999998581, 0, 3062.9209999999998217, 115.53272442333391723, 3057.6309999999998581, 1
3062.93100000000004, 98.60950600398822985, 3057.6350000000002183, 1, 3062.93100000000004, 0, 3057.6350000000002183, 0, 3062.93100000000004, 0, 3057.6350000000002183, 0, 3062.93100000000004, 115.5688520820602605, 3057.6350000000002183, 1
3062.9409999999998035, 64.75673726043470424, 3057.6399999999998727, 1, 3062.9409999999998035, 317.04225968228809052, 3057.6399999999998727, 0, 3062.9409999999998035, 243.18251776637518446, 3057.6399999999998727, 0, 3062.9409999999998035, 112.69662798874333021, 3057.6399999999998727, 1
3062.9609999999997854, 8.4516791487638869285, 3057.6449999999999818, 1, 3062.9609999999997854, 168.87385506148021364, 3057.6449999999999818, 0, 3062.9609999999997854, 195.96673758164206447, 3057.6449999999999818, 0, 3062.9609999999997854, 47.958705457499540614, 3057.6449999999999818, 1
3062.9720000000002074, 0, 3057.6500000000000909, 1, 3062.9720000000002074, 35.229958004543945549, 3057.6500000000000909, 0, 3062.9720000000002074, 56.741145753379015559, 3057.6500000000000909, 0, 3062.9720000000002074, 34.952368868888129327, 3057.6500000000000909, 1
3062.9800000000000182, 0, 3057.6550000000002001, 1, 3062.9800000000000182, 13.960623002802513781, 3057.6550000000002001, 0, 3062.9800000000000182, 23.650462383070152583, 3057.6550000000002001, 0, 3062.9800000000000182, 39.728205816059137589, 3057.6550000000002001, 1
3062.9800000000000182, 0, 3057.6610000000000582, 1, 3062.9800000000000182, 22.636541600339768365, 3057.6610000000000582, 0, 3062.9800000000000182, 18.122424007980768579, 3057.6610000000000582, 0, 3062.9800000000000182, 45.614387367960446795, 3057.6610000000000582, 1
3062.9909999999999854, 0, 3057.6649999999999636, 1, 3062.9909999999999854, 42.675003614959635456, 3057.6649999999999636, 0, 3062.9909999999999854, 20.096366290813602262, 3057.6649999999999636, 0, 3062.9909999999999854, 47.967417037818513847, 3057.6649999999999636, 1
3063, 66.35108652701755716, 3057.6700000000000728, 1, 3063, 58.158091096809258147, 3057.6700000000000728, 0, 3063, 24.085280855337792616, 3057.6700000000000728, 0, 3063, 52.882383440997294599, 3057.6700000000000728, 1
3063.0100000000002183, 55.942388216091572417, 3057.6750000000001819, 1, 3063.0100000000002183, 59.430182213271180558, 3057.6750000000001819, 0, 3063.0100000000002183, 24.852261936198221548, 3057.6750000000001819, 0, 3063.0100000000002183, 54.193162953660660719, 3057.6750000000001819, 1
3063.0210000000001855, 50.889664598252821293, 3057.68100000000004, 1, 3063.0210000000001855, 61.922641947861222889, 3057.68100000000004, 0, 3063.0210000000001855, 25.944026360143961796, 3057.68100000000004, 0, 3063.0210000000001855, 41.254675322796479975, 3057.68100000000004, 1
3063.0309999999999491, 51.843959149895702865, 3057.6849999999999454, 1, 3063.0309999999999491, 63.11848655521089313, 3057.6849999999999454, 0, 3063.0309999999999491, 41.157173377952041449, 3057.6849999999999454, 0, 3063.0309999999999491, 40.556369809455290465, 3057.6849999999999454, 1
3063.0419999999999163, 0, 3057.6900000000000546, 1, 3063.0419999999999163, 80.194584322484743666, 3057.6900000000000546, 0, 3063.0419999999999163, 70.436731975614449652, 3057.6900000000000546, 0, 3063.0419999999999163, 0, 3057.6900000000000546, 1
3063.0500000000001819, 0, 3057.6950000000001637, 1, 3063.0500000000001819, 100.77055163159928952, 3057.6950000000001637, 0, 3063.0500000000001819, 77.901349146175618898, 3057.6950000000001637, 0, 3063.0500000000001819, 0, 3057.6950000000001637, 1
3063.0599999999999454, 0, 3057.6999999999998181, 1, 3063.0599999999999454, 115.89676218677067254, 3057.6999999999998181, 0, 3063.0599999999999454, 77.272048656656110666, 3057.6999999999998181, 0, 3063.0599999999999454, 0, 3057.6999999999998181, 1
3063.0709999999999127, 0, 3057.7049999999999272, 1, 3063.0709999999999127, 122.06567805110448433, 3057.7049999999999272, 0, 3063.0709999999999127, 74.503347064434805702, 3057.7049999999999272, 0, 3063.0709999999999127, 0, 3057.7049999999999272, 1
3063.081000000000131, 0, 3057.7100000000000364, 1, 3063.081000000000131, 126.62539984860605102, 3057.7100000000000364, 0, 3063.081000000000131, 70.372630641137973839, 3057.7100000000000364, 0, 3063.081000000000131, 0, 3057.7100000000000364, 1
3063.1010000000001128, 0, 3057.7150000000001455, 1, 3063.1010000000001128, 126.61334067930775404, 3057.7150000000001455, 0, 3063.1010000000001128, 69.140536430641049037, 3057.7150000000001455, 0, 3063.1010000000001128, 0, 3057.7150000000001455, 1
3063.1030000000000655, 0, 3057.7210000000000036, 1, 3063.1030000000000655, 126.41161150488215981, 3057.7210000000000036, 0, 3063.1030000000000655, 73.39701717148852822, 3057.7210000000000036, 0, 3063.1030000000000655, 0, 3057.7210000000000036, 1
3063.1109999999998763, 0, 3057.7249999999999091, 1, 3063.1109999999998763, 124.70036598774728986, 3057.7249999999999091, 0, 3063.1109999999998763, 73.629387644645277078, 3057.7249999999999091, 0, 3063.1109999999998763, 0, 3057.7249999999999091, 1
3063.1230000000000473, 0, 3057.7300000000000182, 1, 3063.1230000000000473, 123.7769225488436291, 3057.7300000000000182, 0, 3063.1230000000000473, 78.113978931139712358, 3057.7300000000000182, 0, 3063.1230000000000473, 0, 3057.7300000000000182, 1
3063.1410000000000764, 0, 3057.7350000000001273, 1, 3063.1410000000000764, 120.49695804842883717, 3057.7350000000001273, 1, 3063.1410000000000764, 82.230845200592966648, 3057.7350000000001273, 1, 3063.1410000000000764, 0, 3057.7350000000001273, 1
3063.1419999999998254, 0, 3057.7399999999997817, 1, 3063.1419999999998254, 118.47018457143079218, 3057.7399999999997817, 1, 3063.1419999999998254, 86.199386491299506474, 3057.7399999999997817, 1, 3063.1419999999998254, 0, 3057.7399999999997817, 1
3063.1520000000000437, 0, 3057.7449999999998909, 1, 3063.1520000000000437, 115.9204664063328778, 3057.7449999999998909, 1, 3063.1520000000000437, 87.366356702436888781, 3057.7449999999998909, 1, 3063.1520000000000437, 0, 3057.7449999999998909, 1
3063.1630000000000109, 0, 3057.75, 1, 3063.1630000000000109, 113.62652184578024617, 3057.75, 1, 3063.1630000000000109, 92.349666561505486584, 3057.75, 1, 3063.1630000000000109, 0, 3057.75, 1
3063.1720000000000255, 0, 3057.7550000000001091, 1, 3063.1720000000000255, 111.27079651674321781, 3057.7550000000001091, 1, 3063.1720000000000255, 94.76612389402316694, 3057.7550000000001091, 1, 3063.1720000000000255, 0, 3057.7550000000001091, 1
3063.181999999999789, 0, 3057.7609999999999673, 1, 3063.181999999999789, 109.37200026914749174, 3057.7609999999999673, 1, 3063.181999999999789, 96.928170752684138733, 3057.7609999999999673, 1, 3063.181999999999789, 0, 3057.7609999999999673, 1
3063.193000000000211, 0, 3057.7669999999998254, 1, 3063.193000000000211, 107.51099650978741806, 3057.7669999999998254, 1, 3063.193000000000211, 99.730107033739585631, 3057.7669999999998254, 1, 3063.193000000000211, 0, 3057.7669999999998254, 1
3063.2119999999999891, 0, 3057.7710000000001855, 1, 3063.2119999999999891, 105.85072652070097377, 3057.7710000000001855, 1, 3063.2119999999999891, 102.20975521706485267, 3057.7710000000001855, 1, 3063.2119999999999891, 0, 3057.7710000000001855, 1
3063.2119999999999891, 0, 3057.7750000000000909, 1, 3063.2119999999999891, 103.98382470280377277, 3057.7750000000000909, 1, 3063.2119999999999891, 105.92846115989533473, 3057.7750000000000909, 1, 3063.2119999999999891, 0, 3057.7750000000000909, 1
3063.2220000000002074, 0, 3057.7800000000002001, 1, 3063.2220000000002074, 101.58301619828196749, 3057.7800000000002001, 1, 3063.2220000000002074, 109.37155136902137542, 3057.7800000000002001, 1, 3063.2220000000002074, 0, 3057.7800000000002001, 1
3063.2319999999999709, 0, 3057.7840000000001055, 1, 3063.2319999999999709, 99.47573291486207836, 3057.7840000000001055, 1, 3063.2319999999999709, 110.84914984001855487, 3057.7840000000001055, 1, 3063.2319999999999709, 0, 3057.7840000000001055, 1
3063.2519999999999527, 0, 3057.7899999999999636, 1, 3063.2519999999999527, 97.364316050943003233, 3057.7899999999999636, 1, 3063.2519999999999527, 113.54932567102204644, 3057.7899999999999636, 1, 3063.2519999999999527, 0, 3057.7899999999999636, 1
3063.2519999999999527, 310.80687082254962661, 3057.7959999999998217, 1, 3063.2519999999999527, 85.964375410683516066, 3057.7959999999998217, 1, 3063.2519999999999527, 112.07549367339117907, 3057.7959999999998217, 1, 3063.2519999999999527, 0, 3057.7959999999998217, 1
3063.2719999999999345, 302.96896213262147057, 3057.8000000000001819, 1, 3063.2719999999999345, 27.062169037698165397, 3057.8000000000001819, 1, 3063.2719999999999345, 122.14104033982501107, 3057.8000000000001819, 1, 3063.2719999999999345, 0, 3057.8000000000001819, 1
3063.2719999999999345, 208.85914057672849253, 3057.8049999999998363, 1, 3063.2719999999999345, 1.4602315797663063535, 3057.8049999999998363, 1, 3063.2719999999999345, 108.86266166262279853, 3057.8049999999998363, 1, 3063.2719999999999345, 0, 3057.8049999999998363, 1
3063.2820000000001528, 42.410571275315007256, 3057.8099999999999454, 0, 3063.2820000000001528, 0, 3057.8099999999999454, 1, 3063.2820000000001528, 60.115403297489926615, 3057.8099999999999454, 1, 3063.2820000000001528, 102.82696762255650924, 3057.8099999999999454, 0
3063.3020000000001346, 21.380226642010647709, 3057.8150000000000546, 0, 3063.3020000000001346, 0, 3057.8150000000000546, 1, 3063.3020000000001346, 27.999402099398842836, 3057.8150000000000546, 1, 3063.3020000000001346, 40.809536968939518431, 3057.8150000000000546, 0
3063.3110000000001492, 18.647215230880469505, 3057.8209999999999127, 0, 3063.3110000000001492, 0, 3057.8209999999999127, 1, 3063.3110000000001492, 27.758239043784595168, 3057.8209999999999127, 1, 3063.3110000000001492, 26.669059061162702307, 3057.8209999999999127, 0
3063.3229999999998654, 33.223899379229372641, 3057.8249999999998181, 0, 3063.3229999999998654, 0, 3057.8249999999998181, 1, 3063.3229999999998654, 32.504182888970078125, 3057.8249999999998181, 1, 3063.3229999999998654, 26.3138686936824584, 3057.8249999999998181, 0
3063.3229999999998654, 60.222339781784981483, 3057.8299999999999272, 0, 3063.3229999999998654, 0, 3057.8299999999999272, 1, 3063.3229999999998654, 35.304285374713536783, 3057.8299999999999272, 1, 3063.3229999999998654, 30.658734530951036845, 3057.8299999999999272, 0
3063.3319999999998799, 77.963825703112405563, 3057.8350000000000364, 0, 3063.3319999999998799, 70.909510216367124258, 3057.8350000000000364, 1, 3063.3319999999998799, 37.695482429705485572, 3057.8350000000000364, 1, 3063.3319999999998799, 28.383745095936077973, 3057.8350000000000364, 0
3063.3420000000000982, 78.821680917385236853, 3057.8400000000001455, 0, 3063.3420000000000982, 59.642413945637997585, 3057.8400000000001455, 1, 3063.3420000000000982, 37.522118000595327203, 3057.8400000000001455, 1, 3063.3420000000000982, 22.409371209501919964, 3057.8400000000001455, 0
3063.3550000000000182, 65.733606339679482744, 3057.8449999999997999, 0, 3063.3550000000000182, 94.566984401876140964, 3057.8449999999997999, 1, 3063.3550000000000182, 113.61554079107338566, 3057.8449999999997999, 1, 3063.3550000000000182, 42.152200120634141456, 3057.8449999999997999, 0
3063.36200000000008, 45.352283814763680425, 3057.8510000000001128, 0, 3063.36200000000008, 0, 3057.8510000000001128, 1, 3063.36200000000008, 66.162748346369951946, 3057.8510000000001128, 1, 3063.36200000000008, 54.320146609977939534, 3057.8510000000001128, 0
3063.3719999999998436, 78.350586729014111143, 3057.8550000000000182, 0, 3063.3719999999998436, 0, 3057.8550000000000182, 1, 3063.3719999999998436, 0, 3057.8550000000000182, 1, 3063.3719999999998436, 57.488999470806149361, 3057.8550000000000182, 0
3063.3829999999998108, 97.341740771224692708, 3057.8600000000001273, 0, 3063.3829999999998108, 0, 3057.8600000000001273, 1, 3063.3829999999998108, 0, 3057.8600000000001273, 1, 3063.3829999999998108, 66.113646044700431048, 3057.8600000000001273, 0
3063.4020000000000437, 108.82203572248758405, 3057.8659999999999854, 0, 3063.4020000000000437, 0, 3057.8659999999999854, 1, 3063.4020000000000437, 0, 3057.8659999999999854, 1, 3063.4020000000000437, 73.430416935557019542, 3057.8659999999999854, 0
3063.4029999999997926, 116.68424438525799758, 3057.8710000000000946, 0, 3063.4029999999997926, 0, 3057.8710000000000946, 1, 3063.4029999999997926, 0, 3057.8710000000000946, 1, 3063.4029999999997926, 72.032006950905298481, 3057.8710000000000946, 0
3063.4220000000000255, 118.1710003956687558, 3057.8760000000002037, 0, 3063.4220000000000255, 0, 3057.8760000000002037, 1, 3063.4220000000000255, 0, 3057.8760000000002037, 1, 3063.4220000000000255, 75.064458633278974276, 3057.8760000000002037, 0
3063.4220000000000255, 118.90670963990088183, 3057.8800000000001091, 0, 3063.4220000000000255, 0, 3057.8800000000001091, 1, 3063.4220000000000255, 0, 3057.8800000000001091, 1, 3063.4220000000000255, 77.935566568409086585, 3057.8800000000001091, 0
3063.431999999999789, 118.15435213179769391, 3057.8850000000002183, 0, 3063.431999999999789, 0, 3057.8850000000002183, 1, 3063.431999999999789, 0, 3057.8850000000002183, 1, 3063.431999999999789, 80.419567154513146079, 3057.8850000000002183, 0
3063.4420000000000073, 117.26992728758216344, 3057.8899999999998727, 0, 3063.4420000000000073, 0, 3057.8899999999998727, 1, 3063.4420000000000073, 0, 3057.8899999999998727, 1, 3063.4420000000000073, 84.714397863694301805, 3057.8899999999998727, 0
3063.4520000000002256, 115.74225329516801253, 3057.8960000000001855, 0, 3063.4520000000002256, 0, 3057.8960000000001855, 1, 3063.4520000000002256, 0, 3057.8960000000001855, 1, 3063.4520000000002256, 88.071398307379723747, 3057.8960000000001855, 0
3063.4630000000001928, 114.13820167681669204, 3057.9000000000000909, 0, 3063.4630000000001928, 0, 3057.9000000000000909, 1, 3063.4630000000001928, 0, 3057.9000000000000909, 1, 3063.4630000000001928, 92.985619016395929748, 3057.9000000000000909, 0
3063.4720000000002074, 112.08605271612250931, 3057.9050000000002001, 0, 3063.4720000000002074, 0, 3057.9050000000002001, 1, 3063.4720000000002074, 0, 3057.9050000000002001, 1, 3063.4720000000002074, 95.077054483858603362, 3057.9050000000002001, 0
3063.4819999999999709, 110.62918881791506465, 3057.9099999999998545, 0, 3063.4819999999999709, 0, 3057.9099999999998545, 1, 3063.4819999999999709, 0, 3057.9099999999998545, 1, 3063.4819999999999709, 99.548423844490528722, 3057.9099999999998545, 0
3063.4920000000001892, 109.42385030298352433, 3057.9149999999999636, 0, 3063.4920000000001892, 0, 3057.9149999999999636, 1, 3063.4920000000001892, 0, 3057.9149999999999636, 1, 3063.4920000000001892, 100.92308857455256543, 3057.9149999999999636, 0
3063.5019999999999527, 108.22659426737476451, 3057.9200000000000728, 0, 3063.5019999999999527, 0, 3057.9200000000000728, 1, 3063.5019999999999527, 0, 3057.9200000000000728, 1, 3063.5019999999999527, 102.40135779868865029, 3057.9200000000000728, 0
3063.512000000000171, 107.24151573102381008, 3057.9250000000001819, 0, 3063.512000000000171, 0, 3057.9250000000001819, 1, 3063.512000000000171, 0, 3057.9250000000001819, 1, 3063.512000000000171, 104.05587073729824965, 3057.9250000000001819, 0
3063.5219999999999345, 105.81568020828140675, 3057.9299999999998363, 0, 3063.5219999999999345, 0, 3057.9299999999998363, 1, 3063.5219999999999345, 0, 3057.9299999999998363, 1, 3063.5219999999999345, 105.81689728470470868, 3057.9299999999998363, 0
3063.5320000000001528, 102.74507969243910566, 3057.9349999999999454, 0, 3063.5320000000001528, 0, 3057.9349999999999454, 1, 3063.5320000000001528, 0, 3057.9349999999999454, 1, 3063.5320000000001528, 103.81735053642107403, 3057.9349999999999454, 0
3063.5419999999999163, 102.03320150853690507, 3057.9400000000000546, 0, 3063.5419999999999163, 0, 3057.9400000000000546, 1, 3063.5419999999999163, 0, 3057.9400000000000546, 1, 3063.5419999999999163, 107.70458032789667868, 3057.9400000000000546, 0
3063.5520000000001346, 100.51772521108082969, 3057.9450000000001637, 0, 3063.5520000000001346, 0, 3057.9450000000001637, 1, 3063.5520000000001346, 0, 3057.9450000000001637, 1, 3063.5520000000001346, 110.30455075484607619, 3057.9450000000001637, 0
3063.5619999999998981, 99.321181336534067441, 3057.9499999999998181, 0, 3063.5619999999998981, 0, 3057.9499999999998181, 1, 3063.5619999999998981, 0, 3057.9499999999998181, 1, 3063.5619999999998981, 114.42700449359585946, 3057.9499999999998181, 0
3063.5720000000001164, 98.10352574119434621, 3057.9549999999999272, 0, 3063.5720000000001164, 0, 3057.9549999999999272, 1, 3063.5720000000001164, 0, 3057.9549999999999272, 1, 3063.5720000000001164, 114.39993488492544316, 3057.9549999999999272, 0
3063.5819999999998799, 97.469082555300360582, 3057.9600000000000364, 0, 3063.5819999999998799, 276.60962330150641719, 3057.9600000000000364, 1, 3063.5819999999998799, 0, 3057.9600000000000364, 1, 3063.5819999999998799, 112.75887487638267714, 3057.9600000000000364, 0
3063.5929999999998472, 58.622415785689142353, 3057.9659999999998945, 0, 3063.5929999999998472, 321.11370806448695703, 3057.9659999999998945, 1, 3063.5929999999998472, 73.594046959641872263, 3057.9659999999998945, 1, 3063.5929999999998472, 113.32631540866226771, 3057.9659999999998945, 0
3063.6050000000000182, 9.5449783314662379752, 3057.9710000000000036, 0, 3063.6050000000000182, 218.53991290948178516, 3057.9710000000000036, 1, 3063.6050000000000182, 230.24776654749209115, 3057.9710000000000036, 1, 3063.6050000000000182, 38.076299711942922954, 3057.9710000000000036, 0
3063.61200000000008, 0, 3057.9749999999999091, 0, 3063.61200000000008, 90.498950413346733512, 3057.9749999999999091, 1, 3063.61200000000008, 78.839822707306012717, 3057.9749999999999091, 1, 3063.61200000000008, 0, 3057.9749999999999091, 0
3063.6219999999998436, 0, 3057.9800000000000182, 0, 3063.6219999999998436, 0, 3057.9800000000000182, 1, 3063.6219999999998436, 0, 3057.9800000000000182, 1, 3063.6219999999998436, 0, 3057.9800000000000182, 0
3063.6320000000000618, 0, 3057.9850000000001273, 0, 3063.6320000000000618, 28.566304026878242439, 3057.9850000000001273, 1, 3063.6320000000000618, 25.505618933223551892, 3057.9850000000001273, 1, 3063.6320000000000618, 34.598592564406573047, 3057.9850000000001273, 0
3063.6430000000000291, 0, 3057.9899999999997817, 0, 3063.6430000000000291, 28.472618632914787895, 3057.9899999999997817, 1, 3063.6430000000000291, 34.420341741348053688, 3057.9899999999997817, 1, 3063.6430000000000291, 42.748774407438673961, 3057.9899999999997817, 0
3063.6520000000000437, 61.848702544461815478, 3057.9949999999998909, 0, 3063.6520000000000437, 56.659883986969425962, 3057.9949999999998909, 1, 3063.6520000000000437, 21.966468791012651707, 3057.9949999999998909, 1, 3063.6520000000000437, 49.643722871775594285, 3057.9949999999998909, 0
3063.6640000000002146, 78.235923675857833359, 3058, 0, 3063.6640000000002146, 60.746036403346636234, 3058, 1, 3063.6640000000002146, 27.250288338480928019, 3058, 1, 3063.6640000000002146, 68.909104947748758718, 3058, 0
3063.6720000000000255, 61.652541172579347517, 3058.0050000000001091, 0, 3063.6720000000000255, 56.35734346163276598, 3058.0050000000001091, 1, 3063.6720000000000255, 27.389247036273541624, 3058.0050000000001091, 1, 3063.6720000000000255, 53.429140543299993737, 3058.0050000000001091, 0
3063.681999999999789, 36.845089196733262327, 3058.0100000000002183, 0, 3063.681999999999789, 56.686755017641758059, 3058.0100000000002183, 1, 3063.681999999999789, 49.555377307904130646, 3058.0100000000002183, 1, 3063.681999999999789, 33.987053986461951638, 3058.0100000000002183, 0
3063.6909999999998035, 0, 3058.0149999999998727, 0, 3063.6909999999998035, 78.875118254914411864, 3058.0149999999998727, 1, 3063.6909999999998035, 74.536074856956574308, 3058.0149999999998727, 1, 3063.6909999999998035, 0, 3058.0149999999998727, 0
3063.706000000000131, 0, 3058.0199999999999818, 0, 3063.706000000000131, 102.3899982392327388, 3058.0199999999999818, 1, 3063.706000000000131, 82.276576747532061518, 3058.0199999999999818, 1, 3063.706000000000131, 0, 3058.0199999999999818, 0
3063.7220000000002074, 0, 3058.0250000000000909, 0, 3063.7220000000002074, 112.78032165672594545, 3058.0250000000000909, 1, 3063.7220000000002074, 82.61491123974427353, 3058.0250000000000909, 1, 3063.7220000000002074, 0, 3058.0250000000000909, 0
3063.7319999999999709, 0, 3058.0309999999999491, 0, 3063.7319999999999709, 120.808227865801598, 3058.0309999999999491, 1, 3063.7319999999999709, 79.237092992271556113, 3058.0309999999999491, 1, 3063.7319999999999709, 0, 3058.0309999999999491, 0
3063.7319999999999709, 0, 3058.0349999999998545, 0, 3063.7319999999999709, 123.22482259070783073, 3058.0349999999998545, 1, 3063.7319999999999709, 76.769580321380004762, 3058.0349999999998545, 1, 3063.7319999999999709, 0, 3058.0349999999998545, 0
3063.7519999999999527, 0, 3058.0410000000001673, 0, 3063.7519999999999527, 124.24051627290366184, 3058.0410000000001673, 1, 3063.7519999999999527, 77.209500500379391497, 3058.0410000000001673, 1, 3063.7519999999999527, 0, 3058.0410000000001673, 0
3063.762000000000171, 0, 3058.0450000000000728, 0, 3063.762000000000171, 124.05244655775558726, 3058.0450000000000728, 1, 3063.762000000000171, 76.407574829992981336, 3058.0450000000000728, 1, 3063.762000000000171, 0, 3058.0450000000000728, 0
3063.762000000000171, 0, 3058.0500000000001819, 0, 3063.762000000000171, 121.74812903112157869, 3058.0500000000001819, 1, 3063.762000000000171, 80.722065541397981292, 3058.0500000000001819, 1, 3063.762000000000171, 0, 3058.0500000000001819, 0
3063.7719999999999345, 0, 3058.056999999999789, 0, 3063.7719999999999345, 119.39103996348943326, 3058.056999999999789, 1, 3063.7719999999999345, 85.20242940451174718, 3058.056999999999789, 1, 3063.7719999999999345, 0, 3058.056999999999789, 0
3063.7820000000001528, 0, 3058.0599999999999454, 1, 3063.7820000000001528, 116.79585054152593671, 3058.0599999999999454, 1, 3063.7820000000001528, 89.314289688444972626, 3058.0599999999999454, 1, 3063.7820000000001528, 0, 3058.0599999999999454, 1
3063.7919999999999163, 0, 3058.0650000000000546, 1, 3063.7919999999999163, 114.81580947745354138, 3058.0650000000000546, 1, 3063.7919999999999163, 90.170607434160928051, 3058.0650000000000546, 1, 3063.7919999999999163, 0, 3058.0650000000000546, 1
3063.8020000000001346, 0, 3058.0700000000001637, 1, 3063.8020000000001346, 112.39254702450929813, 3058.0700000000001637, 1, 3063.8020000000001346, 94.214068794295599218, 3058.0700000000001637, 1, 3063.8020000000001346, 0, 3058.0700000000001637, 1
3063.8220000000001164, 0, 3058.0760000000000218, 1, 3063.8220000000001164, 110.5085190234905923, 3058.0760000000000218, 1, 3063.8220000000001164, 98.314655848317130449, 3058.0760000000000218, 1, 3063.8220000000001164, 0, 3058.0760000000000218, 1
3063.8319999999998799, 0, 3058.081000000000131, 1, 3063.8319999999998799, 108.81813670506416258, 3058.081000000000131, 1, 3063.8319999999998799, 100.55124198781749101, 3058.081000000000131, 1, 3063.8319999999998799, 0, 3058.081000000000131, 1
3063.8319999999998799, 0, 3058.0859999999997854, 1, 3063.8319999999998799, 106.7327053360348259, 3058.0859999999997854, 1, 3063.8319999999998799, 102.52830266527965364, 3058.0859999999997854, 1, 3063.8319999999998799, 0, 3058.0859999999997854, 1
3063.8519999999998618, 0, 3058.0889999999999418, 1, 3063.8519999999998618, 104.72306185689549807, 3058.0889999999999418, 1, 3063.8519999999998618, 101.55479208906710653, 3058.0889999999999418, 1, 3063.8519999999998618, 0, 3058.0889999999999418, 1
3063.8519999999998618, 0, 3058.0949999999997999, 1, 3063.8519999999998618, 102.79263051645168048, 3058.0949999999997999, 1, 3063.8519999999998618, 103.40382345369008021, 3058.0949999999997999, 1, 3063.8519999999998618, 0, 3058.0949999999997999, 1
3063.86200000000008, 0, 3058.0999999999999091, 1, 3063.86200000000008, 101.90262861638733227, 3058.0999999999999091, 1, 3063.86200000000008, 105.41455047220742358, 3058.0999999999999091, 1, 3063.86200000000008, 0, 3058.0999999999999091, 1
3063.8809999999998581, 0, 3058.1050000000000182, 1, 3063.8809999999998581, 99.645188047625026684, 3058.1050000000000182, 1, 3063.8809999999998581, 114.00130426717014132, 3058.1050000000000182, 1, 3063.8809999999998581, 0, 3058.1050000000000182, 1
3063.8919999999998254, 0, 3058.1109999999998763, 1, 3063.8919999999998254, 97.962257649268281057, 3058.1109999999998763, 1, 3063.8919999999998254, 114.58254432363449382, 3058.1109999999998763, 1, 3063.8919999999998254, 0, 3058.1109999999998763, 1
3063.9009999999998399, 0, 3058.1159999999999854, 1, 3063.9009999999998399, 96.367163310328308512, 3058.1159999999999854, 1, 3063.9009999999998399, 116.59987734201723697, 3058.1159999999999854, 1, 3063.9009999999998399, 0, 3058.1159999999999854, 1
3063.9009999999998399, 306.40389344865116072, 3058.1199999999998909, 1, 3063.9009999999998399, 95.406705348863596328, 3058.1199999999998909, 1, 3063.9009999999998399, 115.67739097967964312, 3058.1199999999998909, 1, 3063.9009999999998399, 0, 3058.1199999999998909, 1
3063.9119999999998072, 302.8035510845275553, 3058.125, 1, 3063.9119999999998072, 48.87189969490314212, 3058.125, 1, 3063.9119999999998072, 120.17187372631480002, 3058.125, 1, 3063.9119999999998072, 0, 3058.125, 1
3063.9220000000000255, 217.3255298497628587, 3058.1300000000001091, 1, 3063.9220000000000255, 7.7530430672353061183, 3058.1300000000001091, 1, 3063.9220000000000255, 113.06026033466592651, 3058.1300000000001091, 1, 3063.9220000000000255, 183.76688648040035901, 3058.1300000000001091, 1
3063.931999999999789, 49.432324772741637275, 3058.1350000000002183, 1, 3063.931999999999789, 0, 3058.1350000000002183, 0, 3063.931999999999789, 43.821114893851238037, 3058.1350000000002183, 0, 3063.931999999999789, 104.55717599359032022, 3058.1350000000002183, 1
3063.9420000000000073, 24.040014309725659558, 3058.1419999999998254, 1, 3063.9420000000000073, 0, 3058.1419999999998254, 0, 3063.9420000000000073, 24.785820203872983569, 3058.1419999999998254, 0, 3063.9420000000000073, 43.228302538876413053, 3058.1419999999998254, 1
3063.9520000000002256, 17.897126970420892178, 3058.1449999999999818, 1, 3063.9520000000002256, 0, 3058.1449999999999818, 0, 3063.9520000000002256, 28.04891493544585046, 3058.1449999999999818, 0, 3063.9520000000002256, 26.0990336287439888, 3058.1449999999999818, 1
3063.9619999999999891, 33.622426933556205597, 3058.1500000000000909, 1, 3063.9619999999999891, 0, 3058.1500000000000909, 0, 3063.9619999999999891, 32.489411217805056253, 3058.1500000000000909, 0, 3063.9619999999999891, 24.496593172210758382, 3058.1500000000000909, 1
3063.9819999999999709, 59.567592053411495101, 3058.1550000000002001, 1, 3063.9819999999999709, 0, 3058.1550000000002001, 0, 3063.9819999999999709, 36.133610384347385036, 3058.1550000000002001, 0, 3063.9819999999999709, 28.327848982837046776, 3058.1550000000002001, 1
3063.9920000000001892, 73.020217928086481152, 3058.1610000000000582, 1, 3063.9920000000001892, 74.382189888481477169, 3058.1610000000000582, 0, 3063.9920000000001892, 37.915537651004690645, 3058.1610000000000582, 0, 3063.9920000000001892, 25.288146030697436828, 3058.1610000000000582, 1
3064.0019999999999527, 74.843040060599207663, 3058.1649999999999636, 1, 3064.0019999999999527, 59.569116206166675909, 3058.1649999999999636, 0, 3064.0019999999999527, 37.401204381198539295, 3058.1649999999999636, 0, 3064.0019999999999527, 22.011311182272130793, 3058.1649999999999636, 1
3064.0019999999999527, 45.3970496534307415, 3058.1700000000000728, 1, 3064.0019999999999527, 112.72038544141703653, 3058.1700000000000728, 0, 3064.0019999999999527, 162.71006348746129788, 3058.1700000000000728, 0, 3064.0019999999999527, 43.156606284718066036, 3058.1700000000000728, 1
3064.0109999999999673, 45.965122721867558653, 3058.1750000000001819, 1, 3064.0109999999999673, 0, 3058.1750000000001819, 0, 3064.0109999999999673, 8.3798247436995154658, 3058.1750000000001819, 0, 3064.0109999999999673, 45.41582439667169524, 3058.1750000000001819, 1
3064.0219999999999345, 76.238976187377858196, 3058.1790000000000873, 1, 3064.0219999999999345, 0, 3058.1790000000000873, 0, 3064.0219999999999345, 0, 3058.1790000000000873, 0, 3064.0219999999999345, 61.21829569739763599, 3058.1790000000000873, 1
3064.0320000000001528, 97.637899477647749791, 3058.1840000000001965, 1, 3064.0320000000001528, 0, 3058.1840000000001965, 0, 3064.0320000000001528, 0, 3058.1840000000001965, 0, 3064.0320000000001528, 68.138704027808145725, 3058.1840000000001965, 1
3064.0419999999999163, 110.7210290501639065, 3058.1900000000000546, 1, 3064.0419999999999163, 0, 3058.1900000000000546, 0, 3064.0419999999999163, 0, 3058.1900000000000546, 0, 3064.0419999999999163, 71.509875921459808978, 3058.1900000000000546, 1
3064.0520000000001346, 116.57114370882280241, 3058.1959999999999127, 1, 3064.0520000000001346, 0, 3058.1959999999999127, 0, 3064.0520000000001346, 0, 3058.1959999999999127, 0, 3064.0520000000001346, 72.451146249510756547, 3058.1959999999999127, 1
3064.0619999999998981, 119.8904091298976482, 3058.1990000000000691, 1, 3064.0619999999998981, 0, 3058.1990000000000691, 0, 3064.0619999999998981, 0, 3058.1990000000000691, 0, 3064.0619999999998981, 75.884171342508793145, 3058.1990000000000691, 1
3064.0720000000001164, 120.98900728408088412, 3058.2040000000001783, 1, 3064.0720000000001164, 0, 3058.2040000000001783, 0, 3064.0720000000001164, 0, 3058.2040000000001783, 0, 3064.0720000000001164, 75.029451080705939603, 3058.2040000000001783, 1
3064.0819999999998799, 120.29067255121765356, 3058.2100000000000364, 1, 3064.0819999999998799, 0, 3058.2100000000000364, 0, 3064.0819999999998799, 0, 3058.2100000000000364, 0, 3064.0819999999998799, 78.401103836853934581, 3058.2100000000000364, 1
3064.0920000000000982, 119.44276095973063434, 3058.2150000000001455, 1, 3064.0920000000000982, 0, 3058.2150000000001455, 0, 3064.0920000000000982, 0, 3058.2150000000001455, 0, 3064.0920000000000982, 82.120501659345890744, 3058.2150000000001455, 1
3064.1019999999998618, 117.33202138126634395, 3058.2199999999997999, 1, 3064.1019999999998618, 0, 3058.2199999999997999, 0, 3064.1019999999998618, 0, 3058.2199999999997999, 0, 3064.1019999999998618, 84.881558438970756697, 3058.2199999999997999, 1
3064.1100000000001273, 114.6397098277536486, 3058.2249999999999091, 1, 3064.1100000000001273, 0, 3058.2249999999999091, 0, 3064.1100000000001273, 0, 3058.2249999999999091, 0, 3064.1100000000001273, 80.111229059512282902, 3058.2249999999999091, 1
3064.1219999999998436, 112.33290312926450838, 3058.2300000000000182, 1, 3064.1219999999998436, 0, 3058.2300000000000182, 0, 3064.1219999999998436, 0, 3058.2300000000000182, 0, 3064.1219999999998436, 104.74425055202020474, 3058.2300000000000182, 1
3064.1320000000000618, 114.16944424299887828, 3058.2350000000001273, 1, 3064.1320000000000618, 0, 3058.2350000000001273, 0, 3064.1320000000000618, 0, 3058.2350000000001273, 0, 3064.1320000000000618, 105.14043161657968994, 3058.2350000000001273, 1
3064.1430000000000291, 114.27299108685269857, 3058.2399999999997817, 1, 3064.1430000000000291, 0, 3058.2399999999997817, 0, 3064.1430000000000291, 0, 3058.2399999999997817, 0, 3064.1430000000000291, 98.391751022896102086, 3058.2399999999997817, 1
3064.1619999999998072, 112.8240360560479445, 3058.2449999999998909, 1, 3064.1619999999998072, 0, 3058.2449999999998909, 0, 3064.1619999999998072, 0, 3058.2449999999998909, 0, 3064.1619999999998072, 91.886627817374815663, 3058.2449999999998909, 1
3064.1619999999998072, 110.88997034287666565, 3058.25, 1, 3064.1619999999998072, 0, 3058.25, 0, 3064.1619999999998072, 0, 3058.25, 0, 3064.1619999999998072, 90.801609847447195989, 3058.25, 1
3064.1729999999997744, 111.40177493100426886, 3058.2550000000001091, 1, 3064.1729999999997744, 0, 3058.2550000000001091, 0, 3064.1729999999997744, 0, 3058.2550000000001091, 0, 3064.1729999999997744, 93.348885282050744649, 3058.2550000000001091, 1
3064.181999999999789, 114.15765542430142432, 3058.2600000000002183, 1, 3064.181999999999789, 0, 3058.2600000000002183, 0, 3064.181999999999789, 0, 3058.2600000000002183, 0, 3064.181999999999789, 90.60355969665110365, 3058.2600000000002183, 1
3064.1909999999998035, 113.16911872055928256, 3058.2649999999998727, 1, 3064.1909999999998035, 0, 3058.2649999999998727, 0, 3064.1909999999998035, 0, 3058.2649999999998727, 0, 3064.1909999999998035, 92.16797873386565243, 3058.2649999999998727, 1
3064.2010000000000218, 111.27100390151724696, 3058.2699999999999818, 1, 3064.2010000000000218, 0, 3058.2699999999999818, 0, 3064.2010000000000218, 0, 3058.2699999999999818, 0, 3064.2010000000000218, 93.85162836640344608, 3058.2699999999999818, 1
3064.2109999999997854, 112.82003241464563814, 3058.2750000000000909, 1, 3064.2109999999997854, 0, 3058.2750000000000909, 0, 3064.2109999999997854, 0, 3058.2750000000000909, 0, 3064.2109999999997854, 111.91587591809923197, 3058.2750000000000909, 1
3064.2210000000000036, 128.66962148208688177, 3058.2800000000002001, 1, 3064.2210000000000036, 0, 3058.2800000000002001, 0, 3064.2210000000000036, 0, 3058.2800000000002001, 0, 3064.2210000000000036, 56.414193166895458376, 3058.2800000000002001, 1
3064.2319999999999709, 105.66254212536858859, 3058.2899999999999636, 1, 3064.2319999999999709, 354.86924767895294508, 3058.2899999999999636, 0, 3064.2319999999999709, 0, 3058.2899999999999636, 0, 3064.2319999999999709, 47.279883806034604277, 3058.2899999999999636, 1
3064.2409999999999854, 28.678460427901224961, 3058.2899999999999636, 1, 3064.2409999999999854, 353.11227009130618626, 3058.2899999999999636, 0, 3064.2409999999999854, 0, 3058.2899999999999636, 0, 3064.2409999999999854, 48.410090427819639558, 3058.2899999999999636, 1
3064.2609999999999673, 1.9647760730250114491, 3058.2950000000000728, 1, 3064.2609999999999673, 179.07256887335955753, 3058.2950000000000728, 0, 3064.2609999999999673, 245.18649876964576606, 3058.2950000000000728, 0, 3064.2609999999999673, 41.287125963499107684, 3058.2950000000000728, 1
3064.2609999999999673, 0, 3058.3000000000001819, 1, 3064.2609999999999673, 69.380921806947654318, 3058.3000000000001819, 0, 3064.2609999999999673, 96.814300674555227033, 3058.3000000000001819, 0, 3064.2609999999999673, 9.5410396295268355971, 3058.3000000000001819, 1
3064.2719999999999345, 0, 3058.3049999999998363, 1, 3064.2719999999999345, 42.005923329473858985, 3058.3049999999998363, 0, 3064.2719999999999345, 31.68665128353325855, 3058.3049999999998363, 0, 3064.2719999999999345, 17.059633380149136883, 3058.3049999999998363, 1
3064.2820000000001528, 0, 3058.3099999999999454, 1, 3064.2820000000001528, 37.894731431999311155, 3058.3099999999999454, 0, 3064.2820000000001528, 12.917884203275443511, 3058.3099999999999454, 0, 3064.2820000000001528, 27.171914346821562702, 3058.3099999999999454, 1
3064.2919999999999163, 0, 3058.3150000000000546, 1, 3064.2919999999999163, 51.015217095968480976, 3058.3150000000000546, 0, 3064.2919999999999163, 15.406050374334327557, 3058.3150000000000546, 0, 3064.2919999999999163, 32.195472156325806168, 3058.3150000000000546, 1
3064.3040000000000873, 0, 3058.3200000000001637, 1, 3064.3040000000000873, 64.007193263049657617, 3058.3200000000001637, 0, 3064.3040000000000873, 18.570677807926387004, 3058.3200000000001637, 0, 3064.3040000000000873, 32.848691319183679127, 3058.3200000000001637, 1
3064.3139999999998508, 68.974585655939705475, 3058.3249999999998181, 1, 3064.3139999999998508, 70.739266897859650385, 3058.3249999999998181, 0, 3064.3139999999998508, 37.040090180212061455, 3058.3249999999998181, 0, 3064.3139999999998508, 51.245565584691718186, 3058.3249999999998181, 1
3064.3240000000000691, 60.466103942687283279, 3058.3299999999999272, 1, 3064.3240000000000691, 73.148785634621532381, 3058.3299999999999272, 0, 3064.3240000000000691, 26.880105875718331987, 3058.3299999999999272, 0, 3064.3240000000000691, 39.972976808275134886, 3058.3299999999999272, 1
3064.3339999999998327, 12.04469311936952991, 3058.3350000000000364, 1, 3064.3339999999998327, 87.255600234815958061, 3058.3350000000000364, 0, 3064.3339999999998327, 54.49486272490409533, 3058.3350000000000364, 0, 3064.3339999999998327, 6.6282829428531275795, 3058.3350000000000364, 1
3064.3440000000000509, 0, 3058.3400000000001455, 1, 3064.3440000000000509, 107.02574828088893355, 3058.3400000000001455, 0, 3064.3440000000000509, 85.150843379149179668, 3058.3400000000001455, 0, 3064.3440000000000509, 0, 3058.3400000000001455, 1
3064.3539999999998145, 0, 3058.3460000000000036, 1, 3064.3539999999998145, 121.76990397480275874, 3058.3460000000000036, 0, 3064.3539999999998145, 87.449594857956071792, 3058.3460000000000036, 0, 3064.3539999999998145, 0, 3058.3460000000000036, 1
3064.3739999999997963, 0, 3058.3499999999999091, 1, 3064.3739999999997963, 129.94046064542868635, 3058.3499999999999091, 0, 3064.3739999999997963, 82.162940189176737249, 3058.3499999999999091, 0, 3064.3739999999997963, 0, 3058.3499999999999091, 1
3064.3739999999997963, 0, 3058.3550000000000182, 1, 3064.3739999999997963, 132.28901114146137274, 3058.3550000000000182, 0, 3064.3739999999997963, 74.91503681393652414, 3058.3550000000000182, 0, 3064.3739999999997963, 0, 3058.3550000000000182, 1
3064.3939999999997781, 0, 3058.3609999999998763, 1, 3064.3939999999997781, 132.63858477965922589, 3058.3609999999998763, 0, 3064.3939999999997781, 71.07008718735218622, 3058.3609999999998763, 0, 3064.3939999999997781, 0, 3058.3609999999998763, 1
3064.4050000000002001, 0, 3058.3659999999999854, 1, 3064.4050000000002001, 131.26942648725724894, 3058.3659999999999854, 0, 3064.4050000000002001, 69.157434197718885116, 3058.3659999999999854, 0, 3064.4050000000002001, 0, 3058.3659999999999854, 1
3064.4059999999999491, 0, 3058.3699999999998909, 1, 3064.4059999999999491, 126.18942482151116735, 3058.3699999999998909, 0, 3064.4059999999999491, 61.607591733916706289, 3058.3699999999998909, 0, 3064.4059999999999491, 0, 3058.3699999999998909, 1
3064.4250000000001819, 0, 3058.3760000000002037, 1, 3064.4250000000001819, 120.5860762114338911, 3058.3760000000002037, 0, 3064.4250000000001819, 66.582234697666677903, 3058.3760000000002037, 0, 3064.4250000000001819, 0, 3058.3760000000002037, 1
3064.4349999999999454, 0, 3058.3800000000001091, 1, 3064.4349999999999454, 121.38027207013618636, 3058.3800000000001091, 0, 3064.4349999999999454, 96.011484449666141927, 3058.3800000000001091, 0, 3064.4349999999999454, 0, 3058.3800000000001091, 1
3064.4349999999999454, 0, 3058.3850000000002183, 1, 3064.4349999999999454, 125.90499476278094448, 3058.3850000000002183, 1, 3064.4349999999999454, 93.644144616753408172, 3058.3850000000002183, 1, 3064.4349999999999454, 0, 3058.3850000000002183, 1
3064.4450000000001637, 0, 3058.3899999999998727, 1, 3064.4450000000001637, 128.20520902262188656, 3058.3899999999998727, 1, 3064.4450000000001637, 85.517620848787998966, 3058.3899999999998727, 1, 3064.4450000000001637, 0, 3058.3899999999998727, 1
3064.4650000000001455, 0, 3058.3960000000001855, 1, 3064.4650000000001455, 128.89973633032082034, 3058.3960000000001855, 1, 3064.4650000000001455, 80.103203319914001668, 3058.3960000000001855, 1, 3064.4650000000001455, 0, 3058.3960000000001855, 1
3064.4650000000001455, 0, 3058.4000000000000909, 1, 3064.4650000000001455, 128.59518455496240108, 3058.4000000000000909, 1, 3064.4650000000001455, 78.160223684140973432, 3058.4000000000000909, 1, 3064.4650000000001455, 0, 3058.4000000000000909, 1
3064.487999999999829, 0, 3058.4039999999999964, 1, 3064.487999999999829, 124.70920718603169064, 3058.4039999999999964, 1, 3064.487999999999829, 79.019442190262168424, 3058.4039999999999964, 1, 3064.487999999999829, 0, 3058.4039999999999964, 1
3064.487999999999829, 0, 3058.4099999999998545, 1, 3064.487999999999829, 118.40236853378914361, 3058.4099999999998545, 1, 3064.487999999999829, 80.676774890444107768, 3058.4099999999998545, 1, 3064.487999999999829, 0, 3058.4099999999998545, 1
3064.4949999999998909, 0, 3058.4149999999999636, 1, 3064.4949999999998909, 111.85513556235316912, 3058.4149999999999636, 1, 3064.4949999999998909, 82.318149790619941086, 3058.4149999999999636, 1, 3064.4949999999998909, 0, 3058.4149999999999636, 1
3064.5149999999998727, 0, 3058.4200000000000728, 1, 3064.5149999999998727, 112.94726265759412343, 3058.4200000000000728, 1, 3064.5149999999998727, 74.243219138387289036, 3058.4200000000000728, 1, 3064.5149999999998727, 0, 3058.4200000000000728, 1
3064.5149999999998727, 475.52803344817300513, 3058.4250000000001819, 1, 3064.5149999999998727, 102.36945901492902067, 3058.4250000000001819, 1, 3064.5149999999998727, 47.951686205035294108, 3058.4250000000001819, 1, 3064.5149999999998727, 0, 3058.4250000000001819, 1
3064.5250000000000909, 417.91825609131143437, 3058.4299999999998363, 1, 3064.5250000000000909, 60.733565768330706192, 3058.4299999999998363, 1, 3064.5250000000000909, 42.269654498509680707, 3058.4299999999998363, 1, 3064.5250000000000909, 0, 3058.4299999999998363, 1
3064.5349999999998545, 274.94976421553099044, 3058.4349999999999454, 1, 3064.5349999999998545, 5.1679457351574740187, 3058.4349999999999454, 1, 3064.5349999999998545, 39.428340343947802182, 3058.4349999999999454, 1, 3064.5349999999998545, 0, 3058.4349999999999454, 1
3064.5450000000000728, 106.03272973435619519, 3058.4400000000000546, 1, 3064.5450000000000728, 0, 3058.4400000000000546, 1, 3064.5450000000000728, 38.911528687741032684, 3058.4400000000000546, 1, 3064.5450000000000728, 0, 3058.4400000000000546, 1
3064.5549999999998363, 30.821696274253284287, 3058.4450000000001637, 1, 3064.5549999999998363, 0, 3058.4450000000001637, 1, 3064.5549999999998363, 42.240586779647642857, 3058.4450000000001637, 1, 3064.5549999999998363, 0, 3058.4450000000001637, 1
3064.5650000000000546, 28.273710615421471459, 3058.4499999999998181, 1, 3064.5650000000000546, 0, 3058.4499999999998181, 1, 3064.5650000000000546, 45.906701726764971738, 3058.4499999999998181, 1, 3064.5650000000000546, 0, 3058.4499999999998181, 1
3064.5749999999998181, 68.560601583112372737, 3058.4549999999999272, 1, 3064.5749999999998181, 48.486330671765614397, 3058.4549999999999272, 1, 3064.5749999999998181, 40.162593379560874496, 3058.4549999999999272, 1, 3064.5749999999998181, 53.007164791131202719, 3058.4549999999999272, 1
3064.5850000000000364, 96.577829486496810318, 3058.4600000000000364, 0, 3064.5850000000000364, 35.15852657361820377, 3058.4600000000000364, 1, 3064.5850000000000364, 39.151977475395803197, 3058.4600000000000364, 1, 3064.5850000000000364, 7.2329728842757674556, 3058.4600000000000364, 0
3064.5960000000000036, 96.224080207715019242, 3058.4650000000001455, 0, 3064.5960000000000036, 41.207166458746549154, 3058.4650000000001455, 1, 3064.5960000000000036, 40.549000427094810561, 3058.4650000000001455, 1, 3064.5960000000000036, 6.5107938733474473025, 3058.4650000000001455, 0
3064.6149999999997817, 94.775074671378249036, 3058.4699999999997999, 0, 3064.6149999999997817, 46.188545621692831844, 3058.4699999999997999, 1, 3064.6149999999997817, 41.612830486456481083, 3058.4699999999997999, 1, 3064.6149999999997817, 9.1692805559979788654, 3058.4699999999997999, 0
3064.6149999999997817, 92.091840056119664837, 3058.4749999999999091, 0, 3064.6149999999997817, 50.184526024960916857, 3058.4749999999999091, 1, 3064.6149999999997817, 41.517240587613365221, 3058.4749999999999091, 1, 3064.6149999999997817, 11.724854689310561184, 3058.4749999999999091, 0
3064.625, 88.735930618699867978, 3058.4800000000000182, 0, 3064.625, 53.142904821095825696, 3058.4800000000000182, 1, 3064.625, 41.443795106642610904, 3058.4800000000000182, 1, 3064.625, 14.730459317372636363, 3058.4800000000000182, 0
3064.6340000000000146, 85.040714310258650244, 3058.48700000000008, 0, 3064.6340000000000146, 55.384319250626425912, 3058.48700000000008, 1, 3064.6340000000000146, 41.201845266892952679, 3058.48700000000008, 1, 3064.6340000000000146, 18.108895880807597933, 3058.48700000000008, 0
3064.6439999999997781, 81.284524062871511774, 3058.4909999999999854, 0, 3064.6439999999997781, 57.194399082763183628, 3058.4909999999999854, 1, 3064.6439999999997781, 40.80849586863298839, 3058.4909999999999854, 1, 3064.6439999999997781, 21.43937076115350493, 3058.4909999999999854, 0
3064.6539999999999964, 77.62707577081312138, 3058.4949999999998909, 0, 3064.6539999999999964, 58.703906759689644446, 3058.4949999999998909, 1, 3064.6539999999999964, 40.37104470590006855, 3058.4949999999998909, 1, 3064.6539999999999964, 24.672203376079323789, 3058.4949999999998909, 0
3064.6649999999999636, 74.143420749677090953, 3058.5, 0, 3064.6649999999999636, 59.980861452997473293, 3058.5, 1, 3064.6649999999999636, 39.954864572266735934, 3058.5, 1, 3064.6649999999999636, 27.908023044573134541, 3058.5, 0
3064.6750000000001819, 70.880664725423258687, 3058.5050000000001091, 0, 3064.6750000000001819, 61.062751432116996853, 3058.5050000000001091, 1, 3064.6750000000001819, 39.594091503903221962, 3058.5050000000001091, 1, 3064.6750000000001819, 30.81025790207777959, 3058.5050000000001091, 0
3064.6849999999999454, 67.825448477056113461, 3058.5100000000002183, 0, 3064.6849999999999454, 61.839394047396595511, 3058.5100000000002183, 1, 3064.6849999999999454, 39.274086835958328834, 3058.5100000000002183, 1, 3064.6849999999999454, 33.389013020750340388, 3058.5100000000002183, 0
3064.7049999999999272, 65.090357797139901663, 3058.5149999999998727, 0, 3064.7049999999999272, 62.588892766367159481, 3058.5149999999998727, 1, 3064.7049999999999272, 39.064886946273631452, 3058.5149999999998727, 1, 3064.7049999999999272, 35.878362525362547331, 3058.5149999999998727, 0
3064.7049999999999272, 62.625537822550953138, 3058.5199999999999818, 0, 3064.7049999999999272, 63.193346984381221887, 3058.5199999999999818, 1, 3064.7049999999999272, 38.933985484173696534, 3058.5199999999999818, 1, 3064.7049999999999272, 38.136623745854343781, 3058.5199999999999818, 0
3064.7249999999999091, 60.4277646772952437, 3058.5250000000000909, 0, 3064.7249999999999091, 63.796995512930784855, 3058.5250000000000909, 1, 3064.7249999999999091, 38.904236471059036262, 3058.5250000000000909, 1, 3064.7249999999999091, 40.130174747910004385, 3058.5250000000000909, 0
3064.7249999999999091, 58.491579354155987858, 3058.5300000000002001, 0, 3064.7249999999999091, 64.144574534247496445, 3058.5300000000002001, 1, 3064.7249999999999091, 38.91621432083603338, 3058.5300000000002001, 1, 3064.7249999999999091, 41.912870911990168565, 3058.5300000000002001, 0
3064.7339999999999236, 56.820126772519202518, 3058.5349999999998545, 0, 3064.7339999999999236, 64.380364533327835375, 3058.5349999999998545, 1, 3064.7339999999999236, 38.990212960421722244, 3058.5349999999998545, 1, 3064.7339999999999236, 43.464053351936982494, 3058.5349999999998545, 0
3064.7440000000001419, 55.404364379974992971, 3058.5399999999999636, 0, 3064.7440000000001419, 64.515491220353041513, 3058.5399999999999636, 1, 3064.7440000000001419, 39.118091536171569089, 3058.5399999999999636, 1, 3064.7440000000001419, 44.790747726939386553, 3058.5399999999999636, 0
3064.7539999999999054, 54.232824638688185814, 3058.5450000000000728, 0, 3064.7539999999999054, 64.560951131909433798, 3058.5450000000000728, 1, 3064.7539999999999054, 39.291412419007436085, 3058.5450000000000728, 1, 3064.7539999999999054, 45.902370304847082139, 3058.5450000000000728, 0
3064.7750000000000909, 53.29203222662968642, 3058.5500000000001819, 0, 3064.7750000000000909, 64.52760328505772236, 3058.5500000000001819, 1, 3064.7750000000000909, 39.501725188713386672, 3058.5500000000001819, 1, 3064.7750000000000909, 46.810252016590098378, 3058.5500000000001819, 0
3064.7849999999998545, 52.567000702143204194, 3058.5549999999998363, 0, 3064.7849999999998545, 64.426039016509676571, 3058.5549999999998363, 1, 3064.7849999999998545, 39.740859440618692133, 3058.5549999999998363, 1, 3064.7849999999998545, 47.527143482681665887, 3058.5549999999998363, 0
3064.7849999999998545, 52.041629616900848987, 3058.5599999999999454, 0, 3064.7849999999998545, 64.266506924721625182, 3058.5599999999999454, 1, 3064.7849999999998545, 40.001099404988828212, 3058.5599999999999454, 1, 3064.7849999999998545, 48.066826189264986624, 3058.5599999999999454, 0
3064.7950000000000728, 51.69907222704025429, 3058.5650000000000546, 0, 3064.7950000000000728, 64.058829512001125295, 3058.5650000000000546, 1, 3064.7950000000000728, 40.275308555439593761, 3058.5650000000000546, 1, 3064.7950000000000728, 48.443770050745605715, 3058.5650000000000546, 0
3064.8049999999998363, 51.522064725542890073, 3058.5700000000001637, 0, 3064.8049999999998363, 63.812328716686295138, 3058.5700000000001637, 1, 3064.8049999999998363, 40.557008657088431391, 3058.5700000000001637, 1, 3064.8049999999998363, 48.672839446385012252, 3058.5700000000001637, 0
3064.8150000000000546, 51.544243394837195638, 3058.5749999999998181, 0, 3064.8150000000000546, 63.520102219528588705, 3058.5749999999998181, 1, 3064.8150000000000546, 40.81674127559950449, 3058.5749999999998181, 1, 3064.8150000000000546, 48.959568964074236419, 3058.5749999999998181, 0
3064.8249999999998181, 51.648406594005258796, 3058.581000000000131, 0, 3064.8249999999998181, 63.22543472105092377, 3058.581000000000131, 1, 3064.8249999999998181, 41.097510713984959807, 3058.581000000000131, 1, 3064.8249999999998181, 48.94117582207226036, 3058.581000000000131, 0
3064.8470000000002074, 51.811253509032042075, 3058.5850000000000364, 0, 3064.8470000000002074, 62.924319255390614103, 3058.5850000000000364, 1, 3064.8470000000002074, 41.392881290539101258, 3058.5850000000000364, 1, 3064.8470000000002074, 48.612774694832467048, 3058.5850000000000364, 0
3064.8470000000002074, 52.124808327066780578, 3058.5900000000001455, 0, 3064.8470000000002074, 62.603711175545598167, 3058.5900000000001455, 1, 3064.8470000000002074, 41.653931060065438885, 3058.5900000000001455, 1, 3064.8470000000002074, 48.395954257583881031, 3058.5900000000001455, 0
3064.8539999999998145, 52.520190308420694691, 3058.5949999999997999, 0, 3064.8539999999998145, 62.281521548371785002, 3058.5949999999997999, 1, 3064.8539999999998145, 41.900657074517880574, 3058.5949999999997999, 1, 3064.8539999999998145, 48.118677935898190867, 3058.5949999999997999, 0
3064.8640000000000327, 52.982472355007132592, 3058.5999999999999091, 0, 3064.8640000000000327, 61.963116042409779993, 3058.5999999999999091, 1, 3064.8640000000000327, 42.13069338065922409, 3058.5999999999999091, 1, 3064.8640000000000327, 47.766819533959093746, 3058.5999999999999091, 0
3064.875, 53.497626991932420992, 3058.6050000000000182, 0, 3064.875, 61.653149293602716341, 3058.6050000000000182, 1, 3064.875, 42.342250253459617682, 3058.6050000000000182, 1, 3064.875, 47.343295541989064645, 3058.6050000000000182, 0
3064.8850000000002183, 54.092045814101709311, 3058.6100000000001273, 0, 3064.8850000000002183, 61.360328370046602231, 3058.6100000000001273, 1, 3064.8850000000002183, 42.504654132831404922, 3058.6100000000001273, 1, 3064.8850000000002183, 47.131547969826712574, 3058.6100000000001273, 0
3064.8949999999999818, 54.669962643568283056, 3058.6149999999997817, 0, 3064.8949999999999818, 61.076434694652412816, 3058.6149999999997817, 1, 3064.8949999999999818, 42.674022714279630009, 3058.6149999999997817, 1, 3064.8949999999999818, 46.684182867731927047, 3058.6149999999997817, 0
3064.9050000000002001, 55.264131474236073416, 3058.6199999999998909, 0, 3064.9050000000002001, 60.810233812592414893, 3058.6199999999998909, 1, 3064.9050000000002001, 42.822445007831994701, 3058.6199999999998909, 1, 3064.9050000000002001, 46.194172027808221515, 3058.6199999999998909, 0
3064.9180000000001201, 55.864900471898721435, 3058.6260000000002037, 0, 3064.9180000000001201, 60.552353871583036948, 3058.6260000000002037, 1, 3064.9180000000001201, 42.955499603573088052, 3058.6260000000002037, 1, 3064.9180000000001201, 45.668871882669719753, 3058.6260000000002037, 0
3064.9250000000001819, 56.463572670769309525, 3058.6300000000001091, 0, 3064.9250000000001819, 60.328222374824235885, 3058.6300000000001091, 1, 3064.9250000000001819, 43.061605346175170439, 3058.6300000000001091, 1, 3064.9250000000001819, 45.166529648081976234, 3058.6300000000001091, 0
3064.9349999999999454, 57.054189217402438317, 3058.6350000000002183, 0, 3064.9349999999999454, 60.135123860547778918, 3058.6350000000002183, 1, 3064.9349999999999454, 43.142421689483541059, 3058.6350000000002183, 1, 3064.9349999999999454, 44.696718968490827706, 3058.6350000000002183, 0
3064.9470000000001164, 57.626693683860693795, 3058.6410000000000764, 0, 3064.9470000000001164, 59.95566457735917254, 3058.6410000000000764, 1, 3064.9470000000001164, 43.212805483711292709, 3058.6410000000000764, 1, 3064.9470000000001164, 44.18602828381251868, 3058.6410000000000764, 0
3064.9549999999999272, 58.177234135172852802, 3058.6449999999999818, 0, 3064.9549999999999272, 59.799290163617747851, 3058.6449999999999818, 1, 3064.9549999999999272, 43.261871545776799053, 3058.6449999999999818, 1, 3064.9549999999999272, 43.715814550450033948, 3058.6449999999999818, 0
3064.9650000000001455, 58.70114931242923717, 3058.6500000000000909, 0, 3064.9650000000001455, 59.665722479153153301, 3058.6500000000000909, 1, 3064.9650000000001455, 43.292588705980080022, 3058.6500000000000909, 1, 3064.9650000000001455, 43.288602497563360316, 3058.6500000000000909, 0
3064.9769999999998618, 59.197283178308566676, 3058.6550000000002001, 0, 3064.9769999999998618, 59.547569839210638065, 3058.6550000000002001, 1, 3064.9769999999998618, 43.310561511798923107, 3058.6550000000002001, 1, 3064.9769999999998618, 42.839452237962831305, 3058.6550000000002001, 0
3064.9949999999998909, 59.65754698376942855, 3058.6599999999998545, 0, 3064.9949999999998909, 59.458288044138186024, 3058.6599999999998545, 1, 3064.9949999999998909, 43.313588008596276779, 3058.6599999999998545, 1, 3064.9949999999998909, 42.440845440662329224, 3058.6599999999998545, 0
3064.9949999999998909, 60.082375823984321528, 3058.6640000000002146, 0, 3064.9949999999998909, 59.392616731072230607, 3058.6640000000002146, 1, 3064.9949999999998909, 43.304603211612125335, 3058.6640000000002146, 1, 3064.9949999999998909, 42.089725871347475561, 3058.6640000000002146, 0
3065.0149999999998727, 60.495324849629568575, 3058.6700000000000728, 0, 3065.0149999999998727, 59.383090505695776073, 3058.6700000000000728, 1, 3065.0149999999998727, 43.340948633328217454, 3058.6700000000000728, 1, 3065.0149999999998727, 41.54508858064184551, 3058.6700000000000728, 0
3065.0250000000000909, 60.84169091270725005, 3058.6750000000001819, 0, 3065.0250000000000909, 59.304990517375706816, 3058.6750000000001819, 1, 3065.0250000000000909, 43.252965239593628155, 3058.6750000000001819, 1, 3065.0250000000000909, 41.391456286647375862, 3058.6750000000001819, 0
3065.0349999999998545, 61.153134008720826387, 3058.68100000000004, 0, 3065.0349999999998545, 59.288040695581166517, 3058.68100000000004, 1, 3065.0349999999998545, 43.212724378316679008, 3058.68100000000004, 1, 3065.0349999999998545, 41.118791484169477712, 3058.68100000000004, 0
3065.0349999999998545, 61.413459892750552171, 3058.6860000000001492, 0, 3065.0349999999998545, 59.285436677711572884, 3058.6860000000001492, 1, 3065.0349999999998545, 43.172354820849363932, 3058.6860000000001492, 1, 3065.0349999999998545, 40.900905012562475349, 3058.6860000000001492, 0
3065.0450000000000728, 61.652106630680705734, 3058.6900000000000546, 0, 3065.0450000000000728, 59.294839200953084912, 3058.6900000000000546, 1, 3065.0450000000000728, 43.125163713508712249, 3058.6900000000000546, 1, 3065.0450000000000728, 40.698494241764450408, 3058.6900000000000546, 0
3065.0549999999998363, 61.895041572118230988, 3058.6959999999999127, 0, 3065.0549999999998363, 59.374162631715726945, 3058.6959999999999127, 1, 3065.0549999999998363, 43.134006703385111337, 3058.6959999999999127, 1, 3065.0549999999998363, 40.346840195535975226, 3058.6959999999999127, 0
3065.0650000000000546, 62.028434299050033474, 3058.6999999999998181, 0, 3065.0650000000000546, 59.344176751379187351, 3058.6999999999998181, 1, 3065.0650000000000546, 43.017502972679679374, 3058.6999999999998181, 1, 3065.0650000000000546, 40.354962578396140316, 3058.6999999999998181, 0
3065.0869999999999891, 62.165697599488794367, 3058.7049999999999272, 0, 3065.0869999999999891, 59.381710802383985026, 3058.7049999999999272, 1, 3065.0869999999999891, 42.956768397821477379, 3058.7049999999999272, 1, 3065.0869999999999891, 40.222690451657420851, 3058.7049999999999272, 0
3065.0949999999997999, 62.272858354956525773, 3058.7100000000000364, 0, 3065.0949999999997999, 59.425491470416652362, 3058.7100000000000364, 1, 3065.0949999999997999, 42.898346022391791621, 3058.7100000000000364, 1, 3065.0949999999997999, 40.122791194062244813, 3058.7100000000000364, 0
3065.0949999999997999, 62.352088035412435829, 3058.7150000000001455, 1, 3065.0949999999997999, 59.474096313821199544, 3058.7150000000001455, 1, 3065.0949999999997999, 42.843171021686160316, 3058.7150000000001455, 1, 3065.0949999999997999, 40.050978530927800136, 3058.7150000000001455, 1
3065.1050000000000182, 62.409002141371566097, 3058.7199999999997999, 1, 3065.1050000000000182, 59.528776143361895379, 3058.7199999999997999, 1, 3065.1050000000000182, 42.785764453870243074, 3058.7199999999997999, 1, 3065.1050000000000182, 39.99033459568182991, 3058.7199999999997999, 1
3065.1159999999999854, 62.437579292627049199, 3058.7249999999999091, 1, 3065.1159999999999854, 59.577708501660154639, 3058.7249999999999091, 1, 3065.1159999999999854, 42.736123471888575409, 3058.7249999999999091, 1, 3065.1159999999999854, 39.959753440182666395, 3058.7249999999999091, 1
3065.1350000000002183, 62.448298212894869152, 3058.7300000000000182, 1, 3065.1350000000002183, 59.630480020738062308, 3058.7300000000000182, 1, 3065.1350000000002183, 42.686053916302512334, 3058.7300000000000182, 1, 3065.1350000000002183, 39.945115662397206791, 3058.7300000000000182, 1
3065.1350000000002183, 62.439569679353930098, 3058.7350000000001273, 1, 3065.1350000000002183, 59.691776212950514946, 3058.7350000000001273, 1, 3065.1350000000002183, 42.631230411871769093, 3058.7350000000001273, 1, 3065.1350000000002183, 39.946393539028044017, 3058.7350000000001273, 1
3065.1449999999999818, 62.45778158007708214, 3058.7399999999997817, 1, 3065.1449999999999818, 59.822084585862810968, 3058.7399999999997817, 1, 3065.1449999999999818, 42.645477238552288668, 3058.7399999999997817, 1, 3065.1449999999999818, 39.817965770325812969, 3058.7399999999997817, 1
3065.1550000000002001, 62.418175527384150314, 3058.7449999999998909, 1, 3065.1550000000002001, 59.875940639324603865, 3058.7449999999998909, 1, 3065.1550000000002001, 42.603081983500686647, 3058.7449999999998909, 1, 3065.1550000000002001, 39.846374009562040897, 3058.7449999999998909, 1
3065.1660000000001673, 62.369287354795773126, 3058.7519999999999527, 1, 3065.1660000000001673, 59.927400114857455549, 3058.7519999999999527, 1, 3065.1660000000001673, 42.564693059329691494, 3058.7519999999999527, 1, 3065.1660000000001673, 39.886718971576215154, 3058.7519999999999527, 1
3065.1849999999999454, 62.308400796816059142, 3058.7550000000001091, 1, 3065.1849999999999454, 59.976112945652644726, 3058.7550000000001091, 1, 3065.1849999999999454, 42.530199123585695986, 3058.7550000000001091, 1, 3065.1849999999999454, 39.938183180124667615, 3058.7550000000001091, 1
3065.1950000000001637, 62.197857076929949471, 3058.7600000000002183, 1, 3065.1950000000001637, 59.94653065246045287, 3058.7600000000002183, 1, 3065.1950000000001637, 42.44183328997051774, 3058.7600000000002183, 1, 3065.1950000000001637, 40.132451447619111207, 3058.7600000000002183, 1
3065.1950000000001637, 62.123703383367683273, 3058.7649999999998727, 1, 3065.1950000000001637, 59.988660379623127028, 3058.7649999999998727, 1, 3065.1950000000001637, 42.415607046851235395, 3058.7649999999998727, 1, 3065.1950000000001637, 40.190878187216966921, 3058.7649999999998727, 1
3065.2049999999999272, 62.045390237598930128, 3058.7699999999999818, 1, 3065.2049999999999272, 60.027097426014435655, 3058.7699999999999818, 1, 3065.2049999999999272, 42.393476489405280461, 3058.7699999999999818, 1, 3065.2049999999999272, 40.256363313070337995, 3058.7699999999999818, 1
3065.2139999999999418, 61.964460026072700316, 3058.7750000000000909, 1, 3065.2139999999999418, 60.061684649355598253, 3058.7750000000000909, 1, 3065.2139999999999418, 42.375330137650394136, 3058.7750000000000909, 1, 3065.2139999999999418, 40.324649461237001447, 3058.7750000000000909, 1
3065.2240000000001601, 61.882304899994906577, 3058.7800000000002001, 1, 3065.2240000000001601, 60.092342262268658715, 3058.7800000000002001, 1, 3065.2240000000001601, 42.361010192935097507, 3058.7800000000002001, 1, 3065.2240000000001601, 40.394505069528818808, 3058.7800000000002001, 1
3065.2339999999999236, 61.838648964114504736, 3058.7860000000000582, 1, 3065.2339999999999236, 60.190438161893624169, 3058.7860000000000582, 0, 3065.2339999999999236, 42.408612761165301208, 3058.7860000000000582, 0, 3065.2339999999999236, 40.322191077304168516, 3058.7860000000000582, 1
3065.2429999999999382, 61.756796913528233972, 3058.7899999999999636, 1, 3065.2429999999999382, 60.212799668838371758, 3058.7899999999999636, 0, 3065.2429999999999382, 42.401032736819914248, 3058.7899999999999636, 0, 3065.2429999999999382, 40.391511870485445002, 3058.7899999999999636, 1
3065.2539999999999054, 61.676984262119283642, 3058.7959999999998217, 1, 3065.2539999999999054, 60.23134030912343917, 3058.7959999999998217, 0, 3065.2539999999999054, 42.396595374714763693, 3058.7959999999998217, 0, 3065.2539999999999054, 40.459431561418099932, 3058.7959999999998217, 1
3065.2640000000001237, 61.600028358452021848, 3058.8000000000001819, 1, 3065.2640000000001237, 60.246219565342244096, 3058.8000000000001819, 0, 3065.2640000000001237, 42.395032556595083406, 3058.8000000000001819, 0, 3065.2640000000001237, 40.525222670999170305, 3058.8000000000001819, 1
3065.2750000000000909, 61.494638388553440222, 3058.8049999999998363, 1, 3065.2750000000000909, 60.188399322647455847, 3058.8049999999998363, 0, 3065.2750000000000909, 42.339567610699376132, 3058.8049999999998363, 0, 3065.2750000000000909, 40.732359693759768504, 3058.8049999999998363, 1
3065.2950000000000728, 61.425977194170990003, 3058.8099999999999454, 1, 3065.2950000000000728, 60.197228047874702384, 3058.8099999999999454, 0, 3065.2950000000000728, 42.343183293314368143, 3058.8099999999999454, 0, 3065.2950000000000728, 40.792700005858606005, 3058.8099999999999454, 1
3065.2950000000000728, 61.358593368898894482, 3058.8150000000000546, 1, 3065.2950000000000728, 60.203351241678831229, 3058.8150000000000546, 0, 3065.2950000000000728, 42.348802756777651268, 3058.8150000000000546, 0, 3065.2950000000000728, 40.849388466703572931, 3058.8150000000000546, 1
3065.3049999999998363, 61.332511504394744861, 3058.8200000000001637, 1, 3065.3049999999998363, 60.273452801279077562, 3058.8200000000001637, 0, 3065.3049999999998363, 42.41181915909086797, 3058.8200000000001637, 0, 3065.3049999999998363, 40.756440398164599515, 3058.8200000000001637, 1
3065.3150000000000546, 61.244652581971941174, 3058.8249999999998181, 1, 3065.3150000000000546, 60.207097693452396925, 3058.8249999999998181, 0, 3065.3150000000000546, 42.364744900307407249, 3058.8249999999998181, 0, 3065.3150000000000546, 40.951196030696365824, 3058.8249999999998181, 1
3065.3240000000000691, 61.19559702273629398, 3058.8299999999999272, 1, 3065.3240000000000691, 60.205448786830991992, 3058.8299999999999272, 0, 3065.3240000000000691, 42.374656808132243668, 3058.8299999999999272, 0, 3065.3240000000000691, 40.995410173060882641, 3058.8299999999999272, 1
3065.3350000000000364, 61.151715763464501663, 3058.8350000000000364, 1, 3065.3350000000000364, 60.201887177695056153, 3058.8350000000000364, 0, 3065.3350000000000364, 42.385458620053938716, 3058.8350000000000364, 0, 3065.3350000000000364, 41.035229894936890105, 3058.8350000000000364, 1
3065.3460000000000036, 61.112500785215466692, 3058.8400000000001455, 1, 3065.3460000000000036, 60.196799560015975317, 3058.8400000000001455, 0, 3065.3460000000000036, 42.396658860058636265, 3058.8400000000001455, 0, 3065.3460000000000036, 41.072918049605263491, 3058.8400000000001455, 1
3065.3649999999997817, 61.078795188366555635, 3058.8449999999997999, 1, 3065.3649999999997817, 60.189856556399575993, 3058.8449999999997999, 0, 3065.3649999999997817, 42.409119715352382229, 3058.8449999999997999, 0, 3065.3649999999997817, 41.105258495399809249, 3058.8449999999997999, 1
3065.3649999999997817, 61.049970771543442538, 3058.8499999999999091, 1, 3065.3649999999997817, 60.182132023739683291, 3058.8499999999999091, 0, 3065.3649999999997817, 42.421184427397989225, 3058.8499999999999091, 0, 3065.3649999999997817, 41.130503219017768401, 3058.8499999999999091, 1
3065.375, 61.025825924076528395, 3058.8550000000000182, 1, 3065.375, 60.173967792502800478, 3058.8550000000000182, 0, 3065.375, 42.432651922584255999, 3058.8550000000000182, 0, 3065.375, 41.152004773702259399, 3058.8550000000000182, 1
3065.3949999999999818, 61.035901116638392239, 3058.8600000000001273, 1, 3065.3949999999999818, 60.227999602210758212, 3058.8600000000001273, 0, 3065.3949999999999818, 42.499143833385865321, 3058.8600000000001273, 0, 3065.3949999999999818, 41.021529039779082382, 3058.8600000000001273, 1
3065.3949999999999818, 61.020050672710951289, 3058.8649999999997817, 1, 3065.3949999999999818, 60.217544668971498822, 3058.8649999999997817, 0, 3065.3949999999999818, 42.511198260397399906, 3058.8649999999997817, 0, 3065.3949999999999818, 41.036946700285533041, 3058.8649999999997817, 1
3065.4050000000002001, 61.008126754118862323, 3058.8699999999998909, 1, 3065.4050000000002001, 60.207385272245971919, 3058.8699999999998909, 0, 3065.4050000000002001, 42.522252254401323057, 3058.8699999999998909, 0, 3065.4050000000002001, 41.047664724897813926, 3058.8699999999998909, 1
3065.4149999999999636, 60.999818281604014203, 3058.875, 1, 3065.4149999999999636, 60.197707140197117326, 3058.875, 0, 3065.4149999999999636, 42.532243874217030566, 3058.875, 0, 3065.4149999999999636, 41.055492507464791174, 3058.875, 1
3065.4259999999999309, 60.994803578942423883, 3058.8800000000001091, 1, 3065.4259999999999309, 60.187642036237541276, 3058.8800000000001091, 0, 3065.4259999999999309, 42.542155097136031827, 3058.8800000000001091, 0, 3065.4259999999999309, 41.060939923659233841, 3058.8800000000001091, 1
3065.4360000000001492, 60.992755908833217404, 3058.8850000000002183, 1, 3065.4360000000001492, 60.177835382819864662, 3058.8850000000002183, 0, 3065.4360000000001492, 42.55136886562413423, 3058.8850000000002183, 0, 3065.4360000000001492, 41.063763401720990487, 3058.8850000000002183, 1
3065.4450000000001637, 60.993348408564372676, 3058.8919999999998254, 1, 3065.4450000000001637, 60.167947738521164069, 3058.8919999999998254, 0, 3065.4450000000001637, 42.560225986969257406, 3058.8919999999998254, 0, 3065.4450000000001637, 41.064185292849288089, 3058.8919999999998254, 1
3065.4549999999999272, 60.99625843266098002, 3058.8949999999999818, 1, 3065.4549999999999272, 60.159005343347246253, 3058.8949999999999818, 0, 3065.4549999999999272, 42.567870020914753582, 3058.8949999999999818, 0, 3065.4549999999999272, 41.062515357408230443, 3058.8949999999999818, 1
3065.4650000000001455, 61.001171316584859028, 3058.9000000000000909, 1, 3065.4650000000001455, 60.151035866412769337, 3058.9000000000000909, 0, 3065.4650000000001455, 42.574358449553891148, 3058.9000000000000909, 0, 3065.4650000000001455, 41.059214174918658102, 3058.9000000000000909, 1
3065.4749999999999091, 61.007783581670793183, 3058.9050000000002001, 1, 3065.4749999999999091, 60.143241795955688644, 3058.9050000000002001, 0, 3065.4749999999999091, 42.580392806023382946, 3058.9050000000002001, 0, 3065.4749999999999091, 41.053948541706631659, 3058.9050000000002001, 1
3065.48700000000008, 60.986285550276150502, 3058.9099999999998545, 1, 3065.48700000000008, 60.074059231213205123, 3058.9099999999998545, 0, 3065.48700000000008, 42.530789008850128141, 3058.9099999999998545, 0, 3065.48700000000008, 41.200705145176463873, 3058.9099999999998545, 1
3065.4949999999998909, 60.995395595747055495, 3058.9149999999999636, 1, 3065.4949999999998909, 60.067645318550972888, 3058.9149999999999636, 0, 3065.4949999999998909, 42.53515565411381516, 3058.9149999999999636, 0, 3065.4949999999998909, 41.193663737392370194, 3058.9149999999999636, 1
3065.5050000000001091, 61.005366531947970543, 3058.9200000000000728, 1, 3065.5050000000001091, 60.062207560124271311, 3058.9200000000000728, 0, 3065.5050000000001091, 42.538556621008616787, 3058.9200000000000728, 0, 3065.5050000000001091, 41.185840268516088258, 3058.9200000000000728, 1
3065.5160000000000764, 61.01651043781001249, 3058.9250000000001819, 1, 3065.5160000000000764, 60.056703289920150723, 3058.9250000000001819, 0, 3065.5160000000000764, 42.541641016717434809, 3058.9250000000001819, 0, 3065.5160000000000764, 41.176055583495958956, 3058.9250000000001819, 1
3065.5259999999998399, 61.057918724804778776, 3058.9299999999998363, 1, 3065.5259999999998399, 60.114003589330600619, 3058.9299999999998363, 0, 3065.5259999999998399, 42.598972637960841325, 3058.9299999999998363, 0, 3065.5259999999998399, 41.012448415273240698, 3058.9299999999998363, 1
3065.5360000000000582, 61.069269296139623293, 3058.9349999999999454, 1, 3065.5360000000000582, 60.110649096189192164, 3058.9349999999999454, 0, 3065.5360000000000582, 42.600324927791952234, 3058.9349999999999454, 0, 3065.5360000000000582, 41.002864538706774056, 3058.9349999999999454, 1
3065.55600000000004, 61.08008971010437449, 3058.9400000000000546, 1, 3065.55600000000004, 60.107884050611460225, 3058.9400000000000546, 0, 3065.55600000000004, 42.601137303935942668, 3058.9400000000000546, 0, 3065.55600000000004, 40.994159395981583316, 3058.9400000000000546, 1
3065.55600000000004, 61.091365996837041052, 3058.9459999999999127, 1, 3065.55600000000004, 60.105607197018770194, 3058.9459999999999127, 0, 3065.55600000000004, 42.601435224807644886, 3058.9459999999999127, 0, 3065.55600000000004, 40.985006704755136298, 3058.9459999999999127, 1
3065.5760000000000218, 61.102945686508377321, 3058.9499999999998181, 1, 3065.5760000000000218, 60.103842604020016438, 3058.9499999999998181, 0, 3065.5760000000000218, 42.601193716828937852, 3058.9499999999998181, 0, 3065.5760000000000218, 40.974584858843051904, 3058.9499999999998181, 1
3065.5760000000000218, 61.113080004109193055, 3058.9549999999999272, 1, 3065.5760000000000218, 60.102697632450407639, 3058.9549999999999272, 0, 3065.5760000000000218, 42.600466716948282908, 3058.9549999999999272, 0, 3065.5760000000000218, 40.96493279478999483, 3058.9549999999999272, 1
3065.5850000000000364, 61.123287794262473938, 3058.9600000000000364, 1, 3065.5850000000000364, 60.10211391854217311, 3058.9600000000000364, 0, 3065.5850000000000364, 42.599442599249783825, 3058.9600000000000364, 0, 3065.5850000000000364, 40.95653759679663608, 3058.9600000000000364, 1
3065.5949999999997999, 61.132976252059663125, 3058.9659999999998945, 1, 3065.5949999999997999, 60.101988979406108626, 3058.9659999999998945, 0, 3065.5949999999997999, 42.59819396329719865, 3058.9659999999998945, 0, 3065.5949999999997999, 40.948943142387392413, 3058.9659999999998945, 1
3065.6069999999999709, 61.111266812604888798, 3058.9710000000000036, 1, 3065.6069999999999709, 60.03961673240804231, 3058.9710000000000036, 0, 3065.6069999999999709, 42.540870446883054967, 3058.9710000000000036, 0, 3065.6069999999999709, 41.093842685717746122, 3058.9710000000000036, 1
3065.6159999999999854, 61.119984753144557033, 3058.9749999999999091, 1, 3065.6159999999999854, 60.040175718017579243, 3058.9749999999999091, 0, 3065.6159999999999854, 42.538850102759177219, 3058.9749999999999091, 0, 3065.6159999999999854, 41.085587904207272913, 3058.9749999999999091, 1
3065.6260000000002037, 61.127588881962658718, 3058.9800000000000182, 1, 3065.6260000000002037, 60.041034359057789516, 3058.9800000000000182, 0, 3065.6260000000002037, 42.536744211687164352, 3058.9800000000000182, 0, 3065.6260000000002037, 41.078670099464929422, 3058.9800000000000182, 1
3065.6359999999999673, 61.13449710875794807, 3058.9850000000001273, 1, 3065.6359999999999673, 60.042160184524831834, 3058.9850000000001273, 0, 3065.6359999999999673, 42.534510809574236134, 3058.9850000000001273, 0, 3065.6359999999999673, 41.072660132321800575, 3058.9850000000001273, 1
3065.6460000000001855, 61.171917300266215989, 3058.9899999999997817, 1, 3065.6460000000001855, 60.106483120955488175, 3058.9899999999997817, 0, 3065.6460000000001855, 42.588008940557820381, 3058.9899999999997817, 0, 3065.6460000000001855, 40.914371896173776122, 3058.9899999999997817, 1
3065.668999999999869, 61.177511876210715513, 3058.9949999999998909, 1, 3065.668999999999869, 60.108083345882967308, 3058.9949999999998909, 0, 3065.668999999999869, 42.585679087523146791, 3058.9949999999998909, 0, 3065.668999999999869, 40.909307231339440136, 3058.9949999999998909, 1
3065.6720000000000255, 61.182186013048337259, 3059.0010000000002037, 1, 3065.6720000000000255, 60.109724562778481527, 3059.0010000000002037, 0, 3065.6720000000000255, 42.583339728932571688, 3059.0010000000002037, 0, 3065.6720000000000255, 40.904840378983465143, 3059.0010000000002037, 1
3065.6759999999999309, 61.186427253335217813, 3059.0050000000001091, 1, 3065.6759999999999309, 60.111544558806556893, 3059.0050000000001091, 0, 3065.6759999999999309, 42.581023538641311177, 3059.0050000000001091, 0, 3065.6759999999999309, 40.900958953200301949, 3059.0050000000001091, 1
3065.6860000000001492, 61.158763853540058619, 3059.0100000000002183, 1, 3065.6860000000001492, 60.050215870572962729, 3059.0100000000002183, 0, 3065.6860000000001492, 42.522921217070106081, 3059.0100000000002183, 0, 3065.6860000000001492, 41.049713190450368927, 3059.0100000000002183, 1
3065.6959999999999127, 61.16164894963299048, 3059.0149999999998727, 1, 3065.6959999999999127, 60.05206140140160187, 3059.0149999999998727, 0, 3065.6959999999999127, 42.520714463036441089, 3059.0149999999998727, 0, 3065.6959999999999127, 41.046892281454972817, 3059.0149999999998727, 1
3065.706000000000131, 61.163955619627458304, 3059.0199999999999818, 1, 3065.706000000000131, 60.053905325965473594, 3059.0199999999999818, 0, 3065.706000000000131, 42.518608749108778966, 3059.0199999999999818, 0, 3065.706000000000131, 41.044591990117211822, 3059.0199999999999818, 1
3065.7260000000001128, 61.16572260492161206, 3059.0250000000000909, 1, 3065.7260000000001128, 60.055721424956743704, 3059.0250000000000909, 0, 3065.7260000000001128, 42.516621663294273503, 3059.0250000000000909, 0, 3065.7260000000001128, 41.042780912658685111, 3059.0250000000000909, 1
3065.7280000000000655, 61.16700018353620294, 3059.0300000000002001, 1, 3065.7280000000000655, 60.057483964074535265, 3059.0300000000002001, 0, 3065.7280000000000655, 42.514779329568078481, 3059.0300000000002001, 0, 3065.7280000000000655, 41.041396991772998604, 3059.0300000000002001, 1
3065.7359999999998763, 61.167833520764553157, 3059.0349999999998545, 1, 3065.7359999999998763, 60.059173363069881191, 3059.0349999999998545, 0, 3065.7359999999998763, 42.513102514334775606, 3059.0349999999998545, 0, 3065.7359999999998763, 41.04038379536991954, 3059.0349999999998545, 1
3065.7460000000000946, 61.168234349642077063, 3059.0399999999999636, 1, 3065.7460000000000946, 60.060781727530887508, 3059.0399999999999636, 1, 3065.7460000000000946, 42.511542750525862289, 3059.0399999999999636, 1, 3065.7460000000000946, 41.039829221763383771, 3059.0399999999999636, 1
3065.7559999999998581, 61.168267042475449102, 3059.0450000000000728, 1, 3065.7559999999998581, 60.062290039427594479, 3059.0450000000000728, 1, 3065.7559999999998581, 42.510138885989491087, 3059.0450000000000728, 1, 3065.7559999999998581, 41.039619025814957354, 3059.0450000000000728, 1
3065.7759999999998399, 61.199650880512223239, 3059.0500000000001819, 1, 3065.7759999999998399, 60.127272782564674003, 3059.0500000000001819, 1, 3065.7759999999998399, 42.564772970639332073, 3059.0500000000001819, 1, 3065.7759999999998399, 40.888002251729709258, 3059.0500000000001819, 1
3065.7759999999998399, 61.199083426320491697, 3059.0549999999998363, 1, 3065.7759999999998399, 60.128564140382970038, 3059.0549999999998363, 1, 3065.7759999999998399, 42.563686428656467342, 3059.0549999999998363, 1, 3065.7759999999998399, 40.888378457076214545, 3059.0549999999998363, 1
3065.7860000000000582, 61.198317844203188542, 3059.0599999999999454, 1, 3065.7860000000000582, 60.129673952304003137, 3059.0599999999999454, 1, 3065.7860000000000582, 42.562795607936379838, 3059.0599999999999454, 1, 3065.7860000000000582, 40.888947219760886753, 3059.0599999999999454, 1
3065.7959999999998217, 61.197305259858310933, 3059.0650000000000546, 1, 3065.7959999999998217, 60.130712309780832925, 3059.0650000000000546, 1, 3065.7959999999998217, 42.562007870530408127, 3059.0650000000000546, 1, 3065.7959999999998217, 40.889741297020698596, 3059.0650000000000546, 1
3065.8159999999998035, 61.196064775314788164, 3059.0709999999999127, 1, 3065.8159999999998035, 60.131665846816986232, 3059.0709999999999127, 1, 3065.8159999999998035, 42.561332330759746867, 3059.0709999999999127, 1, 3065.8159999999998035, 40.890745354945025269, 3059.0709999999999127, 1
3065.8159999999998035, 61.194815039717084915, 3059.0749999999998181, 1, 3065.8159999999998035, 60.132406240149187227, 3059.0749999999998181, 1, 3065.8159999999998035, 42.560851855273241995, 3059.0749999999998181, 1, 3065.8159999999998035, 40.89177873329865065, 3059.0749999999998181, 1
3065.8359999999997854, 61.161747754322661308, 3059.0790000000001783, 1, 3065.8359999999997854, 60.069454783540336962, 3059.0790000000001783, 1, 3065.8359999999997854, 42.50467253097308884, 3059.0790000000001783, 1, 3065.8359999999997854, 41.044528576975160661, 3059.0790000000001783, 1
3065.8359999999997854, 61.160202625113825547, 3059.0839999999998327, 1, 3065.8359999999997854, 60.070022864063389534, 3059.0839999999998327, 1, 3065.8359999999997854, 42.504409517410024932, 3059.0839999999998327, 1, 3065.8359999999997854, 41.045862400268916304, 3059.0839999999998327, 1
3065.8470000000002074, 61.158689618171564462, 3059.0900000000001455, 1, 3065.8470000000002074, 60.070447078243020655, 3059.0900000000001455, 1, 3065.8470000000002074, 42.504274160419839745, 3059.0900000000001455, 1, 3065.8470000000002074, 41.047185314686245761, 3059.0900000000001455, 1
3065.8560000000002219, 61.157144517268832828, 3059.0949999999997999, 1, 3065.8560000000002219, 60.070760901545000365, 3059.0949999999997999, 1, 3065.8560000000002219, 42.504248920097978726, 3059.0949999999997999, 1, 3065.8560000000002219, 41.048514753173037661, 3059.0949999999997999, 1
3065.8649999999997817, 61.155623470156186272, 3059.0999999999999091, 1, 3065.8649999999997817, 60.070979533279327711, 3059.0999999999999091, 1, 3065.8649999999997817, 42.504304988207913141, 3059.0999999999999091, 1, 3065.8649999999997817, 41.04987179279078191, 3059.0999999999999091, 1
3065.8760000000002037, 61.154128426732441426, 3059.1050000000000182, 1, 3065.8760000000002037, 60.071106874201092296, 3059.1050000000000182, 1, 3065.8760000000002037, 42.504440961009322564, 3059.1050000000000182, 1, 3065.8760000000002037, 41.051217350617676516, 3059.1050000000000182, 1
3065.8859999999999673, 61.152675896281287748, 3059.1109999999998763, 1, 3065.8859999999999673, 60.071151208206565286, 3059.1109999999998763, 1, 3065.8859999999999673, 42.504646332603890357, 3059.1109999999998763, 1, 3065.8859999999999673, 41.052535470297314646, 3059.1109999999998763, 1
3065.8960000000001855, 61.151395634889063047, 3059.1149999999997817, 0, 3065.8960000000001855, 60.07112241776264483, 3059.1149999999997817, 1, 3065.8960000000001855, 42.504881202476482827, 3059.1149999999997817, 1, 3065.8960000000001855, 41.05368406734886122, 3059.1149999999997817, 0
, , 3059.1199999999998909, 0, , , 3059.1199999999998909, 1, , , 3059.1199999999998909, 1, , , 3059.1199999999998909, 0
, , 3059.125, 0, , , 3059.125, 1, , , 3059.125, 1, , , 3059.125, 0
, , 3059.1300000000001091, 0, , , 3059.1300000000001091, 1, , , 3059.1300000000001091, 1, , , 3059.1300000000001091, 0
, , 3059.1350000000002183, 0, , , 3059.1350000000002183, 1, , , 3059.1350000000002183, 1, , , 3059.1350000000002183, 0
, , 3059.1399999999998727, 0, , , 3059.1399999999998727, 1, , , 3059.1399999999998727, 1, , , 3059.1399999999998727, 0
, , 3059.1460000000001855, 0, , , 3059.1460000000001855, 1, , , 3059.1460000000001855, 1, , , 3059.1460000000001855, 0
, , 3059.1500000000000909, 0, , , 3059.1500000000000909, 1, , , 3059.1500000000000909, 1, , , 3059.1500000000000909, 0
, , 3059.1550000000002001, 0, , , 3059.1550000000002001, 1, , , 3059.1550000000002001, 1, , , 3059.1550000000002001, 0
, , 3059.1649999999999636, 0, , , 3059.1649999999999636, 1, , , 3059.1649999999999636, 1, , , 3059.1649999999999636, 0
, , 3059.1649999999999636, 0, , , 3059.1649999999999636, 1, , , 3059.1649999999999636, 1, , , 3059.1649999999999636, 0
, , 3059.1700000000000728, 0, , , 3059.1700000000000728, 1, , , 3059.1700000000000728, 1, , , 3059.1700000000000728, 0
, , 3059.1750000000001819, 0, , , 3059.1750000000001819, 1, , , 3059.1750000000001819, 1, , , 3059.1750000000001819, 0
, , 3059.1799999999998363, 0, , , 3059.1799999999998363, 1, , , 3059.1799999999998363, 1, , , 3059.1799999999998363, 0
, , 3059.1849999999999454, 0, , , 3059.1849999999999454, 1, , , 3059.1849999999999454, 1, , , 3059.1849999999999454, 0
, , 3059.1889999999998508, 0, , , 3059.1889999999998508, 1, , , 3059.1889999999998508, 1, , , 3059.1889999999998508, 0
, , 3059.1970000000001164, 0, , , 3059.1970000000001164, 1, , , 3059.1970000000001164, 1, , , 3059.1970000000001164, 0
, , 3059.1999999999998181, 0, , , 3059.1999999999998181, 1, , , 3059.1999999999998181, 1, , , 3059.1999999999998181, 0
, , 3059.2049999999999272, 0, , , 3059.2049999999999272, 1, , , 3059.2049999999999272, 1, , , 3059.2049999999999272, 0
, , 3059.2100000000000364, 0, , , 3059.2100000000000364, 1, , , 3059.2100000000000364, 1, , , 3059.2100000000000364, 0
, , 3059.2150000000001455, 0, , , 3059.2150000000001455, 1, , , 3059.2150000000001455, 1, , , 3059.2150000000001455, 0
, , 3059.2199999999997999, 0, , , 3059.2199999999997999, 1, , , 3059.2199999999997999, 1, , , 3059.2199999999997999, 0
, , 3059.2249999999999091, 0, , , 3059.2249999999999091, 1, , , 3059.2249999999999091, 1, , , 3059.2249999999999091, 0
, , 3059.2300000000000182, 0, , , 3059.2300000000000182, 1, , , 3059.2300000000000182, 1, , , 3059.2300000000000182, 0
, , 3059.2330000000001746, 0, , , 3059.2330000000001746, 1, , , 3059.2330000000001746, 1, , , 3059.2330000000001746, 0
, , 3059.2399999999997817, 0, , , 3059.2399999999997817, 1, , , 3059.2399999999997817, 1, , , 3059.2399999999997817, 0
, , 3059.2449999999998909, 0, , , 3059.2449999999998909, 1, , , 3059.2449999999998909, 1, , , 3059.2449999999998909, 0
, , 3059.25, 0, , , 3059.25, 1, , , 3059.25, 1, , , 3059.25, 0
, , 3059.2550000000001091, 0, , , 3059.2550000000001091, 1, , , 3059.2550000000001091, 1, , , 3059.2550000000001091, 0
, , 3059.2600000000002183, 0, , , 3059.2600000000002183, 1, , , 3059.2600000000002183, 1, , , 3059.2600000000002183, 0
, , 3059.2660000000000764, 0, , , 3059.2660000000000764, 1, , , 3059.2660000000000764, 1, , , 3059.2660000000000764, 0
, , 3059.2699999999999818, 0, , , 3059.2699999999999818, 1, , , 3059.2699999999999818, 1, , , 3059.2699999999999818, 0
, , 3059.2750000000000909, 0, , , 3059.2750000000000909, 1, , , 3059.2750000000000909, 1, , , 3059.2750000000000909, 0
, , 3059.2800000000002001, 0, , , 3059.2800000000002001, 1, , , 3059.2800000000002001, 1, , , 3059.2800000000002001, 0
, , 3059.2860000000000582, 0, , , 3059.2860000000000582, 1, , , 3059.2860000000000582, 1, , , 3059.2860000000000582, 0
, , 3059.2899999999999636, 0, , , 3059.2899999999999636, 1, , , 3059.2899999999999636, 1, , , 3059.2899999999999636, 0
, , 3059.2950000000000728, 0, , , 3059.2950000000000728, 1, , , 3059.2950000000000728, 1, , , 3059.2950000000000728, 0
, , 3059.3000000000001819, 0, , , 3059.3000000000001819, 1, , , 3059.3000000000001819, 1, , , 3059.3000000000001819, 0
, , 3059.30600000000004, 0, , , 3059.30600000000004, 1, , , 3059.30600000000004, 1, , , 3059.30600000000004, 0
, , 3059.3099999999999454, 0, , , 3059.3099999999999454, 1, , , 3059.3099999999999454, 1, , , 3059.3099999999999454, 0
, , 3059.3150000000000546, 0, , , 3059.3150000000000546, 1, , , 3059.3150000000000546, 1, , , 3059.3150000000000546, 0
, , 3059.3200000000001637, 0, , , 3059.3200000000001637, 1, , , 3059.3200000000001637, 1, , , 3059.3200000000001637, 0
, , 3059.3260000000000218, 0, , , 3059.3260000000000218, 1, , , 3059.3260000000000218, 1, , , 3059.3260000000000218, 0
, , 3059.331000000000131, 0, , , 3059.331000000000131, 1, , , 3059.331000000000131, 1, , , 3059.331000000000131, 0
, , 3059.3350000000000364, 0, , , 3059.3350000000000364, 1, , , 3059.3350000000000364, 1, , , 3059.3350000000000364, 0
, , 3059.3400000000001455, 0, , , 3059.3400000000001455, 1, , , 3059.3400000000001455, 1, , , 3059.3400000000001455, 0
, , 3059.3449999999997999, 0, , , 3059.3449999999997999, 1, , , 3059.3449999999997999, 1, , , 3059.3449999999997999, 0
, , 3059.3499999999999091, 0, , , 3059.3499999999999091, 1, , , 3059.3499999999999091, 1, , , 3059.3499999999999091, 0
, , 3059.3550000000000182, 0, , , 3059.3550000000000182, 1, , , 3059.3550000000000182, 1, , , 3059.3550000000000182, 0
, , 3059.36200000000008, 0, , , 3059.36200000000008, 1, , , 3059.36200000000008, 1, , , 3059.36200000000008, 0
, , 3059.3649999999997817, 1, , , 3059.3649999999997817, 1, , , 3059.3649999999997817, 1, , , 3059.3649999999997817, 1
, , 3059.3690000000001419, 1, , , 3059.3690000000001419, 1, , , 3059.3690000000001419, 1, , , 3059.3690000000001419, 1
, , 3059.375, 1, , , 3059.375, 1, , , 3059.375, 1, , , 3059.375, 1
, , 3059.3800000000001091, 1, , , 3059.3800000000001091, 1, , , 3059.3800000000001091, 1, , , 3059.3800000000001091, 1
, , 3059.3850000000002183, 1, , , 3059.3850000000002183, 1, , , 3059.3850000000002183, 1, , , 3059.3850000000002183, 1
, , 3059.3910000000000764, 1, , , 3059.3910000000000764, 1, , , 3059.3910000000000764, 1, , , 3059.3910000000000764, 1
, , 3059.3949999999999818, 1, , , 3059.3949999999999818, 1, , , 3059.3949999999999818, 1, , , 3059.3949999999999818, 1
, , 3059.4000000000000909, 1, , , 3059.4000000000000909, 1, , , 3059.4000000000000909, 1, , , 3059.4000000000000909, 1
, , 3059.4050000000002001, 1, , , 3059.4050000000002001, 1, , , 3059.4050000000002001, 1, , , 3059.4050000000002001, 1
, , 3059.4099999999998545, 1, , , 3059.4099999999998545, 1, , , 3059.4099999999998545, 1, , , 3059.4099999999998545, 1
, , 3059.4160000000001673, 1, , , 3059.4160000000001673, 1, , , 3059.4160000000001673, 1, , , 3059.4160000000001673, 1
, , 3059.4200000000000728, 1, , , 3059.4200000000000728, 1, , , 3059.4200000000000728, 1, , , 3059.4200000000000728, 1
, , 3059.4250000000001819, 1, , , 3059.4250000000001819, 1, , , 3059.4250000000001819, 1, , , 3059.4250000000001819, 1
, , 3059.4290000000000873, 1, , , 3059.4290000000000873, 1, , , 3059.4290000000000873, 1, , , 3059.4290000000000873, 1
, , 3059.4340000000001965, 1, , , 3059.4340000000001965, 1, , , 3059.4340000000001965, 1, , , 3059.4340000000001965, 1
, , 3059.4400000000000546, 1, , , 3059.4400000000000546, 0, , , 3059.4400000000000546, 0, , , 3059.4400000000000546, 1
, , 3059.4450000000001637, 1, , , 3059.4450000000001637, 0, , , 3059.4450000000001637, 0, , , 3059.4450000000001637, 1
, , 3059.4499999999998181, 1, , , 3059.4499999999998181, 0, , , 3059.4499999999998181, 0, , , 3059.4499999999998181, 1
, , 3059.4549999999999272, 1, , , 3059.4549999999999272, 0, , , 3059.4549999999999272, 0, , , 3059.4549999999999272, 1
, , 3059.4600000000000364, 1, , , 3059.4600000000000364, 0, , , 3059.4600000000000364, 0, , , 3059.4600000000000364, 1
, , 3059.4659999999998945, 1, , , 3059.4659999999998945, 0, , , 3059.4659999999998945, 0, , , 3059.4659999999998945, 1
, , 3059.4699999999997999, 1, , , 3059.4699999999997999, 0, , , 3059.4699999999997999, 0, , , 3059.4699999999997999, 1
, , 3059.4760000000001128, 1, , , 3059.4760000000001128, 0, , , 3059.4760000000001128, 0, , , 3059.4760000000001128, 1
, , 3059.4810000000002219, 1, , , 3059.4810000000002219, 0, , , 3059.4810000000002219, 0, , , 3059.4810000000002219, 1
, , 3059.4859999999998763, 1, , , 3059.4859999999998763, 0, , , 3059.4859999999998763, 0, , , 3059.4859999999998763, 1
, , 3059.4899999999997817, 1, , , 3059.4899999999997817, 0, , , 3059.4899999999997817, 0, , , 3059.4899999999997817, 1
, , 3059.4949999999998909, 1, , , 3059.4949999999998909, 0, , , 3059.4949999999998909, 0, , , 3059.4949999999998909, 1
, , 3059.5010000000002037, 1, , , 3059.5010000000002037, 0, , , 3059.5010000000002037, 0, , , 3059.5010000000002037, 1
, , 3059.5050000000001091, 1, , , 3059.5050000000001091, 0, , , 3059.5050000000001091, 0, , , 3059.5050000000001091, 1
, , 3059.5109999999999673, 1, , , 3059.5109999999999673, 0, , , 3059.5109999999999673, 0, , , 3059.5109999999999673, 1
, , 3059.5149999999998727, 1, , , 3059.5149999999998727, 0, , , 3059.5149999999998727, 0, , , 3059.5149999999998727, 1
, , 3059.5210000000001855, 1, , , 3059.5210000000001855, 0, , , 3059.5210000000001855, 0, , , 3059.5210000000001855, 1
, , 3059.5250000000000909, 1, , , 3059.5250000000000909, 0, , , 3059.5250000000000909, 0, , , 3059.5250000000000909, 1
, , 3059.5309999999999491, 1, , , 3059.5309999999999491, 0, , , 3059.5309999999999491, 0, , , 3059.5309999999999491, 1
, , 3059.5349999999998545, 1, , , 3059.5349999999998545, 0, , , 3059.5349999999998545, 0, , , 3059.5349999999998545, 1
, , 3059.5419999999999163, 1, , , 3059.5419999999999163, 0, , , 3059.5419999999999163, 0, , , 3059.5419999999999163, 1
, , 3059.5419999999999163, 1, , , 3059.5419999999999163, 0, , , 3059.5419999999999163, 0, , , 3059.5419999999999163, 1
, , 3059.5509999999999309, 1, , , 3059.5509999999999309, 0, , , 3059.5509999999999309, 0, , , 3059.5509999999999309, 1
, , 3059.5549999999998363, 1, , , 3059.5549999999998363, 0, , , 3059.5549999999998363, 0, , , 3059.5549999999998363, 1
, , 3059.5590000000001965, 1, , , 3059.5590000000001965, 0, , , 3059.5590000000001965, 0, , , 3059.5590000000001965, 1
, , 3059.5650000000000546, 1, , , 3059.5650000000000546, 0, , , 3059.5650000000000546, 0, , , 3059.5650000000000546, 1
, , 3059.5700000000001637, 1, , , 3059.5700000000001637, 0, , , 3059.5700000000001637, 0, , , 3059.5700000000001637, 1
, , 3059.5749999999998181, 1, , , 3059.5749999999998181, 0, , , 3059.5749999999998181, 0, , , 3059.5749999999998181, 1
, , 3059.5790000000001783, 1, , , 3059.5790000000001783, 0, , , 3059.5790000000001783, 0, , , 3059.5790000000001783, 1
, , 3059.5869999999999891, 1, , , 3059.5869999999999891, 0, , , 3059.5869999999999891, 0, , , 3059.5869999999999891, 1
, , 3059.5909999999998945, 1, , , 3059.5909999999998945, 0, , , 3059.5909999999998945, 0, , , 3059.5909999999998945, 1
, , 3059.5970000000002074, 1, , , 3059.5970000000002074, 0, , , 3059.5970000000002074, 0, , , 3059.5970000000002074, 1
, , 3059.5999999999999091, 1, , , 3059.5999999999999091, 0, , , 3059.5999999999999091, 0, , , 3059.5999999999999091, 1
, , 3059.6060000000002219, 1, , , 3059.6060000000002219, 0, , , 3059.6060000000002219, 0, , , 3059.6060000000002219, 1
, , 3059.6109999999998763, 1, , , 3059.6109999999998763, 0, , , 3059.6109999999998763, 0, , , 3059.6109999999998763, 1
, , 3059.612999999999829, 1, , , 3059.612999999999829, 0, , , 3059.612999999999829, 0, , , 3059.612999999999829, 1
, , 3059.6199999999998909, 1, , , 3059.6199999999998909, 0, , , 3059.6199999999998909, 0, , , 3059.6199999999998909, 1
, , 3059.6260000000002037, 1, , , 3059.6260000000002037, 0, , , 3059.6260000000002037, 0, , , 3059.6260000000002037, 1
, , 3059.6309999999998581, 1, , , 3059.6309999999998581, 0, , , 3059.6309999999998581, 0, , , 3059.6309999999998581, 1
, , 3059.6359999999999673, 1, , , 3059.6359999999999673, 0, , , 3059.6359999999999673, 0, , , 3059.6359999999999673, 1
, , 3059.6399999999998727, 1, , , 3059.6399999999998727, 0, , , 3059.6399999999998727, 0, , , 3059.6399999999998727, 1
, , 3059.6430000000000291, 1, , , 3059.6430000000000291, 0, , , 3059.6430000000000291, 0, , , 3059.6430000000000291, 1
, , 3059.6500000000000909, 1, , , 3059.6500000000000909, 0, , , 3059.6500000000000909, 0, , , 3059.6500000000000909, 1
, , 3059.6539999999999964, 1, , , 3059.6539999999999964, 0, , , 3059.6539999999999964, 0, , , 3059.6539999999999964, 1
, , 3059.6599999999998545, 1, , , 3059.6599999999998545, 0, , , 3059.6599999999998545, 0, , , 3059.6599999999998545, 1
, , 3059.6649999999999636, 1, , , 3059.6649999999999636, 0, , , 3059.6649999999999636, 0, , , 3059.6649999999999636, 1
, , 3059.6700000000000728, 1, , , 3059.6700000000000728, 0, , , 3059.6700000000000728, 0, , , 3059.6700000000000728, 1
, , 3059.6759999999999309, 1, , , 3059.6759999999999309, 0, , , 3059.6759999999999309, 0, , , 3059.6759999999999309, 1
, , 3059.6799999999998363, 1, , , 3059.6799999999998363, 0, , , 3059.6799999999998363, 0, , , 3059.6799999999998363, 1
, , 3059.6849999999999454, 1, , , 3059.6849999999999454, 0, , , 3059.6849999999999454, 0, , , 3059.6849999999999454, 1
, , 3059.6900000000000546, 1, , , 3059.6900000000000546, 1, , , 3059.6900000000000546, 1, , , 3059.6900000000000546, 1
, , 3059.6959999999999127, 1, , , 3059.6959999999999127, 1, , , 3059.6959999999999127, 1, , , 3059.6959999999999127, 1
, , 3059.7029999999999745, 1, , , 3059.7029999999999745, 1, , , 3059.7029999999999745, 1, , , 3059.7029999999999745, 1
, , 3059.7049999999999272, 1, , , 3059.7049999999999272, 1, , , 3059.7049999999999272, 1, , , 3059.7049999999999272, 1
, , 3059.7100000000000364, 1, , , 3059.7100000000000364, 1, , , 3059.7100000000000364, 1, , , 3059.7100000000000364, 1
, , 3059.7150000000001455, 1, , , 3059.7150000000001455, 1, , , 3059.7150000000001455, 1, , , 3059.7150000000001455, 1
, , 3059.7199999999997999, 1, , , 3059.7199999999997999, 1, , , 3059.7199999999997999, 1, , , 3059.7199999999997999, 1
, , 3059.7249999999999091, 1, , , 3059.7249999999999091, 1, , , 3059.7249999999999091, 1, , , 3059.7249999999999091, 1
, , 3059.7300000000000182, 1, , , 3059.7300000000000182, 1, , , 3059.7300000000000182, 1, , , 3059.7300000000000182, 1
, , 3059.7350000000001273, 1, , , 3059.7350000000001273, 1, , , 3059.7350000000001273, 1, , , 3059.7350000000001273, 1
, , 3059.7399999999997817, 1, , , 3059.7399999999997817, 1, , , 3059.7399999999997817, 1, , , 3059.7399999999997817, 1
, , 3059.7440000000001419, 1, , , 3059.7440000000001419, 1, , , 3059.7440000000001419, 1, , , 3059.7440000000001419, 1
, , 3059.75, 1, , , 3059.75, 1, , , 3059.75, 1, , , 3059.75, 1
, , 3059.7550000000001091, 1, , , 3059.7550000000001091, 1, , , 3059.7550000000001091, 1, , , 3059.7550000000001091, 1
, , 3059.7609999999999673, 1, , , 3059.7609999999999673, 1, , , 3059.7609999999999673, 1, , , 3059.7609999999999673, 1
, , 3059.7649999999998727, 0, , , 3059.7649999999998727, 1, , , 3059.7649999999998727, 1, , , 3059.7649999999998727, 0
, , 3059.7710000000001855, 0, , , 3059.7710000000001855, 1, , , 3059.7710000000001855, 1, , , 3059.7710000000001855, 0
, , 3059.7750000000000909, 0, , , 3059.7750000000000909, 1, , , 3059.7750000000000909, 1, , , 3059.7750000000000909, 0
, , 3059.7800000000002001, 0, , , 3059.7800000000002001, 1, , , 3059.7800000000002001, 1, , , 3059.7800000000002001, 0
, , 3059.7849999999998545, 0, , , 3059.7849999999998545, 1, , , 3059.7849999999998545, 1, , , 3059.7849999999998545, 0
, , 3059.7899999999999636, 0, , , 3059.7899999999999636, 1, , , 3059.7899999999999636, 1, , , 3059.7899999999999636, 0
, , 3059.7950000000000728, 0, , , 3059.7950000000000728, 1, , , 3059.7950000000000728, 1, , , 3059.7950000000000728, 0
, , 3059.8000000000001819, 0, , , 3059.8000000000001819, 1, , , 3059.8000000000001819, 1, , , 3059.8000000000001819, 0
, , 3059.8049999999998363, 0, , , 3059.8049999999998363, 1, , , 3059.8049999999998363, 1, , , 3059.8049999999998363, 0
, , 3059.8110000000001492, 0, , , 3059.8110000000001492, 1, , , 3059.8110000000001492, 1, , , 3059.8110000000001492, 0
, , 3059.8150000000000546, 0, , , 3059.8150000000000546, 1, , , 3059.8150000000000546, 1, , , 3059.8150000000000546, 0
, , 3059.8200000000001637, 0, , , 3059.8200000000001637, 1, , , 3059.8200000000001637, 1, , , 3059.8200000000001637, 0
, , 3059.8249999999998181, 0, , , 3059.8249999999998181, 1, , , 3059.8249999999998181, 1, , , 3059.8249999999998181, 0
, , 3059.831000000000131, 0, , , 3059.831000000000131, 1, , , 3059.831000000000131, 1, , , 3059.831000000000131, 0
, , 3059.8350000000000364, 0, , , 3059.8350000000000364, 1, , , 3059.8350000000000364, 1, , , 3059.8350000000000364, 0
, , 3059.8460000000000036, 0, , , 3059.8460000000000036, 1, , , 3059.8460000000000036, 1, , , 3059.8460000000000036, 0
, , 3059.8470000000002074, 0, , , 3059.8470000000002074, 1, , , 3059.8470000000002074, 1, , , 3059.8470000000002074, 0
, , 3059.8499999999999091, 0, , , 3059.8499999999999091, 1, , , 3059.8499999999999091, 1, , , 3059.8499999999999091, 0
, , 3059.8550000000000182, 0, , , 3059.8550000000000182, 1, , , 3059.8550000000000182, 1, , , 3059.8550000000000182, 0
, , 3059.8600000000001273, 0, , , 3059.8600000000001273, 1, , , 3059.8600000000001273, 1, , , 3059.8600000000001273, 0
, , 3059.8649999999997817, 0, , , 3059.8649999999997817, 1, , , 3059.8649999999997817, 1, , , 3059.8649999999997817, 0
, , 3059.8699999999998909, 0, , , 3059.8699999999998909, 1, , , 3059.8699999999998909, 1, , , 3059.8699999999998909, 0
, , 3059.875, 0, , , 3059.875, 1, , , 3059.875, 1, , , 3059.875, 0
, , 3059.8809999999998581, 0, , , 3059.8809999999998581, 1, , , 3059.8809999999998581, 1, , , 3059.8809999999998581, 0
, , 3059.8850000000002183, 0, , , 3059.8850000000002183, 1, , , 3059.8850000000002183, 1, , , 3059.8850000000002183, 0
, , 3059.8899999999998727, 0, , , 3059.8899999999998727, 1, , , 3059.8899999999998727, 1, , , 3059.8899999999998727, 0
, , 3059.8949999999999818, 0, , , 3059.8949999999999818, 1, , , 3059.8949999999999818, 1, , , 3059.8949999999999818, 0
, , 3059.9000000000000909, 0, , , 3059.9000000000000909, 1, , , 3059.9000000000000909, 1, , , 3059.9000000000000909, 0
, , 3059.9059999999999491, 0, , , 3059.9059999999999491, 1, , , 3059.9059999999999491, 1, , , 3059.9059999999999491, 0
, , 3059.9099999999998545, 0, , , 3059.9099999999998545, 1, , , 3059.9099999999998545, 1, , , 3059.9099999999998545, 0
, , 3059.9149999999999636, 0, , , 3059.9149999999999636, 1, , , 3059.9149999999999636, 1, , , 3059.9149999999999636, 0
, , 3059.9209999999998217, 0, , , 3059.9209999999998217, 1, , , 3059.9209999999998217, 1, , , 3059.9209999999998217, 0
, , 3059.9259999999999309, 0, , , 3059.9259999999999309, 1, , , 3059.9259999999999309, 1, , , 3059.9259999999999309, 0
, , 3059.9299999999998363, 0, , , 3059.9299999999998363, 1, , , 3059.9299999999998363, 1, , , 3059.9299999999998363, 0
, , 3059.9389999999998508, 0, , , 3059.9389999999998508, 1, , , 3059.9389999999998508, 1, , , 3059.9389999999998508, 0
, , 3059.9409999999998035, 0, , , 3059.9409999999998035, 1, , , 3059.9409999999998035, 1, , , 3059.9409999999998035, 0
, , 3059.9450000000001637, 0, , , 3059.9450000000001637, 1, , , 3059.9450000000001637, 1, , , 3059.9450000000001637, 0
, , 3059.9499999999998181, 0, , , 3059.9499999999998181, 1, , , 3059.9499999999998181, 1, , , 3059.9499999999998181, 0
, , 3059.9549999999999272, 0, , , 3059.9549999999999272, 1, , , 3059.9549999999999272, 1, , , 3059.9549999999999272, 0
, , 3059.9609999999997854, 0, , , 3059.9609999999997854, 1, , , 3059.9609999999997854, 1, , , 3059.9609999999997854, 0
, , 3059.9650000000001455, 0, , , 3059.9650000000001455, 1, , , 3059.9650000000001455, 1, , , 3059.9650000000001455, 0
, , 3059.9699999999997999, 0, , , 3059.9699999999997999, 1, , , 3059.9699999999997999, 1, , , 3059.9699999999997999, 0
, , 3059.9749999999999091, 0, , , 3059.9749999999999091, 1, , , 3059.9749999999999091, 1, , , 3059.9749999999999091, 0
, , 3059.9800000000000182, 0, , , 3059.9800000000000182, 1, , , 3059.9800000000000182, 1, , , 3059.9800000000000182, 0
, , 3059.9850000000001273, 0, , , 3059.9850000000001273, 1, , , 3059.9850000000001273, 1, , , 3059.9850000000001273, 0
, , 3059.9899999999997817, 0, , , 3059.9899999999997817, 1, , , 3059.9899999999997817, 1, , , 3059.9899999999997817, 0
, , 3059.9949999999998909, 0, , , 3059.9949999999998909, 1, , , 3059.9949999999998909, 1, , , 3059.9949999999998909, 0
, , 3060, 0, , , 3060, 1, , , 3060, 1, , , 3060, 0
, , 3060.0050000000001091, 0, , , 3060.0050000000001091, 1, , , 3060.0050000000001091, 1, , , 3060.0050000000001091, 0
, , 3060.0100000000002183, 0, , , 3060.0100000000002183, 1, , , 3060.0100000000002183, 1, , , 3060.0100000000002183, 0
, , 3060.0149999999998727, 0, , , 3060.0149999999998727, 1, , , 3060.0149999999998727, 1, , , 3060.0149999999998727, 0
, , 3060.0199999999999818, 1, , , 3060.0199999999999818, 1, , , 3060.0199999999999818, 1, , , 3060.0199999999999818, 1
, , 3060.0250000000000909, 1, , , 3060.0250000000000909, 1, , , 3060.0250000000000909, 1, , , 3060.0250000000000909, 1
, , 3060.0289999999999964, 1, , , 3060.0289999999999964, 1, , , 3060.0289999999999964, 1, , , 3060.0289999999999964, 1
, , 3060.0349999999998545, 1, , , 3060.0349999999998545, 1, , , 3060.0349999999998545, 1, , , 3060.0349999999998545, 1
, , 3060.0410000000001673, 1, , , 3060.0410000000001673, 1, , , 3060.0410000000001673, 1, , , 3060.0410000000001673, 1
, , 3060.0450000000000728, 1, , , 3060.0450000000000728, 1, , , 3060.0450000000000728, 1, , , 3060.0450000000000728, 1
, , 3060.0500000000001819, 1, , , 3060.0500000000001819, 1, , , 3060.0500000000001819, 1, , , 3060.0500000000001819, 1
, , 3060.0540000000000873, 1, , , 3060.0540000000000873, 1, , , 3060.0540000000000873, 1, , , 3060.0540000000000873, 1
, , 3060.0599999999999454, 1, , , 3060.0599999999999454, 1, , , 3060.0599999999999454, 1, , , 3060.0599999999999454, 1
, , 3060.0650000000000546, 1, , , 3060.0650000000000546, 1, , , 3060.0650000000000546, 1, , , 3060.0650000000000546, 1
, , 3060.0700000000001637, 1, , , 3060.0700000000001637, 1, , , 3060.0700000000001637, 1, , , 3060.0700000000001637, 1
, , 3060.0740000000000691, 1, , , 3060.0740000000000691, 1, , , 3060.0740000000000691, 1, , , 3060.0740000000000691, 1
, , 3060.0799999999999272, 1, , , 3060.0799999999999272, 1, , , 3060.0799999999999272, 1, , , 3060.0799999999999272, 1
, , 3060.0859999999997854, 1, , , 3060.0859999999997854, 1, , , 3060.0859999999997854, 1, , , 3060.0859999999997854, 1
, , 3060.0900000000001455, 1, , , 3060.0900000000001455, 1, , , 3060.0900000000001455, 1, , , 3060.0900000000001455, 1
, , 3060.0970000000002074, 1, , , 3060.0970000000002074, 0, , , 3060.0970000000002074, 0, , , 3060.0970000000002074, 1
, , 3060.0999999999999091, 1, , , 3060.0999999999999091, 0, , , 3060.0999999999999091, 0, , , 3060.0999999999999091, 1
, , 3060.1050000000000182, 1, , , 3060.1050000000000182, 0, , , 3060.1050000000000182, 0, , , 3060.1050000000000182, 1
, , 3060.1100000000001273, 1, , , 3060.1100000000001273, 0, , , 3060.1100000000001273, 0, , , 3060.1100000000001273, 1
, , 3060.1159999999999854, 1, , , 3060.1159999999999854, 0, , , 3060.1159999999999854, 0, , , 3060.1159999999999854, 1
, , 3060.1199999999998909, 1, , , 3060.1199999999998909, 0, , , 3060.1199999999998909, 0, , , 3060.1199999999998909, 1
, , 3060.125, 1, , , 3060.125, 0, , , 3060.125, 0, , , 3060.125, 1
, , 3060.1300000000001091, 1, , , 3060.1300000000001091, 0, , , 3060.1300000000001091, 0, , , 3060.1300000000001091, 1
, , 3060.1350000000002183, 1, , , 3060.1350000000002183, 0, , , 3060.1350000000002183, 0, , , 3060.1350000000002183, 1
, , 3060.1399999999998727, 1, , , 3060.1399999999998727, 0, , , 3060.1399999999998727, 0, , , 3060.1399999999998727, 1
, , 3060.1449999999999818, 1, , , 3060.1449999999999818, 0, , , 3060.1449999999999818, 0, , , 3060.1449999999999818, 1
, , 3060.1509999999998399, 1, , , 3060.1509999999998399, 0, , , 3060.1509999999998399, 0, , , 3060.1509999999998399, 1
, , 3060.1559999999999491, 1, , , 3060.1559999999999491, 0, , , 3060.1559999999999491, 0, , , 3060.1559999999999491, 1
, , 3060.1599999999998545, 1, , , 3060.1599999999998545, 0, , , 3060.1599999999998545, 0, , , 3060.1599999999998545, 1
, , 3060.1649999999999636, 1, , , 3060.1649999999999636, 0, , , 3060.1649999999999636, 0, , , 3060.1649999999999636, 1
, , 3060.1709999999998217, 1, , , 3060.1709999999998217, 0, , , 3060.1709999999998217, 0, , , 3060.1709999999998217, 1
, , 3060.1759999999999309, 1, , , 3060.1759999999999309, 0, , , 3060.1759999999999309, 0, , , 3060.1759999999999309, 1
, , 3060.1799999999998363, 1, , , 3060.1799999999998363, 0, , , 3060.1799999999998363, 0, , , 3060.1799999999998363, 1
, , 3060.1860000000001492, 1, , , 3060.1860000000001492, 0, , , 3060.1860000000001492, 0, , , 3060.1860000000001492, 1
, , 3060.1900000000000546, 1, , , 3060.1900000000000546, 0, , , 3060.1900000000000546, 0, , , 3060.1900000000000546, 1
, , 3060.1950000000001637, 1, , , 3060.1950000000001637, 0, , , 3060.1950000000001637, 0, , , 3060.1950000000001637, 1
, , 3060.1999999999998181, 1, , , 3060.1999999999998181, 0, , , 3060.1999999999998181, 0, , , 3060.1999999999998181, 1
, , 3060.2049999999999272, 1, , , 3060.2049999999999272, 0, , , 3060.2049999999999272, 0, , , 3060.2049999999999272, 1
, , 3060.2109999999997854, 1, , , 3060.2109999999997854, 0, , , 3060.2109999999997854, 0, , , 3060.2109999999997854, 1
, , 3060.2159999999998945, 1, , , 3060.2159999999998945, 0, , , 3060.2159999999998945, 0, , , 3060.2159999999998945, 1
, , 3060.2199999999997999, 1, , , 3060.2199999999997999, 0, , , 3060.2199999999997999, 0, , , 3060.2199999999997999, 1
, , 3060.2249999999999091, 1, , , 3060.2249999999999091, 0, , , 3060.2249999999999091, 0, , , 3060.2249999999999091, 1
, , 3060.2300000000000182, 1, , , 3060.2300000000000182, 0, , , 3060.2300000000000182, 0, , , 3060.2300000000000182, 1
, , 3060.2350000000001273, 1, , , 3060.2350000000001273, 0, , , 3060.2350000000001273, 0, , , 3060.2350000000001273, 1
, , 3060.2399999999997817, 1, , , 3060.2399999999997817, 0, , , 3060.2399999999997817, 0, , , 3060.2399999999997817, 1
, , 3060.2449999999998909, 1, , , 3060.2449999999998909, 0, , , 3060.2449999999998909, 0, , , 3060.2449999999998909, 1
, , 3060.25, 1, , , 3060.25, 0, , , 3060.25, 0, , , 3060.25, 1
, , 3060.2550000000001091, 1, , , 3060.2550000000001091, 0, , , 3060.2550000000001091, 0, , , 3060.2550000000001091, 1
, , 3060.2600000000002183, 1, , , 3060.2600000000002183, 0, , , 3060.2600000000002183, 0, , , 3060.2600000000002183, 1
, , 3060.2719999999999345, 1, , , 3060.2719999999999345, 0, , , 3060.2719999999999345, 0, , , 3060.2719999999999345, 1
, , 3060.2719999999999345, 1, , , 3060.2719999999999345, 0, , , 3060.2719999999999345, 0, , , 3060.2719999999999345, 1
, , 3060.2759999999998399, 1, , , 3060.2759999999998399, 0, , , 3060.2759999999998399, 0, , , 3060.2759999999998399, 1
, , 3060.2800000000002001, 1, , , 3060.2800000000002001, 0, , , 3060.2800000000002001, 0, , , 3060.2800000000002001, 1
, , 3060.2860000000000582, 1, , , 3060.2860000000000582, 0, , , 3060.2860000000000582, 0, , , 3060.2860000000000582, 1
, , 3060.2899999999999636, 1, , , 3060.2899999999999636, 0, , , 3060.2899999999999636, 0, , , 3060.2899999999999636, 1
, , 3060.2950000000000728, 1, , , 3060.2950000000000728, 0, , , 3060.2950000000000728, 0, , , 3060.2950000000000728, 1
, , 3060.3000000000001819, 1, , , 3060.3000000000001819, 0, , , 3060.3000000000001819, 0, , , 3060.3000000000001819, 1
, , 3060.30600000000004, 1, , , 3060.30600000000004, 0, , , 3060.30600000000004, 0, , , 3060.30600000000004, 1
, , 3060.3099999999999454, 1, , , 3060.3099999999999454, 0, , , 3060.3099999999999454, 0, , , 3060.3099999999999454, 1
, , 3060.3150000000000546, 1, , , 3060.3150000000000546, 0, , , 3060.3150000000000546, 0, , , 3060.3150000000000546, 1
, , 3060.3200000000001637, 1, , , 3060.3200000000001637, 0, , , 3060.3200000000001637, 0, , , 3060.3200000000001637, 1
, , 3060.3249999999998181, 1, , , 3060.3249999999998181, 0, , , 3060.3249999999998181, 0, , , 3060.3249999999998181, 1
, , 3060.3299999999999272, 1, , , 3060.3299999999999272, 0, , , 3060.3299999999999272, 0, , , 3060.3299999999999272, 1
, , 3060.3350000000000364, 1, , , 3060.3350000000000364, 0, , , 3060.3350000000000364, 0, , , 3060.3350000000000364, 1
, , 3060.3400000000001455, 1, , , 3060.3400000000001455, 0, , , 3060.3400000000001455, 0, , , 3060.3400000000001455, 1
, , 3060.3449999999997999, 1, , , 3060.3449999999997999, 1, , , 3060.3449999999997999, 1, , , 3060.3449999999997999, 1
, , 3060.3499999999999091, 1, , , 3060.3499999999999091, 1, , , 3060.3499999999999091, 1, , , 3060.3499999999999091, 1
, , 3060.3550000000000182, 1, , , 3060.3550000000000182, 1, , , 3060.3550000000000182, 1, , , 3060.3550000000000182, 1
, , 3060.3600000000001273, 1, , , 3060.3600000000001273, 1, , , 3060.3600000000001273, 1, , , 3060.3600000000001273, 1
, , 3060.3659999999999854, 1, , , 3060.3659999999999854, 1, , , 3060.3659999999999854, 1, , , 3060.3659999999999854, 1
, , 3060.3699999999998909, 1, , , 3060.3699999999998909, 1, , , 3060.3699999999998909, 1, , , 3060.3699999999998909, 1
, , 3060.3760000000002037, 1, , , 3060.3760000000002037, 1, , , 3060.3760000000002037, 1, , , 3060.3760000000002037, 1
, , 3060.3800000000001091, 1, , , 3060.3800000000001091, 1, , , 3060.3800000000001091, 1, , , 3060.3800000000001091, 1
, , 3060.3850000000002183, 1, , , 3060.3850000000002183, 1, , , 3060.3850000000002183, 1, , , 3060.3850000000002183, 1
, , 3060.3899999999998727, 1, , , 3060.3899999999998727, 1, , , 3060.3899999999998727, 1, , , 3060.3899999999998727, 1
, , 3060.3960000000001855, 1, , , 3060.3960000000001855, 1, , , 3060.3960000000001855, 1, , , 3060.3960000000001855, 1
, , 3060.4009999999998399, 1, , , 3060.4009999999998399, 1, , , 3060.4009999999998399, 1, , , 3060.4009999999998399, 1
, , 3060.4050000000002001, 1, , , 3060.4050000000002001, 1, , , 3060.4050000000002001, 1, , , 3060.4050000000002001, 1
, , 3060.4099999999998545, 1, , , 3060.4099999999998545, 1, , , 3060.4099999999998545, 1, , , 3060.4099999999998545, 1
, , 3060.4149999999999636, 1, , , 3060.4149999999999636, 1, , , 3060.4149999999999636, 1, , , 3060.4149999999999636, 1
, , 3060.4200000000000728, 0, , , 3060.4200000000000728, 1, , , 3060.4200000000000728, 1, , , 3060.4200000000000728, 0
, , 3060.4250000000001819, 0, , , 3060.4250000000001819, 1, , , 3060.4250000000001819, 1, , , 3060.4250000000001819, 0
, , 3060.4299999999998363, 0, , , 3060.4299999999998363, 1, , , 3060.4299999999998363, 1, , , 3060.4299999999998363, 0
, , 3060.4349999999999454, 0, , , 3060.4349999999999454, 1, , , 3060.4349999999999454, 1, , , 3060.4349999999999454, 0
, , 3060.4400000000000546, 0, , , 3060.4400000000000546, 1, , , 3060.4400000000000546, 1, , , 3060.4400000000000546, 0
, , 3060.4450000000001637, 0, , , 3060.4450000000001637, 1, , , 3060.4450000000001637, 1, , , 3060.4450000000001637, 0
, , 3060.4499999999998181, 0, , , 3060.4499999999998181, 1, , , 3060.4499999999998181, 1, , , 3060.4499999999998181, 0
, , 3060.4549999999999272, 0, , , 3060.4549999999999272, 1, , , 3060.4549999999999272, 1, , , 3060.4549999999999272, 0
, , 3060.4600000000000364, 0, , , 3060.4600000000000364, 1, , , 3060.4600000000000364, 1, , , 3060.4600000000000364, 0
, , 3060.4650000000001455, 0, , , 3060.4650000000001455, 1, , , 3060.4650000000001455, 1, , , 3060.4650000000001455, 0
, , 3060.4699999999997999, 0, , , 3060.4699999999997999, 1, , , 3060.4699999999997999, 1, , , 3060.4699999999997999, 0
, , 3060.4749999999999091, 0, , , 3060.4749999999999091, 1, , , 3060.4749999999999091, 1, , , 3060.4749999999999091, 0
, , 3060.4800000000000182, 0, , , 3060.4800000000000182, 1, , , 3060.4800000000000182, 1, , , 3060.4800000000000182, 0
, , 3060.4859999999998763, 0, , , 3060.4859999999998763, 1, , , 3060.4859999999998763, 1, , , 3060.4859999999998763, 0
, , 3060.4899999999997817, 0, , , 3060.4899999999997817, 1, , , 3060.4899999999997817, 1, , , 3060.4899999999997817, 0
, , 3060.4949999999998909, 0, , , 3060.4949999999998909, 1, , , 3060.4949999999998909, 1, , , 3060.4949999999998909, 0
, , 3060.5010000000002037, 0, , , 3060.5010000000002037, 1, , , 3060.5010000000002037, 1, , , 3060.5010000000002037, 0
, , 3060.5059999999998581, 0, , , 3060.5059999999998581, 1, , , 3060.5059999999998581, 1, , , 3060.5059999999998581, 0
, , 3060.5100000000002183, 0, , , 3060.5100000000002183, 1, , , 3060.5100000000002183, 1, , , 3060.5100000000002183, 0
, , 3060.5160000000000764, 0, , , 3060.5160000000000764, 1, , , 3060.5160000000000764, 1, , , 3060.5160000000000764, 0
, , 3060.5219999999999345, 0, , , 3060.5219999999999345, 1, , , 3060.5219999999999345, 1, , , 3060.5219999999999345, 0
, , 3060.5250000000000909, 0, , , 3060.5250000000000909, 1, , , 3060.5250000000000909, 1, , , 3060.5250000000000909, 0
, , 3060.5300000000002001, 0, , , 3060.5300000000002001, 1, , , 3060.5300000000002001, 1, , , 3060.5300000000002001, 0
, , 3060.5349999999998545, 0, , , 3060.5349999999998545, 1, , , 3060.5349999999998545, 1, , , 3060.5349999999998545, 0
, , 3060.5399999999999636, 0, , , 3060.5399999999999636, 1, , , 3060.5399999999999636, 1, , , 3060.5399999999999636, 0
, , 3060.5450000000000728, 0, , , 3060.5450000000000728, 1, , , 3060.5450000000000728, 1, , , 3060.5450000000000728, 0
, , 3060.5509999999999309, 0, , , 3060.5509999999999309, 1, , , 3060.5509999999999309, 1, , , 3060.5509999999999309, 0
, , 3060.5549999999998363, 0, , , 3060.5549999999998363, 1, , , 3060.5549999999998363, 1, , , 3060.5549999999998363, 0
, , 3060.5610000000001492, 0, , , 3060.5610000000001492, 1, , , 3060.5610000000001492, 1, , , 3060.5610000000001492, 0
, , 3060.5639999999998508, 0, , , 3060.5639999999998508, 1, , , 3060.5639999999998508, 1, , , 3060.5639999999998508, 0
, , 3060.5700000000001637, 0, , , 3060.5700000000001637, 1, , , 3060.5700000000001637, 1, , , 3060.5700000000001637, 0
, , 3060.5749999999998181, 0, , , 3060.5749999999998181, 1, , , 3060.5749999999998181, 1, , , 3060.5749999999998181, 0
, , 3060.5799999999999272, 0, , , 3060.5799999999999272, 1, , , 3060.5799999999999272, 1, , , 3060.5799999999999272, 0
, , 3060.5850000000000364, 0, , , 3060.5850000000000364, 1, , , 3060.5850000000000364, 1, , , 3060.5850000000000364, 0
, , 3060.5900000000001455, 0, , , 3060.5900000000001455, 1, , , 3060.5900000000001455, 1, , , 3060.5900000000001455, 0
, , 3060.5960000000000036, 0, , , 3060.5960000000000036, 1, , , 3060.5960000000000036, 1, , , 3060.5960000000000036, 0
, , 3060.5999999999999091, 0, , , 3060.5999999999999091, 1, , , 3060.5999999999999091, 1, , , 3060.5999999999999091, 0
, , 3060.6050000000000182, 0, , , 3060.6050000000000182, 1, , , 3060.6050000000000182, 1, , , 3060.6050000000000182, 0
, , 3060.6100000000001273, 0, , , 3060.6100000000001273, 1, , , 3060.6100000000001273, 1, , , 3060.6100000000001273, 0
, , 3060.6170000000001892, 0, , , 3060.6170000000001892, 1, , , 3060.6170000000001892, 1, , , 3060.6170000000001892, 0
, , 3060.6199999999998909, 0, , , 3060.6199999999998909, 1, , , 3060.6199999999998909, 1, , , 3060.6199999999998909, 0
, , 3060.625, 0, , , 3060.625, 1, , , 3060.625, 1, , , 3060.625, 0
, , 3060.6300000000001091, 0, , , 3060.6300000000001091, 1, , , 3060.6300000000001091, 1, , , 3060.6300000000001091, 0
, , 3060.6350000000002183, 0, , , 3060.6350000000002183, 1, , , 3060.6350000000002183, 1, , , 3060.6350000000002183, 0
, , 3060.6399999999998727, 0, , , 3060.6399999999998727, 1, , , 3060.6399999999998727, 1, , , 3060.6399999999998727, 0
, , 3060.6449999999999818, 0, , , 3060.6449999999999818, 1, , , 3060.6449999999999818, 1, , , 3060.6449999999999818, 0
, , 3060.6509999999998399, 0, , , 3060.6509999999998399, 1, , , 3060.6509999999998399, 1, , , 3060.6509999999998399, 0
, , 3060.6559999999999491, 0, , , 3060.6559999999999491, 1, , , 3060.6559999999999491, 1, , , 3060.6559999999999491, 0
, , 3060.6610000000000582, 0, , , 3060.6610000000000582, 1, , , 3060.6610000000000582, 1, , , 3060.6610000000000582, 0
, , 3060.6649999999999636, 0, , , 3060.6649999999999636, 1, , , 3060.6649999999999636, 1, , , 3060.6649999999999636, 0
, , 3060.6700000000000728, 1, , , 3060.6700000000000728, 1, , , 3060.6700000000000728, 1, , , 3060.6700000000000728, 1
, , 3060.6750000000001819, 1, , , 3060.6750000000001819, 1, , , 3060.6750000000001819, 1, , , 3060.6750000000001819, 1
, , 3060.6799999999998363, 1, , , 3060.6799999999998363, 1, , , 3060.6799999999998363, 1, , , 3060.6799999999998363, 1
, , 3060.6849999999999454, 1, , , 3060.6849999999999454, 1, , , 3060.6849999999999454, 1, , , 3060.6849999999999454, 1
, , 3060.6900000000000546, 1, , , 3060.6900000000000546, 1, , , 3060.6900000000000546, 1, , , 3060.6900000000000546, 1
, , 3060.69399999999996, 1, , , 3060.69399999999996, 1, , , 3060.69399999999996, 1, , , 3060.69399999999996, 1
, , 3060.7010000000000218, 1, , , 3060.7010000000000218, 1, , , 3060.7010000000000218, 1, , , 3060.7010000000000218, 1
, , 3060.7049999999999272, 1, , , 3060.7049999999999272, 1, , , 3060.7049999999999272, 1, , , 3060.7049999999999272, 1
, , 3060.7100000000000364, 1, , , 3060.7100000000000364, 1, , , 3060.7100000000000364, 1, , , 3060.7100000000000364, 1
, , 3060.7150000000001455, 1, , , 3060.7150000000001455, 1, , , 3060.7150000000001455, 1, , , 3060.7150000000001455, 1
, , 3060.7199999999997999, 1, , , 3060.7199999999997999, 1, , , 3060.7199999999997999, 1, , , 3060.7199999999997999, 1
, , 3060.7260000000001128, 1, , , 3060.7260000000001128, 1, , , 3060.7260000000001128, 1, , , 3060.7260000000001128, 1
, , 3060.7310000000002219, 1, , , 3060.7310000000002219, 1, , , 3060.7310000000002219, 1, , , 3060.7310000000002219, 1
, , 3060.7339999999999236, 1, , , 3060.7339999999999236, 1, , , 3060.7339999999999236, 1, , , 3060.7339999999999236, 1
, , 3060.7399999999997817, 1, , , 3060.7399999999997817, 1, , , 3060.7399999999997817, 1, , , 3060.7399999999997817, 1
, , 3060.7460000000000946, 1, , , 3060.7460000000000946, 0, , , 3060.7460000000000946, 0, , , 3060.7460000000000946, 1
, , 3060.7510000000002037, 1, , , 3060.7510000000002037, 0, , , 3060.7510000000002037, 0, , , 3060.7510000000002037, 1
, , 3060.7550000000001091, 1, , , 3060.7550000000001091, 0, , , 3060.7550000000001091, 0, , , 3060.7550000000001091, 1
, , 3060.7600000000002183, 1, , , 3060.7600000000002183, 0, , , 3060.7600000000002183, 0, , , 3060.7600000000002183, 1
, , 3060.7660000000000764, 1, , , 3060.7660000000000764, 0, , , 3060.7660000000000764, 0, , , 3060.7660000000000764, 1
, , 3060.7689999999997781, 1, , , 3060.7689999999997781, 0, , , 3060.7689999999997781, 0, , , 3060.7689999999997781, 1
, , 3060.7759999999998399, 1, , , 3060.7759999999998399, 0, , , 3060.7759999999998399, 0, , , 3060.7759999999998399, 1
, , 3060.7800000000002001, 1, , , 3060.7800000000002001, 0, , , 3060.7800000000002001, 0, , , 3060.7800000000002001, 1
, , 3060.7849999999998545, 1, , , 3060.7849999999998545, 0, , , 3060.7849999999998545, 0, , , 3060.7849999999998545, 1
, , 3060.7899999999999636, 1, , , 3060.7899999999999636, 0, , , 3060.7899999999999636, 0, , , 3060.7899999999999636, 1
, , 3060.7950000000000728, 1, , , 3060.7950000000000728, 0, , , 3060.7950000000000728, 0, , , 3060.7950000000000728, 1
, , 3060.8000000000001819, 1, , , 3060.8000000000001819, 0, , , 3060.8000000000001819, 0, , , 3060.8000000000001819, 1
, , 3060.8040000000000873, 1, , , 3060.8040000000000873, 0, , , 3060.8040000000000873, 0, , , 3060.8040000000000873, 1
, , 3060.8099999999999454, 1, , , 3060.8099999999999454, 0, , , 3060.8099999999999454, 0, , , 3060.8099999999999454, 1
, , 3060.8159999999998035, 1, , , 3060.8159999999998035, 0, , , 3060.8159999999998035, 0, , , 3060.8159999999998035, 1
, , 3060.8200000000001637, 1, , , 3060.8200000000001637, 0, , , 3060.8200000000001637, 0, , , 3060.8200000000001637, 1
, , 3060.8249999999998181, 1, , , 3060.8249999999998181, 0, , , 3060.8249999999998181, 0, , , 3060.8249999999998181, 1
, , 3060.8299999999999272, 1, , , 3060.8299999999999272, 0, , , 3060.8299999999999272, 0, , , 3060.8299999999999272, 1
, , 3060.8350000000000364, 1, , , 3060.8350000000000364, 0, , , 3060.8350000000000364, 0, , , 3060.8350000000000364, 1
, , 3060.8420000000000982, 1, , , 3060.8420000000000982, 0, , , 3060.8420000000000982, 0, , , 3060.8420000000000982, 1
, , 3060.8449999999997999, 1, , , 3060.8449999999997999, 0, , , 3060.8449999999997999, 0, , , 3060.8449999999997999, 1
, , 3060.8499999999999091, 1, , , 3060.8499999999999091, 0, , , 3060.8499999999999091, 0, , , 3060.8499999999999091, 1
, , 3060.8550000000000182, 1, , , 3060.8550000000000182, 0, , , 3060.8550000000000182, 0, , , 3060.8550000000000182, 1
, , 3060.8600000000001273, 1, , , 3060.8600000000001273, 0, , , 3060.8600000000001273, 0, , , 3060.8600000000001273, 1
, , 3060.8659999999999854, 1, , , 3060.8659999999999854, 0, , , 3060.8659999999999854, 0, , , 3060.8659999999999854, 1
, , 3060.8699999999998909, 1, , , 3060.8699999999998909, 0, , , 3060.8699999999998909, 0, , , 3060.8699999999998909, 1
, , 3060.8739999999997963, 1, , , 3060.8739999999997963, 0, , , 3060.8739999999997963, 0, , , 3060.8739999999997963, 1
, , 3060.8800000000001091, 1, , , 3060.8800000000001091, 0, , , 3060.8800000000001091, 0, , , 3060.8800000000001091, 1
, , 3060.8850000000002183, 1, , , 3060.8850000000002183, 0, , , 3060.8850000000002183, 0, , , 3060.8850000000002183, 1
, , 3060.8899999999998727, 1, , , 3060.8899999999998727, 0, , , 3060.8899999999998727, 0, , , 3060.8899999999998727, 1
, , 3060.8949999999999818, 1, , , 3060.8949999999999818, 0, , , 3060.8949999999999818, 0, , , 3060.8949999999999818, 1
, , 3060.9029999999997926, 1, , , 3060.9029999999997926, 0, , , 3060.9029999999997926, 0, , , 3060.9029999999997926, 1
, , 3060.9050000000002001, 1, , , 3060.9050000000002001, 0, , , 3060.9050000000002001, 0, , , 3060.9050000000002001, 1
, , 3060.9099999999998545, 1, , , 3060.9099999999998545, 0, , , 3060.9099999999998545, 0, , , 3060.9099999999998545, 1
, , 3060.9160000000001673, 1, , , 3060.9160000000001673, 0, , , 3060.9160000000001673, 0, , , 3060.9160000000001673, 1
, , 3060.9200000000000728, 1, , , 3060.9200000000000728, 0, , , 3060.9200000000000728, 0, , , 3060.9200000000000728, 1
, , 3060.9250000000001819, 1, , , 3060.9250000000001819, 0, , , 3060.9250000000001819, 0, , , 3060.9250000000001819, 1
, , 3060.9299999999998363, 1, , , 3060.9299999999998363, 0, , , 3060.9299999999998363, 0, , , 3060.9299999999998363, 1
, , 3060.9349999999999454, 1, , , 3060.9349999999999454, 0, , , 3060.9349999999999454, 0, , , 3060.9349999999999454, 1
, , 3060.9400000000000546, 1, , , 3060.9400000000000546, 0, , , 3060.9400000000000546, 0, , , 3060.9400000000000546, 1
, , 3060.9450000000001637, 1, , , 3060.9450000000001637, 0, , , 3060.9450000000001637, 0, , , 3060.9450000000001637, 1
, , 3060.9499999999998181, 1, , , 3060.9499999999998181, 0, , , 3060.9499999999998181, 0, , , 3060.9499999999998181, 1
, , 3060.9549999999999272, 1, , , 3060.9549999999999272, 0, , , 3060.9549999999999272, 0, , , 3060.9549999999999272, 1
, , 3060.9600000000000364, 1, , , 3060.9600000000000364, 0, , , 3060.9600000000000364, 0, , , 3060.9600000000000364, 1
, , 3060.9650000000001455, 1, , , 3060.9650000000001455, 0, , , 3060.9650000000001455, 0, , , 3060.9650000000001455, 1
, , 3060.9699999999997999, 1, , , 3060.9699999999997999, 0, , , 3060.9699999999997999, 0, , , 3060.9699999999997999, 1
, , 3060.9749999999999091, 1, , , 3060.9749999999999091, 0, , , 3060.9749999999999091, 0, , , 3060.9749999999999091, 1
, , 3060.9800000000000182, 1, , , 3060.9800000000000182, 0, , , 3060.9800000000000182, 0, , , 3060.9800000000000182, 1
, , 3060.9859999999998763, 1, , , 3060.9859999999998763, 0, , , 3060.9859999999998763, 0, , , 3060.9859999999998763, 1
, , 3060.9899999999997817, 1, , , 3060.9899999999997817, 0, , , 3060.9899999999997817, 0, , , 3060.9899999999997817, 1
, , 3060.9960000000000946, 1, , , 3060.9960000000000946, 1, , , 3060.9960000000000946, 1, , , 3060.9960000000000946, 1
, , 3061.0010000000002037, 1, , , 3061.0010000000002037, 1, , , 3061.0010000000002037, 1, , , 3061.0010000000002037, 1
, , 3061.0050000000001091, 1, , , 3061.0050000000001091, 1, , , 3061.0050000000001091, 1, , , 3061.0050000000001091, 1
, , 3061.0100000000002183, 1, , , 3061.0100000000002183, 1, , , 3061.0100000000002183, 1, , , 3061.0100000000002183, 1
, , 3061.0149999999998727, 1, , , 3061.0149999999998727, 1, , , 3061.0149999999998727, 1, , , 3061.0149999999998727, 1
, , 3061.0199999999999818, 1, , , 3061.0199999999999818, 1, , , 3061.0199999999999818, 1, , , 3061.0199999999999818, 1
, , 3061.0250000000000909, 1, , , 3061.0250000000000909, 1, , , 3061.0250000000000909, 1, , , 3061.0250000000000909, 1
, , 3061.0300000000002001, 1, , , 3061.0300000000002001, 1, , , 3061.0300000000002001, 1, , , 3061.0300000000002001, 1
, , 3061.0360000000000582, 1, , , 3061.0360000000000582, 1, , , 3061.0360000000000582, 1, , , 3061.0360000000000582, 1
, , 3061.0410000000001673, 1, , , 3061.0410000000001673, 1, , , 3061.0410000000001673, 1, , , 3061.0410000000001673, 1
, , 3061.043999999999869, 1, , , 3061.043999999999869, 1, , , 3061.043999999999869, 1, , , 3061.043999999999869, 1
, , 3061.0500000000001819, 1, , , 3061.0500000000001819, 1, , , 3061.0500000000001819, 1, , , 3061.0500000000001819, 1
, , 3061.0549999999998363, 1, , , 3061.0549999999998363, 1, , , 3061.0549999999998363, 1, , , 3061.0549999999998363, 1
, , 3061.0599999999999454, 1, , , 3061.0599999999999454, 1, , , 3061.0599999999999454, 1, , , 3061.0599999999999454, 1
, , 3061.0650000000000546, 1, , , 3061.0650000000000546, 1, , , 3061.0650000000000546, 1, , , 3061.0650000000000546, 1
, , 3061.06899999999996, 0, , , 3061.06899999999996, 1, , , 3061.06899999999996, 1, , , 3061.06899999999996, 0
, , 3061.0749999999998181, 0, , , 3061.0749999999998181, 1, , , 3061.0749999999998181, 1, , , 3061.0749999999998181, 0
, , 3061.0790000000001783, 0, , , 3061.0790000000001783, 1, , , 3061.0790000000001783, 1, , , 3061.0790000000001783, 0
, , 3061.0859999999997854, 0, , , 3061.0859999999997854, 1, , , 3061.0859999999997854, 1, , , 3061.0859999999997854, 0
, , 3061.0889999999999418, 0, , , 3061.0889999999999418, 1, , , 3061.0889999999999418, 1, , , 3061.0889999999999418, 0
, , 3061.0949999999997999, 0, , , 3061.0949999999997999, 1, , , 3061.0949999999997999, 1, , , 3061.0949999999997999, 0
, , 3061.0999999999999091, 0, , , 3061.0999999999999091, 1, , , 3061.0999999999999091, 1, , , 3061.0999999999999091, 0
, , 3061.1050000000000182, 0, , , 3061.1050000000000182, 1, , , 3061.1050000000000182, 1, , , 3061.1050000000000182, 0
, , 3061.1100000000001273, 0, , , 3061.1100000000001273, 1, , , 3061.1100000000001273, 1, , , 3061.1100000000001273, 0
, , 3061.1149999999997817, 0, , , 3061.1149999999997817, 1, , , 3061.1149999999997817, 1, , , 3061.1149999999997817, 0
, , 3061.1210000000000946, 0, , , 3061.1210000000000946, 1, , , 3061.1210000000000946, 1, , , 3061.1210000000000946, 0
, , 3061.125, 0, , , 3061.125, 1, , , 3061.125, 1, , , 3061.125, 0
, , 3061.1300000000001091, 0, , , 3061.1300000000001091, 1, , , 3061.1300000000001091, 1, , , 3061.1300000000001091, 0
, , 3061.1350000000002183, 0, , , 3061.1350000000002183, 1, , , 3061.1350000000002183, 1, , , 3061.1350000000002183, 0
, , 3061.1390000000001237, 0, , , 3061.1390000000001237, 1, , , 3061.1390000000001237, 1, , , 3061.1390000000001237, 0
, , 3061.1449999999999818, 0, , , 3061.1449999999999818, 1, , , 3061.1449999999999818, 1, , , 3061.1449999999999818, 0
, , 3061.1500000000000909, 0, , , 3061.1500000000000909, 1, , , 3061.1500000000000909, 1, , , 3061.1500000000000909, 0
, , 3061.1579999999999018, 0, , , 3061.1579999999999018, 1, , , 3061.1579999999999018, 1, , , 3061.1579999999999018, 0
, , 3061.1599999999998545, 0, , , 3061.1599999999998545, 1, , , 3061.1599999999998545, 1, , , 3061.1599999999998545, 0
, , 3061.1649999999999636, 0, , , 3061.1649999999999636, 1, , , 3061.1649999999999636, 1, , , 3061.1649999999999636, 0
, , 3061.1700000000000728, 0, , , 3061.1700000000000728, 1, , , 3061.1700000000000728, 1, , , 3061.1700000000000728, 0
, , 3061.1750000000001819, 0, , , 3061.1750000000001819, 1, , , 3061.1750000000001819, 1, , , 3061.1750000000001819, 0
, , 3061.18100000000004, 0, , , 3061.18100000000004, 1, , , 3061.18100000000004, 1, , , 3061.18100000000004, 0
, , 3061.1849999999999454, 0, , , 3061.1849999999999454, 1, , , 3061.1849999999999454, 1, , , 3061.1849999999999454, 0
, , 3061.1909999999998035, 0, , , 3061.1909999999998035, 1, , , 3061.1909999999998035, 1, , , 3061.1909999999998035, 0
, , 3061.1950000000001637, 0, , , 3061.1950000000001637, 1, , , 3061.1950000000001637, 1, , , 3061.1950000000001637, 0
, , 3061.2040000000001783, 0, , , 3061.2040000000001783, 1, , , 3061.2040000000001783, 1, , , 3061.2040000000001783, 0
, , 3061.2069999999998799, 0, , , 3061.2069999999998799, 1, , , 3061.2069999999998799, 1, , , 3061.2069999999998799, 0
, , 3061.2100000000000364, 0, , , 3061.2100000000000364, 1, , , 3061.2100000000000364, 1, , , 3061.2100000000000364, 0
, , 3061.2159999999998945, 0, , , 3061.2159999999998945, 1, , , 3061.2159999999998945, 1, , , 3061.2159999999998945, 0
, , 3061.2199999999997999, 0, , , 3061.2199999999997999, 1, , , 3061.2199999999997999, 1, , , 3061.2199999999997999, 0
, , 3061.2260000000001128, 0, , , 3061.2260000000001128, 1, , , 3061.2260000000001128, 1, , , 3061.2260000000001128, 0
, , 3061.2300000000000182, 0, , , 3061.2300000000000182, 1, , , 3061.2300000000000182, 1, , , 3061.2300000000000182, 0
, , 3061.2359999999998763, 0, , , 3061.2359999999998763, 1, , , 3061.2359999999998763, 1, , , 3061.2359999999998763, 0
, , 3061.2399999999997817, 0, , , 3061.2399999999997817, 1, , , 3061.2399999999997817, 1, , , 3061.2399999999997817, 0
, , 3061.2460000000000946, 0, , , 3061.2460000000000946, 1, , , 3061.2460000000000946, 1, , , 3061.2460000000000946, 0
, , 3061.2510000000002037, 0, , , 3061.2510000000002037, 1, , , 3061.2510000000002037, 1, , , 3061.2510000000002037, 0
, , 3061.2550000000001091, 0, , , 3061.2550000000001091, 1, , , 3061.2550000000001091, 1, , , 3061.2550000000001091, 0
, , 3061.2609999999999673, 0, , , 3061.2609999999999673, 1, , , 3061.2609999999999673, 1, , , 3061.2609999999999673, 0
, , 3061.2660000000000764, 0, , , 3061.2660000000000764, 1, , , 3061.2660000000000764, 1, , , 3061.2660000000000764, 0
, , 3061.2699999999999818, 0, , , 3061.2699999999999818, 1, , , 3061.2699999999999818, 1, , , 3061.2699999999999818, 0
, , 3061.2750000000000909, 0, , , 3061.2750000000000909, 1, , , 3061.2750000000000909, 1, , , 3061.2750000000000909, 0
, , 3061.2809999999999491, 0, , , 3061.2809999999999491, 1, , , 3061.2809999999999491, 1, , , 3061.2809999999999491, 0
, , 3061.2809999999999491, 0, , , 3061.2809999999999491, 1, , , 3061.2809999999999491, 1, , , 3061.2809999999999491, 0
, , 3061.2899999999999636, 0, , , 3061.2899999999999636, 1, , , 3061.2899999999999636, 1, , , 3061.2899999999999636, 0
, , 3061.2950000000000728, 0, , , 3061.2950000000000728, 1, , , 3061.2950000000000728, 1, , , 3061.2950000000000728, 0
, , 3061.3000000000001819, 0, , , 3061.3000000000001819, 1, , , 3061.3000000000001819, 1, , , 3061.3000000000001819, 0
, , 3061.3049999999998363, 0, , , 3061.3049999999998363, 1, , , 3061.3049999999998363, 1, , , 3061.3049999999998363, 0
, , 3061.3099999999999454, 0, , , 3061.3099999999999454, 1, , , 3061.3099999999999454, 1, , , 3061.3099999999999454, 0
, , 3061.3150000000000546, 0, , , 3061.3150000000000546, 1, , , 3061.3150000000000546, 1, , , 3061.3150000000000546, 0
, , 3061.3200000000001637, 1, , , 3061.3200000000001637, 1, , , 3061.3200000000001637, 1, , , 3061.3200000000001637, 1
, , 3061.3249999999998181, 1, , , 3061.3249999999998181, 1, , , 3061.3249999999998181, 1, , , 3061.3249999999998181, 1
, , 3061.3319999999998799, 1, , , 3061.3319999999998799, 1, , , 3061.3319999999998799, 1, , , 3061.3319999999998799, 1
, , 3061.3350000000000364, 1, , , 3061.3350000000000364, 1, , , 3061.3350000000000364, 1, , , 3061.3350000000000364, 1
, , 3061.3400000000001455, 1, , , 3061.3400000000001455, 1, , , 3061.3400000000001455, 1, , , 3061.3400000000001455, 1
, , 3061.3449999999997999, 1, , , 3061.3449999999997999, 1, , , 3061.3449999999997999, 1, , , 3061.3449999999997999, 1
, , 3061.3510000000001128, 1, , , 3061.3510000000001128, 1, , , 3061.3510000000001128, 1, , , 3061.3510000000001128, 1
, , 3061.3550000000000182, 1, , , 3061.3550000000000182, 1, , , 3061.3550000000000182, 1, , , 3061.3550000000000182, 1
, , 3061.3609999999998763, 1, , , 3061.3609999999998763, 1, , , 3061.3609999999998763, 1, , , 3061.3609999999998763, 1
, , 3061.3649999999997817, 1, , , 3061.3649999999997817, 1, , , 3061.3649999999997817, 1, , , 3061.3649999999997817, 1
, , 3061.3699999999998909, 1, , , 3061.3699999999998909, 1, , , 3061.3699999999998909, 1, , , 3061.3699999999998909, 1
, , 3061.3760000000002037, 1, , , 3061.3760000000002037, 1, , , 3061.3760000000002037, 1, , , 3061.3760000000002037, 1
, , 3061.3800000000001091, 1, , , 3061.3800000000001091, 1, , , 3061.3800000000001091, 1, , , 3061.3800000000001091, 1
, , 3061.3859999999999673, 1, , , 3061.3859999999999673, 1, , , 3061.3859999999999673, 1, , , 3061.3859999999999673, 1
, , 3061.3910000000000764, 1, , , 3061.3910000000000764, 0, , , 3061.3910000000000764, 0, , , 3061.3910000000000764, 1
, , 3061.3949999999999818, 1, , , 3061.3949999999999818, 0, , , 3061.3949999999999818, 0, , , 3061.3949999999999818, 1
, , 3061.4000000000000909, 1, , , 3061.4000000000000909, 0, , , 3061.4000000000000909, 0, , , 3061.4000000000000909, 1
, , 3061.4059999999999491, 1, , , 3061.4059999999999491, 0, , , 3061.4059999999999491, 0, , , 3061.4059999999999491, 1
, , 3061.4099999999998545, 1, , , 3061.4099999999998545, 0, , , 3061.4099999999998545, 0, , , 3061.4099999999998545, 1
, , 3061.4160000000001673, 1, , , 3061.4160000000001673, 0, , , 3061.4160000000001673, 0, , , 3061.4160000000001673, 1
, , 3061.4200000000000728, 1, , , 3061.4200000000000728, 0, , , 3061.4200000000000728, 0, , , 3061.4200000000000728, 1
, , 3061.4250000000001819, 1, , , 3061.4250000000001819, 0, , , 3061.4250000000001819, 0, , , 3061.4250000000001819, 1
, , 3061.4299999999998363, 1, , , 3061.4299999999998363, 0, , , 3061.4299999999998363, 0, , , 3061.4299999999998363, 1
, , 3061.4349999999999454, 1, , , 3061.4349999999999454, 0, , , 3061.4349999999999454, 0, , , 3061.4349999999999454, 1
, , 3061.4409999999998035, 1, , , 3061.4409999999998035, 0, , , 3061.4409999999998035, 0, , , 3061.4409999999998035, 1
, , 3061.4450000000001637, 1, , , 3061.4450000000001637, 0, , , 3061.4450000000001637, 0, , , 3061.4450000000001637, 1
, , 3061.4510000000000218, 1, , , 3061.4510000000000218, 0, , , 3061.4510000000000218, 0, , , 3061.4510000000000218, 1
, , 3061.4549999999999272, 1, , , 3061.4549999999999272, 0, , , 3061.4549999999999272, 0, , , 3061.4549999999999272, 1
, , 3061.4600000000000364, 1, , , 3061.4600000000000364, 0, , , 3061.4600000000000364, 0, , , 3061.4600000000000364, 1
, , 3061.4650000000001455, 1, , , 3061.4650000000001455, 0, , , 3061.4650000000001455, 0, , , 3061.4650000000001455, 1
, , 3061.4699999999997999, 1, , , 3061.4699999999997999, 0, , , 3061.4699999999997999, 0, , , 3061.4699999999997999, 1
, , 3061.4749999999999091, 1, , , 3061.4749999999999091, 0, , , 3061.4749999999999091, 0, , , 3061.4749999999999091, 1
, , 3061.4810000000002219, 1, , , 3061.4810000000002219, 0, , , 3061.4810000000002219, 0, , , 3061.4810000000002219, 1
, , 3061.4850000000001273, 1, , , 3061.4850000000001273, 0, , , 3061.4850000000001273, 0, , , 3061.4850000000001273, 1
, , 3061.4909999999999854, 1, , , 3061.4909999999999854, 0, , , 3061.4909999999999854, 0, , , 3061.4909999999999854, 1
, , 3061.4949999999998909, 1, , , 3061.4949999999998909, 0, , , 3061.4949999999998909, 0, , , 3061.4949999999998909, 1
, , 3061.5, 1, , , 3061.5, 0, , , 3061.5, 0, , , 3061.5, 1
, , 3061.5050000000001091, 1, , , 3061.5050000000001091, 0, , , 3061.5050000000001091, 0, , , 3061.5050000000001091, 1
, , 3061.5100000000002183, 1, , , 3061.5100000000002183, 0, , , 3061.5100000000002183, 0, , , 3061.5100000000002183, 1
, , 3061.5149999999998727, 1, , , 3061.5149999999998727, 0, , , 3061.5149999999998727, 0, , , 3061.5149999999998727, 1
, , 3061.5210000000001855, 1, , , 3061.5210000000001855, 0, , , 3061.5210000000001855, 0, , , 3061.5210000000001855, 1
, , 3061.5250000000000909, 1, , , 3061.5250000000000909, 0, , , 3061.5250000000000909, 0, , , 3061.5250000000000909, 1
, , 3061.5300000000002001, 1, , , 3061.5300000000002001, 0, , , 3061.5300000000002001, 0, , , 3061.5300000000002001, 1
, , 3061.5349999999998545, 1, , , 3061.5349999999998545, 0, , , 3061.5349999999998545, 0, , , 3061.5349999999998545, 1
, , 3061.5399999999999636, 1, , , 3061.5399999999999636, 0, , , 3061.5399999999999636, 0, , , 3061.5399999999999636, 1
, , 3061.5450000000000728, 1, , , 3061.5450000000000728, 0, , , 3061.5450000000000728, 0, , , 3061.5450000000000728, 1
, , 3061.5500000000001819, 1, , , 3061.5500000000001819, 0, , , 3061.5500000000001819, 0, , , 3061.5500000000001819, 1
, , 3061.5549999999998363, 1, , , 3061.5549999999998363, 0, , , 3061.5549999999998363, 0, , , 3061.5549999999998363, 1
, , 3061.5599999999999454, 1, , , 3061.5599999999999454, 0, , , 3061.5599999999999454, 0, , , 3061.5599999999999454, 1
, , 3061.5650000000000546, 1, , , 3061.5650000000000546, 0, , , 3061.5650000000000546, 0, , , 3061.5650000000000546, 1
, , 3061.5700000000001637, 1, , , 3061.5700000000001637, 0, , , 3061.5700000000001637, 0, , , 3061.5700000000001637, 1
, , 3061.5749999999998181, 1, , , 3061.5749999999998181, 0, , , 3061.5749999999998181, 0, , , 3061.5749999999998181, 1
, , 3061.5799999999999272, 1, , , 3061.5799999999999272, 0, , , 3061.5799999999999272, 0, , , 3061.5799999999999272, 1
, , 3061.5859999999997854, 1, , , 3061.5859999999997854, 0, , , 3061.5859999999997854, 0, , , 3061.5859999999997854, 1
, , 3061.5900000000001455, 1, , , 3061.5900000000001455, 0, , , 3061.5900000000001455, 0, , , 3061.5900000000001455, 1
, , 3061.5979999999999563, 1, , , 3061.5979999999999563, 0, , , 3061.5979999999999563, 0, , , 3061.5979999999999563, 1
, , 3061.6010000000001128, 1, , , 3061.6010000000001128, 0, , , 3061.6010000000001128, 0, , , 3061.6010000000001128, 1
, , 3061.6050000000000182, 1, , , 3061.6050000000000182, 0, , , 3061.6050000000000182, 0, , , 3061.6050000000000182, 1
, , 3061.6109999999998763, 1, , , 3061.6109999999998763, 0, , , 3061.6109999999998763, 0, , , 3061.6109999999998763, 1
, , 3061.6159999999999854, 1, , , 3061.6159999999999854, 0, , , 3061.6159999999999854, 0, , , 3061.6159999999999854, 1
, , 3061.6199999999998909, 1, , , 3061.6199999999998909, 0, , , 3061.6199999999998909, 0, , , 3061.6199999999998909, 1
, , 3061.625, 1, , , 3061.625, 0, , , 3061.625, 0, , , 3061.625, 1
, , 3061.6300000000001091, 1, , , 3061.6300000000001091, 0, , , 3061.6300000000001091, 0, , , 3061.6300000000001091, 1
, , 3061.6359999999999673, 1, , , 3061.6359999999999673, 0, , , 3061.6359999999999673, 0, , , 3061.6359999999999673, 1
, , 3061.6399999999998727, 1, , , 3061.6399999999998727, 0, , , 3061.6399999999998727, 0, , , 3061.6399999999998727, 1
, , 3061.6449999999999818, 1, , , 3061.6449999999999818, 1, , , 3061.6449999999999818, 1, , , 3061.6449999999999818, 1
, , 3061.6520000000000437, 1, , , 3061.6520000000000437, 1, , , 3061.6520000000000437, 1, , , 3061.6520000000000437, 1
, , 3061.6559999999999491, 1, , , 3061.6559999999999491, 1, , , 3061.6559999999999491, 1, , , 3061.6559999999999491, 1
, , 3061.6599999999998545, 1, , , 3061.6599999999998545, 1, , , 3061.6599999999998545, 1, , , 3061.6599999999998545, 1
, , 3061.6660000000001673, 1, , , 3061.6660000000001673, 1, , , 3061.6660000000001673, 1, , , 3061.6660000000001673, 1
, , 3061.6720000000000255, 1, , , 3061.6720000000000255, 1, , , 3061.6720000000000255, 1, , , 3061.6720000000000255, 1
, , 3061.6750000000001819, 1, , , 3061.6750000000001819, 1, , , 3061.6750000000001819, 1, , , 3061.6750000000001819, 1
, , 3061.6799999999998363, 1, , , 3061.6799999999998363, 1, , , 3061.6799999999998363, 1, , , 3061.6799999999998363, 1
, , 3061.6849999999999454, 1, , , 3061.6849999999999454, 1, , , 3061.6849999999999454, 1, , , 3061.6849999999999454, 1
, , 3061.6900000000000546, 1, , , 3061.6900000000000546, 1, , , 3061.6900000000000546, 1, , , 3061.6900000000000546, 1
, , 3061.6950000000001637, 1, , , 3061.6950000000001637, 1, , , 3061.6950000000001637, 1, , , 3061.6950000000001637, 1
, , 3061.6999999999998181, 1, , , 3061.6999999999998181, 1, , , 3061.6999999999998181, 1, , , 3061.6999999999998181, 1
, , 3061.7049999999999272, 1, , , 3061.7049999999999272, 1, , , 3061.7049999999999272, 1, , , 3061.7049999999999272, 1
, , 3061.7100000000000364, 1, , , 3061.7100000000000364, 1, , , 3061.7100000000000364, 1, , , 3061.7100000000000364, 1
, , 3061.7159999999998945, 1, , , 3061.7159999999998945, 1, , , 3061.7159999999998945, 1, , , 3061.7159999999998945, 1
, , 3061.7199999999997999, 0, , , 3061.7199999999997999, 1, , , 3061.7199999999997999, 1, , , 3061.7199999999997999, 0
, , 3061.7260000000001128, 0, , , 3061.7260000000001128, 1, , , 3061.7260000000001128, 1, , , 3061.7260000000001128, 0
, , 3061.7300000000000182, 0, , , 3061.7300000000000182, 1, , , 3061.7300000000000182, 1, , , 3061.7300000000000182, 0
, , 3061.7350000000001273, 0, , , 3061.7350000000001273, 1, , , 3061.7350000000001273, 1, , , 3061.7350000000001273, 0
, , 3061.7399999999997817, 0, , , 3061.7399999999997817, 1, , , 3061.7399999999997817, 1, , , 3061.7399999999997817, 0
, , 3061.7460000000000946, 0, , , 3061.7460000000000946, 1, , , 3061.7460000000000946, 1, , , 3061.7460000000000946, 0
, , 3061.75, 0, , , 3061.75, 1, , , 3061.75, 1, , , 3061.75, 0
, , 3061.7550000000001091, 0, , , 3061.7550000000001091, 1, , , 3061.7550000000001091, 1, , , 3061.7550000000001091, 0
, , 3061.7600000000002183, 0, , , 3061.7600000000002183, 1, , , 3061.7600000000002183, 1, , , 3061.7600000000002183, 0
, , 3061.7660000000000764, 0, , , 3061.7660000000000764, 1, , , 3061.7660000000000764, 1, , , 3061.7660000000000764, 0
, , 3061.7699999999999818, 0, , , 3061.7699999999999818, 1, , , 3061.7699999999999818, 1, , , 3061.7699999999999818, 0
, , 3061.7750000000000909, 0, , , 3061.7750000000000909, 1, , , 3061.7750000000000909, 1, , , 3061.7750000000000909, 0
, , 3061.7800000000002001, 0, , , 3061.7800000000002001, 1, , , 3061.7800000000002001, 1, , , 3061.7800000000002001, 0
, , 3061.7849999999998545, 0, , , 3061.7849999999998545, 1, , , 3061.7849999999998545, 1, , , 3061.7849999999998545, 0
, , 3061.7899999999999636, 0, , , 3061.7899999999999636, 1, , , 3061.7899999999999636, 1, , , 3061.7899999999999636, 0
, , 3061.7950000000000728, 0, , , 3061.7950000000000728, 1, , , 3061.7950000000000728, 1, , , 3061.7950000000000728, 0
, , 3061.8000000000001819, 0, , , 3061.8000000000001819, 1, , , 3061.8000000000001819, 1, , , 3061.8000000000001819, 0
, , 3061.80600000000004, 0, , , 3061.80600000000004, 1, , , 3061.80600000000004, 1, , , 3061.80600000000004, 0
, , 3061.8099999999999454, 0, , , 3061.8099999999999454, 1, , , 3061.8099999999999454, 1, , , 3061.8099999999999454, 0
, , 3061.8150000000000546, 0, , , 3061.8150000000000546, 1, , , 3061.8150000000000546, 1, , , 3061.8150000000000546, 0
, , 3061.8200000000001637, 0, , , 3061.8200000000001637, 1, , , 3061.8200000000001637, 1, , , 3061.8200000000001637, 0
, , 3061.8249999999998181, 0, , , 3061.8249999999998181, 1, , , 3061.8249999999998181, 1, , , 3061.8249999999998181, 0
, , 3061.8299999999999272, 0, , , 3061.8299999999999272, 1, , , 3061.8299999999999272, 1, , , 3061.8299999999999272, 0
, , 3061.8350000000000364, 0, , , 3061.8350000000000364, 1, , , 3061.8350000000000364, 1, , , 3061.8350000000000364, 0
, , 3061.8400000000001455, 0, , , 3061.8400000000001455, 1, , , 3061.8400000000001455, 1, , , 3061.8400000000001455, 0
, , 3061.8460000000000036, 0, , , 3061.8460000000000036, 1, , , 3061.8460000000000036, 1, , , 3061.8460000000000036, 0
, , 3061.8499999999999091, 0, , , 3061.8499999999999091, 1, , , 3061.8499999999999091, 1, , , 3061.8499999999999091, 0
, , 3061.8550000000000182, 0, , , 3061.8550000000000182, 1, , , 3061.8550000000000182, 1, , , 3061.8550000000000182, 0
, , 3061.8609999999998763, 0, , , 3061.8609999999998763, 1, , , 3061.8609999999998763, 1, , , 3061.8609999999998763, 0
, , 3061.8649999999997817, 0, , , 3061.8649999999997817, 1, , , 3061.8649999999997817, 1, , , 3061.8649999999997817, 0
, , 3061.8699999999998909, 0, , , 3061.8699999999998909, 1, , , 3061.8699999999998909, 1, , , 3061.8699999999998909, 0
, , 3061.875, 0, , , 3061.875, 1, , , 3061.875, 1, , , 3061.875, 0
, , 3061.8809999999998581, 0, , , 3061.8809999999998581, 1, , , 3061.8809999999998581, 1, , , 3061.8809999999998581, 0
, , 3061.887000000000171, 0, , , 3061.887000000000171, 1, , , 3061.887000000000171, 1, , , 3061.887000000000171, 0
, , 3061.8899999999998727, 0, , , 3061.8899999999998727, 1, , , 3061.8899999999998727, 1, , , 3061.8899999999998727, 0
, , 3061.8949999999999818, 0, , , 3061.8949999999999818, 1, , , 3061.8949999999999818, 1, , , 3061.8949999999999818, 0
, , 3061.9000000000000909, 0, , , 3061.9000000000000909, 1, , , 3061.9000000000000909, 1, , , 3061.9000000000000909, 0
, , 3061.9050000000002001, 0, , , 3061.9050000000002001, 1, , , 3061.9050000000002001, 1, , , 3061.9050000000002001, 0
, , 3061.9099999999998545, 0, , , 3061.9099999999998545, 1, , , 3061.9099999999998545, 1, , , 3061.9099999999998545, 0
, , 3061.9149999999999636, 0, , , 3061.9149999999999636, 1, , , 3061.9149999999999636, 1, , , 3061.9149999999999636, 0
, , 3061.9209999999998217, 0, , , 3061.9209999999998217, 1, , , 3061.9209999999998217, 1, , , 3061.9209999999998217, 0
, , 3061.9259999999999309, 0, , , 3061.9259999999999309, 1, , , 3061.9259999999999309, 1, , , 3061.9259999999999309, 0
, , 3061.9299999999998363, 0, , , 3061.9299999999998363, 1, , , 3061.9299999999998363, 1, , , 3061.9299999999998363, 0
, , 3061.9340000000001965, 0, , , 3061.9340000000001965, 1, , , 3061.9340000000001965, 1, , , 3061.9340000000001965, 0
, , 3061.9400000000000546, 0, , , 3061.9400000000000546, 1, , , 3061.9400000000000546, 1, , , 3061.9400000000000546, 0
, , 3061.9450000000001637, 0, , , 3061.9450000000001637, 1, , , 3061.9450000000001637, 1, , , 3061.9450000000001637, 0
, , 3061.9499999999998181, 0, , , 3061.9499999999998181, 1, , , 3061.9499999999998181, 1, , , 3061.9499999999998181, 0
, , 3061.9549999999999272, 0, , , 3061.9549999999999272, 1, , , 3061.9549999999999272, 1, , , 3061.9549999999999272, 0
, , 3061.9609999999997854, 0, , , 3061.9609999999997854, 1, , , 3061.9609999999997854, 1, , , 3061.9609999999997854, 0
, , 3061.9650000000001455, 0, , , 3061.9650000000001455, 1, , , 3061.9650000000001455, 1, , , 3061.9650000000001455, 0
, , 3061.9699999999997999, 1, , , 3061.9699999999997999, 1, , , 3061.9699999999997999, 1, , , 3061.9699999999997999, 1
, , 3061.9749999999999091, 1, , , 3061.9749999999999091, 1, , , 3061.9749999999999091, 1, , , 3061.9749999999999091, 1
, , 3061.9800000000000182, 1, , , 3061.9800000000000182, 1, , , 3061.9800000000000182, 1, , , 3061.9800000000000182, 1
, , 3061.9850000000001273, 1, , , 3061.9850000000001273, 1, , , 3061.9850000000001273, 1, , , 3061.9850000000001273, 1
, , 3061.9890000000000327, 1, , , 3061.9890000000000327, 1, , , 3061.9890000000000327, 1, , , 3061.9890000000000327, 1
, , 3061.9949999999998909, 1, , , 3061.9949999999998909, 1, , , 3061.9949999999998909, 1, , , 3061.9949999999998909, 1
, , 3062, 1, , , 3062, 1, , , 3062, 1, , , 3062, 1
, , 3062.0039999999999054, 1, , , 3062.0039999999999054, 1, , , 3062.0039999999999054, 1, , , 3062.0039999999999054, 1
, , 3062.012000000000171, 1, , , 3062.012000000000171, 1, , , 3062.012000000000171, 1, , , 3062.012000000000171, 1
, , 3062.0149999999998727, 1, , , 3062.0149999999998727, 1, , , 3062.0149999999998727, 1, , , 3062.0149999999998727, 1
, , 3062.0230000000001382, 1, , , 3062.0230000000001382, 1, , , 3062.0230000000001382, 1, , , 3062.0230000000001382, 1
, , 3062.0250000000000909, 1, , , 3062.0250000000000909, 1, , , 3062.0250000000000909, 1, , , 3062.0250000000000909, 1
, , 3062.0309999999999491, 1, , , 3062.0309999999999491, 1, , , 3062.0309999999999491, 1, , , 3062.0309999999999491, 1
, , 3062.0349999999998545, 1, , , 3062.0349999999998545, 1, , , 3062.0349999999998545, 1, , , 3062.0349999999998545, 1
, , 3062.0419999999999163, 1, , , 3062.0419999999999163, 0, , , 3062.0419999999999163, 0, , , 3062.0419999999999163, 1
, , 3062.0459999999998217, 1, , , 3062.0459999999998217, 0, , , 3062.0459999999998217, 0, , , 3062.0459999999998217, 1
, , 3062.0500000000001819, 1, , , 3062.0500000000001819, 0, , , 3062.0500000000001819, 0, , , 3062.0500000000001819, 1
, , 3062.0549999999998363, 1, , , 3062.0549999999998363, 0, , , 3062.0549999999998363, 0, , , 3062.0549999999998363, 1
, , 3062.0599999999999454, 1, , , 3062.0599999999999454, 0, , , 3062.0599999999999454, 0, , , 3062.0599999999999454, 1
, , 3062.0650000000000546, 1, , , 3062.0650000000000546, 0, , , 3062.0650000000000546, 0, , , 3062.0650000000000546, 1
, , 3062.0709999999999127, 1, , , 3062.0709999999999127, 0, , , 3062.0709999999999127, 0, , , 3062.0709999999999127, 1
, , 3062.0760000000000218, 1, , , 3062.0760000000000218, 0, , , 3062.0760000000000218, 0, , , 3062.0760000000000218, 1
, , 3062.0830000000000837, 1, , , 3062.0830000000000837, 0, , , 3062.0830000000000837, 0, , , 3062.0830000000000837, 1
, , 3062.0859999999997854, 1, , , 3062.0859999999997854, 0, , , 3062.0859999999997854, 0, , , 3062.0859999999997854, 1
, , 3062.0900000000001455, 1, , , 3062.0900000000001455, 0, , , 3062.0900000000001455, 0, , , 3062.0900000000001455, 1
, , 3062.0970000000002074, 1, , , 3062.0970000000002074, 0, , , 3062.0970000000002074, 0, , , 3062.0970000000002074, 1
, , 3062.1010000000001128, 1, , , 3062.1010000000001128, 0, , , 3062.1010000000001128, 0, , , 3062.1010000000001128, 1
, , 3062.1050000000000182, 1, , , 3062.1050000000000182, 0, , , 3062.1050000000000182, 0, , , 3062.1050000000000182, 1
, , 3062.1100000000001273, 1, , , 3062.1100000000001273, 0, , , 3062.1100000000001273, 0, , , 3062.1100000000001273, 1
, , 3062.1159999999999854, 1, , , 3062.1159999999999854, 0, , , 3062.1159999999999854, 0, , , 3062.1159999999999854, 1
, , 3062.1199999999998909, 1, , , 3062.1199999999998909, 0, , , 3062.1199999999998909, 0, , , 3062.1199999999998909, 1
, , 3062.125, 1, , , 3062.125, 0, , , 3062.125, 0, , , 3062.125, 1
, , 3062.1289999999999054, 1, , , 3062.1289999999999054, 0, , , 3062.1289999999999054, 0, , , 3062.1289999999999054, 1
, , 3062.1350000000002183, 1, , , 3062.1350000000002183, 0, , , 3062.1350000000002183, 0, , , 3062.1350000000002183, 1
, , 3062.1399999999998727, 1, , , 3062.1399999999998727, 0, , , 3062.1399999999998727, 0, , , 3062.1399999999998727, 1
, , 3062.1449999999999818, 1, , , 3062.1449999999999818, 0, , , 3062.1449999999999818, 0, , , 3062.1449999999999818, 1
, , 3062.1500000000000909, 1, , , 3062.1500000000000909, 0, , , 3062.1500000000000909, 0, , , 3062.1500000000000909, 1
, , 3062.1559999999999491, 1, , , 3062.1559999999999491, 0, , , 3062.1559999999999491, 0, , , 3062.1559999999999491, 1
, , 3062.1599999999998545, 1, , , 3062.1599999999998545, 0, , , 3062.1599999999998545, 0, , , 3062.1599999999998545, 1
, , 3062.1649999999999636, 1, , , 3062.1649999999999636, 0, , , 3062.1649999999999636, 0, , , 3062.1649999999999636, 1
, , 3062.1700000000000728, 1, , , 3062.1700000000000728, 0, , , 3062.1700000000000728, 0, , , 3062.1700000000000728, 1
, , 3062.1750000000001819, 1, , , 3062.1750000000001819, 0, , , 3062.1750000000001819, 0, , , 3062.1750000000001819, 1
, , 3062.1799999999998363, 1, , , 3062.1799999999998363, 0, , , 3062.1799999999998363, 0, , , 3062.1799999999998363, 1
, , 3062.1860000000001492, 1, , , 3062.1860000000001492, 0, , , 3062.1860000000001492, 0, , , 3062.1860000000001492, 1
, , 3062.1900000000000546, 1, , , 3062.1900000000000546, 0, , , 3062.1900000000000546, 0, , , 3062.1900000000000546, 1
, , 3062.1950000000001637, 1, , , 3062.1950000000001637, 0, , , 3062.1950000000001637, 0, , , 3062.1950000000001637, 1
, , 3062.1999999999998181, 1, , , 3062.1999999999998181, 0, , , 3062.1999999999998181, 0, , , 3062.1999999999998181, 1
, , 3062.206000000000131, 1, , , 3062.206000000000131, 0, , , 3062.206000000000131, 0, , , 3062.206000000000131, 1
, , 3062.2100000000000364, 1, , , 3062.2100000000000364, 0, , , 3062.2100000000000364, 0, , , 3062.2100000000000364, 1
, , 3062.2150000000001455, 1, , , 3062.2150000000001455, 0, , , 3062.2150000000001455, 0, , , 3062.2150000000001455, 1
, , 3062.2199999999997999, 1, , , 3062.2199999999997999, 0, , , 3062.2199999999997999, 0, , , 3062.2199999999997999, 1
, , 3062.2249999999999091, 1, , , 3062.2249999999999091, 0, , , 3062.2249999999999091, 0, , , 3062.2249999999999091, 1
, , 3062.2319999999999709, 1, , , 3062.2319999999999709, 0, , , 3062.2319999999999709, 0, , , 3062.2319999999999709, 1
, , 3062.2350000000001273, 1, , , 3062.2350000000001273, 0, , , 3062.2350000000001273, 0, , , 3062.2350000000001273, 1
, , 3062.2409999999999854, 1, , , 3062.2409999999999854, 0, , , 3062.2409999999999854, 0, , , 3062.2409999999999854, 1
, , 3062.2449999999998909, 1, , , 3062.2449999999998909, 0, , , 3062.2449999999998909, 0, , , 3062.2449999999998909, 1
, , 3062.25, 1, , , 3062.25, 0, , , 3062.25, 0, , , 3062.25, 1
, , 3062.2550000000001091, 1, , , 3062.2550000000001091, 0, , , 3062.2550000000001091, 0, , , 3062.2550000000001091, 1
, , 3062.2609999999999673, 1, , , 3062.2609999999999673, 0, , , 3062.2609999999999673, 0, , , 3062.2609999999999673, 1
, , 3062.2649999999998727, 1, , , 3062.2649999999998727, 0, , , 3062.2649999999998727, 0, , , 3062.2649999999998727, 1
, , 3062.2699999999999818, 1, , , 3062.2699999999999818, 0, , , 3062.2699999999999818, 0, , , 3062.2699999999999818, 1
, , 3062.2750000000000909, 1, , , 3062.2750000000000909, 0, , , 3062.2750000000000909, 0, , , 3062.2750000000000909, 1
, , 3062.2800000000002001, 1, , , 3062.2800000000002001, 0, , , 3062.2800000000002001, 0, , , 3062.2800000000002001, 1
, , 3062.2849999999998545, 1, , , 3062.2849999999998545, 0, , , 3062.2849999999998545, 0, , , 3062.2849999999998545, 1
, , 3062.2899999999999636, 1, , , 3062.2899999999999636, 0, , , 3062.2899999999999636, 0, , , 3062.2899999999999636, 1
, , 3062.2950000000000728, 1, , , 3062.2950000000000728, 1, , , 3062.2950000000000728, 1, , , 3062.2950000000000728, 1
, , 3062.3000000000001819, 1, , , 3062.3000000000001819, 1, , , 3062.3000000000001819, 1, , , 3062.3000000000001819, 1
, , 3062.3049999999998363, 1, , , 3062.3049999999998363, 1, , , 3062.3049999999998363, 1, , , 3062.3049999999998363, 1
, , 3062.3110000000001492, 1, , , 3062.3110000000001492, 1, , , 3062.3110000000001492, 1, , , 3062.3110000000001492, 1
, , 3062.3150000000000546, 1, , , 3062.3150000000000546, 1, , , 3062.3150000000000546, 1, , , 3062.3150000000000546, 1
, , 3062.3209999999999127, 1, , , 3062.3209999999999127, 1, , , 3062.3209999999999127, 1, , , 3062.3209999999999127, 1
, , 3062.3249999999998181, 1, , , 3062.3249999999998181, 1, , , 3062.3249999999998181, 1, , , 3062.3249999999998181, 1
, , 3062.3299999999999272, 1, , , 3062.3299999999999272, 1, , , 3062.3299999999999272, 1, , , 3062.3299999999999272, 1
, , 3062.3359999999997854, 1, , , 3062.3359999999997854, 1, , , 3062.3359999999997854, 1, , , 3062.3359999999997854, 1
, , 3062.3409999999998945, 1, , , 3062.3409999999998945, 1, , , 3062.3409999999998945, 1, , , 3062.3409999999998945, 1
, , 3062.3449999999997999, 1, , , 3062.3449999999997999, 1, , , 3062.3449999999997999, 1, , , 3062.3449999999997999, 1
, , 3062.3499999999999091, 1, , , 3062.3499999999999091, 1, , , 3062.3499999999999091, 1, , , 3062.3499999999999091, 1
, , 3062.3560000000002219, 1, , , 3062.3560000000002219, 1, , , 3062.3560000000002219, 1, , , 3062.3560000000002219, 1
, , 3062.3600000000001273, 1, , , 3062.3600000000001273, 1, , , 3062.3600000000001273, 1, , , 3062.3600000000001273, 1
, , 3062.3649999999997817, 1, , , 3062.3649999999997817, 1, , , 3062.3649999999997817, 1, , , 3062.3649999999997817, 1
, , 3062.3699999999998909, 0, , , 3062.3699999999998909, 1, , , 3062.3699999999998909, 1, , , 3062.3699999999998909, 0
, , 3062.3760000000002037, 0, , , 3062.3760000000002037, 1, , , 3062.3760000000002037, 1, , , 3062.3760000000002037, 0
, , 3062.3859999999999673, 0, , , 3062.3859999999999673, 1, , , 3062.3859999999999673, 1, , , 3062.3859999999999673, 0
, , 3062.387000000000171, 0, , , 3062.387000000000171, 1, , , 3062.387000000000171, 1, , , 3062.387000000000171, 0
, , 3062.3910000000000764, 0, , , 3062.3910000000000764, 1, , , 3062.3910000000000764, 1, , , 3062.3910000000000764, 0
, , 3062.3960000000001855, 0, , , 3062.3960000000001855, 1, , , 3062.3960000000001855, 1, , , 3062.3960000000001855, 0
, , 3062.4020000000000437, 0, , , 3062.4020000000000437, 1, , , 3062.4020000000000437, 1, , , 3062.4020000000000437, 0
, , 3062.4039999999999964, 0, , , 3062.4039999999999964, 1, , , 3062.4039999999999964, 1, , , 3062.4039999999999964, 0
, , 3062.4099999999998545, 0, , , 3062.4099999999998545, 1, , , 3062.4099999999998545, 1, , , 3062.4099999999998545, 0
, , 3062.4169999999999163, 0, , , 3062.4169999999999163, 1, , , 3062.4169999999999163, 1, , , 3062.4169999999999163, 0
, , 3062.4209999999998217, 0, , , 3062.4209999999998217, 1, , , 3062.4209999999998217, 1, , , 3062.4209999999998217, 0
, , 3062.4239999999999782, 0, , , 3062.4239999999999782, 1, , , 3062.4239999999999782, 1, , , 3062.4239999999999782, 0
, , 3062.4299999999998363, 0, , , 3062.4299999999998363, 1, , , 3062.4299999999998363, 1, , , 3062.4299999999998363, 0
, , 3062.4340000000001965, 0, , , 3062.4340000000001965, 1, , , 3062.4340000000001965, 1, , , 3062.4340000000001965, 0
, , 3062.4400000000000546, 0, , , 3062.4400000000000546, 1, , , 3062.4400000000000546, 1, , , 3062.4400000000000546, 0
, , 3062.4450000000001637, 0, , , 3062.4450000000001637, 1, , , 3062.4450000000001637, 1, , , 3062.4450000000001637, 0
, , 3062.4499999999998181, 0, , , 3062.4499999999998181, 1, , , 3062.4499999999998181, 1, , , 3062.4499999999998181, 0
, , 3062.4549999999999272, 0, , , 3062.4549999999999272, 1, , , 3062.4549999999999272, 1, , , 3062.4549999999999272, 0
, , 3062.4600000000000364, 0, , , 3062.4600000000000364, 1, , , 3062.4600000000000364, 1, , , 3062.4600000000000364, 0
, , 3062.4650000000001455, 0, , , 3062.4650000000001455, 1, , , 3062.4650000000001455, 1, , , 3062.4650000000001455, 0
, , 3062.4699999999997999, 0, , , 3062.4699999999997999, 1, , , 3062.4699999999997999, 1, , , 3062.4699999999997999, 0
, , 3062.4749999999999091, 0, , , 3062.4749999999999091, 1, , , 3062.4749999999999091, 1, , , 3062.4749999999999091, 0
, , 3062.4810000000002219, 0, , , 3062.4810000000002219, 1, , , 3062.4810000000002219, 1, , , 3062.4810000000002219, 0
, , 3062.4850000000001273, 0, , , 3062.4850000000001273, 1, , , 3062.4850000000001273, 1, , , 3062.4850000000001273, 0
, , 3062.4909999999999854, 0, , , 3062.4909999999999854, 1, , , 3062.4909999999999854, 1, , , 3062.4909999999999854, 0
, , 3062.4949999999998909, 0, , , 3062.4949999999998909, 1, , , 3062.4949999999998909, 1, , , 3062.4949999999998909, 0
, , 3062.5, 0, , , 3062.5, 1, , , 3062.5, 1, , , 3062.5, 0
, , 3062.5019999999999527, 0, , , 3062.5019999999999527, 1, , , 3062.5019999999999527, 1, , , 3062.5019999999999527, 0
, , 3062.5100000000002183, 0, , , 3062.5100000000002183, 1, , , 3062.5100000000002183, 1, , , 3062.5100000000002183, 0
, , 3062.5149999999998727, 0, , , 3062.5149999999998727, 1, , , 3062.5149999999998727, 1, , , 3062.5149999999998727, 0
, , 3062.5199999999999818, 0, , , 3062.5199999999999818, 1, , , 3062.5199999999999818, 1, , , 3062.5199999999999818, 0
, , 3062.5250000000000909, 0, , , 3062.5250000000000909, 1, , , 3062.5250000000000909, 1, , , 3062.5250000000000909, 0
, , 3062.5300000000002001, 0, , , 3062.5300000000002001, 1, , , 3062.5300000000002001, 1, , , 3062.5300000000002001, 0
, , 3062.5349999999998545, 0, , , 3062.5349999999998545, 1, , , 3062.5349999999998545, 1, , , 3062.5349999999998545, 0
, , 3062.5399999999999636, 0, , , 3062.5399999999999636, 1, , , 3062.5399999999999636, 1, , , 3062.5399999999999636, 0
, , 3062.5450000000000728, 0, , , 3062.5450000000000728, 1, , , 3062.5450000000000728, 1, , , 3062.5450000000000728, 0
, , 3062.5500000000001819, 0, , , 3062.5500000000001819, 1, , , 3062.5500000000001819, 1, , , 3062.5500000000001819, 0
, , 3062.5549999999998363, 0, , , 3062.5549999999998363, 1, , , 3062.5549999999998363, 1, , , 3062.5549999999998363, 0
, , 3062.5599999999999454, 0, , , 3062.5599999999999454, 1, , , 3062.5599999999999454, 1, , , 3062.5599999999999454, 0
, , 3062.5650000000000546, 0, , , 3062.5650000000000546, 1, , , 3062.5650000000000546, 1, , , 3062.5650000000000546, 0
, , 3062.5720000000001164, 0, , , 3062.5720000000001164, 1, , , 3062.5720000000001164, 1, , , 3062.5720000000001164, 0
, , 3062.5760000000000218, 0, , , 3062.5760000000000218, 1, , , 3062.5760000000000218, 1, , , 3062.5760000000000218, 0
, , 3062.5799999999999272, 0, , , 3062.5799999999999272, 1, , , 3062.5799999999999272, 1, , , 3062.5799999999999272, 0
, , 3062.5850000000000364, 0, , , 3062.5850000000000364, 1, , , 3062.5850000000000364, 1, , , 3062.5850000000000364, 0
, , 3062.5909999999998945, 0, , , 3062.5909999999998945, 1, , , 3062.5909999999998945, 1, , , 3062.5909999999998945, 0
, , 3062.5949999999997999, 0, , , 3062.5949999999997999, 1, , , 3062.5949999999997999, 1, , , 3062.5949999999997999, 0
, , 3062.5999999999999091, 0, , , 3062.5999999999999091, 1, , , 3062.5999999999999091, 1, , , 3062.5999999999999091, 0
, , 3062.6050000000000182, 0, , , 3062.6050000000000182, 1, , , 3062.6050000000000182, 1, , , 3062.6050000000000182, 0
, , 3062.6100000000001273, 0, , , 3062.6100000000001273, 1, , , 3062.6100000000001273, 1, , , 3062.6100000000001273, 0
, , 3062.6149999999997817, 0, , , 3062.6149999999997817, 1, , , 3062.6149999999997817, 1, , , 3062.6149999999997817, 0
, , 3062.6199999999998909, 1, , , 3062.6199999999998909, 1, , , 3062.6199999999998909, 1, , , 3062.6199999999998909, 1
, , 3062.625, 1, , , 3062.625, 1, , , 3062.625, 1, , , 3062.625, 1
, , 3062.6300000000001091, 1, , , 3062.6300000000001091, 1, , , 3062.6300000000001091, 1, , , 3062.6300000000001091, 1
, , 3062.6350000000002183, 1, , , 3062.6350000000002183, 1, , , 3062.6350000000002183, 1, , , 3062.6350000000002183, 1
, , 3062.6399999999998727, 1, , , 3062.6399999999998727, 1, , , 3062.6399999999998727, 1, , , 3062.6399999999998727, 1
, , 3062.6460000000001855, 1, , , 3062.6460000000001855, 1, , , 3062.6460000000001855, 1, , , 3062.6460000000001855, 1
, , 3062.6500000000000909, 1, , , 3062.6500000000000909, 1, , , 3062.6500000000000909, 1, , , 3062.6500000000000909, 1
, , 3062.6550000000002001, 1, , , 3062.6550000000002001, 1, , , 3062.6550000000002001, 1, , , 3062.6550000000002001, 1
, , 3062.6599999999998545, 1, , , 3062.6599999999998545, 1, , , 3062.6599999999998545, 1, , , 3062.6599999999998545, 1
, , 3062.6649999999999636, 1, , , 3062.6649999999999636, 1, , , 3062.6649999999999636, 1, , , 3062.6649999999999636, 1
, , 3062.6700000000000728, 1, , , 3062.6700000000000728, 1, , , 3062.6700000000000728, 1, , , 3062.6700000000000728, 1
, , 3062.6750000000001819, 1, , , 3062.6750000000001819, 1, , , 3062.6750000000001819, 1, , , 3062.6750000000001819, 1
, , 3062.6829999999999927, 1, , , 3062.6829999999999927, 1, , , 3062.6829999999999927, 1, , , 3062.6829999999999927, 1
, , 3062.6849999999999454, 1, , , 3062.6849999999999454, 1, , , 3062.6849999999999454, 1, , , 3062.6849999999999454, 1
, , 3062.6900000000000546, 1, , , 3062.6900000000000546, 1, , , 3062.6900000000000546, 1, , , 3062.6900000000000546, 1
, , 3062.6950000000001637, 1, , , 3062.6950000000001637, 0, , , 3062.6950000000001637, 0, , , 3062.6950000000001637, 1
, , 3062.6999999999998181, 1, , , 3062.6999999999998181, 0, , , 3062.6999999999998181, 0, , , 3062.6999999999998181, 1
, , 3062.7069999999998799, 1, , , 3062.7069999999998799, 0, , , 3062.7069999999998799, 0, , , 3062.7069999999998799, 1
, , 3062.7100000000000364, 1, , , 3062.7100000000000364, 0, , , 3062.7100000000000364, 0, , , 3062.7100000000000364, 1
, , 3062.7150000000001455, 1, , , 3062.7150000000001455, 0, , , 3062.7150000000001455, 0, , , 3062.7150000000001455, 1
, , 3062.7199999999997999, 1, , , 3062.7199999999997999, 0, , , 3062.7199999999997999, 0, , , 3062.7199999999997999, 1
, , 3062.7249999999999091, 1, , , 3062.7249999999999091, 0, , , 3062.7249999999999091, 0, , , 3062.7249999999999091, 1
, , 3062.7310000000002219, 1, , , 3062.7310000000002219, 0, , , 3062.7310000000002219, 0, , , 3062.7310000000002219, 1
, , 3062.7350000000001273, 1, , , 3062.7350000000001273, 0, , , 3062.7350000000001273, 0, , , 3062.7350000000001273, 1
, , 3062.7420000000001892, 1, , , 3062.7420000000001892, 0, , , 3062.7420000000001892, 0, , , 3062.7420000000001892, 1
, , 3062.7449999999998909, 1, , , 3062.7449999999998909, 0, , , 3062.7449999999998909, 0, , , 3062.7449999999998909, 1
, , 3062.75, 1, , , 3062.75, 0, , , 3062.75, 0, , , 3062.75, 1
, , 3062.7550000000001091, 1, , , 3062.7550000000001091, 0, , , 3062.7550000000001091, 0, , , 3062.7550000000001091, 1
, , 3062.7609999999999673, 1, , , 3062.7609999999999673, 0, , , 3062.7609999999999673, 0, , , 3062.7609999999999673, 1
, , 3062.7660000000000764, 1, , , 3062.7660000000000764, 0, , , 3062.7660000000000764, 0, , , 3062.7660000000000764, 1
, , 3062.7699999999999818, 1, , , 3062.7699999999999818, 0, , , 3062.7699999999999818, 0, , , 3062.7699999999999818, 1
, , 3062.7759999999998399, 1, , , 3062.7759999999998399, 0, , , 3062.7759999999998399, 0, , , 3062.7759999999998399, 1
, , 3062.7809999999999491, 1, , , 3062.7809999999999491, 0, , , 3062.7809999999999491, 0, , , 3062.7809999999999491, 1
, , 3062.7849999999998545, 1, , , 3062.7849999999998545, 0, , , 3062.7849999999998545, 0, , , 3062.7849999999998545, 1
, , 3062.7899999999999636, 1, , , 3062.7899999999999636, 0, , , 3062.7899999999999636, 0, , , 3062.7899999999999636, 1
, , 3062.7950000000000728, 1, , , 3062.7950000000000728, 0, , , 3062.7950000000000728, 0, , , 3062.7950000000000728, 1
, , 3062.8000000000001819, 1, , , 3062.8000000000001819, 0, , , 3062.8000000000001819, 0, , , 3062.8000000000001819, 1
, , 3062.8049999999998363, 1, , , 3062.8049999999998363, 0, , , 3062.8049999999998363, 0, , , 3062.8049999999998363, 1
, , 3062.8110000000001492, 1, , , 3062.8110000000001492, 0, , , 3062.8110000000001492, 0, , , 3062.8110000000001492, 1
, , 3062.8150000000000546, 1, , , 3062.8150000000000546, 0, , , 3062.8150000000000546, 0, , , 3062.8150000000000546, 1
, , 3062.8200000000001637, 1, , , 3062.8200000000001637, 0, , , 3062.8200000000001637, 0, , , 3062.8200000000001637, 1
, , 3062.8240000000000691, 1, , , 3062.8240000000000691, 0, , , 3062.8240000000000691, 0, , , 3062.8240000000000691, 1
, , 3062.8299999999999272, 1, , , 3062.8299999999999272, 0, , , 3062.8299999999999272, 0, , , 3062.8299999999999272, 1
, , 3062.8350000000000364, 1, , , 3062.8350000000000364, 0, , , 3062.8350000000000364, 0, , , 3062.8350000000000364, 1
, , 3062.8409999999998945, 1, , , 3062.8409999999998945, 0, , , 3062.8409999999998945, 0, , , 3062.8409999999998945, 1
, , 3062.8460000000000036, 1, , , 3062.8460000000000036, 0, , , 3062.8460000000000036, 0, , , 3062.8460000000000036, 1
, , 3062.8510000000001128, 1, , , 3062.8510000000001128, 0, , , 3062.8510000000001128, 0, , , 3062.8510000000001128, 1
, , 3062.8560000000002219, 1, , , 3062.8560000000002219, 0, , , 3062.8560000000002219, 0, , , 3062.8560000000002219, 1
, , 3062.8609999999998763, 1, , , 3062.8609999999998763, 0, , , 3062.8609999999998763, 0, , , 3062.8609999999998763, 1
, , 3062.8649999999997817, 1, , , 3062.8649999999997817, 0, , , 3062.8649999999997817, 0, , , 3062.8649999999997817, 1
, , 3062.8699999999998909, 1, , , 3062.8699999999998909, 0, , , 3062.8699999999998909, 0, , , 3062.8699999999998909, 1
, , 3062.8760000000002037, 1, , , 3062.8760000000002037, 0, , , 3062.8760000000002037, 0, , , 3062.8760000000002037, 1
, , 3062.8809999999998581, 1, , , 3062.8809999999998581, 0, , , 3062.8809999999998581, 0, , , 3062.8809999999998581, 1
, , 3062.8850000000002183, 1, , , 3062.8850000000002183, 0, , , 3062.8850000000002183, 0, , , 3062.8850000000002183, 1
, , 3062.8899999999998727, 1, , , 3062.8899999999998727, 0, , , 3062.8899999999998727, 0, , , 3062.8899999999998727, 1
, , 3062.8949999999999818, 1, , , 3062.8949999999999818, 0, , , 3062.8949999999999818, 0, , , 3062.8949999999999818, 1
, , 3062.9000000000000909, 1, , , 3062.9000000000000909, 0, , , 3062.9000000000000909, 0, , , 3062.9000000000000909, 1
, , 3062.9050000000002001, 1, , , 3062.9050000000002001, 0, , , 3062.9050000000002001, 0, , , 3062.9050000000002001, 1
, , 3062.9099999999998545, 1, , , 3062.9099999999998545, 0, , , 3062.9099999999998545, 0, , , 3062.9099999999998545, 1
, , 3062.9149999999999636, 1, , , 3062.9149999999999636, 0, , , 3062.9149999999999636, 0, , , 3062.9149999999999636, 1
, , 3062.9200000000000728, 1, , , 3062.9200000000000728, 0, , , 3062.9200000000000728, 0, , , 3062.9200000000000728, 1
, , 3062.9270000000001346, 1, , , 3062.9270000000001346, 0, , , 3062.9270000000001346, 0, , , 3062.9270000000001346, 1
, , 3062.93100000000004, 1, , , 3062.93100000000004, 0, , , 3062.93100000000004, 0, , , 3062.93100000000004, 1
, , 3062.9380000000001019, 1, , , 3062.9380000000001019, 0, , , 3062.9380000000001019, 0, , , 3062.9380000000001019, 1
, , 3062.9400000000000546, 1, , , 3062.9400000000000546, 0, , , 3062.9400000000000546, 0, , , 3062.9400000000000546, 1
, , 3062.94399999999996, 1, , , 3062.94399999999996, 1, , , 3062.94399999999996, 1, , , 3062.94399999999996, 1
, , 3062.9490000000000691, 1, , , 3062.9490000000000691, 1, , , 3062.9490000000000691, 1, , , 3062.9490000000000691, 1
, , 3062.956000000000131, 1, , , 3062.956000000000131, 1, , , 3062.956000000000131, 1, , , 3062.956000000000131, 1
, , 3062.9619999999999891, 1, , , 3062.9619999999999891, 1, , , 3062.9619999999999891, 1, , , 3062.9619999999999891, 1
, , 3062.9650000000001455, 1, , , 3062.9650000000001455, 1, , , 3062.9650000000001455, 1, , , 3062.9650000000001455, 1
, , 3062.9710000000000036, 1, , , 3062.9710000000000036, 1, , , 3062.9710000000000036, 1, , , 3062.9710000000000036, 1
, , 3062.9760000000001128, 1, , , 3062.9760000000001128, 1, , , 3062.9760000000001128, 1, , , 3062.9760000000001128, 1
, , 3062.9789999999998145, 1, , , 3062.9789999999998145, 1, , , 3062.9789999999998145, 1, , , 3062.9789999999998145, 1
, , 3062.9850000000001273, 1, , , 3062.9850000000001273, 1, , , 3062.9850000000001273, 1, , , 3062.9850000000001273, 1
, , 3062.9899999999997817, 1, , , 3062.9899999999997817, 1, , , 3062.9899999999997817, 1, , , 3062.9899999999997817, 1
, , 3062.9949999999998909, 1, , , 3062.9949999999998909, 1, , , 3062.9949999999998909, 1, , , 3062.9949999999998909, 1
, , 3063, 1, , , 3063, 1, , , 3063, 1, , , 3063, 1
, , 3063.0050000000001091, 1, , , 3063.0050000000001091, 1, , , 3063.0050000000001091, 1, , , 3063.0050000000001091, 1
, , 3063.0100000000002183, 1, , , 3063.0100000000002183, 1, , , 3063.0100000000002183, 1, , , 3063.0100000000002183, 1
, , 3063.0149999999998727, 1, , , 3063.0149999999998727, 1, , , 3063.0149999999998727, 1, , , 3063.0149999999998727, 1
, , 3063.0199999999999818, 0, , , 3063.0199999999999818, 1, , , 3063.0199999999999818, 1, , , 3063.0199999999999818, 0
, , 3063.0250000000000909, 0, , , 3063.0250000000000909, 1, , , 3063.0250000000000909, 1, , , 3063.0250000000000909, 0
, , 3063.0309999999999491, 0, , , 3063.0309999999999491, 1, , , 3063.0309999999999491, 1, , , 3063.0309999999999491, 0
, , 3063.0349999999998545, 0, , , 3063.0349999999998545, 1, , , 3063.0349999999998545, 1, , , 3063.0349999999998545, 0
, , 3063.0399999999999636, 0, , , 3063.0399999999999636, 1, , , 3063.0399999999999636, 1, , , 3063.0399999999999636, 0
, , 3063.0450000000000728, 0, , , 3063.0450000000000728, 1, , , 3063.0450000000000728, 1, , , 3063.0450000000000728, 0
, , 3063.0500000000001819, 0, , , 3063.0500000000001819, 1, , , 3063.0500000000001819, 1, , , 3063.0500000000001819, 0
, , 3063.0549999999998363, 0, , , 3063.0549999999998363, 1, , , 3063.0549999999998363, 1, , , 3063.0549999999998363, 0
, , 3063.0599999999999454, 0, , , 3063.0599999999999454, 1, , , 3063.0599999999999454, 1, , , 3063.0599999999999454, 0
, , 3063.0659999999998035, 0, , , 3063.0659999999998035, 1, , , 3063.0659999999998035, 1, , , 3063.0659999999998035, 0
, , 3063.0700000000001637, 0, , , 3063.0700000000001637, 1, , , 3063.0700000000001637, 1, , , 3063.0700000000001637, 0
, , 3063.0749999999998181, 0, , , 3063.0749999999998181, 1, , , 3063.0749999999998181, 1, , , 3063.0749999999998181, 0
, , 3063.0799999999999272, 0, , , 3063.0799999999999272, 1, , , 3063.0799999999999272, 1, , , 3063.0799999999999272, 0
, , 3063.0839999999998327, 0, , , 3063.0839999999998327, 1, , , 3063.0839999999998327, 1, , , 3063.0839999999998327, 0
, , 3063.0900000000001455, 0, , , 3063.0900000000001455, 1, , , 3063.0900000000001455, 1, , , 3063.0900000000001455, 0
, , 3063.0960000000000036, 0, , , 3063.0960000000000036, 1, , , 3063.0960000000000036, 1, , , 3063.0960000000000036, 0
, , 3063.0999999999999091, 0, , , 3063.0999999999999091, 1, , , 3063.0999999999999091, 1, , , 3063.0999999999999091, 0
, , 3063.1050000000000182, 0, , , 3063.1050000000000182, 1, , , 3063.1050000000000182, 1, , , 3063.1050000000000182, 0
, , 3063.1109999999998763, 0, , , 3063.1109999999998763, 1, , , 3063.1109999999998763, 1, , , 3063.1109999999998763, 0
, , 3063.1149999999997817, 0, , , 3063.1149999999997817, 1, , , 3063.1149999999997817, 1, , , 3063.1149999999997817, 0
, , 3063.1199999999998909, 0, , , 3063.1199999999998909, 1, , , 3063.1199999999998909, 1, , , 3063.1199999999998909, 0
, , 3063.125, 0, , , 3063.125, 1, , , 3063.125, 1, , , 3063.125, 0
, , 3063.1300000000001091, 0, , , 3063.1300000000001091, 1, , , 3063.1300000000001091, 1, , , 3063.1300000000001091, 0
, , 3063.137000000000171, 0, , , 3063.137000000000171, 1, , , 3063.137000000000171, 1, , , 3063.137000000000171, 0
, , 3063.1399999999998727, 0, , , 3063.1399999999998727, 1, , , 3063.1399999999998727, 1, , , 3063.1399999999998727, 0
, , 3063.1449999999999818, 0, , , 3063.1449999999999818, 1, , , 3063.1449999999999818, 1, , , 3063.1449999999999818, 0
, , 3063.1509999999998399, 0, , , 3063.1509999999998399, 1, , , 3063.1509999999998399, 1, , , 3063.1509999999998399, 0
, , 3063.1559999999999491, 0, , , 3063.1559999999999491, 1, , , 3063.1559999999999491, 1, , , 3063.1559999999999491, 0
, , 3063.1610000000000582, 0, , , 3063.1610000000000582, 1, , , 3063.1610000000000582, 1, , , 3063.1610000000000582, 0
, , 3063.1649999999999636, 0, , , 3063.1649999999999636, 1, , , 3063.1649999999999636, 1, , , 3063.1649999999999636, 0
, , 3063.1709999999998217, 0, , , 3063.1709999999998217, 1, , , 3063.1709999999998217, 1, , , 3063.1709999999998217, 0
, , 3063.1750000000001819, 0, , , 3063.1750000000001819, 1, , , 3063.1750000000001819, 1, , , 3063.1750000000001819, 0
, , 3063.1799999999998363, 0, , , 3063.1799999999998363, 1, , , 3063.1799999999998363, 1, , , 3063.1799999999998363, 0
, , 3063.1849999999999454, 0, , , 3063.1849999999999454, 1, , , 3063.1849999999999454, 1, , , 3063.1849999999999454, 0
, , 3063.193000000000211, 0, , , 3063.193000000000211, 1, , , 3063.193000000000211, 1, , , 3063.193000000000211, 0
, , 3063.1970000000001164, 0, , , 3063.1970000000001164, 1, , , 3063.1970000000001164, 1, , , 3063.1970000000001164, 0
, , 3063.1999999999998181, 0, , , 3063.1999999999998181, 1, , , 3063.1999999999998181, 1, , , 3063.1999999999998181, 0
, , 3063.2049999999999272, 0, , , 3063.2049999999999272, 1, , , 3063.2049999999999272, 1, , , 3063.2049999999999272, 0
, , 3063.2100000000000364, 0, , , 3063.2100000000000364, 1, , , 3063.2100000000000364, 1, , , 3063.2100000000000364, 0
, , 3063.2159999999998945, 0, , , 3063.2159999999998945, 1, , , 3063.2159999999998945, 1, , , 3063.2159999999998945, 0
, , 3063.2210000000000036, 0, , , 3063.2210000000000036, 1, , , 3063.2210000000000036, 1, , , 3063.2210000000000036, 0
, , 3063.2249999999999091, 0, , , 3063.2249999999999091, 1, , , 3063.2249999999999091, 1, , , 3063.2249999999999091, 0
, , 3063.2300000000000182, 0, , , 3063.2300000000000182, 1, , , 3063.2300000000000182, 1, , , 3063.2300000000000182, 0
, , 3063.2350000000001273, 0, , , 3063.2350000000001273, 1, , , 3063.2350000000001273, 1, , , 3063.2350000000001273, 0
, , 3063.2409999999999854, 0, , , 3063.2409999999999854, 1, , , 3063.2409999999999854, 1, , , 3063.2409999999999854, 0
, , 3063.2449999999998909, 0, , , 3063.2449999999998909, 1, , , 3063.2449999999998909, 1, , , 3063.2449999999998909, 0
, , 3063.25, 0, , , 3063.25, 1, , , 3063.25, 1, , , 3063.25, 0
, , 3063.2550000000001091, 0, , , 3063.2550000000001091, 1, , , 3063.2550000000001091, 1, , , 3063.2550000000001091, 0
, , 3063.2609999999999673, 0, , , 3063.2609999999999673, 1, , , 3063.2609999999999673, 1, , , 3063.2609999999999673, 0
, , 3063.2649999999998727, 0, , , 3063.2649999999998727, 1, , , 3063.2649999999998727, 1, , , 3063.2649999999998727, 0
, , 3063.2710000000001855, 1, , , 3063.2710000000001855, 1, , , 3063.2710000000001855, 1, , , 3063.2710000000001855, 1
, , 3063.2750000000000909, 1, , , 3063.2750000000000909, 1, , , 3063.2750000000000909, 1, , , 3063.2750000000000909, 1
, , 3063.2800000000002001, 1, , , 3063.2800000000002001, 1, , , 3063.2800000000002001, 1, , , 3063.2800000000002001, 1
, , 3063.2860000000000582, 1, , , 3063.2860000000000582, 1, , , 3063.2860000000000582, 1, , , 3063.2860000000000582, 1
, , 3063.2899999999999636, 1, , , 3063.2899999999999636, 1, , , 3063.2899999999999636, 1, , , 3063.2899999999999636, 1
, , 3063.2950000000000728, 1, , , 3063.2950000000000728, 1, , , 3063.2950000000000728, 1, , , 3063.2950000000000728, 1
, , 3063.3009999999999309, 1, , , 3063.3009999999999309, 1, , , 3063.3009999999999309, 1, , , 3063.3009999999999309, 1
, , 3063.3049999999998363, 1, , , 3063.3049999999998363, 1, , , 3063.3049999999998363, 1, , , 3063.3049999999998363, 1
, , 3063.3099999999999454, 1, , , 3063.3099999999999454, 1, , , 3063.3099999999999454, 1, , , 3063.3099999999999454, 1
, , 3063.3170000000000073, 1, , , 3063.3170000000000073, 1, , , 3063.3170000000000073, 1, , , 3063.3170000000000073, 1
, , 3063.31899999999996, 1, , , 3063.31899999999996, 1, , , 3063.31899999999996, 1, , , 3063.31899999999996, 1
, , 3063.3260000000000218, 1, , , 3063.3260000000000218, 1, , , 3063.3260000000000218, 1, , , 3063.3260000000000218, 1
, , 3063.3299999999999272, 1, , , 3063.3299999999999272, 1, , , 3063.3299999999999272, 1, , , 3063.3299999999999272, 1
, , 3063.3350000000000364, 1, , , 3063.3350000000000364, 1, , , 3063.3350000000000364, 1, , , 3063.3350000000000364, 1
, , 3063.3400000000001455, 1, , , 3063.3400000000001455, 1, , , 3063.3400000000001455, 1, , , 3063.3400000000001455, 1
, , 3063.3449999999997999, 1, , , 3063.3449999999997999, 0, , , 3063.3449999999997999, 0, , , 3063.3449999999997999, 1
, , 3063.3499999999999091, 1, , , 3063.3499999999999091, 0, , , 3063.3499999999999091, 0, , , 3063.3499999999999091, 1
, , 3063.3550000000000182, 1, , , 3063.3550000000000182, 0, , , 3063.3550000000000182, 0, , , 3063.3550000000000182, 1
, , 3063.3609999999998763, 1, , , 3063.3609999999998763, 0, , , 3063.3609999999998763, 0, , , 3063.3609999999998763, 1
, , 3063.3649999999997817, 1, , , 3063.3649999999997817, 0, , , 3063.3649999999997817, 0, , , 3063.3649999999997817, 1
, , 3063.3699999999998909, 1, , , 3063.3699999999998909, 0, , , 3063.3699999999998909, 0, , , 3063.3699999999998909, 1
, , 3063.375, 1, , , 3063.375, 0, , , 3063.375, 0, , , 3063.375, 1
, , 3063.3789999999999054, 1, , , 3063.3789999999999054, 0, , , 3063.3789999999999054, 0, , , 3063.3789999999999054, 1
, , 3063.3850000000002183, 1, , , 3063.3850000000002183, 0, , , 3063.3850000000002183, 0, , , 3063.3850000000002183, 1
, , 3063.3899999999998727, 1, , , 3063.3899999999998727, 0, , , 3063.3899999999998727, 0, , , 3063.3899999999998727, 1
, , 3063.3960000000001855, 1, , , 3063.3960000000001855, 0, , , 3063.3960000000001855, 0, , , 3063.3960000000001855, 1
, , 3063.4000000000000909, 1, , , 3063.4000000000000909, 0, , , 3063.4000000000000909, 0, , , 3063.4000000000000909, 1
, , 3063.4059999999999491, 1, , , 3063.4059999999999491, 0, , , 3063.4059999999999491, 0, , , 3063.4059999999999491, 1
, , 3063.4099999999998545, 1, , , 3063.4099999999998545, 0, , , 3063.4099999999998545, 0, , , 3063.4099999999998545, 1
, , 3063.4149999999999636, 1, , , 3063.4149999999999636, 0, , , 3063.4149999999999636, 0, , , 3063.4149999999999636, 1
, , 3063.418999999999869, 1, , , 3063.418999999999869, 0, , , 3063.418999999999869, 0, , , 3063.418999999999869, 1
, , 3063.4250000000001819, 1, , , 3063.4250000000001819, 0, , , 3063.4250000000001819, 0, , , 3063.4250000000001819, 1
, , 3063.4299999999998363, 1, , , 3063.4299999999998363, 0, , , 3063.4299999999998363, 0, , , 3063.4299999999998363, 1
, , 3063.4349999999999454, 1, , , 3063.4349999999999454, 0, , , 3063.4349999999999454, 0, , , 3063.4349999999999454, 1
, , 3063.4400000000000546, 1, , , 3063.4400000000000546, 0, , , 3063.4400000000000546, 0, , , 3063.4400000000000546, 1
, , 3063.4450000000001637, 1, , , 3063.4450000000001637, 0, , , 3063.4450000000001637, 0, , , 3063.4450000000001637, 1
, , 3063.4499999999998181, 1, , , 3063.4499999999998181, 0, , , 3063.4499999999998181, 0, , , 3063.4499999999998181, 1
, , 3063.4549999999999272, 1, , , 3063.4549999999999272, 0, , , 3063.4549999999999272, 0, , , 3063.4549999999999272, 1
, , 3063.4600000000000364, 1, , , 3063.4600000000000364, 0, , , 3063.4600000000000364, 0, , , 3063.4600000000000364, 1
, , 3063.4650000000001455, 1, , , 3063.4650000000001455, 0, , , 3063.4650000000001455, 0, , , 3063.4650000000001455, 1
, , 3063.4699999999997999, 1, , , 3063.4699999999997999, 0, , , 3063.4699999999997999, 0, , , 3063.4699999999997999, 1
, , 3063.4749999999999091, 1, , , 3063.4749999999999091, 0, , , 3063.4749999999999091, 0, , , 3063.4749999999999091, 1
, , 3063.4800000000000182, 1, , , 3063.4800000000000182, 0, , , 3063.4800000000000182, 0, , , 3063.4800000000000182, 1
, , 3063.4850000000001273, 1, , , 3063.4850000000001273, 0, , , 3063.4850000000001273, 0, , , 3063.4850000000001273, 1
, , 3063.4899999999997817, 1, , , 3063.4899999999997817, 0, , , 3063.4899999999997817, 0, , , 3063.4899999999997817, 1
, , 3063.4949999999998909, 1, , , 3063.4949999999998909, 0, , , 3063.4949999999998909, 0, , , 3063.4949999999998909, 1
, , 3063.5, 1, , , 3063.5, 0, , , 3063.5, 0, , , 3063.5, 1
, , 3063.5050000000001091, 1, , , 3063.5050000000001091, 0, , , 3063.5050000000001091, 0, , , 3063.5050000000001091, 1
, , 3063.5100000000002183, 1, , , 3063.5100000000002183, 0, , , 3063.5100000000002183, 0, , , 3063.5100000000002183, 1
, , 3063.5149999999998727, 1, , , 3063.5149999999998727, 0, , , 3063.5149999999998727, 0, , , 3063.5149999999998727, 1
, , 3063.5199999999999818, 1, , , 3063.5199999999999818, 0, , , 3063.5199999999999818, 0, , , 3063.5199999999999818, 1
, , 3063.5250000000000909, 1, , , 3063.5250000000000909, 0, , , 3063.5250000000000909, 0, , , 3063.5250000000000909, 1
, , 3063.5289999999999964, 1, , , 3063.5289999999999964, 0, , , 3063.5289999999999964, 0, , , 3063.5289999999999964, 1
, , 3063.5349999999998545, 1, , , 3063.5349999999998545, 0, , , 3063.5349999999998545, 0, , , 3063.5349999999998545, 1
, , 3063.5399999999999636, 1, , , 3063.5399999999999636, 0, , , 3063.5399999999999636, 0, , , 3063.5399999999999636, 1
, , 3063.5450000000000728, 1, , , 3063.5450000000000728, 0, , , 3063.5450000000000728, 0, , , 3063.5450000000000728, 1
, , 3063.5509999999999309, 1, , , 3063.5509999999999309, 0, , , 3063.5509999999999309, 0, , , 3063.5509999999999309, 1
, , 3063.5549999999998363, 1, , , 3063.5549999999998363, 0, , , 3063.5549999999998363, 0, , , 3063.5549999999998363, 1
, , 3063.5599999999999454, 1, , , 3063.5599999999999454, 0, , , 3063.5599999999999454, 0, , , 3063.5599999999999454, 1
, , 3063.5659999999998035, 1, , , 3063.5659999999998035, 0, , , 3063.5659999999998035, 0, , , 3063.5659999999998035, 1
, , 3063.5709999999999127, 1, , , 3063.5709999999999127, 0, , , 3063.5709999999999127, 0, , , 3063.5709999999999127, 1
, , 3063.5749999999998181, 1, , , 3063.5749999999998181, 0, , , 3063.5749999999998181, 0, , , 3063.5749999999998181, 1
, , 3063.5799999999999272, 1, , , 3063.5799999999999272, 0, , , 3063.5799999999999272, 0, , , 3063.5799999999999272, 1
, , 3063.5850000000000364, 1, , , 3063.5850000000000364, 0, , , 3063.5850000000000364, 0, , , 3063.5850000000000364, 1
, , 3063.5900000000001455, 1, , , 3063.5900000000001455, 0, , , 3063.5900000000001455, 0, , , 3063.5900000000001455, 1
, , 3063.6039999999998145, 1, , , 3063.6039999999998145, 1, , , 3063.6039999999998145, 1, , , 3063.6039999999998145, 1
, , 3063.6039999999998145, 1, , , 3063.6039999999998145, 1, , , 3063.6039999999998145, 1, , , 3063.6039999999998145, 1
, , 3063.6060000000002219, 1, , , 3063.6060000000002219, 1, , , 3063.6060000000002219, 1, , , 3063.6060000000002219, 1
, , 3063.6109999999998763, 1, , , 3063.6109999999998763, 1, , , 3063.6109999999998763, 1, , , 3063.6109999999998763, 1
, , 3063.6149999999997817, 1, , , 3063.6149999999997817, 1, , , 3063.6149999999997817, 1, , , 3063.6149999999997817, 1
, , 3063.6199999999998909, 1, , , 3063.6199999999998909, 1, , , 3063.6199999999998909, 1, , , 3063.6199999999998909, 1
, , 3063.625, 1, , , 3063.625, 1, , , 3063.625, 1, , , 3063.625, 1
, , 3063.6300000000001091, 1, , , 3063.6300000000001091, 1, , , 3063.6300000000001091, 1, , , 3063.6300000000001091, 1
, , 3063.6350000000002183, 1, , , 3063.6350000000002183, 1, , , 3063.6350000000002183, 1, , , 3063.6350000000002183, 1
, , 3063.6399999999998727, 1, , , 3063.6399999999998727, 1, , , 3063.6399999999998727, 1, , , 3063.6399999999998727, 1
, , 3063.6449999999999818, 1, , , 3063.6449999999999818, 1, , , 3063.6449999999999818, 1, , , 3063.6449999999999818, 1
, , 3063.6500000000000909, 1, , , 3063.6500000000000909, 1, , , 3063.6500000000000909, 1, , , 3063.6500000000000909, 1
, , 3063.6550000000002001, 1, , , 3063.6550000000002001, 1, , , 3063.6550000000002001, 1, , , 3063.6550000000002001, 1
, , 3063.6599999999998545, 1, , , 3063.6599999999998545, 1, , , 3063.6599999999998545, 1, , , 3063.6599999999998545, 1
, , 3063.6649999999999636, 1, , , 3063.6649999999999636, 1, , , 3063.6649999999999636, 1, , , 3063.6649999999999636, 1
, , 3063.6709999999998217, 0, , , 3063.6709999999998217, 1, , , 3063.6709999999998217, 1, , , 3063.6709999999998217, 0
, , 3063.6750000000001819, 0, , , 3063.6750000000001819, 1, , , 3063.6750000000001819, 1, , , 3063.6750000000001819, 0
, , 3063.6799999999998363, 0, , , 3063.6799999999998363, 1, , , 3063.6799999999998363, 1, , , 3063.6799999999998363, 0
, , 3063.6849999999999454, 0, , , 3063.6849999999999454, 1, , , 3063.6849999999999454, 1, , , 3063.6849999999999454, 0
, , 3063.6909999999998035, 0, , , 3063.6909999999998035, 1, , , 3063.6909999999998035, 1, , , 3063.6909999999998035, 0
, , 3063.6950000000001637, 0, , , 3063.6950000000001637, 1, , , 3063.6950000000001637, 1, , , 3063.6950000000001637, 0
, , 3063.706000000000131, 0, , , 3063.706000000000131, 1, , , 3063.706000000000131, 1, , , 3063.706000000000131, 0
, , 3063.7069999999998799, 0, , , 3063.7069999999998799, 1, , , 3063.7069999999998799, 1, , , 3063.7069999999998799, 0
, , 3063.7100000000000364, 0, , , 3063.7100000000000364, 1, , , 3063.7100000000000364, 1, , , 3063.7100000000000364, 0
, , 3063.7150000000001455, 0, , , 3063.7150000000001455, 1, , , 3063.7150000000001455, 1, , , 3063.7150000000001455, 0
, , 3063.7199999999997999, 0, , , 3063.7199999999997999, 1, , , 3063.7199999999997999, 1, , , 3063.7199999999997999, 0
, , 3063.7249999999999091, 0, , , 3063.7249999999999091, 1, , , 3063.7249999999999091, 1, , , 3063.7249999999999091, 0
, , 3063.7310000000002219, 0, , , 3063.7310000000002219, 1, , , 3063.7310000000002219, 1, , , 3063.7310000000002219, 0
, , 3063.7350000000001273, 0, , , 3063.7350000000001273, 1, , , 3063.7350000000001273, 1, , , 3063.7350000000001273, 0
, , 3063.7399999999997817, 0, , , 3063.7399999999997817, 1, , , 3063.7399999999997817, 1, , , 3063.7399999999997817, 0
, , 3063.7449999999998909, 0, , , 3063.7449999999998909, 1, , , 3063.7449999999998909, 1, , , 3063.7449999999998909, 0
, , 3063.75, 0, , , 3063.75, 1, , , 3063.75, 1, , , 3063.75, 0
, , 3063.7550000000001091, 0, , , 3063.7550000000001091, 1, , , 3063.7550000000001091, 1, , , 3063.7550000000001091, 0
, , 3063.7600000000002183, 0, , , 3063.7600000000002183, 1, , , 3063.7600000000002183, 1, , , 3063.7600000000002183, 0
, , 3063.7649999999998727, 0, , , 3063.7649999999998727, 1, , , 3063.7649999999998727, 1, , , 3063.7649999999998727, 0
, , 3063.7699999999999818, 0, , , 3063.7699999999999818, 1, , , 3063.7699999999999818, 1, , , 3063.7699999999999818, 0
, , 3063.7770000000000437, 0, , , 3063.7770000000000437, 1, , , 3063.7770000000000437, 1, , , 3063.7770000000000437, 0
, , 3063.7840000000001055, 0, , , 3063.7840000000001055, 1, , , 3063.7840000000001055, 1, , , 3063.7840000000001055, 0
, , 3063.7849999999998545, 0, , , 3063.7849999999998545, 1, , , 3063.7849999999998545, 1, , , 3063.7849999999998545, 0
, , 3063.7910000000001673, 0, , , 3063.7910000000001673, 1, , , 3063.7910000000001673, 1, , , 3063.7910000000001673, 0
, , 3063.7959999999998217, 0, , , 3063.7959999999998217, 1, , , 3063.7959999999998217, 1, , , 3063.7959999999998217, 0
, , 3063.8009999999999309, 0, , , 3063.8009999999999309, 1, , , 3063.8009999999999309, 1, , , 3063.8009999999999309, 0
, , 3063.8049999999998363, 0, , , 3063.8049999999998363, 1, , , 3063.8049999999998363, 1, , , 3063.8049999999998363, 0
, , 3063.8099999999999454, 0, , , 3063.8099999999999454, 1, , , 3063.8099999999999454, 1, , , 3063.8099999999999454, 0
, , 3063.8170000000000073, 0, , , 3063.8170000000000073, 1, , , 3063.8170000000000073, 1, , , 3063.8170000000000073, 0
, , 3063.8200000000001637, 0, , , 3063.8200000000001637, 1, , , 3063.8200000000001637, 1, , , 3063.8200000000001637, 0
, , 3063.8249999999998181, 0, , , 3063.8249999999998181, 1, , , 3063.8249999999998181, 1, , , 3063.8249999999998181, 0
, , 3063.831000000000131, 0, , , 3063.831000000000131, 1, , , 3063.831000000000131, 1, , , 3063.831000000000131, 0
, , 3063.8339999999998327, 0, , , 3063.8339999999998327, 1, , , 3063.8339999999998327, 1, , , 3063.8339999999998327, 0
, , 3063.8389999999999418, 0, , , 3063.8389999999999418, 1, , , 3063.8389999999999418, 1, , , 3063.8389999999999418, 0
, , 3063.8449999999997999, 0, , , 3063.8449999999997999, 1, , , 3063.8449999999997999, 1, , , 3063.8449999999997999, 0
, , 3063.8499999999999091, 0, , , 3063.8499999999999091, 1, , , 3063.8499999999999091, 1, , , 3063.8499999999999091, 0
, , 3063.8569999999999709, 0, , , 3063.8569999999999709, 1, , , 3063.8569999999999709, 1, , , 3063.8569999999999709, 0
, , 3063.8609999999998763, 0, , , 3063.8609999999998763, 1, , , 3063.8609999999998763, 1, , , 3063.8609999999998763, 0
, , 3063.8649999999997817, 0, , , 3063.8649999999997817, 1, , , 3063.8649999999997817, 1, , , 3063.8649999999997817, 0
, , 3063.8699999999998909, 0, , , 3063.8699999999998909, 1, , , 3063.8699999999998909, 1, , , 3063.8699999999998909, 0
, , 3063.875, 0, , , 3063.875, 1, , , 3063.875, 1, , , 3063.875, 0
, , 3063.8800000000001091, 0, , , 3063.8800000000001091, 1, , , 3063.8800000000001091, 1, , , 3063.8800000000001091, 0
, , 3063.8850000000002183, 0, , , 3063.8850000000002183, 1, , , 3063.8850000000002183, 1, , , 3063.8850000000002183, 0
, , 3063.8899999999998727, 0, , , 3063.8899999999998727, 1, , , 3063.8899999999998727, 1, , , 3063.8899999999998727, 0
, , 3063.8960000000001855, 0, , , 3063.8960000000001855, 1, , , 3063.8960000000001855, 1, , , 3063.8960000000001855, 0
, , 3063.9009999999998399, 0, , , 3063.9009999999998399, 1, , , 3063.9009999999998399, 1, , , 3063.9009999999998399, 0
, , 3063.9050000000002001, 0, , , 3063.9050000000002001, 1, , , 3063.9050000000002001, 1, , , 3063.9050000000002001, 0
, , 3063.9110000000000582, 0, , , 3063.9110000000000582, 1, , , 3063.9110000000000582, 1, , , 3063.9110000000000582, 0
, , 3063.9149999999999636, 0, , , 3063.9149999999999636, 1, , , 3063.9149999999999636, 1, , , 3063.9149999999999636, 0
, , 3063.9200000000000728, 1, , , 3063.9200000000000728, 1, , , 3063.9200000000000728, 1, , , 3063.9200000000000728, 1
, , 3063.9250000000001819, 1, , , 3063.9250000000001819, 1, , , 3063.9250000000001819, 1, , , 3063.9250000000001819, 1
, , 3063.9299999999998363, 1, , , 3063.9299999999998363, 1, , , 3063.9299999999998363, 1, , , 3063.9299999999998363, 1
, , 3063.9349999999999454, 1, , , 3063.9349999999999454, 1, , , 3063.9349999999999454, 1, , , 3063.9349999999999454, 1
, , 3063.9409999999998035, 1, , , 3063.9409999999998035, 1, , , 3063.9409999999998035, 1, , , 3063.9409999999998035, 1
, , 3063.9450000000001637, 1, , , 3063.9450000000001637, 1, , , 3063.9450000000001637, 1, , , 3063.9450000000001637, 1
, , 3063.9499999999998181, 1, , , 3063.9499999999998181, 1, , , 3063.9499999999998181, 1, , , 3063.9499999999998181, 1
, , 3063.9549999999999272, 1, , , 3063.9549999999999272, 1, , , 3063.9549999999999272, 1, , , 3063.9549999999999272, 1
, , 3063.9609999999997854, 1, , , 3063.9609999999997854, 1, , , 3063.9609999999997854, 1, , , 3063.9609999999997854, 1
, , 3063.9650000000001455, 1, , , 3063.9650000000001455, 1, , , 3063.9650000000001455, 1, , , 3063.9650000000001455, 1
, , 3063.9720000000002074, 1, , , 3063.9720000000002074, 1, , , 3063.9720000000002074, 1, , , 3063.9720000000002074, 1
, , 3063.9760000000001128, 1, , , 3063.9760000000001128, 1, , , 3063.9760000000001128, 1, , , 3063.9760000000001128, 1
, , 3063.9810000000002219, 1, , , 3063.9810000000002219, 1, , , 3063.9810000000002219, 1, , , 3063.9810000000002219, 1
, , 3063.9859999999998763, 1, , , 3063.9859999999998763, 1, , , 3063.9859999999998763, 1, , , 3063.9859999999998763, 1
, , 3063.9909999999999854, 1, , , 3063.9909999999999854, 0, , , 3063.9909999999999854, 0, , , 3063.9909999999999854, 1
, , 3063.9940000000001419, 1, , , 3063.9940000000001419, 0, , , 3063.9940000000001419, 0, , , 3063.9940000000001419, 1
, , 3064, 1, , , 3064, 0, , , 3064, 0, , , 3064, 1
, , 3064.0050000000001091, 1, , , 3064.0050000000001091, 0, , , 3064.0050000000001091, 0, , , 3064.0050000000001091, 1
, , 3064.0090000000000146, 1, , , 3064.0090000000000146, 0, , , 3064.0090000000000146, 0, , , 3064.0090000000000146, 1
, , 3064.0149999999998727, 1, , , 3064.0149999999998727, 0, , , 3064.0149999999998727, 0, , , 3064.0149999999998727, 1
, , 3064.0199999999999818, 1, , , 3064.0199999999999818, 0, , , 3064.0199999999999818, 0, , , 3064.0199999999999818, 1
, , 3064.0250000000000909, 1, , , 3064.0250000000000909, 0, , , 3064.0250000000000909, 0, , , 3064.0250000000000909, 1
, , 3064.0309999999999491, 1, , , 3064.0309999999999491, 0, , , 3064.0309999999999491, 0, , , 3064.0309999999999491, 1
, , 3064.0349999999998545, 1, , , 3064.0349999999998545, 0, , , 3064.0349999999998545, 0, , , 3064.0349999999998545, 1
, , 3064.0399999999999636, 1, , , 3064.0399999999999636, 0, , , 3064.0399999999999636, 0, , , 3064.0399999999999636, 1
, , 3064.0450000000000728, 1, , , 3064.0450000000000728, 0, , , 3064.0450000000000728, 0, , , 3064.0450000000000728, 1
, , 3064.0500000000001819, 1, , , 3064.0500000000001819, 0, , , 3064.0500000000001819, 0, , , 3064.0500000000001819, 1
, , 3064.0549999999998363, 1, , , 3064.0549999999998363, 0, , , 3064.0549999999998363, 0, , , 3064.0549999999998363, 1
, , 3064.0599999999999454, 1, , , 3064.0599999999999454, 0, , , 3064.0599999999999454, 0, , , 3064.0599999999999454, 1
, , 3064.0659999999998035, 1, , , 3064.0659999999998035, 0, , , 3064.0659999999998035, 0, , , 3064.0659999999998035, 1
, , 3064.0700000000001637, 1, , , 3064.0700000000001637, 0, , , 3064.0700000000001637, 0, , , 3064.0700000000001637, 1
, , 3064.0749999999998181, 1, , , 3064.0749999999998181, 0, , , 3064.0749999999998181, 0, , , 3064.0749999999998181, 1
, , 3064.0799999999999272, 1, , , 3064.0799999999999272, 0, , , 3064.0799999999999272, 0, , , 3064.0799999999999272, 1
, , 3064.0850000000000364, 1, , , 3064.0850000000000364, 0, , , 3064.0850000000000364, 0, , , 3064.0850000000000364, 1
, , 3064.0909999999998945, 1, , , 3064.0909999999998945, 0, , , 3064.0909999999998945, 0, , , 3064.0909999999998945, 1
, , 3064.0949999999997999, 1, , , 3064.0949999999997999, 0, , , 3064.0949999999997999, 0, , , 3064.0949999999997999, 1
, , 3064.0999999999999091, 1, , , 3064.0999999999999091, 0, , , 3064.0999999999999091, 0, , , 3064.0999999999999091, 1
, , 3064.1060000000002219, 1, , , 3064.1060000000002219, 0, , , 3064.1060000000002219, 0, , , 3064.1060000000002219, 1
, , 3064.1100000000001273, 1, , , 3064.1100000000001273, 0, , , 3064.1100000000001273, 0, , , 3064.1100000000001273, 1
, , 3064.1149999999997817, 1, , , 3064.1149999999997817, 0, , , 3064.1149999999997817, 0, , , 3064.1149999999997817, 1
, , 3064.1210000000000946, 1, , , 3064.1210000000000946, 0, , , 3064.1210000000000946, 0, , , 3064.1210000000000946, 1
, , 3064.1269999999999527, 1, , , 3064.1269999999999527, 0, , , 3064.1269999999999527, 0, , , 3064.1269999999999527, 1
, , 3064.1300000000001091, 1, , , 3064.1300000000001091, 0, , , 3064.1300000000001091, 0, , , 3064.1300000000001091, 1
, , 3064.1350000000002183, 1, , , 3064.1350000000002183, 0, , , 3064.1350000000002183, 0, , , 3064.1350000000002183, 1
, , 3064.1410000000000764, 1, , , 3064.1410000000000764, 0, , , 3064.1410000000000764, 0, , , 3064.1410000000000764, 1
, , 3064.1449999999999818, 1, , , 3064.1449999999999818, 0, , , 3064.1449999999999818, 0, , , 3064.1449999999999818, 1
, , 3064.1509999999998399, 1, , , 3064.1509999999998399, 0, , , 3064.1509999999998399, 0, , , 3064.1509999999998399, 1
, , 3064.1559999999999491, 1, , , 3064.1559999999999491, 0, , , 3064.1559999999999491, 0, , , 3064.1559999999999491, 1
, , 3064.1599999999998545, 1, , , 3064.1599999999998545, 0, , , 3064.1599999999998545, 0, , , 3064.1599999999998545, 1
, , 3064.1649999999999636, 1, , , 3064.1649999999999636, 0, , , 3064.1649999999999636, 0, , , 3064.1649999999999636, 1
, , 3064.1709999999998217, 1, , , 3064.1709999999998217, 0, , , 3064.1709999999998217, 0, , , 3064.1709999999998217, 1
, , 3064.1750000000001819, 1, , , 3064.1750000000001819, 0, , , 3064.1750000000001819, 0, , , 3064.1750000000001819, 1
, , 3064.1799999999998363, 1, , , 3064.1799999999998363, 0, , , 3064.1799999999998363, 0, , , 3064.1799999999998363, 1
, , 3064.1849999999999454, 1, , , 3064.1849999999999454, 0, , , 3064.1849999999999454, 0, , , 3064.1849999999999454, 1
, , 3064.1909999999998035, 1, , , 3064.1909999999998035, 0, , , 3064.1909999999998035, 0, , , 3064.1909999999998035, 1
, , 3064.1950000000001637, 1, , , 3064.1950000000001637, 0, , , 3064.1950000000001637, 0, , , 3064.1950000000001637, 1
, , 3064.1999999999998181, 1, , , 3064.1999999999998181, 0, , , 3064.1999999999998181, 0, , , 3064.1999999999998181, 1
, , 3064.2049999999999272, 1, , , 3064.2049999999999272, 0, , , 3064.2049999999999272, 0, , , 3064.2049999999999272, 1
, , 3064.2100000000000364, 1, , , 3064.2100000000000364, 0, , , 3064.2100000000000364, 0, , , 3064.2100000000000364, 1
, , 3064.2150000000001455, 1, , , 3064.2150000000001455, 0, , , 3064.2150000000001455, 0, , , 3064.2150000000001455, 1
, , 3064.2190000000000509, 1, , , 3064.2190000000000509, 0, , , 3064.2190000000000509, 0, , , 3064.2190000000000509, 1
, , 3064.2249999999999091, 1, , , 3064.2249999999999091, 0, , , 3064.2249999999999091, 0, , , 3064.2249999999999091, 1
, , 3064.2300000000000182, 1, , , 3064.2300000000000182, 0, , , 3064.2300000000000182, 0, , , 3064.2300000000000182, 1
, , 3064.2350000000001273, 1, , , 3064.2350000000001273, 0, , , 3064.2350000000001273, 0, , , 3064.2350000000001273, 1
, , 3064.2399999999997817, 1, , , 3064.2399999999997817, 0, , , 3064.2399999999997817, 0, , , 3064.2399999999997817, 1
, , 3064.2449999999998909, 1, , , 3064.2449999999998909, 1, , , 3064.2449999999998909, 1, , , 3064.2449999999998909, 1
, , 3064.25, 1, , , 3064.25, 1, , , 3064.25, 1, , , 3064.25, 1
, , 3064.2559999999998581, 1, , , 3064.2559999999998581, 1, , , 3064.2559999999998581, 1, , , 3064.2559999999998581, 1
, , 3064.2609999999999673, 1, , , 3064.2609999999999673, 1, , , 3064.2609999999999673, 1, , , 3064.2609999999999673, 1
, , 3064.2649999999998727, 1, , , 3064.2649999999998727, 1, , , 3064.2649999999998727, 1, , , 3064.2649999999998727, 1
, , 3064.2699999999999818, 1, , , 3064.2699999999999818, 1, , , 3064.2699999999999818, 1, , , 3064.2699999999999818, 1
, , 3064.2750000000000909, 1, , , 3064.2750000000000909, 1, , , 3064.2750000000000909, 1, , , 3064.2750000000000909, 1
, , 3064.2800000000002001, 1, , , 3064.2800000000002001, 1, , , 3064.2800000000002001, 1, , , 3064.2800000000002001, 1
, , 3064.2849999999998545, 1, , , 3064.2849999999998545, 1, , , 3064.2849999999998545, 1, , , 3064.2849999999998545, 1
, , 3064.2890000000002146, 1, , , 3064.2890000000002146, 1, , , 3064.2890000000002146, 1, , , 3064.2890000000002146, 1
, , 3064.2950000000000728, 1, , , 3064.2950000000000728, 1, , , 3064.2950000000000728, 1, , , 3064.2950000000000728, 1
, , 3064.2989999999999782, 1, , , 3064.2989999999999782, 1, , , 3064.2989999999999782, 1, , , 3064.2989999999999782, 1
, , 3064.3049999999998363, 1, , , 3064.3049999999998363, 1, , , 3064.3049999999998363, 1, , , 3064.3049999999998363, 1
, , 3064.3099999999999454, 1, , , 3064.3099999999999454, 1, , , 3064.3099999999999454, 1, , , 3064.3099999999999454, 1
, , 3064.3150000000000546, 1, , , 3064.3150000000000546, 1, , , 3064.3150000000000546, 1, , , 3064.3150000000000546, 1
, , 3064.3200000000001637, 0, , , 3064.3200000000001637, 1, , , 3064.3200000000001637, 1, , , 3064.3200000000001637, 0
, , 3064.3249999999998181, 0, , , 3064.3249999999998181, 1, , , 3064.3249999999998181, 1, , , 3064.3249999999998181, 0
, , 3064.3299999999999272, 0, , , 3064.3299999999999272, 1, , , 3064.3299999999999272, 1, , , 3064.3299999999999272, 0
, , 3064.3359999999997854, 0, , , 3064.3359999999997854, 1, , , 3064.3359999999997854, 1, , , 3064.3359999999997854, 0
, , 3064.3400000000001455, 0, , , 3064.3400000000001455, 1, , , 3064.3400000000001455, 1, , , 3064.3400000000001455, 0
, , 3064.3460000000000036, 0, , , 3064.3460000000000036, 1, , , 3064.3460000000000036, 1, , , 3064.3460000000000036, 0
, , 3064.3499999999999091, 0, , , 3064.3499999999999091, 1, , , 3064.3499999999999091, 1, , , 3064.3499999999999091, 0
, , 3064.3550000000000182, 0, , , 3064.3550000000000182, 1, , , 3064.3550000000000182, 1, , , 3064.3550000000000182, 0
, , 3064.3600000000001273, 0, , , 3064.3600000000001273, 1, , , 3064.3600000000001273, 1, , , 3064.3600000000001273, 0
, , 3064.3649999999997817, 0, , , 3064.3649999999997817, 1, , , 3064.3649999999997817, 1, , , 3064.3649999999997817, 0
, , 3064.3699999999998909, 0, , , 3064.3699999999998909, 1, , , 3064.3699999999998909, 1, , , 3064.3699999999998909, 0
, , 3064.375, 0, , , 3064.375, 1, , , 3064.375, 1, , , 3064.375, 0
, , 3064.3809999999998581, 0, , , 3064.3809999999998581, 1, , , 3064.3809999999998581, 1, , , 3064.3809999999998581, 0
, , 3064.3850000000002183, 0, , , 3064.3850000000002183, 1, , , 3064.3850000000002183, 1, , , 3064.3850000000002183, 0
, , 3064.3899999999998727, 0, , , 3064.3899999999998727, 1, , , 3064.3899999999998727, 1, , , 3064.3899999999998727, 0
, , 3064.3960000000001855, 0, , , 3064.3960000000001855, 1, , , 3064.3960000000001855, 1, , , 3064.3960000000001855, 0
, , 3064.4000000000000909, 0, , , 3064.4000000000000909, 1, , , 3064.4000000000000909, 1, , , 3064.4000000000000909, 0
, , 3064.4050000000002001, 0, , , 3064.4050000000002001, 1, , , 3064.4050000000002001, 1, , , 3064.4050000000002001, 0
, , 3064.4110000000000582, 0, , , 3064.4110000000000582, 1, , , 3064.4110000000000582, 1, , , 3064.4110000000000582, 0
, , 3064.4149999999999636, 0, , , 3064.4149999999999636, 1, , , 3064.4149999999999636, 1, , , 3064.4149999999999636, 0
, , 3064.4220000000000255, 0, , , 3064.4220000000000255, 1, , , 3064.4220000000000255, 1, , , 3064.4220000000000255, 0
, , 3064.4250000000001819, 0, , , 3064.4250000000001819, 1, , , 3064.4250000000001819, 1, , , 3064.4250000000001819, 0
, , 3064.4290000000000873, 0, , , 3064.4290000000000873, 1, , , 3064.4290000000000873, 1, , , 3064.4290000000000873, 0
, , 3064.4349999999999454, 0, , , 3064.4349999999999454, 1, , , 3064.4349999999999454, 1, , , 3064.4349999999999454, 0
, , 3064.4400000000000546, 0, , , 3064.4400000000000546, 1, , , 3064.4400000000000546, 1, , , 3064.4400000000000546, 0
, , 3064.4450000000001637, 0, , , 3064.4450000000001637, 1, , , 3064.4450000000001637, 1, , , 3064.4450000000001637, 0
, , 3064.4499999999998181, 0, , , 3064.4499999999998181, 1, , , 3064.4499999999998181, 1, , , 3064.4499999999998181, 0
, , 3064.4549999999999272, 0, , , 3064.4549999999999272, 1, , , 3064.4549999999999272, 1, , , 3064.4549999999999272, 0
, , 3064.4600000000000364, 0, , , 3064.4600000000000364, 1, , , 3064.4600000000000364, 1, , , 3064.4600000000000364, 0
, , 3064.4650000000001455, 0, , , 3064.4650000000001455, 1, , , 3064.4650000000001455, 1, , , 3064.4650000000001455, 0
, , 3064.4699999999997999, 0, , , 3064.4699999999997999, 1, , , 3064.4699999999997999, 1, , , 3064.4699999999997999, 0
, , 3064.4749999999999091, 0, , , 3064.4749999999999091, 1, , , 3064.4749999999999091, 1, , , 3064.4749999999999091, 0
, , 3064.4789999999998145, 0, , , 3064.4789999999998145, 1, , , 3064.4789999999998145, 1, , , 3064.4789999999998145, 0
, , 3064.487999999999829, 0, , , 3064.487999999999829, 1, , , 3064.487999999999829, 1, , , 3064.487999999999829, 0
, , 3064.4899999999997817, 0, , , 3064.4899999999997817, 1, , , 3064.4899999999997817, 1, , , 3064.4899999999997817, 0
, , 3064.4949999999998909, 0, , , 3064.4949999999998909, 1, , , 3064.4949999999998909, 1, , , 3064.4949999999998909, 0
, , 3064.5010000000002037, 1, , , 3064.5010000000002037, 1, , , 3064.5010000000002037, 1, , , 3064.5010000000002037, 1
, , 3064.5050000000001091, 1, , , 3064.5050000000001091, 1, , , 3064.5050000000001091, 1, , , 3064.5050000000001091, 1
, , 3064.5100000000002183, 1, , , 3064.5100000000002183, 1, , , 3064.5100000000002183, 1, , , 3064.5100000000002183, 1
, , 3064.5149999999998727, 1, , , 3064.5149999999998727, 1, , , 3064.5149999999998727, 1, , , 3064.5149999999998727, 1
, , 3064.5199999999999818, 1, , , 3064.5199999999999818, 1, , , 3064.5199999999999818, 1, , , 3064.5199999999999818, 1
, , 3064.5250000000000909, 1, , , 3064.5250000000000909, 1, , , 3064.5250000000000909, 1, , , 3064.5250000000000909, 1
, , 3064.5300000000002001, 1, , , 3064.5300000000002001, 1, , , 3064.5300000000002001, 1, , , 3064.5300000000002001, 1
, , 3064.5360000000000582, 1, , , 3064.5360000000000582, 1, , , 3064.5360000000000582, 1, , , 3064.5360000000000582, 1
, , 3064.5399999999999636, 1, , , 3064.5399999999999636, 1, , , 3064.5399999999999636, 1, , , 3064.5399999999999636, 1
, , 3064.5459999999998217, 1, , , 3064.5459999999998217, 1, , , 3064.5459999999998217, 1, , , 3064.5459999999998217, 1
, , 3064.5500000000001819, 1, , , 3064.5500000000001819, 1, , , 3064.5500000000001819, 1, , , 3064.5500000000001819, 1
, , 3064.5549999999998363, 1, , , 3064.5549999999998363, 1, , , 3064.5549999999998363, 1, , , 3064.5549999999998363, 1
, , 3064.5610000000001492, 1, , , 3064.5610000000001492, 1, , , 3064.5610000000001492, 1, , , 3064.5610000000001492, 1
, , 3064.5659999999998035, 1, , , 3064.5659999999998035, 1, , , 3064.5659999999998035, 1, , , 3064.5659999999998035, 1
, , 3064.5700000000001637, 1, , , 3064.5700000000001637, 1, , , 3064.5700000000001637, 1, , , 3064.5700000000001637, 1
, , 3064.5749999999998181, 1, , , 3064.5749999999998181, 1, , , 3064.5749999999998181, 1, , , 3064.5749999999998181, 1
, , 3064.5799999999999272, 1, , , 3064.5799999999999272, 1, , , 3064.5799999999999272, 1, , , 3064.5799999999999272, 1
, , 3064.5850000000000364, 1, , , 3064.5850000000000364, 1, , , 3064.5850000000000364, 1, , , 3064.5850000000000364, 1
, , 3064.5900000000001455, 1, , , 3064.5900000000001455, 1, , , 3064.5900000000001455, 1, , , 3064.5900000000001455, 1
, , 3064.5970000000002074, 1, , , 3064.5970000000002074, 1, , , 3064.5970000000002074, 1, , , 3064.5970000000002074, 1
, , 3064.6010000000001128, 1, , , 3064.6010000000001128, 1, , , 3064.6010000000001128, 1, , , 3064.6010000000001128, 1
, , 3064.6060000000002219, 1, , , 3064.6060000000002219, 1, , , 3064.6060000000002219, 1, , , 3064.6060000000002219, 1
, , 3064.6100000000001273, 1, , , 3064.6100000000001273, 1, , , 3064.6100000000001273, 1, , , 3064.6100000000001273, 1
, , 3064.6149999999997817, 1, , , 3064.6149999999997817, 1, , , 3064.6149999999997817, 1, , , 3064.6149999999997817, 1
, , 3064.6199999999998909, 1, , , 3064.6199999999998909, 1, , , 3064.6199999999998909, 1, , , 3064.6199999999998909, 1
, , 3064.625, 1, , , 3064.625, 1, , , 3064.625, 1, , , 3064.625, 1
, , 3064.6300000000001091, 1, , , 3064.6300000000001091, 1, , , 3064.6300000000001091, 1, , , 3064.6300000000001091, 1
, , 3064.6359999999999673, 1, , , 3064.6359999999999673, 1, , , 3064.6359999999999673, 1, , , 3064.6359999999999673, 1
, , 3064.6399999999998727, 1, , , 3064.6399999999998727, 1, , , 3064.6399999999998727, 1, , , 3064.6399999999998727, 1
, , 3064.6449999999999818, 1, , , 3064.6449999999999818, 1, , , 3064.6449999999999818, 1, , , 3064.6449999999999818, 1
, , 3064.6500000000000909, 1, , , 3064.6500000000000909, 1, , , 3064.6500000000000909, 1, , , 3064.6500000000000909, 1
, , 3064.6550000000002001, 1, , , 3064.6550000000002001, 1, , , 3064.6550000000002001, 1, , , 3064.6550000000002001, 1
, , 3064.6599999999998545, 1, , , 3064.6599999999998545, 1, , , 3064.6599999999998545, 1, , , 3064.6599999999998545, 1
, , 3064.6649999999999636, 1, , , 3064.6649999999999636, 1, , , 3064.6649999999999636, 1, , , 3064.6649999999999636, 1
, , 3064.6700000000000728, 1, , , 3064.6700000000000728, 1, , , 3064.6700000000000728, 1, , , 3064.6700000000000728, 1
, , 3064.6759999999999309, 1, , , 3064.6759999999999309, 1, , , 3064.6759999999999309, 1, , , 3064.6759999999999309, 1
, , 3064.6799999999998363, 1, , , 3064.6799999999998363, 1, , , 3064.6799999999998363, 1, , , 3064.6799999999998363, 1
, , 3064.6849999999999454, 1, , , 3064.6849999999999454, 1, , , 3064.6849999999999454, 1, , , 3064.6849999999999454, 1
, , 3064.6909999999998035, 1, , , 3064.6909999999998035, 1, , , 3064.6909999999998035, 1, , , 3064.6909999999998035, 1
, , 3064.6959999999999127, 1, , , 3064.6959999999999127, 1, , , 3064.6959999999999127, 1, , , 3064.6959999999999127, 1
, , 3064.6999999999998181, 1, , , 3064.6999999999998181, 1, , , 3064.6999999999998181, 1, , , 3064.6999999999998181, 1
, , 3064.7049999999999272, 1, , , 3064.7049999999999272, 1, , , 3064.7049999999999272, 1, , , 3064.7049999999999272, 1
, , 3064.7100000000000364, 1, , , 3064.7100000000000364, 1, , , 3064.7100000000000364, 1, , , 3064.7100000000000364, 1
, , 3064.7150000000001455, 1, , , 3064.7150000000001455, 1, , , 3064.7150000000001455, 1, , , 3064.7150000000001455, 1
, , 3064.7199999999997999, 1, , , 3064.7199999999997999, 1, , , 3064.7199999999997999, 1, , , 3064.7199999999997999, 1
, , 3064.7249999999999091, 1, , , 3064.7249999999999091, 1, , , 3064.7249999999999091, 1, , , 3064.7249999999999091, 1
, , 3064.7300000000000182, 1, , , 3064.7300000000000182, 1, , , 3064.7300000000000182, 1, , , 3064.7300000000000182, 1
, , 3064.7350000000001273, 1, , , 3064.7350000000001273, 1, , , 3064.7350000000001273, 1, , , 3064.7350000000001273, 1
, , 3064.7399999999997817, 1, , , 3064.7399999999997817, 1, , , 3064.7399999999997817, 1, , , 3064.7399999999997817, 1
, , 3064.7460000000000946, 1, , , 3064.7460000000000946, 1, , , 3064.7460000000000946, 1, , , 3064.7460000000000946, 1
, , 3064.75, 1, , , 3064.75, 1, , , 3064.75, 1, , , 3064.75, 1
, , 3064.7550000000001091, 1, , , 3064.7550000000001091, 1, , , 3064.7550000000001091, 1, , , 3064.7550000000001091, 1
, , 3064.7600000000002183, 1, , , 3064.7600000000002183, 1, , , 3064.7600000000002183, 1, , , 3064.7600000000002183, 1
, , 3064.7660000000000764, 1, , , 3064.7660000000000764, 1, , , 3064.7660000000000764, 1, , , 3064.7660000000000764, 1
, , 3064.7699999999999818, 1, , , 3064.7699999999999818, 1, , , 3064.7699999999999818, 1, , , 3064.7699999999999818, 1
, , 3064.7750000000000909, 1, , , 3064.7750000000000909, 1, , , 3064.7750000000000909, 1, , , 3064.7750000000000909, 1
, , 3064.7800000000002001, 1, , , 3064.7800000000002001, 1, , , 3064.7800000000002001, 1, , , 3064.7800000000002001, 1
, , 3064.7849999999998545, 1, , , 3064.7849999999998545, 1, , , 3064.7849999999998545, 1, , , 3064.7849999999998545, 1
, , 3064.7899999999999636, 1, , , 3064.7899999999999636, 1, , , 3064.7899999999999636, 1, , , 3064.7899999999999636, 1
, , 3064.7950000000000728, 1, , , 3064.7950000000000728, 1, , , 3064.7950000000000728, 1, , , 3064.7950000000000728, 1
, , 3064.8000000000001819, 1, , , 3064.8000000000001819, 1, , , 3064.8000000000001819, 1, , , 3064.8000000000001819, 1
, , 3064.8049999999998363, 1, , , 3064.8049999999998363, 1, , , 3064.8049999999998363, 1, , , 3064.8049999999998363, 1
, , 3064.8110000000001492, 1, , , 3064.8110000000001492, 1, , , 3064.8110000000001492, 1, , , 3064.8110000000001492, 1
, , 3064.8150000000000546, 1, , , 3064.8150000000000546, 1, , , 3064.8150000000000546, 1, , , 3064.8150000000000546, 1
, , 3064.8200000000001637, 1, , , 3064.8200000000001637, 1, , , 3064.8200000000001637, 1, , , 3064.8200000000001637, 1
, , 3064.8260000000000218, 1, , , 3064.8260000000000218, 1, , , 3064.8260000000000218, 1, , , 3064.8260000000000218, 1
, , 3064.8299999999999272, 1, , , 3064.8299999999999272, 1, , , 3064.8299999999999272, 1, , , 3064.8299999999999272, 1
, , 3064.8350000000000364, 1, , , 3064.8350000000000364, 1, , , 3064.8350000000000364, 1, , , 3064.8350000000000364, 1
, , 3064.8400000000001455, 1, , , 3064.8400000000001455, 1, , , 3064.8400000000001455, 1, , , 3064.8400000000001455, 1
, , 3064.8449999999997999, 1, , , 3064.8449999999997999, 1, , , 3064.8449999999997999, 1, , , 3064.8449999999997999, 1
, , 3064.8499999999999091, 1, , , 3064.8499999999999091, 1, , , 3064.8499999999999091, 1, , , 3064.8499999999999091, 1
, , 3064.8560000000002219, 1, , , 3064.8560000000002219, 1, , , 3064.8560000000002219, 1, , , 3064.8560000000002219, 1
, , 3064.8600000000001273, 1, , , 3064.8600000000001273, 1, , , 3064.8600000000001273, 1, , , 3064.8600000000001273, 1
, , 3064.8649999999997817, 1, , , 3064.8649999999997817, 1, , , 3064.8649999999997817, 1, , , 3064.8649999999997817, 1
, , 3064.8719999999998436, 1, , , 3064.8719999999998436, 1, , , 3064.8719999999998436, 1, , , 3064.8719999999998436, 1
, , 3064.875, 1, , , 3064.875, 1, , , 3064.875, 1, , , 3064.875, 1
, , 3064.8800000000001091, 1, , , 3064.8800000000001091, 1, , , 3064.8800000000001091, 1, , , 3064.8800000000001091, 1
, , 3064.8850000000002183, 1, , , 3064.8850000000002183, 1, , , 3064.8850000000002183, 1, , , 3064.8850000000002183, 1
, , 3064.8910000000000764, 1, , , 3064.8910000000000764, 1, , , 3064.8910000000000764, 1, , , 3064.8910000000000764, 1
, , 3064.8960000000001855, 1, , , 3064.8960000000001855, 1, , , 3064.8960000000001855, 1, , , 3064.8960000000001855, 1
, , 3064.9000000000000909, 1, , , 3064.9000000000000909, 1, , , 3064.9000000000000909, 1, , , 3064.9000000000000909, 1
, , 3064.9050000000002001, 1, , , 3064.9050000000002001, 1, , , 3064.9050000000002001, 1, , , 3064.9050000000002001, 1
, , 3064.9099999999998545, 1, , , 3064.9099999999998545, 1, , , 3064.9099999999998545, 1, , , 3064.9099999999998545, 1
, , 3064.918999999999869, 1, , , 3064.918999999999869, 1, , , 3064.918999999999869, 1, , , 3064.918999999999869, 1
, , 3064.9200000000000728, 1, , , 3064.9200000000000728, 1, , , 3064.9200000000000728, 1, , , 3064.9200000000000728, 1
, , 3064.9250000000001819, 1, , , 3064.9250000000001819, 1, , , 3064.9250000000001819, 1, , , 3064.9250000000001819, 1
, , 3064.93100000000004, 1, , , 3064.93100000000004, 1, , , 3064.93100000000004, 1, , , 3064.93100000000004, 1
, , 3064.9349999999999454, 1, , , 3064.9349999999999454, 1, , , 3064.9349999999999454, 1, , , 3064.9349999999999454, 1
, , 3064.9400000000000546, 1, , , 3064.9400000000000546, 1, , , 3064.9400000000000546, 1, , , 3064.9400000000000546, 1
, , 3064.9459999999999127, 1, , , 3064.9459999999999127, 1, , , 3064.9459999999999127, 1, , , 3064.9459999999999127, 1
, , 3064.9499999999998181, 1, , , 3064.9499999999998181, 1, , , 3064.9499999999998181, 1, , , 3064.9499999999998181, 1
, , 3064.9549999999999272, 1, , , 3064.9549999999999272, 1, , , 3064.9549999999999272, 1, , , 3064.9549999999999272, 1
, , 3064.9600000000000364, 1, , , 3064.9600000000000364, 1, , , 3064.9600000000000364, 1, , , 3064.9600000000000364, 1
, , 3064.9650000000001455, 1, , , 3064.9650000000001455, 1, , , 3064.9650000000001455, 1, , , 3064.9650000000001455, 1
, , 3064.9699999999997999, 1, , , 3064.9699999999997999, 1, , , 3064.9699999999997999, 1, , , 3064.9699999999997999, 1
, , 3064.9749999999999091, 1, , , 3064.9749999999999091, 1, , , 3064.9749999999999091, 1, , , 3064.9749999999999091, 1
, , 3064.9800000000000182, 1, , , 3064.9800000000000182, 1, , , 3064.9800000000000182, 1, , , 3064.9800000000000182, 1
, , 3064.9850000000001273, 1, , , 3064.9850000000001273, 1, , , 3064.9850000000001273, 1, , , 3064.9850000000001273, 1
, , 3064.9899999999997817, 1, , , 3064.9899999999997817, 1, , , 3064.9899999999997817, 1, , , 3064.9899999999997817, 1
, , 3064.9949999999998909, 1, , , 3064.9949999999998909, 1, , , 3064.9949999999998909, 1, , , 3064.9949999999998909, 1
, , 3065, 1, , , 3065, 1, , , 3065, 1, , , 3065, 1
, , 3065.0059999999998581, 1, , , 3065.0059999999998581, 1, , , 3065.0059999999998581, 1, , , 3065.0059999999998581, 1
, , 3065.0100000000002183, 1, , , 3065.0100000000002183, 1, , , 3065.0100000000002183, 1, , , 3065.0100000000002183, 1
, , 3065.0169999999998254, 1, , , 3065.0169999999998254, 1, , , 3065.0169999999998254, 1, , , 3065.0169999999998254, 1
, , 3065.0210000000001855, 1, , , 3065.0210000000001855, 1, , , 3065.0210000000001855, 1, , , 3065.0210000000001855, 1
, , 3065.0270000000000437, 1, , , 3065.0270000000000437, 1, , , 3065.0270000000000437, 1, , , 3065.0270000000000437, 1
, , 3065.0300000000002001, 1, , , 3065.0300000000002001, 1, , , 3065.0300000000002001, 1, , , 3065.0300000000002001, 1
, , 3065.0360000000000582, 1, , , 3065.0360000000000582, 1, , , 3065.0360000000000582, 1, , , 3065.0360000000000582, 1
, , 3065.0419999999999163, 1, , , 3065.0419999999999163, 1, , , 3065.0419999999999163, 1, , , 3065.0419999999999163, 1
, , 3065.0459999999998217, 1, , , 3065.0459999999998217, 1, , , 3065.0459999999998217, 1, , , 3065.0459999999998217, 1
, , 3065.0529999999998836, 1, , , 3065.0529999999998836, 1, , , 3065.0529999999998836, 1, , , 3065.0529999999998836, 1
, , 3065.05600000000004, 1, , , 3065.05600000000004, 1, , , 3065.05600000000004, 1, , , 3065.05600000000004, 1
, , 3065.0599999999999454, 1, , , 3065.0599999999999454, 1, , , 3065.0599999999999454, 1, , , 3065.0599999999999454, 1
, , 3065.0650000000000546, 1, , , 3065.0650000000000546, 1, , , 3065.0650000000000546, 1, , , 3065.0650000000000546, 1
, , 3065.0700000000001637, 1, , , 3065.0700000000001637, 1, , , 3065.0700000000001637, 1, , , 3065.0700000000001637, 1
, , 3065.0749999999998181, 1, , , 3065.0749999999998181, 1, , , 3065.0749999999998181, 1, , , 3065.0749999999998181, 1
, , 3065.0799999999999272, 1, , , 3065.0799999999999272, 1, , , 3065.0799999999999272, 1, , , 3065.0799999999999272, 1
, , 3065.0869999999999891, 1, , , 3065.0869999999999891, 1, , , 3065.0869999999999891, 1, , , 3065.0869999999999891, 1
, , 3065.0900000000001455, 1, , , 3065.0900000000001455, 1, , , 3065.0900000000001455, 1, , , 3065.0900000000001455, 1
, , 3065.0990000000001601, 1, , , 3065.0990000000001601, 1, , , 3065.0990000000001601, 1, , , 3065.0990000000001601, 1
, , 3065.0999999999999091, 1, , , 3065.0999999999999091, 1, , , 3065.0999999999999091, 1, , , 3065.0999999999999091, 1
, , 3065.1050000000000182, 1, , , 3065.1050000000000182, 1, , , 3065.1050000000000182, 1, , , 3065.1050000000000182, 1
, , 3065.1100000000001273, 1, , , 3065.1100000000001273, 1, , , 3065.1100000000001273, 1, , , 3065.1100000000001273, 1
, , 3065.1159999999999854, 1, , , 3065.1159999999999854, 1, , , 3065.1159999999999854, 1, , , 3065.1159999999999854, 1
, , 3065.1199999999998909, 1, , , 3065.1199999999998909, 1, , , 3065.1199999999998909, 1, , , 3065.1199999999998909, 1
, , 3065.125, 1, , , 3065.125, 1, , , 3065.125, 1, , , 3065.125, 1
, , 3065.1309999999998581, 1, , , 3065.1309999999998581, 1, , , 3065.1309999999998581, 1, , , 3065.1309999999998581, 1
, , 3065.1350000000002183, 1, , , 3065.1350000000002183, 1, , , 3065.1350000000002183, 1, , , 3065.1350000000002183, 1
, , 3065.1390000000001237, 1, , , 3065.1390000000001237, 1, , , 3065.1390000000001237, 1, , , 3065.1390000000001237, 1
, , 3065.1449999999999818, 1, , , 3065.1449999999999818, 1, , , 3065.1449999999999818, 1, , , 3065.1449999999999818, 1
, , 3065.1500000000000909, 1, , , 3065.1500000000000909, 1, , , 3065.1500000000000909, 1, , , 3065.1500000000000909, 1
, , 3065.1550000000002001, 1, , , 3065.1550000000002001, 1, , , 3065.1550000000002001, 1, , , 3065.1550000000002001, 1
, , 3065.1610000000000582, 1, , , 3065.1610000000000582, 1, , , 3065.1610000000000582, 1, , , 3065.1610000000000582, 1
, , 3065.1649999999999636, 1, , , 3065.1649999999999636, 1, , , 3065.1649999999999636, 1, , , 3065.1649999999999636, 1
, , 3065.1700000000000728, 1, , , 3065.1700000000000728, 1, , , 3065.1700000000000728, 1, , , 3065.1700000000000728, 1
, , 3065.1750000000001819, 1, , , 3065.1750000000001819, 1, , , 3065.1750000000001819, 1, , , 3065.1750000000001819, 1
, , 3065.181999999999789, 1, , , 3065.181999999999789, 1, , , 3065.181999999999789, 1, , , 3065.181999999999789, 1
, , 3065.1849999999999454, 1, , , 3065.1849999999999454, 1, , , 3065.1849999999999454, 1, , , 3065.1849999999999454, 1
, , 3065.1900000000000546, 1, , , 3065.1900000000000546, 1, , , 3065.1900000000000546, 1, , , 3065.1900000000000546, 1
, , 3065.1950000000001637, 1, , , 3065.1950000000001637, 1, , , 3065.1950000000001637, 1, , , 3065.1950000000001637, 1
, , 3065.1999999999998181, 1, , , 3065.1999999999998181, 1, , , 3065.1999999999998181, 1, , , 3065.1999999999998181, 1
, , 3065.2049999999999272, 1, , , 3065.2049999999999272, 1, , , 3065.2049999999999272, 1, , , 3065.2049999999999272, 1
, , 3065.2100000000000364, 1, , , 3065.2100000000000364, 1, , , 3065.2100000000000364, 1, , , 3065.2100000000000364, 1
, , 3065.2150000000001455, 1, , , 3065.2150000000001455, 1, , , 3065.2150000000001455, 1, , , 3065.2150000000001455, 1
, , 3065.2199999999997999, 1, , , 3065.2199999999997999, 1, , , 3065.2199999999997999, 1, , , 3065.2199999999997999, 1
, , 3065.2240000000001601, 1, , , 3065.2240000000001601, 1, , , 3065.2240000000001601, 1, , , 3065.2240000000001601, 1
, , 3065.2300000000000182, 1, , , 3065.2300000000000182, 1, , , 3065.2300000000000182, 1, , , 3065.2300000000000182, 1
, , 3065.2350000000001273, 1, , , 3065.2350000000001273, 1, , , 3065.2350000000001273, 1, , , 3065.2350000000001273, 1
, , 3065.2399999999997817, 1, , , 3065.2399999999997817, 1, , , 3065.2399999999997817, 1, , , 3065.2399999999997817, 1
, , 3065.2449999999998909, 1, , , 3065.2449999999998909, 1, , , 3065.2449999999998909, 1, , , 3065.2449999999998909, 1
, , 3065.25, 1, , , 3065.25, 1, , , 3065.25, 1, , , 3065.25, 1
, , 3065.2550000000001091, 1, , , 3065.2550000000001091, 1, , , 3065.2550000000001091, 1, , , 3065.2550000000001091, 1
, , 3065.2609999999999673, 1, , , 3065.2609999999999673, 1, , , 3065.2609999999999673, 1, , , 3065.2609999999999673, 1
, , 3065.2649999999998727, 1, , , 3065.2649999999998727, 1, , , 3065.2649999999998727, 1, , , 3065.2649999999998727, 1
, , 3065.2699999999999818, 1, , , 3065.2699999999999818, 1, , , 3065.2699999999999818, 1, , , 3065.2699999999999818, 1
, , 3065.2750000000000909, 1, , , 3065.2750000000000909, 1, , , 3065.2750000000000909, 1, , , 3065.2750000000000909, 1
, , 3065.2800000000002001, 1, , , 3065.2800000000002001, 1, , , 3065.2800000000002001, 1, , , 3065.2800000000002001, 1
, , 3065.2849999999998545, 1, , , 3065.2849999999998545, 1, , , 3065.2849999999998545, 1, , , 3065.2849999999998545, 1
, , 3065.2899999999999636, 1, , , 3065.2899999999999636, 1, , , 3065.2899999999999636, 1, , , 3065.2899999999999636, 1
, , 3065.2959999999998217, 1, , , 3065.2959999999998217, 1, , , 3065.2959999999998217, 1, , , 3065.2959999999998217, 1
, , 3065.3000000000001819, 1, , , 3065.3000000000001819, 1, , , 3065.3000000000001819, 1, , , 3065.3000000000001819, 1
, , 3065.3049999999998363, 1, , , 3065.3049999999998363, 1, , , 3065.3049999999998363, 1, , , 3065.3049999999998363, 1
, , 3065.3090000000001965, 1, , , 3065.3090000000001965, 1, , , 3065.3090000000001965, 1, , , 3065.3090000000001965, 1
, , 3065.3150000000000546, 1, , , 3065.3150000000000546, 1, , , 3065.3150000000000546, 1, , , 3065.3150000000000546, 1
, , 3065.3200000000001637, 1, , , 3065.3200000000001637, 1, , , 3065.3200000000001637, 1, , , 3065.3200000000001637, 1
, , 3065.3249999999998181, 1, , , 3065.3249999999998181, 1, , , 3065.3249999999998181, 1, , , 3065.3249999999998181, 1
, , 3065.3299999999999272, 1, , , 3065.3299999999999272, 1, , , 3065.3299999999999272, 1, , , 3065.3299999999999272, 1
, , 3065.3350000000000364, 1, , , 3065.3350000000000364, 1, , , 3065.3350000000000364, 1, , , 3065.3350000000000364, 1
, , 3065.3409999999998945, 1, , , 3065.3409999999998945, 1, , , 3065.3409999999998945, 1, , , 3065.3409999999998945, 1
, , 3065.3460000000000036, 1, , , 3065.3460000000000036, 1, , , 3065.3460000000000036, 1, , , 3065.3460000000000036, 1
, , 3065.3499999999999091, 1, , , 3065.3499999999999091, 1, , , 3065.3499999999999091, 1, , , 3065.3499999999999091, 1
, , 3065.3560000000002219, 1, , , 3065.3560000000002219, 1, , , 3065.3560000000002219, 1, , , 3065.3560000000002219, 1
, , 3065.3609999999998763, 1, , , 3065.3609999999998763, 1, , , 3065.3609999999998763, 1, , , 3065.3609999999998763, 1
, , 3065.3649999999997817, 1, , , 3065.3649999999997817, 1, , , 3065.3649999999997817, 1, , , 3065.3649999999997817, 1
, , 3065.3719999999998436, 1, , , 3065.3719999999998436, 1, , , 3065.3719999999998436, 1, , , 3065.3719999999998436, 1
, , 3065.3760000000002037, 1, , , 3065.3760000000002037, 1, , , 3065.3760000000002037, 1, , , 3065.3760000000002037, 1
, , 3065.3800000000001091, 1, , , 3065.3800000000001091, 1, , , 3065.3800000000001091, 1, , , 3065.3800000000001091, 1
, , 3065.3850000000002183, 1, , , 3065.3850000000002183, 1, , , 3065.3850000000002183, 1, , , 3065.3850000000002183, 1
, , 3065.3910000000000764, 1, , , 3065.3910000000000764, 1, , , 3065.3910000000000764, 1, , , 3065.3910000000000764, 1
, , 3065.3949999999999818, 1, , , 3065.3949999999999818, 1, , , 3065.3949999999999818, 1, , , 3065.3949999999999818, 1
, , 3065.4009999999998399, 1, , , 3065.4009999999998399, 1, , , 3065.4009999999998399, 1, , , 3065.4009999999998399, 1
, , 3065.4059999999999491, 1, , , 3065.4059999999999491, 1, , , 3065.4059999999999491, 1, , , 3065.4059999999999491, 1
, , 3065.4099999999998545, 1, , , 3065.4099999999998545, 1, , , 3065.4099999999998545, 1, , , 3065.4099999999998545, 1
, , 3065.4149999999999636, 1, , , 3065.4149999999999636, 1, , , 3065.4149999999999636, 1, , , 3065.4149999999999636, 1
, , 3065.4209999999998217, 1, , , 3065.4209999999998217, 1, , , 3065.4209999999998217, 1, , , 3065.4209999999998217, 1
, , 3065.4239999999999782, 1, , , 3065.4239999999999782, 1, , , 3065.4239999999999782, 1, , , 3065.4239999999999782, 1
, , 3065.4299999999998363, 1, , , 3065.4299999999998363, 1, , , 3065.4299999999998363, 1, , , 3065.4299999999998363, 1
, , 3065.4360000000001492, 1, , , 3065.4360000000001492, 1, , , 3065.4360000000001492, 1, , , 3065.4360000000001492, 1
, , 3065.4400000000000546, 1, , , 3065.4400000000000546, 1, , , 3065.4400000000000546, 1, , , 3065.4400000000000546, 1
, , 3065.4459999999999127, 1, , , 3065.4459999999999127, 1, , , 3065.4459999999999127, 1, , , 3065.4459999999999127, 1
, , 3065.4510000000000218, 1, , , 3065.4510000000000218, 1, , , 3065.4510000000000218, 1, , , 3065.4510000000000218, 1
, , 3065.456000000000131, 1, , , 3065.456000000000131, 1, , , 3065.456000000000131, 1, , , 3065.456000000000131, 1
, , 3065.4600000000000364, 1, , , 3065.4600000000000364, 1, , , 3065.4600000000000364, 1, , , 3065.4600000000000364, 1
, , 3065.4650000000001455, 1, , , 3065.4650000000001455, 1, , , 3065.4650000000001455, 1, , , 3065.4650000000001455, 1
, , 3065.4699999999997999, 1, , , 3065.4699999999997999, 1, , , 3065.4699999999997999, 1, , , 3065.4699999999997999, 1
, , 3065.4749999999999091, 1, , , 3065.4749999999999091, 1, , , 3065.4749999999999091, 1, , , 3065.4749999999999091, 1
, , 3065.4800000000000182, 1, , , 3065.4800000000000182, 1, , , 3065.4800000000000182, 1, , , 3065.4800000000000182, 1
, , 3065.4850000000001273, 1, , , 3065.4850000000001273, 1, , , 3065.4850000000001273, 1, , , 3065.4850000000001273, 1
, , 3065.4909999999999854, 1, , , 3065.4909999999999854, 1, , , 3065.4909999999999854, 1, , , 3065.4909999999999854, 1
, , 3065.4949999999998909, 1, , , 3065.4949999999998909, 1, , , 3065.4949999999998909, 1, , , 3065.4949999999998909, 1
, , 3065.5010000000002037, 1, , , 3065.5010000000002037, 1, , , 3065.5010000000002037, 1, , , 3065.5010000000002037, 1
, , 3065.5050000000001091, 1, , , 3065.5050000000001091, 1, , , 3065.5050000000001091, 1, , , 3065.5050000000001091, 1
, , 3065.5100000000002183, 1, , , 3065.5100000000002183, 1, , , 3065.5100000000002183, 1, , , 3065.5100000000002183, 1
, , 3065.5160000000000764, 1, , , 3065.5160000000000764, 1, , , 3065.5160000000000764, 1, , , 3065.5160000000000764, 1
, , 3065.5210000000001855, 1, , , 3065.5210000000001855, 1, , , 3065.5210000000001855, 1, , , 3065.5210000000001855, 1
, , 3065.5259999999998399, 1, , , 3065.5259999999998399, 1, , , 3065.5259999999998399, 1, , , 3065.5259999999998399, 1
, , 3065.5309999999999491, 1, , , 3065.5309999999999491, 1, , , 3065.5309999999999491, 1, , , 3065.5309999999999491, 1
, , 3065.5349999999998545, 1, , , 3065.5349999999998545, 1, , , 3065.5349999999998545, 1, , , 3065.5349999999998545, 1
, , 3065.5399999999999636, 1, , , 3065.5399999999999636, 1, , , 3065.5399999999999636, 1, , , 3065.5399999999999636, 1
, , 3065.5459999999998217, 1, , , 3065.5459999999998217, 1, , , 3065.5459999999998217, 1, , , 3065.5459999999998217, 1
, , 3065.5509999999999309, 1, , , 3065.5509999999999309, 1, , , 3065.5509999999999309, 1, , , 3065.5509999999999309, 1
, , 3065.5549999999998363, 1, , , 3065.5549999999998363, 1, , , 3065.5549999999998363, 1, , , 3065.5549999999998363, 1
, , 3065.5599999999999454, 1, , , 3065.5599999999999454, 1, , , 3065.5599999999999454, 1, , , 3065.5599999999999454, 1
, , 3065.5659999999998035, 1, , , 3065.5659999999998035, 1, , , 3065.5659999999998035, 1, , , 3065.5659999999998035, 1
, , 3065.5700000000001637, 1, , , 3065.5700000000001637, 1, , , 3065.5700000000001637, 1, , , 3065.5700000000001637, 1
, , 3065.5749999999998181, 1, , , 3065.5749999999998181, 1, , , 3065.5749999999998181, 1, , , 3065.5749999999998181, 1
, , 3065.5799999999999272, 1, , , 3065.5799999999999272, 1, , , 3065.5799999999999272, 1, , , 3065.5799999999999272, 1
, , 3065.5850000000000364, 1, , , 3065.5850000000000364, 1, , , 3065.5850000000000364, 1, , , 3065.5850000000000364, 1
, , 3065.5900000000001455, 1, , , 3065.5900000000001455, 1, , , 3065.5900000000001455, 1, , , 3065.5900000000001455, 1
, , 3065.5949999999997999, 1, , , 3065.5949999999997999, 1, , , 3065.5949999999997999, 1, , , 3065.5949999999997999, 1
, , 3065.5999999999999091, 1, , , 3065.5999999999999091, 1, , , 3065.5999999999999091, 1, , , 3065.5999999999999091, 1
, , 3065.6050000000000182, 1, , , 3065.6050000000000182, 1, , , 3065.6050000000000182, 1, , , 3065.6050000000000182, 1
, , 3065.6100000000001273, 1, , , 3065.6100000000001273, 1, , , 3065.6100000000001273, 1, , , 3065.6100000000001273, 1
, , 3065.6149999999997817, 1, , , 3065.6149999999997817, 1, , , 3065.6149999999997817, 1, , , 3065.6149999999997817, 1
, , 3065.6210000000000946, 1, , , 3065.6210000000000946, 1, , , 3065.6210000000000946, 1, , , 3065.6210000000000946, 1
, , 3065.625, 1, , , 3065.625, 1, , , 3065.625, 1, , , 3065.625, 1
, , 3065.6300000000001091, 1, , , 3065.6300000000001091, 1, , , 3065.6300000000001091, 1, , , 3065.6300000000001091, 1
, , 3065.6359999999999673, 1, , , 3065.6359999999999673, 1, , , 3065.6359999999999673, 1, , , 3065.6359999999999673, 1
, , 3065.6410000000000764, 1, , , 3065.6410000000000764, 1, , , 3065.6410000000000764, 1, , , 3065.6410000000000764, 1
, , 3065.6449999999999818, 1, , , 3065.6449999999999818, 1, , , 3065.6449999999999818, 1, , , 3065.6449999999999818, 1
, , 3065.6509999999998399, 1, , , 3065.6509999999998399, 1, , , 3065.6509999999998399, 1, , , 3065.6509999999998399, 1
, , 3065.6559999999999491, 1, , , 3065.6559999999999491, 1, , , 3065.6559999999999491, 1, , , 3065.6559999999999491, 1
, , 3065.6599999999998545, 1, , , 3065.6599999999998545, 1, , , 3065.6599999999998545, 1, , , 3065.6599999999998545, 1
, , 3065.6649999999999636, 1, , , 3065.6649999999999636, 1, , , 3065.6649999999999636, 1, , , 3065.6649999999999636, 1
, , 3065.6729999999997744, 1, , , 3065.6729999999997744, 1, , , 3065.6729999999997744, 1, , , 3065.6729999999997744, 1
, , 3065.6750000000001819, 1, , , 3065.6750000000001819, 1, , , 3065.6750000000001819, 1, , , 3065.6750000000001819, 1
, , 3065.68100000000004, 1, , , 3065.68100000000004, 1, , , 3065.68100000000004, 1, , , 3065.68100000000004, 1
, , 3065.6860000000001492, 1, , , 3065.6860000000001492, 1, , , 3065.6860000000001492, 1, , , 3065.6860000000001492, 1
, , 3065.6909999999998035, 1, , , 3065.6909999999998035, 1, , , 3065.6909999999998035, 1, , , 3065.6909999999998035, 1
, , 3065.6950000000001637, 1, , , 3065.6950000000001637, 1, , , 3065.6950000000001637, 1, , , 3065.6950000000001637, 1
, , 3065.6999999999998181, 1, , , 3065.6999999999998181, 1, , , 3065.6999999999998181, 1, , , 3065.6999999999998181, 1
, , 3065.706000000000131, 1, , , 3065.706000000000131, 1, , , 3065.706000000000131, 1, , , 3065.706000000000131, 1
, , 3065.7109999999997854, 1, , , 3065.7109999999997854, 1, , , 3065.7109999999997854, 1, , , 3065.7109999999997854, 1
, , 3065.7150000000001455, 1, , , 3065.7150000000001455, 1, , , 3065.7150000000001455, 1, , , 3065.7150000000001455, 1
, , 3065.7210000000000036, 1, , , 3065.7210000000000036, 1, , , 3065.7210000000000036, 1, , , 3065.7210000000000036, 1
, , 3065.7249999999999091, 1, , , 3065.7249999999999091, 1, , , 3065.7249999999999091, 1, , , 3065.7249999999999091, 1
, , 3065.7310000000002219, 1, , , 3065.7310000000002219, 1, , , 3065.7310000000002219, 1, , , 3065.7310000000002219, 1
, , 3065.7350000000001273, 1, , , 3065.7350000000001273, 1, , , 3065.7350000000001273, 1, , , 3065.7350000000001273, 1
, , 3065.7399999999997817, 1, , , 3065.7399999999997817, 1, , , 3065.7399999999997817, 1, , , 3065.7399999999997817, 1
, , 3065.7440000000001419, 1, , , 3065.7440000000001419, 1, , , 3065.7440000000001419, 1, , , 3065.7440000000001419, 1
, , 3065.75, 1, , , 3065.75, 1, , , 3065.75, 1, , , 3065.75, 1
, , 3065.7559999999998581, 1, , , 3065.7559999999998581, 1, , , 3065.7559999999998581, 1, , , 3065.7559999999998581, 1
, , 3065.7600000000002183, 1, , , 3065.7600000000002183, 1, , , 3065.7600000000002183, 1, , , 3065.7600000000002183, 1
, , 3065.7660000000000764, 1, , , 3065.7660000000000764, 1, , , 3065.7660000000000764, 1, , , 3065.7660000000000764, 1
, , 3065.7699999999999818, 1, , , 3065.7699999999999818, 1, , , 3065.7699999999999818, 1, , , 3065.7699999999999818, 1
, , 3065.7750000000000909, 1, , , 3065.7750000000000909, 1, , , 3065.7750000000000909, 1, , , 3065.7750000000000909, 1
, , 3065.7800000000002001, 1, , , 3065.7800000000002001, 1, , , 3065.7800000000002001, 1, , , 3065.7800000000002001, 1
, , 3065.7860000000000582, 1, , , 3065.7860000000000582, 1, , , 3065.7860000000000582, 1, , , 3065.7860000000000582, 1
, , 3065.7899999999999636, 1, , , 3065.7899999999999636, 1, , , 3065.7899999999999636, 1, , , 3065.7899999999999636, 1
, , 3065.7950000000000728, 1, , , 3065.7950000000000728, 1, , , 3065.7950000000000728, 1, , , 3065.7950000000000728, 1
, , 3065.8009999999999309, 1, , , 3065.8009999999999309, 1, , , 3065.8009999999999309, 1, , , 3065.8009999999999309, 1
, , 3065.80600000000004, 1, , , 3065.80600000000004, 1, , , 3065.80600000000004, 1, , , 3065.80600000000004, 1
, , 3065.8099999999999454, 1, , , 3065.8099999999999454, 1, , , 3065.8099999999999454, 1, , , 3065.8099999999999454, 1
, , 3065.8150000000000546, 1, , , 3065.8150000000000546, 1, , , 3065.8150000000000546, 1, , , 3065.8150000000000546, 1
, , 3065.8200000000001637, 1, , , 3065.8200000000001637, 1, , , 3065.8200000000001637, 1, , , 3065.8200000000001637, 1
, , 3065.8249999999998181, 1, , , 3065.8249999999998181, 1, , , 3065.8249999999998181, 1, , , 3065.8249999999998181, 1
, , 3065.8290000000001783, 1, , , 3065.8290000000001783, 1, , , 3065.8290000000001783, 1, , , 3065.8290000000001783, 1
, , 3065.8359999999997854, 1, , , 3065.8359999999997854, 1, , , 3065.8359999999997854, 1, , , 3065.8359999999997854, 1
, , 3065.8400000000001455, 1, , , 3065.8400000000001455, 1, , , 3065.8400000000001455, 1, , , 3065.8400000000001455, 1
, , 3065.8449999999997999, 1, , , 3065.8449999999997999, 1, , , 3065.8449999999997999, 1, , , 3065.8449999999997999, 1
, , 3065.8510000000001128, 1, , , 3065.8510000000001128, 1, , , 3065.8510000000001128, 1, , , 3065.8510000000001128, 1
, , 3065.8550000000000182, 1, , , 3065.8550000000000182, 1, , , 3065.8550000000000182, 1, , , 3065.8550000000000182, 1
, , 3065.8600000000001273, 1, , , 3065.8600000000001273, 1, , , 3065.8600000000001273, 1, , , 3065.8600000000001273, 1
, , 3065.8649999999997817, 1, , , 3065.8649999999997817, 1, , , 3065.8649999999997817, 1, , , 3065.8649999999997817, 1
, , 3065.8690000000001419, 1, , , 3065.8690000000001419, 1, , , 3065.8690000000001419, 1, , , 3065.8690000000001419, 1
, , 3065.8760000000002037, 1, , , 3065.8760000000002037, 1, , , 3065.8760000000002037, 1, , , 3065.8760000000002037, 1
, , 3065.8809999999998581, 1, , , 3065.8809999999998581, 1, , , 3065.8809999999998581, 1, , , 3065.8809999999998581, 1
, , 3065.887000000000171, 1, , , 3065.887000000000171, 1, , , 3065.887000000000171, 1, , , 3065.887000000000171, 1
, , 3065.8899999999998727, 1, , , 3065.8899999999998727, 1, , , 3065.8899999999998727, 1, , , 3065.8899999999998727, 1
, , 3065.8949999999999818, 1, , , 3065.8949999999999818, 1, , , 3065.8949999999999818, 1, , , 3065.8949999999999818, 1
, , 3065.9000000000000909, 1, , , 3065.9000000000000909, 1, , , 3065.9000000000000909, 1, , , 3065.9000000000000909, 1
, , 3065.9050000000002001, 1, , , 3065.9050000000002001, 1, , , 3065.9050000000002001, 1, , , 3065.9050000000002001, 1
, , 3065.9110000000000582, 1, , , 3065.9110000000000582, 1, , , 3065.9110000000000582, 1, , , 3065.9110000000000582, 1
