# /gazebo_leg_forces_components/recceipt_time, /gazebo_leg_forces_components/reaction_forces/0/wrench/force/z, /foot_contacts/recceipt_time, /foot_contacts/contacts/0, /gazebo_leg_forces_components/recceipt_time, /gazebo_leg_forces_components/reaction_forces/1/wrench/force/z, /foot_contacts/recceipt_time, /foot_contacts/contacts/1, /gazebo_leg_forces_components/recceipt_time, /gazebo_leg_forces_components/reaction_forces/2/wrench/force/z, /foot_contacts/recceipt_time, /foot_contacts/contacts/2, /gazebo_leg_forces_components/recceipt_time, /gazebo_leg_forces_components/reaction_forces/3/wrench/force/z, /foot_contacts/recceipt_time, /foot_contacts/contacts/3
2852.2330000000001746, 62.489638028741126163, 2852.193000000000211, 1, 2852.2330000000001746, 58.459392428721301371, 2852.193000000000211, 1, 2852.2330000000001746, 41.0826543448331023, 2852.193000000000211, 1, 2852.2330000000001746, 42.737222646460111264, 2852.193000000000211, 1
2852.2829999999999018, 62.489691442603088944, 2852.1979999999998654, 1, 2852.2829999999999018, 58.459431991282521324, 2852.1979999999998654, 1, 2852.2829999999999018, 41.082595860455448644, 2852.1979999999998654, 1, 2852.2829999999999018, 42.737225380111439677, 2852.1979999999998654, 1
2852.3330000000000837, 62.489694835323163602, 2852.2010000000000218, 1, 2852.3330000000000837, 58.459429608712994764, 2852.2010000000000218, 1, 2852.3330000000000837, 41.082529246640675069, 2852.2010000000000218, 1, 2852.3330000000000837, 42.737215971607696474, 2852.2010000000000218, 1
2852.3829999999998108, 62.268697027397081456, 2852.206000000000131, 1, 2852.3829999999998108, 58.081696242937169927, 2852.206000000000131, 1, 2852.3829999999998108, 41.12446540080068047, 2852.206000000000131, 1, 2852.3829999999998108, 42.687036325274760884, 2852.206000000000131, 1
2852.4830000000001746, 62.489744475469933604, 2852.2109999999997854, 1, 2852.4830000000001746, 58.459459103901565413, 2852.2109999999997854, 1, 2852.4830000000001746, 41.082403470277711222, 2852.2109999999997854, 1, 2852.4830000000001746, 42.73720739232105359, 2852.2109999999997854, 1
2852.5340000000001055, 62.489747878258647518, 2852.2159999999998945, 1, 2852.5340000000001055, 58.459455043879025027, 2852.2159999999998945, 1, 2852.5340000000001055, 41.082336916198549659, 2852.2159999999998945, 1, 2852.5340000000001055, 42.737197965999001781, 2852.2159999999998945, 1
2852.5830000000000837, 62.269117439578892004, 2852.2229999999999563, 1, 2852.5830000000000837, 58.082011490140715182, 2852.2229999999999563, 1, 2852.5830000000000837, 41.124317699292419093, 2852.2229999999999563, 1, 2852.5830000000000837, 42.68709956457162491, 2852.2229999999999563, 1
2852.5830000000000837, 62.269257955362149914, 2852.2260000000001128, 1, 2852.5830000000000837, 58.082117929341961826, 2852.2260000000001128, 1, 2852.5830000000000837, 41.12426848872622287, 2852.2260000000001128, 1, 2852.5830000000000837, 42.68712061271096303, 2852.2260000000001128, 1
2852.6329999999998108, 62.26939983068036355, 2852.2319999999999709, 1, 2852.6329999999998108, 58.082222236801648307, 2852.2319999999999709, 1, 2852.6329999999998108, 41.124219781717584965, 2852.2319999999999709, 1, 2852.6329999999998108, 42.687141434802917672, 2852.2319999999999709, 1
2852.7330000000001746, 62.269540255798688122, 2852.237999999999829, 1, 2852.7330000000001746, 58.082326520441810658, 2852.237999999999829, 1, 2852.7330000000001746, 41.12417059432808486, 2852.237999999999829, 1, 2852.7330000000001746, 42.687162451444649491, 2852.237999999999829, 1
2852.7829999999999018, 62.269680635834596671, 2852.2409999999999854, 1, 2852.7829999999999018, 58.082431833342766936, 2852.2409999999999854, 1, 2852.7829999999999018, 41.124120926829640155, 2852.2409999999999854, 1, 2852.7829999999999018, 42.687183872179431887, 2852.2409999999999854, 1
2852.8319999999998799, 62.269820970720800801, 2852.2460000000000946, 1, 2852.8319999999998799, 58.082537121998967677, 2852.2460000000000946, 1, 2852.8319999999998799, 41.124071762788247497, 2852.2460000000000946, 1, 2852.8319999999998799, 42.687204856997034597, 2852.2460000000000946, 1
2852.8829999999998108, 62.490042566417059788, 2852.2510000000002037, 1, 2852.8829999999998108, 58.459659422607614943, 2852.2510000000002037, 1, 2852.8829999999998108, 41.081918779118524299, 2852.2510000000002037, 1, 2852.8829999999998108, 42.737196477252041404, 2852.2510000000002037, 1
2852.931999999999789, 62.490095800378874458, 2852.2559999999998581, 1, 2852.931999999999789, 58.459698139032354902, 2852.2559999999998581, 1, 2852.931999999999789, 41.081860973316608465, 2852.2559999999998581, 1, 2852.931999999999789, 42.737198927730986497, 2852.2559999999998581, 1
2852.931999999999789, 62.490205983051303917, 2852.2609999999999673, 1, 2852.931999999999789, 58.459784626389875939, 2852.2609999999999673, 1, 2852.931999999999789, 41.0818130084236941, 2852.2609999999999673, 1, 2852.931999999999789, 42.737215006085165214, 2852.2609999999999673, 1
2853.0320000000001528, 62.27038045805173283, 2852.2660000000000764, 1, 2853.0320000000001528, 58.082956982597217177, 2852.2660000000000764, 1, 2853.0320000000001528, 41.123876205143972129, 2852.2660000000000764, 1, 2853.0320000000001528, 42.687288010723364096, 2852.2660000000000764, 1
2853.0329999999999018, 62.270520567794967803, 2852.2710000000001855, 1, 2853.0329999999999018, 58.083063201850883672, 2852.2710000000001855, 1, 2853.0329999999999018, 41.123826608003092531, 2852.2710000000001855, 1, 2853.0329999999999018, 42.687309126009594706, 2852.2710000000001855, 1
2853.0830000000000837, 62.270662033150799175, 2852.2800000000002001, 1, 2853.0830000000000837, 58.083169396635348392, 2852.2800000000002001, 1, 2853.0830000000000837, 41.123777513560582975, 2852.2800000000002001, 1, 2853.0830000000000837, 42.687330016444988701, 2852.2800000000002001, 1
2853.1350000000002183, 62.490317894278092581, 2852.2809999999999491, 1, 2853.1350000000002183, 58.459855028913807473, 2852.2809999999999491, 1, 2853.1350000000002183, 41.081565774452840856, 2852.2809999999999491, 1, 2853.1350000000002183, 42.737200475088783946, 2852.2809999999999491, 1
2853.2350000000001273, 62.270942026681609605, 2852.2860000000000582, 1, 2853.2350000000001273, 58.083379610151581574, 2852.2860000000000582, 1, 2853.2350000000001273, 41.123679359689958801, 2852.2860000000000582, 1, 2853.2350000000001273, 42.687371958302009034, 2852.2860000000000582, 1
2853.2849999999998545, 62.490364539574017044, 2852.2919999999999163, 1, 2853.2849999999998545, 58.459883114569912266, 2852.2919999999999163, 1, 2853.2849999999998545, 41.081436939584229151, 2852.2919999999999163, 1, 2853.2849999999998545, 42.737190875917733024, 2852.2919999999999163, 1
2853.3350000000000364, 62.271227434883272167, 2852.2959999999998217, 1, 2853.3350000000000364, 58.083592878288008876, 2852.2959999999998217, 1, 2853.3350000000000364, 41.123579780876497125, 2852.2959999999998217, 1, 2853.3350000000000364, 42.687414253100484984, 2852.2959999999998217, 1
2853.3350000000000364, 62.271367272399743342, 2852.3009999999999309, 1, 2853.3350000000000364, 58.083697899820442956, 2852.3009999999999309, 1, 2853.3350000000000364, 41.123530744890231858, 2852.3009999999999309, 1, 2853.3350000000000364, 42.687435064123917527, 2852.3009999999999309, 1
2853.3850000000002183, 62.490524885361701024, 2852.30600000000004, 1, 2853.3850000000002183, 58.459999263010146819, 2852.30600000000004, 1, 2853.3850000000002183, 41.081263956872540177, 2852.30600000000004, 1, 2853.3850000000002183, 42.737197784979713333, 2852.30600000000004, 1
2853.4349999999999454, 62.271646812510162761, 2852.3110000000001492, 1, 2853.4349999999999454, 58.083907870412630814, 2852.3110000000001492, 1, 2853.4349999999999454, 41.123432707789604024, 2852.3110000000001492, 1, 2853.4349999999999454, 42.687476431079296901, 2852.3110000000001492, 1
2853.4850000000001273, 80.416575551887035544, 2852.3159999999998035, 1, 2853.4850000000001273, 53.715093604504772884, 2852.3159999999998035, 1, 2853.4850000000001273, 36.469769676369224953, 2852.3159999999998035, 1, 2853.4850000000001273, 70.293014676815261055, 2852.3159999999998035, 1
2853.5349999999998545, 75.744980382151325671, 2852.3209999999999127, 1, 2853.5349999999998545, 0, 2852.3209999999999127, 1, 2853.5349999999998545, 0, 2852.3209999999999127, 1, 2853.5349999999998545, 138.15425394909794932, 2852.3209999999999127, 1
2853.5859999999997854, 66.690492117871528421, 2852.3260000000000218, 1, 2853.5859999999997854, 0, 2852.3260000000000218, 1, 2853.5859999999997854, 197.18115936531225429, 2852.3260000000000218, 1, 2853.5859999999997854, 103.53452445571096519, 2852.3260000000000218, 1
2853.6350000000002183, 53.956598803987724011, 2852.331000000000131, 1, 2853.6350000000002183, 0, 2852.331000000000131, 1, 2853.6350000000002183, 59.99832902365447751, 2852.331000000000131, 1, 2853.6350000000002183, 59.735188472312714225, 2852.331000000000131, 1
2853.6860000000001492, 49.192270203583063903, 2852.3359999999997854, 1, 2853.6860000000001492, 101.62881586837414716, 2852.3359999999997854, 1, 2853.6860000000001492, 67.290316858136051792, 2852.3359999999997854, 1, 2853.6860000000001492, 54.733807108421700605, 2852.3359999999997854, 1
2853.7339999999999236, 0, 2852.3420000000000982, 1, 2853.7339999999999236, 139.91145295593051401, 2852.3420000000000982, 1, 2853.7339999999999236, 76.668768636572679043, 2852.3420000000000982, 1, 2853.7339999999999236, 0, 2852.3420000000000982, 1
2853.8350000000000364, 0, 2852.3460000000000036, 1, 2853.8350000000000364, 126.59265572718943815, 2852.3460000000000036, 1, 2853.8350000000000364, 74.517763670447180857, 2852.3460000000000036, 1, 2853.8350000000000364, 0, 2852.3460000000000036, 1
2853.8850000000002183, 0, 2852.3519999999998618, 1, 2853.8850000000002183, 113.92030608132657221, 2852.3519999999998618, 1, 2853.8850000000002183, 84.514610548105224552, 2852.3519999999998618, 1, 2853.8850000000002183, 0, 2852.3519999999998618, 1
2853.8850000000002183, 381.62197270180996611, 2852.3560000000002219, 1, 2853.8850000000002183, 90.490305388635633221, 2852.3560000000002219, 1, 2853.8850000000002183, 93.160315571550626146, 2852.3560000000002219, 1, 2853.8850000000002183, 0, 2852.3560000000002219, 1
2853.9360000000001492, 107.3354090812185575, 2852.3609999999998763, 1, 2853.9360000000001492, 2.2132157592141443736, 2852.3609999999998763, 1, 2853.9360000000001492, 48.998360529260381213, 2852.3609999999998763, 1, 2853.9360000000001492, 34.304470570417478825, 2852.3609999999998763, 1
2854.0369999999998072, 68.749849885936015426, 2852.3659999999999854, 1, 2854.0369999999998072, 85.578768161422743788, 2852.3659999999999854, 1, 2854.0369999999998072, 53.074384131358343097, 2852.3659999999999854, 1, 2854.0369999999998072, 33.634427463640506062, 2852.3659999999999854, 1
2854.0369999999998072, 79.004416432739219545, 2852.3719999999998436, 1, 2854.0369999999998072, 3.8362119536245349178e-97, 2852.3719999999998436, 1, 2854.0369999999998072, 32.656664031941552651, 2852.3719999999998436, 1, 2854.0369999999998072, 78.42485536427547288, 2852.3719999999998436, 1
2854.1350000000002183, 110.21769377989518546, 2852.3760000000002037, 1, 2854.1350000000002183, 0, 2852.3760000000002037, 1, 2854.1350000000002183, 0, 2852.3760000000002037, 1, 2854.1350000000002183, 85.608985002100411066, 2852.3760000000002037, 1
2854.137000000000171, 103.29081065125566852, 2852.3809999999998581, 1, 2854.137000000000171, 0, 2852.3809999999998581, 1, 2854.137000000000171, 0, 2852.3809999999998581, 1, 2854.137000000000171, 103.08336707656130216, 2852.3809999999998581, 1
2854.1860000000001492, 96.167079600464816735, 2852.387000000000171, 1, 2854.1860000000001492, 0, 2852.387000000000171, 1, 2854.1860000000001492, 0, 2852.387000000000171, 1, 2854.1860000000001492, 108.50084778409669184, 2852.387000000000171, 1
2854.2849999999998545, 66.668948939999722825, 2852.3919999999998254, 1, 2854.2849999999998545, 237.78459198317602841, 2852.3919999999998254, 1, 2854.2849999999998545, 174.0545248064077839, 2852.3919999999998254, 1, 2854.2849999999998545, 95.168841557085286809, 2852.3919999999998254, 1
2854.2849999999998545, 63.506878661924218932, 2852.3960000000001855, 1, 2854.2849999999998545, 30.558061474365924681, 2852.3960000000001855, 1, 2854.2849999999998545, 24.727198906646954413, 2852.3960000000001855, 1, 2854.2849999999998545, 45.901065889293789724, 2852.3960000000001855, 1
2854.3339999999998327, 54.529602897730534039, 2852.4009999999998399, 1, 2854.3339999999998327, 70.937868404453169546, 2852.4009999999998399, 1, 2854.3339999999998327, 51.928260245728466771, 2852.4009999999998399, 1, 2854.3339999999998327, 41.913979546134164877, 2852.4009999999998399, 1
2854.3850000000002183, 0, 2852.4059999999999491, 1, 2854.3850000000002183, 126.33003245845766571, 2852.4059999999999491, 1, 2854.3850000000002183, 68.97561991661932268, 2852.4059999999999491, 1, 2854.3850000000002183, 0, 2852.4059999999999491, 1
2854.4850000000001273, 0, 2852.4110000000000582, 1, 2854.4850000000001273, 120.58283483627326405, 2852.4110000000000582, 1, 2854.4850000000001273, 80.360043350114466421, 2852.4110000000000582, 1, 2854.4850000000001273, 0, 2852.4110000000000582, 1
2854.5340000000001055, 0, 2852.4160000000001673, 1, 2854.5340000000001055, 106.66381115448994876, 2852.4160000000001673, 1, 2854.5340000000001055, 91.476206785143062916, 2852.4160000000001673, 1, 2854.5340000000001055, 0, 2852.4160000000001673, 1
2854.5340000000001055, 376.32804384038303169, 2852.4209999999998217, 1, 2854.5340000000001055, 79.415012880746346013, 2852.4209999999998217, 1, 2854.5340000000001055, 98.858009625634650774, 2852.4209999999998217, 1, 2854.5340000000001055, 0, 2852.4209999999998217, 1
2854.5850000000000364, 195.83901812912506557, 2852.4239999999999782, 1, 2854.5850000000000364, 0, 2852.4239999999999782, 1, 2854.5850000000000364, 50.396540504001336558, 2852.4239999999999782, 1, 2854.5850000000000364, 46.198222372347224507, 2852.4239999999999782, 1
2854.6350000000002183, 92.153537473272621128, 2852.4299999999998363, 1, 2854.6350000000002183, 123.70633783167671993, 2852.4299999999998363, 1, 2854.6350000000002183, 59.736558122423865314, 2852.4299999999998363, 1, 2854.6350000000002183, 38.011324979460937357, 2852.4299999999998363, 1
2854.7350000000001273, 76.052847946712645921, 2852.4360000000001492, 1, 2854.7350000000001273, 33.582805971356116004, 2852.4360000000001492, 1, 2854.7350000000001273, 59.396967570092755295, 2852.4360000000001492, 1, 2854.7350000000001273, 79.366298869759916101, 2852.4360000000001492, 1
2854.7350000000001273, 111.42365027856473603, 2852.4409999999998035, 1, 2854.7350000000001273, 0, 2852.4409999999998035, 1, 2854.7350000000001273, 0, 2852.4409999999998035, 1, 2854.7350000000001273, 85.095694902286226124, 2852.4409999999998035, 1
2854.7849999999998545, 103.54830413849902015, 2852.4459999999999127, 1, 2854.7849999999998545, 0, 2852.4459999999999127, 1, 2854.7849999999998545, 0, 2852.4459999999999127, 1, 2854.7849999999998545, 100.23137109589947613, 2852.4459999999999127, 1
2854.8850000000002183, 96.143882812407568395, 2852.4510000000000218, 1, 2854.8850000000002183, 0, 2852.4510000000000218, 1, 2854.8850000000002183, 0, 2852.4510000000000218, 1, 2854.8850000000002183, 105.45309069579630545, 2852.4510000000000218, 1
2854.9349999999999454, 76.300218401955163472, 2852.456000000000131, 1, 2854.9349999999999454, 219.15824308892570116, 2852.456000000000131, 1, 2854.9349999999999454, 207.79720799521300023, 2852.456000000000131, 1, 2854.9349999999999454, 93.489050351246063997, 2852.456000000000131, 1
2854.9349999999999454, 27.169403780679594718, 2852.4609999999997854, 1, 2854.9349999999999454, 35.511827122502232612, 2852.4609999999997854, 1, 2854.9349999999999454, 30.915922205139864332, 2852.4609999999997854, 1, 2854.9349999999999454, 46.183291678569652561, 2852.4609999999997854, 1
2855.0349999999998545, 48.244740401633990246, 2852.4659999999998945, 1, 2855.0349999999998545, 72.888291112305722663, 2852.4659999999998945, 1, 2855.0349999999998545, 48.837581729601282632, 2852.4659999999998945, 1, 2855.0349999999998545, 45.115662236735673218, 2852.4659999999998945, 1
2855.0850000000000364, 0, 2852.4710000000000036, 1, 2855.0850000000000364, 128.81546136769179611, 2852.4710000000000036, 1, 2855.0850000000000364, 66.305119996907990298, 2852.4710000000000036, 1, 2855.0850000000000364, 0, 2852.4710000000000036, 1
2855.0859999999997854, 0, 2852.4760000000001128, 1, 2855.0859999999997854, 124.19606983281653356, 2852.4760000000001128, 1, 2855.0859999999997854, 76.638039904355196086, 2852.4760000000001128, 1, 2855.0859999999997854, 0, 2852.4760000000001128, 1
2855.1350000000002183, 0, 2852.4810000000002219, 1, 2855.1350000000002183, 111.3558216793389164, 2852.4810000000002219, 1, 2855.1350000000002183, 90.894278279141417443, 2852.4810000000002219, 1, 2855.1350000000002183, 0, 2852.4810000000002219, 1
2855.2350000000001273, 387.77072633907516774, 2852.4859999999998763, 1, 2855.2350000000001273, 85.953051272950915518, 2852.4859999999998763, 1, 2855.2350000000001273, 98.75644914399128993, 2852.4859999999998763, 1, 2855.2350000000001273, 0, 2852.4859999999998763, 1
2855.2840000000001055, 219.40500462665693249, 2852.4909999999999854, 1, 2855.2840000000001055, 1.1367849915059184962, 2852.4909999999999854, 1, 2855.2840000000001055, 54.484384232349320598, 2852.4909999999999854, 1, 2855.2840000000001055, 43.934196858453304912, 2852.4909999999999854, 1
2855.3350000000000364, 97.754395303157537001, 2852.4960000000000946, 1, 2855.3350000000000364, 107.35407752268814363, 2852.4960000000000946, 1, 2855.3350000000000364, 39.750549922161006577, 2852.4960000000000946, 1, 2855.3350000000000364, 29.933472445585799449, 2852.4960000000000946, 1
2855.3859999999999673, 74.921897256456276182, 2852.5010000000002037, 1, 2855.3859999999999673, 93.070760658567778023, 2852.5010000000002037, 1, 2855.3859999999999673, 143.36821621568907403, 2852.5010000000002037, 1, 2855.3859999999999673, 84.778048254950618912, 2852.5010000000002037, 1
2855.3859999999999673, 108.43123985172749713, 2852.5059999999998581, 1, 2855.3859999999999673, 0, 2852.5059999999998581, 1, 2855.3859999999999673, 0, 2852.5059999999998581, 1, 2855.3859999999999673, 89.208007876156045768, 2852.5059999999998581, 1
2855.4349999999999454, 102.54812042959107998, 2852.5109999999999673, 1, 2855.4349999999999454, 0, 2852.5109999999999673, 1, 2855.4349999999999454, 0, 2852.5109999999999673, 1, 2855.4349999999999454, 109.18982924082361308, 2852.5109999999999673, 1
2855.4850000000001273, 95.700767612519726413, 2852.5160000000000764, 1, 2855.4850000000001273, 0, 2852.5160000000000764, 1, 2855.4850000000001273, 0, 2852.5160000000000764, 1, 2855.4850000000001273, 109.86019868217442763, 2852.5160000000000764, 1
2855.5360000000000582, 88.768400252443370846, 2852.5219999999999345, 1, 2855.5360000000000582, 221.05786626370888825, 2852.5219999999999345, 1, 2855.5360000000000582, 212.25075766636092567, 2852.5219999999999345, 1, 2855.5360000000000582, 101.4073497995579487, 2852.5219999999999345, 1
2855.637000000000171, 23.829112689678986214, 2852.5259999999998399, 1, 2855.637000000000171, 38.96220716765886749, 2852.5259999999998399, 1, 2855.637000000000171, 41.130972058782660383, 2852.5259999999998399, 1, 2855.637000000000171, 43.606056116149957802, 2852.5259999999998399, 1
2855.637000000000171, 50.694809089318667361, 2852.5309999999999491, 1, 2855.637000000000171, 67.454552894516353945, 2852.5309999999999491, 1, 2855.637000000000171, 47.501378041920588657, 2852.5309999999999491, 1, 2855.637000000000171, 41.268120942156670594, 2852.5309999999999491, 1
2855.6849999999999454, 0, 2852.5360000000000582, 1, 2855.6849999999999454, 128.57231690657229706, 2852.5360000000000582, 1, 2855.6849999999999454, 66.109598645656518556, 2852.5360000000000582, 1, 2855.6849999999999454, 0, 2852.5360000000000582, 1
2855.7339999999999236, 0, 2852.5410000000001673, 1, 2855.7339999999999236, 126.5225881061475377, 2852.5410000000001673, 1, 2855.7339999999999236, 72.881333115822229729, 2852.5410000000001673, 1, 2855.7339999999999236, 0, 2852.5410000000001673, 1
2855.7849999999998545, 0, 2852.5459999999998217, 1, 2855.7849999999998545, 113.13572975266423271, 2852.5459999999998217, 1, 2855.7849999999998545, 88.139923727638660012, 2852.5459999999998217, 1, 2855.7849999999998545, 0, 2852.5459999999998217, 1
2855.8890000000001237, 408.46381971977245939, 2852.5509999999999309, 1, 2855.8890000000001237, 90.266769058650879742, 2852.5509999999999309, 1, 2855.8890000000001237, 95.553410144177732377, 2852.5509999999999309, 1, 2855.8890000000001237, 0, 2852.5509999999999309, 1
2855.8890000000001237, 182.2631000321550232, 2852.55600000000004, 1, 2855.8890000000001237, 3.3323738311634674147, 2852.55600000000004, 1, 2855.8890000000001237, 53.79746077719396169, 2852.55600000000004, 1, 2855.8890000000001237, 46.79476834387015316, 2852.55600000000004, 1
2855.9850000000001273, 91.868860675582183717, 2852.5610000000001492, 1, 2855.9850000000001273, 106.16470290504126694, 2852.5610000000001492, 1, 2855.9850000000001273, 40.834444957718687874, 2852.5610000000001492, 1, 2855.9850000000001273, 31.559060909370359127, 2852.5610000000001492, 1
2856.0349999999998545, 74.151200382648738696, 2852.5670000000000073, 1, 2856.0349999999998545, 95.032798996299561622, 2852.5670000000000073, 1, 2856.0349999999998545, 122.67263447784429786, 2852.5670000000000073, 1, 2856.0349999999998545, 83.668034216171605522, 2852.5670000000000073, 1
2856.0850000000000364, 108.58831672333212737, 2852.5709999999999127, 1, 2856.0850000000000364, 0, 2852.5709999999999127, 1, 2856.0850000000000364, 0, 2852.5709999999999127, 1, 2856.0850000000000364, 89.90317969831960454, 2852.5709999999999127, 1
2856.0850000000000364, 102.60948195397358518, 2852.5760000000000218, 1, 2856.0850000000000364, 0, 2852.5760000000000218, 1, 2856.0850000000000364, 0, 2852.5760000000000218, 1, 2856.0850000000000364, 109.32311526913063915, 2852.5760000000000218, 1
2856.1860000000001492, 96.858263562091082122, 2852.5819999999998799, 1, 2856.1860000000001492, 0, 2852.5819999999998799, 1, 2856.1860000000001492, 0, 2852.5819999999998799, 1, 2856.1860000000001492, 115.79748354953790113, 2852.5819999999998799, 1
2856.1860000000001492, 85.441153091224023797, 2852.5859999999997854, 1, 2856.1860000000001492, 211.82764378946646389, 2852.5859999999997854, 1, 2856.1860000000001492, 212.8811278174708832, 2852.5859999999997854, 1, 2856.1860000000001492, 102.82485855497562, 2852.5859999999997854, 1
2856.2350000000001273, 23.319568774938691291, 2852.5909999999998945, 1, 2856.2350000000001273, 39.881767854084415603, 2852.5909999999998945, 1, 2856.2350000000001273, 39.425089881910523104, 2852.5909999999998945, 1, 2856.2350000000001273, 41.821964790420210534, 2852.5909999999998945, 1
2856.2849999999998545, 48.122082338104441135, 2852.5990000000001601, 1, 2856.2849999999998545, 68.292306691530683338, 2852.5990000000001601, 1, 2856.2849999999998545, 46.729602373350516586, 2852.5990000000001601, 1, 2856.2849999999998545, 38.206993023672566778, 2852.5990000000001601, 1
2856.3850000000002183, 0, 2852.6010000000001128, 1, 2856.3850000000002183, 128.55232078530002582, 2852.6010000000001128, 1, 2856.3850000000002183, 66.905931471652323239, 2852.6010000000001128, 1, 2856.3850000000002183, 0, 2852.6010000000001128, 1
2856.4349999999999454, 0, 2852.6060000000002219, 1, 2856.4349999999999454, 125.53732482892660016, 2852.6060000000002219, 1, 2856.4349999999999454, 72.159850028880399009, 2852.6060000000002219, 1, 2856.4349999999999454, 0, 2852.6060000000002219, 1
2856.4349999999999454, 0, 2852.6089999999999236, 1, 2856.4349999999999454, 112.57785786532360817, 2852.6089999999999236, 1, 2856.4349999999999454, 88.412654717934472615, 2852.6089999999999236, 1, 2856.4349999999999454, 0, 2852.6089999999999236, 1
2856.5340000000001055, 411.78452633357937884, 2852.6159999999999854, 1, 2856.5340000000001055, 89.760097089197785181, 2852.6159999999999854, 1, 2856.5340000000001055, 95.819054760667171422, 2852.6159999999999854, 1, 2856.5340000000001055, 0, 2852.6159999999999854, 1
2856.5340000000001055, 198.44033085091416524, 2852.6219999999998436, 1, 2856.5340000000001055, 3.5397829810348571122, 2852.6219999999998436, 1, 2856.5340000000001055, 52.816544020592431252, 2852.6219999999998436, 1, 2856.5340000000001055, 46.146564780245952875, 2852.6219999999998436, 1
2856.6359999999999673, 93.694196537532405955, 2852.6260000000002037, 1, 2856.6359999999999673, 104.36559903658383064, 2852.6260000000002037, 1, 2856.6359999999999673, 38.904482080971128255, 2852.6260000000002037, 1, 2856.6359999999999673, 29.34722348978202433, 2852.6260000000002037, 1
2856.6849999999999454, 74.861728287760527678, 2852.6320000000000618, 1, 2856.6849999999999454, 101.46127990221906146, 2852.6320000000000618, 1, 2856.6849999999999454, 148.44300037359667499, 2852.6320000000000618, 1, 2856.6849999999999454, 84.56854612529960491, 2852.6320000000000618, 1
2856.7350000000001273, 107.96160236101789565, 2852.637000000000171, 1, 2856.7350000000001273, 0, 2852.637000000000171, 1, 2856.7350000000001273, 0, 2852.637000000000171, 1, 2856.7350000000001273, 90.566663024411710126, 2852.637000000000171, 1
2856.7350000000001273, 101.9641455354215509, 2852.6410000000000764, 1, 2856.7350000000001273, 0, 2852.6410000000000764, 1, 2856.7350000000001273, 0, 2852.6410000000000764, 1, 2856.7350000000001273, 108.8813846115045294, 2852.6410000000000764, 1
2856.7849999999998545, 96.027161674115959045, 2852.6460000000001855, 1, 2856.7849999999998545, 0, 2852.6460000000001855, 1, 2856.7849999999998545, 0, 2852.6460000000001855, 1, 2856.7849999999998545, 111.69474203800915291, 2852.6460000000001855, 1
2856.8359999999997854, 86.932124574681836293, 2852.6509999999998399, 1, 2856.8359999999997854, 213.2803477387274711, 2852.6509999999998399, 1, 2856.8359999999997854, 217.70394491411215654, 2852.6509999999998399, 1, 2856.8359999999997854, 95.83467792558145959, 2852.6509999999998399, 1
2856.9360000000001492, 21.286322028796284656, 2852.6559999999999491, 1, 2856.9360000000001492, 40.145971754971654377, 2852.6559999999999491, 1, 2856.9360000000001492, 39.181887274174947322, 2852.6559999999999491, 1, 2856.9360000000001492, 43.561880629682853794, 2852.6559999999999491, 1
2856.9360000000001492, 50.089232039954268316, 2852.6610000000000582, 1, 2856.9360000000001492, 69.430154802700144501, 2852.6610000000000582, 1, 2856.9360000000001492, 47.925245323391266083, 2852.6610000000000582, 1, 2856.9360000000001492, 41.373661548802857624, 2852.6610000000000582, 1
2857.0340000000001055, 0, 2852.6660000000001673, 1, 2857.0340000000001055, 129.93676869673134888, 2852.6660000000001673, 1, 2857.0340000000001055, 65.424578038968803639, 2852.6660000000001673, 1, 2857.0340000000001055, 0, 2852.6660000000001673, 1
2857.0850000000000364, 0, 2852.6709999999998217, 1, 2857.0850000000000364, 125.74740165270397085, 2852.6709999999998217, 1, 2857.0850000000000364, 74.607100300017037853, 2852.6709999999998217, 1, 2857.0850000000000364, 0, 2852.6709999999998217, 1
2857.0850000000000364, 0, 2852.6759999999999309, 1, 2857.0850000000000364, 112.98600023880425169, 2852.6759999999999309, 1, 2857.0850000000000364, 91.816523912417906672, 2852.6759999999999309, 1, 2857.0850000000000364, 0, 2852.6759999999999309, 1
2857.1849999999999454, 401.54440904237628729, 2852.68100000000004, 1, 2857.1849999999999454, 91.9891935049189442, 2852.68100000000004, 1, 2857.1849999999999454, 97.993326157213701322, 2852.68100000000004, 1, 2857.1849999999999454, 0, 2852.68100000000004, 1
2857.2350000000001273, 196.57742005525832951, 2852.6860000000001492, 1, 2857.2350000000001273, 4.2626306197019605548, 2852.6860000000001492, 1, 2857.2350000000001273, 53.286778585425615518, 2852.6860000000001492, 1, 2857.2350000000001273, 35.990362068176374066, 2852.6860000000001492, 1
2857.2359999999998763, 89.572948299171926578, 2852.6920000000000073, 1, 2857.2359999999998763, 100.26948546477906632, 2852.6920000000000073, 1, 2857.2359999999998763, 41.068877853666514, 2852.6920000000000073, 1, 2857.2359999999998763, 32.009160231332067781, 2852.6920000000000073, 1
2857.2849999999998545, 71.369423114059259206, 2852.6959999999999127, 1, 2857.2849999999998545, 89.506610390194353499, 2852.6959999999999127, 1, 2857.2849999999998545, 105.46963487920811531, 2852.6959999999999127, 1, 2857.2849999999998545, 82.939968819979185355, 2852.6959999999999127, 1
2857.3369999999999891, 109.70441175868339201, 2852.7010000000000218, 1, 2857.3369999999999891, 0, 2852.7010000000000218, 1, 2857.3369999999999891, 0, 2852.7010000000000218, 1, 2857.3369999999999891, 86.154672201699753487, 2852.7010000000000218, 1
2857.4349999999999454, 103.10090075204116999, 2852.7069999999998799, 1, 2857.4349999999999454, 0, 2852.7069999999998799, 1, 2857.4349999999999454, 0, 2852.7069999999998799, 1, 2857.4349999999999454, 104.94001386651331131, 2852.7069999999998799, 1
2857.4349999999999454, 98.408280532683519937, 2852.7109999999997854, 1, 2857.4349999999999454, 0, 2852.7109999999997854, 1, 2857.4349999999999454, 0, 2852.7109999999997854, 1, 2857.4349999999999454, 115.97661537588550118, 2852.7109999999997854, 1
2857.5340000000001055, 88.272996073354192959, 2852.7159999999998945, 1, 2857.5340000000001055, 264.02435309331718827, 2852.7159999999998945, 1, 2857.5340000000001055, 247.87208598192017917, 2852.7159999999998945, 1, 2857.5340000000001055, 98.992045771784674457, 2852.7159999999998945, 1
2857.5360000000000582, 18.919808641949320105, 2852.7210000000000036, 1, 2857.5360000000000582, 44.389666212674306678, 2852.7210000000000036, 1, 2857.5360000000000582, 44.153262277268929381, 2852.7210000000000036, 1, 2857.5360000000000582, 44.586556677904567891, 2852.7210000000000036, 1
2857.6359999999999673, 47.917320185038761338, 2852.7269999999998618, 1, 2857.6359999999999673, 69.863506988192085601, 2852.7269999999998618, 1, 2857.6359999999999673, 46.702236621453820931, 2852.7269999999998618, 1, 2857.6359999999999673, 40.419805504250220451, 2852.7269999999998618, 1
2857.6359999999999673, 0, 2852.7310000000002219, 1, 2857.6359999999999673, 128.83827926018142307, 2852.7310000000002219, 1, 2857.6359999999999673, 65.697799346506172924, 2852.7310000000002219, 1, 2857.6359999999999673, 0, 2852.7310000000002219, 1
2857.6849999999999454, 0, 2852.7359999999998763, 1, 2857.6849999999999454, 126.36774200664913792, 2852.7359999999998763, 1, 2857.6849999999999454, 73.433526626129605575, 2852.7359999999998763, 1, 2857.6849999999999454, 0, 2852.7359999999998763, 1
2857.7339999999999236, 0, 2852.7409999999999854, 1, 2857.7339999999999236, 113.2270100252224978, 2852.7409999999999854, 1, 2857.7339999999999236, 89.10913300859678543, 2852.7409999999999854, 1, 2857.7339999999999236, 0, 2852.7409999999999854, 1
2857.7840000000001055, 368.36647364747437905, 2852.7460000000000946, 1, 2857.7840000000001055, 92.606620463746835981, 2852.7460000000000946, 1, 2857.7840000000001055, 98.55610968920632331, 2852.7460000000000946, 1, 2857.7840000000001055, 0, 2852.7460000000000946, 1
2857.8850000000002183, 210.86760958150142642, 2852.7510000000002037, 1, 2857.8850000000002183, 4.1712831583089631238, 2852.7510000000002037, 1, 2857.8850000000002183, 58.80161205157808979, 2852.7510000000002037, 1, 2857.8850000000002183, 0, 2852.7510000000002037, 1
2857.9349999999999454, 99.464438263371263815, 2852.7559999999998581, 1, 2857.9349999999999454, 95.593965905928541815, 2852.7559999999998581, 1, 2857.9349999999999454, 35.114572779591021856, 2852.7559999999998581, 1, 2857.9349999999999454, 30.832225233508864903, 2852.7559999999998581, 1
2857.9850000000001273, 64.328084145861083698, 2852.762000000000171, 1, 2857.9850000000001273, 109.15988078642776316, 2852.762000000000171, 1, 2857.9850000000001273, 125.68592909092240006, 2852.762000000000171, 1, 2857.9850000000001273, 78.695336503311850151, 2852.762000000000171, 1
2857.9850000000001273, 109.88499669142213122, 2852.7660000000000764, 1, 2857.9850000000001273, 0, 2852.7660000000000764, 1, 2857.9850000000001273, 0, 2852.7660000000000764, 1, 2857.9850000000001273, 85.775622478095101542, 2852.7660000000000764, 1
2858.0349999999998545, 105.0087660177175195, 2852.7710000000001855, 1, 2858.0349999999998545, 0, 2852.7710000000001855, 1, 2858.0349999999998545, 0, 2852.7710000000001855, 1, 2858.0349999999998545, 105.15192626633732687, 2852.7710000000001855, 1
2858.0850000000000364, 99.774301461634394173, 2852.7759999999998399, 1, 2858.0850000000000364, 0, 2852.7759999999998399, 1, 2858.0850000000000364, 0, 2852.7759999999998399, 1, 2858.0850000000000364, 114.58692330210448063, 2852.7759999999998399, 1
2858.1840000000001965, 93.748490781002587369, 2852.7809999999999491, 1, 2858.1840000000001965, 322.71604389710284977, 2852.7809999999999491, 1, 2858.1840000000001965, 291.3839190409826756, 2852.7809999999999491, 1, 2858.1840000000001965, 110.54241819079010156, 2852.7809999999999491, 1
2858.2350000000001273, 19.283827606673394683, 2852.7860000000000582, 1, 2858.2350000000001273, 55.165152870705348676, 2852.7860000000000582, 1, 2858.2350000000001273, 48.370328977669728943, 2852.7860000000000582, 1, 2858.2350000000001273, 34.789474230595260451, 2852.7860000000000582, 1
2858.2350000000001273, 47.184944055011200703, 2852.7930000000001201, 1, 2858.2350000000001273, 64.509126801958231567, 2852.7930000000001201, 1, 2858.2350000000001273, 43.975372898168870961, 2852.7930000000001201, 1, 2858.2350000000001273, 38.728718666214824395, 2852.7930000000001201, 1
2858.3339999999998327, 0, 2852.7959999999998217, 1, 2858.3339999999998327, 126.5730957573750004, 2852.7959999999998217, 1, 2858.3339999999998327, 69.079469036827077844, 2852.7959999999998217, 1, 2858.3339999999998327, 0, 2852.7959999999998217, 1
2858.3350000000000364, 0, 2852.8009999999999309, 1, 2858.3350000000000364, 126.60110806989861487, 2852.8009999999999309, 1, 2858.3350000000000364, 73.172561162624447206, 2852.8009999999999309, 1, 2858.3350000000000364, 0, 2852.8009999999999309, 1
2858.4340000000001965, 0, 2852.806999999999789, 1, 2858.4340000000001965, 112.57683316802420848, 2852.806999999999789, 1, 2858.4340000000001965, 86.054614332513509112, 2852.806999999999789, 1, 2858.4340000000001965, 0, 2852.806999999999789, 1
2858.4349999999999454, 367.02963717174770863, 2852.8110000000001492, 1, 2858.4349999999999454, 100.9343472698807318, 2852.8110000000001492, 1, 2858.4349999999999454, 100.04069057644932172, 2852.8110000000001492, 1, 2858.4349999999999454, 0, 2852.8110000000001492, 1
2858.4850000000001273, 210.99997066859504002, 2852.8159999999998035, 1, 2858.4850000000001273, 13.755360099250413697, 2852.8159999999998035, 1, 2858.4850000000001273, 60.159296284076717143, 2852.8159999999998035, 1, 2858.4850000000001273, 47.320934794733105377, 2852.8159999999998035, 1
2858.5349999999998545, 76.906447290737474987, 2852.8220000000001164, 1, 2858.5349999999998545, 71.52503626802625547, 2852.8220000000001164, 1, 2858.5349999999998545, 32.557458820945676337, 2852.8220000000001164, 1, 2858.5349999999998545, 28.497386979573878563, 2852.8220000000001164, 1
2858.5839999999998327, 69.597690794569814443, 2852.8260000000000218, 1, 2858.5839999999998327, 91.317268850043404882, 2852.8260000000000218, 1, 2858.5839999999998327, 123.57435430032143131, 2852.8260000000000218, 1, 2858.5839999999998327, 78.048559245523193795, 2852.8260000000000218, 1
2858.6340000000000146, 109.33892696608063488, 2852.8319999999998799, 1, 2858.6340000000000146, 0, 2852.8319999999998799, 1, 2858.6340000000000146, 0, 2852.8319999999998799, 1, 2858.6340000000000146, 84.673975961202728513, 2852.8319999999998799, 1
2858.6849999999999454, 104.68687329634431649, 2852.8359999999997854, 1, 2858.6849999999999454, 0, 2852.8359999999997854, 1, 2858.6849999999999454, 0, 2852.8359999999997854, 1, 2858.6849999999999454, 104.83039156674630021, 2852.8359999999997854, 1
2858.7849999999998545, 96.261788568790791487, 2852.8409999999998945, 1, 2858.7849999999998545, 0, 2852.8409999999998945, 1, 2858.7849999999998545, 0, 2852.8409999999998945, 1, 2858.7849999999998545, 105.79148401574704508, 2852.8409999999998945, 1
2858.8339999999998327, 88.023611113528559713, 2852.8460000000000036, 1, 2858.8339999999998327, 307.75123776882207949, 2852.8460000000000036, 1, 2858.8339999999998327, 317.61873489883481625, 2852.8460000000000036, 1, 2858.8339999999998327, 103.54946522606401516, 2852.8460000000000036, 1
2858.8350000000000364, 16.849953027593045363, 2852.8519999999998618, 1, 2858.8350000000000364, 51.644501990588011608, 2852.8519999999998618, 1, 2858.8350000000000364, 47.256973064140183283, 2852.8519999999998618, 1, 2858.8350000000000364, 40.348846774402851167, 2852.8519999999998618, 1
2858.8850000000002183, 48.076367139901222458, 2852.8560000000002219, 1, 2858.8850000000002183, 66.195021239224274723, 2852.8560000000002219, 1, 2858.8850000000002183, 42.750780196399787769, 2852.8560000000002219, 1, 2858.8850000000002183, 41.901898479327407188, 2852.8560000000002219, 1
2858.9340000000001965, 0, 2852.86200000000008, 1, 2858.9340000000001965, 125.24618461816105253, 2852.86200000000008, 1, 2858.9340000000001965, 68.963385749664382729, 2852.86200000000008, 1, 2858.9340000000001965, 0, 2852.86200000000008, 1
2858.9850000000001273, 0, 2852.8670000000001892, 1, 2858.9850000000001273, 125.81400229444884076, 2852.8670000000001892, 1, 2858.9850000000001273, 73.200419298885094577, 2852.8670000000001892, 1, 2858.9850000000001273, 0, 2852.8670000000001892, 1
2859.0850000000000364, 0, 2852.8710000000000946, 1, 2859.0850000000000364, 111.4339209027327513, 2852.8710000000000946, 1, 2859.0850000000000364, 87.320988850193486996, 2852.8710000000000946, 1, 2859.0850000000000364, 0, 2852.8710000000000946, 1
2859.1350000000002183, 403.71249348674211888, 2852.8760000000002037, 1, 2859.1350000000002183, 97.870901594772959697, 2852.8760000000002037, 1, 2859.1350000000002183, 98.611468476355156554, 2852.8760000000002037, 1, 2859.1350000000002183, 0, 2852.8760000000002037, 1
2859.1350000000002183, 197.64521413245557824, 2852.8809999999998581, 1, 2859.1350000000002183, 11.423536460376094936, 2852.8809999999998581, 1, 2859.1350000000002183, 59.775611486942210604, 2852.8809999999998581, 1, 2859.1350000000002183, 0, 2852.8809999999998581, 1
2859.1849999999999454, 81.992448900224559338, 2852.8859999999999673, 1, 2859.1849999999999454, 80.827625150049541958, 2852.8859999999999673, 1, 2859.1849999999999454, 32.274031059259371546, 2852.8859999999999673, 1, 2859.1849999999999454, 30.201192533866660028, 2852.8859999999999673, 1
2859.2849999999998545, 68.723591152533970217, 2852.8910000000000764, 1, 2859.2849999999998545, 114.40004216213202426, 2852.8910000000000764, 1, 2859.2849999999998545, 93.830703726351757155, 2852.8910000000000764, 1, 2859.2849999999998545, 77.504401878525783331, 2852.8910000000000764, 1
2859.2849999999998545, 108.53841656165434415, 2852.8960000000001855, 1, 2859.2849999999998545, 0, 2852.8960000000001855, 1, 2859.2849999999998545, 0, 2852.8960000000001855, 1, 2859.2849999999998545, 87.59515088243560399, 2852.8960000000001855, 1
2859.3350000000000364, 103.74357025433025115, 2852.9009999999998399, 1, 2859.3350000000000364, 0, 2852.9009999999998399, 1, 2859.3350000000000364, 0, 2852.9009999999998399, 1, 2859.3350000000000364, 107.71433877045328131, 2852.9009999999998399, 1
2859.3850000000002183, 98.677223264430637073, 2852.9059999999999491, 1, 2859.3850000000002183, 0, 2852.9059999999999491, 1, 2859.3850000000002183, 0, 2852.9059999999999491, 1, 2859.3850000000002183, 117.37327610733008498, 2852.9059999999999491, 1
2859.4349999999999454, 91.822848997393265336, 2852.9110000000000582, 1, 2859.4349999999999454, 0, 2852.9110000000000582, 1, 2859.4349999999999454, 294.52579721341379582, 2852.9110000000000582, 1, 2859.4349999999999454, 102.54524808166776495, 2852.9110000000000582, 1
2859.5349999999998545, 30.063823381982064831, 2852.9160000000001673, 1, 2859.5349999999998545, 54.877102795669287616, 2852.9160000000001673, 1, 2859.5349999999998545, 49.478998993852940202, 2852.9160000000001673, 1, 2859.5349999999998545, 35.111611507423852174, 2852.9160000000001673, 1
2859.5839999999998327, 52.275841850071927297, 2852.9209999999998217, 1, 2859.5839999999998327, 64.808399558063115364, 2852.9209999999998217, 1, 2859.5839999999998327, 45.11848099049711891, 2852.9209999999998217, 1, 2859.5839999999998327, 41.811442263861025026, 2852.9209999999998217, 1
2859.6350000000002183, 0, 2852.9259999999999309, 1, 2859.6350000000002183, 128.93521387293694147, 2852.9259999999999309, 1, 2859.6350000000002183, 65.303881939775351384, 2852.9259999999999309, 1, 2859.6350000000002183, 0, 2852.9259999999999309, 1
2859.6860000000001492, 0, 2852.93100000000004, 1, 2859.6860000000001492, 128.73684654914396219, 2852.93100000000004, 1, 2859.6860000000001492, 70.977785999036754561, 2852.93100000000004, 1, 2859.6860000000001492, 0, 2852.93100000000004, 1
2859.6860000000001492, 0, 2852.9360000000001492, 1, 2859.6860000000001492, 115.81308118520315986, 2852.9360000000001492, 1, 2859.6860000000001492, 88.514264249111562322, 2852.9360000000001492, 1, 2859.6860000000001492, 0, 2852.9360000000001492, 1
2859.737999999999829, 367.64281079202839919, 2852.9409999999998035, 1, 2859.737999999999829, 101.96544086422939301, 2852.9409999999998035, 1, 2859.737999999999829, 99.41792005208517935, 2852.9409999999998035, 1, 2859.737999999999829, 0, 2852.9409999999998035, 1
2859.8339999999998327, 236.37596384865821619, 2852.9459999999999127, 1, 2859.8339999999998327, 11.516827162053559164, 2852.9459999999999127, 1, 2859.8339999999998327, 60.992350499252616203, 2852.9459999999999127, 1, 2859.8339999999998327, 56.280381942651303007, 2852.9459999999999127, 1
2859.8850000000002183, 80.007752837807103674, 2852.9520000000002256, 1, 2859.8850000000002183, 80.245370497034087975, 2852.9520000000002256, 1, 2859.8850000000002183, 34.822739401658054703, 2852.9520000000002256, 1, 2859.8850000000002183, 25.577653385377164597, 2852.9520000000002256, 1
2859.9349999999999454, 70.659688914377881019, 2852.956000000000131, 1, 2859.9349999999999454, 91.283660299898542689, 2852.956000000000131, 1, 2859.9349999999999454, 116.21567154370644914, 2852.956000000000131, 1, 2859.9349999999999454, 76.988496235324731742, 2852.956000000000131, 1
2859.9349999999999454, 108.62775804612326169, 2852.9609999999997854, 1, 2859.9349999999999454, 0, 2852.9609999999997854, 1, 2859.9349999999999454, 0, 2852.9609999999997854, 1, 2859.9349999999999454, 87.91343001465148177, 2852.9609999999997854, 1
2860.0340000000001055, 101.08770396094470811, 2852.9659999999998945, 1, 2860.0340000000001055, 0, 2852.9659999999998945, 1, 2860.0340000000001055, 0, 2852.9659999999998945, 1, 2860.0340000000001055, 100.19998897558619433, 2852.9659999999998945, 1
2860.0340000000001055, 96.762019992510701627, 2852.9710000000000036, 1, 2860.0340000000001055, 0, 2852.9710000000000036, 1, 2860.0340000000001055, 0, 2852.9710000000000036, 1, 2860.0340000000001055, 111.08662389127098891, 2852.9710000000000036, 1
2860.1340000000000146, 89.819278384830425921, 2852.9769999999998618, 1, 2860.1340000000000146, 268.54264496014150154, 2852.9769999999998618, 1, 2860.1340000000000146, 301.09224762972922917, 2852.9769999999998618, 1, 2860.1340000000000146, 102.27244641808755432, 2852.9769999999998618, 1
2860.1340000000000146, 23.405476659002683704, 2852.9810000000002219, 1, 2860.1340000000000146, 64.075025278754281999, 2852.9810000000002219, 1, 2860.1340000000000146, 50.710515389441496836, 2852.9810000000002219, 1, 2860.1340000000000146, 41.844243593725977348, 2852.9810000000002219, 1
2860.1860000000001492, 53.640751855338358212, 2852.98700000000008, 1, 2860.1860000000001492, 60.598335754222190985, 2852.98700000000008, 1, 2860.1860000000001492, 44.821273552708667864, 2852.98700000000008, 1, 2860.1860000000001492, 48.798382713740558358, 2852.98700000000008, 1
2860.2350000000001273, 0, 2852.9909999999999854, 1, 2860.2350000000001273, 123.44654009956428808, 2852.9909999999999854, 1, 2860.2350000000001273, 67.690646919558588479, 2852.9909999999999854, 1, 2860.2350000000001273, 0, 2852.9909999999999854, 1
2860.2849999999998545, 0, 2852.9969999999998436, 1, 2860.2849999999998545, 126.97723132245974398, 2852.9969999999998436, 1, 2860.2849999999998545, 73.105876410694236256, 2852.9969999999998436, 1, 2860.2849999999998545, 0, 2852.9969999999998436, 1
2860.3840000000000146, 0, 2853.0019999999999527, 1, 2860.3840000000000146, 113.08993573840237445, 2853.0019999999999527, 1, 2860.3840000000000146, 86.396719021833689567, 2853.0019999999999527, 1, 2860.3840000000000146, 0, 2853.0019999999999527, 1
2860.3840000000000146, 362.41566171254044093, 2853.0059999999998581, 1, 2860.3840000000000146, 102.07132146485432145, 2853.0059999999998581, 1, 2860.3840000000000146, 100.74932906998844828, 2853.0059999999998581, 1, 2860.3840000000000146, 0, 2853.0059999999998581, 1
2860.4360000000001492, 188.43235932345106676, 2853.0109999999999673, 1, 2860.4360000000001492, 15.769266067780110419, 2853.0109999999999673, 1, 2860.4360000000001492, 61.312450621003748097, 2853.0109999999999673, 1, 2860.4360000000001492, 38.671422279763987717, 2853.0109999999999673, 1
2860.4850000000001273, 57.454153350842261716, 2853.0169999999998254, 1, 2860.4850000000001273, 93.347950489750019187, 2853.0169999999998254, 1, 2860.4850000000001273, 34.71801350343606174, 2853.0169999999998254, 1, 2860.4850000000001273, 28.199209548784381241, 2853.0169999999998254, 1
2860.5850000000000364, 65.806717978282563308, 2853.0210000000001855, 1, 2860.5850000000000364, 106.67161229217789753, 2853.0210000000001855, 1, 2860.5850000000000364, 118.6145787369393787, 2853.0210000000001855, 1, 2860.5850000000000364, 78.424442464995422597, 2853.0210000000001855, 1
2860.5850000000000364, 110.17647259389536885, 2853.0259999999998399, 1, 2860.5850000000000364, 0, 2853.0259999999998399, 1, 2860.5850000000000364, 0, 2853.0259999999998399, 1, 2860.5850000000000364, 84.48645881719878048, 2853.0259999999998399, 1
2860.6350000000002183, 105.6972353922016481, 2853.0309999999999491, 1, 2860.6350000000002183, 0, 2853.0309999999999491, 1, 2860.6350000000002183, 0, 2853.0309999999999491, 1, 2860.6350000000002183, 104.11089508501868295, 2853.0309999999999491, 1
2860.6860000000001492, 98.708008269313921801, 2853.0360000000000582, 1, 2860.6860000000001492, 0, 2853.0360000000000582, 1, 2860.6860000000001492, 0, 2853.0360000000000582, 1, 2860.6860000000001492, 106.35609827384689652, 2853.0360000000000582, 1
2860.7849999999998545, 91.058723817210037055, 2853.0419999999999163, 1, 2860.7849999999998545, 286.46929447802710911, 2853.0419999999999163, 1, 2860.7849999999998545, 325.75162362247601777, 2853.0419999999999163, 1, 2860.7849999999998545, 107.51416298505469626, 2853.0419999999999163, 1
2860.7849999999998545, 13.096558523472127789, 2853.0459999999998217, 1, 2860.7849999999998545, 57.707043937892656515, 2853.0459999999998217, 1, 2860.7849999999998545, 53.46870748064941381, 2853.0459999999998217, 1, 2860.7849999999998545, 39.711776333816153794, 2853.0459999999998217, 1
2860.8359999999997854, 49.036056003469752795, 2853.0509999999999309, 1, 2860.8359999999997854, 64.831261650569814492, 2853.0509999999999309, 1, 2860.8359999999997854, 41.016633883514032277, 2853.0509999999999309, 1, 2860.8359999999997854, 39.938131417050463767, 2853.0509999999999309, 1
2860.8850000000002183, 0, 2853.056999999999789, 1, 2860.8850000000002183, 125.39525272056351923, 2853.056999999999789, 1, 2860.8850000000002183, 68.15670393333637378, 2853.056999999999789, 1, 2860.8850000000002183, 0, 2853.056999999999789, 1
2860.9349999999999454, 0, 2853.0610000000001492, 1, 2860.9349999999999454, 126.12725627250756588, 2853.0610000000001492, 1, 2860.9349999999999454, 74.141761292870512534, 2853.0610000000001492, 1, 2860.9349999999999454, 0, 2853.0610000000001492, 1
2861.0349999999998545, 0, 2853.0659999999998035, 1, 2861.0349999999998545, 112.21799393817360624, 2853.0659999999998035, 1, 2861.0349999999998545, 87.140523749734569492, 2853.0659999999998035, 1, 2861.0349999999998545, 0, 2853.0659999999998035, 1
2861.0349999999998545, 363.00755231451773852, 2853.0709999999999127, 1, 2861.0349999999998545, 100.17970730683191505, 2853.0709999999999127, 1, 2861.0349999999998545, 100.83364747856583676, 2853.0709999999999127, 1, 2861.0349999999998545, 0, 2853.0709999999999127, 1
2861.1359999999999673, 241.42865438540695777, 2853.0760000000000218, 1, 2861.1359999999999673, 13.555516468712040634, 2853.0760000000000218, 1, 2861.1359999999999673, 65.038771680175742063, 2853.0760000000000218, 1, 2861.1359999999999673, 0, 2853.0760000000000218, 1
2861.1359999999999673, 97.215812629932571554, 2853.081000000000131, 1, 2861.1359999999999673, 98.268031360245942096, 2853.081000000000131, 1, 2861.1359999999999673, 30.313125580314519425, 2853.081000000000131, 1, 2861.1359999999999673, 29.370511428186603098, 2853.081000000000131, 1
2861.1840000000001965, 71.762567400251612071, 2853.0859999999997854, 1, 2861.1840000000001965, 94.181380659515610887, 2853.0859999999997854, 1, 2861.1840000000001965, 97.140350541506521154, 2853.0859999999997854, 1, 2861.1840000000001965, 75.310269350459464022, 2853.0859999999997854, 1
2861.2860000000000582, 108.4544848195594966, 2853.0940000000000509, 1, 2861.2860000000000582, 0, 2853.0940000000000509, 1, 2861.2860000000000582, 0, 2853.0940000000000509, 1, 2861.2860000000000582, 87.378544995311671073, 2853.0940000000000509, 1
2861.2860000000000582, 104.34606726945057176, 2853.0960000000000036, 1, 2861.2860000000000582, 0, 2853.0960000000000036, 1, 2861.2860000000000582, 0, 2853.0960000000000036, 1, 2861.2860000000000582, 105.60203170032694686, 2853.0960000000000036, 1
2861.3350000000000364, 98.768563763200774019, 2853.1010000000001128, 1, 2861.3350000000000364, 0, 2853.1010000000001128, 1, 2861.3350000000000364, 0, 2853.1010000000001128, 1, 2861.3350000000000364, 114.27267733343320799, 2853.1010000000001128, 1
2861.3850000000002183, 93.460434936873539868, 2853.1069999999999709, 1, 2861.3850000000002183, 0, 2853.1069999999999709, 1, 2861.3850000000002183, 350.36699452180045, 2853.1069999999999709, 1, 2861.3850000000002183, 114.07733771809751033, 2853.1069999999999709, 1
2861.4360000000001492, 25.048200393677149123, 2853.11200000000008, 1, 2861.4360000000001492, 71.569057507725574396, 2853.11200000000008, 1, 2861.4360000000001492, 69.887313007498931938, 2853.11200000000008, 1, 2861.4360000000001492, 38.161701596507072054, 2853.11200000000008, 1
2861.4850000000001273, 47.527025628396572188, 2853.1159999999999854, 1, 2861.4850000000001273, 59.871510449459734104, 2853.1159999999999854, 1, 2861.4850000000001273, 36.692890221588818633, 2853.1159999999999854, 1, 2861.4850000000001273, 43.012474803438358606, 2853.1159999999999854, 1
2861.5850000000000364, 0, 2853.1219999999998436, 1, 2861.5850000000000364, 123.8557512240296461, 2853.1219999999998436, 1, 2861.5850000000000364, 68.172796187192020057, 2853.1219999999998436, 1, 2861.5850000000000364, 0, 2853.1219999999998436, 1
2861.5859999999997854, 0, 2853.1260000000002037, 1, 2861.5859999999997854, 128.40079262062096177, 2853.1260000000002037, 1, 2861.5859999999997854, 71.010498708606135665, 2853.1260000000002037, 1, 2861.5859999999997854, 0, 2853.1260000000002037, 1
2861.6350000000002183, 0, 2853.1350000000002183, 1, 2861.6350000000002183, 115.75233306809079181, 2853.1350000000002183, 1, 2861.6350000000002183, 88.128331534619292142, 2853.1350000000002183, 1, 2861.6350000000002183, 0, 2853.1350000000002183, 1
2861.7359999999998763, 336.29845045451276064, 2853.137000000000171, 1, 2861.7359999999998763, 102.44910264415341317, 2853.137000000000171, 1, 2861.7359999999998763, 97.212840732224975682, 2853.137000000000171, 1, 2861.7359999999998763, 0, 2853.137000000000171, 1
2861.7359999999998763, 227.79543429385535092, 2853.1410000000000764, 1, 2861.7359999999998763, 25.029738457874643132, 2853.1410000000000764, 1, 2861.7359999999998763, 66.90537886508188592, 2853.1410000000000764, 1, 2861.7359999999998763, 0, 2853.1410000000000764, 1
2861.8339999999998327, 77.232462509447614707, 2853.1460000000001855, 1, 2861.8339999999998327, 0, 2853.1460000000001855, 1, 2861.8339999999998327, 34.190892933544333232, 2853.1460000000001855, 1, 2861.8339999999998327, 27.348792105705953759, 2853.1460000000001855, 1
2861.8350000000000364, 64.15085692866705358, 2853.1520000000000437, 1, 2861.8350000000000364, 97.07252208997762466, 2853.1520000000000437, 1, 2861.8350000000000364, 96.358122097909031822, 2853.1520000000000437, 1, 2861.8350000000000364, 70.036853476549310926, 2853.1520000000000437, 1
2861.8850000000002183, 108.99106603163320983, 2853.1559999999999491, 1, 2861.8850000000002183, 0, 2853.1559999999999491, 1, 2861.8850000000002183, 0, 2853.1559999999999491, 1, 2861.8850000000002183, 85.03455726967040107, 2853.1559999999999491, 1
2861.9349999999999454, 106.14896128615627902, 2853.1610000000000582, 1, 2861.9349999999999454, 0, 2853.1610000000000582, 1, 2861.9349999999999454, 0, 2853.1610000000000582, 1, 2861.9349999999999454, 103.16294345107762354, 2853.1610000000000582, 1
2862.0340000000001055, 98.607661578191283525, 2853.1669999999999163, 1, 2862.0340000000001055, 0, 2853.1669999999999163, 1, 2862.0340000000001055, 0, 2853.1669999999999163, 1, 2862.0340000000001055, 109.97474664667811339, 2853.1669999999999163, 1
2862.0340000000001055, 95.022544592375737693, 2853.1720000000000255, 1, 2862.0340000000001055, 0, 2853.1720000000000255, 1, 2862.0340000000001055, 0, 2853.1720000000000255, 1, 2862.0340000000001055, 120.78376755835577683, 2853.1720000000000255, 1
2862.1340000000000146, 23.496324816706980698, 2853.1759999999999309, 1, 2862.1340000000000146, 79.832347491851606947, 2853.1759999999999309, 1, 2862.1340000000000146, 89.656030353698923818, 2853.1759999999999309, 1, 2862.1340000000000146, 43.625478274405104173, 2853.1759999999999309, 1
2862.1350000000002183, 48.772339031660152386, 2853.18100000000004, 1, 2862.1350000000002183, 55.475908219376918851, 2853.18100000000004, 1, 2862.1350000000002183, 33.034824422203897143, 2853.18100000000004, 1, 2862.1350000000002183, 47.004822649351488906, 2853.18100000000004, 1
2862.1849999999999454, 0, 2853.1880000000001019, 1, 2862.1849999999999454, 119.1079363743820636, 2853.1880000000001019, 1, 2862.1849999999999454, 68.103757545130378048, 2853.1880000000001019, 1, 2862.1849999999999454, 0, 2853.1880000000001019, 1
2862.2339999999999236, 0, 2853.1909999999998035, 1, 2862.2339999999999236, 129.08284803902418503, 2853.1909999999998035, 1, 2862.2339999999999236, 69.459828327465103825, 2853.1909999999998035, 1, 2862.2339999999999236, 0, 2853.1909999999998035, 1
2862.2840000000001055, 0, 2853.1959999999999127, 1, 2862.2840000000001055, 115.70007403989805539, 2853.1959999999999127, 1, 2862.2840000000001055, 88.047257757291376379, 2853.1959999999999127, 1, 2862.2840000000001055, 0, 2853.1959999999999127, 1
2862.3359999999997854, 0, 2853.2010000000000218, 1, 2862.3359999999997854, 104.02089122522093589, 2853.2010000000000218, 1, 2862.3359999999997854, 101.3816389756495937, 2853.2010000000000218, 1, 2862.3359999999997854, 0, 2853.2010000000000218, 1
2862.4349999999999454, 251.24470495124967329, 2853.206000000000131, 1, 2862.4349999999999454, 29.393553214656925832, 2853.206000000000131, 1, 2862.4349999999999454, 70.146626431069066143, 2853.206000000000131, 1, 2862.4349999999999454, 0, 2853.206000000000131, 1
2862.4850000000001273, 89.250274346906820711, 2853.2109999999997854, 1, 2862.4850000000001273, 0, 2853.2109999999997854, 1, 2862.4850000000001273, 33.771258678365491335, 2853.2109999999997854, 1, 2862.4850000000001273, 26.290407494254626641, 2853.2109999999997854, 1
2862.4859999999998763, 68.924330390311624228, 2853.2159999999998945, 1, 2862.4859999999998763, 100.91368430949160029, 2853.2159999999998945, 1, 2862.4859999999998763, 86.486229407509526368, 2853.2159999999998945, 1, 2862.4859999999998763, 71.603839003731494017, 2853.2159999999998945, 1
2862.5349999999998545, 107.74297304325091318, 2853.2210000000000036, 1, 2862.5349999999998545, 0, 2853.2210000000000036, 1, 2862.5349999999998545, 0, 2853.2210000000000036, 1, 2862.5349999999998545, 84.382175777563489305, 2853.2210000000000036, 1
2862.6350000000002183, 103.9943513291320869, 2853.2260000000001128, 1, 2862.6350000000002183, 0, 2853.2260000000001128, 1, 2862.6350000000002183, 0, 2853.2260000000001128, 1, 2862.6350000000002183, 96.866942892800466325, 2853.2260000000001128, 1
2862.6350000000002183, 99.057911295746606584, 2853.2319999999999709, 1, 2862.6350000000002183, 0, 2853.2319999999999709, 1, 2862.6350000000002183, 0, 2853.2319999999999709, 1, 2862.6350000000002183, 109.94629190612660352, 2853.2319999999999709, 1
2862.7350000000001273, 93.260827336756889849, 2853.2359999999998763, 1, 2862.7350000000001273, 0, 2853.2359999999998763, 1, 2862.7350000000001273, 0, 2853.2359999999998763, 1, 2862.7350000000001273, 117.6753457514888197, 2853.2359999999998763, 1
2862.7840000000001055, 29.035992820803816272, 2853.2429999999999382, 1, 2862.7840000000001055, 73.700066475342040917, 2853.2429999999999382, 1, 2862.7840000000001055, 96.459793357955902593, 2853.2429999999999382, 1, 2862.7840000000001055, 39.452650570473146274, 2853.2429999999999382, 1
2862.7840000000001055, 48.214941258677285418, 2853.2460000000000946, 1, 2862.7840000000001055, 53.451250096450493743, 2853.2460000000000946, 1, 2862.7840000000001055, 33.554188823220052029, 2853.2460000000000946, 1, 2862.7840000000001055, 44.974537507627267985, 2853.2460000000000946, 1
2862.8350000000000364, 0, 2853.2510000000002037, 1, 2862.8350000000000364, 116.43905382551307071, 2853.2510000000002037, 1, 2862.8350000000000364, 69.203467321669307921, 2853.2510000000002037, 1, 2862.8350000000000364, 0, 2853.2510000000002037, 1
2862.9340000000001965, 0, 2853.2559999999998581, 1, 2862.9340000000001965, 130.02733646398385758, 2853.2559999999998581, 1, 2862.9340000000001965, 68.075151116642430793, 2853.2559999999998581, 1, 2862.9340000000001965, 0, 2853.2559999999998581, 1
2862.9340000000001965, 0, 2853.262000000000171, 1, 2862.9340000000001965, 117.27154067924692527, 2853.262000000000171, 1, 2862.9340000000001965, 86.35715776834240387, 2853.262000000000171, 1, 2862.9340000000001965, 0, 2853.262000000000171, 1
2863.0349999999998545, 0, 2853.2660000000000764, 1, 2863.0349999999998545, 104.862668613819352, 2853.2660000000000764, 1, 2863.0349999999998545, 97.961343648509952686, 2853.2660000000000764, 1, 2863.0349999999998545, 0, 2853.2660000000000764, 1
2863.0349999999998545, 249.0850524930298775, 2853.2710000000001855, 1, 2863.0349999999998545, 41.601212690300684471, 2853.2710000000001855, 1, 2863.0349999999998545, 73.253256530920651812, 2853.2710000000001855, 1, 2863.0349999999998545, 0, 2853.2710000000001855, 1
2863.0850000000000364, 56.435570564856540443, 2853.2759999999998399, 1, 2863.0850000000000364, 0, 2853.2759999999998399, 1, 2863.0850000000000364, 30.136271256162174836, 2853.2759999999998399, 1, 2863.0850000000000364, 27.035959595756722251, 2853.2759999999998399, 1
2863.1350000000002183, 68.687357680512931779, 2853.2809999999999491, 1, 2863.1350000000002183, 82.874662486892475499, 2853.2809999999999491, 1, 2863.1350000000002183, 89.466676796680758343, 2853.2809999999999491, 1, 2863.1350000000002183, 67.929466608931534211, 2853.2809999999999491, 1
2863.1849999999999454, 108.01667008063466824, 2853.2869999999998072, 1, 2863.1849999999999454, 0, 2853.2869999999998072, 1, 2863.1849999999999454, 0, 2853.2869999999998072, 1, 2863.1849999999999454, 83.349879420939060992, 2853.2869999999998072, 1
2863.2350000000001273, 104.71555983915331467, 2853.2910000000001673, 1, 2863.2350000000001273, 0, 2853.2910000000001673, 1, 2863.2350000000001273, 0, 2853.2910000000001673, 1, 2863.2350000000001273, 99.117113063323927236, 2853.2910000000001673, 1
2863.2840000000001055, 98.515109140917360264, 2853.2959999999998217, 1, 2863.2840000000001055, 0, 2853.2959999999998217, 1, 2863.2840000000001055, 0, 2853.2959999999998217, 1, 2863.2840000000001055, 108.72261043709096384, 2853.2959999999998217, 1
2863.3840000000000146, 92.739362346051720465, 2853.3009999999999309, 1, 2863.3840000000000146, 0, 2853.3009999999999309, 1, 2863.3840000000000146, 0, 2853.3009999999999309, 1, 2863.3840000000000146, 114.15450544991017523, 2853.3009999999999309, 1
2863.3859999999999673, 29.244862472639450601, 2853.306999999999789, 1, 2863.3859999999999673, 78.038047783367559873, 2853.306999999999789, 1, 2863.3859999999999673, 92.872978462091168694, 2853.306999999999789, 1, 2863.3859999999999673, 44.870368945647790326, 2853.306999999999789, 1
2863.4839999999999236, 48.750018950195489253, 2853.3110000000001492, 1, 2863.4839999999999236, 53.051574660663618488, 2853.3110000000001492, 1, 2863.4839999999999236, 34.406931669744452051, 2853.3110000000001492, 1, 2863.4839999999999236, 44.866853595595088677, 2853.3110000000001492, 1
2863.5349999999998545, 0, 2853.3159999999998035, 1, 2863.5349999999998545, 117.73880284419206532, 2853.3159999999998035, 1, 2863.5349999999998545, 70.088374118120043477, 2853.3159999999998035, 1, 2863.5349999999998545, 0, 2853.3159999999998035, 1
2863.5850000000000364, 0, 2853.3209999999999127, 1, 2863.5850000000000364, 129.49379820971512345, 2853.3209999999999127, 1, 2863.5850000000000364, 68.394344602755296592, 2853.3209999999999127, 1, 2863.5850000000000364, 0, 2853.3209999999999127, 1
2863.5850000000000364, 0, 2853.3260000000000218, 1, 2863.5850000000000364, 116.4021289114993607, 2853.3260000000000218, 1, 2863.5850000000000364, 86.513798105739169841, 2853.3260000000000218, 1, 2863.5850000000000364, 0, 2853.3260000000000218, 1
2863.6849999999999454, 0, 2853.331000000000131, 1, 2863.6849999999999454, 103.53546348658083787, 2853.331000000000131, 1, 2863.6849999999999454, 98.225639533804212533, 2853.331000000000131, 1, 2863.6849999999999454, 0, 2853.331000000000131, 1
2863.6860000000001492, 254.5603617501238034, 2853.3359999999997854, 1, 2863.6860000000001492, 39.426815153122426238, 2853.3359999999997854, 1, 2863.6860000000001492, 70.972866290676847711, 2853.3359999999997854, 1, 2863.6860000000001492, 0, 2853.3359999999997854, 1
2863.7350000000001273, 62.324494924301539811, 2853.3409999999998945, 1, 2863.7350000000001273, 0, 2853.3409999999998945, 1, 2863.7350000000001273, 30.722287239947384307, 2853.3409999999998945, 1, 2863.7350000000001273, 28.130625858362289904, 2853.3409999999998945, 1
2863.8350000000000364, 71.474170165744908445, 2853.3460000000000036, 1, 2863.8350000000000364, 78.623128501172089955, 2853.3460000000000036, 1, 2863.8350000000000364, 87.940094804324758115, 2853.3460000000000036, 1, 2863.8350000000000364, 67.255016769463551896, 2853.3460000000000036, 1
2863.8350000000000364, 107.02653890998243469, 2853.3510000000001128, 1, 2863.8350000000000364, 0, 2853.3510000000001128, 1, 2863.8350000000000364, 0, 2853.3510000000001128, 1, 2863.8350000000000364, 85.122408273016361591, 2853.3510000000001128, 1
2863.8859999999999673, 103.51764188498341923, 2853.3560000000002219, 1, 2863.8859999999999673, 0, 2853.3560000000002219, 1, 2863.8859999999999673, 0, 2853.3560000000002219, 1, 2863.8859999999999673, 100.88793613820558903, 2853.3560000000002219, 1
2863.9859999999998763, 95.482007459679181238, 2853.3609999999998763, 1, 2863.9859999999998763, 0, 2853.3609999999998763, 1, 2863.9859999999998763, 0, 2853.3609999999998763, 1, 2863.9859999999998763, 105.49464726759335065, 2853.3609999999998763, 1
2863.9859999999998763, 93.136817068709646605, 2853.3659999999999854, 1, 2863.9859999999998763, 0, 2853.3659999999999854, 1, 2863.9859999999998763, 0, 2853.3659999999999854, 1, 2863.9859999999998763, 117.15776587462208624, 2853.3659999999999854, 1
2864.0340000000001055, 31.206855315674573603, 2853.3719999999998436, 1, 2864.0340000000001055, 73.130053958139768611, 2853.3719999999998436, 1, 2864.0340000000001055, 98.232941154379275872, 2853.3719999999998436, 1, 2864.0340000000001055, 42.484617456225940657, 2853.3719999999998436, 1
2864.1350000000002183, 47.207766332326926317, 2853.3760000000002037, 1, 2864.1350000000002183, 53.855801222712585741, 2853.3760000000002037, 1, 2864.1350000000002183, 33.849131923191734472, 2853.3760000000002037, 1, 2864.1350000000002183, 44.558370489961397709, 2853.3760000000002037, 1
2864.1359999999999673, 0, 2853.3809999999998581, 1, 2864.1359999999999673, 117.28693681360363144, 2853.3809999999998581, 1, 2864.1359999999999673, 68.937571868104271289, 2853.3809999999998581, 1, 2864.1359999999999673, 0, 2853.3809999999998581, 1
2864.1840000000001965, 0, 2853.38799999999992, 1, 2864.1840000000001965, 130.86072326784062625, 2853.38799999999992, 1, 2864.1840000000001965, 66.824719796738094146, 2853.38799999999992, 1, 2864.1840000000001965, 0, 2853.38799999999992, 1
2864.2849999999998545, 0, 2853.3910000000000764, 1, 2864.2849999999998545, 117.09104365538405546, 2853.3910000000000764, 1, 2864.2849999999998545, 83.315820112818030907, 2853.3910000000000764, 1, 2864.2849999999998545, 0, 2853.3910000000000764, 1
2864.2849999999998545, 0, 2853.3960000000001855, 1, 2864.2849999999998545, 105.53263951134240983, 2853.3960000000001855, 1, 2864.2849999999998545, 97.768380253392805912, 2853.3960000000001855, 1, 2864.2849999999998545, 0, 2853.3960000000001855, 1
2864.3350000000000364, 260.35576026364071822, 2853.4020000000000437, 1, 2864.3350000000000364, 39.158120521890573684, 2853.4020000000000437, 1, 2864.3350000000000364, 72.315240462741058991, 2853.4020000000000437, 1, 2864.3350000000000364, 0, 2853.4020000000000437, 1
2864.4340000000001965, 80.238078815361376428, 2853.4059999999999491, 1, 2864.4340000000001965, 0, 2853.4059999999999491, 1, 2864.4340000000001965, 33.614077170756637258, 2853.4059999999999491, 1, 2864.4340000000001965, 28.261370605554219537, 2853.4059999999999491, 1
2864.4850000000001273, 72.657258502047383786, 2853.4110000000000582, 1, 2864.4850000000001273, 82.398091327349888502, 2853.4110000000000582, 1, 2864.4850000000001273, 74.630234203345935384, 2853.4110000000000582, 1, 2864.4850000000001273, 73.415055225935205385, 2853.4110000000000582, 1
2864.4859999999998763, 107.04484962239689594, 2853.4160000000001673, 1, 2864.4859999999998763, 0, 2853.4160000000001673, 1, 2864.4859999999998763, 0, 2853.4160000000001673, 1, 2864.4859999999998763, 86.606039984822160704, 2853.4160000000001673, 1
2864.5349999999998545, 103.93109051307526158, 2853.4220000000000255, 1, 2864.5349999999998545, 0, 2853.4220000000000255, 1, 2864.5349999999998545, 0, 2853.4220000000000255, 1, 2864.5349999999998545, 98.299880296825321579, 2853.4220000000000255, 1
2864.5859999999997854, 97.807662990988831098, 2853.4259999999999309, 1, 2864.5859999999997854, 0, 2853.4259999999999309, 1, 2864.5859999999997854, 0, 2853.4259999999999309, 1, 2864.5859999999997854, 108.67115673877492554, 2853.4259999999999309, 1
2864.6340000000000146, 93.560732825032260962, 2853.431999999999789, 1, 2864.6340000000000146, 0, 2853.431999999999789, 1, 2864.6340000000000146, 0, 2853.431999999999789, 1, 2864.6340000000000146, 116.92708488340602457, 2853.431999999999789, 1
2864.6840000000001965, 31.824659944831928726, 2853.4369999999998981, 1, 2864.6840000000001965, 75.375095271263035102, 2853.4369999999998981, 1, 2864.6840000000001965, 98.806007049800768982, 2853.4369999999998981, 1, 2864.6840000000001965, 42.648728284161187219, 2853.4369999999998981, 1
2864.7359999999998763, 45.148334784942065312, 2853.4409999999998035, 1, 2864.7359999999998763, 54.320300195402651866, 2853.4409999999998035, 1, 2864.7359999999998763, 32.219358929657971657, 2853.4409999999998035, 1, 2864.7359999999998763, 41.327547824429430534, 2853.4409999999998035, 1
2864.8350000000000364, 0, 2853.4459999999999127, 1, 2864.8350000000000364, 116.42781802620385179, 2853.4459999999999127, 0, 2864.8350000000000364, 69.17125219968215788, 2853.4459999999999127, 0, 2864.8350000000000364, 0, 2853.4459999999999127, 1
2864.8840000000000146, 0, 2853.4510000000000218, 1, 2864.8840000000000146, 130.65381569419324137, 2853.4510000000000218, 0, 2864.8840000000000146, 67.001930605161334142, 2853.4510000000000218, 0, 2864.8840000000000146, 0, 2853.4510000000000218, 1
2864.8840000000000146, 0, 2853.456000000000131, 1, 2864.8840000000000146, 117.50932008163172782, 2853.456000000000131, 0, 2864.8840000000000146, 85.307136761094227495, 2853.456000000000131, 0, 2864.8840000000000146, 0, 2853.456000000000131, 1
2864.9349999999999454, 0, 2853.4619999999999891, 1, 2864.9349999999999454, 105.24598051285452982, 2853.4619999999999891, 0, 2864.9349999999999454, 96.718394588167058146, 2853.4619999999999891, 0, 2864.9349999999999454, 0, 2853.4619999999999891, 1
2864.9850000000001273, 265.70611789347162812, 2853.4659999999998945, 1, 2864.9850000000001273, 40.281902910169335996, 2853.4659999999998945, 0, 2864.9850000000001273, 76.83797010117810089, 2853.4659999999998945, 0, 2864.9850000000001273, 0, 2853.4659999999998945, 1
2865.0839999999998327, 55.745447874896903784, 2853.4710000000000036, 1, 2865.0839999999998327, 0, 2853.4710000000000036, 0, 2865.0839999999998327, 30.729267018459665906, 2853.4710000000000036, 0, 2865.0839999999998327, 25.911742097794153494, 2853.4710000000000036, 1
2865.1350000000002183, 59.714040578918556434, 2853.4760000000001128, 1, 2865.1350000000002183, 97.781245251226579285, 2853.4760000000001128, 0, 2865.1350000000002183, 84.564469640864672328, 2853.4760000000001128, 0, 2865.1350000000002183, 57.704078455885230881, 2853.4760000000001128, 1
2865.1840000000001965, 107.82939206636709173, 2853.4839999999999236, 1, 2865.1840000000001965, 0, 2853.4839999999999236, 0, 2865.1840000000001965, 0, 2853.4839999999999236, 0, 2865.1840000000001965, 82.827113870875706425, 2853.4839999999999236, 1
2865.1849999999999454, 108.48026306990175271, 2853.4859999999998763, 1, 2865.1849999999999454, 0, 2853.4859999999998763, 0, 2865.1849999999999454, 0, 2853.4859999999998763, 0, 2865.1849999999999454, 99.253225568431034276, 2853.4859999999998763, 1
2865.2849999999998545, 99.900878464927018285, 2853.4909999999999854, 1, 2865.2849999999998545, 0, 2853.4909999999999854, 0, 2865.2849999999998545, 0, 2853.4909999999999854, 0, 2865.2849999999998545, 104.62332511902467047, 2853.4909999999999854, 1
2865.2849999999998545, 106.28564431518532274, 2853.4960000000000946, 1, 2865.2849999999998545, 0, 2853.4960000000000946, 0, 2865.2849999999998545, 0, 2853.4960000000000946, 0, 2865.2849999999998545, 99.76886179424352008, 2853.4960000000000946, 1
2865.3350000000000364, 58.963433903558922111, 2853.5010000000002037, 1, 2865.3350000000000364, 127.86127102842539216, 2853.5010000000002037, 0, 2865.3350000000000364, 92.305032855152518323, 2853.5010000000002037, 0, 2865.3350000000000364, 35.877644044262794409, 2853.5010000000002037, 1
2865.3850000000002183, 49.827091421099957813, 2853.5059999999998581, 1, 2865.3850000000002183, 58.55040839280286491, 2853.5059999999998581, 0, 2865.3850000000002183, 29.764237594282921151, 2853.5059999999998581, 0, 2865.3850000000002183, 35.228135902444563499, 2853.5059999999998581, 1
2865.4859999999998763, 0, 2853.5109999999999673, 1, 2865.4859999999998763, 122.37044947986098009, 2853.5109999999999673, 0, 2865.4859999999998763, 78.926231409460839927, 2853.5109999999999673, 0, 2865.4859999999998763, 0, 2853.5109999999999673, 1
2865.5349999999998545, 0, 2853.5169999999998254, 1, 2865.5349999999998545, 124.9155907974812294, 2853.5169999999998254, 0, 2865.5349999999998545, 76.351309384880153175, 2853.5169999999998254, 0, 2865.5349999999998545, 0, 2853.5169999999998254, 1
2865.5839999999998327, 0, 2853.5210000000001855, 1, 2865.5839999999998327, 129.57775089709500094, 2853.5210000000001855, 0, 2865.5839999999998327, 75.101313905386547276, 2853.5210000000001855, 0, 2865.5839999999998327, 0, 2853.5210000000001855, 1
2865.5850000000000364, 0, 2853.5259999999998399, 1, 2865.5850000000000364, 133.74805226237296552, 2853.5259999999998399, 0, 2865.5850000000000364, 64.217643320883865954, 2853.5259999999998399, 0, 2865.5850000000000364, 0, 2853.5259999999998399, 1
2865.6350000000002183, 341.78678221727841446, 2853.5320000000001528, 1, 2865.6350000000002183, 71.969439832507362098, 2853.5320000000001528, 0, 2865.6350000000002183, 41.743468899928551252, 2853.5320000000001528, 0, 2865.6350000000002183, 0, 2853.5320000000001528, 1
2865.7350000000001273, 39.821602539918330876, 2853.5360000000000582, 1, 2865.7350000000001273, 0, 2853.5360000000000582, 0, 2865.7350000000001273, 42.234022294707742162, 2853.5360000000000582, 0, 2865.7350000000001273, 0, 2853.5360000000000582, 1
2865.7350000000001273, 125.96697485007581463, 2853.5419999999999163, 1, 2865.7350000000001273, 87.82721927851744681, 2853.5419999999999163, 0, 2865.7350000000001273, 40.943183863008925982, 2853.5419999999999163, 0, 2865.7350000000001273, 29.585275943182637093, 2853.5419999999999163, 1
2865.8350000000000364, 84.465710905144618437, 2853.5459999999998217, 1, 2865.8350000000000364, 69.804795069172939748, 2853.5459999999998217, 0, 2865.8350000000000364, 32.075435323944198274, 2853.5459999999998217, 0, 2865.8350000000000364, 29.7726554101455676, 2853.5459999999998217, 1
2865.8840000000000146, 59.592650128480372018, 2853.5509999999999309, 1, 2865.8840000000000146, 67.874094148651977321, 2853.5509999999999309, 0, 2865.8840000000000146, 29.576581414652707736, 2853.5509999999999309, 0, 2865.8840000000000146, 45.180197476973944504, 2853.5509999999999309, 1
2865.8840000000000146, 49.854126280329580823, 2853.556999999999789, 1, 2865.8840000000000146, 67.099962792650387655, 2853.556999999999789, 0, 2865.8840000000000146, 32.11864431729242142, 2853.556999999999789, 0, 2865.8840000000000146, 53.887345304605389629, 2853.556999999999789, 1
2865.9349999999999454, 47.73050678409089187, 2853.5610000000001492, 1, 2865.9349999999999454, 64.121139808625926548, 2853.5610000000001492, 0, 2865.9349999999999454, 35.569999514216817715, 2853.5610000000001492, 0, 2865.9349999999999454, 56.138275251806376787, 2853.5610000000001492, 1
2865.9850000000001273, 50.188092996016095526, 2853.5670000000000073, 1, 2865.9850000000001273, 60.728525129949161965, 2853.5670000000000073, 0, 2865.9850000000001273, 38.588107151161210595, 2853.5670000000000073, 0, 2865.9850000000001273, 54.242534429615858471, 2853.5670000000000073, 1
2866.0340000000001055, 54.592876089030781372, 2853.5709999999999127, 1, 2866.0340000000001055, 58.046986996001891157, 2853.5709999999999127, 1, 2866.0340000000001055, 40.555351811586383803, 2853.5709999999999127, 1, 2866.0340000000001055, 50.587484218051272933, 2853.5709999999999127, 1
2866.0859999999997854, 59.381614147076540178, 2853.5760000000000218, 1, 2866.0859999999997854, 57.105371769941413618, 2853.5760000000000218, 1, 2866.0859999999997854, 41.505958709777047488, 2853.5760000000000218, 1, 2866.0859999999997854, 47.020466449385658336, 2853.5760000000000218, 1
2866.1350000000002183, 62.320210737569652792, 2853.581000000000131, 1, 2866.1350000000002183, 55.719591415451887428, 2853.581000000000131, 1, 2866.1350000000002183, 41.718856785950642063, 2853.581000000000131, 1, 2866.1350000000002183, 43.91130378267931178, 2853.581000000000131, 1
2866.2350000000001273, 64.575878631246354189, 2853.5869999999999891, 1, 2866.2350000000001273, 56.308332124181063705, 2853.5869999999999891, 1, 2866.2350000000001273, 41.452636414344553373, 2853.5869999999999891, 1, 2866.2350000000001273, 42.354676855183328144, 2853.5869999999999891, 1
2866.2350000000001273, 65.225414650157048868, 2853.5909999999998945, 1, 2866.2350000000001273, 56.690011965863327248, 2853.5909999999998945, 1, 2866.2350000000001273, 41.006664353072928009, 2853.5909999999998945, 1, 2866.2350000000001273, 41.726385477921056122, 2853.5909999999998945, 1
2866.3339999999998327, 65.04467429575049664, 2853.5960000000000036, 1, 2866.3339999999998327, 57.166260381965713577, 2853.5960000000000036, 1, 2866.3339999999998327, 40.601400126610030838, 2853.5960000000000036, 1, 2866.3339999999998327, 41.858806444134074809, 2853.5960000000000036, 1
2866.3339999999998327, 64.452920512355916571, 2853.6010000000001128, 1, 2866.3339999999998327, 57.581046994177356169, 2853.6010000000001128, 1, 2866.3339999999998327, 40.300417850815094312, 2853.6010000000001128, 1, 2866.3339999999998327, 42.355713164545562677, 2853.6010000000001128, 1
2866.4349999999999454, 63.4413489870261742, 2853.6060000000002219, 1, 2866.4349999999999454, 57.33167946032644835, 2853.6060000000002219, 1, 2866.4349999999999454, 40.119586551295405741, 2853.6060000000002219, 1, 2866.4349999999999454, 42.787235819061720576, 2853.6060000000002219, 1
2866.4859999999998763, 62.89803865670373284, 2853.6109999999998763, 1, 2866.4859999999998763, 57.457055480125831082, 2853.6109999999998763, 1, 2866.4859999999998763, 40.072686957824700471, 2853.6109999999998763, 1, 2866.4859999999998763, 43.270958646793033608, 2853.6109999999998763, 1
2866.5349999999998545, 62.556900218074204645, 2853.6159999999999854, 1, 2866.5349999999998545, 57.472354456400793765, 2853.6159999999999854, 1, 2866.5349999999998545, 40.10137684844528394, 2853.6159999999999854, 1, 2866.5349999999998545, 43.579292594944732286, 2853.6159999999999854, 1
2866.5349999999998545, 62.41060691688878137, 2853.6210000000000946, 1, 2866.5349999999998545, 57.425786621721357506, 2853.6210000000000946, 1, 2866.5349999999998545, 40.16192058884129068, 2853.6210000000000946, 1, 2866.5349999999998545, 43.713654600828206753, 2853.6210000000000946, 1
2866.5850000000000364, 62.406853177874097582, 2853.6260000000002037, 1, 2866.5850000000000364, 57.357840669645682397, 2853.6260000000002037, 1, 2866.5850000000000364, 40.223621288342712887, 2853.6260000000002037, 1, 2866.5850000000000364, 43.722133723147436513, 2853.6260000000002037, 1
2866.6350000000002183, 62.831969978147469647, 2853.6320000000000618, 1, 2866.6350000000002183, 57.854748868737054579, 2853.6320000000000618, 1, 2866.6350000000002183, 40.284329966264976974, 2853.6320000000000618, 1, 2866.6350000000002183, 43.804728046195478441, 2853.6320000000000618, 1
2866.7350000000001273, 62.581237720232550714, 2853.6359999999999673, 1, 2866.7350000000001273, 57.254604727771656769, 2853.6359999999999673, 1, 2866.7350000000001273, 40.29605363212961322, 2853.6359999999999673, 1, 2866.7350000000001273, 43.574377114245741893, 2853.6359999999999673, 1
2866.7350000000001273, 62.669432070557178349, 2853.6419999999998254, 1, 2866.7350000000001273, 57.232683710731151905, 2853.6419999999998254, 1, 2866.7350000000001273, 40.30504927458650144, 2853.6419999999998254, 1, 2866.7350000000001273, 43.498110144770635088, 2853.6419999999998254, 1
2866.7849999999998545, 62.729730053550312618, 2853.6460000000001855, 0, 2866.7849999999998545, 57.227453215875272008, 2853.6460000000001855, 1, 2866.7849999999998545, 40.302340907230515654, 2853.6460000000001855, 1, 2866.7849999999998545, 43.444806238044428426, 2853.6460000000001855, 0
2866.8350000000000364, 62.75993682943061458, 2853.6509999999998399, 0, 2866.8350000000000364, 57.232321973450339669, 2853.6509999999998399, 1, 2866.8350000000000364, 40.294065073610482841, 2853.6509999999998399, 1, 2866.8350000000000364, 43.417408737107663796, 2853.6509999999998399, 0
2866.8850000000002183, 62.766303928598482287, 2853.6570000000001528, 0, 2866.8850000000002183, 57.241313309829976674, 2853.6570000000001528, 1, 2866.8850000000002183, 40.28511455473845615, 2853.6570000000001528, 1, 2866.8850000000002183, 43.411445790017936019, 2853.6570000000001528, 0
2866.9839999999999236, 62.758144260713088158, 2853.6610000000000582, 0, 2866.9839999999999236, 57.25036290926881577, 2853.6610000000000582, 1, 2866.9839999999999236, 40.277986635082285716, 2853.6610000000000582, 1, 2866.9839999999999236, 43.418441150596088107, 2853.6610000000000582, 0
2867.0340000000001055, 63.093204095675204712, 2853.6660000000001673, 0, 2867.0340000000001055, 57.807651118193746242, 2853.6660000000001673, 1, 2867.0340000000001055, 40.288915571210999644, 2853.6660000000001673, 1, 2867.0340000000001055, 43.572961769913547414, 2853.6660000000001673, 0
2867.0349999999998545, 63.079530283577788907, 2853.6709999999998217, 0, 2867.0349999999998545, 57.811725581455455369, 2853.6709999999998217, 1, 2867.0349999999998545, 40.287110969683276096, 2853.6709999999998217, 1, 2867.0349999999998545, 43.585281342849313546, 2853.6709999999998217, 0
2867.0859999999997854, 63.069244674562966679, 2853.6759999999999309, 0, 2867.0859999999997854, 57.813248381621988869, 2853.6759999999999309, 1, 2867.0859999999997854, 40.287079886751193669, 2853.6759999999999309, 1, 2867.0859999999997854, 43.594492758629229456, 2853.6759999999999309, 0
2867.1849999999999454, 62.714874607746168067, 2853.68100000000004, 0, 2867.1849999999999454, 57.262170990633201484, 2853.68100000000004, 1, 2867.1849999999999454, 40.272753730605174383, 2853.68100000000004, 1, 2867.1849999999999454, 43.457351773177641974, 2853.68100000000004, 0
2867.1849999999999454, 62.71323226036538756, 2853.6860000000001492, 0, 2867.1849999999999454, 57.261115629921988557, 2853.6860000000001492, 1, 2867.1849999999999454, 40.27394631889228549, 2853.6860000000001492, 1, 2867.1849999999999454, 43.459149938536029367, 2853.6860000000001492, 0
2867.2849999999998545, 62.714171809383230993, 2853.6909999999998035, 0, 2867.2849999999998545, 57.259933579038388984, 2853.6909999999998035, 1, 2867.2849999999998545, 40.274940854323347139, 2853.6909999999998035, 1, 2867.2849999999998545, 43.458636295032093244, 2853.6909999999998035, 0
2867.3350000000000364, 62.716339348124179764, 2853.6979999999998654, 0, 2867.3350000000000364, 57.259027950381963024, 2853.6979999999998654, 1, 2867.3350000000000364, 40.275538865370222652, 2853.6979999999998654, 1, 2867.3350000000000364, 43.457000621064821644, 2853.6979999999998654, 0
2867.3350000000000364, 62.718691251229913064, 2853.7020000000002256, 0, 2867.3350000000000364, 57.258506545546467237, 2853.7020000000002256, 1, 2867.3350000000000364, 40.275757903131676585, 2853.7020000000002256, 1, 2867.3350000000000364, 43.455175544344200489, 2853.7020000000002256, 0
2867.3850000000002183, 62.720611772439696097, 2853.7069999999998799, 0, 2867.3850000000002183, 57.258349999424510202, 2853.7069999999998799, 1, 2867.3850000000002183, 40.275700209796539752, 2853.7069999999998799, 1, 2867.3850000000002183, 43.453723957128389088, 2853.7069999999998799, 0
2867.4850000000001273, 62.721871317587172712, 2853.7109999999997854, 0, 2867.4850000000001273, 57.258454113930426388, 2853.7109999999997854, 1, 2867.4850000000001273, 40.275490291541871102, 2853.7109999999997854, 1, 2867.4850000000001273, 43.452831728602660633, 2853.7109999999997854, 0
2867.5349999999998545, 63.070167486264679724, 2853.7159999999998945, 0, 2867.5349999999998545, 57.808891905859475457, 2853.7159999999998945, 1, 2867.5349999999998545, 40.290313002661136466, 2853.7159999999998945, 1, 2867.5349999999998545, 43.59461009795124653, 2853.7159999999998945, 0
2867.5349999999998545, 63.070306158334062729, 2853.7199999999997999, 0, 2867.5349999999998545, 57.809148719466136868, 2853.7199999999997999, 1, 2867.5349999999998545, 40.290073692123705484, 2853.7199999999997999, 1, 2867.5349999999998545, 43.594653828647537352, 2853.7199999999997999, 0
2867.6340000000000146, 63.070061745952273213, 2853.7260000000001128, 0, 2867.6340000000000146, 57.809274395909568511, 2853.7260000000001128, 1, 2867.6340000000000146, 40.289867956770621049, 2853.7260000000001128, 1, 2867.6340000000000146, 43.594882441846607435, 2853.7260000000001128, 0
2867.6849999999999454, 62.722524280181261247, 2853.7310000000002219, 0, 2867.6849999999999454, 57.25944954600870318, 2853.7310000000002219, 1, 2867.6849999999999454, 40.274663998085991068, 2853.7310000000002219, 1, 2867.6849999999999454, 43.453149908254012246, 2853.7310000000002219, 0
2867.7350000000001273, 63.069523742588373239, 2853.7359999999998763, 0, 2867.7350000000001273, 57.80943086310146839, 2853.7359999999998763, 1, 2867.7350000000001273, 40.289605887345366853, 2853.7359999999998763, 1, 2867.7350000000001273, 43.59545473724315201, 2853.7359999999998763, 0
2867.7849999999998545, 62.722457423521163378, 2853.7409999999999854, 0, 2867.7849999999998545, 57.259725143760555, 2853.7409999999999854, 1, 2867.7849999999998545, 40.274507587621627636, 2853.7409999999999854, 1, 2867.7849999999998545, 43.453672121970939202, 2853.7409999999999854, 0
2867.7849999999998545, 62.722567954281110758, 2853.7460000000000946, 0, 2867.7849999999998545, 57.25981542783583933, 2853.7460000000000946, 1, 2867.7849999999998545, 40.27445266384347633, 2853.7460000000000946, 1, 2867.7849999999998545, 43.453807211555030676, 2853.7460000000000946, 0
, , 2853.7510000000002037, 0, , , 2853.7510000000002037, 1, , , 2853.7510000000002037, 1, , , 2853.7510000000002037, 0
, , 2853.7559999999998581, 0, , , 2853.7559999999998581, 1, , , 2853.7559999999998581, 1, , , 2853.7559999999998581, 0
, , 2853.762000000000171, 0, , , 2853.762000000000171, 1, , , 2853.762000000000171, 1, , , 2853.762000000000171, 0
, , 2853.7660000000000764, 0, , , 2853.7660000000000764, 1, , , 2853.7660000000000764, 1, , , 2853.7660000000000764, 0
, , 2853.7710000000001855, 0, , , 2853.7710000000001855, 1, , , 2853.7710000000001855, 1, , , 2853.7710000000001855, 0
, , 2853.7770000000000437, 0, , , 2853.7770000000000437, 1, , , 2853.7770000000000437, 1, , , 2853.7770000000000437, 0
, , 2853.7809999999999491, 0, , , 2853.7809999999999491, 1, , , 2853.7809999999999491, 1, , , 2853.7809999999999491, 0
, , 2853.7869999999998072, 0, , , 2853.7869999999998072, 1, , , 2853.7869999999998072, 1, , , 2853.7869999999998072, 0
, , 2853.7910000000001673, 0, , , 2853.7910000000001673, 1, , , 2853.7910000000001673, 1, , , 2853.7910000000001673, 0
, , 2853.7959999999998217, 0, , , 2853.7959999999998217, 1, , , 2853.7959999999998217, 1, , , 2853.7959999999998217, 0
, , 2853.8009999999999309, 0, , , 2853.8009999999999309, 1, , , 2853.8009999999999309, 1, , , 2853.8009999999999309, 0
, , 2853.80600000000004, 0, , , 2853.80600000000004, 1, , , 2853.80600000000004, 1, , , 2853.80600000000004, 0
, , 2853.8110000000001492, 0, , , 2853.8110000000001492, 1, , , 2853.8110000000001492, 1, , , 2853.8110000000001492, 0
, , 2853.8159999999998035, 0, , , 2853.8159999999998035, 1, , , 2853.8159999999998035, 1, , , 2853.8159999999998035, 0
, , 2853.8209999999999127, 0, , , 2853.8209999999999127, 1, , , 2853.8209999999999127, 1, , , 2853.8209999999999127, 0
, , 2853.8260000000000218, 0, , , 2853.8260000000000218, 1, , , 2853.8260000000000218, 1, , , 2853.8260000000000218, 0
, , 2853.831000000000131, 0, , , 2853.831000000000131, 1, , , 2853.831000000000131, 1, , , 2853.831000000000131, 0
, , 2853.8359999999997854, 0, , , 2853.8359999999997854, 1, , , 2853.8359999999997854, 1, , , 2853.8359999999997854, 0
, , 2853.8409999999998945, 0, , , 2853.8409999999998945, 1, , , 2853.8409999999998945, 1, , , 2853.8409999999998945, 0
, , 2853.8460000000000036, 0, , , 2853.8460000000000036, 1, , , 2853.8460000000000036, 1, , , 2853.8460000000000036, 0
, , 2853.8519999999998618, 0, , , 2853.8519999999998618, 1, , , 2853.8519999999998618, 1, , , 2853.8519999999998618, 0
, , 2853.8560000000002219, 0, , , 2853.8560000000002219, 1, , , 2853.8560000000002219, 1, , , 2853.8560000000002219, 0
, , 2853.8609999999998763, 0, , , 2853.8609999999998763, 1, , , 2853.8609999999998763, 1, , , 2853.8609999999998763, 0
, , 2853.8659999999999854, 0, , , 2853.8659999999999854, 1, , , 2853.8659999999999854, 1, , , 2853.8659999999999854, 0
, , 2853.8710000000000946, 0, , , 2853.8710000000000946, 1, , , 2853.8710000000000946, 1, , , 2853.8710000000000946, 0
, , 2853.8769999999999527, 0, , , 2853.8769999999999527, 1, , , 2853.8769999999999527, 1, , , 2853.8769999999999527, 0
, , 2853.8820000000000618, 0, , , 2853.8820000000000618, 1, , , 2853.8820000000000618, 1, , , 2853.8820000000000618, 0
, , 2853.8859999999999673, 0, , , 2853.8859999999999673, 1, , , 2853.8859999999999673, 1, , , 2853.8859999999999673, 0
, , 2853.8910000000000764, 0, , , 2853.8910000000000764, 1, , , 2853.8910000000000764, 1, , , 2853.8910000000000764, 0
, , 2853.8969999999999345, 0, , , 2853.8969999999999345, 1, , , 2853.8969999999999345, 1, , , 2853.8969999999999345, 0
, , 2853.9009999999998399, 1, , , 2853.9009999999998399, 1, , , 2853.9009999999998399, 1, , , 2853.9009999999998399, 1
, , 2853.9059999999999491, 1, , , 2853.9059999999999491, 1, , , 2853.9059999999999491, 1, , , 2853.9059999999999491, 1
, , 2853.9130000000000109, 1, , , 2853.9130000000000109, 1, , , 2853.9130000000000109, 1, , , 2853.9130000000000109, 1
, , 2853.9160000000001673, 1, , , 2853.9160000000001673, 1, , , 2853.9160000000001673, 1, , , 2853.9160000000001673, 1
, , 2853.9220000000000255, 1, , , 2853.9220000000000255, 1, , , 2853.9220000000000255, 1, , , 2853.9220000000000255, 1
, , 2853.9250000000001819, 1, , , 2853.9250000000001819, 1, , , 2853.9250000000001819, 1, , , 2853.9250000000001819, 1
, , 2853.9329999999999927, 1, , , 2853.9329999999999927, 1, , , 2853.9329999999999927, 1, , , 2853.9329999999999927, 1
, , 2853.9380000000001019, 1, , , 2853.9380000000001019, 1, , , 2853.9380000000001019, 1, , , 2853.9380000000001019, 1
, , 2853.9409999999998035, 1, , , 2853.9409999999998035, 1, , , 2853.9409999999998035, 1, , , 2853.9409999999998035, 1
, , 2853.9459999999999127, 1, , , 2853.9459999999999127, 1, , , 2853.9459999999999127, 1, , , 2853.9459999999999127, 1
, , 2853.9520000000002256, 1, , , 2853.9520000000002256, 1, , , 2853.9520000000002256, 1, , , 2853.9520000000002256, 1
, , 2853.956000000000131, 1, , , 2853.956000000000131, 1, , , 2853.956000000000131, 1, , , 2853.956000000000131, 1
, , 2853.9609999999997854, 1, , , 2853.9609999999997854, 1, , , 2853.9609999999997854, 1, , , 2853.9609999999997854, 1
, , 2853.9670000000000982, 1, , , 2853.9670000000000982, 1, , , 2853.9670000000000982, 1, , , 2853.9670000000000982, 1
, , 2853.9710000000000036, 1, , , 2853.9710000000000036, 1, , , 2853.9710000000000036, 1, , , 2853.9710000000000036, 1
, , 2853.9769999999998618, 1, , , 2853.9769999999998618, 0, , , 2853.9769999999998618, 0, , , 2853.9769999999998618, 1
, , 2853.9810000000002219, 1, , , 2853.9810000000002219, 0, , , 2853.9810000000002219, 0, , , 2853.9810000000002219, 1
, , 2853.9859999999998763, 1, , , 2853.9859999999998763, 0, , , 2853.9859999999998763, 0, , , 2853.9859999999998763, 1
, , 2853.9909999999999854, 1, , , 2853.9909999999999854, 0, , , 2853.9909999999999854, 0, , , 2853.9909999999999854, 1
, , 2853.9960000000000946, 1, , , 2853.9960000000000946, 0, , , 2853.9960000000000946, 0, , , 2853.9960000000000946, 1
, , 2854.0010000000002037, 1, , , 2854.0010000000002037, 0, , , 2854.0010000000002037, 0, , , 2854.0010000000002037, 1
, , 2854.0059999999998581, 1, , , 2854.0059999999998581, 0, , , 2854.0059999999998581, 0, , , 2854.0059999999998581, 1
, , 2854.0140000000001237, 1, , , 2854.0140000000001237, 0, , , 2854.0140000000001237, 0, , , 2854.0140000000001237, 1
, , 2854.0160000000000764, 1, , , 2854.0160000000000764, 0, , , 2854.0160000000000764, 0, , , 2854.0160000000000764, 1
, , 2854.0210000000001855, 1, , , 2854.0210000000001855, 0, , , 2854.0210000000001855, 0, , , 2854.0210000000001855, 1
, , 2854.0259999999998399, 1, , , 2854.0259999999998399, 0, , , 2854.0259999999998399, 0, , , 2854.0259999999998399, 1
, , 2854.0309999999999491, 1, , , 2854.0309999999999491, 0, , , 2854.0309999999999491, 0, , , 2854.0309999999999491, 1
, , 2854.0349999999998545, 1, , , 2854.0349999999998545, 0, , , 2854.0349999999998545, 0, , , 2854.0349999999998545, 1
, , 2854.0410000000001673, 1, , , 2854.0410000000001673, 0, , , 2854.0410000000001673, 0, , , 2854.0410000000001673, 1
, , 2854.0459999999998217, 1, , , 2854.0459999999998217, 0, , , 2854.0459999999998217, 0, , , 2854.0459999999998217, 1
, , 2854.0509999999999309, 1, , , 2854.0509999999999309, 0, , , 2854.0509999999999309, 0, , , 2854.0509999999999309, 1
, , 2854.0579999999999927, 1, , , 2854.0579999999999927, 0, , , 2854.0579999999999927, 0, , , 2854.0579999999999927, 1
, , 2854.0610000000001492, 1, , , 2854.0610000000001492, 0, , , 2854.0610000000001492, 0, , , 2854.0610000000001492, 1
, , 2854.0639999999998508, 1, , , 2854.0639999999998508, 0, , , 2854.0639999999998508, 0, , , 2854.0639999999998508, 1
, , 2854.0709999999999127, 1, , , 2854.0709999999999127, 0, , , 2854.0709999999999127, 0, , , 2854.0709999999999127, 1
, , 2854.0760000000000218, 1, , , 2854.0760000000000218, 0, , , 2854.0760000000000218, 0, , , 2854.0760000000000218, 1
, , 2854.0819999999998799, 1, , , 2854.0819999999998799, 0, , , 2854.0819999999998799, 0, , , 2854.0819999999998799, 1
, , 2854.0859999999997854, 1, , , 2854.0859999999997854, 0, , , 2854.0859999999997854, 0, , , 2854.0859999999997854, 1
, , 2854.0920000000000982, 1, , , 2854.0920000000000982, 0, , , 2854.0920000000000982, 0, , , 2854.0920000000000982, 1
, , 2854.0960000000000036, 1, , , 2854.0960000000000036, 0, , , 2854.0960000000000036, 0, , , 2854.0960000000000036, 1
, , 2854.1010000000001128, 1, , , 2854.1010000000001128, 0, , , 2854.1010000000001128, 0, , , 2854.1010000000001128, 1
, , 2854.1060000000002219, 1, , , 2854.1060000000002219, 0, , , 2854.1060000000002219, 0, , , 2854.1060000000002219, 1
, , 2854.1109999999998763, 1, , , 2854.1109999999998763, 0, , , 2854.1109999999998763, 0, , , 2854.1109999999998763, 1
, , 2854.1159999999999854, 1, , , 2854.1159999999999854, 0, , , 2854.1159999999999854, 0, , , 2854.1159999999999854, 1
, , 2854.1210000000000946, 1, , , 2854.1210000000000946, 0, , , 2854.1210000000000946, 0, , , 2854.1210000000000946, 1
, , 2854.1260000000002037, 1, , , 2854.1260000000002037, 0, , , 2854.1260000000002037, 0, , , 2854.1260000000002037, 1
, , 2854.1309999999998581, 1, , , 2854.1309999999998581, 0, , , 2854.1309999999998581, 0, , , 2854.1309999999998581, 1
, , 2854.1359999999999673, 1, , , 2854.1359999999999673, 0, , , 2854.1359999999999673, 0, , , 2854.1359999999999673, 1
, , 2854.1419999999998254, 1, , , 2854.1419999999998254, 0, , , 2854.1419999999998254, 0, , , 2854.1419999999998254, 1
, , 2854.1460000000001855, 1, , , 2854.1460000000001855, 0, , , 2854.1460000000001855, 0, , , 2854.1460000000001855, 1
, , 2854.1509999999998399, 1, , , 2854.1509999999998399, 0, , , 2854.1509999999998399, 0, , , 2854.1509999999998399, 1
, , 2854.1559999999999491, 1, , , 2854.1559999999999491, 0, , , 2854.1559999999999491, 0, , , 2854.1559999999999491, 1
, , 2854.1610000000000582, 1, , , 2854.1610000000000582, 0, , , 2854.1610000000000582, 0, , , 2854.1610000000000582, 1
, , 2854.1680000000001201, 1, , , 2854.1680000000001201, 0, , , 2854.1680000000001201, 0, , , 2854.1680000000001201, 1
, , 2854.1709999999998217, 1, , , 2854.1709999999998217, 0, , , 2854.1709999999998217, 0, , , 2854.1709999999998217, 1
, , 2854.1759999999999309, 1, , , 2854.1759999999999309, 0, , , 2854.1759999999999309, 0, , , 2854.1759999999999309, 1
, , 2854.18100000000004, 1, , , 2854.18100000000004, 0, , , 2854.18100000000004, 0, , , 2854.18100000000004, 1
, , 2854.1860000000001492, 1, , , 2854.1860000000001492, 0, , , 2854.1860000000001492, 0, , , 2854.1860000000001492, 1
, , 2854.1909999999998035, 1, , , 2854.1909999999998035, 0, , , 2854.1909999999998035, 0, , , 2854.1909999999998035, 1
, , 2854.1959999999999127, 1, , , 2854.1959999999999127, 0, , , 2854.1959999999999127, 0, , , 2854.1959999999999127, 1
, , 2854.2020000000002256, 1, , , 2854.2020000000002256, 0, , , 2854.2020000000002256, 0, , , 2854.2020000000002256, 1
, , 2854.206000000000131, 1, , , 2854.206000000000131, 0, , , 2854.206000000000131, 0, , , 2854.206000000000131, 1
, , 2854.2109999999997854, 1, , , 2854.2109999999997854, 0, , , 2854.2109999999997854, 0, , , 2854.2109999999997854, 1
, , 2854.2179999999998472, 1, , , 2854.2179999999998472, 0, , , 2854.2179999999998472, 0, , , 2854.2179999999998472, 1
, , 2854.2210000000000036, 1, , , 2854.2210000000000036, 0, , , 2854.2210000000000036, 0, , , 2854.2210000000000036, 1
, , 2854.2260000000001128, 1, , , 2854.2260000000001128, 1, , , 2854.2260000000001128, 1, , , 2854.2260000000001128, 1
, , 2854.2319999999999709, 1, , , 2854.2319999999999709, 1, , , 2854.2319999999999709, 1, , , 2854.2319999999999709, 1
, , 2854.2359999999998763, 1, , , 2854.2359999999998763, 1, , , 2854.2359999999998763, 1, , , 2854.2359999999998763, 1
, , 2854.2409999999999854, 1, , , 2854.2409999999999854, 1, , , 2854.2409999999999854, 1, , , 2854.2409999999999854, 1
, , 2854.2469999999998436, 1, , , 2854.2469999999998436, 1, , , 2854.2469999999998436, 1, , , 2854.2469999999998436, 1
, , 2854.25, 1, , , 2854.25, 1, , , 2854.25, 1, , , 2854.25, 1
, , 2854.2559999999998581, 1, , , 2854.2559999999998581, 1, , , 2854.2559999999998581, 1, , , 2854.2559999999998581, 1
, , 2854.2609999999999673, 1, , , 2854.2609999999999673, 1, , , 2854.2609999999999673, 1, , , 2854.2609999999999673, 1
, , 2854.2660000000000764, 1, , , 2854.2660000000000764, 1, , , 2854.2660000000000764, 1, , , 2854.2660000000000764, 1
, , 2854.2710000000001855, 1, , , 2854.2710000000001855, 1, , , 2854.2710000000001855, 1, , , 2854.2710000000001855, 1
, , 2854.2759999999998399, 1, , , 2854.2759999999998399, 1, , , 2854.2759999999998399, 1, , , 2854.2759999999998399, 1
, , 2854.2820000000001528, 1, , , 2854.2820000000001528, 1, , , 2854.2820000000001528, 1, , , 2854.2820000000001528, 1
, , 2854.2860000000000582, 1, , , 2854.2860000000000582, 1, , , 2854.2860000000000582, 1, , , 2854.2860000000000582, 1
, , 2854.2930000000001201, 1, , , 2854.2930000000001201, 1, , , 2854.2930000000001201, 1, , , 2854.2930000000001201, 1
, , 2854.2959999999998217, 1, , , 2854.2959999999998217, 1, , , 2854.2959999999998217, 1, , , 2854.2959999999998217, 1
, , 2854.3009999999999309, 0, , , 2854.3009999999999309, 1, , , 2854.3009999999999309, 1, , , 2854.3009999999999309, 0
, , 2854.30600000000004, 0, , , 2854.30600000000004, 1, , , 2854.30600000000004, 1, , , 2854.30600000000004, 0
, , 2854.3110000000001492, 0, , , 2854.3110000000001492, 1, , , 2854.3110000000001492, 1, , , 2854.3110000000001492, 0
, , 2854.3159999999998035, 0, , , 2854.3159999999998035, 1, , , 2854.3159999999998035, 1, , , 2854.3159999999998035, 0
, , 2854.3209999999999127, 0, , , 2854.3209999999999127, 1, , , 2854.3209999999999127, 1, , , 2854.3209999999999127, 0
, , 2854.3260000000000218, 0, , , 2854.3260000000000218, 1, , , 2854.3260000000000218, 1, , , 2854.3260000000000218, 0
, , 2854.3330000000000837, 0, , , 2854.3330000000000837, 1, , , 2854.3330000000000837, 1, , , 2854.3330000000000837, 0
, , 2854.3359999999997854, 0, , , 2854.3359999999997854, 1, , , 2854.3359999999997854, 1, , , 2854.3359999999997854, 0
, , 2854.3409999999998945, 0, , , 2854.3409999999998945, 1, , , 2854.3409999999998945, 1, , , 2854.3409999999998945, 0
, , 2854.3460000000000036, 0, , , 2854.3460000000000036, 1, , , 2854.3460000000000036, 1, , , 2854.3460000000000036, 0
, , 2854.3510000000001128, 0, , , 2854.3510000000001128, 1, , , 2854.3510000000001128, 1, , , 2854.3510000000001128, 0
, , 2854.3560000000002219, 0, , , 2854.3560000000002219, 1, , , 2854.3560000000002219, 1, , , 2854.3560000000002219, 0
, , 2854.36200000000008, 0, , , 2854.36200000000008, 1, , , 2854.36200000000008, 1, , , 2854.36200000000008, 0
, , 2854.3659999999999854, 0, , , 2854.3659999999999854, 1, , , 2854.3659999999999854, 1, , , 2854.3659999999999854, 0
, , 2854.3710000000000946, 0, , , 2854.3710000000000946, 1, , , 2854.3710000000000946, 1, , , 2854.3710000000000946, 0
, , 2854.3760000000002037, 0, , , 2854.3760000000002037, 1, , , 2854.3760000000002037, 1, , , 2854.3760000000002037, 0
, , 2854.3820000000000618, 0, , , 2854.3820000000000618, 1, , , 2854.3820000000000618, 1, , , 2854.3820000000000618, 0
, , 2854.3859999999999673, 0, , , 2854.3859999999999673, 1, , , 2854.3859999999999673, 1, , , 2854.3859999999999673, 0
, , 2854.3910000000000764, 0, , , 2854.3910000000000764, 1, , , 2854.3910000000000764, 1, , , 2854.3910000000000764, 0
, , 2854.3960000000001855, 0, , , 2854.3960000000001855, 1, , , 2854.3960000000001855, 1, , , 2854.3960000000001855, 0
, , 2854.4009999999998399, 0, , , 2854.4009999999998399, 1, , , 2854.4009999999998399, 1, , , 2854.4009999999998399, 0
, , 2854.4099999999998545, 0, , , 2854.4099999999998545, 1, , , 2854.4099999999998545, 1, , , 2854.4099999999998545, 0
, , 2854.4119999999998072, 0, , , 2854.4119999999998072, 1, , , 2854.4119999999998072, 1, , , 2854.4119999999998072, 0
, , 2854.4169999999999163, 0, , , 2854.4169999999999163, 1, , , 2854.4169999999999163, 1, , , 2854.4169999999999163, 0
, , 2854.4209999999998217, 0, , , 2854.4209999999998217, 1, , , 2854.4209999999998217, 1, , , 2854.4209999999998217, 0
, , 2854.4259999999999309, 0, , , 2854.4259999999999309, 1, , , 2854.4259999999999309, 1, , , 2854.4259999999999309, 0
, , 2854.43100000000004, 0, , , 2854.43100000000004, 1, , , 2854.43100000000004, 1, , , 2854.43100000000004, 0
, , 2854.4360000000001492, 0, , , 2854.4360000000001492, 1, , , 2854.4360000000001492, 1, , , 2854.4360000000001492, 0
, , 2854.4409999999998035, 0, , , 2854.4409999999998035, 1, , , 2854.4409999999998035, 1, , , 2854.4409999999998035, 0
, , 2854.4459999999999127, 0, , , 2854.4459999999999127, 1, , , 2854.4459999999999127, 1, , , 2854.4459999999999127, 0
, , 2854.4510000000000218, 0, , , 2854.4510000000000218, 1, , , 2854.4510000000000218, 1, , , 2854.4510000000000218, 0
, , 2854.456000000000131, 0, , , 2854.456000000000131, 1, , , 2854.456000000000131, 1, , , 2854.456000000000131, 0
, , 2854.4609999999997854, 0, , , 2854.4609999999997854, 1, , , 2854.4609999999997854, 1, , , 2854.4609999999997854, 0
, , 2854.4659999999998945, 0, , , 2854.4659999999998945, 1, , , 2854.4659999999998945, 1, , , 2854.4659999999998945, 0
, , 2854.4710000000000036, 0, , , 2854.4710000000000036, 1, , , 2854.4710000000000036, 1, , , 2854.4710000000000036, 0
, , 2854.4760000000001128, 0, , , 2854.4760000000001128, 1, , , 2854.4760000000001128, 1, , , 2854.4760000000001128, 0
, , 2854.4810000000002219, 0, , , 2854.4810000000002219, 1, , , 2854.4810000000002219, 1, , , 2854.4810000000002219, 0
, , 2854.4859999999998763, 0, , , 2854.4859999999998763, 1, , , 2854.4859999999998763, 1, , , 2854.4859999999998763, 0
, , 2854.4909999999999854, 0, , , 2854.4909999999999854, 1, , , 2854.4909999999999854, 1, , , 2854.4909999999999854, 0
, , 2854.4969999999998436, 0, , , 2854.4969999999998436, 1, , , 2854.4969999999998436, 1, , , 2854.4969999999998436, 0
, , 2854.5010000000002037, 0, , , 2854.5010000000002037, 1, , , 2854.5010000000002037, 1, , , 2854.5010000000002037, 0
, , 2854.5059999999998581, 0, , , 2854.5059999999998581, 1, , , 2854.5059999999998581, 1, , , 2854.5059999999998581, 0
, , 2854.5109999999999673, 0, , , 2854.5109999999999673, 1, , , 2854.5109999999999673, 1, , , 2854.5109999999999673, 0
, , 2854.5160000000000764, 0, , , 2854.5160000000000764, 1, , , 2854.5160000000000764, 1, , , 2854.5160000000000764, 0
, , 2854.5210000000001855, 0, , , 2854.5210000000001855, 1, , , 2854.5210000000001855, 1, , , 2854.5210000000001855, 0
, , 2854.5259999999998399, 0, , , 2854.5259999999998399, 1, , , 2854.5259999999998399, 1, , , 2854.5259999999998399, 0
, , 2854.5320000000001528, 0, , , 2854.5320000000001528, 1, , , 2854.5320000000001528, 1, , , 2854.5320000000001528, 0
, , 2854.5360000000000582, 0, , , 2854.5360000000000582, 1, , , 2854.5360000000000582, 1, , , 2854.5360000000000582, 0
, , 2854.5410000000001673, 0, , , 2854.5410000000001673, 1, , , 2854.5410000000001673, 1, , , 2854.5410000000001673, 0
, , 2854.5489999999999782, 0, , , 2854.5489999999999782, 1, , , 2854.5489999999999782, 1, , , 2854.5489999999999782, 0
, , 2854.5509999999999309, 1, , , 2854.5509999999999309, 1, , , 2854.5509999999999309, 1, , , 2854.5509999999999309, 1
, , 2854.55600000000004, 1, , , 2854.55600000000004, 1, , , 2854.55600000000004, 1, , , 2854.55600000000004, 1
, , 2854.5610000000001492, 1, , , 2854.5610000000001492, 1, , , 2854.5610000000001492, 1, , , 2854.5610000000001492, 1
, , 2854.5659999999998035, 1, , , 2854.5659999999998035, 1, , , 2854.5659999999998035, 1, , , 2854.5659999999998035, 1
, , 2854.5709999999999127, 1, , , 2854.5709999999999127, 1, , , 2854.5709999999999127, 1, , , 2854.5709999999999127, 1
, , 2854.5749999999998181, 1, , , 2854.5749999999998181, 1, , , 2854.5749999999998181, 1, , , 2854.5749999999998181, 1
, , 2854.5819999999998799, 1, , , 2854.5819999999998799, 1, , , 2854.5819999999998799, 1, , , 2854.5819999999998799, 1
, , 2854.5859999999997854, 1, , , 2854.5859999999997854, 1, , , 2854.5859999999997854, 1, , , 2854.5859999999997854, 1
, , 2854.5909999999998945, 1, , , 2854.5909999999998945, 1, , , 2854.5909999999998945, 1, , , 2854.5909999999998945, 1
, , 2854.5960000000000036, 1, , , 2854.5960000000000036, 1, , , 2854.5960000000000036, 1, , , 2854.5960000000000036, 1
, , 2854.6010000000001128, 1, , , 2854.6010000000001128, 1, , , 2854.6010000000001128, 1, , , 2854.6010000000001128, 1
, , 2854.6080000000001746, 1, , , 2854.6080000000001746, 1, , , 2854.6080000000001746, 1, , , 2854.6080000000001746, 1
, , 2854.6109999999998763, 1, , , 2854.6109999999998763, 1, , , 2854.6109999999998763, 1, , , 2854.6109999999998763, 1
, , 2854.6170000000001892, 1, , , 2854.6170000000001892, 1, , , 2854.6170000000001892, 1, , , 2854.6170000000001892, 1
, , 2854.6210000000000946, 1, , , 2854.6210000000000946, 1, , , 2854.6210000000000946, 1, , , 2854.6210000000000946, 1
, , 2854.6260000000002037, 1, , , 2854.6260000000002037, 0, , , 2854.6260000000002037, 0, , , 2854.6260000000002037, 1
, , 2854.6309999999998581, 1, , , 2854.6309999999998581, 0, , , 2854.6309999999998581, 0, , , 2854.6309999999998581, 1
, , 2854.6359999999999673, 1, , , 2854.6359999999999673, 0, , , 2854.6359999999999673, 0, , , 2854.6359999999999673, 1
, , 2854.6419999999998254, 1, , , 2854.6419999999998254, 0, , , 2854.6419999999998254, 0, , , 2854.6419999999998254, 1
, , 2854.6460000000001855, 1, , , 2854.6460000000001855, 0, , , 2854.6460000000001855, 0, , , 2854.6460000000001855, 1
, , 2854.6509999999998399, 1, , , 2854.6509999999998399, 0, , , 2854.6509999999998399, 0, , , 2854.6509999999998399, 1
, , 2854.6559999999999491, 1, , , 2854.6559999999999491, 0, , , 2854.6559999999999491, 0, , , 2854.6559999999999491, 1
, , 2854.6610000000000582, 1, , , 2854.6610000000000582, 0, , , 2854.6610000000000582, 0, , , 2854.6610000000000582, 1
, , 2854.6669999999999163, 1, , , 2854.6669999999999163, 0, , , 2854.6669999999999163, 0, , , 2854.6669999999999163, 1
, , 2854.6709999999998217, 1, , , 2854.6709999999998217, 0, , , 2854.6709999999998217, 0, , , 2854.6709999999998217, 1
, , 2854.6759999999999309, 1, , , 2854.6759999999999309, 0, , , 2854.6759999999999309, 0, , , 2854.6759999999999309, 1
, , 2854.681999999999789, 1, , , 2854.681999999999789, 0, , , 2854.681999999999789, 0, , , 2854.681999999999789, 1
, , 2854.6869999999998981, 1, , , 2854.6869999999998981, 0, , , 2854.6869999999998981, 0, , , 2854.6869999999998981, 1
, , 2854.6909999999998035, 1, , , 2854.6909999999998035, 0, , , 2854.6909999999998035, 0, , , 2854.6909999999998035, 1
, , 2854.6959999999999127, 1, , , 2854.6959999999999127, 0, , , 2854.6959999999999127, 0, , , 2854.6959999999999127, 1
, , 2854.7010000000000218, 1, , , 2854.7010000000000218, 0, , , 2854.7010000000000218, 0, , , 2854.7010000000000218, 1
, , 2854.706000000000131, 1, , , 2854.706000000000131, 0, , , 2854.706000000000131, 0, , , 2854.706000000000131, 1
, , 2854.7109999999997854, 1, , , 2854.7109999999997854, 0, , , 2854.7109999999997854, 0, , , 2854.7109999999997854, 1
, , 2854.7159999999998945, 1, , , 2854.7159999999998945, 0, , , 2854.7159999999998945, 0, , , 2854.7159999999998945, 1
, , 2854.7210000000000036, 1, , , 2854.7210000000000036, 0, , , 2854.7210000000000036, 0, , , 2854.7210000000000036, 1
, , 2854.7249999999999091, 1, , , 2854.7249999999999091, 0, , , 2854.7249999999999091, 0, , , 2854.7249999999999091, 1
, , 2854.7310000000002219, 1, , , 2854.7310000000002219, 0, , , 2854.7310000000002219, 0, , , 2854.7310000000002219, 1
, , 2854.7359999999998763, 1, , , 2854.7359999999998763, 0, , , 2854.7359999999998763, 0, , , 2854.7359999999998763, 1
, , 2854.7409999999999854, 1, , , 2854.7409999999999854, 0, , , 2854.7409999999999854, 0, , , 2854.7409999999999854, 1
, , 2854.7460000000000946, 1, , , 2854.7460000000000946, 0, , , 2854.7460000000000946, 0, , , 2854.7460000000000946, 1
, , 2854.7510000000002037, 1, , , 2854.7510000000002037, 0, , , 2854.7510000000002037, 0, , , 2854.7510000000002037, 1
, , 2854.7559999999998581, 1, , , 2854.7559999999998581, 0, , , 2854.7559999999998581, 0, , , 2854.7559999999998581, 1
, , 2854.7609999999999673, 1, , , 2854.7609999999999673, 0, , , 2854.7609999999999673, 0, , , 2854.7609999999999673, 1
, , 2854.7669999999998254, 1, , , 2854.7669999999998254, 0, , , 2854.7669999999998254, 0, , , 2854.7669999999998254, 1
, , 2854.7719999999999345, 1, , , 2854.7719999999999345, 0, , , 2854.7719999999999345, 0, , , 2854.7719999999999345, 1
, , 2854.7759999999998399, 1, , , 2854.7759999999998399, 0, , , 2854.7759999999998399, 0, , , 2854.7759999999998399, 1
, , 2854.7809999999999491, 1, , , 2854.7809999999999491, 0, , , 2854.7809999999999491, 0, , , 2854.7809999999999491, 1
, , 2854.7869999999998072, 1, , , 2854.7869999999998072, 0, , , 2854.7869999999998072, 0, , , 2854.7869999999998072, 1
, , 2854.7919999999999163, 1, , , 2854.7919999999999163, 0, , , 2854.7919999999999163, 0, , , 2854.7919999999999163, 1
, , 2854.7959999999998217, 1, , , 2854.7959999999998217, 0, , , 2854.7959999999998217, 0, , , 2854.7959999999998217, 1
, , 2854.8009999999999309, 1, , , 2854.8009999999999309, 0, , , 2854.8009999999999309, 0, , , 2854.8009999999999309, 1
, , 2854.80600000000004, 1, , , 2854.80600000000004, 0, , , 2854.80600000000004, 0, , , 2854.80600000000004, 1
, , 2854.8110000000001492, 1, , , 2854.8110000000001492, 0, , , 2854.8110000000001492, 0, , , 2854.8110000000001492, 1
, , 2854.8159999999998035, 1, , , 2854.8159999999998035, 0, , , 2854.8159999999998035, 0, , , 2854.8159999999998035, 1
, , 2854.8200000000001637, 1, , , 2854.8200000000001637, 0, , , 2854.8200000000001637, 0, , , 2854.8200000000001637, 1
, , 2854.8260000000000218, 1, , , 2854.8260000000000218, 0, , , 2854.8260000000000218, 0, , , 2854.8260000000000218, 1
, , 2854.831000000000131, 1, , , 2854.831000000000131, 0, , , 2854.831000000000131, 0, , , 2854.831000000000131, 1
, , 2854.8369999999999891, 1, , , 2854.8369999999999891, 0, , , 2854.8369999999999891, 0, , , 2854.8369999999999891, 1
, , 2854.8420000000000982, 1, , , 2854.8420000000000982, 0, , , 2854.8420000000000982, 0, , , 2854.8420000000000982, 1
, , 2854.8460000000000036, 1, , , 2854.8460000000000036, 0, , , 2854.8460000000000036, 0, , , 2854.8460000000000036, 1
, , 2854.8510000000001128, 1, , , 2854.8510000000001128, 0, , , 2854.8510000000001128, 0, , , 2854.8510000000001128, 1
, , 2854.8560000000002219, 1, , , 2854.8560000000002219, 0, , , 2854.8560000000002219, 0, , , 2854.8560000000002219, 1
, , 2854.86200000000008, 1, , , 2854.86200000000008, 0, , , 2854.86200000000008, 0, , , 2854.86200000000008, 1
, , 2854.8659999999999854, 1, , , 2854.8659999999999854, 0, , , 2854.8659999999999854, 0, , , 2854.8659999999999854, 1
, , 2854.8710000000000946, 1, , , 2854.8710000000000946, 0, , , 2854.8710000000000946, 0, , , 2854.8710000000000946, 1
, , 2854.8769999999999527, 1, , , 2854.8769999999999527, 1, , , 2854.8769999999999527, 1, , , 2854.8769999999999527, 1
, , 2854.8809999999998581, 1, , , 2854.8809999999998581, 1, , , 2854.8809999999998581, 1, , , 2854.8809999999998581, 1
, , 2854.887000000000171, 1, , , 2854.887000000000171, 1, , , 2854.887000000000171, 1, , , 2854.887000000000171, 1
, , 2854.8910000000000764, 1, , , 2854.8910000000000764, 1, , , 2854.8910000000000764, 1, , , 2854.8910000000000764, 1
, , 2854.8960000000001855, 1, , , 2854.8960000000001855, 1, , , 2854.8960000000001855, 1, , , 2854.8960000000001855, 1
, , 2854.9020000000000437, 1, , , 2854.9020000000000437, 1, , , 2854.9020000000000437, 1, , , 2854.9020000000000437, 1
, , 2854.9059999999999491, 1, , , 2854.9059999999999491, 1, , , 2854.9059999999999491, 1, , , 2854.9059999999999491, 1
, , 2854.9119999999998072, 1, , , 2854.9119999999998072, 1, , , 2854.9119999999998072, 1, , , 2854.9119999999998072, 1
, , 2854.9160000000001673, 1, , , 2854.9160000000001673, 1, , , 2854.9160000000001673, 1, , , 2854.9160000000001673, 1
, , 2854.9229999999997744, 1, , , 2854.9229999999997744, 1, , , 2854.9229999999997744, 1, , , 2854.9229999999997744, 1
, , 2854.9259999999999309, 1, , , 2854.9259999999999309, 1, , , 2854.9259999999999309, 1, , , 2854.9259999999999309, 1
, , 2854.93100000000004, 1, , , 2854.93100000000004, 1, , , 2854.93100000000004, 1, , , 2854.93100000000004, 1
, , 2854.9360000000001492, 1, , , 2854.9360000000001492, 1, , , 2854.9360000000001492, 1, , , 2854.9360000000001492, 1
, , 2854.9409999999998035, 1, , , 2854.9409999999998035, 1, , , 2854.9409999999998035, 1, , , 2854.9409999999998035, 1
, , 2854.9459999999999127, 1, , , 2854.9459999999999127, 1, , , 2854.9459999999999127, 1, , , 2854.9459999999999127, 1
, , 2854.9510000000000218, 0, , , 2854.9510000000000218, 1, , , 2854.9510000000000218, 1, , , 2854.9510000000000218, 0
, , 2854.956000000000131, 0, , , 2854.956000000000131, 1, , , 2854.956000000000131, 1, , , 2854.956000000000131, 0
, , 2854.9619999999999891, 0, , , 2854.9619999999999891, 1, , , 2854.9619999999999891, 1, , , 2854.9619999999999891, 0
, , 2854.9659999999998945, 0, , , 2854.9659999999998945, 1, , , 2854.9659999999998945, 1, , , 2854.9659999999998945, 0
, , 2854.9720000000002074, 0, , , 2854.9720000000002074, 1, , , 2854.9720000000002074, 1, , , 2854.9720000000002074, 0
, , 2854.9760000000001128, 0, , , 2854.9760000000001128, 1, , , 2854.9760000000001128, 1, , , 2854.9760000000001128, 0
, , 2854.9810000000002219, 0, , , 2854.9810000000002219, 1, , , 2854.9810000000002219, 1, , , 2854.9810000000002219, 0
, , 2854.9859999999998763, 0, , , 2854.9859999999998763, 1, , , 2854.9859999999998763, 1, , , 2854.9859999999998763, 0
, , 2854.9909999999999854, 0, , , 2854.9909999999999854, 1, , , 2854.9909999999999854, 1, , , 2854.9909999999999854, 0
, , 2854.9960000000000946, 0, , , 2854.9960000000000946, 1, , , 2854.9960000000000946, 1, , , 2854.9960000000000946, 0
, , 2855.0019999999999527, 0, , , 2855.0019999999999527, 1, , , 2855.0019999999999527, 1, , , 2855.0019999999999527, 0
, , 2855.0059999999998581, 0, , , 2855.0059999999998581, 1, , , 2855.0059999999998581, 1, , , 2855.0059999999998581, 0
, , 2855.0109999999999673, 0, , , 2855.0109999999999673, 1, , , 2855.0109999999999673, 1, , , 2855.0109999999999673, 0
, , 2855.0160000000000764, 0, , , 2855.0160000000000764, 1, , , 2855.0160000000000764, 1, , , 2855.0160000000000764, 0
, , 2855.0210000000001855, 0, , , 2855.0210000000001855, 1, , , 2855.0210000000001855, 1, , , 2855.0210000000001855, 0
, , 2855.0259999999998399, 0, , , 2855.0259999999998399, 1, , , 2855.0259999999998399, 1, , , 2855.0259999999998399, 0
, , 2855.0320000000001528, 0, , , 2855.0320000000001528, 1, , , 2855.0320000000001528, 1, , , 2855.0320000000001528, 0
, , 2855.0360000000000582, 0, , , 2855.0360000000000582, 1, , , 2855.0360000000000582, 1, , , 2855.0360000000000582, 0
, , 2855.0419999999999163, 0, , , 2855.0419999999999163, 1, , , 2855.0419999999999163, 1, , , 2855.0419999999999163, 0
, , 2855.0450000000000728, 0, , , 2855.0450000000000728, 1, , , 2855.0450000000000728, 1, , , 2855.0450000000000728, 0
, , 2855.0509999999999309, 0, , , 2855.0509999999999309, 1, , , 2855.0509999999999309, 1, , , 2855.0509999999999309, 0
, , 2855.05600000000004, 0, , , 2855.05600000000004, 1, , , 2855.05600000000004, 1, , , 2855.05600000000004, 0
, , 2855.0619999999998981, 0, , , 2855.0619999999998981, 1, , , 2855.0619999999998981, 1, , , 2855.0619999999998981, 0
, , 2855.0659999999998035, 0, , , 2855.0659999999998035, 1, , , 2855.0659999999998035, 1, , , 2855.0659999999998035, 0
, , 2855.0709999999999127, 0, , , 2855.0709999999999127, 1, , , 2855.0709999999999127, 1, , , 2855.0709999999999127, 0
, , 2855.0770000000002256, 0, , , 2855.0770000000002256, 1, , , 2855.0770000000002256, 1, , , 2855.0770000000002256, 0
, , 2855.0799999999999272, 0, , , 2855.0799999999999272, 1, , , 2855.0799999999999272, 1, , , 2855.0799999999999272, 0
, , 2855.0859999999997854, 0, , , 2855.0859999999997854, 1, , , 2855.0859999999997854, 1, , , 2855.0859999999997854, 0
, , 2855.0909999999998945, 0, , , 2855.0909999999998945, 1, , , 2855.0909999999998945, 1, , , 2855.0909999999998945, 0
, , 2855.0960000000000036, 0, , , 2855.0960000000000036, 1, , , 2855.0960000000000036, 1, , , 2855.0960000000000036, 0
, , 2855.1010000000001128, 0, , , 2855.1010000000001128, 1, , , 2855.1010000000001128, 1, , , 2855.1010000000001128, 0
, , 2855.1060000000002219, 0, , , 2855.1060000000002219, 1, , , 2855.1060000000002219, 1, , , 2855.1060000000002219, 0
, , 2855.1109999999998763, 0, , , 2855.1109999999998763, 1, , , 2855.1109999999998763, 1, , , 2855.1109999999998763, 0
, , 2855.1159999999999854, 0, , , 2855.1159999999999854, 1, , , 2855.1159999999999854, 1, , , 2855.1159999999999854, 0
, , 2855.1210000000000946, 0, , , 2855.1210000000000946, 1, , , 2855.1210000000000946, 1, , , 2855.1210000000000946, 0
, , 2855.1260000000002037, 0, , , 2855.1260000000002037, 1, , , 2855.1260000000002037, 1, , , 2855.1260000000002037, 0
, , 2855.1309999999998581, 0, , , 2855.1309999999998581, 1, , , 2855.1309999999998581, 1, , , 2855.1309999999998581, 0
, , 2855.137000000000171, 0, , , 2855.137000000000171, 1, , , 2855.137000000000171, 1, , , 2855.137000000000171, 0
, , 2855.1410000000000764, 0, , , 2855.1410000000000764, 1, , , 2855.1410000000000764, 1, , , 2855.1410000000000764, 0
, , 2855.1460000000001855, 0, , , 2855.1460000000001855, 1, , , 2855.1460000000001855, 1, , , 2855.1460000000001855, 0
, , 2855.1509999999998399, 0, , , 2855.1509999999998399, 1, , , 2855.1509999999998399, 1, , , 2855.1509999999998399, 0
, , 2855.1559999999999491, 0, , , 2855.1559999999999491, 1, , , 2855.1559999999999491, 1, , , 2855.1559999999999491, 0
, , 2855.1610000000000582, 0, , , 2855.1610000000000582, 1, , , 2855.1610000000000582, 1, , , 2855.1610000000000582, 0
, , 2855.1660000000001673, 0, , , 2855.1660000000001673, 1, , , 2855.1660000000001673, 1, , , 2855.1660000000001673, 0
, , 2855.1720000000000255, 0, , , 2855.1720000000000255, 1, , , 2855.1720000000000255, 1, , , 2855.1720000000000255, 0
, , 2855.1759999999999309, 0, , , 2855.1759999999999309, 1, , , 2855.1759999999999309, 1, , , 2855.1759999999999309, 0
, , 2855.18100000000004, 0, , , 2855.18100000000004, 1, , , 2855.18100000000004, 1, , , 2855.18100000000004, 0
, , 2855.1880000000001019, 0, , , 2855.1880000000001019, 1, , , 2855.1880000000001019, 1, , , 2855.1880000000001019, 0
, , 2855.1909999999998035, 0, , , 2855.1909999999998035, 1, , , 2855.1909999999998035, 1, , , 2855.1909999999998035, 0
, , 2855.1959999999999127, 0, , , 2855.1959999999999127, 1, , , 2855.1959999999999127, 1, , , 2855.1959999999999127, 0
, , 2855.2010000000000218, 0, , , 2855.2010000000000218, 1, , , 2855.2010000000000218, 1, , , 2855.2010000000000218, 0
, , 2855.206000000000131, 1, , , 2855.206000000000131, 1, , , 2855.206000000000131, 1, , , 2855.206000000000131, 1
, , 2855.2109999999997854, 1, , , 2855.2109999999997854, 1, , , 2855.2109999999997854, 1, , , 2855.2109999999997854, 1
, , 2855.2170000000000982, 1, , , 2855.2170000000000982, 1, , , 2855.2170000000000982, 1, , , 2855.2170000000000982, 1
, , 2855.2210000000000036, 1, , , 2855.2210000000000036, 1, , , 2855.2210000000000036, 1, , , 2855.2210000000000036, 1
, , 2855.2260000000001128, 1, , , 2855.2260000000001128, 1, , , 2855.2260000000001128, 1, , , 2855.2260000000001128, 1
, , 2855.2310000000002219, 1, , , 2855.2310000000002219, 1, , , 2855.2310000000002219, 1, , , 2855.2310000000002219, 1
, , 2855.23700000000008, 1, , , 2855.23700000000008, 1, , , 2855.23700000000008, 1, , , 2855.23700000000008, 1
, , 2855.2409999999999854, 1, , , 2855.2409999999999854, 1, , , 2855.2409999999999854, 1, , , 2855.2409999999999854, 1
, , 2855.2469999999998436, 1, , , 2855.2469999999998436, 1, , , 2855.2469999999998436, 1, , , 2855.2469999999998436, 1
, , 2855.2510000000002037, 1, , , 2855.2510000000002037, 1, , , 2855.2510000000002037, 1, , , 2855.2510000000002037, 1
, , 2855.2559999999998581, 1, , , 2855.2559999999998581, 1, , , 2855.2559999999998581, 1, , , 2855.2559999999998581, 1
, , 2855.2609999999999673, 1, , , 2855.2609999999999673, 1, , , 2855.2609999999999673, 1, , , 2855.2609999999999673, 1
, , 2855.2660000000000764, 1, , , 2855.2660000000000764, 1, , , 2855.2660000000000764, 1, , , 2855.2660000000000764, 1
, , 2855.2710000000001855, 1, , , 2855.2710000000001855, 1, , , 2855.2710000000001855, 1, , , 2855.2710000000001855, 1
, , 2855.2759999999998399, 1, , , 2855.2759999999998399, 1, , , 2855.2759999999998399, 1, , , 2855.2759999999998399, 1
, , 2855.2820000000001528, 1, , , 2855.2820000000001528, 0, , , 2855.2820000000001528, 0, , , 2855.2820000000001528, 1
, , 2855.2860000000000582, 1, , , 2855.2860000000000582, 0, , , 2855.2860000000000582, 0, , , 2855.2860000000000582, 1
, , 2855.2910000000001673, 1, , , 2855.2910000000001673, 0, , , 2855.2910000000001673, 0, , , 2855.2910000000001673, 1
, , 2855.2959999999998217, 1, , , 2855.2959999999998217, 0, , , 2855.2959999999998217, 0, , , 2855.2959999999998217, 1
, , 2855.3009999999999309, 1, , , 2855.3009999999999309, 0, , , 2855.3009999999999309, 0, , , 2855.3009999999999309, 1
, , 2855.30600000000004, 1, , , 2855.30600000000004, 0, , , 2855.30600000000004, 0, , , 2855.30600000000004, 1
, , 2855.3110000000001492, 1, , , 2855.3110000000001492, 0, , , 2855.3110000000001492, 0, , , 2855.3110000000001492, 1
, , 2855.3159999999998035, 1, , , 2855.3159999999998035, 0, , , 2855.3159999999998035, 0, , , 2855.3159999999998035, 1
, , 2855.3240000000000691, 1, , , 2855.3240000000000691, 0, , , 2855.3240000000000691, 0, , , 2855.3240000000000691, 1
, , 2855.3260000000000218, 1, , , 2855.3260000000000218, 0, , , 2855.3260000000000218, 0, , , 2855.3260000000000218, 1
, , 2855.3319999999998799, 1, , , 2855.3319999999998799, 0, , , 2855.3319999999998799, 0, , , 2855.3319999999998799, 1
, , 2855.3369999999999891, 1, , , 2855.3369999999999891, 0, , , 2855.3369999999999891, 0, , , 2855.3369999999999891, 1
, , 2855.3420000000000982, 1, , , 2855.3420000000000982, 0, , , 2855.3420000000000982, 0, , , 2855.3420000000000982, 1
, , 2855.3470000000002074, 1, , , 2855.3470000000002074, 0, , , 2855.3470000000002074, 0, , , 2855.3470000000002074, 1
, , 2855.3510000000001128, 1, , , 2855.3510000000001128, 0, , , 2855.3510000000001128, 0, , , 2855.3510000000001128, 1
, , 2855.3569999999999709, 1, , , 2855.3569999999999709, 0, , , 2855.3569999999999709, 0, , , 2855.3569999999999709, 1
, , 2855.3609999999998763, 1, , , 2855.3609999999998763, 0, , , 2855.3609999999998763, 0, , , 2855.3609999999998763, 1
, , 2855.3659999999999854, 1, , , 2855.3659999999999854, 0, , , 2855.3659999999999854, 0, , , 2855.3659999999999854, 1
, , 2855.3719999999998436, 1, , , 2855.3719999999998436, 0, , , 2855.3719999999998436, 0, , , 2855.3719999999998436, 1
, , 2855.3780000000001564, 1, , , 2855.3780000000001564, 0, , , 2855.3780000000001564, 0, , , 2855.3780000000001564, 1
, , 2855.3809999999998581, 1, , , 2855.3809999999998581, 0, , , 2855.3809999999998581, 0, , , 2855.3809999999998581, 1
, , 2855.3859999999999673, 1, , , 2855.3859999999999673, 0, , , 2855.3859999999999673, 0, , , 2855.3859999999999673, 1
, , 2855.3919999999998254, 1, , , 2855.3919999999998254, 0, , , 2855.3919999999998254, 0, , , 2855.3919999999998254, 1
, , 2855.3960000000001855, 1, , , 2855.3960000000001855, 0, , , 2855.3960000000001855, 0, , , 2855.3960000000001855, 1
, , 2855.4009999999998399, 1, , , 2855.4009999999998399, 0, , , 2855.4009999999998399, 0, , , 2855.4009999999998399, 1
, , 2855.4079999999999018, 1, , , 2855.4079999999999018, 0, , , 2855.4079999999999018, 0, , , 2855.4079999999999018, 1
, , 2855.4110000000000582, 1, , , 2855.4110000000000582, 0, , , 2855.4110000000000582, 0, , , 2855.4110000000000582, 1
, , 2855.4160000000001673, 1, , , 2855.4160000000001673, 0, , , 2855.4160000000001673, 0, , , 2855.4160000000001673, 1
, , 2855.4209999999998217, 1, , , 2855.4209999999998217, 0, , , 2855.4209999999998217, 0, , , 2855.4209999999998217, 1
, , 2855.4270000000001346, 1, , , 2855.4270000000001346, 0, , , 2855.4270000000001346, 0, , , 2855.4270000000001346, 1
, , 2855.431999999999789, 1, , , 2855.431999999999789, 0, , , 2855.431999999999789, 0, , , 2855.431999999999789, 1
, , 2855.4360000000001492, 1, , , 2855.4360000000001492, 0, , , 2855.4360000000001492, 0, , , 2855.4360000000001492, 1
, , 2855.4409999999998035, 1, , , 2855.4409999999998035, 0, , , 2855.4409999999998035, 0, , , 2855.4409999999998035, 1
, , 2855.4470000000001164, 1, , , 2855.4470000000001164, 0, , , 2855.4470000000001164, 0, , , 2855.4470000000001164, 1
, , 2855.4510000000000218, 1, , , 2855.4510000000000218, 0, , , 2855.4510000000000218, 0, , , 2855.4510000000000218, 1
, , 2855.456000000000131, 1, , , 2855.456000000000131, 0, , , 2855.456000000000131, 0, , , 2855.456000000000131, 1
, , 2855.4609999999997854, 1, , , 2855.4609999999997854, 0, , , 2855.4609999999997854, 0, , , 2855.4609999999997854, 1
, , 2855.4659999999998945, 1, , , 2855.4659999999998945, 0, , , 2855.4659999999998945, 0, , , 2855.4659999999998945, 1
, , 2855.4720000000002074, 1, , , 2855.4720000000002074, 0, , , 2855.4720000000002074, 0, , , 2855.4720000000002074, 1
, , 2855.4760000000001128, 1, , , 2855.4760000000001128, 0, , , 2855.4760000000001128, 0, , , 2855.4760000000001128, 1
, , 2855.4810000000002219, 1, , , 2855.4810000000002219, 0, , , 2855.4810000000002219, 0, , , 2855.4810000000002219, 1
, , 2855.4859999999998763, 1, , , 2855.4859999999998763, 0, , , 2855.4859999999998763, 0, , , 2855.4859999999998763, 1
, , 2855.4909999999999854, 1, , , 2855.4909999999999854, 0, , , 2855.4909999999999854, 0, , , 2855.4909999999999854, 1
, , 2855.4969999999998436, 1, , , 2855.4969999999998436, 0, , , 2855.4969999999998436, 0, , , 2855.4969999999998436, 1
, , 2855.5019999999999527, 1, , , 2855.5019999999999527, 0, , , 2855.5019999999999527, 0, , , 2855.5019999999999527, 1
, , 2855.5070000000000618, 1, , , 2855.5070000000000618, 0, , , 2855.5070000000000618, 0, , , 2855.5070000000000618, 1
, , 2855.5109999999999673, 1, , , 2855.5109999999999673, 0, , , 2855.5109999999999673, 0, , , 2855.5109999999999673, 1
, , 2855.5169999999998254, 1, , , 2855.5169999999998254, 0, , , 2855.5169999999998254, 0, , , 2855.5169999999998254, 1
, , 2855.5219999999999345, 1, , , 2855.5219999999999345, 0, , , 2855.5219999999999345, 0, , , 2855.5219999999999345, 1
, , 2855.5259999999998399, 1, , , 2855.5259999999998399, 0, , , 2855.5259999999998399, 0, , , 2855.5259999999998399, 1
, , 2855.5309999999999491, 1, , , 2855.5309999999999491, 1, , , 2855.5309999999999491, 1, , , 2855.5309999999999491, 1
, , 2855.5360000000000582, 1, , , 2855.5360000000000582, 1, , , 2855.5360000000000582, 1, , , 2855.5360000000000582, 1
, , 2855.5419999999999163, 1, , , 2855.5419999999999163, 1, , , 2855.5419999999999163, 1, , , 2855.5419999999999163, 1
, , 2855.5459999999998217, 1, , , 2855.5459999999998217, 1, , , 2855.5459999999998217, 1, , , 2855.5459999999998217, 1
, , 2855.5509999999999309, 1, , , 2855.5509999999999309, 1, , , 2855.5509999999999309, 1, , , 2855.5509999999999309, 1
, , 2855.55600000000004, 1, , , 2855.55600000000004, 1, , , 2855.55600000000004, 1, , , 2855.55600000000004, 1
, , 2855.5610000000001492, 1, , , 2855.5610000000001492, 1, , , 2855.5610000000001492, 1, , , 2855.5610000000001492, 1
, , 2855.5659999999998035, 1, , , 2855.5659999999998035, 1, , , 2855.5659999999998035, 1, , , 2855.5659999999998035, 1
, , 2855.5700000000001637, 1, , , 2855.5700000000001637, 1, , , 2855.5700000000001637, 1, , , 2855.5700000000001637, 1
, , 2855.5770000000002256, 1, , , 2855.5770000000002256, 1, , , 2855.5770000000002256, 1, , , 2855.5770000000002256, 1
, , 2855.581000000000131, 1, , , 2855.581000000000131, 1, , , 2855.581000000000131, 1, , , 2855.581000000000131, 1
, , 2855.5859999999997854, 1, , , 2855.5859999999997854, 1, , , 2855.5859999999997854, 1, , , 2855.5859999999997854, 1
, , 2855.5909999999998945, 1, , , 2855.5909999999998945, 1, , , 2855.5909999999998945, 1, , , 2855.5909999999998945, 1
, , 2855.5960000000000036, 1, , , 2855.5960000000000036, 1, , , 2855.5960000000000036, 1, , , 2855.5960000000000036, 1
, , 2855.6010000000001128, 1, , , 2855.6010000000001128, 1, , , 2855.6010000000001128, 1, , , 2855.6010000000001128, 1
, , 2855.6060000000002219, 0, , , 2855.6060000000002219, 1, , , 2855.6060000000002219, 1, , , 2855.6060000000002219, 0
, , 2855.6100000000001273, 0, , , 2855.6100000000001273, 1, , , 2855.6100000000001273, 1, , , 2855.6100000000001273, 0
, , 2855.6159999999999854, 0, , , 2855.6159999999999854, 1, , , 2855.6159999999999854, 1, , , 2855.6159999999999854, 0
, , 2855.6210000000000946, 0, , , 2855.6210000000000946, 1, , , 2855.6210000000000946, 1, , , 2855.6210000000000946, 0
, , 2855.6260000000002037, 0, , , 2855.6260000000002037, 1, , , 2855.6260000000002037, 1, , , 2855.6260000000002037, 0
, , 2855.6309999999998581, 0, , , 2855.6309999999998581, 1, , , 2855.6309999999998581, 1, , , 2855.6309999999998581, 0
, , 2855.637000000000171, 0, , , 2855.637000000000171, 1, , , 2855.637000000000171, 1, , , 2855.637000000000171, 0
, , 2855.6410000000000764, 0, , , 2855.6410000000000764, 1, , , 2855.6410000000000764, 1, , , 2855.6410000000000764, 0
, , 2855.6460000000001855, 0, , , 2855.6460000000001855, 1, , , 2855.6460000000001855, 1, , , 2855.6460000000001855, 0
, , 2855.6509999999998399, 0, , , 2855.6509999999998399, 1, , , 2855.6509999999998399, 1, , , 2855.6509999999998399, 0
, , 2855.6559999999999491, 0, , , 2855.6559999999999491, 1, , , 2855.6559999999999491, 1, , , 2855.6559999999999491, 0
, , 2855.6610000000000582, 0, , , 2855.6610000000000582, 1, , , 2855.6610000000000582, 1, , , 2855.6610000000000582, 0
, , 2855.6660000000001673, 0, , , 2855.6660000000001673, 1, , , 2855.6660000000001673, 1, , , 2855.6660000000001673, 0
, , 2855.6709999999998217, 0, , , 2855.6709999999998217, 1, , , 2855.6709999999998217, 1, , , 2855.6709999999998217, 0
, , 2855.6759999999999309, 0, , , 2855.6759999999999309, 1, , , 2855.6759999999999309, 1, , , 2855.6759999999999309, 0
, , 2855.68100000000004, 0, , , 2855.68100000000004, 1, , , 2855.68100000000004, 1, , , 2855.68100000000004, 0
, , 2855.6860000000001492, 0, , , 2855.6860000000001492, 1, , , 2855.6860000000001492, 1, , , 2855.6860000000001492, 0
, , 2855.6920000000000073, 0, , , 2855.6920000000000073, 1, , , 2855.6920000000000073, 1, , , 2855.6920000000000073, 0
, , 2855.6959999999999127, 0, , , 2855.6959999999999127, 1, , , 2855.6959999999999127, 1, , , 2855.6959999999999127, 0
, , 2855.7010000000000218, 0, , , 2855.7010000000000218, 1, , , 2855.7010000000000218, 1, , , 2855.7010000000000218, 0
, , 2855.706000000000131, 0, , , 2855.706000000000131, 1, , , 2855.706000000000131, 1, , , 2855.706000000000131, 0
, , 2855.7109999999997854, 0, , , 2855.7109999999997854, 1, , , 2855.7109999999997854, 1, , , 2855.7109999999997854, 0
, , 2855.7170000000000982, 0, , , 2855.7170000000000982, 1, , , 2855.7170000000000982, 1, , , 2855.7170000000000982, 0
, , 2855.7210000000000036, 0, , , 2855.7210000000000036, 1, , , 2855.7210000000000036, 1, , , 2855.7210000000000036, 0
, , 2855.7280000000000655, 0, , , 2855.7280000000000655, 1, , , 2855.7280000000000655, 1, , , 2855.7280000000000655, 0
, , 2855.7310000000002219, 0, , , 2855.7310000000002219, 1, , , 2855.7310000000002219, 1, , , 2855.7310000000002219, 0
, , 2855.73700000000008, 0, , , 2855.73700000000008, 1, , , 2855.73700000000008, 1, , , 2855.73700000000008, 0
, , 2855.7409999999999854, 0, , , 2855.7409999999999854, 1, , , 2855.7409999999999854, 1, , , 2855.7409999999999854, 0
, , 2855.7460000000000946, 0, , , 2855.7460000000000946, 1, , , 2855.7460000000000946, 1, , , 2855.7460000000000946, 0
, , 2855.7510000000002037, 0, , , 2855.7510000000002037, 1, , , 2855.7510000000002037, 1, , , 2855.7510000000002037, 0
, , 2855.7559999999998581, 0, , , 2855.7559999999998581, 1, , , 2855.7559999999998581, 1, , , 2855.7559999999998581, 0
, , 2855.76299999999992, 0, , , 2855.76299999999992, 1, , , 2855.76299999999992, 1, , , 2855.76299999999992, 0
, , 2855.7669999999998254, 0, , , 2855.7669999999998254, 1, , , 2855.7669999999998254, 1, , , 2855.7669999999998254, 0
, , 2855.7710000000001855, 0, , , 2855.7710000000001855, 1, , , 2855.7710000000001855, 1, , , 2855.7710000000001855, 0
, , 2855.7759999999998399, 0, , , 2855.7759999999998399, 1, , , 2855.7759999999998399, 1, , , 2855.7759999999998399, 0
, , 2855.7809999999999491, 0, , , 2855.7809999999999491, 1, , , 2855.7809999999999491, 1, , , 2855.7809999999999491, 0
, , 2855.7860000000000582, 0, , , 2855.7860000000000582, 1, , , 2855.7860000000000582, 1, , , 2855.7860000000000582, 0
, , 2855.7910000000001673, 0, , , 2855.7910000000001673, 1, , , 2855.7910000000001673, 1, , , 2855.7910000000001673, 0
, , 2855.7959999999998217, 0, , , 2855.7959999999998217, 1, , , 2855.7959999999998217, 1, , , 2855.7959999999998217, 0
, , 2855.8009999999999309, 0, , , 2855.8009999999999309, 1, , , 2855.8009999999999309, 1, , , 2855.8009999999999309, 0
, , 2855.806999999999789, 0, , , 2855.806999999999789, 1, , , 2855.806999999999789, 1, , , 2855.806999999999789, 0
, , 2855.8110000000001492, 0, , , 2855.8110000000001492, 1, , , 2855.8110000000001492, 1, , , 2855.8110000000001492, 0
, , 2855.8159999999998035, 0, , , 2855.8159999999998035, 1, , , 2855.8159999999998035, 1, , , 2855.8159999999998035, 0
, , 2855.8220000000001164, 0, , , 2855.8220000000001164, 1, , , 2855.8220000000001164, 1, , , 2855.8220000000001164, 0
, , 2855.8260000000000218, 0, , , 2855.8260000000000218, 1, , , 2855.8260000000000218, 1, , , 2855.8260000000000218, 0
, , 2855.8319999999998799, 0, , , 2855.8319999999998799, 1, , , 2855.8319999999998799, 1, , , 2855.8319999999998799, 0
, , 2855.8359999999997854, 0, , , 2855.8359999999997854, 1, , , 2855.8359999999997854, 1, , , 2855.8359999999997854, 0
, , 2855.8409999999998945, 0, , , 2855.8409999999998945, 1, , , 2855.8409999999998945, 1, , , 2855.8409999999998945, 0
, , 2855.8460000000000036, 0, , , 2855.8460000000000036, 1, , , 2855.8460000000000036, 1, , , 2855.8460000000000036, 0
, , 2855.8510000000001128, 0, , , 2855.8510000000001128, 1, , , 2855.8510000000001128, 1, , , 2855.8510000000001128, 0
, , 2855.8560000000002219, 1, , , 2855.8560000000002219, 1, , , 2855.8560000000002219, 1, , , 2855.8560000000002219, 1
, , 2855.8609999999998763, 1, , , 2855.8609999999998763, 1, , , 2855.8609999999998763, 1, , , 2855.8609999999998763, 1
, , 2855.8659999999999854, 1, , , 2855.8659999999999854, 1, , , 2855.8659999999999854, 1, , , 2855.8659999999999854, 1
, , 2855.8710000000000946, 1, , , 2855.8710000000000946, 1, , , 2855.8710000000000946, 1, , , 2855.8710000000000946, 1
, , 2855.8760000000002037, 1, , , 2855.8760000000002037, 1, , , 2855.8760000000002037, 1, , , 2855.8760000000002037, 1
, , 2855.8809999999998581, 1, , , 2855.8809999999998581, 1, , , 2855.8809999999998581, 1, , , 2855.8809999999998581, 1
, , 2855.88799999999992, 1, , , 2855.88799999999992, 1, , , 2855.88799999999992, 1, , , 2855.88799999999992, 1
, , 2855.8910000000000764, 1, , , 2855.8910000000000764, 1, , , 2855.8910000000000764, 1, , , 2855.8910000000000764, 1
, , 2855.8960000000001855, 1, , , 2855.8960000000001855, 1, , , 2855.8960000000001855, 1, , , 2855.8960000000001855, 1
, , 2855.9029999999997926, 1, , , 2855.9029999999997926, 1, , , 2855.9029999999997926, 1, , , 2855.9029999999997926, 1
, , 2855.9059999999999491, 1, , , 2855.9059999999999491, 1, , , 2855.9059999999999491, 1, , , 2855.9059999999999491, 1
, , 2855.9110000000000582, 1, , , 2855.9110000000000582, 1, , , 2855.9110000000000582, 1, , , 2855.9110000000000582, 1
, , 2855.9160000000001673, 1, , , 2855.9160000000001673, 1, , , 2855.9160000000001673, 1, , , 2855.9160000000001673, 1
, , 2855.9209999999998217, 1, , , 2855.9209999999998217, 1, , , 2855.9209999999998217, 1, , , 2855.9209999999998217, 1
, , 2855.9259999999999309, 1, , , 2855.9259999999999309, 1, , , 2855.9259999999999309, 1, , , 2855.9259999999999309, 1
, , 2855.931999999999789, 1, , , 2855.931999999999789, 0, , , 2855.931999999999789, 0, , , 2855.931999999999789, 1
, , 2855.9360000000001492, 1, , , 2855.9360000000001492, 0, , , 2855.9360000000001492, 0, , , 2855.9360000000001492, 1
, , 2855.9409999999998035, 1, , , 2855.9409999999998035, 0, , , 2855.9409999999998035, 0, , , 2855.9409999999998035, 1
, , 2855.9459999999999127, 1, , , 2855.9459999999999127, 0, , , 2855.9459999999999127, 0, , , 2855.9459999999999127, 1
, , 2855.9510000000000218, 1, , , 2855.9510000000000218, 0, , , 2855.9510000000000218, 0, , , 2855.9510000000000218, 1
, , 2855.956000000000131, 1, , , 2855.956000000000131, 0, , , 2855.956000000000131, 0, , , 2855.956000000000131, 1
, , 2855.9609999999997854, 1, , , 2855.9609999999997854, 0, , , 2855.9609999999997854, 0, , , 2855.9609999999997854, 1
, , 2855.9659999999998945, 1, , , 2855.9659999999998945, 0, , , 2855.9659999999998945, 0, , , 2855.9659999999998945, 1
, , 2855.9720000000002074, 1, , , 2855.9720000000002074, 0, , , 2855.9720000000002074, 0, , , 2855.9720000000002074, 1
, , 2855.9760000000001128, 1, , , 2855.9760000000001128, 0, , , 2855.9760000000001128, 0, , , 2855.9760000000001128, 1
, , 2855.9810000000002219, 1, , , 2855.9810000000002219, 0, , , 2855.9810000000002219, 0, , , 2855.9810000000002219, 1
, , 2855.98700000000008, 1, , , 2855.98700000000008, 0, , , 2855.98700000000008, 0, , , 2855.98700000000008, 1
, , 2855.9909999999999854, 1, , , 2855.9909999999999854, 0, , , 2855.9909999999999854, 0, , , 2855.9909999999999854, 1
, , 2855.9960000000000946, 1, , , 2855.9960000000000946, 0, , , 2855.9960000000000946, 0, , , 2855.9960000000000946, 1
, , 2856.0030000000001564, 1, , , 2856.0030000000001564, 0, , , 2856.0030000000001564, 0, , , 2856.0030000000001564, 1
, , 2856.0079999999998108, 1, , , 2856.0079999999998108, 0, , , 2856.0079999999998108, 0, , , 2856.0079999999998108, 1
, , 2856.0109999999999673, 1, , , 2856.0109999999999673, 0, , , 2856.0109999999999673, 0, , , 2856.0109999999999673, 1
, , 2856.0169999999998254, 1, , , 2856.0169999999998254, 0, , , 2856.0169999999998254, 0, , , 2856.0169999999998254, 1
, , 2856.0210000000001855, 1, , , 2856.0210000000001855, 0, , , 2856.0210000000001855, 0, , , 2856.0210000000001855, 1
, , 2856.0250000000000909, 1, , , 2856.0250000000000909, 0, , , 2856.0250000000000909, 0, , , 2856.0250000000000909, 1
, , 2856.0320000000001528, 1, , , 2856.0320000000001528, 0, , , 2856.0320000000001528, 0, , , 2856.0320000000001528, 1
, , 2856.0349999999998545, 1, , , 2856.0349999999998545, 0, , , 2856.0349999999998545, 0, , , 2856.0349999999998545, 1
, , 2856.0410000000001673, 1, , , 2856.0410000000001673, 0, , , 2856.0410000000001673, 0, , , 2856.0410000000001673, 1
, , 2856.0470000000000255, 1, , , 2856.0470000000000255, 0, , , 2856.0470000000000255, 0, , , 2856.0470000000000255, 1
, , 2856.0509999999999309, 1, , , 2856.0509999999999309, 0, , , 2856.0509999999999309, 0, , , 2856.0509999999999309, 1
, , 2856.05600000000004, 1, , , 2856.05600000000004, 0, , , 2856.05600000000004, 0, , , 2856.05600000000004, 1
, , 2856.0599999999999454, 1, , , 2856.0599999999999454, 0, , , 2856.0599999999999454, 0, , , 2856.0599999999999454, 1
, , 2856.0659999999998035, 1, , , 2856.0659999999998035, 0, , , 2856.0659999999998035, 0, , , 2856.0659999999998035, 1
, , 2856.0709999999999127, 1, , , 2856.0709999999999127, 0, , , 2856.0709999999999127, 0, , , 2856.0709999999999127, 1
, , 2856.0770000000002256, 1, , , 2856.0770000000002256, 0, , , 2856.0770000000002256, 0, , , 2856.0770000000002256, 1
, , 2856.081000000000131, 1, , , 2856.081000000000131, 0, , , 2856.081000000000131, 0, , , 2856.081000000000131, 1
, , 2856.0859999999997854, 1, , , 2856.0859999999997854, 0, , , 2856.0859999999997854, 0, , , 2856.0859999999997854, 1
, , 2856.0909999999998945, 1, , , 2856.0909999999998945, 0, , , 2856.0909999999998945, 0, , , 2856.0909999999998945, 1
, , 2856.0970000000002074, 1, , , 2856.0970000000002074, 0, , , 2856.0970000000002074, 0, , , 2856.0970000000002074, 1
, , 2856.1010000000001128, 1, , , 2856.1010000000001128, 0, , , 2856.1010000000001128, 0, , , 2856.1010000000001128, 1
, , 2856.1069999999999709, 1, , , 2856.1069999999999709, 0, , , 2856.1069999999999709, 0, , , 2856.1069999999999709, 1
, , 2856.1109999999998763, 1, , , 2856.1109999999998763, 0, , , 2856.1109999999998763, 0, , , 2856.1109999999998763, 1
, , 2856.1159999999999854, 1, , , 2856.1159999999999854, 0, , , 2856.1159999999999854, 0, , , 2856.1159999999999854, 1
, , 2856.1199999999998909, 1, , , 2856.1199999999998909, 0, , , 2856.1199999999998909, 0, , , 2856.1199999999998909, 1
, , 2856.1260000000002037, 1, , , 2856.1260000000002037, 0, , , 2856.1260000000002037, 0, , , 2856.1260000000002037, 1
, , 2856.1309999999998581, 1, , , 2856.1309999999998581, 0, , , 2856.1309999999998581, 0, , , 2856.1309999999998581, 1
, , 2856.1359999999999673, 1, , , 2856.1359999999999673, 0, , , 2856.1359999999999673, 0, , , 2856.1359999999999673, 1
, , 2856.1410000000000764, 1, , , 2856.1410000000000764, 0, , , 2856.1410000000000764, 0, , , 2856.1410000000000764, 1
, , 2856.1460000000001855, 1, , , 2856.1460000000001855, 0, , , 2856.1460000000001855, 0, , , 2856.1460000000001855, 1
, , 2856.1509999999998399, 1, , , 2856.1509999999998399, 0, , , 2856.1509999999998399, 0, , , 2856.1509999999998399, 1
, , 2856.1559999999999491, 1, , , 2856.1559999999999491, 0, , , 2856.1559999999999491, 0, , , 2856.1559999999999491, 1
, , 2856.1610000000000582, 1, , , 2856.1610000000000582, 0, , , 2856.1610000000000582, 0, , , 2856.1610000000000582, 1
, , 2856.1660000000001673, 1, , , 2856.1660000000001673, 0, , , 2856.1660000000001673, 0, , , 2856.1660000000001673, 1
, , 2856.1709999999998217, 1, , , 2856.1709999999998217, 0, , , 2856.1709999999998217, 0, , , 2856.1709999999998217, 1
, , 2856.1770000000001346, 1, , , 2856.1770000000001346, 1, , , 2856.1770000000001346, 1, , , 2856.1770000000001346, 1
, , 2856.181999999999789, 1, , , 2856.181999999999789, 1, , , 2856.181999999999789, 1, , , 2856.181999999999789, 1
, , 2856.1860000000001492, 1, , , 2856.1860000000001492, 1, , , 2856.1860000000001492, 1, , , 2856.1860000000001492, 1
, , 2856.1909999999998035, 1, , , 2856.1909999999998035, 1, , , 2856.1909999999998035, 1, , , 2856.1909999999998035, 1
, , 2856.1970000000001164, 1, , , 2856.1970000000001164, 1, , , 2856.1970000000001164, 1, , , 2856.1970000000001164, 1
, , 2856.2010000000000218, 1, , , 2856.2010000000000218, 1, , , 2856.2010000000000218, 1, , , 2856.2010000000000218, 1
, , 2856.206000000000131, 1, , , 2856.206000000000131, 1, , , 2856.206000000000131, 1, , , 2856.206000000000131, 1
, , 2856.2119999999999891, 1, , , 2856.2119999999999891, 1, , , 2856.2119999999999891, 1, , , 2856.2119999999999891, 1
, , 2856.2150000000001455, 1, , , 2856.2150000000001455, 1, , , 2856.2150000000001455, 1, , , 2856.2150000000001455, 1
, , 2856.2220000000002074, 1, , , 2856.2220000000002074, 1, , , 2856.2220000000002074, 1, , , 2856.2220000000002074, 1
, , 2856.2260000000001128, 1, , , 2856.2260000000001128, 1, , , 2856.2260000000001128, 1, , , 2856.2260000000001128, 1
, , 2856.2319999999999709, 1, , , 2856.2319999999999709, 1, , , 2856.2319999999999709, 1, , , 2856.2319999999999709, 1
, , 2856.23700000000008, 1, , , 2856.23700000000008, 1, , , 2856.23700000000008, 1, , , 2856.23700000000008, 1
, , 2856.2399999999997817, 1, , , 2856.2399999999997817, 1, , , 2856.2399999999997817, 1, , , 2856.2399999999997817, 1
, , 2856.2460000000000946, 1, , , 2856.2460000000000946, 1, , , 2856.2460000000000946, 1, , , 2856.2460000000000946, 1
, , 2856.2510000000002037, 1, , , 2856.2510000000002037, 1, , , 2856.2510000000002037, 1, , , 2856.2510000000002037, 1
, , 2856.2570000000000618, 0, , , 2856.2570000000000618, 1, , , 2856.2570000000000618, 1, , , 2856.2570000000000618, 0
, , 2856.2609999999999673, 0, , , 2856.2609999999999673, 1, , , 2856.2609999999999673, 1, , , 2856.2609999999999673, 0
, , 2856.2660000000000764, 0, , , 2856.2660000000000764, 1, , , 2856.2660000000000764, 1, , , 2856.2660000000000764, 0
, , 2856.2719999999999345, 0, , , 2856.2719999999999345, 1, , , 2856.2719999999999345, 1, , , 2856.2719999999999345, 0
, , 2856.2779999999997926, 0, , , 2856.2779999999997926, 1, , , 2856.2779999999997926, 1, , , 2856.2779999999997926, 0
, , 2856.2809999999999491, 0, , , 2856.2809999999999491, 1, , , 2856.2809999999999491, 1, , , 2856.2809999999999491, 0
, , 2856.2860000000000582, 0, , , 2856.2860000000000582, 1, , , 2856.2860000000000582, 1, , , 2856.2860000000000582, 0
, , 2856.2910000000001673, 0, , , 2856.2910000000001673, 1, , , 2856.2910000000001673, 1, , , 2856.2910000000001673, 0
, , 2856.2970000000000255, 0, , , 2856.2970000000000255, 1, , , 2856.2970000000000255, 1, , , 2856.2970000000000255, 0
, , 2856.3020000000001346, 0, , , 2856.3020000000001346, 1, , , 2856.3020000000001346, 1, , , 2856.3020000000001346, 0
, , 2856.30600000000004, 0, , , 2856.30600000000004, 1, , , 2856.30600000000004, 1, , , 2856.30600000000004, 0
, , 2856.3110000000001492, 0, , , 2856.3110000000001492, 1, , , 2856.3110000000001492, 1, , , 2856.3110000000001492, 0
, , 2856.3170000000000073, 0, , , 2856.3170000000000073, 1, , , 2856.3170000000000073, 1, , , 2856.3170000000000073, 0
, , 2856.3209999999999127, 0, , , 2856.3209999999999127, 1, , , 2856.3209999999999127, 1, , , 2856.3209999999999127, 0
, , 2856.3260000000000218, 0, , , 2856.3260000000000218, 1, , , 2856.3260000000000218, 1, , , 2856.3260000000000218, 0
, , 2856.3319999999998799, 0, , , 2856.3319999999998799, 1, , , 2856.3319999999998799, 1, , , 2856.3319999999998799, 0
, , 2856.3359999999997854, 0, , , 2856.3359999999997854, 1, , , 2856.3359999999997854, 1, , , 2856.3359999999997854, 0
, , 2856.3420000000000982, 0, , , 2856.3420000000000982, 1, , , 2856.3420000000000982, 1, , , 2856.3420000000000982, 0
, , 2856.3470000000002074, 0, , , 2856.3470000000002074, 1, , , 2856.3470000000002074, 1, , , 2856.3470000000002074, 0
, , 2856.3530000000000655, 0, , , 2856.3530000000000655, 1, , , 2856.3530000000000655, 1, , , 2856.3530000000000655, 0
, , 2856.3569999999999709, 0, , , 2856.3569999999999709, 1, , , 2856.3569999999999709, 1, , , 2856.3569999999999709, 0
, , 2856.3609999999998763, 0, , , 2856.3609999999998763, 1, , , 2856.3609999999998763, 1, , , 2856.3609999999998763, 0
, , 2856.3659999999999854, 0, , , 2856.3659999999999854, 1, , , 2856.3659999999999854, 1, , , 2856.3659999999999854, 0
, , 2856.3710000000000946, 0, , , 2856.3710000000000946, 1, , , 2856.3710000000000946, 1, , , 2856.3710000000000946, 0
, , 2856.3760000000002037, 0, , , 2856.3760000000002037, 1, , , 2856.3760000000002037, 1, , , 2856.3760000000002037, 0
, , 2856.3820000000000618, 0, , , 2856.3820000000000618, 1, , , 2856.3820000000000618, 1, , , 2856.3820000000000618, 0
, , 2856.3859999999999673, 0, , , 2856.3859999999999673, 1, , , 2856.3859999999999673, 1, , , 2856.3859999999999673, 0
, , 2856.3919999999998254, 0, , , 2856.3919999999998254, 1, , , 2856.3919999999998254, 1, , , 2856.3919999999998254, 0
, , 2856.3960000000001855, 0, , , 2856.3960000000001855, 1, , , 2856.3960000000001855, 1, , , 2856.3960000000001855, 0
, , 2856.4009999999998399, 0, , , 2856.4009999999998399, 1, , , 2856.4009999999998399, 1, , , 2856.4009999999998399, 0
, , 2856.4059999999999491, 0, , , 2856.4059999999999491, 1, , , 2856.4059999999999491, 1, , , 2856.4059999999999491, 0
, , 2856.4110000000000582, 0, , , 2856.4110000000000582, 1, , , 2856.4110000000000582, 1, , , 2856.4110000000000582, 0
, , 2856.4160000000001673, 0, , , 2856.4160000000001673, 1, , , 2856.4160000000001673, 1, , , 2856.4160000000001673, 0
, , 2856.4220000000000255, 0, , , 2856.4220000000000255, 1, , , 2856.4220000000000255, 1, , , 2856.4220000000000255, 0
, , 2856.4259999999999309, 0, , , 2856.4259999999999309, 1, , , 2856.4259999999999309, 1, , , 2856.4259999999999309, 0
, , 2856.43100000000004, 0, , , 2856.43100000000004, 1, , , 2856.43100000000004, 1, , , 2856.43100000000004, 0
, , 2856.4349999999999454, 0, , , 2856.4349999999999454, 1, , , 2856.4349999999999454, 1, , , 2856.4349999999999454, 0
, , 2856.4420000000000073, 0, , , 2856.4420000000000073, 1, , , 2856.4420000000000073, 1, , , 2856.4420000000000073, 0
, , 2856.4470000000001164, 0, , , 2856.4470000000001164, 1, , , 2856.4470000000001164, 1, , , 2856.4470000000001164, 0
, , 2856.4520000000002256, 0, , , 2856.4520000000002256, 1, , , 2856.4520000000002256, 1, , , 2856.4520000000002256, 0
, , 2856.456000000000131, 0, , , 2856.456000000000131, 1, , , 2856.456000000000131, 1, , , 2856.456000000000131, 0
, , 2856.4619999999999891, 0, , , 2856.4619999999999891, 1, , , 2856.4619999999999891, 1, , , 2856.4619999999999891, 0
, , 2856.4670000000000982, 0, , , 2856.4670000000000982, 1, , , 2856.4670000000000982, 1, , , 2856.4670000000000982, 0
, , 2856.4710000000000036, 0, , , 2856.4710000000000036, 1, , , 2856.4710000000000036, 1, , , 2856.4710000000000036, 0
, , 2856.4760000000001128, 0, , , 2856.4760000000001128, 1, , , 2856.4760000000001128, 1, , , 2856.4760000000001128, 0
, , 2856.4810000000002219, 0, , , 2856.4810000000002219, 1, , , 2856.4810000000002219, 1, , , 2856.4810000000002219, 0
, , 2856.4859999999998763, 0, , , 2856.4859999999998763, 1, , , 2856.4859999999998763, 1, , , 2856.4859999999998763, 0
, , 2856.4899999999997817, 0, , , 2856.4899999999997817, 1, , , 2856.4899999999997817, 1, , , 2856.4899999999997817, 0
, , 2856.4969999999998436, 0, , , 2856.4969999999998436, 1, , , 2856.4969999999998436, 1, , , 2856.4969999999998436, 0
, , 2856.5010000000002037, 0, , , 2856.5010000000002037, 1, , , 2856.5010000000002037, 1, , , 2856.5010000000002037, 0
, , 2856.5059999999998581, 1, , , 2856.5059999999998581, 1, , , 2856.5059999999998581, 1, , , 2856.5059999999998581, 1
, , 2856.5109999999999673, 1, , , 2856.5109999999999673, 1, , , 2856.5109999999999673, 1, , , 2856.5109999999999673, 1
, , 2856.5169999999998254, 1, , , 2856.5169999999998254, 1, , , 2856.5169999999998254, 1, , , 2856.5169999999998254, 1
, , 2856.5219999999999345, 1, , , 2856.5219999999999345, 1, , , 2856.5219999999999345, 1, , , 2856.5219999999999345, 1
, , 2856.5259999999998399, 1, , , 2856.5259999999998399, 1, , , 2856.5259999999998399, 1, , , 2856.5259999999998399, 1
, , 2856.5320000000001528, 1, , , 2856.5320000000001528, 1, , , 2856.5320000000001528, 1, , , 2856.5320000000001528, 1
, , 2856.5360000000000582, 1, , , 2856.5360000000000582, 1, , , 2856.5360000000000582, 1, , , 2856.5360000000000582, 1
, , 2856.5399999999999636, 1, , , 2856.5399999999999636, 1, , , 2856.5399999999999636, 1, , , 2856.5399999999999636, 1
, , 2856.5459999999998217, 1, , , 2856.5459999999998217, 1, , , 2856.5459999999998217, 1, , , 2856.5459999999998217, 1
, , 2856.5509999999999309, 1, , , 2856.5509999999999309, 1, , , 2856.5509999999999309, 1, , , 2856.5509999999999309, 1
, , 2856.55600000000004, 1, , , 2856.55600000000004, 1, , , 2856.55600000000004, 1, , , 2856.55600000000004, 1
, , 2856.5610000000001492, 1, , , 2856.5610000000001492, 1, , , 2856.5610000000001492, 1, , , 2856.5610000000001492, 1
, , 2856.5659999999998035, 1, , , 2856.5659999999998035, 1, , , 2856.5659999999998035, 1, , , 2856.5659999999998035, 1
, , 2856.5720000000001164, 1, , , 2856.5720000000001164, 1, , , 2856.5720000000001164, 1, , , 2856.5720000000001164, 1
, , 2856.5760000000000218, 1, , , 2856.5760000000000218, 1, , , 2856.5760000000000218, 1, , , 2856.5760000000000218, 1
, , 2856.5799999999999272, 1, , , 2856.5799999999999272, 0, , , 2856.5799999999999272, 0, , , 2856.5799999999999272, 1
, , 2856.5859999999997854, 1, , , 2856.5859999999997854, 0, , , 2856.5859999999997854, 0, , , 2856.5859999999997854, 1
, , 2856.5909999999998945, 1, , , 2856.5909999999998945, 0, , , 2856.5909999999998945, 0, , , 2856.5909999999998945, 1
, , 2856.5970000000002074, 1, , , 2856.5970000000002074, 0, , , 2856.5970000000002074, 0, , , 2856.5970000000002074, 1
, , 2856.6010000000001128, 1, , , 2856.6010000000001128, 0, , , 2856.6010000000001128, 0, , , 2856.6010000000001128, 1
, , 2856.6060000000002219, 1, , , 2856.6060000000002219, 0, , , 2856.6060000000002219, 0, , , 2856.6060000000002219, 1
, , 2856.61200000000008, 1, , , 2856.61200000000008, 0, , , 2856.61200000000008, 0, , , 2856.61200000000008, 1
, , 2856.6159999999999854, 1, , , 2856.6159999999999854, 0, , , 2856.6159999999999854, 0, , , 2856.6159999999999854, 1
, , 2856.6219999999998436, 1, , , 2856.6219999999998436, 0, , , 2856.6219999999998436, 0, , , 2856.6219999999998436, 1
, , 2856.6280000000001564, 1, , , 2856.6280000000001564, 0, , , 2856.6280000000001564, 0, , , 2856.6280000000001564, 1
, , 2856.6320000000000618, 1, , , 2856.6320000000000618, 0, , , 2856.6320000000000618, 0, , , 2856.6320000000000618, 1
, , 2856.6359999999999673, 1, , , 2856.6359999999999673, 0, , , 2856.6359999999999673, 0, , , 2856.6359999999999673, 1
, , 2856.6410000000000764, 1, , , 2856.6410000000000764, 0, , , 2856.6410000000000764, 0, , , 2856.6410000000000764, 1
, , 2856.6460000000001855, 1, , , 2856.6460000000001855, 0, , , 2856.6460000000001855, 0, , , 2856.6460000000001855, 1
, , 2856.6520000000000437, 1, , , 2856.6520000000000437, 0, , , 2856.6520000000000437, 0, , , 2856.6520000000000437, 1
, , 2856.6559999999999491, 1, , , 2856.6559999999999491, 0, , , 2856.6559999999999491, 0, , , 2856.6559999999999491, 1
, , 2856.6610000000000582, 1, , , 2856.6610000000000582, 0, , , 2856.6610000000000582, 0, , , 2856.6610000000000582, 1
, , 2856.6660000000001673, 1, , , 2856.6660000000001673, 0, , , 2856.6660000000001673, 0, , , 2856.6660000000001673, 1
, , 2856.6709999999998217, 1, , , 2856.6709999999998217, 0, , , 2856.6709999999998217, 0, , , 2856.6709999999998217, 1
, , 2856.6759999999999309, 1, , , 2856.6759999999999309, 0, , , 2856.6759999999999309, 0, , , 2856.6759999999999309, 1
, , 2856.681999999999789, 1, , , 2856.681999999999789, 0, , , 2856.681999999999789, 0, , , 2856.681999999999789, 1
, , 2856.6860000000001492, 1, , , 2856.6860000000001492, 0, , , 2856.6860000000001492, 0, , , 2856.6860000000001492, 1
, , 2856.6920000000000073, 1, , , 2856.6920000000000073, 0, , , 2856.6920000000000073, 0, , , 2856.6920000000000073, 1
, , 2856.6959999999999127, 1, , , 2856.6959999999999127, 0, , , 2856.6959999999999127, 0, , , 2856.6959999999999127, 1
, , 2856.7020000000002256, 1, , , 2856.7020000000002256, 0, , , 2856.7020000000002256, 0, , , 2856.7020000000002256, 1
, , 2856.7069999999998799, 1, , , 2856.7069999999998799, 0, , , 2856.7069999999998799, 0, , , 2856.7069999999998799, 1
, , 2856.7109999999997854, 1, , , 2856.7109999999997854, 0, , , 2856.7109999999997854, 0, , , 2856.7109999999997854, 1
, , 2856.7159999999998945, 1, , , 2856.7159999999998945, 0, , , 2856.7159999999998945, 0, , , 2856.7159999999998945, 1
, , 2856.7210000000000036, 1, , , 2856.7210000000000036, 0, , , 2856.7210000000000036, 0, , , 2856.7210000000000036, 1
, , 2856.7260000000001128, 1, , , 2856.7260000000001128, 0, , , 2856.7260000000001128, 0, , , 2856.7260000000001128, 1
, , 2856.7319999999999709, 1, , , 2856.7319999999999709, 0, , , 2856.7319999999999709, 0, , , 2856.7319999999999709, 1
, , 2856.7359999999998763, 1, , , 2856.7359999999998763, 0, , , 2856.7359999999998763, 0, , , 2856.7359999999998763, 1
, , 2856.7409999999999854, 1, , , 2856.7409999999999854, 0, , , 2856.7409999999999854, 0, , , 2856.7409999999999854, 1
, , 2856.7460000000000946, 1, , , 2856.7460000000000946, 0, , , 2856.7460000000000946, 0, , , 2856.7460000000000946, 1
, , 2856.7519999999999527, 1, , , 2856.7519999999999527, 0, , , 2856.7519999999999527, 0, , , 2856.7519999999999527, 1
, , 2856.7559999999998581, 1, , , 2856.7559999999998581, 0, , , 2856.7559999999998581, 0, , , 2856.7559999999998581, 1
, , 2856.7609999999999673, 1, , , 2856.7609999999999673, 0, , , 2856.7609999999999673, 0, , , 2856.7609999999999673, 1
, , 2856.7660000000000764, 1, , , 2856.7660000000000764, 0, , , 2856.7660000000000764, 0, , , 2856.7660000000000764, 1
, , 2856.7710000000001855, 1, , , 2856.7710000000001855, 0, , , 2856.7710000000001855, 0, , , 2856.7710000000001855, 1
, , 2856.7770000000000437, 1, , , 2856.7770000000000437, 0, , , 2856.7770000000000437, 0, , , 2856.7770000000000437, 1
, , 2856.7809999999999491, 1, , , 2856.7809999999999491, 0, , , 2856.7809999999999491, 0, , , 2856.7809999999999491, 1
, , 2856.7860000000000582, 1, , , 2856.7860000000000582, 0, , , 2856.7860000000000582, 0, , , 2856.7860000000000582, 1
, , 2856.7910000000001673, 1, , , 2856.7910000000001673, 0, , , 2856.7910000000001673, 0, , , 2856.7910000000001673, 1
, , 2856.7950000000000728, 1, , , 2856.7950000000000728, 0, , , 2856.7950000000000728, 0, , , 2856.7950000000000728, 1
, , 2856.8009999999999309, 1, , , 2856.8009999999999309, 0, , , 2856.8009999999999309, 0, , , 2856.8009999999999309, 1
, , 2856.80600000000004, 1, , , 2856.80600000000004, 0, , , 2856.80600000000004, 0, , , 2856.80600000000004, 1
, , 2856.8119999999998981, 1, , , 2856.8119999999998981, 0, , , 2856.8119999999998981, 0, , , 2856.8119999999998981, 1
, , 2856.8159999999998035, 1, , , 2856.8159999999998035, 0, , , 2856.8159999999998035, 0, , , 2856.8159999999998035, 1
, , 2856.8220000000001164, 1, , , 2856.8220000000001164, 0, , , 2856.8220000000001164, 0, , , 2856.8220000000001164, 1
, , 2856.8260000000000218, 1, , , 2856.8260000000000218, 0, , , 2856.8260000000000218, 0, , , 2856.8260000000000218, 1
, , 2856.831000000000131, 1, , , 2856.831000000000131, 1, , , 2856.831000000000131, 1, , , 2856.831000000000131, 1
, , 2856.8359999999997854, 1, , , 2856.8359999999997854, 1, , , 2856.8359999999997854, 1, , , 2856.8359999999997854, 1
, , 2856.8409999999998945, 1, , , 2856.8409999999998945, 1, , , 2856.8409999999998945, 1, , , 2856.8409999999998945, 1
, , 2856.8460000000000036, 1, , , 2856.8460000000000036, 1, , , 2856.8460000000000036, 1, , , 2856.8460000000000036, 1
, , 2856.8499999999999091, 1, , , 2856.8499999999999091, 1, , , 2856.8499999999999091, 1, , , 2856.8499999999999091, 1
, , 2856.8560000000002219, 1, , , 2856.8560000000002219, 1, , , 2856.8560000000002219, 1, , , 2856.8560000000002219, 1
, , 2856.8609999999998763, 1, , , 2856.8609999999998763, 1, , , 2856.8609999999998763, 1, , , 2856.8609999999998763, 1
, , 2856.8670000000001892, 1, , , 2856.8670000000001892, 1, , , 2856.8670000000001892, 1, , , 2856.8670000000001892, 1
, , 2856.8719999999998436, 1, , , 2856.8719999999998436, 1, , , 2856.8719999999998436, 1, , , 2856.8719999999998436, 1
, , 2856.8760000000002037, 1, , , 2856.8760000000002037, 1, , , 2856.8760000000002037, 1, , , 2856.8760000000002037, 1
, , 2856.8820000000000618, 1, , , 2856.8820000000000618, 1, , , 2856.8820000000000618, 1, , , 2856.8820000000000618, 1
, , 2856.887000000000171, 1, , , 2856.887000000000171, 1, , , 2856.887000000000171, 1, , , 2856.887000000000171, 1
, , 2856.8919999999998254, 1, , , 2856.8919999999998254, 1, , , 2856.8919999999998254, 1, , , 2856.8919999999998254, 1
, , 2856.8960000000001855, 1, , , 2856.8960000000001855, 1, , , 2856.8960000000001855, 1, , , 2856.8960000000001855, 1
, , 2856.9009999999998399, 1, , , 2856.9009999999998399, 1, , , 2856.9009999999998399, 1, , , 2856.9009999999998399, 1
, , 2856.9059999999999491, 0, , , 2856.9059999999999491, 1, , , 2856.9059999999999491, 1, , , 2856.9059999999999491, 0
, , 2856.9110000000000582, 0, , , 2856.9110000000000582, 1, , , 2856.9110000000000582, 1, , , 2856.9110000000000582, 0
, , 2856.9169999999999163, 0, , , 2856.9169999999999163, 1, , , 2856.9169999999999163, 1, , , 2856.9169999999999163, 0
, , 2856.9220000000000255, 0, , , 2856.9220000000000255, 1, , , 2856.9220000000000255, 1, , , 2856.9220000000000255, 0
, , 2856.9259999999999309, 0, , , 2856.9259999999999309, 1, , , 2856.9259999999999309, 1, , , 2856.9259999999999309, 0
, , 2856.931999999999789, 0, , , 2856.931999999999789, 1, , , 2856.931999999999789, 1, , , 2856.931999999999789, 0
, , 2856.9369999999998981, 0, , , 2856.9369999999998981, 1, , , 2856.9369999999998981, 1, , , 2856.9369999999998981, 0
, , 2856.9420000000000073, 0, , , 2856.9420000000000073, 1, , , 2856.9420000000000073, 1, , , 2856.9420000000000073, 0
, , 2856.9459999999999127, 0, , , 2856.9459999999999127, 1, , , 2856.9459999999999127, 1, , , 2856.9459999999999127, 0
, , 2856.9510000000000218, 0, , , 2856.9510000000000218, 1, , , 2856.9510000000000218, 1, , , 2856.9510000000000218, 0
, , 2856.956000000000131, 0, , , 2856.956000000000131, 1, , , 2856.956000000000131, 1, , , 2856.956000000000131, 0
, , 2856.9609999999997854, 0, , , 2856.9609999999997854, 1, , , 2856.9609999999997854, 1, , , 2856.9609999999997854, 0
, , 2856.9659999999998945, 0, , , 2856.9659999999998945, 1, , , 2856.9659999999998945, 1, , , 2856.9659999999998945, 0
, , 2856.9710000000000036, 0, , , 2856.9710000000000036, 1, , , 2856.9710000000000036, 1, , , 2856.9710000000000036, 0
, , 2856.9760000000001128, 0, , , 2856.9760000000001128, 1, , , 2856.9760000000001128, 1, , , 2856.9760000000001128, 0
, , 2856.9810000000002219, 0, , , 2856.9810000000002219, 1, , , 2856.9810000000002219, 1, , , 2856.9810000000002219, 0
, , 2856.98700000000008, 0, , , 2856.98700000000008, 1, , , 2856.98700000000008, 1, , , 2856.98700000000008, 0
, , 2856.9909999999999854, 0, , , 2856.9909999999999854, 1, , , 2856.9909999999999854, 1, , , 2856.9909999999999854, 0
, , 2856.9969999999998436, 0, , , 2856.9969999999998436, 1, , , 2856.9969999999998436, 1, , , 2856.9969999999998436, 0
, , 2857.0010000000002037, 0, , , 2857.0010000000002037, 1, , , 2857.0010000000002037, 1, , , 2857.0010000000002037, 0
, , 2857.0059999999998581, 0, , , 2857.0059999999998581, 1, , , 2857.0059999999998581, 1, , , 2857.0059999999998581, 0
, , 2857.0109999999999673, 0, , , 2857.0109999999999673, 1, , , 2857.0109999999999673, 1, , , 2857.0109999999999673, 0
, , 2857.0160000000000764, 0, , , 2857.0160000000000764, 1, , , 2857.0160000000000764, 1, , , 2857.0160000000000764, 0
, , 2857.0160000000000764, 0, , , 2857.0160000000000764, 1, , , 2857.0160000000000764, 1, , , 2857.0160000000000764, 0
, , 2857.0259999999998399, 0, , , 2857.0259999999998399, 1, , , 2857.0259999999998399, 1, , , 2857.0259999999998399, 0
, , 2857.0309999999999491, 0, , , 2857.0309999999999491, 1, , , 2857.0309999999999491, 1, , , 2857.0309999999999491, 0
, , 2857.0360000000000582, 0, , , 2857.0360000000000582, 1, , , 2857.0360000000000582, 1, , , 2857.0360000000000582, 0
, , 2857.0410000000001673, 0, , , 2857.0410000000001673, 1, , , 2857.0410000000001673, 1, , , 2857.0410000000001673, 0
, , 2857.0459999999998217, 0, , , 2857.0459999999998217, 1, , , 2857.0459999999998217, 1, , , 2857.0459999999998217, 0
, , 2857.0509999999999309, 0, , , 2857.0509999999999309, 1, , , 2857.0509999999999309, 1, , , 2857.0509999999999309, 0
, , 2857.056999999999789, 0, , , 2857.056999999999789, 1, , , 2857.056999999999789, 1, , , 2857.056999999999789, 0
, , 2857.0610000000001492, 0, , , 2857.0610000000001492, 1, , , 2857.0610000000001492, 1, , , 2857.0610000000001492, 0
, , 2857.0659999999998035, 0, , , 2857.0659999999998035, 1, , , 2857.0659999999998035, 1, , , 2857.0659999999998035, 0
, , 2857.0709999999999127, 0, , , 2857.0709999999999127, 1, , , 2857.0709999999999127, 1, , , 2857.0709999999999127, 0
, , 2857.0770000000002256, 0, , , 2857.0770000000002256, 1, , , 2857.0770000000002256, 1, , , 2857.0770000000002256, 0
, , 2857.081000000000131, 0, , , 2857.081000000000131, 1, , , 2857.081000000000131, 1, , , 2857.081000000000131, 0
, , 2857.0859999999997854, 0, , , 2857.0859999999997854, 1, , , 2857.0859999999997854, 1, , , 2857.0859999999997854, 0
, , 2857.0909999999998945, 0, , , 2857.0909999999998945, 1, , , 2857.0909999999998945, 1, , , 2857.0909999999998945, 0
, , 2857.0970000000002074, 0, , , 2857.0970000000002074, 1, , , 2857.0970000000002074, 1, , , 2857.0970000000002074, 0
, , 2857.1019999999998618, 0, , , 2857.1019999999998618, 1, , , 2857.1019999999998618, 1, , , 2857.1019999999998618, 0
, , 2857.1060000000002219, 0, , , 2857.1060000000002219, 1, , , 2857.1060000000002219, 1, , , 2857.1060000000002219, 0
, , 2857.1109999999998763, 0, , , 2857.1109999999998763, 1, , , 2857.1109999999998763, 1, , , 2857.1109999999998763, 0
, , 2857.1159999999999854, 0, , , 2857.1159999999999854, 1, , , 2857.1159999999999854, 1, , , 2857.1159999999999854, 0
, , 2857.1210000000000946, 0, , , 2857.1210000000000946, 1, , , 2857.1210000000000946, 1, , , 2857.1210000000000946, 0
, , 2857.1260000000002037, 0, , , 2857.1260000000002037, 1, , , 2857.1260000000002037, 1, , , 2857.1260000000002037, 0
, , 2857.1320000000000618, 0, , , 2857.1320000000000618, 1, , , 2857.1320000000000618, 1, , , 2857.1320000000000618, 0
, , 2857.137000000000171, 0, , , 2857.137000000000171, 1, , , 2857.137000000000171, 1, , , 2857.137000000000171, 0
, , 2857.1410000000000764, 0, , , 2857.1410000000000764, 1, , , 2857.1410000000000764, 1, , , 2857.1410000000000764, 0
, , 2857.1469999999999345, 0, , , 2857.1469999999999345, 1, , , 2857.1469999999999345, 1, , , 2857.1469999999999345, 0
, , 2857.1520000000000437, 0, , , 2857.1520000000000437, 1, , , 2857.1520000000000437, 1, , , 2857.1520000000000437, 0
, , 2857.1559999999999491, 1, , , 2857.1559999999999491, 1, , , 2857.1559999999999491, 1, , , 2857.1559999999999491, 1
, , 2857.1610000000000582, 1, , , 2857.1610000000000582, 1, , , 2857.1610000000000582, 1, , , 2857.1610000000000582, 1
, , 2857.1660000000001673, 1, , , 2857.1660000000001673, 1, , , 2857.1660000000001673, 1, , , 2857.1660000000001673, 1
, , 2857.1709999999998217, 1, , , 2857.1709999999998217, 1, , , 2857.1709999999998217, 1, , , 2857.1709999999998217, 1
, , 2857.1759999999999309, 1, , , 2857.1759999999999309, 1, , , 2857.1759999999999309, 1, , , 2857.1759999999999309, 1
, , 2857.18100000000004, 1, , , 2857.18100000000004, 1, , , 2857.18100000000004, 1, , , 2857.18100000000004, 1
, , 2857.1869999999998981, 1, , , 2857.1869999999998981, 1, , , 2857.1869999999998981, 1, , , 2857.1869999999998981, 1
, , 2857.1909999999998035, 1, , , 2857.1909999999998035, 1, , , 2857.1909999999998035, 1, , , 2857.1909999999998035, 1
, , 2857.1970000000001164, 1, , , 2857.1970000000001164, 1, , , 2857.1970000000001164, 1, , , 2857.1970000000001164, 1
, , 2857.2020000000002256, 1, , , 2857.2020000000002256, 1, , , 2857.2020000000002256, 1, , , 2857.2020000000002256, 1
, , 2857.206000000000131, 1, , , 2857.206000000000131, 1, , , 2857.206000000000131, 1, , , 2857.206000000000131, 1
, , 2857.2130000000001928, 1, , , 2857.2130000000001928, 1, , , 2857.2130000000001928, 1, , , 2857.2130000000001928, 1
, , 2857.2159999999998945, 1, , , 2857.2159999999998945, 1, , , 2857.2159999999998945, 1, , , 2857.2159999999998945, 1
, , 2857.2210000000000036, 1, , , 2857.2210000000000036, 1, , , 2857.2210000000000036, 1, , , 2857.2210000000000036, 1
, , 2857.2260000000001128, 1, , , 2857.2260000000001128, 1, , , 2857.2260000000001128, 1, , , 2857.2260000000001128, 1
, , 2857.2310000000002219, 1, , , 2857.2310000000002219, 0, , , 2857.2310000000002219, 0, , , 2857.2310000000002219, 1
, , 2857.2359999999998763, 1, , , 2857.2359999999998763, 0, , , 2857.2359999999998763, 0, , , 2857.2359999999998763, 1
, , 2857.2409999999999854, 1, , , 2857.2409999999999854, 0, , , 2857.2409999999999854, 0, , , 2857.2409999999999854, 1
, , 2857.2460000000000946, 1, , , 2857.2460000000000946, 0, , , 2857.2460000000000946, 0, , , 2857.2460000000000946, 1
, , 2857.2489999999997963, 1, , , 2857.2489999999997963, 0, , , 2857.2489999999997963, 0, , , 2857.2489999999997963, 1
, , 2857.2570000000000618, 1, , , 2857.2570000000000618, 0, , , 2857.2570000000000618, 0, , , 2857.2570000000000618, 1
, , 2857.26299999999992, 1, , , 2857.26299999999992, 0, , , 2857.26299999999992, 0, , , 2857.26299999999992, 1
, , 2857.2669999999998254, 1, , , 2857.2669999999998254, 0, , , 2857.2669999999998254, 0, , , 2857.2669999999998254, 1
, , 2857.2710000000001855, 1, , , 2857.2710000000001855, 0, , , 2857.2710000000001855, 0, , , 2857.2710000000001855, 1
, , 2857.2759999999998399, 1, , , 2857.2759999999998399, 0, , , 2857.2759999999998399, 0, , , 2857.2759999999998399, 1
, , 2857.2809999999999491, 1, , , 2857.2809999999999491, 0, , , 2857.2809999999999491, 0, , , 2857.2809999999999491, 1
, , 2857.2860000000000582, 1, , , 2857.2860000000000582, 0, , , 2857.2860000000000582, 0, , , 2857.2860000000000582, 1
, , 2857.2950000000000728, 1, , , 2857.2950000000000728, 0, , , 2857.2950000000000728, 0, , , 2857.2950000000000728, 1
, , 2857.2970000000000255, 1, , , 2857.2970000000000255, 0, , , 2857.2970000000000255, 0, , , 2857.2970000000000255, 1
, , 2857.3009999999999309, 1, , , 2857.3009999999999309, 0, , , 2857.3009999999999309, 0, , , 2857.3009999999999309, 1
, , 2857.30600000000004, 1, , , 2857.30600000000004, 0, , , 2857.30600000000004, 0, , , 2857.30600000000004, 1
, , 2857.3119999999998981, 1, , , 2857.3119999999998981, 0, , , 2857.3119999999998981, 0, , , 2857.3119999999998981, 1
, , 2857.3159999999998035, 1, , , 2857.3159999999998035, 0, , , 2857.3159999999998035, 0, , , 2857.3159999999998035, 1
, , 2857.3209999999999127, 1, , , 2857.3209999999999127, 0, , , 2857.3209999999999127, 0, , , 2857.3209999999999127, 1
, , 2857.3260000000000218, 1, , , 2857.3260000000000218, 0, , , 2857.3260000000000218, 0, , , 2857.3260000000000218, 1
, , 2857.331000000000131, 1, , , 2857.331000000000131, 0, , , 2857.331000000000131, 0, , , 2857.331000000000131, 1
, , 2857.3369999999999891, 1, , , 2857.3369999999999891, 0, , , 2857.3369999999999891, 0, , , 2857.3369999999999891, 1
, , 2857.3409999999998945, 1, , , 2857.3409999999998945, 0, , , 2857.3409999999998945, 0, , , 2857.3409999999998945, 1
, , 2857.3460000000000036, 1, , , 2857.3460000000000036, 0, , , 2857.3460000000000036, 0, , , 2857.3460000000000036, 1
, , 2857.3510000000001128, 1, , , 2857.3510000000001128, 0, , , 2857.3510000000001128, 0, , , 2857.3510000000001128, 1
, , 2857.3560000000002219, 1, , , 2857.3560000000002219, 0, , , 2857.3560000000002219, 0, , , 2857.3560000000002219, 1
, , 2857.3609999999998763, 1, , , 2857.3609999999998763, 0, , , 2857.3609999999998763, 0, , , 2857.3609999999998763, 1
, , 2857.3659999999999854, 1, , , 2857.3659999999999854, 0, , , 2857.3659999999999854, 0, , , 2857.3659999999999854, 1
, , 2857.3710000000000946, 1, , , 2857.3710000000000946, 0, , , 2857.3710000000000946, 0, , , 2857.3710000000000946, 1
, , 2857.3780000000001564, 1, , , 2857.3780000000001564, 0, , , 2857.3780000000001564, 0, , , 2857.3780000000001564, 1
, , 2857.3809999999998581, 1, , , 2857.3809999999998581, 0, , , 2857.3809999999998581, 0, , , 2857.3809999999998581, 1
, , 2857.3859999999999673, 1, , , 2857.3859999999999673, 0, , , 2857.3859999999999673, 0, , , 2857.3859999999999673, 1
, , 2857.3919999999998254, 1, , , 2857.3919999999998254, 0, , , 2857.3919999999998254, 0, , , 2857.3919999999998254, 1
, , 2857.3960000000001855, 1, , , 2857.3960000000001855, 0, , , 2857.3960000000001855, 0, , , 2857.3960000000001855, 1
, , 2857.4009999999998399, 1, , , 2857.4009999999998399, 0, , , 2857.4009999999998399, 0, , , 2857.4009999999998399, 1
, , 2857.4059999999999491, 1, , , 2857.4059999999999491, 0, , , 2857.4059999999999491, 0, , , 2857.4059999999999491, 1
, , 2857.4110000000000582, 1, , , 2857.4110000000000582, 0, , , 2857.4110000000000582, 0, , , 2857.4110000000000582, 1
, , 2857.4180000000001201, 1, , , 2857.4180000000001201, 0, , , 2857.4180000000001201, 0, , , 2857.4180000000001201, 1
, , 2857.4209999999998217, 1, , , 2857.4209999999998217, 0, , , 2857.4209999999998217, 0, , , 2857.4209999999998217, 1
, , 2857.4259999999999309, 1, , , 2857.4259999999999309, 0, , , 2857.4259999999999309, 0, , , 2857.4259999999999309, 1
, , 2857.431999999999789, 1, , , 2857.431999999999789, 0, , , 2857.431999999999789, 0, , , 2857.431999999999789, 1
, , 2857.4369999999998981, 1, , , 2857.4369999999998981, 0, , , 2857.4369999999998981, 0, , , 2857.4369999999998981, 1
, , 2857.4420000000000073, 1, , , 2857.4420000000000073, 0, , , 2857.4420000000000073, 0, , , 2857.4420000000000073, 1
, , 2857.4459999999999127, 1, , , 2857.4459999999999127, 0, , , 2857.4459999999999127, 0, , , 2857.4459999999999127, 1
, , 2857.4520000000002256, 1, , , 2857.4520000000002256, 0, , , 2857.4520000000002256, 0, , , 2857.4520000000002256, 1
, , 2857.4589999999998327, 1, , , 2857.4589999999998327, 0, , , 2857.4589999999998327, 0, , , 2857.4589999999998327, 1
, , 2857.4630000000001928, 1, , , 2857.4630000000001928, 0, , , 2857.4630000000001928, 0, , , 2857.4630000000001928, 1
, , 2857.4670000000000982, 1, , , 2857.4670000000000982, 0, , , 2857.4670000000000982, 0, , , 2857.4670000000000982, 1
, , 2857.4720000000002074, 1, , , 2857.4720000000002074, 0, , , 2857.4720000000002074, 0, , , 2857.4720000000002074, 1
, , 2857.4769999999998618, 1, , , 2857.4769999999998618, 0, , , 2857.4769999999998618, 0, , , 2857.4769999999998618, 1
, , 2857.4810000000002219, 1, , , 2857.4810000000002219, 1, , , 2857.4810000000002219, 1, , , 2857.4810000000002219, 1
, , 2857.48700000000008, 1, , , 2857.48700000000008, 1, , , 2857.48700000000008, 1, , , 2857.48700000000008, 1
, , 2857.4909999999999854, 1, , , 2857.4909999999999854, 1, , , 2857.4909999999999854, 1, , , 2857.4909999999999854, 1
, , 2857.4960000000000946, 1, , , 2857.4960000000000946, 1, , , 2857.4960000000000946, 1, , , 2857.4960000000000946, 1
, , 2857.5019999999999527, 1, , , 2857.5019999999999527, 1, , , 2857.5019999999999527, 1, , , 2857.5019999999999527, 1
, , 2857.5059999999998581, 1, , , 2857.5059999999998581, 1, , , 2857.5059999999998581, 1, , , 2857.5059999999998581, 1
, , 2857.5109999999999673, 1, , , 2857.5109999999999673, 1, , , 2857.5109999999999673, 1, , , 2857.5109999999999673, 1
, , 2857.5169999999998254, 1, , , 2857.5169999999998254, 1, , , 2857.5169999999998254, 1, , , 2857.5169999999998254, 1
, , 2857.5210000000001855, 1, , , 2857.5210000000001855, 1, , , 2857.5210000000001855, 1, , , 2857.5210000000001855, 1
, , 2857.5259999999998399, 1, , , 2857.5259999999998399, 1, , , 2857.5259999999998399, 1, , , 2857.5259999999998399, 1
, , 2857.5320000000001528, 1, , , 2857.5320000000001528, 1, , , 2857.5320000000001528, 1, , , 2857.5320000000001528, 1
, , 2857.5360000000000582, 1, , , 2857.5360000000000582, 1, , , 2857.5360000000000582, 1, , , 2857.5360000000000582, 1
, , 2857.5399999999999636, 1, , , 2857.5399999999999636, 1, , , 2857.5399999999999636, 1, , , 2857.5399999999999636, 1
, , 2857.5489999999999782, 1, , , 2857.5489999999999782, 1, , , 2857.5489999999999782, 1, , , 2857.5489999999999782, 1
, , 2857.5509999999999309, 1, , , 2857.5509999999999309, 1, , , 2857.5509999999999309, 1, , , 2857.5509999999999309, 1
, , 2857.55600000000004, 0, , , 2857.55600000000004, 1, , , 2857.55600000000004, 1, , , 2857.55600000000004, 0
, , 2857.5610000000001492, 0, , , 2857.5610000000001492, 1, , , 2857.5610000000001492, 1, , , 2857.5610000000001492, 0
, , 2857.5659999999998035, 0, , , 2857.5659999999998035, 1, , , 2857.5659999999998035, 1, , , 2857.5659999999998035, 0
, , 2857.56899999999996, 0, , , 2857.56899999999996, 1, , , 2857.56899999999996, 1, , , 2857.56899999999996, 0
, , 2857.5760000000000218, 0, , , 2857.5760000000000218, 1, , , 2857.5760000000000218, 1, , , 2857.5760000000000218, 0
, , 2857.5819999999998799, 0, , , 2857.5819999999998799, 1, , , 2857.5819999999998799, 1, , , 2857.5819999999998799, 0
, , 2857.5859999999997854, 0, , , 2857.5859999999997854, 1, , , 2857.5859999999997854, 1, , , 2857.5859999999997854, 0
, , 2857.5909999999998945, 0, , , 2857.5909999999998945, 1, , , 2857.5909999999998945, 1, , , 2857.5909999999998945, 0
, , 2857.5970000000002074, 0, , , 2857.5970000000002074, 1, , , 2857.5970000000002074, 1, , , 2857.5970000000002074, 0
, , 2857.6010000000001128, 0, , , 2857.6010000000001128, 1, , , 2857.6010000000001128, 1, , , 2857.6010000000001128, 0
, , 2857.6069999999999709, 0, , , 2857.6069999999999709, 1, , , 2857.6069999999999709, 1, , , 2857.6069999999999709, 0
, , 2857.61200000000008, 0, , , 2857.61200000000008, 1, , , 2857.61200000000008, 1, , , 2857.61200000000008, 0
, , 2857.6159999999999854, 0, , , 2857.6159999999999854, 1, , , 2857.6159999999999854, 1, , , 2857.6159999999999854, 0
, , 2857.6199999999998909, 0, , , 2857.6199999999998909, 1, , , 2857.6199999999998909, 1, , , 2857.6199999999998909, 0
, , 2857.6260000000002037, 0, , , 2857.6260000000002037, 1, , , 2857.6260000000002037, 1, , , 2857.6260000000002037, 0
, , 2857.6309999999998581, 0, , , 2857.6309999999998581, 1, , , 2857.6309999999998581, 1, , , 2857.6309999999998581, 0
, , 2857.6359999999999673, 0, , , 2857.6359999999999673, 1, , , 2857.6359999999999673, 1, , , 2857.6359999999999673, 0
, , 2857.6419999999998254, 0, , , 2857.6419999999998254, 1, , , 2857.6419999999998254, 1, , , 2857.6419999999998254, 0
, , 2857.6469999999999345, 0, , , 2857.6469999999999345, 1, , , 2857.6469999999999345, 1, , , 2857.6469999999999345, 0
, , 2857.6509999999998399, 0, , , 2857.6509999999998399, 1, , , 2857.6509999999998399, 1, , , 2857.6509999999998399, 0
, , 2857.6559999999999491, 0, , , 2857.6559999999999491, 1, , , 2857.6559999999999491, 1, , , 2857.6559999999999491, 0
, , 2857.6610000000000582, 0, , , 2857.6610000000000582, 1, , , 2857.6610000000000582, 1, , , 2857.6610000000000582, 0
, , 2857.6660000000001673, 0, , , 2857.6660000000001673, 1, , , 2857.6660000000001673, 1, , , 2857.6660000000001673, 0
, , 2857.6709999999998217, 0, , , 2857.6709999999998217, 1, , , 2857.6709999999998217, 1, , , 2857.6709999999998217, 0
, , 2857.6759999999999309, 0, , , 2857.6759999999999309, 1, , , 2857.6759999999999309, 1, , , 2857.6759999999999309, 0
, , 2857.68100000000004, 0, , , 2857.68100000000004, 1, , , 2857.68100000000004, 1, , , 2857.68100000000004, 0
, , 2857.6860000000001492, 0, , , 2857.6860000000001492, 1, , , 2857.6860000000001492, 1, , , 2857.6860000000001492, 0
, , 2857.6920000000000073, 0, , , 2857.6920000000000073, 1, , , 2857.6920000000000073, 1, , , 2857.6920000000000073, 0
, , 2857.6959999999999127, 0, , , 2857.6959999999999127, 1, , , 2857.6959999999999127, 1, , , 2857.6959999999999127, 0
, , 2857.7010000000000218, 0, , , 2857.7010000000000218, 1, , , 2857.7010000000000218, 1, , , 2857.7010000000000218, 0
, , 2857.706000000000131, 0, , , 2857.706000000000131, 1, , , 2857.706000000000131, 1, , , 2857.706000000000131, 0
, , 2857.7109999999997854, 0, , , 2857.7109999999997854, 1, , , 2857.7109999999997854, 1, , , 2857.7109999999997854, 0
, , 2857.7159999999998945, 0, , , 2857.7159999999998945, 1, , , 2857.7159999999998945, 1, , , 2857.7159999999998945, 0
, , 2857.7220000000002074, 0, , , 2857.7220000000002074, 1, , , 2857.7220000000002074, 1, , , 2857.7220000000002074, 0
, , 2857.7260000000001128, 0, , , 2857.7260000000001128, 1, , , 2857.7260000000001128, 1, , , 2857.7260000000001128, 0
, , 2857.7310000000002219, 0, , , 2857.7310000000002219, 1, , , 2857.7310000000002219, 1, , , 2857.7310000000002219, 0
, , 2857.7359999999998763, 0, , , 2857.7359999999998763, 1, , , 2857.7359999999998763, 1, , , 2857.7359999999998763, 0
, , 2857.7409999999999854, 0, , , 2857.7409999999999854, 1, , , 2857.7409999999999854, 1, , , 2857.7409999999999854, 0
, , 2857.7460000000000946, 0, , , 2857.7460000000000946, 1, , , 2857.7460000000000946, 1, , , 2857.7460000000000946, 0
, , 2857.7519999999999527, 0, , , 2857.7519999999999527, 1, , , 2857.7519999999999527, 1, , , 2857.7519999999999527, 0
, , 2857.7559999999998581, 0, , , 2857.7559999999998581, 1, , , 2857.7559999999998581, 1, , , 2857.7559999999998581, 0
, , 2857.7609999999999673, 0, , , 2857.7609999999999673, 1, , , 2857.7609999999999673, 1, , , 2857.7609999999999673, 0
, , 2857.7660000000000764, 0, , , 2857.7660000000000764, 1, , , 2857.7660000000000764, 1, , , 2857.7660000000000764, 0
, , 2857.7710000000001855, 0, , , 2857.7710000000001855, 1, , , 2857.7710000000001855, 1, , , 2857.7710000000001855, 0
, , 2857.7770000000000437, 0, , , 2857.7770000000000437, 1, , , 2857.7770000000000437, 1, , , 2857.7770000000000437, 0
, , 2857.7809999999999491, 0, , , 2857.7809999999999491, 1, , , 2857.7809999999999491, 1, , , 2857.7809999999999491, 0
, , 2857.7880000000000109, 0, , , 2857.7880000000000109, 1, , , 2857.7880000000000109, 1, , , 2857.7880000000000109, 0
, , 2857.7899999999999636, 0, , , 2857.7899999999999636, 1, , , 2857.7899999999999636, 1, , , 2857.7899999999999636, 0
, , 2857.7959999999998217, 0, , , 2857.7959999999998217, 1, , , 2857.7959999999998217, 1, , , 2857.7959999999998217, 0
, , 2857.8009999999999309, 0, , , 2857.8009999999999309, 1, , , 2857.8009999999999309, 1, , , 2857.8009999999999309, 0
, , 2857.80600000000004, 0, , , 2857.80600000000004, 1, , , 2857.80600000000004, 1, , , 2857.80600000000004, 0
, , 2857.8110000000001492, 1, , , 2857.8110000000001492, 1, , , 2857.8110000000001492, 1, , , 2857.8110000000001492, 1
, , 2857.8159999999998035, 1, , , 2857.8159999999998035, 1, , , 2857.8159999999998035, 1, , , 2857.8159999999998035, 1
, , 2857.8209999999999127, 1, , , 2857.8209999999999127, 1, , , 2857.8209999999999127, 1, , , 2857.8209999999999127, 1
, , 2857.8260000000000218, 1, , , 2857.8260000000000218, 1, , , 2857.8260000000000218, 1, , , 2857.8260000000000218, 1
, , 2857.831000000000131, 1, , , 2857.831000000000131, 1, , , 2857.831000000000131, 1, , , 2857.831000000000131, 1
, , 2857.8359999999997854, 1, , , 2857.8359999999997854, 1, , , 2857.8359999999997854, 1, , , 2857.8359999999997854, 1
, , 2857.8420000000000982, 1, , , 2857.8420000000000982, 1, , , 2857.8420000000000982, 1, , , 2857.8420000000000982, 1
, , 2857.8460000000000036, 1, , , 2857.8460000000000036, 1, , , 2857.8460000000000036, 1, , , 2857.8460000000000036, 1
, , 2857.8510000000001128, 1, , , 2857.8510000000001128, 1, , , 2857.8510000000001128, 1, , , 2857.8510000000001128, 1
, , 2857.8560000000002219, 1, , , 2857.8560000000002219, 1, , , 2857.8560000000002219, 1, , , 2857.8560000000002219, 1
, , 2857.8609999999998763, 1, , , 2857.8609999999998763, 1, , , 2857.8609999999998763, 1, , , 2857.8609999999998763, 1
, , 2857.8659999999999854, 1, , , 2857.8659999999999854, 1, , , 2857.8659999999999854, 1, , , 2857.8659999999999854, 1
, , 2857.8719999999998436, 1, , , 2857.8719999999998436, 1, , , 2857.8719999999998436, 1, , , 2857.8719999999998436, 1
, , 2857.8760000000002037, 1, , , 2857.8760000000002037, 1, , , 2857.8760000000002037, 1, , , 2857.8760000000002037, 1
, , 2857.8820000000000618, 1, , , 2857.8820000000000618, 1, , , 2857.8820000000000618, 1, , , 2857.8820000000000618, 1
, , 2857.8859999999999673, 1, , , 2857.8859999999999673, 0, , , 2857.8859999999999673, 0, , , 2857.8859999999999673, 1
, , 2857.8919999999998254, 1, , , 2857.8919999999998254, 0, , , 2857.8919999999998254, 0, , , 2857.8919999999998254, 1
, , 2857.8960000000001855, 1, , , 2857.8960000000001855, 0, , , 2857.8960000000001855, 0, , , 2857.8960000000001855, 1
, , 2857.9009999999998399, 1, , , 2857.9009999999998399, 0, , , 2857.9009999999998399, 0, , , 2857.9009999999998399, 1
, , 2857.9059999999999491, 1, , , 2857.9059999999999491, 0, , , 2857.9059999999999491, 0, , , 2857.9059999999999491, 1
, , 2857.9119999999998072, 1, , , 2857.9119999999998072, 0, , , 2857.9119999999998072, 0, , , 2857.9119999999998072, 1
, , 2857.9160000000001673, 1, , , 2857.9160000000001673, 0, , , 2857.9160000000001673, 0, , , 2857.9160000000001673, 1
, , 2857.9209999999998217, 1, , , 2857.9209999999998217, 0, , , 2857.9209999999998217, 0, , , 2857.9209999999998217, 1
, , 2857.9259999999999309, 1, , , 2857.9259999999999309, 0, , , 2857.9259999999999309, 0, , , 2857.9259999999999309, 1
, , 2857.93100000000004, 1, , , 2857.93100000000004, 0, , , 2857.93100000000004, 0, , , 2857.93100000000004, 1
, , 2857.9360000000001492, 1, , , 2857.9360000000001492, 0, , , 2857.9360000000001492, 0, , , 2857.9360000000001492, 1
, , 2857.9420000000000073, 1, , , 2857.9420000000000073, 0, , , 2857.9420000000000073, 0, , , 2857.9420000000000073, 1
, , 2857.9470000000001164, 1, , , 2857.9470000000001164, 0, , , 2857.9470000000001164, 0, , , 2857.9470000000001164, 1
, , 2857.9520000000002256, 1, , , 2857.9520000000002256, 0, , , 2857.9520000000002256, 0, , , 2857.9520000000002256, 1
, , 2857.956000000000131, 1, , , 2857.956000000000131, 0, , , 2857.956000000000131, 0, , , 2857.956000000000131, 1
, , 2857.9609999999997854, 1, , , 2857.9609999999997854, 0, , , 2857.9609999999997854, 0, , , 2857.9609999999997854, 1
, , 2857.9659999999998945, 1, , , 2857.9659999999998945, 0, , , 2857.9659999999998945, 0, , , 2857.9659999999998945, 1
, , 2857.9710000000000036, 1, , , 2857.9710000000000036, 0, , , 2857.9710000000000036, 0, , , 2857.9710000000000036, 1
, , 2857.9760000000001128, 1, , , 2857.9760000000001128, 0, , , 2857.9760000000001128, 0, , , 2857.9760000000001128, 1
, , 2857.9800000000000182, 1, , , 2857.9800000000000182, 0, , , 2857.9800000000000182, 0, , , 2857.9800000000000182, 1
, , 2857.9859999999998763, 1, , , 2857.9859999999998763, 0, , , 2857.9859999999998763, 0, , , 2857.9859999999998763, 1
, , 2857.9909999999999854, 1, , , 2857.9909999999999854, 0, , , 2857.9909999999999854, 0, , , 2857.9909999999999854, 1
, , 2857.9949999999998909, 1, , , 2857.9949999999998909, 0, , , 2857.9949999999998909, 0, , , 2857.9949999999998909, 1
, , 2858.0010000000002037, 1, , , 2858.0010000000002037, 0, , , 2858.0010000000002037, 0, , , 2858.0010000000002037, 1
, , 2858.0059999999998581, 1, , , 2858.0059999999998581, 0, , , 2858.0059999999998581, 0, , , 2858.0059999999998581, 1
, , 2858.0109999999999673, 1, , , 2858.0109999999999673, 0, , , 2858.0109999999999673, 0, , , 2858.0109999999999673, 1
, , 2858.0160000000000764, 1, , , 2858.0160000000000764, 0, , , 2858.0160000000000764, 0, , , 2858.0160000000000764, 1
, , 2858.0210000000001855, 1, , , 2858.0210000000001855, 0, , , 2858.0210000000001855, 0, , , 2858.0210000000001855, 1
, , 2858.0250000000000909, 1, , , 2858.0250000000000909, 0, , , 2858.0250000000000909, 0, , , 2858.0250000000000909, 1
, , 2858.0309999999999491, 1, , , 2858.0309999999999491, 0, , , 2858.0309999999999491, 0, , , 2858.0309999999999491, 1
, , 2858.0360000000000582, 1, , , 2858.0360000000000582, 0, , , 2858.0360000000000582, 0, , , 2858.0360000000000582, 1
, , 2858.0410000000001673, 1, , , 2858.0410000000001673, 0, , , 2858.0410000000001673, 0, , , 2858.0410000000001673, 1
, , 2858.0470000000000255, 1, , , 2858.0470000000000255, 0, , , 2858.0470000000000255, 0, , , 2858.0470000000000255, 1
, , 2858.0509999999999309, 1, , , 2858.0509999999999309, 0, , , 2858.0509999999999309, 0, , , 2858.0509999999999309, 1
, , 2858.05600000000004, 1, , , 2858.05600000000004, 0, , , 2858.05600000000004, 0, , , 2858.05600000000004, 1
, , 2858.0610000000001492, 1, , , 2858.0610000000001492, 0, , , 2858.0610000000001492, 0, , , 2858.0610000000001492, 1
, , 2858.0659999999998035, 1, , , 2858.0659999999998035, 0, , , 2858.0659999999998035, 0, , , 2858.0659999999998035, 1
, , 2858.0709999999999127, 1, , , 2858.0709999999999127, 0, , , 2858.0709999999999127, 0, , , 2858.0709999999999127, 1
, , 2858.0760000000000218, 1, , , 2858.0760000000000218, 0, , , 2858.0760000000000218, 0, , , 2858.0760000000000218, 1
, , 2858.081000000000131, 1, , , 2858.081000000000131, 0, , , 2858.081000000000131, 0, , , 2858.081000000000131, 1
, , 2858.0859999999997854, 1, , , 2858.0859999999997854, 0, , , 2858.0859999999997854, 0, , , 2858.0859999999997854, 1
, , 2858.0909999999998945, 1, , , 2858.0909999999998945, 0, , , 2858.0909999999998945, 0, , , 2858.0909999999998945, 1
, , 2858.0970000000002074, 1, , , 2858.0970000000002074, 0, , , 2858.0970000000002074, 0, , , 2858.0970000000002074, 1
, , 2858.1010000000001128, 1, , , 2858.1010000000001128, 0, , , 2858.1010000000001128, 0, , , 2858.1010000000001128, 1
, , 2858.1060000000002219, 1, , , 2858.1060000000002219, 0, , , 2858.1060000000002219, 0, , , 2858.1060000000002219, 1
, , 2858.11200000000008, 1, , , 2858.11200000000008, 0, , , 2858.11200000000008, 0, , , 2858.11200000000008, 1
, , 2858.1159999999999854, 1, , , 2858.1159999999999854, 0, , , 2858.1159999999999854, 0, , , 2858.1159999999999854, 1
, , 2858.1210000000000946, 1, , , 2858.1210000000000946, 0, , , 2858.1210000000000946, 0, , , 2858.1210000000000946, 1
, , 2858.1260000000002037, 1, , , 2858.1260000000002037, 0, , , 2858.1260000000002037, 0, , , 2858.1260000000002037, 1
, , 2858.1309999999998581, 1, , , 2858.1309999999998581, 0, , , 2858.1309999999998581, 0, , , 2858.1309999999998581, 1
, , 2858.1359999999999673, 1, , , 2858.1359999999999673, 1, , , 2858.1359999999999673, 1, , , 2858.1359999999999673, 1
, , 2858.1410000000000764, 1, , , 2858.1410000000000764, 1, , , 2858.1410000000000764, 1, , , 2858.1410000000000764, 1
, , 2858.1460000000001855, 1, , , 2858.1460000000001855, 1, , , 2858.1460000000001855, 1, , , 2858.1460000000001855, 1
, , 2858.1520000000000437, 1, , , 2858.1520000000000437, 1, , , 2858.1520000000000437, 1, , , 2858.1520000000000437, 1
, , 2858.1559999999999491, 1, , , 2858.1559999999999491, 1, , , 2858.1559999999999491, 1, , , 2858.1559999999999491, 1
, , 2858.1610000000000582, 1, , , 2858.1610000000000582, 1, , , 2858.1610000000000582, 1, , , 2858.1610000000000582, 1
, , 2858.1660000000001673, 1, , , 2858.1660000000001673, 1, , , 2858.1660000000001673, 1, , , 2858.1660000000001673, 1
, , 2858.1709999999998217, 1, , , 2858.1709999999998217, 1, , , 2858.1709999999998217, 1, , , 2858.1709999999998217, 1
, , 2858.1770000000001346, 1, , , 2858.1770000000001346, 1, , , 2858.1770000000001346, 1, , , 2858.1770000000001346, 1
, , 2858.18100000000004, 1, , , 2858.18100000000004, 1, , , 2858.18100000000004, 1, , , 2858.18100000000004, 1
, , 2858.1860000000001492, 1, , , 2858.1860000000001492, 1, , , 2858.1860000000001492, 1, , , 2858.1860000000001492, 1
, , 2858.193000000000211, 1, , , 2858.193000000000211, 1, , , 2858.193000000000211, 1, , , 2858.193000000000211, 1
, , 2858.1959999999999127, 1, , , 2858.1959999999999127, 1, , , 2858.1959999999999127, 1, , , 2858.1959999999999127, 1
, , 2858.2010000000000218, 1, , , 2858.2010000000000218, 1, , , 2858.2010000000000218, 1, , , 2858.2010000000000218, 1
, , 2858.2069999999998799, 1, , , 2858.2069999999998799, 1, , , 2858.2069999999998799, 1, , , 2858.2069999999998799, 1
, , 2858.2109999999997854, 0, , , 2858.2109999999997854, 1, , , 2858.2109999999997854, 1, , , 2858.2109999999997854, 0
, , 2858.2159999999998945, 0, , , 2858.2159999999998945, 1, , , 2858.2159999999998945, 1, , , 2858.2159999999998945, 0
, , 2858.2210000000000036, 0, , , 2858.2210000000000036, 1, , , 2858.2210000000000036, 1, , , 2858.2210000000000036, 0
, , 2858.2269999999998618, 0, , , 2858.2269999999998618, 1, , , 2858.2269999999998618, 1, , , 2858.2269999999998618, 0
, , 2858.2310000000002219, 0, , , 2858.2310000000002219, 1, , , 2858.2310000000002219, 1, , , 2858.2310000000002219, 0
, , 2858.2359999999998763, 0, , , 2858.2359999999998763, 1, , , 2858.2359999999998763, 1, , , 2858.2359999999998763, 0
, , 2858.2409999999999854, 0, , , 2858.2409999999999854, 1, , , 2858.2409999999999854, 1, , , 2858.2409999999999854, 0
, , 2858.2460000000000946, 0, , , 2858.2460000000000946, 1, , , 2858.2460000000000946, 1, , , 2858.2460000000000946, 0
, , 2858.2510000000002037, 0, , , 2858.2510000000002037, 1, , , 2858.2510000000002037, 1, , , 2858.2510000000002037, 0
, , 2858.2570000000000618, 0, , , 2858.2570000000000618, 1, , , 2858.2570000000000618, 1, , , 2858.2570000000000618, 0
, , 2858.2609999999999673, 0, , , 2858.2609999999999673, 1, , , 2858.2609999999999673, 1, , , 2858.2609999999999673, 0
, , 2858.2660000000000764, 0, , , 2858.2660000000000764, 1, , , 2858.2660000000000764, 1, , , 2858.2660000000000764, 0
, , 2858.2719999999999345, 0, , , 2858.2719999999999345, 1, , , 2858.2719999999999345, 1, , , 2858.2719999999999345, 0
, , 2858.2759999999998399, 0, , , 2858.2759999999998399, 1, , , 2858.2759999999998399, 1, , , 2858.2759999999998399, 0
, , 2858.2809999999999491, 0, , , 2858.2809999999999491, 1, , , 2858.2809999999999491, 1, , , 2858.2809999999999491, 0
, , 2858.2869999999998072, 0, , , 2858.2869999999998072, 1, , , 2858.2869999999998072, 1, , , 2858.2869999999998072, 0
, , 2858.2910000000001673, 0, , , 2858.2910000000001673, 1, , , 2858.2910000000001673, 1, , , 2858.2910000000001673, 0
, , 2858.2970000000000255, 0, , , 2858.2970000000000255, 1, , , 2858.2970000000000255, 1, , , 2858.2970000000000255, 0
, , 2858.3009999999999309, 0, , , 2858.3009999999999309, 1, , , 2858.3009999999999309, 1, , , 2858.3009999999999309, 0
, , 2858.30600000000004, 0, , , 2858.30600000000004, 1, , , 2858.30600000000004, 1, , , 2858.30600000000004, 0
, , 2858.3110000000001492, 0, , , 2858.3110000000001492, 1, , , 2858.3110000000001492, 1, , , 2858.3110000000001492, 0
, , 2858.3159999999998035, 0, , , 2858.3159999999998035, 1, , , 2858.3159999999998035, 1, , , 2858.3159999999998035, 0
, , 2858.3229999999998654, 0, , , 2858.3229999999998654, 1, , , 2858.3229999999998654, 1, , , 2858.3229999999998654, 0
, , 2858.3260000000000218, 0, , , 2858.3260000000000218, 1, , , 2858.3260000000000218, 1, , , 2858.3260000000000218, 0
, , 2858.331000000000131, 0, , , 2858.331000000000131, 1, , , 2858.331000000000131, 1, , , 2858.331000000000131, 0
, , 2858.3369999999999891, 0, , , 2858.3369999999999891, 1, , , 2858.3369999999999891, 1, , , 2858.3369999999999891, 0
, , 2858.3409999999998945, 0, , , 2858.3409999999998945, 1, , , 2858.3409999999998945, 1, , , 2858.3409999999998945, 0
, , 2858.3460000000000036, 0, , , 2858.3460000000000036, 1, , , 2858.3460000000000036, 1, , , 2858.3460000000000036, 0
, , 2858.3510000000001128, 0, , , 2858.3510000000001128, 1, , , 2858.3510000000001128, 1, , , 2858.3510000000001128, 0
, , 2858.3560000000002219, 0, , , 2858.3560000000002219, 1, , , 2858.3560000000002219, 1, , , 2858.3560000000002219, 0
, , 2858.3609999999998763, 0, , , 2858.3609999999998763, 1, , , 2858.3609999999998763, 1, , , 2858.3609999999998763, 0
, , 2858.3659999999999854, 0, , , 2858.3659999999999854, 1, , , 2858.3659999999999854, 1, , , 2858.3659999999999854, 0
, , 2858.3710000000000946, 0, , , 2858.3710000000000946, 1, , , 2858.3710000000000946, 1, , , 2858.3710000000000946, 0
, , 2858.3760000000002037, 0, , , 2858.3760000000002037, 1, , , 2858.3760000000002037, 1, , , 2858.3760000000002037, 0
, , 2858.3809999999998581, 0, , , 2858.3809999999998581, 1, , , 2858.3809999999998581, 1, , , 2858.3809999999998581, 0
, , 2858.3859999999999673, 0, , , 2858.3859999999999673, 1, , , 2858.3859999999999673, 1, , , 2858.3859999999999673, 0
, , 2858.3910000000000764, 0, , , 2858.3910000000000764, 1, , , 2858.3910000000000764, 1, , , 2858.3910000000000764, 0
, , 2858.3960000000001855, 0, , , 2858.3960000000001855, 1, , , 2858.3960000000001855, 1, , , 2858.3960000000001855, 0
, , 2858.4020000000000437, 0, , , 2858.4020000000000437, 1, , , 2858.4020000000000437, 1, , , 2858.4020000000000437, 0
, , 2858.4059999999999491, 0, , , 2858.4059999999999491, 1, , , 2858.4059999999999491, 1, , , 2858.4059999999999491, 0
, , 2858.4110000000000582, 0, , , 2858.4110000000000582, 1, , , 2858.4110000000000582, 1, , , 2858.4110000000000582, 0
, , 2858.4169999999999163, 0, , , 2858.4169999999999163, 1, , , 2858.4169999999999163, 1, , , 2858.4169999999999163, 0
, , 2858.4209999999998217, 0, , , 2858.4209999999998217, 1, , , 2858.4209999999998217, 1, , , 2858.4209999999998217, 0
, , 2858.4259999999999309, 0, , , 2858.4259999999999309, 1, , , 2858.4259999999999309, 1, , , 2858.4259999999999309, 0
, , 2858.43100000000004, 0, , , 2858.43100000000004, 1, , , 2858.43100000000004, 1, , , 2858.43100000000004, 0
, , 2858.4369999999998981, 0, , , 2858.4369999999998981, 1, , , 2858.4369999999998981, 1, , , 2858.4369999999998981, 0
, , 2858.4409999999998035, 0, , , 2858.4409999999998035, 1, , , 2858.4409999999998035, 1, , , 2858.4409999999998035, 0
, , 2858.4470000000001164, 0, , , 2858.4470000000001164, 1, , , 2858.4470000000001164, 1, , , 2858.4470000000001164, 0
, , 2858.4520000000002256, 0, , , 2858.4520000000002256, 1, , , 2858.4520000000002256, 1, , , 2858.4520000000002256, 0
, , 2858.4569999999998799, 0, , , 2858.4569999999998799, 1, , , 2858.4569999999998799, 1, , , 2858.4569999999998799, 0
, , 2858.4619999999999891, 1, , , 2858.4619999999999891, 1, , , 2858.4619999999999891, 1, , , 2858.4619999999999891, 1
, , 2858.4659999999998945, 1, , , 2858.4659999999998945, 1, , , 2858.4659999999998945, 1, , , 2858.4659999999998945, 1
, , 2858.4710000000000036, 1, , , 2858.4710000000000036, 1, , , 2858.4710000000000036, 1, , , 2858.4710000000000036, 1
, , 2858.4760000000001128, 1, , , 2858.4760000000001128, 1, , , 2858.4760000000001128, 1, , , 2858.4760000000001128, 1
, , 2858.4810000000002219, 1, , , 2858.4810000000002219, 1, , , 2858.4810000000002219, 1, , , 2858.4810000000002219, 1
, , 2858.48700000000008, 1, , , 2858.48700000000008, 1, , , 2858.48700000000008, 1, , , 2858.48700000000008, 1
, , 2858.4909999999999854, 1, , , 2858.4909999999999854, 1, , , 2858.4909999999999854, 1, , , 2858.4909999999999854, 1
, , 2858.4969999999998436, 1, , , 2858.4969999999998436, 1, , , 2858.4969999999998436, 1, , , 2858.4969999999998436, 1
, , 2858.5019999999999527, 1, , , 2858.5019999999999527, 1, , , 2858.5019999999999527, 1, , , 2858.5019999999999527, 1
, , 2858.5059999999998581, 1, , , 2858.5059999999998581, 1, , , 2858.5059999999998581, 1, , , 2858.5059999999998581, 1
, , 2858.5109999999999673, 1, , , 2858.5109999999999673, 1, , , 2858.5109999999999673, 1, , , 2858.5109999999999673, 1
, , 2858.5160000000000764, 1, , , 2858.5160000000000764, 1, , , 2858.5160000000000764, 1, , , 2858.5160000000000764, 1
, , 2858.5210000000001855, 1, , , 2858.5210000000001855, 1, , , 2858.5210000000001855, 1, , , 2858.5210000000001855, 1
, , 2858.5259999999998399, 1, , , 2858.5259999999998399, 1, , , 2858.5259999999998399, 1, , , 2858.5259999999998399, 1
, , 2858.5309999999999491, 1, , , 2858.5309999999999491, 1, , , 2858.5309999999999491, 1, , , 2858.5309999999999491, 1
, , 2858.5360000000000582, 1, , , 2858.5360000000000582, 0, , , 2858.5360000000000582, 0, , , 2858.5360000000000582, 1
, , 2858.5410000000001673, 1, , , 2858.5410000000001673, 0, , , 2858.5410000000001673, 0, , , 2858.5410000000001673, 1
, , 2858.5470000000000255, 1, , , 2858.5470000000000255, 0, , , 2858.5470000000000255, 0, , , 2858.5470000000000255, 1
, , 2858.5549999999998363, 1, , , 2858.5549999999998363, 0, , , 2858.5549999999998363, 0, , , 2858.5549999999998363, 1
, , 2858.55600000000004, 1, , , 2858.55600000000004, 0, , , 2858.55600000000004, 0, , , 2858.55600000000004, 1
, , 2858.5610000000001492, 1, , , 2858.5610000000001492, 0, , , 2858.5610000000001492, 0, , , 2858.5610000000001492, 1
, , 2858.5670000000000073, 1, , , 2858.5670000000000073, 0, , , 2858.5670000000000073, 0, , , 2858.5670000000000073, 1
, , 2858.5709999999999127, 1, , , 2858.5709999999999127, 0, , , 2858.5709999999999127, 0, , , 2858.5709999999999127, 1
, , 2858.5770000000002256, 1, , , 2858.5770000000002256, 0, , , 2858.5770000000002256, 0, , , 2858.5770000000002256, 1
, , 2858.581000000000131, 1, , , 2858.581000000000131, 0, , , 2858.581000000000131, 0, , , 2858.581000000000131, 1
, , 2858.5859999999997854, 1, , , 2858.5859999999997854, 0, , , 2858.5859999999997854, 0, , , 2858.5859999999997854, 1
, , 2858.5909999999998945, 1, , , 2858.5909999999998945, 0, , , 2858.5909999999998945, 0, , , 2858.5909999999998945, 1
, , 2858.5960000000000036, 1, , , 2858.5960000000000036, 0, , , 2858.5960000000000036, 0, , , 2858.5960000000000036, 1
, , 2858.6010000000001128, 1, , , 2858.6010000000001128, 0, , , 2858.6010000000001128, 0, , , 2858.6010000000001128, 1
, , 2858.6069999999999709, 1, , , 2858.6069999999999709, 0, , , 2858.6069999999999709, 0, , , 2858.6069999999999709, 1
, , 2858.6109999999998763, 1, , , 2858.6109999999998763, 0, , , 2858.6109999999998763, 0, , , 2858.6109999999998763, 1
, , 2858.6159999999999854, 1, , , 2858.6159999999999854, 0, , , 2858.6159999999999854, 0, , , 2858.6159999999999854, 1
, , 2858.6219999999998436, 1, , , 2858.6219999999998436, 0, , , 2858.6219999999998436, 0, , , 2858.6219999999998436, 1
, , 2858.6260000000002037, 1, , , 2858.6260000000002037, 0, , , 2858.6260000000002037, 0, , , 2858.6260000000002037, 1
, , 2858.6309999999998581, 1, , , 2858.6309999999998581, 0, , , 2858.6309999999998581, 0, , , 2858.6309999999998581, 1
, , 2858.637000000000171, 1, , , 2858.637000000000171, 0, , , 2858.637000000000171, 0, , , 2858.637000000000171, 1
, , 2858.6419999999998254, 1, , , 2858.6419999999998254, 0, , , 2858.6419999999998254, 0, , , 2858.6419999999998254, 1
, , 2858.6469999999999345, 1, , , 2858.6469999999999345, 0, , , 2858.6469999999999345, 0, , , 2858.6469999999999345, 1
, , 2858.6520000000000437, 1, , , 2858.6520000000000437, 0, , , 2858.6520000000000437, 0, , , 2858.6520000000000437, 1
, , 2858.6559999999999491, 1, , , 2858.6559999999999491, 0, , , 2858.6559999999999491, 0, , , 2858.6559999999999491, 1
, , 2858.6610000000000582, 1, , , 2858.6610000000000582, 0, , , 2858.6610000000000582, 0, , , 2858.6610000000000582, 1
, , 2858.6660000000001673, 1, , , 2858.6660000000001673, 0, , , 2858.6660000000001673, 0, , , 2858.6660000000001673, 1
, , 2858.6720000000000255, 1, , , 2858.6720000000000255, 0, , , 2858.6720000000000255, 0, , , 2858.6720000000000255, 1
, , 2858.6759999999999309, 1, , , 2858.6759999999999309, 0, , , 2858.6759999999999309, 0, , , 2858.6759999999999309, 1
, , 2858.68100000000004, 1, , , 2858.68100000000004, 0, , , 2858.68100000000004, 0, , , 2858.68100000000004, 1
, , 2858.6860000000001492, 1, , , 2858.6860000000001492, 0, , , 2858.6860000000001492, 0, , , 2858.6860000000001492, 1
, , 2858.6909999999998035, 1, , , 2858.6909999999998035, 0, , , 2858.6909999999998035, 0, , , 2858.6909999999998035, 1
, , 2858.6959999999999127, 1, , , 2858.6959999999999127, 0, , , 2858.6959999999999127, 0, , , 2858.6959999999999127, 1
, , 2858.7010000000000218, 1, , , 2858.7010000000000218, 0, , , 2858.7010000000000218, 0, , , 2858.7010000000000218, 1
, , 2858.706000000000131, 1, , , 2858.706000000000131, 0, , , 2858.706000000000131, 0, , , 2858.706000000000131, 1
, , 2858.7100000000000364, 1, , , 2858.7100000000000364, 0, , , 2858.7100000000000364, 0, , , 2858.7100000000000364, 1
, , 2858.7159999999998945, 1, , , 2858.7159999999998945, 0, , , 2858.7159999999998945, 0, , , 2858.7159999999998945, 1
, , 2858.7210000000000036, 1, , , 2858.7210000000000036, 0, , , 2858.7210000000000036, 0, , , 2858.7210000000000036, 1
, , 2858.7260000000001128, 1, , , 2858.7260000000001128, 0, , , 2858.7260000000001128, 0, , , 2858.7260000000001128, 1
, , 2858.7310000000002219, 1, , , 2858.7310000000002219, 0, , , 2858.7310000000002219, 0, , , 2858.7310000000002219, 1
, , 2858.7359999999998763, 1, , , 2858.7359999999998763, 0, , , 2858.7359999999998763, 0, , , 2858.7359999999998763, 1
, , 2858.7409999999999854, 1, , , 2858.7409999999999854, 0, , , 2858.7409999999999854, 0, , , 2858.7409999999999854, 1
, , 2858.7460000000000946, 1, , , 2858.7460000000000946, 0, , , 2858.7460000000000946, 0, , , 2858.7460000000000946, 1
, , 2858.7510000000002037, 1, , , 2858.7510000000002037, 0, , , 2858.7510000000002037, 0, , , 2858.7510000000002037, 1
, , 2858.7559999999998581, 1, , , 2858.7559999999998581, 0, , , 2858.7559999999998581, 0, , , 2858.7559999999998581, 1
, , 2858.7609999999999673, 1, , , 2858.7609999999999673, 0, , , 2858.7609999999999673, 0, , , 2858.7609999999999673, 1
, , 2858.7669999999998254, 1, , , 2858.7669999999998254, 0, , , 2858.7669999999998254, 0, , , 2858.7669999999998254, 1
, , 2858.7710000000001855, 1, , , 2858.7710000000001855, 0, , , 2858.7710000000001855, 0, , , 2858.7710000000001855, 1
, , 2858.7750000000000909, 1, , , 2858.7750000000000909, 0, , , 2858.7750000000000909, 0, , , 2858.7750000000000909, 1
, , 2858.7809999999999491, 1, , , 2858.7809999999999491, 0, , , 2858.7809999999999491, 0, , , 2858.7809999999999491, 1
, , 2858.7869999999998072, 1, , , 2858.7869999999998072, 1, , , 2858.7869999999998072, 1, , , 2858.7869999999998072, 1
, , 2858.7899999999999636, 1, , , 2858.7899999999999636, 1, , , 2858.7899999999999636, 1, , , 2858.7899999999999636, 1
, , 2858.7959999999998217, 1, , , 2858.7959999999998217, 1, , , 2858.7959999999998217, 1, , , 2858.7959999999998217, 1
, , 2858.8009999999999309, 1, , , 2858.8009999999999309, 1, , , 2858.8009999999999309, 1, , , 2858.8009999999999309, 1
, , 2858.806999999999789, 1, , , 2858.806999999999789, 1, , , 2858.806999999999789, 1, , , 2858.806999999999789, 1
, , 2858.8110000000001492, 1, , , 2858.8110000000001492, 1, , , 2858.8110000000001492, 1, , , 2858.8110000000001492, 1
, , 2858.8159999999998035, 1, , , 2858.8159999999998035, 1, , , 2858.8159999999998035, 1, , , 2858.8159999999998035, 1
, , 2858.8209999999999127, 1, , , 2858.8209999999999127, 1, , , 2858.8209999999999127, 1, , , 2858.8209999999999127, 1
, , 2858.8260000000000218, 1, , , 2858.8260000000000218, 1, , , 2858.8260000000000218, 1, , , 2858.8260000000000218, 1
, , 2858.831000000000131, 1, , , 2858.831000000000131, 1, , , 2858.831000000000131, 1, , , 2858.831000000000131, 1
, , 2858.8369999999999891, 1, , , 2858.8369999999999891, 1, , , 2858.8369999999999891, 1, , , 2858.8369999999999891, 1
, , 2858.8409999999998945, 1, , , 2858.8409999999998945, 1, , , 2858.8409999999998945, 1, , , 2858.8409999999998945, 1
, , 2858.8470000000002074, 1, , , 2858.8470000000002074, 1, , , 2858.8470000000002074, 1, , , 2858.8470000000002074, 1
, , 2858.8510000000001128, 1, , , 2858.8510000000001128, 1, , , 2858.8510000000001128, 1, , , 2858.8510000000001128, 1
, , 2858.8560000000002219, 1, , , 2858.8560000000002219, 1, , , 2858.8560000000002219, 1, , , 2858.8560000000002219, 1
, , 2858.8609999999998763, 0, , , 2858.8609999999998763, 1, , , 2858.8609999999998763, 1, , , 2858.8609999999998763, 0
, , 2858.8659999999999854, 0, , , 2858.8659999999999854, 1, , , 2858.8659999999999854, 1, , , 2858.8659999999999854, 0
, , 2858.8710000000000946, 0, , , 2858.8710000000000946, 1, , , 2858.8710000000000946, 1, , , 2858.8710000000000946, 0
, , 2858.8760000000002037, 0, , , 2858.8760000000002037, 1, , , 2858.8760000000002037, 1, , , 2858.8760000000002037, 0
, , 2858.8809999999998581, 0, , , 2858.8809999999998581, 1, , , 2858.8809999999998581, 1, , , 2858.8809999999998581, 0
, , 2858.8859999999999673, 0, , , 2858.8859999999999673, 1, , , 2858.8859999999999673, 1, , , 2858.8859999999999673, 0
, , 2858.8919999999998254, 0, , , 2858.8919999999998254, 1, , , 2858.8919999999998254, 1, , , 2858.8919999999998254, 0
, , 2858.8960000000001855, 0, , , 2858.8960000000001855, 1, , , 2858.8960000000001855, 1, , , 2858.8960000000001855, 0
, , 2858.9009999999998399, 0, , , 2858.9009999999998399, 1, , , 2858.9009999999998399, 1, , , 2858.9009999999998399, 0
, , 2858.9059999999999491, 0, , , 2858.9059999999999491, 1, , , 2858.9059999999999491, 1, , , 2858.9059999999999491, 0
, , 2858.9119999999998072, 0, , , 2858.9119999999998072, 1, , , 2858.9119999999998072, 1, , , 2858.9119999999998072, 0
, , 2858.9169999999999163, 0, , , 2858.9169999999999163, 1, , , 2858.9169999999999163, 1, , , 2858.9169999999999163, 0
, , 2858.9209999999998217, 0, , , 2858.9209999999998217, 1, , , 2858.9209999999998217, 1, , , 2858.9209999999998217, 0
, , 2858.9259999999999309, 0, , , 2858.9259999999999309, 1, , , 2858.9259999999999309, 1, , , 2858.9259999999999309, 0
, , 2858.93100000000004, 0, , , 2858.93100000000004, 1, , , 2858.93100000000004, 1, , , 2858.93100000000004, 0
, , 2858.9369999999998981, 0, , , 2858.9369999999998981, 1, , , 2858.9369999999998981, 1, , , 2858.9369999999998981, 0
, , 2858.9409999999998035, 0, , , 2858.9409999999998035, 1, , , 2858.9409999999998035, 1, , , 2858.9409999999998035, 0
, , 2858.9459999999999127, 0, , , 2858.9459999999999127, 1, , , 2858.9459999999999127, 1, , , 2858.9459999999999127, 0
, , 2858.9520000000002256, 0, , , 2858.9520000000002256, 1, , , 2858.9520000000002256, 1, , , 2858.9520000000002256, 0
, , 2858.956000000000131, 0, , , 2858.956000000000131, 1, , , 2858.956000000000131, 1, , , 2858.956000000000131, 0
, , 2858.9619999999999891, 0, , , 2858.9619999999999891, 1, , , 2858.9619999999999891, 1, , , 2858.9619999999999891, 0
, , 2858.9659999999998945, 0, , , 2858.9659999999998945, 1, , , 2858.9659999999998945, 1, , , 2858.9659999999998945, 0
, , 2858.9699999999997999, 0, , , 2858.9699999999997999, 1, , , 2858.9699999999997999, 1, , , 2858.9699999999997999, 0
, , 2858.9760000000001128, 0, , , 2858.9760000000001128, 1, , , 2858.9760000000001128, 1, , , 2858.9760000000001128, 0
, , 2858.9819999999999709, 0, , , 2858.9819999999999709, 1, , , 2858.9819999999999709, 1, , , 2858.9819999999999709, 0
, , 2858.98700000000008, 0, , , 2858.98700000000008, 1, , , 2858.98700000000008, 1, , , 2858.98700000000008, 0
, , 2858.9909999999999854, 0, , , 2858.9909999999999854, 1, , , 2858.9909999999999854, 1, , , 2858.9909999999999854, 0
, , 2858.9960000000000946, 0, , , 2858.9960000000000946, 1, , , 2858.9960000000000946, 1, , , 2858.9960000000000946, 0
, , 2859.0010000000002037, 0, , , 2859.0010000000002037, 1, , , 2859.0010000000002037, 1, , , 2859.0010000000002037, 0
, , 2859.0059999999998581, 0, , , 2859.0059999999998581, 1, , , 2859.0059999999998581, 1, , , 2859.0059999999998581, 0
, , 2859.0109999999999673, 0, , , 2859.0109999999999673, 1, , , 2859.0109999999999673, 1, , , 2859.0109999999999673, 0
, , 2859.0160000000000764, 0, , , 2859.0160000000000764, 1, , , 2859.0160000000000764, 1, , , 2859.0160000000000764, 0
, , 2859.0219999999999345, 0, , , 2859.0219999999999345, 1, , , 2859.0219999999999345, 1, , , 2859.0219999999999345, 0
, , 2859.0259999999998399, 0, , , 2859.0259999999998399, 1, , , 2859.0259999999998399, 1, , , 2859.0259999999998399, 0
, , 2859.0309999999999491, 0, , , 2859.0309999999999491, 1, , , 2859.0309999999999491, 1, , , 2859.0309999999999491, 0
, , 2859.0380000000000109, 0, , , 2859.0380000000000109, 1, , , 2859.0380000000000109, 1, , , 2859.0380000000000109, 0
, , 2859.0410000000001673, 0, , , 2859.0410000000001673, 1, , , 2859.0410000000001673, 1, , , 2859.0410000000001673, 0
, , 2859.0459999999998217, 0, , , 2859.0459999999998217, 1, , , 2859.0459999999998217, 1, , , 2859.0459999999998217, 0
, , 2859.0520000000001346, 0, , , 2859.0520000000001346, 1, , , 2859.0520000000001346, 1, , , 2859.0520000000001346, 0
, , 2859.05600000000004, 0, , , 2859.05600000000004, 1, , , 2859.05600000000004, 1, , , 2859.05600000000004, 0
, , 2859.0610000000001492, 0, , , 2859.0610000000001492, 1, , , 2859.0610000000001492, 1, , , 2859.0610000000001492, 0
, , 2859.0670000000000073, 0, , , 2859.0670000000000073, 1, , , 2859.0670000000000073, 1, , , 2859.0670000000000073, 0
, , 2859.0709999999999127, 0, , , 2859.0709999999999127, 1, , , 2859.0709999999999127, 1, , , 2859.0709999999999127, 0
, , 2859.0770000000002256, 0, , , 2859.0770000000002256, 1, , , 2859.0770000000002256, 1, , , 2859.0770000000002256, 0
, , 2859.081000000000131, 0, , , 2859.081000000000131, 1, , , 2859.081000000000131, 1, , , 2859.081000000000131, 0
, , 2859.0869999999999891, 0, , , 2859.0869999999999891, 1, , , 2859.0869999999999891, 1, , , 2859.0869999999999891, 0
, , 2859.0920000000000982, 0, , , 2859.0920000000000982, 1, , , 2859.0920000000000982, 1, , , 2859.0920000000000982, 0
, , 2859.0960000000000036, 0, , , 2859.0960000000000036, 1, , , 2859.0960000000000036, 1, , , 2859.0960000000000036, 0
, , 2859.1010000000001128, 0, , , 2859.1010000000001128, 1, , , 2859.1010000000001128, 1, , , 2859.1010000000001128, 0
, , 2859.1060000000002219, 0, , , 2859.1060000000002219, 1, , , 2859.1060000000002219, 1, , , 2859.1060000000002219, 0
, , 2859.1109999999998763, 1, , , 2859.1109999999998763, 1, , , 2859.1109999999998763, 1, , , 2859.1109999999998763, 1
, , 2859.1159999999999854, 1, , , 2859.1159999999999854, 1, , , 2859.1159999999999854, 1, , , 2859.1159999999999854, 1
, , 2859.1210000000000946, 1, , , 2859.1210000000000946, 1, , , 2859.1210000000000946, 1, , , 2859.1210000000000946, 1
, , 2859.1260000000002037, 1, , , 2859.1260000000002037, 1, , , 2859.1260000000002037, 1, , , 2859.1260000000002037, 1
, , 2859.1309999999998581, 1, , , 2859.1309999999998581, 1, , , 2859.1309999999998581, 1, , , 2859.1309999999998581, 1
, , 2859.1359999999999673, 1, , , 2859.1359999999999673, 1, , , 2859.1359999999999673, 1, , , 2859.1359999999999673, 1
, , 2859.1410000000000764, 1, , , 2859.1410000000000764, 1, , , 2859.1410000000000764, 1, , , 2859.1410000000000764, 1
, , 2859.1469999999999345, 1, , , 2859.1469999999999345, 1, , , 2859.1469999999999345, 1, , , 2859.1469999999999345, 1
, , 2859.1509999999998399, 1, , , 2859.1509999999998399, 1, , , 2859.1509999999998399, 1, , , 2859.1509999999998399, 1
, , 2859.1559999999999491, 1, , , 2859.1559999999999491, 1, , , 2859.1559999999999491, 1, , , 2859.1559999999999491, 1
, , 2859.1610000000000582, 1, , , 2859.1610000000000582, 1, , , 2859.1610000000000582, 1, , , 2859.1610000000000582, 1
, , 2859.1660000000001673, 1, , , 2859.1660000000001673, 1, , , 2859.1660000000001673, 1, , , 2859.1660000000001673, 1
, , 2859.1720000000000255, 1, , , 2859.1720000000000255, 1, , , 2859.1720000000000255, 1, , , 2859.1720000000000255, 1
, , 2859.1759999999999309, 1, , , 2859.1759999999999309, 1, , , 2859.1759999999999309, 1, , , 2859.1759999999999309, 1
, , 2859.18100000000004, 1, , , 2859.18100000000004, 1, , , 2859.18100000000004, 1, , , 2859.18100000000004, 1
, , 2859.1880000000001019, 1, , , 2859.1880000000001019, 0, , , 2859.1880000000001019, 0, , , 2859.1880000000001019, 1
, , 2859.193000000000211, 1, , , 2859.193000000000211, 0, , , 2859.193000000000211, 0, , , 2859.193000000000211, 1
, , 2859.1959999999999127, 1, , , 2859.1959999999999127, 0, , , 2859.1959999999999127, 0, , , 2859.1959999999999127, 1
, , 2859.2010000000000218, 1, , , 2859.2010000000000218, 0, , , 2859.2010000000000218, 0, , , 2859.2010000000000218, 1
, , 2859.206000000000131, 1, , , 2859.206000000000131, 0, , , 2859.206000000000131, 0, , , 2859.206000000000131, 1
, , 2859.2139999999999418, 1, , , 2859.2139999999999418, 0, , , 2859.2139999999999418, 0, , , 2859.2139999999999418, 1
, , 2859.2150000000001455, 1, , , 2859.2150000000001455, 0, , , 2859.2150000000001455, 0, , , 2859.2150000000001455, 1
, , 2859.2210000000000036, 1, , , 2859.2210000000000036, 0, , , 2859.2210000000000036, 0, , , 2859.2210000000000036, 1
, , 2859.2260000000001128, 1, , , 2859.2260000000001128, 0, , , 2859.2260000000001128, 0, , , 2859.2260000000001128, 1
, , 2859.2310000000002219, 1, , , 2859.2310000000002219, 0, , , 2859.2310000000002219, 0, , , 2859.2310000000002219, 1
, , 2859.2339999999999236, 1, , , 2859.2339999999999236, 0, , , 2859.2339999999999236, 0, , , 2859.2339999999999236, 1
, , 2859.2429999999999382, 1, , , 2859.2429999999999382, 0, , , 2859.2429999999999382, 0, , , 2859.2429999999999382, 1
, , 2859.2460000000000946, 1, , , 2859.2460000000000946, 0, , , 2859.2460000000000946, 0, , , 2859.2460000000000946, 1
, , 2859.2510000000002037, 1, , , 2859.2510000000002037, 0, , , 2859.2510000000002037, 0, , , 2859.2510000000002037, 1
, , 2859.2559999999998581, 1, , , 2859.2559999999998581, 0, , , 2859.2559999999998581, 0, , , 2859.2559999999998581, 1
, , 2859.2609999999999673, 1, , , 2859.2609999999999673, 0, , , 2859.2609999999999673, 0, , , 2859.2609999999999673, 1
, , 2859.2669999999998254, 1, , , 2859.2669999999998254, 0, , , 2859.2669999999998254, 0, , , 2859.2669999999998254, 1
, , 2859.2719999999999345, 1, , , 2859.2719999999999345, 0, , , 2859.2719999999999345, 0, , , 2859.2719999999999345, 1
, , 2859.2759999999998399, 1, , , 2859.2759999999998399, 0, , , 2859.2759999999998399, 0, , , 2859.2759999999998399, 1
, , 2859.2820000000001528, 1, , , 2859.2820000000001528, 0, , , 2859.2820000000001528, 0, , , 2859.2820000000001528, 1
, , 2859.2869999999998072, 1, , , 2859.2869999999998072, 0, , , 2859.2869999999998072, 0, , , 2859.2869999999998072, 1
, , 2859.2910000000001673, 1, , , 2859.2910000000001673, 0, , , 2859.2910000000001673, 0, , , 2859.2910000000001673, 1
, , 2859.2959999999998217, 1, , , 2859.2959999999998217, 0, , , 2859.2959999999998217, 0, , , 2859.2959999999998217, 1
, , 2859.3009999999999309, 1, , , 2859.3009999999999309, 0, , , 2859.3009999999999309, 0, , , 2859.3009999999999309, 1
, , 2859.30600000000004, 1, , , 2859.30600000000004, 0, , , 2859.30600000000004, 0, , , 2859.30600000000004, 1
, , 2859.3110000000001492, 1, , , 2859.3110000000001492, 0, , , 2859.3110000000001492, 0, , , 2859.3110000000001492, 1
, , 2859.3159999999998035, 1, , , 2859.3159999999998035, 0, , , 2859.3159999999998035, 0, , , 2859.3159999999998035, 1
, , 2859.3209999999999127, 1, , , 2859.3209999999999127, 0, , , 2859.3209999999999127, 0, , , 2859.3209999999999127, 1
, , 2859.3260000000000218, 1, , , 2859.3260000000000218, 0, , , 2859.3260000000000218, 0, , , 2859.3260000000000218, 1
, , 2859.331000000000131, 1, , , 2859.331000000000131, 0, , , 2859.331000000000131, 0, , , 2859.331000000000131, 1
, , 2859.3359999999997854, 1, , , 2859.3359999999997854, 0, , , 2859.3359999999997854, 0, , , 2859.3359999999997854, 1
, , 2859.3420000000000982, 1, , , 2859.3420000000000982, 0, , , 2859.3420000000000982, 0, , , 2859.3420000000000982, 1
, , 2859.3470000000002074, 1, , , 2859.3470000000002074, 0, , , 2859.3470000000002074, 0, , , 2859.3470000000002074, 1
, , 2859.3510000000001128, 1, , , 2859.3510000000001128, 0, , , 2859.3510000000001128, 0, , , 2859.3510000000001128, 1
, , 2859.3560000000002219, 1, , , 2859.3560000000002219, 0, , , 2859.3560000000002219, 0, , , 2859.3560000000002219, 1
, , 2859.36200000000008, 1, , , 2859.36200000000008, 0, , , 2859.36200000000008, 0, , , 2859.36200000000008, 1
, , 2859.3659999999999854, 1, , , 2859.3659999999999854, 0, , , 2859.3659999999999854, 0, , , 2859.3659999999999854, 1
, , 2859.3710000000000946, 1, , , 2859.3710000000000946, 0, , , 2859.3710000000000946, 0, , , 2859.3710000000000946, 1
, , 2859.3769999999999527, 1, , , 2859.3769999999999527, 0, , , 2859.3769999999999527, 0, , , 2859.3769999999999527, 1
, , 2859.3820000000000618, 1, , , 2859.3820000000000618, 0, , , 2859.3820000000000618, 0, , , 2859.3820000000000618, 1
, , 2859.3859999999999673, 1, , , 2859.3859999999999673, 0, , , 2859.3859999999999673, 0, , , 2859.3859999999999673, 1
, , 2859.3910000000000764, 1, , , 2859.3910000000000764, 0, , , 2859.3910000000000764, 0, , , 2859.3910000000000764, 1
, , 2859.3960000000001855, 1, , , 2859.3960000000001855, 0, , , 2859.3960000000001855, 0, , , 2859.3960000000001855, 1
, , 2859.4009999999998399, 1, , , 2859.4009999999998399, 0, , , 2859.4009999999998399, 0, , , 2859.4009999999998399, 1
, , 2859.4059999999999491, 1, , , 2859.4059999999999491, 0, , , 2859.4059999999999491, 0, , , 2859.4059999999999491, 1
, , 2859.4110000000000582, 1, , , 2859.4110000000000582, 0, , , 2859.4110000000000582, 0, , , 2859.4110000000000582, 1
, , 2859.4169999999999163, 1, , , 2859.4169999999999163, 0, , , 2859.4169999999999163, 0, , , 2859.4169999999999163, 1
, , 2859.4220000000000255, 1, , , 2859.4220000000000255, 0, , , 2859.4220000000000255, 0, , , 2859.4220000000000255, 1
, , 2859.4270000000001346, 1, , , 2859.4270000000001346, 0, , , 2859.4270000000001346, 0, , , 2859.4270000000001346, 1
, , 2859.43100000000004, 1, , , 2859.43100000000004, 0, , , 2859.43100000000004, 0, , , 2859.43100000000004, 1
, , 2859.4360000000001492, 1, , , 2859.4360000000001492, 1, , , 2859.4360000000001492, 1, , , 2859.4360000000001492, 1
, , 2859.4409999999998035, 1, , , 2859.4409999999998035, 1, , , 2859.4409999999998035, 1, , , 2859.4409999999998035, 1
, , 2859.4459999999999127, 1, , , 2859.4459999999999127, 1, , , 2859.4459999999999127, 1, , , 2859.4459999999999127, 1
, , 2859.4510000000000218, 1, , , 2859.4510000000000218, 1, , , 2859.4510000000000218, 1, , , 2859.4510000000000218, 1
, , 2859.456000000000131, 1, , , 2859.456000000000131, 1, , , 2859.456000000000131, 1, , , 2859.456000000000131, 1
, , 2859.4609999999997854, 1, , , 2859.4609999999997854, 1, , , 2859.4609999999997854, 1, , , 2859.4609999999997854, 1
, , 2859.4670000000000982, 1, , , 2859.4670000000000982, 1, , , 2859.4670000000000982, 1, , , 2859.4670000000000982, 1
, , 2859.4710000000000036, 1, , , 2859.4710000000000036, 1, , , 2859.4710000000000036, 1, , , 2859.4710000000000036, 1
, , 2859.4760000000001128, 1, , , 2859.4760000000001128, 1, , , 2859.4760000000001128, 1, , , 2859.4760000000001128, 1
, , 2859.4810000000002219, 1, , , 2859.4810000000002219, 1, , , 2859.4810000000002219, 1, , , 2859.4810000000002219, 1
, , 2859.48700000000008, 1, , , 2859.48700000000008, 1, , , 2859.48700000000008, 1, , , 2859.48700000000008, 1
, , 2859.4909999999999854, 1, , , 2859.4909999999999854, 1, , , 2859.4909999999999854, 1, , , 2859.4909999999999854, 1
, , 2859.4960000000000946, 1, , , 2859.4960000000000946, 1, , , 2859.4960000000000946, 1, , , 2859.4960000000000946, 1
, , 2859.5010000000002037, 1, , , 2859.5010000000002037, 1, , , 2859.5010000000002037, 1, , , 2859.5010000000002037, 1
, , 2859.5090000000000146, 0, , , 2859.5090000000000146, 1, , , 2859.5090000000000146, 1, , , 2859.5090000000000146, 0
, , 2859.51299999999992, 0, , , 2859.51299999999992, 1, , , 2859.51299999999992, 1, , , 2859.51299999999992, 0
, , 2859.5160000000000764, 0, , , 2859.5160000000000764, 1, , , 2859.5160000000000764, 1, , , 2859.5160000000000764, 0
, , 2859.5210000000001855, 0, , , 2859.5210000000001855, 1, , , 2859.5210000000001855, 1, , , 2859.5210000000001855, 0
, , 2859.5259999999998399, 0, , , 2859.5259999999998399, 1, , , 2859.5259999999998399, 1, , , 2859.5259999999998399, 0
, , 2859.5309999999999491, 0, , , 2859.5309999999999491, 1, , , 2859.5309999999999491, 1, , , 2859.5309999999999491, 0
, , 2859.5369999999998072, 0, , , 2859.5369999999998072, 1, , , 2859.5369999999998072, 1, , , 2859.5369999999998072, 0
, , 2859.5450000000000728, 0, , , 2859.5450000000000728, 1, , , 2859.5450000000000728, 1, , , 2859.5450000000000728, 0
, , 2859.5459999999998217, 0, , , 2859.5459999999998217, 1, , , 2859.5459999999998217, 1, , , 2859.5459999999998217, 0
, , 2859.5520000000001346, 0, , , 2859.5520000000001346, 1, , , 2859.5520000000001346, 1, , , 2859.5520000000001346, 0
, , 2859.55600000000004, 0, , , 2859.55600000000004, 1, , , 2859.55600000000004, 1, , , 2859.55600000000004, 0
, , 2859.5610000000001492, 0, , , 2859.5610000000001492, 1, , , 2859.5610000000001492, 1, , , 2859.5610000000001492, 0
, , 2859.5659999999998035, 0, , , 2859.5659999999998035, 1, , , 2859.5659999999998035, 1, , , 2859.5659999999998035, 0
, , 2859.5709999999999127, 0, , , 2859.5709999999999127, 1, , , 2859.5709999999999127, 1, , , 2859.5709999999999127, 0
, , 2859.5760000000000218, 0, , , 2859.5760000000000218, 1, , , 2859.5760000000000218, 1, , , 2859.5760000000000218, 0
, , 2859.5819999999998799, 0, , , 2859.5819999999998799, 1, , , 2859.5819999999998799, 1, , , 2859.5819999999998799, 0
, , 2859.5859999999997854, 0, , , 2859.5859999999997854, 1, , , 2859.5859999999997854, 1, , , 2859.5859999999997854, 0
, , 2859.5909999999998945, 0, , , 2859.5909999999998945, 1, , , 2859.5909999999998945, 1, , , 2859.5909999999998945, 0
, , 2859.5970000000002074, 0, , , 2859.5970000000002074, 1, , , 2859.5970000000002074, 1, , , 2859.5970000000002074, 0
, , 2859.6010000000001128, 0, , , 2859.6010000000001128, 1, , , 2859.6010000000001128, 1, , , 2859.6010000000001128, 0
, , 2859.6060000000002219, 0, , , 2859.6060000000002219, 1, , , 2859.6060000000002219, 1, , , 2859.6060000000002219, 0
, , 2859.6109999999998763, 0, , , 2859.6109999999998763, 1, , , 2859.6109999999998763, 1, , , 2859.6109999999998763, 0
, , 2859.6159999999999854, 0, , , 2859.6159999999999854, 1, , , 2859.6159999999999854, 1, , , 2859.6159999999999854, 0
, , 2859.6210000000000946, 0, , , 2859.6210000000000946, 1, , , 2859.6210000000000946, 1, , , 2859.6210000000000946, 0
, , 2859.6260000000002037, 0, , , 2859.6260000000002037, 1, , , 2859.6260000000002037, 1, , , 2859.6260000000002037, 0
, , 2859.6300000000001091, 0, , , 2859.6300000000001091, 1, , , 2859.6300000000001091, 1, , , 2859.6300000000001091, 0
, , 2859.6350000000002183, 0, , , 2859.6350000000002183, 1, , , 2859.6350000000002183, 1, , , 2859.6350000000002183, 0
, , 2859.6410000000000764, 0, , , 2859.6410000000000764, 1, , , 2859.6410000000000764, 1, , , 2859.6410000000000764, 0
, , 2859.6469999999999345, 0, , , 2859.6469999999999345, 1, , , 2859.6469999999999345, 1, , , 2859.6469999999999345, 0
, , 2859.6509999999998399, 0, , , 2859.6509999999998399, 1, , , 2859.6509999999998399, 1, , , 2859.6509999999998399, 0
, , 2859.6550000000002001, 0, , , 2859.6550000000002001, 1, , , 2859.6550000000002001, 1, , , 2859.6550000000002001, 0
, , 2859.6610000000000582, 0, , , 2859.6610000000000582, 1, , , 2859.6610000000000582, 1, , , 2859.6610000000000582, 0
, , 2859.6660000000001673, 0, , , 2859.6660000000001673, 1, , , 2859.6660000000001673, 1, , , 2859.6660000000001673, 0
, , 2859.6700000000000728, 0, , , 2859.6700000000000728, 1, , , 2859.6700000000000728, 1, , , 2859.6700000000000728, 0
, , 2859.6759999999999309, 0, , , 2859.6759999999999309, 1, , , 2859.6759999999999309, 1, , , 2859.6759999999999309, 0
, , 2859.68100000000004, 0, , , 2859.68100000000004, 1, , , 2859.68100000000004, 1, , , 2859.68100000000004, 0
, , 2859.6860000000001492, 0, , , 2859.6860000000001492, 1, , , 2859.6860000000001492, 1, , , 2859.6860000000001492, 0
, , 2859.6909999999998035, 0, , , 2859.6909999999998035, 1, , , 2859.6909999999998035, 1, , , 2859.6909999999998035, 0
, , 2859.6959999999999127, 0, , , 2859.6959999999999127, 1, , , 2859.6959999999999127, 1, , , 2859.6959999999999127, 0
, , 2859.7010000000000218, 0, , , 2859.7010000000000218, 1, , , 2859.7010000000000218, 1, , , 2859.7010000000000218, 0
, , 2859.7069999999998799, 0, , , 2859.7069999999998799, 1, , , 2859.7069999999998799, 1, , , 2859.7069999999998799, 0
, , 2859.7109999999997854, 0, , , 2859.7109999999997854, 1, , , 2859.7109999999997854, 1, , , 2859.7109999999997854, 0
, , 2859.7159999999998945, 0, , , 2859.7159999999998945, 1, , , 2859.7159999999998945, 1, , , 2859.7159999999998945, 0
, , 2859.7210000000000036, 0, , , 2859.7210000000000036, 1, , , 2859.7210000000000036, 1, , , 2859.7210000000000036, 0
, , 2859.7260000000001128, 0, , , 2859.7260000000001128, 1, , , 2859.7260000000001128, 1, , , 2859.7260000000001128, 0
, , 2859.7319999999999709, 0, , , 2859.7319999999999709, 1, , , 2859.7319999999999709, 1, , , 2859.7319999999999709, 0
, , 2859.737999999999829, 0, , , 2859.737999999999829, 1, , , 2859.737999999999829, 1, , , 2859.737999999999829, 0
, , 2859.7420000000001892, 0, , , 2859.7420000000001892, 1, , , 2859.7420000000001892, 1, , , 2859.7420000000001892, 0
, , 2859.7449999999998909, 0, , , 2859.7449999999998909, 1, , , 2859.7449999999998909, 1, , , 2859.7449999999998909, 0
, , 2859.7510000000002037, 0, , , 2859.7510000000002037, 1, , , 2859.7510000000002037, 1, , , 2859.7510000000002037, 0
, , 2859.7559999999998581, 0, , , 2859.7559999999998581, 1, , , 2859.7559999999998581, 1, , , 2859.7559999999998581, 0
, , 2859.7609999999999673, 1, , , 2859.7609999999999673, 1, , , 2859.7609999999999673, 1, , , 2859.7609999999999673, 1
, , 2859.7660000000000764, 1, , , 2859.7660000000000764, 1, , , 2859.7660000000000764, 1, , , 2859.7660000000000764, 1
, , 2859.7710000000001855, 1, , , 2859.7710000000001855, 1, , , 2859.7710000000001855, 1, , , 2859.7710000000001855, 1
, , 2859.7759999999998399, 1, , , 2859.7759999999998399, 1, , , 2859.7759999999998399, 1, , , 2859.7759999999998399, 1
, , 2859.7809999999999491, 1, , , 2859.7809999999999491, 1, , , 2859.7809999999999491, 1, , , 2859.7809999999999491, 1
, , 2859.7860000000000582, 1, , , 2859.7860000000000582, 1, , , 2859.7860000000000582, 1, , , 2859.7860000000000582, 1
, , 2859.7910000000001673, 1, , , 2859.7910000000001673, 1, , , 2859.7910000000001673, 1, , , 2859.7910000000001673, 1
, , 2859.7970000000000255, 1, , , 2859.7970000000000255, 1, , , 2859.7970000000000255, 1, , , 2859.7970000000000255, 1
, , 2859.8009999999999309, 1, , , 2859.8009999999999309, 1, , , 2859.8009999999999309, 1, , , 2859.8009999999999309, 1
, , 2859.806999999999789, 1, , , 2859.806999999999789, 1, , , 2859.806999999999789, 1, , , 2859.806999999999789, 1
, , 2859.8110000000001492, 1, , , 2859.8110000000001492, 1, , , 2859.8110000000001492, 1, , , 2859.8110000000001492, 1
, , 2859.8159999999998035, 1, , , 2859.8159999999998035, 1, , , 2859.8159999999998035, 1, , , 2859.8159999999998035, 1
, , 2859.8209999999999127, 1, , , 2859.8209999999999127, 1, , , 2859.8209999999999127, 1, , , 2859.8209999999999127, 1
, , 2859.8260000000000218, 1, , , 2859.8260000000000218, 1, , , 2859.8260000000000218, 1, , , 2859.8260000000000218, 1
, , 2859.831000000000131, 1, , , 2859.831000000000131, 1, , , 2859.831000000000131, 1, , , 2859.831000000000131, 1
, , 2859.8369999999999891, 1, , , 2859.8369999999999891, 0, , , 2859.8369999999999891, 0, , , 2859.8369999999999891, 1
, , 2859.8420000000000982, 1, , , 2859.8420000000000982, 0, , , 2859.8420000000000982, 0, , , 2859.8420000000000982, 1
, , 2859.8470000000002074, 1, , , 2859.8470000000002074, 0, , , 2859.8470000000002074, 0, , , 2859.8470000000002074, 1
, , 2859.8519999999998618, 1, , , 2859.8519999999998618, 0, , , 2859.8519999999998618, 0, , , 2859.8519999999998618, 1
, , 2859.8560000000002219, 1, , , 2859.8560000000002219, 0, , , 2859.8560000000002219, 0, , , 2859.8560000000002219, 1
, , 2859.8609999999998763, 1, , , 2859.8609999999998763, 0, , , 2859.8609999999998763, 0, , , 2859.8609999999998763, 1
, , 2859.8659999999999854, 1, , , 2859.8659999999999854, 0, , , 2859.8659999999999854, 0, , , 2859.8659999999999854, 1
, , 2859.8719999999998436, 1, , , 2859.8719999999998436, 0, , , 2859.8719999999998436, 0, , , 2859.8719999999998436, 1
, , 2859.8760000000002037, 1, , , 2859.8760000000002037, 0, , , 2859.8760000000002037, 0, , , 2859.8760000000002037, 1
, , 2859.8809999999998581, 1, , , 2859.8809999999998581, 0, , , 2859.8809999999998581, 0, , , 2859.8809999999998581, 1
, , 2859.8859999999999673, 1, , , 2859.8859999999999673, 0, , , 2859.8859999999999673, 0, , , 2859.8859999999999673, 1
, , 2859.8910000000000764, 1, , , 2859.8910000000000764, 0, , , 2859.8910000000000764, 0, , , 2859.8910000000000764, 1
, , 2859.8960000000001855, 1, , , 2859.8960000000001855, 0, , , 2859.8960000000001855, 0, , , 2859.8960000000001855, 1
, , 2859.9009999999998399, 1, , , 2859.9009999999998399, 0, , , 2859.9009999999998399, 0, , , 2859.9009999999998399, 1
, , 2859.9070000000001528, 1, , , 2859.9070000000001528, 0, , , 2859.9070000000001528, 0, , , 2859.9070000000001528, 1
, , 2859.9110000000000582, 1, , , 2859.9110000000000582, 0, , , 2859.9110000000000582, 0, , , 2859.9110000000000582, 1
, , 2859.9160000000001673, 1, , , 2859.9160000000001673, 0, , , 2859.9160000000001673, 0, , , 2859.9160000000001673, 1
, , 2859.9209999999998217, 1, , , 2859.9209999999998217, 0, , , 2859.9209999999998217, 0, , , 2859.9209999999998217, 1
, , 2859.9270000000001346, 1, , , 2859.9270000000001346, 0, , , 2859.9270000000001346, 0, , , 2859.9270000000001346, 1
, , 2859.93100000000004, 1, , , 2859.93100000000004, 0, , , 2859.93100000000004, 0, , , 2859.93100000000004, 1
, , 2859.9360000000001492, 1, , , 2859.9360000000001492, 0, , , 2859.9360000000001492, 0, , , 2859.9360000000001492, 1
, , 2859.9409999999998035, 1, , , 2859.9409999999998035, 0, , , 2859.9409999999998035, 0, , , 2859.9409999999998035, 1
, , 2859.9459999999999127, 1, , , 2859.9459999999999127, 0, , , 2859.9459999999999127, 0, , , 2859.9459999999999127, 1
, , 2859.9520000000002256, 1, , , 2859.9520000000002256, 0, , , 2859.9520000000002256, 0, , , 2859.9520000000002256, 1
, , 2859.956000000000131, 1, , , 2859.956000000000131, 0, , , 2859.956000000000131, 0, , , 2859.956000000000131, 1
, , 2859.9609999999997854, 1, , , 2859.9609999999997854, 0, , , 2859.9609999999997854, 0, , , 2859.9609999999997854, 1
, , 2859.9659999999998945, 1, , , 2859.9659999999998945, 0, , , 2859.9659999999998945, 0, , , 2859.9659999999998945, 1
, , 2859.9710000000000036, 1, , , 2859.9710000000000036, 0, , , 2859.9710000000000036, 0, , , 2859.9710000000000036, 1
, , 2859.9760000000001128, 1, , , 2859.9760000000001128, 0, , , 2859.9760000000001128, 0, , , 2859.9760000000001128, 1
, , 2859.9810000000002219, 1, , , 2859.9810000000002219, 0, , , 2859.9810000000002219, 0, , , 2859.9810000000002219, 1
, , 2859.9859999999998763, 1, , , 2859.9859999999998763, 0, , , 2859.9859999999998763, 0, , , 2859.9859999999998763, 1
, , 2859.9909999999999854, 1, , , 2859.9909999999999854, 0, , , 2859.9909999999999854, 0, , , 2859.9909999999999854, 1
, , 2859.9949999999998909, 1, , , 2859.9949999999998909, 0, , , 2859.9949999999998909, 0, , , 2859.9949999999998909, 1
, , 2860.0010000000002037, 1, , , 2860.0010000000002037, 0, , , 2860.0010000000002037, 0, , , 2860.0010000000002037, 1
, , 2860.0059999999998581, 1, , , 2860.0059999999998581, 0, , , 2860.0059999999998581, 0, , , 2860.0059999999998581, 1
, , 2860.012000000000171, 1, , , 2860.012000000000171, 0, , , 2860.012000000000171, 0, , , 2860.012000000000171, 1
, , 2860.0160000000000764, 1, , , 2860.0160000000000764, 0, , , 2860.0160000000000764, 0, , , 2860.0160000000000764, 1
, , 2860.0210000000001855, 1, , , 2860.0210000000001855, 0, , , 2860.0210000000001855, 0, , , 2860.0210000000001855, 1
, , 2860.0259999999998399, 1, , , 2860.0259999999998399, 0, , , 2860.0259999999998399, 0, , , 2860.0259999999998399, 1
, , 2860.0320000000001528, 1, , , 2860.0320000000001528, 0, , , 2860.0320000000001528, 0, , , 2860.0320000000001528, 1
, , 2860.0360000000000582, 1, , , 2860.0360000000000582, 0, , , 2860.0360000000000582, 0, , , 2860.0360000000000582, 1
, , 2860.0410000000001673, 1, , , 2860.0410000000001673, 0, , , 2860.0410000000001673, 0, , , 2860.0410000000001673, 1
, , 2860.0479999999997744, 1, , , 2860.0479999999997744, 0, , , 2860.0479999999997744, 0, , , 2860.0479999999997744, 1
, , 2860.0520000000001346, 1, , , 2860.0520000000001346, 0, , , 2860.0520000000001346, 0, , , 2860.0520000000001346, 1
, , 2860.056999999999789, 1, , , 2860.056999999999789, 0, , , 2860.056999999999789, 0, , , 2860.056999999999789, 1
, , 2860.0619999999998981, 1, , , 2860.0619999999998981, 0, , , 2860.0619999999998981, 0, , , 2860.0619999999998981, 1
, , 2860.0670000000000073, 1, , , 2860.0670000000000073, 0, , , 2860.0670000000000073, 0, , , 2860.0670000000000073, 1
, , 2860.0709999999999127, 1, , , 2860.0709999999999127, 0, , , 2860.0709999999999127, 0, , , 2860.0709999999999127, 1
, , 2860.0770000000002256, 1, , , 2860.0770000000002256, 0, , , 2860.0770000000002256, 0, , , 2860.0770000000002256, 1
, , 2860.081000000000131, 1, , , 2860.081000000000131, 0, , , 2860.081000000000131, 0, , , 2860.081000000000131, 1
, , 2860.0900000000001455, 1, , , 2860.0900000000001455, 1, , , 2860.0900000000001455, 1, , , 2860.0900000000001455, 1
, , 2860.0900000000001455, 1, , , 2860.0900000000001455, 1, , , 2860.0900000000001455, 1, , , 2860.0900000000001455, 1
, , 2860.0960000000000036, 1, , , 2860.0960000000000036, 1, , , 2860.0960000000000036, 1, , , 2860.0960000000000036, 1
, , 2860.1010000000001128, 1, , , 2860.1010000000001128, 1, , , 2860.1010000000001128, 1, , , 2860.1010000000001128, 1
, , 2860.1060000000002219, 1, , , 2860.1060000000002219, 1, , , 2860.1060000000002219, 1, , , 2860.1060000000002219, 1
, , 2860.1109999999998763, 1, , , 2860.1109999999998763, 1, , , 2860.1109999999998763, 1, , , 2860.1109999999998763, 1
, , 2860.1159999999999854, 1, , , 2860.1159999999999854, 1, , , 2860.1159999999999854, 1, , , 2860.1159999999999854, 1
, , 2860.1219999999998436, 1, , , 2860.1219999999998436, 1, , , 2860.1219999999998436, 1, , , 2860.1219999999998436, 1
, , 2860.125, 1, , , 2860.125, 1, , , 2860.125, 1, , , 2860.125, 1
, , 2860.1309999999998581, 1, , , 2860.1309999999998581, 1, , , 2860.1309999999998581, 1, , , 2860.1309999999998581, 1
, , 2860.1359999999999673, 1, , , 2860.1359999999999673, 1, , , 2860.1359999999999673, 1, , , 2860.1359999999999673, 1
, , 2860.1399999999998727, 1, , , 2860.1399999999998727, 1, , , 2860.1399999999998727, 1, , , 2860.1399999999998727, 1
, , 2860.1460000000001855, 1, , , 2860.1460000000001855, 1, , , 2860.1460000000001855, 1, , , 2860.1460000000001855, 1
, , 2860.1520000000000437, 1, , , 2860.1520000000000437, 1, , , 2860.1520000000000437, 1, , , 2860.1520000000000437, 1
, , 2860.1570000000001528, 0, , , 2860.1570000000001528, 1, , , 2860.1570000000001528, 1, , , 2860.1570000000001528, 0
, , 2860.1610000000000582, 0, , , 2860.1610000000000582, 1, , , 2860.1610000000000582, 1, , , 2860.1610000000000582, 0
, , 2860.1669999999999163, 0, , , 2860.1669999999999163, 1, , , 2860.1669999999999163, 1, , , 2860.1669999999999163, 0
, , 2860.1709999999998217, 0, , , 2860.1709999999998217, 1, , , 2860.1709999999998217, 1, , , 2860.1709999999998217, 0
, , 2860.1759999999999309, 0, , , 2860.1759999999999309, 1, , , 2860.1759999999999309, 1, , , 2860.1759999999999309, 0
, , 2860.18100000000004, 0, , , 2860.18100000000004, 1, , , 2860.18100000000004, 1, , , 2860.18100000000004, 0
, , 2860.1860000000001492, 0, , , 2860.1860000000001492, 1, , , 2860.1860000000001492, 1, , , 2860.1860000000001492, 0
, , 2860.1909999999998035, 0, , , 2860.1909999999998035, 1, , , 2860.1909999999998035, 1, , , 2860.1909999999998035, 0
, , 2860.1959999999999127, 0, , , 2860.1959999999999127, 1, , , 2860.1959999999999127, 1, , , 2860.1959999999999127, 0
, , 2860.2010000000000218, 0, , , 2860.2010000000000218, 1, , , 2860.2010000000000218, 1, , , 2860.2010000000000218, 0
, , 2860.206000000000131, 0, , , 2860.206000000000131, 1, , , 2860.206000000000131, 1, , , 2860.206000000000131, 0
, , 2860.2109999999997854, 0, , , 2860.2109999999997854, 1, , , 2860.2109999999997854, 1, , , 2860.2109999999997854, 0
, , 2860.2159999999998945, 0, , , 2860.2159999999998945, 1, , , 2860.2159999999998945, 1, , , 2860.2159999999998945, 0
, , 2860.2210000000000036, 0, , , 2860.2210000000000036, 1, , , 2860.2210000000000036, 1, , , 2860.2210000000000036, 0
, , 2860.2260000000001128, 0, , , 2860.2260000000001128, 1, , , 2860.2260000000001128, 1, , , 2860.2260000000001128, 0
, , 2860.2310000000002219, 0, , , 2860.2310000000002219, 1, , , 2860.2310000000002219, 1, , , 2860.2310000000002219, 0
, , 2860.23700000000008, 0, , , 2860.23700000000008, 1, , , 2860.23700000000008, 1, , , 2860.23700000000008, 0
, , 2860.2409999999999854, 0, , , 2860.2409999999999854, 1, , , 2860.2409999999999854, 1, , , 2860.2409999999999854, 0
, , 2860.2460000000000946, 0, , , 2860.2460000000000946, 1, , , 2860.2460000000000946, 1, , , 2860.2460000000000946, 0
, , 2860.2530000000001564, 0, , , 2860.2530000000001564, 1, , , 2860.2530000000001564, 1, , , 2860.2530000000001564, 0
, , 2860.2559999999998581, 0, , , 2860.2559999999998581, 1, , , 2860.2559999999998581, 1, , , 2860.2559999999998581, 0
, , 2860.2600000000002183, 0, , , 2860.2600000000002183, 1, , , 2860.2600000000002183, 1, , , 2860.2600000000002183, 0
, , 2860.2680000000000291, 0, , , 2860.2680000000000291, 1, , , 2860.2680000000000291, 1, , , 2860.2680000000000291, 0
, , 2860.2710000000001855, 0, , , 2860.2710000000001855, 1, , , 2860.2710000000001855, 1, , , 2860.2710000000001855, 0
, , 2860.2750000000000909, 0, , , 2860.2750000000000909, 1, , , 2860.2750000000000909, 1, , , 2860.2750000000000909, 0
, , 2860.2809999999999491, 0, , , 2860.2809999999999491, 1, , , 2860.2809999999999491, 1, , , 2860.2809999999999491, 0
, , 2860.2860000000000582, 0, , , 2860.2860000000000582, 1, , , 2860.2860000000000582, 1, , , 2860.2860000000000582, 0
, , 2860.2910000000001673, 0, , , 2860.2910000000001673, 1, , , 2860.2910000000001673, 1, , , 2860.2910000000001673, 0
, , 2860.2959999999998217, 0, , , 2860.2959999999998217, 1, , , 2860.2959999999998217, 1, , , 2860.2959999999998217, 0
, , 2860.3020000000001346, 0, , , 2860.3020000000001346, 1, , , 2860.3020000000001346, 1, , , 2860.3020000000001346, 0
, , 2860.306999999999789, 0, , , 2860.306999999999789, 1, , , 2860.306999999999789, 1, , , 2860.306999999999789, 0
, , 2860.3110000000001492, 0, , , 2860.3110000000001492, 1, , , 2860.3110000000001492, 1, , , 2860.3110000000001492, 0
, , 2860.3159999999998035, 0, , , 2860.3159999999998035, 1, , , 2860.3159999999998035, 1, , , 2860.3159999999998035, 0
, , 2860.3209999999999127, 0, , , 2860.3209999999999127, 1, , , 2860.3209999999999127, 1, , , 2860.3209999999999127, 0
, , 2860.3260000000000218, 0, , , 2860.3260000000000218, 1, , , 2860.3260000000000218, 1, , , 2860.3260000000000218, 0
, , 2860.331000000000131, 0, , , 2860.331000000000131, 1, , , 2860.331000000000131, 1, , , 2860.331000000000131, 0
, , 2860.3359999999997854, 0, , , 2860.3359999999997854, 1, , , 2860.3359999999997854, 1, , , 2860.3359999999997854, 0
, , 2860.3400000000001455, 0, , , 2860.3400000000001455, 1, , , 2860.3400000000001455, 1, , , 2860.3400000000001455, 0
, , 2860.3460000000000036, 0, , , 2860.3460000000000036, 1, , , 2860.3460000000000036, 1, , , 2860.3460000000000036, 0
, , 2860.3510000000001128, 0, , , 2860.3510000000001128, 1, , , 2860.3510000000001128, 1, , , 2860.3510000000001128, 0
, , 2860.3560000000002219, 0, , , 2860.3560000000002219, 1, , , 2860.3560000000002219, 1, , , 2860.3560000000002219, 0
, , 2860.3609999999998763, 0, , , 2860.3609999999998763, 1, , , 2860.3609999999998763, 1, , , 2860.3609999999998763, 0
, , 2860.3659999999999854, 0, , , 2860.3659999999999854, 1, , , 2860.3659999999999854, 1, , , 2860.3659999999999854, 0
, , 2860.3710000000000946, 0, , , 2860.3710000000000946, 1, , , 2860.3710000000000946, 1, , , 2860.3710000000000946, 0
, , 2860.3760000000002037, 0, , , 2860.3760000000002037, 1, , , 2860.3760000000002037, 1, , , 2860.3760000000002037, 0
, , 2860.3809999999998581, 0, , , 2860.3809999999998581, 1, , , 2860.3809999999998581, 1, , , 2860.3809999999998581, 0
, , 2860.3859999999999673, 0, , , 2860.3859999999999673, 1, , , 2860.3859999999999673, 1, , , 2860.3859999999999673, 0
, , 2860.3910000000000764, 0, , , 2860.3910000000000764, 1, , , 2860.3910000000000764, 1, , , 2860.3910000000000764, 0
, , 2860.3960000000001855, 0, , , 2860.3960000000001855, 1, , , 2860.3960000000001855, 1, , , 2860.3960000000001855, 0
, , 2860.4009999999998399, 0, , , 2860.4009999999998399, 1, , , 2860.4009999999998399, 1, , , 2860.4009999999998399, 0
, , 2860.4070000000001528, 0, , , 2860.4070000000001528, 1, , , 2860.4070000000001528, 1, , , 2860.4070000000001528, 0
, , 2860.4110000000000582, 1, , , 2860.4110000000000582, 1, , , 2860.4110000000000582, 1, , , 2860.4110000000000582, 1
, , 2860.4160000000001673, 1, , , 2860.4160000000001673, 1, , , 2860.4160000000001673, 1, , , 2860.4160000000001673, 1
, , 2860.4220000000000255, 1, , , 2860.4220000000000255, 1, , , 2860.4220000000000255, 1, , , 2860.4220000000000255, 1
, , 2860.4259999999999309, 1, , , 2860.4259999999999309, 1, , , 2860.4259999999999309, 1, , , 2860.4259999999999309, 1
, , 2860.43100000000004, 1, , , 2860.43100000000004, 1, , , 2860.43100000000004, 1, , , 2860.43100000000004, 1
, , 2860.4360000000001492, 1, , , 2860.4360000000001492, 1, , , 2860.4360000000001492, 1, , , 2860.4360000000001492, 1
, , 2860.4420000000000073, 1, , , 2860.4420000000000073, 1, , , 2860.4420000000000073, 1, , , 2860.4420000000000073, 1
, , 2860.4459999999999127, 1, , , 2860.4459999999999127, 1, , , 2860.4459999999999127, 1, , , 2860.4459999999999127, 1
, , 2860.4510000000000218, 1, , , 2860.4510000000000218, 1, , , 2860.4510000000000218, 1, , , 2860.4510000000000218, 1
, , 2860.456000000000131, 1, , , 2860.456000000000131, 1, , , 2860.456000000000131, 1, , , 2860.456000000000131, 1
, , 2860.4609999999997854, 1, , , 2860.4609999999997854, 1, , , 2860.4609999999997854, 1, , , 2860.4609999999997854, 1
, , 2860.4659999999998945, 1, , , 2860.4659999999998945, 1, , , 2860.4659999999998945, 1, , , 2860.4659999999998945, 1
, , 2860.4720000000002074, 1, , , 2860.4720000000002074, 1, , , 2860.4720000000002074, 1, , , 2860.4720000000002074, 1
, , 2860.4760000000001128, 1, , , 2860.4760000000001128, 1, , , 2860.4760000000001128, 1, , , 2860.4760000000001128, 1
, , 2860.4810000000002219, 1, , , 2860.4810000000002219, 1, , , 2860.4810000000002219, 1, , , 2860.4810000000002219, 1
, , 2860.4859999999998763, 1, , , 2860.4859999999998763, 0, , , 2860.4859999999998763, 0, , , 2860.4859999999998763, 1
, , 2860.4909999999999854, 1, , , 2860.4909999999999854, 0, , , 2860.4909999999999854, 0, , , 2860.4909999999999854, 1
, , 2860.4960000000000946, 1, , , 2860.4960000000000946, 0, , , 2860.4960000000000946, 0, , , 2860.4960000000000946, 1
, , 2860.5010000000002037, 1, , , 2860.5010000000002037, 0, , , 2860.5010000000002037, 0, , , 2860.5010000000002037, 1
, , 2860.5059999999998581, 1, , , 2860.5059999999998581, 0, , , 2860.5059999999998581, 0, , , 2860.5059999999998581, 1
, , 2860.5109999999999673, 1, , , 2860.5109999999999673, 0, , , 2860.5109999999999673, 0, , , 2860.5109999999999673, 1
, , 2860.5169999999998254, 1, , , 2860.5169999999998254, 0, , , 2860.5169999999998254, 0, , , 2860.5169999999998254, 1
, , 2860.5210000000001855, 1, , , 2860.5210000000001855, 0, , , 2860.5210000000001855, 0, , , 2860.5210000000001855, 1
, , 2860.5259999999998399, 1, , , 2860.5259999999998399, 0, , , 2860.5259999999998399, 0, , , 2860.5259999999998399, 1
, , 2860.5320000000001528, 1, , , 2860.5320000000001528, 0, , , 2860.5320000000001528, 0, , , 2860.5320000000001528, 1
, , 2860.5360000000000582, 1, , , 2860.5360000000000582, 0, , , 2860.5360000000000582, 0, , , 2860.5360000000000582, 1
, , 2860.5410000000001673, 1, , , 2860.5410000000001673, 0, , , 2860.5410000000001673, 0, , , 2860.5410000000001673, 1
, , 2860.5459999999998217, 1, , , 2860.5459999999998217, 0, , , 2860.5459999999998217, 0, , , 2860.5459999999998217, 1
, , 2860.5520000000001346, 1, , , 2860.5520000000001346, 0, , , 2860.5520000000001346, 0, , , 2860.5520000000001346, 1
, , 2860.556999999999789, 1, , , 2860.556999999999789, 0, , , 2860.556999999999789, 0, , , 2860.556999999999789, 1
, , 2860.5610000000001492, 1, , , 2860.5610000000001492, 0, , , 2860.5610000000001492, 0, , , 2860.5610000000001492, 1
, , 2860.5659999999998035, 1, , , 2860.5659999999998035, 0, , , 2860.5659999999998035, 0, , , 2860.5659999999998035, 1
, , 2860.5709999999999127, 1, , , 2860.5709999999999127, 0, , , 2860.5709999999999127, 0, , , 2860.5709999999999127, 1
, , 2860.5760000000000218, 1, , , 2860.5760000000000218, 0, , , 2860.5760000000000218, 0, , , 2860.5760000000000218, 1
, , 2860.581000000000131, 1, , , 2860.581000000000131, 0, , , 2860.581000000000131, 0, , , 2860.581000000000131, 1
, , 2860.5859999999997854, 1, , , 2860.5859999999997854, 0, , , 2860.5859999999997854, 0, , , 2860.5859999999997854, 1
, , 2860.5920000000000982, 1, , , 2860.5920000000000982, 0, , , 2860.5920000000000982, 0, , , 2860.5920000000000982, 1
, , 2860.5970000000002074, 1, , , 2860.5970000000002074, 0, , , 2860.5970000000002074, 0, , , 2860.5970000000002074, 1
, , 2860.6010000000001128, 1, , , 2860.6010000000001128, 0, , , 2860.6010000000001128, 0, , , 2860.6010000000001128, 1
, , 2860.6060000000002219, 1, , , 2860.6060000000002219, 0, , , 2860.6060000000002219, 0, , , 2860.6060000000002219, 1
, , 2860.61200000000008, 1, , , 2860.61200000000008, 0, , , 2860.61200000000008, 0, , , 2860.61200000000008, 1
, , 2860.6170000000001892, 1, , , 2860.6170000000001892, 0, , , 2860.6170000000001892, 0, , , 2860.6170000000001892, 1
, , 2860.6219999999998436, 1, , , 2860.6219999999998436, 0, , , 2860.6219999999998436, 0, , , 2860.6219999999998436, 1
, , 2860.6260000000002037, 1, , , 2860.6260000000002037, 0, , , 2860.6260000000002037, 0, , , 2860.6260000000002037, 1
, , 2860.6320000000000618, 1, , , 2860.6320000000000618, 0, , , 2860.6320000000000618, 0, , , 2860.6320000000000618, 1
, , 2860.6359999999999673, 1, , , 2860.6359999999999673, 0, , , 2860.6359999999999673, 0, , , 2860.6359999999999673, 1
, , 2860.6410000000000764, 1, , , 2860.6410000000000764, 0, , , 2860.6410000000000764, 0, , , 2860.6410000000000764, 1
, , 2860.6460000000001855, 1, , , 2860.6460000000001855, 0, , , 2860.6460000000001855, 0, , , 2860.6460000000001855, 1
, , 2860.6509999999998399, 1, , , 2860.6509999999998399, 0, , , 2860.6509999999998399, 0, , , 2860.6509999999998399, 1
, , 2860.6559999999999491, 1, , , 2860.6559999999999491, 0, , , 2860.6559999999999491, 0, , , 2860.6559999999999491, 1
, , 2860.6610000000000582, 1, , , 2860.6610000000000582, 0, , , 2860.6610000000000582, 0, , , 2860.6610000000000582, 1
, , 2860.6669999999999163, 1, , , 2860.6669999999999163, 0, , , 2860.6669999999999163, 0, , , 2860.6669999999999163, 1
, , 2860.6709999999998217, 1, , , 2860.6709999999998217, 0, , , 2860.6709999999998217, 0, , , 2860.6709999999998217, 1
, , 2860.6770000000001346, 1, , , 2860.6770000000001346, 0, , , 2860.6770000000001346, 0, , , 2860.6770000000001346, 1
, , 2860.68100000000004, 1, , , 2860.68100000000004, 0, , , 2860.68100000000004, 0, , , 2860.68100000000004, 1
, , 2860.6869999999998981, 1, , , 2860.6869999999998981, 0, , , 2860.6869999999998981, 0, , , 2860.6869999999998981, 1
, , 2860.6909999999998035, 1, , , 2860.6909999999998035, 0, , , 2860.6909999999998035, 0, , , 2860.6909999999998035, 1
, , 2860.6959999999999127, 1, , , 2860.6959999999999127, 0, , , 2860.6959999999999127, 0, , , 2860.6959999999999127, 1
, , 2860.7010000000000218, 1, , , 2860.7010000000000218, 0, , , 2860.7010000000000218, 0, , , 2860.7010000000000218, 1
, , 2860.706000000000131, 1, , , 2860.706000000000131, 0, , , 2860.706000000000131, 0, , , 2860.706000000000131, 1
, , 2860.7109999999997854, 1, , , 2860.7109999999997854, 0, , , 2860.7109999999997854, 0, , , 2860.7109999999997854, 1
, , 2860.7159999999998945, 1, , , 2860.7159999999998945, 0, , , 2860.7159999999998945, 0, , , 2860.7159999999998945, 1
, , 2860.7220000000002074, 1, , , 2860.7220000000002074, 0, , , 2860.7220000000002074, 0, , , 2860.7220000000002074, 1
, , 2860.7280000000000655, 1, , , 2860.7280000000000655, 0, , , 2860.7280000000000655, 0, , , 2860.7280000000000655, 1
, , 2860.7310000000002219, 1, , , 2860.7310000000002219, 0, , , 2860.7310000000002219, 0, , , 2860.7310000000002219, 1
, , 2860.7359999999998763, 1, , , 2860.7359999999998763, 1, , , 2860.7359999999998763, 1, , , 2860.7359999999998763, 1
, , 2860.7409999999999854, 1, , , 2860.7409999999999854, 1, , , 2860.7409999999999854, 1, , , 2860.7409999999999854, 1
, , 2860.7460000000000946, 1, , , 2860.7460000000000946, 1, , , 2860.7460000000000946, 1, , , 2860.7460000000000946, 1
, , 2860.7510000000002037, 1, , , 2860.7510000000002037, 1, , , 2860.7510000000002037, 1, , , 2860.7510000000002037, 1
, , 2860.7559999999998581, 1, , , 2860.7559999999998581, 1, , , 2860.7559999999998581, 1, , , 2860.7559999999998581, 1
, , 2860.7609999999999673, 1, , , 2860.7609999999999673, 1, , , 2860.7609999999999673, 1, , , 2860.7609999999999673, 1
, , 2860.7660000000000764, 1, , , 2860.7660000000000764, 1, , , 2860.7660000000000764, 1, , , 2860.7660000000000764, 1
, , 2860.7710000000001855, 1, , , 2860.7710000000001855, 1, , , 2860.7710000000001855, 1, , , 2860.7710000000001855, 1
, , 2860.7759999999998399, 1, , , 2860.7759999999998399, 1, , , 2860.7759999999998399, 1, , , 2860.7759999999998399, 1
, , 2860.7809999999999491, 1, , , 2860.7809999999999491, 1, , , 2860.7809999999999491, 1, , , 2860.7809999999999491, 1
, , 2860.7869999999998072, 1, , , 2860.7869999999998072, 1, , , 2860.7869999999998072, 1, , , 2860.7869999999998072, 1
, , 2860.7910000000001673, 1, , , 2860.7910000000001673, 1, , , 2860.7910000000001673, 1, , , 2860.7910000000001673, 1
, , 2860.7959999999998217, 1, , , 2860.7959999999998217, 1, , , 2860.7959999999998217, 1, , , 2860.7959999999998217, 1
, , 2860.8009999999999309, 1, , , 2860.8009999999999309, 1, , , 2860.8009999999999309, 1, , , 2860.8009999999999309, 1
, , 2860.806999999999789, 1, , , 2860.806999999999789, 1, , , 2860.806999999999789, 1, , , 2860.806999999999789, 1
, , 2860.8119999999998981, 0, , , 2860.8119999999998981, 1, , , 2860.8119999999998981, 1, , , 2860.8119999999998981, 0
, , 2860.8150000000000546, 0, , , 2860.8150000000000546, 1, , , 2860.8150000000000546, 1, , , 2860.8150000000000546, 0
, , 2860.8209999999999127, 0, , , 2860.8209999999999127, 1, , , 2860.8209999999999127, 1, , , 2860.8209999999999127, 0
, , 2860.8260000000000218, 0, , , 2860.8260000000000218, 1, , , 2860.8260000000000218, 1, , , 2860.8260000000000218, 0
, , 2860.831000000000131, 0, , , 2860.831000000000131, 1, , , 2860.831000000000131, 1, , , 2860.831000000000131, 0
, , 2860.8359999999997854, 0, , , 2860.8359999999997854, 1, , , 2860.8359999999997854, 1, , , 2860.8359999999997854, 0
, , 2860.8420000000000982, 0, , , 2860.8420000000000982, 1, , , 2860.8420000000000982, 1, , , 2860.8420000000000982, 0
, , 2860.8460000000000036, 0, , , 2860.8460000000000036, 1, , , 2860.8460000000000036, 1, , , 2860.8460000000000036, 0
, , 2860.8510000000001128, 0, , , 2860.8510000000001128, 1, , , 2860.8510000000001128, 1, , , 2860.8510000000001128, 0
, , 2860.8569999999999709, 0, , , 2860.8569999999999709, 1, , , 2860.8569999999999709, 1, , , 2860.8569999999999709, 0
, , 2860.8609999999998763, 0, , , 2860.8609999999998763, 1, , , 2860.8609999999998763, 1, , , 2860.8609999999998763, 0
, , 2860.8659999999999854, 0, , , 2860.8659999999999854, 1, , , 2860.8659999999999854, 1, , , 2860.8659999999999854, 0
, , 2860.8710000000000946, 0, , , 2860.8710000000000946, 1, , , 2860.8710000000000946, 1, , , 2860.8710000000000946, 0
, , 2860.8769999999999527, 0, , , 2860.8769999999999527, 1, , , 2860.8769999999999527, 1, , , 2860.8769999999999527, 0
, , 2860.8809999999998581, 0, , , 2860.8809999999998581, 1, , , 2860.8809999999998581, 1, , , 2860.8809999999998581, 0
, , 2860.8859999999999673, 0, , , 2860.8859999999999673, 1, , , 2860.8859999999999673, 1, , , 2860.8859999999999673, 0
, , 2860.8910000000000764, 0, , , 2860.8910000000000764, 1, , , 2860.8910000000000764, 1, , , 2860.8910000000000764, 0
, , 2860.8960000000001855, 0, , , 2860.8960000000001855, 1, , , 2860.8960000000001855, 1, , , 2860.8960000000001855, 0
, , 2860.9020000000000437, 0, , , 2860.9020000000000437, 1, , , 2860.9020000000000437, 1, , , 2860.9020000000000437, 0
, , 2860.9070000000001528, 0, , , 2860.9070000000001528, 1, , , 2860.9070000000001528, 1, , , 2860.9070000000001528, 0
, , 2860.9119999999998072, 0, , , 2860.9119999999998072, 1, , , 2860.9119999999998072, 1, , , 2860.9119999999998072, 0
, , 2860.9160000000001673, 0, , , 2860.9160000000001673, 1, , , 2860.9160000000001673, 1, , , 2860.9160000000001673, 0
, , 2860.9209999999998217, 0, , , 2860.9209999999998217, 1, , , 2860.9209999999998217, 1, , , 2860.9209999999998217, 0
, , 2860.9270000000001346, 0, , , 2860.9270000000001346, 1, , , 2860.9270000000001346, 1, , , 2860.9270000000001346, 0
, , 2860.93100000000004, 0, , , 2860.93100000000004, 1, , , 2860.93100000000004, 1, , , 2860.93100000000004, 0
, , 2860.9360000000001492, 0, , , 2860.9360000000001492, 1, , , 2860.9360000000001492, 1, , , 2860.9360000000001492, 0
, , 2860.9420000000000073, 0, , , 2860.9420000000000073, 1, , , 2860.9420000000000073, 1, , , 2860.9420000000000073, 0
, , 2860.9470000000001164, 0, , , 2860.9470000000001164, 1, , , 2860.9470000000001164, 1, , , 2860.9470000000001164, 0
, , 2860.9510000000000218, 0, , , 2860.9510000000000218, 1, , , 2860.9510000000000218, 1, , , 2860.9510000000000218, 0
, , 2860.9569999999998799, 0, , , 2860.9569999999998799, 1, , , 2860.9569999999998799, 1, , , 2860.9569999999998799, 0
, , 2860.9609999999997854, 0, , , 2860.9609999999997854, 1, , , 2860.9609999999997854, 1, , , 2860.9609999999997854, 0
, , 2860.9670000000000982, 0, , , 2860.9670000000000982, 1, , , 2860.9670000000000982, 1, , , 2860.9670000000000982, 0
, , 2860.9729999999999563, 0, , , 2860.9729999999999563, 1, , , 2860.9729999999999563, 1, , , 2860.9729999999999563, 0
, , 2860.9769999999998618, 0, , , 2860.9769999999998618, 1, , , 2860.9769999999998618, 1, , , 2860.9769999999998618, 0
, , 2860.9810000000002219, 0, , , 2860.9810000000002219, 1, , , 2860.9810000000002219, 1, , , 2860.9810000000002219, 0
, , 2860.98700000000008, 0, , , 2860.98700000000008, 1, , , 2860.98700000000008, 1, , , 2860.98700000000008, 0
, , 2860.9909999999999854, 0, , , 2860.9909999999999854, 1, , , 2860.9909999999999854, 1, , , 2860.9909999999999854, 0
, , 2860.9960000000000946, 0, , , 2860.9960000000000946, 1, , , 2860.9960000000000946, 1, , , 2860.9960000000000946, 0
, , 2861.0019999999999527, 0, , , 2861.0019999999999527, 1, , , 2861.0019999999999527, 1, , , 2861.0019999999999527, 0
, , 2861.0070000000000618, 0, , , 2861.0070000000000618, 1, , , 2861.0070000000000618, 1, , , 2861.0070000000000618, 0
, , 2861.0109999999999673, 0, , , 2861.0109999999999673, 1, , , 2861.0109999999999673, 1, , , 2861.0109999999999673, 0
, , 2861.0160000000000764, 0, , , 2861.0160000000000764, 1, , , 2861.0160000000000764, 1, , , 2861.0160000000000764, 0
, , 2861.0210000000001855, 0, , , 2861.0210000000001855, 1, , , 2861.0210000000001855, 1, , , 2861.0210000000001855, 0
, , 2861.0259999999998399, 0, , , 2861.0259999999998399, 1, , , 2861.0259999999998399, 1, , , 2861.0259999999998399, 0
, , 2861.0320000000001528, 0, , , 2861.0320000000001528, 1, , , 2861.0320000000001528, 1, , , 2861.0320000000001528, 0
, , 2861.0369999999998072, 0, , , 2861.0369999999998072, 1, , , 2861.0369999999998072, 1, , , 2861.0369999999998072, 0
, , 2861.0410000000001673, 0, , , 2861.0410000000001673, 1, , , 2861.0410000000001673, 1, , , 2861.0410000000001673, 0
, , 2861.0459999999998217, 0, , , 2861.0459999999998217, 1, , , 2861.0459999999998217, 1, , , 2861.0459999999998217, 0
, , 2861.0520000000001346, 0, , , 2861.0520000000001346, 1, , , 2861.0520000000001346, 1, , , 2861.0520000000001346, 0
, , 2861.05600000000004, 0, , , 2861.05600000000004, 1, , , 2861.05600000000004, 1, , , 2861.05600000000004, 0
, , 2861.0619999999998981, 0, , , 2861.0619999999998981, 1, , , 2861.0619999999998981, 1, , , 2861.0619999999998981, 0
, , 2861.0659999999998035, 1, , , 2861.0659999999998035, 1, , , 2861.0659999999998035, 1, , , 2861.0659999999998035, 1
, , 2861.0709999999999127, 1, , , 2861.0709999999999127, 1, , , 2861.0709999999999127, 1, , , 2861.0709999999999127, 1
, , 2861.0770000000002256, 1, , , 2861.0770000000002256, 1, , , 2861.0770000000002256, 1, , , 2861.0770000000002256, 1
, , 2861.081000000000131, 1, , , 2861.081000000000131, 1, , , 2861.081000000000131, 1, , , 2861.081000000000131, 1
, , 2861.0859999999997854, 1, , , 2861.0859999999997854, 1, , , 2861.0859999999997854, 1, , , 2861.0859999999997854, 1
, , 2861.0909999999998945, 1, , , 2861.0909999999998945, 1, , , 2861.0909999999998945, 1, , , 2861.0909999999998945, 1
, , 2861.0960000000000036, 1, , , 2861.0960000000000036, 1, , , 2861.0960000000000036, 1, , , 2861.0960000000000036, 1
, , 2861.1010000000001128, 1, , , 2861.1010000000001128, 1, , , 2861.1010000000001128, 1, , , 2861.1010000000001128, 1
, , 2861.1060000000002219, 1, , , 2861.1060000000002219, 1, , , 2861.1060000000002219, 1, , , 2861.1060000000002219, 1
, , 2861.1109999999998763, 1, , , 2861.1109999999998763, 1, , , 2861.1109999999998763, 1, , , 2861.1109999999998763, 1
, , 2861.1170000000001892, 1, , , 2861.1170000000001892, 1, , , 2861.1170000000001892, 1, , , 2861.1170000000001892, 1
, , 2861.1210000000000946, 1, , , 2861.1210000000000946, 1, , , 2861.1210000000000946, 1, , , 2861.1210000000000946, 1
, , 2861.1260000000002037, 1, , , 2861.1260000000002037, 1, , , 2861.1260000000002037, 1, , , 2861.1260000000002037, 1
, , 2861.1320000000000618, 1, , , 2861.1320000000000618, 1, , , 2861.1320000000000618, 1, , , 2861.1320000000000618, 1
, , 2861.1359999999999673, 1, , , 2861.1359999999999673, 1, , , 2861.1359999999999673, 1, , , 2861.1359999999999673, 1
, , 2861.1419999999998254, 1, , , 2861.1419999999998254, 0, , , 2861.1419999999998254, 0, , , 2861.1419999999998254, 1
, , 2861.1460000000001855, 1, , , 2861.1460000000001855, 0, , , 2861.1460000000001855, 0, , , 2861.1460000000001855, 1
, , 2861.1509999999998399, 1, , , 2861.1509999999998399, 0, , , 2861.1509999999998399, 0, , , 2861.1509999999998399, 1
, , 2861.1550000000002001, 1, , , 2861.1550000000002001, 0, , , 2861.1550000000002001, 0, , , 2861.1550000000002001, 1
, , 2861.1610000000000582, 1, , , 2861.1610000000000582, 0, , , 2861.1610000000000582, 0, , , 2861.1610000000000582, 1
, , 2861.1680000000001201, 1, , , 2861.1680000000001201, 0, , , 2861.1680000000001201, 0, , , 2861.1680000000001201, 1
, , 2861.1709999999998217, 1, , , 2861.1709999999998217, 0, , , 2861.1709999999998217, 0, , , 2861.1709999999998217, 1
, , 2861.1759999999999309, 1, , , 2861.1759999999999309, 0, , , 2861.1759999999999309, 0, , , 2861.1759999999999309, 1
, , 2861.18100000000004, 1, , , 2861.18100000000004, 0, , , 2861.18100000000004, 0, , , 2861.18100000000004, 1
, , 2861.1860000000001492, 1, , , 2861.1860000000001492, 0, , , 2861.1860000000001492, 0, , , 2861.1860000000001492, 1
, , 2861.1909999999998035, 1, , , 2861.1909999999998035, 0, , , 2861.1909999999998035, 0, , , 2861.1909999999998035, 1
, , 2861.1959999999999127, 1, , , 2861.1959999999999127, 0, , , 2861.1959999999999127, 0, , , 2861.1959999999999127, 1
, , 2861.2010000000000218, 1, , , 2861.2010000000000218, 0, , , 2861.2010000000000218, 0, , , 2861.2010000000000218, 1
, , 2861.2069999999998799, 1, , , 2861.2069999999998799, 0, , , 2861.2069999999998799, 0, , , 2861.2069999999998799, 1
, , 2861.2119999999999891, 1, , , 2861.2119999999999891, 0, , , 2861.2119999999999891, 0, , , 2861.2119999999999891, 1
, , 2861.2170000000000982, 1, , , 2861.2170000000000982, 0, , , 2861.2170000000000982, 0, , , 2861.2170000000000982, 1
, , 2861.2210000000000036, 1, , , 2861.2210000000000036, 0, , , 2861.2210000000000036, 0, , , 2861.2210000000000036, 1
, , 2861.2260000000001128, 1, , , 2861.2260000000001128, 0, , , 2861.2260000000001128, 0, , , 2861.2260000000001128, 1
, , 2861.2319999999999709, 1, , , 2861.2319999999999709, 0, , , 2861.2319999999999709, 0, , , 2861.2319999999999709, 1
, , 2861.2359999999998763, 1, , , 2861.2359999999998763, 0, , , 2861.2359999999998763, 0, , , 2861.2359999999998763, 1
, , 2861.2409999999999854, 1, , , 2861.2409999999999854, 0, , , 2861.2409999999999854, 0, , , 2861.2409999999999854, 1
, , 2861.2480000000000473, 1, , , 2861.2480000000000473, 0, , , 2861.2480000000000473, 0, , , 2861.2480000000000473, 1
, , 2861.2510000000002037, 1, , , 2861.2510000000002037, 0, , , 2861.2510000000002037, 0, , , 2861.2510000000002037, 1
, , 2861.2559999999998581, 1, , , 2861.2559999999998581, 0, , , 2861.2559999999998581, 0, , , 2861.2559999999998581, 1
, , 2861.2609999999999673, 1, , , 2861.2609999999999673, 0, , , 2861.2609999999999673, 0, , , 2861.2609999999999673, 1
, , 2861.2660000000000764, 1, , , 2861.2660000000000764, 0, , , 2861.2660000000000764, 0, , , 2861.2660000000000764, 1
, , 2861.2710000000001855, 1, , , 2861.2710000000001855, 0, , , 2861.2710000000001855, 0, , , 2861.2710000000001855, 1
, , 2861.2759999999998399, 1, , , 2861.2759999999998399, 0, , , 2861.2759999999998399, 0, , , 2861.2759999999998399, 1
, , 2861.2860000000000582, 1, , , 2861.2860000000000582, 0, , , 2861.2860000000000582, 0, , , 2861.2860000000000582, 1
, , 2861.2860000000000582, 1, , , 2861.2860000000000582, 0, , , 2861.2860000000000582, 0, , , 2861.2860000000000582, 1
, , 2861.2910000000001673, 1, , , 2861.2910000000001673, 0, , , 2861.2910000000001673, 0, , , 2861.2910000000001673, 1
, , 2861.2959999999998217, 1, , , 2861.2959999999998217, 0, , , 2861.2959999999998217, 0, , , 2861.2959999999998217, 1
, , 2861.3009999999999309, 1, , , 2861.3009999999999309, 0, , , 2861.3009999999999309, 0, , , 2861.3009999999999309, 1
, , 2861.30600000000004, 1, , , 2861.30600000000004, 0, , , 2861.30600000000004, 0, , , 2861.30600000000004, 1
, , 2861.3110000000001492, 1, , , 2861.3110000000001492, 0, , , 2861.3110000000001492, 0, , , 2861.3110000000001492, 1
, , 2861.3159999999998035, 1, , , 2861.3159999999998035, 0, , , 2861.3159999999998035, 0, , , 2861.3159999999998035, 1
, , 2861.3209999999999127, 1, , , 2861.3209999999999127, 0, , , 2861.3209999999999127, 0, , , 2861.3209999999999127, 1
, , 2861.3260000000000218, 1, , , 2861.3260000000000218, 0, , , 2861.3260000000000218, 0, , , 2861.3260000000000218, 1
, , 2861.3319999999998799, 1, , , 2861.3319999999998799, 0, , , 2861.3319999999998799, 0, , , 2861.3319999999998799, 1
, , 2861.3359999999997854, 1, , , 2861.3359999999997854, 0, , , 2861.3359999999997854, 0, , , 2861.3359999999997854, 1
, , 2861.3409999999998945, 1, , , 2861.3409999999998945, 0, , , 2861.3409999999998945, 0, , , 2861.3409999999998945, 1
, , 2861.3460000000000036, 1, , , 2861.3460000000000036, 0, , , 2861.3460000000000036, 0, , , 2861.3460000000000036, 1
, , 2861.3510000000001128, 1, , , 2861.3510000000001128, 0, , , 2861.3510000000001128, 0, , , 2861.3510000000001128, 1
, , 2861.3560000000002219, 1, , , 2861.3560000000002219, 0, , , 2861.3560000000002219, 0, , , 2861.3560000000002219, 1
, , 2861.3609999999998763, 1, , , 2861.3609999999998763, 0, , , 2861.3609999999998763, 0, , , 2861.3609999999998763, 1
, , 2861.3659999999999854, 1, , , 2861.3659999999999854, 0, , , 2861.3659999999999854, 0, , , 2861.3659999999999854, 1
, , 2861.3699999999998909, 1, , , 2861.3699999999998909, 0, , , 2861.3699999999998909, 0, , , 2861.3699999999998909, 1
, , 2861.3760000000002037, 1, , , 2861.3760000000002037, 0, , , 2861.3760000000002037, 0, , , 2861.3760000000002037, 1
, , 2861.3820000000000618, 1, , , 2861.3820000000000618, 0, , , 2861.3820000000000618, 0, , , 2861.3820000000000618, 1
, , 2861.387000000000171, 1, , , 2861.387000000000171, 1, , , 2861.387000000000171, 1, , , 2861.387000000000171, 1
, , 2861.3910000000000764, 1, , , 2861.3910000000000764, 1, , , 2861.3910000000000764, 1, , , 2861.3910000000000764, 1
, , 2861.3960000000001855, 1, , , 2861.3960000000001855, 1, , , 2861.3960000000001855, 1, , , 2861.3960000000001855, 1
, , 2861.4009999999998399, 1, , , 2861.4009999999998399, 1, , , 2861.4009999999998399, 1, , , 2861.4009999999998399, 1
, , 2861.4059999999999491, 1, , , 2861.4059999999999491, 1, , , 2861.4059999999999491, 1, , , 2861.4059999999999491, 1
, , 2861.4110000000000582, 1, , , 2861.4110000000000582, 1, , , 2861.4110000000000582, 1, , , 2861.4110000000000582, 1
, , 2861.4160000000001673, 1, , , 2861.4160000000001673, 1, , , 2861.4160000000001673, 1, , , 2861.4160000000001673, 1
, , 2861.4209999999998217, 1, , , 2861.4209999999998217, 1, , , 2861.4209999999998217, 1, , , 2861.4209999999998217, 1
, , 2861.4250000000001819, 1, , , 2861.4250000000001819, 1, , , 2861.4250000000001819, 1, , , 2861.4250000000001819, 1
, , 2861.43100000000004, 1, , , 2861.43100000000004, 1, , , 2861.43100000000004, 1, , , 2861.43100000000004, 1
, , 2861.4369999999998981, 1, , , 2861.4369999999998981, 1, , , 2861.4369999999998981, 1, , , 2861.4369999999998981, 1
, , 2861.4409999999998035, 1, , , 2861.4409999999998035, 1, , , 2861.4409999999998035, 1, , , 2861.4409999999998035, 1
, , 2861.4459999999999127, 1, , , 2861.4459999999999127, 1, , , 2861.4459999999999127, 1, , , 2861.4459999999999127, 1
, , 2861.4520000000002256, 1, , , 2861.4520000000002256, 1, , , 2861.4520000000002256, 1, , , 2861.4520000000002256, 1
, , 2861.456000000000131, 1, , , 2861.456000000000131, 1, , , 2861.456000000000131, 1, , , 2861.456000000000131, 1
, , 2861.4609999999997854, 1, , , 2861.4609999999997854, 1, , , 2861.4609999999997854, 1, , , 2861.4609999999997854, 1
, , 2861.4659999999998945, 0, , , 2861.4659999999998945, 1, , , 2861.4659999999998945, 1, , , 2861.4659999999998945, 0
, , 2861.4710000000000036, 0, , , 2861.4710000000000036, 1, , , 2861.4710000000000036, 1, , , 2861.4710000000000036, 0
, , 2861.4760000000001128, 0, , , 2861.4760000000001128, 1, , , 2861.4760000000001128, 1, , , 2861.4760000000001128, 0
, , 2861.4810000000002219, 0, , , 2861.4810000000002219, 1, , , 2861.4810000000002219, 1, , , 2861.4810000000002219, 0
, , 2861.4859999999998763, 0, , , 2861.4859999999998763, 1, , , 2861.4859999999998763, 1, , , 2861.4859999999998763, 0
, , 2861.4909999999999854, 0, , , 2861.4909999999999854, 1, , , 2861.4909999999999854, 1, , , 2861.4909999999999854, 0
, , 2861.4940000000001419, 0, , , 2861.4940000000001419, 1, , , 2861.4940000000001419, 1, , , 2861.4940000000001419, 0
, , 2861.5019999999999527, 0, , , 2861.5019999999999527, 1, , , 2861.5019999999999527, 1, , , 2861.5019999999999527, 0
, , 2861.5059999999998581, 0, , , 2861.5059999999998581, 1, , , 2861.5059999999998581, 1, , , 2861.5059999999998581, 0
, , 2861.5109999999999673, 0, , , 2861.5109999999999673, 1, , , 2861.5109999999999673, 1, , , 2861.5109999999999673, 0
, , 2861.5149999999998727, 0, , , 2861.5149999999998727, 1, , , 2861.5149999999998727, 1, , , 2861.5149999999998727, 0
, , 2861.5210000000001855, 0, , , 2861.5210000000001855, 1, , , 2861.5210000000001855, 1, , , 2861.5210000000001855, 0
, , 2861.5270000000000437, 0, , , 2861.5270000000000437, 1, , , 2861.5270000000000437, 1, , , 2861.5270000000000437, 0
, , 2861.5320000000001528, 0, , , 2861.5320000000001528, 1, , , 2861.5320000000001528, 1, , , 2861.5320000000001528, 0
, , 2861.5360000000000582, 0, , , 2861.5360000000000582, 1, , , 2861.5360000000000582, 1, , , 2861.5360000000000582, 0
, , 2861.5410000000001673, 0, , , 2861.5410000000001673, 1, , , 2861.5410000000001673, 1, , , 2861.5410000000001673, 0
, , 2861.5459999999998217, 0, , , 2861.5459999999998217, 1, , , 2861.5459999999998217, 1, , , 2861.5459999999998217, 0
, , 2861.5520000000001346, 0, , , 2861.5520000000001346, 1, , , 2861.5520000000001346, 1, , , 2861.5520000000001346, 0
, , 2861.556999999999789, 0, , , 2861.556999999999789, 1, , , 2861.556999999999789, 1, , , 2861.556999999999789, 0
, , 2861.5610000000001492, 0, , , 2861.5610000000001492, 1, , , 2861.5610000000001492, 1, , , 2861.5610000000001492, 0
, , 2861.5659999999998035, 0, , , 2861.5659999999998035, 1, , , 2861.5659999999998035, 1, , , 2861.5659999999998035, 0
, , 2861.5709999999999127, 0, , , 2861.5709999999999127, 1, , , 2861.5709999999999127, 1, , , 2861.5709999999999127, 0
, , 2861.5760000000000218, 0, , , 2861.5760000000000218, 1, , , 2861.5760000000000218, 1, , , 2861.5760000000000218, 0
, , 2861.581000000000131, 0, , , 2861.581000000000131, 1, , , 2861.581000000000131, 1, , , 2861.581000000000131, 0
, , 2861.5859999999997854, 0, , , 2861.5859999999997854, 1, , , 2861.5859999999997854, 1, , , 2861.5859999999997854, 0
, , 2861.5909999999998945, 0, , , 2861.5909999999998945, 1, , , 2861.5909999999998945, 1, , , 2861.5909999999998945, 0
, , 2861.5960000000000036, 0, , , 2861.5960000000000036, 1, , , 2861.5960000000000036, 1, , , 2861.5960000000000036, 0
, , 2861.6010000000001128, 0, , , 2861.6010000000001128, 1, , , 2861.6010000000001128, 1, , , 2861.6010000000001128, 0
, , 2861.6069999999999709, 0, , , 2861.6069999999999709, 1, , , 2861.6069999999999709, 1, , , 2861.6069999999999709, 0
, , 2861.61200000000008, 0, , , 2861.61200000000008, 1, , , 2861.61200000000008, 1, , , 2861.61200000000008, 0
, , 2861.6159999999999854, 0, , , 2861.6159999999999854, 1, , , 2861.6159999999999854, 1, , , 2861.6159999999999854, 0
, , 2861.6210000000000946, 0, , , 2861.6210000000000946, 1, , , 2861.6210000000000946, 1, , , 2861.6210000000000946, 0
, , 2861.6260000000002037, 0, , , 2861.6260000000002037, 1, , , 2861.6260000000002037, 1, , , 2861.6260000000002037, 0
, , 2861.6320000000000618, 0, , , 2861.6320000000000618, 1, , , 2861.6320000000000618, 1, , , 2861.6320000000000618, 0
, , 2861.6359999999999673, 0, , , 2861.6359999999999673, 1, , , 2861.6359999999999673, 1, , , 2861.6359999999999673, 0
, , 2861.6410000000000764, 0, , , 2861.6410000000000764, 1, , , 2861.6410000000000764, 1, , , 2861.6410000000000764, 0
, , 2861.6460000000001855, 0, , , 2861.6460000000001855, 1, , , 2861.6460000000001855, 1, , , 2861.6460000000001855, 0
, , 2861.6509999999998399, 0, , , 2861.6509999999998399, 1, , , 2861.6509999999998399, 1, , , 2861.6509999999998399, 0
, , 2861.6559999999999491, 0, , , 2861.6559999999999491, 1, , , 2861.6559999999999491, 1, , , 2861.6559999999999491, 0
, , 2861.6610000000000582, 0, , , 2861.6610000000000582, 1, , , 2861.6610000000000582, 1, , , 2861.6610000000000582, 0
, , 2861.6669999999999163, 0, , , 2861.6669999999999163, 1, , , 2861.6669999999999163, 1, , , 2861.6669999999999163, 0
, , 2861.6720000000000255, 0, , , 2861.6720000000000255, 1, , , 2861.6720000000000255, 1, , , 2861.6720000000000255, 0
, , 2861.6759999999999309, 0, , , 2861.6759999999999309, 1, , , 2861.6759999999999309, 1, , , 2861.6759999999999309, 0
, , 2861.68100000000004, 0, , , 2861.68100000000004, 1, , , 2861.68100000000004, 1, , , 2861.68100000000004, 0
, , 2861.6869999999998981, 0, , , 2861.6869999999998981, 1, , , 2861.6869999999998981, 1, , , 2861.6869999999998981, 0
, , 2861.6909999999998035, 0, , , 2861.6909999999998035, 1, , , 2861.6909999999998035, 1, , , 2861.6909999999998035, 0
, , 2861.6970000000001164, 0, , , 2861.6970000000001164, 1, , , 2861.6970000000001164, 1, , , 2861.6970000000001164, 0
, , 2861.7010000000000218, 0, , , 2861.7010000000000218, 1, , , 2861.7010000000000218, 1, , , 2861.7010000000000218, 0
, , 2861.7069999999998799, 0, , , 2861.7069999999998799, 1, , , 2861.7069999999998799, 1, , , 2861.7069999999998799, 0
, , 2861.7130000000001928, 0, , , 2861.7130000000001928, 1, , , 2861.7130000000001928, 1, , , 2861.7130000000001928, 0
, , 2861.7159999999998945, 1, , , 2861.7159999999998945, 1, , , 2861.7159999999998945, 1, , , 2861.7159999999998945, 1
, , 2861.7210000000000036, 1, , , 2861.7210000000000036, 1, , , 2861.7210000000000036, 1, , , 2861.7210000000000036, 1
, , 2861.7260000000001128, 1, , , 2861.7260000000001128, 1, , , 2861.7260000000001128, 1, , , 2861.7260000000001128, 1
, , 2861.7310000000002219, 1, , , 2861.7310000000002219, 1, , , 2861.7310000000002219, 1, , , 2861.7310000000002219, 1
, , 2861.7359999999998763, 1, , , 2861.7359999999998763, 1, , , 2861.7359999999998763, 1, , , 2861.7359999999998763, 1
, , 2861.7409999999999854, 1, , , 2861.7409999999999854, 1, , , 2861.7409999999999854, 1, , , 2861.7409999999999854, 1
, , 2861.7460000000000946, 1, , , 2861.7460000000000946, 1, , , 2861.7460000000000946, 1, , , 2861.7460000000000946, 1
, , 2861.75, 1, , , 2861.75, 1, , , 2861.75, 1, , , 2861.75, 1
, , 2861.7559999999998581, 1, , , 2861.7559999999998581, 1, , , 2861.7559999999998581, 1, , , 2861.7559999999998581, 1
, , 2861.7609999999999673, 1, , , 2861.7609999999999673, 1, , , 2861.7609999999999673, 1, , , 2861.7609999999999673, 1
, , 2861.7669999999998254, 1, , , 2861.7669999999998254, 1, , , 2861.7669999999998254, 1, , , 2861.7669999999998254, 1
, , 2861.7710000000001855, 1, , , 2861.7710000000001855, 1, , , 2861.7710000000001855, 1, , , 2861.7710000000001855, 1
, , 2861.7759999999998399, 1, , , 2861.7759999999998399, 1, , , 2861.7759999999998399, 1, , , 2861.7759999999998399, 1
, , 2861.7809999999999491, 1, , , 2861.7809999999999491, 1, , , 2861.7809999999999491, 1, , , 2861.7809999999999491, 1
, , 2861.7860000000000582, 1, , , 2861.7860000000000582, 1, , , 2861.7860000000000582, 1, , , 2861.7860000000000582, 1
, , 2861.7919999999999163, 1, , , 2861.7919999999999163, 0, , , 2861.7919999999999163, 0, , , 2861.7919999999999163, 1
, , 2861.7959999999998217, 1, , , 2861.7959999999998217, 0, , , 2861.7959999999998217, 0, , , 2861.7959999999998217, 1
, , 2861.8029999999998836, 1, , , 2861.8029999999998836, 0, , , 2861.8029999999998836, 0, , , 2861.8029999999998836, 1
, , 2861.80600000000004, 1, , , 2861.80600000000004, 0, , , 2861.80600000000004, 0, , , 2861.80600000000004, 1
, , 2861.8110000000001492, 1, , , 2861.8110000000001492, 0, , , 2861.8110000000001492, 0, , , 2861.8110000000001492, 1
, , 2861.8159999999998035, 1, , , 2861.8159999999998035, 0, , , 2861.8159999999998035, 0, , , 2861.8159999999998035, 1
, , 2861.8209999999999127, 1, , , 2861.8209999999999127, 0, , , 2861.8209999999999127, 0, , , 2861.8209999999999127, 1
, , 2861.8260000000000218, 1, , , 2861.8260000000000218, 0, , , 2861.8260000000000218, 0, , , 2861.8260000000000218, 1
, , 2861.831000000000131, 1, , , 2861.831000000000131, 0, , , 2861.831000000000131, 0, , , 2861.831000000000131, 1
, , 2861.8359999999997854, 1, , , 2861.8359999999997854, 0, , , 2861.8359999999997854, 0, , , 2861.8359999999997854, 1
, , 2861.8420000000000982, 1, , , 2861.8420000000000982, 0, , , 2861.8420000000000982, 0, , , 2861.8420000000000982, 1
, , 2861.8460000000000036, 1, , , 2861.8460000000000036, 0, , , 2861.8460000000000036, 0, , , 2861.8460000000000036, 1
, , 2861.8510000000001128, 1, , , 2861.8510000000001128, 0, , , 2861.8510000000001128, 0, , , 2861.8510000000001128, 1
, , 2861.8560000000002219, 1, , , 2861.8560000000002219, 0, , , 2861.8560000000002219, 0, , , 2861.8560000000002219, 1
, , 2861.8609999999998763, 1, , , 2861.8609999999998763, 0, , , 2861.8609999999998763, 0, , , 2861.8609999999998763, 1
, , 2861.8670000000001892, 1, , , 2861.8670000000001892, 0, , , 2861.8670000000001892, 0, , , 2861.8670000000001892, 1
, , 2861.8710000000000946, 1, , , 2861.8710000000000946, 0, , , 2861.8710000000000946, 0, , , 2861.8710000000000946, 1
, , 2861.8760000000002037, 1, , , 2861.8760000000002037, 0, , , 2861.8760000000002037, 0, , , 2861.8760000000002037, 1
, , 2861.8820000000000618, 1, , , 2861.8820000000000618, 0, , , 2861.8820000000000618, 0, , , 2861.8820000000000618, 1
, , 2861.887000000000171, 1, , , 2861.887000000000171, 0, , , 2861.887000000000171, 0, , , 2861.887000000000171, 1
, , 2861.8910000000000764, 1, , , 2861.8910000000000764, 0, , , 2861.8910000000000764, 0, , , 2861.8910000000000764, 1
, , 2861.8960000000001855, 1, , , 2861.8960000000001855, 0, , , 2861.8960000000001855, 0, , , 2861.8960000000001855, 1
, , 2861.9009999999998399, 1, , , 2861.9009999999998399, 0, , , 2861.9009999999998399, 0, , , 2861.9009999999998399, 1
, , 2861.9070000000001528, 1, , , 2861.9070000000001528, 0, , , 2861.9070000000001528, 0, , , 2861.9070000000001528, 1
, , 2861.9110000000000582, 1, , , 2861.9110000000000582, 0, , , 2861.9110000000000582, 0, , , 2861.9110000000000582, 1
, , 2861.9160000000001673, 1, , , 2861.9160000000001673, 0, , , 2861.9160000000001673, 0, , , 2861.9160000000001673, 1
, , 2861.9209999999998217, 1, , , 2861.9209999999998217, 0, , , 2861.9209999999998217, 0, , , 2861.9209999999998217, 1
, , 2861.9259999999999309, 1, , , 2861.9259999999999309, 0, , , 2861.9259999999999309, 0, , , 2861.9259999999999309, 1
, , 2861.93100000000004, 1, , , 2861.93100000000004, 0, , , 2861.93100000000004, 0, , , 2861.93100000000004, 1
, , 2861.9360000000001492, 1, , , 2861.9360000000001492, 0, , , 2861.9360000000001492, 0, , , 2861.9360000000001492, 1
, , 2861.9409999999998035, 1, , , 2861.9409999999998035, 0, , , 2861.9409999999998035, 0, , , 2861.9409999999998035, 1
, , 2861.9470000000001164, 1, , , 2861.9470000000001164, 0, , , 2861.9470000000001164, 0, , , 2861.9470000000001164, 1
, , 2861.9520000000002256, 1, , , 2861.9520000000002256, 0, , , 2861.9520000000002256, 0, , , 2861.9520000000002256, 1
, , 2861.956000000000131, 1, , , 2861.956000000000131, 0, , , 2861.956000000000131, 0, , , 2861.956000000000131, 1
, , 2861.9619999999999891, 1, , , 2861.9619999999999891, 0, , , 2861.9619999999999891, 0, , , 2861.9619999999999891, 1
, , 2861.9659999999998945, 1, , , 2861.9659999999998945, 0, , , 2861.9659999999998945, 0, , , 2861.9659999999998945, 1
, , 2861.9710000000000036, 1, , , 2861.9710000000000036, 0, , , 2861.9710000000000036, 0, , , 2861.9710000000000036, 1
, , 2861.9760000000001128, 1, , , 2861.9760000000001128, 0, , , 2861.9760000000001128, 0, , , 2861.9760000000001128, 1
, , 2861.9810000000002219, 1, , , 2861.9810000000002219, 0, , , 2861.9810000000002219, 0, , , 2861.9810000000002219, 1
, , 2861.98700000000008, 1, , , 2861.98700000000008, 0, , , 2861.98700000000008, 0, , , 2861.98700000000008, 1
, , 2861.9920000000001892, 1, , , 2861.9920000000001892, 0, , , 2861.9920000000001892, 0, , , 2861.9920000000001892, 1
, , 2861.9960000000000946, 1, , , 2861.9960000000000946, 0, , , 2861.9960000000000946, 0, , , 2861.9960000000000946, 1
, , 2862.0010000000002037, 1, , , 2862.0010000000002037, 0, , , 2862.0010000000002037, 0, , , 2862.0010000000002037, 1
, , 2862.0059999999998581, 1, , , 2862.0059999999998581, 0, , , 2862.0059999999998581, 0, , , 2862.0059999999998581, 1
, , 2862.0109999999999673, 1, , , 2862.0109999999999673, 0, , , 2862.0109999999999673, 0, , , 2862.0109999999999673, 1
, , 2862.0169999999998254, 1, , , 2862.0169999999998254, 0, , , 2862.0169999999998254, 0, , , 2862.0169999999998254, 1
, , 2862.0210000000001855, 1, , , 2862.0210000000001855, 0, , , 2862.0210000000001855, 0, , , 2862.0210000000001855, 1
, , 2862.0259999999998399, 1, , , 2862.0259999999998399, 0, , , 2862.0259999999998399, 0, , , 2862.0259999999998399, 1
, , 2862.0320000000001528, 1, , , 2862.0320000000001528, 0, , , 2862.0320000000001528, 0, , , 2862.0320000000001528, 1
, , 2862.0360000000000582, 1, , , 2862.0360000000000582, 0, , , 2862.0360000000000582, 0, , , 2862.0360000000000582, 1
, , 2862.0410000000001673, 1, , , 2862.0410000000001673, 1, , , 2862.0410000000001673, 1, , , 2862.0410000000001673, 1
, , 2862.0459999999998217, 1, , , 2862.0459999999998217, 1, , , 2862.0459999999998217, 1, , , 2862.0459999999998217, 1
, , 2862.0509999999999309, 1, , , 2862.0509999999999309, 1, , , 2862.0509999999999309, 1, , , 2862.0509999999999309, 1
, , 2862.05600000000004, 1, , , 2862.05600000000004, 1, , , 2862.05600000000004, 1, , , 2862.05600000000004, 1
, , 2862.0610000000001492, 1, , , 2862.0610000000001492, 1, , , 2862.0610000000001492, 1, , , 2862.0610000000001492, 1
, , 2862.0659999999998035, 1, , , 2862.0659999999998035, 1, , , 2862.0659999999998035, 1, , , 2862.0659999999998035, 1
, , 2862.0720000000001164, 1, , , 2862.0720000000001164, 1, , , 2862.0720000000001164, 1, , , 2862.0720000000001164, 1
, , 2862.0770000000002256, 1, , , 2862.0770000000002256, 1, , , 2862.0770000000002256, 1, , , 2862.0770000000002256, 1
, , 2862.081000000000131, 1, , , 2862.081000000000131, 1, , , 2862.081000000000131, 1, , , 2862.081000000000131, 1
, , 2862.0859999999997854, 1, , , 2862.0859999999997854, 1, , , 2862.0859999999997854, 1, , , 2862.0859999999997854, 1
, , 2862.0909999999998945, 1, , , 2862.0909999999998945, 1, , , 2862.0909999999998945, 1, , , 2862.0909999999998945, 1
, , 2862.0960000000000036, 1, , , 2862.0960000000000036, 1, , , 2862.0960000000000036, 1, , , 2862.0960000000000036, 1
, , 2862.1010000000001128, 1, , , 2862.1010000000001128, 1, , , 2862.1010000000001128, 1, , , 2862.1010000000001128, 1
, , 2862.1060000000002219, 1, , , 2862.1060000000002219, 1, , , 2862.1060000000002219, 1, , , 2862.1060000000002219, 1
, , 2862.11200000000008, 1, , , 2862.11200000000008, 1, , , 2862.11200000000008, 1, , , 2862.11200000000008, 1
, , 2862.1170000000001892, 0, , , 2862.1170000000001892, 1, , , 2862.1170000000001892, 1, , , 2862.1170000000001892, 0
, , 2862.1219999999998436, 0, , , 2862.1219999999998436, 1, , , 2862.1219999999998436, 1, , , 2862.1219999999998436, 0
, , 2862.1260000000002037, 0, , , 2862.1260000000002037, 1, , , 2862.1260000000002037, 1, , , 2862.1260000000002037, 0
, , 2862.1320000000000618, 0, , , 2862.1320000000000618, 1, , , 2862.1320000000000618, 1, , , 2862.1320000000000618, 0
, , 2862.137000000000171, 0, , , 2862.137000000000171, 1, , , 2862.137000000000171, 1, , , 2862.137000000000171, 0
, , 2862.1419999999998254, 0, , , 2862.1419999999998254, 1, , , 2862.1419999999998254, 1, , , 2862.1419999999998254, 0
, , 2862.1460000000001855, 0, , , 2862.1460000000001855, 1, , , 2862.1460000000001855, 1, , , 2862.1460000000001855, 0
, , 2862.1509999999998399, 0, , , 2862.1509999999998399, 1, , , 2862.1509999999998399, 1, , , 2862.1509999999998399, 0
, , 2862.1559999999999491, 0, , , 2862.1559999999999491, 1, , , 2862.1559999999999491, 1, , , 2862.1559999999999491, 0
, , 2862.1619999999998072, 0, , , 2862.1619999999998072, 1, , , 2862.1619999999998072, 1, , , 2862.1619999999998072, 0
, , 2862.1660000000001673, 0, , , 2862.1660000000001673, 1, , , 2862.1660000000001673, 1, , , 2862.1660000000001673, 0
, , 2862.1709999999998217, 0, , , 2862.1709999999998217, 1, , , 2862.1709999999998217, 1, , , 2862.1709999999998217, 0
, , 2862.1759999999999309, 0, , , 2862.1759999999999309, 1, , , 2862.1759999999999309, 1, , , 2862.1759999999999309, 0
, , 2862.18100000000004, 0, , , 2862.18100000000004, 1, , , 2862.18100000000004, 1, , , 2862.18100000000004, 0
, , 2862.1860000000001492, 0, , , 2862.1860000000001492, 1, , , 2862.1860000000001492, 1, , , 2862.1860000000001492, 0
, , 2862.1909999999998035, 0, , , 2862.1909999999998035, 1, , , 2862.1909999999998035, 1, , , 2862.1909999999998035, 0
, , 2862.1950000000001637, 0, , , 2862.1950000000001637, 1, , , 2862.1950000000001637, 1, , , 2862.1950000000001637, 0
, , 2862.2010000000000218, 0, , , 2862.2010000000000218, 1, , , 2862.2010000000000218, 1, , , 2862.2010000000000218, 0
, , 2862.206000000000131, 0, , , 2862.206000000000131, 1, , , 2862.206000000000131, 1, , , 2862.206000000000131, 0
, , 2862.2109999999997854, 0, , , 2862.2109999999997854, 1, , , 2862.2109999999997854, 1, , , 2862.2109999999997854, 0
, , 2862.2159999999998945, 0, , , 2862.2159999999998945, 1, , , 2862.2159999999998945, 1, , , 2862.2159999999998945, 0
, , 2862.2220000000002074, 0, , , 2862.2220000000002074, 1, , , 2862.2220000000002074, 1, , , 2862.2220000000002074, 0
, , 2862.2260000000001128, 0, , , 2862.2260000000001128, 1, , , 2862.2260000000001128, 1, , , 2862.2260000000001128, 0
, , 2862.2310000000002219, 0, , , 2862.2310000000002219, 1, , , 2862.2310000000002219, 1, , , 2862.2310000000002219, 0
, , 2862.2359999999998763, 0, , , 2862.2359999999998763, 1, , , 2862.2359999999998763, 1, , , 2862.2359999999998763, 0
, , 2862.2409999999999854, 0, , , 2862.2409999999999854, 1, , , 2862.2409999999999854, 1, , , 2862.2409999999999854, 0
, , 2862.2460000000000946, 0, , , 2862.2460000000000946, 1, , , 2862.2460000000000946, 1, , , 2862.2460000000000946, 0
, , 2862.2519999999999527, 0, , , 2862.2519999999999527, 1, , , 2862.2519999999999527, 1, , , 2862.2519999999999527, 0
, , 2862.2559999999998581, 0, , , 2862.2559999999998581, 1, , , 2862.2559999999998581, 1, , , 2862.2559999999998581, 0
, , 2862.2609999999999673, 0, , , 2862.2609999999999673, 1, , , 2862.2609999999999673, 1, , , 2862.2609999999999673, 0
, , 2862.2660000000000764, 0, , , 2862.2660000000000764, 1, , , 2862.2660000000000764, 1, , , 2862.2660000000000764, 0
, , 2862.2710000000001855, 0, , , 2862.2710000000001855, 1, , , 2862.2710000000001855, 1, , , 2862.2710000000001855, 0
, , 2862.2759999999998399, 0, , , 2862.2759999999998399, 1, , , 2862.2759999999998399, 1, , , 2862.2759999999998399, 0
, , 2862.2820000000001528, 0, , , 2862.2820000000001528, 1, , , 2862.2820000000001528, 1, , , 2862.2820000000001528, 0
, , 2862.2869999999998072, 0, , , 2862.2869999999998072, 1, , , 2862.2869999999998072, 1, , , 2862.2869999999998072, 0
, , 2862.2910000000001673, 0, , , 2862.2910000000001673, 1, , , 2862.2910000000001673, 1, , , 2862.2910000000001673, 0
, , 2862.2970000000000255, 0, , , 2862.2970000000000255, 1, , , 2862.2970000000000255, 1, , , 2862.2970000000000255, 0
, , 2862.3020000000001346, 0, , , 2862.3020000000001346, 1, , , 2862.3020000000001346, 1, , , 2862.3020000000001346, 0
, , 2862.30600000000004, 0, , , 2862.30600000000004, 1, , , 2862.30600000000004, 1, , , 2862.30600000000004, 0
, , 2862.3119999999998981, 0, , , 2862.3119999999998981, 1, , , 2862.3119999999998981, 1, , , 2862.3119999999998981, 0
, , 2862.3159999999998035, 0, , , 2862.3159999999998035, 1, , , 2862.3159999999998035, 1, , , 2862.3159999999998035, 0
, , 2862.3209999999999127, 0, , , 2862.3209999999999127, 1, , , 2862.3209999999999127, 1, , , 2862.3209999999999127, 0
, , 2862.3270000000002256, 0, , , 2862.3270000000002256, 1, , , 2862.3270000000002256, 1, , , 2862.3270000000002256, 0
, , 2862.331000000000131, 0, , , 2862.331000000000131, 1, , , 2862.331000000000131, 1, , , 2862.331000000000131, 0
, , 2862.3359999999997854, 0, , , 2862.3359999999997854, 1, , , 2862.3359999999997854, 1, , , 2862.3359999999997854, 0
, , 2862.3420000000000982, 0, , , 2862.3420000000000982, 1, , , 2862.3420000000000982, 1, , , 2862.3420000000000982, 0
, , 2862.3460000000000036, 0, , , 2862.3460000000000036, 1, , , 2862.3460000000000036, 1, , , 2862.3460000000000036, 0
, , 2862.3510000000001128, 0, , , 2862.3510000000001128, 1, , , 2862.3510000000001128, 1, , , 2862.3510000000001128, 0
, , 2862.3560000000002219, 0, , , 2862.3560000000002219, 1, , , 2862.3560000000002219, 1, , , 2862.3560000000002219, 0
, , 2862.3609999999998763, 0, , , 2862.3609999999998763, 1, , , 2862.3609999999998763, 1, , , 2862.3609999999998763, 0
, , 2862.3659999999999854, 0, , , 2862.3659999999999854, 1, , , 2862.3659999999999854, 1, , , 2862.3659999999999854, 0
, , 2862.3710000000000946, 1, , , 2862.3710000000000946, 1, , , 2862.3710000000000946, 1, , , 2862.3710000000000946, 1
, , 2862.3760000000002037, 1, , , 2862.3760000000002037, 1, , , 2862.3760000000002037, 1, , , 2862.3760000000002037, 1
, , 2862.3809999999998581, 1, , , 2862.3809999999998581, 1, , , 2862.3809999999998581, 1, , , 2862.3809999999998581, 1
, , 2862.3859999999999673, 1, , , 2862.3859999999999673, 1, , , 2862.3859999999999673, 1, , , 2862.3859999999999673, 1
, , 2862.3919999999998254, 1, , , 2862.3919999999998254, 1, , , 2862.3919999999998254, 1, , , 2862.3919999999998254, 1
, , 2862.3960000000001855, 1, , , 2862.3960000000001855, 1, , , 2862.3960000000001855, 1, , , 2862.3960000000001855, 1
, , 2862.4009999999998399, 1, , , 2862.4009999999998399, 1, , , 2862.4009999999998399, 1, , , 2862.4009999999998399, 1
, , 2862.4059999999999491, 1, , , 2862.4059999999999491, 1, , , 2862.4059999999999491, 1, , , 2862.4059999999999491, 1
, , 2862.4110000000000582, 1, , , 2862.4110000000000582, 1, , , 2862.4110000000000582, 1, , , 2862.4110000000000582, 1
, , 2862.4160000000001673, 1, , , 2862.4160000000001673, 1, , , 2862.4160000000001673, 1, , , 2862.4160000000001673, 1
, , 2862.4209999999998217, 1, , , 2862.4209999999998217, 1, , , 2862.4209999999998217, 1, , , 2862.4209999999998217, 1
, , 2862.4270000000001346, 1, , , 2862.4270000000001346, 1, , , 2862.4270000000001346, 1, , , 2862.4270000000001346, 1
, , 2862.43100000000004, 1, , , 2862.43100000000004, 1, , , 2862.43100000000004, 1, , , 2862.43100000000004, 1
, , 2862.4349999999999454, 1, , , 2862.4349999999999454, 1, , , 2862.4349999999999454, 1, , , 2862.4349999999999454, 1
, , 2862.4409999999998035, 1, , , 2862.4409999999998035, 1, , , 2862.4409999999998035, 1, , , 2862.4409999999998035, 1
, , 2862.4459999999999127, 1, , , 2862.4459999999999127, 0, , , 2862.4459999999999127, 0, , , 2862.4459999999999127, 1
, , 2862.4529999999999745, 1, , , 2862.4529999999999745, 0, , , 2862.4529999999999745, 0, , , 2862.4529999999999745, 1
, , 2862.456000000000131, 1, , , 2862.456000000000131, 0, , , 2862.456000000000131, 0, , , 2862.456000000000131, 1
, , 2862.4609999999997854, 1, , , 2862.4609999999997854, 0, , , 2862.4609999999997854, 0, , , 2862.4609999999997854, 1
, , 2862.4659999999998945, 1, , , 2862.4659999999998945, 0, , , 2862.4659999999998945, 0, , , 2862.4659999999998945, 1
, , 2862.4710000000000036, 1, , , 2862.4710000000000036, 0, , , 2862.4710000000000036, 0, , , 2862.4710000000000036, 1
, , 2862.4769999999998618, 1, , , 2862.4769999999998618, 0, , , 2862.4769999999998618, 0, , , 2862.4769999999998618, 1
, , 2862.4810000000002219, 1, , , 2862.4810000000002219, 0, , , 2862.4810000000002219, 0, , , 2862.4810000000002219, 1
, , 2862.4859999999998763, 1, , , 2862.4859999999998763, 0, , , 2862.4859999999998763, 0, , , 2862.4859999999998763, 1
, , 2862.4920000000001892, 1, , , 2862.4920000000001892, 0, , , 2862.4920000000001892, 0, , , 2862.4920000000001892, 1
, , 2862.4960000000000946, 1, , , 2862.4960000000000946, 0, , , 2862.4960000000000946, 0, , , 2862.4960000000000946, 1
, , 2862.5030000000001564, 1, , , 2862.5030000000001564, 0, , , 2862.5030000000001564, 0, , , 2862.5030000000001564, 1
, , 2862.5079999999998108, 1, , , 2862.5079999999998108, 0, , , 2862.5079999999998108, 0, , , 2862.5079999999998108, 1
, , 2862.5109999999999673, 1, , , 2862.5109999999999673, 0, , , 2862.5109999999999673, 0, , , 2862.5109999999999673, 1
, , 2862.5160000000000764, 1, , , 2862.5160000000000764, 0, , , 2862.5160000000000764, 0, , , 2862.5160000000000764, 1
, , 2862.5210000000001855, 1, , , 2862.5210000000001855, 0, , , 2862.5210000000001855, 0, , , 2862.5210000000001855, 1
, , 2862.5259999999998399, 1, , , 2862.5259999999998399, 0, , , 2862.5259999999998399, 0, , , 2862.5259999999998399, 1
, , 2862.5309999999999491, 1, , , 2862.5309999999999491, 0, , , 2862.5309999999999491, 0, , , 2862.5309999999999491, 1
, , 2862.5360000000000582, 1, , , 2862.5360000000000582, 0, , , 2862.5360000000000582, 0, , , 2862.5360000000000582, 1
, , 2862.5410000000001673, 1, , , 2862.5410000000001673, 0, , , 2862.5410000000001673, 0, , , 2862.5410000000001673, 1
, , 2862.5459999999998217, 1, , , 2862.5459999999998217, 0, , , 2862.5459999999998217, 0, , , 2862.5459999999998217, 1
, , 2862.5509999999999309, 1, , , 2862.5509999999999309, 0, , , 2862.5509999999999309, 0, , , 2862.5509999999999309, 1
, , 2862.55600000000004, 1, , , 2862.55600000000004, 0, , , 2862.55600000000004, 0, , , 2862.55600000000004, 1
, , 2862.5619999999998981, 1, , , 2862.5619999999998981, 0, , , 2862.5619999999998981, 0, , , 2862.5619999999998981, 1
, , 2862.5670000000000073, 1, , , 2862.5670000000000073, 0, , , 2862.5670000000000073, 0, , , 2862.5670000000000073, 1
, , 2862.5709999999999127, 1, , , 2862.5709999999999127, 0, , , 2862.5709999999999127, 0, , , 2862.5709999999999127, 1
, , 2862.5760000000000218, 1, , , 2862.5760000000000218, 0, , , 2862.5760000000000218, 0, , , 2862.5760000000000218, 1
, , 2862.581000000000131, 1, , , 2862.581000000000131, 0, , , 2862.581000000000131, 0, , , 2862.581000000000131, 1
, , 2862.5859999999997854, 1, , , 2862.5859999999997854, 0, , , 2862.5859999999997854, 0, , , 2862.5859999999997854, 1
, , 2862.5909999999998945, 1, , , 2862.5909999999998945, 0, , , 2862.5909999999998945, 0, , , 2862.5909999999998945, 1
, , 2862.5970000000002074, 1, , , 2862.5970000000002074, 0, , , 2862.5970000000002074, 0, , , 2862.5970000000002074, 1
, , 2862.6019999999998618, 1, , , 2862.6019999999998618, 0, , , 2862.6019999999998618, 0, , , 2862.6019999999998618, 1
, , 2862.6060000000002219, 1, , , 2862.6060000000002219, 0, , , 2862.6060000000002219, 0, , , 2862.6060000000002219, 1
, , 2862.61200000000008, 1, , , 2862.61200000000008, 0, , , 2862.61200000000008, 0, , , 2862.61200000000008, 1
, , 2862.6179999999999382, 1, , , 2862.6179999999999382, 0, , , 2862.6179999999999382, 0, , , 2862.6179999999999382, 1
, , 2862.6219999999998436, 1, , , 2862.6219999999998436, 0, , , 2862.6219999999998436, 0, , , 2862.6219999999998436, 1
, , 2862.6269999999999527, 1, , , 2862.6269999999999527, 0, , , 2862.6269999999999527, 0, , , 2862.6269999999999527, 1
, , 2862.6320000000000618, 1, , , 2862.6320000000000618, 0, , , 2862.6320000000000618, 0, , , 2862.6320000000000618, 1
, , 2862.63799999999992, 1, , , 2862.63799999999992, 0, , , 2862.63799999999992, 0, , , 2862.63799999999992, 1
, , 2862.6410000000000764, 1, , , 2862.6410000000000764, 0, , , 2862.6410000000000764, 0, , , 2862.6410000000000764, 1
, , 2862.6460000000001855, 1, , , 2862.6460000000001855, 0, , , 2862.6460000000001855, 0, , , 2862.6460000000001855, 1
, , 2862.6509999999998399, 1, , , 2862.6509999999998399, 0, , , 2862.6509999999998399, 0, , , 2862.6509999999998399, 1
, , 2862.6570000000001528, 1, , , 2862.6570000000001528, 0, , , 2862.6570000000001528, 0, , , 2862.6570000000001528, 1
, , 2862.6610000000000582, 1, , , 2862.6610000000000582, 0, , , 2862.6610000000000582, 0, , , 2862.6610000000000582, 1
, , 2862.6680000000001201, 1, , , 2862.6680000000001201, 0, , , 2862.6680000000001201, 0, , , 2862.6680000000001201, 1
, , 2862.6700000000000728, 1, , , 2862.6700000000000728, 0, , , 2862.6700000000000728, 0, , , 2862.6700000000000728, 1
, , 2862.6750000000001819, 1, , , 2862.6750000000001819, 0, , , 2862.6750000000001819, 0, , , 2862.6750000000001819, 1
, , 2862.68100000000004, 1, , , 2862.68100000000004, 0, , , 2862.68100000000004, 0, , , 2862.68100000000004, 1
, , 2862.6860000000001492, 1, , , 2862.6860000000001492, 0, , , 2862.6860000000001492, 0, , , 2862.6860000000001492, 1
, , 2862.6909999999998035, 1, , , 2862.6909999999998035, 0, , , 2862.6909999999998035, 0, , , 2862.6909999999998035, 1
, , 2862.6959999999999127, 1, , , 2862.6959999999999127, 1, , , 2862.6959999999999127, 1, , , 2862.6959999999999127, 1
, , 2862.7010000000000218, 1, , , 2862.7010000000000218, 1, , , 2862.7010000000000218, 1, , , 2862.7010000000000218, 1
, , 2862.706000000000131, 1, , , 2862.706000000000131, 1, , , 2862.706000000000131, 1, , , 2862.706000000000131, 1
, , 2862.7109999999997854, 1, , , 2862.7109999999997854, 1, , , 2862.7109999999997854, 1, , , 2862.7109999999997854, 1
, , 2862.7159999999998945, 1, , , 2862.7159999999998945, 1, , , 2862.7159999999998945, 1, , , 2862.7159999999998945, 1
, , 2862.7210000000000036, 1, , , 2862.7210000000000036, 1, , , 2862.7210000000000036, 1, , , 2862.7210000000000036, 1
, , 2862.7280000000000655, 1, , , 2862.7280000000000655, 1, , , 2862.7280000000000655, 1, , , 2862.7280000000000655, 1
, , 2862.7310000000002219, 1, , , 2862.7310000000002219, 1, , , 2862.7310000000002219, 1, , , 2862.7310000000002219, 1
, , 2862.7359999999998763, 1, , , 2862.7359999999998763, 1, , , 2862.7359999999998763, 1, , , 2862.7359999999998763, 1
, , 2862.7409999999999854, 1, , , 2862.7409999999999854, 1, , , 2862.7409999999999854, 1, , , 2862.7409999999999854, 1
, , 2862.7460000000000946, 1, , , 2862.7460000000000946, 1, , , 2862.7460000000000946, 1, , , 2862.7460000000000946, 1
, , 2862.7530000000001564, 1, , , 2862.7530000000001564, 1, , , 2862.7530000000001564, 1, , , 2862.7530000000001564, 1
, , 2862.7559999999998581, 1, , , 2862.7559999999998581, 1, , , 2862.7559999999998581, 1, , , 2862.7559999999998581, 1
, , 2862.7609999999999673, 1, , , 2862.7609999999999673, 1, , , 2862.7609999999999673, 1, , , 2862.7609999999999673, 1
, , 2862.7680000000000291, 0, , , 2862.7680000000000291, 1, , , 2862.7680000000000291, 1, , , 2862.7680000000000291, 0
, , 2862.7719999999999345, 0, , , 2862.7719999999999345, 1, , , 2862.7719999999999345, 1, , , 2862.7719999999999345, 0
, , 2862.7759999999998399, 0, , , 2862.7759999999998399, 1, , , 2862.7759999999998399, 1, , , 2862.7759999999998399, 0
, , 2862.7809999999999491, 0, , , 2862.7809999999999491, 1, , , 2862.7809999999999491, 1, , , 2862.7809999999999491, 0
, , 2862.7860000000000582, 0, , , 2862.7860000000000582, 1, , , 2862.7860000000000582, 1, , , 2862.7860000000000582, 0
, , 2862.7919999999999163, 0, , , 2862.7919999999999163, 1, , , 2862.7919999999999163, 1, , , 2862.7919999999999163, 0
, , 2862.7970000000000255, 0, , , 2862.7970000000000255, 1, , , 2862.7970000000000255, 1, , , 2862.7970000000000255, 0
, , 2862.8020000000001346, 0, , , 2862.8020000000001346, 1, , , 2862.8020000000001346, 1, , , 2862.8020000000001346, 0
, , 2862.80600000000004, 0, , , 2862.80600000000004, 1, , , 2862.80600000000004, 1, , , 2862.80600000000004, 0
, , 2862.8110000000001492, 0, , , 2862.8110000000001492, 1, , , 2862.8110000000001492, 1, , , 2862.8110000000001492, 0
, , 2862.8159999999998035, 0, , , 2862.8159999999998035, 1, , , 2862.8159999999998035, 1, , , 2862.8159999999998035, 0
, , 2862.8220000000001164, 0, , , 2862.8220000000001164, 1, , , 2862.8220000000001164, 1, , , 2862.8220000000001164, 0
, , 2862.8270000000002256, 0, , , 2862.8270000000002256, 1, , , 2862.8270000000002256, 1, , , 2862.8270000000002256, 0
, , 2862.8319999999998799, 0, , , 2862.8319999999998799, 1, , , 2862.8319999999998799, 1, , , 2862.8319999999998799, 0
, , 2862.8359999999997854, 0, , , 2862.8359999999997854, 1, , , 2862.8359999999997854, 1, , , 2862.8359999999997854, 0
, , 2862.8420000000000982, 0, , , 2862.8420000000000982, 1, , , 2862.8420000000000982, 1, , , 2862.8420000000000982, 0
, , 2862.8460000000000036, 0, , , 2862.8460000000000036, 1, , , 2862.8460000000000036, 1, , , 2862.8460000000000036, 0
, , 2862.8510000000001128, 0, , , 2862.8510000000001128, 1, , , 2862.8510000000001128, 1, , , 2862.8510000000001128, 0
, , 2862.8560000000002219, 0, , , 2862.8560000000002219, 1, , , 2862.8560000000002219, 1, , , 2862.8560000000002219, 0
, , 2862.8609999999998763, 0, , , 2862.8609999999998763, 1, , , 2862.8609999999998763, 1, , , 2862.8609999999998763, 0
, , 2862.8659999999999854, 0, , , 2862.8659999999999854, 1, , , 2862.8659999999999854, 1, , , 2862.8659999999999854, 0
, , 2862.8710000000000946, 0, , , 2862.8710000000000946, 1, , , 2862.8710000000000946, 1, , , 2862.8710000000000946, 0
, , 2862.8760000000002037, 0, , , 2862.8760000000002037, 1, , , 2862.8760000000002037, 1, , , 2862.8760000000002037, 0
, , 2862.8809999999998581, 0, , , 2862.8809999999998581, 1, , , 2862.8809999999998581, 1, , , 2862.8809999999998581, 0
, , 2862.8859999999999673, 0, , , 2862.8859999999999673, 1, , , 2862.8859999999999673, 1, , , 2862.8859999999999673, 0
, , 2862.8910000000000764, 0, , , 2862.8910000000000764, 1, , , 2862.8910000000000764, 1, , , 2862.8910000000000764, 0
, , 2862.8960000000001855, 0, , , 2862.8960000000001855, 1, , , 2862.8960000000001855, 1, , , 2862.8960000000001855, 0
, , 2862.9020000000000437, 0, , , 2862.9020000000000437, 1, , , 2862.9020000000000437, 1, , , 2862.9020000000000437, 0
, , 2862.9059999999999491, 0, , , 2862.9059999999999491, 1, , , 2862.9059999999999491, 1, , , 2862.9059999999999491, 0
, , 2862.9119999999998072, 0, , , 2862.9119999999998072, 1, , , 2862.9119999999998072, 1, , , 2862.9119999999998072, 0
, , 2862.9160000000001673, 0, , , 2862.9160000000001673, 1, , , 2862.9160000000001673, 1, , , 2862.9160000000001673, 0
, , 2862.9209999999998217, 0, , , 2862.9209999999998217, 1, , , 2862.9209999999998217, 1, , , 2862.9209999999998217, 0
, , 2862.9259999999999309, 0, , , 2862.9259999999999309, 1, , , 2862.9259999999999309, 1, , , 2862.9259999999999309, 0
, , 2862.93100000000004, 0, , , 2862.93100000000004, 1, , , 2862.93100000000004, 1, , , 2862.93100000000004, 0
, , 2862.9360000000001492, 0, , , 2862.9360000000001492, 1, , , 2862.9360000000001492, 1, , , 2862.9360000000001492, 0
, , 2862.9409999999998035, 0, , , 2862.9409999999998035, 1, , , 2862.9409999999998035, 1, , , 2862.9409999999998035, 0
, , 2862.9470000000001164, 0, , , 2862.9470000000001164, 1, , , 2862.9470000000001164, 1, , , 2862.9470000000001164, 0
, , 2862.9520000000002256, 0, , , 2862.9520000000002256, 1, , , 2862.9520000000002256, 1, , , 2862.9520000000002256, 0
, , 2862.956000000000131, 0, , , 2862.956000000000131, 1, , , 2862.956000000000131, 1, , , 2862.956000000000131, 0
, , 2862.9609999999997854, 0, , , 2862.9609999999997854, 1, , , 2862.9609999999997854, 1, , , 2862.9609999999997854, 0
, , 2862.9659999999998945, 0, , , 2862.9659999999998945, 1, , , 2862.9659999999998945, 1, , , 2862.9659999999998945, 0
, , 2862.9710000000000036, 0, , , 2862.9710000000000036, 1, , , 2862.9710000000000036, 1, , , 2862.9710000000000036, 0
, , 2862.9760000000001128, 0, , , 2862.9760000000001128, 1, , , 2862.9760000000001128, 1, , , 2862.9760000000001128, 0
, , 2862.9810000000002219, 0, , , 2862.9810000000002219, 1, , , 2862.9810000000002219, 1, , , 2862.9810000000002219, 0
, , 2862.98700000000008, 0, , , 2862.98700000000008, 1, , , 2862.98700000000008, 1, , , 2862.98700000000008, 0
, , 2862.9909999999999854, 0, , , 2862.9909999999999854, 1, , , 2862.9909999999999854, 1, , , 2862.9909999999999854, 0
, , 2862.9969999999998436, 0, , , 2862.9969999999998436, 1, , , 2862.9969999999998436, 1, , , 2862.9969999999998436, 0
, , 2863.0010000000002037, 0, , , 2863.0010000000002037, 1, , , 2863.0010000000002037, 1, , , 2863.0010000000002037, 0
, , 2863.0059999999998581, 0, , , 2863.0059999999998581, 1, , , 2863.0059999999998581, 1, , , 2863.0059999999998581, 0
, , 2863.0109999999999673, 0, , , 2863.0109999999999673, 1, , , 2863.0109999999999673, 1, , , 2863.0109999999999673, 0
, , 2863.0169999999998254, 0, , , 2863.0169999999998254, 1, , , 2863.0169999999998254, 1, , , 2863.0169999999998254, 0
, , 2863.0219999999999345, 1, , , 2863.0219999999999345, 1, , , 2863.0219999999999345, 1, , , 2863.0219999999999345, 1
, , 2863.0270000000000437, 1, , , 2863.0270000000000437, 1, , , 2863.0270000000000437, 1, , , 2863.0270000000000437, 1
, , 2863.0320000000001528, 1, , , 2863.0320000000001528, 1, , , 2863.0320000000001528, 1, , , 2863.0320000000001528, 1
, , 2863.0360000000000582, 1, , , 2863.0360000000000582, 1, , , 2863.0360000000000582, 1, , , 2863.0360000000000582, 1
, , 2863.0410000000001673, 1, , , 2863.0410000000001673, 1, , , 2863.0410000000001673, 1, , , 2863.0410000000001673, 1
, , 2863.0459999999998217, 1, , , 2863.0459999999998217, 1, , , 2863.0459999999998217, 1, , , 2863.0459999999998217, 1
, , 2863.0529999999998836, 1, , , 2863.0529999999998836, 1, , , 2863.0529999999998836, 1, , , 2863.0529999999998836, 1
, , 2863.05600000000004, 1, , , 2863.05600000000004, 1, , , 2863.05600000000004, 1, , , 2863.05600000000004, 1
, , 2863.0610000000001492, 1, , , 2863.0610000000001492, 1, , , 2863.0610000000001492, 1, , , 2863.0610000000001492, 1
, , 2863.068000000000211, 1, , , 2863.068000000000211, 1, , , 2863.068000000000211, 1, , , 2863.068000000000211, 1
, , 2863.0709999999999127, 1, , , 2863.0709999999999127, 1, , , 2863.0709999999999127, 1, , , 2863.0709999999999127, 1
, , 2863.0760000000000218, 1, , , 2863.0760000000000218, 1, , , 2863.0760000000000218, 1, , , 2863.0760000000000218, 1
, , 2863.081000000000131, 1, , , 2863.081000000000131, 1, , , 2863.081000000000131, 1, , , 2863.081000000000131, 1
, , 2863.0869999999999891, 1, , , 2863.0869999999999891, 1, , , 2863.0869999999999891, 1, , , 2863.0869999999999891, 1
, , 2863.0909999999998945, 1, , , 2863.0909999999998945, 1, , , 2863.0909999999998945, 1, , , 2863.0909999999998945, 1
, , 2863.0960000000000036, 1, , , 2863.0960000000000036, 0, , , 2863.0960000000000036, 0, , , 2863.0960000000000036, 1
, , 2863.1010000000001128, 1, , , 2863.1010000000001128, 0, , , 2863.1010000000001128, 0, , , 2863.1010000000001128, 1
, , 2863.1069999999999709, 1, , , 2863.1069999999999709, 0, , , 2863.1069999999999709, 0, , , 2863.1069999999999709, 1
, , 2863.1109999999998763, 1, , , 2863.1109999999998763, 0, , , 2863.1109999999998763, 0, , , 2863.1109999999998763, 1
, , 2863.1159999999999854, 1, , , 2863.1159999999999854, 0, , , 2863.1159999999999854, 0, , , 2863.1159999999999854, 1
, , 2863.1210000000000946, 1, , , 2863.1210000000000946, 0, , , 2863.1210000000000946, 0, , , 2863.1210000000000946, 1
, , 2863.1260000000002037, 1, , , 2863.1260000000002037, 0, , , 2863.1260000000002037, 0, , , 2863.1260000000002037, 1
, , 2863.1320000000000618, 1, , , 2863.1320000000000618, 0, , , 2863.1320000000000618, 0, , , 2863.1320000000000618, 1
, , 2863.1359999999999673, 1, , , 2863.1359999999999673, 0, , , 2863.1359999999999673, 0, , , 2863.1359999999999673, 1
, , 2863.1410000000000764, 1, , , 2863.1410000000000764, 0, , , 2863.1410000000000764, 0, , , 2863.1410000000000764, 1
, , 2863.1460000000001855, 1, , , 2863.1460000000001855, 0, , , 2863.1460000000001855, 0, , , 2863.1460000000001855, 1
, , 2863.1509999999998399, 1, , , 2863.1509999999998399, 0, , , 2863.1509999999998399, 0, , , 2863.1509999999998399, 1
, , 2863.1559999999999491, 1, , , 2863.1559999999999491, 0, , , 2863.1559999999999491, 0, , , 2863.1559999999999491, 1
, , 2863.1610000000000582, 1, , , 2863.1610000000000582, 0, , , 2863.1610000000000582, 0, , , 2863.1610000000000582, 1
, , 2863.1660000000001673, 1, , , 2863.1660000000001673, 0, , , 2863.1660000000001673, 0, , , 2863.1660000000001673, 1
, , 2863.1709999999998217, 1, , , 2863.1709999999998217, 0, , , 2863.1709999999998217, 0, , , 2863.1709999999998217, 1
, , 2863.1770000000001346, 1, , , 2863.1770000000001346, 0, , , 2863.1770000000001346, 0, , , 2863.1770000000001346, 1
, , 2863.18100000000004, 1, , , 2863.18100000000004, 0, , , 2863.18100000000004, 0, , , 2863.18100000000004, 1
, , 2863.1869999999998981, 1, , , 2863.1869999999998981, 0, , , 2863.1869999999998981, 0, , , 2863.1869999999998981, 1
, , 2863.1909999999998035, 1, , , 2863.1909999999998035, 0, , , 2863.1909999999998035, 0, , , 2863.1909999999998035, 1
, , 2863.1970000000001164, 1, , , 2863.1970000000001164, 0, , , 2863.1970000000001164, 0, , , 2863.1970000000001164, 1
, , 2863.2010000000000218, 1, , , 2863.2010000000000218, 0, , , 2863.2010000000000218, 0, , , 2863.2010000000000218, 1
, , 2863.206000000000131, 1, , , 2863.206000000000131, 0, , , 2863.206000000000131, 0, , , 2863.206000000000131, 1
, , 2863.2119999999999891, 1, , , 2863.2119999999999891, 0, , , 2863.2119999999999891, 0, , , 2863.2119999999999891, 1
, , 2863.2159999999998945, 1, , , 2863.2159999999998945, 0, , , 2863.2159999999998945, 0, , , 2863.2159999999998945, 1
, , 2863.2229999999999563, 1, , , 2863.2229999999999563, 0, , , 2863.2229999999999563, 0, , , 2863.2229999999999563, 1
, , 2863.2260000000001128, 1, , , 2863.2260000000001128, 0, , , 2863.2260000000001128, 0, , , 2863.2260000000001128, 1
, , 2863.2310000000002219, 1, , , 2863.2310000000002219, 0, , , 2863.2310000000002219, 0, , , 2863.2310000000002219, 1
, , 2863.2359999999998763, 1, , , 2863.2359999999998763, 0, , , 2863.2359999999998763, 0, , , 2863.2359999999998763, 1
, , 2863.2409999999999854, 1, , , 2863.2409999999999854, 0, , , 2863.2409999999999854, 0, , , 2863.2409999999999854, 1
, , 2863.2460000000000946, 1, , , 2863.2460000000000946, 0, , , 2863.2460000000000946, 0, , , 2863.2460000000000946, 1
, , 2863.2519999999999527, 1, , , 2863.2519999999999527, 0, , , 2863.2519999999999527, 0, , , 2863.2519999999999527, 1
, , 2863.2559999999998581, 1, , , 2863.2559999999998581, 0, , , 2863.2559999999998581, 0, , , 2863.2559999999998581, 1
, , 2863.262000000000171, 1, , , 2863.262000000000171, 0, , , 2863.262000000000171, 0, , , 2863.262000000000171, 1
, , 2863.2660000000000764, 1, , , 2863.2660000000000764, 0, , , 2863.2660000000000764, 0, , , 2863.2660000000000764, 1
, , 2863.2730000000001382, 1, , , 2863.2730000000001382, 0, , , 2863.2730000000001382, 0, , , 2863.2730000000001382, 1
, , 2863.2759999999998399, 1, , , 2863.2759999999998399, 0, , , 2863.2759999999998399, 0, , , 2863.2759999999998399, 1
, , 2863.2820000000001528, 1, , , 2863.2820000000001528, 0, , , 2863.2820000000001528, 0, , , 2863.2820000000001528, 1
, , 2863.2860000000000582, 1, , , 2863.2860000000000582, 0, , , 2863.2860000000000582, 0, , , 2863.2860000000000582, 1
, , 2863.2910000000001673, 1, , , 2863.2910000000001673, 0, , , 2863.2910000000001673, 0, , , 2863.2910000000001673, 1
, , 2863.2959999999998217, 1, , , 2863.2959999999998217, 0, , , 2863.2959999999998217, 0, , , 2863.2959999999998217, 1
, , 2863.3009999999999309, 1, , , 2863.3009999999999309, 0, , , 2863.3009999999999309, 0, , , 2863.3009999999999309, 1
, , 2863.30600000000004, 1, , , 2863.30600000000004, 0, , , 2863.30600000000004, 0, , , 2863.30600000000004, 1
, , 2863.3110000000001492, 1, , , 2863.3110000000001492, 0, , , 2863.3110000000001492, 0, , , 2863.3110000000001492, 1
, , 2863.3170000000000073, 1, , , 2863.3170000000000073, 0, , , 2863.3170000000000073, 0, , , 2863.3170000000000073, 1
, , 2863.3209999999999127, 1, , , 2863.3209999999999127, 0, , , 2863.3209999999999127, 0, , , 2863.3209999999999127, 1
, , 2863.3260000000000218, 1, , , 2863.3260000000000218, 0, , , 2863.3260000000000218, 0, , , 2863.3260000000000218, 1
, , 2863.331000000000131, 1, , , 2863.331000000000131, 0, , , 2863.331000000000131, 0, , , 2863.331000000000131, 1
, , 2863.3380000000001928, 1, , , 2863.3380000000001928, 0, , , 2863.3380000000001928, 0, , , 2863.3380000000001928, 1
, , 2863.3400000000001455, 1, , , 2863.3400000000001455, 0, , , 2863.3400000000001455, 0, , , 2863.3400000000001455, 1
, , 2863.3479999999999563, 1, , , 2863.3479999999999563, 1, , , 2863.3479999999999563, 1, , , 2863.3479999999999563, 1
, , 2863.3510000000001128, 1, , , 2863.3510000000001128, 1, , , 2863.3510000000001128, 1, , , 2863.3510000000001128, 1
, , 2863.3560000000002219, 1, , , 2863.3560000000002219, 1, , , 2863.3560000000002219, 1, , , 2863.3560000000002219, 1
, , 2863.3609999999998763, 1, , , 2863.3609999999998763, 1, , , 2863.3609999999998763, 1, , , 2863.3609999999998763, 1
, , 2863.3659999999999854, 1, , , 2863.3659999999999854, 1, , , 2863.3659999999999854, 1, , , 2863.3659999999999854, 1
, , 2863.3719999999998436, 1, , , 2863.3719999999998436, 1, , , 2863.3719999999998436, 1, , , 2863.3719999999998436, 1
, , 2863.3760000000002037, 1, , , 2863.3760000000002037, 1, , , 2863.3760000000002037, 1, , , 2863.3760000000002037, 1
, , 2863.3809999999998581, 1, , , 2863.3809999999998581, 1, , , 2863.3809999999998581, 1, , , 2863.3809999999998581, 1
, , 2863.3859999999999673, 1, , , 2863.3859999999999673, 1, , , 2863.3859999999999673, 1, , , 2863.3859999999999673, 1
, , 2863.3899999999998727, 1, , , 2863.3899999999998727, 1, , , 2863.3899999999998727, 1, , , 2863.3899999999998727, 1
, , 2863.3960000000001855, 1, , , 2863.3960000000001855, 1, , , 2863.3960000000001855, 1, , , 2863.3960000000001855, 1
, , 2863.4009999999998399, 1, , , 2863.4009999999998399, 1, , , 2863.4009999999998399, 1, , , 2863.4009999999998399, 1
, , 2863.4050000000002001, 1, , , 2863.4050000000002001, 1, , , 2863.4050000000002001, 1, , , 2863.4050000000002001, 1
, , 2863.4110000000000582, 1, , , 2863.4110000000000582, 1, , , 2863.4110000000000582, 1, , , 2863.4110000000000582, 1
, , 2863.4180000000001201, 0, , , 2863.4180000000001201, 1, , , 2863.4180000000001201, 1, , , 2863.4180000000001201, 0
, , 2863.4229999999997744, 0, , , 2863.4229999999997744, 1, , , 2863.4229999999997744, 1, , , 2863.4229999999997744, 0
, , 2863.4270000000001346, 0, , , 2863.4270000000001346, 1, , , 2863.4270000000001346, 1, , , 2863.4270000000001346, 0
, , 2863.43100000000004, 0, , , 2863.43100000000004, 1, , , 2863.43100000000004, 1, , , 2863.43100000000004, 0
, , 2863.4369999999998981, 0, , , 2863.4369999999998981, 1, , , 2863.4369999999998981, 1, , , 2863.4369999999998981, 0
, , 2863.4409999999998035, 0, , , 2863.4409999999998035, 1, , , 2863.4409999999998035, 1, , , 2863.4409999999998035, 0
, , 2863.4470000000001164, 0, , , 2863.4470000000001164, 1, , , 2863.4470000000001164, 1, , , 2863.4470000000001164, 0
, , 2863.4510000000000218, 0, , , 2863.4510000000000218, 1, , , 2863.4510000000000218, 1, , , 2863.4510000000000218, 0
, , 2863.456000000000131, 0, , , 2863.456000000000131, 1, , , 2863.456000000000131, 1, , , 2863.456000000000131, 0
, , 2863.4609999999997854, 0, , , 2863.4609999999997854, 1, , , 2863.4609999999997854, 1, , , 2863.4609999999997854, 0
, , 2863.4659999999998945, 0, , , 2863.4659999999998945, 1, , , 2863.4659999999998945, 1, , , 2863.4659999999998945, 0
, , 2863.4720000000002074, 0, , , 2863.4720000000002074, 1, , , 2863.4720000000002074, 1, , , 2863.4720000000002074, 0
, , 2863.4760000000001128, 0, , , 2863.4760000000001128, 1, , , 2863.4760000000001128, 1, , , 2863.4760000000001128, 0
, , 2863.4810000000002219, 0, , , 2863.4810000000002219, 1, , , 2863.4810000000002219, 1, , , 2863.4810000000002219, 0
, , 2863.4859999999998763, 0, , , 2863.4859999999998763, 1, , , 2863.4859999999998763, 1, , , 2863.4859999999998763, 0
, , 2863.4909999999999854, 0, , , 2863.4909999999999854, 1, , , 2863.4909999999999854, 1, , , 2863.4909999999999854, 0
, , 2863.4960000000000946, 0, , , 2863.4960000000000946, 1, , , 2863.4960000000000946, 1, , , 2863.4960000000000946, 0
, , 2863.5010000000002037, 0, , , 2863.5010000000002037, 1, , , 2863.5010000000002037, 1, , , 2863.5010000000002037, 0
, , 2863.5059999999998581, 0, , , 2863.5059999999998581, 1, , , 2863.5059999999998581, 1, , , 2863.5059999999998581, 0
, , 2863.5109999999999673, 0, , , 2863.5109999999999673, 1, , , 2863.5109999999999673, 1, , , 2863.5109999999999673, 0
, , 2863.5160000000000764, 0, , , 2863.5160000000000764, 1, , , 2863.5160000000000764, 1, , , 2863.5160000000000764, 0
, , 2863.5219999999999345, 0, , , 2863.5219999999999345, 1, , , 2863.5219999999999345, 1, , , 2863.5219999999999345, 0
, , 2863.5270000000000437, 0, , , 2863.5270000000000437, 1, , , 2863.5270000000000437, 1, , , 2863.5270000000000437, 0
, , 2863.5329999999999018, 0, , , 2863.5329999999999018, 1, , , 2863.5329999999999018, 1, , , 2863.5329999999999018, 0
, , 2863.5369999999998072, 0, , , 2863.5369999999998072, 1, , , 2863.5369999999998072, 1, , , 2863.5369999999998072, 0
, , 2863.5410000000001673, 0, , , 2863.5410000000001673, 1, , , 2863.5410000000001673, 1, , , 2863.5410000000001673, 0
, , 2863.5459999999998217, 0, , , 2863.5459999999998217, 1, , , 2863.5459999999998217, 1, , , 2863.5459999999998217, 0
, , 2863.5529999999998836, 0, , , 2863.5529999999998836, 1, , , 2863.5529999999998836, 1, , , 2863.5529999999998836, 0
, , 2863.55600000000004, 0, , , 2863.55600000000004, 1, , , 2863.55600000000004, 1, , , 2863.55600000000004, 0
, , 2863.5619999999998981, 0, , , 2863.5619999999998981, 1, , , 2863.5619999999998981, 1, , , 2863.5619999999998981, 0
, , 2863.5659999999998035, 0, , , 2863.5659999999998035, 1, , , 2863.5659999999998035, 1, , , 2863.5659999999998035, 0
, , 2863.5709999999999127, 0, , , 2863.5709999999999127, 1, , , 2863.5709999999999127, 1, , , 2863.5709999999999127, 0
, , 2863.5760000000000218, 0, , , 2863.5760000000000218, 1, , , 2863.5760000000000218, 1, , , 2863.5760000000000218, 0
, , 2863.5819999999998799, 0, , , 2863.5819999999998799, 1, , , 2863.5819999999998799, 1, , , 2863.5819999999998799, 0
, , 2863.5859999999997854, 0, , , 2863.5859999999997854, 1, , , 2863.5859999999997854, 1, , , 2863.5859999999997854, 0
, , 2863.5900000000001455, 0, , , 2863.5900000000001455, 1, , , 2863.5900000000001455, 1, , , 2863.5900000000001455, 0
, , 2863.5990000000001601, 0, , , 2863.5990000000001601, 1, , , 2863.5990000000001601, 1, , , 2863.5990000000001601, 0
, , 2863.6019999999998618, 0, , , 2863.6019999999998618, 1, , , 2863.6019999999998618, 1, , , 2863.6019999999998618, 0
, , 2863.6060000000002219, 0, , , 2863.6060000000002219, 1, , , 2863.6060000000002219, 1, , , 2863.6060000000002219, 0
, , 2863.6109999999998763, 0, , , 2863.6109999999998763, 1, , , 2863.6109999999998763, 1, , , 2863.6109999999998763, 0
, , 2863.6159999999999854, 0, , , 2863.6159999999999854, 1, , , 2863.6159999999999854, 1, , , 2863.6159999999999854, 0
, , 2863.6210000000000946, 0, , , 2863.6210000000000946, 1, , , 2863.6210000000000946, 1, , , 2863.6210000000000946, 0
, , 2863.6260000000002037, 0, , , 2863.6260000000002037, 1, , , 2863.6260000000002037, 1, , , 2863.6260000000002037, 0
, , 2863.6309999999998581, 0, , , 2863.6309999999998581, 1, , , 2863.6309999999998581, 1, , , 2863.6309999999998581, 0
, , 2863.63799999999992, 0, , , 2863.63799999999992, 1, , , 2863.63799999999992, 1, , , 2863.63799999999992, 0
, , 2863.6410000000000764, 0, , , 2863.6410000000000764, 1, , , 2863.6410000000000764, 1, , , 2863.6410000000000764, 0
, , 2863.6469999999999345, 0, , , 2863.6469999999999345, 1, , , 2863.6469999999999345, 1, , , 2863.6469999999999345, 0
, , 2863.6520000000000437, 0, , , 2863.6520000000000437, 1, , , 2863.6520000000000437, 1, , , 2863.6520000000000437, 0
, , 2863.6559999999999491, 0, , , 2863.6559999999999491, 1, , , 2863.6559999999999491, 1, , , 2863.6559999999999491, 0
, , 2863.6610000000000582, 0, , , 2863.6610000000000582, 1, , , 2863.6610000000000582, 1, , , 2863.6610000000000582, 0
, , 2863.6660000000001673, 0, , , 2863.6660000000001673, 1, , , 2863.6660000000001673, 1, , , 2863.6660000000001673, 0
, , 2863.6729999999997744, 1, , , 2863.6729999999997744, 1, , , 2863.6729999999997744, 1, , , 2863.6729999999997744, 1
, , 2863.6759999999999309, 1, , , 2863.6759999999999309, 1, , , 2863.6759999999999309, 1, , , 2863.6759999999999309, 1
, , 2863.68100000000004, 1, , , 2863.68100000000004, 1, , , 2863.68100000000004, 1, , , 2863.68100000000004, 1
, , 2863.6860000000001492, 1, , , 2863.6860000000001492, 1, , , 2863.6860000000001492, 1, , , 2863.6860000000001492, 1
, , 2863.6909999999998035, 1, , , 2863.6909999999998035, 1, , , 2863.6909999999998035, 1, , , 2863.6909999999998035, 1
, , 2863.6959999999999127, 1, , , 2863.6959999999999127, 1, , , 2863.6959999999999127, 1, , , 2863.6959999999999127, 1
, , 2863.7010000000000218, 1, , , 2863.7010000000000218, 1, , , 2863.7010000000000218, 1, , , 2863.7010000000000218, 1
, , 2863.706000000000131, 1, , , 2863.706000000000131, 1, , , 2863.706000000000131, 1, , , 2863.706000000000131, 1
, , 2863.7109999999997854, 1, , , 2863.7109999999997854, 1, , , 2863.7109999999997854, 1, , , 2863.7109999999997854, 1
, , 2863.7159999999998945, 1, , , 2863.7159999999998945, 1, , , 2863.7159999999998945, 1, , , 2863.7159999999998945, 1
, , 2863.7210000000000036, 1, , , 2863.7210000000000036, 1, , , 2863.7210000000000036, 1, , , 2863.7210000000000036, 1
, , 2863.7260000000001128, 1, , , 2863.7260000000001128, 1, , , 2863.7260000000001128, 1, , , 2863.7260000000001128, 1
, , 2863.7310000000002219, 1, , , 2863.7310000000002219, 1, , , 2863.7310000000002219, 1, , , 2863.7310000000002219, 1
, , 2863.7350000000001273, 1, , , 2863.7350000000001273, 1, , , 2863.7350000000001273, 1, , , 2863.7350000000001273, 1
, , 2863.7409999999999854, 1, , , 2863.7409999999999854, 1, , , 2863.7409999999999854, 1, , , 2863.7409999999999854, 1
, , 2863.7460000000000946, 1, , , 2863.7460000000000946, 0, , , 2863.7460000000000946, 0, , , 2863.7460000000000946, 1
, , 2863.7510000000002037, 1, , , 2863.7510000000002037, 0, , , 2863.7510000000002037, 0, , , 2863.7510000000002037, 1
, , 2863.7559999999998581, 1, , , 2863.7559999999998581, 0, , , 2863.7559999999998581, 0, , , 2863.7559999999998581, 1
, , 2863.7609999999999673, 1, , , 2863.7609999999999673, 0, , , 2863.7609999999999673, 0, , , 2863.7609999999999673, 1
, , 2863.7660000000000764, 1, , , 2863.7660000000000764, 0, , , 2863.7660000000000764, 0, , , 2863.7660000000000764, 1
, , 2863.7710000000001855, 1, , , 2863.7710000000001855, 0, , , 2863.7710000000001855, 0, , , 2863.7710000000001855, 1
, , 2863.7759999999998399, 1, , , 2863.7759999999998399, 0, , , 2863.7759999999998399, 0, , , 2863.7759999999998399, 1
, , 2863.7820000000001528, 1, , , 2863.7820000000001528, 0, , , 2863.7820000000001528, 0, , , 2863.7820000000001528, 1
, , 2863.7869999999998072, 1, , , 2863.7869999999998072, 0, , , 2863.7869999999998072, 0, , , 2863.7869999999998072, 1
, , 2863.7919999999999163, 1, , , 2863.7919999999999163, 0, , , 2863.7919999999999163, 0, , , 2863.7919999999999163, 1
, , 2863.7959999999998217, 1, , , 2863.7959999999998217, 0, , , 2863.7959999999998217, 0, , , 2863.7959999999998217, 1
, , 2863.8020000000001346, 1, , , 2863.8020000000001346, 0, , , 2863.8020000000001346, 0, , , 2863.8020000000001346, 1
, , 2863.806999999999789, 1, , , 2863.806999999999789, 0, , , 2863.806999999999789, 0, , , 2863.806999999999789, 1
, , 2863.8110000000001492, 1, , , 2863.8110000000001492, 0, , , 2863.8110000000001492, 0, , , 2863.8110000000001492, 1
, , 2863.8170000000000073, 1, , , 2863.8170000000000073, 0, , , 2863.8170000000000073, 0, , , 2863.8170000000000073, 1
, , 2863.8220000000001164, 1, , , 2863.8220000000001164, 0, , , 2863.8220000000001164, 0, , , 2863.8220000000001164, 1
, , 2863.8260000000000218, 1, , , 2863.8260000000000218, 0, , , 2863.8260000000000218, 0, , , 2863.8260000000000218, 1
, , 2863.8319999999998799, 1, , , 2863.8319999999998799, 0, , , 2863.8319999999998799, 0, , , 2863.8319999999998799, 1
, , 2863.8369999999999891, 1, , , 2863.8369999999999891, 0, , , 2863.8369999999999891, 0, , , 2863.8369999999999891, 1
, , 2863.8409999999998945, 1, , , 2863.8409999999998945, 0, , , 2863.8409999999998945, 0, , , 2863.8409999999998945, 1
, , 2863.8460000000000036, 1, , , 2863.8460000000000036, 0, , , 2863.8460000000000036, 0, , , 2863.8460000000000036, 1
, , 2863.8519999999998618, 1, , , 2863.8519999999998618, 0, , , 2863.8519999999998618, 0, , , 2863.8519999999998618, 1
, , 2863.8560000000002219, 1, , , 2863.8560000000002219, 0, , , 2863.8560000000002219, 0, , , 2863.8560000000002219, 1
, , 2863.8609999999998763, 1, , , 2863.8609999999998763, 0, , , 2863.8609999999998763, 0, , , 2863.8609999999998763, 1
, , 2863.8659999999999854, 1, , , 2863.8659999999999854, 0, , , 2863.8659999999999854, 0, , , 2863.8659999999999854, 1
, , 2863.8710000000000946, 1, , , 2863.8710000000000946, 0, , , 2863.8710000000000946, 0, , , 2863.8710000000000946, 1
, , 2863.8769999999999527, 1, , , 2863.8769999999999527, 0, , , 2863.8769999999999527, 0, , , 2863.8769999999999527, 1
, , 2863.8820000000000618, 1, , , 2863.8820000000000618, 0, , , 2863.8820000000000618, 0, , , 2863.8820000000000618, 1
, , 2863.8859999999999673, 1, , , 2863.8859999999999673, 0, , , 2863.8859999999999673, 0, , , 2863.8859999999999673, 1
, , 2863.8919999999998254, 1, , , 2863.8919999999998254, 0, , , 2863.8919999999998254, 0, , , 2863.8919999999998254, 1
, , 2863.8960000000001855, 1, , , 2863.8960000000001855, 0, , , 2863.8960000000001855, 0, , , 2863.8960000000001855, 1
, , 2863.9009999999998399, 1, , , 2863.9009999999998399, 0, , , 2863.9009999999998399, 0, , , 2863.9009999999998399, 1
, , 2863.9039999999999964, 1, , , 2863.9039999999999964, 0, , , 2863.9039999999999964, 0, , , 2863.9039999999999964, 1
, , 2863.9119999999998072, 1, , , 2863.9119999999998072, 0, , , 2863.9119999999998072, 0, , , 2863.9119999999998072, 1
, , 2863.9200000000000728, 1, , , 2863.9200000000000728, 0, , , 2863.9200000000000728, 0, , , 2863.9200000000000728, 1
, , 2863.9209999999998217, 1, , , 2863.9209999999998217, 0, , , 2863.9209999999998217, 0, , , 2863.9209999999998217, 1
, , 2863.9259999999999309, 1, , , 2863.9259999999999309, 0, , , 2863.9259999999999309, 0, , , 2863.9259999999999309, 1
, , 2863.93100000000004, 1, , , 2863.93100000000004, 0, , , 2863.93100000000004, 0, , , 2863.93100000000004, 1
, , 2863.9360000000001492, 1, , , 2863.9360000000001492, 0, , , 2863.9360000000001492, 0, , , 2863.9360000000001492, 1
, , 2863.9409999999998035, 1, , , 2863.9409999999998035, 0, , , 2863.9409999999998035, 0, , , 2863.9409999999998035, 1
, , 2863.9470000000001164, 1, , , 2863.9470000000001164, 0, , , 2863.9470000000001164, 0, , , 2863.9470000000001164, 1
, , 2863.9510000000000218, 1, , , 2863.9510000000000218, 0, , , 2863.9510000000000218, 0, , , 2863.9510000000000218, 1
, , 2863.9569999999998799, 1, , , 2863.9569999999998799, 0, , , 2863.9569999999998799, 0, , , 2863.9569999999998799, 1
, , 2863.9630000000001928, 1, , , 2863.9630000000001928, 0, , , 2863.9630000000001928, 0, , , 2863.9630000000001928, 1
, , 2863.9670000000000982, 1, , , 2863.9670000000000982, 0, , , 2863.9670000000000982, 0, , , 2863.9670000000000982, 1
, , 2863.9720000000002074, 1, , , 2863.9720000000002074, 0, , , 2863.9720000000002074, 0, , , 2863.9720000000002074, 1
, , 2863.9760000000001128, 1, , , 2863.9760000000001128, 0, , , 2863.9760000000001128, 0, , , 2863.9760000000001128, 1
, , 2863.9819999999999709, 1, , , 2863.9819999999999709, 0, , , 2863.9819999999999709, 0, , , 2863.9819999999999709, 1
, , 2863.9859999999998763, 1, , , 2863.9859999999998763, 0, , , 2863.9859999999998763, 0, , , 2863.9859999999998763, 1
, , 2863.9909999999999854, 1, , , 2863.9909999999999854, 0, , , 2863.9909999999999854, 0, , , 2863.9909999999999854, 1
, , 2863.9960000000000946, 1, , , 2863.9960000000000946, 1, , , 2863.9960000000000946, 1, , , 2863.9960000000000946, 1
, , 2864.0010000000002037, 1, , , 2864.0010000000002037, 1, , , 2864.0010000000002037, 1, , , 2864.0010000000002037, 1
, , 2864.0059999999998581, 1, , , 2864.0059999999998581, 1, , , 2864.0059999999998581, 1, , , 2864.0059999999998581, 1
, , 2864.0109999999999673, 1, , , 2864.0109999999999673, 1, , , 2864.0109999999999673, 1, , , 2864.0109999999999673, 1
, , 2864.0160000000000764, 1, , , 2864.0160000000000764, 1, , , 2864.0160000000000764, 1, , , 2864.0160000000000764, 1
, , 2864.0210000000001855, 1, , , 2864.0210000000001855, 1, , , 2864.0210000000001855, 1, , , 2864.0210000000001855, 1
, , 2864.0259999999998399, 1, , , 2864.0259999999998399, 1, , , 2864.0259999999998399, 1, , , 2864.0259999999998399, 1
, , 2864.0309999999999491, 1, , , 2864.0309999999999491, 1, , , 2864.0309999999999491, 1, , , 2864.0309999999999491, 1
, , 2864.0360000000000582, 1, , , 2864.0360000000000582, 1, , , 2864.0360000000000582, 1, , , 2864.0360000000000582, 1
, , 2864.0410000000001673, 1, , , 2864.0410000000001673, 1, , , 2864.0410000000001673, 1, , , 2864.0410000000001673, 1
, , 2864.0470000000000255, 1, , , 2864.0470000000000255, 1, , , 2864.0470000000000255, 1, , , 2864.0470000000000255, 1
, , 2864.0509999999999309, 1, , , 2864.0509999999999309, 1, , , 2864.0509999999999309, 1, , , 2864.0509999999999309, 1
, , 2864.0549999999998363, 1, , , 2864.0549999999998363, 1, , , 2864.0549999999998363, 1, , , 2864.0549999999998363, 1
, , 2864.0610000000001492, 1, , , 2864.0610000000001492, 1, , , 2864.0610000000001492, 1, , , 2864.0610000000001492, 1
, , 2864.0670000000000073, 0, , , 2864.0670000000000073, 1, , , 2864.0670000000000073, 1, , , 2864.0670000000000073, 0
, , 2864.0720000000001164, 0, , , 2864.0720000000001164, 1, , , 2864.0720000000001164, 1, , , 2864.0720000000001164, 0
, , 2864.0770000000002256, 0, , , 2864.0770000000002256, 1, , , 2864.0770000000002256, 1, , , 2864.0770000000002256, 0
, , 2864.0830000000000837, 0, , , 2864.0830000000000837, 1, , , 2864.0830000000000837, 1, , , 2864.0830000000000837, 0
, , 2864.0859999999997854, 0, , , 2864.0859999999997854, 1, , , 2864.0859999999997854, 1, , , 2864.0859999999997854, 0
, , 2864.0909999999998945, 0, , , 2864.0909999999998945, 1, , , 2864.0909999999998945, 1, , , 2864.0909999999998945, 0
, , 2864.0960000000000036, 0, , , 2864.0960000000000036, 1, , , 2864.0960000000000036, 1, , , 2864.0960000000000036, 0
, , 2864.1010000000001128, 0, , , 2864.1010000000001128, 1, , , 2864.1010000000001128, 1, , , 2864.1010000000001128, 0
, , 2864.1069999999999709, 0, , , 2864.1069999999999709, 1, , , 2864.1069999999999709, 1, , , 2864.1069999999999709, 0
, , 2864.1109999999998763, 0, , , 2864.1109999999998763, 1, , , 2864.1109999999998763, 1, , , 2864.1109999999998763, 0
, , 2864.1159999999999854, 0, , , 2864.1159999999999854, 1, , , 2864.1159999999999854, 1, , , 2864.1159999999999854, 0
, , 2864.1210000000000946, 0, , , 2864.1210000000000946, 1, , , 2864.1210000000000946, 1, , , 2864.1210000000000946, 0
, , 2864.1260000000002037, 0, , , 2864.1260000000002037, 1, , , 2864.1260000000002037, 1, , , 2864.1260000000002037, 0
, , 2864.1309999999998581, 0, , , 2864.1309999999998581, 1, , , 2864.1309999999998581, 1, , , 2864.1309999999998581, 0
, , 2864.1359999999999673, 0, , , 2864.1359999999999673, 1, , , 2864.1359999999999673, 1, , , 2864.1359999999999673, 0
, , 2864.1410000000000764, 0, , , 2864.1410000000000764, 1, , , 2864.1410000000000764, 1, , , 2864.1410000000000764, 0
, , 2864.1469999999999345, 0, , , 2864.1469999999999345, 1, , , 2864.1469999999999345, 1, , , 2864.1469999999999345, 0
, , 2864.1520000000000437, 0, , , 2864.1520000000000437, 1, , , 2864.1520000000000437, 1, , , 2864.1520000000000437, 0
, , 2864.1570000000001528, 0, , , 2864.1570000000001528, 1, , , 2864.1570000000001528, 1, , , 2864.1570000000001528, 0
, , 2864.1610000000000582, 0, , , 2864.1610000000000582, 1, , , 2864.1610000000000582, 1, , , 2864.1610000000000582, 0
, , 2864.1660000000001673, 0, , , 2864.1660000000001673, 1, , , 2864.1660000000001673, 1, , , 2864.1660000000001673, 0
, , 2864.1720000000000255, 0, , , 2864.1720000000000255, 1, , , 2864.1720000000000255, 1, , , 2864.1720000000000255, 0
, , 2864.1759999999999309, 0, , , 2864.1759999999999309, 1, , , 2864.1759999999999309, 1, , , 2864.1759999999999309, 0
, , 2864.18100000000004, 0, , , 2864.18100000000004, 1, , , 2864.18100000000004, 1, , , 2864.18100000000004, 0
, , 2864.1860000000001492, 0, , , 2864.1860000000001492, 1, , , 2864.1860000000001492, 1, , , 2864.1860000000001492, 0
, , 2864.1909999999998035, 0, , , 2864.1909999999998035, 1, , , 2864.1909999999998035, 1, , , 2864.1909999999998035, 0
, , 2864.1959999999999127, 0, , , 2864.1959999999999127, 1, , , 2864.1959999999999127, 1, , , 2864.1959999999999127, 0
, , 2864.2010000000000218, 0, , , 2864.2010000000000218, 1, , , 2864.2010000000000218, 1, , , 2864.2010000000000218, 0
, , 2864.2069999999998799, 0, , , 2864.2069999999998799, 1, , , 2864.2069999999998799, 1, , , 2864.2069999999998799, 0
, , 2864.2119999999999891, 0, , , 2864.2119999999999891, 1, , , 2864.2119999999999891, 1, , , 2864.2119999999999891, 0
, , 2864.2170000000000982, 0, , , 2864.2170000000000982, 1, , , 2864.2170000000000982, 1, , , 2864.2170000000000982, 0
, , 2864.2220000000002074, 0, , , 2864.2220000000002074, 1, , , 2864.2220000000002074, 1, , , 2864.2220000000002074, 0
, , 2864.2260000000001128, 0, , , 2864.2260000000001128, 1, , , 2864.2260000000001128, 1, , , 2864.2260000000001128, 0
, , 2864.2319999999999709, 0, , , 2864.2319999999999709, 1, , , 2864.2319999999999709, 1, , , 2864.2319999999999709, 0
, , 2864.23700000000008, 0, , , 2864.23700000000008, 1, , , 2864.23700000000008, 1, , , 2864.23700000000008, 0
, , 2864.2409999999999854, 0, , , 2864.2409999999999854, 1, , , 2864.2409999999999854, 1, , , 2864.2409999999999854, 0
, , 2864.2460000000000946, 0, , , 2864.2460000000000946, 1, , , 2864.2460000000000946, 1, , , 2864.2460000000000946, 0
, , 2864.2510000000002037, 0, , , 2864.2510000000002037, 1, , , 2864.2510000000002037, 1, , , 2864.2510000000002037, 0
, , 2864.2559999999998581, 0, , , 2864.2559999999998581, 1, , , 2864.2559999999998581, 1, , , 2864.2559999999998581, 0
, , 2864.2609999999999673, 0, , , 2864.2609999999999673, 1, , , 2864.2609999999999673, 1, , , 2864.2609999999999673, 0
, , 2864.2660000000000764, 0, , , 2864.2660000000000764, 1, , , 2864.2660000000000764, 1, , , 2864.2660000000000764, 0
, , 2864.2710000000001855, 0, , , 2864.2710000000001855, 1, , , 2864.2710000000001855, 1, , , 2864.2710000000001855, 0
, , 2864.2759999999998399, 0, , , 2864.2759999999998399, 1, , , 2864.2759999999998399, 1, , , 2864.2759999999998399, 0
, , 2864.2809999999999491, 0, , , 2864.2809999999999491, 1, , , 2864.2809999999999491, 1, , , 2864.2809999999999491, 0
, , 2864.2860000000000582, 0, , , 2864.2860000000000582, 1, , , 2864.2860000000000582, 1, , , 2864.2860000000000582, 0
, , 2864.2910000000001673, 0, , , 2864.2910000000001673, 1, , , 2864.2910000000001673, 1, , , 2864.2910000000001673, 0
, , 2864.2959999999998217, 0, , , 2864.2959999999998217, 1, , , 2864.2959999999998217, 1, , , 2864.2959999999998217, 0
, , 2864.3009999999999309, 0, , , 2864.3009999999999309, 1, , , 2864.3009999999999309, 1, , , 2864.3009999999999309, 0
, , 2864.30600000000004, 0, , , 2864.30600000000004, 1, , , 2864.30600000000004, 1, , , 2864.30600000000004, 0
, , 2864.3110000000001492, 0, , , 2864.3110000000001492, 1, , , 2864.3110000000001492, 1, , , 2864.3110000000001492, 0
, , 2864.3159999999998035, 0, , , 2864.3159999999998035, 1, , , 2864.3159999999998035, 1, , , 2864.3159999999998035, 0
, , 2864.3209999999999127, 1, , , 2864.3209999999999127, 1, , , 2864.3209999999999127, 1, , , 2864.3209999999999127, 1
, , 2864.3260000000000218, 1, , , 2864.3260000000000218, 1, , , 2864.3260000000000218, 1, , , 2864.3260000000000218, 1
, , 2864.331000000000131, 1, , , 2864.331000000000131, 1, , , 2864.331000000000131, 1, , , 2864.331000000000131, 1
, , 2864.3359999999997854, 1, , , 2864.3359999999997854, 1, , , 2864.3359999999997854, 1, , , 2864.3359999999997854, 1
, , 2864.3409999999998945, 1, , , 2864.3409999999998945, 1, , , 2864.3409999999998945, 1, , , 2864.3409999999998945, 1
, , 2864.3460000000000036, 1, , , 2864.3460000000000036, 1, , , 2864.3460000000000036, 1, , , 2864.3460000000000036, 1
, , 2864.3519999999998618, 1, , , 2864.3519999999998618, 1, , , 2864.3519999999998618, 1, , , 2864.3519999999998618, 1
, , 2864.3560000000002219, 1, , , 2864.3560000000002219, 1, , , 2864.3560000000002219, 1, , , 2864.3560000000002219, 1
, , 2864.3609999999998763, 1, , , 2864.3609999999998763, 1, , , 2864.3609999999998763, 1, , , 2864.3609999999998763, 1
, , 2864.3659999999999854, 1, , , 2864.3659999999999854, 1, , , 2864.3659999999999854, 1, , , 2864.3659999999999854, 1
, , 2864.3710000000000946, 1, , , 2864.3710000000000946, 1, , , 2864.3710000000000946, 1, , , 2864.3710000000000946, 1
, , 2864.3769999999999527, 1, , , 2864.3769999999999527, 1, , , 2864.3769999999999527, 1, , , 2864.3769999999999527, 1
, , 2864.3809999999998581, 1, , , 2864.3809999999998581, 1, , , 2864.3809999999998581, 1, , , 2864.3809999999998581, 1
, , 2864.3859999999999673, 1, , , 2864.3859999999999673, 1, , , 2864.3859999999999673, 1, , , 2864.3859999999999673, 1
, , 2864.3910000000000764, 1, , , 2864.3910000000000764, 1, , , 2864.3910000000000764, 1, , , 2864.3910000000000764, 1
, , 2864.3969999999999345, 1, , , 2864.3969999999999345, 0, , , 2864.3969999999999345, 0, , , 2864.3969999999999345, 1
, , 2864.4009999999998399, 1, , , 2864.4009999999998399, 0, , , 2864.4009999999998399, 0, , , 2864.4009999999998399, 1
, , 2864.4059999999999491, 1, , , 2864.4059999999999491, 0, , , 2864.4059999999999491, 0, , , 2864.4059999999999491, 1
, , 2864.4110000000000582, 1, , , 2864.4110000000000582, 0, , , 2864.4110000000000582, 0, , , 2864.4110000000000582, 1
, , 2864.4160000000001673, 1, , , 2864.4160000000001673, 0, , , 2864.4160000000001673, 0, , , 2864.4160000000001673, 1
, , 2864.4209999999998217, 1, , , 2864.4209999999998217, 0, , , 2864.4209999999998217, 0, , , 2864.4209999999998217, 1
, , 2864.4259999999999309, 1, , , 2864.4259999999999309, 0, , , 2864.4259999999999309, 0, , , 2864.4259999999999309, 1
, , 2864.43100000000004, 1, , , 2864.43100000000004, 0, , , 2864.43100000000004, 0, , , 2864.43100000000004, 1
, , 2864.4360000000001492, 1, , , 2864.4360000000001492, 0, , , 2864.4360000000001492, 0, , , 2864.4360000000001492, 1
, , 2864.4409999999998035, 1, , , 2864.4409999999998035, 0, , , 2864.4409999999998035, 0, , , 2864.4409999999998035, 1
, , 2864.4459999999999127, 1, , , 2864.4459999999999127, 0, , , 2864.4459999999999127, 0, , , 2864.4459999999999127, 1
, , 2864.4510000000000218, 1, , , 2864.4510000000000218, 0, , , 2864.4510000000000218, 0, , , 2864.4510000000000218, 1
, , 2864.456000000000131, 1, , , 2864.456000000000131, 0, , , 2864.456000000000131, 0, , , 2864.456000000000131, 1
, , 2864.4609999999997854, 1, , , 2864.4609999999997854, 0, , , 2864.4609999999997854, 0, , , 2864.4609999999997854, 1
, , 2864.4650000000001455, 1, , , 2864.4650000000001455, 0, , , 2864.4650000000001455, 0, , , 2864.4650000000001455, 1
, , 2864.4710000000000036, 1, , , 2864.4710000000000036, 0, , , 2864.4710000000000036, 0, , , 2864.4710000000000036, 1
, , 2864.4769999999998618, 1, , , 2864.4769999999998618, 0, , , 2864.4769999999998618, 0, , , 2864.4769999999998618, 1
, , 2864.4810000000002219, 1, , , 2864.4810000000002219, 0, , , 2864.4810000000002219, 0, , , 2864.4810000000002219, 1
, , 2864.48700000000008, 1, , , 2864.48700000000008, 0, , , 2864.48700000000008, 0, , , 2864.48700000000008, 1
, , 2864.4909999999999854, 1, , , 2864.4909999999999854, 0, , , 2864.4909999999999854, 0, , , 2864.4909999999999854, 1
, , 2864.4960000000000946, 1, , , 2864.4960000000000946, 0, , , 2864.4960000000000946, 0, , , 2864.4960000000000946, 1
, , 2864.5010000000002037, 1, , , 2864.5010000000002037, 0, , , 2864.5010000000002037, 0, , , 2864.5010000000002037, 1
, , 2864.5059999999998581, 1, , , 2864.5059999999998581, 0, , , 2864.5059999999998581, 0, , , 2864.5059999999998581, 1
, , 2864.5109999999999673, 1, , , 2864.5109999999999673, 0, , , 2864.5109999999999673, 0, , , 2864.5109999999999673, 1
, , 2864.5180000000000291, 1, , , 2864.5180000000000291, 0, , , 2864.5180000000000291, 0, , , 2864.5180000000000291, 1
, , 2864.5219999999999345, 1, , , 2864.5219999999999345, 0, , , 2864.5219999999999345, 0, , , 2864.5219999999999345, 1
, , 2864.5270000000000437, 1, , , 2864.5270000000000437, 0, , , 2864.5270000000000437, 0, , , 2864.5270000000000437, 1
, , 2864.5320000000001528, 1, , , 2864.5320000000001528, 0, , , 2864.5320000000001528, 0, , , 2864.5320000000001528, 1
, , 2864.5360000000000582, 1, , , 2864.5360000000000582, 0, , , 2864.5360000000000582, 0, , , 2864.5360000000000582, 1
, , 2864.5410000000001673, 1, , , 2864.5410000000001673, 0, , , 2864.5410000000001673, 0, , , 2864.5410000000001673, 1
, , 2864.5459999999998217, 1, , , 2864.5459999999998217, 0, , , 2864.5459999999998217, 0, , , 2864.5459999999998217, 1
, , 2864.5520000000001346, 1, , , 2864.5520000000001346, 0, , , 2864.5520000000001346, 0, , , 2864.5520000000001346, 1
, , 2864.55600000000004, 1, , , 2864.55600000000004, 0, , , 2864.55600000000004, 0, , , 2864.55600000000004, 1
, , 2864.5610000000001492, 1, , , 2864.5610000000001492, 0, , , 2864.5610000000001492, 0, , , 2864.5610000000001492, 1
, , 2864.5659999999998035, 1, , , 2864.5659999999998035, 0, , , 2864.5659999999998035, 0, , , 2864.5659999999998035, 1
, , 2864.5709999999999127, 1, , , 2864.5709999999999127, 0, , , 2864.5709999999999127, 0, , , 2864.5709999999999127, 1
, , 2864.5770000000002256, 1, , , 2864.5770000000002256, 0, , , 2864.5770000000002256, 0, , , 2864.5770000000002256, 1
, , 2864.581000000000131, 1, , , 2864.581000000000131, 0, , , 2864.581000000000131, 0, , , 2864.581000000000131, 1
, , 2864.5869999999999891, 1, , , 2864.5869999999999891, 0, , , 2864.5869999999999891, 0, , , 2864.5869999999999891, 1
, , 2864.5920000000000982, 1, , , 2864.5920000000000982, 0, , , 2864.5920000000000982, 0, , , 2864.5920000000000982, 1
, , 2864.5960000000000036, 1, , , 2864.5960000000000036, 0, , , 2864.5960000000000036, 0, , , 2864.5960000000000036, 1
, , 2864.6010000000001128, 1, , , 2864.6010000000001128, 0, , , 2864.6010000000001128, 0, , , 2864.6010000000001128, 1
, , 2864.6060000000002219, 1, , , 2864.6060000000002219, 0, , , 2864.6060000000002219, 0, , , 2864.6060000000002219, 1
, , 2864.61200000000008, 1, , , 2864.61200000000008, 0, , , 2864.61200000000008, 0, , , 2864.61200000000008, 1
, , 2864.6190000000001419, 1, , , 2864.6190000000001419, 0, , , 2864.6190000000001419, 0, , , 2864.6190000000001419, 1
, , 2864.6210000000000946, 1, , , 2864.6210000000000946, 0, , , 2864.6210000000000946, 0, , , 2864.6210000000000946, 1
, , 2864.6260000000002037, 1, , , 2864.6260000000002037, 0, , , 2864.6260000000002037, 0, , , 2864.6260000000002037, 1
, , 2864.6320000000000618, 1, , , 2864.6320000000000618, 0, , , 2864.6320000000000618, 0, , , 2864.6320000000000618, 1
, , 2864.6359999999999673, 1, , , 2864.6359999999999673, 0, , , 2864.6359999999999673, 0, , , 2864.6359999999999673, 1
, , 2864.6410000000000764, 1, , , 2864.6410000000000764, 0, , , 2864.6410000000000764, 0, , , 2864.6410000000000764, 1
, , 2864.6460000000001855, 1, , , 2864.6460000000001855, 1, , , 2864.6460000000001855, 1, , , 2864.6460000000001855, 1
, , 2864.6520000000000437, 1, , , 2864.6520000000000437, 1, , , 2864.6520000000000437, 1, , , 2864.6520000000000437, 1
, , 2864.6559999999999491, 1, , , 2864.6559999999999491, 1, , , 2864.6559999999999491, 1, , , 2864.6559999999999491, 1
, , 2864.6610000000000582, 1, , , 2864.6610000000000582, 1, , , 2864.6610000000000582, 1, , , 2864.6610000000000582, 1
, , 2864.6660000000001673, 1, , , 2864.6660000000001673, 1, , , 2864.6660000000001673, 1, , , 2864.6660000000001673, 1
, , 2864.6709999999998217, 1, , , 2864.6709999999998217, 1, , , 2864.6709999999998217, 1, , , 2864.6709999999998217, 1
, , 2864.6770000000001346, 1, , , 2864.6770000000001346, 1, , , 2864.6770000000001346, 1, , , 2864.6770000000001346, 1
, , 2864.681999999999789, 1, , , 2864.681999999999789, 1, , , 2864.681999999999789, 1, , , 2864.681999999999789, 1
, , 2864.6860000000001492, 1, , , 2864.6860000000001492, 1, , , 2864.6860000000001492, 1, , , 2864.6860000000001492, 1
, , 2864.6900000000000546, 1, , , 2864.6900000000000546, 1, , , 2864.6900000000000546, 1, , , 2864.6900000000000546, 1
, , 2864.6979999999998654, 1, , , 2864.6979999999998654, 1, , , 2864.6979999999998654, 1, , , 2864.6979999999998654, 1
, , 2864.7010000000000218, 1, , , 2864.7010000000000218, 1, , , 2864.7010000000000218, 1, , , 2864.7010000000000218, 1
, , 2864.7069999999998799, 1, , , 2864.7069999999998799, 1, , , 2864.7069999999998799, 1, , , 2864.7069999999998799, 1
, , 2864.7109999999997854, 1, , , 2864.7109999999997854, 1, , , 2864.7109999999997854, 1, , , 2864.7109999999997854, 1
, , 2864.7159999999998945, 1, , , 2864.7159999999998945, 1, , , 2864.7159999999998945, 1, , , 2864.7159999999998945, 1
, , 2864.7210000000000036, 0, , , 2864.7210000000000036, 1, , , 2864.7210000000000036, 1, , , 2864.7210000000000036, 0
, , 2864.7260000000001128, 0, , , 2864.7260000000001128, 1, , , 2864.7260000000001128, 1, , , 2864.7260000000001128, 0
, , 2864.7310000000002219, 0, , , 2864.7310000000002219, 1, , , 2864.7310000000002219, 1, , , 2864.7310000000002219, 0
, , 2864.73700000000008, 0, , , 2864.73700000000008, 1, , , 2864.73700000000008, 1, , , 2864.73700000000008, 0
, , 2864.7409999999999854, 0, , , 2864.7409999999999854, 1, , , 2864.7409999999999854, 1, , , 2864.7409999999999854, 0
, , 2864.7460000000000946, 0, , , 2864.7460000000000946, 1, , , 2864.7460000000000946, 1, , , 2864.7460000000000946, 0
, , 2864.7510000000002037, 0, , , 2864.7510000000002037, 1, , , 2864.7510000000002037, 1, , , 2864.7510000000002037, 0
, , 2864.7559999999998581, 0, , , 2864.7559999999998581, 1, , , 2864.7559999999998581, 1, , , 2864.7559999999998581, 0
, , 2864.7609999999999673, 0, , , 2864.7609999999999673, 1, , , 2864.7609999999999673, 1, , , 2864.7609999999999673, 0
, , 2864.7660000000000764, 0, , , 2864.7660000000000764, 1, , , 2864.7660000000000764, 1, , , 2864.7660000000000764, 0
, , 2864.7710000000001855, 0, , , 2864.7710000000001855, 1, , , 2864.7710000000001855, 1, , , 2864.7710000000001855, 0
, , 2864.7759999999998399, 0, , , 2864.7759999999998399, 1, , , 2864.7759999999998399, 1, , , 2864.7759999999998399, 0
, , 2864.7809999999999491, 0, , , 2864.7809999999999491, 1, , , 2864.7809999999999491, 1, , , 2864.7809999999999491, 0
, , 2864.7869999999998072, 0, , , 2864.7869999999998072, 1, , , 2864.7869999999998072, 1, , , 2864.7869999999998072, 0
, , 2864.7910000000001673, 0, , , 2864.7910000000001673, 1, , , 2864.7910000000001673, 1, , , 2864.7910000000001673, 0
, , 2864.7959999999998217, 0, , , 2864.7959999999998217, 1, , , 2864.7959999999998217, 1, , , 2864.7959999999998217, 0
, , 2864.8020000000001346, 0, , , 2864.8020000000001346, 1, , , 2864.8020000000001346, 1, , , 2864.8020000000001346, 0
, , 2864.80600000000004, 0, , , 2864.80600000000004, 1, , , 2864.80600000000004, 1, , , 2864.80600000000004, 0
, , 2864.8110000000001492, 0, , , 2864.8110000000001492, 1, , , 2864.8110000000001492, 1, , , 2864.8110000000001492, 0
, , 2864.8159999999998035, 0, , , 2864.8159999999998035, 1, , , 2864.8159999999998035, 1, , , 2864.8159999999998035, 0
, , 2864.8209999999999127, 0, , , 2864.8209999999999127, 1, , , 2864.8209999999999127, 1, , , 2864.8209999999999127, 0
, , 2864.8260000000000218, 0, , , 2864.8260000000000218, 1, , , 2864.8260000000000218, 1, , , 2864.8260000000000218, 0
, , 2864.8319999999998799, 0, , , 2864.8319999999998799, 1, , , 2864.8319999999998799, 1, , , 2864.8319999999998799, 0
, , 2864.8359999999997854, 0, , , 2864.8359999999997854, 1, , , 2864.8359999999997854, 1, , , 2864.8359999999997854, 0
, , 2864.8420000000000982, 0, , , 2864.8420000000000982, 1, , , 2864.8420000000000982, 1, , , 2864.8420000000000982, 0
, , 2864.8449999999997999, 0, , , 2864.8449999999997999, 1, , , 2864.8449999999997999, 1, , , 2864.8449999999997999, 0
, , 2864.8530000000000655, 0, , , 2864.8530000000000655, 1, , , 2864.8530000000000655, 1, , , 2864.8530000000000655, 0
, , 2864.8560000000002219, 0, , , 2864.8560000000002219, 1, , , 2864.8560000000002219, 1, , , 2864.8560000000002219, 0
, , 2864.8609999999998763, 0, , , 2864.8609999999998763, 1, , , 2864.8609999999998763, 1, , , 2864.8609999999998763, 0
, , 2864.8659999999999854, 0, , , 2864.8659999999999854, 1, , , 2864.8659999999999854, 1, , , 2864.8659999999999854, 0
, , 2864.8719999999998436, 0, , , 2864.8719999999998436, 1, , , 2864.8719999999998436, 1, , , 2864.8719999999998436, 0
, , 2864.8760000000002037, 0, , , 2864.8760000000002037, 1, , , 2864.8760000000002037, 1, , , 2864.8760000000002037, 0
, , 2864.8829999999998108, 0, , , 2864.8829999999998108, 1, , , 2864.8829999999998108, 1, , , 2864.8829999999998108, 0
, , 2864.8859999999999673, 0, , , 2864.8859999999999673, 1, , , 2864.8859999999999673, 1, , , 2864.8859999999999673, 0
, , 2864.8910000000000764, 0, , , 2864.8910000000000764, 1, , , 2864.8910000000000764, 1, , , 2864.8910000000000764, 0
, , 2864.8960000000001855, 0, , , 2864.8960000000001855, 1, , , 2864.8960000000001855, 1, , , 2864.8960000000001855, 0
, , 2864.9020000000000437, 0, , , 2864.9020000000000437, 1, , , 2864.9020000000000437, 1, , , 2864.9020000000000437, 0
, , 2864.9059999999999491, 0, , , 2864.9059999999999491, 1, , , 2864.9059999999999491, 1, , , 2864.9059999999999491, 0
, , 2864.9110000000000582, 0, , , 2864.9110000000000582, 1, , , 2864.9110000000000582, 1, , , 2864.9110000000000582, 0
, , 2864.9160000000001673, 0, , , 2864.9160000000001673, 1, , , 2864.9160000000001673, 1, , , 2864.9160000000001673, 0
, , 2864.9209999999998217, 0, , , 2864.9209999999998217, 1, , , 2864.9209999999998217, 1, , , 2864.9209999999998217, 0
, , 2864.9259999999999309, 0, , , 2864.9259999999999309, 1, , , 2864.9259999999999309, 1, , , 2864.9259999999999309, 0
, , 2864.931999999999789, 0, , , 2864.931999999999789, 1, , , 2864.931999999999789, 1, , , 2864.931999999999789, 0
, , 2864.9360000000001492, 0, , , 2864.9360000000001492, 1, , , 2864.9360000000001492, 1, , , 2864.9360000000001492, 0
, , 2864.9409999999998035, 0, , , 2864.9409999999998035, 1, , , 2864.9409999999998035, 1, , , 2864.9409999999998035, 0
, , 2864.9470000000001164, 0, , , 2864.9470000000001164, 1, , , 2864.9470000000001164, 1, , , 2864.9470000000001164, 0
, , 2864.9520000000002256, 0, , , 2864.9520000000002256, 1, , , 2864.9520000000002256, 1, , , 2864.9520000000002256, 0
, , 2864.956000000000131, 0, , , 2864.956000000000131, 1, , , 2864.956000000000131, 1, , , 2864.956000000000131, 0
, , 2864.9609999999997854, 0, , , 2864.9609999999997854, 1, , , 2864.9609999999997854, 1, , , 2864.9609999999997854, 0
, , 2864.9659999999998945, 0, , , 2864.9659999999998945, 1, , , 2864.9659999999998945, 1, , , 2864.9659999999998945, 0
, , 2864.9710000000000036, 0, , , 2864.9710000000000036, 1, , , 2864.9710000000000036, 1, , , 2864.9710000000000036, 0
, , 2864.9760000000001128, 1, , , 2864.9760000000001128, 1, , , 2864.9760000000001128, 1, , , 2864.9760000000001128, 1
, , 2864.9810000000002219, 1, , , 2864.9810000000002219, 1, , , 2864.9810000000002219, 1, , , 2864.9810000000002219, 1
, , 2864.98700000000008, 1, , , 2864.98700000000008, 1, , , 2864.98700000000008, 1, , , 2864.98700000000008, 1
, , 2864.9909999999999854, 1, , , 2864.9909999999999854, 1, , , 2864.9909999999999854, 1, , , 2864.9909999999999854, 1
, , 2864.9960000000000946, 1, , , 2864.9960000000000946, 1, , , 2864.9960000000000946, 1, , , 2864.9960000000000946, 1
, , 2865.0019999999999527, 1, , , 2865.0019999999999527, 1, , , 2865.0019999999999527, 1, , , 2865.0019999999999527, 1
, , 2865.0070000000000618, 1, , , 2865.0070000000000618, 1, , , 2865.0070000000000618, 1, , , 2865.0070000000000618, 1
, , 2865.0109999999999673, 1, , , 2865.0109999999999673, 1, , , 2865.0109999999999673, 1, , , 2865.0109999999999673, 1
, , 2865.0169999999998254, 1, , , 2865.0169999999998254, 1, , , 2865.0169999999998254, 1, , , 2865.0169999999998254, 1
, , 2865.0210000000001855, 1, , , 2865.0210000000001855, 1, , , 2865.0210000000001855, 1, , , 2865.0210000000001855, 1
, , 2865.0270000000000437, 1, , , 2865.0270000000000437, 1, , , 2865.0270000000000437, 1, , , 2865.0270000000000437, 1
, , 2865.0309999999999491, 1, , , 2865.0309999999999491, 1, , , 2865.0309999999999491, 1, , , 2865.0309999999999491, 1
, , 2865.0360000000000582, 1, , , 2865.0360000000000582, 1, , , 2865.0360000000000582, 1, , , 2865.0360000000000582, 1
, , 2865.0410000000001673, 1, , , 2865.0410000000001673, 1, , , 2865.0410000000001673, 1, , , 2865.0410000000001673, 1
, , 2865.0479999999997744, 1, , , 2865.0479999999997744, 0, , , 2865.0479999999997744, 0, , , 2865.0479999999997744, 1
, , 2865.0509999999999309, 1, , , 2865.0509999999999309, 0, , , 2865.0509999999999309, 0, , , 2865.0509999999999309, 1
, , 2865.05600000000004, 1, , , 2865.05600000000004, 0, , , 2865.05600000000004, 0, , , 2865.05600000000004, 1
, , 2865.0610000000001492, 1, , , 2865.0610000000001492, 0, , , 2865.0610000000001492, 0, , , 2865.0610000000001492, 1
, , 2865.0659999999998035, 1, , , 2865.0659999999998035, 0, , , 2865.0659999999998035, 0, , , 2865.0659999999998035, 1
, , 2865.0709999999999127, 1, , , 2865.0709999999999127, 0, , , 2865.0709999999999127, 0, , , 2865.0709999999999127, 1
, , 2865.0760000000000218, 1, , , 2865.0760000000000218, 0, , , 2865.0760000000000218, 0, , , 2865.0760000000000218, 1
, , 2865.081000000000131, 1, , , 2865.081000000000131, 0, , , 2865.081000000000131, 0, , , 2865.081000000000131, 1
, , 2865.0859999999997854, 1, , , 2865.0859999999997854, 0, , , 2865.0859999999997854, 0, , , 2865.0859999999997854, 1
, , 2865.0909999999998945, 1, , , 2865.0909999999998945, 0, , , 2865.0909999999998945, 0, , , 2865.0909999999998945, 1
, , 2865.0970000000002074, 1, , , 2865.0970000000002074, 0, , , 2865.0970000000002074, 0, , , 2865.0970000000002074, 1
, , 2865.1019999999998618, 1, , , 2865.1019999999998618, 0, , , 2865.1019999999998618, 0, , , 2865.1019999999998618, 1
, , 2865.1060000000002219, 1, , , 2865.1060000000002219, 0, , , 2865.1060000000002219, 0, , , 2865.1060000000002219, 1
, , 2865.11200000000008, 1, , , 2865.11200000000008, 0, , , 2865.11200000000008, 0, , , 2865.11200000000008, 1
, , 2865.1159999999999854, 1, , , 2865.1159999999999854, 0, , , 2865.1159999999999854, 0, , , 2865.1159999999999854, 1
, , 2865.1210000000000946, 1, , , 2865.1210000000000946, 0, , , 2865.1210000000000946, 0, , , 2865.1210000000000946, 1
, , 2865.1260000000002037, 1, , , 2865.1260000000002037, 0, , , 2865.1260000000002037, 0, , , 2865.1260000000002037, 1
, , 2865.1309999999998581, 1, , , 2865.1309999999998581, 0, , , 2865.1309999999998581, 0, , , 2865.1309999999998581, 1
, , 2865.1359999999999673, 1, , , 2865.1359999999999673, 0, , , 2865.1359999999999673, 0, , , 2865.1359999999999673, 1
, , 2865.1410000000000764, 1, , , 2865.1410000000000764, 0, , , 2865.1410000000000764, 0, , , 2865.1410000000000764, 1
, , 2865.1460000000001855, 1, , , 2865.1460000000001855, 0, , , 2865.1460000000001855, 0, , , 2865.1460000000001855, 1
, , 2865.1520000000000437, 1, , , 2865.1520000000000437, 0, , , 2865.1520000000000437, 0, , , 2865.1520000000000437, 1
, , 2865.1559999999999491, 1, , , 2865.1559999999999491, 0, , , 2865.1559999999999491, 0, , , 2865.1559999999999491, 1
, , 2865.1610000000000582, 1, , , 2865.1610000000000582, 0, , , 2865.1610000000000582, 0, , , 2865.1610000000000582, 1
, , 2865.1660000000001673, 1, , , 2865.1660000000001673, 0, , , 2865.1660000000001673, 0, , , 2865.1660000000001673, 1
, , 2865.1709999999998217, 1, , , 2865.1709999999998217, 0, , , 2865.1709999999998217, 0, , , 2865.1709999999998217, 1
, , 2865.1779999999998836, 1, , , 2865.1779999999998836, 0, , , 2865.1779999999998836, 0, , , 2865.1779999999998836, 1
, , 2865.18100000000004, 1, , , 2865.18100000000004, 0, , , 2865.18100000000004, 0, , , 2865.18100000000004, 1
, , 2865.1860000000001492, 1, , , 2865.1860000000001492, 0, , , 2865.1860000000001492, 0, , , 2865.1860000000001492, 1
, , 2865.1920000000000073, 1, , , 2865.1920000000000073, 0, , , 2865.1920000000000073, 0, , , 2865.1920000000000073, 1
, , 2865.1959999999999127, 1, , , 2865.1959999999999127, 0, , , 2865.1959999999999127, 0, , , 2865.1959999999999127, 1
, , 2865.2020000000002256, 1, , , 2865.2020000000002256, 0, , , 2865.2020000000002256, 0, , , 2865.2020000000002256, 1
, , 2865.206000000000131, 1, , , 2865.206000000000131, 0, , , 2865.206000000000131, 0, , , 2865.206000000000131, 1
, , 2865.2119999999999891, 1, , , 2865.2119999999999891, 0, , , 2865.2119999999999891, 0, , , 2865.2119999999999891, 1
, , 2865.2170000000000982, 1, , , 2865.2170000000000982, 0, , , 2865.2170000000000982, 0, , , 2865.2170000000000982, 1
, , 2865.2210000000000036, 1, , , 2865.2210000000000036, 0, , , 2865.2210000000000036, 0, , , 2865.2210000000000036, 1
, , 2865.2260000000001128, 1, , , 2865.2260000000001128, 0, , , 2865.2260000000001128, 0, , , 2865.2260000000001128, 1
, , 2865.2310000000002219, 1, , , 2865.2310000000002219, 0, , , 2865.2310000000002219, 0, , , 2865.2310000000002219, 1
, , 2865.23700000000008, 1, , , 2865.23700000000008, 0, , , 2865.23700000000008, 0, , , 2865.23700000000008, 1
, , 2865.2409999999999854, 1, , , 2865.2409999999999854, 0, , , 2865.2409999999999854, 0, , , 2865.2409999999999854, 1
, , 2865.2469999999998436, 1, , , 2865.2469999999998436, 0, , , 2865.2469999999998436, 0, , , 2865.2469999999998436, 1
, , 2865.2519999999999527, 1, , , 2865.2519999999999527, 0, , , 2865.2519999999999527, 0, , , 2865.2519999999999527, 1
, , 2865.2559999999998581, 1, , , 2865.2559999999998581, 0, , , 2865.2559999999998581, 0, , , 2865.2559999999998581, 1
, , 2865.2609999999999673, 1, , , 2865.2609999999999673, 0, , , 2865.2609999999999673, 0, , , 2865.2609999999999673, 1
, , 2865.2660000000000764, 1, , , 2865.2660000000000764, 0, , , 2865.2660000000000764, 0, , , 2865.2660000000000764, 1
, , 2865.2710000000001855, 1, , , 2865.2710000000001855, 0, , , 2865.2710000000001855, 0, , , 2865.2710000000001855, 1
, , 2865.2759999999998399, 1, , , 2865.2759999999998399, 0, , , 2865.2759999999998399, 0, , , 2865.2759999999998399, 1
, , 2865.2809999999999491, 1, , , 2865.2809999999999491, 0, , , 2865.2809999999999491, 0, , , 2865.2809999999999491, 1
, , 2865.2869999999998072, 1, , , 2865.2869999999998072, 0, , , 2865.2869999999998072, 0, , , 2865.2869999999998072, 1
, , 2865.2910000000001673, 1, , , 2865.2910000000001673, 0, , , 2865.2910000000001673, 0, , , 2865.2910000000001673, 1
, , 2865.2950000000000728, 1, , , 2865.2950000000000728, 0, , , 2865.2950000000000728, 0, , , 2865.2950000000000728, 1
, , 2865.3009999999999309, 1, , , 2865.3009999999999309, 1, , , 2865.3009999999999309, 1, , , 2865.3009999999999309, 1
, , 2865.30600000000004, 1, , , 2865.30600000000004, 1, , , 2865.30600000000004, 1, , , 2865.30600000000004, 1
, , 2865.3110000000001492, 1, , , 2865.3110000000001492, 1, , , 2865.3110000000001492, 1, , , 2865.3110000000001492, 1
, , 2865.3159999999998035, 1, , , 2865.3159999999998035, 1, , , 2865.3159999999998035, 1, , , 2865.3159999999998035, 1
, , 2865.3209999999999127, 1, , , 2865.3209999999999127, 1, , , 2865.3209999999999127, 1, , , 2865.3209999999999127, 1
, , 2865.3260000000000218, 1, , , 2865.3260000000000218, 1, , , 2865.3260000000000218, 1, , , 2865.3260000000000218, 1
, , 2865.331000000000131, 1, , , 2865.331000000000131, 1, , , 2865.331000000000131, 1, , , 2865.331000000000131, 1
, , 2865.3359999999997854, 1, , , 2865.3359999999997854, 1, , , 2865.3359999999997854, 1, , , 2865.3359999999997854, 1
, , 2865.3420000000000982, 1, , , 2865.3420000000000982, 1, , , 2865.3420000000000982, 1, , , 2865.3420000000000982, 1
, , 2865.3460000000000036, 1, , , 2865.3460000000000036, 1, , , 2865.3460000000000036, 1, , , 2865.3460000000000036, 1
, , 2865.3510000000001128, 1, , , 2865.3510000000001128, 1, , , 2865.3510000000001128, 1, , , 2865.3510000000001128, 1
, , 2865.3560000000002219, 1, , , 2865.3560000000002219, 1, , , 2865.3560000000002219, 1, , , 2865.3560000000002219, 1
, , 2865.36200000000008, 1, , , 2865.36200000000008, 1, , , 2865.36200000000008, 1, , , 2865.36200000000008, 1
, , 2865.3659999999999854, 1, , , 2865.3659999999999854, 1, , , 2865.3659999999999854, 1, , , 2865.3659999999999854, 1
, , 2865.3710000000000946, 1, , , 2865.3710000000000946, 1, , , 2865.3710000000000946, 1, , , 2865.3710000000000946, 1
, , 2865.3760000000002037, 0, , , 2865.3760000000002037, 1, , , 2865.3760000000002037, 1, , , 2865.3760000000002037, 0
, , 2865.3809999999998581, 0, , , 2865.3809999999998581, 1, , , 2865.3809999999998581, 1, , , 2865.3809999999998581, 0
, , 2865.387000000000171, 0, , , 2865.387000000000171, 1, , , 2865.387000000000171, 1, , , 2865.387000000000171, 0
, , 2865.3910000000000764, 0, , , 2865.3910000000000764, 1, , , 2865.3910000000000764, 1, , , 2865.3910000000000764, 0
, , 2865.3969999999999345, 0, , , 2865.3969999999999345, 1, , , 2865.3969999999999345, 1, , , 2865.3969999999999345, 0
, , 2865.4009999999998399, 0, , , 2865.4009999999998399, 1, , , 2865.4009999999998399, 1, , , 2865.4009999999998399, 0
, , 2865.4059999999999491, 0, , , 2865.4059999999999491, 1, , , 2865.4059999999999491, 1, , , 2865.4059999999999491, 0
, , 2865.4110000000000582, 0, , , 2865.4110000000000582, 1, , , 2865.4110000000000582, 1, , , 2865.4110000000000582, 0
, , 2865.4160000000001673, 0, , , 2865.4160000000001673, 1, , , 2865.4160000000001673, 1, , , 2865.4160000000001673, 0
, , 2865.4209999999998217, 0, , , 2865.4209999999998217, 1, , , 2865.4209999999998217, 1, , , 2865.4209999999998217, 0
, , 2865.4259999999999309, 0, , , 2865.4259999999999309, 1, , , 2865.4259999999999309, 1, , , 2865.4259999999999309, 0
, , 2865.43100000000004, 0, , , 2865.43100000000004, 1, , , 2865.43100000000004, 1, , , 2865.43100000000004, 0
, , 2865.4369999999998981, 0, , , 2865.4369999999998981, 1, , , 2865.4369999999998981, 1, , , 2865.4369999999998981, 0
, , 2865.4409999999998035, 0, , , 2865.4409999999998035, 1, , , 2865.4409999999998035, 1, , , 2865.4409999999998035, 0
, , 2865.4459999999999127, 0, , , 2865.4459999999999127, 1, , , 2865.4459999999999127, 1, , , 2865.4459999999999127, 0
, , 2865.4529999999999745, 0, , , 2865.4529999999999745, 1, , , 2865.4529999999999745, 1, , , 2865.4529999999999745, 0
, , 2865.456000000000131, 0, , , 2865.456000000000131, 1, , , 2865.456000000000131, 1, , , 2865.456000000000131, 0
, , 2865.4619999999999891, 0, , , 2865.4619999999999891, 1, , , 2865.4619999999999891, 1, , , 2865.4619999999999891, 0
, , 2865.4659999999998945, 0, , , 2865.4659999999998945, 1, , , 2865.4659999999998945, 1, , , 2865.4659999999998945, 0
, , 2865.4710000000000036, 0, , , 2865.4710000000000036, 1, , , 2865.4710000000000036, 1, , , 2865.4710000000000036, 0
, , 2865.4760000000001128, 0, , , 2865.4760000000001128, 1, , , 2865.4760000000001128, 1, , , 2865.4760000000001128, 0
, , 2865.4810000000002219, 0, , , 2865.4810000000002219, 1, , , 2865.4810000000002219, 1, , , 2865.4810000000002219, 0
, , 2865.4850000000001273, 0, , , 2865.4850000000001273, 1, , , 2865.4850000000001273, 1, , , 2865.4850000000001273, 0
, , 2865.4909999999999854, 0, , , 2865.4909999999999854, 1, , , 2865.4909999999999854, 1, , , 2865.4909999999999854, 0
, , 2865.4969999999998436, 0, , , 2865.4969999999998436, 1, , , 2865.4969999999998436, 1, , , 2865.4969999999998436, 0
, , 2865.5010000000002037, 0, , , 2865.5010000000002037, 1, , , 2865.5010000000002037, 1, , , 2865.5010000000002037, 0
, , 2865.5059999999998581, 0, , , 2865.5059999999998581, 1, , , 2865.5059999999998581, 1, , , 2865.5059999999998581, 0
, , 2865.5109999999999673, 0, , , 2865.5109999999999673, 1, , , 2865.5109999999999673, 1, , , 2865.5109999999999673, 0
, , 2865.5160000000000764, 0, , , 2865.5160000000000764, 1, , , 2865.5160000000000764, 1, , , 2865.5160000000000764, 0
, , 2865.5210000000001855, 0, , , 2865.5210000000001855, 1, , , 2865.5210000000001855, 1, , , 2865.5210000000001855, 0
, , 2865.5259999999998399, 0, , , 2865.5259999999998399, 1, , , 2865.5259999999998399, 1, , , 2865.5259999999998399, 0
, , 2865.5320000000001528, 0, , , 2865.5320000000001528, 1, , , 2865.5320000000001528, 1, , , 2865.5320000000001528, 0
, , 2865.5369999999998072, 0, , , 2865.5369999999998072, 1, , , 2865.5369999999998072, 1, , , 2865.5369999999998072, 0
, , 2865.5410000000001673, 0, , , 2865.5410000000001673, 1, , , 2865.5410000000001673, 1, , , 2865.5410000000001673, 0
, , 2865.5459999999998217, 0, , , 2865.5459999999998217, 1, , , 2865.5459999999998217, 1, , , 2865.5459999999998217, 0
, , 2865.5509999999999309, 0, , , 2865.5509999999999309, 1, , , 2865.5509999999999309, 1, , , 2865.5509999999999309, 0
, , 2865.556999999999789, 0, , , 2865.556999999999789, 1, , , 2865.556999999999789, 1, , , 2865.556999999999789, 0
, , 2865.5599999999999454, 0, , , 2865.5599999999999454, 1, , , 2865.5599999999999454, 1, , , 2865.5599999999999454, 0
, , 2865.5659999999998035, 0, , , 2865.5659999999998035, 1, , , 2865.5659999999998035, 1, , , 2865.5659999999998035, 0
, , 2865.5709999999999127, 0, , , 2865.5709999999999127, 1, , , 2865.5709999999999127, 1, , , 2865.5709999999999127, 0
, , 2865.5760000000000218, 0, , , 2865.5760000000000218, 1, , , 2865.5760000000000218, 1, , , 2865.5760000000000218, 0
, , 2865.5799999999999272, 0, , , 2865.5799999999999272, 1, , , 2865.5799999999999272, 1, , , 2865.5799999999999272, 0
, , 2865.5869999999999891, 0, , , 2865.5869999999999891, 1, , , 2865.5869999999999891, 1, , , 2865.5869999999999891, 0
, , 2865.5909999999998945, 0, , , 2865.5909999999998945, 1, , , 2865.5909999999998945, 1, , , 2865.5909999999998945, 0
, , 2865.5960000000000036, 0, , , 2865.5960000000000036, 1, , , 2865.5960000000000036, 1, , , 2865.5960000000000036, 0
, , 2865.6010000000001128, 0, , , 2865.6010000000001128, 1, , , 2865.6010000000001128, 1, , , 2865.6010000000001128, 0
, , 2865.6060000000002219, 0, , , 2865.6060000000002219, 1, , , 2865.6060000000002219, 1, , , 2865.6060000000002219, 0
, , 2865.6109999999998763, 0, , , 2865.6109999999998763, 1, , , 2865.6109999999998763, 1, , , 2865.6109999999998763, 0
, , 2865.6159999999999854, 0, , , 2865.6159999999999854, 1, , , 2865.6159999999999854, 1, , , 2865.6159999999999854, 0
, , 2865.6210000000000946, 0, , , 2865.6210000000000946, 1, , , 2865.6210000000000946, 1, , , 2865.6210000000000946, 0
, , 2865.6260000000002037, 1, , , 2865.6260000000002037, 1, , , 2865.6260000000002037, 1, , , 2865.6260000000002037, 1
, , 2865.6309999999998581, 1, , , 2865.6309999999998581, 1, , , 2865.6309999999998581, 1, , , 2865.6309999999998581, 1
, , 2865.637000000000171, 1, , , 2865.637000000000171, 1, , , 2865.637000000000171, 1, , , 2865.637000000000171, 1
, , 2865.6410000000000764, 1, , , 2865.6410000000000764, 1, , , 2865.6410000000000764, 1, , , 2865.6410000000000764, 1
, , 2865.6460000000001855, 1, , , 2865.6460000000001855, 1, , , 2865.6460000000001855, 1, , , 2865.6460000000001855, 1
, , 2865.6509999999998399, 1, , , 2865.6509999999998399, 1, , , 2865.6509999999998399, 1, , , 2865.6509999999998399, 1
, , 2865.6559999999999491, 1, , , 2865.6559999999999491, 1, , , 2865.6559999999999491, 1, , , 2865.6559999999999491, 1
, , 2865.6610000000000582, 1, , , 2865.6610000000000582, 1, , , 2865.6610000000000582, 1, , , 2865.6610000000000582, 1
, , 2865.6669999999999163, 1, , , 2865.6669999999999163, 1, , , 2865.6669999999999163, 1, , , 2865.6669999999999163, 1
, , 2865.6709999999998217, 1, , , 2865.6709999999998217, 1, , , 2865.6709999999998217, 1, , , 2865.6709999999998217, 1
, , 2865.6770000000001346, 1, , , 2865.6770000000001346, 1, , , 2865.6770000000001346, 1, , , 2865.6770000000001346, 1
, , 2865.68100000000004, 1, , , 2865.68100000000004, 1, , , 2865.68100000000004, 1, , , 2865.68100000000004, 1
, , 2865.6869999999998981, 1, , , 2865.6869999999998981, 1, , , 2865.6869999999998981, 1, , , 2865.6869999999998981, 1
, , 2865.6909999999998035, 1, , , 2865.6909999999998035, 1, , , 2865.6909999999998035, 1, , , 2865.6909999999998035, 1
, , 2865.6959999999999127, 1, , , 2865.6959999999999127, 1, , , 2865.6959999999999127, 1, , , 2865.6959999999999127, 1
, , 2865.7010000000000218, 1, , , 2865.7010000000000218, 1, , , 2865.7010000000000218, 1, , , 2865.7010000000000218, 1
, , 2865.706000000000131, 1, , , 2865.706000000000131, 1, , , 2865.706000000000131, 1, , , 2865.706000000000131, 1
, , 2865.7109999999997854, 1, , , 2865.7109999999997854, 1, , , 2865.7109999999997854, 1, , , 2865.7109999999997854, 1
, , 2865.7159999999998945, 1, , , 2865.7159999999998945, 1, , , 2865.7159999999998945, 1, , , 2865.7159999999998945, 1
, , 2865.7220000000002074, 1, , , 2865.7220000000002074, 1, , , 2865.7220000000002074, 1, , , 2865.7220000000002074, 1
, , 2865.7269999999998618, 1, , , 2865.7269999999998618, 1, , , 2865.7269999999998618, 1, , , 2865.7269999999998618, 1
, , 2865.7310000000002219, 1, , , 2865.7310000000002219, 1, , , 2865.7310000000002219, 1, , , 2865.7310000000002219, 1
, , 2865.7359999999998763, 1, , , 2865.7359999999998763, 1, , , 2865.7359999999998763, 1, , , 2865.7359999999998763, 1
, , 2865.7399999999997817, 1, , , 2865.7399999999997817, 1, , , 2865.7399999999997817, 1, , , 2865.7399999999997817, 1
, , 2865.7460000000000946, 1, , , 2865.7460000000000946, 1, , , 2865.7460000000000946, 1, , , 2865.7460000000000946, 1
, , 2865.7510000000002037, 1, , , 2865.7510000000002037, 1, , , 2865.7510000000002037, 1, , , 2865.7510000000002037, 1
, , 2865.7559999999998581, 1, , , 2865.7559999999998581, 1, , , 2865.7559999999998581, 1, , , 2865.7559999999998581, 1
, , 2865.7609999999999673, 1, , , 2865.7609999999999673, 1, , , 2865.7609999999999673, 1, , , 2865.7609999999999673, 1
, , 2865.7660000000000764, 1, , , 2865.7660000000000764, 1, , , 2865.7660000000000764, 1, , , 2865.7660000000000764, 1
, , 2865.7710000000001855, 1, , , 2865.7710000000001855, 1, , , 2865.7710000000001855, 1, , , 2865.7710000000001855, 1
, , 2865.7770000000000437, 1, , , 2865.7770000000000437, 1, , , 2865.7770000000000437, 1, , , 2865.7770000000000437, 1
, , 2865.7829999999999018, 1, , , 2865.7829999999999018, 1, , , 2865.7829999999999018, 1, , , 2865.7829999999999018, 1
, , 2865.7869999999998072, 1, , , 2865.7869999999998072, 1, , , 2865.7869999999998072, 1, , , 2865.7869999999998072, 1
, , 2865.7910000000001673, 1, , , 2865.7910000000001673, 1, , , 2865.7910000000001673, 1, , , 2865.7910000000001673, 1
, , 2865.7959999999998217, 1, , , 2865.7959999999998217, 1, , , 2865.7959999999998217, 1, , , 2865.7959999999998217, 1
, , 2865.8009999999999309, 1, , , 2865.8009999999999309, 1, , , 2865.8009999999999309, 1, , , 2865.8009999999999309, 1
, , 2865.80600000000004, 1, , , 2865.80600000000004, 1, , , 2865.80600000000004, 1, , , 2865.80600000000004, 1
, , 2865.8119999999998981, 1, , , 2865.8119999999998981, 1, , , 2865.8119999999998981, 1, , , 2865.8119999999998981, 1
, , 2865.8159999999998035, 1, , , 2865.8159999999998035, 1, , , 2865.8159999999998035, 1, , , 2865.8159999999998035, 1
, , 2865.8209999999999127, 1, , , 2865.8209999999999127, 1, , , 2865.8209999999999127, 1, , , 2865.8209999999999127, 1
, , 2865.8270000000002256, 1, , , 2865.8270000000002256, 1, , , 2865.8270000000002256, 1, , , 2865.8270000000002256, 1
, , 2865.831000000000131, 1, , , 2865.831000000000131, 1, , , 2865.831000000000131, 1, , , 2865.831000000000131, 1
, , 2865.8359999999997854, 1, , , 2865.8359999999997854, 1, , , 2865.8359999999997854, 1, , , 2865.8359999999997854, 1
, , 2865.8409999999998945, 1, , , 2865.8409999999998945, 1, , , 2865.8409999999998945, 1, , , 2865.8409999999998945, 1
, , 2865.8460000000000036, 1, , , 2865.8460000000000036, 1, , , 2865.8460000000000036, 1, , , 2865.8460000000000036, 1
, , 2865.8510000000001128, 1, , , 2865.8510000000001128, 1, , , 2865.8510000000001128, 1, , , 2865.8510000000001128, 1
, , 2865.8560000000002219, 1, , , 2865.8560000000002219, 1, , , 2865.8560000000002219, 1, , , 2865.8560000000002219, 1
, , 2865.8609999999998763, 1, , , 2865.8609999999998763, 1, , , 2865.8609999999998763, 1, , , 2865.8609999999998763, 1
, , 2865.8659999999999854, 1, , , 2865.8659999999999854, 1, , , 2865.8659999999999854, 1, , , 2865.8659999999999854, 1
, , 2865.8710000000000946, 1, , , 2865.8710000000000946, 1, , , 2865.8710000000000946, 1, , , 2865.8710000000000946, 1
, , 2865.8760000000002037, 1, , , 2865.8760000000002037, 1, , , 2865.8760000000002037, 1, , , 2865.8760000000002037, 1
, , 2865.8809999999998581, 1, , , 2865.8809999999998581, 1, , , 2865.8809999999998581, 1, , , 2865.8809999999998581, 1
, , 2865.8859999999999673, 1, , , 2865.8859999999999673, 1, , , 2865.8859999999999673, 1, , , 2865.8859999999999673, 1
, , 2865.8910000000000764, 1, , , 2865.8910000000000764, 1, , , 2865.8910000000000764, 1, , , 2865.8910000000000764, 1
, , 2865.8960000000001855, 1, , , 2865.8960000000001855, 1, , , 2865.8960000000001855, 1, , , 2865.8960000000001855, 1
, , 2865.9009999999998399, 1, , , 2865.9009999999998399, 1, , , 2865.9009999999998399, 1, , , 2865.9009999999998399, 1
, , 2865.9059999999999491, 1, , , 2865.9059999999999491, 1, , , 2865.9059999999999491, 1, , , 2865.9059999999999491, 1
, , 2865.9119999999998072, 1, , , 2865.9119999999998072, 1, , , 2865.9119999999998072, 1, , , 2865.9119999999998072, 1
, , 2865.9180000000001201, 1, , , 2865.9180000000001201, 1, , , 2865.9180000000001201, 1, , , 2865.9180000000001201, 1
, , 2865.9209999999998217, 1, , , 2865.9209999999998217, 1, , , 2865.9209999999998217, 1, , , 2865.9209999999998217, 1
, , 2865.9259999999999309, 1, , , 2865.9259999999999309, 1, , , 2865.9259999999999309, 1, , , 2865.9259999999999309, 1
, , 2865.931999999999789, 1, , , 2865.931999999999789, 1, , , 2865.931999999999789, 1, , , 2865.931999999999789, 1
, , 2865.9349999999999454, 1, , , 2865.9349999999999454, 1, , , 2865.9349999999999454, 1, , , 2865.9349999999999454, 1
, , 2865.9420000000000073, 1, , , 2865.9420000000000073, 1, , , 2865.9420000000000073, 1, , , 2865.9420000000000073, 1
, , 2865.9470000000001164, 1, , , 2865.9470000000001164, 1, , , 2865.9470000000001164, 1, , , 2865.9470000000001164, 1
, , 2865.9499999999998181, 1, , , 2865.9499999999998181, 1, , , 2865.9499999999998181, 1, , , 2865.9499999999998181, 1
, , 2865.956000000000131, 1, , , 2865.956000000000131, 1, , , 2865.956000000000131, 1, , , 2865.956000000000131, 1
, , 2865.9609999999997854, 1, , , 2865.9609999999997854, 1, , , 2865.9609999999997854, 1, , , 2865.9609999999997854, 1
, , 2865.9659999999998945, 1, , , 2865.9659999999998945, 1, , , 2865.9659999999998945, 1, , , 2865.9659999999998945, 1
, , 2865.9720000000002074, 1, , , 2865.9720000000002074, 1, , , 2865.9720000000002074, 1, , , 2865.9720000000002074, 1
, , 2865.9760000000001128, 1, , , 2865.9760000000001128, 1, , , 2865.9760000000001128, 1, , , 2865.9760000000001128, 1
, , 2865.9810000000002219, 1, , , 2865.9810000000002219, 1, , , 2865.9810000000002219, 1, , , 2865.9810000000002219, 1
, , 2865.98700000000008, 1, , , 2865.98700000000008, 1, , , 2865.98700000000008, 1, , , 2865.98700000000008, 1
, , 2865.9909999999999854, 1, , , 2865.9909999999999854, 1, , , 2865.9909999999999854, 1, , , 2865.9909999999999854, 1
, , 2865.9960000000000946, 1, , , 2865.9960000000000946, 1, , , 2865.9960000000000946, 1, , , 2865.9960000000000946, 1
, , 2866.0010000000002037, 1, , , 2866.0010000000002037, 1, , , 2866.0010000000002037, 1, , , 2866.0010000000002037, 1
, , 2866.0059999999998581, 1, , , 2866.0059999999998581, 1, , , 2866.0059999999998581, 1, , , 2866.0059999999998581, 1
, , 2866.0109999999999673, 1, , , 2866.0109999999999673, 1, , , 2866.0109999999999673, 1, , , 2866.0109999999999673, 1
, , 2866.0169999999998254, 1, , , 2866.0169999999998254, 1, , , 2866.0169999999998254, 1, , , 2866.0169999999998254, 1
, , 2866.0219999999999345, 1, , , 2866.0219999999999345, 1, , , 2866.0219999999999345, 1, , , 2866.0219999999999345, 1
, , 2866.0259999999998399, 1, , , 2866.0259999999998399, 1, , , 2866.0259999999998399, 1, , , 2866.0259999999998399, 1
, , 2866.0309999999999491, 1, , , 2866.0309999999999491, 1, , , 2866.0309999999999491, 1, , , 2866.0309999999999491, 1
, , 2866.0369999999998072, 1, , , 2866.0369999999998072, 1, , , 2866.0369999999998072, 1, , , 2866.0369999999998072, 1
, , 2866.043999999999869, 1, , , 2866.043999999999869, 1, , , 2866.043999999999869, 1, , , 2866.043999999999869, 1
, , 2866.0459999999998217, 1, , , 2866.0459999999998217, 1, , , 2866.0459999999998217, 1, , , 2866.0459999999998217, 1
, , 2866.0509999999999309, 1, , , 2866.0509999999999309, 1, , , 2866.0509999999999309, 1, , , 2866.0509999999999309, 1
, , 2866.056999999999789, 1, , , 2866.056999999999789, 1, , , 2866.056999999999789, 1, , , 2866.056999999999789, 1
, , 2866.0610000000001492, 1, , , 2866.0610000000001492, 1, , , 2866.0610000000001492, 1, , , 2866.0610000000001492, 1
, , 2866.0659999999998035, 1, , , 2866.0659999999998035, 1, , , 2866.0659999999998035, 1, , , 2866.0659999999998035, 1
, , 2866.0720000000001164, 1, , , 2866.0720000000001164, 1, , , 2866.0720000000001164, 1, , , 2866.0720000000001164, 1
, , 2866.0760000000000218, 1, , , 2866.0760000000000218, 1, , , 2866.0760000000000218, 1, , , 2866.0760000000000218, 1
, , 2866.081000000000131, 1, , , 2866.081000000000131, 1, , , 2866.081000000000131, 1, , , 2866.081000000000131, 1
, , 2866.0859999999997854, 1, , , 2866.0859999999997854, 1, , , 2866.0859999999997854, 1, , , 2866.0859999999997854, 1
, , 2866.0909999999998945, 1, , , 2866.0909999999998945, 1, , , 2866.0909999999998945, 1, , , 2866.0909999999998945, 1
, , 2866.0979999999999563, 1, , , 2866.0979999999999563, 1, , , 2866.0979999999999563, 1, , , 2866.0979999999999563, 1
, , 2866.0999999999999091, 1, , , 2866.0999999999999091, 1, , , 2866.0999999999999091, 1, , , 2866.0999999999999091, 1
, , 2866.1069999999999709, 1, , , 2866.1069999999999709, 1, , , 2866.1069999999999709, 1, , , 2866.1069999999999709, 1
, , 2866.1109999999998763, 1, , , 2866.1109999999998763, 1, , , 2866.1109999999998763, 1, , , 2866.1109999999998763, 1
, , 2866.1159999999999854, 1, , , 2866.1159999999999854, 1, , , 2866.1159999999999854, 1, , , 2866.1159999999999854, 1
, , 2866.1199999999998909, 1, , , 2866.1199999999998909, 1, , , 2866.1199999999998909, 1, , , 2866.1199999999998909, 1
, , 2866.1260000000002037, 1, , , 2866.1260000000002037, 1, , , 2866.1260000000002037, 1, , , 2866.1260000000002037, 1
, , 2866.1309999999998581, 1, , , 2866.1309999999998581, 1, , , 2866.1309999999998581, 1, , , 2866.1309999999998581, 1
, , 2866.1359999999999673, 1, , , 2866.1359999999999673, 1, , , 2866.1359999999999673, 1, , , 2866.1359999999999673, 1
, , 2866.1419999999998254, 1, , , 2866.1419999999998254, 1, , , 2866.1419999999998254, 1, , , 2866.1419999999998254, 1
, , 2866.1460000000001855, 1, , , 2866.1460000000001855, 1, , , 2866.1460000000001855, 1, , , 2866.1460000000001855, 1
, , 2866.1509999999998399, 1, , , 2866.1509999999998399, 1, , , 2866.1509999999998399, 1, , , 2866.1509999999998399, 1
, , 2866.1559999999999491, 1, , , 2866.1559999999999491, 1, , , 2866.1559999999999491, 1, , , 2866.1559999999999491, 1
, , 2866.1619999999998072, 1, , , 2866.1619999999998072, 1, , , 2866.1619999999998072, 1, , , 2866.1619999999998072, 1
, , 2866.1660000000001673, 1, , , 2866.1660000000001673, 1, , , 2866.1660000000001673, 1, , , 2866.1660000000001673, 1
, , 2866.1709999999998217, 1, , , 2866.1709999999998217, 1, , , 2866.1709999999998217, 1, , , 2866.1709999999998217, 1
, , 2866.1759999999999309, 1, , , 2866.1759999999999309, 1, , , 2866.1759999999999309, 1, , , 2866.1759999999999309, 1
, , 2866.18100000000004, 1, , , 2866.18100000000004, 1, , , 2866.18100000000004, 1, , , 2866.18100000000004, 1
, , 2866.1860000000001492, 1, , , 2866.1860000000001492, 1, , , 2866.1860000000001492, 1, , , 2866.1860000000001492, 1
, , 2866.1920000000000073, 1, , , 2866.1920000000000073, 1, , , 2866.1920000000000073, 1, , , 2866.1920000000000073, 1
, , 2866.1959999999999127, 1, , , 2866.1959999999999127, 1, , , 2866.1959999999999127, 1, , , 2866.1959999999999127, 1
, , 2866.2010000000000218, 1, , , 2866.2010000000000218, 1, , , 2866.2010000000000218, 1, , , 2866.2010000000000218, 1
, , 2866.206000000000131, 1, , , 2866.206000000000131, 1, , , 2866.206000000000131, 1, , , 2866.206000000000131, 1
, , 2866.2109999999997854, 1, , , 2866.2109999999997854, 1, , , 2866.2109999999997854, 1, , , 2866.2109999999997854, 1
, , 2866.2159999999998945, 1, , , 2866.2159999999998945, 1, , , 2866.2159999999998945, 1, , , 2866.2159999999998945, 1
, , 2866.2210000000000036, 1, , , 2866.2210000000000036, 1, , , 2866.2210000000000036, 1, , , 2866.2210000000000036, 1
, , 2866.2269999999998618, 1, , , 2866.2269999999998618, 1, , , 2866.2269999999998618, 1, , , 2866.2269999999998618, 1
, , 2866.2310000000002219, 1, , , 2866.2310000000002219, 1, , , 2866.2310000000002219, 1, , , 2866.2310000000002219, 1
, , 2866.2359999999998763, 1, , , 2866.2359999999998763, 1, , , 2866.2359999999998763, 1, , , 2866.2359999999998763, 1
, , 2866.2359999999998763, 1, , , 2866.2359999999998763, 1, , , 2866.2359999999998763, 1, , , 2866.2359999999998763, 1
, , 2866.2480000000000473, 1, , , 2866.2480000000000473, 1, , , 2866.2480000000000473, 1, , , 2866.2480000000000473, 1
, , 2866.2510000000002037, 1, , , 2866.2510000000002037, 1, , , 2866.2510000000002037, 1, , , 2866.2510000000002037, 1
, , 2866.2559999999998581, 1, , , 2866.2559999999998581, 1, , , 2866.2559999999998581, 1, , , 2866.2559999999998581, 1
, , 2866.2609999999999673, 1, , , 2866.2609999999999673, 1, , , 2866.2609999999999673, 1, , , 2866.2609999999999673, 1
, , 2866.2669999999998254, 1, , , 2866.2669999999998254, 1, , , 2866.2669999999998254, 1, , , 2866.2669999999998254, 1
, , 2866.2710000000001855, 1, , , 2866.2710000000001855, 1, , , 2866.2710000000001855, 1, , , 2866.2710000000001855, 1
, , 2866.2770000000000437, 1, , , 2866.2770000000000437, 1, , , 2866.2770000000000437, 1, , , 2866.2770000000000437, 1
, , 2866.2820000000001528, 1, , , 2866.2820000000001528, 1, , , 2866.2820000000001528, 1, , , 2866.2820000000001528, 1
, , 2866.2869999999998072, 1, , , 2866.2869999999998072, 1, , , 2866.2869999999998072, 1, , , 2866.2869999999998072, 1
, , 2866.2910000000001673, 1, , , 2866.2910000000001673, 1, , , 2866.2910000000001673, 1, , , 2866.2910000000001673, 1
, , 2866.2959999999998217, 1, , , 2866.2959999999998217, 1, , , 2866.2959999999998217, 1, , , 2866.2959999999998217, 1
, , 2866.3009999999999309, 1, , , 2866.3009999999999309, 1, , , 2866.3009999999999309, 1, , , 2866.3009999999999309, 1
, , 2866.30600000000004, 1, , , 2866.30600000000004, 1, , , 2866.30600000000004, 1, , , 2866.30600000000004, 1
, , 2866.3110000000001492, 1, , , 2866.3110000000001492, 1, , , 2866.3110000000001492, 1, , , 2866.3110000000001492, 1
, , 2866.3159999999998035, 1, , , 2866.3159999999998035, 1, , , 2866.3159999999998035, 1, , , 2866.3159999999998035, 1
, , 2866.3209999999999127, 1, , , 2866.3209999999999127, 1, , , 2866.3209999999999127, 1, , , 2866.3209999999999127, 1
, , 2866.3279999999999745, 1, , , 2866.3279999999999745, 1, , , 2866.3279999999999745, 1, , , 2866.3279999999999745, 1
, , 2866.331000000000131, 1, , , 2866.331000000000131, 1, , , 2866.331000000000131, 1, , , 2866.331000000000131, 1
, , 2866.3359999999997854, 1, , , 2866.3359999999997854, 1, , , 2866.3359999999997854, 1, , , 2866.3359999999997854, 1
, , 2866.3420000000000982, 1, , , 2866.3420000000000982, 1, , , 2866.3420000000000982, 1, , , 2866.3420000000000982, 1
, , 2866.3460000000000036, 1, , , 2866.3460000000000036, 1, , , 2866.3460000000000036, 1, , , 2866.3460000000000036, 1
, , 2866.3510000000001128, 1, , , 2866.3510000000001128, 1, , , 2866.3510000000001128, 1, , , 2866.3510000000001128, 1
, , 2866.3560000000002219, 1, , , 2866.3560000000002219, 1, , , 2866.3560000000002219, 1, , , 2866.3560000000002219, 1
, , 2866.3600000000001273, 1, , , 2866.3600000000001273, 1, , , 2866.3600000000001273, 1, , , 2866.3600000000001273, 1
, , 2866.3649999999997817, 1, , , 2866.3649999999997817, 1, , , 2866.3649999999997817, 1, , , 2866.3649999999997817, 1
, , 2866.3710000000000946, 1, , , 2866.3710000000000946, 1, , , 2866.3710000000000946, 1, , , 2866.3710000000000946, 1
, , 2866.3760000000002037, 1, , , 2866.3760000000002037, 1, , , 2866.3760000000002037, 1, , , 2866.3760000000002037, 1
, , 2866.3809999999998581, 1, , , 2866.3809999999998581, 1, , , 2866.3809999999998581, 1, , , 2866.3809999999998581, 1
, , 2866.387000000000171, 1, , , 2866.387000000000171, 1, , , 2866.387000000000171, 1, , , 2866.387000000000171, 1
, , 2866.3910000000000764, 1, , , 2866.3910000000000764, 1, , , 2866.3910000000000764, 1, , , 2866.3910000000000764, 1
, , 2866.3969999999999345, 1, , , 2866.3969999999999345, 1, , , 2866.3969999999999345, 1, , , 2866.3969999999999345, 1
, , 2866.4020000000000437, 1, , , 2866.4020000000000437, 1, , , 2866.4020000000000437, 1, , , 2866.4020000000000437, 1
, , 2866.4059999999999491, 1, , , 2866.4059999999999491, 1, , , 2866.4059999999999491, 1, , , 2866.4059999999999491, 1
, , 2866.4110000000000582, 1, , , 2866.4110000000000582, 1, , , 2866.4110000000000582, 1, , , 2866.4110000000000582, 1
, , 2866.4169999999999163, 1, , , 2866.4169999999999163, 1, , , 2866.4169999999999163, 1, , , 2866.4169999999999163, 1
, , 2866.4209999999998217, 1, , , 2866.4209999999998217, 1, , , 2866.4209999999998217, 1, , , 2866.4209999999998217, 1
, , 2866.4259999999999309, 1, , , 2866.4259999999999309, 1, , , 2866.4259999999999309, 1, , , 2866.4259999999999309, 1
, , 2866.43100000000004, 1, , , 2866.43100000000004, 1, , , 2866.43100000000004, 1, , , 2866.43100000000004, 1
, , 2866.4360000000001492, 1, , , 2866.4360000000001492, 1, , , 2866.4360000000001492, 1, , , 2866.4360000000001492, 1
, , 2866.4409999999998035, 1, , , 2866.4409999999998035, 1, , , 2866.4409999999998035, 1, , , 2866.4409999999998035, 1
, , 2866.4459999999999127, 1, , , 2866.4459999999999127, 1, , , 2866.4459999999999127, 1, , , 2866.4459999999999127, 1
, , 2866.4510000000000218, 1, , , 2866.4510000000000218, 1, , , 2866.4510000000000218, 1, , , 2866.4510000000000218, 1
, , 2866.456000000000131, 1, , , 2866.456000000000131, 1, , , 2866.456000000000131, 1, , , 2866.456000000000131, 1
, , 2866.4609999999997854, 1, , , 2866.4609999999997854, 1, , , 2866.4609999999997854, 1, , , 2866.4609999999997854, 1
, , 2866.4659999999998945, 1, , , 2866.4659999999998945, 1, , , 2866.4659999999998945, 1, , , 2866.4659999999998945, 1
, , 2866.4720000000002074, 1, , , 2866.4720000000002074, 1, , , 2866.4720000000002074, 1, , , 2866.4720000000002074, 1
, , 2866.4760000000001128, 1, , , 2866.4760000000001128, 1, , , 2866.4760000000001128, 1, , , 2866.4760000000001128, 1
, , 2866.4839999999999236, 1, , , 2866.4839999999999236, 1, , , 2866.4839999999999236, 1, , , 2866.4839999999999236, 1
, , 2866.4859999999998763, 1, , , 2866.4859999999998763, 1, , , 2866.4859999999998763, 1, , , 2866.4859999999998763, 1
, , 2866.4909999999999854, 1, , , 2866.4909999999999854, 1, , , 2866.4909999999999854, 1, , , 2866.4909999999999854, 1
, , 2866.4960000000000946, 1, , , 2866.4960000000000946, 1, , , 2866.4960000000000946, 1, , , 2866.4960000000000946, 1
, , 2866.5010000000002037, 1, , , 2866.5010000000002037, 1, , , 2866.5010000000002037, 1, , , 2866.5010000000002037, 1
, , 2866.5070000000000618, 1, , , 2866.5070000000000618, 1, , , 2866.5070000000000618, 1, , , 2866.5070000000000618, 1
, , 2866.512000000000171, 1, , , 2866.512000000000171, 1, , , 2866.512000000000171, 1, , , 2866.512000000000171, 1
, , 2866.5160000000000764, 1, , , 2866.5160000000000764, 1, , , 2866.5160000000000764, 1, , , 2866.5160000000000764, 1
, , 2866.5210000000001855, 1, , , 2866.5210000000001855, 1, , , 2866.5210000000001855, 1, , , 2866.5210000000001855, 1
, , 2866.5259999999998399, 1, , , 2866.5259999999998399, 1, , , 2866.5259999999998399, 1, , , 2866.5259999999998399, 1
, , 2866.5329999999999018, 1, , , 2866.5329999999999018, 1, , , 2866.5329999999999018, 1, , , 2866.5329999999999018, 1
, , 2866.5360000000000582, 1, , , 2866.5360000000000582, 1, , , 2866.5360000000000582, 1, , , 2866.5360000000000582, 1
, , 2866.5410000000001673, 1, , , 2866.5410000000001673, 1, , , 2866.5410000000001673, 1, , , 2866.5410000000001673, 1
, , 2866.5459999999998217, 1, , , 2866.5459999999998217, 1, , , 2866.5459999999998217, 1, , , 2866.5459999999998217, 1
, , 2866.5509999999999309, 1, , , 2866.5509999999999309, 1, , , 2866.5509999999999309, 1, , , 2866.5509999999999309, 1
, , 2866.55600000000004, 1, , , 2866.55600000000004, 1, , , 2866.55600000000004, 1, , , 2866.55600000000004, 1
, , 2866.5610000000001492, 1, , , 2866.5610000000001492, 1, , , 2866.5610000000001492, 1, , , 2866.5610000000001492, 1
, , 2866.5670000000000073, 1, , , 2866.5670000000000073, 1, , , 2866.5670000000000073, 1, , , 2866.5670000000000073, 1
, , 2866.5709999999999127, 1, , , 2866.5709999999999127, 1, , , 2866.5709999999999127, 1, , , 2866.5709999999999127, 1
, , 2866.5760000000000218, 1, , , 2866.5760000000000218, 1, , , 2866.5760000000000218, 1, , , 2866.5760000000000218, 1
, , 2866.581000000000131, 1, , , 2866.581000000000131, 1, , , 2866.581000000000131, 1, , , 2866.581000000000131, 1
, , 2866.5859999999997854, 1, , , 2866.5859999999997854, 1, , , 2866.5859999999997854, 1, , , 2866.5859999999997854, 1
, , 2866.5909999999998945, 1, , , 2866.5909999999998945, 1, , , 2866.5909999999998945, 1, , , 2866.5909999999998945, 1
, , 2866.5960000000000036, 1, , , 2866.5960000000000036, 1, , , 2866.5960000000000036, 1, , , 2866.5960000000000036, 1
, , 2866.6010000000001128, 1, , , 2866.6010000000001128, 1, , , 2866.6010000000001128, 1, , , 2866.6010000000001128, 1
, , 2866.6060000000002219, 1, , , 2866.6060000000002219, 1, , , 2866.6060000000002219, 1, , , 2866.6060000000002219, 1
, , 2866.6109999999998763, 1, , , 2866.6109999999998763, 1, , , 2866.6109999999998763, 1, , , 2866.6109999999998763, 1
, , 2866.6170000000001892, 1, , , 2866.6170000000001892, 1, , , 2866.6170000000001892, 1, , , 2866.6170000000001892, 1
, , 2866.6219999999998436, 1, , , 2866.6219999999998436, 1, , , 2866.6219999999998436, 1, , , 2866.6219999999998436, 1
, , 2866.6260000000002037, 1, , , 2866.6260000000002037, 1, , , 2866.6260000000002037, 1, , , 2866.6260000000002037, 1
, , 2866.6309999999998581, 1, , , 2866.6309999999998581, 1, , , 2866.6309999999998581, 1, , , 2866.6309999999998581, 1
, , 2866.6359999999999673, 1, , , 2866.6359999999999673, 1, , , 2866.6359999999999673, 1, , , 2866.6359999999999673, 1
, , 2866.6410000000000764, 1, , , 2866.6410000000000764, 1, , , 2866.6410000000000764, 1, , , 2866.6410000000000764, 1
, , 2866.6460000000001855, 1, , , 2866.6460000000001855, 1, , , 2866.6460000000001855, 1, , , 2866.6460000000001855, 1
, , 2866.6509999999998399, 1, , , 2866.6509999999998399, 1, , , 2866.6509999999998399, 1, , , 2866.6509999999998399, 1
, , 2866.6559999999999491, 1, , , 2866.6559999999999491, 1, , , 2866.6559999999999491, 1, , , 2866.6559999999999491, 1
, , 2866.6610000000000582, 1, , , 2866.6610000000000582, 1, , , 2866.6610000000000582, 1, , , 2866.6610000000000582, 1
, , 2866.6660000000001673, 1, , , 2866.6660000000001673, 1, , , 2866.6660000000001673, 1, , , 2866.6660000000001673, 1
, , 2866.6709999999998217, 1, , , 2866.6709999999998217, 1, , , 2866.6709999999998217, 1, , , 2866.6709999999998217, 1
, , 2866.6770000000001346, 1, , , 2866.6770000000001346, 1, , , 2866.6770000000001346, 1, , , 2866.6770000000001346, 1
, , 2866.68100000000004, 1, , , 2866.68100000000004, 1, , , 2866.68100000000004, 1, , , 2866.68100000000004, 1
, , 2866.6880000000001019, 1, , , 2866.6880000000001019, 1, , , 2866.6880000000001019, 1, , , 2866.6880000000001019, 1
, , 2866.693000000000211, 1, , , 2866.693000000000211, 1, , , 2866.693000000000211, 1, , , 2866.693000000000211, 1
, , 2866.6959999999999127, 1, , , 2866.6959999999999127, 1, , , 2866.6959999999999127, 1, , , 2866.6959999999999127, 1
, , 2866.7010000000000218, 1, , , 2866.7010000000000218, 1, , , 2866.7010000000000218, 1, , , 2866.7010000000000218, 1
, , 2866.7069999999998799, 1, , , 2866.7069999999998799, 1, , , 2866.7069999999998799, 1, , , 2866.7069999999998799, 1
, , 2866.7109999999997854, 1, , , 2866.7109999999997854, 1, , , 2866.7109999999997854, 1, , , 2866.7109999999997854, 1
, , 2866.7170000000000982, 1, , , 2866.7170000000000982, 1, , , 2866.7170000000000982, 1, , , 2866.7170000000000982, 1
, , 2866.7210000000000036, 1, , , 2866.7210000000000036, 1, , , 2866.7210000000000036, 1, , , 2866.7210000000000036, 1
, , 2866.7260000000001128, 1, , , 2866.7260000000001128, 1, , , 2866.7260000000001128, 1, , , 2866.7260000000001128, 1
, , 2866.7310000000002219, 1, , , 2866.7310000000002219, 1, , , 2866.7310000000002219, 1, , , 2866.7310000000002219, 1
, , 2866.7359999999998763, 1, , , 2866.7359999999998763, 1, , , 2866.7359999999998763, 1, , , 2866.7359999999998763, 1
, , 2866.7420000000001892, 1, , , 2866.7420000000001892, 1, , , 2866.7420000000001892, 1, , , 2866.7420000000001892, 1
, , 2866.7460000000000946, 1, , , 2866.7460000000000946, 1, , , 2866.7460000000000946, 1, , , 2866.7460000000000946, 1
, , 2866.7510000000002037, 1, , , 2866.7510000000002037, 1, , , 2866.7510000000002037, 1, , , 2866.7510000000002037, 1
, , 2866.7559999999998581, 1, , , 2866.7559999999998581, 1, , , 2866.7559999999998581, 1, , , 2866.7559999999998581, 1
, , 2866.762000000000171, 1, , , 2866.762000000000171, 1, , , 2866.762000000000171, 1, , , 2866.762000000000171, 1
, , 2866.7660000000000764, 1, , , 2866.7660000000000764, 1, , , 2866.7660000000000764, 1, , , 2866.7660000000000764, 1
, , 2866.7699999999999818, 1, , , 2866.7699999999999818, 1, , , 2866.7699999999999818, 1, , , 2866.7699999999999818, 1
, , 2866.7759999999998399, 1, , , 2866.7759999999998399, 1, , , 2866.7759999999998399, 1, , , 2866.7759999999998399, 1
, , 2866.7809999999999491, 1, , , 2866.7809999999999491, 1, , , 2866.7809999999999491, 1, , , 2866.7809999999999491, 1
, , 2866.7869999999998072, 1, , , 2866.7869999999998072, 1, , , 2866.7869999999998072, 1, , , 2866.7869999999998072, 1
, , 2866.7910000000001673, 1, , , 2866.7910000000001673, 1, , , 2866.7910000000001673, 1, , , 2866.7910000000001673, 1
, , 2866.7970000000000255, 1, , , 2866.7970000000000255, 1, , , 2866.7970000000000255, 1, , , 2866.7970000000000255, 1
, , 2866.8009999999999309, 1, , , 2866.8009999999999309, 1, , , 2866.8009999999999309, 1, , , 2866.8009999999999309, 1
, , 2866.80600000000004, 1, , , 2866.80600000000004, 1, , , 2866.80600000000004, 1, , , 2866.80600000000004, 1
, , 2866.8110000000001492, 1, , , 2866.8110000000001492, 1, , , 2866.8110000000001492, 1, , , 2866.8110000000001492, 1
, , 2866.818000000000211, 1, , , 2866.818000000000211, 1, , , 2866.818000000000211, 1, , , 2866.818000000000211, 1
, , 2866.8209999999999127, 1, , , 2866.8209999999999127, 1, , , 2866.8209999999999127, 1, , , 2866.8209999999999127, 1
, , 2866.8260000000000218, 1, , , 2866.8260000000000218, 1, , , 2866.8260000000000218, 1, , , 2866.8260000000000218, 1
, , 2866.831000000000131, 1, , , 2866.831000000000131, 1, , , 2866.831000000000131, 1, , , 2866.831000000000131, 1
, , 2866.8369999999999891, 1, , , 2866.8369999999999891, 1, , , 2866.8369999999999891, 1, , , 2866.8369999999999891, 1
, , 2866.8420000000000982, 1, , , 2866.8420000000000982, 1, , , 2866.8420000000000982, 1, , , 2866.8420000000000982, 1
, , 2866.8460000000000036, 1, , , 2866.8460000000000036, 1, , , 2866.8460000000000036, 1, , , 2866.8460000000000036, 1
, , 2866.8510000000001128, 1, , , 2866.8510000000001128, 1, , , 2866.8510000000001128, 1, , , 2866.8510000000001128, 1
, , 2866.8560000000002219, 1, , , 2866.8560000000002219, 1, , , 2866.8560000000002219, 1, , , 2866.8560000000002219, 1
, , 2866.86200000000008, 1, , , 2866.86200000000008, 1, , , 2866.86200000000008, 1, , , 2866.86200000000008, 1
, , 2866.8670000000001892, 1, , , 2866.8670000000001892, 1, , , 2866.8670000000001892, 1, , , 2866.8670000000001892, 1
, , 2866.8719999999998436, 1, , , 2866.8719999999998436, 1, , , 2866.8719999999998436, 1, , , 2866.8719999999998436, 1
, , 2866.875, 1, , , 2866.875, 1, , , 2866.875, 1, , , 2866.875, 1
, , 2866.8820000000000618, 1, , , 2866.8820000000000618, 1, , , 2866.8820000000000618, 1, , , 2866.8820000000000618, 1
, , 2866.887000000000171, 1, , , 2866.887000000000171, 1, , , 2866.887000000000171, 1, , , 2866.887000000000171, 1
, , 2866.8910000000000764, 1, , , 2866.8910000000000764, 1, , , 2866.8910000000000764, 1, , , 2866.8910000000000764, 1
, , 2866.8969999999999345, 1, , , 2866.8969999999999345, 1, , , 2866.8969999999999345, 1, , , 2866.8969999999999345, 1
, , 2866.9009999999998399, 1, , , 2866.9009999999998399, 1, , , 2866.9009999999998399, 1, , , 2866.9009999999998399, 1
, , 2866.9059999999999491, 1, , , 2866.9059999999999491, 1, , , 2866.9059999999999491, 1, , , 2866.9059999999999491, 1
, , 2866.9110000000000582, 1, , , 2866.9110000000000582, 1, , , 2866.9110000000000582, 1, , , 2866.9110000000000582, 1
, , 2866.9160000000001673, 1, , , 2866.9160000000001673, 1, , , 2866.9160000000001673, 1, , , 2866.9160000000001673, 1
, , 2866.9220000000000255, 1, , , 2866.9220000000000255, 1, , , 2866.9220000000000255, 1, , , 2866.9220000000000255, 1
, , 2866.9259999999999309, 1, , , 2866.9259999999999309, 1, , , 2866.9259999999999309, 1, , , 2866.9259999999999309, 1
, , 2866.93100000000004, 1, , , 2866.93100000000004, 1, , , 2866.93100000000004, 1, , , 2866.93100000000004, 1
, , 2866.9349999999999454, 1, , , 2866.9349999999999454, 1, , , 2866.9349999999999454, 1, , , 2866.9349999999999454, 1
, , 2866.9420000000000073, 1, , , 2866.9420000000000073, 1, , , 2866.9420000000000073, 1, , , 2866.9420000000000073, 1
, , 2866.9459999999999127, 1, , , 2866.9459999999999127, 1, , , 2866.9459999999999127, 1, , , 2866.9459999999999127, 1
, , 2866.9510000000000218, 1, , , 2866.9510000000000218, 1, , , 2866.9510000000000218, 1, , , 2866.9510000000000218, 1
, , 2866.956000000000131, 1, , , 2866.956000000000131, 1, , , 2866.956000000000131, 1, , , 2866.956000000000131, 1
, , 2866.9609999999997854, 1, , , 2866.9609999999997854, 1, , , 2866.9609999999997854, 1, , , 2866.9609999999997854, 1
, , 2866.9659999999998945, 1, , , 2866.9659999999998945, 1, , , 2866.9659999999998945, 1, , , 2866.9659999999998945, 1
, , 2866.9720000000002074, 1, , , 2866.9720000000002074, 1, , , 2866.9720000000002074, 1, , , 2866.9720000000002074, 1
, , 2866.9760000000001128, 1, , , 2866.9760000000001128, 1, , , 2866.9760000000001128, 1, , , 2866.9760000000001128, 1
, , 2866.9819999999999709, 1, , , 2866.9819999999999709, 1, , , 2866.9819999999999709, 1, , , 2866.9819999999999709, 1
, , 2866.98700000000008, 1, , , 2866.98700000000008, 1, , , 2866.98700000000008, 1, , , 2866.98700000000008, 1
, , 2866.9909999999999854, 1, , , 2866.9909999999999854, 1, , , 2866.9909999999999854, 1, , , 2866.9909999999999854, 1
, , 2866.9960000000000946, 1, , , 2866.9960000000000946, 1, , , 2866.9960000000000946, 1, , , 2866.9960000000000946, 1
, , 2867.0010000000002037, 1, , , 2867.0010000000002037, 1, , , 2867.0010000000002037, 1, , , 2867.0010000000002037, 1
, , 2867.0070000000000618, 1, , , 2867.0070000000000618, 1, , , 2867.0070000000000618, 1, , , 2867.0070000000000618, 1
, , 2867.0109999999999673, 1, , , 2867.0109999999999673, 1, , , 2867.0109999999999673, 1, , , 2867.0109999999999673, 1
, , 2867.0169999999998254, 1, , , 2867.0169999999998254, 1, , , 2867.0169999999998254, 1, , , 2867.0169999999998254, 1
, , 2867.0219999999999345, 1, , , 2867.0219999999999345, 1, , , 2867.0219999999999345, 1, , , 2867.0219999999999345, 1
, , 2867.0259999999998399, 1, , , 2867.0259999999998399, 1, , , 2867.0259999999998399, 1, , , 2867.0259999999998399, 1
, , 2867.0309999999999491, 1, , , 2867.0309999999999491, 1, , , 2867.0309999999999491, 1, , , 2867.0309999999999491, 1
, , 2867.0360000000000582, 1, , , 2867.0360000000000582, 1, , , 2867.0360000000000582, 1, , , 2867.0360000000000582, 1
, , 2867.0410000000001673, 1, , , 2867.0410000000001673, 1, , , 2867.0410000000001673, 1, , , 2867.0410000000001673, 1
, , 2867.0459999999998217, 1, , , 2867.0459999999998217, 1, , , 2867.0459999999998217, 1, , , 2867.0459999999998217, 1
, , 2867.0509999999999309, 1, , , 2867.0509999999999309, 1, , , 2867.0509999999999309, 1, , , 2867.0509999999999309, 1
, , 2867.05600000000004, 1, , , 2867.05600000000004, 1, , , 2867.05600000000004, 1, , , 2867.05600000000004, 1
, , 2867.0610000000001492, 1, , , 2867.0610000000001492, 1, , , 2867.0610000000001492, 1, , , 2867.0610000000001492, 1
, , 2867.0659999999998035, 1, , , 2867.0659999999998035, 1, , , 2867.0659999999998035, 1, , , 2867.0659999999998035, 1
, , 2867.0709999999999127, 1, , , 2867.0709999999999127, 1, , , 2867.0709999999999127, 1, , , 2867.0709999999999127, 1
, , 2867.0760000000000218, 1, , , 2867.0760000000000218, 1, , , 2867.0760000000000218, 1, , , 2867.0760000000000218, 1
, , 2867.081000000000131, 1, , , 2867.081000000000131, 1, , , 2867.081000000000131, 1, , , 2867.081000000000131, 1
, , 2867.0869999999999891, 1, , , 2867.0869999999999891, 1, , , 2867.0869999999999891, 1, , , 2867.0869999999999891, 1
, , 2867.0920000000000982, 1, , , 2867.0920000000000982, 1, , , 2867.0920000000000982, 1, , , 2867.0920000000000982, 1
, , 2867.0960000000000036, 1, , , 2867.0960000000000036, 1, , , 2867.0960000000000036, 1, , , 2867.0960000000000036, 1
, , 2867.1010000000001128, 1, , , 2867.1010000000001128, 1, , , 2867.1010000000001128, 1, , , 2867.1010000000001128, 1
, , 2867.1060000000002219, 1, , , 2867.1060000000002219, 1, , , 2867.1060000000002219, 1, , , 2867.1060000000002219, 1
, , 2867.1109999999998763, 1, , , 2867.1109999999998763, 1, , , 2867.1109999999998763, 1, , , 2867.1109999999998763, 1
, , 2867.1159999999999854, 1, , , 2867.1159999999999854, 1, , , 2867.1159999999999854, 1, , , 2867.1159999999999854, 1
, , 2867.1219999999998436, 1, , , 2867.1219999999998436, 1, , , 2867.1219999999998436, 1, , , 2867.1219999999998436, 1
, , 2867.1260000000002037, 1, , , 2867.1260000000002037, 1, , , 2867.1260000000002037, 1, , , 2867.1260000000002037, 1
, , 2867.1309999999998581, 1, , , 2867.1309999999998581, 1, , , 2867.1309999999998581, 1, , , 2867.1309999999998581, 1
, , 2867.1359999999999673, 1, , , 2867.1359999999999673, 1, , , 2867.1359999999999673, 1, , , 2867.1359999999999673, 1
, , 2867.1410000000000764, 1, , , 2867.1410000000000764, 1, , , 2867.1410000000000764, 1, , , 2867.1410000000000764, 1
, , 2867.1469999999999345, 1, , , 2867.1469999999999345, 1, , , 2867.1469999999999345, 1, , , 2867.1469999999999345, 1
, , 2867.1509999999998399, 1, , , 2867.1509999999998399, 1, , , 2867.1509999999998399, 1, , , 2867.1509999999998399, 1
, , 2867.1559999999999491, 1, , , 2867.1559999999999491, 1, , , 2867.1559999999999491, 1, , , 2867.1559999999999491, 1
, , 2867.1619999999998072, 1, , , 2867.1619999999998072, 1, , , 2867.1619999999998072, 1, , , 2867.1619999999998072, 1
, , 2867.1669999999999163, 1, , , 2867.1669999999999163, 1, , , 2867.1669999999999163, 1, , , 2867.1669999999999163, 1
, , 2867.1729999999997744, 1, , , 2867.1729999999997744, 1, , , 2867.1729999999997744, 1, , , 2867.1729999999997744, 1
, , 2867.1759999999999309, 1, , , 2867.1759999999999309, 1, , , 2867.1759999999999309, 1, , , 2867.1759999999999309, 1
, , 2867.181999999999789, 1, , , 2867.181999999999789, 1, , , 2867.181999999999789, 1, , , 2867.181999999999789, 1
, , 2867.1860000000001492, 1, , , 2867.1860000000001492, 1, , , 2867.1860000000001492, 1, , , 2867.1860000000001492, 1
, , 2867.1909999999998035, 1, , , 2867.1909999999998035, 1, , , 2867.1909999999998035, 1, , , 2867.1909999999998035, 1
, , 2867.1959999999999127, 1, , , 2867.1959999999999127, 1, , , 2867.1959999999999127, 1, , , 2867.1959999999999127, 1
, , 2867.2020000000002256, 1, , , 2867.2020000000002256, 1, , , 2867.2020000000002256, 1, , , 2867.2020000000002256, 1
, , 2867.2069999999998799, 1, , , 2867.2069999999998799, 1, , , 2867.2069999999998799, 1, , , 2867.2069999999998799, 1
, , 2867.2109999999997854, 1, , , 2867.2109999999997854, 1, , , 2867.2109999999997854, 1, , , 2867.2109999999997854, 1
, , 2867.2159999999998945, 1, , , 2867.2159999999998945, 1, , , 2867.2159999999998945, 1, , , 2867.2159999999998945, 1
, , 2867.2210000000000036, 1, , , 2867.2210000000000036, 1, , , 2867.2210000000000036, 1, , , 2867.2210000000000036, 1
, , 2867.2260000000001128, 1, , , 2867.2260000000001128, 1, , , 2867.2260000000001128, 1, , , 2867.2260000000001128, 1
, , 2867.2310000000002219, 1, , , 2867.2310000000002219, 1, , , 2867.2310000000002219, 1, , , 2867.2310000000002219, 1
, , 2867.23700000000008, 1, , , 2867.23700000000008, 1, , , 2867.23700000000008, 1, , , 2867.23700000000008, 1
, , 2867.2429999999999382, 1, , , 2867.2429999999999382, 1, , , 2867.2429999999999382, 1, , , 2867.2429999999999382, 1
, , 2867.2460000000000946, 1, , , 2867.2460000000000946, 1, , , 2867.2460000000000946, 1, , , 2867.2460000000000946, 1
, , 2867.2510000000002037, 1, , , 2867.2510000000002037, 1, , , 2867.2510000000002037, 1, , , 2867.2510000000002037, 1
, , 2867.2559999999998581, 1, , , 2867.2559999999998581, 1, , , 2867.2559999999998581, 1, , , 2867.2559999999998581, 1
, , 2867.2609999999999673, 1, , , 2867.2609999999999673, 1, , , 2867.2609999999999673, 1, , , 2867.2609999999999673, 1
, , 2867.2660000000000764, 1, , , 2867.2660000000000764, 1, , , 2867.2660000000000764, 1, , , 2867.2660000000000764, 1
, , 2867.2710000000001855, 1, , , 2867.2710000000001855, 1, , , 2867.2710000000001855, 1, , , 2867.2710000000001855, 1
, , 2867.2759999999998399, 1, , , 2867.2759999999998399, 1, , , 2867.2759999999998399, 1, , , 2867.2759999999998399, 1
, , 2867.2809999999999491, 1, , , 2867.2809999999999491, 1, , , 2867.2809999999999491, 1, , , 2867.2809999999999491, 1
, , 2867.2860000000000582, 1, , , 2867.2860000000000582, 1, , , 2867.2860000000000582, 1, , , 2867.2860000000000582, 1
, , 2867.2910000000001673, 1, , , 2867.2910000000001673, 1, , , 2867.2910000000001673, 1, , , 2867.2910000000001673, 1
, , 2867.2959999999998217, 1, , , 2867.2959999999998217, 1, , , 2867.2959999999998217, 1, , , 2867.2959999999998217, 1
, , 2867.3009999999999309, 1, , , 2867.3009999999999309, 1, , , 2867.3009999999999309, 1, , , 2867.3009999999999309, 1
, , 2867.306999999999789, 1, , , 2867.306999999999789, 1, , , 2867.306999999999789, 1, , , 2867.306999999999789, 1
, , 2867.3119999999998981, 1, , , 2867.3119999999998981, 1, , , 2867.3119999999998981, 1, , , 2867.3119999999998981, 1
, , 2867.3159999999998035, 1, , , 2867.3159999999998035, 1, , , 2867.3159999999998035, 1, , , 2867.3159999999998035, 1
, , 2867.3209999999999127, 1, , , 2867.3209999999999127, 1, , , 2867.3209999999999127, 1, , , 2867.3209999999999127, 1
, , 2867.3260000000000218, 1, , , 2867.3260000000000218, 1, , , 2867.3260000000000218, 1, , , 2867.3260000000000218, 1
, , 2867.331000000000131, 1, , , 2867.331000000000131, 1, , , 2867.331000000000131, 1, , , 2867.331000000000131, 1
, , 2867.3359999999997854, 1, , , 2867.3359999999997854, 1, , , 2867.3359999999997854, 1, , , 2867.3359999999997854, 1
, , 2867.3409999999998945, 1, , , 2867.3409999999998945, 1, , , 2867.3409999999998945, 1, , , 2867.3409999999998945, 1
, , 2867.3460000000000036, 1, , , 2867.3460000000000036, 1, , , 2867.3460000000000036, 1, , , 2867.3460000000000036, 1
, , 2867.3510000000001128, 1, , , 2867.3510000000001128, 1, , , 2867.3510000000001128, 1, , , 2867.3510000000001128, 1
, , 2867.3560000000002219, 1, , , 2867.3560000000002219, 1, , , 2867.3560000000002219, 1, , , 2867.3560000000002219, 1
, , 2867.36200000000008, 1, , , 2867.36200000000008, 1, , , 2867.36200000000008, 1, , , 2867.36200000000008, 1
, , 2867.3649999999997817, 1, , , 2867.3649999999997817, 1, , , 2867.3649999999997817, 1, , , 2867.3649999999997817, 1
, , 2867.3710000000000946, 1, , , 2867.3710000000000946, 1, , , 2867.3710000000000946, 1, , , 2867.3710000000000946, 1
, , 2867.3769999999999527, 1, , , 2867.3769999999999527, 1, , , 2867.3769999999999527, 1, , , 2867.3769999999999527, 1
, , 2867.3809999999998581, 1, , , 2867.3809999999998581, 1, , , 2867.3809999999998581, 1, , , 2867.3809999999998581, 1
, , 2867.3859999999999673, 1, , , 2867.3859999999999673, 1, , , 2867.3859999999999673, 1, , , 2867.3859999999999673, 1
, , 2867.3910000000000764, 1, , , 2867.3910000000000764, 1, , , 2867.3910000000000764, 1, , , 2867.3910000000000764, 1
, , 2867.3960000000001855, 1, , , 2867.3960000000001855, 1, , , 2867.3960000000001855, 1, , , 2867.3960000000001855, 1
, , 2867.4009999999998399, 1, , , 2867.4009999999998399, 1, , , 2867.4009999999998399, 1, , , 2867.4009999999998399, 1
, , 2867.4059999999999491, 1, , , 2867.4059999999999491, 1, , , 2867.4059999999999491, 1, , , 2867.4059999999999491, 1
, , 2867.4110000000000582, 1, , , 2867.4110000000000582, 1, , , 2867.4110000000000582, 1, , , 2867.4110000000000582, 1
, , 2867.4160000000001673, 1, , , 2867.4160000000001673, 1, , , 2867.4160000000001673, 1, , , 2867.4160000000001673, 1
, , 2867.4220000000000255, 1, , , 2867.4220000000000255, 1, , , 2867.4220000000000255, 1, , , 2867.4220000000000255, 1
, , 2867.4259999999999309, 1, , , 2867.4259999999999309, 1, , , 2867.4259999999999309, 1, , , 2867.4259999999999309, 1
, , 2867.43100000000004, 1, , , 2867.43100000000004, 1, , , 2867.43100000000004, 1, , , 2867.43100000000004, 1
, , 2867.4369999999998981, 1, , , 2867.4369999999998981, 1, , , 2867.4369999999998981, 1, , , 2867.4369999999998981, 1
, , 2867.4409999999998035, 1, , , 2867.4409999999998035, 1, , , 2867.4409999999998035, 1, , , 2867.4409999999998035, 1
, , 2867.4459999999999127, 1, , , 2867.4459999999999127, 1, , , 2867.4459999999999127, 1, , , 2867.4459999999999127, 1
, , 2867.4520000000002256, 1, , , 2867.4520000000002256, 1, , , 2867.4520000000002256, 1, , , 2867.4520000000002256, 1
, , 2867.456000000000131, 1, , , 2867.456000000000131, 1, , , 2867.456000000000131, 1, , , 2867.456000000000131, 1
, , 2867.4609999999997854, 1, , , 2867.4609999999997854, 1, , , 2867.4609999999997854, 1, , , 2867.4609999999997854, 1
, , 2867.4659999999998945, 1, , , 2867.4659999999998945, 1, , , 2867.4659999999998945, 1, , , 2867.4659999999998945, 1
, , 2867.4710000000000036, 1, , , 2867.4710000000000036, 1, , , 2867.4710000000000036, 1, , , 2867.4710000000000036, 1
, , 2867.4760000000001128, 1, , , 2867.4760000000001128, 1, , , 2867.4760000000001128, 1, , , 2867.4760000000001128, 1
, , 2867.4810000000002219, 1, , , 2867.4810000000002219, 1, , , 2867.4810000000002219, 1, , , 2867.4810000000002219, 1
, , 2867.4859999999998763, 1, , , 2867.4859999999998763, 1, , , 2867.4859999999998763, 1, , , 2867.4859999999998763, 1
, , 2867.4909999999999854, 1, , , 2867.4909999999999854, 1, , , 2867.4909999999999854, 1, , , 2867.4909999999999854, 1
, , 2867.4969999999998436, 1, , , 2867.4969999999998436, 1, , , 2867.4969999999998436, 1, , , 2867.4969999999998436, 1
, , 2867.5019999999999527, 1, , , 2867.5019999999999527, 1, , , 2867.5019999999999527, 1, , , 2867.5019999999999527, 1
, , 2867.5070000000000618, 1, , , 2867.5070000000000618, 1, , , 2867.5070000000000618, 1, , , 2867.5070000000000618, 1
, , 2867.512000000000171, 1, , , 2867.512000000000171, 1, , , 2867.512000000000171, 1, , , 2867.512000000000171, 1
, , 2867.5160000000000764, 1, , , 2867.5160000000000764, 1, , , 2867.5160000000000764, 1, , , 2867.5160000000000764, 1
, , 2867.5219999999999345, 1, , , 2867.5219999999999345, 1, , , 2867.5219999999999345, 1, , , 2867.5219999999999345, 1
, , 2867.5259999999998399, 1, , , 2867.5259999999998399, 1, , , 2867.5259999999998399, 1, , , 2867.5259999999998399, 1
, , 2867.5309999999999491, 1, , , 2867.5309999999999491, 1, , , 2867.5309999999999491, 1, , , 2867.5309999999999491, 1
, , 2867.5360000000000582, 1, , , 2867.5360000000000582, 1, , , 2867.5360000000000582, 1, , , 2867.5360000000000582, 1
, , 2867.5410000000001673, 1, , , 2867.5410000000001673, 1, , , 2867.5410000000001673, 1, , , 2867.5410000000001673, 1
, , 2867.5459999999998217, 1, , , 2867.5459999999998217, 1, , , 2867.5459999999998217, 1, , , 2867.5459999999998217, 1
, , 2867.5509999999999309, 1, , , 2867.5509999999999309, 1, , , 2867.5509999999999309, 1, , , 2867.5509999999999309, 1
, , 2867.556999999999789, 1, , , 2867.556999999999789, 1, , , 2867.556999999999789, 1, , , 2867.556999999999789, 1
, , 2867.5610000000001492, 1, , , 2867.5610000000001492, 1, , , 2867.5610000000001492, 1, , , 2867.5610000000001492, 1
, , 2867.568000000000211, 1, , , 2867.568000000000211, 1, , , 2867.568000000000211, 1, , , 2867.568000000000211, 1
, , 2867.5720000000001164, 1, , , 2867.5720000000001164, 1, , , 2867.5720000000001164, 1, , , 2867.5720000000001164, 1
, , 2867.5760000000000218, 1, , , 2867.5760000000000218, 1, , , 2867.5760000000000218, 1, , , 2867.5760000000000218, 1
, , 2867.5819999999998799, 1, , , 2867.5819999999998799, 1, , , 2867.5819999999998799, 1, , , 2867.5819999999998799, 1
, , 2867.5869999999999891, 1, , , 2867.5869999999999891, 1, , , 2867.5869999999999891, 1, , , 2867.5869999999999891, 1
, , 2867.5909999999998945, 1, , , 2867.5909999999998945, 1, , , 2867.5909999999998945, 1, , , 2867.5909999999998945, 1
, , 2867.5960000000000036, 1, , , 2867.5960000000000036, 1, , , 2867.5960000000000036, 1, , , 2867.5960000000000036, 1
, , 2867.6010000000001128, 1, , , 2867.6010000000001128, 1, , , 2867.6010000000001128, 1, , , 2867.6010000000001128, 1
, , 2867.6060000000002219, 1, , , 2867.6060000000002219, 1, , , 2867.6060000000002219, 1, , , 2867.6060000000002219, 1
, , 2867.6109999999998763, 1, , , 2867.6109999999998763, 1, , , 2867.6109999999998763, 1, , , 2867.6109999999998763, 1
, , 2867.6159999999999854, 1, , , 2867.6159999999999854, 1, , , 2867.6159999999999854, 1, , , 2867.6159999999999854, 1
, , 2867.6219999999998436, 1, , , 2867.6219999999998436, 1, , , 2867.6219999999998436, 1, , , 2867.6219999999998436, 1
, , 2867.6260000000002037, 1, , , 2867.6260000000002037, 1, , , 2867.6260000000002037, 1, , , 2867.6260000000002037, 1
, , 2867.6309999999998581, 1, , , 2867.6309999999998581, 1, , , 2867.6309999999998581, 1, , , 2867.6309999999998581, 1
, , 2867.637000000000171, 1, , , 2867.637000000000171, 1, , , 2867.637000000000171, 1, , , 2867.637000000000171, 1
, , 2867.6410000000000764, 1, , , 2867.6410000000000764, 1, , , 2867.6410000000000764, 1, , , 2867.6410000000000764, 1
, , 2867.6460000000001855, 1, , , 2867.6460000000001855, 1, , , 2867.6460000000001855, 1, , , 2867.6460000000001855, 1
, , 2867.6509999999998399, 1, , , 2867.6509999999998399, 1, , , 2867.6509999999998399, 1, , , 2867.6509999999998399, 1
, , 2867.6570000000001528, 1, , , 2867.6570000000001528, 1, , , 2867.6570000000001528, 1, , , 2867.6570000000001528, 1
, , 2867.6610000000000582, 1, , , 2867.6610000000000582, 1, , , 2867.6610000000000582, 1, , , 2867.6610000000000582, 1
, , 2867.6660000000001673, 1, , , 2867.6660000000001673, 1, , , 2867.6660000000001673, 1, , , 2867.6660000000001673, 1
, , 2867.6709999999998217, 1, , , 2867.6709999999998217, 1, , , 2867.6709999999998217, 1, , , 2867.6709999999998217, 1
, , 2867.6759999999999309, 1, , , 2867.6759999999999309, 1, , , 2867.6759999999999309, 1, , , 2867.6759999999999309, 1
, , 2867.68100000000004, 1, , , 2867.68100000000004, 1, , , 2867.68100000000004, 1, , , 2867.68100000000004, 1
, , 2867.6869999999998981, 1, , , 2867.6869999999998981, 1, , , 2867.6869999999998981, 1, , , 2867.6869999999998981, 1
, , 2867.6909999999998035, 1, , , 2867.6909999999998035, 1, , , 2867.6909999999998035, 1, , , 2867.6909999999998035, 1
, , 2867.6979999999998654, 1, , , 2867.6979999999998654, 1, , , 2867.6979999999998654, 1, , , 2867.6979999999998654, 1
, , 2867.7020000000002256, 1, , , 2867.7020000000002256, 1, , , 2867.7020000000002256, 1, , , 2867.7020000000002256, 1
, , 2867.706000000000131, 1, , , 2867.706000000000131, 1, , , 2867.706000000000131, 1, , , 2867.706000000000131, 1
, , 2867.7109999999997854, 1, , , 2867.7109999999997854, 1, , , 2867.7109999999997854, 1, , , 2867.7109999999997854, 1
, , 2867.7170000000000982, 1, , , 2867.7170000000000982, 1, , , 2867.7170000000000982, 1, , , 2867.7170000000000982, 1
, , 2867.7220000000002074, 1, , , 2867.7220000000002074, 1, , , 2867.7220000000002074, 1, , , 2867.7220000000002074, 1
, , 2867.7260000000001128, 1, , , 2867.7260000000001128, 1, , , 2867.7260000000001128, 1, , , 2867.7260000000001128, 1
, , 2867.7310000000002219, 1, , , 2867.7310000000002219, 1, , , 2867.7310000000002219, 1, , , 2867.7310000000002219, 1
, , 2867.7359999999998763, 1, , , 2867.7359999999998763, 1, , , 2867.7359999999998763, 1, , , 2867.7359999999998763, 1
, , 2867.7409999999999854, 1, , , 2867.7409999999999854, 1, , , 2867.7409999999999854, 1, , , 2867.7409999999999854, 1
, , 2867.7469999999998436, 1, , , 2867.7469999999998436, 1, , , 2867.7469999999998436, 1, , , 2867.7469999999998436, 1
, , 2867.7510000000002037, 1, , , 2867.7510000000002037, 1, , , 2867.7510000000002037, 1, , , 2867.7510000000002037, 1
, , 2867.7590000000000146, 1, , , 2867.7590000000000146, 1, , , 2867.7590000000000146, 1, , , 2867.7590000000000146, 1
, , 2867.7609999999999673, 1, , , 2867.7609999999999673, 1, , , 2867.7609999999999673, 1, , , 2867.7609999999999673, 1
, , 2867.7660000000000764, 1, , , 2867.7660000000000764, 1, , , 2867.7660000000000764, 1, , , 2867.7660000000000764, 1
, , 2867.7739999999998872, 1, , , 2867.7739999999998872, 1, , , 2867.7739999999998872, 1, , , 2867.7739999999998872, 1
, , 2867.7759999999998399, 1, , , 2867.7759999999998399, 1, , , 2867.7759999999998399, 1, , , 2867.7759999999998399, 1
, , 2867.7809999999999491, 1, , , 2867.7809999999999491, 1, , , 2867.7809999999999491, 1, , , 2867.7809999999999491, 1
, , 2867.7860000000000582, 1, , , 2867.7860000000000582, 1, , , 2867.7860000000000582, 1, , , 2867.7860000000000582, 1
, , 2867.7919999999999163, 1, , , 2867.7919999999999163, 1, , , 2867.7919999999999163, 1, , , 2867.7919999999999163, 1
