# /gazebo_leg_forces_components/recceipt_time, /gazebo_leg_forces_components/reaction_forces/0/wrench/force/z, /foot_contacts/recceipt_time, /foot_contacts/contacts/0, /gazebo_leg_forces_components/recceipt_time, /gazebo_leg_forces_components/reaction_forces/1/wrench/force/z, /foot_contacts/recceipt_time, /foot_contacts/contacts/1, /gazebo_leg_forces_components/recceipt_time, /gazebo_leg_forces_components/reaction_forces/2/wrench/force/z, /foot_contacts/recceipt_time, /foot_contacts/contacts/2, /gazebo_leg_forces_components/recceipt_time, /gazebo_leg_forces_components/reaction_forces/3/wrench/force/z, /foot_contacts/recceipt_time, /foot_contacts/contacts/3
2692.7950000000000728, 67.85834745751414232, 2692.7890000000002146, 1, 2692.7950000000000728, 54.005101477178129699, 2692.7890000000002146, 1, 2692.7950000000000728, 35.457851051534134967, 2692.7890000000002146, 1, 2692.7950000000000728, 47.455488366516718202, 2692.7890000000002146, 1
2692.8049999999998363, 67.858344471841334666, 2692.793999999999869, 1, 2692.8049999999998363, 54.00512201445683047, 2692.793999999999869, 1, 2692.8049999999998363, 35.457854495069753398, 2692.793999999999869, 1, 2692.8049999999998363, 47.455481437611702233, 2692.793999999999869, 1
2692.8150000000000546, 68.005338686311517904, 2692.7989999999999782, 1, 2692.8150000000000546, 52.476795751374353927, 2692.7989999999999782, 1, 2692.8150000000000546, 35.254096262293145969, 2692.7989999999999782, 1, 2692.8150000000000546, 47.112360325889433454, 2692.7989999999999782, 1
2692.8249999999998181, 68.005334507031491853, 2692.8029999999998836, 1, 2692.8249999999998181, 52.476815622398376604, 2692.8029999999998836, 1, 2692.8249999999998181, 35.254099633805829228, 2692.8029999999998836, 1, 2692.8249999999998181, 47.112352940132886658, 2692.8029999999998836, 1
2692.8350000000000364, 68.005330327573673799, 2692.8099999999999454, 1, 2692.8350000000000364, 52.476835492589430032, 2692.8099999999999454, 1, 2692.8350000000000364, 35.254103005210026822, 2692.8099999999999454, 1, 2692.8350000000000364, 47.112345554467111697, 2692.8099999999999454, 1
2692.8550000000000182, 67.858296900283690434, 2692.8139999999998508, 1, 2692.8550000000000182, 54.005167168857340698, 2692.8139999999998508, 1, 2692.8550000000000182, 35.457858712538381951, 2692.8139999999998508, 1, 2692.8550000000000182, 47.455442585486409257, 2692.8139999999998508, 1
2692.8550000000000182, 67.858294056751958578, 2692.81899999999996, 1, 2692.8550000000000182, 54.005186725073421883, 2692.81899999999996, 1, 2692.8550000000000182, 35.457861991756118414, 2692.81899999999996, 1, 2692.8550000000000182, 47.45543565724256041, 2692.81899999999996, 1
2692.8640000000000327, 67.858291355228701036, 2692.8240000000000691, 1, 2692.8640000000000327, 54.005206280448561529, 2692.8240000000000691, 1, 2692.8640000000000327, 35.457865270881342212, 2692.8240000000000691, 1, 2692.8640000000000327, 47.455428729071364558, 2692.8240000000000691, 1
2692.875, 67.858288511338614057, 2692.8290000000001783, 1, 2692.875, 54.005225835011216873, 2692.8290000000001783, 1, 2692.875, 35.457868549917790801, 2692.8290000000001783, 1, 2692.875, 47.455421800982676928, 2692.8290000000001783, 1
2692.8840000000000146, 68.005309427921289966, 2692.8339999999998327, 1, 2692.8840000000000146, 52.4769348311581183, 2692.8339999999998327, 1, 2692.8840000000000146, 35.254119860612945558, 2692.8339999999998327, 1, 2692.8840000000000146, 47.112308627504219771, 2692.8339999999998327, 1
2692.8949999999999818, 68.005305247511927291, 2692.8389999999999418, 1, 2692.8949999999999818, 52.476954696374221498, 2692.8389999999999418, 1, 2692.8949999999999818, 35.254123231349630885, 2692.8389999999999418, 1, 2692.8949999999999818, 47.112301242381384725, 2692.8389999999999418, 1
2692.9160000000001673, 68.005301066928240061, 2692.8440000000000509, 1, 2692.9160000000001673, 52.476974560782714718, 2692.8440000000000509, 1, 2692.9160000000001673, 35.254126601974114408, 2692.8440000000000509, 1, 2692.9160000000001673, 47.112293857377338213, 2692.8440000000000509, 1
2692.9160000000001673, 68.005296886172217796, 2692.8479999999999563, 1, 2692.9160000000001673, 52.476994424373664572, 2692.8479999999999563, 1, 2692.9160000000001673, 35.254129972479532285, 2692.8479999999999563, 1, 2692.9160000000001673, 47.112286472461008202, 2692.8479999999999563, 1
2692.9250000000001819, 68.005292705286251476, 2692.8539999999998145, 1, 2692.9250000000001819, 52.477014287127147441, 2692.8539999999998145, 1, 2692.9250000000001819, 35.254133342887577385, 2692.8539999999998145, 1, 2692.9250000000001819, 47.112279087621601548, 2692.8539999999998145, 1
2692.9349999999999454, 67.858227369086790759, 2692.8600000000001273, 1, 2692.9349999999999454, 54.005303001699047627, 2692.8600000000001273, 1, 2692.9349999999999454, 35.457877419465219759, 2692.8600000000001273, 1, 2692.9349999999999454, 47.455366716061959664, 2692.8600000000001273, 1
2692.9450000000001637, 67.858224524987690529, 2692.8640000000000327, 1, 2692.9450000000001637, 54.005322551726251845, 2692.8640000000000327, 1, 2692.9450000000001637, 35.457880697977046225, 2692.8640000000000327, 1, 2692.9450000000001637, 47.455359788851254166, 2692.8640000000000327, 1
2692.9650000000001455, 67.858206178217130855, 2692.8690000000001419, 1, 2692.9650000000001455, 54.005327935518579352, 2692.8690000000001419, 1, 2692.9650000000001455, 35.457880164574291371, 2692.8690000000001419, 1, 2692.9650000000001455, 47.455348091610844108, 2692.8690000000001419, 1
2692.9760000000001128, 68.005275980076959286, 2692.8739999999997963, 1, 2692.9760000000001128, 52.477093729854900062, 2692.8739999999997963, 1, 2692.9760000000001128, 35.254146823392929377, 2692.8739999999997963, 1, 2692.9760000000001128, 47.112249549216237199, 2692.8739999999997963, 1
2692.9850000000001273, 68.005271798367274982, 2692.8789999999999054, 1, 2692.9850000000001273, 52.477114581374493696, 2692.8789999999999054, 1, 2692.9850000000001273, 35.25415036173643557, 2692.8789999999999054, 1, 2692.9850000000001273, 47.112241795638006181, 2692.8789999999999054, 1
2692.9850000000001273, 68.005267616502081296, 2692.8840000000000146, 1, 2692.9850000000001273, 52.477134439127098631, 2692.8840000000000146, 1, 2692.9850000000001273, 35.254153731448596432, 2692.8840000000000146, 1, 2692.9850000000001273, 47.112234411362749142, 2692.8840000000000146, 1
2692.9949999999998909, 68.005263434487574159, 2692.8890000000001237, 1, 2692.9949999999998909, 52.477153303227268566, 2692.8890000000001237, 1, 2692.9949999999998909, 35.254156932593637919, 2692.8890000000001237, 1, 2692.9949999999998909, 47.112227396406694879, 2692.8890000000001237, 1
2693.0039999999999054, 67.85817387359080044, 2692.8939999999997781, 1, 2693.0039999999999054, 54.005409148941211583, 2692.8939999999997781, 1, 2693.0039999999999054, 35.457892109250650492, 2692.8939999999997781, 1, 2693.0039999999999054, 47.455307893785601436, 2692.8939999999997781, 1
2693.0140000000001237, 67.858171029020354581, 2692.9000000000000909, 1, 2693.0140000000001237, 54.005428694173076565, 2692.9000000000000909, 1, 2693.0140000000001237, 35.45789538720653411, 2692.9000000000000909, 1, 2693.0140000000001237, 47.455300967416256697, 2692.9000000000000909, 1
2693.0239999999998872, 67.858168184275712065, 2692.9039999999999964, 1, 2693.0239999999998872, 54.005448238590105348, 2692.9039999999999964, 1, 2693.0239999999998872, 35.457898665052582032, 2692.9039999999999964, 1, 2693.0239999999998872, 47.455294041106043323, 2692.9039999999999964, 1
2693.0340000000001055, 67.858165339336522948, 2692.9090000000001055, 1, 2693.0340000000001055, 54.005467782203382399, 2692.9090000000001055, 1, 2693.0340000000001055, 35.457901942791082206, 2692.9090000000001055, 1, 2693.0340000000001055, 47.455287114892044542, 2692.9090000000001055, 1
2693.043999999999869, 67.858139250347207394, 2692.9149999999999636, 1, 2693.043999999999869, 54.005466086315514929, 2692.9149999999999636, 1, 2693.043999999999869, 35.45789950502182819, 2692.9149999999999636, 1, 2693.043999999999869, 47.45527303645246775, 2692.9149999999999636, 1
2693.0540000000000873, 67.858136405648338041, 2692.918999999999869, 1, 2693.0540000000000873, 54.005485628917739405, 2692.918999999999869, 1, 2693.0540000000000873, 35.457902782684371346, 2692.918999999999869, 1, 2693.0540000000000873, 47.455266110559136905, 2692.918999999999869, 1
2693.0650000000000546, 67.858133560730834688, 2692.9239999999999782, 1, 2693.0650000000000546, 54.005505170717334806, 2692.9239999999999782, 1, 2693.0650000000000546, 35.457906060222384781, 2692.9239999999999782, 1, 2693.0650000000000546, 47.455259184773076697, 2692.9239999999999782, 1
2693.0749999999998181, 67.858117804556002284, 2692.9290000000000873, 1, 2693.0749999999998181, 54.005512914525496626, 2692.9290000000000873, 1, 2693.0749999999998181, 35.457906162954344609, 2692.9290000000000873, 1, 2693.0749999999998181, 47.455248286203378427, 2692.9290000000000873, 1
2693.0850000000000364, 67.85811495963250195, 2692.9340000000001965, 1, 2693.0850000000000364, 54.005532454998302683, 2692.9340000000001965, 1, 2693.0850000000000364, 35.457909440374308474, 2692.9340000000001965, 1, 2693.0850000000000364, 47.455241360631362113, 2692.9340000000001965, 1
2693.0949999999997999, 67.8581121144962367, 2692.9389999999998508, 1, 2693.0949999999997999, 54.005551994690492279, 2692.9389999999998508, 1, 2693.0949999999997999, 35.457912717664441971, 2692.9389999999998508, 1, 2693.0949999999997999, 47.455234435183349717, 2692.9389999999998508, 1
2693.1039999999998145, 67.858091196495706754, 2692.9450000000001637, 1, 2693.1039999999998145, 54.005555020227369312, 2692.9450000000001637, 1, 2693.1039999999998145, 35.457911550934923639, 2692.9450000000001637, 1, 2693.1039999999998145, 47.455221948657012376, 2692.9450000000001637, 1
2693.1140000000000327, 67.858088351473142552, 2692.9490000000000691, 1, 2693.1140000000000327, 54.005574558755967018, 2692.9490000000000691, 1, 2693.1140000000000327, 35.457914828129638352, 2692.9490000000000691, 1, 2693.1140000000000327, 47.455215023480612047, 2692.9490000000000691, 1
2693.1239999999997963, 67.858085506218543514, 2692.9540000000001783, 1, 2693.1239999999997963, 54.005594096486134958, 2692.9540000000001783, 1, 2693.1239999999997963, 35.457918105204015546, 2692.9540000000001783, 1, 2693.1239999999997963, 47.455208098394152216, 2692.9540000000001783, 1
2693.1340000000000146, 67.858067172461176142, 2692.9600000000000364, 1, 2693.1340000000000146, 54.005599481535135453, 2692.9600000000000364, 1, 2693.1340000000000146, 35.457917573680802548, 2692.9600000000000364, 1, 2693.1340000000000146, 47.455196407474538489, 2692.9600000000000364, 1
2693.1449999999999818, 67.858059164893006709, 2692.9639999999999418, 1, 2693.1449999999999818, 54.005614301095164365, 2692.9639999999999418, 1, 2693.1449999999999818, 35.457919581264960129, 2692.9639999999999418, 1, 2693.1449999999999818, 47.455187894113507241, 2692.9639999999999418, 1
2693.1550000000002001, 67.858056319651097965, 2692.9690000000000509, 1, 2693.1550000000002001, 54.005633836921234092, 2692.9690000000000509, 1, 2693.1550000000002001, 35.457922858147661316, 2692.9690000000000509, 1, 2693.1550000000002001, 47.455180969406974612, 2692.9690000000000509, 1
2693.1649999999999636, 67.858053474173829045, 2692.9740000000001601, 1, 2693.1649999999999636, 54.005653371939921215, 2692.9740000000001601, 1, 2693.1649999999999636, 35.457926134896673886, 2692.9740000000001601, 1, 2693.1649999999999636, 47.455174044809758982, 2692.9740000000001601, 1
2693.1750000000001819, 68.005188130706955008, 2692.9789999999998145, 1, 2693.1750000000001819, 52.477510587087806471, 2692.9789999999998145, 1, 2693.1750000000001819, 35.25421756662453987, 2692.9789999999998145, 1, 2693.1750000000001819, 47.112094497129085369, 2692.9789999999998145, 1
2693.1849999999999454, 67.858029717371735501, 2692.9839999999999236, 1, 2693.1849999999999454, 54.005675933184086546, 2692.9839999999999236, 1, 2693.1849999999999454, 35.457928245888680863, 2692.9839999999999236, 1, 2693.1849999999999454, 47.455154636887399988, 2692.9839999999999236, 1
2693.1950000000001637, 67.858026871792077372, 2692.9890000000000327, 1, 2693.1950000000001637, 54.005695466259368231, 2692.9890000000000327, 1, 2693.1950000000001637, 35.457931522439139371, 2692.9890000000000327, 1, 2693.1950000000001637, 47.45514771264235776, 2692.9890000000000327, 1
2693.2049999999999272, 67.858011123919695251, 2692.9949999999998909, 1, 2693.2049999999999272, 54.00570320984795103, 2692.9949999999998909, 1, 2693.2049999999999272, 35.457931626276973702, 2692.9949999999998909, 1, 2693.2049999999999272, 47.455136818318024439, 2692.9949999999998909, 1
2693.2150000000001455, 67.858005698090082092, 2693, 1, 2693.2150000000001455, 54.00572038403645081, 2693, 1, 2693.2150000000001455, 35.457934268192985883, 2693, 1, 2693.2150000000001455, 47.455129100355037508, 2693, 1
2693.2269999999998618, 67.858003279212084635, 2693.0039999999999054, 1, 2693.2269999999998618, 54.005736985488454138, 2693.0039999999999054, 1, 2693.2269999999998618, 35.457937053056582499, 2693.0039999999999054, 1, 2693.2269999999998618, 47.455123215048033103, 2693.0039999999999054, 1
2693.2350000000001273, 67.858000433336826518, 2693.0100000000002183, 1, 2693.2350000000001273, 54.005756515769085979, 2693.0100000000002183, 1, 2693.2350000000001273, 35.457940329280788205, 2693.0100000000002183, 1, 2693.2350000000001273, 47.455116291252842586, 2693.0100000000002183, 1
2693.2449999999998909, 67.857979100898916158, 2693.0140000000001237, 1, 2693.2449999999998909, 54.005762473957304337, 2693.0140000000001237, 1, 2693.2449999999998909, 35.457939655986223215, 2693.0140000000001237, 1, 2693.2449999999998909, 47.455102771776886073, 2693.0140000000001237, 1
2693.2530000000001564, 67.857976539694135454, 2693.0189999999997781, 1, 2693.2530000000001564, 54.005780050159927441, 2693.0189999999997781, 1, 2693.2530000000001564, 35.457942604464058434, 2693.0189999999997781, 1, 2693.2530000000001564, 47.455096540624175816, 2693.0189999999997781, 1
2693.2649999999998727, 67.857973693704110474, 2693.0239999999998872, 1, 2693.2649999999998727, 54.005799578438264064, 2693.0239999999998872, 1, 2693.2649999999998727, 35.457945880459163845, 2693.0239999999998872, 1, 2693.2649999999998727, 47.455089617185429063, 2693.0239999999998872, 1
2693.2750000000000909, 67.857970562899851075, 2693.0289999999999964, 1, 2693.2750000000000909, 54.005821058677881297, 2693.0289999999999964, 1, 2693.2750000000000909, 35.457949483923201228, 2693.0289999999999964, 1, 2693.2750000000000909, 47.455082001518171353, 2693.0289999999999964, 1
2693.2849999999998545, 68.005142086341820118, 2693.0340000000001055, 1, 2693.2849999999998545, 52.47772879527907719, 2693.0340000000001055, 1, 2693.2849999999998545, 35.254254602852626022, 2693.0340000000001055, 1, 2693.2849999999998545, 47.112013295856165485, 2693.0340000000001055, 1
2693.2950000000000728, 67.857941656116338436, 2693.0390000000002146, 1, 2693.2950000000000728, 54.005838901160998944, 2693.0390000000002146, 1, 2693.2950000000000728, 35.457950326982995648, 2693.0390000000002146, 1, 2693.2950000000000728, 47.455061011755596212, 2693.0390000000002146, 1
2693.3049999999998363, 67.857938809968786131, 2693.043999999999869, 1, 2693.3049999999998363, 54.005858426757583857, 2693.043999999999869, 1, 2693.3049999999998363, 35.457953602672411364, 2693.043999999999869, 1, 2693.3049999999998363, 47.455054088831531089, 2693.043999999999869, 1
2693.3150000000000546, 67.857935963647292965, 2693.0489999999999782, 1, 2693.3150000000000546, 54.005877951535609327, 2693.0489999999999782, 1, 2693.3150000000000546, 35.4579568782344694, 2693.0489999999999782, 1, 2693.3150000000000546, 47.455047165991537383, 2693.0489999999999782, 1
2693.3249999999998181, 68.005125338175844263, 2693.0540000000000873, 1, 2693.3249999999998181, 52.477808118895410416, 2693.0540000000000873, 1, 2693.3249999999998181, 35.254268067174521661, 2693.0540000000000873, 1, 2693.3249999999998181, 47.111983770948441475, 2693.0540000000000873, 1
2693.3350000000000364, 68.005121150736655977, 2693.0590000000001965, 1, 2693.3350000000000364, 52.477827947735129044, 2693.0590000000001965, 1, 2693.3350000000000364, 35.254271432981454382, 2693.0590000000001965, 1, 2693.3350000000000364, 47.111976389959757228, 2693.0590000000001965, 1
2693.3539999999998145, 68.005116963161398758, 2693.0639999999998508, 1, 2693.3539999999998145, 52.477847775735405378, 2693.0639999999998508, 1, 2693.3539999999998145, 35.254274798681066727, 2693.0639999999998508, 1, 2693.3539999999998145, 47.111969009046461565, 2693.0639999999998508, 1
2693.3539999999998145, 68.005112775407880576, 2693.0700000000001637, 1, 2693.3539999999998145, 52.477867602920753143, 2693.0700000000001637, 1, 2693.3539999999998145, 35.254278164252966121, 2693.0700000000001637, 1, 2693.3539999999998145, 47.111961628251137313, 2693.0700000000001637, 1
2693.3640000000000327, 67.857883052513216171, 2693.0749999999998181, 1, 2693.3640000000000327, 54.005940225975734847, 2693.0749999999998181, 1, 2693.3640000000000327, 35.457963743631637499, 2693.0749999999998181, 1, 2693.3640000000000327, 47.455000651350502494, 2693.0749999999998181, 1
2693.3739999999997963, 68.005104399441677288, 2693.0799999999999272, 1, 2693.3739999999997963, 52.477907254792157232, 2693.0799999999999272, 1, 2693.3739999999997963, 35.254284895076239081, 2693.0799999999999272, 1, 2693.3739999999997963, 47.111946866921918797, 2693.0799999999999272, 1
2693.3939999999997781, 68.005100211193592941, 2693.0839999999998327, 1, 2693.3939999999997781, 52.477927079501689889, 2693.0839999999998327, 1, 2693.3939999999997781, 35.254288260307916403, 2693.0839999999998327, 1, 2693.3939999999997781, 47.111939486400963517, 2693.0839999999998327, 1
2693.3939999999997781, 68.005096022807535405, 2693.0889999999999418, 1, 2693.3939999999997781, 52.477946903378807519, 2693.0889999999999418, 1, 2693.3939999999997781, 35.254291625409997835, 2693.0889999999999418, 1, 2693.3939999999997781, 47.111932105995506959, 2693.0889999999999418, 1
2693.4039999999999964, 68.005091834291363284, 2693.0940000000000509, 1, 2693.4039999999999964, 52.477966726405853137, 2693.0940000000000509, 1, 2693.4039999999999964, 35.25429499043615067, 2693.0940000000000509, 1, 2693.4039999999999964, 47.111924725651938672, 2693.0940000000000509, 1
2693.4140000000002146, 68.00508764559324959, 2693.0990000000001601, 1, 2693.4140000000002146, 52.477986548644437903, 2693.0990000000001601, 1, 2693.4140000000002146, 35.254298355334576343, 2693.0990000000001601, 1, 2693.4140000000002146, 47.111917345409466407, 2693.0990000000001601, 1
2693.4239999999999782, 68.005083456711531653, 2693.1039999999998145, 1, 2693.4239999999999782, 52.478006370041995865, 2693.1039999999998145, 1, 2693.4239999999999782, 35.254301720115265084, 2693.1039999999998145, 1, 2693.4239999999999782, 47.111909965268793599, 2693.1039999999998145, 1
2693.4340000000001965, 68.005079267694611644, 2693.1089999999999236, 1, 2693.4340000000001965, 52.478026190603962675, 2693.1089999999999236, 1, 2693.4340000000001965, 35.254305084779460344, 2693.1089999999999236, 1, 2693.4340000000001965, 47.111902585233075058, 2693.1089999999999236, 1
2693.4450000000001637, 68.005075078529685584, 2693.1140000000000327, 1, 2693.4450000000001637, 52.478046010322756842, 2693.1140000000000327, 1, 2693.4450000000001637, 35.254308449338616072, 2693.1140000000000327, 1, 2693.4450000000001637, 47.111895205288931265, 2693.1140000000000327, 1
2693.4540000000001783, 67.857811036606705102, 2693.1190000000001419, 1, 2693.4540000000001783, 54.006073500313561908, 2693.1190000000001419, 1, 2693.4540000000001783, 35.457981807880372571, 2693.1190000000001419, 1, 2693.4540000000001783, 47.45492407994922246, 2693.1190000000001419, 1
2693.4650000000001455, 67.857808189671757759, 2693.1239999999997963, 1, 2693.4650000000001455, 54.006093015138716851, 2693.1239999999997963, 1, 2693.4650000000001455, 35.457985082298449697, 2693.1239999999997963, 1, 2693.4650000000001455, 47.454917158968207502, 2693.1239999999997963, 1
2693.4749999999999091, 67.857805342533225712, 2693.1289999999999054, 1, 2693.4749999999999091, 54.006112529164809644, 2693.1289999999999054, 1, 2693.4749999999999091, 35.457988356614251302, 2693.1289999999999054, 1, 2693.4749999999999091, 47.45491023809550768, 2693.1289999999999054, 1
2693.4850000000001273, 67.857787035171696743, 2693.1350000000002183, 1, 2693.4850000000001273, 54.006117917535405581, 2693.1350000000002183, 1, 2693.4850000000001273, 35.457987829010107816, 2693.1350000000002183, 1, 2693.4850000000001273, 47.454898559767997313, 2693.1350000000002183, 1
2693.4949999999998909, 68.005054130339885887, 2693.1399999999998727, 1, 2693.4949999999998909, 52.478145096594801089, 2693.1399999999998727, 1, 2693.4949999999998909, 35.254325270442748774, 2693.1399999999998727, 1, 2693.4949999999998909, 47.111858306926691853, 2693.1399999999998727, 1
2693.5050000000001091, 68.005049940221866223, 2693.1439999999997781, 1, 2693.5050000000001091, 52.478164911381405489, 2693.1439999999997781, 1, 2693.5050000000001091, 35.254328634317133151, 2693.1439999999997781, 1, 2693.5050000000001091, 47.111850927542732848, 2693.1439999999997781, 1
2693.5149999999998727, 67.857763035675176866, 2693.1489999999998872, 1, 2693.5149999999998727, 54.006162330969530672, 2693.1489999999998872, 1, 2693.5149999999998727, 35.457993849979573042, 2693.1489999999998872, 1, 2693.5149999999998727, 47.454873041384054488, 2693.1489999999998872, 1
2693.5250000000000909, 68.005041769051672418, 2693.1550000000002001, 1, 2693.5250000000000909, 52.478203547806927531, 2693.1550000000002001, 1, 2693.5250000000000909, 35.254335361736586663, 2693.1550000000002001, 1, 2693.5250000000000909, 47.111836169065526292, 2693.1550000000002001, 1
2693.5360000000000582, 68.005037578471089432, 2693.1590000000001055, 1, 2693.5360000000000582, 52.478223360129092612, 2693.1590000000001055, 1, 2693.5360000000000582, 35.254338725261135323, 2693.1590000000001055, 1, 2693.5360000000000582, 47.111828789967205466, 2693.1590000000001055, 1
2693.5450000000000728, 68.005033178212372036, 2693.1640000000002146, 1, 2693.5450000000000728, 52.478244162202827283, 2693.1640000000002146, 1, 2693.5450000000000728, 35.254342088687700141, 2693.1640000000002146, 1, 2693.5450000000000728, 47.11182141096205811, 2693.1640000000002146, 1
2693.5549999999998363, 68.005028987307127863, 2693.1700000000000728, 1, 2693.5549999999998363, 52.478263972822922767, 2693.1700000000000728, 1, 2693.5549999999998363, 35.254345452001643935, 2693.1700000000000728, 1, 2693.5549999999998363, 47.111814032054027734, 2693.1700000000000728, 1
2693.5650000000000546, 67.857725616393011592, 2693.1739999999999782, 1, 2693.5650000000000546, 54.006238697995996745, 2693.1739999999999782, 1, 2693.5650000000000546, 35.458004517987944837, 2693.1739999999999782, 1, 2693.5650000000000546, 47.454831307325775924, 2693.1739999999999782, 1
2693.5749999999998181, 67.857722768826320703, 2693.1790000000000873, 1, 2693.5749999999998181, 54.006258205305769593, 2693.1790000000000873, 1, 2693.5749999999998181, 35.458007791537390574, 2693.1790000000000873, 1, 2693.5749999999998181, 47.454824387645359707, 2693.1790000000000873, 1
2693.5839999999998327, 67.857719921045259071, 2693.1840000000001965, 1, 2693.5839999999998327, 54.006277711800208863, 2693.1840000000001965, 1, 2693.5839999999998327, 35.458011064938077084, 2693.1840000000001965, 1, 2693.5839999999998327, 47.454817468081301968, 2693.1840000000001965, 1
2693.5940000000000509, 67.857701621717609441, 2693.1900000000000546, 1, 2693.5940000000000509, 54.006283100948778042, 2693.1900000000000546, 1, 2693.5940000000000509, 35.458010538478340834, 2693.1900000000000546, 1, 2693.5940000000000509, 47.454805793648233703, 2693.1900000000000546, 1
2693.6050000000000182, 67.857698773970923867, 2693.19399999999996, 1, 2693.6050000000000182, 54.006302606224167562, 2693.19399999999996, 1, 2693.6050000000000182, 35.45801381177720657, 2693.19399999999996, 1, 2693.6050000000000182, 47.454798874332375647, 2693.19399999999996, 1
2693.6140000000000327, 67.857695926048847923, 2693.1990000000000691, 1, 2693.6140000000000327, 54.006322110693133709, 2693.1990000000000691, 1, 2693.6140000000000327, 35.458017084972631494, 2693.1990000000000691, 1, 2693.6140000000000327, 47.454791955101278234, 2693.1990000000000691, 1
2693.625, 67.857675054242292845, 2693.2040000000001783, 1, 2693.625, 54.006325147878065707, 2693.2040000000001783, 1, 2693.625, 35.458015925661541701, 2693.2040000000001783, 1, 2693.625, 47.454779489438536189, 2693.2040000000001783, 1
2693.6350000000002183, 67.857672491223965494, 2693.2089999999998327, 1, 2693.6350000000002183, 54.006344651176362959, 2693.2089999999998327, 1, 2693.6350000000002183, 35.458019198729843424, 2693.2089999999998327, 1, 2693.6350000000002183, 47.454772570515046937, 2693.2089999999998327, 1
2693.6539999999999964, 67.857669643227779943, 2693.2139999999999418, 1, 2693.6539999999999964, 54.006364153671086115, 2693.2139999999999418, 1, 2693.6539999999999964, 35.458022471692729027, 2693.2139999999999418, 1, 2693.6539999999999964, 47.454765651658590286, 2693.2139999999999418, 1
2693.6539999999999964, 67.857666510198853871, 2693.2190000000000509, 1, 2693.6539999999999964, 54.006383655349566197, 2693.2190000000000509, 1, 2693.6539999999999964, 35.458025744545494717, 2693.2190000000000509, 1, 2693.6539999999999964, 47.454758732892074136, 2693.2190000000000509, 1
2693.6640000000002146, 67.85764564168678703, 2693.2269999999998618, 1, 2693.6640000000002146, 54.006386693134473376, 2693.2269999999998618, 1, 2693.6640000000002146, 35.458024585751452662, 2693.2269999999998618, 1, 2693.6640000000002146, 47.454746268718373869, 2693.2269999999998618, 1
2693.6739999999999782, 67.857642793561694816, 2693.2289999999998145, 1, 2693.6739999999999782, 54.006406193673541338, 2693.2289999999998145, 1, 2693.6739999999999782, 35.458027858463736948, 2693.2289999999998145, 1, 2693.6739999999999782, 47.454739350277151289, 2693.2289999999998145, 1
2693.6849999999999454, 67.857639945277895777, 2693.2339999999999236, 1, 2693.6849999999999454, 54.006425693393282472, 2693.2339999999999236, 1, 2693.6849999999999454, 35.458031131099659206, 2693.2339999999999236, 1, 2693.6849999999999454, 47.454732431890803923, 2693.2339999999999236, 1
2693.6950000000001637, 67.857621653493623626, 2693.2409999999999854, 1, 2693.6950000000001637, 54.006431083477345112, 2693.2409999999999854, 1, 2693.6950000000001637, 35.458030605736951202, 2693.2409999999999854, 1, 2693.6950000000001637, 47.454720761073488688, 2693.2409999999999854, 1
2693.7080000000000837, 67.85761852039448172, 2693.2440000000001419, 1, 2693.7080000000000837, 54.006452531753055268, 2693.2440000000001419, 1, 2693.7080000000000837, 35.458034205490505997, 2693.2440000000001419, 1, 2693.7080000000000837, 47.454713151154777506, 2693.2440000000001419, 1
2693.7190000000000509, 67.857615529492164796, 2693.2489999999997963, 1, 2693.7190000000000509, 54.006473004258523929, 2693.2489999999997963, 1, 2693.7190000000000509, 35.458037641458417966, 2693.2489999999997963, 1, 2693.7190000000000509, 47.454705887275352438, 2693.2489999999997963, 1
2693.7260000000001128, 68.004957298780212227, 2693.2530000000001564, 1, 2693.7260000000001128, 52.478602606703368849, 2693.2530000000001564, 1, 2693.7260000000001128, 35.254402947046592942, 2693.2530000000001564, 1, 2693.7260000000001128, 47.111687867399950846, 2693.2530000000001564, 1
2693.7350000000001273, 68.004953105066931585, 2693.2590000000000146, 1, 2693.7350000000001273, 52.478622402353934717, 2693.2590000000000146, 1, 2693.7350000000001273, 35.254406308318067431, 2693.2590000000000146, 1, 2693.7350000000001273, 47.111680490207703542, 2693.2590000000000146, 1
2693.7559999999998581, 68.004949120888127823, 2693.2640000000001237, 1, 2693.7559999999998581, 52.478641207478233355, 2693.2640000000001237, 1, 2693.7559999999998581, 35.254409501395656434, 2693.2640000000001237, 1, 2693.7559999999998581, 47.111673113136305346, 2693.2640000000001237, 1
2693.7579999999998108, 68.004944926863373666, 2693.2689999999997781, 1, 2693.7579999999998108, 52.478661001514780082, 2693.2689999999997781, 1, 2693.7579999999998108, 35.254413030472008472, 2693.2689999999997781, 1, 2693.7579999999998108, 47.111665367294300211, 2693.2689999999997781, 1
2693.7660000000000764, 68.004940522974578698, 2693.2739999999998872, 1, 2693.7660000000000764, 52.478681784377727126, 2693.2739999999998872, 1, 2693.7660000000000764, 35.254416559434375245, 2693.2739999999998872, 1, 2693.7660000000000764, 47.111657990385126027, 2693.2739999999998872, 1
2693.7759999999998399, 68.004936328634371989, 2693.2809999999999491, 1, 2693.7759999999998399, 52.478701576741784152, 2693.2809999999999491, 1, 2693.7759999999998399, 35.254419752194472437, 2693.2809999999999491, 1, 2693.7759999999998399, 47.111650982421956257, 2693.2809999999999491, 1
2693.7860000000000582, 67.857546843179690654, 2693.2840000000001055, 1, 2693.7860000000000582, 54.006563830879855459, 2693.2840000000001055, 1, 2693.7860000000000582, 35.458048359339322531, 2693.2840000000001055, 1, 2693.7860000000000582, 47.454642765568657126, 2693.2840000000001055, 1
2693.7950000000000728, 67.857541422045756008, 2693.2890000000002146, 1, 2693.7950000000000728, 54.006580973162172654, 2693.2890000000002146, 1, 2693.7950000000000728, 35.45805099848095665, 2693.2890000000002146, 1, 2693.7950000000000728, 47.454635056913538449, 2693.2890000000002146, 1
2693.80600000000004, 67.857538573256107384, 2693.2950000000000728, 1, 2693.80600000000004, 54.006600464780383675, 2693.2950000000000728, 1, 2693.80600000000004, 35.458054270155869858, 2693.2950000000000728, 1, 2693.80600000000004, 47.454628140041656081, 2693.2950000000000728, 1
2693.8270000000002256, 68.004919549721321914, 2693.2989999999999782, 1, 2693.8270000000002256, 52.47878073788609754, 2693.2989999999999782, 1, 2693.8270000000002256, 35.254433194251603823, 2693.2989999999999782, 1, 2693.8270000000002256, 47.111621476154681432, 2693.2989999999999782, 1
2693.8270000000002256, 68.004915354585847354, 2693.3049999999998363, 1, 2693.8270000000002256, 52.478800526110596536, 2693.3049999999998363, 1, 2693.8270000000002256, 35.254436554475290677, 2693.3049999999998363, 1, 2693.8270000000002256, 47.111614099836728542, 2693.3049999999998363, 1
2693.8359999999997854, 67.857509449487537267, 2693.3090000000001965, 1, 2693.8359999999997854, 54.006640137288989933, 2693.3090000000001965, 1, 2693.8359999999997854, 35.458059024208573362, 2693.3090000000001965, 1, 2693.8359999999997854, 47.45460105760476921, 2693.3090000000001965, 1
2693.8560000000002219, 68.004906963868890557, 2693.3139999999998508, 1, 2693.8560000000002219, 54.006645529749228274, 2693.3139999999998508, 1, 2693.8560000000002219, 35.458058500738992791, 2693.3139999999998508, 1, 2693.8560000000002219, 47.454589046771992855, 2693.3139999999998508, 1
2693.8560000000002219, 67.857488321296884237, 2693.31899999999996, 1, 2693.8560000000002219, 54.006665018258331656, 2693.31899999999996, 1, 2693.8560000000002219, 35.458061772072966278, 2693.31899999999996, 1, 2693.8560000000002219, 47.454582130573712107, 2693.31899999999996, 1
2693.8640000000000327, 67.857482900857789332, 2693.3240000000000691, 1, 2693.8640000000000327, 54.006682156796429695, 2693.3240000000000691, 1, 2693.8640000000000327, 35.458064410909940989, 2693.3240000000000691, 1, 2693.8640000000000327, 47.454574768886160996, 2693.3240000000000691, 1
2693.8760000000002037, 67.857480051774871299, 2693.3290000000001783, 1, 2693.8760000000002037, 54.00670164374743365, 2693.3290000000001783, 1, 2693.8760000000002037, 35.458067682037352597, 2693.3290000000001783, 1, 2693.8760000000002037, 47.454567852876195388, 2693.3290000000001783, 1
2693.8859999999999673, 67.857477344974427069, 2693.3339999999998327, 1, 2693.8859999999999673, 54.006720155620108414, 2693.3339999999998327, 1, 2693.8859999999999673, 35.458070789494811947, 2693.3339999999998327, 1, 2693.8859999999999673, 47.454560936951118322, 2693.3339999999998327, 1
2693.8960000000001855, 67.8574592109892194, 2693.3389999999999418, 1, 2693.8960000000001855, 54.006724573511149856, 2693.3389999999999418, 1, 2693.8960000000001855, 35.458070102858059158, 2693.3389999999999418, 1, 2693.8960000000001855, 47.454549273460962411, 2693.3389999999999418, 1
2693.9059999999999491, 78.563818700318734045, 2693.3449999999997999, 1, 2693.9059999999999491, 45.00561403221909984, 2693.3449999999997999, 1, 2693.9059999999999491, 29.548393269801884742, 2693.3449999999997999, 1, 2693.9059999999999491, 90.528167437247105909, 2693.3449999999997999, 1
2693.9160000000001673, 105.49914799339791216, 2693.3490000000001601, 1, 2693.9160000000001673, 0, 2693.3490000000001601, 1, 2693.9160000000001673, 0, 2693.3490000000001601, 1, 2693.9160000000001673, 88.953200499973561932, 2693.3490000000001601, 1
2693.9259999999999309, 100.11254598110932079, 2693.3539999999998145, 1, 2693.9259999999999309, 0, 2693.3539999999998145, 1, 2693.9259999999999309, 0, 2693.3539999999998145, 1, 2693.9259999999999309, 27.422587597134942428, 2693.3539999999998145, 1
2693.9470000000001164, 91.885278403960285232, 2693.3589999999999236, 1, 2693.9470000000001164, 0, 2693.3589999999999236, 1, 2693.9470000000001164, 0, 2693.3589999999999236, 1, 2693.9470000000001164, 52.930240664175073562, 2693.3589999999999236, 1
2693.9470000000001164, 87.275603246031096205, 2693.3640000000000327, 1, 2693.9470000000001164, 0, 2693.3640000000000327, 1, 2693.9470000000001164, 0, 2693.3640000000000327, 1, 2693.9470000000001164, 92.357114283176684921, 2693.3640000000000327, 1
2693.9569999999998799, 86.077748637431568568, 2693.3690000000001419, 1, 2693.9569999999998799, 0, 2693.3690000000001419, 1, 2693.9569999999998799, 0, 2693.3690000000001419, 1, 2693.9569999999998799, 115.32021736195935091, 2693.3690000000001419, 1
2693.9670000000000982, 85.355584427702410721, 2693.3739999999997963, 1, 2693.9670000000000982, 0, 2693.3739999999997963, 1, 2693.9670000000000982, 0, 2693.3739999999997963, 1, 2693.9670000000000982, 131.16163732518543839, 2693.3739999999997963, 1
2693.9769999999998618, 80.179432805248410432, 2693.3800000000001091, 1, 2693.9769999999998618, 0, 2693.3800000000001091, 1, 2693.9769999999998618, 0, 2693.3800000000001091, 1, 2693.9769999999998618, 137.72512832490315304, 2693.3800000000001091, 1
2693.98700000000008, 79.357448714781796184, 2693.3840000000000146, 1, 2693.98700000000008, 0, 2693.3840000000000146, 1, 2693.98700000000008, 0, 2693.3840000000000146, 1, 2693.98700000000008, 146.49500785814976211, 2693.3840000000000146, 1
2693.9969999999998436, 79.092673554991563378, 2693.3890000000001237, 1, 2693.9969999999998436, 0, 2693.3890000000001237, 1, 2693.9969999999998436, 0, 2693.3890000000001237, 1, 2693.9969999999998436, 149.63647145275595562, 2693.3890000000001237, 1
2694.0180000000000291, 76.173107138860913778, 2693.3939999999997781, 1, 2694.0180000000000291, 0, 2693.3939999999997781, 1, 2694.0180000000000291, 0, 2693.3939999999997781, 1, 2694.0180000000000291, 149.79908896154711329, 2693.3939999999997781, 1
2694.0180000000000291, 78.234544446054044897, 2693.3989999999998872, 1, 2694.0180000000000291, 0, 2693.3989999999998872, 1, 2694.0180000000000291, 0, 2693.3989999999998872, 1, 2694.0180000000000291, 150.75662431963209542, 2693.3989999999998872, 1
2694.0270000000000437, 79.227251166228242596, 2693.4059999999999491, 1, 2694.0270000000000437, 0, 2693.4059999999999491, 1, 2694.0270000000000437, 271.01173282862293945, 2693.4059999999999491, 1, 2694.0270000000000437, 127.50689423380515564, 2693.4059999999999491, 1
2694.0470000000000255, 62.702120307521589382, 2693.4090000000001055, 1, 2694.0470000000000255, 0, 2693.4090000000001055, 1, 2694.0470000000000255, 162.45288342926778569, 2693.4090000000001055, 1, 2694.0470000000000255, 35.781822817458021291, 2693.4090000000001055, 1
2694.0470000000000255, 46.442817360954947503, 2693.4140000000002146, 1, 2694.0470000000000255, 42.114985558869385329, 2693.4140000000002146, 1, 2694.0470000000000255, 76.837457981968441345, 2693.4140000000002146, 1, 2694.0470000000000255, 52.694067119395988641, 2693.4140000000002146, 1
2694.056999999999789, 33.740997007610133096, 2693.418999999999869, 1, 2694.056999999999789, 8.4058541134009807649, 2693.418999999999869, 1, 2694.056999999999789, 58.913582882250125294, 2693.418999999999869, 1, 2694.056999999999789, 75.429590034624311556, 2693.418999999999869, 1
2694.068000000000211, 40.615056361899689819, 2693.4239999999999782, 1, 2694.068000000000211, 0.6657105966999198321, 2693.4239999999999782, 1, 2694.068000000000211, 45.627870406639942757, 2693.4239999999999782, 1, 2694.068000000000211, 77.408590273833965512, 2693.4239999999999782, 1
2694.0880000000001928, 53.66490404150487592, 2693.4299999999998363, 1, 2694.0880000000001928, 0, 2693.4299999999998363, 1, 2694.0880000000001928, 43.453575220875926277, 2693.4299999999998363, 1, 2694.0880000000001928, 82.042055702270999973, 2693.4299999999998363, 1
2694.0880000000001928, 62.049609289606152629, 2693.4349999999999454, 1, 2694.0880000000001928, 0, 2693.4349999999999454, 1, 2694.0880000000001928, 43.224266853467568694, 2693.4349999999999454, 1, 2694.0880000000001928, 81.698206714285902308, 2693.4349999999999454, 1
2694.0960000000000036, 68.605162034442656704, 2693.4389999999998508, 1, 2694.0960000000000036, 0, 2693.4389999999998508, 1, 2694.0960000000000036, 42.416678407971531328, 2693.4389999999998508, 1, 2694.0960000000000036, 78.800876735264608897, 2693.4389999999998508, 1
2694.1069999999999709, 77.570906251673974907, 2693.44399999999996, 1, 2694.1069999999999709, 0, 2693.44399999999996, 1, 2694.1069999999999709, 42.498616019781294995, 2693.44399999999996, 1, 2694.1069999999999709, 80.766505337199873793, 2693.44399999999996, 1
2694.1269999999999527, 27.900705194640224249, 2693.4490000000000691, 1, 2694.1269999999999527, 0, 2693.4490000000000691, 1, 2694.1269999999999527, 61.728379915825854596, 2693.4490000000000691, 1, 2694.1269999999999527, 33.152101909146686864, 2693.4490000000000691, 1
2694.137000000000171, 0, 2693.4540000000001783, 1, 2694.137000000000171, 50.839500805418111895, 2693.4540000000001783, 1, 2694.137000000000171, 81.660270626942690342, 2693.4540000000001783, 1, 2694.137000000000171, 0, 2693.4540000000001783, 1
2694.1469999999999345, 0, 2693.4589999999998327, 1, 2694.1469999999999345, 87.835228861224948105, 2693.4589999999998327, 1, 2694.1469999999999345, 84.226195900203748579, 2693.4589999999998327, 1, 2694.1469999999999345, 0, 2693.4589999999998327, 1
2694.1469999999999345, 0, 2693.4639999999999418, 1, 2694.1469999999999345, 108.24353623459032292, 2693.4639999999999418, 1, 2694.1469999999999345, 78.864538238555937255, 2693.4639999999999418, 1, 2694.1469999999999345, 0, 2693.4639999999999418, 1
2694.1570000000001528, 0, 2693.4690000000000509, 1, 2694.1570000000001528, 118.70271478605323523, 2693.4690000000000509, 1, 2694.1570000000001528, 74.753935861490205639, 2693.4690000000000509, 1, 2694.1570000000001528, 0, 2693.4690000000000509, 1
2694.1680000000001201, 0, 2693.4740000000001601, 1, 2694.1680000000001201, 125.42210851778878578, 2693.4740000000001601, 1, 2694.1680000000001201, 71.263045520906601382, 2693.4740000000001601, 1, 2694.1680000000001201, 0, 2693.4740000000001601, 1
2694.1770000000001346, 0, 2693.4789999999998145, 1, 2694.1770000000001346, 127.76090609268044318, 2693.4789999999998145, 1, 2694.1770000000001346, 71.523617635632433576, 2693.4789999999998145, 1, 2694.1770000000001346, 0, 2693.4789999999998145, 1
2694.1970000000001164, 0, 2693.4839999999999236, 1, 2694.1970000000001164, 127.3543242497002268, 2693.4839999999999236, 1, 2694.1970000000001164, 74.422227668232963538, 2693.4839999999999236, 1, 2694.1970000000001164, 0, 2693.4839999999999236, 1
2694.1970000000001164, 0, 2693.4890000000000327, 1, 2694.1970000000001164, 126.91058245913222891, 2693.4890000000000327, 1, 2694.1970000000001164, 73.162457247678304384, 2693.4890000000000327, 1, 2694.1970000000001164, 0, 2693.4890000000000327, 1
2694.2170000000000982, 0, 2693.4940000000001419, 1, 2694.2170000000000982, 125.36626310771761439, 2693.4940000000001419, 1, 2694.2170000000000982, 77.053375005076560456, 2693.4940000000001419, 1, 2694.2170000000000982, 0, 2693.4940000000001419, 1
2694.2170000000000982, 0, 2693.4989999999997963, 1, 2694.2170000000000982, 122.62787124205931377, 2693.4989999999997963, 1, 2694.2170000000000982, 81.874108646159712066, 2693.4989999999997963, 1, 2694.2170000000000982, 0, 2693.4989999999997963, 1
2694.2269999999998618, 0, 2693.5039999999999054, 1, 2694.2269999999998618, 120.2626576892321566, 2693.5039999999999054, 1, 2694.2269999999998618, 85.762671978993267885, 2693.5039999999999054, 1, 2694.2269999999998618, 0, 2693.5039999999999054, 1
2694.23700000000008, 0, 2693.5090000000000146, 1, 2694.23700000000008, 118.43468765733544501, 2693.5090000000000146, 1, 2694.23700000000008, 87.74252492014736049, 2693.5090000000000146, 1, 2694.23700000000008, 0, 2693.5090000000000146, 1
2694.2570000000000618, 0, 2693.5140000000001237, 1, 2694.2570000000000618, 117.21534196464331501, 2693.5140000000001237, 1, 2694.2570000000000618, 86.184481939772396686, 2693.5140000000001237, 1, 2694.2570000000000618, 0, 2693.5140000000001237, 1
2694.2669999999998254, 0, 2693.5199999999999818, 1, 2694.2669999999998254, 115.1606600141755905, 2693.5199999999999818, 1, 2694.2669999999998254, 88.348965654130324765, 2693.5199999999999818, 1, 2694.2669999999998254, 0, 2693.5199999999999818, 1
2694.2770000000000437, 0, 2693.5250000000000909, 1, 2694.2770000000000437, 113.37950287666140525, 2693.5250000000000909, 1, 2694.2770000000000437, 90.055423794664648085, 2693.5250000000000909, 1, 2694.2770000000000437, 0, 2693.5250000000000909, 1
2694.2869999999998072, 0, 2693.5289999999999964, 1, 2694.2869999999998072, 111.37657488793300331, 2693.5289999999999964, 1, 2694.2869999999998072, 94.303587847647690978, 2693.5289999999999964, 1, 2694.2869999999998072, 0, 2693.5289999999999964, 1
2694.2869999999998072, 0, 2693.5340000000001055, 1, 2694.2869999999998072, 109.51001798920651709, 2693.5340000000001055, 1, 2694.2869999999998072, 96.80001364081554982, 2693.5340000000001055, 1, 2694.2869999999998072, 0, 2693.5340000000001055, 1
2694.30600000000004, 0, 2693.5399999999999636, 1, 2694.30600000000004, 107.54627646035058319, 2693.5399999999999636, 1, 2694.30600000000004, 100.04851020125320815, 2693.5399999999999636, 1, 2694.30600000000004, 0, 2693.5399999999999636, 1
2694.306999999999789, 0, 2693.543999999999869, 1, 2694.306999999999789, 105.11102507995067867, 2693.543999999999869, 1, 2694.306999999999789, 104.61272925290248281, 2693.543999999999869, 1, 2694.306999999999789, 0, 2693.543999999999869, 1
2694.3270000000002256, 0, 2693.5489999999999782, 1, 2694.3270000000002256, 103.47525301835463551, 2693.5489999999999782, 1, 2694.3270000000002256, 104.82892425373253786, 2693.5489999999999782, 1, 2694.3270000000002256, 0, 2693.5489999999999782, 1
2694.3270000000002256, 0, 2693.5549999999998363, 1, 2694.3270000000002256, 100.81504214370256989, 2693.5549999999998363, 1, 2694.3270000000002256, 108.3040595783380553, 2693.5549999999998363, 1, 2694.3270000000002256, 0, 2693.5549999999998363, 1
2694.3369999999999891, 375.97066013892992942, 2693.5590000000001965, 1, 2694.3369999999999891, 82.383774583470568587, 2693.5590000000001965, 1, 2694.3369999999999891, 100.31051120229777496, 2693.5590000000001965, 1, 2694.3369999999999891, 0, 2693.5590000000001965, 1
2694.3470000000002074, 369.09419698175622671, 2693.5639999999998508, 1, 2694.3470000000002074, 13.8644557236899022, 2693.5639999999998508, 1, 2694.3470000000002074, 76.249805135789301858, 2693.5639999999998508, 1, 2694.3470000000002074, 0, 2693.5639999999998508, 1
2694.3569999999999709, 214.8178072774561258, 2693.56899999999996, 1, 2694.3569999999999709, 0, 2693.56899999999996, 1, 2694.3569999999999709, 72.666592788031707073, 2693.56899999999996, 1, 2694.3569999999999709, 0, 2693.56899999999996, 1
2694.3760000000002037, 25.733514357830351571, 2693.5740000000000691, 1, 2694.3760000000002037, 0, 2693.5740000000000691, 1, 2694.3760000000002037, 63.983554829774966777, 2693.5740000000000691, 1, 2694.3760000000002037, 96.740201087291367799, 2693.5740000000000691, 1
2694.3769999999999527, 15.380285892476006637, 2693.5799999999999272, 1, 2694.3769999999999527, 0, 2693.5799999999999272, 1, 2694.3769999999999527, 21.060601588943807627, 2693.5799999999999272, 1, 2694.3769999999999527, 45.781557239401202253, 2693.5799999999999272, 1
2694.3969999999999345, 19.6470270972501595, 2693.5839999999998327, 1, 2694.3969999999999345, 0, 2693.5839999999998327, 1, 2694.3969999999999345, 26.607112207443513796, 2693.5839999999998327, 1, 2694.3969999999999345, 23.323001701867323021, 2693.5839999999998327, 1
2694.3969999999999345, 45.950152503828775252, 2693.5900000000001455, 1, 2694.3969999999999345, 0, 2693.5900000000001455, 1, 2694.3969999999999345, 31.007760853037446225, 2693.5900000000001455, 1, 2694.3969999999999345, 22.612576859814929264, 2693.5900000000001455, 1
2694.4070000000001528, 66.868933689000471077, 2693.5940000000000509, 1, 2694.4070000000001528, 0, 2693.5940000000000509, 1, 2694.4070000000001528, 32.592790481550274251, 2693.5940000000000509, 1, 2694.4070000000001528, 27.637801636522169701, 2693.5940000000000509, 1
2694.4169999999999163, 83.527758948304978048, 2693.5990000000001601, 1, 2694.4169999999999163, 0, 2693.5990000000001601, 1, 2694.4169999999999163, 32.918386435833426162, 2693.5990000000001601, 1, 2694.4169999999999163, 35.235875186783474078, 2693.5990000000001601, 1
2694.4270000000001346, 88.528812567098441377, 2693.6039999999998145, 1, 2694.4270000000001346, 96.489456510511885767, 2693.6039999999998145, 1, 2694.4270000000001346, 32.38659109238448508, 2693.6039999999998145, 1, 2694.4270000000001346, 35.422210590458966806, 2693.6039999999998145, 1
2694.4360000000001492, 58.718627382674455362, 2693.6089999999999236, 1, 2694.4360000000001492, 119.91285575161280974, 2693.6089999999999236, 1, 2694.4360000000001492, 110.51622043551924435, 2693.6089999999999236, 1, 2694.4360000000001492, 56.097882174590779414, 2693.6089999999999236, 1
2694.4569999999998799, 26.600426978992981475, 2693.6140000000000327, 1, 2694.4569999999998799, 7.1711632105778040369, 2693.6140000000000327, 1, 2694.4569999999998799, 75.133681137323989674, 2693.6140000000000327, 1, 2694.4569999999998799, 89.553266405902490988, 2693.6140000000000327, 1
2694.4569999999998799, 67.07918979809531379, 2693.6190000000001419, 1, 2694.4569999999998799, 0, 2693.6190000000001419, 1, 2694.4569999999998799, 0, 2693.6190000000001419, 1, 2694.4569999999998799, 74.006638375637095351, 2693.6190000000001419, 1
2694.4670000000000982, 91.196116188012183557, 2693.6239999999997963, 1, 2694.4670000000000982, 0, 2693.6239999999997963, 1, 2694.4670000000000982, 0, 2693.6239999999997963, 1, 2694.4670000000000982, 72.872448739466221923, 2693.6239999999997963, 1
2694.4780000000000655, 101.07174258521621368, 2693.6289999999999054, 1, 2694.4780000000000655, 0, 2693.6289999999999054, 1, 2694.4780000000000655, 0, 2693.6289999999999054, 1, 2694.4780000000000655, 77.273200148415384092, 2693.6289999999999054, 1
2694.48700000000008, 112.40187627057818531, 2693.6340000000000146, 1, 2694.48700000000008, 0, 2693.6340000000000146, 1, 2694.48700000000008, 0, 2693.6340000000000146, 1, 2694.48700000000008, 76.475361094267583439, 2693.6340000000000146, 1
2694.4969999999998436, 113.58921275095828207, 2693.6390000000001237, 1, 2694.4969999999998436, 0, 2693.6390000000001237, 1, 2694.4969999999998436, 0, 2693.6390000000001237, 1, 2694.4969999999998436, 78.16230740993246684, 2693.6390000000001237, 1
2694.5070000000000618, 114.59696728711688252, 2693.6439999999997781, 1, 2694.5070000000000618, 0, 2693.6439999999997781, 1, 2694.5070000000000618, 0, 2693.6439999999997781, 1, 2694.5070000000000618, 82.860250282456007653, 2693.6439999999997781, 1
2694.5169999999998254, 113.9578445397766302, 2693.6500000000000909, 1, 2694.5169999999998254, 0, 2693.6500000000000909, 1, 2694.5169999999998254, 0, 2693.6500000000000909, 1, 2694.5169999999998254, 83.686323231181916071, 2693.6500000000000909, 1
2694.5279999999997926, 112.52637565088400606, 2693.6559999999999491, 1, 2694.5279999999997926, 0, 2693.6559999999999491, 1, 2694.5279999999997926, 0, 2693.6559999999999491, 1, 2694.5279999999997926, 88.209412376076969053, 2693.6559999999999491, 1
2694.5380000000000109, 110.95804277818629657, 2693.6590000000001055, 1, 2694.5380000000000109, 0, 2693.6590000000001055, 1, 2694.5380000000000109, 0, 2693.6590000000001055, 1, 2694.5380000000000109, 91.971903822669716533, 2693.6590000000001055, 1
2694.5470000000000255, 108.55658642623896526, 2693.6649999999999636, 1, 2694.5470000000000255, 0, 2693.6649999999999636, 1, 2694.5470000000000255, 0, 2693.6649999999999636, 1, 2694.5470000000000255, 98.604250955545310831, 2693.6649999999999636, 1
2694.556999999999789, 107.58233940235757586, 2693.668999999999869, 1, 2694.556999999999789, 0, 2693.668999999999869, 1, 2694.556999999999789, 0, 2693.668999999999869, 1, 2694.556999999999789, 100.84340586166194953, 2693.668999999999869, 1
2694.5670000000000073, 105.64715546801232904, 2693.6739999999999782, 1, 2694.5670000000000073, 0, 2693.6739999999999782, 1, 2694.5670000000000073, 0, 2693.6739999999999782, 1, 2694.5670000000000073, 104.51157115401525743, 2693.6739999999999782, 1
2694.5770000000002256, 103.27579217133484235, 2693.6790000000000873, 1, 2694.5770000000002256, 0, 2693.6790000000000873, 1, 2694.5770000000002256, 0, 2693.6790000000000873, 1, 2694.5770000000002256, 102.26413847533999046, 2693.6790000000000873, 1
2694.5869999999999891, 103.42643293698245088, 2693.6840000000001965, 1, 2694.5869999999999891, 0, 2693.6840000000001965, 1, 2694.5869999999999891, 0, 2693.6840000000001965, 1, 2694.5869999999999891, 108.05659729181169837, 2693.6840000000001965, 1
2694.5970000000002074, 102.39646952779989419, 2693.6889999999998508, 1, 2694.5970000000002074, 0, 2693.6889999999998508, 1, 2694.5970000000002074, 0, 2693.6889999999998508, 1, 2694.5970000000002074, 108.30595711181521779, 2693.6889999999998508, 1
2694.6069999999999709, 101.00289964248790398, 2693.69399999999996, 1, 2694.6069999999999709, 0, 2693.69399999999996, 1, 2694.6069999999999709, 0, 2693.69399999999996, 1, 2694.6069999999999709, 110.3680035568339548, 2693.69399999999996, 1
2694.6269999999999527, 99.858759626034611756, 2693.6990000000000691, 1, 2694.6269999999999527, 0, 2693.6990000000000691, 1, 2694.6269999999999527, 0, 2693.6990000000000691, 1, 2694.6269999999999527, 111.78913719703126617, 2693.6990000000000691, 1
2694.6269999999999527, 98.808361525726851937, 2693.706000000000131, 1, 2694.6269999999999527, 0, 2693.706000000000131, 1, 2694.6269999999999527, 0, 2693.706000000000131, 1, 2694.6269999999999527, 115.14726694557438691, 2693.706000000000131, 1
2694.637000000000171, 97.304883986936260953, 2693.7089999999998327, 1, 2694.637000000000171, 0, 2693.7089999999998327, 1, 2694.637000000000171, 0, 2693.7089999999998327, 1, 2694.637000000000171, 117.3382910731453137, 2693.7089999999998327, 1
2694.6469999999999345, 95.058161728258397716, 2693.7139999999999418, 1, 2694.6469999999999345, 0, 2693.7139999999999418, 1, 2694.6469999999999345, 0, 2693.7139999999999418, 1, 2694.6469999999999345, 121.49267228960908938, 2693.7139999999999418, 1
2694.6579999999999018, 93.77009198221159636, 2693.7190000000000509, 1, 2694.6579999999999018, 0, 2693.7190000000000509, 1, 2694.6579999999999018, 0, 2693.7190000000000509, 1, 2694.6579999999999018, 119.62874243036685584, 2693.7190000000000509, 1
2694.668999999999869, 91.670788164995926195, 2693.7240000000001601, 1, 2694.668999999999869, 360.26456592105932941, 2693.7240000000001601, 1, 2694.668999999999869, 0, 2693.7240000000001601, 1, 2694.668999999999869, 115.95260407472420638, 2693.7240000000001601, 1
2694.6770000000001346, 28.103428735969668395, 2693.7289999999998145, 1, 2694.6770000000001346, 308.99591114663223834, 2693.7289999999998145, 1, 2694.6770000000001346, 11.512984549311800819, 2693.7289999999998145, 1, 2694.6770000000001346, 101.30730418150039895, 2693.7289999999998145, 1
2694.6860000000001492, 2.7699957770034435711, 2693.7339999999999236, 1, 2694.6860000000001492, 107.0084314295859258, 2693.7339999999999236, 1, 2694.6860000000001492, 172.03305175902193014, 2693.7339999999999236, 1, 2694.6860000000001492, 66.22116018988069186, 2693.7339999999999236, 1
2694.6970000000001164, 0, 2693.7390000000000327, 1, 2694.6970000000001164, 26.248568610953171287, 2693.7390000000000327, 1, 2694.6970000000001164, 57.025447295309930951, 2693.7390000000000327, 1, 2694.6970000000001164, 36.20622911150443457, 2693.7390000000000327, 1
2694.7069999999998799, 0, 2693.7440000000001419, 1, 2694.7069999999998799, 7.0236649797289647523, 2693.7440000000001419, 1, 2694.7069999999998799, 19.979285973639562712, 2693.7440000000001419, 1, 2694.7069999999998799, 43.726447366726176824, 2693.7440000000001419, 1
2694.7159999999998945, 0, 2693.75, 1, 2694.7159999999998945, 23.049198132860851729, 2693.75, 1, 2694.7159999999998945, 15.28185452925602128, 2693.75, 1, 2694.7159999999998945, 50.107688645736566002, 2693.75, 1
2694.7269999999998618, 0, 2693.7539999999999054, 1, 2694.7269999999998618, 45.494269571290018916, 2693.7539999999999054, 1, 2694.7269999999998618, 19.333016107632051472, 2693.7539999999999054, 1, 2694.7269999999998618, 52.286430524151384702, 2693.7539999999999054, 1
2694.7359999999998763, 63.426381349847254398, 2693.7590000000000146, 1, 2694.7359999999998763, 59.234537062494965198, 2693.7590000000000146, 1, 2694.7359999999998763, 24.016592467112378273, 2693.7590000000000146, 1, 2694.7359999999998763, 57.115392056397510601, 2693.7590000000000146, 1
2694.7460000000000946, 57.397471385549209799, 2693.7640000000001237, 1, 2694.7460000000000946, 58.07697324434195707, 2693.7640000000001237, 1, 2694.7460000000000946, 25.482653730033248962, 2693.7640000000001237, 1, 2694.7460000000000946, 56.308407841633282942, 2693.7640000000001237, 1
2694.7570000000000618, 63.462480373694319269, 2693.7689999999997781, 1, 2694.7570000000000618, 56.63577834503168873, 2693.7689999999997781, 1, 2694.7570000000000618, 27.941814682123187197, 2693.7689999999997781, 1, 2694.7570000000000618, 58.175389936811527036, 2693.7689999999997781, 1
2694.7680000000000291, 27.416444234154852211, 2693.7739999999998872, 1, 2694.7680000000000291, 54.138808877369854144, 2693.7739999999998872, 1, 2694.7680000000000291, 52.130291601703596882, 2693.7739999999998872, 1, 2694.7680000000000291, 29.173928545348182695, 2693.7739999999998872, 1
2694.7779999999997926, 0, 2693.7789999999999964, 1, 2694.7779999999997926, 81.842198752050506982, 2693.7789999999999964, 1, 2694.7779999999997926, 72.396022909077316854, 2693.7789999999999964, 1, 2694.7779999999997926, 0, 2693.7789999999999964, 1
2694.7869999999998072, 0, 2693.7840000000001055, 1, 2694.7869999999998072, 104.47558737231065606, 2693.7840000000001055, 1, 2694.7869999999998072, 77.900320370781642509, 2693.7840000000001055, 1, 2694.7869999999998072, 0, 2693.7840000000001055, 1
2694.7979999999997744, 0, 2693.7890000000002146, 1, 2694.7979999999997744, 117.52696799392629146, 2693.7890000000002146, 1, 2694.7979999999997744, 73.915299149301574744, 2693.7890000000002146, 1, 2694.7979999999997744, 0, 2693.7890000000002146, 1
2694.8079999999999927, 0, 2693.793999999999869, 1, 2694.8079999999999927, 124.42125708459761313, 2693.793999999999869, 1, 2694.8079999999999927, 69.308491007253650196, 2693.793999999999869, 1, 2694.8079999999999927, 0, 2693.793999999999869, 1
2694.8270000000002256, 0, 2693.7989999999999782, 1, 2694.8270000000002256, 128.80637093555543515, 2693.7989999999999782, 1, 2694.8270000000002256, 67.416822236820536318, 2693.7989999999999782, 1, 2694.8270000000002256, 0, 2693.7989999999999782, 1
2694.8270000000002256, 0, 2693.8049999999998363, 1, 2694.8270000000002256, 128.89215848025082778, 2693.8049999999998363, 1, 2694.8270000000002256, 66.820928979209412546, 2693.8049999999998363, 1, 2694.8270000000002256, 0, 2693.8049999999998363, 1
2694.8369999999999891, 0, 2693.8090000000001965, 1, 2694.8369999999999891, 127.72394227067363204, 2693.8090000000001965, 1, 2694.8369999999999891, 69.169563532229688008, 2693.8090000000001965, 1, 2694.8369999999999891, 0, 2693.8090000000001965, 1
2694.8470000000002074, 0, 2693.8139999999998508, 1, 2694.8470000000002074, 125.00306655922122445, 2693.8139999999998508, 1, 2694.8470000000002074, 74.508070835888659644, 2693.8139999999998508, 1, 2694.8470000000002074, 0, 2693.8139999999998508, 1
2694.8569999999999709, 0, 2693.8200000000001637, 1, 2694.8569999999999709, 124.09132127047968197, 2693.8200000000001637, 1, 2694.8569999999999709, 73.650304696072979027, 2693.8200000000001637, 1, 2694.8569999999999709, 0, 2693.8200000000001637, 1
2694.8670000000001892, 0, 2693.8240000000000691, 1, 2694.8670000000001892, 120.89236905853499593, 2693.8240000000000691, 1, 2694.8670000000001892, 79.076602166276501293, 2693.8240000000000691, 1, 2694.8670000000001892, 0, 2693.8240000000000691, 1
2694.8760000000002037, 0, 2693.8290000000001783, 1, 2694.8760000000002037, 117.18634222907333253, 2693.8290000000001783, 1, 2694.8760000000002037, 86.830163054150233393, 2693.8290000000001783, 1, 2694.8760000000002037, 0, 2693.8290000000001783, 1
2694.887000000000171, 0, 2693.8350000000000364, 1, 2694.887000000000171, 114.42349556253694232, 2693.8350000000000364, 1, 2694.887000000000171, 90.314526293300417592, 2693.8350000000000364, 1, 2694.887000000000171, 0, 2693.8350000000000364, 1
2694.8969999999999345, 0, 2693.8389999999999418, 1, 2694.8969999999999345, 112.44068904132819853, 2693.8389999999999418, 1, 2694.8969999999999345, 93.991120525752378967, 2693.8389999999999418, 1, 2694.8969999999999345, 0, 2693.8389999999999418, 1
2694.9180000000001201, 0, 2693.8440000000000509, 1, 2694.9180000000001201, 109.57543069850089523, 2693.8440000000000509, 1, 2694.9180000000001201, 93.784572596348681373, 2693.8440000000000509, 1, 2694.9180000000001201, 0, 2693.8440000000000509, 1
2694.9369999999998981, 0, 2693.8490000000001601, 1, 2694.9369999999998981, 105.75339161823870882, 2693.8490000000001601, 1, 2694.9369999999998981, 97.065047393405166076, 2693.8490000000001601, 1, 2694.9369999999998981, 0, 2693.8490000000001601, 1
2694.9369999999998981, 0, 2693.8539999999998145, 1, 2694.9369999999998981, 103.6564285181981262, 2693.8539999999998145, 1, 2694.9369999999998981, 99.97048191053067967, 2693.8539999999998145, 1, 2694.9369999999998981, 0, 2693.8539999999998145, 1
2694.9479999999998654, 0, 2693.8589999999999236, 1, 2694.9479999999998654, 101.69006364716726409, 2693.8589999999999236, 1, 2694.9479999999998654, 104.83365989890666015, 2693.8589999999999236, 1, 2694.9479999999998654, 0, 2693.8589999999999236, 1
2694.9670000000000982, 0, 2693.8640000000000327, 1, 2694.9670000000000982, 98.671486092615026564, 2693.8640000000000327, 1, 2694.9670000000000982, 105.80871523417222591, 2693.8640000000000327, 1, 2694.9670000000000982, 0, 2693.8640000000000327, 1
2694.9670000000000982, 0, 2693.8699999999998909, 1, 2694.9670000000000982, 96.97785242532975758, 2693.8699999999998909, 1, 2694.9670000000000982, 106.57513177701855511, 2693.8699999999998909, 1, 2694.9670000000000982, 0, 2693.8699999999998909, 1
2694.9760000000001128, 360.2624107822134647, 2693.8739999999997963, 1, 2694.9760000000001128, 90.677773529835221211, 2693.8739999999997963, 1, 2694.9760000000001128, 112.50175839530902522, 2693.8739999999997963, 1, 2694.9760000000001128, 0, 2693.8739999999997963, 1
2694.9909999999999854, 371.1331725939419357, 2693.8789999999999054, 1, 2694.9909999999999854, 28.009202111423597614, 2693.8789999999999054, 1, 2694.9909999999999854, 84.07629931631268505, 2693.8789999999999054, 1, 2694.9909999999999854, 0, 2693.8789999999999054, 1
2694.9969999999998436, 378.29762384588264013, 2693.8840000000000146, 1, 2694.9969999999998436, 0.9685882181136160618, 2693.8840000000000146, 1, 2694.9969999999998436, 68.431509410008715122, 2693.8840000000000146, 1, 2694.9969999999998436, 0, 2693.8840000000000146, 1
2695.0059999999998581, 186.63098247049322254, 2693.8890000000001237, 1, 2695.0059999999998581, 0, 2693.8890000000001237, 1, 2695.0059999999998581, 77.325080798090965573, 2693.8890000000001237, 1, 2695.0059999999998581, 0, 2693.8890000000001237, 1
2695.0169999999998254, 13.000901051862816971, 2693.8949999999999818, 1, 2695.0169999999998254, 0, 2693.8949999999999818, 1, 2695.0169999999998254, 66.439851479177164606, 2693.8949999999999818, 1, 2695.0169999999998254, 0, 2693.8949999999999818, 1
2695.0270000000000437, 0.45063396709561787112, 2693.8989999999998872, 1, 2695.0270000000000437, 0, 2693.8989999999998872, 0, 2695.0270000000000437, 33.384005933269605748, 2693.8989999999998872, 0, 2695.0270000000000437, 0, 2693.8989999999998872, 1
2695.0459999999998217, 4.3643511397509078265, 2693.9039999999999964, 1, 2695.0459999999998217, 0, 2693.9039999999999964, 0, 2695.0459999999998217, 23.956930869271797491, 2693.9039999999999964, 0, 2695.0459999999998217, 32.380212676294306107, 2693.9039999999999964, 1
2695.0459999999998217, 24.005411822259752341, 2693.9099999999998545, 1, 2695.0459999999998217, 0, 2693.9099999999998545, 0, 2695.0459999999998217, 31.536173984082598309, 2693.9099999999998545, 0, 2695.0459999999998217, 14.708698381484119011, 2693.9099999999998545, 1
2695.0659999999998035, 64.667304669884345003, 2693.9149999999999636, 1, 2695.0659999999998035, 0, 2693.9149999999999636, 0, 2695.0659999999998035, 38.558704431809886159, 2693.9149999999999636, 0, 2695.0659999999998035, 20.406217157244981308, 2693.9149999999999636, 1
2695.0659999999998035, 85.410241418824654147, 2693.918999999999869, 1, 2695.0659999999998035, 0, 2693.918999999999869, 0, 2695.0659999999998035, 40.345307100780829046, 2693.918999999999869, 0, 2695.0659999999998035, 26.72560957416944305, 2693.918999999999869, 1
2695.0770000000002256, 96.811934422594390526, 2693.9239999999999782, 1, 2695.0770000000002256, 0, 2693.9239999999999782, 0, 2695.0770000000002256, 40.721825603555522832, 2693.9239999999999782, 0, 2695.0770000000002256, 33.887023118273859268, 2693.9239999999999782, 1
2695.0880000000001928, 87.182834152974521658, 2693.9290000000000873, 1, 2695.0880000000001928, 100.13459103896465763, 2693.9290000000000873, 0, 2695.0880000000001928, 119.70575980794663451, 2693.9290000000000873, 0, 2695.0880000000001928, 65.748521338906414258, 2693.9290000000000873, 1
2695.0970000000002074, 35.67022021378680563, 2693.9349999999999454, 1, 2695.0970000000002074, 84.753186441033832921, 2693.9349999999999454, 0, 2695.0970000000002074, 104.52286077505769413, 2693.9349999999999454, 0, 2695.0970000000002074, 99.344653134074135892, 2693.9349999999999454, 1
2695.1089999999999236, 69.563744119432485036, 2693.9400000000000546, 1, 2695.1089999999999236, 0, 2693.9400000000000546, 0, 2695.1089999999999236, 0, 2693.9400000000000546, 0, 2695.1089999999999236, 80.717208447123567794, 2693.9400000000000546, 1
2695.1170000000001892, 90.84057491834977327, 2693.943000000000211, 1, 2695.1170000000001892, 0, 2693.943000000000211, 0, 2695.1170000000001892, 0, 2693.943000000000211, 0, 2695.1170000000001892, 78.239213359315584739, 2693.943000000000211, 1
2695.1269999999999527, 103.12144205150489995, 2693.9490000000000691, 1, 2695.1269999999999527, 0, 2693.9490000000000691, 0, 2695.1269999999999527, 0, 2693.9490000000000691, 0, 2695.1269999999999527, 78.934691234789511327, 2693.9490000000000691, 1
2695.137000000000171, 108.5275493653888077, 2693.9540000000001783, 1, 2695.137000000000171, 0, 2693.9540000000001783, 0, 2695.137000000000171, 0, 2693.9540000000001783, 0, 2695.137000000000171, 80.545809389367065023, 2693.9540000000001783, 1
2695.1480000000001382, 110.77636885221551211, 2693.9589999999998327, 1, 2695.1480000000001382, 0, 2693.9589999999998327, 0, 2695.1480000000001382, 0, 2693.9589999999998327, 0, 2695.1480000000001382, 82.625186407366697949, 2693.9589999999998327, 1
2695.1570000000001528, 111.39723055883165159, 2693.9639999999999418, 1, 2695.1570000000001528, 0, 2693.9639999999999418, 0, 2695.1570000000001528, 0, 2693.9639999999999418, 0, 2695.1570000000001528, 85.835246744326425983, 2693.9639999999999418, 1
2695.1669999999999163, 110.96748044792516907, 2693.9679999999998472, 1, 2695.1669999999999163, 0, 2693.9679999999998472, 0, 2695.1669999999999163, 0, 2693.9679999999998472, 0, 2695.1669999999999163, 88.735674867196166815, 2693.9679999999998472, 1
2695.1770000000001346, 109.20517386408349125, 2693.9740000000001601, 1, 2695.1770000000001346, 0, 2693.9740000000001601, 0, 2695.1770000000001346, 0, 2693.9740000000001601, 0, 2695.1770000000001346, 93.957897633367593926, 2693.9740000000001601, 1
2695.1990000000000691, 107.93233777050906497, 2693.9789999999998145, 1, 2695.1990000000000691, 0, 2693.9789999999998145, 0, 2695.1990000000000691, 0, 2693.9789999999998145, 0, 2695.1990000000000691, 95.888033862972022803, 2693.9789999999998145, 1
2695.1990000000000691, 106.0148597939792694, 2693.9839999999999236, 1, 2695.1990000000000691, 0, 2693.9839999999999236, 0, 2695.1990000000000691, 0, 2693.9839999999999236, 0, 2695.1990000000000691, 102.79349634472504249, 2693.9839999999999236, 1
2695.206000000000131, 104.79389387549940693, 2693.9890000000000327, 1, 2695.206000000000131, 0, 2693.9890000000000327, 0, 2695.206000000000131, 0, 2693.9890000000000327, 0, 2695.206000000000131, 105.97228227973256764, 2693.9890000000000327, 1
2695.2170000000000982, 102.99398814352048248, 2693.9940000000001419, 1, 2695.2170000000000982, 0, 2693.9940000000001419, 0, 2695.2170000000000982, 0, 2693.9940000000001419, 0, 2695.2170000000000982, 108.74901910601721511, 2693.9940000000001419, 1
2695.2269999999998618, 102.03987910818679552, 2694, 1, 2695.2269999999998618, 0, 2694, 0, 2695.2269999999998618, 0, 2694, 0, 2695.2269999999998618, 109.95195503742439769, 2694, 1
2695.2390000000000327, 100.66156005530186235, 2694.0039999999999054, 1, 2695.2390000000000327, 0, 2694.0039999999999054, 0, 2695.2390000000000327, 0, 2694.0039999999999054, 0, 2695.2390000000000327, 106.76697947390395882, 2694.0039999999999054, 1
2695.2469999999998436, 98.937794307142127082, 2694.0090000000000146, 1, 2695.2469999999998436, 0, 2694.0090000000000146, 0, 2695.2469999999998436, 0, 2694.0090000000000146, 0, 2695.2469999999998436, 108.32816440523633617, 2694.0090000000000146, 1
2695.2570000000000618, 98.676212542417005125, 2694.0140000000001237, 1, 2695.2570000000000618, 0, 2694.0140000000001237, 0, 2695.2570000000000618, 0, 2694.0140000000001237, 0, 2695.2570000000000618, 110.21828961289492099, 2694.0140000000001237, 1
2695.2689999999997781, 97.622481561001592354, 2694.0189999999997781, 1, 2695.2689999999997781, 0, 2694.0189999999997781, 0, 2695.2689999999997781, 0, 2694.0189999999997781, 0, 2695.2689999999997781, 112.49981017688531892, 2694.0189999999997781, 1
2695.2770000000000437, 97.561643044205155206, 2694.0230000000001382, 1, 2695.2770000000000437, 0, 2694.0230000000001382, 0, 2695.2770000000000437, 0, 2694.0230000000001382, 0, 2695.2770000000000437, 119.3887959828198575, 2694.0230000000001382, 1
2695.2869999999998072, 95.996336180031562435, 2694.0289999999999964, 1, 2695.2869999999998072, 0, 2694.0289999999999964, 1, 2695.2869999999998072, 0, 2694.0289999999999964, 1, 2695.2869999999998072, 122.10114935366772215, 2694.0289999999999964, 1
2695.2970000000000255, 94.593362447842480378, 2694.0349999999998545, 1, 2695.2970000000000255, 0, 2694.0349999999998545, 1, 2695.2970000000000255, 0, 2694.0349999999998545, 1, 2695.2970000000000255, 124.94583568759685477, 2694.0349999999998545, 1
2695.30600000000004, 93.704519968632325799, 2694.0399999999999636, 1, 2695.30600000000004, 0, 2694.0399999999999636, 1, 2695.30600000000004, 0, 2694.0399999999999636, 1, 2695.30600000000004, 124.0673496527420383, 2694.0399999999999636, 1
2695.3170000000000073, 94.173477452616182859, 2694.0450000000000728, 1, 2695.3170000000000073, 0, 2694.0450000000000728, 1, 2695.3170000000000073, 0, 2694.0450000000000728, 1, 2695.3170000000000073, 120.94109708712005613, 2694.0450000000000728, 1
2695.3270000000002256, 89.412433901648100232, 2694.0489999999999782, 1, 2695.3270000000002256, 264.86270202351431635, 2694.0489999999999782, 1, 2695.3270000000002256, 296.6426116516544198, 2694.0489999999999782, 1, 2695.3270000000002256, 91.451818181609155545, 2694.0489999999999782, 1
2695.3369999999999891, 12.844786776806060402, 2694.0540000000000873, 1, 2695.3369999999999891, 161.53431954498236678, 2694.0540000000000873, 1, 2695.3369999999999891, 134.28749618830147483, 2694.0540000000000873, 1, 2695.3369999999999891, 17.129704258847816334, 2694.0540000000000873, 1
2695.3470000000002074, 0.050904827866672330838, 2694.0590000000001965, 1, 2695.3470000000002074, 36.086460286918537577, 2694.0590000000001965, 1, 2695.3470000000002074, 63.29667799948337148, 2694.0590000000001965, 1, 2695.3470000000002074, 38.080319998020314642, 2694.0590000000001965, 1
2695.3569999999999709, 7.4170385304047137254, 2694.0650000000000546, 1, 2695.3569999999999709, 16.049877142267657604, 2694.0650000000000546, 1, 2695.3569999999999709, 30.078968060206328516, 2694.0650000000000546, 1, 2695.3569999999999709, 49.596587853230118981, 2694.0650000000000546, 1
2695.3670000000001892, 19.514694587628067524, 2694.06899999999996, 1, 2695.3670000000001892, 28.829906882447225769, 2694.06899999999996, 1, 2695.3670000000001892, 21.649224761860622834, 2694.06899999999996, 1, 2695.3670000000001892, 55.630421164058979855, 2694.06899999999996, 1
2695.3780000000001564, 36.857412448069496236, 2694.0740000000000691, 1, 2695.3780000000001564, 41.687745564117548724, 2694.0740000000000691, 1, 2695.3780000000001564, 21.367886785437171682, 2694.0740000000000691, 1, 2695.3780000000001564, 57.156881328788948338, 2694.0740000000000691, 1
2695.387000000000171, 47.373181390918198019, 2694.0790000000001783, 1, 2695.387000000000171, 49.538126451746997247, 2694.0790000000001783, 1, 2695.387000000000171, 22.879186380682455138, 2694.0790000000001783, 1, 2695.387000000000171, 55.513085029171946871, 2694.0790000000001783, 1
2695.3969999999999345, 53.748499230280934569, 2694.0839999999998327, 1, 2695.3969999999999345, 56.444525801083479166, 2694.0839999999998327, 1, 2695.3969999999999345, 24.979914587020520145, 2694.0839999999998327, 1, 2695.3969999999999345, 51.930939096894547902, 2694.0839999999998327, 1
2695.4070000000001528, 50.860023381837756062, 2694.0889999999999418, 1, 2695.4070000000001528, 61.766634329839156692, 2694.0889999999999418, 1, 2695.4070000000001528, 25.872030095780630177, 2694.0889999999999418, 1, 2695.4070000000001528, 39.873846068902601303, 2694.0889999999999418, 1
2695.4169999999999163, 54.983598212622837309, 2694.0949999999997999, 1, 2695.4169999999999163, 59.554630661759759391, 2694.0949999999997999, 1, 2695.4169999999999163, 50.704201834800400661, 2694.0949999999997999, 1, 2695.4169999999999163, 36.125380232249142409, 2694.0949999999997999, 1
2695.4270000000001346, 0, 2694.0999999999999091, 0, 2695.4270000000001346, 82.15070231227475972, 2694.0999999999999091, 1, 2695.4270000000001346, 74.323206079875944852, 2694.0999999999999091, 1, 2695.4270000000001346, 0, 2694.0999999999999091, 0
2695.4369999999998981, 0, 2694.1039999999998145, 0, 2695.4369999999998981, 107.02937377096540672, 2694.1039999999998145, 1, 2695.4369999999998981, 75.438717515142599268, 2694.1039999999998145, 1, 2695.4369999999998981, 0, 2694.1039999999998145, 0
2695.4470000000001164, 0, 2694.1100000000001273, 0, 2695.4470000000001164, 121.3330500540662058, 2694.1100000000001273, 1, 2695.4470000000001164, 70.085123962444725976, 2694.1100000000001273, 1, 2695.4470000000001164, 0, 2694.1100000000001273, 0
2695.4569999999998799, 0, 2694.1149999999997817, 0, 2695.4569999999998799, 128.37207824856227489, 2694.1149999999997817, 1, 2695.4569999999998799, 65.9703782052883696, 2694.1149999999997817, 1, 2695.4569999999998799, 0, 2694.1149999999997817, 0
2695.4670000000000982, 0, 2694.1190000000001419, 0, 2695.4670000000000982, 131.26003143521461425, 2694.1190000000001419, 1, 2695.4670000000000982, 63.799058895876555653, 2694.1190000000001419, 1, 2695.4670000000000982, 0, 2694.1190000000001419, 0
2695.4769999999998618, 0, 2694.125, 0, 2695.4769999999998618, 131.3336394326745733, 2694.125, 1, 2695.4769999999998618, 64.526213089201434059, 2694.125, 1, 2695.4769999999998618, 0, 2694.125, 0
2695.4859999999998763, 0, 2694.1289999999999054, 0, 2695.4859999999998763, 130.5538568300333111, 2694.1289999999999054, 1, 2695.4859999999998763, 64.823827900635379251, 2694.1289999999999054, 1, 2695.4859999999998763, 0, 2694.1289999999999054, 0
2695.5079999999998108, 0, 2694.1340000000000146, 0, 2695.5079999999998108, 129.24487789902934765, 2694.1340000000000146, 1, 2695.5079999999998108, 68.554049666528243279, 2694.1340000000000146, 1, 2695.5079999999998108, 0, 2694.1340000000000146, 0
2695.5079999999998108, 0, 2694.1390000000001237, 0, 2695.5079999999998108, 127.20500629395806413, 2694.1390000000001237, 1, 2695.5079999999998108, 72.373855552063304231, 2694.1390000000001237, 1, 2695.5079999999998108, 0, 2694.1390000000001237, 0
2695.5169999999998254, 0, 2694.1439999999997781, 0, 2695.5169999999998254, 124.04670499747834356, 2694.1439999999997781, 1, 2695.5169999999998254, 76.956082847818777282, 2694.1439999999997781, 1, 2695.5169999999998254, 0, 2694.1439999999997781, 0
2695.5270000000000437, 0, 2694.1489999999998872, 0, 2695.5270000000000437, 121.02646556920518606, 2694.1489999999998872, 1, 2695.5270000000000437, 82.145802663144891653, 2694.1489999999998872, 1, 2695.5270000000000437, 0, 2694.1489999999998872, 0
2695.5369999999998072, 0, 2694.1539999999999964, 0, 2695.5369999999998072, 118.01079968177627677, 2694.1539999999999964, 1, 2695.5369999999998072, 86.571118454717606028, 2694.1539999999999964, 1, 2695.5369999999998072, 0, 2694.1539999999999964, 0
2695.5479999999997744, 0, 2694.1590000000001055, 0, 2695.5479999999997744, 116.10295754698735493, 2694.1590000000001055, 1, 2695.5479999999997744, 86.527297035802618552, 2694.1590000000001055, 1, 2695.5479999999997744, 0, 2694.1590000000001055, 0
2695.5670000000000073, 0, 2694.1640000000002146, 0, 2695.5670000000000073, 114.18934539768579839, 2694.1640000000002146, 1, 2695.5670000000000073, 90.892536349311157551, 2694.1640000000002146, 1, 2695.5670000000000073, 0, 2694.1640000000002146, 0
2695.5670000000000073, 0, 2694.168999999999869, 0, 2695.5670000000000073, 111.69143033255187447, 2694.168999999999869, 1, 2695.5670000000000073, 93.160206979509183611, 2694.168999999999869, 1, 2695.5670000000000073, 0, 2694.168999999999869, 0
2695.5770000000002256, 0, 2694.1739999999999782, 0, 2695.5770000000002256, 109.76801320353638403, 2694.1739999999999782, 1, 2695.5770000000002256, 94.890042196982093969, 2694.1739999999999782, 1, 2695.5770000000002256, 0, 2694.1739999999999782, 0
2695.5869999999999891, 0, 2694.1790000000000873, 0, 2695.5869999999999891, 107.42043697605953412, 2694.1790000000000873, 1, 2695.5869999999999891, 97.549917761487094481, 2694.1790000000000873, 1, 2695.5869999999999891, 0, 2694.1790000000000873, 0
2695.5970000000002074, 0, 2694.1829999999999927, 0, 2695.5970000000002074, 105.1477291766940283, 2694.1829999999999927, 1, 2695.5970000000002074, 98.782533239739422015, 2694.1829999999999927, 1, 2695.5970000000002074, 0, 2694.1829999999999927, 0
2695.6069999999999709, 0, 2694.1889999999998508, 0, 2695.6069999999999709, 102.74494635386867003, 2694.1889999999998508, 1, 2695.6069999999999709, 101.68205049296858533, 2694.1889999999998508, 1, 2695.6069999999999709, 0, 2694.1889999999998508, 0
2695.6170000000001892, 0, 2694.19399999999996, 0, 2695.6170000000001892, 99.711065697519032369, 2694.19399999999996, 1, 2695.6170000000001892, 106.12560866621313949, 2694.19399999999996, 1, 2695.6170000000001892, 0, 2694.19399999999996, 0
2695.6269999999999527, 363.70332165806951252, 2694.1990000000000691, 0, 2695.6269999999999527, 95.752825722187992596, 2694.1990000000000691, 1, 2695.6269999999999527, 107.02705292311910057, 2694.1990000000000691, 1, 2695.6269999999999527, 0, 2694.1990000000000691, 0
2695.6359999999999673, 396.93339318672963145, 2694.2040000000001783, 0, 2695.6359999999999673, 30.019308091526802684, 2694.2040000000001783, 1, 2695.6359999999999673, 81.459792600061661005, 2694.2040000000001783, 1, 2695.6359999999999673, 0, 2694.2040000000001783, 0
2695.6460000000001855, 369.72953206582292296, 2694.2089999999998327, 0, 2695.6460000000001855, 1.2477661745161168216, 2694.2089999999998327, 1, 2695.6460000000001855, 67.705555054323397712, 2694.2089999999998327, 1, 2695.6460000000001855, 0, 2694.2089999999998327, 0
2695.6559999999999491, 176.71740288751178127, 2694.2139999999999418, 0, 2695.6559999999999491, 0, 2694.2139999999999418, 1, 2695.6559999999999491, 76.287257896746524466, 2694.2139999999999418, 1, 2695.6559999999999491, 0, 2694.2139999999999418, 0
2695.6669999999999163, 13.777059788149481179, 2694.2220000000002074, 0, 2695.6669999999999163, 0, 2694.2220000000002074, 1, 2695.6669999999999163, 60.938059850699588083, 2694.2220000000002074, 1, 2695.6669999999999163, 0, 2694.2220000000002074, 0
2695.6770000000001346, 1.2462999695007765943, 2694.2240000000001601, 0, 2695.6770000000001346, 0, 2694.2240000000001601, 1, 2695.6770000000001346, 31.138620784989804235, 2694.2240000000001601, 1, 2695.6770000000001346, 0, 2694.2240000000001601, 0
2695.6869999999998981, 0, 2694.2289999999998145, 0, 2695.6869999999998981, 0, 2694.2289999999998145, 1, 2695.6869999999998981, 22.546479543206512375, 2694.2289999999998145, 1, 2695.6869999999998981, 34.352773927616141236, 2694.2289999999998145, 0
2695.7089999999998327, 27.146647310936124597, 2694.2339999999999236, 0, 2695.7089999999998327, 0, 2694.2339999999999236, 1, 2695.7089999999998327, 32.305281201500150701, 2694.2339999999999236, 1, 2695.7089999999998327, 17.977538989582686924, 2694.2339999999999236, 0
2695.7089999999998327, 64.942493042009147075, 2694.2390000000000327, 0, 2695.7089999999998327, 0, 2694.2390000000000327, 1, 2695.7089999999998327, 37.29398598533025222, 2694.2390000000000327, 1, 2695.7089999999998327, 22.55796884526983348, 2694.2390000000000327, 0
2695.7280000000000655, 96.606416996094097271, 2694.2440000000001419, 0, 2695.7280000000000655, 0, 2694.2440000000001419, 1, 2695.7280000000000655, 39.655733838263607538, 2694.2440000000001419, 1, 2695.7280000000000655, 33.01561270822301708, 2694.2440000000001419, 0
2695.73700000000008, 67.420532725296681065, 2694.2489999999997963, 0, 2695.73700000000008, 168.06314040263251286, 2694.2489999999997963, 1, 2695.73700000000008, 184.15006761078609543, 2694.2489999999997963, 1, 2695.73700000000008, 75.003513402977148417, 2694.2489999999997963, 0
2695.7460000000000946, 6.3048519229104806882, 2694.2539999999999054, 0, 2695.7460000000000946, 112.3551720941926817, 2694.2539999999999054, 1, 2695.7460000000000946, 81.386917157186744021, 2694.2539999999999054, 1, 2695.7460000000000946, 88.17050081903092007, 2694.2539999999999054, 0
2695.7570000000000618, 60.876345294847361345, 2694.2590000000000146, 0, 2695.7570000000000618, 0, 2694.2590000000000146, 1, 2695.7570000000000618, 0, 2694.2590000000000146, 1, 2695.7570000000000618, 75.288285004052028171, 2694.2590000000000146, 0
2695.7669999999998254, 89.127366791395090218, 2694.2640000000001237, 0, 2695.7669999999998254, 0, 2694.2640000000001237, 1, 2695.7669999999998254, 0, 2694.2640000000001237, 1, 2695.7669999999998254, 74.373222934927412098, 2694.2640000000001237, 0
2695.7770000000000437, 100.62375682930215248, 2694.2689999999997781, 0, 2695.7770000000000437, 0, 2694.2689999999997781, 1, 2695.7770000000000437, 0, 2694.2689999999997781, 1, 2695.7770000000000437, 74.994119540105074861, 2694.2689999999997781, 0
2695.7880000000000109, 107.98383862626118912, 2694.2719999999999345, 0, 2695.7880000000000109, 0, 2694.2719999999999345, 1, 2695.7880000000000109, 0, 2694.2719999999999345, 1, 2695.7880000000000109, 78.224059496454330542, 2694.2719999999999345, 0
2695.7970000000000255, 112.43457285884016983, 2694.2789999999999964, 0, 2695.7970000000000255, 0, 2694.2789999999999964, 1, 2695.7970000000000255, 0, 2694.2789999999999964, 1, 2695.7970000000000255, 78.606093378222141155, 2694.2789999999999964, 0
2695.8079999999999927, 113.79889092206667556, 2694.2840000000001055, 0, 2695.8079999999999927, 0, 2694.2840000000001055, 1, 2695.8079999999999927, 0, 2694.2840000000001055, 1, 2695.8079999999999927, 81.950621032325500437, 2694.2840000000001055, 0
2695.8170000000000073, 113.63223526358478921, 2694.2890000000002146, 0, 2695.8170000000000073, 0, 2694.2890000000002146, 1, 2695.8170000000000073, 0, 2694.2890000000002146, 1, 2695.8170000000000073, 85.380525984709734644, 2694.2890000000002146, 0
2695.8270000000002256, 112.91848790237190769, 2694.293999999999869, 0, 2695.8270000000002256, 0, 2694.293999999999869, 1, 2695.8270000000002256, 0, 2694.293999999999869, 1, 2695.8270000000002256, 87.574782030655939025, 2694.293999999999869, 0
2695.8369999999999891, 110.84010785816985845, 2694.2989999999999782, 0, 2695.8369999999999891, 0, 2694.2989999999999782, 1, 2695.8369999999999891, 0, 2694.2989999999999782, 1, 2695.8369999999999891, 91.301903066024152622, 2694.2989999999999782, 0
2695.8470000000002074, 109.47271667076276458, 2694.3040000000000873, 0, 2695.8470000000002074, 0, 2694.3040000000000873, 1, 2695.8470000000002074, 0, 2694.3040000000000873, 1, 2695.8470000000002074, 94.937016829370492133, 2694.3040000000000873, 0
2695.8560000000002219, 107.1809186994258738, 2694.3090000000001965, 0, 2695.8560000000002219, 0, 2694.3090000000001965, 1, 2695.8560000000002219, 0, 2694.3090000000001965, 1, 2695.8560000000002219, 99.56964121439183657, 2694.3090000000001965, 0
2695.8659999999999854, 105.73523764390259316, 2694.3139999999998508, 0, 2695.8659999999999854, 0, 2694.3139999999998508, 1, 2695.8659999999999854, 0, 2694.3139999999998508, 1, 2695.8659999999999854, 101.22392659247051938, 2694.3139999999998508, 0
2695.8769999999999527, 104.52795702744936079, 2694.31899999999996, 0, 2695.8769999999999527, 0, 2694.31899999999996, 1, 2695.8769999999999527, 0, 2694.31899999999996, 1, 2695.8769999999999527, 102.78314789540117147, 2694.31899999999996, 0
2695.8960000000001855, 103.44574455959103432, 2694.3240000000000691, 0, 2695.8960000000001855, 0, 2694.3240000000000691, 1, 2695.8960000000001855, 0, 2694.3240000000000691, 1, 2695.8960000000001855, 104.66566954649297827, 2694.3240000000000691, 0
2695.8960000000001855, 102.45552371114317225, 2694.3290000000001783, 0, 2695.8960000000001855, 0, 2694.3290000000001783, 1, 2695.8960000000001855, 0, 2694.3290000000001783, 1, 2695.8960000000001855, 106.65196543439057564, 2694.3290000000001783, 0
2695.9070000000001528, 100.92791751221389518, 2694.3339999999998327, 0, 2695.9070000000001528, 0, 2694.3339999999998327, 1, 2695.9070000000001528, 0, 2694.3339999999998327, 1, 2695.9070000000001528, 105.71902369887394002, 2694.3339999999998327, 0
2695.9169999999999163, 100.02470901450104179, 2694.3389999999999418, 0, 2695.9169999999999163, 0, 2694.3389999999999418, 1, 2695.9169999999999163, 0, 2694.3389999999999418, 1, 2695.9169999999999163, 108.36809985316263294, 2694.3389999999999418, 0
2695.9270000000001346, 98.939284470527837811, 2694.3440000000000509, 0, 2695.9270000000001346, 0, 2694.3440000000000509, 1, 2695.9270000000001346, 0, 2694.3440000000000509, 1, 2695.9270000000001346, 112.09375894290207043, 2694.3440000000000509, 0
2695.9369999999998981, 98.095234901106096004, 2694.3490000000001601, 0, 2695.9369999999998981, 0, 2694.3490000000001601, 1, 2695.9369999999998981, 0, 2694.3490000000001601, 1, 2695.9369999999998981, 113.98155696523900815, 2694.3490000000001601, 0
2695.9470000000001164, 95.151252975059719574, 2694.3539999999998145, 1, 2695.9470000000001164, 0, 2694.3539999999998145, 1, 2695.9470000000001164, 0, 2694.3539999999998145, 1, 2695.9470000000001164, 118.00231984664753782, 2694.3539999999998145, 1
2695.9679999999998472, 94.875421976539385582, 2694.3589999999999236, 1, 2695.9679999999998472, 0, 2694.3589999999999236, 1, 2695.9679999999998472, 0, 2694.3589999999999236, 1, 2695.9679999999998472, 116.03934467062467206, 2694.3589999999999236, 1
2695.9679999999998472, 95.013637797841596466, 2694.3640000000000327, 1, 2695.9679999999998472, 0, 2694.3640000000000327, 1, 2695.9679999999998472, 0, 2694.3640000000000327, 1, 2695.9679999999998472, 115.62407538312263, 2694.3640000000000327, 1
2695.9769999999998618, 81.511312290486088727, 2694.3690000000001419, 1, 2695.9769999999998618, 289.04671433396816838, 2694.3690000000001419, 1, 2695.9769999999998618, 325.23609136928303087, 2694.3690000000001419, 1, 2695.9769999999998618, 97.384602871370091748, 2694.3690000000001419, 1
2695.98700000000008, 6.4088076254299144452, 2694.375, 1, 2695.98700000000008, 165.29392179051768608, 2694.375, 1, 2695.98700000000008, 135.10102653288225838, 2694.375, 1, 2695.98700000000008, 12.54576409950456295, 2694.375, 1
2695.9969999999998436, 0, 2694.3789999999999054, 1, 2695.9969999999998436, 30.93573862916397843, 2694.3789999999999054, 1, 2695.9969999999998436, 57.039674308015889892, 2694.3789999999999054, 1, 2695.9969999999998436, 38.562915503304935783, 2694.3789999999999054, 1
2696.0079999999998108, 9.2809956365004850909, 2694.3850000000002183, 1, 2696.0079999999998108, 15.686086213210508333, 2694.3850000000002183, 1, 2696.0079999999998108, 30.280359252024808825, 2694.3850000000002183, 1, 2696.0079999999998108, 49.591979344903471372, 2694.3850000000002183, 1
2696.0169999999998254, 18.926300601771949061, 2694.38799999999992, 1, 2696.0169999999998254, 31.567959897796598057, 2694.38799999999992, 1, 2696.0169999999998254, 21.750629079119196518, 2694.38799999999992, 1, 2696.0169999999998254, 54.132086947418706302, 2694.38799999999992, 1
2696.0270000000000437, 32.6098485868938468, 2694.3939999999997781, 1, 2696.0270000000000437, 43.934536856513055625, 2694.3939999999997781, 1, 2696.0270000000000437, 21.202566928247776445, 2694.3939999999997781, 1, 2696.0270000000000437, 54.605344106442935015, 2694.3939999999997781, 1
2696.0369999999998072, 45.439552491836664672, 2694.3989999999998872, 1, 2696.0369999999998072, 51.172660220369706963, 2694.3989999999998872, 1, 2696.0369999999998072, 22.984571397189657915, 2694.3989999999998872, 1, 2696.0369999999998072, 55.919007855608853674, 2694.3989999999998872, 1
2696.056999999999789, 53.171177829727163555, 2694.4029999999997926, 1, 2696.056999999999789, 56.537466300602872593, 2694.4029999999997926, 1, 2696.056999999999789, 24.91703572421206303, 2694.4029999999997926, 1, 2696.056999999999789, 53.430864520449027566, 2694.4029999999997926, 1
2696.0659999999998035, 49.951657025465422635, 2694.4090000000001055, 1, 2696.0659999999998035, 59.235631226117966719, 2694.4090000000001055, 1, 2696.0659999999998035, 53.013634160373833026, 2694.4090000000001055, 1, 2696.0659999999998035, 33.51153922279225128, 2694.4090000000001055, 1
2696.0869999999999891, 0, 2694.4140000000002146, 1, 2696.0869999999999891, 85.411290007279490055, 2694.4140000000002146, 1, 2696.0869999999999891, 74.049932054179322449, 2694.4140000000002146, 1, 2696.0869999999999891, 0, 2694.4140000000002146, 1
2696.0869999999999891, 0, 2694.418999999999869, 1, 2696.0869999999999891, 104.87637269805975393, 2694.418999999999869, 1, 2696.0869999999999891, 76.655569275382703154, 2694.418999999999869, 1, 2696.0869999999999891, 0, 2694.418999999999869, 1
2696.1080000000001746, 0, 2694.4239999999999782, 1, 2696.1080000000001746, 119.24259099942344164, 2694.4239999999999782, 1, 2696.1080000000001746, 73.502735714374040299, 2694.4239999999999782, 1, 2696.1080000000001746, 0, 2694.4239999999999782, 1
2696.1179999999999382, 0, 2694.4290000000000873, 1, 2696.1179999999999382, 127.65819811389135907, 2694.4290000000000873, 0, 2696.1179999999999382, 68.821510579612805714, 2694.4290000000000873, 0, 2696.1179999999999382, 0, 2694.4290000000000873, 1
2696.1269999999999527, 0, 2694.4349999999999454, 1, 2696.1269999999999527, 130.34171915464094127, 2694.4349999999999454, 0, 2696.1269999999999527, 65.921029214010815167, 2694.4349999999999454, 0, 2696.1269999999999527, 0, 2694.4349999999999454, 1
2696.1359999999999673, 0, 2694.4389999999998508, 1, 2696.1359999999999673, 130.45127888541856009, 2694.4389999999998508, 0, 2696.1359999999999673, 65.851202636221671582, 2694.4389999999998508, 0, 2696.1359999999999673, 0, 2694.4389999999998508, 1
2696.137000000000171, 0, 2694.44399999999996, 1, 2696.137000000000171, 129.81318275289771691, 2694.44399999999996, 0, 2696.137000000000171, 68.003470438071062176, 2694.44399999999996, 0, 2696.137000000000171, 0, 2694.44399999999996, 1
2696.1579999999999018, 0, 2694.4490000000000691, 1, 2696.1579999999999018, 127.95138702076698678, 2694.4490000000000691, 0, 2696.1579999999999018, 69.81197565967423202, 2694.4490000000000691, 0, 2696.1579999999999018, 0, 2694.4490000000000691, 1
2696.1660000000001673, 0, 2694.4540000000001783, 1, 2696.1660000000001673, 124.49657109753253792, 2694.4540000000001783, 0, 2696.1660000000001673, 75.364950890055368404, 2694.4540000000001783, 0, 2696.1660000000001673, 0, 2694.4540000000001783, 1
2696.1770000000001346, 0, 2694.4600000000000364, 1, 2696.1770000000001346, 122.26807730748137715, 2694.4600000000000364, 0, 2696.1770000000001346, 80.208621818136577986, 2694.4600000000000364, 0, 2696.1770000000001346, 0, 2694.4600000000000364, 1
2696.1860000000001492, 0, 2694.4639999999999418, 1, 2696.1860000000001492, 119.6524712438115472, 2694.4639999999999418, 0, 2696.1860000000001492, 83.735008295373845044, 2694.4639999999999418, 0, 2696.1860000000001492, 0, 2694.4639999999999418, 1
2696.1970000000001164, 0, 2694.4690000000000509, 1, 2696.1970000000001164, 117.35056345948100898, 2694.4690000000000509, 0, 2696.1970000000001164, 87.147497607912868034, 2694.4690000000000509, 0, 2696.1970000000001164, 0, 2694.4690000000000509, 1
2696.2069999999998799, 0, 2694.4749999999999091, 1, 2696.2069999999998799, 114.75749150195269976, 2694.4749999999999091, 0, 2696.2069999999998799, 90.775687897099004431, 2694.4749999999999091, 0, 2696.2069999999998799, 0, 2694.4749999999999091, 1
2696.2080000000000837, 0, 2694.4789999999998145, 1, 2696.2080000000000837, 112.82105279836278555, 2694.4789999999998145, 0, 2696.2080000000000837, 92.483280494248830905, 2694.4789999999998145, 0, 2696.2080000000000837, 0, 2694.4789999999998145, 1
2696.2269999999998618, 0, 2694.4850000000001273, 1, 2696.2269999999998618, 110.60549435785682704, 2694.4850000000001273, 0, 2696.2269999999998618, 95.013803840665943312, 2694.4850000000001273, 0, 2696.2269999999998618, 0, 2694.4850000000001273, 1
2696.2269999999998618, 0, 2694.4899999999997817, 1, 2696.2269999999998618, 108.26055006810759096, 2694.4899999999997817, 0, 2696.2269999999998618, 96.980150841769983572, 2694.4899999999997817, 0, 2696.2269999999998618, 0, 2694.4899999999997817, 1
2696.2469999999998436, 0, 2694.4940000000001419, 1, 2696.2469999999998436, 105.8890972758599105, 2694.4940000000001419, 0, 2696.2469999999998436, 96.767591113257907409, 2694.4940000000001419, 0, 2696.2469999999998436, 0, 2694.4940000000001419, 1
2696.2480000000000473, 0, 2694.5, 1, 2696.2480000000000473, 104.27115801047378341, 2694.5, 0, 2696.2480000000000473, 99.442478882839864696, 2694.5, 0, 2696.2480000000000473, 0, 2694.5, 1
2696.2669999999998254, 0, 2694.5039999999999054, 1, 2696.2669999999998254, 101.66058998961700865, 2694.5039999999999054, 0, 2696.2669999999998254, 104.37932955534114399, 2694.5039999999999054, 0, 2696.2669999999998254, 0, 2694.5039999999999054, 1
2696.2669999999998254, 0, 2694.5100000000002183, 1, 2696.2669999999998254, 99.494286278935675227, 2694.5100000000002183, 0, 2696.2669999999998254, 106.99777252516199155, 2694.5100000000002183, 0, 2696.2669999999998254, 0, 2694.5100000000002183, 1
2696.2770000000000437, 338.27866127659422091, 2694.5140000000001237, 1, 2696.2770000000000437, 96.944187470480414959, 2694.5140000000001237, 0, 2696.2770000000000437, 102.66465219316100388, 2694.5140000000001237, 0, 2696.2770000000000437, 0, 2694.5140000000001237, 1
2696.2860000000000582, 384.46122606328447091, 2694.5189999999997781, 1, 2696.2860000000000582, 37.208443059577746226, 2694.5189999999997781, 0, 2696.2860000000000582, 87.524313049480895188, 2694.5189999999997781, 0, 2696.2860000000000582, 0, 2694.5189999999997781, 1
2696.306999999999789, 361.70690803166741034, 2694.5239999999998872, 1, 2696.306999999999789, 2.4038454711561896282, 2694.5239999999998872, 0, 2696.306999999999789, 70.983614942920581825, 2694.5239999999998872, 0, 2696.306999999999789, 0, 2694.5239999999998872, 1
2696.318000000000211, 191.99541822412152214, 2694.5289999999999964, 1, 2696.318000000000211, 0, 2694.5289999999999964, 0, 2696.318000000000211, 73.526594485603411044, 2694.5289999999999964, 0, 2696.318000000000211, 0, 2694.5289999999999964, 1
2696.3270000000002256, 0.3533621901463259718, 2694.5340000000001055, 1, 2696.3270000000002256, 0, 2694.5340000000001055, 0, 2696.3270000000002256, 29.196581039805494129, 2694.5340000000001055, 0, 2696.3270000000002256, 47.616856384617747722, 2694.5340000000001055, 1
2696.3389999999999418, 0, 2694.5380000000000109, 1, 2696.3389999999999418, 0, 2694.5380000000000109, 0, 2696.3389999999999418, 23.042914883366595546, 2694.5380000000000109, 0, 2696.3389999999999418, 14.520743684918613781, 2694.5380000000000109, 1
2696.3470000000002074, 31.474276717611658682, 2694.543999999999869, 1, 2696.3470000000002074, 0, 2694.543999999999869, 0, 2696.3470000000002074, 31.208663051110480779, 2694.543999999999869, 0, 2696.3470000000002074, 19.572221100445993613, 2694.543999999999869, 1
2696.3569999999999709, 64.919716496319836097, 2694.5489999999999782, 1, 2696.3569999999999709, 0, 2694.5489999999999782, 0, 2696.3569999999999709, 36.687850384522711522, 2694.5489999999999782, 0, 2696.3569999999999709, 26.327657246953574344, 2694.5489999999999782, 1
2696.3670000000001892, 84.715499117290022468, 2694.5540000000000873, 1, 2696.3670000000001892, 0, 2694.5540000000000873, 0, 2696.3670000000001892, 38.082680767429508251, 2694.5540000000000873, 0, 2696.3670000000001892, 32.74822251526146033, 2694.5540000000000873, 1
2696.3769999999999527, 92.363409374205716063, 2694.5590000000001965, 1, 2696.3769999999999527, 83.871303656595429743, 2694.5590000000001965, 0, 2696.3769999999999527, 39.367939761796947096, 2694.5590000000001965, 0, 2696.3769999999999527, 35.783777031564881099, 2694.5590000000001965, 1
2696.387000000000171, 62.807662775141309908, 2694.5639999999998508, 1, 2696.387000000000171, 113.98542367653050178, 2694.5639999999998508, 0, 2696.387000000000171, 118.57242932606943953, 2694.5639999999998508, 0, 2696.387000000000171, 55.968857379125239504, 2694.5639999999998508, 1
2696.3969999999999345, 21.291313896580156495, 2694.56899999999996, 1, 2696.3969999999999345, 27.341694737986550479, 2694.56899999999996, 0, 2696.3969999999999345, 100.79765591297925198, 2694.56899999999996, 0, 2696.3969999999999345, 87.832098196591232409, 2694.56899999999996, 1
2696.4070000000001528, 63.655400126127048566, 2694.5740000000000691, 1, 2696.4070000000001528, 0, 2694.5740000000000691, 0, 2696.4070000000001528, 0, 2694.5740000000000691, 0, 2696.4070000000001528, 75.575184597378139983, 2694.5740000000000691, 1
2696.4169999999999163, 87.610444858243980093, 2694.581000000000131, 1, 2696.4169999999999163, 0, 2694.581000000000131, 0, 2696.4169999999999163, 0, 2694.581000000000131, 0, 2696.4169999999999163, 76.820917244075914709, 2694.581000000000131, 1
2696.4369999999998981, 100.22510665354505477, 2694.5839999999998327, 1, 2696.4369999999998981, 0, 2694.5839999999998327, 0, 2696.4369999999998981, 0, 2694.5839999999998327, 0, 2696.4369999999998981, 80.491175373998885334, 2694.5839999999998327, 1
2696.4479999999998654, 107.51746974764134279, 2694.5900000000001455, 1, 2696.4479999999998654, 0, 2694.5900000000001455, 0, 2696.4479999999998654, 0, 2694.5900000000001455, 0, 2696.4479999999998654, 82.082437246339679859, 2694.5900000000001455, 1
2696.4479999999998654, 109.82861892923088476, 2694.5949999999997999, 1, 2696.4479999999998654, 0, 2694.5949999999997999, 0, 2696.4479999999998654, 0, 2694.5949999999997999, 0, 2696.4479999999998654, 82.590220462312657901, 2694.5949999999997999, 1
2696.4569999999998799, 110.58419267743309433, 2694.5990000000001601, 1, 2696.4569999999998799, 0, 2694.5990000000001601, 0, 2696.4569999999998799, 0, 2694.5990000000001601, 0, 2696.4569999999998799, 89.644743853887931095, 2694.5990000000001601, 1
2696.4670000000000982, 111.53327562379026006, 2694.6060000000002219, 1, 2696.4670000000000982, 0, 2694.6060000000002219, 0, 2696.4670000000000982, 0, 2694.6060000000002219, 0, 2696.4670000000000982, 89.361830591205148266, 2694.6060000000002219, 1
2696.4769999999998618, 108.89500030889226423, 2694.6089999999999236, 1, 2696.4769999999998618, 0, 2694.6089999999999236, 0, 2696.4769999999998618, 0, 2694.6089999999999236, 0, 2696.4769999999998618, 93.687983576990603751, 2694.6089999999999236, 1
2696.48700000000008, 107.79089535862095772, 2694.6159999999999854, 1, 2696.48700000000008, 0, 2694.6159999999999854, 0, 2696.48700000000008, 0, 2694.6159999999999854, 0, 2696.48700000000008, 95.17264579458057483, 2694.6159999999999854, 1
2696.4969999999998436, 105.70638825830565111, 2694.6190000000001419, 1, 2696.4969999999998436, 0, 2694.6190000000001419, 0, 2696.4969999999998436, 0, 2694.6190000000001419, 0, 2696.4969999999998436, 103.72695385885330666, 2694.6190000000001419, 1
2696.5199999999999818, 104.17559707056896912, 2694.6239999999997963, 1, 2696.5199999999999818, 0, 2694.6239999999997963, 0, 2696.5199999999999818, 0, 2694.6239999999997963, 0, 2696.5199999999999818, 107.09460467646124471, 2694.6239999999997963, 1
2696.5199999999999818, 103.31288373630303568, 2694.6289999999999054, 1, 2696.5199999999999818, 0, 2694.6289999999999054, 0, 2696.5199999999999818, 0, 2694.6289999999999054, 0, 2696.5199999999999818, 109.66058277351598349, 2694.6289999999999054, 1
2696.5270000000000437, 102.4669146390121881, 2694.6350000000002183, 1, 2696.5270000000000437, 0, 2694.6350000000002183, 0, 2696.5270000000000437, 0, 2694.6350000000002183, 0, 2696.5270000000000437, 110.9386783631999549, 2694.6350000000002183, 1
2696.5369999999998072, 101.55077884562331292, 2694.6399999999998727, 1, 2696.5369999999998072, 0, 2694.6399999999998727, 0, 2696.5369999999998072, 0, 2694.6399999999998727, 0, 2696.5369999999998072, 111.86090133791925894, 2694.6399999999998727, 1
2696.5470000000000255, 100.68591383441690823, 2694.6439999999997781, 1, 2696.5470000000000255, 0, 2694.6439999999997781, 0, 2696.5470000000000255, 0, 2694.6439999999997781, 0, 2696.5470000000000255, 113.3234704035469349, 2694.6439999999997781, 1
2696.55600000000004, 99.78823379131853244, 2694.6489999999998872, 1, 2696.55600000000004, 0, 2694.6489999999998872, 0, 2696.55600000000004, 0, 2694.6489999999998872, 0, 2696.55600000000004, 115.2069545231198191, 2694.6489999999998872, 1
2696.5670000000000073, 98.733056086655011541, 2694.6539999999999964, 1, 2696.5670000000000073, 0, 2694.6539999999999964, 0, 2696.5670000000000073, 0, 2694.6539999999999964, 0, 2696.5670000000000073, 115.93510999999156752, 2694.6539999999999964, 1
2696.5869999999999891, 97.749815954918062744, 2694.6590000000001055, 1, 2696.5869999999999891, 0, 2694.6590000000001055, 0, 2696.5869999999999891, 0, 2694.6590000000001055, 0, 2696.5869999999999891, 119.1927634491756578, 2694.6590000000001055, 1
2696.5869999999999891, 96.561256583236826145, 2694.6640000000002146, 1, 2696.5869999999999891, 0, 2694.6640000000002146, 0, 2696.5869999999999891, 0, 2694.6640000000002146, 0, 2696.5869999999999891, 122.04062712076979835, 2694.6640000000002146, 1
2696.6069999999999709, 95.052395453048376339, 2694.6720000000000255, 1, 2696.6069999999999709, 0, 2694.6720000000000255, 0, 2696.6069999999999709, 0, 2694.6720000000000255, 0, 2696.6069999999999709, 122.5582326571649503, 2694.6720000000000255, 1
2696.6260000000002037, 95.02098826358428596, 2694.6739999999999782, 1, 2696.6260000000002037, 0, 2694.6739999999999782, 1, 2696.6260000000002037, 0, 2694.6739999999999782, 1, 2696.6260000000002037, 122.40171581782504973, 2694.6739999999999782, 1
2696.6260000000002037, 93.82447645916313661, 2694.6790000000000873, 1, 2696.6260000000002037, 279.12265692648838922, 2694.6790000000000873, 1, 2696.6260000000002037, 296.39810820303330274, 2694.6790000000000873, 1, 2696.6260000000002037, 93.472655821121989561, 2694.6790000000000873, 1
2696.6359999999999673, 23.603518515661228605, 2694.6840000000001965, 1, 2696.6359999999999673, 184.67717493375309346, 2694.6840000000001965, 1, 2696.6359999999999673, 134.51984282217290456, 2694.6840000000001965, 1, 2696.6359999999999673, 6.0059141781215625855, 2694.6840000000001965, 1
2696.6469999999999345, 4.3354430231782110639, 2694.6889999999998508, 1, 2696.6469999999999345, 30.972352534150552117, 2694.6889999999998508, 1, 2696.6469999999999345, 50.116994893622340612, 2694.6889999999998508, 1, 2696.6469999999999345, 27.503433832464484254, 2694.6889999999998508, 1
2696.6570000000001528, 11.674972793331297893, 2694.69399999999996, 1, 2696.6570000000001528, 16.375161815174500646, 2694.69399999999996, 1, 2696.6570000000001528, 34.73205212097835215, 2694.69399999999996, 1, 2696.6570000000001528, 48.697798968320164192, 2694.69399999999996, 1
2696.6779999999998836, 23.881302460625263961, 2694.6990000000000691, 1, 2696.6779999999998836, 29.763408025362259934, 2694.6990000000000691, 1, 2696.6779999999998836, 27.101292692870622147, 2694.6990000000000691, 1, 2696.6779999999998836, 52.340930181892815654, 2694.6990000000000691, 1
2696.6869999999998981, 38.401206158645550204, 2694.7040000000001783, 1, 2696.6869999999998981, 41.797875274410678514, 2694.7040000000001783, 1, 2696.6869999999998981, 26.981744749774250636, 2694.7040000000001783, 1, 2696.6869999999998981, 52.603891452603065204, 2694.7040000000001783, 1
2696.6869999999998981, 51.128995171331155234, 2694.7089999999998327, 1, 2696.6869999999998981, 48.935812218352019443, 2694.7089999999998327, 1, 2696.6869999999998981, 26.434878276643537731, 2694.7089999999998327, 1, 2696.6869999999998981, 54.224098964675221168, 2694.7089999999998327, 1
2696.6959999999999127, 56.867545858905309331, 2694.7139999999999418, 1, 2696.6959999999999127, 54.064242017369650739, 2694.7139999999999418, 1, 2696.6959999999999127, 26.513098292826256852, 2694.7139999999999418, 1, 2696.6959999999999127, 49.941444490548178692, 2694.7139999999999418, 1
2696.7170000000000982, 51.567429654599635569, 2694.7190000000000509, 1, 2696.7170000000000982, 59.53991342189904401, 2694.7190000000000509, 1, 2696.7170000000000982, 27.141004422023200959, 2694.7190000000000509, 1, 2696.7170000000000982, 37.854795307382971714, 2694.7190000000000509, 1
2696.7170000000000982, 42.645632939163860442, 2694.7249999999999091, 1, 2696.7170000000000982, 57.926437261479321705, 2694.7249999999999091, 1, 2696.7170000000000982, 48.270655672857245122, 2694.7249999999999091, 1, 2696.7170000000000982, 37.77037165652411943, 2694.7249999999999091, 1
2696.73700000000008, 0, 2694.7289999999998145, 1, 2696.73700000000008, 80.121282682538350173, 2694.7289999999998145, 1, 2696.73700000000008, 77.897410964264594213, 2694.7289999999998145, 1, 2696.73700000000008, 0, 2694.7289999999998145, 1
2696.7489999999997963, 0, 2694.7350000000001273, 1, 2696.7489999999997963, 102.43848295390407088, 2694.7350000000001273, 1, 2696.7489999999997963, 74.268272421745294309, 2694.7350000000001273, 1, 2696.7489999999997963, 0, 2694.7350000000001273, 1
2696.7489999999997963, 0, 2694.7390000000000327, 1, 2696.7489999999997963, 118.77797636814550231, 2694.7390000000000327, 1, 2696.7489999999997963, 69.385949287637629368, 2694.7390000000000327, 1, 2696.7489999999997963, 0, 2694.7390000000000327, 1
2696.7570000000000618, 0, 2694.7440000000001419, 1, 2696.7570000000000618, 126.39802902344000302, 2694.7440000000001419, 1, 2696.7570000000000618, 65.478275001046824855, 2694.7440000000001419, 1, 2696.7570000000000618, 0, 2694.7440000000001419, 1
2696.7660000000000764, 0, 2694.7510000000002037, 0, 2696.7660000000000764, 130.74293594523999218, 2694.7510000000002037, 1, 2696.7660000000000764, 62.582637725804467266, 2694.7510000000002037, 1, 2696.7660000000000764, 0, 2694.7510000000002037, 0
2696.7860000000000582, 0, 2694.7539999999999054, 0, 2696.7860000000000582, 131.49546445192302713, 2694.7539999999999054, 1, 2696.7860000000000582, 62.401968792611469894, 2694.7539999999999054, 1, 2696.7860000000000582, 0, 2694.7539999999999054, 0
2696.7860000000000582, 0, 2694.7590000000000146, 0, 2696.7860000000000582, 130.9015414701761415, 2694.7590000000000146, 1, 2696.7860000000000582, 64.569501926495306066, 2694.7590000000000146, 1, 2696.7860000000000582, 0, 2694.7590000000000146, 0
2696.7970000000000255, 0, 2694.7640000000001237, 0, 2696.7970000000000255, 129.45917579436164147, 2694.7640000000001237, 1, 2696.7970000000000255, 68.070487019338287382, 2694.7640000000001237, 1, 2696.7970000000000255, 0, 2694.7640000000001237, 0
2696.8170000000000073, 0, 2694.7699999999999818, 0, 2696.8170000000000073, 127.06571209349201013, 2694.7699999999999818, 1, 2696.8170000000000073, 72.166889968527243582, 2694.7699999999999818, 1, 2696.8170000000000073, 0, 2694.7699999999999818, 0
2696.8279999999999745, 0, 2694.7750000000000909, 0, 2696.8279999999999745, 125.26059220194062505, 2694.7750000000000909, 1, 2696.8279999999999745, 75.1681231224135189, 2694.7750000000000909, 1, 2696.8279999999999745, 0, 2694.7750000000000909, 0
2696.8369999999999891, 0, 2694.7789999999999964, 0, 2696.8369999999999891, 122.08570763432251738, 2694.7789999999999964, 1, 2696.8369999999999891, 80.590773329666774316, 2694.7789999999999964, 1, 2696.8369999999999891, 0, 2694.7789999999999964, 0
2696.8470000000002074, 0, 2694.7849999999998545, 0, 2696.8470000000002074, 119.24191096785264676, 2694.7849999999998545, 1, 2696.8470000000002074, 84.047276653759510623, 2694.7849999999998545, 1, 2696.8470000000002074, 0, 2694.7849999999998545, 0
2696.8569999999999709, 0, 2694.7890000000002146, 0, 2696.8569999999999709, 116.56339853429099662, 2694.7890000000002146, 1, 2696.8569999999999709, 89.790098730463910215, 2694.7890000000002146, 1, 2696.8569999999999709, 0, 2694.7890000000002146, 0
2696.8569999999999709, 0, 2694.793999999999869, 0, 2696.8569999999999709, 114.57061268472241977, 2694.793999999999869, 1, 2696.8569999999999709, 90.267431110841911845, 2694.793999999999869, 1, 2696.8569999999999709, 0, 2694.793999999999869, 0
2696.8769999999999527, 0, 2694.7989999999999782, 0, 2696.8769999999999527, 112.19231825792533641, 2694.7989999999999782, 1, 2696.8769999999999527, 89.522830787255799123, 2694.7989999999999782, 1, 2696.8769999999999527, 0, 2694.7989999999999782, 0
2696.8769999999999527, 0, 2694.80600000000004, 0, 2696.8769999999999527, 110.09816444112288991, 2694.80600000000004, 1, 2696.8769999999999527, 91.743849581802024318, 2694.80600000000004, 1, 2696.8769999999999527, 0, 2694.80600000000004, 0
2696.8969999999999345, 0, 2694.8090000000001965, 0, 2696.8969999999999345, 108.0615775737088029, 2694.8090000000001965, 1, 2696.8969999999999345, 94.654821440948026634, 2694.8090000000001965, 1, 2696.8969999999999345, 0, 2694.8090000000001965, 0
2696.9059999999999491, 0, 2694.8150000000000546, 0, 2696.9059999999999491, 105.82788373601249532, 2694.8150000000000546, 1, 2696.9059999999999491, 99.674720141570119836, 2694.8150000000000546, 1, 2696.9059999999999491, 0, 2694.8150000000000546, 0
2696.9180000000001201, 0, 2694.818000000000211, 0, 2696.9180000000001201, 103.27602312326885681, 2694.818000000000211, 1, 2696.9180000000001201, 104.15582250475564763, 2694.818000000000211, 1, 2696.9180000000001201, 0, 2694.818000000000211, 0
2696.9279999999998836, 0, 2694.8240000000000691, 0, 2696.9279999999998836, 100.50518689152720242, 2694.8240000000000691, 1, 2696.9279999999998836, 107.51534419190451786, 2694.8240000000000691, 1, 2696.9279999999998836, 0, 2694.8240000000000691, 0
2696.9279999999998836, 375.9990808596747911, 2694.8290000000001783, 0, 2696.9279999999998836, 87.911008478493229745, 2694.8290000000001783, 1, 2696.9279999999998836, 103.15326529413704293, 2694.8290000000001783, 1, 2696.9279999999998836, 0, 2694.8290000000001783, 0
2696.9380000000001019, 378.18194565574538046, 2694.8339999999998327, 0, 2696.9380000000001019, 19.961620586451889636, 2694.8339999999998327, 1, 2696.9380000000001019, 77.181079999611043263, 2694.8339999999998327, 1, 2696.9380000000001019, 0, 2694.8339999999998327, 0
2696.9490000000000691, 344.94177935438403892, 2694.8400000000001455, 0, 2696.9490000000000691, 0.054804290238072705943, 2694.8400000000001455, 1, 2696.9490000000000691, 68.249855441212432083, 2694.8400000000001455, 1, 2696.9490000000000691, 0, 2694.8400000000001455, 0
2696.9580000000000837, 164.89534012272963537, 2694.8440000000000509, 0, 2696.9580000000000837, 0, 2694.8440000000000509, 1, 2696.9580000000000837, 67.928752703206086494, 2694.8440000000000509, 1, 2696.9580000000000837, 0, 2694.8440000000000509, 0
2696.9679999999998472, 8.2883257837459343165, 2694.8510000000001128, 0, 2696.9679999999998472, 0, 2694.8510000000001128, 1, 2696.9679999999998472, 50.723010226996763095, 2694.8510000000001128, 1, 2696.9679999999998472, 0, 2694.8510000000001128, 0
2696.9780000000000655, 1.2487241519318525995, 2694.8539999999998145, 0, 2696.9780000000000655, 0, 2694.8539999999998145, 1, 2696.9780000000000655, 30.859304676739750306, 2694.8539999999998145, 1, 2696.9780000000000655, 0, 2694.8539999999998145, 0
2696.9890000000000327, 0, 2694.8589999999999236, 0, 2696.9890000000000327, 0, 2694.8589999999999236, 1, 2696.9890000000000327, 23.591064125482365199, 2694.8589999999999236, 1, 2696.9890000000000327, 33.145668407226288821, 2694.8589999999999236, 0
2697.0079999999998108, 0, 2694.8640000000000327, 0, 2697.0079999999998108, 0, 2694.8640000000000327, 1, 2697.0079999999998108, 26.706227782423614059, 2694.8640000000000327, 1, 2697.0079999999998108, 16.709518850197635942, 2694.8640000000000327, 0
2697.0189999999997781, 78.009660942410533835, 2694.8690000000001419, 0, 2697.0189999999997781, 0, 2694.8690000000001419, 1, 2697.0189999999997781, 31.737451506708623583, 2694.8690000000001419, 1, 2697.0189999999997781, 29.167453931511452936, 2694.8690000000001419, 0
2697.0279999999997926, 90.153617632610902888, 2694.875, 0, 2697.0279999999997926, 0, 2694.875, 1, 2697.0279999999997926, 41.582547646027052224, 2694.875, 1, 2697.0279999999997926, 34.819125418103993752, 2694.875, 0
2697.0390000000002146, 99.296681079714119278, 2694.8789999999999054, 0, 2697.0390000000002146, 0, 2694.8789999999999054, 1, 2697.0390000000002146, 41.770952540126842223, 2694.8789999999999054, 1, 2697.0390000000002146, 40.490273163408417645, 2694.8789999999999054, 0
2697.0479999999997744, 55.643900230157079534, 2694.8850000000002183, 0, 2697.0479999999997744, 127.28887649961583861, 2694.8850000000002183, 1, 2697.0479999999997744, 164.69718882864464149, 2694.8850000000002183, 1, 2697.0479999999997744, 85.577469442627688068, 2694.8850000000002183, 0
2697.0479999999997744, 24.458619640531033212, 2694.8890000000001237, 0, 2697.0479999999997744, 8.5993367740470834093, 2694.8890000000001237, 1, 2697.0479999999997744, 48.497942346472072472, 2694.8890000000001237, 1, 2697.0479999999997744, 88.387168431789092438, 2694.8890000000001237, 0
2697.0579999999999927, 68.041361845168310651, 2694.8939999999997781, 0, 2697.0579999999999927, 0, 2694.8939999999997781, 1, 2697.0579999999999927, 0, 2694.8939999999997781, 1, 2697.0579999999999927, 77.278174219101998688, 2694.8939999999997781, 0
2697.068000000000211, 90.632538620853281941, 2694.8980000000001382, 0, 2697.068000000000211, 0, 2694.8980000000001382, 1, 2697.068000000000211, 0, 2694.8980000000001382, 1, 2697.068000000000211, 77.503815327295967563, 2694.8980000000001382, 0
2697.0779999999999745, 102.55166131499953508, 2694.9039999999999964, 0, 2697.0779999999999745, 0, 2694.9039999999999964, 1, 2697.0779999999999745, 0, 2694.9039999999999964, 1, 2697.0779999999999745, 78.936952151820264589, 2694.9039999999999964, 0
2697.0880000000001928, 109.23403324104478429, 2694.9090000000001055, 0, 2697.0880000000001928, 0, 2694.9090000000001055, 1, 2697.0880000000001928, 0, 2694.9090000000001055, 1, 2697.0880000000001928, 80.767526593300559057, 2694.9090000000001055, 0
2697.0979999999999563, 111.67346840337975777, 2694.9149999999999636, 0, 2697.0979999999999563, 0, 2694.9149999999999636, 1, 2697.0979999999999563, 0, 2694.9149999999999636, 1, 2697.0979999999999563, 82.342507102930156293, 2694.9149999999999636, 0
2697.1080000000001746, 111.92768568659113271, 2694.918999999999869, 0, 2697.1080000000001746, 0, 2694.918999999999869, 1, 2697.1080000000001746, 0, 2694.918999999999869, 1, 2697.1080000000001746, 83.870032122079749115, 2694.918999999999869, 0
2697.1170000000001892, 112.08885612804601806, 2694.9250000000001819, 0, 2697.1170000000001892, 0, 2694.9250000000001819, 1, 2697.1170000000001892, 0, 2694.9250000000001819, 1, 2697.1170000000001892, 87.206197233349072917, 2694.9250000000001819, 0
2697.1280000000001564, 110.37770866666664915, 2694.9290000000000873, 0, 2697.1280000000001564, 0, 2694.9290000000000873, 1, 2697.1280000000001564, 0, 2694.9290000000000873, 1, 2697.1280000000001564, 92.164241129278508424, 2694.9290000000000873, 0
2697.1390000000001237, 108.037963061014608, 2694.9340000000001965, 0, 2697.1390000000001237, 0, 2694.9340000000001965, 1, 2697.1390000000001237, 0, 2694.9340000000001965, 1, 2697.1390000000001237, 98.362528336570392185, 2694.9340000000001965, 0
2697.1480000000001382, 106.89102643199197473, 2694.9389999999998508, 0, 2697.1480000000001382, 0, 2694.9389999999998508, 1, 2697.1480000000001382, 0, 2694.9389999999998508, 1, 2697.1480000000001382, 99.819567827295145435, 2694.9389999999998508, 0
2697.1579999999999018, 104.27206265208299385, 2694.94399999999996, 0, 2697.1579999999999018, 0, 2694.94399999999996, 1, 2697.1579999999999018, 0, 2694.94399999999996, 1, 2697.1579999999999018, 102.97287589370569094, 2694.94399999999996, 0
2697.1700000000000728, 103.36588211872968657, 2694.9490000000000691, 0, 2697.1700000000000728, 0, 2694.9490000000000691, 1, 2697.1700000000000728, 0, 2694.9490000000000691, 1, 2697.1700000000000728, 103.88275353139002277, 2694.9490000000000691, 0
2697.1869999999998981, 101.71790163459729683, 2694.9540000000001783, 0, 2697.1869999999998981, 0, 2694.9540000000001783, 1, 2697.1869999999998981, 0, 2694.9540000000001783, 1, 2697.1869999999998981, 107.12392682281961243, 2694.9540000000001783, 0
2697.1869999999998981, 101.27173226723252242, 2694.9609999999997854, 0, 2697.1869999999998981, 0, 2694.9609999999997854, 1, 2697.1869999999998981, 0, 2694.9609999999997854, 1, 2697.1869999999998981, 107.59994579499907275, 2694.9609999999997854, 0
2697.2080000000000837, 100.5443033019750203, 2694.9670000000000982, 0, 2697.2080000000000837, 0, 2694.9670000000000982, 1, 2697.2080000000000837, 0, 2694.9670000000000982, 1, 2697.2080000000000837, 111.45704061991344247, 2694.9670000000000982, 0
2697.2190000000000509, 99.725657520820149671, 2694.9690000000000509, 0, 2697.2190000000000509, 0, 2694.9690000000000509, 1, 2697.2190000000000509, 0, 2694.9690000000000509, 1, 2697.2190000000000509, 114.45593505078366547, 2694.9690000000000509, 0
2697.2190000000000509, 98.736919790482630788, 2694.9740000000001601, 0, 2697.2190000000000509, 0, 2694.9740000000001601, 1, 2697.2190000000000509, 0, 2694.9740000000001601, 1, 2697.2190000000000509, 117.60985665989409199, 2694.9740000000001601, 0
2697.2390000000000327, 95.953702490580525364, 2694.9789999999998145, 0, 2697.2390000000000327, 0, 2694.9789999999998145, 1, 2697.2390000000000327, 0, 2694.9789999999998145, 1, 2697.2390000000000327, 112.13646955471500632, 2694.9789999999998145, 0
2697.2390000000000327, 94.962253329853638206, 2694.9850000000001273, 0, 2697.2390000000000327, 0, 2694.9850000000001273, 1, 2697.2390000000000327, 0, 2694.9850000000001273, 1, 2697.2390000000000327, 116.02643652082851133, 2694.9850000000001273, 0
2697.2469999999998436, 94.895420393581218832, 2694.9909999999999854, 0, 2697.2469999999998436, 0, 2694.9909999999999854, 1, 2697.2469999999998436, 0, 2694.9909999999999854, 1, 2697.2469999999998436, 122.43019446088152336, 2694.9909999999999854, 0
2697.2579999999998108, 93.853034897128452485, 2694.9940000000001419, 0, 2697.2579999999998108, 0, 2694.9940000000001419, 1, 2697.2579999999998108, 0, 2694.9940000000001419, 1, 2697.2579999999998108, 124.09805910495484227, 2694.9940000000001419, 0
2697.2680000000000291, 94.190284970448274748, 2694.9989999999997963, 0, 2697.2680000000000291, 0, 2694.9989999999997963, 1, 2697.2680000000000291, 0, 2694.9989999999997963, 1, 2697.2680000000000291, 122.53901052949223072, 2694.9989999999997963, 0
2697.2779999999997926, 74.608096209734270587, 2695.0039999999999054, 1, 2697.2779999999997926, 308.66197510421022798, 2695.0039999999999054, 1, 2697.2779999999997926, 258.02453109726775438, 2695.0039999999999054, 1, 2697.2779999999997926, 98.575085826690497015, 2695.0039999999999054, 1
2697.2959999999998217, 4.6686492911356669566, 2695.0090000000000146, 1, 2697.2959999999998217, 145.06720952182718065, 2695.0090000000000146, 1, 2697.2959999999998217, 123.72986947670622726, 2695.0090000000000146, 1, 2697.2959999999998217, 12.809362674101485879, 2695.0090000000000146, 1
2697.2979999999997744, 0, 2695.0149999999998727, 1, 2697.2979999999997744, 22.431048512853070775, 2695.0149999999998727, 1, 2697.2979999999997744, 46.034848946277314496, 2695.0149999999998727, 1, 2697.2979999999997744, 44.218613781637017723, 2695.0149999999998727, 1
2697.3090000000001965, 0, 2695.0189999999997781, 1, 2697.3090000000001965, 13.525656839724495839, 2695.0189999999997781, 1, 2697.3090000000001965, 29.431555696174811487, 2695.0189999999997781, 1, 2697.3090000000001965, 53.519725908752704413, 2695.0189999999997781, 1
2697.31899999999996, 30.22791339051605064, 2695.0239999999998872, 1, 2697.31899999999996, 28.329939415798797597, 2695.0239999999998872, 1, 2697.31899999999996, 23.455028993094874323, 2695.0239999999998872, 1, 2697.31899999999996, 58.193116188833386104, 2695.0239999999998872, 1
2697.3270000000002256, 39.108975335824005981, 2695.0289999999999964, 1, 2697.3270000000002256, 41.938843785574675849, 2695.0289999999999964, 1, 2697.3270000000002256, 22.610903327094462156, 2695.0289999999999964, 1, 2697.3270000000002256, 57.216871746503599638, 2695.0289999999999964, 1
2697.3380000000001928, 49.039391423863030184, 2695.0349999999998545, 1, 2697.3380000000001928, 50.707814590256504061, 2695.0349999999998545, 1, 2697.3380000000001928, 24.250555356460388623, 2695.0349999999998545, 1, 2697.3380000000001928, 52.754976105280746879, 2695.0349999999998545, 1
2697.3470000000002074, 55.227308355450503541, 2695.0390000000002146, 1, 2697.3470000000002074, 55.705122693900420927, 2695.0390000000002146, 1, 2697.3470000000002074, 25.98452419310243755, 2695.0390000000002146, 1, 2697.3470000000002074, 50.29773009323594124, 2695.0390000000002146, 1
2697.3569999999999709, 60.459674706906312736, 2695.0430000000001201, 1, 2697.3569999999999709, 57.247114201163682878, 2695.0430000000001201, 1, 2697.3569999999999709, 29.217858714956161492, 2695.0430000000001201, 1, 2697.3569999999999709, 52.079786631487820614, 2695.0430000000001201, 1
2697.3670000000001892, 37.408560994440982483, 2695.0489999999999782, 1, 2697.3670000000001892, 57.224477615757692206, 2695.0489999999999782, 1, 2697.3670000000001892, 55.294658661780275111, 2695.0489999999999782, 1, 2697.3670000000001892, 36.748354416081788543, 2695.0489999999999782, 1
2697.3769999999999527, 0, 2695.0540000000000873, 1, 2697.3769999999999527, 83.460091558502654152, 2695.0540000000000873, 1, 2697.3769999999999527, 72.326129239464748366, 2695.0540000000000873, 1, 2697.3769999999999527, 0, 2695.0540000000000873, 1
2697.38799999999992, 0, 2695.0599999999999454, 1, 2697.38799999999992, 104.73442966478052085, 2695.0599999999999454, 1, 2697.38799999999992, 74.216937945532180265, 2695.0599999999999454, 1, 2697.38799999999992, 0, 2695.0599999999999454, 1
2697.3969999999999345, 0, 2695.0650000000000546, 1, 2697.3969999999999345, 118.41451900683776444, 2695.0650000000000546, 1, 2697.3969999999999345, 69.379339938260926601, 2695.0650000000000546, 1, 2697.3969999999999345, 0, 2695.0650000000000546, 1
2697.4070000000001528, 0, 2695.06899999999996, 1, 2697.4070000000001528, 127.66065638956845874, 2695.06899999999996, 1, 2697.4070000000001528, 65.951908144492009001, 2695.06899999999996, 1, 2697.4070000000001528, 0, 2695.06899999999996, 1
2697.4180000000001201, 0, 2695.0740000000000691, 1, 2697.4180000000001201, 130.51807957256434634, 2695.0740000000000691, 1, 2697.4180000000001201, 64.317017015991027051, 2695.0740000000000691, 1, 2697.4180000000001201, 0, 2695.0740000000000691, 1
2697.4279999999998836, 0, 2695.0790000000001783, 1, 2697.4279999999998836, 130.45187658902449357, 2695.0790000000001783, 0, 2697.4279999999998836, 64.165941897458111498, 2695.0790000000001783, 0, 2697.4279999999998836, 0, 2695.0790000000001783, 1
2697.4380000000001019, 0, 2695.0839999999998327, 1, 2697.4380000000001019, 129.89964811569021208, 2695.0839999999998327, 0, 2697.4380000000001019, 65.650564089001605339, 2695.0839999999998327, 0, 2697.4380000000001019, 0, 2695.0839999999998327, 1
2697.456000000000131, 0, 2695.0900000000001455, 1, 2697.456000000000131, 129.73670911934755168, 2695.0900000000001455, 0, 2697.456000000000131, 68.647957827138242237, 2695.0900000000001455, 0, 2697.456000000000131, 0, 2695.0900000000001455, 1
2697.4679999999998472, 0, 2695.0940000000000509, 1, 2697.4679999999998472, 127.26405341631966905, 2695.0940000000000509, 0, 2697.4679999999998472, 72.893675717080242293, 2695.0940000000000509, 0, 2697.4679999999998472, 0, 2695.0940000000000509, 1
2697.4679999999998472, 0, 2695.0990000000001601, 1, 2697.4679999999998472, 123.57270830647144066, 2695.0990000000001601, 0, 2697.4679999999998472, 75.664579442256652442, 2695.0990000000001601, 0, 2697.4679999999998472, 0, 2695.0990000000001601, 1
2697.487999999999829, 0, 2695.1039999999998145, 1, 2697.487999999999829, 120.27026794850317515, 2695.1039999999998145, 0, 2697.487999999999829, 82.143443855948191867, 2695.1039999999998145, 0, 2697.487999999999829, 0, 2695.1039999999998145, 1
2697.5079999999998108, 0, 2695.1089999999999236, 1, 2697.5079999999998108, 118.01270322295590631, 2695.1089999999999236, 0, 2697.5079999999998108, 86.904138118034566673, 2695.1089999999999236, 0, 2697.5079999999998108, 0, 2695.1089999999999236, 1
2697.512000000000171, 0, 2695.1149999999997817, 1, 2697.512000000000171, 112.13543363038962752, 2695.1149999999997817, 0, 2697.512000000000171, 92.363920058073247787, 2695.1149999999997817, 0, 2697.512000000000171, 0, 2695.1149999999997817, 1
2697.5169999999998254, 0, 2695.1199999999998909, 1, 2697.5169999999998254, 112.82696177649580704, 2695.1199999999998909, 0, 2697.5169999999998254, 101.38743659505198025, 2695.1199999999998909, 0, 2697.5169999999998254, 0, 2695.1199999999998909, 1
2697.5279999999997926, 0, 2695.1239999999997963, 1, 2697.5279999999997926, 110.76648379661884292, 2695.1239999999997963, 0, 2697.5279999999997926, 75.282368999642244489, 2695.1239999999997963, 0, 2697.5279999999997926, 0, 2695.1239999999997963, 1
2697.5380000000000109, 0, 2695.1289999999999054, 1, 2697.5380000000000109, 105.05288347790491343, 2695.1289999999999054, 0, 2697.5380000000000109, 97.880538506434035639, 2695.1289999999999054, 0, 2697.5380000000000109, 0, 2695.1289999999999054, 1
2697.556999999999789, 0, 2695.1340000000000146, 1, 2697.556999999999789, 103.28491300162409061, 2695.1340000000000146, 0, 2697.556999999999789, 104.77105755513115071, 2695.1340000000000146, 0, 2697.556999999999789, 0, 2695.1340000000000146, 1
2697.568000000000211, 0, 2695.1399999999998727, 1, 2697.568000000000211, 101.41969079017144395, 2695.1399999999998727, 0, 2697.568000000000211, 106.03757870069404134, 2695.1399999999998727, 0, 2697.568000000000211, 0, 2695.1399999999998727, 1
2697.5779999999999745, 0, 2695.1439999999997781, 1, 2697.5779999999999745, 98.256807717284843307, 2695.1439999999997781, 0, 2697.5779999999999745, 111.19556484701634247, 2695.1439999999997781, 0, 2697.5779999999999745, 0, 2695.1439999999997781, 1
2697.5869999999999891, 369.96223084113671575, 2695.1489999999998872, 1, 2697.5869999999999891, 86.323006593878474746, 2695.1489999999998872, 0, 2697.5869999999999891, 103.89435589789869141, 2695.1489999999998872, 0, 2697.5869999999999891, 0, 2695.1489999999998872, 1
2697.5869999999999891, 374.7413655935265524, 2695.1550000000002001, 1, 2697.5869999999999891, 19.132004936726051625, 2695.1550000000002001, 0, 2697.5869999999999891, 78.860532389002884202, 2695.1550000000002001, 0, 2697.5869999999999891, 0, 2695.1550000000002001, 1
2697.5979999999999563, 356.42006030718249576, 2695.1599999999998545, 1, 2697.5979999999999563, 0.2771096357845632685, 2695.1599999999998545, 0, 2697.5979999999999563, 67.793586822540575554, 2695.1599999999998545, 0, 2697.5979999999999563, 0, 2695.1599999999998545, 1
2697.6080000000001746, 174.77699890670396599, 2695.1640000000002146, 1, 2697.6080000000001746, 0, 2695.1640000000002146, 0, 2697.6080000000001746, 82.36913065095423292, 2695.1640000000002146, 0, 2697.6080000000001746, 0, 2695.1640000000002146, 1
2697.6280000000001564, 74.972557815379246904, 2695.168999999999869, 1, 2697.6280000000001564, 0, 2695.168999999999869, 0, 2697.6280000000001564, 52.242150655432936901, 2695.168999999999869, 0, 2697.6280000000001564, 0, 2695.168999999999869, 1
2697.6280000000001564, 2.2170401541493007217e-98, 2695.1750000000001819, 1, 2697.6280000000001564, 0, 2695.1750000000001819, 0, 2697.6280000000001564, 32.850653711134199852, 2695.1750000000001819, 0, 2697.6280000000001564, 0, 2695.1750000000001819, 1
2697.6480000000001382, 0, 2695.181999999999789, 1, 2697.6480000000001382, 0, 2695.181999999999789, 0, 2697.6480000000001382, 30.19762405582025977, 2695.181999999999789, 0, 2697.6480000000001382, 0, 2695.181999999999789, 1
2697.6579999999999018, 0, 2695.1840000000001965, 1, 2697.6579999999999018, 0, 2695.1840000000001965, 0, 2697.6579999999999018, 22.966622042160203421, 2695.1840000000001965, 0, 2697.6579999999999018, 32.828388954889533125, 2695.1840000000001965, 1
2697.6680000000001201, 0, 2695.1889999999998508, 1, 2697.6680000000001201, 0, 2695.1889999999998508, 0, 2697.6680000000001201, 27.820084689968254565, 2695.1889999999998508, 0, 2697.6680000000001201, 15.544305311050910845, 2695.1889999999998508, 1
2697.6779999999998836, 82.106216594979997581, 2695.1959999999999127, 1, 2697.6779999999998836, 0, 2695.1959999999999127, 0, 2697.6779999999998836, 28.047171626454304061, 2695.1959999999999127, 0, 2697.6779999999998836, 28.375049762584207969, 2695.1959999999999127, 1
2697.6779999999998836, 119.76526124684691865, 2695.1999999999998181, 1, 2697.6779999999998836, 0, 2695.1999999999998181, 0, 2697.6779999999998836, 38.954993904814095629, 2695.1999999999998181, 0, 2697.6779999999998836, 45.252301546386391351, 2695.1999999999998181, 1
2697.6880000000001019, 111.48863327898432374, 2695.2040000000001783, 1, 2697.6880000000001019, 115.68072601483385142, 2695.2040000000001783, 0, 2697.6880000000001019, 64.79889908409529653, 2695.2040000000001783, 0, 2697.6880000000001019, 47.869527856842637448, 2695.2040000000001783, 1
2697.6979999999998654, 31.211466742571264632, 2695.2089999999998327, 1, 2697.6979999999998654, 107.5952335389542327, 2695.2089999999998327, 0, 2697.6979999999998654, 155.89639247381484211, 2695.2089999999998327, 0, 2697.6979999999998654, 100.63726199172310771, 2695.2089999999998327, 1
2697.7080000000000837, 47.952460342576230801, 2695.2139999999999418, 1, 2697.7080000000000837, 0, 2695.2139999999999418, 0, 2697.7080000000000837, 0, 2695.2139999999999418, 0, 2697.7080000000000837, 82.52433365687588207, 2695.2139999999999418, 1
2697.7280000000000655, 82.881163447748718909, 2695.2199999999997999, 1, 2697.7280000000000655, 0, 2695.2199999999997999, 0, 2697.7280000000000655, 0, 2695.2199999999997999, 0, 2697.7280000000000655, 73.883352076445987677, 2695.2199999999997999, 1
2697.7280000000000655, 95.262260536984797454, 2695.2240000000001601, 1, 2697.7280000000000655, 0, 2695.2240000000001601, 0, 2697.7280000000000655, 0, 2695.2240000000001601, 0, 2697.7280000000000655, 79.304800225948568482, 2695.2240000000001601, 1
2697.737999999999829, 104.12486725554515488, 2695.2289999999998145, 1, 2697.737999999999829, 0, 2695.2289999999998145, 0, 2697.737999999999829, 0, 2695.2289999999998145, 0, 2697.737999999999829, 80.655914389330490621, 2695.2289999999998145, 1
2697.7489999999997963, 108.24616119863318886, 2695.2330000000001746, 1, 2697.7489999999997963, 0, 2695.2330000000001746, 0, 2697.7489999999997963, 0, 2695.2330000000001746, 0, 2697.7489999999997963, 83.398103796801336784, 2695.2330000000001746, 1
2697.7680000000000291, 109.44191264789739648, 2695.2390000000000327, 1, 2697.7680000000000291, 0, 2695.2390000000000327, 0, 2697.7680000000000291, 0, 2695.2390000000000327, 0, 2697.7680000000000291, 84.626585273709650892, 2695.2390000000000327, 1
2697.7680000000000291, 109.67820059298892943, 2695.2440000000001419, 1, 2697.7680000000000291, 0, 2695.2440000000001419, 0, 2697.7680000000000291, 0, 2695.2440000000001419, 0, 2697.7680000000000291, 87.577843329176175757, 2695.2440000000001419, 1
2697.7779999999997926, 109.95049667309895369, 2695.2489999999997963, 1, 2697.7779999999997926, 0, 2695.2489999999997963, 0, 2697.7779999999997926, 0, 2695.2489999999997963, 0, 2697.7779999999997926, 89.184001725111130554, 2695.2489999999997963, 1
2697.7880000000000109, 107.6794758944927537, 2695.2550000000001091, 1, 2697.7880000000000109, 0, 2695.2550000000001091, 0, 2697.7880000000000109, 0, 2695.2550000000001091, 0, 2697.7880000000000109, 95.2747234994212846, 2695.2550000000001091, 1
2697.7970000000000255, 106.03416733296245411, 2695.2600000000002183, 1, 2697.7970000000000255, 0, 2695.2600000000002183, 0, 2697.7970000000000255, 0, 2695.2600000000002183, 0, 2697.7970000000000255, 99.906349844624486423, 2695.2600000000002183, 1
2697.8079999999999927, 104.12918539165244169, 2695.2689999999997781, 1, 2697.8079999999999927, 0, 2695.2689999999997781, 0, 2697.8079999999999927, 0, 2695.2689999999997781, 0, 2697.8079999999999927, 102.01319740259802415, 2695.2689999999997781, 1
2697.818000000000211, 102.56258332496869912, 2695.2689999999997781, 1, 2697.818000000000211, 0, 2695.2689999999997781, 0, 2697.818000000000211, 0, 2695.2689999999997781, 0, 2697.818000000000211, 105.87419970427086469, 2695.2689999999997781, 1
2697.8279999999999745, 101.6146115408857753, 2695.2739999999998872, 1, 2697.8279999999999745, 0, 2695.2739999999998872, 0, 2697.8279999999999745, 0, 2695.2739999999998872, 0, 2697.8279999999999745, 107.90754648786379732, 2695.2739999999998872, 1
2697.8369999999999891, 100.14188722551793376, 2695.2789999999999964, 1, 2697.8369999999999891, 0, 2695.2789999999999964, 0, 2697.8369999999999891, 0, 2695.2789999999999964, 0, 2697.8369999999999891, 107.10937933319920035, 2695.2789999999999964, 1
2697.8479999999999563, 99.176111007677761222, 2695.2840000000001055, 1, 2697.8479999999999563, 0, 2695.2840000000001055, 0, 2697.8479999999999563, 0, 2695.2840000000001055, 0, 2697.8479999999999563, 108.41178527808492049, 2695.2840000000001055, 1
2697.8580000000001746, 98.400871833243712672, 2695.2899999999999636, 1, 2697.8580000000001746, 0, 2695.2899999999999636, 0, 2697.8580000000001746, 0, 2695.2899999999999636, 0, 2697.8580000000001746, 110.16311595427691827, 2695.2899999999999636, 1
2697.8679999999999382, 97.821553179090827257, 2695.293999999999869, 1, 2697.8679999999999382, 0, 2695.293999999999869, 0, 2697.8679999999999382, 0, 2695.293999999999869, 0, 2697.8679999999999382, 112.32335380740663311, 2695.293999999999869, 1
2697.8789999999999054, 97.388640635951020386, 2695.2989999999999782, 1, 2697.8789999999999054, 0, 2695.2989999999999782, 0, 2697.8789999999999054, 0, 2695.2989999999999782, 0, 2697.8789999999999054, 118.55473780544556917, 2695.2989999999999782, 1
2697.8980000000001382, 95.315255601978179811, 2695.3040000000000873, 1, 2697.8980000000001382, 0, 2695.3040000000000873, 0, 2697.8980000000001382, 0, 2695.3040000000000873, 0, 2697.8980000000001382, 116.04590520001681853, 2695.3040000000000873, 1
2697.8980000000001382, 94.051711355623581312, 2695.3090000000001965, 1, 2697.8980000000001382, 0, 2695.3090000000001965, 0, 2697.8980000000001382, 0, 2695.3090000000001965, 0, 2697.8980000000001382, 120.10988033050412582, 2695.3090000000001965, 1
2697.9079999999999018, 93.638087908664957126, 2695.3139999999998508, 1, 2697.9079999999999018, 0, 2695.3139999999998508, 0, 2697.9079999999999018, 0, 2695.3139999999998508, 0, 2697.9079999999999018, 119.81224052529424284, 2695.3139999999998508, 1
2697.9180000000001201, 93.390554780138529622, 2695.3200000000001637, 1, 2697.9180000000001201, 0, 2695.3200000000001637, 0, 2697.9180000000001201, 0, 2695.3200000000001637, 0, 2697.9180000000001201, 116.62074802779650895, 2695.3200000000001637, 1
2697.9279999999998836, 95.235476328164224924, 2695.3240000000000691, 1, 2697.9279999999998836, 0, 2695.3240000000000691, 0, 2697.9279999999998836, 285.12542697558706095, 2695.3240000000000691, 0, 2697.9279999999998836, 115.10150129670392971, 2695.3240000000000691, 1
2697.9389999999998508, 45.023977108390504043, 2695.3290000000001783, 1, 2697.9389999999998508, 223.27844139913190702, 2695.3290000000001783, 1, 2697.9389999999998508, 207.56384865078112512, 2695.3290000000001783, 1, 2697.9389999999998508, 29.371455657245995496, 2695.3290000000001783, 1
2697.9580000000000837, 2.0278413046824179666, 2695.3339999999998327, 1, 2697.9580000000000837, 63.894798553092371662, 2695.3339999999998327, 1, 2697.9580000000000837, 82.307314255432288519, 2695.3339999999998327, 1, 2697.9580000000000837, 21.674457903372648104, 2695.3339999999998327, 1
2697.9580000000000837, 7.1906133239011476022, 2695.3389999999999418, 1, 2697.9580000000000837, 19.742811362351517346, 2695.3389999999999418, 1, 2697.9580000000000837, 35.579954182040609112, 2695.3389999999999418, 1, 2697.9580000000000837, 38.540003630168115478, 2695.3389999999999418, 1
2697.9679999999998472, 17.976098671057162193, 2695.3449999999997999, 1, 2697.9679999999998472, 26.724367808091656684, 2695.3449999999997999, 1, 2697.9679999999998472, 24.061619539903759346, 2695.3449999999997999, 1, 2697.9679999999998472, 48.633500781003242253, 2695.3449999999997999, 1
2697.9800000000000182, 35.114120696037772973, 2695.3490000000001601, 1, 2697.9800000000000182, 38.682708139231621658, 2695.3490000000001601, 1, 2697.9800000000000182, 22.382987532933000807, 2695.3490000000001601, 1, 2697.9800000000000182, 51.262518446276132522, 2695.3490000000001601, 1
2697.987999999999829, 47.114815925958467346, 2695.3550000000000182, 1, 2697.987999999999829, 47.405442170170985605, 2695.3550000000000182, 1, 2697.987999999999829, 23.671344561653313576, 2695.3550000000000182, 1, 2697.987999999999829, 51.151487763609225112, 2695.3550000000000182, 1
2697.9980000000000473, 54.012308091632462492, 2695.3609999999998763, 1, 2697.9980000000000473, 53.353061050946607224, 2695.3609999999998763, 1, 2697.9980000000000473, 25.27210769161516879, 2695.3609999999998763, 1, 2697.9980000000000473, 49.260496994939060755, 2695.3609999999998763, 1
2698.0079999999998108, 56.778395727819145122, 2695.3640000000000327, 1, 2698.0079999999998108, 59.45283900345493322, 2695.3640000000000327, 1, 2698.0079999999998108, 27.960309316661351886, 2695.3640000000000327, 1, 2698.0079999999998108, 44.427139214771429465, 2695.3640000000000327, 1
2698.0180000000000291, 41.893814566569432145, 2695.3699999999998909, 1, 2698.0180000000000291, 55.567518982906115355, 2695.3699999999998909, 1, 2698.0180000000000291, 40.383766422457490819, 2695.3699999999998909, 1, 2698.0180000000000291, 35.123327406245941518, 2695.3699999999998909, 1
2698.0279999999997926, 0, 2695.3739999999997963, 1, 2698.0279999999997926, 75.076922497747119678, 2695.3739999999997963, 1, 2698.0279999999997926, 70.974075528139422886, 2695.3739999999997963, 1, 2698.0279999999997926, 0, 2695.3739999999997963, 1
2698.0459999999998217, 0, 2695.3800000000001091, 1, 2698.0459999999998217, 100.90936642515524113, 2695.3800000000001091, 1, 2698.0459999999998217, 74.115716885172474804, 2695.3800000000001091, 1, 2698.0459999999998217, 0, 2695.3800000000001091, 1
2698.0479999999997744, 0, 2695.3850000000002183, 1, 2698.0479999999997744, 116.90922360049810891, 2695.3850000000002183, 1, 2698.0479999999997744, 70.677634507339377024, 2695.3850000000002183, 1, 2698.0479999999997744, 0, 2695.3850000000002183, 1
2698.068000000000211, 0, 2695.3899999999998727, 1, 2698.068000000000211, 127.48538238982106918, 2695.3899999999998727, 1, 2698.068000000000211, 66.457068386355075518, 2695.3899999999998727, 1, 2698.068000000000211, 0, 2695.3899999999998727, 1
2698.0779999999999745, 0, 2695.3939999999997781, 1, 2698.0779999999999745, 131.56619661535236787, 2695.3939999999997781, 1, 2698.0779999999999745, 64.010926698135762081, 2695.3939999999997781, 1, 2698.0779999999999745, 0, 2695.3939999999997781, 1
2698.0779999999999745, 0, 2695.3989999999998872, 1, 2698.0779999999999745, 133.31237925073344286, 2695.3989999999998872, 1, 2698.0779999999999745, 62.173680896404171392, 2695.3989999999998872, 1, 2698.0779999999999745, 0, 2695.3989999999998872, 1
2698.0880000000001928, 0, 2695.4039999999999964, 0, 2698.0880000000001928, 132.34870770853063959, 2695.4039999999999964, 1, 2698.0880000000001928, 63.762359496975761886, 2695.4039999999999964, 1, 2698.0880000000001928, 0, 2695.4039999999999964, 0
2698.0979999999999563, 0, 2695.4090000000001055, 0, 2698.0979999999999563, 131.61552947661544977, 2695.4090000000001055, 1, 2698.0979999999999563, 65.650000830185348377, 2695.4090000000001055, 1, 2698.0979999999999563, 0, 2695.4090000000001055, 0
2698.1080000000001746, 0, 2695.4149999999999636, 0, 2698.1080000000001746, 129.06491466418674463, 2695.4149999999999636, 1, 2698.1080000000001746, 70.100895946038406237, 2695.4149999999999636, 1, 2698.1080000000001746, 0, 2695.4149999999999636, 0
2698.1179999999999382, 0, 2695.4200000000000728, 0, 2698.1179999999999382, 126.06803466582894657, 2695.4200000000000728, 1, 2698.1179999999999382, 74.383778333023116147, 2695.4200000000000728, 1, 2698.1179999999999382, 0, 2695.4200000000000728, 0
2698.1280000000001564, 0, 2695.4239999999999782, 0, 2698.1280000000001564, 123.17055667856189416, 2695.4239999999999782, 1, 2698.1280000000001564, 78.784925015656781966, 2695.4239999999999782, 1, 2698.1280000000001564, 0, 2695.4239999999999782, 0
2698.137000000000171, 0, 2695.4290000000000873, 0, 2698.137000000000171, 120.03012929617278814, 2695.4290000000000873, 1, 2698.137000000000171, 83.57293311719297435, 2695.4290000000000873, 1, 2698.137000000000171, 0, 2695.4290000000000873, 0
2698.1480000000001382, 0, 2695.4340000000001965, 0, 2698.1480000000001382, 117.38037991349000322, 2695.4340000000001965, 1, 2698.1480000000001382, 86.966186898296186314, 2695.4340000000001965, 1, 2698.1480000000001382, 0, 2695.4340000000001965, 0
2698.1579999999999018, 0, 2695.4389999999998508, 0, 2698.1579999999999018, 114.68842576066546712, 2695.4389999999998508, 1, 2698.1579999999999018, 90.070127474977397242, 2695.4389999999998508, 1, 2698.1579999999999018, 0, 2695.4389999999998508, 0
2698.1669999999999163, 0, 2695.44399999999996, 0, 2698.1669999999999163, 112.76161402471100814, 2695.44399999999996, 1, 2698.1669999999999163, 91.224208485209061337, 2695.44399999999996, 1, 2698.1669999999999163, 0, 2695.44399999999996, 0
2698.1779999999998836, 0, 2695.4499999999998181, 0, 2698.1779999999998836, 110.61228245572053197, 2695.4499999999998181, 1, 2698.1779999999998836, 93.246299002485670826, 2695.4499999999998181, 1, 2698.1779999999998836, 0, 2695.4499999999998181, 0
2698.1880000000001019, 0, 2695.4549999999999272, 0, 2698.1880000000001019, 108.53924225478036192, 2695.4549999999999272, 1, 2698.1880000000001019, 96.003975779264720813, 2695.4549999999999272, 1, 2698.1880000000001019, 0, 2695.4549999999999272, 0
2698.1970000000001164, 0, 2695.4589999999998327, 0, 2698.1970000000001164, 106.19330202382275274, 2695.4589999999998327, 1, 2698.1970000000001164, 99.395295409464210934, 2695.4589999999998327, 1, 2698.1970000000001164, 0, 2695.4589999999998327, 0
2698.2080000000000837, 0, 2695.4650000000001455, 0, 2698.2080000000000837, 103.3643098564905074, 2695.4650000000001455, 1, 2698.2080000000000837, 99.790027056958948037, 2695.4650000000001455, 1, 2698.2080000000000837, 0, 2695.4650000000001455, 0
2698.2179999999998472, 0, 2695.4710000000000036, 0, 2698.2179999999998472, 100.50371862817169699, 2695.4710000000000036, 1, 2698.2179999999998472, 104.42369994924231946, 2695.4710000000000036, 1, 2698.2179999999998472, 0, 2695.4710000000000036, 0
2698.2280000000000655, 349.57539431682948816, 2695.4740000000001601, 0, 2698.2280000000000655, 97.661369929968458337, 2695.4740000000001601, 1, 2698.2280000000000655, 105.18091940335077084, 2695.4740000000001601, 1, 2698.2280000000000655, 0, 2695.4740000000001601, 0
2698.2390000000000327, 372.33620117792838755, 2695.4789999999998145, 0, 2698.2390000000000327, 36.827864589638743098, 2695.4789999999998145, 1, 2698.2390000000000327, 81.190518258415210084, 2695.4789999999998145, 1, 2698.2390000000000327, 0, 2695.4789999999998145, 0
2698.2480000000000473, 375.69427399293243752, 2695.4859999999998763, 0, 2698.2480000000000473, 2.5881731036816546521, 2695.4859999999998763, 1, 2698.2480000000000473, 66.174727777506518578, 2695.4859999999998763, 1, 2698.2480000000000473, 0, 2695.4859999999998763, 0
2698.2570000000000618, 245.89445361348194297, 2695.4899999999997817, 0, 2698.2570000000000618, 0, 2695.4899999999997817, 1, 2698.2570000000000618, 82.079302167206705576, 2695.4899999999997817, 1, 2698.2570000000000618, 0, 2695.4899999999997817, 0
2698.2680000000000291, 59.393072929865056153, 2695.4949999999998909, 0, 2698.2680000000000291, 0, 2695.4949999999998909, 1, 2698.2680000000000291, 68.946009884366802112, 2695.4949999999998909, 1, 2698.2680000000000291, 0, 2695.4949999999998909, 0
2698.2779999999997926, 5.883634388998223499e-99, 2695.4989999999997963, 0, 2698.2779999999997926, 0, 2695.4989999999997963, 1, 2698.2779999999997926, 33.87327274590366244, 2695.4989999999997963, 1, 2698.2779999999997926, 0, 2695.4989999999997963, 0
2698.2979999999997744, 0, 2695.5039999999999054, 0, 2698.2979999999997744, 0, 2695.5039999999999054, 1, 2698.2979999999997744, 28.388088512162937604, 2695.5039999999999054, 1, 2698.2979999999997744, 0, 2695.5039999999999054, 0
2698.2979999999997744, 0, 2695.5090000000000146, 0, 2698.2979999999997744, 0, 2695.5090000000000146, 1, 2698.2979999999997744, 23.318991731706557147, 2695.5090000000000146, 1, 2698.2979999999997744, 33.665797182096866891, 2695.5090000000000146, 0
2698.318000000000211, 52.747682652325806885, 2695.5140000000001237, 0, 2698.318000000000211, 0, 2695.5140000000001237, 1, 2698.318000000000211, 28.465668114492320484, 2695.5140000000001237, 1, 2698.318000000000211, 17.678161201850560502, 2695.5140000000001237, 0
2698.318000000000211, 85.531326194106668481, 2695.5189999999997781, 0, 2698.318000000000211, 0, 2695.5189999999997781, 1, 2698.318000000000211, 37.975885363533144812, 2695.5189999999997781, 1, 2698.318000000000211, 28.498470825648389848, 2695.5189999999997781, 0
2698.3279999999999745, 98.724696927969745275, 2695.5239999999998872, 0, 2698.3279999999999745, 0, 2695.5239999999998872, 1, 2698.3279999999999745, 39.611314795773402864, 2695.5239999999998872, 1, 2698.3279999999999745, 34.499168164505498169, 2695.5239999999998872, 0
2698.3479999999999563, 105.95554242700157488, 2695.5289999999999964, 0, 2698.3479999999999563, 94.57601190201216923, 2695.5289999999999964, 1, 2698.3479999999999563, 39.900817946045378903, 2695.5289999999999964, 1, 2698.3479999999999563, 41.299692021548764842, 2695.5289999999999964, 0
2698.3479999999999563, 42.403718135113848575, 2695.5340000000001055, 0, 2698.3479999999999563, 113.0661817399458613, 2695.5340000000001055, 1, 2698.3479999999999563, 157.94961484980436239, 2695.5340000000001055, 1, 2698.3479999999999563, 81.686708608598976866, 2695.5340000000001055, 0
2698.3679999999999382, 38.188363481511473196, 2695.5390000000002146, 0, 2698.3679999999999382, 0, 2695.5390000000002146, 1, 2698.3679999999999382, 0, 2695.5390000000002146, 1, 2698.3679999999999382, 86.020598090740747921, 2695.5390000000002146, 0
2698.3679999999999382, 75.521964961273681638, 2695.543999999999869, 0, 2698.3679999999999382, 0, 2695.543999999999869, 1, 2698.3679999999999382, 0, 2695.543999999999869, 1, 2698.3679999999999382, 79.42095080930367601, 2695.543999999999869, 0
2698.3769999999999527, 93.389484646263156264, 2695.5500000000001819, 0, 2698.3769999999999527, 0, 2695.5500000000001819, 1, 2698.3769999999999527, 0, 2695.5500000000001819, 1, 2698.3769999999999527, 81.065722484499048051, 2695.5500000000001819, 0
2698.3890000000001237, 103.02406311222544844, 2695.5540000000000873, 0, 2698.3890000000001237, 0, 2695.5540000000000873, 1, 2698.3890000000001237, 0, 2695.5540000000000873, 1, 2698.3890000000001237, 83.377201097353164982, 2695.5540000000000873, 0
2698.3969999999999345, 108.0975716565345266, 2695.5590000000001965, 0, 2698.3969999999999345, 0, 2695.5590000000001965, 1, 2698.3969999999999345, 0, 2695.5590000000001965, 1, 2698.3969999999999345, 83.196920462227836879, 2695.5590000000001965, 0
2698.4079999999999018, 110.12959896326282205, 2695.5650000000000546, 0, 2698.4079999999999018, 0, 2695.5650000000000546, 1, 2698.4079999999999018, 0, 2695.5650000000000546, 1, 2698.4079999999999018, 86.621523566169202013, 2695.5650000000000546, 0
2698.4180000000001201, 109.9801223170567539, 2695.56899999999996, 0, 2698.4180000000001201, 0, 2695.56899999999996, 1, 2698.4180000000001201, 0, 2695.56899999999996, 1, 2698.4180000000001201, 89.975279594539372852, 2695.56899999999996, 0
2698.4270000000001346, 109.42677519936896147, 2695.5740000000000691, 0, 2698.4270000000001346, 0, 2695.5740000000000691, 1, 2698.4270000000001346, 0, 2695.5740000000000691, 1, 2698.4270000000001346, 93.840509126475467383, 2695.5740000000000691, 0
2698.4369999999998981, 107.66555356536132138, 2695.5790000000001783, 0, 2698.4369999999998981, 0, 2695.5790000000001783, 1, 2698.4369999999998981, 0, 2695.5790000000001783, 1, 2698.4369999999998981, 96.406861159571406006, 2695.5790000000001783, 0
2698.4479999999998654, 106.09593368194549612, 2695.5839999999998327, 0, 2698.4479999999998654, 0, 2695.5839999999998327, 1, 2698.4479999999998654, 0, 2695.5839999999998327, 1, 2698.4479999999998654, 101.49659530990473399, 2695.5839999999998327, 0
2698.4580000000000837, 104.66098949642396576, 2695.5900000000001455, 0, 2698.4580000000000837, 0, 2695.5900000000001455, 1, 2698.4580000000000837, 0, 2695.5900000000001455, 1, 2698.4580000000000837, 105.77882976659026326, 2695.5900000000001455, 0
2698.4679999999998472, 103.0292603166670915, 2695.5940000000000509, 0, 2698.4679999999998472, 0, 2695.5940000000000509, 1, 2698.4679999999998472, 0, 2695.5940000000000509, 1, 2698.4679999999998472, 108.98085730641182067, 2695.5940000000000509, 0
2698.4780000000000655, 101.03064938191764099, 2695.5990000000001601, 0, 2698.4780000000000655, 0, 2695.5990000000001601, 1, 2698.4780000000000655, 0, 2695.5990000000001601, 1, 2698.4780000000000655, 106.85558425760106616, 2695.5990000000001601, 0
2698.487999999999829, 99.373111387470416389, 2695.6050000000000182, 0, 2698.487999999999829, 0, 2695.6050000000000182, 1, 2698.487999999999829, 0, 2695.6050000000000182, 1, 2698.487999999999829, 109.08913907184270897, 2695.6050000000000182, 0
2698.4980000000000473, 99.151287653182677673, 2695.6089999999999236, 0, 2698.4980000000000473, 0, 2695.6089999999999236, 1, 2698.4980000000000473, 0, 2695.6089999999999236, 1, 2698.4980000000000473, 109.93998858856969036, 2695.6089999999999236, 0
2698.5079999999998108, 98.808154953509301777, 2695.6140000000000327, 0, 2698.5079999999998108, 0, 2695.6140000000000327, 1, 2698.5079999999998108, 0, 2695.6140000000000327, 1, 2698.5079999999998108, 114.86974997289472356, 2695.6140000000000327, 0
2698.5180000000000291, 96.960279585875269959, 2695.6199999999998909, 0, 2698.5180000000000291, 0, 2695.6199999999998909, 1, 2698.5180000000000291, 0, 2695.6199999999998909, 1, 2698.5180000000000291, 110.96153956732425172, 2695.6199999999998909, 0
2698.5270000000000437, 96.376508012323398589, 2695.625, 0, 2698.5270000000000437, 0, 2695.625, 1, 2698.5270000000000437, 0, 2695.625, 1, 2698.5270000000000437, 113.37226389045405028, 2695.625, 0
2698.5369999999998072, 95.356431756572590075, 2695.6289999999999054, 0, 2698.5369999999998072, 0, 2695.6289999999999054, 1, 2698.5369999999998072, 0, 2695.6289999999999054, 1, 2698.5369999999998072, 117.70409888877001947, 2695.6289999999999054, 0
2698.5479999999997744, 94.706965561934794096, 2695.6340000000000146, 0, 2698.5479999999997744, 0, 2695.6340000000000146, 1, 2698.5479999999997744, 0, 2695.6340000000000146, 1, 2698.5479999999997744, 124.29474248091310074, 2695.6340000000000146, 0
2698.556999999999789, 94.150365840948836649, 2695.6390000000001237, 0, 2698.556999999999789, 0, 2695.6390000000001237, 1, 2698.556999999999789, 0, 2695.6390000000001237, 1, 2698.556999999999789, 124.41260236809316098, 2695.6390000000001237, 0
2698.5670000000000073, 93.067760495264806764, 2695.6439999999997781, 0, 2698.5670000000000073, 0, 2695.6439999999997781, 1, 2698.5670000000000073, 0, 2695.6439999999997781, 1, 2698.5670000000000073, 125.55048689754906377, 2695.6439999999997781, 0
2698.5779999999999745, 94.414665069982461887, 2695.6489999999998872, 0, 2698.5779999999999745, 0, 2695.6489999999998872, 1, 2698.5779999999999745, 0, 2695.6489999999998872, 1, 2698.5779999999999745, 123.34457178561781632, 2695.6489999999998872, 0
2698.5880000000001928, 80.198529650326960905, 2695.6539999999999964, 1, 2698.5880000000001928, 253.72564016023187605, 2695.6539999999999964, 1, 2698.5880000000001928, 254.015668679277411, 2695.6539999999999964, 1, 2698.5880000000001928, 52.217785098047585279, 2695.6539999999999964, 1
2698.5970000000002074, 11.864617420942238368, 2695.6590000000001055, 1, 2698.5970000000002074, 116.56365102218339302, 2695.6590000000001055, 1, 2698.5970000000002074, 111.8426676919804521, 2695.6590000000001055, 1, 2698.5970000000002074, 19.958948098146585437, 2695.6590000000001055, 1
2698.6069999999999709, 6.7298335780090958735, 2695.6640000000002146, 1, 2698.6069999999999709, 31.970405561056868038, 2695.6640000000002146, 1, 2698.6069999999999709, 49.927147178532067073, 2695.6640000000002146, 1, 2698.6069999999999709, 33.5079763920192093, 2695.6640000000002146, 1
2698.6170000000001892, 14.140526228488695892, 2695.668999999999869, 1, 2698.6170000000001892, 24.399201971816651735, 2695.668999999999869, 1, 2698.6170000000001892, 29.910339895374367103, 2695.668999999999869, 1, 2698.6170000000001892, 46.24541830465377501, 2695.668999999999869, 1
2698.6269999999999527, 26.823539599742098005, 2695.6739999999999782, 1, 2698.6269999999999527, 33.281023065866463639, 2695.6739999999999782, 1, 2698.6269999999999527, 23.361296546301289823, 2695.6739999999999782, 1, 2698.6269999999999527, 50.38086212569453437, 2695.6739999999999782, 1
2698.637000000000171, 41.526023727062280955, 2695.6779999999998836, 1, 2698.637000000000171, 43.157532736984968835, 2695.6779999999998836, 1, 2698.637000000000171, 23.752759697273319262, 2695.6779999999998836, 1, 2698.637000000000171, 51.643421841533971417, 2695.6779999999998836, 1
2698.6469999999999345, 50.280651612610157031, 2695.6840000000001965, 1, 2698.6469999999999345, 52.918519116559210147, 2695.6840000000001965, 1, 2698.6469999999999345, 26.361602659756393052, 2695.6840000000001965, 1, 2698.6469999999999345, 48.656428499011717292, 2695.6840000000001965, 1
2698.6579999999999018, 57.448374246525176545, 2695.6889999999998508, 1, 2698.6579999999999018, 54.831621912169133282, 2695.6889999999998508, 1, 2698.6579999999999018, 24.823132150484429559, 2695.6889999999998508, 1, 2698.6579999999999018, 48.588026524624694957, 2695.6889999999998508, 1
2698.6680000000001201, 54.874712911885580979, 2695.69399999999996, 1, 2698.6680000000001201, 61.101885903189099736, 2695.69399999999996, 1, 2698.6680000000001201, 31.251486369379648522, 2695.69399999999996, 1, 2698.6680000000001201, 41.259718970767664814, 2695.69399999999996, 1
2698.6869999999998981, 0, 2695.6979999999998654, 1, 2698.6869999999998981, 65.660113816499944051, 2695.6979999999998654, 1, 2698.6869999999998981, 65.249070004353683316, 2695.6979999999998654, 1, 2698.6869999999998981, 0, 2695.6979999999998654, 1
2698.6869999999998981, 0, 2695.7040000000001783, 1, 2698.6869999999998981, 93.414981069104541689, 2695.7040000000001783, 1, 2698.6869999999998981, 74.783233201210578045, 2695.7040000000001783, 1, 2698.6869999999998981, 0, 2695.7040000000001783, 1
2698.6970000000001164, 0, 2695.7089999999998327, 1, 2698.6970000000001164, 112.13963343242545534, 2695.7089999999998327, 1, 2698.6970000000001164, 72.917114998505454082, 2695.7089999999998327, 1, 2698.6970000000001164, 0, 2695.7089999999998327, 1
2698.7069999999998799, 0, 2695.7130000000001928, 1, 2698.7069999999998799, 125.52267207396894833, 2695.7130000000001928, 1, 2698.7069999999998799, 69.445986039115751964, 2695.7130000000001928, 1, 2698.7069999999998799, 0, 2695.7130000000001928, 1
2698.7179999999998472, 0, 2695.7190000000000509, 1, 2698.7179999999998472, 129.13014556657853404, 2695.7190000000000509, 1, 2698.7179999999998472, 62.080154408064530003, 2695.7190000000000509, 1, 2698.7179999999998472, 0, 2695.7190000000000509, 1
2698.7269999999998618, 0, 2695.7260000000001128, 1, 2698.7269999999998618, 131.2727643168097984, 2695.7260000000001128, 0, 2698.7269999999998618, 63.626570050198751005, 2695.7260000000001128, 0, 2698.7269999999998618, 0, 2695.7260000000001128, 1
2698.73700000000008, 0, 2695.7289999999998145, 1, 2698.73700000000008, 132.00269299914202747, 2695.7289999999998145, 0, 2698.73700000000008, 63.264596033536093955, 2695.7289999999998145, 0, 2698.73700000000008, 0, 2695.7289999999998145, 1
2698.7460000000000946, 0, 2695.7359999999998763, 1, 2698.7460000000000946, 132.33331739871661625, 2695.7359999999998763, 0, 2698.7460000000000946, 65.246070921295341805, 2695.7359999999998763, 0, 2698.7460000000000946, 0, 2695.7359999999998763, 1
2698.7570000000000618, 0, 2695.7399999999997817, 1, 2698.7570000000000618, 129.27549695224985271, 2695.7399999999997817, 0, 2698.7570000000000618, 68.820315546834919473, 2695.7399999999997817, 0, 2698.7570000000000618, 0, 2695.7399999999997817, 1
2698.7770000000000437, 0, 2695.7440000000001419, 1, 2698.7770000000000437, 126.41679117494209095, 2695.7440000000001419, 0, 2698.7770000000000437, 73.731351489571224533, 2695.7440000000001419, 0, 2698.7770000000000437, 0, 2695.7440000000001419, 1
2698.7770000000000437, 0, 2695.7489999999997963, 1, 2698.7770000000000437, 123.66725696428099468, 2695.7489999999997963, 0, 2698.7770000000000437, 78.244056319481074979, 2695.7489999999997963, 0, 2698.7770000000000437, 0, 2695.7489999999997963, 1
2698.7869999999998072, 0, 2695.7539999999999054, 1, 2698.7869999999998072, 121.14650400050911117, 2695.7539999999999054, 0, 2698.7869999999998072, 82.10315074075495545, 2695.7539999999999054, 0, 2698.7869999999998072, 0, 2695.7539999999999054, 1
2698.7970000000000255, 0, 2695.7600000000002183, 1, 2698.7970000000000255, 118.71878721267773926, 2695.7600000000002183, 0, 2698.7970000000000255, 84.252540064734574798, 2695.7600000000002183, 0, 2698.7970000000000255, 0, 2695.7600000000002183, 1
2698.806999999999789, 0, 2695.7640000000001237, 1, 2698.806999999999789, 116.19750453107278076, 2695.7640000000001237, 0, 2698.806999999999789, 87.429834930666515902, 2695.7640000000001237, 0, 2698.806999999999789, 0, 2695.7640000000001237, 1
2698.8170000000000073, 0, 2695.7689999999997781, 1, 2698.8170000000000073, 113.79951049016892739, 2695.7689999999997781, 0, 2698.8170000000000073, 89.746947580943256639, 2695.7689999999997781, 0, 2698.8170000000000073, 0, 2695.7689999999997781, 1
2698.8270000000002256, 0, 2695.7739999999998872, 1, 2698.8270000000002256, 111.40676097753191698, 2695.7739999999998872, 0, 2698.8270000000002256, 90.392473651845904214, 2695.7739999999998872, 0, 2698.8270000000002256, 0, 2695.7739999999998872, 1
2698.8369999999999891, 0, 2695.7789999999999964, 1, 2698.8369999999999891, 109.35445241950691297, 2695.7789999999999964, 0, 2698.8369999999999891, 92.724754791365057827, 2695.7789999999999964, 0, 2698.8369999999999891, 0, 2695.7789999999999964, 1
2698.8470000000002074, 0, 2695.7840000000001055, 1, 2698.8470000000002074, 107.19475964492443154, 2695.7840000000001055, 0, 2698.8470000000002074, 95.9030493953074199, 2695.7840000000001055, 0, 2698.8470000000002074, 0, 2695.7840000000001055, 1
2698.8580000000001746, 0, 2695.7899999999999636, 1, 2698.8580000000001746, 104.59949937318367574, 2695.7899999999999636, 0, 2698.8580000000001746, 98.51335388120456571, 2695.7899999999999636, 0, 2698.8580000000001746, 0, 2695.7899999999999636, 1
2698.8679999999999382, 0, 2695.7959999999998217, 1, 2698.8679999999999382, 101.98220279901330798, 2695.7959999999998217, 0, 2698.8679999999999382, 104.60391113725677315, 2695.7959999999998217, 0, 2698.8679999999999382, 0, 2695.7959999999998217, 1
2698.8780000000001564, 0, 2695.7989999999999782, 1, 2698.8780000000001564, 99.616446114918659305, 2695.7989999999999782, 0, 2698.8780000000001564, 107.69725156606057226, 2695.7989999999999782, 0, 2698.8780000000001564, 0, 2695.7989999999999782, 1
2698.88799999999992, 375.04954428928112975, 2695.80600000000004, 1, 2698.88799999999992, 68.323407545520964845, 2695.80600000000004, 0, 2698.88799999999992, 95.42868740930411775, 2695.80600000000004, 0, 2698.88799999999992, 0, 2695.80600000000004, 1
2698.8980000000001382, 375.51126859567187921, 2695.8110000000001492, 1, 2698.8980000000001382, 9.5349181204358455233, 2695.8110000000001492, 0, 2698.8980000000001382, 70.937548833548689231, 2695.8110000000001492, 0, 2698.8980000000001382, 0, 2695.8110000000001492, 1
2698.9079999999999018, 324.29758063767530984, 2695.8139999999998508, 1, 2698.9079999999999018, 0, 2695.8139999999998508, 0, 2698.9079999999999018, 70.418520688447131306, 2695.8139999999998508, 0, 2698.9079999999999018, 0, 2695.8139999999998508, 1
2698.9180000000001201, 101.07592592036492363, 2695.81899999999996, 1, 2698.9180000000001201, 0, 2695.81899999999996, 0, 2698.9180000000001201, 84.957643156353427116, 2695.81899999999996, 0, 2698.9180000000001201, 0, 2695.81899999999996, 1
2698.9279999999998836, 0, 2695.8240000000000691, 1, 2698.9279999999998836, 0, 2695.8240000000000691, 0, 2698.9279999999998836, 46.727932118414543083, 2695.8240000000000691, 0, 2698.9279999999998836, 0, 2695.8240000000000691, 1
2698.9369999999998981, 0, 2695.8290000000001783, 1, 2698.9369999999998981, 0, 2695.8290000000001783, 0, 2698.9369999999998981, 25.098397413469999861, 2695.8290000000001783, 0, 2698.9369999999998981, 49.248090948093860675, 2695.8290000000001783, 1
2698.9479999999998654, 0, 2695.8339999999998327, 1, 2698.9479999999998654, 0, 2695.8339999999998327, 0, 2698.9479999999998654, 25.025850202878476836, 2695.8339999999998327, 0, 2698.9479999999998654, 12.027870558814960589, 2695.8339999999998327, 1
2698.9580000000000837, 0, 2695.8389999999999418, 1, 2698.9580000000000837, 0, 2695.8389999999999418, 0, 2698.9580000000000837, 27.897108374834736821, 2695.8389999999999418, 0, 2698.9580000000000837, 17.5324872617987495, 2695.8389999999999418, 1
2698.9670000000000982, 0, 2695.8429999999998472, 1, 2698.9670000000000982, 0, 2695.8429999999998472, 0, 2698.9670000000000982, 25.958503126415649831, 2695.8429999999998472, 0, 2698.9670000000000982, 26.88567438406693455, 2695.8429999999998472, 1
2698.9789999999998145, 123.4294265291170376, 2695.8490000000001601, 1, 2698.9789999999998145, 0, 2695.8490000000001601, 0, 2698.9789999999998145, 32.78100470300509528, 2695.8490000000001601, 0, 2698.9789999999998145, 42.789871422117386146, 2695.8490000000001601, 1
2698.987999999999829, 111.11973347955841973, 2695.8550000000000182, 1, 2698.987999999999829, 102.75380393955276759, 2695.8550000000000182, 0, 2698.987999999999829, 38.294052348913304229, 2695.8550000000000182, 0, 2698.987999999999829, 41.779703033005574753, 2695.8550000000000182, 1
2698.9989999999997963, 46.248664550222017056, 2695.8589999999999236, 1, 2698.9989999999997963, 105.68667542977436824, 2695.8589999999999236, 0, 2698.9989999999997963, 156.11051555028575422, 2695.8589999999999236, 0, 2698.9989999999997963, 82.240687260323909413, 2695.8589999999999236, 1
2699.0079999999998108, 40.662124146634255339, 2695.8640000000000327, 1, 2699.0079999999998108, 0, 2695.8640000000000327, 0, 2699.0079999999998108, 41.443047462955277638, 2695.8640000000000327, 0, 2699.0079999999998108, 79.34832217253811848, 2695.8640000000000327, 1
2699.0189999999997781, 78.845147033073772036, 2695.8690000000001419, 1, 2699.0189999999997781, 0, 2695.8690000000001419, 0, 2699.0189999999997781, 0, 2695.8690000000001419, 0, 2699.0189999999997781, 75.737036259648505165, 2695.8690000000001419, 1
2699.0279999999997926, 96.375525011770932338, 2695.875, 1, 2699.0279999999997926, 0, 2695.875, 0, 2699.0279999999997926, 0, 2695.875, 0, 2699.0279999999997926, 76.949360349808387127, 2695.875, 1
2699.0380000000000109, 104.77204459844458029, 2695.8800000000001091, 1, 2699.0380000000000109, 0, 2695.8800000000001091, 0, 2699.0380000000000109, 0, 2695.8800000000001091, 0, 2699.0380000000000109, 82.116486074689120755, 2695.8800000000001091, 1
2699.0509999999999309, 110.94321325203540596, 2695.8840000000000146, 1, 2699.0509999999999309, 0, 2695.8840000000000146, 0, 2699.0509999999999309, 0, 2695.8840000000000146, 0, 2699.0509999999999309, 82.505091354868199005, 2695.8840000000000146, 1
2699.0590000000001965, 111.44125957608986255, 2695.8890000000001237, 1, 2699.0590000000001965, 0, 2695.8890000000001237, 0, 2699.0590000000001965, 0, 2695.8890000000001237, 0, 2699.0590000000001965, 83.163251612367503185, 2695.8890000000001237, 1
2699.068000000000211, 111.60288529469937657, 2695.8949999999999818, 1, 2699.068000000000211, 0, 2695.8949999999999818, 0, 2699.068000000000211, 0, 2695.8949999999999818, 0, 2699.068000000000211, 88.256535690362994728, 2695.8949999999999818, 1
2699.0779999999999745, 110.5636020787107725, 2695.9000000000000909, 1, 2699.0779999999999745, 0, 2695.9000000000000909, 0, 2699.0779999999999745, 0, 2695.9000000000000909, 0, 2699.0779999999999745, 89.039512534651692022, 2695.9000000000000909, 1
2699.0979999999999563, 108.74536608240835278, 2695.9039999999999964, 1, 2699.0979999999999563, 0, 2695.9039999999999964, 0, 2699.0979999999999563, 0, 2695.9039999999999964, 0, 2699.0979999999999563, 94.418729268494999474, 2695.9039999999999964, 1
2699.0979999999999563, 107.05291425193544796, 2695.9090000000001055, 1, 2699.0979999999999563, 0, 2695.9090000000001055, 0, 2699.0979999999999563, 0, 2695.9090000000001055, 0, 2699.0979999999999563, 99.496267162436993203, 2695.9090000000001055, 1
2699.1080000000001746, 105.58991865241557662, 2695.9140000000002146, 1, 2699.1080000000001746, 0, 2695.9140000000002146, 0, 2699.1080000000001746, 0, 2695.9140000000002146, 0, 2699.1080000000001746, 103.8051959904530861, 2695.9140000000002146, 1
2699.1170000000001892, 104.0117602564121313, 2695.918999999999869, 1, 2699.1170000000001892, 0, 2695.918999999999869, 0, 2699.1170000000001892, 0, 2695.918999999999869, 0, 2699.1170000000001892, 107.37830796929307553, 2695.918999999999869, 1
2699.1269999999999527, 102.68969925457085424, 2695.9229999999997744, 1, 2699.1269999999999527, 0, 2695.9229999999997744, 0, 2699.1269999999999527, 0, 2695.9229999999997744, 0, 2699.1269999999999527, 110.33812725651509368, 2695.9229999999997744, 1
2699.13799999999992, 101.57193634521743775, 2695.931999999999789, 1, 2699.13799999999992, 0, 2695.931999999999789, 0, 2699.13799999999992, 0, 2695.931999999999789, 0, 2699.13799999999992, 111.42651848138632431, 2695.931999999999789, 1
2699.1480000000001382, 100.62450230262453488, 2695.9340000000001965, 1, 2699.1480000000001382, 0, 2695.9340000000001965, 0, 2699.1480000000001382, 0, 2695.9340000000001965, 0, 2699.1480000000001382, 113.11076742357883518, 2695.9340000000001965, 1
2699.1590000000001055, 99.727118994622216519, 2695.9389999999998508, 1, 2699.1590000000001055, 0, 2695.9389999999998508, 0, 2699.1590000000001055, 0, 2695.9389999999998508, 0, 2699.1590000000001055, 114.6034241016165538, 2695.9389999999998508, 1
2699.168999999999869, 97.285010889857503003, 2695.94399999999996, 1, 2699.168999999999869, 0, 2695.94399999999996, 0, 2699.168999999999869, 0, 2695.94399999999996, 0, 2699.168999999999869, 110.33377531535332139, 2695.94399999999996, 1
2699.1779999999998836, 96.870243539090864715, 2695.9490000000000691, 1, 2699.1779999999998836, 0, 2695.9490000000000691, 0, 2699.1779999999998836, 0, 2695.9490000000000691, 0, 2699.1779999999998836, 112.14791573950114412, 2695.9490000000000691, 1
2699.1880000000001019, 95.953359211823027408, 2695.9549999999999272, 1, 2699.1880000000001019, 0, 2695.9549999999999272, 0, 2699.1880000000001019, 0, 2695.9549999999999272, 0, 2699.1880000000001019, 115.60033976688235668, 2695.9549999999999272, 1
2699.2109999999997854, 94.38578731654691012, 2695.9589999999998327, 1, 2699.2109999999997854, 0, 2695.9589999999998327, 0, 2699.2109999999997854, 0, 2695.9589999999998327, 0, 2699.2109999999997854, 115.59145796180997934, 2695.9589999999998327, 1
2699.2119999999999891, 93.448556687334516369, 2695.9670000000000982, 1, 2699.2119999999999891, 0, 2695.9670000000000982, 0, 2699.2119999999999891, 0, 2695.9670000000000982, 0, 2699.2119999999999891, 119.30597783374992105, 2695.9670000000000982, 1
2699.2190000000000509, 93.503476879754913398, 2695.9690000000000509, 1, 2699.2190000000000509, 0, 2695.9690000000000509, 0, 2699.2190000000000509, 0, 2695.9690000000000509, 0, 2699.2190000000000509, 117.53060184489308426, 2695.9690000000000509, 1
2699.2280000000000655, 93.097185786170086885, 2695.9740000000001601, 1, 2699.2280000000000655, 0, 2695.9740000000001601, 0, 2699.2280000000000655, 0, 2695.9740000000001601, 0, 2699.2280000000000655, 121.5708976011451341, 2695.9740000000001601, 1
2699.2480000000000473, 78.786878794256324454, 2695.9800000000000182, 1, 2699.2480000000000473, 289.9067333432152509, 2695.9800000000000182, 1, 2699.2480000000000473, 269.72542419355488619, 2695.9800000000000182, 1, 2699.2480000000000473, 47.04569067273213534, 2695.9800000000000182, 1
2699.2480000000000473, 6.7599875389017611838, 2695.9839999999999236, 1, 2699.2480000000000473, 100.29394322148716867, 2695.9839999999999236, 1, 2699.2480000000000473, 82.963420483052246368, 2695.9839999999999236, 1, 2699.2480000000000473, 13.861878693787234695, 2695.9839999999999236, 1
2699.2590000000000146, 5.336843748766851192, 2695.9890000000000327, 1, 2699.2590000000000146, 22.579422800754983314, 2695.9890000000000327, 1, 2699.2590000000000146, 50.913232917027521296, 2695.9890000000000327, 1, 2699.2590000000000146, 41.940702417255891987, 2695.9890000000000327, 1
2699.2779999999997926, 14.220755824164633907, 2695.9949999999998909, 1, 2699.2779999999997926, 19.430543651223779023, 2695.9949999999998909, 1, 2699.2779999999997926, 31.592344983649795154, 2695.9949999999998909, 1, 2699.2779999999997926, 53.171613453419404038, 2695.9949999999998909, 1
2699.2869999999998072, 29.121980972565637558, 2695.9989999999997963, 1, 2699.2869999999998072, 32.861454473533122211, 2695.9989999999997963, 1, 2699.2869999999998072, 26.126245602791062339, 2695.9989999999997963, 1, 2699.2869999999998072, 51.633656423147115788, 2695.9989999999997963, 1
2699.2869999999998072, 42.384785585355068349, 2696.0039999999999054, 1, 2699.2869999999998072, 43.171351808940585215, 2696.0039999999999054, 1, 2699.2869999999998072, 26.552055385176821289, 2696.0039999999999054, 1, 2699.2869999999998072, 51.675606445685453139, 2696.0039999999999054, 1
2699.2979999999997744, 51.540720417026307132, 2696.0090000000000146, 1, 2699.2979999999997744, 50.62895033546101331, 2696.0090000000000146, 1, 2699.2979999999997744, 27.21991993175977953, 2696.0090000000000146, 1, 2699.2979999999997744, 50.319314498451447548, 2696.0090000000000146, 1
2699.3079999999999927, 55.790036394171011125, 2696.0140000000001237, 1, 2699.3079999999999927, 55.533052616281430858, 2696.0140000000001237, 1, 2699.3079999999999927, 28.388073435864626504, 2696.0140000000001237, 1, 2699.3079999999999927, 47.372826707172578153, 2696.0140000000001237, 1
2699.3279999999999745, 54.926661657746159051, 2696.0189999999997781, 1, 2699.3279999999999745, 58.112961346588264178, 2696.0189999999997781, 1, 2699.3279999999999745, 32.262145153388004815, 2696.0189999999997781, 1, 2699.3279999999999745, 44.65313553079872122, 2696.0189999999997781, 1
2699.3380000000001928, 15.13069402612160097, 2696.0239999999998872, 1, 2699.3380000000001928, 63.926170809410379547, 2696.0239999999998872, 1, 2699.3380000000001928, 62.066780887882821105, 2696.0239999999998872, 1, 2699.3380000000001928, 16.773047333788969837, 2696.0239999999998872, 1
2699.3380000000001928, 0, 2696.0289999999999964, 1, 2699.3380000000001928, 90.274761415796348274, 2696.0289999999999964, 1, 2699.3380000000001928, 74.257607203767548754, 2696.0289999999999964, 1, 2699.3380000000001928, 0, 2696.0289999999999964, 1
2699.3490000000001601, 0, 2696.0349999999998545, 1, 2699.3490000000001601, 109.91426303018954513, 2696.0349999999998545, 1, 2699.3490000000001601, 73.504795526379666626, 2696.0349999999998545, 1, 2699.3490000000001601, 0, 2696.0349999999998545, 1
2699.3679999999999382, 0, 2696.0410000000001673, 1, 2699.3679999999999382, 120.87203051306937596, 2696.0410000000001673, 1, 2699.3679999999999382, 69.213229696582402539, 2696.0410000000001673, 1, 2699.3679999999999382, 0, 2696.0410000000001673, 1
2699.3780000000001564, 0, 2696.043999999999869, 1, 2699.3780000000001564, 128.38141177400291326, 2696.043999999999869, 1, 2699.3780000000001564, 67.773069111711350843, 2696.043999999999869, 1, 2699.3780000000001564, 0, 2696.043999999999869, 1
2699.3780000000001564, 0, 2696.0489999999999782, 1, 2699.3780000000001564, 134.64454763440150487, 2696.0489999999999782, 1, 2699.3780000000001564, 60.579796407645531531, 2696.0489999999999782, 1, 2699.3780000000001564, 0, 2696.0489999999999782, 1
2699.38799999999992, 0, 2696.0540000000000873, 0, 2699.38799999999992, 132.52402849908173721, 2696.0540000000000873, 1, 2699.38799999999992, 63.887653489440047849, 2696.0540000000000873, 1, 2699.38799999999992, 0, 2696.0540000000000873, 0
2699.3980000000001382, 0, 2696.0590000000001965, 0, 2699.3980000000001382, 131.1655087869347085, 2696.0590000000001965, 1, 2699.3980000000001382, 65.582377567105737626, 2696.0590000000001965, 1, 2699.3980000000001382, 0, 2696.0590000000001965, 0
2699.4079999999999018, 0, 2696.0639999999998508, 0, 2699.4079999999999018, 129.25620781516886382, 2696.0639999999998508, 1, 2699.4079999999999018, 68.678878873680218931, 2696.0639999999998508, 1, 2699.4079999999999018, 0, 2696.0639999999998508, 0
2699.4180000000001201, 0, 2696.06899999999996, 0, 2699.4180000000001201, 126.84057688836263367, 2696.06899999999996, 1, 2699.4180000000001201, 72.209887616486057027, 2696.06899999999996, 1, 2699.4180000000001201, 0, 2696.06899999999996, 0
2699.4279999999998836, 0, 2696.0740000000000691, 0, 2699.4279999999998836, 123.02057946933919652, 2696.0740000000000691, 1, 2699.4279999999998836, 79.221429405883384334, 2696.0740000000000691, 1, 2699.4279999999998836, 0, 2696.0740000000000691, 0
2699.4389999999998508, 0, 2696.0799999999999272, 0, 2699.4389999999998508, 120.51476291281161934, 2696.0799999999999272, 1, 2699.4389999999998508, 82.390809130305513008, 2696.0799999999999272, 1, 2699.4389999999998508, 0, 2696.0799999999999272, 0
2699.4580000000000837, 0, 2696.0850000000000364, 0, 2699.4580000000000837, 118.36945346199456708, 2696.0850000000000364, 1, 2699.4580000000000837, 84.159723073017246975, 2696.0850000000000364, 1, 2699.4580000000000837, 0, 2696.0850000000000364, 0
2699.4580000000000837, 0, 2696.0889999999999418, 0, 2699.4580000000000837, 115.98136360737640871, 2696.0889999999999418, 1, 2699.4580000000000837, 87.00921007649975536, 2696.0889999999999418, 1, 2699.4580000000000837, 0, 2696.0889999999999418, 0
2699.4679999999998472, 0, 2696.0940000000000509, 0, 2699.4679999999998472, 113.80076693887926353, 2696.0940000000000509, 1, 2699.4679999999998472, 89.152739285350975251, 2696.0940000000000509, 1, 2699.4679999999998472, 0, 2696.0940000000000509, 0
2699.4899999999997817, 0, 2696.0999999999999091, 0, 2699.4899999999997817, 111.29037159271501878, 2696.0999999999999091, 1, 2699.4899999999997817, 90.120086599536989524, 2696.0999999999999091, 1, 2699.4899999999997817, 0, 2696.0999999999999091, 0
2699.4899999999997817, 0, 2696.1050000000000182, 0, 2699.4899999999997817, 109.16872774662817847, 2696.1050000000000182, 1, 2699.4899999999997817, 92.34842131199165749, 2696.1050000000000182, 1, 2699.4899999999997817, 0, 2696.1050000000000182, 0
2699.4980000000000473, 0, 2696.1089999999999236, 0, 2699.4980000000000473, 107.01706517658965367, 2696.1089999999999236, 1, 2699.4980000000000473, 96.309139215717237903, 2696.1089999999999236, 1, 2699.4980000000000473, 0, 2696.1089999999999236, 0
2699.5070000000000618, 0, 2696.1140000000000327, 0, 2699.5070000000000618, 104.58009696749215323, 2696.1140000000000327, 1, 2699.5070000000000618, 96.978512623172065332, 2696.1140000000000327, 1, 2699.5070000000000618, 0, 2696.1140000000000327, 0
2699.5180000000000291, 0, 2696.1190000000001419, 0, 2699.5180000000000291, 102.35227203829207099, 2696.1190000000001419, 1, 2699.5180000000000291, 106.5426448212580226, 2696.1190000000001419, 1, 2699.5180000000000291, 0, 2696.1190000000001419, 0
2699.5279999999997926, 0, 2696.125, 0, 2699.5279999999997926, 99.454056808785139765, 2696.125, 1, 2699.5279999999997926, 108.9498966126498658, 2696.125, 1, 2699.5279999999997926, 0, 2696.125, 0
2699.5390000000002146, 374.99308585209132616, 2696.1289999999999054, 0, 2699.5390000000002146, 74.927713897874454574, 2696.1289999999999054, 1, 2699.5390000000002146, 98.451990233535227048, 2696.1289999999999054, 1, 2699.5390000000002146, 0, 2696.1289999999999054, 0
2699.5489999999999782, 374.62799151540048115, 2696.1350000000002183, 0, 2699.5489999999999782, 12.321142782054861797, 2696.1350000000002183, 1, 2699.5489999999999782, 72.368232787406611806, 2696.1350000000002183, 1, 2699.5489999999999782, 0, 2696.1350000000002183, 0
2699.5579999999999927, 339.7368863887407997, 2696.1399999999998727, 0, 2699.5579999999999927, 0, 2696.1399999999998727, 1, 2699.5579999999999927, 72.152772948018537136, 2696.1399999999998727, 1, 2699.5579999999999927, 0, 2696.1399999999998727, 0
2699.5779999999999745, 119.34135161020768123, 2696.1439999999997781, 0, 2699.5779999999999745, 0, 2696.1439999999997781, 1, 2699.5779999999999745, 70.347536903382689388, 2696.1439999999997781, 1, 2699.5779999999999745, 0, 2696.1439999999997781, 0
2699.5779999999999745, 2.3377222072929653152, 2696.1489999999998872, 0, 2699.5779999999999745, 0, 2696.1489999999998872, 1, 2699.5779999999999745, 43.065327727037079342, 2696.1489999999998872, 1, 2699.5779999999999745, 0, 2696.1489999999998872, 0
2699.5880000000001928, 0, 2696.1550000000002001, 0, 2699.5880000000001928, 0, 2696.1550000000002001, 1, 2699.5880000000001928, 27.449473894263672236, 2696.1550000000002001, 1, 2699.5880000000001928, 55.809039450636177548, 2696.1550000000002001, 0
2699.5979999999999563, 0, 2696.1599999999998545, 0, 2699.5979999999999563, 0, 2696.1599999999998545, 1, 2699.5979999999999563, 22.943072751768475825, 2696.1599999999998545, 1, 2699.5979999999999563, 14.165707580528621889, 2696.1599999999998545, 0
2699.6069999999999709, 0, 2696.1640000000002146, 0, 2699.6069999999999709, 0, 2696.1640000000002146, 1, 2699.6069999999999709, 28.577923438787689037, 2696.1640000000002146, 1, 2699.6069999999999709, 17.865514490731811748, 2696.1640000000002146, 0
2699.6179999999999382, 82.566192799666524138, 2696.1700000000000728, 0, 2699.6179999999999382, 0, 2696.1700000000000728, 1, 2699.6179999999999382, 33.21723647942487645, 2696.1700000000000728, 1, 2699.6179999999999382, 29.535600411166104351, 2696.1700000000000728, 0
2699.6280000000001564, 96.360204993233054438, 2696.1739999999999782, 0, 2699.6280000000001564, 0, 2696.1739999999999782, 1, 2699.6280000000001564, 37.125892294806853045, 2696.1739999999999782, 1, 2699.6280000000001564, 36.462045362599020848, 2696.1739999999999782, 0
2699.63799999999992, 101.88986582372730538, 2696.1799999999998363, 0, 2699.63799999999992, 127.71106448900670216, 2696.1799999999998363, 1, 2699.63799999999992, 61.943379574341342675, 2696.1799999999998363, 1, 2699.63799999999992, 44.49941873488064914, 2696.1799999999998363, 0
2699.6469999999999345, 31.54958676024647346, 2696.1849999999999454, 0, 2699.6469999999999345, 108.63808638210963409, 2696.1849999999999454, 1, 2699.6469999999999345, 156.09883146711916879, 2696.1849999999999454, 1, 2699.6469999999999345, 91.997730732341409521, 2696.1849999999999454, 0
2699.6579999999999018, 33.264843437887947175, 2696.1900000000000546, 0, 2699.6579999999999018, 7.2698622990546928335, 2696.1900000000000546, 1, 2699.6579999999999018, 0, 2696.1900000000000546, 1, 2699.6579999999999018, 82.948216300135982237, 2696.1900000000000546, 0
2699.6680000000001201, 74.838138922753586257, 2696.1950000000001637, 0, 2699.6680000000001201, 0, 2696.1950000000001637, 1, 2699.6680000000001201, 0, 2696.1950000000001637, 1, 2699.6680000000001201, 75.079961288623763949, 2696.1950000000001637, 0
2699.6779999999998836, 94.391980509065135152, 2696.1990000000000691, 0, 2699.6779999999998836, 0, 2696.1990000000000691, 1, 2699.6779999999998836, 0, 2696.1990000000000691, 1, 2699.6779999999998836, 75.400597429903982061, 2696.1990000000000691, 0
2699.6880000000001019, 104.657176430848466, 2696.2040000000001783, 0, 2699.6880000000001019, 0, 2696.2040000000001783, 1, 2699.6880000000001019, 0, 2696.2040000000001783, 1, 2699.6880000000001019, 79.004193565547069511, 2696.2040000000001783, 0
2699.6979999999998654, 110.73437982955647385, 2696.2089999999998327, 0, 2699.6979999999998654, 0, 2696.2089999999998327, 1, 2699.6979999999998654, 0, 2696.2089999999998327, 1, 2699.6979999999998654, 79.592457212630108643, 2696.2089999999998327, 0
2699.7080000000000837, 112.02228734163143997, 2696.2139999999999418, 0, 2699.7080000000000837, 0, 2696.2139999999999418, 1, 2699.7080000000000837, 0, 2696.2139999999999418, 1, 2699.7080000000000837, 83.16013337280014639, 2696.2139999999999418, 0
2699.7190000000000509, 113.31390248360678186, 2696.2190000000000509, 0, 2699.7190000000000509, 0, 2696.2190000000000509, 1, 2699.7190000000000509, 0, 2696.2190000000000509, 1, 2699.7190000000000509, 84.53955062405700005, 2696.2190000000000509, 0
2699.7280000000000655, 112.21842925624261511, 2696.2240000000001601, 0, 2699.7280000000000655, 0, 2696.2240000000001601, 1, 2699.7280000000000655, 0, 2696.2240000000001601, 1, 2699.7280000000000655, 85.698400874963994056, 2696.2240000000001601, 0
2699.7390000000000327, 110.35358984187766396, 2696.2289999999998145, 0, 2699.7390000000000327, 0, 2696.2289999999998145, 1, 2699.7390000000000327, 0, 2696.2289999999998145, 1, 2699.7390000000000327, 90.755615856785539108, 2696.2289999999998145, 0
2699.7480000000000473, 108.48107367822132119, 2696.237999999999829, 0, 2699.7480000000000473, 0, 2696.237999999999829, 1, 2699.7480000000000473, 0, 2696.237999999999829, 1, 2699.7480000000000473, 95.576663231138610399, 2696.237999999999829, 0
2699.7669999999998254, 106.91781341858566634, 2696.2390000000000327, 0, 2699.7669999999998254, 0, 2696.2390000000000327, 1, 2699.7669999999998254, 0, 2696.2390000000000327, 1, 2699.7669999999998254, 100.69054304873640149, 2696.2390000000000327, 0
2699.7669999999998254, 105.3214245197958121, 2696.2440000000001419, 0, 2699.7669999999998254, 0, 2696.2440000000001419, 1, 2699.7669999999998254, 0, 2696.2440000000001419, 1, 2699.7669999999998254, 106.27543825141704303, 2696.2440000000001419, 0
2699.7779999999997926, 104.16557571710049501, 2696.2489999999997963, 0, 2699.7779999999997926, 0, 2696.2489999999997963, 1, 2699.7779999999997926, 0, 2696.2489999999997963, 1, 2699.7779999999997926, 108.3154908601989348, 2696.2489999999997963, 0
2699.7979999999997744, 102.69456548667329798, 2696.2539999999999054, 0, 2699.7979999999997744, 0, 2696.2539999999999054, 1, 2699.7979999999997744, 0, 2696.2539999999999054, 1, 2699.7979999999997744, 109.26270844616158229, 2696.2539999999999054, 0
2699.7979999999997744, 101.18412402367847847, 2696.2590000000000146, 0, 2699.7979999999997744, 0, 2696.2590000000000146, 1, 2699.7979999999997744, 0, 2696.2590000000000146, 1, 2699.7979999999997744, 110.72157730114261653, 2696.2590000000000146, 0
2699.8090000000001965, 99.861450751450419716, 2696.2640000000001237, 0, 2699.8090000000001965, 0, 2696.2640000000001237, 1, 2699.8090000000001965, 0, 2696.2640000000001237, 1, 2699.8090000000001965, 107.19608215152538833, 2696.2640000000001237, 0
2699.818000000000211, 98.983485410151686779, 2696.2699999999999818, 0, 2699.818000000000211, 0, 2696.2699999999999818, 1, 2699.818000000000211, 0, 2696.2699999999999818, 1, 2699.818000000000211, 109.32333760310683601, 2696.2699999999999818, 0
2699.8279999999999745, 98.195681176423619263, 2696.2750000000000909, 0, 2699.8279999999999745, 0, 2696.2750000000000909, 1, 2699.8279999999999745, 0, 2696.2750000000000909, 1, 2699.8279999999999745, 111.98504097279814573, 2696.2750000000000909, 0
2699.8380000000001928, 97.104963407900783068, 2696.2789999999999964, 0, 2699.8380000000001928, 0, 2696.2789999999999964, 1, 2699.8380000000001928, 0, 2696.2789999999999964, 1, 2699.8380000000001928, 114.94438867443105323, 2696.2789999999999964, 0
2699.8479999999999563, 95.181330116064145841, 2696.2849999999998545, 0, 2699.8479999999999563, 0, 2696.2849999999998545, 1, 2699.8479999999999563, 0, 2696.2849999999998545, 1, 2699.8479999999999563, 116.81063316692299736, 2696.2849999999998545, 0
2699.8690000000001419, 94.075054094839174468, 2696.2899999999999636, 0, 2699.8690000000001419, 0, 2696.2899999999999636, 1, 2699.8690000000001419, 0, 2696.2899999999999636, 1, 2699.8690000000001419, 118.95391028370443109, 2696.2899999999999636, 0
2699.8690000000001419, 93.293972880914481038, 2696.2950000000000728, 0, 2699.8690000000001419, 0, 2696.2950000000000728, 1, 2699.8690000000001419, 0, 2696.2950000000000728, 1, 2699.8690000000001419, 119.53084447691730929, 2696.2950000000000728, 0
2699.8769999999999527, 94.847275940229124558, 2696.2989999999999782, 0, 2699.8769999999999527, 0, 2696.2989999999999782, 1, 2699.8769999999999527, 0, 2696.2989999999999782, 1, 2699.8769999999999527, 116.49862444645677328, 2696.2989999999999782, 0
2699.88799999999992, 61.949532710801214819, 2696.3040000000000873, 1, 2699.88799999999992, 285.24700585398960584, 2696.3040000000000873, 1, 2699.88799999999992, 287.09992135368042909, 2696.3040000000000873, 1, 2699.88799999999992, 72.05425022855666839, 2696.3040000000000873, 1
2699.8980000000001382, 1.6089042014726031571, 2696.3099999999999454, 1, 2699.8980000000001382, 86.629120174054179415, 2696.3099999999999454, 1, 2699.8980000000001382, 90.205226423157782278, 2696.3099999999999454, 1, 2699.8980000000001382, 23.131716973831117912, 2696.3099999999999454, 1
2699.9070000000001528, 0, 2696.3139999999998508, 1, 2699.9070000000001528, 24.149984204761057782, 2696.3139999999998508, 1, 2699.9070000000001528, 51.995838878046455989, 2696.3139999999998508, 1, 2699.9070000000001528, 44.339014114020500301, 2696.3139999999998508, 1
2699.9169999999999163, 13.943482331383931339, 2696.31899999999996, 1, 2699.9169999999999163, 16.189154017287755494, 2696.31899999999996, 1, 2699.9169999999999163, 25.687823542582862046, 2696.31899999999996, 1, 2699.9169999999999163, 50.449614662011811106, 2696.31899999999996, 1
2699.9279999999998836, 22.973839289980922729, 2696.3249999999998181, 1, 2699.9279999999998836, 33.996550974369398546, 2696.3249999999998181, 1, 2699.9279999999998836, 20.657686964928092976, 2696.3249999999998181, 1, 2699.9279999999998836, 53.566524753029909789, 2696.3249999999998181, 1
2699.9380000000001019, 39.600380682651710629, 2696.3279999999999745, 1, 2699.9380000000001019, 45.636507778922009493, 2696.3279999999999745, 1, 2699.9380000000001019, 22.164645562057089023, 2696.3279999999999745, 1, 2699.9380000000001019, 54.476619496131192477, 2696.3279999999999745, 1
2699.9479999999998654, 48.939206279939284627, 2696.3339999999998327, 1, 2699.9479999999998654, 52.835564716676906016, 2696.3339999999998327, 1, 2699.9479999999998654, 24.261389993261047948, 2696.3339999999998327, 1, 2699.9479999999998654, 52.836893884466199722, 2696.3339999999998327, 1
2699.9580000000000837, 54.351966563386234554, 2696.3389999999999418, 1, 2699.9580000000000837, 58.101186785249446132, 2696.3389999999999418, 1, 2699.9580000000000837, 25.816312675227955253, 2696.3389999999999418, 1, 2699.9580000000000837, 48.681482936057790312, 2696.3389999999999418, 1
2699.9679999999998472, 49.87350876239153763, 2696.3440000000000509, 1, 2699.9679999999998472, 62.16751526855910015, 2696.3440000000000509, 1, 2699.9679999999998472, 27.699731773731571138, 2696.3440000000000509, 1, 2699.9679999999998472, 37.87083492441858823, 2696.3440000000000509, 1
2699.9780000000000655, 25.461208526980762201, 2696.3499999999999091, 1, 2699.9780000000000655, 68.29026792711147209, 2696.3499999999999091, 1, 2699.9780000000000655, 62.576716821222731824, 2696.3499999999999091, 1, 2699.9780000000000655, 11.680025938046032508, 2696.3499999999999091, 1
2699.9949999999998909, 0, 2696.3539999999998145, 1, 2699.9949999999998909, 94.594811674503489485, 2696.3539999999998145, 1, 2699.9949999999998909, 78.672598405612660599, 2696.3539999999998145, 1, 2699.9949999999998909, 0, 2696.3539999999998145, 1
2699.9949999999998909, 0, 2696.3589999999999236, 1, 2699.9949999999998909, 113.31112567701580929, 2696.3589999999999236, 1, 2699.9949999999998909, 74.601370309170135897, 2696.3589999999999236, 1, 2699.9949999999998909, 0, 2696.3589999999999236, 1
2700.0079999999998108, 0, 2696.3640000000000327, 1, 2700.0079999999998108, 124.13746132666663868, 2696.3640000000000327, 1, 2700.0079999999998108, 70.391543234000295115, 2696.3640000000000327, 1, 2700.0079999999998108, 0, 2696.3640000000000327, 1
2700.0180000000000291, 0, 2696.3699999999998909, 1, 2700.0180000000000291, 128.89783487300610432, 2696.3699999999998909, 1, 2700.0180000000000291, 67.165074444682062449, 2696.3699999999998909, 1, 2700.0180000000000291, 0, 2696.3699999999998909, 1
2700.0279999999997926, 0, 2696.375, 1, 2700.0279999999997926, 131.91023476513902324, 2696.375, 1, 2700.0279999999997926, 64.518228946097650578, 2696.375, 1, 2700.0279999999997926, 0, 2696.375, 1
2700.0369999999998072, 0, 2696.3789999999999054, 1, 2700.0369999999998072, 131.39501493642049468, 2696.3789999999999054, 0, 2700.0369999999998072, 65.76568166343123778, 2696.3789999999999054, 0, 2700.0369999999998072, 0, 2696.3789999999999054, 1
2700.0479999999997744, 0, 2696.3840000000000146, 1, 2700.0479999999997744, 129.917256618322142, 2696.3840000000000146, 0, 2700.0479999999997744, 67.259874190874896271, 2696.3840000000000146, 0, 2700.0479999999997744, 0, 2696.3840000000000146, 1
2700.068000000000211, 0, 2696.3890000000001237, 1, 2700.068000000000211, 128.05300037029559235, 2696.3890000000001237, 0, 2700.068000000000211, 69.793324025907850228, 2696.3890000000001237, 0, 2700.068000000000211, 0, 2696.3890000000001237, 1
2700.068000000000211, 0, 2696.3939999999997781, 1, 2700.068000000000211, 125.08281273729377858, 2696.3939999999997781, 0, 2700.068000000000211, 74.810087863136629949, 2696.3939999999997781, 0, 2700.068000000000211, 0, 2696.3939999999997781, 1
2700.0869999999999891, 0, 2696.4000000000000909, 1, 2700.0869999999999891, 122.54409201404982355, 2696.4000000000000909, 0, 2700.0869999999999891, 78.604113561977058566, 2696.4000000000000909, 0, 2700.0869999999999891, 0, 2696.4000000000000909, 1
2700.0869999999999891, 0, 2696.4039999999999964, 1, 2700.0869999999999891, 119.56394414090692635, 2696.4039999999999964, 0, 2700.0869999999999891, 83.539083772680768902, 2696.4039999999999964, 0, 2700.0869999999999891, 0, 2696.4039999999999964, 1
2700.1080000000001746, 0, 2696.4099999999998545, 1, 2700.1080000000001746, 116.81928609651900786, 2696.4099999999998545, 0, 2700.1080000000001746, 85.985584943759448606, 2696.4099999999998545, 0, 2700.1080000000001746, 0, 2696.4099999999998545, 1
2700.1179999999999382, 0, 2696.4140000000002146, 1, 2700.1179999999999382, 114.41120584395416415, 2696.4140000000002146, 0, 2700.1179999999999382, 88.872304165470580983, 2696.4140000000002146, 0, 2700.1179999999999382, 0, 2696.4140000000002146, 1
2700.1280000000001564, 0, 2696.418999999999869, 1, 2700.1280000000001564, 112.32889654651974354, 2696.418999999999869, 0, 2700.1280000000001564, 91.091890190994433851, 2696.418999999999869, 0, 2700.1280000000001564, 0, 2696.418999999999869, 1
2700.13799999999992, 0, 2696.4250000000001819, 1, 2700.13799999999992, 109.66110957060922715, 2696.4250000000001819, 0, 2700.13799999999992, 91.678504456369324771, 2696.4250000000001819, 0, 2700.13799999999992, 0, 2696.4250000000001819, 1
2700.13799999999992, 0, 2696.4290000000000873, 1, 2700.13799999999992, 107.70187372896990041, 2696.4290000000000873, 0, 2700.13799999999992, 94.168541019148165105, 2696.4290000000000873, 0, 2700.13799999999992, 0, 2696.4290000000000873, 1
2700.1579999999999018, 0, 2696.4340000000001965, 1, 2700.1579999999999018, 105.91436701105948259, 2696.4340000000001965, 0, 2700.1579999999999018, 99.577431810334985585, 2696.4340000000001965, 0, 2700.1579999999999018, 0, 2696.4340000000001965, 1
2700.1579999999999018, 0, 2696.4389999999998508, 1, 2700.1579999999999018, 103.6908246537440732, 2696.4389999999998508, 0, 2700.1579999999999018, 103.18301841775127059, 2696.4389999999998508, 0, 2700.1579999999999018, 0, 2696.4389999999998508, 1
2700.1680000000001201, 0, 2696.44399999999996, 1, 2700.1680000000001201, 101.37685240532809416, 2696.44399999999996, 0, 2700.1680000000001201, 106.65074648672617741, 2696.44399999999996, 0, 2700.1680000000001201, 0, 2696.44399999999996, 1
2700.1779999999998836, 0, 2696.4499999999998181, 1, 2700.1779999999998836, 98.494917135484456594, 2696.4499999999998181, 0, 2700.1779999999998836, 109.28258598811228808, 2696.4499999999998181, 0, 2700.1779999999998836, 0, 2696.4499999999998181, 1
2700.1880000000001019, 377.36808876066027096, 2696.4549999999999272, 1, 2700.1880000000001019, 73.637757160009002178, 2696.4549999999999272, 0, 2700.1880000000001019, 97.180390832728122064, 2696.4549999999999272, 0, 2700.1880000000001019, 0, 2696.4549999999999272, 1
2700.1979999999998654, 377.59214474893360602, 2696.4589999999998327, 1, 2700.1979999999998654, 12.498428781100011875, 2696.4589999999998327, 0, 2700.1979999999998654, 73.621718307876705012, 2696.4589999999998327, 0, 2700.1979999999998654, 0, 2696.4589999999998327, 1
2700.2080000000000837, 317.71301783958904252, 2696.4650000000001455, 1, 2700.2080000000000837, 0, 2696.4650000000001455, 0, 2700.2080000000000837, 72.154460376484976791, 2696.4650000000001455, 0, 2700.2080000000000837, 0, 2696.4650000000001455, 1
2700.2280000000000655, 99.105643385878408935, 2696.4699999999997999, 1, 2700.2280000000000655, 0, 2696.4699999999997999, 0, 2700.2280000000000655, 70.93492345204630567, 2696.4699999999997999, 0, 2700.2280000000000655, 0, 2696.4699999999997999, 1
2700.2280000000000655, 1.6474338209375074538, 2696.4760000000001128, 1, 2700.2280000000000655, 0, 2696.4760000000001128, 0, 2700.2280000000000655, 46.085937325854963831, 2696.4760000000001128, 0, 2700.2280000000000655, 0, 2696.4760000000001128, 1
2700.237999999999829, 0, 2696.4810000000002219, 1, 2700.237999999999829, 0, 2696.4810000000002219, 0, 2700.237999999999829, 24.104773278684998417, 2696.4810000000002219, 0, 2700.237999999999829, 52.086066242768922052, 2696.4810000000002219, 1
2700.2579999999998108, 0, 2696.4839999999999236, 1, 2700.2579999999998108, 0, 2696.4839999999999236, 0, 2700.2579999999998108, 24.128200100633410585, 2696.4839999999999236, 0, 2700.2579999999998108, 15.36848520572646315, 2696.4839999999999236, 1
2700.2579999999998108, 54.61754651187364118, 2696.4890000000000327, 1, 2700.2579999999998108, 0, 2696.4890000000000327, 0, 2700.2579999999998108, 27.489664089249487233, 2696.4890000000000327, 0, 2700.2579999999998108, 20.212537614296994803, 2696.4890000000000327, 1
2700.2680000000000291, 79.717243988821536504, 2696.4940000000001419, 1, 2700.2680000000000291, 0, 2696.4940000000001419, 0, 2700.2680000000000291, 34.748578707407297372, 2696.4940000000001419, 0, 2700.2680000000000291, 29.677239952444480764, 2696.4940000000001419, 1
2700.2800000000002001, 91.470719579586216241, 2696.4989999999997963, 1, 2700.2800000000002001, 0, 2696.4989999999997963, 0, 2700.2800000000002001, 38.53665148328373391, 2696.4989999999997963, 0, 2700.2800000000002001, 34.624199946494471192, 2696.4989999999997963, 1
2700.2880000000000109, 93.252735240817742124, 2696.5030000000001564, 1, 2700.2880000000000109, 111.70811455971303872, 2696.5030000000001564, 0, 2700.2880000000000109, 64.8269129874310579, 2696.5030000000001564, 0, 2700.2880000000000109, 37.661966312322107342, 2696.5030000000001564, 1
2700.3009999999999309, 18.675386925999312382, 2696.5090000000000146, 1, 2700.3009999999999309, 96.196167970158029448, 2696.5090000000000146, 0, 2700.3009999999999309, 141.17431076383434174, 2696.5090000000000146, 0, 2700.3009999999999309, 82.769201586569550955, 2696.5090000000000146, 1
2700.318000000000211, 38.842142127581205102, 2696.5169999999998254, 1, 2700.318000000000211, 0, 2696.5169999999998254, 0, 2700.318000000000211, 26.583651001957942839, 2696.5169999999998254, 0, 2700.318000000000211, 75.959594478733791334, 2696.5169999999998254, 1
2700.318000000000211, 75.177967021008782922, 2696.5210000000001855, 1, 2700.318000000000211, 0, 2696.5210000000001855, 0, 2700.318000000000211, 0, 2696.5210000000001855, 0, 2700.318000000000211, 70.969197486494010718, 2696.5210000000001855, 1
2700.3279999999999745, 95.462559478613229658, 2696.5250000000000909, 1, 2700.3279999999999745, 0, 2696.5250000000000909, 0, 2700.3279999999999745, 0, 2696.5250000000000909, 0, 2700.3279999999999745, 75.109291064758281209, 2696.5250000000000909, 1
2700.3380000000001928, 105.79111869718650496, 2696.5289999999999964, 1, 2700.3380000000001928, 0, 2696.5289999999999964, 0, 2700.3380000000001928, 0, 2696.5289999999999964, 0, 2700.3380000000001928, 78.530348391841158673, 2696.5289999999999964, 1
2700.3479999999999563, 111.11221995821267683, 2696.5349999999998545, 1, 2700.3479999999999563, 0, 2696.5349999999998545, 0, 2700.3479999999999563, 0, 2696.5349999999998545, 0, 2700.3479999999999563, 80.517763178516034372, 2696.5349999999998545, 1
2700.3580000000001746, 113.55288639676365392, 2696.5399999999999636, 1, 2700.3580000000001746, 0, 2696.5399999999999636, 0, 2700.3580000000001746, 0, 2696.5399999999999636, 0, 2700.3580000000001746, 81.944303834387568486, 2696.5399999999999636, 1
2700.3679999999999382, 113.40319993196449389, 2696.543999999999869, 1, 2700.3679999999999382, 0, 2696.543999999999869, 0, 2700.3679999999999382, 0, 2696.543999999999869, 0, 2700.3679999999999382, 84.261911469042331646, 2696.543999999999869, 1
2700.3780000000001564, 112.49244644433373708, 2696.5489999999999782, 1, 2700.3780000000001564, 0, 2696.5489999999999782, 0, 2700.3780000000001564, 0, 2696.5489999999999782, 0, 2700.3780000000001564, 86.783650904606801646, 2696.5489999999999782, 1
2700.38799999999992, 111.12297231106416007, 2696.5540000000000873, 1, 2700.38799999999992, 0, 2696.5540000000000873, 0, 2700.38799999999992, 0, 2696.5540000000000873, 0, 2700.38799999999992, 92.788356714725722441, 2696.5540000000000873, 1
2700.3980000000001382, 110.01291032750165755, 2696.5599999999999454, 1, 2700.3980000000001382, 0, 2696.5599999999999454, 0, 2700.3980000000001382, 0, 2696.5599999999999454, 0, 2700.3980000000001382, 94.41967504042278847, 2696.5599999999999454, 1
2700.4090000000001055, 107.701120169834482, 2696.5639999999998508, 1, 2700.4090000000001055, 0, 2696.5639999999998508, 0, 2700.4090000000001055, 0, 2696.5639999999998508, 0, 2700.4090000000001055, 101.17215369826641336, 2696.5639999999998508, 1
2700.4180000000001201, 106.11915227993031863, 2696.56899999999996, 1, 2700.4180000000001201, 0, 2696.56899999999996, 0, 2700.4180000000001201, 0, 2696.56899999999996, 0, 2700.4180000000001201, 104.83179477071226415, 2696.56899999999996, 1
2700.4279999999998836, 104.99974644948677849, 2696.5740000000000691, 1, 2700.4279999999998836, 0, 2696.5740000000000691, 0, 2700.4279999999998836, 0, 2696.5740000000000691, 0, 2700.4279999999998836, 107.99292916108156248, 2696.5740000000000691, 1
2700.4380000000001019, 102.92324421583782623, 2696.5790000000001783, 1, 2700.4380000000001019, 0, 2696.5790000000001783, 0, 2700.4380000000001019, 0, 2696.5790000000001783, 0, 2700.4380000000001019, 109.50898827929222534, 2696.5790000000001783, 1
2700.4479999999998654, 101.63558727582091024, 2696.5839999999998327, 1, 2700.4479999999998654, 0, 2696.5839999999998327, 0, 2700.4479999999998654, 0, 2696.5839999999998327, 0, 2700.4479999999998654, 106.02046775037410953, 2696.5839999999998327, 1
2700.4580000000000837, 100.65791284031968189, 2696.5889999999999418, 1, 2700.4580000000000837, 0, 2696.5889999999999418, 0, 2700.4580000000000837, 0, 2696.5889999999999418, 0, 2700.4580000000000837, 107.65159063018140273, 2696.5889999999999418, 1
2700.4679999999998472, 99.875224756458365505, 2696.5940000000000509, 1, 2700.4679999999998472, 0, 2696.5940000000000509, 0, 2700.4679999999998472, 0, 2696.5940000000000509, 0, 2700.4679999999998472, 109.75437656425026489, 2696.5940000000000509, 1
2700.4769999999998618, 98.692067021389334514, 2696.5999999999999091, 1, 2700.4769999999998618, 0, 2696.5999999999999091, 0, 2700.4769999999998618, 0, 2696.5999999999999091, 0, 2700.4769999999998618, 110.6310201577661303, 2696.5999999999999091, 1
2700.4890000000000327, 97.424511917274855932, 2696.6069999999999709, 1, 2700.4890000000000327, 0, 2696.6069999999999709, 0, 2700.4890000000000327, 0, 2696.6069999999999709, 0, 2700.4890000000000327, 111.46511667956784208, 2696.6069999999999709, 1
2700.4980000000000473, 95.635025693784342593, 2696.6089999999999236, 1, 2700.4980000000000473, 0, 2696.6089999999999236, 0, 2700.4980000000000473, 0, 2696.6089999999999236, 0, 2700.4980000000000473, 118.28977410319139096, 2696.6089999999999236, 1
2700.5079999999998108, 95.020561261585640978, 2696.6140000000000327, 1, 2700.5079999999998108, 0, 2696.6140000000000327, 0, 2700.5079999999998108, 0, 2696.6140000000000327, 0, 2700.5079999999998108, 123.15991214576948209, 2696.6140000000000327, 1
2700.5189999999997781, 94.416051481638305631, 2696.6190000000001419, 1, 2700.5189999999997781, 0, 2696.6190000000001419, 0, 2700.5189999999997781, 0, 2696.6190000000001419, 0, 2700.5189999999997781, 122.69836149146533444, 2696.6190000000001419, 1
2700.5279999999997926, 95.474809004277148006, 2696.6239999999997963, 1, 2700.5279999999997926, 0, 2696.6239999999997963, 0, 2700.5279999999997926, 0, 2696.6239999999997963, 0, 2700.5279999999997926, 120.51938203160977992, 2696.6239999999997963, 1
2700.5380000000000109, 68.623277360650007495, 2696.6300000000001091, 1, 2700.5380000000000109, 298.70371259777130035, 2696.6300000000001091, 1, 2700.5380000000000109, 274.86827234909463868, 2696.6300000000001091, 1, 2700.5380000000000109, 69.720805688524563948, 2696.6300000000001091, 1
2700.556999999999789, 2.4241675283175432298, 2696.6340000000000146, 1, 2700.556999999999789, 91.365518867461901209, 2696.6340000000000146, 1, 2700.556999999999789, 86.683096913945703932, 2696.6340000000000146, 1, 2700.556999999999789, 17.673260438033207009, 2696.6340000000000146, 1
2700.5590000000001965, 1.5353001704257991378, 2696.6390000000001237, 1, 2700.5590000000001965, 20.155348495414521892, 2696.6390000000001237, 1, 2700.5590000000001965, 47.148275498175749476, 2696.6390000000001237, 1, 2700.5590000000001965, 40.06956487103438036, 2696.6390000000001237, 1
2700.56899999999996, 9.2595585742663857332, 2696.6449999999999818, 1, 2700.56899999999996, 18.121317954163838948, 2696.6449999999999818, 1, 2700.56899999999996, 29.816003915443921812, 2696.6449999999999818, 1, 2700.56899999999996, 48.644275769429746958, 2696.6449999999999818, 1
2700.5779999999999745, 22.830268670924208863, 2696.6489999999998872, 1, 2700.5779999999999745, 31.778907653694403734, 2696.6489999999998872, 1, 2700.5779999999999745, 22.241853874136012337, 2696.6489999999998872, 1, 2700.5779999999999745, 53.589716851736866943, 2696.6489999999998872, 1
2700.5869999999999891, 40.914352020109916452, 2696.6539999999999964, 1, 2700.5869999999999891, 44.66678588723492993, 2696.6539999999999964, 1, 2700.5869999999999891, 22.50668646533979711, 2696.6539999999999964, 1, 2700.5869999999999891, 53.443671946825993757, 2696.6539999999999964, 1
2700.5970000000002074, 50.118004509591266071, 2696.6590000000001055, 1, 2700.5970000000002074, 51.90788136491580218, 2696.6590000000001055, 1, 2700.5970000000002074, 24.375199186530245754, 2696.6590000000001055, 1, 2700.5970000000002074, 51.843681708542831643, 2696.6590000000001055, 1
2700.6179999999999382, 55.689576881472518721, 2696.6640000000002146, 1, 2700.6179999999999382, 56.6476278469318828, 2696.6640000000002146, 1, 2700.6179999999999382, 26.122291287515388092, 2696.6640000000002146, 1, 2700.6179999999999382, 49.317180783642378117, 2696.6640000000002146, 1
2700.6179999999999382, 55.304348866912484084, 2696.6680000000001201, 1, 2700.6179999999999382, 61.870025395495332532, 2696.6680000000001201, 1, 2700.6179999999999382, 29.786745117274527672, 2696.6680000000001201, 1, 2700.6179999999999382, 41.765605092866351811, 2696.6680000000001201, 1
2700.6309999999998581, 1.8489689947286127899e-96, 2696.6770000000001346, 1, 2700.6309999999998581, 66.030866880356924753, 2696.6770000000001346, 1, 2700.6309999999998581, 65.473722307272794296, 2696.6770000000001346, 1, 2700.6309999999998581, 3.169014924497350665e-97, 2696.6770000000001346, 1
2700.63799999999992, 0, 2696.6779999999998836, 1, 2700.63799999999992, 92.056820180306004886, 2696.6779999999998836, 1, 2700.63799999999992, 75.295225373560640492, 2696.6779999999998836, 1, 2700.63799999999992, 0, 2696.6779999999998836, 1
2700.6489999999998872, 0, 2696.6840000000001965, 1, 2700.6489999999998872, 110.5805270014338646, 2696.6840000000001965, 1, 2700.6489999999998872, 75.461125581845905685, 2696.6840000000001965, 1, 2700.6489999999998872, 0, 2696.6840000000001965, 1
2700.6579999999999018, 0, 2696.6889999999998508, 1, 2700.6579999999999018, 119.91115809424057659, 2696.6889999999998508, 1, 2700.6579999999999018, 70.897899748511406415, 2696.6889999999998508, 1, 2700.6579999999999018, 0, 2696.6889999999998508, 1
2700.6680000000001201, 0, 2696.69399999999996, 1, 2700.6680000000001201, 129.49407734251968805, 2696.69399999999996, 1, 2700.6680000000001201, 66.814030129436730476, 2696.69399999999996, 1, 2700.6680000000001201, 0, 2696.69399999999996, 1
2700.6770000000001346, 0, 2696.6990000000000691, 1, 2700.6770000000001346, 130.46032364704720408, 2696.6990000000000691, 1, 2700.6770000000001346, 65.33785067707736971, 2696.6990000000000691, 1, 2700.6770000000001346, 0, 2696.6990000000000691, 1
2700.6880000000001019, 0, 2696.7049999999999272, 0, 2700.6880000000001019, 130.63881435149204435, 2696.7049999999999272, 1, 2700.6880000000001019, 65.385232695034304129, 2696.7049999999999272, 1, 2700.6880000000001019, 0, 2696.7049999999999272, 0
2700.6990000000000691, 0, 2696.7089999999998327, 0, 2700.6990000000000691, 129.05534288922382302, 2696.7089999999998327, 1, 2700.6990000000000691, 67.924179281843038325, 2696.7089999999998327, 1, 2700.6990000000000691, 0, 2696.7089999999998327, 0
2700.7179999999998472, 0, 2696.7159999999998945, 0, 2700.7179999999998472, 128.13191530554732367, 2696.7159999999998945, 1, 2700.7179999999998472, 70.241087999637471739, 2696.7159999999998945, 1, 2700.7179999999998472, 0, 2696.7159999999998945, 0
2700.7179999999998472, 0, 2696.7190000000000509, 0, 2700.7179999999998472, 125.14024382178085659, 2696.7190000000000509, 1, 2700.7179999999998472, 74.946592609530597429, 2696.7190000000000509, 1, 2700.7179999999998472, 0, 2696.7190000000000509, 0
2700.7280000000000655, 0, 2696.7229999999999563, 0, 2700.7280000000000655, 122.50470368003250599, 2696.7229999999999563, 1, 2700.7280000000000655, 79.032072152658514597, 2696.7229999999999563, 1, 2700.7280000000000655, 0, 2696.7229999999999563, 0
2700.7390000000000327, 0, 2696.7289999999998145, 0, 2700.7390000000000327, 119.55281151555590213, 2696.7289999999998145, 1, 2700.7390000000000327, 83.167196027194279395, 2696.7289999999998145, 1, 2700.7390000000000327, 0, 2696.7289999999998145, 0
2700.7579999999998108, 0, 2696.7339999999999236, 0, 2700.7579999999998108, 116.27031710172147427, 2696.7339999999999236, 1, 2700.7579999999998108, 87.177789611404676862, 2696.7339999999999236, 1, 2700.7579999999998108, 0, 2696.7339999999999236, 0
2700.7579999999998108, 0, 2696.7390000000000327, 0, 2700.7579999999998108, 114.86704136687851019, 2696.7390000000000327, 1, 2700.7579999999998108, 91.672213719940145893, 2696.7390000000000327, 1, 2700.7579999999998108, 0, 2696.7390000000000327, 0
2700.7779999999997926, 0, 2696.7440000000001419, 0, 2700.7779999999997926, 112.65312972742140118, 2696.7440000000001419, 1, 2700.7779999999997926, 91.999897401274409958, 2696.7440000000001419, 1, 2700.7779999999997926, 0, 2696.7440000000001419, 0
2700.7890000000002146, 0, 2696.7460000000000946, 0, 2700.7890000000002146, 110.02442046081606009, 2696.7460000000000946, 1, 2700.7890000000002146, 91.801073678812684875, 2696.7460000000000946, 1, 2700.7890000000002146, 0, 2696.7460000000000946, 0
2700.7890000000002146, 0, 2696.7539999999999054, 0, 2700.7890000000002146, 107.88238461502611187, 2696.7539999999999054, 1, 2700.7890000000002146, 93.921416387513318114, 2696.7539999999999054, 1, 2700.7890000000002146, 0, 2696.7539999999999054, 0
2700.8000000000001819, 0, 2696.7609999999999673, 0, 2700.8000000000001819, 105.50527286544816263, 2696.7609999999999673, 1, 2700.8000000000001819, 97.197387929177452293, 2696.7609999999999673, 1, 2700.8000000000001819, 0, 2696.7609999999999673, 0
2700.8170000000000073, 0, 2696.7649999999998727, 0, 2700.8170000000000073, 103.35291541097977586, 2696.7649999999998727, 1, 2700.8170000000000073, 101.14093366122436635, 2696.7649999999998727, 1, 2700.8170000000000073, 0, 2696.7649999999998727, 0
2700.81899999999996, 0, 2696.7699999999999818, 0, 2700.81899999999996, 100.75430078416155766, 2696.7699999999999818, 1, 2700.81899999999996, 106.0404774400639667, 2696.7699999999999818, 1, 2700.81899999999996, 0, 2696.7699999999999818, 0
2700.8279999999999745, 0, 2696.7750000000000909, 0, 2700.8279999999999745, 98.68159961861863394, 2696.7750000000000909, 1, 2700.8279999999999745, 107.82884829284165562, 2696.7750000000000909, 1, 2700.8279999999999745, 0, 2696.7750000000000909, 0
2700.8389999999999418, 372.92601145634102977, 2696.7789999999999964, 0, 2700.8389999999999418, 76.104511852292944241, 2696.7789999999999964, 1, 2700.8389999999999418, 100.2245700790334979, 2696.7789999999999964, 1, 2700.8389999999999418, 0, 2696.7789999999999964, 0
2700.8479999999999563, 375.62783334912376176, 2696.7840000000001055, 0, 2700.8479999999999563, 13.921798614240382008, 2696.7840000000001055, 1, 2700.8479999999999563, 74.708604525137047858, 2696.7840000000001055, 1, 2700.8479999999999563, 0, 2696.7840000000001055, 0
2700.8580000000001746, 325.57659284735518668, 2696.7890000000002146, 0, 2700.8580000000001746, 0, 2696.7890000000002146, 1, 2700.8580000000001746, 72.413889777571270656, 2696.7890000000002146, 1, 2700.8580000000001746, 0, 2696.7890000000002146, 0
2700.8679999999999382, 109.4492574677534833, 2696.793999999999869, 0, 2700.8679999999999382, 0, 2696.793999999999869, 1, 2700.8679999999999382, 66.651825276628059669, 2696.793999999999869, 1, 2700.8679999999999382, 0, 2696.793999999999869, 0
2700.8780000000001564, 0.99440445883046524322, 2696.7989999999999782, 0, 2700.8780000000001564, 0, 2696.7989999999999782, 1, 2700.8780000000001564, 42.393161021613074979, 2696.7989999999999782, 1, 2700.8780000000001564, 0, 2696.7989999999999782, 0
2700.88799999999992, 0.12669358011541484443, 2696.8040000000000873, 0, 2700.88799999999992, 0, 2696.8040000000000873, 1, 2700.88799999999992, 27.712643226237318572, 2696.8040000000000873, 1, 2700.88799999999992, 58.760943748277526311, 2696.8040000000000873, 0
2700.9000000000000909, 6.8333454631270589275, 2696.8090000000001965, 0, 2700.9000000000000909, 0, 2696.8090000000001965, 1, 2700.9000000000000909, 24.17325667432931624, 2696.8090000000001965, 1, 2700.9000000000000909, 16.962264172978766652, 2696.8090000000001965, 0
2700.9079999999999018, 37.5151517376032686, 2696.8139999999998508, 0, 2700.9079999999999018, 0, 2696.8139999999998508, 1, 2700.9079999999999018, 32.6147082290864887, 2696.8139999999998508, 1, 2700.9079999999999018, 22.867666937979898023, 2696.8139999999998508, 0
2700.9290000000000873, 73.259271655030744341, 2696.81899999999996, 0, 2700.9290000000000873, 0, 2696.81899999999996, 1, 2700.9290000000000873, 38.037815281379543819, 2696.81899999999996, 1, 2700.9290000000000873, 27.178933187705574426, 2696.81899999999996, 0
2700.9290000000000873, 89.749353575534797756, 2696.8240000000000691, 0, 2700.9290000000000873, 70.94622057717222674, 2696.8240000000000691, 1, 2700.9290000000000873, 37.694515564009492437, 2696.8240000000000691, 1, 2700.9290000000000873, 33.825525213724105811, 2696.8240000000000691, 0
2700.9479999999998654, 88.270464823313830038, 2696.8290000000001783, 0, 2700.9479999999998654, 68.774143280878448081, 2696.8290000000001783, 1, 2700.9479999999998654, 39.842910255206689385, 2696.8290000000001783, 1, 2700.9479999999998654, 28.683430179147691774, 2696.8290000000001783, 0
2700.9479999999998654, 41.85917661599398798, 2696.8339999999998327, 0, 2700.9479999999998654, 95.346948008742941738, 2696.8339999999998327, 1, 2700.9479999999998654, 138.16711526004209531, 2696.8339999999998327, 1, 2700.9479999999998654, 74.103252972339063831, 2696.8339999999998327, 0
2700.9580000000000837, 38.418924968639942108, 2696.8389999999999418, 0, 2700.9580000000000837, 0, 2696.8389999999999418, 1, 2700.9580000000000837, 30.724164673829999828, 2696.8389999999999418, 1, 2700.9580000000000837, 82.599395254024130963, 2696.8389999999999418, 0
2700.9699999999997999, 76.813184408022834759, 2696.8449999999997999, 0, 2700.9699999999997999, 0, 2696.8449999999997999, 1, 2700.9699999999997999, 0, 2696.8449999999997999, 1, 2700.9699999999997999, 76.391690103247555044, 2696.8449999999997999, 0
2700.9769999999998618, 95.250683383431777429, 2696.8490000000001601, 0, 2700.9769999999998618, 0, 2696.8490000000001601, 1, 2700.9769999999998618, 0, 2696.8490000000001601, 1, 2700.9769999999998618, 78.660952425566918578, 2696.8490000000001601, 0
2700.98700000000008, 104.32349044456199749, 2696.8539999999998145, 0, 2700.98700000000008, 0, 2696.8539999999998145, 1, 2700.98700000000008, 0, 2696.8539999999998145, 1, 2700.98700000000008, 82.474204075028296756, 2696.8539999999998145, 0
2700.9980000000000473, 108.44024138659213463, 2696.8589999999999236, 0, 2700.9980000000000473, 0, 2696.8589999999999236, 1, 2700.9980000000000473, 0, 2696.8589999999999236, 1, 2700.9980000000000473, 84.721656411610652526, 2696.8589999999999236, 0
2701.0079999999998108, 109.82968434550727466, 2696.8640000000000327, 0, 2701.0079999999998108, 0, 2696.8640000000000327, 1, 2701.0079999999998108, 0, 2696.8640000000000327, 1, 2701.0079999999998108, 87.443369729643578125, 2696.8640000000000327, 0
2701.0169999999998254, 111.56773145030103933, 2696.8699999999998909, 0, 2701.0169999999998254, 0, 2696.8699999999998909, 1, 2701.0169999999998254, 0, 2696.8699999999998909, 1, 2701.0169999999998254, 86.90126405231831086, 2696.8699999999998909, 0
2701.0270000000000437, 108.49156290029148408, 2696.8739999999997963, 0, 2701.0270000000000437, 0, 2696.8739999999997963, 1, 2701.0270000000000437, 0, 2696.8739999999997963, 1, 2701.0270000000000437, 92.720699250255364632, 2696.8739999999997963, 0
2701.0369999999998072, 108.5912839149832223, 2696.8789999999999054, 0, 2701.0369999999998072, 0, 2696.8789999999999054, 1, 2701.0369999999998072, 0, 2696.8789999999999054, 1, 2701.0369999999998072, 93.968613496437029653, 2696.8789999999999054, 0
2701.0479999999997744, 106.60515154321655018, 2696.8840000000000146, 0, 2701.0479999999997744, 0, 2696.8840000000000146, 1, 2701.0479999999997744, 0, 2696.8840000000000146, 1, 2701.0479999999997744, 98.550459090623448333, 2696.8840000000000146, 0
2701.0670000000000073, 103.89917858692101049, 2696.8899999999998727, 0, 2701.0670000000000073, 0, 2696.8899999999998727, 1, 2701.0670000000000073, 0, 2696.8899999999998727, 1, 2701.0670000000000073, 101.45570331954628784, 2696.8899999999998727, 0
2701.0779999999999745, 102.29701973793328307, 2696.8939999999997781, 0, 2701.0779999999999745, 0, 2696.8939999999997781, 1, 2701.0779999999999745, 0, 2696.8939999999997781, 1, 2701.0779999999999745, 105.36826327161371353, 2696.8939999999997781, 0
2701.0779999999999745, 101.19721112700678134, 2696.8989999999998872, 0, 2701.0779999999999745, 0, 2696.8989999999998872, 1, 2701.0779999999999745, 0, 2696.8989999999998872, 1, 2701.0779999999999745, 107.80039662948223622, 2696.8989999999998872, 0
2701.0880000000001928, 100.22415878045318038, 2696.9039999999999964, 0, 2701.0880000000001928, 0, 2696.9039999999999964, 1, 2701.0880000000001928, 0, 2696.9039999999999964, 1, 2701.0880000000001928, 109.75005710575871376, 2696.9039999999999964, 0
2701.0970000000002074, 99.496889815244969668, 2696.9099999999998545, 0, 2701.0970000000002074, 0, 2696.9099999999998545, 1, 2701.0970000000002074, 0, 2696.9099999999998545, 1, 2701.0970000000002074, 110.7845040672247876, 2696.9099999999998545, 0
2701.1080000000001746, 97.810610125767226464, 2696.9140000000002146, 0, 2701.1080000000001746, 0, 2696.9140000000002146, 1, 2701.1080000000001746, 0, 2696.9140000000002146, 1, 2701.1080000000001746, 109.59432564812891542, 2696.9140000000002146, 0
2701.1179999999999382, 97.36159138279700187, 2696.918999999999869, 0, 2701.1179999999999382, 0, 2696.918999999999869, 1, 2701.1179999999999382, 0, 2696.918999999999869, 1, 2701.1179999999999382, 111.77388779564802235, 2696.918999999999869, 0
2701.1300000000001091, 96.227244871422442429, 2696.9239999999999782, 0, 2701.1300000000001091, 0, 2696.9239999999999782, 1, 2701.1300000000001091, 0, 2696.9239999999999782, 1, 2701.1300000000001091, 114.17987805664745338, 2696.9239999999999782, 0
2701.13799999999992, 96.163438771344928568, 2696.9290000000000873, 0, 2701.13799999999992, 0, 2696.9290000000000873, 1, 2701.13799999999992, 0, 2696.9290000000000873, 1, 2701.13799999999992, 122.02546226188161427, 2696.9290000000000873, 0
2701.1489999999998872, 93.868995343441355317, 2696.9340000000001965, 0, 2701.1489999999998872, 0, 2696.9340000000001965, 1, 2701.1489999999998872, 0, 2696.9340000000001965, 1, 2701.1489999999998872, 118.75428514148615022, 2696.9340000000001965, 0
2701.1590000000001055, 93.604535534038106448, 2696.9389999999998508, 0, 2701.1590000000001055, 0, 2696.9389999999998508, 1, 2701.1590000000001055, 0, 2696.9389999999998508, 1, 2701.1590000000001055, 119.49992331361364961, 2696.9389999999998508, 0
2701.168999999999869, 92.544637304236729847, 2696.94399999999996, 0, 2701.168999999999869, 0, 2696.94399999999996, 1, 2701.168999999999869, 0, 2696.94399999999996, 1, 2701.168999999999869, 121.18145413983901904, 2696.94399999999996, 0
2701.1790000000000873, 95.19154469919959638, 2696.9490000000000691, 0, 2701.1790000000000873, 0, 2696.9490000000000691, 1, 2701.1790000000000873, 273.21212399919903646, 2696.9490000000000691, 1, 2701.1790000000000873, 122.67375854062581197, 2696.9490000000000691, 0
2701.1889999999998508, 80.843375579586009394, 2696.9549999999999272, 1, 2701.1889999999998508, 274.41859535751399335, 2696.9549999999999272, 1, 2701.1889999999998508, 235.65132733520266584, 2696.9549999999999272, 1, 2701.1889999999998508, 29.801497764838146054, 2696.9549999999999272, 1
2701.1990000000000691, 11.609039327126229324, 2696.9589999999998327, 1, 2701.1990000000000691, 99.666038641491056183, 2696.9589999999998327, 1, 2701.1990000000000691, 89.047999976281815293, 2696.9589999999998327, 1, 2701.1990000000000691, 16.573290251844291276, 2696.9589999999998327, 1
2701.2089999999998327, 7.6947438362315310201, 2696.9650000000001455, 1, 2701.2089999999998327, 21.645908808355933672, 2696.9650000000001455, 1, 2701.2089999999998327, 50.524853706205327342, 2696.9650000000001455, 1, 2701.2089999999998327, 36.345940435282237502, 2696.9650000000001455, 1
2701.2190000000000509, 16.352009405673161524, 2696.9690000000000509, 1, 2701.2190000000000509, 19.799871438134726276, 2696.9690000000000509, 1, 2701.2190000000000509, 32.108199758927248979, 2696.9690000000000509, 1, 2701.2190000000000509, 47.956145971832214059, 2696.9690000000000509, 1
2701.237999999999829, 32.175489166217666082, 2696.9740000000001601, 1, 2701.237999999999829, 33.001523191574406724, 2696.9740000000001601, 1, 2701.237999999999829, 27.196251051326413517, 2696.9740000000001601, 1, 2701.237999999999829, 50.127607756085431845, 2696.9740000000001601, 1
2701.237999999999829, 45.60426062145775461, 2696.9800000000000182, 1, 2701.237999999999829, 42.939595862359375644, 2696.9800000000000182, 1, 2701.237999999999829, 26.744898888470402198, 2696.9800000000000182, 1, 2701.237999999999829, 50.533448438656186852, 2696.9800000000000182, 1
2701.2480000000000473, 52.815957739443817331, 2696.9850000000001273, 1, 2701.2480000000000473, 50.24361187550219654, 2696.9850000000001273, 1, 2701.2480000000000473, 27.673671488748016856, 2696.9850000000001273, 1, 2701.2480000000000473, 48.594833720538382238, 2696.9850000000001273, 1
2701.2590000000000146, 57.010067913288203556, 2696.9890000000000327, 1, 2701.2590000000000146, 55.124380093298690042, 2696.9890000000000327, 1, 2701.2590000000000146, 28.475731372337609315, 2696.9890000000000327, 1, 2701.2590000000000146, 46.154487380961207066, 2696.9890000000000327, 1
2701.2689999999997781, 50.828453383891215367, 2696.9949999999998909, 1, 2701.2689999999997781, 60.824766247710982725, 2696.9949999999998909, 1, 2701.2689999999997781, 33.850996748688842786, 2696.9949999999998909, 1, 2701.2689999999997781, 36.252130527322769638, 2696.9949999999998909, 1
2701.2890000000002146, 0, 2697, 1, 2701.2890000000002146, 69.349025790477782039, 2697, 1, 2701.2890000000002146, 68.930348708504425304, 2697, 1, 2701.2890000000002146, 0.063568178347673989781, 2697, 1
2701.2890000000002146, 0, 2697.0050000000001091, 1, 2701.2890000000002146, 95.881841693996321396, 2697.0050000000001091, 1, 2701.2890000000002146, 76.508993299040042757, 2697.0050000000001091, 1, 2701.2890000000002146, 0, 2697.0050000000001091, 1
2701.3000000000001819, 0, 2697.0090000000000146, 1, 2701.3000000000001819, 113.85764176175577234, 2697.0090000000000146, 1, 2701.3000000000001819, 73.605802952949147766, 2697.0090000000000146, 1, 2701.3000000000001819, 0, 2697.0090000000000146, 1
2701.3099999999999454, 0, 2697.0140000000001237, 1, 2701.3099999999999454, 124.63976207678445007, 2697.0140000000001237, 1, 2701.3099999999999454, 68.676229642295993472, 2697.0140000000001237, 1, 2701.3099999999999454, 0, 2697.0140000000001237, 1
2701.3200000000001637, 0, 2697.0189999999997781, 1, 2701.3200000000001637, 130.48021440800218329, 2697.0189999999997781, 1, 2701.3200000000001637, 63.022225751751392409, 2697.0189999999997781, 1, 2701.3200000000001637, 0, 2697.0189999999997781, 1
2701.3290000000001783, 0, 2697.0239999999998872, 1, 2701.3290000000001783, 132.59411428098036367, 2697.0239999999998872, 0, 2701.3290000000001783, 64.777866738250850176, 2697.0239999999998872, 0, 2701.3290000000001783, 0, 2697.0239999999998872, 1
2701.3389999999999418, 0, 2697.0300000000002001, 1, 2701.3389999999999418, 131.87822473139260637, 2697.0300000000002001, 0, 2701.3389999999999418, 63.597663370544985639, 2697.0300000000002001, 0, 2701.3389999999999418, 0, 2697.0300000000002001, 1
2701.3479999999999563, 0, 2697.0340000000001055, 1, 2701.3479999999999563, 130.29118067473308429, 2697.0340000000001055, 0, 2701.3479999999999563, 67.475685595403007255, 2697.0340000000001055, 0, 2701.3479999999999563, 0, 2697.0340000000001055, 1
2701.3690000000001419, 0, 2697.0390000000002146, 1, 2701.3690000000001419, 129.95464790085202367, 2697.0390000000002146, 0, 2701.3690000000001419, 68.457440385789212201, 2697.0390000000002146, 0, 2701.3690000000001419, 0, 2697.0390000000002146, 1
2701.3789999999999054, 0, 2697.043999999999869, 1, 2701.3789999999999054, 126.86530532042439745, 2697.043999999999869, 0, 2701.3789999999999054, 72.613254982345807775, 2697.043999999999869, 0, 2701.3789999999999054, 0, 2697.043999999999869, 1
2701.3789999999999054, 0, 2697.0489999999999782, 1, 2701.3789999999999054, 124.51432715975535359, 2697.0489999999999782, 0, 2701.3789999999999054, 76.875322720213262073, 2697.0489999999999782, 0, 2701.3789999999999054, 0, 2697.0489999999999782, 1
2701.3890000000001237, 0, 2697.0540000000000873, 1, 2701.3890000000001237, 120.97991205046741925, 2697.0540000000000873, 0, 2701.3890000000001237, 81.597690918428241957, 2697.0540000000000873, 0, 2701.3890000000001237, 0, 2697.0540000000000873, 1
2701.4090000000001055, 0, 2697.0590000000001965, 1, 2701.4090000000001055, 118.3046916222280629, 2697.0590000000001965, 0, 2701.4090000000001055, 85.246936815888147976, 2697.0590000000001965, 0, 2701.4090000000001055, 0, 2697.0590000000001965, 1
2701.4090000000001055, 0, 2697.0639999999998508, 1, 2701.4090000000001055, 116.22302789549962654, 2697.0639999999998508, 0, 2701.4090000000001055, 87.086999681387652572, 2697.0639999999998508, 0, 2701.4090000000001055, 0, 2697.0639999999998508, 1
2701.4209999999998217, 0, 2697.06899999999996, 1, 2701.4209999999998217, 113.8999160440051952, 2697.06899999999996, 0, 2701.4209999999998217, 89.322728438940117712, 2697.06899999999996, 0, 2701.4209999999998217, 0, 2697.06899999999996, 1
2701.4290000000000873, 0, 2697.0749999999998181, 1, 2701.4290000000000873, 111.67214515976667144, 2697.0749999999998181, 0, 2701.4290000000000873, 91.6418188249779746, 2697.0749999999998181, 0, 2701.4290000000000873, 0, 2697.0749999999998181, 1
2701.4400000000000546, 0, 2697.0790000000001783, 1, 2701.4400000000000546, 109.76352039930853266, 2697.0790000000001783, 0, 2701.4400000000000546, 92.048102015436555234, 2697.0790000000001783, 0, 2701.4400000000000546, 0, 2697.0790000000001783, 1
2701.4580000000000837, 0, 2697.0839999999998327, 1, 2701.4580000000000837, 106.87327058208674657, 2697.0839999999998327, 0, 2701.4580000000000837, 96.608131258346219283, 2697.0839999999998327, 0, 2701.4580000000000837, 0, 2697.0839999999998327, 1
2701.4690000000000509, 0, 2697.0900000000001455, 1, 2701.4690000000000509, 105.09489428602029193, 2697.0900000000001455, 0, 2701.4690000000000509, 99.383523080731308141, 2697.0900000000001455, 0, 2701.4690000000000509, 0, 2697.0900000000001455, 1
2701.4690000000000509, 0, 2697.0940000000000509, 1, 2701.4690000000000509, 101.9193065207223583, 2697.0940000000000509, 0, 2701.4690000000000509, 106.62553181400619451, 2697.0940000000000509, 0, 2701.4690000000000509, 0, 2697.0940000000000509, 1
2701.4800000000000182, 0, 2697.1010000000001128, 1, 2701.4800000000000182, 100.2782132615287054, 2697.1010000000001128, 0, 2701.4800000000000182, 107.19967217608169108, 2697.1010000000001128, 0, 2701.4800000000000182, 0, 2697.1010000000001128, 1
2701.487999999999829, 374.36189276702236839, 2697.1050000000000182, 1, 2701.487999999999829, 67.910784907960291434, 2697.1050000000000182, 0, 2701.487999999999829, 97.192041643783355198, 2697.1050000000000182, 0, 2701.487999999999829, 0, 2697.1050000000000182, 1
2701.4989999999997963, 374.02118622097481193, 2697.1089999999999236, 1, 2701.4989999999997963, 9.400394659598774183, 2697.1089999999999236, 0, 2701.4989999999997963, 71.775832693590047029, 2697.1089999999999236, 0, 2701.4989999999997963, 0, 2697.1089999999999236, 1
2701.5079999999998108, 314.24407017252104879, 2697.1149999999997817, 1, 2701.5079999999998108, 0, 2697.1149999999997817, 0, 2701.5079999999998108, 68.949769770397267621, 2697.1149999999997817, 0, 2701.5079999999998108, 0, 2697.1149999999997817, 1
2701.5189999999997781, 91.131116134692319974, 2697.1190000000001419, 1, 2701.5189999999997781, 0, 2697.1190000000001419, 0, 2701.5189999999997781, 62.344780474686857019, 2697.1190000000001419, 0, 2701.5189999999997781, 0, 2697.1190000000001419, 1
2701.5309999999999491, 3.42426935364443219, 2697.1239999999997963, 1, 2701.5309999999999491, 0, 2697.1239999999997963, 0, 2701.5309999999999491, 43.996607287057670987, 2697.1239999999997963, 0, 2701.5309999999999491, 0, 2697.1239999999997963, 1
2701.5399999999999636, 0, 2697.1289999999999054, 1, 2701.5399999999999636, 0, 2697.1289999999999054, 0, 2701.5399999999999636, 30.382191586307026654, 2697.1289999999999054, 0, 2701.5399999999999636, 57.19071997095803539, 2697.1289999999999054, 1
2701.5479999999997744, 0, 2697.1350000000002183, 1, 2701.5479999999997744, 0, 2697.1350000000002183, 0, 2701.5479999999997744, 22.367194740407668974, 2697.1350000000002183, 0, 2701.5479999999997744, 13.990991318369337293, 2697.1350000000002183, 1
2701.5590000000001965, 38.671562809151140527, 2697.1390000000001237, 1, 2701.5590000000001965, 0, 2697.1390000000001237, 0, 2701.5590000000001965, 26.358231069040861883, 2697.1390000000001237, 0, 2701.5590000000001965, 21.858549041914695721, 2697.1390000000001237, 1
2701.56899999999996, 78.530701652581257122, 2697.1439999999997781, 1, 2701.56899999999996, 0, 2697.1439999999997781, 0, 2701.56899999999996, 34.511045139529400672, 2697.1439999999997781, 0, 2701.56899999999996, 33.1539777711842234, 2697.1439999999997781, 1
2701.5790000000001783, 94.792775317926611933, 2697.1489999999998872, 1, 2701.5790000000001783, 0, 2697.1489999999998872, 0, 2701.5790000000001783, 36.572763987263087415, 2697.1489999999998872, 0, 2701.5790000000001783, 39.501367349803416573, 2697.1489999999998872, 1
2701.5889999999999418, 91.914629482761284862, 2697.1539999999999964, 1, 2701.5889999999999418, 101.34033662992511893, 2697.1539999999999964, 0, 2701.5889999999999418, 38.862497965039679571, 2697.1539999999999964, 0, 2701.5889999999999418, 34.16188077242408383, 2697.1539999999999964, 1
2701.6089999999999236, 35.038509792842177148, 2697.1590000000001055, 1, 2701.6089999999999236, 97.449647389413627252, 2697.1590000000001055, 0, 2701.6089999999999236, 154.91258619221628123, 2697.1590000000001055, 0, 2701.6089999999999236, 83.299902990637093581, 2697.1590000000001055, 1
2701.6089999999999236, 36.318767261889860265, 2697.1640000000002146, 1, 2701.6089999999999236, 0, 2697.1640000000002146, 0, 2701.6089999999999236, 0, 2697.1640000000002146, 0, 2701.6089999999999236, 83.712093962015615034, 2697.1640000000002146, 1
2701.6190000000001419, 75.835082640012501543, 2697.1709999999998217, 1, 2701.6190000000001419, 0, 2697.1709999999998217, 0, 2701.6190000000001419, 0, 2697.1709999999998217, 0, 2701.6190000000001419, 75.348642580456683504, 2697.1709999999998217, 1
2701.6300000000001091, 94.503886629870549996, 2697.1709999999998217, 1, 2701.6300000000001091, 0, 2697.1709999999998217, 0, 2701.6300000000001091, 0, 2697.1709999999998217, 0, 2701.6300000000001091, 79.244411845536106398, 2697.1709999999998217, 1
2701.6390000000001237, 103.48165437655036669, 2697.1790000000000873, 1, 2701.6390000000001237, 0, 2697.1790000000000873, 0, 2701.6390000000001237, 0, 2697.1790000000000873, 0, 2701.6390000000001237, 83.844285655679556157, 2697.1790000000000873, 1
2701.6489999999998872, 107.98417346034017328, 2697.1840000000001965, 1, 2701.6489999999998872, 0, 2697.1840000000001965, 0, 2701.6489999999998872, 0, 2697.1840000000001965, 0, 2701.6489999999998872, 84.796524634759450123, 2697.1840000000001965, 1
2701.6590000000001055, 109.86204949141222187, 2697.1900000000000546, 1, 2701.6590000000001055, 0, 2697.1900000000000546, 0, 2701.6590000000001055, 0, 2697.1900000000000546, 0, 2701.6590000000001055, 86.788728466646290372, 2697.1900000000000546, 1
2701.668999999999869, 110.01827058052455754, 2697.1950000000001637, 1, 2701.668999999999869, 0, 2697.1950000000001637, 0, 2701.668999999999869, 0, 2697.1950000000001637, 0, 2701.668999999999869, 88.419781503334192507, 2697.1950000000001637, 1
2701.6790000000000873, 108.53759495831351956, 2697.1990000000000691, 1, 2701.6790000000000873, 0, 2697.1990000000000691, 0, 2701.6790000000000873, 0, 2697.1990000000000691, 0, 2701.6790000000000873, 91.953016421127102831, 2697.1990000000000691, 1
2701.6880000000001019, 107.75881949058300791, 2697.2040000000001783, 1, 2701.6880000000001019, 0, 2697.2040000000001783, 0, 2701.6880000000001019, 0, 2697.2040000000001783, 0, 2701.6880000000001019, 95.094509053023926981, 2697.2040000000001783, 1
2701.7100000000000364, 105.62092987590686732, 2697.2089999999998327, 1, 2701.7100000000000364, 0, 2697.2089999999998327, 0, 2701.7100000000000364, 0, 2697.2089999999998327, 0, 2701.7100000000000364, 99.62844900737688647, 2697.2089999999998327, 1
2701.7190000000000509, 102.33531887298667584, 2697.2139999999999418, 1, 2701.7190000000000509, 0, 2697.2139999999999418, 0, 2701.7190000000000509, 0, 2697.2139999999999418, 0, 2701.7190000000000509, 104.19724367858262326, 2697.2139999999999418, 1
2701.7289999999998145, 100.86722861685005626, 2697.2190000000000509, 1, 2701.7289999999998145, 0, 2697.2190000000000509, 0, 2701.7289999999998145, 0, 2697.2190000000000509, 0, 2701.7289999999998145, 106.88415176735198031, 2697.2190000000000509, 1
2701.7390000000000327, 99.724673077297978807, 2697.2240000000001601, 1, 2701.7390000000000327, 0, 2697.2240000000001601, 0, 2701.7390000000000327, 0, 2697.2240000000001601, 0, 2701.7390000000000327, 110.74948640268712552, 2697.2240000000001601, 1
2701.7489999999997963, 99.306241097509570182, 2697.2289999999998145, 1, 2701.7489999999997963, 0, 2697.2289999999998145, 0, 2701.7489999999997963, 0, 2697.2289999999998145, 0, 2701.7489999999997963, 111.2334838010504825, 2697.2289999999998145, 1
2701.7590000000000146, 97.768729468508752234, 2697.2339999999999236, 1, 2701.7590000000000146, 0, 2697.2339999999999236, 0, 2701.7590000000000146, 0, 2697.2339999999999236, 0, 2701.7590000000000146, 109.52840392845571671, 2697.2339999999999236, 1
2701.7689999999997781, 96.90796788013634, 2697.2390000000000327, 1, 2701.7689999999997781, 0, 2697.2390000000000327, 0, 2701.7689999999997781, 0, 2697.2390000000000327, 0, 2701.7689999999997781, 110.8943773751779247, 2697.2390000000000327, 1
2701.7789999999999964, 96.526296031769135197, 2697.2440000000001419, 1, 2701.7789999999999964, 0, 2697.2440000000001419, 0, 2701.7789999999999964, 0, 2697.2440000000001419, 0, 2701.7789999999999964, 114.14026342306854644, 2697.2440000000001419, 1
2701.7890000000002146, 95.455195918870984428, 2697.2489999999997963, 1, 2701.7890000000002146, 0, 2697.2489999999997963, 0, 2701.7890000000002146, 0, 2697.2489999999997963, 0, 2701.7890000000002146, 117.34721277960409225, 2697.2489999999997963, 1
2701.7989999999999782, 94.582023734915225077, 2697.2539999999999054, 1, 2701.7989999999999782, 0, 2697.2539999999999054, 0, 2701.7989999999999782, 0, 2697.2539999999999054, 0, 2701.7989999999999782, 123.49459394655997357, 2697.2539999999999054, 1
2701.8090000000001965, 92.950353167496729156, 2697.2590000000000146, 1, 2701.8090000000001965, 0, 2697.2590000000000146, 0, 2701.8090000000001965, 0, 2697.2590000000000146, 0, 2701.8090000000001965, 118.741231945034869, 2697.2590000000000146, 1
2701.81899999999996, 92.830609948096650896, 2697.2640000000001237, 1, 2701.81899999999996, 0, 2697.2640000000001237, 0, 2701.81899999999996, 0, 2697.2640000000001237, 0, 2701.81899999999996, 119.88456406137146359, 2697.2640000000001237, 1
2701.8290000000001783, 94.128181104213638264, 2697.2689999999997781, 1, 2701.8290000000001783, 0, 2697.2689999999997781, 0, 2701.8290000000001783, 184.56130581409155411, 2697.2689999999997781, 0, 2701.8290000000001783, 119.2553206545582043, 2697.2689999999997781, 1
2701.8389999999999418, 78.478146832476923578, 2697.2730000000001382, 1, 2701.8389999999999418, 272.96118240208437555, 2697.2730000000001382, 0, 2701.8389999999999418, 251.438806252457141, 2697.2730000000001382, 0, 2701.8389999999999418, 41.222873919978894719, 2697.2730000000001382, 1
2701.8490000000001601, 8.8328472247351861313, 2697.2789999999999964, 1, 2701.8490000000001601, 89.869942366790809274, 2697.2789999999999964, 1, 2701.8490000000001601, 82.093175803043266114, 2697.2789999999999964, 1, 2701.8490000000001601, 17.711227490842045285, 2697.2789999999999964, 1
2701.8589999999999236, 7.0779187531126996902, 2697.2840000000001055, 1, 2701.8589999999999236, 25.925695863186021484, 2697.2840000000001055, 1, 2701.8589999999999236, 53.760275050499515714, 2697.2840000000001055, 1, 2701.8589999999999236, 39.215573811934838488, 2697.2840000000001055, 1
2701.8699999999998909, 15.078174548572253144, 2697.2890000000002146, 1, 2701.8699999999998909, 21.616713852133198515, 2697.2890000000002146, 1, 2701.8699999999998909, 32.239274323944165701, 2697.2890000000002146, 1, 2701.8699999999998909, 48.538049073843403391, 2697.2890000000002146, 1
2701.8800000000001091, 31.052541560983591751, 2697.293999999999869, 1, 2701.8800000000001091, 34.591290478634320493, 2697.293999999999869, 1, 2701.8800000000001091, 26.208277375912992113, 2697.293999999999869, 1, 2701.8800000000001091, 50.378103578703161247, 2697.293999999999869, 1
2701.8890000000001237, 45.168926545694070285, 2697.2989999999999782, 1, 2701.8890000000001237, 44.181142735633628149, 2697.2989999999999782, 1, 2701.8890000000001237, 25.664328179389059414, 2697.2989999999999782, 1, 2701.8890000000001237, 50.787223729780677672, 2697.2989999999999782, 1
2701.8989999999998872, 52.667866793787744939, 2697.3049999999998363, 1, 2701.8989999999998872, 50.965535070013970653, 2697.3049999999998363, 1, 2701.8989999999998872, 26.781509090883346857, 2697.3049999999998363, 1, 2701.8989999999998872, 49.222642945447091734, 2697.3049999999998363, 1
2701.9090000000001055, 56.566190331493842791, 2697.3119999999998981, 1, 2701.9090000000001055, 55.457880771895958105, 2697.3119999999998981, 1, 2701.9090000000001055, 27.545631087798881254, 2697.3119999999998981, 1, 2701.9090000000001055, 46.003363955402249985, 2697.3119999999998981, 1
2701.918999999999869, 56.56369318460072293, 2697.3139999999998508, 1, 2701.918999999999869, 56.283319034489423416, 2697.3139999999998508, 1, 2701.918999999999869, 34.93612875301877807, 2697.3139999999998508, 1, 2701.918999999999869, 47.233900880753338924, 2697.3139999999998508, 1
2701.9389999999998508, 0, 2697.31899999999996, 1, 2701.9389999999998508, 63.818204578531094739, 2697.31899999999996, 1, 2701.9389999999998508, 65.124557475038642451, 2697.31899999999996, 1, 2701.9389999999998508, 0.54713913419737303379, 2697.31899999999996, 1
2701.9400000000000546, 0, 2697.3240000000000691, 1, 2701.9400000000000546, 90.843897808368041069, 2697.3240000000000691, 1, 2701.9400000000000546, 73.174931938535905829, 2697.3240000000000691, 1, 2701.9400000000000546, 0, 2697.3240000000000691, 1
2701.9589999999998327, 0, 2697.3290000000001783, 1, 2701.9589999999998327, 112.52990183372497768, 2697.3290000000001783, 1, 2701.9589999999998327, 71.801695160827648579, 2697.3290000000001783, 1, 2701.9589999999998327, 0, 2697.3290000000001783, 1
2701.9690000000000509, 0, 2697.3339999999998327, 1, 2701.9690000000000509, 125.59877469367935987, 2697.3339999999998327, 1, 2701.9690000000000509, 66.991948768731035102, 2697.3339999999998327, 1, 2701.9690000000000509, 0, 2697.3339999999998327, 1
2701.9690000000000509, 0, 2697.3400000000001455, 1, 2701.9690000000000509, 131.51224656279828196, 2697.3400000000001455, 1, 2701.9690000000000509, 62.680000667666448066, 2697.3400000000001455, 1, 2701.9690000000000509, 0, 2697.3400000000001455, 1
2701.9789999999998145, 0, 2697.3449999999997999, 1, 2701.9789999999998145, 133.37241364607535843, 2697.3449999999997999, 1, 2701.9789999999998145, 61.923272019444226544, 2697.3449999999997999, 1, 2701.9789999999998145, 0, 2697.3449999999997999, 1
2701.9989999999997963, 0, 2697.3499999999999091, 0, 2701.9989999999997963, 132.91307696604195598, 2697.3499999999999091, 1, 2701.9989999999997963, 62.338708600036682128, 2697.3499999999999091, 1, 2701.9989999999997963, 0, 2697.3499999999999091, 0
2702.0090000000000146, 0, 2697.3539999999998145, 0, 2702.0090000000000146, 131.80927383184234714, 2697.3539999999998145, 1, 2702.0090000000000146, 64.235796183469432208, 2697.3539999999998145, 1, 2702.0090000000000146, 0, 2697.3539999999998145, 0
2702.0189999999997781, 0, 2697.3600000000001273, 0, 2702.0189999999997781, 129.04419971107728315, 2697.3600000000001273, 1, 2702.0189999999997781, 69.083365766564924115, 2697.3600000000001273, 1, 2702.0189999999997781, 0, 2697.3600000000001273, 0
2702.0289999999999964, 0, 2697.3640000000000327, 0, 2702.0289999999999964, 127.53219774457576818, 2697.3640000000000327, 1, 2702.0289999999999964, 70.838364943370223159, 2697.3640000000000327, 1, 2702.0289999999999964, 0, 2697.3640000000000327, 0
2702.0390000000002146, 0, 2697.3690000000001419, 0, 2702.0390000000002146, 124.79914561372581261, 2697.3690000000001419, 1, 2702.0390000000002146, 75.999043996402406265, 2697.3690000000001419, 1, 2702.0390000000002146, 0, 2697.3690000000001419, 0
2702.0390000000002146, 0, 2697.3739999999997963, 0, 2702.0390000000002146, 121.89559153802785829, 2697.3739999999997963, 1, 2702.0390000000002146, 80.209901565061386464, 2697.3739999999997963, 1, 2702.0390000000002146, 0, 2697.3739999999997963, 0
2702.0489999999999782, 0, 2697.3789999999999054, 0, 2702.0489999999999782, 119.23178691357112768, 2697.3789999999999054, 1, 2702.0489999999999782, 84.450309572695289262, 2697.3789999999999054, 1, 2702.0489999999999782, 0, 2697.3789999999999054, 0
2702.0599999999999454, 0, 2697.3840000000000146, 0, 2702.0599999999999454, 116.47518751225325673, 2697.3840000000000146, 1, 2702.0599999999999454, 86.145994681969440876, 2697.3840000000000146, 1, 2702.0599999999999454, 0, 2697.3840000000000146, 0
2702.06899999999996, 0, 2697.3890000000001237, 0, 2702.06899999999996, 113.97694617616700441, 2697.3890000000001237, 1, 2702.06899999999996, 87.723028399926050724, 2697.3890000000001237, 1, 2702.06899999999996, 0, 2697.3890000000001237, 0
2702.0790000000001783, 0, 2697.3939999999997781, 0, 2702.0790000000001783, 112.05126208288353951, 2697.3939999999997781, 1, 2702.0790000000001783, 90.343489984077507415, 2697.3939999999997781, 1, 2702.0790000000001783, 0, 2697.3939999999997781, 0
2702.0889999999999418, 0, 2697.3989999999998872, 0, 2702.0889999999999418, 109.87919002808973801, 2697.3989999999998872, 1, 2702.0889999999999418, 92.479127861724862214, 2697.3989999999998872, 1, 2702.0889999999999418, 0, 2697.3989999999998872, 0
2702.1089999999999236, 0, 2697.4050000000002001, 0, 2702.1089999999999236, 107.31932243163726071, 2697.4050000000002001, 1, 2702.1089999999999236, 96.480763140654403287, 2697.4050000000002001, 1, 2702.1089999999999236, 0, 2697.4050000000002001, 0
2702.1199999999998909, 0, 2697.4110000000000582, 0, 2702.1199999999998909, 104.74294384340640818, 2697.4110000000000582, 1, 2702.1199999999998909, 98.072700944892545749, 2697.4110000000000582, 1, 2702.1199999999998909, 0, 2697.4110000000000582, 0
2702.1289999999999054, 0, 2697.4160000000001673, 0, 2702.1289999999999054, 102.28302228579457278, 2697.4160000000001673, 1, 2702.1289999999999054, 103.16550509054073359, 2697.4160000000001673, 1, 2702.1289999999999054, 0, 2697.4160000000001673, 0
2702.1390000000001237, 0, 2697.418999999999869, 0, 2702.1390000000001237, 99.494022265343829758, 2697.418999999999869, 1, 2702.1390000000001237, 105.48239483023550633, 2697.418999999999869, 1, 2702.1390000000001237, 0, 2697.418999999999869, 0
2702.1390000000001237, 367.54497059317452567, 2697.4239999999999782, 0, 2702.1390000000001237, 60.341092815912730885, 2697.4239999999999782, 1, 2702.1390000000001237, 91.595388742485297939, 2697.4239999999999782, 1, 2702.1390000000001237, 0, 2697.4239999999999782, 0
2702.1590000000001055, 381.1713137381091201, 2697.4290000000000873, 0, 2702.1590000000001055, 6.7075710932649670326, 2697.4290000000000873, 1, 2702.1590000000001055, 68.583468369231979977, 2697.4290000000000873, 1, 2702.1590000000001055, 0, 2697.4290000000000873, 0
2702.168999999999869, 98.070872432173601396, 2697.4340000000001965, 0, 2702.168999999999869, 0, 2697.4340000000001965, 1, 2702.168999999999869, 63.031788051358255132, 2697.4340000000001965, 1, 2702.168999999999869, 0, 2697.4340000000001965, 0
2702.1889999999998508, 0.57818189439944556174, 2697.4400000000000546, 0, 2702.1889999999998508, 0, 2697.4400000000000546, 1, 2702.1889999999998508, 40.803192293312996242, 2697.4400000000000546, 1, 2702.1889999999998508, 0, 2697.4400000000000546, 0
2702.1889999999998508, 0, 2697.44399999999996, 0, 2702.1889999999998508, 0, 2697.44399999999996, 1, 2702.1889999999998508, 26.961563352756286349, 2697.44399999999996, 1, 2702.1889999999998508, 0, 2697.44399999999996, 0
2702.2089999999998327, 0, 2697.4499999999998181, 0, 2702.2089999999998327, 0, 2697.4499999999998181, 1, 2702.2089999999998327, 25.429629055539283655, 2697.4499999999998181, 1, 2702.2089999999998327, 37.272707389213422857, 2697.4499999999998181, 0
2702.2199999999997999, 0, 2697.4540000000001783, 0, 2702.2199999999997999, 0, 2697.4540000000001783, 1, 2702.2199999999997999, 26.33282093579724048, 2697.4540000000001783, 1, 2702.2199999999997999, 17.506970100291461279, 2697.4540000000001783, 0
2702.2199999999997999, 71.061240906231745385, 2697.4589999999998327, 0, 2702.2199999999997999, 0, 2697.4589999999998327, 1, 2702.2199999999997999, 29.645729917295575717, 2697.4589999999998327, 1, 2702.2199999999997999, 29.254571496917080253, 2697.4589999999998327, 0
2702.2289999999998145, 103.50936344779046294, 2697.4639999999999418, 0, 2702.2289999999998145, 0, 2697.4639999999999418, 1, 2702.2289999999998145, 38.071454247771342239, 2697.4639999999999418, 1, 2702.2289999999998145, 38.854825056536469674, 2697.4639999999999418, 0
2702.2489999999997963, 106.3901596375571188, 2697.4699999999997999, 0, 2702.2489999999997963, 102.70898089328439085, 2697.4699999999997999, 1, 2702.2489999999997963, 51.016402624599713533, 2697.4699999999997999, 1, 2702.2489999999997963, 41.430705863422836899, 2697.4699999999997999, 0
2702.2590000000000146, 41.797717188348471495, 2697.4740000000001601, 0, 2702.2590000000000146, 100.34930513403642749, 2697.4740000000001601, 1, 2702.2590000000000146, 0, 2697.4740000000001601, 1, 2702.2590000000000146, 88.685951455562459955, 2697.4740000000001601, 0
2702.2699999999999818, 80.564976242591541222, 2697.4789999999998145, 0, 2702.2699999999999818, 0, 2697.4789999999998145, 1, 2702.2699999999999818, 0, 2697.4789999999998145, 1, 2702.2699999999999818, 75.47932957154603173, 2697.4789999999998145, 0
2702.2789999999999964, 96.736341521469427107, 2697.4839999999999236, 0, 2702.2789999999999964, 0, 2697.4839999999999236, 1, 2702.2789999999999964, 0, 2697.4839999999999236, 1, 2702.2789999999999964, 81.225379783284523683, 2697.4839999999999236, 0
2702.2989999999999782, 104.26719180137259002, 2697.487999999999829, 0, 2702.2989999999999782, 0, 2697.487999999999829, 1, 2702.2989999999999782, 0, 2697.487999999999829, 1, 2702.2989999999999782, 82.701398673762383851, 2697.487999999999829, 0
2702.3090000000001965, 109.22302719354949829, 2697.4949999999998909, 0, 2702.3090000000001965, 0, 2697.4949999999998909, 1, 2702.3090000000001965, 0, 2697.4949999999998909, 1, 2702.3090000000001965, 84.62358094908582018, 2697.4949999999998909, 0
2702.3090000000001965, 110.02071421075550006, 2697.4969999999998436, 0, 2702.3090000000001965, 0, 2697.4969999999998436, 1, 2702.3090000000001965, 0, 2697.4969999999998436, 1, 2702.3090000000001965, 86.565842517266347045, 2697.4969999999998436, 0
2702.31899999999996, 110.26438698962672902, 2697.4969999999998436, 0, 2702.31899999999996, 0, 2697.4969999999998436, 1, 2702.31899999999996, 0, 2697.4969999999998436, 1, 2702.31899999999996, 90.471472975238015124, 2697.4969999999998436, 0
2702.3290000000001783, 108.64719037081650299, 2697.5169999999998254, 0, 2702.3290000000001783, 0, 2697.5169999999998254, 1, 2702.3290000000001783, 0, 2697.5169999999998254, 1, 2702.3290000000001783, 94.826978783155141173, 2697.5169999999998254, 0
2702.3420000000000982, 106.45003653330846305, 2697.5230000000001382, 0, 2702.3420000000000982, 0, 2697.5230000000001382, 1, 2702.3420000000000982, 0, 2697.5230000000001382, 1, 2702.3420000000000982, 94.848980792243338556, 2697.5230000000001382, 0
2702.3490000000001601, 105.24918699602085326, 2697.5270000000000437, 0, 2702.3490000000001601, 0, 2697.5270000000000437, 1, 2702.3490000000001601, 0, 2697.5270000000000437, 1, 2702.3490000000001601, 103.42565345365773055, 2697.5270000000000437, 0
2702.3600000000001273, 104.07561721799530119, 2697.5320000000001528, 0, 2702.3600000000001273, 0, 2697.5320000000001528, 1, 2702.3600000000001273, 0, 2697.5320000000001528, 1, 2702.3600000000001273, 105.18227815536786807, 2697.5320000000001528, 0
2702.3789999999999054, 103.28521917968930666, 2697.5380000000000109, 0, 2702.3789999999999054, 0, 2697.5380000000000109, 1, 2702.3789999999999054, 0, 2697.5380000000000109, 1, 2702.3789999999999054, 108.61183888535512665, 2697.5380000000000109, 0
2702.3800000000001091, 101.19115405345678482, 2697.5430000000001201, 0, 2702.3800000000001091, 0, 2697.5430000000001201, 1, 2702.3800000000001091, 0, 2697.5430000000001201, 1, 2702.3800000000001091, 112.48505985230865178, 2697.5430000000001201, 0
2702.3890000000001237, 98.983158545535189887, 2697.5470000000000255, 0, 2702.3890000000001237, 0, 2697.5470000000000255, 1, 2702.3890000000001237, 0, 2697.5470000000000255, 1, 2702.3890000000001237, 109.18630980497576388, 2697.5470000000000255, 0
2702.3989999999998872, 98.14654989431926424, 2697.5529999999998836, 0, 2702.3989999999998872, 0, 2697.5529999999998836, 1, 2702.3989999999998872, 0, 2697.5529999999998836, 1, 2702.3989999999998872, 109.90893205768867347, 2697.5529999999998836, 0
2702.418999999999869, 97.627048242890737129, 2697.5579999999999927, 0, 2702.418999999999869, 0, 2697.5579999999999927, 1, 2702.418999999999869, 0, 2697.5579999999999927, 1, 2702.418999999999869, 111.18529045084926565, 2697.5579999999999927, 0
2702.418999999999869, 97.466221324734249265, 2697.5619999999998981, 0, 2702.418999999999869, 0, 2697.5619999999998981, 1, 2702.418999999999869, 0, 2697.5619999999998981, 1, 2702.418999999999869, 113.08722866106936067, 2697.5619999999998981, 0
2702.4279999999998836, 95.325461437673041587, 2697.5670000000000073, 0, 2702.4279999999998836, 0, 2697.5670000000000073, 1, 2702.4279999999998836, 0, 2697.5670000000000073, 1, 2702.4279999999998836, 113.12758837742751439, 2697.5670000000000073, 0
2702.4380000000001019, 94.783323221699774308, 2697.5729999999998654, 0, 2702.4380000000001019, 0, 2697.5729999999998654, 1, 2702.4380000000001019, 0, 2697.5729999999998654, 1, 2702.4380000000001019, 116.50472839483195742, 2697.5729999999998654, 0
2702.4490000000000691, 93.788376083888181256, 2697.5770000000002256, 0, 2702.4490000000000691, 0, 2697.5770000000002256, 1, 2702.4490000000000691, 0, 2697.5770000000002256, 1, 2702.4490000000000691, 119.7071799210263805, 2697.5770000000002256, 0
2702.4580000000000837, 92.541199901763619096, 2697.5819999999998799, 0, 2702.4580000000000837, 0, 2697.5819999999998799, 1, 2702.4580000000000837, 0, 2697.5819999999998799, 1, 2702.4580000000000837, 118.513483290013653, 2697.5819999999998799, 0
2702.4679999999998472, 92.202324535005402595, 2697.5869999999999891, 0, 2702.4679999999998472, 0, 2697.5869999999999891, 1, 2702.4679999999998472, 0, 2697.5869999999999891, 1, 2702.4679999999998472, 119.17510945931741162, 2697.5869999999999891, 0
2702.4789999999998145, 93.628137185606718162, 2697.5920000000000982, 0, 2702.4789999999998145, 0, 2697.5920000000000982, 1, 2702.4789999999998145, 360.08261922651070108, 2697.5920000000000982, 1, 2702.4789999999998145, 118.34627931008037649, 2697.5920000000000982, 0
2702.4899999999997817, 83.387782002355891109, 2697.5970000000002074, 0, 2702.4899999999997817, 287.33129678951752339, 2697.5970000000002074, 1, 2702.4899999999997817, 251.15846689939911585, 2697.5970000000002074, 1, 2702.4899999999997817, 21.584753098043620412, 2697.5970000000002074, 0
2702.4989999999997963, 17.320675278566390887, 2697.6030000000000655, 0, 2702.4989999999997963, 106.81633295855483823, 2697.6030000000000655, 1, 2702.4989999999997963, 76.529533550456548596, 2697.6030000000000655, 1, 2702.4989999999997963, 6.652697842597273592, 2697.6030000000000655, 0
2702.5180000000000291, 10.328981448655483177, 2697.6080000000001746, 1, 2702.5180000000000291, 21.607773989392242697, 2697.6080000000001746, 1, 2702.5180000000000291, 39.292530079946757837, 2697.6080000000001746, 1, 2702.5180000000000291, 35.817840753471188009, 2697.6080000000001746, 1
2702.5180000000000291, 19.364406593695857595, 2697.6080000000001746, 1, 2702.5180000000000291, 18.674307628409742676, 2697.6080000000001746, 1, 2702.5180000000000291, 33.308716396838676133, 2697.6080000000001746, 1, 2702.5180000000000291, 54.554243509213065977, 2697.6080000000001746, 1
2702.5279999999997926, 36.150443374364407134, 2697.6170000000001892, 1, 2702.5279999999997926, 31.976828371950880125, 2697.6170000000001892, 1, 2702.5279999999997926, 28.816979308231431389, 2697.6170000000001892, 1, 2702.5279999999997926, 55.814419967957569213, 2697.6170000000001892, 1
2702.5380000000000109, 47.481149136547472267, 2697.6219999999998436, 1, 2702.5380000000000109, 42.144346089185269477, 2697.6219999999998436, 1, 2702.5380000000000109, 28.102843048428688633, 2697.6219999999998436, 1, 2702.5380000000000109, 54.792240482149338732, 2697.6219999999998436, 1
2702.5479999999997744, 54.309681074019074742, 2697.6269999999999527, 1, 2702.5479999999997744, 49.209551327532651044, 2697.6269999999999527, 1, 2702.5479999999997744, 28.390625398417700609, 2697.6269999999999527, 1, 2702.5479999999997744, 52.66999537581823887, 2697.6269999999999527, 1
2702.56899999999996, 57.756690134106364098, 2697.6329999999998108, 1, 2702.56899999999996, 53.997815288712118331, 2697.6329999999998108, 1, 2702.56899999999996, 28.751717388242923334, 2697.6329999999998108, 1, 2702.56899999999996, 49.314591146834374058, 2697.6329999999998108, 1
2702.56899999999996, 52.090091799177976384, 2697.637000000000171, 1, 2702.56899999999996, 57.636327947945801498, 2697.637000000000171, 1, 2702.56899999999996, 35.364910796939270199, 2697.637000000000171, 1, 2702.56899999999996, 41.157517356853595913, 2697.637000000000171, 1
2702.5889999999999418, 0, 2697.6419999999998254, 1, 2702.5889999999999418, 66.507848644288714013, 2697.6419999999998254, 1, 2702.5889999999999418, 67.312739259942162562, 2697.6419999999998254, 1, 2702.5889999999999418, 0, 2697.6419999999998254, 1
2702.5889999999999418, 0, 2697.6469999999999345, 1, 2702.5889999999999418, 93.775473784181997416, 2697.6469999999999345, 1, 2702.5889999999999418, 74.967745884127467093, 2697.6469999999999345, 1, 2702.5889999999999418, 0, 2697.6469999999999345, 1
2702.6089999999999236, 0, 2697.6520000000000437, 1, 2702.6089999999999236, 111.74288359606453014, 2697.6520000000000437, 1, 2702.6089999999999236, 73.296428018794387071, 2697.6520000000000437, 1, 2702.6089999999999236, 0, 2697.6520000000000437, 1
2702.6089999999999236, 0, 2697.6570000000001528, 1, 2702.6089999999999236, 122.58836145164866593, 2697.6570000000001528, 1, 2702.6089999999999236, 68.284833678913386734, 2697.6570000000001528, 1, 2702.6089999999999236, 0, 2697.6570000000001528, 1
2702.6280000000001564, 0, 2697.6619999999998072, 1, 2702.6280000000001564, 131.14198313439155186, 2697.6619999999998072, 1, 2702.6280000000001564, 65.391751779235789854, 2697.6619999999998072, 1, 2702.6280000000001564, 0, 2697.6619999999998072, 1
2702.6289999999999054, 0, 2697.6669999999999163, 1, 2702.6289999999999054, 133.23492553121960214, 2697.6669999999999163, 1, 2702.6289999999999054, 62.557390401827241533, 2697.6669999999999163, 1, 2702.6289999999999054, 0, 2697.6669999999999163, 1
2702.6489999999998872, 0, 2697.6720000000000255, 1, 2702.6489999999998872, 132.98215228671662658, 2697.6720000000000255, 1, 2702.6489999999998872, 63.424874636862718091, 2697.6720000000000255, 1, 2702.6489999999998872, 0, 2697.6720000000000255, 1
2702.6590000000001055, 0, 2697.6770000000001346, 1, 2702.6590000000001055, 131.06416835692090217, 2697.6770000000001346, 1, 2702.6590000000001055, 65.488736918555730426, 2697.6770000000001346, 1, 2702.6590000000001055, 0, 2697.6770000000001346, 1
2702.6590000000001055, 0, 2697.6799999999998363, 1, 2702.6590000000001055, 128.94330221735219766, 2697.6799999999998363, 0, 2702.6590000000001055, 70.616381420926558121, 2697.6799999999998363, 0, 2702.6590000000001055, 0, 2697.6799999999998363, 1
2702.668999999999869, 0, 2697.6869999999998981, 1, 2702.668999999999869, 126.3223689852961229, 2697.6869999999998981, 0, 2702.668999999999869, 73.106990193439315817, 2697.6869999999998981, 0, 2702.668999999999869, 0, 2697.6869999999998981, 1
2702.6790000000000873, 0, 2697.6920000000000073, 1, 2702.6790000000000873, 123.73944736362354035, 2697.6920000000000073, 0, 2702.6790000000000873, 78.015559748786017735, 2697.6920000000000073, 0, 2702.6790000000000873, 0, 2697.6920000000000073, 1
2702.6889999999998508, 0, 2697.6970000000001164, 1, 2702.6889999999998508, 120.8754094000362187, 2697.6970000000001164, 0, 2702.6889999999998508, 82.682849427054151192, 2697.6970000000001164, 0, 2702.6889999999998508, 0, 2697.6970000000001164, 1
2702.7089999999998327, 0, 2697.7020000000002256, 1, 2702.7089999999998327, 119.05294209028333796, 2697.7020000000002256, 0, 2702.7089999999998327, 84.212522850187895074, 2697.7020000000002256, 0, 2702.7089999999998327, 0, 2697.7020000000002256, 1
2702.7089999999998327, 0, 2697.7080000000000837, 1, 2702.7089999999998327, 116.59463667670209475, 2697.7080000000000837, 0, 2702.7089999999998327, 87.132365826334051917, 2697.7080000000000837, 0, 2702.7089999999998327, 0, 2697.7080000000000837, 1
2702.7190000000000509, 0, 2697.7119999999999891, 1, 2702.7190000000000509, 114.77154176566673982, 2697.7119999999999891, 0, 2702.7190000000000509, 89.191469303745321895, 2697.7119999999999891, 0, 2702.7190000000000509, 0, 2697.7119999999999891, 1
2702.7390000000000327, 0, 2697.7170000000000982, 1, 2702.7390000000000327, 111.89585920468718427, 2697.7170000000000982, 0, 2702.7390000000000327, 92.196423869137618112, 2697.7170000000000982, 0, 2702.7390000000000327, 0, 2697.7170000000000982, 1
2702.7489999999997963, 0, 2697.7220000000002074, 1, 2702.7489999999997963, 110.00037517909825624, 2697.7220000000002074, 0, 2702.7489999999997963, 92.494426106692699818, 2697.7220000000002074, 0, 2702.7489999999997963, 0, 2697.7220000000002074, 1
2702.7590000000000146, 0, 2697.7269999999998618, 1, 2702.7590000000000146, 107.68446814682718582, 2697.7269999999998618, 0, 2702.7590000000000146, 95.303296154605803281, 2697.7269999999998618, 0, 2702.7590000000000146, 0, 2697.7269999999998618, 1
2702.7590000000000146, 0, 2697.7319999999999709, 1, 2702.7590000000000146, 105.19633307008567158, 2697.7319999999999709, 0, 2702.7590000000000146, 99.501350770189361583, 2697.7319999999999709, 0, 2702.7590000000000146, 0, 2697.7319999999999709, 1
2702.7789999999999964, 0, 2697.73700000000008, 1, 2702.7789999999999964, 102.72884734072846413, 2697.73700000000008, 0, 2702.7789999999999964, 104.21083500291530299, 2697.73700000000008, 0, 2702.7789999999999964, 0, 2697.73700000000008, 1
2702.7890000000002146, 0, 2697.7429999999999382, 1, 2702.7890000000002146, 100.25012559408389734, 2697.7429999999999382, 0, 2702.7890000000002146, 107.71774554248676736, 2697.7429999999999382, 0, 2702.7890000000002146, 0, 2697.7429999999999382, 1
2702.7890000000002146, 368.46470425595350662, 2697.7469999999998436, 1, 2702.7890000000002146, 74.405805248298747756, 2697.7469999999998436, 0, 2702.7890000000002146, 96.580041599284328413, 2697.7469999999998436, 0, 2702.7890000000002146, 0, 2697.7469999999998436, 1
2702.7989999999999782, 373.78693935794024128, 2697.7489999999997963, 1, 2702.7989999999999782, 12.647378457754616221, 2697.7489999999997963, 0, 2702.7989999999999782, 73.609100863303126516, 2697.7489999999997963, 0, 2702.7989999999999782, 0, 2697.7489999999997963, 1
2702.8079999999999927, 308.64065338211912604, 2697.7570000000000618, 1, 2702.8079999999999927, 0, 2697.7570000000000618, 0, 2702.8079999999999927, 73.691411581638064376, 2697.7570000000000618, 0, 2702.8079999999999927, 0, 2697.7570000000000618, 1
2702.818000000000211, 101.17580701295690915, 2697.762000000000171, 1, 2702.818000000000211, 0, 2697.762000000000171, 0, 2702.818000000000211, 66.050214966778241887, 2697.762000000000171, 0, 2702.818000000000211, 0, 2697.762000000000171, 1
2702.8279999999999745, 1.5759249761753331143, 2697.7669999999998254, 1, 2702.8279999999999745, 0, 2697.7669999999998254, 0, 2702.8279999999999745, 44.110302648874849751, 2697.7669999999998254, 0, 2702.8279999999999745, 0, 2697.7669999999998254, 1
2702.8389999999999418, 0, 2697.7719999999999345, 1, 2702.8389999999999418, 0, 2697.7719999999999345, 0, 2702.8389999999999418, 20.442769573419393936, 2697.7719999999999345, 0, 2702.8389999999999418, 35.788408489960389147, 2697.7719999999999345, 1
2702.8479999999999563, 0, 2697.7770000000000437, 1, 2702.8479999999999563, 0, 2697.7770000000000437, 0, 2702.8479999999999563, 27.176233351705949559, 2697.7770000000000437, 0, 2702.8479999999999563, 15.941835943730906067, 2697.7770000000000437, 1
2702.8580000000001746, 0, 2697.7820000000001528, 1, 2702.8580000000001746, 0, 2697.7820000000001528, 0, 2702.8580000000001746, 27.124643790784904951, 2697.7820000000001528, 0, 2702.8580000000001746, 21.982787901337530911, 2697.7820000000001528, 1
2702.8690000000001419, 93.171112124020027068, 2697.7869999999998072, 1, 2702.8690000000001419, 0, 2697.7869999999998072, 0, 2702.8690000000001419, 33.350477557744724777, 2697.7869999999998072, 0, 2702.8690000000001419, 33.828742722433830181, 2697.7869999999998072, 1
2702.8789999999999054, 96.002116197659660202, 2697.7919999999999163, 1, 2702.8789999999999054, 90.799806406635113376, 2697.7919999999999163, 0, 2702.8789999999999054, 36.675662856161721948, 2697.7919999999999163, 0, 2702.8789999999999054, 39.963711095020180153, 2697.7919999999999163, 1
2702.8890000000001237, 89.264478272644453227, 2697.7970000000000255, 1, 2702.8890000000001237, 86.920456054959828407, 2697.7970000000000255, 0, 2702.8890000000001237, 50.155381139518958378, 2697.7970000000000255, 0, 2702.8890000000001237, 31.830038139002052588, 2697.7970000000000255, 1
2702.8989999999998872, 22.104709270887077821, 2697.8020000000001346, 1, 2702.8989999999998872, 97.142630569325064016, 2697.8020000000001346, 0, 2702.8989999999998872, 151.4562971605146231, 2697.8020000000001346, 0, 2702.8989999999998872, 85.856320311696805447, 2697.8020000000001346, 1
2702.9090000000001055, 31.679177615558387515, 2697.806999999999789, 1, 2702.9090000000001055, 0, 2697.806999999999789, 0, 2702.9090000000001055, 0, 2697.806999999999789, 0, 2702.9090000000001055, 79.071551505972593077, 2697.806999999999789, 1
2702.918999999999869, 73.86437286488502707, 2697.8119999999998981, 1, 2702.918999999999869, 0, 2697.8119999999998981, 0, 2702.918999999999869, 0, 2697.8119999999998981, 0, 2702.918999999999869, 74.445268399156816486, 2697.8119999999998981, 1
2702.9279999999998836, 95.669251359061746598, 2697.8170000000000073, 1, 2702.9279999999998836, 0, 2697.8170000000000073, 0, 2702.9279999999998836, 0, 2697.8170000000000073, 0, 2702.9279999999998836, 77.139603791907774166, 2697.8170000000000073, 1
2702.9490000000000691, 104.9411480258894187, 2697.8220000000001164, 1, 2702.9490000000000691, 0, 2697.8220000000001164, 0, 2702.9490000000000691, 0, 2697.8220000000001164, 0, 2702.9490000000000691, 80.175834555244094304, 2697.8220000000001164, 1
2702.9490000000000691, 109.43055027043334348, 2697.8270000000002256, 1, 2702.9490000000000691, 0, 2697.8270000000002256, 0, 2702.9490000000000691, 0, 2697.8270000000002256, 0, 2702.9490000000000691, 83.187420987229629077, 2697.8270000000002256, 1
2702.9699999999997999, 111.42312840915633387, 2697.8319999999998799, 1, 2702.9699999999997999, 0, 2697.8319999999998799, 0, 2702.9699999999997999, 0, 2697.8319999999998799, 0, 2702.9699999999997999, 84.272436879536741117, 2697.8319999999998799, 1
2702.9699999999997999, 111.62581832084396183, 2697.8369999999999891, 1, 2702.9699999999997999, 0, 2697.8369999999999891, 0, 2702.9699999999997999, 0, 2697.8369999999999891, 0, 2702.9699999999997999, 85.853396906455358817, 2697.8369999999999891, 1
2702.9800000000000182, 110.34093036087102746, 2697.8420000000000982, 1, 2702.9800000000000182, 0, 2697.8420000000000982, 0, 2702.9800000000000182, 0, 2697.8420000000000982, 0, 2702.9800000000000182, 92.221131141143914078, 2697.8420000000000982, 1
2702.9890000000000327, 109.55803691467757233, 2697.8470000000002074, 1, 2702.9890000000000327, 0, 2697.8470000000002074, 0, 2702.9890000000000327, 0, 2697.8470000000002074, 0, 2702.9890000000000327, 95.477979797575216026, 2697.8470000000002074, 1
2702.9989999999997963, 108.08223448362466002, 2697.8499999999999091, 1, 2702.9989999999997963, 0, 2697.8499999999999091, 0, 2702.9989999999997963, 0, 2697.8499999999999091, 0, 2702.9989999999997963, 100.08208438088831826, 2697.8499999999999091, 1
2703.0090000000000146, 105.90148371318151987, 2697.8569999999999709, 1, 2703.0090000000000146, 0, 2697.8569999999999709, 0, 2703.0090000000000146, 0, 2697.8569999999999709, 0, 2703.0090000000000146, 104.56722271110920985, 2697.8569999999999709, 1
2703.0189999999997781, 103.65404475613820523, 2697.862999999999829, 1, 2703.0189999999997781, 0, 2697.862999999999829, 0, 2703.0189999999997781, 0, 2697.862999999999829, 0, 2703.0189999999997781, 103.41042185043157531, 2697.862999999999829, 1
2703.0279999999997926, 102.3095433964590768, 2697.8670000000001892, 1, 2703.0279999999997926, 0, 2697.8670000000001892, 0, 2703.0279999999997926, 0, 2697.8670000000001892, 0, 2703.0279999999997926, 106.29633858221937714, 2697.8670000000001892, 1
2703.0390000000002146, 101.7305545810731644, 2697.8719999999998436, 1, 2703.0390000000002146, 0, 2697.8719999999998436, 0, 2703.0390000000002146, 0, 2697.8719999999998436, 0, 2703.0390000000002146, 107.10788323701191871, 2697.8719999999998436, 1
2703.0489999999999782, 100.01941092934779931, 2697.8780000000001564, 1, 2703.0489999999999782, 0, 2697.8780000000001564, 0, 2703.0489999999999782, 0, 2697.8780000000001564, 0, 2703.0489999999999782, 110.44333946962528614, 2697.8780000000001564, 1
2703.0590000000001965, 99.463726648533338448, 2697.8829999999998108, 1, 2703.0590000000001965, 0, 2697.8829999999998108, 0, 2703.0590000000001965, 0, 2697.8829999999998108, 0, 2703.0590000000001965, 108.0011655432746096, 2697.8829999999998108, 1
2703.06899999999996, 98.440365830131142388, 2697.88799999999992, 1, 2703.06899999999996, 0, 2697.88799999999992, 0, 2703.06899999999996, 0, 2697.88799999999992, 0, 2703.06899999999996, 109.37193828250320848, 2697.88799999999992, 1
2703.0790000000001783, 97.695708213360120453, 2697.8919999999998254, 1, 2703.0790000000001783, 0, 2697.8919999999998254, 0, 2703.0790000000001783, 0, 2697.8919999999998254, 0, 2703.0790000000001783, 113.19623873897913313, 2697.8919999999998254, 1
2703.0889999999999418, 97.342095201340143262, 2697.8969999999999345, 1, 2703.0889999999999418, 0, 2697.8969999999999345, 0, 2703.0889999999999418, 0, 2697.8969999999999345, 0, 2703.0889999999999418, 120.46007861826662122, 2697.8969999999999345, 1
2703.1010000000001128, 95.877730923290926057, 2697.9020000000000437, 1, 2703.1010000000001128, 0, 2697.9020000000000437, 0, 2703.1010000000001128, 0, 2697.9020000000000437, 0, 2703.1010000000001128, 122.67639832288543289, 2697.9020000000000437, 1
2703.1089999999999236, 94.937830062882667903, 2697.9070000000001528, 1, 2703.1089999999999236, 0, 2697.9070000000001528, 0, 2703.1089999999999236, 0, 2697.9070000000001528, 0, 2703.1089999999999236, 122.24600645756321171, 2697.9070000000001528, 1
2703.1190000000001419, 94.448054262906566692, 2697.9119999999998072, 1, 2703.1190000000001419, 0, 2697.9119999999998072, 0, 2703.1190000000001419, 0, 2697.9119999999998072, 0, 2703.1190000000001419, 121.93223925567895094, 2697.9119999999998072, 1
2703.1289999999999054, 94.824100637513026868, 2697.9169999999999163, 1, 2703.1289999999999054, 0, 2697.9169999999999163, 0, 2703.1289999999999054, 0, 2697.9169999999999163, 0, 2703.1289999999999054, 125.08443389843955629, 2697.9169999999999163, 1
2703.1390000000001237, 74.176798368596678301, 2697.9220000000000255, 1, 2703.1390000000001237, 290.23931966587900888, 2697.9220000000000255, 0, 2703.1390000000001237, 261.28205219865174058, 2697.9220000000000255, 0, 2703.1390000000001237, 51.991030629708291144, 2697.9220000000000255, 1
2703.1520000000000437, 6.2949586313135341697, 2697.9270000000001346, 1, 2703.1520000000000437, 79.38900725728917962, 2697.9270000000001346, 0, 2703.1520000000000437, 75.483590654160934719, 2697.9270000000001346, 0, 2703.1520000000000437, 20.311503352597377159, 2697.9270000000001346, 1
2703.1590000000001055, 3.9274300510168540512, 2697.931999999999789, 1, 2703.1590000000001055, 25.034849676106837535, 2697.931999999999789, 1, 2703.1590000000001055, 56.572076186916731899, 2697.931999999999789, 1, 2703.1590000000001055, 45.320488520447611336, 2697.931999999999789, 1
2703.168999999999869, 13.665717059840856606, 2697.9389999999998508, 1, 2703.168999999999869, 17.452182900237211527, 2697.9389999999998508, 1, 2703.168999999999869, 28.376033089838706758, 2697.9389999999998508, 1, 2703.168999999999869, 48.298406371630861145, 2697.9389999999998508, 1
2703.1790000000000873, 30.205896399123314922, 2697.9420000000000073, 1, 2703.1790000000000873, 33.292214815236860659, 2697.9420000000000073, 1, 2703.1790000000000873, 24.056033981652443998, 2697.9420000000000073, 1, 2703.1790000000000873, 51.599187221638182166, 2697.9420000000000073, 1
2703.1889999999998508, 45.221317070142319494, 2697.9470000000001164, 1, 2703.1889999999998508, 44.427444860823641193, 2697.9470000000001164, 1, 2703.1889999999998508, 24.889201618991474874, 2697.9470000000001164, 1, 2703.1889999999998508, 52.080654051395029569, 2697.9470000000001164, 1
2703.2089999999998327, 52.885291386560389526, 2697.9520000000002256, 1, 2703.2089999999998327, 51.343724313517569158, 2697.9520000000002256, 1, 2703.2089999999998327, 26.252377812359540599, 2697.9520000000002256, 1, 2703.2089999999998327, 50.903222262426595535, 2697.9520000000002256, 1
2703.2199999999997999, 57.315276366259780616, 2697.9569999999998799, 1, 2703.2199999999997999, 55.907764978536121703, 2697.9569999999998799, 1, 2703.2199999999997999, 27.446255711068246796, 2697.9569999999998799, 1, 2703.2199999999997999, 48.710751410279385709, 2697.9569999999998799, 1
2703.2210000000000036, 60.288531323301192799, 2697.9619999999999891, 1, 2703.2210000000000036, 55.717136535125298735, 2697.9619999999999891, 1, 2703.2210000000000036, 33.425460366722496985, 2697.9619999999999891, 1, 2703.2210000000000036, 51.552380947647819198, 2697.9619999999999891, 1
2703.2390000000000327, 22.110458096543112561, 2697.9679999999998472, 1, 2703.2390000000000327, 63.1067558102253372, 2697.9679999999998472, 1, 2703.2390000000000327, 63.697538206714973796, 2697.9679999999998472, 1, 2703.2390000000000327, 20.47938422451104401, 2697.9679999999998472, 1
2703.2489999999997963, 0, 2697.9720000000002074, 1, 2703.2489999999997963, 90.011796784636857183, 2697.9720000000002074, 1, 2703.2489999999997963, 73.436341559503517828, 2697.9720000000002074, 1, 2703.2489999999997963, 0, 2697.9720000000002074, 1
2703.2590000000000146, 0, 2697.9769999999998618, 1, 2703.2590000000000146, 110.03248629904460643, 2697.9769999999998618, 1, 2703.2590000000000146, 72.903273537586869679, 2697.9769999999998618, 1, 2703.2590000000000146, 0, 2697.9769999999998618, 1
2703.2689999999997781, 0, 2697.9819999999999709, 1, 2703.2689999999997781, 123.75742526808124921, 2697.9819999999999709, 1, 2703.2689999999997781, 67.070913520871641822, 2697.9819999999999709, 1, 2703.2689999999997781, 0, 2697.9819999999999709, 1
2703.2770000000000437, 0, 2697.98700000000008, 1, 2703.2770000000000437, 129.43343241434436663, 2697.98700000000008, 1, 2703.2770000000000437, 64.012425164320660542, 2697.98700000000008, 1, 2703.2770000000000437, 0, 2697.98700000000008, 1
2703.2789999999999964, 0, 2697.9920000000001892, 1, 2703.2789999999999964, 132.01734733710702585, 2697.9920000000001892, 1, 2703.2789999999999964, 62.094612285758657322, 2697.9920000000001892, 1, 2703.2789999999999964, 0, 2697.9920000000001892, 1
2703.2890000000002146, 0, 2697.9969999999998436, 1, 2703.2890000000002146, 132.49610455219806227, 2697.9969999999998436, 1, 2703.2890000000002146, 62.475173652786963885, 2697.9969999999998436, 1, 2703.2890000000002146, 0, 2697.9969999999998436, 1
2703.3000000000001819, 0, 2698.0030000000001564, 1, 2703.3000000000001819, 130.61260894039321556, 2698.0030000000001564, 1, 2703.3000000000001819, 66.302056569142663989, 2698.0030000000001564, 1, 2703.3000000000001819, 0, 2698.0030000000001564, 1
2703.3090000000001965, 0, 2698.0070000000000618, 0, 2703.3090000000001965, 129.97506522458587597, 2698.0070000000000618, 1, 2703.3090000000001965, 66.995955344610052862, 2698.0070000000000618, 1, 2703.3090000000001965, 0, 2698.0070000000000618, 0
2703.3200000000001637, 0, 2698.01299999999992, 0, 2703.3200000000001637, 127.34341376153790293, 2698.01299999999992, 1, 2703.3200000000001637, 71.667469715938210584, 2698.01299999999992, 1, 2703.3200000000001637, 0, 2698.01299999999992, 0
2703.3389999999999418, 0, 2698.0169999999998254, 0, 2703.3389999999999418, 124.35728768691390655, 2698.0169999999998254, 1, 2703.3389999999999418, 77.310038753550799129, 2698.0169999999998254, 1, 2703.3389999999999418, 0, 2698.0169999999998254, 0
2703.3490000000001601, 0, 2698.0230000000001382, 0, 2703.3490000000001601, 121.57281468591193629, 2698.0230000000001382, 1, 2703.3490000000001601, 79.771916851915321445, 2698.0230000000001382, 1, 2703.3490000000001601, 0, 2698.0230000000001382, 0
2703.3490000000001601, 0, 2698.0270000000000437, 0, 2703.3490000000001601, 119.01170056906906325, 2698.0270000000000437, 1, 2703.3490000000001601, 83.789093838280223281, 2698.0270000000000437, 1, 2703.3490000000001601, 0, 2698.0270000000000437, 0
2703.3589999999999236, 0, 2698.0320000000001528, 0, 2703.3589999999999236, 116.45088646951958822, 2698.0320000000001528, 1, 2703.3589999999999236, 86.915058929178968583, 2698.0320000000001528, 1, 2703.3589999999999236, 0, 2698.0320000000001528, 0
2703.3719999999998436, 0, 2698.0380000000000109, 0, 2703.3719999999998436, 114.22799694511931534, 2698.0380000000000109, 1, 2703.3719999999998436, 89.059745749443578688, 2698.0380000000000109, 1, 2703.3719999999998436, 0, 2698.0380000000000109, 0
2703.3800000000001091, 0, 2698.0419999999999163, 0, 2703.3800000000001091, 111.722201154129408, 2698.0419999999999163, 1, 2703.3800000000001091, 92.355882700963576326, 2698.0419999999999163, 1, 2703.3800000000001091, 0, 2698.0419999999999163, 0
2703.3980000000001382, 0, 2698.0479999999997744, 0, 2703.3980000000001382, 108.37971234638868623, 2698.0479999999997744, 1, 2703.3980000000001382, 97.658814994978627055, 2698.0479999999997744, 1, 2703.3980000000001382, 0, 2698.0479999999997744, 0
2703.4090000000001055, 0, 2698.0520000000001346, 0, 2703.4090000000001055, 105.13834147428914889, 2698.0520000000001346, 1, 2703.4090000000001055, 101.06792955799282652, 2698.0520000000001346, 1, 2703.4090000000001055, 0, 2698.0520000000001346, 0
2703.418999999999869, 0, 2698.056999999999789, 0, 2703.418999999999869, 102.11060367476984823, 2698.056999999999789, 1, 2703.418999999999869, 105.8201806493061099, 2698.056999999999789, 1, 2703.418999999999869, 0, 2698.056999999999789, 0
2703.4290000000000873, 0, 2698.0619999999998981, 0, 2703.4290000000000873, 99.599695986738510101, 2698.0619999999998981, 1, 2703.4290000000000873, 106.29712131889704096, 2698.0619999999998981, 1, 2703.4290000000000873, 0, 2698.0619999999998981, 0
2703.4389999999998508, 371.00680587729721083, 2698.0670000000000073, 0, 2703.4389999999998508, 61.047817518550232307, 2698.0670000000000073, 1, 2703.4389999999998508, 93.385723468696468785, 2698.0670000000000073, 1, 2703.4389999999998508, 0, 2698.0670000000000073, 0
2703.4490000000000691, 372.35944644085822119, 2698.0720000000001164, 0, 2703.4490000000000691, 6.5974316710737950231, 2698.0720000000001164, 1, 2703.4490000000000691, 68.50712844066828211, 2698.0720000000001164, 1, 2703.4490000000000691, 0, 2698.0720000000001164, 0
2703.4589999999998327, 313.12815393077642057, 2698.0770000000002256, 0, 2703.4589999999998327, 0, 2698.0770000000002256, 1, 2703.4589999999998327, 71.89239136362752447, 2698.0770000000002256, 1, 2703.4589999999998327, 0, 2698.0770000000002256, 0
2703.4690000000000509, 74.721194674868741004, 2698.0819999999998799, 0, 2703.4690000000000509, 0, 2698.0819999999998799, 1, 2703.4690000000000509, 69.251187801631004959, 2698.0819999999998799, 1, 2703.4690000000000509, 0, 2698.0819999999998799, 0
2703.4789999999998145, 0.67584963078451776308, 2698.0869999999999891, 0, 2703.4789999999998145, 0, 2698.0869999999999891, 1, 2703.4789999999998145, 44.503574963236530948, 2698.0869999999999891, 1, 2703.4789999999998145, 0, 2698.0869999999999891, 0
2703.4890000000000327, 0, 2698.0920000000000982, 0, 2703.4890000000000327, 0, 2698.0920000000000982, 1, 2703.4890000000000327, 27.998588751054573009, 2698.0920000000000982, 1, 2703.4890000000000327, 0, 2698.0920000000000982, 0
2703.5, 0, 2698.0979999999999563, 0, 2703.5, 0, 2698.0979999999999563, 1, 2703.5, 22.410210688163129333, 2698.0979999999999563, 1, 2703.5, 32.637010845230243206, 2698.0979999999999563, 0
2703.5210000000001855, 0, 2698.1019999999998618, 0, 2703.5210000000001855, 0, 2698.1019999999998618, 1, 2703.5210000000001855, 28.198418194753507748, 2698.1019999999998618, 1, 2703.5210000000001855, 18.050250929539377154, 2698.1019999999998618, 0
2703.5210000000001855, 90.268085248061169068, 2698.1069999999999709, 0, 2703.5210000000001855, 0, 2698.1069999999999709, 1, 2703.5210000000001855, 34.666857275136777616, 2698.1069999999999709, 1, 2703.5210000000001855, 30.632550548737466301, 2698.1069999999999709, 0
2703.5289999999999964, 101.48214027090429568, 2698.112999999999829, 0, 2703.5289999999999964, 0, 2698.112999999999829, 1, 2703.5289999999999964, 38.011203211565998572, 2698.112999999999829, 1, 2703.5289999999999964, 37.741655524456284354, 2698.112999999999829, 0
2703.5479999999997744, 105.17618683849545391, 2698.1170000000001892, 0, 2703.5479999999997744, 103.96920883721345774, 2698.1170000000001892, 1, 2703.5479999999997744, 55.051401617983067638, 2698.1170000000001892, 1, 2703.5479999999997744, 41.406281543792729849, 2698.1170000000001892, 0
2703.5489999999999782, 34.961958670523912929, 2698.1219999999998436, 0, 2703.5489999999999782, 96.628419206421526155, 2698.1219999999998436, 1, 2703.5489999999999782, 132.77232685227463094, 2698.1219999999998436, 1, 2703.5489999999999782, 93.091460157972775846, 2698.1219999999998436, 0
2703.5590000000001965, 37.653667510824547549, 2698.1269999999999527, 0, 2703.5590000000001965, 0, 2698.1269999999999527, 1, 2703.5590000000001965, 0, 2698.1269999999999527, 1, 2703.5590000000001965, 84.933232837798215087, 2698.1269999999999527, 0
2703.5790000000001783, 77.977227928032107229, 2698.1320000000000618, 0, 2703.5790000000001783, 0, 2698.1320000000000618, 1, 2703.5790000000001783, 0, 2698.1320000000000618, 1, 2703.5790000000001783, 75.409240418444312581, 2698.1320000000000618, 0
2703.5790000000001783, 95.050396984570809877, 2698.137000000000171, 0, 2703.5790000000001783, 0, 2698.137000000000171, 1, 2703.5790000000001783, 0, 2698.137000000000171, 1, 2703.5790000000001783, 77.950461961949557121, 2698.137000000000171, 0
2703.5889999999999418, 104.3132030890412949, 2698.1419999999998254, 0, 2703.5889999999999418, 0, 2698.1419999999998254, 1, 2703.5889999999999418, 0, 2698.1419999999998254, 1, 2703.5889999999999418, 80.490243264283293456, 2698.1419999999998254, 0
2703.5990000000001601, 108.93185513229821026, 2698.1489999999998872, 0, 2703.5990000000001601, 0, 2698.1489999999998872, 1, 2703.5990000000001601, 0, 2698.1489999999998872, 1, 2703.5990000000001601, 81.862416768956734359, 2698.1489999999998872, 0
2703.612999999999829, 110.69929778110750362, 2698.1520000000000437, 0, 2703.612999999999829, 0, 2698.1520000000000437, 1, 2703.612999999999829, 0, 2698.1520000000000437, 1, 2703.612999999999829, 84.311716185898461617, 2698.1520000000000437, 0
2703.6179999999999382, 110.64076839810081765, 2698.1570000000001528, 0, 2703.6179999999999382, 0, 2698.1570000000001528, 1, 2703.6179999999999382, 0, 2698.1570000000001528, 1, 2703.6179999999999382, 86.986423708639364349, 2698.1570000000001528, 0
2703.6289999999999054, 109.70180699809853309, 2698.1619999999998072, 0, 2703.6289999999999054, 0, 2698.1619999999998072, 1, 2703.6289999999999054, 0, 2698.1619999999998072, 1, 2703.6289999999999054, 91.129505165695576352, 2698.1619999999998072, 0
2703.6390000000001237, 109.36094291446764259, 2698.1669999999999163, 0, 2703.6390000000001237, 0, 2698.1669999999999163, 1, 2703.6390000000001237, 0, 2698.1669999999999163, 1, 2703.6390000000001237, 93.786979462039965938, 2698.1669999999999163, 0
2703.6489999999998872, 106.86042001868779039, 2698.1720000000000255, 0, 2703.6489999999998872, 0, 2698.1720000000000255, 1, 2703.6489999999998872, 0, 2698.1720000000000255, 1, 2703.6489999999998872, 95.168151691775079826, 2698.1720000000000255, 0
2703.6590000000001055, 104.97793588613635052, 2698.1770000000001346, 0, 2703.6590000000001055, 0, 2698.1770000000001346, 1, 2703.6590000000001055, 0, 2698.1770000000001346, 1, 2703.6590000000001055, 101.46782042428040427, 2698.1770000000001346, 0
2703.668999999999869, 102.65741994676244531, 2698.181999999999789, 0, 2703.668999999999869, 0, 2698.181999999999789, 1, 2703.668999999999869, 0, 2698.181999999999789, 1, 2703.668999999999869, 104.44099378179633675, 2698.181999999999789, 0
2703.6790000000000873, 101.36038798824945673, 2698.1869999999998981, 0, 2703.6790000000000873, 0, 2698.1869999999998981, 1, 2703.6790000000000873, 0, 2698.1869999999998981, 1, 2703.6790000000000873, 106.63234180218753977, 2698.1869999999998981, 0
2703.6889999999998508, 100.94150698049548964, 2698.1920000000000073, 0, 2703.6889999999998508, 0, 2698.1920000000000073, 1, 2703.6889999999998508, 0, 2698.1920000000000073, 1, 2703.6889999999998508, 108.79238500286592739, 2698.1920000000000073, 0
2703.7089999999998327, 100.44960533150830884, 2698.1979999999998654, 0, 2703.7089999999998327, 0, 2698.1979999999998654, 1, 2703.7089999999998327, 0, 2698.1979999999998654, 1, 2703.7089999999998327, 112.4814069475714291, 2698.1979999999998654, 0
2703.7089999999998327, 98.309899479734355054, 2698.2029999999999745, 0, 2703.7089999999998327, 0, 2698.2029999999999745, 1, 2703.7089999999998327, 0, 2698.2029999999999745, 1, 2703.7089999999998327, 108.6927026302713557, 2698.2029999999999745, 0
2703.7199999999997999, 97.664814722838968919, 2698.2069999999998799, 0, 2703.7199999999997999, 0, 2698.2069999999998799, 1, 2703.7199999999997999, 0, 2698.2069999999998799, 1, 2703.7199999999997999, 110.38818215151395918, 2698.2069999999998799, 0
2703.7300000000000182, 96.850570647233908517, 2698.2130000000001928, 0, 2703.7300000000000182, 0, 2698.2130000000001928, 1, 2703.7300000000000182, 0, 2698.2130000000001928, 1, 2703.7300000000000182, 113.41036882057662183, 2698.2130000000001928, 0
2703.7489999999997963, 96.516445098247913847, 2698.2170000000000982, 0, 2703.7489999999997963, 0, 2698.2170000000000982, 1, 2703.7489999999997963, 0, 2698.2170000000000982, 1, 2703.7489999999997963, 120.60973685471638817, 2698.2170000000000982, 0
2703.7489999999997963, 95.730232567284474499, 2698.2249999999999091, 0, 2703.7489999999997963, 0, 2698.2249999999999091, 1, 2703.7489999999997963, 0, 2698.2249999999999091, 1, 2703.7489999999997963, 123.32192818076453023, 2698.2249999999999091, 0
2703.7590000000000146, 94.051250433459046008, 2698.2280000000000655, 0, 2703.7590000000000146, 0, 2698.2280000000000655, 1, 2703.7590000000000146, 0, 2698.2280000000000655, 1, 2703.7590000000000146, 117.26553619641821058, 2698.2280000000000655, 0
2703.7689999999997781, 92.777748032818180945, 2698.2330000000001746, 0, 2703.7689999999997781, 0, 2698.2330000000001746, 1, 2703.7689999999997781, 0, 2698.2330000000001746, 1, 2703.7689999999997781, 122.25425579342204685, 2698.2330000000001746, 0
2703.7789999999999964, 94.615568447366911187, 2698.23700000000008, 0, 2703.7789999999999964, 0, 2698.23700000000008, 1, 2703.7789999999999964, 237.49191386532120873, 2698.23700000000008, 1, 2703.7789999999999964, 119.40619625242584334, 2698.23700000000008, 0
2703.7890000000002146, 85.666648309118301086, 2698.2420000000001892, 0, 2703.7890000000002146, 298.69127861137394575, 2698.2420000000001892, 1, 2703.7890000000002146, 273.32460690384158397, 2698.2420000000001892, 1, 2703.7890000000002146, 40.607134346340600928, 2698.2420000000001892, 0
2703.8000000000001819, 14.569470667497196104, 2698.2449999999998909, 0, 2703.8000000000001819, 110.1902632521148746, 2698.2449999999998909, 1, 2703.8000000000001819, 85.755605805876086833, 2698.2449999999998909, 1, 2703.8000000000001819, 13.091338148209548109, 2698.2449999999998909, 0
2703.8090000000001965, 8.2501550917401154095, 2698.2519999999999527, 0, 2703.8090000000001965, 22.917045652762809027, 2698.2519999999999527, 1, 2703.8090000000001965, 52.352714473618966906, 2698.2519999999999527, 1, 2703.8090000000001965, 41.207740754286540152, 2698.2519999999999527, 0
2703.8290000000001783, 16.037602865427274423, 2698.2570000000000618, 0, 2703.8290000000001783, 20.572431653727250023, 2698.2570000000000618, 1, 2703.8290000000001783, 32.456390563877569377, 2698.2570000000000618, 1, 2703.8290000000001783, 48.972471581946194874, 2698.2570000000000618, 0
2703.8290000000001783, 30.680518473447403238, 2698.262000000000171, 1, 2703.8290000000001783, 33.951595706528422625, 2698.262000000000171, 1, 2703.8290000000001783, 28.340070569094521602, 2698.262000000000171, 1, 2703.8290000000001783, 51.742174169720271948, 2698.262000000000171, 1
2703.8389999999999418, 45.121787171691977392, 2698.2669999999998254, 1, 2703.8389999999999418, 42.990498194541764576, 2698.2669999999998254, 1, 2703.8389999999999418, 25.896381522062029035, 2698.2669999999998254, 1, 2703.8389999999999418, 51.626389050579447826, 2698.2669999999998254, 1
2703.8490000000001601, 52.767816954731948442, 2698.2719999999999345, 1, 2703.8490000000001601, 50.668731445398520918, 2698.2719999999999345, 1, 2703.8490000000001601, 26.957758960768437362, 2698.2719999999999345, 1, 2703.8490000000001601, 49.427486962646007385, 2698.2719999999999345, 1
2703.8589999999999236, 57.009116624519300842, 2698.2770000000000437, 1, 2703.8589999999999236, 55.883541230357032248, 2698.2770000000000437, 1, 2703.8589999999999236, 28.199554697517662305, 2698.2770000000000437, 1, 2703.8589999999999236, 47.273136896307214272, 2698.2770000000000437, 1
2703.8800000000001091, 56.173686638676514349, 2698.2820000000001528, 1, 2703.8800000000001091, 56.4766299902271669, 2698.2820000000001528, 1, 2703.8800000000001091, 35.06029176931374991, 2698.2820000000001528, 1, 2703.8800000000001091, 47.817131408319241359, 2698.2820000000001528, 1
2703.8800000000001091, 0, 2698.2869999999998072, 1, 2703.8800000000001091, 68.305309767828674694, 2698.2869999999998072, 1, 2703.8800000000001091, 65.668842671537873912, 2698.2869999999998072, 1, 2703.8800000000001091, 0, 2698.2869999999998072, 1
2703.9000000000000909, 0, 2698.2919999999999163, 1, 2703.9000000000000909, 95.456510736435276954, 2698.2919999999999163, 1, 2703.9000000000000909, 73.980351541563479145, 2698.2919999999999163, 1, 2703.9000000000000909, 0, 2698.2919999999999163, 1
2703.9099999999998545, 0, 2698.2970000000000255, 1, 2703.9099999999998545, 113.71334368211634569, 2698.2970000000000255, 1, 2703.9099999999998545, 73.049846726007103825, 2698.2970000000000255, 1, 2703.9099999999998545, 0, 2698.2970000000000255, 1
2703.9200000000000728, 0, 2698.3020000000001346, 1, 2703.9200000000000728, 125.15976730658792349, 2698.3020000000001346, 1, 2703.9200000000000728, 67.268203899005456492, 2698.3020000000001346, 1, 2703.9200000000000728, 0, 2698.3020000000001346, 1
2703.9200000000000728, 0, 2698.306999999999789, 1, 2703.9200000000000728, 131.03952142601320929, 2698.306999999999789, 1, 2703.9200000000000728, 63.010675899092923657, 2698.306999999999789, 1, 2703.9200000000000728, 0, 2698.306999999999789, 1
2703.9299999999998363, 0, 2698.3119999999998981, 1, 2703.9299999999998363, 132.30881485854030188, 2698.3119999999998981, 1, 2703.9299999999998363, 62.740928228672345313, 2698.3119999999998981, 1, 2703.9299999999998363, 0, 2698.3119999999998981, 1
2703.9499999999998181, 0, 2698.318000000000211, 1, 2703.9499999999998181, 133.82386530958757476, 2698.318000000000211, 1, 2703.9499999999998181, 62.088821126094430269, 2698.318000000000211, 1, 2703.9499999999998181, 0, 2698.318000000000211, 1
2703.9499999999998181, 0, 2698.3220000000001164, 1, 2703.9499999999998181, 132.17360885352795208, 2698.3220000000001164, 1, 2703.9499999999998181, 64.437756736920334788, 2698.3220000000001164, 1, 2703.9499999999998181, 0, 2698.3220000000001164, 1
2703.9600000000000364, 0, 2698.3279999999999745, 1, 2703.9600000000000364, 129.86087746940188481, 2698.3279999999999745, 1, 2703.9600000000000364, 68.270514705378104736, 2698.3279999999999745, 1, 2703.9600000000000364, 0, 2698.3279999999999745, 1
2703.9800000000000182, 0, 2698.3319999999998799, 1, 2703.9800000000000182, 126.84558211006267925, 2698.3319999999998799, 1, 2703.9800000000000182, 73.268578730467538662, 2698.3319999999998799, 1, 2703.9800000000000182, 0, 2698.3319999999998799, 1
2703.9899999999997817, 0, 2698.3369999999999891, 1, 2703.9899999999997817, 124.52451497906088207, 2698.3369999999999891, 0, 2703.9899999999997817, 78.033636303810155255, 2698.3369999999999891, 0, 2703.9899999999997817, 0, 2698.3369999999999891, 1
2703.9899999999997817, 0, 2698.3429999999998472, 1, 2703.9899999999997817, 121.29909652494932004, 2698.3429999999998472, 0, 2703.9899999999997817, 81.139821454571745107, 2698.3429999999998472, 0, 2703.9899999999997817, 0, 2698.3429999999998472, 1
2704.0100000000002183, 0, 2698.3470000000002074, 1, 2704.0100000000002183, 118.83464366415933, 2698.3470000000002074, 0, 2704.0100000000002183, 84.936149064381197604, 2698.3470000000002074, 0, 2704.0100000000002183, 0, 2698.3470000000002074, 1
2704.0189999999997781, 0, 2698.3519999999998618, 1, 2704.0189999999997781, 116.13399418831698995, 2698.3519999999998618, 0, 2704.0189999999997781, 88.453854231226841875, 2698.3519999999998618, 0, 2704.0189999999997781, 0, 2698.3519999999998618, 1
2704.0199999999999818, 0, 2698.3560000000002219, 1, 2704.0199999999999818, 114.33998031083235958, 2698.3560000000002219, 0, 2704.0199999999999818, 90.057043108381009233, 2698.3560000000002219, 0, 2704.0199999999999818, 0, 2698.3560000000002219, 1
2704.0289999999999964, 0, 2698.362999999999829, 1, 2704.0289999999999964, 112.02102805545695219, 2698.362999999999829, 0, 2704.0289999999999964, 92.41336306987034277, 2698.362999999999829, 0, 2704.0289999999999964, 0, 2698.362999999999829, 1
2704.0419999999999163, 0, 2698.3670000000001892, 1, 2704.0419999999999163, 109.77544942677576501, 2698.3670000000001892, 0, 2704.0419999999999163, 94.965888835765866816, 2698.3670000000001892, 0, 2704.0419999999999163, 0, 2698.3670000000001892, 1
2704.0489999999999782, 0, 2698.3719999999998436, 1, 2704.0489999999999782, 107.31611641942205893, 2698.3719999999998436, 0, 2704.0489999999999782, 94.83007091618674167, 2698.3719999999998436, 0, 2704.0489999999999782, 0, 2698.3719999999998436, 1
2704.0599999999999454, 0, 2698.3769999999999527, 1, 2704.0599999999999454, 105.14257159484972703, 2698.3769999999999527, 0, 2704.0599999999999454, 102.19857616598622485, 2698.3769999999999527, 0, 2704.0599999999999454, 0, 2698.3769999999999527, 1
2704.0700000000001637, 0, 2698.3829999999998108, 1, 2704.0700000000001637, 102.81827122828205745, 2698.3829999999998108, 0, 2704.0700000000001637, 104.2510041942495036, 2698.3829999999998108, 0, 2704.0700000000001637, 0, 2698.3829999999998108, 1
2704.0799999999999272, 0, 2698.387000000000171, 1, 2704.0799999999999272, 100.06065519207378145, 2698.387000000000171, 0, 2704.0799999999999272, 106.78122960602755143, 2698.387000000000171, 0, 2704.0799999999999272, 0, 2698.387000000000171, 1
2704.0900000000001455, 382.13481530988957502, 2698.3919999999998254, 1, 2704.0900000000001455, 60.484380337408637729, 2698.3919999999998254, 0, 2704.0900000000001455, 90.246237878045079128, 2698.3919999999998254, 0, 2704.0900000000001455, 0, 2698.3919999999998254, 1
2704.0999999999999091, 378.78218763137613223, 2698.3960000000001855, 1, 2704.0999999999999091, 7.3483866256508774129, 2698.3960000000001855, 0, 2704.0999999999999091, 69.261884655627625307, 2698.3960000000001855, 0, 2704.0999999999999091, 0, 2698.3960000000001855, 1
2704.1100000000001273, 317.06518117958614766, 2698.4029999999997926, 1, 2704.1100000000001273, 0, 2698.4029999999997926, 0, 2704.1100000000001273, 74.599557131039233582, 2698.4029999999997926, 0, 2704.1100000000001273, 0, 2698.4029999999997926, 1
2704.1199999999998909, 73.406524877119366579, 2698.4070000000001528, 1, 2704.1199999999998909, 0, 2698.4070000000001528, 0, 2704.1199999999998909, 65.923947900612844819, 2698.4070000000001528, 0, 2704.1199999999998909, 0, 2698.4070000000001528, 1
2704.1309999999998581, 3.1171919677274773086, 2698.4119999999998072, 1, 2704.1309999999998581, 0, 2698.4119999999998072, 0, 2704.1309999999998581, 39.311160472696478507, 2698.4119999999998072, 0, 2704.1309999999998581, 0, 2698.4119999999998072, 1
2704.1500000000000909, 0, 2698.4169999999999163, 1, 2704.1500000000000909, 0, 2698.4169999999999163, 0, 2704.1500000000000909, 24.644519377894273049, 2698.4169999999999163, 0, 2704.1500000000000909, 52.16666943492313635, 2698.4169999999999163, 1
2704.1500000000000909, 0, 2698.4229999999997744, 1, 2704.1500000000000909, 0, 2698.4229999999997744, 0, 2704.1500000000000909, 23.760324546452626038, 2698.4229999999997744, 0, 2704.1500000000000909, 15.200500549022621044, 2698.4229999999997744, 1
2704.1700000000000728, 57.831769647020948355, 2698.4270000000001346, 1, 2704.1700000000000728, 0, 2698.4270000000001346, 0, 2704.1700000000000728, 29.713379587879266808, 2698.4270000000001346, 0, 2704.1700000000000728, 21.444737932055076612, 2698.4270000000001346, 1
2704.1700000000000728, 80.028878358373162882, 2698.431999999999789, 1, 2704.1700000000000728, 0, 2698.431999999999789, 0, 2704.1700000000000728, 37.447713941396955306, 2698.431999999999789, 0, 2704.1700000000000728, 29.46734710526425971, 2698.431999999999789, 1
2704.1799999999998363, 93.470758970111447184, 2698.4369999999998981, 1, 2704.1799999999998363, 0, 2698.4369999999998981, 0, 2704.1799999999998363, 38.738105269336450931, 2698.4369999999998981, 0, 2704.1799999999998363, 35.542313289420242484, 2698.4369999999998981, 1
2704.1900000000000546, 101.58883173892272112, 2698.4420000000000073, 1, 2704.1900000000000546, 39.518515751440290273, 2698.4420000000000073, 0, 2704.1900000000000546, 62.492362356344564489, 2698.4420000000000073, 0, 2704.1900000000000546, 45.084301475171642437, 2698.4420000000000073, 1
2704.1999999999998181, 43.863933073455399381, 2698.4470000000001164, 1, 2704.1999999999998181, 98.805940765423997618, 2698.4470000000001164, 0, 2704.1999999999998181, 126.10721810580278657, 2698.4470000000001164, 0, 2704.1999999999998181, 100.99194863617498186, 2698.4470000000001164, 1
2704.2100000000000364, 50.382922467840700165, 2698.4529999999999745, 1, 2704.2100000000000364, 0, 2698.4529999999999745, 0, 2704.2100000000000364, 0, 2698.4529999999999745, 0, 2704.2100000000000364, 91.433722388946307547, 2698.4529999999999745, 1
2704.2199999999997999, 82.132780743503161602, 2698.4580000000000837, 1, 2704.2199999999997999, 0, 2698.4580000000000837, 0, 2704.2199999999997999, 0, 2698.4580000000000837, 0, 2704.2199999999997999, 79.259398642911889965, 2698.4580000000000837, 1
2704.2300000000000182, 97.452384578009230154, 2698.4619999999999891, 1, 2704.2300000000000182, 0, 2698.4619999999999891, 0, 2704.2300000000000182, 0, 2698.4619999999999891, 0, 2704.2300000000000182, 80.370820296444989594, 2698.4619999999999891, 1
2704.2399999999997817, 105.57207990634452699, 2698.4670000000000982, 1, 2704.2399999999997817, 0, 2698.4670000000000982, 0, 2704.2399999999997817, 0, 2698.4670000000000982, 0, 2704.2399999999997817, 81.600610859421266241, 2698.4670000000000982, 1
2704.2510000000002037, 109.02848986023224143, 2698.4720000000002074, 1, 2704.2510000000002037, 0, 2698.4720000000002074, 0, 2704.2510000000002037, 0, 2698.4720000000002074, 0, 2704.2510000000002037, 83.882176845697046019, 2698.4720000000002074, 1
2704.2600000000002183, 109.90549575457681897, 2698.4780000000000655, 1, 2704.2600000000002183, 0, 2698.4780000000000655, 0, 2704.2600000000002183, 0, 2698.4780000000000655, 0, 2704.2600000000002183, 86.270979583721185691, 2698.4780000000000655, 1
2704.2699999999999818, 110.59983794202918261, 2698.4839999999999236, 1, 2704.2699999999999818, 0, 2698.4839999999999236, 0, 2704.2699999999999818, 0, 2698.4839999999999236, 0, 2704.2699999999999818, 88.919943042760252183, 2698.4839999999999236, 1
2704.2800000000002001, 109.55102910156033147, 2698.48700000000008, 1, 2704.2800000000002001, 0, 2698.48700000000008, 0, 2704.2800000000002001, 0, 2698.48700000000008, 0, 2704.2800000000002001, 91.766848492013338046, 2698.48700000000008, 1
2704.2890000000002146, 107.88112517772617593, 2698.4920000000001892, 1, 2704.2890000000002146, 0, 2698.4920000000001892, 0, 2704.2890000000002146, 0, 2698.4920000000001892, 0, 2704.2890000000002146, 96.568623919702332614, 2698.4920000000001892, 1
2704.2989999999999782, 105.89231403267220344, 2698.4969999999998436, 1, 2704.2989999999999782, 0, 2698.4969999999998436, 0, 2704.2989999999999782, 0, 2698.4969999999998436, 0, 2704.2989999999999782, 101.74394388657228205, 2698.4969999999998436, 1
2704.3099999999999454, 103.61469421157414672, 2698.5019999999999527, 1, 2704.3099999999999454, 0, 2698.5019999999999527, 0, 2704.3099999999999454, 0, 2698.5019999999999527, 0, 2704.3099999999999454, 101.0486210528616482, 2698.5019999999999527, 1
2704.3200000000001637, 102.03843231358646904, 2698.5070000000000618, 1, 2704.3200000000001637, 0, 2698.5070000000000618, 0, 2704.3200000000001637, 0, 2698.5070000000000618, 0, 2704.3200000000001637, 104.74568137300678927, 2698.5070000000000618, 1
2704.3299999999999272, 100.95890085772290945, 2698.512000000000171, 1, 2704.3299999999999272, 0, 2698.512000000000171, 0, 2704.3299999999999272, 0, 2698.512000000000171, 0, 2704.3299999999999272, 106.29711418841492332, 2698.512000000000171, 1
2704.3499999999999091, 99.502666103894995331, 2698.5160000000000764, 1, 2704.3499999999999091, 0, 2698.5160000000000764, 0, 2704.3499999999999091, 0, 2698.5160000000000764, 0, 2704.3499999999999091, 108.00507764569363189, 2698.5160000000000764, 1
2704.3499999999999091, 98.715283845420444209, 2698.5219999999999345, 1, 2704.3499999999999091, 0, 2698.5219999999999345, 0, 2704.3499999999999091, 0, 2698.5219999999999345, 0, 2704.3499999999999091, 108.21013716632248247, 2698.5219999999999345, 1
2704.3600000000001273, 98.092790835681284989, 2698.5270000000000437, 1, 2704.3600000000001273, 0, 2698.5270000000000437, 0, 2704.3600000000001273, 0, 2698.5270000000000437, 0, 2704.3600000000001273, 109.87842491858785365, 2698.5270000000000437, 1
2704.3699999999998909, 97.517576142753995327, 2698.5309999999999491, 1, 2704.3699999999998909, 0, 2698.5309999999999491, 0, 2704.3699999999998909, 0, 2698.5309999999999491, 0, 2704.3699999999998909, 111.91537931244394599, 2698.5309999999999491, 1
2704.3800000000001091, 97.240791547029061803, 2698.5369999999998072, 1, 2704.3800000000001091, 0, 2698.5369999999998072, 0, 2704.3800000000001091, 0, 2698.5369999999998072, 0, 2704.3800000000001091, 118.13666930291802259, 2698.5369999999998072, 1
2704.3899999999998727, 95.625338606686824505, 2698.5419999999999163, 1, 2704.3899999999998727, 0, 2698.5419999999999163, 0, 2704.3899999999998727, 0, 2698.5419999999999163, 0, 2704.3899999999998727, 121.26244682018746346, 2698.5419999999999163, 1
2704.4099999999998545, 94.820131368571026087, 2698.5470000000000255, 1, 2704.4099999999998545, 0, 2698.5470000000000255, 0, 2704.4099999999998545, 0, 2698.5470000000000255, 0, 2704.4099999999998545, 125.30823877654577814, 2698.5470000000000255, 1
2704.4099999999998545, 92.55779904601013186, 2698.5529999999998836, 1, 2704.4099999999998545, 0, 2698.5529999999998836, 0, 2704.4099999999998545, 0, 2698.5529999999998836, 0, 2704.4099999999998545, 117.80731716129857034, 2698.5529999999998836, 1
2704.418999999999869, 91.91792638813070937, 2698.556999999999789, 1, 2704.418999999999869, 0, 2698.556999999999789, 0, 2704.418999999999869, 0, 2698.556999999999789, 0, 2704.418999999999869, 119.01740100675354483, 2698.556999999999789, 1
2704.4299999999998363, 94.300197460047996856, 2698.5619999999998981, 1, 2704.4299999999998363, 0, 2698.5619999999998981, 0, 2704.4299999999998363, 0, 2698.5619999999998981, 0, 2704.4299999999998363, 117.38539666387092097, 2698.5619999999998981, 1
2704.4400000000000546, 57.989958693430629921, 2698.5670000000000073, 1, 2704.4400000000000546, 269.18999018752498387, 2698.5670000000000073, 0, 2704.4400000000000546, 236.34485871346799968, 2698.5670000000000073, 0, 2704.4400000000000546, 46.273505608915201037, 2698.5670000000000073, 1
2704.4600000000000364, 3.1058412630336018623, 2698.5720000000001164, 1, 2704.4600000000000364, 74.241653657827242796, 2698.5720000000001164, 0, 2704.4600000000000364, 83.005212564362068406, 2698.5720000000001164, 0, 2704.4600000000000364, 27.384987531501352009, 2698.5720000000001164, 1
2704.4600000000000364, 4.3197351104697041535, 2698.5770000000002256, 1, 2704.4600000000000364, 24.371850101619770612, 2698.5770000000002256, 0, 2704.4600000000000364, 48.677492570278815265, 2698.5770000000002256, 0, 2704.4600000000000364, 45.550481936703718588, 2698.5770000000002256, 1
2704.4699999999997999, 13.588599990268562578, 2698.5830000000000837, 1, 2704.4699999999997999, 22.28070033524195992, 2698.5830000000000837, 1, 2704.4699999999997999, 26.964552257473684449, 2698.5830000000000837, 1, 2704.4699999999997999, 52.347377711245790977, 2698.5830000000000837, 1
2704.4800000000000182, 29.312063170881032192, 2698.5869999999999891, 1, 2704.4800000000000182, 35.289317170303945659, 2698.5869999999999891, 1, 2704.4800000000000182, 21.957688517112540438, 2698.5869999999999891, 1, 2704.4800000000000182, 55.885616282067282157, 2698.5869999999999891, 1
2704.4899999999997817, 44.268433486663326448, 2698.5920000000000982, 1, 2704.4899999999997817, 44.783490403332166352, 2698.5920000000000982, 1, 2704.4899999999997817, 22.805689165090420545, 2698.5920000000000982, 1, 2704.4899999999997817, 56.202892434446674486, 2698.5920000000000982, 1
2704.5, 51.371181857442401508, 2698.5970000000002074, 1, 2704.5, 53.132964810408367384, 2698.5970000000002074, 1, 2704.5, 24.329386293298327359, 2698.5970000000002074, 1, 2704.5, 50.150824996960956526, 2698.5970000000002074, 1
2704.5100000000002183, 56.230766546620088775, 2698.6019999999998618, 1, 2704.5100000000002183, 57.221016589182340795, 2698.6019999999998618, 1, 2704.5100000000002183, 25.703113428574042132, 2698.6019999999998618, 1, 2704.5100000000002183, 47.067553202113820987, 2698.6019999999998618, 1
2704.5199999999999818, 56.446711094689099752, 2698.6069999999999709, 1, 2704.5199999999999818, 59.60583604514915379, 2698.6069999999999709, 1, 2704.5199999999999818, 34.359317308643106514, 2698.6069999999999709, 1, 2704.5199999999999818, 45.379308559059865047, 2698.6069999999999709, 1
2704.5399999999999636, 0, 2698.612999999999829, 1, 2704.5399999999999636, 65.530437828542801526, 2698.612999999999829, 1, 2704.5399999999999636, 67.083887986170338991, 2698.612999999999829, 1, 2704.5399999999999636, 0.18321104628535084258, 2698.612999999999829, 1
2704.5399999999999636, 0, 2698.6170000000001892, 1, 2704.5399999999999636, 92.578483515266015047, 2698.6170000000001892, 1, 2704.5399999999999636, 72.46785168222976381, 2698.6170000000001892, 1, 2704.5399999999999636, 0, 2698.6170000000001892, 1
2704.5619999999998981, 0, 2698.6219999999998436, 1, 2704.5619999999998981, 111.10335510749672494, 2698.6219999999998436, 1, 2704.5619999999998981, 72.670005198907745125, 2698.6219999999998436, 1, 2704.5619999999998981, 0, 2698.6219999999998436, 1
2704.5749999999998181, 0, 2698.6260000000002037, 1, 2704.5749999999998181, 124.69994867542699524, 2698.6260000000002037, 1, 2704.5749999999998181, 66.043676738277270033, 2698.6260000000002037, 1, 2704.5749999999998181, 0, 2698.6260000000002037, 1
2704.5749999999998181, 0, 2698.6320000000000618, 1, 2704.5749999999998181, 130.11238867304732025, 2698.6320000000000618, 1, 2704.5749999999998181, 63.816643559612060699, 2698.6320000000000618, 1, 2704.5749999999998181, 0, 2698.6320000000000618, 1
2704.5799999999999272, 0, 2698.637000000000171, 1, 2704.5799999999999272, 133.26504499561883677, 2698.637000000000171, 1, 2704.5799999999999272, 62.040701643560304035, 2698.637000000000171, 1, 2704.5799999999999272, 0, 2698.637000000000171, 1
2704.5900000000001455, 0, 2698.6430000000000291, 1, 2704.5900000000001455, 133.36838173675045027, 2698.6430000000000291, 1, 2704.5900000000001455, 61.868708145981599955, 2698.6430000000000291, 1, 2704.5900000000001455, 0, 2698.6430000000000291, 1
2704.5999999999999091, 0, 2698.6469999999999345, 1, 2704.5999999999999091, 131.71725347286829333, 2698.6469999999999345, 1, 2704.5999999999999091, 64.407072236383896779, 2698.6469999999999345, 1, 2704.5999999999999091, 0, 2698.6469999999999345, 1
2704.6089999999999236, 0, 2698.6520000000000437, 1, 2704.6089999999999236, 128.43378569941648948, 2698.6520000000000437, 1, 2704.6089999999999236, 69.092590948889892388, 2698.6520000000000437, 1, 2704.6089999999999236, 0, 2698.6520000000000437, 1
2704.6300000000001091, 0, 2698.6570000000001528, 1, 2704.6300000000001091, 126.29400854562666723, 2698.6570000000001528, 1, 2704.6300000000001091, 73.587722942748342803, 2698.6570000000001528, 1, 2704.6300000000001091, 0, 2698.6570000000001528, 1
2704.6399999999998727, 0, 2698.6619999999998072, 0, 2704.6399999999998727, 122.7917998855168662, 2698.6619999999998072, 1, 2704.6399999999998727, 79.875382099571936578, 2698.6619999999998072, 1, 2704.6399999999998727, 0, 2698.6619999999998072, 0
2704.6500000000000909, 0, 2698.6669999999999163, 0, 2704.6500000000000909, 121.23439857666825503, 2698.6669999999999163, 1, 2704.6500000000000909, 81.1164578801381424, 2698.6669999999999163, 1, 2704.6500000000000909, 0, 2698.6669999999999163, 0
2704.6509999999998399, 0, 2698.6720000000000255, 0, 2704.6509999999998399, 117.901502067815386, 2698.6720000000000255, 1, 2704.6509999999998399, 85.779282399295681216, 2698.6720000000000255, 1, 2704.6509999999998399, 0, 2698.6720000000000255, 0
2704.6700000000000728, 0, 2698.6750000000001819, 0, 2704.6700000000000728, 115.55541177545043752, 2698.6750000000001819, 1, 2704.6700000000000728, 86.635069310502871076, 2698.6750000000001819, 1, 2704.6700000000000728, 0, 2698.6750000000001819, 0
2704.6700000000000728, 0, 2698.681999999999789, 0, 2704.6700000000000728, 113.19367726776654592, 2698.681999999999789, 1, 2704.6700000000000728, 89.646869456923184316, 2698.681999999999789, 1, 2704.6700000000000728, 0, 2698.681999999999789, 0
2704.6900000000000546, 0, 2698.6869999999998981, 0, 2704.6900000000000546, 110.89291307850713508, 2698.6869999999998981, 1, 2704.6900000000000546, 92.175528609755787102, 2698.6869999999998981, 1, 2704.6900000000000546, 0, 2698.6869999999998981, 0
2704.6999999999998181, 0, 2698.6920000000000073, 0, 2704.6999999999998181, 108.62345206133082343, 2698.6920000000000073, 1, 2704.6999999999998181, 94.939816664127718582, 2698.6920000000000073, 1, 2704.6999999999998181, 0, 2698.6920000000000073, 0
2704.6999999999998181, 0, 2698.6970000000001164, 0, 2704.6999999999998181, 106.39244105762369941, 2698.6970000000001164, 1, 2704.6999999999998181, 98.525980308497324245, 2698.6970000000001164, 1, 2704.6999999999998181, 0, 2698.6970000000001164, 0
2704.7199999999997999, 0, 2698.7040000000001783, 0, 2704.7199999999997999, 103.10489265034070172, 2698.7040000000001783, 1, 2704.7199999999997999, 119.4640691322747017, 2698.7040000000001783, 1, 2704.7199999999997999, 0, 2698.7040000000001783, 0
2704.7199999999997999, 0, 2698.7069999999998799, 0, 2704.7199999999997999, 115.01239136917916994, 2698.7069999999998799, 1, 2704.7199999999997999, 76.659792209471376623, 2698.7069999999998799, 1, 2704.7199999999997999, 0, 2698.7069999999998799, 0
2704.7310000000002219, 384.70423457541983225, 2698.7119999999999891, 0, 2704.7310000000002219, 114.65106963634953274, 2698.7119999999999891, 1, 2704.7310000000002219, 66.944910752582899249, 2698.7119999999999891, 1, 2704.7310000000002219, 0, 2698.7119999999999891, 0
2704.7429999999999382, 381.86135261177150824, 2698.7170000000000982, 0, 2704.7429999999999382, 50.045143869155467087, 2698.7170000000000982, 1, 2704.7429999999999382, 54.891713075834296376, 2698.7170000000000982, 1, 2704.7429999999999382, 0, 2698.7170000000000982, 0
2704.7510000000002037, 396.0110543525391904, 2698.7229999999999563, 0, 2704.7510000000002037, 5.435189206118860028, 2698.7229999999999563, 1, 2704.7510000000002037, 45.793439909554869871, 2698.7229999999999563, 1, 2704.7510000000002037, 0, 2698.7229999999999563, 0
2704.7609999999999673, 349.9717217209428668, 2698.7269999999998618, 0, 2704.7609999999999673, 0, 2698.7269999999998618, 1, 2704.7609999999999673, 55.941290717230018004, 2698.7269999999998618, 1, 2704.7609999999999673, 0, 2698.7269999999998618, 0
2704.7820000000001528, 70.156934065169835435, 2698.7319999999999709, 0, 2704.7820000000001528, 0, 2698.7319999999999709, 1, 2704.7820000000001528, 56.368484656676670852, 2698.7319999999999709, 1, 2704.7820000000001528, 0, 2698.7319999999999709, 0
2704.7820000000001528, 1.8503204960162669135, 2698.73700000000008, 0, 2704.7820000000001528, 0, 2698.73700000000008, 1, 2704.7820000000001528, 38.244902457575648214, 2698.73700000000008, 1, 2704.7820000000001528, 0, 2698.73700000000008, 0
2704.8020000000001346, 1.3343170313458814213, 2698.7429999999999382, 0, 2704.8020000000001346, 0, 2698.7429999999999382, 1, 2704.8020000000001346, 31.118042979369835876, 2698.7429999999999382, 1, 2704.8020000000001346, 0, 2698.7429999999999382, 0
2704.8020000000001346, 0, 2698.7460000000000946, 0, 2704.8020000000001346, 0, 2698.7460000000000946, 1, 2704.8020000000001346, 31.182780825630207033, 2698.7460000000000946, 1, 2704.8020000000001346, 0, 2698.7460000000000946, 0
2704.8119999999998981, 24.757746973693123493, 2698.7519999999999527, 0, 2704.8119999999998981, 0, 2698.7519999999999527, 1, 2704.8119999999998981, 57.594526238841773136, 2698.7519999999999527, 1, 2704.8119999999998981, 28.449523434373844566, 2698.7519999999999527, 0
2704.8229999999998654, 70.370284406193604809, 2698.7570000000000618, 0, 2704.8229999999998654, 0, 2698.7570000000000618, 1, 2704.8229999999998654, 43.571768526714130587, 2698.7570000000000618, 1, 2704.8229999999998654, 33.091921508070299751, 2698.7570000000000618, 0
2704.8319999999998799, 98.933529979804234245, 2698.762000000000171, 0, 2704.8319999999998799, 0, 2698.762000000000171, 1, 2704.8319999999998799, 46.552237783908203994, 2698.762000000000171, 1, 2704.8319999999998799, 32.338252540663276591, 2698.762000000000171, 0
2704.8420000000000982, 114.19974604848079025, 2698.7669999999998254, 0, 2704.8420000000000982, 72.098212593078130794, 2698.7669999999998254, 1, 2704.8420000000000982, 49.170823774583197974, 2698.7669999999998254, 1, 2704.8420000000000982, 48.339598920244014835, 2698.7669999999998254, 0
2704.8519999999998618, 95.844064616853017924, 2698.7730000000001382, 0, 2704.8519999999998618, 13.682470618465952583, 2698.7730000000001382, 1, 2704.8519999999998618, 14.934682031407906067, 2698.7730000000001382, 1, 2704.8519999999998618, 88.004750166808747736, 2698.7730000000001382, 0
2704.86200000000008, 109.98411851428112129, 2698.7770000000000437, 0, 2704.86200000000008, 0, 2698.7770000000000437, 1, 2704.86200000000008, 0, 2698.7770000000000437, 1, 2704.86200000000008, 90.891786065319436716, 2698.7770000000000437, 0
2704.875, 119.52042838460934604, 2698.7829999999999018, 0, 2704.875, 0, 2698.7829999999999018, 1, 2704.875, 0, 2698.7829999999999018, 1, 2704.875, 89.244804294750423423, 2698.7829999999999018, 0
2704.8820000000000618, 122.2728256671744731, 2698.7869999999998072, 0, 2704.8820000000000618, 0, 2698.7869999999998072, 1, 2704.8820000000000618, 0, 2698.7869999999998072, 1, 2704.8820000000000618, 84.072062323002484163, 2698.7869999999998072, 0
2704.8939999999997781, 122.34941851143841518, 2698.7919999999999163, 0, 2704.8939999999997781, 0, 2698.7919999999999163, 1, 2704.8939999999997781, 0, 2698.7919999999999163, 1, 2704.8939999999997781, 80.092569308979960852, 2698.7919999999999163, 0
2704.9029999999997926, 121.50611297621432527, 2698.7970000000000255, 0, 2704.9029999999997926, 0, 2698.7970000000000255, 1, 2704.9029999999997926, 0, 2698.7970000000000255, 1, 2704.9029999999997926, 78.442254115528129432, 2698.7970000000000255, 0
2704.918999999999869, 106.1009930850473495, 2698.8020000000001346, 0, 2704.918999999999869, 0, 2698.8020000000001346, 1, 2704.918999999999869, 0, 2698.8020000000001346, 1, 2704.918999999999869, 56.294442705703723107, 2698.8020000000001346, 0
2704.9229999999997744, 106.1373546651525146, 2698.806999999999789, 0, 2704.9229999999997744, 0, 2698.806999999999789, 1, 2704.9229999999997744, 0, 2698.806999999999789, 1, 2704.9229999999997744, 99.204888501846028248, 2698.806999999999789, 0
2704.9329999999999927, 111.21737082656647999, 2698.8119999999998981, 0, 2704.9329999999999927, 0, 2698.8119999999998981, 1, 2704.9329999999999927, 0, 2698.8119999999998981, 1, 2704.9329999999999927, 109.59544018760053063, 2698.8119999999998981, 0
2704.943000000000211, 116.46269787261019246, 2698.8170000000000073, 0, 2704.943000000000211, 0, 2698.8170000000000073, 1, 2704.943000000000211, 0, 2698.8170000000000073, 1, 2704.943000000000211, 99.204589330069381958, 2698.8170000000000073, 0
2704.9529999999999745, 117.97090190577064561, 2698.8220000000001164, 0, 2704.9529999999999745, 0, 2698.8220000000001164, 1, 2704.9529999999999745, 0, 2698.8220000000001164, 1, 2704.9529999999999745, 91.97261347848046853, 2698.8220000000001164, 0
2704.9630000000001928, 118.74463501680415334, 2698.8279999999999745, 0, 2704.9630000000001928, 0, 2698.8279999999999745, 1, 2704.9630000000001928, 0, 2698.8279999999999745, 1, 2704.9630000000001928, 88.061088772876061626, 2698.8279999999999745, 0
2704.9729999999999563, 118.40879666512597623, 2698.8319999999998799, 0, 2704.9729999999999563, 0, 2698.8319999999998799, 1, 2704.9729999999999563, 0, 2698.8319999999998799, 1, 2704.9729999999999563, 87.664590891729460509, 2698.8319999999998799, 0
2704.9830000000001746, 119.08744911403694289, 2698.8369999999999891, 0, 2704.9830000000001746, 0, 2698.8369999999999891, 1, 2704.9830000000001746, 0, 2698.8369999999999891, 1, 2704.9830000000001746, 85.853017379189708436, 2698.8369999999999891, 0
2704.9929999999999382, 118.69609451657296972, 2698.8409999999998945, 0, 2704.9929999999999382, 0, 2698.8409999999998945, 1, 2704.9929999999999382, 0, 2698.8409999999998945, 1, 2704.9929999999999382, 85.831257085319691669, 2698.8409999999998945, 0
2705.01299999999992, 117.69530801030569478, 2698.8470000000002074, 0, 2705.01299999999992, 0, 2698.8470000000002074, 1, 2705.01299999999992, 0, 2698.8470000000002074, 1, 2705.01299999999992, 86.954900741421511157, 2698.8470000000002074, 0
2705.01299999999992, 127.70438385775975121, 2698.8519999999998618, 0, 2705.01299999999992, 0, 2698.8519999999998618, 1, 2705.01299999999992, 0, 2698.8519999999998618, 1, 2705.01299999999992, 102.46865650269447201, 2698.8519999999998618, 0
2705.0230000000001382, 130.64882867014642898, 2698.8569999999999709, 0, 2705.0230000000001382, 0, 2698.8569999999999709, 1, 2705.0230000000001382, 0, 2698.8569999999999709, 1, 2705.0230000000001382, 69.023583596627076986, 2698.8569999999999709, 0
2705.0329999999999018, 127.91927981823620541, 2698.86200000000008, 0, 2705.0329999999999018, 0, 2698.86200000000008, 1, 2705.0329999999999018, 0, 2698.86200000000008, 1, 2705.0329999999999018, 63.966918701978030981, 2698.86200000000008, 0
2705.043999999999869, 124.78574689278184451, 2698.8670000000001892, 0, 2705.043999999999869, 0, 2698.8670000000001892, 1, 2705.043999999999869, 0, 2698.8670000000001892, 1, 2705.043999999999869, 65.966304106602692059, 2698.8670000000001892, 0
2705.0529999999998836, 122.67912347767222059, 2698.8719999999998436, 0, 2705.0529999999998836, 0, 2698.8719999999998436, 1, 2705.0529999999998836, 0, 2698.8719999999998436, 1, 2705.0529999999998836, 69.227482459832160089, 2698.8719999999998436, 0
2705.0729999999998654, 120.97170160171268094, 2698.8780000000001564, 0, 2705.0729999999998654, 0, 2698.8780000000001564, 1, 2705.0729999999998654, 0, 2698.8780000000001564, 1, 2705.0729999999998654, 72.213443933533881136, 2698.8780000000001564, 0
2705.0830000000000837, 119.46337872781137435, 2698.8820000000000618, 0, 2705.0830000000000837, 410.79248101101075008, 2698.8820000000000618, 1, 2705.0830000000000837, 0, 2698.8820000000000618, 1, 2705.0830000000000837, 74.713647592834064426, 2698.8820000000000618, 0
2705.0929999999998472, 45.566179563029912458, 2698.887000000000171, 0, 2705.0929999999998472, 421.16954610695597694, 2698.887000000000171, 1, 2705.0929999999998472, 0, 2698.887000000000171, 1, 2705.0929999999998472, 58.419317186712405032, 2698.887000000000171, 0
2705.0929999999998472, 1.5891594879995123435, 2698.8939999999997781, 0, 2705.0929999999998472, 256.23899275741212023, 2698.8939999999997781, 1, 2705.0929999999998472, 194.51585925634472574, 2698.8939999999997781, 1, 2705.0929999999998472, 50.488879668874467654, 2698.8939999999997781, 0
2705.1030000000000655, 0, 2698.8969999999999345, 0, 2705.1030000000000655, 107.58757828425376601, 2698.8969999999999345, 1, 2705.1030000000000655, 97.796576160348692497, 2698.8969999999999345, 1, 2705.1030000000000655, 7.204397790920907596, 2698.8969999999999345, 0
2705.1230000000000473, 0, 2698.9050000000002001, 0, 2705.1230000000000473, 16.436883304266206807, 2698.9050000000002001, 1, 2705.1230000000000473, 12.905520268976550469, 2698.9050000000002001, 1, 2705.1230000000000473, 18.973354748703410877, 2698.9050000000002001, 0
2705.1329999999998108, 0, 2698.9070000000001528, 0, 2705.1329999999998108, 19.966986079434050794, 2698.9070000000001528, 1, 2705.1329999999998108, 4.740361907306610334, 2698.9070000000001528, 1, 2705.1329999999998108, 36.258721175279688964, 2698.9070000000001528, 0
2705.1430000000000291, 0, 2698.9130000000000109, 1, 2705.1430000000000291, 45.041555109094673526, 2698.9130000000000109, 1, 2705.1430000000000291, 4.8606108638486853479, 2698.9130000000000109, 1, 2705.1430000000000291, 44.727256211348446868, 2698.9130000000000109, 1
2705.1430000000000291, 0, 2698.9169999999999163, 1, 2705.1430000000000291, 76.258970151025394557, 2698.9169999999999163, 1, 2705.1430000000000291, 8.0673900424576654444, 2698.9169999999999163, 1, 2705.1430000000000291, 40.930905914512152322, 2698.9169999999999163, 1
2705.1529999999997926, 0, 2698.9220000000000255, 1, 2705.1529999999997926, 98.446552035532505442, 2698.9220000000000255, 1, 2705.1529999999997926, 14.530215215642757087, 2698.9220000000000255, 1, 2705.1529999999997926, 39.8504946531149713, 2698.9220000000000255, 1
2705.1630000000000109, 83.419153226773374854, 2698.9270000000001346, 1, 2705.1630000000000109, 113.19041045685474955, 2698.9270000000001346, 1, 2705.1630000000000109, 22.234861193091163045, 2698.9270000000001346, 1, 2705.1630000000000109, 36.493930983341769547, 2698.9270000000001346, 1
2705.1729999999997744, 85.31525477839903715, 2698.9329999999999927, 1, 2705.1729999999997744, 101.49952224022806035, 2698.9329999999999927, 1, 2705.1729999999997744, 23.133675019900685754, 2698.9329999999999927, 1, 2705.1729999999997744, 39.170591630912682035, 2698.9329999999999927, 1
2705.193000000000211, 74.939474530706519317, 2698.9369999999998981, 1, 2705.193000000000211, 87.13077560694046042, 2698.9369999999998981, 1, 2705.193000000000211, 22.892141287867119104, 2698.9369999999998981, 1, 2705.193000000000211, 34.167891456145831341, 2698.9369999999998981, 1
2705.2029999999999745, 71.791491971998524946, 2698.9420000000000073, 1, 2705.2029999999999745, 80.052220183902662143, 2698.9420000000000073, 1, 2705.2029999999999745, 24.217027111849642296, 2698.9420000000000073, 1, 2705.2029999999999745, 31.935518923632354671, 2698.9420000000000073, 1
2705.2029999999999745, 71.06337525111931086, 2698.9470000000001164, 1, 2705.2029999999999745, 75.698455476707650291, 2698.9470000000001164, 1, 2705.2029999999999745, 26.287761162147631921, 2698.9470000000001164, 1, 2705.2029999999999745, 30.954472115836171753, 2698.9470000000001164, 1
2705.2220000000002074, 71.318514173386432731, 2698.9529999999999745, 1, 2705.2220000000002074, 72.440446050279575729, 2698.9529999999999745, 1, 2705.2220000000002074, 28.509496323162508702, 2698.9529999999999745, 1, 2705.2220000000002074, 30.540891619959243286, 2698.9529999999999745, 1
2705.2229999999999563, 71.540431789332188828, 2698.9569999999998799, 1, 2705.2229999999999563, 69.71212615754254216, 2698.9569999999998799, 1, 2705.2229999999999563, 30.824530226668379385, 2698.9569999999998799, 1, 2705.2229999999999563, 30.439751579785841784, 2698.9569999999998799, 1
2705.2420000000001892, 71.566350630070417083, 2698.9619999999999891, 1, 2705.2420000000001892, 67.303843109517316634, 2698.9619999999999891, 1, 2705.2420000000001892, 33.022674771177563002, 2698.9619999999999891, 1, 2705.2420000000001892, 30.598387259331772725, 2698.9619999999999891, 1
2705.2420000000001892, 71.61872266636562756, 2698.9670000000000982, 1, 2705.2420000000001892, 65.206021527930971615, 2698.9670000000000982, 1, 2705.2420000000001892, 35.011818761167887715, 2698.9670000000000982, 1, 2705.2420000000001892, 30.84552032680709388, 2698.9670000000000982, 1
2705.2530000000001564, 71.536378282107605742, 2698.9729999999999563, 1, 2705.2530000000001564, 63.191772583820018383, 2698.9729999999999563, 1, 2705.2530000000001564, 36.950765150969296258, 2698.9729999999999563, 1, 2705.2530000000001564, 31.23092355148919097, 2698.9729999999999563, 1
2705.26299999999992, 71.308054100429060895, 2698.9769999999998618, 1, 2705.26299999999992, 61.281151306263488721, 2698.9769999999998618, 1, 2705.26299999999992, 38.815677375830830442, 2698.9769999999998618, 1, 2705.26299999999992, 31.741168791954507356, 2698.9769999999998618, 1
2705.2730000000001382, 70.986631023777079008, 2698.9819999999999709, 1, 2705.2730000000001382, 59.634215636828884044, 2698.9819999999999709, 1, 2705.2730000000001382, 40.420845501620860318, 2698.9819999999999709, 1, 2705.2730000000001382, 32.304348973442436943, 2698.9819999999999709, 1
2705.2829999999999018, 70.552069970116775721, 2698.98700000000008, 1, 2705.2829999999999018, 58.197654000430901533, 2698.98700000000008, 0, 2705.2829999999999018, 41.859581327141391682, 2698.98700000000008, 0, 2705.2829999999999018, 32.935964884685098752, 2698.98700000000008, 1
2705.3029999999998836, 70.050395342824330669, 2698.9920000000001892, 1, 2705.3029999999998836, 56.925255552366422762, 2698.9920000000001892, 0, 2705.3029999999998836, 43.139760112851888607, 2698.9920000000001892, 0, 2705.3029999999998836, 33.600755605074837717, 2698.9920000000001892, 1
2705.3029999999998836, 69.473705369805827559, 2698.9980000000000473, 1, 2705.3029999999998836, 55.851976983581607783, 2698.9980000000000473, 0, 2705.3029999999998836, 44.255298387484444333, 2698.9980000000000473, 0, 2705.3029999999998836, 34.309144931512143728, 2698.9980000000000473, 1
2705.3130000000001019, 68.847960876223694981, 2699.0030000000001564, 1, 2705.3130000000001019, 54.88086489678885016, 2699.0030000000001564, 0, 2705.3130000000001019, 45.19518952475380047, 2699.0030000000001564, 0, 2705.3130000000001019, 35.032482110322533231, 2699.0030000000001564, 1
2705.3240000000000691, 68.176699132018470095, 2699.0070000000000618, 1, 2705.3240000000000691, 54.131290904741653947, 2699.0070000000000618, 0, 2705.3240000000000691, 46.000093738679773026, 2699.0070000000000618, 0, 2705.3240000000000691, 35.763265165558387082, 2699.0070000000000618, 1
2705.3330000000000837, 67.486749404940951536, 2699.01299999999992, 1, 2705.3330000000000837, 53.536218000896582225, 2699.01299999999992, 0, 2705.3330000000000837, 46.664730771581133695, 2699.01299999999992, 0, 2705.3330000000000837, 36.486854790413964622, 2699.01299999999992, 1
2705.3440000000000509, 66.790113319049439156, 2699.0189999999997781, 1, 2705.3440000000000509, 53.085302526495169673, 2699.0189999999997781, 0, 2705.3440000000000509, 47.197710795624125524, 2699.0189999999997781, 0, 2705.3440000000000509, 37.193630385645874981, 2699.0189999999997781, 1
2705.3530000000000655, 66.168287392933876845, 2699.0219999999999345, 1, 2705.3530000000000655, 52.863934231690812737, 2699.0219999999999345, 0, 2705.3530000000000655, 47.67598178169301093, 2699.0219999999999345, 0, 2705.3530000000000655, 37.857113364224410645, 2699.0219999999999345, 1
2705.362999999999829, 65.498965540109949757, 2699.0250000000000909, 1, 2705.362999999999829, 52.676066603923281662, 2699.0250000000000909, 0, 2705.362999999999829, 47.980222366279051016, 2699.0250000000000909, 0, 2705.362999999999829, 38.506293648933137774, 2699.0250000000000909, 1
2705.3730000000000473, 64.849298879486411806, 2699.0329999999999018, 1, 2705.3730000000000473, 52.597113619440008847, 2699.0329999999999018, 0, 2705.3730000000000473, 48.180631821389326319, 2699.0329999999999018, 0, 2705.3730000000000473, 39.11787038160434804, 2699.0329999999999018, 1
2705.3829999999998108, 64.242107724684927916, 2699.0369999999998072, 1, 2705.3829999999998108, 52.613515824420957756, 2699.0369999999998072, 0, 2705.3829999999998108, 48.309681810584351069, 2699.0369999999998072, 0, 2705.3829999999998108, 39.678173243754763178, 2699.0369999999998072, 1
2705.4039999999999964, 63.53140671606251999, 2699.0419999999999163, 1, 2705.4039999999999964, 52.596478645684044295, 2699.0419999999999163, 0, 2705.4039999999999964, 48.220324446165790278, 2699.0419999999999163, 0, 2705.4039999999999964, 40.232446063285379978, 2699.0419999999999163, 1
2705.4039999999999964, 62.971627792508975574, 2699.0470000000000255, 1, 2705.4039999999999964, 52.770715866801708671, 2699.0470000000000255, 0, 2705.4039999999999964, 48.165230336974296677, 2699.0470000000000255, 0, 2705.4039999999999964, 40.709907932334637337, 2699.0470000000000255, 1
2705.4130000000000109, 62.452767726518374047, 2699.0520000000001346, 1, 2705.4130000000000109, 53.009321277362850822, 2699.0520000000001346, 0, 2705.4130000000000109, 48.046232785092740869, 2699.0520000000001346, 0, 2705.4130000000000109, 41.138600226840452478, 2699.0520000000001346, 1
2705.4229999999997744, 62.117618020922193978, 2699.056999999999789, 1, 2705.4229999999997744, 53.436338405868497148, 2699.056999999999789, 0, 2705.4229999999997744, 48.011536061205191572, 2699.056999999999789, 0, 2705.4229999999997744, 41.482283962564807211, 2699.056999999999789, 1
2705.443000000000211, 61.688595577220411315, 2699.0630000000001019, 1, 2705.443000000000211, 53.774253865529360041, 2699.0630000000001019, 0, 2705.443000000000211, 47.793961535271598962, 2699.0630000000001019, 0, 2705.443000000000211, 41.812622407867443997, 2699.0630000000001019, 1
2705.4529999999999745, 61.303859272029725958, 2699.0670000000000073, 1, 2705.4529999999999745, 54.145864010079883144, 2699.0670000000000073, 0, 2705.4529999999999745, 47.537984651421794524, 2699.0670000000000073, 0, 2705.4529999999999745, 42.094905468689823635, 2699.0670000000000073, 1
2705.4639999999999418, 60.820794107353279401, 2699.0720000000001164, 1, 2705.4639999999999418, 54.406065164059526751, 2699.0720000000001164, 0, 2705.4639999999999418, 47.108629996041223365, 2699.0720000000001164, 0, 2705.4639999999999418, 42.367764732971124886, 2699.0720000000001164, 1
2705.4639999999999418, 60.525452960212945186, 2699.0770000000002256, 1, 2705.4639999999999418, 54.820883767497733174, 2699.0770000000002256, 0, 2705.4639999999999418, 46.79909601328473201, 2699.0770000000002256, 0, 2705.4639999999999418, 42.559770812230851789, 2699.0770000000002256, 1
2705.4720000000002074, 60.273647129492260888, 2699.0830000000000837, 1, 2705.4720000000002074, 55.246355903976876789, 2699.0830000000000837, 0, 2705.4720000000002074, 46.473744406950444841, 2699.0830000000000837, 0, 2705.4720000000002074, 42.709831117605943973, 2699.0830000000000837, 1
2705.4819999999999709, 60.063723860393807286, 2699.0859999999997854, 1, 2705.4819999999999709, 55.675927744719302837, 2699.0859999999997854, 0, 2705.4819999999999709, 46.138682768146907165, 2699.0859999999997854, 0, 2705.4819999999999709, 42.820650580667930285, 2699.0859999999997854, 1
2705.4920000000001892, 59.893646666618707286, 2699.0920000000000982, 1, 2705.4920000000001892, 56.103762555403925205, 2699.0920000000000982, 0, 2705.4920000000001892, 45.799421973061100744, 2699.0920000000000982, 0, 2705.4920000000001892, 42.895164370776583951, 2699.0920000000000982, 1
2705.51299999999992, 59.766567856326858532, 2699.0970000000002074, 1, 2705.51299999999992, 56.504004370169070626, 2699.0970000000002074, 0, 2705.51299999999992, 45.460876615102080223, 2699.0970000000002074, 0, 2705.51299999999992, 42.937458325888663069, 2699.0970000000002074, 1
2705.5219999999999345, 59.671671099730453136, 2699.1019999999998618, 1, 2705.5219999999999345, 56.894043098274032388, 2699.1019999999998618, 0, 2705.5219999999999345, 45.143799214201322911, 2699.1019999999998618, 0, 2705.5219999999999345, 42.946222247690208462, 2699.1019999999998618, 1
2705.5230000000001382, 59.600679218781891677, 2699.1069999999999709, 1, 2705.5230000000001382, 57.309476767365268302, 2699.1069999999999709, 0, 2705.5230000000001382, 44.818740506587516848, 2699.1069999999999709, 0, 2705.5230000000001382, 42.928333091967161295, 2699.1069999999999709, 1
2705.5329999999999018, 59.561579373157492512, 2699.11200000000008, 1, 2705.5329999999999018, 57.705285286539606204, 2699.11200000000008, 0, 2705.5329999999999018, 44.489938424421502816, 2699.11200000000008, 0, 2705.5329999999999018, 42.893245384846267143, 2699.11200000000008, 1
2705.5430000000001201, 59.551584784272435513, 2699.1170000000001892, 1, 2705.5430000000001201, 58.060830531366008245, 2699.1170000000001892, 0, 2705.5430000000001201, 44.19186915478285016, 2699.1170000000001892, 0, 2705.5430000000001201, 42.833850983047298655, 2699.1170000000001892, 1
2705.5529999999998836, 59.667394586526327771, 2699.1219999999998436, 1, 2705.5529999999998836, 58.516307641733604328, 2699.1219999999998436, 0, 2705.5529999999998836, 44.047807736821070534, 2699.1219999999998436, 0, 2705.5529999999998836, 42.698435264407180512, 2699.1219999999998436, 1
2705.5630000000001019, 59.696327201063724033, 2699.1269999999999527, 1, 2705.5630000000001019, 58.820765250126001433, 2699.1269999999999527, 0, 2705.5630000000001019, 43.781849119065455511, 2699.1269999999999527, 0, 2705.5630000000001019, 42.606143143622361436, 2699.1269999999999527, 1
2705.5729999999998654, 59.742814852917227597, 2699.1309999999998581, 1, 2705.5729999999998654, 59.100053135800514781, 2699.1309999999998581, 0, 2705.5729999999998654, 43.535670442301110938, 2699.1309999999998581, 0, 2705.5729999999998654, 42.502426413500487001, 2699.1309999999998581, 1
2705.5830000000000837, 59.715577597773531693, 2699.137000000000171, 1, 2705.5830000000000837, 59.242917722263761959, 2699.137000000000171, 0, 2705.5830000000000837, 43.182492038395857037, 2699.137000000000171, 0, 2705.5830000000000837, 42.452506177647457264, 2699.137000000000171, 1
2705.5940000000000509, 59.873582130132092516, 2699.1419999999998254, 1, 2705.5940000000000509, 59.585607952943405508, 2699.1419999999998254, 0, 2705.5940000000000509, 43.103008212700729018, 2699.1419999999998254, 0, 2705.5940000000000509, 42.272423121414831826, 2699.1419999999998254, 1
2705.612999999999829, 59.880741582177719806, 2699.1469999999999345, 1, 2705.612999999999829, 59.680201868212179761, 2699.1469999999999345, 0, 2705.612999999999829, 42.801142469900682386, 2699.1469999999999345, 0, 2705.612999999999829, 42.207047362296620463, 2699.1469999999999345, 1
2705.612999999999829, 59.975181333412528772, 2699.1520000000000437, 1, 2705.612999999999829, 59.860648103161217648, 2699.1520000000000437, 0, 2705.612999999999829, 42.642189721455274309, 2699.1520000000000437, 0, 2705.612999999999829, 42.083337839241501399, 2699.1520000000000437, 1
2705.6230000000000473, 60.074553058079416701, 2699.1570000000001528, 1, 2705.6230000000000473, 60.016534367063314903, 2699.1570000000001528, 0, 2705.6230000000000473, 42.503941477732652743, 2699.1570000000001528, 0, 2705.6230000000000473, 41.965728666421611592, 2699.1570000000001528, 1
2705.6430000000000291, 60.176858441536154487, 2699.1619999999998072, 1, 2705.6430000000000291, 60.148825930114085736, 2699.1619999999998072, 0, 2705.6430000000000291, 42.385779742867583764, 2699.1619999999998072, 0, 2705.6430000000000291, 41.843437247783683119, 2699.1619999999998072, 1
2705.6520000000000437, 60.280292481267125027, 2699.1700000000000728, 1, 2705.6520000000000437, 60.258671695722611616, 2699.1700000000000728, 0, 2705.6520000000000437, 42.286899399156546053, 2699.1700000000000728, 0, 2705.6520000000000437, 41.724110781104769785, 2699.1700000000000728, 1
2705.6520000000000437, 60.383246177136967958, 2699.1720000000000255, 1, 2705.6520000000000437, 60.347368130335169667, 2699.1720000000000255, 0, 2705.6520000000000437, 42.206340713577191082, 2699.1720000000000255, 0, 2705.6520000000000437, 41.608990997171275694, 2699.1720000000000255, 1
2705.6619999999998072, 60.538211750308654757, 2699.1770000000001346, 1, 2705.6619999999998072, 60.511692232798523605, 2699.1770000000001346, 0, 2705.6619999999998072, 42.243650125255754801, 2699.1770000000001346, 0, 2705.6619999999998072, 41.435748459113902697, 2699.1770000000001346, 1
2705.6720000000000255, 60.582251718405814245, 2699.181999999999789, 1, 2705.6720000000000255, 60.467036857678323258, 2699.181999999999789, 0, 2705.6720000000000255, 42.095758375592154721, 2699.181999999999789, 0, 2705.6720000000000255, 41.395361133938592957, 2699.181999999999789, 1
2705.681999999999789, 60.676049246570805451, 2699.1880000000001019, 1, 2705.681999999999789, 60.501049012408131489, 2699.1880000000001019, 0, 2705.681999999999789, 42.063308087732849572, 2699.1880000000001019, 0, 2705.681999999999789, 41.298384082346615287, 2699.1880000000001019, 1
2705.693000000000211, 60.764845002833538956, 2699.1920000000000073, 1, 2705.693000000000211, 60.519936996730514522, 2699.1920000000000073, 0, 2705.693000000000211, 42.044376955428390374, 2699.1920000000000073, 0, 2705.693000000000211, 41.208700958066891928, 2699.1920000000000073, 1
2705.7020000000002256, 60.847955968501395319, 2699.1990000000000691, 1, 2705.7020000000002256, 60.525280595165241948, 2699.1990000000000691, 0, 2705.7020000000002256, 42.037650234465942845, 2699.1990000000000691, 0, 2705.7020000000002256, 41.126666036785032077, 2699.1990000000000691, 1
2705.7139999999999418, 60.92122014430458421, 2699.2029999999999745, 1, 2705.7139999999999418, 60.519319655762458865, 2699.2029999999999745, 0, 2705.7139999999999418, 42.04128756905480202, 2699.2029999999999745, 0, 2705.7139999999999418, 41.055948448512147309, 2699.2029999999999745, 1
2705.7229999999999563, 60.991766336686708883, 2699.2119999999999891, 1, 2705.7229999999999563, 60.502557173236340304, 2699.2119999999999891, 0, 2705.7229999999999563, 42.054732108317757877, 2699.2119999999999891, 0, 2705.7229999999999563, 40.989451160875361779, 2699.2119999999999891, 1
2705.7330000000001746, 61.103001665218499738, 2699.2130000000001928, 1, 2705.7330000000001746, 60.564087597699440835, 2699.2130000000001928, 0, 2705.7330000000001746, 42.167989433129662302, 2699.2130000000001928, 0, 2705.7330000000001746, 40.867446099861219011, 2699.2130000000001928, 1
2705.7420000000001892, 61.115257533993840866, 2699.2170000000000982, 1, 2705.7420000000001892, 60.441893984251635175, 2699.2170000000000982, 0, 2705.7420000000001892, 42.106739298764495061, 2699.2170000000000982, 0, 2705.7420000000001892, 40.877387628156185428, 2699.2170000000000982, 1
2705.76299999999992, 61.162631764031601733, 2699.2220000000002074, 1, 2705.76299999999992, 60.402082903727418284, 2699.2220000000002074, 0, 2705.76299999999992, 42.141771877646135636, 2699.2220000000002074, 0, 2705.76299999999992, 40.834389806883216067, 2699.2220000000002074, 1
2705.76299999999992, 61.20565767202315044, 2699.2260000000001128, 1, 2705.76299999999992, 60.357331924629775699, 2699.2260000000001128, 0, 2705.76299999999992, 42.181589107932140337, 2699.2260000000001128, 0, 2705.76299999999992, 40.798643023329091761, 2699.2260000000001128, 1
2705.7730000000001382, 61.287995730289672736, 2699.2319999999999709, 1, 2705.7730000000001382, 60.396659565631551914, 2699.2319999999999709, 0, 2705.7730000000001382, 42.313811708983671167, 2699.2319999999999709, 0, 2705.7730000000001382, 40.711092110065145278, 2699.2319999999999709, 1
2705.7829999999999018, 61.3179677922150006, 2699.23700000000008, 1, 2705.7829999999999018, 60.345630846551266302, 2699.23700000000008, 1, 2705.7829999999999018, 42.360214774916762792, 2699.23700000000008, 1, 2705.7829999999999018, 40.688816264364795927, 2699.23700000000008, 1
2705.7919999999999163, 61.34195571632960764, 2699.2420000000001892, 1, 2705.7919999999999163, 60.293006874146549023, 2699.2420000000001892, 1, 2705.7919999999999163, 42.408565920767571811, 2699.2420000000001892, 1, 2705.7919999999999163, 40.672578551285511139, 2699.2420000000001892, 1
2705.8020000000001346, 61.360306327570192764, 2699.2480000000000473, 1, 2705.8020000000001346, 60.239666356924459478, 2699.2480000000000473, 1, 2705.8020000000001346, 42.458040277253573436, 2699.2480000000000473, 1, 2705.8020000000001346, 40.661893294501865626, 2699.2480000000000473, 1
2705.8130000000001019, 61.373910127475475917, 2699.2519999999999527, 1, 2705.8130000000001019, 60.185871638388050542, 2699.2519999999999527, 1, 2705.8130000000001019, 42.507424310647479615, 2699.2519999999999527, 1, 2705.8130000000001019, 40.657155516898008329, 2699.2519999999999527, 1
2705.8229999999998654, 61.335452658959255245, 2699.2570000000000618, 1, 2705.8229999999998654, 60.044405505115385324, 2699.2570000000000618, 1, 2705.8229999999998654, 42.467720143068561356, 2699.2570000000000618, 1, 2705.8229999999998654, 40.713175561775599931, 2699.2570000000000618, 1
2705.8330000000000837, 61.338705964963594397, 2699.26299999999992, 1, 2705.8330000000000837, 59.992735945989181801, 2699.26299999999992, 1, 2705.8330000000000837, 42.51606421452642337, 2699.26299999999992, 1, 2705.8330000000000837, 40.715930008629612757, 2699.26299999999992, 1
2705.8429999999998472, 61.386335096714574888, 2699.2669999999998254, 1, 2705.8429999999998472, 60.032384790500188387, 2699.2669999999998254, 1, 2705.8429999999998472, 42.652988872753923033, 2699.2669999999998254, 1, 2705.8429999999998472, 40.665653476038436054, 2699.2669999999998254, 1
2705.8530000000000655, 61.382791282586858017, 2699.2719999999999345, 1, 2705.8530000000000655, 59.985272173394349693, 2699.2719999999999345, 1, 2705.8530000000000655, 42.698545765276847419, 2699.2719999999999345, 1, 2705.8530000000000655, 40.675091506264038799, 2699.2719999999999345, 1
2705.862999999999829, 61.376117622408386865, 2699.2779999999997926, 1, 2705.862999999999829, 59.938745287339216361, 2699.2779999999997926, 1, 2705.862999999999829, 42.744029021865841855, 2699.2779999999997926, 1, 2705.862999999999829, 40.687703839708078135, 2699.2779999999997926, 1
2705.8730000000000473, 61.367134430788240707, 2699.2840000000001055, 1, 2705.8730000000000473, 59.89693784885468375, 2699.2840000000001055, 1, 2705.8730000000000473, 42.785022383556807313, 2699.2840000000001055, 1, 2705.8730000000000473, 40.701774917562353551, 2699.2840000000001055, 1
2705.8919999999998254, 61.356326418509155474, 2699.2869999999998072, 1, 2705.8919999999998254, 59.860463801298877229, 2699.2869999999998072, 1, 2705.8919999999998254, 42.821356552849763943, 2699.2869999999998072, 1, 2705.8919999999998254, 40.716653167952742365, 2699.2869999999998072, 1
2705.8930000000000291, 61.34307907571172791, 2699.2919999999999163, 1, 2705.8930000000000291, 59.825273575641730872, 2699.2919999999999163, 1, 2705.8930000000000291, 42.85683287144082243, 2699.2919999999999163, 1, 2705.8930000000000291, 40.733496753365223242, 2699.2919999999999163, 1
2705.9020000000000437, 61.327672942487566843, 2699.2970000000000255, 1, 2705.9020000000000437, 59.793389981459483806, 2699.2970000000000255, 1, 2705.9020000000000437, 42.889375048728318518, 2699.2970000000000255, 1, 2705.9020000000000437, 40.751181051554716817, 2699.2970000000000255, 1
2705.9130000000000109, 61.311898588367604646, 2699.3029999999998836, 1, 2705.9130000000000109, 59.764839079381559372, 2699.3029999999998836, 1, 2705.9130000000000109, 42.918922706904716335, 2699.3029999999998836, 1, 2705.9130000000000109, 40.769361336081644254, 2699.3029999999998836, 1
2705.9229999999997744, 61.241524414621849814, 2699.3079999999999927, 0, 2705.9229999999997744, 59.64638255653325416, 2699.3079999999999927, 1, 2705.9229999999997744, 42.852027099027210966, 2699.3079999999999927, 1, 2705.9229999999997744, 40.843157585101529605, 2699.3079999999999927, 0
2705.9329999999999927, 61.224076799736707244, 2699.3130000000001019, 0, 2705.9329999999999927, 59.623948081285604417, 2699.3130000000001019, 1, 2705.9329999999999927, 42.875220870861426192, 2699.3130000000001019, 1, 2705.9329999999999927, 40.861327579242178842, 2699.3130000000001019, 0
2705.9520000000002256, 61.206519677166667748, 2699.3170000000000073, 0, 2705.9520000000002256, 59.604703158135770025, 2699.3170000000000073, 1, 2705.9520000000002256, 42.895509047081858967, 2699.3170000000000073, 1, 2705.9520000000002256, 40.87916900761058514, 2699.3170000000000073, 0
2705.9529999999999745, 61.18909981510802254, 2699.3220000000001164, 0, 2705.9529999999999745, 59.588525196046752797, 2699.3220000000001164, 1, 2705.9529999999999745, 42.912981160016499871, 2699.3220000000001164, 1, 2705.9529999999999745, 40.896470423567464536, 2699.3220000000001164, 0
2705.9729999999999563, 61.22851518659885528, 2699.3279999999999745, 0, 2705.9729999999999563, 59.669093914932517464, 2699.3279999999999745, 1, 2705.9729999999999563, 43.023360335033061119, 2699.3279999999999745, 1, 2705.9729999999999563, 40.857248291492275882, 2699.3279999999999745, 0
2705.9830000000001746, 61.212355657858459779, 2699.3330000000000837, 0, 2705.9830000000001746, 59.658901152515781519, 2699.3330000000000837, 1, 2705.9830000000001746, 43.035821418124328375, 2699.3330000000000837, 1, 2705.9830000000001746, 40.873026896659332863, 2699.3330000000000837, 0
2705.9929999999999382, 61.196852795487217236, 2699.3369999999999891, 0, 2705.9929999999999382, 59.651241210820693084, 2699.3369999999999891, 1, 2705.9929999999999382, 43.045839093547243692, 2699.3369999999999891, 1, 2705.9929999999999382, 40.887808158042830087, 2699.3369999999999891, 0
2706.0030000000001564, 61.182137653932855414, 2699.3420000000000982, 0, 2706.0030000000001564, 59.645919961019629341, 2699.3420000000000982, 1, 2706.0030000000001564, 43.053577067387720945, 2699.3420000000000982, 1, 2706.0030000000001564, 40.901500131125573034, 2699.3420000000000982, 0
2706.0030000000001564, 61.168315508750602305, 2699.3470000000002074, 0, 2706.0030000000001564, 59.64273613225456927, 2699.3470000000002074, 1, 2706.0030000000001564, 43.059208423305229019, 2699.3470000000002074, 1, 2706.0030000000001564, 40.914036453470082222, 2699.3470000000002074, 0
2706.0230000000001382, 61.097569875861466926, 2699.3530000000000655, 0, 2706.0230000000001382, 59.546439663646765439, 2699.3530000000000655, 1, 2706.0230000000001382, 42.966284475996829428, 2699.3530000000000655, 1, 2706.0230000000001382, 40.98094055138449221, 2699.3530000000000655, 0
2706.0230000000001382, 61.086152890375146285, 2699.3580000000001746, 0, 2706.0230000000001382, 59.546704493343554532, 2699.3580000000001746, 1, 2706.0230000000001382, 42.968117749855707643, 2699.3580000000001746, 1, 2706.0230000000001382, 40.991035125965154862, 2699.3580000000001746, 0
2706.0329999999999018, 61.075239746678036568, 2699.362999999999829, 0, 2706.0329999999999018, 59.548541630256359269, 2699.362999999999829, 1, 2706.0329999999999018, 42.968412629258935453, 2699.362999999999829, 1, 2706.0329999999999018, 40.99991443358470633, 2699.362999999999829, 0
2706.0419999999999163, 61.064958757170998638, 2699.3670000000001892, 0, 2706.0419999999999163, 59.551895586869086685, 2699.3670000000001892, 1, 2706.0419999999999163, 42.967348762615088731, 2699.3670000000001892, 1, 2706.0419999999999163, 41.007592718385453168, 2699.3670000000001892, 0
2706.0540000000000873, 61.114832647922256115, 2699.3719999999998436, 0, 2706.0540000000000873, 59.651433603047834708, 2699.3719999999998436, 1, 2706.0540000000000873, 43.062741964584084542, 2699.3719999999998436, 1, 2706.0540000000000873, 40.958179863078129301, 2699.3719999999998436, 0
2706.0639999999998508, 61.107346248502835806, 2699.3769999999999527, 0, 2706.0639999999998508, 59.656833465328489297, 2699.3769999999999527, 1, 2706.0639999999998508, 43.059521174094456342, 2699.3769999999999527, 1, 2706.0639999999998508, 40.96351882436646008, 2699.3769999999999527, 0
2706.0729999999998654, 61.101201089391437904, 2699.3850000000002183, 0, 2706.0729999999998654, 59.663004368312826387, 2699.3850000000002183, 1, 2706.0729999999998654, 43.055432014914735817, 2699.3850000000002183, 1, 2706.0729999999998654, 40.967564180609670643, 2699.3850000000002183, 0
2706.0830000000000837, 61.095748347055319982, 2699.387000000000171, 0, 2706.0830000000000837, 59.669781735435975634, 2699.387000000000171, 1, 2706.0830000000000837, 43.050630440890898853, 2699.387000000000171, 1, 2706.0830000000000837, 40.970837769752563418, 2699.387000000000171, 0
2706.0929999999998472, 61.03251492733699024, 2699.3939999999997781, 0, 2706.0929999999998472, 59.581853873883126482, 2699.3939999999997781, 1, 2706.0929999999998472, 42.947564526593609457, 2699.3939999999997781, 1, 2706.0929999999998472, 41.029391088110244823, 2699.3939999999997781, 0
2706.1019999999998618, 61.087601339279061108, 2699.3969999999999345, 0, 2706.1019999999998618, 59.684149887781984489, 2699.3969999999999345, 1, 2706.1019999999998618, 43.039948338385585203, 2699.3969999999999345, 1, 2706.1019999999998618, 40.974323589882168051, 2699.3969999999999345, 0
2706.11200000000008, 61.084999492996345793, 2699.4029999999997926, 0, 2706.11200000000008, 59.691872228775423537, 2699.4029999999997926, 1, 2706.11200000000008, 43.033856319837859417, 2699.4029999999997926, 1, 2706.11200000000008, 40.974993592261583331, 2699.4029999999997926, 0
2706.1219999999998436, 61.083027746898537202, 2699.4090000000001055, 0, 2706.1219999999998436, 59.700054600673780669, 2699.4090000000001055, 1, 2706.1219999999998436, 43.027258770000869958, 2699.4090000000001055, 1, 2706.1219999999998436, 40.97493857931867467, 2699.4090000000001055, 0
2706.1320000000000618, 61.081675200332043119, 2699.4119999999998072, 0, 2706.1320000000000618, 59.707829983153359876, 2699.4119999999998072, 1, 2706.1320000000000618, 43.02094392613290097, 2699.4119999999998072, 1, 2706.1320000000000618, 40.97412501045634059, 2699.4119999999998072, 0
2706.1419999999998254, 61.081101880834062001, 2699.4180000000001201, 0, 2706.1419999999998254, 59.715461452039193091, 2699.4180000000001201, 1, 2706.1419999999998254, 43.014577976161227468, 2699.4180000000001201, 1, 2706.1419999999998254, 40.972849102441266211, 2699.4180000000001201, 0
2706.1520000000000437, 61.081157146112758483, 2699.4229999999997744, 0, 2706.1520000000000437, 59.722887238125892395, 2699.4229999999997744, 1, 2706.1520000000000437, 43.008301404089678499, 2699.4229999999997744, 1, 2706.1520000000000437, 40.971091676208907018, 2699.4229999999997744, 0
2706.1619999999998072, 61.081722411013004148, 2699.4270000000001346, 0, 2706.1619999999998072, 59.730040175834503202, 2699.4270000000001346, 1, 2706.1619999999998072, 43.002185080154745833, 2699.4270000000001346, 1, 2706.1619999999998072, 40.968928904474729791, 2699.4270000000001346, 0
2706.1720000000000255, 61.024970842295715556, 2699.431999999999789, 0, 2706.1720000000000255, 59.642278804967276074, 2699.431999999999789, 1, 2706.1720000000000255, 42.898738349785759283, 2699.431999999999789, 1, 2706.1720000000000255, 41.02316009841746336, 2699.431999999999789, 0
2706.181999999999789, 61.026454485007988637, 2699.4369999999998981, 0, 2706.181999999999789, 59.648819225492729856, 2699.4369999999998981, 1, 2706.181999999999789, 42.893180897401514073, 2699.4369999999998981, 1, 2706.181999999999789, 41.020424177642638597, 2699.4369999999998981, 0
2706.193000000000211, 61.028247792216419043, 2699.443000000000211, 0, 2706.193000000000211, 59.654949397842557346, 2699.443000000000211, 1, 2706.193000000000211, 42.887936079042674464, 2699.443000000000211, 1, 2706.193000000000211, 41.017489679070635589, 2699.443000000000211, 0
2706.2020000000002256, 61.030288812595841819, 2699.4479999999998654, 0, 2706.2020000000002256, 59.660641983348071449, 2699.4479999999998654, 1, 2706.2020000000002256, 42.883035356155026818, 2699.4479999999998654, 1, 2706.2020000000002256, 41.014416782169512032, 2699.4479999999998654, 0
2706.2130000000001928, 61.032519494536877858, 2699.4529999999999745, 0, 2706.2130000000001928, 59.665878250324695387, 2699.4529999999999745, 1, 2706.2130000000001928, 42.878502100749543047, 2699.4529999999999745, 1, 2706.2130000000001928, 41.011260758652809955, 2699.4529999999999745, 0
2706.2220000000002074, 61.03488602233252891, 2699.4569999999998799, 0, 2706.2220000000002074, 59.67064730688066021, 2699.4569999999998799, 1, 2706.2220000000002074, 42.874352246930037325, 2699.4569999999998799, 1, 2706.2220000000002074, 41.008071784534763538, 2699.4569999999998799, 0
2706.2330000000001746, 61.037339055450303249, 2699.4619999999999891, 0, 2706.2330000000001746, 59.67494532505864413, 2699.4619999999999891, 1, 2706.2330000000001746, 42.870594960226036108, 2699.4619999999999891, 1, 2706.2330000000001746, 41.004894842639444619, 2699.4619999999999891, 0
2706.2559999999998581, 61.096673857963281762, 2699.4670000000000982, 0, 2706.2559999999998581, 59.772842494961238913, 2699.4670000000000982, 1, 2706.2559999999998581, 42.964225563939166364, 2699.4670000000000982, 1, 2706.2559999999998581, 40.944951853071614778, 2699.4670000000000982, 0
2706.2559999999998581, 61.099333028328771888, 2699.4720000000002074, 0, 2706.2559999999998581, 59.776586074585281949, 2699.4720000000002074, 1, 2706.2559999999998581, 42.960795868856870072, 2699.4720000000002074, 1, 2706.2559999999998581, 40.941453766284993776, 2699.4720000000002074, 0
2706.2649999999998727, 61.045279311674818246, 2699.4769999999998618, 0, 2706.2649999999998727, 59.685730223338637757, 2699.4769999999998618, 1, 2706.2649999999998727, 42.861093427048686522, 2699.4769999999998618, 1, 2706.2649999999998727, 40.995097598443372533, 2699.4769999999998618, 0
2706.2750000000000909, 61.047661960844948226, 2699.4810000000002219, 0, 2706.2750000000000909, 59.688002757854505376, 2699.4810000000002219, 1, 2706.2750000000000909, 42.859077947038009881, 2699.4810000000002219, 1, 2706.2750000000000909, 40.992488699024306698, 2699.4810000000002219, 0
2706.2849999999998545, 61.049949450576988852, 2699.4899999999997817, 0, 2706.2849999999998545, 59.690002612404413185, 2699.4899999999997817, 1, 2706.2849999999998545, 42.857301080407367522, 2699.4899999999997817, 1, 2706.2849999999998545, 40.989901766663237481, 2699.4899999999997817, 0
2706.293999999999869, 61.052120768435969467, 2699.4920000000001892, 0, 2706.293999999999869, 59.691619553639768014, 2699.4920000000001892, 1, 2706.293999999999869, 42.85586308792510124, 2699.4920000000001892, 1, 2706.293999999999869, 40.987494011979180186, 2699.4920000000001892, 0
2706.3049999999998363, 61.110559331992568843, 2699.4969999999998436, 0, 2706.3049999999998363, 59.786599153364889503, 2699.4969999999998436, 1, 2706.3049999999998363, 42.951397114323398796, 2699.4969999999998436, 1, 2706.3049999999998363, 40.928463655362989471, 2699.4969999999998436, 0
, , 2699.5059999999998581, 0, , , 2699.5059999999998581, 1, , , 2699.5059999999998581, 1, , , 2699.5059999999998581, 0
, , 2699.5070000000000618, 0, , , 2699.5070000000000618, 1, , , 2699.5070000000000618, 1, , , 2699.5070000000000618, 0
, , 2699.51299999999992, 0, , , 2699.51299999999992, 1, , , 2699.51299999999992, 1, , , 2699.51299999999992, 0
, , 2699.5180000000000291, 0, , , 2699.5180000000000291, 1, , , 2699.5180000000000291, 1, , , 2699.5180000000000291, 0
, , 2699.5219999999999345, 0, , , 2699.5219999999999345, 1, , , 2699.5219999999999345, 1, , , 2699.5219999999999345, 0
, , 2699.5270000000000437, 0, , , 2699.5270000000000437, 1, , , 2699.5270000000000437, 1, , , 2699.5270000000000437, 0
, , 2699.5320000000001528, 0, , , 2699.5320000000001528, 1, , , 2699.5320000000001528, 1, , , 2699.5320000000001528, 0
, , 2699.5380000000000109, 0, , , 2699.5380000000000109, 1, , , 2699.5380000000000109, 1, , , 2699.5380000000000109, 0
, , 2699.5419999999999163, 0, , , 2699.5419999999999163, 1, , , 2699.5419999999999163, 1, , , 2699.5419999999999163, 0
, , 2699.5470000000000255, 0, , , 2699.5470000000000255, 1, , , 2699.5470000000000255, 1, , , 2699.5470000000000255, 0
, , 2699.5520000000001346, 0, , , 2699.5520000000001346, 1, , , 2699.5520000000001346, 1, , , 2699.5520000000001346, 0
, , 2699.556999999999789, 0, , , 2699.556999999999789, 1, , , 2699.556999999999789, 1, , , 2699.556999999999789, 0
, , 2699.5619999999998981, 1, , , 2699.5619999999998981, 1, , , 2699.5619999999998981, 1, , , 2699.5619999999998981, 1
, , 2699.5659999999998035, 1, , , 2699.5659999999998035, 1, , , 2699.5659999999998035, 1, , , 2699.5659999999998035, 1
, , 2699.5729999999998654, 1, , , 2699.5729999999998654, 1, , , 2699.5729999999998654, 1, , , 2699.5729999999998654, 1
, , 2699.5770000000002256, 1, , , 2699.5770000000002256, 1, , , 2699.5770000000002256, 1, , , 2699.5770000000002256, 1
, , 2699.5839999999998327, 1, , , 2699.5839999999998327, 1, , , 2699.5839999999998327, 1, , , 2699.5839999999998327, 1
, , 2699.5869999999999891, 1, , , 2699.5869999999999891, 1, , , 2699.5869999999999891, 1, , , 2699.5869999999999891, 1
, , 2699.5909999999998945, 1, , , 2699.5909999999998945, 1, , , 2699.5909999999998945, 1, , , 2699.5909999999998945, 1
, , 2699.5970000000002074, 1, , , 2699.5970000000002074, 1, , , 2699.5970000000002074, 1, , , 2699.5970000000002074, 1
, , 2699.6019999999998618, 1, , , 2699.6019999999998618, 1, , , 2699.6019999999998618, 1, , , 2699.6019999999998618, 1
, , 2699.6069999999999709, 1, , , 2699.6069999999999709, 1, , , 2699.6069999999999709, 1, , , 2699.6069999999999709, 1
, , 2699.61200000000008, 1, , , 2699.61200000000008, 1, , , 2699.61200000000008, 1, , , 2699.61200000000008, 1
, , 2699.6179999999999382, 1, , , 2699.6179999999999382, 1, , , 2699.6179999999999382, 1, , , 2699.6179999999999382, 1
, , 2699.6239999999997963, 1, , , 2699.6239999999997963, 1, , , 2699.6239999999997963, 1, , , 2699.6239999999997963, 1
, , 2699.6269999999999527, 1, , , 2699.6269999999999527, 1, , , 2699.6269999999999527, 1, , , 2699.6269999999999527, 1
, , 2699.6320000000000618, 1, , , 2699.6320000000000618, 0, , , 2699.6320000000000618, 0, , , 2699.6320000000000618, 1
, , 2699.637000000000171, 1, , , 2699.637000000000171, 0, , , 2699.637000000000171, 0, , , 2699.637000000000171, 1
, , 2699.6410000000000764, 1, , , 2699.6410000000000764, 0, , , 2699.6410000000000764, 0, , , 2699.6410000000000764, 1
, , 2699.6469999999999345, 1, , , 2699.6469999999999345, 0, , , 2699.6469999999999345, 0, , , 2699.6469999999999345, 1
, , 2699.6520000000000437, 1, , , 2699.6520000000000437, 0, , , 2699.6520000000000437, 0, , , 2699.6520000000000437, 1
, , 2699.6570000000001528, 1, , , 2699.6570000000001528, 0, , , 2699.6570000000001528, 0, , , 2699.6570000000001528, 1
, , 2699.6630000000000109, 1, , , 2699.6630000000000109, 0, , , 2699.6630000000000109, 0, , , 2699.6630000000000109, 1
, , 2699.6669999999999163, 1, , , 2699.6669999999999163, 0, , , 2699.6669999999999163, 0, , , 2699.6669999999999163, 1
, , 2699.6720000000000255, 1, , , 2699.6720000000000255, 0, , , 2699.6720000000000255, 0, , , 2699.6720000000000255, 1
, , 2699.6779999999998836, 1, , , 2699.6779999999998836, 0, , , 2699.6779999999998836, 0, , , 2699.6779999999998836, 1
, , 2699.681999999999789, 1, , , 2699.681999999999789, 0, , , 2699.681999999999789, 0, , , 2699.681999999999789, 1
, , 2699.6880000000001019, 1, , , 2699.6880000000001019, 0, , , 2699.6880000000001019, 0, , , 2699.6880000000001019, 1
, , 2699.6920000000000073, 1, , , 2699.6920000000000073, 0, , , 2699.6920000000000073, 0, , , 2699.6920000000000073, 1
, , 2699.6970000000001164, 1, , , 2699.6970000000001164, 0, , , 2699.6970000000001164, 0, , , 2699.6970000000001164, 1
, , 2699.7020000000002256, 1, , , 2699.7020000000002256, 0, , , 2699.7020000000002256, 0, , , 2699.7020000000002256, 1
, , 2699.7069999999998799, 1, , , 2699.7069999999998799, 0, , , 2699.7069999999998799, 0, , , 2699.7069999999998799, 1
, , 2699.7119999999999891, 1, , , 2699.7119999999999891, 0, , , 2699.7119999999999891, 0, , , 2699.7119999999999891, 1
, , 2699.7190000000000509, 1, , , 2699.7190000000000509, 0, , , 2699.7190000000000509, 0, , , 2699.7190000000000509, 1
, , 2699.7220000000002074, 1, , , 2699.7220000000002074, 0, , , 2699.7220000000002074, 0, , , 2699.7220000000002074, 1
, , 2699.7269999999998618, 1, , , 2699.7269999999998618, 0, , , 2699.7269999999998618, 0, , , 2699.7269999999998618, 1
, , 2699.7319999999999709, 1, , , 2699.7319999999999709, 0, , , 2699.7319999999999709, 0, , , 2699.7319999999999709, 1
, , 2699.73700000000008, 1, , , 2699.73700000000008, 0, , , 2699.73700000000008, 0, , , 2699.73700000000008, 1
, , 2699.7420000000001892, 1, , , 2699.7420000000001892, 0, , , 2699.7420000000001892, 0, , , 2699.7420000000001892, 1
, , 2699.7469999999998436, 1, , , 2699.7469999999998436, 0, , , 2699.7469999999998436, 0, , , 2699.7469999999998436, 1
, , 2699.7519999999999527, 1, , , 2699.7519999999999527, 0, , , 2699.7519999999999527, 0, , , 2699.7519999999999527, 1
, , 2699.7570000000000618, 1, , , 2699.7570000000000618, 0, , , 2699.7570000000000618, 0, , , 2699.7570000000000618, 1
, , 2699.762000000000171, 1, , , 2699.762000000000171, 0, , , 2699.762000000000171, 0, , , 2699.762000000000171, 1
, , 2699.7669999999998254, 1, , , 2699.7669999999998254, 0, , , 2699.7669999999998254, 0, , , 2699.7669999999998254, 1
, , 2699.7730000000001382, 1, , , 2699.7730000000001382, 0, , , 2699.7730000000001382, 0, , , 2699.7730000000001382, 1
, , 2699.7770000000000437, 1, , , 2699.7770000000000437, 0, , , 2699.7770000000000437, 0, , , 2699.7770000000000437, 1
, , 2699.7820000000001528, 1, , , 2699.7820000000001528, 0, , , 2699.7820000000001528, 0, , , 2699.7820000000001528, 1
, , 2699.7880000000000109, 1, , , 2699.7880000000000109, 0, , , 2699.7880000000000109, 0, , , 2699.7880000000000109, 1
, , 2699.7919999999999163, 1, , , 2699.7919999999999163, 0, , , 2699.7919999999999163, 0, , , 2699.7919999999999163, 1
, , 2699.7970000000000255, 1, , , 2699.7970000000000255, 0, , , 2699.7970000000000255, 0, , , 2699.7970000000000255, 1
, , 2699.8020000000001346, 1, , , 2699.8020000000001346, 0, , , 2699.8020000000001346, 0, , , 2699.8020000000001346, 1
, , 2699.8079999999999927, 1, , , 2699.8079999999999927, 0, , , 2699.8079999999999927, 0, , , 2699.8079999999999927, 1
, , 2699.8119999999998981, 1, , , 2699.8119999999998981, 0, , , 2699.8119999999998981, 0, , , 2699.8119999999998981, 1
, , 2699.8170000000000073, 1, , , 2699.8170000000000073, 0, , , 2699.8170000000000073, 0, , , 2699.8170000000000073, 1
, , 2699.8229999999998654, 1, , , 2699.8229999999998654, 0, , , 2699.8229999999998654, 0, , , 2699.8229999999998654, 1
, , 2699.8270000000002256, 1, , , 2699.8270000000002256, 0, , , 2699.8270000000002256, 0, , , 2699.8270000000002256, 1
, , 2699.8319999999998799, 1, , , 2699.8319999999998799, 0, , , 2699.8319999999998799, 0, , , 2699.8319999999998799, 1
, , 2699.8369999999999891, 1, , , 2699.8369999999999891, 0, , , 2699.8369999999999891, 0, , , 2699.8369999999999891, 1
, , 2699.8420000000000982, 1, , , 2699.8420000000000982, 0, , , 2699.8420000000000982, 0, , , 2699.8420000000000982, 1
, , 2699.8479999999999563, 1, , , 2699.8479999999999563, 0, , , 2699.8479999999999563, 0, , , 2699.8479999999999563, 1
, , 2699.8530000000000655, 1, , , 2699.8530000000000655, 0, , , 2699.8530000000000655, 0, , , 2699.8530000000000655, 1
, , 2699.8569999999999709, 1, , , 2699.8569999999999709, 0, , , 2699.8569999999999709, 0, , , 2699.8569999999999709, 1
, , 2699.86200000000008, 1, , , 2699.86200000000008, 0, , , 2699.86200000000008, 0, , , 2699.86200000000008, 1
, , 2699.8670000000001892, 1, , , 2699.8670000000001892, 0, , , 2699.8670000000001892, 0, , , 2699.8670000000001892, 1
, , 2699.8710000000000946, 1, , , 2699.8710000000000946, 0, , , 2699.8710000000000946, 0, , , 2699.8710000000000946, 1
, , 2699.8780000000001564, 1, , , 2699.8780000000001564, 0, , , 2699.8780000000001564, 0, , , 2699.8780000000001564, 1
, , 2699.8820000000000618, 1, , , 2699.8820000000000618, 0, , , 2699.8820000000000618, 0, , , 2699.8820000000000618, 1
, , 2699.887000000000171, 1, , , 2699.887000000000171, 1, , , 2699.887000000000171, 1, , , 2699.887000000000171, 1
, , 2699.8930000000000291, 1, , , 2699.8930000000000291, 1, , , 2699.8930000000000291, 1, , , 2699.8930000000000291, 1
, , 2699.8969999999999345, 1, , , 2699.8969999999999345, 1, , , 2699.8969999999999345, 1, , , 2699.8969999999999345, 1
, , 2699.9009999999998399, 1, , , 2699.9009999999998399, 1, , , 2699.9009999999998399, 1, , , 2699.9009999999998399, 1
, , 2699.9070000000001528, 1, , , 2699.9070000000001528, 1, , , 2699.9070000000001528, 1, , , 2699.9070000000001528, 1
, , 2699.9110000000000582, 1, , , 2699.9110000000000582, 1, , , 2699.9110000000000582, 1, , , 2699.9110000000000582, 1
, , 2699.9169999999999163, 1, , , 2699.9169999999999163, 1, , , 2699.9169999999999163, 1, , , 2699.9169999999999163, 1
, , 2699.9220000000000255, 1, , , 2699.9220000000000255, 1, , , 2699.9220000000000255, 1, , , 2699.9220000000000255, 1
, , 2699.9279999999998836, 1, , , 2699.9279999999998836, 1, , , 2699.9279999999998836, 1, , , 2699.9279999999998836, 1
, , 2699.931999999999789, 1, , , 2699.931999999999789, 1, , , 2699.931999999999789, 1, , , 2699.931999999999789, 1
, , 2699.9369999999998981, 1, , , 2699.9369999999998981, 1, , , 2699.9369999999998981, 1, , , 2699.9369999999998981, 1
, , 2699.943000000000211, 1, , , 2699.943000000000211, 1, , , 2699.943000000000211, 1, , , 2699.943000000000211, 1
, , 2699.9479999999998654, 1, , , 2699.9479999999998654, 1, , , 2699.9479999999998654, 1, , , 2699.9479999999998654, 1
, , 2699.9520000000002256, 1, , , 2699.9520000000002256, 1, , , 2699.9520000000002256, 1, , , 2699.9520000000002256, 1
, , 2699.9569999999998799, 1, , , 2699.9569999999998799, 1, , , 2699.9569999999998799, 1, , , 2699.9569999999998799, 1
, , 2699.9619999999999891, 0, , , 2699.9619999999999891, 1, , , 2699.9619999999999891, 1, , , 2699.9619999999999891, 0
, , 2699.9670000000000982, 0, , , 2699.9670000000000982, 1, , , 2699.9670000000000982, 1, , , 2699.9670000000000982, 0
, , 2699.9729999999999563, 0, , , 2699.9729999999999563, 1, , , 2699.9729999999999563, 1, , , 2699.9729999999999563, 0
, , 2699.9780000000000655, 0, , , 2699.9780000000000655, 1, , , 2699.9780000000000655, 1, , , 2699.9780000000000655, 0
, , 2699.9819999999999709, 0, , , 2699.9819999999999709, 1, , , 2699.9819999999999709, 1, , , 2699.9819999999999709, 0
, , 2699.98700000000008, 0, , , 2699.98700000000008, 1, , , 2699.98700000000008, 1, , , 2699.98700000000008, 0
, , 2699.9920000000001892, 0, , , 2699.9920000000001892, 1, , , 2699.9920000000001892, 1, , , 2699.9920000000001892, 0
, , 2699.9989999999997963, 0, , , 2699.9989999999997963, 1, , , 2699.9989999999997963, 1, , , 2699.9989999999997963, 0
, , 2700.0019999999999527, 0, , , 2700.0019999999999527, 1, , , 2700.0019999999999527, 1, , , 2700.0019999999999527, 0
, , 2700.0070000000000618, 0, , , 2700.0070000000000618, 1, , , 2700.0070000000000618, 1, , , 2700.0070000000000618, 0
, , 2700.012000000000171, 0, , , 2700.012000000000171, 1, , , 2700.012000000000171, 1, , , 2700.012000000000171, 0
, , 2700.0169999999998254, 0, , , 2700.0169999999998254, 1, , , 2700.0169999999998254, 1, , , 2700.0169999999998254, 0
, , 2700.0219999999999345, 0, , , 2700.0219999999999345, 1, , , 2700.0219999999999345, 1, , , 2700.0219999999999345, 0
, , 2700.0270000000000437, 0, , , 2700.0270000000000437, 1, , , 2700.0270000000000437, 1, , , 2700.0270000000000437, 0
, , 2700.0320000000001528, 0, , , 2700.0320000000001528, 1, , , 2700.0320000000001528, 1, , , 2700.0320000000001528, 0
, , 2700.0369999999998072, 0, , , 2700.0369999999998072, 1, , , 2700.0369999999998072, 1, , , 2700.0369999999998072, 0
, , 2700.0419999999999163, 0, , , 2700.0419999999999163, 1, , , 2700.0419999999999163, 1, , , 2700.0419999999999163, 0
, , 2700.0470000000000255, 0, , , 2700.0470000000000255, 1, , , 2700.0470000000000255, 1, , , 2700.0470000000000255, 0
, , 2700.0520000000001346, 0, , , 2700.0520000000001346, 1, , , 2700.0520000000001346, 1, , , 2700.0520000000001346, 0
, , 2700.056999999999789, 0, , , 2700.056999999999789, 1, , , 2700.056999999999789, 1, , , 2700.056999999999789, 0
, , 2700.0630000000001019, 0, , , 2700.0630000000001019, 1, , , 2700.0630000000001019, 1, , , 2700.0630000000001019, 0
, , 2700.068000000000211, 0, , , 2700.068000000000211, 1, , , 2700.068000000000211, 1, , , 2700.068000000000211, 0
, , 2700.0720000000001164, 0, , , 2700.0720000000001164, 1, , , 2700.0720000000001164, 1, , , 2700.0720000000001164, 0
, , 2700.0770000000002256, 0, , , 2700.0770000000002256, 1, , , 2700.0770000000002256, 1, , , 2700.0770000000002256, 0
, , 2700.0819999999998799, 0, , , 2700.0819999999998799, 1, , , 2700.0819999999998799, 1, , , 2700.0819999999998799, 0
, , 2700.0869999999999891, 0, , , 2700.0869999999999891, 1, , , 2700.0869999999999891, 1, , , 2700.0869999999999891, 0
, , 2700.0920000000000982, 0, , , 2700.0920000000000982, 1, , , 2700.0920000000000982, 1, , , 2700.0920000000000982, 0
, , 2700.0960000000000036, 0, , , 2700.0960000000000036, 1, , , 2700.0960000000000036, 1, , , 2700.0960000000000036, 0
, , 2700.1019999999998618, 0, , , 2700.1019999999998618, 1, , , 2700.1019999999998618, 1, , , 2700.1019999999998618, 0
, , 2700.1069999999999709, 0, , , 2700.1069999999999709, 1, , , 2700.1069999999999709, 1, , , 2700.1069999999999709, 0
, , 2700.112999999999829, 0, , , 2700.112999999999829, 1, , , 2700.112999999999829, 1, , , 2700.112999999999829, 0
, , 2700.1170000000001892, 0, , , 2700.1170000000001892, 1, , , 2700.1170000000001892, 1, , , 2700.1170000000001892, 0
, , 2700.1219999999998436, 0, , , 2700.1219999999998436, 1, , , 2700.1219999999998436, 1, , , 2700.1219999999998436, 0
, , 2700.1280000000001564, 0, , , 2700.1280000000001564, 1, , , 2700.1280000000001564, 1, , , 2700.1280000000001564, 0
, , 2700.1320000000000618, 0, , , 2700.1320000000000618, 1, , , 2700.1320000000000618, 1, , , 2700.1320000000000618, 0
, , 2700.137000000000171, 0, , , 2700.137000000000171, 1, , , 2700.137000000000171, 1, , , 2700.137000000000171, 0
, , 2700.1419999999998254, 0, , , 2700.1419999999998254, 1, , , 2700.1419999999998254, 1, , , 2700.1419999999998254, 0
, , 2700.1469999999999345, 0, , , 2700.1469999999999345, 1, , , 2700.1469999999999345, 1, , , 2700.1469999999999345, 0
, , 2700.1520000000000437, 0, , , 2700.1520000000000437, 1, , , 2700.1520000000000437, 1, , , 2700.1520000000000437, 0
, , 2700.1570000000001528, 0, , , 2700.1570000000001528, 1, , , 2700.1570000000001528, 1, , , 2700.1570000000001528, 0
, , 2700.1630000000000109, 0, , , 2700.1630000000000109, 1, , , 2700.1630000000000109, 1, , , 2700.1630000000000109, 0
, , 2700.1669999999999163, 0, , , 2700.1669999999999163, 1, , , 2700.1669999999999163, 1, , , 2700.1669999999999163, 0
, , 2700.1720000000000255, 0, , , 2700.1720000000000255, 1, , , 2700.1720000000000255, 1, , , 2700.1720000000000255, 0
, , 2700.1770000000001346, 0, , , 2700.1770000000001346, 1, , , 2700.1770000000001346, 1, , , 2700.1770000000001346, 0
, , 2700.181999999999789, 0, , , 2700.181999999999789, 1, , , 2700.181999999999789, 1, , , 2700.181999999999789, 0
, , 2700.1840000000001965, 0, , , 2700.1840000000001965, 1, , , 2700.1840000000001965, 1, , , 2700.1840000000001965, 0
, , 2700.1920000000000073, 0, , , 2700.1920000000000073, 1, , , 2700.1920000000000073, 1, , , 2700.1920000000000073, 0
, , 2700.1970000000001164, 0, , , 2700.1970000000001164, 1, , , 2700.1970000000001164, 1, , , 2700.1970000000001164, 0
, , 2700.2029999999999745, 0, , , 2700.2029999999999745, 1, , , 2700.2029999999999745, 1, , , 2700.2029999999999745, 0
, , 2700.2069999999998799, 0, , , 2700.2069999999998799, 1, , , 2700.2069999999998799, 1, , , 2700.2069999999998799, 0
, , 2700.2119999999999891, 1, , , 2700.2119999999999891, 1, , , 2700.2119999999999891, 1, , , 2700.2119999999999891, 1
, , 2700.2170000000000982, 1, , , 2700.2170000000000982, 1, , , 2700.2170000000000982, 1, , , 2700.2170000000000982, 1
, , 2700.2220000000002074, 1, , , 2700.2220000000002074, 1, , , 2700.2220000000002074, 1, , , 2700.2220000000002074, 1
, , 2700.2269999999998618, 1, , , 2700.2269999999998618, 1, , , 2700.2269999999998618, 1, , , 2700.2269999999998618, 1
, , 2700.2330000000001746, 1, , , 2700.2330000000001746, 1, , , 2700.2330000000001746, 1, , , 2700.2330000000001746, 1
, , 2700.2359999999998763, 1, , , 2700.2359999999998763, 1, , , 2700.2359999999998763, 1, , , 2700.2359999999998763, 1
, , 2700.2429999999999382, 1, , , 2700.2429999999999382, 1, , , 2700.2429999999999382, 1, , , 2700.2429999999999382, 1
, , 2700.2469999999998436, 1, , , 2700.2469999999998436, 1, , , 2700.2469999999998436, 1, , , 2700.2469999999998436, 1
, , 2700.2519999999999527, 1, , , 2700.2519999999999527, 1, , , 2700.2519999999999527, 1, , , 2700.2519999999999527, 1
, , 2700.2579999999998108, 1, , , 2700.2579999999998108, 1, , , 2700.2579999999998108, 1, , , 2700.2579999999998108, 1
, , 2700.26299999999992, 1, , , 2700.26299999999992, 1, , , 2700.26299999999992, 1, , , 2700.26299999999992, 1
, , 2700.2669999999998254, 1, , , 2700.2669999999998254, 1, , , 2700.2669999999998254, 1, , , 2700.2669999999998254, 1
, , 2700.2719999999999345, 1, , , 2700.2719999999999345, 1, , , 2700.2719999999999345, 1, , , 2700.2719999999999345, 1
, , 2700.2779999999997926, 1, , , 2700.2779999999997926, 1, , , 2700.2779999999997926, 1, , , 2700.2779999999997926, 1
, , 2700.2860000000000582, 1, , , 2700.2860000000000582, 0, , , 2700.2860000000000582, 0, , , 2700.2860000000000582, 1
, , 2700.2869999999998072, 1, , , 2700.2869999999998072, 0, , , 2700.2869999999998072, 0, , , 2700.2869999999998072, 1
, , 2700.2919999999999163, 1, , , 2700.2919999999999163, 0, , , 2700.2919999999999163, 0, , , 2700.2919999999999163, 1
, , 2700.2970000000000255, 1, , , 2700.2970000000000255, 0, , , 2700.2970000000000255, 0, , , 2700.2970000000000255, 1
, , 2700.3020000000001346, 1, , , 2700.3020000000001346, 0, , , 2700.3020000000001346, 0, , , 2700.3020000000001346, 1
, , 2700.306999999999789, 1, , , 2700.306999999999789, 0, , , 2700.306999999999789, 0, , , 2700.306999999999789, 1
, , 2700.3119999999998981, 1, , , 2700.3119999999998981, 0, , , 2700.3119999999998981, 0, , , 2700.3119999999998981, 1
, , 2700.3170000000000073, 1, , , 2700.3170000000000073, 0, , , 2700.3170000000000073, 0, , , 2700.3170000000000073, 1
, , 2700.3220000000001164, 1, , , 2700.3220000000001164, 0, , , 2700.3220000000001164, 0, , , 2700.3220000000001164, 1
, , 2700.3270000000002256, 1, , , 2700.3270000000002256, 0, , , 2700.3270000000002256, 0, , , 2700.3270000000002256, 1
, , 2700.3319999999998799, 1, , , 2700.3319999999998799, 0, , , 2700.3319999999998799, 0, , , 2700.3319999999998799, 1
, , 2700.3380000000001928, 1, , , 2700.3380000000001928, 0, , , 2700.3380000000001928, 0, , , 2700.3380000000001928, 1
, , 2700.3420000000000982, 1, , , 2700.3420000000000982, 0, , , 2700.3420000000000982, 0, , , 2700.3420000000000982, 1
, , 2700.3470000000002074, 1, , , 2700.3470000000002074, 0, , , 2700.3470000000002074, 0, , , 2700.3470000000002074, 1
, , 2700.3519999999998618, 1, , , 2700.3519999999998618, 0, , , 2700.3519999999998618, 0, , , 2700.3519999999998618, 1
, , 2700.3580000000001746, 1, , , 2700.3580000000001746, 0, , , 2700.3580000000001746, 0, , , 2700.3580000000001746, 1
, , 2700.36200000000008, 1, , , 2700.36200000000008, 0, , , 2700.36200000000008, 0, , , 2700.36200000000008, 1
, , 2700.3670000000001892, 1, , , 2700.3670000000001892, 0, , , 2700.3670000000001892, 0, , , 2700.3670000000001892, 1
, , 2700.3719999999998436, 1, , , 2700.3719999999998436, 0, , , 2700.3719999999998436, 0, , , 2700.3719999999998436, 1
, , 2700.3769999999999527, 1, , , 2700.3769999999999527, 0, , , 2700.3769999999999527, 0, , , 2700.3769999999999527, 1
, , 2700.3829999999998108, 1, , , 2700.3829999999998108, 0, , , 2700.3829999999998108, 0, , , 2700.3829999999998108, 1
, , 2700.387000000000171, 1, , , 2700.387000000000171, 0, , , 2700.387000000000171, 0, , , 2700.387000000000171, 1
, , 2700.3919999999998254, 1, , , 2700.3919999999998254, 0, , , 2700.3919999999998254, 0, , , 2700.3919999999998254, 1
, , 2700.3980000000001382, 1, , , 2700.3980000000001382, 0, , , 2700.3980000000001382, 0, , , 2700.3980000000001382, 1
, , 2700.4020000000000437, 1, , , 2700.4020000000000437, 0, , , 2700.4020000000000437, 0, , , 2700.4020000000000437, 1
, , 2700.4070000000001528, 1, , , 2700.4070000000001528, 0, , , 2700.4070000000001528, 0, , , 2700.4070000000001528, 1
, , 2700.4119999999998072, 1, , , 2700.4119999999998072, 0, , , 2700.4119999999998072, 0, , , 2700.4119999999998072, 1
, , 2700.4169999999999163, 1, , , 2700.4169999999999163, 0, , , 2700.4169999999999163, 0, , , 2700.4169999999999163, 1
, , 2700.4209999999998217, 1, , , 2700.4209999999998217, 0, , , 2700.4209999999998217, 0, , , 2700.4209999999998217, 1
, , 2700.4270000000001346, 1, , , 2700.4270000000001346, 0, , , 2700.4270000000001346, 0, , , 2700.4270000000001346, 1
, , 2700.431999999999789, 1, , , 2700.431999999999789, 0, , , 2700.431999999999789, 0, , , 2700.431999999999789, 1
, , 2700.4369999999998981, 1, , , 2700.4369999999998981, 0, , , 2700.4369999999998981, 0, , , 2700.4369999999998981, 1
, , 2700.4420000000000073, 1, , , 2700.4420000000000073, 0, , , 2700.4420000000000073, 0, , , 2700.4420000000000073, 1
, , 2700.4470000000001164, 1, , , 2700.4470000000001164, 0, , , 2700.4470000000001164, 0, , , 2700.4470000000001164, 1
, , 2700.4520000000002256, 1, , , 2700.4520000000002256, 0, , , 2700.4520000000002256, 0, , , 2700.4520000000002256, 1
, , 2700.4569999999998799, 1, , , 2700.4569999999998799, 0, , , 2700.4569999999998799, 0, , , 2700.4569999999998799, 1
, , 2700.4619999999999891, 1, , , 2700.4619999999999891, 0, , , 2700.4619999999999891, 0, , , 2700.4619999999999891, 1
, , 2700.4679999999998472, 1, , , 2700.4679999999998472, 0, , , 2700.4679999999998472, 0, , , 2700.4679999999998472, 1
, , 2700.4729999999999563, 1, , , 2700.4729999999999563, 0, , , 2700.4729999999999563, 0, , , 2700.4729999999999563, 1
, , 2700.4769999999998618, 1, , , 2700.4769999999998618, 0, , , 2700.4769999999998618, 0, , , 2700.4769999999998618, 1
, , 2700.4830000000001746, 1, , , 2700.4830000000001746, 0, , , 2700.4830000000001746, 0, , , 2700.4830000000001746, 1
, , 2700.48700000000008, 1, , , 2700.48700000000008, 0, , , 2700.48700000000008, 0, , , 2700.48700000000008, 1
, , 2700.4920000000001892, 1, , , 2700.4920000000001892, 0, , , 2700.4920000000001892, 0, , , 2700.4920000000001892, 1
, , 2700.4969999999998436, 1, , , 2700.4969999999998436, 0, , , 2700.4969999999998436, 0, , , 2700.4969999999998436, 1
, , 2700.5019999999999527, 1, , , 2700.5019999999999527, 0, , , 2700.5019999999999527, 0, , , 2700.5019999999999527, 1
, , 2700.5070000000000618, 1, , , 2700.5070000000000618, 0, , , 2700.5070000000000618, 0, , , 2700.5070000000000618, 1
, , 2700.512000000000171, 1, , , 2700.512000000000171, 0, , , 2700.512000000000171, 0, , , 2700.512000000000171, 1
, , 2700.5169999999998254, 1, , , 2700.5169999999998254, 0, , , 2700.5169999999998254, 0, , , 2700.5169999999998254, 1
, , 2700.5219999999999345, 1, , , 2700.5219999999999345, 0, , , 2700.5219999999999345, 0, , , 2700.5219999999999345, 1
, , 2700.5270000000000437, 1, , , 2700.5270000000000437, 0, , , 2700.5270000000000437, 0, , , 2700.5270000000000437, 1
, , 2700.5320000000001528, 1, , , 2700.5320000000001528, 0, , , 2700.5320000000001528, 0, , , 2700.5320000000001528, 1
, , 2700.5380000000000109, 1, , , 2700.5380000000000109, 1, , , 2700.5380000000000109, 1, , , 2700.5380000000000109, 1
, , 2700.5419999999999163, 1, , , 2700.5419999999999163, 1, , , 2700.5419999999999163, 1, , , 2700.5419999999999163, 1
, , 2700.5479999999997744, 1, , , 2700.5479999999997744, 1, , , 2700.5479999999997744, 1, , , 2700.5479999999997744, 1
, , 2700.5520000000001346, 1, , , 2700.5520000000001346, 1, , , 2700.5520000000001346, 1, , , 2700.5520000000001346, 1
, , 2700.556999999999789, 1, , , 2700.556999999999789, 1, , , 2700.556999999999789, 1, , , 2700.556999999999789, 1
, , 2700.5630000000001019, 1, , , 2700.5630000000001019, 1, , , 2700.5630000000001019, 1, , , 2700.5630000000001019, 1
, , 2700.5670000000000073, 1, , , 2700.5670000000000073, 1, , , 2700.5670000000000073, 1, , , 2700.5670000000000073, 1
, , 2700.5729999999998654, 1, , , 2700.5729999999998654, 1, , , 2700.5729999999998654, 1, , , 2700.5729999999998654, 1
, , 2700.5770000000002256, 1, , , 2700.5770000000002256, 1, , , 2700.5770000000002256, 1, , , 2700.5770000000002256, 1
, , 2700.5819999999998799, 1, , , 2700.5819999999998799, 1, , , 2700.5819999999998799, 1, , , 2700.5819999999998799, 1
, , 2700.5869999999999891, 1, , , 2700.5869999999999891, 1, , , 2700.5869999999999891, 1, , , 2700.5869999999999891, 1
, , 2700.5929999999998472, 1, , , 2700.5929999999998472, 1, , , 2700.5929999999998472, 1, , , 2700.5929999999998472, 1
, , 2700.5979999999999563, 1, , , 2700.5979999999999563, 1, , , 2700.5979999999999563, 1, , , 2700.5979999999999563, 1
, , 2700.6019999999998618, 1, , , 2700.6019999999998618, 1, , , 2700.6019999999998618, 1, , , 2700.6019999999998618, 1
, , 2700.6069999999999709, 1, , , 2700.6069999999999709, 1, , , 2700.6069999999999709, 1, , , 2700.6069999999999709, 1
, , 2700.61200000000008, 0, , , 2700.61200000000008, 1, , , 2700.61200000000008, 1, , , 2700.61200000000008, 0
, , 2700.6179999999999382, 0, , , 2700.6179999999999382, 1, , , 2700.6179999999999382, 1, , , 2700.6179999999999382, 0
, , 2700.6230000000000473, 0, , , 2700.6230000000000473, 1, , , 2700.6230000000000473, 1, , , 2700.6230000000000473, 0
, , 2700.6260000000002037, 0, , , 2700.6260000000002037, 1, , , 2700.6260000000002037, 1, , , 2700.6260000000002037, 0
, , 2700.6320000000000618, 0, , , 2700.6320000000000618, 1, , , 2700.6320000000000618, 1, , , 2700.6320000000000618, 0
, , 2700.6359999999999673, 0, , , 2700.6359999999999673, 1, , , 2700.6359999999999673, 1, , , 2700.6359999999999673, 0
, , 2700.6419999999998254, 0, , , 2700.6419999999998254, 1, , , 2700.6419999999998254, 1, , , 2700.6419999999998254, 0
, , 2700.6469999999999345, 0, , , 2700.6469999999999345, 1, , , 2700.6469999999999345, 1, , , 2700.6469999999999345, 0
, , 2700.6539999999999964, 0, , , 2700.6539999999999964, 1, , , 2700.6539999999999964, 1, , , 2700.6539999999999964, 0
, , 2700.6570000000001528, 0, , , 2700.6570000000001528, 1, , , 2700.6570000000001528, 1, , , 2700.6570000000001528, 0
, , 2700.6610000000000582, 0, , , 2700.6610000000000582, 1, , , 2700.6610000000000582, 1, , , 2700.6610000000000582, 0
, , 2700.6660000000001673, 0, , , 2700.6660000000001673, 1, , , 2700.6660000000001673, 1, , , 2700.6660000000001673, 0
, , 2700.6720000000000255, 0, , , 2700.6720000000000255, 1, , , 2700.6720000000000255, 1, , , 2700.6720000000000255, 0
, , 2700.6770000000001346, 0, , , 2700.6770000000001346, 1, , , 2700.6770000000001346, 1, , , 2700.6770000000001346, 0
, , 2700.681999999999789, 0, , , 2700.681999999999789, 1, , , 2700.681999999999789, 1, , , 2700.681999999999789, 0
, , 2700.6869999999998981, 0, , , 2700.6869999999998981, 1, , , 2700.6869999999998981, 1, , , 2700.6869999999998981, 0
, , 2700.693000000000211, 0, , , 2700.693000000000211, 1, , , 2700.693000000000211, 1, , , 2700.693000000000211, 0
, , 2700.6999999999998181, 0, , , 2700.6999999999998181, 1, , , 2700.6999999999998181, 1, , , 2700.6999999999998181, 0
, , 2700.7029999999999745, 0, , , 2700.7029999999999745, 1, , , 2700.7029999999999745, 1, , , 2700.7029999999999745, 0
, , 2700.7069999999998799, 0, , , 2700.7069999999998799, 1, , , 2700.7069999999998799, 1, , , 2700.7069999999998799, 0
, , 2700.7119999999999891, 0, , , 2700.7119999999999891, 1, , , 2700.7119999999999891, 1, , , 2700.7119999999999891, 0
, , 2700.7170000000000982, 0, , , 2700.7170000000000982, 1, , , 2700.7170000000000982, 1, , , 2700.7170000000000982, 0
, , 2700.7220000000002074, 0, , , 2700.7220000000002074, 1, , , 2700.7220000000002074, 1, , , 2700.7220000000002074, 0
, , 2700.7269999999998618, 0, , , 2700.7269999999998618, 1, , , 2700.7269999999998618, 1, , , 2700.7269999999998618, 0
, , 2700.7319999999999709, 0, , , 2700.7319999999999709, 1, , , 2700.7319999999999709, 1, , , 2700.7319999999999709, 0
, , 2700.7359999999998763, 0, , , 2700.7359999999998763, 1, , , 2700.7359999999998763, 1, , , 2700.7359999999998763, 0
, , 2700.7409999999999854, 0, , , 2700.7409999999999854, 1, , , 2700.7409999999999854, 1, , , 2700.7409999999999854, 0
, , 2700.7420000000001892, 0, , , 2700.7420000000001892, 1, , , 2700.7420000000001892, 1, , , 2700.7420000000001892, 0
, , 2700.7519999999999527, 0, , , 2700.7519999999999527, 1, , , 2700.7519999999999527, 1, , , 2700.7519999999999527, 0
, , 2700.7579999999998108, 0, , , 2700.7579999999998108, 1, , , 2700.7579999999998108, 1, , , 2700.7579999999998108, 0
, , 2700.762000000000171, 0, , , 2700.762000000000171, 1, , , 2700.762000000000171, 1, , , 2700.762000000000171, 0
, , 2700.7680000000000291, 0, , , 2700.7680000000000291, 1, , , 2700.7680000000000291, 1, , , 2700.7680000000000291, 0
, , 2700.7730000000001382, 0, , , 2700.7730000000001382, 1, , , 2700.7730000000001382, 1, , , 2700.7730000000001382, 0
, , 2700.7779999999997926, 0, , , 2700.7779999999997926, 1, , , 2700.7779999999997926, 1, , , 2700.7779999999997926, 0
, , 2700.7840000000001055, 0, , , 2700.7840000000001055, 1, , , 2700.7840000000001055, 1, , , 2700.7840000000001055, 0
, , 2700.7869999999998072, 0, , , 2700.7869999999998072, 1, , , 2700.7869999999998072, 1, , , 2700.7869999999998072, 0
, , 2700.793999999999869, 0, , , 2700.793999999999869, 1, , , 2700.793999999999869, 1, , , 2700.793999999999869, 0
, , 2700.7970000000000255, 0, , , 2700.7970000000000255, 1, , , 2700.7970000000000255, 1, , , 2700.7970000000000255, 0
, , 2700.8029999999998836, 0, , , 2700.8029999999998836, 1, , , 2700.8029999999998836, 1, , , 2700.8029999999998836, 0
, , 2700.806999999999789, 0, , , 2700.806999999999789, 1, , , 2700.806999999999789, 1, , , 2700.806999999999789, 0
, , 2700.8119999999998981, 0, , , 2700.8119999999998981, 1, , , 2700.8119999999998981, 1, , , 2700.8119999999998981, 0
, , 2700.8170000000000073, 0, , , 2700.8170000000000073, 1, , , 2700.8170000000000073, 1, , , 2700.8170000000000073, 0
, , 2700.8220000000001164, 0, , , 2700.8220000000001164, 1, , , 2700.8220000000001164, 1, , , 2700.8220000000001164, 0
, , 2700.8279999999999745, 0, , , 2700.8279999999999745, 1, , , 2700.8279999999999745, 1, , , 2700.8279999999999745, 0
, , 2700.8319999999998799, 0, , , 2700.8319999999998799, 1, , , 2700.8319999999998799, 1, , , 2700.8319999999998799, 0
, , 2700.8380000000001928, 0, , , 2700.8380000000001928, 1, , , 2700.8380000000001928, 1, , , 2700.8380000000001928, 0
, , 2700.8420000000000982, 0, , , 2700.8420000000000982, 1, , , 2700.8420000000000982, 1, , , 2700.8420000000000982, 0
, , 2700.8470000000002074, 0, , , 2700.8470000000002074, 1, , , 2700.8470000000002074, 1, , , 2700.8470000000002074, 0
, , 2700.8519999999998618, 0, , , 2700.8519999999998618, 1, , , 2700.8519999999998618, 1, , , 2700.8519999999998618, 0
, , 2700.8569999999999709, 0, , , 2700.8569999999999709, 1, , , 2700.8569999999999709, 1, , , 2700.8569999999999709, 0
, , 2700.862999999999829, 1, , , 2700.862999999999829, 1, , , 2700.862999999999829, 1, , , 2700.862999999999829, 1
, , 2700.8670000000001892, 1, , , 2700.8670000000001892, 1, , , 2700.8670000000001892, 1, , , 2700.8670000000001892, 1
, , 2700.8719999999998436, 1, , , 2700.8719999999998436, 1, , , 2700.8719999999998436, 1, , , 2700.8719999999998436, 1
, , 2700.8780000000001564, 1, , , 2700.8780000000001564, 1, , , 2700.8780000000001564, 1, , , 2700.8780000000001564, 1
, , 2700.8820000000000618, 1, , , 2700.8820000000000618, 1, , , 2700.8820000000000618, 1, , , 2700.8820000000000618, 1
, , 2700.887000000000171, 1, , , 2700.887000000000171, 1, , , 2700.887000000000171, 1, , , 2700.887000000000171, 1
, , 2700.8919999999998254, 1, , , 2700.8919999999998254, 1, , , 2700.8919999999998254, 1, , , 2700.8919999999998254, 1
, , 2700.9000000000000909, 1, , , 2700.9000000000000909, 1, , , 2700.9000000000000909, 1, , , 2700.9000000000000909, 1
, , 2700.9020000000000437, 1, , , 2700.9020000000000437, 1, , , 2700.9020000000000437, 1, , , 2700.9020000000000437, 1
, , 2700.9070000000001528, 1, , , 2700.9070000000001528, 1, , , 2700.9070000000001528, 1, , , 2700.9070000000001528, 1
, , 2700.9119999999998072, 1, , , 2700.9119999999998072, 1, , , 2700.9119999999998072, 1, , , 2700.9119999999998072, 1
, , 2700.9180000000001201, 1, , , 2700.9180000000001201, 1, , , 2700.9180000000001201, 1, , , 2700.9180000000001201, 1
, , 2700.9220000000000255, 1, , , 2700.9220000000000255, 1, , , 2700.9220000000000255, 1, , , 2700.9220000000000255, 1
, , 2700.9270000000001346, 1, , , 2700.9270000000001346, 1, , , 2700.9270000000001346, 1, , , 2700.9270000000001346, 1
, , 2700.931999999999789, 1, , , 2700.931999999999789, 1, , , 2700.931999999999789, 1, , , 2700.931999999999789, 1
, , 2700.9369999999998981, 1, , , 2700.9369999999998981, 0, , , 2700.9369999999998981, 0, , , 2700.9369999999998981, 1
, , 2700.943000000000211, 1, , , 2700.943000000000211, 0, , , 2700.943000000000211, 0, , , 2700.943000000000211, 1
, , 2700.9470000000001164, 1, , , 2700.9470000000001164, 0, , , 2700.9470000000001164, 0, , , 2700.9470000000001164, 1
, , 2700.9520000000002256, 1, , , 2700.9520000000002256, 0, , , 2700.9520000000002256, 0, , , 2700.9520000000002256, 1
, , 2700.9580000000000837, 1, , , 2700.9580000000000837, 0, , , 2700.9580000000000837, 0, , , 2700.9580000000000837, 1
, , 2700.9619999999999891, 1, , , 2700.9619999999999891, 0, , , 2700.9619999999999891, 0, , , 2700.9619999999999891, 1
, , 2700.9670000000000982, 1, , , 2700.9670000000000982, 0, , , 2700.9670000000000982, 0, , , 2700.9670000000000982, 1
, , 2700.9720000000002074, 1, , , 2700.9720000000002074, 0, , , 2700.9720000000002074, 0, , , 2700.9720000000002074, 1
, , 2700.9780000000000655, 1, , , 2700.9780000000000655, 0, , , 2700.9780000000000655, 0, , , 2700.9780000000000655, 1
, , 2700.9819999999999709, 1, , , 2700.9819999999999709, 0, , , 2700.9819999999999709, 0, , , 2700.9819999999999709, 1
, , 2700.98700000000008, 1, , , 2700.98700000000008, 0, , , 2700.98700000000008, 0, , , 2700.98700000000008, 1
, , 2700.9920000000001892, 1, , , 2700.9920000000001892, 0, , , 2700.9920000000001892, 0, , , 2700.9920000000001892, 1
, , 2700.9969999999998436, 1, , , 2700.9969999999998436, 0, , , 2700.9969999999998436, 0, , , 2700.9969999999998436, 1
, , 2701.0019999999999527, 1, , , 2701.0019999999999527, 0, , , 2701.0019999999999527, 0, , , 2701.0019999999999527, 1
, , 2701.0070000000000618, 1, , , 2701.0070000000000618, 0, , , 2701.0070000000000618, 0, , , 2701.0070000000000618, 1
, , 2701.012000000000171, 1, , , 2701.012000000000171, 0, , , 2701.012000000000171, 0, , , 2701.012000000000171, 1
, , 2701.0169999999998254, 1, , , 2701.0169999999998254, 0, , , 2701.0169999999998254, 0, , , 2701.0169999999998254, 1
, , 2701.0219999999999345, 1, , , 2701.0219999999999345, 0, , , 2701.0219999999999345, 0, , , 2701.0219999999999345, 1
, , 2701.0270000000000437, 1, , , 2701.0270000000000437, 0, , , 2701.0270000000000437, 0, , , 2701.0270000000000437, 1
, , 2701.0329999999999018, 1, , , 2701.0329999999999018, 0, , , 2701.0329999999999018, 0, , , 2701.0329999999999018, 1
, , 2701.0369999999998072, 1, , , 2701.0369999999998072, 0, , , 2701.0369999999998072, 0, , , 2701.0369999999998072, 1
, , 2701.0419999999999163, 1, , , 2701.0419999999999163, 0, , , 2701.0419999999999163, 0, , , 2701.0419999999999163, 1
, , 2701.0479999999997744, 1, , , 2701.0479999999997744, 0, , , 2701.0479999999997744, 0, , , 2701.0479999999997744, 1
, , 2701.0520000000001346, 1, , , 2701.0520000000001346, 0, , , 2701.0520000000001346, 0, , , 2701.0520000000001346, 1
, , 2701.056999999999789, 1, , , 2701.056999999999789, 0, , , 2701.056999999999789, 0, , , 2701.056999999999789, 1
, , 2701.0619999999998981, 1, , , 2701.0619999999998981, 0, , , 2701.0619999999998981, 0, , , 2701.0619999999998981, 1
, , 2701.0670000000000073, 1, , , 2701.0670000000000073, 0, , , 2701.0670000000000073, 0, , , 2701.0670000000000073, 1
, , 2701.0720000000001164, 1, , , 2701.0720000000001164, 0, , , 2701.0720000000001164, 0, , , 2701.0720000000001164, 1
, , 2701.0779999999999745, 1, , , 2701.0779999999999745, 0, , , 2701.0779999999999745, 0, , , 2701.0779999999999745, 1
, , 2701.0819999999998799, 1, , , 2701.0819999999998799, 0, , , 2701.0819999999998799, 0, , , 2701.0819999999998799, 1
, , 2701.0869999999999891, 1, , , 2701.0869999999999891, 0, , , 2701.0869999999999891, 0, , , 2701.0869999999999891, 1
, , 2701.0920000000000982, 1, , , 2701.0920000000000982, 0, , , 2701.0920000000000982, 0, , , 2701.0920000000000982, 1
, , 2701.0970000000002074, 1, , , 2701.0970000000002074, 0, , , 2701.0970000000002074, 0, , , 2701.0970000000002074, 1
, , 2701.1019999999998618, 1, , , 2701.1019999999998618, 0, , , 2701.1019999999998618, 0, , , 2701.1019999999998618, 1
, , 2701.1080000000001746, 1, , , 2701.1080000000001746, 0, , , 2701.1080000000001746, 0, , , 2701.1080000000001746, 1
, , 2701.112999999999829, 1, , , 2701.112999999999829, 0, , , 2701.112999999999829, 0, , , 2701.112999999999829, 1
, , 2701.1170000000001892, 1, , , 2701.1170000000001892, 0, , , 2701.1170000000001892, 0, , , 2701.1170000000001892, 1
, , 2701.1219999999998436, 1, , , 2701.1219999999998436, 0, , , 2701.1219999999998436, 0, , , 2701.1219999999998436, 1
, , 2701.1289999999999054, 1, , , 2701.1289999999999054, 0, , , 2701.1289999999999054, 0, , , 2701.1289999999999054, 1
, , 2701.1320000000000618, 1, , , 2701.1320000000000618, 0, , , 2701.1320000000000618, 0, , , 2701.1320000000000618, 1
, , 2701.13799999999992, 1, , , 2701.13799999999992, 0, , , 2701.13799999999992, 0, , , 2701.13799999999992, 1
, , 2701.1419999999998254, 1, , , 2701.1419999999998254, 0, , , 2701.1419999999998254, 0, , , 2701.1419999999998254, 1
, , 2701.1480000000001382, 1, , , 2701.1480000000001382, 0, , , 2701.1480000000001382, 0, , , 2701.1480000000001382, 1
, , 2701.1520000000000437, 1, , , 2701.1520000000000437, 0, , , 2701.1520000000000437, 0, , , 2701.1520000000000437, 1
, , 2701.1570000000001528, 1, , , 2701.1570000000001528, 0, , , 2701.1570000000001528, 0, , , 2701.1570000000001528, 1
, , 2701.1619999999998072, 1, , , 2701.1619999999998072, 0, , , 2701.1619999999998072, 0, , , 2701.1619999999998072, 1
, , 2701.1680000000001201, 1, , , 2701.1680000000001201, 0, , , 2701.1680000000001201, 0, , , 2701.1680000000001201, 1
, , 2701.1720000000000255, 1, , , 2701.1720000000000255, 0, , , 2701.1720000000000255, 0, , , 2701.1720000000000255, 1
, , 2701.1770000000001346, 1, , , 2701.1770000000001346, 0, , , 2701.1770000000001346, 0, , , 2701.1770000000001346, 1
, , 2701.181999999999789, 1, , , 2701.181999999999789, 0, , , 2701.181999999999789, 0, , , 2701.181999999999789, 1
, , 2701.1869999999998981, 1, , , 2701.1869999999998981, 1, , , 2701.1869999999998981, 1, , , 2701.1869999999998981, 1
, , 2701.1920000000000073, 1, , , 2701.1920000000000073, 1, , , 2701.1920000000000073, 1, , , 2701.1920000000000073, 1
, , 2701.1979999999998654, 1, , , 2701.1979999999998654, 1, , , 2701.1979999999998654, 1, , , 2701.1979999999998654, 1
, , 2701.2020000000002256, 1, , , 2701.2020000000002256, 1, , , 2701.2020000000002256, 1, , , 2701.2020000000002256, 1
, , 2701.2069999999998799, 1, , , 2701.2069999999998799, 1, , , 2701.2069999999998799, 1, , , 2701.2069999999998799, 1
, , 2701.2119999999999891, 1, , , 2701.2119999999999891, 1, , , 2701.2119999999999891, 1, , , 2701.2119999999999891, 1
, , 2701.2170000000000982, 1, , , 2701.2170000000000982, 1, , , 2701.2170000000000982, 1, , , 2701.2170000000000982, 1
, , 2701.2220000000002074, 1, , , 2701.2220000000002074, 1, , , 2701.2220000000002074, 1, , , 2701.2220000000002074, 1
, , 2701.2269999999998618, 1, , , 2701.2269999999998618, 1, , , 2701.2269999999998618, 1, , , 2701.2269999999998618, 1
, , 2701.2319999999999709, 1, , , 2701.2319999999999709, 1, , , 2701.2319999999999709, 1, , , 2701.2319999999999709, 1
, , 2701.2359999999998763, 1, , , 2701.2359999999998763, 1, , , 2701.2359999999998763, 1, , , 2701.2359999999998763, 1
, , 2701.2420000000001892, 1, , , 2701.2420000000001892, 1, , , 2701.2420000000001892, 1, , , 2701.2420000000001892, 1
, , 2701.2469999999998436, 1, , , 2701.2469999999998436, 1, , , 2701.2469999999998436, 1, , , 2701.2469999999998436, 1
, , 2701.2519999999999527, 1, , , 2701.2519999999999527, 1, , , 2701.2519999999999527, 1, , , 2701.2519999999999527, 1
, , 2701.2579999999998108, 1, , , 2701.2579999999998108, 1, , , 2701.2579999999998108, 1, , , 2701.2579999999998108, 1
, , 2701.26299999999992, 0, , , 2701.26299999999992, 1, , , 2701.26299999999992, 1, , , 2701.26299999999992, 0
, , 2701.2669999999998254, 0, , , 2701.2669999999998254, 1, , , 2701.2669999999998254, 1, , , 2701.2669999999998254, 0
, , 2701.2719999999999345, 0, , , 2701.2719999999999345, 1, , , 2701.2719999999999345, 1, , , 2701.2719999999999345, 0
, , 2701.2779999999997926, 0, , , 2701.2779999999997926, 1, , , 2701.2779999999997926, 1, , , 2701.2779999999997926, 0
, , 2701.2829999999999018, 0, , , 2701.2829999999999018, 1, , , 2701.2829999999999018, 1, , , 2701.2829999999999018, 0
, , 2701.2869999999998072, 0, , , 2701.2869999999998072, 1, , , 2701.2869999999998072, 1, , , 2701.2869999999998072, 0
, , 2701.2919999999999163, 0, , , 2701.2919999999999163, 1, , , 2701.2919999999999163, 1, , , 2701.2919999999999163, 0
, , 2701.2970000000000255, 0, , , 2701.2970000000000255, 1, , , 2701.2970000000000255, 1, , , 2701.2970000000000255, 0
, , 2701.3020000000001346, 0, , , 2701.3020000000001346, 1, , , 2701.3020000000001346, 1, , , 2701.3020000000001346, 0
, , 2701.3079999999999927, 0, , , 2701.3079999999999927, 1, , , 2701.3079999999999927, 1, , , 2701.3079999999999927, 0
, , 2701.3119999999998981, 0, , , 2701.3119999999998981, 1, , , 2701.3119999999998981, 1, , , 2701.3119999999998981, 0
, , 2701.3170000000000073, 0, , , 2701.3170000000000073, 1, , , 2701.3170000000000073, 1, , , 2701.3170000000000073, 0
, , 2701.3209999999999127, 0, , , 2701.3209999999999127, 1, , , 2701.3209999999999127, 1, , , 2701.3209999999999127, 0
, , 2701.3270000000002256, 0, , , 2701.3270000000002256, 1, , , 2701.3270000000002256, 1, , , 2701.3270000000002256, 0
, , 2701.3319999999998799, 0, , , 2701.3319999999998799, 1, , , 2701.3319999999998799, 1, , , 2701.3319999999998799, 0
, , 2701.3380000000001928, 0, , , 2701.3380000000001928, 1, , , 2701.3380000000001928, 1, , , 2701.3380000000001928, 0
, , 2701.3449999999997999, 0, , , 2701.3449999999997999, 1, , , 2701.3449999999997999, 1, , , 2701.3449999999997999, 0
, , 2701.3470000000002074, 0, , , 2701.3470000000002074, 1, , , 2701.3470000000002074, 1, , , 2701.3470000000002074, 0
, , 2701.3519999999998618, 0, , , 2701.3519999999998618, 1, , , 2701.3519999999998618, 1, , , 2701.3519999999998618, 0
, , 2701.3569999999999709, 0, , , 2701.3569999999999709, 1, , , 2701.3569999999999709, 1, , , 2701.3569999999999709, 0
, , 2701.362999999999829, 0, , , 2701.362999999999829, 1, , , 2701.362999999999829, 1, , , 2701.362999999999829, 0
, , 2701.3679999999999382, 0, , , 2701.3679999999999382, 1, , , 2701.3679999999999382, 1, , , 2701.3679999999999382, 0
, , 2701.3719999999998436, 0, , , 2701.3719999999998436, 1, , , 2701.3719999999998436, 1, , , 2701.3719999999998436, 0
, , 2701.3769999999999527, 0, , , 2701.3769999999999527, 1, , , 2701.3769999999999527, 1, , , 2701.3769999999999527, 0
, , 2701.3820000000000618, 0, , , 2701.3820000000000618, 1, , , 2701.3820000000000618, 1, , , 2701.3820000000000618, 0
, , 2701.387000000000171, 0, , , 2701.387000000000171, 1, , , 2701.387000000000171, 1, , , 2701.387000000000171, 0
, , 2701.3939999999997781, 0, , , 2701.3939999999997781, 1, , , 2701.3939999999997781, 1, , , 2701.3939999999997781, 0
, , 2701.3980000000001382, 0, , , 2701.3980000000001382, 1, , , 2701.3980000000001382, 1, , , 2701.3980000000001382, 0
, , 2701.4029999999997926, 0, , , 2701.4029999999997926, 1, , , 2701.4029999999997926, 1, , , 2701.4029999999997926, 0
, , 2701.4079999999999018, 0, , , 2701.4079999999999018, 1, , , 2701.4079999999999018, 1, , , 2701.4079999999999018, 0
, , 2701.4119999999998072, 0, , , 2701.4119999999998072, 1, , , 2701.4119999999998072, 1, , , 2701.4119999999998072, 0
, , 2701.4160000000001673, 0, , , 2701.4160000000001673, 1, , , 2701.4160000000001673, 1, , , 2701.4160000000001673, 0
, , 2701.4220000000000255, 0, , , 2701.4220000000000255, 1, , , 2701.4220000000000255, 1, , , 2701.4220000000000255, 0
, , 2701.4259999999999309, 0, , , 2701.4259999999999309, 1, , , 2701.4259999999999309, 1, , , 2701.4259999999999309, 0
, , 2701.4329999999999927, 0, , , 2701.4329999999999927, 1, , , 2701.4329999999999927, 1, , , 2701.4329999999999927, 0
, , 2701.4369999999998981, 0, , , 2701.4369999999998981, 1, , , 2701.4369999999998981, 1, , , 2701.4369999999998981, 0
, , 2701.4420000000000073, 0, , , 2701.4420000000000073, 1, , , 2701.4420000000000073, 1, , , 2701.4420000000000073, 0
, , 2701.4470000000001164, 0, , , 2701.4470000000001164, 1, , , 2701.4470000000001164, 1, , , 2701.4470000000001164, 0
, , 2701.4520000000002256, 0, , , 2701.4520000000002256, 1, , , 2701.4520000000002256, 1, , , 2701.4520000000002256, 0
, , 2701.4580000000000837, 0, , , 2701.4580000000000837, 1, , , 2701.4580000000000837, 1, , , 2701.4580000000000837, 0
, , 2701.4619999999999891, 0, , , 2701.4619999999999891, 1, , , 2701.4619999999999891, 1, , , 2701.4619999999999891, 0
, , 2701.4670000000000982, 0, , , 2701.4670000000000982, 1, , , 2701.4670000000000982, 1, , , 2701.4670000000000982, 0
, , 2701.4729999999999563, 0, , , 2701.4729999999999563, 1, , , 2701.4729999999999563, 1, , , 2701.4729999999999563, 0
, , 2701.4769999999998618, 0, , , 2701.4769999999998618, 1, , , 2701.4769999999998618, 1, , , 2701.4769999999998618, 0
, , 2701.4819999999999709, 0, , , 2701.4819999999999709, 1, , , 2701.4819999999999709, 1, , , 2701.4819999999999709, 0
, , 2701.4859999999998763, 0, , , 2701.4859999999998763, 1, , , 2701.4859999999998763, 1, , , 2701.4859999999998763, 0
, , 2701.4920000000001892, 0, , , 2701.4920000000001892, 1, , , 2701.4920000000001892, 1, , , 2701.4920000000001892, 0
, , 2701.4969999999998436, 0, , , 2701.4969999999998436, 1, , , 2701.4969999999998436, 1, , , 2701.4969999999998436, 0
, , 2701.5030000000001564, 0, , , 2701.5030000000001564, 1, , , 2701.5030000000001564, 1, , , 2701.5030000000001564, 0
, , 2701.5070000000000618, 0, , , 2701.5070000000000618, 1, , , 2701.5070000000000618, 1, , , 2701.5070000000000618, 0
, , 2701.512000000000171, 1, , , 2701.512000000000171, 1, , , 2701.512000000000171, 1, , , 2701.512000000000171, 1
, , 2701.5149999999998727, 1, , , 2701.5149999999998727, 1, , , 2701.5149999999998727, 1, , , 2701.5149999999998727, 1
, , 2701.5230000000001382, 1, , , 2701.5230000000001382, 1, , , 2701.5230000000001382, 1, , , 2701.5230000000001382, 1
, , 2701.5279999999997926, 1, , , 2701.5279999999997926, 1, , , 2701.5279999999997926, 1, , , 2701.5279999999997926, 1
, , 2701.5329999999999018, 1, , , 2701.5329999999999018, 1, , , 2701.5329999999999018, 1, , , 2701.5329999999999018, 1
, , 2701.5369999999998072, 1, , , 2701.5369999999998072, 1, , , 2701.5369999999998072, 1, , , 2701.5369999999998072, 1
, , 2701.5419999999999163, 1, , , 2701.5419999999999163, 1, , , 2701.5419999999999163, 1, , , 2701.5419999999999163, 1
, , 2701.5470000000000255, 1, , , 2701.5470000000000255, 1, , , 2701.5470000000000255, 1, , , 2701.5470000000000255, 1
, , 2701.5520000000001346, 1, , , 2701.5520000000001346, 1, , , 2701.5520000000001346, 1, , , 2701.5520000000001346, 1
, , 2701.5579999999999927, 1, , , 2701.5579999999999927, 1, , , 2701.5579999999999927, 1, , , 2701.5579999999999927, 1
, , 2701.5619999999998981, 1, , , 2701.5619999999998981, 1, , , 2701.5619999999998981, 1, , , 2701.5619999999998981, 1
, , 2701.5670000000000073, 1, , , 2701.5670000000000073, 1, , , 2701.5670000000000073, 1, , , 2701.5670000000000073, 1
, , 2701.5729999999998654, 1, , , 2701.5729999999998654, 1, , , 2701.5729999999998654, 1, , , 2701.5729999999998654, 1
, , 2701.5779999999999745, 1, , , 2701.5779999999999745, 1, , , 2701.5779999999999745, 1, , , 2701.5779999999999745, 1
, , 2701.5819999999998799, 1, , , 2701.5819999999998799, 1, , , 2701.5819999999998799, 1, , , 2701.5819999999998799, 1
, , 2701.5869999999999891, 1, , , 2701.5869999999999891, 0, , , 2701.5869999999999891, 0, , , 2701.5869999999999891, 1
, , 2701.5920000000000982, 1, , , 2701.5920000000000982, 0, , , 2701.5920000000000982, 0, , , 2701.5920000000000982, 1
, , 2701.5970000000002074, 1, , , 2701.5970000000002074, 0, , , 2701.5970000000002074, 0, , , 2701.5970000000002074, 1
, , 2701.6019999999998618, 1, , , 2701.6019999999998618, 0, , , 2701.6019999999998618, 0, , , 2701.6019999999998618, 1
, , 2701.6080000000001746, 1, , , 2701.6080000000001746, 0, , , 2701.6080000000001746, 0, , , 2701.6080000000001746, 1
, , 2701.61200000000008, 1, , , 2701.61200000000008, 0, , , 2701.61200000000008, 0, , , 2701.61200000000008, 1
, , 2701.6190000000001419, 1, , , 2701.6190000000001419, 0, , , 2701.6190000000001419, 0, , , 2701.6190000000001419, 1
, , 2701.6219999999998436, 1, , , 2701.6219999999998436, 0, , , 2701.6219999999998436, 0, , , 2701.6219999999998436, 1
, , 2701.6289999999999054, 1, , , 2701.6289999999999054, 0, , , 2701.6289999999999054, 0, , , 2701.6289999999999054, 1
, , 2701.6320000000000618, 1, , , 2701.6320000000000618, 0, , , 2701.6320000000000618, 0, , , 2701.6320000000000618, 1
, , 2701.637000000000171, 1, , , 2701.637000000000171, 0, , , 2701.637000000000171, 0, , , 2701.637000000000171, 1
, , 2701.6430000000000291, 1, , , 2701.6430000000000291, 0, , , 2701.6430000000000291, 0, , , 2701.6430000000000291, 1
, , 2701.6480000000001382, 1, , , 2701.6480000000001382, 0, , , 2701.6480000000001382, 0, , , 2701.6480000000001382, 1
, , 2701.6520000000000437, 1, , , 2701.6520000000000437, 0, , , 2701.6520000000000437, 0, , , 2701.6520000000000437, 1
, , 2701.6570000000001528, 1, , , 2701.6570000000001528, 0, , , 2701.6570000000001528, 0, , , 2701.6570000000001528, 1
, , 2701.6619999999998072, 1, , , 2701.6619999999998072, 0, , , 2701.6619999999998072, 0, , , 2701.6619999999998072, 1
, , 2701.6669999999999163, 1, , , 2701.6669999999999163, 0, , , 2701.6669999999999163, 0, , , 2701.6669999999999163, 1
, , 2701.6720000000000255, 1, , , 2701.6720000000000255, 0, , , 2701.6720000000000255, 0, , , 2701.6720000000000255, 1
, , 2701.6770000000001346, 1, , , 2701.6770000000001346, 0, , , 2701.6770000000001346, 0, , , 2701.6770000000001346, 1
, , 2701.681999999999789, 1, , , 2701.681999999999789, 0, , , 2701.681999999999789, 0, , , 2701.681999999999789, 1
, , 2701.6869999999998981, 1, , , 2701.6869999999998981, 0, , , 2701.6869999999998981, 0, , , 2701.6869999999998981, 1
, , 2701.6920000000000073, 1, , , 2701.6920000000000073, 0, , , 2701.6920000000000073, 0, , , 2701.6920000000000073, 1
, , 2701.6999999999998181, 1, , , 2701.6999999999998181, 0, , , 2701.6999999999998181, 0, , , 2701.6999999999998181, 1
, , 2701.7020000000002256, 1, , , 2701.7020000000002256, 0, , , 2701.7020000000002256, 0, , , 2701.7020000000002256, 1
, , 2701.7069999999998799, 1, , , 2701.7069999999998799, 0, , , 2701.7069999999998799, 0, , , 2701.7069999999998799, 1
, , 2701.7119999999999891, 1, , , 2701.7119999999999891, 0, , , 2701.7119999999999891, 0, , , 2701.7119999999999891, 1
, , 2701.7170000000000982, 1, , , 2701.7170000000000982, 0, , , 2701.7170000000000982, 0, , , 2701.7170000000000982, 1
, , 2701.7229999999999563, 1, , , 2701.7229999999999563, 0, , , 2701.7229999999999563, 0, , , 2701.7229999999999563, 1
, , 2701.7269999999998618, 1, , , 2701.7269999999998618, 0, , , 2701.7269999999998618, 0, , , 2701.7269999999998618, 1
, , 2701.7319999999999709, 1, , , 2701.7319999999999709, 0, , , 2701.7319999999999709, 0, , , 2701.7319999999999709, 1
, , 2701.737999999999829, 1, , , 2701.737999999999829, 0, , , 2701.737999999999829, 0, , , 2701.737999999999829, 1
, , 2701.7420000000001892, 1, , , 2701.7420000000001892, 0, , , 2701.7420000000001892, 0, , , 2701.7420000000001892, 1
, , 2701.7469999999998436, 1, , , 2701.7469999999998436, 0, , , 2701.7469999999998436, 0, , , 2701.7469999999998436, 1
, , 2701.7559999999998581, 1, , , 2701.7559999999998581, 0, , , 2701.7559999999998581, 0, , , 2701.7559999999998581, 1
, , 2701.7570000000000618, 1, , , 2701.7570000000000618, 0, , , 2701.7570000000000618, 0, , , 2701.7570000000000618, 1
, , 2701.762000000000171, 1, , , 2701.762000000000171, 0, , , 2701.762000000000171, 0, , , 2701.762000000000171, 1
, , 2701.7680000000000291, 1, , , 2701.7680000000000291, 0, , , 2701.7680000000000291, 0, , , 2701.7680000000000291, 1
, , 2701.7719999999999345, 1, , , 2701.7719999999999345, 0, , , 2701.7719999999999345, 0, , , 2701.7719999999999345, 1
, , 2701.7779999999997926, 1, , , 2701.7779999999997926, 0, , , 2701.7779999999997926, 0, , , 2701.7779999999997926, 1
, , 2701.7820000000001528, 1, , , 2701.7820000000001528, 0, , , 2701.7820000000001528, 0, , , 2701.7820000000001528, 1
, , 2701.7869999999998072, 1, , , 2701.7869999999998072, 0, , , 2701.7869999999998072, 0, , , 2701.7869999999998072, 1
, , 2701.7919999999999163, 1, , , 2701.7919999999999163, 0, , , 2701.7919999999999163, 0, , , 2701.7919999999999163, 1
, , 2701.7979999999997744, 1, , , 2701.7979999999997744, 0, , , 2701.7979999999997744, 0, , , 2701.7979999999997744, 1
, , 2701.8020000000001346, 1, , , 2701.8020000000001346, 0, , , 2701.8020000000001346, 0, , , 2701.8020000000001346, 1
, , 2701.806999999999789, 1, , , 2701.806999999999789, 0, , , 2701.806999999999789, 0, , , 2701.806999999999789, 1
, , 2701.8119999999998981, 1, , , 2701.8119999999998981, 0, , , 2701.8119999999998981, 0, , , 2701.8119999999998981, 1
, , 2701.8170000000000073, 1, , , 2701.8170000000000073, 0, , , 2701.8170000000000073, 0, , , 2701.8170000000000073, 1
, , 2701.8220000000001164, 1, , , 2701.8220000000001164, 0, , , 2701.8220000000001164, 0, , , 2701.8220000000001164, 1
, , 2701.8270000000002256, 1, , , 2701.8270000000002256, 0, , , 2701.8270000000002256, 0, , , 2701.8270000000002256, 1
, , 2701.8319999999998799, 1, , , 2701.8319999999998799, 0, , , 2701.8319999999998799, 0, , , 2701.8319999999998799, 1
, , 2701.8369999999999891, 1, , , 2701.8369999999999891, 1, , , 2701.8369999999999891, 1, , , 2701.8369999999999891, 1
, , 2701.8420000000000982, 1, , , 2701.8420000000000982, 1, , , 2701.8420000000000982, 1, , , 2701.8420000000000982, 1
, , 2701.8470000000002074, 1, , , 2701.8470000000002074, 1, , , 2701.8470000000002074, 1, , , 2701.8470000000002074, 1
, , 2701.8519999999998618, 1, , , 2701.8519999999998618, 1, , , 2701.8519999999998618, 1, , , 2701.8519999999998618, 1
, , 2701.8569999999999709, 1, , , 2701.8569999999999709, 1, , , 2701.8569999999999709, 1, , , 2701.8569999999999709, 1
, , 2701.86200000000008, 1, , , 2701.86200000000008, 1, , , 2701.86200000000008, 1, , , 2701.86200000000008, 1
, , 2701.8670000000001892, 1, , , 2701.8670000000001892, 1, , , 2701.8670000000001892, 1, , , 2701.8670000000001892, 1
, , 2701.8730000000000473, 1, , , 2701.8730000000000473, 1, , , 2701.8730000000000473, 1, , , 2701.8730000000000473, 1
, , 2701.8780000000001564, 1, , , 2701.8780000000001564, 1, , , 2701.8780000000001564, 1, , , 2701.8780000000001564, 1
, , 2701.8820000000000618, 1, , , 2701.8820000000000618, 1, , , 2701.8820000000000618, 1, , , 2701.8820000000000618, 1
, , 2701.887000000000171, 1, , , 2701.887000000000171, 1, , , 2701.887000000000171, 1, , , 2701.887000000000171, 1
, , 2701.8919999999998254, 1, , , 2701.8919999999998254, 1, , , 2701.8919999999998254, 1, , , 2701.8919999999998254, 1
, , 2701.8969999999999345, 1, , , 2701.8969999999999345, 1, , , 2701.8969999999999345, 1, , , 2701.8969999999999345, 1
, , 2701.9020000000000437, 1, , , 2701.9020000000000437, 1, , , 2701.9020000000000437, 1, , , 2701.9020000000000437, 1
, , 2701.9079999999999018, 0, , , 2701.9079999999999018, 1, , , 2701.9079999999999018, 1, , , 2701.9079999999999018, 0
, , 2701.9119999999998072, 0, , , 2701.9119999999998072, 1, , , 2701.9119999999998072, 1, , , 2701.9119999999998072, 0
, , 2701.9169999999999163, 0, , , 2701.9169999999999163, 1, , , 2701.9169999999999163, 1, , , 2701.9169999999999163, 0
, , 2701.9220000000000255, 0, , , 2701.9220000000000255, 1, , , 2701.9220000000000255, 1, , , 2701.9220000000000255, 0
, , 2701.9270000000001346, 0, , , 2701.9270000000001346, 1, , , 2701.9270000000001346, 1, , , 2701.9270000000001346, 0
, , 2701.9329999999999927, 0, , , 2701.9329999999999927, 1, , , 2701.9329999999999927, 1, , , 2701.9329999999999927, 0
, , 2701.9369999999998981, 0, , , 2701.9369999999998981, 1, , , 2701.9369999999998981, 1, , , 2701.9369999999998981, 0
, , 2701.943000000000211, 0, , , 2701.943000000000211, 1, , , 2701.943000000000211, 1, , , 2701.943000000000211, 0
, , 2701.9470000000001164, 0, , , 2701.9470000000001164, 1, , , 2701.9470000000001164, 1, , , 2701.9470000000001164, 0
, , 2701.9520000000002256, 0, , , 2701.9520000000002256, 1, , , 2701.9520000000002256, 1, , , 2701.9520000000002256, 0
, , 2701.9569999999998799, 0, , , 2701.9569999999998799, 1, , , 2701.9569999999998799, 1, , , 2701.9569999999998799, 0
, , 2701.9609999999997854, 0, , , 2701.9609999999997854, 1, , , 2701.9609999999997854, 1, , , 2701.9609999999997854, 0
, , 2701.9679999999998472, 0, , , 2701.9679999999998472, 1, , , 2701.9679999999998472, 1, , , 2701.9679999999998472, 0
, , 2701.9729999999999563, 0, , , 2701.9729999999999563, 1, , , 2701.9729999999999563, 1, , , 2701.9729999999999563, 0
, , 2701.9769999999998618, 0, , , 2701.9769999999998618, 1, , , 2701.9769999999998618, 1, , , 2701.9769999999998618, 0
, , 2701.9830000000001746, 0, , , 2701.9830000000001746, 1, , , 2701.9830000000001746, 1, , , 2701.9830000000001746, 0
, , 2701.987999999999829, 0, , , 2701.987999999999829, 1, , , 2701.987999999999829, 1, , , 2701.987999999999829, 0
, , 2701.9920000000001892, 0, , , 2701.9920000000001892, 1, , , 2701.9920000000001892, 1, , , 2701.9920000000001892, 0
, , 2701.9969999999998436, 0, , , 2701.9969999999998436, 1, , , 2701.9969999999998436, 1, , , 2701.9969999999998436, 0
, , 2702.0030000000001564, 0, , , 2702.0030000000001564, 1, , , 2702.0030000000001564, 1, , , 2702.0030000000001564, 0
, , 2702.0070000000000618, 0, , , 2702.0070000000000618, 1, , , 2702.0070000000000618, 1, , , 2702.0070000000000618, 0
, , 2702.012000000000171, 0, , , 2702.012000000000171, 1, , , 2702.012000000000171, 1, , , 2702.012000000000171, 0
, , 2702.0169999999998254, 0, , , 2702.0169999999998254, 1, , , 2702.0169999999998254, 1, , , 2702.0169999999998254, 0
, , 2702.0219999999999345, 0, , , 2702.0219999999999345, 1, , , 2702.0219999999999345, 1, , , 2702.0219999999999345, 0
, , 2702.0279999999997926, 0, , , 2702.0279999999997926, 1, , , 2702.0279999999997926, 1, , , 2702.0279999999997926, 0
, , 2702.0320000000001528, 0, , , 2702.0320000000001528, 1, , , 2702.0320000000001528, 1, , , 2702.0320000000001528, 0
, , 2702.0380000000000109, 0, , , 2702.0380000000000109, 1, , , 2702.0380000000000109, 1, , , 2702.0380000000000109, 0
, , 2702.0419999999999163, 0, , , 2702.0419999999999163, 1, , , 2702.0419999999999163, 1, , , 2702.0419999999999163, 0
, , 2702.0470000000000255, 0, , , 2702.0470000000000255, 1, , , 2702.0470000000000255, 1, , , 2702.0470000000000255, 0
, , 2702.0529999999998836, 0, , , 2702.0529999999998836, 1, , , 2702.0529999999998836, 1, , , 2702.0529999999998836, 0
, , 2702.056999999999789, 0, , , 2702.056999999999789, 1, , , 2702.056999999999789, 1, , , 2702.056999999999789, 0
, , 2702.0619999999998981, 0, , , 2702.0619999999998981, 1, , , 2702.0619999999998981, 1, , , 2702.0619999999998981, 0
, , 2702.0670000000000073, 0, , , 2702.0670000000000073, 1, , , 2702.0670000000000073, 1, , , 2702.0670000000000073, 0
, , 2702.0729999999998654, 0, , , 2702.0729999999998654, 1, , , 2702.0729999999998654, 1, , , 2702.0729999999998654, 0
, , 2702.0760000000000218, 0, , , 2702.0760000000000218, 1, , , 2702.0760000000000218, 1, , , 2702.0760000000000218, 0
, , 2702.0819999999998799, 0, , , 2702.0819999999998799, 1, , , 2702.0819999999998799, 1, , , 2702.0819999999998799, 0
, , 2702.0869999999999891, 0, , , 2702.0869999999999891, 1, , , 2702.0869999999999891, 1, , , 2702.0869999999999891, 0
, , 2702.0920000000000982, 0, , , 2702.0920000000000982, 1, , , 2702.0920000000000982, 1, , , 2702.0920000000000982, 0
, , 2702.0970000000002074, 0, , , 2702.0970000000002074, 1, , , 2702.0970000000002074, 1, , , 2702.0970000000002074, 0
, , 2702.1019999999998618, 0, , , 2702.1019999999998618, 1, , , 2702.1019999999998618, 1, , , 2702.1019999999998618, 0
, , 2702.1069999999999709, 0, , , 2702.1069999999999709, 1, , , 2702.1069999999999709, 1, , , 2702.1069999999999709, 0
, , 2702.112999999999829, 0, , , 2702.112999999999829, 1, , , 2702.112999999999829, 1, , , 2702.112999999999829, 0
, , 2702.1170000000001892, 0, , , 2702.1170000000001892, 1, , , 2702.1170000000001892, 1, , , 2702.1170000000001892, 0
, , 2702.1239999999997963, 0, , , 2702.1239999999997963, 1, , , 2702.1239999999997963, 1, , , 2702.1239999999997963, 0
, , 2702.1269999999999527, 0, , , 2702.1269999999999527, 1, , , 2702.1269999999999527, 1, , , 2702.1269999999999527, 0
, , 2702.1320000000000618, 0, , , 2702.1320000000000618, 1, , , 2702.1320000000000618, 1, , , 2702.1320000000000618, 0
, , 2702.137000000000171, 0, , , 2702.137000000000171, 1, , , 2702.137000000000171, 1, , , 2702.137000000000171, 0
, , 2702.1419999999998254, 0, , , 2702.1419999999998254, 1, , , 2702.1419999999998254, 1, , , 2702.1419999999998254, 0
, , 2702.1469999999999345, 0, , , 2702.1469999999999345, 1, , , 2702.1469999999999345, 1, , , 2702.1469999999999345, 0
, , 2702.1520000000000437, 0, , , 2702.1520000000000437, 1, , , 2702.1520000000000437, 1, , , 2702.1520000000000437, 0
, , 2702.1570000000001528, 0, , , 2702.1570000000001528, 1, , , 2702.1570000000001528, 1, , , 2702.1570000000001528, 0
, , 2702.1619999999998072, 1, , , 2702.1619999999998072, 1, , , 2702.1619999999998072, 1, , , 2702.1619999999998072, 1
, , 2702.1669999999999163, 1, , , 2702.1669999999999163, 1, , , 2702.1669999999999163, 1, , , 2702.1669999999999163, 1
, , 2702.1729999999997744, 1, , , 2702.1729999999997744, 1, , , 2702.1729999999997744, 1, , , 2702.1729999999997744, 1
, , 2702.1759999999999309, 1, , , 2702.1759999999999309, 1, , , 2702.1759999999999309, 1, , , 2702.1759999999999309, 1
, , 2702.181999999999789, 1, , , 2702.181999999999789, 1, , , 2702.181999999999789, 1, , , 2702.181999999999789, 1
, , 2702.1880000000001019, 1, , , 2702.1880000000001019, 1, , , 2702.1880000000001019, 1, , , 2702.1880000000001019, 1
, , 2702.193000000000211, 1, , , 2702.193000000000211, 1, , , 2702.193000000000211, 1, , , 2702.193000000000211, 1
, , 2702.1970000000001164, 1, , , 2702.1970000000001164, 1, , , 2702.1970000000001164, 1, , , 2702.1970000000001164, 1
, , 2702.2020000000002256, 1, , , 2702.2020000000002256, 1, , , 2702.2020000000002256, 1, , , 2702.2020000000002256, 1
, , 2702.2080000000000837, 1, , , 2702.2080000000000837, 1, , , 2702.2080000000000837, 1, , , 2702.2080000000000837, 1
, , 2702.2119999999999891, 1, , , 2702.2119999999999891, 1, , , 2702.2119999999999891, 1, , , 2702.2119999999999891, 1
, , 2702.2179999999998472, 1, , , 2702.2179999999998472, 1, , , 2702.2179999999998472, 1, , , 2702.2179999999998472, 1
, , 2702.2220000000002074, 1, , , 2702.2220000000002074, 1, , , 2702.2220000000002074, 1, , , 2702.2220000000002074, 1
, , 2702.2280000000000655, 1, , , 2702.2280000000000655, 1, , , 2702.2280000000000655, 1, , , 2702.2280000000000655, 1
, , 2702.2319999999999709, 1, , , 2702.2319999999999709, 1, , , 2702.2319999999999709, 1, , , 2702.2319999999999709, 1
, , 2702.23700000000008, 1, , , 2702.23700000000008, 0, , , 2702.23700000000008, 0, , , 2702.23700000000008, 1
, , 2702.2429999999999382, 1, , , 2702.2429999999999382, 0, , , 2702.2429999999999382, 0, , , 2702.2429999999999382, 1
, , 2702.2469999999998436, 1, , , 2702.2469999999998436, 0, , , 2702.2469999999998436, 0, , , 2702.2469999999998436, 1
, , 2702.2510000000002037, 1, , , 2702.2510000000002037, 0, , , 2702.2510000000002037, 0, , , 2702.2510000000002037, 1
, , 2702.2570000000000618, 1, , , 2702.2570000000000618, 0, , , 2702.2570000000000618, 0, , , 2702.2570000000000618, 1
, , 2702.262000000000171, 1, , , 2702.262000000000171, 0, , , 2702.262000000000171, 0, , , 2702.262000000000171, 1
, , 2702.2680000000000291, 1, , , 2702.2680000000000291, 0, , , 2702.2680000000000291, 0, , , 2702.2680000000000291, 1
, , 2702.2719999999999345, 1, , , 2702.2719999999999345, 0, , , 2702.2719999999999345, 0, , , 2702.2719999999999345, 1
, , 2702.2779999999997926, 1, , , 2702.2779999999997926, 0, , , 2702.2779999999997926, 0, , , 2702.2779999999997926, 1
, , 2702.2820000000001528, 1, , , 2702.2820000000001528, 0, , , 2702.2820000000001528, 0, , , 2702.2820000000001528, 1
, , 2702.2880000000000109, 1, , , 2702.2880000000000109, 0, , , 2702.2880000000000109, 0, , , 2702.2880000000000109, 1
, , 2702.2930000000001201, 1, , , 2702.2930000000001201, 0, , , 2702.2930000000001201, 0, , , 2702.2930000000001201, 1
, , 2702.2970000000000255, 1, , , 2702.2970000000000255, 0, , , 2702.2970000000000255, 0, , , 2702.2970000000000255, 1
, , 2702.3020000000001346, 1, , , 2702.3020000000001346, 0, , , 2702.3020000000001346, 0, , , 2702.3020000000001346, 1
, , 2702.3079999999999927, 1, , , 2702.3079999999999927, 0, , , 2702.3079999999999927, 0, , , 2702.3079999999999927, 1
, , 2702.3119999999998981, 1, , , 2702.3119999999998981, 0, , , 2702.3119999999998981, 0, , , 2702.3119999999998981, 1
, , 2702.3159999999998035, 1, , , 2702.3159999999998035, 0, , , 2702.3159999999998035, 0, , , 2702.3159999999998035, 1
, , 2702.3220000000001164, 1, , , 2702.3220000000001164, 0, , , 2702.3220000000001164, 0, , , 2702.3220000000001164, 1
, , 2702.3270000000002256, 1, , , 2702.3270000000002256, 0, , , 2702.3270000000002256, 0, , , 2702.3270000000002256, 1
, , 2702.3319999999998799, 1, , , 2702.3319999999998799, 0, , , 2702.3319999999998799, 0, , , 2702.3319999999998799, 1
, , 2702.3359999999997854, 1, , , 2702.3359999999997854, 0, , , 2702.3359999999997854, 0, , , 2702.3359999999997854, 1
, , 2702.3420000000000982, 1, , , 2702.3420000000000982, 0, , , 2702.3420000000000982, 0, , , 2702.3420000000000982, 1
, , 2702.3470000000002074, 1, , , 2702.3470000000002074, 0, , , 2702.3470000000002074, 0, , , 2702.3470000000002074, 1
, , 2702.3519999999998618, 1, , , 2702.3519999999998618, 0, , , 2702.3519999999998618, 0, , , 2702.3519999999998618, 1
, , 2702.3600000000001273, 1, , , 2702.3600000000001273, 0, , , 2702.3600000000001273, 0, , , 2702.3600000000001273, 1
, , 2702.36200000000008, 1, , , 2702.36200000000008, 0, , , 2702.36200000000008, 0, , , 2702.36200000000008, 1
, , 2702.3670000000001892, 1, , , 2702.3670000000001892, 0, , , 2702.3670000000001892, 0, , , 2702.3670000000001892, 1
, , 2702.3730000000000473, 1, , , 2702.3730000000000473, 0, , , 2702.3730000000000473, 0, , , 2702.3730000000000473, 1
, , 2702.3780000000001564, 1, , , 2702.3780000000001564, 0, , , 2702.3780000000001564, 0, , , 2702.3780000000001564, 1
, , 2702.3820000000000618, 1, , , 2702.3820000000000618, 0, , , 2702.3820000000000618, 0, , , 2702.3820000000000618, 1
, , 2702.387000000000171, 1, , , 2702.387000000000171, 0, , , 2702.387000000000171, 0, , , 2702.387000000000171, 1
, , 2702.3919999999998254, 1, , , 2702.3919999999998254, 0, , , 2702.3919999999998254, 0, , , 2702.3919999999998254, 1
, , 2702.3969999999999345, 1, , , 2702.3969999999999345, 0, , , 2702.3969999999999345, 0, , , 2702.3969999999999345, 1
, , 2702.4020000000000437, 1, , , 2702.4020000000000437, 0, , , 2702.4020000000000437, 0, , , 2702.4020000000000437, 1
, , 2702.4079999999999018, 1, , , 2702.4079999999999018, 0, , , 2702.4079999999999018, 0, , , 2702.4079999999999018, 1
, , 2702.4130000000000109, 1, , , 2702.4130000000000109, 0, , , 2702.4130000000000109, 0, , , 2702.4130000000000109, 1
, , 2702.4180000000001201, 1, , , 2702.4180000000001201, 0, , , 2702.4180000000001201, 0, , , 2702.4180000000001201, 1
, , 2702.4229999999997744, 1, , , 2702.4229999999997744, 0, , , 2702.4229999999997744, 0, , , 2702.4229999999997744, 1
, , 2702.4270000000001346, 1, , , 2702.4270000000001346, 0, , , 2702.4270000000001346, 0, , , 2702.4270000000001346, 1
, , 2702.4329999999999927, 1, , , 2702.4329999999999927, 0, , , 2702.4329999999999927, 0, , , 2702.4329999999999927, 1
, , 2702.4369999999998981, 1, , , 2702.4369999999998981, 0, , , 2702.4369999999998981, 0, , , 2702.4369999999998981, 1
, , 2702.4420000000000073, 1, , , 2702.4420000000000073, 0, , , 2702.4420000000000073, 0, , , 2702.4420000000000073, 1
, , 2702.4470000000001164, 1, , , 2702.4470000000001164, 0, , , 2702.4470000000001164, 0, , , 2702.4470000000001164, 1
, , 2702.4520000000002256, 1, , , 2702.4520000000002256, 0, , , 2702.4520000000002256, 0, , , 2702.4520000000002256, 1
, , 2702.4569999999998799, 1, , , 2702.4569999999998799, 0, , , 2702.4569999999998799, 0, , , 2702.4569999999998799, 1
, , 2702.4619999999999891, 1, , , 2702.4619999999999891, 0, , , 2702.4619999999999891, 0, , , 2702.4619999999999891, 1
, , 2702.4670000000000982, 1, , , 2702.4670000000000982, 0, , , 2702.4670000000000982, 0, , , 2702.4670000000000982, 1
, , 2702.4720000000002074, 1, , , 2702.4720000000002074, 0, , , 2702.4720000000002074, 0, , , 2702.4720000000002074, 1
, , 2702.4769999999998618, 1, , , 2702.4769999999998618, 0, , , 2702.4769999999998618, 0, , , 2702.4769999999998618, 1
, , 2702.4830000000001746, 1, , , 2702.4830000000001746, 0, , , 2702.4830000000001746, 0, , , 2702.4830000000001746, 1
, , 2702.487999999999829, 1, , , 2702.487999999999829, 1, , , 2702.487999999999829, 1, , , 2702.487999999999829, 1
, , 2702.4940000000001419, 1, , , 2702.4940000000001419, 1, , , 2702.4940000000001419, 1, , , 2702.4940000000001419, 1
, , 2702.4969999999998436, 1, , , 2702.4969999999998436, 1, , , 2702.4969999999998436, 1, , , 2702.4969999999998436, 1
, , 2702.5019999999999527, 1, , , 2702.5019999999999527, 1, , , 2702.5019999999999527, 1, , , 2702.5019999999999527, 1
, , 2702.5070000000000618, 1, , , 2702.5070000000000618, 1, , , 2702.5070000000000618, 1, , , 2702.5070000000000618, 1
, , 2702.512000000000171, 1, , , 2702.512000000000171, 1, , , 2702.512000000000171, 1, , , 2702.512000000000171, 1
, , 2702.5180000000000291, 1, , , 2702.5180000000000291, 1, , , 2702.5180000000000291, 1, , , 2702.5180000000000291, 1
, , 2702.5219999999999345, 1, , , 2702.5219999999999345, 1, , , 2702.5219999999999345, 1, , , 2702.5219999999999345, 1
, , 2702.5270000000000437, 1, , , 2702.5270000000000437, 1, , , 2702.5270000000000437, 1, , , 2702.5270000000000437, 1
, , 2702.5320000000001528, 1, , , 2702.5320000000001528, 1, , , 2702.5320000000001528, 1, , , 2702.5320000000001528, 1
, , 2702.5369999999998072, 1, , , 2702.5369999999998072, 1, , , 2702.5369999999998072, 1, , , 2702.5369999999998072, 1
, , 2702.5419999999999163, 1, , , 2702.5419999999999163, 1, , , 2702.5419999999999163, 1, , , 2702.5419999999999163, 1
, , 2702.5470000000000255, 1, , , 2702.5470000000000255, 1, , , 2702.5470000000000255, 1, , , 2702.5470000000000255, 1
, , 2702.5520000000001346, 1, , , 2702.5520000000001346, 1, , , 2702.5520000000001346, 1, , , 2702.5520000000001346, 1
, , 2702.556999999999789, 1, , , 2702.556999999999789, 1, , , 2702.556999999999789, 1, , , 2702.556999999999789, 1
, , 2702.5619999999998981, 0, , , 2702.5619999999998981, 1, , , 2702.5619999999998981, 1, , , 2702.5619999999998981, 0
, , 2702.5670000000000073, 0, , , 2702.5670000000000073, 1, , , 2702.5670000000000073, 1, , , 2702.5670000000000073, 0
, , 2702.5729999999998654, 0, , , 2702.5729999999998654, 1, , , 2702.5729999999998654, 1, , , 2702.5729999999998654, 0
, , 2702.5770000000002256, 0, , , 2702.5770000000002256, 1, , , 2702.5770000000002256, 1, , , 2702.5770000000002256, 0
, , 2702.5819999999998799, 0, , , 2702.5819999999998799, 1, , , 2702.5819999999998799, 1, , , 2702.5819999999998799, 0
, , 2702.5869999999999891, 0, , , 2702.5869999999999891, 1, , , 2702.5869999999999891, 1, , , 2702.5869999999999891, 0
, , 2702.5929999999998472, 0, , , 2702.5929999999998472, 1, , , 2702.5929999999998472, 1, , , 2702.5929999999998472, 0
, , 2702.5970000000002074, 0, , , 2702.5970000000002074, 1, , , 2702.5970000000002074, 1, , , 2702.5970000000002074, 0
, , 2702.6019999999998618, 0, , , 2702.6019999999998618, 1, , , 2702.6019999999998618, 1, , , 2702.6019999999998618, 0
, , 2702.6080000000001746, 0, , , 2702.6080000000001746, 1, , , 2702.6080000000001746, 1, , , 2702.6080000000001746, 0
, , 2702.61200000000008, 0, , , 2702.61200000000008, 1, , , 2702.61200000000008, 1, , , 2702.61200000000008, 0
, , 2702.6170000000001892, 0, , , 2702.6170000000001892, 1, , , 2702.6170000000001892, 1, , , 2702.6170000000001892, 0
, , 2702.6219999999998436, 0, , , 2702.6219999999998436, 1, , , 2702.6219999999998436, 1, , , 2702.6219999999998436, 0
, , 2702.6269999999999527, 0, , , 2702.6269999999999527, 1, , , 2702.6269999999999527, 1, , , 2702.6269999999999527, 0
, , 2702.6320000000000618, 0, , , 2702.6320000000000618, 1, , , 2702.6320000000000618, 1, , , 2702.6320000000000618, 0
, , 2702.63799999999992, 0, , , 2702.63799999999992, 1, , , 2702.63799999999992, 1, , , 2702.63799999999992, 0
, , 2702.6419999999998254, 0, , , 2702.6419999999998254, 1, , , 2702.6419999999998254, 1, , , 2702.6419999999998254, 0
, , 2702.6480000000001382, 0, , , 2702.6480000000001382, 1, , , 2702.6480000000001382, 1, , , 2702.6480000000001382, 0
, , 2702.6539999999999964, 0, , , 2702.6539999999999964, 1, , , 2702.6539999999999964, 1, , , 2702.6539999999999964, 0
, , 2702.6570000000001528, 0, , , 2702.6570000000001528, 1, , , 2702.6570000000001528, 1, , , 2702.6570000000001528, 0
, , 2702.6619999999998072, 0, , , 2702.6619999999998072, 1, , , 2702.6619999999998072, 1, , , 2702.6619999999998072, 0
, , 2702.6669999999999163, 0, , , 2702.6669999999999163, 1, , , 2702.6669999999999163, 1, , , 2702.6669999999999163, 0
, , 2702.6720000000000255, 0, , , 2702.6720000000000255, 1, , , 2702.6720000000000255, 1, , , 2702.6720000000000255, 0
, , 2702.6770000000001346, 0, , , 2702.6770000000001346, 1, , , 2702.6770000000001346, 1, , , 2702.6770000000001346, 0
, , 2702.681999999999789, 0, , , 2702.681999999999789, 1, , , 2702.681999999999789, 1, , , 2702.681999999999789, 0
, , 2702.6860000000001492, 0, , , 2702.6860000000001492, 1, , , 2702.6860000000001492, 1, , , 2702.6860000000001492, 0
, , 2702.6920000000000073, 0, , , 2702.6920000000000073, 1, , , 2702.6920000000000073, 1, , , 2702.6920000000000073, 0
, , 2702.6970000000001164, 0, , , 2702.6970000000001164, 1, , , 2702.6970000000001164, 1, , , 2702.6970000000001164, 0
, , 2702.7020000000002256, 0, , , 2702.7020000000002256, 1, , , 2702.7020000000002256, 1, , , 2702.7020000000002256, 0
, , 2702.7080000000000837, 0, , , 2702.7080000000000837, 1, , , 2702.7080000000000837, 1, , , 2702.7080000000000837, 0
, , 2702.7119999999999891, 0, , , 2702.7119999999999891, 1, , , 2702.7119999999999891, 1, , , 2702.7119999999999891, 0
, , 2702.7150000000001455, 0, , , 2702.7150000000001455, 1, , , 2702.7150000000001455, 1, , , 2702.7150000000001455, 0
, , 2702.7220000000002074, 0, , , 2702.7220000000002074, 1, , , 2702.7220000000002074, 1, , , 2702.7220000000002074, 0
, , 2702.7289999999998145, 0, , , 2702.7289999999998145, 1, , , 2702.7289999999998145, 1, , , 2702.7289999999998145, 0
, , 2702.7319999999999709, 0, , , 2702.7319999999999709, 1, , , 2702.7319999999999709, 1, , , 2702.7319999999999709, 0
, , 2702.7359999999998763, 0, , , 2702.7359999999998763, 1, , , 2702.7359999999998763, 1, , , 2702.7359999999998763, 0
, , 2702.7420000000001892, 0, , , 2702.7420000000001892, 1, , , 2702.7420000000001892, 1, , , 2702.7420000000001892, 0
, , 2702.7469999999998436, 0, , , 2702.7469999999998436, 1, , , 2702.7469999999998436, 1, , , 2702.7469999999998436, 0
, , 2702.7530000000001564, 0, , , 2702.7530000000001564, 1, , , 2702.7530000000001564, 1, , , 2702.7530000000001564, 0
, , 2702.7570000000000618, 0, , , 2702.7570000000000618, 1, , , 2702.7570000000000618, 1, , , 2702.7570000000000618, 0
, , 2702.76299999999992, 0, , , 2702.76299999999992, 1, , , 2702.76299999999992, 1, , , 2702.76299999999992, 0
, , 2702.7669999999998254, 0, , , 2702.7669999999998254, 1, , , 2702.7669999999998254, 1, , , 2702.7669999999998254, 0
, , 2702.7719999999999345, 0, , , 2702.7719999999999345, 1, , , 2702.7719999999999345, 1, , , 2702.7719999999999345, 0
, , 2702.7770000000000437, 0, , , 2702.7770000000000437, 1, , , 2702.7770000000000437, 1, , , 2702.7770000000000437, 0
, , 2702.7820000000001528, 0, , , 2702.7820000000001528, 1, , , 2702.7820000000001528, 1, , , 2702.7820000000001528, 0
, , 2702.7869999999998072, 0, , , 2702.7869999999998072, 1, , , 2702.7869999999998072, 1, , , 2702.7869999999998072, 0
, , 2702.7919999999999163, 0, , , 2702.7919999999999163, 1, , , 2702.7919999999999163, 1, , , 2702.7919999999999163, 0
, , 2702.7970000000000255, 0, , , 2702.7970000000000255, 1, , , 2702.7970000000000255, 1, , , 2702.7970000000000255, 0
, , 2702.8020000000001346, 0, , , 2702.8020000000001346, 1, , , 2702.8020000000001346, 1, , , 2702.8020000000001346, 0
, , 2702.806999999999789, 0, , , 2702.806999999999789, 1, , , 2702.806999999999789, 1, , , 2702.806999999999789, 0
, , 2702.8130000000001019, 1, , , 2702.8130000000001019, 1, , , 2702.8130000000001019, 1, , , 2702.8130000000001019, 1
, , 2702.8170000000000073, 1, , , 2702.8170000000000073, 1, , , 2702.8170000000000073, 1, , , 2702.8170000000000073, 1
, , 2702.8220000000001164, 1, , , 2702.8220000000001164, 1, , , 2702.8220000000001164, 1, , , 2702.8220000000001164, 1
, , 2702.8279999999999745, 1, , , 2702.8279999999999745, 1, , , 2702.8279999999999745, 1, , , 2702.8279999999999745, 1
, , 2702.8319999999998799, 1, , , 2702.8319999999998799, 1, , , 2702.8319999999998799, 1, , , 2702.8319999999998799, 1
, , 2702.8369999999999891, 1, , , 2702.8369999999999891, 1, , , 2702.8369999999999891, 1, , , 2702.8369999999999891, 1
, , 2702.8420000000000982, 1, , , 2702.8420000000000982, 1, , , 2702.8420000000000982, 1, , , 2702.8420000000000982, 1
, , 2702.8470000000002074, 1, , , 2702.8470000000002074, 1, , , 2702.8470000000002074, 1, , , 2702.8470000000002074, 1
, , 2702.8530000000000655, 1, , , 2702.8530000000000655, 1, , , 2702.8530000000000655, 1, , , 2702.8530000000000655, 1
, , 2702.8569999999999709, 1, , , 2702.8569999999999709, 1, , , 2702.8569999999999709, 1, , , 2702.8569999999999709, 1
, , 2702.86200000000008, 1, , , 2702.86200000000008, 1, , , 2702.86200000000008, 1, , , 2702.86200000000008, 1
, , 2702.8670000000001892, 1, , , 2702.8670000000001892, 1, , , 2702.8670000000001892, 1, , , 2702.8670000000001892, 1
, , 2702.8719999999998436, 1, , , 2702.8719999999998436, 1, , , 2702.8719999999998436, 1, , , 2702.8719999999998436, 1
, , 2702.8769999999999527, 1, , , 2702.8769999999999527, 1, , , 2702.8769999999999527, 1, , , 2702.8769999999999527, 1
, , 2702.8820000000000618, 1, , , 2702.8820000000000618, 1, , , 2702.8820000000000618, 1, , , 2702.8820000000000618, 1
, , 2702.887000000000171, 1, , , 2702.887000000000171, 0, , , 2702.887000000000171, 0, , , 2702.887000000000171, 1
, , 2702.8919999999998254, 1, , , 2702.8919999999998254, 0, , , 2702.8919999999998254, 0, , , 2702.8919999999998254, 1
, , 2702.8969999999999345, 1, , , 2702.8969999999999345, 0, , , 2702.8969999999999345, 0, , , 2702.8969999999999345, 1
, , 2702.9020000000000437, 1, , , 2702.9020000000000437, 0, , , 2702.9020000000000437, 0, , , 2702.9020000000000437, 1
, , 2702.9079999999999018, 1, , , 2702.9079999999999018, 0, , , 2702.9079999999999018, 0, , , 2702.9079999999999018, 1
, , 2702.9119999999998072, 1, , , 2702.9119999999998072, 0, , , 2702.9119999999998072, 0, , , 2702.9119999999998072, 1
, , 2702.9169999999999163, 1, , , 2702.9169999999999163, 0, , , 2702.9169999999999163, 0, , , 2702.9169999999999163, 1
, , 2702.9220000000000255, 1, , , 2702.9220000000000255, 0, , , 2702.9220000000000255, 0, , , 2702.9220000000000255, 1
, , 2702.9279999999998836, 1, , , 2702.9279999999998836, 0, , , 2702.9279999999998836, 0, , , 2702.9279999999998836, 1
, , 2702.931999999999789, 1, , , 2702.931999999999789, 0, , , 2702.931999999999789, 0, , , 2702.931999999999789, 1
, , 2702.9380000000001019, 1, , , 2702.9380000000001019, 0, , , 2702.9380000000001019, 0, , , 2702.9380000000001019, 1
, , 2702.9420000000000073, 1, , , 2702.9420000000000073, 0, , , 2702.9420000000000073, 0, , , 2702.9420000000000073, 1
, , 2702.9490000000000691, 1, , , 2702.9490000000000691, 0, , , 2702.9490000000000691, 0, , , 2702.9490000000000691, 1
, , 2702.9520000000002256, 1, , , 2702.9520000000002256, 0, , , 2702.9520000000002256, 0, , , 2702.9520000000002256, 1
, , 2702.9569999999998799, 1, , , 2702.9569999999998799, 0, , , 2702.9569999999998799, 0, , , 2702.9569999999998799, 1
, , 2702.9619999999999891, 1, , , 2702.9619999999999891, 0, , , 2702.9619999999999891, 0, , , 2702.9619999999999891, 1
, , 2702.9650000000001455, 1, , , 2702.9650000000001455, 0, , , 2702.9650000000001455, 0, , , 2702.9650000000001455, 1
, , 2702.9720000000002074, 1, , , 2702.9720000000002074, 0, , , 2702.9720000000002074, 0, , , 2702.9720000000002074, 1
, , 2702.9780000000000655, 1, , , 2702.9780000000000655, 0, , , 2702.9780000000000655, 0, , , 2702.9780000000000655, 1
, , 2702.9819999999999709, 1, , , 2702.9819999999999709, 0, , , 2702.9819999999999709, 0, , , 2702.9819999999999709, 1
, , 2702.98700000000008, 1, , , 2702.98700000000008, 0, , , 2702.98700000000008, 0, , , 2702.98700000000008, 1
, , 2702.9920000000001892, 1, , , 2702.9920000000001892, 0, , , 2702.9920000000001892, 0, , , 2702.9920000000001892, 1
, , 2702.9980000000000473, 1, , , 2702.9980000000000473, 0, , , 2702.9980000000000473, 0, , , 2702.9980000000000473, 1
, , 2703.0019999999999527, 1, , , 2703.0019999999999527, 0, , , 2703.0019999999999527, 0, , , 2703.0019999999999527, 1
, , 2703.0079999999998108, 1, , , 2703.0079999999998108, 0, , , 2703.0079999999998108, 0, , , 2703.0079999999998108, 1
, , 2703.012000000000171, 1, , , 2703.012000000000171, 0, , , 2703.012000000000171, 0, , , 2703.012000000000171, 1
, , 2703.0180000000000291, 1, , , 2703.0180000000000291, 0, , , 2703.0180000000000291, 0, , , 2703.0180000000000291, 1
, , 2703.0219999999999345, 1, , , 2703.0219999999999345, 0, , , 2703.0219999999999345, 0, , , 2703.0219999999999345, 1
, , 2703.0270000000000437, 1, , , 2703.0270000000000437, 0, , , 2703.0270000000000437, 0, , , 2703.0270000000000437, 1
, , 2703.0320000000001528, 1, , , 2703.0320000000001528, 0, , , 2703.0320000000001528, 0, , , 2703.0320000000001528, 1
, , 2703.0399999999999636, 1, , , 2703.0399999999999636, 0, , , 2703.0399999999999636, 0, , , 2703.0399999999999636, 1
, , 2703.0419999999999163, 1, , , 2703.0419999999999163, 0, , , 2703.0419999999999163, 0, , , 2703.0419999999999163, 1
, , 2703.0479999999997744, 1, , , 2703.0479999999997744, 0, , , 2703.0479999999997744, 0, , , 2703.0479999999997744, 1
, , 2703.0520000000001346, 1, , , 2703.0520000000001346, 0, , , 2703.0520000000001346, 0, , , 2703.0520000000001346, 1
, , 2703.056999999999789, 1, , , 2703.056999999999789, 0, , , 2703.056999999999789, 0, , , 2703.056999999999789, 1
, , 2703.0619999999998981, 1, , , 2703.0619999999998981, 0, , , 2703.0619999999998981, 0, , , 2703.0619999999998981, 1
, , 2703.0670000000000073, 1, , , 2703.0670000000000073, 0, , , 2703.0670000000000073, 0, , , 2703.0670000000000073, 1
, , 2703.0729999999998654, 1, , , 2703.0729999999998654, 0, , , 2703.0729999999998654, 0, , , 2703.0729999999998654, 1
, , 2703.0770000000002256, 1, , , 2703.0770000000002256, 0, , , 2703.0770000000002256, 0, , , 2703.0770000000002256, 1
, , 2703.0839999999998327, 1, , , 2703.0839999999998327, 0, , , 2703.0839999999998327, 0, , , 2703.0839999999998327, 1
, , 2703.0859999999997854, 1, , , 2703.0859999999997854, 0, , , 2703.0859999999997854, 0, , , 2703.0859999999997854, 1
, , 2703.0920000000000982, 1, , , 2703.0920000000000982, 0, , , 2703.0920000000000982, 0, , , 2703.0920000000000982, 1
, , 2703.0970000000002074, 1, , , 2703.0970000000002074, 0, , , 2703.0970000000002074, 0, , , 2703.0970000000002074, 1
, , 2703.1019999999998618, 1, , , 2703.1019999999998618, 0, , , 2703.1019999999998618, 0, , , 2703.1019999999998618, 1
, , 2703.1069999999999709, 1, , , 2703.1069999999999709, 0, , , 2703.1069999999999709, 0, , , 2703.1069999999999709, 1
, , 2703.11200000000008, 1, , , 2703.11200000000008, 0, , , 2703.11200000000008, 0, , , 2703.11200000000008, 1
, , 2703.1170000000001892, 1, , , 2703.1170000000001892, 0, , , 2703.1170000000001892, 0, , , 2703.1170000000001892, 1
, , 2703.1219999999998436, 1, , , 2703.1219999999998436, 0, , , 2703.1219999999998436, 0, , , 2703.1219999999998436, 1
, , 2703.1269999999999527, 1, , , 2703.1269999999999527, 0, , , 2703.1269999999999527, 0, , , 2703.1269999999999527, 1
, , 2703.1320000000000618, 1, , , 2703.1320000000000618, 0, , , 2703.1320000000000618, 0, , , 2703.1320000000000618, 1
, , 2703.13799999999992, 1, , , 2703.13799999999992, 1, , , 2703.13799999999992, 1, , , 2703.13799999999992, 1
, , 2703.1419999999998254, 1, , , 2703.1419999999998254, 1, , , 2703.1419999999998254, 1, , , 2703.1419999999998254, 1
, , 2703.1469999999999345, 1, , , 2703.1469999999999345, 1, , , 2703.1469999999999345, 1, , , 2703.1469999999999345, 1
, , 2703.1520000000000437, 1, , , 2703.1520000000000437, 1, , , 2703.1520000000000437, 1, , , 2703.1520000000000437, 1
, , 2703.1570000000001528, 1, , , 2703.1570000000001528, 1, , , 2703.1570000000001528, 1, , , 2703.1570000000001528, 1
, , 2703.1619999999998072, 1, , , 2703.1619999999998072, 1, , , 2703.1619999999998072, 1, , , 2703.1619999999998072, 1
, , 2703.1669999999999163, 1, , , 2703.1669999999999163, 1, , , 2703.1669999999999163, 1, , , 2703.1669999999999163, 1
, , 2703.1720000000000255, 1, , , 2703.1720000000000255, 1, , , 2703.1720000000000255, 1, , , 2703.1720000000000255, 1
, , 2703.1779999999998836, 1, , , 2703.1779999999998836, 1, , , 2703.1779999999998836, 1, , , 2703.1779999999998836, 1
, , 2703.181999999999789, 1, , , 2703.181999999999789, 1, , , 2703.181999999999789, 1, , , 2703.181999999999789, 1
, , 2703.1869999999998981, 1, , , 2703.1869999999998981, 1, , , 2703.1869999999998981, 1, , , 2703.1869999999998981, 1
, , 2703.1920000000000073, 1, , , 2703.1920000000000073, 1, , , 2703.1920000000000073, 1, , , 2703.1920000000000073, 1
, , 2703.1970000000001164, 1, , , 2703.1970000000001164, 1, , , 2703.1970000000001164, 1, , , 2703.1970000000001164, 1
, , 2703.2020000000002256, 1, , , 2703.2020000000002256, 1, , , 2703.2020000000002256, 1, , , 2703.2020000000002256, 1
, , 2703.2080000000000837, 0, , , 2703.2080000000000837, 1, , , 2703.2080000000000837, 1, , , 2703.2080000000000837, 0
, , 2703.2119999999999891, 0, , , 2703.2119999999999891, 1, , , 2703.2119999999999891, 1, , , 2703.2119999999999891, 0
, , 2703.2179999999998472, 0, , , 2703.2179999999998472, 1, , , 2703.2179999999998472, 1, , , 2703.2179999999998472, 0
, , 2703.2220000000002074, 0, , , 2703.2220000000002074, 1, , , 2703.2220000000002074, 1, , , 2703.2220000000002074, 0
, , 2703.2269999999998618, 0, , , 2703.2269999999998618, 1, , , 2703.2269999999998618, 1, , , 2703.2269999999998618, 0
, , 2703.2319999999999709, 0, , , 2703.2319999999999709, 1, , , 2703.2319999999999709, 1, , , 2703.2319999999999709, 0
, , 2703.23700000000008, 0, , , 2703.23700000000008, 1, , , 2703.23700000000008, 1, , , 2703.23700000000008, 0
, , 2703.2429999999999382, 0, , , 2703.2429999999999382, 1, , , 2703.2429999999999382, 1, , , 2703.2429999999999382, 0
, , 2703.2469999999998436, 0, , , 2703.2469999999998436, 1, , , 2703.2469999999998436, 1, , , 2703.2469999999998436, 0
, , 2703.2519999999999527, 0, , , 2703.2519999999999527, 1, , , 2703.2519999999999527, 1, , , 2703.2519999999999527, 0
, , 2703.2570000000000618, 0, , , 2703.2570000000000618, 1, , , 2703.2570000000000618, 1, , , 2703.2570000000000618, 0
, , 2703.262000000000171, 0, , , 2703.262000000000171, 1, , , 2703.262000000000171, 1, , , 2703.262000000000171, 0
, , 2703.2669999999998254, 0, , , 2703.2669999999998254, 1, , , 2703.2669999999998254, 1, , , 2703.2669999999998254, 0
, , 2703.2719999999999345, 0, , , 2703.2719999999999345, 1, , , 2703.2719999999999345, 1, , , 2703.2719999999999345, 0
, , 2703.2770000000000437, 0, , , 2703.2770000000000437, 1, , , 2703.2770000000000437, 1, , , 2703.2770000000000437, 0
, , 2703.2820000000001528, 0, , , 2703.2820000000001528, 1, , , 2703.2820000000001528, 1, , , 2703.2820000000001528, 0
, , 2703.2860000000000582, 0, , , 2703.2860000000000582, 1, , , 2703.2860000000000582, 1, , , 2703.2860000000000582, 0
, , 2703.2930000000001201, 0, , , 2703.2930000000001201, 1, , , 2703.2930000000001201, 1, , , 2703.2930000000001201, 0
, , 2703.2989999999999782, 0, , , 2703.2989999999999782, 1, , , 2703.2989999999999782, 1, , , 2703.2989999999999782, 0
, , 2703.3020000000001346, 0, , , 2703.3020000000001346, 1, , , 2703.3020000000001346, 1, , , 2703.3020000000001346, 0
, , 2703.306999999999789, 0, , , 2703.306999999999789, 1, , , 2703.306999999999789, 1, , , 2703.306999999999789, 0
, , 2703.3130000000001019, 0, , , 2703.3130000000001019, 1, , , 2703.3130000000001019, 1, , , 2703.3130000000001019, 0
, , 2703.318000000000211, 0, , , 2703.318000000000211, 1, , , 2703.318000000000211, 1, , , 2703.318000000000211, 0
, , 2703.3220000000001164, 0, , , 2703.3220000000001164, 1, , , 2703.3220000000001164, 1, , , 2703.3220000000001164, 0
, , 2703.3270000000002256, 0, , , 2703.3270000000002256, 1, , , 2703.3270000000002256, 1, , , 2703.3270000000002256, 0
, , 2703.3319999999998799, 0, , , 2703.3319999999998799, 1, , , 2703.3319999999998799, 1, , , 2703.3319999999998799, 0
, , 2703.3369999999999891, 0, , , 2703.3369999999999891, 1, , , 2703.3369999999999891, 1, , , 2703.3369999999999891, 0
, , 2703.3420000000000982, 0, , , 2703.3420000000000982, 1, , , 2703.3420000000000982, 1, , , 2703.3420000000000982, 0
, , 2703.3479999999999563, 0, , , 2703.3479999999999563, 1, , , 2703.3479999999999563, 1, , , 2703.3479999999999563, 0
, , 2703.3519999999998618, 0, , , 2703.3519999999998618, 1, , , 2703.3519999999998618, 1, , , 2703.3519999999998618, 0
, , 2703.3569999999999709, 0, , , 2703.3569999999999709, 1, , , 2703.3569999999999709, 1, , , 2703.3569999999999709, 0
, , 2703.36200000000008, 0, , , 2703.36200000000008, 1, , , 2703.36200000000008, 1, , , 2703.36200000000008, 0
, , 2703.3670000000001892, 0, , , 2703.3670000000001892, 1, , , 2703.3670000000001892, 1, , , 2703.3670000000001892, 0
, , 2703.3730000000000473, 0, , , 2703.3730000000000473, 1, , , 2703.3730000000000473, 1, , , 2703.3730000000000473, 0
, , 2703.3769999999999527, 0, , , 2703.3769999999999527, 1, , , 2703.3769999999999527, 1, , , 2703.3769999999999527, 0
, , 2703.3820000000000618, 0, , , 2703.3820000000000618, 1, , , 2703.3820000000000618, 1, , , 2703.3820000000000618, 0
, , 2703.387000000000171, 0, , , 2703.387000000000171, 1, , , 2703.387000000000171, 1, , , 2703.387000000000171, 0
, , 2703.3930000000000291, 0, , , 2703.3930000000000291, 1, , , 2703.3930000000000291, 1, , , 2703.3930000000000291, 0
, , 2703.3969999999999345, 0, , , 2703.3969999999999345, 1, , , 2703.3969999999999345, 1, , , 2703.3969999999999345, 0
, , 2703.4020000000000437, 0, , , 2703.4020000000000437, 1, , , 2703.4020000000000437, 1, , , 2703.4020000000000437, 0
, , 2703.4070000000001528, 0, , , 2703.4070000000001528, 1, , , 2703.4070000000001528, 1, , , 2703.4070000000001528, 0
, , 2703.4130000000000109, 0, , , 2703.4130000000000109, 1, , , 2703.4130000000000109, 1, , , 2703.4130000000000109, 0
, , 2703.4169999999999163, 0, , , 2703.4169999999999163, 1, , , 2703.4169999999999163, 1, , , 2703.4169999999999163, 0
, , 2703.4229999999997744, 0, , , 2703.4229999999997744, 1, , , 2703.4229999999997744, 1, , , 2703.4229999999997744, 0
, , 2703.4270000000001346, 0, , , 2703.4270000000001346, 1, , , 2703.4270000000001346, 1, , , 2703.4270000000001346, 0
, , 2703.431999999999789, 0, , , 2703.431999999999789, 1, , , 2703.431999999999789, 1, , , 2703.431999999999789, 0
, , 2703.4369999999998981, 0, , , 2703.4369999999998981, 1, , , 2703.4369999999998981, 1, , , 2703.4369999999998981, 0
, , 2703.4420000000000073, 0, , , 2703.4420000000000073, 1, , , 2703.4420000000000073, 1, , , 2703.4420000000000073, 0
, , 2703.4470000000001164, 0, , , 2703.4470000000001164, 1, , , 2703.4470000000001164, 1, , , 2703.4470000000001164, 0
, , 2703.4520000000002256, 0, , , 2703.4520000000002256, 1, , , 2703.4520000000002256, 1, , , 2703.4520000000002256, 0
, , 2703.4569999999998799, 0, , , 2703.4569999999998799, 1, , , 2703.4569999999998799, 1, , , 2703.4569999999998799, 0
, , 2703.4619999999999891, 1, , , 2703.4619999999999891, 1, , , 2703.4619999999999891, 1, , , 2703.4619999999999891, 1
, , 2703.4670000000000982, 1, , , 2703.4670000000000982, 1, , , 2703.4670000000000982, 1, , , 2703.4670000000000982, 1
, , 2703.4729999999999563, 1, , , 2703.4729999999999563, 1, , , 2703.4729999999999563, 1, , , 2703.4729999999999563, 1
, , 2703.4769999999998618, 1, , , 2703.4769999999998618, 1, , , 2703.4769999999998618, 1, , , 2703.4769999999998618, 1
, , 2703.4830000000001746, 1, , , 2703.4830000000001746, 1, , , 2703.4830000000001746, 1, , , 2703.4830000000001746, 1
, , 2703.48700000000008, 1, , , 2703.48700000000008, 1, , , 2703.48700000000008, 1, , , 2703.48700000000008, 1
, , 2703.4920000000001892, 1, , , 2703.4920000000001892, 1, , , 2703.4920000000001892, 1, , , 2703.4920000000001892, 1
, , 2703.4980000000000473, 1, , , 2703.4980000000000473, 1, , , 2703.4980000000000473, 1, , , 2703.4980000000000473, 1
, , 2703.5, 1, , , 2703.5, 1, , , 2703.5, 1, , , 2703.5, 1
, , 2703.5070000000000618, 1, , , 2703.5070000000000618, 1, , , 2703.5070000000000618, 1, , , 2703.5070000000000618, 1
, , 2703.512000000000171, 1, , , 2703.512000000000171, 1, , , 2703.512000000000171, 1, , , 2703.512000000000171, 1
, , 2703.5169999999998254, 1, , , 2703.5169999999998254, 1, , , 2703.5169999999998254, 1, , , 2703.5169999999998254, 1
, , 2703.5230000000001382, 1, , , 2703.5230000000001382, 1, , , 2703.5230000000001382, 1, , , 2703.5230000000001382, 1
, , 2703.5279999999997926, 1, , , 2703.5279999999997926, 1, , , 2703.5279999999997926, 1, , , 2703.5279999999997926, 1
, , 2703.5320000000001528, 1, , , 2703.5320000000001528, 1, , , 2703.5320000000001528, 1, , , 2703.5320000000001528, 1
, , 2703.5369999999998072, 1, , , 2703.5369999999998072, 0, , , 2703.5369999999998072, 0, , , 2703.5369999999998072, 1
, , 2703.5419999999999163, 1, , , 2703.5419999999999163, 0, , , 2703.5419999999999163, 0, , , 2703.5419999999999163, 1
, , 2703.5470000000000255, 1, , , 2703.5470000000000255, 0, , , 2703.5470000000000255, 0, , , 2703.5470000000000255, 1
, , 2703.5520000000001346, 1, , , 2703.5520000000001346, 0, , , 2703.5520000000001346, 0, , , 2703.5520000000001346, 1
, , 2703.5579999999999927, 1, , , 2703.5579999999999927, 0, , , 2703.5579999999999927, 0, , , 2703.5579999999999927, 1
, , 2703.5619999999998981, 1, , , 2703.5619999999998981, 0, , , 2703.5619999999998981, 0, , , 2703.5619999999998981, 1
, , 2703.5670000000000073, 1, , , 2703.5670000000000073, 0, , , 2703.5670000000000073, 0, , , 2703.5670000000000073, 1
, , 2703.5720000000001164, 1, , , 2703.5720000000001164, 0, , , 2703.5720000000001164, 0, , , 2703.5720000000001164, 1
, , 2703.5770000000002256, 1, , , 2703.5770000000002256, 0, , , 2703.5770000000002256, 0, , , 2703.5770000000002256, 1
, , 2703.5830000000000837, 1, , , 2703.5830000000000837, 0, , , 2703.5830000000000837, 0, , , 2703.5830000000000837, 1
, , 2703.5869999999999891, 1, , , 2703.5869999999999891, 0, , , 2703.5869999999999891, 0, , , 2703.5869999999999891, 1
, , 2703.5920000000000982, 1, , , 2703.5920000000000982, 0, , , 2703.5920000000000982, 0, , , 2703.5920000000000982, 1
, , 2703.5970000000002074, 1, , , 2703.5970000000002074, 0, , , 2703.5970000000002074, 0, , , 2703.5970000000002074, 1
, , 2703.6019999999998618, 1, , , 2703.6019999999998618, 0, , , 2703.6019999999998618, 0, , , 2703.6019999999998618, 1
, , 2703.6069999999999709, 1, , , 2703.6069999999999709, 0, , , 2703.6069999999999709, 0, , , 2703.6069999999999709, 1
, , 2703.61200000000008, 1, , , 2703.61200000000008, 0, , , 2703.61200000000008, 0, , , 2703.61200000000008, 1
, , 2703.6179999999999382, 1, , , 2703.6179999999999382, 0, , , 2703.6179999999999382, 0, , , 2703.6179999999999382, 1
, , 2703.6219999999998436, 1, , , 2703.6219999999998436, 0, , , 2703.6219999999998436, 0, , , 2703.6219999999998436, 1
, , 2703.6280000000001564, 1, , , 2703.6280000000001564, 0, , , 2703.6280000000001564, 0, , , 2703.6280000000001564, 1
, , 2703.6329999999998108, 1, , , 2703.6329999999998108, 0, , , 2703.6329999999998108, 0, , , 2703.6329999999998108, 1
, , 2703.6390000000001237, 1, , , 2703.6390000000001237, 0, , , 2703.6390000000001237, 0, , , 2703.6390000000001237, 1
, , 2703.6430000000000291, 1, , , 2703.6430000000000291, 0, , , 2703.6430000000000291, 0, , , 2703.6430000000000291, 1
, , 2703.6480000000001382, 1, , , 2703.6480000000001382, 0, , , 2703.6480000000001382, 0, , , 2703.6480000000001382, 1
, , 2703.6529999999997926, 1, , , 2703.6529999999997926, 0, , , 2703.6529999999997926, 0, , , 2703.6529999999997926, 1
, , 2703.6590000000001055, 1, , , 2703.6590000000001055, 0, , , 2703.6590000000001055, 0, , , 2703.6590000000001055, 1
, , 2703.6630000000000109, 1, , , 2703.6630000000000109, 0, , , 2703.6630000000000109, 0, , , 2703.6630000000000109, 1
, , 2703.6669999999999163, 1, , , 2703.6669999999999163, 0, , , 2703.6669999999999163, 0, , , 2703.6669999999999163, 1
, , 2703.6720000000000255, 1, , , 2703.6720000000000255, 0, , , 2703.6720000000000255, 0, , , 2703.6720000000000255, 1
, , 2703.6770000000001346, 1, , , 2703.6770000000001346, 0, , , 2703.6770000000001346, 0, , , 2703.6770000000001346, 1
, , 2703.681999999999789, 1, , , 2703.681999999999789, 0, , , 2703.681999999999789, 0, , , 2703.681999999999789, 1
, , 2703.6869999999998981, 1, , , 2703.6869999999998981, 0, , , 2703.6869999999998981, 0, , , 2703.6869999999998981, 1
, , 2703.6920000000000073, 1, , , 2703.6920000000000073, 0, , , 2703.6920000000000073, 0, , , 2703.6920000000000073, 1
, , 2703.6959999999999127, 1, , , 2703.6959999999999127, 0, , , 2703.6959999999999127, 0, , , 2703.6959999999999127, 1
, , 2703.7029999999999745, 1, , , 2703.7029999999999745, 0, , , 2703.7029999999999745, 0, , , 2703.7029999999999745, 1
, , 2703.7069999999998799, 1, , , 2703.7069999999998799, 0, , , 2703.7069999999998799, 0, , , 2703.7069999999998799, 1
, , 2703.7119999999999891, 1, , , 2703.7119999999999891, 0, , , 2703.7119999999999891, 0, , , 2703.7119999999999891, 1
, , 2703.7159999999998945, 1, , , 2703.7159999999998945, 0, , , 2703.7159999999998945, 0, , , 2703.7159999999998945, 1
, , 2703.7229999999999563, 1, , , 2703.7229999999999563, 0, , , 2703.7229999999999563, 0, , , 2703.7229999999999563, 1
, , 2703.7240000000001601, 1, , , 2703.7240000000001601, 0, , , 2703.7240000000001601, 0, , , 2703.7240000000001601, 1
, , 2703.7310000000002219, 1, , , 2703.7310000000002219, 0, , , 2703.7310000000002219, 0, , , 2703.7310000000002219, 1
, , 2703.737999999999829, 1, , , 2703.737999999999829, 0, , , 2703.737999999999829, 0, , , 2703.737999999999829, 1
, , 2703.7429999999999382, 1, , , 2703.7429999999999382, 0, , , 2703.7429999999999382, 0, , , 2703.7429999999999382, 1
, , 2703.7460000000000946, 1, , , 2703.7460000000000946, 0, , , 2703.7460000000000946, 0, , , 2703.7460000000000946, 1
, , 2703.7519999999999527, 1, , , 2703.7519999999999527, 0, , , 2703.7519999999999527, 0, , , 2703.7519999999999527, 1
, , 2703.7559999999998581, 1, , , 2703.7559999999998581, 0, , , 2703.7559999999998581, 0, , , 2703.7559999999998581, 1
, , 2703.762000000000171, 1, , , 2703.762000000000171, 0, , , 2703.762000000000171, 0, , , 2703.762000000000171, 1
, , 2703.7669999999998254, 1, , , 2703.7669999999998254, 0, , , 2703.7669999999998254, 0, , , 2703.7669999999998254, 1
, , 2703.7719999999999345, 1, , , 2703.7719999999999345, 0, , , 2703.7719999999999345, 0, , , 2703.7719999999999345, 1
, , 2703.7770000000000437, 1, , , 2703.7770000000000437, 0, , , 2703.7770000000000437, 0, , , 2703.7770000000000437, 1
, , 2703.7820000000001528, 1, , , 2703.7820000000001528, 0, , , 2703.7820000000001528, 0, , , 2703.7820000000001528, 1
, , 2703.7869999999998072, 1, , , 2703.7869999999998072, 1, , , 2703.7869999999998072, 1, , , 2703.7869999999998072, 1
, , 2703.7930000000001201, 1, , , 2703.7930000000001201, 1, , , 2703.7930000000001201, 1, , , 2703.7930000000001201, 1
, , 2703.7970000000000255, 1, , , 2703.7970000000000255, 1, , , 2703.7970000000000255, 1, , , 2703.7970000000000255, 1
, , 2703.8020000000001346, 1, , , 2703.8020000000001346, 1, , , 2703.8020000000001346, 1, , , 2703.8020000000001346, 1
, , 2703.8079999999999927, 1, , , 2703.8079999999999927, 1, , , 2703.8079999999999927, 1, , , 2703.8079999999999927, 1
, , 2703.8119999999998981, 1, , , 2703.8119999999998981, 1, , , 2703.8119999999998981, 1, , , 2703.8119999999998981, 1
, , 2703.8209999999999127, 1, , , 2703.8209999999999127, 1, , , 2703.8209999999999127, 1, , , 2703.8209999999999127, 1
, , 2703.8220000000001164, 1, , , 2703.8220000000001164, 1, , , 2703.8220000000001164, 1, , , 2703.8220000000001164, 1
, , 2703.8270000000002256, 1, , , 2703.8270000000002256, 1, , , 2703.8270000000002256, 1, , , 2703.8270000000002256, 1
, , 2703.831000000000131, 1, , , 2703.831000000000131, 1, , , 2703.831000000000131, 1, , , 2703.831000000000131, 1
, , 2703.8369999999999891, 1, , , 2703.8369999999999891, 1, , , 2703.8369999999999891, 1, , , 2703.8369999999999891, 1
, , 2703.8420000000000982, 1, , , 2703.8420000000000982, 1, , , 2703.8420000000000982, 1, , , 2703.8420000000000982, 1
, , 2703.8479999999999563, 1, , , 2703.8479999999999563, 1, , , 2703.8479999999999563, 1, , , 2703.8479999999999563, 1
, , 2703.8519999999998618, 1, , , 2703.8519999999998618, 1, , , 2703.8519999999998618, 1, , , 2703.8519999999998618, 1
, , 2703.8580000000001746, 0, , , 2703.8580000000001746, 1, , , 2703.8580000000001746, 1, , , 2703.8580000000001746, 0
, , 2703.86200000000008, 0, , , 2703.86200000000008, 1, , , 2703.86200000000008, 1, , , 2703.86200000000008, 0
, , 2703.8670000000001892, 0, , , 2703.8670000000001892, 1, , , 2703.8670000000001892, 1, , , 2703.8670000000001892, 0
, , 2703.8719999999998436, 0, , , 2703.8719999999998436, 1, , , 2703.8719999999998436, 1, , , 2703.8719999999998436, 0
, , 2703.8769999999999527, 0, , , 2703.8769999999999527, 1, , , 2703.8769999999999527, 1, , , 2703.8769999999999527, 0
, , 2703.8820000000000618, 0, , , 2703.8820000000000618, 1, , , 2703.8820000000000618, 1, , , 2703.8820000000000618, 0
, , 2703.887000000000171, 0, , , 2703.887000000000171, 1, , , 2703.887000000000171, 1, , , 2703.887000000000171, 0
, , 2703.8919999999998254, 0, , , 2703.8919999999998254, 1, , , 2703.8919999999998254, 1, , , 2703.8919999999998254, 0
, , 2703.8969999999999345, 0, , , 2703.8969999999999345, 1, , , 2703.8969999999999345, 1, , , 2703.8969999999999345, 0
, , 2703.9020000000000437, 0, , , 2703.9020000000000437, 1, , , 2703.9020000000000437, 1, , , 2703.9020000000000437, 0
, , 2703.9070000000001528, 0, , , 2703.9070000000001528, 1, , , 2703.9070000000001528, 1, , , 2703.9070000000001528, 0
, , 2703.9130000000000109, 0, , , 2703.9130000000000109, 1, , , 2703.9130000000000109, 1, , , 2703.9130000000000109, 0
, , 2703.9169999999999163, 0, , , 2703.9169999999999163, 1, , , 2703.9169999999999163, 1, , , 2703.9169999999999163, 0
, , 2703.9220000000000255, 0, , , 2703.9220000000000255, 1, , , 2703.9220000000000255, 1, , , 2703.9220000000000255, 0
, , 2703.9270000000001346, 0, , , 2703.9270000000001346, 1, , , 2703.9270000000001346, 1, , , 2703.9270000000001346, 0
, , 2703.931999999999789, 0, , , 2703.931999999999789, 1, , , 2703.931999999999789, 1, , , 2703.931999999999789, 0
, , 2703.9369999999998981, 0, , , 2703.9369999999998981, 1, , , 2703.9369999999998981, 1, , , 2703.9369999999998981, 0
, , 2703.9420000000000073, 0, , , 2703.9420000000000073, 1, , , 2703.9420000000000073, 1, , , 2703.9420000000000073, 0
, , 2703.9470000000001164, 0, , , 2703.9470000000001164, 1, , , 2703.9470000000001164, 1, , , 2703.9470000000001164, 0
, , 2703.9520000000002256, 0, , , 2703.9520000000002256, 1, , , 2703.9520000000002256, 1, , , 2703.9520000000002256, 0
, , 2703.9569999999998799, 0, , , 2703.9569999999998799, 1, , , 2703.9569999999998799, 1, , , 2703.9569999999998799, 0
, , 2703.9630000000001928, 0, , , 2703.9630000000001928, 1, , , 2703.9630000000001928, 1, , , 2703.9630000000001928, 0
, , 2703.9670000000000982, 0, , , 2703.9670000000000982, 1, , , 2703.9670000000000982, 1, , , 2703.9670000000000982, 0
, , 2703.9720000000002074, 0, , , 2703.9720000000002074, 1, , , 2703.9720000000002074, 1, , , 2703.9720000000002074, 0
, , 2703.9780000000000655, 0, , , 2703.9780000000000655, 1, , , 2703.9780000000000655, 1, , , 2703.9780000000000655, 0
, , 2703.9819999999999709, 0, , , 2703.9819999999999709, 1, , , 2703.9819999999999709, 1, , , 2703.9819999999999709, 0
, , 2703.9899999999997817, 0, , , 2703.9899999999997817, 1, , , 2703.9899999999997817, 1, , , 2703.9899999999997817, 0
, , 2703.9929999999999382, 0, , , 2703.9929999999999382, 1, , , 2703.9929999999999382, 1, , , 2703.9929999999999382, 0
, , 2703.9969999999998436, 0, , , 2703.9969999999998436, 1, , , 2703.9969999999998436, 1, , , 2703.9969999999998436, 0
, , 2704.0019999999999527, 0, , , 2704.0019999999999527, 1, , , 2704.0019999999999527, 1, , , 2704.0019999999999527, 0
, , 2704.0070000000000618, 0, , , 2704.0070000000000618, 1, , , 2704.0070000000000618, 1, , , 2704.0070000000000618, 0
, , 2704.012000000000171, 0, , , 2704.012000000000171, 1, , , 2704.012000000000171, 1, , , 2704.012000000000171, 0
, , 2704.0169999999998254, 0, , , 2704.0169999999998254, 1, , , 2704.0169999999998254, 1, , , 2704.0169999999998254, 0
, , 2704.0219999999999345, 0, , , 2704.0219999999999345, 1, , , 2704.0219999999999345, 1, , , 2704.0219999999999345, 0
, , 2704.0270000000000437, 0, , , 2704.0270000000000437, 1, , , 2704.0270000000000437, 1, , , 2704.0270000000000437, 0
, , 2704.0320000000001528, 0, , , 2704.0320000000001528, 1, , , 2704.0320000000001528, 1, , , 2704.0320000000001528, 0
, , 2704.0369999999998072, 0, , , 2704.0369999999998072, 1, , , 2704.0369999999998072, 1, , , 2704.0369999999998072, 0
, , 2704.0419999999999163, 0, , , 2704.0419999999999163, 1, , , 2704.0419999999999163, 1, , , 2704.0419999999999163, 0
, , 2704.0479999999997744, 0, , , 2704.0479999999997744, 1, , , 2704.0479999999997744, 1, , , 2704.0479999999997744, 0
, , 2704.0520000000001346, 0, , , 2704.0520000000001346, 1, , , 2704.0520000000001346, 1, , , 2704.0520000000001346, 0
, , 2704.056999999999789, 0, , , 2704.056999999999789, 1, , , 2704.056999999999789, 1, , , 2704.056999999999789, 0
, , 2704.0619999999998981, 0, , , 2704.0619999999998981, 1, , , 2704.0619999999998981, 1, , , 2704.0619999999998981, 0
, , 2704.068000000000211, 0, , , 2704.068000000000211, 1, , , 2704.068000000000211, 1, , , 2704.068000000000211, 0
, , 2704.0720000000001164, 0, , , 2704.0720000000001164, 1, , , 2704.0720000000001164, 1, , , 2704.0720000000001164, 0
, , 2704.0770000000002256, 0, , , 2704.0770000000002256, 1, , , 2704.0770000000002256, 1, , , 2704.0770000000002256, 0
, , 2704.0819999999998799, 0, , , 2704.0819999999998799, 1, , , 2704.0819999999998799, 1, , , 2704.0819999999998799, 0
, , 2704.0880000000001928, 0, , , 2704.0880000000001928, 1, , , 2704.0880000000001928, 1, , , 2704.0880000000001928, 0
, , 2704.0940000000000509, 0, , , 2704.0940000000000509, 1, , , 2704.0940000000000509, 1, , , 2704.0940000000000509, 0
, , 2704.0970000000002074, 0, , , 2704.0970000000002074, 1, , , 2704.0970000000002074, 1, , , 2704.0970000000002074, 0
, , 2704.1019999999998618, 0, , , 2704.1019999999998618, 1, , , 2704.1019999999998618, 1, , , 2704.1019999999998618, 0
, , 2704.1069999999999709, 0, , , 2704.1069999999999709, 1, , , 2704.1069999999999709, 1, , , 2704.1069999999999709, 0
, , 2704.11200000000008, 1, , , 2704.11200000000008, 1, , , 2704.11200000000008, 1, , , 2704.11200000000008, 1
, , 2704.1179999999999382, 1, , , 2704.1179999999999382, 1, , , 2704.1179999999999382, 1, , , 2704.1179999999999382, 1
, , 2704.1219999999998436, 1, , , 2704.1219999999998436, 1, , , 2704.1219999999998436, 1, , , 2704.1219999999998436, 1
, , 2704.1269999999999527, 1, , , 2704.1269999999999527, 1, , , 2704.1269999999999527, 1, , , 2704.1269999999999527, 1
, , 2704.1320000000000618, 1, , , 2704.1320000000000618, 1, , , 2704.1320000000000618, 1, , , 2704.1320000000000618, 1
, , 2704.137000000000171, 1, , , 2704.137000000000171, 1, , , 2704.137000000000171, 1, , , 2704.137000000000171, 1
, , 2704.1419999999998254, 1, , , 2704.1419999999998254, 1, , , 2704.1419999999998254, 1, , , 2704.1419999999998254, 1
, , 2704.1469999999999345, 1, , , 2704.1469999999999345, 1, , , 2704.1469999999999345, 1, , , 2704.1469999999999345, 1
, , 2704.1520000000000437, 1, , , 2704.1520000000000437, 1, , , 2704.1520000000000437, 1, , , 2704.1520000000000437, 1
, , 2704.1570000000001528, 1, , , 2704.1570000000001528, 1, , , 2704.1570000000001528, 1, , , 2704.1570000000001528, 1
, , 2704.1619999999998072, 1, , , 2704.1619999999998072, 1, , , 2704.1619999999998072, 1, , , 2704.1619999999998072, 1
, , 2704.1669999999999163, 1, , , 2704.1669999999999163, 1, , , 2704.1669999999999163, 1, , , 2704.1669999999999163, 1
, , 2704.1729999999997744, 1, , , 2704.1729999999997744, 1, , , 2704.1729999999997744, 1, , , 2704.1729999999997744, 1
, , 2704.1779999999998836, 1, , , 2704.1779999999998836, 1, , , 2704.1779999999998836, 1, , , 2704.1779999999998836, 1
, , 2704.181999999999789, 1, , , 2704.181999999999789, 1, , , 2704.181999999999789, 1, , , 2704.181999999999789, 1
, , 2704.1880000000001019, 1, , , 2704.1880000000001019, 0, , , 2704.1880000000001019, 0, , , 2704.1880000000001019, 1
, , 2704.1920000000000073, 1, , , 2704.1920000000000073, 0, , , 2704.1920000000000073, 0, , , 2704.1920000000000073, 1
, , 2704.1970000000001164, 1, , , 2704.1970000000001164, 0, , , 2704.1970000000001164, 0, , , 2704.1970000000001164, 1
, , 2704.2029999999999745, 1, , , 2704.2029999999999745, 0, , , 2704.2029999999999745, 0, , , 2704.2029999999999745, 1
, , 2704.2069999999998799, 1, , , 2704.2069999999998799, 0, , , 2704.2069999999998799, 0, , , 2704.2069999999998799, 1
, , 2704.2119999999999891, 1, , , 2704.2119999999999891, 0, , , 2704.2119999999999891, 0, , , 2704.2119999999999891, 1
, , 2704.2179999999998472, 1, , , 2704.2179999999998472, 0, , , 2704.2179999999998472, 0, , , 2704.2179999999998472, 1
, , 2704.2220000000002074, 1, , , 2704.2220000000002074, 0, , , 2704.2220000000002074, 0, , , 2704.2220000000002074, 1
, , 2704.2280000000000655, 1, , , 2704.2280000000000655, 0, , , 2704.2280000000000655, 0, , , 2704.2280000000000655, 1
, , 2704.2319999999999709, 1, , , 2704.2319999999999709, 0, , , 2704.2319999999999709, 0, , , 2704.2319999999999709, 1
, , 2704.23700000000008, 1, , , 2704.23700000000008, 0, , , 2704.23700000000008, 0, , , 2704.23700000000008, 1
, , 2704.2420000000001892, 1, , , 2704.2420000000001892, 0, , , 2704.2420000000001892, 0, , , 2704.2420000000001892, 1
, , 2704.2469999999998436, 1, , , 2704.2469999999998436, 0, , , 2704.2469999999998436, 0, , , 2704.2469999999998436, 1
, , 2704.2519999999999527, 1, , , 2704.2519999999999527, 0, , , 2704.2519999999999527, 0, , , 2704.2519999999999527, 1
, , 2704.2590000000000146, 1, , , 2704.2590000000000146, 0, , , 2704.2590000000000146, 0, , , 2704.2590000000000146, 1
, , 2704.262000000000171, 1, , , 2704.262000000000171, 0, , , 2704.262000000000171, 0, , , 2704.262000000000171, 1
, , 2704.2680000000000291, 1, , , 2704.2680000000000291, 0, , , 2704.2680000000000291, 0, , , 2704.2680000000000291, 1
, , 2704.2719999999999345, 1, , , 2704.2719999999999345, 0, , , 2704.2719999999999345, 0, , , 2704.2719999999999345, 1
, , 2704.2770000000000437, 1, , , 2704.2770000000000437, 0, , , 2704.2770000000000437, 0, , , 2704.2770000000000437, 1
, , 2704.2820000000001528, 1, , , 2704.2820000000001528, 0, , , 2704.2820000000001528, 0, , , 2704.2820000000001528, 1
, , 2704.2869999999998072, 1, , , 2704.2869999999998072, 0, , , 2704.2869999999998072, 0, , , 2704.2869999999998072, 1
, , 2704.2919999999999163, 1, , , 2704.2919999999999163, 0, , , 2704.2919999999999163, 0, , , 2704.2919999999999163, 1
, , 2704.2970000000000255, 1, , , 2704.2970000000000255, 0, , , 2704.2970000000000255, 0, , , 2704.2970000000000255, 1
, , 2704.3009999999999309, 1, , , 2704.3009999999999309, 0, , , 2704.3009999999999309, 0, , , 2704.3009999999999309, 1
, , 2704.306999999999789, 1, , , 2704.306999999999789, 0, , , 2704.306999999999789, 0, , , 2704.306999999999789, 1
, , 2704.3119999999998981, 1, , , 2704.3119999999998981, 0, , , 2704.3119999999998981, 0, , , 2704.3119999999998981, 1
, , 2704.3170000000000073, 1, , , 2704.3170000000000073, 0, , , 2704.3170000000000073, 0, , , 2704.3170000000000073, 1
, , 2704.3220000000001164, 1, , , 2704.3220000000001164, 0, , , 2704.3220000000001164, 0, , , 2704.3220000000001164, 1
, , 2704.3270000000002256, 1, , , 2704.3270000000002256, 0, , , 2704.3270000000002256, 0, , , 2704.3270000000002256, 1
, , 2704.3319999999998799, 1, , , 2704.3319999999998799, 0, , , 2704.3319999999998799, 0, , , 2704.3319999999998799, 1
, , 2704.3369999999999891, 1, , , 2704.3369999999999891, 0, , , 2704.3369999999999891, 0, , , 2704.3369999999999891, 1
, , 2704.3420000000000982, 1, , , 2704.3420000000000982, 0, , , 2704.3420000000000982, 0, , , 2704.3420000000000982, 1
, , 2704.3470000000002074, 1, , , 2704.3470000000002074, 0, , , 2704.3470000000002074, 0, , , 2704.3470000000002074, 1
, , 2704.3519999999998618, 1, , , 2704.3519999999998618, 0, , , 2704.3519999999998618, 0, , , 2704.3519999999998618, 1
, , 2704.3580000000001746, 1, , , 2704.3580000000001746, 0, , , 2704.3580000000001746, 0, , , 2704.3580000000001746, 1
, , 2704.36200000000008, 1, , , 2704.36200000000008, 0, , , 2704.36200000000008, 0, , , 2704.36200000000008, 1
, , 2704.3670000000001892, 1, , , 2704.3670000000001892, 0, , , 2704.3670000000001892, 0, , , 2704.3670000000001892, 1
, , 2704.3710000000000946, 1, , , 2704.3710000000000946, 0, , , 2704.3710000000000946, 0, , , 2704.3710000000000946, 1
, , 2704.3769999999999527, 1, , , 2704.3769999999999527, 0, , , 2704.3769999999999527, 0, , , 2704.3769999999999527, 1
, , 2704.3820000000000618, 1, , , 2704.3820000000000618, 0, , , 2704.3820000000000618, 0, , , 2704.3820000000000618, 1
, , 2704.38799999999992, 1, , , 2704.38799999999992, 0, , , 2704.38799999999992, 0, , , 2704.38799999999992, 1
, , 2704.3930000000000291, 1, , , 2704.3930000000000291, 0, , , 2704.3930000000000291, 0, , , 2704.3930000000000291, 1
, , 2704.3969999999999345, 1, , , 2704.3969999999999345, 0, , , 2704.3969999999999345, 0, , , 2704.3969999999999345, 1
, , 2704.4020000000000437, 1, , , 2704.4020000000000437, 0, , , 2704.4020000000000437, 0, , , 2704.4020000000000437, 1
, , 2704.4070000000001528, 1, , , 2704.4070000000001528, 0, , , 2704.4070000000001528, 0, , , 2704.4070000000001528, 1
, , 2704.4130000000000109, 1, , , 2704.4130000000000109, 0, , , 2704.4130000000000109, 0, , , 2704.4130000000000109, 1
, , 2704.4169999999999163, 1, , , 2704.4169999999999163, 0, , , 2704.4169999999999163, 0, , , 2704.4169999999999163, 1
, , 2704.4220000000000255, 1, , , 2704.4220000000000255, 0, , , 2704.4220000000000255, 0, , , 2704.4220000000000255, 1
, , 2704.4270000000001346, 1, , , 2704.4270000000001346, 0, , , 2704.4270000000001346, 0, , , 2704.4270000000001346, 1
, , 2704.431999999999789, 1, , , 2704.431999999999789, 0, , , 2704.431999999999789, 0, , , 2704.431999999999789, 1
, , 2704.4369999999998981, 1, , , 2704.4369999999998981, 1, , , 2704.4369999999998981, 1, , , 2704.4369999999998981, 1
, , 2704.4420000000000073, 1, , , 2704.4420000000000073, 1, , , 2704.4420000000000073, 1, , , 2704.4420000000000073, 1
, , 2704.4470000000001164, 1, , , 2704.4470000000001164, 1, , , 2704.4470000000001164, 1, , , 2704.4470000000001164, 1
, , 2704.4520000000002256, 1, , , 2704.4520000000002256, 1, , , 2704.4520000000002256, 1, , , 2704.4520000000002256, 1
, , 2704.4580000000000837, 1, , , 2704.4580000000000837, 1, , , 2704.4580000000000837, 1, , , 2704.4580000000000837, 1
, , 2704.4619999999999891, 1, , , 2704.4619999999999891, 1, , , 2704.4619999999999891, 1, , , 2704.4619999999999891, 1
, , 2704.4670000000000982, 1, , , 2704.4670000000000982, 1, , , 2704.4670000000000982, 1, , , 2704.4670000000000982, 1
, , 2704.4720000000002074, 1, , , 2704.4720000000002074, 1, , , 2704.4720000000002074, 1, , , 2704.4720000000002074, 1
, , 2704.4769999999998618, 1, , , 2704.4769999999998618, 1, , , 2704.4769999999998618, 1, , , 2704.4769999999998618, 1
, , 2704.4819999999999709, 1, , , 2704.4819999999999709, 1, , , 2704.4819999999999709, 1, , , 2704.4819999999999709, 1
, , 2704.48700000000008, 1, , , 2704.48700000000008, 1, , , 2704.48700000000008, 1, , , 2704.48700000000008, 1
, , 2704.4929999999999382, 1, , , 2704.4929999999999382, 1, , , 2704.4929999999999382, 1, , , 2704.4929999999999382, 1
, , 2704.4980000000000473, 1, , , 2704.4980000000000473, 1, , , 2704.4980000000000473, 1, , , 2704.4980000000000473, 1
, , 2704.5019999999999527, 1, , , 2704.5019999999999527, 1, , , 2704.5019999999999527, 1, , , 2704.5019999999999527, 1
, , 2704.5070000000000618, 1, , , 2704.5070000000000618, 1, , , 2704.5070000000000618, 1, , , 2704.5070000000000618, 1
, , 2704.512000000000171, 0, , , 2704.512000000000171, 1, , , 2704.512000000000171, 1, , , 2704.512000000000171, 0
, , 2704.5180000000000291, 0, , , 2704.5180000000000291, 1, , , 2704.5180000000000291, 1, , , 2704.5180000000000291, 0
, , 2704.5219999999999345, 0, , , 2704.5219999999999345, 1, , , 2704.5219999999999345, 1, , , 2704.5219999999999345, 0
, , 2704.5270000000000437, 0, , , 2704.5270000000000437, 1, , , 2704.5270000000000437, 1, , , 2704.5270000000000437, 0
, , 2704.5320000000001528, 0, , , 2704.5320000000001528, 1, , , 2704.5320000000001528, 1, , , 2704.5320000000001528, 0
, , 2704.5390000000002146, 0, , , 2704.5390000000002146, 1, , , 2704.5390000000002146, 1, , , 2704.5390000000002146, 0
, , 2704.5419999999999163, 0, , , 2704.5419999999999163, 1, , , 2704.5419999999999163, 1, , , 2704.5419999999999163, 0
, , 2704.5470000000000255, 0, , , 2704.5470000000000255, 1, , , 2704.5470000000000255, 1, , , 2704.5470000000000255, 0
, , 2704.5520000000001346, 0, , , 2704.5520000000001346, 1, , , 2704.5520000000001346, 1, , , 2704.5520000000001346, 0
, , 2704.556999999999789, 0, , , 2704.556999999999789, 1, , , 2704.556999999999789, 1, , , 2704.556999999999789, 0
, , 2704.5619999999998981, 0, , , 2704.5619999999998981, 1, , , 2704.5619999999998981, 1, , , 2704.5619999999998981, 0
, , 2704.5670000000000073, 0, , , 2704.5670000000000073, 1, , , 2704.5670000000000073, 1, , , 2704.5670000000000073, 0
, , 2704.56899999999996, 0, , , 2704.56899999999996, 1, , , 2704.56899999999996, 1, , , 2704.56899999999996, 0
, , 2704.5770000000002256, 0, , , 2704.5770000000002256, 1, , , 2704.5770000000002256, 1, , , 2704.5770000000002256, 0
, , 2704.5819999999998799, 0, , , 2704.5819999999998799, 1, , , 2704.5819999999998799, 1, , , 2704.5819999999998799, 0
, , 2704.5869999999999891, 0, , , 2704.5869999999999891, 1, , , 2704.5869999999999891, 1, , , 2704.5869999999999891, 0
, , 2704.5920000000000982, 0, , , 2704.5920000000000982, 1, , , 2704.5920000000000982, 1, , , 2704.5920000000000982, 0
, , 2704.5970000000002074, 0, , , 2704.5970000000002074, 1, , , 2704.5970000000002074, 1, , , 2704.5970000000002074, 0
, , 2704.6019999999998618, 0, , , 2704.6019999999998618, 1, , , 2704.6019999999998618, 1, , , 2704.6019999999998618, 0
, , 2704.6069999999999709, 0, , , 2704.6069999999999709, 1, , , 2704.6069999999999709, 1, , , 2704.6069999999999709, 0
, , 2704.61200000000008, 0, , , 2704.61200000000008, 1, , , 2704.61200000000008, 1, , , 2704.61200000000008, 0
, , 2704.6170000000001892, 0, , , 2704.6170000000001892, 1, , , 2704.6170000000001892, 1, , , 2704.6170000000001892, 0
, , 2704.6230000000000473, 0, , , 2704.6230000000000473, 1, , , 2704.6230000000000473, 1, , , 2704.6230000000000473, 0
, , 2704.6269999999999527, 0, , , 2704.6269999999999527, 1, , , 2704.6269999999999527, 1, , , 2704.6269999999999527, 0
, , 2704.6320000000000618, 0, , , 2704.6320000000000618, 1, , , 2704.6320000000000618, 1, , , 2704.6320000000000618, 0
, , 2704.637000000000171, 0, , , 2704.637000000000171, 1, , , 2704.637000000000171, 1, , , 2704.637000000000171, 0
, , 2704.6419999999998254, 0, , , 2704.6419999999998254, 1, , , 2704.6419999999998254, 1, , , 2704.6419999999998254, 0
, , 2704.6469999999999345, 0, , , 2704.6469999999999345, 1, , , 2704.6469999999999345, 1, , , 2704.6469999999999345, 0
, , 2704.6520000000000437, 0, , , 2704.6520000000000437, 1, , , 2704.6520000000000437, 1, , , 2704.6520000000000437, 0
, , 2704.6570000000001528, 0, , , 2704.6570000000001528, 1, , , 2704.6570000000001528, 1, , , 2704.6570000000001528, 0
, , 2704.6610000000000582, 0, , , 2704.6610000000000582, 1, , , 2704.6610000000000582, 1, , , 2704.6610000000000582, 0
, , 2704.6669999999999163, 0, , , 2704.6669999999999163, 1, , , 2704.6669999999999163, 1, , , 2704.6669999999999163, 0
, , 2704.6709999999998217, 0, , , 2704.6709999999998217, 1, , , 2704.6709999999998217, 1, , , 2704.6709999999998217, 0
, , 2704.6770000000001346, 0, , , 2704.6770000000001346, 1, , , 2704.6770000000001346, 1, , , 2704.6770000000001346, 0
, , 2704.681999999999789, 0, , , 2704.681999999999789, 1, , , 2704.681999999999789, 1, , , 2704.681999999999789, 0
, , 2704.6869999999998981, 0, , , 2704.6869999999998981, 1, , , 2704.6869999999998981, 1, , , 2704.6869999999998981, 0
, , 2704.6920000000000073, 0, , , 2704.6920000000000073, 1, , , 2704.6920000000000073, 1, , , 2704.6920000000000073, 0
, , 2704.6979999999998654, 0, , , 2704.6979999999998654, 1, , , 2704.6979999999998654, 1, , , 2704.6979999999998654, 0
, , 2704.7020000000002256, 0, , , 2704.7020000000002256, 1, , , 2704.7020000000002256, 1, , , 2704.7020000000002256, 0
, , 2704.7069999999998799, 0, , , 2704.7069999999998799, 1, , , 2704.7069999999998799, 1, , , 2704.7069999999998799, 0
, , 2704.7130000000001928, 0, , , 2704.7130000000001928, 1, , , 2704.7130000000001928, 1, , , 2704.7130000000001928, 0
, , 2704.7170000000000982, 0, , , 2704.7170000000000982, 1, , , 2704.7170000000000982, 1, , , 2704.7170000000000982, 0
, , 2704.7220000000002074, 0, , , 2704.7220000000002074, 1, , , 2704.7220000000002074, 1, , , 2704.7220000000002074, 0
, , 2704.7269999999998618, 0, , , 2704.7269999999998618, 1, , , 2704.7269999999998618, 1, , , 2704.7269999999998618, 0
, , 2704.7330000000001746, 0, , , 2704.7330000000001746, 1, , , 2704.7330000000001746, 1, , , 2704.7330000000001746, 0
, , 2704.73700000000008, 0, , , 2704.73700000000008, 1, , , 2704.73700000000008, 1, , , 2704.73700000000008, 0
, , 2704.7429999999999382, 0, , , 2704.7429999999999382, 1, , , 2704.7429999999999382, 1, , , 2704.7429999999999382, 0
, , 2704.7469999999998436, 0, , , 2704.7469999999998436, 1, , , 2704.7469999999998436, 1, , , 2704.7469999999998436, 0
, , 2704.7519999999999527, 0, , , 2704.7519999999999527, 1, , , 2704.7519999999999527, 1, , , 2704.7519999999999527, 0
, , 2704.7570000000000618, 0, , , 2704.7570000000000618, 1, , , 2704.7570000000000618, 1, , , 2704.7570000000000618, 0
, , 2704.762000000000171, 1, , , 2704.762000000000171, 1, , , 2704.762000000000171, 1, , , 2704.762000000000171, 1
, , 2704.7669999999998254, 1, , , 2704.7669999999998254, 1, , , 2704.7669999999998254, 1, , , 2704.7669999999998254, 1
, , 2704.7719999999999345, 1, , , 2704.7719999999999345, 1, , , 2704.7719999999999345, 1, , , 2704.7719999999999345, 1
, , 2704.7770000000000437, 1, , , 2704.7770000000000437, 1, , , 2704.7770000000000437, 1, , , 2704.7770000000000437, 1
, , 2704.7829999999999018, 1, , , 2704.7829999999999018, 1, , , 2704.7829999999999018, 1, , , 2704.7829999999999018, 1
, , 2704.7869999999998072, 1, , , 2704.7869999999998072, 1, , , 2704.7869999999998072, 1, , , 2704.7869999999998072, 1
, , 2704.7919999999999163, 1, , , 2704.7919999999999163, 1, , , 2704.7919999999999163, 1, , , 2704.7919999999999163, 1
, , 2704.7970000000000255, 1, , , 2704.7970000000000255, 1, , , 2704.7970000000000255, 1, , , 2704.7970000000000255, 1
, , 2704.8020000000001346, 1, , , 2704.8020000000001346, 1, , , 2704.8020000000001346, 1, , , 2704.8020000000001346, 1
, , 2704.8110000000001492, 1, , , 2704.8110000000001492, 1, , , 2704.8110000000001492, 1, , , 2704.8110000000001492, 1
, , 2704.8119999999998981, 1, , , 2704.8119999999998981, 1, , , 2704.8119999999998981, 1, , , 2704.8119999999998981, 1
, , 2704.8170000000000073, 1, , , 2704.8170000000000073, 1, , , 2704.8170000000000073, 1, , , 2704.8170000000000073, 1
, , 2704.8209999999999127, 1, , , 2704.8209999999999127, 1, , , 2704.8209999999999127, 1, , , 2704.8209999999999127, 1
, , 2704.8279999999999745, 1, , , 2704.8279999999999745, 1, , , 2704.8279999999999745, 1, , , 2704.8279999999999745, 1
, , 2704.8319999999998799, 1, , , 2704.8319999999998799, 1, , , 2704.8319999999998799, 1, , , 2704.8319999999998799, 1
, , 2704.8369999999999891, 1, , , 2704.8369999999999891, 0, , , 2704.8369999999999891, 0, , , 2704.8369999999999891, 1
, , 2704.8420000000000982, 1, , , 2704.8420000000000982, 0, , , 2704.8420000000000982, 0, , , 2704.8420000000000982, 1
, , 2704.8470000000002074, 1, , , 2704.8470000000002074, 0, , , 2704.8470000000002074, 0, , , 2704.8470000000002074, 1
, , 2704.8519999999998618, 1, , , 2704.8519999999998618, 0, , , 2704.8519999999998618, 0, , , 2704.8519999999998618, 1
, , 2704.8589999999999236, 1, , , 2704.8589999999999236, 0, , , 2704.8589999999999236, 0, , , 2704.8589999999999236, 1
, , 2704.862999999999829, 1, , , 2704.862999999999829, 0, , , 2704.862999999999829, 0, , , 2704.862999999999829, 1
, , 2704.8679999999999382, 1, , , 2704.8679999999999382, 0, , , 2704.8679999999999382, 0, , , 2704.8679999999999382, 1
, , 2704.8719999999998436, 1, , , 2704.8719999999998436, 0, , , 2704.8719999999998436, 0, , , 2704.8719999999998436, 1
, , 2704.8769999999999527, 1, , , 2704.8769999999999527, 0, , , 2704.8769999999999527, 0, , , 2704.8769999999999527, 1
, , 2704.8820000000000618, 1, , , 2704.8820000000000618, 0, , , 2704.8820000000000618, 0, , , 2704.8820000000000618, 1
, , 2704.8859999999999673, 1, , , 2704.8859999999999673, 0, , , 2704.8859999999999673, 0, , , 2704.8859999999999673, 1
, , 2704.8930000000000291, 1, , , 2704.8930000000000291, 0, , , 2704.8930000000000291, 0, , , 2704.8930000000000291, 1
, , 2704.8980000000001382, 1, , , 2704.8980000000001382, 0, , , 2704.8980000000001382, 0, , , 2704.8980000000001382, 1
, , 2704.9020000000000437, 1, , , 2704.9020000000000437, 0, , , 2704.9020000000000437, 0, , , 2704.9020000000000437, 1
, , 2704.9070000000001528, 1, , , 2704.9070000000001528, 0, , , 2704.9070000000001528, 0, , , 2704.9070000000001528, 1
, , 2704.9119999999998072, 1, , , 2704.9119999999998072, 0, , , 2704.9119999999998072, 0, , , 2704.9119999999998072, 1
, , 2704.918999999999869, 1, , , 2704.918999999999869, 0, , , 2704.918999999999869, 0, , , 2704.918999999999869, 1
, , 2704.9229999999997744, 1, , , 2704.9229999999997744, 0, , , 2704.9229999999997744, 0, , , 2704.9229999999997744, 1
, , 2704.9290000000000873, 1, , , 2704.9290000000000873, 0, , , 2704.9290000000000873, 0, , , 2704.9290000000000873, 1
, , 2704.931999999999789, 1, , , 2704.931999999999789, 0, , , 2704.931999999999789, 0, , , 2704.931999999999789, 1
, , 2704.9369999999998981, 1, , , 2704.9369999999998981, 0, , , 2704.9369999999998981, 0, , , 2704.9369999999998981, 1
, , 2704.9420000000000073, 1, , , 2704.9420000000000073, 0, , , 2704.9420000000000073, 0, , , 2704.9420000000000073, 1
, , 2704.9470000000001164, 1, , , 2704.9470000000001164, 0, , , 2704.9470000000001164, 0, , , 2704.9470000000001164, 1
, , 2704.9529999999999745, 1, , , 2704.9529999999999745, 0, , , 2704.9529999999999745, 0, , , 2704.9529999999999745, 1
, , 2704.9569999999998799, 1, , , 2704.9569999999998799, 0, , , 2704.9569999999998799, 0, , , 2704.9569999999998799, 1
, , 2704.9639999999999418, 1, , , 2704.9639999999999418, 0, , , 2704.9639999999999418, 0, , , 2704.9639999999999418, 1
, , 2704.9670000000000982, 1, , , 2704.9670000000000982, 0, , , 2704.9670000000000982, 0, , , 2704.9670000000000982, 1
, , 2704.9720000000002074, 1, , , 2704.9720000000002074, 0, , , 2704.9720000000002074, 0, , , 2704.9720000000002074, 1
, , 2704.9780000000000655, 1, , , 2704.9780000000000655, 0, , , 2704.9780000000000655, 0, , , 2704.9780000000000655, 1
, , 2704.9819999999999709, 1, , , 2704.9819999999999709, 0, , , 2704.9819999999999709, 0, , , 2704.9819999999999709, 1
, , 2704.98700000000008, 1, , , 2704.98700000000008, 0, , , 2704.98700000000008, 0, , , 2704.98700000000008, 1
, , 2704.9920000000001892, 1, , , 2704.9920000000001892, 0, , , 2704.9920000000001892, 0, , , 2704.9920000000001892, 1
, , 2704.9980000000000473, 1, , , 2704.9980000000000473, 0, , , 2704.9980000000000473, 0, , , 2704.9980000000000473, 1
, , 2705.0019999999999527, 1, , , 2705.0019999999999527, 0, , , 2705.0019999999999527, 0, , , 2705.0019999999999527, 1
, , 2705.0070000000000618, 1, , , 2705.0070000000000618, 0, , , 2705.0070000000000618, 0, , , 2705.0070000000000618, 1
, , 2705.012000000000171, 1, , , 2705.012000000000171, 0, , , 2705.012000000000171, 0, , , 2705.012000000000171, 1
, , 2705.0169999999998254, 1, , , 2705.0169999999998254, 0, , , 2705.0169999999998254, 0, , , 2705.0169999999998254, 1
, , 2705.0219999999999345, 1, , , 2705.0219999999999345, 0, , , 2705.0219999999999345, 0, , , 2705.0219999999999345, 1
, , 2705.0270000000000437, 1, , , 2705.0270000000000437, 0, , , 2705.0270000000000437, 0, , , 2705.0270000000000437, 1
, , 2705.0320000000001528, 1, , , 2705.0320000000001528, 0, , , 2705.0320000000001528, 0, , , 2705.0320000000001528, 1
, , 2705.0369999999998072, 1, , , 2705.0369999999998072, 0, , , 2705.0369999999998072, 0, , , 2705.0369999999998072, 1
, , 2705.0419999999999163, 1, , , 2705.0419999999999163, 0, , , 2705.0419999999999163, 0, , , 2705.0419999999999163, 1
, , 2705.0470000000000255, 1, , , 2705.0470000000000255, 0, , , 2705.0470000000000255, 0, , , 2705.0470000000000255, 1
, , 2705.0520000000001346, 1, , , 2705.0520000000001346, 0, , , 2705.0520000000001346, 0, , , 2705.0520000000001346, 1
, , 2705.056999999999789, 1, , , 2705.056999999999789, 0, , , 2705.056999999999789, 0, , , 2705.056999999999789, 1
, , 2705.0630000000001019, 1, , , 2705.0630000000001019, 0, , , 2705.0630000000001019, 0, , , 2705.0630000000001019, 1
, , 2705.068000000000211, 1, , , 2705.068000000000211, 0, , , 2705.068000000000211, 0, , , 2705.068000000000211, 1
, , 2705.0720000000001164, 1, , , 2705.0720000000001164, 0, , , 2705.0720000000001164, 0, , , 2705.0720000000001164, 1
, , 2705.0779999999999745, 1, , , 2705.0779999999999745, 0, , , 2705.0779999999999745, 0, , , 2705.0779999999999745, 1
, , 2705.0819999999998799, 1, , , 2705.0819999999998799, 0, , , 2705.0819999999998799, 0, , , 2705.0819999999998799, 1
, , 2705.0869999999999891, 1, , , 2705.0869999999999891, 1, , , 2705.0869999999999891, 1, , , 2705.0869999999999891, 1
, , 2705.0929999999998472, 1, , , 2705.0929999999998472, 1, , , 2705.0929999999998472, 1, , , 2705.0929999999998472, 1
, , 2705.0970000000002074, 1, , , 2705.0970000000002074, 1, , , 2705.0970000000002074, 1, , , 2705.0970000000002074, 1
, , 2705.1030000000000655, 1, , , 2705.1030000000000655, 1, , , 2705.1030000000000655, 1, , , 2705.1030000000000655, 1
, , 2705.1069999999999709, 1, , , 2705.1069999999999709, 1, , , 2705.1069999999999709, 1, , , 2705.1069999999999709, 1
, , 2705.11200000000008, 1, , , 2705.11200000000008, 1, , , 2705.11200000000008, 1, , , 2705.11200000000008, 1
, , 2705.1179999999999382, 1, , , 2705.1179999999999382, 1, , , 2705.1179999999999382, 1, , , 2705.1179999999999382, 1
, , 2705.1219999999998436, 1, , , 2705.1219999999998436, 1, , , 2705.1219999999998436, 1, , , 2705.1219999999998436, 1
, , 2705.1289999999999054, 1, , , 2705.1289999999999054, 1, , , 2705.1289999999999054, 1, , , 2705.1289999999999054, 1
, , 2705.1320000000000618, 1, , , 2705.1320000000000618, 1, , , 2705.1320000000000618, 1, , , 2705.1320000000000618, 1
, , 2705.137000000000171, 1, , , 2705.137000000000171, 1, , , 2705.137000000000171, 1, , , 2705.137000000000171, 1
, , 2705.1430000000000291, 1, , , 2705.1430000000000291, 1, , , 2705.1430000000000291, 1, , , 2705.1430000000000291, 1
, , 2705.1480000000001382, 1, , , 2705.1480000000001382, 1, , , 2705.1480000000001382, 1, , , 2705.1480000000001382, 1
, , 2705.1520000000000437, 1, , , 2705.1520000000000437, 1, , , 2705.1520000000000437, 1, , , 2705.1520000000000437, 1
, , 2705.1579999999999018, 1, , , 2705.1579999999999018, 1, , , 2705.1579999999999018, 1, , , 2705.1579999999999018, 1
, , 2705.1619999999998072, 1, , , 2705.1619999999998072, 1, , , 2705.1619999999998072, 1, , , 2705.1619999999998072, 1
, , 2705.1669999999999163, 1, , , 2705.1669999999999163, 1, , , 2705.1669999999999163, 1, , , 2705.1669999999999163, 1
, , 2705.1720000000000255, 1, , , 2705.1720000000000255, 1, , , 2705.1720000000000255, 1, , , 2705.1720000000000255, 1
, , 2705.1779999999998836, 1, , , 2705.1779999999998836, 1, , , 2705.1779999999998836, 1, , , 2705.1779999999998836, 1
, , 2705.181999999999789, 1, , , 2705.181999999999789, 1, , , 2705.181999999999789, 1, , , 2705.181999999999789, 1
, , 2705.1880000000001019, 1, , , 2705.1880000000001019, 1, , , 2705.1880000000001019, 1, , , 2705.1880000000001019, 1
, , 2705.1920000000000073, 1, , , 2705.1920000000000073, 1, , , 2705.1920000000000073, 1, , , 2705.1920000000000073, 1
, , 2705.1970000000001164, 1, , , 2705.1970000000001164, 1, , , 2705.1970000000001164, 1, , , 2705.1970000000001164, 1
, , 2705.2020000000002256, 1, , , 2705.2020000000002256, 1, , , 2705.2020000000002256, 1, , , 2705.2020000000002256, 1
, , 2705.2069999999998799, 1, , , 2705.2069999999998799, 1, , , 2705.2069999999998799, 1, , , 2705.2069999999998799, 1
, , 2705.2119999999999891, 1, , , 2705.2119999999999891, 1, , , 2705.2119999999999891, 1, , , 2705.2119999999999891, 1
, , 2705.2190000000000509, 1, , , 2705.2190000000000509, 1, , , 2705.2190000000000509, 1, , , 2705.2190000000000509, 1
, , 2705.2220000000002074, 1, , , 2705.2220000000002074, 1, , , 2705.2220000000002074, 1, , , 2705.2220000000002074, 1
, , 2705.2280000000000655, 1, , , 2705.2280000000000655, 1, , , 2705.2280000000000655, 1, , , 2705.2280000000000655, 1
, , 2705.2319999999999709, 1, , , 2705.2319999999999709, 1, , , 2705.2319999999999709, 1, , , 2705.2319999999999709, 1
, , 2705.23700000000008, 1, , , 2705.23700000000008, 1, , , 2705.23700000000008, 1, , , 2705.23700000000008, 1
, , 2705.2420000000001892, 1, , , 2705.2420000000001892, 1, , , 2705.2420000000001892, 1, , , 2705.2420000000001892, 1
, , 2705.2469999999998436, 1, , , 2705.2469999999998436, 1, , , 2705.2469999999998436, 1, , , 2705.2469999999998436, 1
, , 2705.2519999999999527, 1, , , 2705.2519999999999527, 1, , , 2705.2519999999999527, 1, , , 2705.2519999999999527, 1
, , 2705.2570000000000618, 1, , , 2705.2570000000000618, 1, , , 2705.2570000000000618, 1, , , 2705.2570000000000618, 1
, , 2705.262000000000171, 1, , , 2705.262000000000171, 1, , , 2705.262000000000171, 1, , , 2705.262000000000171, 1
, , 2705.2669999999998254, 1, , , 2705.2669999999998254, 1, , , 2705.2669999999998254, 1, , , 2705.2669999999998254, 1
, , 2705.2719999999999345, 1, , , 2705.2719999999999345, 1, , , 2705.2719999999999345, 1, , , 2705.2719999999999345, 1
, , 2705.2770000000000437, 1, , , 2705.2770000000000437, 1, , , 2705.2770000000000437, 1, , , 2705.2770000000000437, 1
, , 2705.2820000000001528, 1, , , 2705.2820000000001528, 1, , , 2705.2820000000001528, 1, , , 2705.2820000000001528, 1
, , 2705.2869999999998072, 1, , , 2705.2869999999998072, 1, , , 2705.2869999999998072, 1, , , 2705.2869999999998072, 1
, , 2705.2919999999999163, 1, , , 2705.2919999999999163, 1, , , 2705.2919999999999163, 1, , , 2705.2919999999999163, 1
, , 2705.2970000000000255, 1, , , 2705.2970000000000255, 1, , , 2705.2970000000000255, 1, , , 2705.2970000000000255, 1
, , 2705.3020000000001346, 1, , , 2705.3020000000001346, 1, , , 2705.3020000000001346, 1, , , 2705.3020000000001346, 1
, , 2705.306999999999789, 1, , , 2705.306999999999789, 1, , , 2705.306999999999789, 1, , , 2705.306999999999789, 1
, , 2705.3099999999999454, 1, , , 2705.3099999999999454, 1, , , 2705.3099999999999454, 1, , , 2705.3099999999999454, 1
, , 2705.318000000000211, 1, , , 2705.318000000000211, 1, , , 2705.318000000000211, 1, , , 2705.318000000000211, 1
, , 2705.3220000000001164, 1, , , 2705.3220000000001164, 1, , , 2705.3220000000001164, 1, , , 2705.3220000000001164, 1
, , 2705.3260000000000218, 1, , , 2705.3260000000000218, 1, , , 2705.3260000000000218, 1, , , 2705.3260000000000218, 1
, , 2705.3319999999998799, 1, , , 2705.3319999999998799, 1, , , 2705.3319999999998799, 1, , , 2705.3319999999998799, 1
, , 2705.3380000000001928, 1, , , 2705.3380000000001928, 1, , , 2705.3380000000001928, 1, , , 2705.3380000000001928, 1
, , 2705.3460000000000036, 1, , , 2705.3460000000000036, 1, , , 2705.3460000000000036, 1, , , 2705.3460000000000036, 1
, , 2705.3470000000002074, 1, , , 2705.3470000000002074, 1, , , 2705.3470000000002074, 1, , , 2705.3470000000002074, 1
, , 2705.3519999999998618, 1, , , 2705.3519999999998618, 1, , , 2705.3519999999998618, 1, , , 2705.3519999999998618, 1
, , 2705.3600000000001273, 1, , , 2705.3600000000001273, 1, , , 2705.3600000000001273, 1, , , 2705.3600000000001273, 1
, , 2705.36200000000008, 1, , , 2705.36200000000008, 1, , , 2705.36200000000008, 1, , , 2705.36200000000008, 1
, , 2705.3679999999999382, 1, , , 2705.3679999999999382, 1, , , 2705.3679999999999382, 1, , , 2705.3679999999999382, 1
, , 2705.3719999999998436, 1, , , 2705.3719999999998436, 1, , , 2705.3719999999998436, 1, , , 2705.3719999999998436, 1
, , 2705.3769999999999527, 1, , , 2705.3769999999999527, 1, , , 2705.3769999999999527, 1, , , 2705.3769999999999527, 1
, , 2705.3829999999998108, 1, , , 2705.3829999999998108, 1, , , 2705.3829999999998108, 1, , , 2705.3829999999998108, 1
, , 2705.387000000000171, 1, , , 2705.387000000000171, 1, , , 2705.387000000000171, 1, , , 2705.387000000000171, 1
, , 2705.3919999999998254, 1, , , 2705.3919999999998254, 1, , , 2705.3919999999998254, 1, , , 2705.3919999999998254, 1
, , 2705.3969999999999345, 1, , , 2705.3969999999999345, 1, , , 2705.3969999999999345, 1, , , 2705.3969999999999345, 1
, , 2705.4039999999999964, 1, , , 2705.4039999999999964, 1, , , 2705.4039999999999964, 1, , , 2705.4039999999999964, 1
, , 2705.4070000000001528, 1, , , 2705.4070000000001528, 1, , , 2705.4070000000001528, 1, , , 2705.4070000000001528, 1
, , 2705.4119999999998072, 1, , , 2705.4119999999998072, 1, , , 2705.4119999999998072, 1, , , 2705.4119999999998072, 1
, , 2705.4169999999999163, 1, , , 2705.4169999999999163, 1, , , 2705.4169999999999163, 1, , , 2705.4169999999999163, 1
, , 2705.4229999999997744, 1, , , 2705.4229999999997744, 1, , , 2705.4229999999997744, 1, , , 2705.4229999999997744, 1
, , 2705.4270000000001346, 1, , , 2705.4270000000001346, 1, , , 2705.4270000000001346, 1, , , 2705.4270000000001346, 1
, , 2705.431999999999789, 1, , , 2705.431999999999789, 1, , , 2705.431999999999789, 1, , , 2705.431999999999789, 1
, , 2705.4369999999998981, 1, , , 2705.4369999999998981, 1, , , 2705.4369999999998981, 1, , , 2705.4369999999998981, 1
, , 2705.4420000000000073, 1, , , 2705.4420000000000073, 1, , , 2705.4420000000000073, 1, , , 2705.4420000000000073, 1
, , 2705.4470000000001164, 1, , , 2705.4470000000001164, 1, , , 2705.4470000000001164, 1, , , 2705.4470000000001164, 1
, , 2705.4520000000002256, 1, , , 2705.4520000000002256, 1, , , 2705.4520000000002256, 1, , , 2705.4520000000002256, 1
, , 2705.4569999999998799, 1, , , 2705.4569999999998799, 1, , , 2705.4569999999998799, 1, , , 2705.4569999999998799, 1
, , 2705.4609999999997854, 1, , , 2705.4609999999997854, 1, , , 2705.4609999999997854, 1, , , 2705.4609999999997854, 1
, , 2705.4670000000000982, 1, , , 2705.4670000000000982, 1, , , 2705.4670000000000982, 1, , , 2705.4670000000000982, 1
, , 2705.4720000000002074, 1, , , 2705.4720000000002074, 1, , , 2705.4720000000002074, 1, , , 2705.4720000000002074, 1
, , 2705.4769999999998618, 1, , , 2705.4769999999998618, 1, , , 2705.4769999999998618, 1, , , 2705.4769999999998618, 1
, , 2705.4819999999999709, 1, , , 2705.4819999999999709, 1, , , 2705.4819999999999709, 1, , , 2705.4819999999999709, 1
, , 2705.4859999999998763, 1, , , 2705.4859999999998763, 1, , , 2705.4859999999998763, 1, , , 2705.4859999999998763, 1
, , 2705.4909999999999854, 1, , , 2705.4909999999999854, 1, , , 2705.4909999999999854, 1, , , 2705.4909999999999854, 1
, , 2705.4969999999998436, 1, , , 2705.4969999999998436, 1, , , 2705.4969999999998436, 1, , , 2705.4969999999998436, 1
, , 2705.5019999999999527, 1, , , 2705.5019999999999527, 1, , , 2705.5019999999999527, 1, , , 2705.5019999999999527, 1
, , 2705.5070000000000618, 1, , , 2705.5070000000000618, 1, , , 2705.5070000000000618, 1, , , 2705.5070000000000618, 1
, , 2705.512000000000171, 1, , , 2705.512000000000171, 1, , , 2705.512000000000171, 1, , , 2705.512000000000171, 1
, , 2705.5169999999998254, 1, , , 2705.5169999999998254, 1, , , 2705.5169999999998254, 1, , , 2705.5169999999998254, 1
, , 2705.5219999999999345, 1, , , 2705.5219999999999345, 1, , , 2705.5219999999999345, 1, , , 2705.5219999999999345, 1
, , 2705.5270000000000437, 1, , , 2705.5270000000000437, 1, , , 2705.5270000000000437, 1, , , 2705.5270000000000437, 1
, , 2705.5320000000001528, 1, , , 2705.5320000000001528, 1, , , 2705.5320000000001528, 1, , , 2705.5320000000001528, 1
, , 2705.5369999999998072, 1, , , 2705.5369999999998072, 1, , , 2705.5369999999998072, 1, , , 2705.5369999999998072, 1
, , 2705.5419999999999163, 1, , , 2705.5419999999999163, 1, , , 2705.5419999999999163, 1, , , 2705.5419999999999163, 1
, , 2705.5479999999997744, 1, , , 2705.5479999999997744, 1, , , 2705.5479999999997744, 1, , , 2705.5479999999997744, 1
, , 2705.5520000000001346, 1, , , 2705.5520000000001346, 1, , , 2705.5520000000001346, 1, , , 2705.5520000000001346, 1
, , 2705.556999999999789, 1, , , 2705.556999999999789, 1, , , 2705.556999999999789, 1, , , 2705.556999999999789, 1
, , 2705.5619999999998981, 1, , , 2705.5619999999998981, 1, , , 2705.5619999999998981, 1, , , 2705.5619999999998981, 1
, , 2705.5659999999998035, 1, , , 2705.5659999999998035, 1, , , 2705.5659999999998035, 1, , , 2705.5659999999998035, 1
, , 2705.5720000000001164, 1, , , 2705.5720000000001164, 1, , , 2705.5720000000001164, 1, , , 2705.5720000000001164, 1
, , 2705.5770000000002256, 1, , , 2705.5770000000002256, 1, , , 2705.5770000000002256, 1, , , 2705.5770000000002256, 1
, , 2705.5819999999998799, 1, , , 2705.5819999999998799, 1, , , 2705.5819999999998799, 1, , , 2705.5819999999998799, 1
, , 2705.5869999999999891, 1, , , 2705.5869999999999891, 1, , , 2705.5869999999999891, 1, , , 2705.5869999999999891, 1
, , 2705.5920000000000982, 1, , , 2705.5920000000000982, 1, , , 2705.5920000000000982, 1, , , 2705.5920000000000982, 1
, , 2705.5970000000002074, 1, , , 2705.5970000000002074, 1, , , 2705.5970000000002074, 1, , , 2705.5970000000002074, 1
, , 2705.6019999999998618, 1, , , 2705.6019999999998618, 1, , , 2705.6019999999998618, 1, , , 2705.6019999999998618, 1
, , 2705.6069999999999709, 1, , , 2705.6069999999999709, 1, , , 2705.6069999999999709, 1, , , 2705.6069999999999709, 1
, , 2705.61200000000008, 1, , , 2705.61200000000008, 1, , , 2705.61200000000008, 1, , , 2705.61200000000008, 1
, , 2705.6179999999999382, 1, , , 2705.6179999999999382, 1, , , 2705.6179999999999382, 1, , , 2705.6179999999999382, 1
, , 2705.6219999999998436, 1, , , 2705.6219999999998436, 1, , , 2705.6219999999998436, 1, , , 2705.6219999999998436, 1
, , 2705.6269999999999527, 1, , , 2705.6269999999999527, 1, , , 2705.6269999999999527, 1, , , 2705.6269999999999527, 1
, , 2705.6329999999998108, 1, , , 2705.6329999999998108, 1, , , 2705.6329999999998108, 1, , , 2705.6329999999998108, 1
, , 2705.637000000000171, 1, , , 2705.637000000000171, 1, , , 2705.637000000000171, 1, , , 2705.637000000000171, 1
, , 2705.6419999999998254, 1, , , 2705.6419999999998254, 1, , , 2705.6419999999998254, 1, , , 2705.6419999999998254, 1
, , 2705.6469999999999345, 1, , , 2705.6469999999999345, 1, , , 2705.6469999999999345, 1, , , 2705.6469999999999345, 1
, , 2705.6520000000000437, 1, , , 2705.6520000000000437, 1, , , 2705.6520000000000437, 1, , , 2705.6520000000000437, 1
, , 2705.6570000000001528, 1, , , 2705.6570000000001528, 1, , , 2705.6570000000001528, 1, , , 2705.6570000000001528, 1
, , 2705.6619999999998072, 1, , , 2705.6619999999998072, 1, , , 2705.6619999999998072, 1, , , 2705.6619999999998072, 1
, , 2705.6669999999999163, 1, , , 2705.6669999999999163, 1, , , 2705.6669999999999163, 1, , , 2705.6669999999999163, 1
, , 2705.6720000000000255, 1, , , 2705.6720000000000255, 1, , , 2705.6720000000000255, 1, , , 2705.6720000000000255, 1
, , 2705.6759999999999309, 1, , , 2705.6759999999999309, 1, , , 2705.6759999999999309, 1, , , 2705.6759999999999309, 1
, , 2705.681999999999789, 1, , , 2705.681999999999789, 1, , , 2705.681999999999789, 1, , , 2705.681999999999789, 1
, , 2705.6880000000001019, 1, , , 2705.6880000000001019, 1, , , 2705.6880000000001019, 1, , , 2705.6880000000001019, 1
, , 2705.6920000000000073, 1, , , 2705.6920000000000073, 1, , , 2705.6920000000000073, 1, , , 2705.6920000000000073, 1
, , 2705.6979999999998654, 1, , , 2705.6979999999998654, 1, , , 2705.6979999999998654, 1, , , 2705.6979999999998654, 1
, , 2705.7020000000002256, 1, , , 2705.7020000000002256, 1, , , 2705.7020000000002256, 1, , , 2705.7020000000002256, 1
, , 2705.7069999999998799, 1, , , 2705.7069999999998799, 1, , , 2705.7069999999998799, 1, , , 2705.7069999999998799, 1
, , 2705.7109999999997854, 1, , , 2705.7109999999997854, 1, , , 2705.7109999999997854, 1, , , 2705.7109999999997854, 1
, , 2705.7170000000000982, 1, , , 2705.7170000000000982, 1, , , 2705.7170000000000982, 1, , , 2705.7170000000000982, 1
, , 2705.7220000000002074, 1, , , 2705.7220000000002074, 1, , , 2705.7220000000002074, 1, , , 2705.7220000000002074, 1
, , 2705.7269999999998618, 1, , , 2705.7269999999998618, 1, , , 2705.7269999999998618, 1, , , 2705.7269999999998618, 1
, , 2705.7319999999999709, 1, , , 2705.7319999999999709, 1, , , 2705.7319999999999709, 1, , , 2705.7319999999999709, 1
, , 2705.73700000000008, 1, , , 2705.73700000000008, 1, , , 2705.73700000000008, 1, , , 2705.73700000000008, 1
, , 2705.7420000000001892, 1, , , 2705.7420000000001892, 1, , , 2705.7420000000001892, 1, , , 2705.7420000000001892, 1
, , 2705.7480000000000473, 1, , , 2705.7480000000000473, 1, , , 2705.7480000000000473, 1, , , 2705.7480000000000473, 1
, , 2705.7519999999999527, 1, , , 2705.7519999999999527, 1, , , 2705.7519999999999527, 1, , , 2705.7519999999999527, 1
, , 2705.7570000000000618, 1, , , 2705.7570000000000618, 1, , , 2705.7570000000000618, 1, , , 2705.7570000000000618, 1
, , 2705.762000000000171, 1, , , 2705.762000000000171, 1, , , 2705.762000000000171, 1, , , 2705.762000000000171, 1
, , 2705.7669999999998254, 1, , , 2705.7669999999998254, 1, , , 2705.7669999999998254, 1, , , 2705.7669999999998254, 1
, , 2705.7730000000001382, 1, , , 2705.7730000000001382, 1, , , 2705.7730000000001382, 1, , , 2705.7730000000001382, 1
, , 2705.7770000000000437, 1, , , 2705.7770000000000437, 1, , , 2705.7770000000000437, 1, , , 2705.7770000000000437, 1
, , 2705.7829999999999018, 1, , , 2705.7829999999999018, 1, , , 2705.7829999999999018, 1, , , 2705.7829999999999018, 1
, , 2705.7869999999998072, 1, , , 2705.7869999999998072, 1, , , 2705.7869999999998072, 1, , , 2705.7869999999998072, 1
, , 2705.7919999999999163, 1, , , 2705.7919999999999163, 1, , , 2705.7919999999999163, 1, , , 2705.7919999999999163, 1
, , 2705.7970000000000255, 1, , , 2705.7970000000000255, 1, , , 2705.7970000000000255, 1, , , 2705.7970000000000255, 1
, , 2705.8020000000001346, 1, , , 2705.8020000000001346, 1, , , 2705.8020000000001346, 1, , , 2705.8020000000001346, 1
, , 2705.806999999999789, 1, , , 2705.806999999999789, 1, , , 2705.806999999999789, 1, , , 2705.806999999999789, 1
, , 2705.8119999999998981, 1, , , 2705.8119999999998981, 1, , , 2705.8119999999998981, 1, , , 2705.8119999999998981, 1
, , 2705.8170000000000073, 1, , , 2705.8170000000000073, 1, , , 2705.8170000000000073, 1, , , 2705.8170000000000073, 1
, , 2705.8229999999998654, 1, , , 2705.8229999999998654, 1, , , 2705.8229999999998654, 1, , , 2705.8229999999998654, 1
, , 2705.8270000000002256, 1, , , 2705.8270000000002256, 1, , , 2705.8270000000002256, 1, , , 2705.8270000000002256, 1
, , 2705.8319999999998799, 1, , , 2705.8319999999998799, 1, , , 2705.8319999999998799, 1, , , 2705.8319999999998799, 1
, , 2705.8369999999999891, 1, , , 2705.8369999999999891, 1, , , 2705.8369999999999891, 1, , , 2705.8369999999999891, 1
, , 2705.8420000000000982, 1, , , 2705.8420000000000982, 1, , , 2705.8420000000000982, 1, , , 2705.8420000000000982, 1
, , 2705.8470000000002074, 1, , , 2705.8470000000002074, 1, , , 2705.8470000000002074, 1, , , 2705.8470000000002074, 1
, , 2705.8519999999998618, 1, , , 2705.8519999999998618, 1, , , 2705.8519999999998618, 1, , , 2705.8519999999998618, 1
, , 2705.8569999999999709, 1, , , 2705.8569999999999709, 1, , , 2705.8569999999999709, 1, , , 2705.8569999999999709, 1
, , 2705.862999999999829, 1, , , 2705.862999999999829, 1, , , 2705.862999999999829, 1, , , 2705.862999999999829, 1
, , 2705.8670000000001892, 1, , , 2705.8670000000001892, 1, , , 2705.8670000000001892, 1, , , 2705.8670000000001892, 1
, , 2705.8730000000000473, 1, , , 2705.8730000000000473, 1, , , 2705.8730000000000473, 1, , , 2705.8730000000000473, 1
, , 2705.8769999999999527, 1, , , 2705.8769999999999527, 1, , , 2705.8769999999999527, 1, , , 2705.8769999999999527, 1
, , 2705.8820000000000618, 1, , , 2705.8820000000000618, 1, , , 2705.8820000000000618, 1, , , 2705.8820000000000618, 1
, , 2705.887000000000171, 1, , , 2705.887000000000171, 1, , , 2705.887000000000171, 1, , , 2705.887000000000171, 1
, , 2705.8919999999998254, 1, , , 2705.8919999999998254, 1, , , 2705.8919999999998254, 1, , , 2705.8919999999998254, 1
, , 2705.8980000000001382, 1, , , 2705.8980000000001382, 1, , , 2705.8980000000001382, 1, , , 2705.8980000000001382, 1
, , 2705.9029999999997926, 1, , , 2705.9029999999997926, 1, , , 2705.9029999999997926, 1, , , 2705.9029999999997926, 1
, , 2705.9079999999999018, 1, , , 2705.9079999999999018, 1, , , 2705.9079999999999018, 1, , , 2705.9079999999999018, 1
, , 2705.9140000000002146, 1, , , 2705.9140000000002146, 1, , , 2705.9140000000002146, 1, , , 2705.9140000000002146, 1
, , 2705.9180000000001201, 1, , , 2705.9180000000001201, 1, , , 2705.9180000000001201, 1, , , 2705.9180000000001201, 1
, , 2705.9220000000000255, 1, , , 2705.9220000000000255, 1, , , 2705.9220000000000255, 1, , , 2705.9220000000000255, 1
, , 2705.9270000000001346, 1, , , 2705.9270000000001346, 1, , , 2705.9270000000001346, 1, , , 2705.9270000000001346, 1
, , 2705.931999999999789, 1, , , 2705.931999999999789, 1, , , 2705.931999999999789, 1, , , 2705.931999999999789, 1
, , 2705.9380000000001019, 1, , , 2705.9380000000001019, 1, , , 2705.9380000000001019, 1, , , 2705.9380000000001019, 1
, , 2705.9420000000000073, 1, , , 2705.9420000000000073, 1, , , 2705.9420000000000073, 1, , , 2705.9420000000000073, 1
, , 2705.9479999999998654, 1, , , 2705.9479999999998654, 1, , , 2705.9479999999998654, 1, , , 2705.9479999999998654, 1
, , 2705.9520000000002256, 1, , , 2705.9520000000002256, 1, , , 2705.9520000000002256, 1, , , 2705.9520000000002256, 1
, , 2705.9600000000000364, 1, , , 2705.9600000000000364, 1, , , 2705.9600000000000364, 1, , , 2705.9600000000000364, 1
, , 2705.9630000000001928, 1, , , 2705.9630000000001928, 1, , , 2705.9630000000001928, 1, , , 2705.9630000000001928, 1
, , 2705.9690000000000509, 1, , , 2705.9690000000000509, 1, , , 2705.9690000000000509, 1, , , 2705.9690000000000509, 1
, , 2705.9720000000002074, 1, , , 2705.9720000000002074, 1, , , 2705.9720000000002074, 1, , , 2705.9720000000002074, 1
, , 2705.9769999999998618, 1, , , 2705.9769999999998618, 1, , , 2705.9769999999998618, 1, , , 2705.9769999999998618, 1
, , 2705.9819999999999709, 1, , , 2705.9819999999999709, 1, , , 2705.9819999999999709, 1, , , 2705.9819999999999709, 1
, , 2705.98700000000008, 1, , , 2705.98700000000008, 1, , , 2705.98700000000008, 1, , , 2705.98700000000008, 1
, , 2705.9929999999999382, 1, , , 2705.9929999999999382, 1, , , 2705.9929999999999382, 1, , , 2705.9929999999999382, 1
, , 2705.9969999999998436, 1, , , 2705.9969999999998436, 1, , , 2705.9969999999998436, 1, , , 2705.9969999999998436, 1
, , 2706.0030000000001564, 1, , , 2706.0030000000001564, 1, , , 2706.0030000000001564, 1, , , 2706.0030000000001564, 1
, , 2706.0079999999998108, 1, , , 2706.0079999999998108, 1, , , 2706.0079999999998108, 1, , , 2706.0079999999998108, 1
, , 2706.012000000000171, 1, , , 2706.012000000000171, 1, , , 2706.012000000000171, 1, , , 2706.012000000000171, 1
, , 2706.0180000000000291, 1, , , 2706.0180000000000291, 1, , , 2706.0180000000000291, 1, , , 2706.0180000000000291, 1
, , 2706.0219999999999345, 1, , , 2706.0219999999999345, 1, , , 2706.0219999999999345, 1, , , 2706.0219999999999345, 1
, , 2706.0270000000000437, 1, , , 2706.0270000000000437, 1, , , 2706.0270000000000437, 1, , , 2706.0270000000000437, 1
, , 2706.0320000000001528, 1, , , 2706.0320000000001528, 1, , , 2706.0320000000001528, 1, , , 2706.0320000000001528, 1
, , 2706.0369999999998072, 1, , , 2706.0369999999998072, 1, , , 2706.0369999999998072, 1, , , 2706.0369999999998072, 1
, , 2706.0419999999999163, 1, , , 2706.0419999999999163, 1, , , 2706.0419999999999163, 1, , , 2706.0419999999999163, 1
, , 2706.0470000000000255, 1, , , 2706.0470000000000255, 1, , , 2706.0470000000000255, 1, , , 2706.0470000000000255, 1
, , 2706.0520000000001346, 1, , , 2706.0520000000001346, 1, , , 2706.0520000000001346, 1, , , 2706.0520000000001346, 1
, , 2706.0579999999999927, 1, , , 2706.0579999999999927, 1, , , 2706.0579999999999927, 1, , , 2706.0579999999999927, 1
, , 2706.0619999999998981, 1, , , 2706.0619999999998981, 1, , , 2706.0619999999998981, 1, , , 2706.0619999999998981, 1
, , 2706.0670000000000073, 1, , , 2706.0670000000000073, 1, , , 2706.0670000000000073, 1, , , 2706.0670000000000073, 1
, , 2706.0729999999998654, 1, , , 2706.0729999999998654, 1, , , 2706.0729999999998654, 1, , , 2706.0729999999998654, 1
, , 2706.0770000000002256, 1, , , 2706.0770000000002256, 1, , , 2706.0770000000002256, 1, , , 2706.0770000000002256, 1
, , 2706.0830000000000837, 1, , , 2706.0830000000000837, 1, , , 2706.0830000000000837, 1, , , 2706.0830000000000837, 1
, , 2706.0889999999999418, 1, , , 2706.0889999999999418, 1, , , 2706.0889999999999418, 1, , , 2706.0889999999999418, 1
, , 2706.0949999999997999, 1, , , 2706.0949999999997999, 1, , , 2706.0949999999997999, 1, , , 2706.0949999999997999, 1
, , 2706.0970000000002074, 1, , , 2706.0970000000002074, 1, , , 2706.0970000000002074, 1, , , 2706.0970000000002074, 1
, , 2706.1019999999998618, 1, , , 2706.1019999999998618, 1, , , 2706.1019999999998618, 1, , , 2706.1019999999998618, 1
, , 2706.1089999999999236, 1, , , 2706.1089999999999236, 1, , , 2706.1089999999999236, 1, , , 2706.1089999999999236, 1
, , 2706.11200000000008, 1, , , 2706.11200000000008, 1, , , 2706.11200000000008, 1, , , 2706.11200000000008, 1
, , 2706.1170000000001892, 1, , , 2706.1170000000001892, 1, , , 2706.1170000000001892, 1, , , 2706.1170000000001892, 1
, , 2706.1219999999998436, 1, , , 2706.1219999999998436, 1, , , 2706.1219999999998436, 1, , , 2706.1219999999998436, 1
, , 2706.1269999999999527, 1, , , 2706.1269999999999527, 1, , , 2706.1269999999999527, 1, , , 2706.1269999999999527, 1
, , 2706.1320000000000618, 1, , , 2706.1320000000000618, 1, , , 2706.1320000000000618, 1, , , 2706.1320000000000618, 1
, , 2706.13799999999992, 1, , , 2706.13799999999992, 1, , , 2706.13799999999992, 1, , , 2706.13799999999992, 1
, , 2706.1430000000000291, 1, , , 2706.1430000000000291, 1, , , 2706.1430000000000291, 1, , , 2706.1430000000000291, 1
, , 2706.1469999999999345, 1, , , 2706.1469999999999345, 1, , , 2706.1469999999999345, 1, , , 2706.1469999999999345, 1
, , 2706.1520000000000437, 1, , , 2706.1520000000000437, 1, , , 2706.1520000000000437, 1, , , 2706.1520000000000437, 1
, , 2706.1570000000001528, 1, , , 2706.1570000000001528, 1, , , 2706.1570000000001528, 1, , , 2706.1570000000001528, 1
, , 2706.1619999999998072, 1, , , 2706.1619999999998072, 1, , , 2706.1619999999998072, 1, , , 2706.1619999999998072, 1
, , 2706.168999999999869, 1, , , 2706.168999999999869, 1, , , 2706.168999999999869, 1, , , 2706.168999999999869, 1
, , 2706.1720000000000255, 1, , , 2706.1720000000000255, 1, , , 2706.1720000000000255, 1, , , 2706.1720000000000255, 1
, , 2706.1779999999998836, 1, , , 2706.1779999999998836, 1, , , 2706.1779999999998836, 1, , , 2706.1779999999998836, 1
, , 2706.181999999999789, 1, , , 2706.181999999999789, 1, , , 2706.181999999999789, 1, , , 2706.181999999999789, 1
, , 2706.1869999999998981, 1, , , 2706.1869999999998981, 1, , , 2706.1869999999998981, 1, , , 2706.1869999999998981, 1
, , 2706.1920000000000073, 1, , , 2706.1920000000000073, 1, , , 2706.1920000000000073, 1, , , 2706.1920000000000073, 1
, , 2706.1979999999998654, 1, , , 2706.1979999999998654, 1, , , 2706.1979999999998654, 1, , , 2706.1979999999998654, 1
, , 2706.2040000000001783, 1, , , 2706.2040000000001783, 1, , , 2706.2040000000001783, 1, , , 2706.2040000000001783, 1
, , 2706.2069999999998799, 1, , , 2706.2069999999998799, 1, , , 2706.2069999999998799, 1, , , 2706.2069999999998799, 1
, , 2706.2119999999999891, 1, , , 2706.2119999999999891, 1, , , 2706.2119999999999891, 1, , , 2706.2119999999999891, 1
, , 2706.2179999999998472, 1, , , 2706.2179999999998472, 1, , , 2706.2179999999998472, 1, , , 2706.2179999999998472, 1
, , 2706.2220000000002074, 1, , , 2706.2220000000002074, 1, , , 2706.2220000000002074, 1, , , 2706.2220000000002074, 1
, , 2706.2269999999998618, 1, , , 2706.2269999999998618, 1, , , 2706.2269999999998618, 1, , , 2706.2269999999998618, 1
, , 2706.2319999999999709, 1, , , 2706.2319999999999709, 1, , , 2706.2319999999999709, 1, , , 2706.2319999999999709, 1
, , 2706.23700000000008, 1, , , 2706.23700000000008, 1, , , 2706.23700000000008, 1, , , 2706.23700000000008, 1
, , 2706.2420000000001892, 1, , , 2706.2420000000001892, 1, , , 2706.2420000000001892, 1, , , 2706.2420000000001892, 1
, , 2706.2469999999998436, 1, , , 2706.2469999999998436, 1, , , 2706.2469999999998436, 1, , , 2706.2469999999998436, 1
, , 2706.2519999999999527, 1, , , 2706.2519999999999527, 1, , , 2706.2519999999999527, 1, , , 2706.2519999999999527, 1
, , 2706.2570000000000618, 1, , , 2706.2570000000000618, 1, , , 2706.2570000000000618, 1, , , 2706.2570000000000618, 1
, , 2706.262000000000171, 1, , , 2706.262000000000171, 1, , , 2706.262000000000171, 1, , , 2706.262000000000171, 1
, , 2706.2680000000000291, 1, , , 2706.2680000000000291, 1, , , 2706.2680000000000291, 1, , , 2706.2680000000000291, 1
, , 2706.2719999999999345, 1, , , 2706.2719999999999345, 1, , , 2706.2719999999999345, 1, , , 2706.2719999999999345, 1
, , 2706.2770000000000437, 1, , , 2706.2770000000000437, 1, , , 2706.2770000000000437, 1, , , 2706.2770000000000437, 1
, , 2706.2820000000001528, 1, , , 2706.2820000000001528, 1, , , 2706.2820000000001528, 1, , , 2706.2820000000001528, 1
, , 2706.2869999999998072, 1, , , 2706.2869999999998072, 1, , , 2706.2869999999998072, 1, , , 2706.2869999999998072, 1
, , 2706.2930000000001201, 1, , , 2706.2930000000001201, 1, , , 2706.2930000000001201, 1, , , 2706.2930000000001201, 1
, , 2706.2979999999997744, 1, , , 2706.2979999999997744, 1, , , 2706.2979999999997744, 1, , , 2706.2979999999997744, 1
, , 2706.3009999999999309, 1, , , 2706.3009999999999309, 1, , , 2706.3009999999999309, 1, , , 2706.3009999999999309, 1
, , 2706.306999999999789, 1, , , 2706.306999999999789, 1, , , 2706.306999999999789, 1, , , 2706.306999999999789, 1
